0, Original, Efficiency, 0.3186647986, 0
0, Original, Weight, 109459887.0000000000, 0
0, Original, Weight, 4704085726.0000000000, 1
0, Original, Weight, 975858306.0000000000, 2
0, Original, Weight, 1058621018.0000000000, 3
0, Original, Weight, 1181626448.0000000000, 4
0, Original, Weight, 102277105.0000000000, 5
0, Original, Weight, 97279037.0000000000, 6
0, Original, Weight, 3763004716.0000000000, 7
0, Original, UsedEfficiency, 0.3186647986, 0
0, Knapsack, Weight, 1542711584.0000000000, 0
0, Knapsack, Weight, 1542711584.0000000000, 1
0, Knapsack, Weight, 1500164916.0000000000, 2
0, Knapsack, Weight, 1484168505.0000000000, 3
0, Knapsack, Weight, 1482528641.0000000000, 4
0, Knapsack, Weight, 1480540398.0000000000, 5
0, Knapsack, Weight, 1480540398.0000000000, 6
0, Knapsack, Weight, 1478846217.0000000000, 7
0, Knapsack, Efficiency, 0.9716829419, 0
0, Knapsack, UsedEfficiency, 0.9716829419, 0
0, Knapsack, Time, 0.0000514050, 0
0, Karmarkar-Karp, Weight, 1478846217.0000000000, 0
0, Karmarkar-Karp, Weight, 1480540398.0000000000, 1
0, Karmarkar-Karp, Weight, 1480540398.0000000000, 2
0, Karmarkar-Karp, Weight, 1482528641.0000000000, 3
0, Karmarkar-Karp, Weight, 1484168505.0000000000, 4
0, Karmarkar-Karp, Weight, 1500164916.0000000000, 5
0, Karmarkar-Karp, Weight, 1542711584.0000000000, 6
0, Karmarkar-Karp, Weight, 1542711584.0000000000, 7
0, Karmarkar-Karp, Efficiency, 0.9716829419, 0
0, Karmarkar-Karp, UsedEfficiency, 0.9716829419, 0
0, Karmarkar-Karp, Time, 0.0001735230, 0
0, SFC, Weight, 881502358.0000000000, 0
0, SFC, Weight, 1881502358.0000000000, 1
0, SFC, Weight, 1000000000.0000000000, 2
0, SFC, Weight, 1542711584.0000000000, 3
0, SFC, Weight, 1661209226.0000000000, 4
0, SFC, Weight, 1500164916.0000000000, 5
0, SFC, Weight, 1496275528.0000000000, 6
0, SFC, Weight, 2028846273.0000000000, 7
0, SFC, Efficiency, 0.7388566351, 0
0, SFC, UsedEfficiency, 0.7388566351, 0
0, SFC, Time, 0.0000453740, 0
0, SFC+Knapsack, Weight, 1763004716.0000000000, 0
0, SFC+Knapsack, Weight, 1661209226.0000000000, 1
0, SFC+Knapsack, Weight, 1542711584.0000000000, 2
0, SFC+Knapsack, Weight, 1000000000.0000000000, 3
0, SFC+Knapsack, Weight, 1527731246.0000000000, 4
0, SFC+Knapsack, Weight, 1504912227.0000000000, 5
0, SFC+Knapsack, Weight, 1496359484.0000000000, 6
0, SFC+Knapsack, Weight, 1496283760.0000000000, 7
0, SFC+Knapsack, Efficiency, 0.8502680207, 0
0, SFC+Knapsack, UsedEfficiency, 0.8502680207, 0
0, SFC+Knapsack, Time, 0.0000681270, 0
0, SFC+Painter, Weight, 1846491204.0000000000, 6
0, SFC+Painter, Weight, 1811158466.0000000000, 5
0, SFC+Painter, Weight, 1763004716.0000000000, 0
0, SFC+Painter, Weight, 1661209226.0000000000, 4
0, SFC+Painter, Weight, 1542711584.0000000000, 3
0, SFC+Painter, Weight, 1367637047.0000000000, 7
0, SFC+Painter, Weight, 1000000000.0000000000, 1
0, SFC+Painter, Weight, 1000000000.0000000000, 2
0, SFC+Painter, Efficiency, 0.8118243548, 0
0, SFC+Painter, UsedEfficiency, 0.8118243548, 0
0, SFC+Painter, Time, 0.0000706620, 0
0, Painter+Knapsack, Weight, 1763004716.0000000000, 0
0, Painter+Knapsack, Weight, 1661209226.0000000000, 1
0, Painter+Knapsack, Weight, 1542711584.0000000000, 2
0, Painter+Knapsack, Weight, 1000000000.0000000000, 3
0, Painter+Knapsack, Weight, 1527731246.0000000000, 4
0, Painter+Knapsack, Weight, 1504912227.0000000000, 5
0, Painter+Knapsack, Weight, 1496359484.0000000000, 6
0, Painter+Knapsack, Weight, 1496283760.0000000000, 7
0, Painter+Knapsack, Efficiency, 0.8502680207, 0
0, Painter+Knapsack, UsedEfficiency, 0.8502680207, 0
0, Painter+Knapsack, Time, 0.0000524380, 0
1, Original, PreviousEfficiency, 0.3184924937, 0
1, Original, Efficiency, 0.3184924937, 0
1, Original, Weight, 109459328.0000000000, 0
1, Original, Weight, 4706134738.0000000000, 1
1, Original, Weight, 975760907.0000000000, 2
1, Original, Weight, 1058304355.0000000000, 3
1, Original, Weight, 1182353431.0000000000, 4
1, Original, Weight, 102276580.0000000000, 5
1, Original, Weight, 97278540.0000000000, 6
1, Original, Weight, 3759380827.0000000000, 7
1, Original, UsedEfficiency, 0.3184924937, 0
1, Knapsack, PreviousEfficiency, 0.9717151628, 0
1, Knapsack, Weight, 1541770443.0000000000, 0
1, Knapsack, Weight, 1541694384.0000000000, 1
1, Knapsack, Weight, 1499956572.0000000000, 2
1, Knapsack, Weight, 1485744102.0000000000, 3
1, Knapsack, Weight, 1482275595.0000000000, 4
1, Knapsack, Weight, 1480468408.0000000000, 5
1, Knapsack, Weight, 1480297161.0000000000, 6
1, Knapsack, Weight, 1478742041.0000000000, 7
1, Knapsack, Efficiency, 0.9721736430, 0
1, Knapsack, UsedEfficiency, 0.9717151628, 0
1, Knapsack, Time, 0.0000265900, 0
1, Karmarkar-Karp, PreviousEfficiency, 0.9716299250, 0
1, Karmarkar-Karp, Weight, 1478742041.0000000000, 0
1, Karmarkar-Karp, Weight, 1480297161.0000000000, 1
1, Karmarkar-Karp, Weight, 1480468408.0000000000, 2
1, Karmarkar-Karp, Weight, 1482275595.0000000000, 3
1, Karmarkar-Karp, Weight, 1485744102.0000000000, 4
1, Karmarkar-Karp, Weight, 1499956572.0000000000, 5
1, Karmarkar-Karp, Weight, 1541694384.0000000000, 6
1, Karmarkar-Karp, Weight, 1541770443.0000000000, 7
1, Karmarkar-Karp, Efficiency, 0.9721736430, 0
1, Karmarkar-Karp, UsedEfficiency, 0.9716299250, 0
1, Karmarkar-Karp, Time, 0.0001360930, 0
1, SFC, PreviousEfficiency, 0.7386215348, 0
1, SFC, Weight, 879734974.0000000000, 0
1, SFC, Weight, 1879648652.0000000000, 1
1, SFC, Weight, 999997201.0000000000, 2
1, SFC, Weight, 1543174944.0000000000, 3
1, SFC, Weight, 1662762917.0000000000, 4
1, SFC, Weight, 1500196877.0000000000, 5
1, SFC, Weight, 1496154928.0000000000, 6
1, SFC, Weight, 2029278213.0000000000, 7
1, SFC, Efficiency, 0.7386215348, 0
1, SFC, UsedEfficiency, 0.7386215348, 0
1, SFC, Time, 0.0000319690, 0
1, SFC+Knapsack, PreviousEfficiency, 0.8511415532, 0
1, SFC+Knapsack, Weight, 1759605266.0000000000, 0
1, SFC+Knapsack, Weight, 1661678511.0000000000, 1
1, SFC+Knapsack, Weight, 1544037709.0000000000, 2
1, SFC+Knapsack, Weight, 999997201.0000000000, 3
1, SFC+Knapsack, Weight, 1527617484.0000000000, 4
1, SFC+Knapsack, Weight, 1504842913.0000000000, 5
1, SFC+Knapsack, Weight, 1496891208.0000000000, 6
1, SFC+Knapsack, Weight, 1496278414.0000000000, 7
1, SFC+Knapsack, Efficiency, 0.8518209267, 0
1, SFC+Knapsack, UsedEfficiency, 0.8511415532, 0
1, SFC+Knapsack, Time, 0.0000330910, 0
1, SFC+Painter, PreviousEfficiency, 0.8114321269, 0
1, SFC+Painter, Weight, 1847189110.0000000000, 6
1, SFC+Painter, Weight, 1811122105.0000000000, 5
1, SFC+Painter, Weight, 1759605266.0000000000, 0
1, SFC+Painter, Weight, 1662762917.0000000000, 4
1, SFC+Painter, Weight, 1543174944.0000000000, 3
1, SFC+Painter, Weight, 1367318803.0000000000, 7
1, SFC+Painter, Weight, 999997201.0000000000, 2
1, SFC+Painter, Weight, 999778360.0000000000, 1
1, SFC+Painter, Efficiency, 0.8114321269, 0
1, SFC+Painter, UsedEfficiency, 0.8114321269, 0
1, SFC+Painter, Time, 0.0000456750, 0
1, Painter+Knapsack, PreviousEfficiency, 0.8511415532, 0
1, Painter+Knapsack, Weight, 1759605266.0000000000, 0
1, Painter+Knapsack, Weight, 1661678511.0000000000, 1
1, Painter+Knapsack, Weight, 1544037709.0000000000, 2
1, Painter+Knapsack, Weight, 999997201.0000000000, 3
1, Painter+Knapsack, Weight, 1527617484.0000000000, 4
1, Painter+Knapsack, Weight, 1504842913.0000000000, 5
1, Painter+Knapsack, Weight, 1496891208.0000000000, 6
1, Painter+Knapsack, Weight, 1496278414.0000000000, 7
1, Painter+Knapsack, Efficiency, 0.8518209267, 0
1, Painter+Knapsack, UsedEfficiency, 0.8511415532, 0
1, Painter+Knapsack, Time, 0.0000383410, 0
2, Original, PreviousEfficiency, 0.3178943502, 0
2, Original, Efficiency, 0.9735981106, 0
2, Original, Weight, 1535657278.0000000000, 0
2, Original, Weight, 1539323367.0000000000, 1
2, Original, Weight, 1531389506.0000000000, 2
2, Original, Weight, 1524166861.0000000000, 3
2, Original, Weight, 1501725542.0000000000, 4
2, Original, Weight, 1510158435.0000000000, 5
2, Original, Weight, 1423645242.0000000000, 6
2, Original, Weight, 1423392343.0000000000, 7
2, Original, UsedEfficiency, 0.9735981106, 0
2, Knapsack, PreviousEfficiency, 0.9703069001, 0
2, Knapsack, Weight, 1538825503.0000000000, 0
2, Knapsack, Weight, 1536155142.0000000000, 1
2, Knapsack, Weight, 1499779964.0000000000, 2
2, Knapsack, Weight, 1490866198.0000000000, 3
2, Knapsack, Weight, 1481802116.0000000000, 4
2, Knapsack, Weight, 1481583781.0000000000, 5
2, Knapsack, Weight, 1480339819.0000000000, 6
2, Knapsack, Weight, 1480106051.0000000000, 7
2, Knapsack, Efficiency, 0.9739131037, 0
2, Knapsack, UsedEfficiency, 0.9703069001, 0
2, Knapsack, Time, 0.0000231330, 0
2, Karmarkar-Karp, PreviousEfficiency, 0.9706197669, 0
2, Karmarkar-Karp, Weight, 1480106051.0000000000, 0
2, Karmarkar-Karp, Weight, 1480339819.0000000000, 1
2, Karmarkar-Karp, Weight, 1481583781.0000000000, 2
2, Karmarkar-Karp, Weight, 1481802116.0000000000, 3
2, Karmarkar-Karp, Weight, 1490866198.0000000000, 4
2, Karmarkar-Karp, Weight, 1499779964.0000000000, 5
2, Karmarkar-Karp, Weight, 1536155142.0000000000, 6
2, Karmarkar-Karp, Weight, 1538825503.0000000000, 7
2, Karmarkar-Karp, Efficiency, 0.9739131037, 0
2, Karmarkar-Karp, UsedEfficiency, 0.9706197669, 0
2, Karmarkar-Karp, Time, 0.0001514930, 0
2, SFC, PreviousEfficiency, 0.7371981607, 0
2, SFC, Weight, 873481883.0000000000, 0
2, SFC, Weight, 1872593940.0000000000, 1
2, SFC, Weight, 1000000001.0000000000, 2
2, SFC, Weight, 1543255420.0000000000, 3
2, SFC, Weight, 1671043627.0000000000, 4
2, SFC, Weight, 1500104719.0000000000, 5
2, SFC, Weight, 1496035331.0000000000, 6
2, SFC, Weight, 2032943653.0000000000, 7
2, SFC, Efficiency, 0.7371981607, 0
2, SFC, UsedEfficiency, 0.7371981607, 0
2, SFC, Time, 0.0000284640, 0
2, SFC+Knapsack, PreviousEfficiency, 0.8544057025, 0
2, SFC+Knapsack, Weight, 1746465902.0000000000, 0
2, SFC+Knapsack, Weight, 1662283180.0000000000, 1
2, SFC+Knapsack, Weight, 1551644918.0000000000, 2
2, SFC+Knapsack, Weight, 1000000001.0000000000, 3
2, SFC+Knapsack, Weight, 1527493929.0000000000, 4
2, SFC+Knapsack, Weight, 1504710989.0000000000, 5
2, SFC+Knapsack, Weight, 1500637386.0000000000, 6
2, SFC+Knapsack, Weight, 1496222269.0000000000, 7
2, SFC+Knapsack, Efficiency, 0.8581228640, 0
2, SFC+Knapsack, UsedEfficiency, 0.8544057025, 0
2, SFC+Knapsack, Time, 0.0000300860, 0
2, SFC+Painter, PreviousEfficiency, 0.8096345988, 0
2, SFC+Painter, Weight, 1851060125.0000000000, 6
2, SFC+Painter, Weight, 1810921409.0000000000, 5
2, SFC+Painter, Weight, 1746465902.0000000000, 0
2, SFC+Painter, Weight, 1671043627.0000000000, 4
2, SFC+Painter, Weight, 1543255420.0000000000, 3
2, SFC+Painter, Weight, 1367102169.0000000000, 7
2, SFC+Painter, Weight, 1000000001.0000000000, 2
2, SFC+Painter, Weight, 999609921.0000000000, 1
2, SFC+Painter, Efficiency, 0.8096345988, 0
2, SFC+Painter, UsedEfficiency, 0.8096345988, 0
2, SFC+Painter, Time, 0.0000393130, 0
2, Painter+Knapsack, PreviousEfficiency, 0.8544057025, 0
2, Painter+Knapsack, Weight, 1746465902.0000000000, 0
2, Painter+Knapsack, Weight, 1662283180.0000000000, 1
2, Painter+Knapsack, Weight, 1551644918.0000000000, 2
2, Painter+Knapsack, Weight, 1000000001.0000000000, 3
2, Painter+Knapsack, Weight, 1527493929.0000000000, 4
2, Painter+Knapsack, Weight, 1504710989.0000000000, 5
2, Painter+Knapsack, Weight, 1500637386.0000000000, 6
2, Painter+Knapsack, Weight, 1496222269.0000000000, 7
2, Painter+Knapsack, Efficiency, 0.8581228640, 0
2, Painter+Knapsack, UsedEfficiency, 0.8544057025, 0
2, Painter+Knapsack, Time, 0.0000382310, 0
3, Original, PreviousEfficiency, 0.9731950890, 0
3, Original, Efficiency, 0.9731950890, 0
3, Original, Weight, 1529928636.0000000000, 0
3, Original, Weight, 1539756069.0000000000, 1
3, Original, Weight, 1531280597.0000000000, 2
3, Original, Weight, 1524071115.0000000000, 3
3, Original, Weight, 1497444271.0000000000, 4
3, Original, Weight, 1518545584.0000000000, 5
3, Original, Weight, 1423516794.0000000000, 6
3, Original, Weight, 1423321291.0000000000, 7
3, Original, UsedEfficiency, 0.9731950890, 0
3, Knapsack, PreviousEfficiency, 0.9677874728, 0
3, Knapsack, Weight, 1536542626.0000000000, 0
3, Knapsack, Weight, 1533142079.0000000000, 1
3, Knapsack, Weight, 1499678016.0000000000, 2
3, Knapsack, Weight, 1490749439.0000000000, 3
3, Knapsack, Weight, 1486215613.0000000000, 4
3, Knapsack, Weight, 1481272617.0000000000, 5
3, Knapsack, Weight, 1480229735.0000000000, 6
3, Knapsack, Weight, 1480034232.0000000000, 7
3, Knapsack, Efficiency, 0.9752303771, 0
3, Knapsack, UsedEfficiency, 0.9677874728, 0
3, Knapsack, Time, 0.0000241850, 0
3, Karmarkar-Karp, PreviousEfficiency, 0.9719392191, 0
3, Karmarkar-Karp, Weight, 1480034232.0000000000, 0
3, Karmarkar-Karp, Weight, 1480229735.0000000000, 1
3, Karmarkar-Karp, Weight, 1481272617.0000000000, 2
3, Karmarkar-Karp, Weight, 1486215613.0000000000, 3
3, Karmarkar-Karp, Weight, 1490749439.0000000000, 4
3, Karmarkar-Karp, Weight, 1499678016.0000000000, 5
3, Karmarkar-Karp, Weight, 1533142079.0000000000, 6
3, Karmarkar-Karp, Weight, 1536542626.0000000000, 7
3, Karmarkar-Karp, Efficiency, 0.9752303771, 0
3, Karmarkar-Karp, UsedEfficiency, 0.9719392191, 0
3, Karmarkar-Karp, Time, 0.0001485770, 0
3, SFC, PreviousEfficiency, 0.7353455493, 0
3, SFC, Weight, 868872699.0000000000, 0
3, SFC, Weight, 1861786982.0000000000, 1
3, SFC, Weight, 999980870.0000000000, 2
3, SFC, Weight, 1543967558.0000000000, 3
3, SFC, Weight, 1679486923.0000000000, 4
3, SFC, Weight, 1500039627.0000000000, 5
3, SFC, Weight, 1495935295.0000000000, 6
3, SFC, Weight, 2037794403.0000000000, 7
3, SFC, Efficiency, 0.7353455493, 0
3, SFC, UsedEfficiency, 0.7353455493, 0
3, SFC, Time, 0.0000311980, 0
3, SFC+Knapsack, PreviousEfficiency, 0.8586457258, 0
3, SFC+Knapsack, Weight, 1731131408.0000000000, 0
3, SFC+Knapsack, Weight, 1667198200.0000000000, 1
3, SFC+Knapsack, Weight, 1555784553.0000000000, 2
3, SFC+Knapsack, Weight, 999980870.0000000000, 3
3, SFC+Knapsack, Weight, 1527349611.0000000000, 4
3, SFC+Knapsack, Weight, 1505611985.0000000000, 5
3, SFC+Knapsack, Weight, 1504619705.0000000000, 6
3, SFC+Knapsack, Weight, 1496188025.0000000000, 7
3, SFC+Knapsack, Efficiency, 0.8656090680, 0
3, SFC+Knapsack, UsedEfficiency, 0.8586457258, 0
3, SFC+Knapsack, Time, 0.0000324300, 0
3, SFC+Painter, PreviousEfficiency, 0.8073245844, 0
3, SFC+Painter, Weight, 1856109765.0000000000, 6
3, SFC+Painter, Weight, 1810748527.0000000000, 5
3, SFC+Painter, Weight, 1731131408.0000000000, 0
3, SFC+Painter, Weight, 1679486923.0000000000, 4
3, SFC+Painter, Weight, 1543967558.0000000000, 3
3, SFC+Painter, Weight, 1366911033.0000000000, 7
3, SFC+Painter, Weight, 999980870.0000000000, 2
3, SFC+Painter, Weight, 999528273.0000000000, 1
3, SFC+Painter, Efficiency, 0.8073245844, 0
3, SFC+Painter, UsedEfficiency, 0.8073245844, 0
3, SFC+Painter, Time, 0.0000367980, 0
3, Painter+Knapsack, PreviousEfficiency, 0.8586457258, 0
3, Painter+Knapsack, Weight, 1731131408.0000000000, 0
3, Painter+Knapsack, Weight, 1667198200.0000000000, 1
3, Painter+Knapsack, Weight, 1555784553.0000000000, 2
3, Painter+Knapsack, Weight, 999980870.0000000000, 3
3, Painter+Knapsack, Weight, 1527349611.0000000000, 4
3, Painter+Knapsack, Weight, 1505611985.0000000000, 5
3, Painter+Knapsack, Weight, 1504619705.0000000000, 6
3, Painter+Knapsack, Weight, 1496188025.0000000000, 7
3, Painter+Knapsack, Efficiency, 0.8656090680, 0
3, Painter+Knapsack, UsedEfficiency, 0.8586457258, 0
3, Painter+Knapsack, Time, 0.0000361870, 0
4, Original, PreviousEfficiency, 0.9731499685, 0
4, Original, Efficiency, 0.9731499685, 0
4, Original, Weight, 1522221482.0000000000, 0
4, Original, Weight, 1538043011.0000000000, 1
4, Original, Weight, 1531193999.0000000000, 2
4, Original, Weight, 1524031547.0000000000, 3
4, Original, Weight, 1479001572.0000000000, 4
4, Original, Weight, 1532779752.0000000000, 5
4, Original, Weight, 1423469333.0000000000, 6
4, Original, Weight, 1423231366.0000000000, 7
4, Original, UsedEfficiency, 0.9731499685, 0
4, Knapsack, PreviousEfficiency, 0.9624808971, 0
4, Knapsack, Weight, 1534491706.0000000000, 0
4, Knapsack, Weight, 1522221482.0000000000, 1
4, Knapsack, Weight, 1499598922.0000000000, 2
4, Knapsack, Weight, 1490689355.0000000000, 3
4, Knapsack, Weight, 1484327400.0000000000, 4
4, Knapsack, Weight, 1482563005.0000000000, 5
4, Knapsack, Weight, 1480135118.0000000000, 6
4, Knapsack, Weight, 1479945074.0000000000, 7
4, Knapsack, Efficiency, 0.9754021491, 0
4, Knapsack, UsedEfficiency, 0.9624808971, 0
4, Knapsack, Time, 0.0000248660, 0
4, Karmarkar-Karp, PreviousEfficiency, 0.9626204025, 0
4, Karmarkar-Karp, Weight, 1479945074.0000000000, 0
4, Karmarkar-Karp, Weight, 1480135118.0000000000, 1
4, Karmarkar-Karp, Weight, 1482563005.0000000000, 2
4, Karmarkar-Karp, Weight, 1484327400.0000000000, 3
4, Karmarkar-Karp, Weight, 1490689355.0000000000, 4
4, Karmarkar-Karp, Weight, 1499598922.0000000000, 5
4, Karmarkar-Karp, Weight, 1522221482.0000000000, 6
4, Karmarkar-Karp, Weight, 1534491706.0000000000, 7
4, Karmarkar-Karp, Efficiency, 0.9754021491, 0
4, Karmarkar-Karp, UsedEfficiency, 0.9626204025, 0
4, Karmarkar-Karp, Time, 0.0001471140, 0
4, SFC, PreviousEfficiency, 0.7324777315, 0
4, SFC, Weight, 861382900.0000000000, 0
4, SFC, Weight, 1860610675.0000000000, 1
4, SFC, Weight, 1000000001.0000000000, 2
4, SFC, Weight, 1518895545.0000000000, 3
4, SFC, Weight, 1693671477.0000000000, 4
4, SFC, Weight, 1500100053.0000000000, 5
4, SFC, Weight, 1495909348.0000000000, 6
4, SFC, Weight, 2043402063.0000000000, 7
4, SFC, Efficiency, 0.7324777315, 0
4, SFC, UsedEfficiency, 0.7324777315, 0
4, SFC, Time, 0.0000297550, 0
4, SFC+Knapsack, PreviousEfficiency, 0.8705990510, 0
4, SFC+Knapsack, Weight, 1718989127.0000000000, 0
4, SFC+Knapsack, Weight, 1660517093.0000000000, 1
4, SFC+Knapsack, Weight, 1555092171.0000000000, 2
4, SFC+Knapsack, Weight, 1000000001.0000000000, 3
4, SFC+Knapsack, Weight, 1527311488.0000000000, 4
4, SFC+Knapsack, Weight, 1508436247.0000000000, 5
4, SFC+Knapsack, Weight, 1507319548.0000000000, 6
4, SFC+Knapsack, Weight, 1496306387.0000000000, 7
4, SFC+Knapsack, Efficiency, 0.8707131908, 0
4, SFC+Knapsack, UsedEfficiency, 0.8705990510, 0
4, SFC+Knapsack, Time, 0.0000292340, 0
4, SFC+Painter, PreviousEfficiency, 0.8038688729, 0
4, SFC+Painter, Weight, 1857831596.0000000000, 2
4, SFC+Painter, Weight, 1749986569.0000000000, 4
4, SFC+Painter, Weight, 1725531972.0000000000, 5
4, SFC+Painter, Weight, 1722540432.0000000000, 0
4, SFC+Painter, Weight, 1366741952.0000000000, 7
4, SFC+Painter, Weight, 1354773221.0000000000, 3
4, SFC+Painter, Weight, 1197113177.0000000000, 6
4, SFC+Painter, Weight, 999453143.0000000000, 1
4, SFC+Painter, Efficiency, 0.8056416475, 0
4, SFC+Painter, UsedEfficiency, 0.8038688729, 0
4, SFC+Painter, Time, 0.0000407260, 0
4, Painter+Knapsack, PreviousEfficiency, 0.8705990510, 0
4, Painter+Knapsack, Weight, 1718989127.0000000000, 0
4, Painter+Knapsack, Weight, 1660517093.0000000000, 1
4, Painter+Knapsack, Weight, 1555092171.0000000000, 2
4, Painter+Knapsack, Weight, 1000000001.0000000000, 3
4, Painter+Knapsack, Weight, 1527311488.0000000000, 4
4, Painter+Knapsack, Weight, 1508436247.0000000000, 5
4, Painter+Knapsack, Weight, 1507319548.0000000000, 6
4, Painter+Knapsack, Weight, 1496306387.0000000000, 7
4, Painter+Knapsack, Efficiency, 0.8707131908, 0
4, Painter+Knapsack, UsedEfficiency, 0.8705990510, 0
4, Painter+Knapsack, Time, 0.0000373590, 0
5, Original, PreviousEfficiency, 0.9613547067, 0
5, Original, Efficiency, 0.9613547067, 0
5, Original, Weight, 1472734333.0000000000, 0
5, Original, Weight, 1546337354.0000000000, 1
5, Original, Weight, 1531122861.0000000000, 2
5, Original, Weight, 1523932982.0000000000, 3
5, Original, Weight, 1435514060.0000000000, 4
5, Original, Weight, 1536471679.0000000000, 5
5, Original, Weight, 1423324628.0000000000, 6
5, Original, Weight, 1423191650.0000000000, 7
5, Original, UsedEfficiency, 0.9613547067, 0
5, Knapsack, PreviousEfficiency, 0.9525973140, 0
5, Knapsack, Weight, 1499503510.0000000000, 0
5, Knapsack, Weight, 1497575382.0000000000, 1
5, Knapsack, Weight, 1488017226.0000000000, 2
5, Knapsack, Weight, 1484924806.0000000000, 3
5, Knapsack, Weight, 1483863308.0000000000, 4
5, Knapsack, Weight, 1480317263.0000000000, 5
5, Knapsack, Weight, 1480037517.0000000000, 6
5, Knapsack, Weight, 1478390535.0000000000, 7
5, Knapsack, Efficiency, 0.9913806026, 0
5, Knapsack, UsedEfficiency, 0.9525973140, 0
5, Knapsack, Time, 0.0000244360, 0
5, Karmarkar-Karp, PreviousEfficiency, 0.9670758833, 0
5, Karmarkar-Karp, Weight, 1478390535.0000000000, 0
5, Karmarkar-Karp, Weight, 1480037517.0000000000, 1
5, Karmarkar-Karp, Weight, 1480317263.0000000000, 2
5, Karmarkar-Karp, Weight, 1483863308.0000000000, 3
5, Karmarkar-Karp, Weight, 1484924806.0000000000, 4
5, Karmarkar-Karp, Weight, 1488017226.0000000000, 5
5, Karmarkar-Karp, Weight, 1497575382.0000000000, 6
5, Karmarkar-Karp, Weight, 1499503510.0000000000, 7
5, Karmarkar-Karp, Efficiency, 0.9913806026, 0
5, Karmarkar-Karp, UsedEfficiency, 0.9670758833, 0
5, Karmarkar-Karp, Time, 0.0001489270, 0
5, SFC, PreviousEfficiency, 0.7252380753, 0
5, SFC, Weight, 863125305.0000000000, 0
5, SFC, Weight, 1839149791.0000000000, 1
5, SFC, Weight, 999950541.0000000000, 2
5, SFC, Weight, 2144763967.0000000000, 3
5, SFC, Weight, 1000000001.0000000000, 4
5, SFC, Weight, 1500046626.0000000000, 5
5, SFC, Weight, 1495813052.0000000000, 6
5, SFC, Weight, 2049780264.0000000000, 7
5, SFC, Efficiency, 0.6931199499, 0
5, SFC, UsedEfficiency, 0.7252380753, 0
5, SFC, Time, 0.0000301560, 0
5, SFC+Knapsack, PreviousEfficiency, 0.8760988892, 0
5, SFC+Knapsack, Weight, 1654124829.0000000000, 0
5, SFC+Knapsack, Weight, 1632361132.0000000000, 1
5, SFC+Knapsack, Weight, 1560553102.0000000000, 2
5, SFC+Knapsack, Weight, 999950541.0000000000, 3
5, SFC+Knapsack, Weight, 1527175547.0000000000, 4
5, SFC+Knapsack, Weight, 1508438357.0000000000, 5
5, SFC+Knapsack, Weight, 1508416297.0000000000, 6
5, SFC+Knapsack, Weight, 1501609742.0000000000, 7
5, SFC+Knapsack, Efficiency, 0.8987101017, 0
5, SFC+Knapsack, UsedEfficiency, 0.8760988892, 0
5, SFC+Knapsack, Time, 0.0000294650, 0
5, SFC+Painter, PreviousEfficiency, 0.7956094461, 0
5, SFC+Painter, Weight, 1814313874.0000000000, 2
5, SFC+Painter, Weight, 1749999051.0000000000, 4
5, SFC+Painter, Weight, 1725411825.0000000000, 5
5, SFC+Painter, Weight, 1702886801.0000000000, 0
5, SFC+Painter, Weight, 1366568215.0000000000, 7
5, SFC+Painter, Weight, 1330400634.0000000000, 3
5, SFC+Painter, Weight, 1203660852.0000000000, 6
5, SFC+Painter, Weight, 999388295.0000000000, 1
5, SFC+Painter, Efficiency, 0.8193613656, 0
5, SFC+Painter, UsedEfficiency, 0.7956094461, 0
5, SFC+Painter, Time, 0.0000384620, 0
5, Painter+Knapsack, PreviousEfficiency, 0.8760988892, 0
5, Painter+Knapsack, Weight, 1654124829.0000000000, 0
5, Painter+Knapsack, Weight, 1632361132.0000000000, 1
5, Painter+Knapsack, Weight, 1560553102.0000000000, 2
5, Painter+Knapsack, Weight, 999950541.0000000000, 3
5, Painter+Knapsack, Weight, 1527175547.0000000000, 4
5, Painter+Knapsack, Weight, 1508438357.0000000000, 5
5, Painter+Knapsack, Weight, 1508416297.0000000000, 6
5, Painter+Knapsack, Weight, 1501609742.0000000000, 7
5, Painter+Knapsack, Efficiency, 0.8987101017, 0
5, Painter+Knapsack, UsedEfficiency, 0.8760988892, 0
5, Painter+Knapsack, Time, 0.0000362970, 0
6, Original, PreviousEfficiency, 0.9587740407, 0
6, Original, Efficiency, 0.9587740407, 0
6, Original, Weight, 1445402886.0000000000, 0
6, Original, Weight, 1547769695.0000000000, 1
6, Original, Weight, 1531066743.0000000000, 2
6, Original, Weight, 1523867724.0000000000, 3
6, Original, Weight, 1432707180.0000000000, 4
6, Original, Weight, 1544593210.0000000000, 5
6, Original, Weight, 1423234516.0000000000, 6
6, Original, Weight, 1423049283.0000000000, 7
6, Original, UsedEfficiency, 0.9587740407, 0
6, Knapsack, PreviousEfficiency, 0.9463249612, 0
6, Knapsack, Weight, 1499415106.0000000000, 0
6, Knapsack, Weight, 1496859941.0000000000, 1
6, Knapsack, Weight, 1483662989.0000000000, 2
6, Knapsack, Weight, 1480003366.0000000000, 3
6, Knapsack, Weight, 1479935768.0000000000, 4
6, Knapsack, Weight, 1479724736.0000000000, 5
6, Knapsack, Weight, 1478335819.0000000000, 6
6, Knapsack, Weight, 1473753512.0000000000, 7
6, Knapsack, Efficiency, 0.9896935136, 0
6, Knapsack, UsedEfficiency, 0.9463249612, 0
6, Knapsack, Time, 0.0000239950, 0
6, Karmarkar-Karp, PreviousEfficiency, 0.9709600411, 0
6, Karmarkar-Karp, Weight, 1473753512.0000000000, 0
6, Karmarkar-Karp, Weight, 1478335819.0000000000, 1
6, Karmarkar-Karp, Weight, 1479724736.0000000000, 2
6, Karmarkar-Karp, Weight, 1479935768.0000000000, 3
6, Karmarkar-Karp, Weight, 1480003366.0000000000, 4
6, Karmarkar-Karp, Weight, 1483662989.0000000000, 5
6, Karmarkar-Karp, Weight, 1496859941.0000000000, 6
6, Karmarkar-Karp, Weight, 1499415106.0000000000, 7
6, Karmarkar-Karp, Efficiency, 0.9896935136, 0
6, Karmarkar-Karp, UsedEfficiency, 0.9709600411, 0
6, Karmarkar-Karp, Time, 0.0001347010, 0
6, SFC, PreviousEfficiency, 0.7233062383, 0
6, SFC, Weight, 862552715.0000000000, 0
6, SFC, Weight, 1822044953.0000000000, 1
6, SFC, Weight, 999941678.0000000000, 2
6, SFC, Weight, 2139857734.0000000000, 3
6, SFC, Weight, 1000000001.0000000000, 4
6, SFC, Weight, 1500017464.0000000000, 5
6, SFC, Weight, 1495640295.0000000000, 6
6, SFC, Weight, 2051636397.0000000000, 7
6, SFC, Efficiency, 0.6934860113, 0
6, SFC, UsedEfficiency, 0.7233062383, 0
6, SFC, Time, 0.0000300960, 0
6, SFC+Knapsack, PreviousEfficiency, 0.8704316807, 0
6, SFC+Knapsack, Weight, 1634409250.0000000000, 0
6, SFC+Knapsack, Weight, 1621915261.0000000000, 1
6, SFC+Knapsack, Weight, 1568130891.0000000000, 2
6, SFC+Knapsack, Weight, 999941678.0000000000, 3
6, SFC+Knapsack, Weight, 1527043014.0000000000, 4
6, SFC+Knapsack, Weight, 1508354845.0000000000, 5
6, SFC+Knapsack, Weight, 1508345383.0000000000, 6
6, SFC+Knapsack, Weight, 1503550915.0000000000, 7
6, SFC+Knapsack, Efficiency, 0.9079497100, 0
6, SFC+Knapsack, UsedEfficiency, 0.8704316807, 0
6, SFC+Knapsack, Time, 0.0000388530, 0
6, SFC+Painter, PreviousEfficiency, 0.7933974793, 0
6, SFC+Painter, Weight, 1811584639.0000000000, 2
6, SFC+Painter, Weight, 1749972573.0000000000, 4
6, SFC+Painter, Weight, 1725246027.0000000000, 5
6, SFC+Painter, Weight, 1685319004.0000000000, 0
6, SFC+Painter, Weight, 1366419417.0000000000, 7
6, SFC+Painter, Weight, 1328214773.0000000000, 3
6, SFC+Painter, Weight, 1205656140.0000000000, 6
6, SFC+Painter, Weight, 999278664.0000000000, 1
6, SFC+Painter, Efficiency, 0.8191510199, 0
6, SFC+Painter, UsedEfficiency, 0.7933974793, 0
6, SFC+Painter, Time, 0.0000369990, 0
6, Painter+Knapsack, PreviousEfficiency, 0.8704316807, 0
6, Painter+Knapsack, Weight, 1634409250.0000000000, 0
6, Painter+Knapsack, Weight, 1621915261.0000000000, 1
6, Painter+Knapsack, Weight, 1568130891.0000000000, 2
6, Painter+Knapsack, Weight, 999941678.0000000000, 3
6, Painter+Knapsack, Weight, 1527043014.0000000000, 4
6, Painter+Knapsack, Weight, 1508354845.0000000000, 5
6, Painter+Knapsack, Weight, 1508345383.0000000000, 6
6, Painter+Knapsack, Weight, 1503550915.0000000000, 7
6, Painter+Knapsack, Efficiency, 0.9079497100, 0
6, Painter+Knapsack, UsedEfficiency, 0.8704316807, 0
6, Painter+Knapsack, Time, 0.0000354660, 0
7, Original, PreviousEfficiency, 0.9531928678, 0
7, Original, Efficiency, 0.9531928678, 0
7, Original, Weight, 1417075067.0000000000, 0
7, Original, Weight, 1553283808.0000000000, 1
7, Original, Weight, 1530992481.0000000000, 2
7, Original, Weight, 1523760297.0000000000, 3
7, Original, Weight, 1429072838.0000000000, 4
7, Original, Weight, 1544266128.0000000000, 5
7, Original, Weight, 1423165767.0000000000, 6
7, Original, Weight, 1423015994.0000000000, 7
7, Original, UsedEfficiency, 0.9531928678, 0
7, Knapsack, PreviousEfficiency, 0.9440511032, 0
7, Knapsack, Weight, 1499306621.0000000000, 0
7, Knapsack, Weight, 1497957566.0000000000, 1
7, Knapsack, Weight, 1479697336.0000000000, 2
7, Knapsack, Weight, 1479676886.0000000000, 3
7, Knapsack, Weight, 1478261288.0000000000, 4
7, Knapsack, Weight, 1474061089.0000000000, 5
7, Knapsack, Weight, 1467994496.0000000000, 6
7, Knapsack, Weight, 1467677098.0000000000, 7
7, Knapsack, Efficiency, 0.9875091771, 0
7, Knapsack, UsedEfficiency, 0.9440511032, 0
7, Knapsack, Time, 0.0000237440, 0
7, Karmarkar-Karp, PreviousEfficiency, 0.9785724773, 0
7, Karmarkar-Karp, Weight, 1467677098.0000000000, 0
7, Karmarkar-Karp, Weight, 1467994496.0000000000, 1
7, Karmarkar-Karp, Weight, 1474061089.0000000000, 2
7, Karmarkar-Karp, Weight, 1478261288.0000000000, 3
7, Karmarkar-Karp, Weight, 1479676886.0000000000, 4
7, Karmarkar-Karp, Weight, 1479697336.0000000000, 5
7, Karmarkar-Karp, Weight, 1497957566.0000000000, 6
7, Karmarkar-Karp, Weight, 1499306621.0000000000, 7
7, Karmarkar-Karp, Efficiency, 0.9875091771, 0
7, Karmarkar-Karp, UsedEfficiency, 0.9785724773, 0
7, Karmarkar-Karp, Time, 0.0001320160, 0
7, SFC, PreviousEfficiency, 0.7199602660, 0
7, SFC, Weight, 863058721.0000000000, 0
7, SFC, Weight, 1806963548.0000000000, 1
7, SFC, Weight, 999942144.0000000000, 2
7, SFC, Weight, 2122615805.0000000000, 3
7, SFC, Weight, 1000000001.0000000000, 4
7, SFC, Weight, 1499986902.0000000000, 5
7, SFC, Weight, 1495591982.0000000000, 6
7, SFC, Weight, 2056473277.0000000000, 7
7, SFC, Efficiency, 0.6975256869, 0
7, SFC, UsedEfficiency, 0.7199602660, 0
7, SFC, Time, 0.0000301060, 0
7, SFC+Knapsack, PreviousEfficiency, 0.8686308349, 0
7, SFC+Knapsack, Weight, 1615739310.0000000000, 0
7, SFC+Knapsack, Weight, 1608573657.0000000000, 1
7, SFC+Knapsack, Weight, 1568325107.0000000000, 2
7, SFC+Knapsack, Weight, 999942144.0000000000, 3
7, SFC+Knapsack, Weight, 1526949137.0000000000, 4
7, SFC+Knapsack, Weight, 1508466637.0000000000, 5
7, SFC+Knapsack, Weight, 1508350323.0000000000, 6
7, SFC+Knapsack, Weight, 1508286065.0000000000, 7
7, SFC+Knapsack, Efficiency, 0.9163477291, 0
7, SFC+Knapsack, UsedEfficiency, 0.8686308349, 0
7, SFC+Knapsack, Time, 0.0000280620, 0
7, SFC+Painter, PreviousEfficiency, 0.7894661852, 0
7, SFC+Painter, Weight, 1807948975.0000000000, 2
7, SFC+Painter, Weight, 1749956825.0000000000, 4
7, SFC+Painter, Weight, 1725194692.0000000000, 5
7, SFC+Painter, Weight, 1670791200.0000000000, 0
7, SFC+Painter, Weight, 1366248190.0000000000, 7
7, SFC+Painter, Weight, 1314608974.0000000000, 3
7, SFC+Painter, Weight, 1210652455.0000000000, 6
7, SFC+Painter, Weight, 999231069.0000000000, 1
7, SFC+Painter, Efficiency, 0.8189274520, 0
7, SFC+Painter, UsedEfficiency, 0.7894661852, 0
7, SFC+Painter, Time, 0.0000362480, 0
7, Painter+Knapsack, PreviousEfficiency, 0.8686308349, 0
7, Painter+Knapsack, Weight, 1615739310.0000000000, 0
7, Painter+Knapsack, Weight, 1608573657.0000000000, 1
7, Painter+Knapsack, Weight, 1568325107.0000000000, 2
7, Painter+Knapsack, Weight, 999942144.0000000000, 3
7, Painter+Knapsack, Weight, 1526949137.0000000000, 4
7, Painter+Knapsack, Weight, 1508466637.0000000000, 5
7, Painter+Knapsack, Weight, 1508350323.0000000000, 6
7, Painter+Knapsack, Weight, 1508286065.0000000000, 7
7, Painter+Knapsack, Efficiency, 0.9163477291, 0
7, Painter+Knapsack, UsedEfficiency, 0.8686308349, 0
7, Painter+Knapsack, Time, 0.0000322200, 0
8, Original, PreviousEfficiency, 0.9537892523, 0
8, Original, Efficiency, 0.9537892523, 0
8, Original, Weight, 1408847476.0000000000, 0
8, Original, Weight, 1546530849.0000000000, 1
8, Original, Weight, 1530849967.0000000000, 2
8, Original, Weight, 1523719905.0000000000, 3
8, Original, Weight, 1425995090.0000000000, 4
8, Original, Weight, 1550759086.0000000000, 5
8, Original, Weight, 1423127795.0000000000, 6
8, Original, Weight, 1422948625.0000000000, 7
8, Original, UsedEfficiency, 0.9537892523, 0
8, Knapsack, PreviousEfficiency, 0.9409188957, 0
8, Knapsack, Weight, 1499318747.0000000000, 0
8, Knapsack, Weight, 1488309891.0000000000, 1
8, Knapsack, Weight, 1479628249.0000000000, 2
8, Knapsack, Weight, 1478133727.0000000000, 3
8, Knapsack, Weight, 1477414734.0000000000, 4
8, Knapsack, Weight, 1473926262.0000000000, 5
8, Knapsack, Weight, 1468419347.0000000000, 6
8, Knapsack, Weight, 1467627836.0000000000, 7
8, Knapsack, Efficiency, 0.9865129427, 0
8, Knapsack, UsedEfficiency, 0.9409188957, 0
8, Knapsack, Time, 0.0000242250, 0
8, Karmarkar-Karp, PreviousEfficiency, 0.9771079579, 0
8, Karmarkar-Karp, Weight, 1467627836.0000000000, 0
8, Karmarkar-Karp, Weight, 1468419347.0000000000, 1
8, Karmarkar-Karp, Weight, 1473926262.0000000000, 2
8, Karmarkar-Karp, Weight, 1477414734.0000000000, 3
8, Karmarkar-Karp, Weight, 1478133727.0000000000, 4
8, Karmarkar-Karp, Weight, 1479628249.0000000000, 5
8, Karmarkar-Karp, Weight, 1488309891.0000000000, 6
8, Karmarkar-Karp, Weight, 1499318747.0000000000, 7
8, Karmarkar-Karp, Efficiency, 0.9865129427, 0
8, Karmarkar-Karp, UsedEfficiency, 0.9771079579, 0
8, Karmarkar-Karp, Time, 0.0001352620, 0
8, SFC, PreviousEfficiency, 0.7206642547, 0
8, SFC, Weight, 860262704.0000000000, 0
8, SFC, Weight, 1801213085.0000000000, 1
8, SFC, Weight, 1000000001.0000000000, 2
8, SFC, Weight, 2123415635.0000000000, 3
8, SFC, Weight, 999988336.0000000000, 4
8, SFC, Weight, 1500034494.0000000000, 5
8, SFC, Weight, 1479295471.0000000000, 6
8, SFC, Weight, 2068569067.0000000000, 7
8, SFC, Efficiency, 0.6965651589, 0
8, SFC, UsedEfficiency, 0.7206642547, 0
8, SFC, Time, 0.0000306170, 0
8, SFC+Knapsack, PreviousEfficiency, 0.8645244223, 0
8, SFC+Knapsack, Weight, 1606943215.0000000000, 0
8, SFC+Knapsack, Weight, 1605977069.0000000000, 1
8, SFC+Knapsack, Weight, 1571971140.0000000000, 2
8, SFC+Knapsack, Weight, 1000000001.0000000000, 3
8, SFC+Knapsack, Weight, 1526898504.0000000000, 4
8, SFC+Knapsack, Weight, 1508337332.0000000000, 5
8, SFC+Knapsack, Weight, 1508179288.0000000000, 6
8, SFC+Knapsack, Weight, 1504472244.0000000000, 7
8, SFC+Knapsack, Efficiency, 0.9204415783, 0
8, SFC+Knapsack, UsedEfficiency, 0.8645244223, 0
8, SFC+Knapsack, Time, 0.0000365880, 0
8, SFC+Painter, PreviousEfficiency, 0.7903601539, 0
8, SFC+Painter, Weight, 1804901470.0000000000, 2
8, SFC+Painter, Weight, 1749995318.0000000000, 4
8, SFC+Painter, Weight, 1725086467.0000000000, 5
8, SFC+Painter, Weight, 1662304450.0000000000, 0
8, SFC+Painter, Weight, 1366140226.0000000000, 7
8, SFC+Painter, Weight, 1318514166.0000000000, 3
8, SFC+Painter, Weight, 1206665357.0000000000, 6
8, SFC+Painter, Weight, 999171339.0000000000, 1
8, SFC+Painter, Efficiency, 0.8194892484, 0
8, SFC+Painter, UsedEfficiency, 0.7903601539, 0
8, SFC+Painter, Time, 0.0000486110, 0
8, Painter+Knapsack, PreviousEfficiency, 0.8645244223, 0
8, Painter+Knapsack, Weight, 1606943215.0000000000, 0
8, Painter+Knapsack, Weight, 1605977069.0000000000, 1
8, Painter+Knapsack, Weight, 1571971140.0000000000, 2
8, Painter+Knapsack, Weight, 1000000001.0000000000, 3
8, Painter+Knapsack, Weight, 1526898504.0000000000, 4
8, Painter+Knapsack, Weight, 1508337332.0000000000, 5
8, Painter+Knapsack, Weight, 1508179288.0000000000, 6
8, Painter+Knapsack, Weight, 1504472244.0000000000, 7
8, Painter+Knapsack, Efficiency, 0.9204415783, 0
8, Painter+Knapsack, UsedEfficiency, 0.8645244223, 0
8, Painter+Knapsack, Time, 0.0000443320, 0
9, Original, PreviousEfficiency, 0.9288668316, 0
9, Original, Efficiency, 0.9288668316, 0
9, Original, Weight, 1308364809.0000000000, 0
9, Original, Weight, 1453375592.0000000000, 1
9, Original, Weight, 1500870995.0000000000, 2
9, Original, Weight, 1437876418.0000000000, 3
9, Original, Weight, 1287102616.0000000000, 4
9, Original, Weight, 1475465165.0000000000, 5
9, Original, Weight, 1347085630.0000000000, 6
9, Original, Weight, 1342733061.0000000000, 7
9, Original, UsedEfficiency, 0.9288668316, 0
9, Knapsack, PreviousEfficiency, 0.9447345591, 0
9, Knapsack, Weight, 1439643683.0000000000, 0
9, Knapsack, Weight, 1408047669.0000000000, 1
9, Knapsack, Weight, 1390833686.0000000000, 2
9, Knapsack, Weight, 1386469597.0000000000, 3
9, Knapsack, Weight, 1385344537.0000000000, 4
9, Knapsack, Weight, 1380991968.0000000000, 5
9, Knapsack, Weight, 1380891434.0000000000, 6
9, Knapsack, Weight, 1380651712.0000000000, 7
9, Knapsack, Efficiency, 0.9683710645, 0
9, Knapsack, UsedEfficiency, 0.9447345591, 0
9, Knapsack, Time, 0.0000215100, 0
9, Karmarkar-Karp, PreviousEfficiency, 0.9607205098, 0
9, Karmarkar-Karp, Weight, 1380651712.0000000000, 0
9, Karmarkar-Karp, Weight, 1380891434.0000000000, 1
9, Karmarkar-Karp, Weight, 1380991968.0000000000, 2
9, Karmarkar-Karp, Weight, 1385344537.0000000000, 3
9, Karmarkar-Karp, Weight, 1386469597.0000000000, 4
9, Karmarkar-Karp, Weight, 1390833686.0000000000, 5
9, Karmarkar-Karp, Weight, 1408047669.0000000000, 6
9, Karmarkar-Karp, Weight, 1439643683.0000000000, 7
9, Karmarkar-Karp, Efficiency, 0.9683710645, 0
9, Karmarkar-Karp, UsedEfficiency, 0.9607205098, 0
9, Karmarkar-Karp, Time, 0.0001345710, 0
9, SFC, PreviousEfficiency, 0.7192162506, 0
9, SFC, Weight, 804111494.0000000000, 0
9, SFC, Weight, 1693546992.0000000000, 1
9, SFC, Weight, 1648814383.0000000000, 2
9, SFC, Weight, 1229209406.0000000000, 3
9, SFC, Weight, 1000000001.0000000000, 4
9, SFC, Weight, 1427662340.0000000000, 5
9, SFC, Weight, 1395905902.0000000000, 6
9, SFC, Weight, 1953623768.0000000000, 7
9, SFC, Efficiency, 0.7136017224, 0
9, SFC, UsedEfficiency, 0.7192162506, 0
9, SFC, Time, 0.0000324210, 0
9, SFC+Knapsack, PreviousEfficiency, 0.8635508852, 0
9, SFC+Knapsack, Weight, 1500499143.0000000000, 0
9, SFC+Knapsack, Weight, 1475662420.0000000000, 1
9, SFC+Knapsack, Weight, 1451664357.0000000000, 2
9, SFC+Knapsack, Weight, 947856355.0000000000, 3
9, SFC+Knapsack, Weight, 1451888398.0000000000, 4
9, SFC+Knapsack, Weight, 1444012324.0000000000, 5
9, SFC+Knapsack, Weight, 1440849649.0000000000, 6
9, SFC+Knapsack, Weight, 1440441640.0000000000, 7
9, SFC+Knapsack, Efficiency, 0.9290970223, 0
9, SFC+Knapsack, UsedEfficiency, 0.8635508852, 0
9, SFC+Knapsack, Time, 0.0000288140, 0
9, SFC+Painter, PreviousEfficiency, 0.7886727275, 0
9, SFC+Painter, Weight, 1719883598.0000000000, 4
9, SFC+Painter, Weight, 1648814383.0000000000, 2
9, SFC+Painter, Weight, 1627842058.0000000000, 5
9, SFC+Painter, Weight, 1554817823.0000000000, 0
9, SFC+Painter, Weight, 1289108797.0000000000, 7
9, SFC+Painter, Weight, 1229209406.0000000000, 3
9, SFC+Painter, Weight, 1140357558.0000000000, 6
9, SFC+Painter, Weight, 942840663.0000000000, 1
9, SFC+Painter, Efficiency, 0.8105835112, 0
9, SFC+Painter, UsedEfficiency, 0.7886727275, 0
9, SFC+Painter, Time, 0.0000451240, 0
9, Painter+Knapsack, PreviousEfficiency, 0.8635508852, 0
9, Painter+Knapsack, Weight, 1500499143.0000000000, 0
9, Painter+Knapsack, Weight, 1475662420.0000000000, 1
9, Painter+Knapsack, Weight, 1451664357.0000000000, 2
9, Painter+Knapsack, Weight, 947856355.0000000000, 3
9, Painter+Knapsack, Weight, 1451888398.0000000000, 4
9, Painter+Knapsack, Weight, 1444012324.0000000000, 5
9, Painter+Knapsack, Weight, 1440849649.0000000000, 6
9, Painter+Knapsack, Weight, 1440441640.0000000000, 7
9, Painter+Knapsack, Efficiency, 0.9290970223, 0
9, Painter+Knapsack, UsedEfficiency, 0.8635508852, 0
9, Painter+Knapsack, Time, 0.0000355960, 0
10, Original, PreviousEfficiency, 0.9048994917, 0
10, Original, Efficiency, 0.9048994917, 0
10, Original, Weight, 1220018579.0000000000, 0
10, Original, Weight, 1397709987.0000000000, 1
10, Original, Weight, 1482110343.0000000000, 2
10, Original, Weight, 1384152355.0000000000, 3
10, Original, Weight, 1199229683.0000000000, 4
10, Original, Weight, 1442358037.0000000000, 5
10, Original, Weight, 1311093226.0000000000, 6
10, Original, Weight, 1292614958.0000000000, 7
10, Original, UsedEfficiency, 0.9048994917, 0
10, Knapsack, PreviousEfficiency, 0.9336271894, 0
10, Knapsack, Weight, 1401286144.0000000000, 0
10, Knapsack, Weight, 1338264235.0000000000, 1
10, Knapsack, Weight, 1335122440.0000000000, 2
10, Knapsack, Weight, 1332151160.0000000000, 3
10, Knapsack, Weight, 1332055765.0000000000, 4
10, Knapsack, Weight, 1331877291.0000000000, 5
10, Knapsack, Weight, 1331184633.0000000000, 6
10, Knapsack, Weight, 1327345500.0000000000, 7
10, Knapsack, Efficiency, 0.9570928120, 0
10, Knapsack, UsedEfficiency, 0.9336271894, 0
10, Knapsack, Time, 0.0000225220, 0
10, Karmarkar-Karp, PreviousEfficiency, 0.9351254946, 0
10, Karmarkar-Karp, Weight, 1327345500.0000000000, 0
10, Karmarkar-Karp, Weight, 1331184633.0000000000, 1
10, Karmarkar-Karp, Weight, 1331877291.0000000000, 2
10, Karmarkar-Karp, Weight, 1332055765.0000000000, 3
10, Karmarkar-Karp, Weight, 1332151160.0000000000, 4
10, Karmarkar-Karp, Weight, 1335122440.0000000000, 5
10, Karmarkar-Karp, Weight, 1338264235.0000000000, 6
10, Karmarkar-Karp, Weight, 1401286144.0000000000, 7
10, Karmarkar-Karp, Efficiency, 0.9570928120, 0
10, Karmarkar-Karp, UsedEfficiency, 0.9351254946, 0
10, Karmarkar-Karp, Time, 0.0001384180, 0
10, SFC, PreviousEfficiency, 0.7179424356, 0
10, SFC, Weight, 770548077.0000000000, 0
10, SFC, Weight, 1615592078.0000000000, 1
10, SFC, Weight, 1561783319.0000000000, 2
10, SFC, Weight, 1158583736.0000000000, 3
10, SFC, Weight, 1000000001.0000000000, 4
10, SFC, Weight, 1396276106.0000000000, 5
10, SFC, Weight, 1343760142.0000000000, 6
10, SFC, Weight, 1882743709.0000000000, 7
10, SFC, Efficiency, 0.7123438467, 0
10, SFC, UsedEfficiency, 0.7179424356, 0
10, SFC, Time, 0.0000291840, 0
10, SFC+Knapsack, PreviousEfficiency, 0.8629505856, 0
10, SFC+Knapsack, Weight, 1419689597.0000000000, 0
10, SFC+Knapsack, Weight, 1405479770.0000000000, 1
10, SFC+Knapsack, Weight, 1354486217.0000000000, 2
10, SFC+Knapsack, Weight, 926851626.0000000000, 3
10, SFC+Knapsack, Weight, 1420612694.0000000000, 4
10, SFC+Knapsack, Weight, 1405866383.0000000000, 5
10, SFC+Knapsack, Weight, 1399795732.0000000000, 6
10, SFC+Knapsack, Weight, 1396505149.0000000000, 7
10, SFC+Knapsack, Efficiency, 0.9440721610, 0
10, SFC+Knapsack, UsedEfficiency, 0.8629505856, 0
10, SFC+Knapsack, Time, 0.0000274910, 0
10, SFC+Painter, PreviousEfficiency, 0.7871295094, 0
10, SFC+Painter, Weight, 1703863062.0000000000, 6
10, SFC+Painter, Weight, 1678016925.0000000000, 5
10, SFC+Painter, Weight, 1561783319.0000000000, 2
10, SFC+Painter, Weight, 1478508607.0000000000, 0
10, SFC+Painter, Weight, 1240899970.0000000000, 7
10, SFC+Painter, Weight, 1158583736.0000000000, 3
10, SFC+Painter, Weight, 1000000001.0000000000, 4
10, SFC+Painter, Weight, 907631548.0000000000, 1
10, SFC+Painter, Efficiency, 0.7871295094, 0
10, SFC+Painter, UsedEfficiency, 0.7871295094, 0
10, SFC+Painter, Time, 0.0000368090, 0
10, Painter+Knapsack, PreviousEfficiency, 0.8629505856, 0
10, Painter+Knapsack, Weight, 1419689597.0000000000, 0
10, Painter+Knapsack, Weight, 1405479770.0000000000, 1
10, Painter+Knapsack, Weight, 1354486217.0000000000, 2
10, Painter+Knapsack, Weight, 926851626.0000000000, 3
10, Painter+Knapsack, Weight, 1420612694.0000000000, 4
10, Painter+Knapsack, Weight, 1405866383.0000000000, 5
10, Painter+Knapsack, Weight, 1399795732.0000000000, 6
10, Painter+Knapsack, Weight, 1396505149.0000000000, 7
10, Painter+Knapsack, Efficiency, 0.9440721610, 0
10, Painter+Knapsack, UsedEfficiency, 0.8629505856, 0
10, Painter+Knapsack, Time, 0.0000326910, 0
11, Original, PreviousEfficiency, 0.9003850518, 0
11, Original, Efficiency, 0.9003850518, 0
11, Original, Weight, 1160801183.0000000000, 0
11, Original, Weight, 1380585477.0000000000, 1
11, Original, Weight, 1479152155.0000000000, 2
11, Original, Weight, 1375997668.0000000000, 3
11, Original, Weight, 1183806083.0000000000, 4
11, Original, Weight, 1454030073.0000000000, 5
11, Original, Weight, 1335182374.0000000000, 6
11, Original, Weight, 1284896905.0000000000, 7
11, Original, UsedEfficiency, 0.9003850518, 0
11, Knapsack, PreviousEfficiency, 0.9287814041, 0
11, Knapsack, Weight, 1392781085.0000000000, 0
11, Knapsack, Weight, 1328859945.0000000000, 1
11, Knapsack, Weight, 1323622148.0000000000, 2
11, Knapsack, Weight, 1323589477.0000000000, 3
11, Knapsack, Weight, 1322065559.0000000000, 4
11, Knapsack, Weight, 1321486941.0000000000, 5
11, Knapsack, Weight, 1321106128.0000000000, 6
11, Knapsack, Weight, 1320940635.0000000000, 7
11, Knapsack, Efficiency, 0.9562209769, 0
11, Knapsack, UsedEfficiency, 0.9287814041, 0
11, Knapsack, Time, 0.0000253570, 0
11, Karmarkar-Karp, PreviousEfficiency, 0.9303374740, 0
11, Karmarkar-Karp, Weight, 1320940635.0000000000, 0
11, Karmarkar-Karp, Weight, 1321106128.0000000000, 1
11, Karmarkar-Karp, Weight, 1321486941.0000000000, 2
11, Karmarkar-Karp, Weight, 1322065559.0000000000, 3
11, Karmarkar-Karp, Weight, 1323589477.0000000000, 4
11, Karmarkar-Karp, Weight, 1323622148.0000000000, 5
11, Karmarkar-Karp, Weight, 1328859945.0000000000, 6
11, Karmarkar-Karp, Weight, 1392781085.0000000000, 7
11, Karmarkar-Karp, Efficiency, 0.9562209769, 0
11, Karmarkar-Karp, UsedEfficiency, 0.9303374740, 0
11, Karmarkar-Karp, Time, 0.0001410520, 0
11, SFC, PreviousEfficiency, 0.7183683204, 0
11, SFC, Weight, 760022636.0000000000, 0
11, SFC, Weight, 1574344328.0000000000, 1
11, SFC, Weight, 1576220283.0000000000, 2
11, SFC, Weight, 1134332317.0000000000, 3
11, SFC, Weight, 1000000001.0000000000, 4
11, SFC, Weight, 1405347223.0000000000, 5
11, SFC, Weight, 1335657842.0000000000, 6
11, SFC, Weight, 1868527288.0000000000, 7
11, SFC, Efficiency, 0.7127573134, 0
11, SFC, UsedEfficiency, 0.7183683204, 0
11, SFC, Time, 0.0000312880, 0
11, SFC+Knapsack, PreviousEfficiency, 0.8604093304, 0
11, SFC+Knapsack, Weight, 1390825701.0000000000, 0
11, SFC+Knapsack, Weight, 1382934914.0000000000, 1
11, SFC+Knapsack, Weight, 1317850944.0000000000, 2
11, SFC+Knapsack, Weight, 953308005.0000000000, 3
11, SFC+Knapsack, Weight, 1420578406.0000000000, 4
11, SFC+Knapsack, Weight, 1399552320.0000000000, 5
11, SFC+Knapsack, Weight, 1398076510.0000000000, 6
11, SFC+Knapsack, Weight, 1391325118.0000000000, 7
11, SFC+Knapsack, Efficiency, 0.9375100200, 0
11, SFC+Knapsack, UsedEfficiency, 0.8604093304, 0
11, SFC+Knapsack, Time, 0.0000301160, 0
11, SFC+Painter, PreviousEfficiency, 0.7876629649, 0
11, SFC+Painter, Weight, 1690832944.0000000000, 6
11, SFC+Painter, Weight, 1685329592.0000000000, 5
11, SFC+Painter, Weight, 1576220283.0000000000, 2
11, SFC+Painter, Weight, 1432182541.0000000000, 0
11, SFC+Painter, Weight, 1233369817.0000000000, 7
11, SFC+Painter, Weight, 1134332317.0000000000, 3
11, SFC+Painter, Weight, 1000000001.0000000000, 4
11, SFC+Painter, Weight, 902184423.0000000000, 1
11, SFC+Painter, Efficiency, 0.7876629649, 0
11, SFC+Painter, UsedEfficiency, 0.7876629649, 0
11, SFC+Painter, Time, 0.0000377200, 0
11, Painter+Knapsack, PreviousEfficiency, 0.8604093304, 0
11, Painter+Knapsack, Weight, 1390825701.0000000000, 0
11, Painter+Knapsack, Weight, 1382934914.0000000000, 1
11, Painter+Knapsack, Weight, 1317850944.0000000000, 2
11, Painter+Knapsack, Weight, 953308005.0000000000, 3
11, Painter+Knapsack, Weight, 1420578406.0000000000, 4
11, Painter+Knapsack, Weight, 1399552320.0000000000, 5
11, Painter+Knapsack, Weight, 1398076510.0000000000, 6
11, Painter+Knapsack, Weight, 1391325118.0000000000, 7
11, Painter+Knapsack, Efficiency, 0.9375100200, 0
11, Painter+Knapsack, UsedEfficiency, 0.8604093304, 0
11, Painter+Knapsack, Time, 0.0000369990, 0
12, Original, PreviousEfficiency, 0.8968768832, 0
12, Original, Efficiency, 0.8968768832, 0
12, Original, Weight, 1129696833.0000000000, 0
12, Original, Weight, 1386359424.0000000000, 1
12, Original, Weight, 1477228224.0000000000, 2
12, Original, Weight, 1372993948.0000000000, 3
12, Original, Weight, 1173711802.0000000000, 4
12, Original, Weight, 1435895994.0000000000, 5
12, Original, Weight, 1343270727.0000000000, 6
12, Original, Weight, 1279977811.0000000000, 7
12, Original, UsedEfficiency, 0.8968768832, 0
12, Knapsack, PreviousEfficiency, 0.9250429802, 0
12, Knapsack, Weight, 1387377908.0000000000, 0
12, Knapsack, Weight, 1317665917.0000000000, 1
12, Knapsack, Weight, 1317647851.0000000000, 2
12, Knapsack, Weight, 1317643099.0000000000, 3
12, Knapsack, Weight, 1316753405.0000000000, 4
12, Knapsack, Weight, 1315658016.0000000000, 5
12, Knapsack, Weight, 1315225585.0000000000, 6
12, Knapsack, Weight, 1311162982.0000000000, 7
12, Knapsack, Efficiency, 0.9549610367, 0
12, Knapsack, UsedEfficiency, 0.9250429802, 0
12, Knapsack, Time, 0.0000240650, 0
12, Karmarkar-Karp, PreviousEfficiency, 0.9266326274, 0
12, Karmarkar-Karp, Weight, 1311162982.0000000000, 0
12, Karmarkar-Karp, Weight, 1315225585.0000000000, 1
12, Karmarkar-Karp, Weight, 1315658016.0000000000, 2
12, Karmarkar-Karp, Weight, 1316753405.0000000000, 3
12, Karmarkar-Karp, Weight, 1317643099.0000000000, 4
12, Karmarkar-Karp, Weight, 1317647851.0000000000, 5
12, Karmarkar-Karp, Weight, 1317665917.0000000000, 6
12, Karmarkar-Karp, Weight, 1387377908.0000000000, 7
12, Karmarkar-Karp, Efficiency, 0.9549610367, 0
12, Karmarkar-Karp, UsedEfficiency, 0.9266326274, 0
12, Karmarkar-Karp, Time, 0.0001452810, 0
12, SFC, PreviousEfficiency, 0.7124958591, 0
12, SFC, Weight, 755323326.0000000000, 0
12, SFC, Weight, 1553368837.0000000000, 1
12, SFC, Weight, 1577949706.0000000000, 2
12, SFC, Weight, 1096903174.0000000000, 3
12, SFC, Weight, 1000000001.0000000000, 4
12, SFC, Weight, 1411140229.0000000000, 5
12, SFC, Weight, 1330403525.0000000000, 6
12, SFC, Weight, 1874045965.0000000000, 7
12, SFC, Efficiency, 0.7069687031, 0
12, SFC, UsedEfficiency, 0.7124958591, 0
12, SFC, Time, 0.0000307970, 0
12, SFC+Knapsack, PreviousEfficiency, 0.8713096626, 0
12, SFC+Knapsack, Weight, 1373819878.0000000000, 0
12, SFC+Knapsack, Weight, 1370309921.0000000000, 1
12, SFC+Knapsack, Weight, 1276452133.0000000000, 2
12, SFC+Knapsack, Weight, 962963111.0000000000, 3
12, SFC+Knapsack, Weight, 1418890404.0000000000, 4
12, SFC+Knapsack, Weight, 1401515409.0000000000, 5
12, SFC+Knapsack, Weight, 1399193490.0000000000, 6
12, SFC+Knapsack, Weight, 1395990417.0000000000, 7
12, SFC+Knapsack, Efficiency, 0.9337520654, 0
12, SFC+Knapsack, UsedEfficiency, 0.8713096626, 0
12, SFC+Knapsack, Time, 0.0000295550, 0
12, SFC+Painter, PreviousEfficiency, 0.7806498546, 0
12, SFC+Painter, Weight, 1697165301.0000000000, 6
12, SFC+Painter, Weight, 1689952382.0000000000, 5
12, SFC+Painter, Weight, 1577949706.0000000000, 2
12, SFC+Painter, Weight, 1409946222.0000000000, 0
12, SFC+Painter, Weight, 1228472036.0000000000, 7
12, SFC+Painter, Weight, 1096903174.0000000000, 3
12, SFC+Painter, Weight, 1000000001.0000000000, 4
12, SFC+Painter, Weight, 898745941.0000000000, 1
12, SFC+Painter, Efficiency, 0.7806498546, 0
12, SFC+Painter, UsedEfficiency, 0.7806498546, 0
12, SFC+Painter, Time, 0.0000455350, 0
12, Painter+Knapsack, PreviousEfficiency, 0.8713096626, 0
12, Painter+Knapsack, Weight, 1373819878.0000000000, 0
12, Painter+Knapsack, Weight, 1370309921.0000000000, 1
12, Painter+Knapsack, Weight, 1276452133.0000000000, 2
12, Painter+Knapsack, Weight, 962963111.0000000000, 3
12, Painter+Knapsack, Weight, 1418890404.0000000000, 4
12, Painter+Knapsack, Weight, 1401515409.0000000000, 5
12, Painter+Knapsack, Weight, 1399193490.0000000000, 6
12, Painter+Knapsack, Weight, 1395990417.0000000000, 7
12, Painter+Knapsack, Efficiency, 0.9337520654, 0
12, Painter+Knapsack, UsedEfficiency, 0.8713096626, 0
12, Painter+Knapsack, Time, 0.0000355160, 0
13, Original, PreviousEfficiency, 0.8936863944, 0
13, Original, Efficiency, 0.8936863944, 0
13, Original, Weight, 1108931418.0000000000, 0
13, Original, Weight, 1387245323.0000000000, 1
13, Original, Weight, 1475504395.0000000000, 2
13, Original, Weight, 1372879878.0000000000, 3
13, Original, Weight, 1164545598.0000000000, 4
13, Original, Weight, 1414165212.0000000000, 5
13, Original, Weight, 1348896243.0000000000, 6
13, Original, Weight, 1276937555.0000000000, 7
13, Original, UsedEfficiency, 0.8936863944, 0
13, Knapsack, PreviousEfficiency, 0.9216302851, 0
13, Knapsack, Weight, 1383889540.0000000000, 0
13, Knapsack, Weight, 1315118572.0000000000, 1
13, Knapsack, Weight, 1313087862.0000000000, 2
13, Knapsack, Weight, 1313022626.0000000000, 3
13, Knapsack, Weight, 1309846014.0000000000, 4
13, Knapsack, Weight, 1305131360.0000000000, 5
13, Knapsack, Weight, 1304627314.0000000000, 6
13, Knapsack, Weight, 1304382334.0000000000, 7
13, Knapsack, Efficiency, 0.9528493168, 0
13, Knapsack, UsedEfficiency, 0.9216302851, 0
13, Knapsack, Time, 0.0000227720, 0
13, Karmarkar-Karp, PreviousEfficiency, 0.9232670512, 0
13, Karmarkar-Karp, Weight, 1304382334.0000000000, 0
13, Karmarkar-Karp, Weight, 1304627314.0000000000, 1
13, Karmarkar-Karp, Weight, 1305131360.0000000000, 2
13, Karmarkar-Karp, Weight, 1309846014.0000000000, 3
13, Karmarkar-Karp, Weight, 1313022626.0000000000, 4
13, Karmarkar-Karp, Weight, 1313087862.0000000000, 5
13, Karmarkar-Karp, Weight, 1315118572.0000000000, 6
13, Karmarkar-Karp, Weight, 1383889540.0000000000, 7
13, Karmarkar-Karp, Efficiency, 0.9528493168, 0
13, Karmarkar-Karp, UsedEfficiency, 0.9232670512, 0
13, Karmarkar-Karp, Time, 0.0001278690, 0
13, SFC, PreviousEfficiency, 0.7077784860, 0
13, SFC, Weight, 748287233.0000000000, 0
13, SFC, Weight, 1537769548.0000000000, 1
13, SFC, Weight, 1577673349.0000000000, 2
13, SFC, Weight, 1067636088.0000000000, 3
13, SFC, Weight, 1000000001.0000000000, 4
13, SFC, Weight, 1414380769.0000000000, 5
13, SFC, Weight, 1325804349.0000000000, 6
13, SFC, Weight, 1877554285.0000000000, 7
13, SFC, Efficiency, 0.7023169521, 0
13, SFC, UsedEfficiency, 0.7077784860, 0
13, SFC, Time, 0.0000282120, 0
13, SFC+Knapsack, PreviousEfficiency, 0.8811633284, 0
13, SFC+Knapsack, Weight, 1365187720.0000000000, 0
13, SFC+Knapsack, Weight, 1347748526.0000000000, 1
13, SFC+Knapsack, Weight, 1248449010.0000000000, 2
13, SFC+Knapsack, Weight, 969980962.0000000000, 3
13, SFC+Knapsack, Weight, 1417386019.0000000000, 4
13, SFC+Knapsack, Weight, 1401232516.0000000000, 5
13, SFC+Knapsack, Weight, 1400162548.0000000000, 6
13, SFC+Knapsack, Weight, 1398958321.0000000000, 7
13, SFC+Knapsack, Efficiency, 0.9303310355, 0
13, SFC+Knapsack, UsedEfficiency, 0.8811633284, 0
13, SFC+Knapsack, Time, 0.0000266300, 0
13, SFC+Painter, PreviousEfficiency, 0.7749934254, 0
13, SFC+Painter, Weight, 1701483083.0000000000, 6
13, SFC+Painter, Weight, 1692148170.0000000000, 5
13, SFC+Painter, Weight, 1577673349.0000000000, 2
13, SFC+Painter, Weight, 1389043856.0000000000, 0
13, SFC+Painter, Weight, 1224108150.0000000000, 7
13, SFC+Painter, Weight, 1067636088.0000000000, 3
13, SFC+Painter, Weight, 1000000001.0000000000, 4
13, SFC+Painter, Weight, 897012925.0000000000, 1
13, SFC+Painter, Efficiency, 0.7749934254, 0
13, SFC+Painter, UsedEfficiency, 0.7749934254, 0
13, SFC+Painter, Time, 0.0000369190, 0
13, Painter+Knapsack, PreviousEfficiency, 0.8811633284, 0
13, Painter+Knapsack, Weight, 1365187720.0000000000, 0
13, Painter+Knapsack, Weight, 1347748526.0000000000, 1
13, Painter+Knapsack, Weight, 1248449010.0000000000, 2
13, Painter+Knapsack, Weight, 969980962.0000000000, 3
13, Painter+Knapsack, Weight, 1417386019.0000000000, 4
13, Painter+Knapsack, Weight, 1401232516.0000000000, 5
13, Painter+Knapsack, Weight, 1400162548.0000000000, 6
13, Painter+Knapsack, Weight, 1398958321.0000000000, 7
13, Painter+Knapsack, Efficiency, 0.9303310355, 0
13, Painter+Knapsack, UsedEfficiency, 0.8811633284, 0
13, Painter+Knapsack, Time, 0.0000297750, 0
14, Original, PreviousEfficiency, 0.8895551226, 0
14, Original, Efficiency, 0.8895551226, 0
14, Original, Weight, 1092835323.0000000000, 0
14, Original, Weight, 1364699871.0000000000, 1
14, Original, Weight, 1474353433.0000000000, 2
14, Original, Weight, 1376010729.0000000000, 3
14, Original, Weight, 1157898442.0000000000, 4
14, Original, Weight, 1395809872.0000000000, 5
14, Original, Weight, 1353692882.0000000000, 6
14, Original, Weight, 1276848639.0000000000, 7
14, Original, UsedEfficiency, 0.8895551226, 0
14, Knapsack, PreviousEfficiency, 0.9172655204, 0
14, Knapsack, Weight, 1383501803.0000000000, 0
14, Knapsack, Weight, 1304309717.0000000000, 1
14, Knapsack, Weight, 1303498674.0000000000, 2
14, Knapsack, Weight, 1303022056.0000000000, 3
14, Knapsack, Weight, 1302896584.0000000000, 4
14, Knapsack, Weight, 1301435370.0000000000, 5
14, Knapsack, Weight, 1297580912.0000000000, 6
14, Knapsack, Weight, 1295904075.0000000000, 7
14, Knapsack, Efficiency, 0.9479703214, 0
14, Knapsack, UsedEfficiency, 0.9172655204, 0
14, Knapsack, Time, 0.0000244150, 0
14, Karmarkar-Karp, PreviousEfficiency, 0.9189554318, 0
14, Karmarkar-Karp, Weight, 1295904075.0000000000, 0
14, Karmarkar-Karp, Weight, 1297580912.0000000000, 1
14, Karmarkar-Karp, Weight, 1301435370.0000000000, 2
14, Karmarkar-Karp, Weight, 1302896584.0000000000, 3
14, Karmarkar-Karp, Weight, 1303022056.0000000000, 4
14, Karmarkar-Karp, Weight, 1303498674.0000000000, 5
14, Karmarkar-Karp, Weight, 1304309717.0000000000, 6
14, Karmarkar-Karp, Weight, 1383501803.0000000000, 7
14, Karmarkar-Karp, Efficiency, 0.9479703214, 0
14, Karmarkar-Karp, UsedEfficiency, 0.9189554318, 0
14, Karmarkar-Karp, Time, 0.0001797150, 0
14, SFC, PreviousEfficiency, 0.7114842431, 0
14, SFC, Weight, 742610709.0000000000, 0
14, SFC, Weight, 1527958946.0000000000, 1
14, SFC, Weight, 1577965823.0000000000, 2
14, SFC, Weight, 1042892029.0000000000, 3
14, SFC, Weight, 1000000001.0000000000, 4
14, SFC, Weight, 1420141893.0000000000, 5
14, SFC, Weight, 1322767940.0000000000, 6
14, SFC, Weight, 1857811850.0000000000, 7
14, SFC, Efficiency, 0.7059480479, 0
14, SFC, UsedEfficiency, 0.7114842431, 0
14, SFC, Time, 0.0000419680, 0
14, SFC+Knapsack, PreviousEfficiency, 0.8873509879, 0
14, SFC+Knapsack, Weight, 1360406377.0000000000, 0
14, SFC+Knapsack, Weight, 1322861361.0000000000, 1
14, SFC+Knapsack, Weight, 1232446163.0000000000, 2
14, SFC+Knapsack, Weight, 975713606.0000000000, 3
14, SFC+Knapsack, Weight, 1416412475.0000000000, 4
14, SFC+Knapsack, Weight, 1398437042.0000000000, 5
14, SFC+Knapsack, Weight, 1397077846.0000000000, 6
14, SFC+Knapsack, Weight, 1388794321.0000000000, 7
14, SFC+Knapsack, Efficiency, 0.9259440114, 0
14, SFC+Knapsack, UsedEfficiency, 0.8873509879, 0
14, SFC+Knapsack, Time, 0.0002053220, 0
14, SFC+Painter, PreviousEfficiency, 0.7727556622, 0
14, SFC+Painter, Weight, 1697197074.0000000000, 5
14, SFC+Painter, Weight, 1682257911.0000000000, 6
14, SFC+Painter, Weight, 1577965823.0000000000, 2
14, SFC+Painter, Weight, 1372804655.0000000000, 0
14, SFC+Painter, Weight, 1221266698.0000000000, 7
14, SFC+Painter, Weight, 1042892029.0000000000, 3
14, SFC+Painter, Weight, 1000000001.0000000000, 4
14, SFC+Painter, Weight, 897765000.0000000000, 1
14, SFC+Painter, Efficiency, 0.7727556622, 0
14, SFC+Painter, UsedEfficiency, 0.7727556622, 0
14, SFC+Painter, Time, 0.0000417780, 0
14, Painter+Knapsack, PreviousEfficiency, 0.8873509879, 0
14, Painter+Knapsack, Weight, 1360406377.0000000000, 0
14, Painter+Knapsack, Weight, 1322861361.0000000000, 1
14, Painter+Knapsack, Weight, 1232446163.0000000000, 2
14, Painter+Knapsack, Weight, 975713606.0000000000, 3
14, Painter+Knapsack, Weight, 1416412475.0000000000, 4
14, Painter+Knapsack, Weight, 1398437042.0000000000, 5
14, Painter+Knapsack, Weight, 1397077846.0000000000, 6
14, Painter+Knapsack, Weight, 1388794321.0000000000, 7
14, Painter+Knapsack, Efficiency, 0.9259440114, 0
14, Painter+Knapsack, UsedEfficiency, 0.8873509879, 0
14, Painter+Knapsack, Time, 0.0000365890, 0
15, Original, PreviousEfficiency, 0.8857145238, 0
15, Original, Efficiency, 0.8857145238, 0
15, Original, Weight, 1078779970.0000000000, 0
15, Original, Weight, 1332867391.0000000000, 1
15, Original, Weight, 1473460739.0000000000, 2
15, Original, Weight, 1379414811.0000000000, 3
15, Original, Weight, 1152412809.0000000000, 4
15, Original, Weight, 1384767319.0000000000, 5
15, Original, Weight, 1357840445.0000000000, 6
15, Original, Weight, 1280981130.0000000000, 7
15, Original, UsedEfficiency, 0.8857145238, 0
15, Knapsack, PreviousEfficiency, 0.9132326455, 0
15, Knapsack, Weight, 1387386118.0000000000, 0
15, Knapsack, Weight, 1296848428.0000000000, 1
15, Knapsack, Weight, 1296351048.0000000000, 2
15, Knapsack, Weight, 1296245270.0000000000, 3
15, Knapsack, Weight, 1293304590.0000000000, 4
15, Knapsack, Weight, 1292107610.0000000000, 5
15, Knapsack, Weight, 1291787801.0000000000, 6
15, Knapsack, Weight, 1286493749.0000000000, 7
15, Knapsack, Efficiency, 0.9406650101, 0
15, Knapsack, UsedEfficiency, 0.9132326455, 0
15, Knapsack, Time, 0.0000243360, 0
15, Karmarkar-Karp, PreviousEfficiency, 0.9149534228, 0
15, Karmarkar-Karp, Weight, 1286493749.0000000000, 0
15, Karmarkar-Karp, Weight, 1291787801.0000000000, 1
15, Karmarkar-Karp, Weight, 1292107610.0000000000, 2
15, Karmarkar-Karp, Weight, 1293304590.0000000000, 3
15, Karmarkar-Karp, Weight, 1296245270.0000000000, 4
15, Karmarkar-Karp, Weight, 1296351048.0000000000, 5
15, Karmarkar-Karp, Weight, 1296848428.0000000000, 6
15, Karmarkar-Karp, Weight, 1387386118.0000000000, 7
15, Karmarkar-Karp, Efficiency, 0.9406650101, 0
15, Karmarkar-Karp, UsedEfficiency, 0.9149534228, 0
15, Karmarkar-Karp, Time, 0.0001216570, 0
15, SFC, PreviousEfficiency, 0.7181121887, 0
15, SFC, Weight, 734543236.0000000000, 0
15, SFC, Weight, 1523005860.0000000000, 1
15, SFC, Weight, 1578310586.0000000000, 2
15, SFC, Weight, 1026539376.0000000000, 3
15, SFC, Weight, 1000000001.0000000000, 4
15, SFC, Weight, 1425940911.0000000000, 5
15, SFC, Weight, 1305966998.0000000000, 6
15, SFC, Weight, 1846217646.0000000000, 7
15, SFC, Efficiency, 0.7068860920, 0
15, SFC, UsedEfficiency, 0.7181121887, 0
15, SFC, Time, 0.0000315980, 0
15, SFC+Knapsack, PreviousEfficiency, 0.8873377737, 0
15, SFC+Knapsack, Weight, 1360896190.0000000000, 0
15, SFC+Knapsack, Weight, 1302747462.0000000000, 1
15, SFC+Knapsack, Weight, 1218162202.0000000000, 2
15, SFC+Knapsack, Weight, 980593204.0000000000, 3
15, SFC+Knapsack, Weight, 1415651296.0000000000, 4
15, SFC+Knapsack, Weight, 1391058415.0000000000, 5
15, SFC+Knapsack, Weight, 1386183971.0000000000, 6
15, SFC+Knapsack, Weight, 1385231874.0000000000, 7
15, SFC+Knapsack, Efficiency, 0.9218835037, 0
15, SFC+Knapsack, UsedEfficiency, 0.8873377737, 0
15, SFC+Knapsack, Time, 0.0000313580, 0
15, SFC+Painter, PreviousEfficiency, 0.7665852845, 0
15, SFC+Painter, Weight, 1702440163.0000000000, 5
15, SFC+Painter, Weight, 1656653433.0000000000, 6
15, SFC+Painter, Weight, 1578310586.0000000000, 2
15, SFC+Painter, Weight, 1354988056.0000000000, 0
15, SFC+Painter, Weight, 1219031959.0000000000, 7
15, SFC+Painter, Weight, 1026539376.0000000000, 3
15, SFC+Painter, Weight, 1000000001.0000000000, 4
15, SFC+Painter, Weight, 902561040.0000000000, 1
15, SFC+Painter, Efficiency, 0.7665852845, 0
15, SFC+Painter, UsedEfficiency, 0.7665852845, 0
15, SFC+Painter, Time, 0.0000358670, 0
15, Painter+Knapsack, PreviousEfficiency, 0.8873377737, 0
15, Painter+Knapsack, Weight, 1360896190.0000000000, 0
15, Painter+Knapsack, Weight, 1302747462.0000000000, 1
15, Painter+Knapsack, Weight, 1218162202.0000000000, 2
15, Painter+Knapsack, Weight, 980593204.0000000000, 3
15, Painter+Knapsack, Weight, 1415651296.0000000000, 4
15, Painter+Knapsack, Weight, 1391058415.0000000000, 5
15, Painter+Knapsack, Weight, 1386183971.0000000000, 6
15, Painter+Knapsack, Weight, 1385231874.0000000000, 7
15, Painter+Knapsack, Efficiency, 0.9218835037, 0
15, Painter+Knapsack, UsedEfficiency, 0.8873377737, 0
15, Painter+Knapsack, Time, 0.0000322000, 0
16, Original, PreviousEfficiency, 0.8818874222, 0
16, Original, Efficiency, 0.8818874222, 0
16, Original, Weight, 1068773642.0000000000, 0
16, Original, Weight, 1299866687.0000000000, 1
16, Original, Weight, 1472736078.0000000000, 2
16, Original, Weight, 1383865715.0000000000, 3
16, Original, Weight, 1148015653.0000000000, 4
16, Original, Weight, 1367301078.0000000000, 5
16, Original, Weight, 1360289805.0000000000, 6
16, Original, Weight, 1289450729.0000000000, 7
16, Original, UsedEfficiency, 0.8818874222, 0
16, Knapsack, PreviousEfficiency, 0.9092200464, 0
16, Knapsack, Weight, 1386245873.0000000000, 0
16, Knapsack, Weight, 1292296038.0000000000, 1
16, Knapsack, Weight, 1292101054.0000000000, 2
16, Knapsack, Weight, 1285848073.0000000000, 3
16, Knapsack, Weight, 1284961828.0000000000, 4
16, Knapsack, Weight, 1284343227.0000000000, 5
16, Knapsack, Weight, 1282811260.0000000000, 6
16, Knapsack, Weight, 1281692034.0000000000, 7
16, Knapsack, Efficiency, 0.9369098575, 0
16, Knapsack, UsedEfficiency, 0.9092200464, 0
16, Knapsack, Time, 0.0000243150, 0
16, Karmarkar-Karp, PreviousEfficiency, 0.9070282561, 0
16, Karmarkar-Karp, Weight, 1281692034.0000000000, 0
16, Karmarkar-Karp, Weight, 1282811260.0000000000, 1
16, Karmarkar-Karp, Weight, 1284343227.0000000000, 2
16, Karmarkar-Karp, Weight, 1284961828.0000000000, 3
16, Karmarkar-Karp, Weight, 1285848073.0000000000, 4
16, Karmarkar-Karp, Weight, 1292101054.0000000000, 5
16, Karmarkar-Karp, Weight, 1292296038.0000000000, 6
16, Karmarkar-Karp, Weight, 1386245873.0000000000, 7
16, Karmarkar-Karp, Efficiency, 0.9369098575, 0
16, Karmarkar-Karp, UsedEfficiency, 0.9070282561, 0
16, Karmarkar-Karp, Time, 0.0001200340, 0
16, SFC, PreviousEfficiency, 0.7245459495, 0
16, SFC, Weight, 724552336.0000000000, 0
16, SFC, Weight, 1525476633.0000000000, 1
16, SFC, Weight, 1577664584.0000000000, 2
16, SFC, Weight, 1005168899.0000000000, 3
16, SFC, Weight, 1000000001.0000000000, 4
16, SFC, Weight, 1431915064.0000000000, 5
16, SFC, Weight, 1304146511.0000000000, 6
16, SFC, Weight, 1821375359.0000000000, 7
16, SFC, Efficiency, 0.7130805943, 0
16, SFC, UsedEfficiency, 0.7245459495, 0
16, SFC, Time, 0.0000293640, 0
16, SFC+Knapsack, PreviousEfficiency, 0.8884413417, 0
16, SFC+Knapsack, Weight, 1366415259.0000000000, 0
16, SFC+Knapsack, Weight, 1274865101.0000000000, 1
16, SFC+Knapsack, Weight, 1207983948.0000000000, 2
16, SFC+Knapsack, Weight, 983598144.0000000000, 3
16, SFC+Knapsack, Weight, 1415025367.0000000000, 4
16, SFC+Knapsack, Weight, 1384872503.0000000000, 5
16, SFC+Knapsack, Weight, 1382486311.0000000000, 6
16, SFC+Knapsack, Weight, 1375052754.0000000000, 7
16, SFC+Knapsack, Efficiency, 0.9178545160, 0
16, SFC+Knapsack, UsedEfficiency, 0.8884413417, 0
16, SFC+Knapsack, Time, 0.0000291750, 0
16, SFC+Painter, PreviousEfficiency, 0.7604153216, 0
16, SFC+Painter, Weight, 1707997441.0000000000, 5
16, SFC+Painter, Weight, 1632200281.0000000000, 6
16, SFC+Painter, Weight, 1577664584.0000000000, 2
16, SFC+Painter, Weight, 1338469844.0000000000, 0
16, SFC+Painter, Weight, 1217239212.0000000000, 7
16, SFC+Painter, Weight, 1005168899.0000000000, 3
16, SFC+Painter, Weight, 1000000001.0000000000, 4
16, SFC+Painter, Weight, 911559125.0000000000, 1
16, SFC+Painter, Efficiency, 0.7604153216, 0
16, SFC+Painter, UsedEfficiency, 0.7604153216, 0
16, SFC+Painter, Time, 0.0000296450, 0
16, Painter+Knapsack, PreviousEfficiency, 0.8884413417, 0
16, Painter+Knapsack, Weight, 1366415259.0000000000, 0
16, Painter+Knapsack, Weight, 1274865101.0000000000, 1
16, Painter+Knapsack, Weight, 1207983948.0000000000, 2
16, Painter+Knapsack, Weight, 983598144.0000000000, 3
16, Painter+Knapsack, Weight, 1415025367.0000000000, 4
16, Painter+Knapsack, Weight, 1384872503.0000000000, 5
16, Painter+Knapsack, Weight, 1382486311.0000000000, 6
16, Painter+Knapsack, Weight, 1375052754.0000000000, 7
16, Painter+Knapsack, Efficiency, 0.9178545160, 0
16, Painter+Knapsack, UsedEfficiency, 0.8884413417, 0
16, Painter+Knapsack, Time, 0.0000250260, 0
17, Original, PreviousEfficiency, 0.8789353750, 0
17, Original, Efficiency, 0.8789353750, 0
17, Original, Weight, 1061208856.0000000000, 0
17, Original, Weight, 1268805618.0000000000, 1
17, Original, Weight, 1472318337.0000000000, 2
17, Original, Weight, 1392058050.0000000000, 3
17, Original, Weight, 1144997393.0000000000, 4
17, Original, Weight, 1350778009.0000000000, 5
17, Original, Weight, 1362177483.0000000000, 6
17, Original, Weight, 1300237611.0000000000, 7
17, Original, UsedEfficiency, 0.8789353750, 0
17, Knapsack, PreviousEfficiency, 0.9061206994, 0
17, Knapsack, Weight, 1371416242.0000000000, 0
17, Knapsack, Weight, 1288425651.0000000000, 1
17, Knapsack, Weight, 1286900969.0000000000, 2
17, Knapsack, Weight, 1285726121.0000000000, 3
17, Knapsack, Weight, 1282027023.0000000000, 4
17, Knapsack, Weight, 1281227139.0000000000, 5
17, Knapsack, Weight, 1278712312.0000000000, 6
17, Knapsack, Weight, 1278145900.0000000000, 7
17, Knapsack, Efficiency, 0.9436031381, 0
17, Knapsack, UsedEfficiency, 0.9061206994, 0
17, Knapsack, Time, 0.0000176330, 0
17, Karmarkar-Karp, PreviousEfficiency, 0.8973962312, 0
17, Karmarkar-Karp, Weight, 1278145900.0000000000, 0
17, Karmarkar-Karp, Weight, 1278712312.0000000000, 1
17, Karmarkar-Karp, Weight, 1281227139.0000000000, 2
17, Karmarkar-Karp, Weight, 1282027023.0000000000, 3
17, Karmarkar-Karp, Weight, 1285726121.0000000000, 4
17, Karmarkar-Karp, Weight, 1286900969.0000000000, 5
17, Karmarkar-Karp, Weight, 1288425651.0000000000, 6
17, Karmarkar-Karp, Weight, 1371416242.0000000000, 7
17, Karmarkar-Karp, Efficiency, 0.9436031381, 0
17, Karmarkar-Karp, UsedEfficiency, 0.8973962312, 0
17, Karmarkar-Karp, Time, 0.0001041340, 0
17, SFC, PreviousEfficiency, 0.7301930267, 0
17, SFC, Weight, 712997910.0000000000, 0
17, SFC, Weight, 1532031332.0000000000, 1
17, SFC, Weight, 1577216741.0000000000, 2
17, SFC, Weight, 984095890.0000000000, 3
17, SFC, Weight, 1000000001.0000000000, 4
17, SFC, Weight, 1442030426.0000000000, 5
17, SFC, Weight, 1303173276.0000000000, 6
17, SFC, Weight, 1801035781.0000000000, 7
17, SFC, Efficiency, 0.7185158026, 0
17, SFC, UsedEfficiency, 0.7301930267, 0
17, SFC, Time, 0.0000221810, 0
17, SFC+Knapsack, PreviousEfficiency, 0.8894469270, 0
17, SFC+Knapsack, Weight, 1374434908.0000000000, 0
17, SFC+Knapsack, Weight, 1245287584.0000000000, 1
17, SFC+Knapsack, Weight, 1200831320.0000000000, 2
17, SFC+Knapsack, Weight, 985788061.0000000000, 3
17, SFC+Knapsack, Weight, 1414651622.0000000000, 4
17, SFC+Knapsack, Weight, 1381284570.0000000000, 5
17, SFC+Knapsack, Weight, 1379532294.0000000000, 6
17, SFC+Knapsack, Weight, 1370770998.0000000000, 7
17, SFC+Knapsack, Efficiency, 0.9147642073, 0
17, SFC+Knapsack, UsedEfficiency, 0.8894469270, 0
17, SFC+Knapsack, Time, 0.0000228830, 0
17, SFC+Painter, PreviousEfficiency, 0.7532966209, 0
17, SFC+Painter, Weight, 1717879297.0000000000, 5
17, SFC+Painter, Weight, 1611934221.0000000000, 6
17, SFC+Painter, Weight, 1577216741.0000000000, 2
17, SFC+Painter, Weight, 1322400550.0000000000, 0
17, SFC+Painter, Weight, 1216425965.0000000000, 7
17, SFC+Painter, Weight, 1000000001.0000000000, 4
17, SFC+Painter, Weight, 984095890.0000000000, 3
17, SFC+Painter, Weight, 922628692.0000000000, 1
17, SFC+Painter, Efficiency, 0.7532966209, 0
17, SFC+Painter, UsedEfficiency, 0.7532966209, 0
17, SFC+Painter, Time, 0.0000512050, 0
17, Painter+Knapsack, PreviousEfficiency, 0.8894469270, 0
17, Painter+Knapsack, Weight, 1374434908.0000000000, 0
17, Painter+Knapsack, Weight, 1245287584.0000000000, 1
17, Painter+Knapsack, Weight, 1200831320.0000000000, 2
17, Painter+Knapsack, Weight, 985788061.0000000000, 3
17, Painter+Knapsack, Weight, 1414651622.0000000000, 4
17, Painter+Knapsack, Weight, 1381284570.0000000000, 5
17, Painter+Knapsack, Weight, 1379532294.0000000000, 6
17, Painter+Knapsack, Weight, 1370770998.0000000000, 7
17, Painter+Knapsack, Efficiency, 0.9147642073, 0
17, Painter+Knapsack, UsedEfficiency, 0.8894469270, 0
17, Painter+Knapsack, Time, 0.0000252370, 0
18, Original, PreviousEfficiency, 0.8779777563, 0
18, Original, Efficiency, 0.8779777563, 0
18, Original, Weight, 1053546034.0000000000, 0
18, Original, Weight, 1257162158.0000000000, 1
18, Original, Weight, 1472216930.0000000000, 2
18, Original, Weight, 1398652520.0000000000, 3
18, Original, Weight, 1143068370.0000000000, 4
18, Original, Weight, 1341353375.0000000000, 5
18, Original, Weight, 1365542671.0000000000, 6
18, Original, Weight, 1309047678.0000000000, 7
18, Original, UsedEfficiency, 0.8779777563, 0
18, Knapsack, PreviousEfficiency, 0.9050901415, 0
18, Knapsack, Weight, 1363639545.0000000000, 0
18, Knapsack, Weight, 1286735293.0000000000, 1
18, Knapsack, Weight, 1284098530.0000000000, 2
18, Knapsack, Weight, 1282518531.0000000000, 3
18, Knapsack, Weight, 1281697261.0000000000, 4
18, Knapsack, Weight, 1281233344.0000000000, 5
18, Knapsack, Weight, 1281206822.0000000000, 6
18, Knapsack, Weight, 1279460410.0000000000, 7
18, Knapsack, Efficiency, 0.9478851811, 0
18, Knapsack, UsedEfficiency, 0.9050901415, 0
18, Knapsack, Time, 0.0000176730, 0
18, Karmarkar-Karp, PreviousEfficiency, 0.8924668989, 0
18, Karmarkar-Karp, Weight, 1279460410.0000000000, 0
18, Karmarkar-Karp, Weight, 1281206822.0000000000, 1
18, Karmarkar-Karp, Weight, 1281233344.0000000000, 2
18, Karmarkar-Karp, Weight, 1281697261.0000000000, 3
18, Karmarkar-Karp, Weight, 1282518531.0000000000, 4
18, Karmarkar-Karp, Weight, 1284098530.0000000000, 5
18, Karmarkar-Karp, Weight, 1286735293.0000000000, 6
18, Karmarkar-Karp, Weight, 1363639545.0000000000, 7
18, Karmarkar-Karp, Efficiency, 0.9478851811, 0
18, Karmarkar-Karp, UsedEfficiency, 0.8924668989, 0
18, Karmarkar-Karp, Time, 0.0001044750, 0
18, SFC, PreviousEfficiency, 0.7297166244, 0
18, SFC, Weight, 703801235.0000000000, 0
18, SFC, Weight, 1535733536.0000000000, 1
18, SFC, Weight, 1578799078.0000000000, 2
18, SFC, Weight, 970801765.0000000000, 3
18, SFC, Weight, 1000000001.0000000000, 4
18, SFC, Weight, 1448315583.0000000000, 5
18, SFC, Weight, 1303002529.0000000000, 6
18, SFC, Weight, 1800136009.0000000000, 7
18, SFC, Efficiency, 0.7180422538, 0
18, SFC, UsedEfficiency, 0.7297166244, 0
18, SFC, Time, 0.0000220610, 0
18, SFC+Knapsack, PreviousEfficiency, 0.8895961907, 0
18, SFC+Knapsack, Weight, 1380740798.0000000000, 0
18, SFC+Knapsack, Weight, 1225326352.0000000000, 1
18, SFC+Knapsack, Weight, 1193782673.0000000000, 2
18, SFC+Knapsack, Weight, 989285791.0000000000, 3
18, SFC+Knapsack, Weight, 1414560481.0000000000, 4
18, SFC+Knapsack, Weight, 1382597961.0000000000, 5
18, SFC+Knapsack, Weight, 1380831191.0000000000, 6
18, SFC+Knapsack, Weight, 1373464489.0000000000, 7
18, SFC+Knapsack, Efficiency, 0.9137634865, 0
18, SFC+Knapsack, UsedEfficiency, 0.8895961907, 0
18, SFC+Knapsack, Time, 0.0000228820, 0
18, SFC+Painter, PreviousEfficiency, 0.7497348594, 0
18, SFC+Painter, Weight, 1724041107.0000000000, 5
18, SFC+Painter, Weight, 1609437402.0000000000, 6
18, SFC+Painter, Weight, 1578799078.0000000000, 2
18, SFC+Painter, Weight, 1308070621.0000000000, 0
18, SFC+Painter, Weight, 1217975612.0000000000, 7
18, SFC+Painter, Weight, 1000000001.0000000000, 4
18, SFC+Painter, Weight, 970801765.0000000000, 3
18, SFC+Painter, Weight, 931464150.0000000000, 1
18, SFC+Painter, Efficiency, 0.7497348594, 0
18, SFC+Painter, UsedEfficiency, 0.7497348594, 0
18, SFC+Painter, Time, 0.0000258780, 0
18, Painter+Knapsack, PreviousEfficiency, 0.8895961907, 0
18, Painter+Knapsack, Weight, 1380740798.0000000000, 0
18, Painter+Knapsack, Weight, 1225326352.0000000000, 1
18, Painter+Knapsack, Weight, 1193782673.0000000000, 2
18, Painter+Knapsack, Weight, 989285791.0000000000, 3
18, Painter+Knapsack, Weight, 1414560481.0000000000, 4
18, Painter+Knapsack, Weight, 1382597961.0000000000, 5
18, Painter+Knapsack, Weight, 1380831191.0000000000, 6
18, Painter+Knapsack, Weight, 1373464489.0000000000, 7
18, Painter+Knapsack, Efficiency, 0.9137634865, 0
18, Painter+Knapsack, UsedEfficiency, 0.8895961907, 0
18, Painter+Knapsack, Time, 0.0000258080, 0
19, Original, PreviousEfficiency, 0.8905386239, 0
19, Original, Efficiency, 0.8905386239, 0
19, Original, Weight, 1057478599.0000000000, 0
19, Original, Weight, 1248264038.0000000000, 1
19, Original, Weight, 1462030419.0000000000, 2
19, Original, Weight, 1421040267.0000000000, 3
19, Original, Weight, 1177921100.0000000000, 4
19, Original, Weight, 1335781306.0000000000, 5
19, Original, Weight, 1379461206.0000000000, 6
19, Original, Weight, 1333979524.0000000000, 7
19, Original, UsedEfficiency, 0.8905386239, 0
19, Knapsack, PreviousEfficiency, 0.9089496584, 0
19, Knapsack, Weight, 1379757035.0000000000, 0
19, Knapsack, Weight, 1296847754.0000000000, 1
19, Knapsack, Weight, 1296715449.0000000000, 2
19, Knapsack, Weight, 1292712368.0000000000, 3
19, Knapsack, Weight, 1289405349.0000000000, 4
19, Knapsack, Weight, 1287120682.0000000000, 5
19, Knapsack, Weight, 1287010316.0000000000, 6
19, Knapsack, Weight, 1286387506.0000000000, 7
19, Knapsack, Efficiency, 0.9436404558, 0
19, Knapsack, UsedEfficiency, 0.9089496584, 0
19, Knapsack, Time, 0.0000194170, 0
19, Karmarkar-Karp, PreviousEfficiency, 0.8886210305, 0
19, Karmarkar-Karp, Weight, 1286387506.0000000000, 0
19, Karmarkar-Karp, Weight, 1287010316.0000000000, 1
19, Karmarkar-Karp, Weight, 1287120682.0000000000, 2
19, Karmarkar-Karp, Weight, 1289405349.0000000000, 3
19, Karmarkar-Karp, Weight, 1292712368.0000000000, 4
19, Karmarkar-Karp, Weight, 1296715449.0000000000, 5
19, Karmarkar-Karp, Weight, 1296847754.0000000000, 6
19, Karmarkar-Karp, Weight, 1379757035.0000000000, 7
19, Karmarkar-Karp, Efficiency, 0.9436404558, 0
19, Karmarkar-Karp, UsedEfficiency, 0.8886210305, 0
19, Karmarkar-Karp, Time, 0.0001034430, 0
19, SFC, PreviousEfficiency, 0.7299289730, 0
19, SFC, Weight, 696698481.0000000000, 0
19, SFC, Weight, 1559587450.0000000000, 1
19, SFC, Weight, 1593056210.0000000000, 2
19, SFC, Weight, 962046389.0000000000, 3
19, SFC, Weight, 982216733.0000000000, 4
19, SFC, Weight, 1465185397.0000000000, 5
19, SFC, Weight, 1325117474.0000000000, 6
19, SFC, Weight, 1832048325.0000000000, 7
19, SFC, Efficiency, 0.7106769727, 0
19, SFC, UsedEfficiency, 0.7299289730, 0
19, SFC, Time, 0.0000216800, 0
19, SFC+Knapsack, PreviousEfficiency, 0.8892462505, 0
19, SFC+Knapsack, Weight, 1403935041.0000000000, 0
19, SFC+Knapsack, Weight, 1207831775.0000000000, 1
19, SFC+Knapsack, Weight, 1199621713.0000000000, 2
19, SFC+Knapsack, Weight, 1000000001.0000000000, 3
19, SFC+Knapsack, Weight, 1438389436.0000000000, 4
19, SFC+Knapsack, Weight, 1395947423.0000000000, 5
19, SFC+Knapsack, Weight, 1385168091.0000000000, 6
19, SFC+Knapsack, Weight, 1385062979.0000000000, 7
19, SFC+Knapsack, Efficiency, 0.9051752778, 0
19, SFC+Knapsack, UsedEfficiency, 0.8892462505, 0
19, SFC+Knapsack, Time, 0.0000228130, 0
19, SFC+Painter, PreviousEfficiency, 0.7468841327, 0
19, SFC+Painter, Weight, 1726829063.0000000000, 4
19, SFC+Painter, Weight, 1701470908.0000000000, 6
19, SFC+Painter, Weight, 1622658781.0000000000, 5
19, SFC+Painter, Weight, 1593056210.0000000000, 2
19, SFC+Painter, Weight, 1303263985.0000000000, 0
19, SFC+Painter, Weight, 962046389.0000000000, 3
19, SFC+Painter, Weight, 953021946.0000000000, 1
19, SFC+Painter, Weight, 553609177.0000000000, 7
19, SFC+Painter, Efficiency, 0.7539799887, 0
19, SFC+Painter, UsedEfficiency, 0.7468841327, 0
19, SFC+Painter, Time, 0.0000262490, 0
19, Painter+Knapsack, PreviousEfficiency, 0.8892462505, 0
19, Painter+Knapsack, Weight, 1403935041.0000000000, 0
19, Painter+Knapsack, Weight, 1207831775.0000000000, 1
19, Painter+Knapsack, Weight, 1199621713.0000000000, 2
19, Painter+Knapsack, Weight, 1000000001.0000000000, 3
19, Painter+Knapsack, Weight, 1438389436.0000000000, 4
19, Painter+Knapsack, Weight, 1395947423.0000000000, 5
19, Painter+Knapsack, Weight, 1385168091.0000000000, 6
19, Painter+Knapsack, Weight, 1385062979.0000000000, 7
19, Painter+Knapsack, Efficiency, 0.9051752778, 0
19, Painter+Knapsack, UsedEfficiency, 0.8892462505, 0
19, Painter+Knapsack, Time, 0.0000256080, 0
20, Original, PreviousEfficiency, 0.9027725950, 0
20, Original, Efficiency, 0.9027725950, 0
20, Original, Weight, 1062984820.0000000000, 0
20, Original, Weight, 1232500864.0000000000, 1
20, Original, Weight, 1454502413.0000000000, 2
20, Original, Weight, 1442855147.0000000000, 3
20, Original, Weight, 1226279734.0000000000, 4
20, Original, Weight, 1327690294.0000000000, 5
20, Original, Weight, 1383109408.0000000000, 6
20, Original, Weight, 1374756663.0000000000, 7
20, Original, UsedEfficiency, 0.9027725950, 0
20, Knapsack, PreviousEfficiency, 0.8879023048, 0
20, Knapsack, Weight, 1395689944.0000000000, 0
20, Knapsack, Weight, 1303452077.0000000000, 1
20, Knapsack, Weight, 1303270030.0000000000, 2
20, Knapsack, Weight, 1303146816.0000000000, 3
20, Knapsack, Weight, 1302159644.0000000000, 4
20, Knapsack, Weight, 1301307444.0000000000, 5
20, Knapsack, Weight, 1299255671.0000000000, 6
20, Knapsack, Weight, 1296397717.0000000000, 7
20, Knapsack, Efficiency, 0.9408141998, 0
20, Knapsack, UsedEfficiency, 0.8879023048, 0
20, Knapsack, Time, 0.0000170220, 0
20, Karmarkar-Karp, PreviousEfficiency, 0.8749794679, 0
20, Karmarkar-Karp, Weight, 1296397717.0000000000, 0
20, Karmarkar-Karp, Weight, 1299255671.0000000000, 1
20, Karmarkar-Karp, Weight, 1301307444.0000000000, 2
20, Karmarkar-Karp, Weight, 1302159644.0000000000, 3
20, Karmarkar-Karp, Weight, 1303146816.0000000000, 4
20, Karmarkar-Karp, Weight, 1303270030.0000000000, 5
20, Karmarkar-Karp, Weight, 1303452077.0000000000, 6
20, Karmarkar-Karp, Weight, 1395689944.0000000000, 7
20, Karmarkar-Karp, Efficiency, 0.9408141998, 0
20, Karmarkar-Karp, UsedEfficiency, 0.8749794679, 0
20, Karmarkar-Karp, Time, 0.0000908890, 0
20, SFC, PreviousEfficiency, 0.7324587847, 0
20, SFC, Weight, 1297323229.0000000000, 0
20, SFC, Weight, 978158241.0000000000, 1
20, SFC, Weight, 1597786893.0000000000, 2
20, SFC, Weight, 962671132.0000000000, 3
20, SFC, Weight, 1691672161.0000000000, 4
20, SFC, Weight, 1326153003.0000000000, 5
20, SFC, Weight, 858206418.0000000000, 6
20, SFC, Weight, 1792708266.0000000000, 7
20, SFC, Efficiency, 0.7324587847, 0
20, SFC, UsedEfficiency, 0.7324587847, 0
20, SFC, Time, 0.0000245660, 0
20, SFC+Knapsack, PreviousEfficiency, 0.8828428683, 0
20, SFC+Knapsack, Weight, 1431650552.0000000000, 0
20, SFC+Knapsack, Weight, 1207279401.0000000000, 1
20, SFC+Knapsack, Weight, 1197009541.0000000000, 2
20, SFC+Knapsack, Weight, 1000000001.0000000000, 3
20, SFC+Knapsack, Weight, 1443892534.0000000000, 4
20, SFC+Knapsack, Weight, 1413015070.0000000000, 5
20, SFC+Knapsack, Weight, 1408560210.0000000000, 6
20, SFC+Knapsack, Weight, 1403272034.0000000000, 7
20, SFC+Knapsack, Efficiency, 0.9094062660, 0
20, SFC+Knapsack, UsedEfficiency, 0.8828428683, 0
20, SFC+Knapsack, Time, 0.0000201370, 0
20, SFC+Painter, PreviousEfficiency, 0.7502509614, 0
20, SFC+Painter, Weight, 1691672161.0000000000, 4
20, SFC+Painter, Weight, 1597786893.0000000000, 2
20, SFC+Painter, Weight, 1383413586.0000000000, 6
20, SFC+Painter, Weight, 1345615979.0000000000, 5
20, SFC+Painter, Weight, 1297323229.0000000000, 0
20, SFC+Painter, Weight, 1248038122.0000000000, 7
20, SFC+Painter, Weight, 978158241.0000000000, 1
20, SFC+Painter, Weight, 962671132.0000000000, 3
20, SFC+Painter, Efficiency, 0.7762053122, 0
20, SFC+Painter, UsedEfficiency, 0.7502509614, 0
20, SFC+Painter, Time, 0.0000285440, 0
20, Painter+Knapsack, PreviousEfficiency, 0.8828428683, 0
20, Painter+Knapsack, Weight, 1431650552.0000000000, 0
20, Painter+Knapsack, Weight, 1207279401.0000000000, 1
20, Painter+Knapsack, Weight, 1197009541.0000000000, 2
20, Painter+Knapsack, Weight, 1000000001.0000000000, 3
20, Painter+Knapsack, Weight, 1443892534.0000000000, 4
20, Painter+Knapsack, Weight, 1413015070.0000000000, 5
20, Painter+Knapsack, Weight, 1408560210.0000000000, 6
20, Painter+Knapsack, Weight, 1403272034.0000000000, 7
20, Painter+Knapsack, Efficiency, 0.9094062660, 0
20, Painter+Knapsack, UsedEfficiency, 0.8828428683, 0
20, Painter+Knapsack, Time, 0.0000232630, 0
21, Original, PreviousEfficiency, 0.8983691791, 0
21, Original, Efficiency, 0.8983691791, 0
21, Original, Weight, 1069576614.0000000000, 0
21, Original, Weight, 1223851720.0000000000, 1
21, Original, Weight, 1474472347.0000000000, 2
21, Original, Weight, 1466036667.0000000000, 3
21, Original, Weight, 1244985794.0000000000, 4
21, Original, Weight, 1319120607.0000000000, 5
21, Original, Weight, 1378760355.0000000000, 6
21, Original, Weight, 1420159992.0000000000, 7
21, Original, UsedEfficiency, 0.8983691791, 0
21, Knapsack, PreviousEfficiency, 0.8755661579, 0
21, Knapsack, Weight, 1401346652.0000000000, 0
21, Knapsack, Weight, 1315760944.0000000000, 1
21, Knapsack, Weight, 1315167125.0000000000, 2
21, Knapsack, Weight, 1314475124.0000000000, 3
21, Knapsack, Weight, 1313497102.0000000000, 4
21, Knapsack, Weight, 1313337801.0000000000, 5
21, Knapsack, Weight, 1312480388.0000000000, 6
21, Knapsack, Weight, 1310898960.0000000000, 7
21, Knapsack, Efficiency, 0.9452482797, 0
21, Knapsack, UsedEfficiency, 0.8755661579, 0
21, Knapsack, Time, 0.0000168410, 0
21, Karmarkar-Karp, PreviousEfficiency, 0.8801992251, 0
21, Karmarkar-Karp, Weight, 1310898960.0000000000, 0
21, Karmarkar-Karp, Weight, 1312480388.0000000000, 1
21, Karmarkar-Karp, Weight, 1313337801.0000000000, 2
21, Karmarkar-Karp, Weight, 1313497102.0000000000, 3
21, Karmarkar-Karp, Weight, 1314475124.0000000000, 4
21, Karmarkar-Karp, Weight, 1315167125.0000000000, 5
21, Karmarkar-Karp, Weight, 1315760944.0000000000, 6
21, Karmarkar-Karp, Weight, 1401346652.0000000000, 7
21, Karmarkar-Karp, Efficiency, 0.9452482797, 0
21, Karmarkar-Karp, UsedEfficiency, 0.8801992251, 0
21, Karmarkar-Karp, Time, 0.0000905990, 0
21, SFC, PreviousEfficiency, 0.7326903497, 0
21, SFC, Weight, 1295062150.0000000000, 0
21, SFC, Weight, 1000000001.0000000000, 1
21, SFC, Weight, 1594701039.0000000000, 2
21, SFC, Weight, 961208078.0000000000, 3
21, SFC, Weight, 1688380237.0000000000, 4
21, SFC, Weight, 1342589989.0000000000, 5
21, SFC, Weight, 907136757.0000000000, 6
21, SFC, Weight, 1807885845.0000000000, 7
21, SFC, Efficiency, 0.7326903497, 0
21, SFC, UsedEfficiency, 0.7326903497, 0
21, SFC, Time, 0.0000228430, 0
21, SFC+Knapsack, PreviousEfficiency, 0.8802045020, 0
21, SFC+Knapsack, Weight, 1448343974.0000000000, 0
21, SFC+Knapsack, Weight, 1215933679.0000000000, 1
21, SFC+Knapsack, Weight, 1186693614.0000000000, 2
21, SFC+Knapsack, Weight, 1000000001.0000000000, 3
21, SFC+Knapsack, Weight, 1451544801.0000000000, 4
21, SFC+Knapsack, Weight, 1433297969.0000000000, 5
21, SFC+Knapsack, Weight, 1431743226.0000000000, 6
21, SFC+Knapsack, Weight, 1429406832.0000000000, 7
21, SFC+Knapsack, Efficiency, 0.9125591653, 0
21, SFC+Knapsack, UsedEfficiency, 0.8802045020, 0
21, SFC+Knapsack, Time, 0.0000221110, 0
21, SFC+Painter, PreviousEfficiency, 0.7501099013, 0
21, SFC+Painter, Weight, 1688380237.0000000000, 4
21, SFC+Painter, Weight, 1594701039.0000000000, 2
21, SFC+Painter, Weight, 1409881770.0000000000, 6
21, SFC+Painter, Weight, 1381903941.0000000000, 5
21, SFC+Painter, Weight, 1295062150.0000000000, 0
21, SFC+Painter, Weight, 1265826880.0000000000, 7
21, SFC+Painter, Weight, 1000000001.0000000000, 1
21, SFC+Painter, Weight, 961208078.0000000000, 3
21, SFC+Painter, Efficiency, 0.7845510644, 0
21, SFC+Painter, UsedEfficiency, 0.7501099013, 0
21, SFC+Painter, Time, 0.0000270500, 0
21, Painter+Knapsack, PreviousEfficiency, 0.8802045020, 0
21, Painter+Knapsack, Weight, 1448343974.0000000000, 0
21, Painter+Knapsack, Weight, 1215933679.0000000000, 1
21, Painter+Knapsack, Weight, 1186693614.0000000000, 2
21, Painter+Knapsack, Weight, 1000000001.0000000000, 3
21, Painter+Knapsack, Weight, 1451544801.0000000000, 4
21, Painter+Knapsack, Weight, 1433297969.0000000000, 5
21, Painter+Knapsack, Weight, 1431743226.0000000000, 6
21, Painter+Knapsack, Weight, 1429406832.0000000000, 7
21, Painter+Knapsack, Efficiency, 0.9125591653, 0
21, Painter+Knapsack, UsedEfficiency, 0.8802045020, 0
21, Painter+Knapsack, Time, 0.0000248070, 0
22, Original, PreviousEfficiency, 0.8928937089, 0
22, Original, Efficiency, 0.8928937089, 0
22, Original, Weight, 1056752426.0000000000, 0
22, Original, Weight, 1190212222.0000000000, 1
22, Original, Weight, 1468223072.0000000000, 2
22, Original, Weight, 1458278216.0000000000, 3
22, Original, Weight, 1233984812.0000000000, 4
22, Original, Weight, 1295933600.0000000000, 5
22, Original, Weight, 1351438769.0000000000, 6
22, Original, Weight, 1432914037.0000000000, 7
22, Original, UsedEfficiency, 0.8928937089, 0
22, Knapsack, PreviousEfficiency, 0.8705866920, 0
22, Knapsack, Weight, 1383466958.0000000000, 0
22, Knapsack, Weight, 1304504240.0000000000, 1
22, Knapsack, Weight, 1301777159.0000000000, 2
22, Knapsack, Weight, 1301513914.0000000000, 3
22, Knapsack, Weight, 1300833267.0000000000, 4
22, Knapsack, Weight, 1300437335.0000000000, 5
22, Knapsack, Weight, 1299042939.0000000000, 6
22, Knapsack, Weight, 1296161342.0000000000, 7
22, Knapsack, Efficiency, 0.9475955582, 0
22, Knapsack, UsedEfficiency, 0.8705866920, 0
22, Knapsack, Time, 0.0000164810, 0
22, Karmarkar-Karp, PreviousEfficiency, 0.8893677990, 0
22, Karmarkar-Karp, Weight, 1296161342.0000000000, 0
22, Karmarkar-Karp, Weight, 1299042939.0000000000, 1
22, Karmarkar-Karp, Weight, 1300437335.0000000000, 2
22, Karmarkar-Karp, Weight, 1300833267.0000000000, 3
22, Karmarkar-Karp, Weight, 1301513914.0000000000, 4
22, Karmarkar-Karp, Weight, 1301777159.0000000000, 5
22, Karmarkar-Karp, Weight, 1304504240.0000000000, 6
22, Karmarkar-Karp, Weight, 1383466958.0000000000, 7
22, Karmarkar-Karp, Efficiency, 0.9475955582, 0
22, Karmarkar-Karp, UsedEfficiency, 0.8893677990, 0
22, Karmarkar-Karp, Time, 0.0000849590, 0
22, SFC, PreviousEfficiency, 0.7342716488, 0
22, SFC, Weight, 1269295091.0000000000, 0
22, SFC, Weight, 1000000001.0000000000, 1
22, SFC, Weight, 1564793640.0000000000, 2
22, SFC, Weight, 944846374.0000000000, 3
22, SFC, Weight, 1669779369.0000000000, 4
22, SFC, Weight, 1348013324.0000000000, 5
22, SFC, Weight, 905611340.0000000000, 6
22, SFC, Weight, 1785398015.0000000000, 7
22, SFC, Efficiency, 0.7342716488, 0
22, SFC, UsedEfficiency, 0.7342716488, 0
22, SFC, Time, 0.0000231530, 0
22, SFC+Knapsack, PreviousEfficiency, 0.8777646753, 0
22, SFC+Knapsack, Weight, 1419517762.0000000000, 0
22, SFC+Knapsack, Weight, 1202028304.0000000000, 1
22, SFC+Knapsack, Weight, 1157389039.0000000000, 2
22, SFC+Knapsack, Weight, 1000000001.0000000000, 3
22, SFC+Knapsack, Weight, 1436192784.0000000000, 4
22, SFC+Knapsack, Weight, 1429512873.0000000000, 5
22, SFC+Knapsack, Weight, 1424263051.0000000000, 6
22, SFC+Knapsack, Weight, 1418833340.0000000000, 7
22, SFC+Knapsack, Efficiency, 0.9128072212, 0
22, SFC+Knapsack, UsedEfficiency, 0.8777646753, 0
22, SFC+Knapsack, Time, 0.0000211190, 0
22, SFC+Painter, PreviousEfficiency, 0.7438826593, 0
22, SFC+Painter, Weight, 1669779369.0000000000, 4
22, SFC+Painter, Weight, 1564793640.0000000000, 2
22, SFC+Painter, Weight, 1392994271.0000000000, 6
22, SFC+Painter, Weight, 1386982742.0000000000, 5
22, SFC+Painter, Weight, 1269295091.0000000000, 0
22, SFC+Painter, Weight, 1259045666.0000000000, 7
22, SFC+Painter, Weight, 1000000001.0000000000, 1
22, SFC+Painter, Weight, 944846374.0000000000, 3
22, SFC+Painter, Efficiency, 0.7851139909, 0
22, SFC+Painter, UsedEfficiency, 0.7438826593, 0
22, SFC+Painter, Time, 0.0000263900, 0
22, Painter+Knapsack, PreviousEfficiency, 0.8777646753, 0
22, Painter+Knapsack, Weight, 1419517762.0000000000, 0
22, Painter+Knapsack, Weight, 1202028304.0000000000, 1
22, Painter+Knapsack, Weight, 1157389039.0000000000, 2
22, Painter+Knapsack, Weight, 1000000001.0000000000, 3
22, Painter+Knapsack, Weight, 1436192784.0000000000, 4
22, Painter+Knapsack, Weight, 1429512873.0000000000, 5
22, Painter+Knapsack, Weight, 1424263051.0000000000, 6
22, Painter+Knapsack, Weight, 1418833340.0000000000, 7
22, Painter+Knapsack, Efficiency, 0.9128072212, 0
22, Painter+Knapsack, UsedEfficiency, 0.8777646753, 0
22, Painter+Knapsack, Time, 0.0000246660, 0
23, Original, PreviousEfficiency, 0.8867235371, 0
23, Original, Efficiency, 0.8867235371, 0
23, Original, Weight, 1047222096.0000000000, 0
23, Original, Weight, 1165011764.0000000000, 1
23, Original, Weight, 1467580451.0000000000, 2
23, Original, Weight, 1453058685.0000000000, 3
23, Original, Weight, 1217021100.0000000000, 4
23, Original, Weight, 1283753561.0000000000, 5
23, Original, Weight, 1338946656.0000000000, 6
23, Original, Weight, 1438110715.0000000000, 7
23, Original, UsedEfficiency, 0.8867235371, 0
23, Knapsack, PreviousEfficiency, 0.8736528643, 0
23, Knapsack, Weight, 1374465190.0000000000, 0
23, Knapsack, Weight, 1297072363.0000000000, 1
23, Knapsack, Weight, 1292219626.0000000000, 2
23, Knapsack, Weight, 1291844842.0000000000, 3
23, Knapsack, Weight, 1290347046.0000000000, 4
23, Knapsack, Weight, 1289831646.0000000000, 5
23, Knapsack, Weight, 1288396649.0000000000, 6
23, Knapsack, Weight, 1286527666.0000000000, 7
23, Knapsack, Efficiency, 0.9467959887, 0
23, Knapsack, UsedEfficiency, 0.8736528643, 0
23, Knapsack, Time, 0.0000175420, 0
23, Karmarkar-Karp, PreviousEfficiency, 0.8971503951, 0
23, Karmarkar-Karp, Weight, 1286527666.0000000000, 0
23, Karmarkar-Karp, Weight, 1288396649.0000000000, 1
23, Karmarkar-Karp, Weight, 1289831646.0000000000, 2
23, Karmarkar-Karp, Weight, 1290347046.0000000000, 3
23, Karmarkar-Karp, Weight, 1291844842.0000000000, 4
23, Karmarkar-Karp, Weight, 1292219626.0000000000, 5
23, Karmarkar-Karp, Weight, 1297072363.0000000000, 6
23, Karmarkar-Karp, Weight, 1374465190.0000000000, 7
23, Karmarkar-Karp, Efficiency, 0.9467959887, 0
23, Karmarkar-Karp, UsedEfficiency, 0.8971503951, 0
23, Karmarkar-Karp, Time, 0.0000837160, 0
23, SFC, PreviousEfficiency, 0.7345579454, 0
23, SFC, Weight, 1249612291.0000000000, 0
23, SFC, Weight, 1000000001.0000000000, 1
23, SFC, Weight, 1549892977.0000000000, 2
23, SFC, Weight, 931372642.0000000000, 3
23, SFC, Weight, 1669047960.0000000000, 4
23, SFC, Weight, 1347095420.0000000000, 5
23, SFC, Weight, 892090173.0000000000, 6
23, SFC, Weight, 1771593564.0000000000, 7
23, SFC, Efficiency, 0.7345579454, 0
23, SFC, UsedEfficiency, 0.7345579454, 0
23, SFC, Time, 0.0000215500, 0
23, SFC+Knapsack, PreviousEfficiency, 0.8768309054, 0
23, SFC+Knapsack, Weight, 1404704742.0000000000, 0
23, SFC+Knapsack, Weight, 1192410331.0000000000, 1
23, SFC+Knapsack, Weight, 1133762837.0000000000, 2
23, SFC+Knapsack, Weight, 1000000001.0000000000, 3
23, SFC+Knapsack, Weight, 1424532064.0000000000, 4
23, SFC+Knapsack, Weight, 1423952788.0000000000, 5
23, SFC+Knapsack, Weight, 1415996381.0000000000, 6
23, SFC+Knapsack, Weight, 1415345884.0000000000, 7
23, SFC+Knapsack, Efficiency, 0.9135197174, 0
23, SFC+Knapsack, UsedEfficiency, 0.8768309054, 0
23, SFC+Knapsack, Time, 0.0000223620, 0
23, SFC+Painter, PreviousEfficiency, 0.7463212346, 0
23, SFC+Painter, Weight, 1669047960.0000000000, 4
23, SFC+Painter, Weight, 1549892977.0000000000, 2
23, SFC+Painter, Weight, 1385825610.0000000000, 5
23, SFC+Painter, Weight, 1368746980.0000000000, 6
23, SFC+Painter, Weight, 1256206567.0000000000, 7
23, SFC+Painter, Weight, 1249612291.0000000000, 0
23, SFC+Painter, Weight, 1000000001.0000000000, 1
23, SFC+Painter, Weight, 931372642.0000000000, 3
23, SFC+Painter, Efficiency, 0.7796888763, 0
23, SFC+Painter, UsedEfficiency, 0.7463212346, 0
23, SFC+Painter, Time, 0.0000250070, 0
23, Painter+Knapsack, PreviousEfficiency, 0.8768309054, 0
23, Painter+Knapsack, Weight, 1404704742.0000000000, 0
23, Painter+Knapsack, Weight, 1192410331.0000000000, 1
23, Painter+Knapsack, Weight, 1133762837.0000000000, 2
23, Painter+Knapsack, Weight, 1000000001.0000000000, 3
23, Painter+Knapsack, Weight, 1424532064.0000000000, 4
23, Painter+Knapsack, Weight, 1423952788.0000000000, 5
23, Painter+Knapsack, Weight, 1415996381.0000000000, 6
23, Painter+Knapsack, Weight, 1415345884.0000000000, 7
23, Painter+Knapsack, Efficiency, 0.9135197174, 0
23, Painter+Knapsack, UsedEfficiency, 0.8768309054, 0
23, Painter+Knapsack, Time, 0.0000243450, 0
24, Original, PreviousEfficiency, 0.8846446426, 0
24, Original, Efficiency, 0.8846446426, 0
24, Original, Weight, 1041269755.0000000000, 0
24, Original, Weight, 1145377692.0000000000, 1
24, Original, Weight, 1464048269.0000000000, 2
24, Original, Weight, 1450848154.0000000000, 3
24, Original, Weight, 1198370925.0000000000, 4
24, Original, Weight, 1282241033.0000000000, 5
24, Original, Weight, 1340790758.0000000000, 6
24, Original, Weight, 1438353076.0000000000, 7
24, Original, UsedEfficiency, 0.8846446426, 0
24, Knapsack, PreviousEfficiency, 0.8815896144, 0
24, Knapsack, Weight, 1354354899.0000000000, 0
24, Knapsack, Weight, 1290284232.0000000000, 1
24, Knapsack, Weight, 1290193746.0000000000, 2
24, Knapsack, Weight, 1289519791.0000000000, 3
24, Knapsack, Weight, 1287267551.0000000000, 4
24, Knapsack, Weight, 1285473751.0000000000, 5
24, Knapsack, Weight, 1283354292.0000000000, 6
24, Knapsack, Weight, 1280851400.0000000000, 7
24, Knapsack, Efficiency, 0.9562947339, 0
24, Knapsack, UsedEfficiency, 0.8815896144, 0
24, Knapsack, Time, 0.0000188850, 0
24, Karmarkar-Karp, PreviousEfficiency, 0.8911934728, 0
24, Karmarkar-Karp, Weight, 1280851400.0000000000, 0
24, Karmarkar-Karp, Weight, 1283354292.0000000000, 1
24, Karmarkar-Karp, Weight, 1285473751.0000000000, 2
24, Karmarkar-Karp, Weight, 1287267551.0000000000, 3
24, Karmarkar-Karp, Weight, 1289519791.0000000000, 4
24, Karmarkar-Karp, Weight, 1290193746.0000000000, 5
24, Karmarkar-Karp, Weight, 1290284232.0000000000, 6
24, Karmarkar-Karp, Weight, 1354354899.0000000000, 7
24, Karmarkar-Karp, Efficiency, 0.9562947339, 0
24, Karmarkar-Karp, UsedEfficiency, 0.8911934728, 0
24, Karmarkar-Karp, Time, 0.0000939050, 0
24, SFC, PreviousEfficiency, 0.7354229577, 0
24, SFC, Weight, 1236591213.0000000000, 0
24, SFC, Weight, 1000000001.0000000000, 1
24, SFC, Weight, 1548947782.0000000000, 2
24, SFC, Weight, 921445923.0000000000, 3
24, SFC, Weight, 1679065731.0000000000, 4
24, SFC, Weight, 1344465354.0000000000, 5
24, SFC, Weight, 869671302.0000000000, 6
24, SFC, Weight, 1761112356.0000000000, 7
24, SFC, Efficiency, 0.7354229577, 0
24, SFC, UsedEfficiency, 0.7354229577, 0
24, SFC, Time, 0.0000246560, 0
24, SFC+Knapsack, PreviousEfficiency, 0.8772532452, 0
24, SFC+Knapsack, Weight, 1404215654.0000000000, 0
24, SFC+Knapsack, Weight, 1186001883.0000000000, 1
24, SFC+Knapsack, Weight, 1116767381.0000000000, 2
24, SFC+Knapsack, Weight, 1000000001.0000000000, 3
24, SFC+Knapsack, Weight, 1416296591.0000000000, 4
24, SFC+Knapsack, Weight, 1415295740.0000000000, 5
24, SFC+Knapsack, Weight, 1412353800.0000000000, 6
24, SFC+Knapsack, Weight, 1410368612.0000000000, 7
24, SFC+Knapsack, Efficiency, 0.9144712103, 0
24, SFC+Knapsack, UsedEfficiency, 0.8772532452, 0
24, SFC+Knapsack, Time, 0.0000203380, 0
24, SFC+Painter, PreviousEfficiency, 0.7471911192, 0
24, SFC+Painter, Weight, 1679065731.0000000000, 4
24, SFC+Painter, Weight, 1548947782.0000000000, 2
24, SFC+Painter, Weight, 1383056620.0000000000, 5
24, SFC+Painter, Weight, 1336074121.0000000000, 6
24, SFC+Painter, Weight, 1256118271.0000000000, 7
24, SFC+Painter, Weight, 1236591213.0000000000, 0
24, SFC+Painter, Weight, 1000000001.0000000000, 1
24, SFC+Painter, Weight, 921445923.0000000000, 3
24, SFC+Painter, Efficiency, 0.7713589968, 0
24, SFC+Painter, UsedEfficiency, 0.7471911192, 0
24, SFC+Painter, Time, 0.0000289140, 0
24, Painter+Knapsack, PreviousEfficiency, 0.8772532452, 0
24, Painter+Knapsack, Weight, 1404215654.0000000000, 0
24, Painter+Knapsack, Weight, 1186001883.0000000000, 1
24, Painter+Knapsack, Weight, 1116767381.0000000000, 2
24, Painter+Knapsack, Weight, 1000000001.0000000000, 3
24, Painter+Knapsack, Weight, 1416296591.0000000000, 4
24, Painter+Knapsack, Weight, 1415295740.0000000000, 5
24, Painter+Knapsack, Weight, 1412353800.0000000000, 6
24, Painter+Knapsack, Weight, 1410368612.0000000000, 7
24, Painter+Knapsack, Efficiency, 0.9144712103, 0
24, Painter+Knapsack, UsedEfficiency, 0.8772532452, 0
24, Painter+Knapsack, Time, 0.0000228230, 0
25, Original, PreviousEfficiency, 0.8853267082, 0
25, Original, Efficiency, 0.8853267082, 0
25, Original, Weight, 1037007197.0000000000, 0
25, Original, Weight, 1131859353.0000000000, 1
25, Original, Weight, 1458905406.0000000000, 2
25, Original, Weight, 1454917284.0000000000, 3
25, Original, Weight, 1178618882.0000000000, 4
25, Original, Weight, 1284500233.0000000000, 5
25, Original, Weight, 1351994158.0000000000, 6
25, Original, Weight, 1435060852.0000000000, 7
25, Original, UsedEfficiency, 0.8853267082, 0
25, Knapsack, PreviousEfficiency, 0.8921384668, 0
25, Knapsack, Weight, 1341356113.0000000000, 0
25, Knapsack, Weight, 1293497403.0000000000, 1
25, Knapsack, Weight, 1287048822.0000000000, 2
25, Knapsack, Weight, 1286120292.0000000000, 3
25, Knapsack, Weight, 1284670553.0000000000, 4
25, Knapsack, Weight, 1281220798.0000000000, 5
25, Knapsack, Weight, 1280673719.0000000000, 6
25, Knapsack, Weight, 1278275665.0000000000, 7
25, Knapsack, Efficiency, 0.9629120173, 0
25, Knapsack, UsedEfficiency, 0.8921384668, 0
25, Knapsack, Time, 0.0000163610, 0
25, Karmarkar-Karp, PreviousEfficiency, 0.8819944989, 0
25, Karmarkar-Karp, Weight, 1278275665.0000000000, 0
25, Karmarkar-Karp, Weight, 1280673719.0000000000, 1
25, Karmarkar-Karp, Weight, 1281220798.0000000000, 2
25, Karmarkar-Karp, Weight, 1284670553.0000000000, 3
25, Karmarkar-Karp, Weight, 1286120292.0000000000, 4
25, Karmarkar-Karp, Weight, 1287048822.0000000000, 5
25, Karmarkar-Karp, Weight, 1293497403.0000000000, 6
25, Karmarkar-Karp, Weight, 1341356113.0000000000, 7
25, Karmarkar-Karp, Efficiency, 0.9629120173, 0
25, Karmarkar-Karp, UsedEfficiency, 0.8819944989, 0
25, Karmarkar-Karp, Time, 0.0000801390, 0
25, SFC, PreviousEfficiency, 0.7356442892, 0
25, SFC, Weight, 1227184663.0000000000, 0
25, SFC, Weight, 1000000001.0000000000, 1
25, SFC, Weight, 1556993146.0000000000, 2
25, SFC, Weight, 913718401.0000000000, 3
25, SFC, Weight, 1691445150.0000000000, 4
25, SFC, Weight, 1346066719.0000000000, 5
25, SFC, Weight, 841704660.0000000000, 6
25, SFC, Weight, 1755750625.0000000000, 7
25, SFC, Efficiency, 0.7356442892, 0
25, SFC, UsedEfficiency, 0.7356442892, 0
25, SFC, Time, 0.0000213900, 0
25, SFC+Knapsack, PreviousEfficiency, 0.8783977262, 0
25, SFC+Knapsack, Weight, 1411885755.0000000000, 0
25, SFC+Knapsack, Weight, 1182114588.0000000000, 1
25, SFC+Knapsack, Weight, 1103895867.0000000000, 2
25, SFC+Knapsack, Weight, 1000000001.0000000000, 3
25, SFC+Knapsack, Weight, 1413625635.0000000000, 4
25, SFC+Knapsack, Weight, 1410551880.0000000000, 5
25, SFC+Knapsack, Weight, 1407248171.0000000000, 6
25, SFC+Knapsack, Weight, 1403541468.0000000000, 7
25, SFC+Knapsack, Efficiency, 0.9136845630, 0
25, SFC+Knapsack, UsedEfficiency, 0.8783977262, 0
25, SFC+Knapsack, Time, 0.0000194470, 0
25, SFC+Painter, PreviousEfficiency, 0.7395577579, 0
25, SFC+Painter, Weight, 1691445150.0000000000, 4
25, SFC+Painter, Weight, 1680030275.0000000000, 5
25, SFC+Painter, Weight, 1556993146.0000000000, 2
25, SFC+Painter, Weight, 1257373588.0000000000, 7
25, SFC+Painter, Weight, 1227184663.0000000000, 0
25, SFC+Painter, Weight, 1006118141.0000000000, 6
25, SFC+Painter, Weight, 1000000001.0000000000, 1
25, SFC+Painter, Weight, 913718401.0000000000, 3
25, SFC+Painter, Efficiency, 0.7636120631, 0
25, SFC+Painter, UsedEfficiency, 0.7395577579, 0
25, SFC+Painter, Time, 0.0000267600, 0
25, Painter+Knapsack, PreviousEfficiency, 0.8783977262, 0
25, Painter+Knapsack, Weight, 1411885755.0000000000, 0
25, Painter+Knapsack, Weight, 1182114588.0000000000, 1
25, Painter+Knapsack, Weight, 1103895867.0000000000, 2
25, Painter+Knapsack, Weight, 1000000001.0000000000, 3
25, Painter+Knapsack, Weight, 1413625635.0000000000, 4
25, Painter+Knapsack, Weight, 1410551880.0000000000, 5
25, Painter+Knapsack, Weight, 1407248171.0000000000, 6
25, Painter+Knapsack, Weight, 1403541468.0000000000, 7
25, Painter+Knapsack, Efficiency, 0.9136845630, 0
25, Painter+Knapsack, UsedEfficiency, 0.8783977262, 0
25, Painter+Knapsack, Time, 0.0000222620, 0
26, Original, PreviousEfficiency, 0.8785517908, 0
26, Original, Efficiency, 0.8785517908, 0
26, Original, Weight, 1035558979.0000000000, 0
26, Original, Weight, 1120318032.0000000000, 1
26, Original, Weight, 1453324128.0000000000, 2
26, Original, Weight, 1468543195.0000000000, 3
26, Original, Weight, 1160367760.0000000000, 4
26, Original, Weight, 1283749230.0000000000, 5
26, Original, Weight, 1372217511.0000000000, 6
26, Original, Weight, 1427451196.0000000000, 7
26, Original, UsedEfficiency, 0.8785517908, 0
26, Knapsack, PreviousEfficiency, 0.8941542982, 0
26, Knapsack, Weight, 1331970374.0000000000, 0
26, Knapsack, Weight, 1289336406.0000000000, 1
26, Knapsack, Weight, 1286010680.0000000000, 2
26, Knapsack, Weight, 1284986298.0000000000, 3
26, Knapsack, Weight, 1284935711.0000000000, 4
26, Knapsack, Weight, 1284126657.0000000000, 5
26, Knapsack, Weight, 1282691793.0000000000, 6
26, Knapsack, Weight, 1277472112.0000000000, 7
26, Knapsack, Efficiency, 0.9686335966, 0
26, Knapsack, UsedEfficiency, 0.8941542982, 0
26, Knapsack, Time, 0.0000159500, 0
26, Karmarkar-Karp, PreviousEfficiency, 0.8714604295, 0
26, Karmarkar-Karp, Weight, 1277472112.0000000000, 0
26, Karmarkar-Karp, Weight, 1282691793.0000000000, 1
26, Karmarkar-Karp, Weight, 1284126657.0000000000, 2
26, Karmarkar-Karp, Weight, 1284935711.0000000000, 3
26, Karmarkar-Karp, Weight, 1284986298.0000000000, 4
26, Karmarkar-Karp, Weight, 1286010680.0000000000, 5
26, Karmarkar-Karp, Weight, 1289336406.0000000000, 6
26, Karmarkar-Karp, Weight, 1331970374.0000000000, 7
26, Karmarkar-Karp, Efficiency, 0.9686335966, 0
26, Karmarkar-Karp, UsedEfficiency, 0.8714604295, 0
26, Karmarkar-Karp, Time, 0.0000788670, 0
26, SFC, PreviousEfficiency, 0.7362777879, 0
26, SFC, Weight, 1222309435.0000000000, 0
26, SFC, Weight, 1000000001.0000000000, 1
26, SFC, Weight, 1573342997.0000000000, 2
26, SFC, Weight, 907971601.0000000000, 3
26, SFC, Weight, 1700592801.0000000000, 4
26, SFC, Weight, 1027605037.0000000000, 5
26, SFC, Weight, 1137392287.0000000000, 6
26, SFC, Weight, 1752315872.0000000000, 7
26, SFC, Efficiency, 0.7362777879, 0
26, SFC, UsedEfficiency, 0.7362777879, 0
26, SFC, Time, 0.0000230030, 0
26, SFC+Knapsack, PreviousEfficiency, 0.8804558313, 0
26, SFC+Knapsack, Weight, 1427962682.0000000000, 0
26, SFC+Knapsack, Weight, 1180939294.0000000000, 1
26, SFC+Knapsack, Weight, 1094722057.0000000000, 2
26, SFC+Knapsack, Weight, 1000000001.0000000000, 3
26, SFC+Knapsack, Weight, 1410349582.0000000000, 4
26, SFC+Knapsack, Weight, 1407147950.0000000000, 5
26, SFC+Knapsack, Weight, 1400642972.0000000000, 6
26, SFC+Knapsack, Weight, 1399765493.0000000000, 7
26, SFC+Knapsack, Efficiency, 0.9035188875, 0
26, SFC+Knapsack, UsedEfficiency, 0.8804558313, 0
26, SFC+Knapsack, Time, 0.0000195360, 0
26, SFC+Painter, PreviousEfficiency, 0.7305764733, 0
26, SFC+Painter, Weight, 1700592801.0000000000, 4
26, SFC+Painter, Weight, 1693097520.0000000000, 6
26, SFC+Painter, Weight, 1667395412.0000000000, 5
26, SFC+Painter, Weight, 1573342997.0000000000, 2
26, SFC+Painter, Weight, 1222309435.0000000000, 0
26, SFC+Painter, Weight, 1000000001.0000000000, 1
26, SFC+Painter, Weight, 907971601.0000000000, 3
26, SFC+Painter, Weight, 556820264.0000000000, 7
26, SFC+Painter, Efficiency, 0.7586714780, 0
26, SFC+Painter, UsedEfficiency, 0.7305764733, 0
26, SFC+Painter, Time, 0.0000264090, 0
26, Painter+Knapsack, PreviousEfficiency, 0.8804558313, 0
26, Painter+Knapsack, Weight, 1427962682.0000000000, 0
26, Painter+Knapsack, Weight, 1180939294.0000000000, 1
26, Painter+Knapsack, Weight, 1094722057.0000000000, 2
26, Painter+Knapsack, Weight, 1000000001.0000000000, 3
26, Painter+Knapsack, Weight, 1410349582.0000000000, 4
26, Painter+Knapsack, Weight, 1407147950.0000000000, 5
26, Painter+Knapsack, Weight, 1400642972.0000000000, 6
26, Painter+Knapsack, Weight, 1399765493.0000000000, 7
26, Painter+Knapsack, Efficiency, 0.9035188875, 0
26, Painter+Knapsack, UsedEfficiency, 0.8804558313, 0
26, Painter+Knapsack, Time, 0.0000219610, 0
27, Original, PreviousEfficiency, 0.8668232359, 0
27, Original, Efficiency, 0.9721762936, 0
27, Original, Weight, 1322300657.0000000000, 0
27, Original, Weight, 1294411923.0000000000, 1
27, Original, Weight, 1298779511.0000000000, 2
27, Original, Weight, 1292981244.0000000000, 3
27, Original, Weight, 1274899266.0000000000, 4
27, Original, Weight, 1273119317.0000000000, 5
27, Original, Weight, 1268713179.0000000000, 6
27, Original, Weight, 1258869717.0000000000, 7
27, Original, UsedEfficiency, 0.8668232359, 0
27, Knapsack, PreviousEfficiency, 0.8912159460, 0
27, Knapsack, Weight, 1312127481.0000000000, 0
27, Knapsack, Weight, 1285072442.0000000000, 1
27, Knapsack, Weight, 1284040509.0000000000, 2
27, Knapsack, Weight, 1283114281.0000000000, 3
27, Knapsack, Weight, 1282436502.0000000000, 4
27, Knapsack, Weight, 1280712101.0000000000, 5
27, Knapsack, Weight, 1279634371.0000000000, 6
27, Knapsack, Weight, 1276937127.0000000000, 7
27, Knapsack, Efficiency, 0.9797137629, 0
27, Knapsack, UsedEfficiency, 0.8912159460, 0
27, Knapsack, Time, 0.0000159400, 0
27, Karmarkar-Karp, PreviousEfficiency, 0.8584788732, 0
27, Karmarkar-Karp, Weight, 1276937127.0000000000, 0
27, Karmarkar-Karp, Weight, 1279634371.0000000000, 1
27, Karmarkar-Karp, Weight, 1280712101.0000000000, 2
27, Karmarkar-Karp, Weight, 1282436502.0000000000, 3
27, Karmarkar-Karp, Weight, 1283114281.0000000000, 4
27, Karmarkar-Karp, Weight, 1284040509.0000000000, 5
27, Karmarkar-Karp, Weight, 1285072442.0000000000, 6
27, Karmarkar-Karp, Weight, 1312127481.0000000000, 7
27, Karmarkar-Karp, Efficiency, 0.9797137629, 0
27, Karmarkar-Karp, UsedEfficiency, 0.8584788732, 0
27, Karmarkar-Karp, Time, 0.0000798590, 0
27, SFC, PreviousEfficiency, 0.7362044245, 0
27, SFC, Weight, 1213300832.0000000000, 0
27, SFC, Weight, 998945772.0000000000, 1
27, SFC, Weight, 1586085443.0000000000, 2
27, SFC, Weight, 900429854.0000000000, 3
27, SFC, Weight, 1702635901.0000000000, 4
27, SFC, Weight, 1046328705.0000000000, 5
27, SFC, Weight, 1090217329.0000000000, 6
27, SFC, Weight, 1746130978.0000000000, 7
27, SFC, Efficiency, 0.7362044245, 0
27, SFC, UsedEfficiency, 0.7362044245, 0
27, SFC, Time, 0.0000230130, 0
27, SFC+Knapsack, PreviousEfficiency, 0.8779373885, 0
27, SFC+Knapsack, Weight, 1439939965.0000000000, 0
27, SFC+Knapsack, Weight, 1175927565.0000000000, 1
27, SFC+Knapsack, Weight, 1082894370.0000000000, 2
27, SFC+Knapsack, Weight, 1000000001.0000000000, 3
27, SFC+Knapsack, Weight, 1401633473.0000000000, 4
27, SFC+Knapsack, Weight, 1399456691.0000000000, 5
27, SFC+Knapsack, Weight, 1392471639.0000000000, 6
27, SFC+Knapsack, Weight, 1391751110.0000000000, 7
27, SFC+Knapsack, Efficiency, 0.8927520473, 0
27, SFC+Knapsack, UsedEfficiency, 0.8779373885, 0
27, SFC+Knapsack, Time, 0.0000191450, 0
27, SFC+Painter, PreviousEfficiency, 0.7199038102, 0
27, SFC+Painter, Weight, 1702635901.0000000000, 4
27, SFC+Painter, Weight, 1668653632.0000000000, 6
27, SFC+Painter, Weight, 1655775415.0000000000, 5
27, SFC+Painter, Weight, 1586085443.0000000000, 2
27, SFC+Painter, Weight, 1213300832.0000000000, 0
27, SFC+Painter, Weight, 998945772.0000000000, 1
27, SFC+Painter, Weight, 900429854.0000000000, 3
27, SFC+Painter, Weight, 558247965.0000000000, 7
27, SFC+Painter, Efficiency, 0.7550113039, 0
27, SFC+Painter, UsedEfficiency, 0.7199038102, 0
27, SFC+Painter, Time, 0.0000272610, 0
27, Painter+Knapsack, PreviousEfficiency, 0.8779373885, 0
27, Painter+Knapsack, Weight, 1439939965.0000000000, 0
27, Painter+Knapsack, Weight, 1175927565.0000000000, 1
27, Painter+Knapsack, Weight, 1082894370.0000000000, 2
27, Painter+Knapsack, Weight, 1000000001.0000000000, 3
27, Painter+Knapsack, Weight, 1401633473.0000000000, 4
27, Painter+Knapsack, Weight, 1399456691.0000000000, 5
27, Painter+Knapsack, Weight, 1392471639.0000000000, 6
27, Painter+Knapsack, Weight, 1391751110.0000000000, 7
27, Painter+Knapsack, Efficiency, 0.8927520473, 0
27, Painter+Knapsack, UsedEfficiency, 0.8779373885, 0
27, Painter+Knapsack, Time, 0.0000220920, 0
28, Original, PreviousEfficiency, 0.8543535957, 0
28, Original, Efficiency, 0.9757972247, 0
28, Original, Weight, 1296734728.0000000000, 0
28, Original, Weight, 1266163172.0000000000, 1
28, Original, Weight, 1288736787.0000000000, 2
28, Original, Weight, 1286049923.0000000000, 3
28, Original, Weight, 1241263017.0000000000, 4
28, Original, Weight, 1254611565.0000000000, 5
28, Original, Weight, 1249849989.0000000000, 6
28, Original, Weight, 1239392009.0000000000, 7
28, Original, UsedEfficiency, 0.8543535957, 0
28, Knapsack, PreviousEfficiency, 0.8887142527, 0
28, Knapsack, Weight, 1269418127.0000000000, 0
28, Knapsack, Weight, 1269088654.0000000000, 1
28, Knapsack, Weight, 1266163172.0000000000, 2
28, Knapsack, Weight, 1265371516.0000000000, 3
28, Knapsack, Weight, 1264439487.0000000000, 4
28, Knapsack, Weight, 1264123393.0000000000, 5
28, Knapsack, Weight, 1263180273.0000000000, 6
28, Knapsack, Weight, 1261016568.0000000000, 7
28, Knapsack, Efficiency, 0.9967953993, 0
28, Knapsack, UsedEfficiency, 0.8887142527, 0
28, Knapsack, Time, 0.0000162100, 0
28, Karmarkar-Karp, PreviousEfficiency, 0.8463573924, 0
28, Karmarkar-Karp, Weight, 1261016568.0000000000, 0
28, Karmarkar-Karp, Weight, 1263180273.0000000000, 1
28, Karmarkar-Karp, Weight, 1264123393.0000000000, 2
28, Karmarkar-Karp, Weight, 1264439487.0000000000, 3
28, Karmarkar-Karp, Weight, 1265371516.0000000000, 4
28, Karmarkar-Karp, Weight, 1266163172.0000000000, 5
28, Karmarkar-Karp, Weight, 1269088654.0000000000, 6
28, Karmarkar-Karp, Weight, 1269418127.0000000000, 7
28, Karmarkar-Karp, Efficiency, 0.9967953993, 0
28, Karmarkar-Karp, UsedEfficiency, 0.8463573924, 0
28, Karmarkar-Karp, Time, 0.0000782260, 0
28, SFC, PreviousEfficiency, 0.7360892048, 0
28, SFC, Weight, 1192063985.0000000000, 0
28, SFC, Weight, 1000000001.0000000000, 1
28, SFC, Weight, 1568261543.0000000000, 2
28, SFC, Weight, 882709354.0000000000, 3
28, SFC, Weight, 1681973502.0000000000, 4
28, SFC, Weight, 1055250075.0000000000, 5
28, SFC, Weight, 1023525333.0000000000, 6
28, SFC, Weight, 1719017397.0000000000, 7
28, SFC, Efficiency, 0.7360892048, 0
28, SFC, UsedEfficiency, 0.7360892048, 0
28, SFC, Time, 0.0000229120, 0
28, SFC+Knapsack, PreviousEfficiency, 0.8690949198, 0
28, SFC+Knapsack, Weight, 1424446333.0000000000, 0
28, SFC+Knapsack, Weight, 1158434270.0000000000, 1
28, SFC+Knapsack, Weight, 1060154279.0000000000, 2
28, SFC+Knapsack, Weight, 1000000001.0000000000, 3
28, SFC+Knapsack, Weight, 1372538084.0000000000, 4
28, SFC+Knapsack, Weight, 1372282255.0000000000, 5
28, SFC+Knapsack, Weight, 1371939489.0000000000, 6
28, SFC+Knapsack, Weight, 1363006479.0000000000, 7
28, SFC+Knapsack, Efficiency, 0.8883101591, 0
28, SFC+Knapsack, UsedEfficiency, 0.8690949198, 0
28, SFC+Knapsack, Time, 0.0000200880, 0
28, SFC+Painter, PreviousEfficiency, 0.7089170771, 0
28, SFC+Painter, Weight, 1681973502.0000000000, 4
28, SFC+Painter, Weight, 1622590199.0000000000, 6
28, SFC+Painter, Weight, 1621909759.0000000000, 5
28, SFC+Painter, Weight, 1568261543.0000000000, 2
28, SFC+Painter, Weight, 1192063985.0000000000, 0
28, SFC+Painter, Weight, 1000000001.0000000000, 1
28, SFC+Painter, Weight, 882709354.0000000000, 3
28, SFC+Painter, Weight, 553292847.0000000000, 7
28, SFC+Painter, Efficiency, 0.7523008818, 0
28, SFC+Painter, UsedEfficiency, 0.7089170771, 0
28, SFC+Painter, Time, 0.0000246460, 0
28, Painter+Knapsack, PreviousEfficiency, 0.8690949198, 0
28, Painter+Knapsack, Weight, 1424446333.0000000000, 0
28, Painter+Knapsack, Weight, 1158434270.0000000000, 1
28, Painter+Knapsack, Weight, 1060154279.0000000000, 2
28, Painter+Knapsack, Weight, 1000000001.0000000000, 3
28, Painter+Knapsack, Weight, 1372538084.0000000000, 4
28, Painter+Knapsack, Weight, 1372282255.0000000000, 5
28, Painter+Knapsack, Weight, 1371939489.0000000000, 6
28, Painter+Knapsack, Weight, 1363006479.0000000000, 7
28, Painter+Knapsack, Efficiency, 0.8883101591, 0
28, Painter+Knapsack, UsedEfficiency, 0.8690949198, 0
28, Painter+Knapsack, Time, 0.0000244750, 0
29, Original, PreviousEfficiency, 0.8386578686, 0
29, Original, Efficiency, 0.9678368663, 0
29, Original, Weight, 1263763656.0000000000, 0
29, Original, Weight, 1198953021.0000000000, 1
29, Original, Weight, 1276724475.0000000000, 2
29, Original, Weight, 1268755333.0000000000, 3
29, Original, Weight, 1188095564.0000000000, 4
29, Original, Weight, 1224450094.0000000000, 5
29, Original, Weight, 1220754266.0000000000, 6
29, Original, Weight, 1243791711.0000000000, 7
29, Original, UsedEfficiency, 0.8386578686, 0
29, Knapsack, PreviousEfficiency, 0.8840476624, 0
29, Knapsack, Weight, 1246717520.0000000000, 0
29, Knapsack, Weight, 1238843948.0000000000, 1
29, Knapsack, Weight, 1236932549.0000000000, 2
29, Knapsack, Weight, 1235823126.0000000000, 3
29, Knapsack, Weight, 1234180488.0000000000, 4
29, Knapsack, Weight, 1233370247.0000000000, 5
29, Knapsack, Weight, 1230338014.0000000000, 6
29, Knapsack, Weight, 1229082228.0000000000, 7
29, Knapsack, Efficiency, 0.9911315075, 0
29, Knapsack, UsedEfficiency, 0.8840476624, 0
29, Knapsack, Time, 0.0000189450, 0
29, Karmarkar-Karp, PreviousEfficiency, 0.8366546520, 0
29, Karmarkar-Karp, Weight, 1229082228.0000000000, 0
29, Karmarkar-Karp, Weight, 1230338014.0000000000, 1
29, Karmarkar-Karp, Weight, 1233370247.0000000000, 2
29, Karmarkar-Karp, Weight, 1234180488.0000000000, 3
29, Karmarkar-Karp, Weight, 1235823126.0000000000, 4
29, Karmarkar-Karp, Weight, 1236932549.0000000000, 5
29, Karmarkar-Karp, Weight, 1238843948.0000000000, 6
29, Karmarkar-Karp, Weight, 1246717520.0000000000, 7
29, Karmarkar-Karp, Efficiency, 0.9911315075, 0
29, Karmarkar-Karp, UsedEfficiency, 0.8366546520, 0
29, Karmarkar-Karp, Time, 0.0000838460, 0
29, SFC, PreviousEfficiency, 0.7322345624, 0
29, SFC, Weight, 1161055276.0000000000, 0
29, SFC, Weight, 1000000001.0000000000, 1
29, SFC, Weight, 1531453569.0000000000, 2
29, SFC, Weight, 860014204.0000000000, 3
29, SFC, Weight, 933781918.0000000000, 4
29, SFC, Weight, 1476906884.0000000000, 5
29, SFC, Weight, 1234555522.0000000000, 6
29, SFC, Weight, 1687520746.0000000000, 7
29, SFC, Efficiency, 0.7322345624, 0
29, SFC, UsedEfficiency, 0.7322345624, 0
29, SFC, Time, 0.0000214300, 0
29, SFC+Knapsack, PreviousEfficiency, 0.8598511965, 0
29, SFC+Knapsack, Weight, 1391568469.0000000000, 0
29, SFC+Knapsack, Weight, 1130618175.0000000000, 1
29, SFC+Knapsack, Weight, 1030336405.0000000000, 2
29, SFC+Knapsack, Weight, 1000000001.0000000000, 3
29, SFC+Knapsack, Weight, 1337680600.0000000000, 4
29, SFC+Knapsack, Weight, 1337657430.0000000000, 5
29, SFC+Knapsack, Weight, 1329145803.0000000000, 6
29, SFC+Knapsack, Weight, 1328281237.0000000000, 7
29, SFC+Knapsack, Efficiency, 0.8879627863, 0
29, SFC+Knapsack, UsedEfficiency, 0.8598511965, 0
29, SFC+Knapsack, Time, 0.0000213000, 0
29, SFC+Painter, PreviousEfficiency, 0.6983632962, 0
29, SFC+Painter, Weight, 1644927868.0000000000, 4
29, SFC+Painter, Weight, 1593742848.0000000000, 6
29, SFC+Painter, Weight, 1549243564.0000000000, 5
29, SFC+Painter, Weight, 1531453569.0000000000, 2
29, SFC+Painter, Weight, 1161055276.0000000000, 0
29, SFC+Painter, Weight, 1000000001.0000000000, 1
29, SFC+Painter, Weight, 860014204.0000000000, 3
29, SFC+Painter, Weight, 544850790.0000000000, 7
29, SFC+Painter, Efficiency, 0.7511946506, 0
29, SFC+Painter, UsedEfficiency, 0.6983632962, 0
29, SFC+Painter, Time, 0.0000245360, 0
29, Painter+Knapsack, PreviousEfficiency, 0.8598511965, 0
29, Painter+Knapsack, Weight, 1391568469.0000000000, 0
29, Painter+Knapsack, Weight, 1130618175.0000000000, 1
29, Painter+Knapsack, Weight, 1030336405.0000000000, 2
29, Painter+Knapsack, Weight, 1000000001.0000000000, 3
29, Painter+Knapsack, Weight, 1337680600.0000000000, 4
29, Painter+Knapsack, Weight, 1337657430.0000000000, 5
29, Painter+Knapsack, Weight, 1329145803.0000000000, 6
29, Painter+Knapsack, Weight, 1328281237.0000000000, 7
29, Painter+Knapsack, Efficiency, 0.8879627863, 0
29, Painter+Knapsack, UsedEfficiency, 0.8598511965, 0
29, Painter+Knapsack, Time, 0.0000230430, 0
30, Original, PreviousEfficiency, 0.8244125634, 0
30, Original, Efficiency, 0.9547930365, 0
30, Original, Weight, 1230212266.0000000000, 0
30, Original, Weight, 1139636263.0000000000, 1
30, Original, Weight, 1259148257.0000000000, 2
30, Original, Weight, 1245326597.0000000000, 3
30, Original, Weight, 1107532639.0000000000, 4
30, Original, Weight, 1190896776.0000000000, 5
30, Original, Weight, 1197856917.0000000000, 6
30, Original, Weight, 1247198187.0000000000, 7
30, Original, UsedEfficiency, 0.8244125634, 0
30, Knapsack, PreviousEfficiency, 0.8697632399, 0
30, Knapsack, Weight, 1206054464.0000000000, 0
30, Knapsack, Weight, 1204582100.0000000000, 1
30, Knapsack, Weight, 1203296658.0000000000, 2
30, Knapsack, Weight, 1202999206.0000000000, 3
30, Knapsack, Weight, 1201989377.0000000000, 4
30, Knapsack, Weight, 1201319881.0000000000, 5
30, Knapsack, Weight, 1200736899.0000000000, 6
30, Knapsack, Weight, 1196829317.0000000000, 7
30, Knapsack, Efficiency, 0.9968256191, 0
30, Knapsack, UsedEfficiency, 0.8697632399, 0
30, Knapsack, Time, 0.0000191960, 0
30, Karmarkar-Karp, PreviousEfficiency, 0.8315225108, 0
30, Karmarkar-Karp, Weight, 1196829317.0000000000, 0
30, Karmarkar-Karp, Weight, 1200736899.0000000000, 1
30, Karmarkar-Karp, Weight, 1201319881.0000000000, 2
30, Karmarkar-Karp, Weight, 1201989377.0000000000, 3
30, Karmarkar-Karp, Weight, 1202999206.0000000000, 4
30, Karmarkar-Karp, Weight, 1203296658.0000000000, 5
30, Karmarkar-Karp, Weight, 1204582100.0000000000, 6
30, Karmarkar-Karp, Weight, 1206054464.0000000000, 7
30, Karmarkar-Karp, Efficiency, 0.9968256191, 0
30, Karmarkar-Karp, UsedEfficiency, 0.8315225108, 0
30, Karmarkar-Karp, Time, 0.0000724350, 0
30, SFC, PreviousEfficiency, 0.7210733324, 0
30, SFC, Weight, 1127876807.0000000000, 0
30, SFC, Weight, 1000000001.0000000000, 1
30, SFC, Weight, 938859106.0000000000, 2
30, SFC, Weight, 1383064502.0000000000, 3
30, SFC, Weight, 911458431.0000000000, 4
30, SFC, Weight, 1439585574.0000000000, 5
30, SFC, Weight, 1590527599.0000000000, 6
30, SFC, Weight, 1226435882.0000000000, 7
30, SFC, Efficiency, 0.7558661594, 0
30, SFC, UsedEfficiency, 0.7210733324, 0
30, SFC, Time, 0.0000216100, 0
30, SFC+Knapsack, PreviousEfficiency, 0.8453159484, 0
30, SFC+Knapsack, Weight, 1350738535.0000000000, 0
30, SFC+Knapsack, Weight, 1100918261.0000000000, 1
30, SFC+Knapsack, Weight, 1000000001.0000000000, 2
30, SFC+Knapsack, Weight, 998143619.0000000000, 3
30, SFC+Knapsack, Weight, 1296544789.0000000000, 4
30, SFC+Knapsack, Weight, 1296535775.0000000000, 5
30, SFC+Knapsack, Weight, 1287695635.0000000000, 6
30, SFC+Knapsack, Weight, 1287231287.0000000000, 7
30, SFC+Knapsack, Efficiency, 0.8900508548, 0
30, SFC+Knapsack, UsedEfficiency, 0.8453159484, 0
30, SFC+Knapsack, Time, 0.0000213800, 0
30, SFC+Painter, PreviousEfficiency, 0.6955923057, 0
30, SFC+Painter, Weight, 1590527599.0000000000, 6
30, SFC+Painter, Weight, 1487823305.0000000000, 2
30, SFC+Painter, Weight, 1439585574.0000000000, 5
30, SFC+Painter, Weight, 1226435882.0000000000, 7
30, SFC+Painter, Weight, 1127876807.0000000000, 0
30, SFC+Painter, Weight, 1000000001.0000000000, 1
30, SFC+Painter, Weight, 911458431.0000000000, 4
30, SFC+Painter, Weight, 834100303.0000000000, 3
30, SFC+Painter, Efficiency, 0.7558661594, 0
30, SFC+Painter, UsedEfficiency, 0.6955923057, 0
30, SFC+Painter, Time, 0.0000249060, 0
30, Painter+Knapsack, PreviousEfficiency, 0.8453159484, 0
30, Painter+Knapsack, Weight, 1350738535.0000000000, 0
30, Painter+Knapsack, Weight, 1100918261.0000000000, 1
30, Painter+Knapsack, Weight, 1000000001.0000000000, 2
30, Painter+Knapsack, Weight, 998143619.0000000000, 3
30, Painter+Knapsack, Weight, 1296544789.0000000000, 4
30, Painter+Knapsack, Weight, 1296535775.0000000000, 5
30, Painter+Knapsack, Weight, 1287695635.0000000000, 6
30, Painter+Knapsack, Weight, 1287231287.0000000000, 7
30, Painter+Knapsack, Efficiency, 0.8900508548, 0
30, Painter+Knapsack, UsedEfficiency, 0.8453159484, 0
30, Painter+Knapsack, Time, 0.0000246760, 0
31, Original, PreviousEfficiency, 0.8085740268, 0
31, Original, Efficiency, 0.9328221840, 0
31, Original, Weight, 1194945456.0000000000, 0
31, Original, Weight, 1096167072.0000000000, 1
31, Original, Weight, 1212584721.0000000000, 2
31, Original, Weight, 1218264281.0000000000, 3
31, Original, Weight, 1029396599.0000000000, 4
31, Original, Weight, 1158817217.0000000000, 5
31, Original, Weight, 1190628814.0000000000, 6
31, Original, Weight, 1253494321.0000000000, 7
31, Original, UsedEfficiency, 0.8085740268, 0
31, Knapsack, PreviousEfficiency, 0.8495992473, 0
31, Knapsack, Weight, 1173173766.0000000000, 0
31, Knapsack, Weight, 1173006399.0000000000, 1
31, Knapsack, Weight, 1172315541.0000000000, 2
31, Knapsack, Weight, 1170329514.0000000000, 3
31, Knapsack, Weight, 1167762285.0000000000, 4
31, Knapsack, Weight, 1167518865.0000000000, 5
31, Knapsack, Weight, 1165709361.0000000000, 6
31, Knapsack, Weight, 1164482750.0000000000, 7
31, Knapsack, Efficiency, 0.9966872291, 0
31, Knapsack, UsedEfficiency, 0.8495992473, 0
31, Knapsack, Time, 0.0000171120, 0
31, Karmarkar-Karp, PreviousEfficiency, 0.8149160716, 0
31, Karmarkar-Karp, Weight, 1164482750.0000000000, 0
31, Karmarkar-Karp, Weight, 1165709361.0000000000, 1
31, Karmarkar-Karp, Weight, 1167518865.0000000000, 2
31, Karmarkar-Karp, Weight, 1167770567.0000000000, 3
31, Karmarkar-Karp, Weight, 1170337796.0000000000, 4
31, Karmarkar-Karp, Weight, 1172315541.0000000000, 5
31, Karmarkar-Karp, Weight, 1172998117.0000000000, 6
31, Karmarkar-Karp, Weight, 1173165484.0000000000, 7
31, Karmarkar-Karp, Efficiency, 0.9966942653, 0
31, Karmarkar-Karp, UsedEfficiency, 0.8149160716, 0
31, Karmarkar-Karp, Time, 0.0000802390, 0
31, SFC, PreviousEfficiency, 0.7058206251, 0
31, SFC, Weight, 1095655525.0000000000, 0
31, SFC, Weight, 1000000001.0000000000, 1
31, SFC, Weight, 910987239.0000000000, 2
31, SFC, Weight, 1358417221.0000000000, 3
31, SFC, Weight, 874043318.0000000000, 4
31, SFC, Weight, 1390240333.0000000000, 5
31, SFC, Weight, 1493581555.0000000000, 6
31, SFC, Weight, 1231373289.0000000000, 7
31, SFC, Efficiency, 0.7828747658, 0
31, SFC, UsedEfficiency, 0.7058206251, 0
31, SFC, Time, 0.0000214300, 0
31, SFC+Knapsack, PreviousEfficiency, 0.8299300998, 0
31, SFC+Knapsack, Weight, 1314140969.0000000000, 0
31, SFC+Knapsack, Weight, 1083431055.0000000000, 1
31, SFC+Knapsack, Weight, 1000000001.0000000000, 2
31, SFC+Knapsack, Weight, 967487961.0000000000, 3
31, SFC+Knapsack, Weight, 1251396750.0000000000, 4
31, SFC+Knapsack, Weight, 1248252279.0000000000, 5
31, SFC+Knapsack, Weight, 1246618517.0000000000, 6
31, SFC+Knapsack, Weight, 1242970949.0000000000, 7
31, SFC+Knapsack, Efficiency, 0.8897731200, 0
31, SFC+Knapsack, UsedEfficiency, 0.8299300998, 0
31, SFC+Knapsack, Time, 0.0000196460, 0
31, SFC+Painter, PreviousEfficiency, 0.7022981622, 0
31, SFC+Painter, Weight, 1493581555.0000000000, 6
31, SFC+Painter, Weight, 1457352186.0000000000, 2
31, SFC+Painter, Weight, 1390240333.0000000000, 5
31, SFC+Painter, Weight, 1231373289.0000000000, 7
31, SFC+Painter, Weight, 1095655525.0000000000, 0
31, SFC+Painter, Weight, 1000000001.0000000000, 1
31, SFC+Painter, Weight, 874043318.0000000000, 4
31, SFC+Painter, Weight, 812052274.0000000000, 3
31, SFC+Painter, Efficiency, 0.7828747658, 0
31, SFC+Painter, UsedEfficiency, 0.7022981622, 0
31, SFC+Painter, Time, 0.0000267700, 0
31, Painter+Knapsack, PreviousEfficiency, 0.8299300998, 0
31, Painter+Knapsack, Weight, 1314140969.0000000000, 0
31, Painter+Knapsack, Weight, 1083431055.0000000000, 1
31, Painter+Knapsack, Weight, 1000000001.0000000000, 2
31, Painter+Knapsack, Weight, 967487961.0000000000, 3
31, Painter+Knapsack, Weight, 1251396750.0000000000, 4
31, Painter+Knapsack, Weight, 1248252279.0000000000, 5
31, Painter+Knapsack, Weight, 1246618517.0000000000, 6
31, Painter+Knapsack, Weight, 1242970949.0000000000, 7
31, Painter+Knapsack, Efficiency, 0.8897731200, 0
31, Painter+Knapsack, UsedEfficiency, 0.8299300998, 0
31, Painter+Knapsack, Time, 0.0000221710, 0
32, Original, PreviousEfficiency, 0.7933697245, 0
32, Original, Efficiency, 0.9090417602, 0
32, Original, Weight, 1152025664.0000000000, 0
32, Original, Weight, 1055624753.0000000000, 1
32, Original, Weight, 1156861102.0000000000, 2
32, Original, Weight, 1198258277.0000000000, 3
32, Original, Weight, 969614845.0000000000, 4
32, Original, Weight, 1128105021.0000000000, 5
32, Original, Weight, 1183649611.0000000000, 6
32, Original, Weight, 1250593347.0000000000, 7
32, Original, UsedEfficiency, 0.7933697245, 0
32, Knapsack, PreviousEfficiency, 0.8370659041, 0
32, Knapsack, Weight, 1141379234.0000000000, 0
32, Knapsack, Weight, 1140379621.0000000000, 1
32, Knapsack, Weight, 1140171651.0000000000, 2
32, Knapsack, Weight, 1138588810.0000000000, 3
32, Knapsack, Weight, 1134933007.0000000000, 4
32, Knapsack, Weight, 1133765761.0000000000, 5
32, Knapsack, Weight, 1132943358.0000000000, 6
32, Knapsack, Weight, 1132571178.0000000000, 7
32, Knapsack, Efficiency, 0.9960244094, 0
32, Knapsack, UsedEfficiency, 0.8370659041, 0
32, Knapsack, Time, 0.0000170420, 0
32, Karmarkar-Karp, PreviousEfficiency, 0.8020728563, 0
32, Karmarkar-Karp, Weight, 1134839036.0000000000, 0
32, Karmarkar-Karp, Weight, 1134933007.0000000000, 1
32, Karmarkar-Karp, Weight, 1135429772.0000000000, 2
32, Karmarkar-Karp, Weight, 1136102396.0000000000, 3
32, Karmarkar-Karp, Weight, 1136924799.0000000000, 4
32, Karmarkar-Karp, Weight, 1137220583.0000000000, 5
32, Karmarkar-Karp, Weight, 1139111376.0000000000, 6
32, Karmarkar-Karp, Weight, 1140171651.0000000000, 7
32, Karmarkar-Karp, Efficiency, 0.9970793227, 0
32, Karmarkar-Karp, UsedEfficiency, 0.8020728563, 0
32, Karmarkar-Karp, Time, 0.0000743880, 0
32, SFC, PreviousEfficiency, 0.6963695076, 0
32, SFC, Weight, 1069149928.0000000000, 0
32, SFC, Weight, 1000000001.0000000000, 1
32, SFC, Weight, 879419148.0000000000, 2
32, SFC, Weight, 1339752667.0000000000, 3
32, SFC, Weight, 836001294.0000000000, 4
32, SFC, Weight, 1339779211.0000000000, 5
32, SFC, Weight, 1409613341.0000000000, 6
32, SFC, Weight, 1221017030.0000000000, 7
32, SFC, Efficiency, 0.8064917836, 0
32, SFC, UsedEfficiency, 0.6963695076, 0
32, SFC, Time, 0.0000241750, 0
32, SFC+Knapsack, PreviousEfficiency, 0.8140343357, 0
32, SFC+Knapsack, Weight, 1275971513.0000000000, 0
32, SFC+Knapsack, Weight, 1069149928.0000000000, 1
32, SFC+Knapsack, Weight, 1000000001.0000000000, 2
32, SFC+Knapsack, Weight, 943200302.0000000000, 3
32, SFC+Knapsack, Weight, 1207980671.0000000000, 4
32, SFC+Knapsack, Weight, 1200414017.0000000000, 5
32, SFC+Knapsack, Weight, 1199683909.0000000000, 6
32, SFC+Knapsack, Weight, 1198332279.0000000000, 7
32, SFC+Knapsack, Efficiency, 0.8909615661, 0
32, SFC+Knapsack, UsedEfficiency, 0.8140343357, 0
32, SFC+Knapsack, Time, 0.0000204480, 0
32, SFC+Painter, PreviousEfficiency, 0.7134284975, 0
32, SFC+Painter, Weight, 1409613341.0000000000, 6
32, SFC+Painter, Weight, 1339779211.0000000000, 5
32, SFC+Painter, Weight, 1339752667.0000000000, 3
32, SFC+Painter, Weight, 1221017030.0000000000, 7
32, SFC+Painter, Weight, 1069149928.0000000000, 0
32, SFC+Painter, Weight, 1000000001.0000000000, 1
32, SFC+Painter, Weight, 879419148.0000000000, 2
32, SFC+Painter, Weight, 836001294.0000000000, 4
32, SFC+Painter, Efficiency, 0.8064917836, 0
32, SFC+Painter, UsedEfficiency, 0.7134284975, 0
32, SFC+Painter, Time, 0.0000276510, 0
32, Painter+Knapsack, PreviousEfficiency, 0.8140343357, 0
32, Painter+Knapsack, Weight, 1275971513.0000000000, 0
32, Painter+Knapsack, Weight, 1069149928.0000000000, 1
32, Painter+Knapsack, Weight, 1000000001.0000000000, 2
32, Painter+Knapsack, Weight, 943200302.0000000000, 3
32, Painter+Knapsack, Weight, 1207980671.0000000000, 4
32, Painter+Knapsack, Weight, 1200414017.0000000000, 5
32, Painter+Knapsack, Weight, 1199683909.0000000000, 6
32, Painter+Knapsack, Weight, 1198332279.0000000000, 7
32, Painter+Knapsack, Efficiency, 0.8909615661, 0
32, Painter+Knapsack, UsedEfficiency, 0.8140343357, 0
32, Painter+Knapsack, Time, 0.0000225220, 0
33, Original, PreviousEfficiency, 0.7803577157, 0
33, Original, Efficiency, 0.8798908518, 0
33, Original, Weight, 1104390951.0000000000, 0
33, Original, Weight, 1011650180.0000000000, 1
33, Original, Weight, 1092048936.0000000000, 2
33, Original, Weight, 1180811711.0000000000, 3
33, Original, Weight, 910705255.0000000000, 4
33, Original, Weight, 1095550398.0000000000, 5
33, Original, Weight, 1176661596.0000000000, 6
33, Original, Weight, 1253793679.0000000000, 7
33, Original, UsedEfficiency, 0.7803577157, 0
33, Knapsack, PreviousEfficiency, 0.8221320774, 0
33, Knapsack, Weight, 1105868099.0000000000, 0
33, Knapsack, Weight, 1104690555.0000000000, 1
33, Knapsack, Weight, 1103382733.0000000000, 2
33, Knapsack, Weight, 1103250566.0000000000, 3
33, Knapsack, Weight, 1102986596.0000000000, 4
33, Knapsack, Weight, 1102648979.0000000000, 5
33, Knapsack, Weight, 1102012331.0000000000, 6
33, Knapsack, Weight, 1100772847.0000000000, 7
33, Knapsack, Efficiency, 0.9975887624, 0
33, Knapsack, UsedEfficiency, 0.8221320774, 0
33, Knapsack, Time, 0.0000168820, 0
33, Karmarkar-Karp, PreviousEfficiency, 0.7923874131, 0
33, Karmarkar-Karp, Weight, 1100772847.0000000000, 0
33, Karmarkar-Karp, Weight, 1102012331.0000000000, 1
33, Karmarkar-Karp, Weight, 1102648979.0000000000, 2
33, Karmarkar-Karp, Weight, 1102986596.0000000000, 3
33, Karmarkar-Karp, Weight, 1103250566.0000000000, 4
33, Karmarkar-Karp, Weight, 1103382733.0000000000, 5
33, Karmarkar-Karp, Weight, 1104690555.0000000000, 6
33, Karmarkar-Karp, Weight, 1105868099.0000000000, 7
33, Karmarkar-Karp, Efficiency, 0.9975887624, 0
33, Karmarkar-Karp, UsedEfficiency, 0.7923874131, 0
33, Karmarkar-Karp, Time, 0.0000789170, 0
33, SFC, PreviousEfficiency, 0.6858346910, 0
33, SFC, Weight, 1048007127.0000000000, 0
33, SFC, Weight, 1000000001.0000000000, 1
33, SFC, Weight, 839180463.0000000000, 2
33, SFC, Weight, 1323026440.0000000000, 3
33, SFC, Weight, 797703840.0000000000, 4
33, SFC, Weight, 1274846601.0000000000, 5
33, SFC, Weight, 1330814082.0000000000, 6
33, SFC, Weight, 1212034152.0000000000, 7
33, SFC, Efficiency, 0.8289674742, 0
33, SFC, UsedEfficiency, 0.6858346910, 0
33, SFC, Time, 0.0000214000, 0
33, SFC+Knapsack, PreviousEfficiency, 0.7945330188, 0
33, SFC+Knapsack, Weight, 1227671012.0000000000, 0
33, SFC+Knapsack, Weight, 1048007127.0000000000, 1
33, SFC+Knapsack, Weight, 1000000001.0000000000, 2
33, SFC+Knapsack, Weight, 934535891.0000000000, 3
33, SFC+Knapsack, Weight, 1157569767.0000000000, 4
33, SFC+Knapsack, Weight, 1157471392.0000000000, 5
33, SFC+Knapsack, Weight, 1151569127.0000000000, 6
33, SFC+Knapsack, Weight, 1148788389.0000000000, 7
33, SFC+Knapsack, Efficiency, 0.8986133724, 0
33, SFC+Knapsack, UsedEfficiency, 0.7945330188, 0
33, SFC+Knapsack, Time, 0.0000206380, 0
33, SFC+Painter, PreviousEfficiency, 0.7349190291, 0
33, SFC+Painter, Weight, 1330814082.0000000000, 6
33, SFC+Painter, Weight, 1323026440.0000000000, 3
33, SFC+Painter, Weight, 1274846601.0000000000, 5
33, SFC+Painter, Weight, 1212034152.0000000000, 7
33, SFC+Painter, Weight, 1048007127.0000000000, 0
33, SFC+Painter, Weight, 1000000001.0000000000, 1
33, SFC+Painter, Weight, 839180463.0000000000, 2
33, SFC+Painter, Weight, 797703840.0000000000, 4
33, SFC+Painter, Efficiency, 0.8289674742, 0
33, SFC+Painter, UsedEfficiency, 0.7349190291, 0
33, SFC+Painter, Time, 0.0000260480, 0
33, Painter+Knapsack, PreviousEfficiency, 0.7945330188, 0
33, Painter+Knapsack, Weight, 1227671012.0000000000, 0
33, Painter+Knapsack, Weight, 1048007127.0000000000, 1
33, Painter+Knapsack, Weight, 1000000001.0000000000, 2
33, Painter+Knapsack, Weight, 934535891.0000000000, 3
33, Painter+Knapsack, Weight, 1157569767.0000000000, 4
33, Painter+Knapsack, Weight, 1157471392.0000000000, 5
33, Painter+Knapsack, Weight, 1151569127.0000000000, 6
33, Painter+Knapsack, Weight, 1148788389.0000000000, 7
33, Painter+Knapsack, Efficiency, 0.8986133724, 0
33, Painter+Knapsack, UsedEfficiency, 0.7945330188, 0
33, Painter+Knapsack, Time, 0.0000235740, 0
34, Original, PreviousEfficiency, 0.7703095288, 0
34, Original, Efficiency, 0.9737526546, 0
34, Original, Weight, 1068747058.0000000000, 0
34, Original, Weight, 1044720496.0000000000, 1
34, Original, Weight, 1069307826.0000000000, 2
34, Original, Weight, 1074167842.0000000000, 3
34, Original, Weight, 1088563631.0000000000, 4
34, Original, Weight, 1102238068.0000000000, 5
34, Original, Weight, 1088719971.0000000000, 6
34, Original, Weight, 1049993066.0000000000, 7
34, Original, UsedEfficiency, 0.7703095288, 0
34, Knapsack, PreviousEfficiency, 0.8095597608, 0
34, Knapsack, Weight, 1077314582.0000000000, 0
34, Knapsack, Weight, 1076380004.0000000000, 1
34, Knapsack, Weight, 1073639761.0000000000, 2
34, Knapsack, Weight, 1073137308.0000000000, 3
34, Knapsack, Weight, 1072684466.0000000000, 4
34, Knapsack, Weight, 1072647754.0000000000, 5
34, Knapsack, Weight, 1070582542.0000000000, 6
34, Knapsack, Weight, 1070071541.0000000000, 7
34, Knapsack, Efficiency, 0.9962802534, 0
34, Knapsack, UsedEfficiency, 0.8095597608, 0
34, Knapsack, Time, 0.0000169010, 0
34, Karmarkar-Karp, PreviousEfficiency, 0.7865521107, 0
34, Karmarkar-Karp, Weight, 1070071541.0000000000, 0
34, Karmarkar-Karp, Weight, 1070582542.0000000000, 1
34, Karmarkar-Karp, Weight, 1072647754.0000000000, 2
34, Karmarkar-Karp, Weight, 1072684466.0000000000, 3
34, Karmarkar-Karp, Weight, 1073144934.0000000000, 4
34, Karmarkar-Karp, Weight, 1073639761.0000000000, 5
34, Karmarkar-Karp, Weight, 1076380004.0000000000, 6
34, Karmarkar-Karp, Weight, 1077306956.0000000000, 7
34, Karmarkar-Karp, Efficiency, 0.9962873058, 0
34, Karmarkar-Karp, UsedEfficiency, 0.7865521107, 0
34, Karmarkar-Karp, Time, 0.0000775650, 0
34, SFC, PreviousEfficiency, 0.6801249343, 0
34, SFC, Weight, 1033091664.0000000000, 0
34, SFC, Weight, 1000000001.0000000000, 1
34, SFC, Weight, 800191226.0000000000, 2
34, SFC, Weight, 1310827159.0000000000, 3
34, SFC, Weight, 764754303.0000000000, 4
34, SFC, Weight, 1218185151.0000000000, 5
34, SFC, Weight, 1265633643.0000000000, 6
34, SFC, Weight, 1193774811.0000000000, 7
34, SFC, Efficiency, 0.8188015005, 0
34, SFC, UsedEfficiency, 0.6801249343, 0
34, SFC, Time, 0.0000214600, 0
34, SFC+Knapsack, PreviousEfficiency, 0.7744187304, 0
34, SFC+Knapsack, Weight, 1186143298.0000000000, 0
34, SFC+Knapsack, Weight, 1033091664.0000000000, 1
34, SFC+Knapsack, Weight, 1000000001.0000000000, 2
34, SFC+Knapsack, Weight, 924875087.0000000000, 3
34, SFC+Knapsack, Weight, 1112052861.0000000000, 4
34, SFC+Knapsack, Weight, 1111535196.0000000000, 5
34, SFC+Knapsack, Weight, 1110549768.0000000000, 6
34, SFC+Knapsack, Weight, 1108210083.0000000000, 7
34, SFC+Knapsack, Efficiency, 0.9048714827, 0
34, SFC+Knapsack, UsedEfficiency, 0.7744187304, 0
34, SFC+Knapsack, Time, 0.0000219210, 0
34, SFC+Painter, PreviousEfficiency, 0.7574444869, 0
34, SFC+Painter, Weight, 1265633643.0000000000, 6
34, SFC+Painter, Weight, 1218185151.0000000000, 5
34, SFC+Painter, Weight, 1193774811.0000000000, 7
34, SFC+Painter, Weight, 1150706375.0000000000, 4
34, SFC+Painter, Weight, 1033091664.0000000000, 0
34, SFC+Painter, Weight, 1000000001.0000000000, 1
34, SFC+Painter, Weight, 924875087.0000000000, 3
34, SFC+Painter, Weight, 800191226.0000000000, 2
34, SFC+Painter, Efficiency, 0.8480394391, 0
34, SFC+Painter, UsedEfficiency, 0.7574444869, 0
34, SFC+Painter, Time, 0.0000245850, 0
34, Painter+Knapsack, PreviousEfficiency, 0.7744187304, 0
34, Painter+Knapsack, Weight, 1186143298.0000000000, 0
34, Painter+Knapsack, Weight, 1033091664.0000000000, 1
34, Painter+Knapsack, Weight, 1000000001.0000000000, 2
34, Painter+Knapsack, Weight, 924875087.0000000000, 3
34, Painter+Knapsack, Weight, 1112052861.0000000000, 4
34, Painter+Knapsack, Weight, 1111535196.0000000000, 5
34, Painter+Knapsack, Weight, 1110549768.0000000000, 6
34, Painter+Knapsack, Weight, 1108210083.0000000000, 7
34, Painter+Knapsack, Efficiency, 0.9048714827, 0
34, Painter+Knapsack, UsedEfficiency, 0.7744187304, 0
34, Painter+Knapsack, Time, 0.0000245650, 0
35, Original, PreviousEfficiency, 0.7816677910, 0
35, Original, Efficiency, 0.9586700959, 0
35, Original, Weight, 1067077025.0000000000, 0
35, Original, Weight, 1015418039.0000000000, 1
35, Original, Weight, 1068560509.0000000000, 2
35, Original, Weight, 1029532268.0000000000, 3
35, Original, Weight, 1103033201.0000000000, 4
35, Original, Weight, 1103432005.0000000000, 5
35, Original, Weight, 1112966022.0000000000, 6
35, Original, Weight, 1035718875.0000000000, 7
35, Original, UsedEfficiency, 0.7816677910, 0
35, Knapsack, PreviousEfficiency, 0.8069815243, 0
35, Knapsack, Weight, 1072720426.0000000000, 0
35, Knapsack, Weight, 1071203501.0000000000, 1
35, Knapsack, Weight, 1067810378.0000000000, 2
35, Knapsack, Weight, 1067247297.0000000000, 3
35, Knapsack, Weight, 1064540096.0000000000, 4
35, Knapsack, Weight, 1064318057.0000000000, 5
35, Knapsack, Weight, 1064188848.0000000000, 6
35, Knapsack, Weight, 1063709341.0000000000, 7
35, Knapsack, Efficiency, 0.9946368291, 0
35, Knapsack, UsedEfficiency, 0.8069815243, 0
35, Knapsack, Time, 0.0000187150, 0
35, Karmarkar-Karp, PreviousEfficiency, 0.7944333939, 0
35, Karmarkar-Karp, Weight, 1063709341.0000000000, 0
35, Karmarkar-Karp, Weight, 1064188848.0000000000, 1
35, Karmarkar-Karp, Weight, 1064318057.0000000000, 2
35, Karmarkar-Karp, Weight, 1064540096.0000000000, 3
35, Karmarkar-Karp, Weight, 1067247297.0000000000, 4
35, Karmarkar-Karp, Weight, 1067810378.0000000000, 5
35, Karmarkar-Karp, Weight, 1071203501.0000000000, 6
35, Karmarkar-Karp, Weight, 1072720426.0000000000, 7
35, Karmarkar-Karp, Efficiency, 0.9946368291, 0
35, Karmarkar-Karp, UsedEfficiency, 0.7944333939, 0
35, Karmarkar-Karp, Time, 0.0000798780, 0
35, SFC, PreviousEfficiency, 0.6910835534, 0
35, SFC, Weight, 1054485947.0000000000, 0
35, SFC, Weight, 1000000001.0000000000, 1
35, SFC, Weight, 786360694.0000000000, 2
35, SFC, Weight, 1337258959.0000000000, 3
35, SFC, Weight, 758509541.0000000000, 4
35, SFC, Weight, 1198370871.0000000000, 5
35, SFC, Weight, 1241904452.0000000000, 6
35, SFC, Weight, 1158847479.0000000000, 7
35, SFC, Efficiency, 0.7978763095, 0
35, SFC, UsedEfficiency, 0.6910835534, 0
35, SFC, Time, 0.0000218210, 0
35, SFC+Knapsack, PreviousEfficiency, 0.7628305988, 0
35, SFC+Knapsack, Weight, 1185055560.0000000000, 0
35, SFC+Knapsack, Weight, 1054485947.0000000000, 1
35, SFC+Knapsack, Weight, 1000000001.0000000000, 2
35, SFC+Knapsack, Weight, 938564093.0000000000, 3
35, SFC+Knapsack, Weight, 1093585964.0000000000, 4
35, SFC+Knapsack, Weight, 1090053789.0000000000, 5
35, SFC+Knapsack, Weight, 1088351485.0000000000, 6
35, SFC+Knapsack, Weight, 1085641105.0000000000, 7
35, SFC+Knapsack, Efficiency, 0.9003520839, 0
35, SFC+Knapsack, UsedEfficiency, 0.7628305988, 0
35, SFC+Knapsack, Time, 0.0000217810, 0
35, SFC+Painter, PreviousEfficiency, 0.7778569545, 0
35, SFC+Painter, Weight, 1241904452.0000000000, 6
35, SFC+Painter, Weight, 1198370871.0000000000, 5
35, SFC+Painter, Weight, 1158847479.0000000000, 7
35, SFC+Painter, Weight, 1157204407.0000000000, 4
35, SFC+Painter, Weight, 1054485947.0000000000, 0
35, SFC+Painter, Weight, 1000000001.0000000000, 1
35, SFC+Painter, Weight, 938564093.0000000000, 3
35, SFC+Painter, Weight, 786360694.0000000000, 2
35, SFC+Painter, Efficiency, 0.8591379484, 0
35, SFC+Painter, UsedEfficiency, 0.7778569545, 0
35, SFC+Painter, Time, 0.0000259780, 0
35, Painter+Knapsack, PreviousEfficiency, 0.7628305988, 0
35, Painter+Knapsack, Weight, 1185055560.0000000000, 0
35, Painter+Knapsack, Weight, 1054485947.0000000000, 1
35, Painter+Knapsack, Weight, 1000000001.0000000000, 2
35, Painter+Knapsack, Weight, 938564093.0000000000, 3
35, Painter+Knapsack, Weight, 1093585964.0000000000, 4
35, Painter+Knapsack, Weight, 1090053789.0000000000, 5
35, Painter+Knapsack, Weight, 1088351485.0000000000, 6
35, Painter+Knapsack, Weight, 1085641105.0000000000, 7
35, Painter+Knapsack, Efficiency, 0.9003520839, 0
35, Painter+Knapsack, UsedEfficiency, 0.7628305988, 0
35, Painter+Knapsack, Time, 0.0000252870, 0
36, Original, PreviousEfficiency, 0.7947937102, 0
36, Original, Efficiency, 0.9304993766, 0
36, Original, Weight, 1140504577.0000000000, 0
36, Original, Weight, 1057626736.0000000000, 1
36, Original, Weight, 1137488319.0000000000, 2
36, Original, Weight, 1046365254.0000000000, 3
36, Original, Weight, 1190296869.0000000000, 4
36, Original, Weight, 1110652657.0000000000, 5
36, Original, Weight, 1206659081.0000000000, 6
36, Original, Weight, 1092770688.0000000000, 7
36, Original, UsedEfficiency, 0.7947937102, 0
36, Knapsack, PreviousEfficiency, 0.8283887601, 0
36, Knapsack, Weight, 1140315427.0000000000, 0
36, Knapsack, Weight, 1124642880.0000000000, 1
36, Knapsack, Weight, 1122616072.0000000000, 2
36, Knapsack, Weight, 1121618106.0000000000, 3
36, Knapsack, Weight, 1119594533.0000000000, 4
36, Knapsack, Weight, 1118662048.0000000000, 5
36, Knapsack, Weight, 1117554468.0000000000, 6
36, Knapsack, Weight, 1117360647.0000000000, 7
36, Knapsack, Efficiency, 0.9846359139, 0
36, Knapsack, UsedEfficiency, 0.8283887601, 0
36, Knapsack, Time, 0.0000191360, 0
36, Karmarkar-Karp, PreviousEfficiency, 0.8317503544, 0
36, Karmarkar-Karp, Weight, 1117360647.0000000000, 0
36, Karmarkar-Karp, Weight, 1117554468.0000000000, 1
36, Karmarkar-Karp, Weight, 1118662048.0000000000, 2
36, Karmarkar-Karp, Weight, 1119594533.0000000000, 3
36, Karmarkar-Karp, Weight, 1121618106.0000000000, 4
36, Karmarkar-Karp, Weight, 1122616072.0000000000, 5
36, Karmarkar-Karp, Weight, 1124642880.0000000000, 6
36, Karmarkar-Karp, Weight, 1140315427.0000000000, 7
36, Karmarkar-Karp, Efficiency, 0.9846359139, 0
36, Karmarkar-Karp, UsedEfficiency, 0.8317503544, 0
36, Karmarkar-Karp, Time, 0.0000893070, 0
36, SFC, PreviousEfficiency, 0.6988109613, 0
36, SFC, Weight, 558670063.0000000000, 0
36, SFC, Weight, 1583512106.0000000000, 1
36, SFC, Weight, 825561887.0000000000, 2
36, SFC, Weight, 1450765108.0000000000, 3
36, SFC, Weight, 802304479.0000000000, 4
36, SFC, Weight, 1258075950.0000000000, 5
36, SFC, Weight, 1313064743.0000000000, 6
36, SFC, Weight, 1190409845.0000000000, 7
36, SFC, Efficiency, 0.7090539557, 0
36, SFC, UsedEfficiency, 0.6988109613, 0
36, SFC, Time, 0.0000244250, 0
36, SFC+Knapsack, PreviousEfficiency, 0.7817361948, 0
36, SFC+Knapsack, Weight, 1258397205.0000000000, 0
36, SFC+Knapsack, Weight, 1140315427.0000000000, 1
36, SFC+Knapsack, Weight, 1019796531.0000000000, 2
36, SFC+Knapsack, Weight, 1000000001.0000000000, 3
36, SFC+Knapsack, Weight, 1145044143.0000000000, 4
36, SFC+Knapsack, Weight, 1144647322.0000000000, 5
36, SFC+Knapsack, Weight, 1138552359.0000000000, 6
36, SFC+Knapsack, Weight, 1135611193.0000000000, 7
36, SFC+Knapsack, Efficiency, 0.8922425433, 0
36, SFC+Knapsack, UsedEfficiency, 0.7817361948, 0
36, SFC+Knapsack, Time, 0.0000201470, 0
36, SFC+Painter, PreviousEfficiency, 0.7888636649, 0
36, SFC+Painter, Weight, 1313064743.0000000000, 6
36, SFC+Painter, Weight, 1258075950.0000000000, 5
36, SFC+Painter, Weight, 1238588905.0000000000, 4
36, SFC+Painter, Weight, 1190409845.0000000000, 7
36, SFC+Painter, Weight, 1142182168.0000000000, 0
36, SFC+Painter, Weight, 1014480682.0000000000, 3
36, SFC+Painter, Weight, 1000000001.0000000000, 1
36, SFC+Painter, Weight, 825561887.0000000000, 2
36, SFC+Painter, Efficiency, 0.8550953246, 0
36, SFC+Painter, UsedEfficiency, 0.7888636649, 0
36, SFC+Painter, Time, 0.0000277820, 0
36, Painter+Knapsack, PreviousEfficiency, 0.7817361948, 0
36, Painter+Knapsack, Weight, 1258397205.0000000000, 0
36, Painter+Knapsack, Weight, 1140315427.0000000000, 1
36, Painter+Knapsack, Weight, 1019796531.0000000000, 2
36, Painter+Knapsack, Weight, 1000000001.0000000000, 3
36, Painter+Knapsack, Weight, 1145044143.0000000000, 4
36, Painter+Knapsack, Weight, 1144647322.0000000000, 5
36, Painter+Knapsack, Weight, 1138552359.0000000000, 6
36, Painter+Knapsack, Weight, 1135611193.0000000000, 7
36, Painter+Knapsack, Efficiency, 0.8922425433, 0
36, Painter+Knapsack, UsedEfficiency, 0.7817361948, 0
36, Painter+Knapsack, Time, 0.0000222210, 0
37, Original, PreviousEfficiency, 0.8115584757, 0
37, Original, Efficiency, 0.9073104924, 0
37, Original, Weight, 1195209088.0000000000, 0
37, Original, Weight, 1086990728.0000000000, 1
37, Original, Weight, 1182335272.0000000000, 2
37, Original, Weight, 1047083783.0000000000, 3
37, Original, Weight, 1250707519.0000000000, 4
37, Original, Weight, 1115225368.0000000000, 5
37, Original, Weight, 1279557883.0000000000, 6
37, Original, Weight, 1130540702.0000000000, 7
37, Original, UsedEfficiency, 0.8115584757, 0
37, Knapsack, PreviousEfficiency, 0.8441231220, 0
37, Knapsack, Weight, 1206371583.0000000000, 0
37, Knapsack, Weight, 1158885783.0000000000, 1
37, Knapsack, Weight, 1158120342.0000000000, 2
37, Knapsack, Weight, 1157366777.0000000000, 3
37, Knapsack, Weight, 1153147534.0000000000, 4
37, Knapsack, Weight, 1152702881.0000000000, 5
37, Knapsack, Weight, 1150858462.0000000000, 6
37, Knapsack, Weight, 1150196981.0000000000, 7
37, Knapsack, Efficiency, 0.9623538131, 0
37, Knapsack, UsedEfficiency, 0.8441231220, 0
37, Knapsack, Time, 0.0000168010, 0
37, Karmarkar-Karp, PreviousEfficiency, 0.8555678571, 0
37, Karmarkar-Karp, Weight, 1150196981.0000000000, 0
37, Karmarkar-Karp, Weight, 1150858462.0000000000, 1
37, Karmarkar-Karp, Weight, 1152702881.0000000000, 2
37, Karmarkar-Karp, Weight, 1153147534.0000000000, 3
37, Karmarkar-Karp, Weight, 1157366777.0000000000, 4
37, Karmarkar-Karp, Weight, 1158120342.0000000000, 5
37, Karmarkar-Karp, Weight, 1158885783.0000000000, 6
37, Karmarkar-Karp, Weight, 1206371583.0000000000, 7
37, Karmarkar-Karp, Efficiency, 0.9623538131, 0
37, Karmarkar-Karp, UsedEfficiency, 0.8555678571, 0
37, Karmarkar-Karp, Time, 0.0000865510, 0
37, SFC, PreviousEfficiency, 0.7046120142, 0
37, SFC, Weight, 593457707.0000000000, 0
37, SFC, Weight, 1617318898.0000000000, 1
37, SFC, Weight, 850361014.0000000000, 2
37, SFC, Weight, 1529387752.0000000000, 3
37, SFC, Weight, 829621757.0000000000, 4
37, SFC, Weight, 1294032485.0000000000, 5
37, SFC, Weight, 1369612249.0000000000, 6
37, SFC, Weight, 1203858481.0000000000, 7
37, SFC, Efficiency, 0.7178276927, 0
37, SFC, UsedEfficiency, 0.7046120142, 0
37, SFC, Time, 0.0000214200, 0
37, SFC+Knapsack, PreviousEfficiency, 0.7939402655, 0
37, SFC+Knapsack, Weight, 1304563303.0000000000, 0
37, SFC+Knapsack, Weight, 1206371583.0000000000, 1
37, SFC+Knapsack, Weight, 1079590484.0000000000, 2
37, SFC+Knapsack, Weight, 1000000001.0000000000, 3
37, SFC+Knapsack, Weight, 1178033923.0000000000, 4
37, SFC+Knapsack, Weight, 1176204477.0000000000, 5
37, SFC+Knapsack, Weight, 1174754613.0000000000, 6
37, SFC+Knapsack, Weight, 1168131959.0000000000, 7
37, SFC+Knapsack, Efficiency, 0.8899194774, 0
37, SFC+Knapsack, UsedEfficiency, 0.7939402655, 0
37, SFC+Knapsack, Time, 0.0000213100, 0
37, SFC+Painter, PreviousEfficiency, 0.7976943663, 0
37, SFC+Painter, Weight, 1369612249.0000000000, 6
37, SFC+Painter, Weight, 1294032485.0000000000, 5
37, SFC+Painter, Weight, 1291893344.0000000000, 4
37, SFC+Painter, Weight, 1210776604.0000000000, 0
37, SFC+Painter, Weight, 1203858481.0000000000, 7
37, SFC+Painter, Weight, 1067116165.0000000000, 3
37, SFC+Painter, Weight, 1000000001.0000000000, 1
37, SFC+Painter, Weight, 850361014.0000000000, 2
37, SFC+Painter, Efficiency, 0.8476532637, 0
37, SFC+Painter, UsedEfficiency, 0.7976943663, 0
37, SFC+Painter, Time, 0.0000244960, 0
37, Painter+Knapsack, PreviousEfficiency, 0.7939402655, 0
37, Painter+Knapsack, Weight, 1304563303.0000000000, 0
37, Painter+Knapsack, Weight, 1206371583.0000000000, 1
37, Painter+Knapsack, Weight, 1079590484.0000000000, 2
37, Painter+Knapsack, Weight, 1000000001.0000000000, 3
37, Painter+Knapsack, Weight, 1178033923.0000000000, 4
37, Painter+Knapsack, Weight, 1176204477.0000000000, 5
37, Painter+Knapsack, Weight, 1174754613.0000000000, 6
37, Painter+Knapsack, Weight, 1168131959.0000000000, 7
37, Painter+Knapsack, Efficiency, 0.8899194774, 0
37, Painter+Knapsack, UsedEfficiency, 0.7939402655, 0
37, Painter+Knapsack, Time, 0.0000234130, 0
38, Original, PreviousEfficiency, 0.8294514699, 0
38, Original, Efficiency, 0.8882894059, 0
38, Original, Weight, 1244067140.0000000000, 0
38, Original, Weight, 1112268842.0000000000, 1
38, Original, Weight, 1214984917.0000000000, 2
38, Original, Weight, 1044905798.0000000000, 3
38, Original, Weight, 1299323909.0000000000, 4
38, Original, Weight, 1118716379.0000000000, 5
38, Original, Weight, 1341867177.0000000000, 6
38, Original, Weight, 1159597018.0000000000, 7
38, Original, UsedEfficiency, 0.8294514699, 0
38, Knapsack, PreviousEfficiency, 0.8599256156, 0
38, Knapsack, Weight, 1263354421.0000000000, 0
38, Knapsack, Weight, 1185285368.0000000000, 1
38, Knapsack, Weight, 1184442910.0000000000, 2
38, Knapsack, Weight, 1182408213.0000000000, 3
38, Knapsack, Weight, 1182083446.0000000000, 4
38, Knapsack, Weight, 1181977579.0000000000, 5
38, Knapsack, Weight, 1181237800.0000000000, 6
38, Knapsack, Weight, 1174941443.0000000000, 7
38, Knapsack, Efficiency, 0.9434932729, 0
38, Knapsack, UsedEfficiency, 0.8599256156, 0
38, Knapsack, Time, 0.0000185440, 0
38, Karmarkar-Karp, PreviousEfficiency, 0.8740629305, 0
38, Karmarkar-Karp, Weight, 1174941443.0000000000, 0
38, Karmarkar-Karp, Weight, 1181237800.0000000000, 1
38, Karmarkar-Karp, Weight, 1181977579.0000000000, 2
38, Karmarkar-Karp, Weight, 1182083446.0000000000, 3
38, Karmarkar-Karp, Weight, 1182408213.0000000000, 4
38, Karmarkar-Karp, Weight, 1184442910.0000000000, 5
38, Karmarkar-Karp, Weight, 1185285368.0000000000, 6
38, Karmarkar-Karp, Weight, 1263354421.0000000000, 7
38, Karmarkar-Karp, Efficiency, 0.9434932729, 0
38, Karmarkar-Karp, UsedEfficiency, 0.8740629305, 0
38, Karmarkar-Karp, Time, 0.0000821330, 0
38, SFC, PreviousEfficiency, 0.7059862275, 0
38, SFC, Weight, 628383922.0000000000, 0
38, SFC, Weight, 1641621491.0000000000, 1
38, SFC, Weight, 869107076.0000000000, 2
38, SFC, Weight, 1592608723.0000000000, 3
38, SFC, Weight, 851420022.0000000000, 4
38, SFC, Weight, 1318772693.0000000000, 5
38, SFC, Weight, 1416790015.0000000000, 6
38, SFC, Weight, 1217027238.0000000000, 7
38, SFC, Efficiency, 0.7260908827, 0
38, SFC, UsedEfficiency, 0.7059862275, 0
38, SFC, Time, 0.0000242150, 0
38, SFC+Knapsack, PreviousEfficiency, 0.8036761794, 0
38, SFC+Knapsack, Weight, 1343602677.0000000000, 0
38, SFC+Knapsack, Weight, 1263354421.0000000000, 1
38, SFC+Knapsack, Weight, 1124764113.0000000000, 2
38, SFC+Knapsack, Weight, 1000000001.0000000000, 3
38, SFC+Knapsack, Weight, 1202869847.0000000000, 4
38, SFC+Knapsack, Weight, 1201800626.0000000000, 5
38, SFC+Knapsack, Weight, 1199862872.0000000000, 6
38, SFC+Knapsack, Weight, 1199476623.0000000000, 7
38, SFC+Knapsack, Efficiency, 0.8871420234, 0
38, SFC+Knapsack, UsedEfficiency, 0.8036761794, 0
38, SFC+Knapsack, Time, 0.0000204280, 0
38, SFC+Painter, PreviousEfficiency, 0.8064625156, 0
38, SFC+Painter, Weight, 1416790015.0000000000, 6
38, SFC+Painter, Weight, 1334562645.0000000000, 4
38, SFC+Painter, Weight, 1318772693.0000000000, 5
38, SFC+Painter, Weight, 1270005412.0000000000, 0
38, SFC+Painter, Weight, 1217027238.0000000000, 7
38, SFC+Painter, Weight, 1109466100.0000000000, 3
38, SFC+Painter, Weight, 1000000001.0000000000, 1
38, SFC+Painter, Weight, 869107076.0000000000, 2
38, SFC+Painter, Efficiency, 0.8413147925, 0
38, SFC+Painter, UsedEfficiency, 0.8064625156, 0
38, SFC+Painter, Time, 0.0000280520, 0
38, Painter+Knapsack, PreviousEfficiency, 0.8036761794, 0
38, Painter+Knapsack, Weight, 1343602677.0000000000, 0
38, Painter+Knapsack, Weight, 1263354421.0000000000, 1
38, Painter+Knapsack, Weight, 1124764113.0000000000, 2
38, Painter+Knapsack, Weight, 1000000001.0000000000, 3
38, Painter+Knapsack, Weight, 1202869847.0000000000, 4
38, Painter+Knapsack, Weight, 1201800626.0000000000, 5
38, Painter+Knapsack, Weight, 1199862872.0000000000, 6
38, Painter+Knapsack, Weight, 1199476623.0000000000, 7
38, Painter+Knapsack, Efficiency, 0.8871420234, 0
38, Painter+Knapsack, UsedEfficiency, 0.8036761794, 0
38, Painter+Knapsack, Time, 0.0000225120, 0
39, Original, PreviousEfficiency, 0.8457272850, 0
39, Original, Efficiency, 0.8749019659, 0
39, Original, Weight, 1289016433.0000000000, 0
39, Original, Weight, 1136664421.0000000000, 1
39, Original, Weight, 1245714522.0000000000, 2
39, Original, Weight, 1039874039.0000000000, 3
39, Original, Weight, 1335219930.0000000000, 4
39, Original, Weight, 1118006459.0000000000, 5
39, Original, Weight, 1391924843.0000000000, 6
39, Original, Weight, 1185961605.0000000000, 7
39, Original, UsedEfficiency, 0.8457272850, 0
39, Knapsack, PreviousEfficiency, 0.8738928847, 0
39, Knapsack, Weight, 1308969442.0000000000, 0
39, Knapsack, Weight, 1209414178.0000000000, 1
39, Knapsack, Weight, 1208485219.0000000000, 2
39, Knapsack, Weight, 1207637857.0000000000, 3
39, Knapsack, Weight, 1204014712.0000000000, 4
39, Knapsack, Weight, 1202896439.0000000000, 5
39, Knapsack, Weight, 1200603210.0000000000, 6
39, Knapsack, Weight, 1200361195.0000000000, 7
39, Knapsack, Efficiency, 0.9303485188, 0
39, Knapsack, UsedEfficiency, 0.8738928847, 0
39, Knapsack, Time, 0.0000169620, 0
39, Karmarkar-Karp, PreviousEfficiency, 0.8907493562, 0
39, Karmarkar-Karp, Weight, 1200361195.0000000000, 0
39, Karmarkar-Karp, Weight, 1200603210.0000000000, 1
39, Karmarkar-Karp, Weight, 1202896439.0000000000, 2
39, Karmarkar-Karp, Weight, 1204014712.0000000000, 3
39, Karmarkar-Karp, Weight, 1207637857.0000000000, 4
39, Karmarkar-Karp, Weight, 1208485219.0000000000, 5
39, Karmarkar-Karp, Weight, 1209414178.0000000000, 6
39, Karmarkar-Karp, Weight, 1308969442.0000000000, 7
39, Karmarkar-Karp, Efficiency, 0.9303485188, 0
39, Karmarkar-Karp, UsedEfficiency, 0.8907493562, 0
39, Karmarkar-Karp, Time, 0.0000842970, 0
39, SFC, PreviousEfficiency, 0.6961581497, 0
39, SFC, Weight, 656724688.0000000000, 0
39, SFC, Weight, 1660713183.0000000000, 1
39, SFC, Weight, 886392426.0000000000, 2
39, SFC, Weight, 1639298142.0000000000, 3
39, SFC, Weight, 872348065.0000000000, 4
39, SFC, Weight, 1342621810.0000000000, 5
39, SFC, Weight, 1431297315.0000000000, 6
39, SFC, Weight, 1252986623.0000000000, 7
39, SFC, Efficiency, 0.7332980758, 0
39, SFC, UsedEfficiency, 0.6961581497, 0
39, SFC, Time, 0.0000292950, 0
39, SFC+Knapsack, PreviousEfficiency, 0.8121916042, 0
39, SFC+Knapsack, Weight, 1374048659.0000000000, 0
39, SFC+Knapsack, Weight, 1308969442.0000000000, 1
39, SFC+Knapsack, Weight, 1160110337.0000000000, 2
39, SFC+Knapsack, Weight, 1000000001.0000000000, 3
39, SFC+Knapsack, Weight, 1227447542.0000000000, 4
39, SFC+Knapsack, Weight, 1226998848.0000000000, 5
39, SFC+Knapsack, Weight, 1223944949.0000000000, 6
39, SFC+Knapsack, Weight, 1220862474.0000000000, 7
39, SFC+Knapsack, Efficiency, 0.8862843201, 0
39, SFC+Knapsack, UsedEfficiency, 0.8121916042, 0
39, SFC+Knapsack, Time, 0.0000224720, 0
39, SFC+Painter, PreviousEfficiency, 0.8112325863, 0
39, SFC+Painter, Weight, 1431297315.0000000000, 6
39, SFC+Painter, Weight, 1371745220.0000000000, 4
39, SFC+Painter, Weight, 1342621810.0000000000, 5
39, SFC+Painter, Weight, 1317437870.0000000000, 0
39, SFC+Painter, Weight, 1252986623.0000000000, 7
39, SFC+Painter, Weight, 1139900987.0000000000, 3
39, SFC+Painter, Weight, 1000000001.0000000000, 1
39, SFC+Painter, Weight, 886392426.0000000000, 2
39, SFC+Painter, Efficiency, 0.8508349514, 0
39, SFC+Painter, UsedEfficiency, 0.8112325863, 0
39, SFC+Painter, Time, 0.0000249170, 0
39, Painter+Knapsack, PreviousEfficiency, 0.8121916042, 0
39, Painter+Knapsack, Weight, 1374048659.0000000000, 0
39, Painter+Knapsack, Weight, 1308969442.0000000000, 1
39, Painter+Knapsack, Weight, 1160110337.0000000000, 2
39, Painter+Knapsack, Weight, 1000000001.0000000000, 3
39, Painter+Knapsack, Weight, 1227447542.0000000000, 4
39, Painter+Knapsack, Weight, 1226998848.0000000000, 5
39, Painter+Knapsack, Weight, 1223944949.0000000000, 6
39, Painter+Knapsack, Weight, 1220862474.0000000000, 7
39, Painter+Knapsack, Efficiency, 0.8862843201, 0
39, Painter+Knapsack, UsedEfficiency, 0.8121916042, 0
39, Painter+Knapsack, Time, 0.0000235230, 0
40, Original, PreviousEfficiency, 0.8572199229, 0
40, Original, Efficiency, 0.8689446139, 0
40, Original, Weight, 1318101035.0000000000, 0
40, Original, Weight, 1153434322.0000000000, 1
40, Original, Weight, 1271461416.0000000000, 2
40, Original, Weight, 1034333982.0000000000, 3
40, Original, Weight, 1352993038.0000000000, 4
40, Original, Weight, 1111362962.0000000000, 5
40, Original, Weight, 1418981205.0000000000, 6
40, Original, Weight, 1203460643.0000000000, 7
40, Original, UsedEfficiency, 0.8572199229, 0
40, Knapsack, PreviousEfficiency, 0.8819750007, 0
40, Knapsack, Weight, 1327676693.0000000000, 0
40, Knapsack, Weight, 1223266631.0000000000, 1
40, Knapsack, Weight, 1222896884.0000000000, 2
40, Knapsack, Weight, 1222268657.0000000000, 3
40, Knapsack, Weight, 1221277413.0000000000, 4
40, Knapsack, Weight, 1215985224.0000000000, 5
40, Knapsack, Weight, 1215543693.0000000000, 6
40, Knapsack, Weight, 1215213408.0000000000, 7
40, Knapsack, Efficiency, 0.9287020567, 0
40, Knapsack, UsedEfficiency, 0.8819750007, 0
40, Knapsack, Time, 0.0000174120, 0
40, Karmarkar-Karp, PreviousEfficiency, 0.8979338226, 0
40, Karmarkar-Karp, Weight, 1215213408.0000000000, 0
40, Karmarkar-Karp, Weight, 1215543693.0000000000, 1
40, Karmarkar-Karp, Weight, 1215985224.0000000000, 2
40, Karmarkar-Karp, Weight, 1221277413.0000000000, 3
40, Karmarkar-Karp, Weight, 1222268657.0000000000, 4
40, Karmarkar-Karp, Weight, 1222896884.0000000000, 5
40, Karmarkar-Karp, Weight, 1223266631.0000000000, 6
40, Karmarkar-Karp, Weight, 1327676693.0000000000, 7
40, Karmarkar-Karp, Efficiency, 0.9287020567, 0
40, Karmarkar-Karp, UsedEfficiency, 0.8979338226, 0
40, Karmarkar-Karp, Time, 0.0000837460, 0
40, SFC, PreviousEfficiency, 0.6890334030, 0
40, SFC, Weight, 676519021.0000000000, 0
40, SFC, Weight, 1667606884.0000000000, 1
40, SFC, Weight, 898298513.0000000000, 2
40, SFC, Weight, 1663175392.0000000000, 3
40, SFC, Weight, 886755132.0000000000, 4
40, SFC, Weight, 1359581284.0000000000, 5
40, SFC, Weight, 1432577082.0000000000, 6
40, SFC, Weight, 1279615295.0000000000, 7
40, SFC, Efficiency, 0.7393925314, 0
40, SFC, UsedEfficiency, 0.6890334030, 0
40, SFC, Time, 0.0000220110, 0
40, SFC+Knapsack, PreviousEfficiency, 0.8169217010, 0
40, SFC+Knapsack, Weight, 1392059842.0000000000, 0
40, SFC+Knapsack, Weight, 1327676693.0000000000, 1
40, SFC+Knapsack, Weight, 1185863274.0000000000, 2
40, SFC+Knapsack, Weight, 1000000001.0000000000, 3
40, SFC+Knapsack, Weight, 1243543019.0000000000, 4
40, SFC+Knapsack, Weight, 1241615874.0000000000, 5
40, SFC+Knapsack, Weight, 1238333055.0000000000, 6
40, SFC+Knapsack, Weight, 1235036845.0000000000, 7
40, SFC+Knapsack, Efficiency, 0.8857493322, 0
40, SFC+Knapsack, UsedEfficiency, 0.8169217010, 0
40, SFC+Knapsack, Time, 0.0000219510, 0
40, SFC+Painter, PreviousEfficiency, 0.8123352608, 0
40, SFC+Painter, Weight, 1432577082.0000000000, 6
40, SFC+Painter, Weight, 1396099385.0000000000, 4
40, SFC+Painter, Weight, 1359581284.0000000000, 5
40, SFC+Painter, Weight, 1344125904.0000000000, 0
40, SFC+Painter, Weight, 1279615295.0000000000, 7
40, SFC+Painter, Weight, 1153831139.0000000000, 3
40, SFC+Painter, Weight, 1000000001.0000000000, 1
40, SFC+Painter, Weight, 898298513.0000000000, 2
40, SFC+Painter, Efficiency, 0.8606978925, 0
40, SFC+Painter, UsedEfficiency, 0.8123352608, 0
40, SFC+Painter, Time, 0.0000243360, 0
40, Painter+Knapsack, PreviousEfficiency, 0.8169217010, 0
40, Painter+Knapsack, Weight, 1392059842.0000000000, 0
40, Painter+Knapsack, Weight, 1327676693.0000000000, 1
40, Painter+Knapsack, Weight, 1185863274.0000000000, 2
40, Painter+Knapsack, Weight, 1000000001.0000000000, 3
40, Painter+Knapsack, Weight, 1243543019.0000000000, 4
40, Painter+Knapsack, Weight, 1241615874.0000000000, 5
40, Painter+Knapsack, Weight, 1238333055.0000000000, 6
40, Painter+Knapsack, Weight, 1235036845.0000000000, 7
40, Painter+Knapsack, Efficiency, 0.8857493322, 0
40, Painter+Knapsack, UsedEfficiency, 0.8169217010, 0
40, Painter+Knapsack, Time, 0.0000240350, 0
41, Original, PreviousEfficiency, 0.8617510934, 0
41, Original, Efficiency, 0.8683329683, 0
41, Original, Weight, 1342670907.0000000000, 0
41, Original, Weight, 1170455635.0000000000, 1
41, Original, Weight, 1297974434.0000000000, 2
41, Original, Weight, 1034921851.0000000000, 3
41, Original, Weight, 1364687516.0000000000, 4
41, Original, Weight, 1103779449.0000000000, 5
41, Original, Weight, 1435487780.0000000000, 6
41, Original, Weight, 1221873348.0000000000, 7
41, Original, UsedEfficiency, 0.8617510934, 0
41, Knapsack, PreviousEfficiency, 0.8851306698, 0
41, Knapsack, Weight, 1336698659.0000000000, 0
41, Knapsack, Weight, 1240259979.0000000000, 1
41, Knapsack, Weight, 1238057732.0000000000, 2
41, Knapsack, Weight, 1235568187.0000000000, 3
41, Knapsack, Weight, 1230879666.0000000000, 4
41, Knapsack, Weight, 1230591023.0000000000, 5
41, Knapsack, Weight, 1230284504.0000000000, 6
41, Knapsack, Weight, 1229511170.0000000000, 7
41, Knapsack, Efficiency, 0.9325073805, 0
41, Knapsack, UsedEfficiency, 0.8851306698, 0
41, Knapsack, Time, 0.0000166410, 0
41, Karmarkar-Karp, PreviousEfficiency, 0.9012927435, 0
41, Karmarkar-Karp, Weight, 1229511170.0000000000, 0
41, Karmarkar-Karp, Weight, 1230284504.0000000000, 1
41, Karmarkar-Karp, Weight, 1230591023.0000000000, 2
41, Karmarkar-Karp, Weight, 1230879666.0000000000, 3
41, Karmarkar-Karp, Weight, 1235568187.0000000000, 4
41, Karmarkar-Karp, Weight, 1238057732.0000000000, 5
41, Karmarkar-Karp, Weight, 1240259979.0000000000, 6
41, Karmarkar-Karp, Weight, 1336698659.0000000000, 7
41, Karmarkar-Karp, Efficiency, 0.9325073805, 0
41, Karmarkar-Karp, UsedEfficiency, 0.9012927435, 0
41, Karmarkar-Karp, Time, 0.0000823640, 0
41, SFC, PreviousEfficiency, 0.6791023505, 0
41, SFC, Weight, 690754465.0000000000, 0
41, SFC, Weight, 1671308026.0000000000, 1
41, SFC, Weight, 912070264.0000000000, 2
41, SFC, Weight, 1674219231.0000000000, 3
41, SFC, Weight, 901425965.0000000000, 4
41, SFC, Weight, 1380268579.0000000000, 5
41, SFC, Weight, 1427991060.0000000000, 6
41, SFC, Weight, 1313813330.0000000000, 7
41, SFC, Efficiency, 0.7445150204, 0
41, SFC, UsedEfficiency, 0.6791023505, 0
41, SFC, Time, 0.0000216710, 0
41, SFC+Knapsack, PreviousEfficiency, 0.8241352797, 0
41, SFC+Knapsack, Weight, 1408427068.0000000000, 0
41, SFC+Knapsack, Weight, 1336698659.0000000000, 1
41, SFC+Knapsack, Weight, 1203226258.0000000000, 2
41, SFC+Knapsack, Weight, 1000000001.0000000000, 3
41, SFC+Knapsack, Weight, 1262108917.0000000000, 4
41, SFC+Knapsack, Weight, 1256569416.0000000000, 5
41, SFC+Knapsack, Weight, 1253977928.0000000000, 6
41, SFC+Knapsack, Weight, 1250842673.0000000000, 7
41, SFC+Knapsack, Efficiency, 0.8850166213, 0
41, SFC+Knapsack, UsedEfficiency, 0.8241352797, 0
41, SFC+Knapsack, Time, 0.0000225720, 0
41, SFC+Painter, PreviousEfficiency, 0.8099389212, 0
41, SFC+Painter, Weight, 1427991060.0000000000, 6
41, SFC+Painter, Weight, 1413897758.0000000000, 4
41, SFC+Painter, Weight, 1380268579.0000000000, 5
41, SFC+Painter, Weight, 1362062490.0000000000, 0
41, SFC+Painter, Weight, 1313813330.0000000000, 7
41, SFC+Painter, Weight, 1161747438.0000000000, 3
41, SFC+Painter, Weight, 1000000001.0000000000, 1
41, SFC+Painter, Weight, 912070264.0000000000, 2
41, SFC+Painter, Efficiency, 0.8728915747, 0
41, SFC+Painter, UsedEfficiency, 0.8099389212, 0
41, SFC+Painter, Time, 0.0000243650, 0
41, Painter+Knapsack, PreviousEfficiency, 0.8241352797, 0
41, Painter+Knapsack, Weight, 1408427068.0000000000, 0
41, Painter+Knapsack, Weight, 1336698659.0000000000, 1
41, Painter+Knapsack, Weight, 1203226258.0000000000, 2
41, Painter+Knapsack, Weight, 1000000001.0000000000, 3
41, Painter+Knapsack, Weight, 1262108917.0000000000, 4
41, Painter+Knapsack, Weight, 1256569416.0000000000, 5
41, Painter+Knapsack, Weight, 1253977928.0000000000, 6
41, Painter+Knapsack, Weight, 1250842673.0000000000, 7
41, Painter+Knapsack, Efficiency, 0.8850166213, 0
41, Painter+Knapsack, UsedEfficiency, 0.8241352797, 0
41, Painter+Knapsack, Time, 0.0000249670, 0
42, Original, PreviousEfficiency, 0.8653253694, 0
42, Original, Efficiency, 0.8720017094, 0
42, Original, Weight, 1351754479.0000000000, 0
42, Original, Weight, 1182666067.0000000000, 1
42, Original, Weight, 1312514300.0000000000, 2
42, Original, Weight, 1032908322.0000000000, 3
42, Original, Weight, 1368229807.0000000000, 4
42, Original, Weight, 1101040085.0000000000, 5
42, Original, Weight, 1436632525.0000000000, 6
42, Original, Weight, 1236222556.0000000000, 7
42, Original, UsedEfficiency, 0.8653253694, 0
42, Knapsack, PreviousEfficiency, 0.8876881032, 0
42, Knapsack, Weight, 1331489977.0000000000, 0
42, Knapsack, Weight, 1247512536.0000000000, 1
42, Knapsack, Weight, 1244932226.0000000000, 2
42, Knapsack, Weight, 1243177477.0000000000, 3
42, Knapsack, Weight, 1241857003.0000000000, 4
42, Knapsack, Weight, 1238228643.0000000000, 5
42, Knapsack, Weight, 1238193017.0000000000, 6
42, Knapsack, Weight, 1236577262.0000000000, 7
42, Knapsack, Efficiency, 0.9408602688, 0
42, Knapsack, UsedEfficiency, 0.8876881032, 0
42, Knapsack, Time, 0.0000183840, 0
42, Karmarkar-Karp, PreviousEfficiency, 0.9005018681, 0
42, Karmarkar-Karp, Weight, 1236577262.0000000000, 0
42, Karmarkar-Karp, Weight, 1238193017.0000000000, 1
42, Karmarkar-Karp, Weight, 1238228643.0000000000, 2
42, Karmarkar-Karp, Weight, 1241857003.0000000000, 3
42, Karmarkar-Karp, Weight, 1243177477.0000000000, 4
42, Karmarkar-Karp, Weight, 1244932226.0000000000, 5
42, Karmarkar-Karp, Weight, 1247512536.0000000000, 6
42, Karmarkar-Karp, Weight, 1331489977.0000000000, 7
42, Karmarkar-Karp, Efficiency, 0.9408602688, 0
42, Karmarkar-Karp, UsedEfficiency, 0.9005018681, 0
42, Karmarkar-Karp, Time, 0.0000805000, 0
42, SFC, PreviousEfficiency, 0.6713985409, 0
42, SFC, Weight, 698352905.0000000000, 0
42, SFC, Weight, 1666777926.0000000000, 1
42, SFC, Weight, 923787690.0000000000, 2
42, SFC, Weight, 1674249678.0000000000, 3
42, SFC, Weight, 911620928.0000000000, 4
42, SFC, Weight, 1391164263.0000000000, 5
42, SFC, Weight, 1418075334.0000000000, 6
42, SFC, Weight, 1337939417.0000000000, 7
42, SFC, Efficiency, 0.7482432484, 0
42, SFC, UsedEfficiency, 0.6713985409, 0
42, SFC, Time, 0.0000236040, 0
42, SFC+Knapsack, PreviousEfficiency, 0.8286885362, 0
42, SFC+Knapsack, Weight, 1421604130.0000000000, 0
42, SFC+Knapsack, Weight, 1331489977.0000000000, 1
42, SFC+Knapsack, Weight, 1210074091.0000000000, 2
42, SFC+Knapsack, Weight, 1000000001.0000000000, 3
42, SFC+Knapsack, Weight, 1269009607.0000000000, 4
42, SFC+Knapsack, Weight, 1268912868.0000000000, 5
42, SFC+Knapsack, Weight, 1262588533.0000000000, 6
42, SFC+Knapsack, Weight, 1258288934.0000000000, 7
42, SFC+Knapsack, Efficiency, 0.8812200184, 0
42, SFC+Knapsack, UsedEfficiency, 0.8286885362, 0
42, SFC+Knapsack, Time, 0.0000201170, 0
42, SFC+Painter, PreviousEfficiency, 0.8080012042, 0
42, SFC+Painter, Weight, 1423342114.0000000000, 4
42, SFC+Painter, Weight, 1418075334.0000000000, 6
42, SFC+Painter, Weight, 1391164263.0000000000, 5
42, SFC+Painter, Weight, 1365130830.0000000000, 0
42, SFC+Painter, Weight, 1337939417.0000000000, 7
42, SFC+Painter, Weight, 1162528492.0000000000, 3
42, SFC+Painter, Weight, 1000000001.0000000000, 1
42, SFC+Painter, Weight, 923787690.0000000000, 2
42, SFC+Painter, Efficiency, 0.8801439972, 0
42, SFC+Painter, UsedEfficiency, 0.8080012042, 0
42, SFC+Painter, Time, 0.0000271710, 0
42, Painter+Knapsack, PreviousEfficiency, 0.8286885362, 0
42, Painter+Knapsack, Weight, 1421604130.0000000000, 0
42, Painter+Knapsack, Weight, 1331489977.0000000000, 1
42, Painter+Knapsack, Weight, 1210074091.0000000000, 2
42, Painter+Knapsack, Weight, 1000000001.0000000000, 3
42, Painter+Knapsack, Weight, 1269009607.0000000000, 4
42, Painter+Knapsack, Weight, 1268912868.0000000000, 5
42, Painter+Knapsack, Weight, 1262588533.0000000000, 6
42, Painter+Knapsack, Weight, 1258288934.0000000000, 7
42, Painter+Knapsack, Efficiency, 0.8812200184, 0
42, Painter+Knapsack, UsedEfficiency, 0.8286885362, 0
42, Painter+Knapsack, Time, 0.0000224920, 0
43, Original, PreviousEfficiency, 0.8646645719, 0
43, Original, Efficiency, 0.8762050489, 0
43, Original, Weight, 1358740004.0000000000, 0
43, Original, Weight, 1192830220.0000000000, 1
43, Original, Weight, 1324121782.0000000000, 2
43, Original, Weight, 1035608981.0000000000, 3
43, Original, Weight, 1369780588.0000000000, 4
43, Original, Weight, 1098719023.0000000000, 5
43, Original, Weight, 1435228640.0000000000, 6
43, Original, Weight, 1245407408.0000000000, 7
43, Original, UsedEfficiency, 0.8646645719, 0
43, Knapsack, PreviousEfficiency, 0.8870268041, 0
43, Knapsack, Weight, 1327497703.0000000000, 0
43, Knapsack, Weight, 1252837017.0000000000, 1
43, Knapsack, Weight, 1250666910.0000000000, 2
43, Knapsack, Weight, 1249155016.0000000000, 3
43, Knapsack, Weight, 1248280476.0000000000, 4
43, Knapsack, Weight, 1245239071.0000000000, 5
43, Knapsack, Weight, 1244992263.0000000000, 6
43, Knapsack, Weight, 1241768190.0000000000, 7
43, Knapsack, Efficiency, 0.9473120578, 0
43, Knapsack, UsedEfficiency, 0.8870268041, 0
43, Knapsack, Time, 0.0000176730, 0
43, Karmarkar-Karp, PreviousEfficiency, 0.8961639936, 0
43, Karmarkar-Karp, Weight, 1241768190.0000000000, 0
43, Karmarkar-Karp, Weight, 1244992263.0000000000, 1
43, Karmarkar-Karp, Weight, 1245239071.0000000000, 2
43, Karmarkar-Karp, Weight, 1248280476.0000000000, 3
43, Karmarkar-Karp, Weight, 1249155016.0000000000, 4
43, Karmarkar-Karp, Weight, 1250666910.0000000000, 5
43, Karmarkar-Karp, Weight, 1252837017.0000000000, 6
43, Karmarkar-Karp, Weight, 1327497703.0000000000, 7
43, Karmarkar-Karp, Efficiency, 0.9473120578, 0
43, Karmarkar-Karp, UsedEfficiency, 0.8961639936, 0
43, Karmarkar-Karp, Time, 0.0000839170, 0
43, SFC, PreviousEfficiency, 0.6662090641, 0
43, SFC, Weight, 702723019.0000000000, 0
43, SFC, Weight, 1663907970.0000000000, 1
43, SFC, Weight, 931470114.0000000000, 2
43, SFC, Weight, 1669700369.0000000000, 3
43, SFC, Weight, 920161128.0000000000, 4
43, SFC, Weight, 1403263900.0000000000, 5
43, SFC, Weight, 1413034163.0000000000, 6
43, SFC, Weight, 1356175983.0000000000, 7
43, SFC, Efficiency, 0.7531618272, 0
43, SFC, UsedEfficiency, 0.6662090641, 0
43, SFC, Time, 0.0000230330, 0
43, SFC+Knapsack, PreviousEfficiency, 0.8338002798, 0
43, SFC+Knapsack, Weight, 1429360363.0000000000, 0
43, SFC+Knapsack, Weight, 1327497703.0000000000, 1
43, SFC+Knapsack, Weight, 1210943405.0000000000, 2
43, SFC+Knapsack, Weight, 1000000001.0000000000, 3
43, SFC+Knapsack, Weight, 1279490537.0000000000, 4
43, SFC+Knapsack, Weight, 1276968953.0000000000, 5
43, SFC+Knapsack, Weight, 1268112460.0000000000, 6
43, SFC+Knapsack, Weight, 1268063224.0000000000, 7
43, SFC+Knapsack, Efficiency, 0.8798023321, 0
43, SFC+Knapsack, UsedEfficiency, 0.8338002798, 0
43, SFC+Knapsack, Time, 0.0000198360, 0
43, SFC+Painter, PreviousEfficiency, 0.8044379527, 0
43, SFC+Painter, Weight, 1428381514.0000000000, 4
43, SFC+Painter, Weight, 1413034163.0000000000, 6
43, SFC+Painter, Weight, 1403263900.0000000000, 5
43, SFC+Painter, Weight, 1366630988.0000000000, 0
43, SFC+Painter, Weight, 1356175983.0000000000, 7
43, SFC+Painter, Weight, 1161479983.0000000000, 3
43, SFC+Painter, Weight, 1000000001.0000000000, 1
43, SFC+Painter, Weight, 931470114.0000000000, 2
43, SFC+Painter, Efficiency, 0.8804052478, 0
43, SFC+Painter, UsedEfficiency, 0.8044379527, 0
43, SFC+Painter, Time, 0.0000259980, 0
43, Painter+Knapsack, PreviousEfficiency, 0.8338002798, 0
43, Painter+Knapsack, Weight, 1429360363.0000000000, 0
43, Painter+Knapsack, Weight, 1327497703.0000000000, 1
43, Painter+Knapsack, Weight, 1210943405.0000000000, 2
43, Painter+Knapsack, Weight, 1000000001.0000000000, 3
43, Painter+Knapsack, Weight, 1279490537.0000000000, 4
43, Painter+Knapsack, Weight, 1276968953.0000000000, 5
43, Painter+Knapsack, Weight, 1268112460.0000000000, 6
43, Painter+Knapsack, Weight, 1268063224.0000000000, 7
43, Painter+Knapsack, Efficiency, 0.8798023321, 0
43, Painter+Knapsack, UsedEfficiency, 0.8338002798, 0
43, Painter+Knapsack, Time, 0.0000219400, 0
44, Original, PreviousEfficiency, 0.8645525767, 0
44, Original, Efficiency, 0.8820537105, 0
44, Original, Weight, 1356103163.0000000000, 0
44, Original, Weight, 1197932064.0000000000, 1
44, Original, Weight, 1325610694.0000000000, 2
44, Original, Weight, 1037566330.0000000000, 3
44, Original, Weight, 1366144087.0000000000, 4
44, Original, Weight, 1100071411.0000000000, 5
44, Original, Weight, 1425429908.0000000000, 6
44, Original, Weight, 1249588258.0000000000, 7
44, Original, UsedEfficiency, 0.8645525767, 0
44, Knapsack, PreviousEfficiency, 0.8856688630, 0
44, Knapsack, Weight, 1319286636.0000000000, 0
44, Knapsack, Weight, 1257054374.0000000000, 1
44, Knapsack, Weight, 1250776138.0000000000, 2
44, Knapsack, Weight, 1246745032.0000000000, 3
44, Knapsack, Weight, 1246372284.0000000000, 4
44, Knapsack, Weight, 1246347426.0000000000, 5
44, Knapsack, Weight, 1246198104.0000000000, 6
44, Knapsack, Weight, 1245665921.0000000000, 7
44, Knapsack, Efficiency, 0.9530193857, 0
44, Knapsack, UsedEfficiency, 0.8856688630, 0
44, Knapsack, Time, 0.0000166410, 0
44, Karmarkar-Karp, PreviousEfficiency, 0.8949082790, 0
44, Karmarkar-Karp, Weight, 1245665921.0000000000, 0
44, Karmarkar-Karp, Weight, 1246198104.0000000000, 1
44, Karmarkar-Karp, Weight, 1246347426.0000000000, 2
44, Karmarkar-Karp, Weight, 1246372284.0000000000, 3
44, Karmarkar-Karp, Weight, 1246745032.0000000000, 4
44, Karmarkar-Karp, Weight, 1250776138.0000000000, 5
44, Karmarkar-Karp, Weight, 1257054374.0000000000, 6
44, Karmarkar-Karp, Weight, 1319286636.0000000000, 7
44, Karmarkar-Karp, Efficiency, 0.9530193857, 0
44, Karmarkar-Karp, UsedEfficiency, 0.8949082790, 0
44, Karmarkar-Karp, Time, 0.0000831550, 0
44, SFC, PreviousEfficiency, 0.6622665735, 0
44, SFC, Weight, 700694202.0000000000, 0
44, SFC, Weight, 1659434101.0000000000, 1
44, SFC, Weight, 936152749.0000000000, 2
44, SFC, Weight, 1659944573.0000000000, 3
44, SFC, Weight, 924255721.0000000000, 4
44, SFC, Weight, 1404954864.0000000000, 5
44, SFC, Weight, 1405669637.0000000000, 6
44, SFC, Weight, 1367340068.0000000000, 7
44, SFC, Efficiency, 0.7574383867, 0
44, SFC, UsedEfficiency, 0.6622665735, 0
44, SFC, Time, 0.0000215200, 0
44, SFC+Knapsack, PreviousEfficiency, 0.8359428711, 0
44, SFC+Knapsack, Weight, 1432187772.0000000000, 0
44, SFC+Knapsack, Weight, 1319286636.0000000000, 1
44, SFC+Knapsack, Weight, 1204751216.0000000000, 2
44, SFC+Knapsack, Weight, 1000000001.0000000000, 3
44, SFC+Knapsack, Weight, 1280587025.0000000000, 4
44, SFC+Knapsack, Weight, 1280435646.0000000000, 5
44, SFC+Knapsack, Weight, 1271418693.0000000000, 6
44, SFC+Knapsack, Weight, 1269778926.0000000000, 7
44, SFC+Knapsack, Efficiency, 0.8778916871, 0
44, SFC+Knapsack, UsedEfficiency, 0.8359428711, 0
44, SFC+Knapsack, Time, 0.0000222310, 0
44, SFC+Painter, PreviousEfficiency, 0.8032252807, 0
44, SFC+Painter, Weight, 1428312735.0000000000, 4
44, SFC+Painter, Weight, 1405669637.0000000000, 6
44, SFC+Painter, Weight, 1404954864.0000000000, 5
44, SFC+Painter, Weight, 1367340068.0000000000, 7
44, SFC+Painter, Weight, 1360128302.0000000000, 0
44, SFC+Painter, Weight, 1155887559.0000000000, 3
44, SFC+Painter, Weight, 1000000001.0000000000, 1
44, SFC+Painter, Weight, 936152749.0000000000, 2
44, SFC+Painter, Efficiency, 0.8802734223, 0
44, SFC+Painter, UsedEfficiency, 0.8032252807, 0
44, SFC+Painter, Time, 0.0000245460, 0
44, Painter+Knapsack, PreviousEfficiency, 0.8359428711, 0
44, Painter+Knapsack, Weight, 1432187772.0000000000, 0
44, Painter+Knapsack, Weight, 1319286636.0000000000, 1
44, Painter+Knapsack, Weight, 1204751216.0000000000, 2
44, Painter+Knapsack, Weight, 1000000001.0000000000, 3
44, Painter+Knapsack, Weight, 1280587025.0000000000, 4
44, Painter+Knapsack, Weight, 1280435646.0000000000, 5
44, Painter+Knapsack, Weight, 1271418693.0000000000, 6
44, Painter+Knapsack, Weight, 1269778926.0000000000, 7
44, Painter+Knapsack, Efficiency, 0.8778916871, 0
44, Painter+Knapsack, UsedEfficiency, 0.8359428711, 0
44, Painter+Knapsack, Time, 0.0000247860, 0
45, Original, PreviousEfficiency, 0.8623987960, 0
45, Original, Efficiency, 0.8871514479, 0
45, Original, Weight, 1349155444.0000000000, 0
45, Original, Weight, 1203098048.0000000000, 1
45, Original, Weight, 1325761668.0000000000, 2
45, Original, Weight, 1042864670.0000000000, 3
45, Original, Weight, 1363454344.0000000000, 4
45, Original, Weight, 1105143540.0000000000, 5
45, Original, Weight, 1417105771.0000000000, 6
45, Original, Weight, 1250916007.0000000000, 7
45, Original, UsedEfficiency, 0.8623987960, 0
45, Knapsack, PreviousEfficiency, 0.8824487555, 0
45, Knapsack, Weight, 1312175347.0000000000, 0
45, Knapsack, Weight, 1257363285.0000000000, 1
45, Knapsack, Weight, 1252361392.0000000000, 2
45, Knapsack, Weight, 1249557207.0000000000, 3
45, Knapsack, Weight, 1247048648.0000000000, 4
45, Knapsack, Weight, 1246610222.0000000000, 5
45, Knapsack, Weight, 1246459288.0000000000, 6
45, Knapsack, Weight, 1245924103.0000000000, 7
45, Knapsack, Efficiency, 0.9580940835, 0
45, Knapsack, UsedEfficiency, 0.8824487555, 0
45, Knapsack, Time, 0.0000184340, 0
45, Karmarkar-Karp, PreviousEfficiency, 0.8926747881, 0
45, Karmarkar-Karp, Weight, 1245924103.0000000000, 0
45, Karmarkar-Karp, Weight, 1246459288.0000000000, 1
45, Karmarkar-Karp, Weight, 1246610222.0000000000, 2
45, Karmarkar-Karp, Weight, 1247048648.0000000000, 3
45, Karmarkar-Karp, Weight, 1249557207.0000000000, 4
45, Karmarkar-Karp, Weight, 1252361392.0000000000, 5
45, Karmarkar-Karp, Weight, 1257363285.0000000000, 6
45, Karmarkar-Karp, Weight, 1312175347.0000000000, 7
45, Karmarkar-Karp, Efficiency, 0.9580940835, 0
45, Karmarkar-Karp, UsedEfficiency, 0.8926747881, 0
45, Karmarkar-Karp, Time, 0.0000804200, 0
45, SFC, PreviousEfficiency, 0.6590274721, 0
45, SFC, Weight, 698451062.0000000000, 0
45, SFC, Weight, 1655776930.0000000000, 1
45, SFC, Weight, 938246717.0000000000, 2
45, SFC, Weight, 1651191041.0000000000, 3
45, SFC, Weight, 928103516.0000000000, 4
45, SFC, Weight, 1408337564.0000000000, 5
45, SFC, Weight, 1397810398.0000000000, 6
45, SFC, Weight, 1379582264.0000000000, 7
45, SFC, Efficiency, 0.7592734346, 0
45, SFC, UsedEfficiency, 0.6590274721, 0
45, SFC, Time, 0.0000241440, 0
45, SFC+Knapsack, PreviousEfficiency, 0.8379813992, 0
45, SFC+Knapsack, Weight, 1432782369.0000000000, 0
45, SFC+Knapsack, Weight, 1312175347.0000000000, 1
45, SFC+Knapsack, Weight, 1198708033.0000000000, 2
45, SFC+Knapsack, Weight, 1000000001.0000000000, 3
45, SFC+Knapsack, Weight, 1284042486.0000000000, 4
45, SFC+Knapsack, Weight, 1280811828.0000000000, 5
45, SFC+Knapsack, Weight, 1274817111.0000000000, 6
45, SFC+Knapsack, Weight, 1274162317.0000000000, 7
45, SFC+Knapsack, Efficiency, 0.8774447981, 0
45, SFC+Knapsack, UsedEfficiency, 0.8379813992, 0
45, SFC+Knapsack, Time, 0.0000195760, 0
45, SFC+Painter, PreviousEfficiency, 0.8011346784, 0
45, SFC+Painter, Weight, 1428360487.0000000000, 4
45, SFC+Painter, Weight, 1408337564.0000000000, 5
45, SFC+Painter, Weight, 1397810398.0000000000, 6
45, SFC+Painter, Weight, 1379582264.0000000000, 7
45, SFC+Painter, Weight, 1354227991.0000000000, 0
45, SFC+Painter, Weight, 1150934070.0000000000, 3
45, SFC+Painter, Weight, 1000000001.0000000000, 1
45, SFC+Painter, Weight, 938246717.0000000000, 2
45, SFC+Painter, Efficiency, 0.8801611694, 0
45, SFC+Painter, UsedEfficiency, 0.8011346784, 0
45, SFC+Painter, Time, 0.0000273810, 0
45, Painter+Knapsack, PreviousEfficiency, 0.8379813992, 0
45, Painter+Knapsack, Weight, 1432782369.0000000000, 0
45, Painter+Knapsack, Weight, 1312175347.0000000000, 1
45, Painter+Knapsack, Weight, 1198708033.0000000000, 2
45, Painter+Knapsack, Weight, 1000000001.0000000000, 3
45, Painter+Knapsack, Weight, 1284042486.0000000000, 4
45, Painter+Knapsack, Weight, 1280811828.0000000000, 5
45, Painter+Knapsack, Weight, 1274817111.0000000000, 6
45, Painter+Knapsack, Weight, 1274162317.0000000000, 7
45, Painter+Knapsack, Efficiency, 0.8774447981, 0
45, Painter+Knapsack, UsedEfficiency, 0.8379813992, 0
45, Painter+Knapsack, Time, 0.0000219910, 0
46, Original, PreviousEfficiency, 0.8608114626, 0
46, Original, Efficiency, 0.8938246058, 0
46, Original, Weight, 1339800412.0000000000, 0
46, Original, Weight, 1206181236.0000000000, 1
46, Original, Weight, 1320695683.0000000000, 2
46, Original, Weight, 1047261206.0000000000, 3
46, Original, Weight, 1358271137.0000000000, 4
46, Original, Weight, 1110219331.0000000000, 5
46, Original, Weight, 1403583518.0000000000, 6
46, Original, Weight, 1250447355.0000000000, 7
46, Original, UsedEfficiency, 0.8608114626, 0
46, Knapsack, PreviousEfficiency, 0.8795043511, 0
46, Knapsack, Weight, 1304836585.0000000000, 0
46, Knapsack, Weight, 1252920503.0000000000, 1
46, Knapsack, Weight, 1252600111.0000000000, 2
46, Knapsack, Weight, 1246720745.0000000000, 3
46, Knapsack, Weight, 1245758763.0000000000, 4
46, Knapsack, Weight, 1244628798.0000000000, 5
46, Knapsack, Weight, 1244591429.0000000000, 6
46, Knapsack, Weight, 1244402944.0000000000, 7
46, Knapsack, Efficiency, 0.9614671287, 0
46, Knapsack, UsedEfficiency, 0.8795043511, 0
46, Knapsack, Time, 0.0000163200, 0
46, Karmarkar-Karp, PreviousEfficiency, 0.8914532964, 0
46, Karmarkar-Karp, Weight, 1244402944.0000000000, 0
46, Karmarkar-Karp, Weight, 1244591429.0000000000, 1
46, Karmarkar-Karp, Weight, 1244628798.0000000000, 2
46, Karmarkar-Karp, Weight, 1245758763.0000000000, 3
46, Karmarkar-Karp, Weight, 1246720745.0000000000, 4
46, Karmarkar-Karp, Weight, 1252600111.0000000000, 5
46, Karmarkar-Karp, Weight, 1252920503.0000000000, 6
46, Karmarkar-Karp, Weight, 1304836585.0000000000, 7
46, Karmarkar-Karp, Efficiency, 0.9614671287, 0
46, Karmarkar-Karp, UsedEfficiency, 0.8914532964, 0
46, Karmarkar-Karp, Time, 0.0000852090, 0
46, SFC, PreviousEfficiency, 0.6563559805, 0
46, SFC, Weight, 689882569.0000000000, 0
46, SFC, Weight, 1652265344.0000000000, 1
46, SFC, Weight, 939281861.0000000000, 2
46, SFC, Weight, 1639156776.0000000000, 3
46, SFC, Weight, 930119449.0000000000, 4
46, SFC, Weight, 1407317119.0000000000, 5
46, SFC, Weight, 1391392921.0000000000, 6
46, SFC, Weight, 1387043839.0000000000, 7
46, SFC, Efficiency, 0.7592954057, 0
46, SFC, UsedEfficiency, 0.6563559805, 0
46, SFC, Time, 0.0000213500, 0
46, SFC+Knapsack, PreviousEfficiency, 0.8387507680, 0
46, SFC+Knapsack, Weight, 1430122137.0000000000, 0
46, SFC+Knapsack, Weight, 1304836585.0000000000, 1
46, SFC+Knapsack, Weight, 1185627827.0000000000, 2
46, SFC+Knapsack, Weight, 1000000001.0000000000, 3
46, SFC+Knapsack, Weight, 1286624529.0000000000, 4
46, SFC+Knapsack, Weight, 1277719114.0000000000, 5
46, SFC+Knapsack, Weight, 1276058301.0000000000, 6
46, SFC+Knapsack, Weight, 1275471384.0000000000, 7
46, SFC+Knapsack, Efficiency, 0.8772380011, 0
46, SFC+Knapsack, UsedEfficiency, 0.8387507680, 0
46, SFC+Knapsack, Time, 0.0000210790, 0
46, SFC+Painter, PreviousEfficiency, 0.7997262138, 0
46, SFC+Painter, Weight, 1425864707.0000000000, 4
46, SFC+Painter, Weight, 1407317119.0000000000, 5
46, SFC+Painter, Weight, 1391392921.0000000000, 6
46, SFC+Painter, Weight, 1387043839.0000000000, 7
46, SFC+Painter, Weight, 1342147912.0000000000, 0
46, SFC+Painter, Weight, 1143411518.0000000000, 3
46, SFC+Painter, Weight, 1000000001.0000000000, 1
46, SFC+Painter, Weight, 939281861.0000000000, 2
46, SFC+Painter, Efficiency, 0.8798573095, 0
46, SFC+Painter, UsedEfficiency, 0.7997262138, 0
46, SFC+Painter, Time, 0.0000253770, 0
46, Painter+Knapsack, PreviousEfficiency, 0.8387507680, 0
46, Painter+Knapsack, Weight, 1430122137.0000000000, 0
46, Painter+Knapsack, Weight, 1304836585.0000000000, 1
46, Painter+Knapsack, Weight, 1185627827.0000000000, 2
46, Painter+Knapsack, Weight, 1000000001.0000000000, 3
46, Painter+Knapsack, Weight, 1286624529.0000000000, 4
46, Painter+Knapsack, Weight, 1277719114.0000000000, 5
46, Painter+Knapsack, Weight, 1276058301.0000000000, 6
46, Painter+Knapsack, Weight, 1275471384.0000000000, 7
46, Painter+Knapsack, Efficiency, 0.8772380011, 0
46, Painter+Knapsack, UsedEfficiency, 0.8387507680, 0
46, Painter+Knapsack, Time, 0.0000243160, 0
47, Original, PreviousEfficiency, 0.8589232625, 0
47, Original, Efficiency, 0.8974773139, 0
47, Original, Weight, 1329872436.0000000000, 0
47, Original, Weight, 1211620241.0000000000, 1
47, Original, Weight, 1318992043.0000000000, 2
47, Original, Weight, 1053963659.0000000000, 3
47, Original, Weight, 1357272357.0000000000, 4
47, Original, Weight, 1113768627.0000000000, 5
47, Original, Weight, 1397588640.0000000000, 6
47, Original, Weight, 1251354785.0000000000, 7
47, Original, UsedEfficiency, 0.8589232625, 0
47, Knapsack, PreviousEfficiency, 0.8766817439, 0
47, Knapsack, Weight, 1299589919.0000000000, 0
47, Knapsack, Weight, 1254745006.0000000000, 1
47, Knapsack, Weight, 1251105307.0000000000, 2
47, Knapsack, Weight, 1249280496.0000000000, 3
47, Knapsack, Weight, 1245583261.0000000000, 4
47, Knapsack, Weight, 1245360742.0000000000, 5
47, Knapsack, Weight, 1244853852.0000000000, 6
47, Knapsack, Weight, 1243914205.0000000000, 7
47, Knapsack, Efficiency, 0.9651537613, 0
47, Knapsack, UsedEfficiency, 0.8766817439, 0
47, Knapsack, Time, 0.0000183340, 0
47, Karmarkar-Karp, PreviousEfficiency, 0.8899828491, 0
47, Karmarkar-Karp, Weight, 1243914205.0000000000, 0
47, Karmarkar-Karp, Weight, 1244853852.0000000000, 1
47, Karmarkar-Karp, Weight, 1245360742.0000000000, 2
47, Karmarkar-Karp, Weight, 1245583261.0000000000, 3
47, Karmarkar-Karp, Weight, 1249280496.0000000000, 4
47, Karmarkar-Karp, Weight, 1251105307.0000000000, 5
47, Karmarkar-Karp, Weight, 1254745006.0000000000, 6
47, Karmarkar-Karp, Weight, 1299589919.0000000000, 7
47, Karmarkar-Karp, Efficiency, 0.9651537613, 0
47, Karmarkar-Karp, UsedEfficiency, 0.8899828491, 0
47, Karmarkar-Karp, Time, 0.0000813310, 0
47, SFC, PreviousEfficiency, 0.6565223314, 0
47, SFC, Weight, 686696517.0000000000, 0
47, SFC, Weight, 1649896546.0000000000, 1
47, SFC, Weight, 940933164.0000000000, 2
47, SFC, Weight, 1632948930.0000000000, 3
47, SFC, Weight, 933370707.0000000000, 4
47, SFC, Weight, 1409357607.0000000000, 5
47, SFC, Weight, 1387298119.0000000000, 6
47, SFC, Weight, 1393931198.0000000000, 7
47, SFC, Efficiency, 0.7602319682, 0
47, SFC, UsedEfficiency, 0.6565223314, 0
47, SFC, Time, 0.0000213590, 0
47, SFC+Knapsack, PreviousEfficiency, 0.8397897048, 0
47, SFC+Knapsack, Weight, 1430595633.0000000000, 0
47, SFC+Knapsack, Weight, 1299589919.0000000000, 1
47, SFC+Knapsack, Weight, 1180289604.0000000000, 2
47, SFC+Knapsack, Weight, 1000000001.0000000000, 3
47, SFC+Knapsack, Weight, 1283474445.0000000000, 4
47, SFC+Knapsack, Weight, 1281267038.0000000000, 5
47, SFC+Knapsack, Weight, 1279853194.0000000000, 6
47, SFC+Knapsack, Weight, 1279362954.0000000000, 7
47, SFC+Knapsack, Efficiency, 0.8767705350, 0
47, SFC+Knapsack, UsedEfficiency, 0.8397897048, 0
47, SFC+Knapsack, Time, 0.0000215510, 0
47, SFC+Painter, PreviousEfficiency, 0.7980844961, 0
47, SFC+Painter, Weight, 1426963794.0000000000, 4
47, SFC+Painter, Weight, 1409357607.0000000000, 5
47, SFC+Painter, Weight, 1393931198.0000000000, 7
47, SFC+Painter, Weight, 1387298119.0000000000, 6
47, SFC+Painter, Weight, 1336593062.0000000000, 0
47, SFC+Painter, Weight, 1139355843.0000000000, 3
47, SFC+Painter, Weight, 1000000001.0000000000, 1
47, SFC+Painter, Weight, 940933164.0000000000, 2
47, SFC+Painter, Efficiency, 0.8790020488, 0
47, SFC+Painter, UsedEfficiency, 0.7980844961, 0
47, SFC+Painter, Time, 0.0000252670, 0
47, Painter+Knapsack, PreviousEfficiency, 0.8397897048, 0
47, Painter+Knapsack, Weight, 1430595633.0000000000, 0
47, Painter+Knapsack, Weight, 1299589919.0000000000, 1
47, Painter+Knapsack, Weight, 1180289604.0000000000, 2
47, Painter+Knapsack, Weight, 1000000001.0000000000, 3
47, Painter+Knapsack, Weight, 1283474445.0000000000, 4
47, Painter+Knapsack, Weight, 1281267038.0000000000, 5
47, Painter+Knapsack, Weight, 1279853194.0000000000, 6
47, Painter+Knapsack, Weight, 1279362954.0000000000, 7
47, Painter+Knapsack, Efficiency, 0.8767705350, 0
47, Painter+Knapsack, UsedEfficiency, 0.8397897048, 0
47, Painter+Knapsack, Time, 0.0000239750, 0
48, Original, PreviousEfficiency, 0.8583495849, 0
48, Original, Efficiency, 0.8943024803, 0
48, Original, Weight, 1324263901.0000000000, 0
48, Original, Weight, 1216825202.0000000000, 1
48, Original, Weight, 1315648494.0000000000, 2
48, Original, Weight, 1058484344.0000000000, 3
48, Original, Weight, 1357068441.0000000000, 4
48, Original, Weight, 1117326568.0000000000, 5
48, Original, Weight, 1402354497.0000000000, 6
48, Original, Weight, 1241061392.0000000000, 7
48, Original, UsedEfficiency, 0.8583495849, 0
48, Knapsack, PreviousEfficiency, 0.8757272242, 0
48, Knapsack, Weight, 1296824701.0000000000, 0
48, Knapsack, Weight, 1254376294.0000000000, 1
48, Knapsack, Weight, 1250177072.0000000000, 2
48, Knapsack, Weight, 1250150927.0000000000, 3
48, Knapsack, Weight, 1249734426.0000000000, 4
48, Knapsack, Weight, 1244242764.0000000000, 5
48, Knapsack, Weight, 1243935663.0000000000, 6
48, Knapsack, Weight, 1243590992.0000000000, 7
48, Knapsack, Efficiency, 0.9670768176, 0
48, Knapsack, UsedEfficiency, 0.8757272242, 0
48, Knapsack, Time, 0.0000175930, 0
48, Karmarkar-Karp, PreviousEfficiency, 0.8894259851, 0
48, Karmarkar-Karp, Weight, 1243590992.0000000000, 0
48, Karmarkar-Karp, Weight, 1243935663.0000000000, 1
48, Karmarkar-Karp, Weight, 1244242764.0000000000, 2
48, Karmarkar-Karp, Weight, 1249734426.0000000000, 3
48, Karmarkar-Karp, Weight, 1250150927.0000000000, 4
48, Karmarkar-Karp, Weight, 1250177072.0000000000, 5
48, Karmarkar-Karp, Weight, 1254376294.0000000000, 6
48, Karmarkar-Karp, Weight, 1296824701.0000000000, 7
48, Karmarkar-Karp, Efficiency, 0.9670768176, 0
48, Karmarkar-Karp, UsedEfficiency, 0.8894259851, 0
48, Karmarkar-Karp, Time, 0.0000801690, 0
48, SFC, PreviousEfficiency, 0.6560150455, 0
48, SFC, Weight, 681489966.0000000000, 0
48, SFC, Weight, 1649072554.0000000000, 1
48, SFC, Weight, 941444653.0000000000, 2
48, SFC, Weight, 1627061412.0000000000, 3
48, SFC, Weight, 933980537.0000000000, 4
48, SFC, Weight, 1410043248.0000000000, 5
48, SFC, Weight, 1393064526.0000000000, 6
48, SFC, Weight, 1396875943.0000000000, 7
48, SFC, Efficiency, 0.7605057169, 0
48, SFC, UsedEfficiency, 0.6560150455, 0
48, SFC, Time, 0.0000236740, 0
48, SFC+Knapsack, PreviousEfficiency, 0.8407435189, 0
48, SFC+Knapsack, Weight, 1429063436.0000000000, 0
48, SFC+Knapsack, Weight, 1296824701.0000000000, 1
48, SFC+Knapsack, Weight, 1173180448.0000000000, 2
48, SFC+Knapsack, Weight, 1000000000.0000000000, 3
48, SFC+Knapsack, Weight, 1286293453.0000000000, 4
48, SFC+Knapsack, Weight, 1283564216.0000000000, 5
48, SFC+Knapsack, Weight, 1282956075.0000000000, 6
48, SFC+Knapsack, Weight, 1281150510.0000000000, 7
48, SFC+Knapsack, Efficiency, 0.8775881275, 0
48, SFC+Knapsack, UsedEfficiency, 0.8407435189, 0
48, SFC+Knapsack, Time, 0.0000196270, 0
48, SFC+Painter, PreviousEfficiency, 0.7971289816, 0
48, SFC+Painter, Weight, 1425671019.0000000000, 4
48, SFC+Painter, Weight, 1410043248.0000000000, 5
48, SFC+Painter, Weight, 1396875943.0000000000, 7
48, SFC+Painter, Weight, 1393064526.0000000000, 6
48, SFC+Painter, Weight, 1330562520.0000000000, 0
48, SFC+Painter, Weight, 1135370930.0000000000, 3
48, SFC+Painter, Weight, 1000000000.0000000000, 1
48, SFC+Painter, Weight, 941444653.0000000000, 2
48, SFC+Painter, Efficiency, 0.8796763686, 0
48, SFC+Painter, UsedEfficiency, 0.7971289816, 0
48, SFC+Painter, Time, 0.0000267600, 0
48, Painter+Knapsack, PreviousEfficiency, 0.8407435189, 0
48, Painter+Knapsack, Weight, 1429063436.0000000000, 0
48, Painter+Knapsack, Weight, 1296824701.0000000000, 1
48, Painter+Knapsack, Weight, 1173180448.0000000000, 2
48, Painter+Knapsack, Weight, 1000000000.0000000000, 3
48, Painter+Knapsack, Weight, 1286293453.0000000000, 4
48, Painter+Knapsack, Weight, 1283564216.0000000000, 5
48, Painter+Knapsack, Weight, 1282956075.0000000000, 6
48, Painter+Knapsack, Weight, 1281150510.0000000000, 7
48, Painter+Knapsack, Efficiency, 0.8775881275, 0
48, Painter+Knapsack, UsedEfficiency, 0.8407435189, 0
48, Painter+Knapsack, Time, 0.0000221810, 0
49, Original, PreviousEfficiency, 0.8584516030, 0
49, Original, Efficiency, 0.8863672904, 0
49, Original, Weight, 1316195222.0000000000, 0
49, Original, Weight, 1227682290.0000000000, 1
49, Original, Weight, 1310330656.0000000000, 2
49, Original, Weight, 1064049937.0000000000, 3
49, Original, Weight, 1362054563.0000000000, 4
49, Original, Weight, 1122568273.0000000000, 5
49, Original, Weight, 1417352771.0000000000, 6
49, Original, Weight, 1230127369.0000000000, 7
49, Original, UsedEfficiency, 0.8584516030, 0
49, Knapsack, PreviousEfficiency, 0.8763330117, 0
49, Knapsack, Weight, 1296845324.0000000000, 0
49, Knapsack, Weight, 1255758691.0000000000, 1
49, Knapsack, Weight, 1254738267.0000000000, 2
49, Knapsack, Weight, 1252146325.0000000000, 3
49, Knapsack, Weight, 1250928982.0000000000, 4
49, Knapsack, Weight, 1250191782.0000000000, 5
49, Knapsack, Weight, 1245130592.0000000000, 6
49, Knapsack, Weight, 1244621118.0000000000, 7
49, Knapsack, Efficiency, 0.9687316690, 0
49, Knapsack, UsedEfficiency, 0.8763330117, 0
49, Knapsack, Time, 0.0000165710, 0
49, Karmarkar-Karp, PreviousEfficiency, 0.8825902424, 0
49, Karmarkar-Karp, Weight, 1244621118.0000000000, 0
49, Karmarkar-Karp, Weight, 1245130592.0000000000, 1
49, Karmarkar-Karp, Weight, 1250191782.0000000000, 2
49, Karmarkar-Karp, Weight, 1250928982.0000000000, 3
49, Karmarkar-Karp, Weight, 1252146325.0000000000, 4
49, Karmarkar-Karp, Weight, 1254738267.0000000000, 5
49, Karmarkar-Karp, Weight, 1255758691.0000000000, 6
49, Karmarkar-Karp, Weight, 1296845324.0000000000, 7
49, Karmarkar-Karp, Efficiency, 0.9687316690, 0
49, Karmarkar-Karp, UsedEfficiency, 0.8825902424, 0
49, Karmarkar-Karp, Time, 0.0000818120, 0
49, SFC, PreviousEfficiency, 0.6568483565, 0
49, SFC, Weight, 682239993.0000000000, 0
49, SFC, Weight, 1649563294.0000000000, 1
49, SFC, Weight, 942267288.0000000000, 2
49, SFC, Weight, 1626447389.0000000000, 3
49, SFC, Weight, 935196758.0000000000, 4
49, SFC, Weight, 1410937663.0000000000, 5
49, SFC, Weight, 1404319064.0000000000, 6
49, SFC, Weight, 1399389632.0000000000, 7
49, SFC, Efficiency, 0.7615925619, 0
49, SFC, UsedEfficiency, 0.6568483565, 0
49, SFC, Time, 0.0000213400, 0
49, SFC+Knapsack, PreviousEfficiency, 0.8425405733, 0
49, SFC+Knapsack, Weight, 1430352959.0000000000, 0
49, SFC+Knapsack, Weight, 1296845324.0000000000, 1
49, SFC+Knapsack, Weight, 1173319680.0000000000, 2
49, SFC+Knapsack, Weight, 1000000001.0000000000, 3
49, SFC+Knapsack, Weight, 1289623419.0000000000, 4
49, SFC+Knapsack, Weight, 1288746876.0000000000, 5
49, SFC+Knapsack, Weight, 1286047536.0000000000, 6
49, SFC+Knapsack, Weight, 1285425286.0000000000, 7
49, SFC+Knapsack, Efficiency, 0.8783112778, 0
49, SFC+Knapsack, UsedEfficiency, 0.8425405733, 0
49, SFC+Knapsack, Time, 0.0000223710, 0
49, SFC+Painter, PreviousEfficiency, 0.7973210163, 0
49, SFC+Painter, Weight, 1426276445.0000000000, 4
49, SFC+Painter, Weight, 1410937663.0000000000, 5
49, SFC+Painter, Weight, 1404319064.0000000000, 6
49, SFC+Painter, Weight, 1399389632.0000000000, 7
49, SFC+Painter, Weight, 1331803286.0000000000, 0
49, SFC+Painter, Weight, 1135367702.0000000000, 3
49, SFC+Painter, Weight, 1000000001.0000000000, 1
49, SFC+Painter, Weight, 942267288.0000000000, 2
49, SFC+Painter, Efficiency, 0.8808216244, 0
49, SFC+Painter, UsedEfficiency, 0.7973210163, 0
49, SFC+Painter, Time, 0.0000243750, 0
49, Painter+Knapsack, PreviousEfficiency, 0.8425405733, 0
49, Painter+Knapsack, Weight, 1430352959.0000000000, 0
49, Painter+Knapsack, Weight, 1296845324.0000000000, 1
49, Painter+Knapsack, Weight, 1173319680.0000000000, 2
49, Painter+Knapsack, Weight, 1000000001.0000000000, 3
49, Painter+Knapsack, Weight, 1289623419.0000000000, 4
49, Painter+Knapsack, Weight, 1288746876.0000000000, 5
49, Painter+Knapsack, Weight, 1286047536.0000000000, 6
49, Painter+Knapsack, Weight, 1285425286.0000000000, 7
49, Painter+Knapsack, Efficiency, 0.8783112778, 0
49, Painter+Knapsack, UsedEfficiency, 0.8425405733, 0
49, Painter+Knapsack, Time, 0.0000244260, 0
50, Original, PreviousEfficiency, 0.8580636652, 0
50, Original, Efficiency, 0.8828955647, 0
50, Original, Weight, 1311166083.0000000000, 0
50, Original, Weight, 1236473589.0000000000, 1
50, Original, Weight, 1302585398.0000000000, 2
50, Original, Weight, 1068691246.0000000000, 3
50, Original, Weight, 1369515303.0000000000, 4
50, Original, Weight, 1129582316.0000000000, 5
50, Original, Weight, 1426184641.0000000000, 6
50, Original, Weight, 1229178176.0000000000, 7
50, Original, UsedEfficiency, 0.8580636652, 0
50, Knapsack, PreviousEfficiency, 0.8778334169, 0
50, Knapsack, Weight, 1298025661.0000000000, 0
50, Knapsack, Weight, 1258387923.0000000000, 1
50, Knapsack, Weight, 1258083190.0000000000, 2
50, Knapsack, Weight, 1256948269.0000000000, 3
50, Knapsack, Weight, 1253148272.0000000000, 4
50, Knapsack, Weight, 1251968346.0000000000, 5
50, Knapsack, Weight, 1249358038.0000000000, 6
50, Knapsack, Weight, 1247457053.0000000000, 7
50, Knapsack, Efficiency, 0.9700671811, 0
50, Knapsack, UsedEfficiency, 0.8778334169, 0
50, Knapsack, Time, 0.0000191960, 0
50, Karmarkar-Karp, PreviousEfficiency, 0.8797423054, 0
50, Karmarkar-Karp, Weight, 1247457053.0000000000, 0
50, Karmarkar-Karp, Weight, 1249358038.0000000000, 1
50, Karmarkar-Karp, Weight, 1251968346.0000000000, 2
50, Karmarkar-Karp, Weight, 1253148272.0000000000, 3
50, Karmarkar-Karp, Weight, 1256948269.0000000000, 4
50, Karmarkar-Karp, Weight, 1258083190.0000000000, 5
50, Karmarkar-Karp, Weight, 1258387923.0000000000, 6
50, Karmarkar-Karp, Weight, 1298025661.0000000000, 7
50, Karmarkar-Karp, Efficiency, 0.9700671811, 0
50, Karmarkar-Karp, UsedEfficiency, 0.8797423054, 0
50, Karmarkar-Karp, Time, 0.0000801390, 0
50, SFC, PreviousEfficiency, 0.6579302689, 0
50, SFC, Weight, 683443919.0000000000, 0
50, SFC, Weight, 1650430056.0000000000, 1
50, SFC, Weight, 942712317.0000000000, 2
50, SFC, Weight, 1627911573.0000000000, 3
50, SFC, Weight, 934312767.0000000000, 4
50, SFC, Weight, 1412452337.0000000000, 5
50, SFC, Weight, 1421732200.0000000000, 6
50, SFC, Weight, 1400381583.0000000000, 7
50, SFC, Efficiency, 0.7629357509, 0
50, SFC, UsedEfficiency, 0.6579302689, 0
50, SFC, Time, 0.0000249660, 0
50, SFC+Knapsack, PreviousEfficiency, 0.8439669441, 0
50, SFC+Knapsack, Weight, 1431059787.0000000000, 0
50, SFC+Knapsack, Weight, 1298025661.0000000000, 1
50, SFC+Knapsack, Weight, 1175412417.0000000000, 2
50, SFC+Knapsack, Weight, 1000000000.0000000000, 3
50, SFC+Knapsack, Weight, 1300276303.0000000000, 4
50, SFC+Knapsack, Weight, 1290875499.0000000000, 5
50, SFC+Knapsack, Weight, 1288910011.0000000000, 6
50, SFC+Knapsack, Weight, 1288817074.0000000000, 7
50, SFC+Knapsack, Efficiency, 0.8798878324, 0
50, SFC+Knapsack, UsedEfficiency, 0.8439669441, 0
50, SFC+Knapsack, Time, 0.0000203380, 0
50, SFC+Painter, PreviousEfficiency, 0.7975371267, 0
50, SFC+Painter, Weight, 1426281265.0000000000, 4
50, SFC+Painter, Weight, 1421732200.0000000000, 6
50, SFC+Painter, Weight, 1412452337.0000000000, 5
50, SFC+Painter, Weight, 1400381583.0000000000, 7
50, SFC+Painter, Weight, 1333873975.0000000000, 0
50, SFC+Painter, Weight, 1135943075.0000000000, 3
50, SFC+Painter, Weight, 1000000000.0000000000, 1
50, SFC+Painter, Weight, 942712317.0000000000, 2
50, SFC+Painter, Efficiency, 0.8828357526, 0
50, SFC+Painter, UsedEfficiency, 0.7975371267, 0
50, SFC+Painter, Time, 0.0000263790, 0
50, Painter+Knapsack, PreviousEfficiency, 0.8439669441, 0
50, Painter+Knapsack, Weight, 1431059787.0000000000, 0
50, Painter+Knapsack, Weight, 1298025661.0000000000, 1
50, Painter+Knapsack, Weight, 1175412417.0000000000, 2
50, Painter+Knapsack, Weight, 1000000000.0000000000, 3
50, Painter+Knapsack, Weight, 1300276303.0000000000, 4
50, Painter+Knapsack, Weight, 1290875499.0000000000, 5
50, Painter+Knapsack, Weight, 1288910011.0000000000, 6
50, Painter+Knapsack, Weight, 1288817074.0000000000, 7
50, Painter+Knapsack, Efficiency, 0.8798878324, 0
50, Painter+Knapsack, UsedEfficiency, 0.8439669441, 0
50, Painter+Knapsack, Time, 0.0000221620, 0
