5256934.2800000003,5256934.2800000003,5256934.2800000003,5256934.2800000003,5256934.2800000003,4906551.8799999999,4906551.8799999999,4906551.8799999999,6868985.4800000004,6868985.4800000004,6868985.4800000004,6868985.4800000004,6868985.4800000004,6411133.0000000000,6411133.0000000000,6411133.0000000000,6868985.4800000004,6868985.4800000004,6868985.4800000004,6868985.4800000004,6868985.4800000004,6411133.0000000000,6411133.0000000000,6411133.0000000000,6868985.4800000004,6868985.4800000004,6868985.4800000004,6868985.4800000004,6868985.4800000004,6411133.0000000000,6411133.0000000000,6411133.0000000000,3858291.0800000001,3858291.0800000001,3858291.0800000001,3858291.0800000001,3858291.0800000001,3601151.5600000001,3601151.5600000001,3601151.5600000001,144991.8800000000,144991.8800000000,144991.8800000000,144991.8800000000,144991.8800000000,135405.6400000000,135405.6400000000,135405.6400000000,144991.8800000000,144991.8800000000,144991.8800000000,144991.8800000000,144991.8800000000,135405.6400000000,135405.6400000000,135405.6400000000,144991.8800000000,144991.8800000000,144991.8800000000,144991.8800000000,144991.8800000000,135405.6400000000,135405.6400000000,135405.6400000000,144991.8800000000,144991.8800000000,144991.8800000000,144991.8800000000,144991.8800000000,135405.6400000000,135405.6400000000,135405.6400000000,144991.8800000000,144991.8800000000,144991.8800000000,144991.8800000000,144991.8800000000,135405.6400000000,135405.6400000000,135405.6400000000,127025.8000000000,127025.8000000000,127025.8000000000,127025.8000000000,127025.8000000000,118627.4000000000,118627.4000000000,118627.4000000000,127025.8000000000,127025.8000000000,127025.8000000000,127025.8000000000,127025.8000000000,118627.4000000000,118627.4000000000,118627.4000000000,127025.8000000000,127025.8000000000,127025.8000000000,127025.8000000000,127025.8000000000,118627.4000000000,118627.4000000000,118627.4000000000,127025.8000000000,127025.8000000000,127025.8000000000,127025.8000000000,127025.8000000000,118627.4000000000,118627.4000000000,118627.4000000000,127025.8000000000,127025.8000000000,127025.8000000000,127025.8000000000,127025.8000000000,118627.4000000000,118627.4000000000,118627.4000000000
4,4,4,4,5,11,13,13,4,4,4,5,5,13,13,13,5,5,5,11,11,13,13,12,5,11,11,11,11,12,12,12,12,12,12,6,6,0,0,0,6,6,6,6,6,0,0,14,7,7,7,7,0,14,14,14,7,7,7,0,0,14,14,14,8,8,8,8,3,15,15,15,8,8,8,3,3,15,15,2,3,3,3,9,9,2,2,2,3,3,9,9,9,2,2,2,9,9,9,15,15,2,2,10,10,10,10,10,1,1,1,1,10,10,10,1,1,1,1,1
5255742.4100000001,5256322.0999999996,5256328.9400000004,5256670.0850000000,5257372.0400000000,4907200.8250000002,4907072.5750000002,4906108.1349999998,6868145.8700000001,6868947.0049999999,6868929.9050000003,6869018.8250000002,6868887.1550000003,6411122.7400000002,6411138.1299999999,6410336.9950000001,6868215.9800000004,6868948.7149999999,6869015.4050000003,6869000.8700000001,6868983.7699999996,6411126.1600000001,6411131.2900000000,6410359.2249999996,6868191.1849999996,6868916.2249999996,6869005.1449999996,6868960.6849999996,6868983.7699999996,6411127.8700000001,6411120.1749999998,6410159.1550000003,3857763.5449999999,3858324.4249999998,3858343.2349999999,3858258.5899999999,3858288.5150000001,3601161.8199999998,3601172.0800000001,3600651.3849999998,144991.8800000000,144991.8800000000,144991.8800000000,144991.8800000000,144991.8800000000,135405.6400000000,135405.6400000000,135405.6400000000,144991.8800000000,144991.8800000000,144991.8800000000,144991.8800000000,144991.8800000000,135405.6400000000,135405.6400000000,135405.6400000000,144991.8800000000,144991.8800000000,144991.8800000000,144991.8800000000,144991.8800000000,135405.6400000000,135405.6400000000,135405.6400000000,144991.8800000000,144991.8800000000,144991.8800000000,144991.8800000000,144991.8800000000,135405.6400000000,135405.6400000000,135405.6400000000,144991.8800000000,144991.8800000000,144991.8800000000,144991.8800000000,144991.8800000000,135405.6400000000,135405.6400000000,135405.6400000000,127025.8000000000,127025.8000000000,127025.8000000000,127025.8000000000,127025.8000000000,118627.4000000000,118627.4000000000,118627.4000000000,127025.8000000000,127025.8000000000,127025.8000000000,127025.8000000000,127025.8000000000,118627.4000000000,118627.4000000000,118627.4000000000,127025.8000000000,127025.8000000000,127025.8000000000,127025.8000000000,127025.8000000000,118627.4000000000,118627.4000000000,118627.4000000000,127025.8000000000,127025.8000000000,127025.8000000000,127025.8000000000,127025.8000000000,118627.4000000000,118627.4000000000,118627.4000000000,127025.8000000000,127025.8000000000,127025.8000000000,127025.8000000000,127025.8000000000,118627.4000000000,118627.4000000000,118627.4000000000
5,0,4,7,6,2,3,1,12,9,8,1,13,12,15,8,14,7,3,5,0,13,15,11,10,11,2,6,4,14,10,9,4,3,1,5,2,7,0,6,13,8,12,11,10,12,11,10,9,15,14,10,11,9,14,13,15,15,15,15,12,13,14,15,9,8,12,11,10,8,8,9,14,13,15,9,8,13,14,15,1,8,9,9,10,0,1,2,11,12,13,14,8,3,6,7,11,10,14,13,12,0,1,2,8,14,13,12,11,3,6,0,10,11,12,10,9,3,2,7
5251074.1100000003,5250259.2949999999,5250948.4249999998,5254868.5999999996,5259613.8499999996,4912742.0800000001,4912956.6849999996,4908471.3550000004,6867608.9299999997,6868898.2699999996,6868953.8449999997,6869033.3600000003,6868898.2699999996,6411016.7199999997,6411194.5599999996,6409846.2249999996,6867750.0049999999,6868970.9450000003,6868938.4550000001,6868979.4950000001,6868986.3350000000,6411143.2599999998,6411099.6550000003,6410012.0949999997,6867581.5700000003,6868941.0199999996,6869014.5499999998,6869043.6200000001,6869021.3899999997,6411112.4800000004,6411144.9699999997,6409579.4649999999,3857262.5150000001,3858287.6600000001,3858303.0499999998,3858274.8350000000,3858256.0249999999,3601140.4449999998,3601100.2599999998,3600097.3450000002,144991.8800000000,144991.8800000000,144991.8800000000,144991.8800000000,144991.8800000000,135405.6400000000,135405.6400000000,135405.6400000000,144991.8800000000,144991.8800000000,144991.8800000000,144991.8800000000,144991.8800000000,135405.6400000000,135405.6400000000,135405.6400000000,144991.8800000000,144991.8800000000,144991.8800000000,144991.8800000000,144991.8800000000,135405.6400000000,135405.6400000000,135405.6400000000,144991.8800000000,144991.8800000000,144991.8800000000,144991.8800000000,144991.8800000000,135405.6400000000,135405.6400000000,135405.6400000000,144991.8800000000,144991.8800000000,144991.8800000000,144991.8800000000,144991.8800000000,135405.6400000000,135405.6400000000,135405.6400000000,127025.8000000000,127025.8000000000,127025.8000000000,127025.8000000000,127025.8000000000,118627.4000000000,118627.4000000000,118627.4000000000,127025.8000000000,127025.8000000000,127025.8000000000,127025.8000000000,127025.8000000000,118627.4000000000,118627.4000000000,118627.4000000000,127025.8000000000,127025.8000000000,127025.8000000000,127025.8000000000,127025.8000000000,118627.4000000000,118627.4000000000,118627.4000000000,127025.8000000000,127025.8000000000,127025.8000000000,127025.8000000000,127025.8000000000,118627.4000000000,118627.4000000000,118627.4000000000,127025.8000000000,127025.8000000000,127025.8000000000,127025.8000000000,127025.8000000000,118627.4000000000,118627.4000000000,118627.4000000000
5,0,4,7,6,2,3,1,12,9,8,1,13,12,15,8,14,7,3,5,0,13,15,11,10,11,2,6,4,14,10,9,4,3,1,5,2,7,0,6,13,8,12,11,10,12,11,10,9,15,14,10,11,9,14,13,15,15,15,15,12,13,14,15,9,8,12,11,10,8,8,9,14,13,15,9,8,13,14,15,1,8,9,9,10,0,1,2,11,12,13,14,8,3,6,7,11,10,14,13,12,0,1,2,8,14,13,12,11,3,6,0,10,11,12,10,9,3,2,7
5238721.0700000003,5233921.0999999996,5240814.1100000003,5252258.2850000001,5261903.5400000000,4923191.0350000001,4929525.7300000004,4917379.5999999996,6867295.1449999996,6868884.5899999999,6868885.4450000003,6869042.7649999997,6868862.3600000003,6411061.1799999997,6411004.7500000000,6409525.5999999996,6867543.0949999997,6868971.7999999998,6868971.7999999998,6868856.3750000000,6869085.5149999997,6411200.5449999999,6411166.3449999997,6409718.8300000001,6867006.1550000003,6868958.1200000001,6869157.3350000000,6868912.8049999997,6869001.7249999996,6411033.8200000003,6411109.0599999996,6409133.1550000003,3856764.0499999998,3858315.0200000000,3858169.6699999999,3858299.6299999999,3858250.0400000000,3601195.1650000000,3601105.3900000001,3599603.1549999998,144991.8800000000,144991.8800000000,144991.8800000000,144991.8800000000,144991.8800000000,135405.6400000000,135405.6400000000,135405.6400000000,144991.8800000000,144991.8800000000,144991.8800000000,144991.8800000000,144991.8800000000,135405.6400000000,135405.6400000000,135405.6400000000,144991.8800000000,144991.8800000000,144991.8800000000,144991.8800000000,144991.8800000000,135405.6400000000,135405.6400000000,135405.6400000000,144991.8800000000,144991.8800000000,144991.8800000000,144991.8800000000,144991.8800000000,135405.6400000000,135405.6400000000,135405.6400000000,144991.8800000000,144991.8800000000,144991.8800000000,144991.8800000000,144991.8800000000,135405.6400000000,135405.6400000000,135405.6400000000,127025.8000000000,127025.8000000000,127025.8000000000,127025.8000000000,127025.8000000000,118627.4000000000,118627.4000000000,118627.4000000000,127025.8000000000,127025.8000000000,127025.8000000000,127025.8000000000,127025.8000000000,118627.4000000000,118627.4000000000,118627.4000000000,127025.8000000000,127025.8000000000,127025.8000000000,127025.8000000000,127025.8000000000,118627.4000000000,118627.4000000000,118627.4000000000,127025.8000000000,127025.8000000000,127025.8000000000,127025.8000000000,127025.8000000000,118627.4000000000,118627.4000000000,118627.4000000000,127025.8000000000,127025.8000000000,127025.8000000000,127025.8000000000,127025.8000000000,118627.4000000000,118627.4000000000,118627.4000000000
5,0,4,7,6,2,3,1,12,9,8,1,13,12,15,8,14,7,3,5,0,13,15,11,10,11,2,6,4,14,10,9,4,3,1,5,2,7,0,6,13,8,12,11,10,12,11,10,9,15,14,10,11,9,14,13,15,15,15,15,12,13,14,15,9,8,12,11,10,8,8,9,14,13,15,9,8,13,14,15,1,8,9,9,10,0,1,2,11,12,13,14,8,3,6,7,11,10,14,13,12,0,1,2,8,14,13,12,11,3,6,0,10,11,12,10,9,3,2,7
5217865.9100000001,5206492.7000000002,5227465.8499999996,5249246.9749999996,5262732.8899999997,4935744.1449999996,4959549.0549999997,4933961.4699999997,6866957.4199999999,6868886.2999999998,6868971.7999999998,6869032.5049999999,6868966.6699999999,6411058.6150000002,6411077.4249999998,6409281.0700000003,6867288.3049999997,6868941.8750000000,6868950.4249999998,6868990.6100000003,6868959.8300000001,6411119.3200000003,6411128.7249999996,6409464.8949999996,6866491.4450000003,6868902.5449999999,6869142.7999999998,6868973.5099999998,6868887.1550000003,6411283.4800000004,6411041.5149999997,6408599.6349999998,3856167.2599999998,3858417.6200000001,3858153.4249999998,3858252.6050000000,3858310.7450000001,3601098.5499999998,3601141.2999999998,3599069.6349999998,144991.8800000000,144991.8800000000,144991.8800000000,144991.8800000000,144991.8800000000,135405.6400000000,135405.6400000000,135405.6400000000,144991.8800000000,144991.8800000000,144991.8800000000,144991.8800000000,144991.8800000000,135405.6400000000,135405.6400000000,135405.6400000000,144991.8800000000,144991.8800000000,144991.8800000000,144991.8800000000,144991.8800000000,135405.6400000000,135405.6400000000,135405.6400000000,144991.8800000000,144991.8800000000,144991.8800000000,144991.8800000000,144991.8800000000,135405.6400000000,135405.6400000000,135405.6400000000,144991.8800000000,144991.8800000000,144991.8800000000,144991.8800000000,144991.8800000000,135405.6400000000,135405.6400000000,135405.6400000000,127025.8000000000,127025.8000000000,127025.8000000000,127025.8000000000,127025.8000000000,118627.4000000000,118627.4000000000,118627.4000000000,127025.8000000000,127025.8000000000,127025.8000000000,127025.8000000000,127025.8000000000,118627.4000000000,118627.4000000000,118627.4000000000,127025.8000000000,127025.8000000000,127025.8000000000,127025.8000000000,127025.8000000000,118627.4000000000,118627.4000000000,118627.4000000000,127025.8000000000,127025.8000000000,127025.8000000000,127025.8000000000,127025.8000000000,118627.4000000000,118627.4000000000,118627.4000000000,127025.8000000000,127025.8000000000,127025.8000000000,127025.8000000000,127025.8000000000,118627.4000000000,118627.4000000000,118627.4000000000
5,0,4,7,6,2,3,1,12,9,8,1,13,12,15,8,14,7,3,5,0,13,15,11,10,11,2,6,4,14,10,9,4,3,1,5,2,7,0,6,13,8,12,11,10,12,11,10,9,15,14,10,11,9,14,13,15,15,15,15,12,13,14,15,9,8,12,11,10,8,8,9,14,13,15,9,8,13,14,15,1,8,9,9,10,0,1,2,11,12,13,14,8,3,6,7,11,10,14,13,12,0,1,2,8,14,13,12,11,3,6,0,10,11,12,10,9,3,2,7
5192869.9850000003,5167337.9749999996,5210636.8849999998,5246790.5599999996,5260596.2450000001,4951308.5650000004,5004310.8700000001,4954200.1749999998,6866812.0700000003,6868931.6150000002,6868917.9349999996,6868876.0400000000,6869017.9699999997,6411060.3250000002,6411154.3750000000,6409067.3200000003,6867095.9299999997,6869061.5750000002,6868973.5099999998,6868899.1250000000,6868988.9000000004,6411188.5750000002,6411129.5800000001,6409244.3049999997,6866019.4850000003,6868835.0000000000,6869229.1550000003,6869063.2850000001,6868835.8550000004,6411286.9000000004,6411017.5750000002,6408341.4249999998,3855548.2400000002,3858436.4300000002,3858197.0299999998,3858193.6099999999,3858327.8450000002,3601096.8399999999,3601193.4550000001,3598437.7900000000,144991.8800000000,144991.8800000000,144991.8800000000,144991.8800000000,144991.8800000000,135405.6400000000,135405.6400000000,135405.6400000000,144991.8800000000,144991.8800000000,144991.8800000000,144991.8800000000,144991.8800000000,135405.6400000000,135405.6400000000,135405.6400000000,144991.8800000000,144991.8800000000,144991.8800000000,144991.8800000000,144991.8800000000,135405.6400000000,135405.6400000000,135405.6400000000,144991.8800000000,144991.8800000000,144991.8800000000,144991.8800000000,144991.8800000000,135405.6400000000,135405.6400000000,135405.6400000000,144991.8800000000,144991.8800000000,144991.8800000000,144991.8800000000,144991.8800000000,135405.6400000000,135405.6400000000,135405.6400000000,127025.8000000000,127025.8000000000,127025.8000000000,127025.8000000000,127025.8000000000,118627.4000000000,118627.4000000000,118627.4000000000,127025.8000000000,127025.8000000000,127025.8000000000,127025.8000000000,127025.8000000000,118627.4000000000,118627.4000000000,118627.4000000000,127025.8000000000,127025.8000000000,127025.8000000000,127025.8000000000,127025.8000000000,118627.4000000000,118627.4000000000,118627.4000000000,127025.8000000000,127025.8000000000,127025.8000000000,127025.8000000000,127025.8000000000,118627.4000000000,118627.4000000000,118627.4000000000,127025.8000000000,127025.8000000000,127025.8000000000,127025.8000000000,127025.8000000000,118627.4000000000,118627.4000000000,118627.4000000000
5,0,4,7,6,2,3,1,12,9,8,1,13,12,15,8,14,7,3,5,0,13,15,11,10,11,2,6,4,14,10,9,4,3,1,5,2,7,0,6,13,8,12,11,10,12,11,10,9,15,14,10,11,9,14,13,15,15,15,15,12,13,14,15,9,8,12,11,10,8,8,9,14,13,15,9,8,13,14,15,1,8,9,9,10,0,1,2,11,12,13,14,8,3,6,7,11,10,14,13,12,0,1,2,8,14,13,12,11,3,6,0,10,11,12,10,9,3,2,7
5171052.9500000002,5122796.7500000000,5183784.7549999999,5244849.7100000000,5254997.7050000001,4979215.7649999997,5054814.8650000002,4972599.7750000004,6866560.7000000002,6868977.7850000001,6868980.3499999996,6868981.2050000001,6869075.2549999999,6411075.7149999999,6410938.9150000000,6408897.1749999998,6867041.2100000000,6868853.8099999996,6869000.8700000001,6868965.8150000004,6868943.5850000000,6411129.5800000001,6411180.8799999999,6409141.7050000001,6865741.6100000003,6868884.5899999999,6869145.3650000002,6869047.8949999996,6868854.6650000000,6411251.8449999997,6411011.5899999999,6407908.7949999999,3854971.9700000002,3858527.9150000000,3858164.5400000000,3858194.4649999999,3858297.9199999999,3601126.7650000001,3601279.8100000001,3597859.8100000001,144991.8800000000,144991.8800000000,144991.8800000000,144991.8800000000,144991.8800000000,135405.6400000000,135405.6400000000,135405.6400000000,144991.8800000000,144991.8800000000,144991.8800000000,144991.8800000000,144991.8800000000,135405.6400000000,135405.6400000000,135405.6400000000,144991.8800000000,144991.8800000000,144991.8800000000,144991.8800000000,144991.8800000000,135405.6400000000,135405.6400000000,135405.6400000000,144991.8800000000,144991.8800000000,144991.8800000000,144991.8800000000,144991.8800000000,135405.6400000000,135405.6400000000,135405.6400000000,144991.8800000000,144991.8800000000,144991.8800000000,144991.8800000000,144991.8800000000,135405.6400000000,135405.6400000000,135405.6400000000,127025.8000000000,127025.8000000000,127025.8000000000,127025.8000000000,127025.8000000000,118627.4000000000,118627.4000000000,118627.4000000000,127025.8000000000,127025.8000000000,127025.8000000000,127025.8000000000,127025.8000000000,118627.4000000000,118627.4000000000,118627.4000000000,127025.8000000000,127025.8000000000,127025.8000000000,127025.8000000000,127025.8000000000,118627.4000000000,118627.4000000000,118627.4000000000,127025.8000000000,127025.8000000000,127025.8000000000,127025.8000000000,127025.8000000000,118627.4000000000,118627.4000000000,118627.4000000000,127025.8000000000,127025.8000000000,127025.8000000000,127025.8000000000,127025.8000000000,118627.4000000000,118627.4000000000,118627.4000000000
5,0,4,7,6,2,3,1,12,9,8,1,13,12,15,8,14,7,3,5,0,13,15,11,10,11,2,6,4,14,10,9,4,3,1,5,2,7,0,6,13,8,12,11,10,12,11,10,9,15,14,10,11,9,14,13,15,15,15,15,12,13,14,15,9,8,12,11,10,8,8,9,14,13,15,9,8,13,14,15,1,8,9,9,10,0,1,2,11,12,13,14,8,3,6,7,11,10,14,13,12,0,1,2,8,14,13,12,11,3,6,0,10,11,12,10,9,3,2,7
5155093.5199999996,5083738.6399999997,5135137.8200000003,5243126.8849999998,5247293.2999999998,5028202.9900000002,5099742.5499999998,4987634.9500000002,6866419.6250000000,6868992.3200000003,6868976.0750000002,6869075.2549999999,6868950.4249999998,6411110.7699999996,6411060.3250000002,6408774.9100000001,6866901.8449999997,6869062.4299999997,6868958.9749999996,6868969.2350000003,6868987.1900000004,6411174.8949999996,6411084.2649999997,6409198.1349999998,6865355.1500000004,6868832.4349999996,6869113.7300000004,6869100.0499999998,6868846.9699999997,6411136.4199999999,6410950.0300000003,6407429.9950000001,3854532.5000000000,3858517.6549999998,3858102.9800000000,3858194.4649999999,3858295.3550000000,3601130.1850000001,3601328.5449999999,3597342.5350000001,144991.8800000000,144991.8800000000,144991.8800000000,144991.8800000000,144991.8800000000,135405.6400000000,135405.6400000000,135405.6400000000,144991.8800000000,144991.8800000000,144991.8800000000,144991.8800000000,144991.8800000000,135405.6400000000,135405.6400000000,135405.6400000000,144991.8800000000,144991.8800000000,144991.8800000000,144991.8800000000,144991.8800000000,135405.6400000000,135405.6400000000,135405.6400000000,144991.8800000000,144991.8800000000,144991.8800000000,144991.8800000000,144991.8800000000,135405.6400000000,135405.6400000000,135405.6400000000,144991.8800000000,144991.8800000000,144991.8800000000,144991.8800000000,144991.8800000000,135405.6400000000,135405.6400000000,135405.6400000000,127025.8000000000,127025.8000000000,127025.8000000000,127025.8000000000,127025.8000000000,118627.4000000000,118627.4000000000,118627.4000000000,127025.8000000000,127025.8000000000,127025.8000000000,127025.8000000000,127025.8000000000,118627.4000000000,118627.4000000000,118627.4000000000,127025.8000000000,127025.8000000000,127025.8000000000,127025.8000000000,127025.8000000000,118627.4000000000,118627.4000000000,118627.4000000000,127025.8000000000,127025.8000000000,127025.8000000000,127025.8000000000,127025.8000000000,118627.4000000000,118627.4000000000,118627.4000000000,127025.8000000000,127025.8000000000,127025.8000000000,127025.8000000000,127025.8000000000,118627.4000000000,118627.4000000000,118627.4000000000
5,0,4,7,6,2,3,1,12,9,8,1,13,12,15,8,14,7,3,5,0,13,15,11,10,11,2,6,4,14,10,9,4,3,1,5,2,7,0,6,13,8,12,11,10,12,11,10,9,15,14,10,11,9,14,13,15,15,15,15,12,13,14,15,9,8,12,11,10,8,8,9,14,13,15,9,8,13,14,15,1,8,9,9,10,0,1,2,11,12,13,14,8,3,6,7,11,10,14,13,12,0,1,2,8,14,13,12,11,3,6,0,10,11,12,10,9,3,2,7
5140613.2400000002,5058690.5599999996,5066288.0899999999,5234385.3650000002,5243947.6849999996,5082151.7800000003,5142550.6900000004,5004838.4050000003,6866245.2050000001,6869070.9800000004,6869188.9699999997,6869117.1500000004,6869089.7900000000,6411134.7100000000,6411251.8449999997,6408626.1399999997,6866917.2350000003,6868986.3350000000,6868953.8449999997,6868978.6399999997,6869026.5199999996,6411169.7649999997,6411121.0300000003,6409009.1799999997,6865134.5599999996,6868764.0350000001,6869144.5099999998,6869099.1950000003,6868848.6799999997,6411208.2400000002,6410953.4500000002,6407178.6250000000,3853954.5200000000,3858552.7100000000,3857996.9600000000,3858238.9249999998,3858279.1099999999,3601094.2749999999,3601321.7050000001,3596809.0150000001,144991.8800000000,144991.8800000000,144991.8800000000,144991.8800000000,144991.8800000000,135405.6400000000,135405.6400000000,135405.6400000000,144991.8800000000,144991.8800000000,144991.8800000000,144991.8800000000,144991.8800000000,135405.6400000000,135405.6400000000,135405.6400000000,144991.8800000000,144991.8800000000,144991.8800000000,144991.8800000000,144991.8800000000,135405.6400000000,135405.6400000000,135405.6400000000,144991.8800000000,144991.8800000000,144991.8800000000,144991.8800000000,144991.8800000000,135405.6400000000,135405.6400000000,135405.6400000000,144991.8800000000,144991.8800000000,144991.8800000000,144991.8800000000,144991.8800000000,135405.6400000000,135405.6400000000,135405.6400000000,127025.8000000000,127025.8000000000,127025.8000000000,127025.8000000000,127025.8000000000,118627.4000000000,118627.4000000000,118627.4000000000,127025.8000000000,127025.8000000000,127025.8000000000,127025.8000000000,127025.8000000000,118627.4000000000,118627.4000000000,118627.4000000000,127025.8000000000,127025.8000000000,127025.8000000000,127025.8000000000,127025.8000000000,118627.4000000000,118627.4000000000,118627.4000000000,127025.8000000000,127025.8000000000,127025.8000000000,127025.8000000000,127025.8000000000,118627.4000000000,118627.4000000000,118627.4000000000,127025.8000000000,127025.8000000000,127025.8000000000,127025.8000000000,127025.8000000000,118627.4000000000,118627.4000000000,118627.4000000000
5,0,4,7,6,2,3,1,12,9,8,1,13,12,15,8,14,7,3,5,0,13,15,11,10,11,2,6,4,14,10,9,4,3,1,5,2,7,0,6,13,8,12,11,10,12,11,10,9,15,14,10,11,9,14,13,15,15,15,15,12,13,14,15,9,8,12,11,10,8,8,9,14,13,15,9,8,13,14,15,1,8,9,9,10,0,1,2,11,12,13,14,8,3,6,7,11,10,14,13,12,0,1,2,8,14,13,12,11,3,6,0,10,11,12,10,9,3,2,7
5119529.7949999999,5041504.2050000001,4987547.7199999997,5162868.0350000001,5226537.3200000003,5096516.6349999998,5187615.1749999998,5031716.1849999996,6866485.4600000000,6873304.0850000000,6887379.0949999997,6906339.5750000002,6903844.6849999996,6425336.2599999998,6414459.8049999997,6408953.6050000004,6866788.1299999999,6868942.7300000004,6868970.0899999999,6868919.6449999996,6868967.5250000004,6411158.6500000004,6411103.0750000002,6408909.1449999996,6864837.0199999996,6868780.2800000003,6869147.9299999997,6869180.4199999999,6868873.4749999996,6411190.2850000001,6410979.9550000001,6406779.3399999999,3853402.1899999999,3858527.0600000001,3857984.1349999998,3858195.3199999998,3858315.8750000000,3601088.2900000000,3601352.4849999999,3596256.6850000001,144991.8800000000,144991.8800000000,144991.8800000000,144991.8800000000,144991.8800000000,135405.6400000000,135405.6400000000,135405.6400000000,144991.8800000000,144991.8800000000,144991.8800000000,144991.8800000000,144991.8800000000,135405.6400000000,135405.6400000000,135405.6400000000,144991.8800000000,144991.8800000000,144991.8800000000,144991.8800000000,144991.8800000000,135405.6400000000,135405.6400000000,135405.6400000000,144991.8800000000,144991.8800000000,144991.8800000000,144991.8800000000,144991.8800000000,135405.6400000000,135405.6400000000,135405.6400000000,144991.8800000000,144991.8800000000,144991.8800000000,144991.8800000000,144991.8800000000,135405.6400000000,135405.6400000000,135405.6400000000,127025.8000000000,127025.8000000000,127025.8000000000,127025.8000000000,127025.8000000000,118627.4000000000,118627.4000000000,118627.4000000000,127025.8000000000,127025.8000000000,127025.8000000000,127025.8000000000,127025.8000000000,118627.4000000000,118627.4000000000,118627.4000000000,127025.8000000000,127025.8000000000,127025.8000000000,127025.8000000000,127025.8000000000,118627.4000000000,118627.4000000000,118627.4000000000,127025.8000000000,127025.8000000000,127025.8000000000,127025.8000000000,127025.8000000000,118627.4000000000,118627.4000000000,118627.4000000000,127025.8000000000,127025.8000000000,127025.8000000000,127025.8000000000,127025.8000000000,118627.4000000000,118627.4000000000,118627.4000000000
5,0,4,7,6,2,3,1,12,9,8,1,13,12,15,8,14,7,3,5,0,13,15,11,10,11,2,6,4,14,10,9,4,3,1,5,2,7,0,6,13,8,12,11,10,12,11,10,9,15,14,10,11,9,14,13,15,15,15,15,12,13,14,15,9,8,12,11,10,8,8,9,14,13,15,9,8,13,14,15,1,8,9,9,10,0,1,2,11,12,13,14,8,3,6,7,11,10,14,13,12,0,1,2,8,14,13,12,11,3,6,0,10,11,12,10,9,3,2,7
5087354.4349999996,4998908.1050000004,4831016.0300000003,4834623.2750000004,4992952.1749999998,4996457.6950000003,5232670.2549999999,5064991.9299999997,6868480.1749999998,6900296.4349999996,7016627.7350000003,7178318.4950000001,7157305.1600000001,6525742.3300000001,6434965.2699999996,6411060.3250000002,6866782.1449999996,6868975.2199999997,6868975.2199999997,6869036.7800000003,6868985.4800000004,6411098.7999999998,6411208.2400000002,6408831.3399999999,6864360.7850000001,6868845.2599999998,6869127.4100000001,6869047.0400000000,6868924.7750000004,6411194.5599999996,6410938.9150000000,6406632.2800000003,3852872.0899999999,3858624.5299999998,3857894.3599999999,3858189.3350000000,3858339.8149999999,3601112.2300000000,3601282.3750000000,3595687.2549999999,144991.8800000000,144991.8800000000,144991.8800000000,144991.8800000000,144991.8800000000,135405.6400000000,135405.6400000000,135405.6400000000,144991.8800000000,144991.8800000000,144991.8800000000,144991.8800000000,144991.8800000000,135405.6400000000,135405.6400000000,135405.6400000000,144991.8800000000,144991.8800000000,144991.8800000000,144991.8800000000,144991.8800000000,135405.6400000000,135405.6400000000,135405.6400000000,144991.8800000000,144991.8800000000,144991.8800000000,144991.8800000000,144991.8800000000,135405.6400000000,135405.6400000000,135405.6400000000,144991.8800000000,144991.8800000000,144991.8800000000,144991.8800000000,144991.8800000000,135405.6400000000,135405.6400000000,135405.6400000000,127025.8000000000,127025.8000000000,127025.8000000000,127025.8000000000,127025.8000000000,118627.4000000000,118627.4000000000,118627.4000000000,127025.8000000000,127025.8000000000,127025.8000000000,127025.8000000000,127025.8000000000,118627.4000000000,118627.4000000000,118627.4000000000,127025.8000000000,127025.8000000000,127025.8000000000,127025.8000000000,127025.8000000000,118627.4000000000,118627.4000000000,118627.4000000000,127025.8000000000,127025.8000000000,127025.8000000000,127025.8000000000,127025.8000000000,118627.4000000000,118627.4000000000,118627.4000000000,127025.8000000000,127025.8000000000,127025.8000000000,127025.8000000000,127025.8000000000,118627.4000000000,118627.4000000000,118627.4000000000
5,0,4,7,6,2,3,1,12,9,8,1,13,12,15,8,14,7,3,5,0,13,15,11,10,11,2,6,4,14,10,9,4,3,1,5,2,7,0,6,13,8,12,11,10,12,11,10,9,15,14,10,11,9,14,13,15,15,15,15,12,13,14,15,9,8,12,11,10,8,8,9,14,13,15,9,8,13,14,15,1,8,9,9,10,0,1,2,11,12,13,14,8,3,6,7,11,10,14,13,12,0,1,2,8,14,13,12,11,3,6,0,10,11,12,10,9,3,2,7
5048827.2800000003,4928431.3099999996,4639088.1950000003,4267953.2149999999,4490513.1349999998,4819123.0000000000,5292123.5350000001,5095800.1449999996,6871546.2050000001,6941664.7549999999,7212585.1849999996,7603882.7750000004,7569764.8550000004,6689965.5999999996,6466979.0350000001,6413811.7149999999,6866680.4000000004,6868957.2649999997,6868961.5400000000,6869023.9550000001,6868984.6250000000,6411149.2450000001,6411165.4900000002,6408833.0499999998,6864027.3350000000,6868846.1150000002,6869155.6250000000,6869045.3300000001,6868898.2699999996,6411172.3300000001,6410962.8550000004,6406298.8300000001,3852400.1299999999,3858545.0150000001,3857918.2999999998,3858217.5499999998,3858339.8149999999,3601130.1850000001,3601351.6299999999,3595033.1800000002,144991.8800000000,144991.8800000000,144991.8800000000,144991.8800000000,144991.8800000000,135405.6400000000,135405.6400000000,135405.6400000000,144991.8800000000,144991.8800000000,144991.8800000000,144991.8800000000,144991.8800000000,135405.6400000000,135405.6400000000,135405.6400000000,144991.8800000000,144991.8800000000,144991.8800000000,144991.8800000000,144991.8800000000,135405.6400000000,135405.6400000000,135405.6400000000,144991.8800000000,144991.8800000000,144991.8800000000,144991.8800000000,144991.8800000000,135405.6400000000,135405.6400000000,135405.6400000000,144991.8800000000,144991.8800000000,144991.8800000000,144991.8800000000,144991.8800000000,135405.6400000000,135405.6400000000,135405.6400000000,127025.8000000000,127025.8000000000,127025.8000000000,127025.8000000000,127025.8000000000,118627.4000000000,118627.4000000000,118627.4000000000,127025.8000000000,127025.8000000000,127025.8000000000,127025.8000000000,127025.8000000000,118627.4000000000,118627.4000000000,118627.4000000000,127025.8000000000,127025.8000000000,127025.8000000000,127025.8000000000,127025.8000000000,118627.4000000000,118627.4000000000,118627.4000000000,127025.8000000000,127025.8000000000,127025.8000000000,127025.8000000000,127025.8000000000,118627.4000000000,118627.4000000000,118627.4000000000,127025.8000000000,127025.8000000000,127025.8000000000,127025.8000000000,127025.8000000000,118627.4000000000,118627.4000000000,118627.4000000000
5,0,4,7,6,2,3,1,12,9,8,1,13,12,15,8,14,7,3,5,0,13,15,11,10,11,2,6,4,14,10,9,4,3,1,5,2,7,0,6,13,8,12,11,10,12,11,10,9,15,14,10,11,9,14,13,15,15,15,15,12,13,14,15,9,8,12,11,10,8,8,9,14,13,15,9,8,13,14,15,1,8,9,9,10,0,1,2,11,12,13,14,8,3,6,7,11,10,14,13,12,0,1,2,8,14,13,12,11,3,6,0,10,11,12,10,9,3,2,7
5014776.0499999998,4857515.0449999999,4572423.8449999997,4042453.8050000002,4233659.1650000000,4732639.7500000000,5379473.7549999999,5120280.5049999999,6877677.4100000001,6968005.5949999997,7295963.0750000002,7774638.2450000001,7754584.2199999997,6770575.8550000004,6479071.2999999998,6411292.8849999998,6866621.4050000003,6869022.2450000001,6868951.2800000003,6869056.4450000003,6868986.3350000000,6411138.1299999999,6411150.0999999996,6408805.6900000004,6863647.7149999999,6868828.1600000001,6869109.4550000001,6868983.7699999996,6868872.6200000001,6411122.7400000002,6411036.3849999998,6405946.5700000003,3851917.0550000002,3858568.9550000001,3857889.2300000000,3858248.3300000001,3858456.0950000002,3601064.3500000001,3601278.9550000001,3594490.2549999999,144991.8800000000,144991.8800000000,144991.8800000000,144991.8800000000,144991.8800000000,135405.6400000000,135405.6400000000,135405.6400000000,144991.8800000000,144991.8800000000,144991.8800000000,144991.8800000000,144991.8800000000,135405.6400000000,135405.6400000000,135405.6400000000,144991.8800000000,144991.8800000000,144991.8800000000,144991.8800000000,144991.8800000000,135405.6400000000,135405.6400000000,135405.6400000000,144991.8800000000,144991.8800000000,144991.8800000000,144991.8800000000,144991.8800000000,135405.6400000000,135405.6400000000,135405.6400000000,144991.8800000000,144991.8800000000,144991.8800000000,144991.8800000000,144991.8800000000,135405.6400000000,135405.6400000000,135405.6400000000,127025.8000000000,127025.8000000000,127025.8000000000,127025.8000000000,127025.8000000000,118627.4000000000,118627.4000000000,118627.4000000000,127025.8000000000,127025.8000000000,127025.8000000000,127025.8000000000,127025.8000000000,118627.4000000000,118627.4000000000,118627.4000000000,127025.8000000000,127025.8000000000,127025.8000000000,127025.8000000000,127025.8000000000,118627.4000000000,118627.4000000000,118627.4000000000,127025.8000000000,127025.8000000000,127025.8000000000,127025.8000000000,127025.8000000000,118627.4000000000,118627.4000000000,118627.4000000000,127025.8000000000,127025.8000000000,127025.8000000000,127025.8000000000,127025.8000000000,118627.4000000000,118627.4000000000,118627.4000000000
5,0,4,7,6,2,3,1,12,9,8,1,13,12,15,8,14,7,3,5,0,13,15,11,10,11,2,6,4,14,10,9,4,3,1,5,2,7,0,6,13,8,12,11,10,12,11,10,9,15,14,10,11,9,14,13,15,15,15,15,12,13,14,15,9,8,12,11,10,8,8,9,14,13,15,9,8,13,14,15,1,8,9,9,10,0,1,2,11,12,13,14,8,3,6,7,11,10,14,13,12,0,1,2,8,14,13,12,11,3,6,0,10,11,12,10,9,3,2,7
4989895.5499999998,4778949.0949999997,4547308.2199999997,3972921.7850000001,4153647.4100000001,4730883.5800000001,5461830.7750000004,5145358.5099999998,6892601.4349999996,7002523.6550000003,7340469.2450000001,7807804.5499999998,7776470.5099999998,6779130.9850000003,6465801.7000000002,6399776.8899999997,6866598.3200000003,6869019.6799999997,6869014.5499999998,6869013.6950000003,6868939.3099999996,6411145.8250000002,6411127.8700000001,6408781.7500000000,6863281.7750000004,6868876.8949999996,6869165.0300000003,6869050.4600000000,6868892.2850000001,6411214.2249999996,6410986.7949999999,6405647.3200000003,3851417.7349999999,3858537.3199999998,3857914.0249999999,3858162.8300000001,3858472.3399999999,3601128.4750000001,3601218.2500000000,3593968.7050000001,144991.8800000000,144991.8800000000,144991.8800000000,144991.8800000000,144991.8800000000,135405.6400000000,135405.6400000000,135405.6400000000,144991.8800000000,144991.8800000000,144991.8800000000,144991.8800000000,144991.8800000000,135405.6400000000,135405.6400000000,135405.6400000000,144991.8800000000,144991.8800000000,144991.8800000000,144991.8800000000,144991.8800000000,135405.6400000000,135405.6400000000,135405.6400000000,144991.8800000000,144991.8800000000,144991.8800000000,144991.8800000000,144991.8800000000,135405.6400000000,135405.6400000000,135405.6400000000,144991.8800000000,144991.8800000000,144991.8800000000,144991.8800000000,144991.8800000000,135405.6400000000,135405.6400000000,135405.6400000000,127025.8000000000,127025.8000000000,127025.8000000000,127025.8000000000,127025.8000000000,118627.4000000000,118627.4000000000,118627.4000000000,127025.8000000000,127025.8000000000,127025.8000000000,127025.8000000000,127025.8000000000,118627.4000000000,118627.4000000000,118627.4000000000,127025.8000000000,127025.8000000000,127025.8000000000,127025.8000000000,127025.8000000000,118627.4000000000,118627.4000000000,118627.4000000000,127025.8000000000,127025.8000000000,127025.8000000000,127025.8000000000,127025.8000000000,118627.4000000000,118627.4000000000,118627.4000000000,127025.8000000000,127025.8000000000,127025.8000000000,127025.8000000000,127025.8000000000,118627.4000000000,118627.4000000000,118627.4000000000
5,0,4,7,6,2,3,1,12,9,8,1,13,12,15,8,14,7,3,5,0,13,15,11,10,11,2,6,4,14,10,9,4,3,1,5,2,7,0,6,13,8,12,11,10,12,11,10,9,15,14,10,11,9,14,13,15,15,15,15,12,13,14,15,9,8,12,11,10,8,8,9,14,13,15,9,8,13,14,15,1,8,9,9,10,0,1,2,11,12,13,14,8,3,6,7,11,10,14,13,12,0,1,2,8,14,13,12,11,3,6,0,10,11,12,10,9,3,2,7
4973712.9649999999,4716671.7500000000,4539425.1200000001,3951787.8950000000,4119740.6749999998,4760379.3700000001,5538396.8799999999,5183108.4699999997,6915091.3550000004,7033384.8799999999,7348433.5700000003,7796278.2949999999,7752148.3250000002,6748896.4749999996,6426461.4400000004,6379520.2300000004,6866624.8250000002,6869008.5650000004,6868957.2649999997,6869040.2000000002,6869007.7100000000,6411129.5800000001,6411115.0449999999,6408786.0250000004,6863032.9699999997,6868965.8150000004,6869081.2400000002,6869128.2649999997,6868842.6950000003,6411133.0000000000,6410997.9100000001,6405366.0250000004,3850920.1250000000,3858455.2400000002,3857892.6499999999,3858210.7100000000,3858473.1949999998,3601018.1800000002,3601235.3500000001,3593465.1099999999,144991.8800000000,144991.8800000000,144991.8800000000,144991.8800000000,144991.8800000000,135405.6400000000,135405.6400000000,135405.6400000000,144991.8800000000,144991.8800000000,144991.8800000000,144991.8800000000,144991.8800000000,135405.6400000000,135405.6400000000,135405.6400000000,144991.8800000000,144991.8800000000,144991.8800000000,144991.8800000000,144991.8800000000,135405.6400000000,135405.6400000000,135405.6400000000,144991.8800000000,144991.8800000000,144991.8800000000,144991.8800000000,144991.8800000000,135405.6400000000,135405.6400000000,135405.6400000000,144991.8800000000,144991.8800000000,144991.8800000000,144991.8800000000,144991.8800000000,135405.6400000000,135405.6400000000,135405.6400000000,127025.8000000000,127025.8000000000,127025.8000000000,127025.8000000000,127025.8000000000,118627.4000000000,118627.4000000000,118627.4000000000,127025.8000000000,127025.8000000000,127025.8000000000,127025.8000000000,127025.8000000000,118627.4000000000,118627.4000000000,118627.4000000000,127025.8000000000,127025.8000000000,127025.8000000000,127025.8000000000,127025.8000000000,118627.4000000000,118627.4000000000,118627.4000000000,127025.8000000000,127025.8000000000,127025.8000000000,127025.8000000000,127025.8000000000,118627.4000000000,118627.4000000000,118627.4000000000,127025.8000000000,127025.8000000000,127025.8000000000,127025.8000000000,127025.8000000000,118627.4000000000,118627.4000000000,118627.4000000000
5,0,4,7,6,2,3,1,12,9,8,1,13,12,15,8,14,7,3,5,0,13,15,11,10,11,2,6,4,14,10,9,4,3,1,5,2,7,0,6,13,8,12,11,10,12,11,10,9,15,14,10,11,9,14,13,15,15,15,15,12,13,14,15,9,8,12,11,10,8,8,9,14,13,15,9,8,13,14,15,1,8,9,9,10,0,1,2,11,12,13,14,8,3,6,7,11,10,14,13,12,0,1,2,8,14,13,12,11,3,6,0,10,11,12,10,9,3,2,7
4961597.6150000002,4709493.1699999999,4489497.3949999996,3681173.5550000002,3831495.3799999999,4795418.9800000004,5622270.6699999999,5238522.7300000004,6936315.8750000000,7028429.2999999998,7292555.9000000004,7735605.7850000001,7696135.5650000004,6700503.4749999996,6372395.5149999997,6355972.6749999998,6866551.2949999999,6868993.1749999998,6868987.1900000004,6869020.5350000001,6868992.3200000003,6411152.6650000000,6411168.0549999997,6408644.0949999997,6862851.7100000000,6868898.2699999996,6869061.5750000002,6869158.1900000004,6868897.4150000000,6411051.7750000004,6411007.3150000004,6405142.8700000001,3850395.1549999998,3858342.3799999999,3857875.5499999998,3858185.0600000001,3858443.2700000000,3601096.8399999999,3601255.8700000001,3592893.9700000002,144991.8800000000,144991.8800000000,144991.8800000000,144991.8800000000,144991.8800000000,135405.6400000000,135405.6400000000,135405.6400000000,144991.8800000000,144991.8800000000,144991.8800000000,144991.8800000000,144991.8800000000,135405.6400000000,135405.6400000000,135405.6400000000,144991.8800000000,144991.8800000000,144991.8800000000,144991.8800000000,144991.8800000000,135405.6400000000,135405.6400000000,135405.6400000000,144991.8800000000,144991.8800000000,144991.8800000000,144991.8800000000,144991.8800000000,135405.6400000000,135405.6400000000,135405.6400000000,144991.8800000000,144991.8800000000,144991.8800000000,144991.8800000000,144991.8800000000,135405.6400000000,135405.6400000000,135405.6400000000,127025.8000000000,127025.8000000000,127025.8000000000,127025.8000000000,127025.8000000000,118627.4000000000,118627.4000000000,118627.4000000000,127025.8000000000,127025.8000000000,127025.8000000000,127025.8000000000,127025.8000000000,118627.4000000000,118627.4000000000,118627.4000000000,127025.8000000000,127025.8000000000,127025.8000000000,127025.8000000000,127025.8000000000,118627.4000000000,118627.4000000000,118627.4000000000,127025.8000000000,127025.8000000000,127025.8000000000,127025.8000000000,127025.8000000000,118627.4000000000,118627.4000000000,118627.4000000000,127025.8000000000,127025.8000000000,127025.8000000000,127025.8000000000,127025.8000000000,118627.4000000000,118627.4000000000,118627.4000000000
5,0,4,7,6,2,3,1,12,9,8,1,13,12,15,8,14,7,3,5,0,13,15,11,10,11,2,6,4,14,10,9,4,3,1,5,2,7,0,6,13,8,12,11,10,12,11,10,9,15,14,10,11,9,14,13,15,15,15,15,12,13,14,15,9,8,12,11,10,8,8,9,14,13,15,9,8,13,14,15,1,8,9,9,10,0,1,2,11,12,13,14,8,3,6,7,11,10,14,13,12,0,1,2,8,14,13,12,11,3,6,0,10,11,12,10,9,3,2,7
4940798.8849999998,4729135.9400000004,3840789.2300000000,2907257.4800000000,2949503.8849999998,4475115.4600000000,5702636.3949999996,5291430.1299999999,6953366.2850000001,7025764.2649999997,7653960.1250000000,8296228.4299999997,8272252.5199999996,6895009.9900000002,6341800.1950000003,6336381.2050000001,6866502.5599999996,6868887.1550000003,6869082.9500000002,6868905.9649999999,6868941.8750000000,6411143.2599999998,6411067.1650000000,6408643.2400000002,6862508.0000000000,6869002.5800000001,6869082.9500000002,6869013.6950000003,6868903.4000000004,6411168.9100000001,6410996.2000000002,6404821.3899999997,3849826.5800000001,3858292.7900000000,3857884.1000000001,3858299.6299999999,3858437.2850000001,3601101.1150000002,3601155.8350000000,3592402.3450000002,144991.8800000000,144991.8800000000,144991.8800000000,144991.8800000000,144991.8800000000,135405.6400000000,135405.6400000000,135405.6400000000,144991.8800000000,144991.8800000000,144991.8800000000,144991.8800000000,144991.8800000000,135405.6400000000,135405.6400000000,135405.6400000000,144991.8800000000,144991.8800000000,144991.8800000000,144991.8800000000,144991.8800000000,135405.6400000000,135405.6400000000,135405.6400000000,144991.8800000000,144991.8800000000,144991.8800000000,144991.8800000000,144991.8800000000,135405.6400000000,135405.6400000000,135405.6400000000,144991.8800000000,144991.8800000000,144991.8800000000,144991.8800000000,144991.8800000000,135405.6400000000,135405.6400000000,135405.6400000000,127025.8000000000,127025.8000000000,127025.8000000000,127025.8000000000,127025.8000000000,118627.4000000000,118627.4000000000,118627.4000000000,127025.8000000000,127025.8000000000,127025.8000000000,127025.8000000000,127025.8000000000,118627.4000000000,118627.4000000000,118627.4000000000,127025.8000000000,127025.8000000000,127025.8000000000,127025.8000000000,127025.8000000000,118627.4000000000,118627.4000000000,118627.4000000000,127025.8000000000,127025.8000000000,127025.8000000000,127025.8000000000,127025.8000000000,118627.4000000000,118627.4000000000,118627.4000000000,127025.8000000000,127025.8000000000,127025.8000000000,127025.8000000000,127025.8000000000,118627.4000000000,118627.4000000000,118627.4000000000
6,7,7,3,4,2,3,4,7,2,5,0,1,6,15,14,10,8,3,11,12,10,8,11,13,15,4,14,9,13,9,12,5,0,2,1,5,1,6,0,13,10,9,8,14,15,14,13,11,12,15,14,8,9,15,13,14,15,13,12,11,10,11,12,10,9,8,14,15,8,8,9,13,12,11,10,9,10,11,12,4,8,15,9,10,2,3,4,11,12,13,14,15,5,6,7,14,13,12,11,10,2,3,4,14,13,12,11,10,5,6,4,8,9,15,9,8,4,5,2
4908370.4450000003,4628806.8200000003,3391308.8900000001,2900332.8350000000,2881147.4900000002,4187866.2400000002,5807094.3099999996,5319936.6849999996,6968008.1600000001,7154226.3049999997,7935383.3750000000,8303774.6600000001,8299191.0049999999,7088422.1050000004,6326716.2850000001,6318855.4150000000,6866456.3899999997,6869043.6200000001,6868927.3399999999,6868990.6100000003,6868934.1799999997,6411156.9400000004,6411109.9150000000,6408649.2249999996,6862214.7350000003,6868837.5650000004,6869241.9800000004,6868917.0800000001,6868962.3949999996,6411108.2050000001,6411056.9050000003,6404519.5750000002,3849285.3650000002,3858327.8450000002,3857825.9600000000,3858364.6099999999,3858462.9350000001,3601082.3050000002,3601201.1499999999,3591809.8300000001,144991.8800000000,144991.8800000000,144991.8800000000,144991.8800000000,144991.8800000000,135405.6400000000,135405.6400000000,135405.6400000000,144991.8800000000,144991.8800000000,144991.8800000000,144991.8800000000,144991.8800000000,135405.6400000000,135405.6400000000,135405.6400000000,144991.8800000000,144991.8800000000,144991.8800000000,144991.8800000000,144991.8800000000,135405.6400000000,135405.6400000000,135405.6400000000,144991.8800000000,144991.8800000000,144991.8800000000,144991.8800000000,144991.8800000000,135405.6400000000,135405.6400000000,135405.6400000000,144991.8800000000,144991.8800000000,144991.8800000000,144991.8800000000,144991.8800000000,135405.6400000000,135405.6400000000,135405.6400000000,127025.8000000000,127025.8000000000,127025.8000000000,127025.8000000000,127025.8000000000,118627.4000000000,118627.4000000000,118627.4000000000,127025.8000000000,127025.8000000000,127025.8000000000,127025.8000000000,127025.8000000000,118627.4000000000,118627.4000000000,118627.4000000000,127025.8000000000,127025.8000000000,127025.8000000000,127025.8000000000,127025.8000000000,118627.4000000000,118627.4000000000,118627.4000000000,127025.8000000000,127025.8000000000,127025.8000000000,127025.8000000000,127025.8000000000,118627.4000000000,118627.4000000000,118627.4000000000,127025.8000000000,127025.8000000000,127025.8000000000,127025.8000000000,127025.8000000000,118627.4000000000,118627.4000000000,118627.4000000000
6,7,7,3,4,2,3,4,7,2,5,0,1,6,15,14,10,8,3,11,12,10,8,11,13,15,4,14,9,13,9,12,5,0,2,1,5,1,6,0,13,10,9,8,14,15,14,13,11,12,15,14,8,9,15,13,14,15,13,12,11,10,11,12,10,9,8,14,15,8,8,9,13,12,11,10,9,10,11,12,4,8,15,9,10,2,3,4,11,12,13,14,15,5,6,7,14,13,12,11,10,2,3,4,14,13,12,11,10,5,6,4,8,9,15,9,8,4,5,2
4869035.3150000004,4485111.2450000001,3198510.6650000000,2925604.9249999998,2920885.3250000002,4183121.8450000002,5921441.1550000003,5330765.2599999998,6993282.8150000004,7316359.9550000001,7996411.5650000004,8276777.1799999997,8234763.3350000000,7037895.8799999999,6313803.2199999997,6301364.6799999997,6866361.4850000003,6869011.9850000003,6868973.5099999998,6868943.5850000000,6869017.9699999997,6411129.5800000001,6411144.9699999997,6408547.4800000004,6861990.7249999996,6868877.7500000000,6869162.4649999999,6868885.4450000003,6868928.1950000003,6411179.1699999999,6410931.2199999997,6404244.2649999997,3848723.6299999999,3858448.3999999999,3857672.9150000000,3858415.0550000002,3858486.8750000000,3601028.4399999999,3601257.5800000001,3591258.3550000000,144991.8800000000,144991.8800000000,144991.8800000000,144991.8800000000,144991.8800000000,135405.6400000000,135405.6400000000,135405.6400000000,144991.8800000000,144991.8800000000,144991.8800000000,144991.8800000000,144991.8800000000,135405.6400000000,135405.6400000000,135405.6400000000,144991.8800000000,144991.8800000000,144991.8800000000,144991.8800000000,144991.8800000000,135405.6400000000,135405.6400000000,135405.6400000000,144991.8800000000,144991.8800000000,144991.8800000000,144991.8800000000,144991.8800000000,135405.6400000000,135405.6400000000,135405.6400000000,144991.8800000000,144991.8800000000,144991.8800000000,144991.8800000000,144991.8800000000,135405.6400000000,135405.6400000000,135405.6400000000,127025.8000000000,127025.8000000000,127025.8000000000,127025.8000000000,127025.8000000000,118627.4000000000,118627.4000000000,118627.4000000000,127025.8000000000,127025.8000000000,127025.8000000000,127025.8000000000,127025.8000000000,118627.4000000000,118627.4000000000,118627.4000000000,127025.8000000000,127025.8000000000,127025.8000000000,127025.8000000000,127025.8000000000,118627.4000000000,118627.4000000000,118627.4000000000,127025.8000000000,127025.8000000000,127025.8000000000,127025.8000000000,127025.8000000000,118627.4000000000,118627.4000000000,118627.4000000000,127025.8000000000,127025.8000000000,127025.8000000000,127025.8000000000,127025.8000000000,118627.4000000000,118627.4000000000,118627.4000000000
6,7,7,3,4,2,3,4,7,2,5,0,1,6,15,14,10,8,3,11,12,10,8,11,13,15,4,14,9,13,9,12,5,0,2,1,5,1,6,0,13,10,9,8,14,15,14,13,11,12,15,14,8,9,15,13,14,15,13,12,11,10,11,12,10,9,8,14,15,8,8,9,13,12,11,10,9,10,11,12,4,8,15,9,10,2,3,4,11,12,13,14,15,5,6,7,14,13,12,11,10,2,3,4,14,13,12,11,10,5,6,4,8,9,15,9,8,4,5,2
4798860.3350000000,4328563.3099999996,3002285.6000000001,2882714.7050000001,2882919.9049999998,4069726.6150000002,6003079.9749999996,5353746.8049999997,7071000.6050000004,7469158.7149999999,8112431.6449999996,8302753.7900000000,8261820.6650000000,7077423.3849999998,6303513.2949999999,6283212.1749999998,6866351.2249999996,6869017.9699999997,6869000.0149999997,6868921.3550000004,6868987.1900000004,6411138.9850000003,6411215.0800000001,6408509.0049999999,6861643.5949999997,6868846.9699999997,6869194.9550000001,6868842.6950000003,6868977.7850000001,6411194.5599999996,6410963.7100000000,6403976.6500000004,3848197.8050000002,3858387.6949999998,3857642.1349999998,3858471.4849999999,3858481.7450000001,3601086.5800000001,3601203.7149999999,3590661.5649999999,144991.8800000000,144991.8800000000,144991.8800000000,144991.8800000000,144991.8800000000,135405.6400000000,135405.6400000000,135405.6400000000,144991.8800000000,144991.8800000000,144991.8800000000,144991.8800000000,144991.8800000000,135405.6400000000,135405.6400000000,135405.6400000000,144991.8800000000,144991.8800000000,144991.8800000000,144991.8800000000,144991.8800000000,135405.6400000000,135405.6400000000,135405.6400000000,144991.8800000000,144991.8800000000,144991.8800000000,144991.8800000000,144991.8800000000,135405.6400000000,135405.6400000000,135405.6400000000,144991.8800000000,144991.8800000000,144991.8800000000,144991.8800000000,144991.8800000000,135405.6400000000,135405.6400000000,135405.6400000000,127025.8000000000,127025.8000000000,127025.8000000000,127025.8000000000,127025.8000000000,118627.4000000000,118627.4000000000,118627.4000000000,127025.8000000000,127025.8000000000,127025.8000000000,127025.8000000000,127025.8000000000,118627.4000000000,118627.4000000000,118627.4000000000,127025.8000000000,127025.8000000000,127025.8000000000,127025.8000000000,127025.8000000000,118627.4000000000,118627.4000000000,118627.4000000000,127025.8000000000,127025.8000000000,127025.8000000000,127025.8000000000,127025.8000000000,118627.4000000000,118627.4000000000,118627.4000000000,127025.8000000000,127025.8000000000,127025.8000000000,127025.8000000000,127025.8000000000,118627.4000000000,118627.4000000000,118627.4000000000
6,7,7,3,4,2,3,4,7,2,5,0,1,6,15,14,10,8,3,11,12,10,8,11,13,15,4,14,9,13,9,12,5,0,2,1,5,1,6,0,13,10,9,8,14,15,14,13,11,12,15,14,8,9,15,13,14,15,13,12,11,10,11,12,10,9,8,14,15,8,8,9,13,12,11,10,9,10,11,12,4,8,15,9,10,2,3,4,11,12,13,14,15,5,6,7,14,13,12,11,10,2,3,4,14,13,12,11,10,5,6,4,8,9,15,9,8,4,5,2
4728422.0149999997,4260608.7649999997,2980286.4500000002,2893040.5400000000,2887381.2949999999,4021054.8849999998,6034164.3550000004,5401191.6100000003,7164750.5000000000,7508072.3300000001,8095472.7199999997,8277168.7699999996,8251284.5000000000,7064787.3399999999,6296442.4450000003,6265264.0149999997,6866337.5449999999,6868987.1900000004,6869006.8550000004,6869019.6799999997,6868860.6500000004,6411163.7800000003,6411168.9100000001,6408496.1799999997,6861450.3650000002,6868695.6349999998,6869188.9699999997,6868886.2999999998,6868949.5700000003,6411215.0800000001,6410797.8399999999,6403710.7450000001,3847607.0000000000,3858397.1000000001,3857636.1499999999,3858498.8450000002,3858406.5049999999,3601164.3849999998,3601290.9249999998,3590098.1200000001,144991.8800000000,144991.8800000000,144991.8800000000,144991.8800000000,144991.8800000000,135405.6400000000,135405.6400000000,135405.6400000000,144991.8800000000,144991.8800000000,144991.8800000000,144991.8800000000,144991.8800000000,135405.6400000000,135405.6400000000,135405.6400000000,144991.8800000000,144991.8800000000,144991.8800000000,144991.8800000000,144991.8800000000,135405.6400000000,135405.6400000000,135405.6400000000,144991.8800000000,144991.8800000000,144991.8800000000,144991.8800000000,144991.8800000000,135405.6400000000,135405.6400000000,135405.6400000000,144991.8800000000,144991.8800000000,144991.8800000000,144991.8800000000,144991.8800000000,135405.6400000000,135405.6400000000,135405.6400000000,127025.8000000000,127025.8000000000,127025.8000000000,127025.8000000000,127025.8000000000,118627.4000000000,118627.4000000000,118627.4000000000,127025.8000000000,127025.8000000000,127025.8000000000,127025.8000000000,127025.8000000000,118627.4000000000,118627.4000000000,118627.4000000000,127025.8000000000,127025.8000000000,127025.8000000000,127025.8000000000,127025.8000000000,118627.4000000000,118627.4000000000,118627.4000000000,127025.8000000000,127025.8000000000,127025.8000000000,127025.8000000000,127025.8000000000,118627.4000000000,118627.4000000000,118627.4000000000,127025.8000000000,127025.8000000000,127025.8000000000,127025.8000000000,127025.8000000000,118627.4000000000,118627.4000000000,118627.4000000000
6,7,7,3,4,2,3,4,7,2,5,0,1,6,15,14,10,8,3,11,12,10,8,11,13,15,4,14,9,13,9,12,5,0,2,1,5,1,6,0,13,10,9,8,14,15,14,13,11,12,15,14,8,9,15,13,14,15,13,12,11,10,11,12,10,9,8,14,15,8,8,9,13,12,11,10,9,10,11,12,4,8,15,9,10,2,3,4,11,12,13,14,15,5,6,7,14,13,12,11,10,2,3,4,14,13,12,11,10,5,6,4,8,9,15,9,8,4,5,2
4670138.3750000000,4151939.1200000001,3016768.4449999998,2902719.9950000001,2891369.8700000001,3808508.7250000001,6058572.8949999996,5444511.8949999996,7243928.6299999999,7511246.0899999999,8023886.9900000002,8256281.1200000001,8228886.9199999999,7139835.8200000003,6287285.3949999996,6252724.5850000000,6866303.3449999997,6869005.1449999996,6869011.1299999999,6868958.1200000001,6869063.2850000001,6411153.5199999996,6411080.8449999997,6408478.2249999996,6861192.1550000003,6868695.6349999998,6869161.6100000003,6868930.7599999998,6868898.2699999996,6411123.5949999997,6410853.4150000000,6403431.1600000001,3847131.6200000001,3858232.0850000000,3857749.0099999998,3858569.8100000001,3858332.1200000001,3601231.0750000002,3601254.1600000001,3589549.2100000000,144991.8800000000,144991.8800000000,144991.8800000000,144991.8800000000,144991.8800000000,135405.6400000000,135405.6400000000,135405.6400000000,144991.8800000000,144991.8800000000,144991.8800000000,144991.8800000000,144991.8800000000,135405.6400000000,135405.6400000000,135405.6400000000,144991.8800000000,144991.8800000000,144991.8800000000,144991.8800000000,144991.8800000000,135405.6400000000,135405.6400000000,135405.6400000000,144991.8800000000,144991.8800000000,144991.8800000000,144991.8800000000,144991.8800000000,135405.6400000000,135405.6400000000,135405.6400000000,144991.8800000000,144991.8800000000,144991.8800000000,144991.8800000000,144991.8800000000,135405.6400000000,135405.6400000000,135405.6400000000,127025.8000000000,127025.8000000000,127025.8000000000,127025.8000000000,127025.8000000000,118627.4000000000,118627.4000000000,118627.4000000000,127025.8000000000,127025.8000000000,127025.8000000000,127025.8000000000,127025.8000000000,118627.4000000000,118627.4000000000,118627.4000000000,127025.8000000000,127025.8000000000,127025.8000000000,127025.8000000000,127025.8000000000,118627.4000000000,118627.4000000000,118627.4000000000,127025.8000000000,127025.8000000000,127025.8000000000,127025.8000000000,127025.8000000000,118627.4000000000,118627.4000000000,118627.4000000000,127025.8000000000,127025.8000000000,127025.8000000000,127025.8000000000,127025.8000000000,118627.4000000000,118627.4000000000,118627.4000000000
6,7,7,3,4,2,3,4,7,2,5,0,1,6,15,14,10,8,3,11,12,10,8,11,13,15,4,14,9,13,9,12,5,0,2,1,5,1,6,0,13,10,9,8,14,15,14,13,11,12,15,14,8,9,15,13,14,15,13,12,11,10,11,12,10,9,8,14,15,8,8,9,13,12,11,10,9,10,11,12,4,8,15,9,10,2,3,4,11,12,13,14,15,5,6,7,14,13,12,11,10,2,3,4,14,13,12,11,10,5,6,4,8,9,15,9,8,4,5,2
4622341.3099999996,3965638.0400000000,2966019.9199999999,2858772.1400000001,2865489.0200000000,3594617.6499999999,6127207.1650000000,5439381.8949999996,7301182.8499999996,7581169.7000000002,8076565.2500000000,8284389.2450000001,8238006.3499999996,7220436.6699999999,6307021.3600000003,6248522.2599999998,6866248.6250000000,6868939.3099999996,6869003.4349999996,6869027.3750000000,6868965.8150000004,6411197.1250000000,6411178.3150000004,6408461.1250000000,6860804.8399999999,6868754.6299999999,6869177.0000000000,6868830.7249999996,6868880.3150000004,6411182.5899999999,6410703.7900000000,6403032.7300000004,3846658.8050000002,3858180.7850000001,3857772.9500000002,3858558.6949999998,3858368.8849999998,3601209.7000000002,3601324.2700000000,3589002.0099999998,144991.8800000000,144991.8800000000,144991.8800000000,144991.8800000000,144991.8800000000,135405.6400000000,135405.6400000000,135405.6400000000,144991.8800000000,144991.8800000000,144991.8800000000,144991.8800000000,144991.8800000000,135405.6400000000,135405.6400000000,135405.6400000000,144991.8800000000,144991.8800000000,144991.8800000000,144991.8800000000,144991.8800000000,135405.6400000000,135405.6400000000,135405.6400000000,144991.8800000000,144991.8800000000,144991.8800000000,144991.8800000000,144991.8800000000,135405.6400000000,135405.6400000000,135405.6400000000,144991.8800000000,144991.8800000000,144991.8800000000,144991.8800000000,144991.8800000000,135405.6400000000,135405.6400000000,135405.6400000000,127025.8000000000,127025.8000000000,127025.8000000000,127025.8000000000,127025.8000000000,118627.4000000000,118627.4000000000,118627.4000000000,127025.8000000000,127025.8000000000,127025.8000000000,127025.8000000000,127025.8000000000,118627.4000000000,118627.4000000000,118627.4000000000,127025.8000000000,127025.8000000000,127025.8000000000,127025.8000000000,127025.8000000000,118627.4000000000,118627.4000000000,118627.4000000000,127025.8000000000,127025.8000000000,127025.8000000000,127025.8000000000,127025.8000000000,118627.4000000000,118627.4000000000,118627.4000000000,127025.8000000000,127025.8000000000,127025.8000000000,127025.8000000000,127025.8000000000,118627.4000000000,118627.4000000000,118627.4000000000
6,7,7,3,4,2,3,4,7,2,5,0,1,6,15,14,10,8,3,11,12,10,8,11,13,15,4,14,9,13,9,12,5,0,2,1,5,1,6,0,13,10,9,8,14,15,14,13,11,12,15,14,8,9,15,13,14,15,13,12,11,10,11,12,10,9,8,14,15,8,8,9,13,12,11,10,9,10,11,12,4,8,15,9,10,2,3,4,11,12,13,14,15,5,6,7,14,13,12,11,10,2,3,4,14,13,12,11,10,5,6,4,8,9,15,9,8,4,5,2
4588731.2599999998,3850604.6299999999,2976171.3350000000,2870611.3250000002,2897092.3849999998,3581506.2250000001,6267621.2500000000,5388598.3150000004,7339550.9749999996,7612513.1449999996,8070086.9150000000,8259201.7999999998,8195743.7000000002,7156113.3099999996,6305948.3350000000,6247136.3049999997,6866209.2949999999,6868976.0750000002,6868985.4800000004,6868954.7000000002,6869000.0149999997,6411131.2900000000,6411200.5449999999,6408287.5599999996,6860546.6299999999,6868851.2450000001,6869153.9150000000,6868898.2699999996,6868954.7000000002,6411173.1849999996,6410702.0800000001,6402751.4349999996,3846132.9800000000,3858068.7799999998,3857776.3700000001,3858559.5499999998,3858233.7949999999,3601275.5350000001,3601250.7400000002,3588555.7000000002,144991.8800000000,144991.8800000000,144991.8800000000,144991.8800000000,144991.8800000000,135405.6400000000,135405.6400000000,135405.6400000000,144991.8800000000,144991.8800000000,144991.8800000000,144991.8800000000,144991.8800000000,135405.6400000000,135405.6400000000,135405.6400000000,144991.8800000000,144991.8800000000,144991.8800000000,144991.8800000000,144991.8800000000,135405.6400000000,135405.6400000000,135405.6400000000,144991.8800000000,144991.8800000000,144991.8800000000,144991.8800000000,144991.8800000000,135405.6400000000,135405.6400000000,135405.6400000000,144991.8800000000,144991.8800000000,144991.8800000000,144991.8800000000,144991.8800000000,135405.6400000000,135405.6400000000,135405.6400000000,127025.8000000000,127025.8000000000,127025.8000000000,127025.8000000000,127025.8000000000,118627.4000000000,118627.4000000000,118627.4000000000,127025.8000000000,127025.8000000000,127025.8000000000,127025.8000000000,127025.8000000000,118627.4000000000,118627.4000000000,118627.4000000000,127025.8000000000,127025.8000000000,127025.8000000000,127025.8000000000,127025.8000000000,118627.4000000000,118627.4000000000,118627.4000000000,127025.8000000000,127025.8000000000,127025.8000000000,127025.8000000000,127025.8000000000,118627.4000000000,118627.4000000000,118627.4000000000,127025.8000000000,127025.8000000000,127025.8000000000,127025.8000000000,127025.8000000000,118627.4000000000,118627.4000000000,118627.4000000000
6,7,7,3,4,2,3,4,7,2,5,0,1,6,15,14,10,8,3,11,12,10,8,11,13,15,4,14,9,13,9,12,5,0,2,1,5,1,6,0,13,10,9,8,14,15,14,13,11,12,15,14,8,9,15,13,14,15,13,12,11,10,11,12,10,9,8,14,15,8,8,9,13,12,11,10,9,10,11,12,4,8,15,9,10,2,3,4,11,12,13,14,15,5,6,7,14,13,12,11,10,2,3,4,14,13,12,11,10,5,6,4,8,9,15,9,8,4,5,2
4545644.3899999997,3738367.9249999998,2932463.7349999999,2847438.2599999998,2881179.9800000000,3554419.8250000002,6398741.4850000003,5342787.4150000000,7392922.6399999997,7641972.1699999999,8110769.5250000004,8272330.3250000002,8194475.7350000003,7123230.0099999998,6297974.6050000004,6243411.0700000003,6866196.4699999997,6869059.8650000002,6868964.1050000004,6868975.2199999997,6869025.6650000000,6411208.2400000002,6411131.2900000000,6408302.9500000002,6860042.1799999997,6868781.9900000002,6869223.1699999999,6868904.2549999999,6868975.2199999997,6411136.4199999999,6410728.5850000000,6402392.3350000000,3845734.5499999998,3858025.1749999998,3857727.6349999998,3858704.0449999999,3858131.1949999998,3601390.1050000000,3601251.5950000002,3588028.1650000000,144991.8800000000,144991.8800000000,144991.8800000000,144991.8800000000,144991.8800000000,135405.6400000000,135405.6400000000,135405.6400000000,144991.8800000000,144991.8800000000,144991.8800000000,144991.8800000000,144991.8800000000,135405.6400000000,135405.6400000000,135405.6400000000,144991.8800000000,144991.8800000000,144991.8800000000,144991.8800000000,144991.8800000000,135405.6400000000,135405.6400000000,135405.6400000000,144991.8800000000,144991.8800000000,144991.8800000000,144991.8800000000,144991.8800000000,135405.6400000000,135405.6400000000,135405.6400000000,144991.8800000000,144991.8800000000,144991.8800000000,144991.8800000000,144991.8800000000,135405.6400000000,135405.6400000000,135405.6400000000,127025.8000000000,127025.8000000000,127025.8000000000,127025.8000000000,127025.8000000000,118627.4000000000,118627.4000000000,118627.4000000000,127025.8000000000,127025.8000000000,127025.8000000000,127025.8000000000,127025.8000000000,118627.4000000000,118627.4000000000,118627.4000000000,127025.8000000000,127025.8000000000,127025.8000000000,127025.8000000000,127025.8000000000,118627.4000000000,118627.4000000000,118627.4000000000,127025.8000000000,127025.8000000000,127025.8000000000,127025.8000000000,127025.8000000000,118627.4000000000,118627.4000000000,118627.4000000000,127025.8000000000,127025.8000000000,127025.8000000000,127025.8000000000,127025.8000000000,118627.4000000000,118627.4000000000,118627.4000000000
6,7,7,3,4,2,3,4,7,2,5,0,1,6,15,14,10,8,3,11,12,10,8,11,13,15,4,14,9,13,9,12,5,0,2,1,5,1,6,0,13,10,9,8,14,15,14,13,11,12,15,14,8,9,15,13,14,15,13,12,11,10,11,12,10,9,8,14,15,8,8,9,13,12,11,10,9,10,11,12,4,8,15,9,10,2,3,4,11,12,13,14,15,5,6,7,14,13,12,11,10,2,3,4,14,13,12,11,10,5,6,4,8,9,15,9,8,4,5,2
4492241.0899999999,3607540.9550000001,2867744.5099999998,2819047.1299999999,2840776.9550000001,3391928.7850000001,6468268.3750000000,5346012.4749999996,7458080.4800000004,7737280.7300000004,8162469.6650000000,8284879.1600000001,8221815.2149999999,7204105.3150000004,6319814.7249999996,6235701.5350000001,6866136.6200000001,6868970.9450000003,6868948.7149999999,6868942.7300000004,6868957.2649999997,6411095.3799999999,6411168.9100000001,6408270.4600000000,6859730.1050000004,6868824.7400000002,6869175.2900000000,6868905.1100000003,6868952.1349999998,6411088.5400000000,6410730.2949999999,6402055.4649999999,3845197.6099999999,3858105.5449999999,3857724.2149999999,3858720.2900000000,3858124.3550000000,3601491.8500000001,3601268.6949999998,3587517.7300000000,144991.8800000000,144991.8800000000,144991.8800000000,144991.8800000000,144991.8800000000,135405.6400000000,135405.6400000000,135405.6400000000,144991.8800000000,144991.8800000000,144991.8800000000,144991.8800000000,144991.8800000000,135405.6400000000,135405.6400000000,135405.6400000000,144991.8800000000,144991.8800000000,144991.8800000000,144991.8800000000,144991.8800000000,135405.6400000000,135405.6400000000,135405.6400000000,144991.8800000000,144991.8800000000,144991.8800000000,144991.8800000000,144991.8800000000,135405.6400000000,135405.6400000000,135405.6400000000,144991.8800000000,144991.8800000000,144991.8800000000,144991.8800000000,144991.8800000000,135405.6400000000,135405.6400000000,135405.6400000000,127025.8000000000,127025.8000000000,127025.8000000000,127025.8000000000,127025.8000000000,118627.4000000000,118627.4000000000,118627.4000000000,127025.8000000000,127025.8000000000,127025.8000000000,127025.8000000000,127025.8000000000,118627.4000000000,118627.4000000000,118627.4000000000,127025.8000000000,127025.8000000000,127025.8000000000,127025.8000000000,127025.8000000000,118627.4000000000,118627.4000000000,118627.4000000000,127025.8000000000,127025.8000000000,127025.8000000000,127025.8000000000,127025.8000000000,118627.4000000000,118627.4000000000,118627.4000000000,127025.8000000000,127025.8000000000,127025.8000000000,127025.8000000000,127025.8000000000,118627.4000000000,118627.4000000000,118627.4000000000
6,7,7,3,4,2,3,4,7,2,5,0,1,6,15,14,10,8,3,11,12,10,8,11,13,15,4,14,9,13,9,12,5,0,2,1,5,1,6,0,13,10,9,8,14,15,14,13,11,12,15,14,8,9,15,13,14,15,13,12,11,10,11,12,10,9,8,14,15,8,8,9,13,12,11,10,9,10,11,12,4,8,15,9,10,2,3,4,11,12,13,14,15,5,6,7,14,13,12,11,10,2,3,4,14,13,12,11,10,5,6,4,8,9,15,9,8,4,5,2
4448288.1050000004,3569545.6099999999,2885865.3799999999,2835503.3149999999,2854356.9199999999,3325564.5400000000,6513211.4500000002,5388014.3499999996,7508775.1399999997,7742126.0149999997,8134142.6600000001,8256414.5000000000,8199191.9150000000,7201368.4600000000,6308922.8799999999,6228013.3750000000,6866040.8600000003,6869019.6799999997,6869033.3600000003,6868964.1050000004,6869005.1449999996,6411115.0449999999,6411162.0700000003,6408145.6299999999,6859260.7100000000,6868775.1500000004,6869156.4800000004,6868899.9800000004,6869015.4050000003,6411188.5750000002,6410625.9850000003,6401749.3750000000,3844712.8250000002,3858108.9649999999,3857708.8250000002,3858660.4399999999,3858054.2450000001,3601561.1050000000,3601283.2300000000,3586934.6200000001,144991.8800000000,144991.8800000000,144991.8800000000,144991.8800000000,144991.8800000000,135405.6400000000,135405.6400000000,135405.6400000000,144991.8800000000,144991.8800000000,144991.8800000000,144991.8800000000,144991.8800000000,135405.6400000000,135405.6400000000,135405.6400000000,144991.8800000000,144991.8800000000,144991.8800000000,144991.8800000000,144991.8800000000,135405.6400000000,135405.6400000000,135405.6400000000,144991.8800000000,144991.8800000000,144991.8800000000,144991.8800000000,144991.8800000000,135405.6400000000,135405.6400000000,135405.6400000000,144991.8800000000,144991.8800000000,144991.8800000000,144991.8800000000,144991.8800000000,135405.6400000000,135405.6400000000,135405.6400000000,127025.8000000000,127025.8000000000,127025.8000000000,127025.8000000000,127025.8000000000,118627.4000000000,118627.4000000000,118627.4000000000,127025.8000000000,127025.8000000000,127025.8000000000,127025.8000000000,127025.8000000000,118627.4000000000,118627.4000000000,118627.4000000000,127025.8000000000,127025.8000000000,127025.8000000000,127025.8000000000,127025.8000000000,118627.4000000000,118627.4000000000,118627.4000000000,127025.8000000000,127025.8000000000,127025.8000000000,127025.8000000000,127025.8000000000,118627.4000000000,118627.4000000000,118627.4000000000,127025.8000000000,127025.8000000000,127025.8000000000,127025.8000000000,127025.8000000000,118627.4000000000,118627.4000000000,118627.4000000000
6,7,7,3,4,2,3,4,7,2,5,0,1,6,15,14,10,8,3,11,12,10,8,11,13,15,4,14,9,13,9,12,5,0,2,1,5,1,6,0,13,10,9,8,14,15,14,13,11,12,15,14,8,9,15,13,14,15,13,12,11,10,11,12,10,9,8,14,15,8,8,9,13,12,11,10,9,10,11,12,4,8,15,9,10,2,3,4,11,12,13,14,15,5,6,7,14,13,12,11,10,2,3,4,14,13,12,11,10,5,6,4,8,9,15,9,8,4,5,2
4380394.2649999997,3504221.8999999999,2867498.2700000000,2803658.8399999999,2826265.0400000000,3160236.6099999999,6476456.7100000000,5419565.5599999996,7572553.0099999998,7755569.1799999997,8152065.1699999999,8015667.0199999996,8043348.5000000000,7301734.3449999997,6359093.4249999998,6226015.2400000002,6865873.2800000003,6868991.4649999999,6869012.8399999999,7127321.1650000000,7034453.6299999999,6411168.9100000001,6411153.5199999996,6408006.2649999997,6858816.9649999999,6868775.1500000004,6869177.8550000004,6868962.3949999996,6869022.2450000001,6411037.2400000002,6410558.4400000004,6401360.3499999996,3844275.9199999999,3858165.3950000000,3857650.6850000001,3858652.7450000001,3858073.0550000002,3601567.0899999999,3601284.9399999999,3586483.1800000002,144991.8800000000,144991.8800000000,144991.8800000000,144991.8800000000,144991.8800000000,135405.6400000000,135405.6400000000,135405.6400000000,144991.8800000000,144991.8800000000,144991.8800000000,144991.8800000000,144991.8800000000,135405.6400000000,135405.6400000000,135405.6400000000,144991.8800000000,144991.8800000000,144991.8800000000,144991.8800000000,144991.8800000000,135405.6400000000,135405.6400000000,135405.6400000000,144991.8800000000,144991.8800000000,144991.8800000000,144991.8800000000,144991.8800000000,135405.6400000000,135405.6400000000,135405.6400000000,144991.8800000000,144991.8800000000,144991.8800000000,144991.8800000000,144991.8800000000,135405.6400000000,135405.6400000000,135405.6400000000,127025.8000000000,127025.8000000000,127025.8000000000,127025.8000000000,127025.8000000000,118627.4000000000,118627.4000000000,118627.4000000000,127025.8000000000,127025.8000000000,127025.8000000000,127025.8000000000,127025.8000000000,118627.4000000000,118627.4000000000,118627.4000000000,127025.8000000000,127025.8000000000,127025.8000000000,127025.8000000000,127025.8000000000,118627.4000000000,118627.4000000000,118627.4000000000,127025.8000000000,127025.8000000000,127025.8000000000,127025.8000000000,127025.8000000000,118627.4000000000,118627.4000000000,118627.4000000000,127025.8000000000,127025.8000000000,127025.8000000000,127025.8000000000,127025.8000000000,118627.4000000000,118627.4000000000,118627.4000000000
6,7,7,3,4,2,3,4,7,2,5,0,1,6,15,14,10,8,3,11,12,10,8,11,13,15,4,14,9,13,9,12,5,0,2,1,5,1,6,0,13,10,9,8,14,15,14,13,11,12,15,14,8,9,15,13,14,15,13,12,11,10,11,12,10,9,8,14,15,8,8,9,13,12,11,10,9,10,11,12,4,8,15,9,10,2,3,4,11,12,13,14,15,5,6,7,14,13,12,11,10,2,3,4,14,13,12,11,10,5,6,4,8,9,15,9,8,4,5,2
4291217.7649999997,3417785.6749999998,2841959.4199999999,2787135.9649999999,2813308.3700000001,3109299.1299999999,6476659.3449999997,5394146.4100000001,7637970.7699999996,7803615.0499999998,8169841.4749999996,7720666.3700000001,7803527.8399999999,7322740.8399999999,6419411.9649999999,6228551.1699999999,6865706.5549999997,6869037.6349999998,6875320.1749999998,7427374.0099999998,7273315.8350000000,6411115.0449999999,6411158.6500000004,6407770.2850000001,6858333.0350000001,6868693.9249999998,6869231.7199999997,6868943.5850000000,6869037.6349999998,6411169.7649999997,6410460.1150000002,6400898.6500000004,3843707.3450000002,3858279.1099999999,3857571.1699999999,3858693.7850000001,3858079.8950000000,3601508.0950000002,3601242.1899999999,3586051.4049999998,144991.8800000000,144991.8800000000,144991.8800000000,144991.8800000000,144991.8800000000,135405.6400000000,135405.6400000000,135405.6400000000,144991.8800000000,144991.8800000000,144991.8800000000,144991.8800000000,144991.8800000000,135405.6400000000,135405.6400000000,135405.6400000000,144991.8800000000,144991.8800000000,144991.8800000000,144991.8800000000,144991.8800000000,135405.6400000000,135405.6400000000,135405.6400000000,144991.8800000000,144991.8800000000,144991.8800000000,144991.8800000000,144991.8800000000,135405.6400000000,135405.6400000000,135405.6400000000,144991.8800000000,144991.8800000000,144991.8800000000,144991.8800000000,144991.8800000000,135405.6400000000,135405.6400000000,135405.6400000000,127025.8000000000,127025.8000000000,127025.8000000000,127025.8000000000,127025.8000000000,118627.4000000000,118627.4000000000,118627.4000000000,127025.8000000000,127025.8000000000,127025.8000000000,127025.8000000000,127025.8000000000,118627.4000000000,118627.4000000000,118627.4000000000,127025.8000000000,127025.8000000000,127025.8000000000,127025.8000000000,127025.8000000000,118627.4000000000,118627.4000000000,118627.4000000000,127025.8000000000,127025.8000000000,127025.8000000000,127025.8000000000,127025.8000000000,118627.4000000000,118627.4000000000,118627.4000000000,127025.8000000000,127025.8000000000,127025.8000000000,127025.8000000000,127025.8000000000,118627.4000000000,118627.4000000000,118627.4000000000
6,7,7,3,4,2,3,4,7,2,5,0,1,6,15,14,10,8,3,11,12,10,8,11,13,15,4,14,9,13,9,12,5,0,2,1,5,1,6,0,13,10,9,8,14,15,14,13,11,12,15,14,8,9,15,13,14,15,13,12,11,10,11,12,10,9,8,14,15,8,8,9,13,12,11,10,9,10,11,12,4,8,15,9,10,2,3,4,11,12,13,14,15,5,6,7,14,13,12,11,10,2,3,4,14,13,12,11,10,5,6,4,8,9,15,9,8,4,5,2
4168344.8599999999,3371572.9249999998,2851893.6650000000,2806355.5099999998,2831863.5800000001,3144118.1499999999,6594172.2549999999,5328212.2300000004,7713495.4850000003,7823297.1500000004,8082687.0499999998,7474126.2649999997,7569008.1799999997,7271840.1250000000,6397439.3200000003,6229875.5650000004,6865296.1550000003,6868993.1749999998,6949846.2500000000,7644232.7900000000,7477011.0350000001,6411112.4800000004,6411130.4349999996,6407473.5999999996,6857874.7549999999,6868672.5499999998,6869243.6900000004,6868897.4150000000,6869062.4299999997,6411115.9000000004,6410395.9900000002,6400354.0149999997,3843142.1899999999,3858315.8750000000,3857561.7650000001,3858692.9300000002,3858136.3250000002,3601461.9249999998,3601231.9300000002,3585609.3700000001,144991.8800000000,144991.8800000000,144991.8800000000,144991.8800000000,144991.8800000000,135405.6400000000,135405.6400000000,135405.6400000000,144991.8800000000,144991.8800000000,144991.8800000000,144991.8800000000,144991.8800000000,135405.6400000000,135405.6400000000,135405.6400000000,144991.8800000000,144991.8800000000,144991.8800000000,144991.8800000000,144991.8800000000,135405.6400000000,135405.6400000000,135405.6400000000,144991.8800000000,144991.8800000000,144991.8800000000,144991.8800000000,144991.8800000000,135405.6400000000,135405.6400000000,135405.6400000000,144991.8800000000,144991.8800000000,144991.8800000000,144991.8800000000,144991.8800000000,135405.6400000000,135405.6400000000,135405.6400000000,127025.8000000000,127025.8000000000,127025.8000000000,127025.8000000000,127025.8000000000,118627.4000000000,118627.4000000000,118627.4000000000,127025.8000000000,127025.8000000000,127025.8000000000,127025.8000000000,127025.8000000000,118627.4000000000,118627.4000000000,118627.4000000000,127025.8000000000,127025.8000000000,127025.8000000000,127025.8000000000,127025.8000000000,118627.4000000000,118627.4000000000,118627.4000000000,127025.8000000000,127025.8000000000,127025.8000000000,127025.8000000000,127025.8000000000,118627.4000000000,118627.4000000000,118627.4000000000,127025.8000000000,127025.8000000000,127025.8000000000,127025.8000000000,127025.8000000000,118627.4000000000,118627.4000000000,118627.4000000000
6,7,7,3,4,2,3,4,7,2,5,0,1,6,15,14,10,8,3,11,12,10,8,11,13,15,4,14,9,13,9,12,5,0,2,1,5,1,6,0,13,10,9,8,14,15,14,13,11,12,15,14,8,9,15,13,14,15,13,12,11,10,11,12,10,9,8,14,15,8,8,9,13,12,11,10,9,10,11,12,4,8,15,9,10,2,3,4,11,12,13,14,15,5,6,7,14,13,12,11,10,2,3,4,14,13,12,11,10,5,6,4,8,9,15,9,8,4,5,2
4012928.0899999999,3291844.1749999998,2821382.9900000002,2786767.4600000000,2806948.8799999999,3059080.7050000001,6591243.8799999999,5262378.0850000000,7833118.5350000001,7896552.6950000003,7999088.5700000003,7376408.3150000004,7434980.9450000003,7347168.1900000004,6478713.9100000001,6226905.2949999999,6864958.4299999997,6869001.7249999996,7054749.6200000001,7750521.2599999998,7621659.9349999996,6423826.3300000001,6411150.0999999996,6407111.9349999996,6857277.1100000003,6868654.5949999997,6869173.5800000001,6869006.8550000004,6869055.5899999999,6411119.3200000003,6410382.3099999996,6399849.5650000004,3842630.0449999999,3858444.9800000000,3857614.7749999999,3858639.9199999999,3858220.1150000002,3601407.2050000001,3601255.0150000001,3585069.0099999998,144991.8800000000,144991.8800000000,144991.8800000000,144991.8800000000,144991.8800000000,135405.6400000000,135405.6400000000,135405.6400000000,144991.8800000000,144991.8800000000,144991.8800000000,144991.8800000000,144991.8800000000,135405.6400000000,135405.6400000000,135405.6400000000,144991.8800000000,144991.8800000000,144991.8800000000,144991.8800000000,144991.8800000000,135405.6400000000,135405.6400000000,135405.6400000000,144991.8800000000,144991.8800000000,144991.8800000000,144991.8800000000,144991.8800000000,135405.6400000000,135405.6400000000,135405.6400000000,144991.8800000000,144991.8800000000,144991.8800000000,144991.8800000000,144991.8800000000,135405.6400000000,135405.6400000000,135405.6400000000,127025.8000000000,127025.8000000000,127025.8000000000,127025.8000000000,127025.8000000000,118627.4000000000,118627.4000000000,118627.4000000000,127025.8000000000,127025.8000000000,127025.8000000000,127025.8000000000,127025.8000000000,118627.4000000000,118627.4000000000,118627.4000000000,127025.8000000000,127025.8000000000,127025.8000000000,127025.8000000000,127025.8000000000,118627.4000000000,118627.4000000000,118627.4000000000,127025.8000000000,127025.8000000000,127025.8000000000,127025.8000000000,127025.8000000000,118627.4000000000,118627.4000000000,118627.4000000000,127025.8000000000,127025.8000000000,127025.8000000000,127025.8000000000,127025.8000000000,118627.4000000000,118627.4000000000,118627.4000000000
6,7,7,3,4,2,3,4,7,2,5,0,1,6,15,14,10,8,3,11,12,10,8,11,13,15,4,14,9,13,9,12,5,0,2,1,5,1,6,0,13,10,9,8,14,15,14,13,11,12,15,14,8,9,15,13,14,15,13,12,11,10,11,12,10,9,8,14,15,8,8,9,13,12,11,10,9,10,11,12,4,8,15,9,10,2,3,4,11,12,13,14,15,5,6,7,14,13,12,11,10,2,3,4,14,13,12,11,10,5,6,4,8,9,15,9,8,4,5,2
3894184.8350000000,3262651.0550000002,2823257.1499999999,2782542.9049999998,2792259.1250000000,2997120.5649999999,6618768.0400000000,5240707.2549999999,7960159.5650000004,7908311.5099999998,7908062.7050000001,7304481.4400000004,7330728.2300000004,7391882.1250000000,6473853.2350000003,6220220.9050000003,6864432.6050000004,6869032.5049999999,7136073.7999999998,7817256.5750000002,7726135.8049999997,6454366.9299999997,6411101.3650000002,6406731.4600000000,6856752.9950000001,6868663.1449999996,6869211.2000000002,6868939.3099999996,6869035.0700000003,6411166.3449999997,6410305.3600000003,6399393.8499999996,3842093.9600000000,3858436.4300000002,3857525.0000000000,3858807.5000000000,3858174.7999999998,3601325.9800000000,3601270.4049999998,3584573.9649999999,144991.8800000000,144991.8800000000,144991.8800000000,144991.8800000000,144991.8800000000,135405.6400000000,135405.6400000000,135405.6400000000,144991.8800000000,144991.8800000000,144991.8800000000,144991.8800000000,144991.8800000000,135405.6400000000,135405.6400000000,135405.6400000000,144991.8800000000,144991.8800000000,144991.8800000000,144991.8800000000,144991.8800000000,135405.6400000000,135405.6400000000,135405.6400000000,144991.8800000000,144991.8800000000,144991.8800000000,144991.8800000000,144991.8800000000,135405.6400000000,135405.6400000000,135405.6400000000,144991.8800000000,144991.8800000000,144991.8800000000,144991.8800000000,144991.8800000000,135405.6400000000,135405.6400000000,135405.6400000000,127025.8000000000,127025.8000000000,127025.8000000000,127025.8000000000,127025.8000000000,118627.4000000000,118627.4000000000,118627.4000000000,127025.8000000000,127025.8000000000,127025.8000000000,127025.8000000000,127025.8000000000,118627.4000000000,118627.4000000000,118627.4000000000,127025.8000000000,127025.8000000000,127025.8000000000,127025.8000000000,127025.8000000000,118627.4000000000,118627.4000000000,118627.4000000000,127025.8000000000,127025.8000000000,127025.8000000000,127025.8000000000,127025.8000000000,118627.4000000000,118627.4000000000,118627.4000000000,127025.8000000000,127025.8000000000,127025.8000000000,127025.8000000000,127025.8000000000,118627.4000000000,118627.4000000000,118627.4000000000
6,7,7,3,4,2,3,4,7,2,5,0,1,6,15,14,10,8,3,11,12,10,8,11,13,15,4,14,9,13,9,12,5,0,2,1,5,1,6,0,13,10,9,8,14,15,14,13,11,12,15,14,8,9,15,13,14,15,13,12,11,10,11,12,10,9,8,14,15,8,8,9,13,12,11,10,9,10,11,12,4,8,15,9,10,2,3,4,11,12,13,14,15,5,6,7,14,13,12,11,10,2,3,4,14,13,12,11,10,5,6,4,8,9,15,9,8,4,5,2
3792657.8599999999,3289755.4100000001,2837863.9700000002,2787660.0800000001,2806291.3849999998,2991921.3100000001,6622241.0499999998,5272695.3700000001,8062195.2649999997,7869300.4249999998,7795098.3949999996,6876867.7249999996,6937968.5899999999,7351186.6900000004,6432891.8949999996,6216163.0750000002,6864036.7400000002,6869059.0099999998,7233152.2100000000,8227590.7400000002,8092755.5300000003,6500411.2450000001,6411180.0250000004,6406322.7699999996,6856231.4450000003,6868486.1600000001,6869256.5149999997,6868876.0400000000,6869087.2249999996,6411077.4249999998,6410198.4850000003,6398874.0099999998,3841649.3599999999,3858515.9449999998,3857524.1450000000,3858782.7050000001,3858267.1400000001,3601314.8650000002,3601223.3799999999,3584098.5850000000,144991.8800000000,144991.8800000000,144991.8800000000,144991.8800000000,144991.8800000000,135405.6400000000,135405.6400000000,135405.6400000000,144991.8800000000,144991.8800000000,144991.8800000000,144991.8800000000,144991.8800000000,135405.6400000000,135405.6400000000,135405.6400000000,144991.8800000000,144991.8800000000,144991.8800000000,144991.8800000000,144991.8800000000,135405.6400000000,135405.6400000000,135405.6400000000,144991.8800000000,144991.8800000000,144991.8800000000,144991.8800000000,144991.8800000000,135405.6400000000,135405.6400000000,135405.6400000000,144991.8800000000,144991.8800000000,144991.8800000000,144991.8800000000,144991.8800000000,135405.6400000000,135405.6400000000,135405.6400000000,127025.8000000000,127025.8000000000,127025.8000000000,127025.8000000000,127025.8000000000,118627.4000000000,118627.4000000000,118627.4000000000,127025.8000000000,127025.8000000000,127025.8000000000,127025.8000000000,127025.8000000000,118627.4000000000,118627.4000000000,118627.4000000000,127025.8000000000,127025.8000000000,127025.8000000000,127025.8000000000,127025.8000000000,118627.4000000000,118627.4000000000,118627.4000000000,127025.8000000000,127025.8000000000,127025.8000000000,127025.8000000000,127025.8000000000,118627.4000000000,118627.4000000000,118627.4000000000,127025.8000000000,127025.8000000000,127025.8000000000,127025.8000000000,127025.8000000000,118627.4000000000,118627.4000000000,118627.4000000000
6,7,7,3,4,2,3,4,7,2,5,0,1,6,15,14,10,8,3,11,12,10,8,11,13,15,4,14,9,13,9,12,5,0,2,1,5,1,6,0,13,10,9,8,14,15,14,13,11,12,15,14,8,9,15,13,14,15,13,12,11,10,11,12,10,9,8,14,15,8,8,9,13,12,11,10,9,10,11,12,4,8,15,9,10,2,3,4,11,12,13,14,15,5,6,7,14,13,12,11,10,2,3,4,14,13,12,11,10,5,6,4,8,9,15,9,8,4,5,2
3663736.6850000001,3253061.3750000000,2811282.0200000000,2771857.9700000002,2786722.1450000000,2940915.4300000002,6482530.6299999999,5309181.6399999997,8169016.4000000004,7904531.5549999997,7600601.2850000001,6829123.6699999999,6832139.2549999999,7275311.4249999998,6515843.9950000001,6219025.6150000002,6863816.1500000004,6868994.0300000003,7451671.4000000004,8279892.7999999998,8202239.1349999998,6598295.9199999999,6411079.1349999998,6405982.4800000004,6855678.2599999998,6868639.2050000001,6869135.1050000004,6868876.8949999996,6869029.9400000004,6411150.0999999996,6410227.5549999997,6398377.2549999999,3841116.6949999998,3858463.7900000000,3857582.2850000001,3858800.6600000001,3858216.6949999998,3601312.2999999998,3601280.6650000000,3583614.6549999998,144991.8800000000,144991.8800000000,144991.8800000000,144991.8800000000,144991.8800000000,135405.6400000000,135405.6400000000,135405.6400000000,144991.8800000000,144991.8800000000,144991.8800000000,144991.8800000000,144991.8800000000,135405.6400000000,135405.6400000000,135405.6400000000,144991.8800000000,144991.8800000000,144991.8800000000,144991.8800000000,144991.8800000000,135405.6400000000,135405.6400000000,135405.6400000000,144991.8800000000,144991.8800000000,144991.8800000000,144991.8800000000,144991.8800000000,135405.6400000000,135405.6400000000,135405.6400000000,144991.8800000000,144991.8800000000,144991.8800000000,144991.8800000000,144991.8800000000,135405.6400000000,135405.6400000000,135405.6400000000,127025.8000000000,127025.8000000000,127025.8000000000,127025.8000000000,127025.8000000000,118627.4000000000,118627.4000000000,118627.4000000000,127025.8000000000,127025.8000000000,127025.8000000000,127025.8000000000,127025.8000000000,118627.4000000000,118627.4000000000,118627.4000000000,127025.8000000000,127025.8000000000,127025.8000000000,127025.8000000000,127025.8000000000,118627.4000000000,118627.4000000000,118627.4000000000,127025.8000000000,127025.8000000000,127025.8000000000,127025.8000000000,127025.8000000000,118627.4000000000,118627.4000000000,118627.4000000000,127025.8000000000,127025.8000000000,127025.8000000000,127025.8000000000,127025.8000000000,118627.4000000000,118627.4000000000,118627.4000000000
6,7,7,3,4,2,3,4,7,2,5,0,1,6,15,14,10,8,3,11,12,10,8,11,13,15,4,14,9,13,9,12,5,0,2,1,5,1,6,0,13,10,9,8,14,15,14,13,11,12,15,14,8,9,15,13,14,15,13,12,11,10,11,12,10,9,8,14,15,8,8,9,13,12,11,10,9,10,11,12,4,8,15,9,10,2,3,4,11,12,13,14,15,5,6,7,14,13,12,11,10,2,3,4,14,13,12,11,10,5,6,4,8,9,15,9,8,4,5,2
3529604.2850000001,3242933.0449999999,2801465.7650000001,2771248.3550000000,2788543.2949999999,2970907.9750000001,6465534.9400000004,5305584.6550000003,8267006.2400000002,7910451.5750000002,7417112.2999999998,6798359.0599999996,6791392.5199999996,7136377.3449999997,6538396.3300000001,6226769.3499999996,6863603.2549999999,6871155.4699999997,7639197.6950000003,8302709.3300000001,8230098.4550000001,6700254.6699999999,6411201.4000000004,6405783.2649999997,6855173.8099999996,6868575.9349999996,6869139.3799999999,6868834.1449999996,6869006.8550000004,6411157.7949999999,6410179.6749999998,6397766.7850000001,3840619.9399999999,3858481.7450000001,3857635.2949999999,3858808.3550000000,3858294.5000000000,3601319.1400000001,3601355.9049999998,3583169.2000000002,144991.8800000000,144991.8800000000,144991.8800000000,144991.8800000000,144991.8800000000,135405.6400000000,135405.6400000000,135405.6400000000,144991.8800000000,144991.8800000000,144991.8800000000,144991.8800000000,144991.8800000000,135405.6400000000,135405.6400000000,135405.6400000000,144991.8800000000,144991.8800000000,144991.8800000000,144991.8800000000,144991.8800000000,135405.6400000000,135405.6400000000,135405.6400000000,144991.8800000000,144991.8800000000,144991.8800000000,144991.8800000000,144991.8800000000,135405.6400000000,135405.6400000000,135405.6400000000,144991.8800000000,144991.8800000000,144991.8800000000,144991.8800000000,144991.8800000000,135405.6400000000,135405.6400000000,135405.6400000000,127025.8000000000,127025.8000000000,127025.8000000000,127025.8000000000,127025.8000000000,118627.4000000000,118627.4000000000,118627.4000000000,127025.8000000000,127025.8000000000,127025.8000000000,127025.8000000000,127025.8000000000,118627.4000000000,118627.4000000000,118627.4000000000,127025.8000000000,127025.8000000000,127025.8000000000,127025.8000000000,127025.8000000000,118627.4000000000,118627.4000000000,118627.4000000000,127025.8000000000,127025.8000000000,127025.8000000000,127025.8000000000,127025.8000000000,118627.4000000000,118627.4000000000,118627.4000000000,127025.8000000000,127025.8000000000,127025.8000000000,127025.8000000000,127025.8000000000,118627.4000000000,118627.4000000000,118627.4000000000
6,7,7,3,4,2,3,4,7,2,5,0,1,6,15,14,10,8,3,11,12,10,8,11,13,15,4,14,9,13,9,12,5,0,2,1,5,1,6,0,13,10,9,8,14,15,14,13,11,12,15,14,8,9,15,13,14,15,13,12,11,10,11,12,10,9,8,14,15,8,8,9,13,12,11,10,9,10,11,12,4,8,15,9,10,2,3,4,11,12,13,14,15,5,6,7,14,13,12,11,10,2,3,4,14,13,12,11,10,5,6,4,8,9,15,9,8,4,5,2
3415896.9800000000,3245279.1650000000,2806878.7700000000,2777287.2200000002,2788559.5400000000,2991341.6200000001,6494291.1550000003,5267972.3499999996,8339421.3200000003,7883220.6799999997,7144931.5999999996,6743024.3150000004,6761233.2500000000,7023081.2949999999,6548539.1950000003,6232691.9349999996,6863423.7050000001,6893085.3650000002,7895848.1749999998,8343127.7450000001,8253482.7050000001,6783496.6150000002,6411133.0000000000,6405596.0199999996,6854703.5599999996,6868614.4100000001,6868976.0750000002,6868922.2100000000,6868938.4550000001,6411075.7149999999,6410172.8350000000,6397339.2850000001,3840147.1250000000,3858430.4449999998,3857712.2450000001,3858763.0400000000,3858332.9750000001,3601356.7599999998,3601407.2050000001,3582644.2300000000,144991.8800000000,144991.8800000000,144991.8800000000,144991.8800000000,144991.8800000000,135405.6400000000,135405.6400000000,135405.6400000000,144991.8800000000,144991.8800000000,144991.8800000000,144991.8800000000,144991.8800000000,135405.6400000000,135405.6400000000,135405.6400000000,144991.8800000000,144991.8800000000,144991.8800000000,144991.8800000000,144991.8800000000,135405.6400000000,135405.6400000000,135405.6400000000,144991.8800000000,144991.8800000000,144991.8800000000,144991.8800000000,144991.8800000000,135405.6400000000,135405.6400000000,135405.6400000000,144991.8800000000,144991.8800000000,144991.8800000000,144991.8800000000,144991.8800000000,135405.6400000000,135405.6400000000,135405.6400000000,127025.8000000000,127025.8000000000,127025.8000000000,127025.8000000000,127025.8000000000,118627.4000000000,118627.4000000000,118627.4000000000,127025.8000000000,127025.8000000000,127025.8000000000,127025.8000000000,127025.8000000000,118627.4000000000,118627.4000000000,118627.4000000000,127025.8000000000,127025.8000000000,127025.8000000000,127025.8000000000,127025.8000000000,118627.4000000000,118627.4000000000,118627.4000000000,127025.8000000000,127025.8000000000,127025.8000000000,127025.8000000000,127025.8000000000,118627.4000000000,118627.4000000000,118627.4000000000,127025.8000000000,127025.8000000000,127025.8000000000,127025.8000000000,127025.8000000000,118627.4000000000,118627.4000000000,118627.4000000000
6,7,7,3,4,2,3,4,7,2,5,0,1,6,15,14,10,8,3,11,12,10,8,11,13,15,4,14,9,13,9,12,5,0,2,1,5,1,6,0,13,10,9,8,14,15,14,13,11,12,15,14,8,9,15,13,14,15,13,12,11,10,11,12,10,9,8,14,15,8,8,9,13,12,11,10,9,10,11,12,4,8,15,9,10,2,3,4,11,12,13,14,15,5,6,7,14,13,12,11,10,2,3,4,14,13,12,11,10,5,6,4,8,9,15,9,8,4,5,2
3339295.8199999998,3200336.0899999999,2790674.8100000001,2762100.7100000000,2772441.0800000001,2889965.9800000000,6426899.2000000002,5220734.4550000001,8393034.9499999993,7868434.3099999996,7025805.3049999997,6732377.0000000000,6749079.4249999998,7020026.3799999999,6687080.8300000001,6231146.9500000002,6863183.4500000002,6959718.9349999996,8012985.7400000002,8361601.7300000004,8269556.7050000001,6855490.1799999997,6411145.8250000002,6405408.7750000004,6854306.8399999999,6868540.8799999999,6869162.4649999999,6868760.6150000002,6868979.4950000001,6410975.6799999997,6410125.8099999996,6396910.9299999997,3839641.8199999998,3858439.8500000001,3857708.8250000002,3858836.5699999998,3858242.3450000002,3601514.0800000001,3601405.4950000001,3582185.9500000002,144991.8800000000,144991.8800000000,144991.8800000000,144991.8800000000,144991.8800000000,135405.6400000000,135405.6400000000,135405.6400000000,144991.8800000000,144991.8800000000,144991.8800000000,144991.8800000000,144991.8800000000,135405.6400000000,135405.6400000000,135405.6400000000,144991.8800000000,144991.8800000000,144991.8800000000,144991.8800000000,144991.8800000000,135405.6400000000,135405.6400000000,135405.6400000000,144991.8800000000,144991.8800000000,144991.8800000000,144991.8800000000,144991.8800000000,135405.6400000000,135405.6400000000,135405.6400000000,144991.8800000000,144991.8800000000,144991.8800000000,144991.8800000000,144991.8800000000,135405.6400000000,135405.6400000000,135405.6400000000,127025.8000000000,127025.8000000000,127025.8000000000,127025.8000000000,127025.8000000000,118627.4000000000,118627.4000000000,118627.4000000000,127025.8000000000,127025.8000000000,127025.8000000000,127025.8000000000,127025.8000000000,118627.4000000000,118627.4000000000,118627.4000000000,127025.8000000000,127025.8000000000,127025.8000000000,127025.8000000000,127025.8000000000,118627.4000000000,118627.4000000000,118627.4000000000,127025.8000000000,127025.8000000000,127025.8000000000,127025.8000000000,127025.8000000000,118627.4000000000,118627.4000000000,118627.4000000000,127025.8000000000,127025.8000000000,127025.8000000000,127025.8000000000,127025.8000000000,118627.4000000000,118627.4000000000,118627.4000000000
6,7,7,3,4,2,3,4,7,2,5,0,1,6,15,14,10,8,3,11,12,10,8,11,13,15,4,14,9,13,9,12,5,0,2,1,5,1,6,0,13,10,9,8,14,15,14,13,11,12,15,14,8,9,15,13,14,15,13,12,11,10,11,12,10,9,8,14,15,8,8,9,13,12,11,10,9,10,11,12,4,8,15,9,10,2,3,4,11,12,13,14,15,5,6,7,14,13,12,11,10,2,3,4,14,13,12,11,10,5,6,4,8,9,15,9,8,4,5,2
3295677.9950000001,3208730.4800000000,2796069.8599999999,2764847.8250000002,2773710.7549999999,2861330.3199999998,6471636.2199999997,5182467.2199999997,8431828.0099999998,7787146.8949999996,6970490.2249999996,6699060.2149999999,6709053.4550000001,6978383.6050000004,6664443.8499999996,6226088.7699999996,6863050.9249999998,7033684.1299999999,8049302.7199999997,8384402.8700000001,8296776.4850000003,6921516.7000000002,6411080.8449999997,6405360.0400000000,6853712.6150000002,6868484.4500000002,6869160.7549999999,6868741.8049999997,6869046.1849999996,6411106.4950000001,6410007.8200000003,6396548.4100000001,3839192.0899999999,3858495.4249999998,3857650.6850000001,3858870.7700000000,3858155.1349999998,3601490.1400000001,3601408.0600000001,3581676.3700000001,144991.8800000000,144991.8800000000,144991.8800000000,144991.8800000000,144991.8800000000,135405.6400000000,135405.6400000000,135405.6400000000,144991.8800000000,144991.8800000000,144991.8800000000,144991.8800000000,144991.8800000000,135405.6400000000,135405.6400000000,135405.6400000000,144991.8800000000,144991.8800000000,144991.8800000000,144991.8800000000,144991.8800000000,135405.6400000000,135405.6400000000,135405.6400000000,144991.8800000000,144991.8800000000,144991.8800000000,144991.8800000000,144991.8800000000,135405.6400000000,135405.6400000000,135405.6400000000,144991.8800000000,144991.8800000000,144991.8800000000,144991.8800000000,144991.8800000000,135405.6400000000,135405.6400000000,135405.6400000000,127025.8000000000,127025.8000000000,127025.8000000000,127025.8000000000,127025.8000000000,118627.4000000000,118627.4000000000,118627.4000000000,127025.8000000000,127025.8000000000,127025.8000000000,127025.8000000000,127025.8000000000,118627.4000000000,118627.4000000000,118627.4000000000,127025.8000000000,127025.8000000000,127025.8000000000,127025.8000000000,127025.8000000000,118627.4000000000,118627.4000000000,118627.4000000000,127025.8000000000,127025.8000000000,127025.8000000000,127025.8000000000,127025.8000000000,118627.4000000000,118627.4000000000,118627.4000000000,127025.8000000000,127025.8000000000,127025.8000000000,127025.8000000000,127025.8000000000,118627.4000000000,118627.4000000000,118627.4000000000
6,7,7,3,4,2,3,4,7,2,5,0,1,6,15,14,10,8,3,11,12,10,8,11,13,15,4,14,9,13,9,12,5,0,2,1,5,1,6,0,13,10,9,8,14,15,14,13,11,12,15,14,8,9,15,13,14,15,13,12,11,10,11,12,10,9,8,14,15,8,8,9,13,12,11,10,9,10,11,12,4,8,15,9,10,2,3,4,11,12,13,14,15,5,6,7,14,13,12,11,10,2,3,4,14,13,12,11,10,5,6,4,8,9,15,9,8,4,5,2
3261375.3950000000,3182296.4449999998,2791652.9300000002,2763332.7650000001,2772763.4150000000,2850682.1499999999,6351562.5850000000,5167140.4900000002,8469367.6400000006,7746217.1900000004,6935273.6299999999,6671700.2149999999,6683721.5149999997,6879358.3600000003,6707930.0049999999,6230511.6849999996,6862861.1150000002,7092093.4550000001,8078226.5149999997,8405032.3100000005,8314216.7750000004,7001394.2199999997,6411138.1299999999,6405151.4199999999,6853229.5400000000,6868329.6950000003,6869213.7649999997,6868666.5650000004,6869007.7100000000,6411078.2800000003,6410046.2949999999,6396118.3449999997,3838714.1450000000,3858589.4750000001,3857631.8750000000,3858772.4449999998,3858244.9100000001,3601501.2549999999,3601444.8250000002,3581242.0299999998,144991.8800000000,144991.8800000000,144991.8800000000,144991.8800000000,144991.8800000000,135405.6400000000,135405.6400000000,135405.6400000000,144991.8800000000,144991.8800000000,144991.8800000000,144991.8800000000,144991.8800000000,135405.6400000000,135405.6400000000,135405.6400000000,144991.8800000000,144991.8800000000,144991.8800000000,144991.8800000000,144991.8800000000,135405.6400000000,135405.6400000000,135405.6400000000,144991.8800000000,144991.8800000000,144991.8800000000,144991.8800000000,144991.8800000000,135405.6400000000,135405.6400000000,135405.6400000000,144991.8800000000,144991.8800000000,144991.8800000000,144991.8800000000,144991.8800000000,135405.6400000000,135405.6400000000,135405.6400000000,127025.8000000000,127025.8000000000,127025.8000000000,127025.8000000000,127025.8000000000,118627.4000000000,118627.4000000000,118627.4000000000,127025.8000000000,127025.8000000000,127025.8000000000,127025.8000000000,127025.8000000000,118627.4000000000,118627.4000000000,118627.4000000000,127025.8000000000,127025.8000000000,127025.8000000000,127025.8000000000,127025.8000000000,118627.4000000000,118627.4000000000,118627.4000000000,127025.8000000000,127025.8000000000,127025.8000000000,127025.8000000000,127025.8000000000,118627.4000000000,118627.4000000000,118627.4000000000,127025.8000000000,127025.8000000000,127025.8000000000,127025.8000000000,127025.8000000000,118627.4000000000,118627.4000000000,118627.4000000000
6,7,7,3,4,2,3,4,7,2,5,0,1,6,15,14,10,8,3,11,12,10,8,11,13,15,4,14,9,13,9,12,5,0,2,1,5,1,6,0,13,10,9,8,14,15,14,13,11,12,15,14,8,9,15,13,14,15,13,12,11,10,11,12,10,9,8,14,15,8,8,9,13,12,11,10,9,10,11,12,4,8,15,9,10,2,3,4,11,12,13,14,15,5,6,7,14,13,12,11,10,2,3,4,14,13,12,11,10,5,6,4,8,9,15,9,8,4,5,2
3220248.1850000001,3077828.2700000000,2773299.5000000000,2754088.5049999999,2762434.1600000001,2828094.7599999998,6246905.4550000001,5156212.7350000003,8510141.7349999994,7786357.7300000004,6914162.8250000002,6660549.3049999997,6673772.7350000003,6797033.8300000001,6789969.8200000003,6241769.4699999997,6862683.2750000004,7141305.5449999999,8103490.9100000001,8417351.1500000004,8325585.7100000000,7064745.4450000003,6413096.0800000001,6404952.2050000001,6852755.0149999997,6868336.5350000001,6869269.3399999999,6868711.8799999999,6868964.9600000000,6411058.6150000002,6409908.6399999997,6395732.7400000002,3838226.7949999999,3858599.7349999999,3857710.5350000001,3858756.2000000002,3858297.0649999999,3601488.4300000002,3601460.2149999999,3580757.2450000001,144991.8800000000,144991.8800000000,144991.8800000000,144991.8800000000,144991.8800000000,135405.6400000000,135405.6400000000,135405.6400000000,144991.8800000000,144991.8800000000,144991.8800000000,144991.8800000000,144991.8800000000,135405.6400000000,135405.6400000000,135405.6400000000,144991.8800000000,144991.8800000000,144991.8800000000,144991.8800000000,144991.8800000000,135405.6400000000,135405.6400000000,135405.6400000000,144991.8800000000,144991.8800000000,144991.8800000000,144991.8800000000,144991.8800000000,135405.6400000000,135405.6400000000,135405.6400000000,144991.8800000000,144991.8800000000,144991.8800000000,144991.8800000000,144991.8800000000,135405.6400000000,135405.6400000000,135405.6400000000,127025.8000000000,127025.8000000000,127025.8000000000,127025.8000000000,127025.8000000000,118627.4000000000,118627.4000000000,118627.4000000000,127025.8000000000,127025.8000000000,127025.8000000000,127025.8000000000,127025.8000000000,118627.4000000000,118627.4000000000,118627.4000000000,127025.8000000000,127025.8000000000,127025.8000000000,127025.8000000000,127025.8000000000,118627.4000000000,118627.4000000000,118627.4000000000,127025.8000000000,127025.8000000000,127025.8000000000,127025.8000000000,127025.8000000000,118627.4000000000,118627.4000000000,118627.4000000000,127025.8000000000,127025.8000000000,127025.8000000000,127025.8000000000,127025.8000000000,118627.4000000000,118627.4000000000,118627.4000000000
6,7,7,3,4,2,3,4,7,2,5,0,1,6,15,14,10,8,3,11,12,10,8,11,13,15,4,14,9,13,9,12,5,0,2,1,5,1,6,0,13,10,9,8,14,15,14,13,11,12,15,14,8,9,15,13,14,15,13,12,11,10,11,12,10,9,8,14,15,8,8,9,13,12,11,10,9,10,11,12,4,8,15,9,10,2,3,4,11,12,13,14,15,5,6,7,14,13,12,11,10,2,3,4,14,13,12,11,10,5,6,4,8,9,15,9,8,4,5,2
3169905.7850000001,3063842.1800000002,2773909.9700000002,2756594.5099999998,2764776.8599999999,2846886.8050000002,6258977.2000000002,5144922.4600000000,8545170.2300000004,7737973.2800000003,6864931.0700000003,6630045.4699999997,6653119.3550000004,6706293.5350000001,6780572.5149999997,6249420.8650000002,6862499.4500000002,7186927.4900000002,8143164.6200000001,8437634.3149999995,8335606.3099999996,7124334.6699999999,6415201.0899999999,6404841.9100000001,6852275.3600000003,6868363.0400000000,6869188.9699999997,6868683.6650000000,6868929.9050000003,6411192.8499999996,6409855.6299999999,6395298.4000000004,3837711.2300000000,3858681.8149999999,3857653.2500000000,3858727.1299999999,3858309.0350000001,3601475.6050000000,3601471.3300000001,3580216.0299999998,144991.8800000000,144991.8800000000,144991.8800000000,144991.8800000000,144991.8800000000,135405.6400000000,135405.6400000000,135405.6400000000,144991.8800000000,144991.8800000000,144991.8800000000,144991.8800000000,144991.8800000000,135405.6400000000,135405.6400000000,135405.6400000000,144991.8800000000,144991.8800000000,144991.8800000000,144991.8800000000,144991.8800000000,135405.6400000000,135405.6400000000,135405.6400000000,144991.8800000000,144991.8800000000,144991.8800000000,144991.8800000000,144991.8800000000,135405.6400000000,135405.6400000000,135405.6400000000,144991.8800000000,144991.8800000000,144991.8800000000,144991.8800000000,144991.8800000000,135405.6400000000,135405.6400000000,135405.6400000000,127025.8000000000,127025.8000000000,127025.8000000000,127025.8000000000,127025.8000000000,118627.4000000000,118627.4000000000,118627.4000000000,127025.8000000000,127025.8000000000,127025.8000000000,127025.8000000000,127025.8000000000,118627.4000000000,118627.4000000000,118627.4000000000,127025.8000000000,127025.8000000000,127025.8000000000,127025.8000000000,127025.8000000000,118627.4000000000,118627.4000000000,118627.4000000000,127025.8000000000,127025.8000000000,127025.8000000000,127025.8000000000,127025.8000000000,118627.4000000000,118627.4000000000,118627.4000000000,127025.8000000000,127025.8000000000,127025.8000000000,127025.8000000000,127025.8000000000,118627.4000000000,118627.4000000000,118627.4000000000
6,7,7,3,4,2,3,4,7,2,5,0,1,6,15,14,10,8,3,11,12,10,8,11,13,15,4,14,9,13,9,12,5,0,2,1,5,1,6,0,13,10,9,8,14,15,14,13,11,12,15,14,8,9,15,13,14,15,13,12,11,10,11,12,10,9,8,14,15,8,8,9,13,12,11,10,9,10,11,12,4,8,15,9,10,2,3,4,11,12,13,14,15,5,6,7,14,13,12,11,10,2,3,4,14,13,12,11,10,5,6,4,8,9,15,9,8,4,5,2
3123940.9849999999,3027931.3250000002,2769424.6400000001,2753689.2200000002,2759784.5150000001,2808709.3450000002,6124126.5999999996,5165109.8650000002,8579904.6050000004,7716660.6950000003,6821922.8600000003,6617509.4600000000,6643168.8650000002,6678647.9649999999,6856786.3600000003,6251541.2649999997,6862248.0800000001,7236159.2450000001,8176184.7199999997,8445242.1050000004,8341839.2599999998,7171050.1600000001,6417352.2699999996,6404605.9299999997,6851872.6550000003,6868165.5350000001,6869245.4000000004,6868653.7400000002,6868977.7850000001,6411097.0899999999,6409741.0599999996,6394874.3200000003,3837123.8450000002,3858764.7500000000,3857695.1450000000,3858713.4500000002,3858341.5249999999,3601513.2250000001,3601513.2250000001,3579797.9350000001,144991.8800000000,144991.8800000000,144991.8800000000,144991.8800000000,144991.8800000000,135405.6400000000,135405.6400000000,135405.6400000000,144991.8800000000,144991.8800000000,144991.8800000000,144991.8800000000,144991.8800000000,135405.6400000000,135405.6400000000,135405.6400000000,144991.8800000000,144991.8800000000,144991.8800000000,144991.8800000000,144991.8800000000,135405.6400000000,135405.6400000000,135405.6400000000,144991.8800000000,144991.8800000000,144991.8800000000,144991.8800000000,144991.8800000000,135405.6400000000,135405.6400000000,135405.6400000000,144991.8800000000,144991.8800000000,144991.8800000000,144991.8800000000,144991.8800000000,135405.6400000000,135405.6400000000,135405.6400000000,127025.8000000000,127025.8000000000,127025.8000000000,127025.8000000000,127025.8000000000,118627.4000000000,118627.4000000000,118627.4000000000,127025.8000000000,127025.8000000000,127025.8000000000,127025.8000000000,127025.8000000000,118627.4000000000,118627.4000000000,118627.4000000000,127025.8000000000,127025.8000000000,127025.8000000000,127025.8000000000,127025.8000000000,118627.4000000000,118627.4000000000,118627.4000000000,127025.8000000000,127025.8000000000,127025.8000000000,127025.8000000000,127025.8000000000,118627.4000000000,118627.4000000000,118627.4000000000,127025.8000000000,127025.8000000000,127025.8000000000,127025.8000000000,127025.8000000000,118627.4000000000,118627.4000000000,118627.4000000000
6,7,7,3,4,2,3,4,7,2,5,0,1,6,15,14,10,8,3,11,12,10,8,11,13,15,4,14,9,13,9,12,5,0,2,1,5,1,6,0,13,10,9,8,14,15,14,13,11,12,15,14,8,9,15,13,14,15,13,12,11,10,11,12,10,9,8,14,15,8,8,9,13,12,11,10,9,10,11,12,4,8,15,9,10,2,3,4,11,12,13,14,15,5,6,7,14,13,12,11,10,2,3,4,14,13,12,11,10,5,6,4,8,9,15,9,8,4,5,2
3106762.3250000002,2996789.6600000001,2766625.3700000001,2747668.3100000001,2749534.7749999999,2752228.8999999999,5904966.1600000001,5224416.9400000004,8621291.7349999994,7671426.9199999999,6791785.8200000003,6607486.2949999999,6628481.6749999998,6677959.6900000004,6935265.9550000001,6249579.0400000000,6861841.9550000001,7288754.5700000003,8197124.5250000004,8452595.1050000004,8356793.2100000000,7217731.4500000002,6420191.7249999996,6404467.4199999999,6851319.4699999997,6868160.4050000003,6869332.6100000003,6868492.1449999996,6869036.7800000003,6411052.6299999999,6409702.5850000000,6394405.7800000003,3836641.6250000000,3858783.5600000001,3857642.1349999998,3858733.1150000002,3858300.4849999999,3601549.1349999998,3601550.8450000002,3579335.3799999999,144991.8800000000,144991.8800000000,144991.8800000000,144991.8800000000,144991.8800000000,135405.6400000000,135405.6400000000,135405.6400000000,144991.8800000000,144991.8800000000,144991.8800000000,144991.8800000000,144991.8800000000,135405.6400000000,135405.6400000000,135405.6400000000,144991.8800000000,144991.8800000000,144991.8800000000,144991.8800000000,144991.8800000000,135405.6400000000,135405.6400000000,135405.6400000000,144991.8800000000,144991.8800000000,144991.8800000000,144991.8800000000,144991.8800000000,135405.6400000000,135405.6400000000,135405.6400000000,144991.8800000000,144991.8800000000,144991.8800000000,144991.8800000000,144991.8800000000,135405.6400000000,135405.6400000000,135405.6400000000,127025.8000000000,127025.8000000000,127025.8000000000,127025.8000000000,127025.8000000000,118627.4000000000,118627.4000000000,118627.4000000000,127025.8000000000,127025.8000000000,127025.8000000000,127025.8000000000,127025.8000000000,118627.4000000000,118627.4000000000,118627.4000000000,127025.8000000000,127025.8000000000,127025.8000000000,127025.8000000000,127025.8000000000,118627.4000000000,118627.4000000000,118627.4000000000,127025.8000000000,127025.8000000000,127025.8000000000,127025.8000000000,127025.8000000000,118627.4000000000,118627.4000000000,118627.4000000000,127025.8000000000,127025.8000000000,127025.8000000000,127025.8000000000,127025.8000000000,118627.4000000000,118627.4000000000,118627.4000000000
6,7,7,3,4,2,3,4,7,2,5,0,1,6,15,14,10,8,3,11,12,10,8,11,13,15,4,14,9,13,9,12,5,0,2,1,5,1,6,0,13,10,9,8,14,15,14,13,11,12,15,14,8,9,15,13,14,15,13,12,11,10,11,12,10,9,8,14,15,8,8,9,13,12,11,10,9,10,11,12,4,8,15,9,10,2,3,4,11,12,13,14,15,5,6,7,14,13,12,11,10,2,3,4,14,13,12,11,10,5,6,4,8,9,15,9,8,4,5,2
3100593.5000000000,3001215.9950000001,2768662.8350000000,2749620.2749999999,2751164.4049999998,2757230.6499999999,5553498.7450000001,5377558.5549999997,8648010.4849999994,7596013.3550000004,6765799.8049999997,6586828.6399999997,6607649.5999999996,6600118.7800000003,6930557.4699999997,6247497.9699999997,6861600.8449999997,7340783.0300000003,8212713.7400000002,8340399.4400000004,8298703.6550000003,7276979.5300000003,6427173.6550000003,6404136.5350000001,6850656.8449999997,6868133.0449999999,6869308.6699999999,6991035.8750000000,6937430.7949999999,6411070.5850000000,6409779.5350000001,6393922.7050000001,3836251.7450000001,3858824.6000000001,3857746.4449999998,3858649.3250000002,3858399.6650000000,3601540.5850000000,3601526.9049999998,3578780.4849999999,144991.8800000000,144991.8800000000,144991.8800000000,144991.8800000000,144991.8800000000,135405.6400000000,135405.6400000000,135405.6400000000,144991.8800000000,144991.8800000000,144991.8800000000,144991.8800000000,144991.8800000000,135405.6400000000,135405.6400000000,135405.6400000000,144991.8800000000,144991.8800000000,144991.8800000000,144991.8800000000,144991.8800000000,135405.6400000000,135405.6400000000,135405.6400000000,144991.8800000000,144991.8800000000,144991.8800000000,144991.8800000000,144991.8800000000,135405.6400000000,135405.6400000000,135405.6400000000,144991.8800000000,144991.8800000000,144991.8800000000,144991.8800000000,144991.8800000000,135405.6400000000,135405.6400000000,135405.6400000000,127025.8000000000,127025.8000000000,127025.8000000000,127025.8000000000,127025.8000000000,118627.4000000000,118627.4000000000,118627.4000000000,127025.8000000000,127025.8000000000,127025.8000000000,127025.8000000000,127025.8000000000,118627.4000000000,118627.4000000000,118627.4000000000,127025.8000000000,127025.8000000000,127025.8000000000,127025.8000000000,127025.8000000000,118627.4000000000,118627.4000000000,118627.4000000000,127025.8000000000,127025.8000000000,127025.8000000000,127025.8000000000,127025.8000000000,118627.4000000000,118627.4000000000,118627.4000000000,127025.8000000000,127025.8000000000,127025.8000000000,127025.8000000000,127025.8000000000,118627.4000000000,118627.4000000000,118627.4000000000
6,7,7,3,4,2,3,4,7,2,5,0,1,6,15,14,10,8,3,11,12,10,8,11,13,15,4,14,9,13,9,12,5,0,2,1,5,1,6,0,13,10,9,8,14,15,14,13,11,12,15,14,8,9,15,13,14,15,13,12,11,10,11,12,10,9,8,14,15,8,8,9,13,12,11,10,9,10,11,12,4,8,15,9,10,2,3,4,11,12,13,14,15,5,6,7,14,13,12,11,10,2,3,4,14,13,12,11,10,5,6,4,8,9,15,9,8,4,5,2
3070624.8950000000,2945959.9100000001,2757244.3100000001,2744871.6050000000,2746608.1099999999,2744616.8350000000,5023933.1200000001,5537323.8550000004,8668365.4700000007,7593968.1950000003,6752729.4199999999,6579331.1449999996,6596808.2000000002,6547530.2949999999,7000882.9299999997,6249782.5300000003,6861250.2949999999,7398746.0449999999,8227380.4100000001,8157054.0949999997,8159223.2300000004,7318641.1150000002,6446577.8799999999,6403634.6500000004,6850042.0999999996,6868056.9500000002,6869149.6399999997,7178430.5000000000,7081495.7300000004,6410991.9249999998,6409673.5149999997,6393453.3099999996,3835731.0499999998,3858877.6099999999,3857876.4049999998,3858615.1250000000,3858437.2850000001,3601616.6800000002,3601544.8599999999,3578285.4399999999,144991.8800000000,144991.8800000000,144991.8800000000,144991.8800000000,144991.8800000000,135405.6400000000,135405.6400000000,135405.6400000000,144991.8800000000,144991.8800000000,144991.8800000000,144991.8800000000,144991.8800000000,135405.6400000000,135405.6400000000,135405.6400000000,144991.8800000000,144991.8800000000,144991.8800000000,144991.8800000000,144991.8800000000,135405.6400000000,135405.6400000000,135405.6400000000,144991.8800000000,144991.8800000000,144991.8800000000,144991.8800000000,144991.8800000000,135405.6400000000,135405.6400000000,135405.6400000000,144991.8800000000,144991.8800000000,144991.8800000000,144991.8800000000,144991.8800000000,135405.6400000000,135405.6400000000,135405.6400000000,127025.8000000000,127025.8000000000,127025.8000000000,127025.8000000000,127025.8000000000,118627.4000000000,118627.4000000000,118627.4000000000,127025.8000000000,127025.8000000000,127025.8000000000,127025.8000000000,127025.8000000000,118627.4000000000,118627.4000000000,118627.4000000000,127025.8000000000,127025.8000000000,127025.8000000000,127025.8000000000,127025.8000000000,118627.4000000000,118627.4000000000,118627.4000000000,127025.8000000000,127025.8000000000,127025.8000000000,127025.8000000000,127025.8000000000,118627.4000000000,118627.4000000000,118627.4000000000,127025.8000000000,127025.8000000000,127025.8000000000,127025.8000000000,127025.8000000000,118627.4000000000,118627.4000000000,118627.4000000000
6,7,7,3,4,2,3,4,7,2,5,0,1,6,15,14,10,8,3,11,12,10,8,11,13,15,4,14,9,13,9,12,5,0,2,1,5,1,6,0,13,10,9,8,14,15,14,13,11,12,15,14,8,9,15,13,14,15,13,12,11,10,11,12,10,9,8,14,15,8,8,9,13,12,11,10,9,10,11,12,4,8,15,9,10,2,3,4,11,12,13,14,15,5,6,7,14,13,12,11,10,2,3,4,14,13,12,11,10,5,6,4,8,9,15,9,8,4,5,2
3030421.9399999999,2919195.8450000002,2747837.6000000001,2742473.3300000001,2744655.2900000000,2763314.8300000001,4818757.0599999996,5610811.1050000004,8680239.7100000009,7564497.2000000002,6729128.8550000004,6565249.2949999999,6585657.2900000000,6507626.5899999999,7009445.7549999999,6254164.4050000003,6860634.6950000003,7459737.4699999997,8242894.3849999998,8016784.5049999999,8046216.1699999999,7340690.7100000000,6470322.9400000004,6403191.7599999998,6849373.4900000002,6868134.7549999999,6875481.7699999996,7327059.4249999998,7198214.3449999997,6410992.7800000003,6409579.4649999999,6392861.6500000004,3835210.3550000000,3858821.1800000002,3857978.1499999999,3858662.1499999999,3858372.3050000002,3601681.6600000001,3601612.4049999998,3577800.6549999998,144991.8800000000,144991.8800000000,144991.8800000000,144991.8800000000,144991.8800000000,135405.6400000000,135405.6400000000,135405.6400000000,144991.8800000000,144991.8800000000,144991.8800000000,144991.8800000000,144991.8800000000,135405.6400000000,135405.6400000000,135405.6400000000,144991.8800000000,144991.8800000000,144991.8800000000,144991.8800000000,144991.8800000000,135405.6400000000,135405.6400000000,135405.6400000000,144991.8800000000,144991.8800000000,144991.8800000000,144991.8800000000,144991.8800000000,135405.6400000000,135405.6400000000,135405.6400000000,144991.8800000000,144991.8800000000,144991.8800000000,144991.8800000000,144991.8800000000,135405.6400000000,135405.6400000000,135405.6400000000,127025.8000000000,127025.8000000000,127025.8000000000,127025.8000000000,127025.8000000000,118627.4000000000,118627.4000000000,118627.4000000000,127025.8000000000,127025.8000000000,127025.8000000000,127025.8000000000,127025.8000000000,118627.4000000000,118627.4000000000,118627.4000000000,127025.8000000000,127025.8000000000,127025.8000000000,127025.8000000000,127025.8000000000,118627.4000000000,118627.4000000000,118627.4000000000,127025.8000000000,127025.8000000000,127025.8000000000,127025.8000000000,127025.8000000000,118627.4000000000,118627.4000000000,118627.4000000000,127025.8000000000,127025.8000000000,127025.8000000000,127025.8000000000,127025.8000000000,118627.4000000000,118627.4000000000,118627.4000000000
6,7,7,3,4,2,3,4,7,2,5,0,1,6,15,14,10,8,3,11,12,10,8,11,13,15,4,14,9,13,9,12,5,0,2,1,5,1,6,0,13,10,9,8,14,15,14,13,11,12,15,14,8,9,15,13,14,15,13,12,11,10,11,12,10,9,8,14,15,8,8,9,13,12,11,10,9,10,11,12,4,8,15,9,10,2,3,4,11,12,13,14,15,5,6,7,14,13,12,11,10,2,3,4,14,13,12,11,10,5,6,4,8,9,15,9,8,4,5,2
2999625.6949999998,2928374.2700000000,2750059.7450000001,2743546.3550000000,2745360.6650000000,2772233.3350000000,4801562.1550000003,5524474.0599999996,8692267.8499999996,7469840.1500000004,6697544.2999999998,6550764.7400000002,6574374.7100000000,6490282.0599999996,6977826.1449999996,6258488.9950000001,6860357.6749999998,7541217.2599999998,8226644.2549999999,7848695.7800000003,7918320.9950000001,7356515.9050000003,6494633.1550000003,6402670.2100000000,6848633.0599999996,6867959.4800000004,6910069.0850000000,7500024.2149999999,7329748.4000000004,6410891.0350000001,6409497.3849999998,6392228.9500000002,3834792.2599999998,3858893.0000000000,3858096.1400000001,3858537.3199999998,3858481.7450000001,3601714.1499999999,3601581.6250000000,3577387.6899999999,144991.8800000000,144991.8800000000,144991.8800000000,144991.8800000000,144991.8800000000,135405.6400000000,135405.6400000000,135405.6400000000,144991.8800000000,144991.8800000000,144991.8800000000,144991.8800000000,144991.8800000000,135405.6400000000,135405.6400000000,135405.6400000000,144991.8800000000,144991.8800000000,144991.8800000000,144991.8800000000,144991.8800000000,135405.6400000000,135405.6400000000,135405.6400000000,144991.8800000000,144991.8800000000,144991.8800000000,144991.8800000000,144991.8800000000,135405.6400000000,135405.6400000000,135405.6400000000,144991.8800000000,144991.8800000000,144991.8800000000,144991.8800000000,144991.8800000000,135405.6400000000,135405.6400000000,135405.6400000000,127025.8000000000,127025.8000000000,127025.8000000000,127025.8000000000,127025.8000000000,118627.4000000000,118627.4000000000,118627.4000000000,127025.8000000000,127025.8000000000,127025.8000000000,127025.8000000000,127025.8000000000,118627.4000000000,118627.4000000000,118627.4000000000,127025.8000000000,127025.8000000000,127025.8000000000,127025.8000000000,127025.8000000000,118627.4000000000,118627.4000000000,118627.4000000000,127025.8000000000,127025.8000000000,127025.8000000000,127025.8000000000,127025.8000000000,118627.4000000000,118627.4000000000,118627.4000000000,127025.8000000000,127025.8000000000,127025.8000000000,127025.8000000000,127025.8000000000,118627.4000000000,118627.4000000000,118627.4000000000
6,7,7,3,4,2,3,4,7,2,5,0,1,6,15,14,10,8,3,11,12,10,8,11,13,15,4,14,9,13,9,12,5,0,2,1,5,1,6,0,13,10,9,8,14,15,14,13,11,12,15,14,8,9,15,13,14,15,13,12,11,10,11,12,10,9,8,14,15,8,8,9,13,12,11,10,9,10,11,12,4,8,15,9,10,2,3,4,11,12,13,14,15,5,6,7,14,13,12,11,10,2,3,4,14,13,12,11,10,5,6,4,8,9,15,9,8,4,5,2
2973773.9150000000,2905033.6250000000,2746667.9600000000,2738845.5649999999,2738831.8849999998,2726352.3250000002,4707620.7400000002,5388075.9100000001,8710849.5649999995,7407773.9900000002,6680634.9649999999,6543906.7850000001,6569701.2800000003,6499026.1449999996,7019627.0949999997,6258500.9649999999,6865086.6799999997,7621171.7300000004,8165693.8700000001,7501410.1699999999,7637733.0800000001,7369556.3650000002,6517850.6799999997,6402147.8049999997,6847790.0300000003,6867990.2599999998,6980560.4150000000,7850358.7549999999,7613838.3949999996,6412960.1349999998,6409448.6500000004,6391561.1950000003,3834369.8900000001,3858857.0899999999,3858173.0899999999,3858365.4649999999,3858601.4449999998,3601666.2700000000,3601590.1749999998,3576878.1099999999,144991.8800000000,144991.8800000000,144991.8800000000,144991.8800000000,144991.8800000000,135405.6400000000,135405.6400000000,135405.6400000000,144991.8800000000,144991.8800000000,144991.8800000000,144991.8800000000,144991.8800000000,135405.6400000000,135405.6400000000,135405.6400000000,144991.8800000000,144991.8800000000,144991.8800000000,144991.8800000000,144991.8800000000,135405.6400000000,135405.6400000000,135405.6400000000,144991.8800000000,144991.8800000000,144991.8800000000,144991.8800000000,144991.8800000000,135405.6400000000,135405.6400000000,135405.6400000000,144991.8800000000,144991.8800000000,144991.8800000000,144991.8800000000,144991.8800000000,135405.6400000000,135405.6400000000,135405.6400000000,127025.8000000000,127025.8000000000,127025.8000000000,127025.8000000000,127025.8000000000,118627.4000000000,118627.4000000000,118627.4000000000,127025.8000000000,127025.8000000000,127025.8000000000,127025.8000000000,127025.8000000000,118627.4000000000,118627.4000000000,118627.4000000000,127025.8000000000,127025.8000000000,127025.8000000000,127025.8000000000,127025.8000000000,118627.4000000000,118627.4000000000,118627.4000000000,127025.8000000000,127025.8000000000,127025.8000000000,127025.8000000000,127025.8000000000,118627.4000000000,118627.4000000000,118627.4000000000,127025.8000000000,127025.8000000000,127025.8000000000,127025.8000000000,127025.8000000000,118627.4000000000,118627.4000000000,118627.4000000000
6,7,7,3,4,2,3,4,7,2,5,0,1,6,15,14,10,8,3,11,12,10,8,11,13,15,4,14,9,13,9,12,5,0,2,1,5,1,6,0,13,10,9,8,14,15,14,13,11,12,15,14,8,9,15,13,14,15,13,12,11,10,11,12,10,9,8,14,15,8,8,9,13,12,11,10,9,10,11,12,4,8,15,9,10,2,3,4,11,12,13,14,15,5,6,7,14,13,12,11,10,2,3,4,14,13,12,11,10,5,6,4,8,9,15,9,8,4,5,2
2958623.3149999999,2915344.0699999998,2747685.4100000001,2738972.9600000000,2735822.2850000001,2693120.1850000001,4563171.9100000001,5259194.9199999999,8720853.9199999999,7327396.2949999999,6665545.0700000003,6529404.2750000004,6557325.1550000003,6491532.9249999998,7034126.1849999996,6257050.8849999998,6877357.6399999997,7691170.5800000001,8034659.1349999998,7353483.2000000002,7425494.7199999997,7381405.8099999996,6552846.6849999996,6401681.8300000001,6847094.0599999996,6868066.3550000004,7115018.5700000003,8006322.7249999996,7833638.3750000000,6431511.0700000003,6409346.9050000003,6390857.5300000003,3833880.8300000001,3858798.0950000002,3858226.1000000001,3858390.2599999998,3858685.2349999999,3601582.4800000000,3601591.0299999998,3576511.3149999999,144991.8800000000,144991.8800000000,144991.8800000000,144991.8800000000,144991.8800000000,135405.6400000000,135405.6400000000,135405.6400000000,144991.8800000000,144991.8800000000,144991.8800000000,144991.8800000000,144991.8800000000,135405.6400000000,135405.6400000000,135405.6400000000,144991.8800000000,144991.8800000000,144991.8800000000,144991.8800000000,144991.8800000000,135405.6400000000,135405.6400000000,135405.6400000000,144991.8800000000,144991.8800000000,144991.8800000000,144991.8800000000,144991.8800000000,135405.6400000000,135405.6400000000,135405.6400000000,144991.8800000000,144991.8800000000,144991.8800000000,144991.8800000000,144991.8800000000,135405.6400000000,135405.6400000000,135405.6400000000,127025.8000000000,127025.8000000000,127025.8000000000,127025.8000000000,127025.8000000000,118627.4000000000,118627.4000000000,118627.4000000000,127025.8000000000,127025.8000000000,127025.8000000000,127025.8000000000,127025.8000000000,118627.4000000000,118627.4000000000,118627.4000000000,127025.8000000000,127025.8000000000,127025.8000000000,127025.8000000000,127025.8000000000,118627.4000000000,118627.4000000000,118627.4000000000,127025.8000000000,127025.8000000000,127025.8000000000,127025.8000000000,127025.8000000000,118627.4000000000,118627.4000000000,118627.4000000000,127025.8000000000,127025.8000000000,127025.8000000000,127025.8000000000,127025.8000000000,118627.4000000000,118627.4000000000,118627.4000000000
6,7,7,3,4,2,3,4,7,2,5,0,1,6,15,14,10,8,3,11,12,10,8,11,13,15,4,14,9,13,9,12,5,0,2,1,5,1,6,0,13,10,9,8,14,15,14,13,11,12,15,14,8,9,15,13,14,15,13,12,11,10,11,12,10,9,8,14,15,8,8,9,13,12,11,10,9,10,11,12,4,8,15,9,10,2,3,4,11,12,13,14,15,5,6,7,14,13,12,11,10,2,3,4,14,13,12,11,10,5,6,4,8,9,15,9,8,4,5,2
2959875.8900000001,2913878.6000000001,2747179.2500000000,2738347.9550000001,2736164.2850000001,2706935.2749999999,4435641.8200000003,4894067.1699999999,8716671.2599999998,7264052.7649999997,6656372.6299999999,6517692.4850000003,6544669.4450000003,6446317.1050000004,7002297.9550000001,6258172.6449999996,6895136.5099999998,7755336.6200000001,7868402.6749999998,7311453.9649999999,7335214.4150000000,7328860.0750000002,6619841.9199999999,6401130.3550000004,6846364.7450000001,6867909.8899999997,7281091.2050000001,8053879.5350000001,7927430.1650000000,6503831.2450000001,6409399.0599999996,6390185.5000000000,3833445.6349999998,3858839.1349999998,3858235.5049999999,3858462.9350000001,3858553.5649999999,3601650.0249999999,3601550.8450000002,3576022.2549999999,144991.8800000000,144991.8800000000,144991.8800000000,144991.8800000000,144991.8800000000,135405.6400000000,135405.6400000000,135405.6400000000,144991.8800000000,144991.8800000000,144991.8800000000,144991.8800000000,144991.8800000000,135405.6400000000,135405.6400000000,135405.6400000000,144991.8800000000,144991.8800000000,144991.8800000000,144991.8800000000,144991.8800000000,135405.6400000000,135405.6400000000,135405.6400000000,144991.8800000000,144991.8800000000,144991.8800000000,144991.8800000000,144991.8800000000,135405.6400000000,135405.6400000000,135405.6400000000,144991.8800000000,144991.8800000000,144991.8800000000,144991.8800000000,144991.8800000000,135405.6400000000,135405.6400000000,135405.6400000000,127025.8000000000,127025.8000000000,127025.8000000000,127025.8000000000,127025.8000000000,118627.4000000000,118627.4000000000,118627.4000000000,127025.8000000000,127025.8000000000,127025.8000000000,127025.8000000000,127025.8000000000,118627.4000000000,118627.4000000000,118627.4000000000,127025.8000000000,127025.8000000000,127025.8000000000,127025.8000000000,127025.8000000000,118627.4000000000,118627.4000000000,118627.4000000000,127025.8000000000,127025.8000000000,127025.8000000000,127025.8000000000,127025.8000000000,118627.4000000000,118627.4000000000,118627.4000000000,127025.8000000000,127025.8000000000,127025.8000000000,127025.8000000000,127025.8000000000,118627.4000000000,118627.4000000000,118627.4000000000
6,7,7,3,4,2,3,4,7,2,5,0,1,6,15,14,10,8,3,11,12,10,8,11,13,15,4,14,9,13,9,12,5,0,2,1,5,1,6,0,13,10,9,8,14,15,14,13,11,12,15,14,8,9,15,13,14,15,13,12,11,10,11,12,10,9,8,14,15,8,8,9,13,12,11,10,9,10,11,12,4,8,15,9,10,2,3,4,11,12,13,14,15,5,6,7,14,13,12,11,10,2,3,4,14,13,12,11,10,5,6,4,8,9,15,9,8,4,5,2
2951472.9500000002,2875364.2700000000,2738881.4750000001,2732553.6200000001,2732942.6450000000,2696683.8250000002,4314080.4850000003,4705260.0850000000,8701406.9450000003,7248008.6900000004,6649440.2900000000,6513331.1299999999,6537000.9500000002,6430399.5700000003,7034421.1600000001,6266760.2649999997,6930893.4649999999,7814060.5850000000,7715585.1050000004,7282668.6799999997,7284348.7549999999,7260943.1500000004,6674715.8200000003,6400849.9150000000,6845683.3099999996,6867989.4050000003,7435869.2900000000,8086343.0300000003,7979327.8099999996,6578307.7300000004,6409405.0449999999,6389546.8150000004,3832968.5449999999,3858780.1400000001,3858260.2999999998,3858488.5850000000,3858473.1949999998,3601654.2999999998,3601532.0350000001,3575508.3999999999,144991.8800000000,144991.8800000000,144991.8800000000,144991.8800000000,144991.8800000000,135405.6400000000,135405.6400000000,135405.6400000000,144991.8800000000,144991.8800000000,144991.8800000000,144991.8800000000,144991.8800000000,135405.6400000000,135405.6400000000,135405.6400000000,144991.8800000000,144991.8800000000,144991.8800000000,144991.8800000000,144991.8800000000,135405.6400000000,135405.6400000000,135405.6400000000,144991.8800000000,144991.8800000000,144991.8800000000,144991.8800000000,144991.8800000000,135405.6400000000,135405.6400000000,135405.6400000000,144991.8800000000,144991.8800000000,144991.8800000000,144991.8800000000,144991.8800000000,135405.6400000000,135405.6400000000,135405.6400000000,127025.8000000000,127025.8000000000,127025.8000000000,127025.8000000000,127025.8000000000,118627.4000000000,118627.4000000000,118627.4000000000,127025.8000000000,127025.8000000000,127025.8000000000,127025.8000000000,127025.8000000000,118627.4000000000,118627.4000000000,118627.4000000000,127025.8000000000,127025.8000000000,127025.8000000000,127025.8000000000,127025.8000000000,118627.4000000000,118627.4000000000,118627.4000000000,127025.8000000000,127025.8000000000,127025.8000000000,127025.8000000000,127025.8000000000,118627.4000000000,118627.4000000000,118627.4000000000,127025.8000000000,127025.8000000000,127025.8000000000,127025.8000000000,127025.8000000000,118627.4000000000,118627.4000000000,118627.4000000000
6,7,7,3,4,2,3,4,7,2,5,0,1,6,15,14,10,8,3,11,12,10,8,11,13,15,4,14,9,13,9,12,5,0,2,1,5,1,6,0,13,10,9,8,14,15,14,13,11,12,15,14,8,9,15,13,14,15,13,12,11,10,11,12,10,9,8,14,15,8,8,9,13,12,11,10,9,10,11,12,4,8,15,9,10,2,3,4,11,12,13,14,15,5,6,7,14,13,12,11,10,2,3,4,14,13,12,11,10,5,6,4,8,9,15,9,8,4,5,2
