Initializing AMReX (25.06-22-g1d307c2c661a-dirty)...
OMP initialized with 256 OMP threads
AMReX (25.06-22-g1d307c2c661a-dirty) initialized
Starting running input_laser_ion_high_bean running with 6 nodes and 4 ranks per node.
Total steps: 5000, intervals: 100 = 50 runs
Reading precomputed weights, memory, and ranks from file: /global/homes/j/jessd/amrex_LB/Tools/lb_extractor/lb_inputs/laser_ion_16_boxes_24_ranks_lb_data.txt
/global/homes/j/jessd/amrex_LB/Tools/lb_extractor/lb_inputs/laser_ion_16_boxes_24_ranks_lb_data.txt
Run 0: Weights size: 435
Run 1: Weights size: 435
Run 2: Weights size: 435
Run 3: Weights size: 435
Run 4: Weights size: 435
Run 5: Weights size: 435
Run 6: Weights size: 435
Run 7: Weights size: 435
Run 8: Weights size: 435
Run 9: Weights size: 435
Run 10: Weights size: 435
Run 11: Weights size: 435
Run 12: Weights size: 435
Run 13: Weights size: 435
Run 14: Weights size: 435
Run 15: Weights size: 435
Run 16: Weights size: 435
Run 17: Weights size: 435
Run 18: Weights size: 435
Run 19: Weights size: 435
Run 20: Weights size: 435
Run 21: Weights size: 435
Run 22: Weights size: 435
Run 23: Weights size: 435
Run 24: Weights size: 435
Run 25: Weights size: 435
Run 26: Weights size: 435
Run 27: Weights size: 435
Run 28: Weights size: 435
Run 29: Weights size: 435
Run 30: Weights size: 435
Run 31: Weights size: 435
Run 32: Weights size: 435
Run 33: Weights size: 435
Run 34: Weights size: 435
Run 35: Weights size: 435
Run 36: Weights size: 435
Run 37: Weights size: 435
Run 38: Weights size: 435
Run 39: Weights size: 435
Run 40: Weights size: 435
Run 41: Weights size: 435
Run 42: Weights size: 435
Run 43: Weights size: 435
Run 44: Weights size: 435
Run 45: Weights size: 435
Run 46: Weights size: 435
Run 47: Weights size: 435
Run 48: Weights size: 435
Run 49: Weights size: 435
Run 50: Weights size: 435
Run 0
File weights 51 and ranks 51
Original efficiency: 0.31536747
Original ratio: inf
Knapsack ratio: inf
 Final Knapsack time: 0.084054938

Karmarkar-Karp ratio: inf
 Final Karmarkar-Karp time: 0.015290786

 Time take to run this function: 7.01e-07
SFC ratio: inf
 Final SFC time: 0.000710617

DM: HilbertProcessorMapDoIt called...
  (nprocs, nteams, nworkers) = (24, 24, 1)
Building Hilbert lookup table for order 8...
  Bucket 0 contains 5311620844
  Bucket 1 contains 5625123687
  Bucket 2 contains 5000000000
  Bucket 3 contains 6000000000
  Bucket 4 contains 5625123687
  Bucket 5 contains 4750082458
  Bucket 6 contains 6000000000
  Bucket 7 contains 5750082458
  Bucket 8 contains 4875041229
  Bucket 9 contains 5875041229
  Bucket 10 contains 5000000000
  Bucket 11 contains 5750082458
  Bucket 12 contains 6000000000
  Bucket 13 contains 5000000000
  Bucket 14 contains 6000000000
  Bucket 15 contains 5625123687
  Bucket 16 contains 5018800203
  Bucket 17 contains 5625123687
  Bucket 18 contains 5851105378
  Bucket 19 contains 5123690825
  Bucket 20 contains 5575867950
  Bucket 21 contains 5929827281
  Bucket 22 contains 5504107013
  Bucket 23 contains 5639741542
Hilbert SFC efficiency: 0.9198304557
Hilbert SFC ratio: inf
 Final Hilbert SFC time: 1.18898932

SFC + Knapsack ratio: inf
 Final SFC+Knapsack_Combined time: 0.001113798

Binary search iterations: 30
SFC+painterPartition efficiency: 0.9198304557
SFC+Painter ratio: inf
 Final SFC+Painter time: 0.009941261

Binary search iterations: 30
Hilbert+painterPartition efficiency: 0.9198304557
Hilbert+Painter ratio: inf
 Final Hilbert+Painter time: 0.001695545
Binary search iterations: 30
SFC+painterPartition efficiency: 0.9892055862
Painter+Knapsack ratio: inf
 Final painter+Knapsack_Combined time: 0.011377324
Run 1
File weights 51 and ranks 51
Original previous efficiency: 0.3153648748
Original efficiency: 0.9889878159
Original ratio: 3.136011315
Knapsack previous efficiency: 0.9990484144
Knapsack ratio: 1.000088278
 Final Knapsack time: 0.009824706

Karmarkar-Karp previous efficiency: 0.9990619165
Karmarkar-Karp ratio: 1.000162548
 Final Karmarkar-Karp time: 0.010691956

SFC previous efficiency: 0.9010634604
 Time take to run this function: 1.002e-06
SFC ratio: 1
 Final SFC time: 0.001448737

Hilbert SFC previous efficiency: 0.9194950401
DM: HilbertProcessorMapDoIt called...
  (nprocs, nteams, nworkers) = (24, 24, 1)
  Bucket 0 contains 5308912801
  Bucket 1 contains 5622024279
  Bucket 2 contains 4997399502
  Bucket 3 contains 5996891156
  Bucket 4 contains 5622051795
  Bucket 5 contains 4747643865
  Bucket 6 contains 5996923801
  Bucket 7 contains 5746872481
  Bucket 8 contains 4872551298
  Bucket 9 contains 5871985121
  Bucket 10 contains 4997461996
  Bucket 11 contains 5746923784
  Bucket 12 contains 5998906822
  Bucket 13 contains 4998195602
  Bucket 14 contains 5996873433
  Bucket 15 contains 5622012619
  Bucket 16 contains 5016201209
  Bucket 17 contains 5621941265
  Bucket 18 contains 5847922131
  Bucket 19 contains 5121036378
  Bucket 20 contains 5572668000
  Bucket 21 contains 5925485592
  Bucket 22 contains 5499737532
  Bucket 23 contains 5634539185
Hilbert SFC efficiency: 0.9194950401
Hilbert SFC ratio: 1
 Final Hilbert SFC time: 0.011071611

SFC+Knapsack previous efficiency: 0.9198018821
SFC + Knapsack ratio: 1.000070308
 Final SFC+Knapsack_Combined time: 0.000548303

SFC+Painter previous efficiency: 0.9197927977
Binary search iterations: 30
SFC+painterPartition efficiency: 0.9198003083
SFC+Painter ratio: 1.000008166
 Final SFC+Painter time: 0.005567357

Hilbert+Painter previous efficiency: 0.9195353589
Binary search iterations: 30
Hilbert+painterPartition efficiency: 0.9198055301
Hilbert+Painter ratio: 1.000293813
 Final Hilbert+Painter time: 0.001398941
Painter+Knapsack previous efficiency: 0.9197877189
Binary search iterations: 30
SFC+painterPartition efficiency: 0.9891991961
Painter+Knapsack ratio: 1.00008493
 Final painter+Knapsack_Combined time: 0.038589998
Run 2
File weights 51 and ranks 51
Original previous efficiency: 0.9859371761
Original efficiency: 0.9859371761
Original ratio: 1
Knapsack previous efficiency: 0.9962057335
Knapsack ratio: 1.002950089
 Final Knapsack time: 0.026835094

Karmarkar-Karp previous efficiency: 0.9961634313
Karmarkar-Karp ratio: 1.003298598
 Final Karmarkar-Karp time: 0.009392468

SFC previous efficiency: 0.9010448432
 Time take to run this function: 5.61e-07
SFC ratio: 1
 Final SFC time: 0.000953928

Hilbert SFC previous efficiency: 0.9066486576
DM: HilbertProcessorMapDoIt called...
  (nprocs, nteams, nworkers) = (24, 24, 1)
  Bucket 0 contains 5207863328
  Bucket 1 contains 5514893097
  Bucket 2 contains 4902387944
  Bucket 3 contains 5882836710
  Bucket 4 contains 5514937018
  Bucket 5 contains 4657235704
  Bucket 6 contains 5882714099
  Bucket 7 contains 5637460296
  Bucket 8 contains 4779780485
  Bucket 9 contains 5761351498
  Bucket 10 contains 4902403499
  Bucket 11 contains 5637651531
  Bucket 12 contains 5967982827
  Bucket 13 contains 4937103451
  Bucket 14 contains 5882740636
  Bucket 15 contains 4534459886
  Bucket 16 contains 5901224828
  Bucket 17 contains 5514775520
  Bucket 18 contains 5736394042
  Bucket 19 contains 5023614974
  Bucket 20 contains 5466414706
  Bucket 21 contains 4831772928
  Bucket 22 contains 5848329809
  Bucket 23 contains 5934398026
Hilbert SFC efficiency: 0.9066486576
Hilbert SFC ratio: 1
 Final Hilbert SFC time: 0.014463473

SFC+Knapsack previous efficiency: 0.9197815443
SFC + Knapsack ratio: 1.000104533
 Final SFC+Knapsack_Combined time: 0.000817474

SFC+Painter previous efficiency: 0.9191523605
Binary search iterations: 30
SFC+painterPartition efficiency: 0.9197706717
SFC+Painter ratio: 1.000672697
 Final SFC+Painter time: 0.015008419

Hilbert+Painter previous efficiency: 0.9084985561
Binary search iterations: 30
Hilbert+painterPartition efficiency: 0.9197861938
Hilbert+Painter ratio: 1.012424497
 Final Hilbert+Painter time: 0.002391223
Painter+Knapsack previous efficiency: 0.9197683829
Binary search iterations: 30
SFC+painterPartition efficiency: 0.9891987316
Painter+Knapsack ratio: 1.000118222
 Final painter+Knapsack_Combined time: 0.01444122
Run 3
File weights 51 and ranks 51
Original previous efficiency: 0.986385882
Original efficiency: 0.986385882
Original ratio: 1
Knapsack previous efficiency: 0.9958782445
Knapsack ratio: 1.00313761
 Final Knapsack time: 0.017169737

Karmarkar-Karp previous efficiency: 0.995417114
Karmarkar-Karp ratio: 1.003992642
 Final Karmarkar-Karp time: 0.058539822

SFC previous efficiency: 0.9008694227
 Time take to run this function: 1.703e-06
SFC ratio: 1
 Final SFC time: 0.008408281

Hilbert SFC previous efficiency: 0.9013741879
DM: HilbertProcessorMapDoIt called...
  (nprocs, nteams, nworkers) = (24, 24, 1)
  Bucket 0 contains 5192142273
  Bucket 1 contains 5498178614
  Bucket 2 contains 4887521374
  Bucket 3 contains 5865008318
  Bucket 4 contains 5498217385
  Bucket 5 contains 4643172427
  Bucket 6 contains 5865054840
  Bucket 7 contains 5620384333
  Bucket 8 contains 4765402320
  Bucket 9 contains 5747607800
  Bucket 10 contains 4887617615
  Bucket 11 contains 5621726229
  Bucket 12 contains 5984614697
  Bucket 13 contains 4948873768
  Bucket 14 contains 5865064420
  Bucket 15 contains 4520670690
  Bucket 16 contains 5883328133
  Bucket 17 contains 5498119319
  Bucket 18 contains 4741193482
  Bucket 19 contains 5985922158
  Bucket 20 contains 5449812420
  Bucket 21 contains 4816539436
  Bucket 22 contains 5810820612
  Bucket 23 contains 5868060428
Hilbert SFC efficiency: 0.9011773073
Hilbert SFC ratio: 0.9997815773
 Final Hilbert SFC time: 0.120866151

SFC+Knapsack previous efficiency: 0.9197415858
SFC + Knapsack ratio: 1.000141247
 Final SFC+Knapsack_Combined time: 0.011719386

SFC+Painter previous efficiency: 0.9174110914
Binary search iterations: 30
SFC+painterPartition efficiency: 0.9197466644
SFC+Painter ratio: 1.00254583
 Final SFC+Painter time: 0.128180623

Hilbert+Painter previous efficiency: 0.9045841015
Binary search iterations: 30
Hilbert+painterPartition efficiency: 0.9197520291
Hilbert+Painter ratio: 1.016767847
 Final Hilbert+Painter time: 0.0085107
Painter+Knapsack previous efficiency: 0.9197335036
Binary search iterations: 30
SFC+painterPartition efficiency: 0.9892028652
Painter+Knapsack ratio: 1.000151592
 Final painter+Knapsack_Combined time: 0.015151056
Run 4
File weights 51 and ranks 51
Original previous efficiency: 0.9859331877
Original efficiency: 0.9859331877
Original ratio: 1
Knapsack previous efficiency: 0.9949869583
Knapsack ratio: 1.004010162
 Final Knapsack time: 0.051053237

Karmarkar-Karp previous efficiency: 0.9950026124
Karmarkar-Karp ratio: 1.004147083
 Final Karmarkar-Karp time: 0.121944469

SFC previous efficiency: 0.9006657353
 Time take to run this function: 6.71e-07
SFC ratio: 1
 Final SFC time: 0.001051247

Hilbert SFC previous efficiency: 0.8996249975
DM: HilbertProcessorMapDoIt called...
  (nprocs, nteams, nworkers) = (24, 24, 1)
  Bucket 0 contains 5178940628
  Bucket 1 contains 5484196217
  Bucket 2 contains 4875071061
  Bucket 3 contains 5850102926
  Bucket 4 contains 5484193487
  Bucket 5 contains 4631408051
  Bucket 6 contains 5850077904
  Bucket 7 contains 5606029088
  Bucket 8 contains 4753252295
  Bucket 9 contains 5736842844
  Bucket 10 contains 4875159324
  Bucket 11 contains 5608652381
  Bucket 12 contains 5980825312
  Bucket 13 contains 4934632440
  Bucket 14 contains 5850172990
  Bucket 15 contains 4509147975
  Bucket 16 contains 5868439889
  Bucket 17 contains 5483994215
  Bucket 18 contains 4728862011
  Bucket 19 contains 5970801888
  Bucket 20 contains 5435825074
  Bucket 21 contains 4803187132
  Bucket 22 contains 5772071118
  Bucket 23 contains 5860112699
Hilbert SFC efficiency: 0.8996249975
Hilbert SFC ratio: 1
 Final Hilbert SFC time: 0.021236336

SFC+Knapsack previous efficiency: 0.9197147403
SFC + Knapsack ratio: 1.000157817
 Final SFC+Knapsack_Combined time: 0.001611703

SFC+Painter previous efficiency: 0.9178636253
Binary search iterations: 30
SFC+painterPartition efficiency: 0.9197196755
SFC+Painter ratio: 1.002022142
 Final SFC+Painter time: 0.01730605

Hilbert+Painter previous efficiency: 0.9051229227
Binary search iterations: 30
Hilbert+painterPartition efficiency: 0.9197261843
Hilbert+Painter ratio: 1.016134009
 Final Hilbert+Painter time: 0.003703656
Painter+Knapsack previous efficiency: 0.9197057998
Binary search iterations: 30
SFC+painterPartition efficiency: 0.9891927563
Painter+Knapsack ratio: 1.000167539
 Final painter+Knapsack_Combined time: 0.101616063
Run 5
File weights 51 and ranks 51
Original previous efficiency: 0.9855032118
Original efficiency: 0.9855032118
Original ratio: 1
Knapsack previous efficiency: 0.9940167438
Knapsack ratio: 1.004918696
 Final Knapsack time: 0.065845757

Karmarkar-Karp previous efficiency: 0.9946042016
Karmarkar-Karp ratio: 1.004630706
 Final Karmarkar-Karp time: 0.045593949

SFC previous efficiency: 0.9005657242
 Time take to run this function: 5.609999998e-07
SFC ratio: 1
 Final SFC time: 0.006027439

Hilbert SFC previous efficiency: 0.8984106218
DM: HilbertProcessorMapDoIt called...
  (nprocs, nteams, nworkers) = (24, 24, 1)
  Bucket 0 contains 5155558210
  Bucket 1 contains 5459367558
  Bucket 2 contains 4853119417
  Bucket 3 contains 5823723644
  Bucket 4 contains 5459353063
  Bucket 5 contains 4610474571
  Bucket 6 contains 5823715038
  Bucket 7 contains 5580706965
  Bucket 8 contains 4731781368
  Bucket 9 contains 5712208191
  Bucket 10 contains 4853118510
  Bucket 11 contains 5583846045
  Bucket 12 contains 5961686539
  Bucket 13 contains 4899117766
  Bucket 14 contains 5823734061
  Bucket 15 contains 4488774653
  Bucket 16 contains 5841920294
  Bucket 17 contains 5459204964
  Bucket 18 contains 4707192342
  Bucket 19 contains 5943865873
  Bucket 20 contains 5411045425
  Bucket 21 contains 4779815915
  Bucket 22 contains 5725396689
  Bucket 23 contains 5856293146
Hilbert SFC efficiency: 0.8984106218
Hilbert SFC ratio: 1
 Final Hilbert SFC time: 0.031899777

SFC+Knapsack previous efficiency: 0.919687646
SFC + Knapsack ratio: 1.000098698
 Final SFC+Knapsack_Combined time: 0.001290881

SFC+Painter previous efficiency: 0.9187479416
Binary search iterations: 30
SFC+painterPartition efficiency: 0.9196962288
SFC+Painter ratio: 1.001032152
 Final SFC+Painter time: 0.048626916

Hilbert+Painter previous efficiency: 0.9072928117
Binary search iterations: 30
Hilbert+painterPartition efficiency: 0.9196937969
Hilbert+Painter ratio: 1.013668118
 Final Hilbert+Painter time: 0.005354685
Painter+Knapsack previous efficiency: 0.9196664756
Binary search iterations: 30
SFC+painterPartition efficiency: 0.988962464
Painter+Knapsack ratio: 1.000193521
 Final painter+Knapsack_Combined time: 0.091543347
Run 6
File weights 51 and ranks 51
Original previous efficiency: 0.9845558528
Original efficiency: 0.9845558528
Original ratio: 1
Knapsack previous efficiency: 0.9925996112
Knapsack ratio: 1.006343555
 Final Knapsack time: 0.086474346

Karmarkar-Karp previous efficiency: 0.9935894244
Karmarkar-Karp ratio: 1.00593424
 Final Karmarkar-Karp time: 0.055388536

SFC previous efficiency: 0.900484785
 Time take to run this function: 2.265e-06
SFC ratio: 1
 Final SFC time: 0.004034297

Hilbert SFC previous efficiency: 0.8968695745
DM: HilbertProcessorMapDoIt called...
  (nprocs, nteams, nworkers) = (24, 24, 1)
  Bucket 0 contains 5128514306
  Bucket 1 contains 5430677226
  Bucket 2 contains 4827609814
  Bucket 3 contains 5793131057
  Bucket 4 contains 5430662359
  Bucket 5 contains 4586212706
  Bucket 6 contains 5793082852
  Bucket 7 contains 5551277566
  Bucket 8 contains 4706962621
  Bucket 9 contains 5683042843
  Bucket 10 contains 4827679196
  Bucket 11 contains 5555055678
  Bucket 12 contains 5940409372
  Bucket 13 contains 4851885511
  Bucket 14 contains 5793117992
  Bucket 15 contains 4465135260
  Bucket 16 contains 5811321798
  Bucket 17 contains 5430433491
  Bucket 18 contains 4682117525
  Bucket 19 contains 5912724322
  Bucket 20 contains 5382514711
  Bucket 21 contains 4753044164
  Bucket 22 contains 5679456121
  Bucket 23 contains 5850469732
Hilbert SFC efficiency: 0.8968695745
Hilbert SFC ratio: 1
 Final Hilbert SFC time: 0.036133881

SFC+Knapsack previous efficiency: 0.9196569587
SFC + Knapsack ratio: 1.000103753
 Final SFC+Knapsack_Combined time: 0.00082545

SFC+Painter previous efficiency: 0.9196583175
Binary search iterations: 30
SFC+painterPartition efficiency: 0.9196749104
SFC+Painter ratio: 1.000018042
 Final SFC+Painter time: 0.014312872

Hilbert+Painter previous efficiency: 0.9105981991
Binary search iterations: 30
Hilbert+painterPartition efficiency: 0.9196726932
Hilbert+Painter ratio: 1.009965421
 Final Hilbert+Painter time: 0.001797592
Painter+Knapsack previous efficiency: 0.9196440853
Binary search iterations: 30
SFC+painterPartition efficiency: 0.9880089499
Painter+Knapsack ratio: 1.000196477
 Final painter+Knapsack_Combined time: 0.120767599
Run 7
File weights 51 and ranks 51
Original previous efficiency: 0.982997958
Original efficiency: 0.982997958
Original ratio: 1
Knapsack previous efficiency: 0.9917398801
Knapsack ratio: 1.007259829
 Final Knapsack time: 0.092845009

Karmarkar-Karp previous efficiency: 0.9917188024
Karmarkar-Karp ratio: 1.007680662
 Final Karmarkar-Karp time: 0.008389806

SFC previous efficiency: 0.9003740749
 Time take to run this function: 6.319999999e-07
SFC ratio: 1
 Final SFC time: 0.001228509

Hilbert SFC previous efficiency: 0.8945674631
DM: HilbertProcessorMapDoIt called...
  (nprocs, nteams, nworkers) = (24, 24, 1)
  Bucket 0 contains 5071591628
  Bucket 1 contains 5370404782
  Bucket 2 contains 4774055229
  Bucket 3 contains 5728960904
  Bucket 4 contains 5370469383
  Bucket 5 contains 4535472699
  Bucket 6 contains 5728749723
  Bucket 7 contains 5489716318
  Bucket 8 contains 4654760622
  Bucket 9 contains 5621091025
  Bucket 10 contains 4774248588
  Bucket 11 contains 5494041077
  Bucket 12 contains 4917342594
  Bucket 13 contains 5741413915
  Bucket 14 contains 5728853532
  Bucket 15 contains 4415626527
  Bucket 16 contains 5746804679
  Bucket 17 contains 5370238598
  Bucket 18 contains 4629929044
  Bucket 19 contains 5847131736
  Bucket 20 contains 5322609721
  Bucket 21 contains 4698742835
  Bucket 22 contains 5607474646
  Bucket 23 contains 5805545960
Hilbert SFC efficiency: 0.901049163
Hilbert SFC ratio: 1.007245625
 Final Hilbert SFC time: 0.064667124

SFC+Knapsack previous efficiency: 0.9196391823
SFC + Knapsack ratio: 1.000185745
 Final SFC+Knapsack_Combined time: 0.011010152

SFC+Painter previous efficiency: 0.9196280969
Binary search iterations: 30
SFC+painterPartition efficiency: 0.9196534861
SFC+Painter ratio: 1.000027608
 Final SFC+Painter time: 0.108304863

Hilbert+Painter previous efficiency: 0.9149842433
Binary search iterations: 29
Hilbert+painterPartition efficiency: 0.919668935
Hilbert+Painter ratio: 1.00511997
 Final Hilbert+Painter time: 0.013426874
Painter+Knapsack previous efficiency: 0.9196220896
Binary search iterations: 30
SFC+painterPartition efficiency: 0.9871857894
Painter+Knapsack ratio: 1.000204335
 Final painter+Knapsack_Combined time: 0.072598291
Run 8
File weights 51 and ranks 51
Original previous efficiency: 0.9817221496
Original efficiency: 0.9817221496
Original ratio: 1
Knapsack previous efficiency: 0.9900882497
Knapsack ratio: 1.009091535
 Final Knapsack time: 0.005259471

Karmarkar-Karp previous efficiency: 0.9902057308
Karmarkar-Karp ratio: 1.008966483
 Final Karmarkar-Karp time: 0.103955525

SFC previous efficiency: 0.9000891629
 Time take to run this function: 2.024e-06
SFC ratio: 1
 Final SFC time: 0.006631379

Hilbert SFC previous efficiency: 0.8908404461
DM: HilbertProcessorMapDoIt called...
  (nprocs, nteams, nworkers) = (24, 24, 1)
  Bucket 0 contains 5026193485
  Bucket 1 contains 5322363328
  Bucket 2 contains 4731304219
  Bucket 3 contains 5677593409
  Bucket 4 contains 5322293122
  Bucket 5 contains 4494935124
  Bucket 6 contains 5677465363
  Bucket 7 contains 5440547433
  Bucket 8 contains 4613028715
  Bucket 9 contains 5577372957
  Bucket 10 contains 4731682621
  Bucket 11 contains 5446574909
  Bucket 12 contains 4898293246
  Bucket 13 contains 5655133545
  Bucket 14 contains 5677577073
  Bucket 15 contains 4376033956
  Bucket 16 contains 5695434168
  Bucket 17 contains 5322171699
  Bucket 18 contains 4588325444
  Bucket 19 contains 5794632894
  Bucket 20 contains 5274800162
  Bucket 21 contains 4654756480
  Bucket 22 contains 5552857194
  Bucket 23 contains 5757692696
Hilbert SFC efficiency: 0.9010425792
Hilbert SFC ratio: 1.011452256
 Final Hilbert SFC time: 0.083556172

SFC+Knapsack previous efficiency: 0.9196042623
SFC + Knapsack ratio: 1.000196325
 Final SFC+Knapsack_Combined time: 0.006215151

SFC+Painter previous efficiency: 0.9189162819
Binary search iterations: 30
SFC+painterPartition efficiency: 0.9196242868
SFC+Painter ratio: 1.000770478
 Final SFC+Painter time: 0.070149085

Hilbert+Painter previous efficiency: 0.9137276216
Binary search iterations: 30
Hilbert+painterPartition efficiency: 0.9196376613
Hilbert+Painter ratio: 1.006468054
 Final Hilbert+Painter time: 0.006978131
Painter+Knapsack previous efficiency: 0.9195835948
Binary search iterations: 30
SFC+painterPartition efficiency: 0.9862457188
Painter+Knapsack ratio: 1.000218804
 Final painter+Knapsack_Combined time: 0.072728182
Run 9
File weights 51 and ranks 51
Original previous efficiency: 0.9776640511
Original efficiency: 0.9776640511
Original ratio: 1
Knapsack previous efficiency: 0.9857847623
Knapsack ratio: 1.013229265
 Final Knapsack time: 0.050428847

Karmarkar-Karp previous efficiency: 0.9894995763
Karmarkar-Karp ratio: 1.010055012
 Final Karmarkar-Karp time: 0.097842492

SFC previous efficiency: 0.8993194988
 Time take to run this function: 7.919999998e-07
SFC ratio: 1
 Final SFC time: 0.008878192

Hilbert SFC previous efficiency: 0.8934197656
DM: HilbertProcessorMapDoIt called...
  (nprocs, nteams, nworkers) = (24, 24, 1)
  Bucket 0 contains 4972808551
  Bucket 1 contains 5265789040
  Bucket 2 contains 4681076402
  Bucket 3 contains 5617287051
  Bucket 4 contains 5265755403
  Bucket 5 contains 4447124309
  Bucket 6 contains 5617143765
  Bucket 7 contains 5382786274
  Bucket 8 contains 4564027620
  Bucket 9 contains 5540535546
  Bucket 10 contains 4723901734
  Bucket 11 contains 5397092691
  Bucket 12 contains 4844046986
  Bucket 13 contains 5530877581
  Bucket 14 contains 5617268704
  Bucket 15 contains 4329573585
  Bucket 16 contains 5634922125
  Bucket 17 contains 5266221959
  Bucket 18 contains 4539380120
  Bucket 19 contains 5733093723
  Bucket 20 contains 5218496542
  Bucket 21 contains 4602275566
  Bucket 22 contains 5489849441
  Bucket 23 contains 5691826639
Hilbert SFC efficiency: 0.9010053977
Hilbert SFC ratio: 1.008490558
 Final Hilbert SFC time: 0.044235708

SFC+Knapsack previous efficiency: 0.917870967
SFC + Knapsack ratio: 1.001958487
 Final SFC+Knapsack_Combined time: 0.002611089

SFC+Painter previous efficiency: 0.9144016721
Binary search iterations: 30
SFC+painterPartition efficiency: 0.9195787033
SFC+Painter ratio: 1.00566166
 Final SFC+Painter time: 0.027325414

Hilbert+Painter previous efficiency: 0.9113552081
Binary search iterations: 30
Hilbert+painterPartition efficiency: 0.9196040917
Hilbert+Painter ratio: 1.009051228
 Final Hilbert+Painter time: 0.009303165
Painter+Knapsack previous efficiency: 0.9177557007
Binary search iterations: 30
SFC+painterPartition efficiency: 0.9839467889
Painter+Knapsack ratio: 1.002084329
 Final painter+Knapsack_Combined time: 0.050337561
Run 10
File weights 51 and ranks 51
Original previous efficiency: 0.9668384573
Original efficiency: 0.9668384573
Original ratio: 1
Knapsack previous efficiency: 0.9752217874
Knapsack ratio: 1.023824201
 Final Knapsack time: 0.027108143

Karmarkar-Karp previous efficiency: 0.9782166297
Karmarkar-Karp ratio: 1.020931647
 Final Karmarkar-Karp time: 0.025276314

SFC previous efficiency: 0.8820019065
 Time take to run this function: 5.710000002e-07
SFC ratio: 1.018468261
 Final SFC time: 0.002421943

Hilbert SFC previous efficiency: 0.9195404815
DM: HilbertProcessorMapDoIt called...
  (nprocs, nteams, nworkers) = (24, 24, 1)
  Bucket 0 contains 4834044364
  Bucket 1 contains 5118824198
  Bucket 2 contains 4550428304
  Bucket 3 contains 5460552778
  Bucket 4 contains 5118822924
  Bucket 5 contains 4323049623
  Bucket 6 contains 5460407119
  Bucket 7 contains 5232592312
  Bucket 8 contains 4436742573
  Bucket 9 contains 5457955628
  Bucket 10 contains 4893368232
  Bucket 11 contains 5276984175
  Bucket 12 contains 4504029496
  Bucket 13 contains 5163673628
  Bucket 14 contains 5460506065
  Bucket 15 contains 4208711614
  Bucket 16 contains 5477555184
  Bucket 17 contains 5123080144
  Bucket 18 contains 4412509381
  Bucket 19 contains 5573031060
  Bucket 20 contains 5072706580
  Bucket 21 contains 4469218828
  Bucket 22 contains 5330129829
  Bucket 23 contains 5549859894
Hilbert SFC efficiency: 0.9009817596
Hilbert SFC ratio: 0.9798173955
 Final Hilbert SFC time: 0.039157899

SFC+Knapsack previous efficiency: 0.9047375896
SFC + Knapsack ratio: 1.016463504
 Final SFC+Knapsack_Combined time: 0.001787564

SFC+Painter previous efficiency: 0.8820019065
Binary search iterations: 30
SFC+painterPartition efficiency: 0.9195483475
SFC+Painter ratio: 1.042569569
 Final SFC+Painter time: 0.039388917

Hilbert+Painter previous efficiency: 0.8797991667
Binary search iterations: 30
Hilbert+painterPartition efficiency: 0.9199780417
Hilbert+Painter ratio: 1.045668235
 Final Hilbert+Painter time: 0.002603074
Painter+Knapsack previous efficiency: 0.9046291921
Binary search iterations: 30
SFC+painterPartition efficiency: 0.9809910304
Painter+Knapsack ratio: 1.016585302
 Final painter+Knapsack_Combined time: 0.027856563
Run 11
File weights 51 and ranks 51
Original previous efficiency: 0.9403873391
Original efficiency: 0.9403873391
Original ratio: 1
Knapsack previous efficiency: 0.9602784081
Knapsack ratio: 1.039996235
 Final Knapsack time: 0.030247535

Karmarkar-Karp previous efficiency: 0.955375282
Karmarkar-Karp ratio: 1.045119926
 Final Karmarkar-Karp time: 0.025872679

SFC previous efficiency: 0.8344059626
 Time take to run this function: 2.746000001e-06
SFC ratio: 1.074660747
 Final SFC time: 0.002857827

Hilbert SFC previous efficiency: 0.901125542
DM: HilbertProcessorMapDoIt called...
  (nprocs, nteams, nworkers) = (24, 24, 1)
  Bucket 0 contains 4291715013
  Bucket 1 contains 4544518673
  Bucket 2 contains 4039898418
  Bucket 3 contains 4847900121
  Bucket 4 contains 4544523197
  Bucket 5 contains 3837983939
  Bucket 6 contains 4847840174
  Bucket 7 contains 4645501173
  Bucket 8 contains 3938990944
  Bucket 9 contains 4943298367
  Bucket 10 contains 3887846040
  Bucket 11 contains 4771675276
  Bucket 12 contains 4514996522
  Bucket 13 contains 4315114039
  Bucket 14 contains 4039917268
  Bucket 15 contains 4544493036
  Bucket 16 contains 4863116410
  Bucket 17 contains 4553050575
  Bucket 18 contains 3917195260
  Bucket 19 contains 4947809503
  Bucket 20 contains 4503443833
  Bucket 21 contains 3962738457
  Bucket 22 contains 4723019182
  Bucket 23 contains 4882192667
Hilbert SFC efficiency: 0.9003039461
Hilbert SFC ratio: 0.9990882559
 Final Hilbert SFC time: 0.024552951

SFC+Knapsack previous efficiency: 0.8839269426
SFC + Knapsack ratio: 1.039614795
 Final SFC+Knapsack_Combined time: 0.001933837

SFC+Painter previous efficiency: 0.8344059626
Binary search iterations: 30
SFC+painterPartition efficiency: 0.9188605561
SFC+Painter ratio: 1.101215232
 Final SFC+Painter time: 0.015363247

Hilbert+Painter previous efficiency: 0.8136403234
Binary search iterations: 30
Hilbert+painterPartition efficiency: 0.9188694884
Hilbert+Painter ratio: 1.129331305
 Final Hilbert+Painter time: 0.003528246
Painter+Knapsack previous efficiency: 0.8838332477
Binary search iterations: 30
SFC+painterPartition efficiency: 0.9823213841
Painter+Knapsack ratio: 1.03972646
 Final painter+Knapsack_Combined time: 0.03299027
Run 12
File weights 51 and ranks 51
Original previous efficiency: 0.9273361987
Original efficiency: 0.9273361987
Original ratio: 1
Knapsack previous efficiency: 0.9527563771
Knapsack ratio: 1.048156739
 Final Knapsack time: 0.020085607

Karmarkar-Karp previous efficiency: 0.9462818089
Karmarkar-Karp ratio: 1.055202618
 Final Karmarkar-Karp time: 0.029627654

SFC previous efficiency: 0.8165471993
 Time take to run this function: 5.710000002e-07
SFC ratio: 1.0976792
 Final SFC time: 0.002350524

Hilbert SFC previous efficiency: 0.891063388
DM: HilbertProcessorMapDoIt called...
  (nprocs, nteams, nworkers) = (24, 24, 1)
  Bucket 0 contains 4099042693
  Bucket 1 contains 4340491245
  Bucket 2 contains 3858582352
  Bucket 3 contains 4630253450
  Bucket 4 contains 3568780897
  Bucket 5 contains 4437413893
  Bucket 6 contains 4630180712
  Bucket 7 contains 4436974581
  Bucket 8 contains 3762104417
  Bucket 9 contains 3866304944
  Bucket 10 contains 4772496792
  Bucket 11 contains 4590920009
  Bucket 12 contains 4183073987
  Bucket 13 contains 4000085344
  Bucket 14 contains 3858584512
  Bucket 15 contains 4340501688
  Bucket 16 contains 4644714983
  Bucket 17 contains 4348320724
  Bucket 18 contains 3741139551
  Bucket 19 contains 4725712565
  Bucket 20 contains 4301077437
  Bucket 21 contains 3781081213
  Bucket 22 contains 4501144275
  Bucket 23 contains 4661559303
Hilbert SFC efficiency: 0.8912223693
Hilbert SFC ratio: 1.000178418
 Final Hilbert SFC time: 0.045882238

SFC+Knapsack previous efficiency: 0.8755267941
SFC + Knapsack ratio: 1.049709028
 Final SFC+Knapsack_Combined time: 0.005802182

SFC+Painter previous efficiency: 0.9185958103
Binary search iterations: 29
SFC+painterPartition efficiency: 0.9185958103
SFC+Painter ratio: 1
 Final SFC+Painter time: 0.024029287

Hilbert+Painter previous efficiency: 0.9010070642
Binary search iterations: 30
Hilbert+painterPartition efficiency: 0.918601097
Hilbert+Painter ratio: 1.019527075
 Final Hilbert+Painter time: 0.00250845
Painter+Knapsack previous efficiency: 0.8754216097
Binary search iterations: 30
SFC+painterPartition efficiency: 0.9800006549
Painter+Knapsack ratio: 1.049835154
 Final painter+Knapsack_Combined time: 0.011697675
Run 13
File weights 51 and ranks 51
Original previous efficiency: 0.9240032444
Original efficiency: 0.9240032444
Original ratio: 1
Knapsack previous efficiency: 0.9481392084
Knapsack ratio: 1.053124443
 Final Knapsack time: 0.006693578

Karmarkar-Karp previous efficiency: 0.9439098506
Karmarkar-Karp ratio: 1.058095928
 Final Karmarkar-Karp time: 0.109902779

SFC previous efficiency: 0.812853324
 Time take to run this function: 4.027999999e-06
SFC ratio: 1.084883058
 Final SFC time: 0.013942193

Hilbert SFC previous efficiency: 0.8874118727
DM: HilbertProcessorMapDoIt called...
  (nprocs, nteams, nworkers) = (24, 24, 1)
  Bucket 0 contains 4076470304
  Bucket 1 contains 4316572653
  Bucket 2 contains 3837328546
  Bucket 3 contains 4604789885
  Bucket 4 contains 3549144258
  Bucket 5 contains 4412959365
  Bucket 6 contains 4604733303
  Bucket 7 contains 4412496687
  Bucket 8 contains 3741401646
  Bucket 9 contains 3859548182
  Bucket 10 contains 4777907376
  Bucket 11 contains 3915942080
  Bucket 12 contains 4291028273
  Bucket 13 contains 4457627046
  Bucket 14 contains 3837270174
  Bucket 15 contains 4316594139
  Bucket 16 contains 4619207943
  Bucket 17 contains 4316368172
  Bucket 18 contains 3720313021
  Bucket 19 contains 4699570360
  Bucket 20 contains 4277244841
  Bucket 21 contains 3758979723
  Bucket 22 contains 4469017585
  Bucket 23 contains 4628600360
Hilbert SFC efficiency: 0.8851601403
Hilbert SFC ratio: 0.9974625848
 Final Hilbert SFC time: 0.108652837

SFC+Knapsack previous efficiency: 0.8743783375
SFC + Knapsack ratio: 1.050938308
 Final SFC+Knapsack_Combined time: 0.006205543

SFC+Painter previous efficiency: 0.9184421013
Binary search iterations: 29
SFC+painterPartition efficiency: 0.9184451011
SFC+Painter ratio: 1.000003266
 Final SFC+Painter time: 0.083050512

Hilbert+Painter previous efficiency: 0.8937044201
Binary search iterations: 30
Hilbert+painterPartition efficiency: 0.9184491012
Hilbert+Painter ratio: 1.027687769
 Final Hilbert+Painter time: 0.006732464
Painter+Knapsack previous efficiency: 0.8742777474
Binary search iterations: 30
SFC+painterPartition efficiency: 0.9798419502
Painter+Knapsack ratio: 1.051059223
 Final painter+Knapsack_Combined time: 0.099833669
Run 14
File weights 51 and ranks 51
Original previous efficiency: 0.9254897981
Original efficiency: 0.9254897981
Original ratio: 1
Knapsack previous efficiency: 0.9446302301
Knapsack ratio: 1.056907692
 Final Knapsack time: 0.135468132

Karmarkar-Karp previous efficiency: 0.9437965459
Karmarkar-Karp ratio: 1.057833403
 Final Karmarkar-Karp time: 0.050180777

SFC previous efficiency: 0.8137522602
 Time take to run this function: 8.509999994e-07
SFC ratio: 1.083415045
 Final SFC time: 0.011091951

Hilbert SFC previous efficiency: 0.8858251366
DM: HilbertProcessorMapDoIt called...
  (nprocs, nteams, nworkers) = (24, 24, 1)
  Bucket 0 contains 4095266798
  Bucket 1 contains 4336471299
  Bucket 2 contains 3854992818
  Bucket 3 contains 4626053766
  Bucket 4 contains 3565505690
  Bucket 5 contains 4433370542
  Bucket 6 contains 4626035059
  Bucket 7 contains 4432841334
  Bucket 8 contains 3758694379
  Bucket 9 contains 3889727156
  Bucket 10 contains 4782116427
  Bucket 11 contains 3957065917
  Bucket 12 contains 4330663184
  Bucket 13 contains 4466174754
  Bucket 14 contains 3855048582
  Bucket 15 contains 4336495044
  Bucket 16 contains 4640516428
  Bucket 17 contains 4320643941
  Bucket 18 contains 3737242189
  Bucket 19 contains 4721273163
  Bucket 20 contains 4296849716
  Bucket 21 contains 3776682054
  Bucket 22 contains 4486606155
  Bucket 23 contains 4616349733
Hilbert SFC efficiency: 0.8882284626
Hilbert SFC ratio: 1.002713093
 Final Hilbert SFC time: 0.052760494

SFC+Knapsack previous efficiency: 0.8749807447
SFC + Knapsack ratio: 1.049962857
 Final SFC+Knapsack_Combined time: 0.005008013

SFC+Painter previous efficiency: 0.9181935895
Binary search iterations: 30
SFC+painterPartition efficiency: 0.9181963744
SFC+Painter ratio: 1.000003033
 Final SFC+Painter time: 0.113133178

Hilbert+Painter previous efficiency: 0.8955057815
Binary search iterations: 30
Hilbert+painterPartition efficiency: 0.9201235105
Hilbert+Painter ratio: 1.027490307
 Final Hilbert+Painter time: 0.009534944
Painter+Knapsack previous efficiency: 0.8748722102
Binary search iterations: 29
SFC+painterPartition efficiency: 0.9795933278
Painter+Knapsack ratio: 1.050093113
 Final painter+Knapsack_Combined time: 0.079985904
Run 15
File weights 51 and ranks 51
Original previous efficiency: 0.9269288474
Original efficiency: 0.9269288474
Original ratio: 1
Knapsack previous efficiency: 0.941665138
Knapsack ratio: 1.060469409
 Final Knapsack time: 0.069588499

Karmarkar-Karp previous efficiency: 0.9430627226
Karmarkar-Karp ratio: 1.059388961
 Final Karmarkar-Karp time: 0.056166073

SFC previous efficiency: 0.817629298
 Time take to run this function: 7.719999999e-07
SFC ratio: 1.074988263
 Final SFC time: 0.002699089

Hilbert SFC previous efficiency: 0.8839687185
DM: HilbertProcessorMapDoIt called...
  (nprocs, nteams, nworkers) = (24, 24, 1)
  Bucket 0 contains 4151178473
  Bucket 1 contains 4395650299
  Bucket 2 contains 3907636265
  Bucket 3 contains 4689179490
  Bucket 4 contains 3614163233
  Bucket 5 contains 4493931700
  Bucket 6 contains 4689219969
  Bucket 7 contains 3809415036
  Bucket 8 contains 4493852929
  Bucket 9 contains 3948746966
  Bucket 10 contains 4782906009
  Bucket 11 contains 4000989603
  Bucket 12 contains 4421446752
  Bucket 13 contains 4579823103
  Bucket 14 contains 3907603445
  Bucket 15 contains 4395680930
  Bucket 16 contains 3922353238
  Bucket 17 contains 4470912468
  Bucket 18 contains 4458704744
  Bucket 19 contains 4004267035
  Bucket 20 contains 4589325623
  Bucket 21 contains 4342161582
  Bucket 22 contains 4582912422
  Bucket 23 contains 4367234640
Hilbert SFC efficiency: 0.8974608024
Hilbert SFC ratio: 1.015263079
 Final Hilbert SFC time: 0.08891757

SFC+Knapsack previous efficiency: 0.8747367548
SFC + Knapsack ratio: 1.04708725
 Final SFC+Knapsack_Combined time: 0.000644008

SFC+Painter previous efficiency: 0.9153978854
Binary search iterations: 30
SFC+painterPartition efficiency: 0.9153978854
SFC+Painter ratio: 1
 Final SFC+Painter time: 0.013073481

Hilbert+Painter previous efficiency: 0.9053247127
Binary search iterations: 30
Hilbert+painterPartition efficiency: 0.9226257783
Hilbert+Painter ratio: 1.019110343
 Final Hilbert+Painter time: 0.00148617
Painter+Knapsack previous efficiency: 0.8746397123
Binary search iterations: 30
SFC+painterPartition efficiency: 0.9766120525
Painter+Knapsack ratio: 1.047203426
 Final painter+Knapsack_Combined time: 0.10363265
Run 16
File weights 51 and ranks 51
Original previous efficiency: 0.9008374744
Original efficiency: 0.9949094235
Original ratio: 1.104427216
Knapsack previous efficiency: 0.9131101338
Knapsack ratio: 1.093318976
 Final Knapsack time: 0.054228579

Karmarkar-Karp previous efficiency: 0.9129120357
Karmarkar-Karp ratio: 1.094085217
 Final Karmarkar-Karp time: 0.010610408

SFC previous efficiency: 0.760786608
 Time take to run this function: 5.210000005e-07
SFC ratio: 1.151312374
 Final SFC time: 0.001031539

Hilbert SFC previous efficiency: 0.8033246896
DM: HilbertProcessorMapDoIt called...
  (nprocs, nteams, nworkers) = (24, 24, 1)
  Bucket 0 contains 3715094095
  Bucket 1 contains 3933883998
  Bucket 2 contains 3497137394
  Bucket 3 contains 3497100839
  Bucket 4 contains 3933900969
  Bucket 5 contains 4021813862
  Bucket 6 contains 4196643590
  Bucket 7 contains 3409225152
  Bucket 8 contains 4021776983
  Bucket 9 contains 3559363702
  Bucket 10 contains 3893916163
  Bucket 11 contains 3977284021
  Bucket 12 contains 3926896844
  Bucket 13 contains 3416725561
  Bucket 14 contains 4161224435
  Bucket 15 contains 3933899988
  Bucket 16 contains 3510286435
  Bucket 17 contains 3993695765
  Bucket 18 contains 3984312570
  Bucket 19 contains 3583525739
  Bucket 20 contains 4107019252
  Bucket 21 contains 3884349340
  Bucket 22 contains 3772274776
  Bucket 23 contains 3945675312
Hilbert SFC efficiency: 0.9122074265
Hilbert SFC ratio: 1.135540135
 Final Hilbert SFC time: 0.013696457

SFC+Knapsack previous efficiency: 0.8513504263
SFC + Knapsack ratio: 1.072119063
 Final SFC+Knapsack_Combined time: 0.0036334

SFC+Painter previous efficiency: 0.9122157265
Binary search iterations: 30
SFC+painterPartition efficiency: 0.9122605637
SFC+Painter ratio: 1.000049152
 Final SFC+Painter time: 0.044979739

Hilbert+Painter previous efficiency: 0.8033246896
Binary search iterations: 30
Hilbert+painterPartition efficiency: 0.9317029978
Hilbert+Painter ratio: 1.159808742
 Final Hilbert+Painter time: 0.007499139
Painter+Knapsack previous efficiency: 0.8512431717
Binary search iterations: 30
SFC+painterPartition efficiency: 0.9814551691
Painter+Knapsack ratio: 1.07225373
 Final painter+Knapsack_Combined time: 0.08658493
Run 17
File weights 51 and ranks 51
Original previous efficiency: 0.9878988583
Original efficiency: 0.9878988583
Original ratio: 1
Knapsack previous efficiency: 0.9043206528
Knapsack ratio: 1.10406276
 Final Knapsack time: 0.055789242

Karmarkar-Karp previous efficiency: 0.9116833378
Karmarkar-Karp ratio: 1.095806213
 Final Karmarkar-Karp time: 0.020764853

SFC previous efficiency: 0.8752057134
 Time take to run this function: 7.210000001e-07
SFC ratio: 1
 Final SFC time: 0.001572427

Hilbert SFC previous efficiency: 0.9114639928
DM: HilbertProcessorMapDoIt called...
  (nprocs, nteams, nworkers) = (24, 24, 1)
  Bucket 0 contains 3729559797
  Bucket 1 contains 3949215757
  Bucket 2 contains 3510723017
  Bucket 3 contains 3510743657
  Bucket 4 contains 3949204618
  Bucket 5 contains 4037479022
  Bucket 6 contains 3510686977
  Bucket 7 contains 4124826555
  Bucket 8 contains 4037442983
  Bucket 9 contains 3619437894
  Bucket 10 contains 3954543886
  Bucket 11 contains 3429989519
  Bucket 12 contains 4139944575
  Bucket 13 contains 3702472627
  Bucket 14 contains 4172859121
  Bucket 15 contains 3949185942
  Bucket 16 contains 3523960260
  Bucket 17 contains 4002464240
  Bucket 18 contains 3996072166
  Bucket 19 contains 3597448918
  Bucket 20 contains 4122888934
  Bucket 21 contains 3897056602
  Bucket 22 contains 3783542599
  Bucket 23 contains 3908729009
Hilbert SFC efficiency: 0.9202371404
Hilbert SFC ratio: 1.009625336
 Final Hilbert SFC time: 0.076021463

SFC+Knapsack previous efficiency: 0.8513976809
SFC + Knapsack ratio: 1.071227851
 Final SFC+Knapsack_Combined time: 0.006470467

SFC+Painter previous efficiency: 0.91147661
Binary search iterations: 30
SFC+painterPartition efficiency: 0.9115133999
SFC+Painter ratio: 1.000040363
 Final SFC+Painter time: 0.058508782

Hilbert+Painter previous efficiency: 0.9236007916
Binary search iterations: 30
Hilbert+painterPartition efficiency: 0.9236007916
Hilbert+Painter ratio: 1
 Final Hilbert+Painter time: 0.005572056
Painter+Knapsack previous efficiency: 0.8512896479
Binary search iterations: 30
SFC+painterPartition efficiency: 0.9806961103
Painter+Knapsack ratio: 1.071363796
 Final painter+Knapsack_Combined time: 0.076351813
Run 18
File weights 51 and ranks 51
Original previous efficiency: 0.9814900597
Original efficiency: 0.9814900597
Original ratio: 1
Knapsack previous efficiency: 0.9894879086
Knapsack ratio: 1.009013626
 Final Knapsack time: 0.051567062

Karmarkar-Karp previous efficiency: 0.912851662
Karmarkar-Karp ratio: 1.094285811
 Final Karmarkar-Karp time: 0.054139787

SFC previous efficiency: 0.8747781093
 Time take to run this function: 1.703e-06
SFC ratio: 1.04146895
 Final SFC time: 0.003827366

Hilbert SFC previous efficiency: 0.9036732689
DM: HilbertProcessorMapDoIt called...
  (nprocs, nteams, nworkers) = (24, 24, 1)
  Bucket 0 contains 3759935639
  Bucket 1 contains 3361941116
  Bucket 2 contains 4158774471
  Bucket 3 contains 3539355456
  Bucket 4 contains 3981406045
  Bucket 5 contains 4070420231
  Bucket 6 contains 3539294019
  Bucket 7 contains 4158489419
  Bucket 8 contains 4070332700
  Bucket 9 contains 3647313341
  Bucket 10 contains 3946430004
  Bucket 11 contains 3542099456
  Bucket 12 contains 4211468890
  Bucket 13 contains 3672648082
  Bucket 14 contains 4199398155
  Bucket 15 contains 3981396466
  Bucket 16 contains 3552662627
  Bucket 17 contains 4028399307
  Bucket 18 contains 4025547845
  Bucket 19 contains 3626771854
  Bucket 20 contains 4156321634
  Bucket 21 contains 3221187483
  Bucket 22 contains 4174105630
  Bucket 23 contains 4241398103
Hilbert SFC efficiency: 0.9123082346
Hilbert SFC ratio: 1.009555407
 Final Hilbert SFC time: 0.058305167

SFC+Knapsack previous efficiency: 0.8525184412
SFC + Knapsack ratio: 1.069328408
 Final SFC+Knapsack_Combined time: 0.006135989

SFC+Painter previous efficiency: 0.9110478622
Binary search iterations: 30
SFC+painterPartition efficiency: 0.9110725191
SFC+Painter ratio: 1.000027064
 Final SFC+Painter time: 0.035285616

Hilbert+Painter previous efficiency: 0.9036732689
Binary search iterations: 30
Hilbert+painterPartition efficiency: 0.9187916417
Hilbert+Painter ratio: 1.01672991
 Final Hilbert+Painter time: 0.006498942
Painter+Knapsack previous efficiency: 0.8524105055
Binary search iterations: 30
SFC+painterPartition efficiency: 0.9802516287
Painter+Knapsack ratio: 1.069463228
 Final painter+Knapsack_Combined time: 0.019171385
Run 19
File weights 51 and ranks 51
Original previous efficiency: 0.9712315713
Original efficiency: 0.9712315713
Original ratio: 1
Knapsack previous efficiency: 0.9639518705
Knapsack ratio: 1.0358483
 Final Knapsack time: 0.00712265

Karmarkar-Karp previous efficiency: 0.9263157527
Karmarkar-Karp ratio: 1.077770596
 Final Karmarkar-Karp time: 0.008697251

SFC previous efficiency: 0.8744051284
 Time take to run this function: 5.620000003e-07
SFC ratio: 1.041467633
 Final SFC time: 0.001034575

Hilbert SFC previous efficiency: 0.879534545
DM: HilbertProcessorMapDoIt called...
  (nprocs, nteams, nworkers) = (24, 24, 1)
  Bucket 0 contains 3836620566
  Bucket 1 contains 3430552940
  Bucket 2 contains 4243642063
  Bucket 3 contains 3611593391
  Bucket 4 contains 4062534203
  Bucket 5 contains 4153473373
  Bucket 6 contains 3611511153
  Bucket 7 contains 4243298618
  Bucket 8 contains 4153364506
  Bucket 9 contains 3743491321
  Bucket 10 contains 3713898840
  Bucket 11 contains 4487241038
  Bucket 12 contains 4003847445
  Bucket 13 contains 3802284974
  Bucket 14 contains 3611572495
  Bucket 15 contains 4062588131
  Bucket 16 contains 3975061674
  Bucket 17 contains 4103507287
  Bucket 18 contains 4104196253
  Bucket 19 contains 3700729949
  Bucket 20 contains 3611210511
  Bucket 21 contains 3920254835
  Bucket 22 contains 4259247872
  Bucket 23 contains 4274680673
Hilbert SFC efficiency: 0.879534545
Hilbert SFC ratio: 1
 Final Hilbert SFC time: 0.018669332

SFC+Knapsack previous efficiency: 0.8734611636
SFC + Knapsack ratio: 1.040117139
 Final SFC+Knapsack_Combined time: 0.001269309

SFC+Painter previous efficiency: 0.9106610277
Binary search iterations: 30
SFC+painterPartition efficiency: 0.9106781668
SFC+Painter ratio: 1.00001882
 Final SFC+Painter time: 0.019753292

Hilbert+Painter previous efficiency: 0.879534545
Binary search iterations: 30
Hilbert+painterPartition efficiency: 0.924588621
Hilbert+Painter ratio: 1.051224908
 Final Hilbert+Painter time: 0.001915261
Painter+Knapsack previous efficiency: 0.8554319451
Binary search iterations: 30
SFC+painterPartition efficiency: 0.9793360481
Painter+Knapsack ratio: 1.065128393
 Final painter+Knapsack_Combined time: 0.027580908
Run 20
File weights 51 and ranks 51
Original previous efficiency: 0.9534593091
Original efficiency: 0.9534593091
Original ratio: 1
Knapsack previous efficiency: 0.9499275099
Knapsack ratio: 1.051287341
 Final Knapsack time: 0.021652672

Karmarkar-Karp previous efficiency: 0.9230811885
Karmarkar-Karp ratio: 1.082143611
 Final Karmarkar-Karp time: 0.017733539

SFC previous efficiency: 0.8741373784
 Time take to run this function: 7.41e-07
SFC ratio: 1.041420414
 Final SFC time: 0.002641338

Hilbert SFC previous efficiency: 0.8886805228
DM: HilbertProcessorMapDoIt called...
  (nprocs, nteams, nworkers) = (24, 24, 1)
  Bucket 0 contains 3924209362
  Bucket 1 contains 3508778680
  Bucket 2 contains 4340470937
  Bucket 3 contains 3694018886
  Bucket 4 contains 4155310707
  Bucket 5 contains 4248150234
  Bucket 6 contains 3693955455
  Bucket 7 contains 4340126201
  Bucket 8 contains 4248138168
  Bucket 9 contains 3832093127
  Bucket 10 contains 3560679452
  Bucket 11 contains 4540992392
  Bucket 12 contains 4116866964
  Bucket 13 contains 3860864037
  Bucket 14 contains 4461075671
  Bucket 15 contains 3416508998
  Bucket 16 contains 4347378023
  Bucket 17 contains 4189815059
  Bucket 18 contains 4193636484
  Bucket 19 contains 3785165999
  Bucket 20 contains 3693665189
  Bucket 21 contains 4015287810
  Bucket 22 contains 4357787370
  Bucket 23 contains 4326820623
Hilbert SFC efficiency: 0.8886805228
Hilbert SFC ratio: 1
 Final Hilbert SFC time: 0.040067542

SFC+Knapsack previous efficiency: 0.852923631
SFC + Knapsack ratio: 1.067952856
 Final SFC+Knapsack_Combined time: 0.002081453

SFC+Painter previous efficiency: 0.9103656778
Binary search iterations: 30
SFC+painterPartition efficiency: 0.910390316
SFC+Painter ratio: 1.000027064
 Final SFC+Painter time: 0.029875295

Hilbert+Painter previous efficiency: 0.8886805228
Binary search iterations: 30
Hilbert+painterPartition efficiency: 0.9261911912
Hilbert+Painter ratio: 1.042209396
 Final Hilbert+Painter time: 0.002159434
Painter+Knapsack previous efficiency: 0.8550647999
Binary search iterations: 30
SFC+painterPartition efficiency: 0.9734225121
Painter+Knapsack ratio: 1.065279672
 Final painter+Knapsack_Combined time: 0.062289016
Run 21
File weights 51 and ranks 51
Original previous efficiency: 0.9448436269
Original efficiency: 0.9448436269
Original ratio: 1
Knapsack previous efficiency: 0.9424704673
Knapsack ratio: 1.06013979
 Final Knapsack time: 0.089290011

Karmarkar-Karp previous efficiency: 0.9120030631
Karmarkar-Karp ratio: 1.094801238
 Final Karmarkar-Karp time: 0.060366441

SFC previous efficiency: 0.8732652025
 Time take to run this function: 5.520000004e-07
SFC ratio: 1.041398394
 Final SFC time: 0.004245717

Hilbert SFC previous efficiency: 0.8979810715
DM: HilbertProcessorMapDoIt called...
  (nprocs, nteams, nworkers) = (24, 24, 1)
  Bucket 0 contains 4041565486
  Bucket 1 contains 3613741542
  Bucket 2 contains 4470272015
  Bucket 3 contains 3804453665
  Bucket 4 contains 4279558827
  Bucket 5 contains 4375216678
  Bucket 6 contains 3804462541
  Bucket 7 contains 4469942535
  Bucket 8 contains 4375120105
  Bucket 9 contains 3972463786
  Bucket 10 contains 4428583654
  Bucket 11 contains 3686884789
  Bucket 12 contains 4207164009
  Bucket 13 contains 3990114172
  Bucket 14 contains 4637260202
  Bucket 15 contains 3518632945
  Bucket 16 contains 4623675595
  Bucket 17 contains 4335980481
  Bucket 18 contains 3650067100
  Bucket 19 contains 4564274534
  Bucket 20 contains 3804145488
  Bucket 21 contains 4138133417
  Bucket 22 contains 4489110022
  Bucket 23 contains 4366532372
Hilbert SFC efficiency: 0.8953504837
Hilbert SFC ratio: 0.9970705532
 Final Hilbert SFC time: 0.078669744

SFC+Knapsack previous efficiency: 0.8381635192
SFC + Knapsack ratio: 1.085688703
 Final SFC+Knapsack_Combined time: 0.00083044

SFC+Painter previous efficiency: 0.9083520625
Binary search iterations: 30
SFC+painterPartition efficiency: 0.9094672658
SFC+Painter ratio: 1.001227721
 Final SFC+Painter time: 0.127747092

Hilbert+Painter previous efficiency: 0.8979810715
Binary search iterations: 30
Hilbert+painterPartition efficiency: 0.9288649983
Hilbert+Painter ratio: 1.034392626
 Final Hilbert+Painter time: 0.02418553
Painter+Knapsack previous efficiency: 0.8552821519
Binary search iterations: 30
SFC+painterPartition efficiency: 0.9796118628
Painter+Knapsack ratio: 1.06395844
 Final painter+Knapsack_Combined time: 0.091541964
Run 22
File weights 51 and ranks 51
Original previous efficiency: 0.9400311331
Original efficiency: 0.9400311331
Original ratio: 1
Knapsack previous efficiency: 0.938588592
Knapsack ratio: 1.063858063
 Final Knapsack time: 0.053251546

Karmarkar-Karp previous efficiency: 0.9055006566
Karmarkar-Karp ratio: 1.102736989
 Final Karmarkar-Karp time: 0.009045626

SFC previous efficiency: 0.87255553
 Time take to run this function: 7.110000002e-07
SFC ratio: 1.041388163
 Final SFC time: 0.001146351

Hilbert SFC previous efficiency: 0.8840763589
DM: HilbertProcessorMapDoIt called...
  (nprocs, nteams, nworkers) = (24, 24, 1)
  Bucket 0 contains 3982291297
  Bucket 1 contains 3560754859
  Bucket 2 contains 4404734407
  Bucket 3 contains 3748679934
  Bucket 4 contains 4216804435
  Bucket 5 contains 4311075004
  Bucket 6 contains 3748652297
  Bucket 7 contains 4404456637
  Bucket 8 contains 4311022177
  Bucket 9 contains 3973241538
  Bucket 10 contains 4275476327
  Bucket 11 contains 3654621133
  Bucket 12 contains 4101124059
  Bucket 13 contains 3846162243
  Bucket 14 contains 4608728263
  Bucket 15 contains 4216765952
  Bucket 16 contains 3874044852
  Bucket 17 contains 4304013889
  Bucket 18 contains 3595749045
  Bucket 19 contains 4497303952
  Bucket 20 contains 3748321001
  Bucket 21 contains 4075450676
  Bucket 22 contains 4422910303
  Bucket 23 contains 4224622941
Hilbert SFC efficiency: 0.8869674527
Hilbert SFC ratio: 1.003270186
 Final Hilbert SFC time: 0.012246969

SFC+Knapsack previous efficiency: 0.8271948251
SFC + Knapsack ratio: 1.099223181
 Final SFC+Knapsack_Combined time: 0.001178703

SFC+Painter previous efficiency: 0.9016044434
Binary search iterations: 30
SFC+painterPartition efficiency: 0.9087369124
SFC+Painter ratio: 1.007910863
 Final SFC+Painter time: 0.090765499

Hilbert+Painter previous efficiency: 0.8840763589
Binary search iterations: 30
Hilbert+painterPartition efficiency: 0.9281035788
Hilbert+Painter ratio: 1.049800246
 Final Hilbert+Painter time: 0.014790347
Painter+Knapsack previous efficiency: 0.8532625429
Binary search iterations: 30
SFC+painterPartition efficiency: 0.9778433994
Painter+Knapsack ratio: 1.065641208
 Final painter+Knapsack_Combined time: 0.128797848
Run 23
File weights 51 and ranks 51
Original previous efficiency: 0.9406531118
Original efficiency: 0.9406531118
Original ratio: 1
Knapsack previous efficiency: 0.9362458141
Knapsack ratio: 1.066450559
 Final Knapsack time: 0.043826765

Karmarkar-Karp previous efficiency: 0.9927437763
Karmarkar-Karp ratio: 1.006356522
 Final Karmarkar-Karp time: 0.007896069

SFC previous efficiency: 0.8722267749
 Time take to run this function: 6.209999999e-07
SFC ratio: 1.0413897
 Final SFC time: 0.000917548

Hilbert SFC previous efficiency: 0.876390678
DM: HilbertProcessorMapDoIt called...
  (nprocs, nteams, nworkers) = (24, 24, 1)
  Bucket 0 contains 3958932625
  Bucket 1 contains 3539854630
  Bucket 2 contains 4378894100
  Bucket 3 contains 3726696448
  Bucket 4 contains 4192036979
  Bucket 5 contains 4285710034
  Bucket 6 contains 3726658191
  Bucket 7 contains 4378565096
  Bucket 8 contains 4285763592
  Bucket 9 contains 3958199258
  Bucket 10 contains 4146435406
  Bucket 11 contains 3626115457
  Bucket 12 contains 4117480854
  Bucket 13 contains 3826807929
  Bucket 14 contains 4609958582
  Bucket 15 contains 4196605831
  Bucket 16 contains 3885324733
  Bucket 17 contains 3687014933
  Bucket 18 contains 4192055747
  Bucket 19 contains 4470892455
  Bucket 20 contains 3726365357
  Bucket 21 contains 4048461302
  Bucket 22 contains 4395355568
  Bucket 23 contains 4134024349
Hilbert SFC efficiency: 0.8811920227
Hilbert SFC ratio: 1.005478544
 Final Hilbert SFC time: 0.119850854

SFC+Knapsack previous efficiency: 0.8250005636
SFC + Knapsack ratio: 1.101758373
 Final SFC+Knapsack_Combined time: 0.014056425

SFC+Painter previous efficiency: 0.9017344958
Binary search iterations: 30
SFC+painterPartition efficiency: 0.9084795201
SFC+Painter ratio: 1.007480056
 Final SFC+Painter time: 0.137654558

Hilbert+Painter previous efficiency: 0.876390678
Binary search iterations: 30
Hilbert+painterPartition efficiency: 0.9277602681
Hilbert+Painter ratio: 1.058614944
 Final Hilbert+Painter time: 0.006536425
Painter+Knapsack previous efficiency: 0.854598822
Binary search iterations: 30
SFC+painterPartition efficiency: 0.9774946486
Painter+Knapsack ratio: 1.063599967
 Final painter+Knapsack_Combined time: 0.018739248
Run 24
File weights 51 and ranks 51
Original previous efficiency: 0.9217951592
Original efficiency: 0.9217951592
Original ratio: 1
Knapsack previous efficiency: 0.9163914389
Knapsack ratio: 1.089662992
 Final Knapsack time: 0.108547713

Karmarkar-Karp previous efficiency: 0.9710176475
Karmarkar-Karp ratio: 1.028184618
 Final Karmarkar-Karp time: 0.101152494

SFC previous efficiency: 0.8718994785
 Time take to run this function: 3.207000001e-06
SFC ratio: 1.041386551
 Final SFC time: 0.003841192

Hilbert SFC previous efficiency: 0.8176125763
DM: HilbertProcessorMapDoIt called...
  (nprocs, nteams, nworkers) = (24, 24, 1)
  Bucket 0 contains 3643695005
  Bucket 1 contains 3258000669
  Bucket 2 contains 4030257938
  Bucket 3 contains 3430015444
  Bucket 4 contains 3858239641
  Bucket 5 contains 3944487421
  Bucket 6 contains 3429954946
  Bucket 7 contains 4029889189
  Bucket 8 contains 3944520390
  Bucket 9 contains 3600134143
  Bucket 10 contains 3500647152
  Bucket 11 contains 3953683517
  Bucket 12 contains 3932612985
  Bucket 13 contains 3547761524
  Bucket 14 contains 3429981514
  Bucket 15 contains 3871249238
  Bucket 16 contains 3872144594
  Bucket 17 contains 3978670940
  Bucket 18 contains 3289900615
  Bucket 19 contains 4114875369
  Bucket 20 contains 3429700152
  Bucket 21 contains 3727334535
  Bucket 22 contains 4044114598
  Bucket 23 contains 3835994358
Hilbert SFC efficiency: 0.908268354
Hilbert SFC ratio: 1.110878649
 Final Hilbert SFC time: 0.113599211

SFC+Knapsack previous efficiency: 0.908626545
SFC + Knapsack ratio: 1.008813648
 Final SFC+Knapsack_Combined time: 0.00435084

SFC+Painter previous efficiency: 0.8910695608
Binary search iterations: 30
SFC+painterPartition efficiency: 0.9081485173
SFC+Painter ratio: 1.019166805
 Final SFC+Painter time: 0.009902757

Hilbert+Painter previous efficiency: 0.8176125763
Binary search iterations: 30
Hilbert+painterPartition efficiency: 0.9274227908
Hilbert+Painter ratio: 1.134305926
 Final Hilbert+Painter time: 0.001833523
Painter+Knapsack previous efficiency: 0.8525047503
Binary search iterations: 30
SFC+painterPartition efficiency: 0.9771494449
Painter+Knapsack ratio: 1.075225515
 Final painter+Knapsack_Combined time: 0.127049291
Run 25
File weights 51 and ranks 51
Original previous efficiency: 0.9123867164
Original efficiency: 0.9123867164
Original ratio: 1
Knapsack previous efficiency: 0.9129519923
Knapsack ratio: 1.093415478
 Final Knapsack time: 0.091435097

Karmarkar-Karp previous efficiency: 0.9632702557
Karmarkar-Karp ratio: 1.036774339
 Final Karmarkar-Karp time: 0.053111364

SFC previous efficiency: 0.8716685209
 Time take to run this function: 6.110000008e-07
SFC ratio: 1.04139018
 Final SFC time: 0.002362798

Hilbert SFC previous efficiency: 0.9080154575
DM: HilbertProcessorMapDoIt called...
  (nprocs, nteams, nworkers) = (24, 24, 1)
  Bucket 0 contains 3618877881
  Bucket 1 contains 3235802866
  Bucket 2 contains 4002723919
  Bucket 3 contains 3406563407
  Bucket 4 contains 3831969417
  Bucket 5 contains 3917565392
  Bucket 6 contains 3406513814
  Bucket 7 contains 4002342744
  Bucket 8 contains 3917653136
  Bucket 9 contains 3587794835
  Bucket 10 contains 3341813777
  Bucket 11 contains 3940138153
  Bucket 12 contains 3840713302
  Bucket 13 contains 3511190875
  Bucket 14 contains 4087911695
  Bucket 15 contains 3187978146
  Bucket 16 contains 3943878803
  Bucket 17 contains 3985736065
  Bucket 18 contains 3269293222
  Bucket 19 contains 4086883465
  Bucket 20 contains 3406328469
  Bucket 21 contains 3707335530
  Bucket 22 contains 4016822429
  Bucket 23 contains 3809049282
Hilbert SFC efficiency: 0.9077870649
Hilbert SFC ratio: 0.9997484706
 Final Hilbert SFC time: 0.017140861

SFC+Knapsack previous efficiency: 0.908423452
SFC + Knapsack ratio: 1.009689117
 Final SFC+Knapsack_Combined time: 0.000860437

SFC+Painter previous efficiency: 0.8736006049
Binary search iterations: 30
SFC+painterPartition efficiency: 0.9079139462
SFC+Painter ratio: 1.039278065
 Final SFC+Painter time: 0.008429913

Hilbert+Painter previous efficiency: 0.9271952945
Binary search iterations: 30
Hilbert+painterPartition efficiency: 0.9271952945
Hilbert+Painter ratio: 1
 Final Hilbert+Painter time: 0.004972463
Painter+Knapsack previous efficiency: 0.851210592
Binary search iterations: 30
SFC+painterPartition efficiency: 0.9769156476
Painter+Knapsack ratio: 1.077553877
 Final painter+Knapsack_Combined time: 0.017707077
Run 26
File weights 51 and ranks 51
Original previous efficiency: 0.914794111
Original efficiency: 0.914794111
Original ratio: 1
Knapsack previous efficiency: 0.909304376
Knapsack ratio: 1.098073358
 Final Knapsack time: 0.091541924

Karmarkar-Karp previous efficiency: 0.9595388116
Karmarkar-Karp ratio: 1.040692315
 Final Karmarkar-Karp time: 0.063497347

SFC previous efficiency: 0.8693894671
 Time take to run this function: 9.720000005e-07
SFC ratio: 1.043871302
 Final SFC time: 0.007502116

Hilbert SFC previous efficiency: 0.9077853747
DM: HilbertProcessorMapDoIt called...
  (nprocs, nteams, nworkers) = (24, 24, 1)
  Bucket 0 contains 3598080801
  Bucket 1 contains 3217169802
  Bucket 2 contains 3979751420
  Bucket 3 contains 3387021355
  Bucket 4 contains 3809885646
  Bucket 5 contains 3894986374
  Bucket 6 contains 3386955292
  Bucket 7 contains 3979289622
  Bucket 8 contains 3895084993
  Bucket 9 contains 3568437618
  Bucket 10 contains 3238615024
  Bucket 11 contains 3817407540
  Bucket 12 contains 3811829294
  Bucket 13 contains 3532425204
  Bucket 14 contains 4064387821
  Bucket 15 contains 3181978895
  Bucket 16 contains 3949319466
  Bucket 17 contains 4048187060
  Bucket 18 contains 3248251249
  Bucket 19 contains 4063393317
  Bucket 20 contains 3386746993
  Bucket 21 contains 3691840475
  Bucket 22 contains 3996117384
  Bucket 23 contains 3781373948
Hilbert SFC efficiency: 0.9075632511
Hilbert SFC ratio: 0.9997553127
 Final Hilbert SFC time: 0.073143758

SFC+Knapsack previous efficiency: 0.9082289588
SFC + Knapsack ratio: 1.012178048
 Final SFC+Knapsack_Combined time: 0.000878111

SFC+Painter previous efficiency: 0.872680975
Binary search iterations: 30
SFC+painterPartition efficiency: 0.9076833244
SFC+Painter ratio: 1.040108986
 Final SFC+Painter time: 0.016459491

Hilbert+Painter previous efficiency: 0.9111953005
Binary search iterations: 30
Hilbert+painterPartition efficiency: 0.92697174
Hilbert+Painter ratio: 1.017314004
 Final Hilbert+Painter time: 0.005355346
Painter+Knapsack previous efficiency: 0.851850526
Binary search iterations: 30
SFC+painterPartition efficiency: 0.9766871806
Painter+Knapsack ratio: 1.079167515
 Final painter+Knapsack_Combined time: 0.07649489
Run 27
File weights 51 and ranks 51
Original previous efficiency: 0.910023144
Original efficiency: 0.910023144
Original ratio: 1
Knapsack previous efficiency: 0.9112827612
Knapsack ratio: 1.095912685
 Final Knapsack time: 0.023992857

Karmarkar-Karp previous efficiency: 0.9370181234
Karmarkar-Karp ratio: 1.065571609
 Final Karmarkar-Karp time: 0.029368953

SFC previous efficiency: 0.8618582934
 Time take to run this function: 5.410000004e-07
SFC ratio: 1.03680013
 Final SFC time: 0.001382288

Hilbert SFC previous efficiency: 0.8881369175
DM: HilbertProcessorMapDoIt called...
  (nprocs, nteams, nworkers) = (24, 24, 1)
  Bucket 0 contains 3677481085
  Bucket 1 contains 3288122155
  Bucket 2 contains 4067606275
  Bucket 3 contains 3461723252
  Bucket 4 contains 3893966733
  Bucket 5 contains 4001602807
  Bucket 6 contains 3461684485
  Bucket 7 contains 4155405616
  Bucket 8 contains 3288711414
  Bucket 9 contains 4365898538
  Bucket 10 contains 3278793072
  Bucket 11 contains 3806751858
  Bucket 12 contains 3825864670
  Bucket 13 contains 3596084429
  Bucket 14 contains 4205328181
  Bucket 15 contains 3265320280
  Bucket 16 contains 3899681806
  Bucket 17 contains 4242932995
  Bucket 18 contains 3318870262
  Bucket 19 contains 4153099136
  Bucket 20 contains 3461459960
  Bucket 21 contains 3775034915
  Bucket 22 contains 4088318334
  Bucket 23 contains 3859588090
Hilbert SFC efficiency: 0.863122539
Hilbert SFC ratio: 0.9718349976
 Final Hilbert SFC time: 0.02718951

SFC+Knapsack previous efficiency: 0.9043593945
SFC + Knapsack ratio: 1.015433353
 Final SFC+Knapsack_Combined time: 0.001817522

SFC+Painter previous efficiency: 0.8747243656
Binary search iterations: 29
SFC+painterPartition efficiency: 0.907971586
SFC+Painter ratio: 1.038008796
 Final SFC+Painter time: 0.014393247

Hilbert+Painter previous efficiency: 0.8881369175
Binary search iterations: 30
Hilbert+painterPartition efficiency: 0.9073478161
Hilbert+Painter ratio: 1.02163056
 Final Hilbert+Painter time: 0.001417908
Painter+Knapsack previous efficiency: 0.856471047
Binary search iterations: 30
SFC+painterPartition efficiency: 0.9762458799
Painter+Knapsack ratio: 1.072209849
 Final painter+Knapsack_Combined time: 0.023139853
Run 28
File weights 51 and ranks 51
Original previous efficiency: 0.907070437
Original efficiency: 0.9987962625
Original ratio: 1.101123156
Knapsack previous efficiency: 0.9125405637
Knapsack ratio: 1.094685623
 Final Knapsack time: 0.019750687

Karmarkar-Karp previous efficiency: 0.9274253805
Karmarkar-Karp ratio: 1.076996102
 Final Karmarkar-Karp time: 0.018751111

SFC previous efficiency: 0.8494968195
 Time take to run this function: 5.720000011e-07
SFC ratio: 1.058124129
 Final SFC time: 0.001674805

Hilbert SFC previous efficiency: 0.876341776
DM: HilbertProcessorMapDoIt called...
  (nprocs, nteams, nworkers) = (24, 24, 1)
  Bucket 0 contains 3763772834
  Bucket 1 contains 3365238913
  Bucket 2 contains 4163044030
  Bucket 3 contains 3543004228
  Bucket 4 contains 3985279377
  Bucket 5 contains 4161985704
  Bucket 6 contains 3542874946
  Bucket 7 contains 4304066659
  Bucket 8 contains 3365867462
  Bucket 9 contains 3659220251
  Bucket 10 contains 4145442968
  Bucket 11 contains 3876358062
  Bucket 12 contains 3883529661
  Bucket 13 contains 3640444422
  Bucket 14 contains 4396914858
  Bucket 15 contains 3359441733
  Bucket 16 contains 3794460081
  Bucket 17 contains 4399419905
  Bucket 18 contains 3398174056
  Bucket 19 contains 4250597896
  Bucket 20 contains 3542640192
  Bucket 21 contains 3861107925
  Bucket 22 contains 4188542830
  Bucket 23 contains 3938061873
Hilbert SFC efficiency: 0.876341776
Hilbert SFC ratio: 1
 Final Hilbert SFC time: 0.03035827

SFC+Knapsack previous efficiency: 0.875587976
SFC + Knapsack ratio: 1.04963846
 Final SFC+Knapsack_Combined time: 0.001529703

SFC+Painter previous efficiency: 0.8569374286
Binary search iterations: 30
SFC+painterPartition efficiency: 0.9076923963
SFC+Painter ratio: 1.059228324
 Final SFC+Painter time: 0.025201789

Hilbert+Painter previous efficiency: 0.876341776
Binary search iterations: 30
Hilbert+painterPartition efficiency: 0.9070242698
Hilbert+Painter ratio: 1.035012018
 Final Hilbert+Painter time: 0.002584187
Painter+Knapsack previous efficiency: 0.8545413754
Binary search iterations: 30
SFC+painterPartition efficiency: 0.975927709
Painter+Knapsack ratio: 1.07549013
 Final painter+Knapsack_Combined time: 0.044953007
Run 29
File weights 51 and ranks 51
Original previous efficiency: 0.9878125073
Original efficiency: 0.9878125073
Original ratio: 1
Knapsack previous efficiency: 0.9134021047
Knapsack ratio: 1.093244481
 Final Knapsack time: 0.019459082

Karmarkar-Karp previous efficiency: 0.922342749
Karmarkar-Karp ratio: 1.08254228
 Final Karmarkar-Karp time: 0.01751697

SFC previous efficiency: 0.825159662
 Time take to run this function: 5.099999996e-07
SFC ratio: 1.098550465
 Final SFC time: 0.001167161

Hilbert SFC previous efficiency: 0.8678567022
DM: HilbertProcessorMapDoIt called...
  (nprocs, nteams, nworkers) = (24, 24, 1)
  Bucket 0 contains 3830903178
  Bucket 1 contains 3425191448
  Bucket 2 contains 4237265999
  Bucket 3 contains 3606133606
  Bucket 4 contains 4056285478
  Bucket 5 contains 4296415957
  Bucket 6 contains 3606019520
  Bucket 7 contains 3789122351
  Bucket 8 contains 4056273362
  Bucket 9 contains 3728783190
  Bucket 10 contains 4133740745
  Bucket 11 contains 3927409752
  Bucket 12 contains 3975309928
  Bucket 13 contains 3676682651
  Bucket 14 contains 3849765798
  Bucket 15 contains 4153873507
  Bucket 16 contains 3704904279
  Bucket 17 contains 3926569087
  Bucket 18 contains 4052634710
  Bucket 19 contains 4326281616
  Bucket 20 contains 3605806493
  Bucket 21 contains 3928892198
  Bucket 22 contains 4266192040
  Bucket 23 contains 3984449514
Hilbert SFC efficiency: 0.9067149996
Hilbert SFC ratio: 1.044775016
 Final Hilbert SFC time: 0.023607359

SFC+Knapsack previous efficiency: 0.8624589049
SFC + Knapsack ratio: 1.067251036
 Final SFC+Knapsack_Combined time: 0.000772807

SFC+Painter previous efficiency: 0.851845597
Binary search iterations: 30
SFC+painterPartition efficiency: 0.9074013503
SFC+Painter ratio: 1.065218102
 Final SFC+Painter time: 0.059549398

Hilbert+Painter previous efficiency: 0.8678567022
Binary search iterations: 30
Hilbert+painterPartition efficiency: 0.9067149996
Hilbert+Painter ratio: 1.044775016
 Final Hilbert+Painter time: 0.017146993
Painter+Knapsack previous efficiency: 0.8531290387
Binary search iterations: 30
SFC+painterPartition efficiency: 0.977394646
Painter+Knapsack ratio: 1.078889495
 Final painter+Knapsack_Combined time: 0.183962711
Run 30
File weights 51 and ranks 51
Original previous efficiency: 0.9783063425
Original efficiency: 0.9783063425
Original ratio: 1
Knapsack previous efficiency: 0.9132255197
Knapsack ratio: 1.093796354
 Final Knapsack time: 0.04815934

Karmarkar-Karp previous efficiency: 0.924815661
Karmarkar-Karp ratio: 1.079902422
 Final Karmarkar-Karp time: 0.008222101

SFC previous efficiency: 0.8087613815
 Time take to run this function: 6.710000005e-07
SFC ratio: 1.120513177
 Final SFC time: 0.001155158

Hilbert SFC previous efficiency: 0.8637363454
DM: HilbertProcessorMapDoIt called...
  (nprocs, nteams, nworkers) = (24, 24, 1)
  Bucket 0 contains 3866552358
  Bucket 1 contains 3456977517
  Bucket 2 contains 4276723819
  Bucket 3 contains 3639691935
  Bucket 4 contains 4093886778
  Bucket 5 contains 4387361887
  Bucket 6 contains 3639589356
  Bucket 7 contains 3847200874
  Bucket 8 contains 4093942144
  Bucket 9 contains 3757178050
  Bucket 10 contains 4164971980
  Bucket 11 contains 3991869938
  Bucket 12 contains 3940924495
  Bucket 13 contains 3614819408
  Bucket 14 contains 3958725078
  Bucket 15 contains 4216689657
  Bucket 16 contains 3636964460
  Bucket 17 contains 3983810636
  Bucket 18 contains 4097341526
  Bucket 19 contains 4366576357
  Bucket 20 contains 3639380800
  Bucket 21 contains 3971132871
  Bucket 22 contains 4306156488
  Bucket 23 contains 4046074092
Hilbert SFC efficiency: 0.9021608063
Hilbert SFC ratio: 1.044486331
 Final Hilbert SFC time: 0.104677805

SFC+Knapsack previous efficiency: 0.8426439397
SFC + Knapsack ratio: 1.092166819
 Final SFC+Knapsack_Combined time: 0.009129398

SFC+Painter previous efficiency: 0.8345360756
Binary search iterations: 30
SFC+painterPartition efficiency: 0.9071862156
SFC+Painter ratio: 1.087054523
 Final SFC+Painter time: 0.098327521

Hilbert+Painter previous efficiency: 0.8637363454
Binary search iterations: 30
Hilbert+painterPartition efficiency: 0.9064552212
Hilbert+Painter ratio: 1.049458236
 Final Hilbert+Painter time: 0.003539458
Painter+Knapsack previous efficiency: 0.8542544393
Binary search iterations: 29
SFC+painterPartition efficiency: 0.9820536441
Painter+Knapsack ratio: 1.074013842
 Final painter+Knapsack_Combined time: 0.01464773
Run 31
File weights 51 and ranks 51
Original previous efficiency: 0.9738207827
Original efficiency: 0.9738207827
Original ratio: 1
Knapsack previous efficiency: 0.9132511808
Knapsack ratio: 1.09369749
 Final Knapsack time: 0.025962352

Karmarkar-Karp previous efficiency: 0.9263691651
Karmarkar-Karp ratio: 1.078405049
 Final Karmarkar-Karp time: 0.012428761

SFC previous efficiency: 0.9060811293
 Time take to run this function: 5.719999994e-07
SFC ratio: 1
 Final SFC time: 0.001089642

Hilbert SFC previous efficiency: 0.861358141
DM: HilbertProcessorMapDoIt called...
  (nprocs, nteams, nworkers) = (24, 24, 1)
  Bucket 0 contains 3794912108
  Bucket 1 contains 3392874277
  Bucket 2 contains 4197496107
  Bucket 3 contains 3572275584
  Bucket 4 contains 4018004454
  Bucket 5 contains 3637240937
  Bucket 6 contains 4286641024
  Bucket 7 contains 3790916648
  Bucket 8 contains 4018031792
  Bucket 9 contains 3696151354
  Bucket 10 contains 4087371416
  Bucket 11 contains 3905188200
  Bucket 12 contains 3794784530
  Bucket 13 contains 3488413281
  Bucket 14 contains 3934354509
  Bucket 15 contains 4158096890
  Bucket 16 contains 3511698958
  Bucket 17 contains 3922456722
  Bucket 18 contains 4021677240
  Bucket 19 contains 4285651456
  Bucket 20 contains 3571925540
  Bucket 21 contains 3909029696
  Bucket 22 contains 4224345283
  Bucket 23 contains 4001133977
Hilbert SFC efficiency: 0.9061161511
Hilbert SFC ratio: 1.051962137
 Final Hilbert SFC time: 0.110975748

SFC+Knapsack previous efficiency: 0.8360822116
SFC + Knapsack ratio: 1.101055251
 Final SFC+Knapsack_Combined time: 0.008227722

SFC+Painter previous efficiency: 0.821053471
Binary search iterations: 30
SFC+painterPartition efficiency: 0.9071035158
SFC+Painter ratio: 1.104804435
 Final SFC+Painter time: 0.098818964

Hilbert+Painter previous efficiency: 0.861358141
Binary search iterations: 30
Hilbert+painterPartition efficiency: 0.9063253757
Hilbert+Painter ratio: 1.052205038
 Final Hilbert+Painter time: 0.008706659
Painter+Knapsack previous efficiency: 0.8565122426
Binary search iterations: 30
SFC+painterPartition efficiency: 0.9824716646
Painter+Knapsack ratio: 1.066724357
 Final painter+Knapsack_Combined time: 0.038503371
Run 32
File weights 51 and ranks 51
Original previous efficiency: 0.9519849974
Original efficiency: 0.9519849974
Original ratio: 1
Knapsack previous efficiency: 0.8900404672
Knapsack ratio: 1.122363527
 Final Knapsack time: 0.030082615

Karmarkar-Karp previous efficiency: 0.9129509285
Karmarkar-Karp ratio: 1.093589158
 Final Karmarkar-Karp time: 0.026519662

SFC previous efficiency: 0.8944423936
 Time take to run this function: 6.510000006e-07
SFC ratio: 1.012814778
 Final SFC time: 0.00304495

Hilbert SFC previous efficiency: 0.8573112627
DM: HilbertProcessorMapDoIt called...
  (nprocs, nteams, nworkers) = (24, 24, 1)
  Bucket 0 contains 3761714085
  Bucket 1 contains 3363112912
  Bucket 2 contains 4160707553
  Bucket 3 contains 3540981952
  Bucket 4 contains 3982810095
  Bucket 5 contains 3727496320
  Bucket 6 contains 4249080792
  Bucket 7 contains 3832662037
  Bucket 8 contains 3982796875
  Bucket 9 contains 3649543621
  Bucket 10 contains 4007527497
  Bucket 11 contains 3811953636
  Bucket 12 contains 3739240066
  Bucket 13 contains 3430770695
  Bucket 14 contains 4059330861
  Bucket 15 contains 4139026341
  Bucket 16 contains 3191178062
  Bucket 17 contains 3908835553
  Bucket 18 contains 3985155016
  Bucket 19 contains 4248115746
  Bucket 20 contains 3540584412
  Bucket 21 contains 3883654029
  Bucket 22 contains 4185337657
  Bucket 23 contains 4003960370
Hilbert SFC efficiency: 0.9059368828
Hilbert SFC ratio: 1.056718746
 Final Hilbert SFC time: 0.050969805

SFC+Knapsack previous efficiency: 0.9184518544
SFC + Knapsack ratio: 0.9879667983
 Final SFC+Knapsack_Combined time: 0.009399441

SFC+Painter previous efficiency: 0.9069580258
Binary search iterations: 30
SFC+painterPartition efficiency: 0.9069580258
SFC+Painter ratio: 1
 Final SFC+Painter time: 0.043948911

Hilbert+Painter previous efficiency: 0.8573112627
Binary search iterations: 29
Hilbert+painterPartition efficiency: 0.9222381342
Hilbert+Painter ratio: 1.075733137
 Final Hilbert+Painter time: 0.00517165
Painter+Knapsack previous efficiency: 0.8581020975
Binary search iterations: 30
SFC+painterPartition efficiency: 0.9765797798
Painter+Knapsack ratio: 1.073881937
 Final painter+Knapsack_Combined time: 0.033323625
Run 33
File weights 51 and ranks 51
Original previous efficiency: 0.943857244
Original efficiency: 0.943857244
Original ratio: 1
Knapsack previous efficiency: 0.9753023263
Knapsack ratio: 1.02367058
 Final Knapsack time: 0.059850101

Karmarkar-Karp previous efficiency: 0.9180342107
Karmarkar-Karp ratio: 1.088007721
 Final Karmarkar-Karp time: 0.079918784

SFC previous efficiency: 0.8772798517
 Time take to run this function: 8.210000004e-07
SFC ratio: 1.028936189
 Final SFC time: 0.006810436

Hilbert SFC previous efficiency: 0.8530658403
DM: HilbertProcessorMapDoIt called...
  (nprocs, nteams, nworkers) = (24, 24, 1)
  Bucket 0 contains 3715436329
  Bucket 1 contains 3321683566
  Bucket 2 contains 4109569416
  Bucket 3 contains 3497443613
  Bucket 4 contains 3934539184
  Bucket 5 contains 3755607252
  Bucket 6 contains 4196749163
  Bucket 7 contains 3794502701
  Bucket 8 contains 3234283831
  Bucket 9 contains 4285621368
  Bucket 10 contains 3940513636
  Bucket 11 contains 3740682567
  Bucket 12 contains 3662348329
  Bucket 13 contains 3292726879
  Bucket 14 contains 4108040374
  Bucket 15 contains 4102670238
  Bucket 16 contains 3069089220
  Bucket 17 contains 3871155090
  Bucket 18 contains 3937655898
  Bucket 19 contains 4195813287
  Bucket 20 contains 3496959245
  Bucket 21 contains 3834534822
  Bucket 22 contains 4132656575
  Bucket 23 contains 3979970425
Hilbert SFC efficiency: 0.8867855749
Hilbert SFC ratio: 1.039527705
 Final Hilbert SFC time: 0.042939426

SFC+Knapsack previous efficiency: 0.9129617185
SFC + Knapsack ratio: 0.9943358835
 Final SFC+Knapsack_Combined time: 0.002840894

SFC+Painter previous efficiency: 0.9066096985
Binary search iterations: 30
SFC+painterPartition efficiency: 0.9066096985
SFC+Painter ratio: 1
 Final SFC+Painter time: 0.038256342

Hilbert+Painter previous efficiency: 0.8530658403
Binary search iterations: 30
Hilbert+painterPartition efficiency: 0.9251192449
Hilbert+Painter ratio: 1.08446406
 Final Hilbert+Painter time: 0.006956489
Painter+Knapsack previous efficiency: 0.8502232746
Binary search iterations: 30
SFC+painterPartition efficiency: 0.974651593
Painter+Knapsack ratio: 1.083380714
 Final painter+Knapsack_Combined time: 0.025247858
Run 34
File weights 51 and ranks 51
Original previous efficiency: 0.9295543323
Original efficiency: 0.9295543323
Original ratio: 1
Knapsack previous efficiency: 0.9650591693
Knapsack ratio: 1.034917913
 Final Knapsack time: 0.033180478

Karmarkar-Karp previous efficiency: 0.9328507818
Karmarkar-Karp ratio: 1.070857921
 Final Karmarkar-Karp time: 0.030795597

SFC previous efficiency: 0.8726902878
 Time take to run this function: 6.320000008e-07
SFC ratio: 1.010663779
 Final SFC time: 0.002354683

Hilbert SFC previous efficiency: 0.8448983945
DM: HilbertProcessorMapDoIt called...
  (nprocs, nteams, nworkers) = (24, 24, 1)
  Bucket 0 contains 3667575539
  Bucket 1 contains 3278845913
  Bucket 2 contains 4056580355
  Bucket 3 contains 3452401722
  Bucket 4 contains 3890185482
  Bucket 5 contains 3748548455
  Bucket 6 contains 4142753837
  Bucket 7 contains 3748841215
  Bucket 8 contains 3192553866
  Bucket 9 contains 4258876681
  Bucket 10 contains 3214819431
  Bucket 11 contains 3795011961
  Bucket 12 contains 4086729096
  Bucket 13 contains 3204583857
  Bucket 14 contains 4133345160
  Bucket 15 contains 4060303018
  Bucket 16 contains 3010398976
  Bucket 17 contains 3800459237
  Bucket 18 contains 3888500116
  Bucket 19 contains 4141631874
  Bucket 20 contains 3451855938
  Bucket 21 contains 3778568868
  Bucket 22 contains 4076345369
  Bucket 23 contains 3931401949
Hilbert SFC efficiency: 0.8806226447
Hilbert SFC ratio: 1.042282303
 Final Hilbert SFC time: 0.078737355

SFC+Knapsack previous efficiency: 0.9156363146
SFC + Knapsack ratio: 0.9926128038
 Final SFC+Knapsack_Combined time: 0.005759529

SFC+Painter previous efficiency: 0.9064183456
Binary search iterations: 29
SFC+painterPartition efficiency: 0.907582006
SFC+Painter ratio: 1.001283801
 Final SFC+Painter time: 0.083716572

Hilbert+Painter previous efficiency: 0.8448983945
Binary search iterations: 30
Hilbert+painterPartition efficiency: 0.907367544
Hilbert+Painter ratio: 1.073936878
 Final Hilbert+Painter time: 0.006914316
Painter+Knapsack previous efficiency: 0.8414960903
Binary search iterations: 30
SFC+painterPartition efficiency: 0.9744151366
Painter+Knapsack ratio: 1.080067204
 Final painter+Knapsack_Combined time: 0.051535572
Run 35
File weights 51 and ranks 51
Original previous efficiency: 0.9254425948
Original efficiency: 0.9254425948
Original ratio: 1
Knapsack previous efficiency: 0.954421799
Knapsack ratio: 1.045999191
 Final Knapsack time: 0.084441277

Karmarkar-Karp previous efficiency: 0.9294576493
Karmarkar-Karp ratio: 1.074023285
 Final Karmarkar-Karp time: 0.07817188

SFC previous efficiency: 0.8852678184
 Time take to run this function: 8.510000011e-07
SFC ratio: 1
 Final SFC time: 0.003483199

Hilbert SFC previous efficiency: 0.8414565606
DM: HilbertProcessorMapDoIt called...
  (nprocs, nteams, nworkers) = (24, 24, 1)
  Bucket 0 contains 3657043956
  Bucket 1 contains 3269395249
  Bucket 2 contains 4116190902
  Bucket 3 contains 3471064973
  Bucket 4 contains 3893335755
  Bucket 5 contains 3754491418
  Bucket 6 contains 3442284554
  Bucket 7 contains 3679780122
  Bucket 8 contains 3871737832
  Bucket 9 contains 3442491768
  Bucket 10 contains 3972791902
  Bucket 11 contains 4192907097
  Bucket 12 contains 3570555614
  Bucket 13 contains 3186261057
  Bucket 14 contains 4209238328
  Bucket 15 contains 4058275174
  Bucket 16 contains 2988943760
  Bucket 17 contains 4306559048
  Bucket 18 contains 3911909623
  Bucket 19 contains 3527186390
  Bucket 20 contains 3441907069
  Bucket 21 contains 3768003090
  Bucket 22 contains 4055018839
  Bucket 23 contains 3937624542
Hilbert SFC efficiency: 0.8681041045
Hilbert SFC ratio: 1.031668354
 Final Hilbert SFC time: 0.030754558

SFC+Knapsack previous efficiency: 0.9188482318
SFC + Knapsack ratio: 0.9915317293
 Final SFC+Knapsack_Combined time: 0.000930503

SFC+Painter previous efficiency: 0.9061682443
Binary search iterations: 30
SFC+painterPartition efficiency: 0.9098332562
SFC+Painter ratio: 1.004044516
 Final SFC+Painter time: 0.113073843

Hilbert+Painter previous efficiency: 0.8414565606
Binary search iterations: 30
Hilbert+painterPartition efficiency: 0.9052763829
Hilbert+Painter ratio: 1.075844465
 Final Hilbert+Painter time: 0.012440453
Painter+Knapsack previous efficiency: 0.8293718924
Binary search iterations: 30
SFC+painterPartition efficiency: 0.9741288594
Painter+Knapsack ratio: 1.098502595
 Final painter+Knapsack_Combined time: 0.07260848
Run 36
File weights 51 and ranks 51
Original previous efficiency: 0.9149077359
Original efficiency: 0.9149077359
Original ratio: 1
Knapsack previous efficiency: 0.9479796045
Knapsack ratio: 1.054019695
 Final Knapsack time: 0.010393237

Karmarkar-Karp previous efficiency: 0.9145456769
Karmarkar-Karp ratio: 1.091841584
 Final Karmarkar-Karp time: 0.086887847

SFC previous efficiency: 0.864210595
 Time take to run this function: 7.809999989e-07
SFC ratio: 1
 Final SFC time: 0.008412339

Hilbert SFC previous efficiency: 0.8468418207
DM: HilbertProcessorMapDoIt called...
  (nprocs, nteams, nworkers) = (24, 24, 1)
  Bucket 0 contains 3713722358
  Bucket 1 contains 3312231968
  Bucket 2 contains 4260936770
  Bucket 3 contains 3574473082
  Bucket 4 contains 3959871155
  Bucket 5 contains 3773882420
  Bucket 6 contains 3487467272
  Bucket 7 contains 3686030911
  Bucket 8 contains 3922445878
  Bucket 9 contains 3487652794
  Bucket 10 contains 4036775355
  Bucket 11 contains 4208104722
  Bucket 12 contains 3546996385
  Bucket 13 contains 3188457584
  Bucket 14 contains 4273732020
  Bucket 15 contains 4117875501
  Bucket 16 contains 3797402133
  Bucket 17 contains 3559907454
  Bucket 18 contains 3975473509
  Bucket 19 contains 3573351977
  Bucket 20 contains 3486903546
  Bucket 21 contains 3824509633
  Bucket 22 contains 4095909706
  Bucket 23 contains 4012251437
Hilbert SFC efficiency: 0.8859973471
Hilbert SFC ratio: 1.046237119
 Final Hilbert SFC time: 0.087288934

SFC+Knapsack previous efficiency: 0.9092584053
SFC + Knapsack ratio: 0.9967399124
 Final SFC+Knapsack_Combined time: 0.007663929

SFC+Painter previous efficiency: 0.9019389835
Binary search iterations: 29
SFC+painterPartition efficiency: 0.9119904363
SFC+Painter ratio: 1.011144271
 Final SFC+Painter time: 0.013342401

Hilbert+Painter previous efficiency: 0.8468418207
Binary search iterations: 30
Hilbert+painterPartition efficiency: 0.9232969994
Hilbert+Painter ratio: 1.090282715
 Final Hilbert+Painter time: 0.001567266
Painter+Knapsack previous efficiency: 0.8169701982
Binary search iterations: 30
SFC+painterPartition efficiency: 0.9772389771
Painter+Knapsack ratio: 1.094233518
 Final painter+Knapsack_Combined time: 0.107093416
Run 37
File weights 51 and ranks 51
Original previous efficiency: 0.9048005043
Original efficiency: 0.9986926924
Original ratio: 1.103771149
Knapsack previous efficiency: 0.9488286587
Knapsack ratio: 1.052462924
 Final Knapsack time: 0.124397422

Karmarkar-Karp previous efficiency: 0.9126528949
Karmarkar-Karp ratio: 1.094384022
 Final Karmarkar-Karp time: 0.076550899

SFC previous efficiency: 0.8475063428
 Time take to run this function: 9.02e-07
SFC ratio: 1.039992049
 Final SFC time: 0.011376963

Hilbert SFC previous efficiency: 0.8511355362
DM: HilbertProcessorMapDoIt called...
  (nprocs, nteams, nworkers) = (24, 24, 1)
  Bucket 0 contains 3697932739
  Bucket 1 contains 3274415303
  Bucket 2 contains 3454309906
  Bucket 3 contains 4415533972
  Bucket 4 contains 3188193392
  Bucket 5 contains 3846999407
  Bucket 6 contains 4050933722
  Bucket 7 contains 3609450060
  Bucket 8 contains 3877655246
  Bucket 9 contains 3447826988
  Bucket 10 contains 3983550286
  Bucket 11 contains 3656339817
  Bucket 12 contains 3919927339
  Bucket 13 contains 3149659953
  Bucket 14 contains 4201373733
  Bucket 15 contains 4071854485
  Bucket 16 contains 3737108131
  Bucket 17 contains 3521553107
  Bucket 18 contains 3926306654
  Bucket 19 contains 3532438052
  Bucket 20 contains 3446981075
  Bucket 21 contains 3786792567
  Bucket 22 contains 4041071816
  Bucket 23 contains 3977010574
Hilbert SFC efficiency: 0.8475307374
Hilbert SFC ratio: 0.9957647184
 Final Hilbert SFC time: 0.039500884

SFC+Knapsack previous efficiency: 0.9105933439
SFC + Knapsack ratio: 0.9905684423
 Final SFC+Knapsack_Combined time: 0.000667684

SFC+Painter previous efficiency: 0.8996046799
Binary search iterations: 30
SFC+painterPartition efficiency: 0.9180230035
SFC+Painter ratio: 1.020473797
 Final SFC+Painter time: 0.0071277

Hilbert+Painter previous efficiency: 0.8511355362
Binary search iterations: 30
Hilbert+painterPartition efficiency: 0.9260663838
Hilbert+Painter ratio: 1.088036329
 Final Hilbert+Painter time: 0.001430251
Painter+Knapsack previous efficiency: 0.8085267634
Binary search iterations: 30
SFC+painterPartition efficiency: 0.9805433411
Painter+Knapsack ratio: 1.106629971
 Final painter+Knapsack_Combined time: 0.010395903
Run 38
File weights 51 and ranks 51
Original previous efficiency: 0.9818583223
Original efficiency: 0.9818583223
Original ratio: 1
Knapsack previous efficiency: 0.94976581
Knapsack ratio: 1.051575817
 Final Knapsack time: 0.166494286

Karmarkar-Karp previous efficiency: 0.9040057693
Karmarkar-Karp ratio: 1.105072655
 Final Karmarkar-Karp time: 0.162694133

SFC previous efficiency: 0.8400870184
 Time take to run this function: 4.078e-06
SFC ratio: 1.042240187
 Final SFC time: 0.012660329

Hilbert SFC previous efficiency: 0.856699815
DM: HilbertProcessorMapDoIt called...
  (nprocs, nteams, nworkers) = (24, 24, 1)
  Bucket 0 contains 2929420858
  Bucket 1 contains 3981907253
  Bucket 2 contains 3446457388
  Bucket 3 contains 3706936140
  Bucket 4 contains 3820857736
  Bucket 5 contains 3782598702
  Bucket 6 contains 3991330574
  Bucket 7 contains 3544195855
  Bucket 8 contains 3820531513
  Bucket 9 contains 3397136150
  Bucket 10 contains 3898970455
  Bucket 11 contains 3565141658
  Bucket 12 contains 3830648178
  Bucket 13 contains 3088565914
  Bucket 14 contains 4115971980
  Bucket 15 contains 4004412575
  Bucket 16 contains 3671754987
  Bucket 17 contains 3480401760
  Bucket 18 contains 3864832532
  Bucket 19 contains 3480386275
  Bucket 20 contains 3396239908
  Bucket 21 contains 3735499900
  Bucket 22 contains 3972451898
  Bucket 23 contains 3910754852
Hilbert SFC efficiency: 0.8952665117
Hilbert SFC ratio: 1.045017748
 Final Hilbert SFC time: 0.152423373

SFC+Knapsack previous efficiency: 0.9138693209
SFC + Knapsack ratio: 0.9886216864
 Final SFC+Knapsack_Combined time: 0.006102725

SFC+Painter previous efficiency: 0.9052045976
Binary search iterations: 30
SFC+painterPartition efficiency: 0.9179977875
SFC+Painter ratio: 1.014132926
 Final SFC+Painter time: 0.065881266

Hilbert+Painter previous efficiency: 0.856699815
Binary search iterations: 30
Hilbert+painterPartition efficiency: 0.9276114529
Hilbert+Painter ratio: 1.082773028
 Final Hilbert+Painter time: 0.002255661
Painter+Knapsack previous efficiency: 0.8939361365
Binary search iterations: 30
SFC+painterPartition efficiency: 0.9829221408
Painter+Knapsack ratio: 1.000023689
 Final painter+Knapsack_Combined time: 0.027333018
Run 39
File weights 51 and ranks 51
Original previous efficiency: 0.9691744312
Original efficiency: 0.9691744312
Original ratio: 1
Knapsack previous efficiency: 0.9401784959
Knapsack ratio: 1.062129973
 Final Knapsack time: 0.095518649

Karmarkar-Karp previous efficiency: 0.9819304098
Karmarkar-Karp ratio: 1.017579624
 Final Karmarkar-Karp time: 0.06871171

SFC previous efficiency: 0.8151158611
 Time take to run this function: 9.31999999e-07
SFC ratio: 1.068315189
 Final SFC time: 0.002117452

Hilbert SFC previous efficiency: 0.8332985725
DM: HilbertProcessorMapDoIt called...
  (nprocs, nteams, nworkers) = (24, 24, 1)
  Bucket 0 contains 2883737697
  Bucket 1 contains 3943139420
  Bucket 2 contains 3452243440
  Bucket 3 contains 3791035041
  Bucket 4 contains 3762159353
  Bucket 5 contains 3689377999
  Bucket 6 contains 3260281977
  Bucket 7 contains 4088629097
  Bucket 8 contains 3760920998
  Bucket 9 contains 3344147038
  Bucket 10 contains 3813885508
  Bucket 11 contains 3494866744
  Bucket 12 contains 3735378014
  Bucket 13 contains 2999452914
  Bucket 14 contains 3988321615
  Bucket 15 contains 3936385946
  Bucket 16 contains 3607456083
  Bucket 17 contains 3455517579
  Bucket 18 contains 3806609639
  Bucket 19 contains 3426013712
  Bucket 20 contains 3343194552
  Bucket 21 contains 3680836229
  Bucket 22 contains 3897607156
  Bucket 23 contains 3856461530
Hilbert SFC efficiency: 0.8867852078
Hilbert SFC ratio: 1.06418664
 Final Hilbert SFC time: 0.094926823

SFC+Knapsack previous efficiency: 0.9142195753
SFC + Knapsack ratio: 0.9884307287
 Final SFC+Knapsack_Combined time: 0.00881019

SFC+Painter previous efficiency: 0.9048108412
Binary search iterations: 30
SFC+painterPartition efficiency: 0.9185830389
SFC+Painter ratio: 1.015221079
 Final SFC+Painter time: 0.024190039

Hilbert+Painter previous efficiency: 0.8648778514
Binary search iterations: 30
Hilbert+painterPartition efficiency: 0.9302465996
Hilbert+Painter ratio: 1.07558148
 Final Hilbert+Painter time: 0.003430997
Painter+Knapsack previous efficiency: 0.8900231504
Binary search iterations: 30
SFC+painterPartition efficiency: 0.9855312074
Painter+Knapsack ratio: 1.002257074
 Final painter+Knapsack_Combined time: 0.06679127
Run 40
File weights 51 and ranks 51
Original previous efficiency: 0.9458725383
Original efficiency: 0.9458725383
Original ratio: 1
Knapsack previous efficiency: 0.9347178954
Knapsack ratio: 1.068011959
 Final Knapsack time: 0.091121059

Karmarkar-Karp previous efficiency: 0.9693659608
Karmarkar-Karp ratio: 1.02988856
 Final Karmarkar-Karp time: 0.09955503

SFC previous efficiency: 0.8041947999
 Time take to run this function: 1.093e-06
SFC ratio: 1.123193646
 Final SFC time: 0.009437585

Hilbert SFC previous efficiency: 0.8113852435
DM: HilbertProcessorMapDoIt called...
  (nprocs, nteams, nworkers) = (24, 24, 1)
  Bucket 0 contains 2844100169
  Bucket 1 contains 3950496110
  Bucket 2 contains 3499525818
  Bucket 3 contains 3811359936
  Bucket 4 contains 3711771446
  Bucket 5 contains 3567601891
  Bucket 6 contains 3215470198
  Bucket 7 contains 3298226221
  Bucket 8 contains 3765507323
  Bucket 9 contains 3957831698
  Bucket 10 contains 3144050542
  Bucket 11 contains 3953886683
  Bucket 12 contains 3662641063
  Bucket 13 contains 2962608378
  Bucket 14 contains 3856590190
  Bucket 15 contains 3889917989
  Bucket 16 contains 3542029156
  Bucket 17 contains 3448690658
  Bucket 18 contains 3761918433
  Bucket 19 contains 3378818339
  Bucket 20 contains 3297084915
  Bucket 21 contains 3634241800
  Bucket 22 contains 3827859317
  Bucket 23 contains 3813997434
Hilbert SFC efficiency: 0.903232631
Hilbert SFC ratio: 1.113198247
 Final Hilbert SFC time: 0.019704317

SFC+Knapsack previous efficiency: 0.9133685448
SFC + Knapsack ratio: 0.9905518551
 Final SFC+Knapsack_Combined time: 0.003999189

SFC+Painter previous efficiency: 0.904584657
Binary search iterations: 30
SFC+painterPartition efficiency: 0.9175855545
SFC+Painter ratio: 1.014372229
 Final SFC+Painter time: 0.075535641

Hilbert+Painter previous efficiency: 0.8576996068
Binary search iterations: 30
Hilbert+painterPartition efficiency: 0.9337125362
Hilbert+Painter ratio: 1.088624186
 Final Hilbert+Painter time: 0.014486548
Painter+Knapsack previous efficiency: 0.8855229122
Binary search iterations: 30
SFC+painterPartition efficiency: 0.9889732823
Painter+Knapsack ratio: 1.01057958
 Final painter+Knapsack_Combined time: 0.125814868
Run 41
File weights 51 and ranks 51
Original previous efficiency: 0.9277271583
Original efficiency: 0.9277271583
Original ratio: 1
Knapsack previous efficiency: 0.9320981195
Knapsack ratio: 1.07137956
 Final Knapsack time: 0.036079213

Karmarkar-Karp previous efficiency: 0.962107096
Karmarkar-Karp ratio: 1.038269338
 Final Karmarkar-Karp time: 0.041414712

SFC previous efficiency: 0.9028621536
 Time take to run this function: 9.520000006e-07
SFC ratio: 1
 Final SFC time: 0.013619347

Hilbert SFC previous efficiency: 0.8938114653
DM: HilbertProcessorMapDoIt called...
  (nprocs, nteams, nworkers) = (24, 24, 1)
  Bucket 0 contains 2807305994
  Bucket 1 contains 3946049790
  Bucket 2 contains 3515332085
  Bucket 3 contains 3801243450
  Bucket 4 contains 3010157556
  Bucket 5 contains 3563280509
  Bucket 6 contains 3743361434
  Bucket 7 contains 3255575930
  Bucket 8 contains 3711024777
  Bucket 9 contains 3906599183
  Bucket 10 contains 3080808403
  Bucket 11 contains 3866193184
  Bucket 12 contains 3567168361
  Bucket 13 contains 2912344602
  Bucket 14 contains 3758907323
  Bucket 15 contains 3855686553
  Bucket 16 contains 3489777254
  Bucket 17 contains 3421118919
  Bucket 18 contains 3723357471
  Bucket 19 contains 3335003904
  Bucket 20 contains 3254266797
  Bucket 21 contains 3593205603
  Bucket 22 contains 3764792492
  Bucket 23 contains 3766027500
Hilbert SFC efficiency: 0.8938114653
Hilbert SFC ratio: 1
 Final Hilbert SFC time: 0.101049735

SFC+Knapsack previous efficiency: 0.9108672974
SFC + Knapsack ratio: 0.9933737588
 Final SFC+Knapsack_Combined time: 0.004875045

SFC+Painter previous efficiency: 0.9042338853
Binary search iterations: 30
SFC+painterPartition efficiency: 0.9141026865
SFC+Painter ratio: 1.010913992
 Final SFC+Painter time: 0.036565186

Hilbert+Painter previous efficiency: 0.8547638534
Binary search iterations: 30
Hilbert+painterPartition efficiency: 0.9221121889
Hilbert+Painter ratio: 1.078791745
 Final Hilbert+Painter time: 0.008499969
Painter+Knapsack previous efficiency: 0.8782944486
Binary search iterations: 30
SFC+painterPartition efficiency: 0.9879102287
Painter+Knapsack ratio: 1.01793363
 Final painter+Knapsack_Combined time: 0.036639129
Run 42
File weights 51 and ranks 51
Original previous efficiency: 0.9211920556
Original efficiency: 0.9211920556
Original ratio: 1
Knapsack previous efficiency: 0.924350868
Knapsack ratio: 1.0802992
 Final Knapsack time: 0.006072376

Karmarkar-Karp previous efficiency: 0.9472684567
Karmarkar-Karp ratio: 1.054056082
 Final Karmarkar-Karp time: 0.008455202

SFC previous efficiency: 0.8994492736
 Time take to run this function: 6.01e-07
SFC ratio: 0.9638836949
 Final SFC time: 0.002498591

Hilbert SFC previous efficiency: 0.8904180524
DM: HilbertProcessorMapDoIt called...
  (nprocs, nteams, nworkers) = (24, 24, 1)
  Bucket 0 contains 2772148489
  Bucket 1 contains 3909436445
  Bucket 2 contains 3514582656
  Bucket 3 contains 3164285573
  Bucket 4 contains 3617182018
  Bucket 5 contains 3495861754
  Bucket 6 contains 3696491695
  Bucket 7 contains 3214873507
  Bucket 8 contains 3664111494
  Bucket 9 contains 3214734905
  Bucket 10 contains 3687280473
  Bucket 11 contains 3780967174
  Bucket 12 contains 3488196182
  Bucket 13 contains 2866129771
  Bucket 14 contains 3674174388
  Bucket 15 contains 3813827290
  Bucket 16 contains 3437649447
  Bucket 17 contains 3390674870
  Bucket 18 contains 3678328894
  Bucket 19 contains 3293120455
  Bucket 20 contains 3213339563
  Bucket 21 contains 3555741171
  Bucket 22 contains 3709919529
  Bucket 23 contains 3691729102
Hilbert SFC efficiency: 0.8904180524
Hilbert SFC ratio: 1
 Final Hilbert SFC time: 0.02552236

SFC+Knapsack previous efficiency: 0.9088646978
SFC + Knapsack ratio: 0.9959162761
 Final SFC+Knapsack_Combined time: 0.001270331

SFC+Painter previous efficiency: 0.8994492736
Binary search iterations: 30
SFC+painterPartition efficiency: 0.90381015
SFC+Painter ratio: 1.004848385
 Final SFC+Painter time: 0.025193203

Hilbert+Painter previous efficiency: 0.8520843433
Binary search iterations: 30
Hilbert+painterPartition efficiency: 0.9206725753
Hilbert+Painter ratio: 1.080494651
 Final Hilbert+Painter time: 0.007286598
Painter+Knapsack previous efficiency: 0.8668787
Binary search iterations: 30
SFC+painterPartition efficiency: 0.988988463
Painter+Knapsack ratio: 1.03159378
 Final painter+Knapsack_Combined time: 0.030179684
Run 43
File weights 51 and ranks 51
Original previous efficiency: 0.9163612726
Original efficiency: 0.9163612726
Original ratio: 1
Knapsack previous efficiency: 0.9212712432
Knapsack ratio: 1.083414075
 Final Knapsack time: 0.053649126

Karmarkar-Karp previous efficiency: 0.9292283847
Karmarkar-Karp ratio: 1.075062935
 Final Karmarkar-Karp time: 0.083794965

SFC previous efficiency: 0.8891806491
 Time take to run this function: 5.909999992e-07
SFC ratio: 1
 Final SFC time: 0.005369684

Hilbert SFC previous efficiency: 0.8861212197
DM: HilbertProcessorMapDoIt called...
  (nprocs, nteams, nworkers) = (24, 24, 1)
  Bucket 0 contains 2744790700
  Bucket 1 contains 3881264938
  Bucket 2 contains 3509935047
  Bucket 3 contains 3127684183
  Bucket 4 contains 3600199887
  Bucket 5 contains 3453935196
  Bucket 6 contains 3659968582
  Bucket 7 contains 3183132215
  Bucket 8 contains 3625784935
  Bucket 9 contains 3249112533
  Bucket 10 contains 3634865593
  Bucket 11 contains 2942643880
  Bucket 12 contains 3524983850
  Bucket 13 contains 3514025050
  Bucket 14 contains 3581695275
  Bucket 15 contains 3770514775
  Bucket 16 contains 3397921635
  Bucket 17 contains 3373681228
  Bucket 18 contains 3639626779
  Bucket 19 contains 3260496157
  Bucket 20 contains 3181373096
  Bucket 21 contains 3526495192
  Bucket 22 contains 3443716890
  Bucket 23 contains 3809279990
Hilbert SFC efficiency: 0.8871369786
Hilbert SFC ratio: 1.001146298
 Final Hilbert SFC time: 0.042277143

SFC+Knapsack previous efficiency: 0.8999655632
SFC + Knapsack ratio: 1.006368944
 Final SFC+Knapsack_Combined time: 0.004697321

SFC+Painter previous efficiency: 0.8891806491
Binary search iterations: 30
SFC+painterPartition efficiency: 0.9029441179
SFC+Painter ratio: 1.015478822
 Final SFC+Painter time: 0.040891789

Hilbert+Painter previous efficiency: 0.8476971612
Binary search iterations: 30
Hilbert+painterPartition efficiency: 0.9340359671
Hilbert+Painter ratio: 1.101851003
 Final Hilbert+Painter time: 0.014824803
Painter+Knapsack previous efficiency: 0.8546394098
Binary search iterations: 30
SFC+painterPartition efficiency: 0.987367687
Painter+Knapsack ratio: 1.045910156
 Final painter+Knapsack_Combined time: 0.064914183
Run 44
File weights 51 and ranks 51
Original previous efficiency: 0.9097825205
Original efficiency: 0.9097825205
Original ratio: 1
Knapsack previous efficiency: 0.9208739579
Knapsack ratio: 1.084594018
 Final Knapsack time: 0.041080766

Karmarkar-Karp previous efficiency: 0.9154279871
Karmarkar-Karp ratio: 1.090930682
 Final Karmarkar-Karp time: 0.052466615

SFC previous efficiency: 0.8919224455
 Time take to run this function: 7.419999992e-07
SFC ratio: 1
 Final SFC time: 0.002352828

Hilbert SFC previous efficiency: 0.8592977922
DM: HilbertProcessorMapDoIt called...
  (nprocs, nteams, nworkers) = (24, 24, 1)
  Bucket 0 contains 2740179593
  Bucket 1 contains 3877346232
  Bucket 2 contains 3502075375
  Bucket 3 contains 3073765538
  Bucket 4 contains 3629316813
  Bucket 5 contains 3440183760
  Bucket 6 contains 3653736093
  Bucket 7 contains 3177820298
  Bucket 8 contains 3617089206
  Bucket 9 contains 3356544178
  Bucket 10 contains 3612197825
  Bucket 11 contains 2940986147
  Bucket 12 contains 3470567385
  Bucket 13 contains 3483374643
  Bucket 14 contains 3531802884
  Bucket 15 contains 3762452211
  Bucket 16 contains 3391451165
  Bucket 17 contains 3376006793
  Bucket 18 contains 3097545461
  Bucket 19 contains 3810847874
  Bucket 20 contains 3175825708
  Bucket 21 contains 3518691920
  Bucket 22 contains 3445819228
  Bucket 23 contains 3694046200
Hilbert SFC efficiency: 0.8852669197
Hilbert SFC ratio: 1.030221336
 Final Hilbert SFC time: 0.047031394

SFC+Knapsack previous efficiency: 0.9008900581
SFC + Knapsack ratio: 1.011924075
 Final SFC+Knapsack_Combined time: 0.001173534

SFC+Painter previous efficiency: 0.8825902253
Binary search iterations: 30
SFC+painterPartition efficiency: 0.908908031
SFC+Painter ratio: 1.029818828
 Final SFC+Painter time: 0.036783338

Hilbert+Painter previous efficiency: 0.9368017167
Binary search iterations: 30
Hilbert+painterPartition efficiency: 0.9368017167
Hilbert+Painter ratio: 1
 Final Hilbert+Painter time: 0.001854674
Painter+Knapsack previous efficiency: 0.8458618076
Binary search iterations: 30
SFC+painterPartition efficiency: 0.9846062362
Painter+Knapsack ratio: 1.052748784
 Final painter+Knapsack_Combined time: 0.00911478
Run 45
File weights 51 and ranks 51
Original previous efficiency: 0.9032127828
Original efficiency: 0.9985826863
Original ratio: 1.10558963
Knapsack previous efficiency: 0.9182336112
Knapsack ratio: 1.08758226
 Final Knapsack time: 0.006419338

Karmarkar-Karp previous efficiency: 0.9086824418
Karmarkar-Karp ratio: 1.098989175
 Final Karmarkar-Karp time: 0.005938386

SFC previous efficiency: 0.8985043915
 Time take to run this function: 5.810000001e-07
SFC ratio: 1
 Final SFC time: 0.000765072

Hilbert SFC previous efficiency: 0.8390163719
DM: HilbertProcessorMapDoIt called...
  (nprocs, nteams, nworkers) = (24, 24, 1)
  Bucket 0 contains 2768953606
  Bucket 1 contains 3903651841
  Bucket 2 contains 3539169682
  Bucket 3 contains 3078793252
  Bucket 4 contains 3703211777
  Bucket 5 contains 3462785222
  Bucket 6 contains 3692092129
  Bucket 7 contains 3211163258
  Bucket 8 contains 3650945149
  Bucket 9 contains 3469755685
  Bucket 10 contains 3645560702
  Bucket 11 contains 2969702270
  Bucket 12 contains 3476502998
  Bucket 13 contains 3505625049
  Bucket 14 contains 3545891973
  Bucket 15 contains 3808213408
  Bucket 16 contains 3418750836
  Bucket 17 contains 3411801553
  Bucket 18 contains 3147063026
  Bucket 19 contains 3850665821
  Bucket 20 contains 3208990402
  Bucket 21 contains 3544399412
  Bucket 22 contains 3470993738
  Bucket 23 contains 3707200137
Hilbert SFC efficiency: 0.8879706993
Hilbert SFC ratio: 1.058347285
 Final Hilbert SFC time: 0.009903749

SFC+Knapsack previous efficiency: 0.9040578786
SFC + Knapsack ratio: 0.9982554912
 Final SFC+Knapsack_Combined time: 0.000535337

SFC+Painter previous efficiency: 0.8714060327
Binary search iterations: 30
SFC+painterPartition efficiency: 0.9093273938
SFC+Painter ratio: 1.043517442
 Final SFC+Painter time: 0.004750395

Hilbert+Painter previous efficiency: 0.9346152714
Binary search iterations: 29
Hilbert+painterPartition efficiency: 0.9346152714
Hilbert+Painter ratio: 1
 Final Hilbert+Painter time: 0.001216798
Painter+Knapsack previous efficiency: 0.8408002596
Binary search iterations: 30
SFC+painterPartition efficiency: 0.9823325781
Painter+Knapsack ratio: 1.055328767
 Final painter+Knapsack_Combined time: 0.006425379
Run 46
File weights 51 and ranks 51
Original previous efficiency: 0.9901989951
Original efficiency: 0.9901989951
Original ratio: 1
Knapsack previous efficiency: 0.9133233482
Knapsack ratio: 1.093672853
 Final Knapsack time: 0.005152444

Karmarkar-Karp previous efficiency: 0.9143050278
Karmarkar-Karp ratio: 1.091868311
 Final Karmarkar-Karp time: 0.004985529

SFC previous efficiency: 0.898063889
 Time take to run this function: 6.209999999e-07
SFC ratio: 0.9521742587
 Final SFC time: 0.000910103

Hilbert SFC previous efficiency: 0.8150318527
DM: HilbertProcessorMapDoIt called...
  (nprocs, nteams, nworkers) = (24, 24, 1)
  Bucket 0 contains 2878286127
  Bucket 1 contains 4033390532
  Bucket 2 contains 3676188406
  Bucket 3 contains 3153187307
  Bucket 4 contains 3875727872
  Bucket 5 contains 3585296209
  Bucket 6 contains 3837864322
  Bucket 7 contains 3337859308
  Bucket 8 contains 3792166148
  Bucket 9 contains 3703174746
  Bucket 10 contains 3237700234
  Bucket 11 contains 3633315854
  Bucket 12 contains 3912005182
  Bucket 13 contains 3301388661
  Bucket 14 contains 3680266138
  Bucket 15 contains 3234651113
  Bucket 16 contains 4298097456
  Bucket 17 contains 3534056274
  Bucket 18 contains 3270035355
  Bucket 19 contains 4002492483
  Bucket 20 contains 3335485092
  Bucket 21 contains 3645700812
  Bucket 22 contains 3638906099
  Bucket 23 contains 3824449515
Hilbert SFC efficiency: 0.8377901708
Hilbert SFC ratio: 1.027923225
 Final Hilbert SFC time: 0.011985813

SFC+Knapsack previous efficiency: 0.9096884543
SFC + Knapsack ratio: 1.043286578
 Final SFC+Knapsack_Combined time: 0.000647034

SFC+Painter previous efficiency: 0.8573465896
Binary search iterations: 30
SFC+painterPartition efficiency: 0.9097282933
SFC+Painter ratio: 1.061097466
 Final SFC+Painter time: 0.006191165

Hilbert+Painter previous efficiency: 0.9279156429
Binary search iterations: 30
Hilbert+painterPartition efficiency: 0.9290909787
Hilbert+Painter ratio: 1.001266641
 Final Hilbert+Painter time: 0.001645528
Painter+Knapsack previous efficiency: 0.8357641983
Binary search iterations: 30
SFC+painterPartition efficiency: 0.9795727926
Painter+Knapsack ratio: 1.059262935
 Final painter+Knapsack_Combined time: 0.035174061
Run 47
File weights 51 and ranks 51
Original previous efficiency: 0.9692908946
Original efficiency: 0.9692908946
Original ratio: 1
Knapsack previous efficiency: 0.9057973324
Knapsack ratio: 1.102508674
 Final Knapsack time: 0.075691344

Karmarkar-Karp previous efficiency: 0.9266439256
Karmarkar-Karp ratio: 1.077998198
 Final Karmarkar-Karp time: 0.105871498

SFC previous efficiency: 0.8672177991
 Time take to run this function: 4.900000015e-07
SFC ratio: 1.058622661
 Final SFC time: 0.009690515

Hilbert SFC previous efficiency: 0.7696326069
DM: HilbertProcessorMapDoIt called...
  (nprocs, nteams, nworkers) = (24, 24, 1)
  Bucket 0 contains 2998815198
  Bucket 1 contains 4164705723
  Bucket 2 contains 3783381960
  Bucket 3 contains 3989090777
  Bucket 4 contains 3220704375
  Bucket 5 contains 4330429358
  Bucket 6 contains 3390200722
  Bucket 7 contains 3477668213
  Bucket 8 contains 3947885331
  Bucket 9 contains 4082344856
  Bucket 10 contains 3419060051
  Bucket 11 contains 3773364514
  Bucket 12 contains 4014225640
  Bucket 13 contains 3425473377
  Bucket 14 contains 3827936923
  Bucket 15 contains 3392567698
  Bucket 16 contains 4475070818
  Bucket 17 contains 3668942663
  Bucket 18 contains 3408555730
  Bucket 19 contains 4169843935
  Bucket 20 contains 3474900217
  Bucket 21 contains 3757299395
  Bucket 22 contains 3840646521
  Bucket 23 contains 3921553507
Hilbert SFC efficiency: 0.837553482
Hilbert SFC ratio: 1.088251036
 Final Hilbert SFC time: 0.083591821

SFC+Knapsack previous efficiency: 0.9183565999
SFC + Knapsack ratio: 1.043236396
 Final SFC+Knapsack_Combined time: 0.002293012

SFC+Painter previous efficiency: 0.8291152038
Binary search iterations: 30
SFC+painterPartition efficiency: 0.9238622198
SFC+Painter ratio: 1.114274851
 Final SFC+Painter time: 0.070994985

Hilbert+Painter previous efficiency: 0.9177800226
Binary search iterations: 30
Hilbert+painterPartition efficiency: 0.9207555824
Hilbert+Painter ratio: 1.003242127
 Final Hilbert+Painter time: 0.00635387
Painter+Knapsack previous efficiency: 0.8307837989
Binary search iterations: 30
SFC+painterPartition efficiency: 0.9774402837
Painter+Knapsack ratio: 1.133405187
 Final painter+Knapsack_Combined time: 0.045415664
Run 48
File weights 51 and ranks 51
Original previous efficiency: 0.9620077434
Original efficiency: 0.9620077434
Original ratio: 1
Knapsack previous efficiency: 0.9788283014
Knapsack ratio: 1.020384695
 Final Knapsack time: 0.005177672

Karmarkar-Karp previous efficiency: 0.9413956027
Karmarkar-Karp ratio: 1.060998238
 Final Karmarkar-Karp time: 0.007132019

SFC previous efficiency: 0.8574810799
 Time take to run this function: 7.810000007e-07
SFC ratio: 1.069520891
 Final SFC time: 0.001036088

Hilbert SFC previous efficiency: 0.7401682962
DM: HilbertProcessorMapDoIt called...
  (nprocs, nteams, nworkers) = (24, 24, 1)
  Bucket 0 contains 3104137330
  Bucket 1 contains 4253022167
  Bucket 2 contains 3861315835
  Bucket 3 contains 4110478244
  Bucket 4 contains 3338807887
  Bucket 5 contains 4483609586
  Bucket 6 contains 3509287973
  Bucket 7 contains 3599819369
  Bucket 8 contains 4084340296
  Bucket 9 contains 4356115383
  Bucket 10 contains 3605476947
  Bucket 11 contains 3878259623
  Bucket 12 contains 4122006219
  Bucket 13 contains 3544974719
  Bucket 14 contains 3953065339
  Bucket 15 contains 3522306671
  Bucket 16 contains 3850072512
  Bucket 17 contains 3950359083
  Bucket 18 contains 4132262427
  Bucket 19 contains 3596714187
  Bucket 20 contains 4315966655
  Bucket 21 contains 3855942851
  Bucket 22 contains 4018630244
  Bucket 23 contains 3966401379
Hilbert SFC efficiency: 0.8643832901
Hilbert SFC ratio: 1.167819933
 Final Hilbert SFC time: 0.089940562

SFC+Knapsack previous efficiency: 0.9174813549
SFC + Knapsack ratio: 1.040725494
 Final SFC+Knapsack_Combined time: 0.007171475

SFC+Painter previous efficiency: 0.9231146163
Binary search iterations: 30
SFC+painterPartition efficiency: 0.9347062684
SFC+Painter ratio: 1.01255711
 Final SFC+Painter time: 0.078937453

Hilbert+Painter previous efficiency: 0.8896819447
Binary search iterations: 30
Hilbert+painterPartition efficiency: 0.9186455743
Hilbert+Painter ratio: 1.032555038
 Final Hilbert+Painter time: 0.006847217
Painter+Knapsack previous efficiency: 0.936900886
Binary search iterations: 29
SFC+painterPartition efficiency: 0.9773124806
Painter+Knapsack ratio: 0.9996331396
 Final painter+Knapsack_Combined time: 0.051971055
Run 49
File weights 51 and ranks 51
Original previous efficiency: 0.9568124321
Original efficiency: 0.9568124321
Original ratio: 1
Knapsack previous efficiency: 0.9621340779
Knapsack ratio: 1.038042273
 Final Knapsack time: 0.048040399

Karmarkar-Karp previous efficiency: 0.9284573353
Karmarkar-Karp ratio: 1.076329793
 Final Karmarkar-Karp time: 0.052249705

SFC previous efficiency: 0.8527880884
 Time take to run this function: 4.810000007e-07
SFC ratio: 1.073243168
 Final SFC time: 0.001262226

Hilbert SFC previous efficiency: 0.8606486732
DM: HilbertProcessorMapDoIt called...
  (nprocs, nteams, nworkers) = (24, 24, 1)
  Bucket 0 contains 3184059090
  Bucket 1 contains 4325577778
  Bucket 2 contains 3922947180
  Bucket 3 contains 4226893002
  Bucket 4 contains 3431291897
  Bucket 5 contains 4609580986
  Bucket 6 contains 3599561779
  Bucket 7 contains 3692558459
  Bucket 8 contains 4187593571
  Bucket 9 contains 3550807687
  Bucket 10 contains 4074115682
  Bucket 11 contains 4579564144
  Bucket 12 contains 3829882270
  Bucket 13 contains 4018448659
  Bucket 14 contains 4047113458
  Bucket 15 contains 3611082122
  Bucket 16 contains 3941728365
  Bucket 17 contains 4047239291
  Bucket 18 contains 4247111624
  Bucket 19 contains 3689107998
  Bucket 20 contains 4426730770
  Bucket 21 contains 3923060212
  Bucket 22 contains 3426837071
  Bucket 23 contains 4620621140
Hilbert SFC efficiency: 0.858592306
Hilbert SFC ratio: 0.9976106775
 Final Hilbert SFC time: 0.018262213

SFC+Knapsack previous efficiency: 0.9137850187
SFC + Knapsack ratio: 1.038979069
 Final SFC+Knapsack_Combined time: 0.000840208

SFC+Painter previous efficiency: 0.9212573753
Binary search iterations: 30
SFC+painterPartition efficiency: 0.9303771785
SFC+Painter ratio: 1.0098993
 Final SFC+Painter time: 0.012457777

Hilbert+Painter previous efficiency: 0.8726839703
Binary search iterations: 30
Hilbert+painterPartition efficiency: 0.9145390376
Hilbert+Painter ratio: 1.047961311
 Final Hilbert+Painter time: 0.001797091
Painter+Knapsack previous efficiency: 0.9319858995
Binary search iterations: 30
SFC+painterPartition efficiency: 0.9735203749
Painter+Knapsack ratio: 0.946747294
 Final painter+Knapsack_Combined time: 0.008418992
Run 50
File weights 51 and ranks 51
Original previous efficiency: 0.9494832816
Original efficiency: 0.9494832816
Original ratio: 1
Knapsack previous efficiency: 0.9504095216
Knapsack ratio: 1.050341542
 Final Knapsack time: 0.006326528

Karmarkar-Karp previous efficiency: 0.914378597
Karmarkar-Karp ratio: 1.091707063
 Final Karmarkar-Karp time: 0.006537787

SFC previous efficiency: 0.8500661761
 Time take to run this function: 5.109999996e-07
SFC ratio: 1.075558731
 Final SFC time: 0.000972975

Hilbert SFC previous efficiency: 0.8604122552
DM: HilbertProcessorMapDoIt called...
  (nprocs, nteams, nworkers) = (24, 24, 1)
  Bucket 0 contains 3169753766
  Bucket 1 contains 4295001685
  Bucket 2 contains 3886422195
  Bucket 3 contains 4223007878
  Bucket 4 contains 3424964332
  Bucket 5 contains 4581471137
  Bucket 6 contains 3583336237
  Bucket 7 contains 3675923336
  Bucket 8 contains 4163334595
  Bucket 9 contains 3587981095
  Bucket 10 contains 4049922645
  Bucket 11 contains 4559574406
  Bucket 12 contains 3791570697
  Bucket 13 contains 3972714192
  Bucket 14 contains 4019538968
  Bucket 15 contains 3610779101
  Bucket 16 contains 3921875752
  Bucket 17 contains 4011776747
  Bucket 18 contains 4250882147
  Bucket 19 contains 3672312398
  Bucket 20 contains 3672045628
  Bucket 21 contains 4605470809
  Bucket 22 contains 3452165912
  Bucket 23 contains 4503784829
Hilbert SFC efficiency: 0.8566407071
Hilbert SFC ratio: 0.9956165802
 Final Hilbert SFC time: 0.021902958

SFC+Knapsack previous efficiency: 0.9087624165
SFC + Knapsack ratio: 1.039369847
 Final SFC+Knapsack_Combined time: 0.002339693

SFC+Painter previous efficiency: 0.9203125994
Binary search iterations: 30
SFC+painterPartition efficiency: 0.9280164
SFC+Painter ratio: 1.008370852
 Final SFC+Painter time: 0.020556529

Hilbert+Painter previous efficiency: 0.8604122552
Binary search iterations: 30
Hilbert+painterPartition efficiency: 0.9135848297
Hilbert+Painter ratio: 1.061798951
 Final Hilbert+Painter time: 0.002366215
Painter+Knapsack previous efficiency: 0.9244786985
Binary search iterations: 30
SFC+painterPartition efficiency: 0.9734322263
Painter+Knapsack ratio: 0.9512228186
 Final painter+Knapsack_Combined time: 0.126936793


TinyProfiler total time across processes [min...avg...max]: 16.89 ... 16.89 ... 16.89

-------------------------------------------------------------------------------------
Name                                  NCalls  Excl. Min  Excl. Avg  Excl. Max   Max %
-------------------------------------------------------------------------------------
HilbertProcessorMapDoIt()                 51      3.816      3.816      3.816  22.60%
painterPartition()                       153      3.048      3.048      3.048  18.05%
KnapSackDoIt()                            51      2.464      2.464      2.464  14.59%
KKDoIt()                                  51      2.229      2.229      2.229  13.20%
SFCProcessorMapDoItCombinedPainter()      51      2.188      2.188      2.188  12.96%
SFCProcessorMapDoIt()                     51    0.09993    0.09993    0.09993   0.59%
SFCProcessorMapDoItCombined()             51    0.08413    0.08413    0.08413   0.50%
kk()                                      51    0.05979    0.05979    0.05979   0.35%
knapsack()                               663   0.005536   0.005536   0.005536   0.03%
Distribute()                             102  0.0005706  0.0005706  0.0005706   0.00%
HilbertDistribute()                       51  0.0003184  0.0003184  0.0003184   0.00%
knapsack()swap                            35  1.927e-05  1.927e-05  1.927e-05   0.00%
-------------------------------------------------------------------------------------

-------------------------------------------------------------------------------------
Name                                  NCalls  Incl. Min  Incl. Avg  Incl. Max   Max %
-------------------------------------------------------------------------------------
HilbertProcessorMapDoIt()                 51      3.817      3.817      3.817  22.60%
painterPartition()                       153      3.048      3.048      3.048  18.05%
SFCProcessorMapDoItCombinedPainter()      51      2.799      2.799      2.799  16.57%
KnapSackDoIt()                            51      2.466      2.466      2.466  14.60%
KKDoIt()                                  51      2.289      2.289      2.289  13.56%
SFCProcessorMapDoIt()                     51     0.1003     0.1003     0.1003   0.59%
SFCProcessorMapDoItCombined()             51    0.08588    0.08588    0.08588   0.51%
kk()                                      51    0.05979    0.05979    0.05979   0.35%
knapsack()                               663   0.005556   0.005556   0.005556   0.03%
Distribute()                             102  0.0005706  0.0005706  0.0005706   0.00%
HilbertDistribute()                       51  0.0003184  0.0003184  0.0003184   0.00%
knapsack()swap                            35  1.927e-05  1.927e-05  1.927e-05   0.00%
-------------------------------------------------------------------------------------

Pinned Memory Usage:
----------------------------------------------------------------
Name                            Nalloc  Nfree   AvgMem    MaxMem
----------------------------------------------------------------
The_Pinned_Arena::Initialize()       1      1  526   B  8192 KiB
----------------------------------------------------------------

AMReX (25.06-22-g1d307c2c661a-dirty) finalized
