Initializing AMReX (25.06-22-g1d307c2c661a-dirty)...
OMP initialized with 256 OMP threads
AMReX (25.06-22-g1d307c2c661a-dirty) initialized
Starting running input_laser_ion running with 6 nodes and 4 ranks per node.
Total steps: 5000, intervals: 100 = 50 runs
Reading precomputed weights, memory, and ranks from file: /global/homes/j/jessd/amrex_LB/Tools/lb_extractor/lb_inputs/imp_20/laser_ion_16_boxes_24_ranks_timers_20_lb_data.txt
/global/homes/j/jessd/amrex_LB/Tools/lb_extractor/lb_inputs/imp_20/laser_ion_16_boxes_24_ranks_timers_20_lb_data.txt
Run 0: Weights size: 435
Run 1: Weights size: 435
Run 2: Weights size: 435
Run 3: Weights size: 435
Run 4: Weights size: 435
Run 5: Weights size: 435
Run 6: Weights size: 435
Run 7: Weights size: 435
Run 8: Weights size: 435
Run 9: Weights size: 435
Run 10: Weights size: 435
Run 11: Weights size: 435
Run 12: Weights size: 435
Run 13: Weights size: 435
Run 14: Weights size: 435
Run 15: Weights size: 435
Run 16: Weights size: 435
Run 17: Weights size: 435
Run 18: Weights size: 435
Run 19: Weights size: 435
Run 20: Weights size: 435
Run 21: Weights size: 435
Run 22: Weights size: 435
Run 23: Weights size: 435
Run 24: Weights size: 435
Run 25: Weights size: 435
Run 26: Weights size: 435
Run 27: Weights size: 435
Run 28: Weights size: 435
Run 29: Weights size: 435
Run 30: Weights size: 435
Run 31: Weights size: 435
Run 32: Weights size: 435
Run 33: Weights size: 435
Run 34: Weights size: 435
Run 35: Weights size: 435
Run 36: Weights size: 435
Run 37: Weights size: 435
Run 38: Weights size: 435
Run 39: Weights size: 435
Run 40: Weights size: 435
Run 41: Weights size: 435
Run 42: Weights size: 435
Run 43: Weights size: 435
Run 44: Weights size: 435
Run 45: Weights size: 435
Run 46: Weights size: 435
Run 47: Weights size: 435
Run 48: Weights size: 435
Run 49: Weights size: 435
Run 50: Weights size: 435
Run 0
File weights 51 and ranks 51
Original efficiency: 0.6836648685
Original ratio: inf
Knapsack ratio: inf
 Final Knapsack time: 0.004581427

Karmarkar-Karp ratio: inf
 Final Karmarkar-Karp time: 0.006035424

 Time take to run this function: 8.11e-07
SFC ratio: inf
 Final SFC time: 0.000858393

DM: HilbertProcessorMapDoIt called...
  (nprocs, nteams, nworkers) = (24, 24, 1)
Building Hilbert lookup table for order 8...
  Bucket 0 contains 757297414
  Bucket 1 contains 669892231
  Bucket 2 contains 759370536
  Bucket 3 contains 635700677
  Bucket 4 contains 564415030
  Bucket 5 contains 761046655
  Bucket 6 contains 1105949126
  Bucket 7 contains 563601764
  Bucket 8 contains 780790550
  Bucket 9 contains 775933943
  Bucket 10 contains 806020688
  Bucket 11 contains 775792209
  Bucket 12 contains 777921354
  Bucket 13 contains 776421341
  Bucket 14 contains 635949738
  Bucket 15 contains 639557779
  Bucket 16 contains 1000000001
  Bucket 17 contains 780719618
  Bucket 18 contains 583495110
  Bucket 19 contains 1005868138
  Bucket 20 contains 764788165
  Bucket 21 contains 348797536
  Bucket 22 contains 964209464
  Bucket 23 contains 981198698
Hilbert SFC efficiency: 0.6862407945
Hilbert SFC ratio: inf
 Final Hilbert SFC time: 1.159638304

SFC + Knapsack ratio: inf
 Final SFC+Knapsack_Combined time: 0.000640491

Binary search iterations: 29
SFC+painterPartition efficiency: 0.7589474061
SFC+Painter ratio: inf
 Final SFC+Painter time: 0.004625842

Binary search iterations: 29
Hilbert+painterPartition efficiency: 0.7589474061
Hilbert+Painter ratio: inf
 Final Hilbert+Painter time: 0.001102636
Binary search iterations: 30
SFC+painterPartition efficiency: 0.9522401175
Painter+Knapsack ratio: inf
 Final painter+Knapsack_Combined time: 0.005555284
Run 1
File weights 51 and ranks 51
Original previous efficiency: 0.3807560633
Original efficiency: 0.3807560633
Original ratio: 1
Knapsack previous efficiency: 0.5681018323
Knapsack ratio: 1.750000486
 Final Knapsack time: 0.004383773

Karmarkar-Karp previous efficiency: 0.5681018323
Karmarkar-Karp ratio: 1.757392291
 Final Karmarkar-Karp time: 0.007690319

SFC previous efficiency: 0.2680544581
 Time take to run this function: 7.719999999e-07
SFC ratio: 3.53346881
 Final SFC time: 0.000684857

Hilbert SFC previous efficiency: 0.2357917283
DM: HilbertProcessorMapDoIt called...
  (nprocs, nteams, nworkers) = (24, 24, 1)
  Bucket 0 contains 5670388817
  Bucket 1 contains 5695241696
  Bucket 2 contains 5713498018
  Bucket 3 contains 5375241291
  Bucket 4 contains 5792504484
  Bucket 5 contains 5827662578
  Bucket 6 contains 5154226728
  Bucket 7 contains 5859381898
  Bucket 8 contains 5853382076
  Bucket 9 contains 5747436672
  Bucket 10 contains 5802034793
  Bucket 11 contains 5105145171
  Bucket 12 contains 5817955032
  Bucket 13 contains 6027153475
  Bucket 14 contains 5259928773
  Bucket 15 contains 5733198408
  Bucket 16 contains 5925553662
  Bucket 17 contains 5705318290
  Bucket 18 contains 5458987332
  Bucket 19 contains 5480168736
  Bucket 20 contains 5731283888
  Bucket 21 contains 5693767239
  Bucket 22 contains 5985919444
  Bucket 23 contains 6228670125
Hilbert SFC efficiency: 0.9140798777
Hilbert SFC ratio: 3.876640985
 Final Hilbert SFC time: 0.009875564

SFC+Knapsack previous efficiency: 0.2537070623
SFC + Knapsack ratio: 3.73200163
 Final SFC+Knapsack_Combined time: 0.000659588

SFC+Painter previous efficiency: 0.3010712185
Binary search iterations: 30
SFC+painterPartition efficiency: 0.9551858687
SFC+Painter ratio: 3.172624316
 Final SFC+Painter time: 0.004363694

Hilbert+Painter previous efficiency: 0.189049408
Binary search iterations: 30
Hilbert+painterPartition efficiency: 0.9505456144
Hilbert+Painter ratio: 5.028027459
 Final Hilbert+Painter time: 0.001074141
Painter+Knapsack previous efficiency: 0.2537070623
Binary search iterations: 30
SFC+painterPartition efficiency: 0.9834700455
Painter+Knapsack ratio: 3.732487099
 Final painter+Knapsack_Combined time: 0.005870884
Run 2
File weights 51 and ranks 51
Original previous efficiency: 0.3705463722
Original efficiency: 0.9666283429
Original ratio: 2.608656879
Knapsack previous efficiency: 0.9666283429
Knapsack ratio: 1.030339952
 Final Knapsack time: 0.005034944

Karmarkar-Karp previous efficiency: 0.9623396071
Karmarkar-Karp ratio: 1.036972643
 Final Karmarkar-Karp time: 0.005161641

SFC previous efficiency: 0.910212629
 Time take to run this function: 5.009999999e-07
SFC ratio: 1.014370807
 Final SFC time: 0.000708954

Hilbert SFC previous efficiency: 0.8474355883
DM: HilbertProcessorMapDoIt called...
  (nprocs, nteams, nworkers) = (24, 24, 1)
  Bucket 0 contains 5879284480
  Bucket 1 contains 5949245856
  Bucket 2 contains 5169248592
  Bucket 3 contains 6064782115
  Bucket 4 contains 6379956436
  Bucket 5 contains 6058404476
  Bucket 6 contains 5294305109
  Bucket 7 contains 6402510680
  Bucket 8 contains 6084254301
  Bucket 9 contains 5438960854
  Bucket 10 contains 6308025262
  Bucket 11 contains 5389942512
  Bucket 12 contains 6580408004
  Bucket 13 contains 5610087334
  Bucket 14 contains 6388605285
  Bucket 15 contains 5262349338
  Bucket 16 contains 6377603929
  Bucket 17 contains 5881800235
  Bucket 18 contains 6093754564
  Bucket 19 contains 5530981409
  Bucket 20 contains 5874329164
  Bucket 21 contains 6263181904
  Bucket 22 contains 5877211505
  Bucket 23 contains 6316848368
Hilbert SFC efficiency: 0.9021482256
Hilbert SFC ratio: 1.064562591
 Final Hilbert SFC time: 0.008906165

SFC+Knapsack previous efficiency: 0.8822269222
SFC + Knapsack ratio: 1.058091514
 Final SFC+Knapsack_Combined time: 0.000510098

SFC+Painter previous efficiency: 0.910212629
Binary search iterations: 30
SFC+painterPartition efficiency: 0.9349289627
SFC+Painter ratio: 1.027154461
 Final SFC+Painter time: 0.004653216

Hilbert+Painter previous efficiency: 0.9143696724
Binary search iterations: 30
Hilbert+painterPartition efficiency: 0.939788809
Hilbert+Painter ratio: 1.027799628
 Final Hilbert+Painter time: 0.001139758
Painter+Knapsack previous efficiency: 0.8830404753
Binary search iterations: 30
SFC+painterPartition efficiency: 0.9878387095
Painter+Knapsack ratio: 1.057116685
 Final painter+Knapsack_Combined time: 0.005268167
Run 3
File weights 51 and ranks 51
Original previous efficiency: 0.9639857944
Original efficiency: 0.9639857944
Original ratio: 1
Knapsack previous efficiency: 0.9639857944
Knapsack ratio: 1.031373091
 Final Knapsack time: 0.003881009

Karmarkar-Karp previous efficiency: 0.9693528367
Karmarkar-Karp ratio: 1.031343488
 Final Karmarkar-Karp time: 0.00491353

SFC previous efficiency: 0.9051207288
 Time take to run this function: 5.31e-07
SFC ratio: 1.009915507
 Final SFC time: 0.000703604

Hilbert SFC previous efficiency: 0.8693340852
DM: HilbertProcessorMapDoIt called...
  (nprocs, nteams, nworkers) = (24, 24, 1)
  Bucket 0 contains 5871678614
  Bucket 1 contains 5940396849
  Bucket 2 contains 5158199267
  Bucket 3 contains 6044736307
  Bucket 4 contains 6357068610
  Bucket 5 contains 6051622411
  Bucket 6 contains 5269428301
  Bucket 7 contains 6386952444
  Bucket 8 contains 5278673902
  Bucket 9 contains 6249986738
  Bucket 10 contains 6316054984
  Bucket 11 contains 5377147779
  Bucket 12 contains 5674721123
  Bucket 13 contains 5859682479
  Bucket 14 contains 6384058435
  Bucket 15 contains 6164111724
  Bucket 16 contains 5436200223
  Bucket 17 contains 5928450277
  Bucket 18 contains 5818178571
  Bucket 19 contains 5730697591
  Bucket 20 contains 6086254396
  Bucket 21 contains 5946264134
  Bucket 22 contains 5956418923
  Bucket 23 contains 6496196405
Hilbert SFC efficiency: 0.909398693
Hilbert SFC ratio: 1.046086549
 Final Hilbert SFC time: 0.008641722

SFC+Knapsack previous efficiency: 0.8937450252
SFC + Knapsack ratio: 1.040142114
 Final SFC+Knapsack_Combined time: 0.00052116

SFC+Painter previous efficiency: 0.9051207288
Binary search iterations: 30
SFC+painterPartition efficiency: 0.9299897978
SFC+Painter ratio: 1.027475969
 Final SFC+Painter time: 0.004348795

Hilbert+Painter previous efficiency: 0.9249532656
Binary search iterations: 30
Hilbert+painterPartition efficiency: 0.9434831831
Hilbert+Painter ratio: 1.020033355
 Final Hilbert+Painter time: 0.001018513
Painter+Knapsack previous efficiency: 0.8929305293
Binary search iterations: 30
SFC+painterPartition efficiency: 0.9888008217
Painter+Knapsack ratio: 1.04109089
 Final painter+Knapsack_Combined time: 0.005560894
Run 4
File weights 51 and ranks 51
Original previous efficiency: 0.95510982
Original efficiency: 0.95510982
Original ratio: 1
Knapsack previous efficiency: 0.95510982
Knapsack ratio: 1.040679354
 Final Knapsack time: 0.00372655

Karmarkar-Karp previous efficiency: 0.9703167904
Karmarkar-Karp ratio: 1.028609825
 Final Karmarkar-Karp time: 0.00466589

SFC previous efficiency: 0.8975521664
 Time take to run this function: 4.809999998e-07
SFC ratio: 1.020145117
 Final SFC time: 0.000676221

Hilbert SFC previous efficiency: 0.8507471565
DM: HilbertProcessorMapDoIt called...
  (nprocs, nteams, nworkers) = (24, 24, 1)
  Bucket 0 contains 5731543582
  Bucket 1 contains 5804662365
  Bucket 2 contains 5035997295
  Bucket 3 contains 5919645991
  Bucket 4 contains 6201279941
  Bucket 5 contains 5917932611
  Bucket 6 contains 5156506465
  Bucket 7 contains 6228446217
  Bucket 8 contains 5933714978
  Bucket 9 contains 5312507265
  Bucket 10 contains 6199275413
  Bucket 11 contains 5272884380
  Bucket 12 contains 5654265967
  Bucket 13 contains 5881831733
  Bucket 14 contains 6251700779
  Bucket 15 contains 5999466335
  Bucket 16 contains 5316692631
  Bucket 17 contains 5862157545
  Bucket 18 contains 5599967483
  Bucket 19 contains 6496193231
  Bucket 20 contains 5718750738
  Bucket 21 contains 5222001243
  Bucket 22 contains 6382018335
  Bucket 23 contains 5937777885
Hilbert SFC efficiency: 0.8917865142
Hilbert SFC ratio: 1.048239195
 Final Hilbert SFC time: 0.008969608

SFC+Knapsack previous efficiency: 0.8863215122
SFC + Knapsack ratio: 1.052283639
 Final SFC+Knapsack_Combined time: 0.000581296

SFC+Painter previous efficiency: 0.8975521664
Binary search iterations: 29
SFC+painterPartition efficiency: 0.9337480468
SFC+Painter ratio: 1.040327328
 Final SFC+Painter time: 0.004033555

Hilbert+Painter previous efficiency: 0.9301224278
Binary search iterations: 29
Hilbert+painterPartition efficiency: 0.9432770391
Hilbert+Painter ratio: 1.014142882
 Final Hilbert+Painter time: 0.001180757
Painter+Knapsack previous efficiency: 0.8866499803
Binary search iterations: 30
SFC+painterPartition efficiency: 0.9925184595
Painter+Knapsack ratio: 1.052345689
 Final painter+Knapsack_Combined time: 0.005809485
Run 5
File weights 51 and ranks 51
Original previous efficiency: 0.9542877974
Original efficiency: 0.9542877974
Original ratio: 1
Knapsack previous efficiency: 0.9542877974
Knapsack ratio: 1.040463837
 Final Knapsack time: 0.003620906

Karmarkar-Karp previous efficiency: 0.9686898264
Karmarkar-Karp ratio: 1.028439074
 Final Karmarkar-Karp time: 0.004881958

SFC previous efficiency: 0.8932798938
 Time take to run this function: 5.220000001e-07
SFC ratio: 1.023447436
 Final SFC time: 0.000707391

Hilbert SFC previous efficiency: 0.8359493202
DM: HilbertProcessorMapDoIt called...
  (nprocs, nteams, nworkers) = (24, 24, 1)
  Bucket 0 contains 5605891603
  Bucket 1 contains 5747253416
  Bucket 2 contains 4848534365
  Bucket 3 contains 5783705289
  Bucket 4 contains 6062835795
  Bucket 5 contains 5785046235
  Bucket 6 contains 5904420305
  Bucket 7 contains 5222319745
  Bucket 8 contains 5805701192
  Bucket 9 contains 5184456358
  Bucket 10 contains 6052861454
  Bucket 11 contains 5983943767
  Bucket 12 contains 5794899022
  Bucket 13 contains 4873776583
  Bucket 14 contains 6129706334
  Bucket 15 contains 5872799078
  Bucket 16 contains 5203660433
  Bucket 17 contains 5737248851
  Bucket 18 contains 5474331754
  Bucket 19 contains 6356821412
  Bucket 20 contains 5591975486
  Bucket 21 contains 5085109068
  Bucket 22 contains 6259712728
  Bucket 23 contains 5942446914
Hilbert SFC efficiency: 0.8934592225
Hilbert SFC ratio: 1.06879592
 Final Hilbert SFC time: 0.009272665

SFC+Knapsack previous efficiency: 0.8792814501
SFC + Knapsack ratio: 1.052965347
 Final SFC+Knapsack_Combined time: 0.00048003

SFC+Painter previous efficiency: 0.8932798938
Binary search iterations: 30
SFC+painterPartition efficiency: 0.9360509245
SFC+Painter ratio: 1.047880884
 Final SFC+Painter time: 0.004385757

Hilbert+Painter previous efficiency: 0.9329886762
Binary search iterations: 30
Hilbert+painterPartition efficiency: 0.943777588
Hilbert+Painter ratio: 1.011563819
 Final Hilbert+Painter time: 0.001133897
Painter+Knapsack previous efficiency: 0.8793655034
Binary search iterations: 30
SFC+painterPartition efficiency: 0.9912583318
Painter+Knapsack ratio: 1.065218505
 Final painter+Knapsack_Combined time: 0.005340287
Run 6
File weights 51 and ranks 51
Original previous efficiency: 0.94787085
Original efficiency: 0.94787085
Original ratio: 1
Knapsack previous efficiency: 0.94787085
Knapsack ratio: 1.047454922
 Final Knapsack time: 0.003988798

Karmarkar-Karp previous efficiency: 0.9677512873
Karmarkar-Karp ratio: 1.030477754
 Final Karmarkar-Karp time: 0.004897599

SFC previous efficiency: 0.8907934442
 Time take to run this function: 6.109999999e-07
SFC ratio: 1.029050706
 Final SFC time: 0.000710376

Hilbert SFC previous efficiency: 0.8255945666
DM: HilbertProcessorMapDoIt called...
  (nprocs, nteams, nworkers) = (24, 24, 1)
  Bucket 0 contains 5548475068
  Bucket 1 contains 5542948582
  Bucket 2 contains 4735834056
  Bucket 3 contains 5631961600
  Bucket 4 contains 5918720235
  Bucket 5 contains 5651271394
  Bucket 6 contains 5764877699
  Bucket 7 contains 5099401792
  Bucket 8 contains 5666501696
  Bucket 9 contains 5899397138
  Bucket 10 contains 5084444540
  Bucket 11 contains 5828587081
  Bucket 12 contains 5777681827
  Bucket 13 contains 4822284917
  Bucket 14 contains 5975337629
  Bucket 15 contains 5729490458
  Bucket 16 contains 5068991349
  Bucket 17 contains 5605036933
  Bucket 18 contains 5342547297
  Bucket 19 contains 6192804194
  Bucket 20 contains 5466852860
  Bucket 21 contains 4979480532
  Bucket 22 contains 6083619579
  Bucket 23 contains 5833420490
Hilbert SFC efficiency: 0.8965376371
Hilbert SFC ratio: 1.085929672
 Final Hilbert SFC time: 0.008798978

SFC+Knapsack previous efficiency: 0.8750612663
SFC + Knapsack ratio: 1.071855173
 Final SFC+Knapsack_Combined time: 0.000486392

SFC+Painter previous efficiency: 0.8907934442
Binary search iterations: 30
SFC+painterPartition efficiency: 0.9377530398
SFC+Painter ratio: 1.052716593
 Final SFC+Painter time: 0.004253141

Hilbert+Painter previous efficiency: 0.9331145342
Binary search iterations: 30
Hilbert+painterPartition efficiency: 0.9405152592
Hilbert+Painter ratio: 1.007931207
 Final Hilbert+Painter time: 0.001034814
Painter+Knapsack previous efficiency: 0.8753661314
Binary search iterations: 30
SFC+painterPartition efficiency: 0.9907403026
Painter+Knapsack ratio: 1.072126029
 Final painter+Knapsack_Combined time: 0.005217038
Run 7
File weights 51 and ranks 51
Original previous efficiency: 0.9444243417
Original efficiency: 0.9444243417
Original ratio: 1
Knapsack previous efficiency: 0.9444243417
Knapsack ratio: 1.052813704
 Final Knapsack time: 0.003770395

Karmarkar-Karp previous efficiency: 0.9636704444
Karmarkar-Karp ratio: 1.036042218
 Final Karmarkar-Karp time: 0.004870557

SFC previous efficiency: 0.8879524823
 Time take to run this function: 5.61e-07
SFC ratio: 1.031862578
 Final SFC time: 0.000659628

Hilbert SFC previous efficiency: 0.8169672711
DM: HilbertProcessorMapDoIt called...
  (nprocs, nteams, nworkers) = (24, 24, 1)
  Bucket 0 contains 5447981673
  Bucket 1 contains 5441616211
  Bucket 2 contains 5480106424
  Bucket 3 contains 4710244386
  Bucket 4 contains 5805818990
  Bucket 5 contains 5556312404
  Bucket 6 contains 5660239994
  Bucket 7 contains 5021169467
  Bucket 8 contains 5574106499
  Bucket 9 contains 5802962088
  Bucket 10 contains 4995514034
  Bucket 11 contains 5738262651
  Bucket 12 contains 4794519285
  Bucket 13 contains 5799072719
  Bucket 14 contains 5869910155
  Bucket 15 contains 5632351825
  Bucket 16 contains 4988665151
  Bucket 17 contains 5486276504
  Bucket 18 contains 5254762173
  Bucket 19 contains 6084213390
  Bucket 20 contains 5362873701
  Bucket 21 contains 4899601327
  Bucket 22 contains 5919123993
  Bucket 23 contains 5727830436
Hilbert SFC efficiency: 0.8974971173
Hilbert SFC ratio: 1.098571692
 Final Hilbert SFC time: 0.010417643

SFC+Knapsack previous efficiency: 0.8717476891
SFC + Knapsack ratio: 1.076671209
 Final SFC+Knapsack_Combined time: 0.000589021

SFC+Painter previous efficiency: 0.8879524823
Binary search iterations: 30
SFC+painterPartition efficiency: 0.9379467188
SFC+Painter ratio: 1.056302829
 Final SFC+Painter time: 0.005706266

Hilbert+Painter previous efficiency: 0.918357097
Binary search iterations: 29
Hilbert+painterPartition efficiency: 0.9404399379
Hilbert+Painter ratio: 1.024046028
 Final Hilbert+Painter time: 0.001040456
Painter+Knapsack previous efficiency: 0.8716515944
Binary search iterations: 30
SFC+painterPartition efficiency: 0.9910763162
Painter+Knapsack ratio: 1.077171428
 Final painter+Knapsack_Combined time: 0.005348383
Run 8
File weights 51 and ranks 51
Original previous efficiency: 0.9460711233
Original efficiency: 0.9460711233
Original ratio: 1
Knapsack previous efficiency: 0.9460711233
Knapsack ratio: 1.050893288
 Final Knapsack time: 0.005052639

Karmarkar-Karp previous efficiency: 0.9581788852
Karmarkar-Karp ratio: 1.039786444
 Final Karmarkar-Karp time: 0.004906696

SFC previous efficiency: 0.8806404775
 Time take to run this function: 4.61e-07
SFC ratio: 1.038054194
 Final SFC time: 0.000653517

Hilbert SFC previous efficiency: 0.806666665
DM: HilbertProcessorMapDoIt called...
  (nprocs, nteams, nworkers) = (24, 24, 1)
  Bucket 0 contains 5337982736
  Bucket 1 contains 5331984844
  Bucket 2 contains 5358508731
  Bucket 3 contains 4625896138
  Bucket 4 contains 5706018517
  Bucket 5 contains 5432423969
  Bucket 6 contains 5545097797
  Bucket 7 contains 4906052941
  Bucket 8 contains 5447563656
  Bucket 9 contains 5691597101
  Bucket 10 contains 4905998751
  Bucket 11 contains 5646449859
  Bucket 12 contains 4778510838
  Bucket 13 contains 5764884567
  Bucket 14 contains 5761692550
  Bucket 15 contains 4697048762
  Bucket 16 contains 5692071700
  Bucket 17 contains 5410730717
  Bucket 18 contains 5142404911
  Bucket 19 contains 5150866481
  Bucket 20 contains 5471183632
  Bucket 21 contains 5406847260
  Bucket 22 contains 5755027764
  Bucket 23 contains 5617633308
Hilbert SFC efficiency: 0.9293658011
Hilbert SFC ratio: 1.152106367
 Final Hilbert SFC time: 0.010004183

SFC+Knapsack previous efficiency: 0.8685491572
SFC + Knapsack ratio: 1.082907854
 Final SFC+Knapsack_Combined time: 0.000566087

SFC+Painter previous efficiency: 0.8806404775
Binary search iterations: 30
SFC+painterPartition efficiency: 0.9404211799
SFC+Painter ratio: 1.06788321
 Final SFC+Painter time: 0.004201179

Hilbert+Painter previous efficiency: 0.8994438963
Binary search iterations: 30
Hilbert+painterPartition efficiency: 0.941123554
Hilbert+Painter ratio: 1.046339364
 Final Hilbert+Painter time: 0.001155379
Painter+Knapsack previous efficiency: 0.8681636513
Binary search iterations: 30
SFC+painterPartition efficiency: 0.9897055081
Painter+Knapsack ratio: 1.083715784
 Final painter+Knapsack_Combined time: 0.005345907
Run 9
File weights 51 and ranks 51
Original previous efficiency: 0.9434541151
Original efficiency: 0.9434541151
Original ratio: 1
Knapsack previous efficiency: 0.9434541151
Knapsack ratio: 1.052488951
 Final Knapsack time: 0.004499879

Karmarkar-Karp previous efficiency: 0.9573812297
Karmarkar-Karp ratio: 1.040516954
 Final Karmarkar-Karp time: 0.00496502

SFC previous efficiency: 0.8751054009
 Time take to run this function: 5.409999999e-07
SFC ratio: 1.021607357
 Final SFC time: 0.000640161

Hilbert SFC previous efficiency: 0.8054900382
DM: HilbertProcessorMapDoIt called...
  (nprocs, nteams, nworkers) = (24, 24, 1)
  Bucket 0 contains 5254744779
  Bucket 1 contains 5248970427
  Bucket 2 contains 5285164111
  Bucket 3 contains 5344445317
  Bucket 4 contains 4795188908
  Bucket 5 contains 5353735027
  Bucket 6 contains 5466079100
  Bucket 7 contains 4847904563
  Bucket 8 contains 5383969941
  Bucket 9 contains 5591622415
  Bucket 10 contains 4902938663
  Bucket 11 contains 5625931409
  Bucket 12 contains 4769662765
  Bucket 13 contains 5685866735
  Bucket 14 contains 5697845253
  Bucket 15 contains 4645041385
  Bucket 16 contains 5624026962
  Bucket 17 contains 5315092897
  Bucket 18 contains 5045320546
  Bucket 19 contains 5057068650
  Bucket 20 contains 5373068388
  Bucket 21 contains 5342784022
  Bucket 22 contains 5679512235
  Bucket 23 contains 5533927910
Hilbert SFC efficiency: 0.9277623585
Hilbert SFC ratio: 1.151798675
 Final Hilbert SFC time: 0.008873392

SFC+Knapsack previous efficiency: 0.8632023813
SFC + Knapsack ratio: 1.089644436
 Final SFC+Knapsack_Combined time: 0.000495701

SFC+Painter previous efficiency: 0.8751054009
Binary search iterations: 30
SFC+painterPartition efficiency: 0.9403704194
SFC+Painter ratio: 1.074579609
 Final SFC+Painter time: 0.004390347

Hilbert+Painter previous efficiency: 0.8902414228
Binary search iterations: 30
Hilbert+painterPartition efficiency: 0.9409875824
Hilbert+Painter ratio: 1.057002694
 Final Hilbert+Painter time: 0.001168574
Painter+Knapsack previous efficiency: 0.8610378925
Binary search iterations: 30
SFC+painterPartition efficiency: 0.9881296018
Painter+Knapsack ratio: 1.092284157
 Final painter+Knapsack_Combined time: 0.005290059
Run 10
File weights 51 and ranks 51
Original previous efficiency: 0.9508644038
Original efficiency: 0.9508644038
Original ratio: 1
Knapsack previous efficiency: 0.9508644038
Knapsack ratio: 1.048975249
 Final Knapsack time: 0.003697394

Karmarkar-Karp previous efficiency: 0.9557709571
Karmarkar-Karp ratio: 1.042775318
 Final Karmarkar-Karp time: 0.004863773

SFC previous efficiency: 0.8536308734
 Time take to run this function: 5.61e-07
SFC ratio: 1.047657855
 Final SFC time: 0.000761636

Hilbert SFC previous efficiency: 0.8395436428
DM: HilbertProcessorMapDoIt called...
  (nprocs, nteams, nworkers) = (24, 24, 1)
  Bucket 0 contains 5301783747
  Bucket 1 contains 5364557898
  Bucket 2 contains 5262183980
  Bucket 3 contains 5385360327
  Bucket 4 contains 4852115928
  Bucket 5 contains 5407772783
  Bucket 6 contains 5514250634
  Bucket 7 contains 4867462380
  Bucket 8 contains 5418369730
  Bucket 9 contains 5621394811
  Bucket 10 contains 5302267720
  Bucket 11 contains 5037805216
  Bucket 12 contains 5547998134
  Bucket 13 contains 5484068361
  Bucket 14 contains 4936639883
  Bucket 15 contains 5410197704
  Bucket 16 contains 5732175047
  Bucket 17 contains 5379916315
  Bucket 18 contains 5096651683
  Bucket 19 contains 5102295513
  Bucket 20 contains 5422459693
  Bucket 21 contains 5382930515
  Bucket 22 contains 5753530557
  Bucket 23 contains 5585116655
Hilbert SFC efficiency: 0.9281931615
Hilbert SFC ratio: 1.105592508
 Final Hilbert SFC time: 0.010073688

SFC+Knapsack previous efficiency: 0.8656718475
SFC + Knapsack ratio: 1.071363789
 Final SFC+Knapsack_Combined time: 0.000502674

SFC+Painter previous efficiency: 0.8536308734
Binary search iterations: 30
SFC+painterPartition efficiency: 0.943591254
SFC+Painter ratio: 1.105385575
 Final SFC+Painter time: 0.004202613

Hilbert+Painter previous efficiency: 0.8628586293
Binary search iterations: 30
Hilbert+painterPartition efficiency: 0.9427076262
Hilbert+Painter ratio: 1.092540069
 Final Hilbert+Painter time: 0.001050205
Painter+Knapsack previous efficiency: 0.8604993713
Binary search iterations: 30
SFC+painterPartition efficiency: 0.9899045406
Painter+Knapsack ratio: 1.095559252
 Final painter+Knapsack_Combined time: 0.005197039
Run 11
File weights 51 and ranks 51
Original previous efficiency: 0.9448503831
Original efficiency: 0.9448503831
Original ratio: 1
Knapsack previous efficiency: 0.9448503831
Knapsack ratio: 1.051852441
 Final Knapsack time: 0.003682475

Karmarkar-Karp previous efficiency: 0.9305740183
Karmarkar-Karp ratio: 1.073949513
 Final Karmarkar-Karp time: 0.004506551

SFC previous efficiency: 0.8211047905
 Time take to run this function: 4.899999999e-07
SFC ratio: 1.073639254
 Final SFC time: 0.000651923

Hilbert SFC previous efficiency: 0.8262681695
DM: HilbertProcessorMapDoIt called...
  (nprocs, nteams, nworkers) = (24, 24, 1)
  Bucket 0 contains 4923238968
  Bucket 1 contains 4980714476
  Bucket 2 contains 4887476957
  Bucket 3 contains 5014564737
  Bucket 4 contains 4508760786
  Bucket 5 contains 5008701416
  Bucket 6 contains 5129537106
  Bucket 7 contains 4520666821
  Bucket 8 contains 5025726715
  Bucket 9 contains 5243207443
  Bucket 10 contains 4512939153
  Bucket 11 contains 5184051192
  Bucket 12 contains 4905587440
  Bucket 13 contains 5380362650
  Bucket 14 contains 4559007958
  Bucket 15 contains 5024262731
  Bucket 16 contains 5315828909
  Bucket 17 contains 5009815137
  Bucket 18 contains 4734758801
  Bucket 19 contains 4741265814
  Bucket 20 contains 5038491865
  Bucket 21 contains 5006369941
  Bucket 22 contains 5368146051
  Bucket 23 contains 5143709761
Hilbert SFC efficiency: 0.9228559531
Hilbert SFC ratio: 1.116896411
 Final Hilbert SFC time: 0.008236518

SFC+Knapsack previous efficiency: 0.8769880289
SFC + Knapsack ratio: 1.078298167
 Final SFC+Knapsack_Combined time: 0.000522602

SFC+Painter previous efficiency: 0.8211047905
Binary search iterations: 30
SFC+painterPartition efficiency: 0.944264036
SFC+Painter ratio: 1.149992117
 Final SFC+Painter time: 0.00423232

Hilbert+Painter previous efficiency: 0.7724640826
Binary search iterations: 30
Hilbert+painterPartition efficiency: 0.9425620482
Hilbert+Painter ratio: 1.22020178
 Final Hilbert+Painter time: 0.001150008
Painter+Knapsack previous efficiency: 0.862985147
Binary search iterations: 30
SFC+painterPartition efficiency: 0.9876249122
Painter+Knapsack ratio: 1.095794739
 Final painter+Knapsack_Combined time: 0.006261912
Run 12
File weights 51 and ranks 51
Original previous efficiency: 0.9353734075
Original efficiency: 0.9353734075
Original ratio: 1
Knapsack previous efficiency: 0.9353734075
Knapsack ratio: 1.064553595
 Final Knapsack time: 0.00388677

Karmarkar-Karp previous efficiency: 0.9152536935
Karmarkar-Karp ratio: 1.091270023
 Final Karmarkar-Karp time: 0.005507891

SFC previous efficiency: 0.7991668546
 Time take to run this function: 5.009999999e-07
SFC ratio: 1.118164865
 Final SFC time: 0.000755724

Hilbert SFC previous efficiency: 0.7866308794
DM: HilbertProcessorMapDoIt called...
  (nprocs, nteams, nworkers) = (24, 24, 1)
  Bucket 0 contains 4452815017
  Bucket 1 contains 4505956395
  Bucket 2 contains 4415765015
  Bucket 3 contains 4521078904
  Bucket 4 contains 4077576355
  Bucket 5 contains 4527376977
  Bucket 6 contains 4624299175
  Bucket 7 contains 4771049168
  Bucket 8 contains 3861525784
  Bucket 9 contains 4750164947
  Bucket 10 contains 4346400777
  Bucket 11 contains 4872535679
  Bucket 12 contains 4369133505
  Bucket 13 contains 4473415858
  Bucket 14 contains 4103405252
  Bucket 15 contains 4545295891
  Bucket 16 contains 4812623883
  Bucket 17 contains 4536914116
  Bucket 18 contains 4290928784
  Bucket 19 contains 4288898733
  Bucket 20 contains 4556483766
  Bucket 21 contains 4523026100
  Bucket 22 contains 4862865629
  Bucket 23 contains 4608758394
Hilbert SFC efficiency: 0.920963789
Hilbert SFC ratio: 1.170769942
 Final Hilbert SFC time: 0.009530785

SFC+Knapsack previous efficiency: 0.8552617561
SFC + Knapsack ratio: 1.105934002
 Final SFC+Knapsack_Combined time: 0.000554524

SFC+Painter previous efficiency: 0.7991668546
Binary search iterations: 30
SFC+painterPartition efficiency: 0.9460141773
SFC+Painter ratio: 1.183750517
 Final SFC+Painter time: 0.0044955

Hilbert+Painter previous efficiency: 0.9407764903
Binary search iterations: 30
Hilbert+painterPartition efficiency: 0.9448732416
Hilbert+Painter ratio: 1.004354649
 Final Hilbert+Painter time: 0.001438226
Painter+Knapsack previous efficiency: 0.8642097998
Binary search iterations: 30
SFC+painterPartition efficiency: 0.9845564586
Painter+Knapsack ratio: 1.094483141
 Final painter+Knapsack_Combined time: 0.006089719
Run 13
File weights 51 and ranks 51
Original previous efficiency: 0.9323592836
Original efficiency: 0.9323592836
Original ratio: 1
Knapsack previous efficiency: 0.9323592836
Knapsack ratio: 1.067724131
 Final Knapsack time: 0.003636465

Karmarkar-Karp previous efficiency: 0.9163361969
Karmarkar-Karp ratio: 1.08913303
 Final Karmarkar-Karp time: 0.005644546

SFC previous efficiency: 0.7947824083
 Time take to run this function: 4.709999999e-07
SFC ratio: 1.124033053
 Final SFC time: 0.000826992

Hilbert SFC previous efficiency: 0.7834844399
DM: HilbertProcessorMapDoIt called...
  (nprocs, nteams, nworkers) = (24, 24, 1)
  Bucket 0 contains 4416731156
  Bucket 1 contains 4467906327
  Bucket 2 contains 4378842900
  Bucket 3 contains 4504822234
  Bucket 4 contains 4029967728
  Bucket 5 contains 4499107126
  Bucket 6 contains 4597578343
  Bucket 7 contains 4731776590
  Bucket 8 contains 3846192056
  Bucket 9 contains 4713834337
  Bucket 10 contains 4344758430
  Bucket 11 contains 4858305729
  Bucket 12 contains 4358502145
  Bucket 13 contains 4358257767
  Bucket 14 contains 4090152110
  Bucket 15 contains 4513499779
  Bucket 16 contains 4768886137
  Bucket 17 contains 4496784801
  Bucket 18 contains 4259724994
  Bucket 19 contains 4255171853
  Bucket 20 contains 4524547478
  Bucket 21 contains 4476677813
  Bucket 22 contains 4829846653
  Bucket 23 contains 4611007530
Hilbert SFC efficiency: 0.9170968233
Hilbert SFC ratio: 1.170536103
 Final Hilbert SFC time: 0.011192665

SFC+Knapsack previous efficiency: 0.8493657627
SFC + Knapsack ratio: 1.110638132
 Final SFC+Knapsack_Combined time: 0.000559174

SFC+Painter previous efficiency: 0.7947824083
Binary search iterations: 30
SFC+painterPartition efficiency: 0.9440151187
SFC+Painter ratio: 1.187765493
 Final SFC+Painter time: 0.004329758

Hilbert+Painter previous efficiency: 0.9404846528
Binary search iterations: 30
Hilbert+painterPartition efficiency: 0.9441003647
Hilbert+Painter ratio: 1.00384452
 Final Hilbert+Painter time: 0.001104921
Painter+Knapsack previous efficiency: 0.8622602046
Binary search iterations: 30
SFC+painterPartition efficiency: 0.981976678
Painter+Knapsack ratio: 1.094029388
 Final painter+Knapsack_Combined time: 0.005245834
Run 14
File weights 51 and ranks 51
Original previous efficiency: 0.9263503096
Original efficiency: 0.9263503096
Original ratio: 1
Knapsack previous efficiency: 0.9263503096
Knapsack ratio: 1.074167554
 Final Knapsack time: 0.003849658

Karmarkar-Karp previous efficiency: 0.9103964967
Karmarkar-Karp ratio: 1.096300044
 Final Karmarkar-Karp time: 0.00511481

SFC previous efficiency: 0.787757746
 Time take to run this function: 5.21e-07
SFC ratio: 1.133393207
 Final SFC time: 0.000703714

Hilbert SFC previous efficiency: 0.7759969356
DM: HilbertProcessorMapDoIt called...
  (nprocs, nteams, nworkers) = (24, 24, 1)
  Bucket 0 contains 4369479827
  Bucket 1 contains 4421173957
  Bucket 2 contains 4337019961
  Bucket 3 contains 4443459798
  Bucket 4 contains 3989197642
  Bucket 5 contains 4449466646
  Bucket 6 contains 4543946273
  Bucket 7 contains 4684434768
  Bucket 8 contains 4457950023
  Bucket 9 contains 3989839312
  Bucket 10 contains 4361549821
  Bucket 11 contains 4950731234
  Bucket 12 contains 4373330106
  Bucket 13 contains 4285931127
  Bucket 14 contains 4044127812
  Bucket 15 contains 4458178001
  Bucket 16 contains 4716106499
  Bucket 17 contains 4462106907
  Bucket 18 contains 4208602870
  Bucket 19 contains 4198126534
  Bucket 20 contains 4476642152
  Bucket 21 contains 4442138439
  Bucket 22 contains 4742475757
  Bucket 23 contains 4595272731
Hilbert SFC efficiency: 0.8921349459
Hilbert SFC ratio: 1.149662975
 Final Hilbert SFC time: 0.00937852

SFC+Knapsack previous efficiency: 0.8442569206
SFC + Knapsack ratio: 1.121920428
 Final SFC+Knapsack_Combined time: 0.00063508

SFC+Painter previous efficiency: 0.787757746
Binary search iterations: 30
SFC+painterPartition efficiency: 0.9470160098
SFC+Painter ratio: 1.202166547
 Final SFC+Painter time: 0.004520749

Hilbert+Painter previous efficiency: 0.9374155774
Binary search iterations: 30
Hilbert+painterPartition efficiency: 0.947662533
Hilbert+Painter ratio: 1.01093107
 Final Hilbert+Painter time: 0.000987263
Painter+Knapsack previous efficiency: 0.856983954
Binary search iterations: 30
SFC+painterPartition efficiency: 0.9828319681
Painter+Knapsack ratio: 1.105258834
 Final painter+Knapsack_Combined time: 0.005162873
Run 15
File weights 51 and ranks 51
Original previous efficiency: 0.9241836585
Original efficiency: 0.9241836585
Original ratio: 1
Knapsack previous efficiency: 0.9241836585
Knapsack ratio: 1.076966534
 Final Knapsack time: 0.005704482

Karmarkar-Karp previous efficiency: 0.9166161656
Karmarkar-Karp ratio: 1.088009992
 Final Karmarkar-Karp time: 0.005327151

SFC previous efficiency: 0.7883437378
 Time take to run this function: 5.010000002e-07
SFC ratio: 1.130524397
 Final SFC time: 0.000790191

Hilbert SFC previous efficiency: 0.7818706268
DM: HilbertProcessorMapDoIt called...
  (nprocs, nteams, nworkers) = (24, 24, 1)
  Bucket 0 contains 4464017344
  Bucket 1 contains 4517451987
  Bucket 2 contains 4428760282
  Bucket 3 contains 4546848863
  Bucket 4 contains 4094225249
  Bucket 5 contains 4535835470
  Bucket 6 contains 4633762895
  Bucket 7 contains 4791936129
  Bucket 8 contains 3879345401
  Bucket 9 contains 4757656054
  Bucket 10 contains 4401465458
  Bucket 11 contains 4990439588
  Bucket 12 contains 4532384407
  Bucket 13 contains 4495319535
  Bucket 14 contains 4130820941
  Bucket 15 contains 4564178559
  Bucket 16 contains 4825496022
  Bucket 17 contains 4522706686
  Bucket 18 contains 4289621964
  Bucket 19 contains 4297594900
  Bucket 20 contains 4575299324
  Bucket 21 contains 4545560622
  Bucket 22 contains 4817137455
  Bucket 23 contains 4525122428
Hilbert SFC efficiency: 0.9030850026
Hilbert SFC ratio: 1.155031244
 Final Hilbert SFC time: 0.009913487

SFC+Knapsack previous efficiency: 0.84586478
SFC + Knapsack ratio: 1.117899873
 Final SFC+Knapsack_Combined time: 0.000563281

SFC+Painter previous efficiency: 0.9411491878
Binary search iterations: 30
SFC+painterPartition efficiency: 0.9441491673
SFC+Painter ratio: 1.003187571
 Final SFC+Painter time: 0.004908329

Hilbert+Painter previous efficiency: 0.940774217
Binary search iterations: 30
Hilbert+painterPartition efficiency: 0.9448508395
Hilbert+Painter ratio: 1.004333263
 Final Hilbert+Painter time: 0.001590401
Painter+Knapsack previous efficiency: 0.849655141
Binary search iterations: 30
SFC+painterPartition efficiency: 0.9826613337
Painter+Knapsack ratio: 1.112912857
 Final painter+Knapsack_Combined time: 0.006085379
Run 16
File weights 51 and ranks 51
Original previous efficiency: 0.9021832384
Original efficiency: 0.9021832384
Original ratio: 1
Knapsack previous efficiency: 0.9021832384
Knapsack ratio: 1.102334106
 Final Knapsack time: 0.003936868

Karmarkar-Karp previous efficiency: 0.8947250065
Karmarkar-Karp ratio: 1.115450317
 Final Karmarkar-Karp time: 0.004763689

SFC previous efficiency: 0.756591799
 Time take to run this function: 5.410000001e-07
SFC ratio: 1.177100616
 Final SFC time: 0.000669377

Hilbert SFC previous efficiency: 0.7352205219
DM: HilbertProcessorMapDoIt called...
  (nprocs, nteams, nworkers) = (24, 24, 1)
  Bucket 0 contains 3958205544
  Bucket 1 contains 3955185515
  Bucket 2 contains 3976909287
  Bucket 3 contains 4024906354
  Bucket 4 contains 3628668752
  Bucket 5 contains 4031447408
  Bucket 6 contains 4116112527
  Bucket 7 contains 3642820697
  Bucket 8 contains 4050575941
  Bucket 9 contains 4216240477
  Bucket 10 contains 3210670183
  Bucket 11 contains 4297273250
  Bucket 12 contains 3988869086
  Bucket 13 contains 4209426714
  Bucket 14 contains 4325822863
  Bucket 15 contains 4043481657
  Bucket 16 contains 3677261822
  Bucket 17 contains 4029045739
  Bucket 18 contains 3763169479
  Bucket 19 contains 4436958897
  Bucket 20 contains 3908637533
  Bucket 21 contains 3926512819
  Bucket 22 contains 3748004294
  Bucket 23 contains 4353501456
Hilbert SFC efficiency: 0.8970080494
Hilbert SFC ratio: 1.220053063
 Final Hilbert SFC time: 0.008234765

SFC+Knapsack previous efficiency: 0.8076347247
SFC + Knapsack ratio: 1.165283148
 Final SFC+Knapsack_Combined time: 0.000525117

SFC+Painter previous efficiency: 0.9066571779
Binary search iterations: 30
SFC+painterPartition efficiency: 0.9420377696
SFC+Painter ratio: 1.03902312
 Final SFC+Painter time: 0.004210248

Hilbert+Painter previous efficiency: 0.8532511231
Binary search iterations: 30
Hilbert+painterPartition efficiency: 0.9421947262
Hilbert+Painter ratio: 1.104240828
 Final Hilbert+Painter time: 0.001092216
Painter+Knapsack previous efficiency: 0.8512345195
Binary search iterations: 30
SFC+painterPartition efficiency: 0.9891265313
Painter+Knapsack ratio: 1.106436096
 Final painter+Knapsack_Combined time: 0.006196014
Run 17
File weights 51 and ranks 51
Original previous efficiency: 0.8954265393
Original efficiency: 0.9728092364
Original ratio: 1.086419928
Knapsack previous efficiency: 0.8954265393
Knapsack ratio: 1.110601567
 Final Knapsack time: 0.00396401

Karmarkar-Karp previous efficiency: 0.8879619261
Karmarkar-Karp ratio: 1.122025592
 Final Karmarkar-Karp time: 0.00499619

SFC previous efficiency: 0.7309370259
 Time take to run this function: 5.61e-07
SFC ratio: 1.216988122
 Final SFC time: 0.000770222

Hilbert SFC previous efficiency: 0.8604863661
DM: HilbertProcessorMapDoIt called...
  (nprocs, nteams, nworkers) = (24, 24, 1)
  Bucket 0 contains 3889430104
  Bucket 1 contains 3939067307
  Bucket 2 contains 3858238538
  Bucket 3 contains 3965253070
  Bucket 4 contains 3569960743
  Bucket 5 contains 3986039010
  Bucket 6 contains 4056120252
  Bucket 7 contains 3596883018
  Bucket 8 contains 3983331253
  Bucket 9 contains 4156632458
  Bucket 10 contains 3393594965
  Bucket 11 contains 4554395415
  Bucket 12 contains 3973852043
  Bucket 13 contains 3678077703
  Bucket 14 contains 3685987601
  Bucket 15 contains 3978825907
  Bucket 16 contains 4214204786
  Bucket 17 contains 3958855457
  Bucket 18 contains 3718399892
  Bucket 19 contains 3736144118
  Bucket 20 contains 3949999980
  Bucket 21 contains 4362661125
  Bucket 22 contains 3703812314
  Bucket 23 contains 4146116786
Hilbert SFC efficiency: 0.8604863661
Hilbert SFC ratio: 1
 Final Hilbert SFC time: 0.008956192

SFC+Knapsack previous efficiency: 0.7797857753
SFC + Knapsack ratio: 1.205905362
 Final SFC+Knapsack_Combined time: 0.000501602

SFC+Painter previous efficiency: 0.896036799
Binary search iterations: 29
SFC+painterPartition efficiency: 0.9418192543
SFC+Painter ratio: 1.051094392
 Final SFC+Painter time: 0.00497553

Hilbert+Painter previous efficiency: 0.8017133819
Binary search iterations: 30
Hilbert+painterPartition efficiency: 0.940738576
Hilbert+Painter ratio: 1.173410096
 Final Hilbert+Painter time: 0.001052329
Painter+Knapsack previous efficiency: 0.8365786895
Binary search iterations: 30
SFC+painterPartition efficiency: 0.9874562324
Painter+Knapsack ratio: 1.124222245
 Final painter+Knapsack_Combined time: 0.005588027
Run 18
File weights 51 and ranks 51
Original previous efficiency: 0.8934282475
Original efficiency: 0.9620408486
Original ratio: 1.076796991
Knapsack previous efficiency: 0.8934282475
Knapsack ratio: 1.112236086
 Final Knapsack time: 0.003640133

Karmarkar-Karp previous efficiency: 0.8940212585
Karmarkar-Karp ratio: 1.113699748
 Final Karmarkar-Karp time: 0.011717251

SFC previous efficiency: 0.8883148894
 Time take to run this function: 5.21e-07
SFC ratio: 1.034003387
 Final SFC time: 0.000696038

Hilbert SFC previous efficiency: 0.852649222
DM: HilbertProcessorMapDoIt called...
  (nprocs, nteams, nworkers) = (24, 24, 1)
  Bucket 0 contains 3912045462
  Bucket 1 contains 3909860238
  Bucket 2 contains 3936061467
  Bucket 3 contains 3394420423
  Bucket 4 contains 4172824817
  Bucket 5 contains 4002736821
  Bucket 6 contains 4071708431
  Bucket 7 contains 3600980372
  Bucket 8 contains 4017827541
  Bucket 9 contains 4171041209
  Bucket 10 contains 3397844917
  Bucket 11 contains 3839164572
  Bucket 12 contains 3945742558
  Bucket 13 contains 3963408890
  Bucket 14 contains 4162572445
  Bucket 15 contains 3991762229
  Bucket 16 contains 4225787050
  Bucket 17 contains 3953245195
  Bucket 18 contains 3732987326
  Bucket 19 contains 3758229189
  Bucket 20 contains 3976910038
  Bucket 21 contains 3782040882
  Bucket 22 contains 4319223576
  Bucket 23 contains 4093930732
Hilbert SFC efficiency: 0.9100049534
Hilbert SFC ratio: 1.067267676
 Final Hilbert SFC time: 0.008372091

SFC+Knapsack previous efficiency: 0.938420727
SFC + Knapsack ratio: 1.00022712
 Final SFC+Knapsack_Combined time: 0.000555787

SFC+Painter previous efficiency: 0.8978980011
Binary search iterations: 30
SFC+painterPartition efficiency: 0.9391039886
SFC+Painter ratio: 1.045891613
 Final SFC+Painter time: 0.004391137

Hilbert+Painter previous efficiency: 0.8058904036
Binary search iterations: 30
Hilbert+painterPartition efficiency: 0.9397601617
Hilbert+Painter ratio: 1.166114099
 Final Hilbert+Painter time: 0.001061757
Painter+Knapsack previous efficiency: 0.8311818516
Binary search iterations: 30
SFC+painterPartition efficiency: 0.9847186021
Painter+Knapsack ratio: 1.12838956
 Final painter+Knapsack_Combined time: 0.005390684
Run 19
File weights 51 and ranks 51
Original previous efficiency: 0.8886100208
Original efficiency: 0.9555296195
Original ratio: 1.075308175
Knapsack previous efficiency: 0.8886100208
Knapsack ratio: 1.121099066
 Final Knapsack time: 0.003729967

Karmarkar-Karp previous efficiency: 0.8941911574
Karmarkar-Karp ratio: 1.113169917
 Final Karmarkar-Karp time: 0.004666562

SFC previous efficiency: 0.8898284593
 Time take to run this function: 5.010000002e-07
SFC ratio: 1.006070422
 Final SFC time: 0.000680829

Hilbert SFC previous efficiency: 0.8700397986
DM: HilbertProcessorMapDoIt called...
  (nprocs, nteams, nworkers) = (24, 24, 1)
  Bucket 0 contains 4018614555
  Bucket 1 contains 4016052745
  Bucket 2 contains 4046860489
  Bucket 3 contains 3469590682
  Bucket 4 contains 4292823611
  Bucket 5 contains 4096939896
  Bucket 6 contains 4170409869
  Bucket 7 contains 3698536144
  Bucket 8 contains 4122358501
  Bucket 9 contains 4285253458
  Bucket 10 contains 3441380252
  Bucket 11 contains 4641756894
  Bucket 12 contains 3390573852
  Bucket 13 contains 4520310941
  Bucket 14 contains 4297719587
  Bucket 15 contains 4106716492
  Bucket 16 contains 3979233026
  Bucket 17 contains 4064467845
  Bucket 18 contains 3827095008
  Bucket 19 contains 3856627780
  Bucket 20 contains 4070964761
  Bucket 21 contains 3893997775
  Bucket 22 contains 4445269201
  Bucket 23 contains 4170764229
Hilbert SFC efficiency: 0.8700397986
Hilbert SFC ratio: 1
 Final Hilbert SFC time: 0.008697281

SFC+Knapsack previous efficiency: 0.9205577911
SFC + Knapsack ratio: 1.018146266
 Final SFC+Knapsack_Combined time: 0.00048507

SFC+Painter previous efficiency: 0.8948149491
Binary search iterations: 30
SFC+painterPartition efficiency: 0.9407403232
SFC+Painter ratio: 1.051323879
 Final SFC+Painter time: 0.004182002

Hilbert+Painter previous efficiency: 0.8438145623
Binary search iterations: 30
Hilbert+painterPartition efficiency: 0.9417257885
Hilbert+Painter ratio: 1.116034056
 Final Hilbert+Painter time: 0.000971212
Painter+Knapsack previous efficiency: 0.8323559824
Binary search iterations: 30
SFC+painterPartition efficiency: 0.980589218
Painter+Knapsack ratio: 1.108591223
 Final painter+Knapsack_Combined time: 0.005697228
Run 20
File weights 51 and ranks 51
Original previous efficiency: 0.8816161399
Original efficiency: 0.9479517253
Original ratio: 1.075243161
Knapsack previous efficiency: 0.8816161399
Knapsack ratio: 1.128910451
 Final Knapsack time: 0.003916438

Karmarkar-Karp previous efficiency: 0.8876752954
Karmarkar-Karp ratio: 1.122649645
 Final Karmarkar-Karp time: 0.005279629

SFC previous efficiency: 0.8899219789
 Time take to run this function: 5.31e-07
SFC ratio: 1
 Final SFC time: 0.000698404

Hilbert SFC previous efficiency: 0.9039390665
DM: HilbertProcessorMapDoIt called...
  (nprocs, nteams, nworkers) = (24, 24, 1)
  Bucket 0 contains 4095416071
  Bucket 1 contains 4144603158
  Bucket 2 contains 4054833390
  Bucket 3 contains 4172180160
  Bucket 4 contains 3738069441
  Bucket 5 contains 4188157538
  Bucket 6 contains 4252601156
  Bucket 7 contains 3769813358
  Bucket 8 contains 4190577869
  Bucket 9 contains 4365633997
  Bucket 10 contains 4313238729
  Bucket 11 contains 3699753668
  Bucket 12 contains 4472252664
  Bucket 13 contains 4218474611
  Bucket 14 contains 3773815408
  Bucket 15 contains 4189963468
  Bucket 16 contains 3802434783
  Bucket 17 contains 4170326574
  Bucket 18 contains 4491635063
  Bucket 19 contains 3932139568
  Bucket 20 contains 4138685065
  Bucket 21 contains 3974755819
  Bucket 22 contains 4499553942
  Bucket 23 contains 4239135340
Hilbert SFC efficiency: 0.9157208703
Hilbert SFC ratio: 1.013033847
 Final Hilbert SFC time: 0.008315231

SFC+Knapsack previous efficiency: 0.902909331
SFC + Knapsack ratio: 1.042159318
 Final SFC+Knapsack_Combined time: 0.00053678

SFC+Painter previous efficiency: 0.891274071
Binary search iterations: 30
SFC+painterPartition efficiency: 0.9413331299
SFC+Painter ratio: 1.05616573
 Final SFC+Painter time: 0.004156774

Hilbert+Painter previous efficiency: 0.8613050592
Binary search iterations: 29
Hilbert+painterPartition efficiency: 0.9412634922
Hilbert+Painter ratio: 1.092834045
 Final Hilbert+Painter time: 0.000978677
Painter+Knapsack previous efficiency: 0.8264089833
Binary search iterations: 30
SFC+painterPartition efficiency: 0.9797989428
Painter+Knapsack ratio: 1.138631588
 Final painter+Knapsack_Combined time: 0.006795315
Run 21
File weights 51 and ranks 51
Original previous efficiency: 0.885238403
Original efficiency: 0.9311154892
Original ratio: 1.051824555
Knapsack previous efficiency: 0.885238403
Knapsack ratio: 1.123595818
 Final Knapsack time: 0.003986514

Karmarkar-Karp previous efficiency: 0.8970363918
Karmarkar-Karp ratio: 1.109105795
 Final Karmarkar-Karp time: 0.004819357

SFC previous efficiency: 0.8716830328
 Time take to run this function: 5.21e-07
SFC ratio: 1.051830338
 Final SFC time: 0.000672313

Hilbert SFC previous efficiency: 0.8821566309
DM: HilbertProcessorMapDoIt called...
  (nprocs, nteams, nworkers) = (24, 24, 1)
  Bucket 0 contains 4237411054
  Bucket 1 contains 4236605004
  Bucket 2 contains 4262331628
  Bucket 3 contains 3674272125
  Bucket 4 contains 4536214927
  Bucket 5 contains 4334458815
  Bucket 6 contains 4395956639
  Bucket 7 contains 3899604184
  Bucket 8 contains 4339108556
  Bucket 9 contains 4524106250
  Bucket 10 contains 4301680281
  Bucket 11 contains 3643334121
  Bucket 12 contains 4600266453
  Bucket 13 contains 4384954580
  Bucket 14 contains 3925019313
  Bucket 15 contains 4322374756
  Bucket 16 contains 4180322059
  Bucket 17 contains 4292393820
  Bucket 18 contains 4647530283
  Bucket 19 contains 4074919162
  Bucket 20 contains 4298448162
  Bucket 21 contains 4106076299
  Bucket 22 contains 4663119237
  Bucket 23 contains 4309909312
Hilbert SFC efficiency: 0.9131085495
Hilbert SFC ratio: 1.035086647
 Final Hilbert SFC time: 0.008389554

SFC+Knapsack previous efficiency: 0.891524337
SFC + Knapsack ratio: 1.052912773
 Final SFC+Knapsack_Combined time: 0.000541409

SFC+Painter previous efficiency: 0.8716830328
Binary search iterations: 30
SFC+painterPartition efficiency: 0.9387693094
SFC+Painter ratio: 1.076961779
 Final SFC+Painter time: 0.005149707

Hilbert+Painter previous efficiency: 0.8739045856
Binary search iterations: 30
Hilbert+painterPartition efficiency: 0.9379931209
Hilbert+Painter ratio: 1.07333585
 Final Hilbert+Painter time: 0.001287474
Painter+Knapsack previous efficiency: 0.8219808024
Binary search iterations: 30
SFC+painterPartition efficiency: 0.9762097537
Painter+Knapsack ratio: 1.141994264
 Final painter+Knapsack_Combined time: 0.005427385
Run 22
File weights 51 and ranks 51
Original previous efficiency: 0.8760187529
Original efficiency: 0.9262283957
Original ratio: 1.057315717
Knapsack previous efficiency: 0.8760187529
Knapsack ratio: 1.136443761
 Final Knapsack time: 0.004737229

Karmarkar-Karp previous efficiency: 0.8896522071
Karmarkar-Karp ratio: 1.12128115
 Final Karmarkar-Karp time: 0.004935803

SFC previous efficiency: 0.8436982882
 Time take to run this function: 5.009999997e-07
SFC ratio: 1.090280152
 Final SFC time: 0.000745295

Hilbert SFC previous efficiency: 0.8547198941
DM: HilbertProcessorMapDoIt called...
  (nprocs, nteams, nworkers) = (24, 24, 1)
  Bucket 0 contains 4391506466
  Bucket 1 contains 4388567411
  Bucket 2 contains 4412850286
  Bucket 3 contains 3794514216
  Bucket 4 contains 4690672254
  Bucket 5 contains 4476684747
  Bucket 6 contains 4559840699
  Bucket 7 contains 4044847632
  Bucket 8 contains 4503402817
  Bucket 9 contains 4679350611
  Bucket 10 contains 4442795526
  Bucket 11 contains 4544575250
  Bucket 12 contains 4005114724
  Bucket 13 contains 4438404778
  Bucket 14 contains 4133735874
  Bucket 15 contains 4473786760
  Bucket 16 contains 4496840235
  Bucket 17 contains 4443900991
  Bucket 18 contains 4807990886
  Bucket 19 contains 4216495887
  Bucket 20 contains 4454039401
  Bucket 21 contains 4272295650
  Bucket 22 contains 4412562615
  Bucket 23 contains 4790829912
Hilbert SFC efficiency: 0.9175315995
Hilbert SFC ratio: 1.073488058
 Final Hilbert SFC time: 0.009127453

SFC+Knapsack previous efficiency: 0.8844380797
SFC + Knapsack ratio: 1.059798501
 Final SFC+Knapsack_Combined time: 0.000475962

SFC+Painter previous efficiency: 0.8436982882
Binary search iterations: 30
SFC+painterPartition efficiency: 0.9376333565
SFC+Painter ratio: 1.111337275
 Final SFC+Painter time: 0.013485196

Hilbert+Painter previous efficiency: 0.8592642881
Binary search iterations: 30
Hilbert+painterPartition efficiency: 0.9351531631
Hilbert+Painter ratio: 1.088318432
 Final Hilbert+Painter time: 0.001150941
Painter+Knapsack previous efficiency: 0.8147710445
Binary search iterations: 30
SFC+painterPartition efficiency: 0.9778634296
Painter+Knapsack ratio: 1.151197096
 Final painter+Knapsack_Combined time: 0.005462422
Run 23
File weights 51 and ranks 51
Original previous efficiency: 0.8749332969
Original efficiency: 0.9231170693
Original ratio: 1.055071367
Knapsack previous efficiency: 0.8749332969
Knapsack ratio: 1.138478742
 Final Knapsack time: 0.00374179

Karmarkar-Karp previous efficiency: 0.8807473339
Karmarkar-Karp ratio: 1.132795578
 Final Karmarkar-Karp time: 0.004532301

SFC previous efficiency: 0.8307814996
 Time take to run this function: 5.709999997e-07
SFC ratio: 1.071048901
 Final SFC time: 0.000591206

Hilbert SFC previous efficiency: 0.8374084019
DM: HilbertProcessorMapDoIt called...
  (nprocs, nteams, nworkers) = (24, 24, 1)
  Bucket 0 contains 4298596183
  Bucket 1 contains 4352589126
  Bucket 2 contains 4262643191
  Bucket 3 contains 4368236875
  Bucket 4 contains 3947014681
  Bucket 5 contains 4393917451
  Bucket 6 contains 4475520524
  Bucket 7 contains 3969282978
  Bucket 8 contains 4411571013
  Bucket 9 contains 4583806615
  Bucket 10 contains 4335774536
  Bucket 11 contains 4449466229
  Bucket 12 contains 3989078880
  Bucket 13 contains 4319764360
  Bucket 14 contains 4723908757
  Bucket 15 contains 3792373272
  Bucket 16 contains 4453631755
  Bucket 17 contains 4361595827
  Bucket 18 contains 4127567217
  Bucket 19 contains 4735369781
  Bucket 20 contains 4364189727
  Bucket 21 contains 4174562700
  Bucket 22 contains 4318266963
  Bucket 23 contains 4613085193
Hilbert SFC efficiency: 0.913531384
Hilbert SFC ratio: 1.090903055
 Final Hilbert SFC time: 0.009227428

SFC+Knapsack previous efficiency: 0.8819443865
SFC + Knapsack ratio: 1.064435241
 Final SFC+Knapsack_Combined time: 0.000617636

SFC+Painter previous efficiency: 0.8307814996
Binary search iterations: 30
SFC+painterPartition efficiency: 0.9382297236
SFC+Painter ratio: 1.129333915
 Final SFC+Painter time: 0.004969808

Hilbert+Painter previous efficiency: 0.8482596407
Binary search iterations: 30
Hilbert+painterPartition efficiency: 0.9377474572
Hilbert+Painter ratio: 1.105495785
 Final Hilbert+Painter time: 0.0013731
Painter+Knapsack previous efficiency: 0.8096032195
Binary search iterations: 30
SFC+painterPartition efficiency: 0.9812144766
Painter+Knapsack ratio: 1.161235558
 Final painter+Knapsack_Combined time: 0.005069742
Run 24
File weights 51 and ranks 51
Original previous efficiency: 0.8667116523
Original efficiency: 0.9167889268
Original ratio: 1.057778471
Knapsack previous efficiency: 0.8667116523
Knapsack ratio: 1.148484359
 Final Knapsack time: 0.00394325

Karmarkar-Karp previous efficiency: 0.871551908
Karmarkar-Karp ratio: 1.145672959
 Final Karmarkar-Karp time: 0.004539996

SFC previous efficiency: 0.8146856094
 Time take to run this function: 5.31e-07
SFC ratio: 1.112986759
 Final SFC time: 0.000666481

Hilbert SFC previous efficiency: 0.7928197471
DM: HilbertProcessorMapDoIt called...
  (nprocs, nteams, nworkers) = (24, 24, 1)
  Bucket 0 contains 4112518187
  Bucket 1 contains 4109651616
  Bucket 2 contains 4131490679
  Bucket 3 contains 3557836461
  Bucket 4 contains 4386386019
  Bucket 5 contains 4197357187
  Bucket 6 contains 4273739233
  Bucket 7 contains 3794730511
  Bucket 8 contains 4215772441
  Bucket 9 contains 4377675217
  Bucket 10 contains 3909129622
  Bucket 11 contains 4115761937
  Bucket 12 contains 4440511473
  Bucket 13 contains 4058164355
  Bucket 14 contains 3944226788
  Bucket 15 contains 3632144112
  Bucket 16 contains 4516741106
  Bucket 17 contains 4160128097
  Bucket 18 contains 4511083280
  Bucket 19 contains 3957506443
  Bucket 20 contains 4179213855
  Bucket 21 contains 3982632606
  Bucket 22 contains 4133973586
  Bucket 23 contains 4399749452
Hilbert SFC efficiency: 0.9141742717
Hilbert SFC ratio: 1.15306698
 Final Hilbert SFC time: 0.009204082

SFC+Knapsack previous efficiency: 0.8683442907
SFC + Knapsack ratio: 1.068970184
 Final SFC+Knapsack_Combined time: 0.000495479

SFC+Painter previous efficiency: 0.8146856094
Binary search iterations: 30
SFC+painterPartition efficiency: 0.9415577189
SFC+Painter ratio: 1.155731374
 Final SFC+Painter time: 0.004132897

Hilbert+Painter previous efficiency: 0.8254876659
Binary search iterations: 30
Hilbert+painterPartition efficiency: 0.9339915291
Hilbert+Painter ratio: 1.131442137
 Final Hilbert+Painter time: 0.001188182
Painter+Knapsack previous efficiency: 0.807842155
Binary search iterations: 30
SFC+painterPartition efficiency: 0.9945432006
Painter+Knapsack ratio: 1.162949167
 Final painter+Knapsack_Combined time: 0.005142113
Run 25
File weights 51 and ranks 51
Original previous efficiency: 0.8713728402
Original efficiency: 0.8885684173
Original ratio: 1.019733892
Knapsack previous efficiency: 0.8713728402
Knapsack ratio: 1.141838898
 Final Knapsack time: 0.003671182

Karmarkar-Karp previous efficiency: 0.8585456347
Karmarkar-Karp ratio: 1.159630274
 Final Karmarkar-Karp time: 0.004698364

SFC previous efficiency: 0.7858341222
 Time take to run this function: 4.809999998e-07
SFC ratio: 1.131491626
 Final SFC time: 0.000651953

Hilbert SFC previous efficiency: 0.7507244595
DM: HilbertProcessorMapDoIt called...
  (nprocs, nteams, nworkers) = (24, 24, 1)
  Bucket 0 contains 3967699175
  Bucket 1 contains 3967183616
  Bucket 2 contains 3989702043
  Bucket 3 contains 4046553418
  Bucket 4 contains 3640318000
  Bucket 5 contains 4050115530
  Bucket 6 contains 4130443191
  Bucket 7 contains 3663923800
  Bucket 8 contains 4069168522
  Bucket 9 contains 4244212511
  Bucket 10 contains 3649216439
  Bucket 11 contains 3893196384
  Bucket 12 contains 4301479753
  Bucket 13 contains 3784941189
  Bucket 14 contains 4485272538
  Bucket 15 contains 3890869033
  Bucket 16 contains 3662208624
  Bucket 17 contains 4000195103
  Bucket 18 contains 4408232942
  Bucket 19 contains 3815388745
  Bucket 20 contains 4019842103
  Bucket 21 contains 3875789719
  Bucket 22 contains 3996921418
  Bucket 23 contains 4286401102
Hilbert SFC efficiency: 0.8903144875
Hilbert SFC ratio: 1.185940429
 Final Hilbert SFC time: 0.008596535

SFC+Knapsack previous efficiency: 0.8608252892
SFC + Knapsack ratio: 1.089827263
 Final SFC+Knapsack_Combined time: 0.000516321

SFC+Painter previous efficiency: 0.7858341222
Binary search iterations: 30
SFC+painterPartition efficiency: 0.9386111903
SFC+Painter ratio: 1.194413889
 Final SFC+Painter time: 0.004441064

Hilbert+Painter previous efficiency: 0.7932112314
Binary search iterations: 30
Hilbert+painterPartition efficiency: 0.9408684811
Hilbert+Painter ratio: 1.186151234
 Final Hilbert+Painter time: 0.001169004
Painter+Knapsack previous efficiency: 0.7958048722
Binary search iterations: 30
SFC+painterPartition efficiency: 0.9926618182
Painter+Knapsack ratio: 1.180391312
 Final painter+Knapsack_Combined time: 0.005190186
Run 26
File weights 51 and ranks 51
Original previous efficiency: 0.8649727316
Original efficiency: 0.9777470988
Original ratio: 1.130379101
Knapsack previous efficiency: 0.8649727316
Knapsack ratio: 1.151301652
 Final Knapsack time: 0.003787308

Karmarkar-Karp previous efficiency: 0.8425864734
Karmarkar-Karp ratio: 1.184243595
 Final Karmarkar-Karp time: 0.004788959

SFC previous efficiency: 0.7747688827
 Time take to run this function: 4.909999998e-07
SFC ratio: 1.14777178
 Final SFC time: 0.000608739

Hilbert SFC previous efficiency: 0.723905793
DM: HilbertProcessorMapDoIt called...
  (nprocs, nteams, nworkers) = (24, 24, 1)
  Bucket 0 contains 3902831805
  Bucket 1 contains 3956658388
  Bucket 2 contains 3879837511
  Bucket 3 contains 3398228758
  Bucket 4 contains 4186417406
  Bucket 5 contains 3980342399
  Bucket 6 contains 4067309107
  Bucket 7 contains 3603451501
  Bucket 8 contains 4017141379
  Bucket 9 contains 4166701251
  Bucket 10 contains 3510447346
  Bucket 11 contains 4491457324
  Bucket 12 contains 3781114877
  Bucket 13 contains 3343937605
  Bucket 14 contains 4478740891
  Bucket 15 contains 3875499212
  Bucket 16 contains 3770724127
  Bucket 17 contains 3942897995
  Bucket 18 contains 4329449537
  Bucket 19 contains 3768016152
  Bucket 20 contains 3974441322
  Bucket 21 contains 3822422561
  Bucket 22 contains 3934963892
  Bucket 23 contains 4202055719
Hilbert SFC efficiency: 0.8755982121
Hilbert SFC ratio: 1.209547182
 Final Hilbert SFC time: 0.00918763

SFC+Knapsack previous efficiency: 0.8551639267
SFC + Knapsack ratio: 1.098404179
 Final SFC+Knapsack_Combined time: 0.000600644

SFC+Painter previous efficiency: 0.7747688827
Binary search iterations: 30
SFC+painterPartition efficiency: 0.937445176
SFC+Painter ratio: 1.20996751
 Final SFC+Painter time: 0.004490871

Hilbert+Painter previous efficiency: 0.7690346565
Binary search iterations: 29
Hilbert+painterPartition efficiency: 0.9407465814
Hilbert+Painter ratio: 1.223282428
 Final Hilbert+Painter time: 0.001108307
Painter+Knapsack previous efficiency: 0.788934942
Binary search iterations: 29
SFC+painterPartition efficiency: 0.9936371849
Painter+Knapsack ratio: 1.190927855
 Final painter+Knapsack_Combined time: 0.005314176
Run 27
File weights 51 and ranks 51
Original previous efficiency: 0.8564614481
Original efficiency: 0.9555050342
Original ratio: 1.115642784
Knapsack previous efficiency: 0.8564614481
Knapsack ratio: 1.163450051
 Final Knapsack time: 0.004404663

Karmarkar-Karp previous efficiency: 0.8247948691
Karmarkar-Karp ratio: 1.209029837
 Final Karmarkar-Karp time: 0.00488248

SFC previous efficiency: 0.7598796001
 Time take to run this function: 4.909999998e-07
SFC ratio: 1.181575895
 Final SFC time: 0.000906387

Hilbert SFC previous efficiency: 0.8678973991
DM: HilbertProcessorMapDoIt called...
  (nprocs, nteams, nworkers) = (24, 24, 1)
  Bucket 0 contains 3950233684
  Bucket 1 contains 3956465889
  Bucket 2 contains 3975541189
  Bucket 3 contains 3434807237
  Bucket 4 contains 4224201336
  Bucket 5 contains 4031170531
  Bucket 6 contains 4124635788
  Bucket 7 contains 3649149067
  Bucket 8 contains 4103314860
  Bucket 9 contains 4216016960
  Bucket 10 contains 3547907988
  Bucket 11 contains 4337016136
  Bucket 12 contains 3746980891
  Bucket 13 contains 3367852677
  Bucket 14 contains 3971965601
  Bucket 15 contains 4529857368
  Bucket 16 contains 3868195689
  Bucket 17 contains 4019261657
  Bucket 18 contains 3832671893
  Bucket 19 contains 4356125258
  Bucket 20 contains 4007142679
  Bucket 21 contains 3862072124
  Bucket 22 contains 3956599978
  Bucket 23 contains 4191458540
Hilbert SFC efficiency: 0.876229254
Hilbert SFC ratio: 1.009600046
 Final Hilbert SFC time: 0.010097984

SFC+Knapsack previous efficiency: 0.8552250656
SFC + Knapsack ratio: 1.090958119
 Final SFC+Knapsack_Combined time: 0.001004717

SFC+Painter previous efficiency: 0.9209052366
Binary search iterations: 30
SFC+painterPartition efficiency: 0.9370834731
SFC+Painter ratio: 1.017567754
 Final SFC+Painter time: 0.004779952

Hilbert+Painter previous efficiency: 0.9367864035
Binary search iterations: 30
Hilbert+painterPartition efficiency: 0.9469719203
Hilbert+Painter ratio: 1.010872827
 Final Hilbert+Painter time: 0.001580412
Painter+Knapsack previous efficiency: 0.7786989791
Binary search iterations: 30
SFC+painterPartition efficiency: 0.9929078362
Painter+Knapsack ratio: 1.198171249
 Final painter+Knapsack_Combined time: 0.005532198
Run 28
File weights 51 and ranks 51
Original previous efficiency: 0.8743537082
Original efficiency: 0.9504582716
Original ratio: 1.087040934
Knapsack previous efficiency: 0.8743537082
Knapsack ratio: 1.139047425
 Final Knapsack time: 0.003787187

Karmarkar-Karp previous efficiency: 0.979827356
Karmarkar-Karp ratio: 1.016367371
 Final Karmarkar-Karp time: 0.004713202

SFC previous efficiency: 0.7470622612
 Time take to run this function: 4.710000003e-07
SFC ratio: 1.178197973
 Final SFC time: 0.001113498

Hilbert SFC previous efficiency: 0.8423829185
DM: HilbertProcessorMapDoIt called...
  (nprocs, nteams, nworkers) = (24, 24, 1)
  Bucket 0 contains 4058529596
  Bucket 1 contains 4061536185
  Bucket 2 contains 4085066515
  Bucket 3 contains 3528562708
  Bucket 4 contains 4336385492
  Bucket 5 contains 4130165124
  Bucket 6 contains 4300372558
  Bucket 7 contains 3736808980
  Bucket 8 contains 4308518376
  Bucket 9 contains 3705114941
  Bucket 10 contains 4281722929
  Bucket 11 contains 3602219809
  Bucket 12 contains 4267272311
  Bucket 13 contains 4748072908
  Bucket 14 contains 3870169263
  Bucket 15 contains 4003508378
  Bucket 16 contains 3811286885
  Bucket 17 contains 4097358835
  Bucket 18 contains 4608628120
  Bucket 19 contains 3904968557
  Bucket 20 contains 4117185743
  Bucket 21 contains 3978129631
  Bucket 22 contains 4323885403
  Bucket 23 contains 4110290712
Hilbert SFC efficiency: 0.8597853088
Hilbert SFC ratio: 1.020658527
 Final Hilbert SFC time: 0.010649362

SFC+Knapsack previous efficiency: 0.8512132206
SFC + Knapsack ratio: 1.070026788
 Final SFC+Knapsack_Combined time: 0.000647845

SFC+Painter previous efficiency: 0.8785323959
Binary search iterations: 30
SFC+painterPartition efficiency: 0.9370124673
SFC+Painter ratio: 1.06656564
 Final SFC+Painter time: 0.004485751

Hilbert+Painter previous efficiency: 0.9380139195
Binary search iterations: 30
Hilbert+painterPartition efficiency: 0.9421180285
Hilbert+Painter ratio: 1.004375318
 Final Hilbert+Painter time: 0.001335247
Painter+Knapsack previous efficiency: 0.7763513384
Binary search iterations: 30
SFC+painterPartition efficiency: 0.9904867531
Painter+Knapsack ratio: 1.173207159
 Final painter+Knapsack_Combined time: 0.005153144
Run 29
File weights 51 and ranks 51
Original previous efficiency: 0.8667690764
Original efficiency: 0.9478597171
Original ratio: 1.093555069
Knapsack previous efficiency: 0.8667690764
Knapsack ratio: 1.147938206
 Final Knapsack time: 0.003905616

Karmarkar-Karp previous efficiency: 0.9697778165
Karmarkar-Karp ratio: 1.028099452
 Final Karmarkar-Karp time: 0.005607676

SFC previous efficiency: 0.7519028144
 Time take to run this function: 5.009999997e-07
SFC ratio: 1.184732061
 Final SFC time: 0.00080517

Hilbert SFC previous efficiency: 0.8259001416
DM: HilbertProcessorMapDoIt called...
  (nprocs, nteams, nworkers) = (24, 24, 1)
  Bucket 0 contains 4131655996
  Bucket 1 contains 4137519096
  Bucket 2 contains 4160032249
  Bucket 3 contains 3596554451
  Bucket 4 contains 4419188713
  Bucket 5 contains 4205149016
  Bucket 6 contains 4465114467
  Bucket 7 contains 3819429161
  Bucket 8 contains 4443541565
  Bucket 9 contains 3780418162
  Bucket 10 contains 4284139253
  Bucket 11 contains 3612878312
  Bucket 12 contains 4401738583
  Bucket 13 contains 3848198452
  Bucket 14 contains 4404022120
  Bucket 15 contains 4665891345
  Bucket 16 contains 3751656542
  Bucket 17 contains 4175605250
  Bucket 18 contains 4169046717
  Bucket 19 contains 4549903471
  Bucket 20 contains 4191007406
  Bucket 21 contains 4054138266
  Bucket 22 contains 4353639136
  Bucket 23 contains 4215448276
Hilbert SFC efficiency: 0.891540228
Hilbert SFC ratio: 1.079477025
 Final Hilbert SFC time: 0.012362542

SFC+Knapsack previous efficiency: 0.8522853367
SFC + Knapsack ratio: 1.054694864
 Final SFC+Knapsack_Combined time: 0.000693674

SFC+Painter previous efficiency: 0.850773776
Binary search iterations: 30
SFC+painterPartition efficiency: 0.9379442162
SFC+Painter ratio: 1.102460187
 Final SFC+Painter time: 0.004504337

Hilbert+Painter previous efficiency: 0.9268499487
Binary search iterations: 29
Hilbert+painterPartition efficiency: 0.9349306562
Hilbert+Painter ratio: 1.008718464
 Final Hilbert+Painter time: 0.0014038
Painter+Knapsack previous efficiency: 0.7871869097
Binary search iterations: 30
SFC+painterPartition efficiency: 0.9856097464
Painter+Knapsack ratio: 1.141915543
 Final painter+Knapsack_Combined time: 0.005230262
Run 30
File weights 51 and ranks 51
Original previous efficiency: 0.8557733516
Original efficiency: 0.9479122531
Original ratio: 1.107667411
Knapsack previous efficiency: 0.8557733516
Knapsack ratio: 1.162935112
 Final Knapsack time: 0.003730768

Karmarkar-Karp previous efficiency: 0.9628798241
Karmarkar-Karp ratio: 1.03531447
 Final Karmarkar-Karp time: 0.004674025

SFC previous efficiency: 0.751290466
 Time take to run this function: 5.31e-07
SFC ratio: 1.221689532
 Final SFC time: 0.000811993

Hilbert SFC previous efficiency: 0.8103408513
DM: HilbertProcessorMapDoIt called...
  (nprocs, nteams, nworkers) = (24, 24, 1)
  Bucket 0 contains 4206910766
  Bucket 1 contains 4209943281
  Bucket 2 contains 4237150615
  Bucket 3 contains 3661888838
  Bucket 4 contains 4494723055
  Bucket 5 contains 4286769566
  Bucket 6 contains 3966146470
  Bucket 7 contains 4522804604
  Bucket 8 contains 3988979904
  Bucket 9 contains 4422372496
  Bucket 10 contains 4306923882
  Bucket 11 contains 3663037298
  Bucket 12 contains 4454311304
  Bucket 13 contains 3824480118
  Bucket 14 contains 4578070449
  Bucket 15 contains 4744803814
  Bucket 16 contains 3703796769
  Bucket 17 contains 4232719072
  Bucket 18 contains 4299292152
  Bucket 19 contains 4627963933
  Bucket 20 contains 4267747752
  Bucket 21 contains 4119276702
  Bucket 22 contains 4390786414
  Bucket 23 contains 4292662969
Hilbert SFC efficiency: 0.8913572106
Hilbert SFC ratio: 1.099978125
 Final Hilbert SFC time: 0.009794296

SFC+Knapsack previous efficiency: 0.8503456245
SFC + Knapsack ratio: 1.048213808
 Final SFC+Knapsack_Combined time: 0.000626303

SFC+Painter previous efficiency: 0.8258128166
Binary search iterations: 30
SFC+painterPartition efficiency: 0.9341587541
SFC+Painter ratio: 1.131199147
 Final SFC+Painter time: 0.004267819

Hilbert+Painter previous efficiency: 0.9227698086
Binary search iterations: 30
Hilbert+painterPartition efficiency: 0.9395415826
Hilbert+Painter ratio: 1.018175469
 Final Hilbert+Painter time: 0.001026659
Painter+Knapsack previous efficiency: 0.7914460442
Binary search iterations: 30
SFC+painterPartition efficiency: 0.9842442275
Painter+Knapsack ratio: 1.126222099
 Final painter+Knapsack_Combined time: 0.005500978
Run 31
File weights 51 and ranks 51
Original previous efficiency: 0.8370076442
Original efficiency: 0.9450040692
Original ratio: 1.129026808
Knapsack previous efficiency: 0.8370076442
Knapsack ratio: 1.188856019
 Final Knapsack time: 0.003683877

Karmarkar-Karp previous efficiency: 0.9563835062
Karmarkar-Karp ratio: 1.043363214
 Final Karmarkar-Karp time: 0.004707752

SFC previous efficiency: 0.9193048905
 Time take to run this function: 5.009999997e-07
SFC ratio: 0.9694334234
 Final SFC time: 0.000688003

Hilbert SFC previous efficiency: 0.8015183039
DM: HilbertProcessorMapDoIt called...
  (nprocs, nteams, nworkers) = (24, 24, 1)
  Bucket 0 contains 4209022584
  Bucket 1 contains 4210642102
  Bucket 2 contains 4236766817
  Bucket 3 contains 3655238795
  Bucket 4 contains 4494050586
  Bucket 5 contains 4293097135
  Bucket 6 contains 4023830693
  Bucket 7 contains 4530523601
  Bucket 8 contains 4007631426
  Bucket 9 contains 4412916406
  Bucket 10 contains 4346146475
  Bucket 11 contains 3655259856
  Bucket 12 contains 4412448534
  Bucket 13 contains 4686306121
  Bucket 14 contains 4305911837
  Bucket 15 contains 4110029661
  Bucket 16 contains 3632643886
  Bucket 17 contains 4233271553
  Bucket 18 contains 4361856990
  Bucket 19 contains 4627596636
  Bucket 20 contains 4263886555
  Bucket 21 contains 4138843193
  Bucket 22 contains 4377833478
  Bucket 23 contains 4348038945
Hilbert SFC efficiency: 0.9031081841
Hilbert SFC ratio: 1.1267468
 Final Hilbert SFC time: 0.009467573

SFC+Knapsack previous efficiency: 0.849190789
SFC + Knapsack ratio: 1.049214527
 Final SFC+Knapsack_Combined time: 0.000543453

SFC+Painter previous efficiency: 0.8108039171
Binary search iterations: 29
SFC+painterPartition efficiency: 0.9330267099
SFC+Painter ratio: 1.150742726
 Final SFC+Painter time: 0.004598109

Hilbert+Painter previous efficiency: 0.9171590381
Binary search iterations: 30
Hilbert+painterPartition efficiency: 0.9415733011
Hilbert+Painter ratio: 1.026619443
 Final Hilbert+Painter time: 0.001153424
Painter+Knapsack previous efficiency: 0.7861600201
Binary search iterations: 30
SFC+painterPartition efficiency: 0.9821090621
Painter+Knapsack ratio: 1.133335822
 Final painter+Knapsack_Combined time: 0.005873139
Run 32
File weights 51 and ranks 51
Original previous efficiency: 0.8240980873
Original efficiency: 0.928772571
Original ratio: 1.127017021
Knapsack previous efficiency: 0.8240980873
Knapsack ratio: 1.207661792
 Final Knapsack time: 0.004556077

Karmarkar-Karp previous efficiency: 0.9361109251
Karmarkar-Karp ratio: 1.065019717
 Final Karmarkar-Karp time: 0.00604922

SFC previous efficiency: 0.8820559791
 Time take to run this function: 5.209999996e-07
SFC ratio: 1
 Final SFC time: 0.000930543

Hilbert SFC previous efficiency: 0.7807641917
DM: HilbertProcessorMapDoIt called...
  (nprocs, nteams, nworkers) = (24, 24, 1)
  Bucket 0 contains 4157289104
  Bucket 1 contains 4161575529
  Bucket 2 contains 4186789634
  Bucket 3 contains 3609222341
  Bucket 4 contains 4443874639
  Bucket 5 contains 4244520772
  Bucket 6 contains 4107870433
  Bucket 7 contains 4477616463
  Bucket 8 contains 4061195041
  Bucket 9 contains 4370625388
  Bucket 10 contains 3646642198
  Bucket 11 contains 4155284134
  Bucket 12 contains 4308075414
  Bucket 13 contains 4637398031
  Bucket 14 contains 3797202980
  Bucket 15 contains 3864155572
  Bucket 16 contains 4130645195
  Bucket 17 contains 4193256306
  Bucket 18 contains 4305784757
  Bucket 19 contains 4575912032
  Bucket 20 contains 4223493720
  Bucket 21 contains 4093137185
  Bucket 22 contains 4325671186
  Bucket 23 contains 4348465453
Hilbert SFC efficiency: 0.902317266
Hilbert SFC ratio: 1.155684745
 Final Hilbert SFC time: 0.008609681

SFC+Knapsack previous efficiency: 0.8461557882
SFC + Knapsack ratio: 1.051490014
 Final SFC+Knapsack_Combined time: 0.000526139

SFC+Painter previous efficiency: 0.7689370947
Binary search iterations: 30
SFC+painterPartition efficiency: 0.9383812901
SFC+Painter ratio: 1.220361583
 Final SFC+Painter time: 0.004297616

Hilbert+Painter previous efficiency: 0.8994080359
Binary search iterations: 30
Hilbert+painterPartition efficiency: 0.9406248576
Hilbert+Painter ratio: 1.04582661
 Final Hilbert+Painter time: 0.00112516
Painter+Knapsack previous efficiency: 0.7907192551
Binary search iterations: 30
SFC+painterPartition efficiency: 0.9822953727
Painter+Knapsack ratio: 1.144319449
 Final painter+Knapsack_Combined time: 0.005323885
Run 33
File weights 51 and ranks 51
Original previous efficiency: 0.8061081153
Original efficiency: 0.9093569749
Original ratio: 1.128083141
Knapsack previous efficiency: 0.9856041483
Knapsack ratio: 1.010584466
 Final Knapsack time: 0.003916417

Karmarkar-Karp previous efficiency: 0.9276383422
Karmarkar-Karp ratio: 1.074106521
 Final Karmarkar-Karp time: 0.005253198

SFC previous efficiency: 0.8586098678
 Time take to run this function: 5.31e-07
SFC ratio: 1.034122873
 Final SFC time: 0.00062943

Hilbert SFC previous efficiency: 0.7686625093
DM: HilbertProcessorMapDoIt called...
  (nprocs, nteams, nworkers) = (24, 24, 1)
  Bucket 0 contains 4074879622
  Bucket 1 contains 4078427765
  Bucket 2 contains 4100081168
  Bucket 3 contains 3538414954
  Bucket 4 contains 4353597662
  Bucket 5 contains 4149902803
  Bucket 6 contains 4139351476
  Bucket 7 contains 3762259846
  Bucket 8 contains 4630264969
  Bucket 9 contains 3665816238
  Bucket 10 contains 4160012375
  Bucket 11 contains 4020559497
  Bucket 12 contains 4183891290
  Bucket 13 contains 4430498719
  Bucket 14 contains 3872232739
  Bucket 15 contains 3807479454
  Bucket 16 contains 3864292626
  Bucket 17 contains 4102872990
  Bucket 18 contains 4275836250
  Bucket 19 contains 4490014785
  Bucket 20 contains 4130072919
  Bucket 21 contains 4012448256
  Bucket 22 contains 4230708811
  Bucket 23 contains 4349976768
Hilbert SFC efficiency: 0.8856934992
Hilbert SFC ratio: 1.152252762
 Final Hilbert SFC time: 0.009559411

SFC+Knapsack previous efficiency: 0.8469885842
SFC + Knapsack ratio: 1.061859466
 Final SFC+Knapsack_Combined time: 0.000577428

SFC+Painter previous efficiency: 0.9372132175
Binary search iterations: 29
SFC+painterPartition efficiency: 0.9372132175
SFC+Painter ratio: 1
 Final SFC+Painter time: 0.004314629

Hilbert+Painter previous efficiency: 0.8889942764
Binary search iterations: 30
Hilbert+painterPartition efficiency: 0.9416950809
Hilbert+Painter ratio: 1.059281377
 Final Hilbert+Painter time: 0.001092116
Painter+Knapsack previous efficiency: 0.7930194178
Binary search iterations: 30
SFC+painterPartition efficiency: 0.9811845987
Painter+Knapsack ratio: 1.196809857
 Final painter+Knapsack_Combined time: 0.005490417
Run 34
File weights 51 and ranks 51
Original previous efficiency: 0.7806247595
Original efficiency: 0.8887372341
Original ratio: 1.138494806
Knapsack previous efficiency: 0.977443515
Knapsack ratio: 1.017698003
 Final Knapsack time: 0.00412428

Karmarkar-Karp previous efficiency: 0.9195599058
Karmarkar-Karp ratio: 1.082135082
 Final Karmarkar-Karp time: 0.005961901

SFC previous efficiency: 0.8486259187
 Time take to run this function: 4.709999999e-07
SFC ratio: 1.039332573
 Final SFC time: 0.000683394

Hilbert SFC previous efficiency: 0.7629253121
DM: HilbertProcessorMapDoIt called...
  (nprocs, nteams, nworkers) = (24, 24, 1)
  Bucket 0 contains 4041606580
  Bucket 1 contains 4045893647
  Bucket 2 contains 4071555141
  Bucket 3 contains 3514368421
  Bucket 4 contains 4316729908
  Bucket 5 contains 4113557527
  Bucket 6 contains 4187575140
  Bucket 7 contains 3732860666
  Bucket 8 contains 4596576265
  Bucket 9 contains 3629570937
  Bucket 10 contains 4122625783
  Bucket 11 contains 3959629920
  Bucket 12 contains 4162166210
  Bucket 13 contains 4283984859
  Bucket 14 contains 3950584744
  Bucket 15 contains 3790917090
  Bucket 16 contains 4621276122
  Bucket 17 contains 4065860623
  Bucket 18 contains 3958283387
  Bucket 19 contains 3883361134
  Bucket 20 contains 4096450711
  Bucket 21 contains 3976744497
  Bucket 22 contains 4182706563
  Bucket 23 contains 4368883712
Hilbert SFC efficiency: 0.8806529391
Hilbert SFC ratio: 1.154310815
 Final Hilbert SFC time: 0.022121039

SFC+Knapsack previous efficiency: 0.8455209895
SFC + Knapsack ratio: 1.055300615
 Final SFC+Knapsack_Combined time: 0.000528093

SFC+Painter previous efficiency: 0.9361272749
Binary search iterations: 30
SFC+painterPartition efficiency: 0.9395997064
SFC+Painter ratio: 1.003709358
 Final SFC+Painter time: 0.0075715

Hilbert+Painter previous efficiency: 0.872075133
Binary search iterations: 30
Hilbert+painterPartition efficiency: 0.9352476657
Hilbert+Painter ratio: 1.072439324
 Final Hilbert+Painter time: 0.001105942
Painter+Knapsack previous efficiency: 0.785835168
Binary search iterations: 30
SFC+painterPartition efficiency: 0.9843388465
Painter+Knapsack ratio: 1.193059453
 Final painter+Knapsack_Combined time: 0.005483584
Run 35
File weights 51 and ranks 51
Original previous efficiency: 0.7533036168
Original efficiency: 0.9647092632
Original ratio: 1.280638035
Knapsack previous efficiency: 0.9669099385
Knapsack ratio: 1.03103246
 Final Knapsack time: 0.006798763

Karmarkar-Karp previous efficiency: 0.907974472
Karmarkar-Karp ratio: 1.096936716
 Final Karmarkar-Karp time: 0.004776504

SFC previous efficiency: 0.8497075078
 Time take to run this function: 5.31e-07
SFC ratio: 1.029792471
 Final SFC time: 0.000783448

Hilbert SFC previous efficiency: 0.7483507905
DM: HilbertProcessorMapDoIt called...
  (nprocs, nteams, nworkers) = (24, 24, 1)
  Bucket 0 contains 4039191258
  Bucket 1 contains 4083229372
  Bucket 2 contains 4008034158
  Bucket 3 contains 4113747709
  Bucket 4 contains 3758444521
  Bucket 5 contains 4122413373
  Bucket 6 contains 4215343235
  Bucket 7 contains 3734613451
  Bucket 8 contains 4004444449
  Bucket 9 contains 4183974716
  Bucket 10 contains 4087859935
  Bucket 11 contains 3879786278
  Bucket 12 contains 4135852119
  Bucket 13 contains 4273466363
  Bucket 14 contains 4068948373
  Bucket 15 contains 3807673301
  Bucket 16 contains 4523572966
  Bucket 17 contains 4091936902
  Bucket 18 contains 3942602525
  Bucket 19 contains 3886778817
  Bucket 20 contains 4094921906
  Bucket 21 contains 3962837360
  Bucket 22 contains 4161728449
  Bucket 23 contains 4398813623
Hilbert SFC efficiency: 0.8988121401
Hilbert SFC ratio: 1.201057247
 Final Hilbert SFC time: 0.009229531

SFC+Knapsack previous efficiency: 0.8441475332
SFC + Knapsack ratio: 1.110683119
 Final SFC+Knapsack_Combined time: 0.000492745

SFC+Painter previous efficiency: 0.9275458302
Binary search iterations: 30
SFC+painterPartition efficiency: 0.9346286833
SFC+Painter ratio: 1.007636122
 Final SFC+Painter time: 0.004180981

Hilbert+Painter previous efficiency: 0.8456835107
Binary search iterations: 30
Hilbert+painterPartition efficiency: 0.9503456702
Hilbert+Painter ratio: 1.123760435
 Final Hilbert+Painter time: 0.001040947
Painter+Knapsack previous efficiency: 0.7852450145
Binary search iterations: 30
SFC+painterPartition efficiency: 0.982181861
Painter+Knapsack ratio: 1.193947238
 Final painter+Knapsack_Combined time: 0.005239792
Run 36
File weights 51 and ranks 51
Original previous efficiency: 0.9381060551
Original efficiency: 0.9381060551
Original ratio: 1
Knapsack previous efficiency: 0.9423351732
Knapsack ratio: 1.055424082
 Final Knapsack time: 0.003752189

Karmarkar-Karp previous efficiency: 0.9103896603
Karmarkar-Karp ratio: 1.093521571
 Final Karmarkar-Karp time: 0.004719884

SFC previous efficiency: 0.8596812114
 Time take to run this function: 4.910000002e-07
SFC ratio: 1
 Final SFC time: 0.000667804

Hilbert SFC previous efficiency: 0.9097586794
DM: HilbertProcessorMapDoIt called...
  (nprocs, nteams, nworkers) = (24, 24, 1)
  Bucket 0 contains 4045954977
  Bucket 1 contains 4090755452
  Bucket 2 contains 4016562255
  Bucket 3 contains 4119054043
  Bucket 4 contains 3950894569
  Bucket 5 contains 4108440996
  Bucket 6 contains 3677716053
  Bucket 7 contains 4288062313
  Bucket 8 contains 3944822240
  Bucket 9 contains 4171988375
  Bucket 10 contains 4066068060
  Bucket 11 contains 3858064470
  Bucket 12 contains 4430290953
  Bucket 13 contains 3845651836
  Bucket 14 contains 4110607204
  Bucket 15 contains 3832187242
  Bucket 16 contains 4426067233
  Bucket 17 contains 4115260031
  Bucket 18 contains 4002389566
  Bucket 19 contains 3892185163
  Bucket 20 contains 4084959565
  Bucket 21 contains 3983105305
  Bucket 22 contains 4124967559
  Bucket 23 contains 4472742813
Hilbert SFC efficiency: 0.9097586794
Hilbert SFC ratio: 1
 Final Hilbert SFC time: 0.008508634

SFC+Knapsack previous efficiency: 0.8464382815
SFC + Knapsack ratio: 1.107009972
 Final SFC+Knapsack_Combined time: 0.000505579

SFC+Painter previous efficiency: 0.899055919
Binary search iterations: 30
SFC+painterPartition efficiency: 0.9244840976
SFC+Painter ratio: 1.0282832
 Final SFC+Painter time: 0.004249935

Hilbert+Painter previous efficiency: 0.8277583665
Binary search iterations: 30
Hilbert+painterPartition efficiency: 0.9336316758
Hilbert+Painter ratio: 1.127903641
 Final Hilbert+Painter time: 0.00106328
Painter+Knapsack previous efficiency: 0.7871732834
Binary search iterations: 30
SFC+painterPartition efficiency: 0.9814400302
Painter+Knapsack ratio: 1.188486803
 Final painter+Knapsack_Combined time: 0.005390474
Run 37
File weights 51 and ranks 51
Original previous efficiency: 0.9209123914
Original efficiency: 0.9209123914
Original ratio: 1
Knapsack previous efficiency: 0.9233130049
Knapsack ratio: 1.077690472
 Final Knapsack time: 0.004228422

Karmarkar-Karp previous efficiency: 0.910153849
Karmarkar-Karp ratio: 1.09552644
 Final Karmarkar-Karp time: 0.00471788

SFC previous efficiency: 0.8548601801
 Time take to run this function: 4.910000002e-07
SFC ratio: 1.014251713
 Final SFC time: 0.000732389

Hilbert SFC previous efficiency: 0.9044548062
DM: HilbertProcessorMapDoIt called...
  (nprocs, nteams, nworkers) = (24, 24, 1)
  Bucket 0 contains 4091146964
  Bucket 1 contains 4137641535
  Bucket 2 contains 4088701962
  Bucket 3 contains 3550139615
  Bucket 4 contains 4154559984
  Bucket 5 contains 4166301411
  Bucket 6 contains 4327257095
  Bucket 7 contains 4349599511
  Bucket 8 contains 3924495679
  Bucket 9 contains 4227333552
  Bucket 10 contains 4146003680
  Bucket 11 contains 3857178410
  Bucket 12 contains 4401154739
  Bucket 13 contains 3864600594
  Bucket 14 contains 4153127544
  Bucket 15 contains 3865311789
  Bucket 16 contains 4404044701
  Bucket 17 contains 4142589797
  Bucket 18 contains 4106394125
  Bucket 19 contains 3938338872
  Bucket 20 contains 4146342174
  Bucket 21 contains 4034663151
  Bucket 22 contains 4163705035
  Bucket 23 contains 4551167102
Hilbert SFC efficiency: 0.9044548062
Hilbert SFC ratio: 1
 Final Hilbert SFC time: 0.009076054

SFC+Knapsack previous efficiency: 0.8485339383
SFC + Knapsack ratio: 1.109119735
 Final SFC+Knapsack_Combined time: 0.00053181

SFC+Painter previous efficiency: 0.8786517258
Binary search iterations: 30
SFC+painterPartition efficiency: 0.9158855182
SFC+Painter ratio: 1.042376053
 Final SFC+Painter time: 0.004398082

Hilbert+Painter previous efficiency: 0.8218550116
Binary search iterations: 30
Hilbert+painterPartition efficiency: 0.9357879551
Hilbert+Painter ratio: 1.138629006
 Final Hilbert+Painter time: 0.001132083
Painter+Knapsack previous efficiency: 0.7856461034
Binary search iterations: 30
SFC+painterPartition efficiency: 0.9798698216
Painter+Knapsack ratio: 1.197900342
 Final painter+Knapsack_Combined time: 0.005539002
Run 38
File weights 51 and ranks 51
Original previous efficiency: 0.9071960386
Original efficiency: 0.9071960386
Original ratio: 1
Knapsack previous efficiency: 0.9212512923
Knapsack ratio: 1.080552022
 Final Knapsack time: 0.003822445

Karmarkar-Karp previous efficiency: 0.9179007163
Karmarkar-Karp ratio: 1.086543895
 Final Karmarkar-Karp time: 0.004774771

SFC previous efficiency: 0.8605800633
 Time take to run this function: 5.91e-07
SFC ratio: 1.007217317
 Final SFC time: 0.000705226

Hilbert SFC previous efficiency: 0.9096237431
DM: HilbertProcessorMapDoIt called...
  (nprocs, nteams, nworkers) = (24, 24, 1)
  Bucket 0 contains 4134807756
  Bucket 1 contains 4122794828
  Bucket 2 contains 3603771742
  Bucket 3 contains 4202458017
  Bucket 4 contains 4316708559
  Bucket 5 contains 4209063962
  Bucket 6 contains 4369575143
  Bucket 7 contains 3737289119
  Bucket 8 contains 4579597378
  Bucket 9 contains 3646309055
  Bucket 10 contains 4191581624
  Bucket 11 contains 4449086718
  Bucket 12 contains 4385460429
  Bucket 13 contains 3908173251
  Bucket 14 contains 4168859144
  Bucket 15 contains 3909772820
  Bucket 16 contains 4413706474
  Bucket 17 contains 4181874712
  Bucket 18 contains 4143029054
  Bucket 19 contains 3985151848
  Bucket 20 contains 4181325037
  Bucket 21 contains 4064534763
  Bucket 22 contains 4195273874
  Bucket 23 contains 4565327782
Hilbert SFC efficiency: 0.9067894408
Hilbert SFC ratio: 0.9968840938
 Final Hilbert SFC time: 0.013816478

SFC+Knapsack previous efficiency: 0.84648555
SFC + Knapsack ratio: 1.112938864
 Final SFC+Knapsack_Combined time: 0.000607326

SFC+Painter previous efficiency: 0.8655317427
Binary search iterations: 30
SFC+painterPartition efficiency: 0.9209822599
SFC+Painter ratio: 1.064065261
 Final SFC+Painter time: 0.004577399

Hilbert+Painter previous efficiency: 0.818622114
Binary search iterations: 30
Hilbert+painterPartition efficiency: 0.9370302036
Hilbert+Painter ratio: 1.14464316
 Final Hilbert+Painter time: 0.001050335
Painter+Knapsack previous efficiency: 0.7909661008
Binary search iterations: 30
SFC+painterPartition efficiency: 0.9815576142
Painter+Knapsack ratio: 1.190835315
 Final painter+Knapsack_Combined time: 0.008231268
Run 39
File weights 51 and ranks 51
Original previous efficiency: 0.8950711249
Original efficiency: 0.8950711249
Original ratio: 1
Knapsack previous efficiency: 0.9143727429
Knapsack ratio: 1.088317588
 Final Knapsack time: 0.003753752

Karmarkar-Karp previous efficiency: 0.9256227616
Karmarkar-Karp ratio: 1.078762572
 Final Karmarkar-Karp time: 0.005125771

SFC previous efficiency: 0.8606698061
 Time take to run this function: 5.299999999e-07
SFC ratio: 1.029657185
 Final SFC time: 0.000675008

Hilbert SFC previous efficiency: 0.9078052538
DM: HilbertProcessorMapDoIt called...
  (nprocs, nteams, nworkers) = (24, 24, 1)
  Bucket 0 contains 4058651997
  Bucket 1 contains 4051129555
  Bucket 2 contains 3582785956
  Bucket 3 contains 4125652239
  Bucket 4 contains 4410407493
  Bucket 5 contains 4136016057
  Bucket 6 contains 3727549475
  Bucket 7 contains 4227793177
  Bucket 8 contains 3901264394
  Bucket 9 contains 4125347513
  Bucket 10 contains 4114878013
  Bucket 11 contains 4385672452
  Bucket 12 contains 3879221535
  Bucket 13 contains 4151124165
  Bucket 14 contains 4055257585
  Bucket 15 contains 3825548004
  Bucket 16 contains 4323696169
  Bucket 17 contains 4094125071
  Bucket 18 contains 4118995567
  Bucket 19 contains 3902592352
  Bucket 20 contains 4114302669
  Bucket 21 contains 4002668756
  Bucket 22 contains 4100409910
  Bucket 23 contains 4493848304
Hilbert SFC efficiency: 0.9078052538
Hilbert SFC ratio: 1
 Final Hilbert SFC time: 0.009983392

SFC+Knapsack previous efficiency: 0.8466846252
SFC + Knapsack ratio: 1.106885446
 Final SFC+Knapsack_Combined time: 0.00055227

SFC+Painter previous efficiency: 0.8444406467
Binary search iterations: 30
SFC+painterPartition efficiency: 0.9172635777
SFC+Painter ratio: 1.086238069
 Final SFC+Painter time: 0.004172374

Hilbert+Painter previous efficiency: 0.8149324017
Binary search iterations: 30
Hilbert+painterPartition efficiency: 0.9394448134
Hilbert+Painter ratio: 1.152788638
 Final Hilbert+Painter time: 0.001065634
Painter+Knapsack previous efficiency: 0.7942500762
Binary search iterations: 30
SFC+painterPartition efficiency: 0.9812185953
Painter+Knapsack ratio: 1.18079263
 Final painter+Knapsack_Combined time: 0.005479536
Run 40
File weights 51 and ranks 51
Original previous efficiency: 0.8763870137
Original efficiency: 0.9720172222
Original ratio: 1.109118696
Knapsack previous efficiency: 0.9031021663
Knapsack ratio: 1.102290085
 Final Knapsack time: 0.003872011

Karmarkar-Karp previous efficiency: 0.9189214665
Karmarkar-Karp ratio: 1.085310313
 Final Karmarkar-Karp time: 0.004606746

SFC previous efficiency: 0.8635232982
 Time take to run this function: 5.21e-07
SFC ratio: 1.022929833
 Final SFC time: 0.000946934

Hilbert SFC previous efficiency: 0.8630254046
DM: HilbertProcessorMapDoIt called...
  (nprocs, nteams, nworkers) = (24, 24, 1)
  Bucket 0 contains 3976411384
  Bucket 1 contains 4027790713
  Bucket 2 contains 3514086905
  Bucket 3 contains 4063249875
  Bucket 4 contains 4010770708
  Bucket 5 contains 4153078058
  Bucket 6 contains 4119048869
  Bucket 7 contains 4162975615
  Bucket 8 contains 3760047224
  Bucket 9 contains 4071737764
  Bucket 10 contains 3983001326
  Bucket 11 contains 3622174942
  Bucket 12 contains 4417379395
  Bucket 13 contains 4025477303
  Bucket 14 contains 3895836588
  Bucket 15 contains 3776923181
  Bucket 16 contains 4208788380
  Bucket 17 contains 4041266457
  Bucket 18 contains 4103862287
  Bucket 19 contains 3837342751
  Bucket 20 contains 4032098133
  Bucket 21 contains 3942656194
  Bucket 22 contains 4024730062
  Bucket 23 contains 4459264470
Hilbert SFC efficiency: 0.8991579892
Hilbert SFC ratio: 1.041867348
 Final Hilbert SFC time: 0.009703439

SFC+Knapsack previous efficiency: 0.837811885
SFC + Knapsack ratio: 1.111143913
 Final SFC+Knapsack_Combined time: 0.001175518

SFC+Painter previous efficiency: 0.8203781264
Binary search iterations: 30
SFC+painterPartition efficiency: 0.9138837543
SFC+Painter ratio: 1.113978695
 Final SFC+Painter time: 0.004328215

Hilbert+Painter previous efficiency: 0.7732242405
Binary search iterations: 29
Hilbert+painterPartition efficiency: 0.942831096
Hilbert+Painter ratio: 1.219350153
 Final Hilbert+Painter time: 0.001275141
Painter+Knapsack previous efficiency: 0.7986668052
Binary search iterations: 30
SFC+painterPartition efficiency: 0.978947542
Painter+Knapsack ratio: 1.171192839
 Final painter+Knapsack_Combined time: 0.005447094
Run 41
File weights 51 and ranks 51
Original previous efficiency: 0.868213407
Original efficiency: 0.9653731137
Original ratio: 1.111907632
Knapsack previous efficiency: 0.8998630791
Knapsack ratio: 1.104972833
 Final Knapsack time: 0.003648989

Karmarkar-Karp previous efficiency: 0.9137536202
Karmarkar-Karp ratio: 1.091354108
 Final Karmarkar-Karp time: 0.004713061

SFC previous efficiency: 0.8734554592
 Time take to run this function: 5.110000001e-07
SFC ratio: 1.014993091
 Final SFC time: 0.002559639

Hilbert SFC previous efficiency: 0.8365656253
DM: HilbertProcessorMapDoIt called...
  (nprocs, nteams, nworkers) = (24, 24, 1)
  Bucket 0 contains 3903375158
  Bucket 1 contains 3953073964
  Bucket 2 contains 3525750145
  Bucket 3 contains 3983750314
  Bucket 4 contains 4053829142
  Bucket 5 contains 4089218136
  Bucket 6 contains 3983031411
  Bucket 7 contains 3472117491
  Bucket 8 contains 4281860476
  Bucket 9 contains 3978807447
  Bucket 10 contains 3880495705
  Bucket 11 contains 3527367903
  Bucket 12 contains 4246936645
  Bucket 13 contains 3955993569
  Bucket 14 contains 3741010575
  Bucket 15 contains 3718451104
  Bucket 16 contains 4114317922
  Bucket 17 contains 3954963823
  Bucket 18 contains 4070341933
  Bucket 19 contains 3736054790
  Bucket 20 contains 3956408691
  Bucket 21 contains 3914151729
  Bucket 22 contains 4147833003
  Bucket 23 contains 4125708680
Hilbert SFC efficiency: 0.9177752121
Hilbert SFC ratio: 1.097074975
 Final Hilbert SFC time: 0.009477542

SFC+Knapsack previous efficiency: 0.8405890245
SFC + Knapsack ratio: 1.108543365
 Final SFC+Knapsack_Combined time: 0.000526611

SFC+Painter previous efficiency: 0.815004924
Binary search iterations: 30
SFC+painterPartition efficiency: 0.9169028104
SFC+Painter ratio: 1.125027326
 Final SFC+Painter time: 0.006521766

Hilbert+Painter previous efficiency: 0.9449682723
Binary search iterations: 30
Hilbert+painterPartition efficiency: 0.9478286412
Hilbert+Painter ratio: 1.003026947
 Final Hilbert+Painter time: 0.001000088
Painter+Knapsack previous efficiency: 0.8012735149
Binary search iterations: 30
SFC+painterPartition efficiency: 0.9771945593
Painter+Knapsack ratio: 1.162935463
 Final painter+Knapsack_Combined time: 0.005130279
Run 42
File weights 51 and ranks 51
Original previous efficiency: 0.8715750061
Original efficiency: 0.9460737934
Original ratio: 1.085476048
Knapsack previous efficiency: 0.9030504417
Knapsack ratio: 1.101704271
 Final Knapsack time: 0.004647685

Karmarkar-Karp previous efficiency: 0.8959576943
Karmarkar-Karp ratio: 1.114046002
 Final Karmarkar-Karp time: 0.005686487

SFC previous efficiency: 0.8633269641
 Time take to run this function: 6.309999998e-07
SFC ratio: 1.029914713
 Final SFC time: 0.000795111

Hilbert SFC previous efficiency: 0.8111898228
DM: HilbertProcessorMapDoIt called...
  (nprocs, nteams, nworkers) = (24, 24, 1)
  Bucket 0 contains 3822569562
  Bucket 1 contains 3870305560
  Bucket 2 contains 3487192795
  Bucket 3 contains 3902716426
  Bucket 4 contains 4062183510
  Bucket 5 contains 3544678056
  Bucket 6 contains 3795696312
  Bucket 7 contains 3987895080
  Bucket 8 contains 3593448686
  Bucket 9 contains 3908658584
  Bucket 10 contains 3797185342
  Bucket 11 contains 4006206153
  Bucket 12 contains 4097724107
  Bucket 13 contains 3829995796
  Bucket 14 contains 3608503873
  Bucket 15 contains 3662231032
  Bucket 16 contains 4014467802
  Bucket 17 contains 3874665800
  Bucket 18 contains 4035179196
  Bucket 19 contains 3673331224
  Bucket 20 contains 3875323986
  Bucket 21 contains 3809935126
  Bucket 22 contains 4054112492
  Bucket 23 contains 4040975116
Hilbert SFC efficiency: 0.9390902039
Hilbert SFC ratio: 1.157670101
 Final Hilbert SFC time: 0.009088819

SFC+Knapsack previous efficiency: 0.8310867998
SFC + Knapsack ratio: 1.122346216
 Final SFC+Knapsack_Combined time: 0.000519536

SFC+Painter previous efficiency: 0.8081669656
Binary search iterations: 30
SFC+painterPartition efficiency: 0.9138674723
SFC+Painter ratio: 1.130790432
 Final SFC+Painter time: 0.00469163

Hilbert+Painter previous efficiency: 0.9398254035
Binary search iterations: 30
Hilbert+painterPartition efficiency: 0.9479443005
Hilbert+Painter ratio: 1.008638729
 Final Hilbert+Painter time: 0.000992122
Painter+Knapsack previous efficiency: 0.7992141507
Binary search iterations: 30
SFC+painterPartition efficiency: 0.9790493739
Painter+Knapsack ratio: 1.167105367
 Final painter+Knapsack_Combined time: 0.005798083
Run 43
File weights 51 and ranks 51
Original previous efficiency: 0.8823988348
Original efficiency: 0.9388895178
Original ratio: 1.064019444
Knapsack previous efficiency: 0.8967031854
Knapsack ratio: 1.110158048
 Final Knapsack time: 0.00387092

Karmarkar-Karp previous efficiency: 0.8919369121
Karmarkar-Karp ratio: 1.118674072
 Final Karmarkar-Karp time: 0.005411514

SFC previous efficiency: 0.8482947499
 Time take to run this function: 5.510000003e-07
SFC ratio: 1.043633339
 Final SFC time: 0.000673365

Hilbert SFC previous efficiency: 0.7990079821
DM: HilbertProcessorMapDoIt called...
  (nprocs, nteams, nworkers) = (24, 24, 1)
  Bucket 0 contains 3796730605
  Bucket 1 contains 3844936247
  Bucket 2 contains 3479387531
  Bucket 3 contains 3862382761
  Bucket 4 contains 4050754955
  Bucket 5 contains 3602927732
  Bucket 6 contains 3754565099
  Bucket 7 contains 3972316099
  Bucket 8 contains 3574254882
  Bucket 9 contains 3875737378
  Bucket 10 contains 3829475675
  Bucket 11 contains 3964397329
  Bucket 12 contains 4013452446
  Bucket 13 contains 3833381377
  Bucket 14 contains 3533389520
  Bucket 15 contains 3638200033
  Bucket 16 contains 3974886398
  Bucket 17 contains 3862616494
  Bucket 18 contains 4017740030
  Bucket 19 contains 3644995995
  Bucket 20 contains 3859083136
  Bucket 21 contains 3796468162
  Bucket 22 contains 4022552148
  Bucket 23 contains 3962622206
Hilbert SFC efficiency: 0.9439315969
Hilbert SFC ratio: 1.181379433
 Final Hilbert SFC time: 0.010872735

SFC+Knapsack previous efficiency: 0.8161519204
SFC + Knapsack ratio: 1.141080875
 Final SFC+Knapsack_Combined time: 0.00066035

SFC+Painter previous efficiency: 0.7973754373
Binary search iterations: 30
SFC+painterPartition efficiency: 0.9218030472
SFC+Painter ratio: 1.156046455
 Final SFC+Painter time: 0.004954579

Hilbert+Painter previous efficiency: 0.9397485306
Binary search iterations: 30
Hilbert+painterPartition efficiency: 0.9505496641
Hilbert+Painter ratio: 1.011493642
 Final Hilbert+Painter time: 0.001162412
Painter+Knapsack previous efficiency: 0.7915107701
Binary search iterations: 30
SFC+painterPartition efficiency: 0.9784250947
Painter+Knapsack ratio: 1.179822789
 Final painter+Knapsack_Combined time: 0.005672289
Run 44
File weights 51 and ranks 51
Original previous efficiency: 0.8965958925
Original efficiency: 0.9258892194
Original ratio: 1.032671717
Knapsack previous efficiency: 0.9029333215
Knapsack ratio: 1.100443193
 Final Knapsack time: 0.004044005

Karmarkar-Karp previous efficiency: 0.8907116553
Karmarkar-Karp ratio: 1.120053584
 Final Karmarkar-Karp time: 0.005716125

SFC previous efficiency: 0.8344678191
 Time take to run this function: 5.21e-07
SFC ratio: 1.058953581
 Final SFC time: 0.000680579

Hilbert SFC previous efficiency: 0.8044945898
DM: HilbertProcessorMapDoIt called...
  (nprocs, nteams, nworkers) = (24, 24, 1)
  Bucket 0 contains 3779860604
  Bucket 1 contains 3779012456
  Bucket 2 contains 3527276901
  Bucket 3 contains 3854848901
  Bucket 4 contains 3963125844
  Bucket 5 contains 3665732622
  Bucket 6 contains 3739812731
  Bucket 7 contains 3944708226
  Bucket 8 contains 3555719385
  Bucket 9 contains 3852026692
  Bucket 10 contains 3941936053
  Bucket 11 contains 3923525512
  Bucket 12 contains 3561772822
  Bucket 13 contains 3531938301
  Bucket 14 contains 4103515134
  Bucket 15 contains 3611726809
  Bucket 16 contains 3971870040
  Bucket 17 contains 3832873943
  Bucket 18 contains 4046810613
  Bucket 19 contains 3628517694
  Bucket 20 contains 3825680702
  Bucket 21 contains 3777392007
  Bucket 22 contains 3991976387
  Bucket 23 contains 3805586237
Hilbert SFC efficiency: 0.9262104525
Hilbert SFC ratio: 1.151294818
 Final Hilbert SFC time: 0.008915643

SFC+Knapsack previous efficiency: 0.8074360639
SFC + Knapsack ratio: 1.186794251
 Final SFC+Knapsack_Combined time: 0.000519997

SFC+Painter previous efficiency: 0.7849202963
Binary search iterations: 30
SFC+painterPartition efficiency: 0.9211776743
SFC+Painter ratio: 1.173593903
 Final SFC+Painter time: 0.004445042

Hilbert+Painter previous efficiency: 0.9149518411
Binary search iterations: 30
Hilbert+painterPartition efficiency: 0.9520894516
Hilbert+Painter ratio: 1.040589689
 Final Hilbert+Painter time: 0.002032999
Painter+Knapsack previous efficiency: 0.7844463506
Binary search iterations: 30
SFC+painterPartition efficiency: 0.981015485
Painter+Knapsack ratio: 1.181206253
 Final painter+Knapsack_Combined time: 0.006409769
Run 45
File weights 51 and ranks 51
Original previous efficiency: 0.9066611882
Original efficiency: 0.9110853364
Original ratio: 1.004879605
Knapsack previous efficiency: 0.9096411666
Knapsack ratio: 1.093697968
 Final Knapsack time: 0.004528553

Karmarkar-Karp previous efficiency: 0.8884929577
Karmarkar-Karp ratio: 1.122200373
 Final Karmarkar-Karp time: 0.005179255

SFC previous efficiency: 0.821405686
 Time take to run this function: 7.120000003e-07
SFC ratio: 1.055400191
 Final SFC time: 0.000731778

Hilbert SFC previous efficiency: 0.8147852947
DM: HilbertProcessorMapDoIt called...
  (nprocs, nteams, nworkers) = (24, 24, 1)
  Bucket 0 contains 3785872516
  Bucket 1 contains 3785298988
  Bucket 2 contains 3521179589
  Bucket 3 contains 3863837216
  Bucket 4 contains 3907115626
  Bucket 5 contains 3751261029
  Bucket 6 contains 3732711540
  Bucket 7 contains 3948059030
  Bucket 8 contains 3569797127
  Bucket 9 contains 3867034639
  Bucket 10 contains 4059702499
  Bucket 11 contains 3327353615
  Bucket 12 contains 4169097271
  Bucket 13 contains 3486124510
  Bucket 14 contains 4062817480
  Bucket 15 contains 3630421546
  Bucket 16 contains 3966856743
  Bucket 17 contains 3839401304
  Bucket 18 contains 3578979048
  Bucket 19 contains 4167386746
  Bucket 20 contains 3840989041
  Bucket 21 contains 3796962049
  Bucket 22 contains 3767684576
  Bucket 23 contains 3955958142
Hilbert SFC efficiency: 0.9132862577
Hilbert SFC ratio: 1.120891925
 Final Hilbert SFC time: 0.009112464

SFC+Knapsack previous efficiency: 0.8076933378
SFC + Knapsack ratio: 1.177493751
 Final SFC+Knapsack_Combined time: 0.000735044

SFC+Painter previous efficiency: 0.7791469805
Binary search iterations: 30
SFC+painterPartition efficiency: 0.926199543
SFC+Painter ratio: 1.18873533
 Final SFC+Painter time: 0.004989457

Hilbert+Painter previous efficiency: 0.8902877229
Binary search iterations: 30
Hilbert+painterPartition efficiency: 0.9551696267
Hilbert+Painter ratio: 1.072877455
 Final Hilbert+Painter time: 0.00116124
Painter+Knapsack previous efficiency: 0.7803229169
Binary search iterations: 30
SFC+painterPartition efficiency: 0.9780465355
Painter+Knapsack ratio: 1.218795242
 Final painter+Knapsack_Combined time: 0.007144822
Run 46
File weights 51 and ranks 51
Original previous efficiency: 0.9005265662
Original efficiency: 0.9099554617
Original ratio: 1.010470425
Knapsack previous efficiency: 0.9072604896
Knapsack ratio: 1.096462929
 Final Knapsack time: 0.004444502

Karmarkar-Karp previous efficiency: 0.8914321909
Karmarkar-Karp ratio: 1.119243805
 Final Karmarkar-Karp time: 0.00486237

SFC previous efficiency: 0.8117581638
 Time take to run this function: 5.21e-07
SFC ratio: 1.067756439
 Final SFC time: 0.001632923

Hilbert SFC previous efficiency: 0.8266540024
DM: HilbertProcessorMapDoIt called...
  (nprocs, nteams, nworkers) = (24, 24, 1)
  Bucket 0 contains 3917177518
  Bucket 1 contains 3916274934
  Bucket 2 contains 3611626970
  Bucket 3 contains 3986255719
  Bucket 4 contains 3980241727
  Bucket 5 contains 3945948300
  Bucket 6 contains 3838773810
  Bucket 7 contains 4102262046
  Bucket 8 contains 3672204568
  Bucket 9 contains 4001549307
  Bucket 10 contains 4358367312
  Bucket 11 contains 3434694396
  Bucket 12 contains 4236109332
  Bucket 13 contains 3633794787
  Bucket 14 contains 4191697879
  Bucket 15 contains 3776296943
  Bucket 16 contains 4096040245
  Bucket 17 contains 3981427972
  Bucket 18 contains 3700486528
  Bucket 19 contains 4301348262
  Bucket 20 contains 3968222296
  Bucket 21 contains 3946378943
  Bucket 22 contains 3888779117
  Bucket 23 contains 4069956052
Hilbert SFC efficiency: 0.9039691949
Hilbert SFC ratio: 1.093527875
 Final Hilbert SFC time: 0.011669178

SFC+Knapsack previous efficiency: 0.8067174597
SFC + Knapsack ratio: 1.178901491
 Final SFC+Knapsack_Combined time: 0.00050091

SFC+Painter previous efficiency: 0.7739622627
Binary search iterations: 30
SFC+painterPartition efficiency: 0.9396088805
SFC+Painter ratio: 1.214024153
 Final SFC+Painter time: 0.004202913

Hilbert+Painter previous efficiency: 0.8647001133
Binary search iterations: 30
Hilbert+painterPartition efficiency: 0.9532279456
Hilbert+Painter ratio: 1.102379809
 Final Hilbert+Painter time: 0.001815968
Painter+Knapsack previous efficiency: 0.9475047213
Binary search iterations: 30
SFC+painterPartition efficiency: 0.9808029786
Painter+Knapsack ratio: 0.9886018544
 Final painter+Knapsack_Combined time: 0.007093574
Run 47
File weights 51 and ranks 51
Original previous efficiency: 0.8993851744
Original efficiency: 0.918803374
Original ratio: 1.021590527
Knapsack previous efficiency: 0.9158713788
Knapsack ratio: 1.08728981
 Final Knapsack time: 0.003961164

Karmarkar-Karp previous efficiency: 0.9013416642
Karmarkar-Karp ratio: 1.106594229
 Final Karmarkar-Karp time: 0.005509856

SFC previous efficiency: 0.7955385225
 Time take to run this function: 5.720000003e-07
SFC ratio: 1.121881658
 Final SFC time: 0.000889432

Hilbert SFC previous efficiency: 0.8553853635
DM: HilbertProcessorMapDoIt called...
  (nprocs, nteams, nworkers) = (24, 24, 1)
  Bucket 0 contains 4103769589
  Bucket 1 contains 4102331944
  Bucket 2 contains 3749258702
  Bucket 3 contains 4183967710
  Bucket 4 contains 4026976949
  Bucket 5 contains 4163017072
  Bucket 6 contains 3997079748
  Bucket 7 contains 4285639403
  Bucket 8 contains 4490668155
  Bucket 9 contains 3586306139
  Bucket 10 contains 4169162223
  Bucket 11 contains 4210768286
  Bucket 12 contains 4362040797
  Bucket 13 contains 3768914133
  Bucket 14 contains 4399685105
  Bucket 15 contains 3997628762
  Bucket 16 contains 4274077247
  Bucket 17 contains 4170386140
  Bucket 18 contains 3879000052
  Bucket 19 contains 4513941994
  Bucket 20 contains 4152860119
  Bucket 21 contains 4089245978
  Bucket 22 contains 4102374481
  Bucket 23 contains 4195524650
Hilbert SFC efficiency: 0.9136011782
Hilbert SFC ratio: 1.068057997
 Final Hilbert SFC time: 0.011811784

SFC+Knapsack previous efficiency: 0.8028911401
SFC + Knapsack ratio: 1.182973354
 Final SFC+Knapsack_Combined time: 0.000565285

SFC+Painter previous efficiency: 0.9441045757
Binary search iterations: 30
SFC+painterPartition efficiency: 0.9441045757
SFC+Painter ratio: 1
 Final SFC+Painter time: 0.004533825

Hilbert+Painter previous efficiency: 0.8270110984
Binary search iterations: 30
Hilbert+painterPartition efficiency: 0.9420829798
Hilbert+Painter ratio: 1.139141883
 Final Hilbert+Painter time: 0.001093528
Painter+Knapsack previous efficiency: 0.9427572502
Binary search iterations: 30
SFC+painterPartition efficiency: 0.9774363959
Painter+Knapsack ratio: 1.007469128
 Final painter+Knapsack_Combined time: 0.005261073
Run 48
File weights 51 and ranks 51
Original previous efficiency: 0.8921796012
Original efficiency: 0.9220360602
Original ratio: 1.033464629
Knapsack previous efficiency: 0.9296040653
Knapsack ratio: 1.070468872
 Final Knapsack time: 0.004089323

Karmarkar-Karp previous efficiency: 0.9002730643
Karmarkar-Karp ratio: 1.106509467
 Final Karmarkar-Karp time: 0.004849395

SFC previous efficiency: 0.7781012732
 Time take to run this function: 4.61e-07
SFC ratio: 1.144466402
 Final SFC time: 0.000870606

Hilbert SFC previous efficiency: 0.8480710531
DM: HilbertProcessorMapDoIt called...
  (nprocs, nteams, nworkers) = (24, 24, 1)
  Bucket 0 contains 4268586989
  Bucket 1 contains 4267431297
  Bucket 2 contains 3833661861
  Bucket 3 contains 4368460500
  Bucket 4 contains 4655386809
  Bucket 5 contains 4291934925
  Bucket 6 contains 4238216616
  Bucket 7 contains 3814397750
  Bucket 8 contains 4656553420
  Bucket 9 contains 3762428437
  Bucket 10 contains 4622942328
  Bucket 11 contains 4426907560
  Bucket 12 contains 4474559384
  Bucket 13 contains 3900513335
  Bucket 14 contains 4547500651
  Bucket 15 contains 4187416936
  Bucket 16 contains 4451451100
  Bucket 17 contains 4315837318
  Bucket 18 contains 4029293921
  Bucket 19 contains 4040926604
  Bucket 20 contains 4304878337
  Bucket 21 contains 4882273575
  Bucket 22 contains 4314604918
  Bucket 23 contains 4295957340
Hilbert SFC efficiency: 0.8786217487
Hilbert SFC ratio: 1.036023745
 Final Hilbert SFC time: 0.010481928

SFC+Knapsack previous efficiency: 0.8028228056
SFC + Knapsack ratio: 1.182852392
 Final SFC+Knapsack_Combined time: 0.000520789

SFC+Painter previous efficiency: 0.9302790064
Binary search iterations: 30
SFC+painterPartition efficiency: 0.9302790064
SFC+Painter ratio: 1
 Final SFC+Painter time: 0.004275233

Hilbert+Painter previous efficiency: 0.7887151774
Binary search iterations: 30
Hilbert+painterPartition efficiency: 0.9349420058
Hilbert+Painter ratio: 1.185398776
 Final Hilbert+Painter time: 0.001125881
Painter+Knapsack previous efficiency: 0.9194713412
Binary search iterations: 30
SFC+painterPartition efficiency: 0.977052259
Painter+Knapsack ratio: 1.032790076
 Final painter+Knapsack_Combined time: 0.005084431
Run 49
File weights 51 and ranks 51
Original previous efficiency: 0.9074750605
Original efficiency: 0.9177696223
Original ratio: 1.011344182
Knapsack previous efficiency: 0.9292751323
Knapsack ratio: 1.071144712
 Final Knapsack time: 0.003766867

Karmarkar-Karp previous efficiency: 0.8805334118
Karmarkar-Karp ratio: 1.129305093
 Final Karmarkar-Karp time: 0.004628859

SFC previous efficiency: 0.7640238742
 Time take to run this function: 5.809999997e-07
SFC ratio: 1.159676891
 Final SFC time: 0.000650099

Hilbert SFC previous efficiency: 0.8313136225
DM: HilbertProcessorMapDoIt called...
  (nprocs, nteams, nworkers) = (24, 24, 1)
  Bucket 0 contains 4354746135
  Bucket 1 contains 4354088605
  Bucket 2 contains 3844159887
  Bucket 3 contains 4457435314
  Bucket 4 contains 4699974706
  Bucket 5 contains 4406282081
  Bucket 6 contains 4343170747
  Bucket 7 contains 3881698395
  Bucket 8 contains 4749976472
  Bucket 9 contains 3886930680
  Bucket 10 contains 4845102610
  Bucket 11 contains 4515108306
  Bucket 12 contains 3812157741
  Bucket 13 contains 4709636467
  Bucket 14 contains 4639024378
  Bucket 15 contains 4268086627
  Bucket 16 contains 3789631269
  Bucket 17 contains 4432309509
  Bucket 18 contains 4848847679
  Bucket 19 contains 4118492026
  Bucket 20 contains 4402537382
  Bucket 21 contains 4072865171
  Bucket 22 contains 4425842695
  Bucket 23 contains 5073164322
Hilbert SFC efficiency: 0.8618164008
Hilbert SFC ratio: 1.036692263
 Final Hilbert SFC time: 0.008686038

SFC+Knapsack previous efficiency: 0.8027211066
SFC + Knapsack ratio: 1.175460436
 Final SFC+Knapsack_Combined time: 0.000618077

SFC+Painter previous efficiency: 0.9009690555
Binary search iterations: 29
SFC+painterPartition efficiency: 0.9139165161
SFC+Painter ratio: 1.014370594
 Final SFC+Painter time: 0.00444403

Hilbert+Painter previous efficiency: 0.7721800647
Binary search iterations: 30
Hilbert+painterPartition efficiency: 0.9355288091
Hilbert+Painter ratio: 1.211542297
 Final Hilbert+Painter time: 0.001000609
Painter+Knapsack previous efficiency: 0.9315989393
Binary search iterations: 30
SFC+painterPartition efficiency: 0.9755849655
Painter+Knapsack ratio: 1.01284669
 Final painter+Knapsack_Combined time: 0.005529112
Run 50
File weights 51 and ranks 51
Original previous efficiency: 0.9022638112
Original efficiency: 0.9229093989
Original ratio: 1.022881986
Knapsack previous efficiency: 0.9264094091
Knapsack ratio: 1.075315613
 Final Knapsack time: 0.004298928

Karmarkar-Karp previous efficiency: 0.8547970136
Karmarkar-Karp ratio: 1.163928119
 Final Karmarkar-Karp time: 0.004651993

SFC previous efficiency: 0.7553644862
 Time take to run this function: 5.109999996e-07
SFC ratio: 1.167749082
 Final SFC time: 0.000746407

Hilbert SFC previous efficiency: 0.8176703042
DM: HilbertProcessorMapDoIt called...
  (nprocs, nteams, nworkers) = (24, 24, 1)
  Bucket 0 contains 4307079109
  Bucket 1 contains 4306881814
  Bucket 2 contains 3781003511
  Bucket 3 contains 4412042798
  Bucket 4 contains 4666350716
  Bucket 5 contains 4317703918
  Bucket 6 contains 4280650398
  Bucket 7 contains 3831920933
  Bucket 8 contains 4681321203
  Bucket 9 contains 3897833496
  Bucket 10 contains 4826958145
  Bucket 11 contains 4439381930
  Bucket 12 contains 3760963624
  Bucket 13 contains 4597460830
  Bucket 14 contains 4565803931
  Bucket 15 contains 4223252409
  Bucket 16 contains 3743603066
  Bucket 17 contains 4416966194
  Bucket 18 contains 4799375313
  Bucket 19 contains 4073050505
  Bucket 20 contains 4357318760
  Bucket 21 contains 3998852514
  Bucket 22 contains 4368320823
  Bucket 23 contains 4904382188
Hilbert SFC efficiency: 0.8798124663
Hilbert SFC ratio: 1.075999045
 Final Hilbert SFC time: 0.008170089

SFC+Knapsack previous efficiency: 0.8114513376
SFC + Knapsack ratio: 1.156098605
 Final SFC+Knapsack_Combined time: 0.000498836

SFC+Painter previous efficiency: 0.882076185
Binary search iterations: 30
SFC+painterPartition efficiency: 0.9081707678
SFC+Painter ratio: 1.029583139
 Final SFC+Painter time: 0.004200909

Hilbert+Painter previous efficiency: 0.9277240069
Binary search iterations: 30
Hilbert+painterPartition efficiency: 0.9367434666
Hilbert+Painter ratio: 1.009722137
 Final Hilbert+Painter time: 0.001015207
Painter+Knapsack previous efficiency: 0.9385144204
Binary search iterations: 30
SFC+painterPartition efficiency: 0.9824042294
Painter+Knapsack ratio: 1.017010531
 Final painter+Knapsack_Combined time: 0.006287241


TinyProfiler total time across processes [min...avg...max]: 3.204 ... 3.204 ... 3.204

-------------------------------------------------------------------------------------
Name                                  NCalls  Excl. Min  Excl. Avg  Excl. Max   Max %
-------------------------------------------------------------------------------------
HilbertProcessorMapDoIt()                 51      1.619      1.619      1.619  50.54%
painterPartition()                       153     0.3387     0.3387     0.3387  10.57%
KKDoIt()                                  51     0.1968     0.1968     0.1968   6.14%
KnapSackDoIt()                            51     0.1887     0.1887     0.1887   5.89%
SFCProcessorMapDoItCombinedPainter()      51     0.1875     0.1875     0.1875   5.85%
kk()                                      51    0.04781    0.04781    0.04781   1.49%
SFCProcessorMapDoIt()                     51    0.02237    0.02237    0.02237   0.70%
SFCProcessorMapDoItCombined()             51   0.009677   0.009677   0.009677   0.30%
knapsack()                               663   0.005401   0.005401   0.005401   0.17%
Distribute()                             102  0.0004218  0.0004218  0.0004218   0.01%
HilbertDistribute()                       51  0.0002706  0.0002706  0.0002706   0.01%
knapsack()swap                             1    4.2e-07    4.2e-07    4.2e-07   0.00%
-------------------------------------------------------------------------------------

-------------------------------------------------------------------------------------
Name                                  NCalls  Incl. Min  Incl. Avg  Incl. Max   Max %
-------------------------------------------------------------------------------------
HilbertProcessorMapDoIt()                 51       1.62       1.62       1.62  50.55%
painterPartition()                       153     0.3387     0.3387     0.3387  10.57%
SFCProcessorMapDoItCombinedPainter()      51       0.27       0.27       0.27   8.43%
KKDoIt()                                  51     0.2446     0.2446     0.2446   7.63%
KnapSackDoIt()                            51      0.191      0.191      0.191   5.96%
kk()                                      51    0.04781    0.04781    0.04781   1.49%
SFCProcessorMapDoIt()                     51    0.02262    0.02262    0.02262   0.71%
SFCProcessorMapDoItCombined()             51    0.01135    0.01135    0.01135   0.35%
knapsack()                               663   0.005401   0.005401   0.005401   0.17%
Distribute()                             102  0.0004218  0.0004218  0.0004218   0.01%
HilbertDistribute()                       51  0.0002706  0.0002706  0.0002706   0.01%
knapsack()swap                             1    4.2e-07    4.2e-07    4.2e-07   0.00%
-------------------------------------------------------------------------------------

Pinned Memory Usage:
-----------------------------------------------------------------
Name                            Nalloc  Nfree    AvgMem    MaxMem
-----------------------------------------------------------------
The_Pinned_Arena::Initialize()       1      1  2687   B  8192 KiB
-----------------------------------------------------------------

AMReX (25.06-22-g1d307c2c661a-dirty) finalized
