step,avg_time
1,1.112300488
2,0.9172194925
3,0.8518825233
4,0.8409452012
5,0.8220702662
6,0.8054042655
7,0.7933853587
8,0.7858968604
9,0.7820502931
10,0.7772475507
11,0.7737829156
12,0.7867374961
13,0.7854749489
14,0.7827933114
15,0.7805528837
16,0.7792665971
17,0.7791579671
18,0.7777236296
19,0.7764640372
20,0.7758348938
21,0.7760114566
22,0.7911896294
23,0.7896269144
24,0.7886234731
25,0.7883025229
26,0.7870605198
27,0.7859003076
28,0.7851709185
29,0.7974362276
30,0.7960631919
31,0.7947725676
32,0.7938628758
33,0.7934704947
34,0.7923552019
35,0.7912971359
36,0.7905627379
37,0.7902920857
38,0.7893697268
39,0.7885132815
40,0.7879406624
41,0.7877674502
42,0.7869922564
43,0.786271114
44,0.7857844879
45,0.7925848336
46,0.7917702843
47,0.7909852366
48,0.7904531752
49,0.7902465387
50,0.7895465404
51,0.7888684791
52,0.7884063779
53,0.7882553923
54,0.7876372835
55,0.7870526866
56,0.7866712732
57,0.7865635502
58,0.7860260989
59,0.7855057714
60,0.7851838192
61,0.7851059323
62,0.7846311869
63,0.7841686793
64,0.7838792598
65,0.7838300197
66,0.7833985738
67,0.7829806712
68,0.7827225759
69,0.7827047372
70,0.7823199116
71,0.7819477919
72,0.7817268149
73,0.7817146546
74,0.7813742994
75,0.7810334021
76,0.7808372209
77,0.7808434598
78,0.7805274254
79,0.78022319
80,0.7800459152
81,0.7800600661
82,0.7797733131
83,0.7794955588
84,0.7793412401
85,0.7793668431
86,0.7791019526
87,0.7788373725
88,0.7786931931
89,0.7787316866
90,0.7784857382
91,0.7782489318
92,0.778126505
93,0.7781718332
94,0.7779444116
95,0.777721295
96,0.7901274485
97,0.8034700239
98,0.8173232801
99,0.8309035213
100,0.8769996442
101,0.8743163746
102,0.8703890058
103,0.8665541435
104,0.862946937
105,0.859217367
106,0.8555780555
107,0.8520076798
108,0.8486673583
109,0.8452067337
110,0.8418284775
111,0.8385260307
112,0.835429454
113,0.8322089098
114,0.8290672574
115,0.8259803747
116,0.8230998194
117,0.8200940181
118,0.8171593842
119,0.8142800884
120,0.8115937369
121,0.8087826642
122,0.8060389155
123,0.8033429982
124,0.8008331438
125,0.7982018861
126,0.7956311996
127,0.7931024784
128,0.7907507876
129,0.78827762
130,0.785862284
131,0.7835013684
132,0.7812938843
133,0.7789679935
134,0.7766932482
135,0.7744563083
136,0.7723802155
137,0.7701924974
138,0.7680506809
139,0.765945546
140,0.7639971187
141,0.7619310849
142,0.7599070607
143,0.7579144472
144,0.756074989
145,0.7541176483
146,0.7522046512
147,0.7503201453
148,0.7485819658
149,0.7467321039
150,0.7449234525
151,0.7431396435
152,0.7414949384
153,0.7397393139
154,0.7380197851
155,0.736324182
156,0.7347649105
157,0.7330959409
158,0.7314802169
159,0.7298734394
160,0.7283928872
161,0.7268067517
162,0.7252537173
163,0.7237243729
164,0.7223219242
165,0.7208131058
166,0.7193329177
167,0.7178784293
168,0.7165472472
169,0.7151116085
170,0.7137098173
171,0.7123233103
172,0.7110560825
173,0.7096879231
174,0.7083480399
175,0.7070239696
176,0.7058182474
177,0.704509644
178,0.7032298309
179,0.7019628736
180,0.7008111343
181,0.6995684796
182,0.6983422758
183,0.6971332719
184,0.6960328908
185,0.69483986
186,0.6936712157
187,0.6925160518
188,0.6914690468
189,0.6903237565
190,0.6892041971
191,0.688099528
192,0.6870958726
193,0.6859974111
194,0.6849239147
195,0.683862913
196,0.6844187045
197,0.6855753343
198,0.6867223283
199,0.6878606956
200,0.7030602358
201,0.702608321
202,0.7014977359
203,0.70039897
204,0.699397931
205,0.6983049075
206,0.6972370684
207,0.69617926
208,0.695218527
209,0.6941683408
210,0.6931398183
211,0.6921232998
212,0.6912044129
213,0.6901936478
214,0.6892056273
215,0.688228869
216,0.6873449085
217,0.6863711761
218,0.6854180057
219,0.6844744063
220,0.6836223111
221,0.6826834449
222,0.6817655828
223,0.6808558645
224,0.6800357729
225,0.6791294155
226,0.678242503
227,0.6773650196
228,0.6765733616
229,0.6756981856
230,0.6748418976
231,0.6739930207
232,0.6732297894
233,0.6723861137
234,0.6715638682
235,0.6707454561
236,0.6700107527
237,0.6691946924
238,0.6683957361
239,0.667604172
240,0.6668937765
241,0.6661039334
242,0.6653304769
243,0.6645643434
244,0.6638784451
245,0.6631147733
246,0.662367384
247,0.6616274119
248,0.6609648163
249,0.6602244564
250,0.6595012266
251,0.6587846998
252,0.6581448467
253,0.6574281469
254,0.6567285256
255,0.6560355869
256,0.6554167768
257,0.6547222789
258,0.6540466037
259,0.6533750731
260,0.6527772998
261,0.6521074542
262,0.6514518227
263,0.6508002186
264,0.6502223375
265,0.6495709937
266,0.6489352573
267,0.6483052399
268,0.6477467209
269,0.6471146066
270,0.6464969013
271,0.6458858372
272,0.6453449916
273,0.6447306802
274,0.6441309744
275,0.6435375194
276,0.6430146225
277,0.6424185224
278,0.641837254
279,0.6412606381
280,0.6407519203
281,0.6401716907
282,0.6396068047
283,0.6390463004
284,0.6385528394
285,0.6379914425
286,0.6374419499
287,0.6368972146
288,0.6364184922
289,0.635872626
290,0.63533961
291,0.6348098428
292,0.6343455761
293,0.6338139336
294,0.6332964781
295,0.6327828301
296,0.6333400168
297,0.6343001761
298,0.6352542505
299,0.6362042825
300,0.6462640876
301,0.6461672486
302,0.6456234532
303,0.6450832727
304,0.6446048998
305,0.644061623
306,0.6435335769
307,0.6430082614
308,0.642546633
309,0.6420210456
310,0.6415085422
311,0.6409971311
312,0.6405479738
313,0.6400362096
314,0.6395361453
315,0.6390395379
316,0.6386030126
317,0.6381047004
318,0.6376167115
319,0.6371320198
320,0.6367076843
321,0.6362209583
322,0.6357451161
323,0.6352724525
324,0.6348586626
325,0.6343838999
326,0.6339203781
327,0.6334600066
328,0.6330572461
329,0.6325948152
330,0.6321420175
331,0.6316923729
332,0.6312996176
333,0.6308483298
334,0.6304061101
335,0.6299669166
336,0.6295848355
337,0.6291442981
338,0.62871261
339,0.6282834713
340,0.6279110987
341,0.6274800851
342,0.6270588519
343,0.6266396923
344,0.6262757924
345,0.6258538143
346,0.6254420541
347,0.6250338208
348,0.624678446
349,0.6242655944
350,0.6238632714
351,0.6234643722
352,0.62311937
353,0.6227161583
354,0.622322186
355,0.6219300833
356,0.6215924093
357,0.6211982394
358,0.6208133058
359,0.6204298399
360,0.6201013913
361,0.6197159246
362,0.6193408581
363,0.6189657264
364,0.618645493
365,0.6182681165
366,0.6178999536
367,0.6175333195
368,0.6172198123
369,0.6168503567
370,0.6164893215
371,0.6161302988
372,0.6158252315
373,0.6154634235
374,0.6151106489
375,0.6147594303
376,0.6144601962
377,0.6141072858
378,0.6137618304
379,0.6134188985
380,0.6131260795
381,0.6127802004
382,0.6124419834
383,0.6121072103
384,0.6118217974
385,0.611482877
386,0.6111534954
387,0.6108252143
388,0.610548787
389,0.6102163794
390,0.6098922834
391,0.6095708325
392,0.6093009216
393,0.6089758474
394,0.6086613743
395,0.6083460274
396,0.6088358518
397,0.609628429
398,0.6104177054
399,0.6112040496
400,0.6194299633
401,0.6194317431
402,0.6190952926
403,0.6187606902
404,0.6184737745
405,0.6181364202
406,0.6178071234
407,0.6174795669
408,0.6172001207
409,0.6168690546
410,0.6165466418
411,0.6162252732
412,0.615950477
413,0.6156257613
414,0.6153087554
415,0.6149946187
416,0.6147260142
417,0.6144072528
418,0.6140974004
419,0.6137899137
420,0.6135271804
421,0.613215336
422,0.6129103987
423,0.6126074267
424,0.6123501011
425,0.6120448564
426,0.6117462319
427,0.6114496478
428,0.6111971791
429,0.6108969306
430,0.6106039556
431,0.6103118932
432,0.6100649728
433,0.6097719795
434,0.6094863477
435,0.6092021187
436,0.6089629248
437,0.6086746742
438,0.6083941093
439,0.6081153638
440,0.6078804049
441,0.6075978488
442,0.6073229615
443,0.6070492565
444,0.6068182325
445,0.6065403103
446,0.606269419
447,0.6059995551
448,0.6057729578
449,0.6054991813
450,0.605233018
451,0.6049677384
452,0.6047461115
453,0.6044776603
454,0.6042160959
455,0.6039555948
456,0.6037368578
457,0.6034723948
458,0.6032148989
459,0.6029588472
460,0.6027451332
461,0.6024832675
462,0.6022280974
463,0.6019742216
464,0.6017621942
465,0.6015044479
466,0.6012534597
467,0.6010036376
468,0.6007959138
469,0.6005427044
470,0.6002961196
471,0.6000505546
472,0.5998460503
473,0.599596776
474,0.5993543214
475,0.5991123702
476,0.5989128519
477,0.5986689641
478,0.5984306272
479,0.5981935694
480,0.5979974795
481,0.597755896
482,0.5975208633
483,0.5972872186
484,0.5970944072
485,0.5968566378
486,0.5966251308
487,0.5963952896
488,0.5962053301
489,0.5959719431
490,0.5957446168
491,0.5955181176
492,0.595332158
493,0.5951023132
494,0.5948791172
495,0.5946568611
496,0.595076387
497,0.5957347607
498,0.596393241
499,0.5970473004
500,0.603858076
501,0.6038884981
502,0.6036510055
503,0.6034147058
504,0.6032178122
505,0.6029787333
506,0.6027454295
507,0.6025127405
508,0.6023191663
509,0.6020828195
510,0.6018527821
511,0.601623746
512,0.6014333618
513,0.6012011062
514,0.6009747128
515,0.6007501304
516,0.6005632871
517,0.6003339378
518,0.6001107222
519,0.5998888391
520,0.5997046475
521,0.5994789079
522,0.5992586705
523,0.5990404507
524,0.5988599502
525,0.5986374113
526,0.598420546
527,0.5982045638
528,0.5980241795
529,0.5978027864
530,0.5975874861
531,0.5973727226
532,0.5971970767
533,0.5969788974
534,0.596766804
535,0.5965546662
536,0.5963795595
537,0.5961640966
538,0.595954469
539,0.5957457564
540,0.5955746868
541,0.5953623401
542,0.595157355
543,0.5949527676
544,0.5947853579
545,0.5945782365
546,0.5943769712
547,0.5941763836
548,0.5940121635
549,0.593808263
550,0.5936107171
551,0.5934131709
552,0.5932526076
553,0.5930529995
554,0.5928576551
555,0.5926636858
556,0.5925054722
557,0.5923074261
558,0.5921155322
559,0.5919240247
560,0.5917683615
561,0.5915746856
562,0.5913851452
563,0.5911970544
564,0.5910443248
565,0.5908544985
566,0.5906685171
567,0.5904839298
568,0.5903334296
569,0.5901452307
570,0.5899617638
571,0.5897788888
572,0.5896302476
573,0.5894445733
574,0.5892633242
575,0.5890828092
576,0.5889370223
577,0.588754523
578,0.5885758362
579,0.5883981583
580,0.5882540861
581,0.5880731818
582,0.5878966058
583,0.5877216837
584,0.5875798666
585,0.5874013933
586,0.5872271556
587,0.5870544635
588,0.5869148471
589,0.5867385775
590,0.5865678047
591,0.5863974038
592,0.5862600394
593,0.5860860629
594,0.5859217825
595,0.5857576701
596,0.5861270069
597,0.5866963426
598,0.5872639022
599,0.5878302535
600,0.5931484848
601,0.5932002095
602,0.5930266429
603,0.5928531219
604,0.5927123368
605,0.5925360718
606,0.5923635567
607,0.592192265
608,0.5920538099
609,0.5918792293
610,0.5917088025
611,0.5915392882
612,0.5914032673
613,0.5912303692
614,0.5910626259
615,0.5908947283
616,0.5907595077
617,0.5905887534
618,0.5904217645
619,0.5902552246
620,0.5901219063
621,0.5899518812
622,0.5897876654
623,0.5896231622
624,0.5894916575
625,0.5893240929
626,0.5891611471
627,0.5889988621
628,0.5888688503
629,0.5887035429
630,0.5885431416
631,0.588383375
632,0.5882551062
633,0.5880912874
634,0.5879316218
635,0.5877721751
636,0.5876445178
637,0.587482365
638,0.5873248466
639,0.5871680426
640,0.5870423182
641,0.5868821725
642,0.5867272661
643,0.5865725339
644,0.5864489271
645,0.5862912341
646,0.586137782
647,0.585984797
648,0.5858623566
649,0.5857063551
650,0.5855546445
651,0.5854033799
652,0.5852831919
653,0.585128874
654,0.5849793194
655,0.5848301077
656,0.584712305
657,0.5845597197
658,0.5844118208
659,0.584264645
660,0.5841482282
661,0.5839976492
662,0.5838515707
663,0.5837062212
664,0.5835918091
665,0.5834437777
666,0.5832997103
667,0.5831557794
668,0.58304288
669,0.5828961553
670,0.5827536594
671,0.5826114846
672,0.5825009893
673,0.5823558706
674,0.5822150583
675,0.5820746575
676,0.5819654879
677,0.5818231245
678,0.5816852927
679,0.5815489396
680,0.5814422265
681,0.5813017724
682,0.5811654972
683,0.5810298491
684,0.5809245278
685,0.5807855058
686,0.5806508662
687,0.5805165234
688,0.5804120839
689,0.5802748339
690,0.5801410303
691,0.5800078534
692,0.5799051906
693,0.5797693788
694,0.5796372537
695,0.5795063669
696,0.5798345371
697,0.5803299847
698,0.5808248857
699,0.5813178632
700,0.585985993
701,0.586038938
702,0.585898866
703,0.5857589784
704,0.5856477085
705,0.5855033968
706,0.585363308
707,0.585223432
708,0.5851130191
709,0.5849702544
710,0.5848314811
711,0.584693331
712,0.5845844821
713,0.5844435995
714,0.5843065588
715,0.5841705062
716,0.5840632162
717,0.5839253098
718,0.5837898484
719,0.5836548711
720,0.5835490502
721,0.5834110389
722,0.583277836
723,0.5831447542
724,0.5830402416
725,0.5829048856
726,0.582772438
727,0.5826402969
728,0.5825377573
729,0.5824029177
730,0.5822729574
731,0.5821427986
732,0.5820409127
733,0.5819082513
734,0.5817790534
735,0.5816503684
736,0.5815495298
737,0.5814178792
738,0.5812901858
739,0.5811629125
740,0.5810637914
741,0.5809337454
742,0.5808074038
743,0.5806819542
744,0.5805837363
745,0.5804553669
746,0.580330533
747,0.58020502
748,0.5801082669
749,0.5799823227
750,0.5798595662
751,0.5797371955
752,0.5796419469
753,0.5795164933
754,0.5793951259
755,0.5792740029
756,0.5791797576
757,0.579056897
758,0.5789371359
759,0.5788172614
760,0.5787240492
761,0.5786013302
762,0.5784825783
763,0.5783636771
764,0.5782720388
765,0.578150338
766,0.5780324799
767,0.5779151688
768,0.5778247403
769,0.5777052912
770,0.5775883776
771,0.5774721782
772,0.577382858
773,0.5772636963
774,0.5771480312
775,0.5770324517
776,0.576943761
777,0.5768255404
778,0.5767109815
779,0.5765965376
780,0.5765081055
781,0.5763912619
782,0.5762774502
783,0.5761639025
784,0.5760763421
785,0.5759602504
786,0.5758471435
787,0.5757344134
788,0.5756481234
789,0.5755331056
790,0.5754213941
791,0.5753102266
792,0.5752250287
793,0.575111133
794,0.5750011732
795,0.5748916658
796,0.5751819667
797,0.5756208116
798,0.5760582419
799,0.5764951931
800,0.580610158
801,0.580662798
802,0.5805474022
803,0.5804319765
804,0.5803426665
805,0.5802250878
806,0.5801110764
807,0.5799972184
808,0.5799094763
809,0.5797929715
810,0.5796799858
811,0.5795673243
812,0.5794804475
813,0.5793650013
814,0.5792529959
815,0.5791412333
816,0.5790559521
817,0.5789418841
818,0.5788309225
819,0.5787201336
820,0.5786354094
821,0.5785225588
822,0.5784128103
823,0.5783033999
824,0.5782197403
825,0.5781077282
826,0.5779989946
827,0.5778904426
828,0.5778073327
829,0.5776965355
830,0.5775892521
831,0.5774833768
832,0.577403182
833,0.5772941019
834,0.5771888504
835,0.5770840708
836,0.5770037776
837,0.5768964328
838,0.5767919233
839,0.5766880136
840,0.5766099456
841,0.5765034941
842,0.5764007348
843,0.5762978187
844,0.5762202913
845,0.5761145386
846,0.576012152
847,0.5759098083
848,0.5758330108
849,0.5757283347
850,0.5756265585
851,0.5755256896
852,0.5754501744
853,0.5753451415
854,0.5752435997
855,0.5751421696
856,0.5750663781
857,0.5749629571
858,0.5748606989
859,0.5747586597
860,0.5746818299
861,0.5745771153
862,0.5744759043
863,0.5743742808
864,0.5742990154
865,0.5741954602
866,0.5740949421
867,0.5739944826
868,0.5739199212
869,0.5738176072
870,0.5737183307
871,0.5736188995
872,0.5735452848
873,0.5734440669
874,0.5733454333
875,0.5732474123
876,0.5731740714
877,0.5730736958
878,0.5729761583
879,0.5728790208
880,0.572806743
881,0.5727069924
882,0.5726102906
883,0.57251436
884,0.5724428442
885,0.5723439454
886,0.5722483486
887,0.572153281
888,0.5720819314
889,0.5719840319
890,0.5718892642
891,0.5717952522
892,0.571724757
893,0.5716278085
894,0.5715338133
895,0.5714400619
896,0.5717031021
897,0.5720966769
898,0.5724899007
899,0.5728819789
900,0.5764988835
901,0.576550382
902,0.5764518751
903,0.5763555502
904,0.5762820955
905,0.5761836595
906,0.5760878657
907,0.5759926235
908,0.5759198387
909,0.5758209867
910,0.575724716
911,0.5756283478
912,0.5755552396
913,0.575456569
914,0.5753611065
915,0.5752662683
916,0.5751944326
917,0.5750964542
918,0.5750017163
919,0.5749073264
920,0.5748372406
921,0.5747419236
922,0.5746488032
923,0.5745561908
924,0.5744863681
925,0.574391225
926,0.5742986285
927,0.5742064508
928,0.5741375303
929,0.5740429758
930,0.5739517258
931,0.5738605996
932,0.5737931107
933,0.5736996042
934,0.5736093339
935,0.5735191275
936,0.573453083
937,0.5733601738
938,0.5732702807
939,0.5731804231
940,0.5731133524
941,0.5730211835
942,0.5729317601
943,0.5728426141
944,0.5727754402
945,0.5726837674
946,0.5725954693
947,0.5725067395
948,0.5724404741
949,0.572349293
950,0.5722616111
951,0.5721737918
952,0.5721087868
953,0.5720190946
954,0.5719314822
955,0.57184425
956,0.5717800086
957,0.5716902328
958,0.5716030208
959,0.5715161101
960,0.5714517607
961,0.5713627456
962,0.5712759466
963,0.571189803
964,0.5711245273
965,0.5710350527
966,0.5709483883
967,0.5708621373
968,0.5707973638
969,0.5707086473
970,0.5706225195
971,0.5705369828
972,0.570473921
973,0.570387466
974,0.5703030136
975,0.5702182663
976,0.5701553783
977,0.5700695091
978,0.5699860846
979,0.5699028676
980,0.5698402154
981,0.5697542859
982,0.5696720524
983,0.5695898755
984,0.5695273525
985,0.5694419478
986,0.5693595617
987,0.569276423
988,0.5692135404
989,0.5691278703
990,0.5690453533
991,0.5689632088
992,0.56890121
993,0.5688162282
994,0.5687337037
995,0.5686512177
996,0.5688869877
997,0.5692387604
998,0.5695903896
999,0.5699417159
1000,0.574380542
1001,0.5743836176
1002,0.5742692516
1003,0.5741552935
1004,0.5740590314
1005,0.5739424612
1006,0.5738279939
1007,0.5737139691
1008,0.573617597
1009,0.5735018289
1010,0.5733880734
1011,0.5732746432
1012,0.5731787294
1013,0.5730633036
1014,0.572950209
1015,0.5728373333
1016,0.5727418778
1017,0.5726273379
1018,0.5725153734
1019,0.5724032766
1020,0.5723084018
1021,0.5721945628
1022,0.5720831018
1023,0.5719717516
1024,0.571877895
1025,0.5717650902
1026,0.5716543914
1027,0.5715439618
1028,0.571452745
1029,0.5713430562
1030,0.5712353637
1031,0.5711275815
1032,0.5710366325
1033,0.570926974
1034,0.5708175428
1035,0.5707108151
1036,0.5706208745
1037,0.5705123171
1038,0.570403477
1039,0.5702973459
1040,0.5702078774
1041,0.5700973417
1042,0.5699905537
1043,0.5698813651
1044,0.569791523
1045,0.5696810843
1046,0.5695744891
1047,0.5697709179
1048,0.5696787246
1049,0.5695679668
1050,0.5694616592
1051,0.5693535446
1052,0.5692618292
1053,0.5691519857
1054,0.5690442268
1055,0.5689369853
1056,0.568848067
1057,0.568741116
1058,0.5686361041
1059,0.5685318683
1060,0.5684441344
1061,0.5683381269
1062,0.5682338284
1063,0.5681300843
1064,0.5680427677
1065,0.5679374258
1066,0.5678342502
1067,0.5677310286
1068,0.5676445629
1069,0.5675399679
1070,0.5674378598
1071,0.5673357766
1072,0.5672491157
1073,0.5671440301
1074,0.5670410505
1075,0.5669387915
1076,0.56685177
1077,0.5667475334
1078,0.5666453429
1079,0.5665433145
1080,0.5664568822
1081,0.5663533665
1082,0.5662515076
1083,0.5661501804
1084,0.5660642619
1085,0.5659615327
1086,0.5658605987
1087,0.565759936
1088,0.56567487
1089,0.5655729116
1090,0.565472852
1091,0.565372994
1092,0.5652883856
1093,0.5651876066
1094,0.5650879068
1095,0.5649887911
1096,0.5651640144
1097,0.5654311884
1098,0.5656977762
1099,0.5659639351
1100,0.5689092373
1101,0.5689135522
1102,0.5688113209
1103,0.5687092823
1104,0.5686224208
1105,0.5685200383
1106,0.5684185443
1107,0.5683171797
1108,0.5682314783
1109,0.5681303172
1110,0.5680295501
1111,0.5679290767
1112,0.5678438402
1113,0.5677430472
1114,0.5676429779
1115,0.5675430781
1116,0.5674582885
1117,0.5673583264
1118,0.5672588749
1119,0.5671596689
1120,0.5670753397
1121,0.5669756014
1122,0.5668767957
1123,0.5667765518
1124,0.5666908301
1125,0.5665899291
1126,0.5664899923
1127,0.5663900787
1128,0.5663041955
1129,0.5662028417
1130,0.5661032925
1131,0.566003752
1132,0.5659181386
1133,0.5658178969
1134,0.5657188823
1135,0.5656196726
1136,0.565534983
1137,0.5654354059
1138,0.5653366526
1139,0.5652383703
1140,0.5651543041
1141,0.5650549736
1142,0.5649568709
1143,0.5648592511
1144,0.5647753781
1145,0.5646769889
1146,0.5645795656
1147,0.5644827832
1148,0.5643997799
1149,0.564302467
1150,0.5642057201
1151,0.5641094714
1152,0.5640274692
1153,0.5639306432
1154,0.5638346199
1155,0.5637389827
1156,0.5636572388
1157,0.5635609853
1158,0.56346572
1159,0.5633705919
1160,0.5632892109
1161,0.5631937766
1162,0.5630990813
1163,0.5630045709
1164,0.5629239538
1165,0.5628288647
1166,0.5627352838
1167,0.5626415528
1168,0.5625605866
1169,0.5624662303
1170,0.5623727426
1171,0.5622797102
1172,0.5622001954
1173,0.5621063608
1174,0.5620136283
1175,0.5619212005
1176,0.5618421859
1177,0.5617490783
1178,0.5616573666
1179,0.5615655818
1180,0.5614870083
1181,0.5613944208
1182,0.5613028891
1183,0.5612114174
1184,0.561133817
1185,0.5610419133
1186,0.5609509228
1187,0.5608603229
1188,0.5607828624
1189,0.560691128
1190,0.5606005217
1191,0.5605096224
1192,0.5604320986
1193,0.5603410017
1194,0.5602508719
1195,0.5601609376
1196,0.5603211263
1197,0.5605646577
1198,0.5608084893
1199,0.5610514446
1200,0.5637731095
1201,0.5637767889
1202,0.5636839355
1203,0.5635899849
1204,0.5635106085
1205,0.5634175342
1206,0.5633256897
1207,0.5632325796
1208,0.5631540414
1209,0.5630605653
1210,0.5629689137
1211,0.5628761057
1212,0.5627979174
1213,0.5627063726
1214,0.5626156879
1215,0.5625234851
1216,0.5624442789
1217,0.5623529881
1218,0.5622604138
1219,0.5621700312
1220,0.5620914017
1221,0.5620004884
1222,0.5619108941
1223,0.5618197111
1224,0.5617430735
1225,0.5616513906
1226,0.5615622084
1227,0.5614732365
1228,0.5613955459
1229,0.5613062489
1230,0.5612177205
1231,0.5611293313
1232,0.5610536484
1233,0.5609649748
1234,0.560877248
1235,0.5607900229
1236,0.5607154644
1237,0.5606271951
1238,0.5605397435
1239,0.560452538
1240,0.5603780139
1241,0.5602913732
1242,0.560204339
1243,0.560117931
1244,0.5600445787
1245,0.559958076
1246,0.55987209
1247,0.5597861559
1248,0.5597130922
1249,0.5596270095
1250,0.5595412709
1251,0.5594559416
1252,0.5593831662
1253,0.5592973216
1254,0.5592100229
1255,0.5591250784
1256,0.5590545319
1257,0.5589672233
1258,0.5588824476
1259,0.558797735
1260,0.5587255604
1261,0.558640731
1262,0.5585587107
1263,0.5584753029
1264,0.5584057209
1265,0.5583217141
1266,0.5582400132
1267,0.5581571333
1268,0.5580861482
1269,0.5580045185
1270,0.5579223117
1271,0.5578413609
1272,0.5577734008
1273,0.557690658
1274,0.55761012
1275,0.557529857
1276,0.5574617181
1277,0.557378041
1278,0.5572977645
1279,0.5572165825
1280,0.5571490002
1281,0.5570661108
1282,0.5569847342
1283,0.5569036584
1284,0.5568366997
1285,0.5567555798
1286,0.5566746151
1287,0.5565940273
1288,0.5565242577
1289,0.556443558
1290,0.5563638282
1291,0.556283538
1292,0.5562150616
1293,0.5561348541
1294,0.5560547199
1295,0.5559752173
1296,0.5561268014
1297,0.5563541932
1298,0.5565816413
1299,0.5568085784
1300,0.5594773628
1301,0.559483119
1302,0.5594010833
1303,0.5593189431
1304,0.5592506509
1305,0.5591686635
1306,0.5590874415
1307,0.5590077029
1308,0.5589383625
1309,0.5588581298
1310,0.5587771125
1311,0.5586976455
1312,0.5586285528
1313,0.5585490029
1314,0.5584682371
1315,0.5583895718
1316,0.5583226639
1317,0.5582432813
1318,0.5581651113
1319,0.5580867707
1320,0.5580204577
1321,0.5579417736
1322,0.5581822164
1323,0.5581039511
1324,0.5580376729
1325,0.5579589963
1326,0.5578812147
1327,0.5578040369
1328,0.5577383011
1329,0.5576603825
1330,0.5575830781
1331,0.5575043077
1332,0.5574370179
1333,0.5573563166
1334,0.5572775886
1335,0.5571989771
1336,0.5571313484
1337,0.5570523539
1338,0.5569742067
1339,0.5568961371
1340,0.5568301708
1341,0.556751674
1342,0.5566744057
1343,0.5565968525
1344,0.5565312689
1345,0.5564531736
1346,0.5563760933
1347,0.5562988608
1348,0.5562339519
1349,0.5561565901
1350,0.5560800034
1351,0.5560033543
1352,0.555938507
1353,0.5558613404
1354,0.555785332
1355,0.5557093121
1356,0.555644744
1357,0.5555682497
1358,0.5554926094
1359,0.5554169047
1360,0.555352637
1361,0.5552764398
1362,0.5552009962
1363,0.5551258187
1364,0.5550617784
1365,0.5549863675
1366,0.5549112207
1367,0.5548362049
1368,0.5547719767
1369,0.5546949216
1370,0.5546194933
1371,0.5545442332
1372,0.5544806704
1373,0.5544049256
1374,0.5543282234
1375,0.5542537384
1376,0.5541904674
1377,0.5541139678
1378,0.5540397437
1379,0.5539644395
1380,0.5539017692
1381,0.5538264319
1382,0.5537529938
1383,0.5536782957
1384,0.5536147057
1385,0.5535407534
1386,0.5534665685
1387,0.5533922223
1388,0.5533299989
1389,0.5532555213
1390,0.5531824452
1391,0.5531085214
1392,0.5530475878
1393,0.552975249
1394,0.5529031214
1395,0.5528307936
1396,0.552970069
1397,0.5531818164
1398,0.5533928797
1399,0.5536041668
1400,0.5560460947
1401,0.556052633
1402,0.5559781681
1403,0.5559039324
1404,0.5558406459
1405,0.5557664481
1406,0.5556923041
1407,0.5556190126
1408,0.5555569659
1409,0.5554821646
1410,0.5554093415
1411,0.5553352295
1412,0.5552718948
1413,0.5551977327
1414,0.555123926
1415,0.5550522005
1416,0.5549896454
1417,0.5549159529
1418,0.5548424281
1419,0.5547688501
1420,0.5547064321
1421,0.5546346317
1422,0.5545615855
1423,0.554488597
1424,0.5544265218
1425,0.5543536882
1426,0.5542810983
1427,0.5542107909
1428,0.5541507962
1429,0.5540782164
1430,0.5540056329
1431,0.5539347607
1432,0.553874719
1433,0.5538040899
1434,0.5537319961
1435,0.5536600137
1436,0.5535999869
1437,0.5535284006
1438,0.5534567295
1439,0.5533851487
1440,0.5533260324
1441,0.5532545236
1442,0.5531833823
1443,0.5531121936
1444,0.5530516262
1445,0.5529817287
1446,0.5529106357
1447,0.5528412456
1448,0.5527810262
1449,0.552710293
1450,0.5526407412
1451,0.5525703043
1452,0.552510249
1453,0.5524403703
1454,0.5523702618
1455,0.5522992425
1456,0.5522406684
1457,0.552172339
1458,0.5521036926
1459,0.552034875
1460,0.5519767421
1461,0.5519083305
1462,0.5518415045
1463,0.5517733799
1464,0.5517154137
1465,0.5516475267
1466,0.5515792767
1467,0.551511242
1468,0.5514539651
1469,0.5513863953
1470,0.5513170807
1471,0.5512492834
1472,0.5511919664
1473,0.5511229753
1474,0.5510532754
1475,0.5509859397
1476,0.5509277003
1477,0.5508592343
1478,0.5507921977
1479,0.5507236819
1480,0.5506665468
1481,0.5505985631
1482,0.550531276
1483,0.5504640902
1484,0.5504064252
1485,0.5503398936
1486,0.5502729846
1487,0.5502063249
1488,0.5501499222
1489,0.5500836171
1490,0.5500169031
1491,0.549950358
1492,0.5498941652
1493,0.5498263823
1494,0.5497601435
1495,0.5496922858
1496,0.5498250418
1497,0.5500211733
1498,0.5502188825
1499,0.5504166424
1500,0.5526494817
1501,0.5526567345
1502,0.5525888471
1503,0.5525210098
1504,0.5524636212
1505,0.5523965725
1506,0.5523305584
1507,0.5522631012
1508,0.5522075236
1509,0.5521424625
1510,0.552076749
1511,0.5520111941
1512,0.5519559202
1513,0.5518909536
1514,0.5518258401
1515,0.5517605237
1516,0.5517057621
1517,0.5516412049
1518,0.55157626
1519,0.5515114961
1520,0.5514568286
1521,0.5513925432
1522,0.5513277927
1523,0.5512630924
1524,0.5512088871
1525,0.5511447576
1526,0.5510805766
1527,0.5510162425
1528,0.5509618816
1529,0.5508965351
1530,0.5508323482
1531,0.5507668841
1532,0.5507128366
1533,0.550647588
1534,0.55058233
1535,0.550517376
1536,0.5504625307
1537,0.5503995858
1538,0.5503344228
1539,0.5502694414
1540,0.5502133685
1541,0.5501491964
1542,0.5500844072
1543,0.5500197583
1544,0.5499640939
1545,0.549899719
1546,0.5498344354
1547,0.5497705405
1548,0.549715509
1549,0.549651512
1550,0.5495864111
1551,0.5495228552
1552,0.5494678695
1553,0.5494034721
1554,0.5493402372
1555,0.5492754803
1556,0.5492205391
1557,0.5491562387
1558,0.5490921002
1559,0.5490288098
1560,0.5489745252
1561,0.5489113295
1562,0.5488486497
1563,0.5487858155
1564,0.5487324821
1565,0.5486699702
1566,0.5486086708
1567,0.5485463708
1568,0.5484935113
1569,0.5484311346
1570,0.5483703332
1571,0.5483085698
1572,0.5482559267
1573,0.5481952682
1574,0.5481332808
1575,0.5480709714
1576,0.5480175715
1577,0.5479554833
1578,0.5478927316
1579,0.5478309694
1580,0.5477786944
1581,0.5477159403
1582,0.5476544331
1583,0.5475928683
1584,0.5475409995
1585,0.5474798353
1586,0.5474187901
1587,0.5473574162
1588,0.5473058407
1589,0.5472439801
1590,0.5471828287
1591,0.547121404
1592,0.5470684576
1593,0.5470061078
1594,0.5469450886
1595,0.5468852784
1596,0.5470101607
1597,0.5471937727
1598,0.5473789191
1599,0.547562571
1600,0.5494474139
1601,0.5494535848
1602,0.5493902724
1603,0.549328226
1604,0.5492742072
1605,0.549210883
1606,0.5491488998
1607,0.5490855641
1608,0.5490333078
1609,0.5489708904
1610,0.5489077133
1611,0.5488446732
1612,0.5487911378
1613,0.5487277595
1614,0.5486648023
1615,0.5486022387
1616,0.5485489795
1617,0.5484878087
1618,0.5484267756
1619,0.548364527
1620,0.5483127897
1621,0.5482514584
1622,0.5481900998
1623,0.5481291544
1624,0.5480772611
1625,0.548016172
1626,0.5479551684
1627,0.5478943064
1628,0.547843186
1629,0.5477821386
1630,0.5477216156
1631,0.5476615263
1632,0.5476101054
1633,0.5475493281
1634,0.5474889826
1635,0.547428581
1636,0.5473769241
1637,0.547316461
1638,0.5472561996
1639,0.5471959537
1640,0.5471457984
1641,0.5470857881
1642,0.5470251018
1643,0.5469652586
1644,0.5469135989
1645,0.5468538304
1646,0.5467945821
1647,0.5467340544
1648,0.5466839826
1649,0.546624482
1650,0.5465643122
1651,0.5465053881
1652,0.5464540061
1653,0.54639536
1654,0.5463363266
1655,0.5462760317
1656,0.5462251164
1657,0.546166237
1658,0.5461077237
1659,0.5460491862
1660,0.5460002119
1661,0.5459416623
1662,0.5458834959
1663,0.5458237774
1664,0.5457750554
1665,0.5457168872
1666,0.5456590403
1667,0.5456013105
1668,0.5455515123
1669,0.5454938841
1670,0.5454360179
1671,0.5453789404
1672,0.5453308404
1673,0.5452730722
1674,0.5452164156
1675,0.545159199
1676,0.5451109594
1677,0.5450534187
1678,0.5449959777
1679,0.5449390691
1680,0.5448912499
1681,0.5448338066
1682,0.5447769905
1683,0.5447200803
1684,0.5446725369
1685,0.5446154377
1686,0.5445589206
1687,0.5445022734
1688,0.5444549281
1689,0.5443982965
1690,0.5443416683
1691,0.5442853848
1692,0.5442374735
1693,0.544180645
1694,0.5441238746
1695,0.5440671671
1696,0.5441845693
1697,0.5443584037
1698,0.5445320253
1699,0.5447057144
1700,0.5465310372
1701,0.5465379683
1702,0.5464797856
1703,0.5464220033
1704,0.5463729912
1705,0.5463147055
1706,0.5462587667
1707,0.5462023915
1708,0.5461549449
1709,0.5460980668
1710,0.5460417159
1711,0.5459853659
1712,0.5459382223
1713,0.5458819047
1714,0.545825806
1715,0.5457697496
1716,0.5457227239
1717,0.5456666066
1718,0.5456099169
1719,0.54555453
1720,0.5455067462
1721,0.5454492646
1722,0.5453936279
1723,0.5453368198
1724,0.5452886621
1725,0.5452312267
1726,0.5451749795
1727,0.5451181856
1728,0.545070703
1729,0.5450134786
1730,0.5449571684
1731,0.5449012588
1732,0.5448541844
1733,0.5447978645
1734,0.5447424644
1735,0.5446862987
1736,0.5446392562
1737,0.5445826363
1738,0.5445271801
1739,0.5444711548
1740,0.5444241155
1741,0.5443681846
1742,0.5443126738
1743,0.5442584441
1744,0.5442119613
1745,0.5441562634
1746,0.5441009841
1747,0.54404576
1748,0.5439992343
1749,0.5439432852
1750,0.5438896607
1751,0.5438346595
1752,0.5437883015
1753,0.5437326436
1754,0.5436775915
1755,0.5436225483
1756,0.5435778884
1757,0.5435226668
1758,0.5434679023
1759,0.5434131636
1760,0.5433674697
1761,0.5433137794
1762,0.5432593043
1763,0.5432047576
1764,0.5431591246
1765,0.5431041515
1766,0.5430511319
1767,0.5429967178
1768,0.5429521322
1769,0.5428988723
1770,0.5428450401
1771,0.5427914011
1772,0.5427477722
1773,0.5426939327
1774,0.5426417328
1775,0.5425893093
1776,0.5425457016
1777,0.542492774
1778,0.5424397912
1779,0.5423875608
1780,0.5423444558
1781,0.5422918777
1782,0.542239961
1783,0.5421880911
1784,0.5421447777
1785,0.5420911174
1786,0.5420393474
1787,0.5419877804
1788,0.5419447437
1789,0.5418924226
1790,0.5418398651
1791,0.5417883172
1792,0.5417447017
1793,0.5416912274
1794,0.5416401797
1795,0.5415882116
1796,0.5416995243
1797,0.5418642681
1798,0.5420298295
1799,0.5421942664
1800,0.543914785
1801,0.5439222243
1802,0.5438690361
1803,0.543815786
1804,0.5437711892
1805,0.5437174537
1806,0.5436632398
1807,0.543609745
1808,0.5435640694
1809,0.5435104996
1810,0.543457369
1811,0.5434043881
1812,0.5433598089
1813,0.5433057592
1814,0.5432521094
1815,0.5431973856
1816,0.543152461
1817,0.5430986302
1818,0.5430440164
1819,0.5429898058
1820,0.542945011
1821,0.5428913184
1822,0.5428371486
1823,0.5427844131
1824,0.5427412353
1825,0.5426869389
1826,0.5426349517
1827,0.5425821536
1828,0.5425381026
1829,0.5424862132
1830,0.5424326987
1831,0.5423812729
1832,0.5423372898
1833,0.542284388
1834,0.5422332426
1835,0.5421809092
1836,0.542138208
1837,0.5420863669
1838,0.5420353563
1839,0.5419843849
1840,0.5419421217
1841,0.5418905546
1842,0.54183981
1843,0.54179004
1844,0.5417481512
1845,0.5416971215
1846,0.5416483495
1847,0.5415977354
1848,0.5415557528
1849,0.5415046671
1850,0.5414543234
1851,0.5414040989
1852,0.5413621935
1853,0.5413111621
1854,0.541260882
1855,0.5412105704
1856,0.5411686635
1857,0.5411179923
1858,0.5410676565
1859,0.5410176955
1860,0.5409760041
1861,0.5409255594
1862,0.5408756692
1863,0.5408259388
1864,0.5407845988
1865,0.54073434
1866,0.5406846596
1867,0.5406349961
1868,0.5405939034
1869,0.5405435221
1870,0.5404940512
1871,0.5404447401
1872,0.5404040772
1873,0.5403540419
1874,0.5403049786
1875,0.5402558561
1876,0.540215193
1877,0.540165387
1878,0.540116033
1879,0.5400669994
1880,0.5400263346
1881,0.539976415
1882,0.5399273011
1883,0.5398786475
1884,0.5398384417
1885,0.5397886556
1886,0.5397398726
1887,0.5396911141
1888,0.5396508419
1889,0.5396013617
1890,0.5395528138
1891,0.5395042842
1892,0.5394641363
1893,0.5394149266
1894,0.5393666006
1895,0.5393182508
1896,0.5394240775
1897,0.5395801427
1898,0.5397350304
1899,0.5398896852
1900,0.5415941817
1901,0.5416011383
1902,0.5415517733
1903,0.5415025327
1904,0.5414619084
1905,0.5414107568
1906,0.5413607668
1907,0.5413106652
1908,0.5412696206
1909,0.5412189416
1910,0.5411688946
1911,0.5411203051
1912,0.541079423
1913,0.5410293034
1914,0.5409800567
1915,0.5409305351
1916,0.5408899443
1917,0.5408407483
1918,0.5407926098
1919,0.5407453668
1920,0.5407057462
1921,0.5406581034
1922,0.5406109938
1923,0.5405641588
1924,0.5405256535
1925,0.540478348
1926,0.5404315632
1927,0.5403850426
1928,0.5403466892
1929,0.5402993621
1930,0.5402526958
1931,0.5402050523
1932,0.5401671776
1933,0.5401192072
1934,0.5400729227
1935,0.5400254814
1936,0.5399865319
1937,0.539939193
1938,0.5398917234
1939,0.5398447471
1940,0.5398064561
1941,0.539758322
1942,0.5397119334
1943,0.53966559
1944,0.539626661
1945,0.5395784387
1946,0.5395313142
1947,0.5394841423
1948,0.5394449861
1949,0.5393979617
1950,0.5393509913
1951,0.5393043474
1952,0.539265868
1953,0.5392182062
1954,0.5391711883
1955,0.539125173
1956,0.5390873091
1957,0.5390395202
1958,0.5389943342
1959,0.5389481064
1960,0.5389104817
1961,0.5388637896
1962,0.5388181959
1963,0.5387724535
1964,0.5387350596
1965,0.5386884275
1966,0.538642718
1967,0.5385980372
1968,0.538560733
1969,0.5385143413
1970,0.5384688955
1971,0.5384234961
1972,0.538386033
1973,0.5383398974
1974,0.538294329
1975,0.5382481181
1976,0.538211004
1977,0.5381652538
1978,0.5381200193
1979,0.5380747268
1980,0.5380375637
1981,0.5379912045
1982,0.5379461357
1983,0.5379011041
1984,0.5378651318
1985,0.5378198312
1986,0.5377755985
1987,0.5377315835
1988,0.5376938797
1989,0.5376495423
1990,0.5376048324
1991,0.5375591776
1992,0.5375234968
1993,0.5374789077
1994,0.5374344909
1995,0.5373899012
1996,0.537492455
1997,0.5376383149
1998,0.5377834976
1999,0.5379300406
2000,0.539535811
2001,0.5395427183
2002,0.5394967278
2003,0.5394509367
2004,0.5394132827
2005,0.5393663991
2006,0.5393202303
2007,0.5392746618
2008,0.5392381215
2009,0.5391914702
2010,0.5391468022
2011,0.5391012716
2012,0.5390648344
2013,0.5390188544
2014,0.5389742546
2015,0.5389277275
2016,0.538892055
2017,0.5388467036
2018,0.5388002282
2019,0.5387561047
2020,0.5387189944
2021,0.5386739735
2022,0.5386295695
2023,0.5385855035
2024,0.5385493069
2025,0.5385046418
2026,0.5384606515
2027,0.5384166085
2028,0.5383805091
2029,0.5383357549
2030,0.5382918425
2031,0.5382481713
2032,0.53821232
2033,0.5381678563
2034,0.5381240787
2035,0.5380804685
2036,0.5380447179
2037,0.5380002618
2038,0.5379566576
2039,0.5379132407
2040,0.537877833
2041,0.5378336712
2042,0.5377901691
2043,0.5377467931
2044,0.537710467
2045,0.5376662031
2046,0.5376227005
2047,0.5375786499
2048,0.5376969761
2049,0.5376521012
2050,0.5376088686
2051,0.5375656894
2052,0.5375285512
2053,0.5374847521
2054,0.5374416161
2055,0.537397785
2056,0.5373618399
2057,0.5373175654
2058,0.5372738843
2059,0.5372309724
2060,0.5371951556
2061,0.5371512464
2062,0.5371083031
2063,0.5370652538
2064,0.5370290312
2065,0.5369851366
2066,0.5369424583
2067,0.5368987989
2068,0.5368627709
2069,0.5368196922
2070,0.5367770366
2071,0.5367345771
2072,0.5367000668
2073,0.5366563688
2074,0.5366131872
2075,0.5365709363
2076,0.5365364718
2077,0.5364930117
2078,0.5364507712
2079,0.5364086882
2080,0.5363746159
2081,0.5363320619
2082,0.5362898987
2083,0.5362479464
2084,0.5362137072
2085,0.5361713624
2086,0.5361294557
2087,0.536087685
2088,0.5360537284
2089,0.5360116878
2090,0.5359699869
2091,0.535928449
2092,0.5358945818
2093,0.5358527126
2094,0.5358113911
2095,0.5357698752
2096,0.5358663455
2097,0.5360050547
2098,0.5361437543
2099,0.5362826919
2100,0.5377572757
2101,0.5377647963
2102,0.5377222097
2103,0.5376797596
2104,0.5376450405
2105,0.5376024342
2106,0.5375600521
2107,0.5375178689
2108,0.5374841437
2109,0.5374415656
2110,0.5373995215
2111,0.5373574464
2112,0.5373230275
2113,0.5372805738
2114,0.5372385359
2115,0.5371954981
2116,0.5371612177
2117,0.5371188657
2118,0.5370769633
2119,0.5370351031
2120,0.5370001356
2121,0.5369578857
2122,0.5369160473
2123,0.5368743564
2124,0.536839694
2125,0.5367966468
2126,0.5367541323
2127,0.5367126904
2128,0.5366778717
2129,0.5366350027
2130,0.5365924566
2131,0.5365500329
2132,0.5365154526
2133,0.5364736118
2134,0.5364314983
2135,0.5363894692
2136,0.5363547075
2137,0.5363120952
2138,0.5362690337
2139,0.5362274427
2140,0.5361936092
2141,0.5361497759
2142,0.5361072992
2143,0.5360648035
2144,0.536029952
2145,0.5359862118
2146,0.5359430674
2147,0.5359016862
2148,0.5358663188
2149,0.5358238416
2150,0.535782492
2151,0.5357414857
2152,0.5357067202
2153,0.5356653441
2154,0.5356232045
2155,0.5355812936
2156,0.5355466153
2157,0.5355044375
2158,0.5354625178
2159,0.5354213811
2160,0.5353869985
2161,0.5353450693
2162,0.5353039177
2163,0.5352633728
2164,0.5352296936
2165,0.5351881056
2166,0.5351465472
2167,0.5351053088
2168,0.5350722092
2169,0.5350304758
2170,0.5349895866
2171,0.5349476934
2172,0.5349143014
2173,0.5348724927
2174,0.5348309016
2175,0.5347907278
2176,0.5347572714
2177,0.5347161834
2178,0.5346751784
2179,0.534635309
2180,0.5346018394
2181,0.5345603946
2182,0.5345205865
2183,0.5344799987
2184,0.5344468559
2185,0.5344065206
2186,0.5343659535
2187,0.534327081
2188,0.5342940763
2189,0.5342540985
2190,0.5342138874
2191,0.5341746345
2192,0.5341410218
2193,0.5341010033
2194,0.5340606782
2195,0.5340215502
2196,0.5341127529
2197,0.5342436888
2198,0.5343746952
2199,0.5345063255
2200,0.5358852017
2201,0.5358899945
2202,0.5358492356
2203,0.5358093632
2204,0.5357770699
2205,0.5357358461
2206,0.5356960705
2207,0.5356552277
2208,0.5356229603
2209,0.5355829609
2210,0.5355431537
2211,0.5355030653
2212,0.5354701264
2213,0.53542996
2214,0.5353896897
2215,0.5353497876
2216,0.5353182142
2217,0.5352782112
2218,0.5352385359
2219,0.5351985698
2220,0.5351667211
2221,0.5351265428
2222,0.5350869311
2223,0.5350469265
2224,0.5350142146
2225,0.5349739707
2226,0.534934473
2227,0.534894914
2228,0.5348625467
2229,0.5348228768
2230,0.5347828566
2231,0.5347431674
2232,0.5347118763
2233,0.5346719017
2234,0.5346325656
2235,0.5345929948
2236,0.5345617445
2237,0.534521935
2238,0.5344835033
2239,0.534444108
2240,0.5344122773
2241,0.5343734908
2242,0.5343336246
2243,0.5342947999
2244,0.5342637058
2245,0.5342240625
2246,0.5341858668
2247,0.5341469373
2248,0.5341150783
2249,0.5340753612
2250,0.5340363651
2251,0.5339971451
2252,0.5339650083
2253,0.5339250869
2254,0.5338872895
2255,0.5338485974
2256,0.533817407
2257,0.5337784678
2258,0.5337398518
2259,0.533701453
2260,0.5336706177
2261,0.5336319473
2262,0.5335933783
2263,0.5335564046
2264,0.5335252348
2265,0.5334864222
2266,0.5334486542
2267,0.5334104241
2268,0.5333793743
2269,0.5333417442
2270,0.5333040697
2271,0.5332664596
2272,0.5332360616
2273,0.5331981586
2274,0.5331609317
2275,0.5331245865
2276,0.5330946801
2277,0.5330586586
2278,0.5330224836
2279,0.532985423
2280,0.532955249
2281,0.5329187624
2282,0.532881868
2283,0.5328453238
2284,0.5328165098
2285,0.5327797185
2286,0.5327438264
2287,0.5327079316
2288,0.532679075
2289,0.5326428905
2290,0.5326074265
2291,0.5325716586
2292,0.5325430931
2293,0.5325069334
2294,0.5324713465
2295,0.5324358045
2296,0.5325252217
2297,0.5326529679
2298,0.5327813971
2299,0.5329093889
2300,0.5343508917
2301,0.5343591775
2302,0.5343224197
2303,0.5342860176
2304,0.5342568329
2305,0.5342192719
2306,0.5341834323
2307,0.5341463079
2308,0.5341171875
2309,0.5340809669
2310,0.5340449351
2311,0.5340079857
2312,0.5339791494
2313,0.5339408593
2314,0.5339055297
2315,0.533868843
2316,0.5338393935
2317,0.5338029838
2318,0.5337657471
2319,0.5337291263
2320,0.5336998867
2321,0.5336634096
2322,0.5336271848
2323,0.5335907078
2324,0.533561131
2325,0.5335247352
2326,0.5334891871
2327,0.5334532753
2328,0.5334240188
2329,0.533388499
2330,0.5333525701
2331,0.5333174334
2332,0.5332894801
2333,0.5332545623
2334,0.5332195044
2335,0.5331842753
2336,0.5331557075
2337,0.5331203785
2338,0.5330848939
2339,0.5330501002
2340,0.5330217063
2341,0.532986709
2342,0.5329514734
2343,0.5329158665
2344,0.5328879438
2345,0.5328528133
2346,0.532817124
2347,0.5327826846
2348,0.5327541875
2349,0.5327183953
2350,0.5326838513
2351,0.5326484126
2352,0.5326208879
2353,0.5325863411
2354,0.5325513395
2355,0.5325163601
2356,0.5324889449
2357,0.5324540301
2358,0.5324196825
2359,0.53238602
2360,0.5323580984
2361,0.5323243812
2362,0.5322907477
2363,0.5322572105
2364,0.5322304342
2365,0.5321960757
2366,0.5321624811
2367,0.5321290711
2368,0.5321025844
2369,0.5320690639
2370,0.5320349662
2371,0.5320017916
2372,0.5319754455
2373,0.5319414178
2374,0.5319083645
2375,0.5318753036
2376,0.5318487613
2377,0.5318153966
2378,0.5317828148
2379,0.5317502559
2380,0.5317236785
2381,0.5316906109
2382,0.5316578781
2383,0.5316250942
2384,0.5315992143
2385,0.5315660894
2386,0.5315334264
2387,0.5315006601
2388,0.5314748812
2389,0.5314413642
2390,0.5314088029
2391,0.5313757567
2392,0.5313501784
2393,0.5313166674
2394,0.531284323
2395,0.5312514409
2396,0.5313389914
2397,0.5314628475
2398,0.5315871089
2399,0.5317117963
2400,0.5330422198
2401,0.5330511831
2402,0.5330177093
2403,0.5329832049
2404,0.5329567037
2405,0.5329220961
2406,0.5328882294
2407,0.5328545213
2408,0.532826902
2409,0.532793453
2410,0.5327593453
2411,0.5327257072
2412,0.5326990461
2413,0.5326653276
2414,0.5326318855
2415,0.5325984739
2416,0.5325721602
2417,0.5325390534
2418,0.5325055063
2419,0.532472824
2420,0.5324465504
2421,0.5324135827
2422,0.5323809281
2423,0.532348309
2424,0.5323216858
2425,0.5322887853
2426,0.5322561037
2427,0.5322235798
2428,0.5321976522
2429,0.5321648109
2430,0.5321326845
2431,0.5321003366
2432,0.5320744991
2433,0.5320418455
2434,0.5320097968
2435,0.5319776375
2436,0.5319519197
2437,0.5319194293
2438,0.5318867499
2439,0.5318547475
2440,0.5318292219
2441,0.5317968584
2442,0.5317648584
2443,0.5317330439
2444,0.5317072291
2445,0.5316755064
2446,0.5316435579
2447,0.5316118199
2448,0.5315866055
2449,0.5315544325
2450,0.5315222513
2451,0.5314908894
2452,0.5314660734
2453,0.5314343652
2454,0.5314030764
2455,0.5313718863
2456,0.5313469095
2457,0.5313154412
2458,0.5312838119
2459,0.5312522898
2460,0.5312273189
2461,0.5311959522
2462,0.5311651244
2463,0.5311337269
2464,0.5311093658
2465,0.5310782645
2466,0.5310470478
2467,0.5310160691
2468,0.5309919761
2469,0.5309602534
2470,0.5309294345
2471,0.5308989308
2472,0.5308748622
2473,0.530843814
2474,0.5308132238
2475,0.5307826751
2476,0.5307586297
2477,0.5307276798
2478,0.5306971686
2479,0.530667377
2480,0.5306434952
2481,0.5306112218
2482,0.5305805248
2483,0.5305492298
2484,0.5305255058
2485,0.5304941057
2486,0.5304634351
2487,0.5304319645
2488,0.5304082897
2489,0.530376906
2490,0.5303458116
2491,0.5303149964
2492,0.5302913107
2493,0.5302608863
2494,0.5302302556
2495,0.5301996952
2496,0.5302849434
2497,0.5304066025
2498,0.5305273272
2499,0.5306483392
2500,0.5319120334
2501,0.5319229081
2502,0.5318908889
2503,0.5318604584
2504,0.5318362901
2505,0.5318056946
2506,0.5317748907
2507,0.5317440471
2508,0.5317200844
2509,0.5316895185
2510,0.5316591853
2511,0.5316291044
2512,0.5316054963
2513,0.5315752411
2514,0.5315441366
2515,0.5315141243
2516,0.5314900116
2517,0.531603552
2518,0.5315730684
2519,0.5315430906
2520,0.5315195389
2521,0.5314882384
2522,0.531458249
2523,0.5314277749
2524,0.5314048069
2525,0.5313747242
2526,0.5313445829
2527,0.531314904
2528,0.531290307
2529,0.5312599501
2530,0.5312301542
2531,0.5312005479
2532,0.5311771553
2533,0.5311471562
2534,0.5311178199
2535,0.5310883496
2536,0.5310647475
2537,0.5310339017
2538,0.531003119
2539,0.5309731273
2540,0.5309485468
2541,0.5309176869
2542,0.5308871752
2543,0.5308568437
2544,0.5308324939
2545,0.5308016923
2546,0.5307712829
2547,0.5307409511
2548,0.5307166543
2549,0.5306857066
2550,0.5306554089
2551,0.5306253959
2552,0.5306012476
2553,0.5305706467
2554,0.5305403017
2555,0.5305104588
2556,0.5304862721
2557,0.5304561863
2558,0.530427325
2559,0.5303975322
2560,0.5303744602
2561,0.5303444694
2562,0.5303151544
2563,0.5302857795
2564,0.5302623119
2565,0.53023249
2566,0.5302034302
2567,0.5301744641
2568,0.5301514662
2569,0.5301217613
2570,0.5300925477
2571,0.5300635404
2572,0.5300395695
2573,0.530010021
2574,0.5299802269
2575,0.5299506644
2576,0.5299274622
2577,0.5298972904
2578,0.5298680354
2579,0.5298384257
2580,0.5298154128
2581,0.5297852014
2582,0.5297554368
2583,0.5297261313
2584,0.5297032417
2585,0.5296734748
2586,0.5296438643
2587,0.5296153818
2588,0.5295923817
2589,0.5295635428
2590,0.5295342523
2591,0.5295057037
2592,0.5294829972
2593,0.5294541113
2594,0.5294251785
2595,0.5293962501
2596,0.5294787002
2597,0.5295957868
2598,0.5297133769
2599,0.5298306826
2600,0.5311597665
2601,0.5311702467
2602,0.5311412265
2603,0.53111217
2604,0.5310892829
2605,0.5310598299
2606,0.5310308543
2607,0.5310021816
2608,0.5309795203
2609,0.5309501074
2610,0.5309212704
2611,0.5308921438
2612,0.530869469
2613,0.5308408129
2614,0.5308122212
2615,0.5307834822
2616,0.5307601606
2617,0.530730403
2618,0.5307013586
2619,0.5306723701
2620,0.5306496889
2621,0.5306201867
2622,0.5305913734
2623,0.5305617015
2624,0.5305387972
2625,0.5305081882
2626,0.530478281
2627,0.5304494817
2628,0.530425879
2629,0.5303963685
2630,0.5303667541
2631,0.5303379268
2632,0.5303150321
2633,0.5302851447
2634,0.5302558823
2635,0.530227232
2636,0.5302048522
2637,0.5301757032
2638,0.5301468777
2639,0.5301182332
2640,0.530095799
2641,0.5300661008
2642,0.530037448
2643,0.5300081559
2644,0.5299856961
2645,0.5299564042
2646,0.5299278039
2647,0.5298987569
2648,0.5298752039
2649,0.5298459768
2650,0.5298175793
2651,0.5297890693
2652,0.5297660287
2653,0.5297369056
2654,0.5297084108
2655,0.5296800016
2656,0.5296577335
2657,0.529627972
2658,0.5295992046
2659,0.5295705817
2660,0.5295479096
2661,0.5295187284
2662,0.5294904133
2663,0.5294616607
2664,0.5294386088
2665,0.5294098211
2666,0.529381709
2667,0.5293531358
2668,0.529330236
2669,0.5293014625
2670,0.5292720151
2671,0.5292439361
2672,0.5292219763
2673,0.5291932918
2674,0.529165376
2675,0.5291369596
2676,0.5291151917
2677,0.5290865476
2678,0.5290576994
2679,0.5290291736
2680,0.5290066675
2681,0.5289775716
2682,0.5289489109
2683,0.528920403
2684,0.5288979743
2685,0.528868502
2686,0.5288398849
2687,0.5288115387
2688,0.528789079
2689,0.5287599789
2690,0.5287314747
2691,0.5287029391
2692,0.528681322
2693,0.5286521783
2694,0.5286239708
2695,0.5285956998
2696,0.5286742892
2697,0.5287855237
2698,0.5288969044
2699,0.5290085105
2700,0.5301159883
2701,0.5301250757
2702,0.5300963156
2703,0.5300678083
2704,0.5300450431
2705,0.5300157588
2706,0.5299862818
2707,0.5299578382
2708,0.5299345535
2709,0.5299051373
2710,0.5298758072
2711,0.5298473623
2712,0.5298250017
2713,0.5297960048
2714,0.5297663826
2715,0.5297379897
2716,0.5297156559
2717,0.5296860642
2718,0.5296566068
2719,0.5296279655
2720,0.5296056593
2721,0.5295755409
2722,0.5295466641
2723,0.5295185456
2724,0.5294959899
2725,0.5294662585
2726,0.5294379665
2727,0.5294096722
2728,0.5293868824
2729,0.5293573458
2730,0.5293287614
2731,0.5292999444
2732,0.5292772142
2733,0.5292478312
2734,0.5292190674
2735,0.5291909476
2736,0.5291683998
2737,0.5291394733
2738,0.5291110623
2739,0.529082003
2740,0.5290597048
2741,0.5290310881
2742,0.529002972
2743,0.5289737991
2744,0.5289517817
2745,0.5289232002
2746,0.5288950132
2747,0.5288674504
2748,0.5288450705
2749,0.5288157818
2750,0.5287873918
2751,0.528758677
2752,0.5287355808
2753,0.5287065558
2754,0.5286785171
2755,0.5286503077
2756,0.528628223
2757,0.528599362
2758,0.5285720932
2759,0.5285437547
2760,0.5285217358
2761,0.5284932153
2762,0.5284650369
2763,0.5284378041
2764,0.5284157558
2765,0.5283872428
2766,0.5283593797
2767,0.5283310747
2768,0.5283094589
2769,0.5282808754
2770,0.5282531068
2771,0.5282257453
2772,0.5282037727
2773,0.5281753505
2774,0.5281479298
2775,0.5281205317
2776,0.5280995615
2777,0.5280719272
2778,0.5280443518
2779,0.5280171389
2780,0.5279961038
2781,0.527968007
2782,0.5279407916
2783,0.527913698
2784,0.5278933787
2785,0.5278666411
2786,0.5278398133
2787,0.5278123528
2788,0.5277918297
2789,0.5277644963
2790,0.5277384288
2791,0.527711731
2792,0.5276912576
2793,0.5276639897
2794,0.5276377264
2795,0.5276114933
2796,0.5276894003
2797,0.52780026
2798,0.5279113149
2799,0.5280220618
2800,0.5291130963
2801,0.5291245055
2802,0.5290981115
2803,0.5290712041
2804,0.5290502754
2805,0.529023462
2806,0.5289975002
2807,0.5289708888
2808,0.5289500062
2809,0.5289229453
2810,0.5288967737
2811,0.5288713022
2812,0.5288511385
2813,0.5288244519
2814,0.5287985208
2815,0.5287719622
2816,0.5287521516
2817,0.5287257647
2818,0.5287000187
2819,0.5286734721
2820,0.5286534919
2821,0.528627067
2822,0.5286003913
2823,0.5285738083
2824,0.5285529866
2825,0.5285268055
2826,0.5285007037
2827,0.5284744968
2828,0.5284534186
2829,0.5284270737
2830,0.5284010218
2831,0.5283757771
2832,0.5283562973
2833,0.5283298267
2834,0.528304032
2835,0.5282783496
2836,0.5282582686
2837,0.5282313135
2838,0.528205918
2839,0.5281809782
2840,0.5281617136
2841,0.5281359977
2842,0.5281102402
2843,0.5280846101
2844,0.5280646827
2845,0.528039617
2846,0.5280141768
2847,0.5279888931
2848,0.5279693383
2849,0.5279443141
2850,0.5279187263
2851,0.52789312
2852,0.5278736934
2853,0.5278481707
2854,0.5278238639
2855,0.5277982577
2856,0.5277787807
2857,0.527753874
2858,0.5277293798
2859,0.5277042937
2860,0.5276861142
2861,0.5276612761
2862,0.5276362523
2863,0.5276117831
2864,0.5275931922
2865,0.527568366
2866,0.5275441765
2867,0.5275199591
2868,0.5275017476
2869,0.5274770922
2870,0.5274531852
2871,0.5274290934
2872,0.5274108541
2873,0.527386582
2874,0.5273625203
2875,0.5273385864
2876,0.5273205564
2877,0.5272961818
2878,0.527272089
2879,0.527248796
2880,0.5272310532
2881,0.5272072238
2882,0.5271832751
2883,0.5271600979
2884,0.5271416851
2885,0.527118101
2886,0.5270948256
2887,0.5270707732
2888,0.5270532061
2889,0.5270290831
2890,0.5270051043
2891,0.526981993
2892,0.5269641619
2893,0.5269396697
2894,0.5269155858
2895,0.5268916386
2896,0.5269697421
2897,0.5270798313
2898,0.5271905604
2899,0.527300729
2900,0.5288708597
2901,0.5288664722
2902,0.5288272886
2903,0.528788312
2904,0.5287552264
2905,0.5287159128
2906,0.5286767414
2907,0.5286376028
2908,0.5286047059
2909,0.528565414
2910,0.5285264145
2911,0.5284874067
2912,0.5284542991
2913,0.5284151697
2914,0.5283760411
2915,0.5283371465
2916,0.5283042825
2917,0.5282651462
2918,0.5282263
2919,0.5281883399
2920,0.5281561646
2921,0.5281177067
2922,0.5280794615
2923,0.5280413561
2924,0.5280093517
2925,0.5279710853
2926,0.5279331031
2927,0.5278945046
2928,0.5278626562
2929,0.5278239044
2930,0.5277860138
2931,0.5277482028
2932,0.5277157211
2933,0.527677763
2934,0.5276400498
2935,0.5276024316
2936,0.5275707415
2937,0.527532846
2938,0.5274953741
2939,0.5274583707
2940,0.527427001
2941,0.5273895323
2942,0.5273523146
2943,0.527315118
2944,0.5272839025
2945,0.5272467091
2946,0.5272099524
2947,0.5271736868
2948,0.527143021
2949,0.5271059419
2950,0.5270692012
2951,0.5270324247
2952,0.5270015599
2953,0.5269643452
2954,0.5269274922
2955,0.526890917
2956,0.526860325
2957,0.5268233681
2958,0.5267866912
2959,0.5267501785
2960,0.5267195409
2961,0.5266827399
2962,0.5266465627
2963,0.5266105979
2964,0.5265805579
2965,0.5265441743
2966,0.5265079788
2967,0.5264720845
2968,0.5264421444
2969,0.5264061657
2970,0.5263701664
2971,0.5263343965
2972,0.5263046541
2973,0.5262683835
2974,0.5262329297
2975,0.5261977575
2976,0.5261684262
2977,0.5261333435
2978,0.5260984048
2979,0.5260633961
2980,0.526034299
2981,0.5259989788
2982,0.5259639604
2983,0.5259289604
2984,0.5258999864
2985,0.5258647345
2986,0.5258297595
2987,0.5257948408
2988,0.5257659238
2989,0.5257307254
2990,0.5256958913
2991,0.5256611667
2992,0.5256325443
2993,0.5255976016
2994,0.5255627096
2995,0.5255274222
2996,0.5255846992
2997,0.5256704254
2998,0.5257555259
2999,0.5258417759
3000,0.5268889137
3001,0.5268880644
3002,0.526853101
3003,0.5268171931
3004,0.5267880899
3005,0.5267530084
3006,0.5267180294
3007,0.5266831424
3008,0.5266535339
3009,0.526618379
3010,0.5265828179
3011,0.5265479468
3012,0.526518624
3013,0.5264831406
3014,0.5264484954
3015,0.526413973
3016,0.526385431
3017,0.5263506922
3018,0.5263163238
3019,0.5262816555
3020,0.5262531838
3021,0.5262178881
3022,0.5261836441
3023,0.5261484981
3024,0.5261203012
3025,0.5260861152
3026,0.5260521047
3027,0.5260186764
3028,0.5259905762
3029,0.5259562727
3030,0.5259222454
3031,0.5258881553
3032,0.5258598812
3033,0.5258257065
3034,0.5257917639
3035,0.5257578958
3036,0.5257298364
3037,0.5256958795
3038,0.5256620974
3039,0.5256283292
3040,0.5256003983
3041,0.5255664992
3042,0.5255327047
3043,0.5254991561
3044,0.5254713224
3045,0.5254375278
3046,0.5254040472
3047,0.5253704798
3048,0.5253427269
3049,0.5253091899
3050,0.5252757969
3051,0.525242433
3052,0.5252151873
3053,0.5251816945
3054,0.5251488575
3055,0.525115733
3056,0.5250884897
3057,0.5250558723
3058,0.5250227516
3059,0.5249897454
3060,0.5249628625
3061,0.5249297548
3062,0.5248969421
3063,0.5248642353
3064,0.5248372444
3065,0.5248042638
3066,0.5247715194
3067,0.5247387715
3068,0.5247120772
3069,0.5246791386
3070,0.5246465139
3071,0.5246140561
3072,0.5245873816
3073,0.524554789
3074,0.5245224238
3075,0.5244902037
3076,0.5244631588
3077,0.5244308429
3078,0.5243985064
3079,0.524366148
3080,0.5243402055
3081,0.5243077166
3082,0.524275821
3083,0.5242437815
3084,0.5242176561
3085,0.5241845773
3086,0.5241524033
3087,0.5241203649
3088,0.524094135
3089,0.5240621749
3090,0.524029553
3091,0.5239968279
3092,0.5239706758
3093,0.5239384655
3094,0.5239060836
3095,0.523874211
3096,0.5239321545
3097,0.5240185729
3098,0.5241049625
3099,0.5241907262
3100,0.525222592
3101,0.5252245859
3102,0.5251928459
3103,0.5251612107
3104,0.5251353074
3105,0.5251028649
3106,0.5250712372
3107,0.5250396804
3108,0.5250135988
3109,0.5249819485
3110,0.524950669
3111,0.5249193552
3112,0.5248939895
3113,0.524862794
3114,0.5248318674
3115,0.5248011913
3116,0.5247760193
3117,0.5247446746
3118,0.5247137042
3119,0.5246827831
3120,0.5246579066
3121,0.5246267133
3122,0.5245957006
3123,0.5245647828
3124,0.5245398444
3125,0.5245086542
3126,0.52447782
3127,0.5244471875
3128,0.5244223073
3129,0.5243914627
3130,0.5243607529
3131,0.5243300477
3132,0.5243053513
3133,0.5242744566
3134,0.5242438008
3135,0.5242133506
3136,0.5241886767
3137,0.5241578969
3138,0.5241273243
3139,0.5240969126
3140,0.5240723982
3141,0.5240418511
3142,0.5240115817
3143,0.5239813846
3144,0.5239576993
3145,0.5239274447
3146,0.5238975025
3147,0.5238676078
3148,0.5238434318
3149,0.5238131353
3150,0.5237832441
3151,0.5237533528
3152,0.5237292173
3153,0.5236989919
3154,0.5236690216
3155,0.5236391684
3156,0.5236152254
3157,0.5235853312
3158,0.5235554707
3159,0.5235256778
3160,0.5235018528
3161,0.5234717727
3162,0.5234420641
3163,0.5234123812
3164,0.523388744
3165,0.5233588811
3166,0.5233293117
3167,0.5232996917
3168,0.5232759804
3169,0.5232462406
3170,0.5232166824
3171,0.5231871947
3172,0.5231635755
3173,0.5231338503
3174,0.523104355
3175,0.5230750409
3176,0.523051513
3177,0.523021933
3178,0.5229927083
3179,0.5229637505
3180,0.5229409339
3181,0.5229120704
3182,0.522883525
3183,0.5228549714
3184,0.5228323863
3185,0.5228037456
3186,0.5227752803
3187,0.5227468483
3188,0.5227244381
3189,0.5226957732
3190,0.5226668519
3191,0.5226384804
3192,0.5226161061
3193,0.5225877458
3194,0.5225601559
3195,0.522531999
3196,0.5225918504
3197,0.5226794685
3198,0.5227670968
3199,0.522854997
3200,0.5237769491
3201,0.5237818297
3202,0.5237535074
3203,0.5237254578
3204,0.5237030039
3205,0.5236742151
3206,0.523645827
3207,0.5236175512
3208,0.5235946201
3209,0.5235660626
3210,0.5235379365
3211,0.5235096043
3212,0.5234875305
3213,0.5234591445
3214,0.5234310087
3215,0.5234030602
3216,0.5233810151
3217,0.523352706
3218,0.523324681
3219,0.5232969355
3220,0.5232749476
3221,0.5232470399
3222,0.5232191189
3223,0.5231914274
3224,0.5231704529
3225,0.5231424396
3226,0.523114649
3227,0.5230869196
3228,0.5230651491
3229,0.5230373006
3230,0.5230098252
3231,0.5229823843
3232,0.5229606451
3233,0.5229329475
3234,0.5229053712
3235,0.5228780173
3236,0.5228565173
3237,0.5228287703
3238,0.5228013916
3239,0.522774123
3240,0.5227527355
3241,0.5227251805
3242,0.5226977926
3243,0.5226704376
3244,0.5226489746
3245,0.5226213927
3246,0.5225940879
3247,0.5225668448
3248,0.5225455119
3249,0.5225182523
3250,0.5224910354
3251,0.5224638489
3252,0.5224424454
3253,0.5224150372
3254,0.5223879254
3255,0.5223607191
3256,0.5223394115
3257,0.5223121119
3258,0.5222849561
3259,0.522258075
3260,0.522236948
3261,0.5222096157
3262,0.5221825581
3263,0.5221556836
3264,0.5221339208
3265,0.5221067144
3266,0.5220798352
3267,0.5220525054
3268,0.5220317161
3269,0.5220050189
3270,0.5219778373
3271,0.5219515234
3272,0.5219302612
3273,0.521903602
3274,0.5218771531
3275,0.5218508689
3276,0.5218302885
3277,0.5218036897
3278,0.5217776025
3279,0.5217508341
3280,0.5217303932
3281,0.5217046898
3282,0.5216786272
3283,0.5216525131
3284,0.5216323411
3285,0.5216059872
3286,0.5215798446
3287,0.5215539553
3288,0.5215336339
3289,0.5215074774
3290,0.5214813418
3291,0.5214555064
3292,0.5214353005
3293,0.5214092442
3294,0.5213832654
3295,0.5213575009
3296,0.5214178943
3297,0.5215054516
3298,0.5215931888
3299,0.5216808416
3300,0.5226867021
3301,0.5226938049
3302,0.52266791
3303,0.522642129
3304,0.5226219212
3305,0.5225956524
3306,0.5225695668
3307,0.5225437163
3308,0.5225236001
3309,0.5224977034
3310,0.5224719309
3311,0.5224468271
3312,0.5224268279
3313,0.5224007999
3314,0.5223750923
3315,0.5223493707
3316,0.5223293432
3317,0.5223033698
3318,0.5222776714
3319,0.5222520657
3320,0.5222322199
3321,0.522206328
3322,0.5221805825
3323,0.5221550684
3324,0.5221352157
3325,0.5221095062
3326,0.522084015
3327,0.5220587715
3328,0.5220393435
3329,0.5220139101
3330,0.5219886048
3331,0.5219634201
3332,0.5219438966
3333,0.5219182165
3334,0.5218920615
3335,0.521866578
3336,0.5218470099
3337,0.5218214688
3338,0.5217960326
3339,0.5217699576
3340,0.5217502984
3341,0.5217242239
3342,0.5216981381
3343,0.5216729121
3344,0.5216527634
3345,0.5216265674
3346,0.52160057
3347,0.5215750616
3348,0.5215553425
3349,0.5215290485
3350,0.5215029755
3351,0.5214776835
3352,0.5214570989
3353,0.5214310451
3354,0.5214053059
3355,0.5213795202
3356,0.5213592323
3357,0.5213330575
3358,0.5213073974
3359,0.5212818405
3360,0.5212617127
3361,0.521236693
3362,0.5212109867
3363,0.5211852889
3364,0.5211657586
3365,0.5211397517
3366,0.5211145401
3367,0.5210897466
3368,0.5210702045
3369,0.5210447779
3370,0.5210195643
3371,0.5209946082
3372,0.5209751499
3373,0.5209497845
3374,0.5209249122
3375,0.5209000533
3376,0.520880573
3377,0.5208555126
3378,0.5208305337
3379,0.5208056306
3380,0.5207865289
3381,0.5207614292
3382,0.520736608
3383,0.5207118414
3384,0.5206927961
3385,0.5206678701
3386,0.5206430667
3387,0.5206185492
3388,0.5205993015
3389,0.5205743721
3390,0.5205499203
3391,0.520525927
3392,0.520507207
3393,0.5204827924
3394,0.5204582024
3395,0.5204337279
3396,0.5204932178
3397,0.5205794921
3398,0.5206661424
3399,0.5207531004
3400,0.5218484754
3401,0.5218593491
3402,0.5218378449
3403,0.5218170453
3404,0.5218001518
3405,0.5217795834
3406,0.5217586002
3407,0.521736851
3408,0.5217199673
3409,0.5216987812
3410,0.5216772632
3411,0.521656303
3412,0.5216393811
3413,0.5216188285
3414,0.5215978341
3415,0.5215762612
3416,0.5215589947
3417,0.5215382249
3418,0.5215170123
3419,0.5214953977
3420,0.5214780194
3421,0.521456862
3422,0.5214351831
3423,0.5214143502
3424,0.5213970654
3425,0.5213766047
3426,0.5213550885
3427,0.5213336424
3428,0.5213163152
3429,0.5212952423
3430,0.5212739149
3431,0.5212527232
3432,0.5212357759
3433,0.5212150904
3434,0.5211941201
3435,0.5211731254
3436,0.5211563369
3437,0.521135869
3438,0.5211146878
3439,0.5210933266
3440,0.5210766752
3441,0.5210561772
3442,0.5210346779
3443,0.5210132614
3444,0.5209963348
3445,0.5209753311
3446,0.5209541889
3447,0.5209333041
3448,0.5209173857
3449,0.5208973026
3450,0.5208768607
3451,0.5208562712
3452,0.5208395472
3453,0.5208190742
3454,0.5207985827
3455,0.5207780914
3456,0.5207616518
3457,0.5207416352
3458,0.5207213268
3459,0.5207009527
3460,0.5206845272
3461,0.5206642683
3462,0.5206436652
3463,0.520623312
3464,0.5206067458
3465,0.5205869175
3466,0.5205665776
3467,0.5205458184
3468,0.5205296955
3469,0.5205101673
3470,0.5204900653
3471,0.5204698776
3472,0.5204537955
3473,0.5204334726
3474,0.5204129232
3475,0.5203928887
3476,0.5203767215
3477,0.520357075
3478,0.5203370338
3479,0.5203168949
3480,0.5203001917
3481,0.5202806629
3482,0.5202607651
3483,0.52024061
3484,0.5202240968
3485,0.5202045698
3486,0.5201846915
3487,0.5201648898
3488,0.5201482715
3489,0.5201289377
3490,0.5201087399
3491,0.5200884182
3492,0.5200721264
3493,0.5200527014
3494,0.5200328179
3495,0.5200125825
3496,0.5200774183
3497,0.5201695817
3498,0.5202614972
3499,0.5203542397
3500,0.5211907789
3501,0.5212021837
3502,0.5211818251
3503,0.5211618271
3504,0.5211458441
3505,0.5211258195
3506,0.5211059011
3507,0.5210856077
3508,0.521069401
3509,0.521049838
3510,0.5210295642
3511,0.5210096544
3512,0.5209936977
3513,0.5209739826
3514,0.5209535342
3515,0.5209333925
3516,0.520917181
3517,0.5208978053
3518,0.5208778492
3519,0.520857933
3520,0.5208411132
3521,0.5208221078
3522,0.5208018988
3523,0.5207820393
3524,0.5207658965
3525,0.5207465903
3526,0.5207264563
3527,0.5207070713
3528,0.5206906135
3529,0.5206711955
3530,0.5206516075
3531,0.5206319915
3532,0.5206163367
3533,0.5205970515
3534,0.5205775001
3535,0.5205576891
3536,0.5205416188
3537,0.5205221424
3538,0.5205023325
3539,0.520483017
3540,0.5204676939
3541,0.5204483779
3542,0.5204289021
3543,0.5204091481
3544,0.5203937961
3545,0.5203748465
3546,0.5203553935
3547,0.5203356486
3548,0.5203205958
3549,0.5203016516
3550,0.5202822897
3551,0.5202628116
3552,0.5202474631
3553,0.5202285614
3554,0.5202093459
3555,0.5201900059
3556,0.5201741077
3557,0.5201554517
3558,0.5201364733
3559,0.5201173754
3560,0.5201016233
3561,0.5200827935
3562,0.5200637535
3563,0.520044668
3564,0.5200299044
3565,0.5200114675
3566,0.5199926609
3567,0.5199740121
3568,0.5199591567
3569,0.5199407472
3570,0.5199215464
3571,0.5199026234
3572,0.5198876888
3573,0.519869231
3574,0.5198502878
3575,0.5198314113
3576,0.5198159378
3577,0.5197978174
3578,0.5197785044
3579,0.5197595628
3580,0.5197446152
3581,0.5197263092
3582,0.5197074561
3583,0.5196886086
3584,0.5196737252
3585,0.519655057
3586,0.5196362833
3587,0.5196175649
3588,0.5196027256
3589,0.5195844768
3590,0.5195653089
3591,0.5195465663
3592,0.5195312205
3593,0.519512509
3594,0.5194937645
3595,0.5194751177
3596,0.5195393781
3597,0.5196299907
3598,0.5197207676
3599,0.5198118573
3600,0.5207198977
3601,0.5207317283
3602,0.5207127769
3603,0.5206937892
3604,0.5206782904
3605,0.5206597584
3606,0.520641444
3607,0.5206227761
3608,0.5206079383
3609,0.5205899617
3610,0.5205713574
3611,0.5205528553
3612,0.5205382454
3613,0.5205203592
3614,0.5205015059
3615,0.5204830271
3616,0.5204678236
3617,0.5204499831
3618,0.5204317044
3619,0.5204135651
3620,0.5203989367
3621,0.5203811099
3622,0.5203626628
3623,0.5203442736
3624,0.5203301105
3625,0.5203123917
3626,0.5202938193
3627,0.520275807
3628,0.5202614859
3629,0.5202437913
3630,0.5202258568
3631,0.5202078942
3632,0.5201938509
3633,0.5201763588
3634,0.5201582901
3635,0.5201403252
3636,0.5201262161
3637,0.5201086701
3638,0.5200906802
3639,0.5200728136
3640,0.5200587291
3641,0.5200412894
3642,0.5200232999
3643,0.5200054054
3644,0.5199914041
3645,0.5199740371
3646,0.5199563491
3647,0.519938756
3648,0.5199248322
3649,0.5199077335
3650,0.5198901933
3651,0.5198728124
3652,0.5198588383
3653,0.5198415202
3654,0.5198233286
3655,0.5198055533
3656,0.5197916736
3657,0.5197744202
3658,0.5197566806
3659,0.5197386038
3660,0.5197248748
3661,0.5197079102
3662,0.5196904533
3663,0.5196728381
3664,0.5196590134
3665,0.5196419202
3666,0.519624278
3667,0.5196066955
3668,0.5195925074
3669,0.5195755763
3670,0.5195583577
3671,0.5195413148
3672,0.5195281416
3673,0.5195114479
3674,0.5194940017
3675,0.5194770317
3676,0.5194639806
3677,0.5194470335
3678,0.5194297533
3679,0.519412272
3680,0.5193986303
3681,0.519381233
3682,0.519363768
3683,0.51934642
3684,0.5193330074
3685,0.5193156522
3686,0.5192978222
3687,0.5192804518
3688,0.5192668285
3689,0.519249911
3690,0.5192325762
3691,0.5192153131
3692,0.519201787
3693,0.5191852316
3694,0.5191679741
3695,0.5191506154
3696,0.5192149795
3697,0.5193052419
3698,0.5193954043
3699,0.5194859354
3700,0.5203557173
3701,0.520368768
3702,0.5203514066
3703,0.5203338928
3704,0.520320462
3705,0.5203033899
3706,0.5202861778
3707,0.5202688397
3708,0.5202547682
3709,0.520237757
3710,0.5202205503
3711,0.5202028441
3712,0.5201894422
3713,0.5201725992
3714,0.5201552812
3715,0.520138034
3716,0.5201244656
3717,0.5201075712
3718,0.5200898751
3719,0.5200724228
3720,0.5200591095
3721,0.5200423641
3722,0.520025203
3723,0.5200080049
3724,0.5199943283
3725,0.5199776755
3726,0.5199605621
3727,0.5199436255
3728,0.5199305112
3729,0.5199138498
3730,0.5198968487
3731,0.5198798654
3732,0.5198666478
3733,0.5198496012
3734,0.5198326903
3735,0.5198153296
3736,0.5198021857
3737,0.5197857606
3738,0.5197690242
3739,0.5197522762
3740,0.5197391999
3741,0.5197230038
3742,0.5197063641
3743,0.5196895847
3744,0.5196764438
3745,0.5196594468
3746,0.5196426877
3747,0.5196261671
3748,0.5196133528
3749,0.5195969508
3750,0.5195802645
3751,0.5195634296
3752,0.5195497728
3753,0.5195334728
3754,0.5195162712
3755,0.5194991127
3756,0.5194859852
3757,0.519469743
3758,0.5194526111
3759,0.5194360413
3760,0.5194230099
3761,0.5194067752
3762,0.5193900871
3763,0.5193736298
3764,0.5193602793
3765,0.5193439909
3766,0.5193272187
3767,0.5193105546
3768,0.5192975876
3769,0.5192815348
3770,0.519264768
3771,0.5192480082
3772,0.5192345726
3773,0.5192184973
3774,0.5192018987
3775,0.519184815
3776,0.5191717752
3777,0.5191553007
3778,0.5191386787
3779,0.5191221285
3780,0.5191094176
3781,0.5190927171
3782,0.5190762414
3783,0.519059604
3784,0.5190467013
3785,0.5190305191
3786,0.5190139225
3787,0.5189973059
3788,0.5189844886
3789,0.5189683357
3790,0.5189517494
3791,0.5189346873
3792,0.5189217829
3793,0.518905798
3794,0.5188888918
3795,0.5188721703
3796,0.5189345281
3797,0.5190230792
3798,0.5191119488
3799,0.5192007048
3800,0.5199649705
3801,0.5199782172
3802,0.5199615611
3803,0.5199450649
3804,0.5199320076
3805,0.5199157779
3806,0.5198991267
3807,0.5198825515
3808,0.5198695959
3809,0.5198534284
3810,0.5198368451
3811,0.5198198236
3812,0.5198068738
3813,0.5197902711
3814,0.5197738841
3815,0.519757635
3816,0.5197448784
3817,0.5197287301
3818,0.5197123902
3819,0.5196960918
3820,0.5196832562
3821,0.5196672824
3822,0.5196508492
3823,0.5196344672
3824,0.519621661
3825,0.5196056557
3826,0.5195892372
3827,0.5195728535
3828,0.5195600489
3829,0.5195436494
3830,0.5195273391
3831,0.5195110535
3832,0.5194978454
3833,0.5194818777
3834,0.5194651602
3835,0.5194487863
3836,0.5194360167
3837,0.5194200326
3838,0.5194036778
3839,0.5193873015
3840,0.5193746084
3841,0.5193581623
3842,0.5193413101
3843,0.5193248833
3844,0.5193118254
3845,0.5192959286
3846,0.5192792509
3847,0.5192631299
3848,0.5192503844
3849,0.5192345309
3850,0.5192181266
3851,0.5192019116
3852,0.5191889103
3853,0.5191731202
3854,0.5191565539
3855,0.5191403283
3856,0.5191273181
3857,0.5191115768
3858,0.5190955109
3859,0.5190792819
3860,0.5190663147
3861,0.5190507229
3862,0.5190344347
3863,0.5190177298
3864,0.5190051483
3865,0.5189893644
3866,0.5189732073
3867,0.518957072
3868,0.5189439003
3869,0.5189277752
3870,0.5189118505
3871,0.5188955565
3872,0.518882841
3873,0.5188669849
3874,0.5188507537
3875,0.5188346241
3876,0.518822088
3877,0.5188060268
3878,0.5187894479
3879,0.5187733347
3880,0.5187607529
3881,0.5187451683
3882,0.5187289698
3883,0.5187131428
3884,0.5187005201
3885,0.5186848865
3886,0.5186684521
3887,0.5186525722
3888,0.5186403802
3889,0.5186250406
3890,0.5186089567
3891,0.5185929731
3892,0.5185800617
3893,0.5185645175
3894,0.5185489373
3895,0.518532727
3896,0.5185942486
3897,0.5186806201
3898,0.5187673375
3899,0.5188542558
3900,0.5196927935
3901,0.5197056172
3902,0.5196895925
3903,0.5196731942
3904,0.5196600763
3905,0.519643711
3906,0.5196275885
3907,0.5196110334
3908,0.5195984199
3909,0.5195822327
3910,0.5195657862
3911,0.5195496305
3912,0.5195371229
3913,0.5195216212
3914,0.5195051624
3915,0.5194884021
3916,0.5194759012
3917,0.5194604917
3918,0.5194444581
3919,0.5194283157
3920,0.5194158961
3921,0.5194005053
3922,0.5193847725
3923,0.5193687802
3924,0.5193558812
3925,0.5193400803
3926,0.5193242214
3927,0.5193077644
3928,0.5192955389
3929,0.5192802244
3930,0.519264341
3931,0.5192486203
3932,0.5192362611
3933,0.5192206273
3934,0.5192047418
3935,0.519188863
3936,0.5191765046
3937,0.5191607428
3938,0.5191449797
3939,0.5191292576
3940,0.5191167266
3941,0.5191017106
3942,0.519086289
3943,0.5190707392
3944,0.5190585735
3945,0.5190429733
3946,0.519027419
3947,0.5190111979
3948,0.5189984877
3949,0.5189833089
3950,0.5189673837
3951,0.5189515002
3952,0.5189393314
3953,0.5189239795
3954,0.5189082463
3955,0.5188924847
3956,0.5188801497
3957,0.518864874
3958,0.518848657
3959,0.5188329785
3960,0.5188206263
3961,0.5188050776
3962,0.5187889443
3963,0.518773255
3964,0.5187610228
3965,0.5187461212
3966,0.5187308613
3967,0.5187150934
3968,0.51870253
3969,0.5186871529
3970,0.5186714967
3971,0.5186559826
3972,0.5186440284
3973,0.5186292133
3974,0.5186137153
3975,0.5185976685
3976,0.5185856088
3977,0.5185709194
3978,0.518555371
3979,0.5185399754
3980,0.5185279366
3981,0.5185130466
3982,0.5184975773
3983,0.5184821122
3984,0.5184704658
3985,0.5184555773
3986,0.5184403641
3987,0.5184247887
3988,0.518412465
3989,0.5183980712
3990,0.5183826982
3991,0.518367626
3992,0.518356432
3993,0.5183420594
3994,0.5183270348
3995,0.5183114035
3996,0.5183721168
3997,0.5184570812
3998,0.5185418403
3999,0.5186264735
4000,0.5194071846
4001,0.5194198992
4002,0.5194037943
4003,0.5193881716
4004,0.5193761262
4005,0.5193609414
4006,0.519345501
4007,0.5193300553
4008,0.5193178087
4009,0.5193031038
4010,0.5192875504
4011,0.5192719232
4012,0.5192595506
4013,0.519244868
4014,0.5192294685
4015,0.5192138716
4016,0.5192014679
4017,0.5191866937
4018,0.5191706684
4019,0.5191549455
4020,0.5191429515
4021,0.5191276589
4022,0.519112325
4023,0.5190971597
4024,0.5190850972
4025,0.519070216
4026,0.5190544958
4027,0.5190387492
4028,0.5190262515
4029,0.5190108496
4030,0.5189954499
4031,0.5189798505
4032,0.518968116
4033,0.518952918
4034,0.5189371563
4035,0.518921795
4036,0.5189098378
4037,0.5188949889
4038,0.5188795348
4039,0.5188641609
4040,0.5188522787
4041,0.5188374476
4042,0.5188221194
4043,0.5188068744
4044,0.518794686
4045,0.5187799074
4046,0.5187645853
4047,0.5187492725
4048,0.5187372262
4049,0.5187220423
4050,0.5187066318
4051,0.5186912632
4052,0.5186793142
4053,0.5186645048
4054,0.5186492687
4055,0.5186334929
4056,0.5186212881
4057,0.5186063862
4058,0.5185912203
4059,0.5185755918
4060,0.5185634856
4061,0.5185488753
4062,0.518533684
4063,0.5185186609
4064,0.5185070096
4065,0.5184920855
4066,0.5184769955
4067,0.5184617205
4068,0.5184496488
4069,0.5184349658
4070,0.5184197685
4071,0.5184041903
4072,0.5183920293
4073,0.5183773761
4074,0.5183620315
4075,0.5183469751
4076,0.518334864
4077,0.518320313
4078,0.518305135
4079,0.5182899659
4080,0.5182781137
4081,0.5182633965
4082,0.5182482866
4083,0.5182332352
4084,0.5182217655
4085,0.5182069174
4086,0.5181914847
4087,0.5181763407
4088,0.5181646649
4089,0.5181502704
4090,0.518135267
4091,0.5181203408
4092,0.5181088117
4093,0.5180943271
4094,0.5180794022
4095,0.5180643941
4096,0.518122435
4097,0.5182041328
4098,0.5182862278
4099,0.518368484
4100,0.5192007764
4101,0.5192126661
4102,0.5191973936
4103,0.5191822503
4104,0.5191705944
4105,0.5191558368
4106,0.5191400931
4107,0.5191249835
4108,0.5191129802
4109,0.5190981496
4110,0.5190829797
4111,0.5190680396
4112,0.5190560475
4113,0.5190414167
4114,0.5190261654
4115,0.5190109793
4116,0.5189990882
4117,0.5189845084
4118,0.5189688173
4119,0.5189531473
4120,0.5189413601
4121,0.5189267459
4122,0.5189116063
4123,0.5188965592
4124,0.5188847384
4125,0.5188700543
4126,0.5188548009
4127,0.5188391839
4128,0.5188273036
4129,0.5188127367
4130,0.5187975208
4131,0.5187825638
4132,0.5187708244
4133,0.5187562837
4134,0.5187411649
4135,0.5187257258
4136,0.5187142803
4137,0.5186996628
4138,0.5186845983
4139,0.5186695734
4140,0.5186577803
4141,0.5186432739
4142,0.5186282144
4143,0.518613276
4144,0.5186016588
4145,0.5185871488
4146,0.5185720061
4147,0.5185571312
4148,0.5185453927
4149,0.5185309254
4150,0.518515586
4151,0.5185005042
4152,0.5184889032
4153,0.5184746723
4154,0.518459594
4155,0.5184446246
4156,0.5184331795
4157,0.5184189401
4158,0.5184041641
4159,0.5183893514
4160,0.5183780758
4161,0.5183636459
4162,0.5183484566
4163,0.5183336103
4164,0.5183217432
4165,0.5183072432
4166,0.5182926392
4167,0.5182778479
4168,0.5182663459
4169,0.5182519895
4170,0.5182371756
4171,0.5182224183
4172,0.5182108771
4173,0.5181961156
4174,0.5181812072
4175,0.5181663304
4176,0.518154913
4177,0.518140605
4178,0.5181257915
4179,0.5181110395
4180,0.5180995004
4181,0.5180852312
4182,0.5180704243
4183,0.5180556157
4184,0.5180443052
4185,0.5180300576
4186,0.5180149003
4187,0.5180002757
4188,0.5179887624
4189,0.5179744849
4190,0.5179596331
4191,0.5179447538
4192,0.5179329436
4193,0.5179184636
4194,0.5179034913
4195,0.5178884134
4196,0.5179445862
4197,0.5180239645
4198,0.518103409
4199,0.5181829165
4200,0.5194605524
4201,0.5194714053
4202,0.5194559958
4203,0.5194405044
4204,0.5194283208
4205,0.5194132167
4206,0.5193976527
4207,0.5193822133
4208,0.5193701628
4209,0.5193550014
4210,0.5193395545
4211,0.5193241268
4212,0.5193120213
4213,0.5192970017
4214,0.519281701
4215,0.519266146
4216,0.5192540922
4217,0.5192390012
4218,0.5192237507
4219,0.5192082745
4220,0.5191960363
4221,0.5191808901
4222,0.5191654836
4223,0.519149963
4224,0.5191376662
4225,0.5191225222
4226,0.5191069195
4227,0.5190914776
4228,0.5190792829
4229,0.5190642608
4230,0.519048726
4231,0.5190334346
4232,0.5190215174
4233,0.5190065416
4234,0.5189910341
4235,0.5189755979
4236,0.5189634025
4237,0.5189484688
4238,0.518933031
4239,0.5189176621
4240,0.5189054925
4241,0.5188906388
4242,0.5188751862
4243,0.5188597385
4244,0.5188475783
4245,0.5188326821
4246,0.5188175214
4247,0.5188021261
4248,0.5187900702
4249,0.518775236
4250,0.518759816
4251,0.5187444712
4252,0.5187322808
4253,0.5187172271
4254,0.5187019404
4255,0.5186866042
4256,0.5186745216
4257,0.518659612
4258,0.5186442919
4259,0.5186289962
4260,0.5186169146
4261,0.5186020326
4262,0.5185867422
4263,0.5185714584
4264,0.5185594712
4265,0.5185447198
4266,0.5185293284
4267,0.5185142296
4268,0.5185020904
4269,0.5184872726
4270,0.5184718671
4271,0.5184565967
4272,0.5184446464
4273,0.5184299465
4274,0.5185000167
4275,0.5184847691
4276,0.5184728963
4277,0.5184580313
4278,0.5184427024
4279,0.5184273751
4280,0.5184154031
4281,0.5184006175
4282,0.5183853872
4283,0.5183699731
4284,0.5183578944
4285,0.5183431161
4286,0.5183277717
4287,0.5183125089
4288,0.5183004872
4289,0.5182857846
4290,0.5182705309
4291,0.5182552463
4292,0.5182433265
4293,0.5182284978
4294,0.5182133619
4295,0.5181980508
4296,0.5182524327
4297,0.5183288334
4298,0.5184054324
4299,0.5184821199
4300,0.5191857608
4301,0.5191960154
4302,0.5191805521
4303,0.5191650902
4304,0.5191530929
4305,0.519138128
4306,0.5191226174
4307,0.5191071041
4308,0.5190948971
4309,0.5190798544
4310,0.5190645539
4311,0.5190491451
4312,0.5190369371
4313,0.5190220184
4314,0.5190065291
4315,0.5189912566
4316,0.518979199
4317,0.5189643987
4318,0.5189490255
4319,0.5189337206
4320,0.5189216662
4321,0.5189069215
4322,0.5188914336
4323,0.5188760478
4324,0.5188639683
4325,0.5188490097
4326,0.5188337627
4327,0.5188185394
4328,0.5188066059
4329,0.5187917698
4330,0.5187764655
4331,0.5187613172
4332,0.5187492014
4333,0.5187345063
4334,0.5187191523
4335,0.5187039067
4336,0.5186918055
4337,0.5186770345
4338,0.5186618499
4339,0.5186466413
4340,0.5186346253
4341,0.5186199311
4342,0.5186048297
4343,0.5185897971
4344,0.5185778948
4345,0.5185631918
4346,0.518548082
4347,0.5185329476
4348,0.5185211729
4349,0.518506535
4350,0.518491311
4351,0.5184759661
4352,0.5184637688
4353,0.5184488351
4354,0.5184333819
4355,0.5184180744
4356,0.5184058584
4357,0.5183910125
4358,0.5183756252
4359,0.5183602314
4360,0.5183480824
4361,0.5183331293
4362,0.5183177261
4363,0.5183024987
4364,0.5182903327
4365,0.5182754702
4366,0.5182600539
4367,0.5182446748
4368,0.5182327363
4369,0.518217966
4370,0.5182025183
4371,0.5181871494
4372,0.5181751223
4373,0.5181602615
4374,0.5181446428
4375,0.5181295243
4376,0.5181173516
4377,0.5181022776
4378,0.5180869405
4379,0.5180716885
4380,0.5180594664
4381,0.5180445769
4382,0.5180292802
4383,0.5180140314
4384,0.5180019405
4385,0.517987155
4386,0.5179719725
4387,0.5179568806
4388,0.5179448024
4389,0.5179299237
4390,0.5179146139
4391,0.517899328
4392,0.517887187
4393,0.5178723283
4394,0.5178571078
4395,0.5178418037
4396,0.5178943378
4397,0.5179681015
4398,0.5180421106
4399,0.518116169
4400,0.518816411
4401,0.5188261691
4402,0.5188107612
4403,0.5187953332
4404,0.5187831682
4405,0.5187678634
4406,0.518752452
4407,0.5187370778
4408,0.5187248572
4409,0.5187099237
4410,0.5186946733
4411,0.5186793282
4412,0.5186670187
4413,0.5186520328
4414,0.5186367445
4415,0.5186210755
4416,0.5186089752
4417,0.5185941053
4418,0.5185788383
4419,0.5185636282
4420,0.518551465
4421,0.5185365599
4422,0.5185212125
4423,0.5185059346
4424,0.5184937379
4425,0.5184788922
4426,0.5184637336
4427,0.5184484599
4428,0.5184364007
4429,0.5184215163
4430,0.51840637
4431,0.5183911835
4432,0.518379101
4433,0.5183642494
4434,0.5183490017
4435,0.518334
4436,0.5183218363
4437,0.5183070817
4438,0.5182918963
4439,0.5182768183
4440,0.5182647368
4441,0.5182498686
4442,0.5182346064
4443,0.5182193796
4444,0.5182071479
4445,0.5181924547
4446,0.518177283
4447,0.5181619417
4448,0.5181497364
4449,0.5181348971
4450,0.5181193336
4451,0.5181041031
4452,0.5180920458
4453,0.5180771939
4454,0.5180616292
4455,0.51804655
4456,0.518034652
4457,0.5180199208
4458,0.5180047777
4459,0.517989627
4460,0.5179775247
4461,0.5179627588
4462,0.5179477191
4463,0.5179325997
4464,0.517920634
4465,0.5179060736
4466,0.517890847
4467,0.5178757959
4468,0.5178637497
4469,0.5178489541
4470,0.517833852
4471,0.5178187206
4472,0.5178069689
4473,0.5177925037
4474,0.5177774081
4475,0.5177623263
4476,0.5177503012
4477,0.5177356642
4478,0.5177202836
4479,0.5177050089
4480,0.5176931399
4481,0.5176784231
4482,0.5176634192
4483,0.5176483267
4484,0.5176363949
4485,0.517621616
4486,0.517606334
4487,0.5175911492
4488,0.5175791333
4489,0.5175642976
4490,0.5175490536
4491,0.5175339219
4492,0.5175219077
4493,0.5175069847
4494,0.5174917925
4495,0.5174767268
4496,0.5175277064
4497,0.5175992758
4498,0.5176710411
4499,0.51774284
4500,0.5184505699
4501,0.5184598916
4502,0.5184445324
4503,0.5184292124
4504,0.5184168786
4505,0.5184018772
4506,0.5183865162
4507,0.5183711173
4508,0.5183587392
4509,0.5183436686
4510,0.5183283413
4511,0.5183129426
4512,0.5183005717
4513,0.5182855076
4514,0.5182700419
4515,0.5182547005
4516,0.5182425112
4517,0.5182274607
4518,0.5182120017
4519,0.5181966143
4520,0.5181843212
4521,0.5181693131
4522,0.5181539723
4523,0.5181385642
4524,0.5181261995
4525,0.5181110984
4526,0.5180959448
4527,0.5180806287
4528,0.5180683603
4529,0.5180533422
4530,0.5180379944
4531,0.5180225973
4532,0.5180103601
4533,0.5179952706
4534,0.5179799821
4535,0.5179650001
4536,0.5179527347
4537,0.5179377624
4538,0.517922472
4539,0.5179072973
4540,0.5178953927
4541,0.5178807066
4542,0.5178656348
4543,0.5178505467
4544,0.517838691
4545,0.5178239505
4546,0.5178088937
4547,0.5177936978
4548,0.5177817899
4549,0.5177668769
4550,0.517751553
4551,0.5177362007
4552,0.5177239675
4553,0.5177090868
4554,0.5176939267
4555,0.5176787548
4556,0.5176665414
4557,0.517651424
4558,0.5176359873
4559,0.5176207131
4560,0.5176085551
4561,0.5175935202
4562,0.5175781809
4563,0.5175628403
4564,0.5175506161
4565,0.5175355948
4566,0.517520099
4567,0.5175047464
4568,0.5174924767
4569,0.5174776081
4570,0.5174624637
4571,0.5174471316
4572,0.5174348999
4573,0.5174201716
4574,0.5174049364
4575,0.5173897535
4576,0.5173775938
4577,0.5173627673
4578,0.5173476122
4579,0.5173325676
4580,0.5173204393
4581,0.5173057079
4582,0.5172905654
4583,0.5172754431
4584,0.5172632878
4585,0.5172484658
4586,0.5172333309
4587,0.5172182077
4588,0.5172062617
4589,0.5171915275
4590,0.5171763847
4591,0.517161227
4592,0.5171493125
4593,0.5171343374
4594,0.517119287
4595,0.5171042045
4596,0.5171538865
4597,0.5172232593
4598,0.5172926631
4599,0.5173622103
4600,0.5180457898
4601,0.5180541077
4602,0.5180390475
4603,0.5180237697
4604,0.5180116284
4605,0.5179965588
4606,0.5179813752
4607,0.5179661408
4608,0.5179540869
4609,0.5179391082
4610,0.5179238379
4611,0.5179085744
4612,0.5178964918
4613,0.5178816033
4614,0.5178663896
4615,0.5178511456
4616,0.517838908
4617,0.517824132
4618,0.517808921
4619,0.5177937278
4620,0.5177816263
4621,0.5177666206
4622,0.5177515061
4623,0.5177363822
4624,0.517724357
4625,0.5177094672
4626,0.517694289
4627,0.5176791637
4628,0.5176671605
4629,0.5176523492
4630,0.5176372097
4631,0.5176221024
4632,0.5176100312
4633,0.5175952509
4634,0.5175800023
4635,0.5175647964
4636,0.5175527577
4637,0.5175380418
4638,0.5175228804
4639,0.517507694
4640,0.5174956773
4641,0.5174811826
4642,0.517466232
4643,0.5174510809
4644,0.5174391627
4645,0.5174244657
4646,0.517409393
4647,0.5173944527
4648,0.5173824733
4649,0.5173677701
4650,0.5173525815
4651,0.5173373104
4652,0.5173252805
4653,0.517310624
4654,0.5172955736
4655,0.5172805357
4656,0.5172682459
4657,0.5172534755
4658,0.5172385163
4659,0.5172235122
4660,0.5172115743
4661,0.5171969551
4662,0.5171819408
4663,0.5171669502
4664,0.5171550454
4665,0.5171403861
4666,0.5171254262
4667,0.517110561
4668,0.5170989056
4669,0.5170842263
4670,0.5170693456
4671,0.5170546932
4672,0.5170428013
4673,0.5170281656
4674,0.5170134965
4675,0.5169986378
4676,0.5169869515
4677,0.5169723186
4678,0.5169572882
4679,0.516942414
4680,0.5169305662
4681,0.5169159503
4682,0.516901018
4683,0.5168862125
4684,0.5168744634
4685,0.5168598884
4686,0.5168449942
4687,0.5168301664
4688,0.5168183367
4689,0.5168037351
4690,0.5167888889
4691,0.5167740304
4692,0.5167621767
4693,0.5167476767
4694,0.5167328186
4695,0.5167181
4696,0.516766552
4697,0.5168342603
4698,0.5169020421
4699,0.5169698574
4700,0.517601396
4701,0.5176093437
4702,0.5175943543
4703,0.5175793097
4704,0.5175674234
4705,0.5175528306
4706,0.5175379088
4707,0.5175230219
4708,0.5175111565
4709,0.5174965929
4710,0.5174816082
4711,0.5174667824
4712,0.5174550553
4713,0.5174405169
4714,0.5174256099
4715,0.5174109368
4716,0.5173991883
4717,0.5173844732
4718,0.5173694945
4719,0.5173546247
4720,0.5173427836
4721,0.5173283074
4722,0.5173134384
4723,0.5172984819
4724,0.5172866399
4725,0.5172722075
4726,0.5172573189
4727,0.5172425822
4728,0.5172308265
4729,0.5172161078
4730,0.5172011773
4731,0.5171861578
4732,0.5171742525
4733,0.5171595904
4734,0.5171446881
4735,0.5171298428
4736,0.517117905
4737,0.5171032125
4738,0.5170882341
4739,0.5170734981
4740,0.5170616806
4741,0.5170471032
4742,0.5170321303
4743,0.5170172846
4744,0.5170053968
4745,0.5169908294
4746,0.5169758349
4747,0.5169610099
4748,0.5169488138
4749,0.516934268
4750,0.5169196862
4751,0.516904949
4752,0.5168932867
4753,0.5168788189
4754,0.5168639639
4755,0.5168492241
4756,0.5168374071
4757,0.5168228612
4758,0.5168081842
4759,0.5167933186
4760,0.5167814944
4761,0.5167668185
4762,0.5167520205
4763,0.5167372923
4764,0.5167255292
4765,0.516710935
4766,0.516696342
4767,0.5166817123
4768,0.5166699761
4769,0.5166555028
4770,0.5166407919
4771,0.5166260478
4772,0.5166144743
4773,0.5166000642
4774,0.5165852481
4775,0.5165706983
4776,0.5165592571
4777,0.5165447762
4778,0.51653015
4779,0.516515552
4780,0.5165039055
4781,0.5164894418
4782,0.5164747915
4783,0.5164602052
4784,0.5164487316
4785,0.5164344618
4786,0.5164198341
4787,0.5164052234
4788,0.516393717
4789,0.5163794236
4790,0.5163647895
4791,0.5163500653
4792,0.5163385951
4793,0.5163243335
4794,0.5163098091
4795,0.5162952806
4796,0.5163427647
4797,0.5164093682
4798,0.516475879
4799,0.5165424918
4800,0.5171888226
4801,0.5171966031
4802,0.5171818876
4803,0.5171672694
4804,0.5171556123
4805,0.5171411439
4806,0.5171265748
4807,0.5171119515
4808,0.5171004695
4809,0.5170862998
4810,0.517072064
4811,0.5170576266
4812,0.517046294
4813,0.517031939
4814,0.5170173793
4815,0.5170029972
4816,0.5169916119
4817,0.516977389
4818,0.5169630056
4819,0.5169486885
4820,0.5169373987
4821,0.5169231451
4822,0.5169088994
4823,0.5168945534
4824,0.5168831071
4825,0.516869026
4826,0.5168546915
4827,0.5168403162
4828,0.5168291197
4829,0.5168149432
4830,0.5168006236
4831,0.5167863249
4832,0.5167750763
4833,0.5167610351
4834,0.5167467225
4835,0.5167324938
4836,0.5167213908
4837,0.5167074227
4838,0.5166930539
4839,0.5166786338
4840,0.5166673348
4841,0.5166531084
4842,0.5166387281
4843,0.5166243758
4844,0.5166131348
4845,0.5165990311
4846,0.5165847548
4847,0.5165704236
4848,0.5165592521
4849,0.516545151
4850,0.5165307203
4851,0.5165165251
4852,0.5165052568
4853,0.5164912089
4854,0.5164769269
4855,0.5164626427
4856,0.5164515132
4857,0.5164374659
4858,0.5164231705
4859,0.5164088162
4860,0.5163976513
4861,0.5163836397
4862,0.5163693527
4863,0.5163550781
4864,0.516343846
4865,0.5163298323
4866,0.5163156904
4867,0.5163015256
4868,0.5162903494
4869,0.5162763377
4870,0.516262085
4871,0.5162478417
4872,0.5162368138
4873,0.5162227577
4874,0.5162085092
4875,0.5161943281
4876,0.5161831888
4877,0.5161693624
4878,0.5161553591
4879,0.5161412017
4880,0.5161303035
4881,0.5161163841
4882,0.5161022637
4883,0.5160881742
4884,0.5160770705
4885,0.5160632217
4886,0.5160491689
4887,0.5160352482
4888,0.5160243697
4889,0.5160105567
4890,0.5159964795
4891,0.5159824547
4892,0.5159717043
4893,0.5159578767
4894,0.5159439672
4895,0.5159299121
4896,0.51597667
4897,0.5160422032
4898,0.5161076996
4899,0.5161735172
4900,0.516857531
4901,0.5168651957
4902,0.5168509499
4903,0.5168367515
4904,0.5168258174
4905,0.5168117779
4906,0.5167977229
4907,0.5167836663
4908,0.5167724376
4909,0.5167584865
4910,0.5167444425
4911,0.5167303682
4912,0.5167194276
4913,0.5167056221
4914,0.5166914758
4915,0.516677421
4916,0.5166664095
4917,0.5166525667
4918,0.5166385088
4919,0.5166245435
4920,0.5166136262
4921,0.5165997356
4922,0.5165857479
4923,0.5165716918
4924,0.5165608331
4925,0.5165470148
4926,0.5165331745
4927,0.5165191728
4928,0.5165083564
4929,0.5164945757
4930,0.5164806544
4931,0.5164667009
4932,0.5164557867
4933,0.5164419212
4934,0.5164276369
4935,0.516413963
4936,0.5164031943
4937,0.5163894229
4938,0.5163756108
4939,0.5163617646
4940,0.5163509705
4941,0.5163372897
4942,0.5163234319
4943,0.5163096692
4944,0.5162988721
4945,0.516285198
4946,0.5162713249
4947,0.5162574916
4948,0.516246694
4949,0.5162330247
4950,0.516219213
4951,0.5162054052
4952,0.5161946697
4953,0.5161809907
4954,0.5161672031
4955,0.5161534756
4956,0.5161427634
4957,0.5161290987
4958,0.5161154229
4959,0.5161016401
4960,0.5160909355
4961,0.5160774748
4962,0.5160637567
4963,0.5160499942
4964,0.5160393424
4965,0.5160258823
4966,0.5160121012
4967,0.51599833
4968,0.5159877341
4969,0.5159741602
4970,0.5159604316
4971,0.5159466631
4972,0.5159361781
4973,0.5159226339
4974,0.5159089392
4975,0.515895333
4976,0.5158847973
4977,0.5158713555
4978,0.5158577784
4979,0.5158440968
4980,0.5158336767
4981,0.5158201619
4982,0.5158065267
4983,0.5157929928
4984,0.515782535
4985,0.5157690595
4986,0.5157554991
4987,0.5157419157
4988,0.5157314074
4989,0.5157180708
4990,0.5157047244
4991,0.5156910929
4992,0.5156805689
4993,0.5156670005
4994,0.515653574
4995,0.5156400207
4996,0.51568631
4997,0.5157508818
4998,0.5158155339
4999,0.515880165
5000,0.5165343145
5001,0.5165421766
5002,0.516528511
5003,0.5165151167
5004,0.5165046455
5005,0.5164911947
5006,0.5164777539
5007,0.5164643084
5008,0.5164537608
5009,0.5164401301
5010,0.5164260915
5011,0.516412507
5012,0.5164019745
5013,0.5163883642
5014,0.5163746895
5015,0.5163612208
5016,0.516350691
5017,0.5163370438
5018,0.5163233245
5019,0.5163096046
5020,0.5162991103
5021,0.5162855134
5022,0.5162718565
5023,0.5162582451
5024,0.516247743
5025,0.5162340941
5026,0.5162205053
5027,0.5162070223
5028,0.5161966169
5029,0.5161831847
5030,0.5161697253
5031,0.5161560622
5032,0.5161455894
5033,0.5161323353
5034,0.5161188256
5035,0.5161053812
5036,0.5160949366
5037,0.5160813654
5038,0.5160677355
5039,0.5160542751
5040,0.5160438794
5041,0.5160303527
5042,0.5160169558
5043,0.5160035423
5044,0.5159931225
5045,0.5159796477
5046,0.5159660827
5047,0.5159525566
5048,0.5159421451
5049,0.5159286207
5050,0.5159151587
5051,0.5159018597
5052,0.5158914809
5053,0.5158780731
5054,0.515864634
5055,0.5158512057
5056,0.5158408413
5057,0.515827454
5058,0.5158140056
5059,0.5158006128
5060,0.5157905184
5061,0.5157771112
5062,0.5157637432
5063,0.5157504422
5064,0.5157402395
5065,0.5157268616
5066,0.51571348
5067,0.515700145
5068,0.515690037
5069,0.5156766774
5070,0.5156633008
5071,0.5156501303
5072,0.5156399943
5073,0.5156266154
5074,0.5156133233
5075,0.5155999784
5076,0.5155897839
5077,0.5155765001
5078,0.515563229
5079,0.5155500111
5080,0.5155398898
5081,0.515526621
5082,0.5155133925
5083,0.5155002126
5084,0.5154900787
5085,0.5154768463
5086,0.5154636041
5087,0.5154505579
5088,0.5154405368
5089,0.5154273235
5090,0.5154140838
5091,0.5154009596
5092,0.5153909343
5093,0.51537778
5094,0.5153646791
5095,0.5153516299
5096,0.5153973216
5097,0.5154607596
5098,0.515524134
5099,0.5155876846
5100,0.5162418141
5101,0.5162496007
5102,0.5162363602
5103,0.5162232061
5104,0.5162130928
5105,0.516199779
5106,0.5161865925
5107,0.5161733176
5108,0.5161632856
5109,0.5161499949
5110,0.5161367747
5111,0.5161236102
5112,0.5161136069
5113,0.5161004678
5114,0.5160872469
5115,0.5160741789
5116,0.5160642601
5117,0.516051285
5118,0.5160381383
5119,0.5160250629
5120,0.5160151744
5121,0.5160020344
5122,0.5159889013
5123,0.5159756142
5124,0.5159658718
5125,0.5159528257
5126,0.5159397737
5127,0.5159267726
5128,0.5159169179
5129,0.5159038749
5130,0.5158909242
5131,0.5158778799
5132,0.5158680913
5133,0.5158550311
5134,0.5158419739
5135,0.5158291876
5136,0.5158194416
5137,0.5158064784
5138,0.5157935258
5139,0.5157807671
5140,0.5157712604
5141,0.5157583485
5142,0.5157455475
5143,0.5157327438
5144,0.5157230242
5145,0.5157101668
5146,0.5156972122
5147,0.5156842241
5148,0.5156745904
5149,0.5156617887
5150,0.5156487794
5151,0.5156360052
5152,0.5156263168
5153,0.5156135
5154,0.5156008756
5155,0.5155881074
5156,0.5155785756
5157,0.5155658075
5158,0.5155531754
5159,0.515540357
5160,0.5155308169
5161,0.5155180148
5162,0.5155051941
5163,0.5154924804
5164,0.5154829146
5165,0.5154701135
5166,0.5154573232
5167,0.5154445585
5168,0.5154350391
5169,0.5154222643
5170,0.5154095245
5171,0.5153968685
5172,0.5153873304
5173,0.5153744471
5174,0.5153617634
5175,0.5153489971
5176,0.5153394299
5177,0.5153266859
5178,0.5153141202
5179,0.5153013807
5180,0.5152918045
5181,0.5152790518
5182,0.5152663734
5183,0.5152538055
5184,0.5152444171
5185,0.5152318828
5186,0.5152192923
5187,0.51520685
5188,0.5151973997
5189,0.515184818
5190,0.515172193
5191,0.5151595997
5192,0.5151502197
5193,0.5151376933
5194,0.5151252082
5195,0.5151126046
5196,0.5151576773
5197,0.5152199872
5198,0.5152824225
5199,0.5153448928
5200,0.5159463921
5201,0.5159542798
5202,0.5159417242
5203,0.5159290753
5204,0.5159195693
5205,0.5159069245
5206,0.5158944125
5207,0.5158816249
5208,0.5158719906
5209,0.515859282
5210,0.5158465475
5211,0.5158338507
5212,0.5158244365
5213,0.5158117171
5214,0.5157990468
5215,0.515786522
5216,0.5157770829
5217,0.515764547
5218,0.5157518682
5219,0.5157392376
5220,0.5157296695
5221,0.5157170638
5222,0.5157043028
5223,0.5156918177
5224,0.5156824389
5225,0.5156697764
5226,0.5156571733
5227,0.5156442685
5228,0.515634672
5229,0.5156220593
5230,0.51560933
5231,0.5155966743
5232,0.5155871997
5233,0.5155748326
5234,0.5155621885
5235,0.5155496993
5236,0.5155403446
5237,0.5155279839
5238,0.5155155296
5239,0.5155028594
5240,0.5154936102
5241,0.5154810315
5242,0.5154686462
5243,0.5154563529
5244,0.5154471535
5245,0.5154347693
5246,0.5154224729
5247,0.5154101466
5248,0.515400921
5249,0.5153887597
5250,0.5153764424
5251,0.5153642377
5252,0.5153549362
5253,0.5153426687
5254,0.515330102
5255,0.5153177968
5256,0.5153085737
5257,0.5152962816
5258,0.5152837278
5259,0.5152713361
5260,0.5152621393
5261,0.5152498067
5262,0.5152374168
5263,0.5152250043
5264,0.5152157751
5265,0.5152035612
5266,0.5151911843
5267,0.5151789618
5268,0.5151698437
5269,0.5151578112
5270,0.5151456127
5271,0.5151334386
5272,0.5151242994
5273,0.515112139
5274,0.5150998627
5275,0.5150875017
5276,0.5150785438
5277,0.5150663686
5278,0.5150540442
5279,0.5150416795
5280,0.5150324068
5281,0.5150204181
5282,0.515008044
5283,0.514995846
5284,0.5149866123
5285,0.5149745104
5286,0.514962245
5287,0.5149498973
5288,0.5149407975
5289,0.5149286574
5290,0.5149164142
5291,0.5149043684
5292,0.5148953129
5293,0.5148831878
5294,0.514870991
5295,0.5148587653
5296,0.514903529
5297,0.514965061
5298,0.5150265613
5299,0.5150882804
5300,0.515699588
5301,0.515707553
5302,0.5156951864
5303,0.5156829306
5304,0.5156736546
5305,0.5156615172
5306,0.5156491587
5307,0.5156369934
5308,0.5156279742
5309,0.5156157719
5310,0.5156034813
5311,0.5155912811
5312,0.515582108
5313,0.5155699763
5314,0.5155576806
5315,0.5155453625
5316,0.5155361085
5317,0.5155240221
5318,0.5155117426
5319,0.5154995083
5320,0.5154903087
5321,0.5154782437
5322,0.5154660114
5323,0.5154538155
5324,0.5154447087
5325,0.5154326143
5326,0.5154204611
5327,0.5154083525
5328,0.5153991983
5329,0.5153871746
5330,0.5153750583
5331,0.5153629224
5332,0.5153538181
5333,0.5153418237
5334,0.5153298065
5335,0.5153178222
5336,0.5153086296
5337,0.5152966828
5338,0.5152845455
5339,0.5152724472
5340,0.5152633944
5341,0.5152514284
5342,0.5152392997
5343,0.5152272908
5344,0.5152183286
5345,0.5152063234
5346,0.5151941357
5347,0.5151820764
5348,0.5151730617
5349,0.515161146
5350,0.5151488804
5351,0.5151367485
5352,0.5151278674
5353,0.5151158708
5354,0.515103736
5355,0.5150916657
5356,0.5150826645
5357,0.5150708701
5358,0.5150588229
5359,0.5150467395
5360,0.5150376941
5361,0.5150258601
5362,0.515013859
5363,0.5150017686
5364,0.514992776
5365,0.5149808609
5366,0.5149688742
5367,0.5149568848
5368,0.5149479204
5369,0.514936082
5370,0.5149240184
5371,0.5149122091
5372,0.5149032462
5373,0.5148914945
5374,0.5148794936
5375,0.5148675273
5376,0.5148584579
5377,0.5148466974
5378,0.5148347397
5379,0.5148228444
5380,0.5148138518
5381,0.514802011
5382,0.5147900085
5383,0.5147780393
5384,0.5147689983
5385,0.5147572033
5386,0.5147452644
5387,0.5147333442
5388,0.514724406
5389,0.5147127229
5390,0.5147007342
5391,0.5146887408
5392,0.5146797717
5393,0.5146680677
5394,0.5146561064
5395,0.5146442389
5396,0.5146879698
5397,0.5147482338
5398,0.5148086849
5399,0.514869047
5400,0.5154367794
5401,0.5154445581
5402,0.5154325348
5403,0.5154205618
5404,0.5154115515
5405,0.5153996301
5406,0.5153876192
5407,0.5153756855
5408,0.515366731
5409,0.5153548487
5410,0.5153429043
5411,0.5153309255
5412,0.5153220882
5413,0.5153103083
5414,0.5152983588
5415,0.5152864739
5416,0.5152776874
5417,0.515265766
5418,0.5152538267
5419,0.5152418714
5420,0.515232983
5421,0.5152212883
5422,0.5152094804
5423,0.5151976396
5424,0.5151887415
5425,0.5151769927
5426,0.5151651805
5427,0.5151533749
5428,0.5151444433
5429,0.5151326776
5430,0.5151207938
5431,0.5151089345
5432,0.5151001532
5433,0.5150885629
5434,0.5150767384
5435,0.5150649857
5436,0.5150561116
5437,0.5150445109
5438,0.5150326652
5439,0.51502091
5440,0.5150120123
5441,0.5150004601
5442,0.5149886579
5443,0.5149769074
5444,0.5149681516
5445,0.5149565984
5446,0.5149448032
5447,0.5149331508
5448,0.5149244165
5449,0.5149129218
5450,0.5149011847
5451,0.5148894703
5452,0.5148806502
5453,0.5148692674
5454,0.5148574747
5455,0.5148457652
5456,0.5148369986
5457,0.5148255765
5458,0.514813794
5459,0.5148021774
5460,0.5147935108
5461,0.5147821789
5462,0.5147705677
5463,0.5147588603
5464,0.5147502342
5465,0.514738783
5466,0.5147271564
5467,0.5147155676
5468,0.5147069275
5469,0.514695617
5470,0.514684029
5471,0.5146724272
5472,0.5146636702
5473,0.5146523345
5474,0.5146407258
5475,0.5146291765
5476,0.5146206158
5477,0.5146092491
5478,0.5145975991
5479,0.5145860607
5480,0.5145774534
5481,0.51456612
5482,0.5145545454
5483,0.5145429779
5484,0.5145343884
5485,0.5145231222
5486,0.5145115797
5487,0.5145000167
5488,0.5144913223
5489,0.5144801
5490,0.5144684873
5491,0.5144570435
5492,0.5144485293
5493,0.5144370992
5494,0.5144255598
5495,0.5144140912
5496,0.5144572651
5497,0.5145167743
5498,0.5145762301
5499,0.5146358434
5500,0.5152439303
5501,0.515252059
5502,0.5152403431
5503,0.5152288347
5504,0.5152201825
5505,0.5152087361
5506,0.5151970793
5507,0.5151854149
5508,0.5151768529
5509,0.5151653772
5510,0.5151537545
5511,0.5151421916
5512,0.5151336807
5513,0.5151223056
5514,0.5151107734
5515,0.5150991598
5516,0.5150905509
5517,0.5150791397
5518,0.5150675603
5519,0.5150562396
5520,0.5150475676
5521,0.5150362463
5522,0.5150247186
5523,0.5150131541
5524,0.5150045051
5525,0.5149931208
5526,0.5149815127
5527,0.5149700189
5528,0.5149614537
5529,0.5149501892
5530,0.5149387553
5531,0.5149273435
5532,0.5149188271
5533,0.5149075782
5534,0.5148960906
5535,0.5148846961
5536,0.5148761769
5537,0.5148648781
5538,0.5148534009
5539,0.5148418935
5540,0.5148333232
5541,0.5148221368
5542,0.5148106284
5543,0.5147992082
5544,0.5147907692
5545,0.514779446
5546,0.5147679786
5547,0.5147566454
5548,0.5147481358
5549,0.5147369739
5550,0.514725512
5551,0.5147142226
5552,0.5147058132
5553,0.5146945153
5554,0.5146829972
5555,0.5146717694
5556,0.5146633627
5557,0.5146522908
5558,0.5146413297
5559,0.5146300594
5560,0.5146216175
5561,0.5146107079
5562,0.5145994706
5563,0.5145881902
5564,0.5145799502
5565,0.514569106
5566,0.5145579884
5567,0.5145468891
5568,0.5145386618
5569,0.5145280966
5570,0.5145170145
5571,0.5145058264
5572,0.5144976403
5573,0.5144867664
5574,0.5144755322
5575,0.5144644409
5576,0.5144563699
5577,0.5144456266
5578,0.5144345214
5579,0.5144235552
5580,0.514415472
5581,0.5144048619
5582,0.5143937888
5583,0.5143827943
5584,0.5143745617
5585,0.5143638991
5586,0.5143530167
5587,0.5143419894
5588,0.5143338457
5589,0.5143232172
5590,0.5143121179
5591,0.5143011778
5592,0.5142931995
5593,0.5142823295
5594,0.5142712787
5595,0.5142602887
5596,0.5143032183
5597,0.514362204
5598,0.5144211234
5599,0.5144801912
5600,0.5150582138
5601,0.5150663328
5602,0.5150552355
5603,0.515044145
5604,0.5150359356
5605,0.5150250258
5606,0.5150138172
5607,0.5150026344
5608,0.5149943721
5609,0.5149836951
5610,0.5149724704
5611,0.5149612928
5612,0.5149529766
5613,0.5149424137
5614,0.5149313987
5615,0.5149204811
5616,0.5149122254
5617,0.514901449
5618,0.51489047
5619,0.5148792899
5620,0.5148711292
5621,0.5148605569
5622,0.5148495098
5623,0.5148385044
5624,0.5148302388
5625,0.5148197409
5626,0.5148087583
5627,0.5147977154
5628,0.5147895603
5629,0.5147791456
5630,0.5147681478
5631,0.5147571219
5632,0.5147488846
5633,0.5147384102
5634,0.5147274184
5635,0.5147164766
5636,0.5147081782
5637,0.5146979112
5638,0.5146868817
5639,0.514675934
5640,0.5146676036
5641,0.5146574488
5642,0.5146465957
5643,0.5146357394
5644,0.5146272909
5645,0.5146173207
5646,0.5146063642
5647,0.514595551
5648,0.5145871342
5649,0.5145771897
5650,0.5145662063
5651,0.5145553442
5652,0.5145469736
5653,0.514536944
5654,0.5145260148
5655,0.5145152329
5656,0.5145069049
5657,0.5144970555
5658,0.5144862973
5659,0.5144754994
5660,0.5144671023
5661,0.5144571668
5662,0.5144462449
5663,0.51443545
5664,0.5144271352
5665,0.5144173591
5666,0.5144064669
5667,0.5143957095
5668,0.5143872371
5669,0.5143773951
5670,0.5143665281
5671,0.5143557851
5672,0.5143472175
5673,0.5143373002
5674,0.5143263278
5675,0.5143155375
5676,0.514307237
5677,0.5142974542
5678,0.5142867255
5679,0.5142759977
5680,0.5142676124
5681,0.5142578392
5682,0.5142469805
5683,0.514236279
5684,0.5142279931
5685,0.5142182689
5686,0.5142075327
5687,0.5141968249
5688,0.5141887543
5689,0.5141789067
5690,0.5141683589
5691,0.5141577181
5692,0.5141496254
5693,0.5141400691
5694,0.5141294615
5695,0.5141189684
5696,0.5141618235
5697,0.5142202777
5698,0.5142788563
5699,0.5143374714
5700,0.5149913757
5701,0.5149999466
5702,0.5149892211
5703,0.5149786959
5704,0.5149704829
5705,0.5149611191
5706,0.514950577
5707,0.5149399848
5708,0.5149319408
5709,0.5149224644
5710,0.5149120887
5711,0.5149017883
5712,0.5148936935
5713,0.5148841636
5714,0.5148736898
5715,0.5148630696
5716,0.5148549475
5717,0.5148452124
5718,0.5148346484
5719,0.514824158
5720,0.5148161281
5721,0.5148067756
5722,0.514796194
5723,0.5147857346
5724,0.5147774526
5725,0.5147678432
5726,0.5147571176
5727,0.514746378
5728,0.5147381033
5729,0.5147284054
5730,0.5147177983
5731,0.5147071658
5732,0.5146990002
5733,0.5146894021
5734,0.5146787716
5735,0.5146682846
5736,0.5146600177
5737,0.5146504784
5738,0.5146398265
5739,0.5146292107
5740,0.5146209682
5741,0.5146113633
5742,0.5146008335
5743,0.5145902633
5744,0.5145820906
5745,0.514572491
5746,0.5145617962
5747,0.5145512091
5748,0.5145432934
5749,0.5145337353
5750,0.5145231979
5751,0.5145126791
5752,0.5145045246
5753,0.5144949361
5754,0.5144843986
5755,0.514473915
5756,0.514465821
5757,0.5144563047
5758,0.5144457752
5759,0.5144352003
5760,0.5144270543
5761,0.5144174978
5762,0.5144069029
5763,0.5143964351
5764,0.5143883374
5765,0.5143789781
5766,0.5143685968
5767,0.51435798
5768,0.5143498868
5769,0.514340456
5770,0.5143300009
5771,0.5143195842
5772,0.5143115232
5773,0.5143020713
5774,0.5142915267
5775,0.5142812176
5776,0.514273296
5777,0.5142637941
5778,0.5142533322
5779,0.514242878
5780,0.5142349424
5781,0.5142254876
5782,0.5142150827
5783,0.5142047449
5784,0.5141967524
5785,0.5141873003
5786,0.5141769888
5787,0.5141666629
5788,0.5141587294
5789,0.5141492737
5790,0.5141389413
5791,0.5141286237
5792,0.5141207442
5793,0.5141113869
5794,0.5141008974
5795,0.51409049
5796,0.5141325994
5797,0.5141899704
5798,0.5142476903
5799,0.5143053566
5800,0.5148804914
5801,0.5148886659
5802,0.5148779944
5803,0.5148673677
5804,0.5148593525
5805,0.5148498781
5806,0.5148395426
5807,0.5148290869
5808,0.514821098
5809,0.5148115041
5810,0.5148012011
5811,0.5147907516
5812,0.5147826507
5813,0.514773223
5814,0.5147627461
5815,0.5147522645
5816,0.5147443698
5817,0.5147348457
5818,0.5147244205
5819,0.514714101
5820,0.5147061545
5821,0.5146967986
5822,0.5146864333
5823,0.5146761577
5824,0.5146683229
5825,0.5146589418
5826,0.5146485597
5827,0.5146382726
5828,0.5146305021
5829,0.5146210066
5830,0.5146106233
5831,0.5146003526
5832,0.5145925738
5833,0.5145833051
5834,0.5145729383
5835,0.5145626013
5836,0.514554734
5837,0.5145451905
5838,0.514534904
5839,0.5145246902
5840,0.5145169271
5841,0.5145076614
5842,0.5144973749
5843,0.5144872385
5844,0.5144794899
5845,0.5144701991
5846,0.5144600164
5847,0.5144498655
5848,0.5144422819
5849,0.5144330872
5850,0.514422929
5851,0.5144127615
5852,0.5144051192
5853,0.5143958075
5854,0.5143856984
5855,0.5143756466
5856,0.5143680965
5857,0.5143590172
5858,0.5143490701
5859,0.5143390955
5860,0.5143314532
5861,0.514322266
5862,0.5143122695
5863,0.5143024189
5864,0.5142948965
5865,0.5142858791
5866,0.5142759427
5867,0.5142660022
5868,0.5142585626
5869,0.5142494967
5870,0.5142397161
5871,0.5142297888
5872,0.5142223226
5873,0.5142132433
5874,0.5142032717
5875,0.5141933853
5876,0.5141858046
5877,0.5141768565
5878,0.5141668384
5879,0.5141568651
5880,0.5141493284
5881,0.5141403423
5882,0.5141303101
5883,0.514120359
5884,0.5141129797
5885,0.5141039122
5886,0.5140940436
5887,0.5140841844
5888,0.5140767161
5889,0.5140675357
5890,0.5140576992
5891,0.5140476936
5892,0.5140402438
5893,0.5140311259
5894,0.5140212729
5895,0.5140113912
5896,0.5140534275
5897,0.5141106436
5898,0.514167743
5899,0.514225154
5900,0.5147746571
5901,0.514783215
5902,0.5147731248
5903,0.5147631463
5904,0.5147555611
5905,0.5147465021
5906,0.5147365387
5907,0.5147265842
5908,0.5147190109
5909,0.5147100211
5910,0.514700027
5911,0.5146900546
5912,0.5146824792
5913,0.5146734817
5914,0.5146638151
5915,0.514653869
5916,0.5146461802
5917,0.5146371336
5918,0.5146271553
5919,0.5146173041
5920,0.5146098158
5921,0.5146009772
5922,0.5145910007
5923,0.5145811217
5924,0.5145736404
5925,0.514564589
5926,0.51455462
5927,0.5145447407
5928,0.514537285
5929,0.5145284501
5930,0.5145186428
5931,0.5145087912
5932,0.5145014253
5933,0.5144923619
5934,0.5144824234
5935,0.5144725426
5936,0.5144650314
5937,0.5144560189
5938,0.5144460796
5939,0.5144362857
5940,0.5144288847
5941,0.5144199405
5942,0.5144100385
5943,0.5144001506
5944,0.5143926576
5945,0.5143837937
5946,0.5143738865
5947,0.514364134
5948,0.5143566704
5949,0.5143478377
5950,0.5143380258
5951,0.5143282965
5952,0.514320904
5953,0.5143120062
5954,0.5143021912
5955,0.5142925213
5956,0.5142850758
5957,0.5142762225
5958,0.5142664341
5959,0.5142566751
5960,0.5142492863
5961,0.5142407338
5962,0.5142309033
5963,0.514221226
5964,0.5142138265
5965,0.5142050138
5966,0.5141952879
5967,0.5141854329
5968,0.5141781762
5969,0.5141692736
5970,0.5141595838
5971,0.5141499293
5972,0.5141426878
5973,0.5141338962
5974,0.5141241838
5975,0.5141145195
5976,0.5141072099
5977,0.514098573
5978,0.5140888484
5979,0.5140791325
5980,0.5140717642
5981,0.5140629831
5982,0.5140533356
5983,0.5140437985
5984,0.5140364471
5985,0.514027683
5986,0.51401804
5987,0.5140084368
5988,0.5140012035
5989,0.513992398
5990,0.5139827485
5991,0.5139731184
5992,0.5139658832
5993,0.5139571515
5994,0.5139475797
5995,0.5139379765
5996,0.5139791431
5997,0.5140354666
5998,0.5140917137
5999,0.5141482065
6000,0.514723911
6001,0.5147326092
6002,0.5147228056
6003,0.5147131107
6004,0.5147059704
6005,0.514697251
6006,0.5146875051
6007,0.514677822
6008,0.5146703514
6009,0.5146616151
6010,0.5146518295
6011,0.51464236
6012,0.5146349727
6013,0.5146263374
6014,0.5146166103
6015,0.5146070263
6016,0.514599631
6017,0.5145906771
6018,0.5145811756
6019,0.514571595
6020,0.5145644468
6021,0.5145556962
6022,0.5145462129
6023,0.5145364917
6024,0.5145290945
6025,0.5145202438
6026,0.5145106297
6027,0.5145011936
6028,0.5144940054
6029,0.5144851825
6030,0.5144755104
6031,0.5144657851
6032,0.514458446
6033,0.5144499121
6034,0.5144403127
6035,0.5144306567
6036,0.5144236254
6037,0.514414902
6038,0.5144052205
6039,0.5143955848
6040,0.514388399
6041,0.5143797373
6042,0.5143701582
6043,0.5143604689
6044,0.5143532728
6045,0.5143445666
6046,0.5143351969
6047,0.5143257119
6048,0.5143186781
6049,0.5143102662
6050,0.514300753
6051,0.5142914421
6052,0.5142842936
6053,0.5142758792
6054,0.5142664022
6055,0.5142571966
6056,0.514250041
6057,0.5142416191
6058,0.5142319668
6059,0.5142226056
6060,0.5142153536
6061,0.5142070388
6062,0.5141978867
6063,0.5141882882
6064,0.5141813568
6065,0.5141729568
6066,0.5141636229
6067,0.5141544049
6068,0.514147578
6069,0.5141391424
6070,0.5141295978
6071,0.5141203844
6072,0.5141133417
6073,0.5141049975
6074,0.5140957673
6075,0.5140864936
6076,0.5140795944
6077,0.5140715347
6078,0.5140623866
6079,0.5140529445
6080,0.5140458347
6081,0.5140372827
6082,0.5140280733
6083,0.5140185794
6084,0.5140116719
6085,0.5140033241
6086,0.5139938824
6087,0.5139844097
6088,0.5139775035
6089,0.5139689004
6090,0.5139593417
6091,0.5139500492
6092,0.513942964
6093,0.5139346304
6094,0.5139254464
6095,0.5139163424
6096,0.5139570211
6097,0.5140124822
6098,0.5140679397
6099,0.5141236122
6100,0.5146901303
6101,0.5146988472
6102,0.5146896255
6103,0.5146802629
6104,0.514673291
6105,0.5146646044
6106,0.5146552531
6107,0.5146458599
6108,0.5146389343
6109,0.5146301978
6110,0.5146208374
6111,0.5146113332
6112,0.5146043785
6113,0.5145958911
6114,0.5145862587
6115,0.5145770584
6116,0.5145698802
6117,0.5145613142
6118,0.5145520249
6119,0.5145425969
6120,0.5145357057
6121,0.5145270229
6122,0.514517688
6123,0.5145083188
6124,0.5145011713
6125,0.5144928262
6126,0.5144836082
6127,0.5144741659
6128,0.5144670551
6129,0.5144583365
6130,0.514448849
6131,0.5144396737
6132,0.5144327929
6133,0.5144242011
6134,0.5144147508
6135,0.5144053042
6136,0.5143981826
6137,0.5143896696
6138,0.5143804567
6139,0.5143709671
6140,0.5143638511
6141,0.5143553762
6142,0.5143459852
6143,0.5143365824
6144,0.5143295228
6145,0.5143209103
6146,0.5143117057
6147,0.5143023409
6148,0.5142952315
6149,0.5142866812
6150,0.5142772684
6151,0.5142678751
6152,0.5142610061
6153,0.5142523704
6154,0.5142431187
6155,0.5142340254
6156,0.5142269363
6157,0.5142185638
6158,0.5142089803
6159,0.5141995948
6160,0.5141925936
6161,0.514183985
6162,0.5141745736
6163,0.5141655549
6164,0.5141586624
6165,0.5141499841
6166,0.5141406866
6167,0.5141312964
6168,0.5141243197
6169,0.5141160692
6170,0.5141067487
6171,0.5140976814
6172,0.5140906108
6173,0.5140821774
6174,0.5140728246
6175,0.5140633888
6176,0.5140564092
6177,0.514047913
6178,0.514038568
6179,0.5140294565
6180,0.5140224816
6181,0.5140140139
6182,0.5140047546
6183,0.5139957646
6184,0.51398887
6185,0.5139803336
6186,0.5139710289
6187,0.5139619553
6188,0.5139554698
6189,0.5139468114
6190,0.5139375404
6191,0.5139285899
6192,0.5139221066
6193,0.51391342
6194,0.5139043364
6195,0.5138950023
6196,0.5139351489
6197,0.5139896679
6198,0.5140444323
6199,0.5140990723
6200,0.5146385896
6201,0.5146471655
6202,0.5146378295
6203,0.5146285974
6204,0.5146219823
6205,0.5146131904
6206,0.5146039342
6207,0.5145946642
6208,0.5145880174
6209,0.5145793272
6210,0.5145700784
6211,0.514561094
6212,0.5145544041
6213,0.5145457959
6214,0.5145368811
6215,0.5145275724
6216,0.5145208905
6217,0.5145125178
6218,0.5145032378
6219,0.5144941068
6220,0.5144874567
6221,0.5144789467
6222,0.5144696668
6223,0.5144603718
6224,0.5144539808
6225,0.5144453683
6226,0.514436067
6227,0.5144268774
6228,0.5144204753
6229,0.5144118157
6230,0.514402597
6231,0.5143934232
6232,0.5143869911
6233,0.5143784
6234,0.5143691379
6235,0.5143597842
6236,0.514353313
6237,0.514344593
6238,0.5143353465
6239,0.5143261315
6240,0.514319871
6241,0.5143113066
6242,0.5143022245
6243,0.514293046
6244,0.5142868635
6245,0.5142786837
6246,0.5142694861
6247,0.5142604714
6248,0.5142541744
6249,0.5142457682
6250,0.5142366622
6251,0.5142276475
6252,0.5142213204
6253,0.5142129248
6254,0.5142037769
6255,0.5141947151
6256,0.5141882725
6257,0.5141799985
6258,0.514171028
6259,0.5141622108
6260,0.5141557589
6261,0.5141474569
6262,0.5141387557
6263,0.5141297319
6264,0.5141232786
6265,0.5141148841
6266,0.5141057898
6267,0.5140966864
6268,0.5140904147
6269,0.5140820432
6270,0.5140729161
6271,0.5140638161
6272,0.5140575248
6273,0.5140495026
6274,0.514040423
6275,0.5140313201
6276,0.5140250141
6277,0.514016738
6278,0.514007689
6279,0.5139986587
6280,0.513992499
6281,0.5139841882
6282,0.5139750893
6283,0.5139664244
6284,0.5139601879
6285,0.5139518451
6286,0.513942848
6287,0.5139339474
6288,0.5139278598
6289,0.5139196299
6290,0.5139105775
6291,0.5139018347
6292,0.5138958242
6293,0.5138876232
6294,0.5138789378
6295,0.5138698633
6296,0.5139097725
6297,0.5139634892
6298,0.5140174356
6299,0.5140713051
6300,0.5146243973
6301,0.514632806
6302,0.5146237084
6303,0.5146146786
6304,0.514608388
6305,0.5146000542
6306,0.5145909659
6307,0.5145818178
6308,0.514575677
6309,0.5145676651
6310,0.5145586373
6311,0.5145495916
6312,0.5145431182
6313,0.5145349608
6314,0.5145258691
6315,0.5145168904
6316,0.5145104694
6317,0.5145021533
6318,0.5144929772
6319,0.5144843881
6320,0.5144781006
6321,0.5144698856
6322,0.5144610849
6323,0.514452013
6324,0.5144456495
6325,0.5144373655
6326,0.5144282803
6327,0.5144192456
6328,0.5144129485
6329,0.5144047403
6330,0.5143957061
6331,0.514386986
6332,0.5143806779
6333,0.5143723432
6334,0.5143635735
6335,0.5143548401
6336,0.5143484873
6337,0.5143402359
6338,0.5143312452
6339,0.5143224153
6340,0.5143164043
6341,0.5143081933
6342,0.5142992606
6343,0.514290324
6344,0.5142839882
6345,0.5142759078
6346,0.5142670951
6347,0.5142581016
6348,0.5142518138
6349,0.5142438364
6350,0.5142349957
6351,0.5142259031
6352,0.5142199363
6353,0.5142117353
6354,0.5142027312
6355,0.5141937705
6356,0.5141875635
6357,0.5141792507
6358,0.5141701874
6359,0.5141615703
6360,0.5141553857
6361,0.5141471923
6362,0.5141382761
6363,0.5141293702
6364,0.5141231944
6365,0.5141149764
6366,0.5141062065
6367,0.514097581
6368,0.5140913384
6369,0.5140829862
6370,0.514074178
6371,0.5140652694
6372,0.5140591392
6373,0.5140509663
6374,0.5140422593
6375,0.5140337464
6376,0.5140276119
6377,0.5140194863
6378,0.5140109387
6379,0.5140023368
6380,0.5139965814
6381,0.5139883925
6382,0.5139795836
6383,0.5139708728
6384,0.5139649883
6385,0.5139568489
6386,0.5139480929
6387,0.5139395585
6388,0.5139335706
6389,0.5139257669
6390,0.5139171136
6391,0.5139083888
6392,0.5139023728
6393,0.5138943862
6394,0.513885867
6395,0.5138771729
6396,0.5139170406
6397,0.5139702517
6398,0.5140234894
6399,0.5140769044
6400,0.5145817393
6401,0.5145900096
6402,0.514581208
6403,0.514572351
6404,0.5145662991
6405,0.5145581504
6406,0.5145497067
6407,0.5145410807
6408,0.5145351028
6409,0.5145270421
6410,0.5145184437
6411,0.5145096511
6412,0.5145036021
6413,0.514495828
6414,0.5144873525
6415,0.5144786805
6416,0.5144727818
6417,0.5144649655
6418,0.5144563808
6419,0.514447623
6420,0.5144417898
6421,0.5144336637
6422,0.5144249341
6423,0.514416152
6424,0.5144103207
6425,0.5144026015
6426,0.5143939081
6427,0.5143851168
6428,0.5143791099
6429,0.5143713355
6430,0.5143627757
6431,0.51435397
6432,0.5143482203
6433,0.5143401357
6434,0.5143313285
6435,0.5143226523
6436,0.5143166574
6437,0.5143089991
6438,0.5143004246
6439,0.514291701
6440,0.5142862634
6441,0.5142782887
6442,0.5142697989
6443,0.5142614679
6444,0.5142557499
6445,0.5142479858
6446,0.5142392201
6447,0.5142308422
6448,0.514225318
6449,0.5142172932
6450,0.5142088714
6451,0.5142002429
6452,0.514194542
6453,0.51418679
6454,0.5141784783
6455,0.5141697855
6456,0.5141638002
6457,0.5141559874
6458,0.5141472129
6459,0.5141386711
6460,0.5141329313
6461,0.5141250624
6462,0.5141163784
6463,0.5141077926
6464,0.5141020592
6465,0.5140941625
6466,0.5140854112
6467,0.5140768613
6468,0.5140710122
6469,0.5140634081
6470,0.5140548324
6471,0.5140465008
6472,0.5140408749
6473,0.5140329783
6474,0.5140246354
6475,0.5140160237
6476,0.5140104699
6477,0.5140026444
6478,0.5139942138
6479,0.5139856956
6480,0.5139799881
6481,0.5139723012
6482,0.5139637622
6483,0.513955207
6484,0.5139497232
6485,0.5139419284
6486,0.5139332708
6487,0.5139247951
6488,0.5139189041
6489,0.51391092
6490,0.5139025586
6491,0.5138940333
6492,0.5138882139
6493,0.5138802213
6494,0.5138716711
6495,0.5138632897
6496,0.5139025605
6497,0.5139552772
6498,0.514007752
6499,0.5140603593
6500,0.5145431196
6501,0.5145512816
6502,0.5145428491
6503,0.5145341543
6504,0.5145281701
6505,0.5145205074
6506,0.5145119407
6507,0.5145033133
6508,0.5144975626
6509,0.5144897649
6510,0.5144813497
6511,0.5144725891
6512,0.5144668903
6513,0.5144588942
6514,0.5144504641
6515,0.5144418101
6516,0.514436143
6517,0.5144284374
6518,0.5144197724
6519,0.5144112494
6520,0.5144054133
6521,0.5143977253
6522,0.5143888874
6523,0.5143801287
6524,0.5143742269
6525,0.5143663767
6526,0.5143576818
6527,0.514349008
6528,0.5143428629
6529,0.5143347654
6530,0.5143264319
6531,0.5143178961
6532,0.5143119611
6533,0.5143040137
6534,0.5142952308
6535,0.5142865413
6536,0.5142808108
6537,0.5142727706
6538,0.5142640389
6539,0.5142555577
6540,0.5142497544
6541,0.5142421325
6542,0.5142339043
6543,0.5142253521
6544,0.5142194029
6545,0.514211438
6546,0.5142029939
6547,0.5141942982
6548,0.5141882371
6549,0.5141802751
6550,0.5141714669
6551,0.5141629573
6552,0.5141572533
6553,0.5141492503
6554,0.5141408106
6555,0.5141322958
6556,0.5141266862
6557,0.5141189369
6558,0.5141105652
6559,0.514101923
6560,0.5140961328
6561,0.5140885386
6562,0.5140800076
6563,0.5140717156
6564,0.5140656511
6565,0.5140580137
6566,0.5140494485
6567,0.5140408367
6568,0.5140349785
6569,0.5140272691
6570,0.5140189323
6571,0.5140103847
6572,0.514004573
6573,0.513997051
6574,0.513988488
6575,0.5139798605
6576,0.5139742843
6577,0.5139667732
6578,0.5139580902
6579,0.5139495772
6580,0.5139438349
6581,0.5139359455
6582,0.513927292
6583,0.5139188796
6584,0.5139130251
6585,0.5139055191
6586,0.5138969567
6587,0.5138883288
6588,0.5138827122
6589,0.5138748502
6590,0.513866615
6591,0.5138583625
6592,0.5138524634
6593,0.513844845
6594,0.5138364947
6595,0.5138281
6596,0.5138662247
6597,0.5139175963
6598,0.5139691518
6599,0.5140208921
6600,0.5145264309
6601,0.5145343748
6602,0.5145257863
6603,0.5145172985
6604,0.5145114105
6605,0.5145037745
6606,0.514495199
6607,0.5144868542
6608,0.5144809127
6609,0.5144730137
6610,0.5144647252
6611,0.5144560801
6612,0.5144503132
6613,0.514442373
6614,0.5144340716
6615,0.5144256592
6616,0.5144199081
6617,0.5144120107
6618,0.5144035409
6619,0.51439485
6620,0.5143889261
6621,0.5143814149
6622,0.5143727742
6623,0.5143644261
6624,0.5143588353
6625,0.51435083
6626,0.514342409
6627,0.5143340061
6628,0.5143281024
6629,0.5143204501
6630,0.5143121866
6631,0.5143035702
6632,0.5142978589
6633,0.5142899726
6634,0.514281347
6635,0.5142727726
6636,0.5142670644
6637,0.5142592794
6638,0.51425085
6639,0.5142422881
6640,0.5142367756
6641,0.5142290104
6642,0.5142203769
6643,0.5142119672
6644,0.5142063057
6645,0.5141985289
6646,0.5141902001
6647,0.5141819995
6648,0.5141760949
6649,0.5141683649
6650,0.5141601533
6651,0.5141516159
6652,0.5141456454
6653,0.5141381131
6654,0.5141297476
6655,0.5141212186
6656,0.514115289
6657,0.5141076394
6658,0.5140993951
6659,0.5140912086
6660,0.5140854448
6661,0.5140776977
6662,0.5140694699
6663,0.5140609437
6664,0.5140553672
6665,0.5140475883
6666,0.5140392791
6667,0.5140309814
6668,0.514025386
6669,0.5140179029
6670,0.5140093256
6671,0.5140007982
6672,0.5139951235
6673,0.513987315
6674,0.5139786326
6675,0.5139700084
6676,0.513964308
6677,0.5139566659
6678,0.5139483415
6679,0.5139401238
6680,0.5139344702
6681,0.5139268308
6682,0.5139183956
6683,0.5139100345
6684,0.5139042275
6685,0.5138962603
6686,0.5138876666
6687,0.5138793199
6688,0.5138736214
6689,0.5138659601
6690,0.5138576477
6691,0.5138491591
6692,0.5138434753
6693,0.5138358143
6694,0.5138274694
6695,0.5138190512
6696,0.5138564684
6697,0.5139067249
6698,0.5139571215
6699,0.5140077695
6700,0.5144593123
6701,0.5144667341
6702,0.5144579659
6703,0.5144496233
6704,0.5144434745
6705,0.5144355418
6706,0.5144268902
6707,0.5144182139
6708,0.5144121829
6709,0.5144040165
6710,0.5143955417
6711,0.5143870863
6712,0.5143811996
6713,0.5143735486
6714,0.5143651688
6715,0.5143567677
6716,0.5143509983
6717,0.5143432792
6718,0.5143346621
6719,0.5143262262
6720,0.5143201628
6721,0.5143123337
6722,0.5143037788
6723,0.5142953383
6724,0.5142893938
6725,0.5142814156
6726,0.5142728302
6727,0.5142642049
6728,0.5142584525
6729,0.5142503399
6730,0.514241568
6731,0.514233125
6732,0.5142271139
6733,0.5142191048
6734,0.5142106181
6735,0.5142021077
6736,0.5141961545
6737,0.5141885079
6738,0.5141797727
6739,0.5141714831
6740,0.5141654717
6741,0.5141574332
6742,0.5141490914
6743,0.514140656
6744,0.5141349379
6745,0.5141272488
6746,0.5141189041
6747,0.514110454
6748,0.5141045053
6749,0.5140968347
6750,0.5140885452
6751,0.5140799515
6752,0.5140740222
6753,0.514066477
6754,0.5140581
6755,0.5140495101
6756,0.5140435078
6757,0.5140358385
6758,0.5140275471
6759,0.5140190494
6760,0.5140130997
6761,0.5140052975
6762,0.5139969817
6763,0.5139888329
6764,0.5139830432
6765,0.5139754177
6766,0.5139669136
6767,0.5139584198
6768,0.5139527671
6769,0.5139450326
6770,0.5139367444
6771,0.5139284858
6772,0.5139229655
6773,0.5139153871
6774,0.5139067658
6775,0.5138981336
6776,0.5138925045
6777,0.5138848633
6778,0.5138764881
6779,0.5138682458
6780,0.5138625005
6781,0.5138548259
6782,0.5138466002
6783,0.5138381276
6784,0.5138326343
6785,0.5138250464
6786,0.513816822
6787,0.5138083262
6788,0.5138025104
6789,0.5137946186
6790,0.5137860165
6791,0.513777734
6792,0.5137718132
6793,0.5137641053
6794,0.5137559103
6795,0.5137473766
6796,0.5137843506
6797,0.5138336117
6798,0.5138832964
6799,0.513932787
6800,0.5144146684
6801,0.5144225145
6802,0.5144142479
6803,0.5144058794
6804,0.5143999029
6805,0.5143921361
6806,0.5143833643
6807,0.5143749699
6808,0.5143690448
6809,0.5143612509
6810,0.5143527896
6811,0.5143443789
6812,0.5143386184
6813,0.514330664
6814,0.5143223457
6815,0.5143136596
6816,0.5143076176
6817,0.5142995043
6818,0.5142910894
6819,0.5142826643
6820,0.5142769479
6821,0.5142691571
6822,0.5142606509
6823,0.5142523488
6824,0.5142462707
6825,0.5142385574
6826,0.5142301099
6827,0.5142217826
6828,0.514216153
6829,0.514208283
6830,0.5141999729
6831,0.5141915196
6832,0.5141855786
6833,0.5141776997
6834,0.5141693347
6835,0.5141610245
6836,0.5141552905
6837,0.5141476492
6838,0.514139388
6839,0.5141310925
6840,0.5141253455
6841,0.5141177812
6842,0.5141092645
6843,0.5141009913
6844,0.514094938
6845,0.5140873486
6846,0.5140789885
6847,0.5140706332
6848,0.5140649782
6849,0.5140573222
6850,0.5140490184
6851,0.5140404309
6852,0.5140343938
6853,0.5140268157
6854,0.5140186627
6855,0.5140101403
6856,0.5140041418
6857,0.5139960202
6858,0.5139877674
6859,0.5139793765
6860,0.5139733557
6861,0.5139656095
6862,0.5139572277
6863,0.513948766
6864,0.5139430109
6865,0.5139353928
6866,0.5139269757
6867,0.5139185438
6868,0.513912927
6869,0.5139052607
6870,0.5138967194
6871,0.5138881422
6872,0.5138824214
6873,0.5138747464
6874,0.5138665832
6875,0.5138585
6876,0.5138527879
6877,0.513845244
6878,0.5138371761
6879,0.5138287372
6880,0.5138227808
6881,0.5138149145
6882,0.5138062905
6883,0.5137979381
6884,0.5137921874
6885,0.5137846145
6886,0.5137761139
6887,0.5137677242
6888,0.5137617135
6889,0.5137539587
6890,0.5137453392
6891,0.5137368391
6892,0.5137306834
6893,0.5137226983
6894,0.5137142205
6895,0.5137059244
6896,0.5137417842
6897,0.5137900836
6898,0.5138383575
6899,0.513886934
6900,0.5143403818
6901,0.5143475
6902,0.5143389991
6903,0.5143305891
6904,0.514324564
6905,0.5143167326
6906,0.5143082354
6907,0.5142999296
6908,0.5142940121
6909,0.5142858609
6910,0.5142773836
6911,0.514268851
6912,0.5142626773
6913,0.5142548391
6914,0.5142462258
6915,0.5142375669
6916,0.5142315826
6917,0.5142236739
6918,0.5142152356
6919,0.5142068335
6920,0.5142008562
6921,0.514192705
6922,0.5141842427
6923,0.5141758258
6924,0.5141698399
6925,0.5141621112
6926,0.514153595
6927,0.5141450935
6928,0.5141391061
6929,0.5141313987
6930,0.51412307
6931,0.5141147023
6932,0.5141088445
6933,0.5141008014
6934,0.5140920136
6935,0.5140835372
6936,0.5140776038
6937,0.5140697533
6938,0.5140611983
6939,0.5140527144
6940,0.5140467592
6941,0.5140385615
6942,0.5140301783
6943,0.5140215473
6944,0.5140157525
6945,0.5140075715
6946,0.5139988845
6947,0.5139903602
6948,0.5139844181
6949,0.5139766871
6950,0.5139684276
6951,0.5139597141
6952,0.5139537971
6953,0.5139460263
6954,0.5139373506
6955,0.5139286961
6956,0.5139227907
6957,0.5139150409
6958,0.5139066378
6959,0.5138982662
6960,0.5138921353
6961,0.5138845244
6962,0.513875857
6963,0.5138674514
6964,0.5138615717
6965,0.513853938
6966,0.5138455019
6967,0.5138371621
6968,0.5138313162
6969,0.5138236758
6970,0.5138152217
6971,0.5138065723
6972,0.5138004684
6973,0.5137928599
6974,0.513784132
6975,0.5137757457
6976,0.5137696412
6977,0.5137621111
6978,0.5137538218
6979,0.513745444
6980,0.5137396244
6981,0.5137320871
6982,0.5137237686
6983,0.5137153576
6984,0.5137093797
6985,0.5137014401
6986,0.5136930403
6987,0.5136846782
6988,0.5136786445
6989,0.5136710517
6990,0.5136626492
6991,0.5136543413
6992,0.5136483267
6993,0.5136406899
6994,0.5136323319
6995,0.5136240276
6996,0.5136594896
6997,0.5137070652
6998,0.5137548152
6999,0.513802537
7000,0.5142187022
7001,0.5142255644
7002,0.5142171063
7003,0.5142087811
7004,0.5142026228
7005,0.5141945629
7006,0.5141858394
7007,0.5141772479
7008,0.5141714287
7009,0.5141633996
7010,0.5141548424
7011,0.5141464653
7012,0.5141407134
7013,0.5141330113
7014,0.5141244924
7015,0.5141161282
7016,0.5141100874
7017,0.5141024347
7018,0.5140940306
7019,0.5140857829
7020,0.5140800163
7021,0.5140724101
7022,0.5140640265
7023,0.5140554124
7024,0.5140496247
7025,0.5140418864
7026,0.5140334976
7027,0.5140252215
7028,0.5140191429
7029,0.5140113468
7030,0.5140030016
7031,0.5139946235
7032,0.5139888666
7033,0.5139812213
7034,0.513972712
7035,0.5139643863
7036,0.5139585853
7037,0.5139505931
7038,0.5139419639
7039,0.5139336527
7040,0.5139278286
7041,0.5139199998
7042,0.513911582
7043,0.5139032036
7044,0.5138973835
7045,0.5138894083
7046,0.5138810898
7047,0.5138728472
7048,0.5138668982
7049,0.5138591985
7050,0.513850867
7051,0.513842389
7052,0.5138362501
7053,0.5138284275
7054,0.5138200556
7055,0.5138113765
7056,0.5138055576
7057,0.5137977693
7058,0.5137894742
7059,0.5137811658
7060,0.5137750506
7061,0.5137673778
7062,0.5137587157
7063,0.5137504049
7064,0.5137444866
7065,0.5137366965
7066,0.5137280769
7067,0.5137196954
7068,0.51371378
7069,0.5137059043
7070,0.5136975246
7071,0.5136891174
7072,0.5136832223
7073,0.513675411
7074,0.5136670342
7075,0.5136586363
7076,0.5136526785
7077,0.5136446547
7078,0.513636216
7079,0.5136278439
7080,0.5136219375
7081,0.5136143433
7082,0.5136057154
7083,0.5135970646
7084,0.5135912855
7085,0.5135836139
7086,0.5135752207
7087,0.5135668793
7088,0.5135610459
7089,0.5135533919
7090,0.5135448255
7091,0.5135361734
7092,0.5135301377
7093,0.5135222296
7094,0.5135138667
7095,0.5135055218
7096,0.5135400583
7097,0.5135866236
7098,0.5136333415
7099,0.5136798212
7100,0.5141193335
7101,0.5141259938
7102,0.5141176405
7103,0.5141092668
7104,0.5141035143
7105,0.5140957129
7106,0.5140871216
7107,0.5140787506
7108,0.5140728337
7109,0.514065102
7110,0.5140566309
7111,0.5140479803
7112,0.5140422571
7113,0.5140343299
7114,0.5140260112
7115,0.5140173209
7116,0.5140111875
7117,0.5140033195
7118,0.5139950061
7119,0.5139866674
7120,0.5139806277
7121,0.5139729031
7122,0.5139645611
7123,0.5139561216
7124,0.5139503546
7125,0.5139425617
7126,0.5139341756
7127,0.5139258071
7128,0.5139197508
7129,0.5139119193
7130,0.5139036571
7131,0.5138953059
7132,0.5138895471
7133,0.5138818603
7134,0.5138733124
7135,0.5138647473
7136,0.5138589499
7137,0.5138512478
7138,0.5138429874
7139,0.5138345861
7140,0.5138287729
7141,0.5138208563
7142,0.513812507
7143,0.5138043093
7144,0.5137983749
7145,0.5137906088
7146,0.5137820765
7147,0.5137736101
7148,0.513767857
7149,0.5137599078
7150,0.5137514284
7151,0.5137429774
7152,0.5137371354
7153,0.5137295065
7154,0.5137212831
7155,0.5137130769
7156,0.5137071407
7157,0.5136993727
7158,0.5136909674
7159,0.5136827233
7160,0.5136769392
7161,0.5136693998
7162,0.5136611629
7163,0.5136528004
7164,0.5136469195
7165,0.5136392055
7166,0.5136306114
7167,0.5136223698
7168,0.5136163425
7169,0.513608693
7170,0.5136004437
7171,0.513592054
7172,0.5135859322
7173,0.5135783797
7174,0.5135698912
7175,0.5135617192
7176,0.5135557959
7177,0.5135483357
7178,0.513540038
7179,0.5135315863
7180,0.5135257847
7181,0.513518284
7182,0.5135098209
7183,0.5135015401
7184,0.5134956567
7185,0.5134878235
7186,0.5134795894
7187,0.5134713388
7188,0.5134653217
7189,0.51345769
7190,0.5134493568
7191,0.5134411346
7192,0.5134353542
7193,0.5134276604
7194,0.5134194381
7195,0.5134112148
7196,0.5134452656
7197,0.5134912277
7198,0.5135370907
7199,0.5135832328
7200,0.5140047718
7201,0.5140112289
7202,0.514002594
7203,0.5139943534
7204,0.5139886135
7205,0.513980871
7206,0.5139724619
7207,0.5139641844
7208,0.5139583431
7209,0.5139503266
7210,0.5139420968
7211,0.5139338104
7212,0.5139280389
7213,0.5139202833
7214,0.5139120274
7215,0.5139037142
7216,0.513897856
7217,0.5138900888
7218,0.5138816852
7219,0.5138731688
7220,0.5138673552
7221,0.5138597456
7222,0.5138514668
7223,0.5138434428
7224,0.5138377101
7225,0.5138300031
7226,0.5138217955
7227,0.5138133075
7228,0.5138074225
7229,0.5137997899
7230,0.5137913091
7231,0.5137830942
7232,0.5137772863
7233,0.5137696685
7234,0.5137614872
7235,0.5137530478
7236,0.5137472775
7237,0.5137398244
7238,0.513731572
7239,0.5137232666
7240,0.5137175461
7241,0.5137095673
7242,0.5137012103
7243,0.5136930444
7244,0.5136872968
7245,0.5136799035
7246,0.5136718043
7247,0.5136635701
7248,0.5136578364
7249,0.5136502543
7250,0.5136418936
7251,0.5136338182
7252,0.5136278425
7253,0.5136204564
7254,0.513611926
7255,0.5136037164
7256,0.5135978696
7257,0.5135902357
7258,0.5135817766
7259,0.5135736101
7260,0.5135674813
7261,0.5135597094
7262,0.5135512423
7263,0.5135430522
7264,0.5135373329
7265,0.5135299574
7266,0.5135217363
7267,0.5135137316
7268,0.5135080168
7269,0.5135005021
7270,0.5134923863
7271,0.5134842709
7272,0.5134786281
7273,0.513470831
7274,0.5134626608
7275,0.5134543842
7276,0.5134485774
7277,0.5134409551
7278,0.5134326293
7279,0.5134243598
7280,0.513418708
7281,0.5134110645
7282,0.5134029291
7283,0.513394489
7284,0.5133885651
7285,0.5133809198
7286,0.5133727352
7287,0.5133646631
7288,0.5133586376
7289,0.5133510624
7290,0.5133428417
7291,0.5133346682
7292,0.5133288637
7293,0.5133211311
7294,0.5133130136
7295,0.5133045644
7296,0.5133384131
7297,0.5133836191
7298,0.5134288957
7299,0.5134741739
7300,0.5139135901
7301,0.5139197235
7302,0.5139116194
7303,0.5139035098
7304,0.5138977336
7305,0.5138901827
7306,0.5138818753
7307,0.5138734796
7308,0.5138676338
7309,0.5138601352
7310,0.5138517878
7311,0.5138435098
7312,0.5138377256
7313,0.5138302133
7314,0.5138221839
7315,0.5138139059
7316,0.5138081136
7317,0.5138006847
7318,0.5137924717
7319,0.5137841959
7320,0.513778553
7321,0.5137710145
7322,0.5137625542
7323,0.5137544422
7324,0.5137486385
7325,0.5137409297
7326,0.5137328534
7327,0.5137243966
7328,0.5137187061
7329,0.5137111607
7330,0.5137029801
7331,0.5136947092
7332,0.513688925
7333,0.5136810124
7334,0.5136726149
7335,0.5136644557
7336,0.5136585879
7337,0.5136507115
7338,0.5136425073
7339,0.5136342823
7340,0.5136284418
7341,0.5136210554
7342,0.5136126946
7343,0.513604549
7344,0.5135988216
7345,0.5135912111
7346,0.5135829736
7347,0.5135748905
7348,0.5135689044
7349,0.5135610579
7350,0.5135528635
7351,0.5135447862
7352,0.5135391219
7353,0.5135314589
7354,0.5135232836
7355,0.5135151029
7356,0.5135094739
7357,0.5135018948
7358,0.5134936693
7359,0.5134852564
7360,0.5134795947
7361,0.5134720499
7362,0.5134638529
7363,0.513455535
7364,0.5134497542
7365,0.5134422705
7366,0.5134341324
7367,0.5134257096
7368,0.5134199862
7369,0.5134125639
7370,0.5134042555
7371,0.5133961196
7372,0.5133904642
7373,0.5133831287
7374,0.5133749582
7375,0.5133667663
7376,0.5133607709
7377,0.513353318
7378,0.5133452853
7379,0.5133372044
7380,0.5133315029
7381,0.5133241022
7382,0.5133159497
7383,0.5133078654
7384,0.5133021828
7385,0.5132944084
7386,0.5132862853
7387,0.5132781355
7388,0.5132724398
7389,0.5132650351
7390,0.5132571351
7391,0.5132488266
7392,0.5132430187
7393,0.5132355295
7394,0.5132272081
7395,0.5132191087
7396,0.5132522197
7397,0.5132966486
7398,0.5133409707
7399,0.5133854808
7400,0.5138012639
7401,0.5138073721
7402,0.5137989189
7403,0.5137906765
7404,0.5137848833
7405,0.5137769834
7406,0.513768578
7407,0.5137601284
7408,0.5137543615
7409,0.5137466576
7410,0.5137382682
7411,0.5137300268
7412,0.5137242554
7413,0.5137162671
7414,0.5137078639
7415,0.51369965
7416,0.5136937415
7417,0.5136859948
7418,0.5136776332
7419,0.5136694656
7420,0.5136634541
7421,0.513655529
7422,0.5136473152
7423,0.5136391237
7424,0.5136334137
7425,0.5136257439
7426,0.5136175237
7427,0.5136094922
7428,0.5136037332
7429,0.5135960126
7430,0.5135877669
7431,0.5135795935
7432,0.5135739945
7433,0.5135662956
7434,0.5135579535
7435,0.5135495358
7436,0.5135435714
7437,0.5135358756
7438,0.5135277123
7439,0.5135195115
7440,0.5135135141
7441,0.513505872
7442,0.5134977123
7443,0.513489653
7444,0.5134838628
7445,0.5134764047
7446,0.5134680817
7447,0.5134599927
7448,0.5134542927
7449,0.5134467393
7450,0.5134385498
7451,0.5134304233
7452,0.5134246939
7453,0.5134170538
7454,0.5134087139
7455,0.5134005525
7456,0.5133944731
7457,0.513386798
7458,0.5133788741
7459,0.5133707764
7460,0.5133651865
7461,0.5133572085
7462,0.5133491991
7463,0.5133407701
7464,0.5133347856
7465,0.5133271709
7466,0.51331908
7467,0.5133110786
7468,0.5133054076
7469,0.5132976016
7470,0.5132895621
7471,0.5132813556
7472,0.5132756514
7473,0.5132679603
7474,0.51325981
7475,0.5132517566
7476,0.5132460274
7477,0.5132384247
7478,0.5132301667
7479,0.5132220531
7480,0.5132164938
7481,0.5132089259
7482,0.5132008106
7483,0.5131926292
7484,0.5131868448
7485,0.5131791551
7486,0.5131709786
7487,0.5131629811
7488,0.5131572705
7489,0.5131497211
7490,0.5131415437
7491,0.513133417
7492,0.5131278064
7493,0.5131201289
7494,0.5131121354
7495,0.5131040931
7496,0.5131364877
7497,0.5131802599
7498,0.5132240258
7499,0.513267767
7500,0.5136620319
7501,0.5136676912
7502,0.5136595991
7503,0.5136515089
7504,0.5136458354
7505,0.5136378767
7506,0.5136295487
7507,0.5136211906
7508,0.5136152099
7509,0.513607557
7510,0.5135994026
7511,0.51359116
7512,0.5135853855
7513,0.5135776165
7514,0.513569227
7515,0.5135611956
7516,0.5135554123
7517,0.5135473944
7518,0.5135394028
7519,0.5135311015
7520,0.5135252617
7521,0.5135173978
7522,0.513509178
7523,0.5135009714
7524,0.513495221
7525,0.5134874583
7526,0.5134791372
7527,0.5134706009
7528,0.5134649981
7529,0.5134572917
7530,0.5134491411
7531,0.5134409532
7532,0.5134351742
7533,0.5134274138
7534,0.5134192371
7535,0.5134110548
7536,0.5134052576
7537,0.5133977794
7538,0.5133896784
7539,0.5133815322
7540,0.5133755441
7541,0.5133679583
7542,0.5133596199
7543,0.5133512874
7544,0.5133455023
7545,0.5133377757
7546,0.5133296821
7547,0.5133215517
7548,0.513315821
7549,0.5133082583
7550,0.5133002847
7551,0.5132921667
7552,0.5132863807
7553,0.5132787375
7554,0.5132706562
7555,0.5132626574
7556,0.5132569756
7557,0.5132492305
7558,0.5132410658
7559,0.5132329189
7560,0.5132270518
7561,0.5132194552
7562,0.5132113259
7563,0.5132031772
7564,0.5131975346
7565,0.5131898905
7566,0.5131818324
7567,0.5131737426
7568,0.5131680666
7569,0.5131605164
7570,0.5131521974
7571,0.5131441147
7572,0.5131381387
7573,0.5131303803
7574,0.5131223061
7575,0.5131140785
7576,0.5131083906
7577,0.5131007824
7578,0.5130927011
7579,0.5130845549
7580,0.5130788154
7581,0.5130712318
7582,0.5130631581
7583,0.5130549894
7584,0.5130491672
7585,0.5130416499
7586,0.5130335083
7587,0.5130301809
7588,0.5130288865
7589,0.5130217317
7590,0.5130136934
7591,0.5130055392
7592,0.5129996821
7593,0.5129922132
7594,0.5129841231
7595,0.5129761045
7596,0.5130084827
7597,0.5130514962
7598,0.5130944548
7599,0.5131371889
7600,0.5135523838
7601,0.5135580767
7602,0.5135498936
7603,0.5135417927
7604,0.513536005
7605,0.5135283228
7606,0.5135202158
7607,0.5135122543
7608,0.513506417
7609,0.5134988413
7610,0.5134907007
7611,0.513482498
7612,0.5134766549
7613,0.5134689198
7614,0.5134605778
7615,0.5134522113
7616,0.5134462705
7617,0.5134386184
7618,0.5134305462
7619,0.5134221749
7620,0.5134164788
7621,0.5134087768
7622,0.5134006366
7623,0.5133925675
7624,0.5133866847
7625,0.5133791157
7626,0.5133711133
7627,0.5133630421
7628,0.5133572212
7629,0.5133495755
7630,0.5133415358
7631,0.513333369
7632,0.5133276301
7633,0.5133200422
7634,0.5133117154
7635,0.5133036074
7636,0.5132977963
7637,0.5132901496
7638,0.5132821403
7639,0.513274092
7640,0.5132683711
7641,0.5132606749
7642,0.5132526824
7643,0.5132446283
7644,0.5132388477
7645,0.5132314038
7646,0.5132233832
7647,0.5132152021
7648,0.5132093419
7649,0.5132015678
7650,0.5131935052
7651,0.5131855207
7652,0.5131796894
7653,0.5131720711
7654,0.5131638959
7655,0.5131555291
7656,0.5131497127
7657,0.5131421964
7658,0.5131342233
7659,0.5131261268
7660,0.5131202708
7661,0.5131126511
7662,0.5131045349
7663,0.5130965002
7664,0.5130906328
7665,0.5130831566
7666,0.5130751832
7667,0.5130669013
7668,0.5130611662
7669,0.5130535718
7670,0.5130453341
7671,0.5130374138
7672,0.5130318265
7673,0.5130242082
7674,0.5130162323
7675,0.5130081816
7676,0.513002325
7677,0.5129947382
7678,0.5129868283
7679,0.5129785079
7680,0.5129726914
7681,0.5129651091
7682,0.512957073
7683,0.5129487924
7684,0.5129430907
7685,0.51293529
7686,0.512927282
7687,0.5129192983
7688,0.5129134168
7689,0.5129058651
7690,0.5128975545
7691,0.5128894253
7692,0.5128838187
7693,0.5128763952
7694,0.5128684009
7695,0.5128603784
7696,0.5128918034
7697,0.51293413
7698,0.5129762577
7699,0.5130185532
7700,0.5134405529
7701,0.5134461388
7702,0.5134380785
7703,0.5134300176
7704,0.5134242262
7705,0.5134165316
7706,0.5134084045
7707,0.5134004767
7708,0.5133946838
7709,0.5133869425
7710,0.5133787733
7711,0.5133707005
7712,0.5133648767
7713,0.5133572691
7714,0.5133491558
7715,0.5133411182
7716,0.5133353559
7717,0.5133277515
7718,0.5133197391
7719,0.5133116833
7720,0.5133056276
7721,0.5132980024
7722,0.513289884
7723,0.5132818409
7724,0.5132760304
7725,0.5132685186
7726,0.513260361
7727,0.5132523119
7728,0.5132465473
7729,0.5132390585
7730,0.5132311586
7731,0.5132230482
7732,0.5132172467
7733,0.5132097316
7734,0.5132016566
7735,0.5131936276
7736,0.513187936
7737,0.5131803478
7738,0.5131719897
7739,0.5131637872
7740,0.5131581236
7741,0.5131506962
7742,0.5131425638
7743,0.5131345292
7744,0.5131287515
7745,0.5131212033
7746,0.5131130684
7747,0.5131049463
7748,0.5130991232
7749,0.5130916559
7750,0.5130837166
7751,0.5130756011
7752,0.5130699845
7753,0.5130625949
7754,0.5130546167
7755,0.5130466527
7756,0.5130408139
7757,0.5130331449
7758,0.513025307
7759,0.5130172923
7760,0.513011672
7761,0.5130041928
7762,0.5129963923
7763,0.5129883698
7764,0.512982689
7765,0.5129752966
7766,0.5129673892
7767,0.5129595076
7768,0.5129538647
7769,0.5129463291
7770,0.5129384728
7771,0.5129307451
7772,0.5129250698
7773,0.512917593
7774,0.5129093861
7775,0.5129014641
7776,0.5128957898
7777,0.5128883837
7778,0.5128805246
7779,0.5128723939
7780,0.5128667996
7781,0.5128591806
7782,0.5128511473
7783,0.5128432412
7784,0.5128375806
7785,0.5128299424
7786,0.5128220889
7787,0.5128142454
7788,0.5128086955
7789,0.5128012076
7790,0.5127932421
7791,0.5127852879
7792,0.5127795981
7793,0.5127721326
7794,0.5127641252
7795,0.512756302
7796,0.5127871391
7797,0.5128287671
7798,0.5128703473
7799,0.5129121932
7800,0.5132845773
7801,0.5132899774
7802,0.5132818769
7803,0.5132739784
7804,0.5132682799
7805,0.5132608262
7806,0.5132530163
7807,0.5132450877
7808,0.5132392247
7809,0.5132317231
7810,0.5132237655
7811,0.5132158497
7812,0.5132101901
7813,0.5132026754
7814,0.5131949726
7815,0.5131868685
7816,0.5131812054
7817,0.5131738608
7818,0.513165902
7819,0.5131580777
7820,0.5131524038
7821,0.5131449318
7822,0.5131370605
7823,0.513129303
7824,0.513123778
7825,0.5131162723
7826,0.5131084199
7827,0.5131004441
7828,0.5130945385
7829,0.5130869628
7830,0.5130790001
7831,0.5130711647
7832,0.5130656133
7833,0.5130583624
7834,0.5130504865
7835,0.5130426748
7836,0.5130372832
7837,0.5130297782
7838,0.513021929
7839,0.5130140322
7840,0.5130081865
7841,0.5130007141
7842,0.5129927916
7843,0.5129848542
7844,0.5129792661
7845,0.5129716546
7846,0.5129637544
7847,0.5129559351
7848,0.5129504329
7849,0.5129429595
7850,0.5129350769
7851,0.5129271767
7852,0.5129216003
7853,0.5129141767
7854,0.5129060411
7855,0.512898136
7856,0.5128925908
7857,0.5128852571
7858,0.5128774218
7859,0.5128695944
7860,0.5128639422
7861,0.5128565917
7862,0.5128487451
7863,0.5128409248
7864,0.5128353005
7865,0.5128278686
7866,0.512819955
7867,0.5128120723
7868,0.5128065257
7869,0.5127991425
7870,0.5127911912
7871,0.5127833869
7872,0.51277774
7873,0.5127702875
7874,0.5127623583
7875,0.5127543459
7876,0.5127489245
7877,0.5127414565
7878,0.5127336786
7879,0.5127260198
7880,0.5127205624
7881,0.5127131186
7882,0.5127052669
7883,0.5126975723
7884,0.5126919786
7885,0.5126844722
7886,0.5126767472
7887,0.5126690359
7888,0.5126635381
7889,0.5126559875
7890,0.5126482646
7891,0.5126403936
7892,0.5126349595
7893,0.5126274343
7894,0.5126195823
7895,0.512611842
7896,0.5126425331
7897,0.5126837316
7898,0.5127249184
7899,0.5127659845
7900,0.5131733295
7901,0.5131784599
7902,0.5131704764
7903,0.5131626731
7904,0.51315681
7905,0.5131494008
7906,0.5131416333
7907,0.5131337071
7908,0.5131282565
7909,0.5131207353
7910,0.5131128182
7911,0.5131049512
7912,0.5130993093
7913,0.5130918953
7914,0.5130840424
7915,0.5130763016
7916,0.5130706287
7917,0.5130632776
7918,0.5130553978
7919,0.5130475626
7920,0.5130419106
7921,0.5130345204
7922,0.513026778
7923,0.5130188898
7924,0.5130132864
7925,0.5130059838
7926,0.512998189
7927,0.5129903467
7928,0.5129846386
7929,0.5129774476
7930,0.5129696477
7931,0.5129618321
7932,0.5129561692
7933,0.5129487833
7934,0.5129409203
7935,0.5129331865
7936,0.5129275819
7937,0.5129201821
7938,0.5129124417
7939,0.5129045518
7940,0.5128986737
7941,0.5128912779
7942,0.5128834183
7943,0.5128752988
7944,0.5128694288
7945,0.5128619773
7946,0.5128541147
7947,0.5128464019
7948,0.5128408868
7949,0.512833563
7950,0.5128258042
7951,0.5128177346
7952,0.5128122669
7953,0.5128051475
7954,0.5127974503
7955,0.5127895698
7956,0.5127841566
7957,0.5127769063
7958,0.5127690901
7959,0.5127613831
7960,0.5127557316
7961,0.5127484024
7962,0.5127406494
7963,0.5127329513
7964,0.5127272959
7965,0.5127200413
7966,0.5127123522
7967,0.5127045533
7968,0.5126990538
7969,0.5126917815
7970,0.5126837888
7971,0.5126760537
7972,0.5126704976
7973,0.5126631485
7974,0.5126552729
7975,0.5126475338
7976,0.5126419005
7977,0.5126347491
7978,0.5126269462
7979,0.5126191414
7980,0.5126135993
7981,0.5126062577
7982,0.5125985197
7983,0.5125909317
7984,0.5125854598
7985,0.5125782215
7986,0.5125704301
7987,0.5125625928
7988,0.5125569396
7989,0.5125496458
7990,0.5125418963
7991,0.512534128
7992,0.5125285027
7993,0.5125212556
7994,0.5125136023
7995,0.5125060083
7996,0.5125363063
7997,0.512576808
7998,0.5126174309
7999,0.5126580803
8000,0.5130832346
8001,0.5130884459
8002,0.5130805728
8003,0.5130726656
8004,0.5130669231
8005,0.5130596884
8006,0.5130518821
8007,0.5130440746
8008,0.5130383218
8009,0.513031169
8010,0.5130233362
8011,0.5130155586
8012,0.5130096826
8013,0.5130023155
8014,0.512994454
8015,0.5129865714
8016,0.5129808202
8017,0.5129736412
8018,0.5129658186
8019,0.5129580069
8020,0.5129524154
8021,0.5129452059
8022,0.5129374164
8023,0.5129297683
8024,0.5129240375
8025,0.5129167423
8026,0.51290902
8027,0.5129011821
8028,0.5128955256
8029,0.5128882605
8030,0.5128805702
8031,0.5128728638
8032,0.5128674317
8033,0.5128602524
8034,0.5128525315
8035,0.5128448554
8036,0.5128393247
8037,0.5128320967
8038,0.5128242611
8039,0.5128166602
8040,0.512811019
8041,0.5128038129
8042,0.5127962325
8043,0.5127885958
8044,0.5127830487
8045,0.5127760959
8046,0.5127683889
8047,0.5127604735
8048,0.5127551108
8049,0.5127479333
8050,0.5127403058
8051,0.5127325202
8052,0.5127269469
8053,0.5127198587
8054,0.5127120271
8055,0.5127043651
8056,0.5126988356
8057,0.5126917295
8058,0.5126840772
8059,0.512676528
8060,0.5126710195
8061,0.5126640486
8062,0.5126563192
8063,0.5126487024
8064,0.5126432109
8065,0.512636057
8066,0.5126281462
8067,0.5126204188
8068,0.5126147404
8069,0.5126076256
8070,0.5125998429
8071,0.5125921004
8072,0.5125863145
8073,0.5125789175
8074,0.5125711566
8075,0.5125636519
8076,0.5125579928
8077,0.5125507707
8078,0.5125430616
8079,0.5125354578
8080,0.5125299538
8081,0.5125228181
8082,0.5125152498
8083,0.5125075447
8084,0.5125019846
8085,0.5124948266
8086,0.5124871039
8087,0.5124793174
8088,0.5124736387
8089,0.5124666012
8090,0.5124586899
8091,0.5124511112
8092,0.5124454442
8093,0.5124383063
8094,0.5124306769
8095,0.5124230628
8096,0.5124526905
8097,0.5124927034
8098,0.5125327781
8099,0.5125727414
8100,0.5129537578
8101,0.5129599599
8102,0.51295224
8103,0.5129445001
8104,0.5129386116
8105,0.5129314843
8106,0.5129234594
8107,0.5129157338
8108,0.5129100208
8109,0.5129026387
8110,0.5128947911
8111,0.5128870065
8112,0.5128812866
8113,0.5128741239
8114,0.5128663569
8115,0.5128586265
8116,0.5128529287
8117,0.512845691
8118,0.512837886
8119,0.5128301566
8120,0.5128244048
8121,0.5128172546
8122,0.5128096407
8123,0.5128019357
8124,0.5127963151
8125,0.5127891974
8126,0.512781216
8127,0.5127733147
8128,0.5127678189
8129,0.5127607269
8130,0.5127530176
8131,0.5127451712
8132,0.5127395399
8133,0.5127325112
8134,0.5127248769
8135,0.5127172781
8136,0.5127116109
8137,0.5127044662
8138,0.5126967654
8139,0.5126891326
8140,0.512683542
8141,0.5126764351
8142,0.5126687745
8143,0.512661167
8144,0.5126555138
8145,0.5126483854
8146,0.5126406744
8147,0.5126330937
8148,0.512627515
8149,0.5126203097
8150,0.5126126472
8151,0.512604927
8152,0.512599281
8153,0.5125921008
8154,0.5125845065
8155,0.5125768795
8156,0.5125713069
8157,0.5125641164
8158,0.512556424
8159,0.5125486995
8160,0.5125430476
8161,0.5125358929
8162,0.5125280676
8163,0.5125203218
8164,0.5125146543
8165,0.5125072584
8166,0.5124996024
8167,0.5124918655
8168,0.5124862638
8169,0.5124790697
8170,0.5124713789
8171,0.512463684
8172,0.5124579967
8173,0.5124507637
8174,0.5124430947
8175,0.5124353755
8176,0.512429582
8177,0.5124224962
8178,0.5124146972
8179,0.5124067884
8180,0.512401057
8181,0.5123938558
8182,0.5123862599
8183,0.5123785792
8184,0.5123729721
8185,0.5123657617
8186,0.5123579572
8187,0.5123503941
8188,0.5123446766
8189,0.5123376509
8190,0.5123299149
8191,0.5123223138
8192,0.512316538
8193,0.5123095366
8194,0.5123018111
8195,0.5122940677
8196,0.5123233397
8197,0.5123626414
8198,0.512401877
8199,0.5124414355
8200,0.5128451149
8201,0.5128501614
8202,0.5128424795
8203,0.5128348488
8204,0.5128291909
8205,0.5128219009
8206,0.5128140995
8207,0.512806262
8208,0.5128005477
8209,0.5127934467
8210,0.5127857087
8211,0.5127777691
8212,0.5127720973
8213,0.5127649602
8214,0.5127572372
8215,0.5127494858
8216,0.5127439281
8217,0.5127367252
8218,0.5127287554
8219,0.5127209406
8220,0.5127154204
8221,0.5127083068
8222,0.5127006942
8223,0.5126930016
8224,0.5126872823
8225,0.5126801576
8226,0.5126725976
8227,0.512664897
8228,0.5126592776
8229,0.5126521376
8230,0.5126444321
8231,0.5126366899
8232,0.5126309758
8233,0.5126238851
8234,0.5126162071
8235,0.5126085287
8236,0.5126029537
8237,0.5125959363
8238,0.5125881118
8239,0.5125803235
8240,0.5125746298
8241,0.5125676052
8242,0.512559963
8243,0.5125523563
8244,0.5125466852
8245,0.5125394587
8246,0.5125316292
8247,0.5125241257
8248,0.5125184177
8249,0.5125110528
8250,0.5125034259
8251,0.5124957604
8252,0.5124901597
8253,0.5124830014
8254,0.512475235
8255,0.5124675868
8256,0.5124619707
8257,0.512455027
8258,0.5124473179
8259,0.5124396066
8260,0.5124340208
8261,0.5124268599
8262,0.5124191637
8263,0.5124115
8264,0.5124059312
8265,0.5123987634
8266,0.5123911935
8267,0.5123834484
8268,0.5123778244
8269,0.5123706692
8270,0.5123630331
8271,0.5123554167
8272,0.512349682
8273,0.5123425544
8274,0.5123348584
8275,0.5123271765
8276,0.5123215011
8277,0.5123144413
8278,0.5123068616
8279,0.512299223
8280,0.512293611
8281,0.5122866984
8282,0.5122790012
8283,0.5122714414
8284,0.5122657214
8285,0.5122586968
8286,0.5122510286
8287,0.5122433334
8288,0.5122377829
8289,0.5122306586
8290,0.5122230865
8291,0.5122154394
8292,0.5122098163
8293,0.512202623
8294,0.5121948429
8295,0.512187321
8296,0.512216113
8297,0.5122547693
8298,0.512293454
8299,0.5123324201
8300,0.5127238659
8301,0.5127285179
8302,0.5127208036
8303,0.5127130699
8304,0.5127071732
8305,0.5127001492
8306,0.5126925818
8307,0.5126848527
8308,0.5126792511
8309,0.5126721278
8310,0.5126645147
8311,0.5126569366
8312,0.5126513081
8313,0.5126440564
8314,0.5126361701
8315,0.5126284466
8316,0.5126227845
8317,0.5126156925
8318,0.5126081051
8319,0.5126005013
8320,0.5125949149
8321,0.5125879546
8322,0.5125803412
8323,0.5125728415
8324,0.5125672863
8325,0.5125601165
8326,0.5125524797
8327,0.5125446582
8328,0.5125390329
8329,0.5125318426
8330,0.5125241841
8331,0.5125165038
8332,0.5125109616
8333,0.5125039145
8334,0.5124963316
8335,0.5124888059
8336,0.5124830587
8337,0.5124759906
8338,0.5124683859
8339,0.5124607082
8340,0.5124551002
8341,0.5124480212
8342,0.5124405005
8343,0.5124327797
8344,0.5124271971
8345,0.5124201676
8346,0.5124124115
8347,0.5124047594
8348,0.5123992047
8349,0.5123918503
8350,0.5123842403
8351,0.5123767778
8352,0.5123711869
8353,0.5123641547
8354,0.5123565359
8355,0.512348965
8356,0.5123435273
8357,0.5123364365
8358,0.5123288371
8359,0.512321308
8360,0.5123157758
8361,0.5123087504
8362,0.5123010486
8363,0.5122933665
8364,0.5122877138
8365,0.5122807934
8366,0.5122732735
8367,0.5122657029
8368,0.5122601632
8369,0.5122530219
8370,0.5122454442
8371,0.5122377531
8372,0.5122322739
8373,0.5122252685
8374,0.5122176911
8375,0.5122101389
8376,0.5122045804
8377,0.5121975208
8378,0.5121899842
8379,0.5121824905
8380,0.512176959
8381,0.512169931
8382,0.5121621039
8383,0.51215471
8384,0.5121491011
8385,0.5121420701
8386,0.5121345523
8387,0.5121270344
8388,0.5121214999
8389,0.5121145111
8390,0.5121069629
8391,0.5120994197
8392,0.5120939739
8393,0.5120869015
8394,0.5120793137
8395,0.5120718067
8396,0.5121001753
8397,0.5121386753
8398,0.512177055
8399,0.512215546
8400,0.5125947554
8401,0.5125996528
8402,0.5125921148
8403,0.5125845285
8404,0.5125790859
8405,0.5125719841
8406,0.5125645255
8407,0.5125570543
8408,0.5125514877
8409,0.5125444987
8410,0.5125369094
8411,0.5125292786
8412,0.5125237294
8413,0.5125167289
8414,0.5125092098
8415,0.5125018066
8416,0.5124963852
8417,0.5124892435
8418,0.512481579
8419,0.5124739113
8420,0.5124681046
8421,0.5124611564
8422,0.5124538052
8423,0.5124462277
8424,0.5124407256
8425,0.5124337649
8426,0.5124260394
8427,0.5124185992
8428,0.512413042
8429,0.5124060402
8430,0.5123984024
8431,0.5123909917
8432,0.5123854945
8433,0.5123784146
8434,0.5123709065
8435,0.512363469
8436,0.512357898
8437,0.5123509253
8438,0.5123435396
8439,0.5123360001
8440,0.5123303965
8441,0.5123233738
8442,0.5123159859
8443,0.5123086889
8444,0.5123032219
8445,0.5122962429
8446,0.5122885967
8447,0.5122811154
8448,0.5122755396
8449,0.5122685402
8450,0.5122608051
8451,0.5122534812
8452,0.5122479503
8453,0.5122409048
8454,0.5122333795
8455,0.5122258805
8456,0.5122204036
8457,0.5122134143
8458,0.5122059462
8459,0.5121984987
8460,0.5121930697
8461,0.5121862189
8462,0.5121787915
8463,0.512171277
8464,0.5121657985
8465,0.5121588071
8466,0.5121513278
8467,0.5121438524
8468,0.5121384036
8469,0.5121316622
8470,0.5121241911
8471,0.5121164949
8472,0.5121109683
8473,0.5121039948
8474,0.5120966164
8475,0.5120892356
8476,0.5120836647
8477,0.512076665
8478,0.5120691468
8479,0.51206177
8480,0.5120562786
8481,0.5120493257
8482,0.5120419492
8483,0.5120344539
8484,0.5120288305
8485,0.5120218067
8486,0.512014247
8487,0.5120068005
8488,0.5120012693
8489,0.5119944161
8490,0.5119871233
8491,0.5119796542
8492,0.5119742908
8493,0.5119672805
8494,0.5119598669
8495,0.5119524803
8496,0.5119805526
8497,0.5120183603
8498,0.5120562543
8499,0.5120941535
8500,0.5124611654
8501,0.5124660254
8502,0.5124587099
8503,0.5124509931
8504,0.5124454466
8505,0.512438516
8506,0.5124310339
8507,0.5124235398
8508,0.5124179942
8509,0.5124109569
8510,0.5124034241
8511,0.5123960182
8512,0.5123905418
8513,0.5123834435
8514,0.5123759306
8515,0.5123684389
8516,0.5123629597
8517,0.5123560071
8518,0.5123487146
8519,0.5123411641
8520,0.5123357516
8521,0.5123288203
8522,0.5123214231
8523,0.5123139368
8524,0.5123083554
8525,0.5123013362
8526,0.5122938515
8527,0.5122864936
8528,0.5122809215
8529,0.5122739893
8530,0.5122665283
8531,0.512259095
8532,0.5122537284
8533,0.5122467652
8534,0.5122393706
8535,0.5122318803
8536,0.5122264318
8537,0.5122195554
8538,0.5122121721
8539,0.5122048712
8540,0.5121994239
8541,0.5121925485
8542,0.5121850434
8543,0.5121776866
8544,0.5121722919
8545,0.5121654169
8546,0.5121579486
8547,0.5121505164
8548,0.5121451683
8549,0.5121381876
8550,0.5121307513
8551,0.5121233886
8552,0.5121179453
8553,0.512110997
8554,0.512103564
8555,0.5120963467
8556,0.512090975
8557,0.5120839697
8558,0.5120765755
8559,0.5120690935
8560,0.512063702
8561,0.5120568441
8562,0.5120495563
8563,0.5120421902
8564,0.5120367199
8565,0.5120299306
8566,0.5120226956
8567,0.5120152964
8568,0.512010006
8569,0.5120031418
8570,0.5119958852
8571,0.5119885158
8572,0.511983229
8573,0.5119764404
8574,0.5119690666
8575,0.5119617156
8576,0.5119563152
8577,0.5119493258
8578,0.5119419513
8579,0.5119346654
8580,0.5119291571
8581,0.5119221808
8582,0.5119147947
8583,0.511907394
8584,0.5119019079
8585,0.5118950286
8586,0.5118876426
8587,0.5118802908
8588,0.5118749583
8589,0.5118680862
8590,0.5118606819
8591,0.511853361
8592,0.5118480284
8593,0.5118412314
8594,0.5118338984
8595,0.5118265425
8596,0.51185422
8597,0.5118916198
8598,0.5119291816
8599,0.5119668359
8600,0.5123452917
8601,0.512349903
8602,0.5123424279
8603,0.5123349879
8604,0.5123296447
8605,0.5123226888
8606,0.5123153127
8607,0.5123079818
8608,0.5123025278
8609,0.5122957685
8610,0.5122883901
8611,0.5122810595
8612,0.5122755915
8613,0.5122686517
8614,0.5122611238
8615,0.51225374
8616,0.5122484244
8617,0.5122415251
8618,0.5122341512
8619,0.5122267219
8620,0.5122212762
8621,0.5122145072
8622,0.5122071403
8623,0.5121997885
8624,0.5121944556
8625,0.5121875357
8626,0.5121802371
8627,0.5121729615
8628,0.5121676516
8629,0.5121607996
8630,0.5121534078
8631,0.5121461318
8632,0.512140784
8633,0.5121340284
8634,0.5121266386
8635,0.5121192281
8636,0.5121138293
8637,0.512106946
8638,0.5120995016
8639,0.5120921441
8640,0.5120867151
8641,0.5120798968
8642,0.5120727137
8643,0.5120655416
8644,0.5120600969
8645,0.5120532339
8646,0.5120458597
8647,0.5120385409
8648,0.5120330836
8649,0.5120262756
8650,0.5120189121
8651,0.5120116423
8652,0.5120062526
8653,0.5119994672
8654,0.5119920886
8655,0.5119847827
8656,0.5119794384
8657,0.5119726094
8658,0.5119653248
8659,0.5119580545
8660,0.5119525897
8661,0.5119457689
8662,0.5119385147
8663,0.5119312177
8664,0.5119258959
8665,0.5119191281
8666,0.5119119378
8667,0.5119046834
8668,0.5118994454
8669,0.5118926507
8670,0.5118853321
8671,0.51187803
8672,0.5118727785
8673,0.5118660841
8674,0.5118589326
8675,0.5118516778
8676,0.5118463736
8677,0.5118395547
8678,0.5118321269
8679,0.5118248889
8680,0.5118194604
8681,0.5118126454
8682,0.5118053464
8683,0.5117980937
8684,0.5117927908
8685,0.5117861954
8686,0.5117790894
8687,0.5117718903
8688,0.5117665741
8689,0.5117597147
8690,0.5117525585
8691,0.5117453153
8692,0.5117399981
8693,0.5117331916
8694,0.5117259992
8695,0.5117187606
8696,0.5117462452
8697,0.5117831934
8698,0.511820133
8699,0.5118571592
8700,0.5122324868
8701,0.5122370749
8702,0.5122297508
8703,0.512222436
8704,0.5122169935
8705,0.5122101655
8706,0.5122029206
8707,0.5121956867
8708,0.5121903326
8709,0.512183573
8710,0.512176173
8711,0.5121689042
8712,0.5121635182
8713,0.5121567569
8714,0.5121494527
8715,0.5121421552
8716,0.5121368366
8717,0.5121300275
8718,0.512122731
8719,0.5121154485
8720,0.5121100684
8721,0.5121033534
8722,0.5120960718
8723,0.5120887935
8724,0.5120834944
8725,0.5120767049
8726,0.5120691442
8727,0.5120619064
8728,0.5120565312
8729,0.5120497563
8730,0.512042485
8731,0.5120352364
8732,0.5120298611
8733,0.5120230904
8734,0.5120157837
8735,0.5120085612
8736,0.5120032553
8737,0.5119964628
8738,0.5119892288
8739,0.5119820689
8740,0.5119767495
8741,0.511970066
8742,0.5119628654
8743,0.5119556849
8744,0.5119504253
8745,0.5119437954
8746,0.5119365711
8747,0.5119293228
8748,0.5119238998
8749,0.5119170871
8750,0.5119098797
8751,0.511902713
8752,0.5118974164
8753,0.5118907112
8754,0.5118834703
8755,0.5118761752
8756,0.5118709083
8757,0.5118642631
8758,0.5118571165
8759,0.5118499294
8760,0.5118447112
8761,0.5118380542
8762,0.5118308144
8763,0.5118237054
8764,0.5118185063
8765,0.5118117632
8766,0.5118045471
8767,0.5117973852
8768,0.5117921
8769,0.5117853912
8770,0.5117782355
8771,0.5117711399
8772,0.511765804
8773,0.5117591461
8774,0.5117519727
8775,0.5117448191
8776,0.5117395272
8777,0.511732894
8778,0.5117257968
8779,0.5117185855
8780,0.5117132275
8781,0.5117065425
8782,0.5116993237
8783,0.5116921522
8784,0.5116868089
8785,0.5116802385
8786,0.511673009
8787,0.5116657745
8788,0.5116604576
8789,0.5116538609
8790,0.5116466409
8791,0.511639485
8792,0.5116341739
8793,0.5116275463
8794,0.5116204874
8795,0.5116133901
8796,0.5116405493
8797,0.5116772174
8798,0.5117137994
8799,0.5117503795
8800,0.5120921147
8801,0.512096922
8802,0.5120896881
8803,0.5120824395
8804,0.5120771427
8805,0.5120705137
8806,0.5120634254
8807,0.51205619
8808,0.5120510763
8809,0.5120444055
8810,0.512037169
8811,0.5120299751
8812,0.5120246171
8813,0.5120179691
8814,0.5120108044
8815,0.5120035653
8816,0.5119983068
8817,0.5119916261
8818,0.5119844549
8819,0.5119772768
8820,0.5119721223
8821,0.5119653941
8822,0.5119582131
8823,0.511951021
8824,0.5119458427
8825,0.5119390957
8826,0.5119318769
8827,0.5119246877
8828,0.5119194618
8829,0.5119129068
8830,0.5119057049
8831,0.5118984852
8832,0.5118932604
8833,0.5118866163
8834,0.5118795275
8835,0.5118723601
8836,0.51186707
8837,0.5118603797
8838,0.5118531721
8839,0.5118460922
8840,0.5118408382
8841,0.5118341269
8842,0.5118268645
8843,0.5118196526
8844,0.5118145168
8845,0.5118079253
8846,0.5118008933
8847,0.5117937534
8848,0.511788553
8849,0.5117818925
8850,0.5117748025
8851,0.5117676126
8852,0.5117623215
8853,0.5117557257
8854,0.511748599
8855,0.5117415293
8856,0.5117362758
8857,0.5117296212
8858,0.5117223885
8859,0.511715372
8860,0.5117101906
8861,0.5117035842
8862,0.5116965013
8863,0.5116894759
8864,0.5116842736
8865,0.51167779
8866,0.5116707136
8867,0.5116635838
8868,0.5116583213
8869,0.5116518031
8870,0.5116446837
8871,0.5116376204
8872,0.511632341
8873,0.5116256862
8874,0.5116185204
8875,0.5116113699
8876,0.5116062362
8877,0.5115996462
8878,0.5115925622
8879,0.5115855601
8880,0.5115804137
8881,0.5115738311
8882,0.5115667263
8883,0.5115597547
8884,0.511554565
8885,0.5115480859
8886,0.5115410604
8887,0.5115339425
8888,0.5115286983
8889,0.5115221588
8890,0.5115150524
8891,0.511507942
8892,0.51150282
8893,0.5114961736
8894,0.5114891102
8895,0.5114820141
8896,0.5115090167
8897,0.5115451867
8898,0.5115814318
8899,0.5116176565
8900,0.5119699688
8901,0.5119745522
8902,0.5119674491
8903,0.511960326
8904,0.5119550398
8905,0.5119484968
8906,0.5119414333
8907,0.5119343522
8908,0.511929152
8909,0.5119225755
8910,0.5119154645
8911,0.5119084796
8912,0.5119031426
8913,0.5118965146
8914,0.5118893683
8915,0.5118823079
8916,0.5118771117
8917,0.5118705388
8918,0.5118634363
8919,0.5118563857
8920,0.5118513275
8921,0.5118447788
8922,0.5118376462
8923,0.5118306347
8924,0.5118254277
8925,0.5118188495
8926,0.5118118193
8927,0.5118046636
8928,0.5117994486
8929,0.5117929132
8930,0.5117858029
8931,0.5117788137
8932,0.5117736451
8933,0.5117670068
8934,0.5117599727
8935,0.51175296
8936,0.5117479116
8937,0.5117413091
8938,0.5117343122
8939,0.5117272885
8940,0.5117219851
8941,0.5117153756
8942,0.5117082734
8943,0.5117011711
8944,0.5116959095
8945,0.5116892197
8946,0.5116821361
8947,0.5116750545
8948,0.5116700325
8949,0.5116633072
8950,0.5116562316
8951,0.5116491291
8952,0.5116438712
8953,0.5116372306
8954,0.5116301005
8955,0.5116231057
8956,0.511617974
8957,0.5116113335
8958,0.5116041883
8959,0.5115970518
8960,0.5115919313
8961,0.5115854199
8962,0.5115784134
8963,0.5115713661
8964,0.5115663184
8965,0.5115597759
8966,0.5115527364
8967,0.5115456658
8968,0.5115404689
8969,0.5115338426
8970,0.5115267999
8971,0.5115197592
8972,0.5115146149
8973,0.511507912
8974,0.5115007832
8975,0.5114937483
8976,0.5114884371
8977,0.5114817887
8978,0.5114747846
8979,0.5114677263
8980,0.511462633
8981,0.5114560396
8982,0.5114489401
8983,0.5114420771
8984,0.5114368568
8985,0.5114302292
8986,0.5114232392
8987,0.5114160966
8988,0.5114109464
8989,0.5114043359
8990,0.5113973845
8991,0.5113903311
8992,0.5113851192
8993,0.5113785487
8994,0.5113715008
8995,0.5113644674
8996,0.5113910881
8997,0.5114266796
8998,0.5114624076
8999,0.511498115
9000,0.5118611654
9001,0.511865631
9002,0.511858551
9003,0.5118515831
9004,0.5118464436
9005,0.5118397968
9006,0.51183254
9007,0.5118254682
9008,0.5118203631
9009,0.5118137326
9010,0.5118066335
9011,0.5117995554
9012,0.5117943475
9013,0.5117877159
9014,0.511780723
9015,0.5117735788
9016,0.511768373
9017,0.5117617632
9018,0.5117548011
9019,0.5117478375
9020,0.5117426953
9021,0.5117359724
9022,0.5117288923
9023,0.5117218212
9024,0.5117166293
9025,0.5117099353
9026,0.5117028286
9027,0.5116958275
9028,0.5116905767
9029,0.5116840337
9030,0.511676976
9031,0.5116699803
9032,0.5116647782
9033,0.5116582603
9034,0.5116512238
9035,0.5116441317
9036,0.5116389465
9037,0.5116322868
9038,0.5116251845
9039,0.511618144
9040,0.5116129999
9041,0.5116063495
9042,0.5115992594
9043,0.5115922735
9044,0.5115870167
9045,0.5115804773
9046,0.5115734941
9047,0.511566511
9048,0.5115612611
9049,0.5115546633
9050,0.5115476579
9051,0.5115406602
9052,0.5115354413
9053,0.5115289002
9054,0.5115217422
9055,0.5115147226
9056,0.51150957
9057,0.5115029622
9058,0.5114959458
9059,0.5114890502
9060,0.5114839157
9061,0.5114772898
9062,0.5114701862
9063,0.5114631448
9064,0.5114581349
9065,0.5114515197
9066,0.5114445691
9067,0.5114376512
9068,0.5114325196
9069,0.5114259239
9070,0.5114188807
9071,0.5114119113
9072,0.5114067603
9073,0.5114002311
9074,0.5113932904
9075,0.5113862469
9076,0.5113812536
9077,0.5113747217
9078,0.5113677037
9079,0.5113607245
9080,0.5113554891
9081,0.5113489355
9082,0.5113419872
9083,0.5113350089
9084,0.5113299268
9085,0.5113234369
9086,0.5113165343
9087,0.5113096524
9088,0.5113045794
9089,0.5112980728
9090,0.5112911298
9091,0.5112841478
9092,0.5112790669
9093,0.511272508
9094,0.5112656277
9095,0.5112587077
9096,0.5112849367
9097,0.5113200998
9098,0.5113554229
9099,0.5113908671
9100,0.511720832
9101,0.5117253783
9102,0.5117183651
9103,0.5117114708
9104,0.5117062958
9105,0.5116997467
9106,0.5116927438
9107,0.5116859509
9108,0.5116809333
9109,0.5116742871
9110,0.5116673829
9111,0.5116603903
9112,0.5116551128
9113,0.5116484966
9114,0.5116415733
9115,0.5116345447
9116,0.5116295412
9117,0.511622953
9118,0.5116159185
9119,0.5116090752
9120,0.5116040443
9121,0.5115974951
9122,0.51159045
9123,0.5115835226
9124,0.5115784299
9125,0.511571898
9126,0.511565029
9127,0.511558068
9128,0.5115530032
9129,0.51154647
9130,0.511539604
9131,0.5115327132
9132,0.5115275921
9133,0.511520999
9134,0.5115140906
9135,0.5115071172
9136,0.5115020252
9137,0.5114954484
9138,0.5114885639
9139,0.5114816319
9140,0.5114765863
9141,0.5114699998
9142,0.5114630669
9143,0.5114561065
9144,0.5114511448
9145,0.5114445321
9146,0.511437514
9147,0.5114305961
9148,0.5114255347
9149,0.5114188704
9150,0.5114118851
9151,0.5114049666
9152,0.5114000213
9153,0.511393545
9154,0.5113865449
9155,0.5113796103
9156,0.5113745942
9157,0.5113681243
9158,0.5113612989
9159,0.5113543602
9160,0.5113492315
9161,0.5113427307
9162,0.5113358444
9163,0.5113290734
9164,0.5113239939
9165,0.5113174648
9166,0.5113104793
9167,0.511303599
9168,0.5112985787
9169,0.5112920552
9170,0.5112850927
9171,0.5112781477
9172,0.511273135
9173,0.5112666516
9174,0.5112597464
9175,0.511252902
9176,0.5112478792
9177,0.511241324
9178,0.5112343481
9179,0.5112274744
9180,0.5112224617
9181,0.511215931
9182,0.5112091084
9183,0.5112021965
9184,0.5111972594
9185,0.5111908096
9186,0.5111839289
9187,0.5111770404
9188,0.5111719761
9189,0.5111655976
9190,0.5111587399
9191,0.5111518417
9192,0.5111468935
9193,0.5111404532
9194,0.5111336762
9195,0.5111269412
9196,0.5111528132
9197,0.5111876706
9198,0.5112227697
9199,0.5112578669
9200,0.5116090995
9201,0.5116135411
9202,0.5116066648
9203,0.5115998177
9204,0.5115947409
9205,0.5115884358
9206,0.5115815796
9207,0.511574751
9208,0.5115697202
9209,0.5115632948
9210,0.5115565075
9211,0.5115494805
9212,0.5115445137
9213,0.5115379718
9214,0.5115310868
9215,0.5115241603
9216,0.5115191139
9217,0.5115126764
9218,0.5115057458
9219,0.5114988976
9220,0.5114938843
9221,0.5114873851
9222,0.5114805708
9223,0.5114737298
9224,0.5114686883
9225,0.5114622372
9226,0.5114553742
9227,0.5114485074
9228,0.51144368
9229,0.5114371358
9230,0.5114302271
9231,0.5114233058
9232,0.5114183519
9233,0.5114118469
9234,0.5114048845
9235,0.5113980472
9236,0.5113929604
9237,0.5113865403
9238,0.5113795882
9239,0.511372783
9240,0.5113677875
9241,0.5113613597
9242,0.5113544378
9243,0.51134761
9244,0.5113425663
9245,0.5113360513
9246,0.5113292443
9247,0.5113223946
9248,0.5113173342
9249,0.5113109583
9250,0.5113041072
9251,0.5112971323
9252,0.5112921472
9253,0.5112856966
9254,0.5112788468
9255,0.5112720669
9256,0.511267107
9257,0.5112608359
9258,0.5112539603
9259,0.5112472381
9260,0.5112422722
9261,0.5112358001
9262,0.5112289499
9263,0.5112221638
9264,0.5112171599
9265,0.5112106994
9266,0.5112039543
9267,0.51119718
9268,0.5111921885
9269,0.5111858167
9270,0.5111790807
9271,0.5111723347
9272,0.5111673403
9273,0.5111608907
9274,0.5111541222
9275,0.5111471955
9276,0.5111422141
9277,0.5111358833
9278,0.5111290559
9279,0.5111222058
9280,0.5111173316
9281,0.5111109508
9282,0.5111041163
9283,0.5110972858
9284,0.5110923155
9285,0.5110857579
9286,0.5110789845
9287,0.5110721664
9288,0.5110671344
9289,0.5110606853
9290,0.5110538832
9291,0.5110470292
9292,0.5110420007
9293,0.5110356956
9294,0.5110289923
9295,0.5110222978
9296,0.5110478484
9297,0.5110822839
9298,0.5111168064
9299,0.5111513487
9300,0.5114992249
9301,0.5115036152
9302,0.5114968344
9303,0.5114899666
9304,0.5114848715
9305,0.5114785148
9306,0.5114717816
9307,0.5114651063
9308,0.5114600956
9309,0.5114537415
9310,0.511446835
9311,0.5114399562
9312,0.5114349466
9313,0.5114284644
9314,0.5114216331
9315,0.5114148441
9316,0.5114097929
9317,0.5114033883
9318,0.5113965778
9319,0.5113897416
9320,0.5113846936
9321,0.5113784394
9322,0.5113715391
9323,0.5113647504
9324,0.5113596032
9325,0.5113532962
9326,0.5113463108
9327,0.5113393627
9328,0.5113343138
9329,0.511327898
9330,0.5113209318
9331,0.5113140612
9332,0.5113090886
9333,0.5113026975
9334,0.5112958278
9335,0.5112889567
9336,0.5112838322
9337,0.5112773473
9338,0.5112704873
9339,0.5112635909
9340,0.5112585171
9341,0.5112522048
9342,0.5112452808
9343,0.5112384671
9344,0.5112336115
9345,0.5112272004
9346,0.5112203305
9347,0.5112133729
9348,0.5112083276
9349,0.5112018888
9350,0.5111950103
9351,0.5111881573
9352,0.5111830112
9353,0.511176559
9354,0.51116966
9355,0.5111628226
9356,0.5111577823
9357,0.5111514801
9358,0.5111445247
9359,0.5111377306
9360,0.5111327918
9361,0.511126496
9362,0.5111198003
9363,0.5111129292
9364,0.5111079396
9365,0.5111015792
9366,0.5110947501
9367,0.5110880131
9368,0.511083023
9369,0.5110765652
9370,0.5110696217
9371,0.5110628959
9372,0.5110578132
9373,0.5110515288
9374,0.5110446982
9375,0.5110379523
9376,0.5110326599
9377,0.5110264016
9378,0.5110196336
9379,0.5110129054
9380,0.5110080014
9381,0.5110017393
9382,0.5109949228
9383,0.5109880703
9384,0.5109830454
9385,0.5109767053
9386,0.510969923
9387,0.510963085
9388,0.5109580205
9389,0.5109516802
9390,0.5109447858
9391,0.5109379527
9392,0.5109329055
9393,0.5109265179
9394,0.5109197307
9395,0.5109129366
9396,0.5109381457
9397,0.5109720602
9398,0.5110059186
9399,0.511039889
9400,0.5113875169
9401,0.5113915832
9402,0.5113847088
9403,0.5113779702
9404,0.5113729498
9405,0.511366642
9406,0.5113597616
9407,0.5113529815
9408,0.5113478983
9409,0.5113415679
9410,0.5113347093
9411,0.5113278999
9412,0.5113228048
9413,0.5113164735
9414,0.5113096459
9415,0.5113028973
9416,0.5112978682
9417,0.5112915247
9418,0.5112845934
9419,0.5112777091
9420,0.511272701
9421,0.5112662992
9422,0.5112593921
9423,0.5112525835
9424,0.5112476943
9425,0.511241283
9426,0.5112344569
9427,0.5112277251
9428,0.5112226506
9429,0.5112162832
9430,0.5112095132
9431,0.5112026766
9432,0.5111976694
9433,0.5111914002
9434,0.511184314
9435,0.511177495
9436,0.5111723486
9437,0.5111660989
9438,0.5111592483
9439,0.5111524245
9440,0.5111473787
9441,0.5111409741
9442,0.511134155
9443,0.5111273799
9444,0.5111224266
9445,0.5111160102
9446,0.511109188
9447,0.511102383
9448,0.5110973409
9449,0.5110909355
9450,0.5110840923
9451,0.5110774234
9452,0.5110723057
9453,0.5110660804
9454,0.5110592982
9455,0.5110524825
9456,0.5110475174
9457,0.5110412657
9458,0.5110345378
9459,0.5110277542
9460,0.5110227243
9461,0.5110164516
9462,0.5110095511
9463,0.5110027344
9464,0.5109977504
9465,0.5109915769
9466,0.5109848117
9467,0.5109780582
9468,0.5109731341
9469,0.5109668339
9470,0.5109599497
9471,0.5109532509
9472,0.5109480125
9473,0.5109416995
9474,0.5109348126
9475,0.5109280075
9476,0.5109231789
9477,0.5109169115
9478,0.5109102031
9479,0.5109034853
9480,0.5108985209
9481,0.5108924982
9482,0.5108858402
9483,0.5108791292
9484,0.5108741856
9485,0.5108679032
9486,0.5108610775
9487,0.5108542969
9488,0.5108492297
9489,0.5108429258
9490,0.5108360929
9491,0.5108293211
9492,0.5108244042
9493,0.5108181287
9494,0.5108113356
9495,0.5108045765
9496,0.5108294358
9497,0.5108628686
9498,0.5108963823
9499,0.5109298821
9500,0.5112481769
9501,0.511252156
9502,0.5112453945
9503,0.5112386401
9504,0.5112336758
9505,0.5112273904
9506,0.5112205387
9507,0.5112138313
9508,0.5112087527
9509,0.5112025857
9510,0.5111958351
9511,0.5111890617
9512,0.5111839646
9513,0.5111776871
9514,0.5111709077
9515,0.5111641976
9516,0.5111592202
9517,0.5111529896
9518,0.5111460911
9519,0.51113927
9520,0.5111343431
9521,0.5111280297
9522,0.5111212854
9523,0.5111144253
9524,0.5111093504
9525,0.5111030779
9526,0.5110962127
9527,0.5110893836
9528,0.511084366
9529,0.5110781195
9530,0.5110712627
9531,0.511064463
9532,0.5110593706
9533,0.5110530444
9534,0.511046314
9535,0.5110394499
9536,0.5110344728
9537,0.5110281647
9538,0.5110214141
9539,0.5110146577
9540,0.5110096175
9541,0.5110034242
9542,0.5109965598
9543,0.5109898154
9544,0.5109847497
9545,0.510978469
9546,0.5109715751
9547,0.51096483
9548,0.510959742
9549,0.5109535505
9550,0.5109468
9551,0.5109400159
9552,0.5109350795
9553,0.5109288395
9554,0.5109220856
9555,0.5109153777
9556,0.5109104354
9557,0.5109041451
9558,0.5108974007
9559,0.5108906344
9560,0.5108856031
9561,0.5108793166
9562,0.5108726959
9563,0.5108659119
9564,0.5108608582
9565,0.5108547401
9566,0.510848057
9567,0.5108412027
9568,0.5108363224
9569,0.5108301756
9570,0.510823393
9571,0.5108166331
9572,0.5108116526
9573,0.5108053317
9574,0.5107985882
9575,0.5107917495
9576,0.5107868297
9577,0.5107807477
9578,0.5107739402
9579,0.5107671585
9580,0.5107621741
9581,0.5107560127
9582,0.5107493254
9583,0.5107426897
9584,0.5107376893
9585,0.510731583
9586,0.5107247573
9587,0.5107179727
9588,0.5107129826
9589,0.5107068156
9590,0.5106999539
9591,0.5106931831
9592,0.5106882402
9593,0.5106820286
9594,0.5106753421
9595,0.5106685497
9596,0.5106933067
9597,0.5107261244
9598,0.5107590941
9599,0.5107920131
9600,0.511120459
9601,0.5111242963
9602,0.511117423
9603,0.5111105668
9604,0.5111055116
9605,0.5110992531
9606,0.5110923083
9607,0.5110854306
9608,0.5110803773
9609,0.5110741249
9610,0.5110671815
9611,0.5110604317
9612,0.5110553991
9613,0.5110491014
9614,0.5110423315
9615,0.5110355054
9616,0.5110304361
9617,0.511024276
9618,0.5110173608
9619,0.5110106472
9620,0.5110056719
9621,0.5109995193
9622,0.5109926176
9623,0.5109858398
9624,0.5109806971
9625,0.5109744929
9626,0.5109677639
9627,0.5109608959
9628,0.5109558138
9629,0.5109495522
9630,0.5109427255
9631,0.5109359184
9632,0.5109308952
9633,0.5109247238
9634,0.5109178609
9635,0.510911028
9636,0.510905885
9637,0.5108997127
9638,0.5108927888
9639,0.5108859228
9640,0.510880876
9641,0.5108746076
9642,0.5108677408
9643,0.5108608959
9644,0.5108559266
9645,0.5108497641
9646,0.5108429368
9647,0.5108360666
9648,0.5108310322
9649,0.5108247978
9650,0.5108179128
9651,0.5108111014
9652,0.5108060237
9653,0.5107996801
9654,0.5107929242
9655,0.5107860065
9656,0.5107808707
9657,0.5107746998
9658,0.5107678976
9659,0.5107610616
9660,0.5107560563
9661,0.5107498436
9662,0.5107430138
9663,0.5107361724
9664,0.5107312698
9665,0.5107248288
9666,0.5107179507
9667,0.5107111507
9668,0.5107061474
9669,0.5106999199
9670,0.5106929808
9671,0.5106861353
9672,0.5106811707
9673,0.5106748861
9674,0.5106681746
9675,0.5106613691
9676,0.5106562606
9677,0.5106500324
9678,0.5106432513
9679,0.5106365151
9680,0.5106314962
9681,0.5106252273
9682,0.5106184118
9683,0.5106115731
9684,0.5106065064
9685,0.5106002757
9686,0.5105934168
9687,0.5105866308
9688,0.5105815849
9689,0.5105752936
9690,0.5105685052
9691,0.5105616827
9692,0.5105566534
9693,0.5105503579
9694,0.5105435599
9695,0.5105367682
9696,0.5105609777
9697,0.5105932813
9698,0.5106256717
9699,0.5106581691
9700,0.5109936408
9701,0.5109974722
9702,0.5109906476
9703,0.5109837501
9704,0.5109786321
9705,0.5109723672
9706,0.5109655309
9707,0.5109585999
9708,0.5109534323
9709,0.5109471236
9710,0.5109402591
9711,0.5109333863
9712,0.5109282736
9713,0.5109220211
9714,0.5109151803
9715,0.5109082579
9716,0.5109032369
9717,0.5108971358
9718,0.5108904444
9719,0.5108836532
9720,0.5108785557
9721,0.5108723061
9722,0.5108654383
9723,0.5108584674
9724,0.5108534916
9725,0.5108472555
9726,0.5108404158
9727,0.5108335526
9728,0.5108284229
9729,0.5108221304
9730,0.5108152974
9731,0.5108084351
9732,0.5108033883
9733,0.5107971179
9734,0.5107902387
9735,0.5107833699
9736,0.5107783649
9737,0.5107721208
9738,0.5107652119
9739,0.5107584788
9740,0.510753438
9741,0.5107471465
9742,0.5107403751
9743,0.5107335786
9744,0.5107285477
9745,0.5107222748
9746,0.5107154719
9747,0.5107086539
9748,0.5107036622
9749,0.5106973619
9750,0.5106904571
9751,0.5106837436
9752,0.5106787841
9753,0.5106725155
9754,0.5106656921
9755,0.5106589278
9756,0.5106538372
9757,0.5106475259
9758,0.5106407285
9759,0.5106339804
9760,0.5106288693
9761,0.5106227876
9762,0.5106160793
9763,0.5106093137
9764,0.5106042542
9765,0.5105981595
9766,0.5105914408
9767,0.5105847128
9768,0.5105796883
9769,0.5105735378
9770,0.5105666628
9771,0.5105598593
9772,0.5105548002
9773,0.5105486283
9774,0.5105418079
9775,0.5105350434
9776,0.5105299718
9777,0.5105237476
9778,0.5105169356
9779,0.5105102548
9780,0.5105052493
9781,0.5104990808
9782,0.5104922435
9783,0.5104854606
9784,0.5104804575
9785,0.510474267
9786,0.5104674406
9787,0.5104606706
9788,0.5104556169
9789,0.5104493113
9790,0.5104425249
9791,0.5104357773
9792,0.5104307757
9793,0.510424517
9794,0.5104177462
9795,0.5104109535
9796,0.510434877
9797,0.5104667824
9798,0.5104988181
9799,0.5105308165
9800,0.5108362228
9801,0.5108397714
9802,0.5108330272
9803,0.5108261999
9804,0.5108211982
9805,0.5108149209
9806,0.5108080508
9807,0.5108012427
9808,0.5107961878
9809,0.510789933
9810,0.5107830285
9811,0.5107762292
9812,0.5107711661
9813,0.5107649491
9814,0.5107581443
9815,0.5107512789
9816,0.5107461753
9817,0.5107400541
9818,0.5107332463
9819,0.510726569
9820,0.5107215678
9821,0.5107153388
9822,0.5107085838
9823,0.510701832
9824,0.5106967777
9825,0.5106904218
9826,0.5106835527
9827,0.5106767715
9828,0.5106717711
9829,0.5106655536
9830,0.5106586524
9831,0.5106518265
9832,0.5106466696
9833,0.5106403855
9834,0.5106335361
9835,0.5106267433
9836,0.5106216801
9837,0.5106154625
9838,0.5106086557
9839,0.5106018347
9840,0.5105967866
9841,0.5105905038
9842,0.5105836795
9843,0.510576884
9844,0.5105718277
9845,0.5105656998
9846,0.5105588507
9847,0.5105519301
9848,0.5105468511
9849,0.5105405284
9850,0.5105336146
9851,0.5105267067
9852,0.5105215117
9853,0.51051506
9854,0.5105081731
9855,0.5105013552
9856,0.5104961241
9857,0.5104898438
9858,0.5104828784
9859,0.5104760233
9860,0.5104709075
9861,0.5104646029
9862,0.5104577644
9863,0.5104509
9864,0.5104457497
9865,0.5104393841
9866,0.5104324817
9867,0.5104256403
9868,0.5104205194
9869,0.5104140875
9870,0.5104072638
9871,0.5104003205
9872,0.5103952921
9873,0.5103888992
9874,0.5103819843
9875,0.5103750973
9876,0.5103698953
9877,0.5103635714
9878,0.5103567228
9879,0.5103498378
9880,0.510344735
9881,0.5103384129
9882,0.5103314689
9883,0.5103245535
9884,0.5103193824
9885,0.5103129625
9886,0.5103060829
9887,0.5102991109
9888,0.5102940366
9889,0.5102876226
9890,0.5102808307
9891,0.5102739594
9892,0.5102687278
9893,0.5102623908
9894,0.5102555275
9895,0.5102486847
9896,0.5102720216
9897,0.5103032128
9898,0.5103345683
9899,0.510365975
9900,0.5106750892
9901,0.510678388
9902,0.5106714327
9903,0.5106645289
9904,0.5106594024
9905,0.5106530278
9906,0.5106461231
9907,0.5106391795
9908,0.5106340366
9909,0.5106276107
9910,0.5106207336
9911,0.5106139293
9912,0.5106087714
9913,0.5106024159
9914,0.5105954003
9915,0.5105884329
9916,0.5105831855
9917,0.5105767683
9918,0.5105698023
9919,0.5105627243
9920,0.5105575216
9921,0.5105510903
9922,0.5105440561
9923,0.5105370688
9924,0.5105317699
9925,0.5105253042
9926,0.5105183092
9927,0.5105112974
9928,0.5105060956
9929,0.5104996966
9930,0.5104926387
9931,0.510485616
9932,0.510480391
9933,0.5104738854
9934,0.5104669055
9935,0.510459953
9936,0.5104546324
9937,0.5104481691
9938,0.5104412002
9939,0.5104342417
9940,0.5104290287
9941,0.5104225512
9942,0.5104156101
9943,0.5104086929
9944,0.5104035236
9945,0.5103971022
9946,0.5103900817
9947,0.5103831382
9948,0.5103779251
9949,0.5103715298
9950,0.5103645102
9951,0.5103575474
9952,0.5103522256
9953,0.5103458258
9954,0.5103388019
9955,0.5103318398
9956,0.5103266197
9957,0.5103201302
9958,0.5103131652
9959,0.5103062227
9960,0.5103010604
9961,0.5102946705
9962,0.5102876417
9963,0.5102806829
9964,0.5102754183
9965,0.5102689801
9966,0.510262057
9967,0.5102551705
9968,0.5102500006
9969,0.5102436024
9970,0.5102366212
9971,0.5102297902
9972,0.5102245369
9973,0.5102181798
9974,0.5102112817
9975,0.5102043582
9976,0.5101992364
9977,0.5101928141
9978,0.5101859609
9979,0.5101790347
9980,0.5101738079
9981,0.5101674326
9982,0.5101604184
9983,0.5101534493
9984,0.5101482229
9985,0.5101417365
9986,0.5101347629
9987,0.5101278034
9988,0.5101225494
9989,0.5101160401
9990,0.510109017
9991,0.5101019989
9992,0.5100967402
9993,0.5100902415
9994,0.5100832934
9995,0.5100764661
9996,0.5100993439
9997,0.5101300831
9998,0.5101608046
9999,0.5101915484
10000,0.5105049961
