0,0,0.1752849020,455104048.0000000000,8
0,1,0.1125133310,455502896.0000000000,8
0,2,0.1719715090,455502896.0000000000,9
0,3,0.1740032520,455104048.0000000000,11
0,4,0.1126416550,455502896.0000000000,11
0,5,0.1717198300,425208368.0000000000,34
0,6,0.1045817530,424809520.0000000000,34
0,7,0.1699562910,424809520.0000000000,36
0,8,0.1182554480,575418928.0000000000,9
0,9,0.1771348200,575943216.0000000000,10
0,10,0.1194870720,575943216.0000000000,10
0,11,0.1849659390,575418928.0000000000,12
0,12,0.1191535830,575943216.0000000000,12
0,13,0.1788025480,537627696.0000000000,35
0,14,0.1108248340,537103408.0000000000,35
0,15,0.1106120230,537103408.0000000000,36
0,16,0.1818253260,575418928.0000000000,13
0,17,0.1173082860,575943216.0000000000,13
0,18,0.1843584550,575943216.0000000000,14
0,19,0.1813919710,575418928.0000000000,16
0,20,0.1170327430,575943216.0000000000,16
0,21,0.1673211440,537627696.0000000000,37
0,22,0.1087211110,537103408.0000000000,37
0,23,0.1700511550,537103408.0000000000,39
0,24,0.1203380020,575418928.0000000000,14
0,25,0.1885656070,575943216.0000000000,15
0,26,0.1217354460,575943216.0000000000,15
0,27,0.1858625330,575418928.0000000000,17
0,28,0.1216826420,575943216.0000000000,17
0,29,0.1743171180,537627696.0000000000,38
0,30,0.1129009690,537103408.0000000000,38
0,31,0.1128164430,537103408.0000000000,39
0,32,0.1615553310,350302768.0000000000,18
0,33,0.0960493340,350592560.0000000000,18
0,34,0.1694223180,350592560.0000000000,19
0,35,0.1511154660,350302768.0000000000,21
0,36,0.0959985870,350592560.0000000000,21
0,37,0.1453430430,327284784.0000000000,0
0,38,0.0896114110,326994992.0000000000,0
0,39,0.1419566690,326994992.0000000000,40
0,40,0.0524724610,72102448.0000000000,19
0,41,0.1103937640,72102448.0000000000,20
0,42,0.0527475990,72102448.0000000000,20
0,43,0.1128856520,72102448.0000000000,22
0,44,0.0526872140,72102448.0000000000,22
0,45,0.0496767760,67341360.0000000000,0
0,46,0.0496352090,67341360.0000000000,40
0,47,0.1091052510,67341360.0000000000,41
0,48,0.1109641480,72102448.0000000000,23
0,49,0.0527084920,72102448.0000000000,23
0,50,0.1096826790,72102448.0000000000,24
0,51,0.1097480730,72102448.0000000000,26
0,52,0.0526081000,72102448.0000000000,26
0,53,0.0496212720,67341360.0000000000,41
0,54,0.1102678900,67341360.0000000000,42
0,55,0.1101519860,67341360.0000000000,43
0,56,0.0527913310,72102448.0000000000,24
0,57,0.1105107090,72102448.0000000000,25
0,58,0.0527275390,72102448.0000000000,25
0,59,0.1093522750,72102448.0000000000,27
0,60,0.0526201600,72102448.0000000000,27
0,61,0.0497996290,67341360.0000000000,42
0,62,0.0496411920,67341360.0000000000,43
0,63,0.1189317930,67341360.0000000000,32
0,64,0.0527931960,72102448.0000000000,32
0,65,0.1121425210,72102448.0000000000,28
0,66,0.0527535390,72102448.0000000000,28
0,67,0.1110648760,72102448.0000000000,30
0,68,0.1113880590,72102448.0000000000,31
0,69,0.1119273110,67341360.0000000000,44
0,70,0.0495627590,67341360.0000000000,44
0,71,0.1110934190,67341360.0000000000,1
0,72,0.1119845140,72102448.0000000000,29
0,73,0.0527387310,72102448.0000000000,29
0,74,0.0527943820,72102448.0000000000,30
0,75,0.0527013980,72102448.0000000000,31
0,76,0.1266119580,72102448.0000000000,33
0,77,0.1112100280,67341360.0000000000,45
0,78,0.0495956720,67341360.0000000000,45
0,79,0.0496567050,67341360.0000000000,1
0,80,0.0470756940,63170096.0000000000,33
0,81,0.1099029370,63170096.0000000000,2
0,82,0.1131098570,63170096.0000000000,46
0,83,0.1101055670,63170096.0000000000,3
0,84,0.1086906910,63170096.0000000000,48
0,85,0.0440892140,58998832.0000000000,1
0,86,0.1098832490,58998832.0000000000,53
0,87,0.1147440270,58998832.0000000000,54
0,88,0.0471440680,63170096.0000000000,2
0,89,0.0471189820,63170096.0000000000,2
0,90,0.0470529980,63170096.0000000000,46
0,91,0.0470626010,63170096.0000000000,3
0,92,0.0470143120,63170096.0000000000,48
0,93,0.0440995990,58998832.0000000000,53
0,94,0.1047229430,58998832.0000000000,6
0,95,0.0441711670,58998832.0000000000,54
0,96,0.1134663010,63170096.0000000000,47
0,97,0.0470594810,63170096.0000000000,47
0,98,0.0470265490,63170096.0000000000,3
0,99,0.1085116750,63170096.0000000000,49
0,100,0.0470959640,63170096.0000000000,49
0,101,0.0441320070,58998832.0000000000,6
0,102,0.0440496070,58998832.0000000000,6
0,103,0.1131247770,58998832.0000000000,52
0,104,0.0471056240,63170096.0000000000,52
0,105,0.1039660470,63170096.0000000000,4
0,106,0.0470259670,63170096.0000000000,4
0,107,0.1086780860,63170096.0000000000,51
0,108,0.0470656950,63170096.0000000000,51
0,109,0.1031123620,58998832.0000000000,5
0,110,0.1160898900,58998832.0000000000,55
0,111,0.1045132000,58998832.0000000000,7
0,112,0.0469730350,63170096.0000000000,4
0,113,0.1092680580,63170096.0000000000,50
0,114,0.0469407300,63170096.0000000000,50
0,115,0.0469528860,63170096.0000000000,5
0,116,0.0470533440,63170096.0000000000,5
0,117,0.0442170250,58998832.0000000000,55
0,118,0.0440307870,58998832.0000000000,7
0,119,0.0440910600,58998832.0000000000,7
50,0,10.3965133401,454840672.0000000000,8
50,1,10.3666972478,454855840.0000000000,8
50,2,10.4011479693,454856432.0000000000,9
50,3,10.4037271365,454861952.0000000000,11
50,4,10.3690250956,454861088.0000000000,11
50,5,9.7017406495,424584400.0000000000,34
50,6,9.6649992801,424578736.0000000000,34
50,7,9.6921999661,424565712.0000000000,36
50,8,13.2692491626,575397872.0000000000,9
50,9,13.2947481759,575429456.0000000000,10
50,10,13.2662425256,575417984.0000000000,10
50,11,13.2876325915,575418064.0000000000,12
50,12,13.2552145143,575420256.0000000000,12
50,13,12.4218068414,537105072.0000000000,35
50,14,12.3891785851,537106320.0000000000,35
50,15,12.3813267896,537085296.0000000000,36
50,16,13.2913032464,575397424.0000000000,13
50,17,13.2597033598,575418208.0000000000,13
50,18,13.2808676142,575417840.0000000000,14
50,19,13.2820804596,575418560.0000000000,16
50,20,13.2502277444,575418768.0000000000,16
50,21,12.4030682546,537105872.0000000000,37
50,22,12.3737304435,537102976.0000000000,37
50,23,12.4064878244,537082128.0000000000,39
50,24,13.2490348903,575400816.0000000000,14
50,25,13.2906193102,575415360.0000000000,15
50,26,13.2579382424,575424640.0000000000,15
50,27,13.2802186669,575417280.0000000000,17
50,28,13.2513705917,575421056.0000000000,17
50,29,12.4111576772,537101136.0000000000,38
50,30,12.3810579809,537108784.0000000000,38
50,31,12.3792105590,537080048.0000000000,39
50,32,7.7832470789,350043760.0000000000,18
50,33,7.7536764145,350058656.0000000000,18
50,34,7.7809479659,350056624.0000000000,19
50,35,7.7797410929,350062720.0000000000,21
50,36,7.7544280071,350054848.0000000000,21
50,37,7.3046090845,326767600.0000000000,0
50,38,7.2768271231,326765280.0000000000,0
50,39,7.2947783333,326754016.0000000000,40
50,40,0.8653450392,72102448.0000000000,19
50,41,0.8787918629,72102448.0000000000,20
50,42,0.8528754270,72102448.0000000000,20
50,43,0.8812176436,72102448.0000000000,22
50,44,0.8517387466,72102448.0000000000,22
50,45,0.8260645099,67341360.0000000000,0
50,46,0.8250432307,67341360.0000000000,40
50,47,0.8344593269,67341360.0000000000,41
50,48,0.8756967493,72102448.0000000000,23
50,49,0.8505737945,72102448.0000000000,23
50,50,0.8747693729,72102448.0000000000,24
50,51,0.8750351272,72102448.0000000000,26
50,52,0.8503861769,72102448.0000000000,26
50,53,0.8091963976,67341360.0000000000,41
50,54,0.8356270507,67341360.0000000000,42
50,55,0.8358230602,67341360.0000000000,43
50,56,0.8507370021,72102448.0000000000,24
50,57,0.8762284015,72102448.0000000000,25
50,58,0.8511813681,72102448.0000000000,25
50,59,0.8753933148,72102448.0000000000,27
50,60,0.8503189197,72102448.0000000000,27
50,61,0.8094975648,67341360.0000000000,42
50,62,0.8095788268,67341360.0000000000,43
50,63,0.8399586840,67341360.0000000000,32
50,64,0.8529803357,72102448.0000000000,32
50,65,0.8777772201,72102448.0000000000,28
50,66,0.8523316557,72102448.0000000000,28
50,67,0.8781057656,72102448.0000000000,30
50,68,0.8771071637,72102448.0000000000,31
50,69,0.8348782226,67341360.0000000000,44
50,70,0.8082855311,67341360.0000000000,44
50,71,0.8369431551,67341360.0000000000,1
50,72,0.8773782454,72102448.0000000000,29
50,73,0.8521238400,72102448.0000000000,29
50,74,0.8526274022,72102448.0000000000,30
50,75,0.8516516142,72102448.0000000000,31
50,76,0.8830402107,72102448.0000000000,33
50,77,0.8346411977,67341360.0000000000,45
50,78,0.8077318069,67341360.0000000000,45
50,79,0.8106753124,67341360.0000000000,1
50,80,0.7636286157,63170096.0000000000,33
50,81,0.7911466943,63170096.0000000000,2
50,82,0.7889570991,63170096.0000000000,46
50,83,0.7898336189,63170096.0000000000,3
50,84,0.7884236935,63170096.0000000000,48
50,85,0.7055159171,58998832.0000000000,1
50,86,0.7318172508,58998832.0000000000,53
50,87,0.7357463882,58998832.0000000000,54
50,88,0.7644770135,63170096.0000000000,2
50,89,0.7646101535,63170096.0000000000,2
50,90,0.7609055502,63170096.0000000000,46
50,91,0.7631980596,63170096.0000000000,3
50,92,0.7620886443,63170096.0000000000,48
50,93,0.7039139711,58998832.0000000000,53
50,94,0.7298563715,58998832.0000000000,6
50,95,0.7062372557,58998832.0000000000,54
50,96,0.7899285790,63170096.0000000000,47
50,97,0.7621362170,63170096.0000000000,47
50,98,0.7630167854,63170096.0000000000,3
50,99,0.7890624759,63170096.0000000000,49
50,100,0.7628097433,63170096.0000000000,49
50,101,0.7036646100,58998832.0000000000,6
50,102,0.7035602623,58998832.0000000000,6
50,103,0.7329492244,58998832.0000000000,52
50,104,0.7616213794,63170096.0000000000,52
50,105,0.7863310834,63170096.0000000000,4
50,106,0.7618338421,63170096.0000000000,4
50,107,0.7899327383,63170096.0000000000,51
50,108,0.7634546676,63170096.0000000000,51
50,109,0.7293226915,58998832.0000000000,5
50,110,0.7350274117,58998832.0000000000,55
50,111,0.7297705135,58998832.0000000000,7
50,112,0.7619365962,63170096.0000000000,4
50,113,0.7882153090,63170096.0000000000,50
50,114,0.7620666964,63170096.0000000000,50
50,115,0.7619944017,63170096.0000000000,5
50,116,0.7619817172,63170096.0000000000,5
50,117,0.7048664947,58998832.0000000000,55
50,118,0.7037684086,58998832.0000000000,7
50,119,0.7038595475,58998832.0000000000,7
100,0,0.4377921210,454784832.0000000000,27
100,1,0.3928825930,454816624.0000000000,28
100,2,0.4376262930,454819008.0000000000,25
100,3,0.4374845470,454847392.0000000000,24
100,4,0.4377932270,454887744.0000000000,26
100,5,0.4000062550,424621248.0000000000,30
100,6,0.4002716260,424612064.0000000000,31
100,7,0.3997836040,424554000.0000000000,29
100,8,0.4736346610,575360624.0000000000,2
100,9,0.4283251790,575424528.0000000000,0
100,10,0.5098300880,575418368.0000000000,4
100,11,0.5095492310,575413088.0000000000,5
100,12,0.4281412110,575418368.0000000000,11
100,13,0.4004895530,537104928.0000000000,15
100,14,0.4003400140,537100192.0000000000,17
100,15,0.4002138980,537053344.0000000000,21
100,16,0.4720248880,575368624.0000000000,1
100,17,0.4281598340,575416960.0000000000,8
100,18,0.4284089540,575419376.0000000000,10
100,19,0.5089498400,575416800.0000000000,7
100,20,0.4278297230,575415456.0000000000,14
100,21,0.4001014330,537103184.0000000000,19
100,22,0.4431217190,537108752.0000000000,23
100,23,0.4002234290,537047024.0000000000,18
100,24,0.4282853340,575363824.0000000000,13
100,25,0.4753278550,575417712.0000000000,3
100,26,0.4283233500,575422064.0000000000,9
100,27,0.5093487510,575416800.0000000000,6
100,28,0.4279809070,575420832.0000000000,12
100,29,0.4002622030,537103184.0000000000,16
100,30,0.4427501480,537102960.0000000000,20
100,31,0.4462411570,537043904.0000000000,22
100,32,0.2947527160,350022528.0000000000,33
100,33,0.2501453300,350059696.0000000000,36
100,34,0.2502972500,350056784.0000000000,34
100,35,0.2950137690,350059584.0000000000,32
100,36,0.2501721080,350052768.0000000000,35
100,37,0.2340346040,326766848.0000000000,37
100,38,0.2341005130,326760464.0000000000,38
100,39,0.2338891430,326733472.0000000000,39
100,40,0.0261829700,72102448.0000000000,45
100,41,0.0261900050,72102448.0000000000,47
100,42,0.0262408050,72102448.0000000000,54
100,43,0.0261832800,72102448.0000000000,44
100,44,0.0262212460,72102448.0000000000,54
100,45,0.0249167330,67341360.0000000000,42
100,46,0.0249055420,67341360.0000000000,41
100,47,0.0248795180,67341360.0000000000,45
100,48,0.0261946980,72102448.0000000000,51
100,49,0.0261976750,72102448.0000000000,51
100,50,0.0262261490,72102448.0000000000,49
100,51,0.0261983840,72102448.0000000000,48
100,52,0.0261329690,72102448.0000000000,50
100,53,0.0249135680,67341360.0000000000,41
100,54,0.0248792480,67341360.0000000000,44
100,55,0.0249565900,67341360.0000000000,43
100,56,0.0261406440,72102448.0000000000,48
100,57,0.0261050250,72102448.0000000000,50
100,58,0.0261365450,72102448.0000000000,49
100,59,0.0261243380,72102448.0000000000,52
100,60,0.0262543900,72102448.0000000000,53
100,61,0.0248411020,67341360.0000000000,45
100,62,0.0248982740,67341360.0000000000,46
100,63,0.0248658910,67341360.0000000000,46
100,64,0.0267003270,72102448.0000000000,40
100,65,0.0261646880,72102448.0000000000,41
100,66,0.0261796070,72102448.0000000000,55
100,67,0.0261266300,72102448.0000000000,46
100,68,0.0261591450,72102448.0000000000,53
100,69,0.0249157080,67341360.0000000000,44
100,70,0.0248585190,67341360.0000000000,42
100,71,0.0248731970,67341360.0000000000,47
100,72,0.0261690880,72102448.0000000000,42
100,73,0.0266749260,72102448.0000000000,40
100,74,0.0261871680,72102448.0000000000,55
100,75,0.0261148680,72102448.0000000000,52
100,76,0.0262030040,72102448.0000000000,43
100,77,0.0249186270,67341360.0000000000,43
100,78,0.0254191250,67341360.0000000000,40
100,79,0.0248949080,67341360.0000000000,47
100,80,0.0238760700,63170096.0000000000,35
100,81,0.0235102880,63170096.0000000000,54
100,82,0.0233878090,63170096.0000000000,53
100,83,0.0234680360,63170096.0000000000,48
100,84,0.0234471760,63170096.0000000000,50
100,85,0.0220212040,58998832.0000000000,30
100,86,0.0221962010,58998832.0000000000,27
100,87,0.0221402130,58998832.0000000000,31
100,88,0.0238298760,63170096.0000000000,37
100,89,0.0238076550,63170096.0000000000,39
100,90,0.0238926230,63170096.0000000000,29
100,91,0.0239476990,63170096.0000000000,34
100,92,0.0238607600,63170096.0000000000,38
100,93,0.0221652190,58998832.0000000000,27
100,94,0.0220865010,58998832.0000000000,25
100,95,0.0221615950,58998832.0000000000,31
100,96,0.0234607420,63170096.0000000000,49
100,97,0.0238975600,63170096.0000000000,36
100,98,0.0238526850,63170096.0000000000,33
100,99,0.0235034740,63170096.0000000000,51
100,100,0.0239387500,63170096.0000000000,32
100,101,0.0221052970,58998832.0000000000,26
100,102,0.0221100970,58998832.0000000000,24
100,103,0.0221921930,58998832.0000000000,28
100,104,0.0239180710,63170096.0000000000,32
100,105,0.0238718800,63170096.0000000000,38
100,106,0.0239753930,63170096.0000000000,34
100,107,0.0234622830,63170096.0000000000,55
100,108,0.0239103060,63170096.0000000000,36
100,109,0.0220701110,58998832.0000000000,26
100,110,0.0221230420,58998832.0000000000,30
100,111,0.0221405640,58998832.0000000000,24
100,112,0.0238970500,63170096.0000000000,35
100,113,0.0234448300,63170096.0000000000,52
100,114,0.0238631740,63170096.0000000000,33
100,115,0.0238125650,63170096.0000000000,39
100,116,0.0238792860,63170096.0000000000,37
100,117,0.0221189030,58998832.0000000000,29
100,118,0.0220145630,58998832.0000000000,25
100,119,0.0222077740,58998832.0000000000,28
150,0,10.5688605485,454709248.0000000000,27
150,1,10.6076790575,454725536.0000000000,28
150,2,10.6530613549,454725360.0000000000,25
150,3,10.6808448288,454809792.0000000000,24
150,4,10.6803074123,454948672.0000000000,26
150,5,9.9454681445,424749712.0000000000,30
150,6,9.9060559380,424733920.0000000000,31
150,7,9.8703314622,424588096.0000000000,29
150,8,13.4823185000,575343664.0000000000,2
150,9,13.4663405505,575424192.0000000000,0
150,10,13.4857232838,575415968.0000000000,4
150,11,13.4802124479,575413696.0000000000,5
150,12,13.4693277307,575422384.0000000000,11
150,13,12.5774461480,537101744.0000000000,15
150,14,12.5702834385,537103968.0000000000,17
150,15,12.5739781811,537033952.0000000000,21
150,16,13.4799678734,575354928.0000000000,1
150,17,13.4703805526,575418512.0000000000,8
150,18,13.4712287670,575423632.0000000000,10
150,19,13.4832793941,575418816.0000000000,7
150,20,13.4549618543,575418448.0000000000,14
150,21,12.5646003250,537100624.0000000000,19
150,22,12.5903788789,537107248.0000000000,23
150,23,12.5719296740,537040864.0000000000,18
150,24,13.4701570765,575345744.0000000000,13
150,25,13.4857200262,575416256.0000000000,3
150,26,13.4765294140,575419936.0000000000,9
150,27,13.4883930631,575422400.0000000000,6
150,28,13.4632179347,575421344.0000000000,12
150,29,12.5750259595,537110016.0000000000,16
150,30,12.6097540427,537100656.0000000000,20
150,31,12.6078211670,537025136.0000000000,22
150,32,7.8959415959,350007184.0000000000,33
150,33,7.8737713454,350059376.0000000000,36
150,34,7.8796528095,350057168.0000000000,34
150,35,7.8955625016,350059264.0000000000,32
150,36,7.8797148669,350056896.0000000000,35
150,37,7.3786530218,326765040.0000000000,37
150,38,7.3826293505,326760608.0000000000,38
150,39,7.3779897097,326719088.0000000000,39
150,40,0.8541094022,72102448.0000000000,45
150,41,0.8557955583,72102448.0000000000,47
150,42,0.8567396092,72102448.0000000000,54
150,43,0.8540182304,72102448.0000000000,44
150,44,0.8559956701,72102448.0000000000,54
150,45,0.8136883025,67341360.0000000000,42
150,46,0.8129849540,67341360.0000000000,41
150,47,0.8115389249,67341360.0000000000,45
150,48,0.8563539956,72102448.0000000000,51
150,49,0.8556712158,72102448.0000000000,51
150,50,0.8553743773,72102448.0000000000,49
150,51,0.8549692723,72102448.0000000000,48
150,52,0.8545037561,72102448.0000000000,50
150,53,0.8122525132,67341360.0000000000,41
150,54,0.8115586752,67341360.0000000000,44
150,55,0.8140756810,67341360.0000000000,43
150,56,0.8537382156,72102448.0000000000,48
150,57,0.8536241724,72102448.0000000000,50
150,58,0.8545032730,72102448.0000000000,49
150,59,0.8544480419,72102448.0000000000,52
150,60,0.8550615906,72102448.0000000000,53
150,61,0.8112241898,67341360.0000000000,45
150,62,0.8129456233,67341360.0000000000,46
150,63,0.8119286321,67341360.0000000000,46
150,64,0.8726335931,72102448.0000000000,40
150,65,0.8549157432,72102448.0000000000,41
150,66,0.8558103017,72102448.0000000000,55
150,67,0.8535795947,72102448.0000000000,46
150,68,0.8541745982,72102448.0000000000,53
150,69,0.8116498353,67341360.0000000000,44
150,70,0.8124679285,67341360.0000000000,42
150,71,0.8119451264,67341360.0000000000,47
150,72,0.8543103883,72102448.0000000000,42
150,73,0.8721798044,72102448.0000000000,40
150,74,0.8546713546,72102448.0000000000,55
150,75,0.8536120480,72102448.0000000000,52
150,76,0.8545569503,72102448.0000000000,43
150,77,0.8129015464,67341360.0000000000,43
150,78,0.8286413037,67341360.0000000000,40
150,79,0.8119892461,67341360.0000000000,47
150,80,0.7803762485,63170096.0000000000,35
150,81,0.7668837705,63170096.0000000000,54
150,82,0.7635106461,63170096.0000000000,53
150,83,0.7649981485,63170096.0000000000,48
150,84,0.7646682017,63170096.0000000000,50
150,85,0.7212784395,58998832.0000000000,30
150,86,0.7234624966,58998832.0000000000,27
150,87,0.7233478387,58998832.0000000000,31
150,88,0.7799585489,63170096.0000000000,37
150,89,0.7778699711,63170096.0000000000,39
150,90,0.7796726489,63170096.0000000000,29
150,91,0.7826615622,63170096.0000000000,34
150,92,0.7797561297,63170096.0000000000,38
150,93,0.7232472120,58998832.0000000000,27
150,94,0.7206099100,58998832.0000000000,25
150,95,0.7230762849,58998832.0000000000,31
150,96,0.7653109880,63170096.0000000000,49
150,97,0.7799031861,63170096.0000000000,36
150,98,0.7794978018,63170096.0000000000,33
150,99,0.7664109771,63170096.0000000000,51
150,100,0.7809364793,63170096.0000000000,32
150,101,0.7218669896,58998832.0000000000,26
150,102,0.7228263542,58998832.0000000000,24
150,103,0.7254849635,58998832.0000000000,28
150,104,0.7812184314,63170096.0000000000,32
150,105,0.7794713203,63170096.0000000000,38
150,106,0.7826753029,63170096.0000000000,34
150,107,0.7647523913,63170096.0000000000,55
150,108,0.7799444193,63170096.0000000000,36
150,109,0.7217317507,58998832.0000000000,26
150,110,0.7212404089,58998832.0000000000,30
150,111,0.7228379050,58998832.0000000000,24
150,112,0.7803349311,63170096.0000000000,35
150,113,0.7640504860,63170096.0000000000,52
150,114,0.7793265471,63170096.0000000000,33
150,115,0.7778078748,63170096.0000000000,39
150,116,0.7793902229,63170096.0000000000,37
150,117,0.7213989570,58998832.0000000000,29
150,118,0.7202756739,58998832.0000000000,25
150,119,0.7250689419,58998832.0000000000,28
200,0,0.3282820700,454525216.0000000000,27
200,1,0.3315734410,454465376.0000000000,28
200,2,0.3331488370,454509632.0000000000,25
200,3,0.3346566650,454737872.0000000000,24
200,4,0.3349000680,455032784.0000000000,26
200,5,0.3121285990,424983232.0000000000,30
200,6,0.3101485710,424996784.0000000000,31
200,7,0.3067848690,424708160.0000000000,29
200,8,0.4182625130,575330160.0000000000,2
200,9,0.4181946420,575423216.0000000000,0
200,10,0.4180223400,575416800.0000000000,4
200,11,0.4177017570,575413856.0000000000,5
200,12,0.4187066640,575421904.0000000000,11
200,13,0.3906415050,537105536.0000000000,15
200,14,0.3904173990,537103536.0000000000,17
200,15,0.3908786150,537015264.0000000000,21
200,16,0.4183714720,575345360.0000000000,1
200,17,0.4186317670,575418208.0000000000,8
200,18,0.4183893070,575422528.0000000000,10
200,19,0.4180553610,575420176.0000000000,7
200,20,0.4179663040,575419856.0000000000,14
200,21,0.3903393380,537102432.0000000000,19
200,22,0.3906457060,537105664.0000000000,23
200,23,0.3905554950,537025840.0000000000,18
200,24,0.4184426240,575325536.0000000000,13
200,25,0.4185009820,575417024.0000000000,3
200,26,0.4185094100,575415552.0000000000,9
200,27,0.4180759410,575426112.0000000000,6
200,28,0.4182185520,575421728.0000000000,12
200,29,0.3904784650,537108608.0000000000,16
200,30,0.3912355330,537104112.0000000000,20
200,31,0.3911960960,537002112.0000000000,22
200,32,0.2446956610,349991968.0000000000,33
200,33,0.2443480270,350057392.0000000000,36
200,34,0.2445705480,350056896.0000000000,34
200,35,0.2446021670,350055712.0000000000,32
200,36,0.2445735630,350055776.0000000000,35
200,37,0.2290794810,326767712.0000000000,37
200,38,0.2291144780,326760176.0000000000,38
200,39,0.2291920880,326701072.0000000000,39
200,40,0.0261591840,72102448.0000000000,45
200,41,0.0261812150,72102448.0000000000,47
200,42,0.0262163590,72102448.0000000000,54
200,43,0.0261501250,72102448.0000000000,44
200,44,0.0262455750,72102448.0000000000,54
200,45,0.0249440350,67341360.0000000000,42
200,46,0.0248857920,67341360.0000000000,41
200,47,0.0248718730,67341360.0000000000,45
200,48,0.0262040050,72102448.0000000000,51
200,49,0.0261798270,72102448.0000000000,51
200,50,0.0261843160,72102448.0000000000,49
200,51,0.0261840770,72102448.0000000000,48
200,52,0.0261750190,72102448.0000000000,50
200,53,0.0248958620,67341360.0000000000,41
200,54,0.0248580040,67341360.0000000000,44
200,55,0.0249008420,67341360.0000000000,43
200,56,0.0261568630,72102448.0000000000,48
200,57,0.0261348310,72102448.0000000000,50
200,58,0.0261864500,72102448.0000000000,49
200,59,0.0261452530,72102448.0000000000,52
200,60,0.0261909920,72102448.0000000000,53
200,61,0.0248616610,67341360.0000000000,45
200,62,0.0249026280,67341360.0000000000,46
200,63,0.0248759890,67341360.0000000000,46
200,64,0.0267221670,72102448.0000000000,40
200,65,0.0261957170,72102448.0000000000,41
200,66,0.0261963810,72102448.0000000000,55
200,67,0.0261807950,72102448.0000000000,46
200,68,0.0261447300,72102448.0000000000,53
200,69,0.0248583350,67341360.0000000000,44
200,70,0.0248636620,67341360.0000000000,42
200,71,0.0248546260,67341360.0000000000,47
200,72,0.0261801890,72102448.0000000000,42
200,73,0.0267144710,72102448.0000000000,40
200,74,0.0261740280,72102448.0000000000,55
200,75,0.0261218670,72102448.0000000000,52
200,76,0.0261550780,72102448.0000000000,43
200,77,0.0249204500,67341360.0000000000,43
200,78,0.0253588790,67341360.0000000000,40
200,79,0.0248664600,67341360.0000000000,47
200,80,0.0239370370,63170096.0000000000,35
200,81,0.0234608660,63170096.0000000000,54
200,82,0.0233426360,63170096.0000000000,53
200,83,0.0234166400,63170096.0000000000,48
200,84,0.0233940080,63170096.0000000000,50
200,85,0.0220601760,58998832.0000000000,30
200,86,0.0221467190,58998832.0000000000,27
200,87,0.0221748590,58998832.0000000000,31
200,88,0.0238693130,63170096.0000000000,37
200,89,0.0238356060,63170096.0000000000,39
200,90,0.0238936920,63170096.0000000000,29
200,91,0.0239647520,63170096.0000000000,34
200,92,0.0238353160,63170096.0000000000,38
200,93,0.0221506280,58998832.0000000000,27
200,94,0.0220860310,58998832.0000000000,25
200,95,0.0221583060,58998832.0000000000,31
200,96,0.0234591220,63170096.0000000000,49
200,97,0.0238666370,63170096.0000000000,36
200,98,0.0238822200,63170096.0000000000,33
200,99,0.0234636810,63170096.0000000000,51
200,100,0.0239303650,63170096.0000000000,32
200,101,0.0221058910,58998832.0000000000,26
200,102,0.0220986670,58998832.0000000000,24
200,103,0.0222201070,58998832.0000000000,28
200,104,0.0238780320,63170096.0000000000,32
200,105,0.0239039880,63170096.0000000000,38
200,106,0.0239734470,63170096.0000000000,34
200,107,0.0234367770,63170096.0000000000,55
200,108,0.0239117450,63170096.0000000000,36
200,109,0.0220815950,58998832.0000000000,26
200,110,0.0221194510,58998832.0000000000,30
200,111,0.0220964620,58998832.0000000000,24
200,112,0.0239413340,63170096.0000000000,35
200,113,0.0234006380,63170096.0000000000,52
200,114,0.0238619020,63170096.0000000000,33
200,115,0.0238468680,63170096.0000000000,39
200,116,0.0238548870,63170096.0000000000,37
200,117,0.0220868370,58998832.0000000000,29
200,118,0.0220544310,58998832.0000000000,25
200,119,0.0222042350,58998832.0000000000,28
250,0,10.5838411192,454228976.0000000000,27
250,1,10.7173629796,454073296.0000000000,28
250,2,10.7721125081,454234400.0000000000,25
250,3,10.8170343584,454656864.0000000000,24
250,4,10.8313194009,455114208.0000000000,26
250,5,10.0954492124,425301312.0000000000,30
250,6,10.0136776551,425437280.0000000000,31
250,7,9.8959661234,424940000.0000000000,29
250,8,13.4614975229,575317728.0000000000,2
250,9,13.4620056314,575422928.0000000000,0
250,10,13.4526258311,575422400.0000000000,4
250,11,13.4483327842,575415120.0000000000,5
250,12,13.4662702808,575417248.0000000000,11
250,13,12.5743615271,537105504.0000000000,15
250,14,12.5665295449,537107616.0000000000,17
250,15,12.5689777832,537007456.0000000000,21
250,16,13.4589291957,575337280.0000000000,1
250,17,13.4649079964,575419152.0000000000,8
250,18,13.4665994379,575421200.0000000000,10
250,19,13.4512567555,575421456.0000000000,7
250,20,13.4514300379,575416464.0000000000,14
250,21,12.5611988779,537101312.0000000000,19
250,22,12.5715669577,537105744.0000000000,23
250,23,12.5659269832,537013024.0000000000,18
250,24,13.4663935012,575309472.0000000000,13
250,25,13.4646706643,575417808.0000000000,3
250,26,13.4729647079,575412768.0000000000,9
250,27,13.4567543808,575423488.0000000000,6
250,28,13.4594769753,575428256.0000000000,12
250,29,12.5710683695,537112528.0000000000,16
250,30,12.5908588146,537103888.0000000000,20
250,31,12.5858554555,536990528.0000000000,22
250,32,7.8774166196,349972320.0000000000,33
250,33,7.8720046521,350058768.0000000000,36
250,34,7.8775210526,350055312.0000000000,34
250,35,7.8783019953,350058192.0000000000,32
250,36,7.8786522204,350054112.0000000000,35
250,37,7.3773490071,326766288.0000000000,37
250,38,7.3817188612,326756944.0000000000,38
250,39,7.3769614749,326682640.0000000000,39
250,40,0.8541378190,72102448.0000000000,45
250,41,0.8558118540,72102448.0000000000,47
250,42,0.8567987277,72102448.0000000000,54
250,43,0.8538624808,72102448.0000000000,44
250,44,0.8559193788,72102448.0000000000,54
250,45,0.8135409207,67341360.0000000000,42
250,46,0.8127642663,67341360.0000000000,41
250,47,0.8115016479,67341360.0000000000,45
250,48,0.8565630340,72102448.0000000000,51
250,49,0.8557549978,72102448.0000000000,51
250,50,0.8553922519,72102448.0000000000,49
250,51,0.8549538610,72102448.0000000000,48
250,52,0.8545093191,72102448.0000000000,50
250,53,0.8120985790,67341360.0000000000,41
250,54,0.8115445276,67341360.0000000000,44
250,55,0.8137955193,67341360.0000000000,43
250,56,0.8539388790,72102448.0000000000,48
250,57,0.8535279051,72102448.0000000000,50
250,58,0.8543040383,72102448.0000000000,49
250,59,0.8545592244,72102448.0000000000,52
250,60,0.8550931888,72102448.0000000000,53
250,61,0.8112130615,67341360.0000000000,45
250,62,0.8127995988,67341360.0000000000,46
250,63,0.8116724027,67341360.0000000000,46
250,64,0.8725503058,72102448.0000000000,40
250,65,0.8550935557,72102448.0000000000,41
250,66,0.8556316980,72102448.0000000000,55
250,67,0.8536597182,72102448.0000000000,46
250,68,0.8540339833,72102448.0000000000,53
250,69,0.8113121402,67341360.0000000000,44
250,70,0.8124218183,67341360.0000000000,42
250,71,0.8118459994,67341360.0000000000,47
250,72,0.8543241433,72102448.0000000000,42
250,73,0.8720996972,72102448.0000000000,40
250,74,0.8548747032,72102448.0000000000,55
250,75,0.8534531257,72102448.0000000000,52
250,76,0.8545678960,72102448.0000000000,43
250,77,0.8130078842,67341360.0000000000,43
250,78,0.8287887349,67341360.0000000000,40
250,79,0.8119431833,67341360.0000000000,47
250,80,0.7806323369,63170096.0000000000,35
250,81,0.7670597666,63170096.0000000000,54
250,82,0.7632288200,63170096.0000000000,53
250,83,0.7648040950,63170096.0000000000,48
250,84,0.7646369867,63170096.0000000000,50
250,85,0.7213188820,58998832.0000000000,30
250,86,0.7232779299,58998832.0000000000,27
250,87,0.7231105560,58998832.0000000000,31
250,88,0.7798521317,63170096.0000000000,37
250,89,0.7777253838,63170096.0000000000,39
250,90,0.7793209612,63170096.0000000000,29
250,91,0.7826242185,63170096.0000000000,34
250,92,0.7797449212,63170096.0000000000,38
250,93,0.7232831059,58998832.0000000000,27
250,94,0.7204582024,58998832.0000000000,25
250,95,0.7229903397,58998832.0000000000,31
250,96,0.7653041703,63170096.0000000000,49
250,97,0.7798610614,63170096.0000000000,36
250,98,0.7795789274,63170096.0000000000,33
250,99,0.7664222098,63170096.0000000000,51
250,100,0.7810803247,63170096.0000000000,32
250,101,0.7217279914,58998832.0000000000,26
250,102,0.7228345162,58998832.0000000000,24
250,103,0.7260460172,58998832.0000000000,28
250,104,0.7808653329,63170096.0000000000,32
250,105,0.7796929072,63170096.0000000000,38
250,106,0.7826636193,63170096.0000000000,34
250,107,0.7647803341,63170096.0000000000,55
250,108,0.7800117239,63170096.0000000000,36
250,109,0.7217012529,58998832.0000000000,26
250,110,0.7210892327,58998832.0000000000,30
250,111,0.7227768824,58998832.0000000000,24
250,112,0.7802337289,63170096.0000000000,35
250,113,0.7643576654,63170096.0000000000,52
250,114,0.7792474501,63170096.0000000000,33
250,115,0.7777477090,63170096.0000000000,39
250,116,0.7794084748,63170096.0000000000,37
250,117,0.7211565577,58998832.0000000000,29
250,118,0.7203032767,58998832.0000000000,25
250,119,0.7255514593,58998832.0000000000,28
300,0,0.3300929850,453755712.0000000000,27
300,1,0.3355748310,453462816.0000000000,28
300,2,0.3381820320,453870224.0000000000,25
300,3,0.3396623880,454558912.0000000000,24
300,4,0.3404693110,455184784.0000000000,26
300,5,0.3178880500,425663968.0000000000,30
300,6,0.3147658520,426087104.0000000000,31
300,7,0.3090899280,425287648.0000000000,29
300,8,0.4184573720,575310608.0000000000,2
300,9,0.4183559270,575423856.0000000000,0
300,10,0.4180866110,575427216.0000000000,4
300,11,0.4179658130,575415952.0000000000,5
300,12,0.4183815580,575419280.0000000000,11
300,13,0.3906016100,537105056.0000000000,15
300,14,0.3905715570,537108864.0000000000,17
300,15,0.3905090090,536994320.0000000000,21
300,16,0.4182492190,575328080.0000000000,1
300,17,0.4183498360,575421168.0000000000,8
300,18,0.4185798620,575417184.0000000000,10
300,19,0.4180717910,575417424.0000000000,7
300,20,0.4181317040,575417856.0000000000,14
300,21,0.3903863000,537101504.0000000000,19
300,22,0.3906131720,537099232.0000000000,23
300,23,0.3906406510,537005088.0000000000,18
300,24,0.4184240870,575292144.0000000000,13
300,25,0.4182887750,575419328.0000000000,3
300,26,0.4184934550,575413968.0000000000,9
300,27,0.4178542600,575418640.0000000000,6
300,28,0.4181607400,575427952.0000000000,12
300,29,0.3906026680,537110208.0000000000,16
300,30,0.3912505850,537102752.0000000000,20
300,31,0.3909549820,536974800.0000000000,22
300,32,0.2445447260,349951344.0000000000,33
300,33,0.2444714490,350061440.0000000000,36
300,34,0.2446559110,350051152.0000000000,34
300,35,0.2445416200,350059168.0000000000,32
300,36,0.2446425150,350049040.0000000000,35
300,37,0.2290293630,326774224.0000000000,37
300,38,0.2292207750,326756368.0000000000,38
300,39,0.2290448130,326663056.0000000000,39
300,40,0.0261749080,72102448.0000000000,45
300,41,0.0262032430,72102448.0000000000,47
300,42,0.0262499140,72102448.0000000000,54
300,43,0.0261139570,72102448.0000000000,44
300,44,0.0261593690,72102448.0000000000,54
300,45,0.0249189740,67341360.0000000000,42
300,46,0.0248831440,67341360.0000000000,41
300,47,0.0248711850,67341360.0000000000,45
300,48,0.0262127540,72102448.0000000000,51
300,49,0.0262069250,72102448.0000000000,51
300,50,0.0261801020,72102448.0000000000,49
300,51,0.0262105730,72102448.0000000000,48
300,52,0.0261740110,72102448.0000000000,50
300,53,0.0248375780,67341360.0000000000,41
300,54,0.0248461770,67341360.0000000000,44
300,55,0.0249750740,67341360.0000000000,43
300,56,0.0261328000,72102448.0000000000,48
300,57,0.0261379410,72102448.0000000000,50
300,58,0.0261613970,72102448.0000000000,49
300,59,0.0261601390,72102448.0000000000,52
300,60,0.0261484040,72102448.0000000000,53
300,61,0.0248339510,67341360.0000000000,45
300,62,0.0249424120,67341360.0000000000,46
300,63,0.0248198850,67341360.0000000000,46
300,64,0.0266899930,72102448.0000000000,40
300,65,0.0261993520,72102448.0000000000,41
300,66,0.0262402220,72102448.0000000000,55
300,67,0.0261094520,72102448.0000000000,46
300,68,0.0261954380,72102448.0000000000,53
300,69,0.0248411770,67341360.0000000000,44
300,70,0.0248794470,67341360.0000000000,42
300,71,0.0248415190,67341360.0000000000,47
300,72,0.0261898720,72102448.0000000000,42
300,73,0.0266870060,72102448.0000000000,40
300,74,0.0261749570,72102448.0000000000,55
300,75,0.0261292080,72102448.0000000000,52
300,76,0.0261871290,72102448.0000000000,43
300,77,0.0248907180,67341360.0000000000,43
300,78,0.0254418360,67341360.0000000000,40
300,79,0.0248833190,67341360.0000000000,47
300,80,0.0239179890,63170096.0000000000,35
300,81,0.0234225180,63170096.0000000000,54
300,82,0.0234210830,63170096.0000000000,53
300,83,0.0234494350,63170096.0000000000,48
300,84,0.0234071560,63170096.0000000000,50
300,85,0.0220643850,58998832.0000000000,30
300,86,0.0221782190,58998832.0000000000,27
300,87,0.0221228070,58998832.0000000000,31
300,88,0.0238503000,63170096.0000000000,37
300,89,0.0237999900,63170096.0000000000,39
300,90,0.0238124320,63170096.0000000000,29
300,91,0.0239495770,63170096.0000000000,34
300,92,0.0239121680,63170096.0000000000,38
300,93,0.0221489440,58998832.0000000000,27
300,94,0.0220749000,58998832.0000000000,25
300,95,0.0221246410,58998832.0000000000,31
300,96,0.0234237360,63170096.0000000000,49
300,97,0.0238874000,63170096.0000000000,36
300,98,0.0238515560,63170096.0000000000,33
300,99,0.0234910070,63170096.0000000000,51
300,100,0.0239787250,63170096.0000000000,32
300,101,0.0220926040,58998832.0000000000,26
300,102,0.0221322330,58998832.0000000000,24
300,103,0.0221987940,58998832.0000000000,28
300,104,0.0238897920,63170096.0000000000,32
300,105,0.0238862480,63170096.0000000000,38
300,106,0.0239503790,63170096.0000000000,34
300,107,0.0234379460,63170096.0000000000,55
300,108,0.0238557090,63170096.0000000000,36
300,109,0.0221179340,58998832.0000000000,26
300,110,0.0220352480,58998832.0000000000,30
300,111,0.0221154310,58998832.0000000000,24
300,112,0.0238904020,63170096.0000000000,35
300,113,0.0234416750,63170096.0000000000,52
300,114,0.0238363860,63170096.0000000000,33
300,115,0.0238084370,63170096.0000000000,39
300,116,0.0238716100,63170096.0000000000,37
300,117,0.0220819570,58998832.0000000000,29
300,118,0.0220499310,58998832.0000000000,25
300,119,0.0221950170,58998832.0000000000,28
350,0,10.6452773801,453181024.0000000000,27
350,1,10.8361733453,452729328.0000000000,28
350,2,10.9230367324,453478800.0000000000,25
350,3,10.9819185480,454469456.0000000000,24
350,4,11.0090877652,455230912.0000000000,26
350,5,10.2805943925,426064928.0000000000,30
350,6,10.1815878378,426941552.0000000000,31
350,7,9.9785478403,425771824.0000000000,29
350,8,13.4607953317,575299456.0000000000,2
350,9,13.4626115200,575424032.0000000000,0
350,10,13.4518098812,575426720.0000000000,4
350,11,13.4472508401,575416944.0000000000,5
350,12,13.4656392743,575424720.0000000000,11
350,13,12.5741759671,537101552.0000000000,15
350,14,12.5667753108,537106976.0000000000,17
350,15,12.5689316633,536986512.0000000000,21
350,16,13.4585755684,575320256.0000000000,1
350,17,13.4668613232,575423104.0000000000,8
350,18,13.4665817850,575416352.0000000000,10
350,19,13.4498223289,575415008.0000000000,7
350,20,13.4502027347,575419328.0000000000,14
350,21,12.5614849469,537102896.0000000000,19
350,22,12.5715343502,537100512.0000000000,23
350,23,12.5662897490,536998320.0000000000,18
350,24,13.4646997274,575273984.0000000000,13
350,25,13.4634015301,575422000.0000000000,3
350,26,13.4727059151,575414320.0000000000,9
350,27,13.4544572885,575423696.0000000000,6
350,28,13.4598850380,575433264.0000000000,12
350,29,12.5701115624,537108768.0000000000,16
350,30,12.5909990720,537104288.0000000000,20
350,31,12.5858078452,536960896.0000000000,22
350,32,7.8765943095,349938576.0000000000,33
350,33,7.8722043368,350059648.0000000000,36
350,34,7.8777721615,350050848.0000000000,34
350,35,7.8785762645,350056240.0000000000,32
350,36,7.8786669451,350049056.0000000000,35
350,37,7.3777401045,326774976.0000000000,37
350,38,7.3812378539,326757552.0000000000,38
350,39,7.3770343619,326642208.0000000000,39
350,40,0.8542563759,72102448.0000000000,45
350,41,0.8557971046,72102448.0000000000,47
350,42,0.8569964198,72102448.0000000000,54
350,43,0.8538875856,72102448.0000000000,44
350,44,0.8560710457,72102448.0000000000,54
350,45,0.8136292636,67341360.0000000000,42
350,46,0.8128191030,67341360.0000000000,41
350,47,0.8111231370,67341360.0000000000,45
350,48,0.8565018693,72102448.0000000000,51
350,49,0.8557782184,72102448.0000000000,51
350,50,0.8553028335,72102448.0000000000,49
350,51,0.8549559206,72102448.0000000000,48
350,52,0.8545404692,72102448.0000000000,50
350,53,0.8123813259,67341360.0000000000,41
350,54,0.8116662198,67341360.0000000000,44
350,55,0.8138629117,67341360.0000000000,43
350,56,0.8538674218,72102448.0000000000,48
350,57,0.8535039806,72102448.0000000000,50
350,58,0.8544759998,72102448.0000000000,49
350,59,0.8548334234,72102448.0000000000,52
350,60,0.8549171185,72102448.0000000000,53
350,61,0.8112988990,67341360.0000000000,45
350,62,0.8129095468,67341360.0000000000,46
350,63,0.8119808634,67341360.0000000000,46
350,64,0.8729260959,72102448.0000000000,40
350,65,0.8549494608,72102448.0000000000,41
350,66,0.8556241177,72102448.0000000000,55
350,67,0.8533993775,72102448.0000000000,46
350,68,0.8540479689,72102448.0000000000,53
350,69,0.8115086425,67341360.0000000000,44
350,70,0.8121491807,67341360.0000000000,42
350,71,0.8117708850,67341360.0000000000,47
350,72,0.8543890617,72102448.0000000000,42
350,73,0.8721396674,72102448.0000000000,40
350,74,0.8546169480,72102448.0000000000,55
350,75,0.8536020783,72102448.0000000000,52
350,76,0.8546174293,72102448.0000000000,43
350,77,0.8131165395,67341360.0000000000,43
350,78,0.8288093003,67341360.0000000000,40
350,79,0.8118785685,67341360.0000000000,47
350,80,0.7805460284,63170096.0000000000,35
350,81,0.7667941055,63170096.0000000000,54
350,82,0.7632859442,63170096.0000000000,53
350,83,0.7647881525,63170096.0000000000,48
350,84,0.7646035508,63170096.0000000000,50
350,85,0.7212621002,58998832.0000000000,30
350,86,0.7233363582,58998832.0000000000,27
350,87,0.7234163738,58998832.0000000000,31
350,88,0.7798777904,63170096.0000000000,37
350,89,0.7778108026,63170096.0000000000,39
350,90,0.7793668744,63170096.0000000000,29
350,91,0.7826638184,63170096.0000000000,34
350,92,0.7797322937,63170096.0000000000,38
350,93,0.7233345462,58998832.0000000000,27
350,94,0.7205384932,58998832.0000000000,25
350,95,0.7229717561,58998832.0000000000,31
350,96,0.7652840815,63170096.0000000000,49
350,97,0.7803358301,63170096.0000000000,36
350,98,0.7793825277,63170096.0000000000,33
350,99,0.7665082236,63170096.0000000000,51
350,100,0.7809914962,63170096.0000000000,32
350,101,0.7216956712,58998832.0000000000,26
350,102,0.7227196034,58998832.0000000000,24
350,103,0.7258924934,58998832.0000000000,28
350,104,0.7809471088,63170096.0000000000,32
350,105,0.7797670913,63170096.0000000000,38
350,106,0.7824339891,63170096.0000000000,34
350,107,0.7648755965,63170096.0000000000,55
350,108,0.7798661501,63170096.0000000000,36
350,109,0.7216836611,58998832.0000000000,26
350,110,0.7208481565,58998832.0000000000,30
350,111,0.7226051212,58998832.0000000000,24
350,112,0.7803368302,63170096.0000000000,35
350,113,0.7642099165,63170096.0000000000,52
350,114,0.7790904577,63170096.0000000000,33
350,115,0.7776249996,63170096.0000000000,39
350,116,0.7795623679,63170096.0000000000,37
350,117,0.7212507665,58998832.0000000000,29
350,118,0.7202701480,58998832.0000000000,25
350,119,0.7256586922,58998832.0000000000,28
400,0,0.3317618580,452435840.0000000000,27
400,1,0.3385522700,451724384.0000000000,28
400,2,0.3421370410,453011264.0000000000,25
400,3,0.3446202200,454369552.0000000000,24
400,4,0.3457941240,455236752.0000000000,26
400,5,0.3236157530,426496912.0000000000,30
400,6,0.3201986540,428049120.0000000000,31
400,7,0.3122340540,426363856.0000000000,29
400,8,0.4182028810,575290656.0000000000,2
400,9,0.4183740120,575423632.0000000000,0
400,10,0.4180634770,575420576.0000000000,4
400,11,0.4179734020,575419920.0000000000,5
400,12,0.4185241870,575420656.0000000000,11
400,13,0.3909323270,537104416.0000000000,15
400,14,0.3905625600,537103312.0000000000,17
400,15,0.3905607060,536979920.0000000000,21
400,16,0.4181790460,575312224.0000000000,1
400,17,0.4184639030,575420944.0000000000,8
400,18,0.4184742820,575424448.0000000000,10
400,19,0.4180116870,575413552.0000000000,7
400,20,0.4181303380,575421872.0000000000,14
400,21,0.3903485270,537100768.0000000000,19
400,22,0.3905356490,537101344.0000000000,23
400,23,0.3905680710,536990832.0000000000,18
400,24,0.4182821120,575255184.0000000000,13
400,25,0.4185004840,575420256.0000000000,3
400,26,0.4185832240,575408192.0000000000,9
400,27,0.4182733260,575422848.0000000000,6
400,28,0.4183367880,575432464.0000000000,12
400,29,0.3905823890,537111360.0000000000,16
400,30,0.3912196810,537104672.0000000000,20
400,31,0.3910753630,536944784.0000000000,22
400,32,0.2445278360,349917008.0000000000,33
400,33,0.2445926120,350064544.0000000000,36
400,34,0.2445475140,350052976.0000000000,34
400,35,0.2447215420,350053856.0000000000,32
400,36,0.2447436850,350049616.0000000000,35
400,37,0.2292046020,326771424.0000000000,37
400,38,0.2291539230,326759760.0000000000,38
400,39,0.2290273080,326622352.0000000000,39
400,40,0.0261570250,72102448.0000000000,45
400,41,0.0261810940,72102448.0000000000,47
400,42,0.0262593620,72102448.0000000000,54
400,43,0.0261725660,72102448.0000000000,44
400,44,0.0262226690,72102448.0000000000,54
400,45,0.0249485590,67341360.0000000000,42
400,46,0.0249088120,67341360.0000000000,41
400,47,0.0248882220,67341360.0000000000,45
400,48,0.0262150750,72102448.0000000000,51
400,49,0.0262162360,72102448.0000000000,51
400,50,0.0262005240,72102448.0000000000,49
400,51,0.0261419130,72102448.0000000000,48
400,52,0.0262135510,72102448.0000000000,50
400,53,0.0248803190,67341360.0000000000,41
400,54,0.0248816580,67341360.0000000000,44
400,55,0.0248896350,67341360.0000000000,43
400,56,0.0261513790,72102448.0000000000,48
400,57,0.0261303220,72102448.0000000000,50
400,58,0.0261750560,72102448.0000000000,49
400,59,0.0261635680,72102448.0000000000,52
400,60,0.0262079830,72102448.0000000000,53
400,61,0.0248315410,67341360.0000000000,45
400,62,0.0248777470,67341360.0000000000,46
400,63,0.0248610470,67341360.0000000000,46
400,64,0.0267276130,72102448.0000000000,40
400,65,0.0261305750,72102448.0000000000,41
400,66,0.0262008470,72102448.0000000000,55
400,67,0.0261569860,72102448.0000000000,46
400,68,0.0261503690,72102448.0000000000,53
400,69,0.0248532920,67341360.0000000000,44
400,70,0.0248653800,67341360.0000000000,42
400,71,0.0248512370,67341360.0000000000,47
400,72,0.0261703660,72102448.0000000000,42
400,73,0.0266948200,72102448.0000000000,40
400,74,0.0261850380,72102448.0000000000,55
400,75,0.0261614100,72102448.0000000000,52
400,76,0.0261563770,72102448.0000000000,43
400,77,0.0249121780,67341360.0000000000,43
400,78,0.0253797630,67341360.0000000000,40
400,79,0.0248388560,67341360.0000000000,47
400,80,0.0238989300,63170096.0000000000,35
400,81,0.0234564030,63170096.0000000000,54
400,82,0.0233306810,63170096.0000000000,53
400,83,0.0234322040,63170096.0000000000,48
400,84,0.0233972960,63170096.0000000000,50
400,85,0.0221068830,58998832.0000000000,30
400,86,0.0220819540,58998832.0000000000,27
400,87,0.0221447470,58998832.0000000000,31
400,88,0.0238257430,63170096.0000000000,37
400,89,0.0237974170,63170096.0000000000,39
400,90,0.0238652830,63170096.0000000000,29
400,91,0.0239507400,63170096.0000000000,34
400,92,0.0238529650,63170096.0000000000,38
400,93,0.0221327690,58998832.0000000000,27
400,94,0.0220439910,58998832.0000000000,25
400,95,0.0221231650,58998832.0000000000,31
400,96,0.0234761290,63170096.0000000000,49
400,97,0.0238975820,63170096.0000000000,36
400,98,0.0238821980,63170096.0000000000,33
400,99,0.0234573620,63170096.0000000000,51
400,100,0.0239191010,63170096.0000000000,32
400,101,0.0221193670,58998832.0000000000,26
400,102,0.0221144760,58998832.0000000000,24
400,103,0.0221802850,58998832.0000000000,28
400,104,0.0239361940,63170096.0000000000,32
400,105,0.0238799760,63170096.0000000000,38
400,106,0.0239458710,63170096.0000000000,34
400,107,0.0234296020,63170096.0000000000,55
400,108,0.0238595060,63170096.0000000000,36
400,109,0.0220772430,58998832.0000000000,26
400,110,0.0220893790,58998832.0000000000,30
400,111,0.0221070800,58998832.0000000000,24
400,112,0.0238524310,63170096.0000000000,35
400,113,0.0234336890,63170096.0000000000,52
400,114,0.0238677900,63170096.0000000000,33
400,115,0.0237823600,63170096.0000000000,39
400,116,0.0238558410,63170096.0000000000,37
400,117,0.0221162890,58998832.0000000000,29
400,118,0.0220612520,58998832.0000000000,25
400,119,0.0222156230,58998832.0000000000,28
450,0,10.6796579829,451663200.0000000000,27
450,1,10.9081821194,450610880.0000000000,28
450,2,11.0409627475,452518640.0000000000,25
450,3,11.1246404075,454285104.0000000000,24
450,4,11.1573968256,455215744.0000000000,26
450,5,10.4589935906,426961264.0000000000,30
450,6,10.3504981857,429404880.0000000000,31
450,7,10.0819196894,427032608.0000000000,29
450,8,13.4612416580,575283888.0000000000,2
450,9,13.4629608514,575423520.0000000000,0
450,10,13.4529815030,575425744.0000000000,4
450,11,13.4490506556,575412416.0000000000,5
450,12,13.4655185902,575417136.0000000000,11
450,13,12.5737021039,537106896.0000000000,15
450,14,12.5681454782,537108896.0000000000,17
450,15,12.5687302237,536966960.0000000000,21
450,16,13.4584763433,575307824.0000000000,1
450,17,13.4669825330,575419136.0000000000,8
450,18,13.4667501995,575423136.0000000000,10
450,19,13.4496463188,575417712.0000000000,7
450,20,13.4492769007,575421376.0000000000,14
450,21,12.5612677187,537099712.0000000000,19
450,22,12.5704910406,537103360.0000000000,23
450,23,12.5662327989,536989632.0000000000,18
450,24,13.4644608347,575247712.0000000000,13
450,25,13.4640932044,575413952.0000000000,3
450,26,13.4734835599,575417360.0000000000,9
450,27,13.4555813193,575417856.0000000000,6
450,28,13.4595036324,575430720.0000000000,12
450,29,12.5714488210,537109360.0000000000,16
450,30,12.5908233756,537109824.0000000000,20
450,31,12.5846552509,536926912.0000000000,22
450,32,7.8759375713,349899280.0000000000,33
450,33,7.8721459201,350062944.0000000000,36
450,34,7.8767143405,350050512.0000000000,34
450,35,7.8790017655,350057680.0000000000,32
450,36,7.8788681317,350054544.0000000000,35
450,37,7.3779029544,326766000.0000000000,37
450,38,7.3825989700,326759120.0000000000,38
450,39,7.3770337458,326607088.0000000000,39
450,40,0.8541415062,72102448.0000000000,45
450,41,0.8556578903,72102448.0000000000,47
450,42,0.8567845217,72102448.0000000000,54
450,43,0.8541324580,72102448.0000000000,44
450,44,0.8560245923,72102448.0000000000,54
450,45,0.8136310562,67341360.0000000000,42
450,46,0.8131793540,67341360.0000000000,41
450,47,0.8113976832,67341360.0000000000,45
450,48,0.8566322958,72102448.0000000000,51
450,49,0.8557994098,72102448.0000000000,51
450,50,0.8552886072,72102448.0000000000,49
450,51,0.8547505907,72102448.0000000000,48
450,52,0.8545351901,72102448.0000000000,50
450,53,0.8122392409,67341360.0000000000,41
450,54,0.8118263643,67341360.0000000000,44
450,55,0.8136829104,67341360.0000000000,43
450,56,0.8537991724,72102448.0000000000,48
450,57,0.8534080151,72102448.0000000000,50
450,58,0.8543359479,72102448.0000000000,49
450,59,0.8545704311,72102448.0000000000,52
450,60,0.8552984265,72102448.0000000000,53
450,61,0.8112703594,67341360.0000000000,45
450,62,0.8127150478,67341360.0000000000,46
450,63,0.8121013992,67341360.0000000000,46
450,64,0.8726403636,72102448.0000000000,40
450,65,0.8549203014,72102448.0000000000,41
450,66,0.8556162052,72102448.0000000000,55
450,67,0.8534923862,72102448.0000000000,46
450,68,0.8539976998,72102448.0000000000,53
450,69,0.8114921393,67341360.0000000000,44
450,70,0.8125420119,67341360.0000000000,42
450,71,0.8120229900,67341360.0000000000,47
450,72,0.8544297481,72102448.0000000000,42
450,73,0.8723102081,72102448.0000000000,40
450,74,0.8546477847,72102448.0000000000,55
450,75,0.8535517976,72102448.0000000000,52
450,76,0.8546245110,72102448.0000000000,43
450,77,0.8131028270,67341360.0000000000,43
450,78,0.8287749108,67341360.0000000000,40
450,79,0.8119981662,67341360.0000000000,47
450,80,0.7804317082,63170096.0000000000,35
450,81,0.7666687271,63170096.0000000000,54
450,82,0.7635811894,63170096.0000000000,53
450,83,0.7647862128,63170096.0000000000,48
450,84,0.7645617936,63170096.0000000000,50
450,85,0.7215486660,58998832.0000000000,30
450,86,0.7233412482,58998832.0000000000,27
450,87,0.7233815355,58998832.0000000000,31
450,88,0.7796455031,63170096.0000000000,37
450,89,0.7775888529,63170096.0000000000,39
450,90,0.7796532981,63170096.0000000000,29
450,91,0.7825468298,63170096.0000000000,34
450,92,0.7799858146,63170096.0000000000,38
450,93,0.7232286284,58998832.0000000000,27
450,94,0.7207438540,58998832.0000000000,25
450,95,0.7230551189,58998832.0000000000,31
450,96,0.7654117698,63170096.0000000000,49
450,97,0.7796754759,63170096.0000000000,36
450,98,0.7794573076,63170096.0000000000,33
450,99,0.7662665955,63170096.0000000000,51
450,100,0.7809327765,63170096.0000000000,32
450,101,0.7217178706,58998832.0000000000,26
450,102,0.7227328996,58998832.0000000000,24
450,103,0.7258060518,58998832.0000000000,28
450,104,0.7810323478,63170096.0000000000,32
450,105,0.7795662446,63170096.0000000000,38
450,106,0.7825326014,63170096.0000000000,34
450,107,0.7648839937,63170096.0000000000,55
450,108,0.7801399920,63170096.0000000000,36
450,109,0.7215764688,58998832.0000000000,26
450,110,0.7210575754,58998832.0000000000,30
450,111,0.7227612091,58998832.0000000000,24
450,112,0.7805425138,63170096.0000000000,35
450,113,0.7645305290,63170096.0000000000,52
450,114,0.7794941662,63170096.0000000000,33
450,115,0.7776901239,63170096.0000000000,39
450,116,0.7794296896,63170096.0000000000,37
450,117,0.7213079864,58998832.0000000000,29
450,118,0.7206183732,58998832.0000000000,25
450,119,0.7253281071,58998832.0000000000,28
500,0,0.3314493150,450802912.0000000000,27
500,1,0.3388496390,449229616.0000000000,28
500,2,0.3444297090,451918416.0000000000,25
500,3,0.3476049590,454199520.0000000000,24
500,4,0.3486414150,455122448.0000000000,26
500,5,0.3275894290,427513200.0000000000,30
500,6,0.3254376610,430975008.0000000000,31
500,7,0.3145739500,427705280.0000000000,29
500,8,0.4182172090,575277904.0000000000,2
500,9,0.4183461180,575431424.0000000000,0
500,10,0.4182066840,575425792.0000000000,4
500,11,0.4178596210,575411856.0000000000,5
500,12,0.4183917690,575419824.0000000000,11
500,13,0.3907964350,537107136.0000000000,15
500,14,0.3907796190,537109248.0000000000,17
500,15,0.3905459090,536958400.0000000000,21
500,16,0.4182071790,575302336.0000000000,1
500,17,0.4183206110,575416112.0000000000,8
500,18,0.4185100500,575421408.0000000000,10
500,19,0.4181936990,575422128.0000000000,7
500,20,0.4178959880,575417152.0000000000,14
500,21,0.3903399200,537107536.0000000000,19
500,22,0.3907160980,537106640.0000000000,23
500,23,0.3904403610,536987040.0000000000,18
500,24,0.4184394660,575230272.0000000000,13
500,25,0.4184886440,575419536.0000000000,3
500,26,0.4187062590,575419248.0000000000,9
500,27,0.4183441010,575413088.0000000000,6
500,28,0.4184357680,575430592.0000000000,12
500,29,0.3906173850,537108768.0000000000,16
500,30,0.3913288120,537103920.0000000000,20
500,31,0.3912003950,536912544.0000000000,22
500,32,0.2446474700,349882688.0000000000,33
500,33,0.2443827500,350060560.0000000000,36
500,34,0.2446312400,350052976.0000000000,34
500,35,0.2446249700,350054160.0000000000,32
500,36,0.2446506360,350054912.0000000000,35
500,37,0.2290166210,326766000.0000000000,37
500,38,0.2292460880,326762368.0000000000,38
500,39,0.2291482150,326587920.0000000000,39
500,40,0.0261648050,72102448.0000000000,45
500,41,0.0262242000,72102448.0000000000,47
500,42,0.0262439520,72102448.0000000000,54
500,43,0.0261786600,72102448.0000000000,44
500,44,0.0262003800,72102448.0000000000,54
500,45,0.0249173280,67341360.0000000000,42
500,46,0.0248748960,67341360.0000000000,41
500,47,0.0248177870,67341360.0000000000,45
500,48,0.0262378260,72102448.0000000000,51
500,49,0.0262191780,72102448.0000000000,51
500,50,0.0262394600,72102448.0000000000,49
500,51,0.0261882710,72102448.0000000000,48
500,52,0.0262051330,72102448.0000000000,50
500,53,0.0248683150,67341360.0000000000,41
500,54,0.0248449890,67341360.0000000000,44
500,55,0.0249025610,67341360.0000000000,43
500,56,0.0261689930,72102448.0000000000,48
500,57,0.0261035570,72102448.0000000000,50
500,58,0.0261691540,72102448.0000000000,49
500,59,0.0261579890,72102448.0000000000,52
500,60,0.0262480720,72102448.0000000000,53
500,61,0.0248435660,67341360.0000000000,45
500,62,0.0249152250,67341360.0000000000,46
500,63,0.0248509380,67341360.0000000000,46
500,64,0.0267097990,72102448.0000000000,40
500,65,0.0262021150,72102448.0000000000,41
500,66,0.0262014620,72102448.0000000000,55
500,67,0.0261617280,72102448.0000000000,46
500,68,0.0261531780,72102448.0000000000,53
500,69,0.0248963580,67341360.0000000000,44
500,70,0.0248885230,67341360.0000000000,42
500,71,0.0248749770,67341360.0000000000,47
500,72,0.0261500650,72102448.0000000000,42
500,73,0.0266880380,72102448.0000000000,40
500,74,0.0262213010,72102448.0000000000,55
500,75,0.0261240020,72102448.0000000000,52
500,76,0.0261613060,72102448.0000000000,43
500,77,0.0248792730,67341360.0000000000,43
500,78,0.0254314420,67341360.0000000000,40
500,79,0.0248506400,67341360.0000000000,47
500,80,0.0239179270,63170096.0000000000,35
500,81,0.0234694700,63170096.0000000000,54
500,82,0.0233096710,63170096.0000000000,53
500,83,0.0234301500,63170096.0000000000,48
500,84,0.0234091390,63170096.0000000000,50
500,85,0.0220538970,58998832.0000000000,30
500,86,0.0221367750,58998832.0000000000,27
500,87,0.0221167100,58998832.0000000000,31
500,88,0.0238267140,63170096.0000000000,37
500,89,0.0237996920,63170096.0000000000,39
500,90,0.0238487990,63170096.0000000000,29
500,91,0.0239239600,63170096.0000000000,34
500,92,0.0238625250,63170096.0000000000,38
500,93,0.0221416870,58998832.0000000000,27
500,94,0.0220754780,58998832.0000000000,25
500,95,0.0220641180,58998832.0000000000,31
500,96,0.0233905440,63170096.0000000000,49
500,97,0.0238855490,63170096.0000000000,36
500,98,0.0238709870,63170096.0000000000,33
500,99,0.0234271150,63170096.0000000000,51
500,100,0.0239086120,63170096.0000000000,32
500,101,0.0220689850,58998832.0000000000,26
500,102,0.0221571770,58998832.0000000000,24
500,103,0.0222141350,58998832.0000000000,28
500,104,0.0238668480,63170096.0000000000,32
500,105,0.0239043170,63170096.0000000000,38
500,106,0.0239105230,63170096.0000000000,34
500,107,0.0234209260,63170096.0000000000,55
500,108,0.0238581750,63170096.0000000000,36
500,109,0.0220527940,58998832.0000000000,26
500,110,0.0220661620,58998832.0000000000,30
500,111,0.0220705190,58998832.0000000000,24
500,112,0.0238457590,63170096.0000000000,35
500,113,0.0234143460,63170096.0000000000,52
500,114,0.0238698070,63170096.0000000000,33
500,115,0.0238295510,63170096.0000000000,39
500,116,0.0238562410,63170096.0000000000,37
500,117,0.0220296030,58998832.0000000000,29
500,118,0.0221359460,58998832.0000000000,25
500,119,0.0222138090,58998832.0000000000,28
550,0,10.6566454240,450056848.0000000000,27
550,1,10.8837635479,447838032.0000000000,28
550,2,11.0945016872,451238528.0000000000,25
550,3,11.2119648638,454139568.0000000000,24
550,4,11.2433640878,454978224.0000000000,26
550,5,10.5799523851,428254752.0000000000,30
550,6,10.5063889656,432664304.0000000000,31
550,7,10.1432159271,428328224.0000000000,29
550,8,13.4604938983,575269360.0000000000,2
550,9,13.4628691258,575428560.0000000000,0
550,10,13.4529465343,575431296.0000000000,4
550,11,13.4474817711,575414224.0000000000,5
550,12,13.4655819861,575418368.0000000000,11
550,13,12.5740087380,537104976.0000000000,15
550,14,12.5672426765,537113120.0000000000,17
550,15,12.5682299933,536949040.0000000000,21
550,16,13.4578950930,575300128.0000000000,1
550,17,13.4663850718,575421440.0000000000,8
550,18,13.4664946108,575415792.0000000000,10
550,19,13.4509008835,575421088.0000000000,7
550,20,13.4497888348,575419824.0000000000,14
550,21,12.5619831333,537108944.0000000000,19
550,22,12.5713164858,537103584.0000000000,23
550,23,12.5644698473,536981824.0000000000,18
550,24,13.4625180377,575216208.0000000000,13
550,25,13.4645053212,575423168.0000000000,3
550,26,13.4747972712,575422160.0000000000,9
550,27,13.4562865649,575412368.0000000000,6
550,28,13.4606901811,575434048.0000000000,12
550,29,12.5709149555,537110096.0000000000,16
550,30,12.5911827933,537103920.0000000000,20
550,31,12.5845590367,536901408.0000000000,22
550,32,7.8748206886,349865568.0000000000,33
550,33,7.8723798008,350056224.0000000000,36
550,34,7.8777210336,350051600.0000000000,34
550,35,7.8780463027,350056432.0000000000,32
550,36,7.8789159348,350053552.0000000000,35
550,37,7.3785279403,326763120.0000000000,37
550,38,7.3810516817,326764272.0000000000,38
550,39,7.3774046129,326570064.0000000000,39
550,40,0.8537757423,72102448.0000000000,45
550,41,0.8557586149,72102448.0000000000,47
550,42,0.8568687779,72102448.0000000000,54
550,43,0.8539288742,72102448.0000000000,44
550,44,0.8559294996,72102448.0000000000,54
550,45,0.8135886703,67341360.0000000000,42
550,46,0.8131207025,67341360.0000000000,41
550,47,0.8113241630,67341360.0000000000,45
550,48,0.8564301234,72102448.0000000000,51
550,49,0.8556478504,72102448.0000000000,51
550,50,0.8555356061,72102448.0000000000,49
550,51,0.8548767306,72102448.0000000000,48
550,52,0.8545445154,72102448.0000000000,50
550,53,0.8122355960,67341360.0000000000,41
550,54,0.8116182764,67341360.0000000000,44
550,55,0.8139543594,67341360.0000000000,43
550,56,0.8537218227,72102448.0000000000,48
550,57,0.8536302747,72102448.0000000000,50
550,58,0.8545088634,72102448.0000000000,49
550,59,0.8545850130,72102448.0000000000,52
550,60,0.8552253915,72102448.0000000000,53
550,61,0.8112834041,67341360.0000000000,45
550,62,0.8127839446,67341360.0000000000,46
550,63,0.8120287962,67341360.0000000000,46
550,64,0.8728809316,72102448.0000000000,40
550,65,0.8550038572,72102448.0000000000,41
550,66,0.8556303011,72102448.0000000000,55
550,67,0.8534910854,72102448.0000000000,46
550,68,0.8542104915,72102448.0000000000,53
550,69,0.8114929808,67341360.0000000000,44
550,70,0.8125240947,67341360.0000000000,42
550,71,0.8119412157,67341360.0000000000,47
550,72,0.8543079766,72102448.0000000000,42
550,73,0.8721734430,72102448.0000000000,40
550,74,0.8546895539,72102448.0000000000,55
550,75,0.8534772275,72102448.0000000000,52
550,76,0.8545704472,72102448.0000000000,43
550,77,0.8128670248,67341360.0000000000,43
550,78,0.8290616790,67341360.0000000000,40
550,79,0.8118431293,67341360.0000000000,47
550,80,0.7804978647,63170096.0000000000,35
550,81,0.7669622814,63170096.0000000000,54
550,82,0.7634722624,63170096.0000000000,53
550,83,0.7648017111,63170096.0000000000,48
550,84,0.7644806631,63170096.0000000000,50
550,85,0.7214399875,58998832.0000000000,30
550,86,0.7232044690,58998832.0000000000,27
550,87,0.7233213993,58998832.0000000000,31
550,88,0.7797551165,63170096.0000000000,37
550,89,0.7777209332,63170096.0000000000,39
550,90,0.7791834126,63170096.0000000000,29
550,91,0.7824531897,63170096.0000000000,34
550,92,0.7797940799,63170096.0000000000,38
550,93,0.7232074295,58998832.0000000000,27
550,94,0.7205371496,58998832.0000000000,25
550,95,0.7229045007,58998832.0000000000,31
550,96,0.7654130239,63170096.0000000000,49
550,97,0.7799561867,63170096.0000000000,36
550,98,0.7794683448,63170096.0000000000,33
550,99,0.7662238544,63170096.0000000000,51
550,100,0.7810410727,63170096.0000000000,32
550,101,0.7215638820,58998832.0000000000,26
550,102,0.7227449268,58998832.0000000000,24
550,103,0.7257304936,58998832.0000000000,28
550,104,0.7808500408,63170096.0000000000,32
550,105,0.7796129234,63170096.0000000000,38
550,106,0.7825362682,63170096.0000000000,34
550,107,0.7648181892,63170096.0000000000,55
550,108,0.7799782531,63170096.0000000000,36
550,109,0.7216493250,58998832.0000000000,26
550,110,0.7211978610,58998832.0000000000,30
550,111,0.7226945509,58998832.0000000000,24
550,112,0.7805188123,63170096.0000000000,35
550,113,0.7642901252,63170096.0000000000,52
550,114,0.7792855323,63170096.0000000000,33
550,115,0.7777844765,63170096.0000000000,39
550,116,0.7793935465,63170096.0000000000,37
550,117,0.7212280060,58998832.0000000000,29
550,118,0.7201030310,58998832.0000000000,25
550,119,0.7252410430,58998832.0000000000,28
600,0,0.3305203210,449338304.0000000000,27
600,1,0.3369561070,446311952.0000000000,28
600,2,0.3451547690,450241840.0000000000,25
600,3,0.3502381650,454090864.0000000000,24
600,4,0.3510624520,454772240.0000000000,26
600,5,0.3313868150,429320656.0000000000,30
600,6,0.3291791580,434302528.0000000000,31
600,7,0.3163652170,428895840.0000000000,29
600,8,0.4182635780,575264144.0000000000,2
600,9,0.4183399040,575428000.0000000000,0
600,10,0.4179744930,575431472.0000000000,4
600,11,0.4180837760,575415616.0000000000,5
600,12,0.4183835080,575419712.0000000000,11
600,13,0.3907123970,537099408.0000000000,15
600,14,0.3905426560,537113040.0000000000,17
600,15,0.3904530460,536944240.0000000000,21
600,16,0.4183078840,575295184.0000000000,1
600,17,0.4184851370,575422512.0000000000,8
600,18,0.4182541380,575414352.0000000000,10
600,19,0.4179423290,575420464.0000000000,7
600,20,0.4179429840,575419536.0000000000,14
600,21,0.3904277440,537112304.0000000000,19
600,22,0.3905012610,537101120.0000000000,23
600,23,0.3903692610,536976960.0000000000,18
600,24,0.4184358850,575203328.0000000000,13
600,25,0.4186450260,575419776.0000000000,3
600,26,0.4186978800,575421904.0000000000,9
600,27,0.4180591290,575417264.0000000000,6
600,28,0.4184907710,575437264.0000000000,12
600,29,0.3906530000,537111040.0000000000,16
600,30,0.3912790840,537106928.0000000000,20
600,31,0.3910836770,536886864.0000000000,22
600,32,0.2444633480,349844016.0000000000,33
600,33,0.2443911470,350060048.0000000000,36
600,34,0.2445986790,350050272.0000000000,34
600,35,0.2445859060,350053696.0000000000,32
600,36,0.2446570110,350052976.0000000000,35
600,37,0.2291328350,326760400.0000000000,37
600,38,0.2292562670,326766784.0000000000,38
600,39,0.2289170880,326551264.0000000000,39
600,40,0.0261622090,72102448.0000000000,45
600,41,0.0261256490,72102448.0000000000,47
600,42,0.0262587110,72102448.0000000000,54
600,43,0.0262022470,72102448.0000000000,44
600,44,0.0261871240,72102448.0000000000,54
600,45,0.0249185760,67341360.0000000000,42
600,46,0.0248906130,67341360.0000000000,41
600,47,0.0248173160,67341360.0000000000,45
600,48,0.0262136820,72102448.0000000000,51
600,49,0.0261761690,72102448.0000000000,51
600,50,0.0262020590,72102448.0000000000,49
600,51,0.0261667600,72102448.0000000000,48
600,52,0.0261846660,72102448.0000000000,50
600,53,0.0248598330,67341360.0000000000,41
600,54,0.0248857480,67341360.0000000000,44
600,55,0.0248879480,67341360.0000000000,43
600,56,0.0261342490,72102448.0000000000,48
600,57,0.0261567320,72102448.0000000000,50
600,58,0.0262003560,72102448.0000000000,49
600,59,0.0261595210,72102448.0000000000,52
600,60,0.0262436920,72102448.0000000000,53
600,61,0.0248848280,67341360.0000000000,45
600,62,0.0248449690,67341360.0000000000,46
600,63,0.0248490480,67341360.0000000000,46
600,64,0.0267473660,72102448.0000000000,40
600,65,0.0262314470,72102448.0000000000,41
600,66,0.0261639670,72102448.0000000000,55
600,67,0.0261296660,72102448.0000000000,46
600,68,0.0261320660,72102448.0000000000,53
600,69,0.0248940150,67341360.0000000000,44
600,70,0.0248993580,67341360.0000000000,42
600,71,0.0248422520,67341360.0000000000,47
600,72,0.0261794450,72102448.0000000000,42
600,73,0.0267561320,72102448.0000000000,40
600,74,0.0261667430,72102448.0000000000,55
600,75,0.0261033810,72102448.0000000000,52
600,76,0.0261870410,72102448.0000000000,43
600,77,0.0249065340,67341360.0000000000,43
600,78,0.0253639290,67341360.0000000000,40
600,79,0.0248680530,67341360.0000000000,47
600,80,0.0238892450,63170096.0000000000,35
600,81,0.0234915340,63170096.0000000000,54
600,82,0.0233615920,63170096.0000000000,53
600,83,0.0234373580,63170096.0000000000,48
600,84,0.0234142020,63170096.0000000000,50
600,85,0.0220878460,58998832.0000000000,30
600,86,0.0221347180,58998832.0000000000,27
600,87,0.0221576200,58998832.0000000000,31
600,88,0.0238604200,63170096.0000000000,37
600,89,0.0238516650,63170096.0000000000,39
600,90,0.0238422480,63170096.0000000000,29
600,91,0.0239668750,63170096.0000000000,34
600,92,0.0238474460,63170096.0000000000,38
600,93,0.0221660670,58998832.0000000000,27
600,94,0.0221367190,58998832.0000000000,25
600,95,0.0221211790,58998832.0000000000,31
600,96,0.0234407360,63170096.0000000000,49
600,97,0.0238836450,63170096.0000000000,36
600,98,0.0239028910,63170096.0000000000,33
600,99,0.0234850400,63170096.0000000000,51
600,100,0.0238984320,63170096.0000000000,32
600,101,0.0221060910,58998832.0000000000,26
600,102,0.0221536520,58998832.0000000000,24
600,103,0.0222092920,58998832.0000000000,28
600,104,0.0239220070,63170096.0000000000,32
600,105,0.0238397010,63170096.0000000000,38
600,106,0.0239492200,63170096.0000000000,34
600,107,0.0234353260,63170096.0000000000,55
600,108,0.0238763510,63170096.0000000000,36
600,109,0.0220888570,58998832.0000000000,26
600,110,0.0220893660,58998832.0000000000,30
600,111,0.0221761740,58998832.0000000000,24
600,112,0.0238386340,63170096.0000000000,35
600,113,0.0233735260,63170096.0000000000,52
600,114,0.0238647270,63170096.0000000000,33
600,115,0.0238359130,63170096.0000000000,39
600,116,0.0239047270,63170096.0000000000,37
600,117,0.0220964610,58998832.0000000000,29
600,118,0.0220283810,58998832.0000000000,25
600,119,0.0221981970,58998832.0000000000,28
650,0,10.6299269966,448782256.0000000000,27
650,1,10.8294517921,444977408.0000000000,28
650,2,11.0985784238,448985328.0000000000,25
650,3,11.2975242047,454041072.0000000000,24
650,4,11.3074818115,454546288.0000000000,26
650,5,10.7015214614,430783488.0000000000,30
650,6,10.6184412679,435808032.0000000000,31
650,7,10.1886822184,429407232.0000000000,29
650,8,13.4619605281,575261152.0000000000,2
650,9,13.4616519219,575426208.0000000000,0
650,10,13.4521476821,575432928.0000000000,4
650,11,13.4477940095,575414800.0000000000,5
650,12,13.4656694192,575420384.0000000000,11
650,13,12.5742331344,537105312.0000000000,15
650,14,12.5683360755,537112880.0000000000,17
650,15,12.5685831233,536941344.0000000000,21
650,16,13.4563275041,575288432.0000000000,1
650,17,13.4664845358,575424208.0000000000,8
650,18,13.4650711394,575416928.0000000000,10
650,19,13.4503428002,575417280.0000000000,7
650,20,13.4505966672,575421504.0000000000,14
650,21,12.5620081402,537109104.0000000000,19
650,22,12.5700086820,537101904.0000000000,23
650,23,12.5654848826,536978016.0000000000,18
650,24,13.4610474542,575197760.0000000000,13
650,25,13.4649831032,575416800.0000000000,3
650,26,13.4751727614,575425536.0000000000,9
650,27,13.4551788525,575412528.0000000000,6
650,28,13.4599188076,575437280.0000000000,12
650,29,12.5713820212,537109344.0000000000,16
650,30,12.5918371997,537107328.0000000000,20
650,31,12.5837789991,536872528.0000000000,22
650,32,7.8735684881,349827856.0000000000,33
650,33,7.8720449726,350059936.0000000000,36
650,34,7.8769911892,350046944.0000000000,34
650,35,7.8787207319,350055472.0000000000,32
650,36,7.8790182525,350055440.0000000000,35
650,37,7.3781755365,326756656.0000000000,37
650,38,7.3834385188,326770960.0000000000,38
650,39,7.3743875142,326535120.0000000000,39
650,40,0.8539622091,72102448.0000000000,45
650,41,0.8557451259,72102448.0000000000,47
650,42,0.8569887670,72102448.0000000000,54
650,43,0.8538257840,72102448.0000000000,44
650,44,0.8561120774,72102448.0000000000,54
650,45,0.8134849613,67341360.0000000000,42
650,46,0.8129283707,67341360.0000000000,41
650,47,0.8110672681,67341360.0000000000,45
650,48,0.8566524194,72102448.0000000000,51
650,49,0.8557332570,72102448.0000000000,51
650,50,0.8552892923,72102448.0000000000,49
650,51,0.8549991263,72102448.0000000000,48
650,52,0.8545511204,72102448.0000000000,50
650,53,0.8123438816,67341360.0000000000,41
650,54,0.8116939071,67341360.0000000000,44
650,55,0.8136578211,67341360.0000000000,43
650,56,0.8537279952,72102448.0000000000,48
650,57,0.8532104809,72102448.0000000000,50
650,58,0.8544117932,72102448.0000000000,49
650,59,0.8544108263,72102448.0000000000,52
650,60,0.8549293985,72102448.0000000000,53
650,61,0.8109701778,67341360.0000000000,45
650,62,0.8125319912,67341360.0000000000,46
650,63,0.8117426092,67341360.0000000000,46
650,64,0.8726178510,72102448.0000000000,40
650,65,0.8549956030,72102448.0000000000,41
650,66,0.8555722145,72102448.0000000000,55
650,67,0.8533809315,72102448.0000000000,46
650,68,0.8540909528,72102448.0000000000,53
650,69,0.8115378179,67341360.0000000000,44
650,70,0.8125642451,67341360.0000000000,42
650,71,0.8120058397,67341360.0000000000,47
650,72,0.8545852309,72102448.0000000000,42
650,73,0.8721118264,72102448.0000000000,40
650,74,0.8547431576,72102448.0000000000,55
650,75,0.8535587400,72102448.0000000000,52
650,76,0.8546259656,72102448.0000000000,43
650,77,0.8131428041,67341360.0000000000,43
650,78,0.8288736034,67341360.0000000000,40
650,79,0.8119360781,67341360.0000000000,47
650,80,0.7805445305,63170096.0000000000,35
650,81,0.7666943602,63170096.0000000000,54
650,82,0.7634600343,63170096.0000000000,53
650,83,0.7648568040,63170096.0000000000,48
650,84,0.7646429772,63170096.0000000000,50
650,85,0.7216777750,58998832.0000000000,30
650,86,0.7232955566,58998832.0000000000,27
650,87,0.7233430596,58998832.0000000000,31
650,88,0.7798845534,63170096.0000000000,37
650,89,0.7778117717,63170096.0000000000,39
650,90,0.7794213502,63170096.0000000000,29
650,91,0.7825677867,63170096.0000000000,34
650,92,0.7795961433,63170096.0000000000,38
650,93,0.7233776053,58998832.0000000000,27
650,94,0.7205009097,58998832.0000000000,25
650,95,0.7230743048,58998832.0000000000,31
650,96,0.7653720509,63170096.0000000000,49
650,97,0.7799349386,63170096.0000000000,36
650,98,0.7795103490,63170096.0000000000,33
650,99,0.7664014139,63170096.0000000000,51
650,100,0.7809201386,63170096.0000000000,32
650,101,0.7218086848,58998832.0000000000,26
650,102,0.7229467639,58998832.0000000000,24
650,103,0.7255071267,58998832.0000000000,28
650,104,0.7811207264,63170096.0000000000,32
650,105,0.7794699678,63170096.0000000000,38
650,106,0.7825035131,63170096.0000000000,34
650,107,0.7647680017,63170096.0000000000,55
650,108,0.7800095511,63170096.0000000000,36
650,109,0.7214980471,58998832.0000000000,26
650,110,0.7208522445,58998832.0000000000,30
650,111,0.7226739395,58998832.0000000000,24
650,112,0.7804509517,63170096.0000000000,35
650,113,0.7642382252,63170096.0000000000,52
650,114,0.7791141122,63170096.0000000000,33
650,115,0.7777343934,63170096.0000000000,39
650,116,0.7793985600,63170096.0000000000,37
650,117,0.7211519070,58998832.0000000000,29
650,118,0.7202480961,58998832.0000000000,25
650,119,0.7256029545,58998832.0000000000,28
700,0,0.3296737180,448257344.0000000000,27
700,1,0.3352647780,443712448.0000000000,28
700,2,0.3437186630,447196960.0000000000,25
700,3,0.3529636370,453971168.0000000000,24
700,4,0.3530958330,454275456.0000000000,26
700,5,0.3356806320,432553760.0000000000,30
700,6,0.3336103250,437230768.0000000000,31
700,7,0.3182530490,429880432.0000000000,29
700,8,0.4183567610,575257200.0000000000,2
700,9,0.4182709650,575426896.0000000000,0
700,10,0.4179966360,575427312.0000000000,4
700,11,0.4177292450,575423216.0000000000,5
700,12,0.4184233240,575416432.0000000000,11
700,13,0.3907152940,537102288.0000000000,15
700,14,0.3903985080,537112416.0000000000,17
700,15,0.3905008980,536937824.0000000000,21
700,16,0.4182090460,575288880.0000000000,1
700,17,0.4183302130,575421872.0000000000,8
700,18,0.4184175250,575417344.0000000000,10
700,19,0.4178272550,575418832.0000000000,7
700,20,0.4179012090,575423920.0000000000,14
700,21,0.3902732230,537107376.0000000000,19
700,22,0.3907605000,537104304.0000000000,23
700,23,0.3903689300,536972288.0000000000,18
700,24,0.4185261370,575187696.0000000000,13
700,25,0.4183260620,575415184.0000000000,3
700,26,0.4187112630,575428560.0000000000,9
700,27,0.4180596170,575413360.0000000000,6
700,28,0.4183139000,575433728.0000000000,12
700,29,0.3907007290,537107584.0000000000,16
700,30,0.3913613420,537103504.0000000000,20
700,31,0.3909845840,536860640.0000000000,22
700,32,0.2445404080,349807200.0000000000,33
700,33,0.2442623690,350057056.0000000000,36
700,34,0.2445503900,350046480.0000000000,34
700,35,0.2446922910,350057600.0000000000,32
700,36,0.2446135690,350054192.0000000000,35
700,37,0.2291608000,326757216.0000000000,37
700,38,0.2293079280,326770976.0000000000,38
700,39,0.2289109780,326518224.0000000000,39
700,40,0.0261527660,72102448.0000000000,45
700,41,0.0261757890,72102448.0000000000,47
700,42,0.0262426850,72102448.0000000000,54
700,43,0.0261372750,72102448.0000000000,44
700,44,0.0261997290,72102448.0000000000,54
700,45,0.0249385570,67341360.0000000000,42
700,46,0.0248988790,67341360.0000000000,41
700,47,0.0248541610,67341360.0000000000,45
700,48,0.0261818480,72102448.0000000000,51
700,49,0.0262087890,72102448.0000000000,51
700,50,0.0261806060,72102448.0000000000,49
700,51,0.0262059030,72102448.0000000000,48
700,52,0.0261199900,72102448.0000000000,50
700,53,0.0248595410,67341360.0000000000,41
700,54,0.0249147080,67341360.0000000000,44
700,55,0.0249073120,67341360.0000000000,43
700,56,0.0261571090,72102448.0000000000,48
700,57,0.0261405680,72102448.0000000000,50
700,58,0.0261287260,72102448.0000000000,49
700,59,0.0261616370,72102448.0000000000,52
700,60,0.0261838800,72102448.0000000000,53
700,61,0.0248546940,67341360.0000000000,45
700,62,0.0249193670,67341360.0000000000,46
700,63,0.0248395030,67341360.0000000000,46
700,64,0.0266972080,72102448.0000000000,40
700,65,0.0261474020,72102448.0000000000,41
700,66,0.0261967960,72102448.0000000000,55
700,67,0.0261445110,72102448.0000000000,46
700,68,0.0261847390,72102448.0000000000,53
700,69,0.0248638910,67341360.0000000000,44
700,70,0.0249034160,67341360.0000000000,42
700,71,0.0248891580,67341360.0000000000,47
700,72,0.0261590560,72102448.0000000000,42
700,73,0.0266925000,72102448.0000000000,40
700,74,0.0261857820,72102448.0000000000,55
700,75,0.0261257460,72102448.0000000000,52
700,76,0.0262180200,72102448.0000000000,43
700,77,0.0249120760,67341360.0000000000,43
700,78,0.0253751470,67341360.0000000000,40
700,79,0.0248450030,67341360.0000000000,47
700,80,0.0239212590,63170096.0000000000,35
700,81,0.0235597750,63170096.0000000000,54
700,82,0.0234138530,63170096.0000000000,53
700,83,0.0234252510,63170096.0000000000,48
700,84,0.0234387690,63170096.0000000000,50
700,85,0.0221061000,58998832.0000000000,30
700,86,0.0221335480,58998832.0000000000,27
700,87,0.0221945030,58998832.0000000000,31
700,88,0.0238505620,63170096.0000000000,37
700,89,0.0238426470,63170096.0000000000,39
700,90,0.0238856930,63170096.0000000000,29
700,91,0.0239588930,63170096.0000000000,34
700,92,0.0238590970,63170096.0000000000,38
700,93,0.0221476480,58998832.0000000000,27
700,94,0.0220322230,58998832.0000000000,25
700,95,0.0220988080,58998832.0000000000,31
700,96,0.0234286190,63170096.0000000000,49
700,97,0.0238636790,63170096.0000000000,36
700,98,0.0238883380,63170096.0000000000,33
700,99,0.0234772830,63170096.0000000000,51
700,100,0.0238733050,63170096.0000000000,32
700,101,0.0220783700,58998832.0000000000,26
700,102,0.0221189690,58998832.0000000000,24
700,103,0.0222115270,58998832.0000000000,28
700,104,0.0239719770,63170096.0000000000,32
700,105,0.0238872340,63170096.0000000000,38
700,106,0.0239514280,63170096.0000000000,34
700,107,0.0234422480,63170096.0000000000,55
700,108,0.0238837550,63170096.0000000000,36
700,109,0.0220925800,58998832.0000000000,26
700,110,0.0220304630,58998832.0000000000,30
700,111,0.0221037240,58998832.0000000000,24
700,112,0.0239103880,63170096.0000000000,35
700,113,0.0234241430,63170096.0000000000,52
700,114,0.0238556830,63170096.0000000000,33
700,115,0.0237904260,63170096.0000000000,39
700,116,0.0238393200,63170096.0000000000,37
700,117,0.0221140060,58998832.0000000000,29
700,118,0.0220134270,58998832.0000000000,25
700,119,0.0221865550,58998832.0000000000,28
750,0,10.6124700258,447822160.0000000000,27
750,1,10.7858541114,442750992.0000000000,28
750,2,11.0380677802,445180736.0000000000,25
750,3,11.3859218774,453840800.0000000000,24
750,4,11.3829044053,454058624.0000000000,26
750,5,10.8407146941,434401424.0000000000,30
750,6,10.7798478950,438631440.0000000000,31
750,7,10.2650093429,430379952.0000000000,29
750,8,13.4612939560,575252464.0000000000,2
750,9,13.4632601759,575432128.0000000000,0
750,10,13.4528070390,575425312.0000000000,4
750,11,13.4490244959,575420912.0000000000,5
750,12,13.4665059679,575412240.0000000000,11
750,13,12.5753887803,537105696.0000000000,15
750,14,12.5683379819,537112176.0000000000,17
750,15,12.5676642408,536936976.0000000000,21
750,16,13.4577449392,575285456.0000000000,1
750,17,13.4683090736,575424080.0000000000,8
750,18,13.4669002288,575420752.0000000000,10
750,19,13.4499044345,575417904.0000000000,7
750,20,13.4510418844,575422528.0000000000,14
750,21,12.5626435629,537106096.0000000000,19
750,22,12.5697779598,537105888.0000000000,23
750,23,12.5653303761,536965072.0000000000,18
750,24,13.4632215677,575177040.0000000000,13
750,25,13.4649472960,575420544.0000000000,3
750,26,13.4753047308,575423840.0000000000,9
750,27,13.4564617938,575418256.0000000000,6
750,28,13.4605050031,575431136.0000000000,12
750,29,12.5713624705,537108736.0000000000,16
750,30,12.5916521769,537103856.0000000000,20
750,31,12.5832917804,536850144.0000000000,22
750,32,7.8741092689,349788112.0000000000,33
750,33,7.8718037055,350056640.0000000000,36
750,34,7.8772334954,350047984.0000000000,34
750,35,7.8789779180,350054816.0000000000,32
750,36,7.8795456501,350054608.0000000000,35
750,37,7.3777645581,326757520.0000000000,37
750,38,7.3827529646,326772256.0000000000,38
750,39,7.3743234300,326501344.0000000000,39
750,40,0.8542757347,72102448.0000000000,45
750,41,0.8557771440,72102448.0000000000,47
750,42,0.8569866584,72102448.0000000000,54
750,43,0.8540138765,72102448.0000000000,44
750,44,0.8559296379,72102448.0000000000,54
750,45,0.8136033843,67341360.0000000000,42
750,46,0.8129184022,67341360.0000000000,41
750,47,0.8111524375,67341360.0000000000,45
750,48,0.8565430523,72102448.0000000000,51
750,49,0.8557913388,72102448.0000000000,51
750,50,0.8554054236,72102448.0000000000,49
750,51,0.8547179445,72102448.0000000000,48
750,52,0.8544793829,72102448.0000000000,50
750,53,0.8122244564,67341360.0000000000,41
750,54,0.8116916075,67341360.0000000000,44
750,55,0.8138252961,67341360.0000000000,43
750,56,0.8539976900,72102448.0000000000,48
750,57,0.8535741656,72102448.0000000000,50
750,58,0.8545223823,72102448.0000000000,49
750,59,0.8545570036,72102448.0000000000,52
750,60,0.8549652497,72102448.0000000000,53
750,61,0.8111910205,67341360.0000000000,45
750,62,0.8126641945,67341360.0000000000,46
750,63,0.8117682462,67341360.0000000000,46
750,64,0.8725921366,72102448.0000000000,40
750,65,0.8549903715,72102448.0000000000,41
750,66,0.8554895694,72102448.0000000000,55
750,67,0.8533644639,72102448.0000000000,46
750,68,0.8540878299,72102448.0000000000,53
750,69,0.8117066543,67341360.0000000000,44
750,70,0.8122104499,67341360.0000000000,42
750,71,0.8120055232,67341360.0000000000,47
750,72,0.8543711697,72102448.0000000000,42
750,73,0.8721901367,72102448.0000000000,40
750,74,0.8546265298,72102448.0000000000,55
750,75,0.8534660450,72102448.0000000000,52
750,76,0.8545666163,72102448.0000000000,43
750,77,0.8131872872,67341360.0000000000,43
750,78,0.8289945162,67341360.0000000000,40
750,79,0.8119515496,67341360.0000000000,47
750,80,0.7803781764,63170096.0000000000,35
750,81,0.7669379008,63170096.0000000000,54
750,82,0.7631505957,63170096.0000000000,53
750,83,0.7648302179,63170096.0000000000,48
750,84,0.7647097467,63170096.0000000000,50
750,85,0.7213284719,58998832.0000000000,30
750,86,0.7234033134,58998832.0000000000,27
750,87,0.7234175903,58998832.0000000000,31
750,88,0.7797627569,63170096.0000000000,37
750,89,0.7776448863,63170096.0000000000,39
750,90,0.7796270511,63170096.0000000000,29
750,91,0.7826326941,63170096.0000000000,34
750,92,0.7797367553,63170096.0000000000,38
750,93,0.7232652826,58998832.0000000000,27
750,94,0.7205204441,58998832.0000000000,25
750,95,0.7228738640,58998832.0000000000,31
750,96,0.7651236456,63170096.0000000000,49
750,97,0.7801611464,63170096.0000000000,36
750,98,0.7795551592,63170096.0000000000,33
750,99,0.7665589271,63170096.0000000000,51
750,100,0.7812951655,63170096.0000000000,32
750,101,0.7217000851,58998832.0000000000,26
750,102,0.7228077231,58998832.0000000000,24
750,103,0.7255252592,58998832.0000000000,28
750,104,0.7811668280,63170096.0000000000,32
750,105,0.7795631322,63170096.0000000000,38
750,106,0.7825840892,63170096.0000000000,34
750,107,0.7646919431,63170096.0000000000,55
750,108,0.7802414970,63170096.0000000000,36
750,109,0.7218168602,58998832.0000000000,26
750,110,0.7212418869,58998832.0000000000,30
750,111,0.7225424018,58998832.0000000000,24
750,112,0.7805697184,63170096.0000000000,35
750,113,0.7644287349,63170096.0000000000,52
750,114,0.7794506112,63170096.0000000000,33
750,115,0.7779261893,63170096.0000000000,39
750,116,0.7791598174,63170096.0000000000,37
750,117,0.7214355242,58998832.0000000000,29
750,118,0.7201415261,58998832.0000000000,25
750,119,0.7256376285,58998832.0000000000,28
800,0,0.3304400050,447323728.0000000000,27
800,1,0.3348867850,441978560.0000000000,28
800,2,0.3406681130,442764208.0000000000,25
800,3,0.3552131980,453476464.0000000000,24
800,4,0.3553359140,454014192.0000000000,26
800,5,0.3400300040,436070112.0000000000,30
800,6,0.3382687670,440043872.0000000000,31
800,7,0.3213090410,431015552.0000000000,29
800,8,0.4183790070,575251216.0000000000,2
800,9,0.4183478770,575433728.0000000000,0
800,10,0.4181099820,575432400.0000000000,4
800,11,0.4180259590,575427104.0000000000,5
800,12,0.4185731740,575423072.0000000000,11
800,13,0.3907906260,537111472.0000000000,15
800,14,0.3906281800,537117072.0000000000,17
800,15,0.3905521590,536933520.0000000000,21
800,16,0.4181596830,575286928.0000000000,1
800,17,0.4184251870,575417376.0000000000,8
800,18,0.4185600610,575417584.0000000000,10
800,19,0.4179123810,575417552.0000000000,7
800,20,0.4182179120,575416608.0000000000,14
800,21,0.3901710980,537107904.0000000000,19
800,22,0.3904295710,537102288.0000000000,23
800,23,0.3904019520,536965264.0000000000,18
800,24,0.4182486240,575162320.0000000000,13
800,25,0.4183576470,575421856.0000000000,3
800,26,0.4187619820,575426400.0000000000,9
800,27,0.4181227470,575420720.0000000000,6
800,28,0.4182025470,575427840.0000000000,12
800,29,0.3908198600,537119664.0000000000,16
800,30,0.3912608880,537099728.0000000000,20
800,31,0.3911056600,536837824.0000000000,22
800,32,0.2444535220,349768880.0000000000,33
800,33,0.2444116230,350053696.0000000000,36
800,34,0.2446791880,350046784.0000000000,34
800,35,0.2446334500,350056784.0000000000,32
800,36,0.2448595970,350055136.0000000000,35
800,37,0.2291950830,326753904.0000000000,37
800,38,0.2292095890,326772288.0000000000,38
800,39,0.2288880750,326484800.0000000000,39
800,40,0.0261465330,72102448.0000000000,45
800,41,0.0261971110,72102448.0000000000,47
800,42,0.0262411810,72102448.0000000000,54
800,43,0.0261552090,72102448.0000000000,44
800,44,0.0261839500,72102448.0000000000,54
800,45,0.0249566800,67341360.0000000000,42
800,46,0.0249414610,67341360.0000000000,41
800,47,0.0248466740,67341360.0000000000,45
800,48,0.0262269540,72102448.0000000000,51
800,49,0.0262178500,72102448.0000000000,51
800,50,0.0262282280,72102448.0000000000,49
800,51,0.0261587440,72102448.0000000000,48
800,52,0.0261933110,72102448.0000000000,50
800,53,0.0248727360,67341360.0000000000,41
800,54,0.0248416350,67341360.0000000000,44
800,55,0.0249012230,67341360.0000000000,43
800,56,0.0261826080,72102448.0000000000,48
800,57,0.0261540960,72102448.0000000000,50
800,58,0.0261845150,72102448.0000000000,49
800,59,0.0261868550,72102448.0000000000,52
800,60,0.0261708940,72102448.0000000000,53
800,61,0.0248619550,67341360.0000000000,45
800,62,0.0249230130,67341360.0000000000,46
800,63,0.0248929240,67341360.0000000000,46
800,64,0.0267195610,72102448.0000000000,40
800,65,0.0261601800,72102448.0000000000,41
800,66,0.0261672650,72102448.0000000000,55
800,67,0.0261274040,72102448.0000000000,46
800,68,0.0261598840,72102448.0000000000,53
800,69,0.0248479980,67341360.0000000000,44
800,70,0.0248976070,67341360.0000000000,42
800,71,0.0248948780,67341360.0000000000,47
800,72,0.0261699180,72102448.0000000000,42
800,73,0.0266998650,72102448.0000000000,40
800,74,0.0262082860,72102448.0000000000,55
800,75,0.0260988940,72102448.0000000000,52
800,76,0.0261427450,72102448.0000000000,43
800,77,0.0249241880,67341360.0000000000,43
800,78,0.0253221480,67341360.0000000000,40
800,79,0.0248966820,67341360.0000000000,47
800,80,0.0238735020,63170096.0000000000,35
800,81,0.0234830980,63170096.0000000000,54
800,82,0.0233852000,63170096.0000000000,53
800,83,0.0234369330,63170096.0000000000,48
800,84,0.0234294100,63170096.0000000000,50
800,85,0.0220949180,58998832.0000000000,30
800,86,0.0221198330,58998832.0000000000,27
800,87,0.0221106370,58998832.0000000000,31
800,88,0.0238755300,63170096.0000000000,37
800,89,0.0237842130,63170096.0000000000,39
800,90,0.0239311280,63170096.0000000000,29
800,91,0.0239648400,63170096.0000000000,34
800,92,0.0238427060,63170096.0000000000,38
800,93,0.0221193730,58998832.0000000000,27
800,94,0.0220066040,58998832.0000000000,25
800,95,0.0221267390,58998832.0000000000,31
800,96,0.0234453520,63170096.0000000000,49
800,97,0.0238453420,63170096.0000000000,36
800,98,0.0238915080,63170096.0000000000,33
800,99,0.0234912190,63170096.0000000000,51
800,100,0.0239181890,63170096.0000000000,32
800,101,0.0221050440,58998832.0000000000,26
800,102,0.0221219370,58998832.0000000000,24
800,103,0.0222109820,58998832.0000000000,28
800,104,0.0239099350,63170096.0000000000,32
800,105,0.0238849880,63170096.0000000000,38
800,106,0.0239607240,63170096.0000000000,34
800,107,0.0234574390,63170096.0000000000,55
800,108,0.0239443840,63170096.0000000000,36
800,109,0.0220815480,58998832.0000000000,26
800,110,0.0220641670,58998832.0000000000,30
800,111,0.0221342520,58998832.0000000000,24
800,112,0.0239145430,63170096.0000000000,35
800,113,0.0234060760,63170096.0000000000,52
800,114,0.0238205790,63170096.0000000000,33
800,115,0.0238168680,63170096.0000000000,39
800,116,0.0238535290,63170096.0000000000,37
800,117,0.0220947180,58998832.0000000000,29
800,118,0.0220755990,58998832.0000000000,25
800,119,0.0222372340,58998832.0000000000,28
850,0,10.6496402547,446752496.0000000000,27
850,1,10.7928168501,441468480.0000000000,28
850,2,10.9274711193,440529952.0000000000,25
850,3,11.4097705602,452555504.0000000000,24
850,4,11.4419977946,454095792.0000000000,26
850,5,10.9638229390,437175456.0000000000,30
850,6,10.9302061110,441503344.0000000000,31
850,7,10.3742578221,431821056.0000000000,29
850,8,13.4641740805,575255696.0000000000,2
850,9,13.4726124473,575470672.0000000000,0
850,10,13.4679655472,575593424.0000000000,4
850,11,13.4694624481,575749328.0000000000,5
850,12,13.4879949337,575726032.0000000000,11
850,13,12.5880680525,537242400.0000000000,15
850,14,12.5752042305,537143840.0000000000,17
850,15,12.5701400337,536933104.0000000000,21
850,16,13.4571664235,575277536.0000000000,1
850,17,13.4677913916,575419920.0000000000,8
850,18,13.4656320934,575423408.0000000000,10
850,19,13.4508323336,575419264.0000000000,7
850,20,13.4494251162,575416720.0000000000,14
850,21,12.5607253986,537102912.0000000000,19
850,22,12.5711170481,537106208.0000000000,23
850,23,12.5649964125,536964928.0000000000,18
850,24,13.4614805746,575157008.0000000000,13
850,25,13.4643003883,575423632.0000000000,3
850,26,13.4750596467,575424432.0000000000,9
850,27,13.4554768062,575420144.0000000000,6
850,28,13.4601322775,575429232.0000000000,12
850,29,12.5721735502,537118304.0000000000,16
850,30,12.5912562032,537101360.0000000000,20
850,31,12.5820297536,536824592.0000000000,22
850,32,7.8728976910,349749040.0000000000,33
850,33,7.8720025202,350053968.0000000000,36
850,34,7.8767640990,350046864.0000000000,34
850,35,7.8785925971,350053248.0000000000,32
850,36,7.8793465976,350055328.0000000000,35
850,37,7.3775331793,326755024.0000000000,37
850,38,7.3824559332,326774688.0000000000,38
850,39,7.3747473498,326467968.0000000000,39
850,40,0.8541457477,72102448.0000000000,45
850,41,0.8557719027,72102448.0000000000,47
850,42,0.8570868892,72102448.0000000000,54
850,43,0.8538514078,72102448.0000000000,44
850,44,0.8558864760,72102448.0000000000,54
850,45,0.8136808805,67341360.0000000000,42
850,46,0.8130480551,67341360.0000000000,41
850,47,0.8112522453,67341360.0000000000,45
850,48,0.8566158619,72102448.0000000000,51
850,49,0.8556654069,72102448.0000000000,51
850,50,0.8553919559,72102448.0000000000,49
850,51,0.8547939054,72102448.0000000000,48
850,52,0.8544083344,72102448.0000000000,50
850,53,0.8121863353,67341360.0000000000,41
850,54,0.8117499206,67341360.0000000000,44
850,55,0.8139252973,67341360.0000000000,43
850,56,0.8537325057,72102448.0000000000,48
850,57,0.8536904299,72102448.0000000000,50
850,58,0.8543368381,72102448.0000000000,49
850,59,0.8545720965,72102448.0000000000,52
850,60,0.8551142803,72102448.0000000000,53
850,61,0.8112899400,67341360.0000000000,45
850,62,0.8125900259,67341360.0000000000,46
850,63,0.8118884159,67341360.0000000000,46
850,64,0.8728377623,72102448.0000000000,40
850,65,0.8551867450,72102448.0000000000,41
850,66,0.8556173011,72102448.0000000000,55
850,67,0.8533462576,72102448.0000000000,46
850,68,0.8542478124,72102448.0000000000,53
850,69,0.8113299849,67341360.0000000000,44
850,70,0.8125625778,67341360.0000000000,42
850,71,0.8119388710,67341360.0000000000,47
850,72,0.8544070265,72102448.0000000000,42
850,73,0.8720905794,72102448.0000000000,40
850,74,0.8547731971,72102448.0000000000,55
850,75,0.8534555364,72102448.0000000000,52
850,76,0.8547827411,72102448.0000000000,43
850,77,0.8131403880,67341360.0000000000,43
850,78,0.8289779693,67341360.0000000000,40
850,79,0.8121098189,67341360.0000000000,47
850,80,0.7806094033,63170096.0000000000,35
850,81,0.7668836440,63170096.0000000000,54
850,82,0.7632573765,63170096.0000000000,53
850,83,0.7650366970,63170096.0000000000,48
850,84,0.7646417273,63170096.0000000000,50
850,85,0.7213412211,58998832.0000000000,30
850,86,0.7232386040,58998832.0000000000,27
850,87,0.7234073530,58998832.0000000000,31
850,88,0.7796414066,63170096.0000000000,37
850,89,0.7778941659,63170096.0000000000,39
850,90,0.7794633018,63170096.0000000000,29
850,91,0.7827324859,63170096.0000000000,34
850,92,0.7797371846,63170096.0000000000,38
850,93,0.7233058707,58998832.0000000000,27
850,94,0.7206694848,58998832.0000000000,25
850,95,0.7229098704,58998832.0000000000,31
850,96,0.7654098612,63170096.0000000000,49
850,97,0.7798129092,63170096.0000000000,36
850,98,0.7793529850,63170096.0000000000,33
850,99,0.7664947862,63170096.0000000000,51
850,100,0.7808107882,63170096.0000000000,32
850,101,0.7218146332,58998832.0000000000,26
850,102,0.7226293382,58998832.0000000000,24
850,103,0.7256524249,58998832.0000000000,28
850,104,0.7808712313,63170096.0000000000,32
850,105,0.7798048165,63170096.0000000000,38
850,106,0.7824283255,63170096.0000000000,34
850,107,0.7647937309,63170096.0000000000,55
850,108,0.7800541203,63170096.0000000000,36
850,109,0.7215729218,58998832.0000000000,26
850,110,0.7209126345,58998832.0000000000,30
850,111,0.7225961836,58998832.0000000000,24
850,112,0.7802595369,63170096.0000000000,35
850,113,0.7644208216,63170096.0000000000,52
850,114,0.7793411044,63170096.0000000000,33
850,115,0.7778603463,63170096.0000000000,39
850,116,0.7794170370,63170096.0000000000,37
850,117,0.7213132895,58998832.0000000000,29
850,118,0.7202552261,58998832.0000000000,25
850,119,0.7254948019,58998832.0000000000,28
900,0,0.3319462600,445992752.0000000000,27
900,1,0.3357580550,440865920.0000000000,28
900,2,0.3354405880,437752224.0000000000,25
900,3,0.3500062720,449525232.0000000000,24
900,4,0.3533932110,453248624.0000000000,26
900,5,0.3414753120,437141568.0000000000,30
900,6,0.3430024880,442998656.0000000000,31
900,7,0.3252780280,432782688.0000000000,29
900,8,0.4187922150,575263808.0000000000,2
900,9,0.4201194410,575698592.0000000000,0
900,10,0.4214049350,576632896.0000000000,4
900,11,0.4233365920,577871952.0000000000,5
900,12,0.4235628090,577681552.0000000000,11
900,13,0.3937271050,538035472.0000000000,15
900,14,0.3916120270,537314304.0000000000,17
900,15,0.3910357430,536948400.0000000000,21
900,16,0.4180913790,575277856.0000000000,1
900,17,0.4184703030,575416144.0000000000,8
900,18,0.4184481500,575420320.0000000000,10
900,19,0.4179481820,575421968.0000000000,7
900,20,0.4180378380,575419584.0000000000,14
900,21,0.3903004760,537101424.0000000000,19
900,22,0.3906101500,537107104.0000000000,23
900,23,0.3904439640,536966464.0000000000,18
900,24,0.4182907180,575145120.0000000000,13
900,25,0.4185121430,575421408.0000000000,3
900,26,0.4188003020,575428320.0000000000,9
900,27,0.4182092620,575416112.0000000000,6
900,28,0.4183606020,575425232.0000000000,12
900,29,0.3906337890,537121664.0000000000,16
900,30,0.3913438170,537097440.0000000000,20
900,31,0.3909323930,536810832.0000000000,22
900,32,0.2443499470,349730096.0000000000,33
900,33,0.2444375620,350054240.0000000000,36
900,34,0.2445832960,350048464.0000000000,34
900,35,0.2447365130,350052224.0000000000,32
900,36,0.2446794140,350056224.0000000000,35
900,37,0.2290342560,326757184.0000000000,37
900,38,0.2292805940,326778720.0000000000,38
900,39,0.2289378600,326447904.0000000000,39
900,40,0.0261493870,72102448.0000000000,45
900,41,0.0262227790,72102448.0000000000,47
900,42,0.0262227740,72102448.0000000000,54
900,43,0.0260879490,72102448.0000000000,44
900,44,0.0262110720,72102448.0000000000,54
900,45,0.0249231130,67341360.0000000000,42
900,46,0.0249276730,67341360.0000000000,41
900,47,0.0248694680,67341360.0000000000,45
900,48,0.0262381910,72102448.0000000000,51
900,49,0.0261692210,72102448.0000000000,51
900,50,0.0261844670,72102448.0000000000,49
900,51,0.0262001880,72102448.0000000000,48
900,52,0.0261534800,72102448.0000000000,50
900,53,0.0249128550,67341360.0000000000,41
900,54,0.0248899980,67341360.0000000000,44
900,55,0.0249361790,67341360.0000000000,43
900,56,0.0261129000,72102448.0000000000,48
900,57,0.0261347020,72102448.0000000000,50
900,58,0.0261569060,72102448.0000000000,49
900,59,0.0261826180,72102448.0000000000,52
900,60,0.0261446140,72102448.0000000000,53
900,61,0.0248564630,67341360.0000000000,45
900,62,0.0248652890,67341360.0000000000,46
900,63,0.0248986940,67341360.0000000000,46
900,64,0.0267291770,72102448.0000000000,40
900,65,0.0261555390,72102448.0000000000,41
900,66,0.0262090670,72102448.0000000000,55
900,67,0.0261634350,72102448.0000000000,46
900,68,0.0261692080,72102448.0000000000,53
900,69,0.0248491480,67341360.0000000000,44
900,70,0.0249395950,67341360.0000000000,42
900,71,0.0248899190,67341360.0000000000,47
900,72,0.0261622000,72102448.0000000000,42
900,73,0.0266873590,72102448.0000000000,40
900,74,0.0262078160,72102448.0000000000,55
900,75,0.0261042530,72102448.0000000000,52
900,76,0.0261604050,72102448.0000000000,43
900,77,0.0249257480,67341360.0000000000,43
900,78,0.0253293980,67341360.0000000000,40
900,79,0.0248878940,67341360.0000000000,47
900,80,0.0238933830,63170096.0000000000,35
900,81,0.0235230850,63170096.0000000000,54
900,82,0.0234198960,63170096.0000000000,53
900,83,0.0233974010,63170096.0000000000,48
900,84,0.0234324520,63170096.0000000000,50
900,85,0.0220902090,58998832.0000000000,30
900,86,0.0221164260,58998832.0000000000,27
900,87,0.0221611980,58998832.0000000000,31
900,88,0.0238679660,63170096.0000000000,37
900,89,0.0238228480,63170096.0000000000,39
900,90,0.0238436010,63170096.0000000000,29
900,91,0.0239759070,63170096.0000000000,34
900,92,0.0239284120,63170096.0000000000,38
900,93,0.0221760230,58998832.0000000000,27
900,94,0.0220901650,58998832.0000000000,25
900,95,0.0221398870,58998832.0000000000,31
900,96,0.0234757330,63170096.0000000000,49
900,97,0.0238758510,63170096.0000000000,36
900,98,0.0238810910,63170096.0000000000,33
900,99,0.0234826070,63170096.0000000000,51
900,100,0.0238672540,63170096.0000000000,32
900,101,0.0220788430,58998832.0000000000,26
900,102,0.0221452640,58998832.0000000000,24
900,103,0.0222006840,58998832.0000000000,28
900,104,0.0239470290,63170096.0000000000,32
900,105,0.0239141030,63170096.0000000000,38
900,106,0.0239432320,63170096.0000000000,34
900,107,0.0234282510,63170096.0000000000,55
900,108,0.0238585980,63170096.0000000000,36
900,109,0.0221044110,58998832.0000000000,26
900,110,0.0221108000,58998832.0000000000,30
900,111,0.0221151650,58998832.0000000000,24
900,112,0.0239004570,63170096.0000000000,35
900,113,0.0234094840,63170096.0000000000,52
900,114,0.0238808010,63170096.0000000000,33
900,115,0.0237872220,63170096.0000000000,39
900,116,0.0238823640,63170096.0000000000,37
900,117,0.0220747400,58998832.0000000000,29
900,118,0.0220216010,58998832.0000000000,25
900,119,0.0222058550,58998832.0000000000,28
950,0,10.6756137321,445102752.0000000000,27
950,1,10.8028412136,439943712.0000000000,28
950,2,10.7175264201,434027520.0000000000,25
950,3,11.1019553658,442738528.0000000000,24
950,4,11.2670643622,449275680.0000000000,26
950,5,10.9594352128,435492512.0000000000,30
950,6,11.0786515490,444474368.0000000000,31
950,7,10.5020157078,433850608.0000000000,29
950,8,13.4883170002,575311632.0000000000,2
950,9,13.5509093576,576338896.0000000000,0
950,10,13.6468703103,579644576.0000000000,4
950,11,13.7609091999,584152912.0000000000,5
950,12,13.7622724306,583533776.0000000000,11
950,13,12.7343731950,540361264.0000000000,15
950,14,12.6271592393,537793440.0000000000,17
950,15,12.5902083171,536999584.0000000000,21
950,16,13.4573481041,575275936.0000000000,1
950,17,13.4668654534,575419600.0000000000,8
950,18,13.4668076705,575424608.0000000000,10
950,19,13.4507698929,575418992.0000000000,7
950,20,13.4507317390,575424064.0000000000,14
950,21,12.5619949892,537103648.0000000000,19
950,22,12.5709305862,537102576.0000000000,23
950,23,12.5655942432,536966816.0000000000,18
950,24,13.4613881057,575131728.0000000000,13
950,25,13.4650498723,575420160.0000000000,3
950,26,13.4763120177,575427616.0000000000,9
950,27,13.4554261868,575415296.0000000000,6
950,28,13.4598466289,575425360.0000000000,12
950,29,12.5718423772,537121712.0000000000,16
950,30,12.5914580485,537091984.0000000000,20
950,31,12.5816462949,536802976.0000000000,22
950,32,7.8728776559,349712992.0000000000,33
950,33,7.8717644256,350057584.0000000000,36
950,34,7.8778826267,350046592.0000000000,34
950,35,7.8787081253,350056256.0000000000,32
950,36,7.8795808941,350058016.0000000000,35
950,37,7.3774450192,326756672.0000000000,37
950,38,7.3825266872,326780512.0000000000,38
950,39,7.3730896379,326430144.0000000000,39
950,40,0.8541268150,72102448.0000000000,45
950,41,0.8556469473,72102448.0000000000,47
950,42,0.8567569248,72102448.0000000000,54
950,43,0.8537898581,72102448.0000000000,44
950,44,0.8560530943,72102448.0000000000,54
950,45,0.8135318538,67341360.0000000000,42
950,46,0.8127941124,67341360.0000000000,41
950,47,0.8112072130,67341360.0000000000,45
950,48,0.8566188620,72102448.0000000000,51
950,49,0.8556268254,72102448.0000000000,51
950,50,0.8552220538,72102448.0000000000,49
950,51,0.8549707059,72102448.0000000000,48
950,52,0.8545695261,72102448.0000000000,50
950,53,0.8120780130,67341360.0000000000,41
950,54,0.8116509804,67341360.0000000000,44
950,55,0.8139234254,67341360.0000000000,43
950,56,0.8536515280,72102448.0000000000,48
950,57,0.8537143495,72102448.0000000000,50
950,58,0.8545771660,72102448.0000000000,49
950,59,0.8544333826,72102448.0000000000,52
950,60,0.8551111244,72102448.0000000000,53
950,61,0.8112722431,67341360.0000000000,45
950,62,0.8128122011,67341360.0000000000,46
950,63,0.8120471120,67341360.0000000000,46
950,64,0.8726532556,72102448.0000000000,40
950,65,0.8548540154,72102448.0000000000,41
950,66,0.8555641022,72102448.0000000000,55
950,67,0.8533975232,72102448.0000000000,46
950,68,0.8541380423,72102448.0000000000,53
950,69,0.8116344097,67341360.0000000000,44
950,70,0.8126163963,67341360.0000000000,42
950,71,0.8120603693,67341360.0000000000,47
950,72,0.8543933388,72102448.0000000000,42
950,73,0.8720486283,72102448.0000000000,40
950,74,0.8547599755,72102448.0000000000,55
950,75,0.8535796098,72102448.0000000000,52
950,76,0.8545099180,72102448.0000000000,43
950,77,0.8129881839,67341360.0000000000,43
950,78,0.8286680366,67341360.0000000000,40
950,79,0.8119667060,67341360.0000000000,47
950,80,0.7806258366,63170096.0000000000,35
950,81,0.7668040443,63170096.0000000000,54
950,82,0.7632927644,63170096.0000000000,53
950,83,0.7646048411,63170096.0000000000,48
950,84,0.7645704225,63170096.0000000000,50
950,85,0.7212773266,58998832.0000000000,30
950,86,0.7233609335,58998832.0000000000,27
950,87,0.7233226655,58998832.0000000000,31
950,88,0.7797343590,63170096.0000000000,37
950,89,0.7779233644,63170096.0000000000,39
950,90,0.7794351862,63170096.0000000000,29
950,91,0.7826001976,63170096.0000000000,34
950,92,0.7797634585,63170096.0000000000,38
950,93,0.7233845941,58998832.0000000000,27
950,94,0.7204154624,58998832.0000000000,25
950,95,0.7230417861,58998832.0000000000,31
950,96,0.7653604246,63170096.0000000000,49
950,97,0.7799549019,63170096.0000000000,36
950,98,0.7796271591,63170096.0000000000,33
950,99,0.7664538205,63170096.0000000000,51
950,100,0.7811368001,63170096.0000000000,32
950,101,0.7215795654,58998832.0000000000,26
950,102,0.7230187615,58998832.0000000000,24
950,103,0.7257239530,58998832.0000000000,28
950,104,0.7810311451,63170096.0000000000,32
950,105,0.7795074302,63170096.0000000000,38
950,106,0.7828434279,63170096.0000000000,34
950,107,0.7649525043,63170096.0000000000,55
950,108,0.7799630134,63170096.0000000000,36
950,109,0.7217763751,58998832.0000000000,26
950,110,0.7208976222,58998832.0000000000,30
950,111,0.7227536248,58998832.0000000000,24
950,112,0.7802411413,63170096.0000000000,35
950,113,0.7641680128,63170096.0000000000,52
950,114,0.7791352629,63170096.0000000000,33
950,115,0.7776288970,63170096.0000000000,39
950,116,0.7795783464,63170096.0000000000,37
950,117,0.7213499318,58998832.0000000000,29
950,118,0.7203432196,58998832.0000000000,25
950,119,0.7254805108,58998832.0000000000,28
1000,0,0.3311261280,443941696.0000000000,27
1000,1,0.3338586930,438288528.0000000000,28
1000,2,0.3243745320,428099648.0000000000,25
1000,3,0.3254420960,429770400.0000000000,24
1000,4,0.3346124780,439638032.0000000000,26
1000,5,0.3354406350,431322208.0000000000,30
1000,6,0.3471225640,445943808.0000000000,31
1000,7,0.3287304030,434964448.0000000000,29
1000,8,0.4201903160,575400336.0000000000,2
1000,9,0.4245803700,577480624.0000000000,0
1000,10,0.4339163660,585075904.0000000000,4
1000,11,0.4458083940,595681632.0000000000,5
1000,12,0.4447319140,594317136.0000000000,11
1000,13,0.4036194730,544612224.0000000000,15
1000,14,0.3952733020,538670400.0000000000,17
1000,15,0.3918433700,537090528.0000000000,21
1000,16,0.4182527790,575272560.0000000000,1
1000,17,0.4186024260,575418064.0000000000,8
1000,18,0.4183448560,575420960.0000000000,10
1000,19,0.4181759580,575416496.0000000000,7
1000,20,0.4179500490,575425040.0000000000,14
1000,21,0.3902020590,537101952.0000000000,19
1000,22,0.3907935200,537106368.0000000000,23
1000,23,0.3904660090,536959392.0000000000,18
1000,24,0.4185726200,575118832.0000000000,13
1000,25,0.4184762700,575423664.0000000000,3
1000,26,0.4188588210,575426592.0000000000,9
1000,27,0.4182748010,575411968.0000000000,6
1000,28,0.4182246300,575424432.0000000000,12
1000,29,0.3905915090,537123312.0000000000,16
1000,30,0.3914771550,537090048.0000000000,20
1000,31,0.3909037750,536795040.0000000000,22
1000,32,0.2445992860,349694528.0000000000,33
1000,33,0.2444287260,350056288.0000000000,36
1000,34,0.2446163880,350048080.0000000000,34
1000,35,0.2445718630,350058848.0000000000,32
1000,36,0.2446585790,350060864.0000000000,35
1000,37,0.2290708420,326752288.0000000000,37
1000,38,0.2292606300,326778512.0000000000,38
1000,39,0.2288346740,326409616.0000000000,39
1000,40,0.0261493950,72102448.0000000000,45
1000,41,0.0261610500,72102448.0000000000,47
1000,42,0.0262621410,72102448.0000000000,54
1000,43,0.0261804170,72102448.0000000000,44
1000,44,0.0261982770,72102448.0000000000,54
1000,45,0.0248752120,67341360.0000000000,42
1000,46,0.0249040750,67341360.0000000000,41
1000,47,0.0248340490,67341360.0000000000,45
1000,48,0.0262656820,72102448.0000000000,51
1000,49,0.0262417970,72102448.0000000000,51
1000,50,0.0261948740,72102448.0000000000,49
1000,51,0.0261659070,72102448.0000000000,48
1000,52,0.0261264420,72102448.0000000000,50
1000,53,0.0249374520,67341360.0000000000,41
1000,54,0.0249008480,67341360.0000000000,44
1000,55,0.0248957980,67341360.0000000000,43
1000,56,0.0261521740,72102448.0000000000,48
1000,57,0.0261045900,72102448.0000000000,50
1000,58,0.0261582760,72102448.0000000000,49
1000,59,0.0261381800,72102448.0000000000,52
1000,60,0.0262170850,72102448.0000000000,53
1000,61,0.0248698180,67341360.0000000000,45
1000,62,0.0249093050,67341360.0000000000,46
1000,63,0.0249089270,67341360.0000000000,46
1000,64,0.0267287970,72102448.0000000000,40
1000,65,0.0261964490,72102448.0000000000,41
1000,66,0.0261657330,72102448.0000000000,55
1000,67,0.0261349380,72102448.0000000000,46
1000,68,0.0261672590,72102448.0000000000,53
1000,69,0.0248119170,67341360.0000000000,44
1000,70,0.0249036870,67341360.0000000000,42
1000,71,0.0248869850,67341360.0000000000,47
1000,72,0.0261747970,72102448.0000000000,42
1000,73,0.0266812960,72102448.0000000000,40
1000,74,0.0262080390,72102448.0000000000,55
1000,75,0.0261601570,72102448.0000000000,52
1000,76,0.0261793860,72102448.0000000000,43
1000,77,0.0249127830,67341360.0000000000,43
1000,78,0.0253419730,67341360.0000000000,40
1000,79,0.0248942270,67341360.0000000000,47
1000,80,0.0239109660,63170096.0000000000,35
1000,81,0.0235396080,63170096.0000000000,54
1000,82,0.0233935750,63170096.0000000000,53
1000,83,0.0234600100,63170096.0000000000,48
1000,84,0.0234281270,63170096.0000000000,50
1000,85,0.0221132970,58998832.0000000000,30
1000,86,0.0221389500,58998832.0000000000,27
1000,87,0.0221600270,58998832.0000000000,31
1000,88,0.0238591290,63170096.0000000000,37
1000,89,0.0238192310,63170096.0000000000,39
1000,90,0.0238590920,63170096.0000000000,29
1000,91,0.0239721030,63170096.0000000000,34
1000,92,0.0238581590,63170096.0000000000,38
1000,93,0.0221485610,58998832.0000000000,27
1000,94,0.0220546690,58998832.0000000000,25
1000,95,0.0221682510,58998832.0000000000,31
1000,96,0.0233820400,63170096.0000000000,49
1000,97,0.0238727780,63170096.0000000000,36
1000,98,0.0238368030,63170096.0000000000,33
1000,99,0.0235311070,63170096.0000000000,51
1000,100,0.0238851690,63170096.0000000000,32
1000,101,0.0220743780,58998832.0000000000,26
1000,102,0.0221034020,58998832.0000000000,24
1000,103,0.0222136490,58998832.0000000000,28
1000,104,0.0239079900,63170096.0000000000,32
1000,105,0.0238229310,63170096.0000000000,38
1000,106,0.0239274390,63170096.0000000000,34
1000,107,0.0234490250,63170096.0000000000,55
1000,108,0.0239067330,63170096.0000000000,36
1000,109,0.0220966600,58998832.0000000000,26
1000,110,0.0221002890,58998832.0000000000,30
1000,111,0.0221452630,58998832.0000000000,24
1000,112,0.0238855080,63170096.0000000000,35
1000,113,0.0233999390,63170096.0000000000,52
1000,114,0.0238641970,63170096.0000000000,33
1000,115,0.0238086130,63170096.0000000000,39
1000,116,0.0238092620,63170096.0000000000,37
1000,117,0.0220987640,58998832.0000000000,29
1000,118,0.0220473850,58998832.0000000000,25
1000,119,0.0221944310,58998832.0000000000,28
1050,0,10.6404591468,442750000.0000000000,27
1050,1,10.7111788257,436234944.0000000000,28
1050,2,10.3013195516,421576336.0000000000,25
1050,3,10.1085502267,413547328.0000000000,24
1050,4,10.4536641310,426160432.0000000000,26
1050,5,10.6802733632,425820752.0000000000,30
1050,6,11.1968683809,447649008.0000000000,31
1050,7,10.5873053940,436038080.0000000000,29
1050,8,13.5325860177,575496432.0000000000,2
1050,9,13.7080777102,578879280.0000000000,0
1050,10,14.1236419695,591858848.0000000000,4
1050,11,14.6686017610,610321488.0000000000,5
1050,12,14.6215367803,608276256.0000000000,11
1050,13,13.1219580706,550140320.0000000000,15
1050,14,12.7532398410,539758928.0000000000,17
1050,15,12.6170740941,537196480.0000000000,21
1050,16,13.4569173637,575273040.0000000000,1
1050,17,13.4665301709,575419616.0000000000,8
1050,18,13.4674015586,575421056.0000000000,10
1050,19,13.4498447230,575418592.0000000000,7
1050,20,13.4500459074,575420528.0000000000,14
1050,21,12.5637731267,537105552.0000000000,19
1050,22,12.5702725513,537101840.0000000000,23
1050,23,12.5648189960,536956736.0000000000,18
1050,24,13.4609955153,575108064.0000000000,13
1050,25,13.4649009656,575429760.0000000000,3
1050,26,13.4753750606,575424528.0000000000,9
1050,27,13.4558761359,575411856.0000000000,6
1050,28,13.4591003709,575423856.0000000000,12
1050,29,12.5711169809,537126752.0000000000,16
1050,30,12.5916554855,537092864.0000000000,20
1050,31,12.5813994014,536785184.0000000000,22
1050,32,7.8720713313,349675072.0000000000,33
1050,33,7.8727036096,350057568.0000000000,36
1050,34,7.8779666648,350048192.0000000000,34
1050,35,7.8790524133,350056976.0000000000,32
1050,36,7.8792238468,350059040.0000000000,35
1050,37,7.3781396951,326750592.0000000000,37
1050,38,7.3816487544,326778272.0000000000,38
1050,39,7.3736364524,326396080.0000000000,39
1050,40,0.8541205203,72102448.0000000000,45
1050,41,0.8557647115,72102448.0000000000,47
1050,42,0.8570019437,72102448.0000000000,54
1050,43,0.8537913279,72102448.0000000000,44
1050,44,0.8558982091,72102448.0000000000,54
1050,45,0.8137149104,67341360.0000000000,42
1050,46,0.8129156089,67341360.0000000000,41
1050,47,0.8115137594,67341360.0000000000,45
1050,48,0.8564662626,72102448.0000000000,51
1050,49,0.8555937031,72102448.0000000000,51
1050,50,0.8552070094,72102448.0000000000,49
1050,51,0.8548370667,72102448.0000000000,48
1050,52,0.8546993756,72102448.0000000000,50
1050,53,0.8125304431,67341360.0000000000,41
1050,54,0.8115632652,67341360.0000000000,44
1050,55,0.8137305416,67341360.0000000000,43
1050,56,0.8536715694,72102448.0000000000,48
1050,57,0.8534386671,72102448.0000000000,50
1050,58,0.8544716498,72102448.0000000000,49
1050,59,0.8545125916,72102448.0000000000,52
1050,60,0.8549250658,72102448.0000000000,53
1050,61,0.8112222070,67341360.0000000000,45
1050,62,0.8128637196,67341360.0000000000,46
1050,63,0.8117701374,67341360.0000000000,46
1050,64,0.8726595399,72102448.0000000000,40
1050,65,0.8548885996,72102448.0000000000,41
1050,66,0.8557402693,72102448.0000000000,55
1050,67,0.8534889553,72102448.0000000000,46
1050,68,0.8542046634,72102448.0000000000,53
1050,69,0.8114005554,67341360.0000000000,44
1050,70,0.8127934089,67341360.0000000000,42
1050,71,0.8120398918,67341360.0000000000,47
1050,72,0.8543847996,72102448.0000000000,42
1050,73,0.8724677778,72102448.0000000000,40
1050,74,0.8546898239,72102448.0000000000,55
1050,75,0.8535310602,72102448.0000000000,52
1050,76,0.8547137636,72102448.0000000000,43
1050,77,0.8128761325,67341360.0000000000,43
1050,78,0.8289087916,67341360.0000000000,40
1050,79,0.8119715387,67341360.0000000000,47
1050,80,0.7803321721,63170096.0000000000,35
1050,81,0.7670667714,63170096.0000000000,54
1050,82,0.7635241585,63170096.0000000000,53
1050,83,0.7649930771,63170096.0000000000,48
1050,84,0.7648022032,63170096.0000000000,50
1050,85,0.7214660114,58998832.0000000000,30
1050,86,0.7231244833,58998832.0000000000,27
1050,87,0.7231694032,58998832.0000000000,31
1050,88,0.7797440222,63170096.0000000000,37
1050,89,0.7776057835,63170096.0000000000,39
1050,90,0.7792314823,63170096.0000000000,29
1050,91,0.7824180771,63170096.0000000000,34
1050,92,0.7796627760,63170096.0000000000,38
1050,93,0.7234057303,58998832.0000000000,27
1050,94,0.7205259245,58998832.0000000000,25
1050,95,0.7230808490,58998832.0000000000,31
1050,96,0.7653482480,63170096.0000000000,49
1050,97,0.7798098155,63170096.0000000000,36
1050,98,0.7796139941,63170096.0000000000,33
1050,99,0.7663960963,63170096.0000000000,51
1050,100,0.7811279312,63170096.0000000000,32
1050,101,0.7217025563,58998832.0000000000,26
1050,102,0.7226967015,58998832.0000000000,24
1050,103,0.7256245424,58998832.0000000000,28
1050,104,0.7809061324,63170096.0000000000,32
1050,105,0.7795238957,63170096.0000000000,38
1050,106,0.7825524605,63170096.0000000000,34
1050,107,0.7649824947,63170096.0000000000,55
1050,108,0.7800674078,63170096.0000000000,36
1050,109,0.7216088762,58998832.0000000000,26
1050,110,0.7211630919,58998832.0000000000,30
1050,111,0.7225795671,58998832.0000000000,24
1050,112,0.7803270787,63170096.0000000000,35
1050,113,0.7641897256,63170096.0000000000,52
1050,114,0.7792341657,63170096.0000000000,33
1050,115,0.7775729925,63170096.0000000000,39
1050,116,0.7793227683,63170096.0000000000,37
1050,117,0.7212862586,58998832.0000000000,29
1050,118,0.7200377996,58998832.0000000000,25
1050,119,0.7254404346,58998832.0000000000,28
1100,0,0.3287567680,441431248.0000000000,27
1100,1,0.3295147330,433749648.0000000000,28
1100,2,0.3108659850,415271472.0000000000,25
1100,3,0.2830509360,392921744.0000000000,24
1100,4,0.2965386610,407434912.0000000000,26
1100,5,0.3238091680,419758048.0000000000,30
1100,6,0.3510348100,449823040.0000000000,31
1100,7,0.3305588300,436990752.0000000000,29
1100,8,0.4215032530,575599024.0000000000,2
1100,9,0.4291697100,580174896.0000000000,0
1100,10,0.4505198940,597931152.0000000000,4
1100,11,0.4789301270,623562688.0000000000,5
1100,12,0.4771588740,621325712.0000000000,11
1100,13,0.4175765440,555357728.0000000000,15
1100,14,0.3990625580,540766480.0000000000,17
1100,15,0.3926589660,537271344.0000000000,21
1100,16,0.4180986160,575270880.0000000000,1
1100,17,0.4185512440,575419664.0000000000,8
1100,18,0.4187173070,575418192.0000000000,10
1100,19,0.4181812010,575424032.0000000000,7
1100,20,0.4180022880,575413056.0000000000,14
1100,21,0.3906662180,537106832.0000000000,19
1100,22,0.3906559850,537105120.0000000000,23
1100,23,0.3904866460,536953184.0000000000,18
1100,24,0.4182952040,575098320.0000000000,13
1100,25,0.4183686980,575431792.0000000000,3
1100,26,0.4186721090,575422176.0000000000,9
1100,27,0.4181892080,575416848.0000000000,6
1100,28,0.4181615640,575421168.0000000000,12
1100,29,0.3907115110,537124832.0000000000,16
1100,30,0.3911785350,537093728.0000000000,20
1100,31,0.3909315270,536774880.0000000000,22
1100,32,0.2444804880,349654448.0000000000,33
1100,33,0.2443927080,350056608.0000000000,36
1100,34,0.2445575740,350045744.0000000000,34
1100,35,0.2447106340,350054320.0000000000,32
1100,36,0.2446776460,350058160.0000000000,35
1100,37,0.2290648600,326750384.0000000000,37
1100,38,0.2292630050,326777792.0000000000,38
1100,39,0.2290149430,326378000.0000000000,39
1100,40,0.0261419930,72102448.0000000000,45
1100,41,0.0262530380,72102448.0000000000,47
1100,42,0.0262819070,72102448.0000000000,54
1100,43,0.0261679230,72102448.0000000000,44
1100,44,0.0262090170,72102448.0000000000,54
1100,45,0.0248995340,67341360.0000000000,42
1100,46,0.0249086120,67341360.0000000000,41
1100,47,0.0248549520,67341360.0000000000,45
1100,48,0.0262289420,72102448.0000000000,51
1100,49,0.0261644770,72102448.0000000000,51
1100,50,0.0261981930,72102448.0000000000,49
1100,51,0.0261765010,72102448.0000000000,48
1100,52,0.0261526630,72102448.0000000000,50
1100,53,0.0248950760,67341360.0000000000,41
1100,54,0.0248625050,67341360.0000000000,44
1100,55,0.0249770140,67341360.0000000000,43
1100,56,0.0261714600,72102448.0000000000,48
1100,57,0.0261775900,72102448.0000000000,50
1100,58,0.0261980400,72102448.0000000000,49
1100,59,0.0261402340,72102448.0000000000,52
1100,60,0.0262203090,72102448.0000000000,53
1100,61,0.0248233380,67341360.0000000000,45
1100,62,0.0249147450,67341360.0000000000,46
1100,63,0.0248637580,67341360.0000000000,46
1100,64,0.0267222630,72102448.0000000000,40
1100,65,0.0261725880,72102448.0000000000,41
1100,66,0.0262086380,72102448.0000000000,55
1100,67,0.0261400400,72102448.0000000000,46
1100,68,0.0261715850,72102448.0000000000,53
1100,69,0.0247931300,67341360.0000000000,44
1100,70,0.0248630550,67341360.0000000000,42
1100,71,0.0248595890,67341360.0000000000,47
1100,72,0.0262207610,72102448.0000000000,42
1100,73,0.0267060490,72102448.0000000000,40
1100,74,0.0262004930,72102448.0000000000,55
1100,75,0.0261306360,72102448.0000000000,52
1100,76,0.0261764560,72102448.0000000000,43
1100,77,0.0248796960,67341360.0000000000,43
1100,78,0.0253547130,67341360.0000000000,40
1100,79,0.0248890060,67341360.0000000000,47
1100,80,0.0239075800,63170096.0000000000,35
1100,81,0.0234691190,63170096.0000000000,54
1100,82,0.0233731550,63170096.0000000000,53
1100,83,0.0233824810,63170096.0000000000,48
1100,84,0.0234131100,63170096.0000000000,50
1100,85,0.0221140550,58998832.0000000000,30
1100,86,0.0221555410,58998832.0000000000,27
1100,87,0.0221220320,58998832.0000000000,31
1100,88,0.0238435190,63170096.0000000000,37
1100,89,0.0238464640,63170096.0000000000,39
1100,90,0.0238776880,63170096.0000000000,29
1100,91,0.0239673060,63170096.0000000000,34
1100,92,0.0239133640,63170096.0000000000,38
1100,93,0.0221031500,58998832.0000000000,27
1100,94,0.0221043920,58998832.0000000000,25
1100,95,0.0221720590,58998832.0000000000,31
1100,96,0.0234284090,63170096.0000000000,49
1100,97,0.0238885470,63170096.0000000000,36
1100,98,0.0238391280,63170096.0000000000,33
1100,99,0.0234323490,63170096.0000000000,51
1100,100,0.0239529390,63170096.0000000000,32
1100,101,0.0221470870,58998832.0000000000,26
1100,102,0.0220961070,58998832.0000000000,24
1100,103,0.0222026960,58998832.0000000000,28
1100,104,0.0239129610,63170096.0000000000,32
1100,105,0.0238628160,63170096.0000000000,38
1100,106,0.0239902910,63170096.0000000000,34
1100,107,0.0234024320,63170096.0000000000,55
1100,108,0.0238842890,63170096.0000000000,36
1100,109,0.0221089810,58998832.0000000000,26
1100,110,0.0220454750,58998832.0000000000,30
1100,111,0.0221653010,58998832.0000000000,24
1100,112,0.0238426260,63170096.0000000000,35
1100,113,0.0234052370,63170096.0000000000,52
1100,114,0.0238076470,63170096.0000000000,33
1100,115,0.0238342140,63170096.0000000000,39
1100,116,0.0239026630,63170096.0000000000,37
1100,117,0.0220809340,58998832.0000000000,29
1100,118,0.0220047090,58998832.0000000000,25
1100,119,0.0221879200,58998832.0000000000,28
1150,0,10.5479263218,440276528.0000000000,27
1150,1,10.5573916986,431491536.0000000000,28
1150,2,9.9345462950,411655360.0000000000,25
1150,3,8.8523624987,380975776.0000000000,24
1150,4,9.2827226099,395061296.0000000000,26
1150,5,10.3344617143,415569952.0000000000,30
1150,6,11.3504015546,452534896.0000000000,31
1150,7,10.6555412393,437835008.0000000000,29
1150,8,13.5631973626,575738576.0000000000,2
1150,9,13.8368707345,581143248.0000000000,0
1150,10,14.5679388473,601664336.0000000000,4
1150,11,15.5920757144,631695008.0000000000,5
1150,12,15.5353675293,629860336.0000000000,11
1150,13,13.5118068326,558974656.0000000000,15
1150,14,12.8435485439,541397712.0000000000,17
1150,15,12.6346296557,537272048.0000000000,21
1150,16,13.4568857239,575271456.0000000000,1
1150,17,13.4670553659,575417728.0000000000,8
1150,18,13.4669376165,575419648.0000000000,10
1150,19,13.4499354265,575419936.0000000000,7
1150,20,13.4504223313,575415120.0000000000,14
1150,21,12.5619810541,537104080.0000000000,19
1150,22,12.5706549075,537106144.0000000000,23
1150,23,12.5641738342,536950832.0000000000,18
1150,24,13.4599175198,575091920.0000000000,13
1150,25,13.4655894898,575425744.0000000000,3
1150,26,13.4748891603,575424752.0000000000,9
1150,27,13.4565537646,575421696.0000000000,6
1150,28,13.4607988465,575422016.0000000000,12
1150,29,12.5717921976,537124048.0000000000,16
1150,30,12.5919573934,537090512.0000000000,20
1150,31,12.5813377208,536764384.0000000000,22
1150,32,7.8717257635,349635232.0000000000,33
1150,33,7.8727565536,350056976.0000000000,36
1150,34,7.8774264623,350045936.0000000000,34
1150,35,7.8782689532,350051968.0000000000,32
1150,36,7.8787896508,350060128.0000000000,35
1150,37,7.3776968028,326749888.0000000000,37
1150,38,7.3824209474,326776816.0000000000,38
1150,39,7.3718668534,326362368.0000000000,39
1150,40,0.8541618900,72102448.0000000000,45
1150,41,0.8556279703,72102448.0000000000,47
1150,42,0.8569630420,72102448.0000000000,54
1150,43,0.8538227046,72102448.0000000000,44
1150,44,0.8561809823,72102448.0000000000,54
1150,45,0.8136836008,67341360.0000000000,42
1150,46,0.8128151794,67341360.0000000000,41
1150,47,0.8110481967,67341360.0000000000,45
1150,48,0.8566319644,72102448.0000000000,51
1150,49,0.8556665102,72102448.0000000000,51
1150,50,0.8552874595,72102448.0000000000,49
1150,51,0.8549855361,72102448.0000000000,48
1150,52,0.8545439670,72102448.0000000000,50
1150,53,0.8122635686,67341360.0000000000,41
1150,54,0.8117619867,67341360.0000000000,44
1150,55,0.8135490485,67341360.0000000000,43
1150,56,0.8538448621,72102448.0000000000,48
1150,57,0.8535557382,72102448.0000000000,50
1150,58,0.8543161798,72102448.0000000000,49
1150,59,0.8546139758,72102448.0000000000,52
1150,60,0.8551630703,72102448.0000000000,53
1150,61,0.8111396744,67341360.0000000000,45
1150,62,0.8127364882,67341360.0000000000,46
1150,63,0.8119607696,67341360.0000000000,46
1150,64,0.8727569838,72102448.0000000000,40
1150,65,0.8549636428,72102448.0000000000,41
1150,66,0.8556337879,72102448.0000000000,55
1150,67,0.8536236072,72102448.0000000000,46
1150,68,0.8540399928,72102448.0000000000,53
1150,69,0.8113309118,67341360.0000000000,44
1150,70,0.8124916069,67341360.0000000000,42
1150,71,0.8116233787,67341360.0000000000,47
1150,72,0.8544908287,72102448.0000000000,42
1150,73,0.8721722299,72102448.0000000000,40
1150,74,0.8547403899,72102448.0000000000,55
1150,75,0.8533436227,72102448.0000000000,52
1150,76,0.8546840303,72102448.0000000000,43
1150,77,0.8129714991,67341360.0000000000,43
1150,78,0.8287279825,67341360.0000000000,40
1150,79,0.8117647724,67341360.0000000000,47
1150,80,0.7804017959,63170096.0000000000,35
1150,81,0.7668817951,63170096.0000000000,54
1150,82,0.7633867529,63170096.0000000000,53
1150,83,0.7648201779,63170096.0000000000,48
1150,84,0.7645190870,63170096.0000000000,50
1150,85,0.7213051036,58998832.0000000000,30
1150,86,0.7235831104,58998832.0000000000,27
1150,87,0.7232795256,58998832.0000000000,31
1150,88,0.7796340901,63170096.0000000000,37
1150,89,0.7777616996,63170096.0000000000,39
1150,90,0.7794520044,63170096.0000000000,29
1150,91,0.7825951382,63170096.0000000000,34
1150,92,0.7798598936,63170096.0000000000,38
1150,93,0.7232514377,58998832.0000000000,27
1150,94,0.7202859494,58998832.0000000000,25
1150,95,0.7228661118,58998832.0000000000,31
1150,96,0.7653045497,63170096.0000000000,49
1150,97,0.7799448424,63170096.0000000000,36
1150,98,0.7793994185,63170096.0000000000,33
1150,99,0.7664950480,63170096.0000000000,51
1150,100,0.7811056998,63170096.0000000000,32
1150,101,0.7215767250,58998832.0000000000,26
1150,102,0.7227108782,58998832.0000000000,24
1150,103,0.7255071036,58998832.0000000000,28
1150,104,0.7807859220,63170096.0000000000,32
1150,105,0.7796104255,63170096.0000000000,38
1150,106,0.7826305782,63170096.0000000000,34
1150,107,0.7647994337,63170096.0000000000,55
1150,108,0.7798351713,63170096.0000000000,36
1150,109,0.7216996353,58998832.0000000000,26
1150,110,0.7210823249,58998832.0000000000,30
1150,111,0.7226092523,58998832.0000000000,24
1150,112,0.7804246448,63170096.0000000000,35
1150,113,0.7642281558,63170096.0000000000,52
1150,114,0.7793640681,63170096.0000000000,33
1150,115,0.7777297880,63170096.0000000000,39
1150,116,0.7796697737,63170096.0000000000,37
1150,117,0.7213760535,58998832.0000000000,29
1150,118,0.7202753293,58998832.0000000000,25
1150,119,0.7253149149,58998832.0000000000,28
1200,0,0.3261852400,439165616.0000000000,27
1200,1,0.3244526440,429084848.0000000000,28
1200,2,0.3068054030,410148080.0000000000,25
1200,3,0.2666458280,375814928.0000000000,24
1200,4,0.2782585060,388526528.0000000000,26
1200,5,0.3182884820,413372336.0000000000,30
1200,6,0.3562834520,455528320.0000000000,31
1200,7,0.3312986050,438605456.0000000000,29
1200,8,0.4213709310,575984416.0000000000,2
1200,9,0.4305397650,581925456.0000000000,0
1200,10,0.4560495380,603397760.0000000000,4
1200,11,0.4915947890,634735696.0000000000,5
1200,12,0.4908308770,633392032.0000000000,11
1200,13,0.4230015610,560640432.0000000000,15
1200,14,0.3987791800,541557824.0000000000,17
1200,15,0.3922506770,537144144.0000000000,21
1200,16,0.4181304930,575268896.0000000000,1
1200,17,0.4187370610,575416480.0000000000,8
1200,18,0.4184222400,575422464.0000000000,10
1200,19,0.4181169580,575419152.0000000000,7
1200,20,0.4179384030,575416144.0000000000,14
1200,21,0.3904816820,537104304.0000000000,19
1200,22,0.3906113180,537103152.0000000000,23
1200,23,0.3904096240,536948992.0000000000,18
1200,24,0.4182204860,575081520.0000000000,13
1200,25,0.4183028160,575428224.0000000000,3
1200,26,0.4188321640,575421312.0000000000,9
1200,27,0.4182391370,575423104.0000000000,6
1200,28,0.4182714350,575425072.0000000000,12
1200,29,0.3906971660,537119120.0000000000,16
1200,30,0.3911452890,537091360.0000000000,20
1200,31,0.3909570560,536756672.0000000000,22
1200,32,0.2444514940,349620480.0000000000,33
1200,33,0.2443723040,350050368.0000000000,36
1200,34,0.2445965360,350047824.0000000000,34
1200,35,0.2445963040,350050832.0000000000,32
1200,36,0.2446618830,350055984.0000000000,35
1200,37,0.2289856550,326752144.0000000000,37
1200,38,0.2292010600,326775632.0000000000,38
1200,39,0.2289084340,326343072.0000000000,39
1200,40,0.0261698680,72102448.0000000000,45
1200,41,0.0261732830,72102448.0000000000,47
1200,42,0.0262886910,72102448.0000000000,54
1200,43,0.0261390780,72102448.0000000000,44
1200,44,0.0262337740,72102448.0000000000,54
1200,45,0.0248756030,67341360.0000000000,42
1200,46,0.0249284650,67341360.0000000000,41
1200,47,0.0248234390,67341360.0000000000,45
1200,48,0.0262844980,72102448.0000000000,51
1200,49,0.0262039630,72102448.0000000000,51
1200,50,0.0261988850,72102448.0000000000,49
1200,51,0.0262002230,72102448.0000000000,48
1200,52,0.0261485350,72102448.0000000000,50
1200,53,0.0249285350,67341360.0000000000,41
1200,54,0.0248259730,67341360.0000000000,44
1200,55,0.0249166720,67341360.0000000000,43
1200,56,0.0261697670,72102448.0000000000,48
1200,57,0.0261487260,72102448.0000000000,50
1200,58,0.0261541770,72102448.0000000000,49
1200,59,0.0261696110,72102448.0000000000,52
1200,60,0.0261893090,72102448.0000000000,53
1200,61,0.0248163960,67341360.0000000000,45
1200,62,0.0249336550,67341360.0000000000,46
1200,63,0.0248730050,67341360.0000000000,46
1200,64,0.0267316230,72102448.0000000000,40
1200,65,0.0261851250,72102448.0000000000,41
1200,66,0.0262156000,72102448.0000000000,55
1200,67,0.0261487070,72102448.0000000000,46
1200,68,0.0261003490,72102448.0000000000,53
1200,69,0.0248934960,67341360.0000000000,44
1200,70,0.0249086550,67341360.0000000000,42
1200,71,0.0248584390,67341360.0000000000,47
1200,72,0.0261713600,72102448.0000000000,42
1200,73,0.0267003220,72102448.0000000000,40
1200,74,0.0261687100,72102448.0000000000,55
1200,75,0.0262337270,72102448.0000000000,52
1200,76,0.0261950050,72102448.0000000000,43
1200,77,0.0249540240,67341360.0000000000,43
1200,78,0.0253019470,67341360.0000000000,40
1200,79,0.0248518150,67341360.0000000000,47
1200,80,0.0239333820,63170096.0000000000,35
1200,81,0.0235312110,63170096.0000000000,54
1200,82,0.0233943460,63170096.0000000000,53
1200,83,0.0234098840,63170096.0000000000,48
1200,84,0.0234105040,63170096.0000000000,50
1200,85,0.0220175310,58998832.0000000000,30
1200,86,0.0221598790,58998832.0000000000,27
1200,87,0.0221534120,58998832.0000000000,31
1200,88,0.0238912430,63170096.0000000000,37
1200,89,0.0238510240,63170096.0000000000,39
1200,90,0.0238322290,63170096.0000000000,29
1200,91,0.0239381130,63170096.0000000000,34
1200,92,0.0238666440,63170096.0000000000,38
1200,93,0.0221211440,58998832.0000000000,27
1200,94,0.0220641340,58998832.0000000000,25
1200,95,0.0221647940,58998832.0000000000,31
1200,96,0.0234088720,63170096.0000000000,49
1200,97,0.0238848110,63170096.0000000000,36
1200,98,0.0239002140,63170096.0000000000,33
1200,99,0.0234761020,63170096.0000000000,51
1200,100,0.0239081220,63170096.0000000000,32
1200,101,0.0220863080,58998832.0000000000,26
1200,102,0.0221295420,58998832.0000000000,24
1200,103,0.0222302510,58998832.0000000000,28
1200,104,0.0239507350,63170096.0000000000,32
1200,105,0.0238927470,63170096.0000000000,38
1200,106,0.0239521280,63170096.0000000000,34
1200,107,0.0234676780,63170096.0000000000,55
1200,108,0.0238677770,63170096.0000000000,36
1200,109,0.0220594140,58998832.0000000000,26
1200,110,0.0220938080,58998832.0000000000,30
1200,111,0.0220950970,58998832.0000000000,24
1200,112,0.0238896170,63170096.0000000000,35
1200,113,0.0233900860,63170096.0000000000,52
1200,114,0.0238530140,63170096.0000000000,33
1200,115,0.0238257860,63170096.0000000000,39
1200,116,0.0238958710,63170096.0000000000,37
1200,117,0.0220918230,58998832.0000000000,29
1200,118,0.0221118660,58998832.0000000000,25
1200,119,0.0222280960,58998832.0000000000,28
1250,0,10.4953758180,438273680.0000000000,27
1250,1,10.4094091259,426748048.0000000000,28
1250,2,9.8674936097,409561520.0000000000,25
1250,3,8.5553055067,373613680.0000000000,24
1250,4,8.9256090754,385512416.0000000000,26
1250,5,10.2440443804,412924256.0000000000,30
1250,6,11.5444989813,458395072.0000000000,31
1250,7,10.6843109928,439370416.0000000000,29
1250,8,13.5396418770,576380784.0000000000,2
1250,9,13.8210328197,582888992.0000000000,0
1250,10,14.6732943675,604670976.0000000000,4
1250,11,15.8414372178,635762176.0000000000,5
1250,12,15.8170001669,634376960.0000000000,11
1250,13,13.5984689018,561170080.0000000000,15
1250,14,12.7824093135,541384112.0000000000,17
1250,15,12.5978574521,536886592.0000000000,21
1250,16,13.4571708308,575265904.0000000000,1
1250,17,13.4657895462,575419072.0000000000,8
1250,18,13.4673081934,575418272.0000000000,10
1250,19,13.4495728650,575420960.0000000000,7
1250,20,13.4506582902,575422800.0000000000,14
1250,21,12.5624413126,537105648.0000000000,19
1250,22,12.5707977007,537103024.0000000000,23
1250,23,12.5653169453,536949168.0000000000,18
1250,24,13.4606516641,575072928.0000000000,13
1250,25,13.4652808185,575432016.0000000000,3
1250,26,13.4756938530,575416560.0000000000,9
1250,27,13.4570810458,575423072.0000000000,6
1250,28,13.4611937764,575418160.0000000000,12
1250,29,12.5721533954,537122720.0000000000,16
1250,30,12.5924405560,537087056.0000000000,20
1250,31,12.5817720251,536744992.0000000000,22
1250,32,7.8712378819,349605472.0000000000,33
1250,33,7.8726046285,350047920.0000000000,36
1250,34,7.8776571477,350049888.0000000000,34
1250,35,7.8782207560,350049840.0000000000,32
1250,36,7.8793041063,350063840.0000000000,35
1250,37,7.3777324916,326748608.0000000000,37
1250,38,7.3834999636,326779392.0000000000,38
1250,39,7.3714123828,326325536.0000000000,39
1250,40,0.8541337660,72102448.0000000000,45
1250,41,0.8558445442,72102448.0000000000,47
1250,42,0.8570330920,72102448.0000000000,54
1250,43,0.8538038165,72102448.0000000000,44
1250,44,0.8559988614,72102448.0000000000,54
1250,45,0.8135007007,67341360.0000000000,42
1250,46,0.8128956963,67341360.0000000000,41
1250,47,0.8112712011,67341360.0000000000,45
1250,48,0.8567559832,72102448.0000000000,51
1250,49,0.8555389470,72102448.0000000000,51
1250,50,0.8553277373,72102448.0000000000,49
1250,51,0.8550190810,72102448.0000000000,48
1250,52,0.8546515239,72102448.0000000000,50
1250,53,0.8121502458,67341360.0000000000,41
1250,54,0.8116731316,67341360.0000000000,44
1250,55,0.8138732336,67341360.0000000000,43
1250,56,0.8542520796,72102448.0000000000,48
1250,57,0.8536200382,72102448.0000000000,50
1250,58,0.8544728942,72102448.0000000000,49
1250,59,0.8544966022,72102448.0000000000,52
1250,60,0.8550479456,72102448.0000000000,53
1250,61,0.8111745213,67341360.0000000000,45
1250,62,0.8126272540,67341360.0000000000,46
1250,63,0.8118669138,67341360.0000000000,46
1250,64,0.8727430854,72102448.0000000000,40
1250,65,0.8548996470,72102448.0000000000,41
1250,66,0.8555998857,72102448.0000000000,55
1250,67,0.8536556620,72102448.0000000000,46
1250,68,0.8541678838,72102448.0000000000,53
1250,69,0.8114837432,67341360.0000000000,44
1250,70,0.8124881199,67341360.0000000000,42
1250,71,0.8121480319,67341360.0000000000,47
1250,72,0.8543961201,72102448.0000000000,42
1250,73,0.8722748703,72102448.0000000000,40
1250,74,0.8547715470,72102448.0000000000,55
1250,75,0.8535111809,72102448.0000000000,52
1250,76,0.8546670585,72102448.0000000000,43
1250,77,0.8130351897,67341360.0000000000,43
1250,78,0.8287970165,67341360.0000000000,40
1250,79,0.8119229619,67341360.0000000000,47
1250,80,0.7805786984,63170096.0000000000,35
1250,81,0.7667611165,63170096.0000000000,54
1250,82,0.7634201061,63170096.0000000000,53
1250,83,0.7647684880,63170096.0000000000,48
1250,84,0.7647694528,63170096.0000000000,50
1250,85,0.7211753238,58998832.0000000000,30
1250,86,0.7233777557,58998832.0000000000,27
1250,87,0.7231298414,58998832.0000000000,31
1250,88,0.7797531278,63170096.0000000000,37
1250,89,0.7778867851,63170096.0000000000,39
1250,90,0.7793182247,63170096.0000000000,29
1250,91,0.7825541086,63170096.0000000000,34
1250,92,0.7797953516,63170096.0000000000,38
1250,93,0.7231287312,58998832.0000000000,27
1250,94,0.7203330014,58998832.0000000000,25
1250,95,0.7228641802,58998832.0000000000,31
1250,96,0.7652559891,63170096.0000000000,49
1250,97,0.7799872870,63170096.0000000000,36
1250,98,0.7796665233,63170096.0000000000,33
1250,99,0.7663672503,63170096.0000000000,51
1250,100,0.7810057985,63170096.0000000000,32
1250,101,0.7216248690,58998832.0000000000,26
1250,102,0.7228766974,58998832.0000000000,24
1250,103,0.7254587549,58998832.0000000000,28
1250,104,0.7811619095,63170096.0000000000,32
1250,105,0.7796575596,63170096.0000000000,38
1250,106,0.7825438854,63170096.0000000000,34
1250,107,0.7646580889,63170096.0000000000,55
1250,108,0.7798716333,63170096.0000000000,36
1250,109,0.7216778754,58998832.0000000000,26
1250,110,0.7210172216,58998832.0000000000,30
1250,111,0.7227105855,58998832.0000000000,24
1250,112,0.7804465291,63170096.0000000000,35
1250,113,0.7645681732,63170096.0000000000,52
1250,114,0.7791804100,63170096.0000000000,33
1250,115,0.7774934934,63170096.0000000000,39
1250,116,0.7796245718,63170096.0000000000,37
1250,117,0.7214658650,58998832.0000000000,29
1250,118,0.7202296801,58998832.0000000000,25
1250,119,0.7252233781,58998832.0000000000,28
1300,0,0.3251347990,437474784.0000000000,27
1300,1,0.3192718070,423999552.0000000000,28
1300,2,0.3060771570,408599792.0000000000,25
1300,3,0.2623221990,371143344.0000000000,24
1300,4,0.2751125610,382968720.0000000000,26
1300,5,0.3191868230,413092960.0000000000,30
1300,6,0.3645555800,460914400.0000000000,31
1300,7,0.3348318170,440250960.0000000000,29
1300,8,0.4228718900,576966320.0000000000,2
1300,9,0.4336170770,584185616.0000000000,0
1300,10,0.4593031400,606287248.0000000000,4
1300,11,0.4913021190,636915664.0000000000,5
1300,12,0.4881496360,634851280.0000000000,11
1300,13,0.4227760450,561232560.0000000000,15
1300,14,0.3978006200,540808720.0000000000,17
1300,15,0.3919380850,536450448.0000000000,21
1300,16,0.4181154110,575265104.0000000000,1
1300,17,0.4184953470,575417488.0000000000,8
1300,18,0.4183877670,575421424.0000000000,10
1300,19,0.4181484630,575418576.0000000000,7
1300,20,0.4179853230,575416640.0000000000,14
1300,21,0.3902858540,537106656.0000000000,19
1300,22,0.3906462770,537110560.0000000000,23
1300,23,0.3903897620,536947280.0000000000,18
1300,24,0.4183300780,575065488.0000000000,13
1300,25,0.4185694020,575430576.0000000000,3
1300,26,0.4187321560,575417840.0000000000,9
1300,27,0.4180837460,575420560.0000000000,6
1300,28,0.4183134360,575416352.0000000000,12
1300,29,0.3908017870,537121920.0000000000,16
1300,30,0.3912373300,537078352.0000000000,20
1300,31,0.3910338680,536733184.0000000000,22
1300,32,0.2443206570,349585968.0000000000,33
1300,33,0.2443241260,350048768.0000000000,36
1300,34,0.2445870530,350053616.0000000000,34
1300,35,0.2445894680,350049968.0000000000,32
1300,36,0.2445968640,350064176.0000000000,35
1300,37,0.2291773500,326750144.0000000000,37
1300,38,0.2293187440,326779440.0000000000,38
1300,39,0.2288819550,326307584.0000000000,39
1300,40,0.0261467930,72102448.0000000000,45
1300,41,0.0261588050,72102448.0000000000,47
1300,42,0.0262101910,72102448.0000000000,54
1300,43,0.0261796720,72102448.0000000000,44
1300,44,0.0262151900,72102448.0000000000,54
1300,45,0.0248968240,67341360.0000000000,42
1300,46,0.0248883670,67341360.0000000000,41
1300,47,0.0248502920,67341360.0000000000,45
1300,48,0.0262505610,72102448.0000000000,51
1300,49,0.0261883710,72102448.0000000000,51
1300,50,0.0261965880,72102448.0000000000,49
1300,51,0.0261968990,72102448.0000000000,48
1300,52,0.0261755470,72102448.0000000000,50
1300,53,0.0249129360,67341360.0000000000,41
1300,54,0.0248904600,67341360.0000000000,44
1300,55,0.0249101010,67341360.0000000000,43
1300,56,0.0261715300,72102448.0000000000,48
1300,57,0.0261381540,72102448.0000000000,50
1300,58,0.0262046830,72102448.0000000000,49
1300,59,0.0261687400,72102448.0000000000,52
1300,60,0.0261856030,72102448.0000000000,53
1300,61,0.0248503110,67341360.0000000000,45
1300,62,0.0248119770,67341360.0000000000,46
1300,63,0.0248473650,67341360.0000000000,46
1300,64,0.0266656060,72102448.0000000000,40
1300,65,0.0261812880,72102448.0000000000,41
1300,66,0.0261780370,72102448.0000000000,55
1300,67,0.0261220830,72102448.0000000000,46
1300,68,0.0261769350,72102448.0000000000,53
1300,69,0.0248478760,67341360.0000000000,44
1300,70,0.0248552340,67341360.0000000000,42
1300,71,0.0248820420,67341360.0000000000,47
1300,72,0.0261478540,72102448.0000000000,42
1300,73,0.0267245310,72102448.0000000000,40
1300,74,0.0261626080,72102448.0000000000,55
1300,75,0.0261573790,72102448.0000000000,52
1300,76,0.0261748680,72102448.0000000000,43
1300,77,0.0248720060,67341360.0000000000,43
1300,78,0.0253823030,67341360.0000000000,40
1300,79,0.0248713720,67341360.0000000000,47
1300,80,0.0239155360,63170096.0000000000,35
1300,81,0.0235043990,63170096.0000000000,54
1300,82,0.0233544990,63170096.0000000000,53
1300,83,0.0234108160,63170096.0000000000,48
1300,84,0.0234280390,63170096.0000000000,50
1300,85,0.0220818340,58998832.0000000000,30
1300,86,0.0221374870,58998832.0000000000,27
1300,87,0.0221093580,58998832.0000000000,31
1300,88,0.0239244450,63170096.0000000000,37
1300,89,0.0237984430,63170096.0000000000,39
1300,90,0.0238912720,63170096.0000000000,29
1300,91,0.0239949690,63170096.0000000000,34
1300,92,0.0239157000,63170096.0000000000,38
1300,93,0.0221352530,58998832.0000000000,27
1300,94,0.0220093680,58998832.0000000000,25
1300,95,0.0221477320,58998832.0000000000,31
1300,96,0.0233881730,63170096.0000000000,49
1300,97,0.0238852620,63170096.0000000000,36
1300,98,0.0238976310,63170096.0000000000,33
1300,99,0.0234659610,63170096.0000000000,51
1300,100,0.0239295720,63170096.0000000000,32
1300,101,0.0221245920,58998832.0000000000,26
1300,102,0.0221139810,58998832.0000000000,24
1300,103,0.0222407000,58998832.0000000000,28
1300,104,0.0238993840,63170096.0000000000,32
1300,105,0.0238955610,63170096.0000000000,38
1300,106,0.0239669750,63170096.0000000000,34
1300,107,0.0233846570,63170096.0000000000,55
1300,108,0.0239213100,63170096.0000000000,36
1300,109,0.0220736210,58998832.0000000000,26
1300,110,0.0220715350,58998832.0000000000,30
1300,111,0.0221101820,58998832.0000000000,24
1300,112,0.0238601580,63170096.0000000000,35
1300,113,0.0234062290,63170096.0000000000,52
1300,114,0.0238283170,63170096.0000000000,33
1300,115,0.0237447570,63170096.0000000000,39
1300,116,0.0238628860,63170096.0000000000,37
1300,117,0.0220786180,58998832.0000000000,29
1300,118,0.0220549060,58998832.0000000000,25
1300,119,0.0222373260,58998832.0000000000,28
1350,0,10.4527631351,436878416.0000000000,27
1350,1,10.2368823047,421604752.0000000000,28
1350,2,9.8173114054,407751856.0000000000,25
1350,3,8.4416814015,369964000.0000000000,24
1350,4,8.8518797421,381322752.0000000000,26
1350,5,10.2876090110,413659664.0000000000,30
1350,6,11.7875948713,463329568.0000000000,31
1350,7,10.8195119991,441338256.0000000000,29
1350,8,13.6297918229,577675504.0000000000,2
1350,9,13.9817980059,585444048.0000000000,0
1350,10,14.8213454850,607405680.0000000000,4
1350,11,15.8349319754,637395824.0000000000,5
1350,12,15.7192195391,634729632.0000000000,11
1350,13,13.6149467938,560791984.0000000000,15
1350,14,12.7980599406,539894736.0000000000,17
1350,15,12.6140241415,535902144.0000000000,21
1350,16,13.4569441087,575264560.0000000000,1
1350,17,13.4669352201,575419696.0000000000,8
1350,18,13.4665954717,575419376.0000000000,10
1350,19,13.4504013566,575419840.0000000000,7
1350,20,13.4504744829,575422848.0000000000,14
1350,21,12.5617057530,537103568.0000000000,19
1350,22,12.5701705033,537109312.0000000000,23
1350,23,12.5649599545,536946720.0000000000,18
1350,24,13.4602288799,575054032.0000000000,13
1350,25,13.4655752033,575429808.0000000000,3
1350,26,13.4764262561,575420608.0000000000,9
1350,27,13.4559587407,575424768.0000000000,6
1350,28,13.4606023743,575416016.0000000000,12
1350,29,12.5723271090,537121696.0000000000,16
1350,30,12.5917401984,537080400.0000000000,20
1350,31,12.5800299004,536727776.0000000000,22
1350,32,7.8701593050,349568496.0000000000,33
1350,33,7.8720760011,350048512.0000000000,36
1350,34,7.8778566590,350053648.0000000000,34
1350,35,7.8784826261,350050144.0000000000,32
1350,36,7.8793191055,350060192.0000000000,35
1350,37,7.3776707332,326751424.0000000000,37
1350,38,7.3834035813,326777600.0000000000,38
1350,39,7.3651161752,326285712.0000000000,39
1350,40,0.8539547260,72102448.0000000000,45
1350,41,0.8555740403,72102448.0000000000,47
1350,42,0.8570063134,72102448.0000000000,54
1350,43,0.8538689259,72102448.0000000000,44
1350,44,0.8561152343,72102448.0000000000,54
1350,45,0.8137844397,67341360.0000000000,42
1350,46,0.8129375148,67341360.0000000000,41
1350,47,0.8110003127,67341360.0000000000,45
1350,48,0.8565283960,72102448.0000000000,51
1350,49,0.8555398881,72102448.0000000000,51
1350,50,0.8552133049,72102448.0000000000,49
1350,51,0.8548860774,72102448.0000000000,48
1350,52,0.8543932451,72102448.0000000000,50
1350,53,0.8121631984,67341360.0000000000,41
1350,54,0.8115662922,67341360.0000000000,44
1350,55,0.8140159003,67341360.0000000000,43
1350,56,0.8539248070,72102448.0000000000,48
1350,57,0.8535294950,72102448.0000000000,50
1350,58,0.8545003882,72102448.0000000000,49
1350,59,0.8545746831,72102448.0000000000,52
1350,60,0.8551141467,72102448.0000000000,53
1350,61,0.8110997246,67341360.0000000000,45
1350,62,0.8126302159,67341360.0000000000,46
1350,63,0.8121047684,67341360.0000000000,46
1350,64,0.8727908610,72102448.0000000000,40
1350,65,0.8553167947,72102448.0000000000,41
1350,66,0.8556999236,72102448.0000000000,55
1350,67,0.8534955765,72102448.0000000000,46
1350,68,0.8542334861,72102448.0000000000,53
1350,69,0.8114946735,67341360.0000000000,44
1350,70,0.8123364884,67341360.0000000000,42
1350,71,0.8121777924,67341360.0000000000,47
1350,72,0.8542022535,72102448.0000000000,42
1350,73,0.8721943753,72102448.0000000000,40
1350,74,0.8546261360,72102448.0000000000,55
1350,75,0.8538418412,72102448.0000000000,52
1350,76,0.8545764344,72102448.0000000000,43
1350,77,0.8129688341,67341360.0000000000,43
1350,78,0.8288649683,67341360.0000000000,40
1350,79,0.8119031188,67341360.0000000000,47
1350,80,0.7805382848,63170096.0000000000,35
1350,81,0.7667362163,63170096.0000000000,54
1350,82,0.7633556637,63170096.0000000000,53
1350,83,0.7649321334,63170096.0000000000,48
1350,84,0.7648268480,63170096.0000000000,50
1350,85,0.7212037013,58998832.0000000000,30
1350,86,0.7235500126,58998832.0000000000,27
1350,87,0.7232507903,58998832.0000000000,31
1350,88,0.7793876221,63170096.0000000000,37
1350,89,0.7778885652,63170096.0000000000,39
1350,90,0.7793141478,63170096.0000000000,29
1350,91,0.7826808034,63170096.0000000000,34
1350,92,0.7797790037,63170096.0000000000,38
1350,93,0.7230471823,58998832.0000000000,27
1350,94,0.7205243070,58998832.0000000000,25
1350,95,0.7229489229,58998832.0000000000,31
1350,96,0.7655204129,63170096.0000000000,49
1350,97,0.7799276346,63170096.0000000000,36
1350,98,0.7794558327,63170096.0000000000,33
1350,99,0.7662615928,63170096.0000000000,51
1350,100,0.7811180571,63170096.0000000000,32
1350,101,0.7218345681,58998832.0000000000,26
1350,102,0.7229517047,58998832.0000000000,24
1350,103,0.7253981935,58998832.0000000000,28
1350,104,0.7812483362,63170096.0000000000,32
1350,105,0.7795360433,63170096.0000000000,38
1350,106,0.7824517879,63170096.0000000000,34
1350,107,0.7649458700,63170096.0000000000,55
1350,108,0.7798643145,63170096.0000000000,36
1350,109,0.7216013283,58998832.0000000000,26
1350,110,0.7210964949,58998832.0000000000,30
1350,111,0.7223828491,58998832.0000000000,24
1350,112,0.7804217015,63170096.0000000000,35
1350,113,0.7642401682,63170096.0000000000,52
1350,114,0.7793903296,63170096.0000000000,33
1350,115,0.7776751135,63170096.0000000000,39
1350,116,0.7794644224,63170096.0000000000,37
1350,117,0.7210567872,58998832.0000000000,29
1350,118,0.7203026628,58998832.0000000000,25
1350,119,0.7255005127,58998832.0000000000,28
1400,0,0.3243681310,436382448.0000000000,27
1400,1,0.3149865320,419699680.0000000000,28
1400,2,0.3055269870,407887184.0000000000,25
1400,3,0.2621270050,369602480.0000000000,24
1400,4,0.2747420950,380565344.0000000000,26
1400,5,0.3215739020,414978208.0000000000,30
1400,6,0.3711802720,465923152.0000000000,31
1400,7,0.3398020900,442732656.0000000000,29
1400,8,0.4246412280,578432624.0000000000,2
1400,9,0.4362210250,586185712.0000000000,0
1400,10,0.4606474420,607022288.0000000000,4
1400,11,0.4897456000,636461024.0000000000,5
1400,12,0.4877406230,633542992.0000000000,11
1400,13,0.4216084240,559531440.0000000000,15
1400,14,0.3958923000,538390736.0000000000,17
1400,15,0.3911340350,535167168.0000000000,21
1400,16,0.4182359810,575260288.0000000000,1
1400,17,0.4183968870,575426096.0000000000,8
1400,18,0.4184238380,575414256.0000000000,10
1400,19,0.4178324000,575417184.0000000000,7
1400,20,0.4178399650,575420160.0000000000,14
1400,21,0.3904078890,537105760.0000000000,19
1400,22,0.3906366510,537104080.0000000000,23
1400,23,0.3904189480,536945600.0000000000,18
1400,24,0.4182115530,575038976.0000000000,13
1400,25,0.4186679550,575429696.0000000000,3
1400,26,0.4187717420,575419920.0000000000,9
1400,27,0.4183107980,575421648.0000000000,6
1400,28,0.4183314150,575417984.0000000000,12
1400,29,0.3907481850,537125568.0000000000,16
1400,30,0.3914429410,537083568.0000000000,20
1400,31,0.3908846940,536713376.0000000000,22
1400,32,0.2442546400,349550640.0000000000,33
1400,33,0.2444090090,350051600.0000000000,36
1400,34,0.2445725260,350055776.0000000000,34
1400,35,0.2446123540,350049056.0000000000,32
1400,36,0.2446958860,350059840.0000000000,35
1400,37,0.2291142980,326748976.0000000000,37
1400,38,0.2292392790,326778080.0000000000,38
1400,39,0.2285551310,326268240.0000000000,39
1400,40,0.0261380740,72102448.0000000000,45
1400,41,0.0261871390,72102448.0000000000,47
1400,42,0.0262555080,72102448.0000000000,54
1400,43,0.0261521620,72102448.0000000000,44
1400,44,0.0261905920,72102448.0000000000,54
1400,45,0.0249605470,67341360.0000000000,42
1400,46,0.0248987980,67341360.0000000000,41
1400,47,0.0248673460,67341360.0000000000,45
1400,48,0.0262127680,72102448.0000000000,51
1400,49,0.0261981190,72102448.0000000000,51
1400,50,0.0261580610,72102448.0000000000,49
1400,51,0.0261911470,72102448.0000000000,48
1400,52,0.0261531650,72102448.0000000000,50
1400,53,0.0248706750,67341360.0000000000,41
1400,54,0.0249049080,67341360.0000000000,44
1400,55,0.0249093290,67341360.0000000000,43
1400,56,0.0261403180,72102448.0000000000,48
1400,57,0.0261230740,72102448.0000000000,50
1400,58,0.0261853170,72102448.0000000000,49
1400,59,0.0261965140,72102448.0000000000,52
1400,60,0.0261710750,72102448.0000000000,53
1400,61,0.0248618120,67341360.0000000000,45
1400,62,0.0249210870,67341360.0000000000,46
1400,63,0.0248680160,67341360.0000000000,46
1400,64,0.0266772580,72102448.0000000000,40
1400,65,0.0261467040,72102448.0000000000,41
1400,66,0.0262135880,72102448.0000000000,55
1400,67,0.0261523930,72102448.0000000000,46
1400,68,0.0261474690,72102448.0000000000,53
1400,69,0.0248503320,67341360.0000000000,44
1400,70,0.0249096900,67341360.0000000000,42
1400,71,0.0248606990,67341360.0000000000,47
1400,72,0.0261521030,72102448.0000000000,42
1400,73,0.0266858350,72102448.0000000000,40
1400,74,0.0261695230,72102448.0000000000,55
1400,75,0.0261886300,72102448.0000000000,52
1400,76,0.0261909180,72102448.0000000000,43
1400,77,0.0248655340,67341360.0000000000,43
1400,78,0.0253943970,67341360.0000000000,40
1400,79,0.0248555620,67341360.0000000000,47
1400,80,0.0238937450,63170096.0000000000,35
1400,81,0.0234920360,63170096.0000000000,54
1400,82,0.0233477150,63170096.0000000000,53
1400,83,0.0234238700,63170096.0000000000,48
1400,84,0.0234590790,63170096.0000000000,50
1400,85,0.0220890970,58998832.0000000000,30
1400,86,0.0221319650,58998832.0000000000,27
1400,87,0.0221435220,58998832.0000000000,31
1400,88,0.0238821120,63170096.0000000000,37
1400,89,0.0237809470,63170096.0000000000,39
1400,90,0.0238144140,63170096.0000000000,29
1400,91,0.0239919550,63170096.0000000000,34
1400,92,0.0238763240,63170096.0000000000,38
1400,93,0.0221301120,58998832.0000000000,27
1400,94,0.0220795650,58998832.0000000000,25
1400,95,0.0221574310,58998832.0000000000,31
1400,96,0.0234469830,63170096.0000000000,49
1400,97,0.0238607110,63170096.0000000000,36
1400,98,0.0238289490,63170096.0000000000,33
1400,99,0.0234913290,63170096.0000000000,51
1400,100,0.0239361870,63170096.0000000000,32
1400,101,0.0221327380,58998832.0000000000,26
1400,102,0.0221201930,58998832.0000000000,24
1400,103,0.0222153820,58998832.0000000000,28
1400,104,0.0238802790,63170096.0000000000,32
1400,105,0.0238234500,63170096.0000000000,38
1400,106,0.0239832180,63170096.0000000000,34
1400,107,0.0234347450,63170096.0000000000,55
1400,108,0.0238464350,63170096.0000000000,36
1400,109,0.0220520230,58998832.0000000000,26
1400,110,0.0220280390,58998832.0000000000,30
1400,111,0.0221090030,58998832.0000000000,24
1400,112,0.0239044330,63170096.0000000000,35
1400,113,0.0234242550,63170096.0000000000,52
1400,114,0.0238500700,63170096.0000000000,33
1400,115,0.0238476190,63170096.0000000000,39
1400,116,0.0238330780,63170096.0000000000,37
1400,117,0.0220454630,58998832.0000000000,29
1400,118,0.0220438890,58998832.0000000000,25
1400,119,0.0222306710,58998832.0000000000,28
1450,0,10.4290982219,436012432.0000000000,27
1450,1,10.1194578082,418897376.0000000000,28
1450,2,9.8421159021,408013072.0000000000,25
1450,3,8.3779839430,366045312.0000000000,24
1450,4,8.7530443416,376707360.0000000000,26
1450,5,10.3858161636,416566224.0000000000,30
1450,6,11.9979097848,468748688.0000000000,31
1450,7,10.9651425749,444401344.0000000000,29
1450,8,13.6760914882,579152784.0000000000,2
1450,9,14.0362371299,586251168.0000000000,0
1450,10,14.7765149553,605433248.0000000000,4
1450,11,15.7108402521,634545824.0000000000,5
1450,12,15.6523980589,631776912.0000000000,11
1450,13,13.5319623485,557941088.0000000000,15
1450,14,12.7055806265,536657024.0000000000,17
1450,15,12.5669293202,534425232.0000000000,21
1450,16,13.4559928168,575260592.0000000000,1
1450,17,13.4658420167,575422464.0000000000,8
1450,18,13.4660473879,575419376.0000000000,10
1450,19,13.4507672196,575420928.0000000000,7
1450,20,13.4500124538,575423552.0000000000,14
1450,21,12.5616869469,537106400.0000000000,19
1450,22,12.5708356557,537109232.0000000000,23
1450,23,12.5643926702,536944128.0000000000,18
1450,24,13.4601688750,575033200.0000000000,13
1450,25,13.4668022945,575429488.0000000000,3
1450,26,13.4756303236,575421376.0000000000,9
1450,27,13.4574018922,575419168.0000000000,6
1450,28,13.4614081336,575417072.0000000000,12
1450,29,12.5727400948,537125056.0000000000,16
1450,30,12.5931302609,537076544.0000000000,20
1450,31,12.5789476255,536704768.0000000000,22
1450,32,7.8701255573,349535808.0000000000,33
1450,33,7.8716132393,350050144.0000000000,36
1450,34,7.8778066748,350053936.0000000000,34
1450,35,7.8785648783,350049744.0000000000,32
1450,36,7.8797384025,350062160.0000000000,35
1450,37,7.3780272021,326747248.0000000000,37
1450,38,7.3830488996,326782688.0000000000,38
1450,39,7.3545885211,326249792.0000000000,39
1450,40,0.8542083388,72102448.0000000000,45
1450,41,0.8557332331,72102448.0000000000,47
1450,42,0.8568602083,72102448.0000000000,54
1450,43,0.8538041468,72102448.0000000000,44
1450,44,0.8561883160,72102448.0000000000,54
1450,45,0.8137959890,67341360.0000000000,42
1450,46,0.8129617482,67341360.0000000000,41
1450,47,0.8111917672,67341360.0000000000,45
1450,48,0.8565512206,72102448.0000000000,51
1450,49,0.8557179981,72102448.0000000000,51
1450,50,0.8554277008,72102448.0000000000,49
1450,51,0.8548808443,72102448.0000000000,48
1450,52,0.8544656747,72102448.0000000000,50
1450,53,0.8120535311,67341360.0000000000,41
1450,54,0.8115933091,67341360.0000000000,44
1450,55,0.8138078972,67341360.0000000000,43
1450,56,0.8537297747,72102448.0000000000,48
1450,57,0.8535474589,72102448.0000000000,50
1450,58,0.8543846240,72102448.0000000000,49
1450,59,0.8544963609,72102448.0000000000,52
1450,60,0.8551688398,72102448.0000000000,53
1450,61,0.8111765409,67341360.0000000000,45
1450,62,0.8127540109,67341360.0000000000,46
1450,63,0.8117414584,67341360.0000000000,46
1450,64,0.8725702186,72102448.0000000000,40
1450,65,0.8549028444,72102448.0000000000,41
1450,66,0.8555720555,72102448.0000000000,55
1450,67,0.8534005394,72102448.0000000000,46
1450,68,0.8541554620,72102448.0000000000,53
1450,69,0.8116188870,67341360.0000000000,44
1450,70,0.8124504020,67341360.0000000000,42
1450,71,0.8119465090,67341360.0000000000,47
1450,72,0.8543516782,72102448.0000000000,42
1450,73,0.8720203255,72102448.0000000000,40
1450,74,0.8546861089,72102448.0000000000,55
1450,75,0.8537666755,72102448.0000000000,52
1450,76,0.8546977114,72102448.0000000000,43
1450,77,0.8130018395,67341360.0000000000,43
1450,78,0.8287535868,67341360.0000000000,40
1450,79,0.8120307150,67341360.0000000000,47
1450,80,0.7805403442,63170096.0000000000,35
1450,81,0.7667732228,63170096.0000000000,54
1450,82,0.7634506655,63170096.0000000000,53
1450,83,0.7650050620,63170096.0000000000,48
1450,84,0.7645109872,63170096.0000000000,50
1450,85,0.7212548893,58998832.0000000000,30
1450,86,0.7233038372,58998832.0000000000,27
1450,87,0.7232299036,58998832.0000000000,31
1450,88,0.7795477890,63170096.0000000000,37
1450,89,0.7777726234,63170096.0000000000,39
1450,90,0.7791964084,63170096.0000000000,29
1450,91,0.7827282768,63170096.0000000000,34
1450,92,0.7798901458,63170096.0000000000,38
1450,93,0.7233631049,58998832.0000000000,27
1450,94,0.7205864839,58998832.0000000000,25
1450,95,0.7228770395,58998832.0000000000,31
1450,96,0.7655444196,63170096.0000000000,49
1450,97,0.7798767193,63170096.0000000000,36
1450,98,0.7794767747,63170096.0000000000,33
1450,99,0.7665031523,63170096.0000000000,51
1450,100,0.7809060267,63170096.0000000000,32
1450,101,0.7217120552,58998832.0000000000,26
1450,102,0.7229292750,58998832.0000000000,24
1450,103,0.7255486676,58998832.0000000000,28
1450,104,0.7807044101,63170096.0000000000,32
1450,105,0.7794685252,63170096.0000000000,38
1450,106,0.7825976555,63170096.0000000000,34
1450,107,0.7649194557,63170096.0000000000,55
1450,108,0.7800912369,63170096.0000000000,36
1450,109,0.7214369372,58998832.0000000000,26
1450,110,0.7210776946,58998832.0000000000,30
1450,111,0.7225158040,58998832.0000000000,24
1450,112,0.7801801479,63170096.0000000000,35
1450,113,0.7642174617,63170096.0000000000,52
1450,114,0.7790393531,63170096.0000000000,33
1450,115,0.7775978971,63170096.0000000000,39
1450,116,0.7793055687,63170096.0000000000,37
1450,117,0.7210482985,58998832.0000000000,29
1450,118,0.7201947194,58998832.0000000000,25
1450,119,0.7255075755,58998832.0000000000,28
1500,0,0.3234403820,435577504.0000000000,27
1500,1,0.3131935660,419006352.0000000000,28
1500,2,0.3010649630,405459856.0000000000,25
1500,3,0.2422592010,354336416.0000000000,24
1500,4,0.2537386500,364290096.0000000000,26
1500,5,0.3244192540,417300400.0000000000,30
1500,6,0.3774981710,471483056.0000000000,31
1500,7,0.3436881500,446322704.0000000000,29
1500,8,0.4244809940,579829264.0000000000,2
1500,9,0.4348869290,585940128.0000000000,0
1500,10,0.4560430830,603453824.0000000000,4
1500,11,0.4854799320,632475760.0000000000,5
1500,12,0.4849386890,629853504.0000000000,11
1500,13,0.4173970110,556320624.0000000000,15
1500,14,0.3909168630,534818560.0000000000,17
1500,15,0.3883168660,533621600.0000000000,21
1500,16,0.4180416750,575257712.0000000000,1
1500,17,0.4183299710,575415488.0000000000,8
1500,18,0.4183464720,575420656.0000000000,10
1500,19,0.4179158110,575419872.0000000000,7
1500,20,0.4179961480,575426320.0000000000,14
1500,21,0.3903153510,537104976.0000000000,19
1500,22,0.3905363990,537105424.0000000000,23
1500,23,0.3903849570,536942992.0000000000,18
1500,24,0.4182645160,575019312.0000000000,13
1500,25,0.4184097910,575430848.0000000000,3
1500,26,0.4187142130,575427968.0000000000,9
1500,27,0.4182570610,575411312.0000000000,6
1500,28,0.4181377820,575419584.0000000000,12
1500,29,0.3907621520,537127424.0000000000,16
1500,30,0.3914184640,537076800.0000000000,20
1500,31,0.3908359270,536696976.0000000000,22
1500,32,0.2443826870,349521280.0000000000,33
1500,33,0.2445472760,350051824.0000000000,36
1500,34,0.2445678960,350048576.0000000000,34
1500,35,0.2447116120,350054336.0000000000,32
1500,36,0.2446524320,350059488.0000000000,35
1500,37,0.2290189610,326749696.0000000000,37
1500,38,0.2293029710,326782864.0000000000,38
1500,39,0.2284927980,326228272.0000000000,39
1500,40,0.0261941240,72102448.0000000000,45
1500,41,0.0262042120,72102448.0000000000,47
1500,42,0.0262467950,72102448.0000000000,54
1500,43,0.0261550650,72102448.0000000000,44
1500,44,0.0262223770,72102448.0000000000,54
1500,45,0.0249004240,67341360.0000000000,42
1500,46,0.0249000010,67341360.0000000000,41
1500,47,0.0248732030,67341360.0000000000,45
1500,48,0.0262537570,72102448.0000000000,51
1500,49,0.0262131600,72102448.0000000000,51
1500,50,0.0261698170,72102448.0000000000,49
1500,51,0.0262014050,72102448.0000000000,48
1500,52,0.0261660480,72102448.0000000000,50
1500,53,0.0248305780,67341360.0000000000,41
1500,54,0.0248839760,67341360.0000000000,44
1500,55,0.0249024360,67341360.0000000000,43
1500,56,0.0261276350,72102448.0000000000,48
1500,57,0.0261520940,72102448.0000000000,50
1500,58,0.0261167430,72102448.0000000000,49
1500,59,0.0261382720,72102448.0000000000,52
1500,60,0.0261535730,72102448.0000000000,53
1500,61,0.0248510110,67341360.0000000000,45
1500,62,0.0248810820,67341360.0000000000,46
1500,63,0.0248920590,67341360.0000000000,46
1500,64,0.0267630170,72102448.0000000000,40
1500,65,0.0261810720,72102448.0000000000,41
1500,66,0.0262175760,72102448.0000000000,55
1500,67,0.0261393690,72102448.0000000000,46
1500,68,0.0262072540,72102448.0000000000,53
1500,69,0.0248629440,67341360.0000000000,44
1500,70,0.0248874270,67341360.0000000000,42
1500,71,0.0249082020,67341360.0000000000,47
1500,72,0.0261408920,72102448.0000000000,42
1500,73,0.0266666700,72102448.0000000000,40
1500,74,0.0261960810,72102448.0000000000,55
1500,75,0.0261279300,72102448.0000000000,52
1500,76,0.0261226380,72102448.0000000000,43
1500,77,0.0248860340,67341360.0000000000,43
1500,78,0.0254449460,67341360.0000000000,40
1500,79,0.0248695680,67341360.0000000000,47
1500,80,0.0239312660,63170096.0000000000,35
1500,81,0.0234613180,63170096.0000000000,54
1500,82,0.0233936370,63170096.0000000000,53
1500,83,0.0233824690,63170096.0000000000,48
1500,84,0.0234163360,63170096.0000000000,50
1500,85,0.0220407620,58998832.0000000000,30
1500,86,0.0221608710,58998832.0000000000,27
1500,87,0.0221514980,58998832.0000000000,31
1500,88,0.0238618060,63170096.0000000000,37
1500,89,0.0238173590,63170096.0000000000,39
1500,90,0.0239211220,63170096.0000000000,29
1500,91,0.0239663240,63170096.0000000000,34
1500,92,0.0238926460,63170096.0000000000,38
1500,93,0.0220974700,58998832.0000000000,27
1500,94,0.0220494250,58998832.0000000000,25
1500,95,0.0221271900,58998832.0000000000,31
1500,96,0.0234535980,63170096.0000000000,49
1500,97,0.0238683890,63170096.0000000000,36
1500,98,0.0238026980,63170096.0000000000,33
1500,99,0.0234889270,63170096.0000000000,51
1500,100,0.0238917590,63170096.0000000000,32
1500,101,0.0221564140,58998832.0000000000,26
1500,102,0.0221441390,58998832.0000000000,24
1500,103,0.0222012640,58998832.0000000000,28
1500,104,0.0238778730,63170096.0000000000,32
1500,105,0.0238859920,63170096.0000000000,38
1500,106,0.0239636190,63170096.0000000000,34
1500,107,0.0233862410,63170096.0000000000,55
1500,108,0.0238604060,63170096.0000000000,36
1500,109,0.0220752760,58998832.0000000000,26
1500,110,0.0220481770,58998832.0000000000,30
1500,111,0.0221492580,58998832.0000000000,24
1500,112,0.0238549480,63170096.0000000000,35
1500,113,0.0234229930,63170096.0000000000,52
1500,114,0.0238278380,63170096.0000000000,33
1500,115,0.0237853200,63170096.0000000000,39
1500,116,0.0239289180,63170096.0000000000,37
1500,117,0.0221103710,58998832.0000000000,29
1500,118,0.0220220240,58998832.0000000000,25
1500,119,0.0222059320,58998832.0000000000,28
1550,0,10.4271680824,435057680.0000000000,27
1550,1,10.1040772112,419658288.0000000000,28
1550,2,9.4545072948,395594080.0000000000,25
1550,3,7.0686086117,322528000.0000000000,24
1550,4,7.3618892750,330009328.0000000000,26
1550,5,10.3564072426,413447408.0000000000,30
1550,6,12.2015525297,474026128.0000000000,31
1550,7,11.1012733617,448216624.0000000000,29
1550,8,13.6703512769,580422080.0000000000,2
1550,9,13.9302347128,585641200.0000000000,0
1550,10,14.6878633952,608332144.0000000000,4
1550,11,16.0317597839,655756080.0000000000,5
1550,12,16.0633394465,653056320.0000000000,11
1550,13,13.4327908629,559017888.0000000000,15
1550,14,12.5473623791,533552272.0000000000,17
1550,15,12.4958428263,532948048.0000000000,21
1550,16,13.4550488332,575256512.0000000000,1
1550,17,13.4653469941,575416176.0000000000,8
1550,18,13.4659687591,575423216.0000000000,10
1550,19,13.4504525212,575419936.0000000000,7
1550,20,13.4506236924,575421440.0000000000,14
1550,21,12.5613824938,537103824.0000000000,19
1550,22,12.5691547879,537105808.0000000000,23
1550,23,12.5651398500,536942224.0000000000,18
1550,24,13.4597271498,575005648.0000000000,13
1550,25,13.4653341865,575433536.0000000000,3
1550,26,13.4768726284,575431024.0000000000,9
1550,27,13.4573778477,575409952.0000000000,6
1550,28,13.4611320701,575417360.0000000000,12
1550,29,12.5731444942,537135104.0000000000,16
1550,30,12.5931410142,537075184.0000000000,20
1550,31,12.5786663047,536685120.0000000000,22
1550,32,7.8693266290,349505040.0000000000,33
1550,33,7.8731108757,350052864.0000000000,36
1550,34,7.8784013890,350046512.0000000000,34
1550,35,7.8787180176,350055120.0000000000,32
1550,36,7.8791454313,350057696.0000000000,35
1550,37,7.3783398512,326745904.0000000000,37
1550,38,7.3834823404,326788784.0000000000,38
1550,39,7.3515953834,326212848.0000000000,39
1550,40,0.8541130233,72102448.0000000000,45
1550,41,0.8555223066,72102448.0000000000,47
1550,42,0.8569515302,72102448.0000000000,54
1550,43,0.8536173029,72102448.0000000000,44
1550,44,0.8559282814,72102448.0000000000,54
1550,45,0.8136980799,67341360.0000000000,42
1550,46,0.8126696346,67341360.0000000000,41
1550,47,0.8111913854,67341360.0000000000,45
1550,48,0.8565578504,72102448.0000000000,51
1550,49,0.8556245030,72102448.0000000000,51
1550,50,0.8553938238,72102448.0000000000,49
1550,51,0.8549163420,72102448.0000000000,48
1550,52,0.8544454283,72102448.0000000000,50
1550,53,0.8123544931,67341360.0000000000,41
1550,54,0.8114767593,67341360.0000000000,44
1550,55,0.8136675352,67341360.0000000000,43
1550,56,0.8538858140,72102448.0000000000,48
1550,57,0.8535721484,72102448.0000000000,50
1550,58,0.8544036253,72102448.0000000000,49
1550,59,0.8543726136,72102448.0000000000,52
1550,60,0.8552081884,72102448.0000000000,53
1550,61,0.8111977758,67341360.0000000000,45
1550,62,0.8127028688,67341360.0000000000,46
1550,63,0.8118247048,67341360.0000000000,46
1550,64,0.8727157829,72102448.0000000000,40
1550,65,0.8550429677,72102448.0000000000,41
1550,66,0.8554605878,72102448.0000000000,55
1550,67,0.8535444086,72102448.0000000000,46
1550,68,0.8542063900,72102448.0000000000,53
1550,69,0.8112679419,67341360.0000000000,44
1550,70,0.8123733163,67341360.0000000000,42
1550,71,0.8118571163,67341360.0000000000,47
1550,72,0.8543015353,72102448.0000000000,42
1550,73,0.8721738621,72102448.0000000000,40
1550,74,0.8546243262,72102448.0000000000,55
1550,75,0.8535566279,72102448.0000000000,52
1550,76,0.8544924271,72102448.0000000000,43
1550,77,0.8130367091,67341360.0000000000,43
1550,78,0.8287719650,67341360.0000000000,40
1550,79,0.8119907054,67341360.0000000000,47
1550,80,0.7804288661,63170096.0000000000,35
1550,81,0.7669639563,63170096.0000000000,54
1550,82,0.7634609240,63170096.0000000000,53
1550,83,0.7647799987,63170096.0000000000,48
1550,84,0.7646407183,63170096.0000000000,50
1550,85,0.7213530271,58998832.0000000000,30
1550,86,0.7234653610,58998832.0000000000,27
1550,87,0.7231720569,58998832.0000000000,31
1550,88,0.7798082919,63170096.0000000000,37
1550,89,0.7776149955,63170096.0000000000,39
1550,90,0.7793027040,63170096.0000000000,29
1550,91,0.7826118266,63170096.0000000000,34
1550,92,0.7798856893,63170096.0000000000,38
1550,93,0.7232279678,58998832.0000000000,27
1550,94,0.7205135069,58998832.0000000000,25
1550,95,0.7230320605,58998832.0000000000,31
1550,96,0.7651475440,63170096.0000000000,49
1550,97,0.7800369092,63170096.0000000000,36
1550,98,0.7794524105,63170096.0000000000,33
1550,99,0.7664403436,63170096.0000000000,51
1550,100,0.7810026989,63170096.0000000000,32
1550,101,0.7219610735,58998832.0000000000,26
1550,102,0.7227389618,58998832.0000000000,24
1550,103,0.7254020987,58998832.0000000000,28
1550,104,0.7810619269,63170096.0000000000,32
1550,105,0.7794522421,63170096.0000000000,38
1550,106,0.7825322674,63170096.0000000000,34
1550,107,0.7647398690,63170096.0000000000,55
1550,108,0.7798762198,63170096.0000000000,36
1550,109,0.7215835637,58998832.0000000000,26
1550,110,0.7211375563,58998832.0000000000,30
1550,111,0.7226563065,58998832.0000000000,24
1550,112,0.7804853874,63170096.0000000000,35
1550,113,0.7643273728,63170096.0000000000,52
1550,114,0.7792809826,63170096.0000000000,33
1550,115,0.7777700187,63170096.0000000000,39
1550,116,0.7794880068,63170096.0000000000,37
1550,117,0.7214322650,58998832.0000000000,29
1550,118,0.7201644368,58998832.0000000000,25
1550,119,0.7255618291,58998832.0000000000,28
1600,0,0.3251741920,434281424.0000000000,27
1600,1,0.3166917720,420353280.0000000000,28
1600,2,0.2554667600,366848160.0000000000,25
1600,3,0.1859248310,302099520.0000000000,24
1600,4,0.1892696070,305831536.0000000000,26
1600,5,0.3014954630,398821760.0000000000,30
1600,6,0.3840445550,476711664.0000000000,31
1600,7,0.3481344490,449819008.0000000000,29
1600,8,0.4275817820,580944672.0000000000,2
1600,9,0.4353568030,585697616.0000000000,0
1600,10,0.4830429130,626812368.0000000000,4
1600,11,0.5277241420,668926832.0000000000,5
1600,12,0.5283093750,667278640.0000000000,11
1600,13,0.4329559490,568837152.0000000000,15
1600,14,0.3899628830,532664784.0000000000,17
1600,15,0.3885779390,532304816.0000000000,21
1600,16,0.4181487750,575257616.0000000000,1
1600,17,0.4183496500,575417696.0000000000,8
1600,18,0.4184018420,575421792.0000000000,10
1600,19,0.4178449220,575421040.0000000000,7
1600,20,0.4178999740,575418928.0000000000,14
1600,21,0.3903265650,537106432.0000000000,19
1600,22,0.3906784240,537109136.0000000000,23
1600,23,0.3903312430,536942224.0000000000,18
1600,24,0.4182195610,574995696.0000000000,13
1600,25,0.4186098800,575429792.0000000000,3
1600,26,0.4187961260,575432144.0000000000,9
1600,27,0.4182733420,575406720.0000000000,6
1600,28,0.4183330890,575413200.0000000000,12
1600,29,0.3905154980,537140608.0000000000,16
1600,30,0.3912942020,537071600.0000000000,20
1600,31,0.3909258510,536670096.0000000000,22
1600,32,0.2442912900,349484240.0000000000,33
1600,33,0.2444224660,350057184.0000000000,36
1600,34,0.2446333520,350043456.0000000000,34
1600,35,0.2446170720,350059072.0000000000,32
1600,36,0.2446867790,350056288.0000000000,35
1600,37,0.2292047530,326744544.0000000000,37
1600,38,0.2292561740,326791488.0000000000,38
1600,39,0.2282166740,326197296.0000000000,39
1600,40,0.0261864590,72102448.0000000000,45
1600,41,0.0262178580,72102448.0000000000,47
1600,42,0.0262626930,72102448.0000000000,54
1600,43,0.0261577020,72102448.0000000000,44
1600,44,0.0261986180,72102448.0000000000,54
1600,45,0.0249097930,67341360.0000000000,42
1600,46,0.0248924300,67341360.0000000000,41
1600,47,0.0248572030,67341360.0000000000,45
1600,48,0.0262480240,72102448.0000000000,51
1600,49,0.0262159450,72102448.0000000000,51
1600,50,0.0262049450,72102448.0000000000,49
1600,51,0.0261799020,72102448.0000000000,48
1600,52,0.0261553080,72102448.0000000000,50
1600,53,0.0248675510,67341360.0000000000,41
1600,54,0.0248377060,67341360.0000000000,44
1600,55,0.0249236810,67341360.0000000000,43
1600,56,0.0261358400,72102448.0000000000,48
1600,57,0.0261215610,72102448.0000000000,50
1600,58,0.0262165170,72102448.0000000000,49
1600,59,0.0261627190,72102448.0000000000,52
1600,60,0.0261508670,72102448.0000000000,53
1600,61,0.0248774940,67341360.0000000000,45
1600,62,0.0248362740,67341360.0000000000,46
1600,63,0.0248534860,67341360.0000000000,46
1600,64,0.0267113790,72102448.0000000000,40
1600,65,0.0262399960,72102448.0000000000,41
1600,66,0.0261861750,72102448.0000000000,55
1600,67,0.0261254300,72102448.0000000000,46
1600,68,0.0261471100,72102448.0000000000,53
1600,69,0.0248558100,67341360.0000000000,44
1600,70,0.0248865480,67341360.0000000000,42
1600,71,0.0248825030,67341360.0000000000,47
1600,72,0.0261527580,72102448.0000000000,42
1600,73,0.0266817920,72102448.0000000000,40
1600,74,0.0261753840,72102448.0000000000,55
1600,75,0.0261059190,72102448.0000000000,52
1600,76,0.0262190470,72102448.0000000000,43
1600,77,0.0249208430,67341360.0000000000,43
1600,78,0.0253166890,67341360.0000000000,40
1600,79,0.0248749990,67341360.0000000000,47
1600,80,0.0239117690,63170096.0000000000,35
1600,81,0.0234921770,63170096.0000000000,54
1600,82,0.0233300140,63170096.0000000000,53
1600,83,0.0234305320,63170096.0000000000,48
1600,84,0.0234340500,63170096.0000000000,50
1600,85,0.0221128840,58998832.0000000000,30
1600,86,0.0221440490,58998832.0000000000,27
1600,87,0.0221488950,58998832.0000000000,31
1600,88,0.0238643140,63170096.0000000000,37
1600,89,0.0238370390,63170096.0000000000,39
1600,90,0.0238842890,63170096.0000000000,29
1600,91,0.0239740700,63170096.0000000000,34
1600,92,0.0238545950,63170096.0000000000,38
1600,93,0.0221369860,58998832.0000000000,27
1600,94,0.0220698780,58998832.0000000000,25
1600,95,0.0221365810,58998832.0000000000,31
1600,96,0.0234653700,63170096.0000000000,49
1600,97,0.0238974780,63170096.0000000000,36
1600,98,0.0238457930,63170096.0000000000,33
1600,99,0.0234759020,63170096.0000000000,51
1600,100,0.0239156660,63170096.0000000000,32
1600,101,0.0221077580,58998832.0000000000,26
1600,102,0.0221297920,58998832.0000000000,24
1600,103,0.0222261830,58998832.0000000000,28
1600,104,0.0239195040,63170096.0000000000,32
1600,105,0.0238897240,63170096.0000000000,38
1600,106,0.0239778560,63170096.0000000000,34
1600,107,0.0234314900,63170096.0000000000,55
1600,108,0.0238722500,63170096.0000000000,36
1600,109,0.0221092810,58998832.0000000000,26
1600,110,0.0221158600,58998832.0000000000,30
1600,111,0.0220788930,58998832.0000000000,24
1600,112,0.0239029230,63170096.0000000000,35
1600,113,0.0234472500,63170096.0000000000,52
1600,114,0.0238457200,63170096.0000000000,33
1600,115,0.0237972760,63170096.0000000000,39
1600,116,0.0238546560,63170096.0000000000,37
1600,117,0.0220843670,58998832.0000000000,29
1600,118,0.0220504070,58998832.0000000000,25
1600,119,0.0221897220,58998832.0000000000,28
1650,0,10.4604630465,433367504.0000000000,27
1650,1,10.1522054572,418019744.0000000000,28
1650,2,7.7731946092,345992912.0000000000,25
1650,3,5.9454661500,299746848.0000000000,24
1650,4,5.9655104526,299397680.0000000000,26
1650,5,9.4404957840,386114128.0000000000,30
1650,6,12.4228401710,479863344.0000000000,31
1650,7,11.2458743746,451001840.0000000000,29
1650,8,13.7703637545,581410704.0000000000,2
1650,9,14.0849215470,589642592.0000000000,0
1650,10,15.8397174613,639521568.0000000000,4
1650,11,17.0018121818,670039744.0000000000,5
1650,12,17.0857550840,670311264.0000000000,11
1650,13,14.1256527225,577334256.0000000000,15
1650,14,12.5461709032,532126160.0000000000,17
1650,15,12.4901597372,531745328.0000000000,21
1650,16,13.4567818798,575254448.0000000000,1
1650,17,13.4667384459,575419552.0000000000,8
1650,18,13.4668843536,575421376.0000000000,10
1650,19,13.4506804228,575416672.0000000000,7
1650,20,13.4493735357,575425536.0000000000,14
1650,21,12.5610029642,537108208.0000000000,19
1650,22,12.5702967223,537103824.0000000000,23
1650,23,12.5650395496,536942368.0000000000,18
1650,24,13.4597494550,574986208.0000000000,13
1650,25,13.4665613719,575430688.0000000000,3
1650,26,13.4772550772,575426192.0000000000,9
1650,27,13.4563529498,575406352.0000000000,6
1650,28,13.4615893040,575414224.0000000000,12
1650,29,12.5729441148,537135040.0000000000,16
1650,30,12.5925110777,537077088.0000000000,20
1650,31,12.5791807465,536660352.0000000000,22
1650,32,7.8685478215,349463408.0000000000,33
1650,33,7.8721119969,350060752.0000000000,36
1650,34,7.8783140936,350044960.0000000000,34
1650,35,7.8785630266,350060928.0000000000,32
1650,36,7.8791349008,350057200.0000000000,35
1650,37,7.3779846504,326742272.0000000000,37
1650,38,7.3827167894,326794064.0000000000,38
1650,39,7.3510656767,326179360.0000000000,39
1650,40,0.8540586377,72102448.0000000000,45
1650,41,0.8557664317,72102448.0000000000,47
1650,42,0.8571425918,72102448.0000000000,54
1650,43,0.8537650949,72102448.0000000000,44
1650,44,0.8559519359,72102448.0000000000,54
1650,45,0.8136994293,67341360.0000000000,42
1650,46,0.8128695394,67341360.0000000000,41
1650,47,0.8112431471,67341360.0000000000,45
1650,48,0.8566222822,72102448.0000000000,51
1650,49,0.8555933516,72102448.0000000000,51
1650,50,0.8551506264,72102448.0000000000,49
1650,51,0.8550482734,72102448.0000000000,48
1650,52,0.8544446028,72102448.0000000000,50
1650,53,0.8120066172,67341360.0000000000,41
1650,54,0.8116248689,67341360.0000000000,44
1650,55,0.8137966608,67341360.0000000000,43
1650,56,0.8538253105,72102448.0000000000,48
1650,57,0.8535680087,72102448.0000000000,50
1650,58,0.8543178212,72102448.0000000000,49
1650,59,0.8545626343,72102448.0000000000,52
1650,60,0.8548851614,72102448.0000000000,53
1650,61,0.8112732619,67341360.0000000000,45
1650,62,0.8127070434,67341360.0000000000,46
1650,63,0.8119532028,67341360.0000000000,46
1650,64,0.8727770023,72102448.0000000000,40
1650,65,0.8550160796,72102448.0000000000,41
1650,66,0.8556349815,72102448.0000000000,55
1650,67,0.8534396443,72102448.0000000000,46
1650,68,0.8540560264,72102448.0000000000,53
1650,69,0.8115417741,67341360.0000000000,44
1650,70,0.8121277837,67341360.0000000000,42
1650,71,0.8118886830,67341360.0000000000,47
1650,72,0.8542462928,72102448.0000000000,42
1650,73,0.8721571005,72102448.0000000000,40
1650,74,0.8546291180,72102448.0000000000,55
1650,75,0.8537877905,72102448.0000000000,52
1650,76,0.8546248710,72102448.0000000000,43
1650,77,0.8129740230,67341360.0000000000,43
1650,78,0.8287210636,67341360.0000000000,40
1650,79,0.8117927250,67341360.0000000000,47
1650,80,0.7806749826,63170096.0000000000,35
1650,81,0.7668231659,63170096.0000000000,54
1650,82,0.7635243552,63170096.0000000000,53
1650,83,0.7650399041,63170096.0000000000,48
1650,84,0.7646091767,63170096.0000000000,50
1650,85,0.7215375127,58998832.0000000000,30
1650,86,0.7234679257,58998832.0000000000,27
1650,87,0.7231012285,58998832.0000000000,31
1650,88,0.7798179582,63170096.0000000000,37
1650,89,0.7776872038,63170096.0000000000,39
1650,90,0.7793202481,63170096.0000000000,29
1650,91,0.7824248327,63170096.0000000000,34
1650,92,0.7797767804,63170096.0000000000,38
1650,93,0.7232997226,58998832.0000000000,27
1650,94,0.7206668066,58998832.0000000000,25
1650,95,0.7230330554,58998832.0000000000,31
1650,96,0.7654937925,63170096.0000000000,49
1650,97,0.7799235931,63170096.0000000000,36
1650,98,0.7793930977,63170096.0000000000,33
1650,99,0.7664790163,63170096.0000000000,51
1650,100,0.7811165730,63170096.0000000000,32
1650,101,0.7218962856,58998832.0000000000,26
1650,102,0.7228850970,58998832.0000000000,24
1650,103,0.7253977958,58998832.0000000000,28
1650,104,0.7809862994,63170096.0000000000,32
1650,105,0.7796460252,63170096.0000000000,38
1650,106,0.7827352854,63170096.0000000000,34
1650,107,0.7649333502,63170096.0000000000,55
1650,108,0.7800640864,63170096.0000000000,36
1650,109,0.7214548328,58998832.0000000000,26
1650,110,0.7212959527,58998832.0000000000,30
1650,111,0.7226102777,58998832.0000000000,24
1650,112,0.7805018059,63170096.0000000000,35
1650,113,0.7643729714,63170096.0000000000,52
1650,114,0.7794112017,63170096.0000000000,33
1650,115,0.7776633755,63170096.0000000000,39
1650,116,0.7795134915,63170096.0000000000,37
1650,117,0.7213785200,58998832.0000000000,29
1650,118,0.7203888255,58998832.0000000000,25
1650,119,0.7254356109,58998832.0000000000,28
1700,0,0.3233341270,432219264.0000000000,27
1700,1,0.3094981990,414334528.0000000000,28
1700,2,0.2218947800,334094368.0000000000,25
1700,3,0.1858996520,300489776.0000000000,24
1700,4,0.1838871140,299260896.0000000000,26
1700,5,0.2806808590,378189424.0000000000,30
1700,6,0.3922346320,483535264.0000000000,31
1700,7,0.3512601430,451713440.0000000000,29
1700,8,0.4286134570,581904400.0000000000,2
1700,9,0.4454501500,594123264.0000000000,0
1700,10,0.5050580730,645243984.0000000000,4
1700,11,0.5288504070,669548240.0000000000,5
1700,12,0.5316506080,669360736.0000000000,11
1700,13,0.4482216340,581477136.0000000000,15
1700,14,0.3895484920,531656096.0000000000,17
1700,15,0.3873098010,531150720.0000000000,21
1700,16,0.4181710600,575255872.0000000000,1
1700,17,0.4183922460,575422128.0000000000,8
1700,18,0.4184819970,575421840.0000000000,10
1700,19,0.4179445980,575419520.0000000000,7
1700,20,0.4179054430,575419872.0000000000,14
1700,21,0.3903417320,537102832.0000000000,19
1700,22,0.3906946160,537101056.0000000000,23
1700,23,0.3903345290,536939760.0000000000,18
1700,24,0.4182034400,574974688.0000000000,13
1700,25,0.4185048240,575432640.0000000000,3
1700,26,0.4188375880,575421072.0000000000,9
1700,27,0.4181249500,575409456.0000000000,6
1700,28,0.4182210210,575417328.0000000000,12
1700,29,0.3908108990,537138704.0000000000,16
1700,30,0.3913005200,537078496.0000000000,20
1700,31,0.3909062930,536648608.0000000000,22
1700,32,0.2443630620,349446288.0000000000,33
1700,33,0.2444558800,350059472.0000000000,36
1700,34,0.2448005280,350047264.0000000000,34
1700,35,0.2445518970,350057632.0000000000,32
1700,36,0.2446257610,350054624.0000000000,35
1700,37,0.2290613010,326745632.0000000000,37
1700,38,0.2292184550,326792384.0000000000,38
1700,39,0.2281895380,326163216.0000000000,39
1700,40,0.0261446660,72102448.0000000000,45
1700,41,0.0261924480,72102448.0000000000,47
1700,42,0.0262145890,72102448.0000000000,54
1700,43,0.0261509190,72102448.0000000000,44
1700,44,0.0261977880,72102448.0000000000,54
1700,45,0.0248958760,67341360.0000000000,42
1700,46,0.0249297820,67341360.0000000000,41
1700,47,0.0248661840,67341360.0000000000,45
1700,48,0.0262408810,72102448.0000000000,51
1700,49,0.0262274870,72102448.0000000000,51
1700,50,0.0261836840,72102448.0000000000,49
1700,51,0.0261802180,72102448.0000000000,48
1700,52,0.0261697240,72102448.0000000000,50
1700,53,0.0248974280,67341360.0000000000,41
1700,54,0.0248200920,67341360.0000000000,44
1700,55,0.0249717200,67341360.0000000000,43
1700,56,0.0261764980,72102448.0000000000,48
1700,57,0.0261486960,72102448.0000000000,50
1700,58,0.0261338180,72102448.0000000000,49
1700,59,0.0261530410,72102448.0000000000,52
1700,60,0.0261752940,72102448.0000000000,53
1700,61,0.0248421830,67341360.0000000000,45
1700,62,0.0248910870,67341360.0000000000,46
1700,63,0.0248531450,67341360.0000000000,46
1700,64,0.0266877110,72102448.0000000000,40
1700,65,0.0261822130,72102448.0000000000,41
1700,66,0.0261743110,72102448.0000000000,55
1700,67,0.0261684430,72102448.0000000000,46
1700,68,0.0261514000,72102448.0000000000,53
1700,69,0.0248809910,67341360.0000000000,44
1700,70,0.0248608570,67341360.0000000000,42
1700,71,0.0248759990,67341360.0000000000,47
1700,72,0.0261654840,72102448.0000000000,42
1700,73,0.0267000450,72102448.0000000000,40
1700,74,0.0261440950,72102448.0000000000,55
1700,75,0.0260912720,72102448.0000000000,52
1700,76,0.0261718160,72102448.0000000000,43
1700,77,0.0248663180,67341360.0000000000,43
1700,78,0.0253873560,67341360.0000000000,40
1700,79,0.0248900950,67341360.0000000000,47
1700,80,0.0239083610,63170096.0000000000,35
1700,81,0.0234720620,63170096.0000000000,54
1700,82,0.0233906810,63170096.0000000000,53
1700,83,0.0234528460,63170096.0000000000,48
1700,84,0.0233858560,63170096.0000000000,50
1700,85,0.0220815950,58998832.0000000000,30
1700,86,0.0221325480,58998832.0000000000,27
1700,87,0.0221969860,58998832.0000000000,31
1700,88,0.0238696710,63170096.0000000000,37
1700,89,0.0238005370,63170096.0000000000,39
1700,90,0.0238544720,63170096.0000000000,29
1700,91,0.0239870750,63170096.0000000000,34
1700,92,0.0238893790,63170096.0000000000,38
1700,93,0.0221636680,58998832.0000000000,27
1700,94,0.0220440750,58998832.0000000000,25
1700,95,0.0221006820,58998832.0000000000,31
1700,96,0.0234053860,63170096.0000000000,49
1700,97,0.0239034160,63170096.0000000000,36
1700,98,0.0239033330,63170096.0000000000,33
1700,99,0.0234954390,63170096.0000000000,51
1700,100,0.0238948050,63170096.0000000000,32
1700,101,0.0221088710,58998832.0000000000,26
1700,102,0.0221491800,58998832.0000000000,24
1700,103,0.0221860140,58998832.0000000000,28
1700,104,0.0239496730,63170096.0000000000,32
1700,105,0.0238478280,63170096.0000000000,38
1700,106,0.0239709250,63170096.0000000000,34
1700,107,0.0234157580,63170096.0000000000,55
1700,108,0.0239321410,63170096.0000000000,36
1700,109,0.0220709580,58998832.0000000000,26
1700,110,0.0220671060,58998832.0000000000,30
1700,111,0.0220811590,58998832.0000000000,24
1700,112,0.0239531190,63170096.0000000000,35
1700,113,0.0234134550,63170096.0000000000,52
1700,114,0.0238596090,63170096.0000000000,33
1700,115,0.0237862400,63170096.0000000000,39
1700,116,0.0238540210,63170096.0000000000,37
1700,117,0.0220848610,58998832.0000000000,29
1700,118,0.0220562400,58998832.0000000000,25
1700,119,0.0222142210,58998832.0000000000,28
1750,0,10.3593089961,431065152.0000000000,27
1750,1,9.8797191290,410661376.0000000000,28
1750,2,6.9938369272,327411664.0000000000,25
1750,3,6.0096208966,301906432.0000000000,24
1750,4,5.9640904363,300548720.0000000000,26
1750,5,8.9934122496,376424368.0000000000,30
1750,6,12.6792959522,487408320.0000000000,31
1750,7,11.2800535393,452082048.0000000000,29
1750,8,13.7963628782,582542016.0000000000,2
1750,9,14.4204541794,598893680.0000000000,0
1750,10,16.3033858148,647667664.0000000000,4
1750,11,16.9887398392,668398960.0000000000,5
1750,12,17.0534348665,667367952.0000000000,11
1750,13,14.4122522129,581234400.0000000000,15
1750,14,12.5276979710,531227888.0000000000,17
1750,15,12.4472669334,530604224.0000000000,21
1750,16,13.4546707437,575254000.0000000000,1
1750,17,13.4658638291,575418576.0000000000,8
1750,18,13.4665447881,575426928.0000000000,10
1750,19,13.4502200802,575420048.0000000000,7
1750,20,13.4489989675,575418384.0000000000,14
1750,21,12.5602388942,537101200.0000000000,19
1750,22,12.5711855374,537109088.0000000000,23
1750,23,12.5657167960,536934960.0000000000,18
1750,24,13.4586693088,574964288.0000000000,13
1750,25,13.4654344392,575430896.0000000000,3
1750,26,13.4760858949,575427344.0000000000,9
1750,27,13.4564225479,575407136.0000000000,6
1750,28,13.4615272250,575416832.0000000000,12
1750,29,12.5742582401,537139664.0000000000,16
1750,30,12.5921453524,537075744.0000000000,20
1750,31,12.5773915420,536634304.0000000000,22
1750,32,7.8673248052,349428800.0000000000,33
1750,33,7.8724097441,350062496.0000000000,36
1750,34,7.8777176461,350041760.0000000000,34
1750,35,7.8784807644,350057440.0000000000,32
1750,36,7.8786227556,350054928.0000000000,35
1750,37,7.3792174152,326744784.0000000000,37
1750,38,7.3838524074,326797536.0000000000,38
1750,39,7.3507510951,326143440.0000000000,39
1750,40,0.8540350453,72102448.0000000000,45
1750,41,0.8556375996,72102448.0000000000,47
1750,42,0.8568757772,72102448.0000000000,54
1750,43,0.8538117627,72102448.0000000000,44
1750,44,0.8561000414,72102448.0000000000,54
1750,45,0.8137587566,67341360.0000000000,42
1750,46,0.8130617899,67341360.0000000000,41
1750,47,0.8117119509,67341360.0000000000,45
1750,48,0.8565600798,72102448.0000000000,51
1750,49,0.8556108967,72102448.0000000000,51
1750,50,0.8551905508,72102448.0000000000,49
1750,51,0.8548557606,72102448.0000000000,48
1750,52,0.8544789916,72102448.0000000000,50
1750,53,0.8122938746,67341360.0000000000,41
1750,54,0.8115770068,67341360.0000000000,44
1750,55,0.8139319012,67341360.0000000000,43
1750,56,0.8538775191,72102448.0000000000,48
1750,57,0.8537639188,72102448.0000000000,50
1750,58,0.8543765730,72102448.0000000000,49
1750,59,0.8544865807,72102448.0000000000,52
1750,60,0.8549581939,72102448.0000000000,53
1750,61,0.8112905795,67341360.0000000000,45
1750,62,0.8130682198,67341360.0000000000,46
1750,63,0.8119032841,67341360.0000000000,46
1750,64,0.8728247072,72102448.0000000000,40
1750,65,0.8550329639,72102448.0000000000,41
1750,66,0.8555551314,72102448.0000000000,55
1750,67,0.8534489774,72102448.0000000000,46
1750,68,0.8542675845,72102448.0000000000,53
1750,69,0.8114944280,67341360.0000000000,44
1750,70,0.8124276852,67341360.0000000000,42
1750,71,0.8122695381,67341360.0000000000,47
1750,72,0.8544405126,72102448.0000000000,42
1750,73,0.8723369019,72102448.0000000000,40
1750,74,0.8546209566,72102448.0000000000,55
1750,75,0.8535582534,72102448.0000000000,52
1750,76,0.8546448537,72102448.0000000000,43
1750,77,0.8128860934,67341360.0000000000,43
1750,78,0.8292116960,67341360.0000000000,40
1750,79,0.8120346608,67341360.0000000000,47
1750,80,0.7807503789,63170096.0000000000,35
1750,81,0.7668117935,63170096.0000000000,54
1750,82,0.7635899482,63170096.0000000000,53
1750,83,0.7646754933,63170096.0000000000,48
1750,84,0.7647899922,63170096.0000000000,50
1750,85,0.7214908672,58998832.0000000000,30
1750,86,0.7236431114,58998832.0000000000,27
1750,87,0.7232543486,58998832.0000000000,31
1750,88,0.7795636321,63170096.0000000000,37
1750,89,0.7778992915,63170096.0000000000,39
1750,90,0.7792809144,63170096.0000000000,29
1750,91,0.7827729970,63170096.0000000000,34
1750,92,0.7796935573,63170096.0000000000,38
1750,93,0.7233416753,58998832.0000000000,27
1750,94,0.7204810209,58998832.0000000000,25
1750,95,0.7230375062,58998832.0000000000,31
1750,96,0.7655271276,63170096.0000000000,49
1750,97,0.7797553082,63170096.0000000000,36
1750,98,0.7796005065,63170096.0000000000,33
1750,99,0.7662215286,63170096.0000000000,51
1750,100,0.7807066293,63170096.0000000000,32
1750,101,0.7219835229,58998832.0000000000,26
1750,102,0.7227744540,58998832.0000000000,24
1750,103,0.7254400956,58998832.0000000000,28
1750,104,0.7811584859,63170096.0000000000,32
1750,105,0.7796946198,63170096.0000000000,38
1750,106,0.7825306169,63170096.0000000000,34
1750,107,0.7648887395,63170096.0000000000,55
1750,108,0.7797825389,63170096.0000000000,36
1750,109,0.7217240446,58998832.0000000000,26
1750,110,0.7213728438,58998832.0000000000,30
1750,111,0.7227639366,58998832.0000000000,24
1750,112,0.7803780515,63170096.0000000000,35
1750,113,0.7644535082,63170096.0000000000,52
1750,114,0.7792662993,63170096.0000000000,33
1750,115,0.7775035546,63170096.0000000000,39
1750,116,0.7794207421,63170096.0000000000,37
1750,117,0.7213706882,58998832.0000000000,29
1750,118,0.7202309500,58998832.0000000000,25
1750,119,0.7251075103,58998832.0000000000,28
1800,0,0.3180854610,429684736.0000000000,27
1800,1,0.2979949780,405319808.0000000000,28
1800,2,0.2078441220,321272656.0000000000,25
1800,3,0.1871796400,302349616.0000000000,24
1800,4,0.1867892030,301865504.0000000000,26
1800,5,0.2799954400,377188320.0000000000,30
1800,6,0.3985358620,491032464.0000000000,31
1800,7,0.3479418200,452401712.0000000000,29
1800,8,0.4276933320,583558976.0000000000,2
1800,9,0.4538299420,604755648.0000000000,0
1800,10,0.5082204400,649261872.0000000000,4
1800,11,0.5270924010,667608704.0000000000,5
1800,12,0.5277911410,665120528.0000000000,11
1800,13,0.4440199850,578634000.0000000000,15
1800,14,0.3869447980,530789024.0000000000,17
1800,15,0.3846277060,530006048.0000000000,21
1800,16,0.4182180960,575252336.0000000000,1
1800,17,0.4183934430,575420112.0000000000,8
1800,18,0.4183844160,575423440.0000000000,10
1800,19,0.4179925130,575420704.0000000000,7
1800,20,0.4179494750,575423280.0000000000,14
1800,21,0.3904652300,537100064.0000000000,19
1800,22,0.3905463600,537105856.0000000000,23
1800,23,0.3903595160,536937056.0000000000,18
1800,24,0.4183586050,574947936.0000000000,13
1800,25,0.4183918000,575425696.0000000000,3
1800,26,0.4188285470,575431520.0000000000,9
1800,27,0.4181120740,575406016.0000000000,6
1800,28,0.4182580610,575415680.0000000000,12
1800,29,0.3908478490,537138880.0000000000,16
1800,30,0.3914109720,537080560.0000000000,20
1800,31,0.3910094260,536618800.0000000000,22
1800,32,0.2443822160,349411584.0000000000,33
1800,33,0.2445004660,350069440.0000000000,36
1800,34,0.2445874950,350040800.0000000000,34
1800,35,0.2447843960,350057872.0000000000,32
1800,36,0.2445827950,350050496.0000000000,35
1800,37,0.2292244980,326748240.0000000000,37
1800,38,0.2292837010,326797600.0000000000,38
1800,39,0.2283160740,326123248.0000000000,39
1800,40,0.0261447980,72102448.0000000000,45
1800,41,0.0262173570,72102448.0000000000,47
1800,42,0.0262446170,72102448.0000000000,54
1800,43,0.0261731340,72102448.0000000000,44
1800,44,0.0262400890,72102448.0000000000,54
1800,45,0.0249381910,67341360.0000000000,42
1800,46,0.0249067790,67341360.0000000000,41
1800,47,0.0248344580,67341360.0000000000,45
1800,48,0.0262440460,72102448.0000000000,51
1800,49,0.0261889830,72102448.0000000000,51
1800,50,0.0262275160,72102448.0000000000,49
1800,51,0.0261930400,72102448.0000000000,48
1800,52,0.0261942530,72102448.0000000000,50
1800,53,0.0248592170,67341360.0000000000,41
1800,54,0.0248368950,67341360.0000000000,44
1800,55,0.0249526470,67341360.0000000000,43
1800,56,0.0261345690,72102448.0000000000,48
1800,57,0.0261091500,72102448.0000000000,50
1800,58,0.0261780820,72102448.0000000000,49
1800,59,0.0261581110,72102448.0000000000,52
1800,60,0.0262039380,72102448.0000000000,53
1800,61,0.0248833260,67341360.0000000000,45
1800,62,0.0249242340,67341360.0000000000,46
1800,63,0.0248822420,67341360.0000000000,46
1800,64,0.0267220120,72102448.0000000000,40
1800,65,0.0262057610,72102448.0000000000,41
1800,66,0.0262142990,72102448.0000000000,55
1800,67,0.0261574620,72102448.0000000000,46
1800,68,0.0261873570,72102448.0000000000,53
1800,69,0.0248489700,67341360.0000000000,44
1800,70,0.0248751500,67341360.0000000000,42
1800,71,0.0248704010,67341360.0000000000,47
1800,72,0.0262413810,72102448.0000000000,42
1800,73,0.0266645400,72102448.0000000000,40
1800,74,0.0261833490,72102448.0000000000,55
1800,75,0.0261280640,72102448.0000000000,52
1800,76,0.0261944390,72102448.0000000000,43
1800,77,0.0249199570,67341360.0000000000,43
1800,78,0.0253840920,67341360.0000000000,40
1800,79,0.0248946670,67341360.0000000000,47
1800,80,0.0238986550,63170096.0000000000,35
1800,81,0.0234994600,63170096.0000000000,54
1800,82,0.0233669950,63170096.0000000000,53
1800,83,0.0233760990,63170096.0000000000,48
1800,84,0.0234321550,63170096.0000000000,50
1800,85,0.0221140580,58998832.0000000000,30
1800,86,0.0221339380,58998832.0000000000,27
1800,87,0.0221399070,58998832.0000000000,31
1800,88,0.0238957630,63170096.0000000000,37
1800,89,0.0238455840,63170096.0000000000,39
1800,90,0.0238606830,63170096.0000000000,29
1800,91,0.0239494810,63170096.0000000000,34
1800,92,0.0238283930,63170096.0000000000,38
1800,93,0.0221161450,58998832.0000000000,27
1800,94,0.0221273780,58998832.0000000000,25
1800,95,0.0221593640,58998832.0000000000,31
1800,96,0.0234497900,63170096.0000000000,49
1800,97,0.0238616170,63170096.0000000000,36
1800,98,0.0238477540,63170096.0000000000,33
1800,99,0.0234658620,63170096.0000000000,51
1800,100,0.0239528990,63170096.0000000000,32
1800,101,0.0220865250,58998832.0000000000,26
1800,102,0.0221560110,58998832.0000000000,24
1800,103,0.0221997530,58998832.0000000000,28
1800,104,0.0239333230,63170096.0000000000,32
1800,105,0.0238716090,63170096.0000000000,38
1800,106,0.0239441710,63170096.0000000000,34
1800,107,0.0234813050,63170096.0000000000,55
1800,108,0.0239001930,63170096.0000000000,36
1800,109,0.0220730230,58998832.0000000000,26
1800,110,0.0221020120,58998832.0000000000,30
1800,111,0.0220754870,58998832.0000000000,24
1800,112,0.0239347130,63170096.0000000000,35
1800,113,0.0234068130,63170096.0000000000,52
1800,114,0.0238333170,63170096.0000000000,33
1800,115,0.0238317990,63170096.0000000000,39
1800,116,0.0238488350,63170096.0000000000,37
1800,117,0.0221000700,58998832.0000000000,29
1800,118,0.0220501870,58998832.0000000000,25
1800,119,0.0222225270,58998832.0000000000,28
1850,0,10.2493678524,427998608.0000000000,27
1850,1,9.4878420423,399359616.0000000000,28
1850,2,6.5430716513,314775424.0000000000,25
1850,3,6.0160388604,301205328.0000000000,24
1850,4,6.0074840594,301147728.0000000000,26
1850,5,8.9841407983,376017840.0000000000,30
1850,6,12.9081300534,494107504.0000000000,31
1850,7,11.2659874217,452951280.0000000000,29
1850,8,13.8471724285,585543280.0000000000,2
1850,9,14.7998414049,610850576.0000000000,0
1850,10,16.4458987643,652472016.0000000000,4
1850,11,16.9206464439,668484096.0000000000,5
1850,12,16.9358244976,665404208.0000000000,11
1850,13,14.2410727825,578151296.0000000000,15
1850,14,12.4462341517,530420512.0000000000,17
1850,15,12.3913638008,529440976.0000000000,21
1850,16,13.4567267993,575250208.0000000000,1
1850,17,13.4670989824,575421616.0000000000,8
1850,18,13.4668915817,575418752.0000000000,10
1850,19,13.4505948550,575424112.0000000000,7
1850,20,13.4495726210,575424832.0000000000,14
1850,21,12.5616011877,537104384.0000000000,19
1850,22,12.5709443593,537105072.0000000000,23
1850,23,12.5649779328,536941200.0000000000,18
1850,24,13.4583327954,574942704.0000000000,13
1850,25,13.4658973799,575421536.0000000000,3
1850,26,13.4759594887,575433424.0000000000,9
1850,27,13.4577861331,575405536.0000000000,6
1850,28,13.4602371723,575414256.0000000000,12
1850,29,12.5745009512,537136752.0000000000,16
1850,30,12.5920655839,537082320.0000000000,20
1850,31,12.5774173745,536606416.0000000000,22
1850,32,7.8672384874,349392496.0000000000,33
1850,33,7.8732796085,350071936.0000000000,36
1850,34,7.8777011332,350041664.0000000000,34
1850,35,7.8783250767,350056624.0000000000,32
1850,36,7.8783641281,350049952.0000000000,35
1850,37,7.3786016952,326750112.0000000000,37
1850,38,7.3826768120,326794544.0000000000,38
1850,39,7.3493269007,326108160.0000000000,39
1850,40,0.8541373722,72102448.0000000000,45
1850,41,0.8555202249,72102448.0000000000,47
1850,42,0.8569289417,72102448.0000000000,54
1850,43,0.8541347231,72102448.0000000000,44
1850,44,0.8560410349,72102448.0000000000,54
1850,45,0.8136246245,67341360.0000000000,42
1850,46,0.8128429038,67341360.0000000000,41
1850,47,0.8113503887,67341360.0000000000,45
1850,48,0.8564562249,72102448.0000000000,51
1850,49,0.8557494289,72102448.0000000000,51
1850,50,0.8552406136,72102448.0000000000,49
1850,51,0.8549896791,72102448.0000000000,48
1850,52,0.8546519434,72102448.0000000000,50
1850,53,0.8122357102,67341360.0000000000,41
1850,54,0.8117331938,67341360.0000000000,44
1850,55,0.8138726026,67341360.0000000000,43
1850,56,0.8538212395,72102448.0000000000,48
1850,57,0.8533279230,72102448.0000000000,50
1850,58,0.8545008920,72102448.0000000000,49
1850,59,0.8545215463,72102448.0000000000,52
1850,60,0.8551463395,72102448.0000000000,53
1850,61,0.8112700830,67341360.0000000000,45
1850,62,0.8125523753,67341360.0000000000,46
1850,63,0.8122999089,67341360.0000000000,46
1850,64,0.8728326133,72102448.0000000000,40
1850,65,0.8551521384,72102448.0000000000,41
1850,66,0.8556897981,72102448.0000000000,55
1850,67,0.8533943378,72102448.0000000000,46
1850,68,0.8541018318,72102448.0000000000,53
1850,69,0.8114806492,67341360.0000000000,44
1850,70,0.8127635906,67341360.0000000000,42
1850,71,0.8118450700,67341360.0000000000,47
1850,72,0.8547596371,72102448.0000000000,42
1850,73,0.8724842786,72102448.0000000000,40
1850,74,0.8546412636,72102448.0000000000,55
1850,75,0.8535274330,72102448.0000000000,52
1850,76,0.8544399609,72102448.0000000000,43
1850,77,0.8130371709,67341360.0000000000,43
1850,78,0.8286929872,67341360.0000000000,40
1850,79,0.8119410409,67341360.0000000000,47
1850,80,0.7805459330,63170096.0000000000,35
1850,81,0.7668195011,63170096.0000000000,54
1850,82,0.7634891059,63170096.0000000000,53
1850,83,0.7647011766,63170096.0000000000,48
1850,84,0.7646284002,63170096.0000000000,50
1850,85,0.7209813978,58998832.0000000000,30
1850,86,0.7235721580,58998832.0000000000,27
1850,87,0.7231490242,58998832.0000000000,31
1850,88,0.7796321813,63170096.0000000000,37
1850,89,0.7778136206,63170096.0000000000,39
1850,90,0.7792659634,63170096.0000000000,29
1850,91,0.7825239973,63170096.0000000000,34
1850,92,0.7795879837,63170096.0000000000,38
1850,93,0.7236288991,58998832.0000000000,27
1850,94,0.7203996432,58998832.0000000000,25
1850,95,0.7229078244,58998832.0000000000,31
1850,96,0.7656382348,63170096.0000000000,49
1850,97,0.7798384720,63170096.0000000000,36
1850,98,0.7794298170,63170096.0000000000,33
1850,99,0.7662110423,63170096.0000000000,51
1850,100,0.7811119278,63170096.0000000000,32
1850,101,0.7216240934,58998832.0000000000,26
1850,102,0.7225510685,58998832.0000000000,24
1850,103,0.7252938401,58998832.0000000000,28
1850,104,0.7810628213,63170096.0000000000,32
1850,105,0.7794170967,63170096.0000000000,38
1850,106,0.7823440535,63170096.0000000000,34
1850,107,0.7647514915,63170096.0000000000,55
1850,108,0.7798594886,63170096.0000000000,36
1850,109,0.7216744950,58998832.0000000000,26
1850,110,0.7212075276,58998832.0000000000,30
1850,111,0.7225765789,58998832.0000000000,24
1850,112,0.7805043539,63170096.0000000000,35
1850,113,0.7642486189,63170096.0000000000,52
1850,114,0.7792324609,63170096.0000000000,33
1850,115,0.7775409659,63170096.0000000000,39
1850,116,0.7794528351,63170096.0000000000,37
1850,117,0.7213394896,58998832.0000000000,29
1850,118,0.7200057608,58998832.0000000000,25
1850,119,0.7249550715,58998832.0000000000,28
1900,0,0.3168726010,425263792.0000000000,27
1900,1,0.2886752050,394704160.0000000000,28
1900,2,0.1934704470,308628384.0000000000,25
1900,3,0.1840617020,299630288.0000000000,24
1900,4,0.1840271130,299532176.0000000000,26
1900,5,0.2733403710,370555728.0000000000,30
1900,6,0.4076369060,496378448.0000000000,31
1900,7,0.3555378030,453895408.0000000000,29
1900,8,0.4366206570,588674688.0000000000,2
1900,9,0.4689475920,614717152.0000000000,0
1900,10,0.5198635920,656840800.0000000000,4
1900,11,0.5293887280,669325104.0000000000,5
1900,12,0.5293302540,666660848.0000000000,11
1900,13,0.4479120710,580709712.0000000000,15
1900,14,0.3876039330,530055392.0000000000,17
1900,15,0.3848136090,528830976.0000000000,21
1900,16,0.4181684580,575251440.0000000000,1
1900,17,0.4182902520,575419312.0000000000,8
1900,18,0.4184744910,575416288.0000000000,10
1900,19,0.4178054460,575423264.0000000000,7
1900,20,0.4179875060,575418000.0000000000,14
1900,21,0.3903413040,537106320.0000000000,19
1900,22,0.3905340810,537104720.0000000000,23
1900,23,0.3904255370,536936128.0000000000,18
1900,24,0.4182073380,574935328.0000000000,13
1900,25,0.4187604550,575425056.0000000000,3
1900,26,0.4187928180,575434192.0000000000,9
1900,27,0.4181981460,575404848.0000000000,6
1900,28,0.4183370830,575415040.0000000000,12
1900,29,0.3906427140,537138576.0000000000,16
1900,30,0.3912197060,537081632.0000000000,20
1900,31,0.3909081520,536598816.0000000000,22
1900,32,0.2441642840,349370144.0000000000,33
1900,33,0.2444542560,350071728.0000000000,36
1900,34,0.2445333920,350040640.0000000000,34
1900,35,0.2446201680,350055760.0000000000,32
1900,36,0.2446182280,350049296.0000000000,35
1900,37,0.2290518020,326751632.0000000000,37
1900,38,0.2292666080,326792912.0000000000,38
1900,39,0.2281854200,326091360.0000000000,39
1900,40,0.0261474440,72102448.0000000000,45
1900,41,0.0262235390,72102448.0000000000,47
1900,42,0.0262191680,72102448.0000000000,54
1900,43,0.0261483260,72102448.0000000000,44
1900,44,0.0262539060,72102448.0000000000,54
1900,45,0.0249206880,67341360.0000000000,42
1900,46,0.0248974200,67341360.0000000000,41
1900,47,0.0248218750,67341360.0000000000,45
1900,48,0.0262265050,72102448.0000000000,51
1900,49,0.0262017570,72102448.0000000000,51
1900,50,0.0262128790,72102448.0000000000,49
1900,51,0.0261684230,72102448.0000000000,48
1900,52,0.0261705780,72102448.0000000000,50
1900,53,0.0248686370,67341360.0000000000,41
1900,54,0.0248445990,67341360.0000000000,44
1900,55,0.0249722160,67341360.0000000000,43
1900,56,0.0261704370,72102448.0000000000,48
1900,57,0.0261564810,72102448.0000000000,50
1900,58,0.0261676610,72102448.0000000000,49
1900,59,0.0261903540,72102448.0000000000,52
1900,60,0.0262011140,72102448.0000000000,53
1900,61,0.0248697970,67341360.0000000000,45
1900,62,0.0248563850,67341360.0000000000,46
1900,63,0.0248297820,67341360.0000000000,46
1900,64,0.0267383040,72102448.0000000000,40
1900,65,0.0261243680,72102448.0000000000,41
1900,66,0.0261677300,72102448.0000000000,55
1900,67,0.0261264020,72102448.0000000000,46
1900,68,0.0261459770,72102448.0000000000,53
1900,69,0.0248669940,67341360.0000000000,44
1900,70,0.0248866600,67341360.0000000000,42
1900,71,0.0249069800,67341360.0000000000,47
1900,72,0.0261593840,72102448.0000000000,42
1900,73,0.0267226230,72102448.0000000000,40
1900,74,0.0261456480,72102448.0000000000,55
1900,75,0.0261723090,72102448.0000000000,52
1900,76,0.0261796230,72102448.0000000000,43
1900,77,0.0249172210,67341360.0000000000,43
1900,78,0.0253773010,67341360.0000000000,40
1900,79,0.0248213040,67341360.0000000000,47
1900,80,0.0239144770,63170096.0000000000,35
1900,81,0.0235145710,63170096.0000000000,54
1900,82,0.0233792310,63170096.0000000000,53
1900,83,0.0234270850,63170096.0000000000,48
1900,84,0.0233956540,63170096.0000000000,50
1900,85,0.0220824850,58998832.0000000000,30
1900,86,0.0221690070,58998832.0000000000,27
1900,87,0.0221413390,58998832.0000000000,31
1900,88,0.0238741320,63170096.0000000000,37
1900,89,0.0238264990,63170096.0000000000,39
1900,90,0.0238908730,63170096.0000000000,29
1900,91,0.0239701920,63170096.0000000000,34
1900,92,0.0238712860,63170096.0000000000,38
1900,93,0.0221674030,58998832.0000000000,27
1900,94,0.0220365720,58998832.0000000000,25
1900,95,0.0220573270,58998832.0000000000,31
1900,96,0.0234347110,63170096.0000000000,49
1900,97,0.0238747110,63170096.0000000000,36
1900,98,0.0238657800,63170096.0000000000,33
1900,99,0.0234963210,63170096.0000000000,51
1900,100,0.0239130520,63170096.0000000000,32
1900,101,0.0220554980,58998832.0000000000,26
1900,102,0.0221640290,58998832.0000000000,24
1900,103,0.0222146500,58998832.0000000000,28
1900,104,0.0238924820,63170096.0000000000,32
1900,105,0.0238625900,63170096.0000000000,38
1900,106,0.0239563760,63170096.0000000000,34
1900,107,0.0234328430,63170096.0000000000,55
1900,108,0.0238490740,63170096.0000000000,36
1900,109,0.0220933410,58998832.0000000000,26
1900,110,0.0220520460,58998832.0000000000,30
1900,111,0.0221063470,58998832.0000000000,24
1900,112,0.0238802790,63170096.0000000000,35
1900,113,0.0233975250,63170096.0000000000,52
1900,114,0.0238431880,63170096.0000000000,33
1900,115,0.0238373110,63170096.0000000000,39
1900,116,0.0238470800,63170096.0000000000,37
1900,117,0.0220643730,58998832.0000000000,29
1900,118,0.0220596960,58998832.0000000000,25
1900,119,0.0221792120,58998832.0000000000,28
1950,0,10.1575494074,422876752.0000000000,27
1950,1,9.2461952380,391935872.0000000000,28
1950,2,6.1734389259,304948240.0000000000,25
1950,3,5.9201986440,298760064.0000000000,24
1950,4,5.9252145441,299075504.0000000000,26
1950,5,8.7411650383,367590864.0000000000,30
1950,6,13.1502631300,497457088.0000000000,31
1950,7,11.4908240224,455310592.0000000000,29
1950,8,14.1140357033,591816624.0000000000,2
1950,9,15.1434447470,616784224.0000000000,0
1950,10,16.7703363563,658104016.0000000000,4
1950,11,17.0250853037,669521744.0000000000,5
1950,12,17.0429647607,666882496.0000000000,11
1950,13,14.4231925915,581085136.0000000000,15
1950,14,12.4827492433,530111872.0000000000,17
1950,15,12.3733700512,528238768.0000000000,21
1950,16,13.4555188925,575248912.0000000000,1
1950,17,13.4658036604,575418768.0000000000,8
1950,18,13.4654588542,575416672.0000000000,10
1950,19,13.4502371824,575423424.0000000000,7
1950,20,13.4501966522,575415376.0000000000,14
1950,21,12.5612683038,537106208.0000000000,19
1950,22,12.5714360508,537106720.0000000000,23
1950,23,12.5640808153,536934960.0000000000,18
1950,24,13.4581872728,574925296.0000000000,13
1950,25,13.4677628572,575430576.0000000000,3
1950,26,13.4772873355,575428704.0000000000,9
1950,27,13.4581506844,575408400.0000000000,6
1950,28,13.4613411570,575419056.0000000000,12
1950,29,12.5748383481,537138672.0000000000,16
1950,30,12.5937686456,537087344.0000000000,20
1950,31,12.5769466789,536589888.0000000000,22
1950,32,7.8660889615,349352272.0000000000,33
1950,33,7.8728182805,350073408.0000000000,36
1950,34,7.8775027683,350037936.0000000000,34
1950,35,7.8786434150,350053856.0000000000,32
1950,36,7.8793293233,350054096.0000000000,35
1950,37,7.3783832873,326749440.0000000000,37
1950,38,7.3837842148,326792576.0000000000,38
1950,39,7.3497559232,326071808.0000000000,39
1950,40,0.8542029996,72102448.0000000000,45
1950,41,0.8557196002,72102448.0000000000,47
1950,42,0.8568254771,72102448.0000000000,54
1950,43,0.8536805351,72102448.0000000000,44
1950,44,0.8557925577,72102448.0000000000,54
1950,45,0.8139917314,67341360.0000000000,42
1950,46,0.8130089575,67341360.0000000000,41
1950,47,0.8111858256,67341360.0000000000,45
1950,48,0.8566110636,72102448.0000000000,51
1950,49,0.8555831309,72102448.0000000000,51
1950,50,0.8553580900,72102448.0000000000,49
1950,51,0.8548395116,72102448.0000000000,48
1950,52,0.8546509883,72102448.0000000000,50
1950,53,0.8124494040,67341360.0000000000,41
1950,54,0.8115154899,67341360.0000000000,44
1950,55,0.8138561254,67341360.0000000000,43
1950,56,0.8537311352,72102448.0000000000,48
1950,57,0.8535309548,72102448.0000000000,50
1950,58,0.8544627497,72102448.0000000000,49
1950,59,0.8545844113,72102448.0000000000,52
1950,60,0.8550658112,72102448.0000000000,53
1950,61,0.8112898783,67341360.0000000000,45
1950,62,0.8127280617,67341360.0000000000,46
1950,63,0.8117917791,67341360.0000000000,46
1950,64,0.8727814053,72102448.0000000000,40
1950,65,0.8549987554,72102448.0000000000,41
1950,66,0.8556913371,72102448.0000000000,55
1950,67,0.8533651143,72102448.0000000000,46
1950,68,0.8542420234,72102448.0000000000,53
1950,69,0.8115528346,67341360.0000000000,44
1950,70,0.8125292133,67341360.0000000000,42
1950,71,0.8120612182,67341360.0000000000,47
1950,72,0.8542592842,72102448.0000000000,42
1950,73,0.8719344878,72102448.0000000000,40
1950,74,0.8548106232,72102448.0000000000,55
1950,75,0.8535890162,72102448.0000000000,52
1950,76,0.8545585248,72102448.0000000000,43
1950,77,0.8130721055,67341360.0000000000,43
1950,78,0.8289879825,67341360.0000000000,40
1950,79,0.8119703331,67341360.0000000000,47
1950,80,0.7804778070,63170096.0000000000,35
1950,81,0.7667712601,63170096.0000000000,54
1950,82,0.7635412838,63170096.0000000000,53
1950,83,0.7650453370,63170096.0000000000,48
1950,84,0.7642303641,63170096.0000000000,50
1950,85,0.7215567740,58998832.0000000000,30
1950,86,0.7235571824,58998832.0000000000,27
1950,87,0.7237897385,58998832.0000000000,31
1950,88,0.7797153583,63170096.0000000000,37
1950,89,0.7779295517,63170096.0000000000,39
1950,90,0.7794971546,63170096.0000000000,29
1950,91,0.7824178128,63170096.0000000000,34
1950,92,0.7795201953,63170096.0000000000,38
1950,93,0.7231637950,58998832.0000000000,27
1950,94,0.7204648824,58998832.0000000000,25
1950,95,0.7228301012,58998832.0000000000,31
1950,96,0.7652585939,63170096.0000000000,49
1950,97,0.7799143613,63170096.0000000000,36
1950,98,0.7793778544,63170096.0000000000,33
1950,99,0.7661484822,63170096.0000000000,51
1950,100,0.7809321156,63170096.0000000000,32
1950,101,0.7217579508,58998832.0000000000,26
1950,102,0.7224420013,58998832.0000000000,24
1950,103,0.7254459351,58998832.0000000000,28
1950,104,0.7808886134,63170096.0000000000,32
1950,105,0.7794599365,63170096.0000000000,38
1950,106,0.7824638366,63170096.0000000000,34
1950,107,0.7648572181,63170096.0000000000,55
1950,108,0.7801686029,63170096.0000000000,36
1950,109,0.7216408519,58998832.0000000000,26
1950,110,0.7211265206,58998832.0000000000,30
1950,111,0.7225797445,58998832.0000000000,24
1950,112,0.7804152683,63170096.0000000000,35
1950,113,0.7642040262,63170096.0000000000,52
1950,114,0.7793303084,63170096.0000000000,33
1950,115,0.7778573446,63170096.0000000000,39
1950,116,0.7793469652,63170096.0000000000,37
1950,117,0.7215044320,58998832.0000000000,29
1950,118,0.7204565817,58998832.0000000000,25
1950,119,0.7251842111,58998832.0000000000,28
2000,0,0.3114473240,420580672.0000000000,27
2000,1,0.2839134140,389945600.0000000000,28
2000,2,0.1916229190,305800208.0000000000,25
2000,3,0.1859639710,299998864.0000000000,24
2000,4,0.1843989040,299658112.0000000000,26
2000,5,0.2696753970,366631296.0000000000,30
2000,6,0.4115367020,498433168.0000000000,31
2000,7,0.3600500770,456996720.0000000000,29
2000,8,0.4428683800,594781824.0000000000,2
2000,9,0.4722834620,617284416.0000000000,0
2000,10,0.5206237220,656247744.0000000000,4
2000,11,0.5285557640,668003936.0000000000,5
2000,12,0.5305909970,666181120.0000000000,11
2000,13,0.4482496110,580115232.0000000000,15
2000,14,0.3881595020,529709264.0000000000,17
2000,15,0.3836283230,527629744.0000000000,21
2000,16,0.4182130520,575248800.0000000000,1
2000,17,0.4184040450,575422480.0000000000,8
2000,18,0.4183474430,575419712.0000000000,10
2000,19,0.4178744900,575416256.0000000000,7
2000,20,0.4179492860,575420000.0000000000,14
2000,21,0.3903676800,537100240.0000000000,19
2000,22,0.3907293360,537108416.0000000000,23
2000,23,0.3903428760,536934704.0000000000,18
2000,24,0.4180717940,574910480.0000000000,13
2000,25,0.4184441980,575430512.0000000000,3
2000,26,0.4187664560,575432112.0000000000,9
2000,27,0.4180763110,575401712.0000000000,6
2000,28,0.4183107340,575420384.0000000000,12
2000,29,0.3906080740,537141024.0000000000,16
2000,30,0.3912791980,537081296.0000000000,20
2000,31,0.3907300450,536577264.0000000000,22
2000,32,0.2442721020,349335728.0000000000,33
2000,33,0.2446233710,350070256.0000000000,36
2000,34,0.2445831450,350036656.0000000000,34
2000,35,0.2446305670,350051808.0000000000,32
2000,36,0.2446131040,350054848.0000000000,35
2000,37,0.2290926470,326749344.0000000000,37
2000,38,0.2291848850,326797344.0000000000,38
2000,39,0.2281951640,326055120.0000000000,39
2000,40,0.0261977410,72102448.0000000000,45
2000,41,0.0262037790,72102448.0000000000,47
2000,42,0.0262023460,72102448.0000000000,54
2000,43,0.0261047700,72102448.0000000000,44
2000,44,0.0262363820,72102448.0000000000,54
2000,45,0.0249594940,67341360.0000000000,42
2000,46,0.0249370370,67341360.0000000000,41
2000,47,0.0248202510,67341360.0000000000,45
2000,48,0.0262692070,72102448.0000000000,51
2000,49,0.0262076490,72102448.0000000000,51
2000,50,0.0261900240,72102448.0000000000,49
2000,51,0.0261852740,72102448.0000000000,48
2000,52,0.0262012150,72102448.0000000000,50
2000,53,0.0249542120,67341360.0000000000,41
2000,54,0.0248699680,67341360.0000000000,44
2000,55,0.0249125500,67341360.0000000000,43
2000,56,0.0261639150,72102448.0000000000,48
2000,57,0.0261413500,72102448.0000000000,50
2000,58,0.0261589030,72102448.0000000000,49
2000,59,0.0261760850,72102448.0000000000,52
2000,60,0.0261354450,72102448.0000000000,53
2000,61,0.0248456010,67341360.0000000000,45
2000,62,0.0249161280,67341360.0000000000,46
2000,63,0.0249161590,67341360.0000000000,46
2000,64,0.0267094570,72102448.0000000000,40
2000,65,0.0262134080,72102448.0000000000,41
2000,66,0.0262108840,72102448.0000000000,55
2000,67,0.0261653360,72102448.0000000000,46
2000,68,0.0261344160,72102448.0000000000,53
2000,69,0.0248814220,67341360.0000000000,44
2000,70,0.0248592080,67341360.0000000000,42
2000,71,0.0248758490,67341360.0000000000,47
2000,72,0.0261285340,72102448.0000000000,42
2000,73,0.0266567660,72102448.0000000000,40
2000,74,0.0261605070,72102448.0000000000,55
2000,75,0.0261542140,72102448.0000000000,52
2000,76,0.0261851730,72102448.0000000000,43
2000,77,0.0248502730,67341360.0000000000,43
2000,78,0.0253384460,67341360.0000000000,40
2000,79,0.0249159270,67341360.0000000000,47
2000,80,0.0238973210,63170096.0000000000,35
2000,81,0.0234599250,63170096.0000000000,54
2000,82,0.0233824160,63170096.0000000000,53
2000,83,0.0234197330,63170096.0000000000,48
2000,84,0.0234295620,63170096.0000000000,50
2000,85,0.0220839800,58998832.0000000000,30
2000,86,0.0221502700,58998832.0000000000,27
2000,87,0.0221563490,58998832.0000000000,31
2000,88,0.0238796820,63170096.0000000000,37
2000,89,0.0237814690,63170096.0000000000,39
2000,90,0.0238903620,63170096.0000000000,29
2000,91,0.0239664270,63170096.0000000000,34
2000,92,0.0238845710,63170096.0000000000,38
2000,93,0.0221515240,58998832.0000000000,27
2000,94,0.0220393540,58998832.0000000000,25
2000,95,0.0221149490,58998832.0000000000,31
2000,96,0.0234340300,63170096.0000000000,49
2000,97,0.0239102820,63170096.0000000000,36
2000,98,0.0238522050,63170096.0000000000,33
2000,99,0.0234645490,63170096.0000000000,51
2000,100,0.0239136840,63170096.0000000000,32
2000,101,0.0220612380,58998832.0000000000,26
2000,102,0.0221768330,58998832.0000000000,24
2000,103,0.0221997020,58998832.0000000000,28
2000,104,0.0239403940,63170096.0000000000,32
2000,105,0.0238613200,63170096.0000000000,38
2000,106,0.0239148150,63170096.0000000000,34
2000,107,0.0234790100,63170096.0000000000,55
2000,108,0.0238478730,63170096.0000000000,36
2000,109,0.0221123550,58998832.0000000000,26
2000,110,0.0221037180,58998832.0000000000,30
2000,111,0.0221112360,58998832.0000000000,24
2000,112,0.0239279220,63170096.0000000000,35
2000,113,0.0234609660,63170096.0000000000,52
2000,114,0.0238754190,63170096.0000000000,33
2000,115,0.0238309280,63170096.0000000000,39
2000,116,0.0238579820,63170096.0000000000,37
2000,117,0.0221525840,58998832.0000000000,29
2000,118,0.0220520700,58998832.0000000000,25
2000,119,0.0221826230,58998832.0000000000,28
2050,0,9.9658787725,418671840.0000000000,27
2050,1,9.0745160179,387635408.0000000000,28
2050,2,6.2333977853,307702112.0000000000,25
2050,3,6.0095658149,301366496.0000000000,24
2050,4,5.9936220000,300061264.0000000000,26
2050,5,8.6323378276,364595072.0000000000,30
2050,6,13.2403224485,499397152.0000000000,31
2050,7,11.5839205581,458649344.0000000000,29
2050,8,14.2767262649,597500176.0000000000,2
2050,9,15.1807286909,617165648.0000000000,0
2050,10,16.6711857028,653009600.0000000000,4
2050,11,16.9529090053,666217520.0000000000,5
2050,12,17.0427664139,665202736.0000000000,11
2050,13,14.4085293024,579375680.0000000000,15
2050,14,12.4601461175,529036496.0000000000,17
2050,15,12.3264890485,527149504.0000000000,21
2050,16,13.4555123735,575244784.0000000000,1
2050,17,13.4660234736,575422848.0000000000,8
2050,18,13.4675625770,575422768.0000000000,10
2050,19,13.4500979977,575419152.0000000000,7
2050,20,13.4503749357,575419520.0000000000,14
2050,21,12.5609775313,537105296.0000000000,19
2050,22,12.5712097889,537113824.0000000000,23
2050,23,12.5650583744,536932912.0000000000,18
2050,24,13.4578960325,574902624.0000000000,13
2050,25,13.4664249880,575429264.0000000000,3
2050,26,13.4776984083,575428928.0000000000,9
2050,27,13.4576761341,575402192.0000000000,6
2050,28,13.4624186147,575419488.0000000000,12
2050,29,12.5736681625,537136672.0000000000,16
2050,30,12.5928102368,537076992.0000000000,20
2050,31,12.5764829119,536567584.0000000000,22
2050,32,7.8653918871,349319232.0000000000,33
2050,33,7.8733030566,350073696.0000000000,36
2050,34,7.8774162513,350038608.0000000000,34
2050,35,7.8786991292,350049232.0000000000,32
2050,36,7.8792566974,350058656.0000000000,35
2050,37,7.3781696605,326749792.0000000000,37
2050,38,7.3844220028,326796496.0000000000,38
2050,39,7.3489820089,326040368.0000000000,39
2050,40,0.8540022751,72102448.0000000000,45
2050,41,0.8558435684,72102448.0000000000,47
2050,42,0.8571543780,72102448.0000000000,54
2050,43,0.8536820201,72102448.0000000000,44
2050,44,0.8558208565,72102448.0000000000,54
2050,45,0.8135346731,67341360.0000000000,42
2050,46,0.8130452990,67341360.0000000000,41
2050,47,0.8111533319,67341360.0000000000,45
2050,48,0.8566014638,72102448.0000000000,51
2050,49,0.8555484948,72102448.0000000000,51
2050,50,0.8553168198,72102448.0000000000,49
2050,51,0.8548305892,72102448.0000000000,48
2050,52,0.8543761178,72102448.0000000000,50
2050,53,0.8122913050,67341360.0000000000,41
2050,54,0.8116276491,67341360.0000000000,44
2050,55,0.8137924778,67341360.0000000000,43
2050,56,0.8538880452,72102448.0000000000,48
2050,57,0.8536171641,72102448.0000000000,50
2050,58,0.8545982593,72102448.0000000000,49
2050,59,0.8544861738,72102448.0000000000,52
2050,60,0.8551073950,72102448.0000000000,53
2050,61,0.8112248874,67341360.0000000000,45
2050,62,0.8129140127,67341360.0000000000,46
2050,63,0.8118736815,67341360.0000000000,46
2050,64,0.8726328019,72102448.0000000000,40
2050,65,0.8548638148,72102448.0000000000,41
2050,66,0.8556332405,72102448.0000000000,55
2050,67,0.8536159853,72102448.0000000000,46
2050,68,0.8543507246,72102448.0000000000,53
2050,69,0.8114065810,67341360.0000000000,44
2050,70,0.8126832958,67341360.0000000000,42
2050,71,0.8120673158,67341360.0000000000,47
2050,72,0.8544297176,72102448.0000000000,42
2050,73,0.8721649070,72102448.0000000000,40
2050,74,0.8548239626,72102448.0000000000,55
2050,75,0.8534207256,72102448.0000000000,52
2050,76,0.8545789649,72102448.0000000000,43
2050,77,0.8130315686,67341360.0000000000,43
2050,78,0.8285733880,67341360.0000000000,40
2050,79,0.8120356257,67341360.0000000000,47
2050,80,0.7804102437,63170096.0000000000,35
2050,81,0.7668610510,63170096.0000000000,54
2050,82,0.7634511456,63170096.0000000000,53
2050,83,0.7648255860,63170096.0000000000,48
2050,84,0.7645968129,63170096.0000000000,50
2050,85,0.7215790938,58998832.0000000000,30
2050,86,0.7233596408,58998832.0000000000,27
2050,87,0.7232672163,58998832.0000000000,31
2050,88,0.7795970594,63170096.0000000000,37
2050,89,0.7779135314,63170096.0000000000,39
2050,90,0.7793683660,63170096.0000000000,29
2050,91,0.7826103486,63170096.0000000000,34
2050,92,0.7798839083,63170096.0000000000,38
2050,93,0.7235468942,58998832.0000000000,27
2050,94,0.7203600108,58998832.0000000000,25
2050,95,0.7230483769,58998832.0000000000,31
2050,96,0.7653784731,63170096.0000000000,49
2050,97,0.7799594951,63170096.0000000000,36
2050,98,0.7795998519,63170096.0000000000,33
2050,99,0.7662783404,63170096.0000000000,51
2050,100,0.7811800733,63170096.0000000000,32
2050,101,0.7217417791,58998832.0000000000,26
2050,102,0.7227530111,58998832.0000000000,24
2050,103,0.7257040653,58998832.0000000000,28
2050,104,0.7809221147,63170096.0000000000,32
2050,105,0.7794968115,63170096.0000000000,38
2050,106,0.7824996429,63170096.0000000000,34
2050,107,0.7649809808,63170096.0000000000,55
2050,108,0.7801159186,63170096.0000000000,36
2050,109,0.7217138210,58998832.0000000000,26
2050,110,0.7211521558,58998832.0000000000,30
2050,111,0.7228684002,58998832.0000000000,24
2050,112,0.7803738401,63170096.0000000000,35
2050,113,0.7643616975,63170096.0000000000,52
2050,114,0.7793582127,63170096.0000000000,33
2050,115,0.7778537834,63170096.0000000000,39
2050,116,0.7795100918,63170096.0000000000,37
2050,117,0.7211683366,58998832.0000000000,29
2050,118,0.7201372140,58998832.0000000000,25
2050,119,0.7255687826,58998832.0000000000,28
2100,0,0.3073419650,416719408.0000000000,27
2100,1,0.2758477060,383360384.0000000000,28
2100,2,0.1943486280,308234576.0000000000,25
2100,3,0.1865105320,300921072.0000000000,24
2100,4,0.1860964220,299948352.0000000000,26
2100,5,0.2538642120,354722512.0000000000,30
2100,6,0.4109848270,500057824.0000000000,31
2100,7,0.3591959900,459814496.0000000000,29
2100,8,0.4463343100,599982544.0000000000,2
2100,9,0.4695515550,617482208.0000000000,0
2100,10,0.5161422280,651140576.0000000000,4
2100,11,0.5277546240,666292592.0000000000,5
2100,12,0.5304785610,664603104.0000000000,11
2100,13,0.4548176770,584868272.0000000000,15
2100,14,0.3859316170,528960896.0000000000,17
2100,15,0.3822634440,526770288.0000000000,21
2100,16,0.4180866670,575243552.0000000000,1
2100,17,0.4183608820,575419776.0000000000,8
2100,18,0.4187966960,575419152.0000000000,10
2100,19,0.4179064630,575418096.0000000000,7
2100,20,0.4181104660,575417472.0000000000,14
2100,21,0.3905699570,537105456.0000000000,19
2100,22,0.3905912320,537111040.0000000000,23
2100,23,0.3905069410,536929408.0000000000,18
2100,24,0.4181235520,574890192.0000000000,13
2100,25,0.4188138520,575436848.0000000000,3
2100,26,0.4187448350,575428928.0000000000,9
2100,27,0.4181867900,575404032.0000000000,6
2100,28,0.4182667160,575426176.0000000000,12
2100,29,0.3907172580,537134368.0000000000,16
2100,30,0.3912435720,537085136.0000000000,20
2100,31,0.3908390800,536552912.0000000000,22
2100,32,0.2442307990,349299264.0000000000,33
2100,33,0.2443763730,350073360.0000000000,36
2100,34,0.2445942440,350034240.0000000000,34
2100,35,0.2449628990,350050512.0000000000,32
2100,36,0.2446924940,350057600.0000000000,35
2100,37,0.2290849230,326749248.0000000000,37
2100,38,0.2292965120,326795920.0000000000,38
2100,39,0.2281539550,326024896.0000000000,39
2100,40,0.0261362580,72102448.0000000000,45
2100,41,0.0262525730,72102448.0000000000,47
2100,42,0.0262293810,72102448.0000000000,54
2100,43,0.0261161290,72102448.0000000000,44
2100,44,0.0262277850,72102448.0000000000,54
2100,45,0.0249312770,67341360.0000000000,42
2100,46,0.0248999970,67341360.0000000000,41
2100,47,0.0248391670,67341360.0000000000,45
2100,48,0.0262237200,72102448.0000000000,51
2100,49,0.0261844430,72102448.0000000000,51
2100,50,0.0261977770,72102448.0000000000,49
2100,51,0.0261708370,72102448.0000000000,48
2100,52,0.0261688230,72102448.0000000000,50
2100,53,0.0248338360,67341360.0000000000,41
2100,54,0.0248564290,67341360.0000000000,44
2100,55,0.0249356960,67341360.0000000000,43
2100,56,0.0261774190,72102448.0000000000,48
2100,57,0.0261242190,72102448.0000000000,50
2100,58,0.0261658580,72102448.0000000000,49
2100,59,0.0262007850,72102448.0000000000,52
2100,60,0.0261847940,72102448.0000000000,53
2100,61,0.0248440580,67341360.0000000000,45
2100,62,0.0248687150,67341360.0000000000,46
2100,63,0.0248634760,67341360.0000000000,46
2100,64,0.0267134460,72102448.0000000000,40
2100,65,0.0261681600,72102448.0000000000,41
2100,66,0.0262262150,72102448.0000000000,55
2100,67,0.0261396460,72102448.0000000000,46
2100,68,0.0261182740,72102448.0000000000,53
2100,69,0.0248555000,67341360.0000000000,44
2100,70,0.0248617530,67341360.0000000000,42
2100,71,0.0248889040,67341360.0000000000,47
2100,72,0.0262044000,72102448.0000000000,42
2100,73,0.0267377200,72102448.0000000000,40
2100,74,0.0261847930,72102448.0000000000,55
2100,75,0.0261171000,72102448.0000000000,52
2100,76,0.0261877070,72102448.0000000000,43
2100,77,0.0249389710,67341360.0000000000,43
2100,78,0.0253786220,67341360.0000000000,40
2100,79,0.0248519410,67341360.0000000000,47
2100,80,0.0239175750,63170096.0000000000,35
2100,81,0.0235287480,63170096.0000000000,54
2100,82,0.0234058590,63170096.0000000000,53
2100,83,0.0234195700,63170096.0000000000,48
2100,84,0.0234278060,63170096.0000000000,50
2100,85,0.0220535710,58998832.0000000000,30
2100,86,0.0221436880,58998832.0000000000,27
2100,87,0.0221818400,58998832.0000000000,31
2100,88,0.0238865070,63170096.0000000000,37
2100,89,0.0238172510,63170096.0000000000,39
2100,90,0.0238639820,63170096.0000000000,29
2100,91,0.0240356040,63170096.0000000000,34
2100,92,0.0238567500,63170096.0000000000,38
2100,93,0.0221620340,58998832.0000000000,27
2100,94,0.0220446070,58998832.0000000000,25
2100,95,0.0221231640,58998832.0000000000,31
2100,96,0.0234284680,63170096.0000000000,49
2100,97,0.0238706550,63170096.0000000000,36
2100,98,0.0238644220,63170096.0000000000,33
2100,99,0.0234876020,63170096.0000000000,51
2100,100,0.0239184460,63170096.0000000000,32
2100,101,0.0220708680,58998832.0000000000,26
2100,102,0.0221098520,58998832.0000000000,24
2100,103,0.0222233610,58998832.0000000000,28
2100,104,0.0238843310,63170096.0000000000,32
2100,105,0.0239021880,63170096.0000000000,38
2100,106,0.0239857990,63170096.0000000000,34
2100,107,0.0234740620,63170096.0000000000,55
2100,108,0.0239629750,63170096.0000000000,36
2100,109,0.0220614690,58998832.0000000000,26
2100,110,0.0220991480,58998832.0000000000,30
2100,111,0.0220656270,58998832.0000000000,24
2100,112,0.0239030990,63170096.0000000000,35
2100,113,0.0234187260,63170096.0000000000,52
2100,114,0.0238400250,63170096.0000000000,33
2100,115,0.0237692980,63170096.0000000000,39
2100,116,0.0238472190,63170096.0000000000,37
2100,117,0.0220562340,58998832.0000000000,29
2100,118,0.0220723880,58998832.0000000000,25
2100,119,0.0221963160,58998832.0000000000,28
2150,0,9.8766869591,415057376.0000000000,27
2150,1,8.7429703138,377019472.0000000000,28
2150,2,6.2459188256,306508960.0000000000,25
2150,3,5.9628404989,299437296.0000000000,24
2150,4,5.9448428010,299426672.0000000000,26
2150,5,7.9858183240,345106896.0000000000,30
2150,6,13.2834589485,501425824.0000000000,31
2150,7,11.6355035732,460171072.0000000000,29
2150,8,14.4516971744,602055776.0000000000,2
2150,9,15.1972534512,620138288.0000000000,0
2150,10,16.6420633361,653064272.0000000000,4
2150,11,16.9820309574,667370144.0000000000,5
2150,12,17.0576938819,664530816.0000000000,11
2150,13,14.7443092337,589154064.0000000000,15
2150,14,12.4531189205,529612400.0000000000,17
2150,15,12.3094981476,526567648.0000000000,21
2150,16,13.4552238488,575241824.0000000000,1
2150,17,13.4669724979,575422512.0000000000,8
2150,18,13.4662523087,575418512.0000000000,10
2150,19,13.4498808636,575416880.0000000000,7
2150,20,13.4498104600,575419056.0000000000,14
2150,21,12.5632953818,537106544.0000000000,19
2150,22,12.5704152173,537105968.0000000000,23
2150,23,12.5646957460,536930064.0000000000,18
2150,24,13.4570718537,574875200.0000000000,13
2150,25,13.4683948404,575436320.0000000000,3
2150,26,13.4768807012,575430064.0000000000,9
2150,27,13.4570774618,575406720.0000000000,6
2150,28,13.4627625243,575423568.0000000000,12
2150,29,12.5738410668,537140480.0000000000,16
2150,30,12.5934315875,537085376.0000000000,20
2150,31,12.5766716365,536539936.0000000000,22
2150,32,7.8639335187,349285488.0000000000,33
2150,33,7.8727087604,350071696.0000000000,36
2150,34,7.8786393849,350034784.0000000000,34
2150,35,7.8788501397,350053760.0000000000,32
2150,36,7.8792744824,350055328.0000000000,35
2150,37,7.3781795971,326745568.0000000000,37
2150,38,7.3846455138,326799392.0000000000,38
2150,39,7.3482396047,326006240.0000000000,39
2150,40,0.8541751928,72102448.0000000000,45
2150,41,0.8554660134,72102448.0000000000,47
2150,42,0.8567840094,72102448.0000000000,54
2150,43,0.8538388528,72102448.0000000000,44
2150,44,0.8561487377,72102448.0000000000,54
2150,45,0.8136452776,67341360.0000000000,42
2150,46,0.8129565142,67341360.0000000000,41
2150,47,0.8112672737,67341360.0000000000,45
2150,48,0.8565276435,72102448.0000000000,51
2150,49,0.8556287585,72102448.0000000000,51
2150,50,0.8553412826,72102448.0000000000,49
2150,51,0.8548798184,72102448.0000000000,48
2150,52,0.8545833796,72102448.0000000000,50
2150,53,0.8122430443,67341360.0000000000,41
2150,54,0.8115766653,67341360.0000000000,44
2150,55,0.8138298707,67341360.0000000000,43
2150,56,0.8539661666,72102448.0000000000,48
2150,57,0.8536673266,72102448.0000000000,50
2150,58,0.8542980060,72102448.0000000000,49
2150,59,0.8544573454,72102448.0000000000,52
2150,60,0.8550989481,72102448.0000000000,53
2150,61,0.8110185335,67341360.0000000000,45
2150,62,0.8125549984,67341360.0000000000,46
2150,63,0.8121522538,67341360.0000000000,46
2150,64,0.8726619288,72102448.0000000000,40
2150,65,0.8549021375,72102448.0000000000,41
2150,66,0.8557738498,72102448.0000000000,55
2150,67,0.8534477753,72102448.0000000000,46
2150,68,0.8539249751,72102448.0000000000,53
2150,69,0.8111760986,67341360.0000000000,44
2150,70,0.8123729637,67341360.0000000000,42
2150,71,0.8119748463,67341360.0000000000,47
2150,72,0.8544042874,72102448.0000000000,42
2150,73,0.8724700549,72102448.0000000000,40
2150,74,0.8546362051,72102448.0000000000,55
2150,75,0.8535611407,72102448.0000000000,52
2150,76,0.8545537936,72102448.0000000000,43
2150,77,0.8129900445,67341360.0000000000,43
2150,78,0.8290432636,67341360.0000000000,40
2150,79,0.8119001127,67341360.0000000000,47
2150,80,0.7805430807,63170096.0000000000,35
2150,81,0.7670258901,63170096.0000000000,54
2150,82,0.7635881316,63170096.0000000000,53
2150,83,0.7649488157,63170096.0000000000,48
2150,84,0.7645691973,63170096.0000000000,50
2150,85,0.7213479723,58998832.0000000000,30
2150,86,0.7235536633,58998832.0000000000,27
2150,87,0.7234422466,58998832.0000000000,31
2150,88,0.7796484700,63170096.0000000000,37
2150,89,0.7778675723,63170096.0000000000,39
2150,90,0.7793962698,63170096.0000000000,29
2150,91,0.7827488765,63170096.0000000000,34
2150,92,0.7798089131,63170096.0000000000,38
2150,93,0.7233906675,58998832.0000000000,27
2150,94,0.7206229037,58998832.0000000000,25
2150,95,0.7228921639,58998832.0000000000,31
2150,96,0.7654608409,63170096.0000000000,49
2150,97,0.7798677130,63170096.0000000000,36
2150,98,0.7794928533,63170096.0000000000,33
2150,99,0.7663077496,63170096.0000000000,51
2150,100,0.7810745195,63170096.0000000000,32
2150,101,0.7218949357,58998832.0000000000,26
2150,102,0.7228023068,58998832.0000000000,24
2150,103,0.7255820696,58998832.0000000000,28
2150,104,0.7810457381,63170096.0000000000,32
2150,105,0.7798501059,63170096.0000000000,38
2150,106,0.7827182025,63170096.0000000000,34
2150,107,0.7646866668,63170096.0000000000,55
2150,108,0.7798484689,63170096.0000000000,36
2150,109,0.7217449401,58998832.0000000000,26
2150,110,0.7211291311,58998832.0000000000,30
2150,111,0.7224324098,58998832.0000000000,24
2150,112,0.7802350509,63170096.0000000000,35
2150,113,0.7643138870,63170096.0000000000,52
2150,114,0.7793444073,63170096.0000000000,33
2150,115,0.7779411478,63170096.0000000000,39
2150,116,0.7795726745,63170096.0000000000,37
2150,117,0.7212975140,58998832.0000000000,29
2150,118,0.7203892613,58998832.0000000000,25
2150,119,0.7253816936,58998832.0000000000,28
2200,0,0.3055328860,413523888.0000000000,27
2200,1,0.2630892220,371112624.0000000000,28
2200,2,0.1917130400,304931504.0000000000,25
2200,3,0.1831433480,298032160.0000000000,24
2200,4,0.1842058870,298351952.0000000000,26
2200,5,0.2392635260,339177584.0000000000,30
2200,6,0.4188792130,504511936.0000000000,31
2200,7,0.3645437070,459698816.0000000000,29
2200,8,0.4533998020,603707552.0000000000,2
2200,9,0.4778956280,622041840.0000000000,0
2200,10,0.5214720190,654531472.0000000000,4
2200,11,0.5307378100,668151232.0000000000,5
2200,12,0.5322457710,665113536.0000000000,11
2200,13,0.4626351560,590179936.0000000000,15
2200,14,0.3890166910,530273312.0000000000,17
2200,15,0.3828040370,526452256.0000000000,21
2200,16,0.4182704160,575243360.0000000000,1
2200,17,0.4184052150,575421472.0000000000,8
2200,18,0.4185611190,575420512.0000000000,10
2200,19,0.4179490110,575415968.0000000000,7
2200,20,0.4179716750,575418160.0000000000,14
2200,21,0.3902901560,537101728.0000000000,19
2200,22,0.3905622020,537108192.0000000000,23
2200,23,0.3903875540,536928320.0000000000,18
2200,24,0.4181865360,574858640.0000000000,13
2200,25,0.4185938600,575442320.0000000000,3
2200,26,0.4188086700,575430576.0000000000,9
2200,27,0.4182295440,575411200.0000000000,6
2200,28,0.4182790870,575428704.0000000000,12
2200,29,0.3908007140,537137552.0000000000,16
2200,30,0.3913583920,537084032.0000000000,20
2200,31,0.3907111910,536529712.0000000000,22
2200,32,0.2441496110,349268368.0000000000,33
2200,33,0.2444591340,350066624.0000000000,36
2200,34,0.2445603940,350033184.0000000000,34
2200,35,0.2446287880,350052752.0000000000,32
2200,36,0.2446633560,350050032.0000000000,35
2200,37,0.2289229470,326741680.0000000000,37
2200,38,0.2291686430,326806352.0000000000,38
2200,39,0.2281579700,325986000.0000000000,39
2200,40,0.0261314120,72102448.0000000000,45
2200,41,0.0262527460,72102448.0000000000,47
2200,42,0.0262232810,72102448.0000000000,54
2200,43,0.0261929810,72102448.0000000000,44
2200,44,0.0261992010,72102448.0000000000,54
2200,45,0.0249127910,67341360.0000000000,42
2200,46,0.0249470490,67341360.0000000000,41
2200,47,0.0248868220,67341360.0000000000,45
2200,48,0.0262113660,72102448.0000000000,51
2200,49,0.0262014360,72102448.0000000000,51
2200,50,0.0261531530,72102448.0000000000,49
2200,51,0.0261554780,72102448.0000000000,48
2200,52,0.0262220950,72102448.0000000000,50
2200,53,0.0248660130,67341360.0000000000,41
2200,54,0.0248765710,67341360.0000000000,44
2200,55,0.0249661190,67341360.0000000000,43
2200,56,0.0261637020,72102448.0000000000,48
2200,57,0.0261539140,72102448.0000000000,50
2200,58,0.0261786210,72102448.0000000000,49
2200,59,0.0261566810,72102448.0000000000,52
2200,60,0.0261719020,72102448.0000000000,53
2200,61,0.0248881930,67341360.0000000000,45
2200,62,0.0249047360,67341360.0000000000,46
2200,63,0.0249074600,67341360.0000000000,46
2200,64,0.0267354600,72102448.0000000000,40
2200,65,0.0261950440,72102448.0000000000,41
2200,66,0.0261963870,72102448.0000000000,55
2200,67,0.0261334950,72102448.0000000000,46
2200,68,0.0261509890,72102448.0000000000,53
2200,69,0.0249077510,67341360.0000000000,44
2200,70,0.0248734550,67341360.0000000000,42
2200,71,0.0248652890,67341360.0000000000,47
2200,72,0.0261503160,72102448.0000000000,42
2200,73,0.0267171720,72102448.0000000000,40
2200,74,0.0262045020,72102448.0000000000,55
2200,75,0.0261397170,72102448.0000000000,52
2200,76,0.0261933790,72102448.0000000000,43
2200,77,0.0249327700,67341360.0000000000,43
2200,78,0.0253863670,67341360.0000000000,40
2200,79,0.0248685050,67341360.0000000000,47
2200,80,0.0238581380,63170096.0000000000,35
2200,81,0.0234650250,63170096.0000000000,54
2200,82,0.0234042790,63170096.0000000000,53
2200,83,0.0234302020,63170096.0000000000,48
2200,84,0.0234403330,63170096.0000000000,50
2200,85,0.0220673160,58998832.0000000000,30
2200,86,0.0221788260,58998832.0000000000,27
2200,87,0.0221340860,58998832.0000000000,31
2200,88,0.0238928090,63170096.0000000000,37
2200,89,0.0238375420,63170096.0000000000,39
2200,90,0.0238673370,63170096.0000000000,29
2200,91,0.0239683700,63170096.0000000000,34
2200,92,0.0239120850,63170096.0000000000,38
2200,93,0.0221273540,58998832.0000000000,27
2200,94,0.0220204280,58998832.0000000000,25
2200,95,0.0221545460,58998832.0000000000,31
2200,96,0.0234187000,63170096.0000000000,49
2200,97,0.0238740540,63170096.0000000000,36
2200,98,0.0238660010,63170096.0000000000,33
2200,99,0.0235014290,63170096.0000000000,51
2200,100,0.0239211680,63170096.0000000000,32
2200,101,0.0220645250,58998832.0000000000,26
2200,102,0.0221097510,58998832.0000000000,24
2200,103,0.0222182480,58998832.0000000000,28
2200,104,0.0238856910,63170096.0000000000,32
2200,105,0.0238572210,63170096.0000000000,38
2200,106,0.0239857550,63170096.0000000000,34
2200,107,0.0234133650,63170096.0000000000,55
2200,108,0.0238816890,63170096.0000000000,36
2200,109,0.0221267550,58998832.0000000000,26
2200,110,0.0220487810,58998832.0000000000,30
2200,111,0.0221445390,58998832.0000000000,24
2200,112,0.0238893990,63170096.0000000000,35
2200,113,0.0234022950,63170096.0000000000,52
2200,114,0.0238615230,63170096.0000000000,33
2200,115,0.0238085760,63170096.0000000000,39
2200,116,0.0238427410,63170096.0000000000,37
2200,117,0.0220772250,58998832.0000000000,29
2200,118,0.0219821830,58998832.0000000000,25
2200,119,0.0221981880,58998832.0000000000,28
2250,0,9.8074028203,412373248.0000000000,27
2250,1,8.4030535912,367158256.0000000000,28
2250,2,6.1750072572,304726736.0000000000,25
2250,3,5.8998658980,297335280.0000000000,24
2250,4,5.9462332695,298661088.0000000000,26
2250,5,7.6615766698,337427168.0000000000,30
2250,6,13.5692134146,508986848.0000000000,31
2250,7,11.7175261167,458422208.0000000000,29
2250,8,14.6174947212,605014480.0000000000,2
2250,9,15.4106161539,623312256.0000000000,0
2250,10,16.7773097040,654817968.0000000000,4
2250,11,17.0691064759,668297664.0000000000,5
2250,12,17.0998216293,664571120.0000000000,11
2250,13,14.8550698052,588912736.0000000000,15
2250,14,12.5271919986,530468016.0000000000,17
2250,15,12.3199759437,526402144.0000000000,21
2250,16,13.4552038854,575241376.0000000000,1
2250,17,13.4659191121,575420112.0000000000,8
2250,18,13.4659585714,575420160.0000000000,10
2250,19,13.4504243155,575423856.0000000000,7
2250,20,13.4503876763,575416016.0000000000,14
2250,21,12.5609551444,537107872.0000000000,19
2250,22,12.5702808582,537098784.0000000000,23
2250,23,12.5643884675,536923760.0000000000,18
2250,24,13.4576745768,574848368.0000000000,13
2250,25,13.4681362094,575445056.0000000000,3
2250,26,13.4775254203,575436288.0000000000,9
2250,27,13.4575871273,575409296.0000000000,6
2250,28,13.4626115076,575428080.0000000000,12
2250,29,12.5748911704,537136448.0000000000,16
2250,30,12.5939152483,537084736.0000000000,20
2250,31,12.5756450489,536521952.0000000000,22
2250,32,7.8629620107,349252544.0000000000,33
2250,33,7.8730500194,350064672.0000000000,36
2250,34,7.8777171203,350034144.0000000000,34
2250,35,7.8782957890,350050384.0000000000,32
2250,36,7.8789597559,350044336.0000000000,35
2250,37,7.3783840224,326749632.0000000000,37
2250,38,7.3843951940,326807440.0000000000,38
2250,39,7.3471863004,325968560.0000000000,39
2250,40,0.8541052105,72102448.0000000000,45
2250,41,0.8557798919,72102448.0000000000,47
2250,42,0.8569773178,72102448.0000000000,54
2250,43,0.8538961065,72102448.0000000000,44
2250,44,0.8560823697,72102448.0000000000,54
2250,45,0.8136566059,67341360.0000000000,42
2250,46,0.8131058282,67341360.0000000000,41
2250,47,0.8113328864,67341360.0000000000,45
2250,48,0.8564781189,72102448.0000000000,51
2250,49,0.8556494887,72102448.0000000000,51
2250,50,0.8552856427,72102448.0000000000,49
2250,51,0.8547530161,72102448.0000000000,48
2250,52,0.8544603326,72102448.0000000000,50
2250,53,0.8120551536,67341360.0000000000,41
2250,54,0.8116479233,67341360.0000000000,44
2250,55,0.8139767556,67341360.0000000000,43
2250,56,0.8537440880,72102448.0000000000,48
2250,57,0.8536905871,72102448.0000000000,50
2250,58,0.8544108011,72102448.0000000000,49
2250,59,0.8544246885,72102448.0000000000,52
2250,60,0.8550767294,72102448.0000000000,53
2250,61,0.8110651998,67341360.0000000000,45
2250,62,0.8126765592,67341360.0000000000,46
2250,63,0.8118822248,67341360.0000000000,46
2250,64,0.8728359444,72102448.0000000000,40
2250,65,0.8549908763,72102448.0000000000,41
2250,66,0.8556159043,72102448.0000000000,55
2250,67,0.8533955535,72102448.0000000000,46
2250,68,0.8543044229,72102448.0000000000,53
2250,69,0.8114547254,67341360.0000000000,44
2250,70,0.8124867957,67341360.0000000000,42
2250,71,0.8118720521,67341360.0000000000,47
2250,72,0.8544081690,72102448.0000000000,42
2250,73,0.8721877470,72102448.0000000000,40
2250,74,0.8546262645,72102448.0000000000,55
2250,75,0.8534530805,72102448.0000000000,52
2250,76,0.8546689216,72102448.0000000000,43
2250,77,0.8130063063,67341360.0000000000,43
2250,78,0.8288936511,67341360.0000000000,40
2250,79,0.8119390239,67341360.0000000000,47
2250,80,0.7804996354,63170096.0000000000,35
2250,81,0.7669761527,63170096.0000000000,54
2250,82,0.7637029668,63170096.0000000000,53
2250,83,0.7649174078,63170096.0000000000,48
2250,84,0.7647279476,63170096.0000000000,50
2250,85,0.7213349269,58998832.0000000000,30
2250,86,0.7234626751,58998832.0000000000,27
2250,87,0.7232041556,58998832.0000000000,31
2250,88,0.7796491735,63170096.0000000000,37
2250,89,0.7775169252,63170096.0000000000,39
2250,90,0.7793212097,63170096.0000000000,29
2250,91,0.7825161115,63170096.0000000000,34
2250,92,0.7796966425,63170096.0000000000,38
2250,93,0.7234758197,58998832.0000000000,27
2250,94,0.7204356589,58998832.0000000000,25
2250,95,0.7229297631,58998832.0000000000,31
2250,96,0.7655627339,63170096.0000000000,49
2250,97,0.7799357559,63170096.0000000000,36
2250,98,0.7795437789,63170096.0000000000,33
2250,99,0.7663213797,63170096.0000000000,51
2250,100,0.7809176165,63170096.0000000000,32
2250,101,0.7216264688,58998832.0000000000,26
2250,102,0.7227238481,58998832.0000000000,24
2250,103,0.7254467328,58998832.0000000000,28
2250,104,0.7805696134,63170096.0000000000,32
2250,105,0.7792751241,63170096.0000000000,38
2250,106,0.7826780728,63170096.0000000000,34
2250,107,0.7647723026,63170096.0000000000,55
2250,108,0.7800384254,63170096.0000000000,36
2250,109,0.7215665021,58998832.0000000000,26
2250,110,0.7211111986,58998832.0000000000,30
2250,111,0.7227526647,58998832.0000000000,24
2250,112,0.7804455395,63170096.0000000000,35
2250,113,0.7643494966,63170096.0000000000,52
2250,114,0.7792693363,63170096.0000000000,33
2250,115,0.7777489535,63170096.0000000000,39
2250,116,0.7792483996,63170096.0000000000,37
2250,117,0.7213992812,58998832.0000000000,29
2250,118,0.7205598456,58998832.0000000000,25
2250,119,0.7252682152,58998832.0000000000,28
2300,0,0.3020378700,411269024.0000000000,27
2300,1,0.2554037390,363383792.0000000000,28
2300,2,0.1915903370,305446512.0000000000,25
2300,3,0.1847721620,298540656.0000000000,24
2300,4,0.1873045950,300280272.0000000000,26
2300,5,0.2378986010,337710656.0000000000,30
2300,6,0.4296319960,513710384.0000000000,31
2300,7,0.3618503030,456537600.0000000000,29
2300,8,0.4555109840,606261488.0000000000,2
2300,9,0.4807300700,624078784.0000000000,0
2300,10,0.5223942640,654299680.0000000000,4
2300,11,0.5299084480,666609008.0000000000,5
2300,12,0.5297912810,662735008.0000000000,11
2300,13,0.4589986570,586356144.0000000000,15
2300,14,0.3888448770,530266784.0000000000,17
2300,15,0.3825795390,526355136.0000000000,21
2300,16,0.4179993900,575236336.0000000000,1
2300,17,0.4184433070,575417024.0000000000,8
2300,18,0.4184550210,575418464.0000000000,10
2300,19,0.4179816310,575422112.0000000000,7
2300,20,0.4180717170,575418816.0000000000,14
2300,21,0.3902414800,537102352.0000000000,19
2300,22,0.3906286770,537099488.0000000000,23
2300,23,0.3904922060,536919744.0000000000,18
2300,24,0.4182609810,574838656.0000000000,13
2300,25,0.4184383780,575437904.0000000000,3
2300,26,0.4186620110,575437584.0000000000,9
2300,27,0.4183637630,575414832.0000000000,6
2300,28,0.4184201600,575424496.0000000000,12
2300,29,0.3907321670,537135024.0000000000,16
2300,30,0.3914075620,537083008.0000000000,20
2300,31,0.3906901470,536514112.0000000000,22
2300,32,0.2441639990,349233200.0000000000,33
2300,33,0.2445638230,350066176.0000000000,36
2300,34,0.2445507580,350034128.0000000000,34
2300,35,0.2445740720,350043584.0000000000,32
2300,36,0.2447441300,350044048.0000000000,35
2300,37,0.2291033380,326751552.0000000000,37
2300,38,0.2292700790,326808400.0000000000,38
2300,39,0.2281823680,325953216.0000000000,39
2300,40,0.0261555080,72102448.0000000000,45
2300,41,0.0262062630,72102448.0000000000,47
2300,42,0.0261978200,72102448.0000000000,54
2300,43,0.0261661880,72102448.0000000000,44
2300,44,0.0262273760,72102448.0000000000,54
2300,45,0.0249468380,67341360.0000000000,42
2300,46,0.0248862180,67341360.0000000000,41
2300,47,0.0248449300,67341360.0000000000,45
2300,48,0.0262176470,72102448.0000000000,51
2300,49,0.0262124560,72102448.0000000000,51
2300,50,0.0261966080,72102448.0000000000,49
2300,51,0.0261523620,72102448.0000000000,48
2300,52,0.0261766080,72102448.0000000000,50
2300,53,0.0248874610,67341360.0000000000,41
2300,54,0.0248778730,67341360.0000000000,44
2300,55,0.0248767720,67341360.0000000000,43
2300,56,0.0261287260,72102448.0000000000,48
2300,57,0.0261621900,72102448.0000000000,50
2300,58,0.0261801550,72102448.0000000000,49
2300,59,0.0261588330,72102448.0000000000,52
2300,60,0.0261945840,72102448.0000000000,53
2300,61,0.0248194430,67341360.0000000000,45
2300,62,0.0248877340,67341360.0000000000,46
2300,63,0.0248877620,67341360.0000000000,46
2300,64,0.0266634500,72102448.0000000000,40
2300,65,0.0261389240,72102448.0000000000,41
2300,66,0.0261866170,72102448.0000000000,55
2300,67,0.0261183750,72102448.0000000000,46
2300,68,0.0261659580,72102448.0000000000,53
2300,69,0.0248884210,67341360.0000000000,44
2300,70,0.0249115990,67341360.0000000000,42
2300,71,0.0249222590,67341360.0000000000,47
2300,72,0.0261717360,72102448.0000000000,42
2300,73,0.0266813640,72102448.0000000000,40
2300,74,0.0261687440,72102448.0000000000,55
2300,75,0.0261307290,72102448.0000000000,52
2300,76,0.0261339420,72102448.0000000000,43
2300,77,0.0249160670,67341360.0000000000,43
2300,78,0.0254136610,67341360.0000000000,40
2300,79,0.0248694090,67341360.0000000000,47
2300,80,0.0239114300,63170096.0000000000,35
2300,81,0.0234941240,63170096.0000000000,54
2300,82,0.0233353240,63170096.0000000000,53
2300,83,0.0234389600,63170096.0000000000,48
2300,84,0.0234245020,63170096.0000000000,50
2300,85,0.0220740080,58998832.0000000000,30
2300,86,0.0221461920,58998832.0000000000,27
2300,87,0.0221914750,58998832.0000000000,31
2300,88,0.0238556070,63170096.0000000000,37
2300,89,0.0238306080,63170096.0000000000,39
2300,90,0.0238034140,63170096.0000000000,29
2300,91,0.0239708140,63170096.0000000000,34
2300,92,0.0239013450,63170096.0000000000,38
2300,93,0.0220987700,58998832.0000000000,27
2300,94,0.0220120220,58998832.0000000000,25
2300,95,0.0221144770,58998832.0000000000,31
2300,96,0.0234416850,63170096.0000000000,49
2300,97,0.0238541450,63170096.0000000000,36
2300,98,0.0238586070,63170096.0000000000,33
2300,99,0.0235084030,63170096.0000000000,51
2300,100,0.0238616750,63170096.0000000000,32
2300,101,0.0221330570,58998832.0000000000,26
2300,102,0.0221023570,58998832.0000000000,24
2300,103,0.0222482770,58998832.0000000000,28
2300,104,0.0239372300,63170096.0000000000,32
2300,105,0.0238296350,63170096.0000000000,38
2300,106,0.0239344730,63170096.0000000000,34
2300,107,0.0234534220,63170096.0000000000,55
2300,108,0.0238659890,63170096.0000000000,36
2300,109,0.0220964670,58998832.0000000000,26
2300,110,0.0220766340,58998832.0000000000,30
2300,111,0.0221602090,58998832.0000000000,24
2300,112,0.0239003190,63170096.0000000000,35
2300,113,0.0233817620,63170096.0000000000,52
2300,114,0.0238706890,63170096.0000000000,33
2300,115,0.0238360390,63170096.0000000000,39
2300,116,0.0238547340,63170096.0000000000,37
2300,117,0.0220924650,58998832.0000000000,29
2300,118,0.0221061940,58998832.0000000000,25
2300,119,0.0222114250,58998832.0000000000,28
2350,0,9.6892975815,410114288.0000000000,27
2350,1,8.1440570904,360004112.0000000000,28
2350,2,6.1806973567,305816672.0000000000,25
2350,3,5.9416644208,298352416.0000000000,24
2350,4,6.0310113612,300594288.0000000000,26
2350,5,7.6627080408,337905504.0000000000,30
2350,6,13.8916995249,518143248.0000000000,31
2350,7,11.5425306038,454789184.0000000000,29
2350,8,14.6176956819,607807536.0000000000,2
2350,9,15.4486297466,624572816.0000000000,0
2350,10,16.7851426720,653842752.0000000000,4
2350,11,17.0318973604,666463312.0000000000,5
2350,12,17.0190748865,661701312.0000000000,11
2350,13,14.7237383012,584279712.0000000000,15
2350,14,12.4852100321,529968032.0000000000,17
2350,15,12.2909872535,526279424.0000000000,21
2350,16,13.4543129999,575239136.0000000000,1
2350,17,13.4651007164,575416048.0000000000,8
2350,18,13.4661091684,575419600.0000000000,10
2350,19,13.4503442127,575423088.0000000000,7
2350,20,13.4494376170,575418368.0000000000,14
2350,21,12.5610193746,537105440.0000000000,19
2350,22,12.5701329624,537105760.0000000000,23
2350,23,12.5644791754,536919184.0000000000,18
2350,24,13.4589128546,574825392.0000000000,13
2350,25,13.4684868415,575438432.0000000000,3
2350,26,13.4770624525,575434528.0000000000,9
2350,27,13.4589858935,575413776.0000000000,6
2350,28,13.4628920509,575431248.0000000000,12
2350,29,12.5742263273,537129104.0000000000,16
2350,30,12.5936540377,537081904.0000000000,20
2350,31,12.5746037818,536497840.0000000000,22
2350,32,7.8618617993,349218112.0000000000,33
2350,33,7.8726690115,350070224.0000000000,36
2350,34,7.8784202601,350034496.0000000000,34
2350,35,7.8787805645,350044704.0000000000,32
2350,36,7.8794431515,350043232.0000000000,35
2350,37,7.3786232852,326749776.0000000000,37
2350,38,7.3840730119,326809072.0000000000,38
2350,39,7.3469505512,325936336.0000000000,39
2350,40,0.8541844886,72102448.0000000000,45
2350,41,0.8555374730,72102448.0000000000,47
2350,42,0.8570987731,72102448.0000000000,54
2350,43,0.8541577711,72102448.0000000000,44
2350,44,0.8560187511,72102448.0000000000,54
2350,45,0.8136788659,67341360.0000000000,42
2350,46,0.8129172897,67341360.0000000000,41
2350,47,0.8110626215,67341360.0000000000,45
2350,48,0.8566057382,72102448.0000000000,51
2350,49,0.8557098836,72102448.0000000000,51
2350,50,0.8553828634,72102448.0000000000,49
2350,51,0.8550389653,72102448.0000000000,48
2350,52,0.8545101520,72102448.0000000000,50
2350,53,0.8122045648,67341360.0000000000,41
2350,54,0.8116824323,67341360.0000000000,44
2350,55,0.8136483299,67341360.0000000000,43
2350,56,0.8537068796,72102448.0000000000,48
2350,57,0.8537252667,72102448.0000000000,50
2350,58,0.8544054225,72102448.0000000000,49
2350,59,0.8547165826,72102448.0000000000,52
2350,60,0.8551834032,72102448.0000000000,53
2350,61,0.8112880831,67341360.0000000000,45
2350,62,0.8127617926,67341360.0000000000,46
2350,63,0.8118926131,67341360.0000000000,46
2350,64,0.8726908892,72102448.0000000000,40
2350,65,0.8549171606,72102448.0000000000,41
2350,66,0.8556101329,72102448.0000000000,55
2350,67,0.8535154621,72102448.0000000000,46
2350,68,0.8542700854,72102448.0000000000,53
2350,69,0.8116876393,67341360.0000000000,44
2350,70,0.8126280669,67341360.0000000000,42
2350,71,0.8120260241,67341360.0000000000,47
2350,72,0.8542135152,72102448.0000000000,42
2350,73,0.8722258417,72102448.0000000000,40
2350,74,0.8546289693,72102448.0000000000,55
2350,75,0.8535703741,72102448.0000000000,52
2350,76,0.8545456526,72102448.0000000000,43
2350,77,0.8129384065,67341360.0000000000,43
2350,78,0.8285403300,67341360.0000000000,40
2350,79,0.8120586436,67341360.0000000000,47
2350,80,0.7805683809,63170096.0000000000,35
2350,81,0.7669283708,63170096.0000000000,54
2350,82,0.7633218995,63170096.0000000000,53
2350,83,0.7648335675,63170096.0000000000,48
2350,84,0.7645773527,63170096.0000000000,50
2350,85,0.7213656395,58998832.0000000000,30
2350,86,0.7234213399,58998832.0000000000,27
2350,87,0.7232056331,58998832.0000000000,31
2350,88,0.7802000469,63170096.0000000000,37
2350,89,0.7777292399,63170096.0000000000,39
2350,90,0.7793038075,63170096.0000000000,29
2350,91,0.7825380294,63170096.0000000000,34
2350,92,0.7798011845,63170096.0000000000,38
2350,93,0.7232285046,58998832.0000000000,27
2350,94,0.7204592449,58998832.0000000000,25
2350,95,0.7231884911,58998832.0000000000,31
2350,96,0.7653868127,63170096.0000000000,49
2350,97,0.7800120801,63170096.0000000000,36
2350,98,0.7794974711,63170096.0000000000,33
2350,99,0.7665350424,63170096.0000000000,51
2350,100,0.7809362736,63170096.0000000000,32
2350,101,0.7217931614,58998832.0000000000,26
2350,102,0.7227881493,58998832.0000000000,24
2350,103,0.7256409169,58998832.0000000000,28
2350,104,0.7810307303,63170096.0000000000,32
2350,105,0.7796500086,63170096.0000000000,38
2350,106,0.7826989337,63170096.0000000000,34
2350,107,0.7647910266,63170096.0000000000,55
2350,108,0.7801759497,63170096.0000000000,36
2350,109,0.7215903597,58998832.0000000000,26
2350,110,0.7211143755,58998832.0000000000,30
2350,111,0.7225434408,58998832.0000000000,24
2350,112,0.7803678122,63170096.0000000000,35
2350,113,0.7642354220,63170096.0000000000,52
2350,114,0.7792836878,63170096.0000000000,33
2350,115,0.7777433242,63170096.0000000000,39
2350,116,0.7795980380,63170096.0000000000,37
2350,117,0.7214789307,58998832.0000000000,29
2350,118,0.7203034557,58998832.0000000000,25
2350,119,0.7254282275,58998832.0000000000,28
2400,0,0.2991836640,408556896.0000000000,27
2400,1,0.2465729350,356158752.0000000000,28
2400,2,0.1886613130,303532928.0000000000,25
2400,3,0.1833292090,297234384.0000000000,24
2400,4,0.1849592770,299554592.0000000000,26
2400,5,0.2360649630,336568752.0000000000,30
2400,6,0.4384379690,522267024.0000000000,31
2400,7,0.3557816920,453383168.0000000000,29
2400,8,0.4595725760,609743216.0000000000,2
2400,9,0.4836878490,626040912.0000000000,0
2400,10,0.5258180670,656792640.0000000000,4
2400,11,0.5313711010,667305760.0000000000,5
2400,12,0.5304175920,662358864.0000000000,11
2400,13,0.4573809070,583675472.0000000000,15
2400,14,0.3871456060,529729600.0000000000,17
2400,15,0.3817670060,526133888.0000000000,21
2400,16,0.4180662150,575235712.0000000000,1
2400,17,0.4185304140,575422992.0000000000,8
2400,18,0.4183956510,575414112.0000000000,10
2400,19,0.4179290120,575415744.0000000000,7
2400,20,0.4179831320,575418640.0000000000,14
2400,21,0.3903294510,537104656.0000000000,19
2400,22,0.3905516040,537102496.0000000000,23
2400,23,0.3903990770,536920320.0000000000,18
2400,24,0.4183508190,574813600.0000000000,13
2400,25,0.4185093630,575436400.0000000000,3
2400,26,0.4187741150,575432992.0000000000,9
2400,27,0.4183132980,575414528.0000000000,6
2400,28,0.4183874520,575433184.0000000000,12
2400,29,0.3906646470,537130336.0000000000,16
2400,30,0.3913766910,537082128.0000000000,20
2400,31,0.3907895940,536485472.0000000000,22
2400,32,0.2436254360,349201216.0000000000,33
2400,33,0.2443485950,350071136.0000000000,36
2400,34,0.2446900870,350041264.0000000000,34
2400,35,0.2446908570,350040672.0000000000,32
2400,36,0.2446339470,350042368.0000000000,35
2400,37,0.2292065550,326752176.0000000000,37
2400,38,0.2291756960,326810000.0000000000,38
2400,39,0.2280779070,325917040.0000000000,39
2400,40,0.0261525600,72102448.0000000000,45
2400,41,0.0262330060,72102448.0000000000,47
2400,42,0.0262447780,72102448.0000000000,54
2400,43,0.0262077190,72102448.0000000000,44
2400,44,0.0261951920,72102448.0000000000,54
2400,45,0.0248524360,67341360.0000000000,42
2400,46,0.0248185700,67341360.0000000000,41
2400,47,0.0248629360,67341360.0000000000,45
2400,48,0.0262723630,72102448.0000000000,51
2400,49,0.0261700480,72102448.0000000000,51
2400,50,0.0262250910,72102448.0000000000,49
2400,51,0.0262152630,72102448.0000000000,48
2400,52,0.0261899230,72102448.0000000000,50
2400,53,0.0248759990,67341360.0000000000,41
2400,54,0.0248314730,67341360.0000000000,44
2400,55,0.0249092450,67341360.0000000000,43
2400,56,0.0261399310,72102448.0000000000,48
2400,57,0.0261199710,72102448.0000000000,50
2400,58,0.0261694150,72102448.0000000000,49
2400,59,0.0261778410,72102448.0000000000,52
2400,60,0.0261747460,72102448.0000000000,53
2400,61,0.0249030910,67341360.0000000000,45
2400,62,0.0248359320,67341360.0000000000,46
2400,63,0.0248659510,67341360.0000000000,46
2400,64,0.0267156200,72102448.0000000000,40
2400,65,0.0261641520,72102448.0000000000,41
2400,66,0.0262525250,72102448.0000000000,55
2400,67,0.0261114520,72102448.0000000000,46
2400,68,0.0261398580,72102448.0000000000,53
2400,69,0.0248289770,67341360.0000000000,44
2400,70,0.0248655710,67341360.0000000000,42
2400,71,0.0248843970,67341360.0000000000,47
2400,72,0.0261364400,72102448.0000000000,42
2400,73,0.0267792110,72102448.0000000000,40
2400,74,0.0261853050,72102448.0000000000,55
2400,75,0.0261284650,72102448.0000000000,52
2400,76,0.0262084670,72102448.0000000000,43
2400,77,0.0249487310,67341360.0000000000,43
2400,78,0.0254209240,67341360.0000000000,40
2400,79,0.0248719330,67341360.0000000000,47
2400,80,0.0238910600,63170096.0000000000,35
2400,81,0.0235009850,63170096.0000000000,54
2400,82,0.0233694300,63170096.0000000000,53
2400,83,0.0234094620,63170096.0000000000,48
2400,84,0.0234303910,63170096.0000000000,50
2400,85,0.0220717150,58998832.0000000000,30
2400,86,0.0221522330,58998832.0000000000,27
2400,87,0.0221218600,58998832.0000000000,31
2400,88,0.0238637610,63170096.0000000000,37
2400,89,0.0238346140,63170096.0000000000,39
2400,90,0.0238615370,63170096.0000000000,29
2400,91,0.0239744420,63170096.0000000000,34
2400,92,0.0238815240,63170096.0000000000,38
2400,93,0.0221424460,58998832.0000000000,27
2400,94,0.0220511390,58998832.0000000000,25
2400,95,0.0221373710,58998832.0000000000,31
2400,96,0.0234569030,63170096.0000000000,49
2400,97,0.0238509660,63170096.0000000000,36
2400,98,0.0238780740,63170096.0000000000,33
2400,99,0.0234768920,63170096.0000000000,51
2400,100,0.0239366660,63170096.0000000000,32
2400,101,0.0221140100,58998832.0000000000,26
2400,102,0.0221417340,58998832.0000000000,24
2400,103,0.0222140780,58998832.0000000000,28
2400,104,0.0239106000,63170096.0000000000,32
2400,105,0.0238609350,63170096.0000000000,38
2400,106,0.0239730290,63170096.0000000000,34
2400,107,0.0234068030,63170096.0000000000,55
2400,108,0.0239168440,63170096.0000000000,36
2400,109,0.0220924600,58998832.0000000000,26
2400,110,0.0220727370,58998832.0000000000,30
2400,111,0.0221069170,58998832.0000000000,24
2400,112,0.0239065100,63170096.0000000000,35
2400,113,0.0234160200,63170096.0000000000,52
2400,114,0.0238620940,63170096.0000000000,33
2400,115,0.0238575680,63170096.0000000000,39
2400,116,0.0238745740,63170096.0000000000,37
2400,117,0.0220880060,58998832.0000000000,29
2400,118,0.0220476030,58998832.0000000000,25
2400,119,0.0222234270,58998832.0000000000,28
2450,0,9.6337946372,406878816.0000000000,27
2450,1,7.8549632950,351317392.0000000000,28
2450,2,6.0066548552,299220560.0000000000,25
2450,3,5.8483895885,295799584.0000000000,24
2450,4,5.9457439869,297974144.0000000000,26
2450,5,7.5109785489,331633248.0000000000,30
2450,6,14.1854668104,524970752.0000000000,31
2450,7,11.4695777162,452884880.0000000000,29
2450,8,14.8514966449,611927456.0000000000,2
2450,9,15.6480648670,629704656.0000000000,0
2450,10,17.0064983518,660209312.0000000000,4
2450,11,17.1130364919,668215296.0000000000,5
2450,12,17.0829492521,663504688.0000000000,11
2450,13,14.7826367664,586821664.0000000000,15
2450,14,12.4892253355,530452736.0000000000,17
2450,15,12.2937894186,525928384.0000000000,21
2450,16,13.4552632533,575237152.0000000000,1
2450,17,13.4656624291,575416512.0000000000,8
2450,18,13.4661022887,575417776.0000000000,10
2450,19,13.4493504344,575413344.0000000000,7
2450,20,13.4498680916,575419536.0000000000,14
2450,21,12.5605675843,537104016.0000000000,19
2450,22,12.5717842784,537101648.0000000000,23
2450,23,12.5653903862,536921248.0000000000,18
2450,24,13.4586717575,574799216.0000000000,13
2450,25,13.4687308748,575433856.0000000000,3
2450,26,13.4780222781,575427616.0000000000,9
2450,27,13.4579977121,575416416.0000000000,6
2450,28,13.4626030519,575435328.0000000000,12
2450,29,12.5747605221,537126576.0000000000,16
2450,30,12.5955428144,537084608.0000000000,20
2450,31,12.5749541144,536474592.0000000000,22
2450,32,7.8474911999,349186656.0000000000,33
2450,33,7.8731756434,350070048.0000000000,36
2450,34,7.8773030095,350046208.0000000000,34
2450,35,7.8789400982,350037408.0000000000,32
2450,36,7.8789333757,350041008.0000000000,35
2450,37,7.3780364554,326752416.0000000000,37
2450,38,7.3846342422,326808944.0000000000,38
2450,39,7.3472429674,325905248.0000000000,39
2450,40,0.8541409973,72102448.0000000000,45
2450,41,0.8557317119,72102448.0000000000,47
2450,42,0.8569414207,72102448.0000000000,54
2450,43,0.8539138647,72102448.0000000000,44
2450,44,0.8561940081,72102448.0000000000,54
2450,45,0.8136095966,67341360.0000000000,42
2450,46,0.8129794296,67341360.0000000000,41
2450,47,0.8113098531,67341360.0000000000,45
2450,48,0.8564351968,72102448.0000000000,51
2450,49,0.8556368119,72102448.0000000000,51
2450,50,0.8552530078,72102448.0000000000,49
2450,51,0.8548898055,72102448.0000000000,48
2450,52,0.8543500539,72102448.0000000000,50
2450,53,0.8121992114,67341360.0000000000,41
2450,54,0.8116690178,67341360.0000000000,44
2450,55,0.8134481273,67341360.0000000000,43
2450,56,0.8538903244,72102448.0000000000,48
2450,57,0.8536805814,72102448.0000000000,50
2450,58,0.8542294894,72102448.0000000000,49
2450,59,0.8546614214,72102448.0000000000,52
2450,60,0.8552422828,72102448.0000000000,53
2450,61,0.8112946347,67341360.0000000000,45
2450,62,0.8127311891,67341360.0000000000,46
2450,63,0.8118283655,67341360.0000000000,46
2450,64,0.8727189497,72102448.0000000000,40
2450,65,0.8549243014,72102448.0000000000,41
2450,66,0.8555608165,72102448.0000000000,55
2450,67,0.8534309082,72102448.0000000000,46
2450,68,0.8543698007,72102448.0000000000,53
2450,69,0.8113409607,67341360.0000000000,44
2450,70,0.8124535159,67341360.0000000000,42
2450,71,0.8118740671,67341360.0000000000,47
2450,72,0.8544662822,72102448.0000000000,42
2450,73,0.8723610966,72102448.0000000000,40
2450,74,0.8547247073,72102448.0000000000,55
2450,75,0.8535359340,72102448.0000000000,52
2450,76,0.8546553016,72102448.0000000000,43
2450,77,0.8131653023,67341360.0000000000,43
2450,78,0.8291065981,67341360.0000000000,40
2450,79,0.8117442423,67341360.0000000000,47
2450,80,0.7805222379,63170096.0000000000,35
2450,81,0.7670167702,63170096.0000000000,54
2450,82,0.7634715783,63170096.0000000000,53
2450,83,0.7647377505,63170096.0000000000,48
2450,84,0.7647382145,63170096.0000000000,50
2450,85,0.7213463016,58998832.0000000000,30
2450,86,0.7235246748,58998832.0000000000,27
2450,87,0.7232515375,58998832.0000000000,31
2450,88,0.7798835395,63170096.0000000000,37
2450,89,0.7778179168,63170096.0000000000,39
2450,90,0.7791627144,63170096.0000000000,29
2450,91,0.7827153628,63170096.0000000000,34
2450,92,0.7798567697,63170096.0000000000,38
2450,93,0.7233988012,58998832.0000000000,27
2450,94,0.7208396018,58998832.0000000000,25
2450,95,0.7228536985,58998832.0000000000,31
2450,96,0.7653447090,63170096.0000000000,49
2450,97,0.7799856637,63170096.0000000000,36
2450,98,0.7795299319,63170096.0000000000,33
2450,99,0.7662528666,63170096.0000000000,51
2450,100,0.7813255744,63170096.0000000000,32
2450,101,0.7218259140,58998832.0000000000,26
2450,102,0.7229661693,58998832.0000000000,24
2450,103,0.7253621215,58998832.0000000000,28
2450,104,0.7808976101,63170096.0000000000,32
2450,105,0.7796800132,63170096.0000000000,38
2450,106,0.7826127638,63170096.0000000000,34
2450,107,0.7649166590,63170096.0000000000,55
2450,108,0.7801363399,63170096.0000000000,36
2450,109,0.7217236282,58998832.0000000000,26
2450,110,0.7212757429,58998832.0000000000,30
2450,111,0.7227806951,58998832.0000000000,24
2450,112,0.7805183197,63170096.0000000000,35
2450,113,0.7642707667,63170096.0000000000,52
2450,114,0.7793684699,63170096.0000000000,33
2450,115,0.7777275627,63170096.0000000000,39
2450,116,0.7793027288,63170096.0000000000,37
2450,117,0.7212176527,58998832.0000000000,29
2450,118,0.7204942176,58998832.0000000000,25
2450,119,0.7251652761,58998832.0000000000,28
2500,0,0.2975540050,405070800.0000000000,27
2500,1,0.2380325260,347260560.0000000000,28
2500,2,0.1861275170,298391568.0000000000,25
2500,3,0.1803561210,295179408.0000000000,24
2500,4,0.1818816550,296708752.0000000000,26
2500,5,0.2253962090,326017280.0000000000,30
2500,6,0.4452483650,526875136.0000000000,31
2500,7,0.3587787940,453415904.0000000000,29
2500,8,0.4658672420,613982272.0000000000,2
2500,9,0.4923374720,632257248.0000000000,0
2500,10,0.5312070850,660218480.0000000000,4
2500,11,0.5336743130,668224048.0000000000,5
2500,12,0.5333148120,664042400.0000000000,11
2500,13,0.4651386730,589096944.0000000000,15
2500,14,0.3900073500,531117904.0000000000,17
2500,15,0.3817937200,525658560.0000000000,21
2500,16,0.4182489560,575238960.0000000000,1
2500,17,0.4183541120,575413712.0000000000,8
2500,18,0.4184906760,575420736.0000000000,10
2500,19,0.4178856900,575412720.0000000000,7
2500,20,0.4178161040,575418160.0000000000,14
2500,21,0.3902972880,537106560.0000000000,19
2500,22,0.3905514390,537103712.0000000000,23
2500,23,0.3904625270,536920224.0000000000,18
2500,24,0.4181804450,574783360.0000000000,13
2500,25,0.4184213490,575433008.0000000000,3
2500,26,0.4189383650,575421760.0000000000,9
2500,27,0.4181377590,575408608.0000000000,6
2500,28,0.4185026400,575440192.0000000000,12
2500,29,0.3907266670,537126528.0000000000,16
2500,30,0.3911736520,537088544.0000000000,20
2500,31,0.3907197140,536461472.0000000000,22
2500,32,0.2437229300,349169520.0000000000,33
2500,33,0.2447426260,350072592.0000000000,36
2500,34,0.2446691230,350049264.0000000000,34
2500,35,0.2445597310,350041856.0000000000,32
2500,36,0.2446594050,350039184.0000000000,35
2500,37,0.2291704940,326748704.0000000000,37
2500,38,0.2292665550,326806944.0000000000,38
2500,39,0.2280120690,325887200.0000000000,39
2500,40,0.0261707060,72102448.0000000000,45
2500,41,0.0261695950,72102448.0000000000,47
2500,42,0.0262131460,72102448.0000000000,54
2500,43,0.0261321920,72102448.0000000000,44
2500,44,0.0261957840,72102448.0000000000,54
2500,45,0.0249348130,67341360.0000000000,42
2500,46,0.0248907070,67341360.0000000000,41
2500,47,0.0248522730,67341360.0000000000,45
2500,48,0.0262459410,72102448.0000000000,51
2500,49,0.0262137290,72102448.0000000000,51
2500,50,0.0262206660,72102448.0000000000,49
2500,51,0.0261920360,72102448.0000000000,48
2500,52,0.0261867880,72102448.0000000000,50
2500,53,0.0248219650,67341360.0000000000,41
2500,54,0.0248317330,67341360.0000000000,44
2500,55,0.0249405050,67341360.0000000000,43
2500,56,0.0261553080,72102448.0000000000,48
2500,57,0.0261738120,72102448.0000000000,50
2500,58,0.0261227350,72102448.0000000000,49
2500,59,0.0261374600,72102448.0000000000,52
2500,60,0.0262207690,72102448.0000000000,53
2500,61,0.0248660000,67341360.0000000000,45
2500,62,0.0248918510,67341360.0000000000,46
2500,63,0.0249144230,67341360.0000000000,46
2500,64,0.0267191670,72102448.0000000000,40
2500,65,0.0262111520,72102448.0000000000,41
2500,66,0.0261898400,72102448.0000000000,55
2500,67,0.0261185060,72102448.0000000000,46
2500,68,0.0261711870,72102448.0000000000,53
2500,69,0.0249148440,67341360.0000000000,44
2500,70,0.0248876240,67341360.0000000000,42
2500,71,0.0248395390,67341360.0000000000,47
2500,72,0.0261302560,72102448.0000000000,42
2500,73,0.0266794180,72102448.0000000000,40
2500,74,0.0261587440,72102448.0000000000,55
2500,75,0.0261390840,72102448.0000000000,52
2500,76,0.0261599620,72102448.0000000000,43
2500,77,0.0249233810,67341360.0000000000,43
2500,78,0.0253634120,67341360.0000000000,40
2500,79,0.0248702190,67341360.0000000000,47
2500,80,0.0239406660,63170096.0000000000,35
2500,81,0.0234581620,63170096.0000000000,54
2500,82,0.0233908830,63170096.0000000000,53
2500,83,0.0234156850,63170096.0000000000,48
2500,84,0.0234266530,63170096.0000000000,50
2500,85,0.0220522050,58998832.0000000000,30
2500,86,0.0221465240,58998832.0000000000,27
2500,87,0.0221416300,58998832.0000000000,31
2500,88,0.0238724800,63170096.0000000000,37
2500,89,0.0237793870,63170096.0000000000,39
2500,90,0.0238433220,63170096.0000000000,29
2500,91,0.0239547750,63170096.0000000000,34
2500,92,0.0238593530,63170096.0000000000,38
2500,93,0.0221286170,58998832.0000000000,27
2500,94,0.0220669600,58998832.0000000000,25
2500,95,0.0221236140,58998832.0000000000,31
2500,96,0.0234093830,63170096.0000000000,49
2500,97,0.0239103310,63170096.0000000000,36
2500,98,0.0238944160,63170096.0000000000,33
2500,99,0.0234664410,63170096.0000000000,51
2500,100,0.0239041050,63170096.0000000000,32
2500,101,0.0221243620,58998832.0000000000,26
2500,102,0.0221301110,58998832.0000000000,24
2500,103,0.0221677190,58998832.0000000000,28
2500,104,0.0239467580,63170096.0000000000,32
2500,105,0.0238656160,63170096.0000000000,38
2500,106,0.0239579880,63170096.0000000000,34
2500,107,0.0234354210,63170096.0000000000,55
2500,108,0.0238910560,63170096.0000000000,36
2500,109,0.0220897640,58998832.0000000000,26
2500,110,0.0220378080,58998832.0000000000,30
2500,111,0.0221090300,58998832.0000000000,24
2500,112,0.0238746670,63170096.0000000000,35
2500,113,0.0233916640,63170096.0000000000,52
2500,114,0.0238818830,63170096.0000000000,33
2500,115,0.0237702710,63170096.0000000000,39
2500,116,0.0238631020,63170096.0000000000,37
2500,117,0.0221485710,58998832.0000000000,29
2500,118,0.0220079550,58998832.0000000000,25
2500,119,0.0221780480,58998832.0000000000,28
2550,0,9.5516145453,403573152.0000000000,27
2550,1,7.6442094484,345663504.0000000000,28
2550,2,5.9999533580,298826848.0000000000,25
2550,3,5.8384926059,295599712.0000000000,24
2550,4,5.9001285054,297146896.0000000000,26
2550,5,7.1949314486,322917776.0000000000,30
2550,6,14.3577177817,528551248.0000000000,31
2550,7,11.5733684661,454611648.0000000000,29
2550,8,15.0185474436,615754272.0000000000,2
2550,9,15.8481587171,632826864.0000000000,0
2550,10,17.0594814205,659514560.0000000000,4
2550,11,17.1358357362,667500144.0000000000,5
2550,12,17.1367277329,663432320.0000000000,11
2550,13,14.9796519522,589484896.0000000000,15
2550,14,12.5570300912,531075296.0000000000,17
2550,15,12.2843380844,525389712.0000000000,21
2550,16,13.4555459548,575231056.0000000000,1
2550,17,13.4656160843,575418496.0000000000,8
2550,18,13.4669335573,575419824.0000000000,10
2550,19,13.4495083358,575416032.0000000000,7
2550,20,13.4506905928,575421456.0000000000,14
2550,21,12.5602408727,537105904.0000000000,19
2550,22,12.5702961414,537101616.0000000000,23
2550,23,12.5646256775,536914656.0000000000,18
2550,24,13.4584284418,574775120.0000000000,13
2550,25,13.4683941597,575438080.0000000000,3
2550,26,13.4783870450,575424288.0000000000,9
2550,27,13.4611195187,575409728.0000000000,6
2550,28,13.4641499773,575437632.0000000000,12
2550,29,12.5747624341,537124720.0000000000,16
2550,30,12.5953757968,537087392.0000000000,20
2550,31,12.5747582416,536454992.0000000000,22
2550,32,7.8448186927,349152224.0000000000,33
2550,33,7.8736055755,350071904.0000000000,36
2550,34,7.8786759096,350047936.0000000000,34
2550,35,7.8786491672,350040576.0000000000,32
2550,36,7.8795566332,350040320.0000000000,35
2550,37,7.3786028211,326750272.0000000000,37
2550,38,7.3842332596,326806864.0000000000,38
2550,39,7.3461301755,325869040.0000000000,39
2550,40,0.8543076429,72102448.0000000000,45
2550,41,0.8558701726,72102448.0000000000,47
2550,42,0.8570646095,72102448.0000000000,54
2550,43,0.8538197638,72102448.0000000000,44
2550,44,0.8559682131,72102448.0000000000,54
2550,45,0.8137286563,67341360.0000000000,42
2550,46,0.8130876776,67341360.0000000000,41
2550,47,0.8113811401,67341360.0000000000,45
2550,48,0.8565633926,72102448.0000000000,51
2550,49,0.8555383927,72102448.0000000000,51
2550,50,0.8553110067,72102448.0000000000,49
2550,51,0.8549369547,72102448.0000000000,48
2550,52,0.8545699202,72102448.0000000000,50
2550,53,0.8119797838,67341360.0000000000,41
2550,54,0.8115256134,67341360.0000000000,44
2550,55,0.8138714112,67341360.0000000000,43
2550,56,0.8537931181,72102448.0000000000,48
2550,57,0.8535548207,72102448.0000000000,50
2550,58,0.8543100003,72102448.0000000000,49
2550,59,0.8544987174,72102448.0000000000,52
2550,60,0.8551072980,72102448.0000000000,53
2550,61,0.8113466496,67341360.0000000000,45
2550,62,0.8128362848,67341360.0000000000,46
2550,63,0.8121389540,67341360.0000000000,46
2550,64,0.8727371262,72102448.0000000000,40
2550,65,0.8550276099,72102448.0000000000,41
2550,66,0.8555792333,72102448.0000000000,55
2550,67,0.8534364514,72102448.0000000000,46
2550,68,0.8543033696,72102448.0000000000,53
2550,69,0.8116267620,67341360.0000000000,44
2550,70,0.8126818302,67341360.0000000000,42
2550,71,0.8120295531,67341360.0000000000,47
2550,72,0.8543476582,72102448.0000000000,42
2550,73,0.8720327008,72102448.0000000000,40
2550,74,0.8547622681,72102448.0000000000,55
2550,75,0.8534520934,72102448.0000000000,52
2550,76,0.8548146712,72102448.0000000000,43
2550,77,0.8129435390,67341360.0000000000,43
2550,78,0.8287568195,67341360.0000000000,40
2550,79,0.8117020826,67341360.0000000000,47
2550,80,0.7806120482,63170096.0000000000,35
2550,81,0.7668922575,63170096.0000000000,54
2550,82,0.7637884352,63170096.0000000000,53
2550,83,0.7645357182,63170096.0000000000,48
2550,84,0.7645638806,63170096.0000000000,50
2550,85,0.7213662889,58998832.0000000000,30
2550,86,0.7233551392,58998832.0000000000,27
2550,87,0.7231053701,58998832.0000000000,31
2550,88,0.7799312535,63170096.0000000000,37
2550,89,0.7776097595,63170096.0000000000,39
2550,90,0.7793280555,63170096.0000000000,29
2550,91,0.7825529350,63170096.0000000000,34
2550,92,0.7798068731,63170096.0000000000,38
2550,93,0.7235224393,58998832.0000000000,27
2550,94,0.7203557622,58998832.0000000000,25
2550,95,0.7233379956,58998832.0000000000,31
2550,96,0.7650740113,63170096.0000000000,49
2550,97,0.7799917862,63170096.0000000000,36
2550,98,0.7794640829,63170096.0000000000,33
2550,99,0.7663816205,63170096.0000000000,51
2550,100,0.7809191584,63170096.0000000000,32
2550,101,0.7218744004,58998832.0000000000,26
2550,102,0.7230463079,58998832.0000000000,24
2550,103,0.7255126697,58998832.0000000000,28
2550,104,0.7810420659,63170096.0000000000,32
2550,105,0.7795221315,63170096.0000000000,38
2550,106,0.7824660773,63170096.0000000000,34
2550,107,0.7647206293,63170096.0000000000,55
2550,108,0.7800213337,63170096.0000000000,36
2550,109,0.7216985519,58998832.0000000000,26
2550,110,0.7210385320,58998832.0000000000,30
2550,111,0.7227245938,58998832.0000000000,24
2550,112,0.7805490536,63170096.0000000000,35
2550,113,0.7642618482,63170096.0000000000,52
2550,114,0.7793215328,63170096.0000000000,33
2550,115,0.7777158745,63170096.0000000000,39
2550,116,0.7793660616,63170096.0000000000,37
2550,117,0.7211621694,58998832.0000000000,29
2550,118,0.7202420391,58998832.0000000000,25
2550,119,0.7254173911,58998832.0000000000,28
2600,0,0.2927949420,402149344.0000000000,27
2600,1,0.2359528200,344532992.0000000000,28
2600,2,0.1858662330,299576032.0000000000,25
2600,3,0.1819183980,296242672.0000000000,24
2600,4,0.1846104500,297528464.0000000000,26
2600,5,0.2202504960,321245648.0000000000,30
2600,6,0.4483127070,529788896.0000000000,31
2600,7,0.3600474330,456166736.0000000000,29
2600,8,0.4678635140,617295568.0000000000,2
2600,9,0.4933999940,632676112.0000000000,0
2600,10,0.5303627200,658508896.0000000000,4
2600,11,0.5322984390,666309168.0000000000,5
2600,12,0.5329310510,662671744.0000000000,11
2600,13,0.4665460640,588934320.0000000000,15
2600,14,0.3889860520,530519424.0000000000,17
2600,15,0.3811979360,525139504.0000000000,21
2600,16,0.4181637830,575227952.0000000000,1
2600,17,0.4184744640,575421520.0000000000,8
2600,18,0.4185728960,575423312.0000000000,10
2600,19,0.4178818170,575417136.0000000000,7
2600,20,0.4179913170,575418448.0000000000,14
2600,21,0.3903658810,537102624.0000000000,19
2600,22,0.3906258040,537102960.0000000000,23
2600,23,0.3904326920,536911920.0000000000,18
2600,24,0.4182048780,574759136.0000000000,13
2600,25,0.4185058940,575440144.0000000000,3
2600,26,0.4192255790,575421920.0000000000,9
2600,27,0.4181234960,575410128.0000000000,6
2600,28,0.4183968600,575439552.0000000000,12
2600,29,0.3907634310,537123792.0000000000,16
2600,30,0.3913237050,537089552.0000000000,20
2600,31,0.3909158260,536443328.0000000000,22
2600,32,0.2437938270,349141120.0000000000,33
2600,33,0.2445849950,350069536.0000000000,36
2600,34,0.2445984070,350045824.0000000000,34
2600,35,0.2445878620,350041552.0000000000,32
2600,36,0.2446378930,350041680.0000000000,35
2600,37,0.2291101090,326748032.0000000000,37
2600,38,0.2292041210,326809616.0000000000,38
2600,39,0.2280665120,325848032.0000000000,39
2600,40,0.0261614150,72102448.0000000000,45
2600,41,0.0261680900,72102448.0000000000,47
2600,42,0.0262667620,72102448.0000000000,54
2600,43,0.0262233260,72102448.0000000000,44
2600,44,0.0261884190,72102448.0000000000,54
2600,45,0.0249748230,67341360.0000000000,42
2600,46,0.0248897380,67341360.0000000000,41
2600,47,0.0248567500,67341360.0000000000,45
2600,48,0.0262257530,72102448.0000000000,51
2600,49,0.0262281470,72102448.0000000000,51
2600,50,0.0261918570,72102448.0000000000,49
2600,51,0.0261475920,72102448.0000000000,48
2600,52,0.0261527100,72102448.0000000000,50
2600,53,0.0248725920,67341360.0000000000,41
2600,54,0.0248959050,67341360.0000000000,44
2600,55,0.0249565270,67341360.0000000000,43
2600,56,0.0261580820,72102448.0000000000,48
2600,57,0.0261793450,72102448.0000000000,50
2600,58,0.0261353290,72102448.0000000000,49
2600,59,0.0261963770,72102448.0000000000,52
2600,60,0.0261732510,72102448.0000000000,53
2600,61,0.0248636230,67341360.0000000000,45
2600,62,0.0248897930,67341360.0000000000,46
2600,63,0.0248717400,67341360.0000000000,46
2600,64,0.0267267430,72102448.0000000000,40
2600,65,0.0261881080,72102448.0000000000,41
2600,66,0.0262003540,72102448.0000000000,55
2600,67,0.0261898810,72102448.0000000000,46
2600,68,0.0261521200,72102448.0000000000,53
2600,69,0.0248919580,67341360.0000000000,44
2600,70,0.0248923910,67341360.0000000000,42
2600,71,0.0248850450,67341360.0000000000,47
2600,72,0.0261418280,72102448.0000000000,42
2600,73,0.0266874150,72102448.0000000000,40
2600,74,0.0261652950,72102448.0000000000,55
2600,75,0.0261372200,72102448.0000000000,52
2600,76,0.0261854540,72102448.0000000000,43
2600,77,0.0248915890,67341360.0000000000,43
2600,78,0.0253582230,67341360.0000000000,40
2600,79,0.0248862960,67341360.0000000000,47
2600,80,0.0239169590,63170096.0000000000,35
2600,81,0.0235016650,63170096.0000000000,54
2600,82,0.0233974260,63170096.0000000000,53
2600,83,0.0233832120,63170096.0000000000,48
2600,84,0.0234083210,63170096.0000000000,50
2600,85,0.0221128920,58998832.0000000000,30
2600,86,0.0221712210,58998832.0000000000,27
2600,87,0.0220961400,58998832.0000000000,31
2600,88,0.0239024580,63170096.0000000000,37
2600,89,0.0238091450,63170096.0000000000,39
2600,90,0.0238481780,63170096.0000000000,29
2600,91,0.0239771350,63170096.0000000000,34
2600,92,0.0238781700,63170096.0000000000,38
2600,93,0.0221879420,58998832.0000000000,27
2600,94,0.0220258390,58998832.0000000000,25
2600,95,0.0221109700,58998832.0000000000,31
2600,96,0.0234202550,63170096.0000000000,49
2600,97,0.0238827920,63170096.0000000000,36
2600,98,0.0238085590,63170096.0000000000,33
2600,99,0.0234540370,63170096.0000000000,51
2600,100,0.0238943070,63170096.0000000000,32
2600,101,0.0221088520,58998832.0000000000,26
2600,102,0.0220747650,58998832.0000000000,24
2600,103,0.0221990590,58998832.0000000000,28
2600,104,0.0238959680,63170096.0000000000,32
2600,105,0.0238422690,63170096.0000000000,38
2600,106,0.0239618480,63170096.0000000000,34
2600,107,0.0234302980,63170096.0000000000,55
2600,108,0.0239052210,63170096.0000000000,36
2600,109,0.0221206450,58998832.0000000000,26
2600,110,0.0220723050,58998832.0000000000,30
2600,111,0.0221112150,58998832.0000000000,24
2600,112,0.0238762410,63170096.0000000000,35
2600,113,0.0233966820,63170096.0000000000,52
2600,114,0.0238366930,63170096.0000000000,33
2600,115,0.0238447460,63170096.0000000000,39
2600,116,0.0238522300,63170096.0000000000,37
2600,117,0.0220738990,58998832.0000000000,29
2600,118,0.0220490980,58998832.0000000000,25
2600,119,0.0222170940,58998832.0000000000,28
2650,0,9.4113458683,400414192.0000000000,27
2650,1,7.5701794675,343180832.0000000000,28
2650,2,6.0040287072,300101360.0000000000,25
2650,3,5.8544121991,295585744.0000000000,24
2650,4,5.9369695205,297243520.0000000000,26
2650,5,7.0038379807,317584656.0000000000,30
2650,6,14.4205199253,530515344.0000000000,31
2650,7,11.5174030329,457563104.0000000000,29
2650,8,15.0172685247,619243504.0000000000,2
2650,9,15.8508446448,632464144.0000000000,0
2650,10,17.0328426271,657796112.0000000000,4
2650,11,17.1182879687,666138688.0000000000,5
2650,12,17.1178065558,662528144.0000000000,11
2650,13,15.0381850170,591268496.0000000000,15
2650,14,12.4822609039,530179120.0000000000,17
2650,15,12.2462288175,525005040.0000000000,21
2650,16,13.4555513913,575225040.0000000000,1
2650,17,13.4657966643,575419264.0000000000,8
2650,18,13.4676443576,575421584.0000000000,10
2650,19,13.4568269057,577263904.0000000000,7
2650,20,13.4542765769,575937712.0000000000,14
2650,21,12.5608729208,537106096.0000000000,19
2650,22,12.5705528157,537102720.0000000000,23
2650,23,12.5643725424,536912016.0000000000,18
2650,24,13.4582291912,574745264.0000000000,13
2650,25,13.4693214996,575443184.0000000000,3
2650,26,13.4787464510,575420608.0000000000,9
2650,27,13.4601258938,575408176.0000000000,6
2650,28,13.4653850541,575439808.0000000000,12
2650,29,12.5752917103,537127120.0000000000,16
2650,30,12.5948622708,537085040.0000000000,20
2650,31,12.5745085062,536424784.0000000000,22
2650,32,7.8440282510,349129136.0000000000,33
2650,33,7.8732236495,350069552.0000000000,36
2650,34,7.8781490757,350044928.0000000000,34
2650,35,7.8789547841,350042736.0000000000,32
2650,36,7.8798529076,350042672.0000000000,35
2650,37,7.3789065601,326747072.0000000000,37
2650,38,7.3832435826,326806672.0000000000,38
2650,39,7.3454952467,325837616.0000000000,39
2650,40,0.8541181297,72102448.0000000000,45
2650,41,0.8557716329,72102448.0000000000,47
2650,42,0.8570556809,72102448.0000000000,54
2650,43,0.8540474203,72102448.0000000000,44
2650,44,0.8560324829,72102448.0000000000,54
2650,45,0.8138446619,67341360.0000000000,42
2650,46,0.8127933768,67341360.0000000000,41
2650,47,0.8111596706,67341360.0000000000,45
2650,48,0.8566136568,72102448.0000000000,51
2650,49,0.8556165492,72102448.0000000000,51
2650,50,0.8552309798,72102448.0000000000,49
2650,51,0.8549961557,72102448.0000000000,48
2650,52,0.8545067327,72102448.0000000000,50
2650,53,0.8121484374,67341360.0000000000,41
2650,54,0.8117063049,67341360.0000000000,44
2650,55,0.8141551249,67341360.0000000000,43
2650,56,0.8537203831,72102448.0000000000,48
2650,57,0.8534765878,72102448.0000000000,50
2650,58,0.8543560015,72102448.0000000000,49
2650,59,0.8544337725,72102448.0000000000,52
2650,60,0.8552060952,72102448.0000000000,53
2650,61,0.8112223066,67341360.0000000000,45
2650,62,0.8128493064,67341360.0000000000,46
2650,63,0.8120095129,67341360.0000000000,46
2650,64,0.8727774109,72102448.0000000000,40
2650,65,0.8550745330,72102448.0000000000,41
2650,66,0.8556832115,72102448.0000000000,55
2650,67,0.8535740054,72102448.0000000000,46
2650,68,0.8543135496,72102448.0000000000,53
2650,69,0.8116836166,67341360.0000000000,44
2650,70,0.8125244363,67341360.0000000000,42
2650,71,0.8121039881,67341360.0000000000,47
2650,72,0.8544915156,72102448.0000000000,42
2650,73,0.8721577278,72102448.0000000000,40
2650,74,0.8545427848,72102448.0000000000,55
2650,75,0.8536246852,72102448.0000000000,52
2650,76,0.8546863555,72102448.0000000000,43
2650,77,0.8130771517,67341360.0000000000,43
2650,78,0.8289668948,67341360.0000000000,40
2650,79,0.8118767125,67341360.0000000000,47
2650,80,0.7808140084,63170096.0000000000,35
2650,81,0.7671203847,63170096.0000000000,54
2650,82,0.7636551851,63170096.0000000000,53
2650,83,0.7649172852,63170096.0000000000,48
2650,84,0.7646750412,63170096.0000000000,50
2650,85,0.7214552766,58998832.0000000000,30
2650,86,0.7235045766,58998832.0000000000,27
2650,87,0.7231026406,58998832.0000000000,31
2650,88,0.7795339657,63170096.0000000000,37
2650,89,0.7777458269,63170096.0000000000,39
2650,90,0.7792650698,63170096.0000000000,29
2650,91,0.7826844410,63170096.0000000000,34
2650,92,0.7796141835,63170096.0000000000,38
2650,93,0.7234006292,58998832.0000000000,27
2650,94,0.7205186559,58998832.0000000000,25
2650,95,0.7229042326,58998832.0000000000,31
2650,96,0.7651024954,63170096.0000000000,49
2650,97,0.7798731072,63170096.0000000000,36
2650,98,0.7794270013,63170096.0000000000,33
2650,99,0.7664868755,63170096.0000000000,51
2650,100,0.7810118262,63170096.0000000000,32
2650,101,0.7218195582,58998832.0000000000,26
2650,102,0.7228061479,58998832.0000000000,24
2650,103,0.7253997392,58998832.0000000000,28
2650,104,0.7808050913,63170096.0000000000,32
2650,105,0.7795373873,63170096.0000000000,38
2650,106,0.7825075594,63170096.0000000000,34
2650,107,0.7648833401,63170096.0000000000,55
2650,108,0.7799756999,63170096.0000000000,36
2650,109,0.7215914848,58998832.0000000000,26
2650,110,0.7211917920,58998832.0000000000,30
2650,111,0.7225477921,58998832.0000000000,24
2650,112,0.7803398382,63170096.0000000000,35
2650,113,0.7643297481,63170096.0000000000,52
2650,114,0.7791915368,63170096.0000000000,33
2650,115,0.7776676458,63170096.0000000000,39
2650,116,0.7794132401,63170096.0000000000,37
2650,117,0.7212247508,58998832.0000000000,29
2650,118,0.7204414051,58998832.0000000000,25
2650,119,0.7253746788,58998832.0000000000,28
2700,0,0.2902166920,397876480.0000000000,27
2700,1,0.2310786630,340692800.0000000000,28
2700,2,0.1842938860,298720256.0000000000,25
2700,3,0.1804548640,294362288.0000000000,24
2700,4,0.1819514180,295887168.0000000000,26
2700,5,0.2083040910,311039440.0000000000,30
2700,6,0.4471159120,527875184.0000000000,31
2700,7,0.3632757770,458235568.0000000000,29
2700,8,0.4722528750,621501408.0000000000,2
2700,9,0.4953388290,633570976.0000000000,0
2700,10,0.5321214790,659397184.0000000000,4
2700,11,0.5173998750,652595488.0000000000,5
2700,12,0.5232024350,654143696.0000000000,11
2700,13,0.4747232820,595356512.0000000000,15
2700,14,0.3934993300,533738240.0000000000,17
2700,15,0.3813496520,524981200.0000000000,21
2700,16,0.4180836050,575216752.0000000000,1
2700,17,0.4184226780,575419152.0000000000,8
2700,18,0.4185065900,575416592.0000000000,10
2700,19,0.4354443000,592297440.0000000000,7
2700,20,0.4294961880,586273072.0000000000,14
2700,21,0.3901766180,537107824.0000000000,19
2700,22,0.3905333180,537102640.0000000000,23
2700,23,0.3905001920,536900000.0000000000,18
2700,24,0.4180900540,574730640.0000000000,13
2700,25,0.4187158290,575441728.0000000000,3
2700,26,0.4187755220,575425792.0000000000,9
2700,27,0.4181695230,575402192.0000000000,6
2700,28,0.4183349060,575434240.0000000000,12
2700,29,0.3910722660,537124544.0000000000,16
2700,30,0.3915243180,537086816.0000000000,20
2700,31,0.3907297190,536411968.0000000000,22
2700,32,0.2435629300,349115440.0000000000,33
2700,33,0.2444963510,350069264.0000000000,36
2700,34,0.2446177420,350045840.0000000000,34
2700,35,0.2445940050,350044864.0000000000,32
2700,36,0.2448914040,350046896.0000000000,35
2700,37,0.2290162870,326746736.0000000000,37
2700,38,0.2293133930,326809552.0000000000,38
2700,39,0.2280336510,325816960.0000000000,39
2700,40,0.0261707850,72102448.0000000000,45
2700,41,0.0262167350,72102448.0000000000,47
2700,42,0.0262507990,72102448.0000000000,54
2700,43,0.0261710560,72102448.0000000000,44
2700,44,0.0262202710,72102448.0000000000,54
2700,45,0.0249097050,67341360.0000000000,42
2700,46,0.0249172600,67341360.0000000000,41
2700,47,0.0248539860,67341360.0000000000,45
2700,48,0.0262168660,72102448.0000000000,51
2700,49,0.0261676680,72102448.0000000000,51
2700,50,0.0262056630,72102448.0000000000,49
2700,51,0.0261641930,72102448.0000000000,48
2700,52,0.0261487040,72102448.0000000000,50
2700,53,0.0248858700,67341360.0000000000,41
2700,54,0.0248544860,67341360.0000000000,44
2700,55,0.0249114770,67341360.0000000000,43
2700,56,0.0260957500,72102448.0000000000,48
2700,57,0.0261294850,72102448.0000000000,50
2700,58,0.0261827980,72102448.0000000000,49
2700,59,0.0261580390,72102448.0000000000,52
2700,60,0.0261734510,72102448.0000000000,53
2700,61,0.0248516200,67341360.0000000000,45
2700,62,0.0249409860,67341360.0000000000,46
2700,63,0.0248348380,67341360.0000000000,46
2700,64,0.0267301290,72102448.0000000000,40
2700,65,0.0261654760,72102448.0000000000,41
2700,66,0.0262147600,72102448.0000000000,55
2700,67,0.0261398160,72102448.0000000000,46
2700,68,0.0261626380,72102448.0000000000,53
2700,69,0.0248993250,67341360.0000000000,44
2700,70,0.0248611310,67341360.0000000000,42
2700,71,0.0249033610,67341360.0000000000,47
2700,72,0.0261567080,72102448.0000000000,42
2700,73,0.0266931780,72102448.0000000000,40
2700,74,0.0262098200,72102448.0000000000,55
2700,75,0.0261390640,72102448.0000000000,52
2700,76,0.0261689200,72102448.0000000000,43
2700,77,0.0249090450,67341360.0000000000,43
2700,78,0.0253874690,67341360.0000000000,40
2700,79,0.0248767700,67341360.0000000000,47
2700,80,0.0239197960,63170096.0000000000,35
2700,81,0.0234980190,63170096.0000000000,54
2700,82,0.0233698630,63170096.0000000000,53
2700,83,0.0234415240,63170096.0000000000,48
2700,84,0.0234286350,63170096.0000000000,50
2700,85,0.0221106760,58998832.0000000000,30
2700,86,0.0221458880,58998832.0000000000,27
2700,87,0.0220973730,58998832.0000000000,31
2700,88,0.0238400860,63170096.0000000000,37
2700,89,0.0238060700,63170096.0000000000,39
2700,90,0.0238530270,63170096.0000000000,29
2700,91,0.0239740000,63170096.0000000000,34
2700,92,0.0239150510,63170096.0000000000,38
2700,93,0.0221503400,58998832.0000000000,27
2700,94,0.0220270080,58998832.0000000000,25
2700,95,0.0221565480,58998832.0000000000,31
2700,96,0.0234771620,63170096.0000000000,49
2700,97,0.0238384520,63170096.0000000000,36
2700,98,0.0238853080,63170096.0000000000,33
2700,99,0.0234989840,63170096.0000000000,51
2700,100,0.0238883620,63170096.0000000000,32
2700,101,0.0221220940,58998832.0000000000,26
2700,102,0.0221100080,58998832.0000000000,24
2700,103,0.0221880050,58998832.0000000000,28
2700,104,0.0239200850,63170096.0000000000,32
2700,105,0.0238238920,63170096.0000000000,38
2700,106,0.0239668040,63170096.0000000000,34
2700,107,0.0234343870,63170096.0000000000,55
2700,108,0.0238961950,63170096.0000000000,36
2700,109,0.0221083270,58998832.0000000000,26
2700,110,0.0220691670,58998832.0000000000,30
2700,111,0.0221468490,58998832.0000000000,24
2700,112,0.0238834550,63170096.0000000000,35
2700,113,0.0233875450,63170096.0000000000,52
2700,114,0.0238601170,63170096.0000000000,33
2700,115,0.0238462790,63170096.0000000000,39
2700,116,0.0238673780,63170096.0000000000,37
2700,117,0.0220895660,58998832.0000000000,29
2700,118,0.0220360870,58998832.0000000000,25
2700,119,0.0221763570,58998832.0000000000,28
2750,0,9.2901610185,395195872.0000000000,27
2750,1,7.3979168239,337506112.0000000000,28
2750,2,5.9371207046,297218272.0000000000,25
2750,3,5.7699615333,293229872.0000000000,24
2750,4,5.8427469958,294820144.0000000000,26
2750,5,6.6352651039,307481776.0000000000,30
2750,6,14.3455847650,526027168.0000000000,31
2750,7,11.7103213322,458008272.0000000000,29
2750,8,15.2641708648,623722144.0000000000,2
2750,9,15.9767483213,635376544.0000000000,0
2750,10,17.1428348303,660722896.0000000000,4
2750,11,16.4066669351,642319872.0000000000,5
2750,12,16.6381753854,645958976.0000000000,11
2750,13,15.3241588519,597468080.0000000000,15
2750,14,12.7409209350,536509808.0000000000,17
2750,15,12.2795183052,525053360.0000000000,21
2750,16,13.4558176064,575206544.0000000000,1
2750,17,13.4648941478,575425536.0000000000,8
2750,18,13.4664032647,575418704.0000000000,10
2750,19,14.2470207644,603179696.0000000000,7
2750,20,14.0117891968,594885872.0000000000,14
2750,21,12.5615283128,537105072.0000000000,19
2750,22,12.5705831712,537105504.0000000000,23
2750,23,12.5654786638,536888592.0000000000,18
2750,24,13.4578525577,574716880.0000000000,13
2750,25,13.4693661878,575437968.0000000000,3
2750,26,13.4785482092,575421088.0000000000,9
2750,27,13.4595263108,575404048.0000000000,6
2750,28,13.4651615957,575437936.0000000000,12
2750,29,12.5767857333,537121888.0000000000,16
2750,30,12.5956736242,537087600.0000000000,20
2750,31,12.5734235844,536402704.0000000000,22
2750,32,7.8428057529,349100160.0000000000,33
2750,33,7.8728952401,350070224.0000000000,36
2750,34,7.8781586436,350049168.0000000000,34
2750,35,7.8792641716,350041696.0000000000,32
2750,36,7.8791723818,350048368.0000000000,35
2750,37,7.3777731867,326748000.0000000000,37
2750,38,7.3833478939,326807648.0000000000,38
2750,39,7.3448649515,325801120.0000000000,39
2750,40,0.8542649228,72102448.0000000000,45
2750,41,0.8557779854,72102448.0000000000,47
2750,42,0.8568729381,72102448.0000000000,54
2750,43,0.8539824192,72102448.0000000000,44
2750,44,0.8562009141,72102448.0000000000,54
2750,45,0.8139075606,67341360.0000000000,42
2750,46,0.8128871552,67341360.0000000000,41
2750,47,0.8111089127,67341360.0000000000,45
2750,48,0.8563353177,72102448.0000000000,51
2750,49,0.8555609503,72102448.0000000000,51
2750,50,0.8552320859,72102448.0000000000,49
2750,51,0.8549034038,72102448.0000000000,48
2750,52,0.8544729427,72102448.0000000000,50
2750,53,0.8123791239,67341360.0000000000,41
2750,54,0.8117676994,67341360.0000000000,44
2750,55,0.8137751739,67341360.0000000000,43
2750,56,0.8539982664,72102448.0000000000,48
2750,57,0.8536227320,72102448.0000000000,50
2750,58,0.8544736951,72102448.0000000000,49
2750,59,0.8546728128,72102448.0000000000,52
2750,60,0.8552134211,72102448.0000000000,53
2750,61,0.8110902029,67341360.0000000000,45
2750,62,0.8129036220,67341360.0000000000,46
2750,63,0.8117315958,67341360.0000000000,46
2750,64,0.8726829824,72102448.0000000000,40
2750,65,0.8547711067,72102448.0000000000,41
2750,66,0.8557407910,72102448.0000000000,55
2750,67,0.8536502682,72102448.0000000000,46
2750,68,0.8542191798,72102448.0000000000,53
2750,69,0.8112994089,67341360.0000000000,44
2750,70,0.8125317327,67341360.0000000000,42
2750,71,0.8119708162,67341360.0000000000,47
2750,72,0.8544085733,72102448.0000000000,42
2750,73,0.8720760423,72102448.0000000000,40
2750,74,0.8545620224,72102448.0000000000,55
2750,75,0.8535608501,72102448.0000000000,52
2750,76,0.8546038842,72102448.0000000000,43
2750,77,0.8128960580,67341360.0000000000,43
2750,78,0.8288530890,67341360.0000000000,40
2750,79,0.8119571063,67341360.0000000000,47
2750,80,0.7809533605,63170096.0000000000,35
2750,81,0.7669867166,63170096.0000000000,54
2750,82,0.7635598235,63170096.0000000000,53
2750,83,0.7649691202,63170096.0000000000,48
2750,84,0.7646543141,63170096.0000000000,50
2750,85,0.7213838252,58998832.0000000000,30
2750,86,0.7233687651,58998832.0000000000,27
2750,87,0.7232740743,58998832.0000000000,31
2750,88,0.7797184235,63170096.0000000000,37
2750,89,0.7776607195,63170096.0000000000,39
2750,90,0.7792128185,63170096.0000000000,29
2750,91,0.7825436063,63170096.0000000000,34
2750,92,0.7798000060,63170096.0000000000,38
2750,93,0.7233537396,58998832.0000000000,27
2750,94,0.7203949669,58998832.0000000000,25
2750,95,0.7230639862,58998832.0000000000,31
2750,96,0.7652161700,63170096.0000000000,49
2750,97,0.7799522813,63170096.0000000000,36
2750,98,0.7793406820,63170096.0000000000,33
2750,99,0.7662149694,63170096.0000000000,51
2750,100,0.7811207184,63170096.0000000000,32
2750,101,0.7216292441,58998832.0000000000,26
2750,102,0.7227225649,58998832.0000000000,24
2750,103,0.7256200489,58998832.0000000000,28
2750,104,0.7811223797,63170096.0000000000,32
2750,105,0.7794098743,63170096.0000000000,38
2750,106,0.7825970538,63170096.0000000000,34
2750,107,0.7648151242,63170096.0000000000,55
2750,108,0.7797814132,63170096.0000000000,36
2750,109,0.7216149317,58998832.0000000000,26
2750,110,0.7211421802,58998832.0000000000,30
2750,111,0.7228443362,58998832.0000000000,24
2750,112,0.7804518469,63170096.0000000000,35
2750,113,0.7642956396,63170096.0000000000,52
2750,114,0.7794688244,63170096.0000000000,33
2750,115,0.7776162533,63170096.0000000000,39
2750,116,0.7795516328,63170096.0000000000,37
2750,117,0.7214441592,58998832.0000000000,29
2750,118,0.7204434264,58998832.0000000000,25
2750,119,0.7253063717,58998832.0000000000,28
2800,0,0.2843434600,392144384.0000000000,27
2800,1,0.2257428910,334815968.0000000000,28
2800,2,0.1818689990,296684080.0000000000,25
2800,3,0.1788898640,293068944.0000000000,24
2800,4,0.1817724160,294789712.0000000000,26
2800,5,0.2042308700,306776704.0000000000,30
2800,6,0.4474380130,527371776.0000000000,31
2800,7,0.3639939420,456846000.0000000000,29
2800,8,0.4788799820,625733616.0000000000,2
2800,9,0.5003633140,636662960.0000000000,0
2800,10,0.5349870500,660843376.0000000000,4
2800,11,0.4971219390,632619120.0000000000,5
2800,12,0.5067122000,638002016.0000000000,11
2800,13,0.4776048440,597127280.0000000000,15
2800,14,0.3986186860,537677984.0000000000,17
2800,15,0.3821340090,525148816.0000000000,21
2800,16,0.4181945550,575199952.0000000000,1
2800,17,0.4184308340,575419040.0000000000,8
2800,18,0.4195040540,575842960.0000000000,10
2800,19,0.4574405030,611949520.0000000000,7
2800,20,0.4471267280,601906704.0000000000,14
2800,21,0.3904735210,537106768.0000000000,19
2800,22,0.3905646240,537100832.0000000000,23
2800,23,0.3905084600,536881216.0000000000,18
2800,24,0.4180958650,574696720.0000000000,13
2800,25,0.4184850450,575444128.0000000000,3
2800,26,0.4187474980,575419088.0000000000,9
2800,27,0.4183108680,575403360.0000000000,6
2800,28,0.4184184970,575436464.0000000000,12
2800,29,0.3910347560,537125664.0000000000,16
2800,30,0.3914762790,537088736.0000000000,20
2800,31,0.3908409300,536387872.0000000000,22
2800,32,0.2435269740,349080448.0000000000,33
2800,33,0.2443348650,350072016.0000000000,36
2800,34,0.2446465950,350046752.0000000000,34
2800,35,0.2447287420,350041152.0000000000,32
2800,36,0.2446159240,350045968.0000000000,35
2800,37,0.2290905210,326749712.0000000000,37
2800,38,0.2292679750,326807264.0000000000,38
2800,39,0.2281323460,325781488.0000000000,39
2800,40,0.0261894400,72102448.0000000000,45
2800,41,0.0261891430,72102448.0000000000,47
2800,42,0.0262424560,72102448.0000000000,54
2800,43,0.0261230920,72102448.0000000000,44
2800,44,0.0262179650,72102448.0000000000,54
2800,45,0.0249081540,67341360.0000000000,42
2800,46,0.0249634170,67341360.0000000000,41
2800,47,0.0248366920,67341360.0000000000,45
2800,48,0.0262657210,72102448.0000000000,51
2800,49,0.0262273640,72102448.0000000000,51
2800,50,0.0262081390,72102448.0000000000,49
2800,51,0.0261472210,72102448.0000000000,48
2800,52,0.0261742010,72102448.0000000000,50
2800,53,0.0249074100,67341360.0000000000,41
2800,54,0.0248546860,67341360.0000000000,44
2800,55,0.0249420590,67341360.0000000000,43
2800,56,0.0261326820,72102448.0000000000,48
2800,57,0.0261472500,72102448.0000000000,50
2800,58,0.0261725580,72102448.0000000000,49
2800,59,0.0261922170,72102448.0000000000,52
2800,60,0.0261911940,72102448.0000000000,53
2800,61,0.0248391670,67341360.0000000000,45
2800,62,0.0249133500,67341360.0000000000,46
2800,63,0.0248838630,67341360.0000000000,46
2800,64,0.0267210610,72102448.0000000000,40
2800,65,0.0261850520,72102448.0000000000,41
2800,66,0.0261833390,72102448.0000000000,55
2800,67,0.0261326930,72102448.0000000000,46
2800,68,0.0261903110,72102448.0000000000,53
2800,69,0.0248374240,67341360.0000000000,44
2800,70,0.0248927210,67341360.0000000000,42
2800,71,0.0248877630,67341360.0000000000,47
2800,72,0.0261585620,72102448.0000000000,42
2800,73,0.0267239850,72102448.0000000000,40
2800,74,0.0261791490,72102448.0000000000,55
2800,75,0.0261505060,72102448.0000000000,52
2800,76,0.0261875470,72102448.0000000000,43
2800,77,0.0248902150,67341360.0000000000,43
2800,78,0.0253725210,67341360.0000000000,40
2800,79,0.0248700860,67341360.0000000000,47
2800,80,0.0239231700,63170096.0000000000,35
2800,81,0.0234565970,63170096.0000000000,54
2800,82,0.0234184230,63170096.0000000000,53
2800,83,0.0234101550,63170096.0000000000,48
2800,84,0.0234509090,63170096.0000000000,50
2800,85,0.0220659630,58998832.0000000000,30
2800,86,0.0221408660,58998832.0000000000,27
2800,87,0.0221241840,58998832.0000000000,31
2800,88,0.0238213080,63170096.0000000000,37
2800,89,0.0238260280,63170096.0000000000,39
2800,90,0.0238556450,63170096.0000000000,29
2800,91,0.0239927340,63170096.0000000000,34
2800,92,0.0238888880,63170096.0000000000,38
2800,93,0.0221162910,58998832.0000000000,27
2800,94,0.0220809110,58998832.0000000000,25
2800,95,0.0221292050,58998832.0000000000,31
2800,96,0.0234429650,63170096.0000000000,49
2800,97,0.0238865130,63170096.0000000000,36
2800,98,0.0238401570,63170096.0000000000,33
2800,99,0.0234455220,63170096.0000000000,51
2800,100,0.0238904190,63170096.0000000000,32
2800,101,0.0220441010,58998832.0000000000,26
2800,102,0.0220654520,58998832.0000000000,24
2800,103,0.0221718870,58998832.0000000000,28
2800,104,0.0239543130,63170096.0000000000,32
2800,105,0.0238766170,63170096.0000000000,38
2800,106,0.0240149590,63170096.0000000000,34
2800,107,0.0234478600,63170096.0000000000,55
2800,108,0.0239104120,63170096.0000000000,36
2800,109,0.0221219730,58998832.0000000000,26
2800,110,0.0220734870,58998832.0000000000,30
2800,111,0.0221331030,58998832.0000000000,24
2800,112,0.0238762410,63170096.0000000000,35
2800,113,0.0233772820,63170096.0000000000,52
2800,114,0.0238765120,63170096.0000000000,33
2800,115,0.0237978140,63170096.0000000000,39
2800,116,0.0238605940,63170096.0000000000,37
2800,117,0.0220379980,58998832.0000000000,29
2800,118,0.0220423160,58998832.0000000000,25
2800,119,0.0222197710,58998832.0000000000,28
2850,0,9.0698032937,388921040.0000000000,27
2850,1,7.2271761526,333020336.0000000000,28
2850,2,5.8686585827,296976368.0000000000,25
2850,3,5.7911552781,293855376.0000000000,24
2850,4,5.8731665111,295432928.0000000000,26
2850,5,6.5975662484,307760256.0000000000,30
2850,6,14.4639248660,530969232.0000000000,31
2850,7,11.6713492575,455078416.0000000000,29
2850,8,15.4374927679,627897968.0000000000,2
2850,9,16.1064865804,637315696.0000000000,0
2850,10,17.1538137458,658907024.0000000000,4
2850,11,15.7568584889,622717392.0000000000,5
2850,12,16.1075640909,630203440.0000000000,11
2850,13,15.3254314374,595507072.0000000000,15
2850,14,12.8126771425,537427648.0000000000,17
2850,15,12.2872023356,525212368.0000000000,21
2850,16,13.4562741784,575189456.0000000000,1
2850,17,13.4651195949,575412640.0000000000,8
2850,18,13.5352200461,577801952.0000000000,10
2850,19,14.9097663459,621004384.0000000000,7
2850,20,14.5421536262,609179984.0000000000,14
2850,21,12.5621204713,537102736.0000000000,19
2850,22,12.5705696517,537104272.0000000000,23
2850,23,12.5641256396,536868912.0000000000,18
2850,24,13.4568020794,574679728.0000000000,13
2850,25,13.4710902767,575442528.0000000000,3
2850,26,13.4777926572,575418848.0000000000,9
2850,27,13.4599474877,575404256.0000000000,6
2850,28,13.4647082343,575439296.0000000000,12
2850,29,12.5769286139,537133648.0000000000,16
2850,30,12.5955618178,537087872.0000000000,20
2850,31,12.5729329526,536372032.0000000000,22
2850,32,7.8418967532,349059968.0000000000,33
2850,33,7.8731924728,350076832.0000000000,36
2850,34,7.8778896978,350047088.0000000000,34
2850,35,7.8789521403,350042592.0000000000,32
2850,36,7.8788969951,350043024.0000000000,35
2850,37,7.3788542176,326746208.0000000000,37
2850,38,7.3847951743,326803552.0000000000,38
2850,39,7.3442664745,325765472.0000000000,39
2850,40,0.8542222564,72102448.0000000000,45
2850,41,0.8557587572,72102448.0000000000,47
2850,42,0.8568929788,72102448.0000000000,54
2850,43,0.8537817826,72102448.0000000000,44
2850,44,0.8560361774,72102448.0000000000,54
2850,45,0.8137043466,67341360.0000000000,42
2850,46,0.8130369144,67341360.0000000000,41
2850,47,0.8110953843,67341360.0000000000,45
2850,48,0.8565205664,72102448.0000000000,51
2850,49,0.8556429222,72102448.0000000000,51
2850,50,0.8552230163,72102448.0000000000,49
2850,51,0.8547951346,72102448.0000000000,48
2850,52,0.8544504709,72102448.0000000000,50
2850,53,0.8122895156,67341360.0000000000,41
2850,54,0.8116720647,67341360.0000000000,44
2850,55,0.8141684320,67341360.0000000000,43
2850,56,0.8537219697,72102448.0000000000,48
2850,57,0.8534453500,72102448.0000000000,50
2850,58,0.8544493088,72102448.0000000000,49
2850,59,0.8545739456,72102448.0000000000,52
2850,60,0.8550315968,72102448.0000000000,53
2850,61,0.8113197242,67341360.0000000000,45
2850,62,0.8129032163,67341360.0000000000,46
2850,63,0.8119214506,67341360.0000000000,46
2850,64,0.8726351882,72102448.0000000000,40
2850,65,0.8548939832,72102448.0000000000,41
2850,66,0.8554529490,72102448.0000000000,55
2850,67,0.8533377924,72102448.0000000000,46
2850,68,0.8540069814,72102448.0000000000,53
2850,69,0.8114917428,67341360.0000000000,44
2850,70,0.8124804651,67341360.0000000000,42
2850,71,0.8120282873,67341360.0000000000,47
2850,72,0.8542973298,72102448.0000000000,42
2850,73,0.8721321221,72102448.0000000000,40
2850,74,0.8547916227,72102448.0000000000,55
2850,75,0.8536908800,72102448.0000000000,52
2850,76,0.8546406473,72102448.0000000000,43
2850,77,0.8128880233,67341360.0000000000,43
2850,78,0.8289596810,67341360.0000000000,40
2850,79,0.8119361964,67341360.0000000000,47
2850,80,0.7804182066,63170096.0000000000,35
2850,81,0.7668205593,63170096.0000000000,54
2850,82,0.7635935305,63170096.0000000000,53
2850,83,0.7647986783,63170096.0000000000,48
2850,84,0.7645341223,63170096.0000000000,50
2850,85,0.7211674165,58998832.0000000000,30
2850,86,0.7235518292,58998832.0000000000,27
2850,87,0.7233467346,58998832.0000000000,31
2850,88,0.7795614934,63170096.0000000000,37
2850,89,0.7777997496,63170096.0000000000,39
2850,90,0.7794977529,63170096.0000000000,29
2850,91,0.7823582325,63170096.0000000000,34
2850,92,0.7796370555,63170096.0000000000,38
2850,93,0.7233863724,58998832.0000000000,27
2850,94,0.7204848956,58998832.0000000000,25
2850,95,0.7228005983,58998832.0000000000,31
2850,96,0.7652453731,63170096.0000000000,49
2850,97,0.7799170595,63170096.0000000000,36
2850,98,0.7796042356,63170096.0000000000,33
2850,99,0.7664631899,63170096.0000000000,51
2850,100,0.7809545696,63170096.0000000000,32
2850,101,0.7216342485,58998832.0000000000,26
2850,102,0.7227275809,58998832.0000000000,24
2850,103,0.7254522147,58998832.0000000000,28
2850,104,0.7812464747,63170096.0000000000,32
2850,105,0.7795090393,63170096.0000000000,38
2850,106,0.7826348590,63170096.0000000000,34
2850,107,0.7648141797,63170096.0000000000,55
2850,108,0.7800227877,63170096.0000000000,36
2850,109,0.7216031895,58998832.0000000000,26
2850,110,0.7209964006,58998832.0000000000,30
2850,111,0.7225207869,58998832.0000000000,24
2850,112,0.7803085624,63170096.0000000000,35
2850,113,0.7643869585,63170096.0000000000,52
2850,114,0.7793695737,63170096.0000000000,33
2850,115,0.7777719880,63170096.0000000000,39
2850,116,0.7795124243,63170096.0000000000,37
2850,117,0.7212234062,58998832.0000000000,29
2850,118,0.7203935842,58998832.0000000000,25
2850,119,0.7252885068,58998832.0000000000,28
2900,0,0.2747848370,384402336.0000000000,27
2900,1,0.2214177840,331559952.0000000000,28
2900,2,0.1831266110,297320896.0000000000,25
2900,3,0.1813428840,294335680.0000000000,24
2900,4,0.1826739310,295987392.0000000000,26
2900,5,0.2068622280,309074784.0000000000,30
2900,6,0.4557449650,535050976.0000000000,31
2900,7,0.3590657850,452679488.0000000000,29
2900,8,0.4800180380,630695824.0000000000,2
2900,9,0.5019499880,637928000.0000000000,0
2900,10,0.5298963980,655775536.0000000000,4
2900,11,0.4803240210,615604768.0000000000,5
2900,12,0.4904712400,622499344.0000000000,11
2900,13,0.4746830160,593685520.0000000000,15
2900,14,0.3963316670,536438960.0000000000,17
2900,15,0.3809715990,525236304.0000000000,21
2900,16,0.4181295920,575166544.0000000000,1
2900,17,0.4184695820,575416880.0000000000,8
2900,18,0.4251699040,580681248.0000000000,10
2900,19,0.4736607580,626184720.0000000000,7
2900,20,0.4626766410,615262928.0000000000,14
2900,21,0.3903593730,537103936.0000000000,19
2900,22,0.3904955370,537111936.0000000000,23
2900,23,0.3903161010,536854256.0000000000,18
2900,24,0.4183823490,574661216.0000000000,13
2900,25,0.4185247570,575443472.0000000000,3
2900,26,0.4189338600,575413296.0000000000,9
2900,27,0.4183448040,575408624.0000000000,6
2900,28,0.4185210210,575435024.0000000000,12
2900,29,0.3907837350,537136064.0000000000,16
2900,30,0.3914733890,537084928.0000000000,20
2900,31,0.3905209860,536354544.0000000000,22
2900,32,0.2436139430,349041552.0000000000,33
2900,33,0.2445317850,350078144.0000000000,36
2900,34,0.2445824600,350050640.0000000000,34
2900,35,0.2447271660,350038928.0000000000,32
2900,36,0.2447476890,350043776.0000000000,35
2900,37,0.2292011530,326742160.0000000000,37
2900,38,0.2290664410,326804816.0000000000,38
2900,39,0.2281231000,325745968.0000000000,39
2900,40,0.0261545740,72102448.0000000000,45
2900,41,0.0262119250,72102448.0000000000,47
2900,42,0.0262495840,72102448.0000000000,54
2900,43,0.0261525510,72102448.0000000000,44
2900,44,0.0262315800,72102448.0000000000,54
2900,45,0.0249066800,67341360.0000000000,42
2900,46,0.0248988250,67341360.0000000000,41
2900,47,0.0248354880,67341360.0000000000,45
2900,48,0.0262371350,72102448.0000000000,51
2900,49,0.0262117560,72102448.0000000000,51
2900,50,0.0262660090,72102448.0000000000,49
2900,51,0.0262090800,72102448.0000000000,48
2900,52,0.0261415080,72102448.0000000000,50
2900,53,0.0248976720,67341360.0000000000,41
2900,54,0.0248740050,67341360.0000000000,44
2900,55,0.0249384130,67341360.0000000000,43
2900,56,0.0261490320,72102448.0000000000,48
2900,57,0.0261347860,72102448.0000000000,50
2900,58,0.0261548450,72102448.0000000000,49
2900,59,0.0261846890,72102448.0000000000,52
2900,60,0.0262098190,72102448.0000000000,53
2900,61,0.0248595770,67341360.0000000000,45
2900,62,0.0248933930,67341360.0000000000,46
2900,63,0.0248978110,67341360.0000000000,46
2900,64,0.0267086980,72102448.0000000000,40
2900,65,0.0261793810,72102448.0000000000,41
2900,66,0.0261774060,72102448.0000000000,55
2900,67,0.0261250750,72102448.0000000000,46
2900,68,0.0261640910,72102448.0000000000,53
2900,69,0.0248794830,67341360.0000000000,44
2900,70,0.0249086220,67341360.0000000000,42
2900,71,0.0248882720,67341360.0000000000,47
2900,72,0.0261712380,72102448.0000000000,42
2900,73,0.0267035540,72102448.0000000000,40
2900,74,0.0261635080,72102448.0000000000,55
2900,75,0.0261687690,72102448.0000000000,52
2900,76,0.0261866140,72102448.0000000000,43
2900,77,0.0249113780,67341360.0000000000,43
2900,78,0.0253691120,67341360.0000000000,40
2900,79,0.0248677120,67341360.0000000000,47
2900,80,0.0239066680,63170096.0000000000,35
2900,81,0.0235055490,63170096.0000000000,54
2900,82,0.0233677760,63170096.0000000000,53
2900,83,0.0234182250,63170096.0000000000,48
2900,84,0.0234568510,63170096.0000000000,50
2900,85,0.0220748180,58998832.0000000000,30
2900,86,0.0220777000,58998832.0000000000,27
2900,87,0.0221539010,58998832.0000000000,31
2900,88,0.0238559370,63170096.0000000000,37
2900,89,0.0237877840,63170096.0000000000,39
2900,90,0.0238439890,63170096.0000000000,29
2900,91,0.0239985770,63170096.0000000000,34
2900,92,0.0238870060,63170096.0000000000,38
2900,93,0.0221474140,58998832.0000000000,27
2900,94,0.0221026620,58998832.0000000000,25
2900,95,0.0221805550,58998832.0000000000,31
2900,96,0.0233595750,63170096.0000000000,49
2900,97,0.0238980480,63170096.0000000000,36
2900,98,0.0239076290,63170096.0000000000,33
2900,99,0.0234698270,63170096.0000000000,51
2900,100,0.0239366980,63170096.0000000000,32
2900,101,0.0221084610,58998832.0000000000,26
2900,102,0.0220935420,58998832.0000000000,24
2900,103,0.0222224640,58998832.0000000000,28
2900,104,0.0239205350,63170096.0000000000,32
2900,105,0.0238835880,63170096.0000000000,38
2900,106,0.0239954990,63170096.0000000000,34
2900,107,0.0234470280,63170096.0000000000,55
2900,108,0.0238646430,63170096.0000000000,36
2900,109,0.0221229200,58998832.0000000000,26
2900,110,0.0220906310,58998832.0000000000,30
2900,111,0.0221330680,58998832.0000000000,24
2900,112,0.0238810080,63170096.0000000000,35
2900,113,0.0234478200,63170096.0000000000,52
2900,114,0.0238756970,63170096.0000000000,33
2900,115,0.0238555250,63170096.0000000000,39
2900,116,0.0238311490,63170096.0000000000,37
2900,117,0.0220800590,58998832.0000000000,29
2900,118,0.0220617800,58998832.0000000000,25
2900,119,0.0221742430,58998832.0000000000,28
2950,0,8.7180277211,379412880.0000000000,27
2950,1,7.0893811888,330099408.0000000000,28
2950,2,5.8701021039,296641344.0000000000,25
2950,3,5.8390842845,294170336.0000000000,24
2950,4,5.8792162026,295832384.0000000000,26
2950,5,6.6605964078,309421744.0000000000,30
2950,6,14.7001964406,537365616.0000000000,31
2950,7,11.4699873725,450365600.0000000000,29
2950,8,15.5662900222,634300336.0000000000,2
2950,9,16.1830258807,639603536.0000000000,0
2950,10,16.9645617917,652623536.0000000000,4
2950,11,15.3469401428,611644016.0000000000,5
2950,12,15.6456068431,617374960.0000000000,11
2950,13,15.2531413849,593277952.0000000000,15
2950,14,12.7242068907,536898384.0000000000,17
2950,15,12.2542929549,525191888.0000000000,21
2950,16,13.4563083061,575152128.0000000000,1
2950,17,13.4658731112,575418592.0000000000,8
2950,18,13.7618977254,584332560.0000000000,10
2950,19,15.3114214611,630495376.0000000000,7
2950,20,14.9920119540,620145792.0000000000,14
2950,21,12.5688317384,537299072.0000000000,19
2950,22,12.5703837708,537110464.0000000000,23
2950,23,12.5646614551,536836800.0000000000,18
2950,24,13.4559128731,574645472.0000000000,13
2950,25,13.4701211664,575438864.0000000000,3
2950,26,13.4811156068,575415232.0000000000,9
2950,27,13.4601092366,575414000.0000000000,6
2950,28,13.4656751081,575435952.0000000000,12
2950,29,12.5761909321,537130512.0000000000,16
2950,30,12.5952367937,537084896.0000000000,20
2950,31,12.5724083917,536337408.0000000000,22
2950,32,7.8417472331,349025952.0000000000,33
2950,33,7.8735486427,350075312.0000000000,36
2950,34,7.8782555789,350046112.0000000000,34
2950,35,7.8787402489,350040240.0000000000,32
2950,36,7.8796548728,350044032.0000000000,35
2950,37,7.3786452219,326745216.0000000000,37
2950,38,7.3839610571,326806576.0000000000,38
2950,39,7.3436994879,325733536.0000000000,39
2950,40,0.8540544309,72102448.0000000000,45
2950,41,0.8557160929,72102448.0000000000,47
2950,42,0.8566883178,72102448.0000000000,54
2950,43,0.8539187037,72102448.0000000000,44
2950,44,0.8561316181,72102448.0000000000,54
2950,45,0.8137252090,67341360.0000000000,42
2950,46,0.8129472442,67341360.0000000000,41
2950,47,0.8112713199,67341360.0000000000,45
2950,48,0.8563578717,72102448.0000000000,51
2950,49,0.8554980550,72102448.0000000000,51
2950,50,0.8553066764,72102448.0000000000,49
2950,51,0.8551124403,72102448.0000000000,48
2950,52,0.8543523086,72102448.0000000000,50
2950,53,0.8121384254,67341360.0000000000,41
2950,54,0.8115804683,67341360.0000000000,44
2950,55,0.8138851199,67341360.0000000000,43
2950,56,0.8536840979,72102448.0000000000,48
2950,57,0.8535534311,72102448.0000000000,50
2950,58,0.8544220054,72102448.0000000000,49
2950,59,0.8547496769,72102448.0000000000,52
2950,60,0.8551561912,72102448.0000000000,53
2950,61,0.8114243569,67341360.0000000000,45
2950,62,0.8126213543,67341360.0000000000,46
2950,63,0.8120484325,67341360.0000000000,46
2950,64,0.8726585506,72102448.0000000000,40
2950,65,0.8549308530,72102448.0000000000,41
2950,66,0.8556138124,72102448.0000000000,55
2950,67,0.8536002168,72102448.0000000000,46
2950,68,0.8540270741,72102448.0000000000,53
2950,69,0.8113494939,67341360.0000000000,44
2950,70,0.8125390120,67341360.0000000000,42
2950,71,0.8119136484,67341360.0000000000,47
2950,72,0.8544348679,72102448.0000000000,42
2950,73,0.8719773258,72102448.0000000000,40
2950,74,0.8547897995,72102448.0000000000,55
2950,75,0.8535692996,72102448.0000000000,52
2950,76,0.8546157216,72102448.0000000000,43
2950,77,0.8129591500,67341360.0000000000,43
2950,78,0.8288756838,67341360.0000000000,40
2950,79,0.8118046069,67341360.0000000000,47
2950,80,0.7804596443,63170096.0000000000,35
2950,81,0.7670084248,63170096.0000000000,54
2950,82,0.7634730702,63170096.0000000000,53
2950,83,0.7648971251,63170096.0000000000,48
2950,84,0.7645517365,63170096.0000000000,50
2950,85,0.7212137441,58998832.0000000000,30
2950,86,0.7234973272,58998832.0000000000,27
2950,87,0.7233271928,58998832.0000000000,31
2950,88,0.7797533953,63170096.0000000000,37
2950,89,0.7779951689,63170096.0000000000,39
2950,90,0.7794932694,63170096.0000000000,29
2950,91,0.7828077934,63170096.0000000000,34
2950,92,0.7795020795,63170096.0000000000,38
2950,93,0.7233911469,58998832.0000000000,27
2950,94,0.7204420708,58998832.0000000000,25
2950,95,0.7231536564,58998832.0000000000,31
2950,96,0.7652526056,63170096.0000000000,49
2950,97,0.7801094660,63170096.0000000000,36
2950,98,0.7792493457,63170096.0000000000,33
2950,99,0.7663014790,63170096.0000000000,51
2950,100,0.7809653101,63170096.0000000000,32
2950,101,0.7216565170,58998832.0000000000,26
2950,102,0.7227822891,58998832.0000000000,24
2950,103,0.7254106030,58998832.0000000000,28
2950,104,0.7809066112,63170096.0000000000,32
2950,105,0.7794644178,63170096.0000000000,38
2950,106,0.7825331518,63170096.0000000000,34
2950,107,0.7648060231,63170096.0000000000,55
2950,108,0.7800865357,63170096.0000000000,36
2950,109,0.7217226345,58998832.0000000000,26
2950,110,0.7213603354,58998832.0000000000,30
2950,111,0.7225704322,58998832.0000000000,24
2950,112,0.7805083221,63170096.0000000000,35
2950,113,0.7641516301,63170096.0000000000,52
2950,114,0.7792640872,63170096.0000000000,33
2950,115,0.7777241439,63170096.0000000000,39
2950,116,0.7794135068,63170096.0000000000,37
2950,117,0.7212534989,58998832.0000000000,29
2950,118,0.7203981169,58998832.0000000000,25
2950,119,0.7250098346,58998832.0000000000,28
3000,0,0.2633439210,374171408.0000000000,27
3000,1,0.2152003120,326709936.0000000000,28
3000,2,0.1803654300,295485984.0000000000,25
3000,3,0.1791174520,293284400.0000000000,24
3000,4,0.1813585640,294561584.0000000000,26
3000,5,0.2005282280,304318288.0000000000,30
3000,6,0.4550585690,535064992.0000000000,31
3000,7,0.3543093330,448231680.0000000000,29
3000,8,0.4936432080,638530128.0000000000,2
3000,9,0.5094324570,642704176.0000000000,0
3000,10,0.5247921890,649979456.0000000000,4
3000,11,0.4738534300,608690256.0000000000,5
3000,12,0.4806683190,613171184.0000000000,11
3000,13,0.4814912350,598448496.0000000000,15
3000,14,0.4031365560,541630512.0000000000,17
3000,15,0.3818077940,525056544.0000000000,21
3000,16,0.4180509170,575133728.0000000000,1
3000,17,0.4184426490,575418080.0000000000,8
3000,18,0.4335274340,587558832.0000000000,10
3000,19,0.4818344390,633194240.0000000000,7
3000,20,0.4737522850,624759072.0000000000,14
3000,21,0.3918587580,537953040.0000000000,19
3000,22,0.3906812020,537104512.0000000000,23
3000,23,0.3904669310,536825152.0000000000,18
3000,24,0.4181429280,574620656.0000000000,13
3000,25,0.4184969540,575442832.0000000000,3
3000,26,0.4189024500,575416176.0000000000,9
3000,27,0.4183323460,575413696.0000000000,6
3000,28,0.4184355410,575434160.0000000000,12
3000,29,0.3907795070,537129264.0000000000,16
3000,30,0.3912782870,537087216.0000000000,20
3000,31,0.3907453160,536314896.0000000000,22
3000,32,0.2434750890,349009984.0000000000,33
3000,33,0.2445112410,350071408.0000000000,36
3000,34,0.2446495540,350045488.0000000000,34
3000,35,0.2446707750,350041488.0000000000,32
3000,36,0.2446636720,350044640.0000000000,35
3000,37,0.2289578740,326742800.0000000000,37
3000,38,0.2292912730,326806624.0000000000,38
3000,39,0.2279630530,325716928.0000000000,39
3000,40,0.0261705330,72102448.0000000000,45
3000,41,0.0262159230,72102448.0000000000,47
3000,42,0.0262874000,72102448.0000000000,54
3000,43,0.0261444950,72102448.0000000000,44
3000,44,0.0262165440,72102448.0000000000,54
3000,45,0.0249681890,67341360.0000000000,42
3000,46,0.0248910600,67341360.0000000000,41
3000,47,0.0248584240,67341360.0000000000,45
3000,48,0.0261847710,72102448.0000000000,51
3000,49,0.0262086370,72102448.0000000000,51
3000,50,0.0261918050,72102448.0000000000,49
3000,51,0.0262333740,72102448.0000000000,48
3000,52,0.0261709360,72102448.0000000000,50
3000,53,0.0248962880,67341360.0000000000,41
3000,54,0.0248868080,67341360.0000000000,44
3000,55,0.0249356360,67341360.0000000000,43
3000,56,0.0261837600,72102448.0000000000,48
3000,57,0.0261550960,72102448.0000000000,50
3000,58,0.0261281620,72102448.0000000000,49
3000,59,0.0262156920,72102448.0000000000,52
3000,60,0.0261852230,72102448.0000000000,53
3000,61,0.0248609680,67341360.0000000000,45
3000,62,0.0248793250,67341360.0000000000,46
3000,63,0.0248455390,67341360.0000000000,46
3000,64,0.0267445330,72102448.0000000000,40
3000,65,0.0262066950,72102448.0000000000,41
3000,66,0.0262560020,72102448.0000000000,55
3000,67,0.0261483410,72102448.0000000000,46
3000,68,0.0261305860,72102448.0000000000,53
3000,69,0.0248419210,67341360.0000000000,44
3000,70,0.0248622330,67341360.0000000000,42
3000,71,0.0248833230,67341360.0000000000,47
3000,72,0.0261143570,72102448.0000000000,42
3000,73,0.0266925940,72102448.0000000000,40
3000,74,0.0262112340,72102448.0000000000,55
3000,75,0.0261378910,72102448.0000000000,52
3000,76,0.0261667670,72102448.0000000000,43
3000,77,0.0249197550,67341360.0000000000,43
3000,78,0.0253867570,67341360.0000000000,40
3000,79,0.0248684950,67341360.0000000000,47
3000,80,0.0238713710,63170096.0000000000,35
3000,81,0.0234868350,63170096.0000000000,54
3000,82,0.0233561820,63170096.0000000000,53
3000,83,0.0234490070,63170096.0000000000,48
3000,84,0.0234349420,63170096.0000000000,50
3000,85,0.0220926020,58998832.0000000000,30
3000,86,0.0221285480,58998832.0000000000,27
3000,87,0.0221353360,58998832.0000000000,31
3000,88,0.0238655540,63170096.0000000000,37
3000,89,0.0237958810,63170096.0000000000,39
3000,90,0.0239041260,63170096.0000000000,29
3000,91,0.0239713340,63170096.0000000000,34
3000,92,0.0238799730,63170096.0000000000,38
3000,93,0.0221555100,58998832.0000000000,27
3000,94,0.0220526610,58998832.0000000000,25
3000,95,0.0221650030,58998832.0000000000,31
3000,96,0.0234373840,63170096.0000000000,49
3000,97,0.0238754650,63170096.0000000000,36
3000,98,0.0238940040,63170096.0000000000,33
3000,99,0.0234726120,63170096.0000000000,51
3000,100,0.0239335300,63170096.0000000000,32
3000,101,0.0221165550,58998832.0000000000,26
3000,102,0.0221019560,58998832.0000000000,24
3000,103,0.0222326750,58998832.0000000000,28
3000,104,0.0238838640,63170096.0000000000,32
3000,105,0.0238583200,63170096.0000000000,38
3000,106,0.0239547710,63170096.0000000000,34
3000,107,0.0234108090,63170096.0000000000,55
3000,108,0.0238544050,63170096.0000000000,36
3000,109,0.0221389280,58998832.0000000000,26
3000,110,0.0220889970,58998832.0000000000,30
3000,111,0.0220983770,58998832.0000000000,24
3000,112,0.0239232280,63170096.0000000000,35
3000,113,0.0233902600,63170096.0000000000,52
3000,114,0.0238315510,63170096.0000000000,33
3000,115,0.0237840150,63170096.0000000000,39
3000,116,0.0238471110,63170096.0000000000,37
3000,117,0.0220358620,58998832.0000000000,29
3000,118,0.0220120820,58998832.0000000000,25
3000,119,0.0222269540,58998832.0000000000,28
3050,0,8.3959074027,369934960.0000000000,27
3050,1,6.8923606302,324564064.0000000000,28
3050,2,5.8204935904,295153488.0000000000,25
3050,3,5.7719729187,292643488.0000000000,24
3050,4,5.8356341869,293673792.0000000000,26
3050,5,6.3962508066,300910944.0000000000,30
3050,6,14.6206805428,535372896.0000000000,31
3050,7,11.3791411936,446933184.0000000000,29
3050,8,15.9777431881,642931984.0000000000,2
3050,9,16.4174830000,644060432.0000000000,0
3050,10,16.7944582577,647208560.0000000000,4
3050,11,15.1803564760,606537504.0000000000,5
3050,12,15.3639151313,609809376.0000000000,11
3050,13,15.5418747511,601065376.0000000000,15
3050,14,12.9963651864,542463792.0000000000,17
3050,15,12.2828009399,524870928.0000000000,21
3050,16,13.4543914109,575119072.0000000000,1
3050,17,13.4667575574,575420384.0000000000,8
3050,18,14.0105270771,590399712.0000000000,10
3050,19,15.5530688875,635681648.0000000000,7
3050,20,15.3288732332,628599440.0000000000,14
3050,21,12.6268210409,538805248.0000000000,19
3050,22,12.5707711070,537100656.0000000000,23
3050,23,12.5652038098,536805520.0000000000,18
3050,24,13.4563185543,574595936.0000000000,13
3050,25,13.4706060386,575444480.0000000000,3
3050,26,13.4800266773,575417728.0000000000,9
3050,27,13.4601710655,575409872.0000000000,6
3050,28,13.4655796872,575432928.0000000000,12
3050,29,12.5776093893,537129056.0000000000,16
3050,30,12.5957852856,537086960.0000000000,20
3050,31,12.5724567684,536298144.0000000000,22
3050,32,7.8415203007,348994880.0000000000,33
3050,33,7.8734987335,350072736.0000000000,36
3050,34,7.8782099672,350043584.0000000000,34
3050,35,7.8789093645,350045248.0000000000,32
3050,36,7.8793095278,350042288.0000000000,35
3050,37,7.3787199271,326748320.0000000000,37
3050,38,7.3844010580,326805232.0000000000,38
3050,39,7.3427709010,325699520.0000000000,39
3050,40,0.8540257042,72102448.0000000000,45
3050,41,0.8556555817,72102448.0000000000,47
3050,42,0.8569519296,72102448.0000000000,54
3050,43,0.8540958172,72102448.0000000000,44
3050,44,0.8560066964,72102448.0000000000,54
3050,45,0.8135970811,67341360.0000000000,42
3050,46,0.8129990491,67341360.0000000000,41
3050,47,0.8112025007,67341360.0000000000,45
3050,48,0.8565118038,72102448.0000000000,51
3050,49,0.8554168469,72102448.0000000000,51
3050,50,0.8553124974,72102448.0000000000,49
3050,51,0.8548110798,72102448.0000000000,48
3050,52,0.8544506558,72102448.0000000000,50
3050,53,0.8122708806,67341360.0000000000,41
3050,54,0.8116343771,67341360.0000000000,44
3050,55,0.8136765677,67341360.0000000000,43
3050,56,0.8538620967,72102448.0000000000,48
3050,57,0.8535300679,72102448.0000000000,50
3050,58,0.8545752280,72102448.0000000000,49
3050,59,0.8547691097,72102448.0000000000,52
3050,60,0.8550066494,72102448.0000000000,53
3050,61,0.8113235504,67341360.0000000000,45
3050,62,0.8126762260,67341360.0000000000,46
3050,63,0.8119446984,67341360.0000000000,46
3050,64,0.8728464031,72102448.0000000000,40
3050,65,0.8550356754,72102448.0000000000,41
3050,66,0.8554921403,72102448.0000000000,55
3050,67,0.8536126541,72102448.0000000000,46
3050,68,0.8542856055,72102448.0000000000,53
3050,69,0.8114275780,67341360.0000000000,44
3050,70,0.8124956687,67341360.0000000000,42
3050,71,0.8119354198,67341360.0000000000,47
3050,72,0.8543141777,72102448.0000000000,42
3050,73,0.8721782749,72102448.0000000000,40
3050,74,0.8546193963,72102448.0000000000,55
3050,75,0.8536182923,72102448.0000000000,52
3050,76,0.8545299984,72102448.0000000000,43
3050,77,0.8130325319,67341360.0000000000,43
3050,78,0.8290931899,67341360.0000000000,40
3050,79,0.8121522241,67341360.0000000000,47
3050,80,0.7804822255,63170096.0000000000,35
3050,81,0.7671829541,63170096.0000000000,54
3050,82,0.7632613264,63170096.0000000000,53
3050,83,0.7647272189,63170096.0000000000,48
3050,84,0.7647031485,63170096.0000000000,50
3050,85,0.7211735097,58998832.0000000000,30
3050,86,0.7232158671,58998832.0000000000,27
3050,87,0.7233033223,58998832.0000000000,31
3050,88,0.7795882898,63170096.0000000000,37
3050,89,0.7775836600,63170096.0000000000,39
3050,90,0.7791450941,63170096.0000000000,29
3050,91,0.7825748839,63170096.0000000000,34
3050,92,0.7796602188,63170096.0000000000,38
3050,93,0.7233813171,58998832.0000000000,27
3050,94,0.7203470765,58998832.0000000000,25
3050,95,0.7231101718,58998832.0000000000,31
3050,96,0.7653724241,63170096.0000000000,49
3050,97,0.7799257442,63170096.0000000000,36
3050,98,0.7796520301,63170096.0000000000,33
3050,99,0.7664320011,63170096.0000000000,51
3050,100,0.7810684649,63170096.0000000000,32
3050,101,0.7217818264,58998832.0000000000,26
3050,102,0.7227858400,58998832.0000000000,24
3050,103,0.7255865229,58998832.0000000000,28
3050,104,0.7810155769,63170096.0000000000,32
3050,105,0.7794945469,63170096.0000000000,38
3050,106,0.7826265970,63170096.0000000000,34
3050,107,0.7648838204,63170096.0000000000,55
3050,108,0.7799137908,63170096.0000000000,36
3050,109,0.7218473988,58998832.0000000000,26
3050,110,0.7213945401,58998832.0000000000,30
3050,111,0.7225875430,58998832.0000000000,24
3050,112,0.7804342407,63170096.0000000000,35
3050,113,0.7643706395,63170096.0000000000,52
3050,114,0.7793014921,63170096.0000000000,33
3050,115,0.7775458755,63170096.0000000000,39
3050,116,0.7793216565,63170096.0000000000,37
3050,117,0.7213628382,58998832.0000000000,29
3050,118,0.7204215904,58998832.0000000000,25
3050,119,0.7252748183,58998832.0000000000,28
3100,0,0.2557582300,366167216.0000000000,27
3100,1,0.2122655690,324249344.0000000000,28
3100,2,0.1818708950,295480432.0000000000,25
3100,3,0.1786300370,292797584.0000000000,24
3100,4,0.1787812710,293409664.0000000000,26
3100,5,0.1968949410,299519952.0000000000,30
3100,6,0.4568409560,536642288.0000000000,31
3100,7,0.3537840140,446505840.0000000000,29
3100,8,0.5032787700,646831792.0000000000,2
3100,9,0.5114182060,643664688.0000000000,0
3100,10,0.5183551630,644047984.0000000000,4
3100,11,0.4695709280,604491312.0000000000,5
3100,12,0.4733672290,606358960.0000000000,11
3100,13,0.4855758970,601466880.0000000000,15
3100,14,0.4033328080,541568048.0000000000,17
3100,15,0.3817752000,524631856.0000000000,21
3100,16,0.4181493670,575108192.0000000000,1
3100,17,0.4184409370,575417040.0000000000,8
3100,18,0.4400566870,592883200.0000000000,10
3100,19,0.4867566800,637498960.0000000000,7
3100,20,0.4824601460,631540112.0000000000,14
3100,21,0.3943354270,539950784.0000000000,19
3100,22,0.3905484940,537102672.0000000000,23
3100,23,0.3903920710,536792160.0000000000,18
3100,24,0.4182476120,574570544.0000000000,13
3100,25,0.4187421500,575441520.0000000000,3
3100,26,0.4188345830,575425920.0000000000,9
3100,27,0.4182938800,575412416.0000000000,6
3100,28,0.4185373010,575429680.0000000000,12
3100,29,0.3908591300,537125920.0000000000,16
3100,30,0.3914354600,537088000.0000000000,20
3100,31,0.3906750680,536275168.0000000000,22
3100,32,0.2435163170,348983712.0000000000,33
3100,33,0.2444264360,350071312.0000000000,36
3100,34,0.2445631760,350037920.0000000000,34
3100,35,0.2446349360,350046592.0000000000,32
3100,36,0.2447248910,350047040.0000000000,35
3100,37,0.2291363800,326748032.0000000000,37
3100,38,0.2292836170,326802896.0000000000,38
3100,39,0.2279171540,325680704.0000000000,39
3100,40,0.0261659560,72102448.0000000000,45
3100,41,0.0262042510,72102448.0000000000,47
3100,42,0.0262527350,72102448.0000000000,54
3100,43,0.0261687420,72102448.0000000000,44
3100,44,0.0262089190,72102448.0000000000,54
3100,45,0.0249175090,67341360.0000000000,42
3100,46,0.0248575040,67341360.0000000000,41
3100,47,0.0248607370,67341360.0000000000,45
3100,48,0.0262277350,72102448.0000000000,51
3100,49,0.0261910560,72102448.0000000000,51
3100,50,0.0261371910,72102448.0000000000,49
3100,51,0.0261987090,72102448.0000000000,48
3100,52,0.0261775880,72102448.0000000000,50
3100,53,0.0248459400,67341360.0000000000,41
3100,54,0.0248850660,67341360.0000000000,44
3100,55,0.0249677680,67341360.0000000000,43
3100,56,0.0261375500,72102448.0000000000,48
3100,57,0.0262125670,72102448.0000000000,50
3100,58,0.0261814660,72102448.0000000000,49
3100,59,0.0261734310,72102448.0000000000,52
3100,60,0.0261781690,72102448.0000000000,53
3100,61,0.0248740560,67341360.0000000000,45
3100,62,0.0248976910,67341360.0000000000,46
3100,63,0.0249369250,67341360.0000000000,46
3100,64,0.0267283430,72102448.0000000000,40
3100,65,0.0261395440,72102448.0000000000,41
3100,66,0.0262598480,72102448.0000000000,55
3100,67,0.0261628310,72102448.0000000000,46
3100,68,0.0261616370,72102448.0000000000,53
3100,69,0.0248433730,67341360.0000000000,44
3100,70,0.0248687630,67341360.0000000000,42
3100,71,0.0248711580,67341360.0000000000,47
3100,72,0.0261652760,72102448.0000000000,42
3100,73,0.0266852920,72102448.0000000000,40
3100,74,0.0261729890,72102448.0000000000,55
3100,75,0.0261275810,72102448.0000000000,52
3100,76,0.0261647920,72102448.0000000000,43
3100,77,0.0248849570,67341360.0000000000,43
3100,78,0.0254415940,67341360.0000000000,40
3100,79,0.0248569220,67341360.0000000000,47
3100,80,0.0239255650,63170096.0000000000,35
3100,81,0.0234780980,63170096.0000000000,54
3100,82,0.0233638800,63170096.0000000000,53
3100,83,0.0234168660,63170096.0000000000,48
3100,84,0.0234197900,63170096.0000000000,50
3100,85,0.0220652820,58998832.0000000000,30
3100,86,0.0221875220,58998832.0000000000,27
3100,87,0.0221015410,58998832.0000000000,31
3100,88,0.0238114210,63170096.0000000000,37
3100,89,0.0238386840,63170096.0000000000,39
3100,90,0.0238943490,63170096.0000000000,29
3100,91,0.0239548230,63170096.0000000000,34
3100,92,0.0238975770,63170096.0000000000,38
3100,93,0.0221136280,58998832.0000000000,27
3100,94,0.0220227530,58998832.0000000000,25
3100,95,0.0221320910,58998832.0000000000,31
3100,96,0.0234138700,63170096.0000000000,49
3100,97,0.0239249120,63170096.0000000000,36
3100,98,0.0238780550,63170096.0000000000,33
3100,99,0.0235076710,63170096.0000000000,51
3100,100,0.0239417470,63170096.0000000000,32
3100,101,0.0220929670,58998832.0000000000,26
3100,102,0.0221378140,58998832.0000000000,24
3100,103,0.0222333870,58998832.0000000000,28
3100,104,0.0238914200,63170096.0000000000,32
3100,105,0.0238600650,63170096.0000000000,38
3100,106,0.0240095780,63170096.0000000000,34
3100,107,0.0234468600,63170096.0000000000,55
3100,108,0.0238848420,63170096.0000000000,36
3100,109,0.0220763660,58998832.0000000000,26
3100,110,0.0220109070,58998832.0000000000,30
3100,111,0.0221301610,58998832.0000000000,24
3100,112,0.0238931340,63170096.0000000000,35
3100,113,0.0234357180,63170096.0000000000,52
3100,114,0.0238666620,63170096.0000000000,33
3100,115,0.0238267590,63170096.0000000000,39
3100,116,0.0238982310,63170096.0000000000,37
3100,117,0.0220919020,58998832.0000000000,29
3100,118,0.0220474220,58998832.0000000000,25
3100,119,0.0221920960,58998832.0000000000,28
3150,0,8.1727900247,363110464.0000000000,27
3150,1,6.8690259132,325127424.0000000000,28
3150,2,5.8736342106,295984560.0000000000,25
3150,3,5.7665988777,293184336.0000000000,24
3150,4,5.8161854391,294007776.0000000000,26
3150,5,6.3473604728,299735552.0000000000,30
3150,6,14.7080097035,537579968.0000000000,31
3150,7,11.3874715427,447171328.0000000000,29
3150,8,16.2451814653,650239968.0000000000,2
3150,9,16.4191185988,642403168.0000000000,0
3150,10,16.5917734600,641273584.0000000000,4
3150,11,14.6504602396,587298832.0000000000,5
3150,12,14.8539437574,592224944.0000000000,11
3150,13,15.5893689521,600256144.0000000000,15
3150,14,12.9438512893,539975136.0000000000,17
3150,15,12.2767880567,524445152.0000000000,21
3150,16,13.4661841855,575094320.0000000000,1
3150,17,13.4663753583,575420224.0000000000,8
3150,18,14.2105228330,595056224.0000000000,10
3150,19,16.0869665313,656403552.0000000000,7
3150,20,15.8516151450,646861712.0000000000,14
3150,21,12.7218976491,541425040.0000000000,19
3150,22,12.5692844450,537105760.0000000000,23
3150,23,12.5648514626,536780576.0000000000,18
3150,24,13.4552947562,574547120.0000000000,13
3150,25,13.4815420029,575447072.0000000000,3
3150,26,13.4810862607,575426992.0000000000,9
3150,27,13.4608711882,575412096.0000000000,6
3150,28,13.4659604161,575429792.0000000000,12
3150,29,12.5772024445,537131520.0000000000,16
3150,30,12.5966840347,537080896.0000000000,20
3150,31,12.5724646241,536258960.0000000000,22
3150,32,7.8412688201,348969744.0000000000,33
3150,33,7.8753410942,350071184.0000000000,36
3150,34,7.8778831919,350039088.0000000000,34
3150,35,7.8788628988,350044976.0000000000,32
3150,36,7.8794861240,350049136.0000000000,35
3150,37,7.3846353436,326744464.0000000000,37
3150,38,7.3904604405,326802624.0000000000,38
3150,39,7.3486412140,325666672.0000000000,39
3150,40,0.8541246888,72102448.0000000000,45
3150,41,0.8556501404,72102448.0000000000,47
3150,42,0.8580409625,72102448.0000000000,54
3150,43,0.8539530016,72102448.0000000000,44
3150,44,0.8560881506,72102448.0000000000,54
3150,45,0.8135044000,67341360.0000000000,42
3150,46,0.8128905591,67341360.0000000000,41
3150,47,0.8113166168,67341360.0000000000,45
3150,48,0.8564958457,72102448.0000000000,51
3150,49,0.8556935294,72102448.0000000000,51
3150,50,0.8554525996,72102448.0000000000,49
3150,51,0.8550501437,72102448.0000000000,48
3150,52,0.8546703727,72102448.0000000000,50
3150,53,0.8125431795,67341360.0000000000,41
3150,54,0.8115417221,67341360.0000000000,44
3150,55,0.8138177408,67341360.0000000000,43
3150,56,0.8537666572,72102448.0000000000,48
3150,57,0.8536112215,72102448.0000000000,50
3150,58,0.8545314283,72102448.0000000000,49
3150,59,0.8556389881,72102448.0000000000,52
3150,60,0.8563121113,72102448.0000000000,53
3150,61,0.8111746309,67341360.0000000000,45
3150,62,0.8125646618,67341360.0000000000,46
3150,63,0.8117805600,67341360.0000000000,46
3150,64,0.8728212691,72102448.0000000000,40
3150,65,0.8548060149,72102448.0000000000,41
3150,66,0.8568023291,72102448.0000000000,55
3150,67,0.8536012786,72102448.0000000000,46
3150,68,0.8540882244,72102448.0000000000,53
3150,69,0.8114670344,67341360.0000000000,44
3150,70,0.8123140719,67341360.0000000000,42
3150,71,0.8121280791,67341360.0000000000,47
3150,72,0.8544457830,72102448.0000000000,42
3150,73,0.8720948584,72102448.0000000000,40
3150,74,0.8547109063,72102448.0000000000,55
3150,75,0.8534966390,72102448.0000000000,52
3150,76,0.8545218354,72102448.0000000000,43
3150,77,0.8130756469,67341360.0000000000,43
3150,78,0.8287015676,67341360.0000000000,40
3150,79,0.8119890060,67341360.0000000000,47
3150,80,0.7805000271,63170096.0000000000,35
3150,81,0.7669636623,63170096.0000000000,54
3150,82,0.7634322379,63170096.0000000000,53
3150,83,0.7648040201,63170096.0000000000,48
3150,84,0.7646277926,63170096.0000000000,50
3150,85,0.7217249407,58998832.0000000000,30
3150,86,0.7232614775,58998832.0000000000,27
3150,87,0.7232426876,58998832.0000000000,31
3150,88,0.7814355289,63170096.0000000000,37
3150,89,0.7779327284,63170096.0000000000,39
3150,90,0.7794858300,63170096.0000000000,29
3150,91,0.7824044262,63170096.0000000000,34
3150,92,0.7797215459,63170096.0000000000,38
3150,93,0.7235380672,58998832.0000000000,27
3150,94,0.7206609880,58998832.0000000000,25
3150,95,0.7229277189,58998832.0000000000,31
3150,96,0.7653074837,63170096.0000000000,49
3150,97,0.7816370404,63170096.0000000000,36
3150,98,0.7795798825,63170096.0000000000,33
3150,99,0.7662898567,63170096.0000000000,51
3150,100,0.7809961004,63170096.0000000000,32
3150,101,0.7217631301,58998832.0000000000,26
3150,102,0.7226918159,58998832.0000000000,24
3150,103,0.7253346222,58998832.0000000000,28
3150,104,0.7810101455,63170096.0000000000,32
3150,105,0.7795423351,63170096.0000000000,38
3150,106,0.7828239728,63170096.0000000000,34
3150,107,0.7649325333,63170096.0000000000,55
3150,108,0.7803328244,63170096.0000000000,36
3150,109,0.7215913540,58998832.0000000000,26
3150,110,0.7211825565,58998832.0000000000,30
3150,111,0.7227104965,58998832.0000000000,24
3150,112,0.7802496155,63170096.0000000000,35
3150,113,0.7644269602,63170096.0000000000,52
3150,114,0.7792973012,63170096.0000000000,33
3150,115,0.7777993788,63170096.0000000000,39
3150,116,0.7796320611,63170096.0000000000,37
3150,117,0.7212794251,58998832.0000000000,29
3150,118,0.7204061007,58998832.0000000000,25
3150,119,0.7252443501,58998832.0000000000,28
3200,0,0.2492135370,359591136.0000000000,27
3200,1,0.2145319860,326030208.0000000000,28
3200,2,0.1817039170,296430496.0000000000,25
3200,3,0.1785035200,293116528.0000000000,24
3200,4,0.1806074830,294327232.0000000000,26
3200,5,0.1962450640,299438240.0000000000,30
3200,6,0.4568539510,537185456.0000000000,31
3200,7,0.3529659240,448596128.0000000000,29
3200,8,0.5077783500,653522752.0000000000,2
3200,9,0.5092056880,641133760.0000000000,0
3200,10,0.5101787380,637215680.0000000000,4
3200,11,0.4401276400,576802992.0000000000,5
3200,12,0.4448914000,581221152.0000000000,11
3200,13,0.4832818050,598826944.0000000000,15
3200,14,0.4003823630,538704176.0000000000,17
3200,15,0.3801610710,524332816.0000000000,21
3200,16,0.4181395210,575076704.0000000000,1
3200,17,0.4182119050,575422720.0000000000,8
3200,18,0.4480758400,599180064.0000000000,10
3200,19,0.5173968340,664437200.0000000000,7
3200,20,0.5100281050,655674768.0000000000,14
3200,21,0.3984807650,542950032.0000000000,19
3200,22,0.3904858080,537106656.0000000000,23
3200,23,0.3902975380,536768144.0000000000,18
3200,24,0.4182370170,574527120.0000000000,13
3200,25,0.4188064000,575443712.0000000000,3
3200,26,0.4189695320,575424400.0000000000,9
3200,27,0.4182739640,575408752.0000000000,6
3200,28,0.4183720940,575427888.0000000000,12
3200,29,0.3910094830,537127568.0000000000,16
3200,30,0.3915841910,537078816.0000000000,20
3200,31,0.3904243380,536239840.0000000000,22
3200,32,0.2434477660,348951584.0000000000,33
3200,33,0.2444033730,350074592.0000000000,36
3200,34,0.2447095280,350041520.0000000000,34
3200,35,0.2446684710,350044016.0000000000,32
3200,36,0.2447929110,350051520.0000000000,35
3200,37,0.2290469500,326743360.0000000000,37
3200,38,0.2292311560,326804288.0000000000,38
3200,39,0.2279403490,325650288.0000000000,39
3200,40,0.0261373210,72102448.0000000000,45
3200,41,0.0262129860,72102448.0000000000,47
3200,42,0.0262475440,72102448.0000000000,54
3200,43,0.0261773270,72102448.0000000000,44
3200,44,0.0262213920,72102448.0000000000,54
3200,45,0.0249216560,67341360.0000000000,42
3200,46,0.0249394530,67341360.0000000000,41
3200,47,0.0248389770,67341360.0000000000,45
3200,48,0.0262401890,72102448.0000000000,51
3200,49,0.0262005520,72102448.0000000000,51
3200,50,0.0261836020,72102448.0000000000,49
3200,51,0.0261833420,72102448.0000000000,48
3200,52,0.0261408090,72102448.0000000000,50
3200,53,0.0248717910,67341360.0000000000,41
3200,54,0.0248691650,67341360.0000000000,44
3200,55,0.0249201950,67341360.0000000000,43
3200,56,0.0261537520,72102448.0000000000,48
3200,57,0.0261632400,72102448.0000000000,50
3200,58,0.0262039590,72102448.0000000000,49
3200,59,0.0262315520,72102448.0000000000,52
3200,60,0.0262031880,72102448.0000000000,53
3200,61,0.0248309210,67341360.0000000000,45
3200,62,0.0249475090,67341360.0000000000,46
3200,63,0.0248426640,67341360.0000000000,46
3200,64,0.0266985680,72102448.0000000000,40
3200,65,0.0262262220,72102448.0000000000,41
3200,66,0.0261715160,72102448.0000000000,55
3200,67,0.0261623710,72102448.0000000000,46
3200,68,0.0261183630,72102448.0000000000,53
3200,69,0.0248235180,67341360.0000000000,44
3200,70,0.0249091140,67341360.0000000000,42
3200,71,0.0248688920,67341360.0000000000,47
3200,72,0.0261522990,72102448.0000000000,42
3200,73,0.0266860330,72102448.0000000000,40
3200,74,0.0261629390,72102448.0000000000,55
3200,75,0.0261681490,72102448.0000000000,52
3200,76,0.0261366700,72102448.0000000000,43
3200,77,0.0249353130,67341360.0000000000,43
3200,78,0.0254118570,67341360.0000000000,40
3200,79,0.0248741840,67341360.0000000000,47
3200,80,0.0239154970,63170096.0000000000,35
3200,81,0.0235007820,63170096.0000000000,54
3200,82,0.0234090160,63170096.0000000000,53
3200,83,0.0234198320,63170096.0000000000,48
3200,84,0.0234001910,63170096.0000000000,50
3200,85,0.0221130820,58998832.0000000000,30
3200,86,0.0221398680,58998832.0000000000,27
3200,87,0.0220789270,58998832.0000000000,31
3200,88,0.0239165050,63170096.0000000000,37
3200,89,0.0237734960,63170096.0000000000,39
3200,90,0.0238997890,63170096.0000000000,29
3200,91,0.0239428880,63170096.0000000000,34
3200,92,0.0238836090,63170096.0000000000,38
3200,93,0.0221316810,58998832.0000000000,27
3200,94,0.0221080250,58998832.0000000000,25
3200,95,0.0221479000,58998832.0000000000,31
3200,96,0.0234657480,63170096.0000000000,49
3200,97,0.0238891000,63170096.0000000000,36
3200,98,0.0238548990,63170096.0000000000,33
3200,99,0.0234928190,63170096.0000000000,51
3200,100,0.0238848270,63170096.0000000000,32
3200,101,0.0221288970,58998832.0000000000,26
3200,102,0.0221380150,58998832.0000000000,24
3200,103,0.0221718160,58998832.0000000000,28
3200,104,0.0239391300,63170096.0000000000,32
3200,105,0.0238697640,63170096.0000000000,38
3200,106,0.0239781960,63170096.0000000000,34
3200,107,0.0234111280,63170096.0000000000,55
3200,108,0.0239063820,63170096.0000000000,36
3200,109,0.0220896990,58998832.0000000000,26
3200,110,0.0220837740,58998832.0000000000,30
3200,111,0.0221504490,58998832.0000000000,24
3200,112,0.0239055370,63170096.0000000000,35
3200,113,0.0234053080,63170096.0000000000,52
3200,114,0.0238299700,63170096.0000000000,33
3200,115,0.0238068000,63170096.0000000000,39
3200,116,0.0238920770,63170096.0000000000,37
3200,117,0.0220909790,58998832.0000000000,29
3200,118,0.0220445620,58998832.0000000000,25
3200,119,0.0221883090,58998832.0000000000,28
3250,0,7.9438151921,355802384.0000000000,27
3250,1,6.9086456346,325655200.0000000000,28
3250,2,5.8522907155,295884544.0000000000,25
3250,3,5.7480314007,292908864.0000000000,24
3250,4,5.8157686881,293946432.0000000000,26
3250,5,6.2515943341,297275872.0000000000,30
3250,6,14.5908274840,533201200.0000000000,31
3250,7,11.4297434671,450040496.0000000000,29
3250,8,16.3946801125,656966032.0000000000,2
3250,9,16.3783047335,641665776.0000000000,0
3250,10,16.2366447379,630411488.0000000000,4
3250,11,14.0733819127,574022288.0000000000,5
3250,12,14.1704638787,575655328.0000000000,11
3250,13,15.5119427291,597783888.0000000000,15
3250,14,12.9286112241,540875712.0000000000,17
3250,15,12.2490696904,524359440.0000000000,21
3250,16,13.4547650156,575067984.0000000000,1
3250,17,13.4666885128,575422288.0000000000,8
3250,18,14.5883412484,606569264.0000000000,10
3250,19,16.7021843810,666786736.0000000000,7
3250,20,16.5276269864,660691472.0000000000,14
3250,21,12.8694017832,545690224.0000000000,19
3250,22,12.5707262479,537103824.0000000000,23
3250,23,12.5640699789,536753536.0000000000,18
3250,24,13.4540987623,574510928.0000000000,13
3250,25,13.4722192289,575441408.0000000000,3
3250,26,13.4802587320,575418192.0000000000,9
3250,27,13.4618563384,575407312.0000000000,6
3250,28,13.4653655452,575426960.0000000000,12
3250,29,12.5773217789,537129728.0000000000,16
3250,30,12.5969462413,537082848.0000000000,20
3250,31,12.5706692731,536221040.0000000000,22
3250,32,7.8404827331,348937424.0000000000,33
3250,33,7.8732214552,350076608.0000000000,36
3250,34,7.8779489716,350044352.0000000000,34
3250,35,7.8781358608,350044032.0000000000,32
3250,36,7.8795896688,350054976.0000000000,35
3250,37,7.3783309128,326743552.0000000000,37
3250,38,7.3848651964,326802784.0000000000,38
3250,39,7.3417317001,325635888.0000000000,39
3250,40,0.8541395520,72102448.0000000000,45
3250,41,0.8556770187,72102448.0000000000,47
3250,42,0.8570336347,72102448.0000000000,54
3250,43,0.8539772796,72102448.0000000000,44
3250,44,0.8560457520,72102448.0000000000,54
3250,45,0.8135775529,67341360.0000000000,42
3250,46,0.8128598862,67341360.0000000000,41
3250,47,0.8111929929,67341360.0000000000,45
3250,48,0.8565555632,72102448.0000000000,51
3250,49,0.8556791584,72102448.0000000000,51
3250,50,0.8554115515,72102448.0000000000,49
3250,51,0.8548511626,72102448.0000000000,48
3250,52,0.8543233769,72102448.0000000000,50
3250,53,0.8120843191,67341360.0000000000,41
3250,54,0.8116402126,67341360.0000000000,44
3250,55,0.8136487083,67341360.0000000000,43
3250,56,0.8538829434,72102448.0000000000,48
3250,57,0.8536272318,72102448.0000000000,50
3250,58,0.8544838547,72102448.0000000000,49
3250,59,0.8544608354,72102448.0000000000,52
3250,60,0.8551235546,72102448.0000000000,53
3250,61,0.8112260089,67341360.0000000000,45
3250,62,0.8126484203,67341360.0000000000,46
3250,63,0.8117781699,67341360.0000000000,46
3250,64,0.8727454370,72102448.0000000000,40
3250,65,0.8552796032,72102448.0000000000,41
3250,66,0.8557450776,72102448.0000000000,55
3250,67,0.8535144769,72102448.0000000000,46
3250,68,0.8542652118,72102448.0000000000,53
3250,69,0.8113076603,67341360.0000000000,44
3250,70,0.8125911052,67341360.0000000000,42
3250,71,0.8120277324,67341360.0000000000,47
3250,72,0.8542077589,72102448.0000000000,42
3250,73,0.8722240274,72102448.0000000000,40
3250,74,0.8546152662,72102448.0000000000,55
3250,75,0.8535039894,72102448.0000000000,52
3250,76,0.8548110549,72102448.0000000000,43
3250,77,0.8128657878,67341360.0000000000,43
3250,78,0.8289941796,67341360.0000000000,40
3250,79,0.8118336612,67341360.0000000000,47
3250,80,0.7805274082,63170096.0000000000,35
3250,81,0.7669132240,63170096.0000000000,54
3250,82,0.7634294940,63170096.0000000000,53
3250,83,0.7647674208,63170096.0000000000,48
3250,84,0.7646464855,63170096.0000000000,50
3250,85,0.7211422944,58998832.0000000000,30
3250,86,0.7233716001,58998832.0000000000,27
3250,87,0.7232989653,58998832.0000000000,31
3250,88,0.7795741720,63170096.0000000000,37
3250,89,0.7778163633,63170096.0000000000,39
3250,90,0.7794693687,63170096.0000000000,29
3250,91,0.7825302400,63170096.0000000000,34
3250,92,0.7798773946,63170096.0000000000,38
3250,93,0.7232488146,58998832.0000000000,27
3250,94,0.7204193208,58998832.0000000000,25
3250,95,0.7228178237,58998832.0000000000,31
3250,96,0.7654733146,63170096.0000000000,49
3250,97,0.7797109213,63170096.0000000000,36
3250,98,0.7794792830,63170096.0000000000,33
3250,99,0.7663763182,63170096.0000000000,51
3250,100,0.7810637003,63170096.0000000000,32
3250,101,0.7217115096,58998832.0000000000,26
3250,102,0.7227331461,58998832.0000000000,24
3250,103,0.7255677907,58998832.0000000000,28
3250,104,0.7808600870,63170096.0000000000,32
3250,105,0.7797146776,63170096.0000000000,38
3250,106,0.7827112013,63170096.0000000000,34
3250,107,0.7649490899,63170096.0000000000,55
3250,108,0.7801668651,63170096.0000000000,36
3250,109,0.7216055701,58998832.0000000000,26
3250,110,0.7212763633,58998832.0000000000,30
3250,111,0.7224235567,58998832.0000000000,24
3250,112,0.7804874423,63170096.0000000000,35
3250,113,0.7641917154,63170096.0000000000,52
3250,114,0.7793573331,63170096.0000000000,33
3250,115,0.7779638946,63170096.0000000000,39
3250,116,0.7794421178,63170096.0000000000,37
3250,117,0.7211557889,58998832.0000000000,29
3250,118,0.7201638570,58998832.0000000000,25
3250,119,0.7253211346,58998832.0000000000,28
3300,0,0.2406761500,351270384.0000000000,27
3300,1,0.2121637370,323962336.0000000000,28
3300,2,0.1809736200,294853680.0000000000,25
3300,3,0.1771848050,292225152.0000000000,24
3300,4,0.1781941570,293117536.0000000000,26
3300,5,0.1923915410,295881760.0000000000,30
3300,6,0.4473817190,528325072.0000000000,31
3300,7,0.3591794300,450972528.0000000000,29
3300,8,0.5177758370,660505760.0000000000,2
3300,9,0.5133993020,643336816.0000000000,0
3300,10,0.4959490280,624183344.0000000000,4
3300,11,0.4365407360,572921328.0000000000,5
3300,12,0.4370570570,573310400.0000000000,11
3300,13,0.4781387150,594388368.0000000000,15
3300,14,0.4081955140,544120896.0000000000,17
3300,15,0.3817855210,524498912.0000000000,21
3300,16,0.4181266560,575058016.0000000000,1
3300,17,0.4185559860,575417824.0000000000,8
3300,18,0.4653308720,613344480.0000000000,10
3300,19,0.5225024540,668003952.0000000000,7
3300,20,0.5194195270,662929120.0000000000,14
3300,21,0.4061665810,549235472.0000000000,19
3300,22,0.3906418050,537105984.0000000000,23
3300,23,0.3904527030,536743136.0000000000,18
3300,24,0.4181448380,574493344.0000000000,13
3300,25,0.4188463000,575441840.0000000000,3
3300,26,0.4190069280,575423232.0000000000,9
3300,27,0.4183840790,575406160.0000000000,6
3300,28,0.4183795420,575430048.0000000000,12
3300,29,0.3907569800,537129664.0000000000,16
3300,30,0.3915682770,537079600.0000000000,20
3300,31,0.3906404320,536207712.0000000000,22
3300,32,0.2435137860,348918560.0000000000,33
3300,33,0.2445475010,350076080.0000000000,36
3300,34,0.2446306970,350044384.0000000000,34
3300,35,0.2446210200,350043600.0000000000,32
3300,36,0.2447046730,350054272.0000000000,35
3300,37,0.2292223280,326746528.0000000000,37
3300,38,0.2292773670,326801040.0000000000,38
3300,39,0.2279440180,325619968.0000000000,39
3300,40,0.0261692930,72102448.0000000000,45
3300,41,0.0262460400,72102448.0000000000,47
3300,42,0.0262236770,72102448.0000000000,54
3300,43,0.0261849120,72102448.0000000000,44
3300,44,0.0262089490,72102448.0000000000,54
3300,45,0.0249101560,67341360.0000000000,42
3300,46,0.0249362670,67341360.0000000000,41
3300,47,0.0248527330,67341360.0000000000,45
3300,48,0.0262299690,72102448.0000000000,51
3300,49,0.0262078750,72102448.0000000000,51
3300,50,0.0262172750,72102448.0000000000,49
3300,51,0.0261764080,72102448.0000000000,48
3300,52,0.0261621700,72102448.0000000000,50
3300,53,0.0248944550,67341360.0000000000,41
3300,54,0.0248450100,67341360.0000000000,44
3300,55,0.0249706040,67341360.0000000000,43
3300,56,0.0261451750,72102448.0000000000,48
3300,57,0.0261490430,72102448.0000000000,50
3300,58,0.0261596030,72102448.0000000000,49
3300,59,0.0261943600,72102448.0000000000,52
3300,60,0.0262748960,72102448.0000000000,53
3300,61,0.0248786240,67341360.0000000000,45
3300,62,0.0249208450,67341360.0000000000,46
3300,63,0.0248739230,67341360.0000000000,46
3300,64,0.0267303400,72102448.0000000000,40
3300,65,0.0261529210,72102448.0000000000,41
3300,66,0.0261806340,72102448.0000000000,55
3300,67,0.0261185650,72102448.0000000000,46
3300,68,0.0261424710,72102448.0000000000,53
3300,69,0.0248106100,67341360.0000000000,44
3300,70,0.0249147660,67341360.0000000000,42
3300,71,0.0248427540,67341360.0000000000,47
3300,72,0.0261765770,72102448.0000000000,42
3300,73,0.0267338640,72102448.0000000000,40
3300,74,0.0261597620,72102448.0000000000,55
3300,75,0.0261680290,72102448.0000000000,52
3300,76,0.0262165950,72102448.0000000000,43
3300,77,0.0248913200,67341360.0000000000,43
3300,78,0.0253698460,67341360.0000000000,40
3300,79,0.0249207750,67341360.0000000000,47
3300,80,0.0239269580,63170096.0000000000,35
3300,81,0.0235181960,63170096.0000000000,54
3300,82,0.0233475580,63170096.0000000000,53
3300,83,0.0233995710,63170096.0000000000,48
3300,84,0.0233728890,63170096.0000000000,50
3300,85,0.0220631460,58998832.0000000000,30
3300,86,0.0221637030,58998832.0000000000,27
3300,87,0.0221182740,58998832.0000000000,31
3300,88,0.0238823050,63170096.0000000000,37
3300,89,0.0238310480,63170096.0000000000,39
3300,90,0.0238286120,63170096.0000000000,29
3300,91,0.0239817550,63170096.0000000000,34
3300,92,0.0238938690,63170096.0000000000,38
3300,93,0.0221226950,58998832.0000000000,27
3300,94,0.0220585800,58998832.0000000000,25
3300,95,0.0221015600,58998832.0000000000,31
3300,96,0.0234566930,63170096.0000000000,49
3300,97,0.0239378250,63170096.0000000000,36
3300,98,0.0239035740,63170096.0000000000,33
3300,99,0.0234415010,63170096.0000000000,51
3300,100,0.0239085720,63170096.0000000000,32
3300,101,0.0220724070,58998832.0000000000,26
3300,102,0.0221119240,58998832.0000000000,24
3300,103,0.0222013620,58998832.0000000000,28
3300,104,0.0238799750,63170096.0000000000,32
3300,105,0.0238591430,63170096.0000000000,38
3300,106,0.0239750710,63170096.0000000000,34
3300,107,0.0234197670,63170096.0000000000,55
3300,108,0.0238497730,63170096.0000000000,36
3300,109,0.0220890200,58998832.0000000000,26
3300,110,0.0220822650,58998832.0000000000,30
3300,111,0.0220811440,58998832.0000000000,24
3300,112,0.0239210860,63170096.0000000000,35
3300,113,0.0234088560,63170096.0000000000,52
3300,114,0.0238770720,63170096.0000000000,33
3300,115,0.0238248980,63170096.0000000000,39
3300,116,0.0238798010,63170096.0000000000,37
3300,117,0.0220627560,58998832.0000000000,29
3300,118,0.0220489310,58998832.0000000000,25
3300,119,0.0221572190,58998832.0000000000,28
3350,0,7.6626058862,346899184.0000000000,27
3350,1,6.8078479949,322681008.0000000000,28
3350,2,5.8348234866,294228496.0000000000,25
3350,3,5.7114681892,291828000.0000000000,24
3350,4,5.7520870739,292871776.0000000000,26
3350,5,6.2117277292,296195200.0000000000,30
3350,6,14.3337591589,526172272.0000000000,31
3350,7,11.5636279426,451178736.0000000000,29
3350,8,16.7306670934,663965040.0000000000,2
3350,9,16.5339668202,644347952.0000000000,0
3350,10,15.8120220493,618582288.0000000000,4
3350,11,14.0199656440,572287616.0000000000,5
3350,12,14.0179925355,571995520.0000000000,11
3350,13,15.2745221384,590210112.0000000000,15
3350,14,13.1783726303,545859344.0000000000,17
3350,15,12.2888928423,524738640.0000000000,21
3350,16,13.4541523290,575043056.0000000000,1
3350,17,13.4686478421,575451408.0000000000,8
3350,18,15.1091523265,619672256.0000000000,10
3350,19,16.8133977213,668618720.0000000000,7
3350,20,16.7295776620,664039712.0000000000,14
3350,21,13.1450348949,552729760.0000000000,19
3350,22,12.5697988628,537108192.0000000000,23
3350,23,12.5634119831,536733216.0000000000,18
3350,24,13.4537603553,574477072.0000000000,13
3350,25,13.4714404753,575439184.0000000000,3
3350,26,13.4823453888,575423296.0000000000,9
3350,27,13.4609446641,575411456.0000000000,6
3350,28,13.4662495830,575426560.0000000000,12
3350,29,12.5777941442,537126912.0000000000,16
3350,30,12.5963612725,537084656.0000000000,20
3350,31,12.5706219271,536191424.0000000000,22
3350,32,7.8404593670,348903616.0000000000,33
3350,33,7.8731552486,350075856.0000000000,36
3350,34,7.8776698611,350041920.0000000000,34
3350,35,7.8790098538,350044800.0000000000,32
3350,36,7.8798316796,350052416.0000000000,35
3350,37,7.3784640676,326742288.0000000000,37
3350,38,7.3839816933,326803568.0000000000,38
3350,39,7.3412395105,325605680.0000000000,39
3350,40,0.8540271456,72102448.0000000000,45
3350,41,0.8558969501,72102448.0000000000,47
3350,42,0.8571240193,72102448.0000000000,54
3350,43,0.8538519840,72102448.0000000000,44
3350,44,0.8558681312,72102448.0000000000,54
3350,45,0.8135678038,67341360.0000000000,42
3350,46,0.8128649961,67341360.0000000000,41
3350,47,0.8113404476,67341360.0000000000,45
3350,48,0.8567535002,72102448.0000000000,51
3350,49,0.8554859475,72102448.0000000000,51
3350,50,0.8553686019,72102448.0000000000,49
3350,51,0.8548783915,72102448.0000000000,48
3350,52,0.8544314645,72102448.0000000000,50
3350,53,0.8122962730,67341360.0000000000,41
3350,54,0.8117254519,67341360.0000000000,44
3350,55,0.8138908120,67341360.0000000000,43
3350,56,0.8538951960,72102448.0000000000,48
3350,57,0.8535255861,72102448.0000000000,50
3350,58,0.8543985663,72102448.0000000000,49
3350,59,0.8542311111,72102448.0000000000,52
3350,60,0.8552401359,72102448.0000000000,53
3350,61,0.8112169400,67341360.0000000000,45
3350,62,0.8127236113,67341360.0000000000,46
3350,63,0.8119285749,67341360.0000000000,46
3350,64,0.8727299536,72102448.0000000000,40
3350,65,0.8550675934,72102448.0000000000,41
3350,66,0.8554972880,72102448.0000000000,55
3350,67,0.8533218840,72102448.0000000000,46
3350,68,0.8541769702,72102448.0000000000,53
3350,69,0.8113560118,67341360.0000000000,44
3350,70,0.8126165757,67341360.0000000000,42
3350,71,0.8119480030,67341360.0000000000,47
3350,72,0.8545590454,72102448.0000000000,42
3350,73,0.8719695890,72102448.0000000000,40
3350,74,0.8545964868,72102448.0000000000,55
3350,75,0.8536232756,72102448.0000000000,52
3350,76,0.8546879470,72102448.0000000000,43
3350,77,0.8128350764,67341360.0000000000,43
3350,78,0.8289986003,67341360.0000000000,40
3350,79,0.8116948541,67341360.0000000000,47
3350,80,0.7803269069,63170096.0000000000,35
3350,81,0.7668207543,63170096.0000000000,54
3350,82,0.7632363312,63170096.0000000000,53
3350,83,0.7646188548,63170096.0000000000,48
3350,84,0.7646966561,63170096.0000000000,50
3350,85,0.7211371976,58998832.0000000000,30
3350,86,0.7234768943,58998832.0000000000,27
3350,87,0.7232869737,58998832.0000000000,31
3350,88,0.7796324075,63170096.0000000000,37
3350,89,0.7779900271,63170096.0000000000,39
3350,90,0.7794549879,63170096.0000000000,29
3350,91,0.7825709510,63170096.0000000000,34
3350,92,0.7799449047,63170096.0000000000,38
3350,93,0.7233019625,58998832.0000000000,27
3350,94,0.7207143605,58998832.0000000000,25
3350,95,0.7229223196,58998832.0000000000,31
3350,96,0.7655153959,63170096.0000000000,49
3350,97,0.7797473643,63170096.0000000000,36
3350,98,0.7792797827,63170096.0000000000,33
3350,99,0.7664263159,63170096.0000000000,51
3350,100,0.7811518934,63170096.0000000000,32
3350,101,0.7218787959,58998832.0000000000,26
3350,102,0.7227795277,58998832.0000000000,24
3350,103,0.7255439213,58998832.0000000000,28
3350,104,0.7811147378,63170096.0000000000,32
3350,105,0.7795988683,63170096.0000000000,38
3350,106,0.7827047002,63170096.0000000000,34
3350,107,0.7648205868,63170096.0000000000,55
3350,108,0.7800880634,63170096.0000000000,36
3350,109,0.7217482065,58998832.0000000000,26
3350,110,0.7211036916,58998832.0000000000,30
3350,111,0.7226594912,58998832.0000000000,24
3350,112,0.7805098566,63170096.0000000000,35
3350,113,0.7641594565,63170096.0000000000,52
3350,114,0.7792978405,63170096.0000000000,33
3350,115,0.7775927172,63170096.0000000000,39
3350,116,0.7794173623,63170096.0000000000,37
3350,117,0.7211121332,58998832.0000000000,29
3350,118,0.7203131405,58998832.0000000000,25
3350,119,0.7255943786,58998832.0000000000,28
3400,0,0.2311700780,342384784.0000000000,27
3400,1,0.2113776700,322985104.0000000000,28
3400,2,0.1806207000,294061360.0000000000,25
3400,3,0.1774582890,292048928.0000000000,24
3400,4,0.1792303810,293179296.0000000000,26
3400,5,0.1947105990,297711840.0000000000,30
3400,6,0.4465433110,526616192.0000000000,31
3400,7,0.3594571610,450832368.0000000000,29
3400,8,0.5250360720,666949344.0000000000,2
3400,9,0.5147017960,643839872.0000000000,0
3400,10,0.4828024280,612560480.0000000000,4
3400,11,0.4351906360,571091024.0000000000,5
3400,12,0.4342645130,570539792.0000000000,11
3400,13,0.4684863890,585368688.0000000000,15
3400,14,0.4105915460,545682320.0000000000,17
3400,15,0.3822511710,525021072.0000000000,21
3400,16,0.4183512650,575033584.0000000000,1
3400,17,0.4190583520,575562288.0000000000,8
3400,18,0.4802484470,625792160.0000000000,10
3400,19,0.5244219620,669262160.0000000000,7
3400,20,0.5224276840,664730976.0000000000,14
3400,21,0.4145619480,556054816.0000000000,19
3400,22,0.3906355260,537106544.0000000000,23
3400,23,0.3905885840,536726608.0000000000,18
3400,24,0.4181268350,574463840.0000000000,13
3400,25,0.4186843090,575438400.0000000000,3
3400,26,0.4187067440,575420448.0000000000,9
3400,27,0.4181911940,575408400.0000000000,6
3400,28,0.4183850540,575424192.0000000000,12
3400,29,0.3909671950,537128912.0000000000,16
3400,30,0.3915586700,537080224.0000000000,20
3400,31,0.3906320880,536168672.0000000000,22
3400,32,0.2432541020,348887504.0000000000,33
3400,33,0.2444948500,350076064.0000000000,36
3400,34,0.2446695240,350043792.0000000000,34
3400,35,0.2446832690,350045376.0000000000,32
3400,36,0.2447104520,350054128.0000000000,35
3400,37,0.2291504400,326741056.0000000000,37
3400,38,0.2294288810,326804912.0000000000,38
3400,39,0.2279038190,325592464.0000000000,39
3400,40,0.0261928770,72102448.0000000000,45
3400,41,0.0262110830,72102448.0000000000,47
3400,42,0.0262199090,72102448.0000000000,54
3400,43,0.0261482500,72102448.0000000000,44
3400,44,0.0262481450,72102448.0000000000,54
3400,45,0.0249267290,67341360.0000000000,42
3400,46,0.0248862090,67341360.0000000000,41
3400,47,0.0248432280,67341360.0000000000,45
3400,48,0.0262206510,72102448.0000000000,51
3400,49,0.0262090690,72102448.0000000000,51
3400,50,0.0262164740,72102448.0000000000,49
3400,51,0.0261569990,72102448.0000000000,48
3400,52,0.0261673490,72102448.0000000000,50
3400,53,0.0248653190,67341360.0000000000,41
3400,54,0.0248626830,67341360.0000000000,44
3400,55,0.0249650410,67341360.0000000000,43
3400,56,0.0261406770,72102448.0000000000,48
3400,57,0.0261420500,72102448.0000000000,50
3400,58,0.0262176470,72102448.0000000000,49
3400,59,0.0262205510,72102448.0000000000,52
3400,60,0.0261947110,72102448.0000000000,53
3400,61,0.0248247170,67341360.0000000000,45
3400,62,0.0249085800,67341360.0000000000,46
3400,63,0.0248114030,67341360.0000000000,46
3400,64,0.0267160010,72102448.0000000000,40
3400,65,0.0261702030,72102448.0000000000,41
3400,66,0.0262173350,72102448.0000000000,55
3400,67,0.0261417110,72102448.0000000000,46
3400,68,0.0261387220,72102448.0000000000,53
3400,69,0.0248359810,67341360.0000000000,44
3400,70,0.0249073590,67341360.0000000000,42
3400,71,0.0248502390,67341360.0000000000,47
3400,72,0.0261266890,72102448.0000000000,42
3400,73,0.0266719280,72102448.0000000000,40
3400,74,0.0261548820,72102448.0000000000,55
3400,75,0.0261343450,72102448.0000000000,52
3400,76,0.0261554660,72102448.0000000000,43
3400,77,0.0248777120,67341360.0000000000,43
3400,78,0.0253749850,67341360.0000000000,40
3400,79,0.0249058860,67341360.0000000000,47
3400,80,0.0238809500,63170096.0000000000,35
3400,81,0.0234854620,63170096.0000000000,54
3400,82,0.0233873040,63170096.0000000000,53
3400,83,0.0234122860,63170096.0000000000,48
3400,84,0.0234339460,63170096.0000000000,50
3400,85,0.0221180520,58998832.0000000000,30
3400,86,0.0221555960,58998832.0000000000,27
3400,87,0.0221633510,58998832.0000000000,31
3400,88,0.0238818230,63170096.0000000000,37
3400,89,0.0238407160,63170096.0000000000,39
3400,90,0.0238492510,63170096.0000000000,29
3400,91,0.0239627680,63170096.0000000000,34
3400,92,0.0238605930,63170096.0000000000,38
3400,93,0.0221795660,58998832.0000000000,27
3400,94,0.0220958430,58998832.0000000000,25
3400,95,0.0221171020,58998832.0000000000,31
3400,96,0.0234459180,63170096.0000000000,49
3400,97,0.0239289380,63170096.0000000000,36
3400,98,0.0238364610,63170096.0000000000,33
3400,99,0.0234506800,63170096.0000000000,51
3400,100,0.0239377010,63170096.0000000000,32
3400,101,0.0220744120,58998832.0000000000,26
3400,102,0.0221349190,58998832.0000000000,24
3400,103,0.0221740330,58998832.0000000000,28
3400,104,0.0239319170,63170096.0000000000,32
3400,105,0.0238883490,63170096.0000000000,38
3400,106,0.0239653920,63170096.0000000000,34
3400,107,0.0233938740,63170096.0000000000,55
3400,108,0.0238653430,63170096.0000000000,36
3400,109,0.0220363180,58998832.0000000000,26
3400,110,0.0220749070,58998832.0000000000,30
3400,111,0.0221056210,58998832.0000000000,24
3400,112,0.0238938920,63170096.0000000000,35
3400,113,0.0233882550,63170096.0000000000,52
3400,114,0.0239031320,63170096.0000000000,33
3400,115,0.0238128730,63170096.0000000000,39
3400,116,0.0238397830,63170096.0000000000,37
3400,117,0.0220454730,58998832.0000000000,29
3400,118,0.0220373090,58998832.0000000000,25
3400,119,0.0221700250,58998832.0000000000,28
3450,0,7.3517061436,338519744.0000000000,27
3450,1,6.8321021433,323950288.0000000000,28
3450,2,5.8221034927,294488448.0000000000,25
3450,3,5.7407337791,292247872.0000000000,24
3450,4,5.7709457716,293388448.0000000000,26
3450,5,6.2842186032,299060560.0000000000,30
3450,6,14.3924138343,528471792.0000000000,31
3450,7,11.5458344918,449944240.0000000000,29
3450,8,16.9055173505,669477024.0000000000,2
3450,9,16.5153825569,642559136.0000000000,0
3450,10,15.3135820599,603718352.0000000000,4
3450,11,13.9597344280,569423552.0000000000,5
3450,12,13.9416492190,569365808.0000000000,11
3450,13,14.9562739049,581179856.0000000000,15
3450,14,13.1850686911,544738944.0000000000,17
3450,15,12.2929099614,525264000.0000000000,21
3450,16,13.4540373023,575024720.0000000000,1
3450,17,13.4865893138,575782032.0000000000,8
3450,18,15.6442735405,635260976.0000000000,10
3450,19,16.8875184565,670595072.0000000000,7
3450,20,16.8066741454,665366576.0000000000,14
3450,21,13.4062499111,559015984.0000000000,19
3450,22,12.5697304118,537105200.0000000000,23
3450,23,12.5637846660,536724016.0000000000,18
3450,24,13.4548561413,574447408.0000000000,13
3450,25,13.4716930976,575434768.0000000000,3
3450,26,13.4823085767,575418848.0000000000,9
3450,27,13.4625914677,575413584.0000000000,6
3450,28,13.4672328064,575435408.0000000000,12
3450,29,12.5789134882,537123616.0000000000,16
3450,30,12.5979160474,537086416.0000000000,20
3450,31,12.5693655496,536147520.0000000000,22
3450,32,7.8394175571,348872784.0000000000,33
3450,33,7.8731347145,350076624.0000000000,36
3450,34,7.8781449482,350045136.0000000000,34
3450,35,7.8785181973,350046736.0000000000,32
3450,36,7.8794226214,350048976.0000000000,35
3450,37,7.3791811731,326744224.0000000000,37
3450,38,7.3844944120,326800672.0000000000,38
3450,39,7.3412862545,325582176.0000000000,39
3450,40,0.8541869055,72102448.0000000000,45
3450,41,0.8557111358,72102448.0000000000,47
3450,42,0.8567246501,72102448.0000000000,54
3450,43,0.8539369103,72102448.0000000000,44
3450,44,0.8559612767,72102448.0000000000,54
3450,45,0.8135986525,67341360.0000000000,42
3450,46,0.8129959360,67341360.0000000000,41
3450,47,0.8115002281,67341360.0000000000,45
3450,48,0.8565974854,72102448.0000000000,51
3450,49,0.8554948566,72102448.0000000000,51
3450,50,0.8554437389,72102448.0000000000,49
3450,51,0.8547113363,72102448.0000000000,48
3450,52,0.8544456265,72102448.0000000000,50
3450,53,0.8122911671,67341360.0000000000,41
3450,54,0.8115501335,67341360.0000000000,44
3450,55,0.8137521141,67341360.0000000000,43
3450,56,0.8538349820,72102448.0000000000,48
3450,57,0.8536172881,72102448.0000000000,50
3450,58,0.8545535324,72102448.0000000000,49
3450,59,0.8545108543,72102448.0000000000,52
3450,60,0.8550523887,72102448.0000000000,53
3450,61,0.8113990238,67341360.0000000000,45
3450,62,0.8128119894,67341360.0000000000,46
3450,63,0.8119665419,67341360.0000000000,46
3450,64,0.8725978668,72102448.0000000000,40
3450,65,0.8550876455,72102448.0000000000,41
3450,66,0.8557669585,72102448.0000000000,55
3450,67,0.8535514386,72102448.0000000000,46
3450,68,0.8543323117,72102448.0000000000,53
3450,69,0.8116396382,67341360.0000000000,44
3450,70,0.8125102548,67341360.0000000000,42
3450,71,0.8119640861,67341360.0000000000,47
3450,72,0.8544389647,72102448.0000000000,42
3450,73,0.8721058981,72102448.0000000000,40
3450,74,0.8546383357,72102448.0000000000,55
3450,75,0.8533611951,72102448.0000000000,52
3450,76,0.8545174471,72102448.0000000000,43
3450,77,0.8129823816,67341360.0000000000,43
3450,78,0.8286755382,67341360.0000000000,40
3450,79,0.8121165490,67341360.0000000000,47
3450,80,0.7807571452,63170096.0000000000,35
3450,81,0.7669705998,63170096.0000000000,54
3450,82,0.7636610421,63170096.0000000000,53
3450,83,0.7648270379,63170096.0000000000,48
3450,84,0.7645770942,63170096.0000000000,50
3450,85,0.7214043153,58998832.0000000000,30
3450,86,0.7237539232,58998832.0000000000,27
3450,87,0.7233673413,58998832.0000000000,31
3450,88,0.7798803008,63170096.0000000000,37
3450,89,0.7776115045,63170096.0000000000,39
3450,90,0.7794574640,63170096.0000000000,29
3450,91,0.7827081827,63170096.0000000000,34
3450,92,0.7796677959,63170096.0000000000,38
3450,93,0.7233180518,58998832.0000000000,27
3450,94,0.7206516017,58998832.0000000000,25
3450,95,0.7229803694,58998832.0000000000,31
3450,96,0.7651906047,63170096.0000000000,49
3450,97,0.7795575327,63170096.0000000000,36
3450,98,0.7796336525,63170096.0000000000,33
3450,99,0.7664329266,63170096.0000000000,51
3450,100,0.7810011357,63170096.0000000000,32
3450,101,0.7214930809,58998832.0000000000,26
3450,102,0.7226764903,58998832.0000000000,24
3450,103,0.7253932337,58998832.0000000000,28
3450,104,0.7810186509,63170096.0000000000,32
3450,105,0.7794743190,63170096.0000000000,38
3450,106,0.7825609578,63170096.0000000000,34
3450,107,0.7646732229,63170096.0000000000,55
3450,108,0.7799420076,63170096.0000000000,36
3450,109,0.7216513373,58998832.0000000000,26
3450,110,0.7213267919,58998832.0000000000,30
3450,111,0.7226608702,58998832.0000000000,24
3450,112,0.7801976052,63170096.0000000000,35
3450,113,0.7642743820,63170096.0000000000,52
3450,114,0.7793118536,63170096.0000000000,33
3450,115,0.7776332524,63170096.0000000000,39
3450,116,0.7794813216,63170096.0000000000,37
3450,117,0.7214161720,58998832.0000000000,29
3450,118,0.7203926091,58998832.0000000000,25
3450,119,0.7250644905,58998832.0000000000,28
3500,0,0.2224834050,334804512.0000000000,27
3500,1,0.2109767610,323443376.0000000000,28
3500,2,0.1811428310,294491104.0000000000,25
3500,3,0.1785281390,292445952.0000000000,24
3500,4,0.1785034400,293255968.0000000000,26
3500,5,0.1955654680,299163120.0000000000,30
3500,6,0.4484836180,528928624.0000000000,31
3500,7,0.3557256400,448554912.0000000000,29
3500,8,0.5310926840,671647248.0000000000,2
3500,9,0.5128944480,641805776.0000000000,0
3500,10,0.4625755480,594622288.0000000000,4
3500,11,0.4314800340,567499552.0000000000,5
3500,12,0.4327387590,568380080.0000000000,11
3500,13,0.4602687330,577641712.0000000000,15
3500,14,0.4115078670,546110192.0000000000,17
3500,15,0.3816318530,525396560.0000000000,21
3500,16,0.4180389060,575017632.0000000000,1
3500,17,0.4210727160,577018624.0000000000,8
3500,18,0.5007179230,642807088.0000000000,10
3500,19,0.5280810370,671668480.0000000000,7
3500,20,0.5246181600,666108576.0000000000,14
3500,21,0.4216897910,561644960.0000000000,19
3500,22,0.3906356540,537105488.0000000000,23
3500,23,0.3903021430,536715552.0000000000,18
3500,24,0.4180929190,574423968.0000000000,13
3500,25,0.4186582740,575438592.0000000000,3
3500,26,0.4191313250,575413232.0000000000,9
3500,27,0.4184695110,575408848.0000000000,6
3500,28,0.4186224430,575431680.0000000000,12
3500,29,0.3909071320,537121600.0000000000,16
3500,30,0.3915167090,537088112.0000000000,20
3500,31,0.3905333980,536132208.0000000000,22
3500,32,0.2433613380,348858000.0000000000,33
3500,33,0.2444050030,350076752.0000000000,36
3500,34,0.2446962940,350047200.0000000000,34
3500,35,0.2446837380,350047456.0000000000,32
3500,36,0.2446680190,350049392.0000000000,35
3500,37,0.2291376950,326745216.0000000000,37
3500,38,0.2292742290,326799232.0000000000,38
3500,39,0.2278823560,325568048.0000000000,39
3500,40,0.0261394730,72102448.0000000000,45
3500,41,0.0261996400,72102448.0000000000,47
3500,42,0.0262563820,72102448.0000000000,54
3500,43,0.0262067230,72102448.0000000000,44
3500,44,0.0262030670,72102448.0000000000,54
3500,45,0.0249257760,67341360.0000000000,42
3500,46,0.0248993240,67341360.0000000000,41
3500,47,0.0248562000,67341360.0000000000,45
3500,48,0.0262492540,72102448.0000000000,51
3500,49,0.0262136380,72102448.0000000000,51
3500,50,0.0262484360,72102448.0000000000,49
3500,51,0.0261850210,72102448.0000000000,48
3500,52,0.0261697530,72102448.0000000000,50
3500,53,0.0248684240,67341360.0000000000,41
3500,54,0.0248349870,67341360.0000000000,44
3500,55,0.0249265670,67341360.0000000000,43
3500,56,0.0261442830,72102448.0000000000,48
3500,57,0.0261239830,72102448.0000000000,50
3500,58,0.0261343940,72102448.0000000000,49
3500,59,0.0262079800,72102448.0000000000,52
3500,60,0.0261644630,72102448.0000000000,53
3500,61,0.0248803740,67341360.0000000000,45
3500,62,0.0249024890,67341360.0000000000,46
3500,63,0.0248615680,67341360.0000000000,46
3500,64,0.0267377220,72102448.0000000000,40
3500,65,0.0261673780,72102448.0000000000,41
3500,66,0.0261797130,72102448.0000000000,55
3500,67,0.0261615650,72102448.0000000000,46
3500,68,0.0261459680,72102448.0000000000,53
3500,69,0.0248131370,67341360.0000000000,44
3500,70,0.0248939260,67341360.0000000000,42
3500,71,0.0249132780,67341360.0000000000,47
3500,72,0.0262115760,72102448.0000000000,42
3500,73,0.0267122600,72102448.0000000000,40
3500,74,0.0261659970,72102448.0000000000,55
3500,75,0.0261118310,72102448.0000000000,52
3500,76,0.0261750030,72102448.0000000000,43
3500,77,0.0249575460,67341360.0000000000,43
3500,78,0.0254081310,67341360.0000000000,40
3500,79,0.0248374710,67341360.0000000000,47
3500,80,0.0238861300,63170096.0000000000,35
3500,81,0.0235222140,63170096.0000000000,54
3500,82,0.0233902910,63170096.0000000000,53
3500,83,0.0234303500,63170096.0000000000,48
3500,84,0.0233803610,63170096.0000000000,50
3500,85,0.0221086050,58998832.0000000000,30
3500,86,0.0221659890,58998832.0000000000,27
3500,87,0.0221776570,58998832.0000000000,31
3500,88,0.0238816550,63170096.0000000000,37
3500,89,0.0238503030,63170096.0000000000,39
3500,90,0.0238720250,63170096.0000000000,29
3500,91,0.0240017420,63170096.0000000000,34
3500,92,0.0238877050,63170096.0000000000,38
3500,93,0.0221492650,58998832.0000000000,27
3500,94,0.0220821450,58998832.0000000000,25
3500,95,0.0221528410,58998832.0000000000,31
3500,96,0.0234281550,63170096.0000000000,49
3500,97,0.0238596110,63170096.0000000000,36
3500,98,0.0238248410,63170096.0000000000,33
3500,99,0.0234858270,63170096.0000000000,51
3500,100,0.0239317270,63170096.0000000000,32
3500,101,0.0220882790,58998832.0000000000,26
3500,102,0.0220856940,58998832.0000000000,24
3500,103,0.0222004420,58998832.0000000000,28
3500,104,0.0239476570,63170096.0000000000,32
3500,105,0.0238422470,63170096.0000000000,38
3500,106,0.0239516260,63170096.0000000000,34
3500,107,0.0234123730,63170096.0000000000,55
3500,108,0.0238704910,63170096.0000000000,36
3500,109,0.0220675970,58998832.0000000000,26
3500,110,0.0220707810,58998832.0000000000,30
3500,111,0.0221706980,58998832.0000000000,24
3500,112,0.0239246330,63170096.0000000000,35
3500,113,0.0233969840,63170096.0000000000,52
3500,114,0.0238433250,63170096.0000000000,33
3500,115,0.0237818010,63170096.0000000000,39
3500,116,0.0238812150,63170096.0000000000,37
3500,117,0.0220676450,58998832.0000000000,29
3500,118,0.0221025540,58998832.0000000000,25
3500,119,0.0221901620,58998832.0000000000,28
3550,0,7.0952050124,331965408.0000000000,27
3550,1,6.7682073131,321527856.0000000000,28
3550,2,5.8117485709,293802912.0000000000,25
3550,3,5.7363244844,291966480.0000000000,24
3550,4,5.7561993671,292832800.0000000000,26
3550,5,6.2603681468,296765088.0000000000,30
3550,6,14.3524981202,526019200.0000000000,31
3550,7,11.4284396587,447063056.0000000000,29
3550,8,17.1425381560,673552896.0000000000,2
3550,9,16.5009229630,642338704.0000000000,0
3550,10,14.7396163118,589251936.0000000000,4
3550,11,13.8518382956,567116656.0000000000,5
3550,12,13.8938436187,567963216.0000000000,11
3550,13,14.7594324311,576336736.0000000000,15
3550,14,13.3690985337,552118624.0000000000,17
3550,15,12.3022593537,525436576.0000000000,21
3550,16,13.4541712885,575014016.0000000000,1
3550,17,13.5853797575,578730096.0000000000,8
3550,18,16.2316051719,648093264.0000000000,10
3550,19,16.9922235744,672240800.0000000000,7
3550,20,16.8806096886,666646176.0000000000,14
3550,21,13.6254404843,564049824.0000000000,19
3550,22,12.5698631066,537105984.0000000000,23
3550,23,12.5625874982,536705888.0000000000,18
3550,24,13.4541387999,574406992.0000000000,13
3550,25,13.4724046787,575441120.0000000000,3
3550,26,13.4815670605,575420016.0000000000,9
3550,27,13.4626303363,575406640.0000000000,6
3550,28,13.4671748187,575430912.0000000000,12
3550,29,12.5778577453,537126208.0000000000,16
3550,30,12.5977449087,537087952.0000000000,20
3550,31,12.5694461212,536118416.0000000000,22
3550,32,7.8395756857,348840416.0000000000,33
3550,33,7.8732013569,350074192.0000000000,36
3550,34,7.8782212095,350045088.0000000000,34
3550,35,7.8789709124,350045808.0000000000,32
3550,36,7.8803736173,350049680.0000000000,35
3550,37,7.3782541802,326744160.0000000000,37
3550,38,7.3842348537,326799312.0000000000,38
3550,39,7.3412162426,325556688.0000000000,39
3550,40,0.8540954926,72102448.0000000000,45
3550,41,0.8557478640,72102448.0000000000,47
3550,42,0.8568540207,72102448.0000000000,54
3550,43,0.8539131055,72102448.0000000000,44
3550,44,0.8559936962,72102448.0000000000,54
3550,45,0.8135581173,67341360.0000000000,42
3550,46,0.8128336186,67341360.0000000000,41
3550,47,0.8114086030,67341360.0000000000,45
3550,48,0.8566290378,72102448.0000000000,51
3550,49,0.8555467701,72102448.0000000000,51
3550,50,0.8554802584,72102448.0000000000,49
3550,51,0.8548449598,72102448.0000000000,48
3550,52,0.8544248252,72102448.0000000000,50
3550,53,0.8121561841,67341360.0000000000,41
3550,54,0.8116518966,67341360.0000000000,44
3550,55,0.8138227012,67341360.0000000000,43
3550,56,0.8538424436,72102448.0000000000,48
3550,57,0.8534698863,72102448.0000000000,50
3550,58,0.8541985221,72102448.0000000000,49
3550,59,0.8544797570,72102448.0000000000,52
3550,60,0.8551153556,72102448.0000000000,53
3550,61,0.8110409261,67341360.0000000000,45
3550,62,0.8126354858,67341360.0000000000,46
3550,63,0.8118019834,67341360.0000000000,46
3550,64,0.8727293032,72102448.0000000000,40
3550,65,0.8550244793,72102448.0000000000,41
3550,66,0.8556916202,72102448.0000000000,55
3550,67,0.8536109598,72102448.0000000000,46
3550,68,0.8541992842,72102448.0000000000,53
3550,69,0.8115579074,67341360.0000000000,44
3550,70,0.8124631352,67341360.0000000000,42
3550,71,0.8121901528,67341360.0000000000,47
3550,72,0.8543473580,72102448.0000000000,42
3550,73,0.8720589807,72102448.0000000000,40
3550,74,0.8544778680,72102448.0000000000,55
3550,75,0.8533761375,72102448.0000000000,52
3550,76,0.8544822520,72102448.0000000000,43
3550,77,0.8128893096,67341360.0000000000,43
3550,78,0.8286371374,67341360.0000000000,40
3550,79,0.8121150603,67341360.0000000000,47
3550,80,0.7806690233,63170096.0000000000,35
3550,81,0.7670264870,63170096.0000000000,54
3550,82,0.7635156622,63170096.0000000000,53
3550,83,0.7649318370,63170096.0000000000,48
3550,84,0.7647997476,63170096.0000000000,50
3550,85,0.7216279482,58998832.0000000000,30
3550,86,0.7235560361,58998832.0000000000,27
3550,87,0.7232150025,58998832.0000000000,31
3550,88,0.7796069874,63170096.0000000000,37
3550,89,0.7775468988,63170096.0000000000,39
3550,90,0.7794256703,63170096.0000000000,29
3550,91,0.7825982293,63170096.0000000000,34
3550,92,0.7796810180,63170096.0000000000,38
3550,93,0.7233989103,58998832.0000000000,27
3550,94,0.7206123148,58998832.0000000000,25
3550,95,0.7230519292,58998832.0000000000,31
3550,96,0.7653809436,63170096.0000000000,49
3550,97,0.7800639783,63170096.0000000000,36
3550,98,0.7793046167,63170096.0000000000,33
3550,99,0.7663358570,63170096.0000000000,51
3550,100,0.7809866270,63170096.0000000000,32
3550,101,0.7216018588,58998832.0000000000,26
3550,102,0.7227184179,58998832.0000000000,24
3550,103,0.7256040962,58998832.0000000000,28
3550,104,0.7809667363,63170096.0000000000,32
3550,105,0.7799404057,63170096.0000000000,38
3550,106,0.7826284677,63170096.0000000000,34
3550,107,0.7647052736,63170096.0000000000,55
3550,108,0.7798030214,63170096.0000000000,36
3550,109,0.7215760994,58998832.0000000000,26
3550,110,0.7215377579,58998832.0000000000,30
3550,111,0.7226863627,58998832.0000000000,24
3550,112,0.7804108084,63170096.0000000000,35
3550,113,0.7643602459,63170096.0000000000,52
3550,114,0.7794629063,63170096.0000000000,33
3550,115,0.7778274397,63170096.0000000000,39
3550,116,0.7796689716,63170096.0000000000,37
3550,117,0.7211703355,58998832.0000000000,29
3550,118,0.7204081276,58998832.0000000000,25
3550,119,0.7254229057,58998832.0000000000,28
3600,0,0.2162918640,329554464.0000000000,27
3600,1,0.2088014670,320268096.0000000000,28
3600,2,0.1806922390,293384976.0000000000,25
3600,3,0.1781750540,291487632.0000000000,24
3600,4,0.1785842170,292207760.0000000000,26
3600,5,0.1887879340,292957200.0000000000,30
3600,6,0.4435244230,524125360.0000000000,31
3600,7,0.3543324490,445477584.0000000000,29
3600,8,0.5371260600,675212640.0000000000,2
3600,9,0.5128814740,641168976.0000000000,0
3600,10,0.4533101200,586109248.0000000000,4
3600,11,0.4316663070,566680912.0000000000,5
3600,12,0.4321206980,567623504.0000000000,11
3600,13,0.4600282990,576909216.0000000000,15
3600,14,0.4239590170,555270400.0000000000,17
3600,15,0.3826123990,525339904.0000000000,21
3600,16,0.4180292240,575005824.0000000000,1
3600,17,0.4269173310,581431424.0000000000,8
3600,18,0.5106897800,650442912.0000000000,10
3600,19,0.5300009710,672881216.0000000000,7
3600,20,0.5266355710,667315936.0000000000,14
3600,21,0.4277088910,566110400.0000000000,19
3600,22,0.3907206900,537103824.0000000000,23
3600,23,0.3904388500,536699232.0000000000,18
3600,24,0.4180228570,574391296.0000000000,13
3600,25,0.4186309670,575442336.0000000000,3
3600,26,0.4190832420,575416112.0000000000,9
3600,27,0.4183628010,575405600.0000000000,6
3600,28,0.4184737890,575435856.0000000000,12
3600,29,0.3911036390,537121088.0000000000,16
3600,30,0.3914293190,537088464.0000000000,20
3600,31,0.3906199530,536103424.0000000000,22
3600,32,0.2433831700,348823360.0000000000,33
3600,33,0.2446433350,350078384.0000000000,36
3600,34,0.2446091460,350044000.0000000000,34
3600,35,0.2446522990,350047488.0000000000,32
3600,36,0.2446871950,350047168.0000000000,35
3600,37,0.2290177390,326746208.0000000000,37
3600,38,0.2294950230,326799840.0000000000,38
3600,39,0.2279094840,325537968.0000000000,39
3600,40,0.0261550530,72102448.0000000000,45
3600,41,0.0261957240,72102448.0000000000,47
3600,42,0.0262446890,72102448.0000000000,54
3600,43,0.0261219000,72102448.0000000000,44
3600,44,0.0262080670,72102448.0000000000,54
3600,45,0.0249117790,67341360.0000000000,42
3600,46,0.0249710020,67341360.0000000000,41
3600,47,0.0248638430,67341360.0000000000,45
3600,48,0.0262120350,72102448.0000000000,51
3600,49,0.0262050200,72102448.0000000000,51
3600,50,0.0261633210,72102448.0000000000,49
3600,51,0.0261575780,72102448.0000000000,48
3600,52,0.0261534920,72102448.0000000000,50
3600,53,0.0248512210,67341360.0000000000,41
3600,54,0.0248830630,67341360.0000000000,44
3600,55,0.0249531580,67341360.0000000000,43
3600,56,0.0261634110,72102448.0000000000,48
3600,57,0.0261459280,72102448.0000000000,50
3600,58,0.0261165600,72102448.0000000000,49
3600,59,0.0262250100,72102448.0000000000,52
3600,60,0.0262432450,72102448.0000000000,53
3600,61,0.0248055220,67341360.0000000000,45
3600,62,0.0249089410,67341360.0000000000,46
3600,63,0.0248553410,67341360.0000000000,46
3600,64,0.0267180560,72102448.0000000000,40
3600,65,0.0261479610,72102448.0000000000,41
3600,66,0.0262230070,72102448.0000000000,55
3600,67,0.0261488720,72102448.0000000000,46
3600,68,0.0261237940,72102448.0000000000,53
3600,69,0.0248267110,67341360.0000000000,44
3600,70,0.0248959790,67341360.0000000000,42
3600,71,0.0248542360,67341360.0000000000,47
3600,72,0.0261626000,72102448.0000000000,42
3600,73,0.0267353370,72102448.0000000000,40
3600,74,0.0261772050,72102448.0000000000,55
3600,75,0.0261599000,72102448.0000000000,52
3600,76,0.0261781100,72102448.0000000000,43
3600,77,0.0249033230,67341360.0000000000,43
3600,78,0.0254231380,67341360.0000000000,40
3600,79,0.0248784520,67341360.0000000000,47
3600,80,0.0238972000,63170096.0000000000,35
3600,81,0.0235004610,63170096.0000000000,54
3600,82,0.0233945150,63170096.0000000000,53
3600,83,0.0233699310,63170096.0000000000,48
3600,84,0.0234669610,63170096.0000000000,50
3600,85,0.0220867730,58998832.0000000000,30
3600,86,0.0221365810,58998832.0000000000,27
3600,87,0.0221331720,58998832.0000000000,31
3600,88,0.0238985190,63170096.0000000000,37
3600,89,0.0238348330,63170096.0000000000,39
3600,90,0.0238288680,63170096.0000000000,29
3600,91,0.0239439420,63170096.0000000000,34
3600,92,0.0238735080,63170096.0000000000,38
3600,93,0.0221943430,58998832.0000000000,27
3600,94,0.0220625250,58998832.0000000000,25
3600,95,0.0221400740,58998832.0000000000,31
3600,96,0.0234473540,63170096.0000000000,49
3600,97,0.0238855640,63170096.0000000000,36
3600,98,0.0238584040,63170096.0000000000,33
3600,99,0.0235021990,63170096.0000000000,51
3600,100,0.0239277000,63170096.0000000000,32
3600,101,0.0221399180,58998832.0000000000,26
3600,102,0.0221482330,58998832.0000000000,24
3600,103,0.0221857430,58998832.0000000000,28
3600,104,0.0239674350,63170096.0000000000,32
3600,105,0.0238605950,63170096.0000000000,38
3600,106,0.0239577480,63170096.0000000000,34
3600,107,0.0234243450,63170096.0000000000,55
3600,108,0.0239027330,63170096.0000000000,36
3600,109,0.0221021860,58998832.0000000000,26
3600,110,0.0220880950,58998832.0000000000,30
3600,111,0.0221157010,58998832.0000000000,24
3600,112,0.0238894470,63170096.0000000000,35
3600,113,0.0234076630,63170096.0000000000,52
3600,114,0.0238422660,63170096.0000000000,33
3600,115,0.0238189020,63170096.0000000000,39
3600,116,0.0238674990,63170096.0000000000,37
3600,117,0.0220856880,58998832.0000000000,29
3600,118,0.0220301660,58998832.0000000000,25
3600,119,0.0222081880,58998832.0000000000,28
3650,0,6.9433252074,327862608.0000000000,27
3650,1,6.7320347996,320275472.0000000000,28
3650,2,5.8242879075,293448208.0000000000,25
3650,3,5.7339750867,291500528.0000000000,24
3650,4,5.7584290336,292011696.0000000000,26
3650,5,6.0539179626,290964992.0000000000,30
3650,6,14.2756002889,525400640.0000000000,31
3650,7,11.3717830783,444118800.0000000000,29
3650,8,17.2978916387,676579760.0000000000,2
3650,9,16.4326394670,638879472.0000000000,0
3650,10,14.5187872890,584117296.0000000000,4
3650,11,13.8558956784,565895104.0000000000,5
3650,12,13.8720261421,566974336.0000000000,11
3650,13,14.7729899647,576736992.0000000000,15
3650,14,13.6474526472,555466640.0000000000,17
3650,15,12.3120226554,525168096.0000000000,21
3650,16,13.4535574671,574999280.0000000000,1
3650,17,13.7933230334,584016832.0000000000,8
3650,18,16.4615623528,651806064.0000000000,10
3650,19,17.0584153626,673525664.0000000000,7
3650,20,16.9492135919,667992192.0000000000,14
3650,21,13.8044165699,567959744.0000000000,19
3650,22,12.5700837414,537102336.0000000000,23
3650,23,12.5637869736,536698480.0000000000,18
3650,24,13.4532981784,574370304.0000000000,13
3650,25,13.4726822973,575442064.0000000000,3
3650,26,13.4834131808,575420976.0000000000,9
3650,27,13.4617031537,575408976.0000000000,6
3650,28,13.4683757761,575431728.0000000000,12
3650,29,12.5785074798,537124720.0000000000,16
3650,30,12.5980950011,537086992.0000000000,20
3650,31,12.5674398206,536087200.0000000000,22
3650,32,7.8387826279,348811680.0000000000,33
3650,33,7.8732781766,350080160.0000000000,36
3650,34,7.8778227877,350045248.0000000000,34
3650,35,7.8790046341,350046720.0000000000,32
3650,36,7.8797001243,350046208.0000000000,35
3650,37,7.3782171383,326749712.0000000000,37
3650,38,7.3843526946,326799328.0000000000,38
3650,39,7.3404952920,325520000.0000000000,39
3650,40,0.8541257283,72102448.0000000000,45
3650,41,0.8558472695,72102448.0000000000,47
3650,42,0.8566192880,72102448.0000000000,54
3650,43,0.8539054981,72102448.0000000000,44
3650,44,0.8561367728,72102448.0000000000,54
3650,45,0.8137783939,67341360.0000000000,42
3650,46,0.8131501858,67341360.0000000000,41
3650,47,0.8112988765,67341360.0000000000,45
3650,48,0.8565878803,72102448.0000000000,51
3650,49,0.8555473068,72102448.0000000000,51
3650,50,0.8552853687,72102448.0000000000,49
3650,51,0.8550016375,72102448.0000000000,48
3650,52,0.8542515392,72102448.0000000000,50
3650,53,0.8120312229,67341360.0000000000,41
3650,54,0.8114846144,67341360.0000000000,44
3650,55,0.8138506034,67341360.0000000000,43
3650,56,0.8538744518,72102448.0000000000,48
3650,57,0.8537223369,72102448.0000000000,50
3650,58,0.8543220985,72102448.0000000000,49
3650,59,0.8546687179,72102448.0000000000,52
3650,60,0.8552918144,72102448.0000000000,53
3650,61,0.8112344561,67341360.0000000000,45
3650,62,0.8128535126,67341360.0000000000,46
3650,63,0.8119275327,67341360.0000000000,46
3650,64,0.8726780359,72102448.0000000000,40
3650,65,0.8550484975,72102448.0000000000,41
3650,66,0.8555890439,72102448.0000000000,55
3650,67,0.8533964697,72102448.0000000000,46
3650,68,0.8542538385,72102448.0000000000,53
3650,69,0.8113258871,67341360.0000000000,44
3650,70,0.8125266048,67341360.0000000000,42
3650,71,0.8120776803,67341360.0000000000,47
3650,72,0.8544136551,72102448.0000000000,42
3650,73,0.8722332294,72102448.0000000000,40
3650,74,0.8546055835,72102448.0000000000,55
3650,75,0.8535259078,72102448.0000000000,52
3650,76,0.8546368681,72102448.0000000000,43
3650,77,0.8130560755,67341360.0000000000,43
3650,78,0.8288733642,67341360.0000000000,40
3650,79,0.8118928156,67341360.0000000000,47
3650,80,0.7804388991,63170096.0000000000,35
3650,81,0.7669982648,63170096.0000000000,54
3650,82,0.7634821762,63170096.0000000000,53
3650,83,0.7649189396,63170096.0000000000,48
3650,84,0.7647650167,63170096.0000000000,50
3650,85,0.7211686605,58998832.0000000000,30
3650,86,0.7232512046,58998832.0000000000,27
3650,87,0.7235343488,58998832.0000000000,31
3650,88,0.7796609857,63170096.0000000000,37
3650,89,0.7780077169,63170096.0000000000,39
3650,90,0.7792961304,63170096.0000000000,29
3650,91,0.7825882410,63170096.0000000000,34
3650,92,0.7799278108,63170096.0000000000,38
3650,93,0.7234506153,58998832.0000000000,27
3650,94,0.7205298973,58998832.0000000000,25
3650,95,0.7229903336,58998832.0000000000,31
3650,96,0.7653715379,63170096.0000000000,49
3650,97,0.7796444030,63170096.0000000000,36
3650,98,0.7795677756,63170096.0000000000,33
3650,99,0.7662217992,63170096.0000000000,51
3650,100,0.7809887913,63170096.0000000000,32
3650,101,0.7219909943,58998832.0000000000,26
3650,102,0.7227343855,58998832.0000000000,24
3650,103,0.7255113483,58998832.0000000000,28
3650,104,0.7809434614,63170096.0000000000,32
3650,105,0.7798021281,63170096.0000000000,38
3650,106,0.7825563983,63170096.0000000000,34
3650,107,0.7649147901,63170096.0000000000,55
3650,108,0.7798689065,63170096.0000000000,36
3650,109,0.7215247764,58998832.0000000000,26
3650,110,0.7210842509,58998832.0000000000,30
3650,111,0.7228280099,58998832.0000000000,24
3650,112,0.7804383240,63170096.0000000000,35
3650,113,0.7645069373,63170096.0000000000,52
3650,114,0.7795557901,63170096.0000000000,33
3650,115,0.7777603560,63170096.0000000000,39
3650,116,0.7794227994,63170096.0000000000,37
3650,117,0.7212461860,58998832.0000000000,29
3650,118,0.7202999974,58998832.0000000000,25
3650,119,0.7254479018,58998832.0000000000,28
3700,0,0.2140986930,326560992.0000000000,27
3700,1,0.2103579250,320751488.0000000000,28
3700,2,0.1801250420,293698848.0000000000,25
3700,3,0.1774220180,291641792.0000000000,24
3700,4,0.1784618730,292208544.0000000000,26
3700,5,0.1877488550,290625456.0000000000,30
3700,6,0.4471701400,527024368.0000000000,31
3700,7,0.3513629450,442854608.0000000000,29
3700,8,0.5398267860,677752768.0000000000,2
3700,9,0.5074167210,635986800.0000000000,0
3700,10,0.4491184480,582333536.0000000000,4
3700,11,0.4291766690,564557792.0000000000,5
3700,12,0.4292436050,565128032.0000000000,11
3700,13,0.4573578970,574845152.0000000000,15
3700,14,0.4234024170,554028256.0000000000,17
3700,15,0.3823229710,525017072.0000000000,21
3700,16,0.4181748430,574993664.0000000000,1
3700,17,0.4328778950,586275424.0000000000,8
3700,18,0.5143770260,652789536.0000000000,10
3700,19,0.5328959560,674455040.0000000000,7
3700,20,0.5302381450,669432960.0000000000,14
3700,21,0.4335159270,570094912.0000000000,19
3700,22,0.3905899260,537104864.0000000000,23
3700,23,0.3903777150,536692192.0000000000,18
3700,24,0.4180192950,574361440.0000000000,13
3700,25,0.4190462670,575437216.0000000000,3
3700,26,0.4189396530,575413744.0000000000,9
3700,27,0.4184500020,575411216.0000000000,6
3700,28,0.4183703130,575431168.0000000000,12
3700,29,0.3908721180,537128368.0000000000,16
3700,30,0.3915733880,537086400.0000000000,20
3700,31,0.3904447650,536073744.0000000000,22
3700,32,0.2433479570,348795488.0000000000,33
3700,33,0.2445333050,350079152.0000000000,36
3700,34,0.2445864460,350046640.0000000000,34
3700,35,0.2446859400,350048304.0000000000,32
3700,36,0.2445944120,350039984.0000000000,35
3700,37,0.2291559690,326747824.0000000000,37
3700,38,0.2293227930,326800112.0000000000,38
3700,39,0.2279579630,325502432.0000000000,39
3700,40,0.0261629390,72102448.0000000000,45
3700,41,0.0262136980,72102448.0000000000,47
3700,42,0.0262474540,72102448.0000000000,54
3700,43,0.0261746710,72102448.0000000000,44
3700,44,0.0262192060,72102448.0000000000,54
3700,45,0.0249581880,67341360.0000000000,42
3700,46,0.0249554430,67341360.0000000000,41
3700,47,0.0248835130,67341360.0000000000,45
3700,48,0.0262257120,72102448.0000000000,51
3700,49,0.0262267820,72102448.0000000000,51
3700,50,0.0262273610,72102448.0000000000,49
3700,51,0.0261923450,72102448.0000000000,48
3700,52,0.0261654540,72102448.0000000000,50
3700,53,0.0249312370,67341360.0000000000,41
3700,54,0.0248502260,67341360.0000000000,44
3700,55,0.0249499830,67341360.0000000000,43
3700,56,0.0261472480,72102448.0000000000,48
3700,57,0.0261807850,72102448.0000000000,50
3700,58,0.0261288030,72102448.0000000000,49
3700,59,0.0261865950,72102448.0000000000,52
3700,60,0.0262108830,72102448.0000000000,53
3700,61,0.0248576990,67341360.0000000000,45
3700,62,0.0248769980,67341360.0000000000,46
3700,63,0.0248200800,67341360.0000000000,46
3700,64,0.0267676210,72102448.0000000000,40
3700,65,0.0262168750,72102448.0000000000,41
3700,66,0.0262143500,72102448.0000000000,55
3700,67,0.0261372690,72102448.0000000000,46
3700,68,0.0261424480,72102448.0000000000,53
3700,69,0.0248789120,67341360.0000000000,44
3700,70,0.0248575030,67341360.0000000000,42
3700,71,0.0248560500,67341360.0000000000,47
3700,72,0.0261438740,72102448.0000000000,42
3700,73,0.0267209790,72102448.0000000000,40
3700,74,0.0261876160,72102448.0000000000,55
3700,75,0.0261248040,72102448.0000000000,52
3700,76,0.0261308190,72102448.0000000000,43
3700,77,0.0248598580,67341360.0000000000,43
3700,78,0.0253562300,67341360.0000000000,40
3700,79,0.0248791750,67341360.0000000000,47
3700,80,0.0238958900,63170096.0000000000,35
3700,81,0.0234906230,63170096.0000000000,54
3700,82,0.0233901280,63170096.0000000000,53
3700,83,0.0234139190,63170096.0000000000,48
3700,84,0.0234701260,63170096.0000000000,50
3700,85,0.0220466850,58998832.0000000000,30
3700,86,0.0221303980,58998832.0000000000,27
3700,87,0.0221346560,58998832.0000000000,31
3700,88,0.0238775460,63170096.0000000000,37
3700,89,0.0238419170,63170096.0000000000,39
3700,90,0.0238728960,63170096.0000000000,29
3700,91,0.0239908220,63170096.0000000000,34
3700,92,0.0238867650,63170096.0000000000,38
3700,93,0.0221359100,58998832.0000000000,27
3700,94,0.0221245490,58998832.0000000000,25
3700,95,0.0221352650,58998832.0000000000,31
3700,96,0.0234194590,63170096.0000000000,49
3700,97,0.0238565760,63170096.0000000000,36
3700,98,0.0239086240,63170096.0000000000,33
3700,99,0.0234792740,63170096.0000000000,51
3700,100,0.0238898070,63170096.0000000000,32
3700,101,0.0220789580,58998832.0000000000,26
3700,102,0.0220846420,58998832.0000000000,24
3700,103,0.0221931580,58998832.0000000000,28
3700,104,0.0238816110,63170096.0000000000,32
3700,105,0.0238720470,63170096.0000000000,38
3700,106,0.0239750600,63170096.0000000000,34
3700,107,0.0234417790,63170096.0000000000,55
3700,108,0.0239002820,63170096.0000000000,36
3700,109,0.0221151220,58998832.0000000000,26
3700,110,0.0220587470,58998832.0000000000,30
3700,111,0.0220991170,58998832.0000000000,24
3700,112,0.0238982210,63170096.0000000000,35
3700,113,0.0234016210,63170096.0000000000,52
3700,114,0.0238614300,63170096.0000000000,33
3700,115,0.0237465910,63170096.0000000000,39
3700,116,0.0239092570,63170096.0000000000,37
3700,117,0.0221140160,58998832.0000000000,29
3700,118,0.0220681400,58998832.0000000000,25
3700,119,0.0222065440,58998832.0000000000,28
3750,0,6.8756462366,325588976.0000000000,27
3750,1,6.7802136585,321051808.0000000000,28
3750,2,5.8029878853,293806144.0000000000,25
3750,3,5.7212511900,291587136.0000000000,24
3750,4,5.7566062816,292372704.0000000000,26
3750,5,6.0499014483,291283776.0000000000,30
3750,6,14.3603222563,526098544.0000000000,31
3750,7,11.2692981991,442000640.0000000000,29
3750,8,17.3701616800,678888816.0000000000,2
3750,9,16.2493636433,633420816.0000000000,0
3750,10,14.4050203704,580921520.0000000000,4
3750,11,13.7717603986,563531696.0000000000,5
3750,12,13.7731570932,563874800.0000000000,11
3750,13,14.6017216970,571065392.0000000000,15
3750,14,13.6093975410,553698944.0000000000,17
3750,15,12.2832199931,525053152.0000000000,21
3750,16,13.4529117593,574989024.0000000000,1
3750,17,13.9754115389,588275520.0000000000,8
3750,18,16.5685701508,653784544.0000000000,10
3750,19,17.1508090292,675328080.0000000000,7
3750,20,17.0562913614,670029136.0000000000,14
3750,21,14.0062790929,572995936.0000000000,19
3750,22,12.5700126615,537104144.0000000000,23
3750,23,12.5628308397,536685792.0000000000,18
3750,24,13.4532423175,574343264.0000000000,13
3750,25,13.4737902023,575438480.0000000000,3
3750,26,13.4827616934,575417104.0000000000,9
3750,27,13.4619934214,575412576.0000000000,6
3750,28,13.4675676134,575430640.0000000000,12
3750,29,12.5790600859,537126704.0000000000,16
3750,30,12.5986860591,537088848.0000000000,20
3750,31,12.5677975478,536065504.0000000000,22
3750,32,7.8383075684,348781040.0000000000,33
3750,33,7.8733875201,350075424.0000000000,36
3750,34,7.8784090868,350049168.0000000000,34
3750,35,7.8799677483,350047632.0000000000,32
3750,36,7.8792748698,350036800.0000000000,35
3750,37,7.3791829943,326745568.0000000000,37
3750,38,7.3838529372,326802432.0000000000,38
3750,39,7.3397141643,325486528.0000000000,39
3750,40,0.8541289445,72102448.0000000000,45
3750,41,0.8554847404,72102448.0000000000,47
3750,42,0.8566985310,72102448.0000000000,54
3750,43,0.8540797864,72102448.0000000000,44
3750,44,0.8559881031,72102448.0000000000,54
3750,45,0.8133680854,67341360.0000000000,42
3750,46,0.8132521528,67341360.0000000000,41
3750,47,0.8112902281,67341360.0000000000,45
3750,48,0.8566534753,72102448.0000000000,51
3750,49,0.8555222802,72102448.0000000000,51
3750,50,0.8552442346,72102448.0000000000,49
3750,51,0.8549700584,72102448.0000000000,48
3750,52,0.8545225409,72102448.0000000000,50
3750,53,0.8122760528,67341360.0000000000,41
3750,54,0.8116266346,67341360.0000000000,44
3750,55,0.8137202325,67341360.0000000000,43
3750,56,0.8539043652,72102448.0000000000,48
3750,57,0.8533602979,72102448.0000000000,50
3750,58,0.8543853948,72102448.0000000000,49
3750,59,0.8543167267,72102448.0000000000,52
3750,60,0.8551299790,72102448.0000000000,53
3750,61,0.8112411925,67341360.0000000000,45
3750,62,0.8127329289,67341360.0000000000,46
3750,63,0.8119253219,67341360.0000000000,46
3750,64,0.8727614943,72102448.0000000000,40
3750,65,0.8550602613,72102448.0000000000,41
3750,66,0.8555496420,72102448.0000000000,55
3750,67,0.8535163411,72102448.0000000000,46
3750,68,0.8541845999,72102448.0000000000,53
3750,69,0.8113527874,67341360.0000000000,44
3750,70,0.8122206330,67341360.0000000000,42
3750,71,0.8120840570,67341360.0000000000,47
3750,72,0.8544124962,72102448.0000000000,42
3750,73,0.8723102189,72102448.0000000000,40
3750,74,0.8548427526,72102448.0000000000,55
3750,75,0.8535465808,72102448.0000000000,52
3750,76,0.8544352373,72102448.0000000000,43
3750,77,0.8130562370,67341360.0000000000,43
3750,78,0.8286649900,67341360.0000000000,40
3750,79,0.8120240050,67341360.0000000000,47
3750,80,0.7805279514,63170096.0000000000,35
3750,81,0.7667447052,63170096.0000000000,54
3750,82,0.7631203439,63170096.0000000000,53
3750,83,0.7647005816,63170096.0000000000,48
3750,84,0.7647143012,63170096.0000000000,50
3750,85,0.7212686587,58998832.0000000000,30
3750,86,0.7235793784,58998832.0000000000,27
3750,87,0.7231305379,58998832.0000000000,31
3750,88,0.7798234066,63170096.0000000000,37
3750,89,0.7777905473,63170096.0000000000,39
3750,90,0.7793987540,63170096.0000000000,29
3750,91,0.7827743359,63170096.0000000000,34
3750,92,0.7797302055,63170096.0000000000,38
3750,93,0.7236130259,58998832.0000000000,27
3750,94,0.7207796077,58998832.0000000000,25
3750,95,0.7228595870,58998832.0000000000,31
3750,96,0.7652640421,63170096.0000000000,49
3750,97,0.7799658177,63170096.0000000000,36
3750,98,0.7793993143,63170096.0000000000,33
3750,99,0.7664537401,63170096.0000000000,51
3750,100,0.7809807840,63170096.0000000000,32
3750,101,0.7217926388,58998832.0000000000,26
3750,102,0.7229295319,58998832.0000000000,24
3750,103,0.7255230213,58998832.0000000000,28
3750,104,0.7809827008,63170096.0000000000,32
3750,105,0.7797179153,63170096.0000000000,38
3750,106,0.7824904506,63170096.0000000000,34
3750,107,0.7649398406,63170096.0000000000,55
3750,108,0.7800106070,63170096.0000000000,36
3750,109,0.7216616750,58998832.0000000000,26
3750,110,0.7211991483,58998832.0000000000,30
3750,111,0.7229566177,58998832.0000000000,24
3750,112,0.7805803889,63170096.0000000000,35
3750,113,0.7642287231,63170096.0000000000,52
3750,114,0.7792872968,63170096.0000000000,33
3750,115,0.7778166454,63170096.0000000000,39
3750,116,0.7793360929,63170096.0000000000,37
3750,117,0.7213006663,58998832.0000000000,29
3750,118,0.7203214432,58998832.0000000000,25
3750,119,0.7256167451,58998832.0000000000,28
3800,0,0.2118808070,324403904.0000000000,27
3800,1,0.2086486140,319613312.0000000000,28
3800,2,0.1793265090,293500112.0000000000,25
3800,3,0.1775298690,291581264.0000000000,24
3800,4,0.1784068670,292222032.0000000000,26
3800,5,0.1866482830,290147392.0000000000,30
3800,6,0.4389795090,520336880.0000000000,31
3800,7,0.3483480260,441651888.0000000000,29
3800,8,0.5419396900,680204720.0000000000,2
3800,9,0.5046785330,632807024.0000000000,0
3800,10,0.4464944620,579874080.0000000000,4
3800,11,0.4270461660,562632832.0000000000,5
3800,12,0.4276705220,563212160.0000000000,11
3800,13,0.4492430640,568123040.0000000000,15
3800,14,0.4275529140,556589808.0000000000,17
3800,15,0.3820167950,525291312.0000000000,21
3800,16,0.4182062530,574986576.0000000000,1
3800,17,0.4378461840,590058560.0000000000,8
3800,18,0.5175262170,654646272.0000000000,10
3800,19,0.5353179990,675903424.0000000000,7
3800,20,0.5320326140,670382160.0000000000,14
3800,21,0.4411736920,575645072.0000000000,19
3800,22,0.3907755940,537112704.0000000000,23
3800,23,0.3902301410,536676016.0000000000,18
3800,24,0.4179102960,574327056.0000000000,13
3800,25,0.4185955670,575434896.0000000000,3
3800,26,0.4189807140,575421584.0000000000,9
3800,27,0.4183381860,575408896.0000000000,6
3800,28,0.4186628370,575427680.0000000000,12
3800,29,0.3908457280,537124784.0000000000,16
3800,30,0.3913548040,537084480.0000000000,20
3800,31,0.3905991730,536058896.0000000000,22
3800,32,0.2434071640,348762992.0000000000,33
3800,33,0.2443796610,350081136.0000000000,36
3800,34,0.2445864780,350044864.0000000000,34
3800,35,0.2446399910,350050784.0000000000,32
3800,36,0.2446611340,350037920.0000000000,35
3800,37,0.2291549550,326745472.0000000000,37
3800,38,0.2292996760,326801984.0000000000,38
3800,39,0.2280467820,325467088.0000000000,39
3800,40,0.0261688230,72102448.0000000000,45
3800,41,0.0262179760,72102448.0000000000,47
3800,42,0.0262510370,72102448.0000000000,54
3800,43,0.0261702350,72102448.0000000000,44
3800,44,0.0262596970,72102448.0000000000,54
3800,45,0.0249504050,67341360.0000000000,42
3800,46,0.0248941650,67341360.0000000000,41
3800,47,0.0248714390,67341360.0000000000,45
3800,48,0.0262209280,72102448.0000000000,51
3800,49,0.0261870550,72102448.0000000000,51
3800,50,0.0262147780,72102448.0000000000,49
3800,51,0.0262011240,72102448.0000000000,48
3800,52,0.0261268110,72102448.0000000000,50
3800,53,0.0248727850,67341360.0000000000,41
3800,54,0.0248479430,67341360.0000000000,44
3800,55,0.0249822470,67341360.0000000000,43
3800,56,0.0261476200,72102448.0000000000,48
3800,57,0.0261195850,72102448.0000000000,50
3800,58,0.0261439920,72102448.0000000000,49
3800,59,0.0261525590,72102448.0000000000,52
3800,60,0.0261962020,72102448.0000000000,53
3800,61,0.0248831320,67341360.0000000000,45
3800,62,0.0248858760,67341360.0000000000,46
3800,63,0.0248658680,67341360.0000000000,46
3800,64,0.0266877360,72102448.0000000000,40
3800,65,0.0262033420,72102448.0000000000,41
3800,66,0.0262148570,72102448.0000000000,55
3800,67,0.0261104580,72102448.0000000000,46
3800,68,0.0261455660,72102448.0000000000,53
3800,69,0.0248402460,67341360.0000000000,44
3800,70,0.0249051460,67341360.0000000000,42
3800,71,0.0248910670,67341360.0000000000,47
3800,72,0.0261580300,72102448.0000000000,42
3800,73,0.0267267320,72102448.0000000000,40
3800,74,0.0261708740,72102448.0000000000,55
3800,75,0.0261011490,72102448.0000000000,52
3800,76,0.0261566990,72102448.0000000000,43
3800,77,0.0249601450,67341360.0000000000,43
3800,78,0.0253018560,67341360.0000000000,40
3800,79,0.0248633830,67341360.0000000000,47
3800,80,0.0239130520,63170096.0000000000,35
3800,81,0.0234937190,63170096.0000000000,54
3800,82,0.0234235240,63170096.0000000000,53
3800,83,0.0234415120,63170096.0000000000,48
3800,84,0.0233841100,63170096.0000000000,50
3800,85,0.0221086510,58998832.0000000000,30
3800,86,0.0221791820,58998832.0000000000,27
3800,87,0.0221757610,58998832.0000000000,31
3800,88,0.0238792610,63170096.0000000000,37
3800,89,0.0238483600,63170096.0000000000,39
3800,90,0.0238594780,63170096.0000000000,29
3800,91,0.0239964800,63170096.0000000000,34
3800,92,0.0238851940,63170096.0000000000,38
3800,93,0.0221502480,58998832.0000000000,27
3800,94,0.0220908200,58998832.0000000000,25
3800,95,0.0221058860,58998832.0000000000,31
3800,96,0.0234337860,63170096.0000000000,49
3800,97,0.0238925360,63170096.0000000000,36
3800,98,0.0238795440,63170096.0000000000,33
3800,99,0.0235187410,63170096.0000000000,51
3800,100,0.0239790370,63170096.0000000000,32
3800,101,0.0220265780,58998832.0000000000,26
3800,102,0.0221168000,58998832.0000000000,24
3800,103,0.0222132130,58998832.0000000000,28
3800,104,0.0239216270,63170096.0000000000,32
3800,105,0.0239117120,63170096.0000000000,38
3800,106,0.0239593290,63170096.0000000000,34
3800,107,0.0234248360,63170096.0000000000,55
3800,108,0.0238949510,63170096.0000000000,36
3800,109,0.0220968730,58998832.0000000000,26
3800,110,0.0220742950,58998832.0000000000,30
3800,111,0.0221647140,58998832.0000000000,24
3800,112,0.0239105550,63170096.0000000000,35
3800,113,0.0233986350,63170096.0000000000,52
3800,114,0.0238900640,63170096.0000000000,33
3800,115,0.0238376800,63170096.0000000000,39
3800,116,0.0238368170,63170096.0000000000,37
3800,117,0.0220987340,58998832.0000000000,29
3800,118,0.0220516630,58998832.0000000000,25
3800,119,0.0222121620,58998832.0000000000,28
3850,0,6.8157946548,323180464.0000000000,27
3850,1,6.6201529599,315296224.0000000000,28
3850,2,5.7783121101,292905328.0000000000,25
3850,3,5.7209969142,291204464.0000000000,24
3850,4,5.7292804974,291711312.0000000000,26
3850,5,5.9685803234,288791616.0000000000,30
3850,6,14.0018760554,514952304.0000000000,31
3850,7,11.2227418325,441506784.0000000000,29
3850,8,17.4622356570,681598080.0000000000,2
3850,9,16.2848572589,635252912.0000000000,0
3850,10,14.3340906002,579251376.0000000000,4
3850,11,13.7241694437,562427904.0000000000,5
3850,12,13.7395825490,563025984.0000000000,11
3850,13,14.3776038732,565769936.0000000000,15
3850,14,13.8387347997,560166256.0000000000,17
3850,15,12.3175153874,525651584.0000000000,21
3850,16,13.4546987937,574982080.0000000000,1
3850,17,14.1273298570,591708544.0000000000,8
3850,18,16.6598316584,655434416.0000000000,10
3850,19,17.2207558778,676283328.0000000000,7
3850,20,17.1110560262,670651856.0000000000,14
3850,21,14.2375168643,577875104.0000000000,19
3850,22,12.5776677024,537167920.0000000000,23
3850,23,12.5622017441,536671312.0000000000,18
3850,24,13.4518043282,574305728.0000000000,13
3850,25,13.4723313744,575431744.0000000000,3
3850,26,13.4827936492,575417024.0000000000,9
3850,27,13.4632038800,575417360.0000000000,6
3850,28,13.4684823970,575422112.0000000000,12
3850,29,12.5795355501,537125872.0000000000,16
3850,30,12.5982333466,537084736.0000000000,20
3850,31,12.5654554953,536043584.0000000000,22
3850,32,7.8368188789,348750032.0000000000,33
3850,33,7.8735930152,350083216.0000000000,36
3850,34,7.8779494429,350040816.0000000000,34
3850,35,7.8789686533,350054496.0000000000,32
3850,36,7.8798692708,350036464.0000000000,35
3850,37,7.3784099391,326743872.0000000000,37
3850,38,7.3842049311,326804928.0000000000,38
3850,39,7.3390252467,325452448.0000000000,39
3850,40,0.8541142376,72102448.0000000000,45
3850,41,0.8555927972,72102448.0000000000,47
3850,42,0.8568817678,72102448.0000000000,54
3850,43,0.8536871634,72102448.0000000000,44
3850,44,0.8559693500,72102448.0000000000,54
3850,45,0.8136056064,67341360.0000000000,42
3850,46,0.8131409779,67341360.0000000000,41
3850,47,0.8113431842,67341360.0000000000,45
3850,48,0.8565411923,72102448.0000000000,51
3850,49,0.8556153475,72102448.0000000000,51
3850,50,0.8553622662,72102448.0000000000,49
3850,51,0.8549866266,72102448.0000000000,48
3850,52,0.8545985187,72102448.0000000000,50
3850,53,0.8122262535,67341360.0000000000,41
3850,54,0.8116520915,67341360.0000000000,44
3850,55,0.8139076591,67341360.0000000000,43
3850,56,0.8537461682,72102448.0000000000,48
3850,57,0.8534260355,72102448.0000000000,50
3850,58,0.8543265467,72102448.0000000000,49
3850,59,0.8544747951,72102448.0000000000,52
3850,60,0.8549287538,72102448.0000000000,53
3850,61,0.8113483294,67341360.0000000000,45
3850,62,0.8127944495,67341360.0000000000,46
3850,63,0.8119153984,67341360.0000000000,46
3850,64,0.8727126006,72102448.0000000000,40
3850,65,0.8549708601,72102448.0000000000,41
3850,66,0.8554802942,72102448.0000000000,55
3850,67,0.8534394334,72102448.0000000000,46
3850,68,0.8542305171,72102448.0000000000,53
3850,69,0.8114747905,67341360.0000000000,44
3850,70,0.8124487092,67341360.0000000000,42
3850,71,0.8120815685,67341360.0000000000,47
3850,72,0.8545288616,72102448.0000000000,42
3850,73,0.8723232440,72102448.0000000000,40
3850,74,0.8546019132,72102448.0000000000,55
3850,75,0.8534280238,72102448.0000000000,52
3850,76,0.8547629738,72102448.0000000000,43
3850,77,0.8131060312,67341360.0000000000,43
3850,78,0.8289504555,67341360.0000000000,40
3850,79,0.8120264917,67341360.0000000000,47
3850,80,0.7805515253,63170096.0000000000,35
3850,81,0.7667967484,63170096.0000000000,54
3850,82,0.7636270134,63170096.0000000000,53
3850,83,0.7648053539,63170096.0000000000,48
3850,84,0.7645437414,63170096.0000000000,50
3850,85,0.7214085552,58998832.0000000000,30
3850,86,0.7236020120,58998832.0000000000,27
3850,87,0.7232805390,58998832.0000000000,31
3850,88,0.7798738629,63170096.0000000000,37
3850,89,0.7776815260,63170096.0000000000,39
3850,90,0.7795049831,63170096.0000000000,29
3850,91,0.7825853040,63170096.0000000000,34
3850,92,0.7796481390,63170096.0000000000,38
3850,93,0.7234983802,58998832.0000000000,27
3850,94,0.7205732390,58998832.0000000000,25
3850,95,0.7229481877,58998832.0000000000,31
3850,96,0.7652982363,63170096.0000000000,49
3850,97,0.7798223585,63170096.0000000000,36
3850,98,0.7793421993,63170096.0000000000,33
3850,99,0.7662905803,63170096.0000000000,51
3850,100,0.7810285282,63170096.0000000000,32
3850,101,0.7217905081,58998832.0000000000,26
3850,102,0.7227369035,58998832.0000000000,24
3850,103,0.7254264021,58998832.0000000000,28
3850,104,0.7810138992,63170096.0000000000,32
3850,105,0.7794572823,63170096.0000000000,38
3850,106,0.7826575766,63170096.0000000000,34
3850,107,0.7647500926,63170096.0000000000,55
3850,108,0.7799021619,63170096.0000000000,36
3850,109,0.7219277274,58998832.0000000000,26
3850,110,0.7210665292,58998832.0000000000,30
3850,111,0.7226541606,58998832.0000000000,24
3850,112,0.7802704269,63170096.0000000000,35
3850,113,0.7642751532,63170096.0000000000,52
3850,114,0.7791228190,63170096.0000000000,33
3850,115,0.7775122510,63170096.0000000000,39
3850,116,0.7795942652,63170096.0000000000,37
3850,117,0.7211709543,58998832.0000000000,29
3850,118,0.7203062756,58998832.0000000000,25
3850,119,0.7252523533,58998832.0000000000,28
3900,0,0.2090448040,321750768.0000000000,27
3900,1,0.2003372230,312505600.0000000000,28
3900,2,0.1787584190,292324800.0000000000,25
3900,3,0.1774497450,290940096.0000000000,24
3900,4,0.1778301520,291470752.0000000000,26
3900,5,0.1857125740,288351216.0000000000,30
3900,6,0.4315524880,512530272.0000000000,31
3900,7,0.3493945380,441049408.0000000000,29
3900,8,0.5464971790,682892064.0000000000,2
3900,9,0.5087475480,635428480.0000000000,0
3900,10,0.4451450250,578443312.0000000000,4
3900,11,0.4272116450,562040960.0000000000,5
3900,12,0.4277007990,562605216.0000000000,11
3900,13,0.4429129560,562874304.0000000000,15
3900,14,0.4350390250,561859376.0000000000,17
3900,15,0.3840952330,526018496.0000000000,21
3900,16,0.4179204550,574970096.0000000000,1
3900,17,0.4423990140,593237456.0000000000,8
3900,18,0.5204660410,656355616.0000000000,10
3900,19,0.5373253820,676728752.0000000000,7
3900,20,0.5334514960,670945520.0000000000,14
3900,21,0.4471091500,579928064.0000000000,19
3900,22,0.3910939170,537232544.0000000000,23
3900,23,0.3904275480,536661952.0000000000,18
3900,24,0.4180596930,574291088.0000000000,13
3900,25,0.4186777180,575431728.0000000000,3
3900,26,0.4189892640,575415984.0000000000,9
3900,27,0.4183352980,575413648.0000000000,6
3900,28,0.4185107530,575426992.0000000000,12
3900,29,0.3910049300,537121936.0000000000,16
3900,30,0.3914824990,537087024.0000000000,20
3900,31,0.3905198080,536025488.0000000000,22
3900,32,0.2433993820,348732640.0000000000,33
3900,33,0.2445317210,350080960.0000000000,36
3900,34,0.2447026680,350043904.0000000000,34
3900,35,0.2445988440,350054624.0000000000,32
3900,36,0.2446774000,350035376.0000000000,35
3900,37,0.2290759700,326745088.0000000000,37
3900,38,0.2293251120,326803968.0000000000,38
3900,39,0.2278983520,325439152.0000000000,39
3900,40,0.0261891600,72102448.0000000000,45
3900,41,0.0261877670,72102448.0000000000,47
3900,42,0.0262451480,72102448.0000000000,54
3900,43,0.0261641510,72102448.0000000000,44
3900,44,0.0261669990,72102448.0000000000,54
3900,45,0.0248984130,67341360.0000000000,42
3900,46,0.0249241530,67341360.0000000000,41
3900,47,0.0248425130,67341360.0000000000,45
3900,48,0.0262086260,72102448.0000000000,51
3900,49,0.0262264700,72102448.0000000000,51
3900,50,0.0261730360,72102448.0000000000,49
3900,51,0.0261915220,72102448.0000000000,48
3900,52,0.0261692310,72102448.0000000000,50
3900,53,0.0248548110,67341360.0000000000,41
3900,54,0.0249013760,67341360.0000000000,44
3900,55,0.0249549130,67341360.0000000000,43
3900,56,0.0261435600,72102448.0000000000,48
3900,57,0.0261376470,72102448.0000000000,50
3900,58,0.0261697690,72102448.0000000000,49
3900,59,0.0261889180,72102448.0000000000,52
3900,60,0.0261879980,72102448.0000000000,53
3900,61,0.0248696140,67341360.0000000000,45
3900,62,0.0249146520,67341360.0000000000,46
3900,63,0.0249262130,67341360.0000000000,46
3900,64,0.0267008910,72102448.0000000000,40
3900,65,0.0261395560,72102448.0000000000,41
3900,66,0.0262367620,72102448.0000000000,55
3900,67,0.0261258770,72102448.0000000000,46
3900,68,0.0261816350,72102448.0000000000,53
3900,69,0.0248237240,67341360.0000000000,44
3900,70,0.0249010870,67341360.0000000000,42
3900,71,0.0248928520,67341360.0000000000,47
3900,72,0.0262358320,72102448.0000000000,42
3900,73,0.0267470010,72102448.0000000000,40
3900,74,0.0261926190,72102448.0000000000,55
3900,75,0.0261343760,72102448.0000000000,52
3900,76,0.0262068350,72102448.0000000000,43
3900,77,0.0249223000,67341360.0000000000,43
3900,78,0.0254309640,67341360.0000000000,40
3900,79,0.0248809280,67341360.0000000000,47
3900,80,0.0239195340,63170096.0000000000,35
3900,81,0.0234808250,63170096.0000000000,54
3900,82,0.0233800080,63170096.0000000000,53
3900,83,0.0234295960,63170096.0000000000,48
3900,84,0.0234015510,63170096.0000000000,50
3900,85,0.0221287400,58998832.0000000000,30
3900,86,0.0221391750,58998832.0000000000,27
3900,87,0.0221116680,58998832.0000000000,31
3900,88,0.0238898900,63170096.0000000000,37
3900,89,0.0238074980,63170096.0000000000,39
3900,90,0.0238786060,63170096.0000000000,29
3900,91,0.0239482680,63170096.0000000000,34
3900,92,0.0239350760,63170096.0000000000,38
3900,93,0.0221530550,58998832.0000000000,27
3900,94,0.0220688990,58998832.0000000000,25
3900,95,0.0221721750,58998832.0000000000,31
3900,96,0.0234298750,63170096.0000000000,49
3900,97,0.0238936450,63170096.0000000000,36
3900,98,0.0238731520,63170096.0000000000,33
3900,99,0.0234762660,63170096.0000000000,51
3900,100,0.0239271680,63170096.0000000000,32
3900,101,0.0221016830,58998832.0000000000,26
3900,102,0.0220731980,58998832.0000000000,24
3900,103,0.0222172900,58998832.0000000000,28
3900,104,0.0239213770,63170096.0000000000,32
3900,105,0.0238749820,63170096.0000000000,38
3900,106,0.0239728760,63170096.0000000000,34
3900,107,0.0234326010,63170096.0000000000,55
3900,108,0.0238850400,63170096.0000000000,36
3900,109,0.0220805110,58998832.0000000000,26
3900,110,0.0220931030,58998832.0000000000,30
3900,111,0.0221092780,58998832.0000000000,24
3900,112,0.0239116670,63170096.0000000000,35
3900,113,0.0233386190,63170096.0000000000,52
3900,114,0.0238832840,63170096.0000000000,33
3900,115,0.0237919000,63170096.0000000000,39
3900,116,0.0238715640,63170096.0000000000,37
3900,117,0.0221195420,58998832.0000000000,29
3900,118,0.0220164490,58998832.0000000000,25
3900,119,0.0222268200,58998832.0000000000,28
3950,0,6.7111899443,320277584.0000000000,27
3950,1,6.4514901645,311423520.0000000000,28
3950,2,5.7619638729,292076912.0000000000,25
3950,3,5.7237417071,291039232.0000000000,24
3950,4,5.7379086516,291527872.0000000000,26
3950,5,5.9782759724,288873568.0000000000,30
3950,6,13.8792347094,512802608.0000000000,31
3950,7,11.2347797367,440598560.0000000000,29
3950,8,17.5960301564,684072848.0000000000,2
3950,9,16.3304851434,634531184.0000000000,0
3950,10,14.2751425524,577252800.0000000000,4
3950,11,13.7057692553,561033520.0000000000,5
3950,12,13.7313514764,561984432.0000000000,11
3950,13,14.1634646406,560063664.0000000000,15
3950,14,14.0000240455,561985552.0000000000,17
3950,15,12.3582643479,526300944.0000000000,21
3950,16,13.4536697353,574966112.0000000000,1
3950,17,14.2671207117,594675200.0000000000,8
3950,18,16.7621594309,657594560.0000000000,10
3950,19,17.2873557627,677582752.0000000000,7
3950,20,17.1534708596,671166944.0000000000,14
3950,21,14.4234042350,581916288.0000000000,19
3950,22,12.5879862208,537297168.0000000000,23
3950,23,12.5625673284,536655472.0000000000,18
3950,24,13.4523345645,574275696.0000000000,13
3950,25,13.4726653476,575431024.0000000000,3
3950,26,13.4828740773,575414192.0000000000,9
3950,27,13.4631642161,575415408.0000000000,6
3950,28,13.4683518084,575428912.0000000000,12
3950,29,12.5801038039,537125856.0000000000,16
3950,30,12.5999556426,537084256.0000000000,20
3950,31,12.5655878354,536019760.0000000000,22
3950,32,7.8370479570,348716160.0000000000,33
3950,33,7.8734493186,350076912.0000000000,36
3950,34,7.8778874076,350042608.0000000000,34
3950,35,7.8795261795,350054112.0000000000,32
3950,36,7.8791326019,350037184.0000000000,35
3950,37,7.3782009988,326745408.0000000000,37
3950,38,7.3835046977,326807664.0000000000,38
3950,39,7.3385869322,325419760.0000000000,39
3950,40,0.8542001092,72102448.0000000000,45
3950,41,0.8556827874,72102448.0000000000,47
3950,42,0.8568607669,72102448.0000000000,54
3950,43,0.8539901608,72102448.0000000000,44
3950,44,0.8559613731,72102448.0000000000,54
3950,45,0.8139339201,67341360.0000000000,42
3950,46,0.8129525339,67341360.0000000000,41
3950,47,0.8115376505,67341360.0000000000,45
3950,48,0.8564573259,72102448.0000000000,51
3950,49,0.8556787303,72102448.0000000000,51
3950,50,0.8551717933,72102448.0000000000,49
3950,51,0.8549656881,72102448.0000000000,48
3950,52,0.8543408506,72102448.0000000000,50
3950,53,0.8121360399,67341360.0000000000,41
3950,54,0.8116620404,67341360.0000000000,44
3950,55,0.8139193250,67341360.0000000000,43
3950,56,0.8539180249,72102448.0000000000,48
3950,57,0.8535130303,72102448.0000000000,50
3950,58,0.8545756240,72102448.0000000000,49
3950,59,0.8543613326,72102448.0000000000,52
3950,60,0.8549412057,72102448.0000000000,53
3950,61,0.8112524178,67341360.0000000000,45
3950,62,0.8129858405,67341360.0000000000,46
3950,63,0.8120365867,67341360.0000000000,46
3950,64,0.8726471200,72102448.0000000000,40
3950,65,0.8551636241,72102448.0000000000,41
3950,66,0.8556249252,72102448.0000000000,55
3950,67,0.8534635309,72102448.0000000000,46
3950,68,0.8541874022,72102448.0000000000,53
3950,69,0.8116923150,67341360.0000000000,44
3950,70,0.8124421340,67341360.0000000000,42
3950,71,0.8119831553,67341360.0000000000,47
3950,72,0.8544980215,72102448.0000000000,42
3950,73,0.8722400494,72102448.0000000000,40
3950,74,0.8548763022,72102448.0000000000,55
3950,75,0.8535715063,72102448.0000000000,52
3950,76,0.8545717708,72102448.0000000000,43
3950,77,0.8129926896,67341360.0000000000,43
3950,78,0.8288046762,67341360.0000000000,40
3950,79,0.8118576353,67341360.0000000000,47
3950,80,0.7806540781,63170096.0000000000,35
3950,81,0.7667672049,63170096.0000000000,54
3950,82,0.7635731910,63170096.0000000000,53
3950,83,0.7648947506,63170096.0000000000,48
3950,84,0.7645073271,63170096.0000000000,50
3950,85,0.7214524626,58998832.0000000000,30
3950,86,0.7237177318,58998832.0000000000,27
3950,87,0.7233553075,58998832.0000000000,31
3950,88,0.7797764317,63170096.0000000000,37
3950,89,0.7777360264,63170096.0000000000,39
3950,90,0.7794507692,63170096.0000000000,29
3950,91,0.7826066374,63170096.0000000000,34
3950,92,0.7796256128,63170096.0000000000,38
3950,93,0.7236177447,58998832.0000000000,27
3950,94,0.7204858952,58998832.0000000000,25
3950,95,0.7228799109,58998832.0000000000,31
3950,96,0.7651224569,63170096.0000000000,49
3950,97,0.7799633292,63170096.0000000000,36
3950,98,0.7792905672,63170096.0000000000,33
3950,99,0.7661556437,63170096.0000000000,51
3950,100,0.7811952804,63170096.0000000000,32
3950,101,0.7219681938,58998832.0000000000,26
3950,102,0.7228608473,58998832.0000000000,24
3950,103,0.7255876418,58998832.0000000000,28
3950,104,0.7808575391,63170096.0000000000,32
3950,105,0.7794725947,63170096.0000000000,38
3950,106,0.7825833706,63170096.0000000000,34
3950,107,0.7649340222,63170096.0000000000,55
3950,108,0.7799968761,63170096.0000000000,36
3950,109,0.7215307533,58998832.0000000000,26
3950,110,0.7210617882,58998832.0000000000,30
3950,111,0.7225443272,58998832.0000000000,24
3950,112,0.7805910108,63170096.0000000000,35
3950,113,0.7642630185,63170096.0000000000,52
3950,114,0.7795717238,63170096.0000000000,33
3950,115,0.7778806078,63170096.0000000000,39
3950,116,0.7793624554,63170096.0000000000,37
3950,117,0.7216226143,58998832.0000000000,29
3950,118,0.7202135415,58998832.0000000000,25
3950,119,0.7251981811,58998832.0000000000,28
4000,0,0.2049995670,318496960.0000000000,27
4000,1,0.1997641820,311321296.0000000000,28
4000,2,0.1787085940,292290608.0000000000,25
4000,3,0.1773036210,291103408.0000000000,24
4000,4,0.1783856380,291596880.0000000000,26
4000,5,0.1857259850,289546448.0000000000,30
4000,6,0.4335787300,513187104.0000000000,31
4000,7,0.3490463640,440259360.0000000000,29
4000,8,0.5492986040,685176560.0000000000,2
4000,9,0.5060205730,632630592.0000000000,0
4000,10,0.4421117520,575338416.0000000000,4
4000,11,0.4256361590,560030208.0000000000,5
4000,12,0.4268592120,561246960.0000000000,11
4000,13,0.4360787820,556988320.0000000000,15
4000,14,0.4354071190,561411200.0000000000,17
4000,15,0.3837676050,526503408.0000000000,21
4000,16,0.4180720150,574958448.0000000000,1
4000,17,0.4467687130,596149568.0000000000,8
4000,18,0.5245244280,659034208.0000000000,10
4000,19,0.5397831820,678064464.0000000000,7
4000,20,0.5349646700,671472480.0000000000,14
4000,21,0.4528247390,583873712.0000000000,19
4000,22,0.3915351170,537361120.0000000000,23
4000,23,0.3903804580,536650432.0000000000,18
4000,24,0.4179794770,574258528.0000000000,13
4000,25,0.4187013910,575432432.0000000000,3
4000,26,0.4189912900,575415280.0000000000,9
4000,27,0.4186020870,575412496.0000000000,6
4000,28,0.4185059240,575430832.0000000000,12
4000,29,0.3907764800,537127424.0000000000,16
4000,30,0.3914976930,537081760.0000000000,20
4000,31,0.3904674030,536004896.0000000000,22
4000,32,0.2432776310,348701536.0000000000,33
4000,33,0.2445327820,350069008.0000000000,36
4000,34,0.2447014990,350043088.0000000000,34
4000,35,0.2448355760,350056400.0000000000,32
4000,36,0.2447213360,350039584.0000000000,35
4000,37,0.2291065420,326744368.0000000000,37
4000,38,0.2292325950,326806464.0000000000,38
4000,39,0.2277779210,325405408.0000000000,39
4000,40,0.0261218670,72102448.0000000000,45
4000,41,0.0262304210,72102448.0000000000,47
4000,42,0.0262581150,72102448.0000000000,54
4000,43,0.0261328400,72102448.0000000000,44
4000,44,0.0262310300,72102448.0000000000,54
4000,45,0.0249293430,67341360.0000000000,42
4000,46,0.0249000090,67341360.0000000000,41
4000,47,0.0248217210,67341360.0000000000,45
4000,48,0.0262208900,72102448.0000000000,51
4000,49,0.0262190860,72102448.0000000000,51
4000,50,0.0262072140,72102448.0000000000,49
4000,51,0.0262115830,72102448.0000000000,48
4000,52,0.0260975720,72102448.0000000000,50
4000,53,0.0248561730,67341360.0000000000,41
4000,54,0.0248318710,67341360.0000000000,44
4000,55,0.0249054160,67341360.0000000000,43
4000,56,0.0261674370,72102448.0000000000,48
4000,57,0.0261466780,72102448.0000000000,50
4000,58,0.0261841200,72102448.0000000000,49
4000,59,0.0261819280,72102448.0000000000,52
4000,60,0.0262000830,72102448.0000000000,53
4000,61,0.0248518390,67341360.0000000000,45
4000,62,0.0248729610,67341360.0000000000,46
4000,63,0.0248625930,67341360.0000000000,46
4000,64,0.0267407400,72102448.0000000000,40
4000,65,0.0261820180,72102448.0000000000,41
4000,66,0.0262094010,72102448.0000000000,55
4000,67,0.0261336330,72102448.0000000000,46
4000,68,0.0261627580,72102448.0000000000,53
4000,69,0.0248867870,67341360.0000000000,44
4000,70,0.0248740070,67341360.0000000000,42
4000,71,0.0248394980,67341360.0000000000,47
4000,72,0.0261833790,72102448.0000000000,42
4000,73,0.0267220130,72102448.0000000000,40
4000,74,0.0261597550,72102448.0000000000,55
4000,75,0.0261118890,72102448.0000000000,52
4000,76,0.0261339170,72102448.0000000000,43
4000,77,0.0249165690,67341360.0000000000,43
4000,78,0.0254279000,67341360.0000000000,40
4000,79,0.0248516380,67341360.0000000000,47
4000,80,0.0238850530,63170096.0000000000,35
4000,81,0.0234845400,63170096.0000000000,54
4000,82,0.0233774540,63170096.0000000000,53
4000,83,0.0233889020,63170096.0000000000,48
4000,84,0.0234134360,63170096.0000000000,50
4000,85,0.0220460310,58998832.0000000000,30
4000,86,0.0221610880,58998832.0000000000,27
4000,87,0.0221560650,58998832.0000000000,31
4000,88,0.0238583690,63170096.0000000000,37
4000,89,0.0238014480,63170096.0000000000,39
4000,90,0.0239001990,63170096.0000000000,29
4000,91,0.0239691670,63170096.0000000000,34
4000,92,0.0238783770,63170096.0000000000,38
4000,93,0.0220903900,58998832.0000000000,27
4000,94,0.0220641610,58998832.0000000000,25
4000,95,0.0221224580,58998832.0000000000,31
4000,96,0.0234589040,63170096.0000000000,49
4000,97,0.0238843800,63170096.0000000000,36
4000,98,0.0239015370,63170096.0000000000,33
4000,99,0.0234853870,63170096.0000000000,51
4000,100,0.0239138100,63170096.0000000000,32
4000,101,0.0220527990,58998832.0000000000,26
4000,102,0.0221467100,58998832.0000000000,24
4000,103,0.0221932870,58998832.0000000000,28
4000,104,0.0238611270,63170096.0000000000,32
4000,105,0.0238927360,63170096.0000000000,38
4000,106,0.0239914110,63170096.0000000000,34
4000,107,0.0234442820,63170096.0000000000,55
4000,108,0.0239050310,63170096.0000000000,36
4000,109,0.0220936270,58998832.0000000000,26
4000,110,0.0221111180,58998832.0000000000,30
4000,111,0.0221464390,58998832.0000000000,24
4000,112,0.0239037390,63170096.0000000000,35
4000,113,0.0233805310,63170096.0000000000,52
4000,114,0.0238601460,63170096.0000000000,33
4000,115,0.0237944380,63170096.0000000000,39
4000,116,0.0238706230,63170096.0000000000,37
4000,117,0.0220898460,58998832.0000000000,29
4000,118,0.0220849010,58998832.0000000000,25
4000,119,0.0222043290,58998832.0000000000,28
4050,0,6.5705137355,316788048.0000000000,27
4050,1,6.4321151345,311106960.0000000000,28
4050,2,5.7573185551,292379856.0000000000,25
4050,3,5.7271153909,291206336.0000000000,24
4050,4,5.7346984637,291518784.0000000000,26
4050,5,5.9753903623,289250768.0000000000,30
4050,6,13.9029421176,511648416.0000000000,31
4050,7,11.2091547416,440557232.0000000000,29
4050,8,17.6834053876,686303056.0000000000,2
4050,9,16.2159110936,631016496.0000000000,0
4050,10,14.1556045622,573634656.0000000000,4
4050,11,13.6635877801,559489904.0000000000,5
4050,12,13.7120372260,560806832.0000000000,11
4050,13,13.9723058899,555182352.0000000000,15
4050,14,14.0171235551,562359504.0000000000,17
4050,15,12.3372765026,526606016.0000000000,21
4050,16,13.4539579862,574952288.0000000000,1
4050,17,14.4066239264,597739408.0000000000,8
4050,18,16.8998524357,660234736.0000000000,10
4050,19,17.3508462865,678265504.0000000000,7
4050,20,17.1953067706,671636896.0000000000,14
4050,21,14.6062445101,585586976.0000000000,19
4050,22,12.5998642452,537440864.0000000000,23
4050,23,12.5610437809,536644160.0000000000,18
4050,24,13.4512029330,574246880.0000000000,13
4050,25,13.4746531058,575430560.0000000000,3
4050,26,13.4839265710,575419648.0000000000,9
4050,27,13.4656229120,575412544.0000000000,6
4050,28,13.4695439153,575427424.0000000000,12
4050,29,12.5805927436,537124576.0000000000,16
4050,30,12.6002887271,537083200.0000000000,20
4050,31,12.5646524375,535992176.0000000000,22
4050,32,7.8362763257,348685632.0000000000,33
4050,33,7.8735381619,350068096.0000000000,36
4050,34,7.8784896320,350043360.0000000000,34
4050,35,7.8790000449,350055360.0000000000,32
4050,36,7.8803901574,350041296.0000000000,35
4050,37,7.3780651659,326743936.0000000000,37
4050,38,7.3841663182,326804832.0000000000,38
4050,39,7.3375260447,325389856.0000000000,39
4050,40,0.8540419431,72102448.0000000000,45
4050,41,0.8557958097,72102448.0000000000,47
4050,42,0.8569505118,72102448.0000000000,54
4050,43,0.8536180543,72102448.0000000000,44
4050,44,0.8561396940,72102448.0000000000,54
4050,45,0.8136949858,67341360.0000000000,42
4050,46,0.8130111520,67341360.0000000000,41
4050,47,0.8112037514,67341360.0000000000,45
4050,48,0.8565238039,72102448.0000000000,51
4050,49,0.8556721108,72102448.0000000000,51
4050,50,0.8552468706,72102448.0000000000,49
4050,51,0.8550397006,72102448.0000000000,48
4050,52,0.8544696940,72102448.0000000000,50
4050,53,0.8122135610,67341360.0000000000,41
4050,54,0.8112188279,67341360.0000000000,44
4050,55,0.8137557613,67341360.0000000000,43
4050,56,0.8537608119,72102448.0000000000,48
4050,57,0.8536558976,72102448.0000000000,50
4050,58,0.8544345900,72102448.0000000000,49
4050,59,0.8546215111,72102448.0000000000,52
4050,60,0.8549322308,72102448.0000000000,53
4050,61,0.8112116773,67341360.0000000000,45
4050,62,0.8127915597,67341360.0000000000,46
4050,63,0.8118401620,67341360.0000000000,46
4050,64,0.8727987404,72102448.0000000000,40
4050,65,0.8548138979,72102448.0000000000,41
4050,66,0.8555470641,72102448.0000000000,55
4050,67,0.8534443456,72102448.0000000000,46
4050,68,0.8541685788,72102448.0000000000,53
4050,69,0.8114370397,67341360.0000000000,44
4050,70,0.8125831673,67341360.0000000000,42
4050,71,0.8119454061,67341360.0000000000,47
4050,72,0.8544702589,72102448.0000000000,42
4050,73,0.8720016898,72102448.0000000000,40
4050,74,0.8546310484,72102448.0000000000,55
4050,75,0.8534423933,72102448.0000000000,52
4050,76,0.8546955307,72102448.0000000000,43
4050,77,0.8129753861,67341360.0000000000,43
4050,78,0.8287513855,67341360.0000000000,40
4050,79,0.8120104481,67341360.0000000000,47
4050,80,0.7804725763,63170096.0000000000,35
4050,81,0.7669170948,63170096.0000000000,54
4050,82,0.7634597008,63170096.0000000000,53
4050,83,0.7648259486,63170096.0000000000,48
4050,84,0.7645631395,63170096.0000000000,50
4050,85,0.7212635511,58998832.0000000000,30
4050,86,0.7235399095,58998832.0000000000,27
4050,87,0.7234498617,58998832.0000000000,31
4050,88,0.7796983815,63170096.0000000000,37
4050,89,0.7776636993,63170096.0000000000,39
4050,90,0.7795236793,63170096.0000000000,29
4050,91,0.7823795578,63170096.0000000000,34
4050,92,0.7797986547,63170096.0000000000,38
4050,93,0.7232050629,58998832.0000000000,27
4050,94,0.7204924521,58998832.0000000000,25
4050,95,0.7230524954,58998832.0000000000,31
4050,96,0.7651181903,63170096.0000000000,49
4050,97,0.7798945083,63170096.0000000000,36
4050,98,0.7795481888,63170096.0000000000,33
4050,99,0.7662757646,63170096.0000000000,51
4050,100,0.7811179062,63170096.0000000000,32
4050,101,0.7219834718,58998832.0000000000,26
4050,102,0.7228569517,58998832.0000000000,24
4050,103,0.7255908768,58998832.0000000000,28
4050,104,0.7810528849,63170096.0000000000,32
4050,105,0.7796915412,63170096.0000000000,38
4050,106,0.7825495010,63170096.0000000000,34
4050,107,0.7650225506,63170096.0000000000,55
4050,108,0.7800799188,63170096.0000000000,36
4050,109,0.7214415674,58998832.0000000000,26
4050,110,0.7211484179,58998832.0000000000,30
4050,111,0.7229318901,58998832.0000000000,24
4050,112,0.7802745362,63170096.0000000000,35
4050,113,0.7640169942,63170096.0000000000,52
4050,114,0.7792191845,63170096.0000000000,33
4050,115,0.7775851581,63170096.0000000000,39
4050,116,0.7794828705,63170096.0000000000,37
4050,117,0.7211869575,58998832.0000000000,29
4050,118,0.7205514135,58998832.0000000000,25
4050,119,0.7256233923,58998832.0000000000,28
4100,0,0.2014261340,315334656.0000000000,27
4100,1,0.1966137890,309302672.0000000000,28
4100,2,0.1781810960,292044928.0000000000,25
4100,3,0.1777293290,291007296.0000000000,24
4100,4,0.1777989270,291330128.0000000000,26
4100,5,0.1839935670,287370336.0000000000,30
4100,6,0.4238069460,505599504.0000000000,31
4100,7,0.3493457050,441590112.0000000000,29
4100,8,0.5532033360,687482048.0000000000,2
4100,9,0.5046312020,630862000.0000000000,0
4100,10,0.4376508040,572425792.0000000000,4
4100,11,0.4245702690,559089728.0000000000,5
4100,12,0.4262040330,560528544.0000000000,11
4100,13,0.4335683190,554793248.0000000000,15
4100,14,0.4422637130,566262592.0000000000,17
4100,15,0.3842191580,526643472.0000000000,21
4100,16,0.4179738920,574944128.0000000000,1
4100,17,0.4512732200,599411904.0000000000,8
4100,18,0.5281119780,661151568.0000000000,10
4100,19,0.5413187080,678563536.0000000000,7
4100,20,0.5360396350,671807248.0000000000,14
4100,21,0.4576458700,587001312.0000000000,19
4100,22,0.3918689110,537522624.0000000000,23
4100,23,0.3904467670,536636592.0000000000,18
4100,24,0.4178461220,574225408.0000000000,13
4100,25,0.4186480360,575432032.0000000000,3
4100,26,0.4189022290,575420544.0000000000,9
4100,27,0.4183163410,575410096.0000000000,6
4100,28,0.4185536370,575428800.0000000000,12
4100,29,0.3908011410,537125632.0000000000,16
4100,30,0.3915375600,537076880.0000000000,20
4100,31,0.3904304960,535975248.0000000000,22
4100,32,0.2433076370,348669536.0000000000,33
4100,33,0.2444493060,350071328.0000000000,36
4100,34,0.2445340390,350044768.0000000000,34
4100,35,0.2446885490,350053904.0000000000,32
4100,36,0.2448577870,350039648.0000000000,35
4100,37,0.2290716830,326744080.0000000000,37
4100,38,0.2293110180,326808064.0000000000,38
4100,39,0.2278049350,325377664.0000000000,39
4100,40,0.0261897900,72102448.0000000000,45
4100,41,0.0261964130,72102448.0000000000,47
4100,42,0.0262593480,72102448.0000000000,54
4100,43,0.0261875930,72102448.0000000000,44
4100,44,0.0262211410,72102448.0000000000,54
4100,45,0.0249082120,67341360.0000000000,42
4100,46,0.0249474590,67341360.0000000000,41
4100,47,0.0248152070,67341360.0000000000,45
4100,48,0.0262164410,72102448.0000000000,51
4100,49,0.0261969340,72102448.0000000000,51
4100,50,0.0261723570,72102448.0000000000,49
4100,51,0.0261946420,72102448.0000000000,48
4100,52,0.0261711030,72102448.0000000000,50
4100,53,0.0248900270,67341360.0000000000,41
4100,54,0.0248774870,67341360.0000000000,44
4100,55,0.0249511470,67341360.0000000000,43
4100,56,0.0261429400,72102448.0000000000,48
4100,57,0.0261202260,72102448.0000000000,50
4100,58,0.0261729390,72102448.0000000000,49
4100,59,0.0261742020,72102448.0000000000,52
4100,60,0.0261809240,72102448.0000000000,53
4100,61,0.0248436340,67341360.0000000000,45
4100,62,0.0249051220,67341360.0000000000,46
4100,63,0.0248502660,67341360.0000000000,46
4100,64,0.0266677900,72102448.0000000000,40
4100,65,0.0261642940,72102448.0000000000,41
4100,66,0.0262441460,72102448.0000000000,55
4100,67,0.0261551410,72102448.0000000000,46
4100,68,0.0261408670,72102448.0000000000,53
4100,69,0.0248198180,67341360.0000000000,44
4100,70,0.0248956410,67341360.0000000000,42
4100,71,0.0248712480,67341360.0000000000,47
4100,72,0.0261661270,72102448.0000000000,42
4100,73,0.0266762620,72102448.0000000000,40
4100,74,0.0262022160,72102448.0000000000,55
4100,75,0.0261362360,72102448.0000000000,52
4100,76,0.0262244110,72102448.0000000000,43
4100,77,0.0249602440,67341360.0000000000,43
4100,78,0.0253294970,67341360.0000000000,40
4100,79,0.0248809750,67341360.0000000000,47
4100,80,0.0238937530,63170096.0000000000,35
4100,81,0.0234892420,63170096.0000000000,54
4100,82,0.0233672950,63170096.0000000000,53
4100,83,0.0234037300,63170096.0000000000,48
4100,84,0.0233793500,63170096.0000000000,50
4100,85,0.0220846660,58998832.0000000000,30
4100,86,0.0221380030,58998832.0000000000,27
4100,87,0.0221627190,58998832.0000000000,31
4100,88,0.0238268300,63170096.0000000000,37
4100,89,0.0238021320,63170096.0000000000,39
4100,90,0.0238770920,63170096.0000000000,29
4100,91,0.0239570750,63170096.0000000000,34
4100,92,0.0238808530,63170096.0000000000,38
4100,93,0.0221381340,58998832.0000000000,27
4100,94,0.0220675390,58998832.0000000000,25
4100,95,0.0221309630,58998832.0000000000,31
4100,96,0.0234130160,63170096.0000000000,49
4100,97,0.0238773180,63170096.0000000000,36
4100,98,0.0238512520,63170096.0000000000,33
4100,99,0.0234520810,63170096.0000000000,51
4100,100,0.0238858680,63170096.0000000000,32
4100,101,0.0220469690,58998832.0000000000,26
4100,102,0.0221088780,58998832.0000000000,24
4100,103,0.0222446550,58998832.0000000000,28
4100,104,0.0239162660,63170096.0000000000,32
4100,105,0.0238520180,63170096.0000000000,38
4100,106,0.0239675760,63170096.0000000000,34
4100,107,0.0234098670,63170096.0000000000,55
4100,108,0.0238871240,63170096.0000000000,36
4100,109,0.0221138280,58998832.0000000000,26
4100,110,0.0220709470,58998832.0000000000,30
4100,111,0.0220891800,58998832.0000000000,24
4100,112,0.0238955660,63170096.0000000000,35
4100,113,0.0234306970,63170096.0000000000,52
4100,114,0.0238756880,63170096.0000000000,33
4100,115,0.0238173110,63170096.0000000000,39
4100,116,0.0239031870,63170096.0000000000,37
4100,117,0.0220858960,58998832.0000000000,29
4100,118,0.0220796020,58998832.0000000000,25
4100,119,0.0221980440,58998832.0000000000,28
4150,0,6.4756924636,314492320.0000000000,27
4150,1,6.3160082576,307612976.0000000000,28
4150,2,5.7536618894,291821968.0000000000,25
4150,3,5.7076524136,290668240.0000000000,24
4150,4,5.7267661006,290880272.0000000000,26
4150,5,5.8570609959,285176528.0000000000,30
4150,6,13.4607331692,498288336.0000000000,31
4150,7,11.2849179869,443154464.0000000000,29
4150,8,17.8195052765,688903536.0000000000,2
4150,9,16.2089436463,630303088.0000000000,0
4150,10,14.0542163320,571417056.0000000000,4
4150,11,13.6489256459,558984208.0000000000,5
4150,12,13.7078060277,560483680.0000000000,11
4150,13,13.9427531875,555269024.0000000000,15
4150,14,14.3156420473,569735296.0000000000,17
4150,15,12.3677138383,526615728.0000000000,21
4150,16,13.4535794180,574932368.0000000000,1
4150,17,14.5600340995,601162688.0000000000,8
4150,18,17.0008833695,661883264.0000000000,10
4150,19,17.3993698774,678714512.0000000000,7
4150,20,17.2316571821,671978496.0000000000,14
4150,21,14.7512477046,588401200.0000000000,19
4150,22,12.6118885313,537593856.0000000000,23
4150,23,12.5612054583,536630448.0000000000,18
4150,24,13.4490732250,574206624.0000000000,13
4150,25,13.4731886476,575427472.0000000000,3
4150,26,13.4828751960,575416976.0000000000,9
4150,27,13.4643834706,575412992.0000000000,6
4150,28,13.4689573656,575432624.0000000000,12
4150,29,12.5799087895,537129280.0000000000,16
4150,30,12.6000436757,537078592.0000000000,20
4150,31,12.5648716376,535961152.0000000000,22
4150,32,7.8360760246,348653184.0000000000,33
4150,33,7.8730951021,350075152.0000000000,36
4150,34,7.8779079008,350044848.0000000000,34
4150,35,7.8795827294,350055584.0000000000,32
4150,36,7.8795340804,350031712.0000000000,35
4150,37,7.3780051612,326745744.0000000000,37
4150,38,7.3842176895,326806320.0000000000,38
4150,39,7.3380098188,325364848.0000000000,39
4150,40,0.8542150032,72102448.0000000000,45
4150,41,0.8555157767,72102448.0000000000,47
4150,42,0.8571302859,72102448.0000000000,54
4150,43,0.8538565881,72102448.0000000000,44
4150,44,0.8559591495,72102448.0000000000,54
4150,45,0.8134421841,67341360.0000000000,42
4150,46,0.8131310926,67341360.0000000000,41
4150,47,0.8113710180,67341360.0000000000,45
4150,48,0.8564139500,72102448.0000000000,51
4150,49,0.8556865965,72102448.0000000000,51
4150,50,0.8554058378,72102448.0000000000,49
4150,51,0.8549965870,72102448.0000000000,48
4150,52,0.8544311362,72102448.0000000000,50
4150,53,0.8125503638,67341360.0000000000,41
4150,54,0.8117428108,67341360.0000000000,44
4150,55,0.8140144824,67341360.0000000000,43
4150,56,0.8539297588,72102448.0000000000,48
4150,57,0.8534724860,72102448.0000000000,50
4150,58,0.8543938625,72102448.0000000000,49
4150,59,0.8545203366,72102448.0000000000,52
4150,60,0.8551768794,72102448.0000000000,53
4150,61,0.8111739473,67341360.0000000000,45
4150,62,0.8126827577,67341360.0000000000,46
4150,63,0.8120891920,67341360.0000000000,46
4150,64,0.8727271615,72102448.0000000000,40
4150,65,0.8549548471,72102448.0000000000,41
4150,66,0.8557066299,72102448.0000000000,55
4150,67,0.8534162542,72102448.0000000000,46
4150,68,0.8540410796,72102448.0000000000,53
4150,69,0.8113932007,67341360.0000000000,44
4150,70,0.8123798824,67341360.0000000000,42
4150,71,0.8118981977,67341360.0000000000,47
4150,72,0.8543256149,72102448.0000000000,42
4150,73,0.8722977288,72102448.0000000000,40
4150,74,0.8545883542,72102448.0000000000,55
4150,75,0.8535241514,72102448.0000000000,52
4150,76,0.8546895913,72102448.0000000000,43
4150,77,0.8129727031,67341360.0000000000,43
4150,78,0.8289614613,67341360.0000000000,40
4150,79,0.8119638875,67341360.0000000000,47
4150,80,0.7803262064,63170096.0000000000,35
4150,81,0.7669242956,63170096.0000000000,54
4150,82,0.7634289372,63170096.0000000000,53
4150,83,0.7646614254,63170096.0000000000,48
4150,84,0.7647142793,63170096.0000000000,50
4150,85,0.7213726033,58998832.0000000000,30
4150,86,0.7235020247,58998832.0000000000,27
4150,87,0.7235054086,58998832.0000000000,31
4150,88,0.7797203246,63170096.0000000000,37
4150,89,0.7778395071,63170096.0000000000,39
4150,90,0.7792781580,63170096.0000000000,29
4150,91,0.7826293190,63170096.0000000000,34
4150,92,0.7798088708,63170096.0000000000,38
4150,93,0.7234090012,58998832.0000000000,27
4150,94,0.7205253711,58998832.0000000000,25
4150,95,0.7228038089,58998832.0000000000,31
4150,96,0.7651121947,63170096.0000000000,49
4150,97,0.7798749122,63170096.0000000000,36
4150,98,0.7794843198,63170096.0000000000,33
4150,99,0.7661606301,63170096.0000000000,51
4150,100,0.7811282323,63170096.0000000000,32
4150,101,0.7220620588,58998832.0000000000,26
4150,102,0.7228873098,58998832.0000000000,24
4150,103,0.7255581312,58998832.0000000000,28
4150,104,0.7808796305,63170096.0000000000,32
4150,105,0.7795460082,63170096.0000000000,38
4150,106,0.7824171993,63170096.0000000000,34
4150,107,0.7646211130,63170096.0000000000,55
4150,108,0.7797728877,63170096.0000000000,36
4150,109,0.7216609977,58998832.0000000000,26
4150,110,0.7211157964,58998832.0000000000,30
4150,111,0.7227812674,58998832.0000000000,24
4150,112,0.7802730612,63170096.0000000000,35
4150,113,0.7642869070,63170096.0000000000,52
4150,114,0.7797102506,63170096.0000000000,33
4150,115,0.7774207844,63170096.0000000000,39
4150,116,0.7795288967,63170096.0000000000,37
4150,117,0.7214169018,58998832.0000000000,29
4150,118,0.7203631451,58998832.0000000000,25
4150,119,0.7253536921,58998832.0000000000,28
4200,0,0.2007235970,314053984.0000000000,27
4200,1,0.1951872310,306949216.0000000000,28
4200,2,0.1788483650,291810464.0000000000,25
4200,3,0.1757149370,290536560.0000000000,24
4200,4,0.1777954140,290596656.0000000000,26
4200,5,0.1784589550,283494608.0000000000,30
4200,6,0.4079114180,491129904.0000000000,31
4200,7,0.3545807770,445466336.0000000000,29
4200,8,0.5570781200,690229600.0000000000,2
4200,9,0.5015575180,628290448.0000000000,0
4200,10,0.4365007490,570446736.0000000000,4
4200,11,0.4247892920,558574112.0000000000,5
4200,12,0.4252949010,559780864.0000000000,11
4200,13,0.4333769840,554993888.0000000000,15
4200,14,0.4500923220,571350352.0000000000,17
4200,15,0.3846813920,526536992.0000000000,21
4200,16,0.4179940300,574921648.0000000000,1
4200,17,0.4563551930,602836976.0000000000,8
4200,18,0.5305099780,662413696.0000000000,10
4200,19,0.5427294690,679073136.0000000000,7
4200,20,0.5383367500,672815472.0000000000,14
4200,21,0.4623482970,590051408.0000000000,19
4200,22,0.3924925680,537708544.0000000000,23
4200,23,0.3901414830,536618304.0000000000,18
4200,24,0.4178596440,574187168.0000000000,13
4200,25,0.4187705930,575430512.0000000000,3
4200,26,0.4190180410,575411600.0000000000,9
4200,27,0.4184244990,575413072.0000000000,6
4200,28,0.4184304890,575435456.0000000000,12
4200,29,0.3908181090,537128768.0000000000,16
4200,30,0.3914421280,537077584.0000000000,20
4200,31,0.3904016740,535951360.0000000000,22
4200,32,0.2431559530,348637056.0000000000,33
4200,33,0.2445507050,350075888.0000000000,36
4200,34,0.2445366250,350045184.0000000000,34
4200,35,0.2447522630,350056944.0000000000,32
4200,36,0.2446012020,350028784.0000000000,35
4200,37,0.2291373420,326744688.0000000000,37
4200,38,0.2292074170,326803024.0000000000,38
4200,39,0.2278208250,325347328.0000000000,39
4200,40,0.0262126150,72102448.0000000000,45
4200,41,0.0262048410,72102448.0000000000,47
4200,42,0.0262648260,72102448.0000000000,54
4200,43,0.0261662180,72102448.0000000000,44
4200,44,0.0262122250,72102448.0000000000,54
4200,45,0.0249671190,67341360.0000000000,42
4200,46,0.0249122520,67341360.0000000000,41
4200,47,0.0248533730,67341360.0000000000,45
4200,48,0.0262381550,72102448.0000000000,51
4200,49,0.0261979650,72102448.0000000000,51
4200,50,0.0262043970,72102448.0000000000,49
4200,51,0.0261718460,72102448.0000000000,48
4200,52,0.0261607650,72102448.0000000000,50
4200,53,0.0248846770,67341360.0000000000,41
4200,54,0.0248254900,67341360.0000000000,44
4200,55,0.0249282610,67341360.0000000000,43
4200,56,0.0261458470,72102448.0000000000,48
4200,57,0.0261149850,72102448.0000000000,50
4200,58,0.0261853520,72102448.0000000000,49
4200,59,0.0262151090,72102448.0000000000,52
4200,60,0.0261756020,72102448.0000000000,53
4200,61,0.0248179160,67341360.0000000000,45
4200,62,0.0249008450,67341360.0000000000,46
4200,63,0.0248669500,67341360.0000000000,46
4200,64,0.0267647930,72102448.0000000000,40
4200,65,0.0262060950,72102448.0000000000,41
4200,66,0.0261950900,72102448.0000000000,55
4200,67,0.0261392130,72102448.0000000000,46
4200,68,0.0261428410,72102448.0000000000,53
4200,69,0.0248688250,67341360.0000000000,44
4200,70,0.0248938740,67341360.0000000000,42
4200,71,0.0248802170,67341360.0000000000,47
4200,72,0.0261651350,72102448.0000000000,42
4200,73,0.0267227030,72102448.0000000000,40
4200,74,0.0261519080,72102448.0000000000,55
4200,75,0.0261112780,72102448.0000000000,52
4200,76,0.0261942520,72102448.0000000000,43
4200,77,0.0249135310,67341360.0000000000,43
4200,78,0.0254288500,67341360.0000000000,40
4200,79,0.0248764380,67341360.0000000000,47
4200,80,0.0238843560,63170096.0000000000,35
4200,81,0.0235015930,63170096.0000000000,54
4200,82,0.0233783540,63170096.0000000000,53
4200,83,0.0234078370,63170096.0000000000,48
4200,84,0.0234660180,63170096.0000000000,50
4200,85,0.0220958790,58998832.0000000000,30
4200,86,0.0221541930,58998832.0000000000,27
4200,87,0.0221608250,58998832.0000000000,31
4200,88,0.0239245280,63170096.0000000000,37
4200,89,0.0238058880,63170096.0000000000,39
4200,90,0.0238786260,63170096.0000000000,29
4200,91,0.0239731050,63170096.0000000000,34
4200,92,0.0238717960,63170096.0000000000,38
4200,93,0.0221801550,58998832.0000000000,27
4200,94,0.0220789790,58998832.0000000000,25
4200,95,0.0220809700,58998832.0000000000,31
4200,96,0.0234329140,63170096.0000000000,49
4200,97,0.0239063250,63170096.0000000000,36
4200,98,0.0238545460,63170096.0000000000,33
4200,99,0.0235218060,63170096.0000000000,51
4200,100,0.0239027920,63170096.0000000000,32
4200,101,0.0221051710,58998832.0000000000,26
4200,102,0.0221218000,58998832.0000000000,24
4200,103,0.0222067920,58998832.0000000000,28
4200,104,0.0239167980,63170096.0000000000,32
4200,105,0.0238893000,63170096.0000000000,38
4200,106,0.0239760410,63170096.0000000000,34
4200,107,0.0234445230,63170096.0000000000,55
4200,108,0.0239227560,63170096.0000000000,36
4200,109,0.0220986970,58998832.0000000000,26
4200,110,0.0221106770,58998832.0000000000,30
4200,111,0.0220859420,58998832.0000000000,24
4200,112,0.0238731450,63170096.0000000000,35
4200,113,0.0234067520,63170096.0000000000,52
4200,114,0.0238473930,63170096.0000000000,33
4200,115,0.0238038940,63170096.0000000000,39
4200,116,0.0238407880,63170096.0000000000,37
4200,117,0.0220657390,58998832.0000000000,29
4200,118,0.0220827770,58998832.0000000000,25
4200,119,0.0222058910,58998832.0000000000,28
4250,0,6.4646691130,313957216.0000000000,27
4250,1,6.2966871630,306929232.0000000000,28
4250,2,5.7571815322,291957936.0000000000,25
4250,3,5.6711859967,290625776.0000000000,24
4250,4,5.7332185986,290561904.0000000000,26
4250,5,5.7541053858,283048448.0000000000,30
4250,6,12.9536437799,483569264.0000000000,31
4250,7,11.4722475289,449279568.0000000000,29
4250,8,17.9373851473,691191120.0000000000,2
4250,9,16.0599596459,625925600.0000000000,0
4250,10,14.0068140262,569534320.0000000000,4
4250,11,13.6441148768,557755680.0000000000,5
4250,12,13.6614695036,558921312.0000000000,11
4250,13,13.8864092405,553118896.0000000000,15
4250,14,14.4897662515,571406688.0000000000,17
4250,15,12.3730441793,526451168.0000000000,21
4250,16,13.4526757192,574904096.0000000000,1
4250,17,14.7215379846,604574544.0000000000,8
4250,18,17.0620807707,662841312.0000000000,10
4250,19,17.4489974906,679467840.0000000000,7
4250,20,17.3061414252,673265680.0000000000,14
4250,21,14.9194047528,592066848.0000000000,19
4250,22,12.6286880093,537845296.0000000000,23
4250,23,12.5611911961,536610896.0000000000,18
4250,24,13.4498161335,574176192.0000000000,13
4250,25,13.4734038036,575426304.0000000000,3
4250,26,13.4841057005,575414784.0000000000,9
4250,27,13.4672152778,575768032.0000000000,6
4250,28,13.4702228200,575506960.0000000000,12
4250,29,12.5803476698,537125008.0000000000,16
4250,30,12.6004604836,537076928.0000000000,20
4250,31,12.5637391569,535933824.0000000000,22
4250,32,7.8350972879,348624448.0000000000,33
4250,33,7.8737940025,350074112.0000000000,36
4250,34,7.8783532095,350043184.0000000000,34
4250,35,7.8796116808,350058016.0000000000,32
4250,36,7.8794554542,350024592.0000000000,35
4250,37,7.3790240011,326747264.0000000000,37
4250,38,7.3847690557,326805888.0000000000,38
4250,39,7.3365360300,325331120.0000000000,39
4250,40,0.8541404245,72102448.0000000000,45
4250,41,0.8557010081,72102448.0000000000,47
4250,42,0.8568525436,72102448.0000000000,54
4250,43,0.8539280522,72102448.0000000000,44
4250,44,0.8560705532,72102448.0000000000,54
4250,45,0.8136495178,67341360.0000000000,42
4250,46,0.8129560108,67341360.0000000000,41
4250,47,0.8112075521,67341360.0000000000,45
4250,48,0.8563889888,72102448.0000000000,51
4250,49,0.8554686249,72102448.0000000000,51
4250,50,0.8554512034,72102448.0000000000,49
4250,51,0.8548003200,72102448.0000000000,48
4250,52,0.8547083537,72102448.0000000000,50
4250,53,0.8122794410,67341360.0000000000,41
4250,54,0.8117056001,67341360.0000000000,44
4250,55,0.8137182386,67341360.0000000000,43
4250,56,0.8538865663,72102448.0000000000,48
4250,57,0.8535834730,72102448.0000000000,50
4250,58,0.8543929227,72102448.0000000000,49
4250,59,0.8545234610,72102448.0000000000,52
4250,60,0.8550802608,72102448.0000000000,53
4250,61,0.8111466314,67341360.0000000000,45
4250,62,0.8126855842,67341360.0000000000,46
4250,63,0.8121177637,67341360.0000000000,46
4250,64,0.8728493964,72102448.0000000000,40
4250,65,0.8548507420,72102448.0000000000,41
4250,66,0.8555571245,72102448.0000000000,55
4250,67,0.8534592182,72102448.0000000000,46
4250,68,0.8541597602,72102448.0000000000,53
4250,69,0.8115250557,67341360.0000000000,44
4250,70,0.8125103371,67341360.0000000000,42
4250,71,0.8120427765,67341360.0000000000,47
4250,72,0.8546962076,72102448.0000000000,42
4250,73,0.8719851521,72102448.0000000000,40
4250,74,0.8545514078,72102448.0000000000,55
4250,75,0.8533367595,72102448.0000000000,52
4250,76,0.8546697255,72102448.0000000000,43
4250,77,0.8129162616,67341360.0000000000,43
4250,78,0.8294056782,67341360.0000000000,40
4250,79,0.8121747555,67341360.0000000000,47
4250,80,0.7805291045,63170096.0000000000,35
4250,81,0.7668878563,63170096.0000000000,54
4250,82,0.7635545551,63170096.0000000000,53
4250,83,0.7648111856,63170096.0000000000,48
4250,84,0.7644559400,63170096.0000000000,50
4250,85,0.7214412773,58998832.0000000000,30
4250,86,0.7235709040,58998832.0000000000,27
4250,87,0.7232015587,58998832.0000000000,31
4250,88,0.7796600221,63170096.0000000000,37
4250,89,0.7777178099,63170096.0000000000,39
4250,90,0.7791739701,63170096.0000000000,29
4250,91,0.7826313500,63170096.0000000000,34
4250,92,0.7796729215,63170096.0000000000,38
4250,93,0.7234508270,58998832.0000000000,27
4250,94,0.7203086318,58998832.0000000000,25
4250,95,0.7229314881,58998832.0000000000,31
4250,96,0.7651463374,63170096.0000000000,49
4250,97,0.7800402521,63170096.0000000000,36
4250,98,0.7796237786,63170096.0000000000,33
4250,99,0.7662135374,63170096.0000000000,51
4250,100,0.7811283286,63170096.0000000000,32
4250,101,0.7217147303,58998832.0000000000,26
4250,102,0.7227719246,58998832.0000000000,24
4250,103,0.7254798047,58998832.0000000000,28
4250,104,0.7807940055,63170096.0000000000,32
4250,105,0.7794883480,63170096.0000000000,38
4250,106,0.7824099903,63170096.0000000000,34
4250,107,0.7647560904,63170096.0000000000,55
4250,108,0.7800829263,63170096.0000000000,36
4250,109,0.7215570495,58998832.0000000000,26
4250,110,0.7212780104,58998832.0000000000,30
4250,111,0.7226353615,58998832.0000000000,24
4250,112,0.7803631923,63170096.0000000000,35
4250,113,0.7644203721,63170096.0000000000,52
4250,114,0.7793641437,63170096.0000000000,33
4250,115,0.7775374145,63170096.0000000000,39
4250,116,0.7794741243,63170096.0000000000,37
4250,117,0.7210135776,58998832.0000000000,29
4250,118,0.7202527109,58998832.0000000000,25
4250,119,0.7251644212,58998832.0000000000,28
4300,0,0.1994778050,313716048.0000000000,27
4300,1,0.1953189750,307191904.0000000000,28
4300,2,0.1786908900,291943056.0000000000,25
4300,3,0.1763136680,290667648.0000000000,24
4300,4,0.1777026640,290691744.0000000000,26
4300,5,0.1804448330,283597776.0000000000,30
4300,6,0.3837259110,470028848.0000000000,31
4300,7,0.3652222460,455479360.0000000000,29
4300,8,0.5592168610,691941472.0000000000,2
4300,9,0.4962363030,623328512.0000000000,0
4300,10,0.4342602170,568669280.0000000000,4
4300,11,0.4237166570,557133872.0000000000,5
4300,12,0.4249659840,558286880.0000000000,11
4300,13,0.4281902450,550181376.0000000000,15
4300,14,0.4507947850,570996432.0000000000,17
4300,15,0.3836655070,526395760.0000000000,21
4300,16,0.4180481190,574894672.0000000000,1
4300,17,0.4612134960,606324880.0000000000,8
4300,18,0.5326320800,663360768.0000000000,10
4300,19,0.5362794660,673095904.0000000000,7
4300,20,0.5351371130,669968720.0000000000,14
4300,21,0.4683148770,593959760.0000000000,19
4300,22,0.3934184460,538160128.0000000000,23
4300,23,0.3902138830,536599264.0000000000,18
4300,24,0.4179816890,574153600.0000000000,13
4300,25,0.4187424710,575425552.0000000000,3
4300,26,0.4189890270,575413104.0000000000,9
4300,27,0.4269933430,583429168.0000000000,6
4300,28,0.4236268130,579878992.0000000000,12
4300,29,0.3909567550,537129008.0000000000,16
4300,30,0.3915919960,537076928.0000000000,20
4300,31,0.3903178910,535915664.0000000000,22
4300,32,0.2433031080,348609568.0000000000,33
4300,33,0.2444521310,350072688.0000000000,36
4300,34,0.2447724630,350044624.0000000000,34
4300,35,0.2446846130,350060144.0000000000,32
4300,36,0.2446575490,350024528.0000000000,35
4300,37,0.2290791470,326743312.0000000000,37
4300,38,0.2292060630,326806304.0000000000,38
4300,39,0.2277187370,325315872.0000000000,39
4300,40,0.0261737010,72102448.0000000000,45
4300,41,0.0261947610,72102448.0000000000,47
4300,42,0.0262720600,72102448.0000000000,54
4300,43,0.0261963530,72102448.0000000000,44
4300,44,0.0262522110,72102448.0000000000,54
4300,45,0.0248690450,67341360.0000000000,42
4300,46,0.0249287230,67341360.0000000000,41
4300,47,0.0248394360,67341360.0000000000,45
4300,48,0.0262552250,72102448.0000000000,51
4300,49,0.0262266020,72102448.0000000000,51
4300,50,0.0262012120,72102448.0000000000,49
4300,51,0.0262240570,72102448.0000000000,48
4300,52,0.0261905910,72102448.0000000000,50
4300,53,0.0248470140,67341360.0000000000,41
4300,54,0.0248655880,67341360.0000000000,44
4300,55,0.0248896480,67341360.0000000000,43
4300,56,0.0261740790,72102448.0000000000,48
4300,57,0.0261496040,72102448.0000000000,50
4300,58,0.0261840500,72102448.0000000000,49
4300,59,0.0261722360,72102448.0000000000,52
4300,60,0.0262334150,72102448.0000000000,53
4300,61,0.0248380230,67341360.0000000000,45
4300,62,0.0249271260,67341360.0000000000,46
4300,63,0.0248583630,67341360.0000000000,46
4300,64,0.0266946680,72102448.0000000000,40
4300,65,0.0262055530,72102448.0000000000,41
4300,66,0.0262043290,72102448.0000000000,55
4300,67,0.0261255160,72102448.0000000000,46
4300,68,0.0261983970,72102448.0000000000,53
4300,69,0.0248400870,67341360.0000000000,44
4300,70,0.0248943150,67341360.0000000000,42
4300,71,0.0248531720,67341360.0000000000,47
4300,72,0.0261672710,72102448.0000000000,42
4300,73,0.0266946280,72102448.0000000000,40
4300,74,0.0261863020,72102448.0000000000,55
4300,75,0.0261550640,72102448.0000000000,52
4300,76,0.0261718670,72102448.0000000000,43
4300,77,0.0248732350,67341360.0000000000,43
4300,78,0.0254082700,67341360.0000000000,40
4300,79,0.0248521710,67341360.0000000000,47
4300,80,0.0239135390,63170096.0000000000,35
4300,81,0.0235250590,63170096.0000000000,54
4300,82,0.0233855320,63170096.0000000000,53
4300,83,0.0234089480,63170096.0000000000,48
4300,84,0.0234330350,63170096.0000000000,50
4300,85,0.0220804700,58998832.0000000000,30
4300,86,0.0221402000,58998832.0000000000,27
4300,87,0.0221161170,58998832.0000000000,31
4300,88,0.0238641720,63170096.0000000000,37
4300,89,0.0237997170,63170096.0000000000,39
4300,90,0.0238678690,63170096.0000000000,29
4300,91,0.0239738880,63170096.0000000000,34
4300,92,0.0239000720,63170096.0000000000,38
4300,93,0.0221419890,58998832.0000000000,27
4300,94,0.0220714330,58998832.0000000000,25
4300,95,0.0221270480,58998832.0000000000,31
4300,96,0.0234562590,63170096.0000000000,49
4300,97,0.0239023950,63170096.0000000000,36
4300,98,0.0238538430,63170096.0000000000,33
4300,99,0.0234905980,63170096.0000000000,51
4300,100,0.0239142530,63170096.0000000000,32
4300,101,0.0220655720,58998832.0000000000,26
4300,102,0.0221278630,58998832.0000000000,24
4300,103,0.0222129050,58998832.0000000000,28
4300,104,0.0238909580,63170096.0000000000,32
4300,105,0.0238929470,63170096.0000000000,38
4300,106,0.0240021720,63170096.0000000000,34
4300,107,0.0234281210,63170096.0000000000,55
4300,108,0.0238787200,63170096.0000000000,36
4300,109,0.0220640280,58998832.0000000000,26
4300,110,0.0220512130,58998832.0000000000,30
4300,111,0.0221224320,58998832.0000000000,24
4300,112,0.0238594370,63170096.0000000000,35
4300,113,0.0234221210,63170096.0000000000,52
4300,114,0.0238664900,63170096.0000000000,33
4300,115,0.0237575630,63170096.0000000000,39
4300,116,0.0238747110,63170096.0000000000,37
4300,117,0.0220735750,58998832.0000000000,29
4300,118,0.0220365290,58998832.0000000000,25
4300,119,0.0222037980,58998832.0000000000,28
4350,0,6.4238459900,313062960.0000000000,27
4350,1,6.2819594032,306566432.0000000000,28
4350,2,5.7565462936,291710976.0000000000,25
4350,3,5.6800795123,290648048.0000000000,24
4350,4,5.7299015112,290714368.0000000000,26
4350,5,5.7964182754,283589472.0000000000,30
4350,6,11.9428984695,452075808.0000000000,31
4350,7,11.8780599917,461307888.0000000000,29
4350,8,17.9897098172,692654448.0000000000,2
4350,9,15.9190065925,622073024.0000000000,0
4350,10,13.9386516251,568119920.0000000000,4
4350,11,13.6045222760,556763856.0000000000,5
4350,12,13.6590251538,557804688.0000000000,11
4350,13,13.7037968403,547935296.0000000000,15
4350,14,14.5108124258,572631328.0000000000,17
4350,15,12.3451181494,526437456.0000000000,21
4350,16,13.4542040052,574883792.0000000000,1
4350,17,14.8821108941,608114192.0000000000,8
4350,18,17.1272696355,663819968.0000000000,10
4350,19,17.0978202863,666638496.0000000000,7
4350,20,17.0994422320,665244048.0000000000,14
4350,21,15.0913974476,595390784.0000000000,19
4350,22,12.6812339205,538734800.0000000000,23
4350,23,12.5612629666,536582976.0000000000,18
4350,24,13.4481223123,574122080.0000000000,13
4350,25,13.4737323602,575420640.0000000000,3
4350,26,13.4842306876,575413104.0000000000,9
4350,27,13.8767747088,590062816.0000000000,6
4350,28,13.7364060475,584895248.0000000000,12
4350,29,12.5815061309,537130176.0000000000,16
4350,30,12.6011753530,537076416.0000000000,20
4350,31,12.5631581487,535898352.0000000000,22
4350,32,7.8354039983,348597712.0000000000,33
4350,33,7.8736217204,350073248.0000000000,36
4350,34,7.8783496699,350042464.0000000000,34
4350,35,7.8798316767,350059856.0000000000,32
4350,36,7.8789654463,350020160.0000000000,35
4350,37,7.3792901070,326747712.0000000000,37
4350,38,7.3844511410,326809072.0000000000,38
4350,39,7.3360724305,325303456.0000000000,39
4350,40,0.8541307470,72102448.0000000000,45
4350,41,0.8556967652,72102448.0000000000,47
4350,42,0.8569369312,72102448.0000000000,54
4350,43,0.8538419104,72102448.0000000000,44
4350,44,0.8561326348,72102448.0000000000,54
4350,45,0.8135750894,67341360.0000000000,42
4350,46,0.8128531600,67341360.0000000000,41
4350,47,0.8113706601,67341360.0000000000,45
4350,48,0.8567093338,72102448.0000000000,51
4350,49,0.8556593334,72102448.0000000000,51
4350,50,0.8551038471,72102448.0000000000,49
4350,51,0.8548989891,72102448.0000000000,48
4350,52,0.8545121434,72102448.0000000000,50
4350,53,0.8123211830,67341360.0000000000,41
4350,54,0.8117408985,67341360.0000000000,44
4350,55,0.8137141294,67341360.0000000000,43
4350,56,0.8537900112,72102448.0000000000,48
4350,57,0.8535115643,72102448.0000000000,50
4350,58,0.8546095322,72102448.0000000000,49
4350,59,0.8545470150,72102448.0000000000,52
4350,60,0.8551098168,72102448.0000000000,53
4350,61,0.8113155362,67341360.0000000000,45
4350,62,0.8128698340,67341360.0000000000,46
4350,63,0.8119685981,67341360.0000000000,46
4350,64,0.8726004239,72102448.0000000000,40
4350,65,0.8551752387,72102448.0000000000,41
4350,66,0.8554329946,72102448.0000000000,55
4350,67,0.8535196667,72102448.0000000000,46
4350,68,0.8540945563,72102448.0000000000,53
4350,69,0.8115691543,67341360.0000000000,44
4350,70,0.8125822779,67341360.0000000000,42
4350,71,0.8119106728,67341360.0000000000,47
4350,72,0.8546500155,72102448.0000000000,42
4350,73,0.8720891377,72102448.0000000000,40
4350,74,0.8547750017,72102448.0000000000,55
4350,75,0.8536414032,72102448.0000000000,52
4350,76,0.8546774460,72102448.0000000000,43
4350,77,0.8130003953,67341360.0000000000,43
4350,78,0.8284850180,67341360.0000000000,40
4350,79,0.8119016168,67341360.0000000000,47
4350,80,0.7806050915,63170096.0000000000,35
4350,81,0.7668858827,63170096.0000000000,54
4350,82,0.7635253375,63170096.0000000000,53
4350,83,0.7647076640,63170096.0000000000,48
4350,84,0.7646837658,63170096.0000000000,50
4350,85,0.7212012218,58998832.0000000000,30
4350,86,0.7235758991,58998832.0000000000,27
4350,87,0.7231175501,58998832.0000000000,31
4350,88,0.7796816511,63170096.0000000000,37
4350,89,0.7777154248,63170096.0000000000,39
4350,90,0.7791627715,63170096.0000000000,29
4350,91,0.7827325440,63170096.0000000000,34
4350,92,0.7797210003,63170096.0000000000,38
4350,93,0.7234323069,58998832.0000000000,27
4350,94,0.7203578294,58998832.0000000000,25
4350,95,0.7232135317,58998832.0000000000,31
4350,96,0.7653089978,63170096.0000000000,49
4350,97,0.7797457822,63170096.0000000000,36
4350,98,0.7795839480,63170096.0000000000,33
4350,99,0.7661277176,63170096.0000000000,51
4350,100,0.7810230993,63170096.0000000000,32
4350,101,0.7217899923,58998832.0000000000,26
4350,102,0.7227074371,58998832.0000000000,24
4350,103,0.7256554167,58998832.0000000000,28
4350,104,0.7810100598,63170096.0000000000,32
4350,105,0.7795852742,63170096.0000000000,38
4350,106,0.7826385854,63170096.0000000000,34
4350,107,0.7648406353,63170096.0000000000,55
4350,108,0.7799433772,63170096.0000000000,36
4350,109,0.7215772385,58998832.0000000000,26
4350,110,0.7212620562,58998832.0000000000,30
4350,111,0.7225077881,58998832.0000000000,24
4350,112,0.7803957019,63170096.0000000000,35
4350,113,0.7646239456,63170096.0000000000,52
4350,114,0.7793859144,63170096.0000000000,33
4350,115,0.7777261616,63170096.0000000000,39
4350,116,0.7793977839,63170096.0000000000,37
4350,117,0.7214327282,58998832.0000000000,29
4350,118,0.7201574878,58998832.0000000000,25
4350,119,0.7252915204,58998832.0000000000,28
4400,0,0.1977373260,311897632.0000000000,27
4400,1,0.1918171240,303976512.0000000000,28
4400,2,0.1788497250,291257168.0000000000,25
4400,3,0.1760834290,290425392.0000000000,24
4400,4,0.1772143470,290430928.0000000000,26
4400,5,0.1787272200,282876896.0000000000,30
4400,6,0.3455616020,434833376.0000000000,31
4400,7,0.3769078170,465968144.0000000000,29
4400,8,0.5616868440,693272624.0000000000,2
4400,9,0.4967717210,622757504.0000000000,0
4400,10,0.4330467160,567805792.0000000000,4
4400,11,0.4233125340,556546720.0000000000,5
4400,12,0.4242662840,557522128.0000000000,11
4400,13,0.4235944790,546573168.0000000000,15
4400,14,0.4564592310,575545552.0000000000,17
4400,15,0.3847740120,526538032.0000000000,21
4400,16,0.4180502650,574862160.0000000000,1
4400,17,0.4669630160,610138144.0000000000,8
4400,18,0.5343756930,664235936.0000000000,10
4400,19,0.5239096420,660751264.0000000000,7
4400,20,0.5261748940,660716912.0000000000,14
4400,21,0.4722520510,596435968.0000000000,19
4400,22,0.3956744500,539396384.0000000000,23
4400,23,0.3903008490,536571344.0000000000,18
4400,24,0.4181379990,574095728.0000000000,13
4400,25,0.4186456170,575417520.0000000000,3
4400,26,0.4191488710,575416352.0000000000,9
4400,27,0.4405620290,595758688.0000000000,6
4400,28,0.4342398730,589346800.0000000000,12
4400,29,0.3910645410,537130944.0000000000,16
4400,30,0.3915256380,537076384.0000000000,20
4400,31,0.3903754860,535878672.0000000000,22
4400,32,0.2432386720,348582384.0000000000,33
4400,33,0.2446472680,350075008.0000000000,36
4400,34,0.2446547870,350037616.0000000000,34
4400,35,0.2446430920,350058880.0000000000,32
4400,36,0.2446196370,350026464.0000000000,35
4400,37,0.2290803870,326744848.0000000000,37
4400,38,0.2294136260,326810880.0000000000,38
4400,39,0.2278049310,325284080.0000000000,39
4400,40,0.0261857130,72102448.0000000000,45
4400,41,0.0262034370,72102448.0000000000,47
4400,42,0.0262496850,72102448.0000000000,54
4400,43,0.0261328610,72102448.0000000000,44
4400,44,0.0261899090,72102448.0000000000,54
4400,45,0.0249693990,67341360.0000000000,42
4400,46,0.0248714800,67341360.0000000000,41
4400,47,0.0248641450,67341360.0000000000,45
4400,48,0.0261731470,72102448.0000000000,51
4400,49,0.0262403560,72102448.0000000000,51
4400,50,0.0262160710,72102448.0000000000,49
4400,51,0.0261820560,72102448.0000000000,48
4400,52,0.0261663850,72102448.0000000000,50
4400,53,0.0248912500,67341360.0000000000,41
4400,54,0.0248782620,67341360.0000000000,44
4400,55,0.0248792860,67341360.0000000000,43
4400,56,0.0261528300,72102448.0000000000,48
4400,57,0.0261532090,72102448.0000000000,50
4400,58,0.0261765940,72102448.0000000000,49
4400,59,0.0261872340,72102448.0000000000,52
4400,60,0.0261707520,72102448.0000000000,53
4400,61,0.0248723510,67341360.0000000000,45
4400,62,0.0249138010,67341360.0000000000,46
4400,63,0.0248892440,67341360.0000000000,46
4400,64,0.0267049770,72102448.0000000000,40
4400,65,0.0261742630,72102448.0000000000,41
4400,66,0.0262077450,72102448.0000000000,55
4400,67,0.0261139930,72102448.0000000000,46
4400,68,0.0261265090,72102448.0000000000,53
4400,69,0.0248885220,67341360.0000000000,44
4400,70,0.0249060160,67341360.0000000000,42
4400,71,0.0248903260,67341360.0000000000,47
4400,72,0.0261519180,72102448.0000000000,42
4400,73,0.0266667450,72102448.0000000000,40
4400,74,0.0261813530,72102448.0000000000,55
4400,75,0.0261466770,72102448.0000000000,52
4400,76,0.0261995740,72102448.0000000000,43
4400,77,0.0248664600,67341360.0000000000,43
4400,78,0.0253384730,67341360.0000000000,40
4400,79,0.0248556270,67341360.0000000000,47
4400,80,0.0239018910,63170096.0000000000,35
4400,81,0.0234991190,63170096.0000000000,54
4400,82,0.0233441490,63170096.0000000000,53
4400,83,0.0234021230,63170096.0000000000,48
4400,84,0.0234408080,63170096.0000000000,50
4400,85,0.0220891450,58998832.0000000000,30
4400,86,0.0221865960,58998832.0000000000,27
4400,87,0.0221591490,58998832.0000000000,31
4400,88,0.0238797010,63170096.0000000000,37
4400,89,0.0238280410,63170096.0000000000,39
4400,90,0.0238729010,63170096.0000000000,29
4400,91,0.0239600500,63170096.0000000000,34
4400,92,0.0238150670,63170096.0000000000,38
4400,93,0.0221441440,58998832.0000000000,27
4400,94,0.0220825540,58998832.0000000000,25
4400,95,0.0221260670,58998832.0000000000,31
4400,96,0.0234213740,63170096.0000000000,49
4400,97,0.0238469370,63170096.0000000000,36
4400,98,0.0238672420,63170096.0000000000,33
4400,99,0.0234803560,63170096.0000000000,51
4400,100,0.0238814590,63170096.0000000000,32
4400,101,0.0220933970,58998832.0000000000,26
4400,102,0.0221213500,58998832.0000000000,24
4400,103,0.0222169210,58998832.0000000000,28
4400,104,0.0239656320,63170096.0000000000,32
4400,105,0.0238710750,63170096.0000000000,38
4400,106,0.0239475480,63170096.0000000000,34
4400,107,0.0233913300,63170096.0000000000,55
4400,108,0.0239032850,63170096.0000000000,36
4400,109,0.0220895890,58998832.0000000000,26
4400,110,0.0220805290,58998832.0000000000,30
4400,111,0.0220822950,58998832.0000000000,24
4400,112,0.0238860170,63170096.0000000000,35
4400,113,0.0233796380,63170096.0000000000,52
4400,114,0.0238341480,63170096.0000000000,33
4400,115,0.0238293130,63170096.0000000000,39
4400,116,0.0238748200,63170096.0000000000,37
4400,117,0.0220435150,58998832.0000000000,29
4400,118,0.0220867540,58998832.0000000000,25
4400,119,0.0222141670,58998832.0000000000,28
4450,0,6.3467833124,310567280.0000000000,27
4450,1,6.1351394082,302288128.0000000000,28
4450,2,5.7245424933,290820064.0000000000,25
4450,3,5.6724209436,290189488.0000000000,24
4450,4,5.6648830855,290267568.0000000000,26
4450,5,5.7715128401,282985152.0000000000,30
4450,6,10.9051733172,424424016.0000000000,31
4450,7,12.2044879308,469624096.0000000000,29
4450,8,18.0762001578,693794896.0000000000,2
4450,9,15.9536617576,622625456.0000000000,0
4450,10,13.9125714850,567348896.0000000000,4
4450,11,13.6121462033,556375968.0000000000,5
4450,12,13.6557207936,557354512.0000000000,11
4450,13,13.5968546194,545385488.0000000000,15
4450,14,14.7048025431,576577360.0000000000,17
4450,15,12.3895961973,526670752.0000000000,21
4450,16,13.4529992743,574837312.0000000000,1
4450,17,15.0636161164,612092432.0000000000,8
4450,18,17.1897786199,664836480.0000000000,10
4450,19,16.7279785139,655880688.0000000000,7
4450,20,16.8184601676,656931888.0000000000,14
4450,21,15.2045925634,597231728.0000000000,19
4450,22,12.7571095710,540140848.0000000000,23
4450,23,12.5609488527,536551984.0000000000,18
4450,24,13.4483037083,574072944.0000000000,13
4450,25,13.4736454376,575413280.0000000000,3
4450,26,13.4852322725,575423408.0000000000,9
4450,27,14.2881944429,600849424.0000000000,6
4450,28,14.0597003613,593286960.0000000000,12
4450,29,12.5822351027,537130288.0000000000,16
4450,30,12.6006780059,537075184.0000000000,20
4450,31,12.5636127226,535865520.0000000000,22
4450,32,7.8346871750,348567200.0000000000,33
4450,33,7.8738655882,350079408.0000000000,36
4450,34,7.8784822002,350036688.0000000000,34
4450,35,7.8797552823,350063392.0000000000,32
4450,36,7.8796455529,350029968.0000000000,35
4450,37,7.3788813842,326746128.0000000000,37
4450,38,7.3839116923,326810112.0000000000,38
4450,39,7.3359413429,325265168.0000000000,39
4450,40,0.8542443741,72102448.0000000000,45
4450,41,0.8556262768,72102448.0000000000,47
4450,42,0.8569575009,72102448.0000000000,54
4450,43,0.8538464600,72102448.0000000000,44
4450,44,0.8559510012,72102448.0000000000,54
4450,45,0.8136078396,67341360.0000000000,42
4450,46,0.8128730573,67341360.0000000000,41
4450,47,0.8111457883,67341360.0000000000,45
4450,48,0.8564539016,72102448.0000000000,51
4450,49,0.8557317509,72102448.0000000000,51
4450,50,0.8551246476,72102448.0000000000,49
4450,51,0.8549618402,72102448.0000000000,48
4450,52,0.8544370164,72102448.0000000000,50
4450,53,0.8122421674,67341360.0000000000,41
4450,54,0.8117333729,67341360.0000000000,44
4450,55,0.8138574139,67341360.0000000000,43
4450,56,0.8538153157,72102448.0000000000,48
4450,57,0.8535445935,72102448.0000000000,50
4450,58,0.8544312910,72102448.0000000000,49
4450,59,0.8545442745,72102448.0000000000,52
4450,60,0.8552505412,72102448.0000000000,53
4450,61,0.8110066835,67341360.0000000000,45
4450,62,0.8127342616,67341360.0000000000,46
4450,63,0.8120862361,67341360.0000000000,46
4450,64,0.8726924583,72102448.0000000000,40
4450,65,0.8549974632,72102448.0000000000,41
4450,66,0.8556234493,72102448.0000000000,55
4450,67,0.8534005114,72102448.0000000000,46
4450,68,0.8543690188,72102448.0000000000,53
4450,69,0.8113810900,67341360.0000000000,44
4450,70,0.8124817315,67341360.0000000000,42
4450,71,0.8119874870,67341360.0000000000,47
4450,72,0.8542853638,72102448.0000000000,42
4450,73,0.8721493166,72102448.0000000000,40
4450,74,0.8546178320,72102448.0000000000,55
4450,75,0.8538964734,72102448.0000000000,52
4450,76,0.8546213610,72102448.0000000000,43
4450,77,0.8129270412,67341360.0000000000,43
4450,78,0.8287088858,67341360.0000000000,40
4450,79,0.8119999527,67341360.0000000000,47
4450,80,0.7804182196,63170096.0000000000,35
4450,81,0.7668535330,63170096.0000000000,54
4450,82,0.7634743862,63170096.0000000000,53
4450,83,0.7648943978,63170096.0000000000,48
4450,84,0.7645886269,63170096.0000000000,50
4450,85,0.7211681134,58998832.0000000000,30
4450,86,0.7236663738,58998832.0000000000,27
4450,87,0.7234528407,58998832.0000000000,31
4450,88,0.7797591407,63170096.0000000000,37
4450,89,0.7777006390,63170096.0000000000,39
4450,90,0.7792319790,63170096.0000000000,29
4450,91,0.7825996312,63170096.0000000000,34
4450,92,0.7796207502,63170096.0000000000,38
4450,93,0.7232356371,58998832.0000000000,27
4450,94,0.7202522031,58998832.0000000000,25
4450,95,0.7228683672,58998832.0000000000,31
4450,96,0.7653000852,63170096.0000000000,49
4450,97,0.7797619758,63170096.0000000000,36
4450,98,0.7796379163,63170096.0000000000,33
4450,99,0.7660963352,63170096.0000000000,51
4450,100,0.7809630297,63170096.0000000000,32
4450,101,0.7217681961,58998832.0000000000,26
4450,102,0.7227903443,58998832.0000000000,24
4450,103,0.7255107573,58998832.0000000000,28
4450,104,0.7810708636,63170096.0000000000,32
4450,105,0.7795814748,63170096.0000000000,38
4450,106,0.7825205467,63170096.0000000000,34
4450,107,0.7646263464,63170096.0000000000,55
4450,108,0.7799655409,63170096.0000000000,36
4450,109,0.7218032002,58998832.0000000000,26
4450,110,0.7211886392,58998832.0000000000,30
4450,111,0.7225407447,58998832.0000000000,24
4450,112,0.7804826325,63170096.0000000000,35
4450,113,0.7642140017,63170096.0000000000,52
4450,114,0.7792405202,63170096.0000000000,33
4450,115,0.7776816545,63170096.0000000000,39
4450,116,0.7794649071,63170096.0000000000,37
4450,117,0.7212163286,58998832.0000000000,29
4450,118,0.7204319257,58998832.0000000000,25
4450,119,0.7252072230,58998832.0000000000,28
4500,0,0.1946082860,309227952.0000000000,27
4500,1,0.1901844470,301846992.0000000000,28
4500,2,0.1771194710,290588000.0000000000,25
4500,3,0.1757564320,290203424.0000000000,24
4500,4,0.1765484760,290239984.0000000000,26
4500,5,0.1812474030,284037136.0000000000,30
4500,6,0.3317661450,419415216.0000000000,31
4500,7,0.3830278510,470748992.0000000000,29
4500,8,0.5636560250,694094560.0000000000,2
4500,9,0.4954954640,621172416.0000000000,0
4500,10,0.4319893110,566361968.0000000000,4
4500,11,0.4234059040,555731392.0000000000,5
4500,12,0.4244386980,556920048.0000000000,11
4500,13,0.4211070630,543977184.0000000000,15
4500,14,0.4582116510,576283328.0000000000,17
4500,15,0.3857889650,526812016.0000000000,21
4500,16,0.4180063680,574825472.0000000000,1
4500,17,0.4723947590,614060608.0000000000,8
4500,18,0.5363120150,665266816.0000000000,10
4500,19,0.5143983360,651374208.0000000000,7
4500,20,0.5182714540,653269568.0000000000,14
4500,21,0.4751306620,597862512.0000000000,19
4500,22,0.3984533620,540955424.0000000000,23
4500,23,0.3904042940,536530176.0000000000,18
4500,24,0.4177361000,574041856.0000000000,13
4500,25,0.4187805250,575410272.0000000000,3
4500,26,0.4200558880,575854496.0000000000,9
4500,27,0.4519096090,605452176.0000000000,6
4500,28,0.4431832590,596917664.0000000000,12
4500,29,0.3910599100,537130608.0000000000,16
4500,30,0.3914505130,537070816.0000000000,20
4500,31,0.3903754520,535846336.0000000000,22
4500,32,0.2432919250,348547232.0000000000,33
4500,33,0.2444583570,350081040.0000000000,36
4500,34,0.2445685170,350034592.0000000000,34
4500,35,0.2446247540,350062544.0000000000,32
4500,36,0.2446491930,350032384.0000000000,35
4500,37,0.2291782610,326745264.0000000000,37
4500,38,0.2293661270,326814224.0000000000,38
4500,39,0.2277788460,325247856.0000000000,39
4500,40,0.0261504030,72102448.0000000000,45
4500,41,0.0262258510,72102448.0000000000,47
4500,42,0.0262541830,72102448.0000000000,54
4500,43,0.0261299950,72102448.0000000000,44
4500,44,0.0261869750,72102448.0000000000,54
4500,45,0.0249471480,67341360.0000000000,42
4500,46,0.0249716250,67341360.0000000000,41
4500,47,0.0248607590,67341360.0000000000,45
4500,48,0.0262273940,72102448.0000000000,51
4500,49,0.0262447460,72102448.0000000000,51
4500,50,0.0261744500,72102448.0000000000,49
4500,51,0.0262117040,72102448.0000000000,48
4500,52,0.0261766450,72102448.0000000000,50
4500,53,0.0248816590,67341360.0000000000,41
4500,54,0.0248805850,67341360.0000000000,44
4500,55,0.0249567490,67341360.0000000000,43
4500,56,0.0261368090,72102448.0000000000,48
4500,57,0.0261236630,72102448.0000000000,50
4500,58,0.0261252660,72102448.0000000000,49
4500,59,0.0261946190,72102448.0000000000,52
4500,60,0.0261763130,72102448.0000000000,53
4500,61,0.0248557690,67341360.0000000000,45
4500,62,0.0248949650,67341360.0000000000,46
4500,63,0.0248981890,67341360.0000000000,46
4500,64,0.0267132370,72102448.0000000000,40
4500,65,0.0261848340,72102448.0000000000,41
4500,66,0.0261807720,72102448.0000000000,55
4500,67,0.0261139050,72102448.0000000000,46
4500,68,0.0261281600,72102448.0000000000,53
4500,69,0.0248687730,67341360.0000000000,44
4500,70,0.0248660910,67341360.0000000000,42
4500,71,0.0248839930,67341360.0000000000,47
4500,72,0.0262009940,72102448.0000000000,42
4500,73,0.0267214600,72102448.0000000000,40
4500,74,0.0261623170,72102448.0000000000,55
4500,75,0.0261469870,72102448.0000000000,52
4500,76,0.0261582400,72102448.0000000000,43
4500,77,0.0249050370,67341360.0000000000,43
4500,78,0.0254073870,67341360.0000000000,40
4500,79,0.0248484750,67341360.0000000000,47
4500,80,0.0239301230,63170096.0000000000,35
4500,81,0.0234902020,63170096.0000000000,54
4500,82,0.0233795470,63170096.0000000000,53
4500,83,0.0233862140,63170096.0000000000,48
4500,84,0.0234132170,63170096.0000000000,50
4500,85,0.0220878220,58998832.0000000000,30
4500,86,0.0221729010,58998832.0000000000,27
4500,87,0.0221426360,58998832.0000000000,31
4500,88,0.0238567540,63170096.0000000000,37
4500,89,0.0237900770,63170096.0000000000,39
4500,90,0.0238655400,63170096.0000000000,29
4500,91,0.0239436400,63170096.0000000000,34
4500,92,0.0239240760,63170096.0000000000,38
4500,93,0.0221713970,58998832.0000000000,27
4500,94,0.0219946060,58998832.0000000000,25
4500,95,0.0221074090,58998832.0000000000,31
4500,96,0.0234512810,63170096.0000000000,49
4500,97,0.0238932870,63170096.0000000000,36
4500,98,0.0238649160,63170096.0000000000,33
4500,99,0.0234594860,63170096.0000000000,51
4500,100,0.0239203630,63170096.0000000000,32
4500,101,0.0221146390,58998832.0000000000,26
4500,102,0.0221479310,58998832.0000000000,24
4500,103,0.0222039160,58998832.0000000000,28
4500,104,0.0239195230,63170096.0000000000,32
4500,105,0.0238518360,63170096.0000000000,38
4500,106,0.0239643100,63170096.0000000000,34
4500,107,0.0234390320,63170096.0000000000,55
4500,108,0.0238732480,63170096.0000000000,36
4500,109,0.0221020030,58998832.0000000000,26
4500,110,0.0220662900,58998832.0000000000,30
4500,111,0.0220926170,58998832.0000000000,24
4500,112,0.0238901880,63170096.0000000000,35
4500,113,0.0233975720,63170096.0000000000,52
4500,114,0.0238456420,63170096.0000000000,33
4500,115,0.0238130720,63170096.0000000000,39
4500,116,0.0238751710,63170096.0000000000,37
4500,117,0.0221079720,58998832.0000000000,29
4500,118,0.0220541710,58998832.0000000000,25
4500,119,0.0222097460,58998832.0000000000,28
4550,0,6.2615636970,308158048.0000000000,27
4550,1,6.1346109573,302132096.0000000000,28
4550,2,5.7279124483,290592704.0000000000,25
4550,3,5.6694052677,290247056.0000000000,24
4550,4,5.6934731622,290307056.0000000000,26
4550,5,5.8527596789,285133168.0000000000,30
4550,6,10.6323912453,418320208.0000000000,31
4550,7,12.3018244068,469578768.0000000000,29
4550,8,18.1238487994,694419760.0000000000,2
4550,9,15.8529720316,618604000.0000000000,0
4550,10,13.8562935616,565320256.0000000000,4
4550,11,13.6106924095,555283024.0000000000,5
4550,12,13.6418120106,556501040.0000000000,11
4550,13,13.5060747678,542682816.0000000000,15
4550,14,14.7005623681,575246464.0000000000,17
4550,15,12.4015523651,526953712.0000000000,21
4550,16,13.4531759013,574802576.0000000000,1
4550,17,15.2593560796,616719152.0000000000,8
4550,18,17.2342670259,665068992.0000000000,10
4550,19,16.3622719342,644540896.0000000000,7
4550,20,16.5607268313,649267488.0000000000,14
4550,21,15.2846288867,598442560.0000000000,19
4550,22,12.8460425093,541758352.0000000000,23
4550,23,12.5603675390,536505312.0000000000,18
4550,24,13.4479138499,574015120.0000000000,13
4550,25,13.4759798880,575411760.0000000000,3
4550,26,13.5385784751,576861040.0000000000,9
4550,27,14.6983971847,612679312.0000000000,6
4550,28,14.3517975193,601449296.0000000000,12
4550,29,12.5830603317,537131072.0000000000,16
4550,30,12.6004712194,537069552.0000000000,20
4550,31,12.5618028910,535833200.0000000000,22
4550,32,7.8341813249,348530016.0000000000,33
4550,33,7.8736428222,350082480.0000000000,36
4550,34,7.8785149490,350034656.0000000000,34
4550,35,7.8799251004,350064288.0000000000,32
4550,36,7.8800351480,350031024.0000000000,35
4550,37,7.3792201655,326746976.0000000000,37
4550,38,7.3837121709,326813536.0000000000,38
4550,39,7.3350438308,325232112.0000000000,39
4550,40,0.8542722271,72102448.0000000000,45
4550,41,0.8556853042,72102448.0000000000,47
4550,42,0.8570008612,72102448.0000000000,54
4550,43,0.8538329484,72102448.0000000000,44
4550,44,0.8561084550,72102448.0000000000,54
4550,45,0.8137174528,67341360.0000000000,42
4550,46,0.8128928347,67341360.0000000000,41
4550,47,0.8111886444,67341360.0000000000,45
4550,48,0.8564638425,72102448.0000000000,51
4550,49,0.8555581772,72102448.0000000000,51
4550,50,0.8553274401,72102448.0000000000,49
4550,51,0.8548035904,72102448.0000000000,48
4550,52,0.8542647202,72102448.0000000000,50
4550,53,0.8126262405,67341360.0000000000,41
4550,54,0.8118758019,67341360.0000000000,44
4550,55,0.8137983974,67341360.0000000000,43
4550,56,0.8539100975,72102448.0000000000,48
4550,57,0.8538291598,72102448.0000000000,50
4550,58,0.8545391544,72102448.0000000000,49
4550,59,0.8546070549,72102448.0000000000,52
4550,60,0.8552342804,72102448.0000000000,53
4550,61,0.8114007223,67341360.0000000000,45
4550,62,0.8127162268,67341360.0000000000,46
4550,63,0.8120406545,67341360.0000000000,46
4550,64,0.8726189504,72102448.0000000000,40
4550,65,0.8548885250,72102448.0000000000,41
4550,66,0.8555280579,72102448.0000000000,55
4550,67,0.8532645407,72102448.0000000000,46
4550,68,0.8541067853,72102448.0000000000,53
4550,69,0.8116824570,67341360.0000000000,44
4550,70,0.8125204745,67341360.0000000000,42
4550,71,0.8118351973,67341360.0000000000,47
4550,72,0.8544038222,72102448.0000000000,42
4550,73,0.8720937420,72102448.0000000000,40
4550,74,0.8547889398,72102448.0000000000,55
4550,75,0.8534551289,72102448.0000000000,52
4550,76,0.8546128289,72102448.0000000000,43
4550,77,0.8128590178,67341360.0000000000,43
4550,78,0.8292128310,67341360.0000000000,40
4550,79,0.8120940045,67341360.0000000000,47
4550,80,0.7806315687,63170096.0000000000,35
4550,81,0.7670906848,63170096.0000000000,54
4550,82,0.7638213308,63170096.0000000000,53
4550,83,0.7647506303,63170096.0000000000,48
4550,84,0.7646446565,63170096.0000000000,50
4550,85,0.7212465785,58998832.0000000000,30
4550,86,0.7235085025,58998832.0000000000,27
4550,87,0.7232453570,58998832.0000000000,31
4550,88,0.7794911565,63170096.0000000000,37
4550,89,0.7776213707,63170096.0000000000,39
4550,90,0.7793129021,63170096.0000000000,29
4550,91,0.7823428723,63170096.0000000000,34
4550,92,0.7798083345,63170096.0000000000,38
4550,93,0.7234168511,58998832.0000000000,27
4550,94,0.7201891549,58998832.0000000000,25
4550,95,0.7228525310,58998832.0000000000,31
4550,96,0.7652685554,63170096.0000000000,49
4550,97,0.7800769225,63170096.0000000000,36
4550,98,0.7794310274,63170096.0000000000,33
4550,99,0.7668391644,63170096.0000000000,51
4550,100,0.7811793276,63170096.0000000000,32
4550,101,0.7216874472,58998832.0000000000,26
4550,102,0.7226626453,58998832.0000000000,24
4550,103,0.7255002351,58998832.0000000000,28
4550,104,0.7810495666,63170096.0000000000,32
4550,105,0.7797085095,63170096.0000000000,38
4550,106,0.7826834247,63170096.0000000000,34
4550,107,0.7647751409,63170096.0000000000,55
4550,108,0.7801101543,63170096.0000000000,36
4550,109,0.7215633740,58998832.0000000000,26
4550,110,0.7212286592,58998832.0000000000,30
4550,111,0.7226597676,58998832.0000000000,24
4550,112,0.7805765498,63170096.0000000000,35
4550,113,0.7640420456,63170096.0000000000,52
4550,114,0.7792301553,63170096.0000000000,33
4550,115,0.7776247792,63170096.0000000000,39
4550,116,0.7793613940,63170096.0000000000,37
4550,117,0.7213406229,58998832.0000000000,29
4550,118,0.7203679149,58998832.0000000000,25
4550,119,0.7254682114,58998832.0000000000,28
4600,0,0.1931559930,307161440.0000000000,27
4600,1,0.1903931040,302452032.0000000000,28
4600,2,0.1772685620,290747520.0000000000,25
4600,3,0.1763453060,290266640.0000000000,24
4600,4,0.1760871150,290289104.0000000000,26
4600,5,0.1814282150,284803840.0000000000,30
4600,6,0.3300860740,418043744.0000000000,31
4600,7,0.3772504380,465914688.0000000000,29
4600,8,0.5642014860,694844688.0000000000,2
4600,9,0.4877563900,615033648.0000000000,0
4600,10,0.4292408060,564305088.0000000000,4
4600,11,0.4228030330,554768336.0000000000,5
4600,12,0.4243660360,556137312.0000000000,11
4600,13,0.4197734100,542460784.0000000000,15
4600,14,0.4564396420,574138272.0000000000,17
4600,15,0.3851527360,527073696.0000000000,21
4600,16,0.4181375870,574787600.0000000000,1
4600,17,0.4803109170,619545584.0000000000,8
4600,18,0.5357938190,664317296.0000000000,10
4600,19,0.5028013180,640108160.0000000000,7
4600,20,0.5091556110,644971024.0000000000,14
4600,21,0.4773132130,598969296.0000000000,19
4600,22,0.4015346160,542550640.0000000000,23
4600,23,0.3902027030,536487280.0000000000,18
4600,24,0.4178811350,573989840.0000000000,13
4600,25,0.4187842510,575411504.0000000000,3
4600,26,0.4228999180,578134480.0000000000,9
4600,27,0.4648353920,616790272.0000000000,6
4600,28,0.4534636530,605544688.0000000000,12
4600,29,0.3912154480,537131744.0000000000,16
4600,30,0.3915280860,537068272.0000000000,20
4600,31,0.3902867820,535812048.0000000000,22
4600,32,0.2432236940,348509344.0000000000,33
4600,33,0.2444513760,350082720.0000000000,36
4600,34,0.2446683290,350038384.0000000000,34
4600,35,0.2446446460,350061728.0000000000,32
4600,36,0.2446714680,350029520.0000000000,35
4600,37,0.2292671570,326747072.0000000000,37
4600,38,0.2292119090,326815216.0000000000,38
4600,39,0.2277085630,325213744.0000000000,39
4600,40,0.0261382310,72102448.0000000000,45
4600,41,0.0261934780,72102448.0000000000,47
4600,42,0.0262747430,72102448.0000000000,54
4600,43,0.0262038650,72102448.0000000000,44
4600,44,0.0261804150,72102448.0000000000,54
4600,45,0.0249143610,67341360.0000000000,42
4600,46,0.0249084030,67341360.0000000000,41
4600,47,0.0248942310,67341360.0000000000,45
4600,48,0.0261878190,72102448.0000000000,51
4600,49,0.0261888100,72102448.0000000000,51
4600,50,0.0261941290,72102448.0000000000,49
4600,51,0.0261290240,72102448.0000000000,48
4600,52,0.0261966250,72102448.0000000000,50
4600,53,0.0248509920,67341360.0000000000,41
4600,54,0.0248739240,67341360.0000000000,44
4600,55,0.0249216270,67341360.0000000000,43
4600,56,0.0261414650,72102448.0000000000,48
4600,57,0.0261613040,72102448.0000000000,50
4600,58,0.0262085580,72102448.0000000000,49
4600,59,0.0261836370,72102448.0000000000,52
4600,60,0.0261689680,72102448.0000000000,53
4600,61,0.0248878800,67341360.0000000000,45
4600,62,0.0249349930,67341360.0000000000,46
4600,63,0.0248665320,67341360.0000000000,46
4600,64,0.0267404080,72102448.0000000000,40
4600,65,0.0262189180,72102448.0000000000,41
4600,66,0.0261944290,72102448.0000000000,55
4600,67,0.0261806930,72102448.0000000000,46
4600,68,0.0261768440,72102448.0000000000,53
4600,69,0.0248383050,67341360.0000000000,44
4600,70,0.0248758220,67341360.0000000000,42
4600,71,0.0248405400,67341360.0000000000,47
4600,72,0.0261619970,72102448.0000000000,42
4600,73,0.0267166430,72102448.0000000000,40
4600,74,0.0261765670,72102448.0000000000,55
4600,75,0.0261991790,72102448.0000000000,52
4600,76,0.0261653340,72102448.0000000000,43
4600,77,0.0249103370,67341360.0000000000,43
4600,78,0.0253816580,67341360.0000000000,40
4600,79,0.0248680920,67341360.0000000000,47
4600,80,0.0239126170,63170096.0000000000,35
4600,81,0.0234805020,63170096.0000000000,54
4600,82,0.0234014090,63170096.0000000000,53
4600,83,0.0234421230,63170096.0000000000,48
4600,84,0.0234443460,63170096.0000000000,50
4600,85,0.0220620930,58998832.0000000000,30
4600,86,0.0221138350,58998832.0000000000,27
4600,87,0.0221616060,58998832.0000000000,31
4600,88,0.0238580870,63170096.0000000000,37
4600,89,0.0238501110,63170096.0000000000,39
4600,90,0.0238218570,63170096.0000000000,29
4600,91,0.0239308430,63170096.0000000000,34
4600,92,0.0239399670,63170096.0000000000,38
4600,93,0.0221397660,58998832.0000000000,27
4600,94,0.0220518650,58998832.0000000000,25
4600,95,0.0221595220,58998832.0000000000,31
4600,96,0.0234472720,63170096.0000000000,49
4600,97,0.0239074240,63170096.0000000000,36
4600,98,0.0238530020,63170096.0000000000,33
4600,99,0.0234678620,63170096.0000000000,51
4600,100,0.0239293700,63170096.0000000000,32
4600,101,0.0221355050,58998832.0000000000,26
4600,102,0.0221310790,58998832.0000000000,24
4600,103,0.0222278040,58998832.0000000000,28
4600,104,0.0239041200,63170096.0000000000,32
4600,105,0.0238577300,63170096.0000000000,38
4600,106,0.0239513850,63170096.0000000000,34
4600,107,0.0234324300,63170096.0000000000,55
4600,108,0.0238947220,63170096.0000000000,36
4600,109,0.0221081060,58998832.0000000000,26
4600,110,0.0220342490,58998832.0000000000,30
4600,111,0.0221570310,58998832.0000000000,24
4600,112,0.0238844230,63170096.0000000000,35
4600,113,0.0233893280,63170096.0000000000,52
4600,114,0.0238384730,63170096.0000000000,33
4600,115,0.0238001460,63170096.0000000000,39
4600,116,0.0238681280,63170096.0000000000,37
4600,117,0.0220495560,58998832.0000000000,29
4600,118,0.0220410760,58998832.0000000000,25
4600,119,0.0221810940,58998832.0000000000,28
4650,0,6.2150651859,306413840.0000000000,27
4650,1,6.1251634674,301790480.0000000000,28
4650,2,5.7061703252,290666144.0000000000,25
4650,3,5.6794327481,290180240.0000000000,24
4650,4,5.6711522785,290218864.0000000000,26
4650,5,5.8179813636,283549824.0000000000,30
4650,6,10.5644217833,416104128.0000000000,31
4650,7,12.0322590625,461302048.0000000000,29
4650,8,18.1597688235,695334848.0000000000,2
4650,9,15.6089436235,612925872.0000000000,0
4650,10,13.7840976556,563685472.0000000000,4
4650,11,13.5880369790,554401600.0000000000,5
4650,12,13.6421404523,555851328.0000000000,11
4650,13,13.4889353668,542715024.0000000000,15
4650,14,14.6921130791,575325648.0000000000,17
4650,15,12.4004565654,527107232.0000000000,21
4650,16,13.4602841719,574876000.0000000000,1
4650,17,15.5063420987,622240752.0000000000,8
4650,18,17.1730366566,662619488.0000000000,10
4650,19,15.9953337864,632472912.0000000000,7
4650,20,16.2303314192,638561744.0000000000,14
4650,21,15.3504365794,599422112.0000000000,19
4650,22,12.9356783712,543257920.0000000000,23
4650,23,12.5603416308,536473232.0000000000,18
4650,24,13.4475078843,573957872.0000000000,13
4650,25,13.4752932166,575411424.0000000000,3
4650,26,13.6574342366,580417040.0000000000,9
4650,27,15.1063611443,626868928.0000000000,6
4650,28,14.7222271686,614085920.0000000000,12
4650,29,12.5827017862,537140480.0000000000,16
4650,30,12.6014700537,537065744.0000000000,20
4650,31,12.5623202935,535786784.0000000000,22
4650,32,7.8324618807,348493184.0000000000,33
4650,33,7.8733624845,350080240.0000000000,36
4650,34,7.8784886549,350043792.0000000000,34
4650,35,7.8802505640,350056752.0000000000,32
4650,36,7.8797043095,350025200.0000000000,35
4650,37,7.3786689601,326747360.0000000000,37
4650,38,7.3846435124,326820448.0000000000,38
4650,39,7.3335551036,325199632.0000000000,39
4650,40,0.8540215310,72102448.0000000000,45
4650,41,0.8558514884,72102448.0000000000,47
4650,42,0.8569812146,72102448.0000000000,54
4650,43,0.8540983692,72102448.0000000000,44
4650,44,0.8559477285,72102448.0000000000,54
4650,45,0.8140131474,67341360.0000000000,42
4650,46,0.8130684100,67341360.0000000000,41
4650,47,0.8112917003,67341360.0000000000,45
4650,48,0.8565112951,72102448.0000000000,51
4650,49,0.8555233526,72102448.0000000000,51
4650,50,0.8550826457,72102448.0000000000,49
4650,51,0.8549539440,72102448.0000000000,48
4650,52,0.8547150879,72102448.0000000000,50
4650,53,0.8122083190,67341360.0000000000,41
4650,54,0.8117981480,67341360.0000000000,44
4650,55,0.8139504753,67341360.0000000000,43
4650,56,0.8538529551,72102448.0000000000,48
4650,57,0.8535423109,72102448.0000000000,50
4650,58,0.8542652753,72102448.0000000000,49
4650,59,0.8543702481,72102448.0000000000,52
4650,60,0.8552475225,72102448.0000000000,53
4650,61,0.8111694924,67341360.0000000000,45
4650,62,0.8127012092,67341360.0000000000,46
4650,63,0.8119799220,67341360.0000000000,46
4650,64,0.8728868841,72102448.0000000000,40
4650,65,0.8550472721,72102448.0000000000,41
4650,66,0.8555021351,72102448.0000000000,55
4650,67,0.8537517773,72102448.0000000000,46
4650,68,0.8540444733,72102448.0000000000,53
4650,69,0.8114747643,67341360.0000000000,44
4650,70,0.8127759715,67341360.0000000000,42
4650,71,0.8120420558,67341360.0000000000,47
4650,72,0.8545330107,72102448.0000000000,42
4650,73,0.8720147232,72102448.0000000000,40
4650,74,0.8545434415,72102448.0000000000,55
4650,75,0.8533470821,72102448.0000000000,52
4650,76,0.8546094285,72102448.0000000000,43
4650,77,0.8129069374,67341360.0000000000,43
4650,78,0.8284105548,67341360.0000000000,40
4650,79,0.8118461325,67341360.0000000000,47
4650,80,0.7805939137,63170096.0000000000,35
4650,81,0.7668799437,63170096.0000000000,54
4650,82,0.7638083716,63170096.0000000000,53
4650,83,0.7650192891,63170096.0000000000,48
4650,84,0.7646285379,63170096.0000000000,50
4650,85,0.7212296419,58998832.0000000000,30
4650,86,0.7235422081,58998832.0000000000,27
4650,87,0.7232168759,58998832.0000000000,31
4650,88,0.7796614871,63170096.0000000000,37
4650,89,0.7776887757,63170096.0000000000,39
4650,90,0.7792629927,63170096.0000000000,29
4650,91,0.7826350718,63170096.0000000000,34
4650,92,0.7797254007,63170096.0000000000,38
4650,93,0.7233076064,58998832.0000000000,27
4650,94,0.7204760053,58998832.0000000000,25
4650,95,0.7232168534,58998832.0000000000,31
4650,96,0.7651348287,63170096.0000000000,49
4650,97,0.7799486069,63170096.0000000000,36
4650,98,0.7796874368,63170096.0000000000,33
4650,99,0.7663328333,63170096.0000000000,51
4650,100,0.7809057655,63170096.0000000000,32
4650,101,0.7216878283,58998832.0000000000,26
4650,102,0.7227938939,58998832.0000000000,24
4650,103,0.7253831987,58998832.0000000000,28
4650,104,0.7809565032,63170096.0000000000,32
4650,105,0.7796695010,63170096.0000000000,38
4650,106,0.7826145312,63170096.0000000000,34
4650,107,0.7646406092,63170096.0000000000,55
4650,108,0.7798425619,63170096.0000000000,36
4650,109,0.7216083911,58998832.0000000000,26
4650,110,0.7209530126,58998832.0000000000,30
4650,111,0.7226109232,58998832.0000000000,24
4650,112,0.7805134165,63170096.0000000000,35
4650,113,0.7644521434,63170096.0000000000,52
4650,114,0.7793741946,63170096.0000000000,33
4650,115,0.7776330122,63170096.0000000000,39
4650,116,0.7791438452,63170096.0000000000,37
4650,117,0.7212736237,58998832.0000000000,29
4650,118,0.7203552015,58998832.0000000000,25
4650,119,0.7251737845,58998832.0000000000,28
4700,0,0.1909934000,305499296.0000000000,27
4700,1,0.1896010190,301012992.0000000000,28
4700,2,0.1771752570,290523552.0000000000,25
4700,3,0.1762307450,289965584.0000000000,24
4700,4,0.1756913930,289926032.0000000000,26
4700,5,0.1779836160,281948384.0000000000,30
4700,6,0.3234843680,412354256.0000000000,31
4700,7,0.3675489060,456811584.0000000000,29
4700,8,0.5659896820,696011984.0000000000,2
4700,9,0.4828879730,610969136.0000000000,0
4700,10,0.4281170690,563164528.0000000000,4
4700,11,0.4227713950,554261200.0000000000,5
4700,12,0.4245136930,555777152.0000000000,11
4700,13,0.4203622570,542886368.0000000000,15
4700,14,0.4607740940,577028640.0000000000,17
4700,15,0.3863366510,527078448.0000000000,21
4700,16,0.4188463270,575086832.0000000000,1
4700,17,0.4875970000,624797936.0000000000,8
4700,18,0.5315069640,660378448.0000000000,10
4700,19,0.4789254680,618896704.0000000000,7
4700,20,0.4895284830,627426176.0000000000,14
4700,21,0.4788422990,599827328.0000000000,19
4700,22,0.4039813290,544022320.0000000000,23
4700,23,0.3902828280,536444784.0000000000,18
4700,24,0.4178079290,573925984.0000000000,13
4700,25,0.4187702010,575409616.0000000000,3
4700,26,0.4286552170,582734544.0000000000,9
4700,27,0.4899871940,639507904.0000000000,6
4700,28,0.4748758150,624357776.0000000000,12
4700,29,0.3915870440,537293248.0000000000,16
4700,30,0.3916154920,537061712.0000000000,20
4700,31,0.3904072450,535767072.0000000000,22
4700,32,0.2431230260,348476176.0000000000,33
4700,33,0.2444888940,350082656.0000000000,36
4700,34,0.2446846730,350039280.0000000000,34
4700,35,0.2447232060,350057968.0000000000,32
4700,36,0.2446165700,350025008.0000000000,35
4700,37,0.2290739560,326744416.0000000000,37
4700,38,0.2293618080,326828304.0000000000,38
4700,39,0.2276309560,325178560.0000000000,39
4700,40,0.0262006340,72102448.0000000000,45
4700,41,0.0261966750,72102448.0000000000,47
4700,42,0.0262344980,72102448.0000000000,54
4700,43,0.0261576610,72102448.0000000000,44
4700,44,0.0262261320,72102448.0000000000,54
4700,45,0.0249182120,67341360.0000000000,42
4700,46,0.0249077310,67341360.0000000000,41
4700,47,0.0248769900,67341360.0000000000,45
4700,48,0.0262010210,72102448.0000000000,51
4700,49,0.0261837280,72102448.0000000000,51
4700,50,0.0261929470,72102448.0000000000,49
4700,51,0.0261754710,72102448.0000000000,48
4700,52,0.0261331930,72102448.0000000000,50
4700,53,0.0248834660,67341360.0000000000,41
4700,54,0.0248661080,67341360.0000000000,44
4700,55,0.0249080820,67341360.0000000000,43
4700,56,0.0261267790,72102448.0000000000,48
4700,57,0.0261080420,72102448.0000000000,50
4700,58,0.0261482320,72102448.0000000000,49
4700,59,0.0261479200,72102448.0000000000,52
4700,60,0.0261568960,72102448.0000000000,53
4700,61,0.0248465190,67341360.0000000000,45
4700,62,0.0249213480,67341360.0000000000,46
4700,63,0.0248512180,67341360.0000000000,46
4700,64,0.0267177040,72102448.0000000000,40
4700,65,0.0262161130,72102448.0000000000,41
4700,66,0.0262054590,72102448.0000000000,55
4700,67,0.0261315890,72102448.0000000000,46
4700,68,0.0261522570,72102448.0000000000,53
4700,69,0.0248828000,67341360.0000000000,44
4700,70,0.0248729650,67341360.0000000000,42
4700,71,0.0248971190,67341360.0000000000,47
4700,72,0.0261595540,72102448.0000000000,42
4700,73,0.0266986170,72102448.0000000000,40
4700,74,0.0261706040,72102448.0000000000,55
4700,75,0.0261206660,72102448.0000000000,52
4700,76,0.0261861720,72102448.0000000000,43
4700,77,0.0248930420,67341360.0000000000,43
4700,78,0.0253759750,67341360.0000000000,40
4700,79,0.0248708160,67341360.0000000000,47
4700,80,0.0238905270,63170096.0000000000,35
4700,81,0.0234994800,63170096.0000000000,54
4700,82,0.0234153570,63170096.0000000000,53
4700,83,0.0234507390,63170096.0000000000,48
4700,84,0.0234156810,63170096.0000000000,50
4700,85,0.0220560800,58998832.0000000000,30
4700,86,0.0221357490,58998832.0000000000,27
4700,87,0.0221191130,58998832.0000000000,31
4700,88,0.0238472090,63170096.0000000000,37
4700,89,0.0238322990,63170096.0000000000,39
4700,90,0.0238185900,63170096.0000000000,29
4700,91,0.0239724440,63170096.0000000000,34
4700,92,0.0238752210,63170096.0000000000,38
4700,93,0.0221577100,58998832.0000000000,27
4700,94,0.0220384590,58998832.0000000000,25
4700,95,0.0221017190,58998832.0000000000,31
4700,96,0.0234664100,63170096.0000000000,49
4700,97,0.0239089370,63170096.0000000000,36
4700,98,0.0238261210,63170096.0000000000,33
4700,99,0.0234799040,63170096.0000000000,51
4700,100,0.0238780800,63170096.0000000000,32
4700,101,0.0220584490,58998832.0000000000,26
4700,102,0.0221361890,58998832.0000000000,24
4700,103,0.0221923150,58998832.0000000000,28
4700,104,0.0238972570,63170096.0000000000,32
4700,105,0.0238913020,63170096.0000000000,38
4700,106,0.0239440190,63170096.0000000000,34
4700,107,0.0234360050,63170096.0000000000,55
4700,108,0.0238621960,63170096.0000000000,36
4700,109,0.0220678880,58998832.0000000000,26
4700,110,0.0220784040,58998832.0000000000,30
4700,111,0.0221265910,58998832.0000000000,24
4700,112,0.0239105740,63170096.0000000000,35
4700,113,0.0233762720,63170096.0000000000,52
4700,114,0.0238686530,63170096.0000000000,33
4700,115,0.0237923100,63170096.0000000000,39
4700,116,0.0238671260,63170096.0000000000,37
4700,117,0.0220713310,58998832.0000000000,29
4700,118,0.0219951060,58998832.0000000000,25
4700,119,0.0222125950,58998832.0000000000,28
4750,0,6.1484565903,304819312.0000000000,27
4750,1,6.1093593669,301102400.0000000000,28
4750,2,5.7076783411,290488896.0000000000,25
4750,3,5.6842375864,289910656.0000000000,24
4750,4,5.6790227746,289708864.0000000000,26
4750,5,5.6933409491,280250960.0000000000,30
4750,6,10.2879898367,407633648.0000000000,31
4750,7,11.7608770707,453830064.0000000000,29
4750,8,18.2101585488,696473232.0000000000,2
4750,9,15.4733493053,608598320.0000000000,0
4750,10,13.7540261906,562700560.0000000000,4
4750,11,13.5842468749,553891392.0000000000,5
4750,12,13.6362861315,555479888.0000000000,11
4750,13,13.5369066587,543260288.0000000000,15
4750,14,14.8547212158,578616464.0000000000,17
4750,15,12.4306357532,527057792.0000000000,21
4750,16,13.4911571291,575419360.0000000000,1
4750,17,15.7368022985,627198544.0000000000,8
4750,18,17.0107642403,657536832.0000000000,10
4750,19,15.2277767656,611241440.0000000000,7
4750,20,15.5485745687,619244768.0000000000,14
4750,21,15.4076083591,600498656.0000000000,19
4750,22,13.0303755890,544931200.0000000000,23
4750,23,12.5592459683,536426400.0000000000,18
4750,24,13.4466666245,573902640.0000000000,13
4750,25,13.4757613657,575410656.0000000000,3
4750,26,13.8633820971,586355840.0000000000,9
4750,27,15.9279447066,646379776.0000000000,6
4750,28,15.4589671465,632750608.0000000000,12
4750,29,12.6046337270,537613232.0000000000,16
4750,30,12.6009111537,537062848.0000000000,20
4750,31,12.5619068982,535744432.0000000000,22
4750,32,7.8324711903,348462304.0000000000,33
4750,33,7.8741470398,350083840.0000000000,36
4750,34,7.8774096474,350040096.0000000000,34
4750,35,7.8791828173,350058272.0000000000,32
4750,36,7.8790739704,350024544.0000000000,35
4750,37,7.3789128667,326743584.0000000000,37
4750,38,7.3851633292,326828640.0000000000,38
4750,39,7.3331977081,325162096.0000000000,39
4750,40,0.8539447383,72102448.0000000000,45
4750,41,0.8556078496,72102448.0000000000,47
4750,42,0.8571077737,72102448.0000000000,54
4750,43,0.8538995075,72102448.0000000000,44
4750,44,0.8560106588,72102448.0000000000,54
4750,45,0.8136888546,67341360.0000000000,42
4750,46,0.8132020573,67341360.0000000000,41
4750,47,0.8111511089,67341360.0000000000,45
4750,48,0.8565522070,72102448.0000000000,51
4750,49,0.8555161801,72102448.0000000000,51
4750,50,0.8552555042,72102448.0000000000,49
4750,51,0.8549597081,72102448.0000000000,48
4750,52,0.8545083747,72102448.0000000000,50
4750,53,0.8123391571,67341360.0000000000,41
4750,54,0.8115815327,67341360.0000000000,44
4750,55,0.8140496333,67341360.0000000000,43
4750,56,0.8537935536,72102448.0000000000,48
4750,57,0.8537241698,72102448.0000000000,50
4750,58,0.8544784617,72102448.0000000000,49
4750,59,0.8545838015,72102448.0000000000,52
4750,60,0.8550085520,72102448.0000000000,53
4750,61,0.8113162199,67341360.0000000000,45
4750,62,0.8126728216,67341360.0000000000,46
4750,63,0.8118616631,67341360.0000000000,46
4750,64,0.8727475511,72102448.0000000000,40
4750,65,0.8549526695,72102448.0000000000,41
4750,66,0.8556594899,72102448.0000000000,55
4750,67,0.8533405825,72102448.0000000000,46
4750,68,0.8541513603,72102448.0000000000,53
4750,69,0.8116142857,67341360.0000000000,44
4750,70,0.8125385084,67341360.0000000000,42
4750,71,0.8118287226,67341360.0000000000,47
4750,72,0.8544258762,72102448.0000000000,42
4750,73,0.8721491749,72102448.0000000000,40
4750,74,0.8546669354,72102448.0000000000,55
4750,75,0.8534996356,72102448.0000000000,52
4750,76,0.8547605615,72102448.0000000000,43
4750,77,0.8129138940,67341360.0000000000,43
4750,78,0.8288252258,67341360.0000000000,40
4750,79,0.8118852090,67341360.0000000000,47
4750,80,0.7806706272,63170096.0000000000,35
4750,81,0.7669232481,63170096.0000000000,54
4750,82,0.7635714177,63170096.0000000000,53
4750,83,0.7647961105,63170096.0000000000,48
4750,84,0.7645739824,63170096.0000000000,50
4750,85,0.7211724377,58998832.0000000000,30
4750,86,0.7236744886,58998832.0000000000,27
4750,87,0.7231381498,58998832.0000000000,31
4750,88,0.7795943357,63170096.0000000000,37
4750,89,0.7777474174,63170096.0000000000,39
4750,90,0.7792954482,63170096.0000000000,29
4750,91,0.7825517376,63170096.0000000000,34
4750,92,0.7798641192,63170096.0000000000,38
4750,93,0.7231436223,58998832.0000000000,27
4750,94,0.7205082041,58998832.0000000000,25
4750,95,0.7230411280,58998832.0000000000,31
4750,96,0.7654309232,63170096.0000000000,49
4750,97,0.7800373027,63170096.0000000000,36
4750,98,0.7793387595,63170096.0000000000,33
4750,99,0.7664052765,63170096.0000000000,51
4750,100,0.7810814642,63170096.0000000000,32
4750,101,0.7217694038,58998832.0000000000,26
4750,102,0.7227662121,58998832.0000000000,24
4750,103,0.7255908279,58998832.0000000000,28
4750,104,0.7807892643,63170096.0000000000,32
4750,105,0.7793680737,63170096.0000000000,38
4750,106,0.7825217561,63170096.0000000000,34
4750,107,0.7648434289,63170096.0000000000,55
4750,108,0.7799641638,63170096.0000000000,36
4750,109,0.7217705322,58998832.0000000000,26
4750,110,0.7211877229,58998832.0000000000,30
4750,111,0.7227437883,58998832.0000000000,24
4750,112,0.7802032112,63170096.0000000000,35
4750,113,0.7644013024,63170096.0000000000,52
4750,114,0.7792618013,63170096.0000000000,33
4750,115,0.7776976215,63170096.0000000000,39
4750,116,0.7794876132,63170096.0000000000,37
4750,117,0.7213216193,58998832.0000000000,29
4750,118,0.7204121417,58998832.0000000000,25
4750,119,0.7251168815,58998832.0000000000,28
4800,0,0.1899413980,304418320.0000000000,27
4800,1,0.1896016530,301599776.0000000000,28
4800,2,0.1768529460,290585504.0000000000,25
4800,3,0.1759818590,289960672.0000000000,24
4800,4,0.1765506310,289686720.0000000000,26
4800,5,0.1752414520,279531968.0000000000,30
4800,6,0.3125944930,402851776.0000000000,31
4800,7,0.3586217380,448954720.0000000000,29
4800,8,0.5673858300,696633888.0000000000,2
4800,9,0.4772538550,605834064.0000000000,0
4800,10,0.4276744110,562176400.0000000000,4
4800,11,0.4229766440,553315376.0000000000,5
4800,12,0.4241467610,554992752.0000000000,11
4800,13,0.4206164550,542582944.0000000000,15
4800,14,0.4626843030,578191040.0000000000,17
4800,15,0.3863819470,526984944.0000000000,21
4800,16,0.4204081090,575855536.0000000000,1
4800,17,0.4941531370,629422080.0000000000,8
4800,18,0.5220912860,652407712.0000000000,10
4800,19,0.4685664250,607588304.0000000000,7
4800,20,0.4741644090,612666880.0000000000,14
4800,21,0.4805710600,600826784.0000000000,19
4800,22,0.4081947380,546339936.0000000000,23
4800,23,0.3902478060,536411904.0000000000,18
4800,24,0.4179566250,573872368.0000000000,13
4800,25,0.4186037380,575406336.0000000000,3
4800,26,0.4393583470,591525424.0000000000,9
4800,27,0.5022598340,649815040.0000000000,6
4800,28,0.4917876700,638790320.0000000000,12
4800,29,0.3933937840,538499712.0000000000,16
4800,30,0.3915260450,537060288.0000000000,20
4800,31,0.3902639960,535719424.0000000000,22
4800,32,0.2433258250,348449456.0000000000,33
4800,33,0.2444325310,350082144.0000000000,36
4800,34,0.2447820950,350042304.0000000000,34
4800,35,0.2447020600,350059584.0000000000,32
4800,36,0.2447604140,350019168.0000000000,35
4800,37,0.2290833910,326739888.0000000000,37
4800,38,0.2293733950,326829936.0000000000,38
4800,39,0.2277174410,325146384.0000000000,39
4800,40,0.0261538790,72102448.0000000000,45
4800,41,0.0261989280,72102448.0000000000,47
4800,42,0.0262695520,72102448.0000000000,54
4800,43,0.0261590430,72102448.0000000000,44
4800,44,0.0262349170,72102448.0000000000,54
4800,45,0.0249169090,67341360.0000000000,42
4800,46,0.0249105760,67341360.0000000000,41
4800,47,0.0248290780,67341360.0000000000,45
4800,48,0.0262403370,72102448.0000000000,51
4800,49,0.0262030870,72102448.0000000000,51
4800,50,0.0262342850,72102448.0000000000,49
4800,51,0.0261459260,72102448.0000000000,48
4800,52,0.0261789410,72102448.0000000000,50
4800,53,0.0248887020,67341360.0000000000,41
4800,54,0.0248526410,67341360.0000000000,44
4800,55,0.0249053250,67341360.0000000000,43
4800,56,0.0261502450,72102448.0000000000,48
4800,57,0.0261512670,72102448.0000000000,50
4800,58,0.0261801340,72102448.0000000000,49
4800,59,0.0262071330,72102448.0000000000,52
4800,60,0.0261751100,72102448.0000000000,53
4800,61,0.0248731910,67341360.0000000000,45
4800,62,0.0249052420,67341360.0000000000,46
4800,63,0.0248748430,67341360.0000000000,46
4800,64,0.0266703320,72102448.0000000000,40
4800,65,0.0261741110,72102448.0000000000,41
4800,66,0.0262197870,72102448.0000000000,55
4800,67,0.0261486290,72102448.0000000000,46
4800,68,0.0261504150,72102448.0000000000,53
4800,69,0.0248328140,67341360.0000000000,44
4800,70,0.0249039930,67341360.0000000000,42
4800,71,0.0248681220,67341360.0000000000,47
4800,72,0.0261589120,72102448.0000000000,42
4800,73,0.0267069430,72102448.0000000000,40
4800,74,0.0261820570,72102448.0000000000,55
4800,75,0.0261158850,72102448.0000000000,52
4800,76,0.0261343630,72102448.0000000000,43
4800,77,0.0248557710,67341360.0000000000,43
4800,78,0.0253864180,67341360.0000000000,40
4800,79,0.0248664910,67341360.0000000000,47
4800,80,0.0238852550,63170096.0000000000,35
4800,81,0.0235110600,63170096.0000000000,54
4800,82,0.0233647370,63170096.0000000000,53
4800,83,0.0234541240,63170096.0000000000,48
4800,84,0.0234417120,63170096.0000000000,50
4800,85,0.0220767130,58998832.0000000000,30
4800,86,0.0221407880,58998832.0000000000,27
4800,87,0.0221720760,58998832.0000000000,31
4800,88,0.0238620160,63170096.0000000000,37
4800,89,0.0237544460,63170096.0000000000,39
4800,90,0.0238520330,63170096.0000000000,29
4800,91,0.0239451920,63170096.0000000000,34
4800,92,0.0239191670,63170096.0000000000,38
4800,93,0.0221646350,58998832.0000000000,27
4800,94,0.0220667230,58998832.0000000000,25
4800,95,0.0221343720,58998832.0000000000,31
4800,96,0.0234448570,63170096.0000000000,49
4800,97,0.0239398460,63170096.0000000000,36
4800,98,0.0238561890,63170096.0000000000,33
4800,99,0.0234734440,63170096.0000000000,51
4800,100,0.0239386790,63170096.0000000000,32
4800,101,0.0221101980,58998832.0000000000,26
4800,102,0.0221438830,58998832.0000000000,24
4800,103,0.0222638430,58998832.0000000000,28
4800,104,0.0238918580,63170096.0000000000,32
4800,105,0.0238502020,63170096.0000000000,38
4800,106,0.0239699390,63170096.0000000000,34
4800,107,0.0234146540,63170096.0000000000,55
4800,108,0.0238747520,63170096.0000000000,36
4800,109,0.0221276140,58998832.0000000000,26
4800,110,0.0221024520,58998832.0000000000,30
4800,111,0.0220902610,58998832.0000000000,24
4800,112,0.0239324570,63170096.0000000000,35
4800,113,0.0234234520,63170096.0000000000,52
4800,114,0.0238727010,63170096.0000000000,33
4800,115,0.0238429000,63170096.0000000000,39
4800,116,0.0238534000,63170096.0000000000,37
4800,117,0.0220992750,58998832.0000000000,29
4800,118,0.0220474160,58998832.0000000000,25
4800,119,0.0221802210,58998832.0000000000,28
4850,0,6.1235728076,304341600.0000000000,27
4850,1,6.1227171602,302078064.0000000000,28
4850,2,5.7124888624,290636960.0000000000,25
4850,3,5.6720446575,289954960.0000000000,24
4850,4,5.6909813092,289690176.0000000000,26
4850,5,5.6572172275,280120160.0000000000,30
4850,6,9.9623103509,399202672.0000000000,31
4850,7,11.3138071283,438703456.0000000000,29
4850,8,18.2283690237,696642960.0000000000,2
4850,9,15.2694283479,603255792.0000000000,0
4850,10,13.7590051870,561794128.0000000000,4
4850,11,13.5905075955,552960416.0000000000,5
4850,12,13.6472844899,554735440.0000000000,11
4850,13,13.4682436750,540990544.0000000000,15
4850,14,14.8309295340,576702688.0000000000,17
4850,15,12.4222135111,526947424.0000000000,21
4850,16,13.5342749814,576342096.0000000000,1
4850,17,15.9398943610,631597904.0000000000,8
4850,18,16.6474023512,646978880.0000000000,10
4850,19,15.0068869257,605687328.0000000000,7
4850,20,15.1526513678,609076432.0000000000,14
4850,21,15.4160547800,599545744.0000000000,19
4850,22,13.1810709128,548454272.0000000000,23
4850,23,12.5606515356,536393568.0000000000,18
4850,24,13.4456709467,573842336.0000000000,13
4850,25,13.4739828176,575409488.0000000000,3
4850,26,14.2658014987,597179968.0000000000,9
4850,27,16.1977339731,651663376.0000000000,6
4850,28,15.8989365773,642274528.0000000000,12
4850,29,12.7102080786,540854288.0000000000,16
4850,30,12.6027439471,537056944.0000000000,20
4850,31,12.5615226806,535704176.0000000000,22
4850,32,7.8322535706,348432400.0000000000,33
4850,33,7.8738987394,350082288.0000000000,36
4850,34,7.8787655192,350041728.0000000000,34
4850,35,7.8804832394,350061376.0000000000,32
4850,36,7.8796113776,350019648.0000000000,35
4850,37,7.3790662296,326741536.0000000000,37
4850,38,7.3844085210,326832576.0000000000,38
4850,39,7.3324542996,325132032.0000000000,39
4850,40,0.8543122749,72102448.0000000000,45
4850,41,0.8557908410,72102448.0000000000,47
4850,42,0.8569302596,72102448.0000000000,54
4850,43,0.8539013919,72102448.0000000000,44
4850,44,0.8561166760,72102448.0000000000,54
4850,45,0.8135361110,67341360.0000000000,42
4850,46,0.8130664147,67341360.0000000000,41
4850,47,0.8111634437,67341360.0000000000,45
4850,48,0.8563686167,72102448.0000000000,51
4850,49,0.8555411379,72102448.0000000000,51
4850,50,0.8554764701,72102448.0000000000,49
4850,51,0.8548298792,72102448.0000000000,48
4850,52,0.8544803451,72102448.0000000000,50
4850,53,0.8122884064,67341360.0000000000,41
4850,54,0.8115986983,67341360.0000000000,44
4850,55,0.8139714135,67341360.0000000000,43
4850,56,0.8537969255,72102448.0000000000,48
4850,57,0.8534870831,72102448.0000000000,50
4850,58,0.8542244676,72102448.0000000000,49
4850,59,0.8543585834,72102448.0000000000,52
4850,60,0.8551944039,72102448.0000000000,53
4850,61,0.8113889488,67341360.0000000000,45
4850,62,0.8128174121,67341360.0000000000,46
4850,63,0.8119536814,67341360.0000000000,46
4850,64,0.8726590899,72102448.0000000000,40
4850,65,0.8550569843,72102448.0000000000,41
4850,66,0.8553941970,72102448.0000000000,55
4850,67,0.8534883121,72102448.0000000000,46
4850,68,0.8539986033,72102448.0000000000,53
4850,69,0.8115258550,67341360.0000000000,44
4850,70,0.8126062520,67341360.0000000000,42
4850,71,0.8121428268,67341360.0000000000,47
4850,72,0.8545615236,72102448.0000000000,42
4850,73,0.8722779454,72102448.0000000000,40
4850,74,0.8547199893,72102448.0000000000,55
4850,75,0.8533711781,72102448.0000000000,52
4850,76,0.8545864544,72102448.0000000000,43
4850,77,0.8128252973,67341360.0000000000,43
4850,78,0.8288765477,67341360.0000000000,40
4850,79,0.8119548624,67341360.0000000000,47
4850,80,0.7806418107,63170096.0000000000,35
4850,81,0.7672941464,63170096.0000000000,54
4850,82,0.7636109242,63170096.0000000000,53
4850,83,0.7649108566,63170096.0000000000,48
4850,84,0.7646301179,63170096.0000000000,50
4850,85,0.7213245666,58998832.0000000000,30
4850,86,0.7234013858,58998832.0000000000,27
4850,87,0.7235900506,58998832.0000000000,31
4850,88,0.7798265049,63170096.0000000000,37
4850,89,0.7777433407,63170096.0000000000,39
4850,90,0.7793534367,63170096.0000000000,29
4850,91,0.7824233010,63170096.0000000000,34
4850,92,0.7798248637,63170096.0000000000,38
4850,93,0.7234849373,58998832.0000000000,27
4850,94,0.7202722890,58998832.0000000000,25
4850,95,0.7230890264,58998832.0000000000,31
4850,96,0.7654150575,63170096.0000000000,49
4850,97,0.7800018638,63170096.0000000000,36
4850,98,0.7797773807,63170096.0000000000,33
4850,99,0.7660289737,63170096.0000000000,51
4850,100,0.7812562703,63170096.0000000000,32
4850,101,0.7215673326,58998832.0000000000,26
4850,102,0.7228087445,58998832.0000000000,24
4850,103,0.7254877876,58998832.0000000000,28
4850,104,0.7808014347,63170096.0000000000,32
4850,105,0.7795669504,63170096.0000000000,38
4850,106,0.7824459020,63170096.0000000000,34
4850,107,0.7647835616,63170096.0000000000,55
4850,108,0.7801396758,63170096.0000000000,36
4850,109,0.7216991780,58998832.0000000000,26
4850,110,0.7211397766,58998832.0000000000,30
4850,111,0.7225686101,58998832.0000000000,24
4850,112,0.7803331815,63170096.0000000000,35
4850,113,0.7642636324,63170096.0000000000,52
4850,114,0.7793819312,63170096.0000000000,33
4850,115,0.7775958748,63170096.0000000000,39
4850,116,0.7793753427,63170096.0000000000,37
4850,117,0.7214850272,58998832.0000000000,29
4850,118,0.7202968800,58998832.0000000000,25
4850,119,0.7251807592,58998832.0000000000,28
4900,0,0.1903057220,304468720.0000000000,27
4900,1,0.1887519200,301715808.0000000000,28
4900,2,0.1765134870,290547824.0000000000,25
4900,3,0.1767586700,289930928.0000000000,24
4900,4,0.1767292040,289722288.0000000000,26
4900,5,0.1751456700,280380960.0000000000,30
4900,6,0.3035325380,394753648.0000000000,31
4900,7,0.3319587490,425607808.0000000000,29
4900,8,0.5665723280,696416192.0000000000,2
4900,9,0.4720881920,601255264.0000000000,0
4900,10,0.4278212390,561504640.0000000000,4
4900,11,0.4225493280,552579232.0000000000,5
4900,12,0.4245007040,554180464.0000000000,11
4900,13,0.4166540440,539587168.0000000000,15
4900,14,0.4599197890,575754544.0000000000,17
4900,15,0.3862132860,527046992.0000000000,21
4900,16,0.4219728250,576982672.0000000000,1
4900,17,0.5003186390,633671920.0000000000,8
4900,18,0.5099912790,641616512.0000000000,10
4900,19,0.4656114520,604557072.0000000000,7
4900,20,0.4674639470,606418400.0000000000,14
4900,21,0.4771933570,597613568.0000000000,19
4900,22,0.4144962750,550654064.0000000000,23
4900,23,0.3901817810,536374672.0000000000,18
4900,24,0.4177528460,573815920.0000000000,13
4900,25,0.4186816490,575408352.0000000000,3
4900,26,0.4526193670,602311136.0000000000,9
4900,27,0.5063857710,652913296.0000000000,6
4900,28,0.4996672750,644882112.0000000000,12
4900,29,0.3994620720,543313920.0000000000,16
4900,30,0.3916978190,537063104.0000000000,20
4900,31,0.3901464610,535678000.0000000000,22
4900,32,0.2431669790,348418960.0000000000,33
4900,33,0.2445069560,350085872.0000000000,36
4900,34,0.2445661490,350038832.0000000000,34
4900,35,0.2446082170,350066576.0000000000,32
4900,36,0.2446756100,350018144.0000000000,35
4900,37,0.2290786940,326747328.0000000000,37
4900,38,0.2292936930,326835792.0000000000,38
4900,39,0.2276269680,325115088.0000000000,39
4900,40,0.0261338230,72102448.0000000000,45
4900,41,0.0261535320,72102448.0000000000,47
4900,42,0.0262495360,72102448.0000000000,54
4900,43,0.0261799200,72102448.0000000000,44
4900,44,0.0261977540,72102448.0000000000,54
4900,45,0.0249520550,67341360.0000000000,42
4900,46,0.0249113560,67341360.0000000000,41
4900,47,0.0248611290,67341360.0000000000,45
4900,48,0.0262339980,72102448.0000000000,51
4900,49,0.0262071950,72102448.0000000000,51
4900,50,0.0261678290,72102448.0000000000,49
4900,51,0.0261852630,72102448.0000000000,48
4900,52,0.0261689110,72102448.0000000000,50
4900,53,0.0248202790,67341360.0000000000,41
4900,54,0.0249369980,67341360.0000000000,44
4900,55,0.0249148350,67341360.0000000000,43
4900,56,0.0261488600,72102448.0000000000,48
4900,57,0.0261639400,72102448.0000000000,50
4900,58,0.0261665040,72102448.0000000000,49
4900,59,0.0261516540,72102448.0000000000,52
4900,60,0.0261921320,72102448.0000000000,53
4900,61,0.0248469280,67341360.0000000000,45
4900,62,0.0248698950,67341360.0000000000,46
4900,63,0.0249043620,67341360.0000000000,46
4900,64,0.0267259490,72102448.0000000000,40
4900,65,0.0261948420,72102448.0000000000,41
4900,66,0.0261999280,72102448.0000000000,55
4900,67,0.0261955210,72102448.0000000000,46
4900,68,0.0261321370,72102448.0000000000,53
4900,69,0.0248277750,67341360.0000000000,44
4900,70,0.0249049350,67341360.0000000000,42
4900,71,0.0248647360,67341360.0000000000,47
4900,72,0.0261437510,72102448.0000000000,42
4900,73,0.0267367600,72102448.0000000000,40
4900,74,0.0262031480,72102448.0000000000,55
4900,75,0.0261422670,72102448.0000000000,52
4900,76,0.0261578300,72102448.0000000000,43
4900,77,0.0248922710,67341360.0000000000,43
4900,78,0.0253739140,67341360.0000000000,40
4900,79,0.0248700160,67341360.0000000000,47
4900,80,0.0238840950,63170096.0000000000,35
4900,81,0.0235317390,63170096.0000000000,54
4900,82,0.0234391110,63170096.0000000000,53
4900,83,0.0234540980,63170096.0000000000,48
4900,84,0.0234243400,63170096.0000000000,50
4900,85,0.0220771130,58998832.0000000000,30
4900,86,0.0220987060,58998832.0000000000,27
4900,87,0.0221855310,58998832.0000000000,31
4900,88,0.0238705200,63170096.0000000000,37
4900,89,0.0237833010,63170096.0000000000,39
4900,90,0.0238816000,63170096.0000000000,29
4900,91,0.0239322060,63170096.0000000000,34
4900,92,0.0239010200,63170096.0000000000,38
4900,93,0.0221570180,58998832.0000000000,27
4900,94,0.0220843710,58998832.0000000000,25
4900,95,0.0221620850,58998832.0000000000,31
4900,96,0.0234267440,63170096.0000000000,49
4900,97,0.0239225320,63170096.0000000000,36
4900,98,0.0238851540,63170096.0000000000,33
4900,99,0.0234798270,63170096.0000000000,51
4900,100,0.0238987900,63170096.0000000000,32
4900,101,0.0221257100,58998832.0000000000,26
4900,102,0.0221315190,58998832.0000000000,24
4900,103,0.0221978270,58998832.0000000000,28
4900,104,0.0239109250,63170096.0000000000,32
4900,105,0.0238681280,63170096.0000000000,38
4900,106,0.0239648100,63170096.0000000000,34
4900,107,0.0234325970,63170096.0000000000,55
4900,108,0.0238723740,63170096.0000000000,36
4900,109,0.0220918840,58998832.0000000000,26
4900,110,0.0220568130,58998832.0000000000,30
4900,111,0.0221180730,58998832.0000000000,24
4900,112,0.0239224500,63170096.0000000000,35
4900,113,0.0234063880,63170096.0000000000,52
4900,114,0.0238542050,63170096.0000000000,33
4900,115,0.0238538900,63170096.0000000000,39
4900,116,0.0238603010,63170096.0000000000,37
4900,117,0.0221511340,58998832.0000000000,29
4900,118,0.0220408640,58998832.0000000000,25
4900,119,0.0222511070,58998832.0000000000,28
4950,0,6.1315113540,304405472.0000000000,27
4950,1,6.0685900695,300445200.0000000000,28
4950,2,5.6819724684,290416880.0000000000,25
4950,3,5.6895910879,289819904.0000000000,24
4950,4,5.6867088301,289612192.0000000000,26
4950,5,5.6323694391,279992496.0000000000,30
4950,6,9.6459224883,389899488.0000000000,31
4950,7,10.5007442689,417319392.0000000000,29
4950,8,18.2182125609,696081472.0000000000,2
4950,9,15.1645080809,600680896.0000000000,0
4950,10,13.7423703035,561339984.0000000000,4
4950,11,13.5714361010,552403488.0000000000,5
4950,12,13.6256342671,553997728.0000000000,11
4950,13,13.3796125027,539041280.0000000000,15
4950,14,14.8058347126,577184592.0000000000,17
4950,15,12.4447183707,527264656.0000000000,21
4950,16,13.5988587674,577916512.0000000000,1
4950,17,16.1279968395,635560800.0000000000,8
4950,18,16.2719809550,636806896.0000000000,10
4950,19,14.9374460370,603523424.0000000000,7
4950,20,14.9738503490,604372848.0000000000,14
4950,21,15.2867910568,595609280.0000000000,19
4950,22,13.3854511241,552573072.0000000000,23
4950,23,12.5595130996,536361472.0000000000,18
4950,24,13.4450483680,573786528.0000000000,13
4950,25,13.4758427282,575409024.0000000000,3
4950,26,14.6698473324,607363904.0000000000,9
4950,27,16.3084114491,653961056.0000000000,6
4950,28,16.1164583505,646942240.0000000000,12
4950,29,12.9118924103,545683280.0000000000,16
4950,30,12.6025721244,537068912.0000000000,20
4950,31,12.5605620276,535652896.0000000000,22
4950,32,7.8328292473,348403392.0000000000,33
4950,33,7.8736377716,350088992.0000000000,36
4950,34,7.8776692185,350038800.0000000000,34
4950,35,7.8801345700,350066112.0000000000,32
4950,36,7.8792523402,350017712.0000000000,35
4950,37,7.3785614845,326746832.0000000000,37
4950,38,7.3844990189,326837024.0000000000,38
4950,39,7.3323191009,325098720.0000000000,39
4950,40,0.8541768619,72102448.0000000000,45
4950,41,0.8556022421,72102448.0000000000,47
4950,42,0.8568124567,72102448.0000000000,54
4950,43,0.8539494114,72102448.0000000000,44
4950,44,0.8562996508,72102448.0000000000,54
4950,45,0.8137525046,67341360.0000000000,42
4950,46,0.8129389307,67341360.0000000000,41
4950,47,0.8110934101,67341360.0000000000,45
4950,48,0.8563371321,72102448.0000000000,51
4950,49,0.8555152906,72102448.0000000000,51
4950,50,0.8552153885,72102448.0000000000,49
4950,51,0.8549591152,72102448.0000000000,48
4950,52,0.8543897214,72102448.0000000000,50
4950,53,0.8122896880,67341360.0000000000,41
4950,54,0.8116176794,67341360.0000000000,44
4950,55,0.8138859577,67341360.0000000000,43
4950,56,0.8538712047,72102448.0000000000,48
4950,57,0.8537879534,72102448.0000000000,50
4950,58,0.8542805049,72102448.0000000000,49
4950,59,0.8545056289,72102448.0000000000,52
4950,60,0.8551833631,72102448.0000000000,53
4950,61,0.8110490336,67341360.0000000000,45
4950,62,0.8128793763,67341360.0000000000,46
4950,63,0.8120733262,67341360.0000000000,46
4950,64,0.8727651695,72102448.0000000000,40
4950,65,0.8549848377,72102448.0000000000,41
4950,66,0.8557909763,72102448.0000000000,55
4950,67,0.8534777177,72102448.0000000000,46
4950,68,0.8540522973,72102448.0000000000,53
4950,69,0.8111878631,67341360.0000000000,44
4950,70,0.8124532754,67341360.0000000000,42
4950,71,0.8119090204,67341360.0000000000,47
4950,72,0.8541453359,72102448.0000000000,42
4950,73,0.8720850443,72102448.0000000000,40
4950,74,0.8547167475,72102448.0000000000,55
4950,75,0.8536390586,72102448.0000000000,52
4950,76,0.8544938789,72102448.0000000000,43
4950,77,0.8129192527,67341360.0000000000,43
4950,78,0.8289711092,67341360.0000000000,40
4950,79,0.8120697667,67341360.0000000000,47
4950,80,0.7804738450,63170096.0000000000,35
4950,81,0.7670194376,63170096.0000000000,54
4950,82,0.7631352463,63170096.0000000000,53
4950,83,0.7649189078,63170096.0000000000,48
4950,84,0.7646268606,63170096.0000000000,50
4950,85,0.7213927147,58998832.0000000000,30
4950,86,0.7235173275,58998832.0000000000,27
4950,87,0.7231566874,58998832.0000000000,31
4950,88,0.7795946158,63170096.0000000000,37
4950,89,0.7775664214,63170096.0000000000,39
4950,90,0.7793916373,63170096.0000000000,29
4950,91,0.7827999097,63170096.0000000000,34
4950,92,0.7798699527,63170096.0000000000,38
4950,93,0.7231655429,58998832.0000000000,27
4950,94,0.7201195620,58998832.0000000000,25
4950,95,0.7232424719,58998832.0000000000,31
4950,96,0.7652841635,63170096.0000000000,49
4950,97,0.7799297824,63170096.0000000000,36
4950,98,0.7795866480,63170096.0000000000,33
4950,99,0.7663274950,63170096.0000000000,51
4950,100,0.7810225799,63170096.0000000000,32
4950,101,0.7219494197,58998832.0000000000,26
4950,102,0.7226285738,58998832.0000000000,24
4950,103,0.7252795280,58998832.0000000000,28
4950,104,0.7808917762,63170096.0000000000,32
4950,105,0.7796169759,63170096.0000000000,38
4950,106,0.7823613860,63170096.0000000000,34
4950,107,0.7649463745,63170096.0000000000,55
4950,108,0.7796642165,63170096.0000000000,36
4950,109,0.7216618830,58998832.0000000000,26
4950,110,0.7212507468,58998832.0000000000,30
4950,111,0.7226034959,58998832.0000000000,24
4950,112,0.7802763575,63170096.0000000000,35
4950,113,0.7642848999,63170096.0000000000,52
4950,114,0.7791868582,63170096.0000000000,33
4950,115,0.7775993783,63170096.0000000000,39
4950,116,0.7793687403,63170096.0000000000,37
4950,117,0.7214244570,58998832.0000000000,29
4950,118,0.7202769206,58998832.0000000000,25
4950,119,0.7251900812,58998832.0000000000,28
