0,0,0.1063726110,159852592.0000000000,76
0,1,0.0449335340,159852592.0000000000,76
0,2,0.1139301450,159852592.0000000000,0
0,3,0.1158507990,160054832.0000000000,1
0,4,0.1056662760,159852592.0000000000,78
0,5,0.1168282680,159852592.0000000000,4
0,6,0.0454855190,160054832.0000000000,4
0,7,0.1038286020,159852592.0000000000,12
0,8,0.1039594670,160054832.0000000000,97
0,9,0.0420929150,144112688.0000000000,97
0,10,0.1003966400,144112688.0000000000,56
0,11,0.1086667160,143910448.0000000000,63
0,12,0.0544099570,240390192.0000000000,0
0,13,0.0542937160,240390192.0000000000,0
0,14,0.0542856160,240390192.0000000000,1
0,15,0.0551472870,240718384.0000000000,1
0,16,0.0544116280,240390192.0000000000,78
0,17,0.0542591540,240390192.0000000000,4
0,18,0.1198942770,240718384.0000000000,5
0,19,0.0544491570,240390192.0000000000,12
0,20,0.1100559200,240718384.0000000000,43
0,21,0.0508408950,216722480.0000000000,43
0,22,0.0506878580,216722480.0000000000,63
0,23,0.0498156860,216394288.0000000000,63
0,24,0.1051939540,240062512.0000000000,77
0,25,0.0505397660,240062512.0000000000,77
0,26,0.1154538210,240062512.0000000000,2
0,27,0.1167206880,240390192.0000000000,3
0,28,0.0505189200,240062512.0000000000,5
0,29,0.1056343950,240062512.0000000000,79
0,30,0.0511257040,240390192.0000000000,79
0,31,0.0504704010,240062512.0000000000,43
0,32,0.1111358060,240390192.0000000000,44
0,33,0.0471297380,216427056.0000000000,44
0,34,0.1031133730,216427056.0000000000,64
0,35,0.0465955540,216099376.0000000000,64
0,36,0.0504210610,240062512.0000000000,2
0,37,0.0503347760,240062512.0000000000,2
0,38,0.0504584150,240062512.0000000000,3
0,39,0.0511163730,240390192.0000000000,3
0,40,0.0504643150,240062512.0000000000,5
0,41,0.1152185570,240062512.0000000000,6
0,42,0.0512177330,240390192.0000000000,6
0,43,0.0505061240,240062512.0000000000,44
0,44,0.0512968370,240390192.0000000000,56
0,45,0.0472332450,216427056.0000000000,56
0,46,0.0472712970,216427056.0000000000,64
0,47,0.1073736260,216099376.0000000000,45
0,48,0.0505007840,240062512.0000000000,6
0,49,0.1147636780,240062512.0000000000,7
0,50,0.0504188050,240062512.0000000000,7
0,51,0.0510278070,240390192.0000000000,7
0,52,0.1181543920,240062512.0000000000,10
0,53,0.0505599120,240062512.0000000000,10
0,54,0.0511731390,240390192.0000000000,10
0,55,0.0505185500,240062512.0000000000,45
0,56,0.0510368620,240390192.0000000000,45
0,57,0.1048303840,216427056.0000000000,98
0,58,0.1032145110,216427056.0000000000,57
0,59,0.1025006550,216099376.0000000000,65
0,60,0.1092296990,240062512.0000000000,80
0,61,0.0516288250,240062512.0000000000,80
0,62,0.1191940220,240062512.0000000000,8
0,63,0.1189830830,240390192.0000000000,9
0,64,0.1071859470,240062512.0000000000,81
0,65,0.1196545820,240062512.0000000000,11
0,66,0.0523946990,240390192.0000000000,11
0,67,0.0518322060,240062512.0000000000,98
0,68,0.1128390620,240390192.0000000000,46
0,69,0.0483652090,216427056.0000000000,46
0,70,0.0483884380,216427056.0000000000,65
0,71,0.0475630580,216099376.0000000000,65
0,72,0.0549012590,240062512.0000000000,8
0,73,0.0548575940,240062512.0000000000,8
0,74,0.0547938310,240062512.0000000000,9
0,75,0.0556842320,240390192.0000000000,9
0,76,0.0547854180,240062512.0000000000,81
0,77,0.0547954330,240062512.0000000000,11
0,78,0.0557959450,240390192.0000000000,12
0,79,0.0547086480,240062512.0000000000,46
0,80,0.0557771120,240390192.0000000000,57
0,81,0.0511999570,216427056.0000000000,57
0,82,0.1075540450,216427056.0000000000,58
0,83,0.0502779650,216099376.0000000000,58
0,84,0.0338037590,89985072.0000000000,58
0,85,0.0923080660,89985072.0000000000,13
0,86,0.0339108750,89985072.0000000000,13
0,87,0.0341957250,90078256.0000000000,13
0,88,0.0894283030,89985072.0000000000,83
0,89,0.0340183940,89985072.0000000000,83
0,90,0.0882125740,90078256.0000000000,16
0,91,0.0978425680,89985072.0000000000,23
0,92,0.0341539430,90078256.0000000000,23
0,93,0.1009405140,81122864.0000000000,47
0,94,0.0878434710,81122864.0000000000,66
0,95,0.0316623010,81029680.0000000000,66
0,96,0.0853553020,30347312.0000000000,82
0,97,0.0235576470,30347312.0000000000,82
0,98,0.0895426720,30347312.0000000000,14
0,99,0.0910364910,30347312.0000000000,15
0,100,0.0234997580,30347312.0000000000,16
0,101,0.0877534030,30347312.0000000000,17
0,102,0.0236024850,30347312.0000000000,17
0,103,0.0235838220,30347312.0000000000,47
0,104,0.0849947400,30347312.0000000000,48
0,105,0.0220735740,27355696.0000000000,48
0,106,0.0843172960,27355696.0000000000,67
0,107,0.0220583380,27355696.0000000000,67
0,108,0.0235569620,30347312.0000000000,14
0,109,0.0235426930,30347312.0000000000,14
0,110,0.0235503180,30347312.0000000000,15
0,111,0.0235067900,30347312.0000000000,15
0,112,0.0235079810,30347312.0000000000,16
0,113,0.0235655140,30347312.0000000000,17
0,114,0.0883288480,30347312.0000000000,18
0,115,0.0235619610,30347312.0000000000,47
0,116,0.0235431210,30347312.0000000000,48
0,117,0.0220514180,27355696.0000000000,66
0,118,0.0220970240,27355696.0000000000,67
0,119,0.0851256980,27355696.0000000000,99
0,120,0.0235977960,30347312.0000000000,18
0,121,0.0235418680,30347312.0000000000,18
0,122,0.0882829940,30347312.0000000000,19
0,123,0.0235344860,30347312.0000000000,19
0,124,0.0948550920,30347312.0000000000,21
0,125,0.0234697930,30347312.0000000000,21
0,126,0.0941283430,30347312.0000000000,22
0,127,0.0234746310,30347312.0000000000,99
0,128,0.0872472970,30347312.0000000000,49
0,129,0.0220074230,27355696.0000000000,49
0,130,0.0856949040,27355696.0000000000,59
0,131,0.0859391830,27355696.0000000000,68
0,132,0.0960918260,30347312.0000000000,84
0,133,0.0235896980,30347312.0000000000,84
0,134,0.0235153520,30347312.0000000000,19
0,135,0.0951092240,30347312.0000000000,20
0,136,0.0234937630,30347312.0000000000,21
0,137,0.0235316530,30347312.0000000000,22
0,138,0.0236171990,30347312.0000000000,22
0,139,0.0235127320,30347312.0000000000,49
0,140,0.0848906960,30347312.0000000000,50
0,141,0.0220337660,27355696.0000000000,50
0,142,0.0219786750,27355696.0000000000,68
0,143,0.0220007190,27355696.0000000000,68
0,144,0.0234657210,30347312.0000000000,20
0,145,0.0234728440,30347312.0000000000,20
0,146,0.0956319850,30347312.0000000000,85
0,147,0.0234421920,30347312.0000000000,85
0,148,0.0961321860,30347312.0000000000,86
0,149,0.0235812000,30347312.0000000000,86
0,150,0.0234553060,30347312.0000000000,23
0,151,0.0234248230,30347312.0000000000,50
0,152,0.0235167790,30347312.0000000000,59
0,153,0.0220175860,27355696.0000000000,59
0,154,0.0937072270,27355696.0000000000,60
0,155,0.0220188020,27355696.0000000000,60
0,156,0.0235960370,30347312.0000000000,60
0,157,0.1028623180,30347312.0000000000,87
0,158,0.0928170820,30347312.0000000000,24
0,159,0.0234429590,30347312.0000000000,24
0,160,0.0918131690,30347312.0000000000,88
0,161,0.0937110860,30347312.0000000000,27
0,162,0.0234970820,30347312.0000000000,27
0,163,0.0989005270,30347312.0000000000,36
0,164,0.0235469490,30347312.0000000000,36
0,165,0.0936434520,27355696.0000000000,61
0,166,0.0863200790,27355696.0000000000,69
0,167,0.0221648260,27355696.0000000000,69
0,168,0.0235003190,30347312.0000000000,87
0,169,0.0234191490,30347312.0000000000,24
0,170,0.0934044980,30347312.0000000000,25
0,171,0.0235176520,30347312.0000000000,25
0,172,0.0234946540,30347312.0000000000,88
0,173,0.0234836250,30347312.0000000000,27
0,174,0.0854521420,30347312.0000000000,28
0,175,0.0235467010,30347312.0000000000,36
0,176,0.0235309190,30347312.0000000000,61
0,177,0.0216577810,27355696.0000000000,61
0,178,0.0221578330,27355696.0000000000,69
0,179,0.0865319190,27355696.0000000000,70
0,180,0.0234628450,30347312.0000000000,25
0,181,0.0941650360,30347312.0000000000,26
0,182,0.0235574600,30347312.0000000000,26
0,183,0.0234979240,30347312.0000000000,26
0,184,0.0235773310,30347312.0000000000,28
0,185,0.0235438540,30347312.0000000000,28
0,186,0.0930268340,30347312.0000000000,89
0,187,0.0837620690,30347312.0000000000,51
0,188,0.0234892060,30347312.0000000000,51
0,189,0.0218431290,27355696.0000000000,51
0,190,0.0220607750,27355696.0000000000,70
0,191,0.0219833960,27355696.0000000000,70
0,192,0.0234642440,30347312.0000000000,89
0,193,0.0852819310,30347312.0000000000,29
0,194,0.0856603740,30347312.0000000000,30
0,195,0.0235494420,30347312.0000000000,30
0,196,0.0909178840,30347312.0000000000,91
0,197,0.0870932790,30347312.0000000000,33
0,198,0.0235360700,30347312.0000000000,33
0,199,0.0933281650,30347312.0000000000,93
0,200,0.0879166700,30347312.0000000000,52
0,201,0.0219503370,27355696.0000000000,52
0,202,0.0846498780,27355696.0000000000,71
0,203,0.0218461130,27355696.0000000000,71
0,204,0.0235623090,30347312.0000000000,29
0,205,0.0235105190,30347312.0000000000,29
0,206,0.0235206100,30347312.0000000000,30
0,207,0.0923892130,30347312.0000000000,90
0,208,0.0235011450,30347312.0000000000,33
0,209,0.0882145110,30347312.0000000000,34
0,210,0.0236038320,30347312.0000000000,34
0,211,0.0234973450,30347312.0000000000,93
0,212,0.0234983400,30347312.0000000000,52
0,213,0.0877403290,27355696.0000000000,53
0,214,0.0859043040,27355696.0000000000,72
0,215,0.0219347430,27355696.0000000000,72
0,216,0.0234751190,30347312.0000000000,90
0,217,0.0859233900,30347312.0000000000,31
0,218,0.0877258840,30347312.0000000000,32
0,219,0.0235854160,30347312.0000000000,32
0,220,0.0235656090,30347312.0000000000,34
0,221,0.0874110050,30347312.0000000000,35
0,222,0.0235604490,30347312.0000000000,35
0,223,0.0234635520,30347312.0000000000,53
0,224,0.0887694070,30347312.0000000000,54
0,225,0.0220169330,27355696.0000000000,54
0,226,0.0218271570,27355696.0000000000,72
0,227,0.0868598830,27355696.0000000000,73
0,228,0.0235963940,30347312.0000000000,31
0,229,0.0235612970,30347312.0000000000,31
0,230,0.0235586030,30347312.0000000000,32
0,231,0.0235150580,30347312.0000000000,91
0,232,0.0235557390,30347312.0000000000,35
0,233,0.0931506310,30347312.0000000000,92
0,234,0.0235328220,30347312.0000000000,92
0,235,0.0234330130,30347312.0000000000,53
0,236,0.0234166200,30347312.0000000000,54
0,237,0.0218120050,27355696.0000000000,71
0,238,0.0220365480,27355696.0000000000,73
0,239,0.0219873850,27355696.0000000000,73
0,240,0.0936586920,30347312.0000000000,94
0,241,0.0234577200,30347312.0000000000,94
0,242,0.0911643950,30347312.0000000000,37
0,243,0.0235004610,30347312.0000000000,37
0,244,0.0956785870,30347312.0000000000,39
0,245,0.0845182190,30347312.0000000000,40
0,246,0.0234823110,30347312.0000000000,40
0,247,0.0886572400,30347312.0000000000,55
0,248,0.0235090090,30347312.0000000000,55
0,249,0.0218073500,27355696.0000000000,55
0,250,0.0865342560,27355696.0000000000,74
0,251,0.0220231330,27355696.0000000000,74
0,252,0.0234618850,30347312.0000000000,37
0,253,0.0965396500,30347312.0000000000,38
0,254,0.0929889430,30347312.0000000000,95
0,255,0.0235611890,30347312.0000000000,95
0,256,0.0235078570,30347312.0000000000,40
0,257,0.0841761750,30347312.0000000000,96
0,258,0.0855394360,30347312.0000000000,41
0,259,0.0844042510,30347312.0000000000,42
0,260,0.0235617790,30347312.0000000000,42
0,261,0.0945416850,27355696.0000000000,62
0,262,0.0220219710,27355696.0000000000,74
0,263,0.0875255170,27355696.0000000000,75
0,264,0.0235919850,30347312.0000000000,38
0,265,0.0235345760,30347312.0000000000,38
0,266,0.0235148240,30347312.0000000000,39
0,267,0.0235075740,30347312.0000000000,39
0,268,0.0235147920,30347312.0000000000,96
0,269,0.0235604190,30347312.0000000000,41
0,270,0.0235266530,30347312.0000000000,41
0,271,0.0235078600,30347312.0000000000,42
0,272,0.0234758050,30347312.0000000000,62
0,273,0.0220105350,27355696.0000000000,62
0,274,0.0221385540,27355696.0000000000,75
0,275,0.0219569260,27355696.0000000000,75
50,0,3.6789487028,159680848.0000000000,76
50,1,3.6475867465,159689088.0000000000,76
50,2,3.6865973162,159687360.0000000000,0
50,3,3.6909381828,159688288.0000000000,1
50,4,3.6824195639,159689072.0000000000,78
50,5,3.6902956788,159688592.0000000000,4
50,6,3.6550054369,159689648.0000000000,4
50,7,3.6857911107,159691728.0000000000,12
50,8,3.6807720186,159690992.0000000000,97
50,9,3.2876826350,143764960.0000000000,97
50,10,3.3202496676,143763808.0000000000,56
50,11,3.3196038789,143755136.0000000000,63
50,12,5.5911138699,240049696.0000000000,0
50,13,5.5910359300,240066384.0000000000,0
50,14,5.5941593771,240058656.0000000000,1
50,15,5.5949748677,240063520.0000000000,1
50,16,5.5956695353,240063040.0000000000,78
50,17,5.5982973505,240062704.0000000000,4
50,18,5.6258763684,240067776.0000000000,5
50,19,5.5988779214,240061760.0000000000,12
50,20,5.6238634372,240062000.0000000000,43
50,21,5.0681440228,216101376.0000000000,43
50,22,5.0641837579,216100832.0000000000,63
50,23,5.0639239244,216084784.0000000000,63
50,24,5.6198580008,240048992.0000000000,77
50,25,5.5925848971,240060880.0000000000,77
50,26,5.6273753324,240067776.0000000000,2
50,27,5.6265705851,240063248.0000000000,3
50,28,5.5930011573,240062448.0000000000,5
50,29,5.6236937894,240064320.0000000000,79
50,30,5.5949637314,240059696.0000000000,79
50,31,5.5946658061,240062864.0000000000,43
50,32,5.6214069384,240064304.0000000000,44
50,33,5.0639366899,216102624.0000000000,44
50,34,5.0927146822,216100960.0000000000,64
50,35,5.0653528392,216085472.0000000000,64
50,36,5.5936422968,240051440.0000000000,2
50,37,5.5936737877,240065280.0000000000,2
50,38,5.5912584969,240060544.0000000000,3
50,39,5.5912890369,240064288.0000000000,3
50,40,5.5933887037,240066992.0000000000,5
50,41,5.6243364693,240061152.0000000000,6
50,42,5.5954973925,240062944.0000000000,6
50,43,5.5926937322,240064752.0000000000,44
50,44,5.5937926976,240062272.0000000000,56
50,45,5.0642705647,216100720.0000000000,56
50,46,5.0656758753,216094864.0000000000,64
50,47,5.0935141868,216087936.0000000000,45
50,48,5.5948514195,240051056.0000000000,6
50,49,5.6223566651,240061696.0000000000,7
50,50,5.5917649718,240061376.0000000000,7
50,51,5.5919331744,240062032.0000000000,7
50,52,5.6247561787,240063488.0000000000,10
50,53,5.5899506732,240062848.0000000000,10
50,54,5.5902106885,240063968.0000000000,10
50,55,5.5928814836,240063984.0000000000,45
50,56,5.5939181685,240063984.0000000000,45
50,57,5.0990611671,216101952.0000000000,98
50,58,5.0885844563,216101440.0000000000,57
50,59,5.0946999906,216088784.0000000000,65
50,60,5.6226976037,240049872.0000000000,80
50,61,5.5943488782,240063632.0000000000,80
50,62,5.6274595652,240063248.0000000000,8
50,63,5.6267221341,240062384.0000000000,9
50,64,5.6191058173,240064976.0000000000,81
50,65,5.6285683961,240061504.0000000000,11
50,66,5.5947398029,240066272.0000000000,11
50,67,5.6013101307,240062624.0000000000,98
50,68,5.6194674856,240062448.0000000000,46
50,69,5.0596087524,216099632.0000000000,46
50,70,5.0680547157,216102736.0000000000,65
50,71,5.0681244651,216084512.0000000000,65
50,72,5.5971340999,240047680.0000000000,8
50,73,5.5974142876,240061488.0000000000,8
50,74,5.5950493400,240062624.0000000000,9
50,75,5.5958490158,240066848.0000000000,9
50,76,5.5940954791,240060960.0000000000,81
50,77,5.5970880527,240063840.0000000000,11
50,78,5.5991390322,240060720.0000000000,12
50,79,5.5912432728,240066992.0000000000,46
50,80,5.5940636090,240065136.0000000000,57
50,81,5.0638868171,216097744.0000000000,57
50,82,5.0897919244,216099680.0000000000,58
50,83,5.0637181113,216084912.0000000000,58
50,84,1.8919790482,89818704.0000000000,58
50,85,1.9231112954,89821472.0000000000,13
50,86,1.8950827025,89822800.0000000000,13
50,87,1.8951608632,89820224.0000000000,13
50,88,1.9208855654,89822048.0000000000,83
50,89,1.8941859355,89821456.0000000000,83
50,90,1.9192381060,89823696.0000000000,16
50,91,1.9234583984,89821008.0000000000,23
50,92,1.8940636314,89821360.0000000000,23
50,93,1.7972001639,80883904.0000000000,47
50,94,1.7920091922,80884816.0000000000,66
50,95,1.7652367083,80879248.0000000000,66
50,96,0.3918630691,30347312.0000000000,82
50,97,0.3657450668,30347312.0000000000,82
50,98,0.3931118455,30347312.0000000000,14
50,99,0.3933972035,30347312.0000000000,15
50,100,0.3749152774,30347312.0000000000,16
50,101,0.3937007246,30347312.0000000000,17
50,102,0.3665985272,30347312.0000000000,17
50,103,0.3749427903,30347312.0000000000,47
50,104,0.3916394272,30347312.0000000000,48
50,105,0.3490896843,27355696.0000000000,48
50,106,0.3763953276,27355696.0000000000,67
50,107,0.3500784874,27355696.0000000000,67
50,108,0.3654235927,30347312.0000000000,14
50,109,0.3651609212,30347312.0000000000,14
50,110,0.3649926081,30347312.0000000000,15
50,111,0.3648740312,30347312.0000000000,15
50,112,0.3750319625,30347312.0000000000,16
50,113,0.3662129408,30347312.0000000000,17
50,114,0.3930702483,30347312.0000000000,18
50,115,0.3747171068,30347312.0000000000,47
50,116,0.3649317950,30347312.0000000000,48
50,117,0.3558700699,27355696.0000000000,66
50,118,0.3499720432,27355696.0000000000,67
50,119,0.3734672906,27355696.0000000000,99
50,120,0.3656072351,30347312.0000000000,18
50,121,0.3656506996,30347312.0000000000,18
50,122,0.3927671200,30347312.0000000000,19
50,123,0.3652870462,30347312.0000000000,19
50,124,0.3951219003,30347312.0000000000,21
50,125,0.3645534133,30347312.0000000000,21
50,126,0.3953978741,30347312.0000000000,22
50,127,0.3644158141,30347312.0000000000,99
50,128,0.3914685439,30347312.0000000000,49
50,129,0.3482463834,27355696.0000000000,49
50,130,0.3758287515,27355696.0000000000,59
50,131,0.3760605633,27355696.0000000000,68
50,132,0.3953073771,30347312.0000000000,84
50,133,0.3651295952,30347312.0000000000,84
50,134,0.3650189634,30347312.0000000000,19
50,135,0.3943181844,30347312.0000000000,20
50,136,0.3644699128,30347312.0000000000,21
50,137,0.3653014196,30347312.0000000000,22
50,138,0.3652141099,30347312.0000000000,22
50,139,0.3643186031,30347312.0000000000,49
50,140,0.3906041787,30347312.0000000000,50
50,141,0.3488342912,27355696.0000000000,50
50,142,0.3490168341,27355696.0000000000,68
50,143,0.3490164064,27355696.0000000000,68
50,144,0.3642895984,30347312.0000000000,20
50,145,0.3641586319,30347312.0000000000,20
50,146,0.3943874726,30347312.0000000000,85
50,147,0.3642404889,30347312.0000000000,85
50,148,0.3953812938,30347312.0000000000,86
50,149,0.3654761970,30347312.0000000000,86
50,150,0.3757952286,30347312.0000000000,23
50,151,0.3640649494,30347312.0000000000,50
50,152,0.3646934456,30347312.0000000000,59
50,153,0.3485619244,27355696.0000000000,59
50,154,0.3791679733,27355696.0000000000,60
50,155,0.3491529549,27355696.0000000000,60
50,156,0.3658012497,30347312.0000000000,60
50,157,0.3975736448,30347312.0000000000,87
50,158,0.3929605410,30347312.0000000000,24
50,159,0.3643002241,30347312.0000000000,24
50,160,0.3933182954,30347312.0000000000,88
50,161,0.3946623497,30347312.0000000000,27
50,162,0.3649985954,30347312.0000000000,27
50,163,0.3965614133,30347312.0000000000,36
50,164,0.3654867297,30347312.0000000000,36
50,165,0.3763911448,27355696.0000000000,61
50,166,0.3782121817,27355696.0000000000,69
50,167,0.3513286295,27355696.0000000000,69
50,168,0.3651386431,30347312.0000000000,87
50,169,0.3641759009,30347312.0000000000,24
50,170,0.3934436980,30347312.0000000000,25
50,171,0.3642217811,30347312.0000000000,25
50,172,0.3645749513,30347312.0000000000,88
50,173,0.3648475476,30347312.0000000000,27
50,174,0.3919136114,30347312.0000000000,28
50,175,0.3650149438,30347312.0000000000,36
50,176,0.3647577027,30347312.0000000000,61
50,177,0.3465448190,27355696.0000000000,61
50,178,0.3512398062,27355696.0000000000,69
50,179,0.3765128756,27355696.0000000000,70
50,180,0.3641705400,30347312.0000000000,25
50,181,0.3944406390,30347312.0000000000,26
50,182,0.3651306322,30347312.0000000000,26
50,183,0.3648896523,30347312.0000000000,26
50,184,0.3659455745,30347312.0000000000,28
50,185,0.3657718365,30347312.0000000000,28
50,186,0.3934500170,30347312.0000000000,89
50,187,0.3898364721,30347312.0000000000,51
50,188,0.3641065495,30347312.0000000000,51
50,189,0.3468888841,27355696.0000000000,51
50,190,0.3495078754,27355696.0000000000,70
50,191,0.3491289428,27355696.0000000000,70
50,192,0.3642428816,30347312.0000000000,89
50,193,0.3916754384,30347312.0000000000,29
50,194,0.3919476620,30347312.0000000000,30
50,195,0.3654561593,30347312.0000000000,30
50,196,0.3932778119,30347312.0000000000,91
50,197,0.3922784574,30347312.0000000000,33
50,198,0.3655315773,30347312.0000000000,33
50,199,0.3932562525,30347312.0000000000,93
50,200,0.3919992558,30347312.0000000000,52
50,201,0.3474017020,27355696.0000000000,52
50,202,0.3734927703,27355696.0000000000,71
50,203,0.3470609132,27355696.0000000000,71
50,204,0.3656274507,30347312.0000000000,29
50,205,0.3654898120,30347312.0000000000,29
50,206,0.3653041025,30347312.0000000000,30
50,207,0.3933256821,30347312.0000000000,90
50,208,0.3653320191,30347312.0000000000,33
50,209,0.3930822754,30347312.0000000000,34
50,210,0.3654425648,30347312.0000000000,34
50,211,0.3640391509,30347312.0000000000,93
50,212,0.3647679587,30347312.0000000000,52
50,213,0.3753119798,27355696.0000000000,53
50,214,0.3746909907,27355696.0000000000,72
50,215,0.3481571429,27355696.0000000000,72
50,216,0.3643282251,30347312.0000000000,90
50,217,0.3928064935,30347312.0000000000,31
50,218,0.3928257399,30347312.0000000000,32
50,219,0.3654485592,30347312.0000000000,32
50,220,0.3654259778,30347312.0000000000,34
50,221,0.3928662114,30347312.0000000000,35
50,222,0.3654861892,30347312.0000000000,35
50,223,0.3643111024,30347312.0000000000,53
50,224,0.3919832223,30347312.0000000000,54
50,225,0.3494114360,27355696.0000000000,54
50,226,0.3475450691,27355696.0000000000,72
50,227,0.3774123577,27355696.0000000000,73
50,228,0.3660262234,30347312.0000000000,31
50,229,0.3658980420,30347312.0000000000,31
50,230,0.3651019493,30347312.0000000000,32
50,231,0.3650736715,30347312.0000000000,91
50,232,0.3653175722,30347312.0000000000,35
50,233,0.3943814735,30347312.0000000000,92
50,234,0.3650352672,30347312.0000000000,92
50,235,0.3641197304,30347312.0000000000,53
50,236,0.3639714003,30347312.0000000000,54
50,237,0.3468362975,27355696.0000000000,71
50,238,0.3498449832,27355696.0000000000,73
50,239,0.3497902620,27355696.0000000000,73
50,240,0.3935890869,30347312.0000000000,94
50,241,0.3641425514,30347312.0000000000,94
50,242,0.3935913249,30347312.0000000000,37
50,243,0.3648887864,30347312.0000000000,37
50,244,0.3953263277,30347312.0000000000,39
50,245,0.3904761551,30347312.0000000000,40
50,246,0.3645473560,30347312.0000000000,40
50,247,0.3921062881,30347312.0000000000,55
50,248,0.3642720162,30347312.0000000000,55
50,249,0.3464698479,27355696.0000000000,55
50,250,0.3768519085,27355696.0000000000,74
50,251,0.3496880373,27355696.0000000000,74
50,252,0.3650935656,30347312.0000000000,37
50,253,0.3963572753,30347312.0000000000,38
50,254,0.3947062039,30347312.0000000000,95
50,255,0.3654266498,30347312.0000000000,95
50,256,0.3645762444,30347312.0000000000,40
50,257,0.3907165725,30347312.0000000000,96
50,258,0.3919499644,30347312.0000000000,41
50,259,0.3916542696,30347312.0000000000,42
50,260,0.3655810106,30347312.0000000000,42
50,261,0.3791806630,27355696.0000000000,62
50,262,0.3498971812,27355696.0000000000,74
50,263,0.3776981410,27355696.0000000000,75
50,264,0.3658198208,30347312.0000000000,38
50,265,0.3658185680,30347312.0000000000,38
50,266,0.3651213945,30347312.0000000000,39
50,267,0.3651444436,30347312.0000000000,39
50,268,0.3647670102,30347312.0000000000,96
50,269,0.3652860913,30347312.0000000000,41
50,270,0.3652832792,30347312.0000000000,41
50,271,0.3655318561,30347312.0000000000,42
50,272,0.3647627254,30347312.0000000000,62
50,273,0.3487788572,27355696.0000000000,62
50,274,0.3498161108,27355696.0000000000,75
50,275,0.3497536546,27355696.0000000000,75
100,0,0.1211123520,159651408.0000000000,79
100,1,0.1241640930,159672096.0000000000,80
100,2,0.1190752970,159662752.0000000000,78
100,3,0.2235684660,159659424.0000000000,75
100,4,0.2236705510,159668848.0000000000,74
100,5,0.2237797740,159684016.0000000000,72
100,6,0.1209228750,159700176.0000000000,76
100,7,0.2238487060,159715408.0000000000,73
100,8,0.1245904800,159721680.0000000000,77
100,9,0.1548005400,143783712.0000000000,82
100,10,0.1217676830,143780240.0000000000,81
100,11,0.1207848840,143750336.0000000000,83
100,12,0.1804509600,240018608.0000000000,12
100,13,0.1804836470,240066320.0000000000,9
100,14,0.2636638610,240056576.0000000000,33
100,15,0.2635135920,240058240.0000000000,32
100,16,0.2592235860,240064944.0000000000,51
100,17,0.1805746910,240057840.0000000000,47
100,18,0.2621204140,240066880.0000000000,26
100,19,0.1805302070,240057696.0000000000,45
100,20,0.2241237390,240060256.0000000000,19
100,21,0.1636251220,216108672.0000000000,64
100,22,0.2466111560,216098992.0000000000,68
100,23,0.2471632710,216060960.0000000000,71
100,24,0.2240810030,240029904.0000000000,42
100,25,0.1803064560,240060048.0000000000,2
100,26,0.2229382030,240068624.0000000000,18
100,27,0.2648112730,240063936.0000000000,34
100,28,0.1805763510,240057360.0000000000,13
100,29,0.2245172970,240066208.0000000000,15
100,30,0.2653070270,240061584.0000000000,55
100,31,0.1804887050,240062496.0000000000,44
100,32,0.2560301980,240064528.0000000000,36
100,33,0.2467348440,216101840.0000000000,70
100,34,0.1633269690,216098576.0000000000,58
100,35,0.1633791200,216067344.0000000000,66
100,36,0.2214721930,240030400.0000000000,22
100,37,0.2230594880,240062736.0000000000,20
100,38,0.1803475940,240055232.0000000000,6
100,39,0.1804193740,240065504.0000000000,7
100,40,0.2612951800,240063040.0000000000,27
100,41,0.2221703640,240061504.0000000000,17
100,42,0.2674709680,240062592.0000000000,54
100,43,0.1803131780,240063520.0000000000,3
100,44,0.2603954720,240059232.0000000000,29
100,45,0.2021669650,216100720.0000000000,67
100,46,0.1636232890,216097184.0000000000,65
100,47,0.2008472600,216066864.0000000000,59
100,48,0.2274066300,240028464.0000000000,41
100,49,0.2634936140,240061840.0000000000,35
100,50,0.1804804090,240066672.0000000000,4
100,51,0.1804013070,240063968.0000000000,5
100,52,0.2563193760,240063264.0000000000,37
100,53,0.1804125090,240064992.0000000000,8
100,54,0.1804208350,240060272.0000000000,11
100,55,0.1804732920,240062400.0000000000,23
100,56,0.2245431270,240062848.0000000000,21
100,57,0.1635582240,216100992.0000000000,56
100,58,0.2090688670,216095568.0000000000,61
100,59,0.1633252230,216068128.0000000000,57
100,60,0.1803783900,240029408.0000000000,16
100,61,0.2641755780,240061248.0000000000,53
100,62,0.2603710580,240062848.0000000000,24
100,63,0.2603939970,240060688.0000000000,28
100,64,0.2562394550,240063072.0000000000,38
100,65,0.2237227210,240060176.0000000000,14
100,66,0.2306765730,240065984.0000000000,40
100,67,0.2611034460,240061184.0000000000,30
100,68,0.2602711570,240064416.0000000000,48
100,69,0.1634930140,216098864.0000000000,1
100,70,0.2051699040,216103184.0000000000,62
100,71,0.1633203400,216066480.0000000000,63
100,72,0.2633506990,240024928.0000000000,52
100,73,0.2600024910,240057936.0000000000,49
100,74,0.2565043530,240063184.0000000000,39
100,75,0.1806421220,240066752.0000000000,43
100,76,0.2592716380,240058352.0000000000,25
100,77,0.2596638040,240060832.0000000000,50
100,78,0.1803996530,240061056.0000000000,46
100,79,0.1804817630,240064304.0000000000,10
100,80,0.2604628900,240060960.0000000000,31
100,81,0.2469904790,216099040.0000000000,69
100,82,0.2072147270,216100544.0000000000,60
100,83,0.1633478750,216055456.0000000000,0
100,84,0.1242756570,89811648.0000000000,92
100,85,0.1437651190,89815856.0000000000,84
100,86,0.1405349320,89824720.0000000000,89
100,87,0.1404953850,89822912.0000000000,88
100,88,0.1438883300,89821680.0000000000,85
100,89,0.1404585350,89820528.0000000000,90
100,90,0.1430621490,89822576.0000000000,87
100,91,0.1437712910,89820272.0000000000,86
100,92,0.1401567490,89822928.0000000000,91
100,93,0.1241356670,80884912.0000000000,93
100,94,0.1245152210,80880768.0000000000,94
100,95,0.1252204180,80873456.0000000000,95
100,96,0.0115315960,30347312.0000000000,88
100,97,0.0115436800,30347312.0000000000,76
100,98,0.0115381020,30347312.0000000000,87
100,99,0.0115228730,30347312.0000000000,86
100,100,0.0112236670,30347312.0000000000,96
100,101,0.0115799750,30347312.0000000000,98
100,102,0.0115511160,30347312.0000000000,83
100,103,0.0115475240,30347312.0000000000,98
100,104,0.0115277520,30347312.0000000000,85
100,105,0.0109766640,27355696.0000000000,37
100,106,0.0109702350,27355696.0000000000,21
100,107,0.0109518410,27355696.0000000000,54
100,108,0.0115431210,30347312.0000000000,79
100,109,0.0116038410,30347312.0000000000,74
100,110,0.0115355250,30347312.0000000000,65
100,111,0.0115090720,30347312.0000000000,58
100,112,0.0112212730,30347312.0000000000,99
100,113,0.0115255590,30347312.0000000000,81
100,114,0.0115516670,30347312.0000000000,95
100,115,0.0112138180,30347312.0000000000,96
100,116,0.0115520360,30347312.0000000000,57
100,117,0.0109571990,27355696.0000000000,33
100,118,0.0109730640,27355696.0000000000,52
100,119,0.0109806330,27355696.0000000000,44
100,120,0.0115730910,30347312.0000000000,72
100,121,0.0115741010,30347312.0000000000,83
100,122,0.0115420550,30347312.0000000000,90
100,123,0.0115739520,30347312.0000000000,72
100,124,0.0115261850,30347312.0000000000,89
100,125,0.0115667650,30347312.0000000000,65
100,126,0.0111961260,30347312.0000000000,99
100,127,0.0115478390,30347312.0000000000,61
100,128,0.0115320310,30347312.0000000000,87
100,129,0.0109810200,27355696.0000000000,18
100,130,0.0109914360,27355696.0000000000,32
100,131,0.0109811700,27355696.0000000000,31
100,132,0.0111868060,30347312.0000000000,96
100,133,0.0115698960,30347312.0000000000,68
100,134,0.0115468670,30347312.0000000000,66
100,135,0.0115107360,30347312.0000000000,91
100,136,0.0115383820,30347312.0000000000,64
100,137,0.0115261110,30347312.0000000000,73
100,138,0.0115167020,30347312.0000000000,77
100,139,0.0115332710,30347312.0000000000,62
100,140,0.0115381220,30347312.0000000000,84
100,141,0.0109857390,27355696.0000000000,28
100,142,0.0109182150,27355696.0000000000,35
100,143,0.0109346130,27355696.0000000000,36
100,144,0.0115166100,30347312.0000000000,57
100,145,0.0115380710,30347312.0000000000,60
100,146,0.0115264310,30347312.0000000000,87
100,147,0.0115406350,30347312.0000000000,59
100,148,0.0115807860,30347312.0000000000,97
100,149,0.0115484320,30347312.0000000000,76
100,150,0.0115387660,30347312.0000000000,97
100,151,0.0115606850,30347312.0000000000,7
100,152,0.0115315610,30347312.0000000000,71
100,153,0.0109658920,27355696.0000000000,16
100,154,0.0109583420,27355696.0000000000,20
100,155,0.0110159170,27355696.0000000000,17
100,156,0.0115561700,30347312.0000000000,74
100,157,0.0115419020,30347312.0000000000,97
100,158,0.0115257130,30347312.0000000000,88
100,159,0.0115217320,30347312.0000000000,5
100,160,0.0115260180,30347312.0000000000,86
100,161,0.0115718160,30347312.0000000000,92
100,162,0.0115208160,30347312.0000000000,60
100,163,0.0115253690,30347312.0000000000,98
100,164,0.0115458770,30347312.0000000000,76
100,165,0.0109484120,27355696.0000000000,41
100,166,0.0110090020,27355696.0000000000,13
100,167,0.0109403120,27355696.0000000000,51
100,168,0.0115334850,30347312.0000000000,71
100,169,0.0115317270,30347312.0000000000,10
100,170,0.0115500010,30347312.0000000000,92
100,171,0.0115044940,30347312.0000000000,9
100,172,0.0115334920,30347312.0000000000,66
100,173,0.0115429400,30347312.0000000000,59
100,174,0.0115068960,30347312.0000000000,91
100,175,0.0115469530,30347312.0000000000,69
100,176,0.0115356310,30347312.0000000000,70
100,177,0.0109724360,27355696.0000000000,26
100,178,0.0109520710,27355696.0000000000,53
100,179,0.0109940540,27355696.0000000000,29
100,180,0.0115713050,30347312.0000000000,6
100,181,0.0115529550,30347312.0000000000,90
100,182,0.0115491910,30347312.0000000000,63
100,183,0.0115231610,30347312.0000000000,61
100,184,0.0115554660,30347312.0000000000,78
100,185,0.0115422310,30347312.0000000000,75
100,186,0.0115162380,30347312.0000000000,93
100,187,0.0115663550,30347312.0000000000,82
100,188,0.0115451380,30347312.0000000000,3
100,189,0.0109394390,27355696.0000000000,19
100,190,0.0109126930,27355696.0000000000,46
100,191,0.0110195620,27355696.0000000000,42
100,192,0.0115823370,30347312.0000000000,56
100,193,0.0115258750,30347312.0000000000,95
100,194,0.0115212370,30347312.0000000000,93
100,195,0.0115907340,30347312.0000000000,74
100,196,0.0115498150,30347312.0000000000,92
100,197,0.0114932540,30347312.0000000000,94
100,198,0.0115645620,30347312.0000000000,75
100,199,0.0115625950,30347312.0000000000,90
100,200,0.0115443330,30347312.0000000000,84
100,201,0.0109623280,27355696.0000000000,34
100,202,0.0109955130,27355696.0000000000,43
100,203,0.0109352340,27355696.0000000000,24
100,204,0.0115528790,30347312.0000000000,82
100,205,0.0115231630,30347312.0000000000,79
100,206,0.0115362280,30347312.0000000000,75
100,207,0.0115188640,30347312.0000000000,95
100,208,0.0115435550,30347312.0000000000,72
100,209,0.0114877220,30347312.0000000000,94
100,210,0.0115502150,30347312.0000000000,81
100,211,0.0115680570,30347312.0000000000,11
100,212,0.0115489240,30347312.0000000000,56
100,213,0.0109401230,27355696.0000000000,39
100,214,0.0109534510,27355696.0000000000,40
100,215,0.0109788920,27355696.0000000000,15
100,216,0.0115368880,30347312.0000000000,63
100,217,0.0115100700,30347312.0000000000,98
100,218,0.0115391550,30347312.0000000000,85
100,219,0.0115659760,30347312.0000000000,83
100,220,0.0115324210,30347312.0000000000,78
100,221,0.0115090440,30347312.0000000000,93
100,222,0.0115093750,30347312.0000000000,81
100,223,0.0115127330,30347312.0000000000,12
100,224,0.0115269500,30347312.0000000000,86
100,225,0.0109783550,27355696.0000000000,38
100,226,0.0109618110,27355696.0000000000,14
100,227,0.0109639310,27355696.0000000000,23
100,228,0.0115811360,30347312.0000000000,80
100,229,0.0115535210,30347312.0000000000,79
100,230,0.0115644630,30347312.0000000000,1
100,231,0.0115613940,30347312.0000000000,64
100,232,0.0115654750,30347312.0000000000,80
100,233,0.0111991780,30347312.0000000000,96
100,234,0.0115560740,30347312.0000000000,62
100,235,0.0115559270,30347312.0000000000,4
100,236,0.0115132450,30347312.0000000000,2
100,237,0.0110159950,27355696.0000000000,1
100,238,0.0109298980,27355696.0000000000,49
100,239,0.0109410660,27355696.0000000000,47
100,240,0.0114761310,30347312.0000000000,94
100,241,0.0115275000,30347312.0000000000,8
100,242,0.0115470770,30347312.0000000000,84
100,243,0.0115537540,30347312.0000000000,1
100,244,0.0115268930,30347312.0000000000,97
100,245,0.0115192370,30347312.0000000000,85
100,246,0.0115627480,30347312.0000000000,67
100,247,0.0114923590,30347312.0000000000,91
100,248,0.0115026810,30347312.0000000000,58
100,249,0.0109148100,27355696.0000000000,0
100,250,0.0109310250,27355696.0000000000,25
100,251,0.0109815320,27355696.0000000000,45
100,252,0.0115797510,30347312.0000000000,67
100,253,0.0111968760,30347312.0000000000,99
100,254,0.0111923170,30347312.0000000000,99
100,255,0.0115634120,30347312.0000000000,73
100,256,0.0115545350,30347312.0000000000,68
100,257,0.0115145420,30347312.0000000000,89
100,258,0.0115436990,30347312.0000000000,88
100,259,0.0115002860,30347312.0000000000,89
100,260,0.0115106300,30347312.0000000000,77
100,261,0.0109665770,27355696.0000000000,22
100,262,0.0110362750,27355696.0000000000,48
100,263,0.0109664320,27355696.0000000000,27
100,264,0.0115244750,30347312.0000000000,77
100,265,0.0115322920,30347312.0000000000,73
100,266,0.0115448970,30347312.0000000000,70
100,267,0.0115255800,30347312.0000000000,0
100,268,0.0114999110,30347312.0000000000,0
100,269,0.0115066910,30347312.0000000000,78
100,270,0.0115341070,30347312.0000000000,82
100,271,0.0115543440,30347312.0000000000,80
100,272,0.0115540550,30347312.0000000000,69
100,273,0.0109860500,27355696.0000000000,30
100,274,0.0109793460,27355696.0000000000,55
100,275,0.0109520550,27355696.0000000000,50
150,0,3.7230672646,159606672.0000000000,79
150,1,3.7367909570,159625840.0000000000,80
150,2,3.7545870852,159593808.0000000000,78
150,3,3.8129422836,159587696.0000000000,75
150,4,3.8282940901,159625680.0000000000,74
150,5,3.8364504379,159668336.0000000000,72
150,6,3.7944600200,159729968.0000000000,76
150,7,3.8248119855,159785968.0000000000,73
150,8,3.7695136106,159816880.0000000000,77
150,9,3.3947134058,143866816.0000000000,82
150,10,3.3660925646,143831312.0000000000,81
150,11,3.3557885426,143775536.0000000000,83
150,12,5.6850479385,240004816.0000000000,12
150,13,5.6808411709,240065376.0000000000,9
150,14,5.7163341595,240059152.0000000000,33
150,15,5.7165539414,240060960.0000000000,32
150,16,5.7099541232,240064208.0000000000,51
150,17,5.6821240943,240057936.0000000000,47
150,18,5.7149689385,240065120.0000000000,26
150,19,5.6828918707,240060272.0000000000,45
150,20,5.7007963775,240063808.0000000000,19
150,21,5.1473218365,216109568.0000000000,64
150,22,5.1754029680,216099616.0000000000,68
150,23,5.1755823416,216045504.0000000000,71
150,24,5.7020182170,240022640.0000000000,42
150,25,5.6808894648,240060512.0000000000,2
150,26,5.7021046448,240063456.0000000000,18
150,27,5.7121967538,240063552.0000000000,34
150,28,5.6850448277,240064384.0000000000,13
150,29,5.6948821619,240063488.0000000000,15
150,30,5.7106166416,240062384.0000000000,55
150,31,5.6801061472,240064192.0000000000,44
150,32,5.7092998406,240064368.0000000000,36
150,33,5.1761669298,216099520.0000000000,70
150,34,5.1401617510,216098160.0000000000,58
150,35,5.1437109847,216058480.0000000000,66
150,36,5.6947304330,240021184.0000000000,22
150,37,5.6973057532,240064896.0000000000,20
150,38,5.6824447750,240060656.0000000000,6
150,39,5.6796946885,240064352.0000000000,7
150,40,5.7081486877,240063680.0000000000,27
150,41,5.7016359207,240064688.0000000000,17
150,42,5.7107440096,240063392.0000000000,54
150,43,5.6795053091,240064592.0000000000,3
150,44,5.7171617271,240061840.0000000000,29
150,45,5.1609765508,216099616.0000000000,67
150,46,5.1463222875,216098480.0000000000,65
150,47,5.1544698980,216058288.0000000000,59
150,48,5.6984256307,240020336.0000000000,41
150,49,5.7123655182,240064672.0000000000,35
150,50,5.6832849528,240064224.0000000000,4
150,51,5.6810576043,240063040.0000000000,5
150,52,5.7128508929,240067856.0000000000,37
150,53,5.6814778753,240061728.0000000000,8
150,54,5.6814664452,240066880.0000000000,11
150,55,5.6791438938,240061344.0000000000,23
150,56,5.6958988496,240066128.0000000000,21
150,57,5.1437449152,216098368.0000000000,56
150,58,5.1579461349,216100848.0000000000,61
150,59,5.1399899351,216059024.0000000000,57
150,60,5.6781285730,240021232.0000000000,16
150,61,5.7102689685,240062288.0000000000,53
150,62,5.7081548026,240061104.0000000000,24
150,63,5.7130537720,240062192.0000000000,28
150,64,5.7134026013,240063296.0000000000,38
150,65,5.6972091381,240067072.0000000000,14
150,66,5.6973639557,240064352.0000000000,40
150,67,5.7150703543,240061008.0000000000,30
150,68,5.7171051786,240063648.0000000000,48
150,69,5.1428683759,216102976.0000000000,1
150,70,5.1622608459,216099936.0000000000,62
150,71,5.1405450733,216055136.0000000000,63
150,72,5.7131559644,240005088.0000000000,52
150,73,5.7092824937,240057840.0000000000,49
150,74,5.7149182938,240062864.0000000000,39
150,75,5.6855463527,240065648.0000000000,43
150,76,5.7122421073,240054000.0000000000,25
150,77,5.7113650255,240056416.0000000000,50
150,78,5.6781953425,240063248.0000000000,46
150,79,5.6801616574,240065216.0000000000,10
150,80,5.7190977038,240065008.0000000000,31
150,81,5.1817171509,216100848.0000000000,69
150,82,5.1631277450,216099808.0000000000,60
150,83,5.1410387816,216041776.0000000000,0
150,84,1.9462519917,89805872.0000000000,92
150,85,1.9499953828,89815216.0000000000,84
150,86,1.9488928145,89827552.0000000000,89
150,87,1.9495144623,89823680.0000000000,88
150,88,1.9510225820,89825040.0000000000,85
150,89,1.9501851093,89821408.0000000000,90
150,90,1.9505849702,89823008.0000000000,87
150,91,1.9504038338,89818112.0000000000,86
150,92,1.9477442038,89824816.0000000000,91
150,93,1.8156817168,80882416.0000000000,93
150,94,1.8144410110,80884128.0000000000,94
150,95,1.8160047445,80867120.0000000000,95
150,96,0.3769491907,30347312.0000000000,88
150,97,0.3771027731,30347312.0000000000,76
150,98,0.3763163343,30347312.0000000000,87
150,99,0.3765442737,30347312.0000000000,86
150,100,0.3669247667,30347312.0000000000,96
150,101,0.3782714641,30347312.0000000000,98
150,102,0.3778000943,30347312.0000000000,83
150,103,0.3773792948,30347312.0000000000,98
150,104,0.3768718599,30347312.0000000000,85
150,105,0.3587224556,27355696.0000000000,37
150,106,0.3577631319,27355696.0000000000,21
150,107,0.3572422403,27355696.0000000000,54
150,108,0.3770677943,30347312.0000000000,79
150,109,0.3784216999,30347312.0000000000,74
150,110,0.3781913494,30347312.0000000000,65
150,111,0.3761943882,30347312.0000000000,58
150,112,0.3665662993,30347312.0000000000,99
150,113,0.3768777018,30347312.0000000000,81
150,114,0.3768363927,30347312.0000000000,95
150,115,0.3658726245,30347312.0000000000,96
150,116,0.3770143250,30347312.0000000000,57
150,117,0.3579899006,27355696.0000000000,33
150,118,0.3589230130,27355696.0000000000,52
150,119,0.3584568831,27355696.0000000000,44
150,120,0.3780220309,30347312.0000000000,72
150,121,0.3779113608,30347312.0000000000,83
150,122,0.3771858963,30347312.0000000000,90
150,123,0.3778156220,30347312.0000000000,72
150,124,0.3759879760,30347312.0000000000,89
150,125,0.3777454990,30347312.0000000000,65
150,126,0.3657021182,30347312.0000000000,99
150,127,0.3765326619,30347312.0000000000,61
150,128,0.3762195803,30347312.0000000000,87
150,129,0.3582900684,27355696.0000000000,18
150,130,0.3587685484,27355696.0000000000,32
150,131,0.3587200520,27355696.0000000000,31
150,132,0.3660107268,30347312.0000000000,96
150,133,0.3776386454,30347312.0000000000,68
150,134,0.3769675643,30347312.0000000000,66
150,135,0.3756271764,30347312.0000000000,91
150,136,0.3775007878,30347312.0000000000,64
150,137,0.3766889266,30347312.0000000000,73
150,138,0.3764907366,30347312.0000000000,77
150,139,0.3774418897,30347312.0000000000,62
150,140,0.3768434450,30347312.0000000000,84
150,141,0.3586187812,27355696.0000000000,28
150,142,0.3573694358,27355696.0000000000,35
150,143,0.3575356419,27355696.0000000000,36
150,144,0.3769910110,30347312.0000000000,57
150,145,0.3769550404,30347312.0000000000,60
150,146,0.3762809117,30347312.0000000000,87
150,147,0.3773147425,30347312.0000000000,59
150,148,0.3775997083,30347312.0000000000,97
150,149,0.3771473516,30347312.0000000000,76
150,150,0.3768667224,30347312.0000000000,97
150,151,0.3778184792,30347312.0000000000,7
150,152,0.3770751249,30347312.0000000000,71
150,153,0.3574433268,27355696.0000000000,16
150,154,0.3573543409,27355696.0000000000,20
150,155,0.3594578799,27355696.0000000000,17
150,156,0.3781614357,30347312.0000000000,74
150,157,0.3768243960,30347312.0000000000,97
150,158,0.3767863625,30347312.0000000000,88
150,159,0.3769306120,30347312.0000000000,5
150,160,0.3765560405,30347312.0000000000,86
150,161,0.3776488250,30347312.0000000000,92
150,162,0.3769464661,30347312.0000000000,60
150,163,0.3774001451,30347312.0000000000,98
150,164,0.3770529993,30347312.0000000000,76
150,165,0.3577897503,27355696.0000000000,41
150,166,0.3592090597,27355696.0000000000,13
150,167,0.3571245293,27355696.0000000000,51
150,168,0.3769642943,30347312.0000000000,71
150,169,0.3774596177,30347312.0000000000,10
150,170,0.3776607328,30347312.0000000000,92
150,171,0.3763571443,30347312.0000000000,9
150,172,0.3770623820,30347312.0000000000,66
150,173,0.3773794468,30347312.0000000000,59
150,174,0.3755250188,30347312.0000000000,91
150,175,0.3777029978,30347312.0000000000,69
150,176,0.3770543541,30347312.0000000000,70
150,177,0.3586534799,27355696.0000000000,26
150,178,0.3576250555,27355696.0000000000,53
150,179,0.3593818044,27355696.0000000000,29
150,180,0.3782071904,30347312.0000000000,6
150,181,0.3775160565,30347312.0000000000,90
150,182,0.3772723522,30347312.0000000000,63
150,183,0.3763736428,30347312.0000000000,61
150,184,0.3770230904,30347312.0000000000,78
150,185,0.3768558853,30347312.0000000000,75
150,186,0.3765358134,30347312.0000000000,93
150,187,0.3775700330,30347312.0000000000,82
150,188,0.3774332962,30347312.0000000000,3
150,189,0.3576055390,27355696.0000000000,19
150,190,0.3567161897,27355696.0000000000,46
150,191,0.3595101121,27355696.0000000000,42
150,192,0.3776183106,30347312.0000000000,56
150,193,0.3765931811,30347312.0000000000,95
150,194,0.3763391745,30347312.0000000000,93
150,195,0.3781755753,30347312.0000000000,74
150,196,0.3776475917,30347312.0000000000,92
150,197,0.3752809529,30347312.0000000000,94
150,198,0.3766522505,30347312.0000000000,75
150,199,0.3772052117,30347312.0000000000,90
150,200,0.3767184667,30347312.0000000000,84
150,201,0.3577668006,27355696.0000000000,34
150,202,0.3586821142,27355696.0000000000,43
150,203,0.3572501211,27355696.0000000000,24
150,204,0.3775495440,30347312.0000000000,82
150,205,0.3772975326,30347312.0000000000,79
150,206,0.3766830302,30347312.0000000000,75
150,207,0.3766598038,30347312.0000000000,95
150,208,0.3778642738,30347312.0000000000,72
150,209,0.3750261457,30347312.0000000000,94
150,210,0.3767036519,30347312.0000000000,81
150,211,0.3771492890,30347312.0000000000,11
150,212,0.3774734574,30347312.0000000000,56
150,213,0.3576935578,27355696.0000000000,39
150,214,0.3578588486,27355696.0000000000,40
150,215,0.3581257973,27355696.0000000000,15
150,216,0.3770475907,30347312.0000000000,63
150,217,0.3772931551,30347312.0000000000,98
150,218,0.3768777176,30347312.0000000000,85
150,219,0.3778821415,30347312.0000000000,83
150,220,0.3770251001,30347312.0000000000,78
150,221,0.3763781149,30347312.0000000000,93
150,222,0.3765444307,30347312.0000000000,81
150,223,0.3765611598,30347312.0000000000,12
150,224,0.3765686815,30347312.0000000000,86
150,225,0.3586257068,27355696.0000000000,38
150,226,0.3576494364,27355696.0000000000,14
150,227,0.3578474404,27355696.0000000000,23
150,228,0.3778842194,30347312.0000000000,80
150,229,0.3769314057,30347312.0000000000,79
150,230,0.3772682269,30347312.0000000000,1
150,231,0.3774712032,30347312.0000000000,64
150,232,0.3780060148,30347312.0000000000,80
150,233,0.3658366741,30347312.0000000000,96
150,234,0.3774892262,30347312.0000000000,62
150,235,0.3774622034,30347312.0000000000,4
150,236,0.3768758150,30347312.0000000000,2
150,237,0.3577957435,27355696.0000000000,1
150,238,0.3570013525,27355696.0000000000,49
150,239,0.3574540695,27355696.0000000000,47
150,240,0.3750685901,30347312.0000000000,94
150,241,0.3771345279,30347312.0000000000,8
150,242,0.3767944453,30347312.0000000000,84
150,243,0.3774409938,30347312.0000000000,1
150,244,0.3769377508,30347312.0000000000,97
150,245,0.3770595139,30347312.0000000000,85
150,246,0.3778843571,30347312.0000000000,67
150,247,0.3754293489,30347312.0000000000,91
150,248,0.3760840260,30347312.0000000000,58
150,249,0.3567434404,27355696.0000000000,0
150,250,0.3570089599,27355696.0000000000,25
150,251,0.3587042652,27355696.0000000000,45
150,252,0.3778260140,30347312.0000000000,67
150,253,0.3657187462,30347312.0000000000,99
150,254,0.3655189477,30347312.0000000000,99
150,255,0.3766568289,30347312.0000000000,73
150,256,0.3774098885,30347312.0000000000,68
150,257,0.3758021595,30347312.0000000000,89
150,258,0.3767286405,30347312.0000000000,88
150,259,0.3758563509,30347312.0000000000,89
150,260,0.3764435288,30347312.0000000000,77
150,261,0.3578777155,27355696.0000000000,22
150,262,0.3595664659,27355696.0000000000,48
150,263,0.3579038244,27355696.0000000000,27
150,264,0.3765167574,30347312.0000000000,77
150,265,0.3766512447,30347312.0000000000,73
150,266,0.3770651813,30347312.0000000000,70
150,267,0.3781238025,30347312.0000000000,0
150,268,0.3761108300,30347312.0000000000,0
150,269,0.3768868898,30347312.0000000000,78
150,270,0.3774818852,30347312.0000000000,82
150,271,0.3778210298,30347312.0000000000,80
150,272,0.3776247295,30347312.0000000000,69
150,273,0.3586850440,27355696.0000000000,30
150,274,0.3583726107,27355696.0000000000,55
150,275,0.3577042807,27355696.0000000000,50
200,0,0.1162328940,159490400.0000000000,79
200,1,0.1173401210,159495056.0000000000,80
200,2,0.1186477730,159411392.0000000000,78
200,3,0.1196438690,159426944.0000000000,75
200,4,0.1204555610,159524576.0000000000,74
200,5,0.1206209020,159639440.0000000000,72
200,6,0.1204241100,159762208.0000000000,76
200,7,0.1204377000,159901440.0000000000,73
200,8,0.1197648960,160006272.0000000000,77
200,9,0.1075410410,144043776.0000000000,82
200,10,0.1060545350,143961568.0000000000,81
200,11,0.1047128260,143842176.0000000000,83
200,12,0.1765181520,239988816.0000000000,12
200,13,0.1765082090,240066768.0000000000,9
200,14,0.1766761820,240060256.0000000000,33
200,15,0.1766953490,240061280.0000000000,32
200,16,0.1765102190,240066656.0000000000,51
200,17,0.1765262220,240061520.0000000000,47
200,18,0.1764606900,240062528.0000000000,26
200,19,0.1766406430,240063520.0000000000,45
200,20,0.1767547060,240061744.0000000000,19
200,21,0.1598613010,216109296.0000000000,64
200,22,0.1598972160,216098992.0000000000,68
200,23,0.1597705470,216024464.0000000000,71
200,24,0.1766357450,240008704.0000000000,42
200,25,0.1766046420,240065840.0000000000,2
200,26,0.1765815700,240062272.0000000000,18
200,27,0.1764998510,240063888.0000000000,34
200,28,0.1766369050,240062368.0000000000,13
200,29,0.1764332920,240066704.0000000000,15
200,30,0.1763132360,240062512.0000000000,55
200,31,0.1763737200,240061184.0000000000,44
200,32,0.1765141130,240069904.0000000000,36
200,33,0.1597761090,216093584.0000000000,70
200,34,0.1596064370,216099504.0000000000,58
200,35,0.1597838120,216052720.0000000000,66
200,36,0.1764277880,240017936.0000000000,22
200,37,0.1764581070,240062496.0000000000,20
200,38,0.1764869730,240060848.0000000000,6
200,39,0.1764448320,240064800.0000000000,7
200,40,0.1764177470,240065712.0000000000,27
200,41,0.1766627990,240061632.0000000000,17
200,42,0.1763614280,240062112.0000000000,54
200,43,0.1763690760,240063072.0000000000,3
200,44,0.1766634090,240059536.0000000000,29
200,45,0.1597730090,216098240.0000000000,67
200,46,0.1598283370,216101936.0000000000,65
200,47,0.1596696020,216051984.0000000000,59
200,48,0.1766012070,240014784.0000000000,41
200,49,0.1764308500,240064192.0000000000,35
200,50,0.1765723280,240062624.0000000000,4
200,51,0.1764930850,240059664.0000000000,5
200,52,0.1765633800,240066816.0000000000,37
200,53,0.1766396140,240063200.0000000000,8
200,54,0.1764966260,240066656.0000000000,11
200,55,0.1764632670,240060208.0000000000,23
200,56,0.1764660790,240066096.0000000000,21
200,57,0.1597541920,216103296.0000000000,56
200,58,0.1597128940,216099152.0000000000,61
200,59,0.1597313210,216050896.0000000000,57
200,60,0.1763610740,240009488.0000000000,16
200,61,0.1763761560,240065184.0000000000,53
200,62,0.1764225060,240058864.0000000000,24
200,63,0.1766008090,240063136.0000000000,28
200,64,0.1766079850,240063808.0000000000,38
200,65,0.1764801010,240065392.0000000000,14
200,66,0.1763997500,240060688.0000000000,40
200,67,0.1765902600,240061792.0000000000,30
200,68,0.1766823500,240062112.0000000000,48
200,69,0.1599872720,216101408.0000000000,1
200,70,0.1598405820,216101888.0000000000,62
200,71,0.1596769440,216043872.0000000000,63
200,72,0.1765393320,239980336.0000000000,52
200,73,0.1764644880,240064592.0000000000,49
200,74,0.1767240400,240066432.0000000000,39
200,75,0.1765720450,240060976.0000000000,43
200,76,0.1766025950,240056032.0000000000,25
200,77,0.1765460460,240058016.0000000000,50
200,78,0.1763972640,240061648.0000000000,46
200,79,0.1765073880,240069376.0000000000,10
200,80,0.1767942530,240064080.0000000000,31
200,81,0.1601322760,216100480.0000000000,69
200,82,0.1598927010,216094048.0000000000,60
200,83,0.1597012400,216021472.0000000000,0
200,84,0.0595586890,89800720.0000000000,92
200,85,0.0594501790,89813632.0000000000,84
200,86,0.0594981210,89825952.0000000000,89
200,87,0.0595680840,89821888.0000000000,88
200,88,0.0595317480,89826608.0000000000,85
200,89,0.0595230580,89819296.0000000000,90
200,90,0.0594820000,89825520.0000000000,87
200,91,0.0595626160,89816256.0000000000,86
200,92,0.0595890360,89824208.0000000000,91
200,93,0.0554630430,80882432.0000000000,93
200,94,0.0555151430,80887040.0000000000,94
200,95,0.0554676350,80859024.0000000000,95
200,96,0.0115350480,30347312.0000000000,88
200,97,0.0115510310,30347312.0000000000,76
200,98,0.0115169200,30347312.0000000000,87
200,99,0.0115313450,30347312.0000000000,86
200,100,0.0112715390,30347312.0000000000,96
200,101,0.0115495850,30347312.0000000000,98
200,102,0.0115703090,30347312.0000000000,83
200,103,0.0115357280,30347312.0000000000,98
200,104,0.0115401020,30347312.0000000000,85
200,105,0.0110003680,27355696.0000000000,37
200,106,0.0109741760,27355696.0000000000,21
200,107,0.0109341450,27355696.0000000000,54
200,108,0.0115380360,30347312.0000000000,79
200,109,0.0115742900,30347312.0000000000,74
200,110,0.0115681620,30347312.0000000000,65
200,111,0.0115082290,30347312.0000000000,58
200,112,0.0112262790,30347312.0000000000,99
200,113,0.0115541560,30347312.0000000000,81
200,114,0.0115263530,30347312.0000000000,95
200,115,0.0112066340,30347312.0000000000,96
200,116,0.0115409230,30347312.0000000000,57
200,117,0.0109563420,27355696.0000000000,33
200,118,0.0109736590,27355696.0000000000,52
200,119,0.0109776000,27355696.0000000000,44
200,120,0.0115758830,30347312.0000000000,72
200,121,0.0115465210,30347312.0000000000,83
200,122,0.0115345400,30347312.0000000000,90
200,123,0.0115490430,30347312.0000000000,72
200,124,0.0114918040,30347312.0000000000,89
200,125,0.0115516800,30347312.0000000000,65
200,126,0.0111942870,30347312.0000000000,99
200,127,0.0115272680,30347312.0000000000,61
200,128,0.0115283480,30347312.0000000000,87
200,129,0.0109782200,27355696.0000000000,18
200,130,0.0109696970,27355696.0000000000,32
200,131,0.0109663440,27355696.0000000000,31
200,132,0.0112101970,30347312.0000000000,96
200,133,0.0115667060,30347312.0000000000,68
200,134,0.0115359580,30347312.0000000000,66
200,135,0.0115046300,30347312.0000000000,91
200,136,0.0115506680,30347312.0000000000,64
200,137,0.0115051470,30347312.0000000000,73
200,138,0.0114990010,30347312.0000000000,77
200,139,0.0115522980,30347312.0000000000,62
200,140,0.0115459030,30347312.0000000000,84
200,141,0.0109998590,27355696.0000000000,28
200,142,0.0109353290,27355696.0000000000,35
200,143,0.0109356520,27355696.0000000000,36
200,144,0.0115232700,30347312.0000000000,57
200,145,0.0115320590,30347312.0000000000,60
200,146,0.0114993640,30347312.0000000000,87
200,147,0.0115350830,30347312.0000000000,59
200,148,0.0115608250,30347312.0000000000,97
200,149,0.0115429440,30347312.0000000000,76
200,150,0.0115407580,30347312.0000000000,97
200,151,0.0115669740,30347312.0000000000,7
200,152,0.0115697600,30347312.0000000000,71
200,153,0.0109422710,27355696.0000000000,16
200,154,0.0109463920,27355696.0000000000,20
200,155,0.0110098030,27355696.0000000000,17
200,156,0.0115872540,30347312.0000000000,74
200,157,0.0115194580,30347312.0000000000,97
200,158,0.0115301800,30347312.0000000000,88
200,159,0.0115462520,30347312.0000000000,5
200,160,0.0115201360,30347312.0000000000,86
200,161,0.0115536660,30347312.0000000000,92
200,162,0.0115308350,30347312.0000000000,60
200,163,0.0115623490,30347312.0000000000,98
200,164,0.0115246710,30347312.0000000000,76
200,165,0.0109524850,27355696.0000000000,41
200,166,0.0109966240,27355696.0000000000,13
200,167,0.0109204720,27355696.0000000000,51
200,168,0.0115410350,30347312.0000000000,71
200,169,0.0115793000,30347312.0000000000,10
200,170,0.0115536380,30347312.0000000000,92
200,171,0.0115002780,30347312.0000000000,9
200,172,0.0115412790,30347312.0000000000,66
200,173,0.0115499290,30347312.0000000000,59
200,174,0.0114924060,30347312.0000000000,91
200,175,0.0115559340,30347312.0000000000,69
200,176,0.0115531200,30347312.0000000000,70
200,177,0.0109750630,27355696.0000000000,26
200,178,0.0109467360,27355696.0000000000,53
200,179,0.0109730280,27355696.0000000000,29
200,180,0.0115686260,30347312.0000000000,6
200,181,0.0115435270,30347312.0000000000,90
200,182,0.0115470270,30347312.0000000000,63
200,183,0.0114934720,30347312.0000000000,61
200,184,0.0115474140,30347312.0000000000,78
200,185,0.0115347930,30347312.0000000000,75
200,186,0.0115285070,30347312.0000000000,93
200,187,0.0115598070,30347312.0000000000,82
200,188,0.0115634300,30347312.0000000000,3
200,189,0.0109592240,27355696.0000000000,19
200,190,0.0109187560,27355696.0000000000,46
200,191,0.0110079600,27355696.0000000000,42
200,192,0.0115367740,30347312.0000000000,56
200,193,0.0115241510,30347312.0000000000,95
200,194,0.0115194590,30347312.0000000000,93
200,195,0.0115782780,30347312.0000000000,74
200,196,0.0115328860,30347312.0000000000,92
200,197,0.0114815380,30347312.0000000000,94
200,198,0.0115240660,30347312.0000000000,75
200,199,0.0115246780,30347312.0000000000,90
200,200,0.0115303850,30347312.0000000000,84
200,201,0.0109436060,27355696.0000000000,34
200,202,0.0109937210,27355696.0000000000,43
200,203,0.0109416310,27355696.0000000000,24
200,204,0.0115469130,30347312.0000000000,82
200,205,0.0115359710,30347312.0000000000,79
200,206,0.0115114020,30347312.0000000000,75
200,207,0.0115300280,30347312.0000000000,95
200,208,0.0115565250,30347312.0000000000,72
200,209,0.0114946930,30347312.0000000000,94
200,210,0.0115352610,30347312.0000000000,81
200,211,0.0115551530,30347312.0000000000,11
200,212,0.0115369850,30347312.0000000000,56
200,213,0.0109440590,27355696.0000000000,39
200,214,0.0109602700,27355696.0000000000,40
200,215,0.0109537820,27355696.0000000000,15
200,216,0.0115308160,30347312.0000000000,63
200,217,0.0115571790,30347312.0000000000,98
200,218,0.0114976130,30347312.0000000000,85
200,219,0.0115582550,30347312.0000000000,83
200,220,0.0115500880,30347312.0000000000,78
200,221,0.0115108830,30347312.0000000000,93
200,222,0.0115280660,30347312.0000000000,81
200,223,0.0115283890,30347312.0000000000,12
200,224,0.0115205760,30347312.0000000000,86
200,225,0.0109782340,27355696.0000000000,38
200,226,0.0109499630,27355696.0000000000,14
200,227,0.0109388870,27355696.0000000000,23
200,228,0.0115601190,30347312.0000000000,80
200,229,0.0115338700,30347312.0000000000,79
200,230,0.0115448750,30347312.0000000000,1
200,231,0.0115644540,30347312.0000000000,64
200,232,0.0115601990,30347312.0000000000,80
200,233,0.0112137650,30347312.0000000000,96
200,234,0.0115465270,30347312.0000000000,62
200,235,0.0115654600,30347312.0000000000,4
200,236,0.0115248140,30347312.0000000000,2
200,237,0.0109411270,27355696.0000000000,1
200,238,0.0109514920,27355696.0000000000,49
200,239,0.0109478920,27355696.0000000000,47
200,240,0.0114799540,30347312.0000000000,94
200,241,0.0115612370,30347312.0000000000,8
200,242,0.0115092740,30347312.0000000000,84
200,243,0.0115590810,30347312.0000000000,1
200,244,0.0115428420,30347312.0000000000,97
200,245,0.0115311770,30347312.0000000000,85
200,246,0.0115304480,30347312.0000000000,67
200,247,0.0114886000,30347312.0000000000,91
200,248,0.0115201410,30347312.0000000000,58
200,249,0.0109317590,27355696.0000000000,0
200,250,0.0109296260,27355696.0000000000,25
200,251,0.0109853340,27355696.0000000000,45
200,252,0.0115672390,30347312.0000000000,67
200,253,0.0111966530,30347312.0000000000,99
200,254,0.0111992870,30347312.0000000000,99
200,255,0.0115410070,30347312.0000000000,73
200,256,0.0115787690,30347312.0000000000,68
200,257,0.0114877370,30347312.0000000000,89
200,258,0.0115278640,30347312.0000000000,88
200,259,0.0114918880,30347312.0000000000,89
200,260,0.0114923900,30347312.0000000000,77
200,261,0.0109631150,27355696.0000000000,22
200,262,0.0110175680,27355696.0000000000,48
200,263,0.0109619600,27355696.0000000000,27
200,264,0.0115061440,30347312.0000000000,77
200,265,0.0115141140,30347312.0000000000,73
200,266,0.0115467970,30347312.0000000000,70
200,267,0.0115168690,30347312.0000000000,0
200,268,0.0115020000,30347312.0000000000,0
200,269,0.0115102310,30347312.0000000000,78
200,270,0.0115652490,30347312.0000000000,82
200,271,0.0115398000,30347312.0000000000,80
200,272,0.0115426500,30347312.0000000000,69
200,273,0.0109904820,27355696.0000000000,30
200,274,0.0109555820,27355696.0000000000,55
200,275,0.0109573220,27355696.0000000000,50
250,0,3.7539654002,159302592.0000000000,79
250,1,3.8021957417,159275728.0000000000,80
250,2,3.8494175453,159140656.0000000000,78
250,3,3.8871040528,159212544.0000000000,75
250,4,3.9054897912,159412128.0000000000,74
250,5,3.9141477099,159603696.0000000000,72
250,6,3.9110503816,159800496.0000000000,76
250,7,3.9082185825,160025984.0000000000,73
250,8,3.8870053139,160268800.0000000000,77
250,9,3.4906713771,144337104.0000000000,82
250,10,3.4284132535,144191952.0000000000,81
250,11,3.3854130227,143963136.0000000000,83
250,12,5.6835093264,239971536.0000000000,12
250,13,5.6799442990,240066688.0000000000,9
250,14,5.6862084222,240064496.0000000000,33
250,15,5.6875003564,240059472.0000000000,32
250,16,5.6825102863,240069120.0000000000,51
250,17,5.6835637195,240066432.0000000000,47
250,18,5.6864410304,240068448.0000000000,26
250,19,5.6834443181,240063552.0000000000,45
250,20,5.6842032828,240065760.0000000000,19
250,21,5.1469207914,216108416.0000000000,64
250,22,5.1445140639,216101504.0000000000,68
250,23,5.1433777760,216007664.0000000000,71
250,24,5.6847241228,240004576.0000000000,42
250,25,5.6799881094,240063184.0000000000,2
250,26,5.6850706642,240062528.0000000000,18
250,27,5.6797257266,240066256.0000000000,34
250,28,5.6841639419,240062336.0000000000,13
250,29,5.6774144383,240061232.0000000000,15
250,30,5.6777341322,240058928.0000000000,55
250,31,5.6791053660,240064992.0000000000,44
250,32,5.6810596740,240065088.0000000000,36
250,33,5.1439454362,216095872.0000000000,70
250,34,5.1386253611,216100208.0000000000,58
250,35,5.1426840352,216046576.0000000000,66
250,36,5.6787222241,240011552.0000000000,22
250,37,5.6809333013,240060912.0000000000,20
250,38,5.6809377141,240064832.0000000000,6
250,39,5.6783126068,240062240.0000000000,7
250,40,5.6764065041,240060368.0000000000,27
250,41,5.6847153707,240066224.0000000000,17
250,42,5.6774873912,240063744.0000000000,54
250,43,5.6773420877,240061984.0000000000,3
250,44,5.6864062850,240061136.0000000000,29
250,45,5.1452055766,216100048.0000000000,67
250,46,5.1450238628,216100048.0000000000,65
250,47,5.1392275105,216045472.0000000000,59
250,48,5.6800313218,240010976.0000000000,41
250,49,5.6802990336,240063856.0000000000,35
250,50,5.6823612911,240066848.0000000000,4
250,51,5.6791549046,240058976.0000000000,5
250,52,5.6842589878,240067344.0000000000,37
250,53,5.6803132210,240062848.0000000000,8
250,54,5.6797914418,240061280.0000000000,11
250,55,5.6784963762,240062416.0000000000,23
250,56,5.6787893965,240066352.0000000000,21
250,57,5.1419658750,216104304.0000000000,56
250,58,5.1405847914,216096656.0000000000,61
250,59,5.1383650200,216046016.0000000000,57
250,60,5.6769174464,239996176.0000000000,16
250,61,5.6787026959,240068224.0000000000,53
250,62,5.6778569488,240062064.0000000000,24
250,63,5.6827625185,240061840.0000000000,28
250,64,5.6845716079,240066096.0000000000,38
250,65,5.6819591407,240064704.0000000000,14
250,66,5.6780235214,240063840.0000000000,40
250,67,5.6837198743,240065312.0000000000,30
250,68,5.6869322575,240060160.0000000000,48
250,69,5.1412171570,216099360.0000000000,1
250,70,5.1455525698,216105152.0000000000,62
250,71,5.1395081543,216035424.0000000000,63
250,72,5.6825542367,239963328.0000000000,52
250,73,5.6801355644,240068016.0000000000,49
250,74,5.6867691549,240064464.0000000000,39
250,75,5.6846413137,240060448.0000000000,43
250,76,5.6823702278,240062512.0000000000,25
250,77,5.6817645611,240057408.0000000000,50
250,78,5.6780565489,240062864.0000000000,46
250,79,5.6803414081,240067024.0000000000,10
250,80,5.6901305785,240065344.0000000000,31
250,81,5.1507418530,216105392.0000000000,69
250,82,5.1461207805,216088144.0000000000,60
250,83,5.1399241319,216001760.0000000000,0
250,84,1.9226784025,89795104.0000000000,92
250,85,1.9194127291,89813408.0000000000,84
250,86,1.9188325917,89826208.0000000000,89
250,87,1.9205293335,89817968.0000000000,88
250,88,1.9203437624,89823904.0000000000,85
250,89,1.9204377053,89817936.0000000000,90
250,90,1.9205849270,89827728.0000000000,87
250,91,1.9201059830,89817360.0000000000,86
250,92,1.9188294838,89823376.0000000000,91
250,93,1.7912121208,80882560.0000000000,93
250,94,1.7893321356,80887648.0000000000,94
250,95,1.7899188209,80855456.0000000000,95
250,96,0.3768878020,30347312.0000000000,88
250,97,0.3772115071,30347312.0000000000,76
250,98,0.3764751694,30347312.0000000000,87
250,99,0.3765822560,30347312.0000000000,86
250,100,0.3670298243,30347312.0000000000,96
250,101,0.3782512474,30347312.0000000000,98
250,102,0.3779358530,30347312.0000000000,83
250,103,0.3772963606,30347312.0000000000,98
250,104,0.3769885943,30347312.0000000000,85
250,105,0.3587247851,27355696.0000000000,37
250,106,0.3578891357,27355696.0000000000,21
250,107,0.3572895684,27355696.0000000000,54
250,108,0.3770536632,30347312.0000000000,79
250,109,0.3783954609,30347312.0000000000,74
250,110,0.3779242768,30347312.0000000000,65
250,111,0.3761765556,30347312.0000000000,58
250,112,0.3664961889,30347312.0000000000,99
250,113,0.3768282064,30347312.0000000000,81
250,114,0.3769165442,30347312.0000000000,95
250,115,0.3658379570,30347312.0000000000,96
250,116,0.3771902376,30347312.0000000000,57
250,117,0.3578911906,27355696.0000000000,33
250,118,0.3588439802,27355696.0000000000,52
250,119,0.3584635983,27355696.0000000000,44
250,120,0.3781822930,30347312.0000000000,72
250,121,0.3776627922,30347312.0000000000,83
250,122,0.3772157938,30347312.0000000000,90
250,123,0.3777868207,30347312.0000000000,72
250,124,0.3759083463,30347312.0000000000,89
250,125,0.3778061913,30347312.0000000000,65
250,126,0.3655431548,30347312.0000000000,99
250,127,0.3765325495,30347312.0000000000,61
250,128,0.3763549556,30347312.0000000000,87
250,129,0.3583333470,27355696.0000000000,18
250,130,0.3587249000,27355696.0000000000,32
250,131,0.3586627160,27355696.0000000000,31
250,132,0.3660335856,30347312.0000000000,96
250,133,0.3777479351,30347312.0000000000,68
250,134,0.3770200908,30347312.0000000000,66
250,135,0.3756406531,30347312.0000000000,91
250,136,0.3776069641,30347312.0000000000,64
250,137,0.3768825182,30347312.0000000000,73
250,138,0.3762722814,30347312.0000000000,77
250,139,0.3774677574,30347312.0000000000,62
250,140,0.3767337075,30347312.0000000000,84
250,141,0.3586335842,27355696.0000000000,28
250,142,0.3574478407,27355696.0000000000,35
250,143,0.3575250941,27355696.0000000000,36
250,144,0.3769333314,30347312.0000000000,57
250,145,0.3770474571,30347312.0000000000,60
250,146,0.3761981587,30347312.0000000000,87
250,147,0.3775696220,30347312.0000000000,59
250,148,0.3776370874,30347312.0000000000,97
250,149,0.3771328942,30347312.0000000000,76
250,150,0.3767350168,30347312.0000000000,97
250,151,0.3777897477,30347312.0000000000,7
250,152,0.3770847945,30347312.0000000000,71
250,153,0.3574230317,27355696.0000000000,16
250,154,0.3574609363,27355696.0000000000,20
250,155,0.3593718164,27355696.0000000000,17
250,156,0.3782017640,30347312.0000000000,74
250,157,0.3768773034,30347312.0000000000,97
250,158,0.3767220531,30347312.0000000000,88
250,159,0.3769661430,30347312.0000000000,5
250,160,0.3765701038,30347312.0000000000,86
250,161,0.3777184232,30347312.0000000000,92
250,162,0.3769685046,30347312.0000000000,60
250,163,0.3773977560,30347312.0000000000,98
250,164,0.3771115662,30347312.0000000000,76
250,165,0.3576644876,27355696.0000000000,41
250,166,0.3592742237,27355696.0000000000,13
250,167,0.3571369910,27355696.0000000000,51
250,168,0.3768892985,30347312.0000000000,71
250,169,0.3776048832,30347312.0000000000,10
250,170,0.3777028308,30347312.0000000000,92
250,171,0.3762558571,30347312.0000000000,9
250,172,0.3769244605,30347312.0000000000,66
250,173,0.3772363311,30347312.0000000000,59
250,174,0.3755844164,30347312.0000000000,91
250,175,0.3775983624,30347312.0000000000,69
250,176,0.3770243336,30347312.0000000000,70
250,177,0.3585737398,27355696.0000000000,26
250,178,0.3575883823,27355696.0000000000,53
250,179,0.3593119289,27355696.0000000000,29
250,180,0.3781444636,30347312.0000000000,6
250,181,0.3773347056,30347312.0000000000,90
250,182,0.3772624476,30347312.0000000000,63
250,183,0.3764004669,30347312.0000000000,61
250,184,0.3769327945,30347312.0000000000,78
250,185,0.3768618477,30347312.0000000000,75
250,186,0.3764652795,30347312.0000000000,93
250,187,0.3775400672,30347312.0000000000,82
250,188,0.3773541975,30347312.0000000000,3
250,189,0.3575442285,27355696.0000000000,19
250,190,0.3567419098,27355696.0000000000,46
250,191,0.3595180807,27355696.0000000000,42
250,192,0.3776769907,30347312.0000000000,56
250,193,0.3766720535,30347312.0000000000,95
250,194,0.3763201799,30347312.0000000000,93
250,195,0.3781879531,30347312.0000000000,74
250,196,0.3775885218,30347312.0000000000,92
250,197,0.3751838183,30347312.0000000000,94
250,198,0.3766928888,30347312.0000000000,75
250,199,0.3771896557,30347312.0000000000,90
250,200,0.3766424986,30347312.0000000000,84
250,201,0.3577551608,27355696.0000000000,34
250,202,0.3588177364,27355696.0000000000,43
250,203,0.3571750200,27355696.0000000000,24
250,204,0.3774691356,30347312.0000000000,82
250,205,0.3772334628,30347312.0000000000,79
250,206,0.3767673215,30347312.0000000000,75
250,207,0.3766332292,30347312.0000000000,95
250,208,0.3780219819,30347312.0000000000,72
250,209,0.3749729862,30347312.0000000000,94
250,210,0.3767444640,30347312.0000000000,81
250,211,0.3771137357,30347312.0000000000,11
250,212,0.3775223888,30347312.0000000000,56
250,213,0.3577813899,27355696.0000000000,39
250,214,0.3579652989,27355696.0000000000,40
250,215,0.3579196559,27355696.0000000000,15
250,216,0.3770644305,30347312.0000000000,63
250,217,0.3773076042,30347312.0000000000,98
250,218,0.3769565656,30347312.0000000000,85
250,219,0.3778193687,30347312.0000000000,83
250,220,0.3770119323,30347312.0000000000,78
250,221,0.3764382021,30347312.0000000000,93
250,222,0.3765377043,30347312.0000000000,81
250,223,0.3766344440,30347312.0000000000,12
250,224,0.3765737223,30347312.0000000000,86
250,225,0.3585604515,27355696.0000000000,38
250,226,0.3577968551,27355696.0000000000,14
250,227,0.3576812623,27355696.0000000000,23
250,228,0.3779136697,30347312.0000000000,80
250,229,0.3771090582,30347312.0000000000,79
250,230,0.3773064432,30347312.0000000000,1
250,231,0.3775515053,30347312.0000000000,64
250,232,0.3779317928,30347312.0000000000,80
250,233,0.3659091375,30347312.0000000000,96
250,234,0.3774594484,30347312.0000000000,62
250,235,0.3773830956,30347312.0000000000,4
250,236,0.3768522424,30347312.0000000000,2
250,237,0.3577484797,27355696.0000000000,1
250,238,0.3569199757,27355696.0000000000,49
250,239,0.3574776499,27355696.0000000000,47
250,240,0.3751211327,30347312.0000000000,94
250,241,0.3771917008,30347312.0000000000,8
250,242,0.3766956915,30347312.0000000000,84
250,243,0.3772711920,30347312.0000000000,1
250,244,0.3769434820,30347312.0000000000,97
250,245,0.3769487662,30347312.0000000000,85
250,246,0.3778718072,30347312.0000000000,67
250,247,0.3755437065,30347312.0000000000,91
250,248,0.3761415184,30347312.0000000000,58
250,249,0.3567326602,27355696.0000000000,0
250,250,0.3569054223,27355696.0000000000,25
250,251,0.3586865303,27355696.0000000000,45
250,252,0.3779373626,30347312.0000000000,67
250,253,0.3657091545,30347312.0000000000,99
250,254,0.3655147247,30347312.0000000000,99
250,255,0.3766055678,30347312.0000000000,73
250,256,0.3775296113,30347312.0000000000,68
250,257,0.3760313293,30347312.0000000000,89
250,258,0.3767223020,30347312.0000000000,88
250,259,0.3758414190,30347312.0000000000,89
250,260,0.3765172866,30347312.0000000000,77
250,261,0.3579286778,27355696.0000000000,22
250,262,0.3597142061,27355696.0000000000,48
250,263,0.3579701447,27355696.0000000000,27
250,264,0.3764721474,30347312.0000000000,77
250,265,0.3766770139,30347312.0000000000,73
250,266,0.3770586442,30347312.0000000000,70
250,267,0.3761506964,30347312.0000000000,0
250,268,0.3761072026,30347312.0000000000,0
250,269,0.3768884392,30347312.0000000000,78
250,270,0.3775018419,30347312.0000000000,82
250,271,0.3778634822,30347312.0000000000,80
250,272,0.3775245866,30347312.0000000000,69
250,273,0.3588780312,27355696.0000000000,30
250,274,0.3581905756,27355696.0000000000,55
250,275,0.3576833053,27355696.0000000000,50
300,0,0.1173143490,159004960.0000000000,79
300,1,0.1187272780,158915408.0000000000,80
300,2,0.1204471800,158704784.0000000000,78
300,3,0.1215858430,158880512.0000000000,75
300,4,0.1230508210,159172416.0000000000,74
300,5,0.1234096230,159418096.0000000000,72
300,6,0.1232983770,159686288.0000000000,76
300,7,0.1233036100,160049344.0000000000,73
300,8,0.1238057300,160529200.0000000000,77
300,9,0.1103390300,144749936.0000000000,82
300,10,0.1075309550,144528848.0000000000,81
300,11,0.1066749030,144159024.0000000000,83
300,12,0.1766181300,239949616.0000000000,12
300,13,0.1766827940,240072704.0000000000,9
300,14,0.1769932420,240095776.0000000000,33
300,15,0.1772833030,240142592.0000000000,32
300,16,0.1772139630,240220992.0000000000,51
300,17,0.1772969040,240275312.0000000000,47
300,18,0.1773533110,240270608.0000000000,26
300,19,0.1772641900,240190416.0000000000,45
300,20,0.1770744730,240128480.0000000000,19
300,21,0.1601387200,216128384.0000000000,64
300,22,0.1599850670,216103632.0000000000,68
300,23,0.1598913390,215988608.0000000000,71
300,24,0.1765760980,240003344.0000000000,42
300,25,0.1764107010,240062064.0000000000,2
300,26,0.1765799520,240066144.0000000000,18
300,27,0.1766140260,240063024.0000000000,34
300,28,0.1765468100,240061136.0000000000,13
300,29,0.1763426600,240064832.0000000000,15
300,30,0.1763963020,240062176.0000000000,55
300,31,0.1764337170,240066224.0000000000,44
300,32,0.1765341150,240060768.0000000000,36
300,33,0.1601083290,216099584.0000000000,70
300,34,0.1597218590,216099536.0000000000,58
300,35,0.1597004360,216041440.0000000000,66
300,36,0.1763670670,240005536.0000000000,22
300,37,0.1764367440,240063376.0000000000,20
300,38,0.1764754150,240064000.0000000000,6
300,39,0.1763569540,240061072.0000000000,7
300,40,0.1764091060,240065648.0000000000,27
300,41,0.1768418550,240066112.0000000000,17
300,42,0.1764092960,240059296.0000000000,54
300,43,0.1763779480,240064592.0000000000,3
300,44,0.1767236300,240061872.0000000000,29
300,45,0.1598174720,216100032.0000000000,67
300,46,0.1597798480,216099184.0000000000,65
300,47,0.1595601930,216039344.0000000000,59
300,48,0.1764168800,240000864.0000000000,41
300,49,0.1764871220,240062992.0000000000,35
300,50,0.1765840860,240065552.0000000000,4
300,51,0.1764606070,240060512.0000000000,5
300,52,0.1766032090,240063008.0000000000,37
300,53,0.1765139880,240064464.0000000000,8
300,54,0.1764087740,240062016.0000000000,11
300,55,0.1763539940,240067104.0000000000,23
300,56,0.1764385580,240063408.0000000000,21
300,57,0.1597670730,216103072.0000000000,56
300,58,0.1596541400,216098752.0000000000,61
300,59,0.1598102780,216038432.0000000000,57
300,60,0.1763327430,239989024.0000000000,16
300,61,0.1765048220,240066064.0000000000,53
300,62,0.1764361060,240064288.0000000000,24
300,63,0.1765656730,240062944.0000000000,28
300,64,0.1766542660,240067792.0000000000,38
300,65,0.1766668350,240064544.0000000000,14
300,66,0.1764526310,240057920.0000000000,40
300,67,0.1766709300,240066608.0000000000,30
300,68,0.1767107900,240064272.0000000000,48
300,69,0.1597249770,216099600.0000000000,1
300,70,0.1598617420,216100288.0000000000,62
300,71,0.1596914330,216031712.0000000000,63
300,72,0.1765304120,239944976.0000000000,52
300,73,0.1764344590,240063968.0000000000,49
300,74,0.1767557510,240063520.0000000000,39
300,75,0.1766601590,240058928.0000000000,43
300,76,0.1765737850,240066368.0000000000,25
300,77,0.1765574940,240054784.0000000000,50
300,78,0.1764500810,240063984.0000000000,46
300,79,0.1764975560,240063712.0000000000,10
300,80,0.1768012310,240068528.0000000000,31
300,81,0.1600663560,216103488.0000000000,69
300,82,0.1598611010,216086848.0000000000,60
300,83,0.1596209770,215980560.0000000000,0
300,84,0.0594963650,89787840.0000000000,92
300,85,0.0594684390,89812512.0000000000,84
300,86,0.0595010430,89826720.0000000000,89
300,87,0.0595210440,89818352.0000000000,88
300,88,0.0596027200,89821312.0000000000,85
300,89,0.0595540570,89819872.0000000000,90
300,90,0.0596722250,89825488.0000000000,87
300,91,0.0595347160,89816640.0000000000,86
300,92,0.0595429240,89820944.0000000000,91
300,93,0.0557245260,80884096.0000000000,93
300,94,0.0554438050,80890736.0000000000,94
300,95,0.0556972060,80849056.0000000000,95
300,96,0.0115200920,30347312.0000000000,88
300,97,0.0115514760,30347312.0000000000,76
300,98,0.0115142930,30347312.0000000000,87
300,99,0.0115201550,30347312.0000000000,86
300,100,0.0112302590,30347312.0000000000,96
300,101,0.0115762900,30347312.0000000000,98
300,102,0.0115938720,30347312.0000000000,83
300,103,0.0115574830,30347312.0000000000,98
300,104,0.0115570270,30347312.0000000000,85
300,105,0.0109980320,27355696.0000000000,37
300,106,0.0109522130,27355696.0000000000,21
300,107,0.0109310220,27355696.0000000000,54
300,108,0.0115434420,30347312.0000000000,79
300,109,0.0115776540,30347312.0000000000,74
300,110,0.0115714190,30347312.0000000000,65
300,111,0.0115417510,30347312.0000000000,58
300,112,0.0112233060,30347312.0000000000,99
300,113,0.0115252980,30347312.0000000000,81
300,114,0.0115454250,30347312.0000000000,95
300,115,0.0112018650,30347312.0000000000,96
300,116,0.0115386430,30347312.0000000000,57
300,117,0.0109620850,27355696.0000000000,33
300,118,0.0110002550,27355696.0000000000,52
300,119,0.0109764220,27355696.0000000000,44
300,120,0.0115523540,30347312.0000000000,72
300,121,0.0115639640,30347312.0000000000,83
300,122,0.0115516830,30347312.0000000000,90
300,123,0.0115771410,30347312.0000000000,72
300,124,0.0114874700,30347312.0000000000,89
300,125,0.0115543170,30347312.0000000000,65
300,126,0.0111931070,30347312.0000000000,99
300,127,0.0115033460,30347312.0000000000,61
300,128,0.0115167700,30347312.0000000000,87
300,129,0.0109522290,27355696.0000000000,18
300,130,0.0109844570,27355696.0000000000,32
300,131,0.0109826570,27355696.0000000000,31
300,132,0.0111941910,30347312.0000000000,96
300,133,0.0115534710,30347312.0000000000,68
300,134,0.0115433940,30347312.0000000000,66
300,135,0.0114918270,30347312.0000000000,91
300,136,0.0115552150,30347312.0000000000,64
300,137,0.0115336690,30347312.0000000000,73
300,138,0.0115116900,30347312.0000000000,77
300,139,0.0115509090,30347312.0000000000,62
300,140,0.0115255660,30347312.0000000000,84
300,141,0.0109711470,27355696.0000000000,28
300,142,0.0109312350,27355696.0000000000,35
300,143,0.0109519750,27355696.0000000000,36
300,144,0.0115323820,30347312.0000000000,57
300,145,0.0115105110,30347312.0000000000,60
300,146,0.0115195840,30347312.0000000000,87
300,147,0.0115359870,30347312.0000000000,59
300,148,0.0115851860,30347312.0000000000,97
300,149,0.0115209270,30347312.0000000000,76
300,150,0.0115267530,30347312.0000000000,97
300,151,0.0115466650,30347312.0000000000,7
300,152,0.0115348760,30347312.0000000000,71
300,153,0.0109460700,27355696.0000000000,16
300,154,0.0109351800,27355696.0000000000,20
300,155,0.0109951450,27355696.0000000000,17
300,156,0.0115652180,30347312.0000000000,74
300,157,0.0115147800,30347312.0000000000,97
300,158,0.0115214230,30347312.0000000000,88
300,159,0.0115285110,30347312.0000000000,5
300,160,0.0115403760,30347312.0000000000,86
300,161,0.0115664950,30347312.0000000000,92
300,162,0.0115201500,30347312.0000000000,60
300,163,0.0115655780,30347312.0000000000,98
300,164,0.0115192470,30347312.0000000000,76
300,165,0.0109445900,27355696.0000000000,41
300,166,0.0110124140,27355696.0000000000,13
300,167,0.0109376360,27355696.0000000000,51
300,168,0.0115567510,30347312.0000000000,71
300,169,0.0115471590,30347312.0000000000,10
300,170,0.0115329510,30347312.0000000000,92
300,171,0.0115152050,30347312.0000000000,9
300,172,0.0115093490,30347312.0000000000,66
300,173,0.0115465380,30347312.0000000000,59
300,174,0.0115039010,30347312.0000000000,91
300,175,0.0115493240,30347312.0000000000,69
300,176,0.0115434150,30347312.0000000000,70
300,177,0.0109870310,27355696.0000000000,26
300,178,0.0109715970,27355696.0000000000,53
300,179,0.0109930190,27355696.0000000000,29
300,180,0.0115827750,30347312.0000000000,6
300,181,0.0115389590,30347312.0000000000,90
300,182,0.0115299860,30347312.0000000000,63
300,183,0.0115244580,30347312.0000000000,61
300,184,0.0115411000,30347312.0000000000,78
300,185,0.0115280770,30347312.0000000000,75
300,186,0.0115100580,30347312.0000000000,93
300,187,0.0115608000,30347312.0000000000,82
300,188,0.0115279450,30347312.0000000000,3
300,189,0.0109401490,27355696.0000000000,19
300,190,0.0109183810,27355696.0000000000,46
300,191,0.0110106270,27355696.0000000000,42
300,192,0.0115496160,30347312.0000000000,56
300,193,0.0115216890,30347312.0000000000,95
300,194,0.0115073440,30347312.0000000000,93
300,195,0.0115603400,30347312.0000000000,74
300,196,0.0115407440,30347312.0000000000,92
300,197,0.0114844880,30347312.0000000000,94
300,198,0.0115446290,30347312.0000000000,75
300,199,0.0115347400,30347312.0000000000,90
300,200,0.0115178030,30347312.0000000000,84
300,201,0.0109581960,27355696.0000000000,34
300,202,0.0109706790,27355696.0000000000,43
300,203,0.0109330470,27355696.0000000000,24
300,204,0.0115477430,30347312.0000000000,82
300,205,0.0115245770,30347312.0000000000,79
300,206,0.0115163240,30347312.0000000000,75
300,207,0.0115258070,30347312.0000000000,95
300,208,0.0115665530,30347312.0000000000,72
300,209,0.0114541290,30347312.0000000000,94
300,210,0.0115273320,30347312.0000000000,81
300,211,0.0115147940,30347312.0000000000,11
300,212,0.0115411610,30347312.0000000000,56
300,213,0.0109374670,27355696.0000000000,39
300,214,0.0109210050,27355696.0000000000,40
300,215,0.0109455560,27355696.0000000000,15
300,216,0.0115463520,30347312.0000000000,63
300,217,0.0115462920,30347312.0000000000,98
300,218,0.0115371180,30347312.0000000000,85
300,219,0.0115539840,30347312.0000000000,83
300,220,0.0115442740,30347312.0000000000,78
300,221,0.0115169300,30347312.0000000000,93
300,222,0.0115321340,30347312.0000000000,81
300,223,0.0115463460,30347312.0000000000,12
300,224,0.0115226500,30347312.0000000000,86
300,225,0.0109779830,27355696.0000000000,38
300,226,0.0109503350,27355696.0000000000,14
300,227,0.0109700790,27355696.0000000000,23
300,228,0.0115726120,30347312.0000000000,80
300,229,0.0115665360,30347312.0000000000,79
300,230,0.0115452060,30347312.0000000000,1
300,231,0.0115235070,30347312.0000000000,64
300,232,0.0115523130,30347312.0000000000,80
300,233,0.0112351890,30347312.0000000000,96
300,234,0.0115280550,30347312.0000000000,62
300,235,0.0115500120,30347312.0000000000,4
300,236,0.0115371900,30347312.0000000000,2
300,237,0.0109611070,27355696.0000000000,1
300,238,0.0109439800,27355696.0000000000,49
300,239,0.0109274060,27355696.0000000000,47
300,240,0.0114744390,30347312.0000000000,94
300,241,0.0115402650,30347312.0000000000,8
300,242,0.0115254570,30347312.0000000000,84
300,243,0.0115482620,30347312.0000000000,1
300,244,0.0115176640,30347312.0000000000,97
300,245,0.0115263570,30347312.0000000000,85
300,246,0.0115686710,30347312.0000000000,67
300,247,0.0115087500,30347312.0000000000,91
300,248,0.0115013500,30347312.0000000000,58
300,249,0.0109048080,27355696.0000000000,0
300,250,0.0109138810,27355696.0000000000,25
300,251,0.0109784160,27355696.0000000000,45
300,252,0.0115560400,30347312.0000000000,67
300,253,0.0112193170,30347312.0000000000,99
300,254,0.0112011940,30347312.0000000000,99
300,255,0.0115320640,30347312.0000000000,73
300,256,0.0115419420,30347312.0000000000,68
300,257,0.0115014150,30347312.0000000000,89
300,258,0.0115445500,30347312.0000000000,88
300,259,0.0115088410,30347312.0000000000,89
300,260,0.0115071510,30347312.0000000000,77
300,261,0.0109509230,27355696.0000000000,22
300,262,0.0110123210,27355696.0000000000,48
300,263,0.0109667520,27355696.0000000000,27
300,264,0.0115201870,30347312.0000000000,77
300,265,0.0115184480,30347312.0000000000,73
300,266,0.0115219320,30347312.0000000000,70
300,267,0.0115315480,30347312.0000000000,0
300,268,0.0114997910,30347312.0000000000,0
300,269,0.0115334840,30347312.0000000000,78
300,270,0.0115431340,30347312.0000000000,82
300,271,0.0115554170,30347312.0000000000,80
300,272,0.0115581540,30347312.0000000000,69
300,273,0.0109682300,27355696.0000000000,30
300,274,0.0109835130,27355696.0000000000,55
300,275,0.0109550120,27355696.0000000000,50
350,0,3.7663899250,158638768.0000000000,79
350,1,3.8378743804,158439648.0000000000,80
350,2,3.8925662007,158073552.0000000000,78
350,3,3.9255940141,158180720.0000000000,75
350,4,3.9455387257,158275056.0000000000,74
350,5,3.9562192972,158330528.0000000000,72
350,6,3.9637877614,158697808.0000000000,76
350,7,3.9853681703,159507536.0000000000,73
350,8,4.0067455041,160540224.0000000000,77
350,9,3.5737772354,145196928.0000000000,82
350,10,3.4765309927,144966992.0000000000,81
350,11,3.4472020709,144418864.0000000000,83
350,12,5.6889235622,239932032.0000000000,12
350,13,5.6918295006,240120416.0000000000,9
350,14,5.7087271813,240280128.0000000000,33
350,15,5.7232685448,240679184.0000000000,32
350,16,5.7345638743,241279168.0000000000,51
350,17,5.7498683359,241714064.0000000000,47
350,18,5.7510984296,241639248.0000000000,26
350,19,5.7304885641,241086416.0000000000,45
350,20,5.7153297471,240541088.0000000000,19
350,21,5.1631422319,216246880.0000000000,64
350,22,5.1542379547,216133984.0000000000,68
350,23,5.1483715851,215979040.0000000000,71
350,24,5.6862438722,239996240.0000000000,42
350,25,5.6802993056,240066160.0000000000,2
350,26,5.6848298010,240067232.0000000000,18
350,27,5.6795904609,240063984.0000000000,34
350,28,5.6827296223,240061248.0000000000,13
350,29,5.6781446383,240061472.0000000000,15
350,30,5.6779221778,240063216.0000000000,55
350,31,5.6784308198,240061824.0000000000,44
350,32,5.6818570061,240061040.0000000000,36
350,33,5.1439739364,216099680.0000000000,70
350,34,5.1385263054,216099632.0000000000,58
350,35,5.1419990282,216037520.0000000000,66
350,36,5.6775417128,240000704.0000000000,22
350,37,5.6801257735,240063296.0000000000,20
350,38,5.6807169650,240065024.0000000000,6
350,39,5.6780876203,240059024.0000000000,7
350,40,5.6771269653,240064944.0000000000,27
350,41,5.6840987103,240062368.0000000000,17
350,42,5.6777327980,240062384.0000000000,54
350,43,5.6774558651,240068560.0000000000,3
350,44,5.6871001509,240065168.0000000000,29
350,45,5.1454605310,216097872.0000000000,67
350,46,5.1450844150,216099808.0000000000,65
350,47,5.1393238991,216033680.0000000000,59
350,48,5.6792184989,240001264.0000000000,41
350,49,5.6804919538,240060688.0000000000,35
350,50,5.6827771176,240064816.0000000000,4
350,51,5.6798148935,240063520.0000000000,5
350,52,5.6833910323,240063968.0000000000,37
350,53,5.6802960011,240063232.0000000000,8
350,54,5.6803491576,240063984.0000000000,11
350,55,5.6776621648,240063632.0000000000,23
350,56,5.6787583613,240061456.0000000000,21
350,57,5.1423876763,216098992.0000000000,56
350,58,5.1401887925,216102352.0000000000,61
350,59,5.1382790284,216032800.0000000000,57
350,60,5.6773033682,239984480.0000000000,16
350,61,5.6782372142,240063008.0000000000,53
350,62,5.6770814320,240066400.0000000000,24
350,63,5.6820502999,240063456.0000000000,28
350,64,5.6848265863,240064032.0000000000,38
350,65,5.6830768278,240071136.0000000000,14
350,66,5.6774083250,240058032.0000000000,40
350,67,5.6838945360,240064928.0000000000,30
350,68,5.6870642604,240066832.0000000000,48
350,69,5.1414049506,216106096.0000000000,1
350,70,5.1450353873,216097040.0000000000,62
350,71,5.1393935026,216026048.0000000000,63
350,72,5.6848418059,239930544.0000000000,52
350,73,5.6807116282,240070576.0000000000,49
350,74,5.6867813732,240061568.0000000000,39
350,75,5.6848610112,240053744.0000000000,43
350,76,5.6834000405,240068592.0000000000,25
350,77,5.6824462360,240054384.0000000000,50
350,78,5.6771909999,240060288.0000000000,46
350,79,5.6800718727,240060000.0000000000,10
350,80,5.6896976900,240071248.0000000000,31
350,81,5.1507746206,216100944.0000000000,69
350,82,5.1480989976,216085440.0000000000,60
350,83,5.1398371004,215961344.0000000000,0
350,84,1.9222112520,89777840.0000000000,92
350,85,1.9200827104,89811184.0000000000,84
350,86,1.9192795082,89824384.0000000000,89
350,87,1.9199403638,89824032.0000000000,88
350,88,1.9201946525,89818896.0000000000,85
350,89,1.9207665431,89818256.0000000000,90
350,90,1.9203030770,89828384.0000000000,87
350,91,1.9203300594,89822128.0000000000,86
350,92,1.9186261585,89817296.0000000000,91
350,93,1.7906596799,80885248.0000000000,93
350,94,1.7895582151,80891376.0000000000,94
350,95,1.7901002399,80842480.0000000000,95
350,96,0.3767846127,30347312.0000000000,88
350,97,0.3770649440,30347312.0000000000,76
350,98,0.3762892293,30347312.0000000000,87
350,99,0.3765101586,30347312.0000000000,86
350,100,0.3668427332,30347312.0000000000,96
350,101,0.3782937953,30347312.0000000000,98
350,102,0.3779733295,30347312.0000000000,83
350,103,0.3773077154,30347312.0000000000,98
350,104,0.3770387356,30347312.0000000000,85
350,105,0.3586655982,27355696.0000000000,37
350,106,0.3577446141,27355696.0000000000,21
350,107,0.3572326592,27355696.0000000000,54
350,108,0.3770661333,30347312.0000000000,79
350,109,0.3783974451,30347312.0000000000,74
350,110,0.3779166653,30347312.0000000000,65
350,111,0.3761520888,30347312.0000000000,58
350,112,0.3666297889,30347312.0000000000,99
350,113,0.3768563502,30347312.0000000000,81
350,114,0.3768222472,30347312.0000000000,95
350,115,0.3659273854,30347312.0000000000,96
350,116,0.3770204718,30347312.0000000000,57
350,117,0.3579148946,27355696.0000000000,33
350,118,0.3589498658,27355696.0000000000,52
350,119,0.3584531115,27355696.0000000000,44
350,120,0.3779995484,30347312.0000000000,72
350,121,0.3780082561,30347312.0000000000,83
350,122,0.3772404088,30347312.0000000000,90
350,123,0.3778706763,30347312.0000000000,72
350,124,0.3758589018,30347312.0000000000,89
350,125,0.3778037755,30347312.0000000000,65
350,126,0.3656434247,30347312.0000000000,99
350,127,0.3764264133,30347312.0000000000,61
350,128,0.3762350615,30347312.0000000000,87
350,129,0.3583927267,27355696.0000000000,18
350,130,0.3586554254,27355696.0000000000,32
350,131,0.3586058451,27355696.0000000000,31
350,132,0.3659969456,30347312.0000000000,96
350,133,0.3776856222,30347312.0000000000,68
350,134,0.3770835956,30347312.0000000000,66
350,135,0.3757260321,30347312.0000000000,91
350,136,0.3776302657,30347312.0000000000,64
350,137,0.3769197312,30347312.0000000000,73
350,138,0.3762987566,30347312.0000000000,77
350,139,0.3774920136,30347312.0000000000,62
350,140,0.3767095862,30347312.0000000000,84
350,141,0.3584978829,27355696.0000000000,28
350,142,0.3574273411,27355696.0000000000,35
350,143,0.3575545341,27355696.0000000000,36
350,144,0.3768656613,30347312.0000000000,57
350,145,0.3770545178,30347312.0000000000,60
350,146,0.3762302131,30347312.0000000000,87
350,147,0.3773143105,30347312.0000000000,59
350,148,0.3775652570,30347312.0000000000,97
350,149,0.3770895702,30347312.0000000000,76
350,150,0.3768059437,30347312.0000000000,97
350,151,0.3777841988,30347312.0000000000,7
350,152,0.3770716460,30347312.0000000000,71
350,153,0.3573998403,27355696.0000000000,16
350,154,0.3574884163,27355696.0000000000,20
350,155,0.3594075257,27355696.0000000000,17
350,156,0.3783042860,30347312.0000000000,74
350,157,0.3766795707,30347312.0000000000,97
350,158,0.3768553873,30347312.0000000000,88
350,159,0.3768736539,30347312.0000000000,5
350,160,0.3765567045,30347312.0000000000,86
350,161,0.3777367205,30347312.0000000000,92
350,162,0.3770639751,30347312.0000000000,60
350,163,0.3774756395,30347312.0000000000,98
350,164,0.3769865940,30347312.0000000000,76
350,165,0.3578145692,27355696.0000000000,41
350,166,0.3592513977,27355696.0000000000,13
350,167,0.3572149902,27355696.0000000000,51
350,168,0.3770029384,30347312.0000000000,71
350,169,0.3775900229,30347312.0000000000,10
350,170,0.3775517295,30347312.0000000000,92
350,171,0.3762460494,30347312.0000000000,9
350,172,0.3769770388,30347312.0000000000,66
350,173,0.3771947383,30347312.0000000000,59
350,174,0.3756162877,30347312.0000000000,91
350,175,0.3776988984,30347312.0000000000,69
350,176,0.3770745432,30347312.0000000000,70
350,177,0.3586444274,27355696.0000000000,26
350,178,0.3576226342,27355696.0000000000,53
350,179,0.3592906739,27355696.0000000000,29
350,180,0.3781701359,30347312.0000000000,6
350,181,0.3773188904,30347312.0000000000,90
350,182,0.3772621135,30347312.0000000000,63
350,183,0.3763156981,30347312.0000000000,61
350,184,0.3771794263,30347312.0000000000,78
350,185,0.3769845099,30347312.0000000000,75
350,186,0.3764394686,30347312.0000000000,93
350,187,0.3776065111,30347312.0000000000,82
350,188,0.3773619077,30347312.0000000000,3
350,189,0.3575843727,27355696.0000000000,19
350,190,0.3568294093,27355696.0000000000,46
350,191,0.3595012789,27355696.0000000000,42
350,192,0.3776680103,30347312.0000000000,56
350,193,0.3766433164,30347312.0000000000,95
350,194,0.3762830148,30347312.0000000000,93
350,195,0.3783248022,30347312.0000000000,74
350,196,0.3775327964,30347312.0000000000,92
350,197,0.3752488452,30347312.0000000000,94
350,198,0.3767824779,30347312.0000000000,75
350,199,0.3772629990,30347312.0000000000,90
350,200,0.3766908345,30347312.0000000000,84
350,201,0.3578207503,27355696.0000000000,34
350,202,0.3587270806,27355696.0000000000,43
350,203,0.3592196351,27355696.0000000000,24
350,204,0.3774722706,30347312.0000000000,82
350,205,0.3771525022,30347312.0000000000,79
350,206,0.3767121769,30347312.0000000000,75
350,207,0.3766307974,30347312.0000000000,95
350,208,0.3779457741,30347312.0000000000,72
350,209,0.3750607087,30347312.0000000000,94
350,210,0.3767333280,30347312.0000000000,81
350,211,0.3771724322,30347312.0000000000,11
350,212,0.3774548585,30347312.0000000000,56
350,213,0.3576876501,27355696.0000000000,39
350,214,0.3578712058,27355696.0000000000,40
350,215,0.3581229227,27355696.0000000000,15
350,216,0.3770517967,30347312.0000000000,63
350,217,0.3773738728,30347312.0000000000,98
350,218,0.3769507617,30347312.0000000000,85
350,219,0.3777564546,30347312.0000000000,83
350,220,0.3768893109,30347312.0000000000,78
350,221,0.3761641247,30347312.0000000000,93
350,222,0.3766331831,30347312.0000000000,81
350,223,0.3766277036,30347312.0000000000,12
350,224,0.3764703542,30347312.0000000000,86
350,225,0.3585949442,27355696.0000000000,38
350,226,0.3577370496,27355696.0000000000,14
350,227,0.3577872112,27355696.0000000000,23
350,228,0.3782270564,30347312.0000000000,80
350,229,0.3769889617,30347312.0000000000,79
350,230,0.3774976438,30347312.0000000000,1
350,231,0.3775108049,30347312.0000000000,64
350,232,0.3779008991,30347312.0000000000,80
350,233,0.3658706624,30347312.0000000000,96
350,234,0.3775048387,30347312.0000000000,62
350,235,0.3774394513,30347312.0000000000,4
350,236,0.3770490036,30347312.0000000000,2
350,237,0.3577872830,27355696.0000000000,1
350,238,0.3571020300,27355696.0000000000,49
350,239,0.3574455401,27355696.0000000000,47
350,240,0.3751189086,30347312.0000000000,94
350,241,0.3773393020,30347312.0000000000,8
350,242,0.3767251309,30347312.0000000000,84
350,243,0.3773208003,30347312.0000000000,1
350,244,0.3768377726,30347312.0000000000,97
350,245,0.3769238159,30347312.0000000000,85
350,246,0.3779086295,30347312.0000000000,67
350,247,0.3754882511,30347312.0000000000,91
350,248,0.3762419120,30347312.0000000000,58
350,249,0.3604091624,27355696.0000000000,0
350,250,0.3568160532,27355696.0000000000,25
350,251,0.3587149404,27355696.0000000000,45
350,252,0.3778679755,30347312.0000000000,67
350,253,0.3656373514,30347312.0000000000,99
350,254,0.3655629114,30347312.0000000000,99
350,255,0.3765995666,30347312.0000000000,73
350,256,0.3775315422,30347312.0000000000,68
350,257,0.3759215735,30347312.0000000000,89
350,258,0.3767274990,30347312.0000000000,88
350,259,0.3758703157,30347312.0000000000,89
350,260,0.3764485335,30347312.0000000000,77
350,261,0.3578622983,27355696.0000000000,22
350,262,0.3598072322,27355696.0000000000,48
350,263,0.3579241062,27355696.0000000000,27
350,264,0.3763794987,30347312.0000000000,77
350,265,0.3765841380,30347312.0000000000,73
350,266,0.3770474918,30347312.0000000000,70
350,267,0.3763082095,30347312.0000000000,0
350,268,0.3761672549,30347312.0000000000,0
350,269,0.3768727598,30347312.0000000000,78
350,270,0.3774964078,30347312.0000000000,82
350,271,0.3778911600,30347312.0000000000,80
350,272,0.3775375769,30347312.0000000000,69
350,273,0.3586518869,27355696.0000000000,30
350,274,0.3583928510,27355696.0000000000,55
350,275,0.3577299298,27355696.0000000000,50
400,0,0.1172653540,158149584.0000000000,79
400,1,0.1198209570,157744096.0000000000,80
400,2,0.1206170590,156934256.0000000000,78
400,3,0.1208245500,156420416.0000000000,75
400,4,0.1195858490,155346128.0000000000,74
400,5,0.1182806160,154416512.0000000000,72
400,6,0.1186078130,155026288.0000000000,76
400,7,0.1213997900,157215168.0000000000,73
400,8,0.1244710640,159928288.0000000000,77
400,9,0.1128275700,145604608.0000000000,82
400,10,0.1092119850,145461472.0000000000,81
400,11,0.1079259000,144727312.0000000000,83
400,12,0.1773060400,239925360.0000000000,12
400,13,0.1776979500,240242160.0000000000,9
400,14,0.1789747110,240805856.0000000000,33
400,15,0.1816778420,242237888.0000000000,32
400,16,0.1844454290,244435664.0000000000,51
400,17,0.1862240420,246082624.0000000000,47
400,18,0.1855585850,245791200.0000000000,26
400,19,0.1832860690,243792224.0000000000,45
400,20,0.1809523450,241729184.0000000000,19
400,21,0.1617473120,216582992.0000000000,64
400,22,0.1606139650,216216976.0000000000,68
400,23,0.1602661140,215984016.0000000000,71
400,24,0.1767169750,239992384.0000000000,42
400,25,0.1767433500,240058832.0000000000,2
400,26,0.1766486420,240066784.0000000000,18
400,27,0.1764277140,240064304.0000000000,34
400,28,0.1765411250,240062432.0000000000,13
400,29,0.1763673690,240062288.0000000000,15
400,30,0.1764748780,240064688.0000000000,55
400,31,0.1764351870,240065312.0000000000,44
400,32,0.1765362780,240063568.0000000000,36
400,33,0.1597909150,216101264.0000000000,70
400,34,0.1595765700,216098368.0000000000,58
400,35,0.1596769720,216032736.0000000000,66
400,36,0.1764127620,239995344.0000000000,22
400,37,0.1764935570,240064544.0000000000,20
400,38,0.1765338200,240062832.0000000000,6
400,39,0.1764177210,240063920.0000000000,7
400,40,0.1765136860,240064160.0000000000,27
400,41,0.1766619400,240062352.0000000000,17
400,42,0.1763550330,240063552.0000000000,54
400,43,0.1763964310,240062432.0000000000,3
400,44,0.1766342710,240065056.0000000000,29
400,45,0.1598652070,216096144.0000000000,67
400,46,0.1597980880,216103744.0000000000,65
400,47,0.1597245790,216029776.0000000000,59
400,48,0.1765117080,239998272.0000000000,41
400,49,0.1765591400,240060496.0000000000,35
400,50,0.1765964090,240060976.0000000000,4
400,51,0.1764246380,240065376.0000000000,5
400,52,0.1766935690,240060384.0000000000,37
400,53,0.1764487850,240061264.0000000000,8
400,54,0.1765342990,240062624.0000000000,11
400,55,0.1764237740,240067872.0000000000,23
400,56,0.1764606160,240063280.0000000000,21
400,57,0.1599617070,216101168.0000000000,56
400,58,0.1596035010,216097600.0000000000,61
400,59,0.1595798080,216027744.0000000000,57
400,60,0.1763459070,239978528.0000000000,16
400,61,0.1763534740,240064640.0000000000,53
400,62,0.1764323190,240064640.0000000000,24
400,63,0.1765141720,240066592.0000000000,28
400,64,0.1767026890,240064416.0000000000,38
400,65,0.1764951970,240072432.0000000000,14
400,66,0.1763538630,240061456.0000000000,40
400,67,0.1765787760,240066176.0000000000,30
400,68,0.1766536060,240066240.0000000000,48
400,69,0.1597857610,216104992.0000000000,1
400,70,0.1598433060,216097696.0000000000,62
400,71,0.1597445260,216021264.0000000000,63
400,72,0.1765486800,239905904.0000000000,52
400,73,0.1765565270,240076288.0000000000,49
400,74,0.1766915270,240055632.0000000000,39
400,75,0.1765837780,240053536.0000000000,43
400,76,0.1765849680,240067936.0000000000,25
400,77,0.1765456760,240050160.0000000000,50
400,78,0.1765164150,240058688.0000000000,46
400,79,0.1763866230,240063392.0000000000,10
400,80,0.1767910030,240065408.0000000000,31
400,81,0.1601301410,216101504.0000000000,69
400,82,0.1599891890,216086288.0000000000,60
400,83,0.1597875850,215937632.0000000000,0
400,84,0.0595899350,89775120.0000000000,92
400,85,0.0595684720,89809456.0000000000,84
400,86,0.0595123380,89824272.0000000000,89
400,87,0.0595225760,89826000.0000000000,88
400,88,0.0595589850,89821680.0000000000,85
400,89,0.0596632570,89817024.0000000000,90
400,90,0.0595031350,89828464.0000000000,87
400,91,0.0595642550,89821680.0000000000,86
400,92,0.0595008830,89817008.0000000000,91
400,93,0.0555271190,80884368.0000000000,93
400,94,0.0556494140,80891776.0000000000,94
400,95,0.0555569860,80837504.0000000000,95
400,96,0.0115044870,30347312.0000000000,88
400,97,0.0115488080,30347312.0000000000,76
400,98,0.0115236840,30347312.0000000000,87
400,99,0.0115144450,30347312.0000000000,86
400,100,0.0112403230,30347312.0000000000,96
400,101,0.0115967800,30347312.0000000000,98
400,102,0.0115506230,30347312.0000000000,83
400,103,0.0115685980,30347312.0000000000,98
400,104,0.0115413890,30347312.0000000000,85
400,105,0.0109808140,27355696.0000000000,37
400,106,0.0109741080,27355696.0000000000,21
400,107,0.0109270440,27355696.0000000000,54
400,108,0.0115308140,30347312.0000000000,79
400,109,0.0115744000,30347312.0000000000,74
400,110,0.0115815240,30347312.0000000000,65
400,111,0.0114917840,30347312.0000000000,58
400,112,0.0112250950,30347312.0000000000,99
400,113,0.0115272080,30347312.0000000000,81
400,114,0.0115360900,30347312.0000000000,95
400,115,0.0112180980,30347312.0000000000,96
400,116,0.0114998700,30347312.0000000000,57
400,117,0.0109616240,27355696.0000000000,33
400,118,0.0109919090,27355696.0000000000,52
400,119,0.0109787310,27355696.0000000000,44
400,120,0.0115637380,30347312.0000000000,72
400,121,0.0115441210,30347312.0000000000,83
400,122,0.0115293250,30347312.0000000000,90
400,123,0.0115411830,30347312.0000000000,72
400,124,0.0114920630,30347312.0000000000,89
400,125,0.0115618670,30347312.0000000000,65
400,126,0.0112090920,30347312.0000000000,99
400,127,0.0115000890,30347312.0000000000,61
400,128,0.0115083160,30347312.0000000000,87
400,129,0.0109677830,27355696.0000000000,18
400,130,0.0109836880,27355696.0000000000,32
400,131,0.0109739700,27355696.0000000000,31
400,132,0.0111947140,30347312.0000000000,96
400,133,0.0115438750,30347312.0000000000,68
400,134,0.0115484530,30347312.0000000000,66
400,135,0.0114887260,30347312.0000000000,91
400,136,0.0115566560,30347312.0000000000,64
400,137,0.0115281710,30347312.0000000000,73
400,138,0.0115114860,30347312.0000000000,77
400,139,0.0115497260,30347312.0000000000,62
400,140,0.0115354570,30347312.0000000000,84
400,141,0.0109813840,27355696.0000000000,28
400,142,0.0109515950,27355696.0000000000,35
400,143,0.0109556350,27355696.0000000000,36
400,144,0.0115516280,30347312.0000000000,57
400,145,0.0115410880,30347312.0000000000,60
400,146,0.0114939190,30347312.0000000000,87
400,147,0.0115571580,30347312.0000000000,59
400,148,0.0115435800,30347312.0000000000,97
400,149,0.0115412640,30347312.0000000000,76
400,150,0.0115284300,30347312.0000000000,97
400,151,0.0115745200,30347312.0000000000,7
400,152,0.0115269630,30347312.0000000000,71
400,153,0.0109447970,27355696.0000000000,16
400,154,0.0109437990,27355696.0000000000,20
400,155,0.0110280200,27355696.0000000000,17
400,156,0.0115864020,30347312.0000000000,74
400,157,0.0115340110,30347312.0000000000,97
400,158,0.0115373600,30347312.0000000000,88
400,159,0.0115508430,30347312.0000000000,5
400,160,0.0115231510,30347312.0000000000,86
400,161,0.0115583810,30347312.0000000000,92
400,162,0.0115376400,30347312.0000000000,60
400,163,0.0115406520,30347312.0000000000,98
400,164,0.0115142210,30347312.0000000000,76
400,165,0.0109521160,27355696.0000000000,41
400,166,0.0110017600,27355696.0000000000,13
400,167,0.0109320020,27355696.0000000000,51
400,168,0.0115501460,30347312.0000000000,71
400,169,0.0115595120,30347312.0000000000,10
400,170,0.0115352900,30347312.0000000000,92
400,171,0.0115303470,30347312.0000000000,9
400,172,0.0115419190,30347312.0000000000,66
400,173,0.0115370300,30347312.0000000000,59
400,174,0.0114802790,30347312.0000000000,91
400,175,0.0115667690,30347312.0000000000,69
400,176,0.0115424320,30347312.0000000000,70
400,177,0.0109656610,27355696.0000000000,26
400,178,0.0109326620,27355696.0000000000,53
400,179,0.0109974370,27355696.0000000000,29
400,180,0.0115763630,30347312.0000000000,6
400,181,0.0115652720,30347312.0000000000,90
400,182,0.0115332550,30347312.0000000000,63
400,183,0.0115024620,30347312.0000000000,61
400,184,0.0115268370,30347312.0000000000,78
400,185,0.0115603420,30347312.0000000000,75
400,186,0.0115068620,30347312.0000000000,93
400,187,0.0115618940,30347312.0000000000,82
400,188,0.0115517190,30347312.0000000000,3
400,189,0.0109568410,27355696.0000000000,19
400,190,0.0109202680,27355696.0000000000,46
400,191,0.0110015820,27355696.0000000000,42
400,192,0.0115680620,30347312.0000000000,56
400,193,0.0115072420,30347312.0000000000,95
400,194,0.0115105010,30347312.0000000000,93
400,195,0.0115865220,30347312.0000000000,74
400,196,0.0115488840,30347312.0000000000,92
400,197,0.0114784190,30347312.0000000000,94
400,198,0.0115443630,30347312.0000000000,75
400,199,0.0115526590,30347312.0000000000,90
400,200,0.0115188840,30347312.0000000000,84
400,201,0.0109570170,27355696.0000000000,34
400,202,0.0109835490,27355696.0000000000,43
400,203,0.0109250840,27355696.0000000000,24
400,204,0.0115589290,30347312.0000000000,82
400,205,0.0115487580,30347312.0000000000,79
400,206,0.0115275880,30347312.0000000000,75
400,207,0.0115203690,30347312.0000000000,95
400,208,0.0115685670,30347312.0000000000,72
400,209,0.0114605940,30347312.0000000000,94
400,210,0.0115213850,30347312.0000000000,81
400,211,0.0115255860,30347312.0000000000,11
400,212,0.0115508370,30347312.0000000000,56
400,213,0.0109470490,27355696.0000000000,39
400,214,0.0109431600,27355696.0000000000,40
400,215,0.0109651500,27355696.0000000000,15
400,216,0.0115417800,30347312.0000000000,63
400,217,0.0115177800,30347312.0000000000,98
400,218,0.0115444750,30347312.0000000000,85
400,219,0.0115373980,30347312.0000000000,83
400,220,0.0115384080,30347312.0000000000,78
400,221,0.0115131850,30347312.0000000000,93
400,222,0.0115048470,30347312.0000000000,81
400,223,0.0115282440,30347312.0000000000,12
400,224,0.0115235350,30347312.0000000000,86
400,225,0.0109680190,27355696.0000000000,38
400,226,0.0109425940,27355696.0000000000,14
400,227,0.0109737470,27355696.0000000000,23
400,228,0.0115547120,30347312.0000000000,80
400,229,0.0115339790,30347312.0000000000,79
400,230,0.0115155400,30347312.0000000000,1
400,231,0.0115559760,30347312.0000000000,64
400,232,0.0115710640,30347312.0000000000,80
400,233,0.0111972900,30347312.0000000000,96
400,234,0.0115353080,30347312.0000000000,62
400,235,0.0115559440,30347312.0000000000,4
400,236,0.0115304190,30347312.0000000000,2
400,237,0.0109549950,27355696.0000000000,1
400,238,0.0109368310,27355696.0000000000,49
400,239,0.0109407300,27355696.0000000000,47
400,240,0.0114677780,30347312.0000000000,94
400,241,0.0115230940,30347312.0000000000,8
400,242,0.0115050680,30347312.0000000000,84
400,243,0.0115476520,30347312.0000000000,1
400,244,0.0115292710,30347312.0000000000,97
400,245,0.0115239260,30347312.0000000000,85
400,246,0.0115697610,30347312.0000000000,67
400,247,0.0114849080,30347312.0000000000,91
400,248,0.0115078360,30347312.0000000000,58
400,249,0.0109241280,27355696.0000000000,0
400,250,0.0109207670,27355696.0000000000,25
400,251,0.0109687320,27355696.0000000000,45
400,252,0.0115716560,30347312.0000000000,67
400,253,0.0111891240,30347312.0000000000,99
400,254,0.0111864870,30347312.0000000000,99
400,255,0.0115175000,30347312.0000000000,73
400,256,0.0115662880,30347312.0000000000,68
400,257,0.0114965510,30347312.0000000000,89
400,258,0.0115232610,30347312.0000000000,88
400,259,0.0115118080,30347312.0000000000,89
400,260,0.0115211420,30347312.0000000000,77
400,261,0.0109438690,27355696.0000000000,22
400,262,0.0110147420,27355696.0000000000,48
400,263,0.0109601820,27355696.0000000000,27
400,264,0.0115330070,30347312.0000000000,77
400,265,0.0115163370,30347312.0000000000,73
400,266,0.0115410590,30347312.0000000000,70
400,267,0.0115123130,30347312.0000000000,0
400,268,0.0115066910,30347312.0000000000,0
400,269,0.0115494980,30347312.0000000000,78
400,270,0.0115407030,30347312.0000000000,82
400,271,0.0115795200,30347312.0000000000,80
400,272,0.0115655470,30347312.0000000000,69
400,273,0.0109894610,27355696.0000000000,30
400,274,0.0109833830,27355696.0000000000,55
400,275,0.0109486960,27355696.0000000000,50
450,0,3.7742197808,157651664.0000000000,79
450,1,3.8392018461,156925936.0000000000,80
450,2,3.8602982525,155329856.0000000000,78
450,3,3.8330606662,153501664.0000000000,75
450,4,3.7387879417,150098736.0000000000,74
450,5,3.6563339273,147201008.0000000000,72
450,6,3.6817090148,148161472.0000000000,76
450,7,3.8236893117,152850096.0000000000,73
450,8,3.9815314291,158466736.0000000000,77
450,9,3.6388325048,145906224.0000000000,82
450,10,3.5506093782,145975552.0000000000,81
450,11,3.4798406138,145050544.0000000000,83
450,12,5.7073794192,239928016.0000000000,12
450,13,5.7333016377,240448016.0000000000,9
450,14,5.8046570607,241759200.0000000000,33
450,15,5.9176562273,245076976.0000000000,32
450,16,6.0553089597,250259776.0000000000,51
450,17,6.1658535305,254260752.0000000000,47
450,18,6.1496662666,253580240.0000000000,26
450,19,6.0154372018,248837040.0000000000,45
450,20,5.8746304693,243930880.0000000000,19
450,21,5.2256602319,217213776.0000000000,64
450,22,5.1767153556,216366160.0000000000,68
450,23,5.1621458377,215998240.0000000000,71
450,24,5.6850425452,239990000.0000000000,42
450,25,5.6802325835,240062400.0000000000,2
450,26,5.6854499269,240063104.0000000000,18
450,27,5.6798829092,240064992.0000000000,34
450,28,5.6826632385,240063520.0000000000,13
450,29,5.6778177445,240069056.0000000000,15
450,30,5.6781909987,240062880.0000000000,55
450,31,5.6790101191,240063792.0000000000,44
450,32,5.6807348411,240064304.0000000000,36
450,33,5.1441925900,216101488.0000000000,70
450,34,5.1382364457,216101568.0000000000,58
450,35,5.1419654629,216031408.0000000000,66
450,36,5.6775081636,239992560.0000000000,22
450,37,5.6797164932,240064560.0000000000,20
450,38,5.6812681693,240064944.0000000000,6
450,39,5.6782336429,240063104.0000000000,7
450,40,5.6768520281,240063200.0000000000,27
450,41,5.6848085700,240061904.0000000000,17
450,42,5.6772932214,240066320.0000000000,54
450,43,5.6778052210,240060624.0000000000,3
450,44,5.6874215551,240063296.0000000000,29
450,45,5.1457540352,216099264.0000000000,67
450,46,5.1449691236,216099472.0000000000,65
450,47,5.1394159544,216027040.0000000000,59
450,48,5.6793932792,239994784.0000000000,41
450,49,5.6809973881,240064320.0000000000,35
450,50,5.6823973951,240059040.0000000000,4
450,51,5.6799894989,240066240.0000000000,5
450,52,5.6833825202,240062288.0000000000,37
450,53,5.6800768336,240060976.0000000000,8
450,54,5.6796642072,240062640.0000000000,11
450,55,5.6779889607,240063584.0000000000,23
450,56,5.6783000096,240061904.0000000000,21
450,57,5.1422198884,216101232.0000000000,56
450,58,5.1398340454,216096240.0000000000,61
450,59,5.1381446342,216027920.0000000000,57
450,60,5.6767629148,239974176.0000000000,16
450,61,5.6777108504,240060976.0000000000,53
450,62,5.6779676299,240066960.0000000000,24
450,63,5.6819610877,240066592.0000000000,28
450,64,5.6845518363,240064688.0000000000,38
450,65,5.6831372721,240075056.0000000000,14
450,66,5.6780877085,240068224.0000000000,40
450,67,5.6832496287,240066512.0000000000,30
450,68,5.6872548399,240064016.0000000000,48
450,69,5.1417786037,216106096.0000000000,1
450,70,5.1449072497,216098176.0000000000,62
450,71,5.1386834961,216017936.0000000000,63
450,72,5.6821121145,239885328.0000000000,52
450,73,5.6805578012,240077632.0000000000,49
450,74,5.6867160595,240062176.0000000000,39
450,75,5.6848665427,240050704.0000000000,43
450,76,5.6829734238,240065360.0000000000,25
450,77,5.6817571509,240052112.0000000000,50
450,78,5.6776553910,240054496.0000000000,46
450,79,5.6806319296,240062544.0000000000,10
450,80,5.6902870599,240067440.0000000000,31
450,81,5.1505413037,216105296.0000000000,69
450,82,5.1465292525,216083520.0000000000,60
450,83,5.1383246456,215918688.0000000000,0
450,84,1.9221257931,89770464.0000000000,92
450,85,1.9200738245,89807168.0000000000,84
450,86,1.9188286149,89821744.0000000000,89
450,87,1.9202570247,89827392.0000000000,88
450,88,1.9204428321,89820704.0000000000,85
450,89,1.9206604992,89818352.0000000000,90
450,90,1.9207458071,89828480.0000000000,87
450,91,1.9204911335,89820688.0000000000,86
450,92,1.9187901142,89817760.0000000000,91
450,93,1.7902586743,80883952.0000000000,93
450,94,1.7893507363,80891456.0000000000,94
450,95,1.7907278808,80830704.0000000000,95
450,96,0.3769588216,30347312.0000000000,88
450,97,0.3772532895,30347312.0000000000,76
450,98,0.3763728647,30347312.0000000000,87
450,99,0.3766323888,30347312.0000000000,86
450,100,0.3670102542,30347312.0000000000,96
450,101,0.3783194945,30347312.0000000000,98
450,102,0.3779886316,30347312.0000000000,83
450,103,0.3774280768,30347312.0000000000,98
450,104,0.3769378358,30347312.0000000000,85
450,105,0.3587416588,27355696.0000000000,37
450,106,0.3578698143,27355696.0000000000,21
450,107,0.3572263375,27355696.0000000000,54
450,108,0.3771050580,30347312.0000000000,79
450,109,0.3784867863,30347312.0000000000,74
450,110,0.3779728305,30347312.0000000000,65
450,111,0.3761104477,30347312.0000000000,58
450,112,0.3664618946,30347312.0000000000,99
450,113,0.3769106286,30347312.0000000000,81
450,114,0.3768654094,30347312.0000000000,95
450,115,0.3659085845,30347312.0000000000,96
450,116,0.3770399474,30347312.0000000000,57
450,117,0.3579892932,27355696.0000000000,33
450,118,0.3589077825,27355696.0000000000,52
450,119,0.3584585020,27355696.0000000000,44
450,120,0.3782745588,30347312.0000000000,72
450,121,0.3778152722,30347312.0000000000,83
450,122,0.3772073492,30347312.0000000000,90
450,123,0.3778917944,30347312.0000000000,72
450,124,0.3757775223,30347312.0000000000,89
450,125,0.3779582250,30347312.0000000000,65
450,126,0.3655693057,30347312.0000000000,99
450,127,0.3764792326,30347312.0000000000,61
450,128,0.3762861497,30347312.0000000000,87
450,129,0.3583608944,27355696.0000000000,18
450,130,0.3587061292,27355696.0000000000,32
450,131,0.3585900813,27355696.0000000000,31
450,132,0.3658971162,30347312.0000000000,96
450,133,0.3776225854,30347312.0000000000,68
450,134,0.3771083991,30347312.0000000000,66
450,135,0.3756976427,30347312.0000000000,91
450,136,0.3775934654,30347312.0000000000,64
450,137,0.3767295817,30347312.0000000000,73
450,138,0.3762419884,30347312.0000000000,77
450,139,0.3773589982,30347312.0000000000,62
450,140,0.3766668208,30347312.0000000000,84
450,141,0.3586124791,27355696.0000000000,28
450,142,0.3573885824,27355696.0000000000,35
450,143,0.3575263122,27355696.0000000000,36
450,144,0.3768985347,30347312.0000000000,57
450,145,0.3769721562,30347312.0000000000,60
450,146,0.3762707515,30347312.0000000000,87
450,147,0.3773164268,30347312.0000000000,59
450,148,0.3775329374,30347312.0000000000,97
450,149,0.3772494788,30347312.0000000000,76
450,150,0.3767711307,30347312.0000000000,97
450,151,0.3777557063,30347312.0000000000,7
450,152,0.3770059025,30347312.0000000000,71
450,153,0.3574703326,27355696.0000000000,16
450,154,0.3574835063,27355696.0000000000,20
450,155,0.3594038878,27355696.0000000000,17
450,156,0.3783713355,30347312.0000000000,74
450,157,0.3768993277,30347312.0000000000,97
450,158,0.3768653995,30347312.0000000000,88
450,159,0.3770220327,30347312.0000000000,5
450,160,0.3764604579,30347312.0000000000,86
450,161,0.3776799894,30347312.0000000000,92
450,162,0.3770474204,30347312.0000000000,60
450,163,0.3773900102,30347312.0000000000,98
450,164,0.3771628631,30347312.0000000000,76
450,165,0.3577448840,27355696.0000000000,41
450,166,0.3592855537,27355696.0000000000,13
450,167,0.3572063068,27355696.0000000000,51
450,168,0.3770734414,30347312.0000000000,71
450,169,0.3775402413,30347312.0000000000,10
450,170,0.3777287622,30347312.0000000000,92
450,171,0.3762547542,30347312.0000000000,9
450,172,0.3768784886,30347312.0000000000,66
450,173,0.3774258886,30347312.0000000000,59
450,174,0.3755760268,30347312.0000000000,91
450,175,0.3777433749,30347312.0000000000,69
450,176,0.3770683662,30347312.0000000000,70
450,177,0.3586444449,27355696.0000000000,26
450,178,0.3577146345,27355696.0000000000,53
450,179,0.3593426698,27355696.0000000000,29
450,180,0.3782505284,30347312.0000000000,6
450,181,0.3774163550,30347312.0000000000,90
450,182,0.3771951832,30347312.0000000000,63
450,183,0.3764077851,30347312.0000000000,61
450,184,0.3770372661,30347312.0000000000,78
450,185,0.3769584037,30347312.0000000000,75
450,186,0.3764266161,30347312.0000000000,93
450,187,0.3775951953,30347312.0000000000,82
450,188,0.3774397846,30347312.0000000000,3
450,189,0.3576394145,27355696.0000000000,19
450,190,0.3567389696,27355696.0000000000,46
450,191,0.3595543896,27355696.0000000000,42
450,192,0.3776662532,30347312.0000000000,56
450,193,0.3764992228,30347312.0000000000,95
450,194,0.3762912558,30347312.0000000000,93
450,195,0.3782906417,30347312.0000000000,74
450,196,0.3777207872,30347312.0000000000,92
450,197,0.3752642728,30347312.0000000000,94
450,198,0.3767493901,30347312.0000000000,75
450,199,0.3772820416,30347312.0000000000,90
450,200,0.3766605116,30347312.0000000000,84
450,201,0.3578473574,27355696.0000000000,34
450,202,0.3587873430,27355696.0000000000,43
450,203,0.3571506254,27355696.0000000000,24
450,204,0.3774171914,30347312.0000000000,82
450,205,0.3769752661,30347312.0000000000,79
450,206,0.3767898305,30347312.0000000000,75
450,207,0.3767296146,30347312.0000000000,95
450,208,0.3777991306,30347312.0000000000,72
450,209,0.3750572471,30347312.0000000000,94
450,210,0.3767608735,30347312.0000000000,81
450,211,0.3770456326,30347312.0000000000,11
450,212,0.3773937787,30347312.0000000000,56
450,213,0.3577220738,27355696.0000000000,39
450,214,0.3578189164,27355696.0000000000,40
450,215,0.3579755351,27355696.0000000000,15
450,216,0.3770557211,30347312.0000000000,63
450,217,0.3772561181,30347312.0000000000,98
450,218,0.3769954610,30347312.0000000000,85
450,219,0.3778665805,30347312.0000000000,83
450,220,0.3770061361,30347312.0000000000,78
450,221,0.3762885020,30347312.0000000000,93
450,222,0.3766623373,30347312.0000000000,81
450,223,0.3766991201,30347312.0000000000,12
450,224,0.3764767165,30347312.0000000000,86
450,225,0.3585026227,27355696.0000000000,38
450,226,0.3578162716,27355696.0000000000,14
450,227,0.3579004033,27355696.0000000000,23
450,228,0.3779084411,30347312.0000000000,80
450,229,0.3770184568,30347312.0000000000,79
450,230,0.3774329436,30347312.0000000000,1
450,231,0.3774116302,30347312.0000000000,64
450,232,0.3780371820,30347312.0000000000,80
450,233,0.3659710717,30347312.0000000000,96
450,234,0.3774264383,30347312.0000000000,62
450,235,0.3773459858,30347312.0000000000,4
450,236,0.3768596113,30347312.0000000000,2
450,237,0.3578351910,27355696.0000000000,1
450,238,0.3569444009,27355696.0000000000,49
450,239,0.3575096378,27355696.0000000000,47
450,240,0.3750353197,30347312.0000000000,94
450,241,0.3772205452,30347312.0000000000,8
450,242,0.3765842510,30347312.0000000000,84
450,243,0.3774295695,30347312.0000000000,1
450,244,0.3768748643,30347312.0000000000,97
450,245,0.3768330495,30347312.0000000000,85
450,246,0.3778673614,30347312.0000000000,67
450,247,0.3754023947,30347312.0000000000,91
450,248,0.3761771108,30347312.0000000000,58
450,249,0.3567670261,27355696.0000000000,0
450,250,0.3569514977,27355696.0000000000,25
450,251,0.3585624116,27355696.0000000000,45
450,252,0.3778731289,30347312.0000000000,67
450,253,0.3656899474,30347312.0000000000,99
450,254,0.3654668532,30347312.0000000000,99
450,255,0.3765721917,30347312.0000000000,73
450,256,0.3775619010,30347312.0000000000,68
450,257,0.3759431335,30347312.0000000000,89
450,258,0.3766571049,30347312.0000000000,88
450,259,0.3758169549,30347312.0000000000,89
450,260,0.3763075692,30347312.0000000000,77
450,261,0.3578919841,27355696.0000000000,22
450,262,0.3596770991,27355696.0000000000,48
450,263,0.3579521340,27355696.0000000000,27
450,264,0.3764494037,30347312.0000000000,77
450,265,0.3766183232,30347312.0000000000,73
450,266,0.3770040747,30347312.0000000000,70
450,267,0.3762195795,30347312.0000000000,0
450,268,0.3760610676,30347312.0000000000,0
450,269,0.3768596647,30347312.0000000000,78
450,270,0.3775598446,30347312.0000000000,82
450,271,0.3778507229,30347312.0000000000,80
450,272,0.3777584224,30347312.0000000000,69
450,273,0.3587356145,27355696.0000000000,30
450,274,0.3584220214,27355696.0000000000,55
450,275,0.3577796061,27355696.0000000000,50
500,0,0.1160391650,157103888.0000000000,79
500,1,0.1181241160,155932288.0000000000,80
500,2,0.1172399660,153157248.0000000000,78
500,3,0.1131759330,149343184.0000000000,75
500,4,0.1049674200,142486480.0000000000,74
500,5,0.1013088610,138455536.0000000000,72
500,6,0.1013646970,139095648.0000000000,76
500,7,0.1094745310,146162224.0000000000,73
500,8,0.1206759660,156212544.0000000000,77
500,9,0.1131872690,146213440.0000000000,82
500,10,0.1107525710,146480000.0000000000,81
500,11,0.1082192510,145367056.0000000000,83
500,12,0.1779036260,239924768.0000000000,12
500,13,0.1794452620,240718944.0000000000,9
500,14,0.1839312400,242928928.0000000000,33
500,15,0.1906961690,248656496.0000000000,32
500,16,0.2007259110,257575728.0000000000,51
500,17,0.2050402510,261209568.0000000000,47
500,18,0.2051900890,261274640.0000000000,26
500,19,0.1984343440,255482336.0000000000,45
500,20,0.1882878600,246791584.0000000000,19
500,21,0.1648228020,217995760.0000000000,64
500,22,0.1615166590,216557680.0000000000,68
500,23,0.1609413280,216018624.0000000000,71
500,24,0.1766570490,239988576.0000000000,42
500,25,0.1764390640,240062288.0000000000,2
500,26,0.1765481020,240063792.0000000000,18
500,27,0.1765434090,240068656.0000000000,34
500,28,0.1765290920,240062896.0000000000,13
500,29,0.1765851000,240061712.0000000000,15
500,30,0.1765776480,240063680.0000000000,55
500,31,0.1764684980,240061936.0000000000,44
500,32,0.1766069920,240061136.0000000000,36
500,33,0.1597658690,216098848.0000000000,70
500,34,0.1597874170,216098048.0000000000,58
500,35,0.1598372410,216026768.0000000000,66
500,36,0.1765744880,239992256.0000000000,22
500,37,0.1764929800,240062432.0000000000,20
500,38,0.1765660240,240063680.0000000000,6
500,39,0.1763934580,240062480.0000000000,7
500,40,0.1765494620,240062624.0000000000,27
500,41,0.1766120970,240064272.0000000000,17
500,42,0.1764517370,240067600.0000000000,54
500,43,0.1764238330,240061504.0000000000,3
500,44,0.1767360080,240063056.0000000000,29
500,45,0.1598289840,216101584.0000000000,67
500,46,0.1597953600,216104192.0000000000,65
500,47,0.1596765520,216025808.0000000000,59
500,48,0.1764416720,239989648.0000000000,41
500,49,0.1766519390,240062144.0000000000,35
500,50,0.1765407240,240062672.0000000000,4
500,51,0.1764037480,240063760.0000000000,5
500,52,0.1765769370,240057584.0000000000,37
500,53,0.1763895800,240067216.0000000000,8
500,54,0.1765243810,240059680.0000000000,11
500,55,0.1764579230,240061632.0000000000,23
500,56,0.1764299280,240063664.0000000000,21
500,57,0.1597157680,216100240.0000000000,56
500,58,0.1596722900,216097424.0000000000,61
500,59,0.1595380860,216023936.0000000000,57
500,60,0.1763481970,239971504.0000000000,16
500,61,0.1763582970,240062848.0000000000,53
500,62,0.1765328120,240069104.0000000000,24
500,63,0.1767293880,240067904.0000000000,28
500,64,0.1765496350,240065792.0000000000,38
500,65,0.1766702740,240073712.0000000000,14
500,66,0.1764171260,240070880.0000000000,40
500,67,0.1766589610,240071856.0000000000,30
500,68,0.1766943630,240066112.0000000000,48
500,69,0.1597761510,216100432.0000000000,1
500,70,0.1598745150,216099600.0000000000,62
500,71,0.1596447100,216015248.0000000000,63
500,72,0.1764811740,239866416.0000000000,52
500,73,0.1766132870,240073424.0000000000,49
500,74,0.1767973020,240060432.0000000000,39
500,75,0.1766864950,240049632.0000000000,43
500,76,0.1767275680,240059488.0000000000,25
500,77,0.1767028200,240051840.0000000000,50
500,78,0.1764738190,240051744.0000000000,46
500,79,0.1764642840,240054352.0000000000,10
500,80,0.1768409630,240068240.0000000000,31
500,81,0.1600264520,216105872.0000000000,69
500,82,0.1598913260,216084016.0000000000,60
500,83,0.1596686210,215895696.0000000000,0
500,84,0.0595965690,89764560.0000000000,92
500,85,0.0595201450,89806272.0000000000,84
500,86,0.0594013170,89821824.0000000000,89
500,87,0.0594944480,89828864.0000000000,88
500,88,0.0595077300,89822848.0000000000,85
500,89,0.0594998610,89819872.0000000000,90
500,90,0.0595142340,89827840.0000000000,87
500,91,0.0596652040,89823776.0000000000,86
500,92,0.0594812740,89817280.0000000000,91
500,93,0.0554703640,80884144.0000000000,93
500,94,0.0554164980,80891856.0000000000,94
500,95,0.0556586660,80824304.0000000000,95
500,96,0.0115308550,30347312.0000000000,88
500,97,0.0115269970,30347312.0000000000,76
500,98,0.0115112650,30347312.0000000000,87
500,99,0.0115138120,30347312.0000000000,86
500,100,0.0112415880,30347312.0000000000,96
500,101,0.0115877790,30347312.0000000000,98
500,102,0.0115638770,30347312.0000000000,83
500,103,0.0115465190,30347312.0000000000,98
500,104,0.0115408930,30347312.0000000000,85
500,105,0.0109869840,27355696.0000000000,37
500,106,0.0109521440,27355696.0000000000,21
500,107,0.0109176740,27355696.0000000000,54
500,108,0.0115207460,30347312.0000000000,79
500,109,0.0115914350,30347312.0000000000,74
500,110,0.0115641730,30347312.0000000000,65
500,111,0.0115201310,30347312.0000000000,58
500,112,0.0112135950,30347312.0000000000,99
500,113,0.0115430160,30347312.0000000000,81
500,114,0.0115340960,30347312.0000000000,95
500,115,0.0112078960,30347312.0000000000,96
500,116,0.0115612200,30347312.0000000000,57
500,117,0.0109620570,27355696.0000000000,33
500,118,0.0109704760,27355696.0000000000,52
500,119,0.0109565600,27355696.0000000000,44
500,120,0.0115548440,30347312.0000000000,72
500,121,0.0115752990,30347312.0000000000,83
500,122,0.0115346800,30347312.0000000000,90
500,123,0.0115497750,30347312.0000000000,72
500,124,0.0114876600,30347312.0000000000,89
500,125,0.0115442370,30347312.0000000000,65
500,126,0.0111788290,30347312.0000000000,99
500,127,0.0115263270,30347312.0000000000,61
500,128,0.0115156960,30347312.0000000000,87
500,129,0.0109528540,27355696.0000000000,18
500,130,0.0109825660,27355696.0000000000,32
500,131,0.0109826610,27355696.0000000000,31
500,132,0.0112051090,30347312.0000000000,96
500,133,0.0115452710,30347312.0000000000,68
500,134,0.0115685530,30347312.0000000000,66
500,135,0.0114915810,30347312.0000000000,91
500,136,0.0115700460,30347312.0000000000,64
500,137,0.0115101080,30347312.0000000000,73
500,138,0.0115297810,30347312.0000000000,77
500,139,0.0115466750,30347312.0000000000,62
500,140,0.0115479240,30347312.0000000000,84
500,141,0.0109851060,27355696.0000000000,28
500,142,0.0109328130,27355696.0000000000,35
500,143,0.0109436410,27355696.0000000000,36
500,144,0.0115302590,30347312.0000000000,57
500,145,0.0115520070,30347312.0000000000,60
500,146,0.0115170970,30347312.0000000000,87
500,147,0.0115430240,30347312.0000000000,59
500,148,0.0115632230,30347312.0000000000,97
500,149,0.0115337810,30347312.0000000000,76
500,150,0.0115369330,30347312.0000000000,97
500,151,0.0115680610,30347312.0000000000,7
500,152,0.0115264820,30347312.0000000000,71
500,153,0.0109421350,27355696.0000000000,16
500,154,0.0109481580,27355696.0000000000,20
500,155,0.0110151360,27355696.0000000000,17
500,156,0.0115732380,30347312.0000000000,74
500,157,0.0115335650,30347312.0000000000,97
500,158,0.0115134000,30347312.0000000000,88
500,159,0.0115160760,30347312.0000000000,5
500,160,0.0115268850,30347312.0000000000,86
500,161,0.0115509300,30347312.0000000000,92
500,162,0.0115432000,30347312.0000000000,60
500,163,0.0115447360,30347312.0000000000,98
500,164,0.0115535400,30347312.0000000000,76
500,165,0.0109538590,27355696.0000000000,41
500,166,0.0109901510,27355696.0000000000,13
500,167,0.0109354990,27355696.0000000000,51
500,168,0.0115514110,30347312.0000000000,71
500,169,0.0115611220,30347312.0000000000,10
500,170,0.0115511690,30347312.0000000000,92
500,171,0.0115110760,30347312.0000000000,9
500,172,0.0115402960,30347312.0000000000,66
500,173,0.0115589850,30347312.0000000000,59
500,174,0.0114759180,30347312.0000000000,91
500,175,0.0115544360,30347312.0000000000,69
500,176,0.0115453790,30347312.0000000000,70
500,177,0.0109717620,27355696.0000000000,26
500,178,0.0109439750,27355696.0000000000,53
500,179,0.0109981790,27355696.0000000000,29
500,180,0.0115734870,30347312.0000000000,6
500,181,0.0115635970,30347312.0000000000,90
500,182,0.0115450720,30347312.0000000000,63
500,183,0.0115242840,30347312.0000000000,61
500,184,0.0115444010,30347312.0000000000,78
500,185,0.0115448250,30347312.0000000000,75
500,186,0.0115239580,30347312.0000000000,93
500,187,0.0115575440,30347312.0000000000,82
500,188,0.0115250680,30347312.0000000000,3
500,189,0.0109402220,27355696.0000000000,19
500,190,0.0109153590,27355696.0000000000,46
500,191,0.0110094850,27355696.0000000000,42
500,192,0.0115332570,30347312.0000000000,56
500,193,0.0115232420,30347312.0000000000,95
500,194,0.0115083570,30347312.0000000000,93
500,195,0.0115599720,30347312.0000000000,74
500,196,0.0115382920,30347312.0000000000,92
500,197,0.0114731900,30347312.0000000000,94
500,198,0.0115091160,30347312.0000000000,75
500,199,0.0115438890,30347312.0000000000,90
500,200,0.0115210950,30347312.0000000000,84
500,201,0.0109506950,27355696.0000000000,34
500,202,0.0109990660,27355696.0000000000,43
500,203,0.0109346300,27355696.0000000000,24
500,204,0.0115541490,30347312.0000000000,82
500,205,0.0115374670,30347312.0000000000,79
500,206,0.0115216500,30347312.0000000000,75
500,207,0.0115133850,30347312.0000000000,95
500,208,0.0115624170,30347312.0000000000,72
500,209,0.0114626590,30347312.0000000000,94
500,210,0.0114958660,30347312.0000000000,81
500,211,0.0115502800,30347312.0000000000,11
500,212,0.0115546060,30347312.0000000000,56
500,213,0.0109585630,27355696.0000000000,39
500,214,0.0109323870,27355696.0000000000,40
500,215,0.0109880580,27355696.0000000000,15
500,216,0.0115305940,30347312.0000000000,63
500,217,0.0115460180,30347312.0000000000,98
500,218,0.0115290810,30347312.0000000000,85
500,219,0.0115572040,30347312.0000000000,83
500,220,0.0115284620,30347312.0000000000,78
500,221,0.0115109630,30347312.0000000000,93
500,222,0.0115112560,30347312.0000000000,81
500,223,0.0115299430,30347312.0000000000,12
500,224,0.0115325570,30347312.0000000000,86
500,225,0.0109934680,27355696.0000000000,38
500,226,0.0109575480,27355696.0000000000,14
500,227,0.0109517840,27355696.0000000000,23
500,228,0.0116115190,30347312.0000000000,80
500,229,0.0115337010,30347312.0000000000,79
500,230,0.0115615990,30347312.0000000000,1
500,231,0.0115359910,30347312.0000000000,64
500,232,0.0115664910,30347312.0000000000,80
500,233,0.0112322800,30347312.0000000000,96
500,234,0.0115363450,30347312.0000000000,62
500,235,0.0115493330,30347312.0000000000,4
500,236,0.0115466380,30347312.0000000000,2
500,237,0.0109516710,27355696.0000000000,1
500,238,0.0109224450,27355696.0000000000,49
500,239,0.0109465910,27355696.0000000000,47
500,240,0.0115124930,30347312.0000000000,94
500,241,0.0115336090,30347312.0000000000,8
500,242,0.0115250510,30347312.0000000000,84
500,243,0.0115516720,30347312.0000000000,1
500,244,0.0115342350,30347312.0000000000,97
500,245,0.0115441990,30347312.0000000000,85
500,246,0.0115719780,30347312.0000000000,67
500,247,0.0115121570,30347312.0000000000,91
500,248,0.0115057320,30347312.0000000000,58
500,249,0.0109228430,27355696.0000000000,0
500,250,0.0109291400,27355696.0000000000,25
500,251,0.0109664080,27355696.0000000000,45
500,252,0.0115640630,30347312.0000000000,67
500,253,0.0111930770,30347312.0000000000,99
500,254,0.0111923130,30347312.0000000000,99
500,255,0.0115346240,30347312.0000000000,73
500,256,0.0115670710,30347312.0000000000,68
500,257,0.0114830700,30347312.0000000000,89
500,258,0.0115398420,30347312.0000000000,88
500,259,0.0115052040,30347312.0000000000,89
500,260,0.0115065570,30347312.0000000000,77
500,261,0.0109715720,27355696.0000000000,22
500,262,0.0110079500,27355696.0000000000,48
500,263,0.0109745890,27355696.0000000000,27
500,264,0.0115493210,30347312.0000000000,77
500,265,0.0115325410,30347312.0000000000,73
500,266,0.0115914670,30347312.0000000000,70
500,267,0.0115166230,30347312.0000000000,0
500,268,0.0115185750,30347312.0000000000,0
500,269,0.0115177310,30347312.0000000000,78
500,270,0.0115506940,30347312.0000000000,82
500,271,0.0115706100,30347312.0000000000,80
500,272,0.0115508680,30347312.0000000000,69
500,273,0.0109709480,27355696.0000000000,30
500,274,0.0110055750,27355696.0000000000,55
500,275,0.0109560790,27355696.0000000000,50
550,0,3.7249571027,156647840.0000000000,79
550,1,3.7581156483,155031552.0000000000,80
550,2,3.7117475866,151111456.0000000000,78
550,3,3.5632744649,145529232.0000000000,75
550,4,3.2998591199,138547184.0000000000,74
550,5,3.2636379963,138145344.0000000000,72
550,6,3.2607435472,138269392.0000000000,76
550,7,3.4081614813,141079200.0000000000,73
550,8,3.8274248090,154295424.0000000000,77
550,9,3.6395624151,146650016.0000000000,82
550,10,3.5706652747,146961600.0000000000,81
550,11,3.5016749628,145669792.0000000000,83
550,12,5.7328510825,239909056.0000000000,12
550,13,5.7919614559,240945856.0000000000,9
550,14,5.9460676479,243974560.0000000000,33
550,15,6.2228953192,251836736.0000000000,32
550,16,6.5553721375,260516288.0000000000,51
550,17,6.6158034712,261249520.0000000000,47
550,18,6.6340374833,261427648.0000000000,26
550,19,6.5050531023,259949232.0000000000,45
550,20,6.1345842837,249531104.0000000000,19
550,21,5.3249514575,218737424.0000000000,64
550,22,5.2060738315,216724448.0000000000,68
550,23,5.1811399390,216045840.0000000000,71
550,24,5.6844689100,239986016.0000000000,42
550,25,5.6799395074,240063872.0000000000,2
550,26,5.6849515890,240066000.0000000000,18
550,27,5.6805018786,240064704.0000000000,34
550,28,5.6825337938,240061168.0000000000,13
550,29,5.6779391956,240065632.0000000000,15
550,30,5.6781187811,240063696.0000000000,55
550,31,5.6786610256,240064304.0000000000,44
550,32,5.6807037047,240064464.0000000000,36
550,33,5.1435772702,216098544.0000000000,70
550,34,5.1388415211,216099296.0000000000,58
550,35,5.1420301263,216024560.0000000000,66
550,36,5.6775187288,239989648.0000000000,22
550,37,5.6797637291,240064288.0000000000,20
550,38,5.6816093655,240062736.0000000000,6
550,39,5.6770274569,240060112.0000000000,7
550,40,5.6767840931,240065776.0000000000,27
550,41,5.6846447273,240063808.0000000000,17
550,42,5.6770815188,240063552.0000000000,54
550,43,5.6773565515,240057808.0000000000,3
550,44,5.6868888109,240064992.0000000000,29
550,45,5.1445836885,216099648.0000000000,67
550,46,5.1448497120,216103200.0000000000,65
550,47,5.1392302580,216022448.0000000000,59
550,48,5.6792944585,239982128.0000000000,41
550,49,5.6804240593,240064864.0000000000,35
550,50,5.6820872277,240064224.0000000000,4
550,51,5.6795948655,240062192.0000000000,5
550,52,5.6831423561,240062736.0000000000,37
550,53,5.6800392751,240063328.0000000000,8
550,54,5.6803159008,240063136.0000000000,11
550,55,5.6773847819,240064640.0000000000,23
550,56,5.6784825414,240064864.0000000000,21
550,57,5.1418741477,216102208.0000000000,56
550,58,5.1399526515,216098144.0000000000,61
550,59,5.1375252190,216021312.0000000000,57
550,60,5.6764902111,239972640.0000000000,16
550,61,5.6786640917,240067312.0000000000,53
550,62,5.6776236259,240070208.0000000000,24
550,63,5.6826486695,240069504.0000000000,28
550,64,5.6848287973,240064880.0000000000,38
550,65,5.6830006034,240078592.0000000000,14
550,66,5.6783146387,240071696.0000000000,40
550,67,5.6836120037,240068656.0000000000,30
550,68,5.6867818568,240065072.0000000000,48
550,69,5.1419310196,216103184.0000000000,1
550,70,5.1457086687,216102544.0000000000,62
550,71,5.1397896276,216013008.0000000000,63
550,72,5.6808247721,239847424.0000000000,52
550,73,5.6809452366,240068864.0000000000,49
550,74,5.6871273467,240058704.0000000000,39
550,75,5.6853431815,240045824.0000000000,43
550,76,5.6829036153,240062624.0000000000,25
550,77,5.6821994008,240048624.0000000000,50
550,78,5.6778745632,240051808.0000000000,46
550,79,5.6810018441,240051552.0000000000,10
550,80,5.6895276314,240065632.0000000000,31
550,81,5.1505184602,216105312.0000000000,69
550,82,5.1464821226,216081296.0000000000,60
550,83,5.1373880386,215873632.0000000000,0
550,84,1.9221348528,89758096.0000000000,92
550,85,1.9198115422,89808128.0000000000,84
550,86,1.9191438504,89823200.0000000000,89
550,87,1.9202709042,89827696.0000000000,88
550,88,1.9201782069,89821392.0000000000,85
550,89,1.9212813491,89818512.0000000000,90
550,90,1.9207745598,89829632.0000000000,87
550,91,1.9198991500,89822976.0000000000,86
550,92,1.9188807639,89819840.0000000000,91
550,93,1.7903794509,80883680.0000000000,93
550,94,1.7893288524,80891680.0000000000,94
550,95,1.7897427318,80819456.0000000000,95
550,96,0.3768299458,30347312.0000000000,88
550,97,0.3770640281,30347312.0000000000,76
550,98,0.3763951279,30347312.0000000000,87
550,99,0.3765939772,30347312.0000000000,86
550,100,0.3668846619,30347312.0000000000,96
550,101,0.3782720382,30347312.0000000000,98
550,102,0.3779725891,30347312.0000000000,83
550,103,0.3773873988,30347312.0000000000,98
550,104,0.3769150833,30347312.0000000000,85
550,105,0.3587687849,27355696.0000000000,37
550,106,0.3578144325,27355696.0000000000,21
550,107,0.3571142785,27355696.0000000000,54
550,108,0.3770938223,30347312.0000000000,79
550,109,0.3783002460,30347312.0000000000,74
550,110,0.3780427901,30347312.0000000000,65
550,111,0.3762074326,30347312.0000000000,58
550,112,0.3665774393,30347312.0000000000,99
550,113,0.3769018212,30347312.0000000000,81
550,114,0.3769104711,30347312.0000000000,95
550,115,0.3658031485,30347312.0000000000,96
550,116,0.3770185577,30347312.0000000000,57
550,117,0.3579290012,27355696.0000000000,33
550,118,0.3588261552,27355696.0000000000,52
550,119,0.3585408761,27355696.0000000000,44
550,120,0.3780837830,30347312.0000000000,72
550,121,0.3779553991,30347312.0000000000,83
550,122,0.3772037093,30347312.0000000000,90
550,123,0.3778387662,30347312.0000000000,72
550,124,0.3758985510,30347312.0000000000,89
550,125,0.3777744995,30347312.0000000000,65
550,126,0.3656778385,30347312.0000000000,99
550,127,0.3764589833,30347312.0000000000,61
550,128,0.3761919867,30347312.0000000000,87
550,129,0.3583352661,27355696.0000000000,18
550,130,0.3587343209,27355696.0000000000,32
550,131,0.3587014507,27355696.0000000000,31
550,132,0.3659738873,30347312.0000000000,96
550,133,0.3777131911,30347312.0000000000,68
550,134,0.3771603521,30347312.0000000000,66
550,135,0.3756251846,30347312.0000000000,91
550,136,0.3776739220,30347312.0000000000,64
550,137,0.3768841751,30347312.0000000000,73
550,138,0.3763367573,30347312.0000000000,77
550,139,0.3774520398,30347312.0000000000,62
550,140,0.3767268442,30347312.0000000000,84
550,141,0.3586533720,27355696.0000000000,28
550,142,0.3573437690,27355696.0000000000,35
550,143,0.3575392513,27355696.0000000000,36
550,144,0.3767958960,30347312.0000000000,57
550,145,0.3770154207,30347312.0000000000,60
550,146,0.3762245894,30347312.0000000000,87
550,147,0.3773207284,30347312.0000000000,59
550,148,0.3774878136,30347312.0000000000,97
550,149,0.3772462184,30347312.0000000000,76
550,150,0.3767792638,30347312.0000000000,97
550,151,0.3778906534,30347312.0000000000,7
550,152,0.3770517163,30347312.0000000000,71
550,153,0.3574215386,27355696.0000000000,16
550,154,0.3574225043,27355696.0000000000,20
550,155,0.3595150845,27355696.0000000000,17
550,156,0.3782423865,30347312.0000000000,74
550,157,0.3768588502,30347312.0000000000,97
550,158,0.3767919204,30347312.0000000000,88
550,159,0.3769764627,30347312.0000000000,5
550,160,0.3764598052,30347312.0000000000,86
550,161,0.3776880684,30347312.0000000000,92
550,162,0.3769819096,30347312.0000000000,60
550,163,0.3773573768,30347312.0000000000,98
550,164,0.3771914489,30347312.0000000000,76
550,165,0.3577774978,27355696.0000000000,41
550,166,0.3594704756,27355696.0000000000,13
550,167,0.3571226161,27355696.0000000000,51
550,168,0.3769146550,30347312.0000000000,71
550,169,0.3775114178,30347312.0000000000,10
550,170,0.3776114921,30347312.0000000000,92
550,171,0.3762527300,30347312.0000000000,9
550,172,0.3769765855,30347312.0000000000,66
550,173,0.3773269116,30347312.0000000000,59
550,174,0.3755938583,30347312.0000000000,91
550,175,0.3776606483,30347312.0000000000,69
550,176,0.3771750480,30347312.0000000000,70
550,177,0.3586552753,27355696.0000000000,26
550,178,0.3575349069,27355696.0000000000,53
550,179,0.3593168482,27355696.0000000000,29
550,180,0.3782130842,30347312.0000000000,6
550,181,0.3772905897,30347312.0000000000,90
550,182,0.3772360676,30347312.0000000000,63
550,183,0.3763948112,30347312.0000000000,61
550,184,0.3769304157,30347312.0000000000,78
550,185,0.3769584822,30347312.0000000000,75
550,186,0.3763867749,30347312.0000000000,93
550,187,0.3775735917,30347312.0000000000,82
550,188,0.3775440973,30347312.0000000000,3
550,189,0.3575899741,27355696.0000000000,19
550,190,0.3567153416,27355696.0000000000,46
550,191,0.3595389400,27355696.0000000000,42
550,192,0.3776625083,30347312.0000000000,56
550,193,0.3766037773,30347312.0000000000,95
550,194,0.3762653131,30347312.0000000000,93
550,195,0.3782909072,30347312.0000000000,74
550,196,0.3776388079,30347312.0000000000,92
550,197,0.3752735739,30347312.0000000000,94
550,198,0.3767264182,30347312.0000000000,75
550,199,0.3770472918,30347312.0000000000,90
550,200,0.3765871378,30347312.0000000000,84
550,201,0.3578102150,27355696.0000000000,34
550,202,0.3587928443,27355696.0000000000,43
550,203,0.3571873761,27355696.0000000000,24
550,204,0.3774792759,30347312.0000000000,82
550,205,0.3772003453,30347312.0000000000,79
550,206,0.3767751560,30347312.0000000000,75
550,207,0.3765506716,30347312.0000000000,95
550,208,0.3779445817,30347312.0000000000,72
550,209,0.3749372731,30347312.0000000000,94
550,210,0.3768078942,30347312.0000000000,81
550,211,0.3772476400,30347312.0000000000,11
550,212,0.3775249758,30347312.0000000000,56
550,213,0.3577949191,27355696.0000000000,39
550,214,0.3578854991,27355696.0000000000,40
550,215,0.3580910168,27355696.0000000000,15
550,216,0.3771156737,30347312.0000000000,63
550,217,0.3773203910,30347312.0000000000,98
550,218,0.3770659820,30347312.0000000000,85
550,219,0.3778340894,30347312.0000000000,83
550,220,0.3770212321,30347312.0000000000,78
550,221,0.3762733628,30347312.0000000000,93
550,222,0.3765345244,30347312.0000000000,81
550,223,0.3766544090,30347312.0000000000,12
550,224,0.3765992919,30347312.0000000000,86
550,225,0.3585622644,27355696.0000000000,38
550,226,0.3578380204,27355696.0000000000,14
550,227,0.3577976356,27355696.0000000000,23
550,228,0.3779977748,30347312.0000000000,80
550,229,0.3769304024,30347312.0000000000,79
550,230,0.3774609573,30347312.0000000000,1
550,231,0.3773982757,30347312.0000000000,64
550,232,0.3780612523,30347312.0000000000,80
550,233,0.3659022196,30347312.0000000000,96
550,234,0.3774071583,30347312.0000000000,62
550,235,0.3774161344,30347312.0000000000,4
550,236,0.3768737545,30347312.0000000000,2
550,237,0.3577501380,27355696.0000000000,1
550,238,0.3570303928,27355696.0000000000,49
550,239,0.3575668852,27355696.0000000000,47
550,240,0.3750648998,30347312.0000000000,94
550,241,0.3772371378,30347312.0000000000,8
550,242,0.3766985282,30347312.0000000000,84
550,243,0.3773808006,30347312.0000000000,1
550,244,0.3768728903,30347312.0000000000,97
550,245,0.3768772470,30347312.0000000000,85
550,246,0.3777582215,30347312.0000000000,67
550,247,0.3754982722,30347312.0000000000,91
550,248,0.3760194654,30347312.0000000000,58
550,249,0.3567825339,27355696.0000000000,0
550,250,0.3569304847,27355696.0000000000,25
550,251,0.3586401202,27355696.0000000000,45
550,252,0.3778506994,30347312.0000000000,67
550,253,0.3657476561,30347312.0000000000,99
550,254,0.3655907605,30347312.0000000000,99
550,255,0.3765484260,30347312.0000000000,73
550,256,0.3775717024,30347312.0000000000,68
550,257,0.3759139204,30347312.0000000000,89
550,258,0.3768169893,30347312.0000000000,88
550,259,0.3760282031,30347312.0000000000,89
550,260,0.3763748118,30347312.0000000000,77
550,261,0.3579114759,27355696.0000000000,22
550,262,0.3597046805,27355696.0000000000,48
550,263,0.3579488922,27355696.0000000000,27
550,264,0.3763858129,30347312.0000000000,77
550,265,0.3765086147,30347312.0000000000,73
550,266,0.3770431964,30347312.0000000000,70
550,267,0.3761827225,30347312.0000000000,0
550,268,0.3760738683,30347312.0000000000,0
550,269,0.3768912792,30347312.0000000000,78
550,270,0.3774875954,30347312.0000000000,82
550,271,0.3778424227,30347312.0000000000,80
550,272,0.3775852194,30347312.0000000000,69
550,273,0.3587155969,27355696.0000000000,30
550,274,0.3583611781,27355696.0000000000,55
550,275,0.3577686352,27355696.0000000000,50
600,0,0.1149596780,156228416.0000000000,79
600,1,0.1148972200,154203456.0000000000,80
600,2,0.1117933880,149228080.0000000000,78
600,3,0.1059104840,142381728.0000000000,75
600,4,0.1011356130,137876928.0000000000,74
600,5,0.1013738610,138125952.0000000000,72
600,6,0.1011865280,138179568.0000000000,76
600,7,0.1025585380,139269872.0000000000,73
600,8,0.1166746820,153312912.0000000000,77
600,9,0.1134512490,147285056.0000000000,82
600,10,0.1116426830,147448912.0000000000,81
600,11,0.1088755330,145946768.0000000000,83
600,12,0.1787003370,239878544.0000000000,12
600,13,0.1812182840,241095488.0000000000,9
600,14,0.1876791800,244596720.0000000000,33
600,15,0.1984990950,253711168.0000000000,32
600,16,0.2064402590,260775680.0000000000,51
600,17,0.2069425820,261242480.0000000000,47
600,18,0.2074722160,261384000.0000000000,26
600,19,0.2066112730,261205984.0000000000,45
600,20,0.1951806700,251453248.0000000000,19
600,21,0.1674266020,219241984.0000000000,64
600,22,0.1625005480,216838352.0000000000,68
600,23,0.1614656170,216066112.0000000000,71
600,24,0.1766032900,239985808.0000000000,42
600,25,0.1764957100,240060288.0000000000,2
600,26,0.1766404170,240065312.0000000000,18
600,27,0.1764169640,240064832.0000000000,34
600,28,0.1765363420,240063120.0000000000,13
600,29,0.1763422150,240062720.0000000000,15
600,30,0.1764423430,240066352.0000000000,55
600,31,0.1764410930,240060864.0000000000,44
600,32,0.1764354300,240067440.0000000000,36
600,33,0.1599611300,216096384.0000000000,70
600,34,0.1596797370,216099680.0000000000,58
600,35,0.1598875820,216021440.0000000000,66
600,36,0.1763652440,239986240.0000000000,22
600,37,0.1764526620,240063824.0000000000,20
600,38,0.1764642030,240062832.0000000000,6
600,39,0.1764817060,240060720.0000000000,7
600,40,0.1764158150,240063168.0000000000,27
600,41,0.1766398890,240064080.0000000000,17
600,42,0.1763482500,240063056.0000000000,54
600,43,0.1763728310,240062688.0000000000,3
600,44,0.1766753130,240064016.0000000000,29
600,45,0.1598988130,216097104.0000000000,67
600,46,0.1598112360,216101968.0000000000,65
600,47,0.1596783660,216019120.0000000000,59
600,48,0.1764818370,239982144.0000000000,41
600,49,0.1766884020,240062384.0000000000,35
600,50,0.1766437730,240065312.0000000000,4
600,51,0.1765241270,240062208.0000000000,5
600,52,0.1765451220,240063088.0000000000,37
600,53,0.1764124150,240060016.0000000000,8
600,54,0.1765082800,240068272.0000000000,11
600,55,0.1763960520,240060704.0000000000,23
600,56,0.1764900740,240065760.0000000000,21
600,57,0.1600119830,216098848.0000000000,56
600,58,0.1596331660,216097552.0000000000,61
600,59,0.1596694390,216021600.0000000000,57
600,60,0.1763888340,239970544.0000000000,16
600,61,0.1765095620,240070080.0000000000,53
600,62,0.1764703520,240070128.0000000000,24
600,63,0.1766684680,240073712.0000000000,28
600,64,0.1766759040,240065312.0000000000,38
600,65,0.1765880110,240078976.0000000000,14
600,66,0.1764879170,240071184.0000000000,40
600,67,0.1766812630,240072224.0000000000,30
600,68,0.1767021990,240066880.0000000000,48
600,69,0.1597773550,216106304.0000000000,1
600,70,0.1599685550,216107328.0000000000,62
600,71,0.1597293330,216010704.0000000000,63
600,72,0.1765347130,239824880.0000000000,52
600,73,0.1764517250,240067504.0000000000,49
600,74,0.1766938070,240055072.0000000000,39
600,75,0.1766967030,240047248.0000000000,43
600,76,0.1766058730,240059264.0000000000,25
600,77,0.1766093590,240049872.0000000000,50
600,78,0.1765058490,240049408.0000000000,46
600,79,0.1764910560,240049184.0000000000,10
600,80,0.1767751860,240066048.0000000000,31
600,81,0.1600157670,216098576.0000000000,69
600,82,0.1598866160,216083200.0000000000,60
600,83,0.1596789340,215848448.0000000000,0
600,84,0.0595433690,89752544.0000000000,92
600,85,0.0594869040,89808720.0000000000,84
600,86,0.0595154430,89820128.0000000000,89
600,87,0.0594877200,89826688.0000000000,88
600,88,0.0594463260,89821952.0000000000,85
600,89,0.0595177990,89816320.0000000000,90
600,90,0.0594906920,89828432.0000000000,87
600,91,0.0595439340,89824080.0000000000,86
600,92,0.0595664040,89818192.0000000000,91
600,93,0.0554817350,80886544.0000000000,93
600,94,0.0556651760,80890656.0000000000,94
600,95,0.0554843980,80811232.0000000000,95
600,96,0.0115446390,30347312.0000000000,88
600,97,0.0115307330,30347312.0000000000,76
600,98,0.0114944540,30347312.0000000000,87
600,99,0.0115325700,30347312.0000000000,86
600,100,0.0112277140,30347312.0000000000,96
600,101,0.0115775390,30347312.0000000000,98
600,102,0.0115632690,30347312.0000000000,83
600,103,0.0115604660,30347312.0000000000,98
600,104,0.0115602100,30347312.0000000000,85
600,105,0.0109867970,27355696.0000000000,37
600,106,0.0109614240,27355696.0000000000,21
600,107,0.0109422830,27355696.0000000000,54
600,108,0.0115495700,30347312.0000000000,79
600,109,0.0116005280,30347312.0000000000,74
600,110,0.0115810930,30347312.0000000000,65
600,111,0.0115092720,30347312.0000000000,58
600,112,0.0112424110,30347312.0000000000,99
600,113,0.0115304150,30347312.0000000000,81
600,114,0.0115144630,30347312.0000000000,95
600,115,0.0112011420,30347312.0000000000,96
600,116,0.0115311630,30347312.0000000000,57
600,117,0.0109707600,27355696.0000000000,33
600,118,0.0109848240,27355696.0000000000,52
600,119,0.0109837820,27355696.0000000000,44
600,120,0.0115858310,30347312.0000000000,72
600,121,0.0115617860,30347312.0000000000,83
600,122,0.0115483670,30347312.0000000000,90
600,123,0.0115741700,30347312.0000000000,72
600,124,0.0115116740,30347312.0000000000,89
600,125,0.0115587910,30347312.0000000000,65
600,126,0.0112054690,30347312.0000000000,99
600,127,0.0115344190,30347312.0000000000,61
600,128,0.0115259340,30347312.0000000000,87
600,129,0.0109939910,27355696.0000000000,18
600,130,0.0109902640,27355696.0000000000,32
600,131,0.0109933800,27355696.0000000000,31
600,132,0.0112021120,30347312.0000000000,96
600,133,0.0115612250,30347312.0000000000,68
600,134,0.0115587020,30347312.0000000000,66
600,135,0.0115166150,30347312.0000000000,91
600,136,0.0115318690,30347312.0000000000,64
600,137,0.0115481860,30347312.0000000000,73
600,138,0.0115064260,30347312.0000000000,77
600,139,0.0115476750,30347312.0000000000,62
600,140,0.0115303350,30347312.0000000000,84
600,141,0.0109892050,27355696.0000000000,28
600,142,0.0109368630,27355696.0000000000,35
600,143,0.0109405010,27355696.0000000000,36
600,144,0.0115301900,30347312.0000000000,57
600,145,0.0115239710,30347312.0000000000,60
600,146,0.0115142510,30347312.0000000000,87
600,147,0.0115456930,30347312.0000000000,59
600,148,0.0115785910,30347312.0000000000,97
600,149,0.0115490490,30347312.0000000000,76
600,150,0.0115148380,30347312.0000000000,97
600,151,0.0115725180,30347312.0000000000,7
600,152,0.0115276790,30347312.0000000000,71
600,153,0.0109322020,27355696.0000000000,16
600,154,0.0109482260,27355696.0000000000,20
600,155,0.0109877590,27355696.0000000000,17
600,156,0.0115565330,30347312.0000000000,74
600,157,0.0115293250,30347312.0000000000,97
600,158,0.0115391870,30347312.0000000000,88
600,159,0.0115419580,30347312.0000000000,5
600,160,0.0115156750,30347312.0000000000,86
600,161,0.0115746390,30347312.0000000000,92
600,162,0.0115556910,30347312.0000000000,60
600,163,0.0115459570,30347312.0000000000,98
600,164,0.0115402530,30347312.0000000000,76
600,165,0.0109554110,27355696.0000000000,41
600,166,0.0109815730,27355696.0000000000,13
600,167,0.0109459690,27355696.0000000000,51
600,168,0.0115337010,30347312.0000000000,71
600,169,0.0115327480,30347312.0000000000,10
600,170,0.0115439800,30347312.0000000000,92
600,171,0.0115253120,30347312.0000000000,9
600,172,0.0115370290,30347312.0000000000,66
600,173,0.0115437080,30347312.0000000000,59
600,174,0.0114819970,30347312.0000000000,91
600,175,0.0115490510,30347312.0000000000,69
600,176,0.0115388700,30347312.0000000000,70
600,177,0.0109703720,27355696.0000000000,26
600,178,0.0109394180,27355696.0000000000,53
600,179,0.0110219580,27355696.0000000000,29
600,180,0.0115655150,30347312.0000000000,6
600,181,0.0115381470,30347312.0000000000,90
600,182,0.0115441180,30347312.0000000000,63
600,183,0.0115138900,30347312.0000000000,61
600,184,0.0115040700,30347312.0000000000,78
600,185,0.0115336780,30347312.0000000000,75
600,186,0.0115086120,30347312.0000000000,93
600,187,0.0115553950,30347312.0000000000,82
600,188,0.0115398360,30347312.0000000000,3
600,189,0.0109451480,27355696.0000000000,19
600,190,0.0109005340,27355696.0000000000,46
600,191,0.0110211360,27355696.0000000000,42
600,192,0.0115323350,30347312.0000000000,56
600,193,0.0115115470,30347312.0000000000,95
600,194,0.0115106270,30347312.0000000000,93
600,195,0.0115580580,30347312.0000000000,74
600,196,0.0115600320,30347312.0000000000,92
600,197,0.0114973690,30347312.0000000000,94
600,198,0.0115168980,30347312.0000000000,75
600,199,0.0115588260,30347312.0000000000,90
600,200,0.0115258750,30347312.0000000000,84
600,201,0.0109373520,27355696.0000000000,34
600,202,0.0109863820,27355696.0000000000,43
600,203,0.0109343820,27355696.0000000000,24
600,204,0.0115670570,30347312.0000000000,82
600,205,0.0115352320,30347312.0000000000,79
600,206,0.0115303850,30347312.0000000000,75
600,207,0.0115425870,30347312.0000000000,95
600,208,0.0115639060,30347312.0000000000,72
600,209,0.0114950860,30347312.0000000000,94
600,210,0.0115289940,30347312.0000000000,81
600,211,0.0115302130,30347312.0000000000,11
600,212,0.0115226180,30347312.0000000000,56
600,213,0.0109455310,27355696.0000000000,39
600,214,0.0109558190,27355696.0000000000,40
600,215,0.0109629370,27355696.0000000000,15
600,216,0.0115394000,30347312.0000000000,63
600,217,0.0115312580,30347312.0000000000,98
600,218,0.0115247340,30347312.0000000000,85
600,219,0.0115453250,30347312.0000000000,83
600,220,0.0115155050,30347312.0000000000,78
600,221,0.0115210760,30347312.0000000000,93
600,222,0.0115078830,30347312.0000000000,81
600,223,0.0115215370,30347312.0000000000,12
600,224,0.0115092310,30347312.0000000000,86
600,225,0.0109789440,27355696.0000000000,38
600,226,0.0109811440,27355696.0000000000,14
600,227,0.0109727040,27355696.0000000000,23
600,228,0.0115719660,30347312.0000000000,80
600,229,0.0115360410,30347312.0000000000,79
600,230,0.0115586820,30347312.0000000000,1
600,231,0.0115478610,30347312.0000000000,64
600,232,0.0115587810,30347312.0000000000,80
600,233,0.0111876170,30347312.0000000000,96
600,234,0.0115432990,30347312.0000000000,62
600,235,0.0115561080,30347312.0000000000,4
600,236,0.0115327920,30347312.0000000000,2
600,237,0.0109400970,27355696.0000000000,1
600,238,0.0109425130,27355696.0000000000,49
600,239,0.0109244270,27355696.0000000000,47
600,240,0.0114544770,30347312.0000000000,94
600,241,0.0115337300,30347312.0000000000,8
600,242,0.0115448610,30347312.0000000000,84
600,243,0.0115537020,30347312.0000000000,1
600,244,0.0115632210,30347312.0000000000,97
600,245,0.0115638700,30347312.0000000000,85
600,246,0.0115787590,30347312.0000000000,67
600,247,0.0115009260,30347312.0000000000,91
600,248,0.0115009050,30347312.0000000000,58
600,249,0.0109213020,27355696.0000000000,0
600,250,0.0109208930,27355696.0000000000,25
600,251,0.0109771390,27355696.0000000000,45
600,252,0.0115845710,30347312.0000000000,67
600,253,0.0112091780,30347312.0000000000,99
600,254,0.0111654620,30347312.0000000000,99
600,255,0.0115267080,30347312.0000000000,73
600,256,0.0115296140,30347312.0000000000,68
600,257,0.0115166040,30347312.0000000000,89
600,258,0.0115353320,30347312.0000000000,88
600,259,0.0115076760,30347312.0000000000,89
600,260,0.0115116350,30347312.0000000000,77
600,261,0.0109484170,27355696.0000000000,22
600,262,0.0110146840,27355696.0000000000,48
600,263,0.0109497410,27355696.0000000000,27
600,264,0.0115238000,30347312.0000000000,77
600,265,0.0115262260,30347312.0000000000,73
600,266,0.0115435100,30347312.0000000000,70
600,267,0.0115297390,30347312.0000000000,0
600,268,0.0115370890,30347312.0000000000,0
600,269,0.0115365650,30347312.0000000000,78
600,270,0.0115563460,30347312.0000000000,82
600,271,0.0115662650,30347312.0000000000,80
600,272,0.0115637690,30347312.0000000000,69
600,273,0.0109910470,27355696.0000000000,30
600,274,0.0109702280,27355696.0000000000,55
600,275,0.0109406000,27355696.0000000000,50
650,0,3.6942866136,155918864.0000000000,79
650,1,3.6858075804,153602512.0000000000,80
650,2,3.5724754309,147906768.0000000000,78
650,3,3.3573620398,140525184.0000000000,75
650,4,3.2583108167,137806912.0000000000,74
650,5,3.2626835709,138112176.0000000000,72
650,6,3.2573681833,138103904.0000000000,76
650,7,3.2985404489,138865568.0000000000,73
650,8,3.7508257614,153866992.0000000000,77
650,9,3.6532707945,148087760.0000000000,82
650,10,3.5929208322,147963216.0000000000,81
650,11,3.5012791769,146175696.0000000000,83
650,12,5.7554682162,239833984.0000000000,12
650,13,5.8414004134,241174672.0000000000,9
650,14,6.0457805239,244852640.0000000000,33
650,15,6.4090153900,254271504.0000000000,32
650,16,6.6490430519,260695424.0000000000,51
650,17,6.6724936266,261215472.0000000000,47
650,18,6.6868274240,261324656.0000000000,26
650,19,6.6774336022,261498752.0000000000,45
650,20,6.3127714706,252382736.0000000000,19
650,21,5.3959109885,219497904.0000000000,64
650,22,5.2391278628,216897264.0000000000,68
650,23,5.2011431748,216080896.0000000000,71
650,24,5.6839811460,239982704.0000000000,42
650,25,5.6796934758,240064608.0000000000,2
650,26,5.6847977473,240064592.0000000000,18
650,27,5.6793605870,240061728.0000000000,34
650,28,5.6824723789,240065408.0000000000,13
650,29,5.6776467429,240063856.0000000000,15
650,30,5.6781471879,240066032.0000000000,55
650,31,5.6788725449,240063728.0000000000,44
650,32,5.6807372551,240065712.0000000000,36
650,33,5.1440432627,216102400.0000000000,70
650,34,5.1380627007,216097152.0000000000,58
650,35,5.1423969155,216016384.0000000000,66
650,36,5.6775649866,239983088.0000000000,22
650,37,5.6792748085,240062512.0000000000,20
650,38,5.6809899100,240066480.0000000000,6
650,39,5.6779937585,240060448.0000000000,7
650,40,5.6770960084,240061280.0000000000,27
650,41,5.6850376411,240064624.0000000000,17
650,42,5.6774258555,240060272.0000000000,54
650,43,5.6779396306,240063408.0000000000,3
650,44,5.6870927747,240061472.0000000000,29
650,45,5.1442868949,216102176.0000000000,67
650,46,5.1448667085,216097056.0000000000,65
650,47,5.1391494100,216018304.0000000000,59
650,48,5.6781222463,239982960.0000000000,41
650,49,5.6806158664,240063792.0000000000,35
650,50,5.6827248817,240063440.0000000000,4
650,51,5.6794864920,240064800.0000000000,5
650,52,5.6832320162,240062864.0000000000,37
650,53,5.6803637858,240058592.0000000000,8
650,54,5.6797902297,240066896.0000000000,11
650,55,5.6781310545,240062928.0000000000,23
650,56,5.6784768867,240065920.0000000000,21
650,57,5.1423064962,216097440.0000000000,56
650,58,5.1399199691,216100944.0000000000,61
650,59,5.1379939727,216021760.0000000000,57
650,60,5.6759258334,239971120.0000000000,16
650,61,5.6787863677,240072096.0000000000,53
650,62,5.6780935922,240070016.0000000000,24
650,63,5.6822377828,240077216.0000000000,28
650,64,5.6852612920,240063104.0000000000,38
650,65,5.6841704362,240088496.0000000000,14
650,66,5.6779511614,240072624.0000000000,40
650,67,5.6838337150,240076704.0000000000,30
650,68,5.6872985679,240069008.0000000000,48
650,69,5.1413195786,216108768.0000000000,1
650,70,5.1459065456,216108512.0000000000,62
650,71,5.1387290951,216006640.0000000000,63
650,72,5.6811245659,239801440.0000000000,52
650,73,5.6811155475,240064784.0000000000,49
650,74,5.6867662221,240054688.0000000000,39
650,75,5.6851963876,240046832.0000000000,43
650,76,5.6834986951,240055680.0000000000,25
650,77,5.6823791326,240046864.0000000000,50
650,78,5.6775926025,240049184.0000000000,46
650,79,5.6805339995,240047888.0000000000,10
650,80,5.6900846555,240061840.0000000000,31
650,81,5.1501062294,216099840.0000000000,69
650,82,5.1463181927,216082352.0000000000,60
650,83,5.1398627327,215826800.0000000000,0
650,84,1.9219781545,89747648.0000000000,92
650,85,1.9201532075,89808000.0000000000,84
650,86,1.9184841530,89822400.0000000000,89
650,87,1.9199242034,89824288.0000000000,88
650,88,1.9208777123,89821504.0000000000,85
650,89,1.9206799293,89818656.0000000000,90
650,90,1.9211706957,89826816.0000000000,87
650,91,1.9204159550,89823424.0000000000,86
650,92,1.9189014971,89818208.0000000000,91
650,93,1.7906170222,80886784.0000000000,93
650,94,1.7897324694,80892912.0000000000,94
650,95,1.7896912728,80805424.0000000000,95
650,96,0.3768930136,30347312.0000000000,88
650,97,0.3771474034,30347312.0000000000,76
650,98,0.3763225941,30347312.0000000000,87
650,99,0.3764561265,30347312.0000000000,86
650,100,0.3670628657,30347312.0000000000,96
650,101,0.3782671784,30347312.0000000000,98
650,102,0.3779567137,30347312.0000000000,83
650,103,0.3774509064,30347312.0000000000,98
650,104,0.3771090847,30347312.0000000000,85
650,105,0.3587695017,27355696.0000000000,37
650,106,0.3578529263,27355696.0000000000,21
650,107,0.3573274930,27355696.0000000000,54
650,108,0.3771161722,30347312.0000000000,79
650,109,0.3784433030,30347312.0000000000,74
650,110,0.3779554923,30347312.0000000000,65
650,111,0.3761807020,30347312.0000000000,58
650,112,0.3666567373,30347312.0000000000,99
650,113,0.3769258566,30347312.0000000000,81
650,114,0.3768312596,30347312.0000000000,95
650,115,0.3658620860,30347312.0000000000,96
650,116,0.3770619236,30347312.0000000000,57
650,117,0.3579770905,27355696.0000000000,33
650,118,0.3590482657,27355696.0000000000,52
650,119,0.3585283334,27355696.0000000000,44
650,120,0.3780878036,30347312.0000000000,72
650,121,0.3778558253,30347312.0000000000,83
650,122,0.3772123277,30347312.0000000000,90
650,123,0.3780085793,30347312.0000000000,72
650,124,0.3759761991,30347312.0000000000,89
650,125,0.3778125521,30347312.0000000000,65
650,126,0.3656803645,30347312.0000000000,99
650,127,0.3765318314,30347312.0000000000,61
650,128,0.3763559698,30347312.0000000000,87
650,129,0.3583013440,27355696.0000000000,18
650,130,0.3587536022,27355696.0000000000,32
650,131,0.3587511555,27355696.0000000000,31
650,132,0.3659931238,30347312.0000000000,96
650,133,0.3776988406,30347312.0000000000,68
650,134,0.3770470559,30347312.0000000000,66
650,135,0.3757164048,30347312.0000000000,91
650,136,0.3775724606,30347312.0000000000,64
650,137,0.3768605121,30347312.0000000000,73
650,138,0.3762206019,30347312.0000000000,77
650,139,0.3774643641,30347312.0000000000,62
650,140,0.3768626474,30347312.0000000000,84
650,141,0.3586686161,27355696.0000000000,28
650,142,0.3574281475,27355696.0000000000,35
650,143,0.3574824328,27355696.0000000000,36
650,144,0.3768811836,30347312.0000000000,57
650,145,0.3770315492,30347312.0000000000,60
650,146,0.3762787261,30347312.0000000000,87
650,147,0.3773987232,30347312.0000000000,59
650,148,0.3774651808,30347312.0000000000,97
650,149,0.3772191875,30347312.0000000000,76
650,150,0.3768045962,30347312.0000000000,97
650,151,0.3778181964,30347312.0000000000,7
650,152,0.3771742976,30347312.0000000000,71
650,153,0.3573161866,27355696.0000000000,16
650,154,0.3573805070,27355696.0000000000,20
650,155,0.3594568765,27355696.0000000000,17
650,156,0.3782109805,30347312.0000000000,74
650,157,0.3767563880,30347312.0000000000,97
650,158,0.3767514044,30347312.0000000000,88
650,159,0.3769477269,30347312.0000000000,5
650,160,0.3765922886,30347312.0000000000,86
650,161,0.3777924662,30347312.0000000000,92
650,162,0.3769158072,30347312.0000000000,60
650,163,0.3773895531,30347312.0000000000,98
650,164,0.3770740191,30347312.0000000000,76
650,165,0.3577956106,27355696.0000000000,41
650,166,0.3593614847,27355696.0000000000,13
650,167,0.3571908765,27355696.0000000000,51
650,168,0.3771073520,30347312.0000000000,71
650,169,0.3774441857,30347312.0000000000,10
650,170,0.3777235766,30347312.0000000000,92
650,171,0.3763072136,30347312.0000000000,9
650,172,0.3769711611,30347312.0000000000,66
650,173,0.3773078115,30347312.0000000000,59
650,174,0.3756773402,30347312.0000000000,91
650,175,0.3776492476,30347312.0000000000,69
650,176,0.3770097098,30347312.0000000000,70
650,177,0.3586980716,27355696.0000000000,26
650,178,0.3576680325,27355696.0000000000,53
650,179,0.3593068829,27355696.0000000000,29
650,180,0.3779902075,30347312.0000000000,6
650,181,0.3773994938,30347312.0000000000,90
650,182,0.3773098982,30347312.0000000000,63
650,183,0.3764978104,30347312.0000000000,61
650,184,0.3769724991,30347312.0000000000,78
650,185,0.3769877131,30347312.0000000000,75
650,186,0.3764137896,30347312.0000000000,93
650,187,0.3776438867,30347312.0000000000,82
650,188,0.3774030451,30347312.0000000000,3
650,189,0.3575481972,27355696.0000000000,19
650,190,0.3568711678,27355696.0000000000,46
650,191,0.3596163920,27355696.0000000000,42
650,192,0.3775486383,30347312.0000000000,56
650,193,0.3765723770,30347312.0000000000,95
650,194,0.3762905510,30347312.0000000000,93
650,195,0.3782594085,30347312.0000000000,74
650,196,0.3775945553,30347312.0000000000,92
650,197,0.3752295672,30347312.0000000000,94
650,198,0.3767615379,30347312.0000000000,75
650,199,0.3771578814,30347312.0000000000,90
650,200,0.3767259849,30347312.0000000000,84
650,201,0.3577912477,27355696.0000000000,34
650,202,0.3586986234,27355696.0000000000,43
650,203,0.3571776821,27355696.0000000000,24
650,204,0.3775438976,30347312.0000000000,82
650,205,0.3772960354,30347312.0000000000,79
650,206,0.3766888809,30347312.0000000000,75
650,207,0.3766346224,30347312.0000000000,95
650,208,0.3778869054,30347312.0000000000,72
650,209,0.3750198672,30347312.0000000000,94
650,210,0.3767517003,30347312.0000000000,81
650,211,0.3770555009,30347312.0000000000,11
650,212,0.3775806032,30347312.0000000000,56
650,213,0.3578062479,27355696.0000000000,39
650,214,0.3578514762,27355696.0000000000,40
650,215,0.3580778496,27355696.0000000000,15
650,216,0.3771404557,30347312.0000000000,63
650,217,0.3773495382,30347312.0000000000,98
650,218,0.3768919960,30347312.0000000000,85
650,219,0.3778891567,30347312.0000000000,83
650,220,0.3770486374,30347312.0000000000,78
650,221,0.3763108902,30347312.0000000000,93
650,222,0.3767233541,30347312.0000000000,81
650,223,0.3766246832,30347312.0000000000,12
650,224,0.3764124140,30347312.0000000000,86
650,225,0.3586212499,27355696.0000000000,38
650,226,0.3578337756,27355696.0000000000,14
650,227,0.3578166064,27355696.0000000000,23
650,228,0.3779700682,30347312.0000000000,80
650,229,0.3769364496,30347312.0000000000,79
650,230,0.3774077530,30347312.0000000000,1
650,231,0.3774135186,30347312.0000000000,64
650,232,0.3779348725,30347312.0000000000,80
650,233,0.3659353232,30347312.0000000000,96
650,234,0.3774529483,30347312.0000000000,62
650,235,0.3773768941,30347312.0000000000,4
650,236,0.3769219483,30347312.0000000000,2
650,237,0.3577753727,27355696.0000000000,1
650,238,0.3569875046,27355696.0000000000,49
650,239,0.3574836164,27355696.0000000000,47
650,240,0.3750391490,30347312.0000000000,94
650,241,0.3772022457,30347312.0000000000,8
650,242,0.3766558077,30347312.0000000000,84
650,243,0.3773264256,30347312.0000000000,1
650,244,0.3768598131,30347312.0000000000,97
650,245,0.3768944370,30347312.0000000000,85
650,246,0.3778618633,30347312.0000000000,67
650,247,0.3754162674,30347312.0000000000,91
650,248,0.3761582066,30347312.0000000000,58
650,249,0.3567722783,27355696.0000000000,0
650,250,0.3569162476,27355696.0000000000,25
650,251,0.3586670507,27355696.0000000000,45
650,252,0.3778927011,30347312.0000000000,67
650,253,0.3658504330,30347312.0000000000,99
650,254,0.3655711015,30347312.0000000000,99
650,255,0.3765247903,30347312.0000000000,73
650,256,0.3775195889,30347312.0000000000,68
650,257,0.3758965775,30347312.0000000000,89
650,258,0.3767697719,30347312.0000000000,88
650,259,0.3758958027,30347312.0000000000,89
650,260,0.3764032730,30347312.0000000000,77
650,261,0.3579614873,27355696.0000000000,22
650,262,0.3597548089,27355696.0000000000,48
650,263,0.3579428032,27355696.0000000000,27
650,264,0.3764318284,30347312.0000000000,77
650,265,0.3765873094,30347312.0000000000,73
650,266,0.3771602112,30347312.0000000000,70
650,267,0.3762124806,30347312.0000000000,0
650,268,0.3762006960,30347312.0000000000,0
650,269,0.3770226471,30347312.0000000000,78
650,270,0.3775836125,30347312.0000000000,82
650,271,0.3779221394,30347312.0000000000,80
650,272,0.3775332890,30347312.0000000000,69
650,273,0.3586749726,27355696.0000000000,30
650,274,0.3582935337,27355696.0000000000,55
650,275,0.3577128630,27355696.0000000000,50
700,0,0.1137180670,155642464.0000000000,79
700,1,0.1136235370,153085856.0000000000,80
700,2,0.1095759760,146762096.0000000000,78
700,3,0.1011863090,138938672.0000000000,75
700,4,0.1010201290,137661632.0000000000,74
700,5,0.1012875930,138109264.0000000000,72
700,6,0.1010825280,138016048.0000000000,76
700,7,0.1022876490,138952960.0000000000,73
700,8,0.1173198390,155110416.0000000000,77
700,9,0.1151883000,148958112.0000000000,82
700,10,0.1124664730,148480208.0000000000,81
700,11,0.1089552540,146378864.0000000000,83
700,12,0.1791503610,239785232.0000000000,12
700,13,0.1826857070,241220144.0000000000,9
700,14,0.1886639540,244984688.0000000000,33
700,15,0.2000899400,254320528.0000000000,32
700,16,0.2076871570,260503680.0000000000,51
700,17,0.2085942240,261188400.0000000000,47
700,18,0.2087514720,261236944.0000000000,26
700,19,0.2089924810,261625872.0000000000,45
700,20,0.1978504260,252698352.0000000000,19
700,21,0.1687391650,219630624.0000000000,64
700,22,0.1634386550,216930272.0000000000,68
700,23,0.1620426200,216088368.0000000000,71
700,24,0.1765992590,239981616.0000000000,42
700,25,0.1764571300,240063856.0000000000,2
700,26,0.1766056520,240063168.0000000000,18
700,27,0.1765048220,240064256.0000000000,34
700,28,0.1766406770,240062976.0000000000,13
700,29,0.1764146180,240062576.0000000000,15
700,30,0.1763847800,240060784.0000000000,55
700,31,0.1764905410,240063408.0000000000,44
700,32,0.1765827150,240067648.0000000000,36
700,33,0.1597988880,216103072.0000000000,70
700,34,0.1596084690,216096240.0000000000,58
700,35,0.1597020800,216017056.0000000000,66
700,36,0.1765329070,239983712.0000000000,22
700,37,0.1766435720,240064176.0000000000,20
700,38,0.1764773190,240063200.0000000000,6
700,39,0.1763568110,240060672.0000000000,7
700,40,0.1764634500,240062976.0000000000,27
700,41,0.1766267330,240061360.0000000000,17
700,42,0.1763903880,240061984.0000000000,54
700,43,0.1764942620,240066544.0000000000,3
700,44,0.1765930540,240058784.0000000000,29
700,45,0.1597885540,216101104.0000000000,67
700,46,0.1598208690,216100752.0000000000,65
700,47,0.1596894250,216017168.0000000000,59
700,48,0.1765016120,239978064.0000000000,41
700,49,0.1767033840,240064928.0000000000,35
700,50,0.1765904550,240059920.0000000000,4
700,51,0.1764089640,240061664.0000000000,5
700,52,0.1765427070,240063424.0000000000,37
700,53,0.1763812860,240066496.0000000000,8
700,54,0.1765234100,240062896.0000000000,11
700,55,0.1763483590,240062464.0000000000,23
700,56,0.1764104880,240065424.0000000000,21
700,57,0.1598061320,216099424.0000000000,56
700,58,0.1597063500,216098992.0000000000,61
700,59,0.1596724950,216017488.0000000000,57
700,60,0.1764030100,239969504.0000000000,16
700,61,0.1764377280,240076624.0000000000,53
700,62,0.1763675550,240079760.0000000000,24
700,63,0.1764895350,240078624.0000000000,28
700,64,0.1767169550,240070816.0000000000,38
700,65,0.1764255980,240084128.0000000000,14
700,66,0.1763356890,240078048.0000000000,40
700,67,0.1765102910,240081840.0000000000,30
700,68,0.1766790940,240069664.0000000000,48
700,69,0.1597246380,216110752.0000000000,1
700,70,0.1599586780,216109904.0000000000,62
700,71,0.1596104120,216010784.0000000000,63
700,72,0.1763753680,239777888.0000000000,52
700,73,0.1764745910,240056160.0000000000,49
700,74,0.1769107070,240051952.0000000000,39
700,75,0.1765746110,240045888.0000000000,43
700,76,0.1766163280,240052160.0000000000,25
700,77,0.1765525440,240038768.0000000000,50
700,78,0.1764472280,240050160.0000000000,46
700,79,0.1764032290,240046400.0000000000,10
700,80,0.1767499450,240054576.0000000000,31
700,81,0.1600781380,216100016.0000000000,69
700,82,0.1599155050,216076640.0000000000,60
700,83,0.1596106780,215803280.0000000000,0
700,84,0.0595533950,89744864.0000000000,92
700,85,0.0596710760,89808576.0000000000,84
700,86,0.0595028190,89821152.0000000000,89
700,87,0.0595338580,89825120.0000000000,88
700,88,0.0595357930,89819632.0000000000,85
700,89,0.0596228200,89820176.0000000000,90
700,90,0.0595928740,89827008.0000000000,87
700,91,0.0595268150,89820800.0000000000,86
700,92,0.0594875990,89817824.0000000000,91
700,93,0.0555060990,80886976.0000000000,93
700,94,0.0554706100,80892112.0000000000,94
700,95,0.0554691870,80799504.0000000000,95
700,96,0.0115509740,30347312.0000000000,88
700,97,0.0115522040,30347312.0000000000,76
700,98,0.0115196510,30347312.0000000000,87
700,99,0.0115131570,30347312.0000000000,86
700,100,0.0112363610,30347312.0000000000,96
700,101,0.0115734320,30347312.0000000000,98
700,102,0.0115814170,30347312.0000000000,83
700,103,0.0115669210,30347312.0000000000,98
700,104,0.0115482360,30347312.0000000000,85
700,105,0.0109938140,27355696.0000000000,37
700,106,0.0109608540,27355696.0000000000,21
700,107,0.0109572190,27355696.0000000000,54
700,108,0.0115271330,30347312.0000000000,79
700,109,0.0115832900,30347312.0000000000,74
700,110,0.0115731950,30347312.0000000000,65
700,111,0.0114870590,30347312.0000000000,58
700,112,0.0112215220,30347312.0000000000,99
700,113,0.0115222110,30347312.0000000000,81
700,114,0.0115286170,30347312.0000000000,95
700,115,0.0111787410,30347312.0000000000,96
700,116,0.0115350950,30347312.0000000000,57
700,117,0.0109474290,27355696.0000000000,33
700,118,0.0109837810,27355696.0000000000,52
700,119,0.0109697860,27355696.0000000000,44
700,120,0.0115675010,30347312.0000000000,72
700,121,0.0115709750,30347312.0000000000,83
700,122,0.0115347430,30347312.0000000000,90
700,123,0.0115553770,30347312.0000000000,72
700,124,0.0114985810,30347312.0000000000,89
700,125,0.0115791360,30347312.0000000000,65
700,126,0.0111859750,30347312.0000000000,99
700,127,0.0115143990,30347312.0000000000,61
700,128,0.0115053550,30347312.0000000000,87
700,129,0.0109725950,27355696.0000000000,18
700,130,0.0109814440,27355696.0000000000,32
700,131,0.0109684650,27355696.0000000000,31
700,132,0.0112136300,30347312.0000000000,96
700,133,0.0115571220,30347312.0000000000,68
700,134,0.0115257840,30347312.0000000000,66
700,135,0.0115181400,30347312.0000000000,91
700,136,0.0115390400,30347312.0000000000,64
700,137,0.0115030650,30347312.0000000000,73
700,138,0.0115036400,30347312.0000000000,77
700,139,0.0115851660,30347312.0000000000,62
700,140,0.0115293010,30347312.0000000000,84
700,141,0.0109652570,27355696.0000000000,28
700,142,0.0109394760,27355696.0000000000,35
700,143,0.0109490960,27355696.0000000000,36
700,144,0.0115167280,30347312.0000000000,57
700,145,0.0115519430,30347312.0000000000,60
700,146,0.0115288670,30347312.0000000000,87
700,147,0.0115486180,30347312.0000000000,59
700,148,0.0115399900,30347312.0000000000,97
700,149,0.0115321740,30347312.0000000000,76
700,150,0.0115159110,30347312.0000000000,97
700,151,0.0115498190,30347312.0000000000,7
700,152,0.0115608490,30347312.0000000000,71
700,153,0.0109461040,27355696.0000000000,16
700,154,0.0109510660,27355696.0000000000,20
700,155,0.0109968510,27355696.0000000000,17
700,156,0.0115833580,30347312.0000000000,74
700,157,0.0115250600,30347312.0000000000,97
700,158,0.0115526260,30347312.0000000000,88
700,159,0.0115356710,30347312.0000000000,5
700,160,0.0115171750,30347312.0000000000,86
700,161,0.0115362720,30347312.0000000000,92
700,162,0.0115532040,30347312.0000000000,60
700,163,0.0115506700,30347312.0000000000,98
700,164,0.0115495980,30347312.0000000000,76
700,165,0.0109563900,27355696.0000000000,41
700,166,0.0109889700,27355696.0000000000,13
700,167,0.0109322040,27355696.0000000000,51
700,168,0.0115409290,30347312.0000000000,71
700,169,0.0115633160,30347312.0000000000,10
700,170,0.0115502070,30347312.0000000000,92
700,171,0.0114976280,30347312.0000000000,9
700,172,0.0115420260,30347312.0000000000,66
700,173,0.0115532370,30347312.0000000000,59
700,174,0.0114787760,30347312.0000000000,91
700,175,0.0115507000,30347312.0000000000,69
700,176,0.0115417820,30347312.0000000000,70
700,177,0.0109568260,27355696.0000000000,26
700,178,0.0109639830,27355696.0000000000,53
700,179,0.0109978030,27355696.0000000000,29
700,180,0.0115845050,30347312.0000000000,6
700,181,0.0115417860,30347312.0000000000,90
700,182,0.0115434180,30347312.0000000000,63
700,183,0.0115178460,30347312.0000000000,61
700,184,0.0115323150,30347312.0000000000,78
700,185,0.0115079840,30347312.0000000000,75
700,186,0.0115250400,30347312.0000000000,93
700,187,0.0115529210,30347312.0000000000,82
700,188,0.0115432620,30347312.0000000000,3
700,189,0.0109520950,27355696.0000000000,19
700,190,0.0109211100,27355696.0000000000,46
700,191,0.0110275700,27355696.0000000000,42
700,192,0.0115730450,30347312.0000000000,56
700,193,0.0115214530,30347312.0000000000,95
700,194,0.0114974360,30347312.0000000000,93
700,195,0.0115777710,30347312.0000000000,74
700,196,0.0115534760,30347312.0000000000,92
700,197,0.0114673590,30347312.0000000000,94
700,198,0.0115345870,30347312.0000000000,75
700,199,0.0115482590,30347312.0000000000,90
700,200,0.0115183680,30347312.0000000000,84
700,201,0.0109409570,27355696.0000000000,34
700,202,0.0109779410,27355696.0000000000,43
700,203,0.0109312690,27355696.0000000000,24
700,204,0.0115553750,30347312.0000000000,82
700,205,0.0115496370,30347312.0000000000,79
700,206,0.0115424730,30347312.0000000000,75
700,207,0.0115188580,30347312.0000000000,95
700,208,0.0115551870,30347312.0000000000,72
700,209,0.0115025670,30347312.0000000000,94
700,210,0.0115421200,30347312.0000000000,81
700,211,0.0115400440,30347312.0000000000,11
700,212,0.0115474060,30347312.0000000000,56
700,213,0.0109404220,27355696.0000000000,39
700,214,0.0109670110,27355696.0000000000,40
700,215,0.0109897490,27355696.0000000000,15
700,216,0.0115381870,30347312.0000000000,63
700,217,0.0115680510,30347312.0000000000,98
700,218,0.0115264150,30347312.0000000000,85
700,219,0.0115737520,30347312.0000000000,83
700,220,0.0115339280,30347312.0000000000,78
700,221,0.0115232080,30347312.0000000000,93
700,222,0.0115415590,30347312.0000000000,81
700,223,0.0115253040,30347312.0000000000,12
700,224,0.0115128000,30347312.0000000000,86
700,225,0.0109803550,27355696.0000000000,38
700,226,0.0109540190,27355696.0000000000,14
700,227,0.0109448220,27355696.0000000000,23
700,228,0.0115409470,30347312.0000000000,80
700,229,0.0115425230,30347312.0000000000,79
700,230,0.0115487430,30347312.0000000000,1
700,231,0.0115468260,30347312.0000000000,64
700,232,0.0115625490,30347312.0000000000,80
700,233,0.0112069770,30347312.0000000000,96
700,234,0.0115548170,30347312.0000000000,62
700,235,0.0115507300,30347312.0000000000,4
700,236,0.0115622810,30347312.0000000000,2
700,237,0.0109545130,27355696.0000000000,1
700,238,0.0109369140,27355696.0000000000,49
700,239,0.0109451690,27355696.0000000000,47
700,240,0.0114674990,30347312.0000000000,94
700,241,0.0115379480,30347312.0000000000,8
700,242,0.0115327670,30347312.0000000000,84
700,243,0.0115594820,30347312.0000000000,1
700,244,0.0115361310,30347312.0000000000,97
700,245,0.0115157330,30347312.0000000000,85
700,246,0.0115626960,30347312.0000000000,67
700,247,0.0114789540,30347312.0000000000,91
700,248,0.0114843550,30347312.0000000000,58
700,249,0.0109283430,27355696.0000000000,0
700,250,0.0109271600,27355696.0000000000,25
700,251,0.0109913970,27355696.0000000000,45
700,252,0.0115624450,30347312.0000000000,67
700,253,0.0111955130,30347312.0000000000,99
700,254,0.0111860540,30347312.0000000000,99
700,255,0.0115352960,30347312.0000000000,73
700,256,0.0115547070,30347312.0000000000,68
700,257,0.0114825320,30347312.0000000000,89
700,258,0.0115400740,30347312.0000000000,88
700,259,0.0115164670,30347312.0000000000,89
700,260,0.0115271150,30347312.0000000000,77
700,261,0.0109742010,27355696.0000000000,22
700,262,0.0109962290,27355696.0000000000,48
700,263,0.0109534890,27355696.0000000000,27
700,264,0.0114991100,30347312.0000000000,77
700,265,0.0115329740,30347312.0000000000,73
700,266,0.0115327850,30347312.0000000000,70
700,267,0.0114959710,30347312.0000000000,0
700,268,0.0114792800,30347312.0000000000,0
700,269,0.0115247300,30347312.0000000000,78
700,270,0.0115542220,30347312.0000000000,82
700,271,0.0115699330,30347312.0000000000,80
700,272,0.0115676420,30347312.0000000000,69
700,273,0.0109763580,27355696.0000000000,30
700,274,0.0109778290,27355696.0000000000,55
700,275,0.0109443190,27355696.0000000000,50
750,0,3.6591660031,155394048.0000000000,79
750,1,3.6473199602,152689456.0000000000,80
750,2,3.4884062255,145816144.0000000000,78
750,3,3.2378920804,137417392.0000000000,75
750,4,3.2502512790,137379584.0000000000,74
750,5,3.2628700132,138112208.0000000000,72
750,6,3.2553231764,137925824.0000000000,76
750,7,3.2933663749,139369936.0000000000,73
750,8,3.8003327074,156294256.0000000000,77
750,9,3.7217299574,149814912.0000000000,82
750,10,3.6587299449,149048384.0000000000,81
750,11,3.5158370722,146588864.0000000000,83
750,12,5.7670641744,239731584.0000000000,12
750,13,5.8875464900,241275808.0000000000,9
750,14,6.0871177256,245205104.0000000000,33
750,15,6.4550327140,254355168.0000000000,32
750,16,6.6903536224,260156544.0000000000,51
750,17,6.7261374035,261166464.0000000000,47
750,18,6.7270034139,261141552.0000000000,26
750,19,6.7360839076,261798688.0000000000,45
750,20,6.3754819753,252889312.0000000000,19
750,21,5.4299424326,219726832.0000000000,64
750,22,5.2607749370,216975216.0000000000,68
750,23,5.2135491460,216096544.0000000000,71
750,24,5.6846490657,239978880.0000000000,42
750,25,5.6803077104,240066176.0000000000,2
750,26,5.6847743422,240060704.0000000000,18
750,27,5.6801280891,240064112.0000000000,34
750,28,5.6829426966,240064896.0000000000,13
750,29,5.6778463456,240060896.0000000000,15
750,30,5.6780308336,240061776.0000000000,55
750,31,5.6788786061,240065520.0000000000,44
750,32,5.6807491224,240064240.0000000000,36
750,33,5.1438695836,216099216.0000000000,70
750,34,5.1379534617,216097936.0000000000,58
750,35,5.1416813516,216013312.0000000000,66
750,36,5.6777800599,239978048.0000000000,22
750,37,5.6796199312,240068896.0000000000,20
750,38,5.6810391146,240063280.0000000000,6
750,39,5.6777352879,240062960.0000000000,7
750,40,5.6769862355,240061920.0000000000,27
750,41,5.6844349509,240063136.0000000000,17
750,42,5.6776589531,240061504.0000000000,54
750,43,5.6774881161,240065184.0000000000,3
750,44,5.6862832936,240063776.0000000000,29
750,45,5.1453502478,216099200.0000000000,67
750,46,5.1451491634,216098704.0000000000,65
750,47,5.1392218376,216016288.0000000000,59
750,48,5.6793915122,239979024.0000000000,41
750,49,5.6808495929,240060672.0000000000,35
750,50,5.6829201844,240062592.0000000000,4
750,51,5.6790841379,240065584.0000000000,5
750,52,5.6836531365,240058432.0000000000,37
750,53,5.6795680551,240065072.0000000000,8
750,54,5.6794564091,240063184.0000000000,11
750,55,5.6777452413,240064400.0000000000,23
750,56,5.6785812920,240064528.0000000000,21
750,57,5.1422097417,216103296.0000000000,56
750,58,5.1402812197,216099984.0000000000,61
750,59,5.1382170155,216016016.0000000000,57
750,60,5.6771389015,239971408.0000000000,16
750,61,5.6782129404,240075152.0000000000,53
750,62,5.6780312656,240083008.0000000000,24
750,63,5.6830531887,240083200.0000000000,28
750,64,5.6849392668,240076064.0000000000,38
750,65,5.6833979713,240086912.0000000000,14
750,66,5.6776350426,240082816.0000000000,40
750,67,5.6843819751,240081936.0000000000,30
750,68,5.6867778225,240076176.0000000000,48
750,69,5.1417605802,216115280.0000000000,1
750,70,5.1455004745,216113168.0000000000,62
750,71,5.1388205636,216008496.0000000000,63
750,72,5.6792852103,239755920.0000000000,52
750,73,5.6804563044,240051232.0000000000,49
750,74,5.6865090075,240049456.0000000000,39
750,75,5.6858204184,240043312.0000000000,43
750,76,5.6831204581,240048464.0000000000,25
750,77,5.6819686810,240035520.0000000000,50
750,78,5.6779911984,240040592.0000000000,46
750,79,5.6800671629,240045216.0000000000,10
750,80,5.6899749500,240049440.0000000000,31
750,81,5.1502794838,216094704.0000000000,69
750,82,5.1461890556,216073264.0000000000,60
750,83,5.1373063285,215781824.0000000000,0
750,84,1.9221280115,89739296.0000000000,92
750,85,1.9197523367,89808368.0000000000,84
750,86,1.9188464466,89823584.0000000000,89
750,87,1.9198685306,89822656.0000000000,88
750,88,1.9206106042,89821056.0000000000,85
750,89,1.9203234818,89819568.0000000000,90
750,90,1.9213399584,89831984.0000000000,87
750,91,1.9196963047,89819808.0000000000,86
750,92,1.9185439141,89818576.0000000000,91
750,93,1.7906197188,80889728.0000000000,93
750,94,1.7893774942,80889888.0000000000,94
750,95,1.7899478544,80794032.0000000000,95
750,96,0.3768501867,30347312.0000000000,88
750,97,0.3770876337,30347312.0000000000,76
750,98,0.3763654137,30347312.0000000000,87
750,99,0.3765418530,30347312.0000000000,86
750,100,0.3669528624,30347312.0000000000,96
750,101,0.3782185745,30347312.0000000000,98
750,102,0.3778524235,30347312.0000000000,83
750,103,0.3774083699,30347312.0000000000,98
750,104,0.3770796597,30347312.0000000000,85
750,105,0.3587324178,27355696.0000000000,37
750,106,0.3578343863,27355696.0000000000,21
750,107,0.3573327778,27355696.0000000000,54
750,108,0.3770079527,30347312.0000000000,79
750,109,0.3784057447,30347312.0000000000,74
750,110,0.3781104757,30347312.0000000000,65
750,111,0.3762706515,30347312.0000000000,58
750,112,0.3665599924,30347312.0000000000,99
750,113,0.3769099231,30347312.0000000000,81
750,114,0.3769067400,30347312.0000000000,95
750,115,0.3658899877,30347312.0000000000,96
750,116,0.3769548504,30347312.0000000000,57
750,117,0.3578553167,27355696.0000000000,33
750,118,0.3588684788,27355696.0000000000,52
750,119,0.3584779036,27355696.0000000000,44
750,120,0.3779567953,30347312.0000000000,72
750,121,0.3778632703,30347312.0000000000,83
750,122,0.3772293460,30347312.0000000000,90
750,123,0.3778637232,30347312.0000000000,72
750,124,0.3760182853,30347312.0000000000,89
750,125,0.3777685926,30347312.0000000000,65
750,126,0.3657792587,30347312.0000000000,99
750,127,0.3765305394,30347312.0000000000,61
750,128,0.3761974411,30347312.0000000000,87
750,129,0.3583645637,27355696.0000000000,18
750,130,0.3587102273,27355696.0000000000,32
750,131,0.3586817870,27355696.0000000000,31
750,132,0.3659718507,30347312.0000000000,96
750,133,0.3776921260,30347312.0000000000,68
750,134,0.3771497148,30347312.0000000000,66
750,135,0.3757168297,30347312.0000000000,91
750,136,0.3776683359,30347312.0000000000,64
750,137,0.3768139120,30347312.0000000000,73
750,138,0.3763389063,30347312.0000000000,77
750,139,0.3774941290,30347312.0000000000,62
750,140,0.3767324358,30347312.0000000000,84
750,141,0.3586436093,27355696.0000000000,28
750,142,0.3573007857,27355696.0000000000,35
750,143,0.3575068752,27355696.0000000000,36
750,144,0.3769998037,30347312.0000000000,57
750,145,0.3769936974,30347312.0000000000,60
750,146,0.3762447058,30347312.0000000000,87
750,147,0.3774769069,30347312.0000000000,59
750,148,0.3775508899,30347312.0000000000,97
750,149,0.3772958901,30347312.0000000000,76
750,150,0.3768337029,30347312.0000000000,97
750,151,0.3779654692,30347312.0000000000,7
750,152,0.3770678854,30347312.0000000000,71
750,153,0.3573176142,27355696.0000000000,16
750,154,0.3573608190,27355696.0000000000,20
750,155,0.3594438022,27355696.0000000000,17
750,156,0.3783068476,30347312.0000000000,74
750,157,0.3768366991,30347312.0000000000,97
750,158,0.3767428821,30347312.0000000000,88
750,159,0.3770307407,30347312.0000000000,5
750,160,0.3765046603,30347312.0000000000,86
750,161,0.3776821601,30347312.0000000000,92
750,162,0.3768852780,30347312.0000000000,60
750,163,0.3774872507,30347312.0000000000,98
750,164,0.3770649903,30347312.0000000000,76
750,165,0.3577190695,27355696.0000000000,41
750,166,0.3591210010,27355696.0000000000,13
750,167,0.3572874975,27355696.0000000000,51
750,168,0.3770182580,30347312.0000000000,71
750,169,0.3774527173,30347312.0000000000,10
750,170,0.3776325732,30347312.0000000000,92
750,171,0.3762999901,30347312.0000000000,9
750,172,0.3769803601,30347312.0000000000,66
750,173,0.3773489302,30347312.0000000000,59
750,174,0.3756593932,30347312.0000000000,91
750,175,0.3777064188,30347312.0000000000,69
750,176,0.3770810950,30347312.0000000000,70
750,177,0.3586475335,27355696.0000000000,26
750,178,0.3576704414,27355696.0000000000,53
750,179,0.3592524422,27355696.0000000000,29
750,180,0.3782197821,30347312.0000000000,6
750,181,0.3772225151,30347312.0000000000,90
750,182,0.3772931478,30347312.0000000000,63
750,183,0.3764728035,30347312.0000000000,61
750,184,0.3769063075,30347312.0000000000,78
750,185,0.3770411458,30347312.0000000000,75
750,186,0.3764407600,30347312.0000000000,93
750,187,0.3776141672,30347312.0000000000,82
750,188,0.3773920596,30347312.0000000000,3
750,189,0.3575632763,27355696.0000000000,19
750,190,0.3567898832,27355696.0000000000,46
750,191,0.3595622867,27355696.0000000000,42
750,192,0.3776706266,30347312.0000000000,56
750,193,0.3766492182,30347312.0000000000,95
750,194,0.3762666723,30347312.0000000000,93
750,195,0.3783308409,30347312.0000000000,74
750,196,0.3776154837,30347312.0000000000,92
750,197,0.3751760177,30347312.0000000000,94
750,198,0.3767634813,30347312.0000000000,75
750,199,0.3771966534,30347312.0000000000,90
750,200,0.3767210882,30347312.0000000000,84
750,201,0.3577866936,27355696.0000000000,34
750,202,0.3586895573,27355696.0000000000,43
750,203,0.3571697057,27355696.0000000000,24
750,204,0.3775389040,30347312.0000000000,82
750,205,0.3771431144,30347312.0000000000,79
750,206,0.3766491049,30347312.0000000000,75
750,207,0.3767274014,30347312.0000000000,95
750,208,0.3777978375,30347312.0000000000,72
750,209,0.3750474474,30347312.0000000000,94
750,210,0.3767338426,30347312.0000000000,81
750,211,0.3771209452,30347312.0000000000,11
750,212,0.3775053335,30347312.0000000000,56
750,213,0.3577226661,27355696.0000000000,39
750,214,0.3578615065,27355696.0000000000,40
750,215,0.3580344672,27355696.0000000000,15
750,216,0.3771768553,30347312.0000000000,63
750,217,0.3773544850,30347312.0000000000,98
750,218,0.3769357845,30347312.0000000000,85
750,219,0.3778708692,30347312.0000000000,83
750,220,0.3769912485,30347312.0000000000,78
750,221,0.3762755690,30347312.0000000000,93
750,222,0.3765817342,30347312.0000000000,81
750,223,0.3765586995,30347312.0000000000,12
750,224,0.3765669919,30347312.0000000000,86
750,225,0.3585920384,27355696.0000000000,38
750,226,0.3577998211,27355696.0000000000,14
750,227,0.3577697813,27355696.0000000000,23
750,228,0.3778962901,30347312.0000000000,80
750,229,0.3769856390,30347312.0000000000,79
750,230,0.3772885717,30347312.0000000000,1
750,231,0.3773988236,30347312.0000000000,64
750,232,0.3778564451,30347312.0000000000,80
750,233,0.3659692955,30347312.0000000000,96
750,234,0.3773027046,30347312.0000000000,62
750,235,0.3773740868,30347312.0000000000,4
750,236,0.3767757409,30347312.0000000000,2
750,237,0.3576850068,27355696.0000000000,1
750,238,0.3571065584,27355696.0000000000,49
750,239,0.3575323965,27355696.0000000000,47
750,240,0.3749386329,30347312.0000000000,94
750,241,0.3771521245,30347312.0000000000,8
750,242,0.3767515801,30347312.0000000000,84
750,243,0.3774632857,30347312.0000000000,1
750,244,0.3768403579,30347312.0000000000,97
750,245,0.3768568063,30347312.0000000000,85
750,246,0.3778141461,30347312.0000000000,67
750,247,0.3754753378,30347312.0000000000,91
750,248,0.3760549968,30347312.0000000000,58
750,249,0.3567470581,27355696.0000000000,0
750,250,0.3568791899,27355696.0000000000,25
750,251,0.3587247377,27355696.0000000000,45
750,252,0.3777951756,30347312.0000000000,67
750,253,0.3655950966,30347312.0000000000,99
750,254,0.3656097433,30347312.0000000000,99
750,255,0.3765423008,30347312.0000000000,73
750,256,0.3776117870,30347312.0000000000,68
750,257,0.3757862195,30347312.0000000000,89
750,258,0.3766921562,30347312.0000000000,88
750,259,0.3758694705,30347312.0000000000,89
750,260,0.3764564587,30347312.0000000000,77
750,261,0.3579540358,27355696.0000000000,22
750,262,0.3597270276,27355696.0000000000,48
750,263,0.3579892748,27355696.0000000000,27
750,264,0.3764580852,30347312.0000000000,77
750,265,0.3765359372,30347312.0000000000,73
750,266,0.3770565673,30347312.0000000000,70
750,267,0.3761710781,30347312.0000000000,0
750,268,0.3760830413,30347312.0000000000,0
750,269,0.3769080195,30347312.0000000000,78
750,270,0.3774934531,30347312.0000000000,82
750,271,0.3778175474,30347312.0000000000,80
750,272,0.3775703213,30347312.0000000000,69
750,273,0.3587449208,27355696.0000000000,30
750,274,0.3583256686,27355696.0000000000,55
750,275,0.3577956395,27355696.0000000000,50
800,0,0.1138897070,155084896.0000000000,79
800,1,0.1128302780,152303536.0000000000,80
800,2,0.1064509770,144946624.0000000000,78
800,3,0.0985380400,135886080.0000000000,75
800,4,0.0994797030,136840016.0000000000,74
800,5,0.1014150910,138096304.0000000000,72
800,6,0.1011496640,137832736.0000000000,76
800,7,0.1023635670,139987408.0000000000,73
800,8,0.1191529710,157109392.0000000000,77
800,9,0.1173650540,150657488.0000000000,82
800,10,0.1148374730,149725088.0000000000,81
800,11,0.1101005570,146850720.0000000000,83
800,12,0.1794534570,239682000.0000000000,12
800,13,0.1837671890,241349840.0000000000,9
800,14,0.1902972850,245459680.0000000000,33
800,15,0.2016184710,254301520.0000000000,32
800,16,0.2077256100,259560208.0000000000,51
800,17,0.2101824270,261117744.0000000000,47
800,18,0.2101343610,261032688.0000000000,26
800,19,0.2106551500,262141968.0000000000,45
800,20,0.1988571100,253060000.0000000000,19
800,21,0.1694615640,219836928.0000000000,64
800,22,0.1639166040,217023648.0000000000,68
800,23,0.1622082680,216116736.0000000000,71
800,24,0.1766742100,239977360.0000000000,42
800,25,0.1764507180,240064992.0000000000,2
800,26,0.1766014790,240062112.0000000000,18
800,27,0.1764743890,240062224.0000000000,34
800,28,0.1765799580,240064960.0000000000,13
800,29,0.1764685040,240064048.0000000000,15
800,30,0.1763681210,240064304.0000000000,55
800,31,0.1763652640,240060256.0000000000,44
800,32,0.1765092830,240066272.0000000000,36
800,33,0.1598308080,216097664.0000000000,70
800,34,0.1596218450,216102416.0000000000,58
800,35,0.1596965820,216011600.0000000000,66
800,36,0.1764358090,239976512.0000000000,22
800,37,0.1764596520,240070608.0000000000,20
800,38,0.1764722560,240061584.0000000000,6
800,39,0.1763982830,240061408.0000000000,7
800,40,0.1763751140,240060544.0000000000,27
800,41,0.1766077710,240061920.0000000000,17
800,42,0.1764367820,240065232.0000000000,54
800,43,0.1763781970,240064576.0000000000,3
800,44,0.1766750880,240059296.0000000000,29
800,45,0.1598567820,216101792.0000000000,67
800,46,0.1599850300,216098336.0000000000,65
800,47,0.1596487990,216013136.0000000000,59
800,48,0.1764831810,239975248.0000000000,41
800,49,0.1765106190,240056688.0000000000,35
800,50,0.1766212530,240067296.0000000000,4
800,51,0.1764256150,240064512.0000000000,5
800,52,0.1765725440,240065968.0000000000,37
800,53,0.1765120170,240060736.0000000000,8
800,54,0.1765129670,240064992.0000000000,11
800,55,0.1764307660,240062512.0000000000,23
800,56,0.1764244150,240063088.0000000000,21
800,57,0.1597377700,216100944.0000000000,56
800,58,0.1596234010,216097648.0000000000,61
800,59,0.1596560510,216014544.0000000000,57
800,60,0.1763641780,239974816.0000000000,16
800,61,0.1766550950,240083328.0000000000,53
800,62,0.1764491850,240087264.0000000000,24
800,63,0.1765749250,240085472.0000000000,28
800,64,0.1766302780,240080880.0000000000,38
800,65,0.1765745590,240093808.0000000000,14
800,66,0.1764880110,240088720.0000000000,40
800,67,0.1766357430,240087760.0000000000,30
800,68,0.1766745540,240084240.0000000000,48
800,69,0.1597417380,216118304.0000000000,1
800,70,0.1599298370,216124576.0000000000,62
800,71,0.1597014120,216011696.0000000000,63
800,72,0.1765403050,239728320.0000000000,52
800,73,0.1765242930,240047536.0000000000,49
800,74,0.1766861140,240045248.0000000000,39
800,75,0.1765735460,240036864.0000000000,43
800,76,0.1765419270,240043760.0000000000,25
800,77,0.1765047670,240031808.0000000000,50
800,78,0.1763443340,240033648.0000000000,46
800,79,0.1764283040,240038016.0000000000,10
800,80,0.1767189130,240043792.0000000000,31
800,81,0.1600531880,216089280.0000000000,69
800,82,0.1598286890,216064544.0000000000,60
800,83,0.1596219380,215760400.0000000000,0
800,84,0.0596688480,89731632.0000000000,92
800,85,0.0595405160,89810528.0000000000,84
800,86,0.0594605130,89821856.0000000000,89
800,87,0.0595271220,89823088.0000000000,88
800,88,0.0595398920,89817936.0000000000,85
800,89,0.0595396840,89823472.0000000000,90
800,90,0.0595719660,89827728.0000000000,87
800,91,0.0595237620,89818752.0000000000,86
800,92,0.0594771050,89820544.0000000000,91
800,93,0.0554861000,80888704.0000000000,93
800,94,0.0554817210,80891296.0000000000,94
800,95,0.0554658110,80785904.0000000000,95
800,96,0.0115324730,30347312.0000000000,88
800,97,0.0115309970,30347312.0000000000,76
800,98,0.0115111450,30347312.0000000000,87
800,99,0.0115112240,30347312.0000000000,86
800,100,0.0112402200,30347312.0000000000,96
800,101,0.0115837030,30347312.0000000000,98
800,102,0.0115802300,30347312.0000000000,83
800,103,0.0115377040,30347312.0000000000,98
800,104,0.0115388310,30347312.0000000000,85
800,105,0.0109964370,27355696.0000000000,37
800,106,0.0109666760,27355696.0000000000,21
800,107,0.0109307900,27355696.0000000000,54
800,108,0.0115544620,30347312.0000000000,79
800,109,0.0115815840,30347312.0000000000,74
800,110,0.0115500990,30347312.0000000000,65
800,111,0.0114884910,30347312.0000000000,58
800,112,0.0112204110,30347312.0000000000,99
800,113,0.0115363780,30347312.0000000000,81
800,114,0.0115453070,30347312.0000000000,95
800,115,0.0112032480,30347312.0000000000,96
800,116,0.0115396580,30347312.0000000000,57
800,117,0.0109692450,27355696.0000000000,33
800,118,0.0109767590,27355696.0000000000,52
800,119,0.0109688050,27355696.0000000000,44
800,120,0.0115732980,30347312.0000000000,72
800,121,0.0115806940,30347312.0000000000,83
800,122,0.0115472330,30347312.0000000000,90
800,123,0.0115659350,30347312.0000000000,72
800,124,0.0114989200,30347312.0000000000,89
800,125,0.0115925010,30347312.0000000000,65
800,126,0.0112058930,30347312.0000000000,99
800,127,0.0115326760,30347312.0000000000,61
800,128,0.0115224270,30347312.0000000000,87
800,129,0.0109697390,27355696.0000000000,18
800,130,0.0109652470,27355696.0000000000,32
800,131,0.0109913980,27355696.0000000000,31
800,132,0.0112020870,30347312.0000000000,96
800,133,0.0115339860,30347312.0000000000,68
800,134,0.0115371820,30347312.0000000000,66
800,135,0.0115279960,30347312.0000000000,91
800,136,0.0115197310,30347312.0000000000,64
800,137,0.0115241040,30347312.0000000000,73
800,138,0.0115068100,30347312.0000000000,77
800,139,0.0115357530,30347312.0000000000,62
800,140,0.0115096520,30347312.0000000000,84
800,141,0.0109803650,27355696.0000000000,28
800,142,0.0109439270,27355696.0000000000,35
800,143,0.0109486850,27355696.0000000000,36
800,144,0.0115438270,30347312.0000000000,57
800,145,0.0115501500,30347312.0000000000,60
800,146,0.0115288300,30347312.0000000000,87
800,147,0.0115610920,30347312.0000000000,59
800,148,0.0115327240,30347312.0000000000,97
800,149,0.0115488120,30347312.0000000000,76
800,150,0.0115590240,30347312.0000000000,97
800,151,0.0115638320,30347312.0000000000,7
800,152,0.0115443340,30347312.0000000000,71
800,153,0.0109387970,27355696.0000000000,16
800,154,0.0109238200,27355696.0000000000,20
800,155,0.0110067400,27355696.0000000000,17
800,156,0.0115890380,30347312.0000000000,74
800,157,0.0115362220,30347312.0000000000,97
800,158,0.0115304410,30347312.0000000000,88
800,159,0.0115127350,30347312.0000000000,5
800,160,0.0115132010,30347312.0000000000,86
800,161,0.0115454050,30347312.0000000000,92
800,162,0.0115311130,30347312.0000000000,60
800,163,0.0115460700,30347312.0000000000,98
800,164,0.0115278020,30347312.0000000000,76
800,165,0.0109569220,27355696.0000000000,41
800,166,0.0109852230,27355696.0000000000,13
800,167,0.0109229160,27355696.0000000000,51
800,168,0.0115256920,30347312.0000000000,71
800,169,0.0115451780,30347312.0000000000,10
800,170,0.0115576790,30347312.0000000000,92
800,171,0.0115252890,30347312.0000000000,9
800,172,0.0115424670,30347312.0000000000,66
800,173,0.0115331160,30347312.0000000000,59
800,174,0.0115131060,30347312.0000000000,91
800,175,0.0115535360,30347312.0000000000,69
800,176,0.0115411690,30347312.0000000000,70
800,177,0.0109860140,27355696.0000000000,26
800,178,0.0109374120,27355696.0000000000,53
800,179,0.0109930910,27355696.0000000000,29
800,180,0.0115879490,30347312.0000000000,6
800,181,0.0115296890,30347312.0000000000,90
800,182,0.0115271030,30347312.0000000000,63
800,183,0.0115071260,30347312.0000000000,61
800,184,0.0115471070,30347312.0000000000,78
800,185,0.0115236850,30347312.0000000000,75
800,186,0.0115158690,30347312.0000000000,93
800,187,0.0115573590,30347312.0000000000,82
800,188,0.0115597630,30347312.0000000000,3
800,189,0.0109518950,27355696.0000000000,19
800,190,0.0109324830,27355696.0000000000,46
800,191,0.0110359350,27355696.0000000000,42
800,192,0.0115428960,30347312.0000000000,56
800,193,0.0115048570,30347312.0000000000,95
800,194,0.0115066820,30347312.0000000000,93
800,195,0.0115746520,30347312.0000000000,74
800,196,0.0115416900,30347312.0000000000,92
800,197,0.0114773370,30347312.0000000000,94
800,198,0.0115284030,30347312.0000000000,75
800,199,0.0115389680,30347312.0000000000,90
800,200,0.0115246800,30347312.0000000000,84
800,201,0.0109860080,27355696.0000000000,34
800,202,0.0109738970,27355696.0000000000,43
800,203,0.0109271900,27355696.0000000000,24
800,204,0.0115663260,30347312.0000000000,82
800,205,0.0115299940,30347312.0000000000,79
800,206,0.0115460970,30347312.0000000000,75
800,207,0.0115277230,30347312.0000000000,95
800,208,0.0115803340,30347312.0000000000,72
800,209,0.0114710220,30347312.0000000000,94
800,210,0.0115513360,30347312.0000000000,81
800,211,0.0115572210,30347312.0000000000,11
800,212,0.0115491680,30347312.0000000000,56
800,213,0.0109377840,27355696.0000000000,39
800,214,0.0109468740,27355696.0000000000,40
800,215,0.0109563940,27355696.0000000000,15
800,216,0.0115607690,30347312.0000000000,63
800,217,0.0115341170,30347312.0000000000,98
800,218,0.0115269560,30347312.0000000000,85
800,219,0.0115866160,30347312.0000000000,83
800,220,0.0115419980,30347312.0000000000,78
800,221,0.0115202980,30347312.0000000000,93
800,222,0.0115377910,30347312.0000000000,81
800,223,0.0115110960,30347312.0000000000,12
800,224,0.0115465860,30347312.0000000000,86
800,225,0.0109798970,27355696.0000000000,38
800,226,0.0109646220,27355696.0000000000,14
800,227,0.0109781580,27355696.0000000000,23
800,228,0.0115663950,30347312.0000000000,80
800,229,0.0115547420,30347312.0000000000,79
800,230,0.0115538930,30347312.0000000000,1
800,231,0.0115549060,30347312.0000000000,64
800,232,0.0115706550,30347312.0000000000,80
800,233,0.0112029480,30347312.0000000000,96
800,234,0.0115344300,30347312.0000000000,62
800,235,0.0115400400,30347312.0000000000,4
800,236,0.0115533410,30347312.0000000000,2
800,237,0.0109510070,27355696.0000000000,1
800,238,0.0109377160,27355696.0000000000,49
800,239,0.0109444880,27355696.0000000000,47
800,240,0.0114934660,30347312.0000000000,94
800,241,0.0115528830,30347312.0000000000,8
800,242,0.0115270460,30347312.0000000000,84
800,243,0.0115734010,30347312.0000000000,1
800,244,0.0115190080,30347312.0000000000,97
800,245,0.0115366870,30347312.0000000000,85
800,246,0.0115612900,30347312.0000000000,67
800,247,0.0114685110,30347312.0000000000,91
800,248,0.0115111650,30347312.0000000000,58
800,249,0.0109384220,27355696.0000000000,0
800,250,0.0109233800,27355696.0000000000,25
800,251,0.0109638360,27355696.0000000000,45
800,252,0.0115651580,30347312.0000000000,67
800,253,0.0112099590,30347312.0000000000,99
800,254,0.0112070740,30347312.0000000000,99
800,255,0.0115350340,30347312.0000000000,73
800,256,0.0115501060,30347312.0000000000,68
800,257,0.0114997510,30347312.0000000000,89
800,258,0.0115551480,30347312.0000000000,88
800,259,0.0115087300,30347312.0000000000,89
800,260,0.0115010670,30347312.0000000000,77
800,261,0.0109392030,27355696.0000000000,22
800,262,0.0110164460,27355696.0000000000,48
800,263,0.0109649530,27355696.0000000000,27
800,264,0.0115070590,30347312.0000000000,77
800,265,0.0115272800,30347312.0000000000,73
800,266,0.0115546280,30347312.0000000000,70
800,267,0.0115347530,30347312.0000000000,0
800,268,0.0115005390,30347312.0000000000,0
800,269,0.0115350460,30347312.0000000000,78
800,270,0.0115503960,30347312.0000000000,82
800,271,0.0115908050,30347312.0000000000,80
800,272,0.0115589040,30347312.0000000000,69
800,273,0.0109820810,27355696.0000000000,30
800,274,0.0109654570,27355696.0000000000,55
800,275,0.0109393160,27355696.0000000000,50
850,0,3.6779920455,154723264.0000000000,79
850,1,3.6413628925,151921408.0000000000,80
850,2,3.4229612576,144390448.0000000000,78
850,3,3.1324803010,134873136.0000000000,75
850,4,3.2005307262,136151360.0000000000,74
850,5,3.2650776465,138025824.0000000000,72
850,6,3.2580231335,137790496.0000000000,76
850,7,3.3220286089,140590368.0000000000,73
850,8,3.8624633291,157518752.0000000000,77
850,9,3.7912972053,151494800.0000000000,82
850,10,3.7316447402,150536752.0000000000,81
850,11,3.5691431127,147207552.0000000000,83
850,12,5.7711900767,239646960.0000000000,12
850,13,5.9210573032,241433056.0000000000,9
850,14,6.1406204189,245661504.0000000000,33
850,15,6.4962789222,254068880.0000000000,32
850,16,6.6845069612,258785504.0000000000,51
850,17,6.7792196524,261025792.0000000000,47
850,18,6.7760781316,260970560.0000000000,26
850,19,6.7886307740,262637680.0000000000,45
850,20,6.4107466655,253319056.0000000000,19
850,21,5.4541296457,219979168.0000000000,64
850,22,5.2791913721,217073216.0000000000,68
850,23,5.2239294935,216132192.0000000000,71
850,24,5.6846986519,239974224.0000000000,42
850,25,5.6791858426,240061888.0000000000,2
850,26,5.6849845830,240062832.0000000000,18
850,27,5.6796276699,240063888.0000000000,34
850,28,5.6832387863,240059616.0000000000,13
850,29,5.6777804991,240066496.0000000000,15
850,30,5.6780600656,240066304.0000000000,55
850,31,5.6789639731,240060576.0000000000,44
850,32,5.6802398273,240065856.0000000000,36
850,33,5.1445965824,216100928.0000000000,70
850,34,5.1378906600,216101728.0000000000,58
850,35,5.1418941221,216011344.0000000000,66
850,36,5.6774752136,239976400.0000000000,22
850,37,5.6797891739,240066400.0000000000,20
850,38,5.6811559761,240063296.0000000000,6
850,39,5.6775923651,240062048.0000000000,7
850,40,5.6771311701,240062400.0000000000,27
850,41,5.6843609121,240061728.0000000000,17
850,42,5.6771138802,240063792.0000000000,54
850,43,5.6777359915,240066160.0000000000,3
850,44,5.6878220203,240061008.0000000000,29
850,45,5.1437335301,216102592.0000000000,67
850,46,5.1449910252,216098768.0000000000,65
850,47,5.1390310979,216011280.0000000000,59
850,48,5.6783101274,239975248.0000000000,41
850,49,5.6806297892,240061840.0000000000,35
850,50,5.6824846480,240064864.0000000000,4
850,51,5.6801176196,240061856.0000000000,5
850,52,5.6836811404,240063152.0000000000,37
850,53,5.6805682365,240062816.0000000000,8
850,54,5.6800669493,240063056.0000000000,11
850,55,5.6780884951,240063552.0000000000,23
850,56,5.6786380162,240062144.0000000000,21
850,57,5.1423431512,216099088.0000000000,56
850,58,5.1394785419,216098160.0000000000,61
850,59,5.1373941993,216016832.0000000000,57
850,60,5.6772728042,239973616.0000000000,16
850,61,5.6792098947,240094992.0000000000,53
850,62,5.6798635873,240093200.0000000000,24
850,63,5.6823664219,240091520.0000000000,28
850,64,5.6855939265,240087072.0000000000,38
850,65,5.6838526026,240100160.0000000000,14
850,66,5.6786361266,240094176.0000000000,40
850,67,5.6845532859,240096448.0000000000,30
850,68,5.6873936531,240090400.0000000000,48
850,69,5.1411867949,216123456.0000000000,1
850,70,5.1460408169,216126144.0000000000,62
850,71,5.1392444585,216012592.0000000000,63
850,72,5.6794831702,239699936.0000000000,52
850,73,5.6801066756,240040288.0000000000,49
850,74,5.6862355230,240041200.0000000000,39
850,75,5.6843257880,240032496.0000000000,43
850,76,5.6830692248,240038640.0000000000,25
850,77,5.6816002928,240025600.0000000000,50
850,78,5.6777005460,240027760.0000000000,46
850,79,5.6804339826,240033552.0000000000,10
850,80,5.6901180762,240038160.0000000000,31
850,81,5.1499099329,216081968.0000000000,69
850,82,5.1459821090,216064960.0000000000,60
850,83,5.1376912676,215735776.0000000000,0
850,84,1.9220478707,89724304.0000000000,92
850,85,1.9202059244,89811008.0000000000,84
850,86,1.9189881939,89827024.0000000000,89
850,87,1.9203424515,89819328.0000000000,88
850,88,1.9201146288,89820304.0000000000,85
850,89,1.9207959993,89820528.0000000000,90
850,90,1.9208691700,89830640.0000000000,87
850,91,1.9195113032,89819712.0000000000,86
850,92,1.9191939535,89819680.0000000000,91
850,93,1.7908960653,80887888.0000000000,93
850,94,1.7896307641,80891408.0000000000,94
850,95,1.7896112813,80776608.0000000000,95
850,96,0.3768709076,30347312.0000000000,88
850,97,0.3772020803,30347312.0000000000,76
850,98,0.3763624312,30347312.0000000000,87
850,99,0.3765256277,30347312.0000000000,86
850,100,0.3669130531,30347312.0000000000,96
850,101,0.3782619558,30347312.0000000000,98
850,102,0.3779653564,30347312.0000000000,83
850,103,0.3775076931,30347312.0000000000,98
850,104,0.3770400318,30347312.0000000000,85
850,105,0.3587587014,27355696.0000000000,37
850,106,0.3578956244,27355696.0000000000,21
850,107,0.3571970138,27355696.0000000000,54
850,108,0.3770345908,30347312.0000000000,79
850,109,0.3784164891,30347312.0000000000,74
850,110,0.3779939913,30347312.0000000000,65
850,111,0.3761307177,30347312.0000000000,58
850,112,0.3664810617,30347312.0000000000,99
850,113,0.3768998708,30347312.0000000000,81
850,114,0.3768323817,30347312.0000000000,95
850,115,0.3658408541,30347312.0000000000,96
850,116,0.3770024448,30347312.0000000000,57
850,117,0.3579524454,27355696.0000000000,33
850,118,0.3588627149,27355696.0000000000,52
850,119,0.3585125139,27355696.0000000000,44
850,120,0.3780983891,30347312.0000000000,72
850,121,0.3779013714,30347312.0000000000,83
850,122,0.3771947451,30347312.0000000000,90
850,123,0.3778755662,30347312.0000000000,72
850,124,0.3759110745,30347312.0000000000,89
850,125,0.3777415087,30347312.0000000000,65
850,126,0.3657206004,30347312.0000000000,99
850,127,0.3764905990,30347312.0000000000,61
850,128,0.3762437672,30347312.0000000000,87
850,129,0.3583381680,27355696.0000000000,18
850,130,0.3587668496,27355696.0000000000,32
850,131,0.3586930399,27355696.0000000000,31
850,132,0.3663350721,30347312.0000000000,96
850,133,0.3776210037,30347312.0000000000,68
850,134,0.3770522297,30347312.0000000000,66
850,135,0.3756283186,30347312.0000000000,91
850,136,0.3775582892,30347312.0000000000,64
850,137,0.3768409151,30347312.0000000000,73
850,138,0.3763488294,30347312.0000000000,77
850,139,0.3774610318,30347312.0000000000,62
850,140,0.3767517462,30347312.0000000000,84
850,141,0.3586026377,27355696.0000000000,28
850,142,0.3575567239,27355696.0000000000,35
850,143,0.3575250324,27355696.0000000000,36
850,144,0.3768537869,30347312.0000000000,57
850,145,0.3770412832,30347312.0000000000,60
850,146,0.3762415361,30347312.0000000000,87
850,147,0.3772950443,30347312.0000000000,59
850,148,0.3774614339,30347312.0000000000,97
850,149,0.3773210784,30347312.0000000000,76
850,150,0.3768877156,30347312.0000000000,97
850,151,0.3779037958,30347312.0000000000,7
850,152,0.3770228549,30347312.0000000000,71
850,153,0.3573236454,27355696.0000000000,16
850,154,0.3574087511,27355696.0000000000,20
850,155,0.3593396238,27355696.0000000000,17
850,156,0.3782405892,30347312.0000000000,74
850,157,0.3768857085,30347312.0000000000,97
850,158,0.3767756784,30347312.0000000000,88
850,159,0.3769499922,30347312.0000000000,5
850,160,0.3764593253,30347312.0000000000,86
850,161,0.3776852138,30347312.0000000000,92
850,162,0.3768614261,30347312.0000000000,60
850,163,0.3773052170,30347312.0000000000,98
850,164,0.3770246064,30347312.0000000000,76
850,165,0.3577724153,27355696.0000000000,41
850,166,0.3592190055,27355696.0000000000,13
850,167,0.3571648997,27355696.0000000000,51
850,168,0.3770062422,30347312.0000000000,71
850,169,0.3775512562,30347312.0000000000,10
850,170,0.3775845701,30347312.0000000000,92
850,171,0.3762819236,30347312.0000000000,9
850,172,0.3770298841,30347312.0000000000,66
850,173,0.3773272823,30347312.0000000000,59
850,174,0.3756124141,30347312.0000000000,91
850,175,0.3777393443,30347312.0000000000,69
850,176,0.3771688352,30347312.0000000000,70
850,177,0.3586287952,27355696.0000000000,26
850,178,0.3577003100,27355696.0000000000,53
850,179,0.3592673949,27355696.0000000000,29
850,180,0.3780706838,30347312.0000000000,6
850,181,0.3772722402,30347312.0000000000,90
850,182,0.3771943971,30347312.0000000000,63
850,183,0.3764487304,30347312.0000000000,61
850,184,0.3769891883,30347312.0000000000,78
850,185,0.3768513831,30347312.0000000000,75
850,186,0.3763819788,30347312.0000000000,93
850,187,0.3776458986,30347312.0000000000,82
850,188,0.3774403841,30347312.0000000000,3
850,189,0.3575539465,27355696.0000000000,19
850,190,0.3568458921,27355696.0000000000,46
850,191,0.3594570143,27355696.0000000000,42
850,192,0.3774392758,30347312.0000000000,56
850,193,0.3765583314,30347312.0000000000,95
850,194,0.3762628945,30347312.0000000000,93
850,195,0.3782526517,30347312.0000000000,74
850,196,0.3777061045,30347312.0000000000,92
850,197,0.3752160491,30347312.0000000000,94
850,198,0.3767182661,30347312.0000000000,75
850,199,0.3772210720,30347312.0000000000,90
850,200,0.3766913065,30347312.0000000000,84
850,201,0.3578185812,27355696.0000000000,34
850,202,0.3587866171,27355696.0000000000,43
850,203,0.3571877157,27355696.0000000000,24
850,204,0.3774578135,30347312.0000000000,82
850,205,0.3772229868,30347312.0000000000,79
850,206,0.3766023501,30347312.0000000000,75
850,207,0.3766970925,30347312.0000000000,95
850,208,0.3778063823,30347312.0000000000,72
850,209,0.3750262382,30347312.0000000000,94
850,210,0.3766269694,30347312.0000000000,81
850,211,0.3771179909,30347312.0000000000,11
850,212,0.3774211298,30347312.0000000000,56
850,213,0.3578096699,27355696.0000000000,39
850,214,0.3578735185,27355696.0000000000,40
850,215,0.3580382641,27355696.0000000000,15
850,216,0.3771633428,30347312.0000000000,63
850,217,0.3772558020,30347312.0000000000,98
850,218,0.3769111114,30347312.0000000000,85
850,219,0.3779376310,30347312.0000000000,83
850,220,0.3770021562,30347312.0000000000,78
850,221,0.3762691130,30347312.0000000000,93
850,222,0.3765688859,30347312.0000000000,81
850,223,0.3766825890,30347312.0000000000,12
850,224,0.3764359183,30347312.0000000000,86
850,225,0.3586184267,27355696.0000000000,38
850,226,0.3577302137,27355696.0000000000,14
850,227,0.3579229042,27355696.0000000000,23
850,228,0.3781303870,30347312.0000000000,80
850,229,0.3771071566,30347312.0000000000,79
850,230,0.3773859861,30347312.0000000000,1
850,231,0.3775001526,30347312.0000000000,64
850,232,0.3778635911,30347312.0000000000,80
850,233,0.3659279175,30347312.0000000000,96
850,234,0.3773782063,30347312.0000000000,62
850,235,0.3774516390,30347312.0000000000,4
850,236,0.3769174053,30347312.0000000000,2
850,237,0.3578202750,27355696.0000000000,1
850,238,0.3569447193,27355696.0000000000,49
850,239,0.3574807003,27355696.0000000000,47
850,240,0.3750958978,30347312.0000000000,94
850,241,0.3771763815,30347312.0000000000,8
850,242,0.3766917101,30347312.0000000000,84
850,243,0.3773925358,30347312.0000000000,1
850,244,0.3768970363,30347312.0000000000,97
850,245,0.3767988162,30347312.0000000000,85
850,246,0.3778094683,30347312.0000000000,67
850,247,0.3755406610,30347312.0000000000,91
850,248,0.3759900267,30347312.0000000000,58
850,249,0.3567719551,27355696.0000000000,0
850,250,0.3569556623,27355696.0000000000,25
850,251,0.3586265977,27355696.0000000000,45
850,252,0.3777916377,30347312.0000000000,67
850,253,0.3657197243,30347312.0000000000,99
850,254,0.3655052473,30347312.0000000000,99
850,255,0.3765695793,30347312.0000000000,73
850,256,0.3775373876,30347312.0000000000,68
850,257,0.3760306607,30347312.0000000000,89
850,258,0.3766812695,30347312.0000000000,88
850,259,0.3759381732,30347312.0000000000,89
850,260,0.3763446727,30347312.0000000000,77
850,261,0.3578871541,27355696.0000000000,22
850,262,0.3597327433,27355696.0000000000,48
850,263,0.3579530415,27355696.0000000000,27
850,264,0.3764122606,30347312.0000000000,77
850,265,0.3765438624,30347312.0000000000,73
850,266,0.3769526962,30347312.0000000000,70
850,267,0.3761792745,30347312.0000000000,0
850,268,0.3761263050,30347312.0000000000,0
850,269,0.3768608948,30347312.0000000000,78
850,270,0.3774898478,30347312.0000000000,82
850,271,0.3778334007,30347312.0000000000,80
850,272,0.3775417461,30347312.0000000000,69
850,273,0.3587677132,27355696.0000000000,30
850,274,0.3583348701,27355696.0000000000,55
850,275,0.3578043310,27355696.0000000000,50
900,0,0.1140195310,154222960.0000000000,79
900,1,0.1137579150,151424240.0000000000,80
900,2,0.1066231410,143921648.0000000000,78
900,3,0.0966687380,134213856.0000000000,75
900,4,0.0979764750,135277344.0000000000,74
900,5,0.1011834720,137809520.0000000000,72
900,6,0.1011142800,137863600.0000000000,76
900,7,0.1037448870,140899104.0000000000,73
900,8,0.1199273470,157371424.0000000000,77
900,9,0.1195255730,152300640.0000000000,82
900,10,0.1177599220,151502528.0000000000,81
900,11,0.1121729340,147654544.0000000000,83
900,12,0.1793889050,239607088.0000000000,12
900,13,0.1846524680,241521984.0000000000,9
900,14,0.1927211340,245943968.0000000000,33
900,15,0.2025811420,253744000.0000000000,32
900,16,0.2073649820,257841104.0000000000,51
900,17,0.2115177640,260770768.0000000000,47
900,18,0.2116075590,261002928.0000000000,26
900,19,0.2129248300,263260400.0000000000,45
900,20,0.2013299840,253991504.0000000000,19
900,21,0.1708633480,220219072.0000000000,64
900,22,0.1653133330,217164384.0000000000,68
900,23,0.1627311380,216160352.0000000000,71
900,24,0.1766943660,239976384.0000000000,42
900,25,0.1764601440,240062880.0000000000,2
900,26,0.1766674500,240062720.0000000000,18
900,27,0.1765140660,240064304.0000000000,34
900,28,0.1767186380,240061984.0000000000,13
900,29,0.1763737820,240064480.0000000000,15
900,30,0.1764300810,240062848.0000000000,55
900,31,0.1763684550,240064944.0000000000,44
900,32,0.1764930630,240063552.0000000000,36
900,33,0.1597761240,216098480.0000000000,70
900,34,0.1596410690,216101552.0000000000,58
900,35,0.1598442230,216012576.0000000000,66
900,36,0.1763762460,239972224.0000000000,22
900,37,0.1764732470,240063200.0000000000,20
900,38,0.1764243250,240066256.0000000000,6
900,39,0.1764866560,240062144.0000000000,7
900,40,0.1762883610,240061264.0000000000,27
900,41,0.1767702800,240065248.0000000000,17
900,42,0.1762521660,240063168.0000000000,54
900,43,0.1765226240,240064336.0000000000,3
900,44,0.1767479350,240061984.0000000000,29
900,45,0.1598165240,216100752.0000000000,67
900,46,0.1597910220,216100720.0000000000,65
900,47,0.1596489750,216010848.0000000000,59
900,48,0.1764987360,239974480.0000000000,41
900,49,0.1764303050,240065200.0000000000,35
900,50,0.1765721590,240061856.0000000000,4
900,51,0.1766408350,240063344.0000000000,5
900,52,0.1766026930,240061312.0000000000,37
900,53,0.1763821570,240064864.0000000000,8
900,54,0.1766284910,240062192.0000000000,11
900,55,0.1763643960,240061744.0000000000,23
900,56,0.1764983250,240065200.0000000000,21
900,57,0.1597116160,216101552.0000000000,56
900,58,0.1597153540,216097088.0000000000,61
900,59,0.1596351380,216012048.0000000000,57
900,60,0.1763399080,239977840.0000000000,16
900,61,0.1764137090,240101952.0000000000,53
900,62,0.1763667230,240096304.0000000000,24
900,63,0.1765801210,240102160.0000000000,28
900,64,0.1766436840,240092192.0000000000,38
900,65,0.1764600100,240104704.0000000000,14
900,66,0.1763983330,240097568.0000000000,40
900,67,0.1767420430,240103392.0000000000,30
900,68,0.1766838950,240097312.0000000000,48
900,69,0.1597499350,216135440.0000000000,1
900,70,0.1600280900,216131008.0000000000,62
900,71,0.1596061910,216014816.0000000000,63
900,72,0.1763631520,239675056.0000000000,52
900,73,0.1764831260,240030160.0000000000,49
900,74,0.1767123070,240032864.0000000000,39
900,75,0.1766635950,240024816.0000000000,43
900,76,0.1767631980,240033504.0000000000,25
900,77,0.1765719800,240015712.0000000000,50
900,78,0.1763353210,240019216.0000000000,46
900,79,0.1763899200,240031040.0000000000,10
900,80,0.1768220670,240032320.0000000000,31
900,81,0.1599306700,216066736.0000000000,69
900,82,0.1598779790,216061712.0000000000,60
900,83,0.1595770200,215710944.0000000000,0
900,84,0.0595489240,89715312.0000000000,92
900,85,0.0596790130,89814352.0000000000,84
900,86,0.0594557220,89827872.0000000000,89
900,87,0.0595116080,89816576.0000000000,88
900,88,0.0595158350,89821696.0000000000,85
900,89,0.0594935730,89820096.0000000000,90
900,90,0.0595573840,89830016.0000000000,87
900,91,0.0596033140,89819360.0000000000,86
900,92,0.0594310530,89820592.0000000000,91
900,93,0.0554869490,80886912.0000000000,93
900,94,0.0554302290,80893472.0000000000,94
900,95,0.0554542550,80767760.0000000000,95
900,96,0.0115144790,30347312.0000000000,88
900,97,0.0115712560,30347312.0000000000,76
900,98,0.0115266570,30347312.0000000000,87
900,99,0.0115170170,30347312.0000000000,86
900,100,0.0112432950,30347312.0000000000,96
900,101,0.0115950860,30347312.0000000000,98
900,102,0.0115671480,30347312.0000000000,83
900,103,0.0115200210,30347312.0000000000,98
900,104,0.0115333370,30347312.0000000000,85
900,105,0.0109728520,27355696.0000000000,37
900,106,0.0109441130,27355696.0000000000,21
900,107,0.0109218630,27355696.0000000000,54
900,108,0.0115186650,30347312.0000000000,79
900,109,0.0115817830,30347312.0000000000,74
900,110,0.0115679660,30347312.0000000000,65
900,111,0.0115121470,30347312.0000000000,58
900,112,0.0112210020,30347312.0000000000,99
900,113,0.0115285530,30347312.0000000000,81
900,114,0.0115490590,30347312.0000000000,95
900,115,0.0112087180,30347312.0000000000,96
900,116,0.0115047620,30347312.0000000000,57
900,117,0.0109384050,27355696.0000000000,33
900,118,0.0109582430,27355696.0000000000,52
900,119,0.0109922290,27355696.0000000000,44
900,120,0.0115790490,30347312.0000000000,72
900,121,0.0115440540,30347312.0000000000,83
900,122,0.0115247690,30347312.0000000000,90
900,123,0.0115852210,30347312.0000000000,72
900,124,0.0114969550,30347312.0000000000,89
900,125,0.0115589240,30347312.0000000000,65
900,126,0.0112145590,30347312.0000000000,99
900,127,0.0115082210,30347312.0000000000,61
900,128,0.0114893850,30347312.0000000000,87
900,129,0.0109712610,27355696.0000000000,18
900,130,0.0109803360,27355696.0000000000,32
900,131,0.0109846670,27355696.0000000000,31
900,132,0.0112239890,30347312.0000000000,96
900,133,0.0115518830,30347312.0000000000,68
900,134,0.0115441520,30347312.0000000000,66
900,135,0.0114893130,30347312.0000000000,91
900,136,0.0115592410,30347312.0000000000,64
900,137,0.0115607260,30347312.0000000000,73
900,138,0.0115019320,30347312.0000000000,77
900,139,0.0115556140,30347312.0000000000,62
900,140,0.0115233980,30347312.0000000000,84
900,141,0.0109726730,27355696.0000000000,28
900,142,0.0109573000,27355696.0000000000,35
900,143,0.0109369720,27355696.0000000000,36
900,144,0.0115347190,30347312.0000000000,57
900,145,0.0115362060,30347312.0000000000,60
900,146,0.0115155240,30347312.0000000000,87
900,147,0.0115431170,30347312.0000000000,59
900,148,0.0115588860,30347312.0000000000,97
900,149,0.0115422910,30347312.0000000000,76
900,150,0.0115318530,30347312.0000000000,97
900,151,0.0115480430,30347312.0000000000,7
900,152,0.0115409630,30347312.0000000000,71
900,153,0.0109534490,27355696.0000000000,16
900,154,0.0109437220,27355696.0000000000,20
900,155,0.0110252360,27355696.0000000000,17
900,156,0.0116064620,30347312.0000000000,74
900,157,0.0115348990,30347312.0000000000,97
900,158,0.0115271940,30347312.0000000000,88
900,159,0.0115588620,30347312.0000000000,5
900,160,0.0115185500,30347312.0000000000,86
900,161,0.0115611620,30347312.0000000000,92
900,162,0.0115554630,30347312.0000000000,60
900,163,0.0115463120,30347312.0000000000,98
900,164,0.0115171520,30347312.0000000000,76
900,165,0.0109595690,27355696.0000000000,41
900,166,0.0110184060,27355696.0000000000,13
900,167,0.0109433330,27355696.0000000000,51
900,168,0.0115368830,30347312.0000000000,71
900,169,0.0115395290,30347312.0000000000,10
900,170,0.0115535270,30347312.0000000000,92
900,171,0.0115322570,30347312.0000000000,9
900,172,0.0115447630,30347312.0000000000,66
900,173,0.0115133680,30347312.0000000000,59
900,174,0.0114762040,30347312.0000000000,91
900,175,0.0115578560,30347312.0000000000,69
900,176,0.0115344290,30347312.0000000000,70
900,177,0.0109783630,27355696.0000000000,26
900,178,0.0109495270,27355696.0000000000,53
900,179,0.0109989050,27355696.0000000000,29
900,180,0.0115741030,30347312.0000000000,6
900,181,0.0115468620,30347312.0000000000,90
900,182,0.0115471660,30347312.0000000000,63
900,183,0.0114915590,30347312.0000000000,61
900,184,0.0115348790,30347312.0000000000,78
900,185,0.0115430320,30347312.0000000000,75
900,186,0.0114868760,30347312.0000000000,93
900,187,0.0115558070,30347312.0000000000,82
900,188,0.0115637410,30347312.0000000000,3
900,189,0.0109707320,27355696.0000000000,19
900,190,0.0109183280,27355696.0000000000,46
900,191,0.0109843470,27355696.0000000000,42
900,192,0.0115283070,30347312.0000000000,56
900,193,0.0115017360,30347312.0000000000,95
900,194,0.0114986820,30347312.0000000000,93
900,195,0.0115778480,30347312.0000000000,74
900,196,0.0115627340,30347312.0000000000,92
900,197,0.0116214880,30347312.0000000000,94
900,198,0.0115242340,30347312.0000000000,75
900,199,0.0115505790,30347312.0000000000,90
900,200,0.0115319570,30347312.0000000000,84
900,201,0.0109419400,27355696.0000000000,34
900,202,0.0109897970,27355696.0000000000,43
900,203,0.0109225050,27355696.0000000000,24
900,204,0.0115561670,30347312.0000000000,82
900,205,0.0115482800,30347312.0000000000,79
900,206,0.0115257270,30347312.0000000000,75
900,207,0.0115315320,30347312.0000000000,95
900,208,0.0115437340,30347312.0000000000,72
900,209,0.0114977880,30347312.0000000000,94
900,210,0.0115298250,30347312.0000000000,81
900,211,0.0115449110,30347312.0000000000,11
900,212,0.0115520040,30347312.0000000000,56
900,213,0.0109513620,27355696.0000000000,39
900,214,0.0109484970,27355696.0000000000,40
900,215,0.0109617160,27355696.0000000000,15
900,216,0.0115258260,30347312.0000000000,63
900,217,0.0115356390,30347312.0000000000,98
900,218,0.0115519040,30347312.0000000000,85
900,219,0.0115753860,30347312.0000000000,83
900,220,0.0115354290,30347312.0000000000,78
900,221,0.0115023980,30347312.0000000000,93
900,222,0.0115395540,30347312.0000000000,81
900,223,0.0115169080,30347312.0000000000,12
900,224,0.0115255320,30347312.0000000000,86
900,225,0.0109715890,27355696.0000000000,38
900,226,0.0109434290,27355696.0000000000,14
900,227,0.0109517460,27355696.0000000000,23
900,228,0.0115645120,30347312.0000000000,80
900,229,0.0115378310,30347312.0000000000,79
900,230,0.0115472600,30347312.0000000000,1
900,231,0.0115465170,30347312.0000000000,64
900,232,0.0115613780,30347312.0000000000,80
900,233,0.0111918860,30347312.0000000000,96
900,234,0.0115678880,30347312.0000000000,62
900,235,0.0115372830,30347312.0000000000,4
900,236,0.0115316590,30347312.0000000000,2
900,237,0.0109390330,27355696.0000000000,1
900,238,0.0109369920,27355696.0000000000,49
900,239,0.0109421840,27355696.0000000000,47
900,240,0.0114886020,30347312.0000000000,94
900,241,0.0115203340,30347312.0000000000,8
900,242,0.0115405820,30347312.0000000000,84
900,243,0.0115374280,30347312.0000000000,1
900,244,0.0115394090,30347312.0000000000,97
900,245,0.0115484770,30347312.0000000000,85
900,246,0.0115647400,30347312.0000000000,67
900,247,0.0115071050,30347312.0000000000,91
900,248,0.0115244300,30347312.0000000000,58
900,249,0.0109286730,27355696.0000000000,0
900,250,0.0109261620,27355696.0000000000,25
900,251,0.0109977800,27355696.0000000000,45
900,252,0.0115574290,30347312.0000000000,67
900,253,0.0111801730,30347312.0000000000,99
900,254,0.0111860730,30347312.0000000000,99
900,255,0.0115275410,30347312.0000000000,73
900,256,0.0115585340,30347312.0000000000,68
900,257,0.0114966430,30347312.0000000000,89
900,258,0.0115316030,30347312.0000000000,88
900,259,0.0115100210,30347312.0000000000,89
900,260,0.0115218730,30347312.0000000000,77
900,261,0.0109574480,27355696.0000000000,22
900,262,0.0109739740,27355696.0000000000,48
900,263,0.0109653490,27355696.0000000000,27
900,264,0.0115176230,30347312.0000000000,77
900,265,0.0115227200,30347312.0000000000,73
900,266,0.0115290590,30347312.0000000000,70
900,267,0.0114792980,30347312.0000000000,0
900,268,0.0115067410,30347312.0000000000,0
900,269,0.0115473600,30347312.0000000000,78
900,270,0.0115487320,30347312.0000000000,82
900,271,0.0115762760,30347312.0000000000,80
900,272,0.0115560330,30347312.0000000000,69
900,273,0.0109749290,27355696.0000000000,30
900,274,0.0109718220,27355696.0000000000,55
900,275,0.0109680610,27355696.0000000000,50
950,0,3.6742904225,153651728.0000000000,79
950,1,3.6453366329,150773712.0000000000,80
950,2,3.4201496123,143204144.0000000000,78
950,3,3.0849725729,133808432.0000000000,75
950,4,3.1517102684,134465008.0000000000,74
950,5,3.2538866794,137425104.0000000000,72
950,6,3.2554825671,138079456.0000000000,76
950,7,3.3366778981,140800400.0000000000,73
950,8,3.8547033454,156116880.0000000000,77
950,9,3.8644677773,152999968.0000000000,82
950,10,3.8265435662,152552864.0000000000,81
950,11,3.6244188442,148160336.0000000000,83
950,12,5.7765154424,239580592.0000000000,12
950,13,5.9594728863,241721792.0000000000,9
950,14,6.2208494930,246627616.0000000000,33
950,15,6.5377563381,253711056.0000000000,32
950,16,6.6745720984,256978192.0000000000,51
950,17,6.8093904633,260356672.0000000000,47
950,18,6.8193929033,261174176.0000000000,26
950,19,6.8717059404,263925232.0000000000,45
950,20,6.5172470399,255771856.0000000000,19
950,21,5.5239994647,220789152.0000000000,64
950,22,5.3307631158,217324880.0000000000,68
950,23,5.2417282092,216199840.0000000000,71
950,24,5.6845584299,239977328.0000000000,42
950,25,5.6796912922,240062176.0000000000,2
950,26,5.6852720696,240064016.0000000000,18
950,27,5.6801357641,240061504.0000000000,34
950,28,5.6825985435,240062960.0000000000,13
950,29,5.6779996018,240063184.0000000000,15
950,30,5.6777343726,240064736.0000000000,55
950,31,5.6788521061,240063296.0000000000,44
950,32,5.6799539738,240063744.0000000000,36
950,33,5.1441340597,216098576.0000000000,70
950,34,5.1384908098,216099440.0000000000,58
950,35,5.1420170421,216012992.0000000000,66
950,36,5.6772165372,239971216.0000000000,22
950,37,5.6795420351,240062064.0000000000,20
950,38,5.6810159209,240062096.0000000000,6
950,39,5.6779073036,240067264.0000000000,7
950,40,5.6769854103,240065024.0000000000,27
950,41,5.6843886271,240057888.0000000000,17
950,42,5.6773614046,240066096.0000000000,54
950,43,5.6776345162,240061728.0000000000,3
950,44,5.6865248937,240065152.0000000000,29
950,45,5.1453718598,216101584.0000000000,67
950,46,5.1447328149,216100560.0000000000,65
950,47,5.1390282384,216010768.0000000000,59
950,48,5.6792294695,239975248.0000000000,41
950,49,5.6801320912,240065200.0000000000,35
950,50,5.6824166052,240064528.0000000000,4
950,51,5.6792614850,240063264.0000000000,5
950,52,5.6835297651,240061328.0000000000,37
950,53,5.6803156216,240067376.0000000000,8
950,54,5.6798361829,240061056.0000000000,11
950,55,5.6776973990,240064560.0000000000,23
950,56,5.6785528814,240064128.0000000000,21
950,57,5.1424543298,216102272.0000000000,56
950,58,5.1397681519,216098496.0000000000,61
950,59,5.1376939954,216006944.0000000000,57
950,60,5.6768835933,239986800.0000000000,16
950,61,5.6789985435,240106752.0000000000,53
950,62,5.6786640812,240108656.0000000000,24
950,63,5.6835548842,240107088.0000000000,28
950,64,5.6851441709,240105632.0000000000,38
950,65,5.6833994898,240114384.0000000000,14
950,66,5.6778665377,240099472.0000000000,40
950,67,5.6841748573,240119184.0000000000,30
950,68,5.6874245064,240104176.0000000000,48
950,69,5.1418996620,216140352.0000000000,1
950,70,5.1466502444,216140032.0000000000,62
950,71,5.1393598879,216019328.0000000000,63
950,72,5.6675525529,239650224.0000000000,52
950,73,5.6803046757,240020928.0000000000,49
950,74,5.6864146444,240019328.0000000000,39
950,75,5.6846163337,240014800.0000000000,43
950,76,5.6825935049,240024512.0000000000,25
950,77,5.6820006956,240010160.0000000000,50
950,78,5.6772720543,240009056.0000000000,46
950,79,5.6807200556,240025808.0000000000,10
950,80,5.6900445513,240023024.0000000000,31
950,81,5.1494196793,216065488.0000000000,69
950,82,5.1476382075,216047456.0000000000,60
950,83,5.1359876852,215688240.0000000000,0
950,84,1.9216310786,89707920.0000000000,92
950,85,1.9200554621,89816416.0000000000,84
950,86,1.9193620461,89831376.0000000000,89
950,87,1.9198994355,89818096.0000000000,88
950,88,1.9201532059,89822928.0000000000,85
950,89,1.9205447750,89817376.0000000000,90
950,90,1.9208736923,89833152.0000000000,87
950,91,1.9198171298,89819632.0000000000,86
950,92,1.9185124047,89816336.0000000000,91
950,93,1.7906285977,80886368.0000000000,93
950,94,1.7898960068,80896752.0000000000,94
950,95,1.7894342146,80761296.0000000000,95
950,96,0.3768706574,30347312.0000000000,88
950,97,0.3771001203,30347312.0000000000,76
950,98,0.3763210305,30347312.0000000000,87
950,99,0.3764634248,30347312.0000000000,86
950,100,0.3669118829,30347312.0000000000,96
950,101,0.3782173981,30347312.0000000000,98
950,102,0.3778220183,30347312.0000000000,83
950,103,0.3774210046,30347312.0000000000,98
950,104,0.3770474973,30347312.0000000000,85
950,105,0.3587109049,27355696.0000000000,37
950,106,0.3578548657,27355696.0000000000,21
950,107,0.3571536422,27355696.0000000000,54
950,108,0.3770852137,30347312.0000000000,79
950,109,0.3783685457,30347312.0000000000,74
950,110,0.3779854719,30347312.0000000000,65
950,111,0.3760842994,30347312.0000000000,58
950,112,0.3666842639,30347312.0000000000,99
950,113,0.3768780312,30347312.0000000000,81
950,114,0.3768285624,30347312.0000000000,95
950,115,0.3658812331,30347312.0000000000,96
950,116,0.3770519085,30347312.0000000000,57
950,117,0.3578944695,27355696.0000000000,33
950,118,0.3589180929,27355696.0000000000,52
950,119,0.3583928532,27355696.0000000000,44
950,120,0.3780030433,30347312.0000000000,72
950,121,0.3778534038,30347312.0000000000,83
950,122,0.3772910677,30347312.0000000000,90
950,123,0.3779711653,30347312.0000000000,72
950,124,0.3760174443,30347312.0000000000,89
950,125,0.3778632463,30347312.0000000000,65
950,126,0.3657270259,30347312.0000000000,99
950,127,0.3764504126,30347312.0000000000,61
950,128,0.3762619237,30347312.0000000000,87
950,129,0.3582986967,27355696.0000000000,18
950,130,0.3587601700,27355696.0000000000,32
950,131,0.3585956103,27355696.0000000000,31
950,132,0.3659412018,30347312.0000000000,96
950,133,0.3775849571,30347312.0000000000,68
950,134,0.3771464825,30347312.0000000000,66
950,135,0.3756692657,30347312.0000000000,91
950,136,0.3776037201,30347312.0000000000,64
950,137,0.3767470092,30347312.0000000000,73
950,138,0.3763838641,30347312.0000000000,77
950,139,0.3774325132,30347312.0000000000,62
950,140,0.3766812940,30347312.0000000000,84
950,141,0.3586337353,27355696.0000000000,28
950,142,0.3574578661,27355696.0000000000,35
950,143,0.3575298653,27355696.0000000000,36
950,144,0.3767658783,30347312.0000000000,57
950,145,0.3769930582,30347312.0000000000,60
950,146,0.3763045072,30347312.0000000000,87
950,147,0.3774978882,30347312.0000000000,59
950,148,0.3774551958,30347312.0000000000,97
950,149,0.3771661761,30347312.0000000000,76
950,150,0.3768128732,30347312.0000000000,97
950,151,0.3778231542,30347312.0000000000,7
950,152,0.3770290630,30347312.0000000000,71
950,153,0.3574034771,27355696.0000000000,16
950,154,0.3573599260,27355696.0000000000,20
950,155,0.3593089938,27355696.0000000000,17
950,156,0.3784164369,30347312.0000000000,74
950,157,0.3768126670,30347312.0000000000,97
950,158,0.3768325746,30347312.0000000000,88
950,159,0.3770061374,30347312.0000000000,5
950,160,0.3764636345,30347312.0000000000,86
950,161,0.3776635803,30347312.0000000000,92
950,162,0.3769807994,30347312.0000000000,60
950,163,0.3773880960,30347312.0000000000,98
950,164,0.3771151158,30347312.0000000000,76
950,165,0.3578047157,27355696.0000000000,41
950,166,0.3592529356,27355696.0000000000,13
950,167,0.3571257151,27355696.0000000000,51
950,168,0.3770141721,30347312.0000000000,71
950,169,0.3775451117,30347312.0000000000,10
950,170,0.3776088819,30347312.0000000000,92
950,171,0.3762797968,30347312.0000000000,9
950,172,0.3770104334,30347312.0000000000,66
950,173,0.3772797618,30347312.0000000000,59
950,174,0.3755705450,30347312.0000000000,91
950,175,0.3776895613,30347312.0000000000,69
950,176,0.3770750499,30347312.0000000000,70
950,177,0.3586670898,27355696.0000000000,26
950,178,0.3576219454,27355696.0000000000,53
950,179,0.3593447219,27355696.0000000000,29
950,180,0.3781434685,30347312.0000000000,6
950,181,0.3773017116,30347312.0000000000,90
950,182,0.3772088297,30347312.0000000000,63
950,183,0.3764131395,30347312.0000000000,61
950,184,0.3770092818,30347312.0000000000,78
950,185,0.3769761632,30347312.0000000000,75
950,186,0.3764429273,30347312.0000000000,93
950,187,0.3776244918,30347312.0000000000,82
950,188,0.3772776424,30347312.0000000000,3
950,189,0.3576434317,27355696.0000000000,19
950,190,0.3568197643,27355696.0000000000,46
950,191,0.3595770883,27355696.0000000000,42
950,192,0.3777090993,30347312.0000000000,56
950,193,0.3766285742,30347312.0000000000,95
950,194,0.3761688988,30347312.0000000000,93
950,195,0.3782339133,30347312.0000000000,74
950,196,0.3775904801,30347312.0000000000,92
950,197,0.3753105621,30347312.0000000000,94
950,198,0.3767893950,30347312.0000000000,75
950,199,0.3772373394,30347312.0000000000,90
950,200,0.3767258915,30347312.0000000000,84
950,201,0.3578477716,27355696.0000000000,34
950,202,0.3588215077,27355696.0000000000,43
950,203,0.3571851969,27355696.0000000000,24
950,204,0.3774140721,30347312.0000000000,82
950,205,0.3772950894,30347312.0000000000,79
950,206,0.3767940009,30347312.0000000000,75
950,207,0.3766149530,30347312.0000000000,95
950,208,0.3779484760,30347312.0000000000,72
950,209,0.3749778671,30347312.0000000000,94
950,210,0.3768896695,30347312.0000000000,81
950,211,0.3771346586,30347312.0000000000,11
950,212,0.3773629669,30347312.0000000000,56
950,213,0.3578435785,27355696.0000000000,39
950,214,0.3578959616,27355696.0000000000,40
950,215,0.3580248732,27355696.0000000000,15
950,216,0.3770670694,30347312.0000000000,63
950,217,0.3773550445,30347312.0000000000,98
950,218,0.3769706329,30347312.0000000000,85
950,219,0.3779027048,30347312.0000000000,83
950,220,0.3770141782,30347312.0000000000,78
950,221,0.3762435263,30347312.0000000000,93
950,222,0.3765530076,30347312.0000000000,81
950,223,0.3766876725,30347312.0000000000,12
950,224,0.3765292195,30347312.0000000000,86
950,225,0.3586221142,27355696.0000000000,38
950,226,0.3578359331,27355696.0000000000,14
950,227,0.3577836876,27355696.0000000000,23
950,228,0.3780558405,30347312.0000000000,80
950,229,0.3770335398,30347312.0000000000,79
950,230,0.3772750193,30347312.0000000000,1
950,231,0.3773960677,30347312.0000000000,64
950,232,0.3779875357,30347312.0000000000,80
950,233,0.3658718581,30347312.0000000000,96
950,234,0.3773938645,30347312.0000000000,62
950,235,0.3774938968,30347312.0000000000,4
950,236,0.3768989609,30347312.0000000000,2
950,237,0.3578341984,27355696.0000000000,1
950,238,0.3570579360,27355696.0000000000,49
950,239,0.3574719765,27355696.0000000000,47
950,240,0.3751072762,30347312.0000000000,94
950,241,0.3771582291,30347312.0000000000,8
950,242,0.3767020647,30347312.0000000000,84
950,243,0.3772842874,30347312.0000000000,1
950,244,0.3767974169,30347312.0000000000,97
950,245,0.3769777867,30347312.0000000000,85
950,246,0.3778354317,30347312.0000000000,67
950,247,0.3754867045,30347312.0000000000,91
950,248,0.3762054754,30347312.0000000000,58
950,249,0.3566925180,27355696.0000000000,0
950,250,0.3569952306,27355696.0000000000,25
950,251,0.3587228344,27355696.0000000000,45
950,252,0.3778782397,30347312.0000000000,67
950,253,0.3657425892,30347312.0000000000,99
950,254,0.3656528018,30347312.0000000000,99
950,255,0.3765255363,30347312.0000000000,73
950,256,0.3774592874,30347312.0000000000,68
950,257,0.3758012207,30347312.0000000000,89
950,258,0.3766762058,30347312.0000000000,88
950,259,0.3758920753,30347312.0000000000,89
950,260,0.3764975201,30347312.0000000000,77
950,261,0.3578622602,27355696.0000000000,22
950,262,0.3596788864,27355696.0000000000,48
950,263,0.3579932424,27355696.0000000000,27
950,264,0.3763257962,30347312.0000000000,77
950,265,0.3766021721,30347312.0000000000,73
950,266,0.3770120502,30347312.0000000000,70
950,267,0.3762153089,30347312.0000000000,0
950,268,0.3761608237,30347312.0000000000,0
950,269,0.3770221272,30347312.0000000000,78
950,270,0.3775557416,30347312.0000000000,82
950,271,0.3778611184,30347312.0000000000,80
950,272,0.3775851028,30347312.0000000000,69
950,273,0.3586973490,27355696.0000000000,30
950,274,0.3583180418,27355696.0000000000,55
950,275,0.3577158292,27355696.0000000000,50
1000,0,0.1140792030,152921552.0000000000,79
1000,1,0.1127999500,149772880.0000000000,80
1000,2,0.1042754160,141721024.0000000000,78
1000,3,0.0959036500,133678992.0000000000,75
1000,4,0.0962203310,133718384.0000000000,74
1000,5,0.0992294170,136897632.0000000000,72
1000,6,0.1006759990,138302224.0000000000,76
1000,7,0.1038388340,140604000.0000000000,73
1000,8,0.1160215800,153014384.0000000000,77
1000,9,0.1217180230,153542720.0000000000,82
1000,10,0.1208514300,153613168.0000000000,81
1000,11,0.1138532920,148689312.0000000000,83
1000,12,0.1802719920,239583936.0000000000,12
1000,13,0.1866007460,242062720.0000000000,9
1000,14,0.1965358250,247932528.0000000000,33
1000,15,0.2044442570,253797184.0000000000,32
1000,16,0.2072082940,256139376.0000000000,51
1000,17,0.2112963240,259821088.0000000000,47
1000,18,0.2131486910,261337008.0000000000,26
1000,19,0.2149640000,264132688.0000000000,45
1000,20,0.2081632980,258983568.0000000000,19
1000,21,0.1740294050,221816192.0000000000,64
1000,22,0.1666188470,217572624.0000000000,68
1000,23,0.1635144760,216268496.0000000000,71
1000,24,0.1765959600,239971760.0000000000,42
1000,25,0.1764405860,240061856.0000000000,2
1000,26,0.1767419680,240062768.0000000000,18
1000,27,0.1764930720,240067408.0000000000,34
1000,28,0.1765918270,240060384.0000000000,13
1000,29,0.1763811790,240066736.0000000000,15
1000,30,0.1766320110,240061312.0000000000,55
1000,31,0.1764818430,240060208.0000000000,44
1000,32,0.1764604920,240059264.0000000000,36
1000,33,0.1597679190,216099408.0000000000,70
1000,34,0.1596662660,216100208.0000000000,58
1000,35,0.1597670140,216011232.0000000000,66
1000,36,0.1763764730,239976416.0000000000,22
1000,37,0.1765482870,240060208.0000000000,20
1000,38,0.1764733840,240060528.0000000000,6
1000,39,0.1763686510,240064928.0000000000,7
1000,40,0.1764984720,240064192.0000000000,27
1000,41,0.1767409630,240056800.0000000000,17
1000,42,0.1763730510,240066064.0000000000,54
1000,43,0.1763274880,240063264.0000000000,3
1000,44,0.1766737050,240063920.0000000000,29
1000,45,0.1598021000,216102496.0000000000,67
1000,46,0.1598596440,216098096.0000000000,65
1000,47,0.1596683380,216005712.0000000000,59
1000,48,0.1764037780,239971104.0000000000,41
1000,49,0.1765062390,240063840.0000000000,35
1000,50,0.1766405380,240062592.0000000000,4
1000,51,0.1764057500,240065024.0000000000,5
1000,52,0.1765177160,240065088.0000000000,37
1000,53,0.1765252680,240061984.0000000000,8
1000,54,0.1766361740,240064976.0000000000,11
1000,55,0.1765621120,240063888.0000000000,23
1000,56,0.1764113410,240062112.0000000000,21
1000,57,0.1597490430,216102832.0000000000,56
1000,58,0.1597613520,216100512.0000000000,61
1000,59,0.1595990140,216008992.0000000000,57
1000,60,0.1764498110,239991424.0000000000,16
1000,61,0.1765720130,240122096.0000000000,53
1000,62,0.1764504400,240116880.0000000000,24
1000,63,0.1765325620,240116048.0000000000,28
1000,64,0.1768438450,240111904.0000000000,38
1000,65,0.1765901340,240122096.0000000000,14
1000,66,0.1764200500,240111456.0000000000,40
1000,67,0.1766416130,240125792.0000000000,30
1000,68,0.1766887550,240117728.0000000000,48
1000,69,0.1597710680,216147104.0000000000,1
1000,70,0.1598558570,216147200.0000000000,62
1000,71,0.1596716610,216022560.0000000000,63
1000,72,0.1757401110,239621824.0000000000,52
1000,73,0.1765033870,240010880.0000000000,49
1000,74,0.1766120050,240006048.0000000000,39
1000,75,0.1766814940,240001392.0000000000,43
1000,76,0.1765802100,240018512.0000000000,25
1000,77,0.1766046650,240003248.0000000000,50
1000,78,0.1763599170,239999072.0000000000,46
1000,79,0.1764328110,240017216.0000000000,10
1000,80,0.1769325340,240009744.0000000000,31
1000,81,0.1600004190,216056592.0000000000,69
1000,82,0.1598634490,216041280.0000000000,60
1000,83,0.1596382620,215660624.0000000000,0
1000,84,0.0594510580,89702640.0000000000,92
1000,85,0.0594909860,89817696.0000000000,84
1000,86,0.0594757170,89831024.0000000000,89
1000,87,0.0595488600,89821280.0000000000,88
1000,88,0.0596046550,89822704.0000000000,85
1000,89,0.0595305540,89816320.0000000000,90
1000,90,0.0596904820,89833504.0000000000,87
1000,91,0.0595118260,89819616.0000000000,86
1000,92,0.0594588670,89817600.0000000000,91
1000,93,0.0556776380,80887824.0000000000,93
1000,94,0.0554099430,80892864.0000000000,94
1000,95,0.0556214300,80755728.0000000000,95
1000,96,0.0115239580,30347312.0000000000,88
1000,97,0.0115356260,30347312.0000000000,76
1000,98,0.0115195710,30347312.0000000000,87
1000,99,0.0115154330,30347312.0000000000,86
1000,100,0.0112594860,30347312.0000000000,96
1000,101,0.0115909670,30347312.0000000000,98
1000,102,0.0115436950,30347312.0000000000,83
1000,103,0.0115553880,30347312.0000000000,98
1000,104,0.0115225260,30347312.0000000000,85
1000,105,0.0109973910,27355696.0000000000,37
1000,106,0.0109322280,27355696.0000000000,21
1000,107,0.0109374420,27355696.0000000000,54
1000,108,0.0115296050,30347312.0000000000,79
1000,109,0.0115851390,30347312.0000000000,74
1000,110,0.0115646000,30347312.0000000000,65
1000,111,0.0115168720,30347312.0000000000,58
1000,112,0.0112113420,30347312.0000000000,99
1000,113,0.0115142360,30347312.0000000000,81
1000,114,0.0115414730,30347312.0000000000,95
1000,115,0.0112188670,30347312.0000000000,96
1000,116,0.0115376650,30347312.0000000000,57
1000,117,0.0109556910,27355696.0000000000,33
1000,118,0.0109574920,27355696.0000000000,52
1000,119,0.0109765300,27355696.0000000000,44
1000,120,0.0115914100,30347312.0000000000,72
1000,121,0.0115731700,30347312.0000000000,83
1000,122,0.0115447070,30347312.0000000000,90
1000,123,0.0115596370,30347312.0000000000,72
1000,124,0.0115151610,30347312.0000000000,89
1000,125,0.0115576200,30347312.0000000000,65
1000,126,0.0112006420,30347312.0000000000,99
1000,127,0.0114981010,30347312.0000000000,61
1000,128,0.0115140110,30347312.0000000000,87
1000,129,0.0109575970,27355696.0000000000,18
1000,130,0.0109750640,27355696.0000000000,32
1000,131,0.0109892430,27355696.0000000000,31
1000,132,0.0111926380,30347312.0000000000,96
1000,133,0.0115666490,30347312.0000000000,68
1000,134,0.0115611860,30347312.0000000000,66
1000,135,0.0115126980,30347312.0000000000,91
1000,136,0.0115421110,30347312.0000000000,64
1000,137,0.0115361020,30347312.0000000000,73
1000,138,0.0115301160,30347312.0000000000,77
1000,139,0.0115450120,30347312.0000000000,62
1000,140,0.0115274580,30347312.0000000000,84
1000,141,0.0109718600,27355696.0000000000,28
1000,142,0.0109447870,27355696.0000000000,35
1000,143,0.0109480140,27355696.0000000000,36
1000,144,0.0115377540,30347312.0000000000,57
1000,145,0.0115231190,30347312.0000000000,60
1000,146,0.0115326660,30347312.0000000000,87
1000,147,0.0115474950,30347312.0000000000,59
1000,148,0.0115544780,30347312.0000000000,97
1000,149,0.0115283130,30347312.0000000000,76
1000,150,0.0115224550,30347312.0000000000,97
1000,151,0.0115676400,30347312.0000000000,7
1000,152,0.0115370720,30347312.0000000000,71
1000,153,0.0109598300,27355696.0000000000,16
1000,154,0.0109347740,27355696.0000000000,20
1000,155,0.0109829560,27355696.0000000000,17
1000,156,0.0115737150,30347312.0000000000,74
1000,157,0.0115383240,30347312.0000000000,97
1000,158,0.0115250590,30347312.0000000000,88
1000,159,0.0115258090,30347312.0000000000,5
1000,160,0.0115233780,30347312.0000000000,86
1000,161,0.0115635260,30347312.0000000000,92
1000,162,0.0115155440,30347312.0000000000,60
1000,163,0.0115287590,30347312.0000000000,98
1000,164,0.0115483810,30347312.0000000000,76
1000,165,0.0109457700,27355696.0000000000,41
1000,166,0.0109890790,27355696.0000000000,13
1000,167,0.0109403590,27355696.0000000000,51
1000,168,0.0115560380,30347312.0000000000,71
1000,169,0.0115568140,30347312.0000000000,10
1000,170,0.0115698970,30347312.0000000000,92
1000,171,0.0114855470,30347312.0000000000,9
1000,172,0.0115295270,30347312.0000000000,66
1000,173,0.0115388280,30347312.0000000000,59
1000,174,0.0114874680,30347312.0000000000,91
1000,175,0.0115620610,30347312.0000000000,69
1000,176,0.0115446880,30347312.0000000000,70
1000,177,0.0109838810,27355696.0000000000,26
1000,178,0.0109391870,27355696.0000000000,53
1000,179,0.0109911460,27355696.0000000000,29
1000,180,0.0116017750,30347312.0000000000,6
1000,181,0.0115671020,30347312.0000000000,90
1000,182,0.0115316960,30347312.0000000000,63
1000,183,0.0115323180,30347312.0000000000,61
1000,184,0.0115354180,30347312.0000000000,78
1000,185,0.0115404820,30347312.0000000000,75
1000,186,0.0115064370,30347312.0000000000,93
1000,187,0.0115602250,30347312.0000000000,82
1000,188,0.0115314190,30347312.0000000000,3
1000,189,0.0109562850,27355696.0000000000,19
1000,190,0.0109236170,27355696.0000000000,46
1000,191,0.0110009890,27355696.0000000000,42
1000,192,0.0115770720,30347312.0000000000,56
1000,193,0.0115128500,30347312.0000000000,95
1000,194,0.0115186700,30347312.0000000000,93
1000,195,0.0115579640,30347312.0000000000,74
1000,196,0.0115722440,30347312.0000000000,92
1000,197,0.0114797350,30347312.0000000000,94
1000,198,0.0115324650,30347312.0000000000,75
1000,199,0.0115607600,30347312.0000000000,90
1000,200,0.0115385970,30347312.0000000000,84
1000,201,0.0109425840,27355696.0000000000,34
1000,202,0.0109821320,27355696.0000000000,43
1000,203,0.0109449030,27355696.0000000000,24
1000,204,0.0115330560,30347312.0000000000,82
1000,205,0.0115353260,30347312.0000000000,79
1000,206,0.0115233070,30347312.0000000000,75
1000,207,0.0115250920,30347312.0000000000,95
1000,208,0.0115520240,30347312.0000000000,72
1000,209,0.0114715980,30347312.0000000000,94
1000,210,0.0115584220,30347312.0000000000,81
1000,211,0.0115184080,30347312.0000000000,11
1000,212,0.0115442470,30347312.0000000000,56
1000,213,0.0109425940,27355696.0000000000,39
1000,214,0.0109385870,27355696.0000000000,40
1000,215,0.0109571970,27355696.0000000000,15
1000,216,0.0115441990,30347312.0000000000,63
1000,217,0.0115583350,30347312.0000000000,98
1000,218,0.0115239890,30347312.0000000000,85
1000,219,0.0115811870,30347312.0000000000,83
1000,220,0.0115094660,30347312.0000000000,78
1000,221,0.0115148120,30347312.0000000000,93
1000,222,0.0115360790,30347312.0000000000,81
1000,223,0.0115027500,30347312.0000000000,12
1000,224,0.0115275650,30347312.0000000000,86
1000,225,0.0109727430,27355696.0000000000,38
1000,226,0.0109499720,27355696.0000000000,14
1000,227,0.0109293030,27355696.0000000000,23
1000,228,0.0115623090,30347312.0000000000,80
1000,229,0.0115358460,30347312.0000000000,79
1000,230,0.0115507060,30347312.0000000000,1
1000,231,0.0115508460,30347312.0000000000,64
1000,232,0.0115753460,30347312.0000000000,80
1000,233,0.0111983090,30347312.0000000000,96
1000,234,0.0115625260,30347312.0000000000,62
1000,235,0.0115613260,30347312.0000000000,4
1000,236,0.0115322680,30347312.0000000000,2
1000,237,0.0109588520,27355696.0000000000,1
1000,238,0.0109535360,27355696.0000000000,49
1000,239,0.0109663710,27355696.0000000000,47
1000,240,0.0114717600,30347312.0000000000,94
1000,241,0.0115491990,30347312.0000000000,8
1000,242,0.0115362830,30347312.0000000000,84
1000,243,0.0115594920,30347312.0000000000,1
1000,244,0.0115272540,30347312.0000000000,97
1000,245,0.0115400510,30347312.0000000000,85
1000,246,0.0115718780,30347312.0000000000,67
1000,247,0.0114934390,30347312.0000000000,91
1000,248,0.0114950630,30347312.0000000000,58
1000,249,0.0109151690,27355696.0000000000,0
1000,250,0.0109183440,27355696.0000000000,25
1000,251,0.0109750490,27355696.0000000000,45
1000,252,0.0115736020,30347312.0000000000,67
1000,253,0.0112231370,30347312.0000000000,99
1000,254,0.0111957420,30347312.0000000000,99
1000,255,0.0115116270,30347312.0000000000,73
1000,256,0.0115730920,30347312.0000000000,68
1000,257,0.0115316240,30347312.0000000000,89
1000,258,0.0115281360,30347312.0000000000,88
1000,259,0.0115268250,30347312.0000000000,89
1000,260,0.0115074120,30347312.0000000000,77
1000,261,0.0109522500,27355696.0000000000,22
1000,262,0.0110329570,27355696.0000000000,48
1000,263,0.0109597040,27355696.0000000000,27
1000,264,0.0115098100,30347312.0000000000,77
1000,265,0.0115184380,30347312.0000000000,73
1000,266,0.0115411220,30347312.0000000000,70
1000,267,0.0115165080,30347312.0000000000,0
1000,268,0.0115040250,30347312.0000000000,0
1000,269,0.0115219510,30347312.0000000000,78
1000,270,0.0115603670,30347312.0000000000,82
1000,271,0.0115542250,30347312.0000000000,80
1000,272,0.0115589550,30347312.0000000000,69
1000,273,0.0109619920,27355696.0000000000,30
1000,274,0.0109659570,27355696.0000000000,55
1000,275,0.0109790140,27355696.0000000000,50
1050,0,3.6416898106,152192784.0000000000,79
1050,1,3.5991136931,148584624.0000000000,80
1050,2,3.3190710640,139877568.0000000000,78
1050,3,3.1042845054,134112544.0000000000,75
1050,4,3.0903494973,133296848.0000000000,74
1050,5,3.1733092710,135657696.0000000000,72
1050,6,3.2197013303,137905632.0000000000,76
1050,7,3.3341240116,140399744.0000000000,73
1050,8,3.6778400779,149637328.0000000000,77
1050,9,3.9251263114,154142592.0000000000,82
1050,10,3.8863790790,154601680.0000000000,81
1050,11,3.6690519673,149179424.0000000000,83
1050,12,5.8094224624,239575216.0000000000,12
1050,13,6.0265025050,242527072.0000000000,9
1050,14,6.3651091274,249485856.0000000000,33
1050,15,6.5902106329,253644880.0000000000,32
1050,16,6.6706078889,255543200.0000000000,51
1050,17,6.8006721156,259283088.0000000000,47
1050,18,6.8622385675,261356976.0000000000,26
1050,19,6.9276856016,264085920.0000000000,45
1050,20,6.7868907180,262346480.0000000000,19
1050,21,5.6223552558,223181920.0000000000,64
1050,22,5.3746420993,217905712.0000000000,68
1050,23,5.2700815531,216341968.0000000000,71
1050,24,5.6839765243,239968432.0000000000,42
1050,25,5.6797714821,240061808.0000000000,2
1050,26,5.6854312262,240066544.0000000000,18
1050,27,5.6797606003,240064208.0000000000,34
1050,28,5.6829514007,240062160.0000000000,13
1050,29,5.6779128003,240064608.0000000000,15
1050,30,5.6787318919,240066240.0000000000,55
1050,31,5.6788028126,240062144.0000000000,44
1050,32,5.6799985748,240062512.0000000000,36
1050,33,5.1441580639,216102288.0000000000,70
1050,34,5.1379913509,216099936.0000000000,58
1050,35,5.1413831060,216006656.0000000000,66
1050,36,5.6778370710,239977264.0000000000,22
1050,37,5.6795097156,240058320.0000000000,20
1050,38,5.6814408269,240063024.0000000000,6
1050,39,5.6780643504,240061360.0000000000,7
1050,40,5.6770196144,240068000.0000000000,27
1050,41,5.6846535434,240059872.0000000000,17
1050,42,5.6774807141,240063232.0000000000,54
1050,43,5.6770298648,240061760.0000000000,3
1050,44,5.6865720212,240060064.0000000000,29
1050,45,5.1443581260,216101408.0000000000,67
1050,46,5.1445273109,216098976.0000000000,65
1050,47,5.1387624629,216007312.0000000000,59
1050,48,5.6786537918,239972128.0000000000,41
1050,49,5.6808559293,240063264.0000000000,35
1050,50,5.6821200127,240065808.0000000000,4
1050,51,5.6790312381,240065792.0000000000,5
1050,52,5.6835940917,240058448.0000000000,37
1050,53,5.6801596180,240065808.0000000000,8
1050,54,5.6792403636,240065328.0000000000,11
1050,55,5.6777301213,240064912.0000000000,23
1050,56,5.6784134934,240061280.0000000000,21
1050,57,5.1419234444,216106144.0000000000,56
1050,58,5.1400287049,216101792.0000000000,61
1050,59,5.1380127537,216009216.0000000000,57
1050,60,5.6776807857,240003408.0000000000,16
1050,61,5.6792504017,240131840.0000000000,53
1050,62,5.6789213517,240123888.0000000000,24
1050,63,5.6834259328,240124784.0000000000,28
1050,64,5.6864325380,240122992.0000000000,38
1050,65,5.6819425560,240131328.0000000000,14
1050,66,5.6787862090,240126800.0000000000,40
1050,67,5.6849898661,240131056.0000000000,30
1050,68,5.6884765443,240125232.0000000000,48
1050,69,5.1422834861,216156048.0000000000,1
1050,70,5.1462630965,216157840.0000000000,62
1050,71,5.1395028134,216025040.0000000000,63
1050,72,5.6578727107,239590048.0000000000,52
1050,73,5.6799616792,240001008.0000000000,49
1050,74,5.6862489399,240003856.0000000000,39
1050,75,5.6842506666,239989696.0000000000,43
1050,76,5.6829190594,240009072.0000000000,25
1050,77,5.6810765535,239994784.0000000000,50
1050,78,5.6773122869,239986848.0000000000,46
1050,79,5.6797761906,240007952.0000000000,10
1050,80,5.6891377697,239998992.0000000000,31
1050,81,5.1498394817,216047552.0000000000,69
1050,82,5.1456571571,216030432.0000000000,60
1050,83,5.1347921230,215636896.0000000000,0
1050,84,1.9211120371,89698544.0000000000,92
1050,85,1.9200790162,89817008.0000000000,84
1050,86,1.9189448075,89831248.0000000000,89
1050,87,1.9195834810,89821568.0000000000,88
1050,88,1.9204171962,89821104.0000000000,85
1050,89,1.9203830227,89817888.0000000000,90
1050,90,1.9209790554,89832576.0000000000,87
1050,91,1.9203805866,89819392.0000000000,86
1050,92,1.9187866096,89820224.0000000000,91
1050,93,1.7906998387,80889424.0000000000,93
1050,94,1.7893613819,80893088.0000000000,94
1050,95,1.7893969399,80750096.0000000000,95
1050,96,0.3768479693,30347312.0000000000,88
1050,97,0.3770777017,30347312.0000000000,76
1050,98,0.3764127298,30347312.0000000000,87
1050,99,0.3765386213,30347312.0000000000,86
1050,100,0.3669721037,30347312.0000000000,96
1050,101,0.3780951346,30347312.0000000000,98
1050,102,0.3779656961,30347312.0000000000,83
1050,103,0.3773494409,30347312.0000000000,98
1050,104,0.3769116958,30347312.0000000000,85
1050,105,0.3587182050,27355696.0000000000,37
1050,106,0.3578567259,27355696.0000000000,21
1050,107,0.3572312032,27355696.0000000000,54
1050,108,0.3770494433,30347312.0000000000,79
1050,109,0.3783844184,30347312.0000000000,74
1050,110,0.3779035892,30347312.0000000000,65
1050,111,0.3761173561,30347312.0000000000,58
1050,112,0.3666430030,30347312.0000000000,99
1050,113,0.3768369347,30347312.0000000000,81
1050,114,0.3769255265,30347312.0000000000,95
1050,115,0.3657599577,30347312.0000000000,96
1050,116,0.3771147883,30347312.0000000000,57
1050,117,0.3579487901,27355696.0000000000,33
1050,118,0.3588624235,27355696.0000000000,52
1050,119,0.3583254517,27355696.0000000000,44
1050,120,0.3778967274,30347312.0000000000,72
1050,121,0.3778818106,30347312.0000000000,83
1050,122,0.3772882147,30347312.0000000000,90
1050,123,0.3778157461,30347312.0000000000,72
1050,124,0.3758836756,30347312.0000000000,89
1050,125,0.3777767252,30347312.0000000000,65
1050,126,0.3656686716,30347312.0000000000,99
1050,127,0.3763258458,30347312.0000000000,61
1050,128,0.3762645616,30347312.0000000000,87
1050,129,0.3583492051,27355696.0000000000,18
1050,130,0.3587684273,27355696.0000000000,32
1050,131,0.3588582332,27355696.0000000000,31
1050,132,0.3659853815,30347312.0000000000,96
1050,133,0.3776512678,30347312.0000000000,68
1050,134,0.3770273387,30347312.0000000000,66
1050,135,0.3755631550,30347312.0000000000,91
1050,136,0.3775919834,30347312.0000000000,64
1050,137,0.3768929550,30347312.0000000000,73
1050,138,0.3763398429,30347312.0000000000,77
1050,139,0.3774786642,30347312.0000000000,62
1050,140,0.3766798685,30347312.0000000000,84
1050,141,0.3586109679,27355696.0000000000,28
1050,142,0.3573051564,27355696.0000000000,35
1050,143,0.3574657964,27355696.0000000000,36
1050,144,0.3769674438,30347312.0000000000,57
1050,145,0.3770218863,30347312.0000000000,60
1050,146,0.3763802725,30347312.0000000000,87
1050,147,0.3774077450,30347312.0000000000,59
1050,148,0.3775330589,30347312.0000000000,97
1050,149,0.3772272403,30347312.0000000000,76
1050,150,0.3768027267,30347312.0000000000,97
1050,151,0.3778390684,30347312.0000000000,7
1050,152,0.3769191967,30347312.0000000000,71
1050,153,0.3574741223,27355696.0000000000,16
1050,154,0.3573718235,27355696.0000000000,20
1050,155,0.3594375921,27355696.0000000000,17
1050,156,0.3783132809,30347312.0000000000,74
1050,157,0.3768418391,30347312.0000000000,97
1050,158,0.3768202803,30347312.0000000000,88
1050,159,0.3770260247,30347312.0000000000,5
1050,160,0.3766619761,30347312.0000000000,86
1050,161,0.3778404383,30347312.0000000000,92
1050,162,0.3767714529,30347312.0000000000,60
1050,163,0.3773143248,30347312.0000000000,98
1050,164,0.3771036183,30347312.0000000000,76
1050,165,0.3577094552,27355696.0000000000,41
1050,166,0.3593547042,27355696.0000000000,13
1050,167,0.3571664136,27355696.0000000000,51
1050,168,0.3770078112,30347312.0000000000,71
1050,169,0.3775000424,30347312.0000000000,10
1050,170,0.3777666955,30347312.0000000000,92
1050,171,0.3762862658,30347312.0000000000,9
1050,172,0.3769244069,30347312.0000000000,66
1050,173,0.3773534950,30347312.0000000000,59
1050,174,0.3757079338,30347312.0000000000,91
1050,175,0.3777086650,30347312.0000000000,69
1050,176,0.3770841356,30347312.0000000000,70
1050,177,0.3586564639,27355696.0000000000,26
1050,178,0.3576473419,27355696.0000000000,53
1050,179,0.3593337050,27355696.0000000000,29
1050,180,0.3781595734,30347312.0000000000,6
1050,181,0.3773975591,30347312.0000000000,90
1050,182,0.3772995111,30347312.0000000000,63
1050,183,0.3763740568,30347312.0000000000,61
1050,184,0.3770185742,30347312.0000000000,78
1050,185,0.3769306647,30347312.0000000000,75
1050,186,0.3764480393,30347312.0000000000,93
1050,187,0.3776569477,30347312.0000000000,82
1050,188,0.3774156611,30347312.0000000000,3
1050,189,0.3575539398,27355696.0000000000,19
1050,190,0.3568246385,27355696.0000000000,46
1050,191,0.3594835612,27355696.0000000000,42
1050,192,0.3776321396,30347312.0000000000,56
1050,193,0.3766206915,30347312.0000000000,95
1050,194,0.3763495331,30347312.0000000000,93
1050,195,0.3780587771,30347312.0000000000,74
1050,196,0.3775914408,30347312.0000000000,92
1050,197,0.3751611791,30347312.0000000000,94
1050,198,0.3768112742,30347312.0000000000,75
1050,199,0.3771451785,30347312.0000000000,90
1050,200,0.3766961576,30347312.0000000000,84
1050,201,0.3578346586,27355696.0000000000,34
1050,202,0.3587774590,27355696.0000000000,43
1050,203,0.3573143606,27355696.0000000000,24
1050,204,0.3775414549,30347312.0000000000,82
1050,205,0.3771268607,30347312.0000000000,79
1050,206,0.3767632218,30347312.0000000000,75
1050,207,0.3766878896,30347312.0000000000,95
1050,208,0.3779791880,30347312.0000000000,72
1050,209,0.3750811406,30347312.0000000000,94
1050,210,0.3768026772,30347312.0000000000,81
1050,211,0.3771490817,30347312.0000000000,11
1050,212,0.3773663378,30347312.0000000000,56
1050,213,0.3577936684,27355696.0000000000,39
1050,214,0.3578842895,27355696.0000000000,40
1050,215,0.3581286563,27355696.0000000000,15
1050,216,0.3771559187,30347312.0000000000,63
1050,217,0.3772168463,30347312.0000000000,98
1050,218,0.3768644625,30347312.0000000000,85
1050,219,0.3778121741,30347312.0000000000,83
1050,220,0.3769537867,30347312.0000000000,78
1050,221,0.3763442560,30347312.0000000000,93
1050,222,0.3767256856,30347312.0000000000,81
1050,223,0.3766805481,30347312.0000000000,12
1050,224,0.3765686786,30347312.0000000000,86
1050,225,0.3586251765,27355696.0000000000,38
1050,226,0.3577522038,27355696.0000000000,14
1050,227,0.3578429566,27355696.0000000000,23
1050,228,0.3778732338,30347312.0000000000,80
1050,229,0.3769762793,30347312.0000000000,79
1050,230,0.3773702640,30347312.0000000000,1
1050,231,0.3772403883,30347312.0000000000,64
1050,232,0.3780463811,30347312.0000000000,80
1050,233,0.3659273088,30347312.0000000000,96
1050,234,0.3774792878,30347312.0000000000,62
1050,235,0.3772837856,30347312.0000000000,4
1050,236,0.3768551073,30347312.0000000000,2
1050,237,0.3578144461,27355696.0000000000,1
1050,238,0.3569736190,27355696.0000000000,49
1050,239,0.3574898667,27355696.0000000000,47
1050,240,0.3749493025,30347312.0000000000,94
1050,241,0.3772136650,30347312.0000000000,8
1050,242,0.3767526528,30347312.0000000000,84
1050,243,0.3774157910,30347312.0000000000,1
1050,244,0.3768105683,30347312.0000000000,97
1050,245,0.3769486092,30347312.0000000000,85
1050,246,0.3778952403,30347312.0000000000,67
1050,247,0.3755938347,30347312.0000000000,91
1050,248,0.3761211453,30347312.0000000000,58
1050,249,0.3568148603,27355696.0000000000,0
1050,250,0.3568418878,27355696.0000000000,25
1050,251,0.3585415804,27355696.0000000000,45
1050,252,0.3777771288,30347312.0000000000,67
1050,253,0.3657733418,30347312.0000000000,99
1050,254,0.3655126493,30347312.0000000000,99
1050,255,0.3765648244,30347312.0000000000,73
1050,256,0.3775308876,30347312.0000000000,68
1050,257,0.3757813240,30347312.0000000000,89
1050,258,0.3767025626,30347312.0000000000,88
1050,259,0.3759483382,30347312.0000000000,89
1050,260,0.3763622316,30347312.0000000000,77
1050,261,0.3578443684,27355696.0000000000,22
1050,262,0.3597886938,27355696.0000000000,48
1050,263,0.3579716593,27355696.0000000000,27
1050,264,0.3764488321,30347312.0000000000,77
1050,265,0.3766421019,30347312.0000000000,73
1050,266,0.3771340621,30347312.0000000000,70
1050,267,0.3761964577,30347312.0000000000,0
1050,268,0.3760411906,30347312.0000000000,0
1050,269,0.3768533173,30347312.0000000000,78
1050,270,0.3774347673,30347312.0000000000,82
1050,271,0.3778560149,30347312.0000000000,80
1050,272,0.3775880325,30347312.0000000000,69
1050,273,0.3586820197,27355696.0000000000,30
1050,274,0.3582643074,27355696.0000000000,55
1050,275,0.3577686554,27355696.0000000000,50
1100,0,0.1121012490,151420944.0000000000,79
1100,1,0.1097236170,147141840.0000000000,80
1100,2,0.1008190590,138141088.0000000000,78
1100,3,0.0980917710,134672944.0000000000,75
1100,4,0.0954601520,133099152.0000000000,74
1100,5,0.0916602490,130535856.0000000000,72
1100,6,0.0941990350,133640016.0000000000,76
1100,7,0.1021810950,139932272.0000000000,73
1100,8,0.1111119850,146928144.0000000000,77
1100,9,0.1234188860,155086752.0000000000,82
1100,10,0.1221665930,155490064.0000000000,81
1100,11,0.1139532280,149626416.0000000000,83
1100,12,0.1811236960,239573296.0000000000,12
1100,13,0.1892537370,242998256.0000000000,9
1100,14,0.2001441390,250478288.0000000000,33
1100,15,0.2049229830,253370928.0000000000,32
1100,16,0.2069380550,255094480.0000000000,51
1100,17,0.2111851490,258751136.0000000000,47
1100,18,0.2128729010,261180240.0000000000,26
1100,19,0.2160765180,263919600.0000000000,45
1100,20,0.2160783350,264819328.0000000000,19
1100,21,0.1773366440,224565008.0000000000,64
1100,22,0.1679521880,218226704.0000000000,68
1100,23,0.1641972300,216404032.0000000000,71
1100,24,0.1765589060,239967600.0000000000,42
1100,25,0.1764337700,240059472.0000000000,2
1100,26,0.1767197230,240067328.0000000000,18
1100,27,0.1765187280,240062496.0000000000,34
1100,28,0.1764935140,240063600.0000000000,13
1100,29,0.1765595500,240064704.0000000000,15
1100,30,0.1765038580,240065168.0000000000,55
1100,31,0.1764139320,240066288.0000000000,44
1100,32,0.1764306400,240064400.0000000000,36
1100,33,0.1597767360,216099344.0000000000,70
1100,34,0.1596120770,216099040.0000000000,58
1100,35,0.1597862170,216004768.0000000000,66
1100,36,0.1764236820,239971712.0000000000,22
1100,37,0.1765771220,240065184.0000000000,20
1100,38,0.1764437120,240065840.0000000000,6
1100,39,0.1763812240,240065520.0000000000,7
1100,40,0.1763773560,240064384.0000000000,27
1100,41,0.1766442980,240063296.0000000000,17
1100,42,0.1762912280,240057424.0000000000,54
1100,43,0.1763931350,240061728.0000000000,3
1100,44,0.1767047740,240061280.0000000000,29
1100,45,0.1598024000,216099888.0000000000,67
1100,46,0.1598211670,216100160.0000000000,65
1100,47,0.1599170780,216006432.0000000000,59
1100,48,0.1763908440,239968912.0000000000,41
1100,49,0.1765138480,240060528.0000000000,35
1100,50,0.1765715840,240064192.0000000000,4
1100,51,0.1763774260,240059904.0000000000,5
1100,52,0.1764788340,240059040.0000000000,37
1100,53,0.1765057080,240066480.0000000000,8
1100,54,0.1765397430,240064144.0000000000,11
1100,55,0.1766221290,240063536.0000000000,23
1100,56,0.1764333030,240063440.0000000000,21
1100,57,0.1597466560,216103392.0000000000,56
1100,58,0.1598790480,216100320.0000000000,61
1100,59,0.1596459920,216009168.0000000000,57
1100,60,0.1764323770,240010096.0000000000,16
1100,61,0.1764479200,240141040.0000000000,53
1100,62,0.1764193070,240140576.0000000000,24
1100,63,0.1765386520,240137664.0000000000,28
1100,64,0.1766425870,240132592.0000000000,38
1100,65,0.1766055010,240139680.0000000000,14
1100,66,0.1764323200,240139456.0000000000,40
1100,67,0.1766488140,240141360.0000000000,30
1100,68,0.1767441730,240136880.0000000000,48
1100,69,0.1598282840,216169152.0000000000,1
1100,70,0.1598584990,216167248.0000000000,62
1100,71,0.1596977360,216035056.0000000000,63
1100,72,0.1757962810,239557968.0000000000,52
1100,73,0.1767482000,239986880.0000000000,49
1100,74,0.1766815650,239994048.0000000000,39
1100,75,0.1766271060,239977472.0000000000,43
1100,76,0.1766397730,239996336.0000000000,25
1100,77,0.1765525210,239984192.0000000000,50
1100,78,0.1764252630,239974912.0000000000,46
1100,79,0.1764047630,239998864.0000000000,10
1100,80,0.1767925110,239983504.0000000000,31
1100,81,0.1601099470,216037264.0000000000,69
1100,82,0.1598603020,216015936.0000000000,60
1100,83,0.1595312930,215610144.0000000000,0
1100,84,0.0595107040,89691504.0000000000,92
1100,85,0.0595876510,89818160.0000000000,84
1100,86,0.0594872480,89829696.0000000000,89
1100,87,0.0595436010,89823776.0000000000,88
1100,88,0.0595880610,89821680.0000000000,85
1100,89,0.0595130300,89819072.0000000000,90
1100,90,0.0597192380,89829040.0000000000,87
1100,91,0.0595415430,89821680.0000000000,86
1100,92,0.0594383150,89823472.0000000000,91
1100,93,0.0556927860,80884608.0000000000,93
1100,94,0.0554783130,80894000.0000000000,94
1100,95,0.0554154240,80743072.0000000000,95
1100,96,0.0115197810,30347312.0000000000,88
1100,97,0.0115456260,30347312.0000000000,76
1100,98,0.0115110840,30347312.0000000000,87
1100,99,0.0115109540,30347312.0000000000,86
1100,100,0.0112286870,30347312.0000000000,96
1100,101,0.0115674210,30347312.0000000000,98
1100,102,0.0115399860,30347312.0000000000,83
1100,103,0.0115412100,30347312.0000000000,98
1100,104,0.0115210330,30347312.0000000000,85
1100,105,0.0109648370,27355696.0000000000,37
1100,106,0.0109720690,27355696.0000000000,21
1100,107,0.0109453100,27355696.0000000000,54
1100,108,0.0115354470,30347312.0000000000,79
1100,109,0.0115988840,30347312.0000000000,74
1100,110,0.0115510740,30347312.0000000000,65
1100,111,0.0115171670,30347312.0000000000,58
1100,112,0.0112380150,30347312.0000000000,99
1100,113,0.0115287350,30347312.0000000000,81
1100,114,0.0115234080,30347312.0000000000,95
1100,115,0.0111995100,30347312.0000000000,96
1100,116,0.0115605290,30347312.0000000000,57
1100,117,0.0109589930,27355696.0000000000,33
1100,118,0.0109955450,27355696.0000000000,52
1100,119,0.0109639540,27355696.0000000000,44
1100,120,0.0115826010,30347312.0000000000,72
1100,121,0.0115361110,30347312.0000000000,83
1100,122,0.0115616000,30347312.0000000000,90
1100,123,0.0115806500,30347312.0000000000,72
1100,124,0.0114817560,30347312.0000000000,89
1100,125,0.0115875560,30347312.0000000000,65
1100,126,0.0112094090,30347312.0000000000,99
1100,127,0.0115297300,30347312.0000000000,61
1100,128,0.0115244610,30347312.0000000000,87
1100,129,0.0109498730,27355696.0000000000,18
1100,130,0.0109843920,27355696.0000000000,32
1100,131,0.0109823120,27355696.0000000000,31
1100,132,0.0111997820,30347312.0000000000,96
1100,133,0.0115608190,30347312.0000000000,68
1100,134,0.0115535400,30347312.0000000000,66
1100,135,0.0115023070,30347312.0000000000,91
1100,136,0.0115515680,30347312.0000000000,64
1100,137,0.0115312240,30347312.0000000000,73
1100,138,0.0114816710,30347312.0000000000,77
1100,139,0.0115615820,30347312.0000000000,62
1100,140,0.0115197120,30347312.0000000000,84
1100,141,0.0109831920,27355696.0000000000,28
1100,142,0.0109258500,27355696.0000000000,35
1100,143,0.0109540950,27355696.0000000000,36
1100,144,0.0115427580,30347312.0000000000,57
1100,145,0.0115080310,30347312.0000000000,60
1100,146,0.0115066060,30347312.0000000000,87
1100,147,0.0115675450,30347312.0000000000,59
1100,148,0.0115446390,30347312.0000000000,97
1100,149,0.0115467690,30347312.0000000000,76
1100,150,0.0115332450,30347312.0000000000,97
1100,151,0.0115556080,30347312.0000000000,7
1100,152,0.0115449360,30347312.0000000000,71
1100,153,0.0109406230,27355696.0000000000,16
1100,154,0.0109260690,27355696.0000000000,20
1100,155,0.0110130250,27355696.0000000000,17
1100,156,0.0115822950,30347312.0000000000,74
1100,157,0.0115429640,30347312.0000000000,97
1100,158,0.0115331680,30347312.0000000000,88
1100,159,0.0115358780,30347312.0000000000,5
1100,160,0.0115145010,30347312.0000000000,86
1100,161,0.0115645880,30347312.0000000000,92
1100,162,0.0115399390,30347312.0000000000,60
1100,163,0.0115498480,30347312.0000000000,98
1100,164,0.0115536510,30347312.0000000000,76
1100,165,0.0109459310,27355696.0000000000,41
1100,166,0.0109870740,27355696.0000000000,13
1100,167,0.0109200820,27355696.0000000000,51
1100,168,0.0115400390,30347312.0000000000,71
1100,169,0.0115517740,30347312.0000000000,10
1100,170,0.0115541680,30347312.0000000000,92
1100,171,0.0115021990,30347312.0000000000,9
1100,172,0.0115395130,30347312.0000000000,66
1100,173,0.0115373880,30347312.0000000000,59
1100,174,0.0115030860,30347312.0000000000,91
1100,175,0.0115605390,30347312.0000000000,69
1100,176,0.0115536450,30347312.0000000000,70
1100,177,0.0109579890,27355696.0000000000,26
1100,178,0.0109392070,27355696.0000000000,53
1100,179,0.0109886130,27355696.0000000000,29
1100,180,0.0115697040,30347312.0000000000,6
1100,181,0.0115650660,30347312.0000000000,90
1100,182,0.0115480670,30347312.0000000000,63
1100,183,0.0115115650,30347312.0000000000,61
1100,184,0.0115483720,30347312.0000000000,78
1100,185,0.0115480670,30347312.0000000000,75
1100,186,0.0115048920,30347312.0000000000,93
1100,187,0.0115371010,30347312.0000000000,82
1100,188,0.0115766770,30347312.0000000000,3
1100,189,0.0109486780,27355696.0000000000,19
1100,190,0.0109257340,27355696.0000000000,46
1100,191,0.0109820780,27355696.0000000000,42
1100,192,0.0115779740,30347312.0000000000,56
1100,193,0.0115226890,30347312.0000000000,95
1100,194,0.0115223950,30347312.0000000000,93
1100,195,0.0115611120,30347312.0000000000,74
1100,196,0.0115560020,30347312.0000000000,92
1100,197,0.0114589060,30347312.0000000000,94
1100,198,0.0115337790,30347312.0000000000,75
1100,199,0.0115467110,30347312.0000000000,90
1100,200,0.0115258620,30347312.0000000000,84
1100,201,0.0109754760,27355696.0000000000,34
1100,202,0.0109724700,27355696.0000000000,43
1100,203,0.0109238630,27355696.0000000000,24
1100,204,0.0115299380,30347312.0000000000,82
1100,205,0.0115381610,30347312.0000000000,79
1100,206,0.0115173470,30347312.0000000000,75
1100,207,0.0115243020,30347312.0000000000,95
1100,208,0.0115544390,30347312.0000000000,72
1100,209,0.0114880910,30347312.0000000000,94
1100,210,0.0115208290,30347312.0000000000,81
1100,211,0.0115395800,30347312.0000000000,11
1100,212,0.0115789270,30347312.0000000000,56
1100,213,0.0109637650,27355696.0000000000,39
1100,214,0.0109516610,27355696.0000000000,40
1100,215,0.0109432920,27355696.0000000000,15
1100,216,0.0115485690,30347312.0000000000,63
1100,217,0.0115479040,30347312.0000000000,98
1100,218,0.0115313350,30347312.0000000000,85
1100,219,0.0115633230,30347312.0000000000,83
1100,220,0.0115261990,30347312.0000000000,78
1100,221,0.0115180510,30347312.0000000000,93
1100,222,0.0115236240,30347312.0000000000,81
1100,223,0.0115212160,30347312.0000000000,12
1100,224,0.0115216970,30347312.0000000000,86
1100,225,0.0109635350,27355696.0000000000,38
1100,226,0.0109521890,27355696.0000000000,14
1100,227,0.0109785490,27355696.0000000000,23
1100,228,0.0115609060,30347312.0000000000,80
1100,229,0.0115209480,30347312.0000000000,79
1100,230,0.0115593720,30347312.0000000000,1
1100,231,0.0115320200,30347312.0000000000,64
1100,232,0.0115650570,30347312.0000000000,80
1100,233,0.0112065430,30347312.0000000000,96
1100,234,0.0115646880,30347312.0000000000,62
1100,235,0.0115452750,30347312.0000000000,4
1100,236,0.0115399150,30347312.0000000000,2
1100,237,0.0109630410,27355696.0000000000,1
1100,238,0.0109579260,27355696.0000000000,49
1100,239,0.0109400290,27355696.0000000000,47
1100,240,0.0114860470,30347312.0000000000,94
1100,241,0.0115273960,30347312.0000000000,8
1100,242,0.0115229790,30347312.0000000000,84
1100,243,0.0115533310,30347312.0000000000,1
1100,244,0.0115219140,30347312.0000000000,97
1100,245,0.0115193490,30347312.0000000000,85
1100,246,0.0115743230,30347312.0000000000,67
1100,247,0.0114857360,30347312.0000000000,91
1100,248,0.0115153140,30347312.0000000000,58
1100,249,0.0109121910,27355696.0000000000,0
1100,250,0.0109081230,27355696.0000000000,25
1100,251,0.0109841050,27355696.0000000000,45
1100,252,0.0115614150,30347312.0000000000,67
1100,253,0.0112076460,30347312.0000000000,99
1100,254,0.0111799930,30347312.0000000000,99
1100,255,0.0115149420,30347312.0000000000,73
1100,256,0.0115415610,30347312.0000000000,68
1100,257,0.0115300990,30347312.0000000000,89
1100,258,0.0115397590,30347312.0000000000,88
1100,259,0.0114891810,30347312.0000000000,89
1100,260,0.0115160680,30347312.0000000000,77
1100,261,0.0109545370,27355696.0000000000,22
1100,262,0.0110002750,27355696.0000000000,48
1100,263,0.0109790300,27355696.0000000000,27
1100,264,0.0115318800,30347312.0000000000,77
1100,265,0.0115317070,30347312.0000000000,73
1100,266,0.0115456000,30347312.0000000000,70
1100,267,0.0115127120,30347312.0000000000,0
1100,268,0.0115062200,30347312.0000000000,0
1100,269,0.0115287820,30347312.0000000000,78
1100,270,0.0115467700,30347312.0000000000,82
1100,271,0.0115678720,30347312.0000000000,80
1100,272,0.0115547050,30347312.0000000000,69
1100,273,0.0109955160,27355696.0000000000,30
1100,274,0.0109559790,27355696.0000000000,55
1100,275,0.0109523350,27355696.0000000000,50
1150,0,3.5798659101,150769584.0000000000,79
1150,1,3.4916059462,145797360.0000000000,80
1150,2,3.2220973961,136921840.0000000000,78
1150,3,3.1672277403,135209760.0000000000,75
1150,4,3.0768623846,133163728.0000000000,74
1150,5,2.9021460471,128318960.0000000000,72
1150,6,2.9800081627,131201968.0000000000,76
1150,7,3.2842494301,139210080.0000000000,73
1150,8,3.5453792854,145752992.0000000000,77
1150,9,3.9921410694,156545888.0000000000,82
1150,10,3.9405815902,156319424.0000000000,81
1150,11,3.6679586669,150004640.0000000000,83
1150,12,5.8331394002,239619888.0000000000,12
1150,13,6.0976947166,243411088.0000000000,9
1150,14,6.4660659801,250866480.0000000000,33
1150,15,6.5945385452,253185072.0000000000,32
1150,16,6.6536986051,254788960.0000000000,51
1150,17,6.7813599596,258311728.0000000000,47
1150,18,6.8404413264,260824880.0000000000,26
1150,19,6.9451421568,263701808.0000000000,45
1150,20,6.9807209696,266258784.0000000000,19
1150,21,5.7303175135,225596080.0000000000,64
1150,22,5.4100030430,218419120.0000000000,68
1150,23,5.2889836695,216413120.0000000000,71
1150,24,5.6842540734,239970384.0000000000,42
1150,25,5.6795390912,240064864.0000000000,2
1150,26,5.6846877613,240062512.0000000000,18
1150,27,5.6798198339,240062112.0000000000,34
1150,28,5.6833773497,240063520.0000000000,13
1150,29,5.6779277016,240062656.0000000000,15
1150,30,5.6778766185,240062432.0000000000,55
1150,31,5.6786302786,240062512.0000000000,44
1150,32,5.6803278612,240060800.0000000000,36
1150,33,5.1434142755,216098304.0000000000,70
1150,34,5.1383014787,216104272.0000000000,58
1150,35,5.1413360237,216006512.0000000000,66
1150,36,5.6772552674,239965632.0000000000,22
1150,37,5.6797472123,240064400.0000000000,20
1150,38,5.6807952834,240065456.0000000000,6
1150,39,5.6782951655,240064304.0000000000,7
1150,40,5.6776603767,240063152.0000000000,27
1150,41,5.6849843245,240063040.0000000000,17
1150,42,5.6770521707,240060832.0000000000,54
1150,43,5.6775736854,240063296.0000000000,3
1150,44,5.6867864581,240064080.0000000000,29
1150,45,5.1440656114,216097424.0000000000,67
1150,46,5.1440593105,216097104.0000000000,65
1150,47,5.1386546137,216005184.0000000000,59
1150,48,5.6788664740,239968640.0000000000,41
1150,49,5.6809984081,240064064.0000000000,35
1150,50,5.6828911547,240062960.0000000000,4
1150,51,5.6794203815,240065872.0000000000,5
1150,52,5.6833567710,240063056.0000000000,37
1150,53,5.6800968503,240061072.0000000000,8
1150,54,5.6799791677,240061184.0000000000,11
1150,55,5.6777258880,240063712.0000000000,23
1150,56,5.6785590157,240063216.0000000000,21
1150,57,5.1419594504,216098240.0000000000,56
1150,58,5.1403691753,216104416.0000000000,61
1150,59,5.1376312116,216005056.0000000000,57
1150,60,5.6780371684,240019056.0000000000,16
1150,61,5.6790271052,240158832.0000000000,53
1150,62,5.6792594748,240152576.0000000000,24
1150,63,5.6834145763,240149312.0000000000,28
1150,64,5.6863131529,240148304.0000000000,38
1150,65,5.6822888353,240157600.0000000000,14
1150,66,5.6790884976,240156480.0000000000,40
1150,67,5.6854114061,240150560.0000000000,30
1150,68,5.6880895661,240153344.0000000000,48
1150,69,5.1427268742,216182256.0000000000,1
1150,70,5.1469264725,216179232.0000000000,62
1150,71,5.1397920408,216046624.0000000000,63
1150,72,5.6553756740,239527248.0000000000,52
1150,73,5.6791430964,239975696.0000000000,49
1150,74,5.6858666599,239981312.0000000000,39
1150,75,5.6833640290,239967184.0000000000,43
1150,76,5.6825133716,239978544.0000000000,25
1150,77,5.6812038712,239974384.0000000000,50
1150,78,5.6769091624,239959648.0000000000,46
1150,79,5.6791164752,239989232.0000000000,10
1150,80,5.6890916058,239971520.0000000000,31
1150,81,5.1497467451,216027392.0000000000,69
1150,82,5.1450246375,216003952.0000000000,60
1150,83,5.1285198259,215580080.0000000000,0
1150,84,1.9214409598,89686208.0000000000,92
1150,85,1.9203729271,89816752.0000000000,84
1150,86,1.9186209610,89827168.0000000000,89
1150,87,1.9202711320,89823440.0000000000,88
1150,88,1.9208012692,89822432.0000000000,85
1150,89,1.9205304894,89818144.0000000000,90
1150,90,1.9210609708,89829536.0000000000,87
1150,91,1.9200102599,89819392.0000000000,86
1150,92,1.9194510525,89823248.0000000000,91
1150,93,1.7908628548,80884592.0000000000,93
1150,94,1.7891193392,80892496.0000000000,94
1150,95,1.7894141779,80742144.0000000000,95
1150,96,0.3768972558,30347312.0000000000,88
1150,97,0.3770942024,30347312.0000000000,76
1150,98,0.3763769177,30347312.0000000000,87
1150,99,0.3765449631,30347312.0000000000,86
1150,100,0.3670361780,30347312.0000000000,96
1150,101,0.3781836518,30347312.0000000000,98
1150,102,0.3778643833,30347312.0000000000,83
1150,103,0.3772953663,30347312.0000000000,98
1150,104,0.3769746864,30347312.0000000000,85
1150,105,0.3587420333,27355696.0000000000,37
1150,106,0.3578027660,27355696.0000000000,21
1150,107,0.3571949163,27355696.0000000000,54
1150,108,0.3770943053,30347312.0000000000,79
1150,109,0.3784286908,30347312.0000000000,74
1150,110,0.3781924898,30347312.0000000000,65
1150,111,0.3761162053,30347312.0000000000,58
1150,112,0.3666423779,30347312.0000000000,99
1150,113,0.3770160479,30347312.0000000000,81
1150,114,0.3768517846,30347312.0000000000,95
1150,115,0.3658597556,30347312.0000000000,96
1150,116,0.3771361401,30347312.0000000000,57
1150,117,0.3579900118,27355696.0000000000,33
1150,118,0.3590898531,27355696.0000000000,52
1150,119,0.3584170285,27355696.0000000000,44
1150,120,0.3779653512,30347312.0000000000,72
1150,121,0.3779039187,30347312.0000000000,83
1150,122,0.3772785863,30347312.0000000000,90
1150,123,0.3778568538,30347312.0000000000,72
1150,124,0.3759739494,30347312.0000000000,89
1150,125,0.3778962811,30347312.0000000000,65
1150,126,0.3656774936,30347312.0000000000,99
1150,127,0.3764712991,30347312.0000000000,61
1150,128,0.3762368155,30347312.0000000000,87
1150,129,0.3583088393,27355696.0000000000,18
1150,130,0.3587880919,27355696.0000000000,32
1150,131,0.3586767708,27355696.0000000000,31
1150,132,0.3660129001,30347312.0000000000,96
1150,133,0.3775993707,30347312.0000000000,68
1150,134,0.3770514782,30347312.0000000000,66
1150,135,0.3756282317,30347312.0000000000,91
1150,136,0.3774943704,30347312.0000000000,64
1150,137,0.3768460252,30347312.0000000000,73
1150,138,0.3762558797,30347312.0000000000,77
1150,139,0.3773270886,30347312.0000000000,62
1150,140,0.3769174987,30347312.0000000000,84
1150,141,0.3585009642,27355696.0000000000,28
1150,142,0.3573558218,27355696.0000000000,35
1150,143,0.3575086861,27355696.0000000000,36
1150,144,0.3768179974,30347312.0000000000,57
1150,145,0.3771060575,30347312.0000000000,60
1150,146,0.3762086721,30347312.0000000000,87
1150,147,0.3774939791,30347312.0000000000,59
1150,148,0.3773946748,30347312.0000000000,97
1150,149,0.3772108375,30347312.0000000000,76
1150,150,0.3768417610,30347312.0000000000,97
1150,151,0.3778805484,30347312.0000000000,7
1150,152,0.3770368986,30347312.0000000000,71
1150,153,0.3572297099,27355696.0000000000,16
1150,154,0.3574212089,27355696.0000000000,20
1150,155,0.3593689838,27355696.0000000000,17
1150,156,0.3782944965,30347312.0000000000,74
1150,157,0.3767975943,30347312.0000000000,97
1150,158,0.3768143721,30347312.0000000000,88
1150,159,0.3770465875,30347312.0000000000,5
1150,160,0.3766030922,30347312.0000000000,86
1150,161,0.3777313157,30347312.0000000000,92
1150,162,0.3768876917,30347312.0000000000,60
1150,163,0.3772984543,30347312.0000000000,98
1150,164,0.3771391777,30347312.0000000000,76
1150,165,0.3577279561,27355696.0000000000,41
1150,166,0.3592519639,27355696.0000000000,13
1150,167,0.3570173924,27355696.0000000000,51
1150,168,0.3770200532,30347312.0000000000,71
1150,169,0.3776255971,30347312.0000000000,10
1150,170,0.3777177208,30347312.0000000000,92
1150,171,0.3763639389,30347312.0000000000,9
1150,172,0.3769258928,30347312.0000000000,66
1150,173,0.3773519065,30347312.0000000000,59
1150,174,0.3756313971,30347312.0000000000,91
1150,175,0.3776377552,30347312.0000000000,69
1150,176,0.3770708075,30347312.0000000000,70
1150,177,0.3586416704,27355696.0000000000,26
1150,178,0.3577294668,27355696.0000000000,53
1150,179,0.3592935294,27355696.0000000000,29
1150,180,0.3780789903,30347312.0000000000,6
1150,181,0.3774496794,30347312.0000000000,90
1150,182,0.3771515068,30347312.0000000000,63
1150,183,0.3764944315,30347312.0000000000,61
1150,184,0.3770132529,30347312.0000000000,78
1150,185,0.3769692594,30347312.0000000000,75
1150,186,0.3764994307,30347312.0000000000,93
1150,187,0.3776996221,30347312.0000000000,82
1150,188,0.3773904622,30347312.0000000000,3
1150,189,0.3575856096,27355696.0000000000,19
1150,190,0.3567559360,27355696.0000000000,46
1150,191,0.3594407936,27355696.0000000000,42
1150,192,0.3775945090,30347312.0000000000,56
1150,193,0.3765940373,30347312.0000000000,95
1150,194,0.3761752082,30347312.0000000000,93
1150,195,0.3783160695,30347312.0000000000,74
1150,196,0.3776918462,30347312.0000000000,92
1150,197,0.3752716220,30347312.0000000000,94
1150,198,0.3768298510,30347312.0000000000,75
1150,199,0.3771859565,30347312.0000000000,90
1150,200,0.3767335504,30347312.0000000000,84
1150,201,0.3577676562,27355696.0000000000,34
1150,202,0.3587347593,27355696.0000000000,43
1150,203,0.3571920935,27355696.0000000000,24
1150,204,0.3774436595,30347312.0000000000,82
1150,205,0.3770251547,30347312.0000000000,79
1150,206,0.3766292968,30347312.0000000000,75
1150,207,0.3765936498,30347312.0000000000,95
1150,208,0.3779532984,30347312.0000000000,72
1150,209,0.3749920997,30347312.0000000000,94
1150,210,0.3768532414,30347312.0000000000,81
1150,211,0.3771285701,30347312.0000000000,11
1150,212,0.3775203324,30347312.0000000000,56
1150,213,0.3578377476,27355696.0000000000,39
1150,214,0.3578817332,27355696.0000000000,40
1150,215,0.3579832689,27355696.0000000000,15
1150,216,0.3771324318,30347312.0000000000,63
1150,217,0.3772376167,30347312.0000000000,98
1150,218,0.3769945067,30347312.0000000000,85
1150,219,0.3778912340,30347312.0000000000,83
1150,220,0.3770078319,30347312.0000000000,78
1150,221,0.3762937190,30347312.0000000000,93
1150,222,0.3765287163,30347312.0000000000,81
1150,223,0.3765718493,30347312.0000000000,12
1150,224,0.3765202584,30347312.0000000000,86
1150,225,0.3585141022,27355696.0000000000,38
1150,226,0.3577039451,27355696.0000000000,14
1150,227,0.3577377087,27355696.0000000000,23
1150,228,0.3778951804,30347312.0000000000,80
1150,229,0.3769998804,30347312.0000000000,79
1150,230,0.3773496271,30347312.0000000000,1
1150,231,0.3774172879,30347312.0000000000,64
1150,232,0.3779265284,30347312.0000000000,80
1150,233,0.3658028246,30347312.0000000000,96
1150,234,0.3774041507,30347312.0000000000,62
1150,235,0.3774377300,30347312.0000000000,4
1150,236,0.3768676557,30347312.0000000000,2
1150,237,0.3577374949,27355696.0000000000,1
1150,238,0.3571257420,27355696.0000000000,49
1150,239,0.3575084913,27355696.0000000000,47
1150,240,0.3750501333,30347312.0000000000,94
1150,241,0.3771544255,30347312.0000000000,8
1150,242,0.3767610995,30347312.0000000000,84
1150,243,0.3772373338,30347312.0000000000,1
1150,244,0.3767629887,30347312.0000000000,97
1150,245,0.3768852483,30347312.0000000000,85
1150,246,0.3779105403,30347312.0000000000,67
1150,247,0.3754189258,30347312.0000000000,91
1150,248,0.3759990755,30347312.0000000000,58
1150,249,0.3567931235,27355696.0000000000,0
1150,250,0.3568190695,27355696.0000000000,25
1150,251,0.3586445928,27355696.0000000000,45
1150,252,0.3778867217,30347312.0000000000,67
1150,253,0.3656884141,30347312.0000000000,99
1150,254,0.3657202963,30347312.0000000000,99
1150,255,0.3765281298,30347312.0000000000,73
1150,256,0.3775604829,30347312.0000000000,68
1150,257,0.3757362663,30347312.0000000000,89
1150,258,0.3766737213,30347312.0000000000,88
1150,259,0.3759569004,30347312.0000000000,89
1150,260,0.3765359440,30347312.0000000000,77
1150,261,0.3579539189,27355696.0000000000,22
1150,262,0.3597502452,27355696.0000000000,48
1150,263,0.3579619956,27355696.0000000000,27
1150,264,0.3765911563,30347312.0000000000,77
1150,265,0.3765759741,30347312.0000000000,73
1150,266,0.3770530521,30347312.0000000000,70
1150,267,0.3762554567,30347312.0000000000,0
1150,268,0.3761497273,30347312.0000000000,0
1150,269,0.3768458061,30347312.0000000000,78
1150,270,0.3775002338,30347312.0000000000,82
1150,271,0.3777542968,30347312.0000000000,80
1150,272,0.3776577395,30347312.0000000000,69
1150,273,0.3586782143,27355696.0000000000,30
1150,274,0.3583336391,27355696.0000000000,55
1150,275,0.3578128948,27355696.0000000000,50
1200,0,0.1104255890,150156768.0000000000,79
1200,1,0.1063526480,144413088.0000000000,80
1200,2,0.0980046990,135763104.0000000000,78
1200,3,0.0989095230,135613072.0000000000,75
1200,4,0.0957459090,133506944.0000000000,74
1200,5,0.0887902270,127732448.0000000000,72
1200,6,0.0912698100,130385184.0000000000,76
1200,7,0.1007948800,138368272.0000000000,73
1200,8,0.1100647130,145899184.0000000000,77
1200,9,0.1260368330,158337104.0000000000,82
1200,10,0.1227656670,157145200.0000000000,81
1200,11,0.1143760420,150340864.0000000000,83
1200,12,0.1818865320,239736256.0000000000,12
1200,13,0.1893521450,243838816.0000000000,9
1200,14,0.2009065610,250974000.0000000000,33
1200,15,0.2046055880,253043952.0000000000,32
1200,16,0.2065215970,254599008.0000000000,51
1200,17,0.2100268930,257887808.0000000000,47
1200,18,0.2123548320,260333040.0000000000,26
1200,19,0.2153504970,263345792.0000000000,45
1200,20,0.2179533040,266830496.0000000000,19
1200,21,0.1784801050,226124720.0000000000,64
1200,22,0.1681029840,218438256.0000000000,68
1200,23,0.1641597410,216356016.0000000000,71
1200,24,0.1765538770,239968736.0000000000,42
1200,25,0.1763674340,240065648.0000000000,2
1200,26,0.1766518100,240063792.0000000000,18
1200,27,0.1764167660,240063760.0000000000,34
1200,28,0.1765460990,240064304.0000000000,13
1200,29,0.1763814200,240061968.0000000000,15
1200,30,0.1763948780,240062656.0000000000,55
1200,31,0.1763763010,240060160.0000000000,44
1200,32,0.1764815160,240066512.0000000000,36
1200,33,0.1599164490,216102064.0000000000,70
1200,34,0.1596747130,216102480.0000000000,58
1200,35,0.1597849210,216005696.0000000000,66
1200,36,0.1764914650,239966496.0000000000,22
1200,37,0.1763525060,240062288.0000000000,20
1200,38,0.1765431190,240064992.0000000000,6
1200,39,0.1763464470,240065200.0000000000,7
1200,40,0.1765997570,240059600.0000000000,27
1200,41,0.1767145720,240064896.0000000000,17
1200,42,0.1763959150,240061232.0000000000,54
1200,43,0.1763732140,240060576.0000000000,3
1200,44,0.1767374670,240064720.0000000000,29
1200,45,0.1598264520,216101488.0000000000,67
1200,46,0.1598282640,216096208.0000000000,65
1200,47,0.1596875690,216006256.0000000000,59
1200,48,0.1764479130,239967472.0000000000,41
1200,49,0.1764925010,240063264.0000000000,35
1200,50,0.1765646120,240065728.0000000000,4
1200,51,0.1764305610,240061472.0000000000,5
1200,52,0.1766550810,240064784.0000000000,37
1200,53,0.1764377130,240060608.0000000000,8
1200,54,0.1764412580,240061904.0000000000,11
1200,55,0.1763759240,240066240.0000000000,23
1200,56,0.1764653890,240066384.0000000000,21
1200,57,0.1596931880,216096240.0000000000,56
1200,58,0.1596672460,216104720.0000000000,61
1200,59,0.1596104000,216004112.0000000000,57
1200,60,0.1763550370,240029584.0000000000,16
1200,61,0.1764375100,240177984.0000000000,53
1200,62,0.1764981050,240163648.0000000000,24
1200,63,0.1765060720,240169696.0000000000,28
1200,64,0.1766991780,240161072.0000000000,38
1200,65,0.1765194390,240172608.0000000000,14
1200,66,0.1764480130,240165776.0000000000,40
1200,67,0.1765703160,240166112.0000000000,30
1200,68,0.1767210360,240167904.0000000000,48
1200,69,0.1598542580,216193008.0000000000,1
1200,70,0.1598927840,216190768.0000000000,62
1200,71,0.1596840680,216055920.0000000000,63
1200,72,0.1756093540,239487616.0000000000,52
1200,73,0.1763505650,239961952.0000000000,49
1200,74,0.1767398740,239970016.0000000000,39
1200,75,0.1767543540,239949312.0000000000,43
1200,76,0.1765094040,239964544.0000000000,25
1200,77,0.1766341090,239955824.0000000000,50
1200,78,0.1763647820,239943856.0000000000,46
1200,79,0.1764653050,239975168.0000000000,10
1200,80,0.1767554510,239960352.0000000000,31
1200,81,0.1600464600,216011616.0000000000,69
1200,82,0.1598313330,215990512.0000000000,60
1200,83,0.1588270620,215547248.0000000000,0
1200,84,0.0595308330,89681424.0000000000,92
1200,85,0.0595543790,89815712.0000000000,84
1200,86,0.0596325540,89826704.0000000000,89
1200,87,0.0595604530,89822704.0000000000,88
1200,88,0.0595362430,89820032.0000000000,85
1200,89,0.0595469490,89823920.0000000000,90
1200,90,0.0595545180,89829856.0000000000,87
1200,91,0.0594872480,89817632.0000000000,86
1200,92,0.0594769040,89822560.0000000000,91
1200,93,0.0554965320,80885728.0000000000,93
1200,94,0.0554456880,80890000.0000000000,94
1200,95,0.0554381410,80735472.0000000000,95
1200,96,0.0115279260,30347312.0000000000,88
1200,97,0.0115374300,30347312.0000000000,76
1200,98,0.0115202020,30347312.0000000000,87
1200,99,0.0115081890,30347312.0000000000,86
1200,100,0.0112202910,30347312.0000000000,96
1200,101,0.0115614900,30347312.0000000000,98
1200,102,0.0115796820,30347312.0000000000,83
1200,103,0.0115357020,30347312.0000000000,98
1200,104,0.0115411150,30347312.0000000000,85
1200,105,0.0109966400,27355696.0000000000,37
1200,106,0.0109596820,27355696.0000000000,21
1200,107,0.0109471330,27355696.0000000000,54
1200,108,0.0115331040,30347312.0000000000,79
1200,109,0.0115570340,30347312.0000000000,74
1200,110,0.0115868370,30347312.0000000000,65
1200,111,0.0115328560,30347312.0000000000,58
1200,112,0.0112308300,30347312.0000000000,99
1200,113,0.0115007110,30347312.0000000000,81
1200,114,0.0115264960,30347312.0000000000,95
1200,115,0.0112107420,30347312.0000000000,96
1200,116,0.0115482070,30347312.0000000000,57
1200,117,0.0109684220,27355696.0000000000,33
1200,118,0.0110030910,27355696.0000000000,52
1200,119,0.0109586050,27355696.0000000000,44
1200,120,0.0115571950,30347312.0000000000,72
1200,121,0.0115706450,30347312.0000000000,83
1200,122,0.0115545970,30347312.0000000000,90
1200,123,0.0115707120,30347312.0000000000,72
1200,124,0.0115102020,30347312.0000000000,89
1200,125,0.0115842090,30347312.0000000000,65
1200,126,0.0111869040,30347312.0000000000,99
1200,127,0.0115388090,30347312.0000000000,61
1200,128,0.0114860760,30347312.0000000000,87
1200,129,0.0109643600,27355696.0000000000,18
1200,130,0.0109678110,27355696.0000000000,32
1200,131,0.0109789750,27355696.0000000000,31
1200,132,0.0112312520,30347312.0000000000,96
1200,133,0.0115506390,30347312.0000000000,68
1200,134,0.0115407560,30347312.0000000000,66
1200,135,0.0114936090,30347312.0000000000,91
1200,136,0.0115710860,30347312.0000000000,64
1200,137,0.0115384290,30347312.0000000000,73
1200,138,0.0115194960,30347312.0000000000,77
1200,139,0.0115433680,30347312.0000000000,62
1200,140,0.0115387080,30347312.0000000000,84
1200,141,0.0109784430,27355696.0000000000,28
1200,142,0.0109113030,27355696.0000000000,35
1200,143,0.0109446480,27355696.0000000000,36
1200,144,0.0115327660,30347312.0000000000,57
1200,145,0.0115265970,30347312.0000000000,60
1200,146,0.0115433560,30347312.0000000000,87
1200,147,0.0115341390,30347312.0000000000,59
1200,148,0.0115408090,30347312.0000000000,97
1200,149,0.0115482720,30347312.0000000000,76
1200,150,0.0115220520,30347312.0000000000,97
1200,151,0.0115685420,30347312.0000000000,7
1200,152,0.0115279040,30347312.0000000000,71
1200,153,0.0109463750,27355696.0000000000,16
1200,154,0.0109585390,27355696.0000000000,20
1200,155,0.0110144450,27355696.0000000000,17
1200,156,0.0115832550,30347312.0000000000,74
1200,157,0.0115418820,30347312.0000000000,97
1200,158,0.0115481350,30347312.0000000000,88
1200,159,0.0115381220,30347312.0000000000,5
1200,160,0.0115292000,30347312.0000000000,86
1200,161,0.0115401420,30347312.0000000000,92
1200,162,0.0115136890,30347312.0000000000,60
1200,163,0.0115328940,30347312.0000000000,98
1200,164,0.0115350660,30347312.0000000000,76
1200,165,0.0109591490,27355696.0000000000,41
1200,166,0.0110060720,27355696.0000000000,13
1200,167,0.0109443270,27355696.0000000000,51
1200,168,0.0115353700,30347312.0000000000,71
1200,169,0.0115288820,30347312.0000000000,10
1200,170,0.0115420150,30347312.0000000000,92
1200,171,0.0115175680,30347312.0000000000,9
1200,172,0.0115407170,30347312.0000000000,66
1200,173,0.0115560720,30347312.0000000000,59
1200,174,0.0115134480,30347312.0000000000,91
1200,175,0.0115445980,30347312.0000000000,69
1200,176,0.0115516620,30347312.0000000000,70
1200,177,0.0109802020,27355696.0000000000,26
1200,178,0.0109664390,27355696.0000000000,53
1200,179,0.0109964670,27355696.0000000000,29
1200,180,0.0115716570,30347312.0000000000,6
1200,181,0.0115484140,30347312.0000000000,90
1200,182,0.0115289610,30347312.0000000000,63
1200,183,0.0115243110,30347312.0000000000,61
1200,184,0.0115374100,30347312.0000000000,78
1200,185,0.0115166380,30347312.0000000000,75
1200,186,0.0115028200,30347312.0000000000,93
1200,187,0.0115536930,30347312.0000000000,82
1200,188,0.0115424070,30347312.0000000000,3
1200,189,0.0109460930,27355696.0000000000,19
1200,190,0.0109397080,27355696.0000000000,46
1200,191,0.0109758990,27355696.0000000000,42
1200,192,0.0115696070,30347312.0000000000,56
1200,193,0.0115405920,30347312.0000000000,95
1200,194,0.0115090810,30347312.0000000000,93
1200,195,0.0115728550,30347312.0000000000,74
1200,196,0.0115374760,30347312.0000000000,92
1200,197,0.0114694360,30347312.0000000000,94
1200,198,0.0115483790,30347312.0000000000,75
1200,199,0.0115494070,30347312.0000000000,90
1200,200,0.0115514130,30347312.0000000000,84
1200,201,0.0109598040,27355696.0000000000,34
1200,202,0.0109603690,27355696.0000000000,43
1200,203,0.0109393540,27355696.0000000000,24
1200,204,0.0115402470,30347312.0000000000,82
1200,205,0.0115293960,30347312.0000000000,79
1200,206,0.0115297430,30347312.0000000000,75
1200,207,0.0115085600,30347312.0000000000,95
1200,208,0.0115667540,30347312.0000000000,72
1200,209,0.0114746760,30347312.0000000000,94
1200,210,0.0115241870,30347312.0000000000,81
1200,211,0.0115589680,30347312.0000000000,11
1200,212,0.0115262630,30347312.0000000000,56
1200,213,0.0109470320,27355696.0000000000,39
1200,214,0.0109514830,27355696.0000000000,40
1200,215,0.0109641820,27355696.0000000000,15
1200,216,0.0115268640,30347312.0000000000,63
1200,217,0.0115449190,30347312.0000000000,98
1200,218,0.0115250940,30347312.0000000000,85
1200,219,0.0115496570,30347312.0000000000,83
1200,220,0.0115283420,30347312.0000000000,78
1200,221,0.0114868710,30347312.0000000000,93
1200,222,0.0115483640,30347312.0000000000,81
1200,223,0.0115264680,30347312.0000000000,12
1200,224,0.0115021780,30347312.0000000000,86
1200,225,0.0109715100,27355696.0000000000,38
1200,226,0.0109740820,27355696.0000000000,14
1200,227,0.0109277000,27355696.0000000000,23
1200,228,0.0115856760,30347312.0000000000,80
1200,229,0.0115237330,30347312.0000000000,79
1200,230,0.0115735800,30347312.0000000000,1
1200,231,0.0115504550,30347312.0000000000,64
1200,232,0.0115504260,30347312.0000000000,80
1200,233,0.0112081380,30347312.0000000000,96
1200,234,0.0115405620,30347312.0000000000,62
1200,235,0.0115451360,30347312.0000000000,4
1200,236,0.0115319770,30347312.0000000000,2
1200,237,0.0109684800,27355696.0000000000,1
1200,238,0.0109202300,27355696.0000000000,49
1200,239,0.0109305110,27355696.0000000000,47
1200,240,0.0114790150,30347312.0000000000,94
1200,241,0.0115285200,30347312.0000000000,8
1200,242,0.0115346300,30347312.0000000000,84
1200,243,0.0115143160,30347312.0000000000,1
1200,244,0.0115271430,30347312.0000000000,97
1200,245,0.0115318650,30347312.0000000000,85
1200,246,0.0115572690,30347312.0000000000,67
1200,247,0.0115102310,30347312.0000000000,91
1200,248,0.0115131280,30347312.0000000000,58
1200,249,0.0109225800,27355696.0000000000,0
1200,250,0.0109190650,27355696.0000000000,25
1200,251,0.0109690570,27355696.0000000000,45
1200,252,0.0115741400,30347312.0000000000,67
1200,253,0.0111882280,30347312.0000000000,99
1200,254,0.0111892610,30347312.0000000000,99
1200,255,0.0115456440,30347312.0000000000,73
1200,256,0.0115415310,30347312.0000000000,68
1200,257,0.0115058320,30347312.0000000000,89
1200,258,0.0115435470,30347312.0000000000,88
1200,259,0.0114771970,30347312.0000000000,89
1200,260,0.0115328610,30347312.0000000000,77
1200,261,0.0109518560,27355696.0000000000,22
1200,262,0.0110259250,27355696.0000000000,48
1200,263,0.0109538420,27355696.0000000000,27
1200,264,0.0114847580,30347312.0000000000,77
1200,265,0.0114987720,30347312.0000000000,73
1200,266,0.0115405900,30347312.0000000000,70
1200,267,0.0115306950,30347312.0000000000,0
1200,268,0.0115108980,30347312.0000000000,0
1200,269,0.0115291350,30347312.0000000000,78
1200,270,0.0115360600,30347312.0000000000,82
1200,271,0.0115350500,30347312.0000000000,80
1200,272,0.0115491980,30347312.0000000000,69
1200,273,0.0109823210,27355696.0000000000,30
1200,274,0.0109748650,27355696.0000000000,55
1200,275,0.0109358000,27355696.0000000000,50
1250,0,3.5508444515,149683904.0000000000,79
1250,1,3.4054636379,143188224.0000000000,80
1250,2,3.1446774573,134689632.0000000000,78
1250,3,3.2088715711,135825456.0000000000,75
1250,4,3.0861107889,133670080.0000000000,74
1250,5,2.8566843380,127170688.0000000000,72
1250,6,2.9435948485,129819744.0000000000,76
1250,7,3.2454851729,137695904.0000000000,73
1250,8,3.5651624547,146883552.0000000000,77
1250,9,4.0986064496,160152960.0000000000,82
1250,10,3.9701050598,158019696.0000000000,81
1250,11,3.6857572732,150676752.0000000000,83
1250,12,5.8444636101,239972464.0000000000,12
1250,13,6.0833411566,244426592.0000000000,9
1250,14,6.4336063454,251009488.0000000000,33
1250,15,6.5677594807,253133936.0000000000,32
1250,16,6.6413891452,254557632.0000000000,51
1250,17,6.7552063316,257531728.0000000000,47
1250,18,6.8183980648,259794400.0000000000,26
1250,19,6.9148817658,262851280.0000000000,45
1250,20,6.9986194524,266918688.0000000000,19
1250,21,5.7211222137,226195856.0000000000,64
1250,22,5.4002463003,218322768.0000000000,68
1250,23,5.2787899374,216223424.0000000000,71
1250,24,5.6843398523,239965984.0000000000,42
1250,25,5.6798331789,240065584.0000000000,2
1250,26,5.6845257132,240065984.0000000000,18
1250,27,5.6799466400,240063312.0000000000,34
1250,28,5.6834529499,240065648.0000000000,13
1250,29,5.6776195771,240062128.0000000000,15
1250,30,5.6779417218,240065984.0000000000,55
1250,31,5.6790167519,240063584.0000000000,44
1250,32,5.6804419118,240066208.0000000000,36
1250,33,5.1444200978,216103312.0000000000,70
1250,34,5.1386085620,216098608.0000000000,58
1250,35,5.1413109022,216006128.0000000000,66
1250,36,5.6771319328,239966208.0000000000,22
1250,37,5.6793283405,240064640.0000000000,20
1250,38,5.6808046880,240061616.0000000000,6
1250,39,5.6778867973,240064240.0000000000,7
1250,40,5.6774820362,240062080.0000000000,27
1250,41,5.6847521336,240066080.0000000000,17
1250,42,5.6779104349,240063184.0000000000,54
1250,43,5.6779626587,240061200.0000000000,3
1250,44,5.6863100831,240059824.0000000000,29
1250,45,5.1446763076,216100944.0000000000,67
1250,46,5.1450416197,216099104.0000000000,65
1250,47,5.1390907288,216002304.0000000000,59
1250,48,5.6787140982,239968736.0000000000,41
1250,49,5.6801404921,240062224.0000000000,35
1250,50,5.6826109172,240062992.0000000000,4
1250,51,5.6791369105,240061840.0000000000,5
1250,52,5.6838061095,240064304.0000000000,37
1250,53,5.6799419455,240063120.0000000000,8
1250,54,5.6795736398,240060272.0000000000,11
1250,55,5.6772990145,240066896.0000000000,23
1250,56,5.6790609042,240064096.0000000000,21
1250,57,5.1423443172,216102400.0000000000,56
1250,58,5.1403081473,216099216.0000000000,61
1250,59,5.1380428103,216009280.0000000000,57
1250,60,5.6778029458,240040560.0000000000,16
1250,61,5.6797655299,240195008.0000000000,53
1250,62,5.6813120272,240181904.0000000000,24
1250,63,5.6842973557,240188624.0000000000,28
1250,64,5.6865774006,240177984.0000000000,38
1250,65,5.6823576091,240185264.0000000000,14
1250,66,5.6800885162,240179776.0000000000,40
1250,67,5.6857887995,240184816.0000000000,30
1250,68,5.6885211590,240177312.0000000000,48
1250,69,5.1434522861,216206000.0000000000,1
1250,70,5.1472902441,216206672.0000000000,62
1250,71,5.1399557105,216067008.0000000000,63
1250,72,5.6541039426,239450096.0000000000,52
1250,73,5.6793035443,239951520.0000000000,49
1250,74,5.6852091816,239952880.0000000000,39
1250,75,5.6832658006,239930768.0000000000,43
1250,76,5.6817289683,239945248.0000000000,25
1250,77,5.6809206588,239938256.0000000000,50
1250,78,5.6760212084,239933184.0000000000,46
1250,79,5.6793270917,239956944.0000000000,10
1250,80,5.6890698750,239947024.0000000000,31
1250,81,5.1489063735,215997568.0000000000,69
1250,82,5.1446068397,215977008.0000000000,60
1250,83,5.1111041776,215514032.0000000000,0
1250,84,1.9210164232,89677504.0000000000,92
1250,85,1.9195161478,89813984.0000000000,84
1250,86,1.9191199796,89826592.0000000000,89
1250,87,1.9200868918,89826160.0000000000,88
1250,88,1.9204294182,89820560.0000000000,85
1250,89,1.9211117108,89822800.0000000000,90
1250,90,1.9207520421,89831536.0000000000,87
1250,91,1.9198805827,89819888.0000000000,86
1250,92,1.9186355985,89823472.0000000000,91
1250,93,1.7907769649,80887936.0000000000,93
1250,94,1.7893488375,80891136.0000000000,94
1250,95,1.7896506619,80728768.0000000000,95
1250,96,0.3768346880,30347312.0000000000,88
1250,97,0.3770989985,30347312.0000000000,76
1250,98,0.3764321484,30347312.0000000000,87
1250,99,0.3765278748,30347312.0000000000,86
1250,100,0.3670430861,30347312.0000000000,96
1250,101,0.3781917829,30347312.0000000000,98
1250,102,0.3779019451,30347312.0000000000,83
1250,103,0.3773780612,30347312.0000000000,98
1250,104,0.3770387920,30347312.0000000000,85
1250,105,0.3586714357,27355696.0000000000,37
1250,106,0.3577493473,27355696.0000000000,21
1250,107,0.3572876467,27355696.0000000000,54
1250,108,0.3770152538,30347312.0000000000,79
1250,109,0.3783115783,30347312.0000000000,74
1250,110,0.3780842338,30347312.0000000000,65
1250,111,0.3762070099,30347312.0000000000,58
1250,112,0.3665860432,30347312.0000000000,99
1250,113,0.3768046499,30347312.0000000000,81
1250,114,0.3769262091,30347312.0000000000,95
1250,115,0.3659430690,30347312.0000000000,96
1250,116,0.3771410957,30347312.0000000000,57
1250,117,0.3579772654,27355696.0000000000,33
1250,118,0.3589497955,27355696.0000000000,52
1250,119,0.3584812607,27355696.0000000000,44
1250,120,0.3780999427,30347312.0000000000,72
1250,121,0.3778742623,30347312.0000000000,83
1250,122,0.3772756518,30347312.0000000000,90
1250,123,0.3777745981,30347312.0000000000,72
1250,124,0.3759091484,30347312.0000000000,89
1250,125,0.3779870048,30347312.0000000000,65
1250,126,0.3655436929,30347312.0000000000,99
1250,127,0.3764853116,30347312.0000000000,61
1250,128,0.3761987701,30347312.0000000000,87
1250,129,0.3582703733,27355696.0000000000,18
1250,130,0.3587169490,27355696.0000000000,32
1250,131,0.3585979855,27355696.0000000000,31
1250,132,0.3660788863,30347312.0000000000,96
1250,133,0.3775192149,30347312.0000000000,68
1250,134,0.3771925813,30347312.0000000000,66
1250,135,0.3756486013,30347312.0000000000,91
1250,136,0.3775896496,30347312.0000000000,64
1250,137,0.3768975141,30347312.0000000000,73
1250,138,0.3763355480,30347312.0000000000,77
1250,139,0.3774611611,30347312.0000000000,62
1250,140,0.3768903894,30347312.0000000000,84
1250,141,0.3585225309,27355696.0000000000,28
1250,142,0.3572667321,27355696.0000000000,35
1250,143,0.3575032824,27355696.0000000000,36
1250,144,0.3769013870,30347312.0000000000,57
1250,145,0.3770584199,30347312.0000000000,60
1250,146,0.3763514614,30347312.0000000000,87
1250,147,0.3773384419,30347312.0000000000,59
1250,148,0.3776463485,30347312.0000000000,97
1250,149,0.3772543523,30347312.0000000000,76
1250,150,0.3768495825,30347312.0000000000,97
1250,151,0.3779202430,30347312.0000000000,7
1250,152,0.3770080404,30347312.0000000000,71
1250,153,0.3573974706,27355696.0000000000,16
1250,154,0.3574378171,27355696.0000000000,20
1250,155,0.3594072053,27355696.0000000000,17
1250,156,0.3782736961,30347312.0000000000,74
1250,157,0.3768671013,30347312.0000000000,97
1250,158,0.3768802799,30347312.0000000000,88
1250,159,0.3769980440,30347312.0000000000,5
1250,160,0.3764254102,30347312.0000000000,86
1250,161,0.3777805235,30347312.0000000000,92
1250,162,0.3785833745,30347312.0000000000,60
1250,163,0.3773710422,30347312.0000000000,98
1250,164,0.3771405036,30347312.0000000000,76
1250,165,0.3577388690,27355696.0000000000,41
1250,166,0.3592625547,27355696.0000000000,13
1250,167,0.3572093545,27355696.0000000000,51
1250,168,0.3769192694,30347312.0000000000,71
1250,169,0.3775296945,30347312.0000000000,10
1250,170,0.3777125067,30347312.0000000000,92
1250,171,0.3761655344,30347312.0000000000,9
1250,172,0.3769593909,30347312.0000000000,66
1250,173,0.3771791787,30347312.0000000000,59
1250,174,0.3757005701,30347312.0000000000,91
1250,175,0.3777643023,30347312.0000000000,69
1250,176,0.3770620421,30347312.0000000000,70
1250,177,0.3586088385,27355696.0000000000,26
1250,178,0.3576853291,27355696.0000000000,53
1250,179,0.3592625521,27355696.0000000000,29
1250,180,0.3782086900,30347312.0000000000,6
1250,181,0.3773353726,30347312.0000000000,90
1250,182,0.3772178396,30347312.0000000000,63
1250,183,0.3764285703,30347312.0000000000,61
1250,184,0.3769505131,30347312.0000000000,78
1250,185,0.3769639510,30347312.0000000000,75
1250,186,0.3764258195,30347312.0000000000,93
1250,187,0.3775303252,30347312.0000000000,82
1250,188,0.3774293726,30347312.0000000000,3
1250,189,0.3575492675,27355696.0000000000,19
1250,190,0.3567466778,27355696.0000000000,46
1250,191,0.3594960718,27355696.0000000000,42
1250,192,0.3777021623,30347312.0000000000,56
1250,193,0.3766636066,30347312.0000000000,95
1250,194,0.3764098731,30347312.0000000000,93
1250,195,0.3782576484,30347312.0000000000,74
1250,196,0.3776366353,30347312.0000000000,92
1250,197,0.3752091308,30347312.0000000000,94
1250,198,0.3767293865,30347312.0000000000,75
1250,199,0.3772101732,30347312.0000000000,90
1250,200,0.3766591114,30347312.0000000000,84
1250,201,0.3578745330,27355696.0000000000,34
1250,202,0.3587746652,27355696.0000000000,43
1250,203,0.3571931488,27355696.0000000000,24
1250,204,0.3774377011,30347312.0000000000,82
1250,205,0.3770957511,30347312.0000000000,79
1250,206,0.3767572175,30347312.0000000000,75
1250,207,0.3767603593,30347312.0000000000,95
1250,208,0.3778611690,30347312.0000000000,72
1250,209,0.3751231447,30347312.0000000000,94
1250,210,0.3767101740,30347312.0000000000,81
1250,211,0.3771079887,30347312.0000000000,11
1250,212,0.3774172211,30347312.0000000000,56
1250,213,0.3578472398,27355696.0000000000,39
1250,214,0.3578751043,27355696.0000000000,40
1250,215,0.3581183565,27355696.0000000000,15
1250,216,0.3769869475,30347312.0000000000,63
1250,217,0.3774374483,30347312.0000000000,98
1250,218,0.3768848350,30347312.0000000000,85
1250,219,0.3778606132,30347312.0000000000,83
1250,220,0.3771788797,30347312.0000000000,78
1250,221,0.3763291112,30347312.0000000000,93
1250,222,0.3768584601,30347312.0000000000,81
1250,223,0.3766051957,30347312.0000000000,12
1250,224,0.3765456538,30347312.0000000000,86
1250,225,0.3585469433,27355696.0000000000,38
1250,226,0.3575838529,27355696.0000000000,14
1250,227,0.3578782966,27355696.0000000000,23
1250,228,0.3778869537,30347312.0000000000,80
1250,229,0.3770122467,30347312.0000000000,79
1250,230,0.3773743264,30347312.0000000000,1
1250,231,0.3774089201,30347312.0000000000,64
1250,232,0.3780268827,30347312.0000000000,80
1250,233,0.3658140303,30347312.0000000000,96
1250,234,0.3773768115,30347312.0000000000,62
1250,235,0.3774801070,30347312.0000000000,4
1250,236,0.3769388513,30347312.0000000000,2
1250,237,0.3577534295,27355696.0000000000,1
1250,238,0.3570428884,27355696.0000000000,49
1250,239,0.3575075844,27355696.0000000000,47
1250,240,0.3750788830,30347312.0000000000,94
1250,241,0.3771044301,30347312.0000000000,8
1250,242,0.3766543593,30347312.0000000000,84
1250,243,0.3773455420,30347312.0000000000,1
1250,244,0.3768329138,30347312.0000000000,97
1250,245,0.3769421423,30347312.0000000000,85
1250,246,0.3778211552,30347312.0000000000,67
1250,247,0.3755671516,30347312.0000000000,91
1250,248,0.3760407943,30347312.0000000000,58
1250,249,0.3567467546,27355696.0000000000,0
1250,250,0.3568871162,27355696.0000000000,25
1250,251,0.3585762920,27355696.0000000000,45
1250,252,0.3778209057,30347312.0000000000,67
1250,253,0.3657600884,30347312.0000000000,99
1250,254,0.3655440075,30347312.0000000000,99
1250,255,0.3765712896,30347312.0000000000,73
1250,256,0.3775794072,30347312.0000000000,68
1250,257,0.3758774606,30347312.0000000000,89
1250,258,0.3767434728,30347312.0000000000,88
1250,259,0.3758746833,30347312.0000000000,89
1250,260,0.3763840574,30347312.0000000000,77
1250,261,0.3579285556,27355696.0000000000,22
1250,262,0.3596712034,27355696.0000000000,48
1250,263,0.3579705619,27355696.0000000000,27
1250,264,0.3763428636,30347312.0000000000,77
1250,265,0.3765395094,30347312.0000000000,73
1250,266,0.3771485477,30347312.0000000000,70
1250,267,0.3762159086,30347312.0000000000,0
1250,268,0.3762421657,30347312.0000000000,0
1250,269,0.3768735091,30347312.0000000000,78
1250,270,0.3775094809,30347312.0000000000,82
1250,271,0.3778031888,30347312.0000000000,80
1250,272,0.3775258178,30347312.0000000000,69
1250,273,0.3587195882,27355696.0000000000,30
1250,274,0.3583788944,27355696.0000000000,55
1250,275,0.3576850228,27355696.0000000000,50
1300,0,0.1088351880,149227088.0000000000,79
1300,1,0.1035647750,141882096.0000000000,80
1300,2,0.0956688590,133542656.0000000000,78
1300,3,0.1000284270,135816832.0000000000,75
1300,4,0.0958652410,133574080.0000000000,74
1300,5,0.0876432390,126408096.0000000000,72
1300,6,0.0907145730,129232448.0000000000,76
1300,7,0.0996720420,137168720.0000000000,73
1300,8,0.1127320920,148085152.0000000000,77
1300,9,0.1305475280,161777072.0000000000,82
1300,10,0.1259045580,159016272.0000000000,81
1300,11,0.1152604650,151065280.0000000000,83
1300,12,0.1828790860,240345648.0000000000,12
1300,13,0.1921569820,245291344.0000000000,9
1300,14,0.2012192820,251047168.0000000000,33
1300,15,0.2050775600,253401136.0000000000,32
1300,16,0.2061499290,254792048.0000000000,51
1300,17,0.2076776180,257268464.0000000000,47
1300,18,0.2087137410,259147504.0000000000,26
1300,19,0.2131595870,262066512.0000000000,45
1300,20,0.2183129040,266681472.0000000000,19
1300,21,0.1789093610,225955696.0000000000,64
1300,22,0.1690793680,218039376.0000000000,68
1300,23,0.1646707990,215973344.0000000000,71
1300,24,0.1766110170,239964576.0000000000,42
1300,25,0.1764583760,240066016.0000000000,2
1300,26,0.1766757010,240063232.0000000000,18
1300,27,0.1764807200,240064944.0000000000,34
1300,28,0.1767028290,240062096.0000000000,13
1300,29,0.1764163270,240063776.0000000000,15
1300,30,0.1764176680,240064752.0000000000,55
1300,31,0.1764910040,240062656.0000000000,44
1300,32,0.1765282520,240065936.0000000000,36
1300,33,0.1598374280,216100160.0000000000,70
1300,34,0.1596495800,216101968.0000000000,58
1300,35,0.1597565690,216000864.0000000000,66
1300,36,0.1764803930,239968448.0000000000,22
1300,37,0.1764448030,240061984.0000000000,20
1300,38,0.1764370360,240059472.0000000000,6
1300,39,0.1763566400,240059920.0000000000,7
1300,40,0.1763612380,240061824.0000000000,27
1300,41,0.1765987220,240065936.0000000000,17
1300,42,0.1764836570,240060112.0000000000,54
1300,43,0.1764587190,240065728.0000000000,3
1300,44,0.1766645630,240059792.0000000000,29
1300,45,0.1598804030,216101728.0000000000,67
1300,46,0.1598957550,216100176.0000000000,65
1300,47,0.1597473490,216004096.0000000000,59
1300,48,0.1764020130,239968736.0000000000,41
1300,49,0.1765121990,240064608.0000000000,35
1300,50,0.1766706070,240059344.0000000000,4
1300,51,0.1765386410,240064688.0000000000,5
1300,52,0.1765788300,240064384.0000000000,37
1300,53,0.1765548870,240064304.0000000000,8
1300,54,0.1766071180,240062496.0000000000,11
1300,55,0.1763819040,240064640.0000000000,23
1300,56,0.1764066010,240065472.0000000000,21
1300,57,0.1596868110,216101216.0000000000,56
1300,58,0.1597498010,216100144.0000000000,61
1300,59,0.1596386790,216001600.0000000000,57
1300,60,0.1763601200,240054256.0000000000,16
1300,61,0.1764566410,240210352.0000000000,53
1300,62,0.1764682350,240202176.0000000000,24
1300,63,0.1766091770,240205184.0000000000,28
1300,64,0.1767334280,240196128.0000000000,38
1300,65,0.1764392810,240201504.0000000000,14
1300,66,0.1764592830,240196240.0000000000,40
1300,67,0.1767269430,240197248.0000000000,30
1300,68,0.1767339920,240197552.0000000000,48
1300,69,0.1597652340,216214960.0000000000,1
1300,70,0.1600621140,216227280.0000000000,62
1300,71,0.1596707280,216077312.0000000000,63
1300,72,0.1756830980,239411680.0000000000,52
1300,73,0.1764553650,239934176.0000000000,49
1300,74,0.1765299750,239936080.0000000000,39
1300,75,0.1767047190,239913440.0000000000,43
1300,76,0.1765367380,239925808.0000000000,25
1300,77,0.1764679490,239926688.0000000000,50
1300,78,0.1764356870,239921120.0000000000,46
1300,79,0.1764999310,239936720.0000000000,10
1300,80,0.1766764260,239930784.0000000000,31
1300,81,0.1598875430,215977504.0000000000,69
1300,82,0.1598159790,215961856.0000000000,60
1300,83,0.1588099870,215477696.0000000000,0
1300,84,0.0596858160,89674032.0000000000,92
1300,85,0.0595070960,89812800.0000000000,84
1300,86,0.0595242930,89822432.0000000000,89
1300,87,0.0594966500,89824704.0000000000,88
1300,88,0.0595178680,89821568.0000000000,85
1300,89,0.0595477060,89820336.0000000000,90
1300,90,0.0595291200,89829968.0000000000,87
1300,91,0.0595479860,89820096.0000000000,86
1300,92,0.0595117790,89824944.0000000000,91
1300,93,0.0555094830,80893200.0000000000,93
1300,94,0.0554999510,80888640.0000000000,94
1300,95,0.0554848020,80724368.0000000000,95
1300,96,0.0115343190,30347312.0000000000,88
1300,97,0.0115475100,30347312.0000000000,76
1300,98,0.0115295200,30347312.0000000000,87
1300,99,0.0115268650,30347312.0000000000,86
1300,100,0.0112380260,30347312.0000000000,96
1300,101,0.0115967380,30347312.0000000000,98
1300,102,0.0115673590,30347312.0000000000,83
1300,103,0.0115379440,30347312.0000000000,98
1300,104,0.0115404920,30347312.0000000000,85
1300,105,0.0109837550,27355696.0000000000,37
1300,106,0.0109530100,27355696.0000000000,21
1300,107,0.0109440770,27355696.0000000000,54
1300,108,0.0115170520,30347312.0000000000,79
1300,109,0.0115829550,30347312.0000000000,74
1300,110,0.0115552570,30347312.0000000000,65
1300,111,0.0115147220,30347312.0000000000,58
1300,112,0.0112005240,30347312.0000000000,99
1300,113,0.0115401990,30347312.0000000000,81
1300,114,0.0115324470,30347312.0000000000,95
1300,115,0.0112083660,30347312.0000000000,96
1300,116,0.0115450810,30347312.0000000000,57
1300,117,0.0109499680,27355696.0000000000,33
1300,118,0.0109942940,27355696.0000000000,52
1300,119,0.0109876820,27355696.0000000000,44
1300,120,0.0115539190,30347312.0000000000,72
1300,121,0.0115517990,30347312.0000000000,83
1300,122,0.0115565720,30347312.0000000000,90
1300,123,0.0115678760,30347312.0000000000,72
1300,124,0.0115080980,30347312.0000000000,89
1300,125,0.0115560760,30347312.0000000000,65
1300,126,0.0112274650,30347312.0000000000,99
1300,127,0.0115268540,30347312.0000000000,61
1300,128,0.0115110640,30347312.0000000000,87
1300,129,0.0109976750,27355696.0000000000,18
1300,130,0.0109770190,27355696.0000000000,32
1300,131,0.0109880540,27355696.0000000000,31
1300,132,0.0112127050,30347312.0000000000,96
1300,133,0.0115480140,30347312.0000000000,68
1300,134,0.0115356760,30347312.0000000000,66
1300,135,0.0114865960,30347312.0000000000,91
1300,136,0.0115450770,30347312.0000000000,64
1300,137,0.0115474550,30347312.0000000000,73
1300,138,0.0115209990,30347312.0000000000,77
1300,139,0.0115467340,30347312.0000000000,62
1300,140,0.0115138890,30347312.0000000000,84
1300,141,0.0110001580,27355696.0000000000,28
1300,142,0.0109403380,27355696.0000000000,35
1300,143,0.0109448200,27355696.0000000000,36
1300,144,0.0115490780,30347312.0000000000,57
1300,145,0.0115398920,30347312.0000000000,60
1300,146,0.0115101830,30347312.0000000000,87
1300,147,0.0115467440,30347312.0000000000,59
1300,148,0.0115443290,30347312.0000000000,97
1300,149,0.0115529010,30347312.0000000000,76
1300,150,0.0115494490,30347312.0000000000,97
1300,151,0.0115577600,30347312.0000000000,7
1300,152,0.0115354880,30347312.0000000000,71
1300,153,0.0109411150,27355696.0000000000,16
1300,154,0.0109508750,27355696.0000000000,20
1300,155,0.0110047880,27355696.0000000000,17
1300,156,0.0115975130,30347312.0000000000,74
1300,157,0.0115410410,30347312.0000000000,97
1300,158,0.0115345300,30347312.0000000000,88
1300,159,0.0115271910,30347312.0000000000,5
1300,160,0.0115084500,30347312.0000000000,86
1300,161,0.0115762740,30347312.0000000000,92
1300,162,0.0115413020,30347312.0000000000,60
1300,163,0.0115670320,30347312.0000000000,98
1300,164,0.0115490530,30347312.0000000000,76
1300,165,0.0109484270,27355696.0000000000,41
1300,166,0.0109847900,27355696.0000000000,13
1300,167,0.0109215530,27355696.0000000000,51
1300,168,0.0115368920,30347312.0000000000,71
1300,169,0.0115472160,30347312.0000000000,10
1300,170,0.0115478370,30347312.0000000000,92
1300,171,0.0115260460,30347312.0000000000,9
1300,172,0.0115348860,30347312.0000000000,66
1300,173,0.0115499690,30347312.0000000000,59
1300,174,0.0114842410,30347312.0000000000,91
1300,175,0.0115610680,30347312.0000000000,69
1300,176,0.0115471320,30347312.0000000000,70
1300,177,0.0109794630,27355696.0000000000,26
1300,178,0.0109489860,27355696.0000000000,53
1300,179,0.0110003180,27355696.0000000000,29
1300,180,0.0115763480,30347312.0000000000,6
1300,181,0.0115306920,30347312.0000000000,90
1300,182,0.0115528470,30347312.0000000000,63
1300,183,0.0115100930,30347312.0000000000,61
1300,184,0.0115358890,30347312.0000000000,78
1300,185,0.0115408450,30347312.0000000000,75
1300,186,0.0115035920,30347312.0000000000,93
1300,187,0.0115601060,30347312.0000000000,82
1300,188,0.0115101650,30347312.0000000000,3
1300,189,0.0109609040,27355696.0000000000,19
1300,190,0.0109178070,27355696.0000000000,46
1300,191,0.0109933540,27355696.0000000000,42
1300,192,0.0115644070,30347312.0000000000,56
1300,193,0.0115006260,30347312.0000000000,95
1300,194,0.0115203750,30347312.0000000000,93
1300,195,0.0115676260,30347312.0000000000,74
1300,196,0.0115537090,30347312.0000000000,92
1300,197,0.0114655900,30347312.0000000000,94
1300,198,0.0115181510,30347312.0000000000,75
1300,199,0.0115623930,30347312.0000000000,90
1300,200,0.0115218870,30347312.0000000000,84
1300,201,0.0109497370,27355696.0000000000,34
1300,202,0.0110081710,27355696.0000000000,43
1300,203,0.0109473200,27355696.0000000000,24
1300,204,0.0115466900,30347312.0000000000,82
1300,205,0.0115397050,30347312.0000000000,79
1300,206,0.0115217960,30347312.0000000000,75
1300,207,0.0115354230,30347312.0000000000,95
1300,208,0.0115720530,30347312.0000000000,72
1300,209,0.0114674130,30347312.0000000000,94
1300,210,0.0115216090,30347312.0000000000,81
1300,211,0.0115357750,30347312.0000000000,11
1300,212,0.0115565730,30347312.0000000000,56
1300,213,0.0109484870,27355696.0000000000,39
1300,214,0.0109722330,27355696.0000000000,40
1300,215,0.0109622250,27355696.0000000000,15
1300,216,0.0115292120,30347312.0000000000,63
1300,217,0.0115470620,30347312.0000000000,98
1300,218,0.0115294400,30347312.0000000000,85
1300,219,0.0115393770,30347312.0000000000,83
1300,220,0.0115260490,30347312.0000000000,78
1300,221,0.0115098830,30347312.0000000000,93
1300,222,0.0115233960,30347312.0000000000,81
1300,223,0.0115535490,30347312.0000000000,12
1300,224,0.0115376480,30347312.0000000000,86
1300,225,0.0109493290,27355696.0000000000,38
1300,226,0.0109519780,27355696.0000000000,14
1300,227,0.0109801220,27355696.0000000000,23
1300,228,0.0116035120,30347312.0000000000,80
1300,229,0.0115448280,30347312.0000000000,79
1300,230,0.0115311770,30347312.0000000000,1
1300,231,0.0115271530,30347312.0000000000,64
1300,232,0.0115791830,30347312.0000000000,80
1300,233,0.0112110740,30347312.0000000000,96
1300,234,0.0115526140,30347312.0000000000,62
1300,235,0.0115506570,30347312.0000000000,4
1300,236,0.0115321890,30347312.0000000000,2
1300,237,0.0109388510,27355696.0000000000,1
1300,238,0.0109211320,27355696.0000000000,49
1300,239,0.0109358230,27355696.0000000000,47
1300,240,0.0114774510,30347312.0000000000,94
1300,241,0.0115304640,30347312.0000000000,8
1300,242,0.0115404810,30347312.0000000000,84
1300,243,0.0115292220,30347312.0000000000,1
1300,244,0.0115383550,30347312.0000000000,97
1300,245,0.0115394880,30347312.0000000000,85
1300,246,0.0115606270,30347312.0000000000,67
1300,247,0.0115005720,30347312.0000000000,91
1300,248,0.0115102610,30347312.0000000000,58
1300,249,0.0109253350,27355696.0000000000,0
1300,250,0.0109378700,27355696.0000000000,25
1300,251,0.0109740860,27355696.0000000000,45
1300,252,0.0115661260,30347312.0000000000,67
1300,253,0.0112103320,30347312.0000000000,99
1300,254,0.0112010340,30347312.0000000000,99
1300,255,0.0115171050,30347312.0000000000,73
1300,256,0.0115452970,30347312.0000000000,68
1300,257,0.0114903750,30347312.0000000000,89
1300,258,0.0115186080,30347312.0000000000,88
1300,259,0.0114928190,30347312.0000000000,89
1300,260,0.0115440530,30347312.0000000000,77
1300,261,0.0109463080,27355696.0000000000,22
1300,262,0.0110176170,27355696.0000000000,48
1300,263,0.0109659160,27355696.0000000000,27
1300,264,0.0115172140,30347312.0000000000,77
1300,265,0.0115380860,30347312.0000000000,73
1300,266,0.0115498570,30347312.0000000000,70
1300,267,0.0115079000,30347312.0000000000,0
1300,268,0.0115038440,30347312.0000000000,0
1300,269,0.0115589920,30347312.0000000000,78
1300,270,0.0115724800,30347312.0000000000,82
1300,271,0.0115604680,30347312.0000000000,80
1300,272,0.0115423710,30347312.0000000000,69
1300,273,0.0109696900,27355696.0000000000,30
1300,274,0.0109673320,27355696.0000000000,55
1300,275,0.0109638860,27355696.0000000000,50
1350,0,3.5012094673,148831584.0000000000,79
1350,1,3.3176926443,140780432.0000000000,80
1350,2,3.0654822678,132597648.0000000000,78
1350,3,3.2055627518,135621360.0000000000,75
1350,4,3.0902816096,133458944.0000000000,74
1350,5,2.8293061113,126070544.0000000000,72
1350,6,2.9301760886,128782736.0000000000,76
1350,7,3.2065666322,136842144.0000000000,73
1350,8,3.6386447487,149173792.0000000000,77
1350,9,4.2354292355,163131936.0000000000,82
1350,10,4.0913028575,160243568.0000000000,81
1350,11,3.7260451211,151518432.0000000000,83
1350,12,5.9009112575,240836432.0000000000,12
1350,13,6.2102394816,246345376.0000000000,9
1350,14,6.4772153091,250956144.0000000000,33
1350,15,6.6190965624,253704768.0000000000,32
1350,16,6.6447727627,255153552.0000000000,51
1350,17,6.6939428297,257182672.0000000000,47
1350,18,6.7243370190,258551632.0000000000,26
1350,19,6.8587850324,261150304.0000000000,45
1350,20,7.0252925695,266253504.0000000000,19
1350,21,5.7595995465,225520144.0000000000,64
1350,22,5.4428942246,217691312.0000000000,68
1350,23,5.3026654687,215660224.0000000000,71
1350,24,5.6840705512,239964208.0000000000,42
1350,25,5.6795237207,240061584.0000000000,2
1350,26,5.6843980319,240063376.0000000000,18
1350,27,5.6797898667,240064816.0000000000,34
1350,28,5.6826624746,240065584.0000000000,13
1350,29,5.6781359930,240061008.0000000000,15
1350,30,5.6784105183,240063248.0000000000,55
1350,31,5.6789514984,240065248.0000000000,44
1350,32,5.6812414640,240060864.0000000000,36
1350,33,5.1439656890,216101536.0000000000,70
1350,34,5.1380877138,216098992.0000000000,58
1350,35,5.1418007128,216002032.0000000000,66
1350,36,5.6772172290,239966368.0000000000,22
1350,37,5.6798531482,240063408.0000000000,20
1350,38,5.6805336048,240064304.0000000000,6
1350,39,5.6775164260,240058560.0000000000,7
1350,40,5.6770503492,240063536.0000000000,27
1350,41,5.6847847077,240061792.0000000000,17
1350,42,5.6770501980,240062928.0000000000,54
1350,43,5.6780316712,240063040.0000000000,3
1350,44,5.6866927027,240065728.0000000000,29
1350,45,5.1450458789,216099280.0000000000,67
1350,46,5.1447154351,216100048.0000000000,65
1350,47,5.1391909524,216006256.0000000000,59
1350,48,5.6786048597,239965872.0000000000,41
1350,49,5.6810379563,240062640.0000000000,35
1350,50,5.6824523655,240062512.0000000000,4
1350,51,5.6795997309,240065104.0000000000,5
1350,52,5.6833956198,240065472.0000000000,37
1350,53,5.6799675243,240062352.0000000000,8
1350,54,5.6798666295,240064240.0000000000,11
1350,55,5.6778338166,240065808.0000000000,23
1350,56,5.6778457468,240063264.0000000000,21
1350,57,5.1423554374,216099760.0000000000,56
1350,58,5.1399744011,216099920.0000000000,61
1350,59,5.1371054614,216001600.0000000000,57
1350,60,5.6787018555,240074720.0000000000,16
1350,61,5.6810985454,240226144.0000000000,53
1350,62,5.6801867454,240218752.0000000000,24
1350,63,5.6855801819,240223344.0000000000,28
1350,64,5.6876393585,240215952.0000000000,38
1350,65,5.6839631513,240212032.0000000000,14
1350,66,5.6802912071,240213040.0000000000,40
1350,67,5.6860191302,240219760.0000000000,30
1350,68,5.6902360162,240213712.0000000000,48
1350,69,5.1438871957,216235008.0000000000,1
1350,70,5.1481966562,216245760.0000000000,62
1350,71,5.1406034233,216090416.0000000000,63
1350,72,5.6530608666,239374240.0000000000,52
1350,73,5.6781559690,239915680.0000000000,49
1350,74,5.6851364576,239914608.0000000000,39
1350,75,5.6835219901,239895024.0000000000,43
1350,76,5.6808261323,239908400.0000000000,25
1350,77,5.6804181636,239912512.0000000000,50
1350,78,5.6766341841,239905744.0000000000,46
1350,79,5.6784968673,239918336.0000000000,10
1350,80,5.6880852712,239916480.0000000000,31
1350,81,5.1481842888,215958064.0000000000,69
1350,82,5.1447501546,215950112.0000000000,60
1350,83,5.1099214561,215442048.0000000000,0
1350,84,1.9215967578,89670528.0000000000,92
1350,85,1.9201664235,89814192.0000000000,84
1350,86,1.9192684302,89822752.0000000000,89
1350,87,1.9199919805,89826224.0000000000,88
1350,88,1.9203407727,89823184.0000000000,85
1350,89,1.9204866719,89821680.0000000000,90
1350,90,1.9204819174,89830256.0000000000,87
1350,91,1.9199429521,89818800.0000000000,86
1350,92,1.9185540044,89822544.0000000000,91
1350,93,1.7907226762,80893584.0000000000,93
1350,94,1.7893963068,80886368.0000000000,94
1350,95,1.7889621014,80718976.0000000000,95
1350,96,0.3769109904,30347312.0000000000,88
1350,97,0.3771763173,30347312.0000000000,76
1350,98,0.3763569810,30347312.0000000000,87
1350,99,0.3764509157,30347312.0000000000,86
1350,100,0.3670590401,30347312.0000000000,96
1350,101,0.3782647372,30347312.0000000000,98
1350,102,0.3779476381,30347312.0000000000,83
1350,103,0.3773300206,30347312.0000000000,98
1350,104,0.3769587257,30347312.0000000000,85
1350,105,0.3588260102,27355696.0000000000,37
1350,106,0.3578393011,27355696.0000000000,21
1350,107,0.3572466434,27355696.0000000000,54
1350,108,0.3770199295,30347312.0000000000,79
1350,109,0.3783320950,30347312.0000000000,74
1350,110,0.3779919186,30347312.0000000000,65
1350,111,0.3761719373,30347312.0000000000,58
1350,112,0.3666575346,30347312.0000000000,99
1350,113,0.3768502306,30347312.0000000000,81
1350,114,0.3769187165,30347312.0000000000,95
1350,115,0.3658255982,30347312.0000000000,96
1350,116,0.3770739363,30347312.0000000000,57
1350,117,0.3580434360,27355696.0000000000,33
1350,118,0.3589820616,27355696.0000000000,52
1350,119,0.3585211733,27355696.0000000000,44
1350,120,0.3780564915,30347312.0000000000,72
1350,121,0.3778981263,30347312.0000000000,83
1350,122,0.3773107932,30347312.0000000000,90
1350,123,0.3779600587,30347312.0000000000,72
1350,124,0.3759634167,30347312.0000000000,89
1350,125,0.3777488303,30347312.0000000000,65
1350,126,0.3657091777,30347312.0000000000,99
1350,127,0.3764030935,30347312.0000000000,61
1350,128,0.3761636839,30347312.0000000000,87
1350,129,0.3582837222,27355696.0000000000,18
1350,130,0.3585971833,27355696.0000000000,32
1350,131,0.3587689127,27355696.0000000000,31
1350,132,0.3660372362,30347312.0000000000,96
1350,133,0.3777644813,30347312.0000000000,68
1350,134,0.3771249747,30347312.0000000000,66
1350,135,0.3757337769,30347312.0000000000,91
1350,136,0.3775443313,30347312.0000000000,64
1350,137,0.3768886691,30347312.0000000000,73
1350,138,0.3763028696,30347312.0000000000,77
1350,139,0.3774915973,30347312.0000000000,62
1350,140,0.3768786594,30347312.0000000000,84
1350,141,0.3585470691,27355696.0000000000,28
1350,142,0.3575256675,27355696.0000000000,35
1350,143,0.3575439791,27355696.0000000000,36
1350,144,0.3769188435,30347312.0000000000,57
1350,145,0.3770612404,30347312.0000000000,60
1350,146,0.3762444083,30347312.0000000000,87
1350,147,0.3773899182,30347312.0000000000,59
1350,148,0.3775182742,30347312.0000000000,97
1350,149,0.3772259890,30347312.0000000000,76
1350,150,0.3767780177,30347312.0000000000,97
1350,151,0.3779285682,30347312.0000000000,7
1350,152,0.3769545485,30347312.0000000000,71
1350,153,0.3573159967,27355696.0000000000,16
1350,154,0.3573970164,27355696.0000000000,20
1350,155,0.3594305443,27355696.0000000000,17
1350,156,0.3783218763,30347312.0000000000,74
1350,157,0.3768969451,30347312.0000000000,97
1350,158,0.3767348696,30347312.0000000000,88
1350,159,0.3770339619,30347312.0000000000,5
1350,160,0.3764712626,30347312.0000000000,86
1350,161,0.3777462186,30347312.0000000000,92
1350,162,0.3769635982,30347312.0000000000,60
1350,163,0.3773655701,30347312.0000000000,98
1350,164,0.3771801373,30347312.0000000000,76
1350,165,0.3577919254,27355696.0000000000,41
1350,166,0.3592052349,27355696.0000000000,13
1350,167,0.3570689681,27355696.0000000000,51
1350,168,0.3769957008,30347312.0000000000,71
1350,169,0.3776241572,30347312.0000000000,10
1350,170,0.3776154728,30347312.0000000000,92
1350,171,0.3762746513,30347312.0000000000,9
1350,172,0.3769686470,30347312.0000000000,66
1350,173,0.3774575724,30347312.0000000000,59
1350,174,0.3755167968,30347312.0000000000,91
1350,175,0.3776170488,30347312.0000000000,69
1350,176,0.3771997441,30347312.0000000000,70
1350,177,0.3585644676,27355696.0000000000,26
1350,178,0.3575753205,27355696.0000000000,53
1350,179,0.3593133908,27355696.0000000000,29
1350,180,0.3780942519,30347312.0000000000,6
1350,181,0.3773787788,30347312.0000000000,90
1350,182,0.3773325453,30347312.0000000000,63
1350,183,0.3765436005,30347312.0000000000,61
1350,184,0.3770401423,30347312.0000000000,78
1350,185,0.3769289748,30347312.0000000000,75
1350,186,0.3764286399,30347312.0000000000,93
1350,187,0.3776129488,30347312.0000000000,82
1350,188,0.3775438776,30347312.0000000000,3
1350,189,0.3577116104,27355696.0000000000,19
1350,190,0.3567595450,27355696.0000000000,46
1350,191,0.3594123485,27355696.0000000000,42
1350,192,0.3776364261,30347312.0000000000,56
1350,193,0.3765817955,30347312.0000000000,95
1350,194,0.3762024518,30347312.0000000000,93
1350,195,0.3782412650,30347312.0000000000,74
1350,196,0.3775791121,30347312.0000000000,92
1350,197,0.3752532669,30347312.0000000000,94
1350,198,0.3767634433,30347312.0000000000,75
1350,199,0.3772616617,30347312.0000000000,90
1350,200,0.3768047713,30347312.0000000000,84
1350,201,0.3577232447,27355696.0000000000,34
1350,202,0.3587823926,27355696.0000000000,43
1350,203,0.3572153947,27355696.0000000000,24
1350,204,0.3774871735,30347312.0000000000,82
1350,205,0.3772427147,30347312.0000000000,79
1350,206,0.3766451414,30347312.0000000000,75
1350,207,0.3766980557,30347312.0000000000,95
1350,208,0.3780059298,30347312.0000000000,72
1350,209,0.3750627360,30347312.0000000000,94
1350,210,0.3767551305,30347312.0000000000,81
1350,211,0.3771213924,30347312.0000000000,11
1350,212,0.3774468686,30347312.0000000000,56
1350,213,0.3578147576,27355696.0000000000,39
1350,214,0.3578339431,27355696.0000000000,40
1350,215,0.3580144295,27355696.0000000000,15
1350,216,0.3769168055,30347312.0000000000,63
1350,217,0.3772625559,30347312.0000000000,98
1350,218,0.3769668710,30347312.0000000000,85
1350,219,0.3777687084,30347312.0000000000,83
1350,220,0.3769772205,30347312.0000000000,78
1350,221,0.3763419404,30347312.0000000000,93
1350,222,0.3765326815,30347312.0000000000,81
1350,223,0.3767429884,30347312.0000000000,12
1350,224,0.3765437887,30347312.0000000000,86
1350,225,0.3584298589,27355696.0000000000,38
1350,226,0.3577206432,27355696.0000000000,14
1350,227,0.3577064918,27355696.0000000000,23
1350,228,0.3778500388,30347312.0000000000,80
1350,229,0.3771092626,30347312.0000000000,79
1350,230,0.3774684114,30347312.0000000000,1
1350,231,0.3773182161,30347312.0000000000,64
1350,232,0.3780008923,30347312.0000000000,80
1350,233,0.3659063233,30347312.0000000000,96
1350,234,0.3775425060,30347312.0000000000,62
1350,235,0.3773214616,30347312.0000000000,4
1350,236,0.3768255723,30347312.0000000000,2
1350,237,0.3577119522,27355696.0000000000,1
1350,238,0.3570043267,27355696.0000000000,49
1350,239,0.3574792211,27355696.0000000000,47
1350,240,0.3749127576,30347312.0000000000,94
1350,241,0.3771445683,30347312.0000000000,8
1350,242,0.3766421745,30347312.0000000000,84
1350,243,0.3773788388,30347312.0000000000,1
1350,244,0.3769306380,30347312.0000000000,97
1350,245,0.3771444555,30347312.0000000000,85
1350,246,0.3780030015,30347312.0000000000,67
1350,247,0.3754594169,30347312.0000000000,91
1350,248,0.3760392616,30347312.0000000000,58
1350,249,0.3567987448,27355696.0000000000,0
1350,250,0.3569603420,27355696.0000000000,25
1350,251,0.3587173281,27355696.0000000000,45
1350,252,0.3779755525,30347312.0000000000,67
1350,253,0.3656910642,30347312.0000000000,99
1350,254,0.3656557310,30347312.0000000000,99
1350,255,0.3766029612,30347312.0000000000,73
1350,256,0.3775458090,30347312.0000000000,68
1350,257,0.3759069211,30347312.0000000000,89
1350,258,0.3766665720,30347312.0000000000,88
1350,259,0.3759606129,30347312.0000000000,89
1350,260,0.3764288909,30347312.0000000000,77
1350,261,0.3579507083,27355696.0000000000,22
1350,262,0.3596812541,27355696.0000000000,48
1350,263,0.3580686014,27355696.0000000000,27
1350,264,0.3763482176,30347312.0000000000,77
1350,265,0.3766650143,30347312.0000000000,73
1350,266,0.3770952370,30347312.0000000000,70
1350,267,0.3762129108,30347312.0000000000,0
1350,268,0.3761624439,30347312.0000000000,0
1350,269,0.3769509973,30347312.0000000000,78
1350,270,0.3774672366,30347312.0000000000,82
1350,271,0.3778890597,30347312.0000000000,80
1350,272,0.3775888610,30347312.0000000000,69
1350,273,0.3587532375,27355696.0000000000,30
1350,274,0.3584310769,27355696.0000000000,55
1350,275,0.3577073072,27355696.0000000000,50
1400,0,0.1087507840,148363696.0000000000,79
1400,1,0.1009322150,139846368.0000000000,80
1400,2,0.0939264900,131761888.0000000000,78
1400,3,0.0989725650,135174976.0000000000,75
1400,4,0.0961049860,133017200.0000000000,74
1400,5,0.0871294700,125134208.0000000000,72
1400,6,0.0893067710,128003872.0000000000,76
1400,7,0.0996156250,136542336.0000000000,73
1400,8,0.1145863850,149993520.0000000000,77
1400,9,0.1339412020,164237488.0000000000,82
1400,10,0.1301405420,161755232.0000000000,81
1400,11,0.1177091040,152069136.0000000000,83
1400,12,0.1849717910,241425552.0000000000,12
1400,13,0.1948117270,247414752.0000000000,9
1400,14,0.2011209280,250774480.0000000000,33
1400,15,0.2066578690,253753440.0000000000,32
1400,16,0.2076839780,255456448.0000000000,51
1400,17,0.2046115300,255955648.0000000000,47
1400,18,0.2080110160,257550464.0000000000,26
1400,19,0.2127795240,260212576.0000000000,45
1400,20,0.2182675440,265903760.0000000000,19
1400,21,0.1782081600,224944832.0000000000,64
1400,22,0.1689526130,217227232.0000000000,68
1400,23,0.1638272810,215256896.0000000000,71
1400,24,0.1766734300,239962144.0000000000,42
1400,25,0.1765368380,240064816.0000000000,2
1400,26,0.1766322000,240061728.0000000000,18
1400,27,0.1765571490,240061296.0000000000,34
1400,28,0.1766086510,240065408.0000000000,13
1400,29,0.1795056750,243468432.0000000000,15
1400,30,0.1773175200,241492304.0000000000,55
1400,31,0.1765545380,240062880.0000000000,44
1400,32,0.1764954120,240063104.0000000000,36
1400,33,0.1597543560,216099120.0000000000,70
1400,34,0.1596490710,216099472.0000000000,58
1400,35,0.1597869480,216004272.0000000000,66
1400,36,0.1763789710,239965184.0000000000,22
1400,37,0.1765448440,240062432.0000000000,20
1400,38,0.1764612870,240067152.0000000000,6
1400,39,0.1763682780,240063104.0000000000,7
1400,40,0.1764581100,240063344.0000000000,27
1400,41,0.1765809000,240065648.0000000000,17
1400,42,0.1764590620,240064640.0000000000,54
1400,43,0.1764683570,240062176.0000000000,3
1400,44,0.1766985150,240067328.0000000000,29
1400,45,0.1599954990,216098144.0000000000,67
1400,46,0.1598566890,216099488.0000000000,65
1400,47,0.1596893890,216002304.0000000000,59
1400,48,0.1764642350,239963088.0000000000,41
1400,49,0.1764549800,240061984.0000000000,35
1400,50,0.1765356280,240063584.0000000000,4
1400,51,0.1763968520,240060320.0000000000,5
1400,52,0.1766479060,240062048.0000000000,37
1400,53,0.1765353670,240060240.0000000000,8
1400,54,0.1764423470,240063344.0000000000,11
1400,55,0.1763720150,240063856.0000000000,23
1400,56,0.1764115050,240063488.0000000000,21
1400,57,0.1597545570,216102640.0000000000,56
1400,58,0.1596767990,216097120.0000000000,61
1400,59,0.1596018700,216000736.0000000000,57
1400,60,0.1765423850,240092640.0000000000,16
1400,61,0.1764498620,240250864.0000000000,53
1400,62,0.1764765050,240237680.0000000000,24
1400,63,0.1767042360,240242720.0000000000,28
1400,64,0.1766259940,240235328.0000000000,38
1400,65,0.1765487460,240235776.0000000000,14
1400,66,0.1764342850,240231072.0000000000,40
1400,67,0.1767962130,240239584.0000000000,30
1400,68,0.1768063040,240235104.0000000000,48
1400,69,0.1599522020,216250624.0000000000,1
1400,70,0.1599857160,216261104.0000000000,62
1400,71,0.1597359620,216107440.0000000000,63
1400,72,0.1755233930,239334192.0000000000,52
1400,73,0.1763684090,239892816.0000000000,49
1400,74,0.1766883330,239893024.0000000000,39
1400,75,0.1765325560,239878320.0000000000,43
1400,76,0.1766338890,239892384.0000000000,25
1400,77,0.1765333970,239890928.0000000000,50
1400,78,0.1763684270,239886832.0000000000,46
1400,79,0.1763982800,239899200.0000000000,10
1400,80,0.1767426500,239894768.0000000000,31
1400,81,0.1599486310,215941488.0000000000,69
1400,82,0.1598164910,215933296.0000000000,60
1400,83,0.1585836180,215405072.0000000000,0
1400,84,0.0595546120,89663488.0000000000,92
1400,85,0.0596774140,89815072.0000000000,84
1400,86,0.0594896510,89821312.0000000000,89
1400,87,0.0595342160,89823040.0000000000,88
1400,88,0.0594963840,89824704.0000000000,85
1400,89,0.0595409610,89821712.0000000000,90
1400,90,0.0595314320,89830640.0000000000,87
1400,91,0.0595003700,89814992.0000000000,86
1400,92,0.0595257510,89823520.0000000000,91
1400,93,0.0555279250,80889504.0000000000,93
1400,94,0.0554598420,80888160.0000000000,94
1400,95,0.0554608150,80712928.0000000000,95
1400,96,0.0115233880,30347312.0000000000,88
1400,97,0.0115128430,30347312.0000000000,76
1400,98,0.0115104470,30347312.0000000000,87
1400,99,0.0115112500,30347312.0000000000,86
1400,100,0.0112612110,30347312.0000000000,96
1400,101,0.0115787150,30347312.0000000000,98
1400,102,0.0115671890,30347312.0000000000,83
1400,103,0.0115285270,30347312.0000000000,98
1400,104,0.0115488230,30347312.0000000000,85
1400,105,0.0109754990,27355696.0000000000,37
1400,106,0.0109515580,27355696.0000000000,21
1400,107,0.0109350090,27355696.0000000000,54
1400,108,0.0115282820,30347312.0000000000,79
1400,109,0.0115786000,30347312.0000000000,74
1400,110,0.0115722360,30347312.0000000000,65
1400,111,0.0114845230,30347312.0000000000,58
1400,112,0.0112355890,30347312.0000000000,99
1400,113,0.0115460700,30347312.0000000000,81
1400,114,0.0115358540,30347312.0000000000,95
1400,115,0.0112202020,30347312.0000000000,96
1400,116,0.0115209230,30347312.0000000000,57
1400,117,0.0109505970,27355696.0000000000,33
1400,118,0.0109818890,27355696.0000000000,52
1400,119,0.0109589470,27355696.0000000000,44
1400,120,0.0115668770,30347312.0000000000,72
1400,121,0.0115743440,30347312.0000000000,83
1400,122,0.0115045320,30347312.0000000000,90
1400,123,0.0115494130,30347312.0000000000,72
1400,124,0.0115017360,30347312.0000000000,89
1400,125,0.0115614260,30347312.0000000000,65
1400,126,0.0111793830,30347312.0000000000,99
1400,127,0.0115007570,30347312.0000000000,61
1400,128,0.0115258290,30347312.0000000000,87
1400,129,0.0109445260,27355696.0000000000,18
1400,130,0.0109853980,27355696.0000000000,32
1400,131,0.0109582850,27355696.0000000000,31
1400,132,0.0112143590,30347312.0000000000,96
1400,133,0.0115437470,30347312.0000000000,68
1400,134,0.0115336930,30347312.0000000000,66
1400,135,0.0114908740,30347312.0000000000,91
1400,136,0.0115581500,30347312.0000000000,64
1400,137,0.0115445620,30347312.0000000000,73
1400,138,0.0115376430,30347312.0000000000,77
1400,139,0.0115576150,30347312.0000000000,62
1400,140,0.0115500370,30347312.0000000000,84
1400,141,0.0109806880,27355696.0000000000,28
1400,142,0.0109499970,27355696.0000000000,35
1400,143,0.0109447910,27355696.0000000000,36
1400,144,0.0115348100,30347312.0000000000,57
1400,145,0.0115216850,30347312.0000000000,60
1400,146,0.0115285340,30347312.0000000000,87
1400,147,0.0115356710,30347312.0000000000,59
1400,148,0.0115630450,30347312.0000000000,97
1400,149,0.0115391050,30347312.0000000000,76
1400,150,0.0115257520,30347312.0000000000,97
1400,151,0.0116009660,30347312.0000000000,7
1400,152,0.0115547360,30347312.0000000000,71
1400,153,0.0109347760,27355696.0000000000,16
1400,154,0.0109473890,27355696.0000000000,20
1400,155,0.0110072250,27355696.0000000000,17
1400,156,0.0115900910,30347312.0000000000,74
1400,157,0.0115163250,30347312.0000000000,97
1400,158,0.0115216550,30347312.0000000000,88
1400,159,0.0115384250,30347312.0000000000,5
1400,160,0.0115320220,30347312.0000000000,86
1400,161,0.0115728850,30347312.0000000000,92
1400,162,0.0115471970,30347312.0000000000,60
1400,163,0.0115323350,30347312.0000000000,98
1400,164,0.0115428440,30347312.0000000000,76
1400,165,0.0109419730,27355696.0000000000,41
1400,166,0.0109935990,27355696.0000000000,13
1400,167,0.0109348600,27355696.0000000000,51
1400,168,0.0115248690,30347312.0000000000,71
1400,169,0.0115590990,30347312.0000000000,10
1400,170,0.0115509030,30347312.0000000000,92
1400,171,0.0115294540,30347312.0000000000,9
1400,172,0.0115362980,30347312.0000000000,66
1400,173,0.0115562020,30347312.0000000000,59
1400,174,0.0115092490,30347312.0000000000,91
1400,175,0.0115390570,30347312.0000000000,69
1400,176,0.0115342970,30347312.0000000000,70
1400,177,0.0109678300,27355696.0000000000,26
1400,178,0.0109497190,27355696.0000000000,53
1400,179,0.0110100650,27355696.0000000000,29
1400,180,0.0115749670,30347312.0000000000,6
1400,181,0.0115687240,30347312.0000000000,90
1400,182,0.0115500620,30347312.0000000000,63
1400,183,0.0115324180,30347312.0000000000,61
1400,184,0.0115332140,30347312.0000000000,78
1400,185,0.0115285120,30347312.0000000000,75
1400,186,0.0115163060,30347312.0000000000,93
1400,187,0.0115657090,30347312.0000000000,82
1400,188,0.0115529500,30347312.0000000000,3
1400,189,0.0109538830,27355696.0000000000,19
1400,190,0.0109215460,27355696.0000000000,46
1400,191,0.0109943640,27355696.0000000000,42
1400,192,0.0115470640,30347312.0000000000,56
1400,193,0.0115377890,30347312.0000000000,95
1400,194,0.0115257130,30347312.0000000000,93
1400,195,0.0115835180,30347312.0000000000,74
1400,196,0.0115440290,30347312.0000000000,92
1400,197,0.0114659110,30347312.0000000000,94
1400,198,0.0115355130,30347312.0000000000,75
1400,199,0.0115358810,30347312.0000000000,90
1400,200,0.0115354290,30347312.0000000000,84
1400,201,0.0109553160,27355696.0000000000,34
1400,202,0.0109516220,27355696.0000000000,43
1400,203,0.0109661460,27355696.0000000000,24
1400,204,0.0115548970,30347312.0000000000,82
1400,205,0.0115342050,30347312.0000000000,79
1400,206,0.0115119000,30347312.0000000000,75
1400,207,0.0115285620,30347312.0000000000,95
1400,208,0.0115640810,30347312.0000000000,72
1400,209,0.0114745470,30347312.0000000000,94
1400,210,0.0115207510,30347312.0000000000,81
1400,211,0.0115407060,30347312.0000000000,11
1400,212,0.0115400190,30347312.0000000000,56
1400,213,0.0109533730,27355696.0000000000,39
1400,214,0.0109356510,27355696.0000000000,40
1400,215,0.0109523420,27355696.0000000000,15
1400,216,0.0115352820,30347312.0000000000,63
1400,217,0.0115286960,30347312.0000000000,98
1400,218,0.0115231640,30347312.0000000000,85
1400,219,0.0115756560,30347312.0000000000,83
1400,220,0.0115322530,30347312.0000000000,78
1400,221,0.0115101950,30347312.0000000000,93
1400,222,0.0115295380,30347312.0000000000,81
1400,223,0.0115228200,30347312.0000000000,12
1400,224,0.0115181640,30347312.0000000000,86
1400,225,0.0109856180,27355696.0000000000,38
1400,226,0.0109552440,27355696.0000000000,14
1400,227,0.0109409450,27355696.0000000000,23
1400,228,0.0115550860,30347312.0000000000,80
1400,229,0.0115407100,30347312.0000000000,79
1400,230,0.0115496160,30347312.0000000000,1
1400,231,0.0115403980,30347312.0000000000,64
1400,232,0.0115847160,30347312.0000000000,80
1400,233,0.0112055120,30347312.0000000000,96
1400,234,0.0115340280,30347312.0000000000,62
1400,235,0.0115400670,30347312.0000000000,4
1400,236,0.0115305660,30347312.0000000000,2
1400,237,0.0109497550,27355696.0000000000,1
1400,238,0.0109132470,27355696.0000000000,49
1400,239,0.0109373650,27355696.0000000000,47
1400,240,0.0114672520,30347312.0000000000,94
1400,241,0.0115318290,30347312.0000000000,8
1400,242,0.0115250590,30347312.0000000000,84
1400,243,0.0115562860,30347312.0000000000,1
1400,244,0.0115381070,30347312.0000000000,97
1400,245,0.0115290930,30347312.0000000000,85
1400,246,0.0115475700,30347312.0000000000,67
1400,247,0.0114831810,30347312.0000000000,91
1400,248,0.0115252310,30347312.0000000000,58
1400,249,0.0109248260,27355696.0000000000,0
1400,250,0.0109551350,27355696.0000000000,25
1400,251,0.0109706380,27355696.0000000000,45
1400,252,0.0115626190,30347312.0000000000,67
1400,253,0.0112062450,30347312.0000000000,99
1400,254,0.0112077760,30347312.0000000000,99
1400,255,0.0115415370,30347312.0000000000,73
1400,256,0.0115680130,30347312.0000000000,68
1400,257,0.0115200310,30347312.0000000000,89
1400,258,0.0115172250,30347312.0000000000,88
1400,259,0.0115034180,30347312.0000000000,89
1400,260,0.0115023030,30347312.0000000000,77
1400,261,0.0109587610,27355696.0000000000,22
1400,262,0.0109974100,27355696.0000000000,48
1400,263,0.0109786590,27355696.0000000000,27
1400,264,0.0115138670,30347312.0000000000,77
1400,265,0.0115367560,30347312.0000000000,73
1400,266,0.0115457480,30347312.0000000000,70
1400,267,0.0115211790,30347312.0000000000,0
1400,268,0.0115080740,30347312.0000000000,0
1400,269,0.0115344660,30347312.0000000000,78
1400,270,0.0115429430,30347312.0000000000,82
1400,271,0.0115907670,30347312.0000000000,80
1400,272,0.0115366330,30347312.0000000000,69
1400,273,0.0109885840,27355696.0000000000,30
1400,274,0.0109745560,27355696.0000000000,55
1400,275,0.0109571430,27355696.0000000000,50
1450,0,3.4937421969,147867520.0000000000,79
1450,1,3.2495192640,139285072.0000000000,80
1450,2,3.0161026704,131110880.0000000000,78
1450,3,3.1830939928,134578352.0000000000,75
1450,4,3.0356637903,130724880.0000000000,74
1450,5,2.7052650960,121278928.0000000000,72
1450,6,2.8057518035,123956368.0000000000,76
1450,7,3.1897614325,135681296.0000000000,73
1450,8,3.6929886392,150369952.0000000000,77
1450,9,4.3209979379,165042320.0000000000,82
1450,10,4.2314160393,163554512.0000000000,81
1450,11,3.8070891427,152752112.0000000000,83
1450,12,5.9427428119,242051296.0000000000,12
1450,13,6.2763559073,248425888.0000000000,9
1450,14,6.4707784716,250590656.0000000000,33
1450,15,6.6335620915,253525920.0000000000,32
1450,16,6.5744254170,250070656.0000000000,51
1450,17,6.0897557485,234594512.0000000000,47
1450,18,6.2353627237,238220912.0000000000,26
1450,19,6.8054970344,258385664.0000000000,45
1450,20,7.0186785364,265890000.0000000000,19
1450,21,5.7295911387,224447712.0000000000,64
1450,22,5.3995784388,216802144.0000000000,68
1450,23,5.2596291291,214851648.0000000000,71
1450,24,5.6837353687,239962096.0000000000,42
1450,25,5.6792399864,240063648.0000000000,2
1450,26,5.6847765179,240064592.0000000000,18
1450,27,5.6798737388,240064096.0000000000,34
1450,28,5.7986736566,248318368.0000000000,13
1450,29,6.2582834505,265689232.0000000000,15
1450,30,6.1559719049,263006720.0000000000,55
1450,31,5.6995086824,242450464.0000000000,44
1450,32,5.6802899350,240064064.0000000000,36
1450,33,5.1443423259,216100240.0000000000,70
1450,34,5.1386319015,216099264.0000000000,58
1450,35,5.1418972607,215999760.0000000000,66
1450,36,5.6774727184,239965888.0000000000,22
1450,37,5.6799687788,240064224.0000000000,20
1450,38,5.6806458735,240062832.0000000000,6
1450,39,5.6781421933,240063200.0000000000,7
1450,40,5.6770505193,240063008.0000000000,27
1450,41,5.6843291302,240063584.0000000000,17
1450,42,5.6776371550,240064416.0000000000,54
1450,43,5.6774239977,240063728.0000000000,3
1450,44,5.6868786598,240060368.0000000000,29
1450,45,5.1450459308,216097184.0000000000,67
1450,46,5.1444482886,216101840.0000000000,65
1450,47,5.1390482875,216004288.0000000000,59
1450,48,5.6784026374,239961840.0000000000,41
1450,49,5.6812284861,240066960.0000000000,35
1450,50,5.6826479406,240062512.0000000000,4
1450,51,5.6798880271,240062768.0000000000,5
1450,52,5.6831075904,240064208.0000000000,37
1450,53,5.6799326017,240062672.0000000000,8
1450,54,5.6792973473,240064256.0000000000,11
1450,55,5.6782060445,240060720.0000000000,23
1450,56,5.6784394481,240066272.0000000000,21
1450,57,5.1424915122,216101184.0000000000,56
1450,58,5.1397443474,216096800.0000000000,61
1450,59,5.1373174761,215998240.0000000000,57
1450,60,5.6795501438,240109440.0000000000,16
1450,61,5.6811869188,240269264.0000000000,53
1450,62,5.6810648687,240256160.0000000000,24
1450,63,5.6862073777,240259632.0000000000,28
1450,64,5.6881161810,240255040.0000000000,38
1450,65,5.6865497694,240257168.0000000000,14
1450,66,5.6803859442,240245072.0000000000,40
1450,67,5.6873306306,240262432.0000000000,30
1450,68,5.6900860003,240262656.0000000000,48
1450,69,5.1443235253,216270064.0000000000,1
1450,70,5.1489622553,216274432.0000000000,62
1450,71,5.1404584598,216125920.0000000000,63
1450,72,5.6512656417,239298064.0000000000,52
1450,73,5.6789294537,239872336.0000000000,49
1450,74,5.6848161662,239879744.0000000000,39
1450,75,5.6821133230,239854256.0000000000,43
1450,76,5.6803868760,239872064.0000000000,25
1450,77,5.6791445354,239874704.0000000000,50
1450,78,5.6758526535,239864512.0000000000,46
1450,79,5.6781812077,239884064.0000000000,10
1450,80,5.6876263570,239873008.0000000000,31
1450,81,5.1482037508,215927104.0000000000,69
1450,82,5.1437137797,215914432.0000000000,60
1450,83,5.1081201150,215367648.0000000000,0
1450,84,1.9211363943,89654864.0000000000,92
1450,85,1.9206392086,89814736.0000000000,84
1450,86,1.9183609008,89818752.0000000000,89
1450,87,1.9202338104,89826048.0000000000,88
1450,88,1.9203428958,89826480.0000000000,85
1450,89,1.9205894617,89822944.0000000000,90
1450,90,1.9206424963,89829280.0000000000,87
1450,91,1.9193636709,89813584.0000000000,86
1450,92,1.9186605935,89823472.0000000000,91
1450,93,1.7905205309,80886944.0000000000,93
1450,94,1.7895814834,80888288.0000000000,94
1450,95,1.7889243442,80709184.0000000000,95
1450,96,0.3769134173,30347312.0000000000,88
1450,97,0.3771598839,30347312.0000000000,76
1450,98,0.3763841082,30347312.0000000000,87
1450,99,0.3765238508,30347312.0000000000,86
1450,100,0.3669448577,30347312.0000000000,96
1450,101,0.3783055777,30347312.0000000000,98
1450,102,0.3779435742,30347312.0000000000,83
1450,103,0.3774617268,30347312.0000000000,98
1450,104,0.3769055071,30347312.0000000000,85
1450,105,0.3586875049,27355696.0000000000,37
1450,106,0.3578360466,27355696.0000000000,21
1450,107,0.3573214387,27355696.0000000000,54
1450,108,0.3770056774,30347312.0000000000,79
1450,109,0.3783479060,30347312.0000000000,74
1450,110,0.3780523575,30347312.0000000000,65
1450,111,0.3761415648,30347312.0000000000,58
1450,112,0.3666297936,30347312.0000000000,99
1450,113,0.3769284432,30347312.0000000000,81
1450,114,0.3768893973,30347312.0000000000,95
1450,115,0.3658623545,30347312.0000000000,96
1450,116,0.3770428993,30347312.0000000000,57
1450,117,0.3580560451,27355696.0000000000,33
1450,118,0.3589642524,27355696.0000000000,52
1450,119,0.3584408894,27355696.0000000000,44
1450,120,0.3780016780,30347312.0000000000,72
1450,121,0.3778818989,30347312.0000000000,83
1450,122,0.3772724910,30347312.0000000000,90
1450,123,0.3778567520,30347312.0000000000,72
1450,124,0.3759085452,30347312.0000000000,89
1450,125,0.3778989499,30347312.0000000000,65
1450,126,0.3656885863,30347312.0000000000,99
1450,127,0.3762815592,30347312.0000000000,61
1450,128,0.3762448452,30347312.0000000000,87
1450,129,0.3584167248,27355696.0000000000,18
1450,130,0.3586682965,27355696.0000000000,32
1450,131,0.3585684461,27355696.0000000000,31
1450,132,0.3659939784,30347312.0000000000,96
1450,133,0.3776364454,30347312.0000000000,68
1450,134,0.3769739198,30347312.0000000000,66
1450,135,0.3756416025,30347312.0000000000,91
1450,136,0.3775061658,30347312.0000000000,64
1450,137,0.3768194963,30347312.0000000000,73
1450,138,0.3764322926,30347312.0000000000,77
1450,139,0.3774072452,30347312.0000000000,62
1450,140,0.3767802705,30347312.0000000000,84
1450,141,0.3585554320,27355696.0000000000,28
1450,142,0.3573137781,27355696.0000000000,35
1450,143,0.3575499380,27355696.0000000000,36
1450,144,0.3768111331,30347312.0000000000,57
1450,145,0.3769476053,30347312.0000000000,60
1450,146,0.3763011958,30347312.0000000000,87
1450,147,0.3773629920,30347312.0000000000,59
1450,148,0.3775371993,30347312.0000000000,97
1450,149,0.3771853746,30347312.0000000000,76
1450,150,0.3767684717,30347312.0000000000,97
1450,151,0.3778262702,30347312.0000000000,7
1450,152,0.3769827290,30347312.0000000000,71
1450,153,0.3574446027,27355696.0000000000,16
1450,154,0.3574107834,27355696.0000000000,20
1450,155,0.3594725135,27355696.0000000000,17
1450,156,0.3782256816,30347312.0000000000,74
1450,157,0.3768305009,30347312.0000000000,97
1450,158,0.3767634384,30347312.0000000000,88
1450,159,0.3769324200,30347312.0000000000,5
1450,160,0.3764578312,30347312.0000000000,86
1450,161,0.3777796029,30347312.0000000000,92
1450,162,0.3768963673,30347312.0000000000,60
1450,163,0.3774032868,30347312.0000000000,98
1450,164,0.3771625819,30347312.0000000000,76
1450,165,0.3577383714,27355696.0000000000,41
1450,166,0.3591654302,27355696.0000000000,13
1450,167,0.3571113901,27355696.0000000000,51
1450,168,0.3769644752,30347312.0000000000,71
1450,169,0.3775553397,30347312.0000000000,10
1450,170,0.3776702249,30347312.0000000000,92
1450,171,0.3763296370,30347312.0000000000,9
1450,172,0.3768697806,30347312.0000000000,66
1450,173,0.3773011254,30347312.0000000000,59
1450,174,0.3755306477,30347312.0000000000,91
1450,175,0.3777702227,30347312.0000000000,69
1450,176,0.3771197778,30347312.0000000000,70
1450,177,0.3586890597,27355696.0000000000,26
1450,178,0.3576606317,27355696.0000000000,53
1450,179,0.3593315377,27355696.0000000000,29
1450,180,0.3781092918,30347312.0000000000,6
1450,181,0.3773900652,30347312.0000000000,90
1450,182,0.3771881715,30347312.0000000000,63
1450,183,0.3764399514,30347312.0000000000,61
1450,184,0.3771048489,30347312.0000000000,78
1450,185,0.3770116801,30347312.0000000000,75
1450,186,0.3763534526,30347312.0000000000,93
1450,187,0.3775257111,30347312.0000000000,82
1450,188,0.3773372235,30347312.0000000000,3
1450,189,0.3575855500,27355696.0000000000,19
1450,190,0.3567117330,27355696.0000000000,46
1450,191,0.3594031405,27355696.0000000000,42
1450,192,0.3775767905,30347312.0000000000,56
1450,193,0.3766278015,30347312.0000000000,95
1450,194,0.3763292769,30347312.0000000000,93
1450,195,0.3782805527,30347312.0000000000,74
1450,196,0.3776698459,30347312.0000000000,92
1450,197,0.3752015041,30347312.0000000000,94
1450,198,0.3766998956,30347312.0000000000,75
1450,199,0.3772127989,30347312.0000000000,90
1450,200,0.3766572939,30347312.0000000000,84
1450,201,0.3578199564,27355696.0000000000,34
1450,202,0.3588004841,27355696.0000000000,43
1450,203,0.3572164100,27355696.0000000000,24
1450,204,0.3774515449,30347312.0000000000,82
1450,205,0.3771756280,30347312.0000000000,79
1450,206,0.3768230975,30347312.0000000000,75
1450,207,0.3767293162,30347312.0000000000,95
1450,208,0.3778603615,30347312.0000000000,72
1450,209,0.3749932692,30347312.0000000000,94
1450,210,0.3768448575,30347312.0000000000,81
1450,211,0.3771090655,30347312.0000000000,11
1450,212,0.3775793283,30347312.0000000000,56
1450,213,0.3577954843,27355696.0000000000,39
1450,214,0.3578777655,27355696.0000000000,40
1450,215,0.3580213493,27355696.0000000000,15
1450,216,0.3770241435,30347312.0000000000,63
1450,217,0.3772749819,30347312.0000000000,98
1450,218,0.3772739640,30347312.0000000000,85
1450,219,0.3778462433,30347312.0000000000,83
1450,220,0.3769115235,30347312.0000000000,78
1450,221,0.3762632906,30347312.0000000000,93
1450,222,0.3766021150,30347312.0000000000,81
1450,223,0.3766805463,30347312.0000000000,12
1450,224,0.3765605807,30347312.0000000000,86
1450,225,0.3587066469,27355696.0000000000,38
1450,226,0.3578329217,27355696.0000000000,14
1450,227,0.3578291471,27355696.0000000000,23
1450,228,0.3779517894,30347312.0000000000,80
1450,229,0.3769778862,30347312.0000000000,79
1450,230,0.3773812936,30347312.0000000000,1
1450,231,0.3775088859,30347312.0000000000,64
1450,232,0.3779843609,30347312.0000000000,80
1450,233,0.3658541678,30347312.0000000000,96
1450,234,0.3774492066,30347312.0000000000,62
1450,235,0.3774330385,30347312.0000000000,4
1450,236,0.3768290825,30347312.0000000000,2
1450,237,0.3577523763,27355696.0000000000,1
1450,238,0.3570889688,27355696.0000000000,49
1450,239,0.3574693678,27355696.0000000000,47
1450,240,0.3749537204,30347312.0000000000,94
1450,241,0.3772037567,30347312.0000000000,8
1450,242,0.3767500720,30347312.0000000000,84
1450,243,0.3774282012,30347312.0000000000,1
1450,244,0.3768771695,30347312.0000000000,97
1450,245,0.3768175164,30347312.0000000000,85
1450,246,0.3779067251,30347312.0000000000,67
1450,247,0.3754871149,30347312.0000000000,91
1450,248,0.3761773298,30347312.0000000000,58
1450,249,0.3567777986,27355696.0000000000,0
1450,250,0.3569045986,27355696.0000000000,25
1450,251,0.3585995033,27355696.0000000000,45
1450,252,0.3778653322,30347312.0000000000,67
1450,253,0.3658656499,30347312.0000000000,99
1450,254,0.3655433329,30347312.0000000000,99
1450,255,0.3764851190,30347312.0000000000,73
1450,256,0.3776606991,30347312.0000000000,68
1450,257,0.3758754188,30347312.0000000000,89
1450,258,0.3767258861,30347312.0000000000,88
1450,259,0.3758797991,30347312.0000000000,89
1450,260,0.3765136580,30347312.0000000000,77
1450,261,0.3578996729,27355696.0000000000,22
1450,262,0.3597250850,27355696.0000000000,48
1450,263,0.3580495903,27355696.0000000000,27
1450,264,0.3764614907,30347312.0000000000,77
1450,265,0.3769022742,30347312.0000000000,73
1450,266,0.3770293839,30347312.0000000000,70
1450,267,0.3761990638,30347312.0000000000,0
1450,268,0.3761535221,30347312.0000000000,0
1450,269,0.3768599026,30347312.0000000000,78
1450,270,0.3775375094,30347312.0000000000,82
1450,271,0.3780075290,30347312.0000000000,80
1450,272,0.3775535462,30347312.0000000000,69
1450,273,0.3587072250,27355696.0000000000,30
1450,274,0.3583289332,27355696.0000000000,55
1450,275,0.3576470446,27355696.0000000000,50
1500,0,0.1082757090,147209328.0000000000,79
1500,1,0.1010466920,138866656.0000000000,80
1500,2,0.0923881590,130584560.0000000000,78
1500,3,0.0966213660,133295056.0000000000,75
1500,4,0.0842563370,123677456.0000000000,74
1500,5,0.0704607100,111574272.0000000000,72
1500,6,0.0717564660,114116704.0000000000,76
1500,7,0.0926193510,131643008.0000000000,73
1500,8,0.1145769190,150065888.0000000000,77
1500,9,0.1350275290,165437232.0000000000,82
1500,10,0.1346020600,165543184.0000000000,81
1500,11,0.1201190680,153541488.0000000000,83
1500,12,0.1837601460,242685552.0000000000,12
1500,13,0.1948343660,249492016.0000000000,9
1500,14,0.1992957680,250446304.0000000000,33
1500,15,0.2047177900,253119808.0000000000,32
1500,16,0.1864751210,237080384.0000000000,51
1500,17,0.1691758210,221935664.0000000000,47
1500,18,0.1725866450,224465104.0000000000,26
1500,19,0.2004350970,249266048.0000000000,45
1500,20,0.2182336360,266365024.0000000000,19
1500,21,0.1771700530,224327232.0000000000,64
1500,22,0.1662565810,216363088.0000000000,68
1500,23,0.1622461670,214438416.0000000000,71
1500,24,0.1765649690,239962896.0000000000,42
1500,25,0.1765859470,240061520.0000000000,2
1500,26,0.1766461700,240064592.0000000000,18
1500,27,0.1766652090,240083568.0000000000,34
1500,28,0.1987257750,260855088.0000000000,13
1500,29,0.2137205990,276531280.0000000000,15
1500,30,0.2126811850,274262272.0000000000,55
1500,31,0.1882620960,250772064.0000000000,44
1500,32,0.1765282610,240064320.0000000000,36
1500,33,0.1599530110,216100704.0000000000,70
1500,34,0.1596977650,216100800.0000000000,58
1500,35,0.1597570620,215996880.0000000000,66
1500,36,0.1764028200,239963840.0000000000,22
1500,37,0.1765424000,240062000.0000000000,20
1500,38,0.1765465910,240065568.0000000000,6
1500,39,0.1764464870,240063248.0000000000,7
1500,40,0.1763072610,240064928.0000000000,27
1500,41,0.1765845390,240059056.0000000000,17
1500,42,0.1764712120,240064864.0000000000,54
1500,43,0.1763895750,240062448.0000000000,3
1500,44,0.1766790810,240060512.0000000000,29
1500,45,0.1598457620,216098240.0000000000,67
1500,46,0.1598240820,216100512.0000000000,65
1500,47,0.1596492920,215999904.0000000000,59
1500,48,0.1764151660,239964496.0000000000,41
1500,49,0.1764560400,240064000.0000000000,35
1500,50,0.1765826140,240064160.0000000000,4
1500,51,0.1765566190,240061856.0000000000,5
1500,52,0.1765737200,240062736.0000000000,37
1500,53,0.1764895220,240062048.0000000000,8
1500,54,0.1766488900,240060544.0000000000,11
1500,55,0.1765018520,240066752.0000000000,23
1500,56,0.1763558090,240066592.0000000000,21
1500,57,0.1597747440,216097584.0000000000,56
1500,58,0.1596573680,216098368.0000000000,61
1500,59,0.1595393710,216001824.0000000000,57
1500,60,0.1765431090,240129376.0000000000,16
1500,61,0.1766165650,240287072.0000000000,53
1500,62,0.1764915280,240279008.0000000000,24
1500,63,0.1766391940,240280128.0000000000,28
1500,64,0.1767536060,240276544.0000000000,38
1500,65,0.1765801330,240276176.0000000000,14
1500,66,0.1765179750,240268592.0000000000,40
1500,67,0.1766739390,240279792.0000000000,30
1500,68,0.1768163730,240280464.0000000000,48
1500,69,0.1598555380,216292576.0000000000,1
1500,70,0.1601013810,216295488.0000000000,62
1500,71,0.1596841720,216142048.0000000000,63
1500,72,0.1756737410,239254048.0000000000,52
1500,73,0.1764611490,239853536.0000000000,49
1500,74,0.1766143980,239857616.0000000000,39
1500,75,0.1765438770,239831728.0000000000,43
1500,76,0.1764614290,239851952.0000000000,25
1500,77,0.1766234920,239852448.0000000000,50
1500,78,0.1763780320,239839792.0000000000,46
1500,79,0.1764412180,239869184.0000000000,10
1500,80,0.1768597480,239851648.0000000000,31
1500,81,0.1599414690,215902096.0000000000,69
1500,82,0.1597784230,215895456.0000000000,60
1500,83,0.1586571440,215327408.0000000000,0
1500,84,0.0594861000,89649616.0000000000,92
1500,85,0.0595807290,89816880.0000000000,84
1500,86,0.0595080690,89817456.0000000000,89
1500,87,0.0594703590,89827696.0000000000,88
1500,88,0.0595140580,89824368.0000000000,85
1500,89,0.0595449030,89823504.0000000000,90
1500,90,0.0595320330,89828176.0000000000,87
1500,91,0.0595421340,89810592.0000000000,86
1500,92,0.0594955860,89824688.0000000000,91
1500,93,0.0554895880,80887248.0000000000,93
1500,94,0.0555163310,80884688.0000000000,94
1500,95,0.0554282330,80704784.0000000000,95
1500,96,0.0115355300,30347312.0000000000,88
1500,97,0.0115222410,30347312.0000000000,76
1500,98,0.0115228190,30347312.0000000000,87
1500,99,0.0115174970,30347312.0000000000,86
1500,100,0.0112344480,30347312.0000000000,96
1500,101,0.0115769010,30347312.0000000000,98
1500,102,0.0115604380,30347312.0000000000,83
1500,103,0.0115440150,30347312.0000000000,98
1500,104,0.0115482460,30347312.0000000000,85
1500,105,0.0109876930,27355696.0000000000,37
1500,106,0.0109556650,27355696.0000000000,21
1500,107,0.0109415950,27355696.0000000000,54
1500,108,0.0115405680,30347312.0000000000,79
1500,109,0.0115541300,30347312.0000000000,74
1500,110,0.0115807940,30347312.0000000000,65
1500,111,0.0115218160,30347312.0000000000,58
1500,112,0.0112129860,30347312.0000000000,99
1500,113,0.0115474820,30347312.0000000000,81
1500,114,0.0115461130,30347312.0000000000,95
1500,115,0.0112191280,30347312.0000000000,96
1500,116,0.0115234680,30347312.0000000000,57
1500,117,0.0109505780,27355696.0000000000,33
1500,118,0.0109766990,27355696.0000000000,52
1500,119,0.0109736830,27355696.0000000000,44
1500,120,0.0115703120,30347312.0000000000,72
1500,121,0.0115647540,30347312.0000000000,83
1500,122,0.0115356380,30347312.0000000000,90
1500,123,0.0115838890,30347312.0000000000,72
1500,124,0.0115226350,30347312.0000000000,89
1500,125,0.0115675590,30347312.0000000000,65
1500,126,0.0112038390,30347312.0000000000,99
1500,127,0.0115243160,30347312.0000000000,61
1500,128,0.0115062080,30347312.0000000000,87
1500,129,0.0109612120,27355696.0000000000,18
1500,130,0.0109698650,27355696.0000000000,32
1500,131,0.0109723320,27355696.0000000000,31
1500,132,0.0112121340,30347312.0000000000,96
1500,133,0.0115307610,30347312.0000000000,68
1500,134,0.0115416580,30347312.0000000000,66
1500,135,0.0114920460,30347312.0000000000,91
1500,136,0.0115234120,30347312.0000000000,64
1500,137,0.0115236920,30347312.0000000000,73
1500,138,0.0115364700,30347312.0000000000,77
1500,139,0.0115446750,30347312.0000000000,62
1500,140,0.0115379770,30347312.0000000000,84
1500,141,0.0109512610,27355696.0000000000,28
1500,142,0.0109662570,27355696.0000000000,35
1500,143,0.0109491680,27355696.0000000000,36
1500,144,0.0115368630,30347312.0000000000,57
1500,145,0.0115545540,30347312.0000000000,60
1500,146,0.0114966150,30347312.0000000000,87
1500,147,0.0115558810,30347312.0000000000,59
1500,148,0.0115525220,30347312.0000000000,97
1500,149,0.0115369410,30347312.0000000000,76
1500,150,0.0115194980,30347312.0000000000,97
1500,151,0.0115758260,30347312.0000000000,7
1500,152,0.0115429030,30347312.0000000000,71
1500,153,0.0109435090,27355696.0000000000,16
1500,154,0.0109357380,27355696.0000000000,20
1500,155,0.0109965420,27355696.0000000000,17
1500,156,0.0115745390,30347312.0000000000,74
1500,157,0.0115364100,30347312.0000000000,97
1500,158,0.0115358320,30347312.0000000000,88
1500,159,0.0115297860,30347312.0000000000,5
1500,160,0.0115254430,30347312.0000000000,86
1500,161,0.0115479560,30347312.0000000000,92
1500,162,0.0115087970,30347312.0000000000,60
1500,163,0.0115575300,30347312.0000000000,98
1500,164,0.0115481320,30347312.0000000000,76
1500,165,0.0109404600,27355696.0000000000,41
1500,166,0.0109830380,27355696.0000000000,13
1500,167,0.0109390970,27355696.0000000000,51
1500,168,0.0115599180,30347312.0000000000,71
1500,169,0.0115512050,30347312.0000000000,10
1500,170,0.0115619240,30347312.0000000000,92
1500,171,0.0114865800,30347312.0000000000,9
1500,172,0.0115263400,30347312.0000000000,66
1500,173,0.0115578250,30347312.0000000000,59
1500,174,0.0115043800,30347312.0000000000,91
1500,175,0.0115537370,30347312.0000000000,69
1500,176,0.0115440270,30347312.0000000000,70
1500,177,0.0109746920,27355696.0000000000,26
1500,178,0.0109220660,27355696.0000000000,53
1500,179,0.0109970610,27355696.0000000000,29
1500,180,0.0115586340,30347312.0000000000,6
1500,181,0.0115288070,30347312.0000000000,90
1500,182,0.0115341640,30347312.0000000000,63
1500,183,0.0115293740,30347312.0000000000,61
1500,184,0.0115343780,30347312.0000000000,78
1500,185,0.0115429590,30347312.0000000000,75
1500,186,0.0115062760,30347312.0000000000,93
1500,187,0.0115543450,30347312.0000000000,82
1500,188,0.0115484410,30347312.0000000000,3
1500,189,0.0109347940,27355696.0000000000,19
1500,190,0.0109246020,27355696.0000000000,46
1500,191,0.0109820990,27355696.0000000000,42
1500,192,0.0115677240,30347312.0000000000,56
1500,193,0.0115268470,30347312.0000000000,95
1500,194,0.0115021590,30347312.0000000000,93
1500,195,0.0115486290,30347312.0000000000,74
1500,196,0.0115616730,30347312.0000000000,92
1500,197,0.0114917090,30347312.0000000000,94
1500,198,0.0115181620,30347312.0000000000,75
1500,199,0.0115266230,30347312.0000000000,90
1500,200,0.0115533540,30347312.0000000000,84
1500,201,0.0109483030,27355696.0000000000,34
1500,202,0.0109839940,27355696.0000000000,43
1500,203,0.0109305170,27355696.0000000000,24
1500,204,0.0115370720,30347312.0000000000,82
1500,205,0.0115312910,30347312.0000000000,79
1500,206,0.0115281510,30347312.0000000000,75
1500,207,0.0114934010,30347312.0000000000,95
1500,208,0.0115621850,30347312.0000000000,72
1500,209,0.0114769600,30347312.0000000000,94
1500,210,0.0115398360,30347312.0000000000,81
1500,211,0.0115318470,30347312.0000000000,11
1500,212,0.0115381480,30347312.0000000000,56
1500,213,0.0109648280,27355696.0000000000,39
1500,214,0.0109454410,27355696.0000000000,40
1500,215,0.0109621070,27355696.0000000000,15
1500,216,0.0115380440,30347312.0000000000,63
1500,217,0.0115343380,30347312.0000000000,98
1500,218,0.0115370740,30347312.0000000000,85
1500,219,0.0115803260,30347312.0000000000,83
1500,220,0.0115372230,30347312.0000000000,78
1500,221,0.0115183210,30347312.0000000000,93
1500,222,0.0115423410,30347312.0000000000,81
1500,223,0.0115242730,30347312.0000000000,12
1500,224,0.0115318740,30347312.0000000000,86
1500,225,0.0109777040,27355696.0000000000,38
1500,226,0.0109414480,27355696.0000000000,14
1500,227,0.0109723680,27355696.0000000000,23
1500,228,0.0115559180,30347312.0000000000,80
1500,229,0.0115447950,30347312.0000000000,79
1500,230,0.0115476590,30347312.0000000000,1
1500,231,0.0115464690,30347312.0000000000,64
1500,232,0.0115620500,30347312.0000000000,80
1500,233,0.0112129470,30347312.0000000000,96
1500,234,0.0115519290,30347312.0000000000,62
1500,235,0.0115418210,30347312.0000000000,4
1500,236,0.0115244340,30347312.0000000000,2
1500,237,0.0109825260,27355696.0000000000,1
1500,238,0.0109160140,27355696.0000000000,49
1500,239,0.0109519630,27355696.0000000000,47
1500,240,0.0115103530,30347312.0000000000,94
1500,241,0.0115540510,30347312.0000000000,8
1500,242,0.0115153440,30347312.0000000000,84
1500,243,0.0115362590,30347312.0000000000,1
1500,244,0.0115143490,30347312.0000000000,97
1500,245,0.0115490870,30347312.0000000000,85
1500,246,0.0115621290,30347312.0000000000,67
1500,247,0.0114754640,30347312.0000000000,91
1500,248,0.0115110350,30347312.0000000000,58
1500,249,0.0109303270,27355696.0000000000,0
1500,250,0.0109332530,27355696.0000000000,25
1500,251,0.0109662190,27355696.0000000000,45
1500,252,0.0115513970,30347312.0000000000,67
1500,253,0.0111835170,30347312.0000000000,99
1500,254,0.0112010920,30347312.0000000000,99
1500,255,0.0115129320,30347312.0000000000,73
1500,256,0.0115459600,30347312.0000000000,68
1500,257,0.0115095680,30347312.0000000000,89
1500,258,0.0115276760,30347312.0000000000,88
1500,259,0.0114963440,30347312.0000000000,89
1500,260,0.0115016110,30347312.0000000000,77
1500,261,0.0109529490,27355696.0000000000,22
1500,262,0.0110127490,27355696.0000000000,48
1500,263,0.0109576210,27355696.0000000000,27
1500,264,0.0115180040,30347312.0000000000,77
1500,265,0.0115029540,30347312.0000000000,73
1500,266,0.0115386750,30347312.0000000000,70
1500,267,0.0114993850,30347312.0000000000,0
1500,268,0.0115135430,30347312.0000000000,0
1500,269,0.0115465200,30347312.0000000000,78
1500,270,0.0115482120,30347312.0000000000,82
1500,271,0.0115490840,30347312.0000000000,80
1500,272,0.0115556390,30347312.0000000000,69
1500,273,0.0109756270,27355696.0000000000,30
1500,274,0.0109802280,27355696.0000000000,55
1500,275,0.0109402500,27355696.0000000000,50
1550,0,3.4760261426,146463744.0000000000,79
1550,1,3.2306430682,138487520.0000000000,80
1550,2,2.9767565874,130314736.0000000000,78
1550,3,3.0311843597,130038336.0000000000,75
1550,4,2.4817308963,113869312.0000000000,74
1550,5,2.0854830044,103462112.0000000000,72
1550,6,2.1268035855,104480768.0000000000,76
1550,7,2.8300861827,123989488.0000000000,73
1550,8,3.6537251835,148904608.0000000000,77
1550,9,4.3502168509,165419264.0000000000,82
1550,10,4.3771958497,167570944.0000000000,81
1550,11,3.8675633313,154321680.0000000000,83
1550,12,5.9630521606,243297968.0000000000,12
1550,13,6.2786948061,250574496.0000000000,9
1550,14,6.3821539701,250549072.0000000000,33
1550,15,6.4985226212,250788464.0000000000,32
1550,16,5.7933408215,228595536.0000000000,51
1550,17,5.2959155284,215057168.0000000000,47
1550,18,5.3950925804,217162288.0000000000,26
1550,19,6.2751507436,241384512.0000000000,45
1550,20,7.0151121619,267265328.0000000000,19
1550,21,5.6974531633,224970224.0000000000,64
1550,22,5.3603471119,216057312.0000000000,68
1550,23,5.2363858430,214095232.0000000000,71
1550,24,5.6845536615,239963536.0000000000,42
1550,25,5.6795404267,240064160.0000000000,2
1550,26,5.6844673185,240058192.0000000000,18
1550,27,5.7271720605,242831712.0000000000,34
1550,28,6.5781589560,268622512.0000000000,13
1550,29,7.0184944894,282818400.0000000000,15
1550,30,6.9836610922,280761856.0000000000,55
1550,31,6.2075747039,258034704.0000000000,44
1550,32,5.6808704746,240062512.0000000000,36
1550,33,5.1439225879,216097632.0000000000,70
1550,34,5.1379720502,216102432.0000000000,58
1550,35,5.1415008953,215999328.0000000000,66
1550,36,5.6772390589,239961408.0000000000,22
1550,37,5.6800072133,240062976.0000000000,20
1550,38,5.6811641491,240061344.0000000000,6
1550,39,5.6778877969,240067360.0000000000,7
1550,40,5.6764227830,240063456.0000000000,27
1550,41,5.6850055848,240059024.0000000000,17
1550,42,5.6776825727,240063696.0000000000,54
1550,43,5.6777465028,240064704.0000000000,3
1550,44,5.6865834659,240063856.0000000000,29
1550,45,5.1456478209,216100704.0000000000,67
1550,46,5.1448048895,216099312.0000000000,65
1550,47,5.1396271298,216000144.0000000000,59
1550,48,5.6782823244,239963824.0000000000,41
1550,49,5.6808143854,240063536.0000000000,35
1550,50,5.6820810280,240064560.0000000000,4
1550,51,5.6794514876,240061168.0000000000,5
1550,52,5.6831338818,240063120.0000000000,37
1550,53,5.6806828484,240062736.0000000000,8
1550,54,5.6795088987,240066432.0000000000,11
1550,55,5.6778185487,240063504.0000000000,23
1550,56,5.6786887896,240066144.0000000000,21
1550,57,5.1418579951,216099536.0000000000,56
1550,58,5.1397993029,216101504.0000000000,61
1550,59,5.1378316346,215999264.0000000000,57
1550,60,5.6800156968,240150544.0000000000,16
1550,61,5.6818285343,240308240.0000000000,53
1550,62,5.6821863496,240305328.0000000000,24
1550,63,5.6859110604,240304320.0000000000,28
1550,64,5.6893252435,240297232.0000000000,38
1550,65,5.6860213750,240296704.0000000000,14
1550,66,5.6810442034,240293680.0000000000,40
1550,67,5.6880628037,240302864.0000000000,30
1550,68,5.6902440668,240301632.0000000000,48
1550,69,5.1450165844,216307920.0000000000,1
1550,70,5.1489809873,216312736.0000000000,62
1550,71,5.1410131739,216161424.0000000000,63
1550,72,5.6498273839,239210240.0000000000,52
1550,73,5.6777466704,239828720.0000000000,49
1550,74,5.6840207593,239835280.0000000000,39
1550,75,5.6825194972,239811136.0000000000,43
1550,76,5.6802897669,239833040.0000000000,25
1550,77,5.6796301432,239829232.0000000000,50
1550,78,5.6744188586,239814688.0000000000,46
1550,79,5.6776352514,239849664.0000000000,10
1550,80,5.6870088910,239832368.0000000000,31
1550,81,5.1470866791,215880992.0000000000,69
1550,82,5.1431038622,215879600.0000000000,60
1550,83,5.1071735599,215291056.0000000000,0
1550,84,1.9214170558,89646448.0000000000,92
1550,85,1.9199055175,89820448.0000000000,84
1550,86,1.9190375853,89819312.0000000000,89
1550,87,1.9199528243,89822880.0000000000,88
1550,88,1.9202946878,89825008.0000000000,85
1550,89,1.9207696804,89824816.0000000000,90
1550,90,1.9205907036,89827648.0000000000,87
1550,91,1.9193094266,89811568.0000000000,86
1550,92,1.9186584319,89825648.0000000000,91
1550,93,1.7903878643,80886768.0000000000,93
1550,94,1.7895746023,80882160.0000000000,94
1550,95,1.7880814612,80699232.0000000000,95
1550,96,0.3769696073,30347312.0000000000,88
1550,97,0.3770646426,30347312.0000000000,76
1550,98,0.3763021097,30347312.0000000000,87
1550,99,0.3765541723,30347312.0000000000,86
1550,100,0.3669248158,30347312.0000000000,96
1550,101,0.3782155829,30347312.0000000000,98
1550,102,0.3779022322,30347312.0000000000,83
1550,103,0.3773518067,30347312.0000000000,98
1550,104,0.3769535569,30347312.0000000000,85
1550,105,0.3586732750,27355696.0000000000,37
1550,106,0.3579457871,27355696.0000000000,21
1550,107,0.3572568495,27355696.0000000000,54
1550,108,0.3771572201,30347312.0000000000,79
1550,109,0.3783304139,30347312.0000000000,74
1550,110,0.3780172336,30347312.0000000000,65
1550,111,0.3762234233,30347312.0000000000,58
1550,112,0.3666074926,30347312.0000000000,99
1550,113,0.3768730474,30347312.0000000000,81
1550,114,0.3768765633,30347312.0000000000,95
1550,115,0.3658669528,30347312.0000000000,96
1550,116,0.3771928611,30347312.0000000000,57
1550,117,0.3579550420,27355696.0000000000,33
1550,118,0.3587990085,27355696.0000000000,52
1550,119,0.3584238845,27355696.0000000000,44
1550,120,0.3780065668,30347312.0000000000,72
1550,121,0.3780313424,30347312.0000000000,83
1550,122,0.3772540447,30347312.0000000000,90
1550,123,0.3777608347,30347312.0000000000,72
1550,124,0.3760043967,30347312.0000000000,89
1550,125,0.3776676827,30347312.0000000000,65
1550,126,0.3656133948,30347312.0000000000,99
1550,127,0.3764933320,30347312.0000000000,61
1550,128,0.3762448248,30347312.0000000000,87
1550,129,0.3583664109,27355696.0000000000,18
1550,130,0.3586889440,27355696.0000000000,32
1550,131,0.3586169982,27355696.0000000000,31
1550,132,0.3659339368,30347312.0000000000,96
1550,133,0.3777552151,30347312.0000000000,68
1550,134,0.3770726598,30347312.0000000000,66
1550,135,0.3756289754,30347312.0000000000,91
1550,136,0.3775637817,30347312.0000000000,64
1550,137,0.3767662792,30347312.0000000000,73
1550,138,0.3763361056,30347312.0000000000,77
1550,139,0.3775501868,30347312.0000000000,62
1550,140,0.3766811407,30347312.0000000000,84
1550,141,0.3586784072,27355696.0000000000,28
1550,142,0.3574843681,27355696.0000000000,35
1550,143,0.3575956613,27355696.0000000000,36
1550,144,0.3768483608,30347312.0000000000,57
1550,145,0.3770379214,30347312.0000000000,60
1550,146,0.3762092704,30347312.0000000000,87
1550,147,0.3773769661,30347312.0000000000,59
1550,148,0.3774918056,30347312.0000000000,97
1550,149,0.3772218434,30347312.0000000000,76
1550,150,0.3769613250,30347312.0000000000,97
1550,151,0.3778668996,30347312.0000000000,7
1550,152,0.3770819271,30347312.0000000000,71
1550,153,0.3573269278,27355696.0000000000,16
1550,154,0.3574198632,27355696.0000000000,20
1550,155,0.3593899817,27355696.0000000000,17
1550,156,0.3782955898,30347312.0000000000,74
1550,157,0.3768558114,30347312.0000000000,97
1550,158,0.3768490308,30347312.0000000000,88
1550,159,0.3769928431,30347312.0000000000,5
1550,160,0.3765189209,30347312.0000000000,86
1550,161,0.3776644897,30347312.0000000000,92
1550,162,0.3769737515,30347312.0000000000,60
1550,163,0.3774409116,30347312.0000000000,98
1550,164,0.3770218869,30347312.0000000000,76
1550,165,0.3578100918,27355696.0000000000,41
1550,166,0.3592123026,27355696.0000000000,13
1550,167,0.3572304345,27355696.0000000000,51
1550,168,0.3769737785,30347312.0000000000,71
1550,169,0.3774524279,30347312.0000000000,10
1550,170,0.3776031628,30347312.0000000000,92
1550,171,0.3763787641,30347312.0000000000,9
1550,172,0.3769257471,30347312.0000000000,66
1550,173,0.3772372601,30347312.0000000000,59
1550,174,0.3755562321,30347312.0000000000,91
1550,175,0.3776410107,30347312.0000000000,69
1550,176,0.3770195782,30347312.0000000000,70
1550,177,0.3586803789,27355696.0000000000,26
1550,178,0.3576539065,27355696.0000000000,53
1550,179,0.3592843864,27355696.0000000000,29
1550,180,0.3780932318,30347312.0000000000,6
1550,181,0.3773999075,30347312.0000000000,90
1550,182,0.3771276508,30347312.0000000000,63
1550,183,0.3764349229,30347312.0000000000,61
1550,184,0.3769970664,30347312.0000000000,78
1550,185,0.3770436019,30347312.0000000000,75
1550,186,0.3764490056,30347312.0000000000,93
1550,187,0.3776071798,30347312.0000000000,82
1550,188,0.3775011457,30347312.0000000000,3
1550,189,0.3575757650,27355696.0000000000,19
1550,190,0.3567415334,27355696.0000000000,46
1550,191,0.3595393004,27355696.0000000000,42
1550,192,0.3774846399,30347312.0000000000,56
1550,193,0.3765869851,30347312.0000000000,95
1550,194,0.3762121678,30347312.0000000000,93
1550,195,0.3782699456,30347312.0000000000,74
1550,196,0.3775855756,30347312.0000000000,92
1550,197,0.3752660391,30347312.0000000000,94
1550,198,0.3767063362,30347312.0000000000,75
1550,199,0.3772254867,30347312.0000000000,90
1550,200,0.3767211772,30347312.0000000000,84
1550,201,0.3577390630,27355696.0000000000,34
1550,202,0.3588081130,27355696.0000000000,43
1550,203,0.3571904305,27355696.0000000000,24
1550,204,0.3775556758,30347312.0000000000,82
1550,205,0.3771868955,30347312.0000000000,79
1550,206,0.3767452618,30347312.0000000000,75
1550,207,0.3767563727,30347312.0000000000,95
1550,208,0.3778874823,30347312.0000000000,72
1550,209,0.3749361550,30347312.0000000000,94
1550,210,0.3766687471,30347312.0000000000,81
1550,211,0.3772147232,30347312.0000000000,11
1550,212,0.3775459107,30347312.0000000000,56
1550,213,0.3577051650,27355696.0000000000,39
1550,214,0.3578221026,27355696.0000000000,40
1550,215,0.3581682231,27355696.0000000000,15
1550,216,0.3770896001,30347312.0000000000,63
1550,217,0.3772317006,30347312.0000000000,98
1550,218,0.3769733760,30347312.0000000000,85
1550,219,0.3778676250,30347312.0000000000,83
1550,220,0.3770161688,30347312.0000000000,78
1550,221,0.3763720580,30347312.0000000000,93
1550,222,0.3766380475,30347312.0000000000,81
1550,223,0.3764671213,30347312.0000000000,12
1550,224,0.3765907439,30347312.0000000000,86
1550,225,0.3585378994,27355696.0000000000,38
1550,226,0.3577895523,27355696.0000000000,14
1550,227,0.3577673240,27355696.0000000000,23
1550,228,0.3779098840,30347312.0000000000,80
1550,229,0.3769466039,30347312.0000000000,79
1550,230,0.3772419698,30347312.0000000000,1
1550,231,0.3773430162,30347312.0000000000,64
1550,232,0.3779861746,30347312.0000000000,80
1550,233,0.3657961942,30347312.0000000000,96
1550,234,0.3775617015,30347312.0000000000,62
1550,235,0.3773963162,30347312.0000000000,4
1550,236,0.3767852684,30347312.0000000000,2
1550,237,0.3577287430,27355696.0000000000,1
1550,238,0.3569863902,27355696.0000000000,49
1550,239,0.3575001716,27355696.0000000000,47
1550,240,0.3750658866,30347312.0000000000,94
1550,241,0.3771918855,30347312.0000000000,8
1550,242,0.3766225940,30347312.0000000000,84
1550,243,0.3773731325,30347312.0000000000,1
1550,244,0.3769357923,30347312.0000000000,97
1550,245,0.3769150543,30347312.0000000000,85
1550,246,0.3779105516,30347312.0000000000,67
1550,247,0.3754250310,30347312.0000000000,91
1550,248,0.3760454813,30347312.0000000000,58
1550,249,0.3567318170,27355696.0000000000,0
1550,250,0.3569384700,27355696.0000000000,25
1550,251,0.3586125736,27355696.0000000000,45
1550,252,0.3778019973,30347312.0000000000,67
1550,253,0.3656955424,30347312.0000000000,99
1550,254,0.3655334567,30347312.0000000000,99
1550,255,0.3764953654,30347312.0000000000,73
1550,256,0.3775666281,30347312.0000000000,68
1550,257,0.3757765625,30347312.0000000000,89
1550,258,0.3767311016,30347312.0000000000,88
1550,259,0.3759143648,30347312.0000000000,89
1550,260,0.3763547159,30347312.0000000000,77
1550,261,0.3578693938,27355696.0000000000,22
1550,262,0.3597213035,27355696.0000000000,48
1550,263,0.3578893790,27355696.0000000000,27
1550,264,0.3764903238,30347312.0000000000,77
1550,265,0.3765387472,30347312.0000000000,73
1550,266,0.3771043217,30347312.0000000000,70
1550,267,0.3761334869,30347312.0000000000,0
1550,268,0.3760728174,30347312.0000000000,0
1550,269,0.3768798271,30347312.0000000000,78
1550,270,0.3775523402,30347312.0000000000,82
1550,271,0.3779581860,30347312.0000000000,80
1550,272,0.3775719288,30347312.0000000000,69
1550,273,0.3587509093,27355696.0000000000,30
1550,274,0.3582620078,27355696.0000000000,55
1550,275,0.3577496166,27355696.0000000000,50
1600,0,0.1068809940,145539696.0000000000,79
1600,1,0.0999973620,137998528.0000000000,80
1600,2,0.0926974580,130359264.0000000000,78
1600,3,0.0861667850,125010672.0000000000,75
1600,4,0.0650639290,106753728.0000000000,74
1600,5,0.0636606130,103185344.0000000000,72
1600,6,0.0634534900,103201056.0000000000,76
1600,7,0.0738615660,114900208.0000000000,73
1600,8,0.1101130510,146786128.0000000000,77
1600,9,0.1349787240,165259168.0000000000,82
1600,10,0.1379038650,169473152.0000000000,81
1600,11,0.1208490270,154982928.0000000000,83
1600,12,0.1882900410,243872528.0000000000,12
1600,13,0.1995752040,251563680.0000000000,9
1600,14,0.2013382000,250794912.0000000000,33
1600,15,0.1972701000,245717600.0000000000,32
1600,16,0.1734717160,223356096.0000000000,51
1600,17,0.1582563590,210455920.0000000000,47
1600,18,0.1605696970,212183920.0000000000,26
1600,19,0.1866264750,234926352.0000000000,45
1600,20,0.2213588760,268063456.0000000000,19
1600,21,0.1799472550,226232464.0000000000,64
1600,22,0.1684449880,215810976.0000000000,68
1600,23,0.1636758050,213747968.0000000000,71
1600,24,0.1767987420,239963744.0000000000,42
1600,25,0.1766054890,240059744.0000000000,2
1600,26,0.1766599210,240057888.0000000000,18
1600,27,0.1841021810,247200160.0000000000,34
1600,28,0.2130121370,272989616.0000000000,13
1600,29,0.2256162860,286651600.0000000000,15
1600,30,0.2247421030,284778512.0000000000,55
1600,31,0.2032785880,264076320.0000000000,44
1600,32,0.1764309000,240066736.0000000000,36
1600,33,0.1598763790,216097904.0000000000,70
1600,34,0.1596734660,216100832.0000000000,58
1600,35,0.1597264840,215996800.0000000000,66
1600,36,0.1763881460,239962672.0000000000,22
1600,37,0.1764272120,240064288.0000000000,20
1600,38,0.1765330040,240062112.0000000000,6
1600,39,0.1764620550,240066400.0000000000,7
1600,40,0.1763713350,240061616.0000000000,27
1600,41,0.1765422420,240061488.0000000000,17
1600,42,0.1766277030,240065648.0000000000,54
1600,43,0.1763794730,240061968.0000000000,3
1600,44,0.1766688470,240063216.0000000000,29
1600,45,0.1598154250,216106400.0000000000,67
1600,46,0.1598592570,216096240.0000000000,65
1600,47,0.1596023370,216000704.0000000000,59
1600,48,0.1764325240,239960592.0000000000,41
1600,49,0.1766025470,240063072.0000000000,35
1600,50,0.1765914070,240064272.0000000000,4
1600,51,0.1764752630,240061344.0000000000,5
1600,52,0.1766205840,240062960.0000000000,37
1600,53,0.1764585060,240064784.0000000000,8
1600,54,0.1764366050,240063520.0000000000,11
1600,55,0.1763899600,240063504.0000000000,23
1600,56,0.1763421150,240060432.0000000000,21
1600,57,0.1597924060,216100912.0000000000,56
1600,58,0.1597255680,216099408.0000000000,61
1600,59,0.1596430970,215997456.0000000000,57
1600,60,0.1765338470,240171936.0000000000,16
1600,61,0.1765107590,240334672.0000000000,53
1600,62,0.1766508240,240323696.0000000000,24
1600,63,0.1767172070,240329632.0000000000,28
1600,64,0.1766817940,240319072.0000000000,38
1600,65,0.1766688210,240322240.0000000000,14
1600,66,0.1765356550,240317648.0000000000,40
1600,67,0.1766572720,240328736.0000000000,30
1600,68,0.1767768560,240327056.0000000000,48
1600,69,0.1598458460,216327744.0000000000,1
1600,70,0.1599647920,216330768.0000000000,62
1600,71,0.1596977930,216183376.0000000000,63
1600,72,0.1754172520,239162624.0000000000,52
1600,73,0.1764328090,239807344.0000000000,49
1600,74,0.1765434750,239810032.0000000000,39
1600,75,0.1765048940,239789136.0000000000,43
1600,76,0.1764177640,239811808.0000000000,25
1600,77,0.1764135830,239801136.0000000000,50
1600,78,0.1763482840,239782544.0000000000,46
1600,79,0.1764463520,239829520.0000000000,10
1600,80,0.1768276830,239809040.0000000000,31
1600,81,0.1599113960,215859552.0000000000,69
1600,82,0.1598244900,215855808.0000000000,60
1600,83,0.1586230210,215247808.0000000000,0
1600,84,0.0595232410,89642976.0000000000,92
1600,85,0.0595521170,89817824.0000000000,84
1600,86,0.0595206380,89820464.0000000000,89
1600,87,0.0595793500,89821088.0000000000,88
1600,88,0.0594989600,89826064.0000000000,85
1600,89,0.0595518780,89825632.0000000000,90
1600,90,0.0595567240,89829376.0000000000,87
1600,91,0.0595201630,89813104.0000000000,86
1600,92,0.0595262880,89824208.0000000000,91
1600,93,0.0555133150,80883616.0000000000,93
1600,94,0.0554298120,80883648.0000000000,94
1600,95,0.0553660130,80693632.0000000000,95
1600,96,0.0115414330,30347312.0000000000,88
1600,97,0.0115521090,30347312.0000000000,76
1600,98,0.0115274760,30347312.0000000000,87
1600,99,0.0115383170,30347312.0000000000,86
1600,100,0.0112419440,30347312.0000000000,96
1600,101,0.0115604190,30347312.0000000000,98
1600,102,0.0115704060,30347312.0000000000,83
1600,103,0.0115511600,30347312.0000000000,98
1600,104,0.0115220560,30347312.0000000000,85
1600,105,0.0109679140,27355696.0000000000,37
1600,106,0.0109590120,27355696.0000000000,21
1600,107,0.0109332960,27355696.0000000000,54
1600,108,0.0115208290,30347312.0000000000,79
1600,109,0.0115524970,30347312.0000000000,74
1600,110,0.0115795440,30347312.0000000000,65
1600,111,0.0115058350,30347312.0000000000,58
1600,112,0.0112304010,30347312.0000000000,99
1600,113,0.0115230540,30347312.0000000000,81
1600,114,0.0115310950,30347312.0000000000,95
1600,115,0.0112349400,30347312.0000000000,96
1600,116,0.0115579260,30347312.0000000000,57
1600,117,0.0109460410,27355696.0000000000,33
1600,118,0.0109895470,27355696.0000000000,52
1600,119,0.0109751800,27355696.0000000000,44
1600,120,0.0115645920,30347312.0000000000,72
1600,121,0.0115669700,30347312.0000000000,83
1600,122,0.0115413320,30347312.0000000000,90
1600,123,0.0115685460,30347312.0000000000,72
1600,124,0.0115133270,30347312.0000000000,89
1600,125,0.0115690120,30347312.0000000000,65
1600,126,0.0111869960,30347312.0000000000,99
1600,127,0.0115009270,30347312.0000000000,61
1600,128,0.0115109750,30347312.0000000000,87
1600,129,0.0109626160,27355696.0000000000,18
1600,130,0.0109657160,27355696.0000000000,32
1600,131,0.0109896270,27355696.0000000000,31
1600,132,0.0111915850,30347312.0000000000,96
1600,133,0.0115544860,30347312.0000000000,68
1600,134,0.0115388050,30347312.0000000000,66
1600,135,0.0114761850,30347312.0000000000,91
1600,136,0.0115517700,30347312.0000000000,64
1600,137,0.0115470850,30347312.0000000000,73
1600,138,0.0115268590,30347312.0000000000,77
1600,139,0.0115620960,30347312.0000000000,62
1600,140,0.0115131480,30347312.0000000000,84
1600,141,0.0109635960,27355696.0000000000,28
1600,142,0.0109510980,27355696.0000000000,35
1600,143,0.0109544090,27355696.0000000000,36
1600,144,0.0115184300,30347312.0000000000,57
1600,145,0.0115204350,30347312.0000000000,60
1600,146,0.0115065170,30347312.0000000000,87
1600,147,0.0115378760,30347312.0000000000,59
1600,148,0.0115412620,30347312.0000000000,97
1600,149,0.0115377110,30347312.0000000000,76
1600,150,0.0115238170,30347312.0000000000,97
1600,151,0.0115356000,30347312.0000000000,7
1600,152,0.0115168220,30347312.0000000000,71
1600,153,0.0109461140,27355696.0000000000,16
1600,154,0.0109388410,27355696.0000000000,20
1600,155,0.0110209210,27355696.0000000000,17
1600,156,0.0115746000,30347312.0000000000,74
1600,157,0.0115515620,30347312.0000000000,97
1600,158,0.0115138710,30347312.0000000000,88
1600,159,0.0115301100,30347312.0000000000,5
1600,160,0.0115228260,30347312.0000000000,86
1600,161,0.0115543790,30347312.0000000000,92
1600,162,0.0115333100,30347312.0000000000,60
1600,163,0.0115383460,30347312.0000000000,98
1600,164,0.0115294950,30347312.0000000000,76
1600,165,0.0109727620,27355696.0000000000,41
1600,166,0.0109855230,27355696.0000000000,13
1600,167,0.0109183970,27355696.0000000000,51
1600,168,0.0115355890,30347312.0000000000,71
1600,169,0.0115270490,30347312.0000000000,10
1600,170,0.0115409340,30347312.0000000000,92
1600,171,0.0115275280,30347312.0000000000,9
1600,172,0.0115376820,30347312.0000000000,66
1600,173,0.0115417950,30347312.0000000000,59
1600,174,0.0114836810,30347312.0000000000,91
1600,175,0.0115524530,30347312.0000000000,69
1600,176,0.0115475920,30347312.0000000000,70
1600,177,0.0109901620,27355696.0000000000,26
1600,178,0.0109332050,27355696.0000000000,53
1600,179,0.0110192030,27355696.0000000000,29
1600,180,0.0115510110,30347312.0000000000,6
1600,181,0.0115654780,30347312.0000000000,90
1600,182,0.0115311640,30347312.0000000000,63
1600,183,0.0115130600,30347312.0000000000,61
1600,184,0.0115387420,30347312.0000000000,78
1600,185,0.0115081220,30347312.0000000000,75
1600,186,0.0115228700,30347312.0000000000,93
1600,187,0.0115252190,30347312.0000000000,82
1600,188,0.0115478810,30347312.0000000000,3
1600,189,0.0109360860,27355696.0000000000,19
1600,190,0.0109380970,27355696.0000000000,46
1600,191,0.0110087620,27355696.0000000000,42
1600,192,0.0115484680,30347312.0000000000,56
1600,193,0.0115466720,30347312.0000000000,95
1600,194,0.0115310360,30347312.0000000000,93
1600,195,0.0115936970,30347312.0000000000,74
1600,196,0.0115502100,30347312.0000000000,92
1600,197,0.0114672410,30347312.0000000000,94
1600,198,0.0115190030,30347312.0000000000,75
1600,199,0.0115468240,30347312.0000000000,90
1600,200,0.0115317650,30347312.0000000000,84
1600,201,0.0109466610,27355696.0000000000,34
1600,202,0.0109561600,27355696.0000000000,43
1600,203,0.0109332120,27355696.0000000000,24
1600,204,0.0115600870,30347312.0000000000,82
1600,205,0.0115344350,30347312.0000000000,79
1600,206,0.0115142830,30347312.0000000000,75
1600,207,0.0115013160,30347312.0000000000,95
1600,208,0.0115684380,30347312.0000000000,72
1600,209,0.0114807880,30347312.0000000000,94
1600,210,0.0115534230,30347312.0000000000,81
1600,211,0.0115198940,30347312.0000000000,11
1600,212,0.0115294500,30347312.0000000000,56
1600,213,0.0109569130,27355696.0000000000,39
1600,214,0.0109350310,27355696.0000000000,40
1600,215,0.0109508360,27355696.0000000000,15
1600,216,0.0115399410,30347312.0000000000,63
1600,217,0.0115635440,30347312.0000000000,98
1600,218,0.0115209740,30347312.0000000000,85
1600,219,0.0115449780,30347312.0000000000,83
1600,220,0.0115173430,30347312.0000000000,78
1600,221,0.0115309230,30347312.0000000000,93
1600,222,0.0115168540,30347312.0000000000,81
1600,223,0.0115351230,30347312.0000000000,12
1600,224,0.0115330880,30347312.0000000000,86
1600,225,0.0109652780,27355696.0000000000,38
1600,226,0.0109531590,27355696.0000000000,14
1600,227,0.0109286060,27355696.0000000000,23
1600,228,0.0115734320,30347312.0000000000,80
1600,229,0.0115439440,30347312.0000000000,79
1600,230,0.0115633520,30347312.0000000000,1
1600,231,0.0115661780,30347312.0000000000,64
1600,232,0.0115591370,30347312.0000000000,80
1600,233,0.0111999550,30347312.0000000000,96
1600,234,0.0115599410,30347312.0000000000,62
1600,235,0.0115457190,30347312.0000000000,4
1600,236,0.0115470390,30347312.0000000000,2
1600,237,0.0109629100,27355696.0000000000,1
1600,238,0.0109434760,27355696.0000000000,49
1600,239,0.0109569350,27355696.0000000000,47
1600,240,0.0114797050,30347312.0000000000,94
1600,241,0.0115526670,30347312.0000000000,8
1600,242,0.0115433790,30347312.0000000000,84
1600,243,0.0115705830,30347312.0000000000,1
1600,244,0.0115407900,30347312.0000000000,97
1600,245,0.0115461520,30347312.0000000000,85
1600,246,0.0115596850,30347312.0000000000,67
1600,247,0.0114814340,30347312.0000000000,91
1600,248,0.0115259230,30347312.0000000000,58
1600,249,0.0109449260,27355696.0000000000,0
1600,250,0.0109297760,27355696.0000000000,25
1600,251,0.0109692170,27355696.0000000000,45
1600,252,0.0115643330,30347312.0000000000,67
1600,253,0.0111863450,30347312.0000000000,99
1600,254,0.0111740620,30347312.0000000000,99
1600,255,0.0115088120,30347312.0000000000,73
1600,256,0.0115483750,30347312.0000000000,68
1600,257,0.0114935510,30347312.0000000000,89
1600,258,0.0115359610,30347312.0000000000,88
1600,259,0.0115029160,30347312.0000000000,89
1600,260,0.0115177150,30347312.0000000000,77
1600,261,0.0109580590,27355696.0000000000,22
1600,262,0.0110136300,27355696.0000000000,48
1600,263,0.0109509470,27355696.0000000000,27
1600,264,0.0115050880,30347312.0000000000,77
1600,265,0.0115136830,30347312.0000000000,73
1600,266,0.0115096910,30347312.0000000000,70
1600,267,0.0115474290,30347312.0000000000,0
1600,268,0.0115075210,30347312.0000000000,0
1600,269,0.0115192560,30347312.0000000000,78
1600,270,0.0115541970,30347312.0000000000,82
1600,271,0.0115743050,30347312.0000000000,80
1600,272,0.0115513230,30347312.0000000000,69
1600,273,0.0109760190,27355696.0000000000,30
1600,274,0.0109739230,27355696.0000000000,55
1600,275,0.0109458120,27355696.0000000000,50
1650,0,3.4146198877,144619296.0000000000,79
1650,1,3.2161681156,137486400.0000000000,80
1650,2,2.9931442548,130746768.0000000000,78
1650,3,2.6929200652,121040240.0000000000,75
1650,4,2.0767493156,104574928.0000000000,74
1650,5,2.0508041063,103167824.0000000000,72
1650,6,2.0498810477,103177776.0000000000,76
1650,7,2.3069524418,110769952.0000000000,73
1650,8,3.5030435442,144351952.0000000000,77
1650,9,4.3423190106,165590784.0000000000,82
1650,10,4.4722384335,171121344.0000000000,81
1650,11,3.8954776907,155508880.0000000000,83
1650,12,6.0820627142,244403856.0000000000,12
1650,13,6.4497256212,252310496.0000000000,9
1650,14,6.4878841759,251047216.0000000000,33
1650,15,6.2331435971,240532960.0000000000,32
1650,16,5.5001972659,220323120.0000000000,51
1650,17,5.0379082369,207761680.0000000000,47
1650,18,5.0998151928,208959904.0000000000,26
1650,19,5.8937582645,230275152.0000000000,45
1650,20,7.1354911507,268282016.0000000000,19
1650,21,5.8534466000,227726768.0000000000,64
1650,22,5.4216545555,215549008.0000000000,68
1650,23,5.2691492891,213405008.0000000000,71
1650,24,5.6837215161,239959296.0000000000,42
1650,25,5.6798993572,240060720.0000000000,2
1650,26,5.6850379441,240058272.0000000000,18
1650,27,6.0268810327,251605232.0000000000,34
1650,28,6.9178286840,275792752.0000000000,13
1650,29,7.3031834945,289107984.0000000000,15
1650,30,7.2928759694,287466624.0000000000,55
1650,31,6.6552372819,269030528.0000000000,44
1650,32,5.6837295109,240272400.0000000000,36
1650,33,5.1437654574,216099648.0000000000,70
1650,34,5.1385342018,216098064.0000000000,58
1650,35,5.1412162749,215996480.0000000000,66
1650,36,5.6765554306,239963840.0000000000,22
1650,37,5.6806535216,240063904.0000000000,20
1650,38,5.6811494719,240065984.0000000000,6
1650,39,5.6782762582,240066016.0000000000,7
1650,40,5.6770013366,240060944.0000000000,27
1650,41,5.6842496120,240064064.0000000000,17
1650,42,5.6774774741,240065168.0000000000,54
1650,43,5.6774920065,240062224.0000000000,3
1650,44,5.6871975548,240061232.0000000000,29
1650,45,5.1449982706,216102144.0000000000,67
1650,46,5.1450254852,216100304.0000000000,65
1650,47,5.1388728963,215998448.0000000000,59
1650,48,5.6784145046,239958240.0000000000,41
1650,49,5.6807958427,240063216.0000000000,35
1650,50,5.6824177421,240064512.0000000000,4
1650,51,5.6794281374,240065984.0000000000,5
1650,52,5.6837456828,240065648.0000000000,37
1650,53,5.6795004891,240063936.0000000000,8
1650,54,5.6797883481,240060128.0000000000,11
1650,55,5.6779070741,240064592.0000000000,23
1650,56,5.6784498940,240064816.0000000000,21
1650,57,5.1424946904,216098896.0000000000,56
1650,58,5.1403787349,216100160.0000000000,61
1650,59,5.1370695968,215997024.0000000000,57
1650,60,5.6809966489,240198368.0000000000,16
1650,61,5.6831834172,240356512.0000000000,53
1650,62,5.6827114430,240349008.0000000000,24
1650,63,5.6873095279,240353712.0000000000,28
1650,64,5.6886366766,240342512.0000000000,38
1650,65,5.6860470807,240347664.0000000000,14
1650,66,5.6824571783,240342624.0000000000,40
1650,67,5.6882102113,240347552.0000000000,30
1650,68,5.6913525339,240352032.0000000000,48
1650,69,5.1459397208,216350928.0000000000,1
1650,70,5.1494302515,216356864.0000000000,62
1650,71,5.1421099898,216202080.0000000000,63
1650,72,5.6488780745,239118896.0000000000,52
1650,73,5.6766555622,239786784.0000000000,49
1650,74,5.6832707537,239784160.0000000000,39
1650,75,5.6809203589,239763120.0000000000,43
1650,76,5.6796269934,239790992.0000000000,25
1650,77,5.6788244118,239779488.0000000000,50
1650,78,5.6735592561,239756848.0000000000,46
1650,79,5.6770322439,239805312.0000000000,10
1650,80,5.6863797871,239788192.0000000000,31
1650,81,5.1468065870,215833584.0000000000,69
1650,82,5.1430233619,215834096.0000000000,60
1650,83,5.1055957402,215212240.0000000000,0
1650,84,1.9211204908,89637904.0000000000,92
1650,85,1.9197769087,89815104.0000000000,84
1650,86,1.9186590948,89822288.0000000000,89
1650,87,1.9199751956,89820960.0000000000,88
1650,88,1.9203466489,89827728.0000000000,85
1650,89,1.9211814709,89825744.0000000000,90
1650,90,1.9205800219,89831632.0000000000,87
1650,91,1.9204337608,89813424.0000000000,86
1650,92,1.9193192105,89824752.0000000000,91
1650,93,1.7902680572,80886592.0000000000,93
1650,94,1.7892600049,80883008.0000000000,94
1650,95,1.7757306323,80687664.0000000000,95
1650,96,0.3769378220,30347312.0000000000,88
1650,97,0.3771158417,30347312.0000000000,76
1650,98,0.3763558089,30347312.0000000000,87
1650,99,0.3766256512,30347312.0000000000,86
1650,100,0.3670133005,30347312.0000000000,96
1650,101,0.3781526839,30347312.0000000000,98
1650,102,0.3778930824,30347312.0000000000,83
1650,103,0.3773541135,30347312.0000000000,98
1650,104,0.3769421909,30347312.0000000000,85
1650,105,0.3586256750,27355696.0000000000,37
1650,106,0.3578922767,27355696.0000000000,21
1650,107,0.3574537367,27355696.0000000000,54
1650,108,0.3769485248,30347312.0000000000,79
1650,109,0.3783945202,30347312.0000000000,74
1650,110,0.3779143431,30347312.0000000000,65
1650,111,0.3761010804,30347312.0000000000,58
1650,112,0.3665557902,30347312.0000000000,99
1650,113,0.3768524534,30347312.0000000000,81
1650,114,0.3769335258,30347312.0000000000,95
1650,115,0.3658929938,30347312.0000000000,96
1650,116,0.3770679683,30347312.0000000000,57
1650,117,0.3579221557,27355696.0000000000,33
1650,118,0.3625704327,27355696.0000000000,52
1650,119,0.3584857530,27355696.0000000000,44
1650,120,0.3779413675,30347312.0000000000,72
1650,121,0.3777995944,30347312.0000000000,83
1650,122,0.3772247457,30347312.0000000000,90
1650,123,0.3778081833,30347312.0000000000,72
1650,124,0.3759842895,30347312.0000000000,89
1650,125,0.3777212143,30347312.0000000000,65
1650,126,0.3655486087,30347312.0000000000,99
1650,127,0.3764772177,30347312.0000000000,61
1650,128,0.3763245632,30347312.0000000000,87
1650,129,0.3583568630,27355696.0000000000,18
1650,130,0.3587756935,27355696.0000000000,32
1650,131,0.3587227267,27355696.0000000000,31
1650,132,0.3658446640,30347312.0000000000,96
1650,133,0.3777755212,30347312.0000000000,68
1650,134,0.3770605336,30347312.0000000000,66
1650,135,0.3757257310,30347312.0000000000,91
1650,136,0.3775977069,30347312.0000000000,64
1650,137,0.3767254759,30347312.0000000000,73
1650,138,0.3763235199,30347312.0000000000,77
1650,139,0.3773724414,30347312.0000000000,62
1650,140,0.3768153196,30347312.0000000000,84
1650,141,0.3585681851,27355696.0000000000,28
1650,142,0.3573582306,27355696.0000000000,35
1650,143,0.3575200302,27355696.0000000000,36
1650,144,0.3768463903,30347312.0000000000,57
1650,145,0.3768870669,30347312.0000000000,60
1650,146,0.3762479730,30347312.0000000000,87
1650,147,0.3773857653,30347312.0000000000,59
1650,148,0.3775479247,30347312.0000000000,97
1650,149,0.3770237757,30347312.0000000000,76
1650,150,0.3767961817,30347312.0000000000,97
1650,151,0.3779748644,30347312.0000000000,7
1650,152,0.3770521450,30347312.0000000000,71
1650,153,0.3574159135,27355696.0000000000,16
1650,154,0.3574031200,27355696.0000000000,20
1650,155,0.3594741165,27355696.0000000000,17
1650,156,0.3782879593,30347312.0000000000,74
1650,157,0.3767823156,30347312.0000000000,97
1650,158,0.3766488817,30347312.0000000000,88
1650,159,0.3768619388,30347312.0000000000,5
1650,160,0.3765290682,30347312.0000000000,86
1650,161,0.3777369089,30347312.0000000000,92
1650,162,0.3768813452,30347312.0000000000,60
1650,163,0.3773471220,30347312.0000000000,98
1650,164,0.3771200595,30347312.0000000000,76
1650,165,0.3577842026,27355696.0000000000,41
1650,166,0.3593147572,27355696.0000000000,13
1650,167,0.3572046395,27355696.0000000000,51
1650,168,0.3769702353,30347312.0000000000,71
1650,169,0.3775428432,30347312.0000000000,10
1650,170,0.3776933801,30347312.0000000000,92
1650,171,0.3762221414,30347312.0000000000,9
1650,172,0.3770756315,30347312.0000000000,66
1650,173,0.3773066193,30347312.0000000000,59
1650,174,0.3755440179,30347312.0000000000,91
1650,175,0.3777159659,30347312.0000000000,69
1650,176,0.3771524510,30347312.0000000000,70
1650,177,0.3586214941,27355696.0000000000,26
1650,178,0.3576382940,27355696.0000000000,53
1650,179,0.3593235826,27355696.0000000000,29
1650,180,0.3781914462,30347312.0000000000,6
1650,181,0.3773469499,30347312.0000000000,90
1650,182,0.3773817034,30347312.0000000000,63
1650,183,0.3764643637,30347312.0000000000,61
1650,184,0.3769648753,30347312.0000000000,78
1650,185,0.3770141051,30347312.0000000000,75
1650,186,0.3763579577,30347312.0000000000,93
1650,187,0.3775527772,30347312.0000000000,82
1650,188,0.3773781302,30347312.0000000000,3
1650,189,0.3575911383,27355696.0000000000,19
1650,190,0.3566509727,27355696.0000000000,46
1650,191,0.3594306204,27355696.0000000000,42
1650,192,0.3775618237,30347312.0000000000,56
1650,193,0.3766135253,30347312.0000000000,95
1650,194,0.3763410631,30347312.0000000000,93
1650,195,0.3782928235,30347312.0000000000,74
1650,196,0.3775950127,30347312.0000000000,92
1650,197,0.3750707232,30347312.0000000000,94
1650,198,0.3767575063,30347312.0000000000,75
1650,199,0.3772350540,30347312.0000000000,90
1650,200,0.3766677078,30347312.0000000000,84
1650,201,0.3577435587,27355696.0000000000,34
1650,202,0.3587991644,27355696.0000000000,43
1650,203,0.3571002775,27355696.0000000000,24
1650,204,0.3774949828,30347312.0000000000,82
1650,205,0.3772268182,30347312.0000000000,79
1650,206,0.3767949189,30347312.0000000000,75
1650,207,0.3767512725,30347312.0000000000,95
1650,208,0.3778950434,30347312.0000000000,72
1650,209,0.3750670231,30347312.0000000000,94
1650,210,0.3768042999,30347312.0000000000,81
1650,211,0.3771919899,30347312.0000000000,11
1650,212,0.3775103730,30347312.0000000000,56
1650,213,0.3577300673,27355696.0000000000,39
1650,214,0.3576433213,27355696.0000000000,40
1650,215,0.3579550388,27355696.0000000000,15
1650,216,0.3769751735,30347312.0000000000,63
1650,217,0.3773815398,30347312.0000000000,98
1650,218,0.3768711505,30347312.0000000000,85
1650,219,0.3777512833,30347312.0000000000,83
1650,220,0.3770346652,30347312.0000000000,78
1650,221,0.3763132197,30347312.0000000000,93
1650,222,0.3765589528,30347312.0000000000,81
1650,223,0.3765566366,30347312.0000000000,12
1650,224,0.3763860667,30347312.0000000000,86
1650,225,0.3586131184,27355696.0000000000,38
1650,226,0.3576540540,27355696.0000000000,14
1650,227,0.3578292484,27355696.0000000000,23
1650,228,0.3780466166,30347312.0000000000,80
1650,229,0.3770547481,30347312.0000000000,79
1650,230,0.3774012439,30347312.0000000000,1
1650,231,0.3774523306,30347312.0000000000,64
1650,232,0.3779325583,30347312.0000000000,80
1650,233,0.3659177152,30347312.0000000000,96
1650,234,0.3772625505,30347312.0000000000,62
1650,235,0.3773551660,30347312.0000000000,4
1650,236,0.3768035825,30347312.0000000000,2
1650,237,0.3577017369,27355696.0000000000,1
1650,238,0.3570585913,27355696.0000000000,49
1650,239,0.3574586594,27355696.0000000000,47
1650,240,0.3750372469,30347312.0000000000,94
1650,241,0.3771960706,30347312.0000000000,8
1650,242,0.3766171008,30347312.0000000000,84
1650,243,0.3773848836,30347312.0000000000,1
1650,244,0.3768372903,30347312.0000000000,97
1650,245,0.3769469625,30347312.0000000000,85
1650,246,0.3778489620,30347312.0000000000,67
1650,247,0.3754963327,30347312.0000000000,91
1650,248,0.3761567792,30347312.0000000000,58
1650,249,0.3567247224,27355696.0000000000,0
1650,250,0.3568724499,27355696.0000000000,25
1650,251,0.3585364366,27355696.0000000000,45
1650,252,0.3778042104,30347312.0000000000,67
1650,253,0.3657972176,30347312.0000000000,99
1650,254,0.3656429245,30347312.0000000000,99
1650,255,0.3766432970,30347312.0000000000,73
1650,256,0.3776276899,30347312.0000000000,68
1650,257,0.3759234008,30347312.0000000000,89
1650,258,0.3767372174,30347312.0000000000,88
1650,259,0.3759024032,30347312.0000000000,89
1650,260,0.3764271105,30347312.0000000000,77
1650,261,0.3579048733,27355696.0000000000,22
1650,262,0.3598003922,27355696.0000000000,48
1650,263,0.3579200290,27355696.0000000000,27
1650,264,0.3764152223,30347312.0000000000,77
1650,265,0.3766585829,30347312.0000000000,73
1650,266,0.3771233318,30347312.0000000000,70
1650,267,0.3761607503,30347312.0000000000,0
1650,268,0.3762010839,30347312.0000000000,0
1650,269,0.3769643006,30347312.0000000000,78
1650,270,0.3776259066,30347312.0000000000,82
1650,271,0.3778526754,30347312.0000000000,80
1650,272,0.3775211588,30347312.0000000000,69
1650,273,0.3587739203,27355696.0000000000,30
1650,274,0.3583090298,27355696.0000000000,55
1650,275,0.3578309032,27355696.0000000000,50
1700,0,0.1049517100,143631136.0000000000,79
1700,1,0.0985218800,136886912.0000000000,80
1700,2,0.0945048790,131372432.0000000000,78
1700,3,0.0785392430,118124560.0000000000,75
1700,4,0.0636257110,103783280.0000000000,74
1700,5,0.0635543420,103161936.0000000000,72
1700,6,0.0634691340,103171888.0000000000,76
1700,7,0.0682802060,109369536.0000000000,73
1700,8,0.1061272630,142239632.0000000000,77
1700,9,0.1365367510,166884272.0000000000,82
1700,10,0.1414889170,172512272.0000000000,81
1700,11,0.1212437880,155864768.0000000000,83
1700,12,0.1900150240,244896544.0000000000,12
1700,13,0.2014822850,252816848.0000000000,9
1700,14,0.2019937540,251241136.0000000000,33
1700,15,0.1858967710,235187952.0000000000,32
1700,16,0.1683077330,218399024.0000000000,51
1700,17,0.1533687670,205833616.0000000000,47
1700,18,0.1547177000,206474016.0000000000,26
1700,19,0.1777133790,226985104.0000000000,45
1700,20,0.2209848120,267105632.0000000000,19
1700,21,0.1846529770,228979936.0000000000,64
1700,22,0.1680047520,215115680.0000000000,68
1700,23,0.1635832150,212973136.0000000000,71
1700,24,0.1765739900,239959696.0000000000,42
1700,25,0.1764279150,240068640.0000000000,2
1700,26,0.1766880720,240056784.0000000000,18
1700,27,0.1940559680,255547856.0000000000,34
1700,28,0.2189698540,277652288.0000000000,13
1700,29,0.2303135090,290884192.0000000000,15
1700,30,0.2302646160,289276992.0000000000,55
1700,31,0.2125426230,271889552.0000000000,44
1700,32,0.1786383610,241712384.0000000000,36
1700,33,0.1597980490,216102128.0000000000,70
1700,34,0.1596754480,216099760.0000000000,58
1700,35,0.1597355220,215993120.0000000000,66
1700,36,0.1763560430,239960576.0000000000,22
1700,37,0.1763605210,240062432.0000000000,20
1700,38,0.1764527910,240069088.0000000000,6
1700,39,0.1763915110,240065984.0000000000,7
1700,40,0.1764889930,240062960.0000000000,27
1700,41,0.1765857230,240062832.0000000000,17
1700,42,0.1764184800,240063984.0000000000,54
1700,43,0.1763419410,240062720.0000000000,3
1700,44,0.1765465640,240063872.0000000000,29
1700,45,0.1600352390,216098512.0000000000,67
1700,46,0.1599717650,216101072.0000000000,65
1700,47,0.1596913700,216000624.0000000000,59
1700,48,0.1764047540,239955536.0000000000,41
1700,49,0.1764370560,240062800.0000000000,35
1700,50,0.1765094090,240058592.0000000000,4
1700,51,0.1764350260,240064256.0000000000,5
1700,52,0.1765374680,240064416.0000000000,37
1700,53,0.1764921890,240064080.0000000000,8
1700,54,0.1764259810,240060224.0000000000,11
1700,55,0.1764574290,240066336.0000000000,23
1700,56,0.1764092340,240061472.0000000000,21
1700,57,0.1597667560,216101168.0000000000,56
1700,58,0.1597379120,216102800.0000000000,61
1700,59,0.1594986890,215994640.0000000000,57
1700,60,0.1765351970,240222672.0000000000,16
1700,61,0.1765648020,240383280.0000000000,53
1700,62,0.1765672050,240379136.0000000000,24
1700,63,0.1767262600,240381376.0000000000,28
1700,64,0.1768705010,240362336.0000000000,38
1700,65,0.1767649880,240374768.0000000000,14
1700,66,0.1766379640,240371184.0000000000,40
1700,67,0.1768343380,240376112.0000000000,30
1700,68,0.1769971590,240374208.0000000000,48
1700,69,0.1599630430,216374560.0000000000,1
1700,70,0.1599654230,216382288.0000000000,62
1700,71,0.1597039650,216221344.0000000000,63
1700,72,0.1754451260,239072128.0000000000,52
1700,73,0.1763330370,239758256.0000000000,49
1700,74,0.1765704530,239756464.0000000000,39
1700,75,0.1764404420,239740032.0000000000,43
1700,76,0.1764400400,239764880.0000000000,25
1700,77,0.1764310560,239750528.0000000000,50
1700,78,0.1764243870,239733312.0000000000,46
1700,79,0.1763453150,239778928.0000000000,10
1700,80,0.1766534060,239762000.0000000000,31
1700,81,0.1598494640,215807984.0000000000,69
1700,82,0.1598241380,215805760.0000000000,60
1700,83,0.1586522290,215167872.0000000000,0
1700,84,0.0596694600,89629872.0000000000,92
1700,85,0.0595217780,89815280.0000000000,84
1700,86,0.0594805510,89822336.0000000000,89
1700,87,0.0594709050,89820176.0000000000,88
1700,88,0.0595181300,89826064.0000000000,85
1700,89,0.0596134830,89827152.0000000000,90
1700,90,0.0595117460,89829120.0000000000,87
1700,91,0.0595678950,89815296.0000000000,86
1700,92,0.0594662060,89826384.0000000000,91
1700,93,0.0555171980,80887152.0000000000,93
1700,94,0.0555138530,80884800.0000000000,94
1700,95,0.0547733370,80683056.0000000000,95
1700,96,0.0115608690,30347312.0000000000,88
1700,97,0.0115244570,30347312.0000000000,76
1700,98,0.0115022380,30347312.0000000000,87
1700,99,0.0115169470,30347312.0000000000,86
1700,100,0.0112390060,30347312.0000000000,96
1700,101,0.0115530140,30347312.0000000000,98
1700,102,0.0115773900,30347312.0000000000,83
1700,103,0.0115554200,30347312.0000000000,98
1700,104,0.0115263950,30347312.0000000000,85
1700,105,0.0109906980,27355696.0000000000,37
1700,106,0.0109593240,27355696.0000000000,21
1700,107,0.0109440660,27355696.0000000000,54
1700,108,0.0115547940,30347312.0000000000,79
1700,109,0.0115607230,30347312.0000000000,74
1700,110,0.0115896630,30347312.0000000000,65
1700,111,0.0115187010,30347312.0000000000,58
1700,112,0.0112153220,30347312.0000000000,99
1700,113,0.0115184550,30347312.0000000000,81
1700,114,0.0115277190,30347312.0000000000,95
1700,115,0.0111924680,30347312.0000000000,96
1700,116,0.0115236570,30347312.0000000000,57
1700,117,0.0109689430,27355696.0000000000,33
1700,118,0.0109983520,27355696.0000000000,52
1700,119,0.0109772530,27355696.0000000000,44
1700,120,0.0115570680,30347312.0000000000,72
1700,121,0.0115535560,30347312.0000000000,83
1700,122,0.0115269450,30347312.0000000000,90
1700,123,0.0115654340,30347312.0000000000,72
1700,124,0.0114720300,30347312.0000000000,89
1700,125,0.0115474580,30347312.0000000000,65
1700,126,0.0111819380,30347312.0000000000,99
1700,127,0.0115110650,30347312.0000000000,61
1700,128,0.0115087310,30347312.0000000000,87
1700,129,0.0109674670,27355696.0000000000,18
1700,130,0.0109942520,27355696.0000000000,32
1700,131,0.0109806900,27355696.0000000000,31
1700,132,0.0112134070,30347312.0000000000,96
1700,133,0.0115349890,30347312.0000000000,68
1700,134,0.0115368110,30347312.0000000000,66
1700,135,0.0115109740,30347312.0000000000,91
1700,136,0.0115568800,30347312.0000000000,64
1700,137,0.0115318490,30347312.0000000000,73
1700,138,0.0114991180,30347312.0000000000,77
1700,139,0.0115518240,30347312.0000000000,62
1700,140,0.0115386380,30347312.0000000000,84
1700,141,0.0109777440,27355696.0000000000,28
1700,142,0.0109339040,27355696.0000000000,35
1700,143,0.0109486760,27355696.0000000000,36
1700,144,0.0115630950,30347312.0000000000,57
1700,145,0.0115453220,30347312.0000000000,60
1700,146,0.0115152220,30347312.0000000000,87
1700,147,0.0115607210,30347312.0000000000,59
1700,148,0.0115550170,30347312.0000000000,97
1700,149,0.0115472500,30347312.0000000000,76
1700,150,0.0115425860,30347312.0000000000,97
1700,151,0.0115574920,30347312.0000000000,7
1700,152,0.0115444080,30347312.0000000000,71
1700,153,0.0109158660,27355696.0000000000,16
1700,154,0.0109251870,27355696.0000000000,20
1700,155,0.0110049580,27355696.0000000000,17
1700,156,0.0115648630,30347312.0000000000,74
1700,157,0.0115638240,30347312.0000000000,97
1700,158,0.0115187900,30347312.0000000000,88
1700,159,0.0115284040,30347312.0000000000,5
1700,160,0.0115188310,30347312.0000000000,86
1700,161,0.0115704500,30347312.0000000000,92
1700,162,0.0115364340,30347312.0000000000,60
1700,163,0.0115278250,30347312.0000000000,98
1700,164,0.0115241880,30347312.0000000000,76
1700,165,0.0109292190,27355696.0000000000,41
1700,166,0.0109877560,27355696.0000000000,13
1700,167,0.0109503690,27355696.0000000000,51
1700,168,0.0115381670,30347312.0000000000,71
1700,169,0.0115624560,30347312.0000000000,10
1700,170,0.0115450120,30347312.0000000000,92
1700,171,0.0115163680,30347312.0000000000,9
1700,172,0.0115271340,30347312.0000000000,66
1700,173,0.0115397690,30347312.0000000000,59
1700,174,0.0114900130,30347312.0000000000,91
1700,175,0.0115656310,30347312.0000000000,69
1700,176,0.0115311930,30347312.0000000000,70
1700,177,0.0109655040,27355696.0000000000,26
1700,178,0.0109504000,27355696.0000000000,53
1700,179,0.0110024100,27355696.0000000000,29
1700,180,0.0115496270,30347312.0000000000,6
1700,181,0.0115359410,30347312.0000000000,90
1700,182,0.0115251810,30347312.0000000000,63
1700,183,0.0114995030,30347312.0000000000,61
1700,184,0.0115423510,30347312.0000000000,78
1700,185,0.0115396320,30347312.0000000000,75
1700,186,0.0115195420,30347312.0000000000,93
1700,187,0.0115634040,30347312.0000000000,82
1700,188,0.0115353240,30347312.0000000000,3
1700,189,0.0109382590,27355696.0000000000,19
1700,190,0.0109062940,27355696.0000000000,46
1700,191,0.0109944570,27355696.0000000000,42
1700,192,0.0115355910,30347312.0000000000,56
1700,193,0.0115108740,30347312.0000000000,95
1700,194,0.0115053750,30347312.0000000000,93
1700,195,0.0115669250,30347312.0000000000,74
1700,196,0.0115633140,30347312.0000000000,92
1700,197,0.0114965380,30347312.0000000000,94
1700,198,0.0115218790,30347312.0000000000,75
1700,199,0.0115175060,30347312.0000000000,90
1700,200,0.0115257440,30347312.0000000000,84
1700,201,0.0109698660,27355696.0000000000,34
1700,202,0.0109728330,27355696.0000000000,43
1700,203,0.0109224930,27355696.0000000000,24
1700,204,0.0115530040,30347312.0000000000,82
1700,205,0.0115478110,30347312.0000000000,79
1700,206,0.0115325400,30347312.0000000000,75
1700,207,0.0115429760,30347312.0000000000,95
1700,208,0.0115774450,30347312.0000000000,72
1700,209,0.0114566920,30347312.0000000000,94
1700,210,0.0115121850,30347312.0000000000,81
1700,211,0.0115309760,30347312.0000000000,11
1700,212,0.0115481060,30347312.0000000000,56
1700,213,0.0109614210,27355696.0000000000,39
1700,214,0.0109414530,27355696.0000000000,40
1700,215,0.0109468890,27355696.0000000000,15
1700,216,0.0115349310,30347312.0000000000,63
1700,217,0.0115362220,30347312.0000000000,98
1700,218,0.0115328890,30347312.0000000000,85
1700,219,0.0115671820,30347312.0000000000,83
1700,220,0.0115452970,30347312.0000000000,78
1700,221,0.0115290690,30347312.0000000000,93
1700,222,0.0115109730,30347312.0000000000,81
1700,223,0.0115281310,30347312.0000000000,12
1700,224,0.0115105050,30347312.0000000000,86
1700,225,0.0109745060,27355696.0000000000,38
1700,226,0.0109435820,27355696.0000000000,14
1700,227,0.0109634910,27355696.0000000000,23
1700,228,0.0115712380,30347312.0000000000,80
1700,229,0.0115261820,30347312.0000000000,79
1700,230,0.0115621870,30347312.0000000000,1
1700,231,0.0115438340,30347312.0000000000,64
1700,232,0.0115773080,30347312.0000000000,80
1700,233,0.0111958340,30347312.0000000000,96
1700,234,0.0115488090,30347312.0000000000,62
1700,235,0.0115508480,30347312.0000000000,4
1700,236,0.0115178510,30347312.0000000000,2
1700,237,0.0109439530,27355696.0000000000,1
1700,238,0.0109272160,27355696.0000000000,49
1700,239,0.0109524170,27355696.0000000000,47
1700,240,0.0114600680,30347312.0000000000,94
1700,241,0.0115428080,30347312.0000000000,8
1700,242,0.0115159830,30347312.0000000000,84
1700,243,0.0115520670,30347312.0000000000,1
1700,244,0.0115162630,30347312.0000000000,97
1700,245,0.0115487370,30347312.0000000000,85
1700,246,0.0115521490,30347312.0000000000,67
1700,247,0.0114771180,30347312.0000000000,91
1700,248,0.0115265960,30347312.0000000000,58
1700,249,0.0109288340,27355696.0000000000,0
1700,250,0.0109134350,27355696.0000000000,25
1700,251,0.0109775520,27355696.0000000000,45
1700,252,0.0115442850,30347312.0000000000,67
1700,253,0.0111990100,30347312.0000000000,99
1700,254,0.0111741300,30347312.0000000000,99
1700,255,0.0114893070,30347312.0000000000,73
1700,256,0.0115734340,30347312.0000000000,68
1700,257,0.0115172740,30347312.0000000000,89
1700,258,0.0115343290,30347312.0000000000,88
1700,259,0.0114869890,30347312.0000000000,89
1700,260,0.0115351680,30347312.0000000000,77
1700,261,0.0109492930,27355696.0000000000,22
1700,262,0.0110308560,27355696.0000000000,48
1700,263,0.0109541230,27355696.0000000000,27
1700,264,0.0115258490,30347312.0000000000,77
1700,265,0.0115148940,30347312.0000000000,73
1700,266,0.0115431250,30347312.0000000000,70
1700,267,0.0115285130,30347312.0000000000,0
1700,268,0.0115046480,30347312.0000000000,0
1700,269,0.0115330630,30347312.0000000000,78
1700,270,0.0115411020,30347312.0000000000,82
1700,271,0.0115700170,30347312.0000000000,80
1700,272,0.0115434270,30347312.0000000000,69
1700,273,0.0109857400,27355696.0000000000,30
1700,274,0.0109715500,27355696.0000000000,55
1700,275,0.0109557210,27355696.0000000000,50
1750,0,3.3492894214,142780592.0000000000,79
1750,1,3.1710988060,136244880.0000000000,80
1750,2,3.0544715620,132093408.0000000000,78
1750,3,2.4759753882,115380096.0000000000,75
1750,4,2.0518868236,103351408.0000000000,74
1750,5,2.0495320694,103160640.0000000000,72
1750,6,2.0480511545,103171040.0000000000,76
1750,7,2.1982770435,109001472.0000000000,73
1750,8,3.3796594510,140735056.0000000000,77
1750,9,4.4421857803,169328224.0000000000,82
1750,10,4.5675397502,173696000.0000000000,81
1750,11,3.8991235072,156146800.0000000000,83
1750,12,6.0926186042,245436496.0000000000,12
1750,13,6.4688337664,253213888.0000000000,9
1750,14,6.4923157046,251239856.0000000000,33
1750,15,5.8913029624,231071504.0000000000,32
1750,16,5.3763352339,217357056.0000000000,51
1750,17,4.9137752243,204148736.0000000000,47
1750,18,4.9418287350,204517648.0000000000,26
1750,19,5.6636521005,224817632.0000000000,45
1750,20,7.0687809294,265530256.0000000000,19
1750,21,5.9536525953,229526384.0000000000,64
1750,22,5.3910054813,214534304.0000000000,68
1750,23,5.2303092079,212504608.0000000000,71
1750,24,5.6836586343,239959248.0000000000,42
1750,25,5.6793180172,240067936.0000000000,2
1750,26,5.6888249977,240252240.0000000000,18
1750,27,6.3134515418,258624496.0000000000,34
1750,28,7.0777898564,279056320.0000000000,13
1750,29,7.4462936330,292709120.0000000000,15
1750,30,7.4471519658,290962704.0000000000,55
1750,31,6.8877606196,273683344.0000000000,44
1750,32,5.7832455882,243386000.0000000000,36
1750,33,5.1442794423,216099520.0000000000,70
1750,34,5.1383514874,216098032.0000000000,58
1750,35,5.1419029122,215993744.0000000000,66
1750,36,5.6769088148,239958192.0000000000,22
1750,37,5.6802934149,240063408.0000000000,20
1750,38,5.6803208452,240064864.0000000000,6
1750,39,5.6781346400,240065200.0000000000,7
1750,40,5.6772493473,240064976.0000000000,27
1750,41,5.6844298842,240059424.0000000000,17
1750,42,5.6769229998,240060784.0000000000,54
1750,43,5.6772514755,240060704.0000000000,3
1750,44,5.6868681886,240061344.0000000000,29
1750,45,5.1455982096,216101648.0000000000,67
1750,46,5.1446560013,216098928.0000000000,65
1750,47,5.1391608824,215999536.0000000000,59
1750,48,5.6783919192,239956896.0000000000,41
1750,49,5.6810562451,240063904.0000000000,35
1750,50,5.6819875777,240060048.0000000000,4
1750,51,5.6796730817,240064192.0000000000,5
1750,52,5.6831346304,240062112.0000000000,37
1750,53,5.6806097860,240065984.0000000000,8
1750,54,5.6789827255,240064816.0000000000,11
1750,55,5.6779061568,240063488.0000000000,23
1750,56,5.6781740083,240067392.0000000000,21
1750,57,5.1426137228,216099744.0000000000,56
1750,58,5.1397741866,216105472.0000000000,61
1750,59,5.1376538005,215994912.0000000000,57
1750,60,5.6821784365,240244512.0000000000,16
1750,61,5.6837092016,240408704.0000000000,53
1750,62,5.6831275521,240404336.0000000000,24
1750,63,5.6875029587,240406688.0000000000,28
1750,64,5.6901658003,240388432.0000000000,38
1750,65,5.6860679850,240399968.0000000000,14
1750,66,5.6829579690,240397392.0000000000,40
1750,67,5.6895649867,240402320.0000000000,30
1750,68,5.6918355937,240396384.0000000000,48
1750,69,5.1464055505,216398976.0000000000,1
1750,70,5.1503469726,216405808.0000000000,62
1750,71,5.1424710955,216246096.0000000000,63
1750,72,5.6473459125,239030880.0000000000,52
1750,73,5.6759877712,239733616.0000000000,49
1750,74,5.6826413136,239728608.0000000000,39
1750,75,5.6802871808,239715504.0000000000,43
1750,76,5.6786717241,239740592.0000000000,25
1750,77,5.6784628716,239728048.0000000000,50
1750,78,5.6728299065,239708144.0000000000,46
1750,79,5.6766929196,239749872.0000000000,10
1750,80,5.6855985825,239738848.0000000000,31
1750,81,5.1466123973,215783424.0000000000,69
1750,82,5.1427889913,215783856.0000000000,60
1750,83,5.1044041546,215121552.0000000000,0
1750,84,1.9210546129,89622768.0000000000,92
1750,85,1.9200390924,89814400.0000000000,84
1750,86,1.9190095978,89825568.0000000000,89
1750,87,1.9200481138,89821712.0000000000,88
1750,88,1.9201757454,89825792.0000000000,85
1750,89,1.9209180360,89826640.0000000000,90
1750,90,1.9208924582,89827024.0000000000,87
1750,91,1.9201720784,89819360.0000000000,86
1750,92,1.9192518979,89826576.0000000000,91
1750,93,1.7908078502,80886656.0000000000,93
1750,94,1.7898013178,80884128.0000000000,94
1750,95,1.7642147083,80677984.0000000000,95
1750,96,0.3768984011,30347312.0000000000,88
1750,97,0.3770259641,30347312.0000000000,76
1750,98,0.3764366386,30347312.0000000000,87
1750,99,0.3764178810,30347312.0000000000,86
1750,100,0.3669033844,30347312.0000000000,96
1750,101,0.3783299885,30347312.0000000000,98
1750,102,0.3779747621,30347312.0000000000,83
1750,103,0.3774502113,30347312.0000000000,98
1750,104,0.3768691304,30347312.0000000000,85
1750,105,0.3587364275,27355696.0000000000,37
1750,106,0.3578686861,27355696.0000000000,21
1750,107,0.3572906268,27355696.0000000000,54
1750,108,0.3769689592,30347312.0000000000,79
1750,109,0.3783481327,30347312.0000000000,74
1750,110,0.3779846821,30347312.0000000000,65
1750,111,0.3761995503,30347312.0000000000,58
1750,112,0.3666005495,30347312.0000000000,99
1750,113,0.3767855621,30347312.0000000000,81
1750,114,0.3767681466,30347312.0000000000,95
1750,115,0.3657929195,30347312.0000000000,96
1750,116,0.3770508850,30347312.0000000000,57
1750,117,0.3579167213,27355696.0000000000,33
1750,118,0.3589542774,27355696.0000000000,52
1750,119,0.3585157470,27355696.0000000000,44
1750,120,0.3780526806,30347312.0000000000,72
1750,121,0.3779138435,30347312.0000000000,83
1750,122,0.3771861524,30347312.0000000000,90
1750,123,0.3779009965,30347312.0000000000,72
1750,124,0.3759546475,30347312.0000000000,89
1750,125,0.3778438379,30347312.0000000000,65
1750,126,0.3656289872,30347312.0000000000,99
1750,127,0.3764479322,30347312.0000000000,61
1750,128,0.3762263447,30347312.0000000000,87
1750,129,0.3583360309,27355696.0000000000,18
1750,130,0.3587706650,27355696.0000000000,32
1750,131,0.3587574927,27355696.0000000000,31
1750,132,0.3660000665,30347312.0000000000,96
1750,133,0.3776682468,30347312.0000000000,68
1750,134,0.3772939474,30347312.0000000000,66
1750,135,0.3756305202,30347312.0000000000,91
1750,136,0.3774679701,30347312.0000000000,64
1750,137,0.3767678637,30347312.0000000000,73
1750,138,0.3762145997,30347312.0000000000,77
1750,139,0.3774053573,30347312.0000000000,62
1750,140,0.3769361520,30347312.0000000000,84
1750,141,0.3588103587,27355696.0000000000,28
1750,142,0.3572753491,27355696.0000000000,35
1750,143,0.3576016358,27355696.0000000000,36
1750,144,0.3768857589,30347312.0000000000,57
1750,145,0.3769026018,30347312.0000000000,60
1750,146,0.3762868932,30347312.0000000000,87
1750,147,0.3774440445,30347312.0000000000,59
1750,148,0.3775414868,30347312.0000000000,97
1750,149,0.3771457124,30347312.0000000000,76
1750,150,0.3768078055,30347312.0000000000,97
1750,151,0.3783614961,30347312.0000000000,7
1750,152,0.3770157219,30347312.0000000000,71
1750,153,0.3573997759,27355696.0000000000,16
1750,154,0.3574106968,27355696.0000000000,20
1750,155,0.3594058924,27355696.0000000000,17
1750,156,0.3782178377,30347312.0000000000,74
1750,157,0.3767394440,30347312.0000000000,97
1750,158,0.3767726034,30347312.0000000000,88
1750,159,0.3769261117,30347312.0000000000,5
1750,160,0.3764970192,30347312.0000000000,86
1750,161,0.3776618360,30347312.0000000000,92
1750,162,0.3768041870,30347312.0000000000,60
1750,163,0.3775040860,30347312.0000000000,98
1750,164,0.3771323810,30347312.0000000000,76
1750,165,0.3577291416,27355696.0000000000,41
1750,166,0.3592847233,27355696.0000000000,13
1750,167,0.3571866398,27355696.0000000000,51
1750,168,0.3769826794,30347312.0000000000,71
1750,169,0.3774730948,30347312.0000000000,10
1750,170,0.3775321405,30347312.0000000000,92
1750,171,0.3763599111,30347312.0000000000,9
1750,172,0.3770477563,30347312.0000000000,66
1750,173,0.3773214107,30347312.0000000000,59
1750,174,0.3755565019,30347312.0000000000,91
1750,175,0.3777596836,30347312.0000000000,69
1750,176,0.3770245295,30347312.0000000000,70
1750,177,0.3585974794,27355696.0000000000,26
1750,178,0.3575821144,27355696.0000000000,53
1750,179,0.3593080311,27355696.0000000000,29
1750,180,0.3781035295,30347312.0000000000,6
1750,181,0.3773681152,30347312.0000000000,90
1750,182,0.3770621695,30347312.0000000000,63
1750,183,0.3763914639,30347312.0000000000,61
1750,184,0.3769728121,30347312.0000000000,78
1750,185,0.3769430651,30347312.0000000000,75
1750,186,0.3763769980,30347312.0000000000,93
1750,187,0.3776142194,30347312.0000000000,82
1750,188,0.3774089972,30347312.0000000000,3
1750,189,0.3575863959,27355696.0000000000,19
1750,190,0.3567663581,27355696.0000000000,46
1750,191,0.3595161390,27355696.0000000000,42
1750,192,0.3775403984,30347312.0000000000,56
1750,193,0.3764787181,30347312.0000000000,95
1750,194,0.3762423254,30347312.0000000000,93
1750,195,0.3781446000,30347312.0000000000,74
1750,196,0.3775758042,30347312.0000000000,92
1750,197,0.3753290657,30347312.0000000000,94
1750,198,0.3767736423,30347312.0000000000,75
1750,199,0.3771696428,30347312.0000000000,90
1750,200,0.3767322521,30347312.0000000000,84
1750,201,0.3578861555,27355696.0000000000,34
1750,202,0.3588898456,27355696.0000000000,43
1750,203,0.3571942482,27355696.0000000000,24
1750,204,0.3774641321,30347312.0000000000,82
1750,205,0.3770493571,30347312.0000000000,79
1750,206,0.3767580384,30347312.0000000000,75
1750,207,0.3766836218,30347312.0000000000,95
1750,208,0.3779306463,30347312.0000000000,72
1750,209,0.3752936559,30347312.0000000000,94
1750,210,0.3766543306,30347312.0000000000,81
1750,211,0.3770861391,30347312.0000000000,11
1750,212,0.3776043692,30347312.0000000000,56
1750,213,0.3577360557,27355696.0000000000,39
1750,214,0.3578253068,27355696.0000000000,40
1750,215,0.3579817143,27355696.0000000000,15
1750,216,0.3770457471,30347312.0000000000,63
1750,217,0.3772910201,30347312.0000000000,98
1750,218,0.3769075469,30347312.0000000000,85
1750,219,0.3778802014,30347312.0000000000,83
1750,220,0.3770363483,30347312.0000000000,78
1750,221,0.3762761872,30347312.0000000000,93
1750,222,0.3765681247,30347312.0000000000,81
1750,223,0.3766708653,30347312.0000000000,12
1750,224,0.3765093233,30347312.0000000000,86
1750,225,0.3585369513,27355696.0000000000,38
1750,226,0.3579269219,27355696.0000000000,14
1750,227,0.3577491137,27355696.0000000000,23
1750,228,0.3778707941,30347312.0000000000,80
1750,229,0.3769815256,30347312.0000000000,79
1750,230,0.3773653017,30347312.0000000000,1
1750,231,0.3773946744,30347312.0000000000,64
1750,232,0.3779103329,30347312.0000000000,80
1750,233,0.3659077896,30347312.0000000000,96
1750,234,0.3775677932,30347312.0000000000,62
1750,235,0.3773813913,30347312.0000000000,4
1750,236,0.3767340610,30347312.0000000000,2
1750,237,0.3576695375,27355696.0000000000,1
1750,238,0.3571185912,27355696.0000000000,49
1750,239,0.3574290892,27355696.0000000000,47
1750,240,0.3750639281,30347312.0000000000,94
1750,241,0.3771630624,30347312.0000000000,8
1750,242,0.3766127833,30347312.0000000000,84
1750,243,0.3773610170,30347312.0000000000,1
1750,244,0.3769489902,30347312.0000000000,97
1750,245,0.3768813839,30347312.0000000000,85
1750,246,0.3778476352,30347312.0000000000,67
1750,247,0.3755519153,30347312.0000000000,91
1750,248,0.3760566393,30347312.0000000000,58
1750,249,0.3567260146,27355696.0000000000,0
1750,250,0.3570072306,27355696.0000000000,25
1750,251,0.3586430942,27355696.0000000000,45
1750,252,0.3778665408,30347312.0000000000,67
1750,253,0.3656384964,30347312.0000000000,99
1750,254,0.3655786911,30347312.0000000000,99
1750,255,0.3765037243,30347312.0000000000,73
1750,256,0.3774935818,30347312.0000000000,68
1750,257,0.3759298406,30347312.0000000000,89
1750,258,0.3766592132,30347312.0000000000,88
1750,259,0.3758080603,30347312.0000000000,89
1750,260,0.3765397849,30347312.0000000000,77
1750,261,0.3579521043,27355696.0000000000,22
1750,262,0.3597604589,27355696.0000000000,48
1750,263,0.3578678374,27355696.0000000000,27
1750,264,0.3764771031,30347312.0000000000,77
1750,265,0.3766181945,30347312.0000000000,73
1750,266,0.3771071552,30347312.0000000000,70
1750,267,0.3762057826,30347312.0000000000,0
1750,268,0.3771656056,30347312.0000000000,0
1750,269,0.3768630231,30347312.0000000000,78
1750,270,0.3774439271,30347312.0000000000,82
1750,271,0.3777993893,30347312.0000000000,80
1750,272,0.3776449249,30347312.0000000000,69
1750,273,0.3587926446,27355696.0000000000,30
1750,274,0.3583444412,27355696.0000000000,55
1750,275,0.3577084946,27355696.0000000000,50
1800,0,0.1028842180,141931008.0000000000,79
1800,1,0.0972878310,135435744.0000000000,80
1800,2,0.0951151600,132474304.0000000000,78
1800,3,0.0705591060,111339744.0000000000,75
1800,4,0.0636447120,103185296.0000000000,74
1800,5,0.0635001950,103159136.0000000000,72
1800,6,0.0634804650,103170064.0000000000,76
1800,7,0.0680440230,108524016.0000000000,73
1800,8,0.1030288370,139389392.0000000000,77
1800,9,0.1424403190,172335984.0000000000,82
1800,10,0.1423243280,174725616.0000000000,81
1800,11,0.1214795690,156444288.0000000000,83
1800,12,0.1881030660,246146688.0000000000,12
1800,13,0.1981681810,253642176.0000000000,9
1800,14,0.1984064240,250510096.0000000000,33
1800,15,0.1776768230,228442256.0000000000,32
1800,16,0.1648622560,216248048.0000000000,51
1800,17,0.1497432490,202611488.0000000000,47
1800,18,0.1498881340,202633760.0000000000,26
1800,19,0.1723145020,222654816.0000000000,45
1800,20,0.2162789680,263971872.0000000000,19
1800,21,0.1834133750,229438976.0000000000,64
1800,22,0.1638420640,213807472.0000000000,68
1800,23,0.1600632110,211942240.0000000000,71
1800,24,0.1767830650,239960304.0000000000,42
1800,25,0.1764728230,240063392.0000000000,2
1800,26,0.1776766840,241179376.0000000000,18
1800,27,0.2001324730,260338768.0000000000,34
1800,28,0.2228368030,280299520.0000000000,13
1800,29,0.2336447030,293725184.0000000000,15
1800,30,0.2342903090,292230432.0000000000,55
1800,31,0.2167464850,275120640.0000000000,44
1800,32,0.1822883050,244919168.0000000000,36
1800,33,0.1600019130,216099920.0000000000,70
1800,34,0.1596625310,216098480.0000000000,58
1800,35,0.1597686630,215994912.0000000000,66
1800,36,0.1764153190,239953856.0000000000,22
1800,37,0.1763717230,240063712.0000000000,20
1800,38,0.1764295780,240059808.0000000000,6
1800,39,0.1764181650,240066144.0000000000,7
1800,40,0.1764111050,240061360.0000000000,27
1800,41,0.1766304120,240060064.0000000000,17
1800,42,0.1764593270,240061952.0000000000,54
1800,43,0.1765150460,240062960.0000000000,3
1800,44,0.1766644630,240061424.0000000000,29
1800,45,0.1597974670,216100960.0000000000,67
1800,46,0.1598932220,216096176.0000000000,65
1800,47,0.1597345920,215995056.0000000000,59
1800,48,0.1765723080,239959792.0000000000,41
1800,49,0.1765664450,240067072.0000000000,35
1800,50,0.1765201820,240062384.0000000000,4
1800,51,0.1763489720,240064880.0000000000,5
1800,52,0.1765800990,240066128.0000000000,37
1800,53,0.1764949270,240067472.0000000000,8
1800,54,0.1764552510,240061520.0000000000,11
1800,55,0.1764302370,240062288.0000000000,23
1800,56,0.1764689810,240064944.0000000000,21
1800,57,0.1597405210,216100384.0000000000,56
1800,58,0.1597898410,216102272.0000000000,61
1800,59,0.1595456640,215996768.0000000000,57
1800,60,0.1765657070,240270384.0000000000,16
1800,61,0.1765954450,240437600.0000000000,53
1800,62,0.1766812680,240427568.0000000000,24
1800,63,0.1767042690,240435920.0000000000,28
1800,64,0.1770133050,240414976.0000000000,38
1800,65,0.1765656380,240427856.0000000000,14
1800,66,0.1765168190,240423824.0000000000,40
1800,67,0.1767842350,240429296.0000000000,30
1800,68,0.1768611800,240428640.0000000000,48
1800,69,0.1598900520,216427760.0000000000,1
1800,70,0.1600058600,216424896.0000000000,62
1800,71,0.1597894120,216271408.0000000000,63
1800,72,0.1753483280,238977152.0000000000,52
1800,73,0.1763475760,239702304.0000000000,49
1800,74,0.1765546490,239697264.0000000000,39
1800,75,0.1766166930,239687296.0000000000,43
1800,76,0.1764077890,239709264.0000000000,25
1800,77,0.1764508240,239702080.0000000000,50
1800,78,0.1761390220,239679856.0000000000,46
1800,79,0.1763959670,239719920.0000000000,10
1800,80,0.1766460460,239711232.0000000000,31
1800,81,0.1598516650,215756064.0000000000,69
1800,82,0.1598303210,215756944.0000000000,60
1800,83,0.1584976910,215074672.0000000000,0
1800,84,0.0596645510,89616784.0000000000,92
1800,85,0.0594505870,89818416.0000000000,84
1800,86,0.0594979700,89826384.0000000000,89
1800,87,0.0594857170,89820736.0000000000,88
1800,88,0.0594835500,89824032.0000000000,85
1800,89,0.0594697730,89826976.0000000000,90
1800,90,0.0594900530,89825616.0000000000,87
1800,91,0.0595107550,89820336.0000000000,86
1800,92,0.0594321930,89825504.0000000000,91
1800,93,0.0555773980,80885488.0000000000,93
1800,94,0.0554819310,80887472.0000000000,94
1800,95,0.0548601660,80672160.0000000000,95
1800,96,0.0115280490,30347312.0000000000,88
1800,97,0.0115332340,30347312.0000000000,76
1800,98,0.0114995730,30347312.0000000000,87
1800,99,0.0115283290,30347312.0000000000,86
1800,100,0.0112393590,30347312.0000000000,96
1800,101,0.0115698270,30347312.0000000000,98
1800,102,0.0115584560,30347312.0000000000,83
1800,103,0.0115392790,30347312.0000000000,98
1800,104,0.0115623140,30347312.0000000000,85
1800,105,0.0109452710,27355696.0000000000,37
1800,106,0.0109403140,27355696.0000000000,21
1800,107,0.0109219350,27355696.0000000000,54
1800,108,0.0115098390,30347312.0000000000,79
1800,109,0.0115682480,30347312.0000000000,74
1800,110,0.0115936790,30347312.0000000000,65
1800,111,0.0115002740,30347312.0000000000,58
1800,112,0.0112256350,30347312.0000000000,99
1800,113,0.0115539490,30347312.0000000000,81
1800,114,0.0115157650,30347312.0000000000,95
1800,115,0.0111933300,30347312.0000000000,96
1800,116,0.0115227270,30347312.0000000000,57
1800,117,0.0109759170,27355696.0000000000,33
1800,118,0.0109874890,27355696.0000000000,52
1800,119,0.0109735860,27355696.0000000000,44
1800,120,0.0116047960,30347312.0000000000,72
1800,121,0.0115695460,30347312.0000000000,83
1800,122,0.0115341400,30347312.0000000000,90
1800,123,0.0115568850,30347312.0000000000,72
1800,124,0.0115039710,30347312.0000000000,89
1800,125,0.0115644550,30347312.0000000000,65
1800,126,0.0111978180,30347312.0000000000,99
1800,127,0.0115251430,30347312.0000000000,61
1800,128,0.0114892710,30347312.0000000000,87
1800,129,0.0109819150,27355696.0000000000,18
1800,130,0.0109640020,27355696.0000000000,32
1800,131,0.0109928720,27355696.0000000000,31
1800,132,0.0111892230,30347312.0000000000,96
1800,133,0.0115640360,30347312.0000000000,68
1800,134,0.0115597840,30347312.0000000000,66
1800,135,0.0115066450,30347312.0000000000,91
1800,136,0.0115643550,30347312.0000000000,64
1800,137,0.0115259440,30347312.0000000000,73
1800,138,0.0115129150,30347312.0000000000,77
1800,139,0.0115235890,30347312.0000000000,62
1800,140,0.0115309320,30347312.0000000000,84
1800,141,0.0110030710,27355696.0000000000,28
1800,142,0.0109451990,27355696.0000000000,35
1800,143,0.0109523860,27355696.0000000000,36
1800,144,0.0115214140,30347312.0000000000,57
1800,145,0.0115564040,30347312.0000000000,60
1800,146,0.0115174680,30347312.0000000000,87
1800,147,0.0115389080,30347312.0000000000,59
1800,148,0.0115448900,30347312.0000000000,97
1800,149,0.0115310600,30347312.0000000000,76
1800,150,0.0115154330,30347312.0000000000,97
1800,151,0.0115604560,30347312.0000000000,7
1800,152,0.0115466300,30347312.0000000000,71
1800,153,0.0109333920,27355696.0000000000,16
1800,154,0.0109511850,27355696.0000000000,20
1800,155,0.0109992490,27355696.0000000000,17
1800,156,0.0115742900,30347312.0000000000,74
1800,157,0.0115185800,30347312.0000000000,97
1800,158,0.0115234570,30347312.0000000000,88
1800,159,0.0115360600,30347312.0000000000,5
1800,160,0.0115316540,30347312.0000000000,86
1800,161,0.0115439490,30347312.0000000000,92
1800,162,0.0115365160,30347312.0000000000,60
1800,163,0.0115690650,30347312.0000000000,98
1800,164,0.0115592740,30347312.0000000000,76
1800,165,0.0109543480,27355696.0000000000,41
1800,166,0.0109921070,27355696.0000000000,13
1800,167,0.0109352190,27355696.0000000000,51
1800,168,0.0115446470,30347312.0000000000,71
1800,169,0.0115731200,30347312.0000000000,10
1800,170,0.0115483160,30347312.0000000000,92
1800,171,0.0115132840,30347312.0000000000,9
1800,172,0.0115418300,30347312.0000000000,66
1800,173,0.0115520540,30347312.0000000000,59
1800,174,0.0115037380,30347312.0000000000,91
1800,175,0.0115488150,30347312.0000000000,69
1800,176,0.0115321330,30347312.0000000000,70
1800,177,0.0109984080,27355696.0000000000,26
1800,178,0.0109397880,27355696.0000000000,53
1800,179,0.0110064590,27355696.0000000000,29
1800,180,0.0115660890,30347312.0000000000,6
1800,181,0.0115225470,30347312.0000000000,90
1800,182,0.0115503810,30347312.0000000000,63
1800,183,0.0115264530,30347312.0000000000,61
1800,184,0.0115401390,30347312.0000000000,78
1800,185,0.0115361950,30347312.0000000000,75
1800,186,0.0115331670,30347312.0000000000,93
1800,187,0.0115426840,30347312.0000000000,82
1800,188,0.0115150680,30347312.0000000000,3
1800,189,0.0109564050,27355696.0000000000,19
1800,190,0.0109274980,27355696.0000000000,46
1800,191,0.0110053860,27355696.0000000000,42
1800,192,0.0115819030,30347312.0000000000,56
1800,193,0.0115258930,30347312.0000000000,95
1800,194,0.0115311020,30347312.0000000000,93
1800,195,0.0115570830,30347312.0000000000,74
1800,196,0.0115405320,30347312.0000000000,92
1800,197,0.0114868760,30347312.0000000000,94
1800,198,0.0115391810,30347312.0000000000,75
1800,199,0.0115368240,30347312.0000000000,90
1800,200,0.0115226570,30347312.0000000000,84
1800,201,0.0109564980,27355696.0000000000,34
1800,202,0.0109806290,27355696.0000000000,43
1800,203,0.0109272820,27355696.0000000000,24
1800,204,0.0115487650,30347312.0000000000,82
1800,205,0.0115450080,30347312.0000000000,79
1800,206,0.0115009170,30347312.0000000000,75
1800,207,0.0115111270,30347312.0000000000,95
1800,208,0.0115824760,30347312.0000000000,72
1800,209,0.0114637870,30347312.0000000000,94
1800,210,0.0115377250,30347312.0000000000,81
1800,211,0.0115353450,30347312.0000000000,11
1800,212,0.0115485590,30347312.0000000000,56
1800,213,0.0109544490,27355696.0000000000,39
1800,214,0.0109560000,27355696.0000000000,40
1800,215,0.0109570180,27355696.0000000000,15
1800,216,0.0115199910,30347312.0000000000,63
1800,217,0.0115151610,30347312.0000000000,98
1800,218,0.0115469850,30347312.0000000000,85
1800,219,0.0115833510,30347312.0000000000,83
1800,220,0.0115162010,30347312.0000000000,78
1800,221,0.0115184700,30347312.0000000000,93
1800,222,0.0115269950,30347312.0000000000,81
1800,223,0.0115263080,30347312.0000000000,12
1800,224,0.0115131490,30347312.0000000000,86
1800,225,0.0109929030,27355696.0000000000,38
1800,226,0.0109435900,27355696.0000000000,14
1800,227,0.0109476090,27355696.0000000000,23
1800,228,0.0115500300,30347312.0000000000,80
1800,229,0.0115396380,30347312.0000000000,79
1800,230,0.0115662750,30347312.0000000000,1
1800,231,0.0115316710,30347312.0000000000,64
1800,232,0.0115531620,30347312.0000000000,80
1800,233,0.0111979300,30347312.0000000000,96
1800,234,0.0115384690,30347312.0000000000,62
1800,235,0.0115685440,30347312.0000000000,4
1800,236,0.0115292740,30347312.0000000000,2
1800,237,0.0109422180,27355696.0000000000,1
1800,238,0.0109348900,27355696.0000000000,49
1800,239,0.0109501210,27355696.0000000000,47
1800,240,0.0115184300,30347312.0000000000,94
1800,241,0.0115293230,30347312.0000000000,8
1800,242,0.0115135780,30347312.0000000000,84
1800,243,0.0115578090,30347312.0000000000,1
1800,244,0.0115271370,30347312.0000000000,97
1800,245,0.0115484370,30347312.0000000000,85
1800,246,0.0115632210,30347312.0000000000,67
1800,247,0.0114958270,30347312.0000000000,91
1800,248,0.0115182090,30347312.0000000000,58
1800,249,0.0109240850,27355696.0000000000,0
1800,250,0.0109515780,27355696.0000000000,25
1800,251,0.0109676950,27355696.0000000000,45
1800,252,0.0115777490,30347312.0000000000,67
1800,253,0.0112098920,30347312.0000000000,99
1800,254,0.0111998030,30347312.0000000000,99
1800,255,0.0115182710,30347312.0000000000,73
1800,256,0.0115359000,30347312.0000000000,68
1800,257,0.0114917260,30347312.0000000000,89
1800,258,0.0115258920,30347312.0000000000,88
1800,259,0.0115054920,30347312.0000000000,89
1800,260,0.0115379550,30347312.0000000000,77
1800,261,0.0109753140,27355696.0000000000,22
1800,262,0.0110046450,27355696.0000000000,48
1800,263,0.0109613190,27355696.0000000000,27
1800,264,0.0115279650,30347312.0000000000,77
1800,265,0.0115156260,30347312.0000000000,73
1800,266,0.0115379540,30347312.0000000000,70
1800,267,0.0115312190,30347312.0000000000,0
1800,268,0.0115112390,30347312.0000000000,0
1800,269,0.0115408300,30347312.0000000000,78
1800,270,0.0115549890,30347312.0000000000,82
1800,271,0.0115586540,30347312.0000000000,80
1800,272,0.0115575320,30347312.0000000000,69
1800,273,0.0109759590,27355696.0000000000,30
1800,274,0.0109409790,27355696.0000000000,55
1800,275,0.0109518420,27355696.0000000000,50
1850,0,3.3025900687,141233760.0000000000,79
1850,1,3.1273846654,134620304.0000000000,80
1850,2,3.0651693793,132357024.0000000000,78
1850,3,2.2146080485,108119952.0000000000,75
1850,4,2.0508771065,103170048.0000000000,74
1850,5,2.0491633555,103156336.0000000000,72
1850,6,2.0478997457,103169232.0000000000,76
1850,7,2.1912832194,107895952.0000000000,73
1850,8,3.2959116868,138517392.0000000000,77
1850,9,4.6485261122,174773776.0000000000,82
1850,10,4.6312427808,175821984.0000000000,81
1850,11,3.9291862674,156883760.0000000000,83
1850,12,6.1207632268,247071696.0000000000,12
1850,13,6.4621926695,254124336.0000000000,9
1850,14,6.4192881260,249865408.0000000000,33
1850,15,5.7112460612,227120944.0000000000,32
1850,16,5.2795334124,215030112.0000000000,51
1850,17,4.7705451307,201423328.0000000000,47
1850,18,4.7797196455,201399024.0000000000,26
1850,19,5.4832930541,220906352.0000000000,45
1850,20,6.9011478475,262413248.0000000000,19
1850,21,5.8960052120,229217664.0000000000,64
1850,22,5.2986745748,213112752.0000000000,68
1850,23,5.1828917741,211349920.0000000000,71
1850,24,5.6837820997,239957840.0000000000,42
1850,25,5.6800940129,240066976.0000000000,2
1850,26,5.7597109588,242213360.0000000000,18
1850,27,6.4642012743,261488112.0000000000,34
1850,28,7.1828950398,281237520.0000000000,13
1850,29,7.5408635739,294748640.0000000000,15
1850,30,7.5583777653,293175040.0000000000,55
1850,31,7.0128439427,276493872.0000000000,44
1850,32,5.8989005047,246307856.0000000000,36
1850,33,5.1440551874,216100464.0000000000,70
1850,34,5.1378365265,216101136.0000000000,58
1850,35,5.1414892083,215994848.0000000000,66
1850,36,5.6775597050,239960032.0000000000,22
1850,37,5.6793586580,240060608.0000000000,20
1850,38,5.6813103787,240061248.0000000000,6
1850,39,5.6782725002,240067440.0000000000,7
1850,40,5.6767534590,240061456.0000000000,27
1850,41,5.6848038169,240064384.0000000000,17
1850,42,5.6774260824,240058704.0000000000,54
1850,43,5.6779878736,240062608.0000000000,3
1850,44,5.6862408847,240061904.0000000000,29
1850,45,5.1453340735,216095536.0000000000,67
1850,46,5.1448287967,216101616.0000000000,65
1850,47,5.1385636282,215993216.0000000000,59
1850,48,5.6790450747,239956464.0000000000,41
1850,49,5.6811072506,240062336.0000000000,35
1850,50,5.6818172503,240062928.0000000000,4
1850,51,5.6797953892,240062880.0000000000,5
1850,52,5.6832450366,240063872.0000000000,37
1850,53,5.6798051591,240064288.0000000000,8
1850,54,5.6798934790,240062416.0000000000,11
1850,55,5.6772681188,240062928.0000000000,23
1850,56,5.6784335678,240064688.0000000000,21
1850,57,5.1415497138,216100736.0000000000,56
1850,58,5.1406192589,216101344.0000000000,61
1850,59,5.1372712811,215992864.0000000000,57
1850,60,5.6826144207,240296032.0000000000,16
1850,61,5.6842020233,240465936.0000000000,53
1850,62,5.6835904394,240459888.0000000000,24
1850,63,5.6885478413,240460560.0000000000,28
1850,64,5.6910103207,240451040.0000000000,38
1850,65,5.6884602290,240455856.0000000000,14
1850,66,5.6840648717,240456976.0000000000,40
1850,67,5.6900865913,240460672.0000000000,30
1850,68,5.6928442523,240453728.0000000000,48
1850,69,5.1477126370,216453856.0000000000,1
1850,70,5.1511408971,216451280.0000000000,62
1850,71,5.1436233498,216296496.0000000000,63
1850,72,5.6457447593,238932784.0000000000,52
1850,73,5.6744578424,239677520.0000000000,49
1850,74,5.6812277549,239669456.0000000000,39
1850,75,5.6735633903,239659392.0000000000,43
1850,76,5.6775010141,239679632.0000000000,25
1850,77,5.6761894117,239674736.0000000000,50
1850,78,5.6667554006,239656736.0000000000,46
1850,79,5.6755606442,239689440.0000000000,10
1850,80,5.6850742355,239686768.0000000000,31
1850,81,5.1458939368,215729104.0000000000,69
1850,82,5.1407567302,215731440.0000000000,60
1850,83,5.1030475385,215030832.0000000000,0
1850,84,1.9205987538,89612128.0000000000,92
1850,85,1.9202449445,89816784.0000000000,84
1850,86,1.9194322129,89826368.0000000000,89
1850,87,1.9201559307,89823472.0000000000,88
1850,88,1.9207933975,89824784.0000000000,85
1850,89,1.9206394094,89826896.0000000000,90
1850,90,1.9206362880,89826496.0000000000,87
1850,91,1.9196815786,89819856.0000000000,86
1850,92,1.9188858472,89823952.0000000000,91
1850,93,1.7912361321,80887040.0000000000,93
1850,94,1.7894248612,80890144.0000000000,94
1850,95,1.7643093159,80666384.0000000000,95
1850,96,0.3769117108,30347312.0000000000,88
1850,97,0.3770785056,30347312.0000000000,76
1850,98,0.3764202677,30347312.0000000000,87
1850,99,0.3766297458,30347312.0000000000,86
1850,100,0.3669335314,30347312.0000000000,96
1850,101,0.3782590054,30347312.0000000000,98
1850,102,0.3780105098,30347312.0000000000,83
1850,103,0.3778754986,30347312.0000000000,98
1850,104,0.3770328519,30347312.0000000000,85
1850,105,0.3587130445,27355696.0000000000,37
1850,106,0.3579634599,27355696.0000000000,21
1850,107,0.3571838094,27355696.0000000000,54
1850,108,0.3771172591,30347312.0000000000,79
1850,109,0.3784080601,30347312.0000000000,74
1850,110,0.3780057719,30347312.0000000000,65
1850,111,0.3761126142,30347312.0000000000,58
1850,112,0.3665999883,30347312.0000000000,99
1850,113,0.3768508137,30347312.0000000000,81
1850,114,0.3768894772,30347312.0000000000,95
1850,115,0.3658260407,30347312.0000000000,96
1850,116,0.3771274392,30347312.0000000000,57
1850,117,0.3579894983,27355696.0000000000,33
1850,118,0.3589128441,27355696.0000000000,52
1850,119,0.3584289774,27355696.0000000000,44
1850,120,0.3781599728,30347312.0000000000,72
1850,121,0.3778784999,30347312.0000000000,83
1850,122,0.3773699821,30347312.0000000000,90
1850,123,0.3778295617,30347312.0000000000,72
1850,124,0.3759117931,30347312.0000000000,89
1850,125,0.3778597610,30347312.0000000000,65
1850,126,0.3656837469,30347312.0000000000,99
1850,127,0.3765012636,30347312.0000000000,61
1850,128,0.3763405725,30347312.0000000000,87
1850,129,0.3583703699,27355696.0000000000,18
1850,130,0.3586512929,27355696.0000000000,32
1850,131,0.3586153787,27355696.0000000000,31
1850,132,0.3659953134,30347312.0000000000,96
1850,133,0.3777774042,30347312.0000000000,68
1850,134,0.3771254540,30347312.0000000000,66
1850,135,0.3756404786,30347312.0000000000,91
1850,136,0.3775672222,30347312.0000000000,64
1850,137,0.3768697649,30347312.0000000000,73
1850,138,0.3763996916,30347312.0000000000,77
1850,139,0.3774972365,30347312.0000000000,62
1850,140,0.3767049525,30347312.0000000000,84
1850,141,0.3587039170,27355696.0000000000,28
1850,142,0.3574341034,27355696.0000000000,35
1850,143,0.3575179220,27355696.0000000000,36
1850,144,0.3768045870,30347312.0000000000,57
1850,145,0.3770630122,30347312.0000000000,60
1850,146,0.3762678446,30347312.0000000000,87
1850,147,0.3773642221,30347312.0000000000,59
1850,148,0.3774995079,30347312.0000000000,97
1850,149,0.3772070621,30347312.0000000000,76
1850,150,0.3768297119,30347312.0000000000,97
1850,151,0.3780291061,30347312.0000000000,7
1850,152,0.3770141325,30347312.0000000000,71
1850,153,0.3572930173,27355696.0000000000,16
1850,154,0.3573985563,27355696.0000000000,20
1850,155,0.3594025225,27355696.0000000000,17
1850,156,0.3782397811,30347312.0000000000,74
1850,157,0.3767836388,30347312.0000000000,97
1850,158,0.3766740792,30347312.0000000000,88
1850,159,0.3770115689,30347312.0000000000,5
1850,160,0.3763875128,30347312.0000000000,86
1850,161,0.3777150472,30347312.0000000000,92
1850,162,0.3769512241,30347312.0000000000,60
1850,163,0.3773931115,30347312.0000000000,98
1850,164,0.3771366218,30347312.0000000000,76
1850,165,0.3577856723,27355696.0000000000,41
1850,166,0.3593104143,27355696.0000000000,13
1850,167,0.3571328135,27355696.0000000000,51
1850,168,0.3769951444,30347312.0000000000,71
1850,169,0.3776822305,30347312.0000000000,10
1850,170,0.3776649862,30347312.0000000000,92
1850,171,0.3763375778,30347312.0000000000,9
1850,172,0.3770453953,30347312.0000000000,66
1850,173,0.3773052263,30347312.0000000000,59
1850,174,0.3756305030,30347312.0000000000,91
1850,175,0.3777437655,30347312.0000000000,69
1850,176,0.3771308535,30347312.0000000000,70
1850,177,0.3587045073,27355696.0000000000,26
1850,178,0.3575382029,27355696.0000000000,53
1850,179,0.3593058306,27355696.0000000000,29
1850,180,0.3782047543,30347312.0000000000,6
1850,181,0.3772876461,30347312.0000000000,90
1850,182,0.3772399464,30347312.0000000000,63
1850,183,0.3763708567,30347312.0000000000,61
1850,184,0.3770105907,30347312.0000000000,78
1850,185,0.3769737587,30347312.0000000000,75
1850,186,0.3764537493,30347312.0000000000,93
1850,187,0.3776587107,30347312.0000000000,82
1850,188,0.3774024218,30347312.0000000000,3
1850,189,0.3576347861,27355696.0000000000,19
1850,190,0.3566848102,27355696.0000000000,46
1850,191,0.3595752274,27355696.0000000000,42
1850,192,0.3776199876,30347312.0000000000,56
1850,193,0.3765942871,30347312.0000000000,95
1850,194,0.3763422429,30347312.0000000000,93
1850,195,0.3780081845,30347312.0000000000,74
1850,196,0.3776365378,30347312.0000000000,92
1850,197,0.3752230950,30347312.0000000000,94
1850,198,0.3766299809,30347312.0000000000,75
1850,199,0.3772798481,30347312.0000000000,90
1850,200,0.3766632636,30347312.0000000000,84
1850,201,0.3577124914,27355696.0000000000,34
1850,202,0.3588263311,27355696.0000000000,43
1850,203,0.3571464991,27355696.0000000000,24
1850,204,0.3775935291,30347312.0000000000,82
1850,205,0.3771912384,30347312.0000000000,79
1850,206,0.3767742943,30347312.0000000000,75
1850,207,0.3767213559,30347312.0000000000,95
1850,208,0.3779302774,30347312.0000000000,72
1850,209,0.3749945989,30347312.0000000000,94
1850,210,0.3767323519,30347312.0000000000,81
1850,211,0.3772124798,30347312.0000000000,11
1850,212,0.3775695748,30347312.0000000000,56
1850,213,0.3577811353,27355696.0000000000,39
1850,214,0.3579900759,27355696.0000000000,40
1850,215,0.3580254396,27355696.0000000000,15
1850,216,0.3769351187,30347312.0000000000,63
1850,217,0.3772612113,30347312.0000000000,98
1850,218,0.3769077592,30347312.0000000000,85
1850,219,0.3778692223,30347312.0000000000,83
1850,220,0.3769227616,30347312.0000000000,78
1850,221,0.3763583836,30347312.0000000000,93
1850,222,0.3765489346,30347312.0000000000,81
1850,223,0.3766647905,30347312.0000000000,12
1850,224,0.3764675137,30347312.0000000000,86
1850,225,0.3585615758,27355696.0000000000,38
1850,226,0.3577943750,27355696.0000000000,14
1850,227,0.3577024606,27355696.0000000000,23
1850,228,0.3778476579,30347312.0000000000,80
1850,229,0.3769361445,30347312.0000000000,79
1850,230,0.3773287380,30347312.0000000000,1
1850,231,0.3772651991,30347312.0000000000,64
1850,232,0.3780669129,30347312.0000000000,80
1850,233,0.3658368446,30347312.0000000000,96
1850,234,0.3775020445,30347312.0000000000,62
1850,235,0.3773518722,30347312.0000000000,4
1850,236,0.3768187594,30347312.0000000000,2
1850,237,0.3577521474,27355696.0000000000,1
1850,238,0.3570944581,27355696.0000000000,49
1850,239,0.3575547529,27355696.0000000000,47
1850,240,0.3751138707,30347312.0000000000,94
1850,241,0.3772077508,30347312.0000000000,8
1850,242,0.3767256560,30347312.0000000000,84
1850,243,0.3773045428,30347312.0000000000,1
1850,244,0.3768891189,30347312.0000000000,97
1850,245,0.3769858944,30347312.0000000000,85
1850,246,0.3778650751,30347312.0000000000,67
1850,247,0.3755831963,30347312.0000000000,91
1850,248,0.3761573535,30347312.0000000000,58
1850,249,0.3568787230,27355696.0000000000,0
1850,250,0.3569449343,27355696.0000000000,25
1850,251,0.3585363304,27355696.0000000000,45
1850,252,0.3779008515,30347312.0000000000,67
1850,253,0.3656867625,30347312.0000000000,99
1850,254,0.3655016379,30347312.0000000000,99
1850,255,0.3765516948,30347312.0000000000,73
1850,256,0.3775658013,30347312.0000000000,68
1850,257,0.3758436697,30347312.0000000000,89
1850,258,0.3766911345,30347312.0000000000,88
1850,259,0.3758491703,30347312.0000000000,89
1850,260,0.3763909705,30347312.0000000000,77
1850,261,0.3579795381,27355696.0000000000,22
1850,262,0.3596593835,27355696.0000000000,48
1850,263,0.3579688047,27355696.0000000000,27
1850,264,0.3763327181,30347312.0000000000,77
1850,265,0.3765004034,30347312.0000000000,73
1850,266,0.3770346781,30347312.0000000000,70
1850,267,0.3763094400,30347312.0000000000,0
1850,268,0.3760985558,30347312.0000000000,0
1850,269,0.3769283283,30347312.0000000000,78
1850,270,0.3774748477,30347312.0000000000,82
1850,271,0.3776930320,30347312.0000000000,80
1850,272,0.3775338537,30347312.0000000000,69
1850,273,0.3587572575,27355696.0000000000,30
1850,274,0.3582777945,27355696.0000000000,55
1850,275,0.3582271369,27355696.0000000000,50
1900,0,0.1019637940,140587872.0000000000,79
1900,1,0.0954500900,133770896.0000000000,80
1900,2,0.0950885620,131814816.0000000000,78
1900,3,0.0652122160,106304880.0000000000,75
1900,4,0.0638467370,103164048.0000000000,74
1900,5,0.0635485850,103155632.0000000000,72
1900,6,0.0635026420,103167744.0000000000,76
1900,7,0.0673518380,107088864.0000000000,73
1900,8,0.1017814120,137928688.0000000000,77
1900,9,0.1472836700,176135808.0000000000,82
1900,10,0.1474740400,177308000.0000000000,81
1900,11,0.1236715070,157568832.0000000000,83
1900,12,0.1941204930,248162800.0000000000,12
1900,13,0.2039999240,254593280.0000000000,9
1900,14,0.2010079990,249426480.0000000000,33
1900,15,0.1771581950,226189056.0000000000,32
1900,16,0.1622599170,213413920.0000000000,51
1900,17,0.1470256710,200049088.0000000000,47
1900,18,0.1468708210,200034896.0000000000,26
1900,19,0.1696493200,219884496.0000000000,45
1900,20,0.2136566090,260331408.0000000000,19
1900,21,0.1845641740,228879632.0000000000,64
1900,22,0.1653475180,212312576.0000000000,68
1900,23,0.1616266160,210629248.0000000000,71
1900,24,0.1766144070,239955856.0000000000,42
1900,25,0.1764602410,240065056.0000000000,2
1900,26,0.1806723880,243204672.0000000000,18
1900,27,0.2028799240,262406176.0000000000,34
1900,28,0.2253913650,282128704.0000000000,13
1900,29,0.2363130640,295574192.0000000000,15
1900,30,0.2367608190,294054576.0000000000,55
1900,31,0.2204982320,277568176.0000000000,44
1900,32,0.1859574590,247695424.0000000000,36
1900,33,0.1598047700,216102320.0000000000,70
1900,34,0.1597045110,216097584.0000000000,58
1900,35,0.1597146150,215993696.0000000000,66
1900,36,0.1763618450,239956704.0000000000,22
1900,37,0.1765477750,240063024.0000000000,20
1900,38,0.1764841710,240066768.0000000000,6
1900,39,0.1764234720,240062912.0000000000,7
1900,40,0.1763283970,240066368.0000000000,27
1900,41,0.1766772520,240064304.0000000000,17
1900,42,0.1763732950,240061904.0000000000,54
1900,43,0.1763301080,240061856.0000000000,3
1900,44,0.1767230780,240061968.0000000000,29
1900,45,0.1598285520,216099344.0000000000,67
1900,46,0.1598135560,216100848.0000000000,65
1900,47,0.1596422710,215991840.0000000000,59
1900,48,0.1763791630,239957472.0000000000,41
1900,49,0.1764528480,240063824.0000000000,35
1900,50,0.1765530630,240061168.0000000000,4
1900,51,0.1765087780,240066896.0000000000,5
1900,52,0.1764923020,240061744.0000000000,37
1900,53,0.1764614970,240062128.0000000000,8
1900,54,0.1764919270,240061504.0000000000,11
1900,55,0.1764271090,240062512.0000000000,23
1900,56,0.1763791880,240064160.0000000000,21
1900,57,0.1597853180,216096640.0000000000,56
1900,58,0.1597271290,216100320.0000000000,61
1900,59,0.1596605270,215994896.0000000000,57
1900,60,0.1765938700,240323696.0000000000,16
1900,61,0.1766475650,240489792.0000000000,53
1900,62,0.1764988150,240493040.0000000000,24
1900,63,0.1768477280,240485872.0000000000,28
1900,64,0.1767826440,240482288.0000000000,38
1900,65,0.1766844140,240484976.0000000000,14
1900,66,0.1766504360,240485200.0000000000,40
1900,67,0.1768088460,240489120.0000000000,30
1900,68,0.1771085770,240483744.0000000000,48
1900,69,0.1599329360,216482640.0000000000,1
1900,70,0.1600015000,216478832.0000000000,62
1900,71,0.1597621870,216318560.0000000000,63
1900,72,0.1755044450,238881584.0000000000,52
1900,73,0.1758300720,239642816.0000000000,49
1900,74,0.1758661050,239637552.0000000000,39
1900,75,0.1758558110,239632496.0000000000,43
1900,76,0.1758817460,239647808.0000000000,25
1900,77,0.1758050130,239643120.0000000000,50
1900,78,0.1756344980,239627088.0000000000,46
1900,79,0.1760766540,239658608.0000000000,10
1900,80,0.1766246290,239657232.0000000000,31
1900,81,0.1600117190,215703344.0000000000,69
1900,82,0.1596574150,215704000.0000000000,60
1900,83,0.1585487980,214982992.0000000000,0
1900,84,0.0595081490,89605472.0000000000,92
1900,85,0.0595051320,89819520.0000000000,84
1900,86,0.0595145400,89824448.0000000000,89
1900,87,0.0595946240,89823536.0000000000,88
1900,88,0.0595516450,89821872.0000000000,85
1900,89,0.0595857960,89827696.0000000000,90
1900,90,0.0596706630,89826432.0000000000,87
1900,91,0.0595843460,89819792.0000000000,86
1900,92,0.0595024060,89823504.0000000000,91
1900,93,0.0555255180,80884768.0000000000,93
1900,94,0.0555255550,80891520.0000000000,94
1900,95,0.0546754920,80660944.0000000000,95
1900,96,0.0115262660,30347312.0000000000,88
1900,97,0.0115424930,30347312.0000000000,76
1900,98,0.0115205530,30347312.0000000000,87
1900,99,0.0115204530,30347312.0000000000,86
1900,100,0.0112455310,30347312.0000000000,96
1900,101,0.0115832460,30347312.0000000000,98
1900,102,0.0115476130,30347312.0000000000,83
1900,103,0.0115465420,30347312.0000000000,98
1900,104,0.0115547890,30347312.0000000000,85
1900,105,0.0109937770,27355696.0000000000,37
1900,106,0.0109748720,27355696.0000000000,21
1900,107,0.0109400590,27355696.0000000000,54
1900,108,0.0115824110,30347312.0000000000,79
1900,109,0.0115561520,30347312.0000000000,74
1900,110,0.0115589740,30347312.0000000000,65
1900,111,0.0115043230,30347312.0000000000,58
1900,112,0.0112133890,30347312.0000000000,99
1900,113,0.0115646470,30347312.0000000000,81
1900,114,0.0115113150,30347312.0000000000,95
1900,115,0.0112134400,30347312.0000000000,96
1900,116,0.0115598190,30347312.0000000000,57
1900,117,0.0109596370,27355696.0000000000,33
1900,118,0.0109739430,27355696.0000000000,52
1900,119,0.0109833370,27355696.0000000000,44
1900,120,0.0115723660,30347312.0000000000,72
1900,121,0.0115690250,30347312.0000000000,83
1900,122,0.0115599110,30347312.0000000000,90
1900,123,0.0115590300,30347312.0000000000,72
1900,124,0.0114862680,30347312.0000000000,89
1900,125,0.0115612480,30347312.0000000000,65
1900,126,0.0112233080,30347312.0000000000,99
1900,127,0.0115361470,30347312.0000000000,61
1900,128,0.0115047730,30347312.0000000000,87
1900,129,0.0109540720,27355696.0000000000,18
1900,130,0.0109837830,27355696.0000000000,32
1900,131,0.0109766800,27355696.0000000000,31
1900,132,0.0111965480,30347312.0000000000,96
1900,133,0.0115787720,30347312.0000000000,68
1900,134,0.0115404270,30347312.0000000000,66
1900,135,0.0115099150,30347312.0000000000,91
1900,136,0.0115322580,30347312.0000000000,64
1900,137,0.0115274780,30347312.0000000000,73
1900,138,0.0115069450,30347312.0000000000,77
1900,139,0.0115495680,30347312.0000000000,62
1900,140,0.0115232290,30347312.0000000000,84
1900,141,0.0109678150,27355696.0000000000,28
1900,142,0.0109215210,27355696.0000000000,35
1900,143,0.0109309840,27355696.0000000000,36
1900,144,0.0115169490,30347312.0000000000,57
1900,145,0.0115309130,30347312.0000000000,60
1900,146,0.0115241010,30347312.0000000000,87
1900,147,0.0115471440,30347312.0000000000,59
1900,148,0.0115495590,30347312.0000000000,97
1900,149,0.0115513300,30347312.0000000000,76
1900,150,0.0115170370,30347312.0000000000,97
1900,151,0.0115630410,30347312.0000000000,7
1900,152,0.0115272740,30347312.0000000000,71
1900,153,0.0109384210,27355696.0000000000,16
1900,154,0.0109270680,27355696.0000000000,20
1900,155,0.0110078970,27355696.0000000000,17
1900,156,0.0115728260,30347312.0000000000,74
1900,157,0.0115226980,30347312.0000000000,97
1900,158,0.0115297800,30347312.0000000000,88
1900,159,0.0115332030,30347312.0000000000,5
1900,160,0.0115294800,30347312.0000000000,86
1900,161,0.0115439490,30347312.0000000000,92
1900,162,0.0115424660,30347312.0000000000,60
1900,163,0.0115461330,30347312.0000000000,98
1900,164,0.0115409310,30347312.0000000000,76
1900,165,0.0109584060,27355696.0000000000,41
1900,166,0.0110015240,27355696.0000000000,13
1900,167,0.0109248820,27355696.0000000000,51
1900,168,0.0115419510,30347312.0000000000,71
1900,169,0.0115525580,30347312.0000000000,10
1900,170,0.0115422750,30347312.0000000000,92
1900,171,0.0114944970,30347312.0000000000,9
1900,172,0.0115420710,30347312.0000000000,66
1900,173,0.0115372470,30347312.0000000000,59
1900,174,0.0114953670,30347312.0000000000,91
1900,175,0.0115480540,30347312.0000000000,69
1900,176,0.0115478930,30347312.0000000000,70
1900,177,0.0109966040,27355696.0000000000,26
1900,178,0.0109625110,27355696.0000000000,53
1900,179,0.0110065800,27355696.0000000000,29
1900,180,0.0115617210,30347312.0000000000,6
1900,181,0.0115474960,30347312.0000000000,90
1900,182,0.0115311930,30347312.0000000000,63
1900,183,0.0115174170,30347312.0000000000,61
1900,184,0.0115201820,30347312.0000000000,78
1900,185,0.0115210140,30347312.0000000000,75
1900,186,0.0115246120,30347312.0000000000,93
1900,187,0.0115449270,30347312.0000000000,82
1900,188,0.0115474590,30347312.0000000000,3
1900,189,0.0109522500,27355696.0000000000,19
1900,190,0.0109309520,27355696.0000000000,46
1900,191,0.0110016090,27355696.0000000000,42
1900,192,0.0115521250,30347312.0000000000,56
1900,193,0.0115236890,30347312.0000000000,95
1900,194,0.0115181680,30347312.0000000000,93
1900,195,0.0115676650,30347312.0000000000,74
1900,196,0.0115564030,30347312.0000000000,92
1900,197,0.0114868270,30347312.0000000000,94
1900,198,0.0115457840,30347312.0000000000,75
1900,199,0.0115367640,30347312.0000000000,90
1900,200,0.0115396310,30347312.0000000000,84
1900,201,0.0109508780,27355696.0000000000,34
1900,202,0.0109688460,27355696.0000000000,43
1900,203,0.0109561270,27355696.0000000000,24
1900,204,0.0115481950,30347312.0000000000,82
1900,205,0.0115116230,30347312.0000000000,79
1900,206,0.0115330880,30347312.0000000000,75
1900,207,0.0115070080,30347312.0000000000,95
1900,208,0.0115684880,30347312.0000000000,72
1900,209,0.0114647260,30347312.0000000000,94
1900,210,0.0115454890,30347312.0000000000,81
1900,211,0.0115421690,30347312.0000000000,11
1900,212,0.0115623030,30347312.0000000000,56
1900,213,0.0109550010,27355696.0000000000,39
1900,214,0.0109720510,27355696.0000000000,40
1900,215,0.0109604530,27355696.0000000000,15
1900,216,0.0115111260,30347312.0000000000,63
1900,217,0.0115649280,30347312.0000000000,98
1900,218,0.0115289880,30347312.0000000000,85
1900,219,0.0115618420,30347312.0000000000,83
1900,220,0.0115276480,30347312.0000000000,78
1900,221,0.0115182690,30347312.0000000000,93
1900,222,0.0115457900,30347312.0000000000,81
1900,223,0.0115356860,30347312.0000000000,12
1900,224,0.0115090700,30347312.0000000000,86
1900,225,0.0109733960,27355696.0000000000,38
1900,226,0.0109466350,27355696.0000000000,14
1900,227,0.0109429110,27355696.0000000000,23
1900,228,0.0115832400,30347312.0000000000,80
1900,229,0.0115404790,30347312.0000000000,79
1900,230,0.0115566580,30347312.0000000000,1
1900,231,0.0115519080,30347312.0000000000,64
1900,232,0.0115593050,30347312.0000000000,80
1900,233,0.0112097540,30347312.0000000000,96
1900,234,0.0115416850,30347312.0000000000,62
1900,235,0.0115434940,30347312.0000000000,4
1900,236,0.0115307300,30347312.0000000000,2
1900,237,0.0109525200,27355696.0000000000,1
1900,238,0.0109416640,27355696.0000000000,49
1900,239,0.0109547800,27355696.0000000000,47
1900,240,0.0114898240,30347312.0000000000,94
1900,241,0.0115283210,30347312.0000000000,8
1900,242,0.0115396300,30347312.0000000000,84
1900,243,0.0115285260,30347312.0000000000,1
1900,244,0.0115400110,30347312.0000000000,97
1900,245,0.0115396680,30347312.0000000000,85
1900,246,0.0115515300,30347312.0000000000,67
1900,247,0.0114948050,30347312.0000000000,91
1900,248,0.0115079970,30347312.0000000000,58
1900,249,0.0109132050,27355696.0000000000,0
1900,250,0.0109446850,27355696.0000000000,25
1900,251,0.0109806790,27355696.0000000000,45
1900,252,0.0115908340,30347312.0000000000,67
1900,253,0.0111994220,30347312.0000000000,99
1900,254,0.0112102920,30347312.0000000000,99
1900,255,0.0115258930,30347312.0000000000,73
1900,256,0.0115539860,30347312.0000000000,68
1900,257,0.0115268460,30347312.0000000000,89
1900,258,0.0115197340,30347312.0000000000,88
1900,259,0.0114968080,30347312.0000000000,89
1900,260,0.0115342170,30347312.0000000000,77
1900,261,0.0109590920,27355696.0000000000,22
1900,262,0.0109892240,27355696.0000000000,48
1900,263,0.0109786920,27355696.0000000000,27
1900,264,0.0115143870,30347312.0000000000,77
1900,265,0.0115188800,30347312.0000000000,73
1900,266,0.0115272240,30347312.0000000000,70
1900,267,0.0115141160,30347312.0000000000,0
1900,268,0.0114974220,30347312.0000000000,0
1900,269,0.0115300380,30347312.0000000000,78
1900,270,0.0115725900,30347312.0000000000,82
1900,271,0.0115578620,30347312.0000000000,80
1900,272,0.0115417610,30347312.0000000000,69
1900,273,0.0109865510,27355696.0000000000,30
1900,274,0.0109617910,27355696.0000000000,55
1900,275,0.0109692150,27355696.0000000000,50
1950,0,3.2546533637,140111696.0000000000,79
1950,1,3.0669490354,133064752.0000000000,80
1950,2,3.0411259236,131097392.0000000000,78
1950,3,2.1038591882,105664160.0000000000,75
1950,4,2.0591484206,103162688.0000000000,74
1950,5,2.0512053891,103162592.0000000000,72
1950,6,2.0498032140,103161552.0000000000,76
1950,7,2.1672278540,106368432.0000000000,73
1950,8,3.2757290179,137569536.0000000000,77
1950,9,4.7612047116,176663776.0000000000,82
1950,10,4.7939289407,179373056.0000000000,81
1950,11,4.0146927782,158528736.0000000000,83
1950,12,6.2776529236,249326928.0000000000,12
1950,13,6.5738823446,254926256.0000000000,9
1950,14,6.4593839347,249177600.0000000000,33
1950,15,5.6777865485,225128816.0000000000,32
1950,16,5.1999809015,211934976.0000000000,51
1950,17,4.6880475037,198627936.0000000000,47
1950,18,4.7027025168,198916112.0000000000,26
1950,19,5.4485845533,219350448.0000000000,45
1950,20,6.8234198107,258488464.0000000000,19
1950,21,5.9379632177,228294240.0000000000,64
1950,22,5.3141848055,211420896.0000000000,68
1950,23,5.1939607804,209862160.0000000000,71
1950,24,5.6843313928,239954560.0000000000,42
1950,25,5.6796000001,240061760.0000000000,2
1950,26,5.8287811601,244144800.0000000000,18
1950,27,6.5503113147,263285712.0000000000,34
1950,28,7.2601462052,282972064.0000000000,13
1950,29,7.6189322050,297757184.0000000000,15
1950,30,7.6282252790,295341680.0000000000,55
1950,31,7.1088168673,278520400.0000000000,44
1950,32,6.0049307693,249029008.0000000000,36
1950,33,5.1440770221,216099648.0000000000,70
1950,34,5.1383140387,216096800.0000000000,58
1950,35,5.1414744653,215995664.0000000000,66
1950,36,5.6770275961,239954880.0000000000,22
1950,37,5.6798715026,240064544.0000000000,20
1950,38,5.6806845133,240064672.0000000000,6
1950,39,5.6775349277,240064192.0000000000,7
1950,40,5.6768724397,240063328.0000000000,27
1950,41,5.6846300576,240063968.0000000000,17
1950,42,5.6774076579,240063216.0000000000,54
1950,43,5.6775043290,240061216.0000000000,3
1950,44,5.6874912940,240061296.0000000000,29
1950,45,5.1450696019,216101808.0000000000,67
1950,46,5.1449264073,216100272.0000000000,65
1950,47,5.1382528002,215990128.0000000000,59
1950,48,5.6786704714,239956224.0000000000,41
1950,49,5.6800482088,240065648.0000000000,35
1950,50,5.6820681416,240058704.0000000000,4
1950,51,5.6791291470,240070848.0000000000,5
1950,52,5.6835852243,240065872.0000000000,37
1950,53,5.6799375514,240063248.0000000000,8
1950,54,5.6793786008,240062480.0000000000,11
1950,55,5.6771181613,240064976.0000000000,23
1950,56,5.6786657748,240064592.0000000000,21
1950,57,5.1417835223,216097392.0000000000,56
1950,58,5.1402819085,216100080.0000000000,61
1950,59,5.1378783441,215994896.0000000000,57
1950,60,5.6831498188,240352032.0000000000,16
1950,61,5.6855611663,240517568.0000000000,53
1950,62,5.6848397777,240524512.0000000000,24
1950,63,5.6898594853,240513648.0000000000,28
1950,64,5.6918983193,240510400.0000000000,38
1950,65,5.6881732759,240516448.0000000000,14
1950,66,5.6847718258,240516784.0000000000,40
1950,67,5.6909111074,240517792.0000000000,30
1950,68,5.6941318667,240512640.0000000000,48
1950,69,5.1486522087,216507840.0000000000,1
1950,70,5.1519062958,216507056.0000000000,62
1950,71,5.1447704925,216340848.0000000000,63
1950,72,5.6442031726,238831760.0000000000,52
1950,73,5.6556327677,239619792.0000000000,49
1950,74,5.6599701005,239608576.0000000000,39
1950,75,5.6594264780,239604464.0000000000,43
1950,76,5.6577159469,239617888.0000000000,25
1950,77,5.6568125084,239614336.0000000000,50
1950,78,5.6507215330,239596896.0000000000,46
1950,79,5.6619044382,239630480.0000000000,10
1950,80,5.6650451136,239626320.0000000000,31
1950,81,5.1446966838,215683488.0000000000,69
1950,82,5.1407730960,215678640.0000000000,60
1950,83,5.1016722822,214935600.0000000000,0
1950,84,1.9206860904,89599296.0000000000,92
1950,85,1.9200109368,89819312.0000000000,84
1950,86,1.9188764933,89823920.0000000000,89
1950,87,1.9194883706,89821344.0000000000,88
1950,88,1.9206961360,89821184.0000000000,85
1950,89,1.9211081592,89828400.0000000000,90
1950,90,1.9207232498,89826496.0000000000,87
1950,91,1.9200521777,89819840.0000000000,86
1950,92,1.9196102785,89824944.0000000000,91
1950,93,1.7904690653,80881680.0000000000,93
1950,94,1.7904105210,80890144.0000000000,94
1950,95,1.7629720540,80658208.0000000000,95
1950,96,0.3767680623,30347312.0000000000,88
1950,97,0.3771926622,30347312.0000000000,76
1950,98,0.3763850615,30347312.0000000000,87
1950,99,0.3764653245,30347312.0000000000,86
1950,100,0.3668917632,30347312.0000000000,96
1950,101,0.3781878868,30347312.0000000000,98
1950,102,0.3779634126,30347312.0000000000,83
1950,103,0.3773970132,30347312.0000000000,98
1950,104,0.3770524158,30347312.0000000000,85
1950,105,0.3586803286,27355696.0000000000,37
1950,106,0.3579021069,27355696.0000000000,21
1950,107,0.3572153080,27355696.0000000000,54
1950,108,0.3770313544,30347312.0000000000,79
1950,109,0.3782746687,30347312.0000000000,74
1950,110,0.3778810800,30347312.0000000000,65
1950,111,0.3762886810,30347312.0000000000,58
1950,112,0.3666575305,30347312.0000000000,99
1950,113,0.3768904162,30347312.0000000000,81
1950,114,0.3768169076,30347312.0000000000,95
1950,115,0.3658776610,30347312.0000000000,96
1950,116,0.3771390418,30347312.0000000000,57
1950,117,0.3579179791,27355696.0000000000,33
1950,118,0.3589309224,27355696.0000000000,52
1950,119,0.3584193227,27355696.0000000000,44
1950,120,0.3779989220,30347312.0000000000,72
1950,121,0.3779474188,30347312.0000000000,83
1950,122,0.3771966324,30347312.0000000000,90
1950,123,0.3778233940,30347312.0000000000,72
1950,124,0.3758997715,30347312.0000000000,89
1950,125,0.3777525704,30347312.0000000000,65
1950,126,0.3657003207,30347312.0000000000,99
1950,127,0.3764168392,30347312.0000000000,61
1950,128,0.3762488639,30347312.0000000000,87
1950,129,0.3583291389,27355696.0000000000,18
1950,130,0.3588058336,27355696.0000000000,32
1950,131,0.3587086594,27355696.0000000000,31
1950,132,0.3660339231,30347312.0000000000,96
1950,133,0.3777200230,30347312.0000000000,68
1950,134,0.3770841350,30347312.0000000000,66
1950,135,0.3757676491,30347312.0000000000,91
1950,136,0.3775884706,30347312.0000000000,64
1950,137,0.3769895864,30347312.0000000000,73
1950,138,0.3762643302,30347312.0000000000,77
1950,139,0.3774794154,30347312.0000000000,62
1950,140,0.3768793932,30347312.0000000000,84
1950,141,0.3587917087,27355696.0000000000,28
1950,142,0.3573747762,27355696.0000000000,35
1950,143,0.3576538284,27355696.0000000000,36
1950,144,0.3768913851,30347312.0000000000,57
1950,145,0.3769593451,30347312.0000000000,60
1950,146,0.3762991685,30347312.0000000000,87
1950,147,0.3774202447,30347312.0000000000,59
1950,148,0.3775277986,30347312.0000000000,97
1950,149,0.3771156582,30347312.0000000000,76
1950,150,0.3767748251,30347312.0000000000,97
1950,151,0.3777975926,30347312.0000000000,7
1950,152,0.3771090726,30347312.0000000000,71
1950,153,0.3574296111,27355696.0000000000,16
1950,154,0.3573967847,27355696.0000000000,20
1950,155,0.3594407815,27355696.0000000000,17
1950,156,0.3781875651,30347312.0000000000,74
1950,157,0.3768810962,30347312.0000000000,97
1950,158,0.3768878998,30347312.0000000000,88
1950,159,0.3769515239,30347312.0000000000,5
1950,160,0.3765745402,30347312.0000000000,86
1950,161,0.3777332020,30347312.0000000000,92
1950,162,0.3769395772,30347312.0000000000,60
1950,163,0.3773680953,30347312.0000000000,98
1950,164,0.3771085478,30347312.0000000000,76
1950,165,0.3577721857,27355696.0000000000,41
1950,166,0.3592067544,27355696.0000000000,13
1950,167,0.3572481124,27355696.0000000000,51
1950,168,0.3771186029,30347312.0000000000,71
1950,169,0.3775120288,30347312.0000000000,10
1950,170,0.3776227139,30347312.0000000000,92
1950,171,0.3763794613,30347312.0000000000,9
1950,172,0.3770074165,30347312.0000000000,66
1950,173,0.3773791112,30347312.0000000000,59
1950,174,0.3757112075,30347312.0000000000,91
1950,175,0.3777478604,30347312.0000000000,69
1950,176,0.3771428347,30347312.0000000000,70
1950,177,0.3586292887,27355696.0000000000,26
1950,178,0.3577073788,27355696.0000000000,53
1950,179,0.3593900826,27355696.0000000000,29
1950,180,0.3781131925,30347312.0000000000,6
1950,181,0.3776240557,30347312.0000000000,90
1950,182,0.3771602412,30347312.0000000000,63
1950,183,0.3764227767,30347312.0000000000,61
1950,184,0.3771176489,30347312.0000000000,78
1950,185,0.3769035985,30347312.0000000000,75
1950,186,0.3764811717,30347312.0000000000,93
1950,187,0.3776649755,30347312.0000000000,82
1950,188,0.3773531135,30347312.0000000000,3
1950,189,0.3576183892,27355696.0000000000,19
1950,190,0.3567206649,27355696.0000000000,46
1950,191,0.3595828874,27355696.0000000000,42
1950,192,0.3776353762,30347312.0000000000,56
1950,193,0.3766114195,30347312.0000000000,95
1950,194,0.3763036323,30347312.0000000000,93
1950,195,0.3782329225,30347312.0000000000,74
1950,196,0.3776536355,30347312.0000000000,92
1950,197,0.3752969323,30347312.0000000000,94
1950,198,0.3767755568,30347312.0000000000,75
1950,199,0.3772892331,30347312.0000000000,90
1950,200,0.3767061094,30347312.0000000000,84
1950,201,0.3577791987,27355696.0000000000,34
1950,202,0.3587864445,27355696.0000000000,43
1950,203,0.3573517426,27355696.0000000000,24
1950,204,0.3774576989,30347312.0000000000,82
1950,205,0.3771572717,30347312.0000000000,79
1950,206,0.3766846619,30347312.0000000000,75
1950,207,0.3765322740,30347312.0000000000,95
1950,208,0.3778436789,30347312.0000000000,72
1950,209,0.3750571973,30347312.0000000000,94
1950,210,0.3767124857,30347312.0000000000,81
1950,211,0.3770605200,30347312.0000000000,11
1950,212,0.3774923814,30347312.0000000000,56
1950,213,0.3577300634,27355696.0000000000,39
1950,214,0.3581528714,27355696.0000000000,40
1950,215,0.3580693999,27355696.0000000000,15
1950,216,0.3770365722,30347312.0000000000,63
1950,217,0.3774396069,30347312.0000000000,98
1950,218,0.3769418967,30347312.0000000000,85
1950,219,0.3779066791,30347312.0000000000,83
1950,220,0.3769904411,30347312.0000000000,78
1950,221,0.3762785968,30347312.0000000000,93
1950,222,0.3767018431,30347312.0000000000,81
1950,223,0.3765432843,30347312.0000000000,12
1950,224,0.3765025474,30347312.0000000000,86
1950,225,0.3588985309,27355696.0000000000,38
1950,226,0.3577111104,27355696.0000000000,14
1950,227,0.3578508075,27355696.0000000000,23
1950,228,0.3778136028,30347312.0000000000,80
1950,229,0.3769430900,30347312.0000000000,79
1950,230,0.3773645046,30347312.0000000000,1
1950,231,0.3773797566,30347312.0000000000,64
1950,232,0.3779478260,30347312.0000000000,80
1950,233,0.3659067854,30347312.0000000000,96
1950,234,0.3773887290,30347312.0000000000,62
1950,235,0.3773209311,30347312.0000000000,4
1950,236,0.3768966071,30347312.0000000000,2
1950,237,0.3578538242,27355696.0000000000,1
1950,238,0.3570349650,27355696.0000000000,49
1950,239,0.3574302171,27355696.0000000000,47
1950,240,0.3751405206,30347312.0000000000,94
1950,241,0.3771682062,30347312.0000000000,8
1950,242,0.3766936004,30347312.0000000000,84
1950,243,0.3772657435,30347312.0000000000,1
1950,244,0.3768368089,30347312.0000000000,97
1950,245,0.3769852957,30347312.0000000000,85
1950,246,0.3779236051,30347312.0000000000,67
1950,247,0.3753994177,30347312.0000000000,91
1950,248,0.3762333720,30347312.0000000000,58
1950,249,0.3567910887,27355696.0000000000,0
1950,250,0.3568697712,27355696.0000000000,25
1950,251,0.3585809434,27355696.0000000000,45
1950,252,0.3778818086,30347312.0000000000,67
1950,253,0.3657871925,30347312.0000000000,99
1950,254,0.3655863510,30347312.0000000000,99
1950,255,0.3765771300,30347312.0000000000,73
1950,256,0.3775077559,30347312.0000000000,68
1950,257,0.3759035268,30347312.0000000000,89
1950,258,0.3766760055,30347312.0000000000,88
1950,259,0.3758062789,30347312.0000000000,89
1950,260,0.3764899387,30347312.0000000000,77
1950,261,0.3578658510,27355696.0000000000,22
1950,262,0.3597200765,27355696.0000000000,48
1950,263,0.3579838491,27355696.0000000000,27
1950,264,0.3764028860,30347312.0000000000,77
1950,265,0.3765913033,30347312.0000000000,73
1950,266,0.3770143006,30347312.0000000000,70
1950,267,0.3761051340,30347312.0000000000,0
1950,268,0.3760559605,30347312.0000000000,0
1950,269,0.3769336325,30347312.0000000000,78
1950,270,0.3775009734,30347312.0000000000,82
1950,271,0.3778914741,30347312.0000000000,80
1950,272,0.3774869495,30347312.0000000000,69
1950,273,0.3587983885,27355696.0000000000,30
1950,274,0.3583412392,27355696.0000000000,55
1950,275,0.3577667994,27355696.0000000000,50
2000,0,0.1004315070,139709184.0000000000,79
2000,1,0.0939795980,132436128.0000000000,80
2000,2,0.0920457560,129766832.0000000000,78
2000,3,0.0651267150,105153264.0000000000,75
2000,4,0.0639900380,103168208.0000000000,74
2000,5,0.0636924450,103160880.0000000000,72
2000,6,0.0637857190,103150208.0000000000,76
2000,7,0.0651911290,105671808.0000000000,73
2000,8,0.1005090570,137193424.0000000000,77
2000,9,0.1488806850,176730464.0000000000,82
2000,10,0.1534069970,181990496.0000000000,81
2000,11,0.1267097340,159644000.0000000000,83
2000,12,0.1958474880,250432928.0000000000,12
2000,13,0.2045354850,255137600.0000000000,9
2000,14,0.1997764470,248821936.0000000000,33
2000,15,0.1748710590,223754320.0000000000,32
2000,16,0.1485038380,202829680.0000000000,51
2000,17,0.1252512140,180472256.0000000000,47
2000,18,0.1260973260,181900336.0000000000,26
2000,19,0.1658936330,216501936.0000000000,45
2000,20,0.2095080900,256757120.0000000000,19
2000,21,0.1836641130,227376000.0000000000,64
2000,22,0.1634780160,210298672.0000000000,68
2000,23,0.1597293610,208968896.0000000000,71
2000,24,0.1766561790,239952192.0000000000,42
2000,25,0.1764675680,240067072.0000000000,2
2000,26,0.1827737300,245060960.0000000000,18
2000,27,0.2052374940,264158192.0000000000,34
2000,28,0.2385964010,294209808.0000000000,13
2000,29,0.2575659270,315308592.0000000000,15
2000,30,0.2574109600,312858592.0000000000,55
2000,31,0.2267781540,283138384.0000000000,44
2000,32,0.1886242300,250293824.0000000000,36
2000,33,0.1598029720,216101280.0000000000,70
2000,34,0.1595254830,216096912.0000000000,58
2000,35,0.1596240700,215993600.0000000000,66
2000,36,0.1764700930,239953424.0000000000,22
2000,37,0.1764786390,240060544.0000000000,20
2000,38,0.1765469730,240064880.0000000000,6
2000,39,0.1763959020,240063008.0000000000,7
2000,40,0.1763986430,240060736.0000000000,27
2000,41,0.1765564850,240065136.0000000000,17
2000,42,0.1763613430,240062256.0000000000,54
2000,43,0.1763816380,240062064.0000000000,3
2000,44,0.1767257010,240063040.0000000000,29
2000,45,0.1599072070,216099872.0000000000,67
2000,46,0.1599426830,216099600.0000000000,65
2000,47,0.1596005170,215993056.0000000000,59
2000,48,0.1764816810,239956032.0000000000,41
2000,49,0.1765006290,240068000.0000000000,35
2000,50,0.1766026740,240059408.0000000000,4
2000,51,0.1764024540,240066608.0000000000,5
2000,52,0.1766038270,240066640.0000000000,37
2000,53,0.1763579800,240063360.0000000000,8
2000,54,0.1764382050,240063168.0000000000,11
2000,55,0.1764411170,240062128.0000000000,23
2000,56,0.1763495590,240063536.0000000000,21
2000,57,0.1597725190,216099728.0000000000,56
2000,58,0.1597506880,216098144.0000000000,61
2000,59,0.1595632250,215990192.0000000000,57
2000,60,0.1765760700,240379360.0000000000,16
2000,61,0.1767503850,240549264.0000000000,53
2000,62,0.1766547860,240552064.0000000000,24
2000,63,0.1768241290,240549712.0000000000,28
2000,64,0.1768311950,240540080.0000000000,38
2000,65,0.1768613460,240543440.0000000000,14
2000,66,0.1766748040,240550608.0000000000,40
2000,67,0.1768014680,240550944.0000000000,30
2000,68,0.1770731030,240546016.0000000000,48
2000,69,0.1600210250,216536400.0000000000,1
2000,70,0.1600885940,216533376.0000000000,62
2000,71,0.1598625260,216369632.0000000000,63
2000,72,0.1752113220,238778320.0000000000,52
2000,73,0.1756278250,239591760.0000000000,49
2000,74,0.1758977650,239575328.0000000000,39
2000,75,0.1759584590,239576720.0000000000,43
2000,76,0.1756709370,239585600.0000000000,25
2000,77,0.1756834310,239582464.0000000000,50
2000,78,0.1756070560,239560416.0000000000,46
2000,79,0.1756846860,239596368.0000000000,10
2000,80,0.1759392220,239593568.0000000000,31
2000,81,0.1598853840,215656672.0000000000,69
2000,82,0.1596982480,215650224.0000000000,60
2000,83,0.1584533680,214886032.0000000000,0
2000,84,0.0595363460,89592784.0000000000,92
2000,85,0.0595757680,89822304.0000000000,84
2000,86,0.0595077880,89821920.0000000000,89
2000,87,0.0595183490,89821984.0000000000,88
2000,88,0.0595047630,89820144.0000000000,85
2000,89,0.0595384090,89828656.0000000000,90
2000,90,0.0595758500,89827680.0000000000,87
2000,91,0.0595288480,89819584.0000000000,86
2000,92,0.0594393570,89828640.0000000000,91
2000,93,0.0554821130,80876096.0000000000,93
2000,94,0.0554753810,80890320.0000000000,94
2000,95,0.0546014890,80653008.0000000000,95
2000,96,0.0115503290,30347312.0000000000,88
2000,97,0.0115301290,30347312.0000000000,76
2000,98,0.0115290490,30347312.0000000000,87
2000,99,0.0115009040,30347312.0000000000,86
2000,100,0.0112558490,30347312.0000000000,96
2000,101,0.0115530750,30347312.0000000000,98
2000,102,0.0115669920,30347312.0000000000,83
2000,103,0.0115454010,30347312.0000000000,98
2000,104,0.0115392000,30347312.0000000000,85
2000,105,0.0109756990,27355696.0000000000,37
2000,106,0.0109570280,27355696.0000000000,21
2000,107,0.0109396090,27355696.0000000000,54
2000,108,0.0115428110,30347312.0000000000,79
2000,109,0.0115741910,30347312.0000000000,74
2000,110,0.0115804440,30347312.0000000000,65
2000,111,0.0115159520,30347312.0000000000,58
2000,112,0.0112246380,30347312.0000000000,99
2000,113,0.0115383650,30347312.0000000000,81
2000,114,0.0115242410,30347312.0000000000,95
2000,115,0.0111976260,30347312.0000000000,96
2000,116,0.0115293970,30347312.0000000000,57
2000,117,0.0109625030,27355696.0000000000,33
2000,118,0.0109907180,27355696.0000000000,52
2000,119,0.0109601100,27355696.0000000000,44
2000,120,0.0115561980,30347312.0000000000,72
2000,121,0.0115441970,30347312.0000000000,83
2000,122,0.0115343890,30347312.0000000000,90
2000,123,0.0115433430,30347312.0000000000,72
2000,124,0.0115115740,30347312.0000000000,89
2000,125,0.0115438530,30347312.0000000000,65
2000,126,0.0112056030,30347312.0000000000,99
2000,127,0.0115256550,30347312.0000000000,61
2000,128,0.0115177370,30347312.0000000000,87
2000,129,0.0109750430,27355696.0000000000,18
2000,130,0.0109871870,27355696.0000000000,32
2000,131,0.0109942560,27355696.0000000000,31
2000,132,0.0111859950,30347312.0000000000,96
2000,133,0.0115743040,30347312.0000000000,68
2000,134,0.0115429720,30347312.0000000000,66
2000,135,0.0114989100,30347312.0000000000,91
2000,136,0.0115631100,30347312.0000000000,64
2000,137,0.0115218900,30347312.0000000000,73
2000,138,0.0114996480,30347312.0000000000,77
2000,139,0.0115792180,30347312.0000000000,62
2000,140,0.0115392690,30347312.0000000000,84
2000,141,0.0109777530,27355696.0000000000,28
2000,142,0.0109123550,27355696.0000000000,35
2000,143,0.0109574030,27355696.0000000000,36
2000,144,0.0115396900,30347312.0000000000,57
2000,145,0.0115218560,30347312.0000000000,60
2000,146,0.0115131290,30347312.0000000000,87
2000,147,0.0115476240,30347312.0000000000,59
2000,148,0.0115774700,30347312.0000000000,97
2000,149,0.0115389250,30347312.0000000000,76
2000,150,0.0115283280,30347312.0000000000,97
2000,151,0.0115711280,30347312.0000000000,7
2000,152,0.0115224450,30347312.0000000000,71
2000,153,0.0109470990,27355696.0000000000,16
2000,154,0.0109349140,27355696.0000000000,20
2000,155,0.0110101690,27355696.0000000000,17
2000,156,0.0115635610,30347312.0000000000,74
2000,157,0.0115391790,30347312.0000000000,97
2000,158,0.0115229780,30347312.0000000000,88
2000,159,0.0115368100,30347312.0000000000,5
2000,160,0.0115342300,30347312.0000000000,86
2000,161,0.0115789880,30347312.0000000000,92
2000,162,0.0115218440,30347312.0000000000,60
2000,163,0.0115492580,30347312.0000000000,98
2000,164,0.0115412990,30347312.0000000000,76
2000,165,0.0109497180,27355696.0000000000,41
2000,166,0.0109695630,27355696.0000000000,13
2000,167,0.0109355400,27355696.0000000000,51
2000,168,0.0115326650,30347312.0000000000,71
2000,169,0.0115513870,30347312.0000000000,10
2000,170,0.0115366950,30347312.0000000000,92
2000,171,0.0114899890,30347312.0000000000,9
2000,172,0.0115268320,30347312.0000000000,66
2000,173,0.0115498960,30347312.0000000000,59
2000,174,0.0114837530,30347312.0000000000,91
2000,175,0.0115777120,30347312.0000000000,69
2000,176,0.0115276150,30347312.0000000000,70
2000,177,0.0109684910,27355696.0000000000,26
2000,178,0.0109392660,27355696.0000000000,53
2000,179,0.0109794870,27355696.0000000000,29
2000,180,0.0115907850,30347312.0000000000,6
2000,181,0.0115863580,30347312.0000000000,90
2000,182,0.0115420050,30347312.0000000000,63
2000,183,0.0115115170,30347312.0000000000,61
2000,184,0.0115356890,30347312.0000000000,78
2000,185,0.0115392240,30347312.0000000000,75
2000,186,0.0115026090,30347312.0000000000,93
2000,187,0.0115684250,30347312.0000000000,82
2000,188,0.0115438720,30347312.0000000000,3
2000,189,0.0109493320,27355696.0000000000,19
2000,190,0.0109272970,27355696.0000000000,46
2000,191,0.0110306960,27355696.0000000000,42
2000,192,0.0115583540,30347312.0000000000,56
2000,193,0.0115045440,30347312.0000000000,95
2000,194,0.0115273580,30347312.0000000000,93
2000,195,0.0115470080,30347312.0000000000,74
2000,196,0.0115481970,30347312.0000000000,92
2000,197,0.0114824090,30347312.0000000000,94
2000,198,0.0115190070,30347312.0000000000,75
2000,199,0.0115315350,30347312.0000000000,90
2000,200,0.0115090910,30347312.0000000000,84
2000,201,0.0109707380,27355696.0000000000,34
2000,202,0.0109830730,27355696.0000000000,43
2000,203,0.0109218110,27355696.0000000000,24
2000,204,0.0115483570,30347312.0000000000,82
2000,205,0.0115215310,30347312.0000000000,79
2000,206,0.0115173310,30347312.0000000000,75
2000,207,0.0115172500,30347312.0000000000,95
2000,208,0.0115743520,30347312.0000000000,72
2000,209,0.0114538570,30347312.0000000000,94
2000,210,0.0115378940,30347312.0000000000,81
2000,211,0.0115565750,30347312.0000000000,11
2000,212,0.0115348180,30347312.0000000000,56
2000,213,0.0109515540,27355696.0000000000,39
2000,214,0.0109573850,27355696.0000000000,40
2000,215,0.0109575490,27355696.0000000000,15
2000,216,0.0115418350,30347312.0000000000,63
2000,217,0.0115638650,30347312.0000000000,98
2000,218,0.0115594690,30347312.0000000000,85
2000,219,0.0115753180,30347312.0000000000,83
2000,220,0.0115331030,30347312.0000000000,78
2000,221,0.0115218050,30347312.0000000000,93
2000,222,0.0115193300,30347312.0000000000,81
2000,223,0.0115376290,30347312.0000000000,12
2000,224,0.0115251520,30347312.0000000000,86
2000,225,0.0109595470,27355696.0000000000,38
2000,226,0.0109502140,27355696.0000000000,14
2000,227,0.0109592520,27355696.0000000000,23
2000,228,0.0115710780,30347312.0000000000,80
2000,229,0.0115474710,30347312.0000000000,79
2000,230,0.0115492620,30347312.0000000000,1
2000,231,0.0115453660,30347312.0000000000,64
2000,232,0.0115760180,30347312.0000000000,80
2000,233,0.0112015750,30347312.0000000000,96
2000,234,0.0115363120,30347312.0000000000,62
2000,235,0.0115434440,30347312.0000000000,4
2000,236,0.0115297460,30347312.0000000000,2
2000,237,0.0109580110,27355696.0000000000,1
2000,238,0.0109300390,27355696.0000000000,49
2000,239,0.0109479060,27355696.0000000000,47
2000,240,0.0114837130,30347312.0000000000,94
2000,241,0.0115381220,30347312.0000000000,8
2000,242,0.0115243570,30347312.0000000000,84
2000,243,0.0115375900,30347312.0000000000,1
2000,244,0.0115201800,30347312.0000000000,97
2000,245,0.0115235100,30347312.0000000000,85
2000,246,0.0115619560,30347312.0000000000,67
2000,247,0.0115085390,30347312.0000000000,91
2000,248,0.0115011950,30347312.0000000000,58
2000,249,0.0109076620,27355696.0000000000,0
2000,250,0.0109217710,27355696.0000000000,25
2000,251,0.0109917790,27355696.0000000000,45
2000,252,0.0115883590,30347312.0000000000,67
2000,253,0.0111941620,30347312.0000000000,99
2000,254,0.0111901820,30347312.0000000000,99
2000,255,0.0115463270,30347312.0000000000,73
2000,256,0.0115566310,30347312.0000000000,68
2000,257,0.0115005530,30347312.0000000000,89
2000,258,0.0115341080,30347312.0000000000,88
2000,259,0.0115133200,30347312.0000000000,89
2000,260,0.0115281630,30347312.0000000000,77
2000,261,0.0109840400,27355696.0000000000,22
2000,262,0.0110008240,27355696.0000000000,48
2000,263,0.0109530410,27355696.0000000000,27
2000,264,0.0115324640,30347312.0000000000,77
2000,265,0.0115410570,30347312.0000000000,73
2000,266,0.0115537050,30347312.0000000000,70
2000,267,0.0115420080,30347312.0000000000,0
2000,268,0.0115026850,30347312.0000000000,0
2000,269,0.0115372410,30347312.0000000000,78
2000,270,0.0115453990,30347312.0000000000,82
2000,271,0.0115408200,30347312.0000000000,80
2000,272,0.0115451780,30347312.0000000000,69
2000,273,0.0110013100,27355696.0000000000,30
2000,274,0.0109591570,27355696.0000000000,55
2000,275,0.0109562620,27355696.0000000000,50
2050,0,3.2321867117,139384368.0000000000,79
2050,1,3.0240188017,132016464.0000000000,80
2050,2,2.9217823161,127428960.0000000000,78
2050,3,2.0739389126,104326912.0000000000,75
2050,4,2.0605957724,103169200.0000000000,74
2050,5,2.0563380471,103155344.0000000000,72
2050,6,2.0602465788,103140368.0000000000,76
2050,7,2.0741920609,104159808.0000000000,73
2050,8,3.2158039838,136184944.0000000000,77
2050,9,4.7892195425,176508368.0000000000,82
2050,10,4.9932691539,184970032.0000000000,81
2050,11,4.0833061365,160739424.0000000000,83
2050,12,6.2991771875,251411472.0000000000,12
2050,13,6.5560139655,255316016.0000000000,9
2050,14,6.4156472116,248218976.0000000000,33
2050,15,5.5905246908,221847328.0000000000,32
2050,16,4.4974777282,189744944.0000000000,51
2050,17,3.9846950233,177926896.0000000000,47
2050,18,3.9858979977,177733600.0000000000,26
2050,19,5.1423211166,207973248.0000000000,45
2050,20,6.7187243902,255620048.0000000000,19
2050,21,5.8789502350,226513648.0000000000,64
2050,22,5.2262004292,209270608.0000000000,68
2050,23,5.1061711290,208109808.0000000000,71
2050,24,5.6838747310,239952720.0000000000,42
2050,25,5.6791501971,240064800.0000000000,2
2050,26,5.8998484560,245990112.0000000000,18
2050,27,6.6429761141,266490256.0000000000,34
2050,28,7.9642732214,305756672.0000000000,13
2050,29,8.3260330329,317072816.0000000000,15
2050,30,8.3486097536,315565408.0000000000,55
2050,31,7.4989398979,291902496.0000000000,44
2050,32,6.1035740963,251379328.0000000000,36
2050,33,5.1437546406,216099840.0000000000,70
2050,34,5.1382806509,216097184.0000000000,58
2050,35,5.1412791639,215992304.0000000000,66
2050,36,5.6765337783,239952912.0000000000,22
2050,37,5.6796764651,240062192.0000000000,20
2050,38,5.6809982733,240061872.0000000000,6
2050,39,5.6780996241,240063488.0000000000,7
2050,40,5.6767286049,240060720.0000000000,27
2050,41,5.6847797015,240063568.0000000000,17
2050,42,5.6769747315,240062480.0000000000,54
2050,43,5.6777588976,240063808.0000000000,3
2050,44,5.6864851970,240065536.0000000000,29
2050,45,5.1455013132,216097008.0000000000,67
2050,46,5.1446616465,216101216.0000000000,65
2050,47,5.1387690991,215991968.0000000000,59
2050,48,5.6780119140,239956976.0000000000,41
2050,49,5.6805969575,240066544.0000000000,35
2050,50,5.6813650655,240066576.0000000000,4
2050,51,5.6790054390,240062176.0000000000,5
2050,52,5.6833788085,240065984.0000000000,37
2050,53,5.6803389593,240057808.0000000000,8
2050,54,5.6800520454,240064864.0000000000,11
2050,55,5.6778257563,240066304.0000000000,23
2050,56,5.6778254850,240062784.0000000000,21
2050,57,5.1420876178,216099664.0000000000,56
2050,58,5.1402909189,216099232.0000000000,61
2050,59,5.1367528517,215990960.0000000000,57
2050,60,5.6834703157,240407472.0000000000,16
2050,61,5.6866807019,240579728.0000000000,53
2050,62,5.6862025827,240583200.0000000000,24
2050,63,5.6914128184,240579504.0000000000,28
2050,64,5.6933933464,240572448.0000000000,38
2050,65,5.6881901639,240576816.0000000000,14
2050,66,5.6858396260,240582640.0000000000,40
2050,67,5.6918866362,240577040.0000000000,30
2050,68,5.6949077299,240573568.0000000000,48
2050,69,5.1490488336,216566752.0000000000,1
2050,70,5.1525261127,216563504.0000000000,62
2050,71,5.1456030832,216393040.0000000000,63
2050,72,5.6424225077,238730704.0000000000,52
2050,73,5.6520249850,239559584.0000000000,49
2050,74,5.6587460945,239545680.0000000000,39
2050,75,5.6569808490,239550256.0000000000,43
2050,76,5.6540463720,239550992.0000000000,25
2050,77,5.6547798410,239557072.0000000000,50
2050,78,5.6493990890,239529232.0000000000,46
2050,79,5.6531221449,239562624.0000000000,10
2050,80,5.6620666962,239569248.0000000000,31
2050,81,5.1443619798,215628240.0000000000,69
2050,82,5.1423274662,215620496.0000000000,60
2050,83,5.1001657466,214842512.0000000000,0
2050,84,1.9204045679,89587744.0000000000,92
2050,85,1.9206817682,89823680.0000000000,84
2050,86,1.9188976111,89823696.0000000000,89
2050,87,1.9205678658,89819088.0000000000,88
2050,88,1.9203238309,89822352.0000000000,85
2050,89,1.9206266829,89829248.0000000000,90
2050,90,1.9208842993,89827936.0000000000,87
2050,91,1.9200557420,89822400.0000000000,86
2050,92,1.9183439953,89826608.0000000000,91
2050,93,1.7905015541,80878080.0000000000,93
2050,94,1.7894772465,80889552.0000000000,94
2050,95,1.7620024025,80648896.0000000000,95
2050,96,0.3768280659,30347312.0000000000,88
2050,97,0.3771418002,30347312.0000000000,76
2050,98,0.3763670292,30347312.0000000000,87
2050,99,0.3765635766,30347312.0000000000,86
2050,100,0.3669305985,30347312.0000000000,96
2050,101,0.3781326693,30347312.0000000000,98
2050,102,0.3778871049,30347312.0000000000,83
2050,103,0.3773833638,30347312.0000000000,98
2050,104,0.3770168867,30347312.0000000000,85
2050,105,0.3586972956,27355696.0000000000,37
2050,106,0.3578915274,27355696.0000000000,21
2050,107,0.3572536607,27355696.0000000000,54
2050,108,0.3769526289,30347312.0000000000,79
2050,109,0.3782386929,30347312.0000000000,74
2050,110,0.3780123842,30347312.0000000000,65
2050,111,0.3762350160,30347312.0000000000,58
2050,112,0.3666609097,30347312.0000000000,99
2050,113,0.3767598707,30347312.0000000000,81
2050,114,0.3767317201,30347312.0000000000,95
2050,115,0.3659197448,30347312.0000000000,96
2050,116,0.3770026271,30347312.0000000000,57
2050,117,0.3579720657,27355696.0000000000,33
2050,118,0.3613485071,27355696.0000000000,52
2050,119,0.3584789493,27355696.0000000000,44
2050,120,0.3780084913,30347312.0000000000,72
2050,121,0.3778344895,30347312.0000000000,83
2050,122,0.3773012251,30347312.0000000000,90
2050,123,0.3778834759,30347312.0000000000,72
2050,124,0.3759810941,30347312.0000000000,89
2050,125,0.3777610696,30347312.0000000000,65
2050,126,0.3656758998,30347312.0000000000,99
2050,127,0.3764737505,30347312.0000000000,61
2050,128,0.3761710776,30347312.0000000000,87
2050,129,0.3583579151,27355696.0000000000,18
2050,130,0.3587537121,27355696.0000000000,32
2050,131,0.3586913718,27355696.0000000000,31
2050,132,0.3659595620,30347312.0000000000,96
2050,133,0.3775648816,30347312.0000000000,68
2050,134,0.3771597667,30347312.0000000000,66
2050,135,0.3755860526,30347312.0000000000,91
2050,136,0.3778068882,30347312.0000000000,64
2050,137,0.3767497759,30347312.0000000000,73
2050,138,0.3763951268,30347312.0000000000,77
2050,139,0.3774149722,30347312.0000000000,62
2050,140,0.3767858160,30347312.0000000000,84
2050,141,0.3585090744,27355696.0000000000,28
2050,142,0.3573722964,27355696.0000000000,35
2050,143,0.3575411050,27355696.0000000000,36
2050,144,0.3768687639,30347312.0000000000,57
2050,145,0.3769787483,30347312.0000000000,60
2050,146,0.3761818552,30347312.0000000000,87
2050,147,0.3773748735,30347312.0000000000,59
2050,148,0.3774647179,30347312.0000000000,97
2050,149,0.3771814651,30347312.0000000000,76
2050,150,0.3769568236,30347312.0000000000,97
2050,151,0.3777694195,30347312.0000000000,7
2050,152,0.3770220694,30347312.0000000000,71
2050,153,0.3572663743,27355696.0000000000,16
2050,154,0.3574091182,27355696.0000000000,20
2050,155,0.3594477368,27355696.0000000000,17
2050,156,0.3782765167,30347312.0000000000,74
2050,157,0.3767575868,30347312.0000000000,97
2050,158,0.3767877829,30347312.0000000000,88
2050,159,0.3770435646,30347312.0000000000,5
2050,160,0.3765447886,30347312.0000000000,86
2050,161,0.3777576639,30347312.0000000000,92
2050,162,0.3767065119,30347312.0000000000,60
2050,163,0.3773081165,30347312.0000000000,98
2050,164,0.3771511742,30347312.0000000000,76
2050,165,0.3577862086,27355696.0000000000,41
2050,166,0.3592908244,27355696.0000000000,13
2050,167,0.3571610956,27355696.0000000000,51
2050,168,0.3770498777,30347312.0000000000,71
2050,169,0.3775991555,30347312.0000000000,10
2050,170,0.3777381156,30347312.0000000000,92
2050,171,0.3763649785,30347312.0000000000,9
2050,172,0.3769707773,30347312.0000000000,66
2050,173,0.3772093427,30347312.0000000000,59
2050,174,0.3756610429,30347312.0000000000,91
2050,175,0.3776844641,30347312.0000000000,69
2050,176,0.3770938366,30347312.0000000000,70
2050,177,0.3586177307,27355696.0000000000,26
2050,178,0.3575938150,27355696.0000000000,53
2050,179,0.3593645144,27355696.0000000000,29
2050,180,0.3781565514,30347312.0000000000,6
2050,181,0.3775541836,30347312.0000000000,90
2050,182,0.3773916808,30347312.0000000000,63
2050,183,0.3763548875,30347312.0000000000,61
2050,184,0.3770307015,30347312.0000000000,78
2050,185,0.3770174595,30347312.0000000000,75
2050,186,0.3763630517,30347312.0000000000,93
2050,187,0.3775576300,30347312.0000000000,82
2050,188,0.3773341684,30347312.0000000000,3
2050,189,0.3576022197,27355696.0000000000,19
2050,190,0.3567890022,27355696.0000000000,46
2050,191,0.3596211751,27355696.0000000000,42
2050,192,0.3776023216,30347312.0000000000,56
2050,193,0.3765545536,30347312.0000000000,95
2050,194,0.3763254618,30347312.0000000000,93
2050,195,0.3781606007,30347312.0000000000,74
2050,196,0.3775706046,30347312.0000000000,92
2050,197,0.3752265281,30347312.0000000000,94
2050,198,0.3767174394,30347312.0000000000,75
2050,199,0.3773523117,30347312.0000000000,90
2050,200,0.3766419833,30347312.0000000000,84
2050,201,0.3578869950,27355696.0000000000,34
2050,202,0.3587223786,27355696.0000000000,43
2050,203,0.3572190251,27355696.0000000000,24
2050,204,0.3774693491,30347312.0000000000,82
2050,205,0.3771172961,30347312.0000000000,79
2050,206,0.3766631643,30347312.0000000000,75
2050,207,0.3766419459,30347312.0000000000,95
2050,208,0.3779262553,30347312.0000000000,72
2050,209,0.3749178008,30347312.0000000000,94
2050,210,0.3767557745,30347312.0000000000,81
2050,211,0.3771814233,30347312.0000000000,11
2050,212,0.3775313007,30347312.0000000000,56
2050,213,0.3577105120,27355696.0000000000,39
2050,214,0.3578836102,27355696.0000000000,40
2050,215,0.3581636984,27355696.0000000000,15
2050,216,0.3770581884,30347312.0000000000,63
2050,217,0.3773748078,30347312.0000000000,98
2050,218,0.3768909053,30347312.0000000000,85
2050,219,0.3777971540,30347312.0000000000,83
2050,220,0.3772749683,30347312.0000000000,78
2050,221,0.3763521341,30347312.0000000000,93
2050,222,0.3765428196,30347312.0000000000,81
2050,223,0.3765314727,30347312.0000000000,12
2050,224,0.3764698765,30347312.0000000000,86
2050,225,0.3587340879,27355696.0000000000,38
2050,226,0.3579328426,27355696.0000000000,14
2050,227,0.3579644189,27355696.0000000000,23
2050,228,0.3779690403,30347312.0000000000,80
2050,229,0.3769662331,30347312.0000000000,79
2050,230,0.3773652463,30347312.0000000000,1
2050,231,0.3774403185,30347312.0000000000,64
2050,232,0.3779826449,30347312.0000000000,80
2050,233,0.3657834281,30347312.0000000000,96
2050,234,0.3774714888,30347312.0000000000,62
2050,235,0.3773191987,30347312.0000000000,4
2050,236,0.3767604183,30347312.0000000000,2
2050,237,0.3577365349,27355696.0000000000,1
2050,238,0.3569896033,27355696.0000000000,49
2050,239,0.3574660213,27355696.0000000000,47
2050,240,0.3750762525,30347312.0000000000,94
2050,241,0.3772367766,30347312.0000000000,8
2050,242,0.3766632555,30347312.0000000000,84
2050,243,0.3772833723,30347312.0000000000,1
2050,244,0.3768097690,30347312.0000000000,97
2050,245,0.3769637312,30347312.0000000000,85
2050,246,0.3778280487,30347312.0000000000,67
2050,247,0.3754555854,30347312.0000000000,91
2050,248,0.3761015694,30347312.0000000000,58
2050,249,0.3568085230,27355696.0000000000,0
2050,250,0.3569217178,27355696.0000000000,25
2050,251,0.3586510413,27355696.0000000000,45
2050,252,0.3778371937,30347312.0000000000,67
2050,253,0.3657374023,30347312.0000000000,99
2050,254,0.3655938872,30347312.0000000000,99
2050,255,0.3766599710,30347312.0000000000,73
2050,256,0.3775536322,30347312.0000000000,68
2050,257,0.3758873730,30347312.0000000000,89
2050,258,0.3766833941,30347312.0000000000,88
2050,259,0.3759294272,30347312.0000000000,89
2050,260,0.3765589342,30347312.0000000000,77
2050,261,0.3579026909,27355696.0000000000,22
2050,262,0.3596875355,27355696.0000000000,48
2050,263,0.3579609074,27355696.0000000000,27
2050,264,0.3765826536,30347312.0000000000,77
2050,265,0.3766169495,30347312.0000000000,73
2050,266,0.3770867803,30347312.0000000000,70
2050,267,0.3761828442,30347312.0000000000,0
2050,268,0.3761575972,30347312.0000000000,0
2050,269,0.3768352148,30347312.0000000000,78
2050,270,0.3775826959,30347312.0000000000,82
2050,271,0.3778809220,30347312.0000000000,80
2050,272,0.3776670129,30347312.0000000000,69
2050,273,0.3587277458,27355696.0000000000,30
2050,274,0.3582750607,27355696.0000000000,55
2050,275,0.3577001520,27355696.0000000000,50
2100,0,0.1001745890,138997936.0000000000,79
2100,1,0.0937698770,131760640.0000000000,80
2100,2,0.0848955280,123605680.0000000000,78
2100,3,0.0640609400,103498288.0000000000,75
2100,4,0.0637778060,103168272.0000000000,74
2100,5,0.0636014750,103149264.0000000000,72
2100,6,0.0637335830,103132096.0000000000,76
2100,7,0.0638557860,103193984.0000000000,73
2100,8,0.0930148820,131551136.0000000000,77
2100,9,0.1480487800,176081440.0000000000,82
2100,10,0.1585480720,187962112.0000000000,81
2100,11,0.1277089960,161610352.0000000000,83
2100,12,0.1970228520,252174864.0000000000,12
2100,13,0.2028721870,255602960.0000000000,9
2100,14,0.1965879640,247224256.0000000000,33
2100,15,0.1651402680,216165264.0000000000,32
2100,16,0.1292236410,183912496.0000000000,51
2100,17,0.1219910760,176599088.0000000000,47
2100,18,0.1208881650,176103296.0000000000,26
2100,19,0.1488328400,200773824.0000000000,45
2100,20,0.2076392530,255136144.0000000000,19
2100,21,0.1799762550,226057072.0000000000,64
2100,22,0.1593491400,208298000.0000000000,68
2100,23,0.1565345470,207192768.0000000000,71
2100,24,0.1766186280,239952256.0000000000,42
2100,25,0.1764361960,240062912.0000000000,2
2100,26,0.1848214060,246887568.0000000000,18
2100,27,0.2146622340,272237088.0000000000,34
2100,28,0.2579985810,310196352.0000000000,13
2100,29,0.2614318480,317957392.0000000000,15
2100,30,0.2625213430,316614064.0000000000,55
2100,31,0.2447340260,297801760.0000000000,44
2100,32,0.1915460500,252345776.0000000000,36
2100,33,0.1597808130,216100016.0000000000,70
2100,34,0.1596644880,216099296.0000000000,58
2100,35,0.1596803260,215990384.0000000000,66
2100,36,0.1764053560,239953024.0000000000,22
2100,37,0.1764719030,240066208.0000000000,20
2100,38,0.1764419910,240062400.0000000000,6
2100,39,0.1763454850,240064304.0000000000,7
2100,40,0.1765631700,240065792.0000000000,27
2100,41,0.1765185750,240061824.0000000000,17
2100,42,0.1763948360,240062576.0000000000,54
2100,43,0.1764409570,240065424.0000000000,3
2100,44,0.1768072290,240061184.0000000000,29
2100,45,0.1597377470,216100272.0000000000,67
2100,46,0.1598671900,216108240.0000000000,65
2100,47,0.1597934180,215985776.0000000000,59
2100,48,0.1763408500,239957408.0000000000,41
2100,49,0.1764838260,240063344.0000000000,35
2100,50,0.1765455120,240063616.0000000000,4
2100,51,0.1765298630,240062064.0000000000,5
2100,52,0.1766784030,240061616.0000000000,37
2100,53,0.1764099140,240066096.0000000000,8
2100,54,0.1765274020,240062256.0000000000,11
2100,55,0.1764077910,240063504.0000000000,23
2100,56,0.1765132660,240061168.0000000000,21
2100,57,0.1597570790,216099984.0000000000,56
2100,58,0.1597267540,216096128.0000000000,61
2100,59,0.1596487200,215994912.0000000000,57
2100,60,0.1767679580,240435248.0000000000,16
2100,61,0.1767116680,240609744.0000000000,53
2100,62,0.1766718400,240615120.0000000000,24
2100,63,0.1768883640,240614672.0000000000,28
2100,64,0.1769030360,240603808.0000000000,38
2100,65,0.1766572890,240606384.0000000000,14
2100,66,0.1766880330,240615120.0000000000,40
2100,67,0.1768176790,240612880.0000000000,30
2100,68,0.1770601300,240604816.0000000000,48
2100,69,0.1602517350,216596656.0000000000,1
2100,70,0.1601275280,216591392.0000000000,62
2100,71,0.1598682680,216416336.0000000000,63
2100,72,0.1753216310,238679296.0000000000,52
2100,73,0.1756358910,239532672.0000000000,49
2100,74,0.1757437590,239505808.0000000000,39
2100,75,0.1756796120,239517968.0000000000,43
2100,76,0.1755991670,239518800.0000000000,25
2100,77,0.1756776800,239518656.0000000000,50
2100,78,0.1755220800,239498960.0000000000,46
2100,79,0.1755503450,239529088.0000000000,10
2100,80,0.1759844930,239537504.0000000000,31
2100,81,0.1598162540,215596960.0000000000,69
2100,82,0.1597551970,215593568.0000000000,60
2100,83,0.1584265090,214793280.0000000000,0
2100,84,0.0595451100,89578656.0000000000,92
2100,85,0.0595189040,89825376.0000000000,84
2100,86,0.0594492280,89825296.0000000000,89
2100,87,0.0594964870,89816832.0000000000,88
2100,88,0.0595744330,89823568.0000000000,85
2100,89,0.0594901440,89830752.0000000000,90
2100,90,0.0595215400,89824928.0000000000,87
2100,91,0.0595005200,89825600.0000000000,86
2100,92,0.0595701820,89826592.0000000000,91
2100,93,0.0554713620,80876784.0000000000,93
2100,94,0.0554690280,80890960.0000000000,94
2100,95,0.0545969790,80641184.0000000000,95
2100,96,0.0115360990,30347312.0000000000,88
2100,97,0.0115668470,30347312.0000000000,76
2100,98,0.0115140080,30347312.0000000000,87
2100,99,0.0115237290,30347312.0000000000,86
2100,100,0.0112480530,30347312.0000000000,96
2100,101,0.0115721500,30347312.0000000000,98
2100,102,0.0115728010,30347312.0000000000,83
2100,103,0.0115491070,30347312.0000000000,98
2100,104,0.0115173870,30347312.0000000000,85
2100,105,0.0109763780,27355696.0000000000,37
2100,106,0.0109563250,27355696.0000000000,21
2100,107,0.0109105710,27355696.0000000000,54
2100,108,0.0115302270,30347312.0000000000,79
2100,109,0.0115518820,30347312.0000000000,74
2100,110,0.0115626570,30347312.0000000000,65
2100,111,0.0115070560,30347312.0000000000,58
2100,112,0.0112570610,30347312.0000000000,99
2100,113,0.0115558700,30347312.0000000000,81
2100,114,0.0115271180,30347312.0000000000,95
2100,115,0.0112220140,30347312.0000000000,96
2100,116,0.0115413910,30347312.0000000000,57
2100,117,0.0109418590,27355696.0000000000,33
2100,118,0.0109813300,27355696.0000000000,52
2100,119,0.0109739870,27355696.0000000000,44
2100,120,0.0115827110,30347312.0000000000,72
2100,121,0.0115939930,30347312.0000000000,83
2100,122,0.0115451870,30347312.0000000000,90
2100,123,0.0115671310,30347312.0000000000,72
2100,124,0.0115195060,30347312.0000000000,89
2100,125,0.0115541900,30347312.0000000000,65
2100,126,0.0111855540,30347312.0000000000,99
2100,127,0.0115302320,30347312.0000000000,61
2100,128,0.0114900920,30347312.0000000000,87
2100,129,0.0109760830,27355696.0000000000,18
2100,130,0.0109715470,27355696.0000000000,32
2100,131,0.0109758010,27355696.0000000000,31
2100,132,0.0111920560,30347312.0000000000,96
2100,133,0.0115502280,30347312.0000000000,68
2100,134,0.0115282520,30347312.0000000000,66
2100,135,0.0114979160,30347312.0000000000,91
2100,136,0.0115621370,30347312.0000000000,64
2100,137,0.0114862950,30347312.0000000000,73
2100,138,0.0115134140,30347312.0000000000,77
2100,139,0.0115343890,30347312.0000000000,62
2100,140,0.0115275250,30347312.0000000000,84
2100,141,0.0109698990,27355696.0000000000,28
2100,142,0.0109566900,27355696.0000000000,35
2100,143,0.0109461700,27355696.0000000000,36
2100,144,0.0115325740,30347312.0000000000,57
2100,145,0.0115296780,30347312.0000000000,60
2100,146,0.0115179190,30347312.0000000000,87
2100,147,0.0115472030,30347312.0000000000,59
2100,148,0.0115584850,30347312.0000000000,97
2100,149,0.0115382120,30347312.0000000000,76
2100,150,0.0115376830,30347312.0000000000,97
2100,151,0.0115782700,30347312.0000000000,7
2100,152,0.0115584830,30347312.0000000000,71
2100,153,0.0109350600,27355696.0000000000,16
2100,154,0.0109474780,27355696.0000000000,20
2100,155,0.0110068100,27355696.0000000000,17
2100,156,0.0116073900,30347312.0000000000,74
2100,157,0.0115268530,30347312.0000000000,97
2100,158,0.0115206810,30347312.0000000000,88
2100,159,0.0115442240,30347312.0000000000,5
2100,160,0.0115002410,30347312.0000000000,86
2100,161,0.0115455300,30347312.0000000000,92
2100,162,0.0115341790,30347312.0000000000,60
2100,163,0.0115322240,30347312.0000000000,98
2100,164,0.0115357180,30347312.0000000000,76
2100,165,0.0109632750,27355696.0000000000,41
2100,166,0.0110112020,27355696.0000000000,13
2100,167,0.0109321720,27355696.0000000000,51
2100,168,0.0115472610,30347312.0000000000,71
2100,169,0.0115644000,30347312.0000000000,10
2100,170,0.0115701300,30347312.0000000000,92
2100,171,0.0115349540,30347312.0000000000,9
2100,172,0.0115304750,30347312.0000000000,66
2100,173,0.0115434260,30347312.0000000000,59
2100,174,0.0114992300,30347312.0000000000,91
2100,175,0.0115558780,30347312.0000000000,69
2100,176,0.0115725820,30347312.0000000000,70
2100,177,0.0109904520,27355696.0000000000,26
2100,178,0.0109475510,27355696.0000000000,53
2100,179,0.0109878320,27355696.0000000000,29
2100,180,0.0115570690,30347312.0000000000,6
2100,181,0.0115371920,30347312.0000000000,90
2100,182,0.0115529320,30347312.0000000000,63
2100,183,0.0115329770,30347312.0000000000,61
2100,184,0.0115531200,30347312.0000000000,78
2100,185,0.0115335350,30347312.0000000000,75
2100,186,0.0115160540,30347312.0000000000,93
2100,187,0.0115630430,30347312.0000000000,82
2100,188,0.0115311180,30347312.0000000000,3
2100,189,0.0109551090,27355696.0000000000,19
2100,190,0.0109049740,27355696.0000000000,46
2100,191,0.0110057470,27355696.0000000000,42
2100,192,0.0115609480,30347312.0000000000,56
2100,193,0.0115261620,30347312.0000000000,95
2100,194,0.0115193390,30347312.0000000000,93
2100,195,0.0116084390,30347312.0000000000,74
2100,196,0.0115510910,30347312.0000000000,92
2100,197,0.0115109960,30347312.0000000000,94
2100,198,0.0115203500,30347312.0000000000,75
2100,199,0.0115443590,30347312.0000000000,90
2100,200,0.0115175660,30347312.0000000000,84
2100,201,0.0109359220,27355696.0000000000,34
2100,202,0.0109995270,27355696.0000000000,43
2100,203,0.0109327210,27355696.0000000000,24
2100,204,0.0115434340,30347312.0000000000,82
2100,205,0.0115444640,30347312.0000000000,79
2100,206,0.0114857440,30347312.0000000000,75
2100,207,0.0115074160,30347312.0000000000,95
2100,208,0.0115484560,30347312.0000000000,72
2100,209,0.0114926600,30347312.0000000000,94
2100,210,0.0115362820,30347312.0000000000,81
2100,211,0.0115419870,30347312.0000000000,11
2100,212,0.0115636750,30347312.0000000000,56
2100,213,0.0109573340,27355696.0000000000,39
2100,214,0.0109611210,27355696.0000000000,40
2100,215,0.0109541190,27355696.0000000000,15
2100,216,0.0115509900,30347312.0000000000,63
2100,217,0.0115321340,30347312.0000000000,98
2100,218,0.0115470330,30347312.0000000000,85
2100,219,0.0115471420,30347312.0000000000,83
2100,220,0.0115148470,30347312.0000000000,78
2100,221,0.0115050330,30347312.0000000000,93
2100,222,0.0115192210,30347312.0000000000,81
2100,223,0.0115220970,30347312.0000000000,12
2100,224,0.0115156220,30347312.0000000000,86
2100,225,0.0109736640,27355696.0000000000,38
2100,226,0.0109468980,27355696.0000000000,14
2100,227,0.0109377110,27355696.0000000000,23
2100,228,0.0115757060,30347312.0000000000,80
2100,229,0.0115476770,30347312.0000000000,79
2100,230,0.0115554840,30347312.0000000000,1
2100,231,0.0115488900,30347312.0000000000,64
2100,232,0.0115437450,30347312.0000000000,80
2100,233,0.0112017370,30347312.0000000000,96
2100,234,0.0115472920,30347312.0000000000,62
2100,235,0.0115801550,30347312.0000000000,4
2100,236,0.0115223900,30347312.0000000000,2
2100,237,0.0109427800,27355696.0000000000,1
2100,238,0.0109167040,27355696.0000000000,49
2100,239,0.0109374770,27355696.0000000000,47
2100,240,0.0114595960,30347312.0000000000,94
2100,241,0.0115579270,30347312.0000000000,8
2100,242,0.0115308610,30347312.0000000000,84
2100,243,0.0115756940,30347312.0000000000,1
2100,244,0.0115316040,30347312.0000000000,97
2100,245,0.0115431140,30347312.0000000000,85
2100,246,0.0115741400,30347312.0000000000,67
2100,247,0.0114832390,30347312.0000000000,91
2100,248,0.0115156030,30347312.0000000000,58
2100,249,0.0109183040,27355696.0000000000,0
2100,250,0.0109061590,27355696.0000000000,25
2100,251,0.0109620740,27355696.0000000000,45
2100,252,0.0115751730,30347312.0000000000,67
2100,253,0.0112002030,30347312.0000000000,99
2100,254,0.0112196610,30347312.0000000000,99
2100,255,0.0115015140,30347312.0000000000,73
2100,256,0.0115420320,30347312.0000000000,68
2100,257,0.0115139790,30347312.0000000000,89
2100,258,0.0115214230,30347312.0000000000,88
2100,259,0.0114901820,30347312.0000000000,89
2100,260,0.0115039770,30347312.0000000000,77
2100,261,0.0109879390,27355696.0000000000,22
2100,262,0.0109962630,27355696.0000000000,48
2100,263,0.0109578690,27355696.0000000000,27
2100,264,0.0115108170,30347312.0000000000,77
2100,265,0.0115134100,30347312.0000000000,73
2100,266,0.0115392760,30347312.0000000000,70
2100,267,0.0115161480,30347312.0000000000,0
2100,268,0.0115150950,30347312.0000000000,0
2100,269,0.0115624780,30347312.0000000000,78
2100,270,0.0115498160,30347312.0000000000,82
2100,271,0.0115437560,30347312.0000000000,80
2100,272,0.0115517820,30347312.0000000000,69
2100,273,0.0109664930,27355696.0000000000,30
2100,274,0.0109716200,27355696.0000000000,55
2100,275,0.0109600980,27355696.0000000000,50
2150,0,3.2076906423,138547504.0000000000,79
2150,1,3.0208668092,131732096.0000000000,80
2150,2,2.6539864633,119645568.0000000000,78
2150,3,2.0692821518,103217024.0000000000,75
2150,4,2.0584003449,103169376.0000000000,74
2150,5,2.0494182974,103146240.0000000000,72
2150,6,2.0528049403,103127104.0000000000,76
2150,7,2.0631383791,103149200.0000000000,73
2150,8,2.9184409156,127033792.0000000000,77
2150,9,4.7306891053,174719744.0000000000,82
2150,10,5.1650079107,190616624.0000000000,81
2150,11,4.1327737765,162067616.0000000000,83
2150,12,6.3857728809,252744160.0000000000,12
2150,13,6.5951659787,255988800.0000000000,9
2150,14,6.3204923548,246155824.0000000000,33
2150,15,5.1919852189,210299520.0000000000,32
2150,16,4.1052665002,181365392.0000000000,51
2150,17,3.9004656964,175932080.0000000000,47
2150,18,3.8831217130,175248208.0000000000,26
2150,19,4.6720987932,195460208.0000000000,45
2150,20,6.6898865885,254983888.0000000000,19
2150,21,5.8722732272,228162896.0000000000,64
2150,22,5.1567783757,207633216.0000000000,68
2150,23,5.0584193870,206391872.0000000000,71
2150,24,5.6839979962,239950208.0000000000,42
2150,25,5.6793736795,240059952.0000000000,2
2150,26,5.9735287595,247735968.0000000000,18
2150,27,7.0530343226,278636432.0000000000,34
2150,28,8.3459468485,312161280.0000000000,13
2150,29,8.4067377139,318442016.0000000000,15
2150,30,8.4473331929,317175072.0000000000,55
2150,31,7.9669661987,301873520.0000000000,44
2150,32,6.1746400671,253262272.0000000000,36
2150,33,5.1436650861,216096608.0000000000,70
2150,34,5.1383157113,216103632.0000000000,58
2150,35,5.1416275492,215986240.0000000000,66
2150,36,5.6770399860,239955536.0000000000,22
2150,37,5.6799068283,240061728.0000000000,20
2150,38,5.6810597440,240063824.0000000000,6
2150,39,5.6780910784,240066224.0000000000,7
2150,40,5.6767293862,240065616.0000000000,27
2150,41,5.6842471552,240058048.0000000000,17
2150,42,5.6771172264,240060944.0000000000,54
2150,43,5.6779171719,240066160.0000000000,3
2150,44,5.6870243445,240060336.0000000000,29
2150,45,5.1442685433,216098432.0000000000,67
2150,46,5.1448069218,216107760.0000000000,65
2150,47,5.1391290331,215984240.0000000000,59
2150,48,5.6778509545,239953440.0000000000,41
2150,49,5.6805773089,240065968.0000000000,35
2150,50,5.6824958699,240060624.0000000000,4
2150,51,5.6798254670,240062016.0000000000,5
2150,52,5.6834260890,240060320.0000000000,37
2150,53,5.6801943652,240068560.0000000000,8
2150,54,5.6793014033,240062048.0000000000,11
2150,55,5.6773936869,240067664.0000000000,23
2150,56,5.6782019246,240061296.0000000000,21
2150,57,5.1421780585,216100960.0000000000,56
2150,58,5.1396872393,216096048.0000000000,61
2150,59,5.1370508766,215993536.0000000000,57
2150,60,5.6848934832,240467952.0000000000,16
2150,61,5.6878100890,240639536.0000000000,53
2150,62,5.6877144842,240644128.0000000000,24
2150,63,5.6919308190,240647488.0000000000,28
2150,64,5.6939380769,240633152.0000000000,38
2150,65,5.6890006118,240634160.0000000000,14
2150,66,5.6874210965,240648272.0000000000,40
2150,67,5.6935090593,240639536.0000000000,30
2150,68,5.6963348067,240630912.0000000000,48
2150,69,5.1504335938,216627792.0000000000,1
2150,70,5.1540972914,216621632.0000000000,62
2150,71,5.1460389023,216445344.0000000000,63
2150,72,5.6409217665,238632912.0000000000,52
2150,73,5.6515041100,239500256.0000000000,49
2150,74,5.6568928486,239477952.0000000000,39
2150,75,5.6558374767,239486112.0000000000,43
2150,76,5.6528235212,239492640.0000000000,25
2150,77,5.6535388494,239488272.0000000000,50
2150,78,5.6485523642,239467744.0000000000,46
2150,79,5.6522085448,239503808.0000000000,10
2150,80,5.6611294432,239507104.0000000000,31
2150,81,5.1307965978,215565040.0000000000,69
2150,82,5.1291617013,215564336.0000000000,60
2150,83,5.0979017912,214746416.0000000000,0
2150,84,1.9205085099,89570512.0000000000,92
2150,85,1.9198175839,89825328.0000000000,84
2150,86,1.9189272597,89827808.0000000000,89
2150,87,1.9202803998,89815520.0000000000,88
2150,88,1.9204563306,89821792.0000000000,85
2150,89,1.9213293875,89830416.0000000000,90
2150,90,1.9204010238,89825616.0000000000,87
2150,91,1.9202484702,89826720.0000000000,86
2150,92,1.9187088746,89826592.0000000000,91
2150,93,1.7907748025,80877216.0000000000,93
2150,94,1.7897303188,80891488.0000000000,94
2150,95,1.7618007110,80634576.0000000000,95
2150,96,0.3769201420,30347312.0000000000,88
2150,97,0.3771357986,30347312.0000000000,76
2150,98,0.3763525309,30347312.0000000000,87
2150,99,0.3765909972,30347312.0000000000,86
2150,100,0.3669900223,30347312.0000000000,96
2150,101,0.3782184155,30347312.0000000000,98
2150,102,0.3778974888,30347312.0000000000,83
2150,103,0.3774556321,30347312.0000000000,98
2150,104,0.3771107072,30347312.0000000000,85
2150,105,0.3586987533,27355696.0000000000,37
2150,106,0.3578448238,27355696.0000000000,21
2150,107,0.3572017530,27355696.0000000000,54
2150,108,0.3770757123,30347312.0000000000,79
2150,109,0.3782692864,30347312.0000000000,74
2150,110,0.3779809485,30347312.0000000000,65
2150,111,0.3761773116,30347312.0000000000,58
2150,112,0.3666541930,30347312.0000000000,99
2150,113,0.3768547330,30347312.0000000000,81
2150,114,0.3767418144,30347312.0000000000,95
2150,115,0.3658924726,30347312.0000000000,96
2150,116,0.3772186362,30347312.0000000000,57
2150,117,0.3579307916,27355696.0000000000,33
2150,118,0.3587406176,27355696.0000000000,52
2150,119,0.3584449084,27355696.0000000000,44
2150,120,0.3780912757,30347312.0000000000,72
2150,121,0.3779310856,30347312.0000000000,83
2150,122,0.3772784612,30347312.0000000000,90
2150,123,0.3777858534,30347312.0000000000,72
2150,124,0.3759579286,30347312.0000000000,89
2150,125,0.3778072999,30347312.0000000000,65
2150,126,0.3655821402,30347312.0000000000,99
2150,127,0.3764637618,30347312.0000000000,61
2150,128,0.3761613739,30347312.0000000000,87
2150,129,0.3583424081,27355696.0000000000,18
2150,130,0.3586453049,27355696.0000000000,32
2150,131,0.3586341237,27355696.0000000000,31
2150,132,0.3658635772,30347312.0000000000,96
2150,133,0.3776983666,30347312.0000000000,68
2150,134,0.3770275033,30347312.0000000000,66
2150,135,0.3757562630,30347312.0000000000,91
2150,136,0.3778157143,30347312.0000000000,64
2150,137,0.3767648070,30347312.0000000000,73
2150,138,0.3763011963,30347312.0000000000,77
2150,139,0.3773953583,30347312.0000000000,62
2150,140,0.3766647289,30347312.0000000000,84
2150,141,0.3584356603,27355696.0000000000,28
2150,142,0.3574307317,27355696.0000000000,35
2150,143,0.3575012924,27355696.0000000000,36
2150,144,0.3769501081,30347312.0000000000,57
2150,145,0.3801244045,30347312.0000000000,60
2150,146,0.3763389532,30347312.0000000000,87
2150,147,0.3773022010,30347312.0000000000,59
2150,148,0.3775078320,30347312.0000000000,97
2150,149,0.3771869181,30347312.0000000000,76
2150,150,0.3767250846,30347312.0000000000,97
2150,151,0.3778084724,30347312.0000000000,7
2150,152,0.3771242917,30347312.0000000000,71
2150,153,0.3573810115,27355696.0000000000,16
2150,154,0.3573521324,27355696.0000000000,20
2150,155,0.3593779257,27355696.0000000000,17
2150,156,0.3783195166,30347312.0000000000,74
2150,157,0.3767615425,30347312.0000000000,97
2150,158,0.3767574552,30347312.0000000000,88
2150,159,0.3769767863,30347312.0000000000,5
2150,160,0.3765314509,30347312.0000000000,86
2150,161,0.3776165690,30347312.0000000000,92
2150,162,0.3769014030,30347312.0000000000,60
2150,163,0.3774394990,30347312.0000000000,98
2150,164,0.3771300415,30347312.0000000000,76
2150,165,0.3578134106,27355696.0000000000,41
2150,166,0.3592525822,27355696.0000000000,13
2150,167,0.3572517337,27355696.0000000000,51
2150,168,0.3771426946,30347312.0000000000,71
2150,169,0.3776461658,30347312.0000000000,10
2150,170,0.3775822116,30347312.0000000000,92
2150,171,0.3763182934,30347312.0000000000,9
2150,172,0.3769973637,30347312.0000000000,66
2150,173,0.3773319311,30347312.0000000000,59
2150,174,0.3756464946,30347312.0000000000,91
2150,175,0.3777040576,30347312.0000000000,69
2150,176,0.3771263686,30347312.0000000000,70
2150,177,0.3586907712,27355696.0000000000,26
2150,178,0.3576736008,27355696.0000000000,53
2150,179,0.3593716035,27355696.0000000000,29
2150,180,0.3780906514,30347312.0000000000,6
2150,181,0.3773271940,30347312.0000000000,90
2150,182,0.3772461983,30347312.0000000000,63
2150,183,0.3764018722,30347312.0000000000,61
2150,184,0.3771471249,30347312.0000000000,78
2150,185,0.3768575535,30347312.0000000000,75
2150,186,0.3763487141,30347312.0000000000,93
2150,187,0.3776075771,30347312.0000000000,82
2150,188,0.3774835441,30347312.0000000000,3
2150,189,0.3575863697,27355696.0000000000,19
2150,190,0.3567920428,27355696.0000000000,46
2150,191,0.3594745616,27355696.0000000000,42
2150,192,0.3776779078,30347312.0000000000,56
2150,193,0.3766166983,30347312.0000000000,95
2150,194,0.3762122889,30347312.0000000000,93
2150,195,0.3782436207,30347312.0000000000,74
2150,196,0.3776565021,30347312.0000000000,92
2150,197,0.3753140125,30347312.0000000000,94
2150,198,0.3767211209,30347312.0000000000,75
2150,199,0.3771785672,30347312.0000000000,90
2150,200,0.3766125364,30347312.0000000000,84
2150,201,0.3578254660,27355696.0000000000,34
2150,202,0.3588523727,27355696.0000000000,43
2150,203,0.3571341512,27355696.0000000000,24
2150,204,0.3775049388,30347312.0000000000,82
2150,205,0.3771353663,30347312.0000000000,79
2150,206,0.3766323257,30347312.0000000000,75
2150,207,0.3765668880,30347312.0000000000,95
2150,208,0.3780706833,30347312.0000000000,72
2150,209,0.3750321722,30347312.0000000000,94
2150,210,0.3768312415,30347312.0000000000,81
2150,211,0.3771435689,30347312.0000000000,11
2150,212,0.3771904969,30347312.0000000000,56
2150,213,0.3577560837,27355696.0000000000,39
2150,214,0.3580979289,27355696.0000000000,40
2150,215,0.3580645340,27355696.0000000000,15
2150,216,0.3770285586,30347312.0000000000,63
2150,217,0.3772497771,30347312.0000000000,98
2150,218,0.3769408088,30347312.0000000000,85
2150,219,0.3777586010,30347312.0000000000,83
2150,220,0.3769391053,30347312.0000000000,78
2150,221,0.3763244569,30347312.0000000000,93
2150,222,0.3766376104,30347312.0000000000,81
2150,223,0.3765981677,30347312.0000000000,12
2150,224,0.3765449440,30347312.0000000000,86
2150,225,0.3584698695,27355696.0000000000,38
2150,226,0.3575825908,27355696.0000000000,14
2150,227,0.3577496524,27355696.0000000000,23
2150,228,0.3779896400,30347312.0000000000,80
2150,229,0.3769948948,30347312.0000000000,79
2150,230,0.3773895928,30347312.0000000000,1
2150,231,0.3774549803,30347312.0000000000,64
2150,232,0.3779731391,30347312.0000000000,80
2150,233,0.3659004942,30347312.0000000000,96
2150,234,0.3774742629,30347312.0000000000,62
2150,235,0.3775013880,30347312.0000000000,4
2150,236,0.3768161525,30347312.0000000000,2
2150,237,0.3577721107,27355696.0000000000,1
2150,238,0.3570784239,27355696.0000000000,49
2150,239,0.3574460722,27355696.0000000000,47
2150,240,0.3750089837,30347312.0000000000,94
2150,241,0.3772337116,30347312.0000000000,8
2150,242,0.3766685838,30347312.0000000000,84
2150,243,0.3773616339,30347312.0000000000,1
2150,244,0.3768729699,30347312.0000000000,97
2150,245,0.3768448317,30347312.0000000000,85
2150,246,0.3778565500,30347312.0000000000,67
2150,247,0.3755373604,30347312.0000000000,91
2150,248,0.3760834711,30347312.0000000000,58
2150,249,0.3568767866,27355696.0000000000,0
2150,250,0.3569786056,27355696.0000000000,25
2150,251,0.3586487268,27355696.0000000000,45
2150,252,0.3778708399,30347312.0000000000,67
2150,253,0.3656955181,30347312.0000000000,99
2150,254,0.3656572665,30347312.0000000000,99
2150,255,0.3764427457,30347312.0000000000,73
2150,256,0.3774996444,30347312.0000000000,68
2150,257,0.3759032472,30347312.0000000000,89
2150,258,0.3766738952,30347312.0000000000,88
2150,259,0.3758195140,30347312.0000000000,89
2150,260,0.3765952718,30347312.0000000000,77
2150,261,0.3579618554,27355696.0000000000,22
2150,262,0.3597446266,27355696.0000000000,48
2150,263,0.3579702489,27355696.0000000000,27
2150,264,0.3765480009,30347312.0000000000,77
2150,265,0.3766724802,30347312.0000000000,73
2150,266,0.3770727830,30347312.0000000000,70
2150,267,0.3763510983,30347312.0000000000,0
2150,268,0.3760613688,30347312.0000000000,0
2150,269,0.3770544928,30347312.0000000000,78
2150,270,0.3774855129,30347312.0000000000,82
2150,271,0.3779935283,30347312.0000000000,80
2150,272,0.3775238039,30347312.0000000000,69
2150,273,0.3586745387,27355696.0000000000,30
2150,274,0.3583687105,27355696.0000000000,55
2150,275,0.3578244947,27355696.0000000000,50
2200,0,0.0988911870,137956176.0000000000,79
2200,1,0.0938176300,131919920.0000000000,80
2200,2,0.0763386500,116030032.0000000000,78
2200,3,0.0642356730,103166832.0000000000,75
2200,4,0.0641179760,103171424.0000000000,74
2200,5,0.0636037940,103146064.0000000000,72
2200,6,0.0637161990,103121056.0000000000,76
2200,7,0.0641640970,103137680.0000000000,73
2200,8,0.0860627330,123638864.0000000000,77
2200,9,0.1461711530,174202368.0000000000,82
2200,10,0.1648685540,192668464.0000000000,81
2200,11,0.1296489490,162090144.0000000000,83
2200,12,0.2003318490,253153968.0000000000,12
2200,13,0.2069102040,256438704.0000000000,9
2200,14,0.1962373950,245006288.0000000000,33
2200,15,0.1473436510,201504176.0000000000,32
2200,16,0.1257171300,179942944.0000000000,51
2200,17,0.1201330830,174987408.0000000000,47
2200,18,0.1192308690,174355920.0000000000,26
2200,19,0.1388584000,191061632.0000000000,45
2200,20,0.2066805800,253641696.0000000000,19
2200,21,0.1876947260,230662400.0000000000,64
2200,22,0.1607571290,207163216.0000000000,68
2200,23,0.1571950840,205575296.0000000000,71
2200,24,0.1766391240,239951968.0000000000,42
2200,25,0.1764321060,240064368.0000000000,2
2200,26,0.1869059580,248554800.0000000000,18
2200,27,0.2345689420,289126688.0000000000,34
2200,28,0.2622079000,313204560.0000000000,13
2200,29,0.2625635760,318815424.0000000000,15
2200,30,0.2644401190,317816832.0000000000,55
2200,31,0.2533811150,304553232.0000000000,44
2200,32,0.1943036280,254777408.0000000000,36
2200,33,0.1598655580,216100320.0000000000,70
2200,34,0.1595961870,216103488.0000000000,58
2200,35,0.1597267050,215984208.0000000000,66
2200,36,0.1763690340,239951776.0000000000,22
2200,37,0.1765559550,240063056.0000000000,20
2200,38,0.1764678450,240060832.0000000000,6
2200,39,0.1764389170,240061472.0000000000,7
2200,40,0.1763481270,240064064.0000000000,27
2200,41,0.1765823580,240059008.0000000000,17
2200,42,0.1763783940,240061952.0000000000,54
2200,43,0.1763854130,240061056.0000000000,3
2200,44,0.1767284490,240064880.0000000000,29
2200,45,0.1597931620,216097312.0000000000,67
2200,46,0.1598573470,216098720.0000000000,65
2200,47,0.1596807790,215989440.0000000000,59
2200,48,0.1764397100,239950384.0000000000,41
2200,49,0.1766086370,240065424.0000000000,35
2200,50,0.1765513860,240061696.0000000000,4
2200,51,0.1763764560,240061120.0000000000,5
2200,52,0.1765959110,240065760.0000000000,37
2200,53,0.1765538160,240064272.0000000000,8
2200,54,0.1765039370,240063072.0000000000,11
2200,55,0.1763783710,240063728.0000000000,23
2200,56,0.1764330870,240059840.0000000000,21
2200,57,0.1597308140,216101968.0000000000,56
2200,58,0.1597032490,216099104.0000000000,61
2200,59,0.1595551350,215989056.0000000000,57
2200,60,0.1766399000,240502000.0000000000,16
2200,61,0.1767659640,240673472.0000000000,53
2200,62,0.1768004550,240674832.0000000000,24
2200,63,0.1768271800,240683888.0000000000,28
2200,64,0.1770145960,240665792.0000000000,38
2200,65,0.1769192920,240667984.0000000000,14
2200,66,0.1767544190,240679184.0000000000,40
2200,67,0.1769469810,240675600.0000000000,30
2200,68,0.1770410990,240665408.0000000000,48
2200,69,0.1600449310,216652768.0000000000,1
2200,70,0.1601872050,216651648.0000000000,62
2200,71,0.1599339140,216472672.0000000000,63
2200,72,0.1753263240,238572816.0000000000,52
2200,73,0.1754920700,239466912.0000000000,49
2200,74,0.1756444340,239445232.0000000000,39
2200,75,0.1758329560,239451568.0000000000,43
2200,76,0.1756482070,239458528.0000000000,25
2200,77,0.1757210620,239453520.0000000000,50
2200,78,0.1755000130,239435408.0000000000,46
2200,79,0.1756286150,239475392.0000000000,10
2200,80,0.1758339680,239476656.0000000000,31
2200,81,0.1591263810,215531712.0000000000,69
2200,82,0.1589871120,215532608.0000000000,60
2200,83,0.1583869680,214693824.0000000000,0
2200,84,0.0595353700,89566368.0000000000,92
2200,85,0.0594785770,89823728.0000000000,84
2200,86,0.0594751480,89829184.0000000000,89
2200,87,0.0595559050,89818480.0000000000,88
2200,88,0.0595128520,89819888.0000000000,85
2200,89,0.0594170160,89831680.0000000000,90
2200,90,0.0595738990,89825296.0000000000,87
2200,91,0.0594700950,89824848.0000000000,86
2200,92,0.0594583760,89825264.0000000000,91
2200,93,0.0554340390,80876160.0000000000,93
2200,94,0.0555992080,80892544.0000000000,94
2200,95,0.0546377050,80629744.0000000000,95
2200,96,0.0115307190,30347312.0000000000,88
2200,97,0.0115633600,30347312.0000000000,76
2200,98,0.0114987460,30347312.0000000000,87
2200,99,0.0115318720,30347312.0000000000,86
2200,100,0.0112385960,30347312.0000000000,96
2200,101,0.0115635340,30347312.0000000000,98
2200,102,0.0115592380,30347312.0000000000,83
2200,103,0.0115582420,30347312.0000000000,98
2200,104,0.0115345070,30347312.0000000000,85
2200,105,0.0109667800,27355696.0000000000,37
2200,106,0.0109498030,27355696.0000000000,21
2200,107,0.0109211000,27355696.0000000000,54
2200,108,0.0115324890,30347312.0000000000,79
2200,109,0.0115910150,30347312.0000000000,74
2200,110,0.0115472170,30347312.0000000000,65
2200,111,0.0114998010,30347312.0000000000,58
2200,112,0.0112232540,30347312.0000000000,99
2200,113,0.0115321740,30347312.0000000000,81
2200,114,0.0115245520,30347312.0000000000,95
2200,115,0.0111960440,30347312.0000000000,96
2200,116,0.0115106930,30347312.0000000000,57
2200,117,0.0109472320,27355696.0000000000,33
2200,118,0.0109762380,27355696.0000000000,52
2200,119,0.0109666770,27355696.0000000000,44
2200,120,0.0115853940,30347312.0000000000,72
2200,121,0.0115381940,30347312.0000000000,83
2200,122,0.0115537830,30347312.0000000000,90
2200,123,0.0115532810,30347312.0000000000,72
2200,124,0.0115086160,30347312.0000000000,89
2200,125,0.0115502020,30347312.0000000000,65
2200,126,0.0112117310,30347312.0000000000,99
2200,127,0.0115181970,30347312.0000000000,61
2200,128,0.0115349370,30347312.0000000000,87
2200,129,0.0109646290,27355696.0000000000,18
2200,130,0.0109948330,27355696.0000000000,32
2200,131,0.0109668840,27355696.0000000000,31
2200,132,0.0111973650,30347312.0000000000,96
2200,133,0.0115403150,30347312.0000000000,68
2200,134,0.0115419550,30347312.0000000000,66
2200,135,0.0114839410,30347312.0000000000,91
2200,136,0.0115321180,30347312.0000000000,64
2200,137,0.0115380430,30347312.0000000000,73
2200,138,0.0115101170,30347312.0000000000,77
2200,139,0.0115569640,30347312.0000000000,62
2200,140,0.0115059220,30347312.0000000000,84
2200,141,0.0109641190,27355696.0000000000,28
2200,142,0.0109445960,27355696.0000000000,35
2200,143,0.0109333450,27355696.0000000000,36
2200,144,0.0115357820,30347312.0000000000,57
2200,145,0.0115096010,30347312.0000000000,60
2200,146,0.0115155110,30347312.0000000000,87
2200,147,0.0115454700,30347312.0000000000,59
2200,148,0.0115617680,30347312.0000000000,97
2200,149,0.0115778070,30347312.0000000000,76
2200,150,0.0115236050,30347312.0000000000,97
2200,151,0.0115608650,30347312.0000000000,7
2200,152,0.0115622080,30347312.0000000000,71
2200,153,0.0109215540,27355696.0000000000,16
2200,154,0.0109225500,27355696.0000000000,20
2200,155,0.0110183130,27355696.0000000000,17
2200,156,0.0115868160,30347312.0000000000,74
2200,157,0.0115272040,30347312.0000000000,97
2200,158,0.0115363180,30347312.0000000000,88
2200,159,0.0115452650,30347312.0000000000,5
2200,160,0.0115202580,30347312.0000000000,86
2200,161,0.0115488170,30347312.0000000000,92
2200,162,0.0115341080,30347312.0000000000,60
2200,163,0.0115440770,30347312.0000000000,98
2200,164,0.0115707540,30347312.0000000000,76
2200,165,0.0109575120,27355696.0000000000,41
2200,166,0.0109986370,27355696.0000000000,13
2200,167,0.0109405460,27355696.0000000000,51
2200,168,0.0115463670,30347312.0000000000,71
2200,169,0.0115498520,30347312.0000000000,10
2200,170,0.0115567630,30347312.0000000000,92
2200,171,0.0115095720,30347312.0000000000,9
2200,172,0.0115305030,30347312.0000000000,66
2200,173,0.0115527440,30347312.0000000000,59
2200,174,0.0115048290,30347312.0000000000,91
2200,175,0.0115667360,30347312.0000000000,69
2200,176,0.0115273780,30347312.0000000000,70
2200,177,0.0109863250,27355696.0000000000,26
2200,178,0.0109506490,27355696.0000000000,53
2200,179,0.0109968120,27355696.0000000000,29
2200,180,0.0115537230,30347312.0000000000,6
2200,181,0.0115284920,30347312.0000000000,90
2200,182,0.0115336580,30347312.0000000000,63
2200,183,0.0114964850,30347312.0000000000,61
2200,184,0.0115138850,30347312.0000000000,78
2200,185,0.0115164610,30347312.0000000000,75
2200,186,0.0115128780,30347312.0000000000,93
2200,187,0.0115519400,30347312.0000000000,82
2200,188,0.0115509140,30347312.0000000000,3
2200,189,0.0109463740,27355696.0000000000,19
2200,190,0.0109226300,27355696.0000000000,46
2200,191,0.0110189550,27355696.0000000000,42
2200,192,0.0115696170,30347312.0000000000,56
2200,193,0.0115387100,30347312.0000000000,95
2200,194,0.0115126090,30347312.0000000000,93
2200,195,0.0115943690,30347312.0000000000,74
2200,196,0.0115542490,30347312.0000000000,92
2200,197,0.0114771790,30347312.0000000000,94
2200,198,0.0115518680,30347312.0000000000,75
2200,199,0.0115397260,30347312.0000000000,90
2200,200,0.0115240870,30347312.0000000000,84
2200,201,0.0109621110,27355696.0000000000,34
2200,202,0.0109922490,27355696.0000000000,43
2200,203,0.0109370510,27355696.0000000000,24
2200,204,0.0115514500,30347312.0000000000,82
2200,205,0.0115412760,30347312.0000000000,79
2200,206,0.0115189450,30347312.0000000000,75
2200,207,0.0115344510,30347312.0000000000,95
2200,208,0.0115496330,30347312.0000000000,72
2200,209,0.0114572730,30347312.0000000000,94
2200,210,0.0115472220,30347312.0000000000,81
2200,211,0.0115270280,30347312.0000000000,11
2200,212,0.0115567910,30347312.0000000000,56
2200,213,0.0109604890,27355696.0000000000,39
2200,214,0.0109543580,27355696.0000000000,40
2200,215,0.0109652440,27355696.0000000000,15
2200,216,0.0115179770,30347312.0000000000,63
2200,217,0.0115422420,30347312.0000000000,98
2200,218,0.0115414000,30347312.0000000000,85
2200,219,0.0115597060,30347312.0000000000,83
2200,220,0.0115389830,30347312.0000000000,78
2200,221,0.0115086000,30347312.0000000000,93
2200,222,0.0115225930,30347312.0000000000,81
2200,223,0.0114948530,30347312.0000000000,12
2200,224,0.0115260700,30347312.0000000000,86
2200,225,0.0109839730,27355696.0000000000,38
2200,226,0.0109414870,27355696.0000000000,14
2200,227,0.0109247530,27355696.0000000000,23
2200,228,0.0115638460,30347312.0000000000,80
2200,229,0.0115514780,30347312.0000000000,79
2200,230,0.0115405770,30347312.0000000000,1
2200,231,0.0115313760,30347312.0000000000,64
2200,232,0.0115655580,30347312.0000000000,80
2200,233,0.0111923280,30347312.0000000000,96
2200,234,0.0115466130,30347312.0000000000,62
2200,235,0.0115451440,30347312.0000000000,4
2200,236,0.0115259390,30347312.0000000000,2
2200,237,0.0109663190,27355696.0000000000,1
2200,238,0.0109141080,27355696.0000000000,49
2200,239,0.0109417580,27355696.0000000000,47
2200,240,0.0114773300,30347312.0000000000,94
2200,241,0.0115237310,30347312.0000000000,8
2200,242,0.0115179740,30347312.0000000000,84
2200,243,0.0115480220,30347312.0000000000,1
2200,244,0.0115553060,30347312.0000000000,97
2200,245,0.0115572400,30347312.0000000000,85
2200,246,0.0115530060,30347312.0000000000,67
2200,247,0.0115173230,30347312.0000000000,91
2200,248,0.0115199910,30347312.0000000000,58
2200,249,0.0109129930,27355696.0000000000,0
2200,250,0.0109199970,27355696.0000000000,25
2200,251,0.0109758250,27355696.0000000000,45
2200,252,0.0115514840,30347312.0000000000,67
2200,253,0.0112027870,30347312.0000000000,99
2200,254,0.0112078650,30347312.0000000000,99
2200,255,0.0114991200,30347312.0000000000,73
2200,256,0.0115484790,30347312.0000000000,68
2200,257,0.0115060910,30347312.0000000000,89
2200,258,0.0115247880,30347312.0000000000,88
2200,259,0.0115106400,30347312.0000000000,89
2200,260,0.0115450950,30347312.0000000000,77
2200,261,0.0109468380,27355696.0000000000,22
2200,262,0.0110057320,27355696.0000000000,48
2200,263,0.0109688310,27355696.0000000000,27
2200,264,0.0115079240,30347312.0000000000,77
2200,265,0.0115092670,30347312.0000000000,73
2200,266,0.0115312880,30347312.0000000000,70
2200,267,0.0115135840,30347312.0000000000,0
2200,268,0.0115208680,30347312.0000000000,0
2200,269,0.0115111880,30347312.0000000000,78
2200,270,0.0115791030,30347312.0000000000,82
2200,271,0.0115907460,30347312.0000000000,80
2200,272,0.0115600330,30347312.0000000000,69
2200,273,0.0109736670,27355696.0000000000,30
2200,274,0.0109596470,27355696.0000000000,55
2200,275,0.0109626190,27355696.0000000000,50
2250,0,3.1775973800,137334832.0000000000,79
2250,1,3.0268282319,132214032.0000000000,80
2250,2,2.4327245636,113279456.0000000000,78
2250,3,2.0645030466,103154368.0000000000,75
2250,4,2.0729244316,103171360.0000000000,74
2250,5,2.0567513587,103153984.0000000000,72
2250,6,2.0604152752,103111056.0000000000,76
2250,7,2.0770426147,103137376.0000000000,73
2250,8,2.7245176728,121756688.0000000000,77
2250,9,4.7402778109,175908288.0000000000,82
2250,10,5.3427533666,193928128.0000000000,81
2250,11,4.1788113010,161807632.0000000000,83
2250,12,6.4501532725,253513600.0000000000,12
2250,13,6.6746070961,256905520.0000000000,9
2250,14,6.2387491193,241443696.0000000000,33
2250,15,4.5697181269,193158976.0000000000,32
2250,16,4.0217526797,179092848.0000000000,51
2250,17,3.8386964331,174292464.0000000000,47
2250,18,3.8353826101,173711760.0000000000,26
2250,19,4.3932099735,188138192.0000000000,45
2250,20,6.6052968849,251516800.0000000000,19
2250,21,6.0843521278,232370400.0000000000,64
2250,22,5.1723687702,206925632.0000000000,68
2250,23,5.0484613621,204862448.0000000000,71
2250,24,5.6834398969,239951104.0000000000,42
2250,25,5.6801690222,240064112.0000000000,2
2250,26,6.0945310663,253186000.0000000000,18
2250,27,7.7302566956,295398576.0000000000,34
2250,28,8.4389233478,313807792.0000000000,13
2250,29,8.4577489076,319164640.0000000000,15
2250,30,8.5091827988,318186880.0000000000,55
2250,31,8.1959583395,306407056.0000000000,44
2250,32,6.2988009500,256454720.0000000000,36
2250,33,5.1436948391,216098176.0000000000,70
2250,34,5.1381970286,216102224.0000000000,58
2250,35,5.1409838268,215983056.0000000000,66
2250,36,5.6768506402,239950176.0000000000,22
2250,37,5.6800651823,240064960.0000000000,20
2250,38,5.6813268953,240061264.0000000000,6
2250,39,5.6775378346,240062224.0000000000,7
2250,40,5.6771837854,240060864.0000000000,27
2250,41,5.6840877760,240062064.0000000000,17
2250,42,5.6774897064,240062224.0000000000,54
2250,43,5.6779067133,240064288.0000000000,3
2250,44,5.6870819239,240065280.0000000000,29
2250,45,5.1456235629,216098000.0000000000,67
2250,46,5.1451232250,216102368.0000000000,65
2250,47,5.1385044248,215988192.0000000000,59
2250,48,5.6782592537,239950016.0000000000,41
2250,49,5.6804361622,240065952.0000000000,35
2250,50,5.6822753265,240064288.0000000000,4
2250,51,5.6788889335,240059936.0000000000,5
2250,52,5.6830033720,240066160.0000000000,37
2250,53,5.6799645894,240063840.0000000000,8
2250,54,5.6792681250,240065392.0000000000,11
2250,55,5.6773061631,240058912.0000000000,23
2250,56,5.6779032845,240063184.0000000000,21
2250,57,5.1425696857,216099344.0000000000,56
2250,58,5.1396860308,216100384.0000000000,61
2250,59,5.1375024522,215987824.0000000000,57
2250,60,5.6856629919,240532576.0000000000,16
2250,61,5.6881471716,240709200.0000000000,53
2250,62,5.6910156259,240704944.0000000000,24
2250,63,5.6934334462,240715360.0000000000,28
2250,64,5.6960864154,240706176.0000000000,38
2250,65,5.6923869983,240693632.0000000000,14
2250,66,5.6889992546,240714016.0000000000,40
2250,67,5.6947319068,240708864.0000000000,30
2250,68,5.6980535362,240697776.0000000000,48
2250,69,5.1509985764,216682336.0000000000,1
2250,70,5.1550574360,216678640.0000000000,62
2250,71,5.1475103137,216504256.0000000000,63
2250,72,5.6385769449,238521152.0000000000,52
2250,73,5.6497448455,239435152.0000000000,49
2250,74,5.6565820690,239417712.0000000000,39
2250,75,5.6547421242,239421040.0000000000,43
2250,76,5.6521520175,239421344.0000000000,25
2250,77,5.6523158360,239424368.0000000000,50
2250,78,5.6477285889,239404528.0000000000,46
2250,79,5.6513424016,239441680.0000000000,10
2250,80,5.6594133722,239443120.0000000000,31
2250,81,5.1203172801,215505904.0000000000,69
2250,82,5.1169371160,215505520.0000000000,60
2250,83,5.0965576683,214645680.0000000000,0
2250,84,1.9202931695,89558112.0000000000,92
2250,85,1.9202454576,89826608.0000000000,84
2250,86,1.9195282539,89827344.0000000000,89
2250,87,1.9205251877,89818448.0000000000,88
2250,88,1.9203806905,89820512.0000000000,85
2250,89,1.9216348701,89832512.0000000000,90
2250,90,1.9206934290,89826304.0000000000,87
2250,91,1.9199864454,89827616.0000000000,86
2250,92,1.9189975875,89824944.0000000000,91
2250,93,1.7904842568,80874688.0000000000,93
2250,94,1.7893575813,80892640.0000000000,94
2250,95,1.7610624867,80623632.0000000000,95
2250,96,0.3769572133,30347312.0000000000,88
2250,97,0.3770867626,30347312.0000000000,76
2250,98,0.3763917509,30347312.0000000000,87
2250,99,0.3765451390,30347312.0000000000,86
2250,100,0.3669712726,30347312.0000000000,96
2250,101,0.3783132279,30347312.0000000000,98
2250,102,0.3779086503,30347312.0000000000,83
2250,103,0.3775814009,30347312.0000000000,98
2250,104,0.3768836208,30347312.0000000000,85
2250,105,0.3586851296,27355696.0000000000,37
2250,106,0.3579511529,27355696.0000000000,21
2250,107,0.3572545807,27355696.0000000000,54
2250,108,0.3770011957,30347312.0000000000,79
2250,109,0.3784676604,30347312.0000000000,74
2250,110,0.3779930429,30347312.0000000000,65
2250,111,0.3760860914,30347312.0000000000,58
2250,112,0.3668099630,30347312.0000000000,99
2250,113,0.3768543932,30347312.0000000000,81
2250,114,0.3769282284,30347312.0000000000,95
2250,115,0.3659231395,30347312.0000000000,96
2250,116,0.3771227277,30347312.0000000000,57
2250,117,0.3580298902,27355696.0000000000,33
2250,118,0.3588883603,27355696.0000000000,52
2250,119,0.3584550386,27355696.0000000000,44
2250,120,0.3780227273,30347312.0000000000,72
2250,121,0.3778194158,30347312.0000000000,83
2250,122,0.3773761316,30347312.0000000000,90
2250,123,0.3778553809,30347312.0000000000,72
2250,124,0.3759634558,30347312.0000000000,89
2250,125,0.3777445659,30347312.0000000000,65
2250,126,0.3657035854,30347312.0000000000,99
2250,127,0.3764216933,30347312.0000000000,61
2250,128,0.3762547091,30347312.0000000000,87
2250,129,0.3583353504,27355696.0000000000,18
2250,130,0.3587391963,27355696.0000000000,32
2250,131,0.3586429870,27355696.0000000000,31
2250,132,0.3659726868,30347312.0000000000,96
2250,133,0.3777745924,30347312.0000000000,68
2250,134,0.3771810890,30347312.0000000000,66
2250,135,0.3757392410,30347312.0000000000,91
2250,136,0.3800841181,30347312.0000000000,64
2250,137,0.3769497975,30347312.0000000000,73
2250,138,0.3763112937,30347312.0000000000,77
2250,139,0.3775295816,30347312.0000000000,62
2250,140,0.3768236132,30347312.0000000000,84
2250,141,0.3585621264,27355696.0000000000,28
2250,142,0.3575325248,27355696.0000000000,35
2250,143,0.3575617272,27355696.0000000000,36
2250,144,0.3768970313,30347312.0000000000,57
2250,145,0.3770154737,30347312.0000000000,60
2250,146,0.3762469722,30347312.0000000000,87
2250,147,0.3775127815,30347312.0000000000,59
2250,148,0.3774913849,30347312.0000000000,97
2250,149,0.3771788927,30347312.0000000000,76
2250,150,0.3768233257,30347312.0000000000,97
2250,151,0.3778345917,30347312.0000000000,7
2250,152,0.3769507123,30347312.0000000000,71
2250,153,0.3573266697,27355696.0000000000,16
2250,154,0.3573703127,27355696.0000000000,20
2250,155,0.3593798031,27355696.0000000000,17
2250,156,0.3782822423,30347312.0000000000,74
2250,157,0.3768435808,30347312.0000000000,97
2250,158,0.3768043859,30347312.0000000000,88
2250,159,0.3769518850,30347312.0000000000,5
2250,160,0.3765722636,30347312.0000000000,86
2250,161,0.3776699876,30347312.0000000000,92
2250,162,0.3769078032,30347312.0000000000,60
2250,163,0.3773877594,30347312.0000000000,98
2250,164,0.3771122872,30347312.0000000000,76
2250,165,0.3577527756,27355696.0000000000,41
2250,166,0.3592057520,27355696.0000000000,13
2250,167,0.3571994218,27355696.0000000000,51
2250,168,0.3770703004,30347312.0000000000,71
2250,169,0.3775686001,30347312.0000000000,10
2250,170,0.3776878948,30347312.0000000000,92
2250,171,0.3763913009,30347312.0000000000,9
2250,172,0.3770266665,30347312.0000000000,66
2250,173,0.3772457738,30347312.0000000000,59
2250,174,0.3755715338,30347312.0000000000,91
2250,175,0.3776604523,30347312.0000000000,69
2250,176,0.3770850089,30347312.0000000000,70
2250,177,0.3585262531,27355696.0000000000,26
2250,178,0.3575727927,27355696.0000000000,53
2250,179,0.3593847769,27355696.0000000000,29
2250,180,0.3780549482,30347312.0000000000,6
2250,181,0.3773515633,30347312.0000000000,90
2250,182,0.3771898269,30347312.0000000000,63
2250,183,0.3764058367,30347312.0000000000,61
2250,184,0.3769704995,30347312.0000000000,78
2250,185,0.3769811437,30347312.0000000000,75
2250,186,0.3764053260,30347312.0000000000,93
2250,187,0.3775578280,30347312.0000000000,82
2250,188,0.3773184518,30347312.0000000000,3
2250,189,0.3576167832,27355696.0000000000,19
2250,190,0.3567542668,27355696.0000000000,46
2250,191,0.3596327392,27355696.0000000000,42
2250,192,0.3776250467,30347312.0000000000,56
2250,193,0.3767073025,30347312.0000000000,95
2250,194,0.3762524201,30347312.0000000000,93
2250,195,0.3782805405,30347312.0000000000,74
2250,196,0.3775566342,30347312.0000000000,92
2250,197,0.3751506716,30347312.0000000000,94
2250,198,0.3767409397,30347312.0000000000,75
2250,199,0.3773595499,30347312.0000000000,90
2250,200,0.3767478759,30347312.0000000000,84
2250,201,0.3578211387,27355696.0000000000,34
2250,202,0.3587584266,27355696.0000000000,43
2250,203,0.3572355436,27355696.0000000000,24
2250,204,0.3775017968,30347312.0000000000,82
2250,205,0.3772789266,30347312.0000000000,79
2250,206,0.3766914157,30347312.0000000000,75
2250,207,0.3766767944,30347312.0000000000,95
2250,208,0.3779434227,30347312.0000000000,72
2250,209,0.3750667228,30347312.0000000000,94
2250,210,0.3767987978,30347312.0000000000,81
2250,211,0.3770408541,30347312.0000000000,11
2250,212,0.3775974398,30347312.0000000000,56
2250,213,0.3576961082,27355696.0000000000,39
2250,214,0.3578601418,27355696.0000000000,40
2250,215,0.3581324810,27355696.0000000000,15
2250,216,0.3770353936,30347312.0000000000,63
2250,217,0.3774680903,30347312.0000000000,98
2250,218,0.3769889624,30347312.0000000000,85
2250,219,0.3778001889,30347312.0000000000,83
2250,220,0.3770851671,30347312.0000000000,78
2250,221,0.3763094088,30347312.0000000000,93
2250,222,0.3765298735,30347312.0000000000,81
2250,223,0.3767391988,30347312.0000000000,12
2250,224,0.3764660634,30347312.0000000000,86
2250,225,0.3585357310,27355696.0000000000,38
2250,226,0.3579260215,27355696.0000000000,14
2250,227,0.3577906798,27355696.0000000000,23
2250,228,0.3778103229,30347312.0000000000,80
2250,229,0.3771117027,30347312.0000000000,79
2250,230,0.3773737701,30347312.0000000000,1
2250,231,0.3774715913,30347312.0000000000,64
2250,232,0.3780325257,30347312.0000000000,80
2250,233,0.3658196522,30347312.0000000000,96
2250,234,0.3773882264,30347312.0000000000,62
2250,235,0.3773737259,30347312.0000000000,4
2250,236,0.3767984927,30347312.0000000000,2
2250,237,0.3577656818,27355696.0000000000,1
2250,238,0.3570255382,27355696.0000000000,49
2250,239,0.3574447030,27355696.0000000000,47
2250,240,0.3750873314,30347312.0000000000,94
2250,241,0.3772074554,30347312.0000000000,8
2250,242,0.3767124110,30347312.0000000000,84
2250,243,0.3773297405,30347312.0000000000,1
2250,244,0.3769103636,30347312.0000000000,97
2250,245,0.3769774002,30347312.0000000000,85
2250,246,0.3779009998,30347312.0000000000,67
2250,247,0.3753976684,30347312.0000000000,91
2250,248,0.3761316034,30347312.0000000000,58
2250,249,0.3567283030,27355696.0000000000,0
2250,250,0.3569402248,27355696.0000000000,25
2250,251,0.3586878479,27355696.0000000000,45
2250,252,0.3778611310,30347312.0000000000,67
2250,253,0.3658970800,30347312.0000000000,99
2250,254,0.3655525863,30347312.0000000000,99
2250,255,0.3765669113,30347312.0000000000,73
2250,256,0.3775907461,30347312.0000000000,68
2250,257,0.3758866664,30347312.0000000000,89
2250,258,0.3767424025,30347312.0000000000,88
2250,259,0.3759472995,30347312.0000000000,89
2250,260,0.3764470935,30347312.0000000000,77
2250,261,0.3579400208,27355696.0000000000,22
2250,262,0.3597835078,27355696.0000000000,48
2250,263,0.3578858290,27355696.0000000000,27
2250,264,0.3763741720,30347312.0000000000,77
2250,265,0.3765948149,30347312.0000000000,73
2250,266,0.3770627869,30347312.0000000000,70
2250,267,0.3761705181,30347312.0000000000,0
2250,268,0.3761160958,30347312.0000000000,0
2250,269,0.3769219520,30347312.0000000000,78
2250,270,0.3775767687,30347312.0000000000,82
2250,271,0.3778958168,30347312.0000000000,80
2250,272,0.3774859735,30347312.0000000000,69
2250,273,0.3587935729,27355696.0000000000,30
2250,274,0.3583399658,27355696.0000000000,55
2250,275,0.3578856170,27355696.0000000000,50
2300,0,0.0974004590,136619760.0000000000,79
2300,1,0.0940759010,132428288.0000000000,80
2300,2,0.0719371800,110342192.0000000000,78
2300,3,0.0639378850,103222832.0000000000,75
2300,4,0.0645669050,103164496.0000000000,74
2300,5,0.0641572140,103164816.0000000000,72
2300,6,0.0641984330,103102752.0000000000,76
2300,7,0.0646860430,103133072.0000000000,73
2300,8,0.0828391340,120890016.0000000000,77
2300,9,0.1519432130,179134240.0000000000,82
2300,10,0.1672603960,194395952.0000000000,81
2300,11,0.1298782080,161284976.0000000000,83
2300,12,0.2000298870,253930128.0000000000,12
2300,13,0.2077391180,257246784.0000000000,9
2300,14,0.1849792050,235168160.0000000000,33
2300,15,0.1385794570,191676640.0000000000,32
2300,16,0.1230086330,177916096.0000000000,51
2300,17,0.1186763200,173304544.0000000000,47
2300,18,0.1188422150,173239216.0000000000,26
2300,19,0.1332618350,186094736.0000000000,45
2300,20,0.2011190250,248563200.0000000000,19
2300,21,0.1905674780,232871168.0000000000,64
2300,22,0.1606852950,206912480.0000000000,68
2300,23,0.1546945300,204092192.0000000000,71
2300,24,0.1766303360,239947360.0000000000,42
2300,25,0.1764422310,240066432.0000000000,2
2300,26,0.1988741320,258825424.0000000000,18
2300,27,0.2441842700,296774944.0000000000,34
2300,28,0.2645121500,314756432.0000000000,13
2300,29,0.2644898770,320055264.0000000000,15
2300,30,0.2656109750,318552224.0000000000,55
2300,31,0.2578352670,307562560.0000000000,44
2300,32,0.1985859160,258153536.0000000000,36
2300,33,0.1598303620,216099824.0000000000,70
2300,34,0.1596119350,216102448.0000000000,58
2300,35,0.1597517570,215985216.0000000000,66
2300,36,0.1765458250,239949824.0000000000,22
2300,37,0.1764598400,240066656.0000000000,20
2300,38,0.1764772490,240058400.0000000000,6
2300,39,0.1763803220,240062656.0000000000,7
2300,40,0.1765192830,240061872.0000000000,27
2300,41,0.1766046030,240068048.0000000000,17
2300,42,0.1763289100,240062832.0000000000,54
2300,43,0.1764506750,240063968.0000000000,3
2300,44,0.1767064070,240063856.0000000000,29
2300,45,0.1597310250,216097488.0000000000,67
2300,46,0.1600756690,216098480.0000000000,65
2300,47,0.1596984750,215988704.0000000000,59
2300,48,0.1763993720,239953152.0000000000,41
2300,49,0.1766286180,240060480.0000000000,35
2300,50,0.1764673510,240060272.0000000000,4
2300,51,0.1764277940,240061232.0000000000,5
2300,52,0.1766054740,240062688.0000000000,37
2300,53,0.1764749260,240061216.0000000000,8
2300,54,0.1764630820,240065152.0000000000,11
2300,55,0.1763079830,240062608.0000000000,23
2300,56,0.1764424670,240059920.0000000000,21
2300,57,0.1597411240,216101728.0000000000,56
2300,58,0.1596659430,216098448.0000000000,61
2300,59,0.1596492470,215987712.0000000000,57
2300,60,0.1766504010,240565952.0000000000,16
2300,61,0.1768994040,240746160.0000000000,53
2300,62,0.1768381280,240740784.0000000000,24
2300,63,0.1770540280,240751984.0000000000,28
2300,64,0.1770722660,240739888.0000000000,38
2300,65,0.1768997460,240729808.0000000000,14
2300,66,0.1767969800,240744256.0000000000,40
2300,67,0.1770134790,240739104.0000000000,30
2300,68,0.1770475530,240735408.0000000000,48
2300,69,0.1599763710,216710080.0000000000,1
2300,70,0.1601288880,216713696.0000000000,62
2300,71,0.1599064780,216531248.0000000000,63
2300,72,0.1751382390,238465184.0000000000,52
2300,73,0.1755379600,239397200.0000000000,49
2300,74,0.1757455970,239382480.0000000000,39
2300,75,0.1757967660,239389344.0000000000,43
2300,76,0.1756010170,239379040.0000000000,25
2300,77,0.1756395460,239391168.0000000000,50
2300,78,0.1754085880,239372928.0000000000,46
2300,79,0.1756210440,239409984.0000000000,10
2300,80,0.1760106640,239405088.0000000000,31
2300,81,0.1589999520,215472080.0000000000,69
2300,82,0.1590294410,215477488.0000000000,60
2300,83,0.1583708270,214591616.0000000000,0
2300,84,0.0595204990,89551328.0000000000,92
2300,85,0.0595492950,89829120.0000000000,84
2300,86,0.0595156130,89828304.0000000000,89
2300,87,0.0595235060,89820224.0000000000,88
2300,88,0.0594538700,89822320.0000000000,85
2300,89,0.0595313210,89829488.0000000000,90
2300,90,0.0595598630,89825408.0000000000,87
2300,91,0.0595607770,89827504.0000000000,86
2300,92,0.0594699160,89825840.0000000000,91
2300,93,0.0554870700,80872496.0000000000,93
2300,94,0.0556375300,80894576.0000000000,94
2300,95,0.0545888600,80616000.0000000000,95
2300,96,0.0115207500,30347312.0000000000,88
2300,97,0.0115525370,30347312.0000000000,76
2300,98,0.0115099600,30347312.0000000000,87
2300,99,0.0115241990,30347312.0000000000,86
2300,100,0.0112332450,30347312.0000000000,96
2300,101,0.0115924610,30347312.0000000000,98
2300,102,0.0115643660,30347312.0000000000,83
2300,103,0.0115478650,30347312.0000000000,98
2300,104,0.0115372940,30347312.0000000000,85
2300,105,0.0109900560,27355696.0000000000,37
2300,106,0.0109509570,27355696.0000000000,21
2300,107,0.0109397270,27355696.0000000000,54
2300,108,0.0115360440,30347312.0000000000,79
2300,109,0.0115917200,30347312.0000000000,74
2300,110,0.0115878250,30347312.0000000000,65
2300,111,0.0115121340,30347312.0000000000,58
2300,112,0.0112018740,30347312.0000000000,99
2300,113,0.0115440750,30347312.0000000000,81
2300,114,0.0115348610,30347312.0000000000,95
2300,115,0.0111911860,30347312.0000000000,96
2300,116,0.0115468640,30347312.0000000000,57
2300,117,0.0109567300,27355696.0000000000,33
2300,118,0.0109598760,27355696.0000000000,52
2300,119,0.0109645600,27355696.0000000000,44
2300,120,0.0115585250,30347312.0000000000,72
2300,121,0.0115562500,30347312.0000000000,83
2300,122,0.0115509980,30347312.0000000000,90
2300,123,0.0115670900,30347312.0000000000,72
2300,124,0.0115103110,30347312.0000000000,89
2300,125,0.0115612040,30347312.0000000000,65
2300,126,0.0112169930,30347312.0000000000,99
2300,127,0.0115025260,30347312.0000000000,61
2300,128,0.0115448290,30347312.0000000000,87
2300,129,0.0109780560,27355696.0000000000,18
2300,130,0.0110042630,27355696.0000000000,32
2300,131,0.0109911370,27355696.0000000000,31
2300,132,0.0111895300,30347312.0000000000,96
2300,133,0.0115536330,30347312.0000000000,68
2300,134,0.0115089930,30347312.0000000000,66
2300,135,0.0114981380,30347312.0000000000,91
2300,136,0.0115554430,30347312.0000000000,64
2300,137,0.0115396180,30347312.0000000000,73
2300,138,0.0114969500,30347312.0000000000,77
2300,139,0.0115586260,30347312.0000000000,62
2300,140,0.0115296890,30347312.0000000000,84
2300,141,0.0109679640,27355696.0000000000,28
2300,142,0.0109386240,27355696.0000000000,35
2300,143,0.0109504800,27355696.0000000000,36
2300,144,0.0115515630,30347312.0000000000,57
2300,145,0.0115192100,30347312.0000000000,60
2300,146,0.0115135690,30347312.0000000000,87
2300,147,0.0115506010,30347312.0000000000,59
2300,148,0.0115881900,30347312.0000000000,97
2300,149,0.0115328610,30347312.0000000000,76
2300,150,0.0115410010,30347312.0000000000,97
2300,151,0.0115587310,30347312.0000000000,7
2300,152,0.0115308270,30347312.0000000000,71
2300,153,0.0109512840,27355696.0000000000,16
2300,154,0.0109376610,27355696.0000000000,20
2300,155,0.0110062800,27355696.0000000000,17
2300,156,0.0115665690,30347312.0000000000,74
2300,157,0.0115220240,30347312.0000000000,97
2300,158,0.0115363630,30347312.0000000000,88
2300,159,0.0115457160,30347312.0000000000,5
2300,160,0.0115405800,30347312.0000000000,86
2300,161,0.0115755190,30347312.0000000000,92
2300,162,0.0115386570,30347312.0000000000,60
2300,163,0.0115556890,30347312.0000000000,98
2300,164,0.0115423300,30347312.0000000000,76
2300,165,0.0109451600,27355696.0000000000,41
2300,166,0.0109809420,27355696.0000000000,13
2300,167,0.0109278440,27355696.0000000000,51
2300,168,0.0115274640,30347312.0000000000,71
2300,169,0.0115406740,30347312.0000000000,10
2300,170,0.0115634070,30347312.0000000000,92
2300,171,0.0115509140,30347312.0000000000,9
2300,172,0.0115433890,30347312.0000000000,66
2300,173,0.0115357500,30347312.0000000000,59
2300,174,0.0115090690,30347312.0000000000,91
2300,175,0.0115515280,30347312.0000000000,69
2300,176,0.0115474420,30347312.0000000000,70
2300,177,0.0109750240,27355696.0000000000,26
2300,178,0.0109455080,27355696.0000000000,53
2300,179,0.0109960380,27355696.0000000000,29
2300,180,0.0115645150,30347312.0000000000,6
2300,181,0.0115623120,30347312.0000000000,90
2300,182,0.0115426350,30347312.0000000000,63
2300,183,0.0115243000,30347312.0000000000,61
2300,184,0.0115398440,30347312.0000000000,78
2300,185,0.0115113240,30347312.0000000000,75
2300,186,0.0115122370,30347312.0000000000,93
2300,187,0.0115523210,30347312.0000000000,82
2300,188,0.0115497550,30347312.0000000000,3
2300,189,0.0109578160,27355696.0000000000,19
2300,190,0.0109226890,27355696.0000000000,46
2300,191,0.0109949960,27355696.0000000000,42
2300,192,0.0115588360,30347312.0000000000,56
2300,193,0.0115143900,30347312.0000000000,95
2300,194,0.0115245010,30347312.0000000000,93
2300,195,0.0115983410,30347312.0000000000,74
2300,196,0.0115526670,30347312.0000000000,92
2300,197,0.0115039210,30347312.0000000000,94
2300,198,0.0115490360,30347312.0000000000,75
2300,199,0.0115280970,30347312.0000000000,90
2300,200,0.0115621730,30347312.0000000000,84
2300,201,0.0109538860,27355696.0000000000,34
2300,202,0.0109718730,27355696.0000000000,43
2300,203,0.0109319000,27355696.0000000000,24
2300,204,0.0115524660,30347312.0000000000,82
2300,205,0.0115414670,30347312.0000000000,79
2300,206,0.0115334660,30347312.0000000000,75
2300,207,0.0115426780,30347312.0000000000,95
2300,208,0.0115689250,30347312.0000000000,72
2300,209,0.0114615000,30347312.0000000000,94
2300,210,0.0115603070,30347312.0000000000,81
2300,211,0.0115354920,30347312.0000000000,11
2300,212,0.0115465120,30347312.0000000000,56
2300,213,0.0109494970,27355696.0000000000,39
2300,214,0.0109555700,27355696.0000000000,40
2300,215,0.0109497110,27355696.0000000000,15
2300,216,0.0115445200,30347312.0000000000,63
2300,217,0.0115598960,30347312.0000000000,98
2300,218,0.0115284760,30347312.0000000000,85
2300,219,0.0115473530,30347312.0000000000,83
2300,220,0.0115274300,30347312.0000000000,78
2300,221,0.0114947320,30347312.0000000000,93
2300,222,0.0115090690,30347312.0000000000,81
2300,223,0.0115158770,30347312.0000000000,12
2300,224,0.0115377430,30347312.0000000000,86
2300,225,0.0109691640,27355696.0000000000,38
2300,226,0.0109433500,27355696.0000000000,14
2300,227,0.0109344140,27355696.0000000000,23
2300,228,0.0115767900,30347312.0000000000,80
2300,229,0.0115494430,30347312.0000000000,79
2300,230,0.0115562390,30347312.0000000000,1
2300,231,0.0115419070,30347312.0000000000,64
2300,232,0.0115837630,30347312.0000000000,80
2300,233,0.0112052200,30347312.0000000000,96
2300,234,0.0115599290,30347312.0000000000,62
2300,235,0.0115468200,30347312.0000000000,4
2300,236,0.0115194000,30347312.0000000000,2
2300,237,0.0109655990,27355696.0000000000,1
2300,238,0.0109209610,27355696.0000000000,49
2300,239,0.0109328380,27355696.0000000000,47
2300,240,0.0114687220,30347312.0000000000,94
2300,241,0.0115500420,30347312.0000000000,8
2300,242,0.0115332860,30347312.0000000000,84
2300,243,0.0115519090,30347312.0000000000,1
2300,244,0.0115405870,30347312.0000000000,97
2300,245,0.0115592270,30347312.0000000000,85
2300,246,0.0115573880,30347312.0000000000,67
2300,247,0.0114919940,30347312.0000000000,91
2300,248,0.0114968160,30347312.0000000000,58
2300,249,0.0109151610,27355696.0000000000,0
2300,250,0.0109074130,27355696.0000000000,25
2300,251,0.0109824840,27355696.0000000000,45
2300,252,0.0115570950,30347312.0000000000,67
2300,253,0.0111985200,30347312.0000000000,99
2300,254,0.0112030870,30347312.0000000000,99
2300,255,0.0115145100,30347312.0000000000,73
2300,256,0.0115404500,30347312.0000000000,68
2300,257,0.0115293170,30347312.0000000000,89
2300,258,0.0115473230,30347312.0000000000,88
2300,259,0.0114766250,30347312.0000000000,89
2300,260,0.0115130420,30347312.0000000000,77
2300,261,0.0109721060,27355696.0000000000,22
2300,262,0.0109873280,27355696.0000000000,48
2300,263,0.0109486630,27355696.0000000000,27
2300,264,0.0115275320,30347312.0000000000,77
2300,265,0.0115388860,30347312.0000000000,73
2300,266,0.0115205800,30347312.0000000000,70
2300,267,0.0115075050,30347312.0000000000,0
2300,268,0.0114978460,30347312.0000000000,0
2300,269,0.0115393940,30347312.0000000000,78
2300,270,0.0115565700,30347312.0000000000,82
2300,271,0.0115499860,30347312.0000000000,80
2300,272,0.0115712180,30347312.0000000000,69
2300,273,0.0109720630,27355696.0000000000,30
2300,274,0.0109858280,27355696.0000000000,55
2300,275,0.0109350270,27355696.0000000000,50
2350,0,3.1371673632,135959792.0000000000,79
2350,1,3.0292511677,132374384.0000000000,80
2350,2,2.2402854957,107680272.0000000000,78
2350,3,2.0593836974,103248464.0000000000,75
2350,4,2.0840748923,103181600.0000000000,74
2350,5,2.0634456222,103150752.0000000000,72
2350,6,2.0645482735,103119024.0000000000,76
2350,7,2.0860284883,103104496.0000000000,73
2350,8,2.6584753101,120168032.0000000000,77
2350,9,4.9902787743,184283376.0000000000,82
2350,10,5.3795604012,194589376.0000000000,81
2350,11,4.1515616571,160885216.0000000000,83
2350,12,6.3880062065,254505360.0000000000,12
2350,13,6.6342899162,257427104.0000000000,9
2350,14,5.8418633531,230847456.0000000000,33
2350,15,4.4471481201,190728080.0000000000,32
2350,16,3.9463370146,176881344.0000000000,51
2350,17,3.7887624183,172735024.0000000000,47
2350,18,3.7903810170,172725744.0000000000,26
2350,19,4.2398160630,184793328.0000000000,45
2350,20,6.3998806027,245611664.0000000000,19
2350,21,6.0898322611,231849696.0000000000,64
2350,22,5.1285851585,206766656.0000000000,68
2350,23,4.9319210267,203356816.0000000000,71
2350,24,5.6842798999,239951200.0000000000,42
2350,25,5.6794099359,240068000.0000000000,2
2350,26,6.4954135534,263112784.0000000000,18
2350,27,7.8886642481,297876128.0000000000,34
2350,28,8.5160117155,315381952.0000000000,13
2350,29,8.5129592437,320353968.0000000000,15
2350,30,8.5427130562,318710320.0000000000,55
2350,31,8.3155382819,308530016.0000000000,44
2350,32,6.4411064252,259931200.0000000000,36
2350,33,5.1442532673,216104400.0000000000,70
2350,34,5.1378499594,216098480.0000000000,58
2350,35,5.1415021317,215984928.0000000000,66
2350,36,5.6771763968,239946800.0000000000,22
2350,37,5.6799667938,240063232.0000000000,20
2350,38,5.6805341870,240065504.0000000000,6
2350,39,5.6780481277,240061856.0000000000,7
2350,40,5.6777596960,240063936.0000000000,27
2350,41,5.6847292563,240065712.0000000000,17
2350,42,5.6774270798,240063936.0000000000,54
2350,43,5.6776421958,240062624.0000000000,3
2350,44,5.6867225305,240065744.0000000000,29
2350,45,5.1446143890,216097696.0000000000,67
2350,46,5.1448725838,216099040.0000000000,65
2350,47,5.1385174026,215987376.0000000000,59
2350,48,5.6786341472,239953264.0000000000,41
2350,49,5.6807432974,240060976.0000000000,35
2350,50,5.6820957755,240055088.0000000000,4
2350,51,5.6793883841,240064976.0000000000,5
2350,52,5.6835765678,240063520.0000000000,37
2350,53,5.6798896824,240062784.0000000000,8
2350,54,5.6797908434,240065120.0000000000,11
2350,55,5.6778001756,240063648.0000000000,23
2350,56,5.6783945190,240061280.0000000000,21
2350,57,5.1422156379,216101056.0000000000,56
2350,58,5.1398225712,216099040.0000000000,61
2350,59,5.1373848863,215984752.0000000000,57
2350,60,5.6874911787,240601792.0000000000,16
2350,61,5.6903651914,240783792.0000000000,53
2350,62,5.6905059253,240771808.0000000000,24
2350,63,5.6952026606,240784800.0000000000,28
2350,64,5.6969542661,240770912.0000000000,38
2350,65,5.6957626728,240759264.0000000000,14
2350,66,5.6905485352,240776736.0000000000,40
2350,67,5.6958377092,240771808.0000000000,30
2350,68,5.6991128331,240767552.0000000000,48
2350,69,5.1521838473,216740464.0000000000,1
2350,70,5.1565732083,216744720.0000000000,62
2350,71,5.1481112777,216560816.0000000000,63
2350,72,5.6361571989,238411536.0000000000,52
2350,73,5.6490967066,239361440.0000000000,49
2350,74,5.6552394641,239349696.0000000000,39
2350,75,5.6549663261,239359824.0000000000,43
2350,76,5.6516762291,239344000.0000000000,25
2350,77,5.6518806517,239360000.0000000000,50
2350,78,5.6467860420,239343664.0000000000,46
2350,79,5.6505444670,239378464.0000000000,10
2350,80,5.6588922129,239373152.0000000000,31
2350,81,5.1190029451,215445456.0000000000,69
2350,82,5.1155691086,215448080.0000000000,60
2350,83,5.0945564680,214541456.0000000000,0
2350,84,1.9201037219,89546320.0000000000,92
2350,85,1.9201403714,89828624.0000000000,84
2350,86,1.9195096172,89829040.0000000000,89
2350,87,1.9206493660,89818864.0000000000,88
2350,88,1.9208346790,89824144.0000000000,85
2350,89,1.9207542926,89829040.0000000000,90
2350,90,1.9207380411,89825488.0000000000,87
2350,91,1.9205011491,89828464.0000000000,86
2350,92,1.9186289222,89825488.0000000000,91
2350,93,1.7903207477,80871312.0000000000,93
2350,94,1.7896511929,80894880.0000000000,94
2350,95,1.7611116231,80609568.0000000000,95
2350,96,0.3769723346,30347312.0000000000,88
2350,97,0.3770384200,30347312.0000000000,76
2350,98,0.3762596451,30347312.0000000000,87
2350,99,0.3765754751,30347312.0000000000,86
2350,100,0.3669506931,30347312.0000000000,96
2350,101,0.3782999623,30347312.0000000000,98
2350,102,0.3780049228,30347312.0000000000,83
2350,103,0.3775111758,30347312.0000000000,98
2350,104,0.3769325280,30347312.0000000000,85
2350,105,0.3586873814,27355696.0000000000,37
2350,106,0.3579055773,27355696.0000000000,21
2350,107,0.3572058732,27355696.0000000000,54
2350,108,0.3770690246,30347312.0000000000,79
2350,109,0.3783020153,30347312.0000000000,74
2350,110,0.3779482992,30347312.0000000000,65
2350,111,0.3761460450,30347312.0000000000,58
2350,112,0.3665469613,30347312.0000000000,99
2350,113,0.3769582504,30347312.0000000000,81
2350,114,0.3767840472,30347312.0000000000,95
2350,115,0.3659758479,30347312.0000000000,96
2350,116,0.3771045644,30347312.0000000000,57
2350,117,0.3579604527,27355696.0000000000,33
2350,118,0.3587588473,27355696.0000000000,52
2350,119,0.3588264912,27355696.0000000000,44
2350,120,0.3780105271,30347312.0000000000,72
2350,121,0.3779158017,30347312.0000000000,83
2350,122,0.3772962242,30347312.0000000000,90
2350,123,0.3778805860,30347312.0000000000,72
2350,124,0.3759068249,30347312.0000000000,89
2350,125,0.3779741591,30347312.0000000000,65
2350,126,0.3657747900,30347312.0000000000,99
2350,127,0.3763850216,30347312.0000000000,61
2350,128,0.3762183009,30347312.0000000000,87
2350,129,0.3583463416,27355696.0000000000,18
2350,130,0.3587012297,27355696.0000000000,32
2350,131,0.3588312246,27355696.0000000000,31
2350,132,0.3659416028,30347312.0000000000,96
2350,133,0.3776956266,30347312.0000000000,68
2350,134,0.3771008060,30347312.0000000000,66
2350,135,0.3757493615,30347312.0000000000,91
2350,136,0.3775151672,30347312.0000000000,64
2350,137,0.3768221681,30347312.0000000000,73
2350,138,0.3763897516,30347312.0000000000,77
2350,139,0.3774278395,30347312.0000000000,62
2350,140,0.3767794107,30347312.0000000000,84
2350,141,0.3585945695,27355696.0000000000,28
2350,142,0.3574007211,27355696.0000000000,35
2350,143,0.3575151300,27355696.0000000000,36
2350,144,0.3768391657,30347312.0000000000,57
2350,145,0.3770129583,30347312.0000000000,60
2350,146,0.3763007235,30347312.0000000000,87
2350,147,0.3773559074,30347312.0000000000,59
2350,148,0.3775307814,30347312.0000000000,97
2350,149,0.3771046498,30347312.0000000000,76
2350,150,0.3768551651,30347312.0000000000,97
2350,151,0.3777520704,30347312.0000000000,7
2350,152,0.3771097552,30347312.0000000000,71
2350,153,0.3574142332,27355696.0000000000,16
2350,154,0.3573544247,27355696.0000000000,20
2350,155,0.3594377195,27355696.0000000000,17
2350,156,0.3783257619,30347312.0000000000,74
2350,157,0.3769183220,30347312.0000000000,97
2350,158,0.3766672521,30347312.0000000000,88
2350,159,0.3770066315,30347312.0000000000,5
2350,160,0.3766379573,30347312.0000000000,86
2350,161,0.3776279605,30347312.0000000000,92
2350,162,0.3770075715,30347312.0000000000,60
2350,163,0.3773694772,30347312.0000000000,98
2350,164,0.3770475108,30347312.0000000000,76
2350,165,0.3576837881,27355696.0000000000,41
2350,166,0.3592300121,27355696.0000000000,13
2350,167,0.3571721152,27355696.0000000000,51
2350,168,0.3769077703,30347312.0000000000,71
2350,169,0.3775520870,30347312.0000000000,10
2350,170,0.3776255412,30347312.0000000000,92
2350,171,0.3762823659,30347312.0000000000,9
2350,172,0.3770241815,30347312.0000000000,66
2350,173,0.3773036378,30347312.0000000000,59
2350,174,0.3756423673,30347312.0000000000,91
2350,175,0.3776901985,30347312.0000000000,69
2350,176,0.3771286891,30347312.0000000000,70
2350,177,0.3584963901,27355696.0000000000,26
2350,178,0.3575851117,27355696.0000000000,53
2350,179,0.3592919772,27355696.0000000000,29
2350,180,0.3781958482,30347312.0000000000,6
2350,181,0.3773395625,30347312.0000000000,90
2350,182,0.3771902570,30347312.0000000000,63
2350,183,0.3764335666,30347312.0000000000,61
2350,184,0.3769906354,30347312.0000000000,78
2350,185,0.3769593769,30347312.0000000000,75
2350,186,0.3764447848,30347312.0000000000,93
2350,187,0.3774746643,30347312.0000000000,82
2350,188,0.3773630712,30347312.0000000000,3
2350,189,0.3576711481,27355696.0000000000,19
2350,190,0.3568379209,27355696.0000000000,46
2350,191,0.3594784371,27355696.0000000000,42
2350,192,0.3776662245,30347312.0000000000,56
2350,193,0.3765722470,30347312.0000000000,95
2350,194,0.3762349067,30347312.0000000000,93
2350,195,0.3782326081,30347312.0000000000,74
2350,196,0.3775321171,30347312.0000000000,92
2350,197,0.3752444617,30347312.0000000000,94
2350,198,0.3768202014,30347312.0000000000,75
2350,199,0.3771452537,30347312.0000000000,90
2350,200,0.3767331721,30347312.0000000000,84
2350,201,0.3578177788,27355696.0000000000,34
2350,202,0.3586991170,27355696.0000000000,43
2350,203,0.3572267934,27355696.0000000000,24
2350,204,0.3774758547,30347312.0000000000,82
2350,205,0.3771273386,30347312.0000000000,79
2350,206,0.3767836418,30347312.0000000000,75
2350,207,0.3765645315,30347312.0000000000,95
2350,208,0.3779436948,30347312.0000000000,72
2350,209,0.3750216831,30347312.0000000000,94
2350,210,0.3768051301,30347312.0000000000,81
2350,211,0.3771774544,30347312.0000000000,11
2350,212,0.3774292689,30347312.0000000000,56
2350,213,0.3578053032,27355696.0000000000,39
2350,214,0.3577985695,27355696.0000000000,40
2350,215,0.3580531269,27355696.0000000000,15
2350,216,0.3772084892,30347312.0000000000,63
2350,217,0.3772307894,30347312.0000000000,98
2350,218,0.3768752393,30347312.0000000000,85
2350,219,0.3778316105,30347312.0000000000,83
2350,220,0.3770595943,30347312.0000000000,78
2350,221,0.3763184356,30347312.0000000000,93
2350,222,0.3765533108,30347312.0000000000,81
2350,223,0.3767729140,30347312.0000000000,12
2350,224,0.3764186094,30347312.0000000000,86
2350,225,0.3587159912,27355696.0000000000,38
2350,226,0.3579016074,27355696.0000000000,14
2350,227,0.3578584885,27355696.0000000000,23
2350,228,0.3779190721,30347312.0000000000,80
2350,229,0.3769740441,30347312.0000000000,79
2350,230,0.3773175840,30347312.0000000000,1
2350,231,0.3774720241,30347312.0000000000,64
2350,232,0.3779919390,30347312.0000000000,80
2350,233,0.3657840369,30347312.0000000000,96
2350,234,0.3773752752,30347312.0000000000,62
2350,235,0.3772784217,30347312.0000000000,4
2350,236,0.3769039508,30347312.0000000000,2
2350,237,0.3578552576,27355696.0000000000,1
2350,238,0.3569825743,27355696.0000000000,49
2350,239,0.3575430763,27355696.0000000000,47
2350,240,0.3750713917,30347312.0000000000,94
2350,241,0.3772250160,30347312.0000000000,8
2350,242,0.3766837604,30347312.0000000000,84
2350,243,0.3772842134,30347312.0000000000,1
2350,244,0.3769000625,30347312.0000000000,97
2350,245,0.3770601218,30347312.0000000000,85
2350,246,0.3778595506,30347312.0000000000,67
2350,247,0.3755058496,30347312.0000000000,91
2350,248,0.3761090413,30347312.0000000000,58
2350,249,0.3568032400,27355696.0000000000,0
2350,250,0.3567680498,27355696.0000000000,25
2350,251,0.3585648854,27355696.0000000000,45
2350,252,0.3778895453,30347312.0000000000,67
2350,253,0.3656984091,30347312.0000000000,99
2350,254,0.3654701592,30347312.0000000000,99
2350,255,0.3764566267,30347312.0000000000,73
2350,256,0.3775381278,30347312.0000000000,68
2350,257,0.3760126272,30347312.0000000000,89
2350,258,0.3768651076,30347312.0000000000,88
2350,259,0.3759711994,30347312.0000000000,89
2350,260,0.3765196862,30347312.0000000000,77
2350,261,0.3579147385,27355696.0000000000,22
2350,262,0.3597422375,27355696.0000000000,48
2350,263,0.3579777384,27355696.0000000000,27
2350,264,0.3763500120,30347312.0000000000,77
2350,265,0.3766298816,30347312.0000000000,73
2350,266,0.3770883567,30347312.0000000000,70
2350,267,0.3761545608,30347312.0000000000,0
2350,268,0.3762706992,30347312.0000000000,0
2350,269,0.3768164836,30347312.0000000000,78
2350,270,0.3775698888,30347312.0000000000,82
2350,271,0.3778784480,30347312.0000000000,80
2350,272,0.3775676327,30347312.0000000000,69
2350,273,0.3587719164,27355696.0000000000,30
2350,274,0.3583472287,27355696.0000000000,55
2350,275,0.3577718049,27355696.0000000000,50
2400,0,0.0965064470,135317968.0000000000,79
2400,1,0.0936670320,131889760.0000000000,80
2400,2,0.0660791910,105489104.0000000000,78
2400,3,0.0637766500,103252608.0000000000,75
2400,4,0.0645483450,103190160.0000000000,74
2400,5,0.0638346900,103144496.0000000000,72
2400,6,0.0638233800,103126880.0000000000,76
2400,7,0.0645931440,103089856.0000000000,73
2400,8,0.0808632910,118750640.0000000000,77
2400,9,0.1634702010,189241808.0000000000,82
2400,10,0.1662709490,194980032.0000000000,81
2400,11,0.1269515600,160825440.0000000000,83
2400,12,0.2017644950,255246240.0000000000,12
2400,13,0.2070700300,257605744.0000000000,9
2400,14,0.1765883680,227306064.0000000000,33
2400,15,0.1365009270,189611840.0000000000,32
2400,16,0.1213214570,176232592.0000000000,51
2400,17,0.1172432480,172305664.0000000000,47
2400,18,0.1170095610,172198112.0000000000,26
2400,19,0.1297717980,183547040.0000000000,45
2400,20,0.1949675380,243163744.0000000000,19
2400,21,0.1873501850,230443024.0000000000,64
2400,22,0.1589534820,206274352.0000000000,68
2400,23,0.1535031200,202508704.0000000000,71
2400,24,0.1767427690,239947088.0000000000,42
2400,25,0.1765870230,240090512.0000000000,2
2400,26,0.2081039370,266453408.0000000000,18
2400,27,0.2478071200,298938896.0000000000,34
2400,28,0.2661927200,315620848.0000000000,13
2400,29,0.2659927040,320627696.0000000000,15
2400,30,0.2668547690,318980176.0000000000,55
2400,31,0.2604084060,309220384.0000000000,44
2400,32,0.2035641100,261477584.0000000000,36
2400,33,0.1599630220,216099504.0000000000,70
2400,34,0.1597790190,216100432.0000000000,58
2400,35,0.1597348600,215981776.0000000000,66
2400,36,0.1764427260,239947936.0000000000,22
2400,37,0.1764742870,240064032.0000000000,20
2400,38,0.1765604860,240062496.0000000000,6
2400,39,0.1765838910,240061072.0000000000,7
2400,40,0.1766127590,240067056.0000000000,27
2400,41,0.1765974430,240063344.0000000000,17
2400,42,0.1763924040,240061856.0000000000,54
2400,43,0.1763192730,240065536.0000000000,3
2400,44,0.1766967440,240062736.0000000000,29
2400,45,0.1598821220,216099808.0000000000,67
2400,46,0.1600547750,216096576.0000000000,65
2400,47,0.1596451390,215988096.0000000000,59
2400,48,0.1764111180,239946000.0000000000,41
2400,49,0.1765329210,240064080.0000000000,35
2400,50,0.1764756440,240060944.0000000000,4
2400,51,0.1764361460,240065200.0000000000,5
2400,52,0.1766043490,240066320.0000000000,37
2400,53,0.1765102400,240061136.0000000000,8
2400,54,0.1764809920,240063968.0000000000,11
2400,55,0.1765559140,240059312.0000000000,23
2400,56,0.1764626930,240065664.0000000000,21
2400,57,0.1599370630,216099760.0000000000,56
2400,58,0.1596407320,216100624.0000000000,61
2400,59,0.1596072680,215980576.0000000000,57
2400,60,0.1767241470,240631920.0000000000,16
2400,61,0.1767757440,240814976.0000000000,53
2400,62,0.1767395530,240804624.0000000000,24
2400,63,0.1769965390,240815376.0000000000,28
2400,64,0.1770975320,240803392.0000000000,38
2400,65,0.1770925650,240797904.0000000000,14
2400,66,0.1768649960,240806864.0000000000,40
2400,67,0.1771304090,240809552.0000000000,30
2400,68,0.1772337500,240798576.0000000000,48
2400,69,0.1601767050,216770256.0000000000,1
2400,70,0.1603975400,216771264.0000000000,62
2400,71,0.1600148380,216587360.0000000000,63
2400,72,0.1752315120,238359472.0000000000,52
2400,73,0.1756387950,239325392.0000000000,49
2400,74,0.1756907870,239314064.0000000000,39
2400,75,0.1756548060,239324096.0000000000,43
2400,76,0.1756091600,239308896.0000000000,25
2400,77,0.1755533070,239325056.0000000000,50
2400,78,0.1753808200,239309280.0000000000,46
2400,79,0.1754887720,239344832.0000000000,10
2400,80,0.1758313040,239338304.0000000000,31
2400,81,0.1590162750,215412848.0000000000,69
2400,82,0.1588331790,215418320.0000000000,60
2400,83,0.1582090300,214489584.0000000000,0
2400,84,0.0594968790,89539568.0000000000,92
2400,85,0.0595365200,89830752.0000000000,84
2400,86,0.0595013920,89829520.0000000000,89
2400,87,0.0595125250,89817744.0000000000,88
2400,88,0.0595365500,89825712.0000000000,85
2400,89,0.0595640640,89830704.0000000000,90
2400,90,0.0595437220,89824368.0000000000,87
2400,91,0.0594930160,89827568.0000000000,86
2400,92,0.0595079250,89826080.0000000000,91
2400,93,0.0554703810,80868672.0000000000,93
2400,94,0.0554489610,80898944.0000000000,94
2400,95,0.0544777200,80602976.0000000000,95
2400,96,0.0115370920,30347312.0000000000,88
2400,97,0.0115471080,30347312.0000000000,76
2400,98,0.0115110930,30347312.0000000000,87
2400,99,0.0115292870,30347312.0000000000,86
2400,100,0.0112534540,30347312.0000000000,96
2400,101,0.0115879210,30347312.0000000000,98
2400,102,0.0115616820,30347312.0000000000,83
2400,103,0.0115508190,30347312.0000000000,98
2400,104,0.0115517630,30347312.0000000000,85
2400,105,0.0109752470,27355696.0000000000,37
2400,106,0.0109539620,27355696.0000000000,21
2400,107,0.0109562590,27355696.0000000000,54
2400,108,0.0115216390,30347312.0000000000,79
2400,109,0.0115811370,30347312.0000000000,74
2400,110,0.0115955600,30347312.0000000000,65
2400,111,0.0115014540,30347312.0000000000,58
2400,112,0.0112361220,30347312.0000000000,99
2400,113,0.0115492560,30347312.0000000000,81
2400,114,0.0115256210,30347312.0000000000,95
2400,115,0.0111802920,30347312.0000000000,96
2400,116,0.0115293390,30347312.0000000000,57
2400,117,0.0109729210,27355696.0000000000,33
2400,118,0.0109819100,27355696.0000000000,52
2400,119,0.0109732570,27355696.0000000000,44
2400,120,0.0115839620,30347312.0000000000,72
2400,121,0.0115618900,30347312.0000000000,83
2400,122,0.0115552180,30347312.0000000000,90
2400,123,0.0115717680,30347312.0000000000,72
2400,124,0.0115191890,30347312.0000000000,89
2400,125,0.0115585710,30347312.0000000000,65
2400,126,0.0111812470,30347312.0000000000,99
2400,127,0.0115151410,30347312.0000000000,61
2400,128,0.0115001810,30347312.0000000000,87
2400,129,0.0109858500,27355696.0000000000,18
2400,130,0.0109672890,27355696.0000000000,32
2400,131,0.0109805190,27355696.0000000000,31
2400,132,0.0112052510,30347312.0000000000,96
2400,133,0.0115356980,30347312.0000000000,68
2400,134,0.0115315280,30347312.0000000000,66
2400,135,0.0114992490,30347312.0000000000,91
2400,136,0.0115575250,30347312.0000000000,64
2400,137,0.0115249790,30347312.0000000000,73
2400,138,0.0115098560,30347312.0000000000,77
2400,139,0.0115618020,30347312.0000000000,62
2400,140,0.0115172550,30347312.0000000000,84
2400,141,0.0109639570,27355696.0000000000,28
2400,142,0.0109121640,27355696.0000000000,35
2400,143,0.0109455810,27355696.0000000000,36
2400,144,0.0115139380,30347312.0000000000,57
2400,145,0.0115503210,30347312.0000000000,60
2400,146,0.0114991520,30347312.0000000000,87
2400,147,0.0115146210,30347312.0000000000,59
2400,148,0.0115591850,30347312.0000000000,97
2400,149,0.0115506540,30347312.0000000000,76
2400,150,0.0115579850,30347312.0000000000,97
2400,151,0.0115543250,30347312.0000000000,7
2400,152,0.0115097890,30347312.0000000000,71
2400,153,0.0109449920,27355696.0000000000,16
2400,154,0.0109289140,27355696.0000000000,20
2400,155,0.0110166700,27355696.0000000000,17
2400,156,0.0115829400,30347312.0000000000,74
2400,157,0.0115450390,30347312.0000000000,97
2400,158,0.0115471410,30347312.0000000000,88
2400,159,0.0115404260,30347312.0000000000,5
2400,160,0.0115094690,30347312.0000000000,86
2400,161,0.0115502700,30347312.0000000000,92
2400,162,0.0115321460,30347312.0000000000,60
2400,163,0.0115587440,30347312.0000000000,98
2400,164,0.0115602240,30347312.0000000000,76
2400,165,0.0109329470,27355696.0000000000,41
2400,166,0.0110012930,27355696.0000000000,13
2400,167,0.0109518790,27355696.0000000000,51
2400,168,0.0115423420,30347312.0000000000,71
2400,169,0.0115713150,30347312.0000000000,10
2400,170,0.0115499610,30347312.0000000000,92
2400,171,0.0115089640,30347312.0000000000,9
2400,172,0.0115275400,30347312.0000000000,66
2400,173,0.0115650890,30347312.0000000000,59
2400,174,0.0115041290,30347312.0000000000,91
2400,175,0.0115639220,30347312.0000000000,69
2400,176,0.0115253390,30347312.0000000000,70
2400,177,0.0109879880,27355696.0000000000,26
2400,178,0.0109356800,27355696.0000000000,53
2400,179,0.0110013090,27355696.0000000000,29
2400,180,0.0115776580,30347312.0000000000,6
2400,181,0.0115414500,30347312.0000000000,90
2400,182,0.0115430880,30347312.0000000000,63
2400,183,0.0115142200,30347312.0000000000,61
2400,184,0.0115352060,30347312.0000000000,78
2400,185,0.0115442660,30347312.0000000000,75
2400,186,0.0115035690,30347312.0000000000,93
2400,187,0.0115589860,30347312.0000000000,82
2400,188,0.0115520040,30347312.0000000000,3
2400,189,0.0109473460,27355696.0000000000,19
2400,190,0.0109181310,27355696.0000000000,46
2400,191,0.0110005590,27355696.0000000000,42
2400,192,0.0115406410,30347312.0000000000,56
2400,193,0.0115332250,30347312.0000000000,95
2400,194,0.0115139400,30347312.0000000000,93
2400,195,0.0115873990,30347312.0000000000,74
2400,196,0.0115511310,30347312.0000000000,92
2400,197,0.0114886690,30347312.0000000000,94
2400,198,0.0115469130,30347312.0000000000,75
2400,199,0.0115281040,30347312.0000000000,90
2400,200,0.0115061160,30347312.0000000000,84
2400,201,0.0109689440,27355696.0000000000,34
2400,202,0.0110111480,27355696.0000000000,43
2400,203,0.0109316370,27355696.0000000000,24
2400,204,0.0115611300,30347312.0000000000,82
2400,205,0.0115480400,30347312.0000000000,79
2400,206,0.0115194380,30347312.0000000000,75
2400,207,0.0115329460,30347312.0000000000,95
2400,208,0.0115671090,30347312.0000000000,72
2400,209,0.0114860650,30347312.0000000000,94
2400,210,0.0115317830,30347312.0000000000,81
2400,211,0.0115469450,30347312.0000000000,11
2400,212,0.0115517510,30347312.0000000000,56
2400,213,0.0109495870,27355696.0000000000,39
2400,214,0.0109495170,27355696.0000000000,40
2400,215,0.0109677580,27355696.0000000000,15
2400,216,0.0115413830,30347312.0000000000,63
2400,217,0.0115220050,30347312.0000000000,98
2400,218,0.0115326950,30347312.0000000000,85
2400,219,0.0115555980,30347312.0000000000,83
2400,220,0.0115324980,30347312.0000000000,78
2400,221,0.0115073260,30347312.0000000000,93
2400,222,0.0115215940,30347312.0000000000,81
2400,223,0.0115363850,30347312.0000000000,12
2400,224,0.0114989500,30347312.0000000000,86
2400,225,0.0109866380,27355696.0000000000,38
2400,226,0.0109463160,27355696.0000000000,14
2400,227,0.0109469170,27355696.0000000000,23
2400,228,0.0115867590,30347312.0000000000,80
2400,229,0.0115340530,30347312.0000000000,79
2400,230,0.0115605220,30347312.0000000000,1
2400,231,0.0115586990,30347312.0000000000,64
2400,232,0.0115816680,30347312.0000000000,80
2400,233,0.0112017240,30347312.0000000000,96
2400,234,0.0115354920,30347312.0000000000,62
2400,235,0.0115438750,30347312.0000000000,4
2400,236,0.0115289390,30347312.0000000000,2
2400,237,0.0109459830,27355696.0000000000,1
2400,238,0.0109269200,27355696.0000000000,49
2400,239,0.0109520470,27355696.0000000000,47
2400,240,0.0114773290,30347312.0000000000,94
2400,241,0.0115249720,30347312.0000000000,8
2400,242,0.0115347410,30347312.0000000000,84
2400,243,0.0115391290,30347312.0000000000,1
2400,244,0.0115393670,30347312.0000000000,97
2400,245,0.0115544500,30347312.0000000000,85
2400,246,0.0115623050,30347312.0000000000,67
2400,247,0.0114854230,30347312.0000000000,91
2400,248,0.0115030280,30347312.0000000000,58
2400,249,0.0109333370,27355696.0000000000,0
2400,250,0.0109133130,27355696.0000000000,25
2400,251,0.0109924760,27355696.0000000000,45
2400,252,0.0115770750,30347312.0000000000,67
2400,253,0.0111866060,30347312.0000000000,99
2400,254,0.0111875460,30347312.0000000000,99
2400,255,0.0115261720,30347312.0000000000,73
2400,256,0.0115463270,30347312.0000000000,68
2400,257,0.0114981460,30347312.0000000000,89
2400,258,0.0115370810,30347312.0000000000,88
2400,259,0.0115031380,30347312.0000000000,89
2400,260,0.0115178810,30347312.0000000000,77
2400,261,0.0109782500,27355696.0000000000,22
2400,262,0.0110024670,27355696.0000000000,48
2400,263,0.0109523310,27355696.0000000000,27
2400,264,0.0115188340,30347312.0000000000,77
2400,265,0.0115415110,30347312.0000000000,73
2400,266,0.0115242360,30347312.0000000000,70
2400,267,0.0114825280,30347312.0000000000,0
2400,268,0.0115042100,30347312.0000000000,0
2400,269,0.0115497540,30347312.0000000000,78
2400,270,0.0115933610,30347312.0000000000,82
2400,271,0.0115781600,30347312.0000000000,80
2400,272,0.0115443050,30347312.0000000000,69
2400,273,0.0109726750,27355696.0000000000,30
2400,274,0.0109758990,27355696.0000000000,55
2400,275,0.0109673010,27355696.0000000000,50
2450,0,3.1039291356,134836064.0000000000,79
2450,1,3.0047728117,131109776.0000000000,80
2450,2,2.1059014750,104348480.0000000000,78
2450,3,2.0639952755,103259104.0000000000,75
2450,4,2.0826084609,103195200.0000000000,74
2450,5,2.0521990746,103147312.0000000000,72
2450,6,2.0549749030,103124256.0000000000,76
2450,7,2.0865934002,103203312.0000000000,73
2450,8,2.5579030828,117243856.0000000000,77
2450,9,5.3205100204,191962896.0000000000,82
2450,10,5.3957814883,196387312.0000000000,81
2450,11,4.1167518285,161432672.0000000000,83
2450,12,6.5413517417,256076720.0000000000,12
2450,13,6.6972921586,257852704.0000000000,9
2450,14,5.6473882938,224696736.0000000000,33
2450,15,4.3750741989,188473024.0000000000,32
2450,16,3.9026057519,175577232.0000000000,51
2450,17,3.7693873040,171929200.0000000000,47
2450,18,3.7666683813,171777072.0000000000,26
2450,19,4.1546527839,182288192.0000000000,45
2450,20,6.2413018932,240989632.0000000000,19
2450,21,6.0532645214,231375376.0000000000,64
2450,22,5.1099754079,204948400.0000000000,68
2450,23,4.9417412725,201596544.0000000000,71
2450,24,5.6837621697,239947584.0000000000,42
2450,25,5.6829374130,240209904.0000000000,2
2450,26,6.7535892608,269217792.0000000000,18
2450,27,7.9827571797,299939728.0000000000,34
2450,28,8.5665362507,315954944.0000000000,13
2450,29,8.5337158285,319901648.0000000000,15
2450,30,8.5763031745,318892624.0000000000,55
2450,31,8.3916457593,309936064.0000000000,44
2450,32,6.5709827929,262724704.0000000000,36
2450,33,5.1448358893,216118304.0000000000,70
2450,34,5.1384295617,216097184.0000000000,58
2450,35,5.1417834330,215983904.0000000000,66
2450,36,5.6762597420,239945632.0000000000,22
2450,37,5.6796867509,240063856.0000000000,20
2450,38,5.6811912791,240059824.0000000000,6
2450,39,5.6773464446,240061344.0000000000,7
2450,40,5.6774326949,240061792.0000000000,27
2450,41,5.6948842511,242937104.0000000000,17
2450,42,5.6803825176,241009360.0000000000,54
2450,43,5.6770402535,240062464.0000000000,3
2450,44,5.6868638579,240062688.0000000000,29
2450,45,5.1448782248,216103216.0000000000,67
2450,46,5.1445503410,216097248.0000000000,65
2450,47,5.1391177991,215983312.0000000000,59
2450,48,5.6785367851,239946944.0000000000,41
2450,49,5.6810119535,240063248.0000000000,35
2450,50,5.6825064118,240062352.0000000000,4
2450,51,5.6788620754,240062576.0000000000,5
2450,52,5.6834683282,240064336.0000000000,37
2450,53,5.6796220708,240062688.0000000000,8
2450,54,5.6800041502,240063376.0000000000,11
2450,55,5.6777430854,240062256.0000000000,23
2450,56,5.6785110440,240064448.0000000000,21
2450,57,5.1418269499,216098912.0000000000,56
2450,58,5.1396676335,216102528.0000000000,61
2450,59,5.1376174094,215980048.0000000000,57
2450,60,5.6884418345,240664624.0000000000,16
2450,61,5.6916079504,240847632.0000000000,53
2450,62,5.6916323068,240840352.0000000000,24
2450,63,5.6962750204,240846288.0000000000,28
2450,64,5.6988265789,240840240.0000000000,38
2450,65,5.6956380815,240834640.0000000000,14
2450,66,5.6912365190,240840352.0000000000,40
2450,67,5.6975830701,240843264.0000000000,30
2450,68,5.7004057513,240829264.0000000000,48
2450,69,5.1542719173,216796016.0000000000,1
2450,70,5.1579261813,216802624.0000000000,62
2450,71,5.1495249027,216618608.0000000000,63
2450,72,5.6338516682,238307136.0000000000,52
2450,73,5.6482081332,239291104.0000000000,49
2450,74,5.6540279358,239284688.0000000000,39
2450,75,5.6531363094,239293120.0000000000,43
2450,76,5.6501647950,239274864.0000000000,25
2450,77,5.6502634562,239293024.0000000000,50
2450,78,5.6459361999,239278192.0000000000,46
2450,79,5.6490772573,239310064.0000000000,10
2450,80,5.6577990429,239312608.0000000000,31
2450,81,5.1183643908,215387392.0000000000,69
2450,82,5.1148261026,215388960.0000000000,60
2450,83,5.0929480515,214441808.0000000000,0
2450,84,1.9200051843,89534912.0000000000,92
2450,85,1.9201835795,89831280.0000000000,84
2450,86,1.9190326557,89830864.0000000000,89
2450,87,1.9197615714,89816048.0000000000,88
2450,88,1.9205752129,89825920.0000000000,85
2450,89,1.9213180726,89829952.0000000000,90
2450,90,1.9211593124,89824640.0000000000,87
2450,91,1.9201419346,89825056.0000000000,86
2450,92,1.9188279506,89825648.0000000000,91
2450,93,1.7905261976,80867072.0000000000,93
2450,94,1.7896286431,80897568.0000000000,94
2450,95,1.7604563054,80595840.0000000000,95
2450,96,0.3768713516,30347312.0000000000,88
2450,97,0.3772208166,30347312.0000000000,76
2450,98,0.3763600031,30347312.0000000000,87
2450,99,0.3766072937,30347312.0000000000,86
2450,100,0.3669839860,30347312.0000000000,96
2450,101,0.3782204392,30347312.0000000000,98
2450,102,0.3778930259,30347312.0000000000,83
2450,103,0.3772507901,30347312.0000000000,98
2450,104,0.3770300019,30347312.0000000000,85
2450,105,0.3586396298,27355696.0000000000,37
2450,106,0.3580060944,27355696.0000000000,21
2450,107,0.3572948265,27355696.0000000000,54
2450,108,0.3770416480,30347312.0000000000,79
2450,109,0.3784041050,30347312.0000000000,74
2450,110,0.3779096796,30347312.0000000000,65
2450,111,0.3761062370,30347312.0000000000,58
2450,112,0.3666691688,30347312.0000000000,99
2450,113,0.3767998708,30347312.0000000000,81
2450,114,0.3768397533,30347312.0000000000,95
2450,115,0.3657777613,30347312.0000000000,96
2450,116,0.3770670451,30347312.0000000000,57
2450,117,0.3579258053,27355696.0000000000,33
2450,118,0.3588828019,27355696.0000000000,52
2450,119,0.3583804397,27355696.0000000000,44
2450,120,0.3781220413,30347312.0000000000,72
2450,121,0.3778259552,30347312.0000000000,83
2450,122,0.3771544610,30347312.0000000000,90
2450,123,0.3777928197,30347312.0000000000,72
2450,124,0.3759048948,30347312.0000000000,89
2450,125,0.3778603030,30347312.0000000000,65
2450,126,0.3657903051,30347312.0000000000,99
2450,127,0.3764277171,30347312.0000000000,61
2450,128,0.3762887833,30347312.0000000000,87
2450,129,0.3582679362,27355696.0000000000,18
2450,130,0.3586346154,27355696.0000000000,32
2450,131,0.3586917483,27355696.0000000000,31
2450,132,0.3658929789,30347312.0000000000,96
2450,133,0.3776282551,30347312.0000000000,68
2450,134,0.3771110263,30347312.0000000000,66
2450,135,0.3757368863,30347312.0000000000,91
2450,136,0.3776990064,30347312.0000000000,64
2450,137,0.3768626070,30347312.0000000000,73
2450,138,0.3762976219,30347312.0000000000,77
2450,139,0.3774597240,30347312.0000000000,62
2450,140,0.3767584142,30347312.0000000000,84
2450,141,0.3585700750,27355696.0000000000,28
2450,142,0.3574283759,27355696.0000000000,35
2450,143,0.3574466289,27355696.0000000000,36
2450,144,0.3768199659,30347312.0000000000,57
2450,145,0.3770291940,30347312.0000000000,60
2450,146,0.3762966844,30347312.0000000000,87
2450,147,0.3773783001,30347312.0000000000,59
2450,148,0.3775241835,30347312.0000000000,97
2450,149,0.3771864322,30347312.0000000000,76
2450,150,0.3767400781,30347312.0000000000,97
2450,151,0.3777858399,30347312.0000000000,7
2450,152,0.3769595455,30347312.0000000000,71
2450,153,0.3573971550,27355696.0000000000,16
2450,154,0.3573778215,27355696.0000000000,20
2450,155,0.3594298405,27355696.0000000000,17
2450,156,0.3782676999,30347312.0000000000,74
2450,157,0.3769320662,30347312.0000000000,97
2450,158,0.3768587786,30347312.0000000000,88
2450,159,0.3769723337,30347312.0000000000,5
2450,160,0.3765626077,30347312.0000000000,86
2450,161,0.3776132824,30347312.0000000000,92
2450,162,0.3768944142,30347312.0000000000,60
2450,163,0.3773252159,30347312.0000000000,98
2450,164,0.3770487642,30347312.0000000000,76
2450,165,0.3577768068,27355696.0000000000,41
2450,166,0.3591855704,27355696.0000000000,13
2450,167,0.3571719878,27355696.0000000000,51
2450,168,0.3769708712,30347312.0000000000,71
2450,169,0.3776785520,30347312.0000000000,10
2450,170,0.3777808749,30347312.0000000000,92
2450,171,0.3762972714,30347312.0000000000,9
2450,172,0.3769121976,30347312.0000000000,66
2450,173,0.3773248455,30347312.0000000000,59
2450,174,0.3755950283,30347312.0000000000,91
2450,175,0.3778337941,30347312.0000000000,69
2450,176,0.3771433214,30347312.0000000000,70
2450,177,0.3586014909,27355696.0000000000,26
2450,178,0.3576649053,27355696.0000000000,53
2450,179,0.3593163044,27355696.0000000000,29
2450,180,0.3780934788,30347312.0000000000,6
2450,181,0.3772224021,30347312.0000000000,90
2450,182,0.3771634073,30347312.0000000000,63
2450,183,0.3763316695,30347312.0000000000,61
2450,184,0.3771397385,30347312.0000000000,78
2450,185,0.3770230684,30347312.0000000000,75
2450,186,0.3764130576,30347312.0000000000,93
2450,187,0.3776406075,30347312.0000000000,82
2450,188,0.3774830484,30347312.0000000000,3
2450,189,0.3576143671,27355696.0000000000,19
2450,190,0.3567985819,27355696.0000000000,46
2450,191,0.3596595702,27355696.0000000000,42
2450,192,0.3776672900,30347312.0000000000,56
2450,193,0.3766166499,30347312.0000000000,95
2450,194,0.3762383023,30347312.0000000000,93
2450,195,0.3783764162,30347312.0000000000,74
2450,196,0.3775982988,30347312.0000000000,92
2450,197,0.3752358433,30347312.0000000000,94
2450,198,0.3768433793,30347312.0000000000,75
2450,199,0.3772758358,30347312.0000000000,90
2450,200,0.3766081041,30347312.0000000000,84
2450,201,0.3578426746,27355696.0000000000,34
2450,202,0.3588715118,27355696.0000000000,43
2450,203,0.3591223086,27355696.0000000000,24
2450,204,0.3774949981,30347312.0000000000,82
2450,205,0.3771462825,30347312.0000000000,79
2450,206,0.3767361928,30347312.0000000000,75
2450,207,0.3766178266,30347312.0000000000,95
2450,208,0.3778139512,30347312.0000000000,72
2450,209,0.3750638310,30347312.0000000000,94
2450,210,0.3767815364,30347312.0000000000,81
2450,211,0.3770644842,30347312.0000000000,11
2450,212,0.3774895058,30347312.0000000000,56
2450,213,0.3577911223,27355696.0000000000,39
2450,214,0.3578516540,27355696.0000000000,40
2450,215,0.3580172851,27355696.0000000000,15
2450,216,0.3770464616,30347312.0000000000,63
2450,217,0.3773519435,30347312.0000000000,98
2450,218,0.3767791707,30347312.0000000000,85
2450,219,0.3779145046,30347312.0000000000,83
2450,220,0.3770373552,30347312.0000000000,78
2450,221,0.3762936344,30347312.0000000000,93
2450,222,0.3765988483,30347312.0000000000,81
2450,223,0.3765837777,30347312.0000000000,12
2450,224,0.3764822828,30347312.0000000000,86
2450,225,0.3585998444,27355696.0000000000,38
2450,226,0.3577742400,27355696.0000000000,14
2450,227,0.3578385059,27355696.0000000000,23
2450,228,0.3780584529,30347312.0000000000,80
2450,229,0.3770641782,30347312.0000000000,79
2450,230,0.3773368901,30347312.0000000000,1
2450,231,0.3774798654,30347312.0000000000,64
2450,232,0.3778894709,30347312.0000000000,80
2450,233,0.3658673913,30347312.0000000000,96
2450,234,0.3773138971,30347312.0000000000,62
2450,235,0.3773879569,30347312.0000000000,4
2450,236,0.3767687760,30347312.0000000000,2
2450,237,0.3577641520,27355696.0000000000,1
2450,238,0.3569414062,27355696.0000000000,49
2450,239,0.3575299930,27355696.0000000000,47
2450,240,0.3750682276,30347312.0000000000,94
2450,241,0.3770751763,30347312.0000000000,8
2450,242,0.3766758651,30347312.0000000000,84
2450,243,0.3773603694,30347312.0000000000,1
2450,244,0.3768331260,30347312.0000000000,97
2450,245,0.3769554545,30347312.0000000000,85
2450,246,0.3778111599,30347312.0000000000,67
2450,247,0.3754788711,30347312.0000000000,91
2450,248,0.3761394045,30347312.0000000000,58
2450,249,0.3567797257,27355696.0000000000,0
2450,250,0.3568851378,27355696.0000000000,25
2450,251,0.3586973021,27355696.0000000000,45
2450,252,0.3778081146,30347312.0000000000,67
2450,253,0.3658552345,30347312.0000000000,99
2450,254,0.3655590771,30347312.0000000000,99
2450,255,0.3766067060,30347312.0000000000,73
2450,256,0.3775963937,30347312.0000000000,68
2450,257,0.3761512067,30347312.0000000000,89
2450,258,0.3767268071,30347312.0000000000,88
2450,259,0.3759290969,30347312.0000000000,89
2450,260,0.3764318781,30347312.0000000000,77
2450,261,0.3578820360,27355696.0000000000,22
2450,262,0.3597136218,27355696.0000000000,48
2450,263,0.3579732264,27355696.0000000000,27
2450,264,0.3763805292,30347312.0000000000,77
2450,265,0.3766382819,30347312.0000000000,73
2450,266,0.3770673806,30347312.0000000000,70
2450,267,0.3762109611,30347312.0000000000,0
2450,268,0.3761143245,30347312.0000000000,0
2450,269,0.3768689348,30347312.0000000000,78
2450,270,0.3775005382,30347312.0000000000,82
2450,271,0.3778789979,30347312.0000000000,80
2450,272,0.3776657272,30347312.0000000000,69
2450,273,0.3586898036,27355696.0000000000,30
2450,274,0.3583781838,27355696.0000000000,55
2450,275,0.3577570076,27355696.0000000000,50
2500,0,0.0962675380,134501600.0000000000,79
2500,1,0.0918216110,130033920.0000000000,80
2500,2,0.0650482270,103815280.0000000000,78
2500,3,0.0643058550,103254880.0000000000,75
2500,4,0.0644524360,103203568.0000000000,74
2500,5,0.0636611340,103151152.0000000000,72
2500,6,0.0639672070,103114928.0000000000,76
2500,7,0.0643875080,103301872.0000000000,73
2500,8,0.0783783920,115663616.0000000000,77
2500,9,0.1690127400,193524256.0000000000,82
2500,10,0.1715513850,198525056.0000000000,81
2500,11,0.1300988440,162561200.0000000000,83
2500,12,0.2056123600,256895440.0000000000,12
2500,13,0.2091748760,257991312.0000000000,9
2500,14,0.1715958610,222163280.0000000000,33
2500,15,0.1349476580,187202480.0000000000,32
2500,16,0.1210194590,174936720.0000000000,51
2500,17,0.1158751140,171278544.0000000000,47
2500,18,0.1159725300,171316048.0000000000,26
2500,19,0.1278439020,181198128.0000000000,45
2500,20,0.1905764650,238359200.0000000000,19
2500,21,0.1913768050,232851376.0000000000,64
2500,22,0.1560762410,202767456.0000000000,68
2500,23,0.1526850560,200478048.0000000000,71
2500,24,0.1766680340,239941328.0000000000,42
2500,25,0.1771441600,240670336.0000000000,2
2500,26,0.2140944360,271460256.0000000000,18
2500,27,0.2504628400,300907408.0000000000,34
2500,28,0.2666801080,315831168.0000000000,13
2500,29,0.2474877510,304097664.0000000000,15
2500,30,0.2546679310,308407968.0000000000,55
2500,31,0.2624803360,310486656.0000000000,44
2500,32,0.2067124400,264076992.0000000000,36
2500,33,0.1598982390,216179344.0000000000,70
2500,34,0.1596097730,216100592.0000000000,58
2500,35,0.1597559250,215977840.0000000000,66
2500,36,0.1763903120,239944272.0000000000,22
2500,37,0.1765668030,240061904.0000000000,20
2500,38,0.1764879110,240063856.0000000000,6
2500,39,0.1764340660,240061408.0000000000,7
2500,40,0.1769627790,240727680.0000000000,27
2500,41,0.1959491080,258860592.0000000000,17
2500,42,0.1898253090,252909248.0000000000,54
2500,43,0.1763858760,240063040.0000000000,3
2500,44,0.1766705520,240064976.0000000000,29
2500,45,0.1597470160,216100160.0000000000,67
2500,46,0.1599125560,216096624.0000000000,65
2500,47,0.1596868940,215985232.0000000000,59
2500,48,0.1765546850,239950288.0000000000,41
2500,49,0.1764824560,240060832.0000000000,35
2500,50,0.1765178580,240062912.0000000000,4
2500,51,0.1764306880,240064320.0000000000,5
2500,52,0.1765799380,240061440.0000000000,37
2500,53,0.1766717840,240068800.0000000000,8
2500,54,0.1764284720,240060736.0000000000,11
2500,55,0.1763373910,240065312.0000000000,23
2500,56,0.1764301700,240061152.0000000000,21
2500,57,0.1597940500,216100656.0000000000,56
2500,58,0.1596964960,216101200.0000000000,61
2500,59,0.1595610790,215978128.0000000000,57
2500,60,0.1767778260,240693408.0000000000,16
2500,61,0.1768964160,240885040.0000000000,53
2500,62,0.1768596350,240869584.0000000000,24
2500,63,0.1770371790,240883696.0000000000,28
2500,64,0.1771285660,240869136.0000000000,38
2500,65,0.1770425440,240868352.0000000000,14
2500,66,0.1769328370,240873056.0000000000,40
2500,67,0.1770714770,240875744.0000000000,30
2500,68,0.1771367350,240866336.0000000000,48
2500,69,0.1601184190,216824464.0000000000,1
2500,70,0.1603422720,216831632.0000000000,62
2500,71,0.1600029780,216645840.0000000000,63
2500,72,0.1749515890,238252784.0000000000,52
2500,73,0.1754830620,239253920.0000000000,49
2500,74,0.1757013320,239250080.0000000000,39
2500,75,0.1757405520,239257472.0000000000,43
2500,76,0.1754596110,239245056.0000000000,25
2500,77,0.1756325240,239256864.0000000000,50
2500,78,0.1753956670,239244800.0000000000,46
2500,79,0.1754739540,239273120.0000000000,10
2500,80,0.1757354900,239279248.0000000000,31
2500,81,0.1590226800,215356976.0000000000,69
2500,82,0.1588753530,215359184.0000000000,60
2500,83,0.1583119060,214392640.0000000000,0
2500,84,0.0595824690,89529760.0000000000,92
2500,85,0.0595195080,89828704.0000000000,84
2500,86,0.0596127730,89832032.0000000000,89
2500,87,0.0594819560,89815744.0000000000,88
2500,88,0.0595557060,89823712.0000000000,85
2500,89,0.0595218640,89831728.0000000000,90
2500,90,0.0595287840,89824816.0000000000,87
2500,91,0.0595007580,89827280.0000000000,86
2500,92,0.0595135320,89825632.0000000000,91
2500,93,0.0554886000,80865440.0000000000,93
2500,94,0.0554854830,80896208.0000000000,94
2500,95,0.0545503950,80588096.0000000000,95
2500,96,0.0115260120,30347312.0000000000,88
2500,97,0.0115404150,30347312.0000000000,76
2500,98,0.0115143610,30347312.0000000000,87
2500,99,0.0115267760,30347312.0000000000,86
2500,100,0.0112411210,30347312.0000000000,96
2500,101,0.0115809990,30347312.0000000000,98
2500,102,0.0115675710,30347312.0000000000,83
2500,103,0.0115633440,30347312.0000000000,98
2500,104,0.0115549690,30347312.0000000000,85
2500,105,0.0109542870,27355696.0000000000,37
2500,106,0.0109521180,27355696.0000000000,21
2500,107,0.0109492070,27355696.0000000000,54
2500,108,0.0115434510,30347312.0000000000,79
2500,109,0.0115744860,30347312.0000000000,74
2500,110,0.0115752430,30347312.0000000000,65
2500,111,0.0115182970,30347312.0000000000,58
2500,112,0.0112291990,30347312.0000000000,99
2500,113,0.0115279840,30347312.0000000000,81
2500,114,0.0115386070,30347312.0000000000,95
2500,115,0.0112177650,30347312.0000000000,96
2500,116,0.0115412820,30347312.0000000000,57
2500,117,0.0109509380,27355696.0000000000,33
2500,118,0.0109986320,27355696.0000000000,52
2500,119,0.0109600590,27355696.0000000000,44
2500,120,0.0115710680,30347312.0000000000,72
2500,121,0.0115744660,30347312.0000000000,83
2500,122,0.0115262300,30347312.0000000000,90
2500,123,0.0115657980,30347312.0000000000,72
2500,124,0.0114932090,30347312.0000000000,89
2500,125,0.0115406560,30347312.0000000000,65
2500,126,0.0111742620,30347312.0000000000,99
2500,127,0.0115070190,30347312.0000000000,61
2500,128,0.0115221950,30347312.0000000000,87
2500,129,0.0109800000,27355696.0000000000,18
2500,130,0.0109791740,27355696.0000000000,32
2500,131,0.0109916000,27355696.0000000000,31
2500,132,0.0111969580,30347312.0000000000,96
2500,133,0.0115648450,30347312.0000000000,68
2500,134,0.0115385210,30347312.0000000000,66
2500,135,0.0115105130,30347312.0000000000,91
2500,136,0.0115529280,30347312.0000000000,64
2500,137,0.0115506890,30347312.0000000000,73
2500,138,0.0115115100,30347312.0000000000,77
2500,139,0.0115318160,30347312.0000000000,62
2500,140,0.0115367830,30347312.0000000000,84
2500,141,0.0109671920,27355696.0000000000,28
2500,142,0.0109310990,27355696.0000000000,35
2500,143,0.0109335770,27355696.0000000000,36
2500,144,0.0115447300,30347312.0000000000,57
2500,145,0.0115371130,30347312.0000000000,60
2500,146,0.0115092190,30347312.0000000000,87
2500,147,0.0115354010,30347312.0000000000,59
2500,148,0.0115419230,30347312.0000000000,97
2500,149,0.0115312060,30347312.0000000000,76
2500,150,0.0115295280,30347312.0000000000,97
2500,151,0.0115475010,30347312.0000000000,7
2500,152,0.0115262100,30347312.0000000000,71
2500,153,0.0109455110,27355696.0000000000,16
2500,154,0.0109510640,27355696.0000000000,20
2500,155,0.0110225910,27355696.0000000000,17
2500,156,0.0115694960,30347312.0000000000,74
2500,157,0.0115348590,30347312.0000000000,97
2500,158,0.0115328640,30347312.0000000000,88
2500,159,0.0115515480,30347312.0000000000,5
2500,160,0.0115462910,30347312.0000000000,86
2500,161,0.0115766490,30347312.0000000000,92
2500,162,0.0115351510,30347312.0000000000,60
2500,163,0.0115500300,30347312.0000000000,98
2500,164,0.0115739320,30347312.0000000000,76
2500,165,0.0109409620,27355696.0000000000,41
2500,166,0.0109773060,27355696.0000000000,13
2500,167,0.0109149070,27355696.0000000000,51
2500,168,0.0115189860,30347312.0000000000,71
2500,169,0.0115499830,30347312.0000000000,10
2500,170,0.0115622310,30347312.0000000000,92
2500,171,0.0115069400,30347312.0000000000,9
2500,172,0.0115448330,30347312.0000000000,66
2500,173,0.0115451200,30347312.0000000000,59
2500,174,0.0114898820,30347312.0000000000,91
2500,175,0.0115973950,30347312.0000000000,69
2500,176,0.0115355680,30347312.0000000000,70
2500,177,0.0109926190,27355696.0000000000,26
2500,178,0.0109494700,27355696.0000000000,53
2500,179,0.0109951780,27355696.0000000000,29
2500,180,0.0115722990,30347312.0000000000,6
2500,181,0.0115547680,30347312.0000000000,90
2500,182,0.0115363130,30347312.0000000000,63
2500,183,0.0115084780,30347312.0000000000,61
2500,184,0.0115282520,30347312.0000000000,78
2500,185,0.0115225430,30347312.0000000000,75
2500,186,0.0115286690,30347312.0000000000,93
2500,187,0.0115553370,30347312.0000000000,82
2500,188,0.0115345780,30347312.0000000000,3
2500,189,0.0109501210,27355696.0000000000,19
2500,190,0.0109293910,27355696.0000000000,46
2500,191,0.0110185410,27355696.0000000000,42
2500,192,0.0115587260,30347312.0000000000,56
2500,193,0.0115335360,30347312.0000000000,95
2500,194,0.0115050220,30347312.0000000000,93
2500,195,0.0115726830,30347312.0000000000,74
2500,196,0.0115632150,30347312.0000000000,92
2500,197,0.0114945820,30347312.0000000000,94
2500,198,0.0115419920,30347312.0000000000,75
2500,199,0.0115330660,30347312.0000000000,90
2500,200,0.0115075260,30347312.0000000000,84
2500,201,0.0109557160,27355696.0000000000,34
2500,202,0.0110034230,27355696.0000000000,43
2500,203,0.0109402450,27355696.0000000000,24
2500,204,0.0115927410,30347312.0000000000,82
2500,205,0.0115402450,30347312.0000000000,79
2500,206,0.0115101310,30347312.0000000000,75
2500,207,0.0115207040,30347312.0000000000,95
2500,208,0.0115442880,30347312.0000000000,72
2500,209,0.0114734820,30347312.0000000000,94
2500,210,0.0115236760,30347312.0000000000,81
2500,211,0.0115408460,30347312.0000000000,11
2500,212,0.0115677830,30347312.0000000000,56
2500,213,0.0109589550,27355696.0000000000,39
2500,214,0.0109532350,27355696.0000000000,40
2500,215,0.0109516060,27355696.0000000000,15
2500,216,0.0115221750,30347312.0000000000,63
2500,217,0.0115518340,30347312.0000000000,98
2500,218,0.0115411020,30347312.0000000000,85
2500,219,0.0115745840,30347312.0000000000,83
2500,220,0.0115321200,30347312.0000000000,78
2500,221,0.0114963750,30347312.0000000000,93
2500,222,0.0115283860,30347312.0000000000,81
2500,223,0.0115350420,30347312.0000000000,12
2500,224,0.0115330660,30347312.0000000000,86
2500,225,0.0109751170,27355696.0000000000,38
2500,226,0.0109414870,27355696.0000000000,14
2500,227,0.0109327600,27355696.0000000000,23
2500,228,0.0115674410,30347312.0000000000,80
2500,229,0.0115344750,30347312.0000000000,79
2500,230,0.0115619390,30347312.0000000000,1
2500,231,0.0115629290,30347312.0000000000,64
2500,232,0.0115637850,30347312.0000000000,80
2500,233,0.0111956750,30347312.0000000000,96
2500,234,0.0115470560,30347312.0000000000,62
2500,235,0.0115462190,30347312.0000000000,4
2500,236,0.0115503880,30347312.0000000000,2
2500,237,0.0109496860,27355696.0000000000,1
2500,238,0.0109452260,27355696.0000000000,49
2500,239,0.0109580770,27355696.0000000000,47
2500,240,0.0114733900,30347312.0000000000,94
2500,241,0.0115228700,30347312.0000000000,8
2500,242,0.0115425280,30347312.0000000000,84
2500,243,0.0115447880,30347312.0000000000,1
2500,244,0.0115373450,30347312.0000000000,97
2500,245,0.0115259120,30347312.0000000000,85
2500,246,0.0115777460,30347312.0000000000,67
2500,247,0.0115143190,30347312.0000000000,91
2500,248,0.0114934490,30347312.0000000000,58
2500,249,0.0109141980,27355696.0000000000,0
2500,250,0.0109511960,27355696.0000000000,25
2500,251,0.0109732660,27355696.0000000000,45
2500,252,0.0115790600,30347312.0000000000,67
2500,253,0.0111905760,30347312.0000000000,99
2500,254,0.0111729280,30347312.0000000000,99
2500,255,0.0115317420,30347312.0000000000,73
2500,256,0.0115490240,30347312.0000000000,68
2500,257,0.0115276340,30347312.0000000000,89
2500,258,0.0115363130,30347312.0000000000,88
2500,259,0.0115069210,30347312.0000000000,89
2500,260,0.0115545320,30347312.0000000000,77
2500,261,0.0109735790,27355696.0000000000,22
2500,262,0.0109910340,27355696.0000000000,48
2500,263,0.0109649430,27355696.0000000000,27
2500,264,0.0115103170,30347312.0000000000,77
2500,265,0.0115018450,30347312.0000000000,73
2500,266,0.0115480320,30347312.0000000000,70
2500,267,0.0114939720,30347312.0000000000,0
2500,268,0.0115347000,30347312.0000000000,0
2500,269,0.0115343050,30347312.0000000000,78
2500,270,0.0115490870,30347312.0000000000,82
2500,271,0.0115578640,30347312.0000000000,80
2500,272,0.0115565570,30347312.0000000000,69
2500,273,0.0109978310,27355696.0000000000,30
2500,274,0.0109517810,27355696.0000000000,55
2500,275,0.0109455660,27355696.0000000000,50
