0,0,0.1443514860,332236336.0000000000,9
0,1,0.0852277640,332569648.0000000000,9
0,2,0.1455807850,332569648.0000000000,10
0,3,0.1447321820,332236336.0000000000,11
0,4,0.0841661350,332236336.0000000000,11
0,5,0.1502688090,332569648.0000000000,15
0,6,0.0844747260,332236336.0000000000,15
0,7,0.1382656610,332236336.0000000000,16
0,8,0.1385082400,332236336.0000000000,17
0,9,0.0922076390,436509232.0000000000,9
0,10,0.0932624010,436967984.0000000000,9
0,11,0.0932630220,436967984.0000000000,10
0,12,0.0922764520,436509232.0000000000,11
0,13,0.1521561160,436509232.0000000000,12
0,14,0.0933234770,436967984.0000000000,15
0,15,0.0923589820,436509232.0000000000,16
0,16,0.0923361980,436509232.0000000000,16
0,17,0.0921964550,436509232.0000000000,17
0,18,0.0894237690,436509232.0000000000,10
0,19,0.0904394180,436967984.0000000000,10
0,20,0.0903852530,436967984.0000000000,11
0,21,0.0894694140,436509232.0000000000,12
0,22,0.0895102530,436509232.0000000000,12
0,23,0.0904590530,436967984.0000000000,16
0,24,0.0892874450,436509232.0000000000,17
0,25,0.0893729200,436509232.0000000000,17
0,26,0.1479928940,436509232.0000000000,0
0,27,0.0894273440,436509232.0000000000,12
0,28,0.1498238910,436967984.0000000000,13
0,29,0.0904936620,436967984.0000000000,13
0,30,0.1489913020,436509232.0000000000,14
0,31,0.0893941280,436509232.0000000000,14
0,32,0.0903935790,436967984.0000000000,0
0,33,0.0893750950,436509232.0000000000,0
0,34,0.0894145450,436509232.0000000000,0
0,35,0.1426532810,436509232.0000000000,18
0,36,0.0965699190,436509232.0000000000,13
0,37,0.0978171590,436967984.0000000000,13
0,38,0.0978384690,436967984.0000000000,14
0,39,0.0966190240,436509232.0000000000,14
0,40,0.0967039780,436509232.0000000000,15
0,41,0.0977712620,436967984.0000000000,0
0,42,0.0966245860,436509232.0000000000,18
0,43,0.0966119730,436509232.0000000000,18
0,44,0.0965539920,436509232.0000000000,18
0,45,0.1137538660,132356656.0000000000,19
0,46,0.0548616150,132449840.0000000000,19
0,47,0.0547263930,132449840.0000000000,19
0,48,0.1119767570,132356656.0000000000,20
0,49,0.0545177550,132356656.0000000000,20
0,50,0.1085303220,132449840.0000000000,25
0,51,0.0546983490,132356656.0000000000,25
0,52,0.0550062670,132356656.0000000000,25
0,53,0.1151800930,132356656.0000000000,1
0,54,0.0411322510,54827568.0000000000,19
0,55,0.0410488590,54827568.0000000000,20
0,56,0.0411066200,54827568.0000000000,20
0,57,0.1047276910,54827568.0000000000,21
0,58,0.0410454340,54827568.0000000000,21
0,59,0.0413489370,54827568.0000000000,1
0,60,0.0411128200,54827568.0000000000,1
0,61,0.0411242420,54827568.0000000000,1
0,62,0.0411671030,54827568.0000000000,1
0,63,0.0410741760,54827568.0000000000,21
0,64,0.0410862290,54827568.0000000000,21
0,65,0.1038003790,54827568.0000000000,22
0,66,0.1049727660,54827568.0000000000,23
0,67,0.1015973180,54827568.0000000000,24
0,68,0.1013895460,54827568.0000000000,26
0,69,0.0412227260,54827568.0000000000,26
0,70,0.0411197680,54827568.0000000000,26
0,71,0.1122037750,54827568.0000000000,28
0,72,0.0411076520,54827568.0000000000,22
0,73,0.0411316390,54827568.0000000000,22
0,74,0.0412642130,54827568.0000000000,23
0,75,0.0410840060,54827568.0000000000,24
0,76,0.0411346560,54827568.0000000000,24
0,77,0.0410301070,54827568.0000000000,26
0,78,0.1019114460,54827568.0000000000,27
0,79,0.0413530710,54827568.0000000000,27
0,80,0.0411160640,54827568.0000000000,28
0,81,0.0412266720,54827568.0000000000,22
0,82,0.0413726630,54827568.0000000000,23
0,83,0.0412528730,54827568.0000000000,23
0,84,0.0412715720,54827568.0000000000,24
0,85,0.0412743590,54827568.0000000000,25
0,86,0.0414595350,54827568.0000000000,27
0,87,0.0413462000,54827568.0000000000,27
0,88,0.0412523370,54827568.0000000000,28
0,89,0.0412286330,54827568.0000000000,28
0,90,0.1112491640,54827568.0000000000,29
0,91,0.0412272120,54827568.0000000000,29
0,92,0.0412538040,54827568.0000000000,29
0,93,0.1117710760,54827568.0000000000,30
0,94,0.0413025840,54827568.0000000000,30
0,95,0.1067683260,54827568.0000000000,34
0,96,0.1013125570,54827568.0000000000,32
0,97,0.0411628120,54827568.0000000000,32
0,98,0.1011042920,54827568.0000000000,33
0,99,0.0411223270,54827568.0000000000,29
0,100,0.0413199050,54827568.0000000000,30
0,101,0.0412236830,54827568.0000000000,30
0,102,0.1114943000,54827568.0000000000,31
0,103,0.0411649120,54827568.0000000000,31
0,104,0.0412415650,54827568.0000000000,32
0,105,0.0411274770,54827568.0000000000,32
0,106,0.0411372350,54827568.0000000000,33
0,107,0.0411706460,54827568.0000000000,33
0,108,0.0411756310,54827568.0000000000,31
0,109,0.0410613080,54827568.0000000000,31
0,110,0.1098651630,54827568.0000000000,2
0,111,0.0412898020,54827568.0000000000,2
0,112,0.0410797230,54827568.0000000000,34
0,113,0.0411707680,54827568.0000000000,33
0,114,0.1079412000,54827568.0000000000,3
0,115,0.0412190850,54827568.0000000000,3
0,116,0.1037807330,54827568.0000000000,4
0,117,0.0357946530,47074864.0000000000,2
0,118,0.0356926240,47074864.0000000000,2
0,119,0.0356493320,47074864.0000000000,2
0,120,0.0355999460,47074864.0000000000,34
0,121,0.0355686270,47074864.0000000000,34
0,122,0.0357258980,47074864.0000000000,3
0,123,0.0357354880,47074864.0000000000,3
0,124,0.0356398260,47074864.0000000000,3
0,125,0.0357740500,47074864.0000000000,4
0,126,0.0357263480,47074864.0000000000,4
0,127,0.0357294540,47074864.0000000000,4
0,128,0.1015908010,47074864.0000000000,35
0,129,0.1011908540,47074864.0000000000,5
0,130,0.0358501860,47074864.0000000000,5
0,131,0.1017691260,47074864.0000000000,6
0,132,0.0357066590,47074864.0000000000,6
0,133,0.1009303020,47074864.0000000000,7
0,134,0.0976891260,47074864.0000000000,8
0,135,0.0356772940,47074864.0000000000,4
0,136,0.0355406050,47074864.0000000000,35
0,137,0.0356587710,47074864.0000000000,35
0,138,0.0356701300,47074864.0000000000,5
0,139,0.0356220640,47074864.0000000000,6
0,140,0.0357154280,47074864.0000000000,7
0,141,0.0356542570,47074864.0000000000,7
0,142,0.0356449790,47074864.0000000000,7
0,143,0.0357768200,47074864.0000000000,8
0,144,0.0355436990,47074864.0000000000,35
0,145,0.0357631460,47074864.0000000000,5
0,146,0.0356896480,47074864.0000000000,5
0,147,0.0356838560,47074864.0000000000,6
0,148,0.0355881500,47074864.0000000000,6
0,149,0.0355632620,47074864.0000000000,7
0,150,0.0357514390,47074864.0000000000,8
0,151,0.0357305810,47074864.0000000000,8
0,152,0.0356231500,47074864.0000000000,8
50,0,7.5989250481,332010288.0000000000,9
50,1,7.5661333094,332021120.0000000000,9
50,2,7.6018175576,332021152.0000000000,10
50,3,7.6064183377,332022224.0000000000,11
50,4,7.5739944327,332026480.0000000000,11
50,5,7.6085815429,332025440.0000000000,15
50,6,7.5728618146,332029504.0000000000,15
50,7,7.6098287828,332027856.0000000000,16
50,8,7.6033227880,332009840.0000000000,17
50,9,10.0644346313,436492144.0000000000,9
50,10,10.0660713789,436508240.0000000000,9
50,11,10.0676963270,436506816.0000000000,10
50,12,10.0697920189,436511472.0000000000,11
50,13,10.1067638994,436510560.0000000000,12
50,14,10.0695878155,436511392.0000000000,15
50,15,10.0707863180,436507280.0000000000,16
50,16,10.0708406039,436510512.0000000000,16
50,17,10.0681659533,436490800.0000000000,17
50,18,10.0643966476,436491088.0000000000,10
50,19,10.0661596746,436505680.0000000000,10
50,20,10.0667858463,436515248.0000000000,11
50,21,10.0727831096,436510224.0000000000,12
50,22,10.0715331875,436508800.0000000000,12
50,23,10.0690401583,436507472.0000000000,16
50,24,10.0663110976,436510848.0000000000,17
50,25,10.0651730617,436509552.0000000000,17
50,26,10.0965183735,436493552.0000000000,0
50,27,10.0721335111,436494160.0000000000,12
50,28,10.1011086564,436513680.0000000000,13
50,29,10.0703703960,436506640.0000000000,13
50,30,10.1011793109,436510576.0000000000,14
50,31,10.0688750275,436508816.0000000000,14
50,32,10.0685526345,436512464.0000000000,0
50,33,10.0676528343,436508176.0000000000,0
50,34,10.0678834117,436511360.0000000000,0
50,35,10.0920204561,436493472.0000000000,18
50,36,10.0754034165,436487312.0000000000,13
50,37,10.0752087968,436507312.0000000000,13
50,38,10.0755952017,436514160.0000000000,14
50,39,10.0738416168,436511952.0000000000,14
50,40,10.0717071964,436510240.0000000000,15
50,41,10.0736487507,436508096.0000000000,0
50,42,10.0705365153,436511792.0000000000,18
50,43,10.0696337832,436507216.0000000000,18
50,44,10.0708824101,436493376.0000000000,18
50,45,2.6444308968,132139696.0000000000,19
50,46,2.6175553352,132145392.0000000000,19
50,47,2.6172571490,132142976.0000000000,19
50,48,2.6461868166,132143632.0000000000,20
50,49,2.6170548695,132144576.0000000000,20
50,50,2.6423486281,132145904.0000000000,25
50,51,2.6156239818,132143952.0000000000,25
50,52,2.6152167968,132146128.0000000000,25
50,53,2.6448055668,132139280.0000000000,1
50,54,0.6711359366,54827568.0000000000,19
50,55,0.6716072954,54827568.0000000000,20
50,56,0.6712538895,54827568.0000000000,20
50,57,0.6831234210,54827568.0000000000,21
50,58,0.6558795280,54827568.0000000000,21
50,59,0.6716544343,54827568.0000000000,1
50,60,0.6713416042,54827568.0000000000,1
50,61,0.6713236993,54827568.0000000000,1
50,62,0.6711658188,54827568.0000000000,1
50,63,0.6560586815,54827568.0000000000,21
50,64,0.6558083554,54827568.0000000000,21
50,65,0.6825047608,54827568.0000000000,22
50,66,0.6839866955,54827568.0000000000,23
50,67,0.6830882411,54827568.0000000000,24
50,68,0.6824195199,54827568.0000000000,26
50,69,0.6563507080,54827568.0000000000,26
50,70,0.6561059031,54827568.0000000000,26
50,71,0.6858668404,54827568.0000000000,28
50,72,0.6559914422,54827568.0000000000,22
50,73,0.6564034518,54827568.0000000000,22
50,74,0.6567350569,54827568.0000000000,23
50,75,0.6567067585,54827568.0000000000,24
50,76,0.6570878244,54827568.0000000000,24
50,77,0.6559041213,54827568.0000000000,26
50,78,0.6855139705,54827568.0000000000,27
50,79,0.6593670149,54827568.0000000000,27
50,80,0.6562334327,54827568.0000000000,28
50,81,0.6554188435,54827568.0000000000,22
50,82,0.6567282983,54827568.0000000000,23
50,83,0.6562455739,54827568.0000000000,23
50,84,0.6568859046,54827568.0000000000,24
50,85,0.6694552238,54827568.0000000000,25
50,86,0.6595233933,54827568.0000000000,27
50,87,0.6589653627,54827568.0000000000,27
50,88,0.6564227838,54827568.0000000000,28
50,89,0.6561089156,54827568.0000000000,28
50,90,0.6866760851,54827568.0000000000,29
50,91,0.6572070415,54827568.0000000000,29
50,92,0.6568981166,54827568.0000000000,29
50,93,0.6870957011,54827568.0000000000,30
50,94,0.6569446359,54827568.0000000000,30
50,95,0.6832693374,54827568.0000000000,34
50,96,0.6820684820,54827568.0000000000,32
50,97,0.6558977232,54827568.0000000000,32
50,98,0.6826837990,54827568.0000000000,33
50,99,0.6569140398,54827568.0000000000,29
50,100,0.6568141508,54827568.0000000000,30
50,101,0.6566869588,54827568.0000000000,30
50,102,0.6860319795,54827568.0000000000,31
50,103,0.6567229813,54827568.0000000000,31
50,104,0.6560309929,54827568.0000000000,32
50,105,0.6559416219,54827568.0000000000,32
50,106,0.6570577528,54827568.0000000000,33
50,107,0.6564235770,54827568.0000000000,33
50,108,0.6561974509,54827568.0000000000,31
50,109,0.6565665130,54827568.0000000000,31
50,110,0.6868090593,54827568.0000000000,2
50,111,0.6577485259,54827568.0000000000,2
50,112,0.6558720274,54827568.0000000000,34
50,113,0.6564149910,54827568.0000000000,33
50,114,0.6862807510,54827568.0000000000,3
50,115,0.6576135792,54827568.0000000000,3
50,116,0.6844719908,54827568.0000000000,4
50,117,0.5692550007,47074864.0000000000,2
50,118,0.5691479866,47074864.0000000000,2
50,119,0.5689910789,47074864.0000000000,2
50,120,0.5674786829,47074864.0000000000,34
50,121,0.5673756203,47074864.0000000000,34
50,122,0.5700388985,47074864.0000000000,3
50,123,0.5699326090,47074864.0000000000,3
50,124,0.5699820295,47074864.0000000000,3
50,125,0.5698215010,47074864.0000000000,4
50,126,0.5695591705,47074864.0000000000,4
50,127,0.5693152596,47074864.0000000000,4
50,128,0.5955937436,47074864.0000000000,35
50,129,0.5983237340,47074864.0000000000,5
50,130,0.5706529411,47074864.0000000000,5
50,131,0.5965027638,47074864.0000000000,6
50,132,0.5684011661,47074864.0000000000,6
50,133,0.5968348947,47074864.0000000000,7
50,134,0.5949772913,47074864.0000000000,8
50,135,0.5693748083,47074864.0000000000,4
50,136,0.5674523435,47074864.0000000000,35
50,137,0.5673116022,47074864.0000000000,35
50,138,0.5701621856,47074864.0000000000,5
50,139,0.5680738323,47074864.0000000000,6
50,140,0.5691877931,47074864.0000000000,7
50,141,0.5688951917,47074864.0000000000,7
50,142,0.5689819438,47074864.0000000000,7
50,143,0.5684805710,47074864.0000000000,8
50,144,0.5672103801,47074864.0000000000,35
50,145,0.5702139196,47074864.0000000000,5
50,146,0.5701785317,47074864.0000000000,5
50,147,0.5682134668,47074864.0000000000,6
50,148,0.5678862115,47074864.0000000000,6
50,149,0.5690209312,47074864.0000000000,7
50,150,0.5682272434,47074864.0000000000,8
50,151,0.5682546882,47074864.0000000000,8
50,152,0.5680128408,47074864.0000000000,8
100,0,0.3514814570,331965152.0000000000,7
100,1,0.2901251540,331991600.0000000000,8
100,2,0.2961925670,331986240.0000000000,3
100,3,0.2593169630,331993632.0000000000,0
100,4,0.2969155870,332028832.0000000000,2
100,5,0.2598258580,332050784.0000000000,1
100,6,0.3513310870,332063216.0000000000,5
100,7,0.3515365860,332056720.0000000000,4
100,8,0.3522274950,332001504.0000000000,6
100,9,0.3255138780,436458208.0000000000,1
100,10,0.3262942830,436510912.0000000000,3
100,11,0.4077612280,436511264.0000000000,29
100,12,0.3752923000,436504064.0000000000,32
100,13,0.3654655140,436508784.0000000000,24
100,14,0.4080047400,436508752.0000000000,28
100,15,0.3256111230,436506640.0000000000,15
100,16,0.3369991180,436506880.0000000000,35
100,17,0.3256201270,436462000.0000000000,6
100,18,0.3255606510,436461264.0000000000,0
100,19,0.3257787350,436508288.0000000000,4
100,20,0.3259956180,436506768.0000000000,7
100,21,0.3258919860,436506976.0000000000,14
100,22,0.3255800450,436510240.0000000000,9
100,23,0.3725554960,436506672.0000000000,34
100,24,0.3259641060,436510800.0000000000,5
100,25,0.3258986060,436511024.0000000000,2
100,26,0.3690596070,436464544.0000000000,23
100,27,0.3257693120,436465248.0000000000,16
100,28,0.3179135100,436508240.0000000000,13
100,29,0.3257336040,436511040.0000000000,10
100,30,0.3255470420,436508560.0000000000,18
100,31,0.3259023850,436512384.0000000000,12
100,32,0.4075696180,436510848.0000000000,30
100,33,0.3633577130,436508480.0000000000,27
100,34,0.3256510370,436509232.0000000000,8
100,35,0.3257030340,436461712.0000000000,19
100,36,0.3258685750,436451168.0000000000,25
100,37,0.3676736300,436507888.0000000000,26
100,38,0.3258917970,436513168.0000000000,17
100,39,0.3639297030,436509520.0000000000,21
100,40,0.3259491610,436506208.0000000000,11
100,41,0.3260918490,436509536.0000000000,20
100,42,0.3689570300,436512544.0000000000,22
100,43,0.4074533040,436503952.0000000000,31
100,44,0.3730183810,436455264.0000000000,33
100,45,0.0837344520,132132704.0000000000,28
100,46,0.0838536720,132145120.0000000000,34
100,47,0.0837655620,132141984.0000000000,31
100,48,0.0838003420,132142432.0000000000,27
100,49,0.0837613320,132147584.0000000000,32
100,50,0.0837911190,132144448.0000000000,30
100,51,0.0838298540,132144448.0000000000,33
100,52,0.0836882690,132145680.0000000000,35
100,53,0.0837117660,132132464.0000000000,29
100,54,0.0206140930,54827568.0000000000,16
100,55,0.0206789160,54827568.0000000000,10
100,56,0.0206165760,54827568.0000000000,11
100,57,0.0205495400,54827568.0000000000,25
100,58,0.0205992910,54827568.0000000000,13
100,59,0.0205703050,54827568.0000000000,15
100,60,0.0206280870,54827568.0000000000,9
100,61,0.0206220400,54827568.0000000000,22
100,62,0.0206441790,54827568.0000000000,12
100,63,0.0206048810,54827568.0000000000,15
100,64,0.0206144110,54827568.0000000000,14
100,65,0.0206683310,54827568.0000000000,21
100,66,0.0206415050,54827568.0000000000,18
100,67,0.0206596640,54827568.0000000000,20
100,68,0.0206427180,54827568.0000000000,19
100,69,0.0206124860,54827568.0000000000,12
100,70,0.0206481920,54827568.0000000000,23
100,71,0.0205939090,54827568.0000000000,13
100,72,0.0206165930,54827568.0000000000,10
100,73,0.0206451430,54827568.0000000000,16
100,74,0.0206268910,54827568.0000000000,14
100,75,0.0205839600,54827568.0000000000,11
100,76,0.0206043710,54827568.0000000000,13
100,77,0.0205782260,54827568.0000000000,24
100,78,0.0206467480,54827568.0000000000,20
100,79,0.0206944130,54827568.0000000000,14
100,80,0.0206450450,54827568.0000000000,20
100,81,0.0206373640,54827568.0000000000,12
100,82,0.0206559390,54827568.0000000000,13
100,83,0.0205890230,54827568.0000000000,18
100,84,0.0206123260,54827568.0000000000,9
100,85,0.0206147080,54827568.0000000000,14
100,86,0.0205799290,54827568.0000000000,22
100,87,0.0206467940,54827568.0000000000,17
100,88,0.0205529640,54827568.0000000000,17
100,89,0.0206506310,54827568.0000000000,11
100,90,0.0205409150,54827568.0000000000,25
100,91,0.0205968590,54827568.0000000000,16
100,92,0.0206470100,54827568.0000000000,24
100,93,0.0205856810,54827568.0000000000,21
100,94,0.0206607200,54827568.0000000000,10
100,95,0.0206124220,54827568.0000000000,23
100,96,0.0205978750,54827568.0000000000,26
100,97,0.0205801800,54827568.0000000000,21
100,98,0.0205796560,54827568.0000000000,24
100,99,0.0205925280,54827568.0000000000,15
100,100,0.0206044920,54827568.0000000000,9
100,101,0.0206249610,54827568.0000000000,11
100,102,0.0205715230,54827568.0000000000,26
100,103,0.0205776830,54827568.0000000000,16
100,104,0.0206339230,54827568.0000000000,26
100,105,0.0206613710,54827568.0000000000,9
100,106,0.0206053840,54827568.0000000000,10
100,107,0.0205411220,54827568.0000000000,18
100,108,0.0206087140,54827568.0000000000,25
100,109,0.0206436300,54827568.0000000000,19
100,110,0.0206501260,54827568.0000000000,23
100,111,0.0206308320,54827568.0000000000,15
100,112,0.0206134630,54827568.0000000000,17
100,113,0.0206013320,54827568.0000000000,22
100,114,0.0206637000,54827568.0000000000,19
100,115,0.0206220250,54827568.0000000000,12
100,116,0.0205795960,54827568.0000000000,17
100,117,0.0178601090,47074864.0000000000,29
100,118,0.0179085830,47074864.0000000000,28
100,119,0.0178106530,47074864.0000000000,23
100,120,0.0178233290,47074864.0000000000,16
100,121,0.0177910190,47074864.0000000000,17
100,122,0.0178750820,47074864.0000000000,35
100,123,0.0178385090,47074864.0000000000,33
100,124,0.0178351960,47074864.0000000000,34
100,125,0.0178024180,47074864.0000000000,31
100,126,0.0178555410,47074864.0000000000,32
100,127,0.0178326380,47074864.0000000000,27
100,128,0.0177788100,47074864.0000000000,21
100,129,0.0178185200,47074864.0000000000,18
100,130,0.0178709600,47074864.0000000000,23
100,131,0.0178615840,47074864.0000000000,19
100,132,0.0177792520,47074864.0000000000,21
100,133,0.0178259530,47074864.0000000000,22
100,134,0.0178535540,47074864.0000000000,20
100,135,0.0178967390,47074864.0000000000,30
100,136,0.0178178780,47074864.0000000000,15
100,137,0.0178658220,47074864.0000000000,13
100,138,0.0178019190,47074864.0000000000,25
100,139,0.0178050260,47074864.0000000000,10
100,140,0.0177809180,47074864.0000000000,26
100,141,0.0178093890,47074864.0000000000,22
100,142,0.0178002860,47074864.0000000000,25
100,143,0.0178390670,47074864.0000000000,20
100,144,0.0178515240,47074864.0000000000,14
100,145,0.0178115380,47074864.0000000000,26
100,146,0.0178484080,47074864.0000000000,24
100,147,0.0178235920,47074864.0000000000,18
100,148,0.0178039350,47074864.0000000000,11
100,149,0.0177797960,47074864.0000000000,24
100,150,0.0178407450,47074864.0000000000,19
100,151,0.0178101680,47074864.0000000000,9
100,152,0.0178134220,47074864.0000000000,12
150,0,7.7517202287,331900896.0000000000,7
150,1,7.7525886433,331919040.0000000000,8
150,2,7.7990917646,331893136.0000000000,3
150,3,7.7993414707,331936752.0000000000,0
150,4,7.8276421907,332028992.0000000000,2
150,5,7.8036720595,332125824.0000000000,1
150,6,7.8218311618,332187536.0000000000,5
150,7,7.7789969960,332163568.0000000000,4
150,8,7.7493405690,332032192.0000000000,6
150,9,10.2252066022,436441488.0000000000,1
150,10,10.2401298967,436510016.0000000000,3
150,11,10.2584188906,436516512.0000000000,29
150,12,10.2463761833,436502064.0000000000,32
150,13,10.2392246759,436511024.0000000000,24
150,14,10.2591421198,436510496.0000000000,28
150,15,10.2267771400,436506112.0000000000,15
150,16,10.2289090300,436509568.0000000000,35
150,17,10.2259453655,436443376.0000000000,6
150,18,10.2252006522,436447168.0000000000,0
150,19,10.2317342730,436511088.0000000000,4
150,20,10.2335583653,436506736.0000000000,7
150,21,10.2330737325,436509344.0000000000,14
150,22,10.2239057493,436509584.0000000000,9
150,23,10.2409460362,436507952.0000000000,34
150,24,10.2389648802,436509280.0000000000,5
150,25,10.2347941176,436513312.0000000000,2
150,26,10.2439337169,436452192.0000000000,23
150,27,10.2279020614,436449472.0000000000,16
150,28,10.2287892312,436511136.0000000000,13
150,29,10.2261649530,436511920.0000000000,10
150,30,10.2241318448,436508976.0000000000,18
150,31,10.2318078642,436511024.0000000000,12
150,32,10.2576969118,436511440.0000000000,30
150,33,10.2426516726,436508800.0000000000,27
150,34,10.2251600999,436511136.0000000000,8
150,35,10.2261022173,436453872.0000000000,19
150,36,10.2344901497,436434656.0000000000,25
150,37,10.2497355932,436506768.0000000000,26
150,38,10.2323229837,436514624.0000000000,17
150,39,10.2449767088,436513600.0000000000,21
150,40,10.2338977039,436506768.0000000000,11
150,41,10.2331803882,436513744.0000000000,20
150,42,10.2466378133,436514160.0000000000,22
150,43,10.2644037930,436508080.0000000000,31
150,44,10.2500812988,436431456.0000000000,33
150,45,2.6531866361,132127536.0000000000,28
150,46,2.6516916676,132144688.0000000000,34
150,47,2.6524365820,132140224.0000000000,31
150,48,2.6530138332,132140944.0000000000,27
150,49,2.6528569044,132151072.0000000000,32
150,50,2.6531712983,132139264.0000000000,30
150,51,2.6517015565,132144800.0000000000,33
150,52,2.6523175539,132145296.0000000000,35
150,53,2.6523432852,132126144.0000000000,29
150,54,0.6742982826,54827568.0000000000,16
150,55,0.6736533292,54827568.0000000000,10
150,56,0.6729875335,54827568.0000000000,11
150,57,0.6726079271,54827568.0000000000,25
150,58,0.6737390424,54827568.0000000000,13
150,59,0.6726980574,54827568.0000000000,15
150,60,0.6734166273,54827568.0000000000,9
150,61,0.6729660030,54827568.0000000000,22
150,62,0.6734889725,54827568.0000000000,12
150,63,0.6721734429,54827568.0000000000,15
150,64,0.6743312065,54827568.0000000000,14
150,65,0.6729292758,54827568.0000000000,21
150,66,0.6726655560,54827568.0000000000,18
150,67,0.6744678245,54827568.0000000000,20
150,68,0.6745657710,54827568.0000000000,19
150,69,0.6734943681,54827568.0000000000,12
150,70,0.6743097076,54827568.0000000000,23
150,71,0.6736443666,54827568.0000000000,13
150,72,0.6737120960,54827568.0000000000,10
150,73,0.6745269420,54827568.0000000000,16
150,74,0.6742471947,54827568.0000000000,14
150,75,0.6730168825,54827568.0000000000,11
150,76,0.6735558793,54827568.0000000000,13
150,77,0.6731586837,54827568.0000000000,24
150,78,0.6741069337,54827568.0000000000,20
150,79,0.6742683046,54827568.0000000000,14
150,80,0.6741869354,54827568.0000000000,20
150,81,0.6735951632,54827568.0000000000,12
150,82,0.6737590327,54827568.0000000000,13
150,83,0.6725549083,54827568.0000000000,18
150,84,0.6729212359,54827568.0000000000,9
150,85,0.6742493628,54827568.0000000000,14
150,86,0.6729630395,54827568.0000000000,22
150,87,0.6732204572,54827568.0000000000,17
150,88,0.6727588978,54827568.0000000000,17
150,89,0.6732785558,54827568.0000000000,11
150,90,0.6725818448,54827568.0000000000,25
150,91,0.6743818904,54827568.0000000000,16
150,92,0.6730559720,54827568.0000000000,24
150,93,0.6728366944,54827568.0000000000,21
150,94,0.6737911741,54827568.0000000000,10
150,95,0.6742394917,54827568.0000000000,23
150,96,0.6731238889,54827568.0000000000,26
150,97,0.6726374408,54827568.0000000000,21
150,98,0.6730771421,54827568.0000000000,24
150,99,0.6726024128,54827568.0000000000,15
150,100,0.6728099043,54827568.0000000000,9
150,101,0.6735874386,54827568.0000000000,11
150,102,0.6731418003,54827568.0000000000,26
150,103,0.6743413002,54827568.0000000000,16
150,104,0.6734301604,54827568.0000000000,26
150,105,0.6728351591,54827568.0000000000,9
150,106,0.6737298286,54827568.0000000000,10
150,107,0.6727046590,54827568.0000000000,18
150,108,0.6725270097,54827568.0000000000,25
150,109,0.6742464602,54827568.0000000000,19
150,110,0.6745110686,54827568.0000000000,23
150,111,0.6722909978,54827568.0000000000,15
150,112,0.6729690280,54827568.0000000000,17
150,113,0.6727993539,54827568.0000000000,22
150,114,0.6744860074,54827568.0000000000,19
150,115,0.6733017827,54827568.0000000000,12
150,116,0.6730393463,54827568.0000000000,17
150,117,0.5826751491,47074864.0000000000,29
150,118,0.5835529251,47074864.0000000000,28
150,119,0.5830343182,47074864.0000000000,23
150,120,0.5830619305,47074864.0000000000,16
150,121,0.5815277074,47074864.0000000000,17
150,122,0.5833872043,47074864.0000000000,35
150,123,0.5823929967,47074864.0000000000,33
150,124,0.5821349941,47074864.0000000000,34
150,125,0.5824353415,47074864.0000000000,31
150,126,0.5830702598,47074864.0000000000,32
150,127,0.5826428090,47074864.0000000000,27
150,128,0.5809369655,47074864.0000000000,21
150,129,0.5816903953,47074864.0000000000,18
150,130,0.5833752830,47074864.0000000000,23
150,131,0.5828150725,47074864.0000000000,19
150,132,0.5812806174,47074864.0000000000,21
150,133,0.5813775212,47074864.0000000000,22
150,134,0.5824520509,47074864.0000000000,20
150,135,0.5834895247,47074864.0000000000,30
150,136,0.5811717140,47074864.0000000000,15
150,137,0.5832631528,47074864.0000000000,13
150,138,0.5815262732,47074864.0000000000,25
150,139,0.5826285644,47074864.0000000000,10
150,140,0.5814813193,47074864.0000000000,26
150,141,0.5813904625,47074864.0000000000,22
150,142,0.5816737449,47074864.0000000000,25
150,143,0.5826332722,47074864.0000000000,20
150,144,0.5833710579,47074864.0000000000,14
150,145,0.5818362760,47074864.0000000000,26
150,146,0.5815049492,47074864.0000000000,24
150,147,0.5816117250,47074864.0000000000,18
150,148,0.5817413354,47074864.0000000000,11
150,149,0.5813900824,47074864.0000000000,24
150,150,0.5827648509,47074864.0000000000,19
150,151,0.5813993769,47074864.0000000000,9
150,152,0.5823532144,47074864.0000000000,12
200,0,0.2406326430,331741536.0000000000,7
200,1,0.2424412860,331714416.0000000000,8
200,2,0.2444816710,331669792.0000000000,3
200,3,0.2455134260,331818224.0000000000,0
200,4,0.2461250300,332014944.0000000000,2
200,5,0.2461973690,332241184.0000000000,1
200,6,0.2454191380,332426432.0000000000,5
200,7,0.2427014220,332396864.0000000000,4
200,8,0.2404828730,332141840.0000000000,6
200,9,0.3177188280,436424880.0000000000,1
200,10,0.3181051960,436510032.0000000000,3
200,11,0.3179051730,436515472.0000000000,29
200,12,0.3178814860,436507104.0000000000,32
200,13,0.3174940090,436514608.0000000000,24
200,14,0.3177623630,436508352.0000000000,28
200,15,0.3178434240,436509280.0000000000,15
200,16,0.3175306470,436509984.0000000000,35
200,17,0.3178293850,436426272.0000000000,6
200,18,0.3176060700,436438000.0000000000,0
200,19,0.3178795880,436508224.0000000000,4
200,20,0.3179317700,436503856.0000000000,7
200,21,0.3178136270,436510016.0000000000,14
200,22,0.3174948770,436508048.0000000000,9
200,23,0.3174580680,436504752.0000000000,34
200,24,0.3180917600,436510176.0000000000,5
200,25,0.3179052390,436511584.0000000000,2
200,26,0.3176023590,436439856.0000000000,23
200,27,0.3176721260,436439648.0000000000,16
200,28,0.3178203790,436514048.0000000000,13
200,29,0.3175918960,436508240.0000000000,10
200,30,0.3176283330,436515168.0000000000,18
200,31,0.3179120170,436507360.0000000000,12
200,32,0.3176899350,436513984.0000000000,30
200,33,0.3176252030,436508256.0000000000,27
200,34,0.3176213540,436512096.0000000000,8
200,35,0.3177024850,436443856.0000000000,19
200,36,0.3178789970,436407248.0000000000,25
200,37,0.3178354110,436510224.0000000000,26
200,38,0.3178469140,436511344.0000000000,17
200,39,0.3178249790,436507744.0000000000,21
200,40,0.3177916310,436506208.0000000000,11
200,41,0.3180096460,436512112.0000000000,20
200,42,0.3178263410,436519632.0000000000,22
200,43,0.3178749140,436504736.0000000000,31
200,44,0.3177437890,436407392.0000000000,33
200,45,0.0820948900,132123136.0000000000,28
200,46,0.0821000900,132144784.0000000000,34
200,47,0.0821235640,132141392.0000000000,31
200,48,0.0822158220,132144448.0000000000,27
200,49,0.0821855460,132155392.0000000000,32
200,50,0.0821867070,132139248.0000000000,30
200,51,0.0820581110,132140032.0000000000,33
200,52,0.0821512530,132146112.0000000000,35
200,53,0.0822008950,132121936.0000000000,29
200,54,0.0206778060,54827568.0000000000,16
200,55,0.0206306160,54827568.0000000000,10
200,56,0.0206554050,54827568.0000000000,11
200,57,0.0205811730,54827568.0000000000,25
200,58,0.0206147150,54827568.0000000000,13
200,59,0.0206484210,54827568.0000000000,15
200,60,0.0206471880,54827568.0000000000,9
200,61,0.0205896710,54827568.0000000000,22
200,62,0.0206281720,54827568.0000000000,12
200,63,0.0206400730,54827568.0000000000,15
200,64,0.0206421370,54827568.0000000000,14
200,65,0.0205964460,54827568.0000000000,21
200,66,0.0205572920,54827568.0000000000,18
200,67,0.0206304090,54827568.0000000000,20
200,68,0.0206666940,54827568.0000000000,19
200,69,0.0205729360,54827568.0000000000,12
200,70,0.0206119650,54827568.0000000000,23
200,71,0.0206735500,54827568.0000000000,13
200,72,0.0206120090,54827568.0000000000,10
200,73,0.0206415440,54827568.0000000000,16
200,74,0.0206825560,54827568.0000000000,14
200,75,0.0206206770,54827568.0000000000,11
200,76,0.0207505190,54827568.0000000000,13
200,77,0.0206097190,54827568.0000000000,24
200,78,0.0206447690,54827568.0000000000,20
200,79,0.0205771520,54827568.0000000000,14
200,80,0.0206612190,54827568.0000000000,20
200,81,0.0206104760,54827568.0000000000,12
200,82,0.0206138450,54827568.0000000000,13
200,83,0.0206207430,54827568.0000000000,18
200,84,0.0206748120,54827568.0000000000,9
200,85,0.0206167790,54827568.0000000000,14
200,86,0.0206300900,54827568.0000000000,22
200,87,0.0206430770,54827568.0000000000,17
200,88,0.0205540840,54827568.0000000000,17
200,89,0.0205791790,54827568.0000000000,11
200,90,0.0205897420,54827568.0000000000,25
200,91,0.0206522860,54827568.0000000000,16
200,92,0.0206375620,54827568.0000000000,24
200,93,0.0205928560,54827568.0000000000,21
200,94,0.0205813620,54827568.0000000000,10
200,95,0.0206281660,54827568.0000000000,23
200,96,0.0205712520,54827568.0000000000,26
200,97,0.0205654460,54827568.0000000000,21
200,98,0.0205891590,54827568.0000000000,24
200,99,0.0206132940,54827568.0000000000,15
200,100,0.0206337240,54827568.0000000000,9
200,101,0.0205815300,54827568.0000000000,11
200,102,0.0205821750,54827568.0000000000,26
200,103,0.0206221560,54827568.0000000000,16
200,104,0.0206758890,54827568.0000000000,26
200,105,0.0206198970,54827568.0000000000,9
200,106,0.0206430920,54827568.0000000000,10
200,107,0.0206018680,54827568.0000000000,18
200,108,0.0205483610,54827568.0000000000,25
200,109,0.0206762610,54827568.0000000000,19
200,110,0.0206519510,54827568.0000000000,23
200,111,0.0205905210,54827568.0000000000,15
200,112,0.0206520050,54827568.0000000000,17
200,113,0.0205270600,54827568.0000000000,22
200,114,0.0206692190,54827568.0000000000,19
200,115,0.0206681190,54827568.0000000000,12
200,116,0.0206015980,54827568.0000000000,17
200,117,0.0178130670,47074864.0000000000,29
200,118,0.0178587280,47074864.0000000000,28
200,119,0.0178471540,47074864.0000000000,23
200,120,0.0178317870,47074864.0000000000,16
200,121,0.0177794950,47074864.0000000000,17
200,122,0.0178953860,47074864.0000000000,35
200,123,0.0178037690,47074864.0000000000,33
200,124,0.0178154810,47074864.0000000000,34
200,125,0.0178235870,47074864.0000000000,31
200,126,0.0178509480,47074864.0000000000,32
200,127,0.0178433180,47074864.0000000000,27
200,128,0.0177808960,47074864.0000000000,21
200,129,0.0178297830,47074864.0000000000,18
200,130,0.0178451000,47074864.0000000000,23
200,131,0.0178544020,47074864.0000000000,19
200,132,0.0178083490,47074864.0000000000,21
200,133,0.0177775600,47074864.0000000000,22
200,134,0.0178295400,47074864.0000000000,20
200,135,0.0179399420,47074864.0000000000,30
200,136,0.0177989560,47074864.0000000000,15
200,137,0.0178621380,47074864.0000000000,13
200,138,0.0177670540,47074864.0000000000,25
200,139,0.0178073160,47074864.0000000000,10
200,140,0.0178265670,47074864.0000000000,26
200,141,0.0177977390,47074864.0000000000,22
200,142,0.0177768380,47074864.0000000000,25
200,143,0.0178375280,47074864.0000000000,20
200,144,0.0178312210,47074864.0000000000,14
200,145,0.0177888620,47074864.0000000000,26
200,146,0.0177738560,47074864.0000000000,24
200,147,0.0177937730,47074864.0000000000,18
200,148,0.0178008120,47074864.0000000000,11
200,149,0.0177740140,47074864.0000000000,24
200,150,0.0178515460,47074864.0000000000,19
200,151,0.0177865350,47074864.0000000000,9
200,152,0.0178206210,47074864.0000000000,12
250,0,7.7525486708,331495488.0000000000,7
250,1,7.8282916331,331384656.0000000000,8
250,2,7.9052832472,331370832.0000000000,3
250,3,7.9407164570,331679744.0000000000,0
250,4,7.9670854152,331998560.0000000000,2
250,5,7.9639752498,332361472.0000000000,1
250,6,7.9454526134,332763104.0000000000,5
250,7,7.8485864335,332802080.0000000000,4
250,8,7.7571121364,332341648.0000000000,6
250,9,10.2213726206,436408256.0000000000,1
250,10,10.2366396830,436506176.0000000000,3
250,11,10.2264841622,436514016.0000000000,29
250,12,10.2265640920,436508672.0000000000,32
250,13,10.2220857619,436515968.0000000000,24
250,14,10.2262498113,436506096.0000000000,28
250,15,10.2238805437,436509552.0000000000,15
250,16,10.2229844707,436509744.0000000000,35
250,17,10.2234143581,436415264.0000000000,6
250,18,10.2212674727,436433424.0000000000,0
250,19,10.2277629979,436510320.0000000000,4
250,20,10.2310945583,436504272.0000000000,7
250,21,10.2314320611,436511280.0000000000,14
250,22,10.2198079687,436508112.0000000000,9
250,23,10.2213744506,436509104.0000000000,34
250,24,10.2358589169,436513936.0000000000,5
250,25,10.2310725805,436511136.0000000000,2
250,26,10.2236021056,436434752.0000000000,23
250,27,10.2238179927,436431568.0000000000,16
250,28,10.2285768541,436513360.0000000000,13
250,29,10.2223194198,436513056.0000000000,10
250,30,10.2221829132,436511584.0000000000,18
250,31,10.2291308710,436513200.0000000000,12
250,32,10.2253806751,436512432.0000000000,30
250,33,10.2256080738,436507248.0000000000,27
250,34,10.2212874244,436508560.0000000000,8
250,35,10.2219183447,436433088.0000000000,19
250,36,10.2303841118,436385088.0000000000,25
250,37,10.2318773450,436509072.0000000000,26
250,38,10.2284525752,436513072.0000000000,17
250,39,10.2276378381,436510944.0000000000,21
250,40,10.2305570689,436500112.0000000000,11
250,41,10.2299309460,436513056.0000000000,20
250,42,10.2282074788,436521648.0000000000,22
250,43,10.2323322369,436506496.0000000000,31
250,44,10.2299211454,436382432.0000000000,33
250,45,2.6517988996,132116896.0000000000,28
250,46,2.6501889313,132145568.0000000000,34
250,47,2.6508828253,132138736.0000000000,31
250,48,2.6518949531,132142240.0000000000,27
250,49,2.6527952550,132155312.0000000000,32
250,50,2.6519142322,132139152.0000000000,30
250,51,2.6515722208,132140080.0000000000,33
250,52,2.6502978253,132143808.0000000000,35
250,53,2.6511524767,132116736.0000000000,29
250,54,0.6741668148,54827568.0000000000,16
250,55,0.6737641761,54827568.0000000000,10
250,56,0.6731290057,54827568.0000000000,11
250,57,0.6725443961,54827568.0000000000,25
250,58,0.6737851242,54827568.0000000000,13
250,59,0.6726843265,54827568.0000000000,15
250,60,0.6734418460,54827568.0000000000,9
250,61,0.6728275492,54827568.0000000000,22
250,62,0.6735216615,54827568.0000000000,12
250,63,0.6722303916,54827568.0000000000,15
250,64,0.6746176220,54827568.0000000000,14
250,65,0.6727760887,54827568.0000000000,21
250,66,0.6731290850,54827568.0000000000,18
250,67,0.6745785958,54827568.0000000000,20
250,68,0.6743014549,54827568.0000000000,19
250,69,0.6737232634,54827568.0000000000,12
250,70,0.6743458600,54827568.0000000000,23
250,71,0.6734909667,54827568.0000000000,13
250,72,0.6737272583,54827568.0000000000,10
250,73,0.6742845730,54827568.0000000000,16
250,74,0.6745340722,54827568.0000000000,14
250,75,0.6731636459,54827568.0000000000,11
250,76,0.6738074514,54827568.0000000000,13
250,77,0.6732600330,54827568.0000000000,24
250,78,0.6743649697,54827568.0000000000,20
250,79,0.6744507326,54827568.0000000000,14
250,80,0.6740326959,54827568.0000000000,20
250,81,0.6732093750,54827568.0000000000,12
250,82,0.6738569973,54827568.0000000000,13
250,83,0.6730027453,54827568.0000000000,18
250,84,0.6728201865,54827568.0000000000,9
250,85,0.6743242474,54827568.0000000000,14
250,86,0.6728316589,54827568.0000000000,22
250,87,0.6730859720,54827568.0000000000,17
250,88,0.6730426481,54827568.0000000000,17
250,89,0.6728708052,54827568.0000000000,11
250,90,0.6724251993,54827568.0000000000,25
250,91,0.6742931870,54827568.0000000000,16
250,92,0.6730009984,54827568.0000000000,24
250,93,0.6727530672,54827568.0000000000,21
250,94,0.6733651624,54827568.0000000000,10
250,95,0.6741201429,54827568.0000000000,23
250,96,0.6732377816,54827568.0000000000,26
250,97,0.6727850518,54827568.0000000000,21
250,98,0.6728914423,54827568.0000000000,24
250,99,0.6726539864,54827568.0000000000,15
250,100,0.6730674507,54827568.0000000000,9
250,101,0.6731081474,54827568.0000000000,11
250,102,0.6731321792,54827568.0000000000,26
250,103,0.6741194855,54827568.0000000000,16
250,104,0.6732218939,54827568.0000000000,26
250,105,0.6732457223,54827568.0000000000,9
250,106,0.6735120081,54827568.0000000000,10
250,107,0.6728667829,54827568.0000000000,18
250,108,0.6722868579,54827568.0000000000,25
250,109,0.6741995172,54827568.0000000000,19
250,110,0.6740836844,54827568.0000000000,23
250,111,0.6724534867,54827568.0000000000,15
250,112,0.6729278436,54827568.0000000000,17
250,113,0.6727517930,54827568.0000000000,22
250,114,0.6743947170,54827568.0000000000,19
250,115,0.6736292922,54827568.0000000000,12
250,116,0.6725742338,54827568.0000000000,17
250,117,0.5828294429,47074864.0000000000,29
250,118,0.5836253361,47074864.0000000000,28
250,119,0.5830673069,47074864.0000000000,23
250,120,0.5831134881,47074864.0000000000,16
250,121,0.5815111604,47074864.0000000000,17
250,122,0.5831630512,47074864.0000000000,35
250,123,0.5825433996,47074864.0000000000,33
250,124,0.5822958489,47074864.0000000000,34
250,125,0.5823817159,47074864.0000000000,31
250,126,0.5832820031,47074864.0000000000,32
250,127,0.5824453584,47074864.0000000000,27
250,128,0.5810649512,47074864.0000000000,21
250,129,0.5815124473,47074864.0000000000,18
250,130,0.5832072824,47074864.0000000000,23
250,131,0.5828489081,47074864.0000000000,19
250,132,0.5812711283,47074864.0000000000,21
250,133,0.5815871333,47074864.0000000000,22
250,134,0.5830027887,47074864.0000000000,20
250,135,0.5833613290,47074864.0000000000,30
250,136,0.5812922774,47074864.0000000000,15
250,137,0.5832745239,47074864.0000000000,13
250,138,0.5815402392,47074864.0000000000,25
250,139,0.5825185421,47074864.0000000000,10
250,140,0.5817274260,47074864.0000000000,26
250,141,0.5815446673,47074864.0000000000,22
250,142,0.5817265843,47074864.0000000000,25
250,143,0.5825178019,47074864.0000000000,20
250,144,0.5835037361,47074864.0000000000,14
250,145,0.5819569284,47074864.0000000000,26
250,146,0.5813279847,47074864.0000000000,24
250,147,0.5816790847,47074864.0000000000,18
250,148,0.5816978870,47074864.0000000000,11
250,149,0.5813028896,47074864.0000000000,24
250,150,0.5826707492,47074864.0000000000,19
250,151,0.5814977943,47074864.0000000000,9
250,152,0.5821308056,47074864.0000000000,12
300,0,0.2418500250,331099824.0000000000,7
300,1,0.2455614380,330868912.0000000000,8
300,2,0.2483861040,330944272.0000000000,3
300,3,0.2494553160,331509696.0000000000,0
300,4,0.2510596400,331972432.0000000000,2
300,5,0.2509160920,332473248.0000000000,1
300,6,0.2509970420,333165408.0000000000,5
300,7,0.2474136430,333392544.0000000000,4
300,8,0.2423978690,332664544.0000000000,6
300,9,0.3177421570,436394848.0000000000,1
300,10,0.3181310400,436510576.0000000000,3
300,11,0.3176604250,436513712.0000000000,29
300,12,0.3177545560,436508960.0000000000,32
300,13,0.3177235800,436520944.0000000000,24
300,14,0.3176746140,436505712.0000000000,28
300,15,0.3176989270,436508880.0000000000,15
300,16,0.3177434050,436510544.0000000000,35
300,17,0.3175659360,436407664.0000000000,6
300,18,0.3176667110,436423296.0000000000,0
300,19,0.3178568330,436507728.0000000000,4
300,20,0.3179839470,436510240.0000000000,7
300,21,0.3181636120,436510864.0000000000,14
300,22,0.3175332720,436507728.0000000000,9
300,23,0.3176246960,436512096.0000000000,34
300,24,0.3181108250,436509936.0000000000,5
300,25,0.3179044010,436509728.0000000000,2
300,26,0.3176442640,436424000.0000000000,23
300,27,0.3176077340,436427232.0000000000,16
300,28,0.3178294160,436509328.0000000000,13
300,29,0.3176222340,436509376.0000000000,10
300,30,0.3175903710,436511136.0000000000,18
300,31,0.3178159310,436517296.0000000000,12
300,32,0.3177704400,436508592.0000000000,30
300,33,0.3176347010,436508016.0000000000,27
300,34,0.3176560980,436506528.0000000000,8
300,35,0.3175289300,436427296.0000000000,19
300,36,0.3178488550,436363920.0000000000,25
300,37,0.3180450150,436503104.0000000000,26
300,38,0.3177457800,436518768.0000000000,17
300,39,0.3179116890,436511792.0000000000,21
300,40,0.3179752470,436501136.0000000000,11
300,41,0.3178907230,436507664.0000000000,20
300,42,0.3177887720,436524912.0000000000,22
300,43,0.3179733010,436505424.0000000000,31
300,44,0.3178008760,436359312.0000000000,33
300,45,0.0822399900,132109968.0000000000,28
300,46,0.0820328820,132145488.0000000000,34
300,47,0.0821950340,132138464.0000000000,31
300,48,0.0821739290,132140576.0000000000,27
300,49,0.0821742350,132153936.0000000000,32
300,50,0.0821484510,132140352.0000000000,30
300,51,0.0821204710,132140672.0000000000,33
300,52,0.0822109760,132146096.0000000000,35
300,53,0.0821010710,132111040.0000000000,29
300,54,0.0206236180,54827568.0000000000,16
300,55,0.0206560720,54827568.0000000000,10
300,56,0.0206450790,54827568.0000000000,11
300,57,0.0206455620,54827568.0000000000,25
300,58,0.0206040800,54827568.0000000000,13
300,59,0.0206266530,54827568.0000000000,15
300,60,0.0206245590,54827568.0000000000,9
300,61,0.0205712380,54827568.0000000000,22
300,62,0.0205974050,54827568.0000000000,12
300,63,0.0206413690,54827568.0000000000,15
300,64,0.0206255700,54827568.0000000000,14
300,65,0.0205780730,54827568.0000000000,21
300,66,0.0206228380,54827568.0000000000,18
300,67,0.0206501900,54827568.0000000000,20
300,68,0.0206081080,54827568.0000000000,19
300,69,0.0206847430,54827568.0000000000,12
300,70,0.0206453120,54827568.0000000000,23
300,71,0.0205628690,54827568.0000000000,13
300,72,0.0206431840,54827568.0000000000,10
300,73,0.0205878300,54827568.0000000000,16
300,74,0.0206333030,54827568.0000000000,14
300,75,0.0206631830,54827568.0000000000,11
300,76,0.0205646820,54827568.0000000000,13
300,77,0.0206057760,54827568.0000000000,24
300,78,0.0205966670,54827568.0000000000,20
300,79,0.0206102100,54827568.0000000000,14
300,80,0.0206525650,54827568.0000000000,20
300,81,0.0206218140,54827568.0000000000,12
300,82,0.0205918550,54827568.0000000000,13
300,83,0.0205855940,54827568.0000000000,18
300,84,0.0206710990,54827568.0000000000,9
300,85,0.0206769900,54827568.0000000000,14
300,86,0.0206459020,54827568.0000000000,22
300,87,0.0206024960,54827568.0000000000,17
300,88,0.0205645640,54827568.0000000000,17
300,89,0.0206291770,54827568.0000000000,11
300,90,0.0206076890,54827568.0000000000,25
300,91,0.0206817410,54827568.0000000000,16
300,92,0.0206059570,54827568.0000000000,24
300,93,0.0205437050,54827568.0000000000,21
300,94,0.0206221340,54827568.0000000000,10
300,95,0.0206597480,54827568.0000000000,23
300,96,0.0206138910,54827568.0000000000,26
300,97,0.0206054860,54827568.0000000000,21
300,98,0.0206086900,54827568.0000000000,24
300,99,0.0205947720,54827568.0000000000,15
300,100,0.0206900950,54827568.0000000000,9
300,101,0.0205905540,54827568.0000000000,11
300,102,0.0206423280,54827568.0000000000,26
300,103,0.0206133180,54827568.0000000000,16
300,104,0.0205847650,54827568.0000000000,26
300,105,0.0205848630,54827568.0000000000,9
300,106,0.0206505110,54827568.0000000000,10
300,107,0.0205970760,54827568.0000000000,18
300,108,0.0205272630,54827568.0000000000,25
300,109,0.0206534370,54827568.0000000000,19
300,110,0.0206666520,54827568.0000000000,23
300,111,0.0205842800,54827568.0000000000,15
300,112,0.0206177960,54827568.0000000000,17
300,113,0.0205545750,54827568.0000000000,22
300,114,0.0206067050,54827568.0000000000,19
300,115,0.0206769680,54827568.0000000000,12
300,116,0.0206029980,54827568.0000000000,17
300,117,0.0178400780,47074864.0000000000,29
300,118,0.0178589350,47074864.0000000000,28
300,119,0.0178858700,47074864.0000000000,23
300,120,0.0178569730,47074864.0000000000,16
300,121,0.0177941000,47074864.0000000000,17
300,122,0.0178624370,47074864.0000000000,35
300,123,0.0178078810,47074864.0000000000,33
300,124,0.0178287030,47074864.0000000000,34
300,125,0.0178195800,47074864.0000000000,31
300,126,0.0178392630,47074864.0000000000,32
300,127,0.0178759370,47074864.0000000000,27
300,128,0.0177804350,47074864.0000000000,21
300,129,0.0178108630,47074864.0000000000,18
300,130,0.0178491580,47074864.0000000000,23
300,131,0.0178409600,47074864.0000000000,19
300,132,0.0177865090,47074864.0000000000,21
300,133,0.0178174880,47074864.0000000000,22
300,134,0.0178480380,47074864.0000000000,20
300,135,0.0178855690,47074864.0000000000,30
300,136,0.0177976850,47074864.0000000000,15
300,137,0.0178891030,47074864.0000000000,13
300,138,0.0177737270,47074864.0000000000,25
300,139,0.0178881240,47074864.0000000000,10
300,140,0.0178184830,47074864.0000000000,26
300,141,0.0177782130,47074864.0000000000,22
300,142,0.0178000800,47074864.0000000000,25
300,143,0.0178202240,47074864.0000000000,20
300,144,0.0178852750,47074864.0000000000,14
300,145,0.0178160210,47074864.0000000000,26
300,146,0.0178155690,47074864.0000000000,24
300,147,0.0178143620,47074864.0000000000,18
300,148,0.0178070580,47074864.0000000000,11
300,149,0.0177935070,47074864.0000000000,24
300,150,0.0178512230,47074864.0000000000,19
300,151,0.0178095410,47074864.0000000000,9
300,152,0.0178229260,47074864.0000000000,12
350,0,7.8013789764,330616592.0000000000,7
350,1,7.9300830558,330232688.0000000000,8
350,2,8.0327121214,330479056.0000000000,3
350,3,8.0704176246,331338496.0000000000,0
350,4,8.1170684607,331944976.0000000000,2
350,5,8.1192074851,332549632.0000000000,1
350,6,8.1326262009,333641856.0000000000,5
350,7,8.0000314600,334199280.0000000000,4
350,8,7.8265436105,333097984.0000000000,6
350,9,10.2221394822,436381488.0000000000,1
350,10,10.2373601815,436513024.0000000000,3
350,11,10.2267471912,436510464.0000000000,29
350,12,10.2262494861,436507920.0000000000,32
350,13,10.2219914413,436519920.0000000000,24
350,14,10.2271052987,436515616.0000000000,28
350,15,10.2243119279,436509456.0000000000,15
350,16,10.2235659001,436513200.0000000000,35
350,17,10.2222694932,436390736.0000000000,6
350,18,10.2212823203,436417776.0000000000,0
350,19,10.2299771420,436507392.0000000000,4
350,20,10.2309376864,436507136.0000000000,7
350,21,10.2321996628,436507712.0000000000,14
350,22,10.2207371623,436509792.0000000000,9
350,23,10.2207549962,436508784.0000000000,34
350,24,10.2352418033,436506992.0000000000,5
350,25,10.2311081729,436514320.0000000000,2
350,26,10.2229633781,436417232.0000000000,23
350,27,10.2223791837,436417136.0000000000,16
350,28,10.2284607623,436512560.0000000000,13
350,29,10.2217322464,436512432.0000000000,10
350,30,10.2219204646,436509792.0000000000,18
350,31,10.2296495465,436518096.0000000000,12
350,32,10.2247693741,436501664.0000000000,30
350,33,10.2261717367,436511072.0000000000,27
350,34,10.2223976852,436509344.0000000000,8
350,35,10.2216533736,436422848.0000000000,19
350,36,10.2294050622,436343248.0000000000,25
350,37,10.2310344714,436498448.0000000000,26
350,38,10.2293066485,436517104.0000000000,17
350,39,10.2266671402,436510960.0000000000,21
350,40,10.2311528489,436502064.0000000000,11
350,41,10.2306995399,436515568.0000000000,20
350,42,10.2282894799,436522032.0000000000,22
350,43,10.2325108854,436503552.0000000000,31
350,44,10.2287462026,436336448.0000000000,33
350,45,2.6516769760,132104624.0000000000,28
350,46,2.6505927052,132145120.0000000000,34
350,47,2.6505302073,132140528.0000000000,31
350,48,2.6518925412,132142176.0000000000,27
350,49,2.6521670661,132155056.0000000000,32
350,50,2.6520937906,132138352.0000000000,30
350,51,2.6516534167,132140048.0000000000,33
350,52,2.6508644034,132144512.0000000000,35
350,53,2.6510736337,132103968.0000000000,29
350,54,0.6746789579,54827568.0000000000,16
350,55,0.6737099809,54827568.0000000000,10
350,56,0.6731659825,54827568.0000000000,11
350,57,0.6723338985,54827568.0000000000,25
350,58,0.6738637617,54827568.0000000000,13
350,59,0.6727778329,54827568.0000000000,15
350,60,0.6730718673,54827568.0000000000,9
350,61,0.6732196059,54827568.0000000000,22
350,62,0.6736577009,54827568.0000000000,12
350,63,0.6721612351,54827568.0000000000,15
350,64,0.6741745192,54827568.0000000000,14
350,65,0.6725483906,54827568.0000000000,21
350,66,0.6729231547,54827568.0000000000,18
350,67,0.6743353834,54827568.0000000000,20
350,68,0.6745283408,54827568.0000000000,19
350,69,0.6732315341,54827568.0000000000,12
350,70,0.6742727331,54827568.0000000000,23
350,71,0.6735765556,54827568.0000000000,13
350,72,0.6736900741,54827568.0000000000,10
350,73,0.6742126967,54827568.0000000000,16
350,74,0.6743957699,54827568.0000000000,14
350,75,0.6729914504,54827568.0000000000,11
350,76,0.6734078936,54827568.0000000000,13
350,77,0.6731766182,54827568.0000000000,24
350,78,0.6744523687,54827568.0000000000,20
350,79,0.6744701600,54827568.0000000000,14
350,80,0.6739908294,54827568.0000000000,20
350,81,0.6736027404,54827568.0000000000,12
350,82,0.6733504255,54827568.0000000000,13
350,83,0.6729364681,54827568.0000000000,18
350,84,0.6730773922,54827568.0000000000,9
350,85,0.6743782651,54827568.0000000000,14
350,86,0.6727916179,54827568.0000000000,22
350,87,0.6729133764,54827568.0000000000,17
350,88,0.6726334959,54827568.0000000000,17
350,89,0.6729304140,54827568.0000000000,11
350,90,0.6722011576,54827568.0000000000,25
350,91,0.6739470690,54827568.0000000000,16
350,92,0.6727795361,54827568.0000000000,24
350,93,0.6725444850,54827568.0000000000,21
350,94,0.6738415338,54827568.0000000000,10
350,95,0.6741922806,54827568.0000000000,23
350,96,0.6733422175,54827568.0000000000,26
350,97,0.6727101453,54827568.0000000000,21
350,98,0.6727350062,54827568.0000000000,24
350,99,0.6726728438,54827568.0000000000,15
350,100,0.6732229870,54827568.0000000000,9
350,101,0.6732317709,54827568.0000000000,11
350,102,0.6734321418,54827568.0000000000,26
350,103,0.6740959614,54827568.0000000000,16
350,104,0.6730869771,54827568.0000000000,26
350,105,0.6729012146,54827568.0000000000,9
350,106,0.6733541048,54827568.0000000000,10
350,107,0.6729153901,54827568.0000000000,18
350,108,0.6724581095,54827568.0000000000,25
350,109,0.6740939674,54827568.0000000000,19
350,110,0.6743449132,54827568.0000000000,23
350,111,0.6720747715,54827568.0000000000,15
350,112,0.6730096513,54827568.0000000000,17
350,113,0.6727961851,54827568.0000000000,22
350,114,0.6747126695,54827568.0000000000,19
350,115,0.6731263670,54827568.0000000000,12
350,116,0.6732048849,54827568.0000000000,17
350,117,0.5828904609,47074864.0000000000,29
350,118,0.5836119658,47074864.0000000000,28
350,119,0.5829959731,47074864.0000000000,23
350,120,0.5828651614,47074864.0000000000,16
350,121,0.5815052062,47074864.0000000000,17
350,122,0.5832320380,47074864.0000000000,35
350,123,0.5825410199,47074864.0000000000,33
350,124,0.5826326216,47074864.0000000000,34
350,125,0.5824494989,47074864.0000000000,31
350,126,0.5832775482,47074864.0000000000,32
350,127,0.5826085058,47074864.0000000000,27
350,128,0.5811757167,47074864.0000000000,21
350,129,0.5815944753,47074864.0000000000,18
350,130,0.5830453520,47074864.0000000000,23
350,131,0.5828505563,47074864.0000000000,19
350,132,0.5812757549,47074864.0000000000,21
350,133,0.5813548270,47074864.0000000000,22
350,134,0.5825229564,47074864.0000000000,20
350,135,0.5833584821,47074864.0000000000,30
350,136,0.5813807040,47074864.0000000000,15
350,137,0.5833696747,47074864.0000000000,13
350,138,0.5816083666,47074864.0000000000,25
350,139,0.5827747434,47074864.0000000000,10
350,140,0.5820301726,47074864.0000000000,26
350,141,0.5814540688,47074864.0000000000,22
350,142,0.5817194928,47074864.0000000000,25
350,143,0.5827838261,47074864.0000000000,20
350,144,0.5834660158,47074864.0000000000,14
350,145,0.5817662654,47074864.0000000000,26
350,146,0.5814529626,47074864.0000000000,24
350,147,0.5817908410,47074864.0000000000,18
350,148,0.5816742933,47074864.0000000000,11
350,149,0.5813713560,47074864.0000000000,24
350,150,0.5828400059,47074864.0000000000,19
350,151,0.5814276952,47074864.0000000000,9
350,152,0.5821485152,47074864.0000000000,12
400,0,0.2428987220,329979520.0000000000,7
400,1,0.2478307530,329367120.0000000000,8
400,2,0.2515860070,329874160.0000000000,3
400,3,0.2536058900,331165088.0000000000,0
400,4,0.2553239580,331896192.0000000000,2
400,5,0.2554338380,332603056.0000000000,1
400,6,0.2563517250,334184720.0000000000,5
400,7,0.2520055870,335223296.0000000000,4
400,8,0.2454312380,333635360.0000000000,6
400,9,0.3175474990,436373344.0000000000,1
400,10,0.3180712570,436508768.0000000000,3
400,11,0.3177301280,436512128.0000000000,29
400,12,0.3177286770,436510912.0000000000,32
400,13,0.3175795080,436513920.0000000000,24
400,14,0.3178627850,436514544.0000000000,28
400,15,0.3176989530,436507920.0000000000,15
400,16,0.3178158270,436513712.0000000000,35
400,17,0.3175875020,436377120.0000000000,6
400,18,0.3176697150,436412608.0000000000,0
400,19,0.3180657190,436507008.0000000000,4
400,20,0.3179181800,436510288.0000000000,7
400,21,0.3178797100,436506496.0000000000,14
400,22,0.3177409530,436514944.0000000000,9
400,23,0.3175881740,436503488.0000000000,34
400,24,0.3180929200,436514128.0000000000,5
400,25,0.3178696940,436507680.0000000000,2
400,26,0.3177933110,436414880.0000000000,23
400,27,0.3178434230,436412576.0000000000,16
400,28,0.3178299220,436510592.0000000000,13
400,29,0.3176371800,436510688.0000000000,10
400,30,0.3175394470,436509056.0000000000,18
400,31,0.3178943780,436504352.0000000000,12
400,32,0.3178514530,436512160.0000000000,30
400,33,0.3177346930,436509392.0000000000,27
400,34,0.3176388840,436509776.0000000000,8
400,35,0.3176369650,436418512.0000000000,19
400,36,0.3176977110,436314192.0000000000,25
400,37,0.3178492030,436500880.0000000000,26
400,38,0.3179316850,436520928.0000000000,17
400,39,0.3179581360,436509232.0000000000,21
400,40,0.3178136700,436507680.0000000000,11
400,41,0.3180054050,436513728.0000000000,20
400,42,0.3178588330,436519456.0000000000,22
400,43,0.3179919940,436500016.0000000000,31
400,44,0.3178226870,436312928.0000000000,33
400,45,0.0822285570,132098576.0000000000,28
400,46,0.0822429600,132144784.0000000000,34
400,47,0.0821255920,132141856.0000000000,31
400,48,0.0821606180,132142464.0000000000,27
400,49,0.0822246970,132152032.0000000000,32
400,50,0.0821068330,132137312.0000000000,30
400,51,0.0821083240,132139408.0000000000,33
400,52,0.0820725420,132145808.0000000000,35
400,53,0.0820059270,132098336.0000000000,29
400,54,0.0206549920,54827568.0000000000,16
400,55,0.0206617840,54827568.0000000000,10
400,56,0.0205827400,54827568.0000000000,11
400,57,0.0205818740,54827568.0000000000,25
400,58,0.0206297480,54827568.0000000000,13
400,59,0.0205424310,54827568.0000000000,15
400,60,0.0206502110,54827568.0000000000,9
400,61,0.0206097500,54827568.0000000000,22
400,62,0.0205747150,54827568.0000000000,12
400,63,0.0205904850,54827568.0000000000,15
400,64,0.0207010170,54827568.0000000000,14
400,65,0.0206395380,54827568.0000000000,21
400,66,0.0205719300,54827568.0000000000,18
400,67,0.0207031200,54827568.0000000000,20
400,68,0.0206660840,54827568.0000000000,19
400,69,0.0206077580,54827568.0000000000,12
400,70,0.0206730420,54827568.0000000000,23
400,71,0.0205991930,54827568.0000000000,13
400,72,0.0206328780,54827568.0000000000,10
400,73,0.0205572400,54827568.0000000000,16
400,74,0.0206816700,54827568.0000000000,14
400,75,0.0205820880,54827568.0000000000,11
400,76,0.0205728190,54827568.0000000000,13
400,77,0.0206045670,54827568.0000000000,24
400,78,0.0206626230,54827568.0000000000,20
400,79,0.0206391270,54827568.0000000000,14
400,80,0.0205873260,54827568.0000000000,20
400,81,0.0206717510,54827568.0000000000,12
400,82,0.0205971060,54827568.0000000000,13
400,83,0.0206040510,54827568.0000000000,18
400,84,0.0206127680,54827568.0000000000,9
400,85,0.0206664510,54827568.0000000000,14
400,86,0.0206374140,54827568.0000000000,22
400,87,0.0206021070,54827568.0000000000,17
400,88,0.0206306640,54827568.0000000000,17
400,89,0.0206857600,54827568.0000000000,11
400,90,0.0205763520,54827568.0000000000,25
400,91,0.0206554890,54827568.0000000000,16
400,92,0.0205611840,54827568.0000000000,24
400,93,0.0206222850,54827568.0000000000,21
400,94,0.0205706690,54827568.0000000000,10
400,95,0.0206212940,54827568.0000000000,23
400,96,0.0206310770,54827568.0000000000,26
400,97,0.0206198090,54827568.0000000000,21
400,98,0.0206217900,54827568.0000000000,24
400,99,0.0206491780,54827568.0000000000,15
400,100,0.0206484890,54827568.0000000000,9
400,101,0.0206087020,54827568.0000000000,11
400,102,0.0205849690,54827568.0000000000,26
400,103,0.0206487780,54827568.0000000000,16
400,104,0.0205826440,54827568.0000000000,26
400,105,0.0205943140,54827568.0000000000,9
400,106,0.0205925080,54827568.0000000000,10
400,107,0.0206040100,54827568.0000000000,18
400,108,0.0205810820,54827568.0000000000,25
400,109,0.0206326180,54827568.0000000000,19
400,110,0.0206371060,54827568.0000000000,23
400,111,0.0205413690,54827568.0000000000,15
400,112,0.0205679410,54827568.0000000000,17
400,113,0.0206762180,54827568.0000000000,22
400,114,0.0206534370,54827568.0000000000,19
400,115,0.0205892830,54827568.0000000000,12
400,116,0.0206338090,54827568.0000000000,17
400,117,0.0178232520,47074864.0000000000,29
400,118,0.0178540640,47074864.0000000000,28
400,119,0.0178673330,47074864.0000000000,23
400,120,0.0178321850,47074864.0000000000,16
400,121,0.0177694540,47074864.0000000000,17
400,122,0.0178246130,47074864.0000000000,35
400,123,0.0177983820,47074864.0000000000,33
400,124,0.0178187410,47074864.0000000000,34
400,125,0.0178394740,47074864.0000000000,31
400,126,0.0178393810,47074864.0000000000,32
400,127,0.0178223460,47074864.0000000000,27
400,128,0.0177889100,47074864.0000000000,21
400,129,0.0178067440,47074864.0000000000,18
400,130,0.0178370630,47074864.0000000000,23
400,131,0.0178478560,47074864.0000000000,19
400,132,0.0177570200,47074864.0000000000,21
400,133,0.0177913660,47074864.0000000000,22
400,134,0.0178024150,47074864.0000000000,20
400,135,0.0178732890,47074864.0000000000,30
400,136,0.0177999330,47074864.0000000000,15
400,137,0.0178669540,47074864.0000000000,13
400,138,0.0177739720,47074864.0000000000,25
400,139,0.0178050460,47074864.0000000000,10
400,140,0.0178058630,47074864.0000000000,26
400,141,0.0177948300,47074864.0000000000,22
400,142,0.0177852310,47074864.0000000000,25
400,143,0.0178400790,47074864.0000000000,20
400,144,0.0178909600,47074864.0000000000,14
400,145,0.0177959820,47074864.0000000000,26
400,146,0.0177913060,47074864.0000000000,24
400,147,0.0177687510,47074864.0000000000,18
400,148,0.0178220900,47074864.0000000000,11
400,149,0.0178128270,47074864.0000000000,24
400,150,0.0178487590,47074864.0000000000,19
400,151,0.0178459760,47074864.0000000000,9
400,152,0.0178076780,47074864.0000000000,12
450,0,7.8223797997,329329104.0000000000,7
450,1,7.9848860705,328418000.0000000000,8
450,2,8.1227495752,329208192.0000000000,3
450,3,8.1922224388,331003792.0000000000,0
450,4,8.2461078292,331840928.0000000000,2
450,5,8.2520736260,332624128.0000000000,1
450,6,8.2966189652,334814048.0000000000,5
450,7,8.1512296148,336465936.0000000000,4
450,8,7.9223308524,334239040.0000000000,6
450,9,10.2213575953,436361776.0000000000,1
450,10,10.2371818857,436505504.0000000000,3
450,11,10.2271693291,436510448.0000000000,29
450,12,10.2273815107,436517968.0000000000,32
450,13,10.2218056390,436510864.0000000000,24
450,14,10.2266821310,436509680.0000000000,28
450,15,10.2254389137,436510880.0000000000,15
450,16,10.2243077891,436515024.0000000000,35
450,17,10.2218563392,436370080.0000000000,6
450,18,10.2199720038,436409376.0000000000,0
450,19,10.2289275074,436510576.0000000000,4
450,20,10.2309806778,436511808.0000000000,7
450,21,10.2320916142,436507840.0000000000,14
450,22,10.2202423669,436516848.0000000000,9
450,23,10.2207502163,436508400.0000000000,34
450,24,10.2348136644,436507696.0000000000,5
450,25,10.2314345637,436507296.0000000000,2
450,26,10.2238993292,436408912.0000000000,23
450,27,10.2240284943,436415360.0000000000,16
450,28,10.2277757088,436507456.0000000000,13
450,29,10.2233278925,436508560.0000000000,10
450,30,10.2218378994,436512320.0000000000,18
450,31,10.2304099375,436504368.0000000000,12
450,32,10.2254965300,436512768.0000000000,30
450,33,10.2257379764,436508944.0000000000,27
450,34,10.2220279121,436511584.0000000000,8
450,35,10.2217984002,436413328.0000000000,19
450,36,10.2284933872,436293264.0000000000,25
450,37,10.2321365311,436499984.0000000000,26
450,38,10.2293533075,436520928.0000000000,17
450,39,10.2275237062,436508160.0000000000,21
450,40,10.2315994260,436504544.0000000000,11
450,41,10.2296411646,436510160.0000000000,20
450,42,10.2290205928,436520400.0000000000,22
450,43,10.2330081756,436499104.0000000000,31
450,44,10.2280584672,436294080.0000000000,33
450,45,2.6519046858,132092144.0000000000,28
450,46,2.6508989066,132146352.0000000000,34
450,47,2.6520128566,132141536.0000000000,31
450,48,2.6514597111,132140960.0000000000,27
450,49,2.6520634884,132152288.0000000000,32
450,50,2.6518014171,132140640.0000000000,30
450,51,2.6509904245,132140656.0000000000,33
450,52,2.6512670257,132144272.0000000000,35
450,53,2.6504517840,132093152.0000000000,29
450,54,0.6744462153,54827568.0000000000,16
450,55,0.6738663805,54827568.0000000000,10
450,56,0.6732277383,54827568.0000000000,11
450,57,0.6724052144,54827568.0000000000,25
450,58,0.6740960590,54827568.0000000000,13
450,59,0.6724911472,54827568.0000000000,15
450,60,0.6732497772,54827568.0000000000,9
450,61,0.6732595303,54827568.0000000000,22
450,62,0.6736649314,54827568.0000000000,12
450,63,0.6721815201,54827568.0000000000,15
450,64,0.6747687069,54827568.0000000000,14
450,65,0.6727562949,54827568.0000000000,21
450,66,0.6728165160,54827568.0000000000,18
450,67,0.6744703468,54827568.0000000000,20
450,68,0.6743332745,54827568.0000000000,19
450,69,0.6736403123,54827568.0000000000,12
450,70,0.6745274684,54827568.0000000000,23
450,71,0.6734018983,54827568.0000000000,13
450,72,0.6737796705,54827568.0000000000,10
450,73,0.6744816156,54827568.0000000000,16
450,74,0.6742978975,54827568.0000000000,14
450,75,0.6728746847,54827568.0000000000,11
450,76,0.6736959830,54827568.0000000000,13
450,77,0.6730390351,54827568.0000000000,24
450,78,0.6743966424,54827568.0000000000,20
450,79,0.6746275852,54827568.0000000000,14
450,80,0.6744905902,54827568.0000000000,20
450,81,0.6735803609,54827568.0000000000,12
450,82,0.6736771953,54827568.0000000000,13
450,83,0.6725891766,54827568.0000000000,18
450,84,0.6732456958,54827568.0000000000,9
450,85,0.6744479707,54827568.0000000000,14
450,86,0.6728632401,54827568.0000000000,22
450,87,0.6728033822,54827568.0000000000,17
450,88,0.6729603097,54827568.0000000000,17
450,89,0.6731736081,54827568.0000000000,11
450,90,0.6722625943,54827568.0000000000,25
450,91,0.6739154299,54827568.0000000000,16
450,92,0.6734445551,54827568.0000000000,24
450,93,0.6724636382,54827568.0000000000,21
450,94,0.6735399496,54827568.0000000000,10
450,95,0.6743465437,54827568.0000000000,23
450,96,0.6735957418,54827568.0000000000,26
450,97,0.6729038087,54827568.0000000000,21
450,98,0.6730825038,54827568.0000000000,24
450,99,0.6726446079,54827568.0000000000,15
450,100,0.6732879070,54827568.0000000000,9
450,101,0.6733388317,54827568.0000000000,11
450,102,0.6728295403,54827568.0000000000,26
450,103,0.6743945674,54827568.0000000000,16
450,104,0.6734662465,54827568.0000000000,26
450,105,0.6729559063,54827568.0000000000,9
450,106,0.6733958090,54827568.0000000000,10
450,107,0.6727061154,54827568.0000000000,18
450,108,0.6723886670,54827568.0000000000,25
450,109,0.6745184563,54827568.0000000000,19
450,110,0.6743527435,54827568.0000000000,23
450,111,0.6722992015,54827568.0000000000,15
450,112,0.6731425154,54827568.0000000000,17
450,113,0.6732302874,54827568.0000000000,22
450,114,0.6744273446,54827568.0000000000,19
450,115,0.6734189883,54827568.0000000000,12
450,116,0.6729197874,54827568.0000000000,17
450,117,0.5826288359,47074864.0000000000,29
450,118,0.5837851730,47074864.0000000000,28
450,119,0.5832224291,47074864.0000000000,23
450,120,0.5848120029,47074864.0000000000,16
450,121,0.5813503991,47074864.0000000000,17
450,122,0.5833676887,47074864.0000000000,35
450,123,0.5825920421,47074864.0000000000,33
450,124,0.5823915265,47074864.0000000000,34
450,125,0.5823232399,47074864.0000000000,31
450,126,0.5830665995,47074864.0000000000,32
450,127,0.5826359390,47074864.0000000000,27
450,128,0.5809233487,47074864.0000000000,21
450,129,0.5815813197,47074864.0000000000,18
450,130,0.5831368404,47074864.0000000000,23
450,131,0.5827897167,47074864.0000000000,19
450,132,0.5812171257,47074864.0000000000,21
450,133,0.5815719037,47074864.0000000000,22
450,134,0.5825380256,47074864.0000000000,20
450,135,0.5834631693,47074864.0000000000,30
450,136,0.5813274065,47074864.0000000000,15
450,137,0.5834082062,47074864.0000000000,13
450,138,0.5815701337,47074864.0000000000,25
450,139,0.5825927112,47074864.0000000000,10
450,140,0.5817632092,47074864.0000000000,26
450,141,0.5815382661,47074864.0000000000,22
450,142,0.5815589401,47074864.0000000000,25
450,143,0.5826041757,47074864.0000000000,20
450,144,0.5835327199,47074864.0000000000,14
450,145,0.5818380454,47074864.0000000000,26
450,146,0.5812952078,47074864.0000000000,24
450,147,0.5816897280,47074864.0000000000,18
450,148,0.5817620213,47074864.0000000000,11
450,149,0.5812669514,47074864.0000000000,24
450,150,0.5828179881,47074864.0000000000,19
450,151,0.5815913492,47074864.0000000000,9
450,152,0.5821070009,47074864.0000000000,12
500,0,0.2428660350,328613504.0000000000,7
500,1,0.2480242720,327276720.0000000000,8
500,2,0.2529591000,328331632.0000000000,3
500,3,0.2565254120,330864928.0000000000,0
500,4,0.2578464420,331768032.0000000000,2
500,5,0.2582232720,332564816.0000000000,1
500,6,0.2606828380,335600512.0000000000,5
500,7,0.2568132630,337863136.0000000000,4
500,8,0.2475362490,334846864.0000000000,6
500,9,0.3176770490,436353376.0000000000,1
500,10,0.3180535390,436505584.0000000000,3
500,11,0.3177133570,436515888.0000000000,29
500,12,0.3177256070,436515968.0000000000,32
500,13,0.3174458600,436509168.0000000000,24
500,14,0.3177570410,436511872.0000000000,28
500,15,0.3176555270,436510080.0000000000,15
500,16,0.3177698920,436513104.0000000000,35
500,17,0.3175351730,436362816.0000000000,6
500,18,0.3175673670,436404288.0000000000,0
500,19,0.3177610510,436507424.0000000000,4
500,20,0.3178700320,436513152.0000000000,7
500,21,0.3178765630,436506320.0000000000,14
500,22,0.3178246490,436512016.0000000000,9
500,23,0.3175539260,436509744.0000000000,34
500,24,0.3180072280,436505536.0000000000,5
500,25,0.3179789550,436511360.0000000000,2
500,26,0.3177217330,436405424.0000000000,23
500,27,0.3176877640,436410688.0000000000,16
500,28,0.3177353030,436511248.0000000000,13
500,29,0.3176649090,436509808.0000000000,10
500,30,0.3178114660,436510304.0000000000,18
500,31,0.3178517060,436509632.0000000000,12
500,32,0.3177338060,436508432.0000000000,30
500,33,0.3177434270,436510160.0000000000,27
500,34,0.3176686880,436511584.0000000000,8
500,35,0.3176772560,436405120.0000000000,19
500,36,0.3177234580,436266624.0000000000,25
500,37,0.3180023100,436495856.0000000000,26
500,38,0.3179820360,436514096.0000000000,17
500,39,0.3178252440,436505840.0000000000,21
500,40,0.3178191500,436503376.0000000000,11
500,41,0.3178373370,436515936.0000000000,20
500,42,0.3177344170,436520512.0000000000,22
500,43,0.3179350660,436500272.0000000000,31
500,44,0.3177769970,436269952.0000000000,33
500,45,0.0820952770,132090096.0000000000,28
500,46,0.0821452280,132148752.0000000000,34
500,47,0.0822025150,132142688.0000000000,31
500,48,0.0821563350,132141984.0000000000,27
500,49,0.0821783930,132150992.0000000000,32
500,50,0.0820963390,132139760.0000000000,30
500,51,0.0821290580,132142112.0000000000,33
500,52,0.0820222420,132142720.0000000000,35
500,53,0.0821536070,132087584.0000000000,29
500,54,0.0206733430,54827568.0000000000,16
500,55,0.0206213650,54827568.0000000000,10
500,56,0.0205554090,54827568.0000000000,11
500,57,0.0206062740,54827568.0000000000,25
500,58,0.0207546530,54827568.0000000000,13
500,59,0.0206074880,54827568.0000000000,15
500,60,0.0205925810,54827568.0000000000,9
500,61,0.0206131830,54827568.0000000000,22
500,62,0.0206263650,54827568.0000000000,12
500,63,0.0205948540,54827568.0000000000,15
500,64,0.0205917890,54827568.0000000000,14
500,65,0.0206003610,54827568.0000000000,21
500,66,0.0206623230,54827568.0000000000,18
500,67,0.0206212990,54827568.0000000000,20
500,68,0.0206753590,54827568.0000000000,19
500,69,0.0206309950,54827568.0000000000,12
500,70,0.0206529810,54827568.0000000000,23
500,71,0.0206375780,54827568.0000000000,13
500,72,0.0206028900,54827568.0000000000,10
500,73,0.0206950260,54827568.0000000000,16
500,74,0.0206446200,54827568.0000000000,14
500,75,0.0205356190,54827568.0000000000,11
500,76,0.0206981340,54827568.0000000000,13
500,77,0.0206319130,54827568.0000000000,24
500,78,0.0206910240,54827568.0000000000,20
500,79,0.0206608290,54827568.0000000000,14
500,80,0.0206748120,54827568.0000000000,20
500,81,0.0206235790,54827568.0000000000,12
500,82,0.0205857960,54827568.0000000000,13
500,83,0.0205782600,54827568.0000000000,18
500,84,0.0206041440,54827568.0000000000,9
500,85,0.0206458420,54827568.0000000000,14
500,86,0.0206082750,54827568.0000000000,22
500,87,0.0205708860,54827568.0000000000,17
500,88,0.0205649250,54827568.0000000000,17
500,89,0.0205599370,54827568.0000000000,11
500,90,0.0205218010,54827568.0000000000,25
500,91,0.0206235400,54827568.0000000000,16
500,92,0.0206636250,54827568.0000000000,24
500,93,0.0206341850,54827568.0000000000,21
500,94,0.0205565910,54827568.0000000000,10
500,95,0.0206405580,54827568.0000000000,23
500,96,0.0206400490,54827568.0000000000,26
500,97,0.0206529210,54827568.0000000000,21
500,98,0.0206674520,54827568.0000000000,24
500,99,0.0205469500,54827568.0000000000,15
500,100,0.0206373580,54827568.0000000000,9
500,101,0.0205966690,54827568.0000000000,11
500,102,0.0205765860,54827568.0000000000,26
500,103,0.0206296900,54827568.0000000000,16
500,104,0.0206320940,54827568.0000000000,26
500,105,0.0206008960,54827568.0000000000,9
500,106,0.0205876620,54827568.0000000000,10
500,107,0.0206808000,54827568.0000000000,18
500,108,0.0206032780,54827568.0000000000,25
500,109,0.0206155330,54827568.0000000000,19
500,110,0.0206877810,54827568.0000000000,23
500,111,0.0206135500,54827568.0000000000,15
500,112,0.0206335790,54827568.0000000000,17
500,113,0.0207115560,54827568.0000000000,22
500,114,0.0206807200,54827568.0000000000,19
500,115,0.0206715120,54827568.0000000000,12
500,116,0.0205658350,54827568.0000000000,17
500,117,0.0178374280,47074864.0000000000,29
500,118,0.0178559650,47074864.0000000000,28
500,119,0.0178570370,47074864.0000000000,23
500,120,0.0178376140,47074864.0000000000,16
500,121,0.0178105530,47074864.0000000000,17
500,122,0.0178664860,47074864.0000000000,35
500,123,0.0178490030,47074864.0000000000,33
500,124,0.0178438820,47074864.0000000000,34
500,125,0.0178140730,47074864.0000000000,31
500,126,0.0178370420,47074864.0000000000,32
500,127,0.0178275960,47074864.0000000000,27
500,128,0.0177390800,47074864.0000000000,21
500,129,0.0178066940,47074864.0000000000,18
500,130,0.0178286220,47074864.0000000000,23
500,131,0.0178278550,47074864.0000000000,19
500,132,0.0178098970,47074864.0000000000,21
500,133,0.0177728860,47074864.0000000000,22
500,134,0.0177814500,47074864.0000000000,20
500,135,0.0178541720,47074864.0000000000,30
500,136,0.0177940730,47074864.0000000000,15
500,137,0.0178697100,47074864.0000000000,13
500,138,0.0177764680,47074864.0000000000,25
500,139,0.0178331610,47074864.0000000000,10
500,140,0.0178019400,47074864.0000000000,26
500,141,0.0178050270,47074864.0000000000,22
500,142,0.0177609390,47074864.0000000000,25
500,143,0.0178640610,47074864.0000000000,20
500,144,0.0178405950,47074864.0000000000,14
500,145,0.0178053040,47074864.0000000000,26
500,146,0.0178372160,47074864.0000000000,24
500,147,0.0178184570,47074864.0000000000,18
500,148,0.0177935550,47074864.0000000000,11
500,149,0.0178032820,47074864.0000000000,24
500,150,0.0178547780,47074864.0000000000,19
500,151,0.0178111880,47074864.0000000000,9
500,152,0.0177973290,47074864.0000000000,12
550,0,7.8012459009,328000128.0000000000,7
550,1,7.9586180198,326184416.0000000000,8
550,2,8.1465959937,327316016.0000000000,3
550,3,8.2710494685,330747296.0000000000,0
550,4,8.3201320341,331694880.0000000000,2
550,5,8.3298570345,332455216.0000000000,1
550,6,8.4232852787,336655104.0000000000,5
550,7,8.2893610381,339314544.0000000000,4
550,8,7.9834538901,335409888.0000000000,6
550,9,10.2206948807,436345040.0000000000,1
550,10,10.2374234305,436504544.0000000000,3
550,11,10.2261248494,436517696.0000000000,29
550,12,10.2274715468,436518368.0000000000,32
550,13,10.2219251025,436509024.0000000000,24
550,14,10.2272095725,436507808.0000000000,28
550,15,10.2243927805,436513152.0000000000,15
550,16,10.2235076277,436513360.0000000000,35
550,17,10.2210745901,436352416.0000000000,6
550,18,10.2201352865,436401408.0000000000,0
550,19,10.2286656582,436511024.0000000000,4
550,20,10.2305146427,436515168.0000000000,7
550,21,10.2317294772,436509152.0000000000,14
550,22,10.2192751055,436511584.0000000000,9
550,23,10.2215893980,436507776.0000000000,34
550,24,10.2358903610,436507776.0000000000,5
550,25,10.2311992398,436512032.0000000000,2
550,26,10.2236442797,436401104.0000000000,23
550,27,10.2260660566,436402512.0000000000,16
550,28,10.2281926635,436507632.0000000000,13
550,29,10.2212770067,436507776.0000000000,10
550,30,10.2217167648,436508560.0000000000,18
550,31,10.2293077663,436508976.0000000000,12
550,32,10.2245183333,436505728.0000000000,30
550,33,10.2272577647,436512208.0000000000,27
550,34,10.2223317219,436509440.0000000000,8
550,35,10.2220481270,436402496.0000000000,19
550,36,10.2264001062,436245872.0000000000,25
550,37,10.2312838693,436492624.0000000000,26
550,38,10.2293417077,436517936.0000000000,17
550,39,10.2263342950,436510240.0000000000,21
550,40,10.2317009922,436506544.0000000000,11
550,41,10.2301900237,436516912.0000000000,20
550,42,10.2279488125,436518944.0000000000,22
550,43,10.2322561565,436503504.0000000000,31
550,44,10.2261509628,436248272.0000000000,33
550,45,2.6514933715,132084336.0000000000,28
550,46,2.6504283468,132147744.0000000000,34
550,47,2.6509367943,132143216.0000000000,31
550,48,2.6520608582,132144032.0000000000,27
550,49,2.6524193860,132147392.0000000000,32
550,50,2.6517009529,132139872.0000000000,30
550,51,2.6510298517,132143824.0000000000,33
550,52,2.6504622963,132141552.0000000000,35
550,53,2.6511037569,132081296.0000000000,29
550,54,0.6746707808,54827568.0000000000,16
550,55,0.6737362803,54827568.0000000000,10
550,56,0.6732775071,54827568.0000000000,11
550,57,0.6723338250,54827568.0000000000,25
550,58,0.6739381361,54827568.0000000000,13
550,59,0.6725797302,54827568.0000000000,15
550,60,0.6731615343,54827568.0000000000,9
550,61,0.6728127263,54827568.0000000000,22
550,62,0.6734563414,54827568.0000000000,12
550,63,0.6722506647,54827568.0000000000,15
550,64,0.6743465668,54827568.0000000000,14
550,65,0.6731202026,54827568.0000000000,21
550,66,0.6731790111,54827568.0000000000,18
550,67,0.6746100920,54827568.0000000000,20
550,68,0.6744914353,54827568.0000000000,19
550,69,0.6734459655,54827568.0000000000,12
550,70,0.6743722350,54827568.0000000000,23
550,71,0.6733973920,54827568.0000000000,13
550,72,0.6735387512,54827568.0000000000,10
550,73,0.6743193000,54827568.0000000000,16
550,74,0.6746739199,54827568.0000000000,14
550,75,0.6729042532,54827568.0000000000,11
550,76,0.6734864144,54827568.0000000000,13
550,77,0.6728518788,54827568.0000000000,24
550,78,0.6742301425,54827568.0000000000,20
550,79,0.6743971331,54827568.0000000000,14
550,80,0.6741428066,54827568.0000000000,20
550,81,0.6736098071,54827568.0000000000,12
550,82,0.6735691110,54827568.0000000000,13
550,83,0.6730877236,54827568.0000000000,18
550,84,0.6732336293,54827568.0000000000,9
550,85,0.6744775188,54827568.0000000000,14
550,86,0.6729111921,54827568.0000000000,22
550,87,0.6730564753,54827568.0000000000,17
550,88,0.6729205340,54827568.0000000000,17
550,89,0.6730987226,54827568.0000000000,11
550,90,0.6725902400,54827568.0000000000,25
550,91,0.6740630436,54827568.0000000000,16
550,92,0.6730746235,54827568.0000000000,24
550,93,0.6725894644,54827568.0000000000,21
550,94,0.6735811095,54827568.0000000000,10
550,95,0.6742388365,54827568.0000000000,23
550,96,0.6731096284,54827568.0000000000,26
550,97,0.6726672684,54827568.0000000000,21
550,98,0.6730485687,54827568.0000000000,24
550,99,0.6727420631,54827568.0000000000,15
550,100,0.6731655254,54827568.0000000000,9
550,101,0.6734086768,54827568.0000000000,11
550,102,0.6730035193,54827568.0000000000,26
550,103,0.6741803164,54827568.0000000000,16
550,104,0.6730453351,54827568.0000000000,26
550,105,0.6729891754,54827568.0000000000,9
550,106,0.6734536705,54827568.0000000000,10
550,107,0.6728873334,54827568.0000000000,18
550,108,0.6724739861,54827568.0000000000,25
550,109,0.6741735722,54827568.0000000000,19
550,110,0.6743506628,54827568.0000000000,23
550,111,0.6725289593,54827568.0000000000,15
550,112,0.6730829455,54827568.0000000000,17
550,113,0.6728141932,54827568.0000000000,22
550,114,0.6744987306,54827568.0000000000,19
550,115,0.6731434488,54827568.0000000000,12
550,116,0.6729463116,54827568.0000000000,17
550,117,0.5828534915,47074864.0000000000,29
550,118,0.5835439987,47074864.0000000000,28
550,119,0.5831153670,47074864.0000000000,23
550,120,0.5831336767,47074864.0000000000,16
550,121,0.5814437296,47074864.0000000000,17
550,122,0.5834409453,47074864.0000000000,35
550,123,0.5825510361,47074864.0000000000,33
550,124,0.5823498420,47074864.0000000000,34
550,125,0.5826124436,47074864.0000000000,31
550,126,0.5831171396,47074864.0000000000,32
550,127,0.5826303285,47074864.0000000000,27
550,128,0.5810173036,47074864.0000000000,21
550,129,0.5814408447,47074864.0000000000,18
550,130,0.5833088825,47074864.0000000000,23
550,131,0.5826985641,47074864.0000000000,19
550,132,0.5813433994,47074864.0000000000,21
550,133,0.5814105344,47074864.0000000000,22
550,134,0.5827557058,47074864.0000000000,20
550,135,0.5835904977,47074864.0000000000,30
550,136,0.5811454954,47074864.0000000000,15
550,137,0.5833483652,47074864.0000000000,13
550,138,0.5816509578,47074864.0000000000,25
550,139,0.5825333325,47074864.0000000000,10
550,140,0.5818705979,47074864.0000000000,26
550,141,0.5815622752,47074864.0000000000,22
550,142,0.5816603145,47074864.0000000000,25
550,143,0.5824865046,47074864.0000000000,20
550,144,0.5835543164,47074864.0000000000,14
550,145,0.5818307636,47074864.0000000000,26
550,146,0.5814287161,47074864.0000000000,24
550,147,0.5816830001,47074864.0000000000,18
550,148,0.5817034091,47074864.0000000000,11
550,149,0.5813621862,47074864.0000000000,24
550,150,0.5828981396,47074864.0000000000,19
550,151,0.5814705150,47074864.0000000000,9
550,152,0.5821511665,47074864.0000000000,12
600,0,0.2422524500,327411280.0000000000,7
600,1,0.2463580320,325041696.0000000000,8
600,2,0.2522104580,325951008.0000000000,3
600,3,0.2584507370,330596032.0000000000,0
600,4,0.2601838810,331619424.0000000000,2
600,5,0.2601883280,332277056.0000000000,1
600,6,0.2646592320,338056784.0000000000,5
600,7,0.2595840110,340705360.0000000000,4
600,8,0.2489215970,335915568.0000000000,6
600,9,0.3175638570,436338560.0000000000,1
600,10,0.3181589550,436498688.0000000000,3
600,11,0.3179034370,436509968.0000000000,29
600,12,0.3179095680,436520768.0000000000,32
600,13,0.3175453650,436506512.0000000000,24
600,14,0.3177956860,436507232.0000000000,28
600,15,0.3177489200,436506016.0000000000,15
600,16,0.3178485490,436515024.0000000000,35
600,17,0.3177694330,436341648.0000000000,6
600,18,0.3176391110,436398864.0000000000,0
600,19,0.3178549300,436507808.0000000000,4
600,20,0.3179795810,436515264.0000000000,7
600,21,0.3178056910,436512416.0000000000,14
600,22,0.3175033920,436511344.0000000000,9
600,23,0.3176458380,436510240.0000000000,34
600,24,0.3181579670,436512128.0000000000,5
600,25,0.3180037170,436510096.0000000000,2
600,26,0.3177150040,436396560.0000000000,23
600,27,0.3176353900,436398976.0000000000,16
600,28,0.3177507850,436509120.0000000000,13
600,29,0.3175585990,436505408.0000000000,10
600,30,0.3177008980,436517600.0000000000,18
600,31,0.3177113970,436507968.0000000000,12
600,32,0.3176362490,436510256.0000000000,30
600,33,0.3178675200,436507424.0000000000,27
600,34,0.3178668860,436515056.0000000000,8
600,35,0.3174806300,436400352.0000000000,19
600,36,0.3176995670,436230128.0000000000,25
600,37,0.3179310730,436492736.0000000000,26
600,38,0.3178091970,436515728.0000000000,17
600,39,0.3176925180,436509008.0000000000,21
600,40,0.3179423020,436503408.0000000000,11
600,41,0.3177956790,436518960.0000000000,20
600,42,0.3177055620,436515920.0000000000,22
600,43,0.3178959840,436499472.0000000000,31
600,44,0.3177277160,436224848.0000000000,33
600,45,0.0821206270,132075360.0000000000,28
600,46,0.0820597860,132143632.0000000000,34
600,47,0.0821768460,132141024.0000000000,31
600,48,0.0823486890,132143888.0000000000,27
600,49,0.0821237110,132147008.0000000000,32
600,50,0.0821735810,132137680.0000000000,30
600,51,0.0821222990,132145632.0000000000,33
600,52,0.0820533640,132140960.0000000000,35
600,53,0.0820839960,132075904.0000000000,29
600,54,0.0206100250,54827568.0000000000,16
600,55,0.0206261890,54827568.0000000000,10
600,56,0.0205705300,54827568.0000000000,11
600,57,0.0205960310,54827568.0000000000,25
600,58,0.0206844370,54827568.0000000000,13
600,59,0.0205896430,54827568.0000000000,15
600,60,0.0205695180,54827568.0000000000,9
600,61,0.0205553500,54827568.0000000000,22
600,62,0.0206503010,54827568.0000000000,12
600,63,0.0205941740,54827568.0000000000,15
600,64,0.0206881530,54827568.0000000000,14
600,65,0.0206052460,54827568.0000000000,21
600,66,0.0206217680,54827568.0000000000,18
600,67,0.0205920210,54827568.0000000000,20
600,68,0.0206451300,54827568.0000000000,19
600,69,0.0205853160,54827568.0000000000,12
600,70,0.0206649720,54827568.0000000000,23
600,71,0.0206006270,54827568.0000000000,13
600,72,0.0205910710,54827568.0000000000,10
600,73,0.0206667630,54827568.0000000000,16
600,74,0.0206306330,54827568.0000000000,14
600,75,0.0206126010,54827568.0000000000,11
600,76,0.0205891130,54827568.0000000000,13
600,77,0.0206000460,54827568.0000000000,24
600,78,0.0206708120,54827568.0000000000,20
600,79,0.0206411420,54827568.0000000000,14
600,80,0.0206362970,54827568.0000000000,20
600,81,0.0206113960,54827568.0000000000,12
600,82,0.0205837500,54827568.0000000000,13
600,83,0.0206001160,54827568.0000000000,18
600,84,0.0205589780,54827568.0000000000,9
600,85,0.0206768330,54827568.0000000000,14
600,86,0.0206022890,54827568.0000000000,22
600,87,0.0206162460,54827568.0000000000,17
600,88,0.0206434360,54827568.0000000000,17
600,89,0.0207077960,54827568.0000000000,11
600,90,0.0205261560,54827568.0000000000,25
600,91,0.0206714130,54827568.0000000000,16
600,92,0.0206238840,54827568.0000000000,24
600,93,0.0205797780,54827568.0000000000,21
600,94,0.0206418280,54827568.0000000000,10
600,95,0.0206105950,54827568.0000000000,23
600,96,0.0205909480,54827568.0000000000,26
600,97,0.0205748470,54827568.0000000000,21
600,98,0.0205020170,54827568.0000000000,24
600,99,0.0205887230,54827568.0000000000,15
600,100,0.0206534890,54827568.0000000000,9
600,101,0.0206400750,54827568.0000000000,11
600,102,0.0205517120,54827568.0000000000,26
600,103,0.0206488700,54827568.0000000000,16
600,104,0.0205920240,54827568.0000000000,26
600,105,0.0206185730,54827568.0000000000,9
600,106,0.0206239030,54827568.0000000000,10
600,107,0.0206144830,54827568.0000000000,18
600,108,0.0205779820,54827568.0000000000,25
600,109,0.0206539270,54827568.0000000000,19
600,110,0.0206489480,54827568.0000000000,23
600,111,0.0205796340,54827568.0000000000,15
600,112,0.0206130670,54827568.0000000000,17
600,113,0.0205980230,54827568.0000000000,22
600,114,0.0206501920,54827568.0000000000,19
600,115,0.0206451720,54827568.0000000000,12
600,116,0.0205948850,54827568.0000000000,17
600,117,0.0178003070,47074864.0000000000,29
600,118,0.0178574490,47074864.0000000000,28
600,119,0.0178478480,47074864.0000000000,23
600,120,0.0178540580,47074864.0000000000,16
600,121,0.0177650040,47074864.0000000000,17
600,122,0.0178677400,47074864.0000000000,35
600,123,0.0178498250,47074864.0000000000,33
600,124,0.0178266700,47074864.0000000000,34
600,125,0.0178207990,47074864.0000000000,31
600,126,0.0178608470,47074864.0000000000,32
600,127,0.0178553780,47074864.0000000000,27
600,128,0.0177747670,47074864.0000000000,21
600,129,0.0178013270,47074864.0000000000,18
600,130,0.0178878870,47074864.0000000000,23
600,131,0.0178528260,47074864.0000000000,19
600,132,0.0178282500,47074864.0000000000,21
600,133,0.0177908680,47074864.0000000000,22
600,134,0.0178383780,47074864.0000000000,20
600,135,0.0178403770,47074864.0000000000,30
600,136,0.0178306440,47074864.0000000000,15
600,137,0.0178495390,47074864.0000000000,13
600,138,0.0177804650,47074864.0000000000,25
600,139,0.0178480420,47074864.0000000000,10
600,140,0.0178009750,47074864.0000000000,26
600,141,0.0178223690,47074864.0000000000,22
600,142,0.0177839300,47074864.0000000000,25
600,143,0.0178121680,47074864.0000000000,20
600,144,0.0178463640,47074864.0000000000,14
600,145,0.0178247580,47074864.0000000000,26
600,146,0.0177989390,47074864.0000000000,24
600,147,0.0178234090,47074864.0000000000,18
600,148,0.0177974730,47074864.0000000000,11
600,149,0.0178006120,47074864.0000000000,24
600,150,0.0178100330,47074864.0000000000,19
600,151,0.0178316100,47074864.0000000000,9
600,152,0.0178317460,47074864.0000000000,12
650,0,7.7838256621,326949440.0000000000,7
650,1,7.9215862239,324086512.0000000000,8
650,2,8.0891571530,324398720.0000000000,3
650,3,8.3246553622,330337296.0000000000,0
650,4,8.3663299796,331467072.0000000000,2
650,5,8.3829749950,332061456.0000000000,1
650,6,8.5368639672,339773296.0000000000,5
650,7,8.3864803473,341982944.0000000000,4
650,8,8.0230995262,336365808.0000000000,6
650,9,10.2222248513,436330480.0000000000,1
650,10,10.2403243547,436504304.0000000000,3
650,11,10.2331854771,436543392.0000000000,29
650,12,10.2348296977,436602864.0000000000,32
650,13,10.2311683788,436621344.0000000000,24
650,14,10.2343456938,436593904.0000000000,28
650,15,10.2309481442,436541824.0000000000,15
650,16,10.2273240686,436525920.0000000000,35
650,17,10.2236192448,436332912.0000000000,6
650,18,10.2202209875,436396304.0000000000,0
650,19,10.2287825926,436508576.0000000000,4
650,20,10.2302282887,436510032.0000000000,7
650,21,10.2313162061,436514688.0000000000,14
650,22,10.2201279859,436513312.0000000000,9
650,23,10.2209451724,436508848.0000000000,34
650,24,10.2350741718,436510352.0000000000,5
650,25,10.2317102098,436511360.0000000000,2
650,26,10.2233057700,436396256.0000000000,23
650,27,10.2235045154,436398720.0000000000,16
650,28,10.2277031734,436508624.0000000000,13
650,29,10.2198909552,436507312.0000000000,10
650,30,10.2227929464,436514896.0000000000,18
650,31,10.2272793962,436507776.0000000000,12
650,32,10.2241337112,436509696.0000000000,30
650,33,10.2275525807,436508528.0000000000,27
650,34,10.2224596031,436514640.0000000000,8
650,35,10.2215384740,436395744.0000000000,19
650,36,10.2263176962,436202528.0000000000,25
650,37,10.2321664990,436493840.0000000000,26
650,38,10.2294556795,436519312.0000000000,17
650,39,10.2271977791,436508224.0000000000,21
650,40,10.2313352756,436500144.0000000000,11
650,41,10.2308180916,436524816.0000000000,20
650,42,10.2281317377,436519168.0000000000,22
650,43,10.2318810033,436496944.0000000000,31
650,44,10.2248327812,436206816.0000000000,33
650,45,2.6516764697,132072656.0000000000,28
650,46,2.6506746933,132144144.0000000000,34
650,47,2.6514082492,132136544.0000000000,31
650,48,2.6521603051,132145920.0000000000,27
650,49,2.6522496400,132147056.0000000000,32
650,50,2.6517562097,132139376.0000000000,30
650,51,2.6512303230,132141424.0000000000,33
650,52,2.6507960550,132143120.0000000000,35
650,53,2.6501946651,132069072.0000000000,29
650,54,0.6744901197,54827568.0000000000,16
650,55,0.6734506594,54827568.0000000000,10
650,56,0.6732905313,54827568.0000000000,11
650,57,0.6724934884,54827568.0000000000,25
650,58,0.6737947467,54827568.0000000000,13
650,59,0.6724573392,54827568.0000000000,15
650,60,0.6732388323,54827568.0000000000,9
650,61,0.6731226273,54827568.0000000000,22
650,62,0.6736168405,54827568.0000000000,12
650,63,0.6720994432,54827568.0000000000,15
650,64,0.6750017040,54827568.0000000000,14
650,65,0.6727335095,54827568.0000000000,21
650,66,0.6732446309,54827568.0000000000,18
650,67,0.6745859570,54827568.0000000000,20
650,68,0.6745229899,54827568.0000000000,19
650,69,0.6730600798,54827568.0000000000,12
650,70,0.6740488240,54827568.0000000000,23
650,71,0.6734261154,54827568.0000000000,13
650,72,0.6739325919,54827568.0000000000,10
650,73,0.6740347369,54827568.0000000000,16
650,74,0.6743642413,54827568.0000000000,14
650,75,0.6731554958,54827568.0000000000,11
650,76,0.6733218374,54827568.0000000000,13
650,77,0.6732837110,54827568.0000000000,24
650,78,0.6744465127,54827568.0000000000,20
650,79,0.6743563440,54827568.0000000000,14
650,80,0.6744360693,54827568.0000000000,20
650,81,0.6732637064,54827568.0000000000,12
650,82,0.6736367465,54827568.0000000000,13
650,83,0.6727882805,54827568.0000000000,18
650,84,0.6732623450,54827568.0000000000,9
650,85,0.6742286254,54827568.0000000000,14
650,86,0.6728240383,54827568.0000000000,22
650,87,0.6731733597,54827568.0000000000,17
650,88,0.6728782831,54827568.0000000000,17
650,89,0.6730740018,54827568.0000000000,11
650,90,0.6721795051,54827568.0000000000,25
650,91,0.6746468003,54827568.0000000000,16
650,92,0.6730501256,54827568.0000000000,24
650,93,0.6725726390,54827568.0000000000,21
650,94,0.6736960258,54827568.0000000000,10
650,95,0.6740554897,54827568.0000000000,23
650,96,0.6732325300,54827568.0000000000,26
650,97,0.6726651314,54827568.0000000000,21
650,98,0.6729932703,54827568.0000000000,24
650,99,0.6722600559,54827568.0000000000,15
650,100,0.6732920398,54827568.0000000000,9
650,101,0.6730795808,54827568.0000000000,11
650,102,0.6729657120,54827568.0000000000,26
650,103,0.6745317515,54827568.0000000000,16
650,104,0.6730792541,54827568.0000000000,26
650,105,0.6732712584,54827568.0000000000,9
650,106,0.6733155641,54827568.0000000000,10
650,107,0.6727171062,54827568.0000000000,18
650,108,0.6724422255,54827568.0000000000,25
650,109,0.6741120944,54827568.0000000000,19
650,110,0.6742942127,54827568.0000000000,23
650,111,0.6721436449,54827568.0000000000,15
650,112,0.6727256368,54827568.0000000000,17
650,113,0.6730683291,54827568.0000000000,22
650,114,0.6742781952,54827568.0000000000,19
650,115,0.6734207685,54827568.0000000000,12
650,116,0.6729218106,54827568.0000000000,17
650,117,0.5828713830,47074864.0000000000,29
650,118,0.5835643697,47074864.0000000000,28
650,119,0.5831058064,47074864.0000000000,23
650,120,0.5831212276,47074864.0000000000,16
650,121,0.5814013965,47074864.0000000000,17
650,122,0.5832444537,47074864.0000000000,35
650,123,0.5826250034,47074864.0000000000,33
650,124,0.5822324453,47074864.0000000000,34
650,125,0.5825126589,47074864.0000000000,31
650,126,0.5831462568,47074864.0000000000,32
650,127,0.5827689650,47074864.0000000000,27
650,128,0.5808218018,47074864.0000000000,21
650,129,0.5818142843,47074864.0000000000,18
650,130,0.5833002435,47074864.0000000000,23
650,131,0.5827037426,47074864.0000000000,19
650,132,0.5812247594,47074864.0000000000,21
650,133,0.5816247518,47074864.0000000000,22
650,134,0.5825057750,47074864.0000000000,20
650,135,0.5833435817,47074864.0000000000,30
650,136,0.5813071138,47074864.0000000000,15
650,137,0.5835303898,47074864.0000000000,13
650,138,0.5815980489,47074864.0000000000,25
650,139,0.5826216739,47074864.0000000000,10
650,140,0.5818273510,47074864.0000000000,26
650,141,0.5814646611,47074864.0000000000,22
650,142,0.5815569091,47074864.0000000000,25
650,143,0.5827353372,47074864.0000000000,20
650,144,0.5834247726,47074864.0000000000,14
650,145,0.5819718433,47074864.0000000000,26
650,146,0.5814784870,47074864.0000000000,24
650,147,0.5818037927,47074864.0000000000,18
650,148,0.5816111628,47074864.0000000000,11
650,149,0.5815766666,47074864.0000000000,24
650,150,0.5826430692,47074864.0000000000,19
650,151,0.5818755267,47074864.0000000000,9
650,152,0.5822020023,47074864.0000000000,12
700,0,0.2410372650,326513056.0000000000,7
700,1,0.2447044070,323167632.0000000000,8
700,2,0.2479646480,322263088.0000000000,3
700,3,0.2573634420,329230928.0000000000,0
700,4,0.2591722930,330464592.0000000000,2
700,5,0.2595215600,331285280.0000000000,1
700,6,0.2673985200,341365040.0000000000,5
700,7,0.2633753460,343117168.0000000000,4
700,8,0.2504562100,336777856.0000000000,6
700,9,0.3179699220,436323792.0000000000,1
700,10,0.3188496830,436588416.0000000000,3
700,11,0.3195063250,436899552.0000000000,29
700,12,0.3206305060,437452944.0000000000,32
700,13,0.3211178290,437793424.0000000000,24
700,14,0.3206371930,437442752.0000000000,28
700,15,0.3192437210,436891152.0000000000,15
700,16,0.3182688350,436607568.0000000000,35
700,17,0.3180768930,436334288.0000000000,6
700,18,0.3176665850,436390176.0000000000,0
700,19,0.3180277790,436508880.0000000000,4
700,20,0.3177161360,436512480.0000000000,7
700,21,0.3178830140,436509584.0000000000,14
700,22,0.3175601080,436508240.0000000000,9
700,23,0.3176225000,436508720.0000000000,34
700,24,0.3180521590,436511248.0000000000,5
700,25,0.3178847560,436512352.0000000000,2
700,26,0.3177006610,436389744.0000000000,23
700,27,0.3176756520,436393584.0000000000,16
700,28,0.3178641570,436516960.0000000000,13
700,29,0.3175346290,436504192.0000000000,10
700,30,0.3179133820,436510832.0000000000,18
700,31,0.3177896050,436512016.0000000000,12
700,32,0.3176164080,436509424.0000000000,30
700,33,0.3177449240,436506704.0000000000,27
700,34,0.3176072580,436512416.0000000000,8
700,35,0.3176047930,436394480.0000000000,19
700,36,0.3176496110,436181232.0000000000,25
700,37,0.3180171430,436492800.0000000000,26
700,38,0.3177828590,436521312.0000000000,17
700,39,0.3179008090,436510864.0000000000,21
700,40,0.3179787700,436502144.0000000000,11
700,41,0.3178658590,436522304.0000000000,20
700,42,0.3178331360,436518416.0000000000,22
700,43,0.3179350140,436501568.0000000000,31
700,44,0.3177424140,436180800.0000000000,33
700,45,0.0822810080,132066992.0000000000,28
700,46,0.0820682510,132145712.0000000000,34
700,47,0.0821188860,132133184.0000000000,31
700,48,0.0821055610,132144368.0000000000,27
700,49,0.0821779840,132146016.0000000000,32
700,50,0.0820816830,132141440.0000000000,30
700,51,0.0821806710,132140976.0000000000,33
700,52,0.0822091450,132141824.0000000000,35
700,53,0.0821643230,132063936.0000000000,29
700,54,0.0206103320,54827568.0000000000,16
700,55,0.0206384430,54827568.0000000000,10
700,56,0.0206109670,54827568.0000000000,11
700,57,0.0206173600,54827568.0000000000,25
700,58,0.0206886540,54827568.0000000000,13
700,59,0.0205571490,54827568.0000000000,15
700,60,0.0205885020,54827568.0000000000,9
700,61,0.0205800370,54827568.0000000000,22
700,62,0.0206781030,54827568.0000000000,12
700,63,0.0205521010,54827568.0000000000,15
700,64,0.0206869220,54827568.0000000000,14
700,65,0.0205785450,54827568.0000000000,21
700,66,0.0205904060,54827568.0000000000,18
700,67,0.0206010670,54827568.0000000000,20
700,68,0.0206261420,54827568.0000000000,19
700,69,0.0206606110,54827568.0000000000,12
700,70,0.0206177910,54827568.0000000000,23
700,71,0.0206959400,54827568.0000000000,13
700,72,0.0205830810,54827568.0000000000,10
700,73,0.0206541990,54827568.0000000000,16
700,74,0.0206338090,54827568.0000000000,14
700,75,0.0206189020,54827568.0000000000,11
700,76,0.0206424060,54827568.0000000000,13
700,77,0.0206306490,54827568.0000000000,24
700,78,0.0206822450,54827568.0000000000,20
700,79,0.0206297890,54827568.0000000000,14
700,80,0.0206481400,54827568.0000000000,20
700,81,0.0205501300,54827568.0000000000,12
700,82,0.0206553200,54827568.0000000000,13
700,83,0.0205912170,54827568.0000000000,18
700,84,0.0206300530,54827568.0000000000,9
700,85,0.0206426660,54827568.0000000000,14
700,86,0.0205258740,54827568.0000000000,22
700,87,0.0206398490,54827568.0000000000,17
700,88,0.0205106490,54827568.0000000000,17
700,89,0.0206286630,54827568.0000000000,11
700,90,0.0205993160,54827568.0000000000,25
700,91,0.0206786160,54827568.0000000000,16
700,92,0.0205705220,54827568.0000000000,24
700,93,0.0205897760,54827568.0000000000,21
700,94,0.0205896750,54827568.0000000000,10
700,95,0.0206572070,54827568.0000000000,23
700,96,0.0206790510,54827568.0000000000,26
700,97,0.0205923730,54827568.0000000000,21
700,98,0.0206051890,54827568.0000000000,24
700,99,0.0206038000,54827568.0000000000,15
700,100,0.0206111480,54827568.0000000000,9
700,101,0.0206947370,54827568.0000000000,11
700,102,0.0206296040,54827568.0000000000,26
700,103,0.0206302810,54827568.0000000000,16
700,104,0.0206106880,54827568.0000000000,26
700,105,0.0205618100,54827568.0000000000,9
700,106,0.0205222950,54827568.0000000000,10
700,107,0.0206113640,54827568.0000000000,18
700,108,0.0205669260,54827568.0000000000,25
700,109,0.0205904550,54827568.0000000000,19
700,110,0.0206359060,54827568.0000000000,23
700,111,0.0205584950,54827568.0000000000,15
700,112,0.0206312330,54827568.0000000000,17
700,113,0.0206210200,54827568.0000000000,22
700,114,0.0206055050,54827568.0000000000,19
700,115,0.0205669480,54827568.0000000000,12
700,116,0.0206425260,54827568.0000000000,17
700,117,0.0178654460,47074864.0000000000,29
700,118,0.0178944020,47074864.0000000000,28
700,119,0.0178579700,47074864.0000000000,23
700,120,0.0178726640,47074864.0000000000,16
700,121,0.0177966550,47074864.0000000000,17
700,122,0.0178556050,47074864.0000000000,35
700,123,0.0178603440,47074864.0000000000,33
700,124,0.0178273540,47074864.0000000000,34
700,125,0.0178290060,47074864.0000000000,31
700,126,0.0178544050,47074864.0000000000,32
700,127,0.0178522230,47074864.0000000000,27
700,128,0.0177710510,47074864.0000000000,21
700,129,0.0177888600,47074864.0000000000,18
700,130,0.0178669860,47074864.0000000000,23
700,131,0.0178254010,47074864.0000000000,19
700,132,0.0177691160,47074864.0000000000,21
700,133,0.0177746490,47074864.0000000000,22
700,134,0.0178249060,47074864.0000000000,20
700,135,0.0178807620,47074864.0000000000,30
700,136,0.0177630920,47074864.0000000000,15
700,137,0.0178624050,47074864.0000000000,13
700,138,0.0178108450,47074864.0000000000,25
700,139,0.0178047370,47074864.0000000000,10
700,140,0.0178087980,47074864.0000000000,26
700,141,0.0178028010,47074864.0000000000,22
700,142,0.0178329870,47074864.0000000000,25
700,143,0.0178060880,47074864.0000000000,20
700,144,0.0178856700,47074864.0000000000,14
700,145,0.0178305720,47074864.0000000000,26
700,146,0.0178118550,47074864.0000000000,24
700,147,0.0178332990,47074864.0000000000,18
700,148,0.0177869810,47074864.0000000000,11
700,149,0.0177874760,47074864.0000000000,24
700,150,0.0178616820,47074864.0000000000,19
700,151,0.0178421080,47074864.0000000000,9
700,152,0.0177727330,47074864.0000000000,12
750,0,7.7544490951,326125776.0000000000,7
750,1,7.8480415942,322330992.0000000000,8
750,2,7.9238542798,319537968.0000000000,3
750,3,8.2031144785,325944336.0000000000,0
750,4,8.2539069644,326958800.0000000000,2
750,5,8.2957514151,328832048.0000000000,1
750,6,8.6003612808,341910800.0000000000,5
750,7,8.4913278097,344096720.0000000000,4
750,8,8.0738401311,337185200.0000000000,6
750,9,10.2370873697,436335184.0000000000,1
750,10,10.2793167581,436850272.0000000000,3
750,11,10.3287805743,438148800.0000000000,29
750,12,10.3970722519,440630272.0000000000,32
750,13,10.4299108274,442107440.0000000000,24
750,14,10.3979268219,440634080.0000000000,28
750,15,10.3258931316,438167840.0000000000,15
750,16,10.2616855275,436868192.0000000000,35
750,17,10.2369360653,436356016.0000000000,6
750,18,10.2195007717,436391472.0000000000,0
750,19,10.2276552178,436509872.0000000000,4
750,20,10.2307516839,436512368.0000000000,7
750,21,10.2309062233,436508720.0000000000,14
750,22,10.2194530543,436507232.0000000000,9
750,23,10.2207909121,436513808.0000000000,34
750,24,10.2364309730,436509568.0000000000,5
750,25,10.2312694715,436507376.0000000000,2
750,26,10.2230409412,436390288.0000000000,23
750,27,10.2225359050,436391744.0000000000,16
750,28,10.2289793283,436513936.0000000000,13
750,29,10.2222884688,436508688.0000000000,10
750,30,10.2231057110,436510496.0000000000,18
750,31,10.2269952447,436511584.0000000000,12
750,32,10.2242501301,436512128.0000000000,30
750,33,10.2256190320,436511248.0000000000,27
750,34,10.2225680453,436513472.0000000000,8
750,35,10.2215989192,436394496.0000000000,19
750,36,10.2255328713,436161696.0000000000,25
750,37,10.2310631265,436495872.0000000000,26
750,38,10.2297442647,436517632.0000000000,17
750,39,10.2272503579,436507840.0000000000,21
750,40,10.2322678408,436503024.0000000000,11
750,41,10.2301427281,436519392.0000000000,20
750,42,10.2293561979,436517552.0000000000,22
750,43,10.2312951918,436495072.0000000000,31
750,44,10.2249662296,436160768.0000000000,33
750,45,2.6517848107,132061920.0000000000,28
750,46,2.6500362685,132144672.0000000000,34
750,47,2.6516559307,132132096.0000000000,31
750,48,2.6518755903,132145680.0000000000,27
750,49,2.6521937175,132146256.0000000000,32
750,50,2.6523878158,132142112.0000000000,30
750,51,2.6517743206,132140128.0000000000,33
750,52,2.6503229952,132146912.0000000000,35
750,53,2.6507308617,132057552.0000000000,29
750,54,0.6742223156,54827568.0000000000,16
750,55,0.6738541289,54827568.0000000000,10
750,56,0.6732953178,54827568.0000000000,11
750,57,0.6722474729,54827568.0000000000,25
750,58,0.6735606655,54827568.0000000000,13
750,59,0.6726053771,54827568.0000000000,15
750,60,0.6733318582,54827568.0000000000,9
750,61,0.6729686300,54827568.0000000000,22
750,62,0.6735414988,54827568.0000000000,12
750,63,0.6724488353,54827568.0000000000,15
750,64,0.6746103228,54827568.0000000000,14
750,65,0.6725311065,54827568.0000000000,21
750,66,0.6730177401,54827568.0000000000,18
750,67,0.6743841115,54827568.0000000000,20
750,68,0.6741245979,54827568.0000000000,19
750,69,0.6731135440,54827568.0000000000,12
750,70,0.6742217167,54827568.0000000000,23
750,71,0.6736281947,54827568.0000000000,13
750,72,0.6734917220,54827568.0000000000,10
750,73,0.6743544670,54827568.0000000000,16
750,74,0.6745534876,54827568.0000000000,14
750,75,0.6729119074,54827568.0000000000,11
750,76,0.6735656383,54827568.0000000000,13
750,77,0.6735319932,54827568.0000000000,24
750,78,0.6742074307,54827568.0000000000,20
750,79,0.6742140243,54827568.0000000000,14
750,80,0.6744152208,54827568.0000000000,20
750,81,0.6735540677,54827568.0000000000,12
750,82,0.6735677494,54827568.0000000000,13
750,83,0.6728675837,54827568.0000000000,18
750,84,0.6732591786,54827568.0000000000,9
750,85,0.6744882964,54827568.0000000000,14
750,86,0.6730901072,54827568.0000000000,22
750,87,0.6731482065,54827568.0000000000,17
750,88,0.6727958223,54827568.0000000000,17
750,89,0.6729730734,54827568.0000000000,11
750,90,0.6723631907,54827568.0000000000,25
750,91,0.6743901869,54827568.0000000000,16
750,92,0.6729716654,54827568.0000000000,24
750,93,0.6721824637,54827568.0000000000,21
750,94,0.6738147508,54827568.0000000000,10
750,95,0.6741220912,54827568.0000000000,23
750,96,0.6736806753,54827568.0000000000,26
750,97,0.6729732097,54827568.0000000000,21
750,98,0.6730594121,54827568.0000000000,24
750,99,0.6724504155,54827568.0000000000,15
750,100,0.6732733427,54827568.0000000000,9
750,101,0.6734941137,54827568.0000000000,11
750,102,0.6731439339,54827568.0000000000,26
750,103,0.6742859898,54827568.0000000000,16
750,104,0.6731556238,54827568.0000000000,26
750,105,0.6733358724,54827568.0000000000,9
750,106,0.6735522430,54827568.0000000000,10
750,107,0.6730556477,54827568.0000000000,18
750,108,0.6721186755,54827568.0000000000,25
750,109,0.6744250650,54827568.0000000000,19
750,110,0.6744168325,54827568.0000000000,23
750,111,0.6723138220,54827568.0000000000,15
750,112,0.6729792042,54827568.0000000000,17
750,113,0.6729967104,54827568.0000000000,22
750,114,0.6744919177,54827568.0000000000,19
750,115,0.6732282213,54827568.0000000000,12
750,116,0.6729384752,54827568.0000000000,17
750,117,0.5828075052,47074864.0000000000,29
750,118,0.5835564508,47074864.0000000000,28
750,119,0.5829627236,47074864.0000000000,23
750,120,0.5831554939,47074864.0000000000,16
750,121,0.5817302940,47074864.0000000000,17
750,122,0.5835469853,47074864.0000000000,35
750,123,0.5825230325,47074864.0000000000,33
750,124,0.5824090895,47074864.0000000000,34
750,125,0.5824239904,47074864.0000000000,31
750,126,0.5831904074,47074864.0000000000,32
750,127,0.5826065990,47074864.0000000000,27
750,128,0.5810214736,47074864.0000000000,21
750,129,0.5815467140,47074864.0000000000,18
750,130,0.5832155650,47074864.0000000000,23
750,131,0.5827827926,47074864.0000000000,19
750,132,0.5813708235,47074864.0000000000,21
750,133,0.5814247182,47074864.0000000000,22
750,134,0.5825412738,47074864.0000000000,20
750,135,0.5834214976,47074864.0000000000,30
750,136,0.5811884154,47074864.0000000000,15
750,137,0.5833225234,47074864.0000000000,13
750,138,0.5815322047,47074864.0000000000,25
750,139,0.5827936656,47074864.0000000000,10
750,140,0.5816601768,47074864.0000000000,26
750,141,0.5815744244,47074864.0000000000,22
750,142,0.5815277193,47074864.0000000000,25
750,143,0.5824641721,47074864.0000000000,20
750,144,0.5841432668,47074864.0000000000,14
750,145,0.5818350167,47074864.0000000000,26
750,146,0.5815102289,47074864.0000000000,24
750,147,0.5818401353,47074864.0000000000,18
750,148,0.5815099627,47074864.0000000000,11
750,149,0.5813165095,47074864.0000000000,24
750,150,0.5829345558,47074864.0000000000,19
750,151,0.5814988341,47074864.0000000000,9
750,152,0.5819768048,47074864.0000000000,12
800,0,0.2410284340,325654688.0000000000,7
800,1,0.2421674420,321307552.0000000000,8
800,2,0.2399308660,315440928.0000000000,3
800,3,0.2437600660,318398656.0000000000,0
800,4,0.2440194980,318298320.0000000000,2
800,5,0.2485855070,323001312.0000000000,1
800,6,0.2647900500,340986896.0000000000,5
800,7,0.2653583910,344864592.0000000000,4
800,8,0.2521123960,337673184.0000000000,6
800,9,0.3188068540,436369904.0000000000,1
800,10,0.3219338370,437393136.0000000000,3
800,11,0.3266785160,440722112.0000000000,29
800,12,0.3343588710,447263024.0000000000,32
800,13,0.3385492490,451308352.0000000000,24
800,14,0.3342122430,447416464.0000000000,28
800,15,0.3264410820,440806784.0000000000,15
800,16,0.3212733860,437401984.0000000000,35
800,17,0.3187158870,436415600.0000000000,6
800,18,0.3175185320,436390704.0000000000,0
800,19,0.3180394020,436509584.0000000000,4
800,20,0.3180847120,436510464.0000000000,7
800,21,0.3178981490,436508288.0000000000,14
800,22,0.3174924270,436508448.0000000000,9
800,23,0.3177239280,436517616.0000000000,34
800,24,0.3179816510,436509120.0000000000,5
800,25,0.3180003730,436508944.0000000000,2
800,26,0.3175038290,436386992.0000000000,23
800,27,0.3175192880,436387248.0000000000,16
800,28,0.3176998760,436509440.0000000000,13
800,29,0.3176328080,436508496.0000000000,10
800,30,0.3176811630,436511984.0000000000,18
800,31,0.3177871960,436509552.0000000000,12
800,32,0.3175864970,436512032.0000000000,30
800,33,0.3177608430,436511984.0000000000,27
800,34,0.3176173860,436513728.0000000000,8
800,35,0.3176506940,436390208.0000000000,19
800,36,0.3177232210,436141312.0000000000,25
800,37,0.3179391280,436495712.0000000000,26
800,38,0.3177107820,436517008.0000000000,17
800,39,0.3178742540,436507200.0000000000,21
800,40,0.3179230300,436505600.0000000000,11
800,41,0.3179007650,436514768.0000000000,20
800,42,0.3178033590,436516832.0000000000,22
800,43,0.3178198880,436493584.0000000000,31
800,44,0.3176946320,436141536.0000000000,33
800,45,0.0821504110,132051712.0000000000,28
800,46,0.0822325210,132148048.0000000000,34
800,47,0.0821928240,132130080.0000000000,31
800,48,0.0821698520,132145728.0000000000,27
800,49,0.0820890970,132146688.0000000000,32
800,50,0.0821929250,132142128.0000000000,30
800,51,0.0820976490,132142144.0000000000,33
800,52,0.0821237210,132145136.0000000000,35
800,53,0.0820874190,132049376.0000000000,29
800,54,0.0206073880,54827568.0000000000,16
800,55,0.0205919660,54827568.0000000000,10
800,56,0.0206070440,54827568.0000000000,11
800,57,0.0205751470,54827568.0000000000,25
800,58,0.0205926580,54827568.0000000000,13
800,59,0.0205881180,54827568.0000000000,15
800,60,0.0206683550,54827568.0000000000,9
800,61,0.0206425430,54827568.0000000000,22
800,62,0.0206257930,54827568.0000000000,12
800,63,0.0206161630,54827568.0000000000,15
800,64,0.0205806240,54827568.0000000000,14
800,65,0.0205524400,54827568.0000000000,21
800,66,0.0206152230,54827568.0000000000,18
800,67,0.0206452600,54827568.0000000000,20
800,68,0.0207034740,54827568.0000000000,19
800,69,0.0206584040,54827568.0000000000,12
800,70,0.0205714790,54827568.0000000000,23
800,71,0.0206965910,54827568.0000000000,13
800,72,0.0205730480,54827568.0000000000,10
800,73,0.0206982140,54827568.0000000000,16
800,74,0.0206456290,54827568.0000000000,14
800,75,0.0205813460,54827568.0000000000,11
800,76,0.0206357400,54827568.0000000000,13
800,77,0.0206249250,54827568.0000000000,24
800,78,0.0206191000,54827568.0000000000,20
800,79,0.0205995890,54827568.0000000000,14
800,80,0.0205794940,54827568.0000000000,20
800,81,0.0206032460,54827568.0000000000,12
800,82,0.0206128870,54827568.0000000000,13
800,83,0.0206294210,54827568.0000000000,18
800,84,0.0205929470,54827568.0000000000,9
800,85,0.0205737320,54827568.0000000000,14
800,86,0.0206955080,54827568.0000000000,22
800,87,0.0205850050,54827568.0000000000,17
800,88,0.0206406320,54827568.0000000000,17
800,89,0.0206024360,54827568.0000000000,11
800,90,0.0205939450,54827568.0000000000,25
800,91,0.0206460820,54827568.0000000000,16
800,92,0.0206249740,54827568.0000000000,24
800,93,0.0206515340,54827568.0000000000,21
800,94,0.0206185080,54827568.0000000000,10
800,95,0.0205719880,54827568.0000000000,23
800,96,0.0205211950,54827568.0000000000,26
800,97,0.0206372750,54827568.0000000000,21
800,98,0.0205880140,54827568.0000000000,24
800,99,0.0205774980,54827568.0000000000,15
800,100,0.0205877070,54827568.0000000000,9
800,101,0.0205783190,54827568.0000000000,11
800,102,0.0206203860,54827568.0000000000,26
800,103,0.0206330290,54827568.0000000000,16
800,104,0.0206840170,54827568.0000000000,26
800,105,0.0205933380,54827568.0000000000,9
800,106,0.0206146790,54827568.0000000000,10
800,107,0.0206001740,54827568.0000000000,18
800,108,0.0206481900,54827568.0000000000,25
800,109,0.0206042220,54827568.0000000000,19
800,110,0.0206301400,54827568.0000000000,23
800,111,0.0205581100,54827568.0000000000,15
800,112,0.0205946030,54827568.0000000000,17
800,113,0.0206062650,54827568.0000000000,22
800,114,0.0205708580,54827568.0000000000,19
800,115,0.0206939820,54827568.0000000000,12
800,116,0.0205552560,54827568.0000000000,17
800,117,0.0178553240,47074864.0000000000,29
800,118,0.0178814220,47074864.0000000000,28
800,119,0.0178415940,47074864.0000000000,23
800,120,0.0178834330,47074864.0000000000,16
800,121,0.0178143680,47074864.0000000000,17
800,122,0.0178593720,47074864.0000000000,35
800,123,0.0178499340,47074864.0000000000,33
800,124,0.0178206160,47074864.0000000000,34
800,125,0.0178360960,47074864.0000000000,31
800,126,0.0178121810,47074864.0000000000,32
800,127,0.0178089980,47074864.0000000000,27
800,128,0.0177557570,47074864.0000000000,21
800,129,0.0178314620,47074864.0000000000,18
800,130,0.0178693470,47074864.0000000000,23
800,131,0.0178450380,47074864.0000000000,19
800,132,0.0178114040,47074864.0000000000,21
800,133,0.0177939900,47074864.0000000000,22
800,134,0.0178312730,47074864.0000000000,20
800,135,0.0178674060,47074864.0000000000,30
800,136,0.0177789640,47074864.0000000000,15
800,137,0.0178675360,47074864.0000000000,13
800,138,0.0178137480,47074864.0000000000,25
800,139,0.0178669160,47074864.0000000000,10
800,140,0.0178128160,47074864.0000000000,26
800,141,0.0178032660,47074864.0000000000,22
800,142,0.0177971240,47074864.0000000000,25
800,143,0.0178341490,47074864.0000000000,20
800,144,0.0178760410,47074864.0000000000,14
800,145,0.0178039690,47074864.0000000000,26
800,146,0.0177853740,47074864.0000000000,24
800,147,0.0177924180,47074864.0000000000,18
800,148,0.0177825620,47074864.0000000000,11
800,149,0.0177904740,47074864.0000000000,24
800,150,0.0178670130,47074864.0000000000,19
800,151,0.0178006750,47074864.0000000000,9
800,152,0.0178019750,47074864.0000000000,12
850,0,7.7524489411,325124960.0000000000,7
850,1,7.7725218907,320261648.0000000000,8
850,2,7.6124341880,310857040.0000000000,3
850,3,7.6149522683,307995984.0000000000,0
850,4,7.5793969905,305943552.0000000000,2
850,5,7.8161443049,314769024.0000000000,1
850,6,8.4668544369,338464912.0000000000,5
850,7,8.5502044475,345548688.0000000000,4
850,8,8.1509266281,338280336.0000000000,6
850,9,10.2697279377,436407424.0000000000,1
850,10,10.3912811881,438114528.0000000000,3
850,11,10.6008207312,444319776.0000000000,29
850,12,10.9674634212,456722208.0000000000,32
850,13,11.1872252756,464590880.0000000000,24
850,14,10.9800916774,457300800.0000000000,28
850,15,10.6017571323,444633152.0000000000,15
850,16,10.3630931344,438163808.0000000000,35
850,17,10.2621943603,436498816.0000000000,6
850,18,10.2203474330,436390624.0000000000,0
850,19,10.2278537851,436513456.0000000000,4
850,20,10.2304572576,436509120.0000000000,7
850,21,10.2321469092,436509216.0000000000,14
850,22,10.2198956431,436510432.0000000000,9
850,23,10.2213120186,436515504.0000000000,34
850,24,10.2347273304,436506112.0000000000,5
850,25,10.2309732379,436511936.0000000000,2
850,26,10.2225198324,436385440.0000000000,23
850,27,10.2227726237,436386640.0000000000,16
850,28,10.2274399450,436506960.0000000000,13
850,29,10.2224670046,436510864.0000000000,10
850,30,10.2245185424,436508224.0000000000,18
850,31,10.2273313432,436513904.0000000000,12
850,32,10.2244148257,436511472.0000000000,30
850,33,10.2264632742,436505520.0000000000,27
850,34,10.2227109817,436513408.0000000000,8
850,35,10.2204540870,436388944.0000000000,19
850,36,10.2242111132,436118688.0000000000,25
850,37,10.2325189693,436499824.0000000000,26
850,38,10.2294785451,436518112.0000000000,17
850,39,10.2278910965,436507744.0000000000,21
850,40,10.2318245496,436500752.0000000000,11
850,41,10.2310369973,436516000.0000000000,20
850,42,10.2290962431,436522112.0000000000,22
850,43,10.2318011119,436493040.0000000000,31
850,44,10.2231080700,436125552.0000000000,33
850,45,2.6518024027,132044032.0000000000,28
850,46,2.6505805789,132149200.0000000000,34
850,47,2.6511004774,132127120.0000000000,31
850,48,2.6515316619,132148448.0000000000,27
850,49,2.6519899264,132147024.0000000000,32
850,50,2.6524403075,132140704.0000000000,30
850,51,2.6509030204,132142272.0000000000,33
850,52,2.6510610941,132143440.0000000000,35
850,53,2.6500013286,132042512.0000000000,29
850,54,0.6743756823,54827568.0000000000,16
850,55,0.6736560076,54827568.0000000000,10
850,56,0.6735891891,54827568.0000000000,11
850,57,0.6724502265,54827568.0000000000,25
850,58,0.6738421119,54827568.0000000000,13
850,59,0.6727847686,54827568.0000000000,15
850,60,0.6736572999,54827568.0000000000,9
850,61,0.6729831971,54827568.0000000000,22
850,62,0.6734974637,54827568.0000000000,12
850,63,0.6724644107,54827568.0000000000,15
850,64,0.6750174672,54827568.0000000000,14
850,65,0.6727158631,54827568.0000000000,21
850,66,0.6735013720,54827568.0000000000,18
850,67,0.6746262062,54827568.0000000000,20
850,68,0.6742340050,54827568.0000000000,19
850,69,0.6732873144,54827568.0000000000,12
850,70,0.6744569661,54827568.0000000000,23
850,71,0.6736584060,54827568.0000000000,13
850,72,0.6736351851,54827568.0000000000,10
850,73,0.6741545230,54827568.0000000000,16
850,74,0.6743707516,54827568.0000000000,14
850,75,0.6732914642,54827568.0000000000,11
850,76,0.6735190001,54827568.0000000000,13
850,77,0.6733200563,54827568.0000000000,24
850,78,0.6743713823,54827568.0000000000,20
850,79,0.6743061916,54827568.0000000000,14
850,80,0.6742818901,54827568.0000000000,20
850,81,0.6731831879,54827568.0000000000,12
850,82,0.6737885873,54827568.0000000000,13
850,83,0.6731253610,54827568.0000000000,18
850,84,0.6733011784,54827568.0000000000,9
850,85,0.6743047091,54827568.0000000000,14
850,86,0.6728465116,54827568.0000000000,22
850,87,0.6730888298,54827568.0000000000,17
850,88,0.6728079258,54827568.0000000000,17
850,89,0.6729622962,54827568.0000000000,11
850,90,0.6726385909,54827568.0000000000,25
850,91,0.6745565737,54827568.0000000000,16
850,92,0.6726683639,54827568.0000000000,24
850,93,0.6728606007,54827568.0000000000,21
850,94,0.6736130949,54827568.0000000000,10
850,95,0.6741407833,54827568.0000000000,23
850,96,0.6731823867,54827568.0000000000,26
850,97,0.6731360474,54827568.0000000000,21
850,98,0.6731680504,54827568.0000000000,24
850,99,0.6724665920,54827568.0000000000,15
850,100,0.6732120050,54827568.0000000000,9
850,101,0.6732211585,54827568.0000000000,11
850,102,0.6731554168,54827568.0000000000,26
850,103,0.6742066797,54827568.0000000000,16
850,104,0.6734039166,54827568.0000000000,26
850,105,0.6736227955,54827568.0000000000,9
850,106,0.6736341217,54827568.0000000000,10
850,107,0.6730943450,54827568.0000000000,18
850,108,0.6725590622,54827568.0000000000,25
850,109,0.6742152377,54827568.0000000000,19
850,110,0.6743141211,54827568.0000000000,23
850,111,0.6722539956,54827568.0000000000,15
850,112,0.6732791271,54827568.0000000000,17
850,113,0.6728195655,54827568.0000000000,22
850,114,0.6742483511,54827568.0000000000,19
850,115,0.6735147533,54827568.0000000000,12
850,116,0.6731193660,54827568.0000000000,17
850,117,0.5825583520,47074864.0000000000,29
850,118,0.5836608936,47074864.0000000000,28
850,119,0.5831937083,47074864.0000000000,23
850,120,0.5829818074,47074864.0000000000,16
850,121,0.5814391927,47074864.0000000000,17
850,122,0.5831505782,47074864.0000000000,35
850,123,0.5822947627,47074864.0000000000,33
850,124,0.5822048574,47074864.0000000000,34
850,125,0.5825077223,47074864.0000000000,31
850,126,0.5833097309,47074864.0000000000,32
850,127,0.5824411992,47074864.0000000000,27
850,128,0.5810093048,47074864.0000000000,21
850,129,0.5817691535,47074864.0000000000,18
850,130,0.5832346085,47074864.0000000000,23
850,131,0.5827160037,47074864.0000000000,19
850,132,0.5811399574,47074864.0000000000,21
850,133,0.5814541455,47074864.0000000000,22
850,134,0.5825364062,47074864.0000000000,20
850,135,0.5833484345,47074864.0000000000,30
850,136,0.5812981694,47074864.0000000000,15
850,137,0.5832076945,47074864.0000000000,13
850,138,0.5814562704,47074864.0000000000,25
850,139,0.5826624513,47074864.0000000000,10
850,140,0.5817321050,47074864.0000000000,26
850,141,0.5815308567,47074864.0000000000,22
850,142,0.5815254003,47074864.0000000000,25
850,143,0.5826551085,47074864.0000000000,20
850,144,0.5835060310,47074864.0000000000,14
850,145,0.5818027954,47074864.0000000000,26
850,146,0.5813038408,47074864.0000000000,24
850,147,0.5818737637,47074864.0000000000,18
850,148,0.5816668083,47074864.0000000000,11
850,149,0.5812940843,47074864.0000000000,24
850,150,0.5826769041,47074864.0000000000,19
850,151,0.5815177093,47074864.0000000000,9
850,152,0.5819118291,47074864.0000000000,12
900,0,0.2409292260,324414480.0000000000,7
900,1,0.2403201030,319064576.0000000000,8
900,2,0.2292996920,306171952.0000000000,3
900,3,0.2179108720,295704880.0000000000,0
900,4,0.2131530330,291180704.0000000000,2
900,5,0.2267946110,304920608.0000000000,1
900,6,0.2579627310,334895792.0000000000,5
900,7,0.2674762090,346411312.0000000000,4
900,8,0.2550774580,339055152.0000000000,6
900,9,0.3200448400,436443296.0000000000,1
900,10,0.3256613590,438847232.0000000000,3
900,11,0.3370449610,447882720.0000000000,29
900,12,0.3578885140,466210624.0000000000,32
900,13,0.3710446840,478252080.0000000000,24
900,14,0.3594738720,467685440.0000000000,28
900,15,0.3375346810,448628528.0000000000,15
900,16,0.3248338230,438954416.0000000000,35
900,17,0.3196522220,436581024.0000000000,6
900,18,0.3175426880,436386400.0000000000,0
900,19,0.3176671340,436508304.0000000000,4
900,20,0.3179758810,436509680.0000000000,7
900,21,0.3178375100,436514832.0000000000,14
900,22,0.3176445870,436505200.0000000000,9
900,23,0.3176280520,436508704.0000000000,34
900,24,0.3180623500,436513264.0000000000,5
900,25,0.3180364620,436506416.0000000000,2
900,26,0.3177264730,436384624.0000000000,23
900,27,0.3176639090,436383136.0000000000,16
900,28,0.3179373130,436508736.0000000000,13
900,29,0.3175399640,436510608.0000000000,10
900,30,0.3177790540,436508000.0000000000,18
900,31,0.3176365510,436510304.0000000000,12
900,32,0.3177403210,436513840.0000000000,30
900,33,0.3177894210,436509776.0000000000,27
900,34,0.3175870460,436511920.0000000000,8
900,35,0.3176210460,436385792.0000000000,19
900,36,0.3178244810,436097312.0000000000,25
900,37,0.3179872760,436500576.0000000000,26
900,38,0.3178641580,436524288.0000000000,17
900,39,0.3178617560,436504800.0000000000,21
900,40,0.3181478290,436500160.0000000000,11
900,41,0.3178534690,436514688.0000000000,20
900,42,0.3178456640,436529280.0000000000,22
900,43,0.3179435840,436496096.0000000000,31
900,44,0.3174136920,436104272.0000000000,33
900,45,0.0821486630,132036160.0000000000,28
900,46,0.0820716980,132147744.0000000000,34
900,47,0.0822881840,132126560.0000000000,31
900,48,0.0821766600,132147936.0000000000,27
900,49,0.0821176980,132147728.0000000000,32
900,50,0.0821520310,132139856.0000000000,30
900,51,0.0821447710,132136928.0000000000,33
900,52,0.0820786630,132141200.0000000000,35
900,53,0.0821053710,132037616.0000000000,29
900,54,0.0206129650,54827568.0000000000,16
900,55,0.0205884150,54827568.0000000000,10
900,56,0.0206914550,54827568.0000000000,11
900,57,0.0206481990,54827568.0000000000,25
900,58,0.0206353250,54827568.0000000000,13
900,59,0.0206078040,54827568.0000000000,15
900,60,0.0206219100,54827568.0000000000,9
900,61,0.0205753240,54827568.0000000000,22
900,62,0.0206119890,54827568.0000000000,12
900,63,0.0205687980,54827568.0000000000,15
900,64,0.0206537410,54827568.0000000000,14
900,65,0.0205554770,54827568.0000000000,21
900,66,0.0206552390,54827568.0000000000,18
900,67,0.0206158340,54827568.0000000000,20
900,68,0.0206423240,54827568.0000000000,19
900,69,0.0206403670,54827568.0000000000,12
900,70,0.0206611000,54827568.0000000000,23
900,71,0.0206714260,54827568.0000000000,13
900,72,0.0205496090,54827568.0000000000,10
900,73,0.0206179460,54827568.0000000000,16
900,74,0.0206692820,54827568.0000000000,14
900,75,0.0206855710,54827568.0000000000,11
900,76,0.0205972920,54827568.0000000000,13
900,77,0.0205635250,54827568.0000000000,24
900,78,0.0206505590,54827568.0000000000,20
900,79,0.0206375190,54827568.0000000000,14
900,80,0.0206031800,54827568.0000000000,20
900,81,0.0206449660,54827568.0000000000,12
900,82,0.0205965000,54827568.0000000000,13
900,83,0.0205934600,54827568.0000000000,18
900,84,0.0206870450,54827568.0000000000,9
900,85,0.0207133870,54827568.0000000000,14
900,86,0.0206053940,54827568.0000000000,22
900,87,0.0206260400,54827568.0000000000,17
900,88,0.0205710530,54827568.0000000000,17
900,89,0.0205722600,54827568.0000000000,11
900,90,0.0206585090,54827568.0000000000,25
900,91,0.0206574730,54827568.0000000000,16
900,92,0.0205741350,54827568.0000000000,24
900,93,0.0206067960,54827568.0000000000,21
900,94,0.0206430090,54827568.0000000000,10
900,95,0.0206742170,54827568.0000000000,23
900,96,0.0206117580,54827568.0000000000,26
900,97,0.0206032980,54827568.0000000000,21
900,98,0.0205784620,54827568.0000000000,24
900,99,0.0206249550,54827568.0000000000,15
900,100,0.0205775720,54827568.0000000000,9
900,101,0.0206494930,54827568.0000000000,11
900,102,0.0206247220,54827568.0000000000,26
900,103,0.0207319770,54827568.0000000000,16
900,104,0.0207118140,54827568.0000000000,26
900,105,0.0205968210,54827568.0000000000,9
900,106,0.0206444430,54827568.0000000000,10
900,107,0.0206854270,54827568.0000000000,18
900,108,0.0205958390,54827568.0000000000,25
900,109,0.0206414430,54827568.0000000000,19
900,110,0.0206808460,54827568.0000000000,23
900,111,0.0205965900,54827568.0000000000,15
900,112,0.0205932000,54827568.0000000000,17
900,113,0.0205566080,54827568.0000000000,22
900,114,0.0206797240,54827568.0000000000,19
900,115,0.0206333590,54827568.0000000000,12
900,116,0.0206310820,54827568.0000000000,17
900,117,0.0178583310,47074864.0000000000,29
900,118,0.0178240560,47074864.0000000000,28
900,119,0.0178246110,47074864.0000000000,23
900,120,0.0178530040,47074864.0000000000,16
900,121,0.0177909540,47074864.0000000000,17
900,122,0.0178777090,47074864.0000000000,35
900,123,0.0177997960,47074864.0000000000,33
900,124,0.0177851380,47074864.0000000000,34
900,125,0.0177757630,47074864.0000000000,31
900,126,0.0178324120,47074864.0000000000,32
900,127,0.0178212310,47074864.0000000000,27
900,128,0.0177703380,47074864.0000000000,21
900,129,0.0178057630,47074864.0000000000,18
900,130,0.0178549870,47074864.0000000000,23
900,131,0.0178598260,47074864.0000000000,19
900,132,0.0177755860,47074864.0000000000,21
900,133,0.0177981900,47074864.0000000000,22
900,134,0.0178234680,47074864.0000000000,20
900,135,0.0178875490,47074864.0000000000,30
900,136,0.0177707330,47074864.0000000000,15
900,137,0.0178303990,47074864.0000000000,13
900,138,0.0177802320,47074864.0000000000,25
900,139,0.0178319820,47074864.0000000000,10
900,140,0.0177773680,47074864.0000000000,26
900,141,0.0178028470,47074864.0000000000,22
900,142,0.0178226260,47074864.0000000000,25
900,143,0.0178220850,47074864.0000000000,20
900,144,0.0178679710,47074864.0000000000,14
900,145,0.0178005110,47074864.0000000000,26
900,146,0.0178024560,47074864.0000000000,24
900,147,0.0177829570,47074864.0000000000,18
900,148,0.0177767560,47074864.0000000000,11
900,149,0.0177876380,47074864.0000000000,24
900,150,0.0178304390,47074864.0000000000,19
900,151,0.0177880180,47074864.0000000000,9
900,152,0.0177906600,47074864.0000000000,12
950,0,7.7495996096,323647648.0000000000,7
950,1,7.7301823030,318043392.0000000000,8
950,2,7.3167020430,303214800.0000000000,3
950,3,6.8221540595,286650128.0000000000,0
950,4,6.6132530603,280329456.0000000000,2
950,5,7.1392754102,297638400.0000000000,1
950,6,8.2581702894,332005856.0000000000,5
950,7,8.6429641871,347761248.0000000000,4
950,8,8.2450186703,339980272.0000000000,6
950,9,10.3100416160,436451600.0000000000,1
950,10,10.5087034139,439370608.0000000000,3
950,11,10.9145427630,450334400.0000000000,29
950,12,11.6786595614,472756016.0000000000,32
950,13,12.1786347321,488079408.0000000000,24
950,14,11.7579575060,475538656.0000000000,28
950,15,10.9465533734,451729696.0000000000,15
950,16,10.4663128841,439554624.0000000000,35
950,17,10.2937775791,436650016.0000000000,6
950,18,10.2200847868,436384640.0000000000,0
950,19,10.2277291539,436508448.0000000000,4
950,20,10.2311120692,436511104.0000000000,7
950,21,10.2286239080,436513440.0000000000,14
950,22,10.2209328529,436511248.0000000000,9
950,23,10.2210816583,436508784.0000000000,34
950,24,10.2361637787,436514512.0000000000,5
950,25,10.2315683438,436505248.0000000000,2
950,26,10.2241779701,436381408.0000000000,23
950,27,10.2230081171,436383008.0000000000,16
950,28,10.2287155320,436508112.0000000000,13
950,29,10.2224005019,436510464.0000000000,10
950,30,10.2231710248,436507392.0000000000,18
950,31,10.2259664229,436508352.0000000000,12
950,32,10.2250180195,436512592.0000000000,30
950,33,10.2263384600,436506224.0000000000,27
950,34,10.2224307784,436513376.0000000000,8
950,35,10.2212024610,436386064.0000000000,19
950,36,10.2231901051,436077600.0000000000,25
950,37,10.2325635316,436494784.0000000000,26
950,38,10.2292505831,436526880.0000000000,17
950,39,10.2267699410,436504192.0000000000,21
950,40,10.2313213113,436502880.0000000000,11
950,41,10.2306072708,436512128.0000000000,20
950,42,10.2296071821,436529168.0000000000,22
950,43,10.2328741609,436494560.0000000000,31
950,44,10.2222068044,436083472.0000000000,33
950,45,2.6517122209,132029648.0000000000,28
950,46,2.6509012407,132148400.0000000000,34
950,47,2.6516739351,132127840.0000000000,31
950,48,2.6516260219,132147920.0000000000,27
950,49,2.6522365223,132148384.0000000000,32
950,50,2.6520276662,132140192.0000000000,30
950,51,2.6515373237,132136608.0000000000,33
950,52,2.6509069295,132140528.0000000000,35
950,53,2.6503589763,132034592.0000000000,29
950,54,0.6742773499,54827568.0000000000,16
950,55,0.6735633065,54827568.0000000000,10
950,56,0.6732978650,54827568.0000000000,11
950,57,0.6725178173,54827568.0000000000,25
950,58,0.6740321375,54827568.0000000000,13
950,59,0.6726094940,54827568.0000000000,15
950,60,0.6734260226,54827568.0000000000,9
950,61,0.6729246338,54827568.0000000000,22
950,62,0.6733824574,54827568.0000000000,12
950,63,0.6723620782,54827568.0000000000,15
950,64,0.6744426888,54827568.0000000000,14
950,65,0.6726948607,54827568.0000000000,21
950,66,0.6730638761,54827568.0000000000,18
950,67,0.6743568569,54827568.0000000000,20
950,68,0.6746064544,54827568.0000000000,19
950,69,0.6733645490,54827568.0000000000,12
950,70,0.6741528961,54827568.0000000000,23
950,71,0.6734170564,54827568.0000000000,13
950,72,0.6736184513,54827568.0000000000,10
950,73,0.6742483968,54827568.0000000000,16
950,74,0.6745625465,54827568.0000000000,14
950,75,0.6727479447,54827568.0000000000,11
950,76,0.6735933257,54827568.0000000000,13
950,77,0.6730622843,54827568.0000000000,24
950,78,0.6744349610,54827568.0000000000,20
950,79,0.6742994226,54827568.0000000000,14
950,80,0.6744754381,54827568.0000000000,20
950,81,0.6734038978,54827568.0000000000,12
950,82,0.6734855678,54827568.0000000000,13
950,83,0.6731548776,54827568.0000000000,18
950,84,0.6730362160,54827568.0000000000,9
950,85,0.6744592265,54827568.0000000000,14
950,86,0.6728574955,54827568.0000000000,22
950,87,0.6730989248,54827568.0000000000,17
950,88,0.6727583002,54827568.0000000000,17
950,89,0.6728774947,54827568.0000000000,11
950,90,0.6722046803,54827568.0000000000,25
950,91,0.6740260613,54827568.0000000000,16
950,92,0.6731596896,54827568.0000000000,24
950,93,0.6723908946,54827568.0000000000,21
950,94,0.6733253517,54827568.0000000000,10
950,95,0.6743765783,54827568.0000000000,23
950,96,0.6734047734,54827568.0000000000,26
950,97,0.6726236758,54827568.0000000000,21
950,98,0.6729595977,54827568.0000000000,24
950,99,0.6725323539,54827568.0000000000,15
950,100,0.6731494778,54827568.0000000000,9
950,101,0.6734025858,54827568.0000000000,11
950,102,0.6732941076,54827568.0000000000,26
950,103,0.6745145320,54827568.0000000000,16
950,104,0.6731341957,54827568.0000000000,26
950,105,0.6730542056,54827568.0000000000,9
950,106,0.6735557208,54827568.0000000000,10
950,107,0.6731543742,54827568.0000000000,18
950,108,0.6721813946,54827568.0000000000,25
950,109,0.6743173789,54827568.0000000000,19
950,110,0.6743831480,54827568.0000000000,23
950,111,0.6724287720,54827568.0000000000,15
950,112,0.6726225056,54827568.0000000000,17
950,113,0.6729675924,54827568.0000000000,22
950,114,0.6744114662,54827568.0000000000,19
950,115,0.6729633395,54827568.0000000000,12
950,116,0.6725091565,54827568.0000000000,17
950,117,0.5827107659,47074864.0000000000,29
950,118,0.5836372410,47074864.0000000000,28
950,119,0.5832611493,47074864.0000000000,23
950,120,0.5830230405,47074864.0000000000,16
950,121,0.5815019557,47074864.0000000000,17
950,122,0.5833792849,47074864.0000000000,35
950,123,0.5824752797,47074864.0000000000,33
950,124,0.5822437777,47074864.0000000000,34
950,125,0.5824611090,47074864.0000000000,31
950,126,0.5829987051,47074864.0000000000,32
950,127,0.5825877561,47074864.0000000000,27
950,128,0.5808556227,47074864.0000000000,21
950,129,0.5816578655,47074864.0000000000,18
950,130,0.5830938405,47074864.0000000000,23
950,131,0.5828420234,47074864.0000000000,19
950,132,0.5812925400,47074864.0000000000,21
950,133,0.5814748473,47074864.0000000000,22
950,134,0.5825252141,47074864.0000000000,20
950,135,0.5834161191,47074864.0000000000,30
950,136,0.5813309376,47074864.0000000000,15
950,137,0.5833441407,47074864.0000000000,13
950,138,0.5816999239,47074864.0000000000,25
950,139,0.5825886078,47074864.0000000000,10
950,140,0.5818533491,47074864.0000000000,26
950,141,0.5816638561,47074864.0000000000,22
950,142,0.5814935762,47074864.0000000000,25
950,143,0.5824914084,47074864.0000000000,20
950,144,0.5832976225,47074864.0000000000,14
950,145,0.5819105750,47074864.0000000000,26
950,146,0.5814602116,47074864.0000000000,24
950,147,0.5818058384,47074864.0000000000,18
950,148,0.5814890698,47074864.0000000000,11
950,149,0.5814426273,47074864.0000000000,24
950,150,0.5826864043,47074864.0000000000,19
950,151,0.5816031597,47074864.0000000000,9
950,152,0.5819860033,47074864.0000000000,12
1000,0,0.2406376500,322732032.0000000000,7
1000,1,0.2392611100,317018736.0000000000,8
1000,2,0.2253690310,301885296.0000000000,3
1000,3,0.2029383700,281143568.0000000000,0
1000,4,0.1941221850,273989072.0000000000,2
1000,5,0.2142844070,293268912.0000000000,1
1000,6,0.2545021540,330045904.0000000000,5
1000,7,0.2720477990,349745216.0000000000,4
1000,8,0.2580592080,340979536.0000000000,6
1000,9,0.3210802200,436436384.0000000000,1
1000,10,0.3282506500,439622608.0000000000,3
1000,11,0.3427657900,451372864.0000000000,29
1000,12,0.3701255170,475440432.0000000000,32
1000,13,0.3890347750,492506656.0000000000,24
1000,14,0.3750473300,479506144.0000000000,28
1000,15,0.3446474160,453420000.0000000000,15
1000,16,0.3264832780,439902272.0000000000,35
1000,17,0.3204491700,436696832.0000000000,6
1000,18,0.3175288180,436386032.0000000000,0
1000,19,0.3179013910,436510400.0000000000,4
1000,20,0.3177815400,436508608.0000000000,7
1000,21,0.3179967810,436513392.0000000000,14
1000,22,0.3174701140,436510512.0000000000,9
1000,23,0.3176273240,436509872.0000000000,34
1000,24,0.3180414630,436514384.0000000000,5
1000,25,0.3179770360,436505536.0000000000,2
1000,26,0.3175304110,436383232.0000000000,23
1000,27,0.3176677800,436384032.0000000000,16
1000,28,0.3178576030,436505664.0000000000,13
1000,29,0.3175587730,436512448.0000000000,10
1000,30,0.3178661950,436508800.0000000000,18
1000,31,0.3179302310,436511264.0000000000,12
1000,32,0.3176178880,436509024.0000000000,30
1000,33,0.3177671120,436509104.0000000000,27
1000,34,0.3178215240,436508384.0000000000,8
1000,35,0.3175579150,436382784.0000000000,19
1000,36,0.3176682980,436053264.0000000000,25
1000,37,0.3179650660,436490912.0000000000,26
1000,38,0.3179259180,436532640.0000000000,17
1000,39,0.3176802890,436500256.0000000000,21
1000,40,0.3179525060,436498272.0000000000,11
1000,41,0.3179692590,436516304.0000000000,20
1000,42,0.3179247550,436528448.0000000000,22
1000,43,0.3179222060,436493728.0000000000,31
1000,44,0.3174940750,436059040.0000000000,33
1000,45,0.0821399310,132022640.0000000000,28
1000,46,0.0821191220,132146368.0000000000,34
1000,47,0.0821190410,132126176.0000000000,31
1000,48,0.0823751370,132149456.0000000000,27
1000,49,0.0821369270,132148896.0000000000,32
1000,50,0.0821411150,132139312.0000000000,30
1000,51,0.0820332730,132138528.0000000000,33
1000,52,0.0820737440,132140128.0000000000,35
1000,53,0.0820906490,132030864.0000000000,29
1000,54,0.0206711460,54827568.0000000000,16
1000,55,0.0206267190,54827568.0000000000,10
1000,56,0.0206590830,54827568.0000000000,11
1000,57,0.0205752470,54827568.0000000000,25
1000,58,0.0206784700,54827568.0000000000,13
1000,59,0.0205791590,54827568.0000000000,15
1000,60,0.0206633220,54827568.0000000000,9
1000,61,0.0206352680,54827568.0000000000,22
1000,62,0.0206793830,54827568.0000000000,12
1000,63,0.0205563040,54827568.0000000000,15
1000,64,0.0206034960,54827568.0000000000,14
1000,65,0.0205331820,54827568.0000000000,21
1000,66,0.0205975850,54827568.0000000000,18
1000,67,0.0206981180,54827568.0000000000,20
1000,68,0.0205851700,54827568.0000000000,19
1000,69,0.0206365990,54827568.0000000000,12
1000,70,0.0206270420,54827568.0000000000,23
1000,71,0.0206619190,54827568.0000000000,13
1000,72,0.0206738700,54827568.0000000000,10
1000,73,0.0206298070,54827568.0000000000,16
1000,74,0.0206178840,54827568.0000000000,14
1000,75,0.0205765030,54827568.0000000000,11
1000,76,0.0206772590,54827568.0000000000,13
1000,77,0.0205780130,54827568.0000000000,24
1000,78,0.0206503640,54827568.0000000000,20
1000,79,0.0206090570,54827568.0000000000,14
1000,80,0.0206841810,54827568.0000000000,20
1000,81,0.0206410100,54827568.0000000000,12
1000,82,0.0205925640,54827568.0000000000,13
1000,83,0.0206265510,54827568.0000000000,18
1000,84,0.0205719330,54827568.0000000000,9
1000,85,0.0206042600,54827568.0000000000,14
1000,86,0.0206350650,54827568.0000000000,22
1000,87,0.0206017730,54827568.0000000000,17
1000,88,0.0205973730,54827568.0000000000,17
1000,89,0.0205994080,54827568.0000000000,11
1000,90,0.0205892560,54827568.0000000000,25
1000,91,0.0205889260,54827568.0000000000,16
1000,92,0.0206241720,54827568.0000000000,24
1000,93,0.0206160990,54827568.0000000000,21
1000,94,0.0206037930,54827568.0000000000,10
1000,95,0.0205981050,54827568.0000000000,23
1000,96,0.0206087640,54827568.0000000000,26
1000,97,0.0205850290,54827568.0000000000,21
1000,98,0.0206011600,54827568.0000000000,24
1000,99,0.0204896960,54827568.0000000000,15
1000,100,0.0205980840,54827568.0000000000,9
1000,101,0.0205815310,54827568.0000000000,11
1000,102,0.0205474750,54827568.0000000000,26
1000,103,0.0206390030,54827568.0000000000,16
1000,104,0.0206239920,54827568.0000000000,26
1000,105,0.0205892070,54827568.0000000000,9
1000,106,0.0205918330,54827568.0000000000,10
1000,107,0.0206354100,54827568.0000000000,18
1000,108,0.0206009480,54827568.0000000000,25
1000,109,0.0205515470,54827568.0000000000,19
1000,110,0.0206388330,54827568.0000000000,23
1000,111,0.0206073520,54827568.0000000000,15
1000,112,0.0206917170,54827568.0000000000,17
1000,113,0.0205539500,54827568.0000000000,22
1000,114,0.0207047530,54827568.0000000000,19
1000,115,0.0206310080,54827568.0000000000,12
1000,116,0.0206253470,54827568.0000000000,17
1000,117,0.0178714810,47074864.0000000000,29
1000,118,0.0178999350,47074864.0000000000,28
1000,119,0.0178305590,47074864.0000000000,23
1000,120,0.0178568300,47074864.0000000000,16
1000,121,0.0178202270,47074864.0000000000,17
1000,122,0.0178562990,47074864.0000000000,35
1000,123,0.0178421800,47074864.0000000000,33
1000,124,0.0178195280,47074864.0000000000,34
1000,125,0.0178048940,47074864.0000000000,31
1000,126,0.0178431420,47074864.0000000000,32
1000,127,0.0178451580,47074864.0000000000,27
1000,128,0.0177770630,47074864.0000000000,21
1000,129,0.0178138560,47074864.0000000000,18
1000,130,0.0178526020,47074864.0000000000,23
1000,131,0.0178337050,47074864.0000000000,19
1000,132,0.0177984260,47074864.0000000000,21
1000,133,0.0178151090,47074864.0000000000,22
1000,134,0.0178503070,47074864.0000000000,20
1000,135,0.0178561520,47074864.0000000000,30
1000,136,0.0177828590,47074864.0000000000,15
1000,137,0.0178667490,47074864.0000000000,13
1000,138,0.0178006520,47074864.0000000000,25
1000,139,0.0178270530,47074864.0000000000,10
1000,140,0.0178269430,47074864.0000000000,26
1000,141,0.0177989070,47074864.0000000000,22
1000,142,0.0178338270,47074864.0000000000,25
1000,143,0.0178252800,47074864.0000000000,20
1000,144,0.0178815990,47074864.0000000000,14
1000,145,0.0178026970,47074864.0000000000,26
1000,146,0.0178047710,47074864.0000000000,24
1000,147,0.0177844200,47074864.0000000000,18
1000,148,0.0177833300,47074864.0000000000,11
1000,149,0.0178093690,47074864.0000000000,24
1000,150,0.0178181650,47074864.0000000000,19
1000,151,0.0178251900,47074864.0000000000,9
1000,152,0.0178438850,47074864.0000000000,12
1050,0,7.7190506313,321818960.0000000000,7
1050,1,7.6977293405,316044464.0000000000,8
1050,2,7.2619808057,301688176.0000000000,3
1050,3,6.4871133552,279180464.0000000000,0
1050,4,6.1815022929,270893024.0000000000,2
1050,5,6.8562188599,291748176.0000000000,1
1050,6,8.1936780735,329249312.0000000000,5
1050,7,8.7994769523,352274512.0000000000,4
1050,8,8.3186077730,341982944.0000000000,6
1050,9,10.3389683260,436398560.0000000000,1
1050,10,10.5719841238,439730352.0000000000,3
1050,11,11.0504513518,451681984.0000000000,29
1050,12,11.9322290335,475853040.0000000000,32
1050,13,12.5534735882,493266608.0000000000,24
1050,14,12.0975876050,480621552.0000000000,28
1050,15,11.1102807485,454057504.0000000000,15
1050,16,10.5246972598,440041712.0000000000,35
1050,17,10.3236057807,436725056.0000000000,6
1050,18,10.2204105923,436384464.0000000000,0
1050,19,10.2299224819,436510912.0000000000,4
1050,20,10.2300687021,436508240.0000000000,7
1050,21,10.2314710574,436511504.0000000000,14
1050,22,10.2200938744,436505136.0000000000,9
1050,23,10.2205087927,436508448.0000000000,34
1050,24,10.2344493367,436511152.0000000000,5
1050,25,10.2308588372,436507120.0000000000,2
1050,26,10.2221284355,436381680.0000000000,23
1050,27,10.2224975669,436379920.0000000000,16
1050,28,10.2285043670,436508912.0000000000,13
1050,29,10.2219901794,436510688.0000000000,10
1050,30,10.2236552910,436511920.0000000000,18
1050,31,10.2279182181,436511088.0000000000,12
1050,32,10.2236658918,436511568.0000000000,30
1050,33,10.2270318106,436511584.0000000000,27
1050,34,10.2222194981,436512144.0000000000,8
1050,35,10.2205950213,436378176.0000000000,19
1050,36,10.2220966184,436036144.0000000000,25
1050,37,10.2314467811,436492320.0000000000,26
1050,38,10.2300710719,436534208.0000000000,17
1050,39,10.2281762240,436499216.0000000000,21
1050,40,10.2306448284,436502656.0000000000,11
1050,41,10.2309886142,436517184.0000000000,20
1050,42,10.2286204054,436531824.0000000000,22
1050,43,10.2324329266,436489216.0000000000,31
1050,44,10.2216862679,436040944.0000000000,33
1050,45,2.6509027191,132016496.0000000000,28
1050,46,2.6512014863,132146032.0000000000,34
1050,47,2.6515500295,132127056.0000000000,31
1050,48,2.6514936620,132147040.0000000000,27
1050,49,2.6519976971,132146560.0000000000,32
1050,50,2.6521849945,132141280.0000000000,30
1050,51,2.6516916201,132137376.0000000000,33
1050,52,2.6505624165,132139776.0000000000,35
1050,53,2.6503607630,132025872.0000000000,29
1050,54,0.6747064321,54827568.0000000000,16
1050,55,0.6735015834,54827568.0000000000,10
1050,56,0.6734961498,54827568.0000000000,11
1050,57,0.6727357764,54827568.0000000000,25
1050,58,0.6738172024,54827568.0000000000,13
1050,59,0.6726737381,54827568.0000000000,15
1050,60,0.6734418821,54827568.0000000000,9
1050,61,0.6729230224,54827568.0000000000,22
1050,62,0.6734229353,54827568.0000000000,12
1050,63,0.6725519485,54827568.0000000000,15
1050,64,0.6748607688,54827568.0000000000,14
1050,65,0.6725117189,54827568.0000000000,21
1050,66,0.6730753873,54827568.0000000000,18
1050,67,0.6744138922,54827568.0000000000,20
1050,68,0.6742775948,54827568.0000000000,19
1050,69,0.6733233765,54827568.0000000000,12
1050,70,0.6743597088,54827568.0000000000,23
1050,71,0.6735003811,54827568.0000000000,13
1050,72,0.6738630529,54827568.0000000000,10
1050,73,0.6740088833,54827568.0000000000,16
1050,74,0.6746051845,54827568.0000000000,14
1050,75,0.6729374258,54827568.0000000000,11
1050,76,0.6736065476,54827568.0000000000,13
1050,77,0.6730648647,54827568.0000000000,24
1050,78,0.6744049079,54827568.0000000000,20
1050,79,0.6747451620,54827568.0000000000,14
1050,80,0.6743988241,54827568.0000000000,20
1050,81,0.6733281901,54827568.0000000000,12
1050,82,0.6736534040,54827568.0000000000,13
1050,83,0.6727174585,54827568.0000000000,18
1050,84,0.6730303970,54827568.0000000000,9
1050,85,0.6745465319,54827568.0000000000,14
1050,86,0.6729415360,54827568.0000000000,22
1050,87,0.6732319751,54827568.0000000000,17
1050,88,0.6728965223,54827568.0000000000,17
1050,89,0.6730853397,54827568.0000000000,11
1050,90,0.6721063615,54827568.0000000000,25
1050,91,0.6743307884,54827568.0000000000,16
1050,92,0.6728920611,54827568.0000000000,24
1050,93,0.6727142867,54827568.0000000000,21
1050,94,0.6739274838,54827568.0000000000,10
1050,95,0.6742592648,54827568.0000000000,23
1050,96,0.6732393244,54827568.0000000000,26
1050,97,0.6726710606,54827568.0000000000,21
1050,98,0.6729030932,54827568.0000000000,24
1050,99,0.6724970837,54827568.0000000000,15
1050,100,0.6730716805,54827568.0000000000,9
1050,101,0.6732354811,54827568.0000000000,11
1050,102,0.6728249214,54827568.0000000000,26
1050,103,0.6743908136,54827568.0000000000,16
1050,104,0.6732344196,54827568.0000000000,26
1050,105,0.6731753584,54827568.0000000000,9
1050,106,0.6736859475,54827568.0000000000,10
1050,107,0.6728819792,54827568.0000000000,18
1050,108,0.6723612290,54827568.0000000000,25
1050,109,0.6745848972,54827568.0000000000,19
1050,110,0.6743300531,54827568.0000000000,23
1050,111,0.6724641051,54827568.0000000000,15
1050,112,0.6728456753,54827568.0000000000,17
1050,113,0.6729991557,54827568.0000000000,22
1050,114,0.6746567774,54827568.0000000000,19
1050,115,0.6734731606,54827568.0000000000,12
1050,116,0.6732688100,54827568.0000000000,17
1050,117,0.5829507795,47074864.0000000000,29
1050,118,0.5836615774,47074864.0000000000,28
1050,119,0.5831727614,47074864.0000000000,23
1050,120,0.5845412818,47074864.0000000000,16
1050,121,0.5813615042,47074864.0000000000,17
1050,122,0.5833704251,47074864.0000000000,35
1050,123,0.5824458336,47074864.0000000000,33
1050,124,0.5825017148,47074864.0000000000,34
1050,125,0.5824726423,47074864.0000000000,31
1050,126,0.5832214477,47074864.0000000000,32
1050,127,0.5828343846,47074864.0000000000,27
1050,128,0.5810718588,47074864.0000000000,21
1050,129,0.5817439480,47074864.0000000000,18
1050,130,0.5831041656,47074864.0000000000,23
1050,131,0.5827814668,47074864.0000000000,19
1050,132,0.5814295446,47074864.0000000000,21
1050,133,0.5814071608,47074864.0000000000,22
1050,134,0.5825537067,47074864.0000000000,20
1050,135,0.5834203853,47074864.0000000000,30
1050,136,0.5811781691,47074864.0000000000,15
1050,137,0.5833229425,47074864.0000000000,13
1050,138,0.5816370538,47074864.0000000000,25
1050,139,0.5826214346,47074864.0000000000,10
1050,140,0.5817078141,47074864.0000000000,26
1050,141,0.5814757236,47074864.0000000000,22
1050,142,0.5814507401,47074864.0000000000,25
1050,143,0.5825647662,47074864.0000000000,20
1050,144,0.5835469866,47074864.0000000000,14
1050,145,0.5818444369,47074864.0000000000,26
1050,146,0.5814596726,47074864.0000000000,24
1050,147,0.5815603054,47074864.0000000000,18
1050,148,0.5816678544,47074864.0000000000,11
1050,149,0.5813921209,47074864.0000000000,24
1050,150,0.5827643808,47074864.0000000000,19
1050,151,0.5815583523,47074864.0000000000,9
1050,152,0.5821797425,47074864.0000000000,12
1100,0,0.2385797020,320820864.0000000000,7
1100,1,0.2378961360,314702560.0000000000,8
1100,2,0.2262844870,301521184.0000000000,3
1100,3,0.1986918310,277613696.0000000000,0
1100,4,0.1807281610,262945008.0000000000,2
1100,5,0.2101882840,289700672.0000000000,1
1100,6,0.2556611230,329148160.0000000000,5
1100,7,0.2780550450,355101728.0000000000,4
1100,8,0.2602679540,342884432.0000000000,6
1100,9,0.3214368870,436380480.0000000000,1
1100,10,0.3289149610,439898352.0000000000,3
1100,11,0.3443632940,452071856.0000000000,29
1100,12,0.3721801270,476189488.0000000000,32
1100,13,0.3906961220,493181248.0000000000,24
1100,14,0.3768417880,480707936.0000000000,28
1100,15,0.3465716170,454268848.0000000000,15
1100,16,0.3275362470,440105552.0000000000,35
1100,17,0.3208263720,436727792.0000000000,6
1100,18,0.3176132670,436382768.0000000000,0
1100,19,0.3179553270,436513936.0000000000,4
1100,20,0.3178398050,436506256.0000000000,7
1100,21,0.3180298730,436507648.0000000000,14
1100,22,0.3176531280,436514768.0000000000,9
1100,23,0.3177043830,436507328.0000000000,34
1100,24,0.3180242320,436515968.0000000000,5
1100,25,0.3176815470,436502960.0000000000,2
1100,26,0.3176362760,436378576.0000000000,23
1100,27,0.3176695960,436374000.0000000000,16
1100,28,0.3178604230,436507504.0000000000,13
1100,29,0.3175911690,436511392.0000000000,10
1100,30,0.3176484530,436506624.0000000000,18
1100,31,0.3178927250,436511888.0000000000,12
1100,32,0.3176206150,436512592.0000000000,30
1100,33,0.3176633770,436506160.0000000000,27
1100,34,0.3176161070,436516720.0000000000,8
1100,35,0.3177248300,436374832.0000000000,19
1100,36,0.3177035740,436014768.0000000000,25
1100,37,0.3179179500,436496912.0000000000,26
1100,38,0.3178425280,436532688.0000000000,17
1100,39,0.3176643170,436499344.0000000000,21
1100,40,0.3179473400,436504064.0000000000,11
1100,41,0.3178506770,436512736.0000000000,20
1100,42,0.3178362920,436531632.0000000000,22
1100,43,0.3179369980,436487344.0000000000,31
1100,44,0.3177259250,436015760.0000000000,33
1100,45,0.0820982270,132011168.0000000000,28
1100,46,0.0822206410,132143600.0000000000,34
1100,47,0.0822992750,132125856.0000000000,31
1100,48,0.0821174880,132148064.0000000000,27
1100,49,0.0820877150,132147776.0000000000,32
1100,50,0.0820644600,132142032.0000000000,30
1100,51,0.0821183640,132137328.0000000000,33
1100,52,0.0821082840,132140080.0000000000,35
1100,53,0.0821346960,132025040.0000000000,29
1100,54,0.0206757350,54827568.0000000000,16
1100,55,0.0205974230,54827568.0000000000,10
1100,56,0.0206847740,54827568.0000000000,11
1100,57,0.0205654070,54827568.0000000000,25
1100,58,0.0206516410,54827568.0000000000,13
1100,59,0.0205833760,54827568.0000000000,15
1100,60,0.0205249950,54827568.0000000000,9
1100,61,0.0207266430,54827568.0000000000,22
1100,62,0.0206113820,54827568.0000000000,12
1100,63,0.0205728160,54827568.0000000000,15
1100,64,0.0206228050,54827568.0000000000,14
1100,65,0.0205964410,54827568.0000000000,21
1100,66,0.0205594200,54827568.0000000000,18
1100,67,0.0206071940,54827568.0000000000,20
1100,68,0.0206413700,54827568.0000000000,19
1100,69,0.0206162100,54827568.0000000000,12
1100,70,0.0206296450,54827568.0000000000,23
1100,71,0.0205974130,54827568.0000000000,13
1100,72,0.0206363590,54827568.0000000000,10
1100,73,0.0206707170,54827568.0000000000,16
1100,74,0.0206460780,54827568.0000000000,14
1100,75,0.0206070620,54827568.0000000000,11
1100,76,0.0206852830,54827568.0000000000,13
1100,77,0.0205593750,54827568.0000000000,24
1100,78,0.0206496750,54827568.0000000000,20
1100,79,0.0207070350,54827568.0000000000,14
1100,80,0.0206413380,54827568.0000000000,20
1100,81,0.0206278620,54827568.0000000000,12
1100,82,0.0206415280,54827568.0000000000,13
1100,83,0.0205277200,54827568.0000000000,18
1100,84,0.0206366580,54827568.0000000000,9
1100,85,0.0206442750,54827568.0000000000,14
1100,86,0.0205941180,54827568.0000000000,22
1100,87,0.0206285480,54827568.0000000000,17
1100,88,0.0205879350,54827568.0000000000,17
1100,89,0.0206993710,54827568.0000000000,11
1100,90,0.0205384960,54827568.0000000000,25
1100,91,0.0206364310,54827568.0000000000,16
1100,92,0.0206056750,54827568.0000000000,24
1100,93,0.0205852300,54827568.0000000000,21
1100,94,0.0206236550,54827568.0000000000,10
1100,95,0.0207088510,54827568.0000000000,23
1100,96,0.0206072080,54827568.0000000000,26
1100,97,0.0205203840,54827568.0000000000,21
1100,98,0.0206132190,54827568.0000000000,24
1100,99,0.0205556540,54827568.0000000000,15
1100,100,0.0206855870,54827568.0000000000,9
1100,101,0.0206144490,54827568.0000000000,11
1100,102,0.0206336090,54827568.0000000000,26
1100,103,0.0206470630,54827568.0000000000,16
1100,104,0.0206688990,54827568.0000000000,26
1100,105,0.0206245470,54827568.0000000000,9
1100,106,0.0206529840,54827568.0000000000,10
1100,107,0.0205929750,54827568.0000000000,18
1100,108,0.0205849250,54827568.0000000000,25
1100,109,0.0207220180,54827568.0000000000,19
1100,110,0.0206436550,54827568.0000000000,23
1100,111,0.0205930750,54827568.0000000000,15
1100,112,0.0206581610,54827568.0000000000,17
1100,113,0.0205554330,54827568.0000000000,22
1100,114,0.0206281350,54827568.0000000000,19
1100,115,0.0205868550,54827568.0000000000,12
1100,116,0.0206040180,54827568.0000000000,17
1100,117,0.0178425430,47074864.0000000000,29
1100,118,0.0178277050,47074864.0000000000,28
1100,119,0.0178544050,47074864.0000000000,23
1100,120,0.0178296270,47074864.0000000000,16
1100,121,0.0177899010,47074864.0000000000,17
1100,122,0.0179168090,47074864.0000000000,35
1100,123,0.0178634870,47074864.0000000000,33
1100,124,0.0178351330,47074864.0000000000,34
1100,125,0.0178251700,47074864.0000000000,31
1100,126,0.0178220070,47074864.0000000000,32
1100,127,0.0178145760,47074864.0000000000,27
1100,128,0.0178126440,47074864.0000000000,21
1100,129,0.0178093990,47074864.0000000000,18
1100,130,0.0178644950,47074864.0000000000,23
1100,131,0.0178230380,47074864.0000000000,19
1100,132,0.0178176640,47074864.0000000000,21
1100,133,0.0177796800,47074864.0000000000,22
1100,134,0.0178415400,47074864.0000000000,20
1100,135,0.0178279250,47074864.0000000000,30
1100,136,0.0177466060,47074864.0000000000,15
1100,137,0.0178588250,47074864.0000000000,13
1100,138,0.0177806110,47074864.0000000000,25
1100,139,0.0178127150,47074864.0000000000,10
1100,140,0.0177604620,47074864.0000000000,26
1100,141,0.0178137880,47074864.0000000000,22
1100,142,0.0178024750,47074864.0000000000,25
1100,143,0.0178368010,47074864.0000000000,20
1100,144,0.0178632860,47074864.0000000000,14
1100,145,0.0178000590,47074864.0000000000,26
1100,146,0.0177509020,47074864.0000000000,24
1100,147,0.0178275020,47074864.0000000000,18
1100,148,0.0177846420,47074864.0000000000,11
1100,149,0.0178011110,47074864.0000000000,24
1100,150,0.0178698540,47074864.0000000000,19
1100,151,0.0178152000,47074864.0000000000,9
1100,152,0.0178035870,47074864.0000000000,12
1150,0,7.6683066785,319927344.0000000000,7
1150,1,7.6365646822,313140816.0000000000,8
1150,2,7.2858011711,300978912.0000000000,3
1150,3,6.3845408702,276140096.0000000000,0
1150,4,5.7339640489,259176672.0000000000,2
1150,5,6.7429243590,287630400.0000000000,1
1150,6,8.2494892051,329632320.0000000000,5
1150,7,9.0064039537,357960976.0000000000,4
1150,8,8.3886864016,343665968.0000000000,6
1150,9,10.3365718969,436443264.0000000000,1
1150,10,10.5896382870,440205008.0000000000,3
1150,11,11.0949224013,452809152.0000000000,29
1150,12,11.9872517294,477051216.0000000000,32
1150,13,12.5631690069,493364128.0000000000,24
1150,14,12.1122562573,480658768.0000000000,28
1150,15,11.1373288423,454387456.0000000000,15
1150,16,10.5302047796,440102576.0000000000,35
1150,17,10.3201395773,436681856.0000000000,6
1150,18,10.2193763496,436378976.0000000000,0
1150,19,10.2298777755,436512928.0000000000,4
1150,20,10.2302329774,436509120.0000000000,7
1150,21,10.2320157021,436509248.0000000000,14
1150,22,10.2200998410,436511008.0000000000,9
1150,23,10.2211363809,436510128.0000000000,34
1150,24,10.2348211425,436511200.0000000000,5
1150,25,10.2308117437,436512032.0000000000,2
1150,26,10.2225353824,436378368.0000000000,23
1150,27,10.2230239095,436373648.0000000000,16
1150,28,10.2268605253,436508848.0000000000,13
1150,29,10.2210143172,436511472.0000000000,10
1150,30,10.2223909126,436510192.0000000000,18
1150,31,10.2280006069,436508384.0000000000,12
1150,32,10.2247685493,436515840.0000000000,30
1150,33,10.2262137913,436503856.0000000000,27
1150,34,10.2219686432,436507328.0000000000,8
1150,35,10.2204880212,436376928.0000000000,19
1150,36,10.2213196223,435997696.0000000000,25
1150,37,10.2311923596,436492976.0000000000,26
1150,38,10.2300711664,436534688.0000000000,17
1150,39,10.2272059853,436496544.0000000000,21
1150,40,10.2323492062,436503616.0000000000,11
1150,41,10.2307145857,436510960.0000000000,20
1150,42,10.2288627059,436535360.0000000000,22
1150,43,10.2330096314,436490944.0000000000,31
1150,44,10.2208977943,435995488.0000000000,33
1150,45,2.6509605470,132005136.0000000000,28
1150,46,2.6509326442,132144672.0000000000,34
1150,47,2.6514662539,132123376.0000000000,31
1150,48,2.6524382677,132146176.0000000000,27
1150,49,2.6521165779,132150656.0000000000,32
1150,50,2.6521770950,132140480.0000000000,30
1150,51,2.6518513228,132139008.0000000000,33
1150,52,2.6506066121,132135760.0000000000,35
1150,53,2.6509987917,132020320.0000000000,29
1150,54,0.6745575830,54827568.0000000000,16
1150,55,0.6733226899,54827568.0000000000,10
1150,56,0.6730869177,54827568.0000000000,11
1150,57,0.6723310634,54827568.0000000000,25
1150,58,0.6738453317,54827568.0000000000,13
1150,59,0.6725813065,54827568.0000000000,15
1150,60,0.6733684638,54827568.0000000000,9
1150,61,0.6730848555,54827568.0000000000,22
1150,62,0.6734371683,54827568.0000000000,12
1150,63,0.6721323880,54827568.0000000000,15
1150,64,0.6746607863,54827568.0000000000,14
1150,65,0.6727803798,54827568.0000000000,21
1150,66,0.6731620170,54827568.0000000000,18
1150,67,0.6744996522,54827568.0000000000,20
1150,68,0.6746961874,54827568.0000000000,19
1150,69,0.6736721811,54827568.0000000000,12
1150,70,0.6744939008,54827568.0000000000,23
1150,71,0.6738092247,54827568.0000000000,13
1150,72,0.6733838495,54827568.0000000000,10
1150,73,0.6740593929,54827568.0000000000,16
1150,74,0.6739331959,54827568.0000000000,14
1150,75,0.6733368812,54827568.0000000000,11
1150,76,0.6735979290,54827568.0000000000,13
1150,77,0.6732063661,54827568.0000000000,24
1150,78,0.6740268580,54827568.0000000000,20
1150,79,0.6743624278,54827568.0000000000,14
1150,80,0.6744829716,54827568.0000000000,20
1150,81,0.6732536685,54827568.0000000000,12
1150,82,0.6733395060,54827568.0000000000,13
1150,83,0.6731153293,54827568.0000000000,18
1150,84,0.6731434009,54827568.0000000000,9
1150,85,0.6743158241,54827568.0000000000,14
1150,86,0.6727344580,54827568.0000000000,22
1150,87,0.6729199041,54827568.0000000000,17
1150,88,0.6729443331,54827568.0000000000,17
1150,89,0.6729661711,54827568.0000000000,11
1150,90,0.6723577118,54827568.0000000000,25
1150,91,0.6743471720,54827568.0000000000,16
1150,92,0.6731689332,54827568.0000000000,24
1150,93,0.6725630361,54827568.0000000000,21
1150,94,0.6734068905,54827568.0000000000,10
1150,95,0.6743234868,54827568.0000000000,23
1150,96,0.6735378950,54827568.0000000000,26
1150,97,0.6724776528,54827568.0000000000,21
1150,98,0.6729002204,54827568.0000000000,24
1150,99,0.6721278169,54827568.0000000000,15
1150,100,0.6730629129,54827568.0000000000,9
1150,101,0.6733768390,54827568.0000000000,11
1150,102,0.6730672818,54827568.0000000000,26
1150,103,0.6739783492,54827568.0000000000,16
1150,104,0.6733091274,54827568.0000000000,26
1150,105,0.6730602049,54827568.0000000000,9
1150,106,0.6735438670,54827568.0000000000,10
1150,107,0.6729069917,54827568.0000000000,18
1150,108,0.6723446657,54827568.0000000000,25
1150,109,0.6745263207,54827568.0000000000,19
1150,110,0.6743030381,54827568.0000000000,23
1150,111,0.6726538941,54827568.0000000000,15
1150,112,0.6729878727,54827568.0000000000,17
1150,113,0.6728191974,54827568.0000000000,22
1150,114,0.6745492323,54827568.0000000000,19
1150,115,0.6730284346,54827568.0000000000,12
1150,116,0.6729701546,54827568.0000000000,17
1150,117,0.5826837702,47074864.0000000000,29
1150,118,0.5835528908,47074864.0000000000,28
1150,119,0.5832272694,47074864.0000000000,23
1150,120,0.5829656419,47074864.0000000000,16
1150,121,0.5816263269,47074864.0000000000,17
1150,122,0.5833836374,47074864.0000000000,35
1150,123,0.5825934485,47074864.0000000000,33
1150,124,0.5824560232,47074864.0000000000,34
1150,125,0.5824200013,47074864.0000000000,31
1150,126,0.5830783587,47074864.0000000000,32
1150,127,0.5826755412,47074864.0000000000,27
1150,128,0.5808852966,47074864.0000000000,21
1150,129,0.5815338907,47074864.0000000000,18
1150,130,0.5835051712,47074864.0000000000,23
1150,131,0.5827606818,47074864.0000000000,19
1150,132,0.5811881498,47074864.0000000000,21
1150,133,0.5814334797,47074864.0000000000,22
1150,134,0.5824485189,47074864.0000000000,20
1150,135,0.5835406077,47074864.0000000000,30
1150,136,0.5812539250,47074864.0000000000,15
1150,137,0.5833027373,47074864.0000000000,13
1150,138,0.5815988917,47074864.0000000000,25
1150,139,0.5825977435,47074864.0000000000,10
1150,140,0.5817020110,47074864.0000000000,26
1150,141,0.5814765082,47074864.0000000000,22
1150,142,0.5816629107,47074864.0000000000,25
1150,143,0.5824963046,47074864.0000000000,20
1150,144,0.5832542869,47074864.0000000000,14
1150,145,0.5816505793,47074864.0000000000,26
1150,146,0.5815022888,47074864.0000000000,24
1150,147,0.5816977008,47074864.0000000000,18
1150,148,0.5814324548,47074864.0000000000,11
1150,149,0.5815201485,47074864.0000000000,24
1150,150,0.5827797351,47074864.0000000000,19
1150,151,0.5816647187,47074864.0000000000,9
1150,152,0.5821231360,47074864.0000000000,12
1200,0,0.2372398630,319047408.0000000000,7
1200,1,0.2344850370,311218624.0000000000,8
1200,2,0.2256685100,300154576.0000000000,3
1200,3,0.1969847270,275381504.0000000000,0
1200,4,0.1767705080,257768960.0000000000,2
1200,5,0.2082847010,286107600.0000000000,1
1200,6,0.2586519350,330667392.0000000000,5
1200,7,0.2836143640,360689632.0000000000,4
1200,8,0.2612684640,344376720.0000000000,6
1200,9,0.3205437940,436631312.0000000000,1
1200,10,0.3289252850,440676752.0000000000,3
1200,11,0.3455312330,453582288.0000000000,29
1200,12,0.3739810090,477704960.0000000000,32
1200,13,0.3906352300,493298784.0000000000,24
1200,14,0.3757507930,480487296.0000000000,28
1200,15,0.3449154280,454360224.0000000000,15
1200,16,0.3259057810,439959648.0000000000,35
1200,17,0.3201692950,436520720.0000000000,6
1200,18,0.3175480020,436377088.0000000000,0
1200,19,0.3177266530,436510624.0000000000,4
1200,20,0.3179583810,436509984.0000000000,7
1200,21,0.3179341150,436511280.0000000000,14
1200,22,0.3175791060,436509744.0000000000,9
1200,23,0.3176637030,436512160.0000000000,34
1200,24,0.3181011880,436507552.0000000000,5
1200,25,0.3178587860,436514384.0000000000,2
1200,26,0.3175544210,436375872.0000000000,23
1200,27,0.3176176690,436375008.0000000000,16
1200,28,0.3178807200,436507376.0000000000,13
1200,29,0.3177307200,436505408.0000000000,10
1200,30,0.3177036640,436504224.0000000000,18
1200,31,0.3177595560,436512752.0000000000,12
1200,32,0.3175943210,436509184.0000000000,30
1200,33,0.3177350100,436508080.0000000000,27
1200,34,0.3175591690,436507392.0000000000,8
1200,35,0.3176464750,436377632.0000000000,19
1200,36,0.3176146050,435972688.0000000000,25
1200,37,0.3178287100,436494656.0000000000,26
1200,38,0.3178945530,436542944.0000000000,17
1200,39,0.3177582640,436498464.0000000000,21
1200,40,0.3178694300,436499968.0000000000,11
1200,41,0.3179573800,436517520.0000000000,20
1200,42,0.3179897940,436530720.0000000000,22
1200,43,0.3179506010,436490608.0000000000,31
1200,44,0.3174699870,435972128.0000000000,33
1200,45,0.0821052340,131998576.0000000000,28
1200,46,0.0821507220,132143840.0000000000,34
1200,47,0.0820270720,132120720.0000000000,31
1200,48,0.0820939630,132147040.0000000000,27
1200,49,0.0822146370,132151824.0000000000,32
1200,50,0.0820988710,132138160.0000000000,30
1200,51,0.0820343070,132142544.0000000000,33
1200,52,0.0820403760,132132288.0000000000,35
1200,53,0.0820757180,132013824.0000000000,29
1200,54,0.0205865420,54827568.0000000000,16
1200,55,0.0206387720,54827568.0000000000,10
1200,56,0.0206588610,54827568.0000000000,11
1200,57,0.0205557680,54827568.0000000000,25
1200,58,0.0205988750,54827568.0000000000,13
1200,59,0.0205996760,54827568.0000000000,15
1200,60,0.0205935660,54827568.0000000000,9
1200,61,0.0205748020,54827568.0000000000,22
1200,62,0.0205897390,54827568.0000000000,12
1200,63,0.0205893380,54827568.0000000000,15
1200,64,0.0206133430,54827568.0000000000,14
1200,65,0.0206033470,54827568.0000000000,21
1200,66,0.0205801290,54827568.0000000000,18
1200,67,0.0206436360,54827568.0000000000,20
1200,68,0.0206529320,54827568.0000000000,19
1200,69,0.0206093070,54827568.0000000000,12
1200,70,0.0206474220,54827568.0000000000,23
1200,71,0.0206027650,54827568.0000000000,13
1200,72,0.0205979960,54827568.0000000000,10
1200,73,0.0206511990,54827568.0000000000,16
1200,74,0.0205959120,54827568.0000000000,14
1200,75,0.0205758420,54827568.0000000000,11
1200,76,0.0206151560,54827568.0000000000,13
1200,77,0.0205666890,54827568.0000000000,24
1200,78,0.0206762290,54827568.0000000000,20
1200,79,0.0206240740,54827568.0000000000,14
1200,80,0.0206360400,54827568.0000000000,20
1200,81,0.0205848810,54827568.0000000000,12
1200,82,0.0206064100,54827568.0000000000,13
1200,83,0.0206537920,54827568.0000000000,18
1200,84,0.0206620880,54827568.0000000000,9
1200,85,0.0205966220,54827568.0000000000,14
1200,86,0.0206140400,54827568.0000000000,22
1200,87,0.0206370330,54827568.0000000000,17
1200,88,0.0206480250,54827568.0000000000,17
1200,89,0.0205422680,54827568.0000000000,11
1200,90,0.0205967280,54827568.0000000000,25
1200,91,0.0206679600,54827568.0000000000,16
1200,92,0.0205815280,54827568.0000000000,24
1200,93,0.0205966940,54827568.0000000000,21
1200,94,0.0206209600,54827568.0000000000,10
1200,95,0.0206025060,54827568.0000000000,23
1200,96,0.0206060360,54827568.0000000000,26
1200,97,0.0205967060,54827568.0000000000,21
1200,98,0.0206448340,54827568.0000000000,24
1200,99,0.0206425080,54827568.0000000000,15
1200,100,0.0206138250,54827568.0000000000,9
1200,101,0.0206389540,54827568.0000000000,11
1200,102,0.0206036010,54827568.0000000000,26
1200,103,0.0206534240,54827568.0000000000,16
1200,104,0.0205528830,54827568.0000000000,26
1200,105,0.0206568490,54827568.0000000000,9
1200,106,0.0206455670,54827568.0000000000,10
1200,107,0.0205621950,54827568.0000000000,18
1200,108,0.0206204560,54827568.0000000000,25
1200,109,0.0207518040,54827568.0000000000,19
1200,110,0.0206166810,54827568.0000000000,23
1200,111,0.0206247960,54827568.0000000000,15
1200,112,0.0206167120,54827568.0000000000,17
1200,113,0.0206525440,54827568.0000000000,22
1200,114,0.0206805240,54827568.0000000000,19
1200,115,0.0207163140,54827568.0000000000,12
1200,116,0.0206090670,54827568.0000000000,17
1200,117,0.0178641450,47074864.0000000000,29
1200,118,0.0178369730,47074864.0000000000,28
1200,119,0.0178246580,47074864.0000000000,23
1200,120,0.0178376010,47074864.0000000000,16
1200,121,0.0177786100,47074864.0000000000,17
1200,122,0.0178904300,47074864.0000000000,35
1200,123,0.0178463940,47074864.0000000000,33
1200,124,0.0177982900,47074864.0000000000,34
1200,125,0.0178458490,47074864.0000000000,31
1200,126,0.0178379370,47074864.0000000000,32
1200,127,0.0178721180,47074864.0000000000,27
1200,128,0.0178059030,47074864.0000000000,21
1200,129,0.0177938970,47074864.0000000000,18
1200,130,0.0178358890,47074864.0000000000,23
1200,131,0.0178262890,47074864.0000000000,19
1200,132,0.0177824160,47074864.0000000000,21
1200,133,0.0178033270,47074864.0000000000,22
1200,134,0.0178189860,47074864.0000000000,20
1200,135,0.0178720410,47074864.0000000000,30
1200,136,0.0177872750,47074864.0000000000,15
1200,137,0.0178313780,47074864.0000000000,13
1200,138,0.0177839380,47074864.0000000000,25
1200,139,0.0178150810,47074864.0000000000,10
1200,140,0.0178232740,47074864.0000000000,26
1200,141,0.0177838110,47074864.0000000000,22
1200,142,0.0177780660,47074864.0000000000,25
1200,143,0.0178307690,47074864.0000000000,20
1200,144,0.0178651760,47074864.0000000000,14
1200,145,0.0178007290,47074864.0000000000,26
1200,146,0.0177551010,47074864.0000000000,24
1200,147,0.0178171900,47074864.0000000000,18
1200,148,0.0177802440,47074864.0000000000,11
1200,149,0.0177675960,47074864.0000000000,24
1200,150,0.0178301460,47074864.0000000000,19
1200,151,0.0178006220,47074864.0000000000,9
1200,152,0.0178190860,47074864.0000000000,12
1250,0,7.6294891669,318353712.0000000000,7
1250,1,7.5161955077,309303280.0000000000,8
1250,2,7.2574309822,299203600.0000000000,3
1250,3,6.3473568831,274992384.0000000000,0
1250,4,5.6785996194,256730624.0000000000,2
1250,5,6.6803931522,284482592.0000000000,1
1250,6,8.3440934718,331776176.0000000000,5
1250,7,9.1987164009,363199664.0000000000,4
1250,8,8.4238307338,345063952.0000000000,6
1250,9,10.3097395094,436956896.0000000000,1
1250,10,10.5606993907,441409568.0000000000,3
1250,11,11.1064857860,454541680.0000000000,29
1250,12,12.0312050599,478217808.0000000000,32
1250,13,12.5600081553,493222896.0000000000,24
1250,14,12.0815922753,480610576.0000000000,28
1250,15,11.0822517262,454376144.0000000000,15
1250,16,10.4483594165,439632032.0000000000,35
1250,17,10.2807975275,436243280.0000000000,6
1250,18,10.2186946704,436377488.0000000000,0
1250,19,10.2290872316,436514880.0000000000,4
1250,20,10.2301004959,436508672.0000000000,7
1250,21,10.2309420236,436506960.0000000000,14
1250,22,10.2203163782,436511696.0000000000,9
1250,23,10.2198617918,436509472.0000000000,34
1250,24,10.2353013265,436515424.0000000000,5
1250,25,10.2304414212,436510400.0000000000,2
1250,26,10.2220525139,436376064.0000000000,23
1250,27,10.2244221839,436376096.0000000000,16
1250,28,10.2283594184,436509344.0000000000,13
1250,29,10.2207661267,436508672.0000000000,10
1250,30,10.2234669290,436505024.0000000000,18
1250,31,10.2301355546,436511920.0000000000,12
1250,32,10.2245002237,436513824.0000000000,30
1250,33,10.2262315712,436507888.0000000000,27
1250,34,10.2218779708,436505536.0000000000,8
1250,35,10.2218197577,436374416.0000000000,19
1250,36,10.2202178584,435948624.0000000000,25
1250,37,10.2318026021,436497728.0000000000,26
1250,38,10.2310212545,436543392.0000000000,17
1250,39,10.2286632399,436500592.0000000000,21
1250,40,10.2311249095,436498784.0000000000,11
1250,41,10.2309011217,436521600.0000000000,20
1250,42,10.2289372011,436528832.0000000000,22
1250,43,10.2324205379,436491424.0000000000,31
1250,44,10.2188976905,435955984.0000000000,33
1250,45,2.6506135674,131994976.0000000000,28
1250,46,2.6513595838,132142656.0000000000,34
1250,47,2.6511365030,132115888.0000000000,31
1250,48,2.6524182182,132148256.0000000000,27
1250,49,2.6521089129,132151536.0000000000,32
1250,50,2.6520852371,132135936.0000000000,30
1250,51,2.6518793877,132143152.0000000000,33
1250,52,2.6509419032,132130032.0000000000,35
1250,53,2.6502045149,132007776.0000000000,29
1250,54,0.6744740479,54827568.0000000000,16
1250,55,0.6734652602,54827568.0000000000,10
1250,56,0.6732871456,54827568.0000000000,11
1250,57,0.6724439744,54827568.0000000000,25
1250,58,0.6739137051,54827568.0000000000,13
1250,59,0.6726384272,54827568.0000000000,15
1250,60,0.6734773632,54827568.0000000000,9
1250,61,0.6730358486,54827568.0000000000,22
1250,62,0.6735349106,54827568.0000000000,12
1250,63,0.6724967152,54827568.0000000000,15
1250,64,0.6744671617,54827568.0000000000,14
1250,65,0.6727043745,54827568.0000000000,21
1250,66,0.6730817310,54827568.0000000000,18
1250,67,0.6743025363,54827568.0000000000,20
1250,68,0.6743923216,54827568.0000000000,19
1250,69,0.6734003841,54827568.0000000000,12
1250,70,0.6742568754,54827568.0000000000,23
1250,71,0.6734217955,54827568.0000000000,13
1250,72,0.6735881276,54827568.0000000000,10
1250,73,0.6742890078,54827568.0000000000,16
1250,74,0.6741381146,54827568.0000000000,14
1250,75,0.6732719803,54827568.0000000000,11
1250,76,0.6737071431,54827568.0000000000,13
1250,77,0.6731241758,54827568.0000000000,24
1250,78,0.6745348484,54827568.0000000000,20
1250,79,0.6743573941,54827568.0000000000,14
1250,80,0.6741867832,54827568.0000000000,20
1250,81,0.6737639899,54827568.0000000000,12
1250,82,0.6733031095,54827568.0000000000,13
1250,83,0.6728650918,54827568.0000000000,18
1250,84,0.6732450342,54827568.0000000000,9
1250,85,0.6743204588,54827568.0000000000,14
1250,86,0.6730870063,54827568.0000000000,22
1250,87,0.6729454945,54827568.0000000000,17
1250,88,0.6727336753,54827568.0000000000,17
1250,89,0.6730002897,54827568.0000000000,11
1250,90,0.6722395656,54827568.0000000000,25
1250,91,0.6740461012,54827568.0000000000,16
1250,92,0.6727208708,54827568.0000000000,24
1250,93,0.6724219070,54827568.0000000000,21
1250,94,0.6738230801,54827568.0000000000,10
1250,95,0.6741707965,54827568.0000000000,23
1250,96,0.6735198894,54827568.0000000000,26
1250,97,0.6727523160,54827568.0000000000,21
1250,98,0.6731616928,54827568.0000000000,24
1250,99,0.6724290598,54827568.0000000000,15
1250,100,0.6729017770,54827568.0000000000,9
1250,101,0.6733693061,54827568.0000000000,11
1250,102,0.6729433951,54827568.0000000000,26
1250,103,0.6738197602,54827568.0000000000,16
1250,104,0.6733772355,54827568.0000000000,26
1250,105,0.6730965198,54827568.0000000000,9
1250,106,0.6732903421,54827568.0000000000,10
1250,107,0.6732089412,54827568.0000000000,18
1250,108,0.6724147459,54827568.0000000000,25
1250,109,0.6743434050,54827568.0000000000,19
1250,110,0.6743369116,54827568.0000000000,23
1250,111,0.6726874057,54827568.0000000000,15
1250,112,0.6729838264,54827568.0000000000,17
1250,113,0.6728124867,54827568.0000000000,22
1250,114,0.6745366958,54827568.0000000000,19
1250,115,0.6735415156,54827568.0000000000,12
1250,116,0.6729093276,54827568.0000000000,17
1250,117,0.5826852466,47074864.0000000000,29
1250,118,0.5836381642,47074864.0000000000,28
1250,119,0.5830463457,47074864.0000000000,23
1250,120,0.5829372164,47074864.0000000000,16
1250,121,0.5813953745,47074864.0000000000,17
1250,122,0.5833222505,47074864.0000000000,35
1250,123,0.5826458389,47074864.0000000000,33
1250,124,0.5821026427,47074864.0000000000,34
1250,125,0.5825873528,47074864.0000000000,31
1250,126,0.5830056165,47074864.0000000000,32
1250,127,0.5825416756,47074864.0000000000,27
1250,128,0.5808756346,47074864.0000000000,21
1250,129,0.5815748254,47074864.0000000000,18
1250,130,0.5834049407,47074864.0000000000,23
1250,131,0.5828253940,47074864.0000000000,19
1250,132,0.5812008850,47074864.0000000000,21
1250,133,0.5813443386,47074864.0000000000,22
1250,134,0.5825421505,47074864.0000000000,20
1250,135,0.5834330226,47074864.0000000000,30
1250,136,0.5812004587,47074864.0000000000,15
1250,137,0.5832573087,47074864.0000000000,13
1250,138,0.5817307175,47074864.0000000000,25
1250,139,0.5825867574,47074864.0000000000,10
1250,140,0.5816743893,47074864.0000000000,26
1250,141,0.5814060566,47074864.0000000000,22
1250,142,0.5817953960,47074864.0000000000,25
1250,143,0.5825152299,47074864.0000000000,20
1250,144,0.5835478115,47074864.0000000000,14
1250,145,0.5817629941,47074864.0000000000,26
1250,146,0.5813755905,47074864.0000000000,24
1250,147,0.5818101361,47074864.0000000000,18
1250,148,0.5815460911,47074864.0000000000,11
1250,149,0.5813650967,47074864.0000000000,24
1250,150,0.5826576349,47074864.0000000000,19
1250,151,0.5815419014,47074864.0000000000,9
1250,152,0.5821060444,47074864.0000000000,12
1300,0,0.2361218560,317713200.0000000000,7
1300,1,0.2300858810,307020080.0000000000,8
1300,2,0.2226870430,297081664.0000000000,3
1300,3,0.1941967390,272794336.0000000000,0
1300,4,0.1713426070,253101504.0000000000,2
1300,5,0.2024583720,280601104.0000000000,1
1300,6,0.2601794130,331913680.0000000000,5
1300,7,0.2904592590,365378400.0000000000,4
1300,8,0.2639112480,345825104.0000000000,6
1300,9,0.3227492680,437474896.0000000000,1
1300,10,0.3319116970,442637872.0000000000,3
1300,11,0.3495955640,456679648.0000000000,29
1300,12,0.3765134760,480965392.0000000000,32
1300,13,0.3904147250,496264480.0000000000,24
1300,14,0.3763802170,483253776.0000000000,28
1300,15,0.3463072210,455163840.0000000000,15
1300,16,0.3263025140,439139440.0000000000,35
1300,17,0.3208189910,435835152.0000000000,6
1300,18,0.3177789670,436375952.0000000000,0
1300,19,0.3178273260,436512288.0000000000,4
1300,20,0.3179751720,436507728.0000000000,7
1300,21,0.3179404190,436510432.0000000000,14
1300,22,0.3176127450,436513408.0000000000,9
1300,23,0.3174726900,436508400.0000000000,34
1300,24,0.3180061510,436515600.0000000000,5
1300,25,0.3179084500,436514768.0000000000,2
1300,26,0.3175965910,436372032.0000000000,23
1300,27,0.3175410580,436372768.0000000000,16
1300,28,0.3177420060,436510512.0000000000,13
1300,29,0.3176508400,436511248.0000000000,10
1300,30,0.3176173240,436505568.0000000000,18
1300,31,0.3179404770,436508496.0000000000,12
1300,32,0.3176347380,436512896.0000000000,30
1300,33,0.3177954560,436506304.0000000000,27
1300,34,0.3176705790,436506192.0000000000,8
1300,35,0.3176161840,436374176.0000000000,19
1300,36,0.3173948610,435926960.0000000000,25
1300,37,0.3178394510,436493120.0000000000,26
1300,38,0.3179401800,436544144.0000000000,17
1300,39,0.3177840230,436498464.0000000000,21
1300,40,0.3179513930,436502816.0000000000,11
1300,41,0.3179876130,436516768.0000000000,20
1300,42,0.3178952170,436527984.0000000000,22
1300,43,0.3179331840,436498720.0000000000,31
1300,44,0.3174971060,435931264.0000000000,33
1300,45,0.0821668050,131989920.0000000000,28
1300,46,0.0821605160,132143888.0000000000,34
1300,47,0.0820596170,132113440.0000000000,31
1300,48,0.0822029490,132150016.0000000000,27
1300,49,0.0821650540,132150400.0000000000,32
1300,50,0.0822623280,132137616.0000000000,30
1300,51,0.0821771970,132141200.0000000000,33
1300,52,0.0822419310,132127264.0000000000,35
1300,53,0.0823308830,131999040.0000000000,29
1300,54,0.0206236150,54827568.0000000000,16
1300,55,0.0206060540,54827568.0000000000,10
1300,56,0.0205709540,54827568.0000000000,11
1300,57,0.0205710590,54827568.0000000000,25
1300,58,0.0206032590,54827568.0000000000,13
1300,59,0.0205729990,54827568.0000000000,15
1300,60,0.0206226340,54827568.0000000000,9
1300,61,0.0206047430,54827568.0000000000,22
1300,62,0.0206375350,54827568.0000000000,12
1300,63,0.0206257130,54827568.0000000000,15
1300,64,0.0206438170,54827568.0000000000,14
1300,65,0.0205971470,54827568.0000000000,21
1300,66,0.0206057110,54827568.0000000000,18
1300,67,0.0206992950,54827568.0000000000,20
1300,68,0.0206894020,54827568.0000000000,19
1300,69,0.0206024770,54827568.0000000000,12
1300,70,0.0206944760,54827568.0000000000,23
1300,71,0.0206852060,54827568.0000000000,13
1300,72,0.0207033820,54827568.0000000000,10
1300,73,0.0206494050,54827568.0000000000,16
1300,74,0.0206227780,54827568.0000000000,14
1300,75,0.0205636800,54827568.0000000000,11
1300,76,0.0206237570,54827568.0000000000,13
1300,77,0.0205873110,54827568.0000000000,24
1300,78,0.0205986310,54827568.0000000000,20
1300,79,0.0206325040,54827568.0000000000,14
1300,80,0.0206782150,54827568.0000000000,20
1300,81,0.0206701050,54827568.0000000000,12
1300,82,0.0206536260,54827568.0000000000,13
1300,83,0.0206470110,54827568.0000000000,18
1300,84,0.0206158220,54827568.0000000000,9
1300,85,0.0206230890,54827568.0000000000,14
1300,86,0.0206214450,54827568.0000000000,22
1300,87,0.0206297460,54827568.0000000000,17
1300,88,0.0206050780,54827568.0000000000,17
1300,89,0.0205791000,54827568.0000000000,11
1300,90,0.0205485850,54827568.0000000000,25
1300,91,0.0206623420,54827568.0000000000,16
1300,92,0.0205515910,54827568.0000000000,24
1300,93,0.0205847220,54827568.0000000000,21
1300,94,0.0205996520,54827568.0000000000,10
1300,95,0.0206629830,54827568.0000000000,23
1300,96,0.0206109770,54827568.0000000000,26
1300,97,0.0206151720,54827568.0000000000,21
1300,98,0.0205712980,54827568.0000000000,24
1300,99,0.0205609650,54827568.0000000000,15
1300,100,0.0206245480,54827568.0000000000,9
1300,101,0.0206346470,54827568.0000000000,11
1300,102,0.0205789440,54827568.0000000000,26
1300,103,0.0207154240,54827568.0000000000,16
1300,104,0.0205703580,54827568.0000000000,26
1300,105,0.0206055800,54827568.0000000000,9
1300,106,0.0206680330,54827568.0000000000,10
1300,107,0.0205764970,54827568.0000000000,18
1300,108,0.0205407700,54827568.0000000000,25
1300,109,0.0206071850,54827568.0000000000,19
1300,110,0.0206248000,54827568.0000000000,23
1300,111,0.0205976060,54827568.0000000000,15
1300,112,0.0205967130,54827568.0000000000,17
1300,113,0.0206113730,54827568.0000000000,22
1300,114,0.0205822470,54827568.0000000000,19
1300,115,0.0206382560,54827568.0000000000,12
1300,116,0.0205830770,54827568.0000000000,17
1300,117,0.0178399190,47074864.0000000000,29
1300,118,0.0178964900,47074864.0000000000,28
1300,119,0.0178095510,47074864.0000000000,23
1300,120,0.0178108390,47074864.0000000000,16
1300,121,0.0177761330,47074864.0000000000,17
1300,122,0.0178895370,47074864.0000000000,35
1300,123,0.0178201850,47074864.0000000000,33
1300,124,0.0178713120,47074864.0000000000,34
1300,125,0.0178296910,47074864.0000000000,31
1300,126,0.0178349930,47074864.0000000000,32
1300,127,0.0178159200,47074864.0000000000,27
1300,128,0.0177748120,47074864.0000000000,21
1300,129,0.0178080650,47074864.0000000000,18
1300,130,0.0178424550,47074864.0000000000,23
1300,131,0.0178212910,47074864.0000000000,19
1300,132,0.0178311400,47074864.0000000000,21
1300,133,0.0178134900,47074864.0000000000,22
1300,134,0.0178052520,47074864.0000000000,20
1300,135,0.0178831760,47074864.0000000000,30
1300,136,0.0177957740,47074864.0000000000,15
1300,137,0.0178346420,47074864.0000000000,13
1300,138,0.0178030870,47074864.0000000000,25
1300,139,0.0178699590,47074864.0000000000,10
1300,140,0.0178086770,47074864.0000000000,26
1300,141,0.0178434370,47074864.0000000000,22
1300,142,0.0178085870,47074864.0000000000,25
1300,143,0.0178341860,47074864.0000000000,20
1300,144,0.0178247420,47074864.0000000000,14
1300,145,0.0178286650,47074864.0000000000,26
1300,146,0.0177738920,47074864.0000000000,24
1300,147,0.0178322120,47074864.0000000000,18
1300,148,0.0178076270,47074864.0000000000,11
1300,149,0.0177752730,47074864.0000000000,24
1300,150,0.0178226920,47074864.0000000000,19
1300,151,0.0178267150,47074864.0000000000,9
1300,152,0.0178109630,47074864.0000000000,12
1350,0,7.5717957433,317154032.0000000000,7
1350,1,7.3608687268,304669760.0000000000,8
1350,2,7.0732320703,292888512.0000000000,3
1350,3,6.1236851377,266430144.0000000000,0
1350,4,5.3488015259,244509488.0000000000,2
1350,5,6.3534514225,272589264.0000000000,1
1350,6,8.3216095048,330217008.0000000000,5
1350,7,9.3910669023,367041376.0000000000,4
1350,8,8.5192008333,346726704.0000000000,6
1350,9,10.4085427558,438164592.0000000000,1
1350,10,10.7245537394,444489120.0000000000,3
1350,11,11.3451327445,461078896.0000000000,29
1350,12,12.2675368771,488964720.0000000000,32
1350,13,12.7606031076,505326736.0000000000,24
1350,14,12.2844171689,490990848.0000000000,28
1350,15,11.2255742591,457854976.0000000000,15
1350,16,10.5064424385,438798224.0000000000,35
1350,17,10.3171269950,435375968.0000000000,6
1350,18,10.2190733047,436372256.0000000000,0
1350,19,10.2282841788,436509824.0000000000,4
1350,20,10.2311309597,436511808.0000000000,7
1350,21,10.2324469844,436508768.0000000000,14
1350,22,10.2210205384,436511360.0000000000,9
1350,23,10.2211191171,436509584.0000000000,34
1350,24,10.2356316818,436513328.0000000000,5
1350,25,10.2308660102,436509968.0000000000,2
1350,26,10.2231298641,436371888.0000000000,23
1350,27,10.2227764577,436374144.0000000000,16
1350,28,10.2280236153,436509680.0000000000,13
1350,29,10.2207811537,436508336.0000000000,10
1350,30,10.2226516644,436509904.0000000000,18
1350,31,10.2288757585,436510928.0000000000,12
1350,32,10.2256305375,436509520.0000000000,30
1350,33,10.2259774544,436508784.0000000000,27
1350,34,10.2224069227,436508304.0000000000,8
1350,35,10.2203674524,436372528.0000000000,19
1350,36,10.2185163292,435904720.0000000000,25
1350,37,10.2317212931,436494448.0000000000,26
1350,38,10.2307458161,436545744.0000000000,17
1350,39,10.2273620544,436497536.0000000000,21
1350,40,10.2317870998,436501056.0000000000,11
1350,41,10.2318875270,436516576.0000000000,20
1350,42,10.2288152423,436530736.0000000000,22
1350,43,10.2330810041,436502288.0000000000,31
1350,44,10.2184638679,435905328.0000000000,33
1350,45,2.6509476511,131983472.0000000000,28
1350,46,2.6510171500,132144816.0000000000,34
1350,47,2.6512587036,132114432.0000000000,31
1350,48,2.6523283133,132148416.0000000000,27
1350,49,2.6521169508,132150464.0000000000,32
1350,50,2.6525619483,132136048.0000000000,30
1350,51,2.6519481753,132142672.0000000000,33
1350,52,2.6509284554,132126272.0000000000,35
1350,53,2.6501841070,131997488.0000000000,29
1350,54,0.6742864085,54827568.0000000000,16
1350,55,0.6737902916,54827568.0000000000,10
1350,56,0.6729101993,54827568.0000000000,11
1350,57,0.6722818432,54827568.0000000000,25
1350,58,0.6738098007,54827568.0000000000,13
1350,59,0.6725844446,54827568.0000000000,15
1350,60,0.6731244866,54827568.0000000000,9
1350,61,0.6730312626,54827568.0000000000,22
1350,62,0.6737489804,54827568.0000000000,12
1350,63,0.6722007159,54827568.0000000000,15
1350,64,0.6749229155,54827568.0000000000,14
1350,65,0.6727102284,54827568.0000000000,21
1350,66,0.6731947022,54827568.0000000000,18
1350,67,0.6743013305,54827568.0000000000,20
1350,68,0.6744711718,54827568.0000000000,19
1350,69,0.6733996164,54827568.0000000000,12
1350,70,0.6741792144,54827568.0000000000,23
1350,71,0.6738335214,54827568.0000000000,13
1350,72,0.6738497066,54827568.0000000000,10
1350,73,0.6745591809,54827568.0000000000,16
1350,74,0.6745590476,54827568.0000000000,14
1350,75,0.6732647136,54827568.0000000000,11
1350,76,0.6736393696,54827568.0000000000,13
1350,77,0.6731149615,54827568.0000000000,24
1350,78,0.6737850673,54827568.0000000000,20
1350,79,0.6744844117,54827568.0000000000,14
1350,80,0.6746910935,54827568.0000000000,20
1350,81,0.6737378732,54827568.0000000000,12
1350,82,0.6734485548,54827568.0000000000,13
1350,83,0.6727430930,54827568.0000000000,18
1350,84,0.6731188940,54827568.0000000000,9
1350,85,0.6744990553,54827568.0000000000,14
1350,86,0.6725027113,54827568.0000000000,22
1350,87,0.6728899221,54827568.0000000000,17
1350,88,0.6727255310,54827568.0000000000,17
1350,89,0.6735143203,54827568.0000000000,11
1350,90,0.6718966403,54827568.0000000000,25
1350,91,0.6742798092,54827568.0000000000,16
1350,92,0.6729096545,54827568.0000000000,24
1350,93,0.6728758823,54827568.0000000000,21
1350,94,0.6734446496,54827568.0000000000,10
1350,95,0.6740111588,54827568.0000000000,23
1350,96,0.6735509923,54827568.0000000000,26
1350,97,0.6725207977,54827568.0000000000,21
1350,98,0.6730677804,54827568.0000000000,24
1350,99,0.6724861674,54827568.0000000000,15
1350,100,0.6731190655,54827568.0000000000,9
1350,101,0.6733061162,54827568.0000000000,11
1350,102,0.6731619580,54827568.0000000000,26
1350,103,0.6742323772,54827568.0000000000,16
1350,104,0.6730765003,54827568.0000000000,26
1350,105,0.6732667524,54827568.0000000000,9
1350,106,0.6735120716,54827568.0000000000,10
1350,107,0.6729637700,54827568.0000000000,18
1350,108,0.6723223691,54827568.0000000000,25
1350,109,0.6741585456,54827568.0000000000,19
1350,110,0.6743173297,54827568.0000000000,23
1350,111,0.6723783039,54827568.0000000000,15
1350,112,0.6730380830,54827568.0000000000,17
1350,113,0.6728828125,54827568.0000000000,22
1350,114,0.6743329832,54827568.0000000000,19
1350,115,0.6734633015,54827568.0000000000,12
1350,116,0.6730021133,54827568.0000000000,17
1350,117,0.5826226174,47074864.0000000000,29
1350,118,0.5836704946,47074864.0000000000,28
1350,119,0.5831796553,47074864.0000000000,23
1350,120,0.5829502656,47074864.0000000000,16
1350,121,0.5814908064,47074864.0000000000,17
1350,122,0.5834129811,47074864.0000000000,35
1350,123,0.5823573708,47074864.0000000000,33
1350,124,0.5823703393,47074864.0000000000,34
1350,125,0.5824163885,47074864.0000000000,31
1350,126,0.5830572645,47074864.0000000000,32
1350,127,0.5825724601,47074864.0000000000,27
1350,128,0.5809590784,47074864.0000000000,21
1350,129,0.5815849986,47074864.0000000000,18
1350,130,0.5832459778,47074864.0000000000,23
1350,131,0.5828318958,47074864.0000000000,19
1350,132,0.5812529465,47074864.0000000000,21
1350,133,0.5815198979,47074864.0000000000,22
1350,134,0.5824495175,47074864.0000000000,20
1350,135,0.5835034869,47074864.0000000000,30
1350,136,0.5812754800,47074864.0000000000,15
1350,137,0.5833716198,47074864.0000000000,13
1350,138,0.5815817237,47074864.0000000000,25
1350,139,0.5826042927,47074864.0000000000,10
1350,140,0.5815277380,47074864.0000000000,26
1350,141,0.5814846762,47074864.0000000000,22
1350,142,0.5815285830,47074864.0000000000,25
1350,143,0.5826632463,47074864.0000000000,20
1350,144,0.5833735342,47074864.0000000000,14
1350,145,0.5818169692,47074864.0000000000,26
1350,146,0.5815274056,47074864.0000000000,24
1350,147,0.5816602619,47074864.0000000000,18
1350,148,0.5816453495,47074864.0000000000,11
1350,149,0.5814664564,47074864.0000000000,24
1350,150,0.5826020716,47074864.0000000000,19
1350,151,0.5815089409,47074864.0000000000,9
1350,152,0.5820652649,47074864.0000000000,12
1400,0,0.2346704330,316542304.0000000000,7
1400,1,0.2239684920,301854496.0000000000,8
1400,2,0.2088119900,285490496.0000000000,3
1400,3,0.1744073980,255444464.0000000000,0
1400,4,0.1577618780,239389504.0000000000,2
1400,5,0.1804890730,260397488.0000000000,1
1400,6,0.2516173220,325752000.0000000000,5
1400,7,0.2944273240,368231936.0000000000,4
1400,8,0.2674557570,347797760.0000000000,6
1400,9,0.3251723420,438984992.0000000000,1
1400,10,0.3372407680,446951552.0000000000,3
1400,11,0.3629096480,467610736.0000000000,29
1400,12,0.3971506780,499023504.0000000000,32
1400,13,0.4026005830,506763808.0000000000,24
1400,14,0.3985014100,500909008.0000000000,28
1400,15,0.3571454870,462839648.0000000000,15
1400,16,0.3268646190,438806128.0000000000,35
1400,17,0.3203018750,434829744.0000000000,6
1400,18,0.3174862550,436373280.0000000000,0
1400,19,0.3177995900,436512256.0000000000,4
1400,20,0.3178753170,436510384.0000000000,7
1400,21,0.3179365920,436506288.0000000000,14
1400,22,0.3174916630,436515728.0000000000,9
1400,23,0.3175558230,436505888.0000000000,34
1400,24,0.3180096950,436510000.0000000000,5
1400,25,0.3179195140,436509488.0000000000,2
1400,26,0.3177389340,436372928.0000000000,23
1400,27,0.3176294630,436369168.0000000000,16
1400,28,0.3177561010,436512704.0000000000,13
1400,29,0.3174421780,436506048.0000000000,10
1400,30,0.3176171170,436514640.0000000000,18
1400,31,0.3177542690,436505552.0000000000,12
1400,32,0.3178370930,436513936.0000000000,30
1400,33,0.3176994080,436508880.0000000000,27
1400,34,0.3176986770,436509424.0000000000,8
1400,35,0.3175127760,436372272.0000000000,19
1400,36,0.3175303280,435886288.0000000000,25
1400,37,0.3179133740,436490848.0000000000,26
1400,38,0.3179582080,436543792.0000000000,17
1400,39,0.3178875180,436497424.0000000000,21
1400,40,0.3180569700,436501808.0000000000,11
1400,41,0.3178935820,436520480.0000000000,20
1400,42,0.3178981110,436532016.0000000000,22
1400,43,0.3179315160,436496752.0000000000,31
1400,44,0.3173784110,435882512.0000000000,33
1400,45,0.0821079390,131978304.0000000000,28
1400,46,0.0822420440,132143568.0000000000,34
1400,47,0.0821354540,132116864.0000000000,31
1400,48,0.0821485940,132147136.0000000000,27
1400,49,0.0821185370,132150768.0000000000,32
1400,50,0.0821209250,132132576.0000000000,30
1400,51,0.0820946420,132141152.0000000000,33
1400,52,0.0822341590,132130448.0000000000,35
1400,53,0.0820604970,131990592.0000000000,29
1400,54,0.0206332750,54827568.0000000000,16
1400,55,0.0206151020,54827568.0000000000,10
1400,56,0.0206867790,54827568.0000000000,11
1400,57,0.0205854750,54827568.0000000000,25
1400,58,0.0206342890,54827568.0000000000,13
1400,59,0.0206118550,54827568.0000000000,15
1400,60,0.0206446490,54827568.0000000000,9
1400,61,0.0206389880,54827568.0000000000,22
1400,62,0.0206365230,54827568.0000000000,12
1400,63,0.0205753630,54827568.0000000000,15
1400,64,0.0205927280,54827568.0000000000,14
1400,65,0.0205753050,54827568.0000000000,21
1400,66,0.0206237370,54827568.0000000000,18
1400,67,0.0206681450,54827568.0000000000,20
1400,68,0.0206516500,54827568.0000000000,19
1400,69,0.0206128470,54827568.0000000000,12
1400,70,0.0205771300,54827568.0000000000,23
1400,71,0.0205968850,54827568.0000000000,13
1400,72,0.0206094520,54827568.0000000000,10
1400,73,0.0206559080,54827568.0000000000,16
1400,74,0.0206786530,54827568.0000000000,14
1400,75,0.0206471030,54827568.0000000000,11
1400,76,0.0206110620,54827568.0000000000,13
1400,77,0.0206281500,54827568.0000000000,24
1400,78,0.0206396200,54827568.0000000000,20
1400,79,0.0206674300,54827568.0000000000,14
1400,80,0.0206572840,54827568.0000000000,20
1400,81,0.0206558000,54827568.0000000000,12
1400,82,0.0205877260,54827568.0000000000,13
1400,83,0.0206140280,54827568.0000000000,18
1400,84,0.0205956840,54827568.0000000000,9
1400,85,0.0206517480,54827568.0000000000,14
1400,86,0.0206122960,54827568.0000000000,22
1400,87,0.0205810350,54827568.0000000000,17
1400,88,0.0206173340,54827568.0000000000,17
1400,89,0.0205986890,54827568.0000000000,11
1400,90,0.0206001450,54827568.0000000000,25
1400,91,0.0206052790,54827568.0000000000,16
1400,92,0.0205826910,54827568.0000000000,24
1400,93,0.0206229570,54827568.0000000000,21
1400,94,0.0206437170,54827568.0000000000,10
1400,95,0.0205746650,54827568.0000000000,23
1400,96,0.0206408530,54827568.0000000000,26
1400,97,0.0206175650,54827568.0000000000,21
1400,98,0.0206693000,54827568.0000000000,24
1400,99,0.0206636960,54827568.0000000000,15
1400,100,0.0206225960,54827568.0000000000,9
1400,101,0.0206091810,54827568.0000000000,11
1400,102,0.0206139310,54827568.0000000000,26
1400,103,0.0206577520,54827568.0000000000,16
1400,104,0.0206000150,54827568.0000000000,26
1400,105,0.0206056020,54827568.0000000000,9
1400,106,0.0206283280,54827568.0000000000,10
1400,107,0.0206578020,54827568.0000000000,18
1400,108,0.0205796460,54827568.0000000000,25
1400,109,0.0206902260,54827568.0000000000,19
1400,110,0.0206976220,54827568.0000000000,23
1400,111,0.0205814160,54827568.0000000000,15
1400,112,0.0206191070,54827568.0000000000,17
1400,113,0.0206213660,54827568.0000000000,22
1400,114,0.0206729310,54827568.0000000000,19
1400,115,0.0205998310,54827568.0000000000,12
1400,116,0.0205477590,54827568.0000000000,17
1400,117,0.0178487890,47074864.0000000000,29
1400,118,0.0179040770,47074864.0000000000,28
1400,119,0.0178394890,47074864.0000000000,23
1400,120,0.0178403670,47074864.0000000000,16
1400,121,0.0177649920,47074864.0000000000,17
1400,122,0.0178617430,47074864.0000000000,35
1400,123,0.0178214450,47074864.0000000000,33
1400,124,0.0178043120,47074864.0000000000,34
1400,125,0.0178217670,47074864.0000000000,31
1400,126,0.0178500230,47074864.0000000000,32
1400,127,0.0178426200,47074864.0000000000,27
1400,128,0.0177632500,47074864.0000000000,21
1400,129,0.0178097390,47074864.0000000000,18
1400,130,0.0178364230,47074864.0000000000,23
1400,131,0.0178256800,47074864.0000000000,19
1400,132,0.0177768190,47074864.0000000000,21
1400,133,0.0177662970,47074864.0000000000,22
1400,134,0.0178455700,47074864.0000000000,20
1400,135,0.0178358130,47074864.0000000000,30
1400,136,0.0178361220,47074864.0000000000,15
1400,137,0.0178847380,47074864.0000000000,13
1400,138,0.0177951410,47074864.0000000000,25
1400,139,0.0178233810,47074864.0000000000,10
1400,140,0.0178327730,47074864.0000000000,26
1400,141,0.0177946020,47074864.0000000000,22
1400,142,0.0178084070,47074864.0000000000,25
1400,143,0.0177964350,47074864.0000000000,20
1400,144,0.0178329160,47074864.0000000000,14
1400,145,0.0177954420,47074864.0000000000,26
1400,146,0.0177769850,47074864.0000000000,24
1400,147,0.0178164720,47074864.0000000000,18
1400,148,0.0177887240,47074864.0000000000,11
1400,149,0.0177861830,47074864.0000000000,24
1400,150,0.0178470120,47074864.0000000000,19
1400,151,0.0177872710,47074864.0000000000,9
1400,152,0.0177930800,47074864.0000000000,12
1450,0,7.5424663609,315934976.0000000000,7
1450,1,7.1550846992,299278352.0000000000,8
1450,2,6.5481402486,277254560.0000000000,3
1450,3,5.4515530482,247371328.0000000000,0
1450,4,4.9500610494,234029520.0000000000,2
1450,5,5.6024887679,251243184.0000000000,1
1450,6,7.9732159839,320119408.0000000000,5
1450,7,9.4965946674,369226272.0000000000,4
1450,8,8.6322139152,349098192.0000000000,6
1450,9,10.4692463328,439861056.0000000000,1
1450,10,10.9060334976,449672592.0000000000,3
1450,11,11.8242597582,474688240.0000000000,29
1450,12,12.8986325649,503560736.0000000000,32
1450,13,12.9516837413,506569712.0000000000,24
1450,14,12.9531367188,505668624.0000000000,28
1450,15,11.6118433534,468932896.0000000000,15
1450,16,10.5295984095,439087136.0000000000,35
1450,17,10.2954360080,434314464.0000000000,6
1450,18,10.2187705658,436374160.0000000000,0
1450,19,10.2267413816,436512640.0000000000,4
1450,20,10.2308147793,436507456.0000000000,7
1450,21,10.2311003058,436513680.0000000000,14
1450,22,10.2195000175,436506880.0000000000,9
1450,23,10.2208534051,436503840.0000000000,34
1450,24,10.2358145041,436514992.0000000000,5
1450,25,10.2303696835,436509808.0000000000,2
1450,26,10.2214400233,436369296.0000000000,23
1450,27,10.2222444426,436368912.0000000000,16
1450,28,10.2286662586,436507664.0000000000,13
1450,29,10.2218598635,436511472.0000000000,10
1450,30,10.2223794441,436510336.0000000000,18
1450,31,10.2281187964,436507904.0000000000,12
1450,32,10.2246460936,436516048.0000000000,30
1450,33,10.2259567036,436507888.0000000000,27
1450,34,10.2218288642,436507280.0000000000,8
1450,35,10.2203421194,436369488.0000000000,19
1450,36,10.2167928297,435868640.0000000000,25
1450,37,10.2315924224,436489712.0000000000,26
1450,38,10.2309122941,436549312.0000000000,17
1450,39,10.2280093841,436501632.0000000000,21
1450,40,10.2320058931,436502176.0000000000,11
1450,41,10.2307063700,436516992.0000000000,20
1450,42,10.2293686392,436534880.0000000000,22
1450,43,10.2339342904,436496336.0000000000,31
1450,44,10.2167432682,435863104.0000000000,33
1450,45,2.6500564069,131973984.0000000000,28
1450,46,2.6513798711,132142656.0000000000,34
1450,47,2.6511231149,132116448.0000000000,31
1450,48,2.6528132692,132145072.0000000000,27
1450,49,2.6533464369,132150976.0000000000,32
1450,50,2.6519509633,132134768.0000000000,30
1450,51,2.6519241308,132139472.0000000000,33
1450,52,2.6508433646,132132464.0000000000,35
1450,53,2.6503778123,131983824.0000000000,29
1450,54,0.6744163314,54827568.0000000000,16
1450,55,0.6738739848,54827568.0000000000,10
1450,56,0.6733039135,54827568.0000000000,11
1450,57,0.6723669061,54827568.0000000000,25
1450,58,0.6740019268,54827568.0000000000,13
1450,59,0.6725275211,54827568.0000000000,15
1450,60,0.6734893752,54827568.0000000000,9
1450,61,0.6729753782,54827568.0000000000,22
1450,62,0.6737649406,54827568.0000000000,12
1450,63,0.6720362751,54827568.0000000000,15
1450,64,0.6746372221,54827568.0000000000,14
1450,65,0.6727673131,54827568.0000000000,21
1450,66,0.6730479321,54827568.0000000000,18
1450,67,0.6745426385,54827568.0000000000,20
1450,68,0.6746052216,54827568.0000000000,19
1450,69,0.6734245342,54827568.0000000000,12
1450,70,0.6741853467,54827568.0000000000,23
1450,71,0.6734140407,54827568.0000000000,13
1450,72,0.6733735468,54827568.0000000000,10
1450,73,0.6743036832,54827568.0000000000,16
1450,74,0.6743895923,54827568.0000000000,14
1450,75,0.6730612618,54827568.0000000000,11
1450,76,0.6734888313,54827568.0000000000,13
1450,77,0.6731273879,54827568.0000000000,24
1450,78,0.6743635110,54827568.0000000000,20
1450,79,0.6748362550,54827568.0000000000,14
1450,80,0.6742561686,54827568.0000000000,20
1450,81,0.6733362595,54827568.0000000000,12
1450,82,0.6736199931,54827568.0000000000,13
1450,83,0.6731256343,54827568.0000000000,18
1450,84,0.6730426924,54827568.0000000000,9
1450,85,0.6744143929,54827568.0000000000,14
1450,86,0.6729826675,54827568.0000000000,22
1450,87,0.6729212990,54827568.0000000000,17
1450,88,0.6726868502,54827568.0000000000,17
1450,89,0.6730546209,54827568.0000000000,11
1450,90,0.6723535154,54827568.0000000000,25
1450,91,0.6743057950,54827568.0000000000,16
1450,92,0.6731247200,54827568.0000000000,24
1450,93,0.6728896441,54827568.0000000000,21
1450,94,0.6736837940,54827568.0000000000,10
1450,95,0.6743627195,54827568.0000000000,23
1450,96,0.6735209205,54827568.0000000000,26
1450,97,0.6726563519,54827568.0000000000,21
1450,98,0.6727420292,54827568.0000000000,24
1450,99,0.6726270396,54827568.0000000000,15
1450,100,0.6728177745,54827568.0000000000,9
1450,101,0.6732171578,54827568.0000000000,11
1450,102,0.6731308239,54827568.0000000000,26
1450,103,0.6742988364,54827568.0000000000,16
1450,104,0.6731291896,54827568.0000000000,26
1450,105,0.6733146368,54827568.0000000000,9
1450,106,0.6733845361,54827568.0000000000,10
1450,107,0.6730955463,54827568.0000000000,18
1450,108,0.6724041874,54827568.0000000000,25
1450,109,0.6744118427,54827568.0000000000,19
1450,110,0.6743884584,54827568.0000000000,23
1450,111,0.6720965349,54827568.0000000000,15
1450,112,0.6727001170,54827568.0000000000,17
1450,113,0.6728909366,54827568.0000000000,22
1450,114,0.6742469585,54827568.0000000000,19
1450,115,0.6730837070,54827568.0000000000,12
1450,116,0.6729485756,54827568.0000000000,17
1450,117,0.5828085171,47074864.0000000000,29
1450,118,0.5835984431,47074864.0000000000,28
1450,119,0.5832866200,47074864.0000000000,23
1450,120,0.5830305659,47074864.0000000000,16
1450,121,0.5814308967,47074864.0000000000,17
1450,122,0.5831862696,47074864.0000000000,35
1450,123,0.5824665603,47074864.0000000000,33
1450,124,0.5822998715,47074864.0000000000,34
1450,125,0.5824710878,47074864.0000000000,31
1450,126,0.5829517420,47074864.0000000000,32
1450,127,0.5824686740,47074864.0000000000,27
1450,128,0.5810118535,47074864.0000000000,21
1450,129,0.5817654084,47074864.0000000000,18
1450,130,0.5830741913,47074864.0000000000,23
1450,131,0.5827501517,47074864.0000000000,19
1450,132,0.5811016112,47074864.0000000000,21
1450,133,0.5814716495,47074864.0000000000,22
1450,134,0.5825767961,47074864.0000000000,20
1450,135,0.5834199562,47074864.0000000000,30
1450,136,0.5812335621,47074864.0000000000,15
1450,137,0.5832492014,47074864.0000000000,13
1450,138,0.5817034879,47074864.0000000000,25
1450,139,0.5826875339,47074864.0000000000,10
1450,140,0.5817461441,47074864.0000000000,26
1450,141,0.5814794126,47074864.0000000000,22
1450,142,0.5817544940,47074864.0000000000,25
1450,143,0.5824603153,47074864.0000000000,20
1450,144,0.5834526030,47074864.0000000000,14
1450,145,0.5818588399,47074864.0000000000,26
1450,146,0.5812479581,47074864.0000000000,24
1450,147,0.5817689245,47074864.0000000000,18
1450,148,0.5816980952,47074864.0000000000,11
1450,149,0.5815295407,47074864.0000000000,24
1450,150,0.5828995122,47074864.0000000000,19
1450,151,0.5816104731,47074864.0000000000,9
1450,152,0.5820053052,47074864.0000000000,12
1500,0,0.2336989160,315184000.0000000000,7
1500,1,0.2185094470,296971936.0000000000,8
1500,2,0.1903555380,268754496.0000000000,3
1500,3,0.1526865700,236803360.0000000000,0
1500,4,0.1350233810,221065664.0000000000,2
1500,5,0.1559523980,239886720.0000000000,1
1500,6,0.2385346330,314057632.0000000000,5
1500,7,0.2975109560,370444048.0000000000,4
1500,8,0.2709469430,350581632.0000000000,6
1500,9,0.3250741050,440724352.0000000000,1
1500,10,0.3415041920,452258224.0000000000,3
1500,11,0.3760025670,480615232.0000000000,29
1500,12,0.4042525750,504724976.0000000000,32
1500,13,0.4021405340,506331888.0000000000,24
1500,14,0.4067551180,506597904.0000000000,28
1500,15,0.3692308000,474315824.0000000000,15
1500,16,0.3267670440,439411600.0000000000,35
1500,17,0.3179653360,433768096.0000000000,6
1500,18,0.3176068990,436370944.0000000000,0
1500,19,0.3177363230,436511840.0000000000,4
1500,20,0.3179627210,436509424.0000000000,7
1500,21,0.3179352620,436509488.0000000000,14
1500,22,0.3176076120,436505488.0000000000,9
1500,23,0.3175990740,436506224.0000000000,34
1500,24,0.3180863920,436515008.0000000000,5
1500,25,0.3178830160,436511808.0000000000,2
1500,26,0.3176314800,436366608.0000000000,23
1500,27,0.3177632160,436371920.0000000000,16
1500,28,0.3177821060,436510272.0000000000,13
1500,29,0.3174402280,436508208.0000000000,10
1500,30,0.3175704620,436509904.0000000000,18
1500,31,0.3177608860,436507648.0000000000,12
1500,32,0.3178241970,436512832.0000000000,30
1500,33,0.3177132850,436506192.0000000000,27
1500,34,0.3175491170,436503840.0000000000,8
1500,35,0.3174828150,436371232.0000000000,19
1500,36,0.3174641820,435844528.0000000000,25
1500,37,0.3179718970,436489568.0000000000,26
1500,38,0.3179369740,436550112.0000000000,17
1500,39,0.3177172140,436504432.0000000000,21
1500,40,0.3179426610,436500304.0000000000,11
1500,41,0.3180280150,436521776.0000000000,20
1500,42,0.3180328830,436535216.0000000000,22
1500,43,0.3179515940,436492928.0000000000,31
1500,44,0.3173927980,435838672.0000000000,33
1500,45,0.0820184460,131969520.0000000000,28
1500,46,0.0821983200,132142000.0000000000,34
1500,47,0.0821458420,132114880.0000000000,31
1500,48,0.0821523200,132143280.0000000000,27
1500,49,0.0821244870,132152224.0000000000,32
1500,50,0.0821104820,132135104.0000000000,30
1500,51,0.0821321220,132139024.0000000000,33
1500,52,0.0821319140,132132224.0000000000,35
1500,53,0.0821255430,131979088.0000000000,29
1500,54,0.0205982690,54827568.0000000000,16
1500,55,0.0206380530,54827568.0000000000,10
1500,56,0.0206203710,54827568.0000000000,11
1500,57,0.0205761400,54827568.0000000000,25
1500,58,0.0207030280,54827568.0000000000,13
1500,59,0.0206133150,54827568.0000000000,15
1500,60,0.0205880380,54827568.0000000000,9
1500,61,0.0205692450,54827568.0000000000,22
1500,62,0.0206602050,54827568.0000000000,12
1500,63,0.0205242520,54827568.0000000000,15
1500,64,0.0206742020,54827568.0000000000,14
1500,65,0.0206120060,54827568.0000000000,21
1500,66,0.0205751830,54827568.0000000000,18
1500,67,0.0206231180,54827568.0000000000,20
1500,68,0.0205992000,54827568.0000000000,19
1500,69,0.0206049790,54827568.0000000000,12
1500,70,0.0206114170,54827568.0000000000,23
1500,71,0.0205854930,54827568.0000000000,13
1500,72,0.0205874370,54827568.0000000000,10
1500,73,0.0207192230,54827568.0000000000,16
1500,74,0.0205949610,54827568.0000000000,14
1500,75,0.0205791400,54827568.0000000000,11
1500,76,0.0205676160,54827568.0000000000,13
1500,77,0.0206215970,54827568.0000000000,24
1500,78,0.0206957180,54827568.0000000000,20
1500,79,0.0206483450,54827568.0000000000,14
1500,80,0.0205880100,54827568.0000000000,20
1500,81,0.0205753910,54827568.0000000000,12
1500,82,0.0206087180,54827568.0000000000,13
1500,83,0.0206406590,54827568.0000000000,18
1500,84,0.0206064620,54827568.0000000000,9
1500,85,0.0206348750,54827568.0000000000,14
1500,86,0.0205926190,54827568.0000000000,22
1500,87,0.0206417810,54827568.0000000000,17
1500,88,0.0206808080,54827568.0000000000,17
1500,89,0.0206352700,54827568.0000000000,11
1500,90,0.0205607980,54827568.0000000000,25
1500,91,0.0206210810,54827568.0000000000,16
1500,92,0.0205911670,54827568.0000000000,24
1500,93,0.0206801190,54827568.0000000000,21
1500,94,0.0206091680,54827568.0000000000,10
1500,95,0.0206268550,54827568.0000000000,23
1500,96,0.0206493220,54827568.0000000000,26
1500,97,0.0205950540,54827568.0000000000,21
1500,98,0.0206047650,54827568.0000000000,24
1500,99,0.0205758630,54827568.0000000000,15
1500,100,0.0206249200,54827568.0000000000,9
1500,101,0.0205824460,54827568.0000000000,11
1500,102,0.0205174970,54827568.0000000000,26
1500,103,0.0207404730,54827568.0000000000,16
1500,104,0.0206173680,54827568.0000000000,26
1500,105,0.0206317430,54827568.0000000000,9
1500,106,0.0206119440,54827568.0000000000,10
1500,107,0.0205703840,54827568.0000000000,18
1500,108,0.0206307450,54827568.0000000000,25
1500,109,0.0206507570,54827568.0000000000,19
1500,110,0.0206608110,54827568.0000000000,23
1500,111,0.0206659170,54827568.0000000000,15
1500,112,0.0205891790,54827568.0000000000,17
1500,113,0.0205450170,54827568.0000000000,22
1500,114,0.0206532640,54827568.0000000000,19
1500,115,0.0206387650,54827568.0000000000,12
1500,116,0.0206905770,54827568.0000000000,17
1500,117,0.0178411640,47074864.0000000000,29
1500,118,0.0178587080,47074864.0000000000,28
1500,119,0.0178497390,47074864.0000000000,23
1500,120,0.0178441350,47074864.0000000000,16
1500,121,0.0178000110,47074864.0000000000,17
1500,122,0.0178355130,47074864.0000000000,35
1500,123,0.0178377270,47074864.0000000000,33
1500,124,0.0178225170,47074864.0000000000,34
1500,125,0.0178131300,47074864.0000000000,31
1500,126,0.0178600990,47074864.0000000000,32
1500,127,0.0178544250,47074864.0000000000,27
1500,128,0.0178077670,47074864.0000000000,21
1500,129,0.0178086870,47074864.0000000000,18
1500,130,0.0178368430,47074864.0000000000,23
1500,131,0.0178547460,47074864.0000000000,19
1500,132,0.0178254020,47074864.0000000000,21
1500,133,0.0178068970,47074864.0000000000,22
1500,134,0.0178342710,47074864.0000000000,20
1500,135,0.0178281700,47074864.0000000000,30
1500,136,0.0177801930,47074864.0000000000,15
1500,137,0.0178749590,47074864.0000000000,13
1500,138,0.0177933070,47074864.0000000000,25
1500,139,0.0178285880,47074864.0000000000,10
1500,140,0.0178514300,47074864.0000000000,26
1500,141,0.0177737820,47074864.0000000000,22
1500,142,0.0178285350,47074864.0000000000,25
1500,143,0.0178060240,47074864.0000000000,20
1500,144,0.0178376150,47074864.0000000000,14
1500,145,0.0178196180,47074864.0000000000,26
1500,146,0.0177823260,47074864.0000000000,24
1500,147,0.0178427020,47074864.0000000000,18
1500,148,0.0177973390,47074864.0000000000,11
1500,149,0.0178118140,47074864.0000000000,24
1500,150,0.0178014620,47074864.0000000000,19
1500,151,0.0178074880,47074864.0000000000,9
1500,152,0.0178298680,47074864.0000000000,12
1550,0,7.5326206821,314365648.0000000000,7
1550,1,7.0207432214,295490816.0000000000,8
1550,2,5.9735867832,261288224.0000000000,3
1550,3,4.6382295443,224047696.0000000000,0
1550,4,4.1356387194,211054016.0000000000,2
1550,5,4.7291622045,226344688.0000000000,1
1550,6,7.5735244110,309368816.0000000000,5
1550,7,9.6074380456,372166496.0000000000,4
1550,8,8.7491471193,352096768.0000000000,6
1550,9,10.4750291816,441502528.0000000000,1
1550,10,10.9822784042,454547504.0000000000,3
1550,11,12.1275677816,484540304.0000000000,29
1550,12,12.9749295883,504789056.0000000000,32
1550,13,12.9120391558,506018352.0000000000,24
1550,14,13.0856601463,506244672.0000000000,28
1550,15,11.9504943960,478011808.0000000000,15
1550,16,10.5139472638,439619584.0000000000,35
1550,17,10.2309395886,433265872.0000000000,6
1550,18,10.2197373250,436367056.0000000000,0
1550,19,10.2289833077,436509824.0000000000,4
1550,20,10.2303598440,436510352.0000000000,7
1550,21,10.2312782946,436513744.0000000000,14
1550,22,10.2196736264,436511648.0000000000,9
1550,23,10.2215863253,436510064.0000000000,34
1550,24,10.2359138352,436511456.0000000000,5
1550,25,10.2309206423,436512672.0000000000,2
1550,26,10.2213826116,436370832.0000000000,23
1550,27,10.2223520716,436366704.0000000000,16
1550,28,10.2280391684,436513472.0000000000,13
1550,29,10.2213442707,436505520.0000000000,10
1550,30,10.2225086564,436510128.0000000000,18
1550,31,10.2280433498,436510336.0000000000,12
1550,32,10.2243953361,436507920.0000000000,30
1550,33,10.2266560466,436509088.0000000000,27
1550,34,10.2225862835,436509680.0000000000,8
1550,35,10.2207147602,436370896.0000000000,19
1550,36,10.2165550139,435824464.0000000000,25
1550,37,10.2320010144,436491376.0000000000,26
1550,38,10.2314125187,436550384.0000000000,17
1550,39,10.2283887614,436501840.0000000000,21
1550,40,10.2326660763,436498624.0000000000,11
1550,41,10.2322654223,436526128.0000000000,20
1550,42,10.2302386044,436529840.0000000000,22
1550,43,10.2330271769,436490592.0000000000,31
1550,44,10.2141528190,435817536.0000000000,33
1550,45,2.6506205816,131963952.0000000000,28
1550,46,2.6515074859,132140912.0000000000,34
1550,47,2.6513993873,132114432.0000000000,31
1550,48,2.6518863728,132142960.0000000000,27
1550,49,2.6525075249,132151200.0000000000,32
1550,50,2.6522641365,132132912.0000000000,30
1550,51,2.6520419372,132142096.0000000000,33
1550,52,2.6508590301,132132016.0000000000,35
1550,53,2.6504843015,131973392.0000000000,29
1550,54,0.6742040294,54827568.0000000000,16
1550,55,0.6738509627,54827568.0000000000,10
1550,56,0.6728819631,54827568.0000000000,11
1550,57,0.6728044441,54827568.0000000000,25
1550,58,0.6740261928,54827568.0000000000,13
1550,59,0.6723734801,54827568.0000000000,15
1550,60,0.6735271361,54827568.0000000000,9
1550,61,0.6732018963,54827568.0000000000,22
1550,62,0.6735542610,54827568.0000000000,12
1550,63,0.6722271293,54827568.0000000000,15
1550,64,0.6748509575,54827568.0000000000,14
1550,65,0.6729471158,54827568.0000000000,21
1550,66,0.6729794754,54827568.0000000000,18
1550,67,0.6742332842,54827568.0000000000,20
1550,68,0.6744267464,54827568.0000000000,19
1550,69,0.6730962216,54827568.0000000000,12
1550,70,0.6744150287,54827568.0000000000,23
1550,71,0.6734444708,54827568.0000000000,13
1550,72,0.6736719379,54827568.0000000000,10
1550,73,0.6744753133,54827568.0000000000,16
1550,74,0.6742059409,54827568.0000000000,14
1550,75,0.6731177937,54827568.0000000000,11
1550,76,0.6734162663,54827568.0000000000,13
1550,77,0.6733259080,54827568.0000000000,24
1550,78,0.6741242415,54827568.0000000000,20
1550,79,0.6744753651,54827568.0000000000,14
1550,80,0.6742257963,54827568.0000000000,20
1550,81,0.6728214244,54827568.0000000000,12
1550,82,0.6735816953,54827568.0000000000,13
1550,83,0.6729656207,54827568.0000000000,18
1550,84,0.6729448814,54827568.0000000000,9
1550,85,0.6742426336,54827568.0000000000,14
1550,86,0.6729080178,54827568.0000000000,22
1550,87,0.6734658976,54827568.0000000000,17
1550,88,0.6726301318,54827568.0000000000,17
1550,89,0.6728675569,54827568.0000000000,11
1550,90,0.6723871938,54827568.0000000000,25
1550,91,0.6738979868,54827568.0000000000,16
1550,92,0.6732525971,54827568.0000000000,24
1550,93,0.6727194472,54827568.0000000000,21
1550,94,0.6736505232,54827568.0000000000,10
1550,95,0.6743335497,54827568.0000000000,23
1550,96,0.6734455494,54827568.0000000000,26
1550,97,0.6728621088,54827568.0000000000,21
1550,98,0.6728022565,54827568.0000000000,24
1550,99,0.6727402843,54827568.0000000000,15
1550,100,0.6731748093,54827568.0000000000,9
1550,101,0.6734438753,54827568.0000000000,11
1550,102,0.6730663890,54827568.0000000000,26
1550,103,0.6742677488,54827568.0000000000,16
1550,104,0.6731156033,54827568.0000000000,26
1550,105,0.6733627711,54827568.0000000000,9
1550,106,0.6737176911,54827568.0000000000,10
1550,107,0.6728065508,54827568.0000000000,18
1550,108,0.6723907401,54827568.0000000000,25
1550,109,0.6743354016,54827568.0000000000,19
1550,110,0.6742190998,54827568.0000000000,23
1550,111,0.6719815105,54827568.0000000000,15
1550,112,0.6730178689,54827568.0000000000,17
1550,113,0.6729739923,54827568.0000000000,22
1550,114,0.6743948176,54827568.0000000000,19
1550,115,0.6734672726,54827568.0000000000,12
1550,116,0.6730162472,54827568.0000000000,17
1550,117,0.5828011673,47074864.0000000000,29
1550,118,0.5835602927,47074864.0000000000,28
1550,119,0.5831814411,47074864.0000000000,23
1550,120,0.5831036670,47074864.0000000000,16
1550,121,0.5813568425,47074864.0000000000,17
1550,122,0.5832945704,47074864.0000000000,35
1550,123,0.5824204655,47074864.0000000000,33
1550,124,0.5823515329,47074864.0000000000,34
1550,125,0.5824278042,47074864.0000000000,31
1550,126,0.5830153485,47074864.0000000000,32
1550,127,0.5825169188,47074864.0000000000,27
1550,128,0.5810382339,47074864.0000000000,21
1550,129,0.5816378362,47074864.0000000000,18
1550,130,0.5833607396,47074864.0000000000,23
1550,131,0.5827529522,47074864.0000000000,19
1550,132,0.5813161548,47074864.0000000000,21
1550,133,0.5817005665,47074864.0000000000,22
1550,134,0.5824639375,47074864.0000000000,20
1550,135,0.5833994837,47074864.0000000000,30
1550,136,0.5812941115,47074864.0000000000,15
1550,137,0.5832204786,47074864.0000000000,13
1550,138,0.5815276228,47074864.0000000000,25
1550,139,0.5826356560,47074864.0000000000,10
1550,140,0.5817104735,47074864.0000000000,26
1550,141,0.5813619570,47074864.0000000000,22
1550,142,0.5816347331,47074864.0000000000,25
1550,143,0.5824511380,47074864.0000000000,20
1550,144,0.5835729589,47074864.0000000000,14
1550,145,0.5818900011,47074864.0000000000,26
1550,146,0.5815049242,47074864.0000000000,24
1550,147,0.5817296690,47074864.0000000000,18
1550,148,0.5815658908,47074864.0000000000,11
1550,149,0.5812747230,47074864.0000000000,24
1550,150,0.5825118531,47074864.0000000000,19
1550,151,0.5815063622,47074864.0000000000,9
1550,152,0.5820675441,47074864.0000000000,12
1600,0,0.2340356620,313321760.0000000000,7
1600,1,0.2168792640,294498160.0000000000,8
1600,2,0.1734413480,253491488.0000000000,3
1600,3,0.1305730160,215915728.0000000000,0
1600,4,0.1270938720,210874880.0000000000,2
1600,5,0.1316965140,217203840.0000000000,1
1600,6,0.2282427170,304307056.0000000000,5
1600,7,0.3019858570,374524096.0000000000,4
1600,8,0.2740648640,353429456.0000000000,6
1600,9,0.3291229100,442206784.0000000000,1
1600,10,0.3483400920,456483200.0000000000,3
1600,11,0.3844002050,486896240.0000000000,29
1600,12,0.4055876510,504459248.0000000000,32
1600,13,0.4021967630,505634944.0000000000,24
1600,14,0.4077692090,505875424.0000000000,28
1600,15,0.3769927000,480441680.0000000000,15
1600,16,0.3283884440,439707056.0000000000,35
1600,17,0.3188942240,432726400.0000000000,6
1600,18,0.3175388670,436368512.0000000000,0
1600,19,0.3178956650,436504128.0000000000,4
1600,20,0.3177277050,436518384.0000000000,7
1600,21,0.3181111290,436511120.0000000000,14
1600,22,0.3174289800,436512096.0000000000,9
1600,23,0.3175726760,436507472.0000000000,34
1600,24,0.3179286220,436513664.0000000000,5
1600,25,0.3180036170,436511520.0000000000,2
1600,26,0.3176200580,436367792.0000000000,23
1600,27,0.3176033220,436365248.0000000000,16
1600,28,0.3180083300,436508528.0000000000,13
1600,29,0.3176993120,436507520.0000000000,10
1600,30,0.3175124390,436508992.0000000000,18
1600,31,0.3175761590,436511760.0000000000,12
1600,32,0.3178703630,436509840.0000000000,30
1600,33,0.3178410910,436508672.0000000000,27
1600,34,0.3176339160,436508768.0000000000,8
1600,35,0.3175778440,436370224.0000000000,19
1600,36,0.3175777010,435801248.0000000000,25
1600,37,0.3180875080,436495152.0000000000,26
1600,38,0.3178584160,436549440.0000000000,17
1600,39,0.3177741940,436504880.0000000000,21
1600,40,0.3180212390,436497728.0000000000,11
1600,41,0.3180058820,436524064.0000000000,20
1600,42,0.3179396670,436531808.0000000000,22
1600,43,0.3180321880,436492544.0000000000,31
1600,44,0.3174302490,435789104.0000000000,33
1600,45,0.0821588850,131956928.0000000000,28
1600,46,0.0820958830,132140640.0000000000,34
1600,47,0.0820792700,132117312.0000000000,31
1600,48,0.0821838020,132141408.0000000000,27
1600,49,0.0821316130,132153152.0000000000,32
1600,50,0.0820962530,132130064.0000000000,30
1600,51,0.0821234860,132142832.0000000000,33
1600,52,0.0820859840,132131632.0000000000,35
1600,53,0.0824562900,131968368.0000000000,29
1600,54,0.0206615810,54827568.0000000000,16
1600,55,0.0206267240,54827568.0000000000,10
1600,56,0.0206183870,54827568.0000000000,11
1600,57,0.0205898650,54827568.0000000000,25
1600,58,0.0206107190,54827568.0000000000,13
1600,59,0.0206160080,54827568.0000000000,15
1600,60,0.0205993800,54827568.0000000000,9
1600,61,0.0206949370,54827568.0000000000,22
1600,62,0.0206588830,54827568.0000000000,12
1600,63,0.0205104760,54827568.0000000000,15
1600,64,0.0207088900,54827568.0000000000,14
1600,65,0.0206299100,54827568.0000000000,21
1600,66,0.0206674120,54827568.0000000000,18
1600,67,0.0206439370,54827568.0000000000,20
1600,68,0.0207018200,54827568.0000000000,19
1600,69,0.0205377780,54827568.0000000000,12
1600,70,0.0206183570,54827568.0000000000,23
1600,71,0.0206086650,54827568.0000000000,13
1600,72,0.0206073850,54827568.0000000000,10
1600,73,0.0207345710,54827568.0000000000,16
1600,74,0.0206746120,54827568.0000000000,14
1600,75,0.0205800030,54827568.0000000000,11
1600,76,0.0206141560,54827568.0000000000,13
1600,77,0.0205631650,54827568.0000000000,24
1600,78,0.0206490870,54827568.0000000000,20
1600,79,0.0206317910,54827568.0000000000,14
1600,80,0.0206069870,54827568.0000000000,20
1600,81,0.0205934960,54827568.0000000000,12
1600,82,0.0206209170,54827568.0000000000,13
1600,83,0.0205777190,54827568.0000000000,18
1600,84,0.0206314020,54827568.0000000000,9
1600,85,0.0206455780,54827568.0000000000,14
1600,86,0.0206183880,54827568.0000000000,22
1600,87,0.0206288480,54827568.0000000000,17
1600,88,0.0205410050,54827568.0000000000,17
1600,89,0.0206056620,54827568.0000000000,11
1600,90,0.0205634160,54827568.0000000000,25
1600,91,0.0206378340,54827568.0000000000,16
1600,92,0.0205848670,54827568.0000000000,24
1600,93,0.0206198190,54827568.0000000000,21
1600,94,0.0206944740,54827568.0000000000,10
1600,95,0.0206603290,54827568.0000000000,23
1600,96,0.0206364450,54827568.0000000000,26
1600,97,0.0205340220,54827568.0000000000,21
1600,98,0.0206065290,54827568.0000000000,24
1600,99,0.0205602510,54827568.0000000000,15
1600,100,0.0206554580,54827568.0000000000,9
1600,101,0.0206374240,54827568.0000000000,11
1600,102,0.0205945060,54827568.0000000000,26
1600,103,0.0207053830,54827568.0000000000,16
1600,104,0.0206163670,54827568.0000000000,26
1600,105,0.0206386450,54827568.0000000000,9
1600,106,0.0206763300,54827568.0000000000,10
1600,107,0.0205980570,54827568.0000000000,18
1600,108,0.0205870680,54827568.0000000000,25
1600,109,0.0206560400,54827568.0000000000,19
1600,110,0.0206508410,54827568.0000000000,23
1600,111,0.0206369310,54827568.0000000000,15
1600,112,0.0205874250,54827568.0000000000,17
1600,113,0.0206129570,54827568.0000000000,22
1600,114,0.0206500180,54827568.0000000000,19
1600,115,0.0206139460,54827568.0000000000,12
1600,116,0.0206641130,54827568.0000000000,17
1600,117,0.0178345010,47074864.0000000000,29
1600,118,0.0179016600,47074864.0000000000,28
1600,119,0.0178554090,47074864.0000000000,23
1600,120,0.0178392470,47074864.0000000000,16
1600,121,0.0177788990,47074864.0000000000,17
1600,122,0.0178421630,47074864.0000000000,35
1600,123,0.0178010950,47074864.0000000000,33
1600,124,0.0178172460,47074864.0000000000,34
1600,125,0.0178119470,47074864.0000000000,31
1600,126,0.0178650890,47074864.0000000000,32
1600,127,0.0178362600,47074864.0000000000,27
1600,128,0.0177652240,47074864.0000000000,21
1600,129,0.0177738790,47074864.0000000000,18
1600,130,0.0178248100,47074864.0000000000,23
1600,131,0.0178596340,47074864.0000000000,19
1600,132,0.0178162520,47074864.0000000000,21
1600,133,0.0177973360,47074864.0000000000,22
1600,134,0.0178263710,47074864.0000000000,20
1600,135,0.0178590990,47074864.0000000000,30
1600,136,0.0177967560,47074864.0000000000,15
1600,137,0.0178691850,47074864.0000000000,13
1600,138,0.0178036380,47074864.0000000000,25
1600,139,0.0178162560,47074864.0000000000,10
1600,140,0.0178101180,47074864.0000000000,26
1600,141,0.0177695610,47074864.0000000000,22
1600,142,0.0178003400,47074864.0000000000,25
1600,143,0.0178210110,47074864.0000000000,20
1600,144,0.0178502680,47074864.0000000000,14
1600,145,0.0178283370,47074864.0000000000,26
1600,146,0.0178030060,47074864.0000000000,24
1600,147,0.0178338640,47074864.0000000000,18
1600,148,0.0178068760,47074864.0000000000,11
1600,149,0.0178012040,47074864.0000000000,24
1600,150,0.0178141590,47074864.0000000000,19
1600,151,0.0177941010,47074864.0000000000,9
1600,152,0.0178016540,47074864.0000000000,12
1650,0,7.5024384353,312226112.0000000000,7
1650,1,6.9708005202,293900000.0000000000,8
1650,2,5.4651883707,247586672.0000000000,3
1650,3,4.1684039338,213192848.0000000000,0
1650,4,4.0974129418,210853840.0000000000,2
1650,5,4.2033809624,213919872.0000000000,1
1650,6,7.2561463256,299660160.0000000000,5
1650,7,9.7728085564,377448752.0000000000,4
1650,8,8.8461693408,354436448.0000000000,6
1650,9,10.6088264813,442867024.0000000000,1
1650,10,11.2536685297,458105072.0000000000,3
1650,11,12.4025876632,488304864.0000000000,29
1650,12,13.0362298706,504266080.0000000000,32
1650,13,12.9205727974,505334816.0000000000,24
1650,14,13.1042824810,505502704.0000000000,28
1650,15,12.1909330653,482735552.0000000000,15
1650,16,10.5875055143,439766864.0000000000,35
1650,17,10.2557471437,432193152.0000000000,6
1650,18,10.2190179116,436366768.0000000000,0
1650,19,10.2270487344,436508000.0000000000,4
1650,20,10.2301822348,436512976.0000000000,7
1650,21,10.2303451305,436511520.0000000000,14
1650,22,10.2204796005,436517968.0000000000,9
1650,23,10.2205036982,436506688.0000000000,34
1650,24,10.2351614659,436508720.0000000000,5
1650,25,10.2304078022,436510064.0000000000,2
1650,26,10.2223135285,436368672.0000000000,23
1650,27,10.2217497236,436367760.0000000000,16
1650,28,10.2278672966,436509056.0000000000,13
1650,29,10.2206524925,436506720.0000000000,10
1650,30,10.2212009753,436511776.0000000000,18
1650,31,10.2297709451,436506752.0000000000,12
1650,32,10.2250689722,436510592.0000000000,30
1650,33,10.2263436219,436510800.0000000000,27
1650,34,10.2217114279,436508512.0000000000,8
1650,35,10.2203280930,436364512.0000000000,19
1650,36,10.2156754047,435780976.0000000000,25
1650,37,10.2321645112,436497360.0000000000,26
1650,38,10.2301203695,436543776.0000000000,17
1650,39,10.2287362002,436509008.0000000000,21
1650,40,10.2333475945,436501616.0000000000,11
1650,41,10.2315087899,436524288.0000000000,20
1650,42,10.2290723143,436528576.0000000000,22
1650,43,10.2342829388,436489184.0000000000,31
1650,44,10.2133721650,435774656.0000000000,33
1650,45,2.6508561399,131949392.0000000000,28
1650,46,2.6514341432,132140960.0000000000,34
1650,47,2.6518947815,132120704.0000000000,31
1650,48,2.6521635652,132140288.0000000000,27
1650,49,2.6530948289,132150272.0000000000,32
1650,50,2.6528169479,132131376.0000000000,30
1650,51,2.6517337668,132143904.0000000000,33
1650,52,2.6513121361,132133248.0000000000,35
1650,53,2.6500505902,131959904.0000000000,29
1650,54,0.6743695506,54827568.0000000000,16
1650,55,0.6738098205,54827568.0000000000,10
1650,56,0.6732305535,54827568.0000000000,11
1650,57,0.6723206961,54827568.0000000000,25
1650,58,0.6736805045,54827568.0000000000,13
1650,59,0.6726389460,54827568.0000000000,15
1650,60,0.6731740685,54827568.0000000000,9
1650,61,0.6728896773,54827568.0000000000,22
1650,62,0.6738182153,54827568.0000000000,12
1650,63,0.6722926954,54827568.0000000000,15
1650,64,0.6747692967,54827568.0000000000,14
1650,65,0.6729388284,54827568.0000000000,21
1650,66,0.6730963278,54827568.0000000000,18
1650,67,0.6744162604,54827568.0000000000,20
1650,68,0.6744521628,54827568.0000000000,19
1650,69,0.6733748169,54827568.0000000000,12
1650,70,0.6742339983,54827568.0000000000,23
1650,71,0.6734253385,54827568.0000000000,13
1650,72,0.6735978998,54827568.0000000000,10
1650,73,0.6744509173,54827568.0000000000,16
1650,74,0.6746114685,54827568.0000000000,14
1650,75,0.6731020975,54827568.0000000000,11
1650,76,0.6735479987,54827568.0000000000,13
1650,77,0.6733891052,54827568.0000000000,24
1650,78,0.6743453676,54827568.0000000000,20
1650,79,0.6742027324,54827568.0000000000,14
1650,80,0.6742456439,54827568.0000000000,20
1650,81,0.6737364322,54827568.0000000000,12
1650,82,0.6736602441,54827568.0000000000,13
1650,83,0.6729988025,54827568.0000000000,18
1650,84,0.6735112863,54827568.0000000000,9
1650,85,0.6743458494,54827568.0000000000,14
1650,86,0.6730049128,54827568.0000000000,22
1650,87,0.6726684746,54827568.0000000000,17
1650,88,0.6726546588,54827568.0000000000,17
1650,89,0.6728182317,54827568.0000000000,11
1650,90,0.6721053587,54827568.0000000000,25
1650,91,0.6744296097,54827568.0000000000,16
1650,92,0.6727441099,54827568.0000000000,24
1650,93,0.6726560368,54827568.0000000000,21
1650,94,0.6739341229,54827568.0000000000,10
1650,95,0.6740811223,54827568.0000000000,23
1650,96,0.6733980839,54827568.0000000000,26
1650,97,0.6728498835,54827568.0000000000,21
1650,98,0.6728825819,54827568.0000000000,24
1650,99,0.6723758921,54827568.0000000000,15
1650,100,0.6728526961,54827568.0000000000,9
1650,101,0.6733445888,54827568.0000000000,11
1650,102,0.6730125000,54827568.0000000000,26
1650,103,0.6744619026,54827568.0000000000,16
1650,104,0.6730542058,54827568.0000000000,26
1650,105,0.6730237433,54827568.0000000000,9
1650,106,0.6734768471,54827568.0000000000,10
1650,107,0.6726863212,54827568.0000000000,18
1650,108,0.6723409061,54827568.0000000000,25
1650,109,0.6741508288,54827568.0000000000,19
1650,110,0.6745246584,54827568.0000000000,23
1650,111,0.6722929485,54827568.0000000000,15
1650,112,0.6731807728,54827568.0000000000,17
1650,113,0.6731277761,54827568.0000000000,22
1650,114,0.6746134925,54827568.0000000000,19
1650,115,0.6731855900,54827568.0000000000,12
1650,116,0.6730074558,54827568.0000000000,17
1650,117,0.5826927632,47074864.0000000000,29
1650,118,0.5835637259,47074864.0000000000,28
1650,119,0.5833469859,47074864.0000000000,23
1650,120,0.5828498889,47074864.0000000000,16
1650,121,0.5813202028,47074864.0000000000,17
1650,122,0.5831618484,47074864.0000000000,35
1650,123,0.5825351094,47074864.0000000000,33
1650,124,0.5824961101,47074864.0000000000,34
1650,125,0.5824398317,47074864.0000000000,31
1650,126,0.5831643986,47074864.0000000000,32
1650,127,0.5825377009,47074864.0000000000,27
1650,128,0.5808901028,47074864.0000000000,21
1650,129,0.5816214490,47074864.0000000000,18
1650,130,0.5831238396,47074864.0000000000,23
1650,131,0.5827204487,47074864.0000000000,19
1650,132,0.5813944698,47074864.0000000000,21
1650,133,0.5813058427,47074864.0000000000,22
1650,134,0.5825619627,47074864.0000000000,20
1650,135,0.5832957287,47074864.0000000000,30
1650,136,0.5811573071,47074864.0000000000,15
1650,137,0.5833755421,47074864.0000000000,13
1650,138,0.5814628070,47074864.0000000000,25
1650,139,0.5825313624,47074864.0000000000,10
1650,140,0.5819541653,47074864.0000000000,26
1650,141,0.5813935467,47074864.0000000000,22
1650,142,0.5815073992,47074864.0000000000,25
1650,143,0.5824798826,47074864.0000000000,20
1650,144,0.5834209402,47074864.0000000000,14
1650,145,0.5819373768,47074864.0000000000,26
1650,146,0.5814136808,47074864.0000000000,24
1650,147,0.5817390439,47074864.0000000000,18
1650,148,0.5816760679,47074864.0000000000,11
1650,149,0.5813279388,47074864.0000000000,24
1650,150,0.5825726565,47074864.0000000000,19
1650,151,0.5814226713,47074864.0000000000,9
1650,152,0.5821716200,47074864.0000000000,12
1700,0,0.2310518910,310937632.0000000000,7
1700,1,0.2155778510,293435600.0000000000,8
1700,2,0.1622858540,242991696.0000000000,3
1700,3,0.1276382450,212063040.0000000000,0
1700,4,0.1271530440,210846688.0000000000,2
1700,5,0.1289580610,212928000.0000000000,1
1700,6,0.2194368710,295297328.0000000000,5
1700,7,0.3091032140,380758240.0000000000,4
1700,8,0.2764775110,355090368.0000000000,6
1700,9,0.3308271480,443527936.0000000000,1
1700,10,0.3524236920,459451760.0000000000,3
1700,11,0.3879186010,489024464.0000000000,29
1700,12,0.4062477920,504483984.0000000000,32
1700,13,0.4018141780,505090768.0000000000,24
1700,14,0.4068777250,504797600.0000000000,28
1700,15,0.3828190320,485155312.0000000000,15
1700,16,0.3297815150,439798896.0000000000,35
1700,17,0.3179652400,431586496.0000000000,6
1700,18,0.3175281120,436365440.0000000000,0
1700,19,0.3179920240,436507760.0000000000,4
1700,20,0.3177798130,436511584.0000000000,7
1700,21,0.3177878220,436513040.0000000000,14
1700,22,0.3176268330,436517728.0000000000,9
1700,23,0.3175715770,436507216.0000000000,34
1700,24,0.3181578250,436509792.0000000000,5
1700,25,0.3178703460,436511472.0000000000,2
1700,26,0.3177542810,436365424.0000000000,23
1700,27,0.3177042450,436365040.0000000000,16
1700,28,0.3179051180,436509616.0000000000,13
1700,29,0.3174769220,436513200.0000000000,10
1700,30,0.3176762500,436508368.0000000000,18
1700,31,0.3179907830,436503296.0000000000,12
1700,32,0.3176534010,436509680.0000000000,30
1700,33,0.3176469020,436511664.0000000000,27
1700,34,0.3175039640,436508208.0000000000,8
1700,35,0.3176495170,436367008.0000000000,19
1700,36,0.3172698230,435762912.0000000000,25
1700,37,0.3180504250,436492960.0000000000,26
1700,38,0.3178313610,436541888.0000000000,17
1700,39,0.3177472870,436510080.0000000000,21
1700,40,0.3181212600,436502320.0000000000,11
1700,41,0.3179460090,436524256.0000000000,20
1700,42,0.3177894090,436525648.0000000000,22
1700,43,0.3179918270,436487248.0000000000,31
1700,44,0.3172926580,435751952.0000000000,33
1700,45,0.0819805720,131946064.0000000000,28
1700,46,0.0822039720,132138208.0000000000,34
1700,47,0.0822966140,132119920.0000000000,31
1700,48,0.0821445130,132143856.0000000000,27
1700,49,0.0821938730,132149568.0000000000,32
1700,50,0.0820494650,132130176.0000000000,30
1700,51,0.0821232260,132146720.0000000000,33
1700,52,0.0821155290,132134320.0000000000,35
1700,53,0.0821125660,131953472.0000000000,29
1700,54,0.0206904960,54827568.0000000000,16
1700,55,0.0206041480,54827568.0000000000,10
1700,56,0.0206103330,54827568.0000000000,11
1700,57,0.0205908660,54827568.0000000000,25
1700,58,0.0206749340,54827568.0000000000,13
1700,59,0.0206753860,54827568.0000000000,15
1700,60,0.0206091970,54827568.0000000000,9
1700,61,0.0205553550,54827568.0000000000,22
1700,62,0.0206270600,54827568.0000000000,12
1700,63,0.0205884380,54827568.0000000000,15
1700,64,0.0206470710,54827568.0000000000,14
1700,65,0.0206408190,54827568.0000000000,21
1700,66,0.0205903110,54827568.0000000000,18
1700,67,0.0206554880,54827568.0000000000,20
1700,68,0.0206771200,54827568.0000000000,19
1700,69,0.0205441620,54827568.0000000000,12
1700,70,0.0206440250,54827568.0000000000,23
1700,71,0.0206168620,54827568.0000000000,13
1700,72,0.0206130870,54827568.0000000000,10
1700,73,0.0206257900,54827568.0000000000,16
1700,74,0.0206527620,54827568.0000000000,14
1700,75,0.0205783980,54827568.0000000000,11
1700,76,0.0205856420,54827568.0000000000,13
1700,77,0.0205875610,54827568.0000000000,24
1700,78,0.0206654370,54827568.0000000000,20
1700,79,0.0205981570,54827568.0000000000,14
1700,80,0.0206425840,54827568.0000000000,20
1700,81,0.0206417490,54827568.0000000000,12
1700,82,0.0206066130,54827568.0000000000,13
1700,83,0.0206064740,54827568.0000000000,18
1700,84,0.0205817730,54827568.0000000000,9
1700,85,0.0206120230,54827568.0000000000,14
1700,86,0.0205822360,54827568.0000000000,22
1700,87,0.0205840310,54827568.0000000000,17
1700,88,0.0206049000,54827568.0000000000,17
1700,89,0.0205655430,54827568.0000000000,11
1700,90,0.0205709610,54827568.0000000000,25
1700,91,0.0205923860,54827568.0000000000,16
1700,92,0.0206105460,54827568.0000000000,24
1700,93,0.0206291070,54827568.0000000000,21
1700,94,0.0206382750,54827568.0000000000,10
1700,95,0.0205704950,54827568.0000000000,23
1700,96,0.0206630460,54827568.0000000000,26
1700,97,0.0205854460,54827568.0000000000,21
1700,98,0.0206011180,54827568.0000000000,24
1700,99,0.0206059200,54827568.0000000000,15
1700,100,0.0205860230,54827568.0000000000,9
1700,101,0.0206538230,54827568.0000000000,11
1700,102,0.0206658150,54827568.0000000000,26
1700,103,0.0206632810,54827568.0000000000,16
1700,104,0.0206408040,54827568.0000000000,26
1700,105,0.0206222930,54827568.0000000000,9
1700,106,0.0206499090,54827568.0000000000,10
1700,107,0.0205595510,54827568.0000000000,18
1700,108,0.0205839660,54827568.0000000000,25
1700,109,0.0206538160,54827568.0000000000,19
1700,110,0.0206904370,54827568.0000000000,23
1700,111,0.0206287350,54827568.0000000000,15
1700,112,0.0205718760,54827568.0000000000,17
1700,113,0.0205934200,54827568.0000000000,22
1700,114,0.0206712150,54827568.0000000000,19
1700,115,0.0205858410,54827568.0000000000,12
1700,116,0.0206216740,54827568.0000000000,17
1700,117,0.0178312920,47074864.0000000000,29
1700,118,0.0178375350,47074864.0000000000,28
1700,119,0.0178628930,47074864.0000000000,23
1700,120,0.0178345170,47074864.0000000000,16
1700,121,0.0177801420,47074864.0000000000,17
1700,122,0.0178563120,47074864.0000000000,35
1700,123,0.0178505320,47074864.0000000000,33
1700,124,0.0178152420,47074864.0000000000,34
1700,125,0.0178373540,47074864.0000000000,31
1700,126,0.0178422330,47074864.0000000000,32
1700,127,0.0178458680,47074864.0000000000,27
1700,128,0.0177666080,47074864.0000000000,21
1700,129,0.0177516350,47074864.0000000000,18
1700,130,0.0178997040,47074864.0000000000,23
1700,131,0.0178520300,47074864.0000000000,19
1700,132,0.0178080480,47074864.0000000000,21
1700,133,0.0177839810,47074864.0000000000,22
1700,134,0.0178443680,47074864.0000000000,20
1700,135,0.0178371330,47074864.0000000000,30
1700,136,0.0178001010,47074864.0000000000,15
1700,137,0.0178285350,47074864.0000000000,13
1700,138,0.0178203790,47074864.0000000000,25
1700,139,0.0178587010,47074864.0000000000,10
1700,140,0.0178356490,47074864.0000000000,26
1700,141,0.0177995710,47074864.0000000000,22
1700,142,0.0178479630,47074864.0000000000,25
1700,143,0.0178203720,47074864.0000000000,20
1700,144,0.0178642350,47074864.0000000000,14
1700,145,0.0178195880,47074864.0000000000,26
1700,146,0.0178302690,47074864.0000000000,24
1700,147,0.0178212510,47074864.0000000000,18
1700,148,0.0178212450,47074864.0000000000,11
1700,149,0.0177406250,47074864.0000000000,24
1700,150,0.0178302400,47074864.0000000000,19
1700,151,0.0178284700,47074864.0000000000,9
1700,152,0.0177923460,47074864.0000000000,12
1750,0,7.4014106029,309751568.0000000000,7
1750,1,6.9333501533,292955904.0000000000,8
1750,2,5.1440674518,239309008.0000000000,3
1750,3,4.1132591737,211333728.0000000000,0
1750,4,4.1044824707,210844304.0000000000,2
1750,5,4.1492806985,212831776.0000000000,1
1750,6,6.9858721007,291746528.0000000000,5
1750,7,9.9978375550,384199440.0000000000,4
1750,8,8.8790098874,355543424.0000000000,6
1750,9,10.6435668577,444281360.0000000000,1
1750,10,11.3497627337,460664160.0000000000,3
1750,11,12.4777591329,489266944.0000000000,29
1750,12,13.0727851897,504899376.0000000000,32
1750,13,12.9323970082,504880800.0000000000,24
1750,14,13.0641815470,503886464.0000000000,28
1750,15,12.3549613279,487431264.0000000000,15
1750,16,10.6124490683,439759840.0000000000,35
1750,17,10.2062583122,430950464.0000000000,6
1750,18,10.2187794143,436363856.0000000000,0
1750,19,10.2266429899,436516352.0000000000,4
1750,20,10.2299356106,436506256.0000000000,7
1750,21,10.2309886933,436511808.0000000000,14
1750,22,10.2199333549,436515424.0000000000,9
1750,23,10.2209616842,436511504.0000000000,34
1750,24,10.2360453833,436509104.0000000000,5
1750,25,10.2307656810,436511584.0000000000,2
1750,26,10.2222786792,436365424.0000000000,23
1750,27,10.2217620063,436366544.0000000000,16
1750,28,10.2278609008,436507936.0000000000,13
1750,29,10.2216062245,436511344.0000000000,10
1750,30,10.2227119962,436508000.0000000000,18
1750,31,10.2293124959,436510336.0000000000,12
1750,32,10.2241478572,436506208.0000000000,30
1750,33,10.2258864118,436513584.0000000000,27
1750,34,10.2223772299,436507424.0000000000,8
1750,35,10.2205034277,436367168.0000000000,19
1750,36,10.2138543689,435744176.0000000000,25
1750,37,10.2328909679,436494112.0000000000,26
1750,38,10.2325024593,436544480.0000000000,17
1750,39,10.2288726886,436513824.0000000000,21
1750,40,10.2334639771,436498352.0000000000,11
1750,41,10.2317308664,436522320.0000000000,20
1750,42,10.2302746571,436527456.0000000000,22
1750,43,10.2334705363,436490848.0000000000,31
1750,44,10.2145083150,435728016.0000000000,33
1750,45,2.6505844682,131940064.0000000000,28
1750,46,2.6513319663,132138032.0000000000,34
1750,47,2.6523999132,132120704.0000000000,31
1750,48,2.6529143643,132144256.0000000000,27
1750,49,2.6526805321,132148464.0000000000,32
1750,50,2.6528835261,132128720.0000000000,30
1750,51,2.6519325901,132145808.0000000000,33
1750,52,2.6515246100,132136384.0000000000,35
1750,53,2.6502453833,131947280.0000000000,29
1750,54,0.6744562708,54827568.0000000000,16
1750,55,0.6734721656,54827568.0000000000,10
1750,56,0.6733965297,54827568.0000000000,11
1750,57,0.6725290178,54827568.0000000000,25
1750,58,0.6737484835,54827568.0000000000,13
1750,59,0.6726417390,54827568.0000000000,15
1750,60,0.6729861223,54827568.0000000000,9
1750,61,0.6727620493,54827568.0000000000,22
1750,62,0.6737447637,54827568.0000000000,12
1750,63,0.6720908539,54827568.0000000000,15
1750,64,0.6747102504,54827568.0000000000,14
1750,65,0.6730515725,54827568.0000000000,21
1750,66,0.6731413549,54827568.0000000000,18
1750,67,0.6745472221,54827568.0000000000,20
1750,68,0.6746820454,54827568.0000000000,19
1750,69,0.6732116873,54827568.0000000000,12
1750,70,0.6743226610,54827568.0000000000,23
1750,71,0.6737245803,54827568.0000000000,13
1750,72,0.6736094169,54827568.0000000000,10
1750,73,0.6738667173,54827568.0000000000,16
1750,74,0.6743672905,54827568.0000000000,14
1750,75,0.6731158035,54827568.0000000000,11
1750,76,0.6731924037,54827568.0000000000,13
1750,77,0.6732144822,54827568.0000000000,24
1750,78,0.6744088720,54827568.0000000000,20
1750,79,0.6745186531,54827568.0000000000,14
1750,80,0.6743262126,54827568.0000000000,20
1750,81,0.6737545123,54827568.0000000000,12
1750,82,0.6735776543,54827568.0000000000,13
1750,83,0.6729457764,54827568.0000000000,18
1750,84,0.6731977260,54827568.0000000000,9
1750,85,0.6744061276,54827568.0000000000,14
1750,86,0.6726156370,54827568.0000000000,22
1750,87,0.6728327638,54827568.0000000000,17
1750,88,0.6726506422,54827568.0000000000,17
1750,89,0.6733236676,54827568.0000000000,11
1750,90,0.6722317933,54827568.0000000000,25
1750,91,0.6739722388,54827568.0000000000,16
1750,92,0.6732928038,54827568.0000000000,24
1750,93,0.6727193509,54827568.0000000000,21
1750,94,0.6733808828,54827568.0000000000,10
1750,95,0.6740881449,54827568.0000000000,23
1750,96,0.6731638483,54827568.0000000000,26
1750,97,0.6729097290,54827568.0000000000,21
1750,98,0.6730933309,54827568.0000000000,24
1750,99,0.6725355816,54827568.0000000000,15
1750,100,0.6729559399,54827568.0000000000,9
1750,101,0.6732656956,54827568.0000000000,11
1750,102,0.6730967062,54827568.0000000000,26
1750,103,0.6742118837,54827568.0000000000,16
1750,104,0.6730634590,54827568.0000000000,26
1750,105,0.6731591816,54827568.0000000000,9
1750,106,0.6735840172,54827568.0000000000,10
1750,107,0.6728839650,54827568.0000000000,18
1750,108,0.6723730427,54827568.0000000000,25
1750,109,0.6740470480,54827568.0000000000,19
1750,110,0.6744088433,54827568.0000000000,23
1750,111,0.6721627017,54827568.0000000000,15
1750,112,0.6729710091,54827568.0000000000,17
1750,113,0.6726349247,54827568.0000000000,22
1750,114,0.6743524660,54827568.0000000000,19
1750,115,0.6733896328,54827568.0000000000,12
1750,116,0.6729070732,54827568.0000000000,17
1750,117,0.5827154515,47074864.0000000000,29
1750,118,0.5834890685,47074864.0000000000,28
1750,119,0.5832154545,47074864.0000000000,23
1750,120,0.5829635084,47074864.0000000000,16
1750,121,0.5813579842,47074864.0000000000,17
1750,122,0.5834200394,47074864.0000000000,35
1750,123,0.5824180672,47074864.0000000000,33
1750,124,0.5824616828,47074864.0000000000,34
1750,125,0.5825484033,47074864.0000000000,31
1750,126,0.5830318308,47074864.0000000000,32
1750,127,0.5825243643,47074864.0000000000,27
1750,128,0.5808391731,47074864.0000000000,21
1750,129,0.5818463483,47074864.0000000000,18
1750,130,0.5832642046,47074864.0000000000,23
1750,131,0.5826682744,47074864.0000000000,19
1750,132,0.5813805604,47074864.0000000000,21
1750,133,0.5814365006,47074864.0000000000,22
1750,134,0.5825045862,47074864.0000000000,20
1750,135,0.5835070273,47074864.0000000000,30
1750,136,0.5813805420,47074864.0000000000,15
1750,137,0.5832927922,47074864.0000000000,13
1750,138,0.5814013028,47074864.0000000000,25
1750,139,0.5824837816,47074864.0000000000,10
1750,140,0.5817835703,47074864.0000000000,26
1750,141,0.5813781637,47074864.0000000000,22
1750,142,0.5816008621,47074864.0000000000,25
1750,143,0.5825517427,47074864.0000000000,20
1750,144,0.5836711232,47074864.0000000000,14
1750,145,0.5819864571,47074864.0000000000,26
1750,146,0.5812015866,47074864.0000000000,24
1750,147,0.5818859354,47074864.0000000000,18
1750,148,0.5816249310,47074864.0000000000,11
1750,149,0.5812828037,47074864.0000000000,24
1750,150,0.5826000892,47074864.0000000000,19
1750,151,0.5814397472,47074864.0000000000,9
1750,152,0.5820974931,47074864.0000000000,12
1800,0,0.2272503580,308548992.0000000000,7
1800,1,0.2127711680,292283936.0000000000,8
1800,2,0.1520740050,234593824.0000000000,3
1800,3,0.1273571310,210899200.0000000000,0
1800,4,0.1272731680,210841936.0000000000,2
1800,5,0.1283585790,212732752.0000000000,1
1800,6,0.2128045340,288553648.0000000000,5
1800,7,0.3147687490,387259728.0000000000,4
1800,8,0.2743424960,356043744.0000000000,6
1800,9,0.3299813050,445180160.0000000000,1
1800,10,0.3518303310,461862448.0000000000,3
1800,11,0.3868761250,489406384.0000000000,29
1800,12,0.4063496110,505017168.0000000000,32
1800,13,0.4016622170,504594272.0000000000,24
1800,14,0.4055414860,502994032.0000000000,28
1800,15,0.3853966270,489096704.0000000000,15
1800,16,0.3272215700,439622128.0000000000,35
1800,17,0.3143245580,430178688.0000000000,6
1800,18,0.3175284300,436368448.0000000000,0
1800,19,0.3177203760,436509536.0000000000,4
1800,20,0.3179129690,436509168.0000000000,7
1800,21,0.3179821710,436512512.0000000000,14
1800,22,0.3176276380,436512192.0000000000,9
1800,23,0.3175083440,436511184.0000000000,34
1800,24,0.3181267640,436509696.0000000000,5
1800,25,0.3177632330,436510688.0000000000,2
1800,26,0.3176580580,436360496.0000000000,23
1800,27,0.3176706680,436365088.0000000000,16
1800,28,0.3176610030,436505808.0000000000,13
1800,29,0.3176165990,436507424.0000000000,10
1800,30,0.3176271230,436505824.0000000000,18
1800,31,0.3178896850,436512368.0000000000,12
1800,32,0.3178143060,436508560.0000000000,30
1800,33,0.3177695880,436509792.0000000000,27
1800,34,0.3175763400,436510688.0000000000,8
1800,35,0.3175590990,436361744.0000000000,19
1800,36,0.3174900350,435723488.0000000000,25
1800,37,0.3179807390,436495568.0000000000,26
1800,38,0.3179064410,436541504.0000000000,17
1800,39,0.3178965810,436516544.0000000000,21
1800,40,0.3179804940,436494672.0000000000,11
1800,41,0.3179333900,436520448.0000000000,20
1800,42,0.3178424150,436530832.0000000000,22
1800,43,0.3179798430,436489440.0000000000,31
1800,44,0.3173871190,435707104.0000000000,33
1800,45,0.0820975700,131932912.0000000000,28
1800,46,0.0821451910,132138848.0000000000,34
1800,47,0.0822593010,132121856.0000000000,31
1800,48,0.0821776160,132143584.0000000000,27
1800,49,0.0822122410,132147440.0000000000,32
1800,50,0.0821160150,132128640.0000000000,30
1800,51,0.0821609900,132147632.0000000000,33
1800,52,0.0821720800,132136256.0000000000,35
1800,53,0.0822109000,131943552.0000000000,29
1800,54,0.0206711580,54827568.0000000000,16
1800,55,0.0205551640,54827568.0000000000,10
1800,56,0.0206175640,54827568.0000000000,11
1800,57,0.0205531630,54827568.0000000000,25
1800,58,0.0206154910,54827568.0000000000,13
1800,59,0.0206176430,54827568.0000000000,15
1800,60,0.0205905310,54827568.0000000000,9
1800,61,0.0205616770,54827568.0000000000,22
1800,62,0.0205631180,54827568.0000000000,12
1800,63,0.0205117990,54827568.0000000000,15
1800,64,0.0206589830,54827568.0000000000,14
1800,65,0.0206002130,54827568.0000000000,21
1800,66,0.0205697400,54827568.0000000000,18
1800,67,0.0206444950,54827568.0000000000,20
1800,68,0.0206048790,54827568.0000000000,19
1800,69,0.0205746500,54827568.0000000000,12
1800,70,0.0206786950,54827568.0000000000,23
1800,71,0.0205863160,54827568.0000000000,13
1800,72,0.0206598680,54827568.0000000000,10
1800,73,0.0206099900,54827568.0000000000,16
1800,74,0.0205896190,54827568.0000000000,14
1800,75,0.0206051690,54827568.0000000000,11
1800,76,0.0206512890,54827568.0000000000,13
1800,77,0.0206270680,54827568.0000000000,24
1800,78,0.0206226450,54827568.0000000000,20
1800,79,0.0206678910,54827568.0000000000,14
1800,80,0.0206632340,54827568.0000000000,20
1800,81,0.0206242780,54827568.0000000000,12
1800,82,0.0206349180,54827568.0000000000,13
1800,83,0.0206328640,54827568.0000000000,18
1800,84,0.0205915140,54827568.0000000000,9
1800,85,0.0206745440,54827568.0000000000,14
1800,86,0.0205714570,54827568.0000000000,22
1800,87,0.0206584830,54827568.0000000000,17
1800,88,0.0206201390,54827568.0000000000,17
1800,89,0.0206013440,54827568.0000000000,11
1800,90,0.0205066630,54827568.0000000000,25
1800,91,0.0206533830,54827568.0000000000,16
1800,92,0.0205931530,54827568.0000000000,24
1800,93,0.0206472340,54827568.0000000000,21
1800,94,0.0205841880,54827568.0000000000,10
1800,95,0.0206076880,54827568.0000000000,23
1800,96,0.0206501920,54827568.0000000000,26
1800,97,0.0206052000,54827568.0000000000,21
1800,98,0.0205068050,54827568.0000000000,24
1800,99,0.0205784170,54827568.0000000000,15
1800,100,0.0206512880,54827568.0000000000,9
1800,101,0.0205907520,54827568.0000000000,11
1800,102,0.0205932120,54827568.0000000000,26
1800,103,0.0207078980,54827568.0000000000,16
1800,104,0.0206184510,54827568.0000000000,26
1800,105,0.0206151300,54827568.0000000000,9
1800,106,0.0205987890,54827568.0000000000,10
1800,107,0.0206561070,54827568.0000000000,18
1800,108,0.0206293900,54827568.0000000000,25
1800,109,0.0206992620,54827568.0000000000,19
1800,110,0.0206485960,54827568.0000000000,23
1800,111,0.0205475080,54827568.0000000000,15
1800,112,0.0205464260,54827568.0000000000,17
1800,113,0.0206341270,54827568.0000000000,22
1800,114,0.0206391230,54827568.0000000000,19
1800,115,0.0206336630,54827568.0000000000,12
1800,116,0.0205649240,54827568.0000000000,17
1800,117,0.0178528330,47074864.0000000000,29
1800,118,0.0178644590,47074864.0000000000,28
1800,119,0.0178517010,47074864.0000000000,23
1800,120,0.0178062220,47074864.0000000000,16
1800,121,0.0178200100,47074864.0000000000,17
1800,122,0.0178315130,47074864.0000000000,35
1800,123,0.0178474740,47074864.0000000000,33
1800,124,0.0178696680,47074864.0000000000,34
1800,125,0.0178592470,47074864.0000000000,31
1800,126,0.0178345310,47074864.0000000000,32
1800,127,0.0178528310,47074864.0000000000,27
1800,128,0.0178010420,47074864.0000000000,21
1800,129,0.0178280340,47074864.0000000000,18
1800,130,0.0178396070,47074864.0000000000,23
1800,131,0.0178312900,47074864.0000000000,19
1800,132,0.0177943900,47074864.0000000000,21
1800,133,0.0177910150,47074864.0000000000,22
1800,134,0.0178804780,47074864.0000000000,20
1800,135,0.0178973520,47074864.0000000000,30
1800,136,0.0178026460,47074864.0000000000,15
1800,137,0.0178361620,47074864.0000000000,13
1800,138,0.0178003300,47074864.0000000000,25
1800,139,0.0178051540,47074864.0000000000,10
1800,140,0.0178043780,47074864.0000000000,26
1800,141,0.0177746220,47074864.0000000000,22
1800,142,0.0177611460,47074864.0000000000,25
1800,143,0.0178065850,47074864.0000000000,20
1800,144,0.0178403710,47074864.0000000000,14
1800,145,0.0178041080,47074864.0000000000,26
1800,146,0.0177794680,47074864.0000000000,24
1800,147,0.0177797800,47074864.0000000000,18
1800,148,0.0178341790,47074864.0000000000,11
1800,149,0.0177799530,47074864.0000000000,24
1800,150,0.0178650870,47074864.0000000000,19
1800,151,0.0177849430,47074864.0000000000,9
1800,152,0.0178268820,47074864.0000000000,12
1850,0,7.3311152181,307591392.0000000000,7
1850,1,6.8587230416,291373216.0000000000,8
1850,2,4.8209007567,230639424.0000000000,3
1850,3,4.1054138318,210865728.0000000000,0
1850,4,4.1020067158,210839584.0000000000,2
1850,5,4.1413834017,212793024.0000000000,1
1850,6,6.8122912649,287667072.0000000000,5
1850,7,10.2064733964,389588320.0000000000,4
1850,8,8.8968595959,356759744.0000000000,6
1850,9,10.6716862675,446283696.0000000000,1
1850,10,11.4137402033,463195472.0000000000,3
1850,11,12.4861214599,489746528.0000000000,29
1850,12,13.0615655870,504696368.0000000000,32
1850,13,12.8587248850,504199936.0000000000,24
1850,14,12.9953476573,502340080.0000000000,28
1850,15,12.3786457697,489268208.0000000000,15
1850,16,10.5365031240,439423904.0000000000,35
1850,17,10.1264134898,429410544.0000000000,6
1850,18,10.2187662693,436365568.0000000000,0
1850,19,10.2286872478,436505280.0000000000,4
1850,20,10.2305448780,436509568.0000000000,7
1850,21,10.2314972043,436510256.0000000000,14
1850,22,10.2194283170,436507856.0000000000,9
1850,23,10.2208110310,436511952.0000000000,34
1850,24,10.2353435917,436509104.0000000000,5
1850,25,10.2306542259,436507200.0000000000,2
1850,26,10.2227084320,436360240.0000000000,23
1850,27,10.2209991311,436361520.0000000000,16
1850,28,10.2254938783,436512816.0000000000,13
1850,29,10.2222011601,436511728.0000000000,10
1850,30,10.2234877599,436509232.0000000000,18
1850,31,10.2287855008,436515840.0000000000,12
1850,32,10.2237653240,436511136.0000000000,30
1850,33,10.2262510469,436511968.0000000000,27
1850,34,10.2213497257,436509488.0000000000,8
1850,35,10.2205188205,436361472.0000000000,19
1850,36,10.2116476083,435695568.0000000000,25
1850,37,10.2334820679,436496704.0000000000,26
1850,38,10.2317590255,436541200.0000000000,17
1850,39,10.2299795035,436512672.0000000000,21
1850,40,10.2329686789,436497024.0000000000,11
1850,41,10.2325236258,436519392.0000000000,20
1850,42,10.2303997582,436533824.0000000000,22
1850,43,10.2337473788,436490752.0000000000,31
1850,44,10.2120074230,435689536.0000000000,33
1850,45,2.6503815388,131928464.0000000000,28
1850,46,2.6514206358,132138064.0000000000,34
1850,47,2.6514421956,132120848.0000000000,31
1850,48,2.6520908291,132145248.0000000000,27
1850,49,2.6527291764,132147792.0000000000,32
1850,50,2.6525033889,132127520.0000000000,30
1850,51,2.6520018749,132146400.0000000000,33
1850,52,2.6511676574,132134368.0000000000,35
1850,53,2.6501704580,131937216.0000000000,29
1850,54,0.6743086082,54827568.0000000000,16
1850,55,0.6738107225,54827568.0000000000,10
1850,56,0.6733279922,54827568.0000000000,11
1850,57,0.6725952847,54827568.0000000000,25
1850,58,0.6736619677,54827568.0000000000,13
1850,59,0.6725977995,54827568.0000000000,15
1850,60,0.6731370024,54827568.0000000000,9
1850,61,0.6730000207,54827568.0000000000,22
1850,62,0.6737867305,54827568.0000000000,12
1850,63,0.6722121102,54827568.0000000000,15
1850,64,0.6746146239,54827568.0000000000,14
1850,65,0.6727199343,54827568.0000000000,21
1850,66,0.6731235202,54827568.0000000000,18
1850,67,0.6743702226,54827568.0000000000,20
1850,68,0.6742955375,54827568.0000000000,19
1850,69,0.6733726146,54827568.0000000000,12
1850,70,0.6739703692,54827568.0000000000,23
1850,71,0.6733807636,54827568.0000000000,13
1850,72,0.6735722276,54827568.0000000000,10
1850,73,0.6741078811,54827568.0000000000,16
1850,74,0.6747373293,54827568.0000000000,14
1850,75,0.6731120859,54827568.0000000000,11
1850,76,0.6736339143,54827568.0000000000,13
1850,77,0.6727815459,54827568.0000000000,24
1850,78,0.6743214917,54827568.0000000000,20
1850,79,0.6748272240,54827568.0000000000,14
1850,80,0.6743455871,54827568.0000000000,20
1850,81,0.6737076632,54827568.0000000000,12
1850,82,0.6733708674,54827568.0000000000,13
1850,83,0.6727733584,54827568.0000000000,18
1850,84,0.6732373493,54827568.0000000000,9
1850,85,0.6744776202,54827568.0000000000,14
1850,86,0.6725050944,54827568.0000000000,22
1850,87,0.6732031923,54827568.0000000000,17
1850,88,0.6726133624,54827568.0000000000,17
1850,89,0.6731434568,54827568.0000000000,11
1850,90,0.6728220387,54827568.0000000000,25
1850,91,0.6743164026,54827568.0000000000,16
1850,92,0.6727379085,54827568.0000000000,24
1850,93,0.6725678326,54827568.0000000000,21
1850,94,0.6738033113,54827568.0000000000,10
1850,95,0.6743939779,54827568.0000000000,23
1850,96,0.6732075074,54827568.0000000000,26
1850,97,0.6727665136,54827568.0000000000,21
1850,98,0.6726678454,54827568.0000000000,24
1850,99,0.6725604838,54827568.0000000000,15
1850,100,0.6730016009,54827568.0000000000,9
1850,101,0.6731526461,54827568.0000000000,11
1850,102,0.6734007994,54827568.0000000000,26
1850,103,0.6744754982,54827568.0000000000,16
1850,104,0.6734161642,54827568.0000000000,26
1850,105,0.6732310040,54827568.0000000000,9
1850,106,0.6731107881,54827568.0000000000,10
1850,107,0.6730723245,54827568.0000000000,18
1850,108,0.6726765380,54827568.0000000000,25
1850,109,0.6741184920,54827568.0000000000,19
1850,110,0.6742623664,54827568.0000000000,23
1850,111,0.6724027808,54827568.0000000000,15
1850,112,0.6727485139,54827568.0000000000,17
1850,113,0.6731735025,54827568.0000000000,22
1850,114,0.6743760565,54827568.0000000000,19
1850,115,0.6735896634,54827568.0000000000,12
1850,116,0.6728272967,54827568.0000000000,17
1850,117,0.5826974488,47074864.0000000000,29
1850,118,0.5834557735,47074864.0000000000,28
1850,119,0.5835127927,47074864.0000000000,23
1850,120,0.5845806275,47074864.0000000000,16
1850,121,0.5814819618,47074864.0000000000,17
1850,122,0.5834049394,47074864.0000000000,35
1850,123,0.5824362272,47074864.0000000000,33
1850,124,0.5822084128,47074864.0000000000,34
1850,125,0.5826382529,47074864.0000000000,31
1850,126,0.5831000779,47074864.0000000000,32
1850,127,0.5825741865,47074864.0000000000,27
1850,128,0.5809532088,47074864.0000000000,21
1850,129,0.5817151914,47074864.0000000000,18
1850,130,0.5830891970,47074864.0000000000,23
1850,131,0.5828524191,47074864.0000000000,19
1850,132,0.5814368161,47074864.0000000000,21
1850,133,0.5813642951,47074864.0000000000,22
1850,134,0.5824838622,47074864.0000000000,20
1850,135,0.5833047773,47074864.0000000000,30
1850,136,0.5813762422,47074864.0000000000,15
1850,137,0.5833765656,47074864.0000000000,13
1850,138,0.5814133890,47074864.0000000000,25
1850,139,0.5825465285,47074864.0000000000,10
1850,140,0.5815790279,47074864.0000000000,26
1850,141,0.5813989432,47074864.0000000000,22
1850,142,0.5814528064,47074864.0000000000,25
1850,143,0.5825181240,47074864.0000000000,20
1850,144,0.5834788635,47074864.0000000000,14
1850,145,0.5819620378,47074864.0000000000,26
1850,146,0.5815448000,47074864.0000000000,24
1850,147,0.5815800046,47074864.0000000000,18
1850,148,0.5816063591,47074864.0000000000,11
1850,149,0.5815216896,47074864.0000000000,24
1850,150,0.5827091643,47074864.0000000000,19
1850,151,0.5817047434,47074864.0000000000,9
1850,152,0.5821166592,47074864.0000000000,12
1900,0,0.2276380730,306691488.0000000000,7
1900,1,0.2118350260,289897888.0000000000,8
1900,2,0.1462170630,228188288.0000000000,3
1900,3,0.1277095940,210859472.0000000000,0
1900,4,0.1274033340,210974512.0000000000,2
1900,5,0.1288127810,212854128.0000000000,1
1900,6,0.2134379440,288417872.0000000000,5
1900,7,0.3236723350,392705728.0000000000,4
1900,8,0.2807703120,357820800.0000000000,6
1900,9,0.3354042990,447623440.0000000000,1
1900,10,0.3588325910,464625936.0000000000,3
1900,11,0.3908499060,490167872.0000000000,29
1900,12,0.4070508630,503858016.0000000000,32
1900,13,0.3998742840,503569664.0000000000,24
1900,14,0.4045223630,501839728.0000000000,28
1900,15,0.3843604160,486487200.0000000000,15
1900,16,0.3272074910,437570096.0000000000,35
1900,17,0.3150381380,428584064.0000000000,6
1900,18,0.3175573670,436361840.0000000000,0
1900,19,0.3180349250,436509456.0000000000,4
1900,20,0.3179206440,436510256.0000000000,7
1900,21,0.3178870910,436507440.0000000000,14
1900,22,0.3173665170,436510624.0000000000,9
1900,23,0.3175854660,436506896.0000000000,34
1900,24,0.3179817190,436515680.0000000000,5
1900,25,0.3178071680,436507056.0000000000,2
1900,26,0.3176123800,436361232.0000000000,23
1900,27,0.3175006540,436358368.0000000000,16
1900,28,0.3178054150,436510928.0000000000,13
1900,29,0.3176363110,436513568.0000000000,10
1900,30,0.3177328840,436511104.0000000000,18
1900,31,0.3178657800,436511568.0000000000,12
1900,32,0.3176815190,436509440.0000000000,30
1900,33,0.3176142500,436507424.0000000000,27
1900,34,0.3178316600,436509232.0000000000,8
1900,35,0.3176201850,436362592.0000000000,19
1900,36,0.3173811870,435672864.0000000000,25
1900,37,0.3178668660,436493008.0000000000,26
1900,38,0.3179701620,436541488.0000000000,17
1900,39,0.3178673030,436510640.0000000000,21
1900,40,0.3180417250,436500704.0000000000,11
1900,41,0.3180949930,436516720.0000000000,20
1900,42,0.3179563870,436540224.0000000000,22
1900,43,0.3180653310,436489824.0000000000,31
1900,44,0.3173241060,435662720.0000000000,33
1900,45,0.0820923310,131924960.0000000000,28
1900,46,0.0820655990,132142320.0000000000,34
1900,47,0.0821273800,132122768.0000000000,31
1900,48,0.0822007910,132143808.0000000000,27
1900,49,0.0821778870,132148016.0000000000,32
1900,50,0.0821952190,132127232.0000000000,30
1900,51,0.0821832050,132144416.0000000000,33
1900,52,0.0820741180,132132928.0000000000,35
1900,53,0.0820941440,131929040.0000000000,29
1900,54,0.0206989010,54827568.0000000000,16
1900,55,0.0206227260,54827568.0000000000,10
1900,56,0.0206149700,54827568.0000000000,11
1900,57,0.0206588680,54827568.0000000000,25
1900,58,0.0206436940,54827568.0000000000,13
1900,59,0.0206268210,54827568.0000000000,15
1900,60,0.0206098400,54827568.0000000000,9
1900,61,0.0206078150,54827568.0000000000,22
1900,62,0.0205950380,54827568.0000000000,12
1900,63,0.0205776070,54827568.0000000000,15
1900,64,0.0206469990,54827568.0000000000,14
1900,65,0.0205536110,54827568.0000000000,21
1900,66,0.0205333910,54827568.0000000000,18
1900,67,0.0206431460,54827568.0000000000,20
1900,68,0.0206779690,54827568.0000000000,19
1900,69,0.0205908820,54827568.0000000000,12
1900,70,0.0206703770,54827568.0000000000,23
1900,71,0.0206327830,54827568.0000000000,13
1900,72,0.0206105610,54827568.0000000000,10
1900,73,0.0206474820,54827568.0000000000,16
1900,74,0.0207030980,54827568.0000000000,14
1900,75,0.0205742990,54827568.0000000000,11
1900,76,0.0206245970,54827568.0000000000,13
1900,77,0.0205707990,54827568.0000000000,24
1900,78,0.0206247720,54827568.0000000000,20
1900,79,0.0206109010,54827568.0000000000,14
1900,80,0.0207073780,54827568.0000000000,20
1900,81,0.0206379630,54827568.0000000000,12
1900,82,0.0205900200,54827568.0000000000,13
1900,83,0.0205938380,54827568.0000000000,18
1900,84,0.0205870730,54827568.0000000000,9
1900,85,0.0206271900,54827568.0000000000,14
1900,86,0.0205683310,54827568.0000000000,22
1900,87,0.0206795250,54827568.0000000000,17
1900,88,0.0205701040,54827568.0000000000,17
1900,89,0.0205882170,54827568.0000000000,11
1900,90,0.0205941840,54827568.0000000000,25
1900,91,0.0205943480,54827568.0000000000,16
1900,92,0.0205775020,54827568.0000000000,24
1900,93,0.0206249010,54827568.0000000000,21
1900,94,0.0206421030,54827568.0000000000,10
1900,95,0.0206463510,54827568.0000000000,23
1900,96,0.0205841720,54827568.0000000000,26
1900,97,0.0205883300,54827568.0000000000,21
1900,98,0.0205942730,54827568.0000000000,24
1900,99,0.0206549470,54827568.0000000000,15
1900,100,0.0206212230,54827568.0000000000,9
1900,101,0.0206114550,54827568.0000000000,11
1900,102,0.0206323360,54827568.0000000000,26
1900,103,0.0206136260,54827568.0000000000,16
1900,104,0.0205709080,54827568.0000000000,26
1900,105,0.0206265220,54827568.0000000000,9
1900,106,0.0205836200,54827568.0000000000,10
1900,107,0.0205927760,54827568.0000000000,18
1900,108,0.0206496920,54827568.0000000000,25
1900,109,0.0206789030,54827568.0000000000,19
1900,110,0.0206097900,54827568.0000000000,23
1900,111,0.0205863640,54827568.0000000000,15
1900,112,0.0206105600,54827568.0000000000,17
1900,113,0.0206135470,54827568.0000000000,22
1900,114,0.0206335360,54827568.0000000000,19
1900,115,0.0206085270,54827568.0000000000,12
1900,116,0.0206185550,54827568.0000000000,17
1900,117,0.0178687760,47074864.0000000000,29
1900,118,0.0178735940,47074864.0000000000,28
1900,119,0.0178158820,47074864.0000000000,23
1900,120,0.0178737710,47074864.0000000000,16
1900,121,0.0177684390,47074864.0000000000,17
1900,122,0.0178525070,47074864.0000000000,35
1900,123,0.0178329580,47074864.0000000000,33
1900,124,0.0178245010,47074864.0000000000,34
1900,125,0.0178501800,47074864.0000000000,31
1900,126,0.0178471450,47074864.0000000000,32
1900,127,0.0178351170,47074864.0000000000,27
1900,128,0.0177802140,47074864.0000000000,21
1900,129,0.0177748890,47074864.0000000000,18
1900,130,0.0178194290,47074864.0000000000,23
1900,131,0.0178863970,47074864.0000000000,19
1900,132,0.0177774290,47074864.0000000000,21
1900,133,0.0178034380,47074864.0000000000,22
1900,134,0.0178620790,47074864.0000000000,20
1900,135,0.0178590570,47074864.0000000000,30
1900,136,0.0178381650,47074864.0000000000,15
1900,137,0.0178791140,47074864.0000000000,13
1900,138,0.0178050390,47074864.0000000000,25
1900,139,0.0178065050,47074864.0000000000,10
1900,140,0.0177985380,47074864.0000000000,26
1900,141,0.0177865960,47074864.0000000000,22
1900,142,0.0177692890,47074864.0000000000,25
1900,143,0.0178619710,47074864.0000000000,20
1900,144,0.0178831210,47074864.0000000000,14
1900,145,0.0178132150,47074864.0000000000,26
1900,146,0.0178207390,47074864.0000000000,24
1900,147,0.0178229730,47074864.0000000000,18
1900,148,0.0178298810,47074864.0000000000,11
1900,149,0.0178109790,47074864.0000000000,24
1900,150,0.0178261510,47074864.0000000000,19
1900,151,0.0178005730,47074864.0000000000,9
1900,152,0.0177945110,47074864.0000000000,12
1950,0,7.3202642368,305942720.0000000000,7
1950,1,6.7948866561,288187056.0000000000,8
1950,2,4.6867261827,227134864.0000000000,3
1950,3,4.1182853580,210856240.0000000000,0
1950,4,4.1042874590,211100640.0000000000,2
1950,5,4.1573335920,212617472.0000000000,1
1950,6,6.8453417509,287725872.0000000000,5
1950,7,10.4662716358,394940016.0000000000,4
1950,8,9.0826180071,359226800.0000000000,6
1950,9,10.8279842184,449146640.0000000000,1
1950,10,11.5751006244,466009360.0000000000,3
1950,11,12.5818130414,490323440.0000000000,29
1950,12,13.0719409108,503016192.0000000000,32
1950,13,12.8429932263,503008224.0000000000,24
1950,14,13.0284792313,501969248.0000000000,28
1950,15,12.3623600795,486245744.0000000000,15
1950,16,10.4827484384,435544304.0000000000,35
1950,17,10.1257629884,427832032.0000000000,6
1950,18,10.2193123682,436359568.0000000000,0
1950,19,10.2289019744,436510544.0000000000,4
1950,20,10.2310028329,436510880.0000000000,7
1950,21,10.2318506166,436505824.0000000000,14
1950,22,10.2196109331,436511344.0000000000,9
1950,23,10.2205388815,436508608.0000000000,34
1950,24,10.2348226542,436516656.0000000000,5
1950,25,10.2307353480,436513872.0000000000,2
1950,26,10.2226496266,436357472.0000000000,23
1950,27,10.2215276654,436363408.0000000000,16
1950,28,10.2278738824,436507440.0000000000,13
1950,29,10.2209734504,436508848.0000000000,10
1950,30,10.2225801963,436510960.0000000000,18
1950,31,10.2275892677,436514320.0000000000,12
1950,32,10.2245788042,436505040.0000000000,30
1950,33,10.2260541854,436508448.0000000000,27
1950,34,10.2217195532,436513648.0000000000,8
1950,35,10.2195138354,436356992.0000000000,19
1950,36,10.2112967218,435649792.0000000000,25
1950,37,10.2323557048,436490064.0000000000,26
1950,38,10.2327247532,436544064.0000000000,17
1950,39,10.2305300037,436511472.0000000000,21
1950,40,10.2343255728,436493232.0000000000,11
1950,41,10.2326779236,436516816.0000000000,20
1950,42,10.2312643372,436542336.0000000000,22
1950,43,10.2346577378,436488288.0000000000,31
1950,44,10.2104739475,435641968.0000000000,33
1950,45,2.6503963377,131919152.0000000000,28
1950,46,2.6512224265,132143264.0000000000,34
1950,47,2.6523350496,132124016.0000000000,31
1950,48,2.6527680222,132144736.0000000000,27
1950,49,2.6531893462,132151056.0000000000,32
1950,50,2.6521220157,132130896.0000000000,30
1950,51,2.6519093519,132144384.0000000000,33
1950,52,2.6511629559,132128752.0000000000,35
1950,53,2.6496104484,131924528.0000000000,29
1950,54,0.6744857977,54827568.0000000000,16
1950,55,0.6736077819,54827568.0000000000,10
1950,56,0.6733443408,54827568.0000000000,11
1950,57,0.6729335598,54827568.0000000000,25
1950,58,0.6739425633,54827568.0000000000,13
1950,59,0.6725959541,54827568.0000000000,15
1950,60,0.6735429923,54827568.0000000000,9
1950,61,0.6731908795,54827568.0000000000,22
1950,62,0.6734740625,54827568.0000000000,12
1950,63,0.6722554968,54827568.0000000000,15
1950,64,0.6743361478,54827568.0000000000,14
1950,65,0.6726928776,54827568.0000000000,21
1950,66,0.6732690886,54827568.0000000000,18
1950,67,0.6742299081,54827568.0000000000,20
1950,68,0.6744877124,54827568.0000000000,19
1950,69,0.6736696931,54827568.0000000000,12
1950,70,0.6742995343,54827568.0000000000,23
1950,71,0.6733200513,54827568.0000000000,13
1950,72,0.6736163240,54827568.0000000000,10
1950,73,0.6740355743,54827568.0000000000,16
1950,74,0.6747129224,54827568.0000000000,14
1950,75,0.6728245173,54827568.0000000000,11
1950,76,0.6736377133,54827568.0000000000,13
1950,77,0.6730782496,54827568.0000000000,24
1950,78,0.6743538729,54827568.0000000000,20
1950,79,0.6742331133,54827568.0000000000,14
1950,80,0.6743143320,54827568.0000000000,20
1950,81,0.6735891849,54827568.0000000000,12
1950,82,0.6736157567,54827568.0000000000,13
1950,83,0.6728921044,54827568.0000000000,18
1950,84,0.6729975989,54827568.0000000000,9
1950,85,0.6741381877,54827568.0000000000,14
1950,86,0.6728387449,54827568.0000000000,22
1950,87,0.6732768557,54827568.0000000000,17
1950,88,0.6728393272,54827568.0000000000,17
1950,89,0.6727462890,54827568.0000000000,11
1950,90,0.6725197284,54827568.0000000000,25
1950,91,0.6743377514,54827568.0000000000,16
1950,92,0.6726232767,54827568.0000000000,24
1950,93,0.6726251404,54827568.0000000000,21
1950,94,0.6737227768,54827568.0000000000,10
1950,95,0.6744666070,54827568.0000000000,23
1950,96,0.6735796561,54827568.0000000000,26
1950,97,0.6726020023,54827568.0000000000,21
1950,98,0.6731303185,54827568.0000000000,24
1950,99,0.6727580145,54827568.0000000000,15
1950,100,0.6731670258,54827568.0000000000,9
1950,101,0.6732202075,54827568.0000000000,11
1950,102,0.6733253554,54827568.0000000000,26
1950,103,0.6743361603,54827568.0000000000,16
1950,104,0.6732191451,54827568.0000000000,26
1950,105,0.6733493361,54827568.0000000000,9
1950,106,0.6731990299,54827568.0000000000,10
1950,107,0.6728756172,54827568.0000000000,18
1950,108,0.6720731343,54827568.0000000000,25
1950,109,0.6742689707,54827568.0000000000,19
1950,110,0.6743959279,54827568.0000000000,23
1950,111,0.6722059615,54827568.0000000000,15
1950,112,0.6729252258,54827568.0000000000,17
1950,113,0.6730114154,54827568.0000000000,22
1950,114,0.6741714501,54827568.0000000000,19
1950,115,0.6733235261,54827568.0000000000,12
1950,116,0.6730898074,54827568.0000000000,17
1950,117,0.5827147981,47074864.0000000000,29
1950,118,0.5835648300,47074864.0000000000,28
1950,119,0.5832814942,47074864.0000000000,23
1950,120,0.5829268303,47074864.0000000000,16
1950,121,0.5813131654,47074864.0000000000,17
1950,122,0.5832301180,47074864.0000000000,35
1950,123,0.5823461522,47074864.0000000000,33
1950,124,0.5825056918,47074864.0000000000,34
1950,125,0.5825397968,47074864.0000000000,31
1950,126,0.5830787637,47074864.0000000000,32
1950,127,0.5828809349,47074864.0000000000,27
1950,128,0.5809133260,47074864.0000000000,21
1950,129,0.5816096845,47074864.0000000000,18
1950,130,0.5831946469,47074864.0000000000,23
1950,131,0.5828271573,47074864.0000000000,19
1950,132,0.5813529894,47074864.0000000000,21
1950,133,0.5814714194,47074864.0000000000,22
1950,134,0.5824185505,47074864.0000000000,20
1950,135,0.5834336045,47074864.0000000000,30
1950,136,0.5814014270,47074864.0000000000,15
1950,137,0.5834066176,47074864.0000000000,13
1950,138,0.5814090187,47074864.0000000000,25
1950,139,0.5826445207,47074864.0000000000,10
1950,140,0.5817742613,47074864.0000000000,26
1950,141,0.5815962031,47074864.0000000000,22
1950,142,0.5816900025,47074864.0000000000,25
1950,143,0.5825497654,47074864.0000000000,20
1950,144,0.5836705044,47074864.0000000000,14
1950,145,0.5818570819,47074864.0000000000,26
1950,146,0.5813869968,47074864.0000000000,24
1950,147,0.5817813109,47074864.0000000000,18
1950,148,0.5816088817,47074864.0000000000,11
1950,149,0.5814677952,47074864.0000000000,24
1950,150,0.5826607359,47074864.0000000000,19
1950,151,0.5815601135,47074864.0000000000,9
1950,152,0.5824317402,47074864.0000000000,12
2000,0,0.2258512600,305206976.0000000000,7
2000,1,0.2077616610,286077552.0000000000,8
2000,2,0.1437897840,225903376.0000000000,3
2000,3,0.1274772170,210851136.0000000000,0
2000,4,0.1273599500,211136704.0000000000,2
2000,5,0.1288614540,212567008.0000000000,1
2000,6,0.2111894150,286688144.0000000000,5
2000,7,0.3288316410,396470160.0000000000,4
2000,8,0.2850269970,360919424.0000000000,6
2000,9,0.3385758090,450687648.0000000000,1
2000,10,0.3618119060,467145712.0000000000,3
2000,11,0.3923508600,490293904.0000000000,29
2000,12,0.4066722100,502319952.0000000000,32
2000,13,0.3995055450,502568112.0000000000,24
2000,14,0.4066704510,501764464.0000000000,28
2000,15,0.3855020510,486571440.0000000000,15
2000,16,0.3230061050,433602240.0000000000,35
2000,17,0.3135986680,427037344.0000000000,6
2000,18,0.3175355420,436359312.0000000000,0
2000,19,0.3178873440,436508112.0000000000,4
2000,20,0.3179069520,436508336.0000000000,7
2000,21,0.3179678240,436507024.0000000000,14
2000,22,0.3174808670,436508864.0000000000,9
2000,23,0.3176058760,436514320.0000000000,34
2000,24,0.3180035090,436510288.0000000000,5
2000,25,0.3177295480,436510240.0000000000,2
2000,26,0.3175521230,436362512.0000000000,23
2000,27,0.3176121090,436360720.0000000000,16
2000,28,0.3178355410,436511584.0000000000,13
2000,29,0.3176086720,436515856.0000000000,10
2000,30,0.3176266980,436508256.0000000000,18
2000,31,0.3178524940,436510528.0000000000,12
2000,32,0.3179770240,436505216.0000000000,30
2000,33,0.3177735780,436507424.0000000000,27
2000,34,0.3177350170,436513408.0000000000,8
2000,35,0.3176209160,436356480.0000000000,19
2000,36,0.3172042260,435623136.0000000000,25
2000,37,0.3180148790,436490432.0000000000,26
2000,38,0.3179433310,436543808.0000000000,17
2000,39,0.3179347310,436512512.0000000000,21
2000,40,0.3180728020,436495920.0000000000,11
2000,41,0.3178208720,436511632.0000000000,20
2000,42,0.3179608140,436542160.0000000000,22
2000,43,0.3179900460,436488272.0000000000,31
2000,44,0.3171422810,435614880.0000000000,33
2000,45,0.0820441680,131913952.0000000000,28
2000,46,0.0820776320,132141552.0000000000,34
2000,47,0.0821022300,132122944.0000000000,31
2000,48,0.0821214680,132143840.0000000000,27
2000,49,0.0821078290,132149552.0000000000,32
2000,50,0.0820451600,132133968.0000000000,30
2000,51,0.0821112360,132146352.0000000000,33
2000,52,0.0821820440,132129408.0000000000,35
2000,53,0.0822188350,131918080.0000000000,29
2000,54,0.0206204890,54827568.0000000000,16
2000,55,0.0206569890,54827568.0000000000,10
2000,56,0.0206603860,54827568.0000000000,11
2000,57,0.0206394020,54827568.0000000000,25
2000,58,0.0205933850,54827568.0000000000,13
2000,59,0.0206103400,54827568.0000000000,15
2000,60,0.0206161410,54827568.0000000000,9
2000,61,0.0205523700,54827568.0000000000,22
2000,62,0.0206704260,54827568.0000000000,12
2000,63,0.0205983370,54827568.0000000000,15
2000,64,0.0206441040,54827568.0000000000,14
2000,65,0.0206575530,54827568.0000000000,21
2000,66,0.0205676970,54827568.0000000000,18
2000,67,0.0206740560,54827568.0000000000,20
2000,68,0.0206878290,54827568.0000000000,19
2000,69,0.0205953020,54827568.0000000000,12
2000,70,0.0206341800,54827568.0000000000,23
2000,71,0.0206317310,54827568.0000000000,13
2000,72,0.0206590260,54827568.0000000000,10
2000,73,0.0206106390,54827568.0000000000,16
2000,74,0.0206543640,54827568.0000000000,14
2000,75,0.0206403270,54827568.0000000000,11
2000,76,0.0205774760,54827568.0000000000,13
2000,77,0.0206612620,54827568.0000000000,24
2000,78,0.0206032180,54827568.0000000000,20
2000,79,0.0206976800,54827568.0000000000,14
2000,80,0.0207010950,54827568.0000000000,20
2000,81,0.0205935860,54827568.0000000000,12
2000,82,0.0206176030,54827568.0000000000,13
2000,83,0.0206687520,54827568.0000000000,18
2000,84,0.0205986770,54827568.0000000000,9
2000,85,0.0206788040,54827568.0000000000,14
2000,86,0.0205979970,54827568.0000000000,22
2000,87,0.0206463590,54827568.0000000000,17
2000,88,0.0205707620,54827568.0000000000,17
2000,89,0.0205379390,54827568.0000000000,11
2000,90,0.0205903660,54827568.0000000000,25
2000,91,0.0206158500,54827568.0000000000,16
2000,92,0.0206522540,54827568.0000000000,24
2000,93,0.0206169460,54827568.0000000000,21
2000,94,0.0206696250,54827568.0000000000,10
2000,95,0.0206990450,54827568.0000000000,23
2000,96,0.0206418970,54827568.0000000000,26
2000,97,0.0205652340,54827568.0000000000,21
2000,98,0.0206166570,54827568.0000000000,24
2000,99,0.0205783590,54827568.0000000000,15
2000,100,0.0205827670,54827568.0000000000,9
2000,101,0.0205891900,54827568.0000000000,11
2000,102,0.0206160160,54827568.0000000000,26
2000,103,0.0206531930,54827568.0000000000,16
2000,104,0.0206225280,54827568.0000000000,26
2000,105,0.0205767450,54827568.0000000000,9
2000,106,0.0206036060,54827568.0000000000,10
2000,107,0.0206401200,54827568.0000000000,18
2000,108,0.0205045600,54827568.0000000000,25
2000,109,0.0206784920,54827568.0000000000,19
2000,110,0.0206896040,54827568.0000000000,23
2000,111,0.0206260890,54827568.0000000000,15
2000,112,0.0205555150,54827568.0000000000,17
2000,113,0.0206496190,54827568.0000000000,22
2000,114,0.0206401480,54827568.0000000000,19
2000,115,0.0205289120,54827568.0000000000,12
2000,116,0.0206017230,54827568.0000000000,17
2000,117,0.0178740260,47074864.0000000000,29
2000,118,0.0178215940,47074864.0000000000,28
2000,119,0.0178557490,47074864.0000000000,23
2000,120,0.0178380450,47074864.0000000000,16
2000,121,0.0177885170,47074864.0000000000,17
2000,122,0.0178798970,47074864.0000000000,35
2000,123,0.0178347010,47074864.0000000000,33
2000,124,0.0178028490,47074864.0000000000,34
2000,125,0.0178295890,47074864.0000000000,31
2000,126,0.0178386970,47074864.0000000000,32
2000,127,0.0178506260,47074864.0000000000,27
2000,128,0.0177736910,47074864.0000000000,21
2000,129,0.0178103600,47074864.0000000000,18
2000,130,0.0178394990,47074864.0000000000,23
2000,131,0.0178284440,47074864.0000000000,19
2000,132,0.0177985090,47074864.0000000000,21
2000,133,0.0177914340,47074864.0000000000,22
2000,134,0.0178468320,47074864.0000000000,20
2000,135,0.0178361420,47074864.0000000000,30
2000,136,0.0177898520,47074864.0000000000,15
2000,137,0.0178443260,47074864.0000000000,13
2000,138,0.0178009720,47074864.0000000000,25
2000,139,0.0178439180,47074864.0000000000,10
2000,140,0.0177877550,47074864.0000000000,26
2000,141,0.0177841000,47074864.0000000000,22
2000,142,0.0178084370,47074864.0000000000,25
2000,143,0.0178393670,47074864.0000000000,20
2000,144,0.0178642460,47074864.0000000000,14
2000,145,0.0177982560,47074864.0000000000,26
2000,146,0.0177995090,47074864.0000000000,24
2000,147,0.0178433040,47074864.0000000000,18
2000,148,0.0177976880,47074864.0000000000,11
2000,149,0.0178028140,47074864.0000000000,24
2000,150,0.0178500980,47074864.0000000000,19
2000,151,0.0177977090,47074864.0000000000,9
2000,152,0.0178109220,47074864.0000000000,12
2050,0,7.2504329125,304618624.0000000000,7
2050,1,6.6242977874,283927168.0000000000,8
2050,2,4.5949410065,223690400.0000000000,3
2050,3,4.1115373981,210849568.0000000000,0
2050,4,4.1072356507,211139504.0000000000,2
2050,5,4.1295714625,212233856.0000000000,1
2050,6,6.7487665404,284490272.0000000000,5
2050,7,10.6117398418,397901216.0000000000,4
2050,8,9.1856025439,362714512.0000000000,6
2050,9,10.8926001821,452054160.0000000000,1
2050,10,11.6305825638,467958048.0000000000,3
2050,11,12.6217050585,490356624.0000000000,29
2050,12,13.0656060928,501843888.0000000000,32
2050,13,12.8362026305,502300624.0000000000,24
2050,14,13.0774533707,501382400.0000000000,28
2050,15,12.4131204144,487135072.0000000000,15
2050,16,10.3482627570,432003136.0000000000,35
2050,17,10.0639608980,426224208.0000000000,6
2050,18,10.2195317529,436357808.0000000000,0
2050,19,10.2291861597,436503680.0000000000,4
2050,20,10.2299122750,436513008.0000000000,7
2050,21,10.2314883824,436505104.0000000000,14
2050,22,10.2196034254,436505888.0000000000,9
2050,23,10.2210267639,436515200.0000000000,34
2050,24,10.2358295964,436511024.0000000000,5
2050,25,10.2307003791,436509792.0000000000,2
2050,26,10.2223586479,436358992.0000000000,23
2050,27,10.2220993356,436359856.0000000000,16
2050,28,10.2283832982,436511440.0000000000,13
2050,29,10.2206584546,436512064.0000000000,10
2050,30,10.2218595397,436511808.0000000000,18
2050,31,10.2274292726,436508896.0000000000,12
2050,32,10.2242043999,436508192.0000000000,30
2050,33,10.2264437357,436506112.0000000000,27
2050,34,10.2219494587,436510656.0000000000,8
2050,35,10.2201440718,436362256.0000000000,19
2050,36,10.2095640522,435600432.0000000000,25
2050,37,10.2343678995,436493680.0000000000,26
2050,38,10.2322267310,436543328.0000000000,17
2050,39,10.2298242837,436514048.0000000000,21
2050,40,10.2339493107,436491744.0000000000,11
2050,41,10.2330443856,436511024.0000000000,20
2050,42,10.2321256248,436545152.0000000000,22
2050,43,10.2345660134,436487952.0000000000,31
2050,44,10.2089393055,435592784.0000000000,33
2050,45,2.6499681253,131910528.0000000000,28
2050,46,2.6514185397,132140800.0000000000,34
2050,47,2.6516718687,132123776.0000000000,31
2050,48,2.6522107097,132145424.0000000000,27
2050,49,2.6533407049,132153184.0000000000,32
2050,50,2.6523546657,132133584.0000000000,30
2050,51,2.6518371321,132143472.0000000000,33
2050,52,2.6514192397,132131680.0000000000,35
2050,53,2.6501916776,131912320.0000000000,29
2050,54,0.6741711076,54827568.0000000000,16
2050,55,0.6736746566,54827568.0000000000,10
2050,56,0.6734194511,54827568.0000000000,11
2050,57,0.6729307311,54827568.0000000000,25
2050,58,0.6736281093,54827568.0000000000,13
2050,59,0.6724106494,54827568.0000000000,15
2050,60,0.6733193494,54827568.0000000000,9
2050,61,0.6729116148,54827568.0000000000,22
2050,62,0.6735469049,54827568.0000000000,12
2050,63,0.6724127786,54827568.0000000000,15
2050,64,0.6747595276,54827568.0000000000,14
2050,65,0.6727401690,54827568.0000000000,21
2050,66,0.6734370478,54827568.0000000000,18
2050,67,0.6744295033,54827568.0000000000,20
2050,68,0.6749990292,54827568.0000000000,19
2050,69,0.6736684855,54827568.0000000000,12
2050,70,0.6743165878,54827568.0000000000,23
2050,71,0.6734286218,54827568.0000000000,13
2050,72,0.6737251505,54827568.0000000000,10
2050,73,0.6741885598,54827568.0000000000,16
2050,74,0.6744057555,54827568.0000000000,14
2050,75,0.6730935444,54827568.0000000000,11
2050,76,0.6737445829,54827568.0000000000,13
2050,77,0.6730225814,54827568.0000000000,24
2050,78,0.6741575956,54827568.0000000000,20
2050,79,0.6743349835,54827568.0000000000,14
2050,80,0.6743026754,54827568.0000000000,20
2050,81,0.6736032443,54827568.0000000000,12
2050,82,0.6734992602,54827568.0000000000,13
2050,83,0.6729555651,54827568.0000000000,18
2050,84,0.6732554663,54827568.0000000000,9
2050,85,0.6743395072,54827568.0000000000,14
2050,86,0.6725626755,54827568.0000000000,22
2050,87,0.6731773765,54827568.0000000000,17
2050,88,0.6726851839,54827568.0000000000,17
2050,89,0.6728888813,54827568.0000000000,11
2050,90,0.6724062708,54827568.0000000000,25
2050,91,0.6743962029,54827568.0000000000,16
2050,92,0.6728031208,54827568.0000000000,24
2050,93,0.6724630342,54827568.0000000000,21
2050,94,0.6737015628,54827568.0000000000,10
2050,95,0.6743030615,54827568.0000000000,23
2050,96,0.6733602911,54827568.0000000000,26
2050,97,0.6727427762,54827568.0000000000,21
2050,98,0.6729972461,54827568.0000000000,24
2050,99,0.6724637767,54827568.0000000000,15
2050,100,0.6729946279,54827568.0000000000,9
2050,101,0.6728361673,54827568.0000000000,11
2050,102,0.6733804326,54827568.0000000000,26
2050,103,0.6742175504,54827568.0000000000,16
2050,104,0.6733743346,54827568.0000000000,26
2050,105,0.6733333086,54827568.0000000000,9
2050,106,0.6733649804,54827568.0000000000,10
2050,107,0.6729010021,54827568.0000000000,18
2050,108,0.6722567598,54827568.0000000000,25
2050,109,0.6741923384,54827568.0000000000,19
2050,110,0.6744099502,54827568.0000000000,23
2050,111,0.6722474037,54827568.0000000000,15
2050,112,0.6727451515,54827568.0000000000,17
2050,113,0.6731596904,54827568.0000000000,22
2050,114,0.6740186298,54827568.0000000000,19
2050,115,0.6734454667,54827568.0000000000,12
2050,116,0.6729974681,54827568.0000000000,17
2050,117,0.5826619066,47074864.0000000000,29
2050,118,0.5834292305,47074864.0000000000,28
2050,119,0.5829010685,47074864.0000000000,23
2050,120,0.5829720424,47074864.0000000000,16
2050,121,0.5813742579,47074864.0000000000,17
2050,122,0.5832693269,47074864.0000000000,35
2050,123,0.5823431072,47074864.0000000000,33
2050,124,0.5823889710,47074864.0000000000,34
2050,125,0.5825111836,47074864.0000000000,31
2050,126,0.5831205449,47074864.0000000000,32
2050,127,0.5826631286,47074864.0000000000,27
2050,128,0.5809836354,47074864.0000000000,21
2050,129,0.5816549399,47074864.0000000000,18
2050,130,0.5831540055,47074864.0000000000,23
2050,131,0.5827794514,47074864.0000000000,19
2050,132,0.5814071828,47074864.0000000000,21
2050,133,0.5814016671,47074864.0000000000,22
2050,134,0.5827157093,47074864.0000000000,20
2050,135,0.5834116094,47074864.0000000000,30
2050,136,0.5813204546,47074864.0000000000,15
2050,137,0.5832932019,47074864.0000000000,13
2050,138,0.5815512979,47074864.0000000000,25
2050,139,0.5826763522,47074864.0000000000,10
2050,140,0.5818282584,47074864.0000000000,26
2050,141,0.5815559499,47074864.0000000000,22
2050,142,0.5815578417,47074864.0000000000,25
2050,143,0.5824307789,47074864.0000000000,20
2050,144,0.5833662520,47074864.0000000000,14
2050,145,0.5817880116,47074864.0000000000,26
2050,146,0.5815359004,47074864.0000000000,24
2050,147,0.5819387768,47074864.0000000000,18
2050,148,0.5815902415,47074864.0000000000,11
2050,149,0.5815051221,47074864.0000000000,24
2050,150,0.5826575946,47074864.0000000000,19
2050,151,0.5815452358,47074864.0000000000,9
2050,152,0.5821806842,47074864.0000000000,12
2100,0,0.2249806570,304120480.0000000000,7
2100,1,0.2030637930,281379024.0000000000,8
2100,2,0.1366518150,220426784.0000000000,3
2100,3,0.1273884160,210846336.0000000000,0
2100,4,0.1273790590,211178928.0000000000,2
2100,5,0.1275875890,212302160.0000000000,1
2100,6,0.2003402790,278555184.0000000000,5
2100,7,0.3313383030,400074400.0000000000,4
2100,8,0.2859024020,364500032.0000000000,6
2100,9,0.3393754960,453057008.0000000000,1
2100,10,0.3594101750,468572592.0000000000,3
2100,11,0.3921887040,490656768.0000000000,29
2100,12,0.4063055060,501397376.0000000000,32
2100,13,0.3996738620,501990416.0000000000,24
2100,14,0.4066307310,500572032.0000000000,28
2100,15,0.3879801930,488088992.0000000000,15
2100,16,0.3178287910,430436464.0000000000,35
2100,17,0.3105580620,425082224.0000000000,6
2100,18,0.3175501580,436355088.0000000000,0
2100,19,0.3179682340,436508384.0000000000,4
2100,20,0.3178376420,436512048.0000000000,7
2100,21,0.3180192000,436509616.0000000000,14
2100,22,0.3174576470,436508352.0000000000,9
2100,23,0.3176537460,436513728.0000000000,34
2100,24,0.3181082970,436509872.0000000000,5
2100,25,0.3178530650,436510144.0000000000,2
2100,26,0.3175298880,436359456.0000000000,23
2100,27,0.3175523440,436359008.0000000000,16
2100,28,0.3179117520,436508512.0000000000,13
2100,29,0.3174359160,436507184.0000000000,10
2100,30,0.3175879220,436513088.0000000000,18
2100,31,0.3178500030,436507968.0000000000,12
2100,32,0.3175186820,436510688.0000000000,30
2100,33,0.3178065240,436509568.0000000000,27
2100,34,0.3176302410,436508288.0000000000,8
2100,35,0.3174313610,436356912.0000000000,19
2100,36,0.3172870990,435581984.0000000000,25
2100,37,0.3180286170,436494560.0000000000,26
2100,38,0.3179392010,436541680.0000000000,17
2100,39,0.3178632890,436514560.0000000000,21
2100,40,0.3180873680,436491888.0000000000,11
2100,41,0.3179091670,436507744.0000000000,20
2100,42,0.3178849000,436546144.0000000000,22
2100,43,0.3180015860,436493664.0000000000,31
2100,44,0.3170554960,435569360.0000000000,33
2100,45,0.0820369220,131902208.0000000000,28
2100,46,0.0822345220,132142368.0000000000,34
2100,47,0.0820647070,132124160.0000000000,31
2100,48,0.0822593630,132140416.0000000000,27
2100,49,0.0821309060,132152240.0000000000,32
2100,50,0.0821998880,132136608.0000000000,30
2100,51,0.0821334690,132140656.0000000000,33
2100,52,0.0823112300,132131120.0000000000,35
2100,53,0.0820458900,131906112.0000000000,29
2100,54,0.0206502070,54827568.0000000000,16
2100,55,0.0205720760,54827568.0000000000,10
2100,56,0.0207022480,54827568.0000000000,11
2100,57,0.0206567360,54827568.0000000000,25
2100,58,0.0206874840,54827568.0000000000,13
2100,59,0.0206369290,54827568.0000000000,15
2100,60,0.0205554010,54827568.0000000000,9
2100,61,0.0206303890,54827568.0000000000,22
2100,62,0.0205497190,54827568.0000000000,12
2100,63,0.0206364290,54827568.0000000000,15
2100,64,0.0206462740,54827568.0000000000,14
2100,65,0.0206569400,54827568.0000000000,21
2100,66,0.0206113710,54827568.0000000000,18
2100,67,0.0206857860,54827568.0000000000,20
2100,68,0.0206454390,54827568.0000000000,19
2100,69,0.0206892680,54827568.0000000000,12
2100,70,0.0205876780,54827568.0000000000,23
2100,71,0.0205912490,54827568.0000000000,13
2100,72,0.0206103720,54827568.0000000000,10
2100,73,0.0206604570,54827568.0000000000,16
2100,74,0.0206384600,54827568.0000000000,14
2100,75,0.0205669550,54827568.0000000000,11
2100,76,0.0206394830,54827568.0000000000,13
2100,77,0.0206322870,54827568.0000000000,24
2100,78,0.0206704490,54827568.0000000000,20
2100,79,0.0206391520,54827568.0000000000,14
2100,80,0.0206340360,54827568.0000000000,20
2100,81,0.0206725080,54827568.0000000000,12
2100,82,0.0206035330,54827568.0000000000,13
2100,83,0.0205858630,54827568.0000000000,18
2100,84,0.0206169530,54827568.0000000000,9
2100,85,0.0206756340,54827568.0000000000,14
2100,86,0.0206273150,54827568.0000000000,22
2100,87,0.0205878360,54827568.0000000000,17
2100,88,0.0205660230,54827568.0000000000,17
2100,89,0.0206126070,54827568.0000000000,11
2100,90,0.0205757170,54827568.0000000000,25
2100,91,0.0206571820,54827568.0000000000,16
2100,92,0.0206203670,54827568.0000000000,24
2100,93,0.0206078770,54827568.0000000000,21
2100,94,0.0206395460,54827568.0000000000,10
2100,95,0.0206541970,54827568.0000000000,23
2100,96,0.0205257110,54827568.0000000000,26
2100,97,0.0205902600,54827568.0000000000,21
2100,98,0.0205464700,54827568.0000000000,24
2100,99,0.0205379260,54827568.0000000000,15
2100,100,0.0205934370,54827568.0000000000,9
2100,101,0.0206520500,54827568.0000000000,11
2100,102,0.0206735370,54827568.0000000000,26
2100,103,0.0206716570,54827568.0000000000,16
2100,104,0.0206352430,54827568.0000000000,26
2100,105,0.0206708870,54827568.0000000000,9
2100,106,0.0205643420,54827568.0000000000,10
2100,107,0.0206285740,54827568.0000000000,18
2100,108,0.0205643650,54827568.0000000000,25
2100,109,0.0205895080,54827568.0000000000,19
2100,110,0.0206365410,54827568.0000000000,23
2100,111,0.0205994950,54827568.0000000000,15
2100,112,0.0205987360,54827568.0000000000,17
2100,113,0.0206403080,54827568.0000000000,22
2100,114,0.0206337130,54827568.0000000000,19
2100,115,0.0205399410,54827568.0000000000,12
2100,116,0.0205723080,54827568.0000000000,17
2100,117,0.0178530340,47074864.0000000000,29
2100,118,0.0178319140,47074864.0000000000,28
2100,119,0.0178493570,47074864.0000000000,23
2100,120,0.0178601070,47074864.0000000000,16
2100,121,0.0177801610,47074864.0000000000,17
2100,122,0.0178437770,47074864.0000000000,35
2100,123,0.0178416730,47074864.0000000000,33
2100,124,0.0178191390,47074864.0000000000,34
2100,125,0.0178342690,47074864.0000000000,31
2100,126,0.0178624540,47074864.0000000000,32
2100,127,0.0178221020,47074864.0000000000,27
2100,128,0.0177853630,47074864.0000000000,21
2100,129,0.0178056790,47074864.0000000000,18
2100,130,0.0178560900,47074864.0000000000,23
2100,131,0.0178643540,47074864.0000000000,19
2100,132,0.0177878180,47074864.0000000000,21
2100,133,0.0177948500,47074864.0000000000,22
2100,134,0.0178266820,47074864.0000000000,20
2100,135,0.0178413610,47074864.0000000000,30
2100,136,0.0177812240,47074864.0000000000,15
2100,137,0.0178576920,47074864.0000000000,13
2100,138,0.0177870840,47074864.0000000000,25
2100,139,0.0178204750,47074864.0000000000,10
2100,140,0.0178165010,47074864.0000000000,26
2100,141,0.0178036580,47074864.0000000000,22
2100,142,0.0178049680,47074864.0000000000,25
2100,143,0.0178373430,47074864.0000000000,20
2100,144,0.0178754180,47074864.0000000000,14
2100,145,0.0177825950,47074864.0000000000,26
2100,146,0.0178336630,47074864.0000000000,24
2100,147,0.0178243460,47074864.0000000000,18
2100,148,0.0178230190,47074864.0000000000,11
2100,149,0.0177731850,47074864.0000000000,24
2100,150,0.0178314480,47074864.0000000000,19
2100,151,0.0177882790,47074864.0000000000,9
2100,152,0.0178442350,47074864.0000000000,12
2150,0,7.2454673353,303811120.0000000000,7
2150,1,6.4792908607,278426848.0000000000,8
2150,2,4.3839344861,217653728.0000000000,3
2150,3,4.1109128577,210898064.0000000000,0
2150,4,4.1053834702,211203728.0000000000,2
2150,5,4.1499427214,212404960.0000000000,1
2150,6,6.3668587201,273356160.0000000000,5
2150,7,10.7502205509,403422960.0000000000,4
2150,8,9.2918865757,366559456.0000000000,6
2150,9,10.9866573954,453644784.0000000000,1
2150,10,11.6380053311,470150224.0000000000,3
2150,11,12.6357428501,491092592.0000000000,29
2150,12,13.0570547290,501018096.0000000000,32
2150,13,12.8346229119,501609536.0000000000,24
2150,14,13.0569720114,499557328.0000000000,28
2150,15,12.5126613350,489008224.0000000000,15
2150,16,10.2395688706,429349280.0000000000,35
2150,17,9.9845613010,423251440.0000000000,6
2150,18,10.2183404312,436359520.0000000000,0
2150,19,10.2276301397,436505856.0000000000,4
2150,20,10.2309570748,436510688.0000000000,7
2150,21,10.2319420203,436508848.0000000000,14
2150,22,10.2202336257,436512720.0000000000,9
2150,23,10.2203979608,436507760.0000000000,34
2150,24,10.2354583421,436508800.0000000000,5
2150,25,10.2315252114,436509408.0000000000,2
2150,26,10.2222400451,436359696.0000000000,23
2150,27,10.2214749403,436356800.0000000000,16
2150,28,10.2282080600,436508624.0000000000,13
2150,29,10.2217307290,436509936.0000000000,10
2150,30,10.2229100928,436512624.0000000000,18
2150,31,10.2278395360,436514720.0000000000,12
2150,32,10.2238862760,436508464.0000000000,30
2150,33,10.2263674068,436510432.0000000000,27
2150,34,10.2216478859,436512144.0000000000,8
2150,35,10.2204184136,436356016.0000000000,19
2150,36,10.2107947165,435562752.0000000000,25
2150,37,10.2349586547,436493776.0000000000,26
2150,38,10.2334590012,436544512.0000000000,17
2150,39,10.2304858325,436514160.0000000000,21
2150,40,10.2342231578,436487984.0000000000,11
2150,41,10.2334847113,436507520.0000000000,20
2150,42,10.2324798527,436549376.0000000000,22
2150,43,10.2341446769,436486144.0000000000,31
2150,44,10.2090142954,435550656.0000000000,33
2150,45,2.6502149717,131896864.0000000000,28
2150,46,2.6511755914,132141440.0000000000,34
2150,47,2.6526483424,132121408.0000000000,31
2150,48,2.6528376551,132142736.0000000000,27
2150,49,2.6531531862,132150224.0000000000,32
2150,50,2.6526093882,132139296.0000000000,30
2150,51,2.6523966679,132138160.0000000000,33
2150,52,2.6509968042,132134144.0000000000,35
2150,53,2.6494320318,131901232.0000000000,29
2150,54,0.6741840375,54827568.0000000000,16
2150,55,0.6737177001,54827568.0000000000,10
2150,56,0.6732128155,54827568.0000000000,11
2150,57,0.6727186232,54827568.0000000000,25
2150,58,0.6734435686,54827568.0000000000,13
2150,59,0.6726510677,54827568.0000000000,15
2150,60,0.6732482489,54827568.0000000000,9
2150,61,0.6733077444,54827568.0000000000,22
2150,62,0.6734169985,54827568.0000000000,12
2150,63,0.6724433201,54827568.0000000000,15
2150,64,0.6747034078,54827568.0000000000,14
2150,65,0.6725470177,54827568.0000000000,21
2150,66,0.6732886152,54827568.0000000000,18
2150,67,0.6748274168,54827568.0000000000,20
2150,68,0.6742049263,54827568.0000000000,19
2150,69,0.6735971046,54827568.0000000000,12
2150,70,0.6741251265,54827568.0000000000,23
2150,71,0.6738165435,54827568.0000000000,13
2150,72,0.6737639022,54827568.0000000000,10
2150,73,0.6738131504,54827568.0000000000,16
2150,74,0.6743611788,54827568.0000000000,14
2150,75,0.6728858371,54827568.0000000000,11
2150,76,0.6736523461,54827568.0000000000,13
2150,77,0.6730278075,54827568.0000000000,24
2150,78,0.6741340144,54827568.0000000000,20
2150,79,0.6749195846,54827568.0000000000,14
2150,80,0.6741215789,54827568.0000000000,20
2150,81,0.6733165235,54827568.0000000000,12
2150,82,0.6737682896,54827568.0000000000,13
2150,83,0.6731034477,54827568.0000000000,18
2150,84,0.6731834896,54827568.0000000000,9
2150,85,0.6743184443,54827568.0000000000,14
2150,86,0.6728812049,54827568.0000000000,22
2150,87,0.6728789763,54827568.0000000000,17
2150,88,0.6730810023,54827568.0000000000,17
2150,89,0.6729664470,54827568.0000000000,11
2150,90,0.6722197379,54827568.0000000000,25
2150,91,0.6741918271,54827568.0000000000,16
2150,92,0.6728886786,54827568.0000000000,24
2150,93,0.6727296014,54827568.0000000000,21
2150,94,0.6735633511,54827568.0000000000,10
2150,95,0.6741859862,54827568.0000000000,23
2150,96,0.6734487629,54827568.0000000000,26
2150,97,0.6724903122,54827568.0000000000,21
2150,98,0.6729191216,54827568.0000000000,24
2150,99,0.6723582420,54827568.0000000000,15
2150,100,0.6728989933,54827568.0000000000,9
2150,101,0.6731829268,54827568.0000000000,11
2150,102,0.6733537784,54827568.0000000000,26
2150,103,0.6745185660,54827568.0000000000,16
2150,104,0.6731213267,54827568.0000000000,26
2150,105,0.6733372980,54827568.0000000000,9
2150,106,0.6735577797,54827568.0000000000,10
2150,107,0.6729334270,54827568.0000000000,18
2150,108,0.6726128907,54827568.0000000000,25
2150,109,0.6740772531,54827568.0000000000,19
2150,110,0.6742395388,54827568.0000000000,23
2150,111,0.6724051142,54827568.0000000000,15
2150,112,0.6729464650,54827568.0000000000,17
2150,113,0.6728307591,54827568.0000000000,22
2150,114,0.6744347915,54827568.0000000000,19
2150,115,0.6731584681,54827568.0000000000,12
2150,116,0.6726431898,54827568.0000000000,17
2150,117,0.5827112496,47074864.0000000000,29
2150,118,0.5835009520,47074864.0000000000,28
2150,119,0.5831836640,47074864.0000000000,23
2150,120,0.5830584724,47074864.0000000000,16
2150,121,0.5813466841,47074864.0000000000,17
2150,122,0.5833211766,47074864.0000000000,35
2150,123,0.5825120049,47074864.0000000000,33
2150,124,0.5824525074,47074864.0000000000,34
2150,125,0.5824746921,47074864.0000000000,31
2150,126,0.5831259380,47074864.0000000000,32
2150,127,0.5824753515,47074864.0000000000,27
2150,128,0.5809200762,47074864.0000000000,21
2150,129,0.5816037492,47074864.0000000000,18
2150,130,0.5831014841,47074864.0000000000,23
2150,131,0.5827957385,47074864.0000000000,19
2150,132,0.5813712765,47074864.0000000000,21
2150,133,0.5813686334,47074864.0000000000,22
2150,134,0.5825740089,47074864.0000000000,20
2150,135,0.5833481388,47074864.0000000000,30
2150,136,0.5816914075,47074864.0000000000,15
2150,137,0.5832774910,47074864.0000000000,13
2150,138,0.5816303895,47074864.0000000000,25
2150,139,0.5827394324,47074864.0000000000,10
2150,140,0.5818259974,47074864.0000000000,26
2150,141,0.5815070708,47074864.0000000000,22
2150,142,0.5815729132,47074864.0000000000,25
2150,143,0.5825281644,47074864.0000000000,20
2150,144,0.5833702635,47074864.0000000000,14
2150,145,0.5817437333,47074864.0000000000,26
2150,146,0.5816190006,47074864.0000000000,24
2150,147,0.5816988790,47074864.0000000000,18
2150,148,0.5817276571,47074864.0000000000,11
2150,149,0.5815515078,47074864.0000000000,24
2150,150,0.5825370144,47074864.0000000000,19
2150,151,0.5815675543,47074864.0000000000,9
2150,152,0.5821480890,47074864.0000000000,12
2200,0,0.2245740020,303589168.0000000000,7
2200,1,0.1937962800,273462544.0000000000,8
2200,2,0.1326730040,215535968.0000000000,3
2200,3,0.1280070050,211340784.0000000000,0
2200,4,0.1274250870,211262112.0000000000,2
2200,5,0.1295144520,212412144.0000000000,1
2200,6,0.1907495500,268524256.0000000000,5
2200,7,0.3418786670,407909392.0000000000,4
2200,8,0.2944656930,368646144.0000000000,6
2200,9,0.3433828890,453918960.0000000000,1
2200,10,0.3687228610,473642272.0000000000,3
2200,11,0.3953705170,491479632.0000000000,29
2200,12,0.4060556220,500238736.0000000000,32
2200,13,0.3993225640,501096192.0000000000,24
2200,14,0.4061700200,498794192.0000000000,28
2200,15,0.3912152140,489759744.0000000000,15
2200,16,0.3184468010,428742080.0000000000,35
2200,17,0.3066744350,420272416.0000000000,6
2200,18,0.3176032570,436356192.0000000000,0
2200,19,0.3178082900,436507392.0000000000,4
2200,20,0.3179736230,436512592.0000000000,7
2200,21,0.3178991180,436510016.0000000000,14
2200,22,0.3175181700,436508272.0000000000,9
2200,23,0.3177752610,436512944.0000000000,34
2200,24,0.3179635320,436507808.0000000000,5
2200,25,0.3179641150,436512224.0000000000,2
2200,26,0.3177032510,436353024.0000000000,23
2200,27,0.3174519050,436353872.0000000000,16
2200,28,0.3178446150,436514384.0000000000,13
2200,29,0.3175724160,436510448.0000000000,10
2200,30,0.3176590160,436511552.0000000000,18
2200,31,0.3179098800,436509728.0000000000,12
2200,32,0.3177531810,436505744.0000000000,30
2200,33,0.3177702470,436514880.0000000000,27
2200,34,0.3177566740,436511472.0000000000,8
2200,35,0.3175561660,436352560.0000000000,19
2200,36,0.3171538040,435541712.0000000000,25
2200,37,0.3178562120,436486448.0000000000,26
2200,38,0.3179718110,436543664.0000000000,17
2200,39,0.3178811940,436513136.0000000000,21
2200,40,0.3180451690,436494224.0000000000,11
2200,41,0.3180822030,436506224.0000000000,20
2200,42,0.3180314210,436553808.0000000000,22
2200,43,0.3179927260,436482080.0000000000,31
2200,44,0.3172055360,435527936.0000000000,33
2200,45,0.0820700980,131892672.0000000000,28
2200,46,0.0821395070,132141744.0000000000,34
2200,47,0.0821392620,132121664.0000000000,31
2200,48,0.0820925680,132143680.0000000000,27
2200,49,0.0821571480,132147648.0000000000,32
2200,50,0.0822332250,132140560.0000000000,30
2200,51,0.0821801460,132134192.0000000000,33
2200,52,0.0821211040,132140080.0000000000,35
2200,53,0.0820219560,131893184.0000000000,29
2200,54,0.0206171520,54827568.0000000000,16
2200,55,0.0205730570,54827568.0000000000,10
2200,56,0.0206215020,54827568.0000000000,11
2200,57,0.0205837620,54827568.0000000000,25
2200,58,0.0205806500,54827568.0000000000,13
2200,59,0.0206103960,54827568.0000000000,15
2200,60,0.0206254190,54827568.0000000000,9
2200,61,0.0206105240,54827568.0000000000,22
2200,62,0.0206561860,54827568.0000000000,12
2200,63,0.0205466830,54827568.0000000000,15
2200,64,0.0206932380,54827568.0000000000,14
2200,65,0.0205795230,54827568.0000000000,21
2200,66,0.0206185950,54827568.0000000000,18
2200,67,0.0206613990,54827568.0000000000,20
2200,68,0.0206626040,54827568.0000000000,19
2200,69,0.0205931440,54827568.0000000000,12
2200,70,0.0206641370,54827568.0000000000,23
2200,71,0.0206615560,54827568.0000000000,13
2200,72,0.0205723990,54827568.0000000000,10
2200,73,0.0206863160,54827568.0000000000,16
2200,74,0.0206249340,54827568.0000000000,14
2200,75,0.0205597430,54827568.0000000000,11
2200,76,0.0205676740,54827568.0000000000,13
2200,77,0.0205981020,54827568.0000000000,24
2200,78,0.0206768990,54827568.0000000000,20
2200,79,0.0206229110,54827568.0000000000,14
2200,80,0.0206582340,54827568.0000000000,20
2200,81,0.0206597130,54827568.0000000000,12
2200,82,0.0205719140,54827568.0000000000,13
2200,83,0.0205901810,54827568.0000000000,18
2200,84,0.0205986610,54827568.0000000000,9
2200,85,0.0206323400,54827568.0000000000,14
2200,86,0.0205803630,54827568.0000000000,22
2200,87,0.0206058920,54827568.0000000000,17
2200,88,0.0205850610,54827568.0000000000,17
2200,89,0.0205432020,54827568.0000000000,11
2200,90,0.0205398290,54827568.0000000000,25
2200,91,0.0206294370,54827568.0000000000,16
2200,92,0.0205791840,54827568.0000000000,24
2200,93,0.0205834680,54827568.0000000000,21
2200,94,0.0206813090,54827568.0000000000,10
2200,95,0.0206538350,54827568.0000000000,23
2200,96,0.0206202640,54827568.0000000000,26
2200,97,0.0206130580,54827568.0000000000,21
2200,98,0.0206193130,54827568.0000000000,24
2200,99,0.0206143850,54827568.0000000000,15
2200,100,0.0206032260,54827568.0000000000,9
2200,101,0.0206467610,54827568.0000000000,11
2200,102,0.0205979290,54827568.0000000000,26
2200,103,0.0206994240,54827568.0000000000,16
2200,104,0.0205512790,54827568.0000000000,26
2200,105,0.0206283860,54827568.0000000000,9
2200,106,0.0205779160,54827568.0000000000,10
2200,107,0.0205810840,54827568.0000000000,18
2200,108,0.0205814990,54827568.0000000000,25
2200,109,0.0206376630,54827568.0000000000,19
2200,110,0.0206522840,54827568.0000000000,23
2200,111,0.0206011920,54827568.0000000000,15
2200,112,0.0206380530,54827568.0000000000,17
2200,113,0.0206124960,54827568.0000000000,22
2200,114,0.0206516090,54827568.0000000000,19
2200,115,0.0206438030,54827568.0000000000,12
2200,116,0.0206178950,54827568.0000000000,17
2200,117,0.0178125470,47074864.0000000000,29
2200,118,0.0178699090,47074864.0000000000,28
2200,119,0.0178562200,47074864.0000000000,23
2200,120,0.0178866080,47074864.0000000000,16
2200,121,0.0177651220,47074864.0000000000,17
2200,122,0.0178651490,47074864.0000000000,35
2200,123,0.0178407010,47074864.0000000000,33
2200,124,0.0178469920,47074864.0000000000,34
2200,125,0.0178371550,47074864.0000000000,31
2200,126,0.0178685250,47074864.0000000000,32
2200,127,0.0178433630,47074864.0000000000,27
2200,128,0.0178080570,47074864.0000000000,21
2200,129,0.0177806220,47074864.0000000000,18
2200,130,0.0178753970,47074864.0000000000,23
2200,131,0.0178729810,47074864.0000000000,19
2200,132,0.0178103210,47074864.0000000000,21
2200,133,0.0177751830,47074864.0000000000,22
2200,134,0.0178410380,47074864.0000000000,20
2200,135,0.0178644370,47074864.0000000000,30
2200,136,0.0177881660,47074864.0000000000,15
2200,137,0.0178993520,47074864.0000000000,13
2200,138,0.0178188760,47074864.0000000000,25
2200,139,0.0178180760,47074864.0000000000,10
2200,140,0.0177914230,47074864.0000000000,26
2200,141,0.0178219220,47074864.0000000000,22
2200,142,0.0178018250,47074864.0000000000,25
2200,143,0.0178261210,47074864.0000000000,20
2200,144,0.0178305580,47074864.0000000000,14
2200,145,0.0177924360,47074864.0000000000,26
2200,146,0.0177715140,47074864.0000000000,24
2200,147,0.0178261970,47074864.0000000000,18
2200,148,0.0178180280,47074864.0000000000,11
2200,149,0.0177999490,47074864.0000000000,24
2200,150,0.0178102500,47074864.0000000000,19
2200,151,0.0177947830,47074864.0000000000,9
2200,152,0.0177706640,47074864.0000000000,12
2250,0,7.2269978611,303381008.0000000000,7
2250,1,6.1466452241,268395104.0000000000,8
2250,2,4.2710248469,214365184.0000000000,3
2250,3,4.1429043397,211483744.0000000000,0
2250,4,4.1070707138,211319200.0000000000,2
2250,5,4.1846659873,212397200.0000000000,1
2250,6,6.0683425879,264963088.0000000000,5
2250,7,11.1142627918,413187472.0000000000,4
2250,8,9.5234684527,369675056.0000000000,6
2250,9,11.0553395780,454106560.0000000000,1
2250,10,11.9491730008,477501680.0000000000,3
2250,11,12.7144360952,491732512.0000000000,29
2250,12,13.0461351954,499843632.0000000000,32
2250,13,12.7971506546,498816384.0000000000,24
2250,14,13.0497434011,498388592.0000000000,28
2250,15,12.6036431521,490422448.0000000000,15
2250,16,10.2377204962,428290832.0000000000,35
2250,17,9.8124032122,417723600.0000000000,6
2250,18,10.2191567982,436356512.0000000000,0
2250,19,10.2284152935,436506176.0000000000,4
2250,20,10.2316651733,436510384.0000000000,7
2250,21,10.2318133454,436510336.0000000000,14
2250,22,10.2492016732,443012288.0000000000,9
2250,23,10.2207660281,436510624.0000000000,34
2250,24,10.2356969614,436510224.0000000000,5
2250,25,10.2305968420,436515184.0000000000,2
2250,26,10.2218934851,436351472.0000000000,23
2250,27,10.2207966377,436353024.0000000000,16
2250,28,10.2277081572,436512640.0000000000,13
2250,29,10.2223189935,436507776.0000000000,10
2250,30,10.2224049322,436514144.0000000000,18
2250,31,10.2279725996,436509552.0000000000,12
2250,32,10.2238841416,436504816.0000000000,30
2250,33,10.2261532561,436511568.0000000000,27
2250,34,10.2219192246,436514080.0000000000,8
2250,35,10.2207135293,436354368.0000000000,19
2250,36,10.2094270990,435522752.0000000000,25
2250,37,10.2344616280,436482368.0000000000,26
2250,38,10.2332549837,436549520.0000000000,17
2250,39,10.2310457436,436512592.0000000000,21
2250,40,10.2347783507,436491424.0000000000,11
2250,41,10.2336653235,436510688.0000000000,20
2250,42,10.2322227501,436554448.0000000000,22
2250,43,10.2346491848,436478096.0000000000,31
2250,44,10.2093418653,435506464.0000000000,33
2250,45,2.6506967241,131883312.0000000000,28
2250,46,2.6523201086,132145024.0000000000,34
2250,47,2.6524370446,132119632.0000000000,31
2250,48,2.6524203057,132145648.0000000000,27
2250,49,2.6531252909,132148704.0000000000,32
2250,50,2.6531912017,132136560.0000000000,30
2250,51,2.6525435248,132138400.0000000000,33
2250,52,2.6513642176,132139312.0000000000,35
2250,53,2.6492616009,131889152.0000000000,29
2250,54,0.6743592600,54827568.0000000000,16
2250,55,0.6736866051,54827568.0000000000,10
2250,56,0.6730546585,54827568.0000000000,11
2250,57,0.6723572287,54827568.0000000000,25
2250,58,0.6739389358,54827568.0000000000,13
2250,59,0.6729059989,54827568.0000000000,15
2250,60,0.6733273439,54827568.0000000000,9
2250,61,0.6729488436,54827568.0000000000,22
2250,62,0.6736227953,54827568.0000000000,12
2250,63,0.6723221640,54827568.0000000000,15
2250,64,0.6746737772,54827568.0000000000,14
2250,65,0.6727346664,54827568.0000000000,21
2250,66,0.6732665154,54827568.0000000000,18
2250,67,0.6747526752,54827568.0000000000,20
2250,68,0.6743754788,54827568.0000000000,19
2250,69,0.6730719401,54827568.0000000000,12
2250,70,0.6743525372,54827568.0000000000,23
2250,71,0.6735244698,54827568.0000000000,13
2250,72,0.6731703189,54827568.0000000000,10
2250,73,0.6741479615,54827568.0000000000,16
2250,74,0.6743020852,54827568.0000000000,14
2250,75,0.6730066775,54827568.0000000000,11
2250,76,0.6737626078,54827568.0000000000,13
2250,77,0.6733986712,54827568.0000000000,24
2250,78,0.6743629710,54827568.0000000000,20
2250,79,0.6745405557,54827568.0000000000,14
2250,80,0.6745187411,54827568.0000000000,20
2250,81,0.6735340240,54827568.0000000000,12
2250,82,0.6736998482,54827568.0000000000,13
2250,83,0.6729708866,54827568.0000000000,18
2250,84,0.6731366006,54827568.0000000000,9
2250,85,0.6744244970,54827568.0000000000,14
2250,86,0.6727360914,54827568.0000000000,22
2250,87,0.6731132991,54827568.0000000000,17
2250,88,0.6728473567,54827568.0000000000,17
2250,89,0.6732994206,54827568.0000000000,11
2250,90,0.6721158446,54827568.0000000000,25
2250,91,0.6754793126,54827568.0000000000,16
2250,92,0.6729870266,54827568.0000000000,24
2250,93,0.6727041351,54827568.0000000000,21
2250,94,0.6734522537,54827568.0000000000,10
2250,95,0.6741913288,54827568.0000000000,23
2250,96,0.6733263787,54827568.0000000000,26
2250,97,0.6729490131,54827568.0000000000,21
2250,98,0.6728864246,54827568.0000000000,24
2250,99,0.6724617822,54827568.0000000000,15
2250,100,0.6730280805,54827568.0000000000,9
2250,101,0.6733217605,54827568.0000000000,11
2250,102,0.6733457397,54827568.0000000000,26
2250,103,0.6743504759,54827568.0000000000,16
2250,104,0.6730846353,54827568.0000000000,26
2250,105,0.6734213124,54827568.0000000000,9
2250,106,0.6734750608,54827568.0000000000,10
2250,107,0.6731249980,54827568.0000000000,18
2250,108,0.6720084864,54827568.0000000000,25
2250,109,0.6739015464,54827568.0000000000,19
2250,110,0.6746192871,54827568.0000000000,23
2250,111,0.6723281844,54827568.0000000000,15
2250,112,0.6731432245,54827568.0000000000,17
2250,113,0.6727891735,54827568.0000000000,22
2250,114,0.6743736782,54827568.0000000000,19
2250,115,0.6734448986,54827568.0000000000,12
2250,116,0.6731260252,54827568.0000000000,17
2250,117,0.5826163744,47074864.0000000000,29
2250,118,0.5835688966,47074864.0000000000,28
2250,119,0.5832637161,47074864.0000000000,23
2250,120,0.5831344899,47074864.0000000000,16
2250,121,0.5814231058,47074864.0000000000,17
2250,122,0.5833862919,47074864.0000000000,35
2250,123,0.5824276716,47074864.0000000000,33
2250,124,0.5824546095,47074864.0000000000,34
2250,125,0.5824394541,47074864.0000000000,31
2250,126,0.5831080131,47074864.0000000000,32
2250,127,0.5826921805,47074864.0000000000,27
2250,128,0.5809504562,47074864.0000000000,21
2250,129,0.5816752486,47074864.0000000000,18
2250,130,0.5832272877,47074864.0000000000,23
2250,131,0.5828668502,47074864.0000000000,19
2250,132,0.5813850129,47074864.0000000000,21
2250,133,0.5812963039,47074864.0000000000,22
2250,134,0.5824355283,47074864.0000000000,20
2250,135,0.5834444686,47074864.0000000000,30
2250,136,0.5813410342,47074864.0000000000,15
2250,137,0.5834461245,47074864.0000000000,13
2250,138,0.5817074771,47074864.0000000000,25
2250,139,0.5825163398,47074864.0000000000,10
2250,140,0.5817206462,47074864.0000000000,26
2250,141,0.5814496989,47074864.0000000000,22
2250,142,0.5816125047,47074864.0000000000,25
2250,143,0.5823516481,47074864.0000000000,20
2250,144,0.5834770874,47074864.0000000000,14
2250,145,0.5818604452,47074864.0000000000,26
2250,146,0.5814567172,47074864.0000000000,24
2250,147,0.5817616602,47074864.0000000000,18
2250,148,0.5817320046,47074864.0000000000,11
2250,149,0.5814626577,47074864.0000000000,24
2250,150,0.5827247651,47074864.0000000000,19
2250,151,0.5815801441,47074864.0000000000,9
2250,152,0.5820977817,47074864.0000000000,12
2300,0,0.2233829110,303041520.0000000000,7
2300,1,0.1819278050,262619168.0000000000,8
2300,2,0.1304315600,213630640.0000000000,3
2300,3,0.1288127070,211518912.0000000000,0
2300,4,0.1283133690,211301536.0000000000,2
2300,5,0.1298581620,212379840.0000000000,1
2300,6,0.1835558650,261572560.0000000000,5
2300,7,0.3545844210,418819600.0000000000,4
2300,8,0.2964770490,369869056.0000000000,6
2300,9,0.3435024840,454461376.0000000000,1
2300,10,0.3775081170,481022176.0000000000,3
2300,11,0.3968385770,492048240.0000000000,29
2300,12,0.4010485420,496112896.0000000000,32
2300,13,0.3695146270,473264240.0000000000,24
2300,14,0.4014015650,494931376.0000000000,28
2300,15,0.3934043730,490990288.0000000000,15
2300,16,0.3167417310,427588832.0000000000,35
2300,17,0.3008740330,415531664.0000000000,6
2300,18,0.3174949960,436350128.0000000000,0
2300,19,0.3177991470,436511920.0000000000,4
2300,20,0.3178990010,436507296.0000000000,7
2300,21,0.3231920880,441161712.0000000000,14
2300,22,0.3477103280,465790064.0000000000,9
2300,23,0.3227471040,440988000.0000000000,34
2300,24,0.3180355340,436509600.0000000000,5
2300,25,0.3178435730,436512736.0000000000,2
2300,26,0.3175890320,436350512.0000000000,23
2300,27,0.3177314930,436351312.0000000000,16
2300,28,0.3179987070,436511136.0000000000,13
2300,29,0.3174330670,436514944.0000000000,10
2300,30,0.3175793600,436512144.0000000000,18
2300,31,0.3178346700,436505360.0000000000,12
2300,32,0.3178257010,436509344.0000000000,30
2300,33,0.3176625870,436513152.0000000000,27
2300,34,0.3176128270,436508240.0000000000,8
2300,35,0.3176911940,436353664.0000000000,19
2300,36,0.3174206770,435503200.0000000000,25
2300,37,0.3180086970,436483056.0000000000,26
2300,38,0.3181462750,436541024.0000000000,17
2300,39,0.3178482120,436515728.0000000000,21
2300,40,0.3178565790,436487696.0000000000,11
2300,41,0.3180273190,436506240.0000000000,20
2300,42,0.3179625740,436550624.0000000000,22
2300,43,0.3181158140,436477808.0000000000,31
2300,44,0.3171987580,435486400.0000000000,33
2300,45,0.0821460770,131874960.0000000000,28
2300,46,0.0821611700,132146352.0000000000,34
2300,47,0.0821007070,132121040.0000000000,31
2300,48,0.0821266940,132145008.0000000000,27
2300,49,0.0821646140,132147744.0000000000,32
2300,50,0.0822342280,132139744.0000000000,30
2300,51,0.0821383440,132138064.0000000000,33
2300,52,0.0821098910,132142992.0000000000,35
2300,53,0.0820836770,131882400.0000000000,29
2300,54,0.0206094990,54827568.0000000000,16
2300,55,0.0205777380,54827568.0000000000,10
2300,56,0.0206103900,54827568.0000000000,11
2300,57,0.0206117890,54827568.0000000000,25
2300,58,0.0205946580,54827568.0000000000,13
2300,59,0.0206539620,54827568.0000000000,15
2300,60,0.0206249000,54827568.0000000000,9
2300,61,0.0205960540,54827568.0000000000,22
2300,62,0.0206082240,54827568.0000000000,12
2300,63,0.0205678350,54827568.0000000000,15
2300,64,0.0206526190,54827568.0000000000,14
2300,65,0.0206063320,54827568.0000000000,21
2300,66,0.0206021540,54827568.0000000000,18
2300,67,0.0206751550,54827568.0000000000,20
2300,68,0.0207155730,54827568.0000000000,19
2300,69,0.0206757140,54827568.0000000000,12
2300,70,0.0206158620,54827568.0000000000,23
2300,71,0.0206980480,54827568.0000000000,13
2300,72,0.0206214330,54827568.0000000000,10
2300,73,0.0205562050,54827568.0000000000,16
2300,74,0.0205695900,54827568.0000000000,14
2300,75,0.0206450570,54827568.0000000000,11
2300,76,0.0205899490,54827568.0000000000,13
2300,77,0.0206242030,54827568.0000000000,24
2300,78,0.0207016790,54827568.0000000000,20
2300,79,0.0205689990,54827568.0000000000,14
2300,80,0.0206530330,54827568.0000000000,20
2300,81,0.0205562950,54827568.0000000000,12
2300,82,0.0206470390,54827568.0000000000,13
2300,83,0.0206217540,54827568.0000000000,18
2300,84,0.0206174230,54827568.0000000000,9
2300,85,0.0205894760,54827568.0000000000,14
2300,86,0.0205991690,54827568.0000000000,22
2300,87,0.0205544430,54827568.0000000000,17
2300,88,0.0205596020,54827568.0000000000,17
2300,89,0.0206132050,54827568.0000000000,11
2300,90,0.0205994840,54827568.0000000000,25
2300,91,0.0206844230,54827568.0000000000,16
2300,92,0.0205751450,54827568.0000000000,24
2300,93,0.0205592010,54827568.0000000000,21
2300,94,0.0206159620,54827568.0000000000,10
2300,95,0.0206493180,54827568.0000000000,23
2300,96,0.0206487010,54827568.0000000000,26
2300,97,0.0205634570,54827568.0000000000,21
2300,98,0.0205679330,54827568.0000000000,24
2300,99,0.0205967430,54827568.0000000000,15
2300,100,0.0206144170,54827568.0000000000,9
2300,101,0.0206833530,54827568.0000000000,11
2300,102,0.0206315570,54827568.0000000000,26
2300,103,0.0206023640,54827568.0000000000,16
2300,104,0.0206557720,54827568.0000000000,26
2300,105,0.0205837400,54827568.0000000000,9
2300,106,0.0206140890,54827568.0000000000,10
2300,107,0.0206213320,54827568.0000000000,18
2300,108,0.0205136580,54827568.0000000000,25
2300,109,0.0206371520,54827568.0000000000,19
2300,110,0.0206356380,54827568.0000000000,23
2300,111,0.0205136830,54827568.0000000000,15
2300,112,0.0206299860,54827568.0000000000,17
2300,113,0.0205482030,54827568.0000000000,22
2300,114,0.0206282250,54827568.0000000000,19
2300,115,0.0205695210,54827568.0000000000,12
2300,116,0.0206241260,54827568.0000000000,17
2300,117,0.0178271960,47074864.0000000000,29
2300,118,0.0178797470,47074864.0000000000,28
2300,119,0.0178546570,47074864.0000000000,23
2300,120,0.0178661460,47074864.0000000000,16
2300,121,0.0178029250,47074864.0000000000,17
2300,122,0.0178567230,47074864.0000000000,35
2300,123,0.0178345290,47074864.0000000000,33
2300,124,0.0177916560,47074864.0000000000,34
2300,125,0.0178259630,47074864.0000000000,31
2300,126,0.0178465520,47074864.0000000000,32
2300,127,0.0178443180,47074864.0000000000,27
2300,128,0.0177810750,47074864.0000000000,21
2300,129,0.0177828770,47074864.0000000000,18
2300,130,0.0178375830,47074864.0000000000,23
2300,131,0.0178642250,47074864.0000000000,19
2300,132,0.0178083180,47074864.0000000000,21
2300,133,0.0178020460,47074864.0000000000,22
2300,134,0.0178074070,47074864.0000000000,20
2300,135,0.0178503590,47074864.0000000000,30
2300,136,0.0178102910,47074864.0000000000,15
2300,137,0.0178478440,47074864.0000000000,13
2300,138,0.0177665540,47074864.0000000000,25
2300,139,0.0178473550,47074864.0000000000,10
2300,140,0.0178383750,47074864.0000000000,26
2300,141,0.0177923950,47074864.0000000000,22
2300,142,0.0178117520,47074864.0000000000,25
2300,143,0.0178216850,47074864.0000000000,20
2300,144,0.0178633520,47074864.0000000000,14
2300,145,0.0178118630,47074864.0000000000,26
2300,146,0.0178087160,47074864.0000000000,24
2300,147,0.0177963110,47074864.0000000000,18
2300,148,0.0177940820,47074864.0000000000,11
2300,149,0.0177896310,47074864.0000000000,24
2300,150,0.0178316640,47074864.0000000000,19
2300,151,0.0177854060,47074864.0000000000,9
2300,152,0.0178619500,47074864.0000000000,12
2350,0,7.1735653001,302435584.0000000000,7
2350,1,5.7435250627,257139328.0000000000,8
2350,2,4.2023173903,213528112.0000000000,3
2350,3,4.1480128549,211578272.0000000000,0
2350,4,4.1292310736,211371664.0000000000,2
2350,5,4.1794693756,212344496.0000000000,1
2350,6,5.8467154272,258627152.0000000000,5
2350,7,11.5074242846,424581600.0000000000,4
2350,8,9.4953642759,369832224.0000000000,6
2350,9,11.0024972400,455343936.0000000000,1
2350,10,12.1597606812,483743888.0000000000,3
2350,11,12.7631932925,492318384.0000000000,29
2350,12,12.7269487440,488513648.0000000000,32
2350,13,11.6894882687,463748400.0000000000,24
2350,14,12.7523521183,487989088.0000000000,28
2350,15,12.6673986835,491529120.0000000000,15
2350,16,10.1589041253,426469504.0000000000,35
2350,17,9.6335795622,413855472.0000000000,6
2350,18,10.2191398820,436347648.0000000000,0
2350,19,10.2296050877,436511728.0000000000,4
2350,20,10.2294616087,436505760.0000000000,7
2350,21,10.5642081928,448585632.0000000000,14
2350,22,11.3768277243,474258384.0000000000,9
2350,23,10.5374995421,447853488.0000000000,34
2350,24,10.2352654350,436510960.0000000000,5
2350,25,10.2305691917,436509792.0000000000,2
2350,26,10.2217537345,436349216.0000000000,23
2350,27,10.2199808862,436352992.0000000000,16
2350,28,10.2281326272,436510256.0000000000,13
2350,29,10.2211748191,436515312.0000000000,10
2350,30,10.2203131564,436508976.0000000000,18
2350,31,10.2282204347,436515392.0000000000,12
2350,32,10.2239543218,436505984.0000000000,30
2350,33,10.2255080657,436516064.0000000000,27
2350,34,10.2219618290,436504944.0000000000,8
2350,35,10.2204114262,436349824.0000000000,19
2350,36,10.2095019484,435483008.0000000000,25
2350,37,10.2350317535,436480832.0000000000,26
2350,38,10.2338489070,436539760.0000000000,17
2350,39,10.2316039983,436520432.0000000000,21
2350,40,10.2356376716,436485440.0000000000,11
2350,41,10.2339947447,436500928.0000000000,20
2350,42,10.2326653570,436555040.0000000000,22
2350,43,10.2363122312,436477568.0000000000,31
2350,44,10.2096146997,435465744.0000000000,33
2350,45,2.6494380186,131868496.0000000000,28
2350,46,2.6518269334,132147600.0000000000,34
2350,47,2.6527168762,132124960.0000000000,31
2350,48,2.6531519113,132143088.0000000000,27
2350,49,2.6525772046,132149152.0000000000,32
2350,50,2.6533094243,132143472.0000000000,30
2350,51,2.6525816438,132136336.0000000000,33
2350,52,2.6519106442,132143040.0000000000,35
2350,53,2.6492600617,131878320.0000000000,29
2350,54,0.6743198834,54827568.0000000000,16
2350,55,0.6735011982,54827568.0000000000,10
2350,56,0.6732382206,54827568.0000000000,11
2350,57,0.6723573447,54827568.0000000000,25
2350,58,0.6735993476,54827568.0000000000,13
2350,59,0.6730365453,54827568.0000000000,15
2350,60,0.6735246735,54827568.0000000000,9
2350,61,0.6730784691,54827568.0000000000,22
2350,62,0.6734846660,54827568.0000000000,12
2350,63,0.6719206388,54827568.0000000000,15
2350,64,0.6744297323,54827568.0000000000,14
2350,65,0.6726960204,54827568.0000000000,21
2350,66,0.6730771232,54827568.0000000000,18
2350,67,0.6745390452,54827568.0000000000,20
2350,68,0.6745741305,54827568.0000000000,19
2350,69,0.6734785201,54827568.0000000000,12
2350,70,0.6741996465,54827568.0000000000,23
2350,71,0.6735756429,54827568.0000000000,13
2350,72,0.6737313113,54827568.0000000000,10
2350,73,0.6744345590,54827568.0000000000,16
2350,74,0.6745582326,54827568.0000000000,14
2350,75,0.6729505024,54827568.0000000000,11
2350,76,0.6732315204,54827568.0000000000,13
2350,77,0.6735175463,54827568.0000000000,24
2350,78,0.6741900394,54827568.0000000000,20
2350,79,0.6747515568,54827568.0000000000,14
2350,80,0.6745036618,54827568.0000000000,20
2350,81,0.6734724148,54827568.0000000000,12
2350,82,0.6736404119,54827568.0000000000,13
2350,83,0.6729349896,54827568.0000000000,18
2350,84,0.6728826773,54827568.0000000000,9
2350,85,0.6744559565,54827568.0000000000,14
2350,86,0.6725335559,54827568.0000000000,22
2350,87,0.6731165413,54827568.0000000000,17
2350,88,0.6725127548,54827568.0000000000,17
2350,89,0.6734204139,54827568.0000000000,11
2350,90,0.6724719399,54827568.0000000000,25
2350,91,0.6743948030,54827568.0000000000,16
2350,92,0.6732135367,54827568.0000000000,24
2350,93,0.6726211071,54827568.0000000000,21
2350,94,0.6736375547,54827568.0000000000,10
2350,95,0.6742872965,54827568.0000000000,23
2350,96,0.6734210772,54827568.0000000000,26
2350,97,0.6726386561,54827568.0000000000,21
2350,98,0.6729216899,54827568.0000000000,24
2350,99,0.6726058989,54827568.0000000000,15
2350,100,0.6728401377,54827568.0000000000,9
2350,101,0.6732197812,54827568.0000000000,11
2350,102,0.6733064915,54827568.0000000000,26
2350,103,0.6740816753,54827568.0000000000,16
2350,104,0.6735572488,54827568.0000000000,26
2350,105,0.6734034185,54827568.0000000000,9
2350,106,0.6734392110,54827568.0000000000,10
2350,107,0.6726159406,54827568.0000000000,18
2350,108,0.6724358301,54827568.0000000000,25
2350,109,0.6741027346,54827568.0000000000,19
2350,110,0.6746206062,54827568.0000000000,23
2350,111,0.6726556089,54827568.0000000000,15
2350,112,0.6729265132,54827568.0000000000,17
2350,113,0.6729714161,54827568.0000000000,22
2350,114,0.6743831757,54827568.0000000000,19
2350,115,0.6731314556,54827568.0000000000,12
2350,116,0.6729174198,54827568.0000000000,17
2350,117,0.5828029850,47074864.0000000000,29
2350,118,0.5836022081,47074864.0000000000,28
2350,119,0.5832072905,47074864.0000000000,23
2350,120,0.5829395510,47074864.0000000000,16
2350,121,0.5814194775,47074864.0000000000,17
2350,122,0.5834790604,47074864.0000000000,35
2350,123,0.5824722770,47074864.0000000000,33
2350,124,0.5823961043,47074864.0000000000,34
2350,125,0.5825293593,47074864.0000000000,31
2350,126,0.5831633887,47074864.0000000000,32
2350,127,0.5826376687,47074864.0000000000,27
2350,128,0.5809207021,47074864.0000000000,21
2350,129,0.5814996993,47074864.0000000000,18
2350,130,0.5832062830,47074864.0000000000,23
2350,131,0.5828770022,47074864.0000000000,19
2350,132,0.5814360238,47074864.0000000000,21
2350,133,0.5814991764,47074864.0000000000,22
2350,134,0.5825325615,47074864.0000000000,20
2350,135,0.5834219427,47074864.0000000000,30
2350,136,0.5812798605,47074864.0000000000,15
2350,137,0.5832719815,47074864.0000000000,13
2350,138,0.5814907158,47074864.0000000000,25
2350,139,0.5824568744,47074864.0000000000,10
2350,140,0.5816483756,47074864.0000000000,26
2350,141,0.5814937933,47074864.0000000000,22
2350,142,0.5816388808,47074864.0000000000,25
2350,143,0.5827015907,47074864.0000000000,20
2350,144,0.5834210141,47074864.0000000000,14
2350,145,0.5818035282,47074864.0000000000,26
2350,146,0.5812193010,47074864.0000000000,24
2350,147,0.5814879303,47074864.0000000000,18
2350,148,0.5815875189,47074864.0000000000,11
2350,149,0.5812596409,47074864.0000000000,24
2350,150,0.5826767673,47074864.0000000000,19
2350,151,0.5814737332,47074864.0000000000,9
2350,152,0.5821537370,47074864.0000000000,12
2400,0,0.2263229970,300292656.0000000000,2
2400,1,0.1753418440,252350304.0000000000,4
2400,2,0.1510165550,213537408.0000000000,12
2400,3,0.1331053270,211622864.0000000000,15
2400,4,0.1311092760,211458320.0000000000,16
2400,5,0.1511616040,212433872.0000000000,14
2400,6,0.1826615820,255868368.0000000000,3
2400,7,0.3952173400,429815152.0000000000,19
2400,8,0.3030864320,370050480.0000000000,1
2400,9,0.3570856080,457482544.0000000000,17
2400,10,0.3930586220,485172000.0000000000,21
2400,11,0.4113833250,492350528.0000000000,9
2400,12,0.3966431140,479630272.0000000000,13
2400,13,0.3623136100,454136032.0000000000,8
2400,14,0.3976153480,480173488.0000000000,11
2400,15,0.4080885900,491136272.0000000000,10
2400,16,0.3238458050,425431808.0000000000,0
2400,17,0.3050849080,412059472.0000000000,0
2400,18,0.3257930680,436345440.0000000000,3
2400,19,0.3261246140,436509424.0000000000,5
2400,20,0.3177881750,436511280.0000000000,7
2400,21,0.3525689550,455517424.0000000000,27
2400,22,0.3808453860,482055488.0000000000,18
2400,23,0.3502377320,453623504.0000000000,28
2400,24,0.3254905990,436506816.0000000000,24
2400,25,0.3256447970,436506768.0000000000,25
2400,26,0.3251401580,436347808.0000000000,15
2400,27,0.3258119380,436349888.0000000000,4
2400,28,0.3254640750,436512928.0000000000,22
2400,29,0.3256282750,436508560.0000000000,26
2400,30,0.3259206750,436511024.0000000000,14
2400,31,0.3257578310,436513936.0000000000,23
2400,32,0.3256946400,436506496.0000000000,6
2400,33,0.3255097200,436509008.0000000000,16
2400,34,0.3256610360,436510240.0000000000,20
2400,35,0.3253812420,436349120.0000000000,12
2400,36,0.3249105880,435452336.0000000000,1
2400,37,0.3259629130,436484928.0000000000,34
2400,38,0.3258051680,436534400.0000000000,33
2400,39,0.3261070030,436521104.0000000000,29
2400,40,0.3260556850,436484928.0000000000,30
2400,41,0.3259179870,436503072.0000000000,32
2400,42,0.3259419850,436552800.0000000000,35
2400,43,0.3181970050,436478736.0000000000,31
2400,44,0.3250715570,435432800.0000000000,2
2400,45,0.0836779220,131862288.0000000000,23
2400,46,0.0837386230,132144944.0000000000,26
2400,47,0.0837378690,132126080.0000000000,6
2400,48,0.0838354870,132140864.0000000000,20
2400,49,0.0837300050,132149152.0000000000,25
2400,50,0.0837254420,132143792.0000000000,5
2400,51,0.0838218610,132133984.0000000000,7
2400,52,0.0837170490,132142608.0000000000,22
2400,53,0.0836236790,131873856.0000000000,24
2400,54,0.0207090300,54827568.0000000000,28
2400,55,0.0206262700,54827568.0000000000,18
2400,56,0.0206996630,54827568.0000000000,28
2400,57,0.0206608670,54827568.0000000000,20
2400,58,0.0206154940,54827568.0000000000,27
2400,59,0.0205865700,54827568.0000000000,25
2400,60,0.0205585090,54827568.0000000000,17
2400,61,0.0206197990,54827568.0000000000,35
2400,62,0.0206298470,54827568.0000000000,8
2400,63,0.0206501280,54827568.0000000000,18
2400,64,0.0206201990,54827568.0000000000,29
2400,65,0.0206301930,54827568.0000000000,6
2400,66,0.0205895060,54827568.0000000000,26
2400,67,0.0206257790,54827568.0000000000,31
2400,68,0.0206329640,54827568.0000000000,34
2400,69,0.0206754810,54827568.0000000000,27
2400,70,0.0206328290,54827568.0000000000,27
2400,71,0.0206873000,54827568.0000000000,32
2400,72,0.0206710060,54827568.0000000000,28
2400,73,0.0206312110,54827568.0000000000,32
2400,74,0.0206051310,54827568.0000000000,33
2400,75,0.0207201270,54827568.0000000000,27
2400,76,0.0206140680,54827568.0000000000,35
2400,77,0.0207044260,54827568.0000000000,8
2400,78,0.0207010350,54827568.0000000000,30
2400,79,0.0206049610,54827568.0000000000,34
2400,80,0.0206014550,54827568.0000000000,33
2400,81,0.0206468390,54827568.0000000000,31
2400,82,0.0206670270,54827568.0000000000,29
2400,83,0.0206777010,54827568.0000000000,9
2400,84,0.0206735220,54827568.0000000000,30
2400,85,0.0205585370,54827568.0000000000,29
2400,86,0.0206579530,54827568.0000000000,8
2400,87,0.0206291560,54827568.0000000000,31
2400,88,0.0206611030,54827568.0000000000,5
2400,89,0.0206185940,54827568.0000000000,29
2400,90,0.0206189860,54827568.0000000000,29
2400,91,0.0206508490,54827568.0000000000,17
2400,92,0.0206284560,54827568.0000000000,17
2400,93,0.0206698100,54827568.0000000000,7
2400,94,0.0206155700,54827568.0000000000,34
2400,95,0.0206301780,54827568.0000000000,31
2400,96,0.0205993760,54827568.0000000000,30
2400,97,0.0206412410,54827568.0000000000,21
2400,98,0.0205858510,54827568.0000000000,13
2400,99,0.0206106070,54827568.0000000000,24
2400,100,0.0205727400,54827568.0000000000,11
2400,101,0.0206222150,54827568.0000000000,32
2400,102,0.0206189360,54827568.0000000000,18
2400,103,0.0206223430,54827568.0000000000,32
2400,104,0.0205850120,54827568.0000000000,33
2400,105,0.0206451590,54827568.0000000000,34
2400,106,0.0206927280,54827568.0000000000,19
2400,107,0.0206727100,54827568.0000000000,19
2400,108,0.0205658060,54827568.0000000000,23
2400,109,0.0205638810,54827568.0000000000,35
2400,110,0.0206941300,54827568.0000000000,30
2400,111,0.0205855930,54827568.0000000000,22
2400,112,0.0206405500,54827568.0000000000,28
2400,113,0.0206908950,54827568.0000000000,33
2400,114,0.0206321520,54827568.0000000000,35
2400,115,0.0205511460,54827568.0000000000,21
2400,116,0.0206911040,54827568.0000000000,10
2400,117,0.0178031680,47074864.0000000000,11
2400,118,0.0178825620,47074864.0000000000,35
2400,119,0.0178539890,47074864.0000000000,30
2400,120,0.0178165450,47074864.0000000000,10
2400,121,0.0179339400,47074864.0000000000,5
2400,122,0.0178416790,47074864.0000000000,19
2400,123,0.0178120730,47074864.0000000000,25
2400,124,0.0178753760,47074864.0000000000,23
2400,125,0.0178593740,47074864.0000000000,6
2400,126,0.0178592840,47074864.0000000000,13
2400,127,0.0178527260,47074864.0000000000,28
2400,128,0.0179005550,47074864.0000000000,7
2400,129,0.0178123470,47074864.0000000000,9
2400,130,0.0177638010,47074864.0000000000,17
2400,131,0.0178347080,47074864.0000000000,27
2400,132,0.0178075970,47074864.0000000000,10
2400,133,0.0177854550,47074864.0000000000,9
2400,134,0.0179051550,47074864.0000000000,5
2400,135,0.0178414340,47074864.0000000000,31
2400,136,0.0178354510,47074864.0000000000,8
2400,137,0.0178835660,47074864.0000000000,32
2400,138,0.0178570800,47074864.0000000000,13
2400,139,0.0177946700,47074864.0000000000,26
2400,140,0.0178358420,47074864.0000000000,20
2400,141,0.0178350460,47074864.0000000000,17
2400,142,0.0178141160,47074864.0000000000,19
2400,143,0.0178952350,47074864.0000000000,7
2400,144,0.0178315640,47074864.0000000000,33
2400,145,0.0177897630,47074864.0000000000,22
2400,146,0.0178922890,47074864.0000000000,6
2400,147,0.0178081990,47074864.0000000000,34
2400,148,0.0177804020,47074864.0000000000,18
2400,149,0.0178263820,47074864.0000000000,21
2400,150,0.0178343300,47074864.0000000000,8
2400,151,0.0178255520,47074864.0000000000,11
2400,152,0.0177986280,47074864.0000000000,24
2450,0,7.0984874186,298216368.0000000000,2
2450,1,5.4861514036,250478528.0000000000,4
2450,2,4.2078927506,213421024.0000000000,12
2450,3,4.1598357845,211632944.0000000000,15
2450,4,4.1181807962,211502112.0000000000,16
2450,5,4.2066382014,212715120.0000000000,14
2450,6,5.6838269567,253666784.0000000000,3
2450,7,11.8879910006,434317120.0000000000,19
2450,8,9.5209416261,370849600.0000000000,1
2450,9,11.2364984038,460394048.0000000000,17
2450,10,12.3210951996,486208224.0000000000,21
2450,11,12.7974607687,492234432.0000000000,9
2450,12,12.2060345145,473037008.0000000000,13
2450,13,11.1866488924,449313088.0000000000,8
2450,14,12.2985244152,474907936.0000000000,11
2450,15,12.6984585908,491022880.0000000000,10
2450,16,10.1137601036,424940128.0000000000,0
2450,17,9.5572806369,411000544.0000000000,0
2450,18,10.2354360119,436347632.0000000000,3
2450,19,10.2396216666,436506448.0000000000,5
2450,20,10.2304543047,436511696.0000000000,7
2450,21,11.0973332288,463189312.0000000000,27
2450,22,11.8912461099,487134128.0000000000,18
2450,23,10.9862852562,459304816.0000000000,28
2450,24,10.2206925091,436508480.0000000000,24
2450,25,10.2281554987,436510800.0000000000,25
2450,26,10.2208199776,436347184.0000000000,15
2450,27,10.2278731202,436347408.0000000000,4
2450,28,10.2236116358,436513040.0000000000,22
2450,29,10.2240336786,436504112.0000000000,26
2450,30,10.2325085547,436512768.0000000000,14
2450,31,10.2270035630,436510512.0000000000,23
2450,32,10.2272890570,436505024.0000000000,6
2450,33,10.2254772580,436507328.0000000000,16
2450,34,10.2258756762,436514736.0000000000,20
2450,35,10.2241934051,436347216.0000000000,12
2450,36,10.2060803158,435437184.0000000000,1
2450,37,10.2344750454,436483952.0000000000,34
2450,38,10.2399206752,436534880.0000000000,33
2450,39,10.2406025410,436523776.0000000000,29
2450,40,10.2386434701,436487280.0000000000,30
2450,41,10.2391466196,436507376.0000000000,32
2450,42,10.2368602300,436555392.0000000000,35
2450,43,10.2372341541,436474704.0000000000,31
2450,44,10.2156401244,435416128.0000000000,2
2450,45,2.6502018757,131857504.0000000000,23
2450,46,2.6514711427,132146128.0000000000,26
2450,47,2.6530573364,132128160.0000000000,6
2450,48,2.6539441807,132141040.0000000000,20
2450,49,2.6520445116,132149584.0000000000,25
2450,50,2.6571001856,132143312.0000000000,5
2450,51,2.6564129810,132133872.0000000000,7
2450,52,2.6521921669,132141680.0000000000,22
2450,53,2.6475250912,131867952.0000000000,24
2450,54,0.6749730732,54827568.0000000000,28
2450,55,0.6732447952,54827568.0000000000,18
2450,56,0.6753797901,54827568.0000000000,28
2450,57,0.6739358925,54827568.0000000000,20
2450,58,0.6740173134,54827568.0000000000,27
2450,59,0.6720608803,54827568.0000000000,25
2450,60,0.6729628580,54827568.0000000000,17
2450,61,0.6732287513,54827568.0000000000,35
2450,62,0.6752740643,54827568.0000000000,8
2450,63,0.6725268428,54827568.0000000000,18
2450,64,0.6737980456,54827568.0000000000,29
2450,65,0.6743349826,54827568.0000000000,6
2450,66,0.6730876649,54827568.0000000000,26
2450,67,0.6739523572,54827568.0000000000,31
2450,68,0.6737876081,54827568.0000000000,34
2450,69,0.6741298322,54827568.0000000000,27
2450,70,0.6741034086,54827568.0000000000,27
2450,71,0.6749372746,54827568.0000000000,32
2450,72,0.6750526882,54827568.0000000000,28
2450,73,0.6750077080,54827568.0000000000,32
2450,74,0.6740874154,54827568.0000000000,33
2450,75,0.6740174566,54827568.0000000000,27
2450,76,0.6731247231,54827568.0000000000,35
2450,77,0.6752731996,54827568.0000000000,8
2450,78,0.6747537168,54827568.0000000000,30
2450,79,0.6738884397,54827568.0000000000,34
2450,80,0.6741416034,54827568.0000000000,33
2450,81,0.6744773418,54827568.0000000000,31
2450,82,0.6741227430,54827568.0000000000,29
2450,83,0.6732753242,54827568.0000000000,9
2450,84,0.6745355019,54827568.0000000000,30
2450,85,0.6740288296,54827568.0000000000,29
2450,86,0.6750840427,54827568.0000000000,8
2450,87,0.6739198968,54827568.0000000000,31
2450,88,0.6749281395,54827568.0000000000,5
2450,89,0.6735868581,54827568.0000000000,29
2450,90,0.6741733403,54827568.0000000000,29
2450,91,0.6730275975,54827568.0000000000,17
2450,92,0.6730226282,54827568.0000000000,17
2450,93,0.6752106258,54827568.0000000000,7
2450,94,0.6736211094,54827568.0000000000,34
2450,95,0.6739145335,54827568.0000000000,31
2450,96,0.6743110838,54827568.0000000000,30
2450,97,0.6729884197,54827568.0000000000,21
2450,98,0.6735586607,54827568.0000000000,13
2450,99,0.6732060252,54827568.0000000000,24
2450,100,0.6730783055,54827568.0000000000,11
2450,101,0.6746947993,54827568.0000000000,32
2450,102,0.6728229128,54827568.0000000000,18
2450,103,0.6747571440,54827568.0000000000,32
2450,104,0.6737477895,54827568.0000000000,33
2450,105,0.6735940255,54827568.0000000000,34
2450,106,0.6740200632,54827568.0000000000,19
2450,107,0.6745326465,54827568.0000000000,19
2450,108,0.6741604089,54827568.0000000000,23
2450,109,0.6730201671,54827568.0000000000,35
2450,110,0.6744031625,54827568.0000000000,30
2450,111,0.6726304604,54827568.0000000000,22
2450,112,0.6751970655,54827568.0000000000,28
2450,113,0.6737248221,54827568.0000000000,33
2450,114,0.6731534666,54827568.0000000000,35
2450,115,0.6723538209,54827568.0000000000,21
2450,116,0.6739599840,54827568.0000000000,10
2450,117,0.5813735833,47074864.0000000000,11
2450,118,0.5831158262,47074864.0000000000,35
2450,119,0.5831832011,47074864.0000000000,30
2450,120,0.5824088360,47074864.0000000000,10
2450,121,0.5857228418,47074864.0000000000,5
2450,122,0.5827823572,47074864.0000000000,19
2450,123,0.5817333200,47074864.0000000000,25
2450,124,0.5830404505,47074864.0000000000,23
2450,125,0.5832000707,47074864.0000000000,6
2450,126,0.5833633648,47074864.0000000000,13
2450,127,0.5834249475,47074864.0000000000,28
2450,128,0.5841591064,47074864.0000000000,7
2450,129,0.5815934504,47074864.0000000000,9
2450,130,0.5814510233,47074864.0000000000,17
2450,131,0.5823901225,47074864.0000000000,27
2450,132,0.5823925107,47074864.0000000000,10
2450,133,0.5816141037,47074864.0000000000,9
2450,134,0.5859489655,47074864.0000000000,5
2450,135,0.5824752755,47074864.0000000000,31
2450,136,0.5831416671,47074864.0000000000,8
2450,137,0.5830670876,47074864.0000000000,32
2450,138,0.5832189258,47074864.0000000000,13
2450,139,0.5818541228,47074864.0000000000,26
2450,140,0.5825271778,47074864.0000000000,20
2450,141,0.5813075827,47074864.0000000000,17
2450,142,0.5825823536,47074864.0000000000,19
2450,143,0.5841413485,47074864.0000000000,7
2450,144,0.5824272924,47074864.0000000000,33
2450,145,0.5814506363,47074864.0000000000,22
2450,146,0.5834678615,47074864.0000000000,6
2450,147,0.5822053687,47074864.0000000000,34
2450,148,0.5817241684,47074864.0000000000,18
2450,149,0.5814246260,47074864.0000000000,21
2450,150,0.5831817658,47074864.0000000000,8
2450,151,0.5816336372,47074864.0000000000,11
2450,152,0.5814769555,47074864.0000000000,24
2500,0,0.2168592740,294971600.0000000000,2
2500,1,0.1682537670,248856560.0000000000,4
2500,2,0.1309912650,213231120.0000000000,12
2500,3,0.1291509510,211602144.0000000000,15
2500,4,0.1274689400,211536400.0000000000,16
2500,5,0.1305962340,212948224.0000000000,14
2500,6,0.1726276040,250506864.0000000000,3
2500,7,0.3758225590,437553600.0000000000,19
2500,8,0.2996587340,372246256.0000000000,1
2500,9,0.3556998080,463933952.0000000000,17
2500,10,0.3855264920,487222832.0000000000,21
2500,11,0.3983813050,491817856.0000000000,9
2500,12,0.3687824050,465626960.0000000000,13
2500,13,0.3425447540,445649968.0000000000,8
2500,14,0.3736286540,468805584.0000000000,11
2500,15,0.3957275230,490800352.0000000000,10
2500,16,0.3145474740,424749008.0000000000,0
2500,17,0.2955856500,409813072.0000000000,0
2500,18,0.3179358820,436343280.0000000000,3
2500,19,0.3180240420,436508816.0000000000,5
2500,20,0.3183044740,436634336.0000000000,7
2500,21,0.3556060470,469559200.0000000000,27
2500,22,0.3751269240,490205056.0000000000,18
2500,23,0.3502881400,464382896.0000000000,28
2500,24,0.3174134050,436509120.0000000000,24
2500,25,0.3177257380,436509248.0000000000,25
2500,26,0.3175390480,436346816.0000000000,15
2500,27,0.3177984840,436344656.0000000000,4
2500,28,0.3175406660,436511776.0000000000,22
2500,29,0.3174952540,436509520.0000000000,26
2500,30,0.3178622250,436507088.0000000000,14
2500,31,0.3176800980,436515360.0000000000,23
2500,32,0.3177567230,436507216.0000000000,6
2500,33,0.3176961680,436508608.0000000000,16
2500,34,0.3177591410,436514848.0000000000,20
2500,35,0.3177526130,436344240.0000000000,12
2500,36,0.3171665240,435413360.0000000000,1
2500,37,0.3178906860,436485088.0000000000,34
2500,38,0.3182264150,436530960.0000000000,33
2500,39,0.3181158340,436528384.0000000000,29
2500,40,0.3180399440,436483072.0000000000,30
2500,41,0.3180859130,436506080.0000000000,32
2500,42,0.3180110170,436555744.0000000000,35
2500,43,0.3180693940,436474512.0000000000,31
2500,44,0.3173911380,435399840.0000000000,2
2500,45,0.0821246070,131852960.0000000000,23
2500,46,0.0821780090,132148496.0000000000,26
2500,47,0.0821353930,132129312.0000000000,6
2500,48,0.0821759500,132141296.0000000000,20
2500,49,0.0820510210,132148096.0000000000,25
2500,50,0.0821598590,132144480.0000000000,5
2500,51,0.0822507550,132132736.0000000000,7
2500,52,0.0821571030,132142416.0000000000,22
2500,53,0.0820193910,131860416.0000000000,24
2500,54,0.0206525620,54827568.0000000000,28
2500,55,0.0206038660,54827568.0000000000,18
2500,56,0.0206946650,54827568.0000000000,28
2500,57,0.0206812440,54827568.0000000000,20
2500,58,0.0206773960,54827568.0000000000,27
2500,59,0.0205982810,54827568.0000000000,25
2500,60,0.0206051970,54827568.0000000000,17
2500,61,0.0206148500,54827568.0000000000,35
2500,62,0.0207079500,54827568.0000000000,8
2500,63,0.0205759710,54827568.0000000000,18
2500,64,0.0206599260,54827568.0000000000,29
2500,65,0.0206525360,54827568.0000000000,6
2500,66,0.0206036620,54827568.0000000000,26
2500,67,0.0206755340,54827568.0000000000,31
2500,68,0.0206103210,54827568.0000000000,34
2500,69,0.0206487390,54827568.0000000000,27
2500,70,0.0205939100,54827568.0000000000,27
2500,71,0.0207180190,54827568.0000000000,32
2500,72,0.0206775000,54827568.0000000000,28
2500,73,0.0206982810,54827568.0000000000,32
2500,74,0.0206456790,54827568.0000000000,33
2500,75,0.0205535830,54827568.0000000000,27
2500,76,0.0205787400,54827568.0000000000,35
2500,77,0.0206730320,54827568.0000000000,8
2500,78,0.0206579110,54827568.0000000000,30
2500,79,0.0206657980,54827568.0000000000,34
2500,80,0.0205911440,54827568.0000000000,33
2500,81,0.0206167430,54827568.0000000000,31
2500,82,0.0206682710,54827568.0000000000,29
2500,83,0.0206124340,54827568.0000000000,9
2500,84,0.0206798460,54827568.0000000000,30
2500,85,0.0206002310,54827568.0000000000,29
2500,86,0.0206410980,54827568.0000000000,8
2500,87,0.0206337650,54827568.0000000000,31
2500,88,0.0206816610,54827568.0000000000,5
2500,89,0.0206045480,54827568.0000000000,29
2500,90,0.0206037870,54827568.0000000000,29
2500,91,0.0206813940,54827568.0000000000,17
2500,92,0.0205687380,54827568.0000000000,17
2500,93,0.0206249600,54827568.0000000000,7
2500,94,0.0206308810,54827568.0000000000,34
2500,95,0.0206035450,54827568.0000000000,31
2500,96,0.0206471810,54827568.0000000000,30
2500,97,0.0205881160,54827568.0000000000,21
2500,98,0.0206812860,54827568.0000000000,13
2500,99,0.0205379860,54827568.0000000000,24
2500,100,0.0206042590,54827568.0000000000,11
2500,101,0.0206941250,54827568.0000000000,32
2500,102,0.0206339260,54827568.0000000000,18
2500,103,0.0206705190,54827568.0000000000,32
2500,104,0.0205852400,54827568.0000000000,33
2500,105,0.0206572840,54827568.0000000000,34
2500,106,0.0206681500,54827568.0000000000,19
2500,107,0.0206693710,54827568.0000000000,19
2500,108,0.0206273720,54827568.0000000000,23
2500,109,0.0206592460,54827568.0000000000,35
2500,110,0.0206409470,54827568.0000000000,30
2500,111,0.0206139540,54827568.0000000000,22
2500,112,0.0207094940,54827568.0000000000,28
2500,113,0.0206493240,54827568.0000000000,33
2500,114,0.0206850390,54827568.0000000000,35
2500,115,0.0205808220,54827568.0000000000,21
2500,116,0.0206371930,54827568.0000000000,10
2500,117,0.0177963070,47074864.0000000000,11
2500,118,0.0178749550,47074864.0000000000,35
2500,119,0.0178772110,47074864.0000000000,30
2500,120,0.0178133410,47074864.0000000000,10
2500,121,0.0179333590,47074864.0000000000,5
2500,122,0.0178517160,47074864.0000000000,19
2500,123,0.0178081330,47074864.0000000000,25
2500,124,0.0178789220,47074864.0000000000,23
2500,125,0.0178314120,47074864.0000000000,6
2500,126,0.0178439240,47074864.0000000000,13
2500,127,0.0179122810,47074864.0000000000,28
2500,128,0.0179052530,47074864.0000000000,7
2500,129,0.0178126280,47074864.0000000000,9
2500,130,0.0178128640,47074864.0000000000,17
2500,131,0.0178216610,47074864.0000000000,27
2500,132,0.0178261140,47074864.0000000000,10
2500,133,0.0178120070,47074864.0000000000,9
2500,134,0.0179553020,47074864.0000000000,5
2500,135,0.0178111920,47074864.0000000000,31
2500,136,0.0178460330,47074864.0000000000,8
2500,137,0.0178554480,47074864.0000000000,32
2500,138,0.0178393960,47074864.0000000000,13
2500,139,0.0178200880,47074864.0000000000,26
2500,140,0.0178519390,47074864.0000000000,20
2500,141,0.0178086340,47074864.0000000000,17
2500,142,0.0178241950,47074864.0000000000,19
2500,143,0.0178426730,47074864.0000000000,7
2500,144,0.0178140510,47074864.0000000000,33
2500,145,0.0177962230,47074864.0000000000,22
2500,146,0.0178582840,47074864.0000000000,6
2500,147,0.0178423340,47074864.0000000000,34
2500,148,0.0177916130,47074864.0000000000,18
2500,149,0.0177958800,47074864.0000000000,21
2500,150,0.0178520840,47074864.0000000000,8
2500,151,0.0178109340,47074864.0000000000,11
2500,152,0.0177733870,47074864.0000000000,24
2550,0,6.8913921956,291350112.0000000000,2
2550,1,5.3908603861,247517648.0000000000,4
2550,2,4.2239563776,213020224.0000000000,12
2550,3,4.1624252797,211593136.0000000000,15
2550,4,4.1110065973,211596032.0000000000,16
2550,5,4.2074986931,213134736.0000000000,14
2550,6,5.4956898399,247691712.0000000000,3
2550,7,12.1277929477,439189984.0000000000,19
2550,8,9.6759550547,374015888.0000000000,1
2550,9,11.5109222342,468198896.0000000000,17
2550,10,12.4167486490,488075152.0000000000,21
2550,11,12.7702847607,490377168.0000000000,9
2550,12,11.7490230285,460698768.0000000000,13
2550,13,10.9257000318,441673488.0000000000,8
2550,14,11.9124858207,464167360.0000000000,11
2550,15,12.7248681764,490576944.0000000000,10
2550,16,10.1313626524,425239456.0000000000,0
2550,17,9.4954270657,408897136.0000000000,0
2550,18,10.2332389465,436336352.0000000000,3
2550,19,10.2374315980,436508064.0000000000,5
2550,20,10.2787787242,437927376.0000000000,7
2550,21,11.5471972928,473922384.0000000000,27
2550,22,12.1499796710,493689040.0000000000,18
2550,23,11.3578630230,468812160.0000000000,28
2550,24,10.2178623153,436510352.0000000000,24
2550,25,10.2246296070,436511584.0000000000,25
2550,26,10.2187738624,436343104.0000000000,15
2550,27,10.2275301033,436346112.0000000000,4
2550,28,10.2203548862,436514720.0000000000,22
2550,29,10.2207464559,436506512.0000000000,26
2550,30,10.2302769577,436510800.0000000000,14
2550,31,10.2243948552,436512976.0000000000,23
2550,32,10.2242260415,436509264.0000000000,6
2550,33,10.2235291484,436509936.0000000000,16
2550,34,10.2238220976,436512816.0000000000,20
2550,35,10.2229463365,436344208.0000000000,12
2550,36,10.2060894894,435391744.0000000000,1
2550,37,10.2326885351,436480288.0000000000,34
2550,38,10.2378560242,436537264.0000000000,33
2550,39,10.2373759794,436527984.0000000000,29
2550,40,10.2372258838,436483584.0000000000,30
2550,41,10.2367768689,436507664.0000000000,32
2550,42,10.2353558339,436554880.0000000000,35
2550,43,10.2369850022,436473168.0000000000,31
2550,44,10.2129119737,435377152.0000000000,2
2550,45,2.6497707823,131847584.0000000000,23
2550,46,2.6510847393,132150864.0000000000,26
2550,47,2.6524662989,132127872.0000000000,6
2550,48,2.6541126808,132138368.0000000000,20
2550,49,2.6513426181,132146896.0000000000,25
2550,50,2.6564967808,132145232.0000000000,5
2550,51,2.6555216187,132131936.0000000000,7
2550,52,2.6505098430,132143440.0000000000,22
2550,53,2.6471244043,131856704.0000000000,24
2550,54,0.6748807555,54827568.0000000000,28
2550,55,0.6730557619,54827568.0000000000,18
2550,56,0.6752027858,54827568.0000000000,28
2550,57,0.6742655984,54827568.0000000000,20
2550,58,0.6741135773,54827568.0000000000,27
2550,59,0.6719659947,54827568.0000000000,25
2550,60,0.6728920344,54827568.0000000000,17
2550,61,0.6730905654,54827568.0000000000,35
2550,62,0.6751531495,54827568.0000000000,8
2550,63,0.6726091561,54827568.0000000000,18
2550,64,0.6737304198,54827568.0000000000,29
2550,65,0.6740907049,54827568.0000000000,6
2550,66,0.6727633474,54827568.0000000000,26
2550,67,0.6742475046,54827568.0000000000,31
2550,68,0.6739496158,54827568.0000000000,34
2550,69,0.6740580899,54827568.0000000000,27
2550,70,0.6741836259,54827568.0000000000,27
2550,71,0.6748153610,54827568.0000000000,32
2550,72,0.6751993779,54827568.0000000000,28
2550,73,0.6744472880,54827568.0000000000,32
2550,74,0.6742450391,54827568.0000000000,33
2550,75,0.6737090989,54827568.0000000000,27
2550,76,0.6734601976,54827568.0000000000,35
2550,77,0.6748384748,54827568.0000000000,8
2550,78,0.6744342009,54827568.0000000000,30
2550,79,0.6738789387,54827568.0000000000,34
2550,80,0.6742573179,54827568.0000000000,33
2550,81,0.6740011154,54827568.0000000000,31
2550,82,0.6740319952,54827568.0000000000,29
2550,83,0.6730954764,54827568.0000000000,9
2550,84,0.6744368172,54827568.0000000000,30
2550,85,0.6732761034,54827568.0000000000,29
2550,86,0.6751494202,54827568.0000000000,8
2550,87,0.6739441477,54827568.0000000000,31
2550,88,0.6750625594,54827568.0000000000,5
2550,89,0.6738461060,54827568.0000000000,29
2550,90,0.6736228982,54827568.0000000000,29
2550,91,0.6728160932,54827568.0000000000,17
2550,92,0.6729150767,54827568.0000000000,17
2550,93,0.6753031799,54827568.0000000000,7
2550,94,0.6736556164,54827568.0000000000,34
2550,95,0.6738868833,54827568.0000000000,31
2550,96,0.6744000003,54827568.0000000000,30
2550,97,0.6728383517,54827568.0000000000,21
2550,98,0.6738847973,54827568.0000000000,13
2550,99,0.6728294339,54827568.0000000000,24
2550,100,0.6732409628,54827568.0000000000,11
2550,101,0.6750645097,54827568.0000000000,32
2550,102,0.6723549256,54827568.0000000000,18
2550,103,0.6748224351,54827568.0000000000,32
2550,104,0.6738587933,54827568.0000000000,33
2550,105,0.6735574199,54827568.0000000000,34
2550,106,0.6741734597,54827568.0000000000,19
2550,107,0.6744174904,54827568.0000000000,19
2550,108,0.6742143826,54827568.0000000000,23
2550,109,0.6735612155,54827568.0000000000,35
2550,110,0.6741794240,54827568.0000000000,30
2550,111,0.6724745723,54827568.0000000000,22
2550,112,0.6751994570,54827568.0000000000,28
2550,113,0.6734125661,54827568.0000000000,33
2550,114,0.6733644877,54827568.0000000000,35
2550,115,0.6723511785,54827568.0000000000,21
2550,116,0.6736249293,54827568.0000000000,10
2550,117,0.5815897022,47074864.0000000000,11
2550,118,0.5830329527,47074864.0000000000,35
2550,119,0.5834183364,47074864.0000000000,30
2550,120,0.5823271865,47074864.0000000000,10
2550,121,0.5857477954,47074864.0000000000,5
2550,122,0.5828356421,47074864.0000000000,19
2550,123,0.5817124416,47074864.0000000000,25
2550,124,0.5831749044,47074864.0000000000,23
2550,125,0.5832645920,47074864.0000000000,6
2550,126,0.5832874603,47074864.0000000000,13
2550,127,0.5836545411,47074864.0000000000,28
2550,128,0.5842530630,47074864.0000000000,7
2550,129,0.5813539619,47074864.0000000000,9
2550,130,0.5812975140,47074864.0000000000,17
2550,131,0.5823308788,47074864.0000000000,27
2550,132,0.5823103315,47074864.0000000000,10
2550,133,0.5816817667,47074864.0000000000,9
2550,134,0.5858591971,47074864.0000000000,5
2550,135,0.5823993093,47074864.0000000000,31
2550,136,0.5832214685,47074864.0000000000,8
2550,137,0.5830985219,47074864.0000000000,32
2550,138,0.5829983329,47074864.0000000000,13
2550,139,0.5818933306,47074864.0000000000,26
2550,140,0.5825758358,47074864.0000000000,20
2550,141,0.5812823848,47074864.0000000000,17
2550,142,0.5826821214,47074864.0000000000,19
2550,143,0.5840479949,47074864.0000000000,7
2550,144,0.5824046869,47074864.0000000000,33
2550,145,0.5815629535,47074864.0000000000,22
2550,146,0.5832368505,47074864.0000000000,6
2550,147,0.5822624131,47074864.0000000000,34
2550,148,0.5815896502,47074864.0000000000,18
2550,149,0.5815832788,47074864.0000000000,21
2550,150,0.5831648774,47074864.0000000000,8
2550,151,0.5817277435,47074864.0000000000,11
2550,152,0.5815164310,47074864.0000000000,24
2600,0,0.2070422760,287074000.0000000000,2
2600,1,0.1655072770,245632608.0000000000,4
2600,2,0.1303578970,212820720.0000000000,12
2600,3,0.1293528430,211590928.0000000000,15
2600,4,0.1275199710,211622592.0000000000,16
2600,5,0.1308084660,213204000.0000000000,14
2600,6,0.1664919110,245202096.0000000000,3
2600,7,0.3782352980,439474096.0000000000,19
2600,8,0.3016141980,375944496.0000000000,1
2600,9,0.3624033800,472698848.0000000000,17
2600,10,0.3872634270,488696528.0000000000,21
2600,11,0.3951762190,488490656.0000000000,9
2600,12,0.3603799220,457170560.0000000000,13
2600,13,0.3360715050,438989728.0000000000,8
2600,14,0.3634401630,459361136.0000000000,11
2600,15,0.3967762890,490626992.0000000000,10
2600,16,0.3153683860,425947856.0000000000,0
2600,17,0.2935489370,408091088.0000000000,0
2600,18,0.3180046170,436333088.0000000000,3
2600,19,0.3179644580,436505744.0000000000,5
2600,20,0.3223286000,439618128.0000000000,7
2600,21,0.3645039270,476658320.0000000000,27
2600,22,0.3821963580,496072736.0000000000,18
2600,23,0.3606387290,473133568.0000000000,28
2600,24,0.3175266430,436509360.0000000000,24
2600,25,0.3175635750,436511392.0000000000,25
2600,26,0.3174480550,436337760.0000000000,15
2600,27,0.3178317020,436342160.0000000000,4
2600,28,0.3175461370,436513008.0000000000,22
2600,29,0.3175863880,436502576.0000000000,26
2600,30,0.3177557090,436513664.0000000000,14
2600,31,0.3176251010,436510464.0000000000,23
2600,32,0.3175810560,436507216.0000000000,6
2600,33,0.3176968050,436509584.0000000000,16
2600,34,0.3176786270,436506480.0000000000,20
2600,35,0.3177605390,436344096.0000000000,12
2600,36,0.3171489610,435368560.0000000000,1
2600,37,0.3179404360,436484160.0000000000,34
2600,38,0.3180897850,436537008.0000000000,33
2600,39,0.3181619090,436525936.0000000000,29
2600,40,0.3179688960,436485344.0000000000,30
2600,41,0.3179533430,436503968.0000000000,32
2600,42,0.3181818040,436558704.0000000000,35
2600,43,0.3180689690,436468912.0000000000,31
2600,44,0.3173761610,435349248.0000000000,2
2600,45,0.0821458380,131840064.0000000000,23
2600,46,0.0820588890,132154656.0000000000,26
2600,47,0.0821563830,132127760.0000000000,6
2600,48,0.0821365970,132139328.0000000000,20
2600,49,0.0821432810,132147200.0000000000,25
2600,50,0.0822004980,132147360.0000000000,5
2600,51,0.0822184620,132133056.0000000000,7
2600,52,0.0820408450,132141984.0000000000,22
2600,53,0.0819876000,131853152.0000000000,24
2600,54,0.0206192970,54827568.0000000000,28
2600,55,0.0205876850,54827568.0000000000,18
2600,56,0.0206476920,54827568.0000000000,28
2600,57,0.0205938580,54827568.0000000000,20
2600,58,0.0206010390,54827568.0000000000,27
2600,59,0.0205947540,54827568.0000000000,25
2600,60,0.0206351690,54827568.0000000000,17
2600,61,0.0205876780,54827568.0000000000,35
2600,62,0.0206718500,54827568.0000000000,8
2600,63,0.0205301740,54827568.0000000000,18
2600,64,0.0206390960,54827568.0000000000,29
2600,65,0.0206512060,54827568.0000000000,6
2600,66,0.0206220960,54827568.0000000000,26
2600,67,0.0206116820,54827568.0000000000,31
2600,68,0.0206188590,54827568.0000000000,34
2600,69,0.0206650500,54827568.0000000000,27
2600,70,0.0207048470,54827568.0000000000,27
2600,71,0.0207023990,54827568.0000000000,32
2600,72,0.0207237590,54827568.0000000000,28
2600,73,0.0206621130,54827568.0000000000,32
2600,74,0.0206310220,54827568.0000000000,33
2600,75,0.0206392610,54827568.0000000000,27
2600,76,0.0206381570,54827568.0000000000,35
2600,77,0.0207166670,54827568.0000000000,8
2600,78,0.0206807870,54827568.0000000000,30
2600,79,0.0206262010,54827568.0000000000,34
2600,80,0.0205514480,54827568.0000000000,33
2600,81,0.0206674290,54827568.0000000000,31
2600,82,0.0206485910,54827568.0000000000,29
2600,83,0.0206870690,54827568.0000000000,9
2600,84,0.0205721160,54827568.0000000000,30
2600,85,0.0206593250,54827568.0000000000,29
2600,86,0.0206767490,54827568.0000000000,8
2600,87,0.0206159590,54827568.0000000000,31
2600,88,0.0206629090,54827568.0000000000,5
2600,89,0.0205833770,54827568.0000000000,29
2600,90,0.0206031640,54827568.0000000000,29
2600,91,0.0206565490,54827568.0000000000,17
2600,92,0.0206413800,54827568.0000000000,17
2600,93,0.0207458880,54827568.0000000000,7
2600,94,0.0205699630,54827568.0000000000,34
2600,95,0.0206603650,54827568.0000000000,31
2600,96,0.0205988190,54827568.0000000000,30
2600,97,0.0206051510,54827568.0000000000,21
2600,98,0.0206491330,54827568.0000000000,13
2600,99,0.0205824900,54827568.0000000000,24
2600,100,0.0205981770,54827568.0000000000,11
2600,101,0.0207286110,54827568.0000000000,32
2600,102,0.0206200100,54827568.0000000000,18
2600,103,0.0206313210,54827568.0000000000,32
2600,104,0.0206257990,54827568.0000000000,33
2600,105,0.0206550780,54827568.0000000000,34
2600,106,0.0206238360,54827568.0000000000,19
2600,107,0.0205572040,54827568.0000000000,19
2600,108,0.0206204100,54827568.0000000000,23
2600,109,0.0206258130,54827568.0000000000,35
2600,110,0.0206357880,54827568.0000000000,30
2600,111,0.0206012540,54827568.0000000000,22
2600,112,0.0205769440,54827568.0000000000,28
2600,113,0.0206281040,54827568.0000000000,33
2600,114,0.0205326800,54827568.0000000000,35
2600,115,0.0205801210,54827568.0000000000,21
2600,116,0.0206399170,54827568.0000000000,10
2600,117,0.0177931800,47074864.0000000000,11
2600,118,0.0178435360,47074864.0000000000,35
2600,119,0.0178833460,47074864.0000000000,30
2600,120,0.0178314620,47074864.0000000000,10
2600,121,0.0179527080,47074864.0000000000,5
2600,122,0.0178483130,47074864.0000000000,19
2600,123,0.0177930660,47074864.0000000000,25
2600,124,0.0178699270,47074864.0000000000,23
2600,125,0.0178369250,47074864.0000000000,6
2600,126,0.0178487030,47074864.0000000000,13
2600,127,0.0178591270,47074864.0000000000,28
2600,128,0.0178752370,47074864.0000000000,7
2600,129,0.0178172660,47074864.0000000000,9
2600,130,0.0177782950,47074864.0000000000,17
2600,131,0.0178331420,47074864.0000000000,27
2600,132,0.0178302220,47074864.0000000000,10
2600,133,0.0177967570,47074864.0000000000,9
2600,134,0.0179385640,47074864.0000000000,5
2600,135,0.0178315930,47074864.0000000000,31
2600,136,0.0178611200,47074864.0000000000,8
2600,137,0.0178540570,47074864.0000000000,32
2600,138,0.0178508480,47074864.0000000000,13
2600,139,0.0178490060,47074864.0000000000,26
2600,140,0.0178421430,47074864.0000000000,20
2600,141,0.0177789170,47074864.0000000000,17
2600,142,0.0177944860,47074864.0000000000,19
2600,143,0.0178363250,47074864.0000000000,7
2600,144,0.0178239390,47074864.0000000000,33
2600,145,0.0177979680,47074864.0000000000,22
2600,146,0.0178404100,47074864.0000000000,6
2600,147,0.0178400190,47074864.0000000000,34
2600,148,0.0178242550,47074864.0000000000,18
2600,149,0.0177736690,47074864.0000000000,21
2600,150,0.0178719820,47074864.0000000000,8
2600,151,0.0177855250,47074864.0000000000,11
2600,152,0.0177987870,47074864.0000000000,24
2650,0,6.6073107710,283419248.0000000000,2
2650,1,5.2759053768,243343808.0000000000,4
2650,2,4.1922011041,212676832.0000000000,12
2650,3,4.1600960102,211612032.0000000000,15
2650,4,4.1064276263,211640336.0000000000,16
2650,5,4.2049052677,213239200.0000000000,14
2650,6,5.2932160759,243287104.0000000000,3
2650,7,12.1553225664,439361600.0000000000,19
2650,8,9.6522095176,377570576.0000000000,1
2650,9,11.6775727779,476781472.0000000000,17
2650,10,12.4429151848,489074800.0000000000,21
2650,11,12.6632712606,487113072.0000000000,9
2650,12,11.5216570385,454551648.0000000000,13
2650,13,10.7686762615,437183504.0000000000,8
2650,14,11.5883622419,455114240.0000000000,11
2650,15,12.7696127581,490685984.0000000000,10
2650,16,10.1344784449,426648672.0000000000,0
2650,17,9.4131432296,407486016.0000000000,0
2650,18,10.2332968162,436332336.0000000000,3
2650,19,10.2372685190,436509344.0000000000,5
2650,20,10.4086981055,441181984.0000000000,7
2650,21,11.7725228474,478927328.0000000000,27
2650,22,12.3163711717,497160592.0000000000,18
2650,23,11.6790007685,476972816.0000000000,28
2650,24,10.2206923978,436596480.0000000000,24
2650,25,10.2243666262,436509824.0000000000,25
2650,26,10.2185462065,436331936.0000000000,15
2650,27,10.2288261381,436338784.0000000000,4
2650,28,10.2212292010,436510560.0000000000,22
2650,29,10.2212538955,436504672.0000000000,26
2650,30,10.2296456203,436517296.0000000000,14
2650,31,10.2239722584,436510320.0000000000,23
2650,32,10.2238908574,436512272.0000000000,6
2650,33,10.2230236081,436509904.0000000000,16
2650,34,10.2220972177,436507760.0000000000,20
2650,35,10.2225291695,436338800.0000000000,12
2650,36,10.2046456803,435348736.0000000000,1
2650,37,10.2324373200,436485328.0000000000,34
2650,38,10.2383375389,436536560.0000000000,33
2650,39,10.2377385294,436526928.0000000000,29
2650,40,10.2367619752,436482176.0000000000,30
2650,41,10.2355707470,436497936.0000000000,32
2650,42,10.2361306581,436553808.0000000000,35
2650,43,10.2373064802,436473856.0000000000,31
2650,44,10.2119396429,435327808.0000000000,2
2650,45,2.6496740856,131835968.0000000000,23
2650,46,2.6514219433,132155536.0000000000,26
2650,47,2.6532786988,132126192.0000000000,6
2650,48,2.6533229513,132139104.0000000000,20
2650,49,2.6520096761,132148272.0000000000,25
2650,50,2.6573086016,132149248.0000000000,5
2650,51,2.6558873675,132133920.0000000000,7
2650,52,2.6512832444,132141872.0000000000,22
2650,53,2.6469894287,131850176.0000000000,24
2650,54,0.6750894108,54827568.0000000000,28
2650,55,0.6734241389,54827568.0000000000,18
2650,56,0.6749096554,54827568.0000000000,28
2650,57,0.6741226166,54827568.0000000000,20
2650,58,0.6738562761,54827568.0000000000,27
2650,59,0.6721005324,54827568.0000000000,25
2650,60,0.6728710565,54827568.0000000000,17
2650,61,0.6732552996,54827568.0000000000,35
2650,62,0.6751178705,54827568.0000000000,8
2650,63,0.6724552665,54827568.0000000000,18
2650,64,0.6737071572,54827568.0000000000,29
2650,65,0.6741536083,54827568.0000000000,6
2650,66,0.6726437560,54827568.0000000000,26
2650,67,0.6739117644,54827568.0000000000,31
2650,68,0.6740771946,54827568.0000000000,34
2650,69,0.6740179573,54827568.0000000000,27
2650,70,0.6741164170,54827568.0000000000,27
2650,71,0.6749292710,54827568.0000000000,32
2650,72,0.6749176905,54827568.0000000000,28
2650,73,0.6748858765,54827568.0000000000,32
2650,74,0.6738582953,54827568.0000000000,33
2650,75,0.6740010573,54827568.0000000000,27
2650,76,0.6734626596,54827568.0000000000,35
2650,77,0.6749855961,54827568.0000000000,8
2650,78,0.6751013973,54827568.0000000000,30
2650,79,0.6736392302,54827568.0000000000,34
2650,80,0.6739904353,54827568.0000000000,33
2650,81,0.6742180733,54827568.0000000000,31
2650,82,0.6741509137,54827568.0000000000,29
2650,83,0.6735729772,54827568.0000000000,9
2650,84,0.6745321619,54827568.0000000000,30
2650,85,0.6739122149,54827568.0000000000,29
2650,86,0.6750307627,54827568.0000000000,8
2650,87,0.6739729920,54827568.0000000000,31
2650,88,0.6750680182,54827568.0000000000,5
2650,89,0.6736316124,54827568.0000000000,29
2650,90,0.6738133446,54827568.0000000000,29
2650,91,0.6728119748,54827568.0000000000,17
2650,92,0.6730951086,54827568.0000000000,17
2650,93,0.6751492891,54827568.0000000000,7
2650,94,0.6737884983,54827568.0000000000,34
2650,95,0.6742599140,54827568.0000000000,31
2650,96,0.6745459545,54827568.0000000000,30
2650,97,0.6727610899,54827568.0000000000,21
2650,98,0.6735746243,54827568.0000000000,13
2650,99,0.6732172407,54827568.0000000000,24
2650,100,0.6734965281,54827568.0000000000,11
2650,101,0.6751413058,54827568.0000000000,32
2650,102,0.6730207033,54827568.0000000000,18
2650,103,0.6744823089,54827568.0000000000,32
2650,104,0.6738280866,54827568.0000000000,33
2650,105,0.6740085445,54827568.0000000000,34
2650,106,0.6745920521,54827568.0000000000,19
2650,107,0.6748744664,54827568.0000000000,19
2650,108,0.6737977719,54827568.0000000000,23
2650,109,0.6731647573,54827568.0000000000,35
2650,110,0.6743088316,54827568.0000000000,30
2650,111,0.6724997971,54827568.0000000000,22
2650,112,0.6749412772,54827568.0000000000,28
2650,113,0.6739374515,54827568.0000000000,33
2650,114,0.6730386929,54827568.0000000000,35
2650,115,0.6723476627,54827568.0000000000,21
2650,116,0.6739445178,54827568.0000000000,10
2650,117,0.5816188411,47074864.0000000000,11
2650,118,0.5832755084,47074864.0000000000,35
2650,119,0.5833374334,47074864.0000000000,30
2650,120,0.5822408763,47074864.0000000000,10
2650,121,0.5856277508,47074864.0000000000,5
2650,122,0.5828600210,47074864.0000000000,19
2650,123,0.5818841104,47074864.0000000000,25
2650,124,0.5832437986,47074864.0000000000,23
2650,125,0.5832491041,47074864.0000000000,6
2650,126,0.5833061768,47074864.0000000000,13
2650,127,0.5833736363,47074864.0000000000,28
2650,128,0.5844402913,47074864.0000000000,7
2650,129,0.5812434367,47074864.0000000000,9
2650,130,0.5812838456,47074864.0000000000,17
2650,131,0.5823030763,47074864.0000000000,27
2650,132,0.5825643977,47074864.0000000000,10
2650,133,0.5816810752,47074864.0000000000,9
2650,134,0.5857493687,47074864.0000000000,5
2650,135,0.5822563357,47074864.0000000000,31
2650,136,0.5830869722,47074864.0000000000,8
2650,137,0.5830290191,47074864.0000000000,32
2650,138,0.5830357268,47074864.0000000000,13
2650,139,0.5818046280,47074864.0000000000,26
2650,140,0.5826116568,47074864.0000000000,20
2650,141,0.5813913566,47074864.0000000000,17
2650,142,0.5826729835,47074864.0000000000,19
2650,143,0.5840624795,47074864.0000000000,7
2650,144,0.5825502684,47074864.0000000000,33
2650,145,0.5815593995,47074864.0000000000,22
2650,146,0.5832197944,47074864.0000000000,6
2650,147,0.5821950203,47074864.0000000000,34
2650,148,0.5816095121,47074864.0000000000,18
2650,149,0.5812355026,47074864.0000000000,21
2650,150,0.5832443895,47074864.0000000000,8
2650,151,0.5816524320,47074864.0000000000,11
2650,152,0.5815167980,47074864.0000000000,24
2700,0,0.2005907970,279854816.0000000000,2
2700,1,0.1595406170,240527888.0000000000,4
2700,2,0.1299048210,212583232.0000000000,12
2700,3,0.1289798550,211737376.0000000000,15
2700,4,0.1273537220,211760080.0000000000,16
2700,5,0.1304339510,213250784.0000000000,14
2700,6,0.1609081620,240524768.0000000000,3
2700,7,0.3794292450,440199712.0000000000,19
2700,8,0.3053181810,378422688.0000000000,1
2700,9,0.3719523910,480403312.0000000000,17
2700,10,0.3884220020,489418368.0000000000,21
2700,11,0.3924418730,485985504.0000000000,9
2700,12,0.3546750010,452224688.0000000000,13
2700,13,0.3332266160,435941872.0000000000,8
2700,14,0.3541351740,451008208.0000000000,11
2700,15,0.3979380260,490465872.0000000000,10
2700,16,0.3174560930,427293664.0000000000,0
2700,17,0.2924917510,406949456.0000000000,0
2700,18,0.3181307390,436323472.0000000000,3
2700,19,0.3180435750,436509936.0000000000,5
2700,20,0.3262738230,442664528.0000000000,7
2700,21,0.3690944820,480533856.0000000000,27
2700,22,0.3846356550,497920960.0000000000,18
2700,23,0.3687636560,479966800.0000000000,28
2700,24,0.3188478710,437062624.0000000000,24
2700,25,0.3176543500,436510016.0000000000,25
2700,26,0.3177278500,436324960.0000000000,15
2700,27,0.3176918920,436332976.0000000000,4
2700,28,0.3175865850,436512928.0000000000,22
2700,29,0.3175612120,436508752.0000000000,26
2700,30,0.3180058300,436509792.0000000000,14
2700,31,0.3175430100,436509232.0000000000,23
2700,32,0.3175547670,436511952.0000000000,6
2700,33,0.3175432350,436511792.0000000000,16
2700,34,0.3175845320,436510560.0000000000,20
2700,35,0.3177023010,436330128.0000000000,12
2700,36,0.3169051280,435324960.0000000000,1
2700,37,0.3178608950,436484880.0000000000,34
2700,38,0.3181087310,436544512.0000000000,33
2700,39,0.3181133370,436524416.0000000000,29
2700,40,0.3181785010,436484496.0000000000,30
2700,41,0.3181719120,436497008.0000000000,32
2700,42,0.3179277640,436555792.0000000000,35
2700,43,0.3181551170,436474000.0000000000,31
2700,44,0.3174938990,435302336.0000000000,2
2700,45,0.0820245530,131831632.0000000000,23
2700,46,0.0821251450,132156320.0000000000,26
2700,47,0.0821546780,132122576.0000000000,6
2700,48,0.0823034230,132135888.0000000000,20
2700,49,0.0822338260,132148192.0000000000,25
2700,50,0.0822729460,132151264.0000000000,5
2700,51,0.0822209370,132133536.0000000000,7
2700,52,0.0820408650,132143136.0000000000,22
2700,53,0.0821037160,131845936.0000000000,24
2700,54,0.0206727210,54827568.0000000000,28
2700,55,0.0206154080,54827568.0000000000,18
2700,56,0.0206624400,54827568.0000000000,28
2700,57,0.0206153460,54827568.0000000000,20
2700,58,0.0206130080,54827568.0000000000,27
2700,59,0.0205789640,54827568.0000000000,25
2700,60,0.0205891570,54827568.0000000000,17
2700,61,0.0205901070,54827568.0000000000,35
2700,62,0.0206299480,54827568.0000000000,8
2700,63,0.0205779950,54827568.0000000000,18
2700,64,0.0206117030,54827568.0000000000,29
2700,65,0.0206649850,54827568.0000000000,6
2700,66,0.0206188800,54827568.0000000000,26
2700,67,0.0205687890,54827568.0000000000,31
2700,68,0.0205897730,54827568.0000000000,34
2700,69,0.0206183810,54827568.0000000000,27
2700,70,0.0206176810,54827568.0000000000,27
2700,71,0.0206588460,54827568.0000000000,32
2700,72,0.0206866170,54827568.0000000000,28
2700,73,0.0206654880,54827568.0000000000,32
2700,74,0.0206477250,54827568.0000000000,33
2700,75,0.0205729810,54827568.0000000000,27
2700,76,0.0205872180,54827568.0000000000,35
2700,77,0.0206729610,54827568.0000000000,8
2700,78,0.0206197880,54827568.0000000000,30
2700,79,0.0206488680,54827568.0000000000,34
2700,80,0.0206314520,54827568.0000000000,33
2700,81,0.0207127380,54827568.0000000000,31
2700,82,0.0206460000,54827568.0000000000,29
2700,83,0.0206335520,54827568.0000000000,9
2700,84,0.0206809970,54827568.0000000000,30
2700,85,0.0206268330,54827568.0000000000,29
2700,86,0.0206743020,54827568.0000000000,8
2700,87,0.0206465000,54827568.0000000000,31
2700,88,0.0206173410,54827568.0000000000,5
2700,89,0.0206195370,54827568.0000000000,29
2700,90,0.0206857260,54827568.0000000000,29
2700,91,0.0205599010,54827568.0000000000,17
2700,92,0.0205085290,54827568.0000000000,17
2700,93,0.0206205580,54827568.0000000000,7
2700,94,0.0206055340,54827568.0000000000,34
2700,95,0.0205830980,54827568.0000000000,31
2700,96,0.0206271510,54827568.0000000000,30
2700,97,0.0206018590,54827568.0000000000,21
2700,98,0.0205938250,54827568.0000000000,13
2700,99,0.0206416070,54827568.0000000000,24
2700,100,0.0205754420,54827568.0000000000,11
2700,101,0.0207447530,54827568.0000000000,32
2700,102,0.0205990460,54827568.0000000000,18
2700,103,0.0205572290,54827568.0000000000,32
2700,104,0.0206030970,54827568.0000000000,33
2700,105,0.0206424740,54827568.0000000000,34
2700,106,0.0207359210,54827568.0000000000,19
2700,107,0.0206851320,54827568.0000000000,19
2700,108,0.0205894660,54827568.0000000000,23
2700,109,0.0205735700,54827568.0000000000,35
2700,110,0.0206429520,54827568.0000000000,30
2700,111,0.0205741060,54827568.0000000000,22
2700,112,0.0206634120,54827568.0000000000,28
2700,113,0.0205978680,54827568.0000000000,33
2700,114,0.0206139280,54827568.0000000000,35
2700,115,0.0205724730,54827568.0000000000,21
2700,116,0.0206622180,54827568.0000000000,10
2700,117,0.0178070270,47074864.0000000000,11
2700,118,0.0178462840,47074864.0000000000,35
2700,119,0.0178594080,47074864.0000000000,30
2700,120,0.0178356820,47074864.0000000000,10
2700,121,0.0179260300,47074864.0000000000,5
2700,122,0.0178577380,47074864.0000000000,19
2700,123,0.0177873940,47074864.0000000000,25
2700,124,0.0178756160,47074864.0000000000,23
2700,125,0.0178400830,47074864.0000000000,6
2700,126,0.0178324610,47074864.0000000000,13
2700,127,0.0179096750,47074864.0000000000,28
2700,128,0.0178903180,47074864.0000000000,7
2700,129,0.0178088310,47074864.0000000000,9
2700,130,0.0178119710,47074864.0000000000,17
2700,131,0.0178114020,47074864.0000000000,27
2700,132,0.0178269950,47074864.0000000000,10
2700,133,0.0177956250,47074864.0000000000,9
2700,134,0.0179150960,47074864.0000000000,5
2700,135,0.0178257830,47074864.0000000000,31
2700,136,0.0178454290,47074864.0000000000,8
2700,137,0.0180267120,47074864.0000000000,32
2700,138,0.0178216610,47074864.0000000000,13
2700,139,0.0178219620,47074864.0000000000,26
2700,140,0.0178510470,47074864.0000000000,20
2700,141,0.0177808690,47074864.0000000000,17
2700,142,0.0178214300,47074864.0000000000,19
2700,143,0.0178864320,47074864.0000000000,7
2700,144,0.0180110020,47074864.0000000000,33
2700,145,0.0177761330,47074864.0000000000,22
2700,146,0.0178648900,47074864.0000000000,6
2700,147,0.0178116270,47074864.0000000000,34
2700,148,0.0178153370,47074864.0000000000,18
2700,149,0.0178226320,47074864.0000000000,21
2700,150,0.0178435460,47074864.0000000000,8
2700,151,0.0177977370,47074864.0000000000,11
2700,152,0.0177846300,47074864.0000000000,24
2750,0,6.3918269852,276796624.0000000000,2
2750,1,5.0973292279,238114784.0000000000,4
2750,2,4.1941622572,212690320.0000000000,12
2750,3,4.1571184421,211849072.0000000000,15
2750,4,4.1054185299,211772832.0000000000,16
2750,5,4.2008790426,213191568.0000000000,14
2750,6,5.1361953694,238458928.0000000000,3
2750,7,12.2467489961,441919312.0000000000,19
2750,8,9.8524065268,378379616.0000000000,1
2750,9,12.0589917011,483531040.0000000000,17
2750,10,12.5183018468,489840432.0000000000,21
2750,11,12.5901618567,484692240.0000000000,9
2750,12,11.3355309842,448736800.0000000000,13
2750,13,10.3651188832,419514480.0000000000,8
2750,14,11.2795463029,446077728.0000000000,11
2750,15,12.7731067696,489695536.0000000000,10
2750,16,10.2476660566,428368656.0000000000,0
2750,17,9.4196499627,406573104.0000000000,0
2750,18,10.2316920359,436316816.0000000000,3
2750,19,10.2374042918,436509616.0000000000,5
2750,20,10.5302000470,444046720.0000000000,7
2750,21,11.9419996493,485756528.0000000000,27
2750,22,12.7046568725,517037120.0000000000,18
2750,23,11.9579923582,486378352.0000000000,28
2750,24,10.2774644680,437931744.0000000000,24
2750,25,10.2244088966,436511552.0000000000,25
2750,26,10.2183872224,436318912.0000000000,15
2750,27,10.2279667400,436328384.0000000000,4
2750,28,10.2199711918,436507216.0000000000,22
2750,29,10.2219131380,436510800.0000000000,26
2750,30,10.2276873457,436509296.0000000000,14
2750,31,10.2240474435,436510080.0000000000,23
2750,32,10.2234573200,436509984.0000000000,6
2750,33,10.2230814505,436514352.0000000000,16
2750,34,10.2237843722,436509456.0000000000,20
2750,35,10.2237947823,436328416.0000000000,12
2750,36,10.2036222468,435301856.0000000000,1
2750,37,10.2325835300,436482752.0000000000,34
2750,38,10.2381052178,436547200.0000000000,33
2750,39,10.2382460123,436521840.0000000000,29
2750,40,10.2367325512,436486608.0000000000,30
2750,41,10.2367804426,436500720.0000000000,32
2750,42,10.2352643951,436554016.0000000000,35
2750,43,10.2374565791,436473616.0000000000,31
2750,44,10.2103239003,435278208.0000000000,2
2750,45,2.6500090696,131828416.0000000000,23
2750,46,2.6519917302,132156208.0000000000,26
2750,47,2.6521324467,132124000.0000000000,6
2750,48,2.6535990129,132135648.0000000000,20
2750,49,2.6512902212,132144592.0000000000,25
2750,50,2.6569999036,132150752.0000000000,5
2750,51,2.6549997504,132134288.0000000000,7
2750,52,2.6517371016,132144032.0000000000,22
2750,53,2.6472111847,131840512.0000000000,24
2750,54,0.6748613495,54827568.0000000000,28
2750,55,0.6729822950,54827568.0000000000,18
2750,56,0.6751793794,54827568.0000000000,28
2750,57,0.6740297118,54827568.0000000000,20
2750,58,0.6743641676,54827568.0000000000,27
2750,59,0.6719086768,54827568.0000000000,25
2750,60,0.6726345283,54827568.0000000000,17
2750,61,0.6735043229,54827568.0000000000,35
2750,62,0.6754110111,54827568.0000000000,8
2750,63,0.6727959907,54827568.0000000000,18
2750,64,0.6736005101,54827568.0000000000,29
2750,65,0.6739873505,54827568.0000000000,6
2750,66,0.6728929612,54827568.0000000000,26
2750,67,0.6742496665,54827568.0000000000,31
2750,68,0.6738280659,54827568.0000000000,34
2750,69,0.6739647888,54827568.0000000000,27
2750,70,0.6740048906,54827568.0000000000,27
2750,71,0.6748943651,54827568.0000000000,32
2750,72,0.6753372146,54827568.0000000000,28
2750,73,0.6747318149,54827568.0000000000,32
2750,74,0.6743088196,54827568.0000000000,33
2750,75,0.6737944580,54827568.0000000000,27
2750,76,0.6736168778,54827568.0000000000,35
2750,77,0.6751955043,54827568.0000000000,8
2750,78,0.6744542867,54827568.0000000000,30
2750,79,0.6738629771,54827568.0000000000,34
2750,80,0.6741210503,54827568.0000000000,33
2750,81,0.6743033621,54827568.0000000000,31
2750,82,0.6738446014,54827568.0000000000,29
2750,83,0.6736045335,54827568.0000000000,9
2750,84,0.6745752363,54827568.0000000000,30
2750,85,0.6737473934,54827568.0000000000,29
2750,86,0.6751757613,54827568.0000000000,8
2750,87,0.6741890314,54827568.0000000000,31
2750,88,0.6752399033,54827568.0000000000,5
2750,89,0.6738978167,54827568.0000000000,29
2750,90,0.6739803010,54827568.0000000000,29
2750,91,0.6727643589,54827568.0000000000,17
2750,92,0.6728538170,54827568.0000000000,17
2750,93,0.6752841997,54827568.0000000000,7
2750,94,0.6739411857,54827568.0000000000,34
2750,95,0.6736048914,54827568.0000000000,31
2750,96,0.6746562378,54827568.0000000000,30
2750,97,0.6730116384,54827568.0000000000,21
2750,98,0.6735626277,54827568.0000000000,13
2750,99,0.6729238204,54827568.0000000000,24
2750,100,0.6730334436,54827568.0000000000,11
2750,101,0.6749604912,54827568.0000000000,32
2750,102,0.6728368881,54827568.0000000000,18
2750,103,0.6747089435,54827568.0000000000,32
2750,104,0.6739036851,54827568.0000000000,33
2750,105,0.6738234255,54827568.0000000000,34
2750,106,0.6744149857,54827568.0000000000,19
2750,107,0.6746098582,54827568.0000000000,19
2750,108,0.6740575548,54827568.0000000000,23
2750,109,0.6737818136,54827568.0000000000,35
2750,110,0.6741131798,54827568.0000000000,30
2750,111,0.6727461223,54827568.0000000000,22
2750,112,0.6754281775,54827568.0000000000,28
2750,113,0.6737148039,54827568.0000000000,33
2750,114,0.6730522655,54827568.0000000000,35
2750,115,0.6719168743,54827568.0000000000,21
2750,116,0.6739190862,54827568.0000000000,10
2750,117,0.5815841734,47074864.0000000000,11
2750,118,0.5832381693,47074864.0000000000,35
2750,119,0.5834122576,47074864.0000000000,30
2750,120,0.5824332625,47074864.0000000000,10
2750,121,0.5857638341,47074864.0000000000,5
2750,122,0.5830471799,47074864.0000000000,19
2750,123,0.5816744147,47074864.0000000000,25
2750,124,0.5832362945,47074864.0000000000,23
2750,125,0.5833601354,47074864.0000000000,6
2750,126,0.5832489247,47074864.0000000000,13
2750,127,0.5834913694,47074864.0000000000,28
2750,128,0.5842615856,47074864.0000000000,7
2750,129,0.5814262960,47074864.0000000000,9
2750,130,0.5811830835,47074864.0000000000,17
2750,131,0.5822985649,47074864.0000000000,27
2750,132,0.5824997024,47074864.0000000000,10
2750,133,0.5818850451,47074864.0000000000,9
2750,134,0.5858066425,47074864.0000000000,5
2750,135,0.5824653346,47074864.0000000000,31
2750,136,0.5830797691,47074864.0000000000,8
2750,137,0.5830630191,47074864.0000000000,32
2750,138,0.5830413415,47074864.0000000000,13
2750,139,0.5818262758,47074864.0000000000,26
2750,140,0.5826286464,47074864.0000000000,20
2750,141,0.5813258564,47074864.0000000000,17
2750,142,0.5826937745,47074864.0000000000,19
2750,143,0.5841598635,47074864.0000000000,7
2750,144,0.5823601019,47074864.0000000000,33
2750,145,0.5815670691,47074864.0000000000,22
2750,146,0.5835520490,47074864.0000000000,6
2750,147,0.5821147139,47074864.0000000000,34
2750,148,0.5817651880,47074864.0000000000,18
2750,149,0.5812636440,47074864.0000000000,21
2750,150,0.5832176015,47074864.0000000000,8
2750,151,0.5816930474,47074864.0000000000,11
2750,152,0.5812342697,47074864.0000000000,24
2800,0,0.1939680500,273880512.0000000000,2
2800,1,0.1541190170,235713584.0000000000,4
2800,2,0.1298318940,212614960.0000000000,12
2800,3,0.1292778670,211916736.0000000000,15
2800,4,0.1276705140,211764352.0000000000,16
2800,5,0.1307041380,213011008.0000000000,14
2800,6,0.1574434290,237149296.0000000000,3
2800,7,0.3846593980,444208224.0000000000,19
2800,8,0.3063045620,377455376.0000000000,1
2800,9,0.3800784070,486038144.0000000000,17
2800,10,0.3914908410,490442256.0000000000,21
2800,11,0.3898920100,483277424.0000000000,9
2800,12,0.3356488210,435982832.0000000000,13
2800,13,0.3095132670,413136416.0000000000,8
2800,14,0.3346040810,433984944.0000000000,11
2800,15,0.3952458290,488127392.0000000000,10
2800,16,0.3213711170,429956400.0000000000,0
2800,17,0.2923116780,406287200.0000000000,0
2800,18,0.3179061900,436305280.0000000000,3
2800,19,0.3181966100,436509136.0000000000,5
2800,20,0.3300215680,445352752.0000000000,7
2800,21,0.3889352780,497737616.0000000000,27
2800,22,0.4085576230,520220944.0000000000,18
2800,23,0.3887935730,496960672.0000000000,28
2800,24,0.3212843700,438969984.0000000000,24
2800,25,0.3175588280,436509968.0000000000,25
2800,26,0.3176641780,436312608.0000000000,15
2800,27,0.3178496150,436318800.0000000000,4
2800,28,0.3174916610,436509856.0000000000,22
2800,29,0.3176181240,436510352.0000000000,26
2800,30,0.3179334260,436511024.0000000000,14
2800,31,0.3176125360,436507456.0000000000,23
2800,32,0.3178603690,436511248.0000000000,6
2800,33,0.3176131160,436514880.0000000000,16
2800,34,0.3176191890,436507472.0000000000,20
2800,35,0.3176563930,436320560.0000000000,12
2800,36,0.3170016010,435276656.0000000000,1
2800,37,0.3179732430,436488192.0000000000,34
2800,38,0.3182377260,436542272.0000000000,33
2800,39,0.3180615470,436525232.0000000000,29
2800,40,0.3179023600,436486112.0000000000,30
2800,41,0.3181469310,436506128.0000000000,32
2800,42,0.3179657300,436551712.0000000000,35
2800,43,0.3182084610,436476128.0000000000,31
2800,44,0.3171779310,435250208.0000000000,2
2800,45,0.0820614970,131823488.0000000000,23
2800,46,0.0820848320,132152752.0000000000,26
2800,47,0.0821643250,132123376.0000000000,6
2800,48,0.0823122810,132134304.0000000000,20
2800,49,0.0822189090,132144416.0000000000,25
2800,50,0.0821993800,132152064.0000000000,5
2800,51,0.0822093220,132131152.0000000000,7
2800,52,0.0822031390,132144256.0000000000,22
2800,53,0.0819686640,131835808.0000000000,24
2800,54,0.0206275950,54827568.0000000000,28
2800,55,0.0206513100,54827568.0000000000,18
2800,56,0.0206608890,54827568.0000000000,28
2800,57,0.0205933930,54827568.0000000000,20
2800,58,0.0206729170,54827568.0000000000,27
2800,59,0.0205314810,54827568.0000000000,25
2800,60,0.0205819330,54827568.0000000000,17
2800,61,0.0205932470,54827568.0000000000,35
2800,62,0.0206617390,54827568.0000000000,8
2800,63,0.0205618050,54827568.0000000000,18
2800,64,0.0206354930,54827568.0000000000,29
2800,65,0.0206112870,54827568.0000000000,6
2800,66,0.0205838130,54827568.0000000000,26
2800,67,0.0205963070,54827568.0000000000,31
2800,68,0.0206300210,54827568.0000000000,34
2800,69,0.0206312350,54827568.0000000000,27
2800,70,0.0206271880,54827568.0000000000,27
2800,71,0.0206370230,54827568.0000000000,32
2800,72,0.0206542780,54827568.0000000000,28
2800,73,0.0206234280,54827568.0000000000,32
2800,74,0.0206051430,54827568.0000000000,33
2800,75,0.0205921690,54827568.0000000000,27
2800,76,0.0206312710,54827568.0000000000,35
2800,77,0.0206200470,54827568.0000000000,8
2800,78,0.0206384960,54827568.0000000000,30
2800,79,0.0206701780,54827568.0000000000,34
2800,80,0.0206758380,54827568.0000000000,33
2800,81,0.0206464110,54827568.0000000000,31
2800,82,0.0205504630,54827568.0000000000,29
2800,83,0.0206564700,54827568.0000000000,9
2800,84,0.0205514360,54827568.0000000000,30
2800,85,0.0206635450,54827568.0000000000,29
2800,86,0.0207115960,54827568.0000000000,8
2800,87,0.0206631540,54827568.0000000000,31
2800,88,0.0207242440,54827568.0000000000,5
2800,89,0.0206165830,54827568.0000000000,29
2800,90,0.0206508100,54827568.0000000000,29
2800,91,0.0206179130,54827568.0000000000,17
2800,92,0.0206174030,54827568.0000000000,17
2800,93,0.0206787660,54827568.0000000000,7
2800,94,0.0206749370,54827568.0000000000,34
2800,95,0.0206035490,54827568.0000000000,31
2800,96,0.0206649170,54827568.0000000000,30
2800,97,0.0206459160,54827568.0000000000,21
2800,98,0.0206488180,54827568.0000000000,13
2800,99,0.0206273470,54827568.0000000000,24
2800,100,0.0206318710,54827568.0000000000,11
2800,101,0.0206458820,54827568.0000000000,32
2800,102,0.0206615470,54827568.0000000000,18
2800,103,0.0206412520,54827568.0000000000,32
2800,104,0.0206682640,54827568.0000000000,33
2800,105,0.0206335870,54827568.0000000000,34
2800,106,0.0206885100,54827568.0000000000,19
2800,107,0.0205762820,54827568.0000000000,19
2800,108,0.0206277690,54827568.0000000000,23
2800,109,0.0205824970,54827568.0000000000,35
2800,110,0.0206029160,54827568.0000000000,30
2800,111,0.0206062990,54827568.0000000000,22
2800,112,0.0207035620,54827568.0000000000,28
2800,113,0.0206645970,54827568.0000000000,33
2800,114,0.0205936520,54827568.0000000000,35
2800,115,0.0205200220,54827568.0000000000,21
2800,116,0.0205704820,54827568.0000000000,10
2800,117,0.0177976880,47074864.0000000000,11
2800,118,0.0178840980,47074864.0000000000,35
2800,119,0.0178392220,47074864.0000000000,30
2800,120,0.0178097020,47074864.0000000000,10
2800,121,0.0179159470,47074864.0000000000,5
2800,122,0.0178870260,47074864.0000000000,19
2800,123,0.0177850810,47074864.0000000000,25
2800,124,0.0178537920,47074864.0000000000,23
2800,125,0.0178389680,47074864.0000000000,6
2800,126,0.0178744410,47074864.0000000000,13
2800,127,0.0179069830,47074864.0000000000,28
2800,128,0.0178528520,47074864.0000000000,7
2800,129,0.0177787030,47074864.0000000000,9
2800,130,0.0177610830,47074864.0000000000,17
2800,131,0.0178307310,47074864.0000000000,27
2800,132,0.0178394910,47074864.0000000000,10
2800,133,0.0177902240,47074864.0000000000,9
2800,134,0.0179124910,47074864.0000000000,5
2800,135,0.0178308240,47074864.0000000000,31
2800,136,0.0178166130,47074864.0000000000,8
2800,137,0.0178452840,47074864.0000000000,32
2800,138,0.0178669080,47074864.0000000000,13
2800,139,0.0178016030,47074864.0000000000,26
2800,140,0.0178435910,47074864.0000000000,20
2800,141,0.0177697190,47074864.0000000000,17
2800,142,0.0178167590,47074864.0000000000,19
2800,143,0.0179002380,47074864.0000000000,7
2800,144,0.0178660230,47074864.0000000000,33
2800,145,0.0178013900,47074864.0000000000,22
2800,146,0.0178912400,47074864.0000000000,6
2800,147,0.0178137500,47074864.0000000000,34
2800,148,0.0178250460,47074864.0000000000,18
2800,149,0.0178003370,47074864.0000000000,21
2800,150,0.0178648910,47074864.0000000000,8
2800,151,0.0177885400,47074864.0000000000,11
2800,152,0.0178004120,47074864.0000000000,24
2850,0,6.1899456651,271493568.0000000000,2
2850,1,4.9276144098,233232624.0000000000,4
2850,2,4.1828943203,212589536.0000000000,12
2850,3,4.1721572857,211965920.0000000000,15
2850,4,4.1074095403,211780544.0000000000,16
2850,5,4.2130740872,212847616.0000000000,14
2850,6,5.0372592585,236316896.0000000000,3
2850,7,12.4224327319,446790048.0000000000,19
2850,8,9.8200191495,375876880.0000000000,1
2850,9,12.2554554357,488095840.0000000000,17
2850,10,12.6078062656,491215952.0000000000,21
2850,11,12.5106287399,482000128.0000000000,9
2850,12,10.5845036428,426646064.0000000000,13
2850,13,9.9133984807,411386560.0000000000,8
2850,14,10.5905646727,426597888.0000000000,11
2850,15,12.6685351736,486272784.0000000000,10
2850,16,10.3669737442,431599616.0000000000,0
2850,17,9.4001789041,406074032.0000000000,0
2850,18,10.2318938960,436292176.0000000000,3
2850,19,10.2377220653,436505664.0000000000,5
2850,20,10.6382957364,446579712.0000000000,7
2850,21,12.7217978020,506492208.0000000000,27
2850,22,13.1699349885,521696432.0000000000,18
2850,23,12.6656403132,503778560.0000000000,28
2850,24,10.3632902540,440079120.0000000000,24
2850,25,10.2240988468,436507152.0000000000,25
2850,26,10.2180415168,436301968.0000000000,15
2850,27,10.2269027143,436310912.0000000000,4
2850,28,10.2196083882,436510992.0000000000,22
2850,29,10.2200301681,436511696.0000000000,26
2850,30,10.2288353217,436510960.0000000000,14
2850,31,10.2240588569,436508000.0000000000,23
2850,32,10.2244565115,436507920.0000000000,6
2850,33,10.2228102227,436510400.0000000000,16
2850,34,10.2226016215,436509632.0000000000,20
2850,35,10.2252969652,436310496.0000000000,12
2850,36,10.2018847794,435254400.0000000000,1
2850,37,10.2331452152,436487920.0000000000,34
2850,38,10.2381943849,436542736.0000000000,33
2850,39,10.2374908627,436527776.0000000000,29
2850,40,10.2363408617,436483920.0000000000,30
2850,41,10.2370300595,436508384.0000000000,32
2850,42,10.2362914797,436559632.0000000000,35
2850,43,10.2374521121,436471424.0000000000,31
2850,44,10.2083095268,435230400.0000000000,2
2850,45,2.6495874533,131819568.0000000000,23
2850,46,2.6515422767,132150704.0000000000,26
2850,47,2.6528560808,132124176.0000000000,6
2850,48,2.6542319915,132134928.0000000000,20
2850,49,2.6523089446,132144368.0000000000,25
2850,50,2.6574320110,132150656.0000000000,5
2850,51,2.6555159424,132130832.0000000000,7
2850,52,2.6516642780,132142576.0000000000,22
2850,53,2.6472929220,131831344.0000000000,24
2850,54,0.6749369559,54827568.0000000000,28
2850,55,0.6731755968,54827568.0000000000,18
2850,56,0.6749917923,54827568.0000000000,28
2850,57,0.6740993118,54827568.0000000000,20
2850,58,0.6741840771,54827568.0000000000,27
2850,59,0.6718049050,54827568.0000000000,25
2850,60,0.6724703567,54827568.0000000000,17
2850,61,0.6733392157,54827568.0000000000,35
2850,62,0.6750171307,54827568.0000000000,8
2850,63,0.6721508953,54827568.0000000000,18
2850,64,0.6738961447,54827568.0000000000,29
2850,65,0.6741628098,54827568.0000000000,6
2850,66,0.6727141964,54827568.0000000000,26
2850,67,0.6740208475,54827568.0000000000,31
2850,68,0.6740338762,54827568.0000000000,34
2850,69,0.6738733756,54827568.0000000000,27
2850,70,0.6739501121,54827568.0000000000,27
2850,71,0.6746726306,54827568.0000000000,32
2850,72,0.6748650681,54827568.0000000000,28
2850,73,0.6749486302,54827568.0000000000,32
2850,74,0.6740623905,54827568.0000000000,33
2850,75,0.6738235183,54827568.0000000000,27
2850,76,0.6735269207,54827568.0000000000,35
2850,77,0.6752564011,54827568.0000000000,8
2850,78,0.6746958726,54827568.0000000000,30
2850,79,0.6739679806,54827568.0000000000,34
2850,80,0.6738752477,54827568.0000000000,33
2850,81,0.6740979760,54827568.0000000000,31
2850,82,0.6738487454,54827568.0000000000,29
2850,83,0.6731142100,54827568.0000000000,9
2850,84,0.6743973361,54827568.0000000000,30
2850,85,0.6737179774,54827568.0000000000,29
2850,86,0.6751563444,54827568.0000000000,8
2850,87,0.6741875445,54827568.0000000000,31
2850,88,0.6752243679,54827568.0000000000,5
2850,89,0.6736512712,54827568.0000000000,29
2850,90,0.6734890213,54827568.0000000000,29
2850,91,0.6729934658,54827568.0000000000,17
2850,92,0.6729727482,54827568.0000000000,17
2850,93,0.6750303454,54827568.0000000000,7
2850,94,0.6735310681,54827568.0000000000,34
2850,95,0.6741919922,54827568.0000000000,31
2850,96,0.6741938792,54827568.0000000000,30
2850,97,0.6729153310,54827568.0000000000,21
2850,98,0.6735377164,54827568.0000000000,13
2850,99,0.6731623423,54827568.0000000000,24
2850,100,0.6729388607,54827568.0000000000,11
2850,101,0.6749762713,54827568.0000000000,32
2850,102,0.6727074351,54827568.0000000000,18
2850,103,0.6745761270,54827568.0000000000,32
2850,104,0.6738066160,54827568.0000000000,33
2850,105,0.6733287821,54827568.0000000000,34
2850,106,0.6747416673,54827568.0000000000,19
2850,107,0.6748115964,54827568.0000000000,19
2850,108,0.6738245031,54827568.0000000000,23
2850,109,0.6731845885,54827568.0000000000,35
2850,110,0.6742194294,54827568.0000000000,30
2850,111,0.6727489484,54827568.0000000000,22
2850,112,0.6750155705,54827568.0000000000,28
2850,113,0.6739904625,54827568.0000000000,33
2850,114,0.6737742758,54827568.0000000000,35
2850,115,0.6721526416,54827568.0000000000,21
2850,116,0.6737907019,54827568.0000000000,10
2850,117,0.5813817012,47074864.0000000000,11
2850,118,0.5834770515,47074864.0000000000,35
2850,119,0.5832163919,47074864.0000000000,30
2850,120,0.5824524630,47074864.0000000000,10
2850,121,0.5858965617,47074864.0000000000,5
2850,122,0.5829254448,47074864.0000000000,19
2850,123,0.5818086211,47074864.0000000000,25
2850,124,0.5831257357,47074864.0000000000,23
2850,125,0.5832284101,47074864.0000000000,6
2850,126,0.5832803541,47074864.0000000000,13
2850,127,0.5834281266,47074864.0000000000,28
2850,128,0.5843866114,47074864.0000000000,7
2850,129,0.5813283389,47074864.0000000000,9
2850,130,0.5813477256,47074864.0000000000,17
2850,131,0.5822796787,47074864.0000000000,27
2850,132,0.5825258719,47074864.0000000000,10
2850,133,0.5818869807,47074864.0000000000,9
2850,134,0.5859174381,47074864.0000000000,5
2850,135,0.5824285005,47074864.0000000000,31
2850,136,0.5828875557,47074864.0000000000,8
2850,137,0.5830122826,47074864.0000000000,32
2850,138,0.5829568701,47074864.0000000000,13
2850,139,0.5815861672,47074864.0000000000,26
2850,140,0.5824719909,47074864.0000000000,20
2850,141,0.5813919641,47074864.0000000000,17
2850,142,0.5825464409,47074864.0000000000,19
2850,143,0.5842108876,47074864.0000000000,7
2850,144,0.5824261357,47074864.0000000000,33
2850,145,0.5815365430,47074864.0000000000,22
2850,146,0.5834158246,47074864.0000000000,6
2850,147,0.5822176750,47074864.0000000000,34
2850,148,0.5818372842,47074864.0000000000,18
2850,149,0.5814523405,47074864.0000000000,21
2850,150,0.5831765596,47074864.0000000000,8
2850,151,0.5817437502,47074864.0000000000,11
2850,152,0.5816090129,47074864.0000000000,24
2900,0,0.1880126370,268997488.0000000000,2
2900,1,0.1488301500,230650720.0000000000,4
2900,2,0.1294986200,212579936.0000000000,12
2900,3,0.1294524890,211994480.0000000000,15
2900,4,0.1278110970,211782192.0000000000,16
2900,5,0.1304596860,212762688.0000000000,14
2900,6,0.1544152590,235429616.0000000000,3
2900,7,0.3908390150,449848960.0000000000,19
2900,8,0.3021718330,373682304.0000000000,1
2900,9,0.3804751820,489988320.0000000000,17
2900,10,0.3925116870,491686352.0000000000,21
2900,11,0.3869906680,480307328.0000000000,9
2900,12,0.3183398850,419320944.0000000000,13
2900,13,0.3071764200,410045104.0000000000,8
2900,14,0.3209883110,421220432.0000000000,11
2900,15,0.3921880910,484785104.0000000000,10
2900,16,0.3238229770,432484592.0000000000,0
2900,17,0.2909256150,405862816.0000000000,0
2900,18,0.3178596090,436278944.0000000000,3
2900,19,0.3180786910,436511952.0000000000,5
2900,20,0.3342029700,448564576.0000000000,7
2900,21,0.4070865050,512717280.0000000000,27
2900,22,0.4117019030,522414128.0000000000,18
2900,23,0.4024717660,508300000.0000000000,28
2900,24,0.3243295530,441258480.0000000000,24
2900,25,0.3177176800,436510896.0000000000,25
2900,26,0.3177988770,436290800.0000000000,15
2900,27,0.3181335590,436298384.0000000000,4
2900,28,0.3176885340,436508848.0000000000,22
2900,29,0.3176796300,436503424.0000000000,26
2900,30,0.3178572930,436514048.0000000000,14
2900,31,0.3175970910,436510096.0000000000,23
2900,32,0.3177019520,436509808.0000000000,6
2900,33,0.3176137690,436509520.0000000000,16
2900,34,0.3176369500,436507936.0000000000,20
2900,35,0.3176670660,436297696.0000000000,12
2900,36,0.3169316770,435227184.0000000000,1
2900,37,0.3180421620,436491200.0000000000,34
2900,38,0.3182075440,436541792.0000000000,33
2900,39,0.3181291000,436522992.0000000000,29
2900,40,0.3181132090,436478384.0000000000,30
2900,41,0.3180670210,436504528.0000000000,32
2900,42,0.3179814640,436558928.0000000000,35
2900,43,0.3180419030,436468128.0000000000,31
2900,44,0.3171567810,435208640.0000000000,2
2900,45,0.0820471640,131816016.0000000000,23
2900,46,0.0820518660,132149536.0000000000,26
2900,47,0.0820886330,132124192.0000000000,6
2900,48,0.0821542790,132137504.0000000000,20
2900,49,0.0821243660,132146144.0000000000,25
2900,50,0.0822400840,132152032.0000000000,5
2900,51,0.0823361000,132136720.0000000000,7
2900,52,0.0823112460,132140208.0000000000,22
2900,53,0.0819766220,131827280.0000000000,24
2900,54,0.0207198890,54827568.0000000000,28
2900,55,0.0205616940,54827568.0000000000,18
2900,56,0.0206984060,54827568.0000000000,28
2900,57,0.0206489030,54827568.0000000000,20
2900,58,0.0206035940,54827568.0000000000,27
2900,59,0.0206164770,54827568.0000000000,25
2900,60,0.0205612930,54827568.0000000000,17
2900,61,0.0205910680,54827568.0000000000,35
2900,62,0.0206879310,54827568.0000000000,8
2900,63,0.0205795870,54827568.0000000000,18
2900,64,0.0206421310,54827568.0000000000,29
2900,65,0.0206727970,54827568.0000000000,6
2900,66,0.0205402380,54827568.0000000000,26
2900,67,0.0206296740,54827568.0000000000,31
2900,68,0.0206498830,54827568.0000000000,34
2900,69,0.0206110750,54827568.0000000000,27
2900,70,0.0206487610,54827568.0000000000,27
2900,71,0.0205644060,54827568.0000000000,32
2900,72,0.0206442930,54827568.0000000000,28
2900,73,0.0206463050,54827568.0000000000,32
2900,74,0.0206232020,54827568.0000000000,33
2900,75,0.0206288410,54827568.0000000000,27
2900,76,0.0205761100,54827568.0000000000,35
2900,77,0.0206706690,54827568.0000000000,8
2900,78,0.0206825880,54827568.0000000000,30
2900,79,0.0205869710,54827568.0000000000,34
2900,80,0.0206556040,54827568.0000000000,33
2900,81,0.0206661270,54827568.0000000000,31
2900,82,0.0206287030,54827568.0000000000,29
2900,83,0.0206125950,54827568.0000000000,9
2900,84,0.0206657330,54827568.0000000000,30
2900,85,0.0205897570,54827568.0000000000,29
2900,86,0.0207148530,54827568.0000000000,8
2900,87,0.0206513260,54827568.0000000000,31
2900,88,0.0206162390,54827568.0000000000,5
2900,89,0.0206071800,54827568.0000000000,29
2900,90,0.0206292650,54827568.0000000000,29
2900,91,0.0205633470,54827568.0000000000,17
2900,92,0.0206113010,54827568.0000000000,17
2900,93,0.0206875240,54827568.0000000000,7
2900,94,0.0207435530,54827568.0000000000,34
2900,95,0.0206549830,54827568.0000000000,31
2900,96,0.0206507340,54827568.0000000000,30
2900,97,0.0206366010,54827568.0000000000,21
2900,98,0.0206086280,54827568.0000000000,13
2900,99,0.0206456330,54827568.0000000000,24
2900,100,0.0205424280,54827568.0000000000,11
2900,101,0.0206835270,54827568.0000000000,32
2900,102,0.0206456160,54827568.0000000000,18
2900,103,0.0206332290,54827568.0000000000,32
2900,104,0.0206313340,54827568.0000000000,33
2900,105,0.0206259340,54827568.0000000000,34
2900,106,0.0205743600,54827568.0000000000,19
2900,107,0.0206692220,54827568.0000000000,19
2900,108,0.0206318290,54827568.0000000000,23
2900,109,0.0206438510,54827568.0000000000,35
2900,110,0.0206304770,54827568.0000000000,30
2900,111,0.0206126220,54827568.0000000000,22
2900,112,0.0206809140,54827568.0000000000,28
2900,113,0.0205800190,54827568.0000000000,33
2900,114,0.0206439220,54827568.0000000000,35
2900,115,0.0205055370,54827568.0000000000,21
2900,116,0.0205748210,54827568.0000000000,10
2900,117,0.0178360450,47074864.0000000000,11
2900,118,0.0178332240,47074864.0000000000,35
2900,119,0.0178510300,47074864.0000000000,30
2900,120,0.0178355730,47074864.0000000000,10
2900,121,0.0179730390,47074864.0000000000,5
2900,122,0.0178618590,47074864.0000000000,19
2900,123,0.0177643120,47074864.0000000000,25
2900,124,0.0178355560,47074864.0000000000,23
2900,125,0.0178511320,47074864.0000000000,6
2900,126,0.0178752000,47074864.0000000000,13
2900,127,0.0178932820,47074864.0000000000,28
2900,128,0.0179038560,47074864.0000000000,7
2900,129,0.0177992420,47074864.0000000000,9
2900,130,0.0178284120,47074864.0000000000,17
2900,131,0.0178069330,47074864.0000000000,27
2900,132,0.0178526140,47074864.0000000000,10
2900,133,0.0177691140,47074864.0000000000,9
2900,134,0.0179101560,47074864.0000000000,5
2900,135,0.0178303790,47074864.0000000000,31
2900,136,0.0178347400,47074864.0000000000,8
2900,137,0.0178541230,47074864.0000000000,32
2900,138,0.0178668420,47074864.0000000000,13
2900,139,0.0177959530,47074864.0000000000,26
2900,140,0.0178048990,47074864.0000000000,20
2900,141,0.0178061110,47074864.0000000000,17
2900,142,0.0178097550,47074864.0000000000,19
2900,143,0.0178814520,47074864.0000000000,7
2900,144,0.0178312980,47074864.0000000000,33
2900,145,0.0178189140,47074864.0000000000,22
2900,146,0.0178566650,47074864.0000000000,6
2900,147,0.0178515280,47074864.0000000000,34
2900,148,0.0177994080,47074864.0000000000,18
2900,149,0.0178003500,47074864.0000000000,21
2900,150,0.0178466630,47074864.0000000000,8
2900,151,0.0178137090,47074864.0000000000,11
2900,152,0.0178026060,47074864.0000000000,24
2950,0,5.9869789907,266520288.0000000000,2
2950,1,4.7412395603,229093792.0000000000,4
2950,2,4.1722732078,212588032.0000000000,12
2950,3,4.1629836185,212092784.0000000000,15
2950,4,4.1232201481,211807728.0000000000,16
2950,5,4.1995927364,213005344.0000000000,14
2950,6,4.9572679296,234474576.0000000000,3
2950,7,12.6211616905,453502224.0000000000,19
2950,8,9.6398335610,371564352.0000000000,1
2950,9,12.3144105978,492097584.0000000000,17
2950,10,12.6531488664,491739616.0000000000,21
2950,11,12.3522706097,476570976.0000000000,9
2950,12,10.1304625358,415354128.0000000000,13
2950,13,9.8608485816,409419408.0000000000,8
2950,14,10.2331132432,417938032.0000000000,11
2950,15,12.5629346731,483185088.0000000000,10
2950,16,10.3986852131,432535872.0000000000,0
2950,17,9.3486181668,405643936.0000000000,0
2950,18,10.2318469349,436265152.0000000000,3
2950,19,10.2369532264,436513136.0000000000,5
2950,20,10.8440622939,452833232.0000000000,7
2950,21,13.1744703600,515849472.0000000000,27
2950,22,13.2448908418,522791008.0000000000,18
2950,23,13.0170980624,510948464.0000000000,28
2950,24,10.4826376126,443264512.0000000000,24
2950,25,10.2244463355,436516064.0000000000,25
2950,26,10.2185082128,436276480.0000000000,15
2950,27,10.2280806003,436284704.0000000000,4
2950,28,10.2193577283,436506160.0000000000,22
2950,29,10.2218181127,436513936.0000000000,26
2950,30,10.2276103438,436508944.0000000000,14
2950,31,10.2232880439,436507680.0000000000,23
2950,32,10.2244395984,436512368.0000000000,6
2950,33,10.2235505809,436511696.0000000000,16
2950,34,10.2231015689,436508656.0000000000,20
2950,35,10.2234632976,436289008.0000000000,12
2950,36,10.1975394295,435207536.0000000000,1
2950,37,10.2338155957,436493424.0000000000,34
2950,38,10.2390726582,436538736.0000000000,33
2950,39,10.2385294797,436524208.0000000000,29
2950,40,10.2372550572,436484592.0000000000,30
2950,41,10.2369902397,436499664.0000000000,32
2950,42,10.2360981658,436555360.0000000000,35
2950,43,10.2373917494,436463136.0000000000,31
2950,44,10.2062151495,435186064.0000000000,2
2950,45,2.6496121905,131808672.0000000000,23
2950,46,2.6515446181,132150160.0000000000,26
2950,47,2.6528744925,132123616.0000000000,6
2950,48,2.6533858566,132136304.0000000000,20
2950,49,2.6511239071,132147168.0000000000,25
2950,50,2.6568905718,132155488.0000000000,5
2950,51,2.6558581611,132137872.0000000000,7
2950,52,2.6518867068,132140976.0000000000,22
2950,53,2.6470657463,131824704.0000000000,24
2950,54,0.6750018569,54827568.0000000000,28
2950,55,0.6727837554,54827568.0000000000,18
2950,56,0.6752087177,54827568.0000000000,28
2950,57,0.6741251455,54827568.0000000000,20
2950,58,0.6738322381,54827568.0000000000,27
2950,59,0.6721788771,54827568.0000000000,25
2950,60,0.6729388368,54827568.0000000000,17
2950,61,0.6732814065,54827568.0000000000,35
2950,62,0.6752219774,54827568.0000000000,8
2950,63,0.6729355767,54827568.0000000000,18
2950,64,0.6736839592,54827568.0000000000,29
2950,65,0.6738045421,54827568.0000000000,6
2950,66,0.6729410081,54827568.0000000000,26
2950,67,0.6740621970,54827568.0000000000,31
2950,68,0.6739664927,54827568.0000000000,34
2950,69,0.6740775025,54827568.0000000000,27
2950,70,0.6740667209,54827568.0000000000,27
2950,71,0.6755032537,54827568.0000000000,32
2950,72,0.6751893440,54827568.0000000000,28
2950,73,0.6750159000,54827568.0000000000,32
2950,74,0.6741086572,54827568.0000000000,33
2950,75,0.6739623500,54827568.0000000000,27
2950,76,0.6734521059,54827568.0000000000,35
2950,77,0.6749222498,54827568.0000000000,8
2950,78,0.6745919627,54827568.0000000000,30
2950,79,0.6734946574,54827568.0000000000,34
2950,80,0.6740903827,54827568.0000000000,33
2950,81,0.6743720038,54827568.0000000000,31
2950,82,0.6740706162,54827568.0000000000,29
2950,83,0.6734629168,54827568.0000000000,9
2950,84,0.6743921339,54827568.0000000000,30
2950,85,0.6734654807,54827568.0000000000,29
2950,86,0.6747968954,54827568.0000000000,8
2950,87,0.6742342350,54827568.0000000000,31
2950,88,0.6750989661,54827568.0000000000,5
2950,89,0.6738606869,54827568.0000000000,29
2950,90,0.6738464086,54827568.0000000000,29
2950,91,0.6728533548,54827568.0000000000,17
2950,92,0.6728616369,54827568.0000000000,17
2950,93,0.6752934860,54827568.0000000000,7
2950,94,0.6737540283,54827568.0000000000,34
2950,95,0.6737431059,54827568.0000000000,31
2950,96,0.6744375392,54827568.0000000000,30
2950,97,0.6729270013,54827568.0000000000,21
2950,98,0.6737066364,54827568.0000000000,13
2950,99,0.6729378182,54827568.0000000000,24
2950,100,0.6731675896,54827568.0000000000,11
2950,101,0.6748650659,54827568.0000000000,32
2950,102,0.6727900426,54827568.0000000000,18
2950,103,0.6745343169,54827568.0000000000,32
2950,104,0.6740135579,54827568.0000000000,33
2950,105,0.6736011784,54827568.0000000000,34
2950,106,0.6742536001,54827568.0000000000,19
2950,107,0.6746163611,54827568.0000000000,19
2950,108,0.6740406644,54827568.0000000000,23
2950,109,0.6732706683,54827568.0000000000,35
2950,110,0.6737863337,54827568.0000000000,30
2950,111,0.6725068684,54827568.0000000000,22
2950,112,0.6750818219,54827568.0000000000,28
2950,113,0.6737082480,54827568.0000000000,33
2950,114,0.6732029495,54827568.0000000000,35
2950,115,0.6722421556,54827568.0000000000,21
2950,116,0.6738981602,54827568.0000000000,10
2950,117,0.5816532236,47074864.0000000000,11
2950,118,0.5832089328,47074864.0000000000,35
2950,119,0.5833162809,47074864.0000000000,30
2950,120,0.5822674121,47074864.0000000000,10
2950,121,0.5860049607,47074864.0000000000,5
2950,122,0.5826449301,47074864.0000000000,19
2950,123,0.5816566435,47074864.0000000000,25
2950,124,0.5831830205,47074864.0000000000,23
2950,125,0.5832513799,47074864.0000000000,6
2950,126,0.5833169456,47074864.0000000000,13
2950,127,0.5834900039,47074864.0000000000,28
2950,128,0.5844542911,47074864.0000000000,7
2950,129,0.5812741057,47074864.0000000000,9
2950,130,0.5812039454,47074864.0000000000,17
2950,131,0.5823723762,47074864.0000000000,27
2950,132,0.5825250186,47074864.0000000000,10
2950,133,0.5817204298,47074864.0000000000,9
2950,134,0.5857625445,47074864.0000000000,5
2950,135,0.5823974592,47074864.0000000000,31
2950,136,0.5828804091,47074864.0000000000,8
2950,137,0.5830028326,47074864.0000000000,32
2950,138,0.5830411048,47074864.0000000000,13
2950,139,0.5819196109,47074864.0000000000,26
2950,140,0.5826307133,47074864.0000000000,20
2950,141,0.5813326138,47074864.0000000000,17
2950,142,0.5826531931,47074864.0000000000,19
2950,143,0.5843102260,47074864.0000000000,7
2950,144,0.5824089493,47074864.0000000000,33
2950,145,0.5814739766,47074864.0000000000,22
2950,146,0.5833593603,47074864.0000000000,6
2950,147,0.5820924250,47074864.0000000000,34
2950,148,0.5817752291,47074864.0000000000,18
2950,149,0.5813338153,47074864.0000000000,21
2950,150,0.5831096445,47074864.0000000000,8
2950,151,0.5816595941,47074864.0000000000,11
2950,152,0.5814765847,47074864.0000000000,24
3000,0,0.1817339120,263771264.0000000000,2
3000,1,0.1464692310,228453008.0000000000,4
3000,2,0.1296298540,212581376.0000000000,12
3000,3,0.1295317340,212158880.0000000000,15
3000,4,0.1282167910,211822336.0000000000,16
3000,5,0.1305566850,213240320.0000000000,14
3000,6,0.1529895680,233698496.0000000000,3
3000,7,0.3986856560,456780736.0000000000,19
3000,8,0.2969691050,369654048.0000000000,1
3000,9,0.3892855010,494456176.0000000000,17
3000,10,0.3949182220,491591552.0000000000,21
3000,11,0.3755777890,470431488.0000000000,9
3000,12,0.3116425010,413133296.0000000000,13
3000,13,0.3057040920,408430240.0000000000,8
3000,14,0.3137840970,415089424.0000000000,11
3000,15,0.3896023450,481629152.0000000000,10
3000,16,0.3231112220,431809472.0000000000,0
3000,17,0.2910437160,405376032.0000000000,0
3000,18,0.3180995200,436252064.0000000000,3
3000,19,0.3181579890,436513056.0000000000,5
3000,20,0.3473685990,459341888.0000000000,7
3000,21,0.4133380690,517256528.0000000000,27
3000,22,0.4136814970,523409360.0000000000,18
3000,23,0.4084513760,512581872.0000000000,28
3000,24,0.3299669290,445537776.0000000000,24
3000,25,0.3178617830,436508592.0000000000,25
3000,26,0.3175885120,436266400.0000000000,15
3000,27,0.3178295380,436269808.0000000000,4
3000,28,0.3175602810,436511520.0000000000,22
3000,29,0.3175048720,436512032.0000000000,26
3000,30,0.3178909070,436509232.0000000000,14
3000,31,0.3176587690,436512704.0000000000,23
3000,32,0.3179540700,436509840.0000000000,6
3000,33,0.3176049550,436517008.0000000000,16
3000,34,0.3175579360,436509968.0000000000,20
3000,35,0.3176774760,436275904.0000000000,12
3000,36,0.3166537100,435179456.0000000000,1
3000,37,0.3181028950,436493872.0000000000,34
3000,38,0.3180820530,436534400.0000000000,33
3000,39,0.3181116960,436525360.0000000000,29
3000,40,0.3180755890,436478576.0000000000,30
3000,41,0.3180698240,436498528.0000000000,32
3000,42,0.3180711740,436551456.0000000000,35
3000,43,0.3180837430,436464704.0000000000,31
3000,44,0.3170029960,435158384.0000000000,2
3000,45,0.0820677190,131803424.0000000000,23
3000,46,0.0820995660,132150832.0000000000,26
3000,47,0.0822354680,132127232.0000000000,6
3000,48,0.0822134580,132136304.0000000000,20
3000,49,0.0822176770,132148704.0000000000,25
3000,50,0.0822842820,132155264.0000000000,5
3000,51,0.0823822940,132138592.0000000000,7
3000,52,0.0821953250,132141696.0000000000,22
3000,53,0.0820295700,131818640.0000000000,24
3000,54,0.0206842030,54827568.0000000000,28
3000,55,0.0206082550,54827568.0000000000,18
3000,56,0.0206959750,54827568.0000000000,28
3000,57,0.0206353040,54827568.0000000000,20
3000,58,0.0205903270,54827568.0000000000,27
3000,59,0.0206019680,54827568.0000000000,25
3000,60,0.0205674050,54827568.0000000000,17
3000,61,0.0206051250,54827568.0000000000,35
3000,62,0.0206860920,54827568.0000000000,8
3000,63,0.0205360550,54827568.0000000000,18
3000,64,0.0206351000,54827568.0000000000,29
3000,65,0.0206529390,54827568.0000000000,6
3000,66,0.0205656670,54827568.0000000000,26
3000,67,0.0206795390,54827568.0000000000,31
3000,68,0.0206514350,54827568.0000000000,34
3000,69,0.0206622440,54827568.0000000000,27
3000,70,0.0206831860,54827568.0000000000,27
3000,71,0.0205957970,54827568.0000000000,32
3000,72,0.0206597480,54827568.0000000000,28
3000,73,0.0207076740,54827568.0000000000,32
3000,74,0.0206506240,54827568.0000000000,33
3000,75,0.0206226570,54827568.0000000000,27
3000,76,0.0206103060,54827568.0000000000,35
3000,77,0.0207154610,54827568.0000000000,8
3000,78,0.0205682480,54827568.0000000000,30
3000,79,0.0206401540,54827568.0000000000,34
3000,80,0.0206024830,54827568.0000000000,33
3000,81,0.0206534350,54827568.0000000000,31
3000,82,0.0206274650,54827568.0000000000,29
3000,83,0.0205976340,54827568.0000000000,9
3000,84,0.0206116640,54827568.0000000000,30
3000,85,0.0205999020,54827568.0000000000,29
3000,86,0.0206746320,54827568.0000000000,8
3000,87,0.0206303710,54827568.0000000000,31
3000,88,0.0206258780,54827568.0000000000,5
3000,89,0.0206607110,54827568.0000000000,29
3000,90,0.0206400080,54827568.0000000000,29
3000,91,0.0206497260,54827568.0000000000,17
3000,92,0.0206353060,54827568.0000000000,17
3000,93,0.0206787810,54827568.0000000000,7
3000,94,0.0206182730,54827568.0000000000,34
3000,95,0.0206368640,54827568.0000000000,31
3000,96,0.0206899650,54827568.0000000000,30
3000,97,0.0205568960,54827568.0000000000,21
3000,98,0.0205626600,54827568.0000000000,13
3000,99,0.0206004180,54827568.0000000000,24
3000,100,0.0205801070,54827568.0000000000,11
3000,101,0.0206946400,54827568.0000000000,32
3000,102,0.0206186570,54827568.0000000000,18
3000,103,0.0207233850,54827568.0000000000,32
3000,104,0.0207037790,54827568.0000000000,33
3000,105,0.0206489310,54827568.0000000000,34
3000,106,0.0206263380,54827568.0000000000,19
3000,107,0.0206789410,54827568.0000000000,19
3000,108,0.0206202550,54827568.0000000000,23
3000,109,0.0206052770,54827568.0000000000,35
3000,110,0.0206538160,54827568.0000000000,30
3000,111,0.0205904190,54827568.0000000000,22
3000,112,0.0205988900,54827568.0000000000,28
3000,113,0.0206440320,54827568.0000000000,33
3000,114,0.0206577880,54827568.0000000000,35
3000,115,0.0206099970,54827568.0000000000,21
3000,116,0.0206442820,54827568.0000000000,10
3000,117,0.0178034370,47074864.0000000000,11
3000,118,0.0178712670,47074864.0000000000,35
3000,119,0.0178780840,47074864.0000000000,30
3000,120,0.0178338760,47074864.0000000000,10
3000,121,0.0179135740,47074864.0000000000,5
3000,122,0.0178273500,47074864.0000000000,19
3000,123,0.0177983360,47074864.0000000000,25
3000,124,0.0178577490,47074864.0000000000,23
3000,125,0.0178207460,47074864.0000000000,6
3000,126,0.0178687180,47074864.0000000000,13
3000,127,0.0178556140,47074864.0000000000,28
3000,128,0.0179185030,47074864.0000000000,7
3000,129,0.0178200190,47074864.0000000000,9
3000,130,0.0178069600,47074864.0000000000,17
3000,131,0.0178127140,47074864.0000000000,27
3000,132,0.0178292580,47074864.0000000000,10
3000,133,0.0177782960,47074864.0000000000,9
3000,134,0.0179267890,47074864.0000000000,5
3000,135,0.0178596900,47074864.0000000000,31
3000,136,0.0178943010,47074864.0000000000,8
3000,137,0.0178224120,47074864.0000000000,32
3000,138,0.0178568950,47074864.0000000000,13
3000,139,0.0178095880,47074864.0000000000,26
3000,140,0.0178800820,47074864.0000000000,20
3000,141,0.0178016800,47074864.0000000000,17
3000,142,0.0178363600,47074864.0000000000,19
3000,143,0.0178465040,47074864.0000000000,7
3000,144,0.0178360070,47074864.0000000000,33
3000,145,0.0178170020,47074864.0000000000,22
3000,146,0.0178739390,47074864.0000000000,6
3000,147,0.0178272300,47074864.0000000000,34
3000,148,0.0177784840,47074864.0000000000,18
3000,149,0.0178194250,47074864.0000000000,21
3000,150,0.0178444580,47074864.0000000000,8
3000,151,0.0178335640,47074864.0000000000,11
3000,152,0.0178137350,47074864.0000000000,24
3050,0,5.8157261574,261418496.0000000000,2
3050,1,4.7179103780,228345248.0000000000,4
3050,2,4.1956133506,212552016.0000000000,12
3050,3,4.1609995400,212097152.0000000000,15
3050,4,4.1429026114,211781440.0000000000,16
3050,5,4.1966483140,213236464.0000000000,14
3050,6,4.9330612630,232662208.0000000000,3
3050,7,12.8420335077,458911504.0000000000,19
3050,8,9.5443122433,368591552.0000000000,1
3050,9,12.5822519838,496905728.0000000000,17
3050,10,12.6967633734,491411904.0000000000,21
3050,11,11.8230528596,459814944.0000000000,9
3050,12,9.9819738162,411586832.0000000000,13
3050,13,9.8072604459,407408656.0000000000,8
3050,14,10.0426330863,413272576.0000000000,11
3050,15,12.5163933820,481331936.0000000000,10
3050,16,10.3786814736,430790528.0000000000,0
3050,17,9.3694906584,405126224.0000000000,0
3050,18,10.2308726751,436235152.0000000000,3
3050,19,10.2375848274,436509520.0000000000,5
3050,20,11.4228226392,470212272.0000000000,7
3050,21,13.3185623778,518591904.0000000000,27
3050,22,13.3111065353,524490496.0000000000,18
3050,23,13.1701258710,513751824.0000000000,28
3050,24,10.6627130006,447579536.0000000000,24
3050,25,10.2246167230,436508448.0000000000,25
3050,26,10.2189587562,436255696.0000000000,15
3050,27,10.2271658748,436259648.0000000000,4
3050,28,10.2202614134,436510576.0000000000,22
3050,29,10.2214922614,436509920.0000000000,26
3050,30,10.2267887334,436510432.0000000000,14
3050,31,10.2241396858,436511024.0000000000,23
3050,32,10.2241271049,436513856.0000000000,6
3050,33,10.2236046677,436513296.0000000000,16
3050,34,10.2223397869,436513456.0000000000,20
3050,35,10.2238398078,436258512.0000000000,12
3050,36,10.1963138578,435156128.0000000000,1
3050,37,10.2345282195,436499248.0000000000,34
3050,38,10.2380510295,436535008.0000000000,33
3050,39,10.2386598892,436524208.0000000000,29
3050,40,10.2376527261,436477152.0000000000,30
3050,41,10.2368614281,436496768.0000000000,32
3050,42,10.2363308986,436550800.0000000000,35
3050,43,10.2377029075,436468512.0000000000,31
3050,44,10.2019624757,435135792.0000000000,2
3050,45,2.6489319784,131797424.0000000000,23
3050,46,2.6517962062,132148736.0000000000,26
3050,47,2.6528267813,132126352.0000000000,6
3050,48,2.6542287318,132136000.0000000000,20
3050,49,2.6517244591,132151840.0000000000,25
3050,50,2.6568110610,132152992.0000000000,5
3050,51,2.6558664327,132142448.0000000000,7
3050,52,2.6516527550,132142096.0000000000,22
3050,53,2.6467358841,131813264.0000000000,24
3050,54,0.6750607680,54827568.0000000000,28
3050,55,0.6730840921,54827568.0000000000,18
3050,56,0.6751327064,54827568.0000000000,28
3050,57,0.6742527116,54827568.0000000000,20
3050,58,0.6738132472,54827568.0000000000,27
3050,59,0.6721968916,54827568.0000000000,25
3050,60,0.6726618021,54827568.0000000000,17
3050,61,0.6729366091,54827568.0000000000,35
3050,62,0.6752547289,54827568.0000000000,8
3050,63,0.6722672559,54827568.0000000000,18
3050,64,0.6738575717,54827568.0000000000,29
3050,65,0.6736841665,54827568.0000000000,6
3050,66,0.6729515999,54827568.0000000000,26
3050,67,0.6739244294,54827568.0000000000,31
3050,68,0.6742460160,54827568.0000000000,34
3050,69,0.6740360462,54827568.0000000000,27
3050,70,0.6742324949,54827568.0000000000,27
3050,71,0.6743906351,54827568.0000000000,32
3050,72,0.6752287437,54827568.0000000000,28
3050,73,0.6750212112,54827568.0000000000,32
3050,74,0.6742203659,54827568.0000000000,33
3050,75,0.6739156853,54827568.0000000000,27
3050,76,0.6735721649,54827568.0000000000,35
3050,77,0.6747246635,54827568.0000000000,8
3050,78,0.6750020002,54827568.0000000000,30
3050,79,0.6737970934,54827568.0000000000,34
3050,80,0.6739854364,54827568.0000000000,33
3050,81,0.6742830815,54827568.0000000000,31
3050,82,0.6739152537,54827568.0000000000,29
3050,83,0.6733950301,54827568.0000000000,9
3050,84,0.6744152808,54827568.0000000000,30
3050,85,0.6734696108,54827568.0000000000,29
3050,86,0.6749348478,54827568.0000000000,8
3050,87,0.6739954518,54827568.0000000000,31
3050,88,0.6751848277,54827568.0000000000,5
3050,89,0.6738024876,54827568.0000000000,29
3050,90,0.6739323499,54827568.0000000000,29
3050,91,0.6728365390,54827568.0000000000,17
3050,92,0.6728137731,54827568.0000000000,17
3050,93,0.6752041425,54827568.0000000000,7
3050,94,0.6738371615,54827568.0000000000,34
3050,95,0.6740033426,54827568.0000000000,31
3050,96,0.6745122822,54827568.0000000000,30
3050,97,0.6730257754,54827568.0000000000,21
3050,98,0.6738445215,54827568.0000000000,13
3050,99,0.6728435420,54827568.0000000000,24
3050,100,0.6732351096,54827568.0000000000,11
3050,101,0.6748124216,54827568.0000000000,32
3050,102,0.6725762948,54827568.0000000000,18
3050,103,0.6745642242,54827568.0000000000,32
3050,104,0.6739865669,54827568.0000000000,33
3050,105,0.6737303552,54827568.0000000000,34
3050,106,0.6744905154,54827568.0000000000,19
3050,107,0.6745506083,54827568.0000000000,19
3050,108,0.6737141394,54827568.0000000000,23
3050,109,0.6731586597,54827568.0000000000,35
3050,110,0.6742551313,54827568.0000000000,30
3050,111,0.6727592345,54827568.0000000000,22
3050,112,0.6748471811,54827568.0000000000,28
3050,113,0.6737962881,54827568.0000000000,33
3050,114,0.6732292339,54827568.0000000000,35
3050,115,0.6720792789,54827568.0000000000,21
3050,116,0.6738101170,54827568.0000000000,10
3050,117,0.5814866339,47074864.0000000000,11
3050,118,0.5831826145,47074864.0000000000,35
3050,119,0.5832278877,47074864.0000000000,30
3050,120,0.5824338382,47074864.0000000000,10
3050,121,0.5858165640,47074864.0000000000,5
3050,122,0.5825938770,47074864.0000000000,19
3050,123,0.5817981603,47074864.0000000000,25
3050,124,0.5832467203,47074864.0000000000,23
3050,125,0.5832352284,47074864.0000000000,6
3050,126,0.5833410220,47074864.0000000000,13
3050,127,0.5834447017,47074864.0000000000,28
3050,128,0.5843409459,47074864.0000000000,7
3050,129,0.5815013504,47074864.0000000000,9
3050,130,0.5812599104,47074864.0000000000,17
3050,131,0.5823753697,47074864.0000000000,27
3050,132,0.5824954543,47074864.0000000000,10
3050,133,0.5814279036,47074864.0000000000,9
3050,134,0.5857726058,47074864.0000000000,5
3050,135,0.5825304603,47074864.0000000000,31
3050,136,0.5829727773,47074864.0000000000,8
3050,137,0.5830759010,47074864.0000000000,32
3050,138,0.5831737416,47074864.0000000000,13
3050,139,0.5817557358,47074864.0000000000,26
3050,140,0.5825283058,47074864.0000000000,20
3050,141,0.5813434913,47074864.0000000000,17
3050,142,0.5825583726,47074864.0000000000,19
3050,143,0.5840779097,47074864.0000000000,7
3050,144,0.5824216804,47074864.0000000000,33
3050,145,0.5816258003,47074864.0000000000,22
3050,146,0.5831957195,47074864.0000000000,6
3050,147,0.5822205007,47074864.0000000000,34
3050,148,0.5817682336,47074864.0000000000,18
3050,149,0.5813154213,47074864.0000000000,21
3050,150,0.5830815214,47074864.0000000000,8
3050,151,0.5817073476,47074864.0000000000,11
3050,152,0.5814164566,47074864.0000000000,24
3100,0,0.1780936300,259251648.0000000000,2
3100,1,0.1462938000,228273504.0000000000,4
3100,2,0.1295797800,212537856.0000000000,12
3100,3,0.1287067130,211960416.0000000000,15
3100,4,0.1278371070,211784464.0000000000,16
3100,5,0.1299980870,213240080.0000000000,14
3100,6,0.1517011120,231570208.0000000000,3
3100,7,0.4011701500,459609184.0000000000,19
3100,8,0.2973757680,368329168.0000000000,1
3100,9,0.3944646730,499182432.0000000000,17
3100,10,0.3957878130,491374752.0000000000,21
3100,11,0.3536628420,450777632.0000000000,9
3100,12,0.3082614560,410035520.0000000000,13
3100,13,0.3032639930,405942848.0000000000,8
3100,14,0.3102535030,411702224.0000000000,11
3100,15,0.3886853030,480437104.0000000000,10
3100,16,0.3223962730,430583936.0000000000,0
3100,17,0.2912005070,404890928.0000000000,0
3100,18,0.3177808290,436212672.0000000000,3
3100,19,0.3181206900,436511952.0000000000,5
3100,20,0.3697602900,478212656.0000000000,7
3100,21,0.4168495240,519634960.0000000000,27
3100,22,0.4166525410,525515968.0000000000,18
3100,23,0.4116105070,514501552.0000000000,28
3100,24,0.3353290200,449753904.0000000000,24
3100,25,0.3177652080,436507648.0000000000,25
3100,26,0.3174119260,436239552.0000000000,15
3100,27,0.3178552870,436246704.0000000000,4
3100,28,0.3174724720,436508208.0000000000,22
3100,29,0.3176209010,436506752.0000000000,26
3100,30,0.3178681370,436512768.0000000000,14
3100,31,0.3176775280,436508368.0000000000,23
3100,32,0.3178498660,436510240.0000000000,6
3100,33,0.3177149690,436510352.0000000000,16
3100,34,0.3177438270,436513040.0000000000,20
3100,35,0.3176620590,436247312.0000000000,12
3100,36,0.3167957710,435133072.0000000000,1
3100,37,0.3179736210,436502256.0000000000,34
3100,38,0.3181783790,436535232.0000000000,33
3100,39,0.3181086630,436517776.0000000000,29
3100,40,0.3180266350,436481216.0000000000,30
3100,41,0.3180776520,436495840.0000000000,32
3100,42,0.3182409920,436551488.0000000000,35
3100,43,0.3182445880,436460896.0000000000,31
3100,44,0.3171489250,435112848.0000000000,2
3100,45,0.0821431930,131791536.0000000000,23
3100,46,0.0820974300,132148144.0000000000,26
3100,47,0.0821917720,132126560.0000000000,6
3100,48,0.0822783540,132140064.0000000000,20
3100,49,0.0821282880,132150272.0000000000,25
3100,50,0.0823016050,132152032.0000000000,5
3100,51,0.0823036590,132142832.0000000000,7
3100,52,0.0821448370,132143248.0000000000,22
3100,53,0.0819858920,131808528.0000000000,24
3100,54,0.0206188370,54827568.0000000000,28
3100,55,0.0205965010,54827568.0000000000,18
3100,56,0.0206532460,54827568.0000000000,28
3100,57,0.0206100410,54827568.0000000000,20
3100,58,0.0206044540,54827568.0000000000,27
3100,59,0.0205481940,54827568.0000000000,25
3100,60,0.0205986950,54827568.0000000000,17
3100,61,0.0205958370,54827568.0000000000,35
3100,62,0.0206423770,54827568.0000000000,8
3100,63,0.0205789990,54827568.0000000000,18
3100,64,0.0206120850,54827568.0000000000,29
3100,65,0.0206142420,54827568.0000000000,6
3100,66,0.0205724130,54827568.0000000000,26
3100,67,0.0206133460,54827568.0000000000,31
3100,68,0.0206603540,54827568.0000000000,34
3100,69,0.0205859080,54827568.0000000000,27
3100,70,0.0205484260,54827568.0000000000,27
3100,71,0.0206231800,54827568.0000000000,32
3100,72,0.0205684310,54827568.0000000000,28
3100,73,0.0207071340,54827568.0000000000,32
3100,74,0.0206322990,54827568.0000000000,33
3100,75,0.0205752370,54827568.0000000000,27
3100,76,0.0206410470,54827568.0000000000,35
3100,77,0.0205830920,54827568.0000000000,8
3100,78,0.0206394280,54827568.0000000000,30
3100,79,0.0206251160,54827568.0000000000,34
3100,80,0.0206425280,54827568.0000000000,33
3100,81,0.0206060430,54827568.0000000000,31
3100,82,0.0206466240,54827568.0000000000,29
3100,83,0.0205862680,54827568.0000000000,9
3100,84,0.0206983320,54827568.0000000000,30
3100,85,0.0206223650,54827568.0000000000,29
3100,86,0.0206726370,54827568.0000000000,8
3100,87,0.0206491560,54827568.0000000000,31
3100,88,0.0206344830,54827568.0000000000,5
3100,89,0.0206020370,54827568.0000000000,29
3100,90,0.0206232180,54827568.0000000000,29
3100,91,0.0205273900,54827568.0000000000,17
3100,92,0.0206762260,54827568.0000000000,17
3100,93,0.0206381110,54827568.0000000000,7
3100,94,0.0206565550,54827568.0000000000,34
3100,95,0.0206486970,54827568.0000000000,31
3100,96,0.0206720300,54827568.0000000000,30
3100,97,0.0205240540,54827568.0000000000,21
3100,98,0.0206015080,54827568.0000000000,13
3100,99,0.0205985920,54827568.0000000000,24
3100,100,0.0206136010,54827568.0000000000,11
3100,101,0.0206212970,54827568.0000000000,32
3100,102,0.0205782060,54827568.0000000000,18
3100,103,0.0206208980,54827568.0000000000,32
3100,104,0.0206501350,54827568.0000000000,33
3100,105,0.0205595900,54827568.0000000000,34
3100,106,0.0206226620,54827568.0000000000,19
3100,107,0.0206276390,54827568.0000000000,19
3100,108,0.0206420850,54827568.0000000000,23
3100,109,0.0205999650,54827568.0000000000,35
3100,110,0.0206514210,54827568.0000000000,30
3100,111,0.0205503160,54827568.0000000000,22
3100,112,0.0206137280,54827568.0000000000,28
3100,113,0.0206461160,54827568.0000000000,33
3100,114,0.0206221390,54827568.0000000000,35
3100,115,0.0205845120,54827568.0000000000,21
3100,116,0.0205821000,54827568.0000000000,10
3100,117,0.0177962920,47074864.0000000000,11
3100,118,0.0178504240,47074864.0000000000,35
3100,119,0.0178593120,47074864.0000000000,30
3100,120,0.0178382520,47074864.0000000000,10
3100,121,0.0179442130,47074864.0000000000,5
3100,122,0.0178667350,47074864.0000000000,19
3100,123,0.0178175830,47074864.0000000000,25
3100,124,0.0178777620,47074864.0000000000,23
3100,125,0.0178607930,47074864.0000000000,6
3100,126,0.0178492100,47074864.0000000000,13
3100,127,0.0178881140,47074864.0000000000,28
3100,128,0.0179093850,47074864.0000000000,7
3100,129,0.0178066310,47074864.0000000000,9
3100,130,0.0177969500,47074864.0000000000,17
3100,131,0.0178361810,47074864.0000000000,27
3100,132,0.0177964900,47074864.0000000000,10
3100,133,0.0178027550,47074864.0000000000,9
3100,134,0.0179016210,47074864.0000000000,5
3100,135,0.0178258450,47074864.0000000000,31
3100,136,0.0178151980,47074864.0000000000,8
3100,137,0.0178442120,47074864.0000000000,32
3100,138,0.0178568450,47074864.0000000000,13
3100,139,0.0178106000,47074864.0000000000,26
3100,140,0.0178127790,47074864.0000000000,20
3100,141,0.0178094340,47074864.0000000000,17
3100,142,0.0178430810,47074864.0000000000,19
3100,143,0.0178690380,47074864.0000000000,7
3100,144,0.0178688800,47074864.0000000000,33
3100,145,0.0178097020,47074864.0000000000,22
3100,146,0.0178598190,47074864.0000000000,6
3100,147,0.0178561360,47074864.0000000000,34
3100,148,0.0177950560,47074864.0000000000,18
3100,149,0.0177977010,47074864.0000000000,21
3100,150,0.0178655960,47074864.0000000000,8
3100,151,0.0178032150,47074864.0000000000,11
3100,152,0.0178263410,47074864.0000000000,24
3150,0,5.7002295936,257437584.0000000000,2
3150,1,4.7075534285,228148656.0000000000,4
3150,2,4.1778608336,212522768.0000000000,12
3150,3,4.1459554238,211914000.0000000000,15
3150,4,4.1213184466,211879424.0000000000,16
3150,5,4.1873511441,213284096.0000000000,14
3150,6,4.8808231842,231088640.0000000000,3
3150,7,12.8779553134,459009968.0000000000,19
3150,8,9.5764740368,368969344.0000000000,1
3150,9,12.7094040247,501136160.0000000000,17
3150,10,12.7192988244,491431968.0000000000,21
3150,11,11.2374355389,444719360.0000000000,9
3150,12,9.8882102905,409132944.0000000000,13
3150,13,9.7242550178,405232272.0000000000,8
3150,14,9.9412159242,410458816.0000000000,11
3150,15,12.4634427239,478915712.0000000000,10
3150,16,10.3913134068,431331776.0000000000,0
3150,17,9.3616897524,404728048.0000000000,0
3150,18,10.2314626296,436198624.0000000000,3
3150,19,10.2374792325,436526032.0000000000,5
3150,20,12.0139448987,483688560.0000000000,7
3150,21,13.4205779221,520278960.0000000000,27
3150,22,13.4083918719,525986256.0000000000,18
3150,23,13.2542345263,515155632.0000000000,28
3150,24,10.8342103015,451768560.0000000000,24
3150,25,10.2245024727,436506912.0000000000,25
3150,26,10.2177588066,436226208.0000000000,15
3150,27,10.2262023732,436235232.0000000000,4
3150,28,10.2202094672,436503840.0000000000,22
3150,29,10.2215897620,436508832.0000000000,26
3150,30,10.2242585313,436510528.0000000000,14
3150,31,10.2229322844,436506160.0000000000,23
3150,32,10.2243795775,436509808.0000000000,6
3150,33,10.2229380548,436510608.0000000000,16
3150,34,10.2227579163,436513808.0000000000,20
3150,35,10.2231205929,436233264.0000000000,12
3150,36,10.1929731885,435105728.0000000000,1
3150,37,10.2341229335,436503248.0000000000,34
3150,38,10.2381974842,436539280.0000000000,33
3150,39,10.2390256555,436515968.0000000000,29
3150,40,10.2377935383,436481456.0000000000,30
3150,41,10.2376783999,436500448.0000000000,32
3150,42,10.2367209529,436552416.0000000000,35
3150,43,10.2387271755,436465744.0000000000,31
3150,44,10.2014875518,435088928.0000000000,2
3150,45,2.6496741126,131788864.0000000000,23
3150,46,2.6518692492,132150048.0000000000,26
3150,47,2.6526270666,132125664.0000000000,6
3150,48,2.6547552530,132141968.0000000000,20
3150,49,2.6524990932,132146816.0000000000,25
3150,50,2.6566233243,132152624.0000000000,5
3150,51,2.6565009398,132141088.0000000000,7
3150,52,2.6522827515,132141728.0000000000,22
3150,53,2.6465780036,131803792.0000000000,24
3150,54,0.6752547071,54827568.0000000000,28
3150,55,0.6731394366,54827568.0000000000,18
3150,56,0.6751785595,54827568.0000000000,28
3150,57,0.6744775214,54827568.0000000000,20
3150,58,0.6737203037,54827568.0000000000,27
3150,59,0.6722459069,54827568.0000000000,25
3150,60,0.6726580075,54827568.0000000000,17
3150,61,0.6729249514,54827568.0000000000,35
3150,62,0.6756354539,54827568.0000000000,8
3150,63,0.6722405894,54827568.0000000000,18
3150,64,0.6736771249,54827568.0000000000,29
3150,65,0.6739033788,54827568.0000000000,6
3150,66,0.6725443926,54827568.0000000000,26
3150,67,0.6740331359,54827568.0000000000,31
3150,68,0.6741720115,54827568.0000000000,34
3150,69,0.6740301310,54827568.0000000000,27
3150,70,0.6740292828,54827568.0000000000,27
3150,71,0.6748844175,54827568.0000000000,32
3150,72,0.6750666199,54827568.0000000000,28
3150,73,0.6751032657,54827568.0000000000,32
3150,74,0.6742043424,54827568.0000000000,33
3150,75,0.6739313327,54827568.0000000000,27
3150,76,0.6732981074,54827568.0000000000,35
3150,77,0.6748474424,54827568.0000000000,8
3150,78,0.6745533703,54827568.0000000000,30
3150,79,0.6738532527,54827568.0000000000,34
3150,80,0.6739902132,54827568.0000000000,33
3150,81,0.6741064961,54827568.0000000000,31
3150,82,0.6738099993,54827568.0000000000,29
3150,83,0.6734798658,54827568.0000000000,9
3150,84,0.6748695340,54827568.0000000000,30
3150,85,0.6734992480,54827568.0000000000,29
3150,86,0.6749882523,54827568.0000000000,8
3150,87,0.6738196544,54827568.0000000000,31
3150,88,0.6749903340,54827568.0000000000,5
3150,89,0.6738826763,54827568.0000000000,29
3150,90,0.6736742767,54827568.0000000000,29
3150,91,0.6726863066,54827568.0000000000,17
3150,92,0.6724857315,54827568.0000000000,17
3150,93,0.6755129280,54827568.0000000000,7
3150,94,0.6735995386,54827568.0000000000,34
3150,95,0.6739200556,54827568.0000000000,31
3150,96,0.6743659090,54827568.0000000000,30
3150,97,0.6726452465,54827568.0000000000,21
3150,98,0.6737832719,54827568.0000000000,13
3150,99,0.6732928245,54827568.0000000000,24
3150,100,0.6731629290,54827568.0000000000,11
3150,101,0.6747068635,54827568.0000000000,32
3150,102,0.6729524452,54827568.0000000000,18
3150,103,0.6746378660,54827568.0000000000,32
3150,104,0.6739750089,54827568.0000000000,33
3150,105,0.6735161350,54827568.0000000000,34
3150,106,0.6741094609,54827568.0000000000,19
3150,107,0.6747583146,54827568.0000000000,19
3150,108,0.6741031311,54827568.0000000000,23
3150,109,0.6733150369,54827568.0000000000,35
3150,110,0.6743784714,54827568.0000000000,30
3150,111,0.6724552729,54827568.0000000000,22
3150,112,0.6749182976,54827568.0000000000,28
3150,113,0.6735533905,54827568.0000000000,33
3150,114,0.6733487068,54827568.0000000000,35
3150,115,0.6724896637,54827568.0000000000,21
3150,116,0.6742127546,54827568.0000000000,10
3150,117,0.5816561566,47074864.0000000000,11
3150,118,0.5832476663,47074864.0000000000,35
3150,119,0.5832362822,47074864.0000000000,30
3150,120,0.5821531797,47074864.0000000000,10
3150,121,0.5859467415,47074864.0000000000,5
3150,122,0.5827920621,47074864.0000000000,19
3150,123,0.5819304725,47074864.0000000000,25
3150,124,0.5832599352,47074864.0000000000,23
3150,125,0.5833089825,47074864.0000000000,6
3150,126,0.5833188447,47074864.0000000000,13
3150,127,0.5836844472,47074864.0000000000,28
3150,128,0.5842455066,47074864.0000000000,7
3150,129,0.5815043405,47074864.0000000000,9
3150,130,0.5814386450,47074864.0000000000,17
3150,131,0.5822851359,47074864.0000000000,27
3150,132,0.5825809072,47074864.0000000000,10
3150,133,0.5815921029,47074864.0000000000,9
3150,134,0.5859162083,47074864.0000000000,5
3150,135,0.5824949066,47074864.0000000000,31
3150,136,0.5829955871,47074864.0000000000,8
3150,137,0.5831872178,47074864.0000000000,32
3150,138,0.5832200022,47074864.0000000000,13
3150,139,0.5817854560,47074864.0000000000,26
3150,140,0.5827562723,47074864.0000000000,20
3150,141,0.5812566082,47074864.0000000000,17
3150,142,0.5827822474,47074864.0000000000,19
3150,143,0.5840778731,47074864.0000000000,7
3150,144,0.5825340351,47074864.0000000000,33
3150,145,0.5815315000,47074864.0000000000,22
3150,146,0.5833187531,47074864.0000000000,6
3150,147,0.5822593029,47074864.0000000000,34
3150,148,0.5816501962,47074864.0000000000,18
3150,149,0.5812401772,47074864.0000000000,21
3150,150,0.5832491683,47074864.0000000000,8
3150,151,0.5816533725,47074864.0000000000,11
3150,152,0.5815292308,47074864.0000000000,24
3200,0,0.1752356880,255547248.0000000000,2
3200,1,0.1448682950,227948192.0000000000,4
3200,2,0.1286221390,212533760.0000000000,12
3200,3,0.1285387660,211925568.0000000000,15
3200,4,0.1279486980,212166992.0000000000,16
3200,5,0.1298715240,213346416.0000000000,14
3200,6,0.1497335410,230714640.0000000000,3
3200,7,0.3975338340,457143888.0000000000,19
3200,8,0.2967440670,370242208.0000000000,1
3200,9,0.3954789980,502702640.0000000000,17
3200,10,0.3951778800,491148272.0000000000,21
3200,11,0.3430442700,440373504.0000000000,9
3200,12,0.3067645430,408364608.0000000000,13
3200,13,0.3008958670,404002336.0000000000,8
3200,14,0.3071402890,409057472.0000000000,11
3200,15,0.3854084030,476914704.0000000000,10
3200,16,0.3233308010,432375392.0000000000,0
3200,17,0.2895311660,404597664.0000000000,0
3200,18,0.3178939360,436185456.0000000000,3
3200,19,0.3194696320,436995200.0000000000,5
3200,20,0.3808132960,487416368.0000000000,7
3200,21,0.4189039420,520736368.0000000000,27
3200,22,0.4188911960,526797920.0000000000,18
3200,23,0.4140703590,515830096.0000000000,28
3200,24,0.3403174280,453613312.0000000000,24
3200,25,0.3178036850,436507728.0000000000,25
3200,26,0.3176335740,436215456.0000000000,15
3200,27,0.3177292830,436218544.0000000000,4
3200,28,0.3177144120,436508560.0000000000,22
3200,29,0.3177104110,436509680.0000000000,26
3200,30,0.3176205200,436509824.0000000000,14
3200,31,0.3175232680,436505376.0000000000,23
3200,32,0.3177398240,436513072.0000000000,6
3200,33,0.3175528070,436505536.0000000000,16
3200,34,0.3177596550,436511936.0000000000,20
3200,35,0.3176676410,436224160.0000000000,12
3200,36,0.3165920380,435082688.0000000000,1
3200,37,0.3180533230,436502496.0000000000,34
3200,38,0.3181054910,436536592.0000000000,33
3200,39,0.3182029220,436515888.0000000000,29
3200,40,0.3181738860,436476912.0000000000,30
3200,41,0.3223776030,436506096.0000000000,32
3200,42,0.3181777640,436544896.0000000000,35
3200,43,0.3181255120,436464432.0000000000,31
3200,44,0.3170028450,435068336.0000000000,2
3200,45,0.0821391580,131785040.0000000000,23
3200,46,0.0821818620,132150896.0000000000,26
3200,47,0.0822156060,132125376.0000000000,6
3200,48,0.0822380050,132141200.0000000000,20
3200,49,0.0821057470,132147136.0000000000,25
3200,50,0.0823420420,132154416.0000000000,5
3200,51,0.0821525540,132143760.0000000000,7
3200,52,0.0821174550,132142224.0000000000,22
3200,53,0.0819875150,131797632.0000000000,24
3200,54,0.0206793970,54827568.0000000000,28
3200,55,0.0206266260,54827568.0000000000,18
3200,56,0.0206164730,54827568.0000000000,28
3200,57,0.0205831410,54827568.0000000000,20
3200,58,0.0206118670,54827568.0000000000,27
3200,59,0.0205965150,54827568.0000000000,25
3200,60,0.0205672110,54827568.0000000000,17
3200,61,0.0206408250,54827568.0000000000,35
3200,62,0.0206211790,54827568.0000000000,8
3200,63,0.0206494120,54827568.0000000000,18
3200,64,0.0207348730,54827568.0000000000,29
3200,65,0.0206080020,54827568.0000000000,6
3200,66,0.0205796160,54827568.0000000000,26
3200,67,0.0206178560,54827568.0000000000,31
3200,68,0.0206073510,54827568.0000000000,34
3200,69,0.0206124160,54827568.0000000000,27
3200,70,0.0207170700,54827568.0000000000,27
3200,71,0.0206612660,54827568.0000000000,32
3200,72,0.0206667200,54827568.0000000000,28
3200,73,0.0207267800,54827568.0000000000,32
3200,74,0.0206679370,54827568.0000000000,33
3200,75,0.0205915880,54827568.0000000000,27
3200,76,0.0206893080,54827568.0000000000,35
3200,77,0.0206034530,54827568.0000000000,8
3200,78,0.0206810080,54827568.0000000000,30
3200,79,0.0205472430,54827568.0000000000,34
3200,80,0.0207077250,54827568.0000000000,33
3200,81,0.0206693650,54827568.0000000000,31
3200,82,0.0206267040,54827568.0000000000,29
3200,83,0.0206363570,54827568.0000000000,9
3200,84,0.0206563620,54827568.0000000000,30
3200,85,0.0206112240,54827568.0000000000,29
3200,86,0.0206561960,54827568.0000000000,8
3200,87,0.0206494600,54827568.0000000000,31
3200,88,0.0207177030,54827568.0000000000,5
3200,89,0.0206441180,54827568.0000000000,29
3200,90,0.0206954560,54827568.0000000000,29
3200,91,0.0205735440,54827568.0000000000,17
3200,92,0.0205823200,54827568.0000000000,17
3200,93,0.0206770240,54827568.0000000000,7
3200,94,0.0207013630,54827568.0000000000,34
3200,95,0.0206863690,54827568.0000000000,31
3200,96,0.0206198990,54827568.0000000000,30
3200,97,0.0205440370,54827568.0000000000,21
3200,98,0.0205814790,54827568.0000000000,13
3200,99,0.0206273150,54827568.0000000000,24
3200,100,0.0205823750,54827568.0000000000,11
3200,101,0.0206551620,54827568.0000000000,32
3200,102,0.0205618430,54827568.0000000000,18
3200,103,0.0206716240,54827568.0000000000,32
3200,104,0.0205643170,54827568.0000000000,33
3200,105,0.0206311460,54827568.0000000000,34
3200,106,0.0206812730,54827568.0000000000,19
3200,107,0.0206253020,54827568.0000000000,19
3200,108,0.0206408830,54827568.0000000000,23
3200,109,0.0206336110,54827568.0000000000,35
3200,110,0.0206120350,54827568.0000000000,30
3200,111,0.0206405140,54827568.0000000000,22
3200,112,0.0206038080,54827568.0000000000,28
3200,113,0.0206587110,54827568.0000000000,33
3200,114,0.0206381710,54827568.0000000000,35
3200,115,0.0205809690,54827568.0000000000,21
3200,116,0.0206225020,54827568.0000000000,10
3200,117,0.0177805140,47074864.0000000000,11
3200,118,0.0178519880,47074864.0000000000,35
3200,119,0.0179059300,47074864.0000000000,30
3200,120,0.0178133660,47074864.0000000000,10
3200,121,0.0179617980,47074864.0000000000,5
3200,122,0.0178385000,47074864.0000000000,19
3200,123,0.0177825340,47074864.0000000000,25
3200,124,0.0178452840,47074864.0000000000,23
3200,125,0.0178583870,47074864.0000000000,6
3200,126,0.0178350440,47074864.0000000000,13
3200,127,0.0178707720,47074864.0000000000,28
3200,128,0.0179054060,47074864.0000000000,7
3200,129,0.0178128660,47074864.0000000000,9
3200,130,0.0178079110,47074864.0000000000,17
3200,131,0.0178262910,47074864.0000000000,27
3200,132,0.0178161300,47074864.0000000000,10
3200,133,0.0178107530,47074864.0000000000,9
3200,134,0.0179023720,47074864.0000000000,5
3200,135,0.0178156540,47074864.0000000000,31
3200,136,0.0178928600,47074864.0000000000,8
3200,137,0.0178651330,47074864.0000000000,32
3200,138,0.0178829440,47074864.0000000000,13
3200,139,0.0178421800,47074864.0000000000,26
3200,140,0.0178357840,47074864.0000000000,20
3200,141,0.0178043240,47074864.0000000000,17
3200,142,0.0178038040,47074864.0000000000,19
3200,143,0.0179002470,47074864.0000000000,7
3200,144,0.0178593710,47074864.0000000000,33
3200,145,0.0178271200,47074864.0000000000,22
3200,146,0.0178951190,47074864.0000000000,6
3200,147,0.0178212890,47074864.0000000000,34
3200,148,0.0178328690,47074864.0000000000,18
3200,149,0.0178002970,47074864.0000000000,21
3200,150,0.0178445280,47074864.0000000000,8
3200,151,0.0177825160,47074864.0000000000,11
3200,152,0.0178206870,47074864.0000000000,24
3250,0,5.6119646697,253765872.0000000000,2
3250,1,4.6636988141,227784400.0000000000,4
3250,2,4.1773958131,212634000.0000000000,12
3250,3,4.1388794823,211980480.0000000000,15
3250,4,4.1296556973,212357168.0000000000,16
3250,5,4.1840150592,213443600.0000000000,14
3250,6,4.8156263447,230344480.0000000000,3
3250,7,12.6967218451,453905296.0000000000,19
3250,8,9.6218164231,371616800.0000000000,1
3250,9,12.7442176773,504017616.0000000000,17
3250,10,12.6890278275,490522784.0000000000,21
3250,11,10.9517346333,437454160.0000000000,9
3250,12,9.8353051979,407618576.0000000000,13
3250,13,9.6483456378,402971968.0000000000,8
3250,14,9.8340681099,407781760.0000000000,11
3250,15,12.3284181083,474677600.0000000000,10
3250,16,10.4470789780,433676160.0000000000,0
3250,17,9.3327396295,404549568.0000000000,0
3250,18,10.2312263563,436180656.0000000000,3
3250,19,10.2954560142,437704496.0000000000,5
3250,20,12.3121591093,490325792.0000000000,7
3250,21,13.4770882834,521075056.0000000000,27
3250,22,13.4819539339,527377520.0000000000,18
3250,23,13.3294190211,516399280.0000000000,28
3250,24,10.9926022783,455474416.0000000000,24
3250,25,10.2241835812,436508144.0000000000,25
3250,26,10.2182048411,436203248.0000000000,15
3250,27,10.2262061815,436207648.0000000000,4
3250,28,10.2202611340,436510160.0000000000,22
3250,29,10.2215431334,436510464.0000000000,26
3250,30,10.2292613091,436509472.0000000000,14
3250,31,10.2235054253,436510016.0000000000,23
3250,32,10.2245602940,436509552.0000000000,6
3250,33,10.2223952640,436508208.0000000000,16
3250,34,10.2223981097,436506544.0000000000,20
3250,35,10.2212073456,436219952.0000000000,12
3250,36,10.1918561952,435061488.0000000000,1
3250,37,10.2340914051,436498128.0000000000,34
3250,38,10.2396201075,436539136.0000000000,33
3250,39,10.2391120324,436514256.0000000000,29
3250,40,10.2373489307,436478048.0000000000,30
3250,41,10.2395566852,436506928.0000000000,32
3250,42,10.2361779337,436546496.0000000000,35
3250,43,10.2393662639,436461760.0000000000,31
3250,44,10.2000051833,435043952.0000000000,2
3250,45,2.6501451835,131779568.0000000000,23
3250,46,2.6520064819,132151488.0000000000,26
3250,47,2.6533328202,132127392.0000000000,6
3250,48,2.6540940880,132137120.0000000000,20
3250,49,2.6512996554,132147136.0000000000,25
3250,50,2.6573288021,132154976.0000000000,5
3250,51,2.6556807858,132144464.0000000000,7
3250,52,2.6522905032,132145344.0000000000,22
3250,53,2.6469986457,131794352.0000000000,24
3250,54,0.6750349320,54827568.0000000000,28
3250,55,0.6729500643,54827568.0000000000,18
3250,56,0.6748679595,54827568.0000000000,28
3250,57,0.6742371394,54827568.0000000000,20
3250,58,0.6740038772,54827568.0000000000,27
3250,59,0.6720263181,54827568.0000000000,25
3250,60,0.6727524796,54827568.0000000000,17
3250,61,0.6736223157,54827568.0000000000,35
3250,62,0.6751230103,54827568.0000000000,8
3250,63,0.6724494645,54827568.0000000000,18
3250,64,0.6740729381,54827568.0000000000,29
3250,65,0.6739118594,54827568.0000000000,6
3250,66,0.6724689986,54827568.0000000000,26
3250,67,0.6741460514,54827568.0000000000,31
3250,68,0.6741102967,54827568.0000000000,34
3250,69,0.6737480450,54827568.0000000000,27
3250,70,0.6737392612,54827568.0000000000,27
3250,71,0.6748968648,54827568.0000000000,32
3250,72,0.6754697040,54827568.0000000000,28
3250,73,0.6756400930,54827568.0000000000,32
3250,74,0.6741765749,54827568.0000000000,33
3250,75,0.6739986860,54827568.0000000000,27
3250,76,0.6735712417,54827568.0000000000,35
3250,77,0.6745301626,54827568.0000000000,8
3250,78,0.6745274789,54827568.0000000000,30
3250,79,0.6739751000,54827568.0000000000,34
3250,80,0.6739708227,54827568.0000000000,33
3250,81,0.6743902748,54827568.0000000000,31
3250,82,0.6736888865,54827568.0000000000,29
3250,83,0.6734069477,54827568.0000000000,9
3250,84,0.6742686305,54827568.0000000000,30
3250,85,0.6733902425,54827568.0000000000,29
3250,86,0.6751527742,54827568.0000000000,8
3250,87,0.6740781871,54827568.0000000000,31
3250,88,0.6751589954,54827568.0000000000,5
3250,89,0.6739210858,54827568.0000000000,29
3250,90,0.6736838147,54827568.0000000000,29
3250,91,0.6726622183,54827568.0000000000,17
3250,92,0.6725313961,54827568.0000000000,17
3250,93,0.6750286249,54827568.0000000000,7
3250,94,0.6737350026,54827568.0000000000,34
3250,95,0.6741053972,54827568.0000000000,31
3250,96,0.6742412451,54827568.0000000000,30
3250,97,0.6726064860,54827568.0000000000,21
3250,98,0.6735158155,54827568.0000000000,13
3250,99,0.6729677705,54827568.0000000000,24
3250,100,0.6729198915,54827568.0000000000,11
3250,101,0.6750142545,54827568.0000000000,32
3250,102,0.6728968958,54827568.0000000000,18
3250,103,0.6747627577,54827568.0000000000,32
3250,104,0.6740523419,54827568.0000000000,33
3250,105,0.6736621859,54827568.0000000000,34
3250,106,0.6743593897,54827568.0000000000,19
3250,107,0.6746467247,54827568.0000000000,19
3250,108,0.6740314541,54827568.0000000000,23
3250,109,0.6735138263,54827568.0000000000,35
3250,110,0.6740701723,54827568.0000000000,30
3250,111,0.6727922966,54827568.0000000000,22
3250,112,0.6749419179,54827568.0000000000,28
3250,113,0.6737409587,54827568.0000000000,33
3250,114,0.6732556484,54827568.0000000000,35
3250,115,0.6721432547,54827568.0000000000,21
3250,116,0.6735961926,54827568.0000000000,10
3250,117,0.5813577802,47074864.0000000000,11
3250,118,0.5833565034,47074864.0000000000,35
3250,119,0.5832098771,47074864.0000000000,30
3250,120,0.5821423185,47074864.0000000000,10
3250,121,0.5857666570,47074864.0000000000,5
3250,122,0.5827053049,47074864.0000000000,19
3250,123,0.5824897572,47074864.0000000000,25
3250,124,0.5832302348,47074864.0000000000,23
3250,125,0.5831127589,47074864.0000000000,6
3250,126,0.5832181541,47074864.0000000000,13
3250,127,0.5836392583,47074864.0000000000,28
3250,128,0.5842305764,47074864.0000000000,7
3250,129,0.5814150449,47074864.0000000000,9
3250,130,0.5812905231,47074864.0000000000,17
3250,131,0.5823904432,47074864.0000000000,27
3250,132,0.5823681126,47074864.0000000000,10
3250,133,0.5815465969,47074864.0000000000,9
3250,134,0.5860552029,47074864.0000000000,5
3250,135,0.5823892579,47074864.0000000000,31
3250,136,0.5829774906,47074864.0000000000,8
3250,137,0.5830052462,47074864.0000000000,32
3250,138,0.5829688671,47074864.0000000000,13
3250,139,0.5817846802,47074864.0000000000,26
3250,140,0.5827048062,47074864.0000000000,20
3250,141,0.5812257934,47074864.0000000000,17
3250,142,0.5825832170,47074864.0000000000,19
3250,143,0.5839175679,47074864.0000000000,7
3250,144,0.5823236453,47074864.0000000000,33
3250,145,0.5815793739,47074864.0000000000,22
3250,146,0.5832447688,47074864.0000000000,6
3250,147,0.5822425758,47074864.0000000000,34
3250,148,0.5818950720,47074864.0000000000,18
3250,149,0.5816264356,47074864.0000000000,21
3250,150,0.5833098748,47074864.0000000000,8
3250,151,0.5818006845,47074864.0000000000,11
3250,152,0.5815761586,47074864.0000000000,24
3300,0,0.1717010340,251672080.0000000000,2
3300,1,0.1446036850,227603984.0000000000,4
3300,2,0.1304561890,212823280.0000000000,12
3300,3,0.1282803400,211970704.0000000000,15
3300,4,0.1291655710,212380608.0000000000,16
3300,5,0.1297518490,213459360.0000000000,14
3300,6,0.1500826040,230011264.0000000000,3
3300,7,0.3913294990,451212112.0000000000,19
3300,8,0.3028660890,372521328.0000000000,1
3300,9,0.4010183840,505206592.0000000000,17
3300,10,0.3943737140,489605616.0000000000,21
3300,11,0.3372731460,434986912.0000000000,9
3300,12,0.3050844800,406929744.0000000000,13
3300,13,0.2989053230,401962880.0000000000,8
3300,14,0.3032779590,406204832.0000000000,11
3300,15,0.3791680940,471517328.0000000000,10
3300,16,0.3280502800,435077280.0000000000,0
3300,17,0.2908474010,404585824.0000000000,0
3300,18,0.3178228190,436170464.0000000000,3
3300,19,0.3213042720,438528928.0000000000,5
3300,20,0.3876079540,492729872.0000000000,7
3300,21,0.4205337220,521309248.0000000000,27
3300,22,0.4213524610,528136320.0000000000,18
3300,23,0.4166447830,517405488.0000000000,28
3300,24,0.3461176820,457956224.0000000000,24
3300,25,0.3177731560,436505984.0000000000,25
3300,26,0.3175710940,436192016.0000000000,15
3300,27,0.3177433540,436194624.0000000000,4
3300,28,0.3175712750,436507264.0000000000,22
3300,29,0.3176159220,436509984.0000000000,26
3300,30,0.3177116450,436516272.0000000000,14
3300,31,0.3177070660,436505456.0000000000,23
3300,32,0.3176320110,436511808.0000000000,6
3300,33,0.3176388580,436506960.0000000000,16
3300,34,0.3176851040,436514672.0000000000,20
3300,35,0.3177129760,436208880.0000000000,12
3300,36,0.3167541010,435040880.0000000000,1
3300,37,0.3180224520,436499520.0000000000,34
3300,38,0.3181716810,436544256.0000000000,33
3300,39,0.3181494560,436513280.0000000000,29
3300,40,0.3180871850,436475744.0000000000,30
3300,41,0.3181145020,436504016.0000000000,32
3300,42,0.3182679100,436549024.0000000000,35
3300,43,0.3181233440,436455872.0000000000,31
3300,44,0.3169147010,435024272.0000000000,2
3300,45,0.0822372990,131777648.0000000000,23
3300,46,0.0820595410,132147008.0000000000,26
3300,47,0.0822613260,132127104.0000000000,6
3300,48,0.0822747710,132134048.0000000000,20
3300,49,0.0822002520,132146016.0000000000,25
3300,50,0.0822293630,132156032.0000000000,5
3300,51,0.0822578690,132143504.0000000000,7
3300,52,0.0821739370,132146816.0000000000,22
3300,53,0.0819539150,131786608.0000000000,24
3300,54,0.0206070090,54827568.0000000000,28
3300,55,0.0205527440,54827568.0000000000,18
3300,56,0.0207019890,54827568.0000000000,28
3300,57,0.0206826840,54827568.0000000000,20
3300,58,0.0206640840,54827568.0000000000,27
3300,59,0.0205992990,54827568.0000000000,25
3300,60,0.0205786540,54827568.0000000000,17
3300,61,0.0205998750,54827568.0000000000,35
3300,62,0.0206496320,54827568.0000000000,8
3300,63,0.0205256010,54827568.0000000000,18
3300,64,0.0205955330,54827568.0000000000,29
3300,65,0.0205963890,54827568.0000000000,6
3300,66,0.0205931280,54827568.0000000000,26
3300,67,0.0206192000,54827568.0000000000,31
3300,68,0.0206350730,54827568.0000000000,34
3300,69,0.0206462490,54827568.0000000000,27
3300,70,0.0206144880,54827568.0000000000,27
3300,71,0.0206903220,54827568.0000000000,32
3300,72,0.0207015370,54827568.0000000000,28
3300,73,0.0206073020,54827568.0000000000,32
3300,74,0.0206785690,54827568.0000000000,33
3300,75,0.0205981660,54827568.0000000000,27
3300,76,0.0205831960,54827568.0000000000,35
3300,77,0.0207485640,54827568.0000000000,8
3300,78,0.0207013370,54827568.0000000000,30
3300,79,0.0205414950,54827568.0000000000,34
3300,80,0.0206825350,54827568.0000000000,33
3300,81,0.0206769120,54827568.0000000000,31
3300,82,0.0206777230,54827568.0000000000,29
3300,83,0.0205809990,54827568.0000000000,9
3300,84,0.0206747560,54827568.0000000000,30
3300,85,0.0206416420,54827568.0000000000,29
3300,86,0.0206525870,54827568.0000000000,8
3300,87,0.0206460620,54827568.0000000000,31
3300,88,0.0207012400,54827568.0000000000,5
3300,89,0.0206099930,54827568.0000000000,29
3300,90,0.0206749480,54827568.0000000000,29
3300,91,0.0205832530,54827568.0000000000,17
3300,92,0.0206404220,54827568.0000000000,17
3300,93,0.0206771250,54827568.0000000000,7
3300,94,0.0205635840,54827568.0000000000,34
3300,95,0.0206171560,54827568.0000000000,31
3300,96,0.0206345580,54827568.0000000000,30
3300,97,0.0205981130,54827568.0000000000,21
3300,98,0.0206462400,54827568.0000000000,13
3300,99,0.0205830260,54827568.0000000000,24
3300,100,0.0206179710,54827568.0000000000,11
3300,101,0.0206826070,54827568.0000000000,32
3300,102,0.0205682940,54827568.0000000000,18
3300,103,0.0206892280,54827568.0000000000,32
3300,104,0.0205887850,54827568.0000000000,33
3300,105,0.0206903620,54827568.0000000000,34
3300,106,0.0206487690,54827568.0000000000,19
3300,107,0.0206809220,54827568.0000000000,19
3300,108,0.0206187020,54827568.0000000000,23
3300,109,0.0205297910,54827568.0000000000,35
3300,110,0.0206047610,54827568.0000000000,30
3300,111,0.0206370370,54827568.0000000000,22
3300,112,0.0205928470,54827568.0000000000,28
3300,113,0.0205873630,54827568.0000000000,33
3300,114,0.0206011890,54827568.0000000000,35
3300,115,0.0206297020,54827568.0000000000,21
3300,116,0.0206303030,54827568.0000000000,10
3300,117,0.0177855210,47074864.0000000000,11
3300,118,0.0178449430,47074864.0000000000,35
3300,119,0.0178495530,47074864.0000000000,30
3300,120,0.0178290770,47074864.0000000000,10
3300,121,0.0179103390,47074864.0000000000,5
3300,122,0.0178778540,47074864.0000000000,19
3300,123,0.0178241720,47074864.0000000000,25
3300,124,0.0178444610,47074864.0000000000,23
3300,125,0.0178462130,47074864.0000000000,6
3300,126,0.0178594190,47074864.0000000000,13
3300,127,0.0178794280,47074864.0000000000,28
3300,128,0.0179057790,47074864.0000000000,7
3300,129,0.0178159100,47074864.0000000000,9
3300,130,0.0177870480,47074864.0000000000,17
3300,131,0.0178370070,47074864.0000000000,27
3300,132,0.0178573580,47074864.0000000000,10
3300,133,0.0177629750,47074864.0000000000,9
3300,134,0.0179573180,47074864.0000000000,5
3300,135,0.0178598730,47074864.0000000000,31
3300,136,0.0178415090,47074864.0000000000,8
3300,137,0.0178288220,47074864.0000000000,32
3300,138,0.0178501690,47074864.0000000000,13
3300,139,0.0178159050,47074864.0000000000,26
3300,140,0.0178258560,47074864.0000000000,20
3300,141,0.0178017680,47074864.0000000000,17
3300,142,0.0178198210,47074864.0000000000,19
3300,143,0.0178728460,47074864.0000000000,7
3300,144,0.0178376420,47074864.0000000000,33
3300,145,0.0177743170,47074864.0000000000,22
3300,146,0.0178768740,47074864.0000000000,6
3300,147,0.0178044850,47074864.0000000000,34
3300,148,0.0178320470,47074864.0000000000,18
3300,149,0.0177984640,47074864.0000000000,21
3300,150,0.0178290770,47074864.0000000000,8
3300,151,0.0178097680,47074864.0000000000,11
3300,152,0.0177669320,47074864.0000000000,24
3350,0,5.4714119059,249470560.0000000000,2
3350,1,4.6563010212,227394336.0000000000,4
3350,2,4.2054929348,213035888.0000000000,12
3350,3,4.1437424032,211960736.0000000000,15
3350,4,4.1484709903,212334272.0000000000,16
3350,5,4.1938355976,213297520.0000000000,14
3350,6,4.8350248711,229932544.0000000000,3
3350,7,12.5633321775,450266704.0000000000,19
3350,8,9.7490971715,372756240.0000000000,1
3350,9,12.9319214297,506441376.0000000000,17
3350,10,12.6593206321,488630336.0000000000,21
3350,11,10.8043065074,433301760.0000000000,9
3350,12,9.8017550383,406258608.0000000000,13
3350,13,9.5943105872,401164944.0000000000,8
3350,14,9.7353774177,405174480.0000000000,11
3350,15,12.1125925861,468376688.0000000000,10
3350,16,10.5756862955,436278144.0000000000,0
3350,17,9.3660357103,404693456.0000000000,0
3350,18,10.2299663925,436163904.0000000000,3
3350,19,10.3647885975,439419440.0000000000,5
3350,20,12.5116349672,494600496.0000000000,7
3350,21,13.5242512334,521659696.0000000000,27
3350,22,13.5576756508,528768112.0000000000,18
3350,23,13.4184041161,518041312.0000000000,28
3350,24,11.2028881007,460535808.0000000000,24
3350,25,10.2245546140,436511472.0000000000,25
3350,26,10.2180040961,436187104.0000000000,15
3350,27,10.2259412310,436191040.0000000000,4
3350,28,10.2198648805,436508880.0000000000,22
3350,29,10.2212206954,436513424.0000000000,26
3350,30,10.2259712784,436508784.0000000000,14
3350,31,10.2239549350,436508096.0000000000,23
3350,32,10.2238234289,436515104.0000000000,6
3350,33,10.2245208843,436508208.0000000000,16
3350,34,10.2227850981,436513760.0000000000,20
3350,35,10.2229738734,436198832.0000000000,12
3350,36,10.1906774503,435011920.0000000000,1
3350,37,10.2346853317,436502544.0000000000,34
3350,38,10.2391577892,436542576.0000000000,33
3350,39,10.2408322627,436516848.0000000000,29
3350,40,10.2379860013,436477040.0000000000,30
3350,41,10.2380282193,436502304.0000000000,32
3350,42,10.2376735550,436548096.0000000000,35
3350,43,10.2386113408,436459584.0000000000,31
3350,44,10.1997436780,434998448.0000000000,2
3350,45,2.6492462874,131775776.0000000000,23
3350,46,2.6518010813,132147408.0000000000,26
3350,47,2.6534647335,132127040.0000000000,6
3350,48,2.6544388131,132133520.0000000000,20
3350,49,2.6529752313,132146272.0000000000,25
3350,50,2.6576245251,132156336.0000000000,5
3350,51,2.6559677836,132144160.0000000000,7
3350,52,2.6527959770,132146800.0000000000,22
3350,53,2.6467505277,131780144.0000000000,24
3350,54,0.6751317274,54827568.0000000000,28
3350,55,0.6731201862,54827568.0000000000,18
3350,56,0.6751010348,54827568.0000000000,28
3350,57,0.6741113858,54827568.0000000000,20
3350,58,0.6738599346,54827568.0000000000,27
3350,59,0.6719064105,54827568.0000000000,25
3350,60,0.6726025277,54827568.0000000000,17
3350,61,0.6734818845,54827568.0000000000,35
3350,62,0.6751577336,54827568.0000000000,8
3350,63,0.6726302779,54827568.0000000000,18
3350,64,0.6737645086,54827568.0000000000,29
3350,65,0.6740031101,54827568.0000000000,6
3350,66,0.6729881582,54827568.0000000000,26
3350,67,0.6742027449,54827568.0000000000,31
3350,68,0.6738879219,54827568.0000000000,34
3350,69,0.6740626708,54827568.0000000000,27
3350,70,0.6739051682,54827568.0000000000,27
3350,71,0.6747110127,54827568.0000000000,32
3350,72,0.6750037899,54827568.0000000000,28
3350,73,0.6747472560,54827568.0000000000,32
3350,74,0.6741766901,54827568.0000000000,33
3350,75,0.6740863710,54827568.0000000000,27
3350,76,0.6737185895,54827568.0000000000,35
3350,77,0.6750900444,54827568.0000000000,8
3350,78,0.6748602667,54827568.0000000000,30
3350,79,0.6740037309,54827568.0000000000,34
3350,80,0.6740701240,54827568.0000000000,33
3350,81,0.6742792024,54827568.0000000000,31
3350,82,0.6735885696,54827568.0000000000,29
3350,83,0.6732262631,54827568.0000000000,9
3350,84,0.6746142005,54827568.0000000000,30
3350,85,0.6735795078,54827568.0000000000,29
3350,86,0.6748331509,54827568.0000000000,8
3350,87,0.6738469758,54827568.0000000000,31
3350,88,0.6752365951,54827568.0000000000,5
3350,89,0.6739813562,54827568.0000000000,29
3350,90,0.6739910235,54827568.0000000000,29
3350,91,0.6730689614,54827568.0000000000,17
3350,92,0.6728226654,54827568.0000000000,17
3350,93,0.6752319278,54827568.0000000000,7
3350,94,0.6736320717,54827568.0000000000,34
3350,95,0.6740814779,54827568.0000000000,31
3350,96,0.6743754960,54827568.0000000000,30
3350,97,0.6727069585,54827568.0000000000,21
3350,98,0.6740770412,54827568.0000000000,13
3350,99,0.6731678441,54827568.0000000000,24
3350,100,0.6726384720,54827568.0000000000,11
3350,101,0.6748500964,54827568.0000000000,32
3350,102,0.6727613779,54827568.0000000000,18
3350,103,0.6748023243,54827568.0000000000,32
3350,104,0.6738427816,54827568.0000000000,33
3350,105,0.6738581149,54827568.0000000000,34
3350,106,0.6746075943,54827568.0000000000,19
3350,107,0.6746853677,54827568.0000000000,19
3350,108,0.6740630743,54827568.0000000000,23
3350,109,0.6734412338,54827568.0000000000,35
3350,110,0.6742605970,54827568.0000000000,30
3350,111,0.6726219340,54827568.0000000000,22
3350,112,0.6745514042,54827568.0000000000,28
3350,113,0.6737261797,54827568.0000000000,33
3350,114,0.6733282856,54827568.0000000000,35
3350,115,0.6723840599,54827568.0000000000,21
3350,116,0.6736810355,54827568.0000000000,10
3350,117,0.5814281795,47074864.0000000000,11
3350,118,0.5833117123,47074864.0000000000,35
3350,119,0.5833630330,47074864.0000000000,30
3350,120,0.5824643467,47074864.0000000000,10
3350,121,0.5859808314,47074864.0000000000,5
3350,122,0.5827657403,47074864.0000000000,19
3350,123,0.5817904968,47074864.0000000000,25
3350,124,0.5831845886,47074864.0000000000,23
3350,125,0.5835392317,47074864.0000000000,6
3350,126,0.5833182935,47074864.0000000000,13
3350,127,0.5835114323,47074864.0000000000,28
3350,128,0.5841528863,47074864.0000000000,7
3350,129,0.5813036627,47074864.0000000000,9
3350,130,0.5812502357,47074864.0000000000,17
3350,131,0.5824301504,47074864.0000000000,27
3350,132,0.5825175584,47074864.0000000000,10
3350,133,0.5815624324,47074864.0000000000,9
3350,134,0.5857165892,47074864.0000000000,5
3350,135,0.5825025855,47074864.0000000000,31
3350,136,0.5830080970,47074864.0000000000,8
3350,137,0.5830216069,47074864.0000000000,32
3350,138,0.5831630024,47074864.0000000000,13
3350,139,0.5817661872,47074864.0000000000,26
3350,140,0.5826515779,47074864.0000000000,20
3350,141,0.5814209159,47074864.0000000000,17
3350,142,0.5826000733,47074864.0000000000,19
3350,143,0.5840685140,47074864.0000000000,7
3350,144,0.5825001060,47074864.0000000000,33
3350,145,0.5814994621,47074864.0000000000,22
3350,146,0.5833642556,47074864.0000000000,6
3350,147,0.5820709256,47074864.0000000000,34
3350,148,0.5817636505,47074864.0000000000,18
3350,149,0.5813358094,47074864.0000000000,21
3350,150,0.5831472201,47074864.0000000000,8
3350,151,0.5817538169,47074864.0000000000,11
3350,152,0.5813372044,47074864.0000000000,24
3400,0,0.1652126890,246774528.0000000000,2
3400,1,0.1443944840,227119344.0000000000,4
3400,2,0.1301278770,213163744.0000000000,12
3400,3,0.1293025030,211992928.0000000000,15
3400,4,0.1280944480,212306496.0000000000,16
3400,5,0.1305046750,213066624.0000000000,14
3400,6,0.1495869310,229968752.0000000000,3
3400,7,0.3912092150,450383408.0000000000,19
3400,8,0.3032602150,372342688.0000000000,1
3400,9,0.4040759720,507571984.0000000000,17
3400,10,0.3926431350,487620784.0000000000,21
3400,11,0.3339395370,431813344.0000000000,9
3400,12,0.3039004770,405550384.0000000000,13
3400,13,0.2980061840,400616384.0000000000,8
3400,14,0.3023622360,404718208.0000000000,11
3400,15,0.3724313480,465323616.0000000000,10
3400,16,0.3307937330,437021152.0000000000,0
3400,17,0.2913931020,404823616.0000000000,0
3400,18,0.3177476160,436160672.0000000000,3
3400,19,0.3240936800,440385664.0000000000,5
3400,20,0.3925684990,496202208.0000000000,7
3400,21,0.4215727760,521945296.0000000000,27
3400,22,0.4232580330,529047328.0000000000,18
3400,23,0.4188576400,518276064.0000000000,28
3400,24,0.3532880950,463099152.0000000000,24
3400,25,0.3177148240,436510976.0000000000,25
3400,26,0.3174990060,436177728.0000000000,15
3400,27,0.3178829110,436179568.0000000000,4
3400,28,0.3176883250,436509584.0000000000,22
3400,29,0.3176228190,436509344.0000000000,26
3400,30,0.3181418690,436513024.0000000000,14
3400,31,0.3177071310,436509536.0000000000,23
3400,32,0.3176961090,436513296.0000000000,6
3400,33,0.3176196590,436513040.0000000000,16
3400,34,0.3176882540,436507200.0000000000,20
3400,35,0.3177161840,436195520.0000000000,12
3400,36,0.3166490210,434990048.0000000000,1
3400,37,0.3180956880,436499232.0000000000,34
3400,38,0.3181954200,436543264.0000000000,33
3400,39,0.3182149490,436522464.0000000000,29
3400,40,0.3180346520,436471472.0000000000,30
3400,41,0.3180511420,436503360.0000000000,32
3400,42,0.3181339610,436549072.0000000000,35
3400,43,0.3180467040,436460464.0000000000,31
3400,44,0.3170933710,434973968.0000000000,2
3400,45,0.0821376890,131773248.0000000000,23
3400,46,0.0821536910,132145984.0000000000,26
3400,47,0.0820670020,132124848.0000000000,6
3400,48,0.0821744000,132131328.0000000000,20
3400,49,0.0821694520,132144592.0000000000,25
3400,50,0.0823009340,132156880.0000000000,5
3400,51,0.0822327810,132141744.0000000000,7
3400,52,0.0821086540,132147392.0000000000,22
3400,53,0.0820136590,131777808.0000000000,24
3400,54,0.0206713390,54827568.0000000000,28
3400,55,0.0205652280,54827568.0000000000,18
3400,56,0.0206525060,54827568.0000000000,28
3400,57,0.0206980440,54827568.0000000000,20
3400,58,0.0206410100,54827568.0000000000,27
3400,59,0.0206122060,54827568.0000000000,25
3400,60,0.0206299720,54827568.0000000000,17
3400,61,0.0206114300,54827568.0000000000,35
3400,62,0.0206784000,54827568.0000000000,8
3400,63,0.0205986420,54827568.0000000000,18
3400,64,0.0206290000,54827568.0000000000,29
3400,65,0.0206479310,54827568.0000000000,6
3400,66,0.0206189090,54827568.0000000000,26
3400,67,0.0206105750,54827568.0000000000,31
3400,68,0.0206155680,54827568.0000000000,34
3400,69,0.0206306120,54827568.0000000000,27
3400,70,0.0206673230,54827568.0000000000,27
3400,71,0.0206436290,54827568.0000000000,32
3400,72,0.0207034130,54827568.0000000000,28
3400,73,0.0206938550,54827568.0000000000,32
3400,74,0.0206580890,54827568.0000000000,33
3400,75,0.0205789320,54827568.0000000000,27
3400,76,0.0206435210,54827568.0000000000,35
3400,77,0.0206708280,54827568.0000000000,8
3400,78,0.0205817240,54827568.0000000000,30
3400,79,0.0206617060,54827568.0000000000,34
3400,80,0.0206780000,54827568.0000000000,33
3400,81,0.0206623430,54827568.0000000000,31
3400,82,0.0206701990,54827568.0000000000,29
3400,83,0.0205988680,54827568.0000000000,9
3400,84,0.0206845250,54827568.0000000000,30
3400,85,0.0206231670,54827568.0000000000,29
3400,86,0.0206950320,54827568.0000000000,8
3400,87,0.0206400500,54827568.0000000000,31
3400,88,0.0206911130,54827568.0000000000,5
3400,89,0.0206920580,54827568.0000000000,29
3400,90,0.0206100510,54827568.0000000000,29
3400,91,0.0206339310,54827568.0000000000,17
3400,92,0.0206192530,54827568.0000000000,17
3400,93,0.0206248550,54827568.0000000000,7
3400,94,0.0206410760,54827568.0000000000,34
3400,95,0.0207107260,54827568.0000000000,31
3400,96,0.0205968570,54827568.0000000000,30
3400,97,0.0206438800,54827568.0000000000,21
3400,98,0.0206449380,54827568.0000000000,13
3400,99,0.0205140860,54827568.0000000000,24
3400,100,0.0205515060,54827568.0000000000,11
3400,101,0.0206702920,54827568.0000000000,32
3400,102,0.0206512950,54827568.0000000000,18
3400,103,0.0206401640,54827568.0000000000,32
3400,104,0.0206324910,54827568.0000000000,33
3400,105,0.0207165640,54827568.0000000000,34
3400,106,0.0206305050,54827568.0000000000,19
3400,107,0.0207000400,54827568.0000000000,19
3400,108,0.0206583160,54827568.0000000000,23
3400,109,0.0205816910,54827568.0000000000,35
3400,110,0.0206808680,54827568.0000000000,30
3400,111,0.0205645950,54827568.0000000000,22
3400,112,0.0207057160,54827568.0000000000,28
3400,113,0.0205845350,54827568.0000000000,33
3400,114,0.0206083330,54827568.0000000000,35
3400,115,0.0205532520,54827568.0000000000,21
3400,116,0.0206665280,54827568.0000000000,10
3400,117,0.0178463620,47074864.0000000000,11
3400,118,0.0178330910,47074864.0000000000,35
3400,119,0.0178160380,47074864.0000000000,30
3400,120,0.0178240680,47074864.0000000000,10
3400,121,0.0179685300,47074864.0000000000,5
3400,122,0.0178335820,47074864.0000000000,19
3400,123,0.0178157090,47074864.0000000000,25
3400,124,0.0178271070,47074864.0000000000,23
3400,125,0.0178120470,47074864.0000000000,6
3400,126,0.0178879140,47074864.0000000000,13
3400,127,0.0178391310,47074864.0000000000,28
3400,128,0.0178734070,47074864.0000000000,7
3400,129,0.0178038810,47074864.0000000000,9
3400,130,0.0177836630,47074864.0000000000,17
3400,131,0.0178717460,47074864.0000000000,27
3400,132,0.0178265630,47074864.0000000000,10
3400,133,0.0178012170,47074864.0000000000,9
3400,134,0.0179214390,47074864.0000000000,5
3400,135,0.0178466060,47074864.0000000000,31
3400,136,0.0178429190,47074864.0000000000,8
3400,137,0.0178442750,47074864.0000000000,32
3400,138,0.0178471050,47074864.0000000000,13
3400,139,0.0178175600,47074864.0000000000,26
3400,140,0.0178263240,47074864.0000000000,20
3400,141,0.0178089120,47074864.0000000000,17
3400,142,0.0178053270,47074864.0000000000,19
3400,143,0.0179414270,47074864.0000000000,7
3400,144,0.0178225210,47074864.0000000000,33
3400,145,0.0177886220,47074864.0000000000,22
3400,146,0.0178640980,47074864.0000000000,6
3400,147,0.0178263270,47074864.0000000000,34
3400,148,0.0178080600,47074864.0000000000,18
3400,149,0.0178106770,47074864.0000000000,21
3400,150,0.0178669630,47074864.0000000000,8
3400,151,0.0178035290,47074864.0000000000,11
3400,152,0.0177961200,47074864.0000000000,24
3450,0,5.2719575159,244194000.0000000000,2
3450,1,4.6520667641,226781056.0000000000,4
3450,2,4.1979263527,213242112.0000000000,12
3450,3,4.1628326213,212029408.0000000000,15
3450,4,4.1469865166,212376624.0000000000,16
3450,5,4.2011874818,212949392.0000000000,14
3450,6,4.8198518409,229913440.0000000000,3
3450,7,12.5854958562,451238640.0000000000,19
3450,8,9.7238914909,371305264.0000000000,1
3450,9,12.9812800335,508618960.0000000000,17
3450,10,12.5969770378,486819408.0000000000,21
3450,11,10.7092170086,430567184.0000000000,9
3450,12,9.7765143578,405030096.0000000000,13
3450,13,9.5994444409,400264576.0000000000,8
3450,14,9.7138265883,404373488.0000000000,11
3450,15,11.9191237647,463016736.0000000000,10
3450,16,10.6493010550,437277968.0000000000,0
3450,17,9.3624763344,404933024.0000000000,0
3450,18,10.2304587365,436154256.0000000000,3
3450,19,10.4478595738,441407664.0000000000,5
3450,20,12.6572408058,497664032.0000000000,7
3450,21,13.5578917844,522058864.0000000000,27
3450,22,13.6042652797,529144880.0000000000,18
3450,23,13.4602870877,518433200.0000000000,28
3450,24,11.4281501880,465618592.0000000000,24
3450,25,10.2245161051,436512048.0000000000,25
3450,26,10.2172165046,436173696.0000000000,15
3450,27,10.2265718867,436173296.0000000000,4
3450,28,10.2206560943,436507984.0000000000,22
3450,29,10.2214994890,436505056.0000000000,26
3450,30,10.2279211168,436509856.0000000000,14
3450,31,10.2235335762,436511584.0000000000,23
3450,32,10.2240478942,436509952.0000000000,6
3450,33,10.2222409979,436511968.0000000000,16
3450,34,10.2231009713,436509328.0000000000,20
3450,35,10.2216604843,436189248.0000000000,12
3450,36,10.1902941068,434962544.0000000000,1
3450,37,10.2352558002,436503584.0000000000,34
3450,38,10.2396767309,436543968.0000000000,33
3450,39,10.2396711300,436519808.0000000000,29
3450,40,10.2368551735,436473280.0000000000,30
3450,41,10.2406168774,436505696.0000000000,32
3450,42,10.2373870396,436547136.0000000000,35
3450,43,10.2385025854,436457104.0000000000,31
3450,44,10.1990362135,434951952.0000000000,2
3450,45,2.6493878910,131774192.0000000000,23
3450,46,2.6520865937,132142896.0000000000,26
3450,47,2.6535641186,132124480.0000000000,6
3450,48,2.6548533713,132133728.0000000000,20
3450,49,2.6522970153,132143152.0000000000,25
3450,50,2.6567909901,132158960.0000000000,5
3450,51,2.6562260463,132139920.0000000000,7
3450,52,2.6522110345,132148832.0000000000,22
3450,53,2.6465785875,131774224.0000000000,24
3450,54,0.6753874265,54827568.0000000000,28
3450,55,0.6731107017,54827568.0000000000,18
3450,56,0.6752171913,54827568.0000000000,28
3450,57,0.6741756427,54827568.0000000000,20
3450,58,0.6742898185,54827568.0000000000,27
3450,59,0.6722743347,54827568.0000000000,25
3450,60,0.6728714051,54827568.0000000000,17
3450,61,0.6733141163,54827568.0000000000,35
3450,62,0.6749452978,54827568.0000000000,8
3450,63,0.6726613585,54827568.0000000000,18
3450,64,0.6738515825,54827568.0000000000,29
3450,65,0.6740358746,54827568.0000000000,6
3450,66,0.6728773885,54827568.0000000000,26
3450,67,0.6739030805,54827568.0000000000,31
3450,68,0.6736597341,54827568.0000000000,34
3450,69,0.6740415064,54827568.0000000000,27
3450,70,0.6740188061,54827568.0000000000,27
3450,71,0.6747632054,54827568.0000000000,32
3450,72,0.6746093255,54827568.0000000000,28
3450,73,0.6748438549,54827568.0000000000,32
3450,74,0.6740495455,54827568.0000000000,33
3450,75,0.6738010841,54827568.0000000000,27
3450,76,0.6735111725,54827568.0000000000,35
3450,77,0.6751635479,54827568.0000000000,8
3450,78,0.6741555504,54827568.0000000000,30
3450,79,0.6735285038,54827568.0000000000,34
3450,80,0.6741308478,54827568.0000000000,33
3450,81,0.6741330225,54827568.0000000000,31
3450,82,0.6737743793,54827568.0000000000,29
3450,83,0.6734229883,54827568.0000000000,9
3450,84,0.6743582341,54827568.0000000000,30
3450,85,0.6737441103,54827568.0000000000,29
3450,86,0.6750338619,54827568.0000000000,8
3450,87,0.6742225420,54827568.0000000000,31
3450,88,0.6752756257,54827568.0000000000,5
3450,89,0.6735950052,54827568.0000000000,29
3450,90,0.6740620794,54827568.0000000000,29
3450,91,0.6728569709,54827568.0000000000,17
3450,92,0.6730445096,54827568.0000000000,17
3450,93,0.6755479492,54827568.0000000000,7
3450,94,0.6731940654,54827568.0000000000,34
3450,95,0.6740792999,54827568.0000000000,31
3450,96,0.6742153862,54827568.0000000000,30
3450,97,0.6729410992,54827568.0000000000,21
3450,98,0.6735364623,54827568.0000000000,13
3450,99,0.6728325889,54827568.0000000000,24
3450,100,0.6729105996,54827568.0000000000,11
3450,101,0.6747093879,54827568.0000000000,32
3450,102,0.6729156305,54827568.0000000000,18
3450,103,0.6744951800,54827568.0000000000,32
3450,104,0.6738681891,54827568.0000000000,33
3450,105,0.6736754957,54827568.0000000000,34
3450,106,0.6744740659,54827568.0000000000,19
3450,107,0.6745182409,54827568.0000000000,19
3450,108,0.6741248816,54827568.0000000000,23
3450,109,0.6732612806,54827568.0000000000,35
3450,110,0.6742686921,54827568.0000000000,30
3450,111,0.6727687806,54827568.0000000000,22
3450,112,0.6749791912,54827568.0000000000,28
3450,113,0.6739430457,54827568.0000000000,33
3450,114,0.6731791793,54827568.0000000000,35
3450,115,0.6719255535,54827568.0000000000,21
3450,116,0.6740654421,54827568.0000000000,10
3450,117,0.5815081025,47074864.0000000000,11
3450,118,0.5830763815,47074864.0000000000,35
3450,119,0.5832589865,47074864.0000000000,30
3450,120,0.5822405417,47074864.0000000000,10
3450,121,0.5856352681,47074864.0000000000,5
3450,122,0.5827846875,47074864.0000000000,19
3450,123,0.5818480350,47074864.0000000000,25
3450,124,0.5833296734,47074864.0000000000,23
3450,125,0.5832659199,47074864.0000000000,6
3450,126,0.5833211258,47074864.0000000000,13
3450,127,0.5833988288,47074864.0000000000,28
3450,128,0.5843855715,47074864.0000000000,7
3450,129,0.5815178882,47074864.0000000000,9
3450,130,0.5813389241,47074864.0000000000,17
3450,131,0.5823514262,47074864.0000000000,27
3450,132,0.5828001625,47074864.0000000000,10
3450,133,0.5814918955,47074864.0000000000,9
3450,134,0.5858978551,47074864.0000000000,5
3450,135,0.5823620476,47074864.0000000000,31
3450,136,0.5829729794,47074864.0000000000,8
3450,137,0.5829438249,47074864.0000000000,32
3450,138,0.5831474135,47074864.0000000000,13
3450,139,0.5817634197,47074864.0000000000,26
3450,140,0.5824911763,47074864.0000000000,20
3450,141,0.5814818894,47074864.0000000000,17
3450,142,0.5827562130,47074864.0000000000,19
3450,143,0.5841465246,47074864.0000000000,7
3450,144,0.5822907467,47074864.0000000000,33
3450,145,0.5815135674,47074864.0000000000,22
3450,146,0.5831776386,47074864.0000000000,6
3450,147,0.5821153696,47074864.0000000000,34
3450,148,0.5815692342,47074864.0000000000,18
3450,149,0.5814142224,47074864.0000000000,21
3450,150,0.5829547190,47074864.0000000000,8
3450,151,0.5815688750,47074864.0000000000,11
3450,152,0.5814685360,47074864.0000000000,24
3500,0,0.1592740330,241599104.0000000000,2
3500,1,0.1425643640,226381536.0000000000,4
3500,2,0.1300835390,213311216.0000000000,12
3500,3,0.1291358080,212095840.0000000000,15
3500,4,0.1292066950,212468896.0000000000,16
3500,5,0.1302568460,212930112.0000000000,14
3500,6,0.1494309260,229930016.0000000000,3
3500,7,0.3936503950,452814256.0000000000,19
3500,8,0.2991852630,369644688.0000000000,1
3500,9,0.4068845320,509651408.0000000000,17
3500,10,0.3904630890,486118000.0000000000,21
3500,11,0.3307941180,429066208.0000000000,9
3500,12,0.3023323130,404129824.0000000000,13
3500,13,0.2978951610,399819232.0000000000,8
3500,14,0.3013855190,403947856.0000000000,11
3500,15,0.3673769860,460814880.0000000000,10
3500,16,0.3314731550,437485056.0000000000,0
3500,17,0.2904734490,404941984.0000000000,0
3500,18,0.3177853380,436145392.0000000000,3
3500,19,0.3267662200,442416448.0000000000,5
3500,20,0.3967205570,499030320.0000000000,7
3500,21,0.4231579090,522544496.0000000000,27
3500,22,0.4241781040,529275360.0000000000,18
3500,23,0.4193853640,518487216.0000000000,28
3500,24,0.3596934740,467688016.0000000000,24
3500,25,0.3180070740,436528688.0000000000,25
3500,26,0.3174747830,436167776.0000000000,15
3500,27,0.3177760160,436164112.0000000000,4
3500,28,0.3175826780,436507008.0000000000,22
3500,29,0.3176085740,436512240.0000000000,26
3500,30,0.3179393300,436512512.0000000000,14
3500,31,0.3176880830,436505744.0000000000,23
3500,32,0.3175311720,436507360.0000000000,6
3500,33,0.3177576380,436509920.0000000000,16
3500,34,0.3175067220,436509744.0000000000,20
3500,35,0.3175700880,436179696.0000000000,12
3500,36,0.3166575450,434940416.0000000000,1
3500,37,0.3180401690,436505472.0000000000,34
3500,38,0.3182580190,436541168.0000000000,33
3500,39,0.3181080070,436517248.0000000000,29
3500,40,0.3181582350,436480240.0000000000,30
3500,41,0.3181604820,436501008.0000000000,32
3500,42,0.3179512870,436548560.0000000000,35
3500,43,0.3180446840,436455728.0000000000,31
3500,44,0.3167762940,434930064.0000000000,2
3500,45,0.0820441210,131767248.0000000000,23
3500,46,0.0823022550,132145008.0000000000,26
3500,47,0.0822280570,132123248.0000000000,6
3500,48,0.0822475440,132134320.0000000000,20
3500,49,0.0822444230,132139840.0000000000,25
3500,50,0.0821846440,132161392.0000000000,5
3500,51,0.0822336950,132139520.0000000000,7
3500,52,0.0820955100,132151824.0000000000,22
3500,53,0.0819392130,131769440.0000000000,24
3500,54,0.0206376030,54827568.0000000000,28
3500,55,0.0205683140,54827568.0000000000,18
3500,56,0.0206782250,54827568.0000000000,28
3500,57,0.0206318250,54827568.0000000000,20
3500,58,0.0206366540,54827568.0000000000,27
3500,59,0.0205591950,54827568.0000000000,25
3500,60,0.0205929030,54827568.0000000000,17
3500,61,0.0206280200,54827568.0000000000,35
3500,62,0.0207070490,54827568.0000000000,8
3500,63,0.0205620830,54827568.0000000000,18
3500,64,0.0206161530,54827568.0000000000,29
3500,65,0.0206868040,54827568.0000000000,6
3500,66,0.0206036500,54827568.0000000000,26
3500,67,0.0206392570,54827568.0000000000,31
3500,68,0.0206794300,54827568.0000000000,34
3500,69,0.0206439310,54827568.0000000000,27
3500,70,0.0206490380,54827568.0000000000,27
3500,71,0.0206571560,54827568.0000000000,32
3500,72,0.0206675640,54827568.0000000000,28
3500,73,0.0207001780,54827568.0000000000,32
3500,74,0.0206239590,54827568.0000000000,33
3500,75,0.0206179300,54827568.0000000000,27
3500,76,0.0206234800,54827568.0000000000,35
3500,77,0.0205875690,54827568.0000000000,8
3500,78,0.0207407730,54827568.0000000000,30
3500,79,0.0205695640,54827568.0000000000,34
3500,80,0.0206605730,54827568.0000000000,33
3500,81,0.0206171240,54827568.0000000000,31
3500,82,0.0206125350,54827568.0000000000,29
3500,83,0.0206093400,54827568.0000000000,9
3500,84,0.0206893160,54827568.0000000000,30
3500,85,0.0206426240,54827568.0000000000,29
3500,86,0.0206691550,54827568.0000000000,8
3500,87,0.0206500580,54827568.0000000000,31
3500,88,0.0206607360,54827568.0000000000,5
3500,89,0.0206133570,54827568.0000000000,29
3500,90,0.0206908680,54827568.0000000000,29
3500,91,0.0206236200,54827568.0000000000,17
3500,92,0.0206099060,54827568.0000000000,17
3500,93,0.0207029760,54827568.0000000000,7
3500,94,0.0205715800,54827568.0000000000,34
3500,95,0.0206382570,54827568.0000000000,31
3500,96,0.0206185170,54827568.0000000000,30
3500,97,0.0206312060,54827568.0000000000,21
3500,98,0.0206353200,54827568.0000000000,13
3500,99,0.0206040310,54827568.0000000000,24
3500,100,0.0206135490,54827568.0000000000,11
3500,101,0.0206462840,54827568.0000000000,32
3500,102,0.0206373280,54827568.0000000000,18
3500,103,0.0206939580,54827568.0000000000,32
3500,104,0.0206374360,54827568.0000000000,33
3500,105,0.0206304750,54827568.0000000000,34
3500,106,0.0206231910,54827568.0000000000,19
3500,107,0.0206671940,54827568.0000000000,19
3500,108,0.0206371050,54827568.0000000000,23
3500,109,0.0205975310,54827568.0000000000,35
3500,110,0.0206563020,54827568.0000000000,30
3500,111,0.0205768900,54827568.0000000000,22
3500,112,0.0207048540,54827568.0000000000,28
3500,113,0.0205841650,54827568.0000000000,33
3500,114,0.0206032030,54827568.0000000000,35
3500,115,0.0206358040,54827568.0000000000,21
3500,116,0.0206883030,54827568.0000000000,10
3500,117,0.0177892350,47074864.0000000000,11
3500,118,0.0178819650,47074864.0000000000,35
3500,119,0.0178872450,47074864.0000000000,30
3500,120,0.0178391910,47074864.0000000000,10
3500,121,0.0179409160,47074864.0000000000,5
3500,122,0.0178458340,47074864.0000000000,19
3500,123,0.0178031950,47074864.0000000000,25
3500,124,0.0178733690,47074864.0000000000,23
3500,125,0.0178545100,47074864.0000000000,6
3500,126,0.0179143950,47074864.0000000000,13
3500,127,0.0178679270,47074864.0000000000,28
3500,128,0.0178581250,47074864.0000000000,7
3500,129,0.0177807290,47074864.0000000000,9
3500,130,0.0177500400,47074864.0000000000,17
3500,131,0.0178117710,47074864.0000000000,27
3500,132,0.0178359730,47074864.0000000000,10
3500,133,0.0178100930,47074864.0000000000,9
3500,134,0.0179261100,47074864.0000000000,5
3500,135,0.0178212370,47074864.0000000000,31
3500,136,0.0178191630,47074864.0000000000,8
3500,137,0.0178417670,47074864.0000000000,32
3500,138,0.0178339190,47074864.0000000000,13
3500,139,0.0178001260,47074864.0000000000,26
3500,140,0.0178168480,47074864.0000000000,20
3500,141,0.0177678230,47074864.0000000000,17
3500,142,0.0178324480,47074864.0000000000,19
3500,143,0.0178538790,47074864.0000000000,7
3500,144,0.0178342640,47074864.0000000000,33
3500,145,0.0178025000,47074864.0000000000,22
3500,146,0.0178832940,47074864.0000000000,6
3500,147,0.0178537020,47074864.0000000000,34
3500,148,0.0178051560,47074864.0000000000,18
3500,149,0.0178101960,47074864.0000000000,21
3500,150,0.0178048160,47074864.0000000000,8
3500,151,0.0177702590,47074864.0000000000,11
3500,152,0.0177788690,47074864.0000000000,24
3550,0,5.0896876458,239644160.0000000000,2
3550,1,4.5876661194,226055408.0000000000,4
3550,2,4.2028155823,213382720.0000000000,12
3550,3,4.1685883588,212169760.0000000000,15
3550,4,4.1679971668,212527792.0000000000,16
3550,5,4.2033439089,212919600.0000000000,14
3550,6,4.8206783837,229988096.0000000000,3
3550,7,12.6821771463,454683760.0000000000,19
3550,8,9.5899344500,367840944.0000000000,1
3550,9,13.1378105176,510684848.0000000000,17
3550,10,12.5471402077,485542192.0000000000,21
3550,11,10.5961218081,427367216.0000000000,9
3550,12,9.6966348564,403183584.0000000000,13
3550,13,9.5569249911,399364832.0000000000,8
3550,14,9.6828488441,403495456.0000000000,11
3550,15,11.7589565299,458468384.0000000000,10
3550,16,10.6848882237,437852080.0000000000,0
3550,17,9.3617110495,404830704.0000000000,0
3550,18,10.2293372187,436136064.0000000000,3
3550,19,10.5345475595,443401712.0000000000,5
3550,20,12.7910293350,500624752.0000000000,7
3550,21,13.6140581444,523195440.0000000000,27
3550,22,13.6362981599,529472368.0000000000,18
3550,23,13.4836118695,518560208.0000000000,28
3550,24,11.6086504089,469365552.0000000000,24
3550,25,10.2305830615,436561424.0000000000,25
3550,26,10.2170953002,436162144.0000000000,15
3550,27,10.2251293111,436160768.0000000000,4
3550,28,10.2201404577,436511808.0000000000,22
3550,29,10.2211531728,436509216.0000000000,26
3550,30,10.2256113666,436512864.0000000000,14
3550,31,10.2231244927,436509008.0000000000,23
3550,32,10.2231377438,436506880.0000000000,6
3550,33,10.2225658054,436507488.0000000000,16
3550,34,10.2223095483,436507632.0000000000,20
3550,35,10.2201997793,436177280.0000000000,12
3550,36,10.1906156020,434918576.0000000000,1
3550,37,10.2362143303,436505856.0000000000,34
3550,38,10.2401388333,436541936.0000000000,33
3550,39,10.2395992810,436512336.0000000000,29
3550,40,10.2386289216,436479488.0000000000,30
3550,41,10.2381445070,436496960.0000000000,32
3550,42,10.2381029412,436552160.0000000000,35
3550,43,10.2385725143,436457936.0000000000,31
3550,44,10.1992014092,434908496.0000000000,2
3550,45,2.6492333980,131761984.0000000000,23
3550,46,2.6520885861,132144192.0000000000,26
3550,47,2.6533149611,132121952.0000000000,6
3550,48,2.6550476949,132137728.0000000000,20
3550,49,2.6523107023,132142208.0000000000,25
3550,50,2.6576948685,132161152.0000000000,5
3550,51,2.6561148379,132141760.0000000000,7
3550,52,2.6527200926,132148624.0000000000,22
3550,53,2.6467451392,131766384.0000000000,24
3550,54,0.6749900108,54827568.0000000000,28
3550,55,0.6727888370,54827568.0000000000,18
3550,56,0.6749744493,54827568.0000000000,28
3550,57,0.6741488615,54827568.0000000000,20
3550,58,0.6739888033,54827568.0000000000,27
3550,59,0.6721579676,54827568.0000000000,25
3550,60,0.6727127304,54827568.0000000000,17
3550,61,0.6732420670,54827568.0000000000,35
3550,62,0.6752044570,54827568.0000000000,8
3550,63,0.6725743309,54827568.0000000000,18
3550,64,0.6740319609,54827568.0000000000,29
3550,65,0.6737793793,54827568.0000000000,6
3550,66,0.6732071747,54827568.0000000000,26
3550,67,0.6741721827,54827568.0000000000,31
3550,68,0.6743447092,54827568.0000000000,34
3550,69,0.6739842981,54827568.0000000000,27
3550,70,0.6740032602,54827568.0000000000,27
3550,71,0.6745161231,54827568.0000000000,32
3550,72,0.6749687669,54827568.0000000000,28
3550,73,0.6746323876,54827568.0000000000,32
3550,74,0.6738672980,54827568.0000000000,33
3550,75,0.6738472992,54827568.0000000000,27
3550,76,0.6735507659,54827568.0000000000,35
3550,77,0.6751546045,54827568.0000000000,8
3550,78,0.6747561047,54827568.0000000000,30
3550,79,0.6741387326,54827568.0000000000,34
3550,80,0.6741014670,54827568.0000000000,33
3550,81,0.6740755371,54827568.0000000000,31
3550,82,0.6735173123,54827568.0000000000,29
3550,83,0.6735626716,54827568.0000000000,9
3550,84,0.6746201026,54827568.0000000000,30
3550,85,0.6734936756,54827568.0000000000,29
3550,86,0.6750337204,54827568.0000000000,8
3550,87,0.6740596925,54827568.0000000000,31
3550,88,0.6753009779,54827568.0000000000,5
3550,89,0.6734975629,54827568.0000000000,29
3550,90,0.6738046552,54827568.0000000000,29
3550,91,0.6728324830,54827568.0000000000,17
3550,92,0.6726006749,54827568.0000000000,17
3550,93,0.6753204509,54827568.0000000000,7
3550,94,0.6735767381,54827568.0000000000,34
3550,95,0.6741320599,54827568.0000000000,31
3550,96,0.6744861455,54827568.0000000000,30
3550,97,0.6727726340,54827568.0000000000,21
3550,98,0.6737681070,54827568.0000000000,13
3550,99,0.6731407306,54827568.0000000000,24
3550,100,0.6732206910,54827568.0000000000,11
3550,101,0.6745753757,54827568.0000000000,32
3550,102,0.6727640380,54827568.0000000000,18
3550,103,0.6747588507,54827568.0000000000,32
3550,104,0.6737834027,54827568.0000000000,33
3550,105,0.6736553024,54827568.0000000000,34
3550,106,0.6744249333,54827568.0000000000,19
3550,107,0.6748296565,54827568.0000000000,19
3550,108,0.6738277318,54827568.0000000000,23
3550,109,0.6730383653,54827568.0000000000,35
3550,110,0.6740412407,54827568.0000000000,30
3550,111,0.6722017819,54827568.0000000000,22
3550,112,0.6754405462,54827568.0000000000,28
3550,113,0.6733282232,54827568.0000000000,33
3550,114,0.6733222599,54827568.0000000000,35
3550,115,0.6721300677,54827568.0000000000,21
3550,116,0.6737250250,54827568.0000000000,10
3550,117,0.5815054349,47074864.0000000000,11
3550,118,0.5833643793,47074864.0000000000,35
3550,119,0.5834707336,47074864.0000000000,30
3550,120,0.5822145770,47074864.0000000000,10
3550,121,0.5859311652,47074864.0000000000,5
3550,122,0.5828225609,47074864.0000000000,19
3550,123,0.5815624071,47074864.0000000000,25
3550,124,0.5831028373,47074864.0000000000,23
3550,125,0.5831093919,47074864.0000000000,6
3550,126,0.5833193198,47074864.0000000000,13
3550,127,0.5836695685,47074864.0000000000,28
3550,128,0.5840308880,47074864.0000000000,7
3550,129,0.5813734330,47074864.0000000000,9
3550,130,0.5812299089,47074864.0000000000,17
3550,131,0.5823483270,47074864.0000000000,27
3550,132,0.5824924479,47074864.0000000000,10
3550,133,0.5816912980,47074864.0000000000,9
3550,134,0.5857019759,47074864.0000000000,5
3550,135,0.5824101487,47074864.0000000000,31
3550,136,0.5830613952,47074864.0000000000,8
3550,137,0.5830775093,47074864.0000000000,32
3550,138,0.5830720266,47074864.0000000000,13
3550,139,0.5817740288,47074864.0000000000,26
3550,140,0.5826110264,47074864.0000000000,20
3550,141,0.5811286240,47074864.0000000000,17
3550,142,0.5825749432,47074864.0000000000,19
3550,143,0.5839530018,47074864.0000000000,7
3550,144,0.5824565699,47074864.0000000000,33
3550,145,0.5817074948,47074864.0000000000,22
3550,146,0.5832902090,47074864.0000000000,6
3550,147,0.5821786140,47074864.0000000000,34
3550,148,0.5815838633,47074864.0000000000,18
3550,149,0.5813907602,47074864.0000000000,21
3550,150,0.5832711109,47074864.0000000000,8
3550,151,0.5818433190,47074864.0000000000,11
3550,152,0.5815636368,47074864.0000000000,24
3600,0,0.1554483640,238038368.0000000000,2
3600,1,0.1422673270,225708704.0000000000,4
3600,2,0.1318959270,213418752.0000000000,12
3600,3,0.1293854910,212151744.0000000000,15
3600,4,0.1292088400,212459408.0000000000,16
3600,5,0.1305375640,212838512.0000000000,14
3600,6,0.1502653010,229718400.0000000000,3
3600,7,0.3975157060,456238992.0000000000,19
3600,8,0.2962922330,365861424.0000000000,1
3600,9,0.4113483910,511748480.0000000000,17
3600,10,0.3898665040,484789616.0000000000,21
3600,11,0.3268781220,425177664.0000000000,9
3600,12,0.3002494190,401734160.0000000000,13
3600,13,0.2974621420,398920400.0000000000,8
3600,14,0.3009162250,403020528.0000000000,11
3600,15,0.3638803050,457021904.0000000000,10
3600,16,0.3338518670,438385200.0000000000,0
3600,17,0.2910652430,404600720.0000000000,0
3600,18,0.3179866660,436132544.0000000000,3
3600,19,0.3293911000,444383952.0000000000,5
3600,20,0.4016963390,502577808.0000000000,7
3600,21,0.4258402700,524149792.0000000000,27
3600,22,0.4253066520,529637792.0000000000,18
3600,23,0.4200981620,518753632.0000000000,28
3600,24,0.3641255960,470755248.0000000000,24
3600,25,0.3179533260,436593344.0000000000,25
3600,26,0.3176528120,436152672.0000000000,15
3600,27,0.3177892920,436156864.0000000000,4
3600,28,0.3176067850,436504736.0000000000,22
3600,29,0.3175432110,436513600.0000000000,26
3600,30,0.3175713620,436508880.0000000000,14
3600,31,0.3174813560,436510448.0000000000,23
3600,32,0.3175598970,436507824.0000000000,6
3600,33,0.3177158370,436509088.0000000000,16
3600,34,0.3176334970,436506080.0000000000,20
3600,35,0.3173906970,436176432.0000000000,12
3600,36,0.3166672340,434895568.0000000000,1
3600,37,0.3180016360,436504272.0000000000,34
3600,38,0.3182391790,436545600.0000000000,33
3600,39,0.3181977620,436511280.0000000000,29
3600,40,0.3181233970,436472944.0000000000,30
3600,41,0.3181743840,436497808.0000000000,32
3600,42,0.3181421800,436550544.0000000000,35
3600,43,0.3181089890,436452656.0000000000,31
3600,44,0.3167877950,434881056.0000000000,2
3600,45,0.0820175080,131756704.0000000000,23
3600,46,0.0821546560,132145232.0000000000,26
3600,47,0.0821157990,132120784.0000000000,6
3600,48,0.0822123380,132137792.0000000000,20
3600,49,0.0820909410,132144224.0000000000,25
3600,50,0.0822903450,132158784.0000000000,5
3600,51,0.0822697760,132142784.0000000000,7
3600,52,0.0822307510,132152416.0000000000,22
3600,53,0.0820431210,131763232.0000000000,24
3600,54,0.0206339070,54827568.0000000000,28
3600,55,0.0206090110,54827568.0000000000,18
3600,56,0.0207014780,54827568.0000000000,28
3600,57,0.0205839620,54827568.0000000000,20
3600,58,0.0205504880,54827568.0000000000,27
3600,59,0.0205546140,54827568.0000000000,25
3600,60,0.0205998840,54827568.0000000000,17
3600,61,0.0205550490,54827568.0000000000,35
3600,62,0.0206528880,54827568.0000000000,8
3600,63,0.0206107870,54827568.0000000000,18
3600,64,0.0206309030,54827568.0000000000,29
3600,65,0.0206033730,54827568.0000000000,6
3600,66,0.0206210850,54827568.0000000000,26
3600,67,0.0206037780,54827568.0000000000,31
3600,68,0.0206236320,54827568.0000000000,34
3600,69,0.0205488640,54827568.0000000000,27
3600,70,0.0205980200,54827568.0000000000,27
3600,71,0.0206098450,54827568.0000000000,32
3600,72,0.0206185080,54827568.0000000000,28
3600,73,0.0206143020,54827568.0000000000,32
3600,74,0.0206199230,54827568.0000000000,33
3600,75,0.0206401080,54827568.0000000000,27
3600,76,0.0206118990,54827568.0000000000,35
3600,77,0.0206945550,54827568.0000000000,8
3600,78,0.0206510500,54827568.0000000000,30
3600,79,0.0206265570,54827568.0000000000,34
3600,80,0.0206501130,54827568.0000000000,33
3600,81,0.0206269560,54827568.0000000000,31
3600,82,0.0206296490,54827568.0000000000,29
3600,83,0.0206448710,54827568.0000000000,9
3600,84,0.0206533030,54827568.0000000000,30
3600,85,0.0206354400,54827568.0000000000,29
3600,86,0.0206720730,54827568.0000000000,8
3600,87,0.0206686320,54827568.0000000000,31
3600,88,0.0205711020,54827568.0000000000,5
3600,89,0.0205882690,54827568.0000000000,29
3600,90,0.0205457960,54827568.0000000000,29
3600,91,0.0206466880,54827568.0000000000,17
3600,92,0.0206074400,54827568.0000000000,17
3600,93,0.0206907440,54827568.0000000000,7
3600,94,0.0206545510,54827568.0000000000,34
3600,95,0.0205899720,54827568.0000000000,31
3600,96,0.0206577040,54827568.0000000000,30
3600,97,0.0205535950,54827568.0000000000,21
3600,98,0.0205851610,54827568.0000000000,13
3600,99,0.0206460310,54827568.0000000000,24
3600,100,0.0206129890,54827568.0000000000,11
3600,101,0.0206545480,54827568.0000000000,32
3600,102,0.0206492800,54827568.0000000000,18
3600,103,0.0206343110,54827568.0000000000,32
3600,104,0.0206465850,54827568.0000000000,33
3600,105,0.0206073090,54827568.0000000000,34
3600,106,0.0206173860,54827568.0000000000,19
3600,107,0.0206472770,54827568.0000000000,19
3600,108,0.0206477280,54827568.0000000000,23
3600,109,0.0205356710,54827568.0000000000,35
3600,110,0.0206724620,54827568.0000000000,30
3600,111,0.0205625520,54827568.0000000000,22
3600,112,0.0206706170,54827568.0000000000,28
3600,113,0.0206447320,54827568.0000000000,33
3600,114,0.0206190230,54827568.0000000000,35
3600,115,0.0206112960,54827568.0000000000,21
3600,116,0.0205940040,54827568.0000000000,10
3600,117,0.0177658630,47074864.0000000000,11
3600,118,0.0178459150,47074864.0000000000,35
3600,119,0.0178501430,47074864.0000000000,30
3600,120,0.0178533400,47074864.0000000000,10
3600,121,0.0179333610,47074864.0000000000,5
3600,122,0.0178598900,47074864.0000000000,19
3600,123,0.0177945960,47074864.0000000000,25
3600,124,0.0178706930,47074864.0000000000,23
3600,125,0.0178550890,47074864.0000000000,6
3600,126,0.0178783460,47074864.0000000000,13
3600,127,0.0178747310,47074864.0000000000,28
3600,128,0.0179045670,47074864.0000000000,7
3600,129,0.0177806310,47074864.0000000000,9
3600,130,0.0178019580,47074864.0000000000,17
3600,131,0.0178588120,47074864.0000000000,27
3600,132,0.0178727480,47074864.0000000000,10
3600,133,0.0177843570,47074864.0000000000,9
3600,134,0.0179418790,47074864.0000000000,5
3600,135,0.0178206230,47074864.0000000000,31
3600,136,0.0178420000,47074864.0000000000,8
3600,137,0.0178284930,47074864.0000000000,32
3600,138,0.0178289600,47074864.0000000000,13
3600,139,0.0178338410,47074864.0000000000,26
3600,140,0.0178127800,47074864.0000000000,20
3600,141,0.0178081620,47074864.0000000000,17
3600,142,0.0178513150,47074864.0000000000,19
3600,143,0.0178896480,47074864.0000000000,7
3600,144,0.0178434020,47074864.0000000000,33
3600,145,0.0177762790,47074864.0000000000,22
3600,146,0.0179149280,47074864.0000000000,6
3600,147,0.0178174320,47074864.0000000000,34
3600,148,0.0178141930,47074864.0000000000,18
3600,149,0.0178134430,47074864.0000000000,21
3600,150,0.0178959650,47074864.0000000000,8
3600,151,0.0178294950,47074864.0000000000,11
3600,152,0.0178047860,47074864.0000000000,24
3650,0,4.9844994238,236881360.0000000000,2
3650,1,4.5803605844,225427856.0000000000,4
3650,2,4.2541986633,213461024.0000000000,12
3650,3,4.1713578429,212090672.0000000000,15
3650,4,4.1688595871,212379216.0000000000,16
3650,5,4.2024972758,212815648.0000000000,14
3650,6,4.8432417823,229355792.0000000000,3
3650,7,12.7877142222,456888592.0000000000,19
3650,8,9.5004806048,364183952.0000000000,1
3650,9,13.2511396758,512821792.0000000000,17
3650,10,12.5026013628,483697904.0000000000,21
3650,11,10.4695467424,423491216.0000000000,9
3650,12,9.6400381158,401089520.0000000000,13
3650,13,9.5575391056,398682336.0000000000,8
3650,14,9.6601430503,402598896.0000000000,11
3650,15,11.6791281224,456247840.0000000000,10
3650,16,10.7608118366,439091024.0000000000,0
3650,17,9.3652375445,404358208.0000000000,0
3650,18,10.2309893524,436127488.0000000000,3
3650,19,10.6296048113,445551664.0000000000,5
3650,20,12.9559891378,504217824.0000000000,7
3650,21,13.6982437193,524487808.0000000000,27
3650,22,13.6700770857,529641392.0000000000,18
3650,23,13.5066422357,518841552.0000000000,28
3650,24,11.7473328905,472122432.0000000000,24
3650,25,10.2361233289,436629296.0000000000,25
3650,26,10.2169134316,436150272.0000000000,15
3650,27,10.2263022660,436147440.0000000000,4
3650,28,10.2202478527,436504640.0000000000,22
3650,29,10.2210291063,436514928.0000000000,26
3650,30,10.2229848474,436507168.0000000000,14
3650,31,10.2277406708,437082336.0000000000,23
3650,32,10.2239346626,436513712.0000000000,6
3650,33,10.2225677597,436506800.0000000000,16
3650,34,10.2217050103,436509904.0000000000,20
3650,35,10.2189818595,436167456.0000000000,12
3650,36,10.1898186451,434876992.0000000000,1
3650,37,10.2353120641,436501600.0000000000,34
3650,38,10.2401373699,436544288.0000000000,33
3650,39,10.2405428930,436512928.0000000000,29
3650,40,10.2387819218,436473840.0000000000,30
3650,41,10.2383699250,436501504.0000000000,32
3650,42,10.2374060877,436553392.0000000000,35
3650,43,10.2389186475,436450208.0000000000,31
3650,44,10.1984092934,434861488.0000000000,2
3650,45,2.6489440758,131750736.0000000000,23
3650,46,2.6523227501,132146032.0000000000,26
3650,47,2.6533878588,132121600.0000000000,6
3650,48,2.6542457377,132138288.0000000000,20
3650,49,2.6529093528,132142064.0000000000,25
3650,50,2.6577696075,132158784.0000000000,5
3650,51,2.6562458359,132140688.0000000000,7
3650,52,2.6524377422,132154528.0000000000,22
3650,53,2.6463930378,131757168.0000000000,24
3650,54,0.6750480745,54827568.0000000000,28
3650,55,0.6728448823,54827568.0000000000,18
3650,56,0.6751195391,54827568.0000000000,28
3650,57,0.6738485935,54827568.0000000000,20
3650,58,0.6739274578,54827568.0000000000,27
3650,59,0.6717440651,54827568.0000000000,25
3650,60,0.6728462179,54827568.0000000000,17
3650,61,0.6732655616,54827568.0000000000,35
3650,62,0.6751263885,54827568.0000000000,8
3650,63,0.6723123732,54827568.0000000000,18
3650,64,0.6741291192,54827568.0000000000,29
3650,65,0.6740486740,54827568.0000000000,6
3650,66,0.6729582840,54827568.0000000000,26
3650,67,0.6742530035,54827568.0000000000,31
3650,68,0.6740617322,54827568.0000000000,34
3650,69,0.6745413702,54827568.0000000000,27
3650,70,0.6739397177,54827568.0000000000,27
3650,71,0.6747285084,54827568.0000000000,32
3650,72,0.6748170573,54827568.0000000000,28
3650,73,0.6747205970,54827568.0000000000,32
3650,74,0.6741149833,54827568.0000000000,33
3650,75,0.6743856887,54827568.0000000000,27
3650,76,0.6734983107,54827568.0000000000,35
3650,77,0.6747385982,54827568.0000000000,8
3650,78,0.6746419800,54827568.0000000000,30
3650,79,0.6736649360,54827568.0000000000,34
3650,80,0.6740265511,54827568.0000000000,33
3650,81,0.6742289367,54827568.0000000000,31
3650,82,0.6737428852,54827568.0000000000,29
3650,83,0.6730706595,54827568.0000000000,9
3650,84,0.6741946669,54827568.0000000000,30
3650,85,0.6737380157,54827568.0000000000,29
3650,86,0.6754250879,54827568.0000000000,8
3650,87,0.6738170128,54827568.0000000000,31
3650,88,0.6752692061,54827568.0000000000,5
3650,89,0.6735898977,54827568.0000000000,29
3650,90,0.6736315072,54827568.0000000000,29
3650,91,0.6727559093,54827568.0000000000,17
3650,92,0.6725413482,54827568.0000000000,17
3650,93,0.6752543507,54827568.0000000000,7
3650,94,0.6735993883,54827568.0000000000,34
3650,95,0.6741418754,54827568.0000000000,31
3650,96,0.6745408072,54827568.0000000000,30
3650,97,0.6729992808,54827568.0000000000,21
3650,98,0.6738836298,54827568.0000000000,13
3650,99,0.6731476863,54827568.0000000000,24
3650,100,0.6732471543,54827568.0000000000,11
3650,101,0.6746597694,54827568.0000000000,32
3650,102,0.6724460930,54827568.0000000000,18
3650,103,0.6743401767,54827568.0000000000,32
3650,104,0.6738306942,54827568.0000000000,33
3650,105,0.6739983331,54827568.0000000000,34
3650,106,0.6747492246,54827568.0000000000,19
3650,107,0.6744997910,54827568.0000000000,19
3650,108,0.6741072143,54827568.0000000000,23
3650,109,0.6730082418,54827568.0000000000,35
3650,110,0.6740573888,54827568.0000000000,30
3650,111,0.6724412346,54827568.0000000000,22
3650,112,0.6749755172,54827568.0000000000,28
3650,113,0.6738603237,54827568.0000000000,33
3650,114,0.6730657412,54827568.0000000000,35
3650,115,0.6719815117,54827568.0000000000,21
3650,116,0.6735711737,54827568.0000000000,10
3650,117,0.5814564406,47074864.0000000000,11
3650,118,0.5834485023,47074864.0000000000,35
3650,119,0.5831954443,47074864.0000000000,30
3650,120,0.5824104426,47074864.0000000000,10
3650,121,0.5859731756,47074864.0000000000,5
3650,122,0.5828720286,47074864.0000000000,19
3650,123,0.5818669764,47074864.0000000000,25
3650,124,0.5833286198,47074864.0000000000,23
3650,125,0.5831921027,47074864.0000000000,6
3650,126,0.5833166030,47074864.0000000000,13
3650,127,0.5834019046,47074864.0000000000,28
3650,128,0.5842212194,47074864.0000000000,7
3650,129,0.5813375670,47074864.0000000000,9
3650,130,0.5813617818,47074864.0000000000,17
3650,131,0.5824242632,47074864.0000000000,27
3650,132,0.5824264915,47074864.0000000000,10
3650,133,0.5817651510,47074864.0000000000,9
3650,134,0.5858777468,47074864.0000000000,5
3650,135,0.5824162293,47074864.0000000000,31
3650,136,0.5828386496,47074864.0000000000,8
3650,137,0.5828102994,47074864.0000000000,32
3650,138,0.5829572685,47074864.0000000000,13
3650,139,0.5820525081,47074864.0000000000,26
3650,140,0.5826079920,47074864.0000000000,20
3650,141,0.5816011034,47074864.0000000000,17
3650,142,0.5828013793,47074864.0000000000,19
3650,143,0.5841950762,47074864.0000000000,7
3650,144,0.5824312196,47074864.0000000000,33
3650,145,0.5815578333,47074864.0000000000,22
3650,146,0.5833276306,47074864.0000000000,6
3650,147,0.5820563471,47074864.0000000000,34
3650,148,0.5814941223,47074864.0000000000,18
3650,149,0.5814254615,47074864.0000000000,21
3650,150,0.5833393162,47074864.0000000000,8
3650,151,0.5816644160,47074864.0000000000,11
3650,152,0.5814590875,47074864.0000000000,24
3700,0,0.1528409030,235743424.0000000000,2
3700,1,0.1421992860,225184080.0000000000,4
3700,2,0.1314836810,213471040.0000000000,12
3700,3,0.1291762450,212040272.0000000000,15
3700,4,0.1294469630,212400944.0000000000,16
3700,5,0.1300904610,212885360.0000000000,14
3700,6,0.1486459180,228782512.0000000000,3
3700,7,0.3977351800,456344096.0000000000,19
3700,8,0.2929776650,362813936.0000000000,1
3700,9,0.4140072480,513857088.0000000000,17
3700,10,0.3864916290,482024624.0000000000,21
3700,11,0.3241958220,422370960.0000000000,9
3700,12,0.2986444460,400580480.0000000000,13
3700,13,0.2966230830,398370224.0000000000,8
3700,14,0.3001893040,402137360.0000000000,11
3700,15,0.3622359540,455448112.0000000000,10
3700,16,0.3369714370,440219984.0000000000,0
3700,17,0.2902522310,404121632.0000000000,0
3700,18,0.3179352550,436115616.0000000000,3
3700,19,0.3331174660,446956816.0000000000,5
3700,20,0.4058927410,505400656.0000000000,7
3700,21,0.4269329820,524453584.0000000000,27
3700,22,0.4109630830,516986176.0000000000,18
3700,23,0.4205849350,518671888.0000000000,28
3700,24,0.3683953320,473481552.0000000000,24
3700,25,0.3180779400,436668608.0000000000,25
3700,26,0.3174214910,436141952.0000000000,15
3700,27,0.3177302530,436143120.0000000000,4
3700,28,0.3174136580,436508224.0000000000,22
3700,29,0.3177186560,436511504.0000000000,26
3700,30,0.3185741080,436865728.0000000000,14
3700,31,0.3337722680,451654656.0000000000,23
3700,32,0.3187412500,436876144.0000000000,6
3700,33,0.3178384360,436507808.0000000000,16
3700,34,0.3176768470,436510016.0000000000,20
3700,35,0.3176451330,436164768.0000000000,12
3700,36,0.3166514030,434856496.0000000000,1
3700,37,0.3181037240,436503680.0000000000,34
3700,38,0.3180871930,436545664.0000000000,33
3700,39,0.3181995840,436507728.0000000000,29
3700,40,0.3181359500,436475328.0000000000,30
3700,41,0.3181844700,436501984.0000000000,32
3700,42,0.3181987780,436548320.0000000000,35
3700,43,0.3181236580,436453680.0000000000,31
3700,44,0.3170584790,434839872.0000000000,2
3700,45,0.0821174750,131745040.0000000000,23
3700,46,0.0821265030,132145584.0000000000,26
3700,47,0.0821954920,132120720.0000000000,6
3700,48,0.0822194480,132138512.0000000000,20
3700,49,0.0821402510,132141552.0000000000,25
3700,50,0.0822164320,132158880.0000000000,5
3700,51,0.0823893380,132140464.0000000000,7
3700,52,0.0821314610,132153328.0000000000,22
3700,53,0.0820139070,131752208.0000000000,24
3700,54,0.0207336310,54827568.0000000000,28
3700,55,0.0205960690,54827568.0000000000,18
3700,56,0.0206590470,54827568.0000000000,28
3700,57,0.0206707300,54827568.0000000000,20
3700,58,0.0206695980,54827568.0000000000,27
3700,59,0.0205421820,54827568.0000000000,25
3700,60,0.0206059170,54827568.0000000000,17
3700,61,0.0206781060,54827568.0000000000,35
3700,62,0.0206577040,54827568.0000000000,8
3700,63,0.0205695960,54827568.0000000000,18
3700,64,0.0206288470,54827568.0000000000,29
3700,65,0.0206815330,54827568.0000000000,6
3700,66,0.0206110160,54827568.0000000000,26
3700,67,0.0207130090,54827568.0000000000,31
3700,68,0.0206595400,54827568.0000000000,34
3700,69,0.0206494400,54827568.0000000000,27
3700,70,0.0206243900,54827568.0000000000,27
3700,71,0.0206891660,54827568.0000000000,32
3700,72,0.0206482950,54827568.0000000000,28
3700,73,0.0207000480,54827568.0000000000,32
3700,74,0.0207019420,54827568.0000000000,33
3700,75,0.0206043610,54827568.0000000000,27
3700,76,0.0205668220,54827568.0000000000,35
3700,77,0.0206129300,54827568.0000000000,8
3700,78,0.0206682940,54827568.0000000000,30
3700,79,0.0206004860,54827568.0000000000,34
3700,80,0.0205931500,54827568.0000000000,33
3700,81,0.0205775280,54827568.0000000000,31
3700,82,0.0205981860,54827568.0000000000,29
3700,83,0.0206386790,54827568.0000000000,9
3700,84,0.0206236280,54827568.0000000000,30
3700,85,0.0205866970,54827568.0000000000,29
3700,86,0.0207456880,54827568.0000000000,8
3700,87,0.0206379860,54827568.0000000000,31
3700,88,0.0207269020,54827568.0000000000,5
3700,89,0.0206711200,54827568.0000000000,29
3700,90,0.0206752760,54827568.0000000000,29
3700,91,0.0205418620,54827568.0000000000,17
3700,92,0.0205867790,54827568.0000000000,17
3700,93,0.0207048590,54827568.0000000000,7
3700,94,0.0206524050,54827568.0000000000,34
3700,95,0.0206429740,54827568.0000000000,31
3700,96,0.0206595480,54827568.0000000000,30
3700,97,0.0205691960,54827568.0000000000,21
3700,98,0.0206414640,54827568.0000000000,13
3700,99,0.0205444260,54827568.0000000000,24
3700,100,0.0205839830,54827568.0000000000,11
3700,101,0.0207039770,54827568.0000000000,32
3700,102,0.0205817800,54827568.0000000000,18
3700,103,0.0206711230,54827568.0000000000,32
3700,104,0.0206683060,54827568.0000000000,33
3700,105,0.0206172870,54827568.0000000000,34
3700,106,0.0206300630,54827568.0000000000,19
3700,107,0.0206736780,54827568.0000000000,19
3700,108,0.0206033300,54827568.0000000000,23
3700,109,0.0206180320,54827568.0000000000,35
3700,110,0.0205745730,54827568.0000000000,30
3700,111,0.0205921200,54827568.0000000000,22
3700,112,0.0206084580,54827568.0000000000,28
3700,113,0.0206536390,54827568.0000000000,33
3700,114,0.0206362670,54827568.0000000000,35
3700,115,0.0205620810,54827568.0000000000,21
3700,116,0.0205965280,54827568.0000000000,10
3700,117,0.0177708020,47074864.0000000000,11
3700,118,0.0178256470,47074864.0000000000,35
3700,119,0.0178436900,47074864.0000000000,30
3700,120,0.0178400920,47074864.0000000000,10
3700,121,0.0179094660,47074864.0000000000,5
3700,122,0.0178415250,47074864.0000000000,19
3700,123,0.0178468900,47074864.0000000000,25
3700,124,0.0178473670,47074864.0000000000,23
3700,125,0.0178415150,47074864.0000000000,6
3700,126,0.0178403760,47074864.0000000000,13
3700,127,0.0178829140,47074864.0000000000,28
3700,128,0.0178832870,47074864.0000000000,7
3700,129,0.0177665820,47074864.0000000000,9
3700,130,0.0177891020,47074864.0000000000,17
3700,131,0.0178413490,47074864.0000000000,27
3700,132,0.0178644920,47074864.0000000000,10
3700,133,0.0177862090,47074864.0000000000,9
3700,134,0.0179133340,47074864.0000000000,5
3700,135,0.0178347740,47074864.0000000000,31
3700,136,0.0178434020,47074864.0000000000,8
3700,137,0.0178520360,47074864.0000000000,32
3700,138,0.0178117800,47074864.0000000000,13
3700,139,0.0178041350,47074864.0000000000,26
3700,140,0.0178681660,47074864.0000000000,20
3700,141,0.0177992840,47074864.0000000000,17
3700,142,0.0178399130,47074864.0000000000,19
3700,143,0.0179191940,47074864.0000000000,7
3700,144,0.0178372390,47074864.0000000000,33
3700,145,0.0178153050,47074864.0000000000,22
3700,146,0.0178527470,47074864.0000000000,6
3700,147,0.0177898880,47074864.0000000000,34
3700,148,0.0177989240,47074864.0000000000,18
3700,149,0.0178360340,47074864.0000000000,21
3700,150,0.0178498240,47074864.0000000000,8
3700,151,0.0178006380,47074864.0000000000,11
3700,152,0.0177861200,47074864.0000000000,24
3750,0,4.9212844487,234654592.0000000000,2
3750,1,4.5921631567,224981472.0000000000,4
3750,2,4.2318201029,213523440.0000000000,12
3750,3,4.1748193116,212067856.0000000000,15
3750,4,4.1724732046,212483600.0000000000,16
3750,5,4.1978799287,212929376.0000000000,14
3750,6,4.7737927978,228058816.0000000000,3
3750,7,12.7350499242,454120016.0000000000,19
3750,8,9.3942025638,362068608.0000000000,1
3750,9,13.3178827383,514823328.0000000000,17
3750,10,12.3894151176,480474640.0000000000,21
3750,11,10.4038963294,421504112.0000000000,9
3750,12,9.5995102236,400123456.0000000000,13
3750,13,9.5229828393,397943280.0000000000,8
3750,14,9.6419772679,401564288.0000000000,11
3750,15,11.6100111757,454025968.0000000000,10
3750,16,10.8743129231,441784400.0000000000,0
3750,17,9.3257662028,403997584.0000000000,0
3750,18,10.2299899704,436112896.0000000000,3
3750,19,10.7537844987,448422672.0000000000,5
3750,20,13.0786250020,506402944.0000000000,7
3750,21,13.6548017573,522086736.0000000000,27
3750,22,13.0434556399,508417168.0000000000,18
3750,23,13.4618185752,516358800.0000000000,28
3750,24,11.8784474223,474871920.0000000000,24
3750,25,10.2434247755,436719456.0000000000,25
3750,26,10.2175274402,436133680.0000000000,15
3750,27,10.2264234379,436138336.0000000000,4
3750,28,10.2198520389,436512464.0000000000,22
3750,29,10.2210229355,436506464.0000000000,26
3750,30,10.3122516554,439938336.0000000000,14
3750,31,10.9118320099,459482784.0000000000,23
3750,32,10.3088637961,439712320.0000000000,6
3750,33,10.2230464384,436515504.0000000000,16
3750,34,10.2222631322,436509440.0000000000,20
3750,35,10.2234797931,436161088.0000000000,12
3750,36,10.1890448447,434830832.0000000000,1
3750,37,10.2360130243,436504256.0000000000,34
3750,38,10.2399178812,436548544.0000000000,33
3750,39,10.2403558775,436504896.0000000000,29
3750,40,10.2393063201,436476864.0000000000,30
3750,41,10.2388956123,436502640.0000000000,32
3750,42,10.2375231635,436543600.0000000000,35
3750,43,10.2396336036,436453024.0000000000,31
3750,44,10.1977432294,434812976.0000000000,2
3750,45,2.6494257186,131743152.0000000000,23
3750,46,2.6528646154,132144768.0000000000,26
3750,47,2.6532097356,132120032.0000000000,6
3750,48,2.6543487357,132141808.0000000000,20
3750,49,2.6523991018,132139424.0000000000,25
3750,50,2.6572196318,132159984.0000000000,5
3750,51,2.6565099525,132139552.0000000000,7
3750,52,2.6521677773,132152512.0000000000,22
3750,53,2.6464052426,131750320.0000000000,24
3750,54,0.6750700703,54827568.0000000000,28
3750,55,0.6732654596,54827568.0000000000,18
3750,56,0.6750610306,54827568.0000000000,28
3750,57,0.6738290939,54827568.0000000000,20
3750,58,0.6737808699,54827568.0000000000,27
3750,59,0.6718781221,54827568.0000000000,25
3750,60,0.6726668381,54827568.0000000000,17
3750,61,0.6733345671,54827568.0000000000,35
3750,62,0.6751925263,54827568.0000000000,8
3750,63,0.6724312461,54827568.0000000000,18
3750,64,0.6738997961,54827568.0000000000,29
3750,65,0.6737674127,54827568.0000000000,6
3750,66,0.6728560609,54827568.0000000000,26
3750,67,0.6740518540,54827568.0000000000,31
3750,68,0.6736627243,54827568.0000000000,34
3750,69,0.6742577270,54827568.0000000000,27
3750,70,0.6737684965,54827568.0000000000,27
3750,71,0.6748419324,54827568.0000000000,32
3750,72,0.6749735400,54827568.0000000000,28
3750,73,0.6749571614,54827568.0000000000,32
3750,74,0.6742719324,54827568.0000000000,33
3750,75,0.6741538008,54827568.0000000000,27
3750,76,0.6735619699,54827568.0000000000,35
3750,77,0.6749161746,54827568.0000000000,8
3750,78,0.6747264289,54827568.0000000000,30
3750,79,0.6738926161,54827568.0000000000,34
3750,80,0.6738710914,54827568.0000000000,33
3750,81,0.6740001865,54827568.0000000000,31
3750,82,0.6739413300,54827568.0000000000,29
3750,83,0.6735775287,54827568.0000000000,9
3750,84,0.6743436206,54827568.0000000000,30
3750,85,0.6734836058,54827568.0000000000,29
3750,86,0.6750251974,54827568.0000000000,8
3750,87,0.6741783851,54827568.0000000000,31
3750,88,0.6750047297,54827568.0000000000,5
3750,89,0.6739290065,54827568.0000000000,29
3750,90,0.6739121710,54827568.0000000000,29
3750,91,0.6730166265,54827568.0000000000,17
3750,92,0.6729400464,54827568.0000000000,17
3750,93,0.6755973672,54827568.0000000000,7
3750,94,0.6738675700,54827568.0000000000,34
3750,95,0.6739266153,54827568.0000000000,31
3750,96,0.6745312478,54827568.0000000000,30
3750,97,0.6726134116,54827568.0000000000,21
3750,98,0.6732469849,54827568.0000000000,13
3750,99,0.6730203330,54827568.0000000000,24
3750,100,0.6733874249,54827568.0000000000,11
3750,101,0.6751538886,54827568.0000000000,32
3750,102,0.6729339770,54827568.0000000000,18
3750,103,0.6747791684,54827568.0000000000,32
3750,104,0.6738290082,54827568.0000000000,33
3750,105,0.6736174798,54827568.0000000000,34
3750,106,0.6746507273,54827568.0000000000,19
3750,107,0.6747818967,54827568.0000000000,19
3750,108,0.6739497443,54827568.0000000000,23
3750,109,0.6732197617,54827568.0000000000,35
3750,110,0.6741609218,54827568.0000000000,30
3750,111,0.6727558203,54827568.0000000000,22
3750,112,0.6747365152,54827568.0000000000,28
3750,113,0.6735102653,54827568.0000000000,33
3750,114,0.6730841347,54827568.0000000000,35
3750,115,0.6724082861,54827568.0000000000,21
3750,116,0.6737350970,54827568.0000000000,10
3750,117,0.5816271424,47074864.0000000000,11
3750,118,0.5834092295,47074864.0000000000,35
3750,119,0.5831874364,47074864.0000000000,30
3750,120,0.5822940947,47074864.0000000000,10
3750,121,0.5856531990,47074864.0000000000,5
3750,122,0.5829744138,47074864.0000000000,19
3750,123,0.5818250258,47074864.0000000000,25
3750,124,0.5832604614,47074864.0000000000,23
3750,125,0.5833819518,47074864.0000000000,6
3750,126,0.5832230185,47074864.0000000000,13
3750,127,0.5835690848,47074864.0000000000,28
3750,128,0.5842020898,47074864.0000000000,7
3750,129,0.5812786359,47074864.0000000000,9
3750,130,0.5813013323,47074864.0000000000,17
3750,131,0.5822233070,47074864.0000000000,27
3750,132,0.5825963579,47074864.0000000000,10
3750,133,0.5816113033,47074864.0000000000,9
3750,134,0.5858886368,47074864.0000000000,5
3750,135,0.5825365209,47074864.0000000000,31
3750,136,0.5828680209,47074864.0000000000,8
3750,137,0.5829925933,47074864.0000000000,32
3750,138,0.5830583088,47074864.0000000000,13
3750,139,0.5818226921,47074864.0000000000,26
3750,140,0.5825969835,47074864.0000000000,20
3750,141,0.5813378305,47074864.0000000000,17
3750,142,0.5824971711,47074864.0000000000,19
3750,143,0.5840173765,47074864.0000000000,7
3750,144,0.5824026224,47074864.0000000000,33
3750,145,0.5816003510,47074864.0000000000,22
3750,146,0.5833438560,47074864.0000000000,6
3750,147,0.5822563701,47074864.0000000000,34
3750,148,0.5816702737,47074864.0000000000,18
3750,149,0.5812436141,47074864.0000000000,21
3750,150,0.5832560171,47074864.0000000000,8
3750,151,0.5814795088,47074864.0000000000,11
3750,152,0.5815560744,47074864.0000000000,24
3800,0,0.1516734790,233454640.0000000000,2
3800,1,0.1418885910,224709632.0000000000,4
3800,2,0.1305789580,213710192.0000000000,12
3800,3,0.1291550430,212103392.0000000000,15
3800,4,0.1293585560,212571584.0000000000,16
3800,5,0.1300208140,212952832.0000000000,14
3800,6,0.1465982940,227572288.0000000000,3
3800,7,0.3899510560,449635312.0000000000,19
3800,8,0.2906126180,361737632.0000000000,1
3800,9,0.4150609390,515681680.0000000000,17
3800,10,0.3829674870,478911808.0000000000,21
3800,11,0.3217201760,420488000.0000000000,9
3800,12,0.2975416360,399591520.0000000000,13
3800,13,0.2954474600,397565824.0000000000,8
3800,14,0.2988286310,400862000.0000000000,11
3800,15,0.3571717130,451550592.0000000000,10
3800,16,0.3418252890,443546944.0000000000,0
3800,17,0.2898590180,404017792.0000000000,0
3800,18,0.3177578300,436104272.0000000000,3
3800,19,0.3373701310,449987984.0000000000,5
3800,20,0.4090322970,507239248.0000000000,7
3800,21,0.4204612440,518686448.0000000000,27
3800,22,0.3981341750,502902832.0000000000,18
3800,23,0.4148241620,513191584.0000000000,28
3800,24,0.3727810610,476459520.0000000000,24
3800,25,0.3190098270,436767168.0000000000,25
3800,26,0.3174402820,436136048.0000000000,15
3800,27,0.3178174440,436132912.0000000000,4
3800,28,0.3175062160,436512000.0000000000,22
3800,29,0.3176516670,436510592.0000000000,26
3800,30,0.3262652730,443452336.0000000000,14
3800,31,0.3477974110,464495232.0000000000,23
3800,32,0.3256036630,442937136.0000000000,6
3800,33,0.3176983040,436515440.0000000000,16
3800,34,0.3178513150,436504992.0000000000,20
3800,35,0.3176956340,436156208.0000000000,12
3800,36,0.3165490930,434806112.0000000000,1
3800,37,0.3181108550,436500160.0000000000,34
3800,38,0.3181760700,436544560.0000000000,33
3800,39,0.3181749080,436505760.0000000000,29
3800,40,0.3181435800,436474992.0000000000,30
3800,41,0.3180763190,436508192.0000000000,32
3800,42,0.3182598140,436537808.0000000000,35
3800,43,0.3182851000,436455296.0000000000,31
3800,44,0.3168172020,434795600.0000000000,2
3800,45,0.0820518880,131735664.0000000000,23
3800,46,0.0821750790,132147616.0000000000,26
3800,47,0.0822049940,132118704.0000000000,6
3800,48,0.0821824180,132144752.0000000000,20
3800,49,0.0821917550,132137952.0000000000,25
3800,50,0.0824039660,132160144.0000000000,5
3800,51,0.0822822440,132140608.0000000000,7
3800,52,0.0822305610,132149376.0000000000,22
3800,53,0.0819606540,131741024.0000000000,24
3800,54,0.0206628030,54827568.0000000000,28
3800,55,0.0205792510,54827568.0000000000,18
3800,56,0.0206756270,54827568.0000000000,28
3800,57,0.0206751780,54827568.0000000000,20
3800,58,0.0206672340,54827568.0000000000,27
3800,59,0.0205500480,54827568.0000000000,25
3800,60,0.0205969770,54827568.0000000000,17
3800,61,0.0206050640,54827568.0000000000,35
3800,62,0.0206686170,54827568.0000000000,8
3800,63,0.0205662580,54827568.0000000000,18
3800,64,0.0205794230,54827568.0000000000,29
3800,65,0.0206644410,54827568.0000000000,6
3800,66,0.0205885420,54827568.0000000000,26
3800,67,0.0206836940,54827568.0000000000,31
3800,68,0.0206412540,54827568.0000000000,34
3800,69,0.0206434570,54827568.0000000000,27
3800,70,0.0206893650,54827568.0000000000,27
3800,71,0.0206544070,54827568.0000000000,32
3800,72,0.0206928200,54827568.0000000000,28
3800,73,0.0207214290,54827568.0000000000,32
3800,74,0.0205983010,54827568.0000000000,33
3800,75,0.0206366760,54827568.0000000000,27
3800,76,0.0205691040,54827568.0000000000,35
3800,77,0.0207014290,54827568.0000000000,8
3800,78,0.0207021100,54827568.0000000000,30
3800,79,0.0205768380,54827568.0000000000,34
3800,80,0.0205875710,54827568.0000000000,33
3800,81,0.0206288760,54827568.0000000000,31
3800,82,0.0206608810,54827568.0000000000,29
3800,83,0.0206307320,54827568.0000000000,9
3800,84,0.0205929180,54827568.0000000000,30
3800,85,0.0206031170,54827568.0000000000,29
3800,86,0.0207099150,54827568.0000000000,8
3800,87,0.0206465020,54827568.0000000000,31
3800,88,0.0206467460,54827568.0000000000,5
3800,89,0.0206602080,54827568.0000000000,29
3800,90,0.0206071570,54827568.0000000000,29
3800,91,0.0206260510,54827568.0000000000,17
3800,92,0.0205458180,54827568.0000000000,17
3800,93,0.0206645390,54827568.0000000000,7
3800,94,0.0206674870,54827568.0000000000,34
3800,95,0.0206333160,54827568.0000000000,31
3800,96,0.0206311840,54827568.0000000000,30
3800,97,0.0205262000,54827568.0000000000,21
3800,98,0.0206347150,54827568.0000000000,13
3800,99,0.0206748980,54827568.0000000000,24
3800,100,0.0205988210,54827568.0000000000,11
3800,101,0.0206369450,54827568.0000000000,32
3800,102,0.0205961170,54827568.0000000000,18
3800,103,0.0206946860,54827568.0000000000,32
3800,104,0.0206652790,54827568.0000000000,33
3800,105,0.0206258330,54827568.0000000000,34
3800,106,0.0207065110,54827568.0000000000,19
3800,107,0.0206063960,54827568.0000000000,19
3800,108,0.0206194520,54827568.0000000000,23
3800,109,0.0206123260,54827568.0000000000,35
3800,110,0.0206610100,54827568.0000000000,30
3800,111,0.0205081360,54827568.0000000000,22
3800,112,0.0206845750,54827568.0000000000,28
3800,113,0.0205863270,54827568.0000000000,33
3800,114,0.0206539870,54827568.0000000000,35
3800,115,0.0205690630,54827568.0000000000,21
3800,116,0.0205897140,54827568.0000000000,10
3800,117,0.0177643980,47074864.0000000000,11
3800,118,0.0178669030,47074864.0000000000,35
3800,119,0.0178670470,47074864.0000000000,30
3800,120,0.0178405520,47074864.0000000000,10
3800,121,0.0179286910,47074864.0000000000,5
3800,122,0.0178407940,47074864.0000000000,19
3800,123,0.0178090150,47074864.0000000000,25
3800,124,0.0178492210,47074864.0000000000,23
3800,125,0.0178180490,47074864.0000000000,6
3800,126,0.0178545770,47074864.0000000000,13
3800,127,0.0178686780,47074864.0000000000,28
3800,128,0.0179240920,47074864.0000000000,7
3800,129,0.0178258350,47074864.0000000000,9
3800,130,0.0177652060,47074864.0000000000,17
3800,131,0.0178119030,47074864.0000000000,27
3800,132,0.0178654320,47074864.0000000000,10
3800,133,0.0177793960,47074864.0000000000,9
3800,134,0.0179440210,47074864.0000000000,5
3800,135,0.0178017790,47074864.0000000000,31
3800,136,0.0178401820,47074864.0000000000,8
3800,137,0.0178415050,47074864.0000000000,32
3800,138,0.0178598970,47074864.0000000000,13
3800,139,0.0177934050,47074864.0000000000,26
3800,140,0.0177922990,47074864.0000000000,20
3800,141,0.0177925570,47074864.0000000000,17
3800,142,0.0178399410,47074864.0000000000,19
3800,143,0.0178776820,47074864.0000000000,7
3800,144,0.0178416270,47074864.0000000000,33
3800,145,0.0177871710,47074864.0000000000,22
3800,146,0.0178486660,47074864.0000000000,6
3800,147,0.0178331190,47074864.0000000000,34
3800,148,0.0178112550,47074864.0000000000,18
3800,149,0.0177927990,47074864.0000000000,21
3800,150,0.0178326200,47074864.0000000000,8
3800,151,0.0178023910,47074864.0000000000,11
3800,152,0.0177776760,47074864.0000000000,24
3850,0,4.8635710849,232314288.0000000000,2
3850,1,4.5767633794,224450896.0000000000,4
3850,2,4.2142327783,213951696.0000000000,12
3850,3,4.1653901094,212094192.0000000000,15
3850,4,4.1726364658,212594160.0000000000,16
3850,5,4.2000969660,212937968.0000000000,14
3850,6,4.7257749169,227278416.0000000000,3
3850,7,12.4687634836,446423536.0000000000,19
3850,8,9.3603767180,361598768.0000000000,1
3850,9,13.3784092989,516362864.0000000000,17
3850,10,12.2957609331,477343808.0000000000,21
3850,11,10.3247133559,419545584.0000000000,9
3850,12,9.5530041460,399196800.0000000000,13
3850,13,9.4833100753,396554752.0000000000,8
3850,14,9.5735871685,399713376.0000000000,11
3850,15,11.4030066457,448335296.0000000000,10
3850,16,11.0399011041,445244640.0000000000,0
3850,17,9.3444120751,404194800.0000000000,0
3850,18,10.2297277654,436101392.0000000000,3
3850,19,10.8892040569,451640768.0000000000,5
3850,20,13.1668466298,507987632.0000000000,7
3850,21,13.4394147283,515510400.0000000000,27
3850,22,12.7328357107,499669344.0000000000,18
3850,23,13.2830140010,510943072.0000000000,28
3850,24,12.0431972916,478596928.0000000000,24
3850,25,10.2593526686,436819808.0000000000,25
3850,26,10.2172816824,436136320.0000000000,15
3850,27,10.2253504535,436125040.0000000000,4
3850,28,10.2200063946,436508560.0000000000,22
3850,29,10.2210273326,436511472.0000000000,26
3850,30,10.5665530285,446975520.0000000000,14
3850,31,11.2747835728,468515584.0000000000,23
3850,32,10.5444509074,446012320.0000000000,6
3850,33,10.2229398189,436510304.0000000000,16
3850,34,10.2219709461,436510832.0000000000,20
3850,35,10.2231784755,436149520.0000000000,12
3850,36,10.1890608461,434784416.0000000000,1
3850,37,10.2364147995,436499424.0000000000,34
3850,38,10.2408955768,436550896.0000000000,33
3850,39,10.2408996226,436506896.0000000000,29
3850,40,10.2394318757,436478096.0000000000,30
3850,41,10.2403840185,436509104.0000000000,32
3850,42,10.2384987280,436538816.0000000000,35
3850,43,10.2399329928,436453712.0000000000,31
3850,44,10.1975310891,434773584.0000000000,2
3850,45,2.6500966416,131731648.0000000000,23
3850,46,2.6528000705,132148464.0000000000,26
3850,47,2.6534871559,132117072.0000000000,6
3850,48,2.6544840472,132143040.0000000000,20
3850,49,2.6518088117,132137584.0000000000,25
3850,50,2.6581776662,132160144.0000000000,5
3850,51,2.6570708080,132140384.0000000000,7
3850,52,2.6524825072,132147808.0000000000,22
3850,53,2.6466526778,131737344.0000000000,24
3850,54,0.6751817786,54827568.0000000000,28
3850,55,0.6730171877,54827568.0000000000,18
3850,56,0.6753085799,54827568.0000000000,28
3850,57,0.6739918129,54827568.0000000000,20
3850,58,0.6738068386,54827568.0000000000,27
3850,59,0.6720880841,54827568.0000000000,25
3850,60,0.6726197402,54827568.0000000000,17
3850,61,0.6730447556,54827568.0000000000,35
3850,62,0.6753991928,54827568.0000000000,8
3850,63,0.6724856186,54827568.0000000000,18
3850,64,0.6737966265,54827568.0000000000,29
3850,65,0.6740852453,54827568.0000000000,6
3850,66,0.6728957409,54827568.0000000000,26
3850,67,0.6742320890,54827568.0000000000,31
3850,68,0.6739871025,54827568.0000000000,34
3850,69,0.6739298651,54827568.0000000000,27
3850,70,0.6737775017,54827568.0000000000,27
3850,71,0.6749135930,54827568.0000000000,32
3850,72,0.6751261067,54827568.0000000000,28
3850,73,0.6747896076,54827568.0000000000,32
3850,74,0.6738212015,54827568.0000000000,33
3850,75,0.6739914336,54827568.0000000000,27
3850,76,0.6734367703,54827568.0000000000,35
3850,77,0.6749098471,54827568.0000000000,8
3850,78,0.6743404961,54827568.0000000000,30
3850,79,0.6740474127,54827568.0000000000,34
3850,80,0.6740241183,54827568.0000000000,33
3850,81,0.6739185628,54827568.0000000000,31
3850,82,0.6740160816,54827568.0000000000,29
3850,83,0.6732247156,54827568.0000000000,9
3850,84,0.6746882852,54827568.0000000000,30
3850,85,0.6736506946,54827568.0000000000,29
3850,86,0.6750313598,54827568.0000000000,8
3850,87,0.6739777587,54827568.0000000000,31
3850,88,0.6751661818,54827568.0000000000,5
3850,89,0.6735058908,54827568.0000000000,29
3850,90,0.6739778648,54827568.0000000000,29
3850,91,0.6728721303,54827568.0000000000,17
3850,92,0.6727064301,54827568.0000000000,17
3850,93,0.6751625124,54827568.0000000000,7
3850,94,0.6735748588,54827568.0000000000,34
3850,95,0.6741070945,54827568.0000000000,31
3850,96,0.6742082822,54827568.0000000000,30
3850,97,0.6725262714,54827568.0000000000,21
3850,98,0.6733696296,54827568.0000000000,13
3850,99,0.6732554507,54827568.0000000000,24
3850,100,0.6732751654,54827568.0000000000,11
3850,101,0.6746806671,54827568.0000000000,32
3850,102,0.6728418541,54827568.0000000000,18
3850,103,0.6744980066,54827568.0000000000,32
3850,104,0.6737761946,54827568.0000000000,33
3850,105,0.6737183474,54827568.0000000000,34
3850,106,0.6743783529,54827568.0000000000,19
3850,107,0.6741991065,54827568.0000000000,19
3850,108,0.6739941624,54827568.0000000000,23
3850,109,0.6732924849,54827568.0000000000,35
3850,110,0.6743831915,54827568.0000000000,30
3850,111,0.6726592605,54827568.0000000000,22
3850,112,0.6749185793,54827568.0000000000,28
3850,113,0.6736821517,54827568.0000000000,33
3850,114,0.6731722162,54827568.0000000000,35
3850,115,0.6720167356,54827568.0000000000,21
3850,116,0.6736535332,54827568.0000000000,10
3850,117,0.5814829199,47074864.0000000000,11
3850,118,0.5832395397,47074864.0000000000,35
3850,119,0.5832895756,47074864.0000000000,30
3850,120,0.5824158318,47074864.0000000000,10
3850,121,0.5857495494,47074864.0000000000,5
3850,122,0.5827050916,47074864.0000000000,19
3850,123,0.5815140662,47074864.0000000000,25
3850,124,0.5832311157,47074864.0000000000,23
3850,125,0.5833197431,47074864.0000000000,6
3850,126,0.5833286248,47074864.0000000000,13
3850,127,0.5835236394,47074864.0000000000,28
3850,128,0.5842317108,47074864.0000000000,7
3850,129,0.5814089432,47074864.0000000000,9
3850,130,0.5813378181,47074864.0000000000,17
3850,131,0.5823444767,47074864.0000000000,27
3850,132,0.5825433525,47074864.0000000000,10
3850,133,0.5816340870,47074864.0000000000,9
3850,134,0.5859061918,47074864.0000000000,5
3850,135,0.5828505037,47074864.0000000000,31
3850,136,0.5830001019,47074864.0000000000,8
3850,137,0.5831272276,47074864.0000000000,32
3850,138,0.5828617239,47074864.0000000000,13
3850,139,0.5818081592,47074864.0000000000,26
3850,140,0.5826762883,47074864.0000000000,20
3850,141,0.5814179637,47074864.0000000000,17
3850,142,0.5826820911,47074864.0000000000,19
3850,143,0.5840520058,47074864.0000000000,7
3850,144,0.5826176419,47074864.0000000000,33
3850,145,0.5814594910,47074864.0000000000,22
3850,146,0.5833408196,47074864.0000000000,6
3850,147,0.5822762413,47074864.0000000000,34
3850,148,0.5816453580,47074864.0000000000,18
3850,149,0.5815379168,47074864.0000000000,21
3850,150,0.5833081952,47074864.0000000000,8
3850,151,0.5816664007,47074864.0000000000,11
3850,152,0.5814148729,47074864.0000000000,24
3900,0,0.1488990100,230999664.0000000000,2
3900,1,0.1418437930,224110880.0000000000,4
3900,2,0.1310390260,214037952.0000000000,12
3900,3,0.1295139350,212055216.0000000000,15
3900,4,0.1295443150,212389840.0000000000,16
3900,5,0.1307243600,212765152.0000000000,14
3900,6,0.1471402450,227325328.0000000000,3
3900,7,0.3849345040,444623232.0000000000,19
3900,8,0.2916637740,361351024.0000000000,1
3900,9,0.4179086780,516813120.0000000000,17
3900,10,0.3802050330,475399072.0000000000,21
3900,11,0.3204144990,418917328.0000000000,9
3900,12,0.2967360380,398515440.0000000000,13
3900,13,0.2946703310,396174304.0000000000,8
3900,14,0.2975539290,399295344.0000000000,11
3900,15,0.3491106500,444915728.0000000000,10
3900,16,0.3466259640,446560640.0000000000,0
3900,17,0.2914728750,404455328.0000000000,0
3900,18,0.3178720650,436095008.0000000000,3
3900,19,0.3418980470,453371840.0000000000,5
3900,20,0.4116748800,508779696.0000000000,7
3900,21,0.4131696700,512047120.0000000000,27
3900,22,0.3881829730,493319264.0000000000,18
3900,23,0.4097582420,508223536.0000000000,28
3900,24,0.3791797850,480792576.0000000000,24
3900,25,0.3192983200,436955216.0000000000,25
3900,26,0.3174790830,436125776.0000000000,15
3900,27,0.3177498680,436119216.0000000000,4
3900,28,0.3175502840,436505440.0000000000,22
3900,29,0.3176108400,436508848.0000000000,26
3900,30,0.3348646760,451032944.0000000000,14
3900,31,0.3599586150,475415344.0000000000,23
3900,32,0.3325817620,448889376.0000000000,6
3900,33,0.3175984400,436514160.0000000000,16
3900,34,0.3175347950,436506624.0000000000,20
3900,35,0.3176186340,436146048.0000000000,12
3900,36,0.3164357340,434760416.0000000000,1
3900,37,0.3181302630,436499008.0000000000,34
3900,38,0.3182033550,436550608.0000000000,33
3900,39,0.3180672140,436503552.0000000000,29
3900,40,0.3183030390,436475248.0000000000,30
3900,41,0.3181005190,436514096.0000000000,32
3900,42,0.3180924000,436535936.0000000000,35
3900,43,0.3182390950,436453168.0000000000,31
3900,44,0.3167502620,434744928.0000000000,2
3900,45,0.0820870900,131726512.0000000000,23
3900,46,0.0822788290,132147040.0000000000,26
3900,47,0.0823027430,132120016.0000000000,6
3900,48,0.0823060920,132141840.0000000000,20
3900,49,0.0821974080,132136544.0000000000,25
3900,50,0.0824408400,132161328.0000000000,5
3900,51,0.0822575070,132139552.0000000000,7
3900,52,0.0821463730,132147680.0000000000,22
3900,53,0.0819972030,131733632.0000000000,24
3900,54,0.0206864780,54827568.0000000000,28
3900,55,0.0206090820,54827568.0000000000,18
3900,56,0.0207123200,54827568.0000000000,28
3900,57,0.0207324600,54827568.0000000000,20
3900,58,0.0205973180,54827568.0000000000,27
3900,59,0.0205521100,54827568.0000000000,25
3900,60,0.0205902930,54827568.0000000000,17
3900,61,0.0205785240,54827568.0000000000,35
3900,62,0.0206195280,54827568.0000000000,8
3900,63,0.0205790830,54827568.0000000000,18
3900,64,0.0205836110,54827568.0000000000,29
3900,65,0.0206422890,54827568.0000000000,6
3900,66,0.0205723700,54827568.0000000000,26
3900,67,0.0206366510,54827568.0000000000,31
3900,68,0.0206294330,54827568.0000000000,34
3900,69,0.0205739510,54827568.0000000000,27
3900,70,0.0205946720,54827568.0000000000,27
3900,71,0.0206077390,54827568.0000000000,32
3900,72,0.0206556590,54827568.0000000000,28
3900,73,0.0206394430,54827568.0000000000,32
3900,74,0.0206470070,54827568.0000000000,33
3900,75,0.0206304010,54827568.0000000000,27
3900,76,0.0206605520,54827568.0000000000,35
3900,77,0.0206562990,54827568.0000000000,8
3900,78,0.0206905180,54827568.0000000000,30
3900,79,0.0206800100,54827568.0000000000,34
3900,80,0.0206126790,54827568.0000000000,33
3900,81,0.0206000700,54827568.0000000000,31
3900,82,0.0206323760,54827568.0000000000,29
3900,83,0.0206159540,54827568.0000000000,9
3900,84,0.0206500670,54827568.0000000000,30
3900,85,0.0206074860,54827568.0000000000,29
3900,86,0.0206081460,54827568.0000000000,8
3900,87,0.0206410900,54827568.0000000000,31
3900,88,0.0206574450,54827568.0000000000,5
3900,89,0.0206079880,54827568.0000000000,29
3900,90,0.0206581550,54827568.0000000000,29
3900,91,0.0205590340,54827568.0000000000,17
3900,92,0.0206121160,54827568.0000000000,17
3900,93,0.0206819040,54827568.0000000000,7
3900,94,0.0206354240,54827568.0000000000,34
3900,95,0.0206893740,54827568.0000000000,31
3900,96,0.0206779810,54827568.0000000000,30
3900,97,0.0206185590,54827568.0000000000,21
3900,98,0.0206764560,54827568.0000000000,13
3900,99,0.0205679440,54827568.0000000000,24
3900,100,0.0206024970,54827568.0000000000,11
3900,101,0.0206354550,54827568.0000000000,32
3900,102,0.0206165740,54827568.0000000000,18
3900,103,0.0206926540,54827568.0000000000,32
3900,104,0.0206244530,54827568.0000000000,33
3900,105,0.0205605290,54827568.0000000000,34
3900,106,0.0206406730,54827568.0000000000,19
3900,107,0.0206738050,54827568.0000000000,19
3900,108,0.0206185300,54827568.0000000000,23
3900,109,0.0205950670,54827568.0000000000,35
3900,110,0.0206874510,54827568.0000000000,30
3900,111,0.0205565700,54827568.0000000000,22
3900,112,0.0206647270,54827568.0000000000,28
3900,113,0.0205552470,54827568.0000000000,33
3900,114,0.0206088020,54827568.0000000000,35
3900,115,0.0205987610,54827568.0000000000,21
3900,116,0.0206113840,54827568.0000000000,10
3900,117,0.0177911490,47074864.0000000000,11
3900,118,0.0178381310,47074864.0000000000,35
3900,119,0.0178194830,47074864.0000000000,30
3900,120,0.0178555620,47074864.0000000000,10
3900,121,0.0179512050,47074864.0000000000,5
3900,122,0.0178369660,47074864.0000000000,19
3900,123,0.0178123900,47074864.0000000000,25
3900,124,0.0178234290,47074864.0000000000,23
3900,125,0.0178460630,47074864.0000000000,6
3900,126,0.0178628330,47074864.0000000000,13
3900,127,0.0178448630,47074864.0000000000,28
3900,128,0.0178646190,47074864.0000000000,7
3900,129,0.0178144630,47074864.0000000000,9
3900,130,0.0178016880,47074864.0000000000,17
3900,131,0.0178018920,47074864.0000000000,27
3900,132,0.0178418950,47074864.0000000000,10
3900,133,0.0178013680,47074864.0000000000,9
3900,134,0.0179011690,47074864.0000000000,5
3900,135,0.0178369560,47074864.0000000000,31
3900,136,0.0178247910,47074864.0000000000,8
3900,137,0.0178222080,47074864.0000000000,32
3900,138,0.0178433970,47074864.0000000000,13
3900,139,0.0178093970,47074864.0000000000,26
3900,140,0.0178212550,47074864.0000000000,20
3900,141,0.0177746630,47074864.0000000000,17
3900,142,0.0178344120,47074864.0000000000,19
3900,143,0.0178756800,47074864.0000000000,7
3900,144,0.0178314070,47074864.0000000000,33
3900,145,0.0177792730,47074864.0000000000,22
3900,146,0.0178578030,47074864.0000000000,6
3900,147,0.0177994250,47074864.0000000000,34
3900,148,0.0178095120,47074864.0000000000,18
3900,149,0.0178225280,47074864.0000000000,21
3900,150,0.0178623080,47074864.0000000000,8
3900,151,0.0178274990,47074864.0000000000,11
3900,152,0.0177760010,47074864.0000000000,24
3950,0,4.7781199281,229631120.0000000000,2
3950,1,4.5678453968,223853664.0000000000,4
3950,2,4.2265013560,214061456.0000000000,12
3950,3,4.1721302073,212033776.0000000000,15
3950,4,4.1468890509,212287472.0000000000,16
3950,5,4.2175422750,212634416.0000000000,14
3950,6,4.7385579790,227562384.0000000000,3
3950,7,12.3638911864,443529728.0000000000,19
3950,8,9.3780813465,361145328.0000000000,1
3950,9,13.4454581357,517165232.0000000000,17
3950,10,12.1780821521,473315392.0000000000,21
3950,11,10.2848735873,418440896.0000000000,9
3950,12,9.5411712650,398163744.0000000000,13
3950,13,9.4699564287,395882960.0000000000,8
3950,14,9.5567340273,399103344.0000000000,11
3950,15,11.1665478704,442435984.0000000000,10
3950,16,11.1673712949,447836208.0000000000,0
3950,17,9.3784555570,404709312.0000000000,0
3950,18,10.2293731006,436090000.0000000000,3
3950,19,11.0409173981,455293760.0000000000,5
3950,20,13.2532538999,509760032.0000000000,7
3950,21,13.1713767433,507343200.0000000000,27
3950,22,12.4060704993,489601104.0000000000,18
3950,23,13.1002625641,505466016.0000000000,28
3950,24,12.2378355102,482595216.0000000000,24
3950,25,10.2830501722,437071920.0000000000,25
3950,26,10.2165714231,436119376.0000000000,15
3950,27,10.2249779728,436112288.0000000000,4
3950,28,10.2197251254,436505904.0000000000,22
3950,29,10.2213837191,436507888.0000000000,26
3950,30,10.8853470249,456011904.0000000000,14
3950,31,11.6528707161,478702544.0000000000,23
3950,32,10.7677999049,452033552.0000000000,6
3950,33,10.2229700559,436508752.0000000000,16
3950,34,10.2229720224,436512320.0000000000,20
3950,35,10.2230349654,436140240.0000000000,12
3950,36,10.1875161981,434739888.0000000000,1
3950,37,10.2360703591,436498240.0000000000,34
3950,38,10.2410149317,436553840.0000000000,33
3950,39,10.2406746045,436502864.0000000000,29
3950,40,10.2390255807,436481232.0000000000,30
3950,41,10.2395447264,436507280.0000000000,32
3950,42,10.2383329667,436539360.0000000000,35
3950,43,10.2408074931,436453280.0000000000,31
3950,44,10.1971847812,434726352.0000000000,2
3950,45,2.6493281566,131720656.0000000000,23
3950,46,2.6528758813,132145232.0000000000,26
3950,47,2.6532801969,132116608.0000000000,6
3950,48,2.6541221944,132144624.0000000000,20
3950,49,2.6526405603,132133568.0000000000,25
3950,50,2.6578716820,132163296.0000000000,5
3950,51,2.6558576369,132137760.0000000000,7
3950,52,2.6526815007,132146064.0000000000,22
3950,53,2.6465078799,131726048.0000000000,24
3950,54,0.6749586951,54827568.0000000000,28
3950,55,0.6732301353,54827568.0000000000,18
3950,56,0.6746985811,54827568.0000000000,28
3950,57,0.6739267451,54827568.0000000000,20
3950,58,0.6739499053,54827568.0000000000,27
3950,59,0.6719099307,54827568.0000000000,25
3950,60,0.6727022832,54827568.0000000000,17
3950,61,0.6729698065,54827568.0000000000,35
3950,62,0.6750909084,54827568.0000000000,8
3950,63,0.6721451386,54827568.0000000000,18
3950,64,0.6739000837,54827568.0000000000,29
3950,65,0.6739606510,54827568.0000000000,6
3950,66,0.6725968416,54827568.0000000000,26
3950,67,0.6739368069,54827568.0000000000,31
3950,68,0.6736406514,54827568.0000000000,34
3950,69,0.6744803240,54827568.0000000000,27
3950,70,0.6737144365,54827568.0000000000,27
3950,71,0.6744038008,54827568.0000000000,32
3950,72,0.6750383045,54827568.0000000000,28
3950,73,0.6748119669,54827568.0000000000,32
3950,74,0.6738383915,54827568.0000000000,33
3950,75,0.6742678234,54827568.0000000000,27
3950,76,0.6734141717,54827568.0000000000,35
3950,77,0.6746158348,54827568.0000000000,8
3950,78,0.6746737059,54827568.0000000000,30
3950,79,0.6736612193,54827568.0000000000,34
3950,80,0.6739026447,54827568.0000000000,33
3950,81,0.6738594551,54827568.0000000000,31
3950,82,0.6735889856,54827568.0000000000,29
3950,83,0.6734662396,54827568.0000000000,9
3950,84,0.6746438922,54827568.0000000000,30
3950,85,0.6737155544,54827568.0000000000,29
3950,86,0.6750911192,54827568.0000000000,8
3950,87,0.6739313616,54827568.0000000000,31
3950,88,0.6750476308,54827568.0000000000,5
3950,89,0.6737853087,54827568.0000000000,29
3950,90,0.6734836087,54827568.0000000000,29
3950,91,0.6729252474,54827568.0000000000,17
3950,92,0.6725237343,54827568.0000000000,17
3950,93,0.6754270620,54827568.0000000000,7
3950,94,0.6735695636,54827568.0000000000,34
3950,95,0.6742735975,54827568.0000000000,31
3950,96,0.6744171320,54827568.0000000000,30
3950,97,0.6726597285,54827568.0000000000,21
3950,98,0.6738302542,54827568.0000000000,13
3950,99,0.6730136345,54827568.0000000000,24
3950,100,0.6733401877,54827568.0000000000,11
3950,101,0.6750763317,54827568.0000000000,32
3950,102,0.6728154119,54827568.0000000000,18
3950,103,0.6748877123,54827568.0000000000,32
3950,104,0.6740120358,54827568.0000000000,33
3950,105,0.6736027993,54827568.0000000000,34
3950,106,0.6745195326,54827568.0000000000,19
3950,107,0.6748156377,54827568.0000000000,19
3950,108,0.6740888760,54827568.0000000000,23
3950,109,0.6728604546,54827568.0000000000,35
3950,110,0.6740117258,54827568.0000000000,30
3950,111,0.6725790443,54827568.0000000000,22
3950,112,0.6749934912,54827568.0000000000,28
3950,113,0.6737955507,54827568.0000000000,33
3950,114,0.6735718689,54827568.0000000000,35
3950,115,0.6725133875,54827568.0000000000,21
3950,116,0.6737976498,54827568.0000000000,10
3950,117,0.5815341705,47074864.0000000000,11
3950,118,0.5832075363,47074864.0000000000,35
3950,119,0.5834425010,47074864.0000000000,30
3950,120,0.5823131875,47074864.0000000000,10
3950,121,0.5858089732,47074864.0000000000,5
3950,122,0.5827885201,47074864.0000000000,19
3950,123,0.5817475384,47074864.0000000000,25
3950,124,0.5830913003,47074864.0000000000,23
3950,125,0.5832220811,47074864.0000000000,6
3950,126,0.5833534412,47074864.0000000000,13
3950,127,0.5836130069,47074864.0000000000,28
3950,128,0.5843999062,47074864.0000000000,7
3950,129,0.5813344111,47074864.0000000000,9
3950,130,0.5814191963,47074864.0000000000,17
3950,131,0.5824605304,47074864.0000000000,27
3950,132,0.5824908249,47074864.0000000000,10
3950,133,0.5817037691,47074864.0000000000,9
3950,134,0.5858473379,47074864.0000000000,5
3950,135,0.5825087374,47074864.0000000000,31
3950,136,0.5829131358,47074864.0000000000,8
3950,137,0.5831813052,47074864.0000000000,32
3950,138,0.5830080611,47074864.0000000000,13
3950,139,0.5816620087,47074864.0000000000,26
3950,140,0.5826459022,47074864.0000000000,20
3950,141,0.5813401197,47074864.0000000000,17
3950,142,0.5825738577,47074864.0000000000,19
3950,143,0.5839763591,47074864.0000000000,7
3950,144,0.5824263971,47074864.0000000000,33
3950,145,0.5814969248,47074864.0000000000,22
3950,146,0.5832770215,47074864.0000000000,6
3950,147,0.5821814573,47074864.0000000000,34
3950,148,0.5816765237,47074864.0000000000,18
3950,149,0.5815564090,47074864.0000000000,21
3950,150,0.5832149467,47074864.0000000000,8
3950,151,0.5817628711,47074864.0000000000,11
3950,152,0.5814522071,47074864.0000000000,24
4000,0,0.1449135830,227978480.0000000000,2
4000,1,0.1417460840,223755168.0000000000,4
4000,2,0.1305418010,214015760.0000000000,12
4000,3,0.1296388280,212078208.0000000000,15
4000,4,0.1285199450,212259584.0000000000,16
4000,5,0.1309252430,212595840.0000000000,14
4000,6,0.1469660660,227403232.0000000000,3
4000,7,0.3825748230,441431088.0000000000,19
4000,8,0.2915892890,361165488.0000000000,1
4000,9,0.4188604920,517615984.0000000000,17
4000,10,0.3749633260,470483696.0000000000,21
4000,11,0.3194628190,417957632.0000000000,9
4000,12,0.2966390330,397718320.0000000000,13
4000,13,0.2954039720,395456160.0000000000,8
4000,14,0.2973726880,398958832.0000000000,11
4000,15,0.3441624560,440402864.0000000000,10
4000,16,0.3507113030,449654752.0000000000,0
4000,17,0.2913975950,404902128.0000000000,0
4000,18,0.3178727980,436080736.0000000000,3
4000,19,0.3479754250,457742080.0000000000,5
4000,20,0.4148090660,510737008.0000000000,7
4000,21,0.4031673010,502788384.0000000000,27
4000,22,0.3836176930,487690096.0000000000,18
4000,23,0.4027496530,501980624.0000000000,28
4000,24,0.3843698480,484203312.0000000000,24
4000,25,0.3200902540,437189184.0000000000,25
4000,26,0.3175057950,436112720.0000000000,15
4000,27,0.3177745600,436102224.0000000000,4
4000,28,0.3173656810,436504752.0000000000,22
4000,29,0.3176236030,436510192.0000000000,26
4000,30,0.3460890210,460342608.0000000000,14
4000,31,0.3658979830,480611584.0000000000,23
4000,32,0.3405213200,455342592.0000000000,6
4000,33,0.3177665640,436507248.0000000000,16
4000,34,0.3176823840,436513584.0000000000,20
4000,35,0.3177371720,436133056.0000000000,12
4000,36,0.3165722890,434720816.0000000000,1
4000,37,0.3182049170,436493824.0000000000,34
4000,38,0.3181592090,436553456.0000000000,33
4000,39,0.3182125110,436501296.0000000000,29
4000,40,0.3182216090,436481104.0000000000,30
4000,41,0.3181456530,436511216.0000000000,32
4000,42,0.3181539990,436538304.0000000000,35
4000,43,0.3180550980,436451328.0000000000,31
4000,44,0.3167882180,434706944.0000000000,2
4000,45,0.0820842400,131713392.0000000000,23
4000,46,0.0821154410,132143984.0000000000,26
4000,47,0.0824287600,132119328.0000000000,6
4000,48,0.0823009310,132144800.0000000000,20
4000,49,0.0820364690,132133168.0000000000,25
4000,50,0.0823419930,132163488.0000000000,5
4000,51,0.0824425150,132134192.0000000000,7
4000,52,0.0822235210,132146048.0000000000,22
4000,53,0.0819688360,131720208.0000000000,24
4000,54,0.0206903380,54827568.0000000000,28
4000,55,0.0205938260,54827568.0000000000,18
4000,56,0.0206368020,54827568.0000000000,28
4000,57,0.0205968370,54827568.0000000000,20
4000,58,0.0206374660,54827568.0000000000,27
4000,59,0.0206010740,54827568.0000000000,25
4000,60,0.0206040930,54827568.0000000000,17
4000,61,0.0206602020,54827568.0000000000,35
4000,62,0.0206958790,54827568.0000000000,8
4000,63,0.0205982720,54827568.0000000000,18
4000,64,0.0206014430,54827568.0000000000,29
4000,65,0.0205884730,54827568.0000000000,6
4000,66,0.0206393090,54827568.0000000000,26
4000,67,0.0206394580,54827568.0000000000,31
4000,68,0.0206434690,54827568.0000000000,34
4000,69,0.0206429460,54827568.0000000000,27
4000,70,0.0206351220,54827568.0000000000,27
4000,71,0.0206418660,54827568.0000000000,32
4000,72,0.0205973670,54827568.0000000000,28
4000,73,0.0206698290,54827568.0000000000,32
4000,74,0.0206368350,54827568.0000000000,33
4000,75,0.0206680430,54827568.0000000000,27
4000,76,0.0206238920,54827568.0000000000,35
4000,77,0.0207138530,54827568.0000000000,8
4000,78,0.0206766930,54827568.0000000000,30
4000,79,0.0205415410,54827568.0000000000,34
4000,80,0.0206892370,54827568.0000000000,33
4000,81,0.0206461910,54827568.0000000000,31
4000,82,0.0205805430,54827568.0000000000,29
4000,83,0.0206045810,54827568.0000000000,9
4000,84,0.0206619830,54827568.0000000000,30
4000,85,0.0206158820,54827568.0000000000,29
4000,86,0.0205778090,54827568.0000000000,8
4000,87,0.0206479320,54827568.0000000000,31
4000,88,0.0205892530,54827568.0000000000,5
4000,89,0.0206986310,54827568.0000000000,29
4000,90,0.0206526940,54827568.0000000000,29
4000,91,0.0205701680,54827568.0000000000,17
4000,92,0.0206075680,54827568.0000000000,17
4000,93,0.0207053480,54827568.0000000000,7
4000,94,0.0206627840,54827568.0000000000,34
4000,95,0.0206157000,54827568.0000000000,31
4000,96,0.0206243780,54827568.0000000000,30
4000,97,0.0205515690,54827568.0000000000,21
4000,98,0.0206290550,54827568.0000000000,13
4000,99,0.0205116920,54827568.0000000000,24
4000,100,0.0205642220,54827568.0000000000,11
4000,101,0.0206028520,54827568.0000000000,32
4000,102,0.0205849250,54827568.0000000000,18
4000,103,0.0206302730,54827568.0000000000,32
4000,104,0.0205785110,54827568.0000000000,33
4000,105,0.0206304830,54827568.0000000000,34
4000,106,0.0206597920,54827568.0000000000,19
4000,107,0.0206215650,54827568.0000000000,19
4000,108,0.0206819630,54827568.0000000000,23
4000,109,0.0205953360,54827568.0000000000,35
4000,110,0.0206346470,54827568.0000000000,30
4000,111,0.0205771290,54827568.0000000000,22
4000,112,0.0207117470,54827568.0000000000,28
4000,113,0.0205916080,54827568.0000000000,33
4000,114,0.0206860690,54827568.0000000000,35
4000,115,0.0204990380,54827568.0000000000,21
4000,116,0.0206481150,54827568.0000000000,10
4000,117,0.0178211070,47074864.0000000000,11
4000,118,0.0178480280,47074864.0000000000,35
4000,119,0.0178453020,47074864.0000000000,30
4000,120,0.0178233630,47074864.0000000000,10
4000,121,0.0179185510,47074864.0000000000,5
4000,122,0.0178667450,47074864.0000000000,19
4000,123,0.0178136030,47074864.0000000000,25
4000,124,0.0178164350,47074864.0000000000,23
4000,125,0.0178571530,47074864.0000000000,6
4000,126,0.0178477140,47074864.0000000000,13
4000,127,0.0178519980,47074864.0000000000,28
4000,128,0.0178759180,47074864.0000000000,7
4000,129,0.0178063270,47074864.0000000000,9
4000,130,0.0178082310,47074864.0000000000,17
4000,131,0.0178237140,47074864.0000000000,27
4000,132,0.0178351250,47074864.0000000000,10
4000,133,0.0177800880,47074864.0000000000,9
4000,134,0.0179236020,47074864.0000000000,5
4000,135,0.0178125600,47074864.0000000000,31
4000,136,0.0178826990,47074864.0000000000,8
4000,137,0.0178550320,47074864.0000000000,32
4000,138,0.0178421640,47074864.0000000000,13
4000,139,0.0178089570,47074864.0000000000,26
4000,140,0.0178505630,47074864.0000000000,20
4000,141,0.0177657270,47074864.0000000000,17
4000,142,0.0178272900,47074864.0000000000,19
4000,143,0.0179090510,47074864.0000000000,7
4000,144,0.0178214380,47074864.0000000000,33
4000,145,0.0177953740,47074864.0000000000,22
4000,146,0.0178442870,47074864.0000000000,6
4000,147,0.0178244530,47074864.0000000000,34
4000,148,0.0178195320,47074864.0000000000,18
4000,149,0.0177977180,47074864.0000000000,21
4000,150,0.0178631480,47074864.0000000000,8
4000,151,0.0178173900,47074864.0000000000,11
4000,152,0.0178015500,47074864.0000000000,24
4050,0,4.6518485980,226572976.0000000000,2
4050,1,4.5610448423,223713888.0000000000,4
4050,2,4.1985495916,213978992.0000000000,12
4050,3,4.1772236678,212145056.0000000000,15
4050,4,4.1436522570,212300560.0000000000,16
4050,5,4.2163750231,212589568.0000000000,14
4050,6,4.7233818018,226830672.0000000000,3
4050,7,12.2535889857,439349184.0000000000,19
4050,8,9.3671994867,361447648.0000000000,1
4050,9,13.4840389589,518167328.0000000000,17
4050,10,11.9797814457,467770368.0000000000,21
4050,11,10.2314429223,417010912.0000000000,9
4050,12,9.5261388761,397320160.0000000000,13
4050,13,9.4875283233,395125472.0000000000,8
4050,14,9.5591162262,398841856.0000000000,11
4050,15,11.0283800790,438736896.0000000000,10
4050,16,11.3123407674,450962704.0000000000,0
4050,17,9.3598535207,404987552.0000000000,0
4050,18,10.2299457810,436072688.0000000000,3
4050,19,11.2429514947,460315168.0000000000,5
4050,20,13.3543577654,511975056.0000000000,7
4050,21,12.8660177141,498778976.0000000000,27
4050,22,12.2549158189,484705264.0000000000,18
4050,23,12.8734403024,499059600.0000000000,28
4050,24,12.3911166184,485592672.0000000000,24
4050,25,10.3036181639,437332880.0000000000,25
4050,26,10.2172842416,436107088.0000000000,15
4050,27,10.2230563868,436093664.0000000000,4
4050,28,10.2199421872,436507680.0000000000,22
4050,29,10.2226780195,436520992.0000000000,26
4050,30,11.2251363181,464541824.0000000000,14
4050,31,11.8367239889,484017392.0000000000,23
4050,32,11.0189818255,458281696.0000000000,6
4050,33,10.2232956753,436506656.0000000000,16
4050,34,10.2225622936,436509648.0000000000,20
4050,35,10.2226949126,436128288.0000000000,12
4050,36,10.1874538362,434700688.0000000000,1
4050,37,10.2371488986,436495232.0000000000,34
4050,38,10.2418081301,436549344.0000000000,33
4050,39,10.2419205890,436510576.0000000000,29
4050,40,10.2402660221,436478352.0000000000,30
4050,41,10.2396280851,436512592.0000000000,32
4050,42,10.2386563412,436537200.0000000000,35
4050,43,10.2419280684,436454496.0000000000,31
4050,44,10.1958501510,434680480.0000000000,2
4050,45,2.6489671791,131709216.0000000000,23
4050,46,2.6525043685,132144672.0000000000,26
4050,47,2.6532200567,132117888.0000000000,6
4050,48,2.6547880919,132143664.0000000000,20
4050,49,2.6528443715,132136992.0000000000,25
4050,50,2.6579817435,132162144.0000000000,5
4050,51,2.6563319704,132133808.0000000000,7
4050,52,2.6527821614,132146656.0000000000,22
4050,53,2.6456252322,131717824.0000000000,24
4050,54,0.6750403656,54827568.0000000000,28
4050,55,0.6728240189,54827568.0000000000,18
4050,56,0.6754810707,54827568.0000000000,28
4050,57,0.6742230363,54827568.0000000000,20
4050,58,0.6741444448,54827568.0000000000,27
4050,59,0.6717112802,54827568.0000000000,25
4050,60,0.6727366838,54827568.0000000000,17
4050,61,0.6730785309,54827568.0000000000,35
4050,62,0.6750393641,54827568.0000000000,8
4050,63,0.6723504966,54827568.0000000000,18
4050,64,0.6735432980,54827568.0000000000,29
4050,65,0.6739103516,54827568.0000000000,6
4050,66,0.6732432259,54827568.0000000000,26
4050,67,0.6739466678,54827568.0000000000,31
4050,68,0.6736038623,54827568.0000000000,34
4050,69,0.6736907003,54827568.0000000000,27
4050,70,0.6737466815,54827568.0000000000,27
4050,71,0.6746559171,54827568.0000000000,32
4050,72,0.6752790969,54827568.0000000000,28
4050,73,0.6747469125,54827568.0000000000,32
4050,74,0.6737054610,54827568.0000000000,33
4050,75,0.6738708482,54827568.0000000000,27
4050,76,0.6730493075,54827568.0000000000,35
4050,77,0.6747626397,54827568.0000000000,8
4050,78,0.6745221350,54827568.0000000000,30
4050,79,0.6741618631,54827568.0000000000,34
4050,80,0.6740739747,54827568.0000000000,33
4050,81,0.6742303028,54827568.0000000000,31
4050,82,0.6738004688,54827568.0000000000,29
4050,83,0.6731630843,54827568.0000000000,9
4050,84,0.6746260805,54827568.0000000000,30
4050,85,0.6736022292,54827568.0000000000,29
4050,86,0.6750738813,54827568.0000000000,8
4050,87,0.6742361619,54827568.0000000000,31
4050,88,0.6749264253,54827568.0000000000,5
4050,89,0.6734247356,54827568.0000000000,29
4050,90,0.6738754719,54827568.0000000000,29
4050,91,0.6728975081,54827568.0000000000,17
4050,92,0.6729480380,54827568.0000000000,17
4050,93,0.6755098356,54827568.0000000000,7
4050,94,0.6734159597,54827568.0000000000,34
4050,95,0.6739654073,54827568.0000000000,31
4050,96,0.6740197601,54827568.0000000000,30
4050,97,0.6727072331,54827568.0000000000,21
4050,98,0.6734646727,54827568.0000000000,13
4050,99,0.6725980789,54827568.0000000000,24
4050,100,0.6733288404,54827568.0000000000,11
4050,101,0.6747814408,54827568.0000000000,32
4050,102,0.6727923840,54827568.0000000000,18
4050,103,0.6753769265,54827568.0000000000,32
4050,104,0.6737375677,54827568.0000000000,33
4050,105,0.6739118831,54827568.0000000000,34
4050,106,0.6747034454,54827568.0000000000,19
4050,107,0.6747110996,54827568.0000000000,19
4050,108,0.6740797078,54827568.0000000000,23
4050,109,0.6732140245,54827568.0000000000,35
4050,110,0.6743326507,54827568.0000000000,30
4050,111,0.6724478291,54827568.0000000000,22
4050,112,0.6750194378,54827568.0000000000,28
4050,113,0.6739423113,54827568.0000000000,33
4050,114,0.6733666579,54827568.0000000000,35
4050,115,0.6719380420,54827568.0000000000,21
4050,116,0.6735723270,54827568.0000000000,10
4050,117,0.5814132746,47074864.0000000000,11
4050,118,0.5833796194,47074864.0000000000,35
4050,119,0.5832386591,47074864.0000000000,30
4050,120,0.5822676265,47074864.0000000000,10
4050,121,0.5857546515,47074864.0000000000,5
4050,122,0.5827483183,47074864.0000000000,19
4050,123,0.5817460914,47074864.0000000000,25
4050,124,0.5833581349,47074864.0000000000,23
4050,125,0.5831447062,47074864.0000000000,6
4050,126,0.5830971482,47074864.0000000000,13
4050,127,0.5833757843,47074864.0000000000,28
4050,128,0.5841083859,47074864.0000000000,7
4050,129,0.5813303089,47074864.0000000000,9
4050,130,0.5812993458,47074864.0000000000,17
4050,131,0.5823647233,47074864.0000000000,27
4050,132,0.5825189880,47074864.0000000000,10
4050,133,0.5815189327,47074864.0000000000,9
4050,134,0.5860339097,47074864.0000000000,5
4050,135,0.5824213845,47074864.0000000000,31
4050,136,0.5829327579,47074864.0000000000,8
4050,137,0.5830335153,47074864.0000000000,32
4050,138,0.5828449397,47074864.0000000000,13
4050,139,0.5819990563,47074864.0000000000,26
4050,140,0.5827486041,47074864.0000000000,20
4050,141,0.5814831072,47074864.0000000000,17
4050,142,0.5824962733,47074864.0000000000,19
4050,143,0.5840812987,47074864.0000000000,7
4050,144,0.5825140986,47074864.0000000000,33
4050,145,0.5815719327,47074864.0000000000,22
4050,146,0.5833922548,47074864.0000000000,6
4050,147,0.5820712090,47074864.0000000000,34
4050,148,0.5816898794,47074864.0000000000,18
4050,149,0.5815092815,47074864.0000000000,21
4050,150,0.5832778100,47074864.0000000000,8
4050,151,0.5817314891,47074864.0000000000,11
4050,152,0.5816657498,47074864.0000000000,24
4100,0,0.1424126450,225411952.0000000000,2
4100,1,0.1416965520,223612640.0000000000,4
4100,2,0.1305665630,213992576.0000000000,12
4100,3,0.1295645250,212208496.0000000000,15
4100,4,0.1284790440,212360624.0000000000,16
4100,5,0.1308156020,212580752.0000000000,14
4100,6,0.1450962310,226118656.0000000000,3
4100,7,0.3774723880,437142512.0000000000,19
4100,8,0.2916471770,362079568.0000000000,1
4100,9,0.4209717790,518814688.0000000000,17
4100,10,0.3695651310,465409952.0000000000,21
4100,11,0.3149212480,415272208.0000000000,9
4100,12,0.2947413460,396581568.0000000000,13
4100,13,0.2942064020,394568208.0000000000,8
4100,14,0.2969784560,398618800.0000000000,11
4100,15,0.3400423510,436801952.0000000000,10
4100,16,0.3540772670,451687312.0000000000,0
4100,17,0.2913622130,404946704.0000000000,0
4100,18,0.3179533570,436062496.0000000000,3
4100,19,0.3543012520,462762816.0000000000,5
4100,20,0.4178497790,512717504.0000000000,7
4100,21,0.3914203370,492810672.0000000000,27
4100,22,0.3619572850,467737440.0000000000,18
4100,23,0.3922268390,493362912.0000000000,28
4100,24,0.3880322130,486670448.0000000000,24
4100,25,0.3210256460,437632928.0000000000,25
4100,26,0.3174534600,436101552.0000000000,15
4100,27,0.3176437160,436085328.0000000000,4
4100,28,0.3175471910,436508384.0000000000,22
4100,29,0.3190738660,437093536.0000000000,26
4100,30,0.3589191890,471476528.0000000000,14
4100,31,0.3885787330,501904576.0000000000,23
4100,32,0.3515123150,464932032.0000000000,6
4100,33,0.3174419450,436511552.0000000000,16
4100,34,0.3175748430,436506224.0000000000,20
4100,35,0.3176077800,436119040.0000000000,12
4100,36,0.3164298200,434673600.0000000000,1
4100,37,0.3178785510,436496944.0000000000,34
4100,38,0.3182917190,436545552.0000000000,33
4100,39,0.3181538510,436508064.0000000000,29
4100,40,0.3181806750,436481792.0000000000,30
4100,41,0.3182752200,436509248.0000000000,32
4100,42,0.3183216570,436529824.0000000000,35
4100,43,0.3182571850,436451648.0000000000,31
4100,44,0.3167408210,434656512.0000000000,2
4100,45,0.0820084770,131700560.0000000000,23
4100,46,0.0821194790,132148640.0000000000,26
4100,47,0.0823757950,132116256.0000000000,6
4100,48,0.0823115420,132144592.0000000000,20
4100,49,0.0821585860,132136208.0000000000,25
4100,50,0.0822888960,132164048.0000000000,5
4100,51,0.0822506830,132141632.0000000000,7
4100,52,0.0822280320,132144768.0000000000,22
4100,53,0.0819532080,131712688.0000000000,24
4100,54,0.0206699250,54827568.0000000000,28
4100,55,0.0206268190,54827568.0000000000,18
4100,56,0.0206900950,54827568.0000000000,28
4100,57,0.0207150940,54827568.0000000000,20
4100,58,0.0205841920,54827568.0000000000,27
4100,59,0.0205547860,54827568.0000000000,25
4100,60,0.0205639030,54827568.0000000000,17
4100,61,0.0206054760,54827568.0000000000,35
4100,62,0.0207059870,54827568.0000000000,8
4100,63,0.0205588670,54827568.0000000000,18
4100,64,0.0206065670,54827568.0000000000,29
4100,65,0.0206339090,54827568.0000000000,6
4100,66,0.0205671880,54827568.0000000000,26
4100,67,0.0206089800,54827568.0000000000,31
4100,68,0.0205935940,54827568.0000000000,34
4100,69,0.0205525020,54827568.0000000000,27
4100,70,0.0205616680,54827568.0000000000,27
4100,71,0.0206085620,54827568.0000000000,32
4100,72,0.0206214250,54827568.0000000000,28
4100,73,0.0207324690,54827568.0000000000,32
4100,74,0.0205433950,54827568.0000000000,33
4100,75,0.0206165960,54827568.0000000000,27
4100,76,0.0206788190,54827568.0000000000,35
4100,77,0.0206546800,54827568.0000000000,8
4100,78,0.0205829400,54827568.0000000000,30
4100,79,0.0206766040,54827568.0000000000,34
4100,80,0.0206874540,54827568.0000000000,33
4100,81,0.0205936090,54827568.0000000000,31
4100,82,0.0206634760,54827568.0000000000,29
4100,83,0.0206260430,54827568.0000000000,9
4100,84,0.0206481860,54827568.0000000000,30
4100,85,0.0206404690,54827568.0000000000,29
4100,86,0.0206116350,54827568.0000000000,8
4100,87,0.0206780730,54827568.0000000000,31
4100,88,0.0207242760,54827568.0000000000,5
4100,89,0.0206672700,54827568.0000000000,29
4100,90,0.0206753890,54827568.0000000000,29
4100,91,0.0206435990,54827568.0000000000,17
4100,92,0.0205753870,54827568.0000000000,17
4100,93,0.0206227590,54827568.0000000000,7
4100,94,0.0205768590,54827568.0000000000,34
4100,95,0.0205548540,54827568.0000000000,31
4100,96,0.0206495590,54827568.0000000000,30
4100,97,0.0205845820,54827568.0000000000,21
4100,98,0.0205835110,54827568.0000000000,13
4100,99,0.0205888020,54827568.0000000000,24
4100,100,0.0206125980,54827568.0000000000,11
4100,101,0.0206601890,54827568.0000000000,32
4100,102,0.0206339900,54827568.0000000000,18
4100,103,0.0206101940,54827568.0000000000,32
4100,104,0.0206653090,54827568.0000000000,33
4100,105,0.0206480990,54827568.0000000000,34
4100,106,0.0207354160,54827568.0000000000,19
4100,107,0.0205788230,54827568.0000000000,19
4100,108,0.0205984890,54827568.0000000000,23
4100,109,0.0206571850,54827568.0000000000,35
4100,110,0.0206613610,54827568.0000000000,30
4100,111,0.0206395320,54827568.0000000000,22
4100,112,0.0206734730,54827568.0000000000,28
4100,113,0.0206548710,54827568.0000000000,33
4100,114,0.0206093120,54827568.0000000000,35
4100,115,0.0206029800,54827568.0000000000,21
4100,116,0.0206375360,54827568.0000000000,10
4100,117,0.0178143420,47074864.0000000000,11
4100,118,0.0178520170,47074864.0000000000,35
4100,119,0.0178347610,47074864.0000000000,30
4100,120,0.0178477490,47074864.0000000000,10
4100,121,0.0179192330,47074864.0000000000,5
4100,122,0.0178446820,47074864.0000000000,19
4100,123,0.0178054780,47074864.0000000000,25
4100,124,0.0178609230,47074864.0000000000,23
4100,125,0.0178710490,47074864.0000000000,6
4100,126,0.0178595810,47074864.0000000000,13
4100,127,0.0178541810,47074864.0000000000,28
4100,128,0.0178878410,47074864.0000000000,7
4100,129,0.0177907070,47074864.0000000000,9
4100,130,0.0178081310,47074864.0000000000,17
4100,131,0.0178251350,47074864.0000000000,27
4100,132,0.0178425890,47074864.0000000000,10
4100,133,0.0178004560,47074864.0000000000,9
4100,134,0.0179619240,47074864.0000000000,5
4100,135,0.0178564660,47074864.0000000000,31
4100,136,0.0178095030,47074864.0000000000,8
4100,137,0.0178489210,47074864.0000000000,32
4100,138,0.0178468940,47074864.0000000000,13
4100,139,0.0178101070,47074864.0000000000,26
4100,140,0.0178228490,47074864.0000000000,20
4100,141,0.0177818480,47074864.0000000000,17
4100,142,0.0178709130,47074864.0000000000,19
4100,143,0.0178586140,47074864.0000000000,7
4100,144,0.0178268400,47074864.0000000000,33
4100,145,0.0178014470,47074864.0000000000,22
4100,146,0.0178358090,47074864.0000000000,6
4100,147,0.0178416070,47074864.0000000000,34
4100,148,0.0178061050,47074864.0000000000,18
4100,149,0.0178067780,47074864.0000000000,21
4100,150,0.0178311470,47074864.0000000000,8
4100,151,0.0178043530,47074864.0000000000,11
4100,152,0.0178105470,47074864.0000000000,24
4150,0,4.5691452613,224788976.0000000000,2
4150,1,4.5542393286,223374704.0000000000,4
4150,2,4.2182123603,213983104.0000000000,12
4150,3,4.1730652128,212193200.0000000000,15
4150,4,4.1380999924,212288688.0000000000,16
4150,5,4.2087866736,212487568.0000000000,14
4150,6,4.6691358415,225518304.0000000000,3
4150,7,12.0591847716,433455552.0000000000,19
4150,8,9.4129229004,363264064.0000000000,1
4150,9,13.5669299275,519559056.0000000000,17
4150,10,11.8463342878,463656896.0000000000,21
4150,11,10.0845444980,413216080.0000000000,9
4150,12,9.4761119434,396143952.0000000000,13
4150,13,9.4513691932,394093680.0000000000,8
4150,14,9.5496970323,398393568.0000000000,11
4150,15,10.9027954470,435520064.0000000000,10
4150,16,11.4055628761,452584320.0000000000,0
4150,17,9.3839155505,404798112.0000000000,0
4150,18,10.2304467039,436049152.0000000000,3
4150,19,11.4482392066,465010432.0000000000,5
4150,20,13.4371796914,513099760.0000000000,7
4150,21,12.4033175658,484748080.0000000000,27
4150,22,11.5261883046,462550384.0000000000,18
4150,23,12.4163648550,485005040.0000000000,28
4150,24,12.5039907795,487592096.0000000000,24
4150,25,10.3372046112,438020112.0000000000,25
4150,26,10.2156795332,436090768.0000000000,15
4150,27,10.2239766173,436075440.0000000000,4
4150,28,10.2202578007,436512448.0000000000,22
4150,29,10.2902863867,438234480.0000000000,26
4150,30,11.7335219311,479818288.0000000000,14
4150,31,12.6163916571,506451888.0000000000,23
4150,32,11.5041522359,473487824.0000000000,6
4150,33,10.2258942945,436512080.0000000000,16
4150,34,10.2227805215,436505936.0000000000,20
4150,35,10.2205907059,436112144.0000000000,12
4150,36,10.1868056686,434653504.0000000000,1
4150,37,10.2363625426,436489984.0000000000,34
4150,38,10.2422193786,436549824.0000000000,33
4150,39,10.2415980264,436506144.0000000000,29
4150,40,10.2405118224,436482896.0000000000,30
4150,41,10.2397216735,436510448.0000000000,32
4150,42,10.2385874936,436524304.0000000000,35
4150,43,10.2414106668,436451760.0000000000,31
4150,44,10.1948913589,434637232.0000000000,2
4150,45,2.6487021911,131695696.0000000000,23
4150,46,2.6534973082,132150464.0000000000,26
4150,47,2.6538125322,132115952.0000000000,6
4150,48,2.6554434149,132145120.0000000000,20
4150,49,2.6522740856,132136496.0000000000,25
4150,50,2.6578072458,132163088.0000000000,5
4150,51,2.6565174109,132140000.0000000000,7
4150,52,2.6527408855,132146912.0000000000,22
4150,53,2.6462499294,131707488.0000000000,24
4150,54,0.6749260952,54827568.0000000000,28
4150,55,0.6732807487,54827568.0000000000,18
4150,56,0.6748715797,54827568.0000000000,28
4150,57,0.6740222670,54827568.0000000000,20
4150,58,0.6742242109,54827568.0000000000,27
4150,59,0.6721683319,54827568.0000000000,25
4150,60,0.6727957633,54827568.0000000000,17
4150,61,0.6732589624,54827568.0000000000,35
4150,62,0.6753192134,54827568.0000000000,8
4150,63,0.6725576771,54827568.0000000000,18
4150,64,0.6737400685,54827568.0000000000,29
4150,65,0.6737101274,54827568.0000000000,6
4150,66,0.6727345424,54827568.0000000000,26
4150,67,0.6738856720,54827568.0000000000,31
4150,68,0.6740179158,54827568.0000000000,34
4150,69,0.6736980068,54827568.0000000000,27
4150,70,0.6737853816,54827568.0000000000,27
4150,71,0.6744114185,54827568.0000000000,32
4150,72,0.6750019498,54827568.0000000000,28
4150,73,0.6750519485,54827568.0000000000,32
4150,74,0.6740320286,54827568.0000000000,33
4150,75,0.6740910060,54827568.0000000000,27
4150,76,0.6734868602,54827568.0000000000,35
4150,77,0.6747636455,54827568.0000000000,8
4150,78,0.6744364588,54827568.0000000000,30
4150,79,0.6737055564,54827568.0000000000,34
4150,80,0.6742604656,54827568.0000000000,33
4150,81,0.6742359581,54827568.0000000000,31
4150,82,0.6739460926,54827568.0000000000,29
4150,83,0.6735117404,54827568.0000000000,9
4150,84,0.6744346263,54827568.0000000000,30
4150,85,0.6737692611,54827568.0000000000,29
4150,86,0.6751335632,54827568.0000000000,8
4150,87,0.6738439875,54827568.0000000000,31
4150,88,0.6752008946,54827568.0000000000,5
4150,89,0.6738377106,54827568.0000000000,29
4150,90,0.6736895503,54827568.0000000000,29
4150,91,0.6728820647,54827568.0000000000,17
4150,92,0.6727558230,54827568.0000000000,17
4150,93,0.6752284692,54827568.0000000000,7
4150,94,0.6738083662,54827568.0000000000,34
4150,95,0.6741097989,54827568.0000000000,31
4150,96,0.6742402693,54827568.0000000000,30
4150,97,0.6727537619,54827568.0000000000,21
4150,98,0.6735901399,54827568.0000000000,13
4150,99,0.6730115927,54827568.0000000000,24
4150,100,0.6733415807,54827568.0000000000,11
4150,101,0.6747543414,54827568.0000000000,32
4150,102,0.6730255310,54827568.0000000000,18
4150,103,0.6748847527,54827568.0000000000,32
4150,104,0.6740321682,54827568.0000000000,33
4150,105,0.6738585905,54827568.0000000000,34
4150,106,0.6744472786,54827568.0000000000,19
4150,107,0.6746125175,54827568.0000000000,19
4150,108,0.6740126838,54827568.0000000000,23
4150,109,0.6731863217,54827568.0000000000,35
4150,110,0.6741939157,54827568.0000000000,30
4150,111,0.6725220005,54827568.0000000000,22
4150,112,0.6752898206,54827568.0000000000,28
4150,113,0.6737310560,54827568.0000000000,33
4150,114,0.6736313256,54827568.0000000000,35
4150,115,0.6724163039,54827568.0000000000,21
4150,116,0.6738058531,54827568.0000000000,10
4150,117,0.5815552769,47074864.0000000000,11
4150,118,0.5833923456,47074864.0000000000,35
4150,119,0.5831806158,47074864.0000000000,30
4150,120,0.5823769774,47074864.0000000000,10
4150,121,0.5858864166,47074864.0000000000,5
4150,122,0.5827687702,47074864.0000000000,19
4150,123,0.5817026647,47074864.0000000000,25
4150,124,0.5831453538,47074864.0000000000,23
4150,125,0.5832735767,47074864.0000000000,6
4150,126,0.5832105317,47074864.0000000000,13
4150,127,0.5835388612,47074864.0000000000,28
4150,128,0.5842274274,47074864.0000000000,7
4150,129,0.5813362904,47074864.0000000000,9
4150,130,0.5813098229,47074864.0000000000,17
4150,131,0.5824584619,47074864.0000000000,27
4150,132,0.5826954329,47074864.0000000000,10
4150,133,0.5815817457,47074864.0000000000,9
4150,134,0.5857439211,47074864.0000000000,5
4150,135,0.5825104095,47074864.0000000000,31
4150,136,0.5829437518,47074864.0000000000,8
4150,137,0.5830950478,47074864.0000000000,32
4150,138,0.5830380435,47074864.0000000000,13
4150,139,0.5817661954,47074864.0000000000,26
4150,140,0.5825209030,47074864.0000000000,20
4150,141,0.5813315710,47074864.0000000000,17
4150,142,0.5826893622,47074864.0000000000,19
4150,143,0.5839453040,47074864.0000000000,7
4150,144,0.5824078302,47074864.0000000000,33
4150,145,0.5815312507,47074864.0000000000,22
4150,146,0.5833642210,47074864.0000000000,6
4150,147,0.5823257180,47074864.0000000000,34
4150,148,0.5817602091,47074864.0000000000,18
4150,149,0.5814547264,47074864.0000000000,21
4150,150,0.5833002210,47074864.0000000000,8
4150,151,0.5816883150,47074864.0000000000,11
4150,152,0.5815459270,47074864.0000000000,24
4200,0,0.1480766510,224880512.0000000000,18
4200,1,0.1424370030,222560736.0000000000,15
4200,2,0.1522829830,213881824.0000000000,24
4200,3,0.1507366680,212107824.0000000000,25
4200,4,0.1509891460,212158032.0000000000,27
4200,5,0.1373664110,212372624.0000000000,23
4200,6,0.1664895890,225427680.0000000000,29
4200,7,0.3956927550,426877808.0000000000,20
4200,8,0.3033912760,364869520.0000000000,0
4200,9,0.4375439280,520274016.0000000000,9
4200,10,0.3759067930,461329424.0000000000,22
4200,11,0.3206124900,411277568.0000000000,18
4200,12,0.3030107230,395810592.0000000000,1
4200,13,0.3024728180,393698272.0000000000,0
4200,14,0.3052626630,398127984.0000000000,29
4200,15,0.3476218380,434407600.0000000000,28
4200,16,0.3703995130,453441296.0000000000,16
4200,17,0.2994338850,404573232.0000000000,1
4200,18,0.3254548300,436029600.0000000000,8
4200,19,0.3709734100,467223776.0000000000,6
4200,20,0.4313378970,513104960.0000000000,14
4200,21,0.3845004850,476130512.0000000000,7
4200,22,0.3649123540,460746944.0000000000,13
4200,23,0.3847723870,476384432.0000000000,31
4200,24,0.4046797970,488441168.0000000000,21
4200,25,0.3310298750,438467888.0000000000,32
4200,26,0.3252466990,436081536.0000000000,23
4200,27,0.3254393690,436065456.0000000000,12
4200,28,0.3255790090,436507328.0000000000,25
4200,29,0.3314640040,439343728.0000000000,33
4200,30,0.3892321790,486995360.0000000000,19
4200,31,0.4090078560,507857936.0000000000,17
4200,32,0.3823093550,480536544.0000000000,26
4200,33,0.3254844070,436511984.0000000000,10
4200,34,0.3255533920,436508672.0000000000,11
4200,35,0.3254550500,436106768.0000000000,27
4200,36,0.3243934210,434626448.0000000000,15
4200,37,0.3263712730,436495344.0000000000,4
4200,38,0.3260364920,436547536.0000000000,35
4200,39,0.3258667950,436503520.0000000000,34
4200,40,0.3265832320,436486832.0000000000,3
4200,41,0.3260075760,436514640.0000000000,30
4200,42,0.3263216550,436521888.0000000000,2
4200,43,0.3265834950,436448832.0000000000,5
4200,44,0.3242410760,434607488.0000000000,24
4200,45,0.0835943990,131691344.0000000000,3
4200,46,0.0838265450,132148256.0000000000,4
4200,47,0.0837550840,132114416.0000000000,8
4200,48,0.0836959410,132146464.0000000000,12
4200,49,0.0837552270,132134528.0000000000,30
4200,50,0.0836902930,132160352.0000000000,11
4200,51,0.0836551140,132145008.0000000000,10
4200,52,0.0838493590,132144224.0000000000,2
4200,53,0.0835177680,131704224.0000000000,5
4200,54,0.0207220530,54827568.0000000000,16
4200,55,0.0206029310,54827568.0000000000,35
4200,56,0.0206428180,54827568.0000000000,33
4200,57,0.0206362360,54827568.0000000000,35
4200,58,0.0206063160,54827568.0000000000,19
4200,59,0.0205895350,54827568.0000000000,14
4200,60,0.0205580130,54827568.0000000000,21
4200,61,0.0207200280,54827568.0000000000,2
4200,62,0.0205919300,54827568.0000000000,34
4200,63,0.0207016120,54827568.0000000000,19
4200,64,0.0206484770,54827568.0000000000,32
4200,65,0.0206088310,54827568.0000000000,26
4200,66,0.0205593460,54827568.0000000000,22
4200,67,0.0205864360,54827568.0000000000,31
4200,68,0.0207000980,54827568.0000000000,33
4200,69,0.0206077410,54827568.0000000000,16
4200,70,0.0206122100,54827568.0000000000,17
4200,71,0.0206317250,54827568.0000000000,6
4200,72,0.0205695980,54827568.0000000000,35
4200,73,0.0206916410,54827568.0000000000,13
4200,74,0.0206200950,54827568.0000000000,16
4200,75,0.0205667310,54827568.0000000000,22
4200,76,0.0205761270,54827568.0000000000,4
4200,77,0.0206082030,54827568.0000000000,34
4200,78,0.0206455820,54827568.0000000000,33
4200,79,0.0206276770,54827568.0000000000,13
4200,80,0.0205940430,54827568.0000000000,22
4200,81,0.0206321860,54827568.0000000000,6
4200,82,0.0205970290,54827568.0000000000,20
4200,83,0.0206688040,54827568.0000000000,31
4200,84,0.0206769650,54827568.0000000000,32
4200,85,0.0206985640,54827568.0000000000,7
4200,86,0.0205855480,54827568.0000000000,32
4200,87,0.0206214450,54827568.0000000000,7
4200,88,0.0206572130,54827568.0000000000,28
4200,89,0.0206203930,54827568.0000000000,11
4200,90,0.0206242740,54827568.0000000000,19
4200,91,0.0206754810,54827568.0000000000,32
4200,92,0.0206352740,54827568.0000000000,33
4200,93,0.0206357640,54827568.0000000000,33
4200,94,0.0206148310,54827568.0000000000,8
4200,95,0.0206015550,54827568.0000000000,28
4200,96,0.0206049770,54827568.0000000000,20
4200,97,0.0205809360,54827568.0000000000,26
4200,98,0.0206368740,54827568.0000000000,10
4200,99,0.0206337240,54827568.0000000000,28
4200,100,0.0207756850,54827568.0000000000,3
4200,101,0.0206517050,54827568.0000000000,32
4200,102,0.0206495520,54827568.0000000000,34
4200,103,0.0207395120,54827568.0000000000,28
4200,104,0.0205737450,54827568.0000000000,13
4200,105,0.0206019610,54827568.0000000000,12
4200,106,0.0205861590,54827568.0000000000,34
4200,107,0.0206610730,54827568.0000000000,35
4200,108,0.0205698170,54827568.0000000000,34
4200,109,0.0206476130,54827568.0000000000,30
4200,110,0.0205900050,54827568.0000000000,26
4200,111,0.0206286300,54827568.0000000000,20
4200,112,0.0206129790,54827568.0000000000,35
4200,113,0.0205723310,54827568.0000000000,6
4200,114,0.0206429370,54827568.0000000000,5
4200,115,0.0205602590,54827568.0000000000,17
4200,116,0.0206829060,54827568.0000000000,21
4200,117,0.0179332590,47074864.0000000000,5
4200,118,0.0179527980,47074864.0000000000,5
4200,119,0.0178655000,47074864.0000000000,7
4200,120,0.0178596910,47074864.0000000000,19
4200,121,0.0178633700,47074864.0000000000,13
4200,122,0.0178671040,47074864.0000000000,28
4200,123,0.0177921710,47074864.0000000000,11
4200,124,0.0178930260,47074864.0000000000,3
4200,125,0.0178427120,47074864.0000000000,4
4200,126,0.0178616070,47074864.0000000000,8
4200,127,0.0178143640,47074864.0000000000,9
4200,128,0.0177909700,47074864.0000000000,10
4200,129,0.0178223560,47074864.0000000000,4
4200,130,0.0178680770,47074864.0000000000,2
4200,131,0.0178564260,47074864.0000000000,16
4200,132,0.0177772020,47074864.0000000000,21
4200,133,0.0178102940,47074864.0000000000,8
4200,134,0.0178412550,47074864.0000000000,16
4200,135,0.0178153440,47074864.0000000000,17
4200,136,0.0178576860,47074864.0000000000,31
4200,137,0.0178439190,47074864.0000000000,30
4200,138,0.0178611140,47074864.0000000000,2
4200,139,0.0178981760,47074864.0000000000,13
4200,140,0.0177655600,47074864.0000000000,22
4200,141,0.0179227720,47074864.0000000000,3
4200,142,0.0178038160,47074864.0000000000,26
4200,143,0.0178513750,47074864.0000000000,12
4200,144,0.0178198640,47074864.0000000000,20
4200,145,0.0179017070,47074864.0000000000,7
4200,146,0.0178235620,47074864.0000000000,11
4200,147,0.0178613150,47074864.0000000000,14
4200,148,0.0178052080,47074864.0000000000,10
4200,149,0.0178485460,47074864.0000000000,6
4200,150,0.0178644660,47074864.0000000000,6
4200,151,0.0178055880,47074864.0000000000,12
4200,152,0.0177873090,47074864.0000000000,9
4250,0,4.5763378856,225410608.0000000000,18
4250,1,4.4836891122,221728608.0000000000,15
4250,2,4.2347554418,213774768.0000000000,24
4250,3,4.1895356629,212096320.0000000000,25
4250,4,4.1532107414,212107728.0000000000,27
4250,5,4.2091005644,212333200.0000000000,23
4250,6,4.6735695999,225486928.0000000000,29
4250,7,11.6466011568,420672928.0000000000,20
4250,8,9.5304305013,366607248.0000000000,0
4250,9,13.6292978988,520914544.0000000000,9
4250,10,11.7079820403,459484960.0000000000,22
4250,11,9.9810473689,410498256.0000000000,18
4250,12,9.4903255934,395564112.0000000000,1
4250,13,9.4402917354,393348048.0000000000,0
4250,14,9.5496047043,397810608.0000000000,29
4250,15,10.8578509264,433920352.0000000000,28
4250,16,11.5117465588,454071760.0000000000,16
4250,17,9.3835559238,404454240.0000000000,1
4250,18,10.2220109016,436016976.0000000000,8
4250,19,11.6295438646,469477664.0000000000,6
4250,20,13.4614665317,512951680.0000000000,14
4250,21,11.9009190532,470938096.0000000000,7
4250,22,11.4349804272,460092448.0000000000,13
4250,23,11.9190474563,471719520.0000000000,31
4250,24,12.5973458168,489165920.0000000000,21
4250,25,10.3936842904,438943664.0000000000,32
4250,26,10.2215181205,436072272.0000000000,23
4250,27,10.2274665744,436058640.0000000000,12
4250,28,10.2250492560,436506688.0000000000,25
4250,29,10.3919424292,440370208.0000000000,33
4250,30,12.2879915072,493484416.0000000000,19
4250,31,12.7553892448,508814640.0000000000,17
4250,32,12.0446095051,486483856.0000000000,26
4250,33,10.2222559497,436518864.0000000000,10
4250,34,10.2271386193,436509088.0000000000,11
4250,35,10.2233700766,436103536.0000000000,27
4250,36,10.1901326900,434605184.0000000000,15
4250,37,10.2501368232,436495744.0000000000,4
4250,38,10.2430487971,436544128.0000000000,35
4250,39,10.2406572560,436500960.0000000000,34
4250,40,10.2548926584,436487504.0000000000,3
4250,41,10.2435286135,436514176.0000000000,30
4250,42,10.2521667677,436521536.0000000000,2
4250,43,10.2559061946,436456256.0000000000,5
4250,44,10.1853657171,434584496.0000000000,24
4250,45,2.6534773964,131687504.0000000000,3
4250,46,2.6560888417,132153520.0000000000,4
4250,47,2.6547402867,132116448.0000000000,8
4250,48,2.6556525352,132147232.0000000000,12
4250,49,2.6548887623,132137168.0000000000,30
4250,50,2.6545917936,132157584.0000000000,11
4250,51,2.6538897506,132147136.0000000000,10
4250,52,2.6579304789,132142400.0000000000,2
4250,53,2.6525559717,131699952.0000000000,5
4250,54,0.6756248309,54827568.0000000000,16
4250,55,0.6735946681,54827568.0000000000,35
4250,56,0.6742528172,54827568.0000000000,33
4250,57,0.6732838900,54827568.0000000000,35
4250,58,0.6745216421,54827568.0000000000,19
4250,59,0.6742048641,54827568.0000000000,14
4250,60,0.6725499195,54827568.0000000000,21
4250,61,0.6753988231,54827568.0000000000,2
4250,62,0.6738081476,54827568.0000000000,34
4250,63,0.6742688030,54827568.0000000000,19
4250,64,0.6749555642,54827568.0000000000,32
4250,65,0.6734622194,54827568.0000000000,26
4250,66,0.6730013655,54827568.0000000000,22
4250,67,0.6741466450,54827568.0000000000,31
4250,68,0.6741923974,54827568.0000000000,33
4250,69,0.6744020038,54827568.0000000000,16
4250,70,0.6729736942,54827568.0000000000,17
4250,71,0.6742817174,54827568.0000000000,6
4250,72,0.6729822694,54827568.0000000000,35
4250,73,0.6737592657,54827568.0000000000,13
4250,74,0.6744741722,54827568.0000000000,16
4250,75,0.6729481838,54827568.0000000000,22
4250,76,0.6736159508,54827568.0000000000,4
4250,77,0.6736153065,54827568.0000000000,34
4250,78,0.6738232804,54827568.0000000000,33
4250,79,0.6733825060,54827568.0000000000,13
4250,80,0.6729877394,54827568.0000000000,22
4250,81,0.6738336332,54827568.0000000000,6
4250,82,0.6740975331,54827568.0000000000,20
4250,83,0.6738894651,54827568.0000000000,31
4250,84,0.6748937624,54827568.0000000000,32
4250,85,0.6752280644,54827568.0000000000,7
4250,86,0.6747137125,54827568.0000000000,32
4250,87,0.6751274513,54827568.0000000000,7
4250,88,0.6751064447,54827568.0000000000,28
4250,89,0.6731872504,54827568.0000000000,11
4250,90,0.6744374307,54827568.0000000000,19
4250,91,0.6747628082,54827568.0000000000,32
4250,92,0.6737331449,54827568.0000000000,33
4250,93,0.6739144284,54827568.0000000000,33
4250,94,0.6750580463,54827568.0000000000,8
4250,95,0.6749048696,54827568.0000000000,28
4250,96,0.6743340543,54827568.0000000000,20
4250,97,0.6734054544,54827568.0000000000,26
4250,98,0.6734804071,54827568.0000000000,10
4250,99,0.6751687668,54827568.0000000000,28
4250,100,0.6770916892,54827568.0000000000,3
4250,101,0.6745987754,54827568.0000000000,32
4250,102,0.6734308421,54827568.0000000000,34
4250,103,0.6750087608,54827568.0000000000,28
4250,104,0.6737263729,54827568.0000000000,13
4250,105,0.6734863335,54827568.0000000000,12
4250,106,0.6732881243,54827568.0000000000,34
4250,107,0.6732957346,54827568.0000000000,35
4250,108,0.6734516981,54827568.0000000000,34
4250,109,0.6745287930,54827568.0000000000,30
4250,110,0.6732790757,54827568.0000000000,26
4250,111,0.6743699492,54827568.0000000000,20
4250,112,0.6732691132,54827568.0000000000,35
4250,113,0.6739622102,54827568.0000000000,6
4250,114,0.6754545371,54827568.0000000000,5
4250,115,0.6729735332,54827568.0000000000,17
4250,116,0.6728623371,54827568.0000000000,21
4250,117,0.5859303871,47074864.0000000000,5
4250,118,0.5857344586,47074864.0000000000,5
4250,119,0.5839608511,47074864.0000000000,7
4250,120,0.5828629219,47074864.0000000000,19
4250,121,0.5833852357,47074864.0000000000,13
4250,122,0.5834452650,47074864.0000000000,28
4250,123,0.5817626444,47074864.0000000000,11
4250,124,0.5851950520,47074864.0000000000,3
4250,125,0.5829746474,47074864.0000000000,4
4250,126,0.5833485041,47074864.0000000000,8
4250,127,0.5816734189,47074864.0000000000,9
4250,128,0.5826381318,47074864.0000000000,10
4250,129,0.5829072473,47074864.0000000000,4
4250,130,0.5834217012,47074864.0000000000,2
4250,131,0.5831305468,47074864.0000000000,16
4250,132,0.5813665087,47074864.0000000000,21
4250,133,0.5830855070,47074864.0000000000,8
4250,134,0.5829538585,47074864.0000000000,16
4250,135,0.5814809557,47074864.0000000000,17
4250,136,0.5824704430,47074864.0000000000,31
4250,137,0.5831236354,47074864.0000000000,30
4250,138,0.5835047782,47074864.0000000000,2
4250,139,0.5832965077,47074864.0000000000,13
4250,140,0.5814594634,47074864.0000000000,22
4250,141,0.5853761561,47074864.0000000000,3
4250,142,0.5817059695,47074864.0000000000,26
4250,143,0.5823087752,47074864.0000000000,12
4250,144,0.5823833840,47074864.0000000000,20
4250,145,0.5840562461,47074864.0000000000,7
4250,146,0.5815096451,47074864.0000000000,11
4250,147,0.5836233520,47074864.0000000000,14
4250,148,0.5824219422,47074864.0000000000,10
4250,149,0.5832669003,47074864.0000000000,6
4250,150,0.5832652262,47074864.0000000000,6
4250,151,0.5820722367,47074864.0000000000,12
4250,152,0.5815795230,47074864.0000000000,9
4300,0,0.1418161540,225520720.0000000000,18
4300,1,0.1384582290,221020800.0000000000,15
4300,2,0.1307318800,213658032.0000000000,24
4300,3,0.1301367850,212114400.0000000000,25
4300,4,0.1284710400,212125456.0000000000,27
4300,5,0.1311278490,212354688.0000000000,23
4300,6,0.1441899750,225506368.0000000000,29
4300,7,0.3473154610,410347504.0000000000,20
4300,8,0.2979807580,367627040.0000000000,0
4300,9,0.4246851970,521473456.0000000000,9
4300,10,0.3606115260,456803456.0000000000,22
4300,11,0.3088958200,409898880.0000000000,18
4300,12,0.2948245880,395235392.0000000000,1
4300,13,0.2928114300,393031152.0000000000,0
4300,14,0.2975565290,397395344.0000000000,29
4300,15,0.3371869350,433135840.0000000000,28
4300,16,0.3587821250,454398128.0000000000,16
4300,17,0.2907531280,404382272.0000000000,1
4300,18,0.3175640990,436002448.0000000000,8
4300,19,0.3661147670,471862816.0000000000,6
4300,20,0.4180533810,511966560.0000000000,14
4300,21,0.3628459170,466136768.0000000000,7
4300,22,0.3544523390,459093056.0000000000,13
4300,23,0.3634009800,466942656.0000000000,31
4300,24,0.3928713640,489473152.0000000000,21
4300,25,0.3244927050,439547120.0000000000,32
4300,26,0.3175017970,436062864.0000000000,23
4300,27,0.3178263990,436038048.0000000000,12
4300,28,0.3177294090,436508800.0000000000,25
4300,29,0.3261283020,442290336.0000000000,33
4300,30,0.3902039180,497747696.0000000000,19
4300,31,0.3984099840,509818720.0000000000,17
4300,32,0.3824888620,490928240.0000000000,26
4300,33,0.3187939820,436944464.0000000000,10
4300,34,0.3177270650,436509216.0000000000,11
4300,35,0.3175354840,436098624.0000000000,27
4300,36,0.3163737750,434579552.0000000000,15
4300,37,0.3184046800,436488704.0000000000,4
4300,38,0.3181756720,436553888.0000000000,35
4300,39,0.3180123650,436497088.0000000000,34
4300,40,0.3186142990,436492352.0000000000,3
4300,41,0.3180764960,436516304.0000000000,30
4300,42,0.3185929160,436519504.0000000000,2
4300,43,0.3186999450,436450640.0000000000,5
4300,44,0.3163188370,434558976.0000000000,24
4300,45,0.0822174230,131683216.0000000000,3
4300,46,0.0822066210,132154144.0000000000,4
4300,47,0.0822256840,132113744.0000000000,8
4300,48,0.0821812120,132149296.0000000000,12
4300,49,0.0821779090,132135456.0000000000,30
4300,50,0.0822580070,132157088.0000000000,11
4300,51,0.0821558270,132146512.0000000000,10
4300,52,0.0823671640,132141328.0000000000,2
4300,53,0.0821203070,131694976.0000000000,5
4300,54,0.0206261160,54827568.0000000000,16
4300,55,0.0205875410,54827568.0000000000,35
4300,56,0.0206757930,54827568.0000000000,33
4300,57,0.0205874200,54827568.0000000000,35
4300,58,0.0206136630,54827568.0000000000,19
4300,59,0.0206220220,54827568.0000000000,14
4300,60,0.0205770790,54827568.0000000000,21
4300,61,0.0206791090,54827568.0000000000,2
4300,62,0.0206453540,54827568.0000000000,34
4300,63,0.0206588880,54827568.0000000000,19
4300,64,0.0206219400,54827568.0000000000,32
4300,65,0.0206549860,54827568.0000000000,26
4300,66,0.0206297710,54827568.0000000000,22
4300,67,0.0206641370,54827568.0000000000,31
4300,68,0.0206266080,54827568.0000000000,33
4300,69,0.0206966740,54827568.0000000000,16
4300,70,0.0206277200,54827568.0000000000,17
4300,71,0.0206180090,54827568.0000000000,6
4300,72,0.0206187010,54827568.0000000000,35
4300,73,0.0206623090,54827568.0000000000,13
4300,74,0.0206365450,54827568.0000000000,16
4300,75,0.0205685440,54827568.0000000000,22
4300,76,0.0206439390,54827568.0000000000,4
4300,77,0.0205792770,54827568.0000000000,34
4300,78,0.0206100650,54827568.0000000000,33
4300,79,0.0206022060,54827568.0000000000,13
4300,80,0.0206365360,54827568.0000000000,22
4300,81,0.0206249230,54827568.0000000000,6
4300,82,0.0206480270,54827568.0000000000,20
4300,83,0.0206100610,54827568.0000000000,31
4300,84,0.0206708730,54827568.0000000000,32
4300,85,0.0206605430,54827568.0000000000,7
4300,86,0.0206395220,54827568.0000000000,32
4300,87,0.0206500920,54827568.0000000000,7
4300,88,0.0206624520,54827568.0000000000,28
4300,89,0.0206084500,54827568.0000000000,11
4300,90,0.0206817320,54827568.0000000000,19
4300,91,0.0206968010,54827568.0000000000,32
4300,92,0.0206311190,54827568.0000000000,33
4300,93,0.0205616620,54827568.0000000000,33
4300,94,0.0207004370,54827568.0000000000,8
4300,95,0.0206642950,54827568.0000000000,28
4300,96,0.0205989030,54827568.0000000000,20
4300,97,0.0206840850,54827568.0000000000,26
4300,98,0.0206069950,54827568.0000000000,10
4300,99,0.0206959280,54827568.0000000000,28
4300,100,0.0207170640,54827568.0000000000,3
4300,101,0.0206185130,54827568.0000000000,32
4300,102,0.0205595760,54827568.0000000000,34
4300,103,0.0206500280,54827568.0000000000,28
4300,104,0.0206741150,54827568.0000000000,13
4300,105,0.0206106420,54827568.0000000000,12
4300,106,0.0206192830,54827568.0000000000,34
4300,107,0.0206014480,54827568.0000000000,35
4300,108,0.0206633890,54827568.0000000000,34
4300,109,0.0206133780,54827568.0000000000,30
4300,110,0.0206501300,54827568.0000000000,26
4300,111,0.0206555930,54827568.0000000000,20
4300,112,0.0206422490,54827568.0000000000,35
4300,113,0.0206784780,54827568.0000000000,6
4300,114,0.0207010500,54827568.0000000000,5
4300,115,0.0206292930,54827568.0000000000,17
4300,116,0.0205116730,54827568.0000000000,21
4300,117,0.0179269070,47074864.0000000000,5
4300,118,0.0179432600,47074864.0000000000,5
4300,119,0.0179187110,47074864.0000000000,7
4300,120,0.0178549530,47074864.0000000000,19
4300,121,0.0178610820,47074864.0000000000,13
4300,122,0.0178366650,47074864.0000000000,28
4300,123,0.0177900960,47074864.0000000000,11
4300,124,0.0179156020,47074864.0000000000,3
4300,125,0.0178353490,47074864.0000000000,4
4300,126,0.0178079800,47074864.0000000000,8
4300,127,0.0178141150,47074864.0000000000,9
4300,128,0.0178333320,47074864.0000000000,10
4300,129,0.0178146020,47074864.0000000000,4
4300,130,0.0178094030,47074864.0000000000,2
4300,131,0.0178284510,47074864.0000000000,16
4300,132,0.0177997650,47074864.0000000000,21
4300,133,0.0178419580,47074864.0000000000,8
4300,134,0.0178464540,47074864.0000000000,16
4300,135,0.0177799460,47074864.0000000000,17
4300,136,0.0178062170,47074864.0000000000,31
4300,137,0.0178570930,47074864.0000000000,30
4300,138,0.0178469970,47074864.0000000000,2
4300,139,0.0178705610,47074864.0000000000,13
4300,140,0.0178046040,47074864.0000000000,22
4300,141,0.0178996590,47074864.0000000000,3
4300,142,0.0177908190,47074864.0000000000,26
4300,143,0.0178106160,47074864.0000000000,12
4300,144,0.0178472150,47074864.0000000000,20
4300,145,0.0178731530,47074864.0000000000,7
4300,146,0.0177954060,47074864.0000000000,11
4300,147,0.0178645880,47074864.0000000000,14
4300,148,0.0178284420,47074864.0000000000,10
4300,149,0.0178679640,47074864.0000000000,6
4300,150,0.0178477930,47074864.0000000000,6
4300,151,0.0178306040,47074864.0000000000,12
4300,152,0.0178068500,47074864.0000000000,9
4350,0,4.5738374599,225451456.0000000000,18
4350,1,4.4570726803,220469904.0000000000,15
4350,2,4.2181199813,213797984.0000000000,24
4350,3,4.1800671134,212148480.0000000000,25
4350,4,4.1396017200,212188736.0000000000,27
4350,5,4.2155874578,212393056.0000000000,23
4350,6,4.6447879584,225398112.0000000000,29
4350,7,10.9360557552,399565952.0000000000,20
4350,8,9.5678332315,366984976.0000000000,0
4350,9,13.6545063425,521873344.0000000000,9
4350,10,11.5290393883,454395264.0000000000,22
4350,11,9.9132414496,409196288.0000000000,18
4350,12,9.4637488425,394932928.0000000000,1
4350,13,9.4157759732,392559760.0000000000,0
4350,14,9.5538594332,396937824.0000000000,29
4350,15,10.7885284216,431539152.0000000000,28
4350,16,11.5504425411,455043600.0000000000,16
4350,17,9.3551801105,404410160.0000000000,1
4350,18,10.2196028551,435998624.0000000000,8
4350,19,11.8299122362,474367696.0000000000,6
4350,20,13.3558169249,509069728.0000000000,14
4350,21,11.6053338139,463817680.0000000000,7
4350,22,11.3889363170,458619488.0000000000,13
4350,23,11.6088268121,463992064.0000000000,31
4350,24,12.6281552395,489325632.0000000000,21
4350,25,10.4573104980,440164576.0000000000,32
4350,26,10.2186784901,436055712.0000000000,23
4350,27,10.2233254229,436027920.0000000000,12
4350,28,10.2221573900,436508896.0000000000,25
4350,29,10.5775770376,446154224.0000000000,33
4350,30,12.6049794553,499948608.0000000000,19
4350,31,12.8263489779,510318464.0000000000,17
4350,32,12.3853635752,494081152.0000000000,26
4350,33,10.2875774906,438122032.0000000000,10
4350,34,10.2235909302,436510800.0000000000,11
4350,35,10.2201861289,436083952.0000000000,27
4350,36,10.1862532850,434560864.0000000000,15
4350,37,10.2515007652,436482224.0000000000,4
4350,38,10.2400127634,436550192.0000000000,35
4350,39,10.2389087559,436496640.0000000000,34
4350,40,10.2525506940,436484384.0000000000,3
4350,41,10.2413531697,436519984.0000000000,30
4350,42,10.2494074787,436524688.0000000000,2
4350,43,10.2540505308,436444784.0000000000,5
4350,44,10.1812024676,434537888.0000000000,24
4350,45,2.6529233021,131679280.0000000000,3
4350,46,2.6554162796,132155984.0000000000,4
4350,47,2.6547214269,132118240.0000000000,8
4350,48,2.6555452866,132151536.0000000000,12
4350,49,2.6548942101,132139104.0000000000,30
4350,50,2.6537633645,132157504.0000000000,11
4350,51,2.6534130807,132144320.0000000000,10
4350,52,2.6572821651,132141680.0000000000,2
4350,53,2.6516573993,131690672.0000000000,5
4350,54,0.6744532933,54827568.0000000000,16
4350,55,0.6735989947,54827568.0000000000,35
4350,56,0.6744351694,54827568.0000000000,33
4350,57,0.6734877723,54827568.0000000000,35
4350,58,0.6747045602,54827568.0000000000,19
4350,59,0.6743028947,54827568.0000000000,14
4350,60,0.6727278620,54827568.0000000000,21
4350,61,0.6758352131,54827568.0000000000,2
4350,62,0.6737924083,54827568.0000000000,34
4350,63,0.6745450423,54827568.0000000000,19
4350,64,0.6746603129,54827568.0000000000,32
4350,65,0.6731887183,54827568.0000000000,26
4350,66,0.6733161785,54827568.0000000000,22
4350,67,0.6744831902,54827568.0000000000,31
4350,68,0.6740606979,54827568.0000000000,33
4350,69,0.6744368946,54827568.0000000000,16
4350,70,0.6729711189,54827568.0000000000,17
4350,71,0.6740720707,54827568.0000000000,6
4350,72,0.6732886486,54827568.0000000000,35
4350,73,0.6738657927,54827568.0000000000,13
4350,74,0.6741377865,54827568.0000000000,16
4350,75,0.6730696697,54827568.0000000000,22
4350,76,0.6740345150,54827568.0000000000,4
4350,77,0.6736454761,54827568.0000000000,34
4350,78,0.6740252024,54827568.0000000000,33
4350,79,0.6735667707,54827568.0000000000,13
4350,80,0.6731331874,54827568.0000000000,22
4350,81,0.6743294166,54827568.0000000000,6
4350,82,0.6743272988,54827568.0000000000,20
4350,83,0.6737965543,54827568.0000000000,31
4350,84,0.6748814228,54827568.0000000000,32
4350,85,0.6753287764,54827568.0000000000,7
4350,86,0.6743833808,54827568.0000000000,32
4350,87,0.6748870579,54827568.0000000000,7
4350,88,0.6751016748,54827568.0000000000,28
4350,89,0.6730209588,54827568.0000000000,11
4350,90,0.6746409457,54827568.0000000000,19
4350,91,0.6750689339,54827568.0000000000,32
4350,92,0.6740466175,54827568.0000000000,33
4350,93,0.6738896031,54827568.0000000000,33
4350,94,0.6749394163,54827568.0000000000,8
4350,95,0.6752328703,54827568.0000000000,28
4350,96,0.6745654595,54827568.0000000000,20
4350,97,0.6730768865,54827568.0000000000,26
4350,98,0.6734555962,54827568.0000000000,10
4350,99,0.6754754188,54827568.0000000000,28
4350,100,0.6767868947,54827568.0000000000,3
4350,101,0.6745157822,54827568.0000000000,32
4350,102,0.6736400483,54827568.0000000000,34
4350,103,0.6748304336,54827568.0000000000,28
4350,104,0.6735070961,54827568.0000000000,13
4350,105,0.6732160884,54827568.0000000000,12
4350,106,0.6735946922,54827568.0000000000,34
4350,107,0.6730979071,54827568.0000000000,35
4350,108,0.6732227626,54827568.0000000000,34
4350,109,0.6744251658,54827568.0000000000,30
4350,110,0.6731801619,54827568.0000000000,26
4350,111,0.6743631453,54827568.0000000000,20
4350,112,0.6734305740,54827568.0000000000,35
4350,113,0.6738600264,54827568.0000000000,6
4350,114,0.6751629727,54827568.0000000000,5
4350,115,0.6728844107,54827568.0000000000,17
4350,116,0.6726372337,54827568.0000000000,21
4350,117,0.5857444758,47074864.0000000000,5
4350,118,0.5857100716,47074864.0000000000,5
4350,119,0.5841627466,47074864.0000000000,7
4350,120,0.5829245705,47074864.0000000000,19
4350,121,0.5833940821,47074864.0000000000,13
4350,122,0.5834709791,47074864.0000000000,28
4350,123,0.5816568715,47074864.0000000000,11
4350,124,0.5853098890,47074864.0000000000,3
4350,125,0.5831729330,47074864.0000000000,4
4350,126,0.5832111749,47074864.0000000000,8
4350,127,0.5815871588,47074864.0000000000,9
4350,128,0.5827347861,47074864.0000000000,10
4350,129,0.5830179669,47074864.0000000000,4
4350,130,0.5835336768,47074864.0000000000,2
4350,131,0.5829717760,47074864.0000000000,16
4350,132,0.5814525883,47074864.0000000000,21
4350,133,0.5831210476,47074864.0000000000,8
4350,134,0.5830099193,47074864.0000000000,16
4350,135,0.5815455313,47074864.0000000000,17
4350,136,0.5825095737,47074864.0000000000,31
4350,137,0.5830985587,47074864.0000000000,30
4350,138,0.5835634809,47074864.0000000000,2
4350,139,0.5833083161,47074864.0000000000,13
4350,140,0.5812837817,47074864.0000000000,22
4350,141,0.5851649493,47074864.0000000000,3
4350,142,0.5817129696,47074864.0000000000,26
4350,143,0.5824378741,47074864.0000000000,12
4350,144,0.5825783880,47074864.0000000000,20
4350,145,0.5841918855,47074864.0000000000,7
4350,146,0.5816724567,47074864.0000000000,11
4350,147,0.5833703463,47074864.0000000000,14
4350,148,0.5823603447,47074864.0000000000,10
4350,149,0.5833318270,47074864.0000000000,6
4350,150,0.5834761936,47074864.0000000000,6
4350,151,0.5822250001,47074864.0000000000,12
4350,152,0.5814942611,47074864.0000000000,9
4400,0,0.1422661710,225546528.0000000000,18
4400,1,0.1363031680,219712016.0000000000,15
4400,2,0.1312514210,213895280.0000000000,24
4400,3,0.1299071150,212154976.0000000000,25
4400,4,0.1284033200,212217296.0000000000,27
4400,5,0.1309641350,212408592.0000000000,23
4400,6,0.1443135500,225193808.0000000000,29
4400,7,0.3261483260,390305568.0000000000,20
4400,8,0.2968994340,366930384.0000000000,0
4400,9,0.4254655620,521860432.0000000000,9
4400,10,0.3555149870,451865360.0000000000,22
4400,11,0.3070040930,408310912.0000000000,18
4400,12,0.2935641200,394563792.0000000000,1
4400,13,0.2921291710,391858832.0000000000,0
4400,14,0.2955541420,396129488.0000000000,29
4400,15,0.3309552980,428717120.0000000000,28
4400,16,0.3606472110,455389952.0000000000,16
4400,17,0.2918614700,404485104.0000000000,1
4400,18,0.3183164980,436308416.0000000000,8
4400,19,0.3726845190,476764832.0000000000,6
4400,20,0.4099458210,505199648.0000000000,14
4400,21,0.3587164750,462359728.0000000000,7
4400,22,0.3548536170,458583152.0000000000,13
4400,23,0.3580565550,462014544.0000000000,31
4400,24,0.3938945580,489730624.0000000000,21
4400,25,0.3270875880,441075696.0000000000,32
4400,26,0.3175567100,436040304.0000000000,23
4400,27,0.3177921340,436007024.0000000000,12
4400,28,0.3175250140,436510944.0000000000,25
4400,29,0.3362070590,450356912.0000000000,33
4400,30,0.3953531780,501467776.0000000000,19
4400,31,0.4000736870,510716624.0000000000,17
4400,32,0.3896616910,496211728.0000000000,26
4400,33,0.3224243860,439690704.0000000000,10
4400,34,0.3176718670,436508624.0000000000,11
4400,35,0.3175897530,436073200.0000000000,27
4400,36,0.3166514420,434535760.0000000000,15
4400,37,0.3183497230,436480688.0000000000,4
4400,38,0.3183098130,436546960.0000000000,35
4400,39,0.3183558220,436494480.0000000000,34
4400,40,0.3185536840,436482992.0000000000,3
4400,41,0.3181470800,436516864.0000000000,30
4400,42,0.3184347910,436526032.0000000000,2
4400,43,0.3186823960,436441760.0000000000,5
4400,44,0.3165281850,434517296.0000000000,24
4400,45,0.0822101050,131673392.0000000000,3
4400,46,0.0823068950,132156224.0000000000,4
4400,47,0.0821320220,132117696.0000000000,8
4400,48,0.0822675640,132149712.0000000000,12
4400,49,0.0822246390,132137152.0000000000,30
4400,50,0.0822037820,132159760.0000000000,11
4400,51,0.0821499380,132143664.0000000000,10
4400,52,0.0823742170,132142672.0000000000,2
4400,53,0.0822759360,131682704.0000000000,5
4400,54,0.0207001680,54827568.0000000000,16
4400,55,0.0206609840,54827568.0000000000,35
4400,56,0.0206422610,54827568.0000000000,33
4400,57,0.0206511850,54827568.0000000000,35
4400,58,0.0206696390,54827568.0000000000,19
4400,59,0.0206813900,54827568.0000000000,14
4400,60,0.0205975900,54827568.0000000000,21
4400,61,0.0206804010,54827568.0000000000,2
4400,62,0.0206526960,54827568.0000000000,34
4400,63,0.0206740390,54827568.0000000000,19
4400,64,0.0206072910,54827568.0000000000,32
4400,65,0.0206162440,54827568.0000000000,26
4400,66,0.0206624730,54827568.0000000000,22
4400,67,0.0206433170,54827568.0000000000,31
4400,68,0.0206040860,54827568.0000000000,33
4400,69,0.0206308360,54827568.0000000000,16
4400,70,0.0206033810,54827568.0000000000,17
4400,71,0.0206226670,54827568.0000000000,6
4400,72,0.0206598320,54827568.0000000000,35
4400,73,0.0206706810,54827568.0000000000,13
4400,74,0.0206240210,54827568.0000000000,16
4400,75,0.0206038110,54827568.0000000000,22
4400,76,0.0206373860,54827568.0000000000,4
4400,77,0.0206000250,54827568.0000000000,34
4400,78,0.0206273490,54827568.0000000000,33
4400,79,0.0205676310,54827568.0000000000,13
4400,80,0.0206287910,54827568.0000000000,22
4400,81,0.0206136000,54827568.0000000000,6
4400,82,0.0206470140,54827568.0000000000,20
4400,83,0.0206559190,54827568.0000000000,31
4400,84,0.0207252680,54827568.0000000000,32
4400,85,0.0207535000,54827568.0000000000,7
4400,86,0.0206297830,54827568.0000000000,32
4400,87,0.0206747700,54827568.0000000000,7
4400,88,0.0206739970,54827568.0000000000,28
4400,89,0.0206016670,54827568.0000000000,11
4400,90,0.0206798480,54827568.0000000000,19
4400,91,0.0206927340,54827568.0000000000,32
4400,92,0.0206299350,54827568.0000000000,33
4400,93,0.0206199440,54827568.0000000000,33
4400,94,0.0206552690,54827568.0000000000,8
4400,95,0.0206901670,54827568.0000000000,28
4400,96,0.0206410740,54827568.0000000000,20
4400,97,0.0206001610,54827568.0000000000,26
4400,98,0.0205713690,54827568.0000000000,10
4400,99,0.0206595860,54827568.0000000000,28
4400,100,0.0207363900,54827568.0000000000,3
4400,101,0.0206968330,54827568.0000000000,32
4400,102,0.0206381880,54827568.0000000000,34
4400,103,0.0205755250,54827568.0000000000,28
4400,104,0.0206212410,54827568.0000000000,13
4400,105,0.0205841630,54827568.0000000000,12
4400,106,0.0206711230,54827568.0000000000,34
4400,107,0.0206262260,54827568.0000000000,35
4400,108,0.0206311570,54827568.0000000000,34
4400,109,0.0206832430,54827568.0000000000,30
4400,110,0.0206907390,54827568.0000000000,26
4400,111,0.0206294510,54827568.0000000000,20
4400,112,0.0206748810,54827568.0000000000,35
4400,113,0.0206117050,54827568.0000000000,6
4400,114,0.0207228530,54827568.0000000000,5
4400,115,0.0205083690,54827568.0000000000,17
4400,116,0.0206668750,54827568.0000000000,21
4400,117,0.0179356730,47074864.0000000000,5
4400,118,0.0179141520,47074864.0000000000,5
4400,119,0.0178751780,47074864.0000000000,7
4400,120,0.0178344140,47074864.0000000000,19
4400,121,0.0178776460,47074864.0000000000,13
4400,122,0.0179038760,47074864.0000000000,28
4400,123,0.0177876720,47074864.0000000000,11
4400,124,0.0179244680,47074864.0000000000,3
4400,125,0.0178572440,47074864.0000000000,4
4400,126,0.0178804900,47074864.0000000000,8
4400,127,0.0178184030,47074864.0000000000,9
4400,128,0.0178055680,47074864.0000000000,10
4400,129,0.0178411910,47074864.0000000000,4
4400,130,0.0178660450,47074864.0000000000,2
4400,131,0.0178705820,47074864.0000000000,16
4400,132,0.0177400290,47074864.0000000000,21
4400,133,0.0178419760,47074864.0000000000,8
4400,134,0.0178339720,47074864.0000000000,16
4400,135,0.0178022310,47074864.0000000000,17
4400,136,0.0178223480,47074864.0000000000,31
4400,137,0.0178557220,47074864.0000000000,30
4400,138,0.0178641190,47074864.0000000000,2
4400,139,0.0178626880,47074864.0000000000,13
4400,140,0.0178122290,47074864.0000000000,22
4400,141,0.0178801730,47074864.0000000000,3
4400,142,0.0178087530,47074864.0000000000,26
4400,143,0.0178496490,47074864.0000000000,12
4400,144,0.0178440910,47074864.0000000000,20
4400,145,0.0179041130,47074864.0000000000,7
4400,146,0.0177869010,47074864.0000000000,11
4400,147,0.0178847980,47074864.0000000000,14
4400,148,0.0178283910,47074864.0000000000,10
4400,149,0.0178245600,47074864.0000000000,6
4400,150,0.0178979600,47074864.0000000000,6
4400,151,0.0178169400,47074864.0000000000,12
4400,152,0.0177876220,47074864.0000000000,9
4450,0,4.5768180919,225548256.0000000000,18
4450,1,4.3810867945,218789968.0000000000,15
4450,2,4.2438214011,213741088.0000000000,24
4450,3,4.1848411331,212078912.0000000000,25
4450,4,4.1380845749,212128944.0000000000,27
4450,5,4.2257656233,212295744.0000000000,23
4450,6,4.6499475017,225181040.0000000000,29
4450,7,10.3175710831,382192000.0000000000,20
4450,8,9.6248891720,370458096.0000000000,0
4450,9,13.6680785562,521163744.0000000000,9
4450,10,11.3829042995,449719136.0000000000,22
4450,11,9.8665504644,407917072.0000000000,18
4450,12,9.4487165114,394200256.0000000000,1
4450,13,9.3888743242,391566704.0000000000,0
4450,14,9.5149062675,395826352.0000000000,29
4450,15,10.5907856420,426436784.0000000000,28
4450,16,11.5979237938,455035376.0000000000,16
4450,17,9.3948244533,404592528.0000000000,1
4450,18,10.2689416660,437325360.0000000000,8
4450,19,12.0355864240,478930016.0000000000,6
4450,20,13.0775102773,501163552.0000000000,14
4450,21,11.4936729286,460955680.0000000000,7
4450,22,11.3921350615,458074272.0000000000,13
4450,23,11.4753158230,460647376.0000000000,31
4450,24,12.6643887829,489809840.0000000000,21
4450,25,10.5588143067,442452736.0000000000,32
4450,26,10.2172242335,436023584.0000000000,23
4450,27,10.2242817750,435988064.0000000000,12
4450,28,10.2219784695,436511472.0000000000,25
4450,29,10.9197211309,455192960.0000000000,33
4450,30,12.7492220747,503066688.0000000000,19
4450,31,12.8723767868,511442496.0000000000,17
4450,32,12.5671169915,497664144.0000000000,26
4450,33,10.4239729109,441544864.0000000000,10
4450,34,10.2237920593,436512320.0000000000,11
4450,35,10.2212304746,436062080.0000000000,27
4450,36,10.1858151221,434511312.0000000000,15
4450,37,10.2484328633,436478480.0000000000,4
4450,38,10.2419386598,436551344.0000000000,35
4450,39,10.2388081487,436490656.0000000000,34
4450,40,10.2537764704,436486832.0000000000,3
4450,41,10.2422914304,436520208.0000000000,30
4450,42,10.2497237159,436530592.0000000000,2
4450,43,10.2534522702,436434608.0000000000,5
4450,44,10.1814715214,434492096.0000000000,24
4450,45,2.6526980554,131667072.0000000000,3
4450,46,2.6598397183,132162480.0000000000,4
4450,47,2.6548163590,132118368.0000000000,8
4450,48,2.6560769519,132149936.0000000000,12
4450,49,2.6549194900,132134512.0000000000,30
4450,50,2.6537053665,132158064.0000000000,11
4450,51,2.6534661127,132142112.0000000000,10
4450,52,2.6572277971,132143472.0000000000,2
4450,53,2.6512981022,131679264.0000000000,5
4450,54,0.6745262928,54827568.0000000000,16
4450,55,0.6734476699,54827568.0000000000,35
4450,56,0.6741740596,54827568.0000000000,33
4450,57,0.6732831409,54827568.0000000000,35
4450,58,0.6744504247,54827568.0000000000,19
4450,59,0.6744263778,54827568.0000000000,14
4450,60,0.6727275911,54827568.0000000000,21
4450,61,0.6757038217,54827568.0000000000,2
4450,62,0.6736822665,54827568.0000000000,34
4450,63,0.6742483781,54827568.0000000000,19
4450,64,0.6749620692,54827568.0000000000,32
4450,65,0.6731405281,54827568.0000000000,26
4450,66,0.6733969033,54827568.0000000000,22
4450,67,0.6744664917,54827568.0000000000,31
4450,68,0.6738576520,54827568.0000000000,33
4450,69,0.6741188849,54827568.0000000000,16
4450,70,0.6732792770,54827568.0000000000,17
4450,71,0.6739990746,54827568.0000000000,6
4450,72,0.6731060822,54827568.0000000000,35
4450,73,0.6740897624,54827568.0000000000,13
4450,74,0.6743424065,54827568.0000000000,16
4450,75,0.6730013933,54827568.0000000000,22
4450,76,0.6736853078,54827568.0000000000,4
4450,77,0.6736920832,54827568.0000000000,34
4450,78,0.6739690145,54827568.0000000000,33
4450,79,0.6735913078,54827568.0000000000,13
4450,80,0.6734826393,54827568.0000000000,22
4450,81,0.6740008336,54827568.0000000000,6
4450,82,0.6742859339,54827568.0000000000,20
4450,83,0.6741944727,54827568.0000000000,31
4450,84,0.6747424924,54827568.0000000000,32
4450,85,0.6754064044,54827568.0000000000,7
4450,86,0.6746817364,54827568.0000000000,32
4450,87,0.6749458630,54827568.0000000000,7
4450,88,0.6753198260,54827568.0000000000,28
4450,89,0.6728280768,54827568.0000000000,11
4450,90,0.6742733437,54827568.0000000000,19
4450,91,0.6749491650,54827568.0000000000,32
4450,92,0.6739784391,54827568.0000000000,33
4450,93,0.6741837725,54827568.0000000000,33
4450,94,0.6752553429,54827568.0000000000,8
4450,95,0.6752353021,54827568.0000000000,28
4450,96,0.6741858356,54827568.0000000000,20
4450,97,0.6731886818,54827568.0000000000,26
4450,98,0.6737442261,54827568.0000000000,10
4450,99,0.6749933966,54827568.0000000000,28
4450,100,0.6765837665,54827568.0000000000,3
4450,101,0.6745863061,54827568.0000000000,32
4450,102,0.6735150547,54827568.0000000000,34
4450,103,0.6750228620,54827568.0000000000,28
4450,104,0.6741304320,54827568.0000000000,13
4450,105,0.6733916925,54827568.0000000000,12
4450,106,0.6735712674,54827568.0000000000,34
4450,107,0.6733877713,54827568.0000000000,35
4450,108,0.6734556846,54827568.0000000000,34
4450,109,0.6745354262,54827568.0000000000,30
4450,110,0.6730487876,54827568.0000000000,26
4450,111,0.6741770233,54827568.0000000000,20
4450,112,0.6733285303,54827568.0000000000,35
4450,113,0.6739948175,54827568.0000000000,6
4450,114,0.6752334831,54827568.0000000000,5
4450,115,0.6731207520,54827568.0000000000,17
4450,116,0.6726159459,54827568.0000000000,21
4450,117,0.5858810936,47074864.0000000000,5
4450,118,0.5856989548,47074864.0000000000,5
4450,119,0.5841060193,47074864.0000000000,7
4450,120,0.5827313784,47074864.0000000000,19
4450,121,0.5832336147,47074864.0000000000,13
4450,122,0.5834927358,47074864.0000000000,28
4450,123,0.5815536999,47074864.0000000000,11
4450,124,0.5852783952,47074864.0000000000,3
4450,125,0.5851381941,47074864.0000000000,4
4450,126,0.5832021563,47074864.0000000000,8
4450,127,0.5816281409,47074864.0000000000,9
4450,128,0.5824686148,47074864.0000000000,10
4450,129,0.5830349356,47074864.0000000000,4
4450,130,0.5832771822,47074864.0000000000,2
4450,131,0.5830540592,47074864.0000000000,16
4450,132,0.5814636177,47074864.0000000000,21
4450,133,0.5832535537,47074864.0000000000,8
4450,134,0.5827110367,47074864.0000000000,16
4450,135,0.5814104673,47074864.0000000000,17
4450,136,0.5823092988,47074864.0000000000,31
4450,137,0.5831977342,47074864.0000000000,30
4450,138,0.5836199537,47074864.0000000000,2
4450,139,0.5832191065,47074864.0000000000,13
4450,140,0.5814452450,47074864.0000000000,22
4450,141,0.5850832531,47074864.0000000000,3
4450,142,0.5817254570,47074864.0000000000,26
4450,143,0.5824323635,47074864.0000000000,12
4450,144,0.5825063029,47074864.0000000000,20
4450,145,0.5841749191,47074864.0000000000,7
4450,146,0.5814458039,47074864.0000000000,11
4450,147,0.5835866195,47074864.0000000000,14
4450,148,0.5826117075,47074864.0000000000,10
4450,149,0.5833704015,47074864.0000000000,6
4450,150,0.5832342996,47074864.0000000000,6
4450,151,0.5823035838,47074864.0000000000,12
4450,152,0.5813649414,47074864.0000000000,9
4500,0,0.1418008400,225082224.0000000000,18
4500,1,0.1349032630,217966640.0000000000,15
4500,2,0.1325833120,213563728.0000000000,24
4500,3,0.1299856760,212021376.0000000000,25
4500,4,0.1283085580,212047664.0000000000,27
4500,5,0.1312955930,212172448.0000000000,23
4500,6,0.1437999230,224466000.0000000000,29
4500,7,0.3091471310,374284640.0000000000,20
4500,8,0.3057742910,374528784.0000000000,0
4500,9,0.4234674480,519765808.0000000000,9
4500,10,0.3514036890,447717392.0000000000,22
4500,11,0.3074217480,407676016.0000000000,18
4500,12,0.2939636490,393876576.0000000000,1
4500,13,0.2916176890,391139840.0000000000,0
4500,14,0.2961143920,395479040.0000000000,29
4500,15,0.3284442440,425941600.0000000000,28
4500,16,0.3609213620,454713264.0000000000,16
4500,17,0.2924078160,404706224.0000000000,1
4500,18,0.3220531550,438943088.0000000000,8
4500,19,0.3784594350,480885984.0000000000,6
4500,20,0.3978134050,494986672.0000000000,14
4500,21,0.3555826330,459582448.0000000000,7
4500,22,0.3545208390,457607696.0000000000,13
4500,23,0.3556425310,459607008.0000000000,31
4500,24,0.3938590120,489132592.0000000000,21
4500,25,0.3315289350,443952976.0000000000,32
4500,26,0.3174313930,436001952.0000000000,23
4500,27,0.3175605920,435969232.0000000000,12
4500,28,0.3176503990,436511264.0000000000,25
4500,29,0.3498387480,461651888.0000000000,33
4500,30,0.3994962940,504465232.0000000000,19
4500,31,0.4021809090,512094896.0000000000,17
4500,32,0.3934469130,498794896.0000000000,26
4500,33,0.3273934230,443329136.0000000000,10
4500,34,0.3177228720,436509312.0000000000,11
4500,35,0.3178097360,436051264.0000000000,27
4500,36,0.3165205440,434483152.0000000000,15
4500,37,0.3185081140,436479152.0000000000,4
4500,38,0.3182588250,436547760.0000000000,35
4500,39,0.3182109740,436495408.0000000000,34
4500,40,0.3187015860,436493696.0000000000,3
4500,41,0.3181929840,436518320.0000000000,30
4500,42,0.3185490320,436527824.0000000000,2
4500,43,0.3185462810,436438960.0000000000,5
4500,44,0.3163093490,434469808.0000000000,24
4500,45,0.0822172960,131661920.0000000000,3
4500,46,0.0823218800,132164224.0000000000,4
4500,47,0.0823012220,132119120.0000000000,8
4500,48,0.0822152330,132147296.0000000000,12
4500,49,0.0822422170,132129152.0000000000,30
4500,50,0.0822965120,132159968.0000000000,11
4500,51,0.0821883740,132140064.0000000000,10
4500,52,0.0823353740,132144336.0000000000,2
4500,53,0.0822491610,131673168.0000000000,5
4500,54,0.0207260290,54827568.0000000000,16
4500,55,0.0205581060,54827568.0000000000,35
4500,56,0.0206651620,54827568.0000000000,33
4500,57,0.0205625020,54827568.0000000000,35
4500,58,0.0206933090,54827568.0000000000,19
4500,59,0.0206737560,54827568.0000000000,14
4500,60,0.0205643970,54827568.0000000000,21
4500,61,0.0207393350,54827568.0000000000,2
4500,62,0.0205848060,54827568.0000000000,34
4500,63,0.0205902190,54827568.0000000000,19
4500,64,0.0206964630,54827568.0000000000,32
4500,65,0.0206151320,54827568.0000000000,26
4500,66,0.0206373370,54827568.0000000000,22
4500,67,0.0207010060,54827568.0000000000,31
4500,68,0.0206661030,54827568.0000000000,33
4500,69,0.0206325600,54827568.0000000000,16
4500,70,0.0206198540,54827568.0000000000,17
4500,71,0.0206724530,54827568.0000000000,6
4500,72,0.0206468480,54827568.0000000000,35
4500,73,0.0206107130,54827568.0000000000,13
4500,74,0.0206385120,54827568.0000000000,16
4500,75,0.0205899850,54827568.0000000000,22
4500,76,0.0205979710,54827568.0000000000,4
4500,77,0.0206016470,54827568.0000000000,34
4500,78,0.0206637790,54827568.0000000000,33
4500,79,0.0206312930,54827568.0000000000,13
4500,80,0.0206107640,54827568.0000000000,22
4500,81,0.0205680820,54827568.0000000000,6
4500,82,0.0206586670,54827568.0000000000,20
4500,83,0.0205801100,54827568.0000000000,31
4500,84,0.0206635000,54827568.0000000000,32
4500,85,0.0206436990,54827568.0000000000,7
4500,86,0.0206373870,54827568.0000000000,32
4500,87,0.0206622240,54827568.0000000000,7
4500,88,0.0207223470,54827568.0000000000,28
4500,89,0.0206129280,54827568.0000000000,11
4500,90,0.0206502230,54827568.0000000000,19
4500,91,0.0206713330,54827568.0000000000,32
4500,92,0.0206258270,54827568.0000000000,33
4500,93,0.0205543380,54827568.0000000000,33
4500,94,0.0207360680,54827568.0000000000,8
4500,95,0.0207509920,54827568.0000000000,28
4500,96,0.0206465840,54827568.0000000000,20
4500,97,0.0206188780,54827568.0000000000,26
4500,98,0.0206020640,54827568.0000000000,10
4500,99,0.0206632920,54827568.0000000000,28
4500,100,0.0207539130,54827568.0000000000,3
4500,101,0.0206079400,54827568.0000000000,32
4500,102,0.0205898850,54827568.0000000000,34
4500,103,0.0207185890,54827568.0000000000,28
4500,104,0.0206494770,54827568.0000000000,13
4500,105,0.0206090390,54827568.0000000000,12
4500,106,0.0206185030,54827568.0000000000,34
4500,107,0.0205529150,54827568.0000000000,35
4500,108,0.0206136720,54827568.0000000000,34
4500,109,0.0206662590,54827568.0000000000,30
4500,110,0.0206455020,54827568.0000000000,26
4500,111,0.0206338390,54827568.0000000000,20
4500,112,0.0206444840,54827568.0000000000,35
4500,113,0.0206404740,54827568.0000000000,6
4500,114,0.0207331620,54827568.0000000000,5
4500,115,0.0206136220,54827568.0000000000,17
4500,116,0.0205981610,54827568.0000000000,21
4500,117,0.0179456230,47074864.0000000000,5
4500,118,0.0179353640,47074864.0000000000,5
4500,119,0.0178519720,47074864.0000000000,7
4500,120,0.0178364770,47074864.0000000000,19
4500,121,0.0178515560,47074864.0000000000,13
4500,122,0.0178727250,47074864.0000000000,28
4500,123,0.0178057280,47074864.0000000000,11
4500,124,0.0179151200,47074864.0000000000,3
4500,125,0.0178430350,47074864.0000000000,4
4500,126,0.0178558860,47074864.0000000000,8
4500,127,0.0178269970,47074864.0000000000,9
4500,128,0.0178131640,47074864.0000000000,10
4500,129,0.0178436650,47074864.0000000000,4
4500,130,0.0178693600,47074864.0000000000,2
4500,131,0.0178389720,47074864.0000000000,16
4500,132,0.0178370370,47074864.0000000000,21
4500,133,0.0178460070,47074864.0000000000,8
4500,134,0.0178285330,47074864.0000000000,16
4500,135,0.0178092760,47074864.0000000000,17
4500,136,0.0178670650,47074864.0000000000,31
4500,137,0.0178566430,47074864.0000000000,30
4500,138,0.0178773470,47074864.0000000000,2
4500,139,0.0178510350,47074864.0000000000,13
4500,140,0.0178288630,47074864.0000000000,22
4500,141,0.0179010830,47074864.0000000000,3
4500,142,0.0178051660,47074864.0000000000,26
4500,143,0.0178207860,47074864.0000000000,12
4500,144,0.0178166690,47074864.0000000000,20
4500,145,0.0178852070,47074864.0000000000,7
4500,146,0.0177782130,47074864.0000000000,11
4500,147,0.0178272670,47074864.0000000000,14
4500,148,0.0178097660,47074864.0000000000,10
4500,149,0.0178333450,47074864.0000000000,6
4500,150,0.0178318220,47074864.0000000000,6
4500,151,0.0178072390,47074864.0000000000,12
4500,152,0.0178178600,47074864.0000000000,9
4550,0,4.5450592096,224347360.0000000000,18
4550,1,4.3412762298,217328624.0000000000,15
4550,2,4.2697223218,213443696.0000000000,24
4550,3,4.2042926108,212036112.0000000000,25
4550,4,4.1457933402,211994304.0000000000,27
4550,5,4.2298075172,212119648.0000000000,23
4550,6,4.6352572220,223799216.0000000000,29
4550,7,9.8134694344,368166560.0000000000,20
4550,8,9.9091525192,376837648.0000000000,0
4550,9,13.5595358566,517841616.0000000000,9
4550,10,11.2481649191,445594640.0000000000,22
4550,11,9.8779016891,407371152.0000000000,18
4550,12,9.4417978743,393405104.0000000000,1
4550,13,9.3870329432,390769520.0000000000,0
4550,14,9.5099249651,395199616.0000000000,29
4550,15,10.5511065042,425776736.0000000000,28
4550,16,11.5990512719,454748768.0000000000,16
4550,17,9.4025550057,404813312.0000000000,1
4550,18,10.4162849248,441544624.0000000000,8
4550,19,12.2219783865,483271808.0000000000,6
4550,20,12.6767178707,490382912.0000000000,14
4550,21,11.4099567526,458722288.0000000000,7
4550,22,11.3798883853,457294784.0000000000,13
4550,23,11.4119443775,458864592.0000000000,31
4550,24,12.6286824227,488156528.0000000000,21
4550,25,10.7043226447,445458256.0000000000,32
4550,26,10.2168336780,435984688.0000000000,23
4550,27,10.2252827735,435946096.0000000000,12
4550,28,10.2228976272,436509424.0000000000,25
4550,29,11.3670078672,466447056.0000000000,33
4550,30,12.8686713714,505474688.0000000000,19
4550,31,12.9380904281,512587584.0000000000,17
4550,32,12.6764397856,499725616.0000000000,26
4550,33,10.5822228093,445239184.0000000000,10
4550,34,10.2234041143,436508176.0000000000,11
4550,35,10.2214307478,436034240.0000000000,27
4550,36,10.1860842350,434462832.0000000000,15
4550,37,10.2498076020,436477664.0000000000,4
4550,38,10.2420976839,436552176.0000000000,35
4550,39,10.2386930091,436496768.0000000000,34
4550,40,10.2542141837,436491200.0000000000,3
4550,41,10.2423709886,436519120.0000000000,30
4550,42,10.2507379961,436529664.0000000000,2
4550,43,10.2540952549,436434640.0000000000,5
4550,44,10.1808692546,434444592.0000000000,24
4550,45,2.6530272247,131659200.0000000000,3
4550,46,2.6558644707,132163488.0000000000,4
4550,47,2.6547522734,132121376.0000000000,8
4550,48,2.6560815688,132145472.0000000000,12
4550,49,2.6544508870,132129152.0000000000,30
4550,50,2.6542408509,132159824.0000000000,11
4550,51,2.6530656309,132137856.0000000000,10
4550,52,2.6578383375,132147696.0000000000,2
4550,53,2.6520214589,131666128.0000000000,5
4550,54,0.6745541146,54827568.0000000000,16
4550,55,0.6737742144,54827568.0000000000,35
4550,56,0.6741913099,54827568.0000000000,33
4550,57,0.6735302443,54827568.0000000000,35
4550,58,0.6746362310,54827568.0000000000,19
4550,59,0.6744963102,54827568.0000000000,14
4550,60,0.6728784525,54827568.0000000000,21
4550,61,0.6754026107,54827568.0000000000,2
4550,62,0.6738646059,54827568.0000000000,34
4550,63,0.6742957396,54827568.0000000000,19
4550,64,0.6751331496,54827568.0000000000,32
4550,65,0.6732706123,54827568.0000000000,26
4550,66,0.6726891895,54827568.0000000000,22
4550,67,0.6741347249,54827568.0000000000,31
4550,68,0.6740471673,54827568.0000000000,33
4550,69,0.6741173467,54827568.0000000000,16
4550,70,0.6725117906,54827568.0000000000,17
4550,71,0.6745071845,54827568.0000000000,6
4550,72,0.6731929692,54827568.0000000000,35
4550,73,0.6741245436,54827568.0000000000,13
4550,74,0.6744558533,54827568.0000000000,16
4550,75,0.6727860127,54827568.0000000000,22
4550,76,0.6737828996,54827568.0000000000,4
4550,77,0.6734292483,54827568.0000000000,34
4550,78,0.6741081865,54827568.0000000000,33
4550,79,0.6733538425,54827568.0000000000,13
4550,80,0.6733866724,54827568.0000000000,22
4550,81,0.6737547389,54827568.0000000000,6
4550,82,0.6746306377,54827568.0000000000,20
4550,83,0.6738884053,54827568.0000000000,31
4550,84,0.6747770123,54827568.0000000000,32
4550,85,0.6751221087,54827568.0000000000,7
4550,86,0.6749810856,54827568.0000000000,32
4550,87,0.6747057700,54827568.0000000000,7
4550,88,0.6751606953,54827568.0000000000,28
4550,89,0.6732163131,54827568.0000000000,11
4550,90,0.6742371080,54827568.0000000000,19
4550,91,0.6746519718,54827568.0000000000,32
4550,92,0.6740897481,54827568.0000000000,33
4550,93,0.6738933327,54827568.0000000000,33
4550,94,0.6750022761,54827568.0000000000,8
4550,95,0.6751071671,54827568.0000000000,28
4550,96,0.6745496794,54827568.0000000000,20
4550,97,0.6734257619,54827568.0000000000,26
4550,98,0.6730744108,54827568.0000000000,10
4550,99,0.6750972378,54827568.0000000000,28
4550,100,0.6769070475,54827568.0000000000,3
4550,101,0.6746056299,54827568.0000000000,32
4550,102,0.6733273595,54827568.0000000000,34
4550,103,0.6749317782,54827568.0000000000,28
4550,104,0.6740763934,54827568.0000000000,13
4550,105,0.6733728894,54827568.0000000000,12
4550,106,0.6737065430,54827568.0000000000,34
4550,107,0.6731277962,54827568.0000000000,35
4550,108,0.6735738479,54827568.0000000000,34
4550,109,0.6744617629,54827568.0000000000,30
4550,110,0.6733110826,54827568.0000000000,26
4550,111,0.6745591133,54827568.0000000000,20
4550,112,0.6736046434,54827568.0000000000,35
4550,113,0.6736160449,54827568.0000000000,6
4550,114,0.6751689586,54827568.0000000000,5
4550,115,0.6727922792,54827568.0000000000,17
4550,116,0.6727461438,54827568.0000000000,21
4550,117,0.5858491985,47074864.0000000000,5
4550,118,0.5857331762,47074864.0000000000,5
4550,119,0.5840694688,47074864.0000000000,7
4550,120,0.5826987947,47074864.0000000000,19
4550,121,0.5830849217,47074864.0000000000,13
4550,122,0.5834101862,47074864.0000000000,28
4550,123,0.5818179498,47074864.0000000000,11
4550,124,0.5852495977,47074864.0000000000,3
4550,125,0.5830108346,47074864.0000000000,4
4550,126,0.5831698676,47074864.0000000000,8
4550,127,0.5816207517,47074864.0000000000,9
4550,128,0.5826689964,47074864.0000000000,10
4550,129,0.5830303165,47074864.0000000000,4
4550,130,0.5836515776,47074864.0000000000,2
4550,131,0.5829193753,47074864.0000000000,16
4550,132,0.5812988754,47074864.0000000000,21
4550,133,0.5832106269,47074864.0000000000,8
4550,134,0.5830042284,47074864.0000000000,16
4550,135,0.5813744427,47074864.0000000000,17
4550,136,0.5826701244,47074864.0000000000,31
4550,137,0.5832451070,47074864.0000000000,30
4550,138,0.5835112415,47074864.0000000000,2
4550,139,0.5831107814,47074864.0000000000,13
4550,140,0.5812215910,47074864.0000000000,22
4550,141,0.5852904231,47074864.0000000000,3
4550,142,0.5817657009,47074864.0000000000,26
4550,143,0.5824377220,47074864.0000000000,12
4550,144,0.5826594378,47074864.0000000000,20
4550,145,0.5841310834,47074864.0000000000,7
4550,146,0.5817559084,47074864.0000000000,11
4550,147,0.5834360455,47074864.0000000000,14
4550,148,0.5823421976,47074864.0000000000,10
4550,149,0.5834253607,47074864.0000000000,6
4550,150,0.5833061288,47074864.0000000000,6
4550,151,0.5822397440,47074864.0000000000,12
4550,152,0.5816350076,47074864.0000000000,9
4600,0,0.1388524610,223334880.0000000000,18
4600,1,0.1330173500,216970160.0000000000,15
4600,2,0.1315160840,213444608.0000000000,24
4600,3,0.1302984350,212052624.0000000000,25
4600,4,0.1287459700,212028928.0000000000,27
4600,5,0.1309826370,212099344.0000000000,23
4600,6,0.1435957310,223378976.0000000000,29
4600,7,0.2968182110,362824080.0000000000,20
4600,8,0.3094065270,377251856.0000000000,0
4600,9,0.4180924020,515573952.0000000000,9
4600,10,0.3457287530,443144256.0000000000,22
4600,11,0.3058372740,406654128.0000000000,18
4600,12,0.2930659570,393116624.0000000000,1
4600,13,0.2918647730,390366432.0000000000,0
4600,14,0.2950048190,394879840.0000000000,29
4600,15,0.3273915480,425179104.0000000000,28
4600,16,0.3604272330,454376576.0000000000,16
4600,17,0.2917010960,404879536.0000000000,1
4600,18,0.3286192300,444161008.0000000000,8
4600,19,0.3846577960,485515392.0000000000,6
4600,20,0.3871363770,485756784.0000000000,14
4600,21,0.3543077510,458026272.0000000000,7
4600,22,0.3537468250,456845952.0000000000,13
4600,23,0.3540092680,458084976.0000000000,31
4600,24,0.3912915130,486969456.0000000000,21
4600,25,0.3360325360,446772352.0000000000,32
4600,26,0.3175209240,435966384.0000000000,23
4600,27,0.3180054900,435916608.0000000000,12
4600,28,0.3179674650,436544400.0000000000,25
4600,29,0.3621573340,471617648.0000000000,33
4600,30,0.4021513090,506091136.0000000000,19
4600,31,0.4039579670,513121376.0000000000,17
4600,32,0.3961841690,500545008.0000000000,26
4600,33,0.3324643810,447011696.0000000000,10
4600,34,0.3177777700,436509152.0000000000,11
4600,35,0.3177242030,436019904.0000000000,27
4600,36,0.3164635040,434433600.0000000000,15
4600,37,0.3183613730,436475952.0000000000,4
4600,38,0.3181863490,436546368.0000000000,35
4600,39,0.3182924030,436493440.0000000000,34
4600,40,0.3188517430,436493904.0000000000,3
4600,41,0.3181256530,436518368.0000000000,30
4600,42,0.3185349610,436526384.0000000000,2
4600,43,0.3186683450,436430816.0000000000,5
4600,44,0.3163970820,434417008.0000000000,24
4600,45,0.0820756610,131654256.0000000000,3
4600,46,0.0823287720,132165584.0000000000,4
4600,47,0.0821914290,132122384.0000000000,8
4600,48,0.0823562580,132144512.0000000000,12
4600,49,0.0822756280,132131216.0000000000,30
4600,50,0.0823052580,132160816.0000000000,11
4600,51,0.0821583260,132134960.0000000000,10
4600,52,0.0823410340,132150944.0000000000,2
4600,53,0.0822515620,131662224.0000000000,5
4600,54,0.0206658720,54827568.0000000000,16
4600,55,0.0206795910,54827568.0000000000,35
4600,56,0.0206455040,54827568.0000000000,33
4600,57,0.0206196740,54827568.0000000000,35
4600,58,0.0206149740,54827568.0000000000,19
4600,59,0.0206412810,54827568.0000000000,14
4600,60,0.0206355830,54827568.0000000000,21
4600,61,0.0207138270,54827568.0000000000,2
4600,62,0.0205978150,54827568.0000000000,34
4600,63,0.0206027930,54827568.0000000000,19
4600,64,0.0206320100,54827568.0000000000,32
4600,65,0.0206204010,54827568.0000000000,26
4600,66,0.0206685160,54827568.0000000000,22
4600,67,0.0206245080,54827568.0000000000,31
4600,68,0.0205688940,54827568.0000000000,33
4600,69,0.0206151860,54827568.0000000000,16
4600,70,0.0205198310,54827568.0000000000,17
4600,71,0.0206659890,54827568.0000000000,6
4600,72,0.0206398750,54827568.0000000000,35
4600,73,0.0206302510,54827568.0000000000,13
4600,74,0.0206517260,54827568.0000000000,16
4600,75,0.0206570250,54827568.0000000000,22
4600,76,0.0206453700,54827568.0000000000,4
4600,77,0.0206321480,54827568.0000000000,34
4600,78,0.0206438230,54827568.0000000000,33
4600,79,0.0206575550,54827568.0000000000,13
4600,80,0.0206218990,54827568.0000000000,22
4600,81,0.0206704670,54827568.0000000000,6
4600,82,0.0207433320,54827568.0000000000,20
4600,83,0.0206309800,54827568.0000000000,31
4600,84,0.0207250790,54827568.0000000000,32
4600,85,0.0206762690,54827568.0000000000,7
4600,86,0.0207169740,54827568.0000000000,32
4600,87,0.0206080670,54827568.0000000000,7
4600,88,0.0206275630,54827568.0000000000,28
4600,89,0.0206134000,54827568.0000000000,11
4600,90,0.0206399030,54827568.0000000000,19
4600,91,0.0206586490,54827568.0000000000,32
4600,92,0.0206610440,54827568.0000000000,33
4600,93,0.0206598830,54827568.0000000000,33
4600,94,0.0206708490,54827568.0000000000,8
4600,95,0.0206333040,54827568.0000000000,28
4600,96,0.0206605820,54827568.0000000000,20
4600,97,0.0206092690,54827568.0000000000,26
4600,98,0.0206453710,54827568.0000000000,10
4600,99,0.0206551470,54827568.0000000000,28
4600,100,0.0206777490,54827568.0000000000,3
4600,101,0.0206813040,54827568.0000000000,32
4600,102,0.0206455650,54827568.0000000000,34
4600,103,0.0206402470,54827568.0000000000,28
4600,104,0.0206326360,54827568.0000000000,13
4600,105,0.0206534360,54827568.0000000000,12
4600,106,0.0205961100,54827568.0000000000,34
4600,107,0.0205939450,54827568.0000000000,35
4600,108,0.0207002420,54827568.0000000000,34
4600,109,0.0206926990,54827568.0000000000,30
4600,110,0.0206179970,54827568.0000000000,26
4600,111,0.0206464130,54827568.0000000000,20
4600,112,0.0205869640,54827568.0000000000,35
4600,113,0.0207041640,54827568.0000000000,6
4600,114,0.0206424650,54827568.0000000000,5
4600,115,0.0205763820,54827568.0000000000,17
4600,116,0.0205732210,54827568.0000000000,21
4600,117,0.0179035720,47074864.0000000000,5
4600,118,0.0179502080,47074864.0000000000,5
4600,119,0.0178629000,47074864.0000000000,7
4600,120,0.0178443520,47074864.0000000000,19
4600,121,0.0178652400,47074864.0000000000,13
4600,122,0.0178677350,47074864.0000000000,28
4600,123,0.0178079140,47074864.0000000000,11
4600,124,0.0179234370,47074864.0000000000,3
4600,125,0.0178484950,47074864.0000000000,4
4600,126,0.0178465990,47074864.0000000000,8
4600,127,0.0178194740,47074864.0000000000,9
4600,128,0.0178220180,47074864.0000000000,10
4600,129,0.0178681230,47074864.0000000000,4
4600,130,0.0178517190,47074864.0000000000,2
4600,131,0.0178787590,47074864.0000000000,16
4600,132,0.0177620010,47074864.0000000000,21
4600,133,0.0178479300,47074864.0000000000,8
4600,134,0.0178764150,47074864.0000000000,16
4600,135,0.0178028310,47074864.0000000000,17
4600,136,0.0178368340,47074864.0000000000,31
4600,137,0.0178504320,47074864.0000000000,30
4600,138,0.0178686300,47074864.0000000000,2
4600,139,0.0178318650,47074864.0000000000,13
4600,140,0.0178112970,47074864.0000000000,22
4600,141,0.0178887800,47074864.0000000000,3
4600,142,0.0178243940,47074864.0000000000,26
4600,143,0.0178287290,47074864.0000000000,12
4600,144,0.0178266280,47074864.0000000000,20
4600,145,0.0178856860,47074864.0000000000,7
4600,146,0.0178090350,47074864.0000000000,11
4600,147,0.0178526260,47074864.0000000000,14
4600,148,0.0178567950,47074864.0000000000,10
4600,149,0.0178367590,47074864.0000000000,6
4600,150,0.0178501050,47074864.0000000000,6
4600,151,0.0178430070,47074864.0000000000,12
4600,152,0.0178028030,47074864.0000000000,9
4650,0,4.4690358670,222551472.0000000000,18
4650,1,4.2890793748,216786448.0000000000,15
4650,2,4.2296177183,213412144.0000000000,24
4650,3,4.2022646570,212102464.0000000000,25
4650,4,4.1457245509,212076080.0000000000,27
4650,5,4.2234165303,212103504.0000000000,23
4650,6,4.6167051170,223096320.0000000000,29
4650,7,9.4408260513,357921456.0000000000,20
4650,8,9.9419475297,376964000.0000000000,0
4650,9,13.4323125595,514647328.0000000000,9
4650,10,11.0776198029,441590944.0000000000,22
4650,11,9.8015829945,405689104.0000000000,18
4650,12,9.4133317992,392500064.0000000000,1
4650,13,9.3637642389,389816592.0000000000,0
4650,14,9.4808675440,394563440.0000000000,29
4650,15,10.4956361519,424203872.0000000000,28
4650,16,11.5730727175,453827424.0000000000,16
4650,17,9.3938625666,404869936.0000000000,1
4650,18,10.6176519054,445803104.0000000000,8
4650,19,12.3968160218,486681760.0000000000,6
4650,20,12.3201848360,480789280.0000000000,14
4650,21,11.3810533813,457822976.0000000000,7
4650,22,11.3619933307,456514880.0000000000,13
4650,23,11.3522323265,457104848.0000000000,31
4650,24,12.5437475501,485739936.0000000000,21
4650,25,10.8378387031,447931664.0000000000,32
4650,26,10.2182156754,435941472.0000000000,23
4650,27,10.2258970176,435896784.0000000000,12
4650,28,10.2420837197,436849936.0000000000,25
4650,29,11.7793582676,477118976.0000000000,33
4650,30,12.9365690870,506620896.0000000000,19
4650,31,13.0030027880,513768064.0000000000,17
4650,32,12.7709192953,501789664.0000000000,26
4650,33,10.7359410960,448719920.0000000000,10
4650,34,10.2237244926,436510688.0000000000,11
4650,35,10.2213720688,436001504.0000000000,27
4650,36,10.1850515492,434407696.0000000000,15
4650,37,10.2489174691,436474112.0000000000,4
4650,38,10.2416509191,436546272.0000000000,35
4650,39,10.2392187952,436493904.0000000000,34
4650,40,10.2542798463,436490576.0000000000,3
4650,41,10.2414748684,436524016.0000000000,30
4650,42,10.2517221021,436526256.0000000000,2
4650,43,10.2542824910,436426048.0000000000,5
4650,44,10.1802545827,434393152.0000000000,24
4650,45,2.6522879870,131652832.0000000000,3
4650,46,2.6563551152,132166752.0000000000,4
4650,47,2.6551194494,132121792.0000000000,8
4650,48,2.6556168761,132144256.0000000000,12
4650,49,2.6550183636,132131952.0000000000,30
4650,50,2.6541709356,132162288.0000000000,11
4650,51,2.6540283774,132138432.0000000000,10
4650,52,2.6574997610,132148912.0000000000,2
4650,53,2.6514299776,131661712.0000000000,5
4650,54,0.6741228986,54827568.0000000000,16
4650,55,0.6734857617,54827568.0000000000,35
4650,56,0.6743310392,54827568.0000000000,33
4650,57,0.6733775997,54827568.0000000000,35
4650,58,0.6744077079,54827568.0000000000,19
4650,59,0.6743476876,54827568.0000000000,14
4650,60,0.6729748886,54827568.0000000000,21
4650,61,0.6753113179,54827568.0000000000,2
4650,62,0.6739267733,54827568.0000000000,34
4650,63,0.6738942176,54827568.0000000000,19
4650,64,0.6750912015,54827568.0000000000,32
4650,65,0.6729830435,54827568.0000000000,26
4650,66,0.6732141948,54827568.0000000000,22
4650,67,0.6743464839,54827568.0000000000,31
4650,68,0.6740898866,54827568.0000000000,33
4650,69,0.6743914643,54827568.0000000000,16
4650,70,0.6729293233,54827568.0000000000,17
4650,71,0.6739881480,54827568.0000000000,6
4650,72,0.6732289336,54827568.0000000000,35
4650,73,0.6738712584,54827568.0000000000,13
4650,74,0.6744182092,54827568.0000000000,16
4650,75,0.6726237580,54827568.0000000000,22
4650,76,0.6739497925,54827568.0000000000,4
4650,77,0.6737965354,54827568.0000000000,34
4650,78,0.6740662900,54827568.0000000000,33
4650,79,0.6733024430,54827568.0000000000,13
4650,80,0.6727905129,54827568.0000000000,22
4650,81,0.6740368293,54827568.0000000000,6
4650,82,0.6744466310,54827568.0000000000,20
4650,83,0.6739034964,54827568.0000000000,31
4650,84,0.6745351070,54827568.0000000000,32
4650,85,0.6752140192,54827568.0000000000,7
4650,86,0.6746815530,54827568.0000000000,32
4650,87,0.6751904028,54827568.0000000000,7
4650,88,0.6750949704,54827568.0000000000,28
4650,89,0.6731743489,54827568.0000000000,11
4650,90,0.6745129439,54827568.0000000000,19
4650,91,0.6743673669,54827568.0000000000,32
4650,92,0.6739323848,54827568.0000000000,33
4650,93,0.6740939396,54827568.0000000000,33
4650,94,0.6750614058,54827568.0000000000,8
4650,95,0.6750839484,54827568.0000000000,28
4650,96,0.6744316468,54827568.0000000000,20
4650,97,0.6732065476,54827568.0000000000,26
4650,98,0.6731787446,54827568.0000000000,10
4650,99,0.6751639615,54827568.0000000000,28
4650,100,0.6771177623,54827568.0000000000,3
4650,101,0.6748400942,54827568.0000000000,32
4650,102,0.6739619901,54827568.0000000000,34
4650,103,0.6751743634,54827568.0000000000,28
4650,104,0.6739513134,54827568.0000000000,13
4650,105,0.6736746970,54827568.0000000000,12
4650,106,0.6737679198,54827568.0000000000,34
4650,107,0.6735003865,54827568.0000000000,35
4650,108,0.6737505520,54827568.0000000000,34
4650,109,0.6745527878,54827568.0000000000,30
4650,110,0.6731809583,54827568.0000000000,26
4650,111,0.6739972853,54827568.0000000000,20
4650,112,0.6735104205,54827568.0000000000,35
4650,113,0.6741797699,54827568.0000000000,6
4650,114,0.6751711131,54827568.0000000000,5
4650,115,0.6728516790,54827568.0000000000,17
4650,116,0.6726393968,54827568.0000000000,21
4650,117,0.5858343258,47074864.0000000000,5
4650,118,0.5857954168,47074864.0000000000,5
4650,119,0.5842009004,47074864.0000000000,7
4650,120,0.5826220367,47074864.0000000000,19
4650,121,0.5832774923,47074864.0000000000,13
4650,122,0.5835726137,47074864.0000000000,28
4650,123,0.5816431326,47074864.0000000000,11
4650,124,0.5851157965,47074864.0000000000,3
4650,125,0.5829891260,47074864.0000000000,4
4650,126,0.5830727863,47074864.0000000000,8
4650,127,0.5816376031,47074864.0000000000,9
4650,128,0.5827657682,47074864.0000000000,10
4650,129,0.5829878212,47074864.0000000000,4
4650,130,0.5835454319,47074864.0000000000,2
4650,131,0.5830768417,47074864.0000000000,16
4650,132,0.5814082036,47074864.0000000000,21
4650,133,0.5831397718,47074864.0000000000,8
4650,134,0.5831047375,47074864.0000000000,16
4650,135,0.5814495335,47074864.0000000000,17
4650,136,0.5824712380,47074864.0000000000,31
4650,137,0.5831838712,47074864.0000000000,30
4650,138,0.5833452689,47074864.0000000000,2
4650,139,0.5832017369,47074864.0000000000,13
4650,140,0.5814344027,47074864.0000000000,22
4650,141,0.5851692958,47074864.0000000000,3
4650,142,0.5818307456,47074864.0000000000,26
4650,143,0.5824653525,47074864.0000000000,12
4650,144,0.5824786349,47074864.0000000000,20
4650,145,0.5842686155,47074864.0000000000,7
4650,146,0.5817403628,47074864.0000000000,11
4650,147,0.5833925008,47074864.0000000000,14
4650,148,0.5825035714,47074864.0000000000,10
4650,149,0.5833469299,47074864.0000000000,6
4650,150,0.5830431104,47074864.0000000000,6
4650,151,0.5822007202,47074864.0000000000,12
4650,152,0.5814976038,47074864.0000000000,9
4700,0,0.1384365220,222023152.0000000000,18
4700,1,0.1330557230,216565088.0000000000,15
4700,2,0.1317071840,213361856.0000000000,24
4700,3,0.1301489580,212126624.0000000000,25
4700,4,0.1288702240,212034688.0000000000,27
4700,5,0.1298188990,212038448.0000000000,23
4700,6,0.1417839230,222385680.0000000000,29
4700,7,0.2842854480,351588016.0000000000,20
4700,8,0.3086621350,376538768.0000000000,0
4700,9,0.4170500160,513975840.0000000000,9
4700,10,0.3429035360,440167296.0000000000,22
4700,11,0.3029308520,404625984.0000000000,18
4700,12,0.2924878230,392082912.0000000000,1
4700,13,0.2906055500,389482656.0000000000,0
4700,14,0.2945339910,394084880.0000000000,29
4700,15,0.3262217300,423782960.0000000000,28
4700,16,0.3610493540,453959360.0000000000,16
4700,17,0.2925198680,404786320.0000000000,1
4700,18,0.3326621560,447193440.0000000000,8
4700,19,0.3880654900,487725600.0000000000,6
4700,20,0.3780791930,477546512.0000000000,14
4700,21,0.3540029360,457462400.0000000000,7
4700,22,0.3529859460,455876096.0000000000,13
4700,23,0.3522657130,456378496.0000000000,31
4700,24,0.3880125050,484124240.0000000000,21
4700,25,0.3396406490,449010112.0000000000,32
4700,26,0.3173803700,435925072.0000000000,23
4700,27,0.3178370780,435876064.0000000000,12
4700,28,0.3196800160,437266128.0000000000,25
4700,29,0.3732547630,480520304.0000000000,33
4700,30,0.4035959320,507073152.0000000000,19
4700,31,0.4059390470,514502448.0000000000,17
4700,32,0.3994167260,502714672.0000000000,26
4700,33,0.3372113230,450471936.0000000000,10
4700,34,0.3177835520,436514064.0000000000,11
4700,35,0.3175087490,435982288.0000000000,27
4700,36,0.3165054690,434385456.0000000000,15
4700,37,0.3183369410,436471888.0000000000,4
4700,38,0.3183610590,436544944.0000000000,35
4700,39,0.3181930350,436488080.0000000000,34
4700,40,0.3185941200,436492336.0000000000,3
4700,41,0.3183295260,436528976.0000000000,30
4700,42,0.3183817390,436522896.0000000000,2
4700,43,0.3186165530,436429264.0000000000,5
4700,44,0.3163216820,434364528.0000000000,24
4700,45,0.0821300950,131648800.0000000000,3
4700,46,0.0823083800,132164736.0000000000,4
4700,47,0.0822249050,132121712.0000000000,8
4700,48,0.0822739520,132148816.0000000000,12
4700,49,0.0822150570,132128128.0000000000,30
4700,50,0.0821978810,132158800.0000000000,11
4700,51,0.0822036710,132139264.0000000000,10
4700,52,0.0822589860,132148704.0000000000,2
4700,53,0.0820421930,131656864.0000000000,5
4700,54,0.0207028770,54827568.0000000000,16
4700,55,0.0206091450,54827568.0000000000,35
4700,56,0.0206772370,54827568.0000000000,33
4700,57,0.0205278050,54827568.0000000000,35
4700,58,0.0206499620,54827568.0000000000,19
4700,59,0.0206380960,54827568.0000000000,14
4700,60,0.0205203410,54827568.0000000000,21
4700,61,0.0207134960,54827568.0000000000,2
4700,62,0.0206350240,54827568.0000000000,34
4700,63,0.0206488990,54827568.0000000000,19
4700,64,0.0206519080,54827568.0000000000,32
4700,65,0.0205304370,54827568.0000000000,26
4700,66,0.0205664810,54827568.0000000000,22
4700,67,0.0205933790,54827568.0000000000,31
4700,68,0.0206980250,54827568.0000000000,33
4700,69,0.0206397030,54827568.0000000000,16
4700,70,0.0206165780,54827568.0000000000,17
4700,71,0.0206667010,54827568.0000000000,6
4700,72,0.0206000250,54827568.0000000000,35
4700,73,0.0205189770,54827568.0000000000,13
4700,74,0.0206337320,54827568.0000000000,16
4700,75,0.0206329380,54827568.0000000000,22
4700,76,0.0206048920,54827568.0000000000,4
4700,77,0.0206090340,54827568.0000000000,34
4700,78,0.0207053990,54827568.0000000000,33
4700,79,0.0206003940,54827568.0000000000,13
4700,80,0.0206356930,54827568.0000000000,22
4700,81,0.0206572240,54827568.0000000000,6
4700,82,0.0206189310,54827568.0000000000,20
4700,83,0.0207236980,54827568.0000000000,31
4700,84,0.0206354030,54827568.0000000000,32
4700,85,0.0207304140,54827568.0000000000,7
4700,86,0.0206709010,54827568.0000000000,32
4700,87,0.0206682660,54827568.0000000000,7
4700,88,0.0206514310,54827568.0000000000,28
4700,89,0.0206198240,54827568.0000000000,11
4700,90,0.0206582290,54827568.0000000000,19
4700,91,0.0206722160,54827568.0000000000,32
4700,92,0.0206201550,54827568.0000000000,33
4700,93,0.0206486590,54827568.0000000000,33
4700,94,0.0206652500,54827568.0000000000,8
4700,95,0.0206994340,54827568.0000000000,28
4700,96,0.0206113750,54827568.0000000000,20
4700,97,0.0205950740,54827568.0000000000,26
4700,98,0.0205951840,54827568.0000000000,10
4700,99,0.0206236460,54827568.0000000000,28
4700,100,0.0207329830,54827568.0000000000,3
4700,101,0.0205781730,54827568.0000000000,32
4700,102,0.0206302540,54827568.0000000000,34
4700,103,0.0206315030,54827568.0000000000,28
4700,104,0.0205857020,54827568.0000000000,13
4700,105,0.0205453870,54827568.0000000000,12
4700,106,0.0206331410,54827568.0000000000,34
4700,107,0.0205939950,54827568.0000000000,35
4700,108,0.0206888670,54827568.0000000000,34
4700,109,0.0207273670,54827568.0000000000,30
4700,110,0.0206306210,54827568.0000000000,26
4700,111,0.0206667230,54827568.0000000000,20
4700,112,0.0206773360,54827568.0000000000,35
4700,113,0.0206178380,54827568.0000000000,6
4700,114,0.0206959780,54827568.0000000000,5
4700,115,0.0205783530,54827568.0000000000,17
4700,116,0.0206400790,54827568.0000000000,21
4700,117,0.0179308240,47074864.0000000000,5
4700,118,0.0179397910,47074864.0000000000,5
4700,119,0.0179198110,47074864.0000000000,7
4700,120,0.0178275800,47074864.0000000000,19
4700,121,0.0178972620,47074864.0000000000,13
4700,122,0.0178325280,47074864.0000000000,28
4700,123,0.0178143860,47074864.0000000000,11
4700,124,0.0178794910,47074864.0000000000,3
4700,125,0.0178081670,47074864.0000000000,4
4700,126,0.0178561170,47074864.0000000000,8
4700,127,0.0178254760,47074864.0000000000,9
4700,128,0.0177904300,47074864.0000000000,10
4700,129,0.0178271120,47074864.0000000000,4
4700,130,0.0178834790,47074864.0000000000,2
4700,131,0.0178286230,47074864.0000000000,16
4700,132,0.0178037300,47074864.0000000000,21
4700,133,0.0178515160,47074864.0000000000,8
4700,134,0.0178230690,47074864.0000000000,16
4700,135,0.0178005170,47074864.0000000000,17
4700,136,0.0178522760,47074864.0000000000,31
4700,137,0.0178654410,47074864.0000000000,30
4700,138,0.0179076360,47074864.0000000000,2
4700,139,0.0179041380,47074864.0000000000,13
4700,140,0.0177773300,47074864.0000000000,22
4700,141,0.0179233050,47074864.0000000000,3
4700,142,0.0178096050,47074864.0000000000,26
4700,143,0.0178257050,47074864.0000000000,12
4700,144,0.0178225790,47074864.0000000000,20
4700,145,0.0178878100,47074864.0000000000,7
4700,146,0.0178312580,47074864.0000000000,11
4700,147,0.0178687090,47074864.0000000000,14
4700,148,0.0178453840,47074864.0000000000,10
4700,149,0.0178442040,47074864.0000000000,6
4700,150,0.0178439240,47074864.0000000000,6
4700,151,0.0178245120,47074864.0000000000,12
4700,152,0.0177846070,47074864.0000000000,9
4750,0,4.4528992872,221745536.0000000000,18
4750,1,4.2992698904,216347552.0000000000,15
4750,2,4.2338747741,213263920.0000000000,24
4750,3,4.1987736655,212065072.0000000000,25
4750,4,4.1570666913,211944928.0000000000,27
4750,5,4.1859246819,211950784.0000000000,23
4750,6,4.5659973807,221907328.0000000000,29
4750,7,8.9925053164,344844400.0000000000,20
4750,8,9.9361696682,376522544.0000000000,0
4750,9,13.4003798848,513389264.0000000000,9
4750,10,10.9939472009,438700256.0000000000,22
4750,11,9.7316193638,403945920.0000000000,18
4750,12,9.3997199190,391724640.0000000000,1
4750,13,9.3460735631,389115456.0000000000,0
4750,14,9.4641063050,393822976.0000000000,29
4750,15,10.4903056321,423474672.0000000000,28
4750,16,11.6172748326,454618672.0000000000,16
4750,17,9.4187087825,404701136.0000000000,1
4750,18,10.7394866181,448582272.0000000000,8
4750,19,12.5035431219,488767312.0000000000,6
4750,20,12.0935804829,475187632.0000000000,14
4750,21,11.3705630443,457149408.0000000000,7
4750,22,11.3305022789,455347856.0000000000,13
4750,23,11.3127333780,455840800.0000000000,31
4750,24,12.4287879107,482796816.0000000000,21
4750,25,10.9604426367,450054512.0000000000,32
4750,26,10.2192670244,435910624.0000000000,23
4750,27,10.2249024391,435848144.0000000000,12
4750,28,10.2926912968,437736864.0000000000,25
4750,29,12.0773246637,483337216.0000000000,33
4750,30,12.9937600323,507632032.0000000000,19
4750,31,13.0727327590,515219248.0000000000,17
4750,32,12.8607472167,503440432.0000000000,26
4750,33,10.8964552564,452315568.0000000000,10
4750,34,10.2234673143,436513152.0000000000,11
4750,35,10.2208095205,435967312.0000000000,27
4750,36,10.1855078743,434362080.0000000000,15
4750,37,10.2497460785,436469712.0000000000,4
4750,38,10.2426765222,436548656.0000000000,35
4750,39,10.2389800427,436486704.0000000000,34
4750,40,10.2546874361,436496016.0000000000,3
4750,41,10.2433781810,436527040.0000000000,30
4750,42,10.2506724624,436522208.0000000000,2
4750,43,10.2547343770,436428480.0000000000,5
4750,44,10.1787746127,434337968.0000000000,24
4750,45,2.6523918498,131647456.0000000000,3
4750,46,2.6565433754,132167408.0000000000,4
4750,47,2.6549293772,132118848.0000000000,8
4750,48,2.6554956477,132150832.0000000000,12
4750,49,2.6547195089,132129072.0000000000,30
4750,50,2.6543316303,132157504.0000000000,11
4750,51,2.6538812146,132141696.0000000000,10
4750,52,2.6574778541,132149488.0000000000,2
4750,53,2.6519140510,131651968.0000000000,5
4750,54,0.6748280081,54827568.0000000000,16
4750,55,0.6736140374,54827568.0000000000,35
4750,56,0.6742766734,54827568.0000000000,33
4750,57,0.6730378070,54827568.0000000000,35
4750,58,0.6745802343,54827568.0000000000,19
4750,59,0.6743033108,54827568.0000000000,14
4750,60,0.6728679938,54827568.0000000000,21
4750,61,0.6751824056,54827568.0000000000,2
4750,62,0.6739152187,54827568.0000000000,34
4750,63,0.6742939332,54827568.0000000000,19
4750,64,0.6747481190,54827568.0000000000,32
4750,65,0.6728919579,54827568.0000000000,26
4750,66,0.6726991385,54827568.0000000000,22
4750,67,0.6738835337,54827568.0000000000,31
4750,68,0.6739619764,54827568.0000000000,33
4750,69,0.6743699716,54827568.0000000000,16
4750,70,0.6727920762,54827568.0000000000,17
4750,71,0.6739978487,54827568.0000000000,6
4750,72,0.6732822016,54827568.0000000000,35
4750,73,0.6737046614,54827568.0000000000,13
4750,74,0.6743166240,54827568.0000000000,16
4750,75,0.6732099853,54827568.0000000000,22
4750,76,0.6735133681,54827568.0000000000,4
4750,77,0.6737587920,54827568.0000000000,34
4750,78,0.6742565292,54827568.0000000000,33
4750,79,0.6736704152,54827568.0000000000,13
4750,80,0.6726036233,54827568.0000000000,22
4750,81,0.6739820816,54827568.0000000000,6
4750,82,0.6745879713,54827568.0000000000,20
4750,83,0.6740891413,54827568.0000000000,31
4750,84,0.6747859642,54827568.0000000000,32
4750,85,0.6753654179,54827568.0000000000,7
4750,86,0.6742539098,54827568.0000000000,32
4750,87,0.6747286842,54827568.0000000000,7
4750,88,0.6750367166,54827568.0000000000,28
4750,89,0.6731543522,54827568.0000000000,11
4750,90,0.6744465510,54827568.0000000000,19
4750,91,0.6746368043,54827568.0000000000,32
4750,92,0.6739312285,54827568.0000000000,33
4750,93,0.6738979464,54827568.0000000000,33
4750,94,0.6750358214,54827568.0000000000,8
4750,95,0.6748293435,54827568.0000000000,28
4750,96,0.6747320052,54827568.0000000000,20
4750,97,0.6733907103,54827568.0000000000,26
4750,98,0.6735365755,54827568.0000000000,10
4750,99,0.6748350987,54827568.0000000000,28
4750,100,0.6767012187,54827568.0000000000,3
4750,101,0.6748212229,54827568.0000000000,32
4750,102,0.6736376133,54827568.0000000000,34
4750,103,0.6745803822,54827568.0000000000,28
4750,104,0.6736828396,54827568.0000000000,13
4750,105,0.6733748124,54827568.0000000000,12
4750,106,0.6735463124,54827568.0000000000,34
4750,107,0.6734885144,54827568.0000000000,35
4750,108,0.6732396201,54827568.0000000000,34
4750,109,0.6746399757,54827568.0000000000,30
4750,110,0.6733093480,54827568.0000000000,26
4750,111,0.6741420193,54827568.0000000000,20
4750,112,0.6733521414,54827568.0000000000,35
4750,113,0.6741829054,54827568.0000000000,6
4750,114,0.6753076156,54827568.0000000000,5
4750,115,0.6729164745,54827568.0000000000,17
4750,116,0.6727120924,54827568.0000000000,21
4750,117,0.5859496753,47074864.0000000000,5
4750,118,0.5858141387,47074864.0000000000,5
4750,119,0.5841092983,47074864.0000000000,7
4750,120,0.5827227761,47074864.0000000000,19
4750,121,0.5833922190,47074864.0000000000,13
4750,122,0.5833126460,47074864.0000000000,28
4750,123,0.5817394580,47074864.0000000000,11
4750,124,0.5851642514,47074864.0000000000,3
4750,125,0.5830956923,47074864.0000000000,4
4750,126,0.5831905109,47074864.0000000000,8
4750,127,0.5817580783,47074864.0000000000,9
4750,128,0.5828256711,47074864.0000000000,10
4750,129,0.5829805815,47074864.0000000000,4
4750,130,0.5835737508,47074864.0000000000,2
4750,131,0.5829871831,47074864.0000000000,16
4750,132,0.5812939422,47074864.0000000000,21
4750,133,0.5832257135,47074864.0000000000,8
4750,134,0.5828925109,47074864.0000000000,16
4750,135,0.5813897202,47074864.0000000000,17
4750,136,0.5823173281,47074864.0000000000,31
4750,137,0.5832732931,47074864.0000000000,30
4750,138,0.5834965166,47074864.0000000000,2
4750,139,0.5831956833,47074864.0000000000,13
4750,140,0.5812912748,47074864.0000000000,22
4750,141,0.5852228826,47074864.0000000000,3
4750,142,0.5817961241,47074864.0000000000,26
4750,143,0.5823825749,47074864.0000000000,12
4750,144,0.5824325175,47074864.0000000000,20
4750,145,0.5841326380,47074864.0000000000,7
4750,146,0.5815943441,47074864.0000000000,11
4750,147,0.5834719680,47074864.0000000000,14
4750,148,0.5825403593,47074864.0000000000,10
4750,149,0.5832384423,47074864.0000000000,6
4750,150,0.5832768896,47074864.0000000000,6
4750,151,0.5819769183,47074864.0000000000,12
4750,152,0.5814461941,47074864.0000000000,9
4800,0,0.1375826290,221533792.0000000000,18
4800,1,0.1335291340,216227056.0000000000,15
4800,2,0.1308300430,213150128.0000000000,24
4800,3,0.1302161010,212025024.0000000000,25
4800,4,0.1288906440,211884368.0000000000,27
4800,5,0.1301505370,211875664.0000000000,23
4800,6,0.1416343380,221634992.0000000000,29
4800,7,0.2662706500,336079856.0000000000,20
4800,8,0.3073692460,375194944.0000000000,0
4800,9,0.4153753380,512600912.0000000000,9
4800,10,0.3397864140,437371904.0000000000,22
4800,11,0.3021289590,403495168.0000000000,18
4800,12,0.2922095390,391424336.0000000000,1
4800,13,0.2908893440,388874656.0000000000,0
4800,14,0.2943799180,393278688.0000000000,29
4800,15,0.3260000790,423169072.0000000000,28
4800,16,0.3626581280,454929920.0000000000,16
4800,17,0.2929514050,404662224.0000000000,1
4800,18,0.3363804750,450058128.0000000000,8
4800,19,0.3908929530,489442448.0000000000,6
4800,20,0.3725358010,472820928.0000000000,14
4800,21,0.3535689630,456793856.0000000000,7
4800,22,0.3522108690,454915120.0000000000,13
4800,23,0.3517143310,455558368.0000000000,31
4800,24,0.3844928150,481308400.0000000000,21
4800,25,0.3432271200,451023984.0000000000,32
4800,26,0.3174816650,435889984.0000000000,23
4800,27,0.3177772700,435828864.0000000000,12
4800,28,0.3206896310,438266960.0000000000,25
4800,29,0.3807393050,485719904.0000000000,33
4800,30,0.4055338310,508116880.0000000000,19
4800,31,0.4080989060,515691328.0000000000,17
4800,32,0.4016695800,504040976.0000000000,26
4800,33,0.3426975280,454290688.0000000000,10
4800,34,0.3176169600,436510848.0000000000,11
4800,35,0.3175236870,435949632.0000000000,27
4800,36,0.3164762900,434331600.0000000000,15
4800,37,0.3186689030,436470144.0000000000,4
4800,38,0.3182405540,436554128.0000000000,35
4800,39,0.3181348000,436480528.0000000000,34
4800,40,0.3187104340,436493408.0000000000,3
4800,41,0.3181754110,436523584.0000000000,30
4800,42,0.3185372990,436520832.0000000000,2
4800,43,0.3186078930,436427984.0000000000,5
4800,44,0.3164078940,434314992.0000000000,24
4800,45,0.0821871060,131638960.0000000000,3
4800,46,0.0821596130,132163728.0000000000,4
4800,47,0.0822665540,132117056.0000000000,8
4800,48,0.0821976600,132152736.0000000000,12
4800,49,0.0821766780,132129040.0000000000,30
4800,50,0.0821843550,132161440.0000000000,11
4800,51,0.0822080810,132140160.0000000000,10
4800,52,0.0823200660,132149600.0000000000,2
4800,53,0.0820465640,131645440.0000000000,5
4800,54,0.0206430600,54827568.0000000000,16
4800,55,0.0205996470,54827568.0000000000,35
4800,56,0.0206960320,54827568.0000000000,33
4800,57,0.0205959800,54827568.0000000000,35
4800,58,0.0206186210,54827568.0000000000,19
4800,59,0.0207164680,54827568.0000000000,14
4800,60,0.0206134700,54827568.0000000000,21
4800,61,0.0207033480,54827568.0000000000,2
4800,62,0.0206747010,54827568.0000000000,34
4800,63,0.0206777650,54827568.0000000000,19
4800,64,0.0206225400,54827568.0000000000,32
4800,65,0.0206142200,54827568.0000000000,26
4800,66,0.0205434560,54827568.0000000000,22
4800,67,0.0206399190,54827568.0000000000,31
4800,68,0.0206816440,54827568.0000000000,33
4800,69,0.0206540300,54827568.0000000000,16
4800,70,0.0205938840,54827568.0000000000,17
4800,71,0.0206451580,54827568.0000000000,6
4800,72,0.0206052540,54827568.0000000000,35
4800,73,0.0206377350,54827568.0000000000,13
4800,74,0.0205763990,54827568.0000000000,16
4800,75,0.0205857490,54827568.0000000000,22
4800,76,0.0207050650,54827568.0000000000,4
4800,77,0.0206405830,54827568.0000000000,34
4800,78,0.0205798680,54827568.0000000000,33
4800,79,0.0206536270,54827568.0000000000,13
4800,80,0.0205073440,54827568.0000000000,22
4800,81,0.0205855520,54827568.0000000000,6
4800,82,0.0206813200,54827568.0000000000,20
4800,83,0.0206730730,54827568.0000000000,31
4800,84,0.0206642200,54827568.0000000000,32
4800,85,0.0207034800,54827568.0000000000,7
4800,86,0.0205980410,54827568.0000000000,32
4800,87,0.0206771610,54827568.0000000000,7
4800,88,0.0206449770,54827568.0000000000,28
4800,89,0.0206589170,54827568.0000000000,11
4800,90,0.0206814920,54827568.0000000000,19
4800,91,0.0206431190,54827568.0000000000,32
4800,92,0.0206036940,54827568.0000000000,33
4800,93,0.0206784890,54827568.0000000000,33
4800,94,0.0206110240,54827568.0000000000,8
4800,95,0.0206672510,54827568.0000000000,28
4800,96,0.0206521460,54827568.0000000000,20
4800,97,0.0206238770,54827568.0000000000,26
4800,98,0.0205768180,54827568.0000000000,10
4800,99,0.0207236290,54827568.0000000000,28
4800,100,0.0206708660,54827568.0000000000,3
4800,101,0.0206384390,54827568.0000000000,32
4800,102,0.0206065470,54827568.0000000000,34
4800,103,0.0206324540,54827568.0000000000,28
4800,104,0.0206566610,54827568.0000000000,13
4800,105,0.0206785140,54827568.0000000000,12
4800,106,0.0206294530,54827568.0000000000,34
4800,107,0.0206749900,54827568.0000000000,35
4800,108,0.0206539200,54827568.0000000000,34
4800,109,0.0206382130,54827568.0000000000,30
4800,110,0.0205945990,54827568.0000000000,26
4800,111,0.0206476270,54827568.0000000000,20
4800,112,0.0206209670,54827568.0000000000,35
4800,113,0.0207401840,54827568.0000000000,6
4800,114,0.0206137770,54827568.0000000000,5
4800,115,0.0205508300,54827568.0000000000,17
4800,116,0.0205564780,54827568.0000000000,21
4800,117,0.0179503010,47074864.0000000000,5
4800,118,0.0178989900,47074864.0000000000,5
4800,119,0.0178533220,47074864.0000000000,7
4800,120,0.0178530190,47074864.0000000000,19
4800,121,0.0178296030,47074864.0000000000,13
4800,122,0.0179022830,47074864.0000000000,28
4800,123,0.0178230230,47074864.0000000000,11
4800,124,0.0179146730,47074864.0000000000,3
4800,125,0.0178262500,47074864.0000000000,4
4800,126,0.0178501750,47074864.0000000000,8
4800,127,0.0178041260,47074864.0000000000,9
4800,128,0.0177864130,47074864.0000000000,10
4800,129,0.0178796250,47074864.0000000000,4
4800,130,0.0178869580,47074864.0000000000,2
4800,131,0.0178564440,47074864.0000000000,16
4800,132,0.0177950370,47074864.0000000000,21
4800,133,0.0178587400,47074864.0000000000,8
4800,134,0.0178411640,47074864.0000000000,16
4800,135,0.0177948240,47074864.0000000000,17
4800,136,0.0178225970,47074864.0000000000,31
4800,137,0.0178553790,47074864.0000000000,30
4800,138,0.0178640320,47074864.0000000000,2
4800,139,0.0178622560,47074864.0000000000,13
4800,140,0.0178161060,47074864.0000000000,22
4800,141,0.0179298410,47074864.0000000000,3
4800,142,0.0177992970,47074864.0000000000,26
4800,143,0.0177998270,47074864.0000000000,12
4800,144,0.0178310060,47074864.0000000000,20
4800,145,0.0179051520,47074864.0000000000,7
4800,146,0.0177910300,47074864.0000000000,11
4800,147,0.0178583870,47074864.0000000000,14
4800,148,0.0178434900,47074864.0000000000,10
4800,149,0.0178560880,47074864.0000000000,6
4800,150,0.0178573810,47074864.0000000000,6
4800,151,0.0178127610,47074864.0000000000,12
4800,152,0.0178027710,47074864.0000000000,9
4850,0,4.4319730322,221436848.0000000000,18
4850,1,4.3000663304,216166992.0000000000,15
4850,2,4.2184724029,213124784.0000000000,24
4850,3,4.1980855328,212017888.0000000000,25
4850,4,4.1642253936,211881616.0000000000,27
4850,5,4.1975050768,211872928.0000000000,23
4850,6,4.5531683794,221630672.0000000000,29
4850,7,8.3761950498,327672976.0000000000,20
4850,8,9.7433752292,368696640.0000000000,0
4850,9,13.3311131651,511834496.0000000000,9
4850,10,10.8925246114,436316864.0000000000,22
4850,11,9.7155460140,403185120.0000000000,18
4850,12,9.4055658904,391181152.0000000000,1
4850,13,9.3480959425,388569840.0000000000,0
4850,14,9.4708248929,392886464.0000000000,29
4850,15,10.4517658650,422487312.0000000000,28
4850,16,11.6557208623,454878480.0000000000,16
4850,17,9.4159922477,404693056.0000000000,1
4850,18,10.8571829354,451471344.0000000000,8
4850,19,12.5766107559,489854048.0000000000,6
4850,20,11.9221972121,470962528.0000000000,14
4850,21,11.3701530082,456440160.0000000000,7
4850,22,11.3104384701,454486864.0000000000,13
4850,23,11.2931836185,455205168.0000000000,31
4850,24,12.3203262661,480127168.0000000000,21
4850,25,11.0755980636,452264384.0000000000,32
4850,26,10.2194352003,435877616.0000000000,23
4850,27,10.2263222585,435816528.0000000000,12
4850,28,10.3381759876,438837376.0000000000,25
4850,29,12.2888176099,487737360.0000000000,33
4850,30,13.0441282595,508602512.0000000000,19
4850,31,13.1272683184,516228816.0000000000,17
4850,32,12.9294543576,504636704.0000000000,26
4850,33,11.0793552992,456156384.0000000000,10
4850,34,10.2264639981,436526592.0000000000,11
4850,35,10.2218461798,435937536.0000000000,27
4850,36,10.1841354875,434306336.0000000000,15
4850,37,10.2685706847,436466336.0000000000,4
4850,38,10.2429785711,436552560.0000000000,35
4850,39,10.2395857426,436483072.0000000000,34
4850,40,10.2549844265,436497024.0000000000,3
4850,41,10.2433479514,436518944.0000000000,30
4850,42,10.2508610659,436520384.0000000000,2
4850,43,10.2748714885,436426800.0000000000,5
4850,44,10.1790185107,434292192.0000000000,24
4850,45,2.6522378128,131638224.0000000000,3
4850,46,2.6584437013,132165488.0000000000,4
4850,47,2.6552328883,132119712.0000000000,8
4850,48,2.6560109038,132152800.0000000000,12
4850,49,2.6547468029,132125840.0000000000,30
4850,50,2.6536680001,132163712.0000000000,11
4850,51,2.6535157212,132144784.0000000000,10
4850,52,2.6577790686,132150896.0000000000,2
4850,53,2.6531243401,131641552.0000000000,5
4850,54,0.6744416201,54827568.0000000000,16
4850,55,0.6735795811,54827568.0000000000,35
4850,56,0.6739614038,54827568.0000000000,33
4850,57,0.6733473355,54827568.0000000000,35
4850,58,0.6746162617,54827568.0000000000,19
4850,59,0.6740802894,54827568.0000000000,14
4850,60,0.6726306950,54827568.0000000000,21
4850,61,0.6757809112,54827568.0000000000,2
4850,62,0.6737434810,54827568.0000000000,34
4850,63,0.6740179814,54827568.0000000000,19
4850,64,0.6748242553,54827568.0000000000,32
4850,65,0.6732743750,54827568.0000000000,26
4850,66,0.6727494742,54827568.0000000000,22
4850,67,0.6740115859,54827568.0000000000,31
4850,68,0.6739541365,54827568.0000000000,33
4850,69,0.6742942773,54827568.0000000000,16
4850,70,0.6729201650,54827568.0000000000,17
4850,71,0.6741779609,54827568.0000000000,6
4850,72,0.6731076128,54827568.0000000000,35
4850,73,0.6737621754,54827568.0000000000,13
4850,74,0.6742500039,54827568.0000000000,16
4850,75,0.6726431089,54827568.0000000000,22
4850,76,0.6735733144,54827568.0000000000,4
4850,77,0.6736592298,54827568.0000000000,34
4850,78,0.6738840469,54827568.0000000000,33
4850,79,0.6736709454,54827568.0000000000,13
4850,80,0.6732687971,54827568.0000000000,22
4850,81,0.6738209828,54827568.0000000000,6
4850,82,0.6746139607,54827568.0000000000,20
4850,83,0.6742233344,54827568.0000000000,31
4850,84,0.6747786959,54827568.0000000000,32
4850,85,0.6751239775,54827568.0000000000,7
4850,86,0.6745861100,54827568.0000000000,32
4850,87,0.6751433421,54827568.0000000000,7
4850,88,0.6750172278,54827568.0000000000,28
4850,89,0.6730603744,54827568.0000000000,11
4850,90,0.6747254627,54827568.0000000000,19
4850,91,0.6744363481,54827568.0000000000,32
4850,92,0.6738951509,54827568.0000000000,33
4850,93,0.6741458720,54827568.0000000000,33
4850,94,0.6749878965,54827568.0000000000,8
4850,95,0.6752962715,54827568.0000000000,28
4850,96,0.6743584170,54827568.0000000000,20
4850,97,0.6728195499,54827568.0000000000,26
4850,98,0.6734833223,54827568.0000000000,10
4850,99,0.6749514591,54827568.0000000000,28
4850,100,0.6770540073,54827568.0000000000,3
4850,101,0.6745696899,54827568.0000000000,32
4850,102,0.6735612740,54827568.0000000000,34
4850,103,0.6748035091,54827568.0000000000,28
4850,104,0.6736480799,54827568.0000000000,13
4850,105,0.6737990376,54827568.0000000000,12
4850,106,0.6738354198,54827568.0000000000,34
4850,107,0.6733773842,54827568.0000000000,35
4850,108,0.6735555659,54827568.0000000000,34
4850,109,0.6745396283,54827568.0000000000,30
4850,110,0.6730581037,54827568.0000000000,26
4850,111,0.6741602583,54827568.0000000000,20
4850,112,0.6734119006,54827568.0000000000,35
4850,113,0.6739250428,54827568.0000000000,6
4850,114,0.6752595095,54827568.0000000000,5
4850,115,0.6726638642,54827568.0000000000,17
4850,116,0.6726885734,54827568.0000000000,21
4850,117,0.5859204483,47074864.0000000000,5
4850,118,0.5858413264,47074864.0000000000,5
4850,119,0.5841910520,47074864.0000000000,7
4850,120,0.5827511874,47074864.0000000000,19
4850,121,0.5833635428,47074864.0000000000,13
4850,122,0.5836202080,47074864.0000000000,28
4850,123,0.5817656509,47074864.0000000000,11
4850,124,0.5852680244,47074864.0000000000,3
4850,125,0.5831208029,47074864.0000000000,4
4850,126,0.5830859286,47074864.0000000000,8
4850,127,0.5815397340,47074864.0000000000,9
4850,128,0.5824653263,47074864.0000000000,10
4850,129,0.5830089566,47074864.0000000000,4
4850,130,0.5833129785,47074864.0000000000,2
4850,131,0.5831404054,47074864.0000000000,16
4850,132,0.5813718268,47074864.0000000000,21
4850,133,0.5830978345,47074864.0000000000,8
4850,134,0.5829214535,47074864.0000000000,16
4850,135,0.5814673178,47074864.0000000000,17
4850,136,0.5824248603,47074864.0000000000,31
4850,137,0.5833016736,47074864.0000000000,30
4850,138,0.5833958997,47074864.0000000000,2
4850,139,0.5831859456,47074864.0000000000,13
4850,140,0.5814800696,47074864.0000000000,22
4850,141,0.5850859001,47074864.0000000000,3
4850,142,0.5818011452,47074864.0000000000,26
4850,143,0.5824097376,47074864.0000000000,12
4850,144,0.5825047336,47074864.0000000000,20
4850,145,0.5840192391,47074864.0000000000,7
4850,146,0.5816425404,47074864.0000000000,11
4850,147,0.5833987257,47074864.0000000000,14
4850,148,0.5824444634,47074864.0000000000,10
4850,149,0.5834629510,47074864.0000000000,6
4850,150,0.5833166680,47074864.0000000000,6
4850,151,0.5821549473,47074864.0000000000,12
4850,152,0.5816189078,47074864.0000000000,9
4900,0,0.1376685750,221512352.0000000000,18
4900,1,0.1332757170,216112832.0000000000,15
4900,2,0.1306502500,213160576.0000000000,24
4900,3,0.1299871310,212049008.0000000000,25
4900,4,0.1294914080,211932240.0000000000,27
4900,5,0.1299072600,211910256.0000000000,23
4900,6,0.1407172210,221596432.0000000000,29
4900,7,0.2523907970,322509680.0000000000,20
4900,8,0.2856048810,356786752.0000000000,0
4900,9,0.4128647420,510948416.0000000000,9
4900,10,0.3371723340,435302448.0000000000,22
4900,11,0.3015284500,402798224.0000000000,18
4900,12,0.2926603750,390853184.0000000000,1
4900,13,0.2905145920,388167984.0000000000,0
4900,14,0.2937475040,392279104.0000000000,29
4900,15,0.3232656470,421556448.0000000000,28
4900,16,0.3621598360,454507312.0000000000,16
4900,17,0.2926259590,404774144.0000000000,1
4900,18,0.3401677530,452926528.0000000000,8
4900,19,0.3923629980,490060688.0000000000,6
4900,20,0.3683102150,469377216.0000000000,14
4900,21,0.3522840640,455548976.0000000000,7
4900,22,0.3515939940,454056560.0000000000,13
4900,23,0.3514112920,454943392.0000000000,31
4900,24,0.3811439260,478837712.0000000000,21
4900,25,0.3472992730,453492240.0000000000,32
4900,26,0.3175676930,435864896.0000000000,23
4900,27,0.3176478930,435791824.0000000000,12
4900,28,0.3226252910,439450912.0000000000,25
4900,29,0.3855991830,489351840.0000000000,33
4900,30,0.4079517630,509641872.0000000000,19
4900,31,0.4100971880,516755216.0000000000,17
4900,32,0.4035375370,505190208.0000000000,26
4900,33,0.3484367580,457955104.0000000000,10
4900,34,0.3180834530,436574416.0000000000,11
4900,35,0.3178703610,435921728.0000000000,27
4900,36,0.3163130080,434282336.0000000000,15
4900,37,0.3185591410,436468160.0000000000,4
4900,38,0.3183445910,436546384.0000000000,35
4900,39,0.3181471160,436481088.0000000000,34
4900,40,0.3186832130,436496032.0000000000,3
4900,41,0.3182441020,436520176.0000000000,30
4900,42,0.3185208750,436519664.0000000000,2
4900,43,0.3185952390,436422000.0000000000,5
4900,44,0.3162248320,434266496.0000000000,24
4900,45,0.0821622810,131635360.0000000000,3
4900,46,0.0823394100,132167664.0000000000,4
4900,47,0.0821367140,132121824.0000000000,8
4900,48,0.0822900420,132154080.0000000000,12
4900,49,0.0823776140,132129168.0000000000,30
4900,50,0.0823121030,132159248.0000000000,11
4900,51,0.0822319970,132144688.0000000000,10
4900,52,0.0824793150,132154032.0000000000,2
4900,53,0.0821152130,131634736.0000000000,5
4900,54,0.0206435700,54827568.0000000000,16
4900,55,0.0206119990,54827568.0000000000,35
4900,56,0.0206523560,54827568.0000000000,33
4900,57,0.0206392320,54827568.0000000000,35
4900,58,0.0206440510,54827568.0000000000,19
4900,59,0.0205922810,54827568.0000000000,14
4900,60,0.0206118470,54827568.0000000000,21
4900,61,0.0207002710,54827568.0000000000,2
4900,62,0.0206320490,54827568.0000000000,34
4900,63,0.0205971700,54827568.0000000000,19
4900,64,0.0206755320,54827568.0000000000,32
4900,65,0.0205924580,54827568.0000000000,26
4900,66,0.0206257640,54827568.0000000000,22
4900,67,0.0206655340,54827568.0000000000,31
4900,68,0.0205913400,54827568.0000000000,33
4900,69,0.0206064880,54827568.0000000000,16
4900,70,0.0206263280,54827568.0000000000,17
4900,71,0.0205749830,54827568.0000000000,6
4900,72,0.0205602190,54827568.0000000000,35
4900,73,0.0206526050,54827568.0000000000,13
4900,74,0.0206131720,54827568.0000000000,16
4900,75,0.0205665300,54827568.0000000000,22
4900,76,0.0207102270,54827568.0000000000,4
4900,77,0.0206269680,54827568.0000000000,34
4900,78,0.0206060690,54827568.0000000000,33
4900,79,0.0206504480,54827568.0000000000,13
4900,80,0.0206085010,54827568.0000000000,22
4900,81,0.0206112330,54827568.0000000000,6
4900,82,0.0206827160,54827568.0000000000,20
4900,83,0.0206765770,54827568.0000000000,31
4900,84,0.0207382030,54827568.0000000000,32
4900,85,0.0206907070,54827568.0000000000,7
4900,86,0.0206351220,54827568.0000000000,32
4900,87,0.0207639390,54827568.0000000000,7
4900,88,0.0206477500,54827568.0000000000,28
4900,89,0.0206263050,54827568.0000000000,11
4900,90,0.0206079990,54827568.0000000000,19
4900,91,0.0206389310,54827568.0000000000,32
4900,92,0.0205966590,54827568.0000000000,33
4900,93,0.0205878910,54827568.0000000000,33
4900,94,0.0206717120,54827568.0000000000,8
4900,95,0.0206946520,54827568.0000000000,28
4900,96,0.0206178280,54827568.0000000000,20
4900,97,0.0206260030,54827568.0000000000,26
4900,98,0.0206263140,54827568.0000000000,10
4900,99,0.0207212420,54827568.0000000000,28
4900,100,0.0207176550,54827568.0000000000,3
4900,101,0.0206312660,54827568.0000000000,32
4900,102,0.0206320680,54827568.0000000000,34
4900,103,0.0206933780,54827568.0000000000,28
4900,104,0.0205923290,54827568.0000000000,13
4900,105,0.0206436880,54827568.0000000000,12
4900,106,0.0206542120,54827568.0000000000,34
4900,107,0.0206246050,54827568.0000000000,35
4900,108,0.0206403230,54827568.0000000000,34
4900,109,0.0206777400,54827568.0000000000,30
4900,110,0.0206187400,54827568.0000000000,26
4900,111,0.0205841540,54827568.0000000000,20
4900,112,0.0206444420,54827568.0000000000,35
4900,113,0.0206206790,54827568.0000000000,6
4900,114,0.0207644900,54827568.0000000000,5
4900,115,0.0205451390,54827568.0000000000,17
4900,116,0.0206226980,54827568.0000000000,21
4900,117,0.0179362020,47074864.0000000000,5
4900,118,0.0179518330,47074864.0000000000,5
4900,119,0.0178948430,47074864.0000000000,7
4900,120,0.0178647600,47074864.0000000000,19
4900,121,0.0178595100,47074864.0000000000,13
4900,122,0.0178250610,47074864.0000000000,28
4900,123,0.0177882140,47074864.0000000000,11
4900,124,0.0178820350,47074864.0000000000,3
4900,125,0.0178342430,47074864.0000000000,4
4900,126,0.0178586130,47074864.0000000000,8
4900,127,0.0177797790,47074864.0000000000,9
4900,128,0.0178442130,47074864.0000000000,10
4900,129,0.0178344040,47074864.0000000000,4
4900,130,0.0178326200,47074864.0000000000,2
4900,131,0.0178549210,47074864.0000000000,16
4900,132,0.0177828820,47074864.0000000000,21
4900,133,0.0178286030,47074864.0000000000,8
4900,134,0.0178457740,47074864.0000000000,16
4900,135,0.0177815090,47074864.0000000000,17
4900,136,0.0178285800,47074864.0000000000,31
4900,137,0.0178591080,47074864.0000000000,30
4900,138,0.0178527520,47074864.0000000000,2
4900,139,0.0178382800,47074864.0000000000,13
4900,140,0.0178104360,47074864.0000000000,22
4900,141,0.0178977370,47074864.0000000000,3
4900,142,0.0178094880,47074864.0000000000,26
4900,143,0.0178059960,47074864.0000000000,12
4900,144,0.0178168370,47074864.0000000000,20
4900,145,0.0178576790,47074864.0000000000,7
4900,146,0.0178184620,47074864.0000000000,11
4900,147,0.0178726080,47074864.0000000000,14
4900,148,0.0178468180,47074864.0000000000,10
4900,149,0.0178617480,47074864.0000000000,6
4900,150,0.0178584820,47074864.0000000000,6
4900,151,0.0178006860,47074864.0000000000,12
4900,152,0.0177988860,47074864.0000000000,9
4950,0,4.4382972575,221676768.0000000000,18
4950,1,4.2978100142,216048048.0000000000,15
4950,2,4.2059834308,213118832.0000000000,24
4950,3,4.1884452867,212061424.0000000000,25
4950,4,4.1606043078,211981584.0000000000,27
4950,5,4.1844287587,211945776.0000000000,23
4950,6,4.5313618093,221518400.0000000000,29
4950,7,8.0665858911,320104416.0000000000,20
4950,8,9.0102041008,348413104.0000000000,0
4950,9,13.2671285495,510035488.0000000000,9
4950,10,10.8269452586,434477920.0000000000,22
4950,11,9.6893435900,402470704.0000000000,18
4950,12,9.3890555093,390438512.0000000000,1
4950,13,9.3267655433,387736160.0000000000,0
4950,14,9.4132414512,391718976.0000000000,29
4950,15,10.3481217885,419757280.0000000000,28
4950,16,11.6166823933,453961088.0000000000,16
4950,17,9.4281994411,404935840.0000000000,1
4950,18,10.9759661735,454403216.0000000000,8
4950,19,12.6156157289,490148400.0000000000,6
4950,20,11.8027898945,468061792.0000000000,14
4950,21,11.3060580396,454932608.0000000000,7
4950,22,11.2912625468,453747792.0000000000,13
4950,23,11.2895611468,454731920.0000000000,31
4950,24,12.2376730939,478398944.0000000000,21
4950,25,11.2067149668,454992480.0000000000,32
4950,26,10.2181386474,435850832.0000000000,23
4950,27,10.2265489155,435767152.0000000000,12
4950,28,10.3998653787,440092784.0000000000,25
4950,29,12.4396893007,490895200.0000000000,33
4950,30,13.1325121787,510416800.0000000000,19
4950,31,13.1908136943,517224944.0000000000,17
4950,32,12.9853841929,505702160.0000000000,26
4950,33,11.2515867685,459613264.0000000000,10
4950,34,10.2356158902,436622464.0000000000,11
4950,35,10.2212607581,435910480.0000000000,27
4950,36,10.1829019403,434258832.0000000000,15
4950,37,10.2506101842,436465856.0000000000,4
4950,38,10.2426706200,436545808.0000000000,35
4950,39,10.2402176480,436481536.0000000000,34
4950,40,10.2543920146,436494416.0000000000,3
4950,41,10.2436774596,436526976.0000000000,30
4950,42,10.2501904100,436516288.0000000000,2
4950,43,10.2550850741,436419184.0000000000,5
4950,44,10.1791300572,434236176.0000000000,24
4950,45,2.6524653847,131631232.0000000000,3
4950,46,2.6572017604,132168176.0000000000,4
4950,47,2.6549435776,132122672.0000000000,8
4950,48,2.6555727787,132151696.0000000000,12
4950,49,2.6552132696,132129008.0000000000,30
4950,50,2.6543402110,132155840.0000000000,11
4950,51,2.6537686549,132146464.0000000000,10
4950,52,2.6575758545,132157424.0000000000,2
4950,53,2.6509984846,131632960.0000000000,5
4950,54,0.6775618549,54827568.0000000000,16
4950,55,0.6733513408,54827568.0000000000,35
4950,56,0.6743500443,54827568.0000000000,33
4950,57,0.6733848874,54827568.0000000000,35
4950,58,0.6747733720,54827568.0000000000,19
4950,59,0.6742182100,54827568.0000000000,14
4950,60,0.6724691801,54827568.0000000000,21
4950,61,0.6754097122,54827568.0000000000,2
4950,62,0.6738380736,54827568.0000000000,34
4950,63,0.6743436968,54827568.0000000000,19
4950,64,0.6748212095,54827568.0000000000,32
4950,65,0.6733279277,54827568.0000000000,26
4950,66,0.6731829820,54827568.0000000000,22
4950,67,0.6739539558,54827568.0000000000,31
4950,68,0.6742181846,54827568.0000000000,33
4950,69,0.6742325904,54827568.0000000000,16
4950,70,0.6730638130,54827568.0000000000,17
4950,71,0.6738711953,54827568.0000000000,6
4950,72,0.6733730718,54827568.0000000000,35
4950,73,0.6737853716,54827568.0000000000,13
4950,74,0.6744713872,54827568.0000000000,16
4950,75,0.6728523964,54827568.0000000000,22
4950,76,0.6738742783,54827568.0000000000,4
4950,77,0.6734048464,54827568.0000000000,34
4950,78,0.6739845236,54827568.0000000000,33
4950,79,0.6737059365,54827568.0000000000,13
4950,80,0.6731710935,54827568.0000000000,22
4950,81,0.6742327008,54827568.0000000000,6
4950,82,0.6745668165,54827568.0000000000,20
4950,83,0.6741948805,54827568.0000000000,31
4950,84,0.6747355323,54827568.0000000000,32
4950,85,0.6754410221,54827568.0000000000,7
4950,86,0.6747567227,54827568.0000000000,32
4950,87,0.6749997351,54827568.0000000000,7
4950,88,0.6751063831,54827568.0000000000,28
4950,89,0.6730839937,54827568.0000000000,11
4950,90,0.6744671100,54827568.0000000000,19
4950,91,0.6747259512,54827568.0000000000,32
4950,92,0.6738523266,54827568.0000000000,33
4950,93,0.6736125277,54827568.0000000000,33
4950,94,0.6749439078,54827568.0000000000,8
4950,95,0.6752602188,54827568.0000000000,28
4950,96,0.6744284032,54827568.0000000000,20
4950,97,0.6734677585,54827568.0000000000,26
4950,98,0.6737239656,54827568.0000000000,10
4950,99,0.6749737620,54827568.0000000000,28
4950,100,0.6769261013,54827568.0000000000,3
4950,101,0.6747163509,54827568.0000000000,32
4950,102,0.6735029164,54827568.0000000000,34
4950,103,0.6747795451,54827568.0000000000,28
4950,104,0.6736868312,54827568.0000000000,13
4950,105,0.6735775844,54827568.0000000000,12
4950,106,0.6737685750,54827568.0000000000,34
4950,107,0.6730545630,54827568.0000000000,35
4950,108,0.6736394680,54827568.0000000000,34
4950,109,0.6744728248,54827568.0000000000,30
4950,110,0.6730859931,54827568.0000000000,26
4950,111,0.6743563687,54827568.0000000000,20
4950,112,0.6731748878,54827568.0000000000,35
4950,113,0.6739887970,54827568.0000000000,6
4950,114,0.6752745247,54827568.0000000000,5
4950,115,0.6728718841,54827568.0000000000,17
4950,116,0.6728390323,54827568.0000000000,21
4950,117,0.5857954926,47074864.0000000000,5
4950,118,0.5859264608,47074864.0000000000,5
4950,119,0.5841296511,47074864.0000000000,7
4950,120,0.5825534203,47074864.0000000000,19
4950,121,0.5833055088,47074864.0000000000,13
4950,122,0.5833719546,47074864.0000000000,28
4950,123,0.5817417679,47074864.0000000000,11
4950,124,0.5850624138,47074864.0000000000,3
4950,125,0.5830271345,47074864.0000000000,4
4950,126,0.5832400526,47074864.0000000000,8
4950,127,0.5815946216,47074864.0000000000,9
4950,128,0.5826492564,47074864.0000000000,10
4950,129,0.5829056613,47074864.0000000000,4
4950,130,0.5833853791,47074864.0000000000,2
4950,131,0.5840078769,47074864.0000000000,16
4950,132,0.5812984529,47074864.0000000000,21
4950,133,0.5831839341,47074864.0000000000,8
4950,134,0.5827700691,47074864.0000000000,16
4950,135,0.5814112522,47074864.0000000000,17
4950,136,0.5825860330,47074864.0000000000,31
4950,137,0.5832300610,47074864.0000000000,30
4950,138,0.5834456008,47074864.0000000000,2
4950,139,0.5832364895,47074864.0000000000,13
4950,140,0.5815414159,47074864.0000000000,22
4950,141,0.5853960227,47074864.0000000000,3
4950,142,0.5818329213,47074864.0000000000,26
4950,143,0.5824756854,47074864.0000000000,12
4950,144,0.5823148825,47074864.0000000000,20
4950,145,0.5841069631,47074864.0000000000,7
4950,146,0.5816010833,47074864.0000000000,11
4950,147,0.5833943364,47074864.0000000000,14
4950,148,0.5824487751,47074864.0000000000,10
4950,149,0.5834432313,47074864.0000000000,6
4950,150,0.5832941318,47074864.0000000000,6
4950,151,0.5823024843,47074864.0000000000,12
4950,152,0.5816844719,47074864.0000000000,9
