0,0,0.0929182450,89610288.0000000000,25
0,1,0.0282924580,89610288.0000000000,25
0,2,0.0283517630,89610288.0000000000,25
0,3,0.0286914100,89746992.0000000000,25
0,4,0.0915610910,89610288.0000000000,2
0,5,0.0283106410,89610288.0000000000,2
0,6,0.0286926660,89746992.0000000000,2
0,7,0.0923871960,89610288.0000000000,26
0,8,0.0912329460,89610288.0000000000,28
0,9,0.0282739980,89610288.0000000000,28
0,10,0.0287025750,89746992.0000000000,28
0,11,0.0282292720,89610288.0000000000,28
0,12,0.0960776190,78452272.0000000000,20
0,13,0.0263113430,78588976.0000000000,20
0,14,0.0257827740,78452272.0000000000,20
0,15,0.0366461360,153778224.0000000000,25
0,16,0.0367535020,153778224.0000000000,25
0,17,0.0367235340,153778224.0000000000,25
0,18,0.0374697960,154040368.0000000000,25
0,19,0.0366377680,153778224.0000000000,2
0,20,0.0365414520,153778224.0000000000,2
0,21,0.0377454890,154040368.0000000000,26
0,22,0.0369053280,153778224.0000000000,26
0,23,0.0365488030,153778224.0000000000,28
0,24,0.0365938070,153778224.0000000000,28
0,25,0.0374088140,154040368.0000000000,28
0,26,0.0365847650,153778224.0000000000,28
0,27,0.0328512360,134599216.0000000000,20
0,28,0.0939113550,134861360.0000000000,5
0,29,0.0329413990,134599216.0000000000,5
0,30,0.0348474090,153778224.0000000000,25
0,31,0.0348671530,153778224.0000000000,25
0,32,0.0347888800,153778224.0000000000,2
0,33,0.0354380840,154040368.0000000000,2
0,34,0.0348857410,153778224.0000000000,26
0,35,0.0349104300,153778224.0000000000,26
0,36,0.0355574770,154040368.0000000000,26
0,37,0.0348834050,153778224.0000000000,26
0,38,0.0346056090,153778224.0000000000,28
0,39,0.0348765430,153778224.0000000000,20
0,40,0.0355519760,154040368.0000000000,20
0,41,0.0348247930,153778224.0000000000,20
0,42,0.0310671350,134599216.0000000000,5
0,43,0.0317399830,134861360.0000000000,5
0,44,0.0311134740,134599216.0000000000,5
0,45,0.0336750320,153778224.0000000000,2
0,46,0.0336396920,153778224.0000000000,2
0,47,0.0336070690,153778224.0000000000,2
0,48,0.0342830820,154040368.0000000000,2
0,49,0.0338259710,153778224.0000000000,26
0,50,0.0338594180,153778224.0000000000,26
0,51,0.0344813480,154040368.0000000000,26
0,52,0.0968229740,153778224.0000000000,3
0,53,0.0336724490,153778224.0000000000,20
0,54,0.0337648440,153778224.0000000000,20
0,55,0.0344724150,154040368.0000000000,20
0,56,0.0337181190,153778224.0000000000,20
0,57,0.0301508600,134599216.0000000000,5
0,58,0.0307438580,134861360.0000000000,5
0,59,0.0300498420,134599216.0000000000,5
0,60,0.0338922300,153778224.0000000000,3
0,61,0.0337715790,153778224.0000000000,3
0,62,0.0336766160,153778224.0000000000,3
0,63,0.0344125240,154040368.0000000000,3
0,64,0.0999385750,153778224.0000000000,27
0,65,0.0339234320,153778224.0000000000,27
0,66,0.0943207300,154040368.0000000000,4
0,67,0.0339094190,153778224.0000000000,4
0,68,0.0336125530,153778224.0000000000,5
0,69,0.0336393150,153778224.0000000000,5
0,70,0.0968436160,154040368.0000000000,29
0,71,0.0338898170,153778224.0000000000,29
0,72,0.0925714250,134599216.0000000000,15
0,73,0.0310290350,134861360.0000000000,15
0,74,0.0302977430,134599216.0000000000,15
0,75,0.0337746130,153778224.0000000000,3
0,76,0.0337361490,153778224.0000000000,3
0,77,0.0337347060,153778224.0000000000,3
0,78,0.0343585020,154040368.0000000000,3
0,79,0.0337873090,153778224.0000000000,27
0,80,0.0337348670,153778224.0000000000,27
0,81,0.0344334640,154040368.0000000000,4
0,82,0.0337464320,153778224.0000000000,4
0,83,0.0335930510,153778224.0000000000,5
0,84,0.0336408150,153778224.0000000000,5
0,85,0.0344528560,154040368.0000000000,29
0,86,0.0337773200,153778224.0000000000,29
0,87,0.0302003160,134599216.0000000000,15
0,88,0.0308580030,134861360.0000000000,15
0,89,0.0303674260,134599216.0000000000,15
0,90,0.0336535680,153778224.0000000000,3
0,91,0.0336265780,153778224.0000000000,3
0,92,0.0336935970,153778224.0000000000,27
0,93,0.0344207220,154040368.0000000000,27
0,94,0.0337506920,153778224.0000000000,4
0,95,0.0337269780,153778224.0000000000,4
0,96,0.0344352690,154040368.0000000000,4
0,97,0.0338199450,153778224.0000000000,4
0,98,0.0337781710,153778224.0000000000,29
0,99,0.0336975350,153778224.0000000000,29
0,100,0.0343974340,154040368.0000000000,29
0,101,0.0337411200,153778224.0000000000,29
0,102,0.0302219680,134599216.0000000000,15
0,103,0.0309724970,134861360.0000000000,15
0,104,0.0303250670,134599216.0000000000,15
0,105,0.0361652220,153778224.0000000000,27
0,106,0.0361254580,153778224.0000000000,27
0,107,0.0360566450,153778224.0000000000,27
0,108,0.0368879610,154040368.0000000000,27
0,109,0.0362149470,153778224.0000000000,4
0,110,0.0361649430,153778224.0000000000,4
0,111,0.0369030930,154040368.0000000000,4
0,112,0.0361341310,153778224.0000000000,28
0,113,0.0360600200,153778224.0000000000,29
0,114,0.0361962840,153778224.0000000000,29
0,115,0.0369150450,154040368.0000000000,15
0,116,0.0361179290,153778224.0000000000,15
0,117,0.0324247630,134599216.0000000000,15
0,118,0.0927798220,134861360.0000000000,16
0,119,0.0325310830,134599216.0000000000,16
0,120,0.0368146110,153778224.0000000000,16
0,121,0.0367165410,153778224.0000000000,16
0,122,0.0367162290,153778224.0000000000,16
0,123,0.0375260880,154040368.0000000000,16
0,124,0.0995469780,153778224.0000000000,30
0,125,0.0367832750,153778224.0000000000,30
0,126,0.0971357550,154040368.0000000000,6
0,127,0.0367145360,153778224.0000000000,6
0,128,0.0954665720,153778224.0000000000,8
0,129,0.0368220180,153778224.0000000000,8
0,130,0.0374661750,154040368.0000000000,8
0,131,0.0366322530,153778224.0000000000,8
0,132,0.0940251730,134599216.0000000000,18
0,133,0.0339016970,134861360.0000000000,18
0,134,0.0327790330,134599216.0000000000,18
0,135,0.0201718870,33716272.0000000000,16
0,136,0.0201873770,33716272.0000000000,16
0,137,0.0201888460,33716272.0000000000,16
0,138,0.0203411150,33743920.0000000000,16
0,139,0.0201723460,33716272.0000000000,30
0,140,0.0199509700,33716272.0000000000,6
0,141,0.0201408470,33743920.0000000000,6
0,142,0.0200041610,33716272.0000000000,6
0,143,0.0202584880,33716272.0000000000,8
0,144,0.0201295190,33716272.0000000000,8
0,145,0.0202387290,33743920.0000000000,8
0,146,0.0201591420,33716272.0000000000,8
0,147,0.0772708640,29545008.0000000000,39
0,148,0.0186377460,29572656.0000000000,39
0,149,0.0184861810,29545008.0000000000,39
0,150,0.0161393500,19560496.0000000000,16
0,151,0.0161578550,19560496.0000000000,30
0,152,0.0160969130,19560496.0000000000,30
0,153,0.0161959140,19560496.0000000000,30
0,154,0.0160640620,19560496.0000000000,6
0,155,0.0160203380,19560496.0000000000,6
0,156,0.0161035880,19560496.0000000000,6
0,157,0.0160686730,19560496.0000000000,6
0,158,0.0161017630,19560496.0000000000,18
0,159,0.0160904580,19560496.0000000000,18
0,160,0.0162443650,19560496.0000000000,18
0,161,0.0161535380,19560496.0000000000,18
0,162,0.0147199620,17158704.0000000000,39
0,163,0.0147101550,17158704.0000000000,39
0,164,0.0147065470,17158704.0000000000,39
0,165,0.0161078560,19560496.0000000000,30
0,166,0.0161305720,19560496.0000000000,30
0,167,0.0161060340,19560496.0000000000,30
0,168,0.0161532640,19560496.0000000000,30
0,169,0.0160963630,19560496.0000000000,6
0,170,0.0160607050,19560496.0000000000,6
0,171,0.0853492330,19560496.0000000000,31
0,172,0.0161167940,19560496.0000000000,31
0,173,0.0161004480,19560496.0000000000,18
0,174,0.0161141760,19560496.0000000000,18
0,175,0.0162192660,19560496.0000000000,18
0,176,0.0161520560,19560496.0000000000,18
0,177,0.0146515290,17158704.0000000000,39
0,178,0.0146582730,17158704.0000000000,39
0,179,0.0146283450,17158704.0000000000,39
0,180,0.0161575440,19560496.0000000000,31
0,181,0.0161531610,19560496.0000000000,31
0,182,0.0161423220,19560496.0000000000,31
0,183,0.0161952140,19560496.0000000000,31
0,184,0.0827358440,19560496.0000000000,7
0,185,0.0161656000,19560496.0000000000,7
0,186,0.0845740370,19560496.0000000000,32
0,187,0.0161882930,19560496.0000000000,32
0,188,0.0161130690,19560496.0000000000,39
0,189,0.0161214340,19560496.0000000000,39
0,190,0.0834855640,19560496.0000000000,9
0,191,0.0161618750,19560496.0000000000,9
0,192,0.0821633270,17158704.0000000000,33
0,193,0.0147178700,17158704.0000000000,33
0,194,0.0147583160,17158704.0000000000,33
0,195,0.0161641360,19560496.0000000000,31
0,196,0.0161635450,19560496.0000000000,31
0,197,0.0160991000,19560496.0000000000,31
0,198,0.0161838730,19560496.0000000000,31
0,199,0.0161716400,19560496.0000000000,7
0,200,0.0161544060,19560496.0000000000,32
0,201,0.0162364140,19560496.0000000000,32
0,202,0.0161420240,19560496.0000000000,32
0,203,0.0161738350,19560496.0000000000,9
0,204,0.0161228480,19560496.0000000000,9
0,205,0.0161894380,19560496.0000000000,9
0,206,0.0161506010,19560496.0000000000,9
0,207,0.0146758800,17158704.0000000000,33
0,208,0.0146934540,17158704.0000000000,33
0,209,0.0146149490,17158704.0000000000,33
0,210,0.0161720820,19560496.0000000000,7
0,211,0.0161878110,19560496.0000000000,7
0,212,0.0161141590,19560496.0000000000,7
0,213,0.0162029130,19560496.0000000000,7
0,214,0.0161456000,19560496.0000000000,32
0,215,0.0161895140,19560496.0000000000,32
0,216,0.0161914590,19560496.0000000000,32
0,217,0.0161379580,19560496.0000000000,8
0,218,0.0161329160,19560496.0000000000,9
0,219,0.0161421260,19560496.0000000000,9
0,220,0.0161641380,19560496.0000000000,9
0,221,0.0161723030,19560496.0000000000,33
0,222,0.0146646740,17158704.0000000000,33
0,223,0.0147126290,17158704.0000000000,33
0,224,0.0812335330,17158704.0000000000,21
0,225,0.0161623410,19560496.0000000000,7
0,226,0.0161686350,19560496.0000000000,7
0,227,0.0161510010,19560496.0000000000,7
0,228,0.0161570900,19560496.0000000000,7
0,229,0.0161833630,19560496.0000000000,32
0,230,0.0161406220,19560496.0000000000,32
0,231,0.0161850610,19560496.0000000000,8
0,232,0.0160991650,19560496.0000000000,8
0,233,0.0161372570,19560496.0000000000,9
0,234,0.0161390210,19560496.0000000000,9
0,235,0.0161993240,19560496.0000000000,33
0,236,0.0160809480,19560496.0000000000,33
0,237,0.0146766420,17158704.0000000000,21
0,238,0.0146643990,17158704.0000000000,21
0,239,0.0145851260,17158704.0000000000,21
0,240,0.0159801650,19560496.0000000000,21
0,241,0.0160683370,19560496.0000000000,21
0,242,0.0160600520,19560496.0000000000,21
0,243,0.0162376930,19560496.0000000000,21
0,244,0.0841455210,19560496.0000000000,10
0,245,0.0161935160,19560496.0000000000,10
0,246,0.0847375050,19560496.0000000000,34
0,247,0.0161760870,19560496.0000000000,34
0,248,0.0831299990,19560496.0000000000,36
0,249,0.0162405770,19560496.0000000000,36
0,250,0.0162748010,19560496.0000000000,36
0,251,0.0161736680,19560496.0000000000,36
0,252,0.0854565330,17158704.0000000000,14
0,253,0.0808635730,17158704.0000000000,19
0,254,0.0146458320,17158704.0000000000,19
0,255,0.0160763020,19560496.0000000000,21
0,256,0.0169940140,19560496.0000000000,21
0,257,0.0160902400,19560496.0000000000,21
0,258,0.0162438250,19560496.0000000000,10
0,259,0.0162163750,19560496.0000000000,34
0,260,0.0161957670,19560496.0000000000,34
0,261,0.0162560150,19560496.0000000000,34
0,262,0.0161502710,19560496.0000000000,34
0,263,0.0162082250,19560496.0000000000,36
0,264,0.0161980220,19560496.0000000000,36
0,265,0.0167033270,19560496.0000000000,14
0,266,0.0162053450,19560496.0000000000,14
0,267,0.0146503610,17158704.0000000000,19
0,268,0.0147690920,17158704.0000000000,19
0,269,0.0146080270,17158704.0000000000,19
0,270,0.0161884560,19560496.0000000000,10
0,271,0.0161409940,19560496.0000000000,10
0,272,0.0161654500,19560496.0000000000,10
0,273,0.0162009610,19560496.0000000000,10
0,274,0.0161601180,19560496.0000000000,34
0,275,0.0161990930,19560496.0000000000,34
0,276,0.0838512890,19560496.0000000000,11
0,277,0.0161682580,19560496.0000000000,11
0,278,0.0161985790,19560496.0000000000,14
0,279,0.0161341600,19560496.0000000000,14
0,280,0.0161664860,19560496.0000000000,14
0,281,0.0160610460,19560496.0000000000,14
0,282,0.0146474460,17158704.0000000000,19
0,283,0.0146195820,17158704.0000000000,19
0,284,0.0146552780,17158704.0000000000,19
0,285,0.0161855700,19560496.0000000000,10
0,286,0.0161137010,19560496.0000000000,10
0,287,0.0161904500,19560496.0000000000,10
0,288,0.0161830340,19560496.0000000000,10
0,289,0.0161797950,19560496.0000000000,34
0,290,0.0161104130,19560496.0000000000,34
0,291,0.0162123430,19560496.0000000000,11
0,292,0.0161668630,19560496.0000000000,11
0,293,0.0161320220,19560496.0000000000,14
0,294,0.0161519510,19560496.0000000000,14
0,295,0.0161816290,19560496.0000000000,14
0,296,0.0161209700,19560496.0000000000,14
0,297,0.0146735880,17158704.0000000000,19
0,298,0.0146123090,17158704.0000000000,19
0,299,0.0146392760,17158704.0000000000,19
0,300,0.0161579070,19560496.0000000000,11
0,301,0.0161341620,19560496.0000000000,11
0,302,0.0161290910,19560496.0000000000,11
0,303,0.0162105770,19560496.0000000000,11
0,304,0.0847401780,19560496.0000000000,35
0,305,0.0860985550,19560496.0000000000,12
0,306,0.0162458320,19560496.0000000000,12
0,307,0.0162256240,19560496.0000000000,12
0,308,0.0161302850,19560496.0000000000,19
0,309,0.0839309300,19560496.0000000000,37
0,310,0.0161776230,19560496.0000000000,37
0,311,0.0160621890,19560496.0000000000,37
0,312,0.0834565110,17158704.0000000000,0
0,313,0.0148176610,17158704.0000000000,0
0,314,0.0147663130,17158704.0000000000,0
0,315,0.0161921740,19560496.0000000000,11
0,316,0.0161182500,19560496.0000000000,11
0,317,0.0160828840,19560496.0000000000,11
0,318,0.0161734210,19560496.0000000000,35
0,319,0.0161699470,19560496.0000000000,12
0,320,0.0162081720,19560496.0000000000,12
0,321,0.0162120290,19560496.0000000000,12
0,322,0.0161691330,19560496.0000000000,12
0,323,0.0160940010,19560496.0000000000,37
0,324,0.0160417710,19560496.0000000000,37
0,325,0.0160960870,19560496.0000000000,37
0,326,0.0160665880,19560496.0000000000,37
0,327,0.0148436240,17158704.0000000000,0
0,328,0.0147227700,17158704.0000000000,0
0,329,0.0147066690,17158704.0000000000,0
0,330,0.0161737130,19560496.0000000000,35
0,331,0.0161354400,19560496.0000000000,35
0,332,0.0161382780,19560496.0000000000,35
0,333,0.0162132520,19560496.0000000000,35
0,334,0.0161661390,19560496.0000000000,12
0,335,0.0162198130,19560496.0000000000,12
0,336,0.0162938870,19560496.0000000000,36
0,337,0.0161641290,19560496.0000000000,36
0,338,0.0161311030,19560496.0000000000,37
0,339,0.0161089910,19560496.0000000000,37
0,340,0.0162312410,19560496.0000000000,0
0,341,0.0161256570,19560496.0000000000,0
0,342,0.0146573230,17158704.0000000000,0
0,343,0.0824148950,17158704.0000000000,22
0,344,0.0146880620,17158704.0000000000,22
0,345,0.0161210000,19560496.0000000000,35
0,346,0.0161641630,19560496.0000000000,35
0,347,0.0161209420,19560496.0000000000,35
0,348,0.0161799180,19560496.0000000000,35
0,349,0.0161672120,19560496.0000000000,12
0,350,0.0161683920,19560496.0000000000,12
0,351,0.0162194350,19560496.0000000000,36
0,352,0.0161721370,19560496.0000000000,36
0,353,0.0161433760,19560496.0000000000,37
0,354,0.0161938750,19560496.0000000000,0
0,355,0.0162334950,19560496.0000000000,0
0,356,0.0161456150,19560496.0000000000,0
0,357,0.0146622320,17158704.0000000000,22
0,358,0.0146420330,17158704.0000000000,22
0,359,0.0146447790,17158704.0000000000,22
0,360,0.0161831090,19560496.0000000000,22
0,361,0.0161003770,19560496.0000000000,22
0,362,0.0161291340,19560496.0000000000,22
0,363,0.0161040450,19560496.0000000000,22
0,364,0.0868103870,19560496.0000000000,13
0,365,0.0162236870,19560496.0000000000,13
0,366,0.0162614010,19560496.0000000000,13
0,367,0.0161774490,19560496.0000000000,13
0,368,0.0828812690,19560496.0000000000,17
0,369,0.0162540950,19560496.0000000000,17
0,370,0.0162074350,19560496.0000000000,17
0,371,0.0161743290,19560496.0000000000,17
0,372,0.0833974480,17158704.0000000000,23
0,373,0.0147006960,17158704.0000000000,23
0,374,0.0146310730,17158704.0000000000,23
0,375,0.0161727980,19560496.0000000000,22
0,376,0.0160667820,19560496.0000000000,22
0,377,0.0846082690,19560496.0000000000,38
0,378,0.0160758360,19560496.0000000000,38
0,379,0.0162088620,19560496.0000000000,13
0,380,0.0161721390,19560496.0000000000,13
0,381,0.0162310550,19560496.0000000000,13
0,382,0.0161408600,19560496.0000000000,13
0,383,0.0162018530,19560496.0000000000,17
0,384,0.0161899400,19560496.0000000000,17
0,385,0.0162625510,19560496.0000000000,17
0,386,0.0161751510,19560496.0000000000,17
0,387,0.0146327930,17158704.0000000000,23
0,388,0.0146428170,17158704.0000000000,23
0,389,0.0821162640,17158704.0000000000,1
0,390,0.0160847010,19560496.0000000000,38
0,391,0.0161831060,19560496.0000000000,38
0,392,0.0160653960,19560496.0000000000,38
0,393,0.0161244710,19560496.0000000000,38
0,394,0.0162134180,19560496.0000000000,13
0,395,0.0161809270,19560496.0000000000,13
0,396,0.0846350820,19560496.0000000000,24
0,397,0.0162015350,19560496.0000000000,24
0,398,0.0162226330,19560496.0000000000,17
0,399,0.0161928130,19560496.0000000000,17
0,400,0.0162002130,19560496.0000000000,23
0,401,0.0161404950,19560496.0000000000,23
0,402,0.0146416640,17158704.0000000000,1
0,403,0.0145883320,17158704.0000000000,1
0,404,0.0146405730,17158704.0000000000,1
0,405,0.0160603250,19560496.0000000000,38
0,406,0.0161172740,19560496.0000000000,38
0,407,0.0160830020,19560496.0000000000,38
0,408,0.0161918700,19560496.0000000000,38
0,409,0.0161963080,19560496.0000000000,13
0,410,0.0161756490,19560496.0000000000,24
0,411,0.0162002260,19560496.0000000000,24
0,412,0.0162078790,19560496.0000000000,24
0,413,0.0161569580,19560496.0000000000,23
0,414,0.0161518690,19560496.0000000000,23
0,415,0.0161876980,19560496.0000000000,23
0,416,0.0160644710,19560496.0000000000,23
0,417,0.0146399910,17158704.0000000000,1
0,418,0.0145986820,17158704.0000000000,1
0,419,0.0146683240,17158704.0000000000,1
0,420,0.0120604110,14756912.0000000000,24
0,421,0.0120346450,14756912.0000000000,24
0,422,0.0120536790,14756912.0000000000,24
0,423,0.0120812320,14756912.0000000000,24
0,424,0.0120632360,14756912.0000000000,24
0,425,0.0121086130,14756912.0000000000,24
0,426,0.0120724470,14756912.0000000000,24
0,427,0.0120106120,14756912.0000000000,17
0,428,0.0120720960,14756912.0000000000,1
0,429,0.0120691090,14756912.0000000000,1
0,430,0.0121251370,14756912.0000000000,1
0,431,0.0120265080,14756912.0000000000,1
0,432,0.0112715280,12944944.0000000000,1
0,433,0.0113045940,12944944.0000000000,1
0,434,0.0112958680,12944944.0000000000,1
50,0,2.0973960567,89472320.0000000000,25
50,1,2.0631745317,89478320.0000000000,25
50,2,2.0639972163,89478480.0000000000,25
50,3,2.0651810877,89478736.0000000000,25
50,4,2.1011059664,89476624.0000000000,2
50,5,2.0664336393,89480640.0000000000,2
50,6,2.0668019960,89480000.0000000000,2
50,7,2.1012274002,89482224.0000000000,26
50,8,2.1070649510,89479632.0000000000,28
50,9,2.0673093620,89482272.0000000000,28
50,10,2.0672789901,89483584.0000000000,28
50,11,2.0653561683,89477984.0000000000,28
50,12,1.8872081567,78338656.0000000000,20
50,13,1.8482742746,78341616.0000000000,20
50,14,1.8475025947,78333888.0000000000,20
50,15,3.6094831468,153767952.0000000000,25
50,16,3.6100908647,153778080.0000000000,25
50,17,3.6108313922,153780688.0000000000,25
50,18,3.6107415406,153780992.0000000000,25
50,19,3.6110253388,153782624.0000000000,2
50,20,3.6108976927,153777040.0000000000,2
50,21,3.6123817461,153777456.0000000000,26
50,22,3.6112225243,153776880.0000000000,26
50,23,3.6117472453,153779680.0000000000,28
50,24,3.6117991172,153776912.0000000000,28
50,25,3.6115152144,153775792.0000000000,28
50,26,3.6118407335,153786176.0000000000,28
50,27,3.1971728867,134600608.0000000000,20
50,28,3.2212043876,134599792.0000000000,5
50,29,3.1909198169,134589360.0000000000,5
50,30,3.6080625630,153766624.0000000000,25
50,31,3.6084731015,153779744.0000000000,25
50,32,3.6090802276,153778000.0000000000,2
50,33,3.6097093710,153780464.0000000000,2
50,34,3.6097535013,153776656.0000000000,26
50,35,3.6106577286,153774368.0000000000,26
50,36,3.6105020132,153779248.0000000000,26
50,37,3.6101904466,153780480.0000000000,26
50,38,3.6101407812,153776576.0000000000,28
50,39,3.6127467851,153780880.0000000000,20
50,40,3.6128202770,153776992.0000000000,20
50,41,3.6123199181,153776448.0000000000,20
50,42,3.1902960232,134599200.0000000000,5
50,43,3.1903105895,134599728.0000000000,5
50,44,3.1897435271,134587232.0000000000,5
50,45,3.6078844287,153768432.0000000000,2
50,46,3.6082918231,153778400.0000000000,2
50,47,3.6079299231,153779808.0000000000,2
50,48,3.6088584982,153777520.0000000000,2
50,49,3.6094609187,153782000.0000000000,26
50,50,3.6090455209,153777088.0000000000,26
50,51,3.6096966906,153783712.0000000000,26
50,52,3.6378530218,153777232.0000000000,3
50,53,3.6118990033,153778464.0000000000,20
50,54,3.6122468044,153780864.0000000000,20
50,55,3.6121887759,153778976.0000000000,20
50,56,3.6120022969,153777616.0000000000,20
50,57,3.1891973723,134599984.0000000000,5
50,58,3.1897890481,134597440.0000000000,5
50,59,3.1896989654,134590544.0000000000,5
50,60,3.6071686996,153768384.0000000000,3
50,61,3.6073308243,153781584.0000000000,3
50,62,3.6073226033,153778848.0000000000,3
50,63,3.6078409493,153778608.0000000000,3
50,64,3.6403573546,153780336.0000000000,27
50,65,3.6089747435,153780000.0000000000,27
50,66,3.6395496225,153777424.0000000000,4
50,67,3.6103388620,153781248.0000000000,4
50,68,3.6078174292,153778672.0000000000,5
50,69,3.6082975631,153777760.0000000000,5
50,70,3.6402129769,153780032.0000000000,29
50,71,3.6057196766,153780320.0000000000,29
50,72,3.2257401216,134598480.0000000000,15
50,73,3.1964530217,134600672.0000000000,15
50,74,3.1961724451,134591696.0000000000,15
50,75,3.6075815519,153766400.0000000000,3
50,76,3.6070344815,153778784.0000000000,3
50,77,3.6074965548,153777248.0000000000,3
50,78,3.6074537083,153780736.0000000000,3
50,79,3.6089363214,153777760.0000000000,27
50,80,3.6089557630,153777376.0000000000,27
50,81,3.6107776700,153780208.0000000000,4
50,82,3.6105519149,153776544.0000000000,4
50,83,3.6086531450,153778848.0000000000,5
50,84,3.6079444252,153783376.0000000000,5
50,85,3.6058115527,153774688.0000000000,29
50,86,3.6066367205,153780528.0000000000,29
50,87,3.1965167497,134600000.0000000000,15
50,88,3.1966235750,134603024.0000000000,15
50,89,3.1971037053,134586368.0000000000,15
50,90,3.6070104023,153769280.0000000000,3
50,91,3.6082049047,153781200.0000000000,3
50,92,3.6091320759,153777792.0000000000,27
50,93,3.6088611533,153778560.0000000000,27
50,94,3.6099129919,153778064.0000000000,4
50,95,3.6096000199,153779312.0000000000,4
50,96,3.6099308483,153781072.0000000000,4
50,97,3.6100963969,153778976.0000000000,4
50,98,3.6061575746,153781760.0000000000,29
50,99,3.6052765842,153776416.0000000000,29
50,100,3.6064708526,153781200.0000000000,29
50,101,3.6057531423,153777664.0000000000,29
50,102,3.1967723760,134597888.0000000000,15
50,103,3.1975447548,134598736.0000000000,15
50,104,3.1960409266,134591696.0000000000,15
50,105,3.6112136872,153766640.0000000000,27
50,106,3.6098113807,153779520.0000000000,27
50,107,3.6102419222,153778768.0000000000,27
50,108,3.6108373350,153778832.0000000000,27
50,109,3.6115971585,153781504.0000000000,4
50,110,3.6115914811,153781072.0000000000,4
50,111,3.6115638178,153779824.0000000000,4
50,112,3.6109117312,153779552.0000000000,28
50,113,3.6073073450,153778592.0000000000,29
50,114,3.6069185258,153776336.0000000000,29
50,115,3.6162767527,153782688.0000000000,15
50,116,3.6155905122,153779168.0000000000,15
50,117,3.1978167001,134603248.0000000000,15
50,118,3.2255495882,134599232.0000000000,16
50,119,3.1973168116,134587360.0000000000,16
50,120,3.6145735849,153768496.0000000000,16
50,121,3.6148492507,153777392.0000000000,16
50,122,3.6147572888,153782480.0000000000,16
50,123,3.6146079278,153778896.0000000000,16
50,124,3.6440663028,153775648.0000000000,30
50,125,3.6104177845,153777024.0000000000,30
50,126,3.6417780389,153780080.0000000000,6
50,127,3.6123875903,153776768.0000000000,6
50,128,3.6419124679,153779872.0000000000,8
50,129,3.6109283890,153777808.0000000000,8
50,130,3.6105053102,153776560.0000000000,8
50,131,3.6104999041,153778240.0000000000,8
50,132,3.2213601720,134600080.0000000000,18
50,133,3.1929187642,134599232.0000000000,18
50,134,3.1907952136,134589968.0000000000,18
50,135,0.6428978036,33581984.0000000000,16
50,136,0.6430653797,33586928.0000000000,16
50,137,0.6427459460,33584208.0000000000,16
50,138,0.6427592319,33583744.0000000000,16
50,139,0.6417269039,33586896.0000000000,30
50,140,0.6422395095,33585936.0000000000,6
50,141,0.6412550201,33585168.0000000000,6
50,142,0.6409588995,33586512.0000000000,6
50,143,0.6429100400,33585200.0000000000,8
50,144,0.6416219709,33586496.0000000000,8
50,145,0.6414877631,33585904.0000000000,8
50,146,0.6420450481,33585600.0000000000,8
50,147,0.6261223220,29432112.0000000000,39
50,148,0.5998745372,29430816.0000000000,39
50,149,0.5991004778,29428752.0000000000,39
50,150,0.2663864244,19560496.0000000000,16
50,151,0.2659965230,19560496.0000000000,30
50,152,0.2659233939,19560496.0000000000,30
50,153,0.2661293919,19560496.0000000000,30
50,154,0.2653914750,19560496.0000000000,6
50,155,0.2654996729,19560496.0000000000,6
50,156,0.2654956719,19560496.0000000000,6
50,157,0.2654869780,19560496.0000000000,6
50,158,0.2655361367,19560496.0000000000,18
50,159,0.2655554377,19560496.0000000000,18
50,160,0.2655715923,19560496.0000000000,18
50,161,0.2655921202,19560496.0000000000,18
50,162,0.2305288577,17158704.0000000000,39
50,163,0.2301899605,17158704.0000000000,39
50,164,0.2304625283,17158704.0000000000,39
50,165,0.2659945532,19560496.0000000000,30
50,166,0.2661125715,19560496.0000000000,30
50,167,0.2659925302,19560496.0000000000,30
50,168,0.2659946691,19560496.0000000000,30
50,169,0.2653666083,19560496.0000000000,6
50,170,0.2654790636,19560496.0000000000,6
50,171,0.2946145848,19560496.0000000000,31
50,172,0.2607686327,19560496.0000000000,31
50,173,0.2657294011,19560496.0000000000,18
50,174,0.2654708036,19560496.0000000000,18
50,175,0.2655860014,19560496.0000000000,18
50,176,0.2656150549,19560496.0000000000,18
50,177,0.2298655979,17158704.0000000000,39
50,178,0.2305116460,17158704.0000000000,39
50,179,0.2301948797,17158704.0000000000,39
50,180,0.2610134111,19560496.0000000000,31
50,181,0.2612029073,19560496.0000000000,31
50,182,0.2609250594,19560496.0000000000,31
50,183,0.2607847113,19560496.0000000000,31
50,184,0.2895934845,19560496.0000000000,7
50,185,0.2612383102,19560496.0000000000,7
50,186,0.2901332802,19560496.0000000000,32
50,187,0.2613949181,19560496.0000000000,32
50,188,0.2650378116,19560496.0000000000,39
50,189,0.2649993887,19560496.0000000000,39
50,190,0.2917336054,19560496.0000000000,9
50,191,0.2608119764,19560496.0000000000,9
50,192,0.2511891655,17158704.0000000000,33
50,193,0.2227403696,17158704.0000000000,33
50,194,0.2229068273,17158704.0000000000,33
50,195,0.2610224913,19560496.0000000000,31
50,196,0.2606768598,19560496.0000000000,31
50,197,0.2612876619,19560496.0000000000,31
50,198,0.2605650578,19560496.0000000000,31
50,199,0.2613236983,19560496.0000000000,7
50,200,0.2613761777,19560496.0000000000,32
50,201,0.2610893609,19560496.0000000000,32
50,202,0.2611027537,19560496.0000000000,32
50,203,0.2608080795,19560496.0000000000,9
50,204,0.2608620999,19560496.0000000000,9
50,205,0.2607837432,19560496.0000000000,9
50,206,0.2609088602,19560496.0000000000,9
50,207,0.2228956936,17158704.0000000000,33
50,208,0.2228525695,17158704.0000000000,33
50,209,0.2228635362,17158704.0000000000,33
50,210,0.2611084934,19560496.0000000000,7
50,211,0.2613478716,19560496.0000000000,7
50,212,0.2612963691,19560496.0000000000,7
50,213,0.2611945308,19560496.0000000000,7
50,214,0.2608844824,19560496.0000000000,32
50,215,0.2611419234,19560496.0000000000,32
50,216,0.2606806805,19560496.0000000000,32
50,217,0.2656773532,19560496.0000000000,8
50,218,0.2607902933,19560496.0000000000,9
50,219,0.2602855915,19560496.0000000000,9
50,220,0.2607104472,19560496.0000000000,9
50,221,0.2612772680,19560496.0000000000,33
50,222,0.2230335565,17158704.0000000000,33
50,223,0.2228226750,17158704.0000000000,33
50,224,0.2510171737,17158704.0000000000,21
50,225,0.2612118472,19560496.0000000000,7
50,226,0.2612640425,19560496.0000000000,7
50,227,0.2612629084,19560496.0000000000,7
50,228,0.2612160664,19560496.0000000000,7
50,229,0.2614604918,19560496.0000000000,32
50,230,0.2610546096,19560496.0000000000,32
50,231,0.2656670196,19560496.0000000000,8
50,232,0.2654700681,19560496.0000000000,8
50,233,0.2606338059,19560496.0000000000,9
50,234,0.2606708723,19560496.0000000000,9
50,235,0.2610343956,19560496.0000000000,33
50,236,0.2610561058,19560496.0000000000,33
50,237,0.2228073282,17158704.0000000000,21
50,238,0.2227553127,17158704.0000000000,21
50,239,0.2226171848,17158704.0000000000,21
50,240,0.2610118969,19560496.0000000000,21
50,241,0.2608561081,19560496.0000000000,21
50,242,0.2607363460,19560496.0000000000,21
50,243,0.2609425725,19560496.0000000000,21
50,244,0.2927178027,19560496.0000000000,10
50,245,0.2619363314,19560496.0000000000,10
50,246,0.2901143125,19560496.0000000000,34
50,247,0.2614021631,19560496.0000000000,34
50,248,0.2894034405,19560496.0000000000,36
50,249,0.2614031516,19560496.0000000000,36
50,250,0.2612627750,19560496.0000000000,36
50,251,0.2612988004,19560496.0000000000,36
50,252,0.2523645764,17158704.0000000000,14
50,253,0.2511932774,17158704.0000000000,19
50,254,0.2230607710,17158704.0000000000,19
50,255,0.2608228511,19560496.0000000000,21
50,256,0.2610790599,19560496.0000000000,21
50,257,0.2608400055,19560496.0000000000,21
50,258,0.2618020950,19560496.0000000000,10
50,259,0.2611912298,19560496.0000000000,34
50,260,0.2611657437,19560496.0000000000,34
50,261,0.2612253833,19560496.0000000000,34
50,262,0.2610911805,19560496.0000000000,34
50,263,0.2611584727,19560496.0000000000,36
50,264,0.2613232797,19560496.0000000000,36
50,265,0.2616617954,19560496.0000000000,14
50,266,0.2612557765,19560496.0000000000,14
50,267,0.2229512082,17158704.0000000000,19
50,268,0.2230749631,17158704.0000000000,19
50,269,0.2227813528,17158704.0000000000,19
50,270,0.2616621430,19560496.0000000000,10
50,271,0.2616187535,19560496.0000000000,10
50,272,0.2616463456,19560496.0000000000,10
50,273,0.2616868447,19560496.0000000000,10
50,274,0.2611272216,19560496.0000000000,34
50,275,0.2612040744,19560496.0000000000,34
50,276,0.2951827348,19560496.0000000000,11
50,277,0.2617168485,19560496.0000000000,11
50,278,0.2613423034,19560496.0000000000,14
50,279,0.2611607544,19560496.0000000000,14
50,280,0.2611837240,19560496.0000000000,14
50,281,0.2609148837,19560496.0000000000,14
50,282,0.2227926007,17158704.0000000000,19
50,283,0.2229018547,17158704.0000000000,19
50,284,0.2229610857,17158704.0000000000,19
50,285,0.2615826321,19560496.0000000000,10
50,286,0.2615867932,19560496.0000000000,10
50,287,0.2615596511,19560496.0000000000,10
50,288,0.2616412336,19560496.0000000000,10
50,289,0.2612228050,19560496.0000000000,34
50,290,0.2610321418,19560496.0000000000,34
50,291,0.2617618765,19560496.0000000000,11
50,292,0.2618598447,19560496.0000000000,11
50,293,0.2612964210,19560496.0000000000,14
50,294,0.2611540894,19560496.0000000000,14
50,295,0.2611341719,19560496.0000000000,14
50,296,0.2609996622,19560496.0000000000,14
50,297,0.2229092114,17158704.0000000000,19
50,298,0.2227741713,17158704.0000000000,19
50,299,0.2230027438,17158704.0000000000,19
50,300,0.2616655185,19560496.0000000000,11
50,301,0.2617991680,19560496.0000000000,11
50,302,0.2616963656,19560496.0000000000,11
50,303,0.2618410352,19560496.0000000000,11
50,304,0.2897512821,19560496.0000000000,35
50,305,0.2913831380,19560496.0000000000,12
50,306,0.2621743177,19560496.0000000000,12
50,307,0.2621445835,19560496.0000000000,12
50,308,0.2612606146,19560496.0000000000,19
50,309,0.2892544964,19560496.0000000000,37
50,310,0.2606300227,19560496.0000000000,37
50,311,0.2603707926,19560496.0000000000,37
50,312,0.2524881558,17158704.0000000000,0
50,313,0.2239581941,17158704.0000000000,0
50,314,0.2239126375,17158704.0000000000,0
50,315,0.2617268305,19560496.0000000000,11
50,316,0.2616783796,19560496.0000000000,11
50,317,0.2616032791,19560496.0000000000,11
50,318,0.2608119397,19560496.0000000000,35
50,319,0.2621965326,19560496.0000000000,12
50,320,0.2620490949,19560496.0000000000,12
50,321,0.2619985618,19560496.0000000000,12
50,322,0.2621617330,19560496.0000000000,12
50,323,0.2604306059,19560496.0000000000,37
50,324,0.2603684675,19560496.0000000000,37
50,325,0.2604556477,19560496.0000000000,37
50,326,0.2603354218,19560496.0000000000,37
50,327,0.2237099689,17158704.0000000000,0
50,328,0.2234099400,17158704.0000000000,0
50,329,0.2242313473,17158704.0000000000,0
50,330,0.2606908674,19560496.0000000000,35
50,331,0.2607786709,19560496.0000000000,35
50,332,0.2606655951,19560496.0000000000,35
50,333,0.2607551309,19560496.0000000000,35
50,334,0.2621105257,19560496.0000000000,12
50,335,0.2620638433,19560496.0000000000,12
50,336,0.2611576897,19560496.0000000000,36
50,337,0.2611515401,19560496.0000000000,36
50,338,0.2604575921,19560496.0000000000,37
50,339,0.2605190122,19560496.0000000000,37
50,340,0.2613654123,19560496.0000000000,0
50,341,0.2612406947,19560496.0000000000,0
50,342,0.2237992726,17158704.0000000000,0
50,343,0.2517676655,17158704.0000000000,22
50,344,0.2230050074,17158704.0000000000,22
50,345,0.2607654645,19560496.0000000000,35
50,346,0.2606803818,19560496.0000000000,35
50,347,0.2607081507,19560496.0000000000,35
50,348,0.2605963783,19560496.0000000000,35
50,349,0.2622512289,19560496.0000000000,12
50,350,0.2620508867,19560496.0000000000,12
50,351,0.2610088977,19560496.0000000000,36
50,352,0.2609035140,19560496.0000000000,36
50,353,0.2600519512,19560496.0000000000,37
50,354,0.2614540449,19560496.0000000000,0
50,355,0.2611932447,19560496.0000000000,0
50,356,0.2611007234,19560496.0000000000,0
50,357,0.2228153332,17158704.0000000000,22
50,358,0.2227476314,17158704.0000000000,22
50,359,0.2228538120,17158704.0000000000,22
50,360,0.2614098884,19560496.0000000000,22
50,361,0.2612173882,19560496.0000000000,22
50,362,0.2613176047,19560496.0000000000,22
50,363,0.2613119943,19560496.0000000000,22
50,364,0.2920293680,19560496.0000000000,13
50,365,0.2624685581,19560496.0000000000,13
50,366,0.2625404270,19560496.0000000000,13
50,367,0.2625442424,19560496.0000000000,13
50,368,0.2898797651,19560496.0000000000,17
50,369,0.2618952280,19560496.0000000000,17
50,370,0.2617028692,19560496.0000000000,17
50,371,0.2616440153,19560496.0000000000,17
50,372,0.2519377027,17158704.0000000000,23
50,373,0.2230459127,17158704.0000000000,23
50,374,0.2228937268,17158704.0000000000,23
50,375,0.2612628560,19560496.0000000000,22
50,376,0.2612849158,19560496.0000000000,22
50,377,0.2896921126,19560496.0000000000,38
50,378,0.2605566014,19560496.0000000000,38
50,379,0.2625725325,19560496.0000000000,13
50,380,0.2624649580,19560496.0000000000,13
50,381,0.2623148287,19560496.0000000000,13
50,382,0.2623194254,19560496.0000000000,13
50,383,0.2618098000,19560496.0000000000,17
50,384,0.2615729141,19560496.0000000000,17
50,385,0.2614652343,19560496.0000000000,17
50,386,0.2614575169,19560496.0000000000,17
50,387,0.2229148345,17158704.0000000000,23
50,388,0.2228064310,17158704.0000000000,23
50,389,0.2511680701,17158704.0000000000,1
50,390,0.2604300197,19560496.0000000000,38
50,391,0.2604030691,19560496.0000000000,38
50,392,0.2604352702,19560496.0000000000,38
50,393,0.2605037533,19560496.0000000000,38
50,394,0.2623862068,19560496.0000000000,13
50,395,0.2624933166,19560496.0000000000,13
50,396,0.2898028802,19560496.0000000000,24
50,397,0.2612532400,19560496.0000000000,24
50,398,0.2615458354,19560496.0000000000,17
50,399,0.2614992821,19560496.0000000000,17
50,400,0.2611081545,19560496.0000000000,23
50,401,0.2610616005,19560496.0000000000,23
50,402,0.2229501225,17158704.0000000000,1
50,403,0.2230479744,17158704.0000000000,1
50,404,0.2227847099,17158704.0000000000,1
50,405,0.2603393157,19560496.0000000000,38
50,406,0.2605088155,19560496.0000000000,38
50,407,0.2606345689,19560496.0000000000,38
50,408,0.2604561911,19560496.0000000000,38
50,409,0.2623071812,19560496.0000000000,13
50,410,0.2612254461,19560496.0000000000,24
50,411,0.2612258877,19560496.0000000000,24
50,412,0.2611739959,19560496.0000000000,24
50,413,0.2610649470,19560496.0000000000,23
50,414,0.2610767698,19560496.0000000000,23
50,415,0.2611422682,19560496.0000000000,23
50,416,0.2609093849,19560496.0000000000,23
50,417,0.2227583452,17158704.0000000000,1
50,418,0.2228463902,17158704.0000000000,1
50,419,0.2229966726,17158704.0000000000,1
50,420,0.1962937702,14756912.0000000000,24
50,421,0.1964477016,14756912.0000000000,24
50,422,0.1962715401,14756912.0000000000,24
50,423,0.1962332424,14756912.0000000000,24
50,424,0.1963111840,14756912.0000000000,24
50,425,0.1963746827,14756912.0000000000,24
50,426,0.1962831783,14756912.0000000000,24
50,427,0.1969415867,14756912.0000000000,17
50,428,0.1966954217,14756912.0000000000,1
50,429,0.1964733125,14756912.0000000000,1
50,430,0.1965521078,14756912.0000000000,1
50,431,0.1965511974,14756912.0000000000,1
50,432,0.1821444484,12944944.0000000000,1
50,433,0.1819805088,12944944.0000000000,1
50,434,0.1821071553,12944944.0000000000,1
100,0,0.0823261790,89452064.0000000000,18
100,1,0.1184218110,89463584.0000000000,11
100,2,0.1136574840,89454848.0000000000,0
100,3,0.1140885720,89445520.0000000000,24
100,4,0.0816524570,89429248.0000000000,16
100,5,0.1138411060,89417104.0000000000,21
100,6,0.1187991990,89412976.0000000000,17
100,7,0.0777776480,89422784.0000000000,15
100,8,0.1165656430,89444016.0000000000,22
100,9,0.0684011350,89464144.0000000000,20
100,10,0.1158457170,89488768.0000000000,19
100,11,0.0702576420,89487728.0000000000,29
100,12,0.1157685460,78348784.0000000000,36
100,13,0.1157077250,78352144.0000000000,37
100,14,0.1148387050,78331984.0000000000,38
100,15,0.1167053950,153743440.0000000000,8
100,16,0.1170702640,153779680.0000000000,26
100,17,0.1785802830,153789648.0000000000,33
100,18,0.1802322270,153789200.0000000000,34
100,19,0.1173650990,153808464.0000000000,3
100,20,0.1570527180,153818544.0000000000,1
100,21,0.1176412450,153835680.0000000000,22
100,22,0.1177253340,153838256.0000000000,37
100,23,0.1175667510,153829072.0000000000,11
100,24,0.1175746290,153812272.0000000000,24
100,25,0.1172523380,153795248.0000000000,30
100,26,0.1171567790,153793232.0000000000,2
100,27,0.1033895760,134604304.0000000000,1
100,28,0.1032656210,134594928.0000000000,4
100,29,0.1031401420,134574464.0000000000,16
100,30,0.1169391320,153749232.0000000000,21
100,31,0.1167714270,153778336.0000000000,36
100,32,0.1166864220,153779456.0000000000,4
100,33,0.1165912150,153776320.0000000000,30
100,34,0.1614340430,153780352.0000000000,13
100,35,0.1167797370,153777264.0000000000,28
100,36,0.1588845370,153779120.0000000000,14
100,37,0.1168308930,153779680.0000000000,27
100,38,0.1167285060,153780464.0000000000,5
100,39,0.1166227910,153779952.0000000000,25
100,40,0.1165726910,153779664.0000000000,4
100,41,0.1538283220,153778336.0000000000,7
100,42,0.1031134070,134597648.0000000000,17
100,43,0.1031132010,134599664.0000000000,15
100,44,0.1029713620,134570896.0000000000,18
100,45,0.1167035690,153753632.0000000000,29
100,46,0.1557559620,153777888.0000000000,31
100,47,0.1167171390,153778592.0000000000,15
100,48,0.1165091960,153773520.0000000000,11
100,49,0.1165375230,153779168.0000000000,3
100,50,0.1165675760,153780576.0000000000,25
100,51,0.1166466730,153779904.0000000000,2
100,52,0.1167926920,153777664.0000000000,15
100,53,0.1166245540,153778240.0000000000,14
100,54,0.1164896120,153779424.0000000000,39
100,55,0.1167438080,153776096.0000000000,13
100,56,0.1798577210,153781024.0000000000,35
100,57,0.1029397760,134596240.0000000000,29
100,58,0.1031510660,134598880.0000000000,21
100,59,0.1029558040,134574320.0000000000,19
100,60,0.1167687600,153753152.0000000000,6
100,61,0.1168695100,153781216.0000000000,17
100,62,0.1166933260,153776000.0000000000,26
100,63,0.1165495860,153780320.0000000000,5
100,64,0.1168138550,153777328.0000000000,17
100,65,0.1166393980,153778608.0000000000,0
100,66,0.1166943080,153776096.0000000000,21
100,67,0.1165041280,153778560.0000000000,39
100,68,0.1167547390,153778736.0000000000,20
100,69,0.1167849450,153780800.0000000000,16
100,70,0.1168058360,153776720.0000000000,20
100,71,0.1166819710,153777856.0000000000,33
100,72,0.1028850750,134598768.0000000000,25
100,73,0.1028748810,134596752.0000000000,2
100,74,0.1028247650,134572384.0000000000,31
100,75,0.1166138460,153752128.0000000000,28
100,76,0.1614920660,153775888.0000000000,12
100,77,0.1167225030,153776144.0000000000,27
100,78,0.1580000120,153779456.0000000000,10
100,79,0.1165772140,153776848.0000000000,24
100,80,0.1167728470,153778448.0000000000,1
100,81,0.1165704100,153780560.0000000000,6
100,82,0.1556322210,153777328.0000000000,23
100,83,0.1166829290,153777888.0000000000,22
100,84,0.1888317750,153779280.0000000000,32
100,85,0.1165914530,153778448.0000000000,35
100,86,0.1166921970,153779840.0000000000,14
100,87,0.1029132480,134598432.0000000000,11
100,88,0.1028156980,134601632.0000000000,37
100,89,0.1029712270,134574960.0000000000,0
100,90,0.1581771940,153751632.0000000000,9
100,91,0.1167758370,153779680.0000000000,19
100,92,0.1166646500,153779776.0000000000,38
100,93,0.1165320310,153777776.0000000000,37
100,94,0.1165287010,153778112.0000000000,35
100,95,0.1166450220,153776336.0000000000,7
100,96,0.1166222750,153775088.0000000000,34
100,97,0.1165638720,153777552.0000000000,33
100,98,0.1166846840,153778224.0000000000,13
100,99,0.1167368430,153776736.0000000000,34
100,100,0.1166163570,153779088.0000000000,7
100,101,0.1165186950,153779344.0000000000,39
100,102,0.1030401120,134596320.0000000000,36
100,103,0.1030447680,134603808.0000000000,32
100,104,0.1029355030,134568640.0000000000,24
100,105,0.1167839450,153749552.0000000000,12
100,106,0.1166762680,153778048.0000000000,9
100,107,0.1166957420,153777216.0000000000,26
100,108,0.1166348750,153777856.0000000000,5
100,109,0.1166753590,153781312.0000000000,6
100,110,0.1167556100,153779904.0000000000,9
100,111,0.1167169870,153781120.0000000000,8
100,112,0.1138899340,153777792.0000000000,28
100,113,0.1167361910,153778832.0000000000,18
100,114,0.1166457100,153777216.0000000000,8
100,115,0.1168662430,153780960.0000000000,16
100,116,0.1168262970,153779904.0000000000,32
100,117,0.1029902040,134600560.0000000000,30
100,118,0.1029915500,134593168.0000000000,23
100,119,0.1029857970,134567600.0000000000,38
100,120,0.1166740770,153745728.0000000000,38
100,121,0.1166311130,153779456.0000000000,0
100,122,0.1167070660,153778560.0000000000,31
100,123,0.1166970120,153777824.0000000000,36
100,124,0.1167363720,153776032.0000000000,19
100,125,0.1167836710,153784160.0000000000,27
100,126,0.1165923650,153777216.0000000000,29
100,127,0.1167720080,153774432.0000000000,23
100,128,0.1167735730,153781808.0000000000,18
100,129,0.1166858960,153776656.0000000000,12
100,130,0.1167466670,153775088.0000000000,10
100,131,0.1168448140,153774528.0000000000,10
100,132,0.1031543420,134603232.0000000000,3
100,133,0.1031753850,134600448.0000000000,20
100,134,0.1032481750,134571088.0000000000,22
100,135,0.0202039050,33578704.0000000000,31
100,136,0.0201733510,33586848.0000000000,32
100,137,0.0202606750,33585168.0000000000,1
100,138,0.0201867800,33583520.0000000000,2
100,139,0.0203163320,33585200.0000000000,3
100,140,0.0202410620,33582512.0000000000,23
100,141,0.0201802840,33586640.0000000000,35
100,142,0.0203583380,33584304.0000000000,34
100,143,0.0202196480,33584544.0000000000,4
100,144,0.0202194780,33587104.0000000000,25
100,145,0.0201649540,33584528.0000000000,33
100,146,0.0201873720,33585104.0000000000,30
100,147,0.0186375490,29432224.0000000000,39
100,148,0.0188967840,29429984.0000000000,13
100,149,0.0187541780,29425952.0000000000,14
100,150,0.0081714920,19560496.0000000000,3
100,151,0.0081663050,19560496.0000000000,25
100,152,0.0081730290,19560496.0000000000,26
100,153,0.0081435950,19560496.0000000000,4
100,154,0.0081897830,19560496.0000000000,12
100,155,0.0081899450,19560496.0000000000,30
100,156,0.0081675140,19560496.0000000000,32
100,157,0.0081500450,19560496.0000000000,25
100,158,0.0081782420,19560496.0000000000,6
100,159,0.0081750200,19560496.0000000000,3
100,160,0.0081536290,19560496.0000000000,2
100,161,0.0081784110,19560496.0000000000,5
100,162,0.0070897070,17158704.0000000000,30
100,163,0.0069557520,17158704.0000000000,7
100,164,0.0071386340,17158704.0000000000,9
100,165,0.0081661390,19560496.0000000000,9
100,166,0.0081888430,19560496.0000000000,23
100,167,0.0081700640,19560496.0000000000,27
100,168,0.0081635530,19560496.0000000000,12
100,169,0.0081970370,19560496.0000000000,28
100,170,0.0081928830,19560496.0000000000,23
100,171,0.0081541240,19560496.0000000000,5
100,172,0.0081801140,19560496.0000000000,18
100,173,0.0081938910,19560496.0000000000,8
100,174,0.0081596850,19560496.0000000000,31
100,175,0.0081659780,19560496.0000000000,4
100,176,0.0081775230,19560496.0000000000,1
100,177,0.0069707450,17158704.0000000000,27
100,178,0.0071247540,17158704.0000000000,25
100,179,0.0070850560,17158704.0000000000,8
100,180,0.0081680820,19560496.0000000000,13
100,181,0.0081645770,19560496.0000000000,0
100,182,0.0081694980,19560496.0000000000,2
100,183,0.0081874590,19560496.0000000000,12
100,184,0.0081331520,19560496.0000000000,26
100,185,0.0081705460,19560496.0000000000,30
100,186,0.0081363590,19560496.0000000000,27
100,187,0.0081675220,19560496.0000000000,14
100,188,0.0081418710,19560496.0000000000,27
100,189,0.0081614370,19560496.0000000000,26
100,190,0.0081823000,19560496.0000000000,12
100,191,0.0081612770,19560496.0000000000,6
100,192,0.0071287420,17158704.0000000000,26
100,193,0.0069713890,17158704.0000000000,35
100,194,0.0069979700,17158704.0000000000,11
100,195,0.0082001240,19560496.0000000000,15
100,196,0.0081643830,19560496.0000000000,5
100,197,0.0081501070,19560496.0000000000,31
100,198,0.0081772930,19560496.0000000000,32
100,199,0.0081734350,19560496.0000000000,3
100,200,0.0081520000,19560496.0000000000,13
100,201,0.0081535730,19560496.0000000000,6
100,202,0.0082001430,19560496.0000000000,28
100,203,0.0081711110,19560496.0000000000,35
100,204,0.0081524530,19560496.0000000000,34
100,205,0.0081494500,19560496.0000000000,3
100,206,0.0081429140,19560496.0000000000,11
100,207,0.0071016290,17158704.0000000000,25
100,208,0.0070280430,17158704.0000000000,14
100,209,0.0070407700,17158704.0000000000,16
100,210,0.0081532920,19560496.0000000000,19
100,211,0.0081547590,19560496.0000000000,2
100,212,0.0081647030,19560496.0000000000,26
100,213,0.0081674610,19560496.0000000000,13
100,214,0.0081473540,19560496.0000000000,14
100,215,0.0081618010,19560496.0000000000,32
100,216,0.0081689920,19560496.0000000000,36
100,217,0.0081728610,19560496.0000000000,28
100,218,0.0082084980,19560496.0000000000,16
100,219,0.0081418870,19560496.0000000000,39
100,220,0.0082007430,19560496.0000000000,28
100,221,0.0081783910,19560496.0000000000,5
100,222,0.0071597280,17158704.0000000000,15
100,223,0.0071273440,17158704.0000000000,37
100,224,0.0071032250,17158704.0000000000,28
100,225,0.0081586760,19560496.0000000000,34
100,226,0.0081764270,19560496.0000000000,31
100,227,0.0081581120,19560496.0000000000,4
100,228,0.0081935780,19560496.0000000000,28
100,229,0.0081668280,19560496.0000000000,26
100,230,0.0081527320,19560496.0000000000,24
100,231,0.0081422610,19560496.0000000000,7
100,232,0.0081874280,19560496.0000000000,10
100,233,0.0081383250,19560496.0000000000,4
100,234,0.0081636830,19560496.0000000000,25
100,235,0.0081618690,19560496.0000000000,7
100,236,0.0081887560,19560496.0000000000,20
100,237,0.0070966350,17158704.0000000000,4
100,238,0.0069961450,17158704.0000000000,0
100,239,0.0069919150,17158704.0000000000,2
100,240,0.0081882100,19560496.0000000000,38
100,241,0.0081444170,19560496.0000000000,1
100,242,0.0082044750,19560496.0000000000,23
100,243,0.0081503460,19560496.0000000000,37
100,244,0.0081569490,19560496.0000000000,8
100,245,0.0081957880,19560496.0000000000,23
100,246,0.0081810680,19560496.0000000000,9
100,247,0.0082026220,19560496.0000000000,23
100,248,0.0081545770,19560496.0000000000,32
100,249,0.0081354080,19560496.0000000000,27
100,250,0.0081650380,19560496.0000000000,32
100,251,0.0081759960,19560496.0000000000,4
100,252,0.0070736660,17158704.0000000000,23
100,253,0.0069609820,17158704.0000000000,5
100,254,0.0071009260,17158704.0000000000,20
100,255,0.0081517590,19560496.0000000000,7
100,256,0.0081559470,19560496.0000000000,26
100,257,0.0081472620,19560496.0000000000,33
100,258,0.0081415000,19560496.0000000000,7
100,259,0.0081789350,19560496.0000000000,35
100,260,0.0081347990,19560496.0000000000,7
100,261,0.0081539540,19560496.0000000000,6
100,262,0.0081438830,19560496.0000000000,25
100,263,0.0081382830,19560496.0000000000,9
100,264,0.0081435470,19560496.0000000000,34
100,265,0.0081741930,19560496.0000000000,8
100,266,0.0081865650,19560496.0000000000,38
100,267,0.0070304100,17158704.0000000000,22
100,268,0.0070978890,17158704.0000000000,17
100,269,0.0070813580,17158704.0000000000,3
100,270,0.0081588930,19560496.0000000000,39
100,271,0.0081387130,19560496.0000000000,7
100,272,0.0081475520,19560496.0000000000,27
100,273,0.0081846050,19560496.0000000000,2
100,274,0.0081694340,19560496.0000000000,9
100,275,0.0081750950,19560496.0000000000,10
100,276,0.0081654460,19560496.0000000000,7
100,277,0.0081555980,19560496.0000000000,31
100,278,0.0081913560,19560496.0000000000,10
100,279,0.0081896640,19560496.0000000000,8
100,280,0.0081904560,19560496.0000000000,10
100,281,0.0081939460,19560496.0000000000,21
100,282,0.0070540230,17158704.0000000000,6
100,283,0.0071190800,17158704.0000000000,36
100,284,0.0070708530,17158704.0000000000,32
100,285,0.0081556790,19560496.0000000000,4
100,286,0.0081887010,19560496.0000000000,30
100,287,0.0081570940,19560496.0000000000,34
100,288,0.0081408180,19560496.0000000000,26
100,289,0.0081565180,19560496.0000000000,27
100,290,0.0081547350,19560496.0000000000,27
100,291,0.0081724690,19560496.0000000000,6
100,292,0.0081680720,19560496.0000000000,10
100,293,0.0081434040,19560496.0000000000,36
100,294,0.0081501050,19560496.0000000000,29
100,295,0.0081635780,19560496.0000000000,2
100,296,0.0081833830,19560496.0000000000,30
100,297,0.0071126140,17158704.0000000000,38
100,298,0.0070464300,17158704.0000000000,23
100,299,0.0070325930,17158704.0000000000,13
100,300,0.0081615700,19560496.0000000000,35
100,301,0.0081577730,19560496.0000000000,33
100,302,0.0081521530,19560496.0000000000,32
100,303,0.0081794730,19560496.0000000000,28
100,304,0.0081582020,19560496.0000000000,31
100,305,0.0081307010,19560496.0000000000,6
100,306,0.0081704590,19560496.0000000000,1
100,307,0.0081521740,19560496.0000000000,34
100,308,0.0081542470,19560496.0000000000,14
100,309,0.0081772490,19560496.0000000000,30
100,310,0.0081769700,19560496.0000000000,13
100,311,0.0081735250,19560496.0000000000,3
100,312,0.0069586450,17158704.0000000000,31
100,313,0.0070962270,17158704.0000000000,0
100,314,0.0070181590,17158704.0000000000,29
100,315,0.0081807490,19560496.0000000000,3
100,316,0.0081883200,19560496.0000000000,12
100,317,0.0081747920,19560496.0000000000,25
100,318,0.0081451780,19560496.0000000000,29
100,319,0.0081447480,19560496.0000000000,2
100,320,0.0081552180,19560496.0000000000,31
100,321,0.0081625440,19560496.0000000000,33
100,322,0.0081922450,19560496.0000000000,30
100,323,0.0081400010,19560496.0000000000,33
100,324,0.0081535190,19560496.0000000000,2
100,325,0.0081359610,19560496.0000000000,14
100,326,0.0081643440,19560496.0000000000,4
100,327,0.0070740870,17158704.0000000000,11
100,328,0.0069680000,17158704.0000000000,24
100,329,0.0071530160,17158704.0000000000,12
100,330,0.0081621500,19560496.0000000000,9
100,331,0.0081605840,19560496.0000000000,18
100,332,0.0081478950,19560496.0000000000,0
100,333,0.0081592730,19560496.0000000000,10
100,334,0.0081822610,19560496.0000000000,32
100,335,0.0081590280,19560496.0000000000,3
100,336,0.0081406010,19560496.0000000000,33
100,337,0.0081298550,19560496.0000000000,26
100,338,0.0081618130,19560496.0000000000,35
100,339,0.0081656260,19560496.0000000000,38
100,340,0.0081925970,19560496.0000000000,6
100,341,0.0081843910,19560496.0000000000,8
100,342,0.0070538750,17158704.0000000000,19
100,343,0.0070654130,17158704.0000000000,32
100,344,0.0070713240,17158704.0000000000,34
100,345,0.0081585620,19560496.0000000000,31
100,346,0.0081778410,19560496.0000000000,8
100,347,0.0081874080,19560496.0000000000,27
100,348,0.0081903280,19560496.0000000000,20
100,349,0.0081636350,19560496.0000000000,4
100,350,0.0081652140,19560496.0000000000,25
100,351,0.0081605900,19560496.0000000000,3
100,352,0.0081467290,19560496.0000000000,39
100,353,0.0081658810,19560496.0000000000,1
100,354,0.0081695940,19560496.0000000000,28
100,355,0.0081547050,19560496.0000000000,25
100,356,0.0081978120,19560496.0000000000,23
100,357,0.0071393670,17158704.0000000000,12
100,358,0.0070862910,17158704.0000000000,8
100,359,0.0071461370,17158704.0000000000,9
100,360,0.0081662670,19560496.0000000000,39
100,361,0.0081646570,19560496.0000000000,1
100,362,0.0081293850,19560496.0000000000,39
100,363,0.0081483510,19560496.0000000000,37
100,364,0.0081831700,19560496.0000000000,10
100,365,0.0081755860,19560496.0000000000,6
100,366,0.0081359040,19560496.0000000000,14
100,367,0.0081766410,19560496.0000000000,8
100,368,0.0082155110,19560496.0000000000,28
100,369,0.0081659780,19560496.0000000000,9
100,370,0.0081796230,19560496.0000000000,8
100,371,0.0081464010,19560496.0000000000,14
100,372,0.0070120910,17158704.0000000000,6
100,373,0.0071564730,17158704.0000000000,21
100,374,0.0070461430,17158704.0000000000,10
100,375,0.0081624000,19560496.0000000000,5
100,376,0.0081830530,19560496.0000000000,12
100,377,0.0081920610,19560496.0000000000,1
100,378,0.0082231990,19560496.0000000000,15
100,379,0.0081715890,19560496.0000000000,13
100,380,0.0081331240,19560496.0000000000,7
100,381,0.0081851550,19560496.0000000000,10
100,382,0.0081491450,19560496.0000000000,5
100,383,0.0081575010,19560496.0000000000,5
100,384,0.0081715700,19560496.0000000000,1
100,385,0.0081526530,19560496.0000000000,13
100,386,0.0081527030,19560496.0000000000,5
100,387,0.0069577750,17158704.0000000000,33
100,388,0.0070770690,17158704.0000000000,1
100,389,0.0071106480,17158704.0000000000,10
100,390,0.0082286970,19560496.0000000000,17
100,391,0.0081525550,19560496.0000000000,34
100,392,0.0081681330,19560496.0000000000,21
100,393,0.0081966710,19560496.0000000000,22
100,394,0.0081639840,19560496.0000000000,39
100,395,0.0081730920,19560496.0000000000,9
100,396,0.0081605590,19560496.0000000000,2
100,397,0.0081472750,19560496.0000000000,33
100,398,0.0082067810,19560496.0000000000,23
100,399,0.0081627810,19560496.0000000000,9
100,400,0.0081874000,19560496.0000000000,12
100,401,0.0082085580,19560496.0000000000,16
100,402,0.0070956320,17158704.0000000000,39
100,403,0.0069432120,17158704.0000000000,18
100,404,0.0069994410,17158704.0000000000,31
100,405,0.0081481210,19560496.0000000000,36
100,406,0.0081878980,19560496.0000000000,19
100,407,0.0081782400,19560496.0000000000,24
100,408,0.0081481900,19560496.0000000000,37
100,409,0.0081637160,19560496.0000000000,35
100,410,0.0081712680,19560496.0000000000,12
100,411,0.0081691480,19560496.0000000000,35
100,412,0.0081511340,19560496.0000000000,1
100,413,0.0081495850,19560496.0000000000,11
100,414,0.0081734660,19560496.0000000000,22
100,415,0.0081990220,19560496.0000000000,17
100,416,0.0081929580,19560496.0000000000,30
100,417,0.0070128430,17158704.0000000000,7
100,418,0.0070440400,17158704.0000000000,30
100,419,0.0070637500,17158704.0000000000,5
100,420,0.0062121760,14756912.0000000000,17
100,421,0.0061960520,14756912.0000000000,21
100,422,0.0061936720,14756912.0000000000,18
100,423,0.0062123300,14756912.0000000000,15
100,424,0.0062230970,14756912.0000000000,16
100,425,0.0062190950,14756912.0000000000,20
100,426,0.0061684020,14756912.0000000000,19
100,427,0.0061741140,14756912.0000000000,26
100,428,0.0061777640,14756912.0000000000,27
100,429,0.0061982810,14756912.0000000000,24
100,430,0.0061685660,14756912.0000000000,29
100,431,0.0062037770,14756912.0000000000,28
100,432,0.0056931280,12944944.0000000000,14
100,433,0.0056991220,12944944.0000000000,13
100,434,0.0056945050,12944944.0000000000,22
150,0,2.1135438768,89414672.0000000000,18
150,1,2.1322738711,89422944.0000000000,11
150,2,2.1400470531,89380096.0000000000,0
150,3,2.1494410310,89305776.0000000000,24
150,4,2.1476839152,89194480.0000000000,16
150,5,2.1614992636,89069728.0000000000,21
150,6,2.1652895527,88971424.0000000000,17
150,7,2.1527412761,88972912.0000000000,15
150,8,2.1660953440,89081632.0000000000,22
150,9,2.1462960245,89248576.0000000000,20
150,10,2.1550571158,89402256.0000000000,19
150,11,2.1282854126,89485664.0000000000,29
150,12,1.9173203188,78372640.0000000000,36
150,13,1.9107168317,78379472.0000000000,37
150,14,1.9075114158,78348672.0000000000,38
150,15,3.6733423959,153728624.0000000000,8
150,16,3.6765062616,153793008.0000000000,26
150,17,3.6991645797,153832768.0000000000,33
150,18,3.7092568921,153913632.0000000000,34
150,19,3.7018051730,154076256.0000000000,3
150,20,3.7291621774,154288160.0000000000,1
150,21,3.7212825091,154472848.0000000000,22
150,22,3.7165786497,154524144.0000000000,37
150,23,3.7116592129,154417968.0000000000,11
150,24,3.7075736422,154207296.0000000000,24
150,25,3.6957375549,154008048.0000000000,30
150,26,3.6821822952,153880256.0000000000,2
150,27,3.2511962755,134632816.0000000000,1
150,28,3.2503296912,134603584.0000000000,4
150,29,3.2488597749,134562896.0000000000,16
150,30,3.6693285894,153743888.0000000000,21
150,31,3.6664596258,153777056.0000000000,36
150,32,3.6672805008,153780944.0000000000,4
150,33,3.6659414175,153771168.0000000000,30
150,34,3.6865274354,153783584.0000000000,13
150,35,3.6688969049,153779680.0000000000,28
150,36,3.6846461107,153783024.0000000000,14
150,37,3.6680702219,153781248.0000000000,27
150,38,3.6665127203,153781024.0000000000,5
150,39,3.6670801363,153780240.0000000000,25
150,40,3.6671888101,153780368.0000000000,4
150,41,3.6795315250,153775392.0000000000,7
150,42,3.2450749480,134600672.0000000000,17
150,43,3.2465277055,134596848.0000000000,15
150,44,3.2398072446,134562416.0000000000,18
150,45,3.6617805854,153745312.0000000000,29
150,46,3.6796054052,153779648.0000000000,31
150,47,3.6692349942,153777328.0000000000,15
150,48,3.6622380769,153780240.0000000000,11
150,49,3.6636872368,153780688.0000000000,3
150,50,3.6646956977,153779056.0000000000,25
150,51,3.6657969803,153781360.0000000000,2
150,52,3.6697972964,153777632.0000000000,15
150,53,3.6665814832,153775872.0000000000,14
150,54,3.6641644299,153777312.0000000000,39
150,55,3.6676186725,153780592.0000000000,13
150,56,3.6890674626,153781472.0000000000,35
150,57,3.2379781378,134597440.0000000000,29
150,58,3.2440720775,134602240.0000000000,21
150,59,3.2381826071,134564864.0000000000,19
150,60,3.6668303290,153746416.0000000000,6
150,61,3.6689750049,153778896.0000000000,17
150,62,3.6653109917,153777216.0000000000,26
150,63,3.6644216466,153780912.0000000000,5
150,64,3.6684647320,153777632.0000000000,17
150,65,3.6642521798,153777392.0000000000,0
150,66,3.6680863911,153777856.0000000000,21
150,67,3.6628406337,153777856.0000000000,39
150,68,3.6689710640,153781600.0000000000,20
150,69,3.6699952747,153779472.0000000000,16
150,70,3.6679133669,153776352.0000000000,20
150,71,3.6630708788,153779008.0000000000,33
150,72,3.2419666029,134601456.0000000000,25
150,73,3.2403272207,134598656.0000000000,2
150,74,3.2388695126,134566816.0000000000,31
150,75,3.6656462619,153745776.0000000000,28
150,76,3.6850272620,153778304.0000000000,12
150,77,3.6653093516,153779264.0000000000,27
150,78,3.6818692259,153778624.0000000000,10
150,79,3.6654830770,153778592.0000000000,24
150,80,3.6686219563,153779024.0000000000,1
150,81,3.6659556740,153780160.0000000000,6
150,82,3.6836529814,153783120.0000000000,23
150,83,3.6691530598,153779200.0000000000,22
150,84,3.6922513731,153777616.0000000000,32
150,85,3.6652142710,153779040.0000000000,35
150,86,3.6670563773,153780240.0000000000,14
150,87,3.2380477721,134599792.0000000000,11
150,88,3.2397766184,134603536.0000000000,37
150,89,3.2404277242,134563872.0000000000,0
150,90,3.6804862152,153743520.0000000000,9
150,91,3.6658626369,153779248.0000000000,19
150,92,3.6656144760,153780576.0000000000,38
150,93,3.6630886840,153778064.0000000000,37
150,94,3.6642577786,153777536.0000000000,35
150,95,3.6638372332,153781920.0000000000,7
150,96,3.6651042311,153775424.0000000000,34
150,97,3.6626510297,153777920.0000000000,33
150,98,3.6673855136,153777552.0000000000,13
150,99,3.6647157013,153778176.0000000000,34
150,100,3.6634896777,153777264.0000000000,7
150,101,3.6629679323,153781216.0000000000,39
150,102,3.2426518604,134597536.0000000000,36
150,103,3.2428231456,134601872.0000000000,32
150,104,3.2395855198,134562944.0000000000,24
150,105,3.6689569414,153738528.0000000000,12
150,106,3.6675109874,153779680.0000000000,9
150,107,3.6674030890,153779552.0000000000,26
150,108,3.6666021928,153777360.0000000000,5
150,109,3.6690092883,153781696.0000000000,6
150,110,3.6672891896,153779456.0000000000,9
150,111,3.6673269768,153775936.0000000000,8
150,112,3.6692222590,153778128.0000000000,28
150,113,3.6678717647,153781024.0000000000,18
150,114,3.6663745141,153778144.0000000000,8
150,115,3.6730683250,153784304.0000000000,16
150,116,3.6677438289,153782976.0000000000,32
150,117,3.2406594478,134598544.0000000000,30
150,118,3.2445100034,134599680.0000000000,23
150,119,3.2424175612,134553904.0000000000,38
150,120,3.6682234958,153732240.0000000000,38
150,121,3.6675241374,153778080.0000000000,0
150,122,3.6673959100,153776704.0000000000,31
150,123,3.6685011310,153786704.0000000000,36
150,124,3.6695165106,153768784.0000000000,19
150,125,3.6686330477,153783616.0000000000,27
150,126,3.6645704603,153782640.0000000000,29
150,127,3.6720780459,153772960.0000000000,23
150,128,3.6684784570,153780128.0000000000,18
150,129,3.6705242359,153776976.0000000000,12
150,130,3.6689839906,153776656.0000000000,10
150,131,3.6694543052,153773952.0000000000,10
150,132,3.2446738285,134606496.0000000000,3
150,133,3.2473692455,134596672.0000000000,20
150,134,3.2453993603,134557376.0000000000,22
150,135,0.6483581251,33579600.0000000000,31
150,136,0.6489878589,33586320.0000000000,32
150,137,0.6490771315,33585504.0000000000,1
150,138,0.6491485667,33582256.0000000000,2
150,139,0.6490644722,33588320.0000000000,3
150,140,0.6499241864,33582848.0000000000,23
150,141,0.6485985896,33587440.0000000000,35
150,142,0.6491565521,33585648.0000000000,34
150,143,0.6492652754,33585984.0000000000,4
150,144,0.6485579185,33588112.0000000000,25
150,145,0.6485081081,33584912.0000000000,33
150,146,0.6495857070,33584304.0000000000,30
150,147,0.6054947837,29431088.0000000000,39
150,148,0.6074222854,29432464.0000000000,13
150,149,0.6043510746,29425920.0000000000,14
150,150,0.2667404433,19560496.0000000000,3
150,151,0.2664135486,19560496.0000000000,25
150,152,0.2666676149,19560496.0000000000,26
150,153,0.2668802349,19560496.0000000000,4
150,154,0.2674739971,19560496.0000000000,12
150,155,0.2670918349,19560496.0000000000,30
150,156,0.2665924598,19560496.0000000000,32
150,157,0.2664348254,19560496.0000000000,25
150,158,0.2666864946,19560496.0000000000,6
150,159,0.2666983943,19560496.0000000000,3
150,160,0.2663362770,19560496.0000000000,2
150,161,0.2669470000,19560496.0000000000,5
150,162,0.2312864841,17158704.0000000000,30
150,163,0.2279301080,17158704.0000000000,7
150,164,0.2329853410,17158704.0000000000,9
150,165,0.2669032981,19560496.0000000000,9
150,166,0.2676742071,19560496.0000000000,23
150,167,0.2665014674,19560496.0000000000,27
150,168,0.2674897632,19560496.0000000000,12
150,169,0.2674981006,19560496.0000000000,28
150,170,0.2675625350,19560496.0000000000,23
150,171,0.2669315002,19560496.0000000000,5
150,172,0.2668003266,19560496.0000000000,18
150,173,0.2670431185,19560496.0000000000,8
150,174,0.2667277848,19560496.0000000000,31
150,175,0.2669341125,19560496.0000000000,4
150,176,0.2668752802,19560496.0000000000,1
150,177,0.2281522884,17158704.0000000000,27
150,178,0.2314513601,17158704.0000000000,25
150,179,0.2321911038,17158704.0000000000,8
150,180,0.2666664289,19560496.0000000000,13
150,181,0.2662408418,19560496.0000000000,0
150,182,0.2664254208,19560496.0000000000,2
150,183,0.2673749889,19560496.0000000000,12
150,184,0.2666182622,19560496.0000000000,26
150,185,0.2673349694,19560496.0000000000,30
150,186,0.2665095418,19560496.0000000000,27
150,187,0.2666549248,19560496.0000000000,14
150,188,0.2662197508,19560496.0000000000,27
150,189,0.2667127995,19560496.0000000000,26
150,190,0.2675074101,19560496.0000000000,12
150,191,0.2667518983,19560496.0000000000,6
150,192,0.2325524998,17158704.0000000000,26
150,193,0.2306524567,17158704.0000000000,35
150,194,0.2304033662,17158704.0000000000,11
150,195,0.2680919255,19560496.0000000000,15
150,196,0.2668570898,19560496.0000000000,5
150,197,0.2669616610,19560496.0000000000,31
150,198,0.2667450157,19560496.0000000000,32
150,199,0.2666738156,19560496.0000000000,3
150,200,0.2668850901,19560496.0000000000,13
150,201,0.2666133745,19560496.0000000000,6
150,202,0.2673731909,19560496.0000000000,28
150,203,0.2668412534,19560496.0000000000,35
150,204,0.2664982043,19560496.0000000000,34
150,205,0.2666823482,19560496.0000000000,3
150,206,0.2658811596,19560496.0000000000,11
150,207,0.2314736827,17158704.0000000000,25
150,208,0.2297225903,17158704.0000000000,14
150,209,0.2315737833,17158704.0000000000,16
150,210,0.2662133209,19560496.0000000000,19
150,211,0.2663850364,19560496.0000000000,2
150,212,0.2666305492,19560496.0000000000,26
150,213,0.2668003312,19560496.0000000000,13
150,214,0.2663183739,19560496.0000000000,14
150,215,0.2665220567,19560496.0000000000,32
150,216,0.2666998780,19560496.0000000000,36
150,217,0.2674150279,19560496.0000000000,28
150,218,0.2676203001,19560496.0000000000,16
150,219,0.2662966266,19560496.0000000000,39
150,220,0.2674728808,19560496.0000000000,28
150,221,0.2667603526,19560496.0000000000,5
150,222,0.2324857530,17158704.0000000000,15
150,223,0.2315566480,17158704.0000000000,37
150,224,0.2322994858,17158704.0000000000,28
150,225,0.2664220555,19560496.0000000000,34
150,226,0.2668885436,19560496.0000000000,31
150,227,0.2666838804,19560496.0000000000,4
150,228,0.2675363274,19560496.0000000000,28
150,229,0.2665326761,19560496.0000000000,26
150,230,0.2665721613,19560496.0000000000,24
150,231,0.2660311236,19560496.0000000000,7
150,232,0.2672225784,19560496.0000000000,10
150,233,0.2666094745,19560496.0000000000,4
150,234,0.2667610660,19560496.0000000000,25
150,235,0.2660655793,19560496.0000000000,7
150,236,0.2678558311,19560496.0000000000,20
150,237,0.2308181800,17158704.0000000000,4
150,238,0.2302295092,17158704.0000000000,0
150,239,0.2294890310,17158704.0000000000,2
150,240,0.2671459947,19560496.0000000000,38
150,241,0.2667653896,19560496.0000000000,1
150,242,0.2676263483,19560496.0000000000,23
150,243,0.2663265908,19560496.0000000000,37
150,244,0.2670204626,19560496.0000000000,8
150,245,0.2675883220,19560496.0000000000,23
150,246,0.2669220222,19560496.0000000000,9
150,247,0.2676744436,19560496.0000000000,23
150,248,0.2665789504,19560496.0000000000,32
150,249,0.2664070013,19560496.0000000000,27
150,250,0.2665108700,19560496.0000000000,32
150,251,0.2667716795,19560496.0000000000,4
150,252,0.2303081342,17158704.0000000000,23
150,253,0.2301935549,17158704.0000000000,5
150,254,0.2333230353,17158704.0000000000,20
150,255,0.2661281339,19560496.0000000000,7
150,256,0.2664404210,19560496.0000000000,26
150,257,0.2661334862,19560496.0000000000,33
150,258,0.2659459233,19560496.0000000000,7
150,259,0.2667710378,19560496.0000000000,35
150,260,0.2657250690,19560496.0000000000,7
150,261,0.2667340698,19560496.0000000000,6
150,262,0.2665290655,19560496.0000000000,25
150,263,0.2666842565,19560496.0000000000,9
150,264,0.2663849324,19560496.0000000000,34
150,265,0.2668504741,19560496.0000000000,8
150,266,0.2671215496,19560496.0000000000,38
150,267,0.2305183351,17158704.0000000000,22
150,268,0.2327553435,17158704.0000000000,17
150,269,0.2326790254,17158704.0000000000,3
150,270,0.2663415912,19560496.0000000000,39
150,271,0.2659568904,19560496.0000000000,7
150,272,0.2664118324,19560496.0000000000,27
150,273,0.2665164174,19560496.0000000000,2
150,274,0.2668273488,19560496.0000000000,9
150,275,0.2671514271,19560496.0000000000,10
150,276,0.2659382524,19560496.0000000000,7
150,277,0.2668320514,19560496.0000000000,31
150,278,0.2671875400,19560496.0000000000,10
150,279,0.2669895209,19560496.0000000000,8
150,280,0.2671103952,19560496.0000000000,10
150,281,0.2676885437,19560496.0000000000,21
150,282,0.2314759156,17158704.0000000000,6
150,283,0.2318374398,17158704.0000000000,36
150,284,0.2319560723,17158704.0000000000,32
150,285,0.2668310126,19560496.0000000000,4
150,286,0.2673522089,19560496.0000000000,30
150,287,0.2665039068,19560496.0000000000,34
150,288,0.2665257059,19560496.0000000000,26
150,289,0.2664029386,19560496.0000000000,27
150,290,0.2664100732,19560496.0000000000,27
150,291,0.2666753973,19560496.0000000000,6
150,292,0.2672352223,19560496.0000000000,10
150,293,0.2665214085,19560496.0000000000,36
150,294,0.2662655634,19560496.0000000000,29
150,295,0.2664730395,19560496.0000000000,2
150,296,0.2671639083,19560496.0000000000,30
150,297,0.2318818170,17158704.0000000000,38
150,298,0.2302419317,17158704.0000000000,23
150,299,0.2323909444,17158704.0000000000,13
150,300,0.2667647070,19560496.0000000000,35
150,301,0.2659915586,19560496.0000000000,33
150,302,0.2665460864,19560496.0000000000,32
150,303,0.2673655089,19560496.0000000000,28
150,304,0.2667367842,19560496.0000000000,31
150,305,0.2667782805,19560496.0000000000,6
150,306,0.2667503082,19560496.0000000000,1
150,307,0.2663239529,19560496.0000000000,34
150,308,0.2664345190,19560496.0000000000,14
150,309,0.2673713860,19560496.0000000000,30
150,310,0.2667020793,19560496.0000000000,13
150,311,0.2667724563,19560496.0000000000,3
150,312,0.2296046273,17158704.0000000000,31
150,313,0.2306567690,17158704.0000000000,0
150,314,0.2284284012,17158704.0000000000,29
150,315,0.2668031188,19560496.0000000000,3
150,316,0.2674551559,19560496.0000000000,12
150,317,0.2663727458,19560496.0000000000,25
150,318,0.2661958888,19560496.0000000000,29
150,319,0.2664829337,19560496.0000000000,2
150,320,0.2667855509,19560496.0000000000,31
150,321,0.2659931328,19560496.0000000000,33
150,322,0.2673375144,19560496.0000000000,30
150,323,0.2660364448,19560496.0000000000,33
150,324,0.2664008335,19560496.0000000000,2
150,325,0.2664061710,19560496.0000000000,14
150,326,0.2669181039,19560496.0000000000,4
150,327,0.2303121449,17158704.0000000000,11
150,328,0.2286157660,17158704.0000000000,24
150,329,0.2329521314,17158704.0000000000,12
150,330,0.2667111694,19560496.0000000000,9
150,331,0.2669569661,19560496.0000000000,18
150,332,0.2661580227,19560496.0000000000,0
150,333,0.2671541012,19560496.0000000000,10
150,334,0.2665728621,19560496.0000000000,32
150,335,0.2668289231,19560496.0000000000,3
150,336,0.2660165910,19560496.0000000000,33
150,337,0.2664597976,19560496.0000000000,26
150,338,0.2668356110,19560496.0000000000,35
150,339,0.2669385457,19560496.0000000000,38
150,340,0.2667631475,19560496.0000000000,6
150,341,0.2668354304,19560496.0000000000,8
150,342,0.2295276194,17158704.0000000000,19
150,343,0.2322182353,17158704.0000000000,32
150,344,0.2311518216,17158704.0000000000,34
150,345,0.2668430899,19560496.0000000000,31
150,346,0.2669305137,19560496.0000000000,8
150,347,0.2663364902,19560496.0000000000,27
150,348,0.2676780701,19560496.0000000000,20
150,349,0.2667464625,19560496.0000000000,4
150,350,0.2665409013,19560496.0000000000,25
150,351,0.2667183119,19560496.0000000000,3
150,352,0.2662590993,19560496.0000000000,39
150,353,0.2669083007,19560496.0000000000,1
150,354,0.2671761560,19560496.0000000000,28
150,355,0.2663159423,19560496.0000000000,25
150,356,0.2676952292,19560496.0000000000,23
150,357,0.2330408955,17158704.0000000000,12
150,358,0.2316496648,17158704.0000000000,8
150,359,0.2330268234,17158704.0000000000,9
150,360,0.2662137368,19560496.0000000000,39
150,361,0.2669055448,19560496.0000000000,1
150,362,0.2660485106,19560496.0000000000,39
150,363,0.2663030561,19560496.0000000000,37
150,364,0.2673003755,19560496.0000000000,10
150,365,0.2667856573,19560496.0000000000,6
150,366,0.2663665128,19560496.0000000000,14
150,367,0.2669409734,19560496.0000000000,8
150,368,0.2675137920,19560496.0000000000,28
150,369,0.2668459068,19560496.0000000000,9
150,370,0.2668952310,19560496.0000000000,8
150,371,0.2665676356,19560496.0000000000,14
150,372,0.2316226700,17158704.0000000000,6
150,373,0.2323184971,17158704.0000000000,21
150,374,0.2327351146,17158704.0000000000,10
150,375,0.2667865514,19560496.0000000000,5
150,376,0.2675843580,19560496.0000000000,12
150,377,0.2669759287,19560496.0000000000,1
150,378,0.2681156248,19560496.0000000000,15
150,379,0.2668676018,19560496.0000000000,13
150,380,0.2659829612,19560496.0000000000,7
150,381,0.2672304557,19560496.0000000000,10
150,382,0.2668889163,19560496.0000000000,5
150,383,0.2666423955,19560496.0000000000,5
150,384,0.2668116021,19560496.0000000000,1
150,385,0.2668882503,19560496.0000000000,13
150,386,0.2667251495,19560496.0000000000,5
150,387,0.2280994904,17158704.0000000000,33
150,388,0.2301248532,17158704.0000000000,1
150,389,0.2327350775,17158704.0000000000,10
150,390,0.2679726136,19560496.0000000000,17
150,391,0.2665011722,19560496.0000000000,34
150,392,0.2675238470,19560496.0000000000,21
150,393,0.2672195752,19560496.0000000000,22
150,394,0.2662094251,19560496.0000000000,39
150,395,0.2668971438,19560496.0000000000,9
150,396,0.2664686793,19560496.0000000000,2
150,397,0.2659526856,19560496.0000000000,33
150,398,0.2675620049,19560496.0000000000,23
150,399,0.2668387380,19560496.0000000000,9
150,400,0.2674591234,19560496.0000000000,12
150,401,0.2675876356,19560496.0000000000,16
150,402,0.2315966426,17158704.0000000000,39
150,403,0.2292858370,17158704.0000000000,18
150,404,0.2298649072,17158704.0000000000,31
150,405,0.2665356025,19560496.0000000000,36
150,406,0.2663525260,19560496.0000000000,19
150,407,0.2665237318,19560496.0000000000,24
150,408,0.2661632650,19560496.0000000000,37
150,409,0.2665886559,19560496.0000000000,35
150,410,0.2674752614,19560496.0000000000,12
150,411,0.2666848414,19560496.0000000000,35
150,412,0.2668951082,19560496.0000000000,1
150,413,0.2658104972,19560496.0000000000,11
150,414,0.2672164471,19560496.0000000000,22
150,415,0.2678544251,19560496.0000000000,17
150,416,0.2672228019,19560496.0000000000,30
150,417,0.2278641791,17158704.0000000000,7
150,418,0.2308142718,17158704.0000000000,30
150,419,0.2300246805,17158704.0000000000,5
150,420,0.2027743408,14756912.0000000000,17
150,421,0.2024945756,14756912.0000000000,21
150,422,0.2019337073,14756912.0000000000,18
150,423,0.2028549459,14756912.0000000000,15
150,424,0.2031658894,14756912.0000000000,16
150,425,0.2029263686,14756912.0000000000,20
150,426,0.2015574927,14756912.0000000000,19
150,427,0.2020496442,14756912.0000000000,26
150,428,0.2017407332,14756912.0000000000,27
150,429,0.2019667444,14756912.0000000000,24
150,430,0.2016102369,14756912.0000000000,29
150,431,0.2025396774,14756912.0000000000,28
150,432,0.1853929782,12944944.0000000000,14
150,433,0.1860041868,12944944.0000000000,13
150,434,0.1859696521,12944944.0000000000,22
200,0,0.0657892540,89320528.0000000000,18
200,1,0.0661326950,89295600.0000000000,11
200,2,0.0666179530,89114000.0000000000,0
200,3,0.0669241500,88774576.0000000000,24
200,4,0.0660236550,88210608.0000000000,16
200,5,0.0657110500,87530880.0000000000,21
200,6,0.0657262730,87214944.0000000000,17
200,7,0.0657198650,87201008.0000000000,15
200,8,0.0656841200,87417536.0000000000,22
200,9,0.0659752210,88080832.0000000000,20
200,10,0.0671407900,88882208.0000000000,19
200,11,0.0669735380,89370528.0000000000,29
200,12,0.0594388670,78399632.0000000000,36
200,13,0.0589064050,78430656.0000000000,37
200,14,0.0589958990,78392352.0000000000,38
200,15,0.1141652960,153715504.0000000000,8
200,16,0.1145990290,153833440.0000000000,26
200,17,0.1156665680,153987664.0000000000,33
200,18,0.1163415210,154359168.0000000000,34
200,19,0.1170407710,155074512.0000000000,3
200,20,0.1189645880,155896592.0000000000,1
200,21,0.1190840630,156116112.0000000000,22
200,22,0.1190351660,156174128.0000000000,37
200,23,0.1189171940,156170096.0000000000,11
200,24,0.1184915750,155672144.0000000000,24
200,25,0.1169344010,154772000.0000000000,30
200,26,0.1162621250,154193184.0000000000,2
200,27,0.1015591920,134723424.0000000000,1
200,28,0.1012642360,134636512.0000000000,4
200,29,0.1010750270,134550688.0000000000,16
200,30,0.1137905590,153732784.0000000000,21
200,31,0.1138037120,153774672.0000000000,36
200,32,0.1139089500,153776912.0000000000,4
200,33,0.1138653020,153776688.0000000000,30
200,34,0.1139218420,153779568.0000000000,13
200,35,0.1139363500,153779888.0000000000,28
200,36,0.1140109250,153783440.0000000000,14
200,37,0.1139066800,153780848.0000000000,27
200,38,0.1139885940,153783200.0000000000,5
200,39,0.1138635380,153780624.0000000000,25
200,40,0.1139153700,153781488.0000000000,4
200,41,0.1138552350,153776512.0000000000,7
200,42,0.1008675260,134597616.0000000000,17
200,43,0.1007566430,134597440.0000000000,15
200,44,0.1007858380,134555664.0000000000,18
200,45,0.1137339890,153741824.0000000000,29
200,46,0.1138302850,153779888.0000000000,31
200,47,0.1139054020,153780592.0000000000,15
200,48,0.1137451940,153774784.0000000000,11
200,49,0.1137885800,153778992.0000000000,3
200,50,0.1138225570,153777424.0000000000,25
200,51,0.1139726860,153776384.0000000000,2
200,52,0.1139589130,153777168.0000000000,15
200,53,0.1138978480,153778784.0000000000,14
200,54,0.1137927430,153781632.0000000000,39
200,55,0.1139216540,153776240.0000000000,13
200,56,0.1138524070,153780096.0000000000,35
200,57,0.1005561670,134602960.0000000000,29
200,58,0.1008579190,134599440.0000000000,21
200,59,0.1004755070,134559728.0000000000,19
200,60,0.1138387150,153739312.0000000000,6
200,61,0.1138658410,153776800.0000000000,17
200,62,0.1137870690,153778496.0000000000,26
200,63,0.1138191460,153782432.0000000000,5
200,64,0.1139861530,153781248.0000000000,17
200,65,0.1138103530,153777296.0000000000,0
200,66,0.1138786270,153778608.0000000000,21
200,67,0.1137193190,153776448.0000000000,39
200,68,0.1139126920,153783168.0000000000,20
200,69,0.1138813100,153778112.0000000000,16
200,70,0.1140187390,153777344.0000000000,20
200,71,0.1137266240,153779648.0000000000,33
200,72,0.1006435570,134602080.0000000000,25
200,73,0.1007734340,134597728.0000000000,2
200,74,0.1005314880,134558528.0000000000,31
200,75,0.1139243350,153741040.0000000000,28
200,76,0.1138545340,153778144.0000000000,12
200,77,0.1138024190,153779168.0000000000,27
200,78,0.1138617780,153777296.0000000000,10
200,79,0.1137700730,153777584.0000000000,24
200,80,0.1139968140,153776672.0000000000,1
200,81,0.1138618260,153779952.0000000000,6
200,82,0.1139503770,153783040.0000000000,23
200,83,0.1141205350,153776720.0000000000,22
200,84,0.1138475960,153776720.0000000000,32
200,85,0.1138450020,153780432.0000000000,35
200,86,0.1140261460,153780352.0000000000,14
200,87,0.1005306040,134597904.0000000000,11
200,88,0.1005757820,134600896.0000000000,37
200,89,0.1005620650,134559840.0000000000,0
200,90,0.1138094670,153738384.0000000000,9
200,91,0.1138680250,153777408.0000000000,19
200,92,0.1137954870,153781648.0000000000,38
200,93,0.1137546990,153780688.0000000000,37
200,94,0.1137676850,153781136.0000000000,35
200,95,0.1137986170,153779072.0000000000,7
200,96,0.1137783550,153776288.0000000000,34
200,97,0.1137635640,153778288.0000000000,33
200,98,0.1139287250,153777200.0000000000,13
200,99,0.1138405550,153778576.0000000000,34
200,100,0.1137565440,153778208.0000000000,7
200,101,0.1137728820,153779472.0000000000,39
200,102,0.1006387620,134598592.0000000000,36
200,103,0.1007517840,134604064.0000000000,32
200,104,0.1006335900,134557184.0000000000,24
200,105,0.1139815490,153723152.0000000000,12
200,106,0.1141345560,153782672.0000000000,9
200,107,0.1138266450,153778976.0000000000,26
200,108,0.1138764060,153778352.0000000000,5
200,109,0.1139677230,153777104.0000000000,6
200,110,0.1138993000,153780944.0000000000,9
200,111,0.1139622820,153776240.0000000000,8
200,112,0.1141969740,153777968.0000000000,28
200,113,0.1138594470,153783520.0000000000,18
200,114,0.1137823070,153777152.0000000000,8
200,115,0.1140566310,153781728.0000000000,16
200,116,0.1139311980,153783024.0000000000,32
200,117,0.1007009150,134597536.0000000000,30
200,118,0.1006792810,134599952.0000000000,23
200,119,0.1007233970,134537520.0000000000,38
200,120,0.1139183160,153714928.0000000000,38
200,121,0.1138608480,153774816.0000000000,0
200,122,0.1138421580,153771072.0000000000,31
200,123,0.1139594050,153787120.0000000000,36
200,124,0.1140276030,153770560.0000000000,19
200,125,0.1139716180,153777040.0000000000,27
200,126,0.1138937780,153785472.0000000000,29
200,127,0.1139671010,153772176.0000000000,23
200,128,0.1138580470,153782640.0000000000,18
200,129,0.1139990440,153779232.0000000000,12
200,130,0.1138615690,153774576.0000000000,10
200,131,0.1138503560,153774848.0000000000,10
200,132,0.1008143560,134606368.0000000000,3
200,133,0.1008975650,134597648.0000000000,20
200,134,0.1007345000,134539520.0000000000,22
200,135,0.0201408470,33578944.0000000000,31
200,136,0.0201849730,33587568.0000000000,32
200,137,0.0200306840,33587696.0000000000,1
200,138,0.0200400620,33581248.0000000000,2
200,139,0.0199956070,33588976.0000000000,3
200,140,0.0200488860,33584432.0000000000,23
200,141,0.0200605030,33587216.0000000000,35
200,142,0.0200076120,33585696.0000000000,34
200,143,0.0201032340,33585152.0000000000,4
200,144,0.0199993260,33586784.0000000000,25
200,145,0.0200154550,33585408.0000000000,33
200,146,0.0200592970,33585568.0000000000,30
200,147,0.0188355910,29430144.0000000000,39
200,148,0.0187607120,29432240.0000000000,13
200,149,0.0188073310,29424688.0000000000,14
200,150,0.0081737950,19560496.0000000000,3
200,151,0.0081618800,19560496.0000000000,25
200,152,0.0081462790,19560496.0000000000,26
200,153,0.0081830240,19560496.0000000000,4
200,154,0.0082043740,19560496.0000000000,12
200,155,0.0081758270,19560496.0000000000,30
200,156,0.0081542490,19560496.0000000000,32
200,157,0.0081540950,19560496.0000000000,25
200,158,0.0081577350,19560496.0000000000,6
200,159,0.0081655010,19560496.0000000000,3
200,160,0.0081655390,19560496.0000000000,2
200,161,0.0081642280,19560496.0000000000,5
200,162,0.0071016720,17158704.0000000000,30
200,163,0.0069392440,17158704.0000000000,7
200,164,0.0071388820,17158704.0000000000,9
200,165,0.0081784100,19560496.0000000000,9
200,166,0.0081891380,19560496.0000000000,23
200,167,0.0081781700,19560496.0000000000,27
200,168,0.0081859260,19560496.0000000000,12
200,169,0.0081912790,19560496.0000000000,28
200,170,0.0081975660,19560496.0000000000,23
200,171,0.0081716420,19560496.0000000000,5
200,172,0.0081698460,19560496.0000000000,18
200,173,0.0081740540,19560496.0000000000,8
200,174,0.0081660200,19560496.0000000000,31
200,175,0.0081623750,19560496.0000000000,4
200,176,0.0081780140,19560496.0000000000,1
200,177,0.0070366850,17158704.0000000000,27
200,178,0.0070149010,17158704.0000000000,25
200,179,0.0070976930,17158704.0000000000,8
200,180,0.0081764490,19560496.0000000000,13
200,181,0.0081387490,19560496.0000000000,0
200,182,0.0081660100,19560496.0000000000,2
200,183,0.0081905760,19560496.0000000000,12
200,184,0.0081530320,19560496.0000000000,26
200,185,0.0082054960,19560496.0000000000,30
200,186,0.0081757370,19560496.0000000000,27
200,187,0.0081734140,19560496.0000000000,14
200,188,0.0081526900,19560496.0000000000,27
200,189,0.0081672800,19560496.0000000000,26
200,190,0.0081935820,19560496.0000000000,12
200,191,0.0081664210,19560496.0000000000,6
200,192,0.0071201770,17158704.0000000000,26
200,193,0.0069695980,17158704.0000000000,35
200,194,0.0070000050,17158704.0000000000,11
200,195,0.0081876710,19560496.0000000000,15
200,196,0.0081654390,19560496.0000000000,5
200,197,0.0081764970,19560496.0000000000,31
200,198,0.0081848770,19560496.0000000000,32
200,199,0.0081614830,19560496.0000000000,3
200,200,0.0081615800,19560496.0000000000,13
200,201,0.0081517660,19560496.0000000000,6
200,202,0.0081646490,19560496.0000000000,28
200,203,0.0081550520,19560496.0000000000,35
200,204,0.0081430860,19560496.0000000000,34
200,205,0.0081680940,19560496.0000000000,3
200,206,0.0081291260,19560496.0000000000,11
200,207,0.0069880960,17158704.0000000000,25
200,208,0.0069987860,17158704.0000000000,14
200,209,0.0071333590,17158704.0000000000,16
200,210,0.0081874010,19560496.0000000000,19
200,211,0.0081669010,19560496.0000000000,2
200,212,0.0081600670,19560496.0000000000,26
200,213,0.0081857350,19560496.0000000000,13
200,214,0.0081473820,19560496.0000000000,14
200,215,0.0081444200,19560496.0000000000,32
200,216,0.0081627210,19560496.0000000000,36
200,217,0.0082088230,19560496.0000000000,28
200,218,0.0082095820,19560496.0000000000,16
200,219,0.0081411380,19560496.0000000000,39
200,220,0.0081884710,19560496.0000000000,28
200,221,0.0081808000,19560496.0000000000,5
200,222,0.0071360720,17158704.0000000000,15
200,223,0.0070958020,17158704.0000000000,37
200,224,0.0071131340,17158704.0000000000,28
200,225,0.0081350330,19560496.0000000000,34
200,226,0.0081674510,19560496.0000000000,31
200,227,0.0081645580,19560496.0000000000,4
200,228,0.0081798340,19560496.0000000000,28
200,229,0.0081821790,19560496.0000000000,26
200,230,0.0081879380,19560496.0000000000,24
200,231,0.0081378950,19560496.0000000000,7
200,232,0.0082017270,19560496.0000000000,10
200,233,0.0081802590,19560496.0000000000,4
200,234,0.0081689030,19560496.0000000000,25
200,235,0.0081535050,19560496.0000000000,7
200,236,0.0081801300,19560496.0000000000,20
200,237,0.0070713480,17158704.0000000000,4
200,238,0.0071019460,17158704.0000000000,0
200,239,0.0070877970,17158704.0000000000,2
200,240,0.0082013040,19560496.0000000000,38
200,241,0.0081624330,19560496.0000000000,1
200,242,0.0082015350,19560496.0000000000,23
200,243,0.0081558890,19560496.0000000000,37
200,244,0.0081701780,19560496.0000000000,8
200,245,0.0081910930,19560496.0000000000,23
200,246,0.0081554390,19560496.0000000000,9
200,247,0.0081883870,19560496.0000000000,23
200,248,0.0081462230,19560496.0000000000,32
200,249,0.0081611580,19560496.0000000000,27
200,250,0.0081689970,19560496.0000000000,32
200,251,0.0081690370,19560496.0000000000,4
200,252,0.0070740170,17158704.0000000000,23
200,253,0.0070236570,17158704.0000000000,5
200,254,0.0071655530,17158704.0000000000,20
200,255,0.0081452120,19560496.0000000000,7
200,256,0.0081202890,19560496.0000000000,26
200,257,0.0081437470,19560496.0000000000,33
200,258,0.0081385200,19560496.0000000000,7
200,259,0.0081537590,19560496.0000000000,35
200,260,0.0081496490,19560496.0000000000,7
200,261,0.0081445000,19560496.0000000000,6
200,262,0.0081633400,19560496.0000000000,25
200,263,0.0081489940,19560496.0000000000,9
200,264,0.0082158960,19560496.0000000000,34
200,265,0.0081547950,19560496.0000000000,8
200,266,0.0081848520,19560496.0000000000,38
200,267,0.0070395310,17158704.0000000000,22
200,268,0.0071082230,17158704.0000000000,17
200,269,0.0071147300,17158704.0000000000,3
200,270,0.0081524300,19560496.0000000000,39
200,271,0.0081413950,19560496.0000000000,7
200,272,0.0081516090,19560496.0000000000,27
200,273,0.0081610910,19560496.0000000000,2
200,274,0.0081501780,19560496.0000000000,9
200,275,0.0081687430,19560496.0000000000,10
200,276,0.0081384380,19560496.0000000000,7
200,277,0.0081536530,19560496.0000000000,31
200,278,0.0081743950,19560496.0000000000,10
200,279,0.0081819290,19560496.0000000000,8
200,280,0.0081807260,19560496.0000000000,10
200,281,0.0081955800,19560496.0000000000,21
200,282,0.0069642510,17158704.0000000000,6
200,283,0.0070644730,17158704.0000000000,36
200,284,0.0071185770,17158704.0000000000,32
200,285,0.0081805190,19560496.0000000000,4
200,286,0.0081876610,19560496.0000000000,30
200,287,0.0081796980,19560496.0000000000,34
200,288,0.0081413790,19560496.0000000000,26
200,289,0.0081626200,19560496.0000000000,27
200,290,0.0081517700,19560496.0000000000,27
200,291,0.0081491490,19560496.0000000000,6
200,292,0.0081786830,19560496.0000000000,10
200,293,0.0081703650,19560496.0000000000,36
200,294,0.0081421020,19560496.0000000000,29
200,295,0.0081691560,19560496.0000000000,2
200,296,0.0081818090,19560496.0000000000,30
200,297,0.0071256120,17158704.0000000000,38
200,298,0.0070864420,17158704.0000000000,23
200,299,0.0070821670,17158704.0000000000,13
200,300,0.0081452520,19560496.0000000000,35
200,301,0.0081436390,19560496.0000000000,33
200,302,0.0081507930,19560496.0000000000,32
200,303,0.0081805470,19560496.0000000000,28
200,304,0.0081477910,19560496.0000000000,31
200,305,0.0081755600,19560496.0000000000,6
200,306,0.0081942660,19560496.0000000000,1
200,307,0.0081501300,19560496.0000000000,34
200,308,0.0081596260,19560496.0000000000,14
200,309,0.0081782210,19560496.0000000000,30
200,310,0.0081526640,19560496.0000000000,13
200,311,0.0081582550,19560496.0000000000,3
200,312,0.0071064330,17158704.0000000000,31
200,313,0.0070476500,17158704.0000000000,0
200,314,0.0070237420,17158704.0000000000,29
200,315,0.0081586450,19560496.0000000000,3
200,316,0.0081843450,19560496.0000000000,12
200,317,0.0081607980,19560496.0000000000,25
200,318,0.0081526430,19560496.0000000000,29
200,319,0.0081626930,19560496.0000000000,2
200,320,0.0081832800,19560496.0000000000,31
200,321,0.0081435290,19560496.0000000000,33
200,322,0.0081835330,19560496.0000000000,30
200,323,0.0081412040,19560496.0000000000,33
200,324,0.0081638750,19560496.0000000000,2
200,325,0.0081822880,19560496.0000000000,14
200,326,0.0081564310,19560496.0000000000,4
200,327,0.0069921790,17158704.0000000000,11
200,328,0.0070511510,17158704.0000000000,24
200,329,0.0070825170,17158704.0000000000,12
200,330,0.0081731920,19560496.0000000000,9
200,331,0.0081760260,19560496.0000000000,18
200,332,0.0081501620,19560496.0000000000,0
200,333,0.0081698440,19560496.0000000000,10
200,334,0.0081429380,19560496.0000000000,32
200,335,0.0081675920,19560496.0000000000,3
200,336,0.0081502410,19560496.0000000000,33
200,337,0.0081447960,19560496.0000000000,26
200,338,0.0081466030,19560496.0000000000,35
200,339,0.0081796820,19560496.0000000000,38
200,340,0.0081863720,19560496.0000000000,6
200,341,0.0081416810,19560496.0000000000,8
200,342,0.0070355200,17158704.0000000000,19
200,343,0.0070808120,17158704.0000000000,32
200,344,0.0070962630,17158704.0000000000,34
200,345,0.0081600590,19560496.0000000000,31
200,346,0.0081672610,19560496.0000000000,8
200,347,0.0081721700,19560496.0000000000,27
200,348,0.0081961920,19560496.0000000000,20
200,349,0.0081775520,19560496.0000000000,4
200,350,0.0081389360,19560496.0000000000,25
200,351,0.0081781740,19560496.0000000000,3
200,352,0.0081637930,19560496.0000000000,39
200,353,0.0081790460,19560496.0000000000,1
200,354,0.0081860470,19560496.0000000000,28
200,355,0.0081468000,19560496.0000000000,25
200,356,0.0081908710,19560496.0000000000,23
200,357,0.0071267240,17158704.0000000000,12
200,358,0.0070149310,17158704.0000000000,8
200,359,0.0071355750,17158704.0000000000,9
200,360,0.0081366790,19560496.0000000000,39
200,361,0.0081831140,19560496.0000000000,1
200,362,0.0081428220,19560496.0000000000,39
200,363,0.0081434420,19560496.0000000000,37
200,364,0.0081906350,19560496.0000000000,10
200,365,0.0081452310,19560496.0000000000,6
200,366,0.0081614490,19560496.0000000000,14
200,367,0.0081864680,19560496.0000000000,8
200,368,0.0081733120,19560496.0000000000,28
200,369,0.0081769080,19560496.0000000000,9
200,370,0.0081737120,19560496.0000000000,8
200,371,0.0081503880,19560496.0000000000,14
200,372,0.0070623830,17158704.0000000000,6
200,373,0.0070292900,17158704.0000000000,21
200,374,0.0071072810,17158704.0000000000,10
200,375,0.0081726240,19560496.0000000000,5
200,376,0.0081818190,19560496.0000000000,12
200,377,0.0081655680,19560496.0000000000,1
200,378,0.0081930290,19560496.0000000000,15
200,379,0.0081723020,19560496.0000000000,13
200,380,0.0081386200,19560496.0000000000,7
200,381,0.0081687530,19560496.0000000000,10
200,382,0.0081766840,19560496.0000000000,5
200,383,0.0081769920,19560496.0000000000,5
200,384,0.0081588170,19560496.0000000000,1
200,385,0.0081933700,19560496.0000000000,13
200,386,0.0082017410,19560496.0000000000,5
200,387,0.0069485370,17158704.0000000000,33
200,388,0.0071051110,17158704.0000000000,1
200,389,0.0071129320,17158704.0000000000,10
200,390,0.0082094800,19560496.0000000000,17
200,391,0.0081622350,19560496.0000000000,34
200,392,0.0081723170,19560496.0000000000,21
200,393,0.0081638290,19560496.0000000000,22
200,394,0.0081557270,19560496.0000000000,39
200,395,0.0081902530,19560496.0000000000,9
200,396,0.0081719430,19560496.0000000000,2
200,397,0.0081297710,19560496.0000000000,33
200,398,0.0081699320,19560496.0000000000,23
200,399,0.0081822080,19560496.0000000000,9
200,400,0.0082002150,19560496.0000000000,12
200,401,0.0081986810,19560496.0000000000,16
200,402,0.0070352540,17158704.0000000000,39
200,403,0.0070086380,17158704.0000000000,18
200,404,0.0069875630,17158704.0000000000,31
200,405,0.0081556790,19560496.0000000000,36
200,406,0.0081556680,19560496.0000000000,19
200,407,0.0081499370,19560496.0000000000,24
200,408,0.0081414270,19560496.0000000000,37
200,409,0.0081560220,19560496.0000000000,35
200,410,0.0082017880,19560496.0000000000,12
200,411,0.0081490000,19560496.0000000000,35
200,412,0.0081622030,19560496.0000000000,1
200,413,0.0081385230,19560496.0000000000,11
200,414,0.0081695100,19560496.0000000000,22
200,415,0.0082157150,19560496.0000000000,17
200,416,0.0081536750,19560496.0000000000,30
200,417,0.0069559750,17158704.0000000000,7
200,418,0.0069867700,17158704.0000000000,30
200,419,0.0070182260,17158704.0000000000,5
200,420,0.0062160640,14756912.0000000000,17
200,421,0.0062199710,14756912.0000000000,21
200,422,0.0061916590,14756912.0000000000,18
200,423,0.0062080440,14756912.0000000000,15
200,424,0.0062259260,14756912.0000000000,16
200,425,0.0062099790,14756912.0000000000,20
200,426,0.0061728920,14756912.0000000000,19
200,427,0.0061793080,14756912.0000000000,26
200,428,0.0061703070,14756912.0000000000,27
200,429,0.0061913200,14756912.0000000000,24
200,430,0.0061775960,14756912.0000000000,29
200,431,0.0062100180,14756912.0000000000,28
200,432,0.0056835230,12944944.0000000000,14
200,433,0.0057111230,12944944.0000000000,13
200,434,0.0056814110,12944944.0000000000,22
250,0,2.1237360820,89163072.0000000000,18
250,1,2.1381377951,89074816.0000000000,11
250,2,2.1540390286,88632096.0000000000,0
250,3,2.1355627845,87770448.0000000000,24
250,4,2.1255228250,86969792.0000000000,16
250,5,2.1262876735,86933696.0000000000,21
250,6,2.1288280119,86989104.0000000000,17
250,7,2.1309186579,87044368.0000000000,15
250,8,2.1310645508,87115104.0000000000,22
250,9,2.1300285615,87209552.0000000000,20
250,10,2.1422009551,87794832.0000000000,19
250,11,2.1657062237,89049856.0000000000,29
250,12,1.9225682153,78427856.0000000000,36
250,13,1.9057634232,78522160.0000000000,37
250,14,1.9012394055,78471088.0000000000,38
250,15,3.6798026970,153705856.0000000000,8
250,16,3.7046173535,153914864.0000000000,26
250,17,3.7377143348,154304960.0000000000,33
250,18,3.7679118015,155260992.0000000000,34
250,19,3.8191888101,155967488.0000000000,3
250,20,3.8437668371,156088144.0000000000,1
250,21,3.8478890335,156153472.0000000000,22
250,22,3.8431000477,156222384.0000000000,37
250,23,3.8426241318,156281536.0000000000,11
250,24,3.8387123909,156347616.0000000000,24
250,25,3.8061797596,156104352.0000000000,30
250,26,3.7545083829,154838080.0000000000,2
250,27,3.2724743374,134909120.0000000000,1
250,28,3.2622544377,134690048.0000000000,4
250,29,3.2578376896,134551984.0000000000,16
250,30,3.6675525871,153728512.0000000000,21
250,31,3.6650844990,153778032.0000000000,36
250,32,3.6666355348,153777504.0000000000,4
250,33,3.6646755083,153775072.0000000000,30
250,34,3.6688671886,153781584.0000000000,13
250,35,3.6676092638,153779296.0000000000,28
250,36,3.6682372518,153783904.0000000000,14
250,37,3.6676371591,153781984.0000000000,27
250,38,3.6659888055,153781312.0000000000,5
250,39,3.6653555157,153784128.0000000000,25
250,40,3.6667639575,153778512.0000000000,4
250,41,3.6650262925,153774448.0000000000,7
250,42,3.2447520420,134600336.0000000000,17
250,43,3.2455389787,134597088.0000000000,15
250,44,3.2383027747,134545536.0000000000,18
250,45,3.6602016319,153732912.0000000000,29
250,46,3.6642275789,153778224.0000000000,31
250,47,3.6685250694,153776432.0000000000,15
250,48,3.6612670245,153776416.0000000000,11
250,49,3.6632846861,153778864.0000000000,3
250,50,3.6634762126,153779344.0000000000,25
250,51,3.6644386838,153778672.0000000000,2
250,52,3.6685686809,153775232.0000000000,15
250,53,3.6660349833,153778592.0000000000,14
250,54,3.6630343719,153780672.0000000000,39
250,55,3.6667433077,153777552.0000000000,13
250,56,3.6645031998,153779776.0000000000,35
250,57,3.2364075441,134599696.0000000000,29
250,58,3.2442970404,134600096.0000000000,21
250,59,3.2376299168,134555984.0000000000,19
250,60,3.6652980739,153736176.0000000000,6
250,61,3.6674818650,153775904.0000000000,17
250,62,3.6648712761,153780816.0000000000,26
250,63,3.6628064378,153782288.0000000000,5
250,64,3.6677277636,153779056.0000000000,17
250,65,3.6631628324,153781696.0000000000,0
250,66,3.6668874662,153778384.0000000000,21
250,67,3.6614368492,153779824.0000000000,39
250,68,3.6675495872,153780576.0000000000,20
250,69,3.6681516441,153774736.0000000000,16
250,70,3.6669732138,153779600.0000000000,20
250,71,3.6612611819,153779296.0000000000,33
250,72,3.2415388644,134601392.0000000000,25
250,73,3.2397758047,134598208.0000000000,2
250,74,3.2375025431,134553904.0000000000,31
250,75,3.6651712671,153738080.0000000000,28
250,76,3.6674143230,153780128.0000000000,12
250,77,3.6647107397,153779632.0000000000,27
250,78,3.6653285907,153778656.0000000000,10
250,79,3.6637786511,153777920.0000000000,24
250,80,3.6664711100,153775520.0000000000,1
250,81,3.6659237787,153781584.0000000000,6
250,82,3.6691442091,153781984.0000000000,23
250,83,3.6678934064,153776880.0000000000,22
250,84,3.6651513040,153782368.0000000000,32
250,85,3.6633713235,153778800.0000000000,35
250,86,3.6655220664,153781040.0000000000,14
250,87,3.2381306010,134596336.0000000000,11
250,88,3.2389834022,134602416.0000000000,37
250,89,3.2393189192,134553824.0000000000,0
250,90,3.6636658097,153731232.0000000000,9
250,91,3.6649143197,153777920.0000000000,19
250,92,3.6641014870,153778480.0000000000,38
250,93,3.6619072344,153777584.0000000000,37
250,94,3.6629018863,153783264.0000000000,35
250,95,3.6625350759,153778240.0000000000,7
250,96,3.6633565518,153775648.0000000000,34
250,97,3.6616452628,153778928.0000000000,33
250,98,3.6662283471,153777184.0000000000,13
250,99,3.6637143746,153780432.0000000000,34
250,100,3.6623063704,153778752.0000000000,7
250,101,3.6617235821,153780096.0000000000,39
250,102,3.2416414443,134596752.0000000000,36
250,103,3.2413540251,134602528.0000000000,32
250,104,3.2377656874,134557984.0000000000,24
250,105,3.6667102797,153713568.0000000000,12
250,106,3.6655098452,153780560.0000000000,9
250,107,3.6662537098,153783936.0000000000,26
250,108,3.6651869488,153783040.0000000000,5
250,109,3.6671694696,153777472.0000000000,6
250,110,3.6654999627,153782032.0000000000,9
250,111,3.6655281670,153777360.0000000000,8
250,112,3.6668832390,153777776.0000000000,28
250,113,3.6661468354,153780608.0000000000,18
250,114,3.6651583790,153776816.0000000000,8
250,115,3.6703066264,153780208.0000000000,16
250,116,3.6665105909,153781712.0000000000,32
250,117,3.2400015598,134598848.0000000000,30
250,118,3.2446004779,134597440.0000000000,23
250,119,3.2413711412,134525120.0000000000,38
250,120,3.6648610052,153697888.0000000000,38
250,121,3.6667522985,153777008.0000000000,0
250,122,3.6653252599,153768176.0000000000,31
250,123,3.6667400905,153783984.0000000000,36
250,124,3.6676641343,153772176.0000000000,19
250,125,3.6664367215,153775312.0000000000,27
250,126,3.6630059403,153788736.0000000000,29
250,127,3.6699147382,153775472.0000000000,23
250,128,3.6664264184,153779504.0000000000,18
250,129,3.6683736072,153779632.0000000000,12
250,130,3.6675232698,153774192.0000000000,10
250,131,3.6664989870,153773072.0000000000,10
250,132,3.2449477300,134607840.0000000000,3
250,133,3.2476201004,134597168.0000000000,20
250,134,3.2446885131,134523056.0000000000,22
250,135,0.6486120875,33578016.0000000000,31
250,136,0.6489785513,33586496.0000000000,32
250,137,0.6494458632,33588384.0000000000,1
250,138,0.6485951510,33581056.0000000000,2
250,139,0.6486332652,33589168.0000000000,3
250,140,0.6498731515,33583536.0000000000,23
250,141,0.6485110427,33587248.0000000000,35
250,142,0.6488939702,33585008.0000000000,34
250,143,0.6489911572,33586208.0000000000,4
250,144,0.6483198348,33586768.0000000000,25
250,145,0.6485092816,33585168.0000000000,33
250,146,0.6491451250,33588928.0000000000,30
250,147,0.6058128243,29429536.0000000000,39
250,148,0.6070373915,29435136.0000000000,13
250,149,0.6044894887,29423952.0000000000,14
250,150,0.2666589381,19560496.0000000000,3
250,151,0.2664299129,19560496.0000000000,25
250,152,0.2666594878,19560496.0000000000,26
250,153,0.2669917624,19560496.0000000000,4
250,154,0.2674910824,19560496.0000000000,12
250,155,0.2672853514,19560496.0000000000,30
250,156,0.2665542936,19560496.0000000000,32
250,157,0.2664758940,19560496.0000000000,25
250,158,0.2667000078,19560496.0000000000,6
250,159,0.2668163992,19560496.0000000000,3
250,160,0.2665569556,19560496.0000000000,2
250,161,0.2668143477,19560496.0000000000,5
250,162,0.2308874210,17158704.0000000000,30
250,163,0.2278490278,17158704.0000000000,7
250,164,0.2329784668,17158704.0000000000,9
250,165,0.2669439129,19560496.0000000000,9
250,166,0.2676780679,19560496.0000000000,23
250,167,0.2665842044,19560496.0000000000,27
250,168,0.2674056210,19560496.0000000000,12
250,169,0.2676270005,19560496.0000000000,28
250,170,0.2677100757,19560496.0000000000,23
250,171,0.2667682358,19560496.0000000000,5
250,172,0.2668444196,19560496.0000000000,18
250,173,0.2670557678,19560496.0000000000,8
250,174,0.2668143628,19560496.0000000000,31
250,175,0.2669983150,19560496.0000000000,4
250,176,0.2669243640,19560496.0000000000,1
250,177,0.2282164387,17158704.0000000000,27
250,178,0.2315840435,17158704.0000000000,25
250,179,0.2319069620,17158704.0000000000,8
250,180,0.2668330546,19560496.0000000000,13
250,181,0.2662915604,19560496.0000000000,0
250,182,0.2664684781,19560496.0000000000,2
250,183,0.2675112554,19560496.0000000000,12
250,184,0.2666333096,19560496.0000000000,26
250,185,0.2674174821,19560496.0000000000,30
250,186,0.2665387041,19560496.0000000000,27
250,187,0.2665023280,19560496.0000000000,14
250,188,0.2663961239,19560496.0000000000,27
250,189,0.2666245072,19560496.0000000000,26
250,190,0.2675200812,19560496.0000000000,12
250,191,0.2666281248,19560496.0000000000,6
250,192,0.2326677043,17158704.0000000000,26
250,193,0.2305600189,17158704.0000000000,35
250,194,0.2300643647,17158704.0000000000,11
250,195,0.2680137209,19560496.0000000000,15
250,196,0.2667546454,19560496.0000000000,5
250,197,0.2668716937,19560496.0000000000,31
250,198,0.2667349559,19560496.0000000000,32
250,199,0.2667454725,19560496.0000000000,3
250,200,0.2668608941,19560496.0000000000,13
250,201,0.2666493437,19560496.0000000000,6
250,202,0.2687176098,19560496.0000000000,28
250,203,0.2667712129,19560496.0000000000,35
250,204,0.2664547154,19560496.0000000000,34
250,205,0.2666197949,19560496.0000000000,3
250,206,0.2659686084,19560496.0000000000,11
250,207,0.2314152102,17158704.0000000000,25
250,208,0.2290244651,17158704.0000000000,14
250,209,0.2316434398,17158704.0000000000,16
250,210,0.2663320138,19560496.0000000000,19
250,211,0.2664718469,19560496.0000000000,2
250,212,0.2666210614,19560496.0000000000,26
250,213,0.2667797754,19560496.0000000000,13
250,214,0.2663054309,19560496.0000000000,14
250,215,0.2665812304,19560496.0000000000,32
250,216,0.2665201718,19560496.0000000000,36
250,217,0.2674428534,19560496.0000000000,28
250,218,0.2676793978,19560496.0000000000,16
250,219,0.2663006649,19560496.0000000000,39
250,220,0.2675329880,19560496.0000000000,28
250,221,0.2668525930,19560496.0000000000,5
250,222,0.2327120917,17158704.0000000000,15
250,223,0.2316192394,17158704.0000000000,37
250,224,0.2326788255,17158704.0000000000,28
250,225,0.2662771413,19560496.0000000000,34
250,226,0.2668259285,19560496.0000000000,31
250,227,0.2667951164,19560496.0000000000,4
250,228,0.2672900671,19560496.0000000000,28
250,229,0.2665126572,19560496.0000000000,26
250,230,0.2667095934,19560496.0000000000,24
250,231,0.2660288721,19560496.0000000000,7
250,232,0.2672459398,19560496.0000000000,10
250,233,0.2667883150,19560496.0000000000,4
250,234,0.2666467495,19560496.0000000000,25
250,235,0.2659848324,19560496.0000000000,7
250,236,0.2677710775,19560496.0000000000,20
250,237,0.2309332637,17158704.0000000000,4
250,238,0.2301794816,17158704.0000000000,0
250,239,0.2298312581,17158704.0000000000,2
250,240,0.2672502987,19560496.0000000000,38
250,241,0.2669393046,19560496.0000000000,1
250,242,0.2676019022,19560496.0000000000,23
250,243,0.2663363271,19560496.0000000000,37
250,244,0.2671435251,19560496.0000000000,8
250,245,0.2676834473,19560496.0000000000,23
250,246,0.2669666543,19560496.0000000000,9
250,247,0.2675881353,19560496.0000000000,23
250,248,0.2666100797,19560496.0000000000,32
250,249,0.2664652792,19560496.0000000000,27
250,250,0.2665427813,19560496.0000000000,32
250,251,0.2668880403,19560496.0000000000,4
250,252,0.2300893392,17158704.0000000000,23
250,253,0.2302552858,17158704.0000000000,5
250,254,0.2330793884,17158704.0000000000,20
250,255,0.2659997515,19560496.0000000000,7
250,256,0.2664437405,19560496.0000000000,26
250,257,0.2660431330,19560496.0000000000,33
250,258,0.2660492155,19560496.0000000000,7
250,259,0.2667068739,19560496.0000000000,35
250,260,0.2658184475,19560496.0000000000,7
250,261,0.2667743962,19560496.0000000000,6
250,262,0.2665454132,19560496.0000000000,25
250,263,0.2667093042,19560496.0000000000,9
250,264,0.2665699565,19560496.0000000000,34
250,265,0.2669367066,19560496.0000000000,8
250,266,0.2672310401,19560496.0000000000,38
250,267,0.2308088080,17158704.0000000000,22
250,268,0.2325829701,17158704.0000000000,17
250,269,0.2328715963,17158704.0000000000,3
250,270,0.2663884572,19560496.0000000000,39
250,271,0.2660517306,19560496.0000000000,7
250,272,0.2663367326,19560496.0000000000,27
250,273,0.2664642315,19560496.0000000000,2
250,274,0.2668946298,19560496.0000000000,9
250,275,0.2672417822,19560496.0000000000,10
250,276,0.2658876992,19560496.0000000000,7
250,277,0.2668439882,19560496.0000000000,31
250,278,0.2672359811,19560496.0000000000,10
250,279,0.2668210168,19560496.0000000000,8
250,280,0.2670775359,19560496.0000000000,10
250,281,0.2676550312,19560496.0000000000,21
250,282,0.2318446246,17158704.0000000000,6
250,283,0.2322834459,17158704.0000000000,36
250,284,0.2318564181,17158704.0000000000,32
250,285,0.2668393948,19560496.0000000000,4
250,286,0.2672321078,19560496.0000000000,30
250,287,0.2664534942,19560496.0000000000,34
250,288,0.2664744683,19560496.0000000000,26
250,289,0.2664026000,19560496.0000000000,27
250,290,0.2664676635,19560496.0000000000,27
250,291,0.2667065776,19560496.0000000000,6
250,292,0.2671710888,19560496.0000000000,10
250,293,0.2665024548,19560496.0000000000,36
250,294,0.2662484534,19560496.0000000000,29
250,295,0.2664516795,19560496.0000000000,2
250,296,0.2670863485,19560496.0000000000,30
250,297,0.2320454783,17158704.0000000000,38
250,298,0.2303317884,17158704.0000000000,23
250,299,0.2322888223,17158704.0000000000,13
250,300,0.2668073094,19560496.0000000000,35
250,301,0.2660100454,19560496.0000000000,33
250,302,0.2667870692,19560496.0000000000,32
250,303,0.2674616107,19560496.0000000000,28
250,304,0.2668867660,19560496.0000000000,31
250,305,0.2669545807,19560496.0000000000,6
250,306,0.2667318038,19560496.0000000000,1
250,307,0.2664888911,19560496.0000000000,34
250,308,0.2664983658,19560496.0000000000,14
250,309,0.2673775818,19560496.0000000000,30
250,310,0.2667069417,19560496.0000000000,13
250,311,0.2668367834,19560496.0000000000,3
250,312,0.2295720656,17158704.0000000000,31
250,313,0.2302924029,17158704.0000000000,0
250,314,0.2289824383,17158704.0000000000,29
250,315,0.2668605877,19560496.0000000000,3
250,316,0.2674945820,19560496.0000000000,12
250,317,0.2664516875,19560496.0000000000,25
250,318,0.2662831716,19560496.0000000000,29
250,319,0.2666706701,19560496.0000000000,2
250,320,0.2668552051,19560496.0000000000,31
250,321,0.2659926629,19560496.0000000000,33
250,322,0.2673953928,19560496.0000000000,30
250,323,0.2660306361,19560496.0000000000,33
250,324,0.2664703965,19560496.0000000000,2
250,325,0.2663520555,19560496.0000000000,14
250,326,0.2669060719,19560496.0000000000,4
250,327,0.2299394428,17158704.0000000000,11
250,328,0.2288123010,17158704.0000000000,24
250,329,0.2322063644,17158704.0000000000,12
250,330,0.2668263641,19560496.0000000000,9
250,331,0.2669618727,19560496.0000000000,18
250,332,0.2661830501,19560496.0000000000,0
250,333,0.2671649136,19560496.0000000000,10
250,334,0.2665057315,19560496.0000000000,32
250,335,0.2667796128,19560496.0000000000,3
250,336,0.2658445035,19560496.0000000000,33
250,337,0.2664539413,19560496.0000000000,26
250,338,0.2666845849,19560496.0000000000,35
250,339,0.2672090472,19560496.0000000000,38
250,340,0.2669121243,19560496.0000000000,6
250,341,0.2668375214,19560496.0000000000,8
250,342,0.2293560738,17158704.0000000000,19
250,343,0.2321626190,17158704.0000000000,32
250,344,0.2312109672,17158704.0000000000,34
250,345,0.2668280949,19560496.0000000000,31
250,346,0.2670180972,19560496.0000000000,8
250,347,0.2663479244,19560496.0000000000,27
250,348,0.2676494577,19560496.0000000000,20
250,349,0.2666923247,19560496.0000000000,4
250,350,0.2664445319,19560496.0000000000,25
250,351,0.2668660048,19560496.0000000000,3
250,352,0.2663841079,19560496.0000000000,39
250,353,0.2668000137,19560496.0000000000,1
250,354,0.2673408307,19560496.0000000000,28
250,355,0.2665015881,19560496.0000000000,25
250,356,0.2676981246,19560496.0000000000,23
250,357,0.2327703169,17158704.0000000000,12
250,358,0.2315267819,17158704.0000000000,8
250,359,0.2331690590,17158704.0000000000,9
250,360,0.2662908121,19560496.0000000000,39
250,361,0.2668808190,19560496.0000000000,1
250,362,0.2660824399,19560496.0000000000,39
250,363,0.2662037671,19560496.0000000000,37
250,364,0.2673044551,19560496.0000000000,10
250,365,0.2666733732,19560496.0000000000,6
250,366,0.2664737453,19560496.0000000000,14
250,367,0.2670071444,19560496.0000000000,8
250,368,0.2673968148,19560496.0000000000,28
250,369,0.2668383241,19560496.0000000000,9
250,370,0.2668986300,19560496.0000000000,8
250,371,0.2665752207,19560496.0000000000,14
250,372,0.2315333028,17158704.0000000000,6
250,373,0.2322570569,17158704.0000000000,21
250,374,0.2329178256,17158704.0000000000,10
250,375,0.2667488627,19560496.0000000000,5
250,376,0.2675462477,19560496.0000000000,12
250,377,0.2669479057,19560496.0000000000,1
250,378,0.2679694708,19560496.0000000000,15
250,379,0.2668648929,19560496.0000000000,13
250,380,0.2659202185,19560496.0000000000,7
250,381,0.2672405397,19560496.0000000000,10
250,382,0.2668858029,19560496.0000000000,5
250,383,0.2668349703,19560496.0000000000,5
250,384,0.2668663724,19560496.0000000000,1
250,385,0.2667703003,19560496.0000000000,13
250,386,0.2668743066,19560496.0000000000,5
250,387,0.2281511207,17158704.0000000000,33
250,388,0.2298223311,17158704.0000000000,1
250,389,0.2323926180,17158704.0000000000,10
250,390,0.2679210934,19560496.0000000000,17
250,391,0.2665666820,19560496.0000000000,34
250,392,0.2674844741,19560496.0000000000,21
250,393,0.2674178136,19560496.0000000000,22
250,394,0.2662979528,19560496.0000000000,39
250,395,0.2669196183,19560496.0000000000,9
250,396,0.2664888343,19560496.0000000000,2
250,397,0.2659811492,19560496.0000000000,33
250,398,0.2675090611,19560496.0000000000,23
250,399,0.2667857943,19560496.0000000000,9
250,400,0.2673740780,19560496.0000000000,12
250,401,0.2676488207,19560496.0000000000,16
250,402,0.2309247058,17158704.0000000000,39
250,403,0.2289647978,17158704.0000000000,18
250,404,0.2293144339,17158704.0000000000,31
250,405,0.2665960704,19560496.0000000000,36
250,406,0.2663656786,19560496.0000000000,19
250,407,0.2665767612,19560496.0000000000,24
250,408,0.2661885510,19560496.0000000000,37
250,409,0.2667687854,19560496.0000000000,35
250,410,0.2673915408,19560496.0000000000,12
250,411,0.2666349365,19560496.0000000000,35
250,412,0.2669267850,19560496.0000000000,1
250,413,0.2658444785,19560496.0000000000,11
250,414,0.2672637524,19560496.0000000000,22
250,415,0.2678950479,19560496.0000000000,17
250,416,0.2671624627,19560496.0000000000,30
250,417,0.2280323950,17158704.0000000000,7
250,418,0.2310379846,17158704.0000000000,30
250,419,0.2299029505,17158704.0000000000,5
250,420,0.2029036026,14756912.0000000000,17
250,421,0.2022561313,14756912.0000000000,21
250,422,0.2019131403,14756912.0000000000,18
250,423,0.2027656760,14756912.0000000000,15
250,424,0.2030064254,14756912.0000000000,16
250,425,0.2029942920,14756912.0000000000,20
250,426,0.2014071748,14756912.0000000000,19
250,427,0.2020744593,14756912.0000000000,26
250,428,0.2016902799,14756912.0000000000,27
250,429,0.2019934759,14756912.0000000000,24
250,430,0.2015113089,14756912.0000000000,29
250,431,0.2025102882,14756912.0000000000,28
250,432,0.1854341027,12944944.0000000000,14
250,433,0.1862104016,12944944.0000000000,13
250,434,0.1860537836,12944944.0000000000,22
300,0,0.0662115800,88901264.0000000000,18
300,1,0.0668237840,88713872.0000000000,11
300,2,0.0663935730,87869536.0000000000,0
300,3,0.0654630070,86816272.0000000000,24
300,4,0.0660244370,86755392.0000000000,16
300,5,0.0669695280,86862992.0000000000,21
300,6,0.0670913020,86954912.0000000000,17
300,7,0.0670708610,87036096.0000000000,15
300,8,0.0670873460,87127296.0000000000,22
300,9,0.0671152490,87238880.0000000000,20
300,10,0.0669420520,87410352.0000000000,19
300,11,0.0677630740,88508624.0000000000,29
300,12,0.0602069550,78481056.0000000000,36
300,13,0.0596065120,78676272.0000000000,37
300,14,0.0593629700,78592048.0000000000,38
300,15,0.1147127630,153712016.0000000000,8
300,16,0.1162334790,154027424.0000000000,26
300,17,0.1176133300,154732912.0000000000,33
300,18,0.1196178250,155714928.0000000000,34
300,19,0.1201538250,155923344.0000000000,3
300,20,0.1205034900,156044752.0000000000,1
300,21,0.1206252160,156136496.0000000000,22
300,22,0.1205088530,156219008.0000000000,37
300,23,0.1205090700,156308032.0000000000,11
300,24,0.1205528230,156424192.0000000000,24
300,25,0.1203223420,156532416.0000000000,30
300,26,0.1193161390,155726800.0000000000,2
300,27,0.1027010280,135174672.0000000000,1
300,28,0.1016398330,134764080.0000000000,4
300,29,0.1014789100,134561792.0000000000,16
300,30,0.1140296000,153717984.0000000000,21
300,31,0.1138235310,153779984.0000000000,36
300,32,0.1138924500,153776464.0000000000,4
300,33,0.1139165200,153777968.0000000000,30
300,34,0.1139694970,153781696.0000000000,13
300,35,0.1139108480,153778992.0000000000,28
300,36,0.1140132730,153783824.0000000000,14
300,37,0.1138539680,153782624.0000000000,27
300,38,0.1140694350,153776656.0000000000,5
300,39,0.1138637060,153784384.0000000000,25
300,40,0.1138697080,153777424.0000000000,4
300,41,0.1137973780,153776768.0000000000,7
300,42,0.1006831200,134599488.0000000000,17
300,43,0.1007510270,134595520.0000000000,15
300,44,0.1005599490,134537920.0000000000,18
300,45,0.1136972380,153729728.0000000000,29
300,46,0.1140707810,153776528.0000000000,31
300,47,0.1138989230,153779888.0000000000,15
300,48,0.1137377790,153778512.0000000000,11
300,49,0.1137598810,153778080.0000000000,3
300,50,0.1137600740,153779520.0000000000,25
300,51,0.1137790170,153779488.0000000000,2
300,52,0.1139573840,153780240.0000000000,15
300,53,0.1138278550,153781440.0000000000,14
300,54,0.1137151230,153779024.0000000000,39
300,55,0.1139707910,153780256.0000000000,13
300,56,0.1137849450,153777424.0000000000,35
300,57,0.1005858620,134599296.0000000000,29
300,58,0.1008084890,134603136.0000000000,21
300,59,0.1004879330,134550768.0000000000,19
300,60,0.1138437580,153731776.0000000000,6
300,61,0.1139225040,153781888.0000000000,17
300,62,0.1138222420,153778272.0000000000,26
300,63,0.1138391250,153780352.0000000000,5
300,64,0.1138956830,153777952.0000000000,17
300,65,0.1139257420,153779264.0000000000,0
300,66,0.1139736990,153778528.0000000000,21
300,67,0.1137196100,153778128.0000000000,39
300,68,0.1138983560,153779536.0000000000,20
300,69,0.1139913770,153776896.0000000000,16
300,70,0.1139111110,153778160.0000000000,20
300,71,0.1136691910,153776400.0000000000,33
300,72,0.1006835780,134599968.0000000000,25
300,73,0.1006293090,134601680.0000000000,2
300,74,0.1006379510,134547584.0000000000,31
300,75,0.1138178700,153728496.0000000000,28
300,76,0.1139639170,153777152.0000000000,12
300,77,0.1138263730,153782384.0000000000,27
300,78,0.1138860850,153778080.0000000000,10
300,79,0.1138510110,153779152.0000000000,24
300,80,0.1139694350,153780240.0000000000,1
300,81,0.1138302300,153779456.0000000000,6
300,82,0.1140635730,153776400.0000000000,23
300,83,0.1139577000,153779840.0000000000,22
300,84,0.1138763740,153779248.0000000000,32
300,85,0.1138057370,153776272.0000000000,35
300,86,0.1139419350,153782304.0000000000,14
300,87,0.1007899070,134597200.0000000000,11
300,88,0.1006324600,134601056.0000000000,37
300,89,0.1006449910,134551504.0000000000,0
300,90,0.1138579690,153729728.0000000000,9
300,91,0.1139310500,153782224.0000000000,19
300,92,0.1138455270,153774976.0000000000,38
300,93,0.1137795870,153775136.0000000000,37
300,94,0.1137880520,153779360.0000000000,35
300,95,0.1137954340,153780496.0000000000,7
300,96,0.1137633040,153776544.0000000000,34
300,97,0.1137827400,153778336.0000000000,33
300,98,0.1139924030,153778144.0000000000,13
300,99,0.1137915850,153778592.0000000000,34
300,100,0.1139324390,153780496.0000000000,7
300,101,0.1138497140,153777360.0000000000,39
300,102,0.1007664130,134598608.0000000000,36
300,103,0.1008309240,134598608.0000000000,32
300,104,0.1007798420,134553888.0000000000,24
300,105,0.1139462730,153700512.0000000000,12
300,106,0.1138494820,153775440.0000000000,9
300,107,0.1139910510,153782448.0000000000,26
300,108,0.1138689960,153785056.0000000000,5
300,109,0.1139324590,153776992.0000000000,6
300,110,0.1138802740,153782320.0000000000,9
300,111,0.1138232440,153775776.0000000000,8
300,112,0.1139357470,153779184.0000000000,28
300,113,0.1138552540,153777808.0000000000,18
300,114,0.1138509760,153777344.0000000000,8
300,115,0.1140790370,153777328.0000000000,16
300,116,0.1138737770,153783760.0000000000,32
300,117,0.1005587720,134601904.0000000000,30
300,118,0.1007967260,134593664.0000000000,23
300,119,0.1006337350,134515200.0000000000,38
300,120,0.1138960530,153680416.0000000000,38
300,121,0.1138558580,153777552.0000000000,0
300,122,0.1138163260,153770912.0000000000,31
300,123,0.1138743700,153781120.0000000000,36
300,124,0.1138847600,153772320.0000000000,19
300,125,0.1139123390,153778000.0000000000,27
300,126,0.1137753080,153791168.0000000000,29
300,127,0.1139502560,153770784.0000000000,23
300,128,0.1139126060,153782608.0000000000,18
300,129,0.1139889150,153778832.0000000000,12
300,130,0.1138934990,153774960.0000000000,10
300,131,0.1140222780,153774592.0000000000,10
300,132,0.1007010200,134605808.0000000000,3
300,133,0.1008819630,134600080.0000000000,20
300,134,0.1007160910,134503616.0000000000,22
300,135,0.0199935020,33574240.0000000000,31
300,136,0.0200489730,33587456.0000000000,32
300,137,0.0200657890,33585728.0000000000,1
300,138,0.0199879200,33583408.0000000000,2
300,139,0.0201584410,33590864.0000000000,3
300,140,0.0200182870,33583168.0000000000,23
300,141,0.0200433750,33585840.0000000000,35
300,142,0.0200562470,33586480.0000000000,34
300,143,0.0201132520,33584800.0000000000,4
300,144,0.0200562870,33587552.0000000000,25
300,145,0.0200239130,33585824.0000000000,33
300,146,0.0200125270,33587552.0000000000,30
300,147,0.0187765610,29428752.0000000000,39
300,148,0.0187727750,29436448.0000000000,13
300,149,0.0186402770,29419968.0000000000,14
300,150,0.0081768580,19560496.0000000000,3
300,151,0.0081384780,19560496.0000000000,25
300,152,0.0081865630,19560496.0000000000,26
300,153,0.0081679290,19560496.0000000000,4
300,154,0.0081893930,19560496.0000000000,12
300,155,0.0081600170,19560496.0000000000,30
300,156,0.0081532580,19560496.0000000000,32
300,157,0.0081399200,19560496.0000000000,25
300,158,0.0081690310,19560496.0000000000,6
300,159,0.0081640040,19560496.0000000000,3
300,160,0.0081507180,19560496.0000000000,2
300,161,0.0081674400,19560496.0000000000,5
300,162,0.0071439230,17158704.0000000000,30
300,163,0.0070192710,17158704.0000000000,7
300,164,0.0071311380,17158704.0000000000,9
300,165,0.0081667590,19560496.0000000000,9
300,166,0.0082007220,19560496.0000000000,23
300,167,0.0081393390,19560496.0000000000,27
300,168,0.0081766000,19560496.0000000000,12
300,169,0.0081976290,19560496.0000000000,28
300,170,0.0081882590,19560496.0000000000,23
300,171,0.0081590210,19560496.0000000000,5
300,172,0.0081702250,19560496.0000000000,18
300,173,0.0081552370,19560496.0000000000,8
300,174,0.0081599970,19560496.0000000000,31
300,175,0.0081789700,19560496.0000000000,4
300,176,0.0081714850,19560496.0000000000,1
300,177,0.0069859480,17158704.0000000000,27
300,178,0.0070816370,17158704.0000000000,25
300,179,0.0070264260,17158704.0000000000,8
300,180,0.0081680130,19560496.0000000000,13
300,181,0.0081463870,19560496.0000000000,0
300,182,0.0081560480,19560496.0000000000,2
300,183,0.0081719590,19560496.0000000000,12
300,184,0.0081946870,19560496.0000000000,26
300,185,0.0081913570,19560496.0000000000,30
300,186,0.0081436490,19560496.0000000000,27
300,187,0.0081692450,19560496.0000000000,14
300,188,0.0081703520,19560496.0000000000,27
300,189,0.0081663220,19560496.0000000000,26
300,190,0.0081734940,19560496.0000000000,12
300,191,0.0081579090,19560496.0000000000,6
300,192,0.0070714040,17158704.0000000000,26
300,193,0.0069939170,17158704.0000000000,35
300,194,0.0071074910,17158704.0000000000,11
300,195,0.0082012980,19560496.0000000000,15
300,196,0.0081739310,19560496.0000000000,5
300,197,0.0081808860,19560496.0000000000,31
300,198,0.0081822350,19560496.0000000000,32
300,199,0.0081570480,19560496.0000000000,3
300,200,0.0081790040,19560496.0000000000,13
300,201,0.0081539410,19560496.0000000000,6
300,202,0.0081863170,19560496.0000000000,28
300,203,0.0081409050,19560496.0000000000,35
300,204,0.0081674150,19560496.0000000000,34
300,205,0.0081565270,19560496.0000000000,3
300,206,0.0081473020,19560496.0000000000,11
300,207,0.0070614970,17158704.0000000000,25
300,208,0.0069651330,17158704.0000000000,14
300,209,0.0070995560,17158704.0000000000,16
300,210,0.0081450280,19560496.0000000000,19
300,211,0.0081566790,19560496.0000000000,2
300,212,0.0081807300,19560496.0000000000,26
300,213,0.0081795140,19560496.0000000000,13
300,214,0.0081419610,19560496.0000000000,14
300,215,0.0081541790,19560496.0000000000,32
300,216,0.0081755150,19560496.0000000000,36
300,217,0.0081879210,19560496.0000000000,28
300,218,0.0081770890,19560496.0000000000,16
300,219,0.0081610970,19560496.0000000000,39
300,220,0.0081795750,19560496.0000000000,28
300,221,0.0081535900,19560496.0000000000,5
300,222,0.0071154820,17158704.0000000000,15
300,223,0.0070426730,17158704.0000000000,37
300,224,0.0070748920,17158704.0000000000,28
300,225,0.0081418170,19560496.0000000000,34
300,226,0.0081775790,19560496.0000000000,31
300,227,0.0081672860,19560496.0000000000,4
300,228,0.0081682620,19560496.0000000000,28
300,229,0.0081658030,19560496.0000000000,26
300,230,0.0081302520,19560496.0000000000,24
300,231,0.0081413570,19560496.0000000000,7
300,232,0.0082045520,19560496.0000000000,10
300,233,0.0081634600,19560496.0000000000,4
300,234,0.0081804590,19560496.0000000000,25
300,235,0.0081419980,19560496.0000000000,7
300,236,0.0081915670,19560496.0000000000,20
300,237,0.0071347040,17158704.0000000000,4
300,238,0.0070800000,17158704.0000000000,0
300,239,0.0070404830,17158704.0000000000,2
300,240,0.0081650160,19560496.0000000000,38
300,241,0.0081932190,19560496.0000000000,1
300,242,0.0081965950,19560496.0000000000,23
300,243,0.0081497060,19560496.0000000000,37
300,244,0.0081618900,19560496.0000000000,8
300,245,0.0081799120,19560496.0000000000,23
300,246,0.0081450880,19560496.0000000000,9
300,247,0.0082004820,19560496.0000000000,23
300,248,0.0081678330,19560496.0000000000,32
300,249,0.0081539690,19560496.0000000000,27
300,250,0.0081555300,19560496.0000000000,32
300,251,0.0081916260,19560496.0000000000,4
300,252,0.0069892970,17158704.0000000000,23
300,253,0.0070004550,17158704.0000000000,5
300,254,0.0071022050,17158704.0000000000,20
300,255,0.0081206960,19560496.0000000000,7
300,256,0.0081591990,19560496.0000000000,26
300,257,0.0081515960,19560496.0000000000,33
300,258,0.0081668970,19560496.0000000000,7
300,259,0.0081528890,19560496.0000000000,35
300,260,0.0081196440,19560496.0000000000,7
300,261,0.0081607350,19560496.0000000000,6
300,262,0.0081406610,19560496.0000000000,25
300,263,0.0081758370,19560496.0000000000,9
300,264,0.0081623240,19560496.0000000000,34
300,265,0.0081714080,19560496.0000000000,8
300,266,0.0081533440,19560496.0000000000,38
300,267,0.0070834470,17158704.0000000000,22
300,268,0.0071187630,17158704.0000000000,17
300,269,0.0071294030,17158704.0000000000,3
300,270,0.0081456900,19560496.0000000000,39
300,271,0.0081625180,19560496.0000000000,7
300,272,0.0081554930,19560496.0000000000,27
300,273,0.0081391740,19560496.0000000000,2
300,274,0.0081582120,19560496.0000000000,9
300,275,0.0082057630,19560496.0000000000,10
300,276,0.0081350750,19560496.0000000000,7
300,277,0.0081599570,19560496.0000000000,31
300,278,0.0081853750,19560496.0000000000,10
300,279,0.0081778000,19560496.0000000000,8
300,280,0.0081728330,19560496.0000000000,10
300,281,0.0082051620,19560496.0000000000,21
300,282,0.0070678060,17158704.0000000000,6
300,283,0.0071386580,17158704.0000000000,36
300,284,0.0070817160,17158704.0000000000,32
300,285,0.0081905020,19560496.0000000000,4
300,286,0.0081852450,19560496.0000000000,30
300,287,0.0081516750,19560496.0000000000,34
300,288,0.0081515140,19560496.0000000000,26
300,289,0.0081532060,19560496.0000000000,27
300,290,0.0081299400,19560496.0000000000,27
300,291,0.0081720380,19560496.0000000000,6
300,292,0.0081937030,19560496.0000000000,10
300,293,0.0081547270,19560496.0000000000,36
300,294,0.0081668910,19560496.0000000000,29
300,295,0.0081597330,19560496.0000000000,2
300,296,0.0081698250,19560496.0000000000,30
300,297,0.0071242720,17158704.0000000000,38
300,298,0.0069963590,17158704.0000000000,23
300,299,0.0070980070,17158704.0000000000,13
300,300,0.0081634800,19560496.0000000000,35
300,301,0.0081353020,19560496.0000000000,33
300,302,0.0081774630,19560496.0000000000,32
300,303,0.0081875990,19560496.0000000000,28
300,304,0.0081729620,19560496.0000000000,31
300,305,0.0081433000,19560496.0000000000,6
300,306,0.0081706970,19560496.0000000000,1
300,307,0.0081215840,19560496.0000000000,34
300,308,0.0081752670,19560496.0000000000,14
300,309,0.0081995640,19560496.0000000000,30
300,310,0.0081701370,19560496.0000000000,13
300,311,0.0081809250,19560496.0000000000,3
300,312,0.0070483700,17158704.0000000000,31
300,313,0.0070432090,17158704.0000000000,0
300,314,0.0070619160,17158704.0000000000,29
300,315,0.0081787090,19560496.0000000000,3
300,316,0.0081791630,19560496.0000000000,12
300,317,0.0081394810,19560496.0000000000,25
300,318,0.0081612700,19560496.0000000000,29
300,319,0.0081640420,19560496.0000000000,2
300,320,0.0081588150,19560496.0000000000,31
300,321,0.0081477380,19560496.0000000000,33
300,322,0.0081562400,19560496.0000000000,30
300,323,0.0081569340,19560496.0000000000,33
300,324,0.0081438340,19560496.0000000000,2
300,325,0.0081415810,19560496.0000000000,14
300,326,0.0081656740,19560496.0000000000,4
300,327,0.0070031910,17158704.0000000000,11
300,328,0.0069876130,17158704.0000000000,24
300,329,0.0071005050,17158704.0000000000,12
300,330,0.0081680920,19560496.0000000000,9
300,331,0.0081501190,19560496.0000000000,18
300,332,0.0081604850,19560496.0000000000,0
300,333,0.0081705570,19560496.0000000000,10
300,334,0.0081795410,19560496.0000000000,32
300,335,0.0081688010,19560496.0000000000,3
300,336,0.0081241800,19560496.0000000000,33
300,337,0.0081464030,19560496.0000000000,26
300,338,0.0081598900,19560496.0000000000,35
300,339,0.0081913680,19560496.0000000000,38
300,340,0.0081751730,19560496.0000000000,6
300,341,0.0081787720,19560496.0000000000,8
300,342,0.0070022680,17158704.0000000000,19
300,343,0.0070518170,17158704.0000000000,32
300,344,0.0070324810,17158704.0000000000,34
300,345,0.0081620710,19560496.0000000000,31
300,346,0.0081722910,19560496.0000000000,8
300,347,0.0081424950,19560496.0000000000,27
300,348,0.0082084980,19560496.0000000000,20
300,349,0.0081652220,19560496.0000000000,4
300,350,0.0081555410,19560496.0000000000,25
300,351,0.0081665450,19560496.0000000000,3
300,352,0.0081482340,19560496.0000000000,39
300,353,0.0081674390,19560496.0000000000,1
300,354,0.0081797940,19560496.0000000000,28
300,355,0.0081486470,19560496.0000000000,25
300,356,0.0081760650,19560496.0000000000,23
300,357,0.0071378660,17158704.0000000000,12
300,358,0.0071496330,17158704.0000000000,8
300,359,0.0071367470,17158704.0000000000,9
300,360,0.0081521910,19560496.0000000000,39
300,361,0.0081746700,19560496.0000000000,1
300,362,0.0081535560,19560496.0000000000,39
300,363,0.0081516120,19560496.0000000000,37
300,364,0.0081776610,19560496.0000000000,10
300,365,0.0081617350,19560496.0000000000,6
300,366,0.0081536830,19560496.0000000000,14
300,367,0.0081679810,19560496.0000000000,8
300,368,0.0081723010,19560496.0000000000,28
300,369,0.0081686620,19560496.0000000000,9
300,370,0.0081466690,19560496.0000000000,8
300,371,0.0081577920,19560496.0000000000,14
300,372,0.0070793260,17158704.0000000000,6
300,373,0.0070932860,17158704.0000000000,21
300,374,0.0070936560,17158704.0000000000,10
300,375,0.0081609470,19560496.0000000000,5
300,376,0.0082015470,19560496.0000000000,12
300,377,0.0081750840,19560496.0000000000,1
300,378,0.0082169870,19560496.0000000000,15
300,379,0.0081589840,19560496.0000000000,13
300,380,0.0081524480,19560496.0000000000,7
300,381,0.0081669380,19560496.0000000000,10
300,382,0.0081901720,19560496.0000000000,5
300,383,0.0081797500,19560496.0000000000,5
300,384,0.0081664170,19560496.0000000000,1
300,385,0.0081693640,19560496.0000000000,13
300,386,0.0081928490,19560496.0000000000,5
300,387,0.0069612330,17158704.0000000000,33
300,388,0.0070973520,17158704.0000000000,1
300,389,0.0070894760,17158704.0000000000,10
300,390,0.0082249130,19560496.0000000000,17
300,391,0.0081770120,19560496.0000000000,34
300,392,0.0081802150,19560496.0000000000,21
300,393,0.0081960530,19560496.0000000000,22
300,394,0.0081755470,19560496.0000000000,39
300,395,0.0081639730,19560496.0000000000,9
300,396,0.0081600140,19560496.0000000000,2
300,397,0.0081483380,19560496.0000000000,33
300,398,0.0081636100,19560496.0000000000,23
300,399,0.0081669620,19560496.0000000000,9
300,400,0.0081887410,19560496.0000000000,12
300,401,0.0082051960,19560496.0000000000,16
300,402,0.0070902240,17158704.0000000000,39
300,403,0.0070070340,17158704.0000000000,18
300,404,0.0070653330,17158704.0000000000,31
300,405,0.0081481140,19560496.0000000000,36
300,406,0.0081669600,19560496.0000000000,19
300,407,0.0081629580,19560496.0000000000,24
300,408,0.0081724320,19560496.0000000000,37
300,409,0.0081709720,19560496.0000000000,35
300,410,0.0081988010,19560496.0000000000,12
300,411,0.0081649590,19560496.0000000000,35
300,412,0.0081860060,19560496.0000000000,1
300,413,0.0081220310,19560496.0000000000,11
300,414,0.0081952030,19560496.0000000000,22
300,415,0.0081975410,19560496.0000000000,17
300,416,0.0081803760,19560496.0000000000,30
300,417,0.0069640060,17158704.0000000000,7
300,418,0.0069932020,17158704.0000000000,30
300,419,0.0070329690,17158704.0000000000,5
300,420,0.0062180200,14756912.0000000000,17
300,421,0.0061872290,14756912.0000000000,21
300,422,0.0061862600,14756912.0000000000,18
300,423,0.0062151670,14756912.0000000000,15
300,424,0.0062255540,14756912.0000000000,16
300,425,0.0062307610,14756912.0000000000,20
300,426,0.0062146440,14756912.0000000000,19
300,427,0.0061982260,14756912.0000000000,26
300,428,0.0061806140,14756912.0000000000,27
300,429,0.0061895190,14756912.0000000000,24
300,430,0.0061668760,14756912.0000000000,29
300,431,0.0062185760,14756912.0000000000,28
300,432,0.0056833910,12944944.0000000000,14
300,433,0.0056971650,12944944.0000000000,13
300,434,0.0056918230,12944944.0000000000,22
350,0,2.1353645686,88609408.0000000000,18
350,1,2.1476705645,88304416.0000000000,11
350,2,2.1400049734,87109472.0000000000,0
350,3,2.1198335030,86504816.0000000000,24
350,4,2.1358707647,86637280.0000000000,16
350,5,2.1668724932,86803584.0000000000,21
350,6,2.1711069233,86933376.0000000000,17
350,7,2.1740700201,87027872.0000000000,15
350,8,2.1748424549,87134048.0000000000,22
350,9,2.1737047198,87287376.0000000000,20
350,10,2.1687715134,87532320.0000000000,19
350,11,2.1724734965,88280448.0000000000,29
350,12,1.9439809162,78645696.0000000000,36
350,13,1.9261836464,78903072.0000000000,37
350,14,1.9198507449,78758256.0000000000,38
350,15,3.6985666468,153681504.0000000000,8
350,16,3.7554777744,154140656.0000000000,26
350,17,3.7970550219,155056144.0000000000,33
350,18,3.8612648266,155626800.0000000000,34
350,19,3.8781526071,155821152.0000000000,3
350,20,3.8899262096,155989040.0000000000,1
350,21,3.8949861475,156113008.0000000000,22
350,22,3.8893239422,156215680.0000000000,37
350,23,3.8911981863,156322752.0000000000,11
350,24,3.8922921379,156477536.0000000000,24
350,25,3.8895769199,156688656.0000000000,30
350,26,3.8589105046,156364416.0000000000,2
350,27,3.3076631178,135438544.0000000000,1
350,28,3.2781642674,134839680.0000000000,4
350,29,3.2719035894,134574688.0000000000,16
350,30,3.6674102284,153710640.0000000000,21
350,31,3.6653816155,153780528.0000000000,36
350,32,3.6658090677,153776576.0000000000,4
350,33,3.6649956859,153777296.0000000000,30
350,34,3.6688660306,153781856.0000000000,13
350,35,3.6676061229,153779264.0000000000,28
350,36,3.6686182463,153785824.0000000000,14
350,37,3.6665252111,153776608.0000000000,27
350,38,3.6658107241,153779728.0000000000,5
350,39,3.6659413332,153787824.0000000000,25
350,40,3.6660624938,153778672.0000000000,4
350,41,3.6646738409,153774864.0000000000,7
350,42,3.2440717613,134599664.0000000000,17
350,43,3.2451615132,134594624.0000000000,15
350,44,3.2378932402,134530432.0000000000,18
350,45,3.6595577910,153729504.0000000000,29
350,46,3.6637319121,153778528.0000000000,31
350,47,3.6679660936,153780032.0000000000,15
350,48,3.6606863134,153778448.0000000000,11
350,49,3.6630900122,153780464.0000000000,3
350,50,3.6628901420,153778688.0000000000,25
350,51,3.6659353957,153777744.0000000000,2
350,52,3.6692255340,153779728.0000000000,15
350,53,3.6660997242,153780848.0000000000,14
350,54,3.6629263344,153780720.0000000000,39
350,55,3.6667985513,153773568.0000000000,13
350,56,3.6647507321,153781824.0000000000,35
350,57,3.2365778951,134600288.0000000000,29
350,58,3.2440331109,134600336.0000000000,21
350,59,3.2374396313,134549648.0000000000,19
350,60,3.6656065779,153729104.0000000000,6
350,61,3.6680953965,153779328.0000000000,17
350,62,3.6641188622,153777664.0000000000,26
350,63,3.6635934391,153776192.0000000000,5
350,64,3.6676678473,153779408.0000000000,17
350,65,3.6634881479,153780688.0000000000,0
350,66,3.6669138287,153778672.0000000000,21
350,67,3.6618654069,153781568.0000000000,39
350,68,3.6678860795,153778864.0000000000,20
350,69,3.6689870356,153777328.0000000000,16
350,70,3.6671190995,153779504.0000000000,20
350,71,3.6619203790,153775696.0000000000,33
350,72,3.2414920929,134599280.0000000000,25
350,73,3.2411778012,134598096.0000000000,2
350,74,3.2373488228,134547824.0000000000,31
350,75,3.6645402234,153722432.0000000000,28
350,76,3.6680309446,153778224.0000000000,12
350,77,3.6639365867,153779456.0000000000,27
350,78,3.6654597505,153782528.0000000000,10
350,79,3.6645700438,153777392.0000000000,24
350,80,3.6672629966,153778320.0000000000,1
350,81,3.6656494783,153781920.0000000000,6
350,82,3.6681604928,153775872.0000000000,23
350,83,3.6679426878,153779136.0000000000,22
350,84,3.6657508269,153778864.0000000000,32
350,85,3.6635135347,153778624.0000000000,35
350,86,3.6660155944,153778720.0000000000,14
350,87,3.2383392721,134598432.0000000000,11
350,88,3.2385388645,134599760.0000000000,37
350,89,3.2389288681,134549376.0000000000,0
350,90,3.6637530348,153729360.0000000000,9
350,91,3.6646600688,153778688.0000000000,19
350,92,3.6640490174,153782176.0000000000,38
350,93,3.6620448917,153777776.0000000000,37
350,94,3.6631776452,153779056.0000000000,35
350,95,3.6621930705,153779392.0000000000,7
350,96,3.6633223604,153777200.0000000000,34
350,97,3.6617122601,153781328.0000000000,33
350,98,3.6666163428,153778608.0000000000,13
350,99,3.6639576795,153779568.0000000000,34
350,100,3.6625658904,153781856.0000000000,7
350,101,3.6618443951,153777888.0000000000,39
350,102,3.2410538427,134604480.0000000000,36
350,103,3.2417624627,134598208.0000000000,32
350,104,3.2380517586,134548160.0000000000,24
350,105,3.6662758824,153690816.0000000000,12
350,106,3.6650298887,153774448.0000000000,9
350,107,3.6661163974,153778544.0000000000,26
350,108,3.6656808431,153780944.0000000000,5
350,109,3.6675346084,153777008.0000000000,6
350,110,3.6652668389,153783376.0000000000,9
350,111,3.6651096824,153774256.0000000000,8
350,112,3.6662645380,153779472.0000000000,28
350,113,3.6665307121,153780464.0000000000,18
350,114,3.6649507696,153772656.0000000000,8
350,115,3.6712807814,153779216.0000000000,16
350,116,3.6669674842,153780960.0000000000,32
350,117,3.2397137725,134600384.0000000000,30
350,118,3.2434534039,134596720.0000000000,23
350,119,3.2413201940,134504448.0000000000,38
350,120,3.6635524857,153665216.0000000000,38
350,121,3.6659067190,153777376.0000000000,0
350,122,3.6650193338,153769952.0000000000,31
350,123,3.6664669019,153782704.0000000000,36
350,124,3.6671570932,153773952.0000000000,19
350,125,3.6665313048,153779392.0000000000,27
350,126,3.6623295228,153790208.0000000000,29
350,127,3.6695787330,153763248.0000000000,23
350,128,3.6661547329,153780880.0000000000,18
350,129,3.6691094212,153783440.0000000000,12
350,130,3.6672249091,153773296.0000000000,10
350,131,3.6662488351,153772912.0000000000,10
350,132,3.2444730140,134605712.0000000000,3
350,133,3.2472885886,134601136.0000000000,20
350,134,3.2447276766,134488416.0000000000,22
350,135,0.6486712313,33570944.0000000000,31
350,136,0.6489764355,33588016.0000000000,32
350,137,0.6490597516,33587008.0000000000,1
350,138,0.6491533255,33581680.0000000000,2
350,139,0.6492606855,33592000.0000000000,3
350,140,0.6500128247,33582944.0000000000,23
350,141,0.6492289328,33587664.0000000000,35
350,142,0.6491252077,33588688.0000000000,34
350,143,0.6497618902,33587776.0000000000,4
350,144,0.6484617676,33586608.0000000000,25
350,145,0.6484499739,33584800.0000000000,33
350,146,0.6492491479,33586752.0000000000,30
350,147,0.6059023240,29430496.0000000000,39
350,148,0.6068175743,29438272.0000000000,13
350,149,0.6042722101,29418688.0000000000,14
350,150,0.2667424761,19560496.0000000000,3
350,151,0.2664700788,19560496.0000000000,25
350,152,0.2667537962,19560496.0000000000,26
350,153,0.2669527762,19560496.0000000000,4
350,154,0.2675334826,19560496.0000000000,12
350,155,0.2671121612,19560496.0000000000,30
350,156,0.2666652350,19560496.0000000000,32
350,157,0.2665373265,19560496.0000000000,25
350,158,0.2667548267,19560496.0000000000,6
350,159,0.2667914471,19560496.0000000000,3
350,160,0.2666249352,19560496.0000000000,2
350,161,0.2669237306,19560496.0000000000,5
350,162,0.2312813642,17158704.0000000000,30
350,163,0.2280397151,17158704.0000000000,7
350,164,0.2329988874,17158704.0000000000,9
350,165,0.2669257263,19560496.0000000000,9
350,166,0.2675391302,19560496.0000000000,23
350,167,0.2666399584,19560496.0000000000,27
350,168,0.2674104271,19560496.0000000000,12
350,169,0.2674397862,19560496.0000000000,28
350,170,0.2677238039,19560496.0000000000,23
350,171,0.2666584844,19560496.0000000000,5
350,172,0.2667716312,19560496.0000000000,18
350,173,0.2669957247,19560496.0000000000,8
350,174,0.2668211992,19560496.0000000000,31
350,175,0.2668615926,19560496.0000000000,4
350,176,0.2668434817,19560496.0000000000,1
350,177,0.2282474009,17158704.0000000000,27
350,178,0.2314003269,17158704.0000000000,25
350,179,0.2318573635,17158704.0000000000,8
350,180,0.2667105763,19560496.0000000000,13
350,181,0.2660975902,19560496.0000000000,0
350,182,0.2666387880,19560496.0000000000,2
350,183,0.2673970727,19560496.0000000000,12
350,184,0.2665329189,19560496.0000000000,26
350,185,0.2673353719,19560496.0000000000,30
350,186,0.2666146504,19560496.0000000000,27
350,187,0.2665339055,19560496.0000000000,14
350,188,0.2663577910,19560496.0000000000,27
350,189,0.2666633382,19560496.0000000000,26
350,190,0.2674909151,19560496.0000000000,12
350,191,0.2668451232,19560496.0000000000,6
350,192,0.2324826346,17158704.0000000000,26
350,193,0.2309362126,17158704.0000000000,35
350,194,0.2299609553,17158704.0000000000,11
350,195,0.2678881270,19560496.0000000000,15
350,196,0.2667864977,19560496.0000000000,5
350,197,0.2669178659,19560496.0000000000,31
350,198,0.2666793897,19560496.0000000000,32
350,199,0.2667223435,19560496.0000000000,3
350,200,0.2668483836,19560496.0000000000,13
350,201,0.2666723761,19560496.0000000000,6
350,202,0.2684430436,19560496.0000000000,28
350,203,0.2669018742,19560496.0000000000,35
350,204,0.2666088226,19560496.0000000000,34
350,205,0.2667690337,19560496.0000000000,3
350,206,0.2660065027,19560496.0000000000,11
350,207,0.2316734036,17158704.0000000000,25
350,208,0.2291376823,17158704.0000000000,14
350,209,0.2320774175,17158704.0000000000,16
350,210,0.2662900412,19560496.0000000000,19
350,211,0.2667525357,19560496.0000000000,2
350,212,0.2666884942,19560496.0000000000,26
350,213,0.2667443464,19560496.0000000000,13
350,214,0.2664634022,19560496.0000000000,14
350,215,0.2665782582,19560496.0000000000,32
350,216,0.2666160602,19560496.0000000000,36
350,217,0.2673892116,19560496.0000000000,28
350,218,0.2676774157,19560496.0000000000,16
350,219,0.2664200276,19560496.0000000000,39
350,220,0.2673954649,19560496.0000000000,28
350,221,0.2668071030,19560496.0000000000,5
350,222,0.2327444442,17158704.0000000000,15
350,223,0.2313737681,17158704.0000000000,37
350,224,0.2324374924,17158704.0000000000,28
350,225,0.2663396772,19560496.0000000000,34
350,226,0.2668564772,19560496.0000000000,31
350,227,0.2667983979,19560496.0000000000,4
350,228,0.2673031261,19560496.0000000000,28
350,229,0.2665368590,19560496.0000000000,26
350,230,0.2665263569,19560496.0000000000,24
350,231,0.2660654919,19560496.0000000000,7
350,232,0.2672338726,19560496.0000000000,10
350,233,0.2667947945,19560496.0000000000,4
350,234,0.2666784076,19560496.0000000000,25
350,235,0.2661603902,19560496.0000000000,7
350,236,0.2678827774,19560496.0000000000,20
350,237,0.2314731713,17158704.0000000000,4
350,238,0.2302183006,17158704.0000000000,0
350,239,0.2299529416,17158704.0000000000,2
350,240,0.2671428773,19560496.0000000000,38
350,241,0.2668275051,19560496.0000000000,1
350,242,0.2675169566,19560496.0000000000,23
350,243,0.2664368956,19560496.0000000000,37
350,244,0.2670971349,19560496.0000000000,8
350,245,0.2676208228,19560496.0000000000,23
350,246,0.2668342174,19560496.0000000000,9
350,247,0.2677006624,19560496.0000000000,23
350,248,0.2665767038,19560496.0000000000,32
350,249,0.2663945289,19560496.0000000000,27
350,250,0.2666189104,19560496.0000000000,32
350,251,0.2668590339,19560496.0000000000,4
350,252,0.2301151014,17158704.0000000000,23
350,253,0.2301896185,17158704.0000000000,5
350,254,0.2333290494,17158704.0000000000,20
350,255,0.2660386594,19560496.0000000000,7
350,256,0.2664717952,19560496.0000000000,26
350,257,0.2660333821,19560496.0000000000,33
350,258,0.2659734868,19560496.0000000000,7
350,259,0.2666437057,19560496.0000000000,35
350,260,0.2657681116,19560496.0000000000,7
350,261,0.2667037270,19560496.0000000000,6
350,262,0.2664918978,19560496.0000000000,25
350,263,0.2667414764,19560496.0000000000,9
350,264,0.2665668268,19560496.0000000000,34
350,265,0.2668420618,19560496.0000000000,8
350,266,0.2674782952,19560496.0000000000,38
350,267,0.2305867450,17158704.0000000000,22
350,268,0.2325392588,17158704.0000000000,17
350,269,0.2329660848,17158704.0000000000,3
350,270,0.2663451117,19560496.0000000000,39
350,271,0.2659605626,19560496.0000000000,7
350,272,0.2663085651,19560496.0000000000,27
350,273,0.2665839097,19560496.0000000000,2
350,274,0.2668738800,19560496.0000000000,9
350,275,0.2671293711,19560496.0000000000,10
350,276,0.2658687529,19560496.0000000000,7
350,277,0.2668357643,19560496.0000000000,31
350,278,0.2672176220,19560496.0000000000,10
350,279,0.2669914066,19560496.0000000000,8
350,280,0.2669886264,19560496.0000000000,10
350,281,0.2677625563,19560496.0000000000,21
350,282,0.2315261502,17158704.0000000000,6
350,283,0.2320726689,17158704.0000000000,36
350,284,0.2318027728,17158704.0000000000,32
350,285,0.2668734160,19560496.0000000000,4
350,286,0.2673467195,19560496.0000000000,30
350,287,0.2663502008,19560496.0000000000,34
350,288,0.2665355833,19560496.0000000000,26
350,289,0.2664347929,19560496.0000000000,27
350,290,0.2664270442,19560496.0000000000,27
350,291,0.2667566239,19560496.0000000000,6
350,292,0.2671721218,19560496.0000000000,10
350,293,0.2665076490,19560496.0000000000,36
350,294,0.2662166742,19560496.0000000000,29
350,295,0.2666677912,19560496.0000000000,2
350,296,0.2670012092,19560496.0000000000,30
350,297,0.2320536153,17158704.0000000000,38
350,298,0.2299945289,17158704.0000000000,23
350,299,0.2322619032,17158704.0000000000,13
350,300,0.2667931060,19560496.0000000000,35
350,301,0.2660871123,19560496.0000000000,33
350,302,0.2665620220,19560496.0000000000,32
350,303,0.2673846641,19560496.0000000000,28
350,304,0.2667843113,19560496.0000000000,31
350,305,0.2666483128,19560496.0000000000,6
350,306,0.2667699833,19560496.0000000000,1
350,307,0.2663556550,19560496.0000000000,34
350,308,0.2664928242,19560496.0000000000,14
350,309,0.2673542104,19560496.0000000000,30
350,310,0.2666757689,19560496.0000000000,13
350,311,0.2668325601,19560496.0000000000,3
350,312,0.2298391810,17158704.0000000000,31
350,313,0.2308767319,17158704.0000000000,0
350,314,0.2292848891,17158704.0000000000,29
350,315,0.2666945991,19560496.0000000000,3
350,316,0.2674420205,19560496.0000000000,12
350,317,0.2664540890,19560496.0000000000,25
350,318,0.2662827616,19560496.0000000000,29
350,319,0.2667143365,19560496.0000000000,2
350,320,0.2667937778,19560496.0000000000,31
350,321,0.2660246294,19560496.0000000000,33
350,322,0.2672804266,19560496.0000000000,30
350,323,0.2660728015,19560496.0000000000,33
350,324,0.2667038778,19560496.0000000000,2
350,325,0.2663108814,19560496.0000000000,14
350,326,0.2668810938,19560496.0000000000,4
350,327,0.2297500904,17158704.0000000000,11
350,328,0.2288256958,17158704.0000000000,24
350,329,0.2326443794,17158704.0000000000,12
350,330,0.2666534833,19560496.0000000000,9
350,331,0.2669963548,19560496.0000000000,18
350,332,0.2662812316,19560496.0000000000,0
350,333,0.2671315226,19560496.0000000000,10
350,334,0.2666406676,19560496.0000000000,32
350,335,0.2668049506,19560496.0000000000,3
350,336,0.2659598256,19560496.0000000000,33
350,337,0.2664656106,19560496.0000000000,26
350,338,0.2666649088,19560496.0000000000,35
350,339,0.2669053921,19560496.0000000000,38
350,340,0.2669408012,19560496.0000000000,6
350,341,0.2668497197,19560496.0000000000,8
350,342,0.2295966649,17158704.0000000000,19
350,343,0.2325473393,17158704.0000000000,32
350,344,0.2310505851,17158704.0000000000,34
350,345,0.2667414711,19560496.0000000000,31
350,346,0.2669646098,19560496.0000000000,8
350,347,0.2663879052,19560496.0000000000,27
350,348,0.2676393651,19560496.0000000000,20
350,349,0.2667262646,19560496.0000000000,4
350,350,0.2664451193,19560496.0000000000,25
350,351,0.2667539908,19560496.0000000000,3
350,352,0.2662366727,19560496.0000000000,39
350,353,0.2669075572,19560496.0000000000,1
350,354,0.2672914637,19560496.0000000000,28
350,355,0.2664044387,19560496.0000000000,25
350,356,0.2676606186,19560496.0000000000,23
350,357,0.2331012809,17158704.0000000000,12
350,358,0.2311414053,17158704.0000000000,8
350,359,0.2330918835,17158704.0000000000,9
350,360,0.2663153368,19560496.0000000000,39
350,361,0.2667972143,19560496.0000000000,1
350,362,0.2661197789,19560496.0000000000,39
350,363,0.2662170766,19560496.0000000000,37
350,364,0.2672970511,19560496.0000000000,10
350,365,0.2667666047,19560496.0000000000,6
350,366,0.2664147570,19560496.0000000000,14
350,367,0.2670222913,19560496.0000000000,8
350,368,0.2673391014,19560496.0000000000,28
350,369,0.2668042443,19560496.0000000000,9
350,370,0.2669618460,19560496.0000000000,8
350,371,0.2664479532,19560496.0000000000,14
350,372,0.2311337590,17158704.0000000000,6
350,373,0.2325273352,17158704.0000000000,21
350,374,0.2327245171,17158704.0000000000,10
350,375,0.2667388032,19560496.0000000000,5
350,376,0.2676269377,19560496.0000000000,12
350,377,0.2669510737,19560496.0000000000,1
350,378,0.2679920760,19560496.0000000000,15
350,379,0.2667660603,19560496.0000000000,13
350,380,0.2659472652,19560496.0000000000,7
350,381,0.2672665663,19560496.0000000000,10
350,382,0.2669602973,19560496.0000000000,5
350,383,0.2666872830,19560496.0000000000,5
350,384,0.2668419285,19560496.0000000000,1
350,385,0.2668570976,19560496.0000000000,13
350,386,0.2667463091,19560496.0000000000,5
350,387,0.2283193381,17158704.0000000000,33
350,388,0.2301569387,17158704.0000000000,1
350,389,0.2325457354,17158704.0000000000,10
350,390,0.2679774452,19560496.0000000000,17
350,391,0.2665797256,19560496.0000000000,34
350,392,0.2675167527,19560496.0000000000,21
350,393,0.2673339923,19560496.0000000000,22
350,394,0.2664229583,19560496.0000000000,39
350,395,0.2669606969,19560496.0000000000,9
350,396,0.2666921994,19560496.0000000000,2
350,397,0.2659089790,19560496.0000000000,33
350,398,0.2674989115,19560496.0000000000,23
350,399,0.2667496032,19560496.0000000000,9
350,400,0.2675021582,19560496.0000000000,12
350,401,0.2677126661,19560496.0000000000,16
350,402,0.2312985421,17158704.0000000000,39
350,403,0.2288343592,17158704.0000000000,18
350,404,0.2295392355,17158704.0000000000,31
350,405,0.2687855900,19560496.0000000000,36
350,406,0.2663011221,19560496.0000000000,19
350,407,0.2665554522,19560496.0000000000,24
350,408,0.2661468123,19560496.0000000000,37
350,409,0.2666745750,19560496.0000000000,35
350,410,0.2674457153,19560496.0000000000,12
350,411,0.2666116604,19560496.0000000000,35
350,412,0.2669085270,19560496.0000000000,1
350,413,0.2657949598,19560496.0000000000,11
350,414,0.2673209395,19560496.0000000000,22
350,415,0.2680705415,19560496.0000000000,17
350,416,0.2672617137,19560496.0000000000,30
350,417,0.2278611617,17158704.0000000000,7
350,418,0.2306454841,17158704.0000000000,30
350,419,0.2299678191,17158704.0000000000,5
350,420,0.2028920754,14756912.0000000000,17
350,421,0.2024527639,14756912.0000000000,21
350,422,0.2019518378,14756912.0000000000,18
350,423,0.2028121701,14756912.0000000000,15
350,424,0.2030833447,14756912.0000000000,16
350,425,0.2029905926,14756912.0000000000,20
350,426,0.2015419863,14756912.0000000000,19
350,427,0.2021071987,14756912.0000000000,26
350,428,0.2016387565,14756912.0000000000,27
350,429,0.2018734831,14756912.0000000000,24
350,430,0.2015105685,14756912.0000000000,29
350,431,0.2024057382,14756912.0000000000,28
350,432,0.1855300888,12944944.0000000000,14
350,433,0.1862669671,12944944.0000000000,13
350,434,0.1860646006,12944944.0000000000,22
400,0,0.0656292660,88262720.0000000000,18
400,1,0.0664164420,87808960.0000000000,11
400,2,0.0659605240,86490000.0000000000,0
400,3,0.0664421600,86241360.0000000000,24
400,4,0.0668965560,86493808.0000000000,16
400,5,0.0672392140,86748000.0000000000,21
400,6,0.0683255420,86901920.0000000000,17
400,7,0.0683244210,87016032.0000000000,15
400,8,0.0684264240,87141680.0000000000,22
400,9,0.0685071990,87328368.0000000000,20
400,10,0.0683453290,87678928.0000000000,19
400,11,0.0687915160,88479056.0000000000,29
400,12,0.0609991370,78995248.0000000000,36
400,13,0.0603781970,79219024.0000000000,37
400,14,0.0599349870,78972960.0000000000,38
400,15,0.1152970530,153629840.0000000000,8
400,16,0.1175272620,154212672.0000000000,26
400,17,0.1190391770,155080560.0000000000,33
400,18,0.1199971920,155398880.0000000000,34
400,19,0.1213693430,155681168.0000000000,3
400,20,0.1217789240,155930768.0000000000,1
400,21,0.1219362240,156086896.0000000000,22
400,22,0.1217620700,156195184.0000000000,37
400,23,0.1218370310,156323648.0000000000,11
400,24,0.1219387300,156523232.0000000000,24
400,25,0.1220120290,156847024.0000000000,30
400,26,0.1212795280,156772768.0000000000,2
400,27,0.1036026680,135644512.0000000000,1
400,28,0.1024478340,134898704.0000000000,4
400,29,0.1020191480,134577888.0000000000,16
400,30,0.1139620840,153705664.0000000000,21
400,31,0.1138194200,153775392.0000000000,36
400,32,0.1138608540,153777760.0000000000,4
400,33,0.1138806360,153776384.0000000000,30
400,34,0.1140209060,153782736.0000000000,13
400,35,0.1138413020,153780352.0000000000,28
400,36,0.1139404060,153783568.0000000000,14
400,37,0.1138620340,153779200.0000000000,27
400,38,0.1139788820,153780688.0000000000,5
400,39,0.1139473020,153784352.0000000000,25
400,40,0.1138794700,153778224.0000000000,4
400,41,0.1138873550,153777840.0000000000,7
400,42,0.1007183410,134599312.0000000000,17
400,43,0.1008944370,134597456.0000000000,15
400,44,0.1005547940,134522384.0000000000,18
400,45,0.1136361150,153726272.0000000000,29
400,46,0.1139057060,153780288.0000000000,31
400,47,0.1139143470,153775600.0000000000,15
400,48,0.1136999460,153781184.0000000000,11
400,49,0.1139269670,153776864.0000000000,3
400,50,0.1138916310,153782352.0000000000,25
400,51,0.1139169980,153776448.0000000000,2
400,52,0.1140418030,153779840.0000000000,15
400,53,0.1138608230,153780544.0000000000,14
400,54,0.1137792010,153778608.0000000000,39
400,55,0.1139158790,153777264.0000000000,13
400,56,0.1138329680,153778672.0000000000,35
400,57,0.1005888250,134600432.0000000000,29
400,58,0.1007588120,134599184.0000000000,21
400,59,0.1007701430,134545392.0000000000,19
400,60,0.1139194270,153725536.0000000000,6
400,61,0.1139898060,153778672.0000000000,17
400,62,0.1138526280,153779200.0000000000,26
400,63,0.1139345070,153779360.0000000000,5
400,64,0.1138599160,153773872.0000000000,17
400,65,0.1139217250,153783552.0000000000,0
400,66,0.1139463010,153775296.0000000000,21
400,67,0.1137510990,153781504.0000000000,39
400,68,0.1139216740,153778960.0000000000,20
400,69,0.1139110530,153778336.0000000000,16
400,70,0.1138431350,153778480.0000000000,20
400,71,0.1137671530,153777120.0000000000,33
400,72,0.1007820690,134598496.0000000000,25
400,73,0.1007145290,134601552.0000000000,2
400,74,0.1005662730,134545616.0000000000,31
400,75,0.1138234770,153720800.0000000000,28
400,76,0.1138634290,153779904.0000000000,12
400,77,0.1139094480,153776736.0000000000,27
400,78,0.1140294150,153778272.0000000000,10
400,79,0.1137483750,153780704.0000000000,24
400,80,0.1139328180,153776464.0000000000,1
400,81,0.1138737280,153779584.0000000000,6
400,82,0.1139365640,153781088.0000000000,23
400,83,0.1139494460,153776432.0000000000,22
400,84,0.1138789070,153778160.0000000000,32
400,85,0.1137560410,153780016.0000000000,35
400,86,0.1139182330,153778864.0000000000,14
400,87,0.1005648380,134602240.0000000000,11
400,88,0.1006183920,134595536.0000000000,37
400,89,0.1007003620,134543696.0000000000,0
400,90,0.1138720910,153726208.0000000000,9
400,91,0.1139590190,153774880.0000000000,19
400,92,0.1139261580,153780432.0000000000,38
400,93,0.1137660790,153780576.0000000000,37
400,94,0.1137816200,153778576.0000000000,35
400,95,0.1137669130,153780432.0000000000,7
400,96,0.1138642490,153778336.0000000000,34
400,97,0.1137403070,153778384.0000000000,33
400,98,0.1138904340,153780784.0000000000,13
400,99,0.1138082610,153776960.0000000000,34
400,100,0.1139157170,153780048.0000000000,7
400,101,0.1137099390,153778240.0000000000,39
400,102,0.1007192310,134598912.0000000000,36
400,103,0.1007817580,134599168.0000000000,32
400,104,0.1007121560,134545248.0000000000,24
400,105,0.1138890970,153682576.0000000000,12
400,106,0.1139147820,153774720.0000000000,9
400,107,0.1140880930,153779200.0000000000,26
400,108,0.1138203860,153779520.0000000000,5
400,109,0.1138744900,153776880.0000000000,6
400,110,0.1138337440,153783696.0000000000,9
400,111,0.1139047030,153774096.0000000000,8
400,112,0.1139359330,153783584.0000000000,28
400,113,0.1139033210,153781328.0000000000,18
400,114,0.1138816700,153770480.0000000000,8
400,115,0.1140853650,153780592.0000000000,16
400,116,0.1139917060,153780128.0000000000,32
400,117,0.1007353160,134603008.0000000000,30
400,118,0.1008794250,134598928.0000000000,23
400,119,0.1006512060,134491648.0000000000,38
400,120,0.1137792940,153648800.0000000000,38
400,121,0.1138630540,153782672.0000000000,0
400,122,0.1138268030,153766976.0000000000,31
400,123,0.1138335880,153785408.0000000000,36
400,124,0.1139190100,153770512.0000000000,19
400,125,0.1138987260,153782112.0000000000,27
400,126,0.1138042110,153788640.0000000000,29
400,127,0.1140425110,153763600.0000000000,23
400,128,0.1139001250,153782224.0000000000,18
400,129,0.1139635510,153781008.0000000000,12
400,130,0.1139348720,153773312.0000000000,10
400,131,0.1139378970,153775952.0000000000,10
400,132,0.1008765930,134604016.0000000000,3
400,133,0.1008629340,134602880.0000000000,20
400,134,0.1009112790,134471824.0000000000,22
400,135,0.0200152730,33567200.0000000000,31
400,136,0.0202094650,33588640.0000000000,32
400,137,0.0200152170,33586640.0000000000,1
400,138,0.0200181430,33581168.0000000000,2
400,139,0.0200027430,33591056.0000000000,3
400,140,0.0201617200,33583760.0000000000,23
400,141,0.0200331050,33587680.0000000000,35
400,142,0.0200378440,33585648.0000000000,34
400,143,0.0200369110,33588416.0000000000,4
400,144,0.0199975950,33586032.0000000000,25
400,145,0.0201224570,33582864.0000000000,33
400,146,0.0200636570,33586432.0000000000,30
400,147,0.0188131020,29429088.0000000000,39
400,148,0.0187273500,29438736.0000000000,13
400,149,0.0186210940,29414528.0000000000,14
400,150,0.0081644490,19560496.0000000000,3
400,151,0.0081593040,19560496.0000000000,25
400,152,0.0081532920,19560496.0000000000,26
400,153,0.0081742880,19560496.0000000000,4
400,154,0.0081938230,19560496.0000000000,12
400,155,0.0082041400,19560496.0000000000,30
400,156,0.0081516470,19560496.0000000000,32
400,157,0.0081720700,19560496.0000000000,25
400,158,0.0081472340,19560496.0000000000,6
400,159,0.0081615430,19560496.0000000000,3
400,160,0.0081933950,19560496.0000000000,2
400,161,0.0081805920,19560496.0000000000,5
400,162,0.0069846150,17158704.0000000000,30
400,163,0.0069566270,17158704.0000000000,7
400,164,0.0071165610,17158704.0000000000,9
400,165,0.0081713910,19560496.0000000000,9
400,166,0.0081795730,19560496.0000000000,23
400,167,0.0081529090,19560496.0000000000,27
400,168,0.0081898940,19560496.0000000000,12
400,169,0.0081736840,19560496.0000000000,28
400,170,0.0081782930,19560496.0000000000,23
400,171,0.0081815350,19560496.0000000000,5
400,172,0.0081753870,19560496.0000000000,18
400,173,0.0081807300,19560496.0000000000,8
400,174,0.0081615080,19560496.0000000000,31
400,175,0.0081672840,19560496.0000000000,4
400,176,0.0081871820,19560496.0000000000,1
400,177,0.0069993590,17158704.0000000000,27
400,178,0.0071210470,17158704.0000000000,25
400,179,0.0070719260,17158704.0000000000,8
400,180,0.0081706680,19560496.0000000000,13
400,181,0.0081572840,19560496.0000000000,0
400,182,0.0081990960,19560496.0000000000,2
400,183,0.0081926400,19560496.0000000000,12
400,184,0.0081819400,19560496.0000000000,26
400,185,0.0081790930,19560496.0000000000,30
400,186,0.0081597830,19560496.0000000000,27
400,187,0.0081543460,19560496.0000000000,14
400,188,0.0081511680,19560496.0000000000,27
400,189,0.0081625200,19560496.0000000000,26
400,190,0.0081653070,19560496.0000000000,12
400,191,0.0081629680,19560496.0000000000,6
400,192,0.0071355540,17158704.0000000000,26
400,193,0.0070755040,17158704.0000000000,35
400,194,0.0070665150,17158704.0000000000,11
400,195,0.0082097350,19560496.0000000000,15
400,196,0.0081867340,19560496.0000000000,5
400,197,0.0081666090,19560496.0000000000,31
400,198,0.0081605240,19560496.0000000000,32
400,199,0.0081702100,19560496.0000000000,3
400,200,0.0081539370,19560496.0000000000,13
400,201,0.0081677670,19560496.0000000000,6
400,202,0.0081935820,19560496.0000000000,28
400,203,0.0081650410,19560496.0000000000,35
400,204,0.0082016230,19560496.0000000000,34
400,205,0.0081740170,19560496.0000000000,3
400,206,0.0081500010,19560496.0000000000,11
400,207,0.0071378700,17158704.0000000000,25
400,208,0.0070153190,17158704.0000000000,14
400,209,0.0071373160,17158704.0000000000,16
400,210,0.0081440860,19560496.0000000000,19
400,211,0.0081542090,19560496.0000000000,2
400,212,0.0081641720,19560496.0000000000,26
400,213,0.0081529440,19560496.0000000000,13
400,214,0.0081497570,19560496.0000000000,14
400,215,0.0081616460,19560496.0000000000,32
400,216,0.0081712520,19560496.0000000000,36
400,217,0.0082098920,19560496.0000000000,28
400,218,0.0082070580,19560496.0000000000,16
400,219,0.0081387000,19560496.0000000000,39
400,220,0.0081722520,19560496.0000000000,28
400,221,0.0081595000,19560496.0000000000,5
400,222,0.0071452710,17158704.0000000000,15
400,223,0.0070921720,17158704.0000000000,37
400,224,0.0069835330,17158704.0000000000,28
400,225,0.0081661440,19560496.0000000000,34
400,226,0.0081546050,19560496.0000000000,31
400,227,0.0081799610,19560496.0000000000,4
400,228,0.0081684720,19560496.0000000000,28
400,229,0.0081299350,19560496.0000000000,26
400,230,0.0081508470,19560496.0000000000,24
400,231,0.0081439610,19560496.0000000000,7
400,232,0.0081792160,19560496.0000000000,10
400,233,0.0081721650,19560496.0000000000,4
400,234,0.0081653340,19560496.0000000000,25
400,235,0.0081475170,19560496.0000000000,7
400,236,0.0082149040,19560496.0000000000,20
400,237,0.0070866000,17158704.0000000000,4
400,238,0.0070423410,17158704.0000000000,0
400,239,0.0070136870,17158704.0000000000,2
400,240,0.0082194370,19560496.0000000000,38
400,241,0.0081793450,19560496.0000000000,1
400,242,0.0082003560,19560496.0000000000,23
400,243,0.0081510420,19560496.0000000000,37
400,244,0.0081721230,19560496.0000000000,8
400,245,0.0081761790,19560496.0000000000,23
400,246,0.0081813310,19560496.0000000000,9
400,247,0.0082158670,19560496.0000000000,23
400,248,0.0081754310,19560496.0000000000,32
400,249,0.0081518890,19560496.0000000000,27
400,250,0.0081717440,19560496.0000000000,32
400,251,0.0081822630,19560496.0000000000,4
400,252,0.0070224620,17158704.0000000000,23
400,253,0.0070157830,17158704.0000000000,5
400,254,0.0071145100,17158704.0000000000,20
400,255,0.0081584490,19560496.0000000000,7
400,256,0.0081568190,19560496.0000000000,26
400,257,0.0081639690,19560496.0000000000,33
400,258,0.0081376480,19560496.0000000000,7
400,259,0.0081709020,19560496.0000000000,35
400,260,0.0081342620,19560496.0000000000,7
400,261,0.0081688580,19560496.0000000000,6
400,262,0.0081514170,19560496.0000000000,25
400,263,0.0081813410,19560496.0000000000,9
400,264,0.0081761720,19560496.0000000000,34
400,265,0.0081542190,19560496.0000000000,8
400,266,0.0081771640,19560496.0000000000,38
400,267,0.0070510990,17158704.0000000000,22
400,268,0.0070876640,17158704.0000000000,17
400,269,0.0071109240,17158704.0000000000,3
400,270,0.0081500000,19560496.0000000000,39
400,271,0.0081641890,19560496.0000000000,7
400,272,0.0081645940,19560496.0000000000,27
400,273,0.0081589660,19560496.0000000000,2
400,274,0.0081826420,19560496.0000000000,9
400,275,0.0081779250,19560496.0000000000,10
400,276,0.0081712440,19560496.0000000000,7
400,277,0.0081881690,19560496.0000000000,31
400,278,0.0081843570,19560496.0000000000,10
400,279,0.0081594580,19560496.0000000000,8
400,280,0.0081579440,19560496.0000000000,10
400,281,0.0082144400,19560496.0000000000,21
400,282,0.0070642380,17158704.0000000000,6
400,283,0.0071209260,17158704.0000000000,36
400,284,0.0070780490,17158704.0000000000,32
400,285,0.0081691000,19560496.0000000000,4
400,286,0.0081707870,19560496.0000000000,30
400,287,0.0081762120,19560496.0000000000,34
400,288,0.0081448460,19560496.0000000000,26
400,289,0.0081472390,19560496.0000000000,27
400,290,0.0081449320,19560496.0000000000,27
400,291,0.0081624280,19560496.0000000000,6
400,292,0.0081765200,19560496.0000000000,10
400,293,0.0081392310,19560496.0000000000,36
400,294,0.0081338640,19560496.0000000000,29
400,295,0.0081621430,19560496.0000000000,2
400,296,0.0081730300,19560496.0000000000,30
400,297,0.0070964710,17158704.0000000000,38
400,298,0.0069678860,17158704.0000000000,23
400,299,0.0071046030,17158704.0000000000,13
400,300,0.0081968620,19560496.0000000000,35
400,301,0.0081600910,19560496.0000000000,33
400,302,0.0081636700,19560496.0000000000,32
400,303,0.0081791640,19560496.0000000000,28
400,304,0.0081553460,19560496.0000000000,31
400,305,0.0081539700,19560496.0000000000,6
400,306,0.0081618030,19560496.0000000000,1
400,307,0.0081659140,19560496.0000000000,34
400,308,0.0081490490,19560496.0000000000,14
400,309,0.0081610370,19560496.0000000000,30
400,310,0.0081845660,19560496.0000000000,13
400,311,0.0081707010,19560496.0000000000,3
400,312,0.0069786720,17158704.0000000000,31
400,313,0.0070468790,17158704.0000000000,0
400,314,0.0070788470,17158704.0000000000,29
400,315,0.0081655610,19560496.0000000000,3
400,316,0.0081796160,19560496.0000000000,12
400,317,0.0081498340,19560496.0000000000,25
400,318,0.0081414710,19560496.0000000000,29
400,319,0.0081710230,19560496.0000000000,2
400,320,0.0081652170,19560496.0000000000,31
400,321,0.0081480180,19560496.0000000000,33
400,322,0.0081852650,19560496.0000000000,30
400,323,0.0081236810,19560496.0000000000,33
400,324,0.0081712120,19560496.0000000000,2
400,325,0.0081311110,19560496.0000000000,14
400,326,0.0081781470,19560496.0000000000,4
400,327,0.0071171520,17158704.0000000000,11
400,328,0.0069976570,17158704.0000000000,24
400,329,0.0071175670,17158704.0000000000,12
400,330,0.0081845290,19560496.0000000000,9
400,331,0.0081679330,19560496.0000000000,18
400,332,0.0081308530,19560496.0000000000,0
400,333,0.0081770810,19560496.0000000000,10
400,334,0.0081715020,19560496.0000000000,32
400,335,0.0081830960,19560496.0000000000,3
400,336,0.0081476590,19560496.0000000000,33
400,337,0.0081585710,19560496.0000000000,26
400,338,0.0081781080,19560496.0000000000,35
400,339,0.0081458720,19560496.0000000000,38
400,340,0.0081796510,19560496.0000000000,6
400,341,0.0081632360,19560496.0000000000,8
400,342,0.0070124660,17158704.0000000000,19
400,343,0.0070741920,17158704.0000000000,32
400,344,0.0070518990,17158704.0000000000,34
400,345,0.0081614290,19560496.0000000000,31
400,346,0.0082068410,19560496.0000000000,8
400,347,0.0081539730,19560496.0000000000,27
400,348,0.0082078300,19560496.0000000000,20
400,349,0.0081768950,19560496.0000000000,4
400,350,0.0081498450,19560496.0000000000,25
400,351,0.0081650510,19560496.0000000000,3
400,352,0.0081513440,19560496.0000000000,39
400,353,0.0081792660,19560496.0000000000,1
400,354,0.0081799160,19560496.0000000000,28
400,355,0.0081804930,19560496.0000000000,25
400,356,0.0081911780,19560496.0000000000,23
400,357,0.0071505600,17158704.0000000000,12
400,358,0.0070304230,17158704.0000000000,8
400,359,0.0071382450,17158704.0000000000,9
400,360,0.0081617830,19560496.0000000000,39
400,361,0.0081686380,19560496.0000000000,1
400,362,0.0081367240,19560496.0000000000,39
400,363,0.0081600010,19560496.0000000000,37
400,364,0.0081748660,19560496.0000000000,10
400,365,0.0081592420,19560496.0000000000,6
400,366,0.0081540560,19560496.0000000000,14
400,367,0.0081640890,19560496.0000000000,8
400,368,0.0081836330,19560496.0000000000,28
400,369,0.0081673920,19560496.0000000000,9
400,370,0.0081763210,19560496.0000000000,8
400,371,0.0081806570,19560496.0000000000,14
400,372,0.0070975220,17158704.0000000000,6
400,373,0.0070928200,17158704.0000000000,21
400,374,0.0070203770,17158704.0000000000,10
400,375,0.0081567350,19560496.0000000000,5
400,376,0.0082037610,19560496.0000000000,12
400,377,0.0081490490,19560496.0000000000,1
400,378,0.0082048140,19560496.0000000000,15
400,379,0.0081666000,19560496.0000000000,13
400,380,0.0081508930,19560496.0000000000,7
400,381,0.0081659410,19560496.0000000000,10
400,382,0.0081526780,19560496.0000000000,5
400,383,0.0081558640,19560496.0000000000,5
400,384,0.0081653510,19560496.0000000000,1
400,385,0.0081639520,19560496.0000000000,13
400,386,0.0081573190,19560496.0000000000,5
400,387,0.0069734560,17158704.0000000000,33
400,388,0.0069792500,17158704.0000000000,1
400,389,0.0070387310,17158704.0000000000,10
400,390,0.0082089920,19560496.0000000000,17
400,391,0.0081705930,19560496.0000000000,34
400,392,0.0081706300,19560496.0000000000,21
400,393,0.0081840630,19560496.0000000000,22
400,394,0.0081505820,19560496.0000000000,39
400,395,0.0081672330,19560496.0000000000,9
400,396,0.0081803600,19560496.0000000000,2
400,397,0.0081332200,19560496.0000000000,33
400,398,0.0082030320,19560496.0000000000,23
400,399,0.0081755790,19560496.0000000000,9
400,400,0.0081904850,19560496.0000000000,12
400,401,0.0081834420,19560496.0000000000,16
400,402,0.0069656170,17158704.0000000000,39
400,403,0.0070113040,17158704.0000000000,18
400,404,0.0070490600,17158704.0000000000,31
400,405,0.0081476470,19560496.0000000000,36
400,406,0.0081655900,19560496.0000000000,19
400,407,0.0081556960,19560496.0000000000,24
400,408,0.0081599500,19560496.0000000000,37
400,409,0.0081700510,19560496.0000000000,35
400,410,0.0081856470,19560496.0000000000,12
400,411,0.0081483190,19560496.0000000000,35
400,412,0.0081641580,19560496.0000000000,1
400,413,0.0081412040,19560496.0000000000,11
400,414,0.0081729350,19560496.0000000000,22
400,415,0.0081829520,19560496.0000000000,17
400,416,0.0082025400,19560496.0000000000,30
400,417,0.0069819270,17158704.0000000000,7
400,418,0.0070383480,17158704.0000000000,30
400,419,0.0070587570,17158704.0000000000,5
400,420,0.0061973710,14756912.0000000000,17
400,421,0.0062140420,14756912.0000000000,21
400,422,0.0061818020,14756912.0000000000,18
400,423,0.0062003470,14756912.0000000000,15
400,424,0.0062097640,14756912.0000000000,16
400,425,0.0062218580,14756912.0000000000,20
400,426,0.0061644360,14756912.0000000000,19
400,427,0.0061958170,14756912.0000000000,26
400,428,0.0061976220,14756912.0000000000,27
400,429,0.0061800660,14756912.0000000000,24
400,430,0.0061627880,14756912.0000000000,29
400,431,0.0062013720,14756912.0000000000,28
400,432,0.0056722200,12944944.0000000000,14
400,433,0.0056990700,12944944.0000000000,13
400,434,0.0057043290,12944944.0000000000,22
450,0,2.1140506829,87921840.0000000000,18
450,1,2.1380977759,87331712.0000000000,11
450,2,2.1251900163,86039520.0000000000,0
450,3,2.1435710471,85962112.0000000000,24
450,4,2.1595534530,86356352.0000000000,16
450,5,2.1695793921,86693920.0000000000,21
450,6,2.2058535590,86884528.0000000000,17
450,7,2.2079476436,87002096.0000000000,15
450,8,2.2103866231,87124768.0000000000,22
450,9,2.2121003781,87351728.0000000000,20
450,10,2.2101924697,87848608.0000000000,19
450,11,2.2197115626,88936464.0000000000,29
450,12,1.9791555297,79540912.0000000000,36
450,13,1.9633119041,79599824.0000000000,37
450,14,1.9355639274,79212864.0000000000,38
450,15,3.7143732611,153561968.0000000000,8
450,16,3.7890136792,154261392.0000000000,26
450,17,3.8370980855,154923312.0000000000,33
450,18,3.8699285315,155117328.0000000000,34
450,19,3.9151781710,155528032.0000000000,3
450,20,3.9291619027,155875344.0000000000,1
450,21,3.9327796756,156060128.0000000000,22
450,22,3.9273751085,156183632.0000000000,37
450,23,3.9304429855,156317328.0000000000,11
450,24,3.9356016558,156546640.0000000000,24
450,25,3.9466989658,157023872.0000000000,30
450,26,3.9203434508,157114816.0000000000,2
450,27,3.3355746007,135743520.0000000000,1
450,28,3.2999079955,134926544.0000000000,4
450,29,3.2864660444,134593168.0000000000,16
450,30,3.6674834385,153702752.0000000000,21
450,31,3.6662155059,153780976.0000000000,36
450,32,3.6665028386,153777232.0000000000,4
450,33,3.6651188790,153778560.0000000000,30
450,34,3.6689562817,153781600.0000000000,13
450,35,3.6670591677,153777792.0000000000,28
450,36,3.6687673105,153786144.0000000000,14
450,37,3.6671332195,153780576.0000000000,27
450,38,3.6658641850,153780560.0000000000,5
450,39,3.6660486643,153780576.0000000000,25
450,40,3.6661516833,153779232.0000000000,4
450,41,3.6653879482,153777120.0000000000,7
450,42,3.2436546416,134598880.0000000000,17
450,43,3.2452315607,134596192.0000000000,15
450,44,3.2379542866,134518960.0000000000,18
450,45,3.6594217889,153719232.0000000000,29
450,46,3.6640140877,153779104.0000000000,31
450,47,3.6687178369,153776832.0000000000,15
450,48,3.6615852867,153779168.0000000000,11
450,49,3.6623045615,153780240.0000000000,3
450,50,3.6628051693,153782784.0000000000,25
450,51,3.6659530761,153779792.0000000000,2
450,52,3.6690143857,153778832.0000000000,15
450,53,3.6661269579,153779632.0000000000,14
450,54,3.6632203474,153779776.0000000000,39
450,55,3.6667852153,153778320.0000000000,13
450,56,3.6646677589,153781584.0000000000,35
450,57,3.2368264064,134603344.0000000000,29
450,58,3.2439770735,134598752.0000000000,21
450,59,3.2381291231,134541552.0000000000,19
450,60,3.6650357482,153723792.0000000000,6
450,61,3.6675109116,153779200.0000000000,17
450,62,3.6649687879,153779008.0000000000,26
450,63,3.6629813896,153778624.0000000000,5
450,64,3.6672899309,153775568.0000000000,17
450,65,3.6643249740,153777840.0000000000,0
450,66,3.6666916367,153781584.0000000000,21
450,67,3.6615486095,153776880.0000000000,39
450,68,3.6673295564,153778032.0000000000,20
450,69,3.6689266476,153780768.0000000000,16
450,70,3.6662967890,153777360.0000000000,20
450,71,3.6619833844,153778464.0000000000,33
450,72,3.2413398349,134599552.0000000000,25
450,73,3.2407805172,134600752.0000000000,2
450,74,3.2367546469,134541088.0000000000,31
450,75,3.6642948640,153718768.0000000000,28
450,76,3.6672604563,153775232.0000000000,12
450,77,3.6644671236,153778336.0000000000,27
450,78,3.6654691742,153777216.0000000000,10
450,79,3.6641953815,153779280.0000000000,24
450,80,3.6668667598,153777408.0000000000,1
450,81,3.6650876590,153775632.0000000000,6
450,82,3.6687817749,153783152.0000000000,23
450,83,3.6674621217,153778544.0000000000,22
450,84,3.6652141595,153777248.0000000000,32
450,85,3.6634564663,153779904.0000000000,35
450,86,3.6656780306,153779264.0000000000,14
450,87,3.2371275009,134601168.0000000000,11
450,88,3.2390678505,134599104.0000000000,37
450,89,3.2400526657,134543376.0000000000,0
450,90,3.6637931996,153720992.0000000000,9
450,91,3.6644591341,153781344.0000000000,19
450,92,3.6641848819,153781232.0000000000,38
450,93,3.6619127617,153778784.0000000000,37
450,94,3.6630523976,153783808.0000000000,35
450,95,3.6621086877,153778160.0000000000,7
450,96,3.6638375239,153781136.0000000000,34
450,97,3.6613033776,153777600.0000000000,33
450,98,3.6664184283,153780576.0000000000,13
450,99,3.6635117062,153777472.0000000000,34
450,100,3.6625567845,153778704.0000000000,7
450,101,3.6622306427,153778192.0000000000,39
450,102,3.2415450756,134600160.0000000000,36
450,103,3.2418298576,134597136.0000000000,32
450,104,3.2381653911,134541728.0000000000,24
450,105,3.6664214198,153673072.0000000000,12
450,106,3.6654470678,153774496.0000000000,9
450,107,3.6668392490,153779456.0000000000,26
450,108,3.6654279370,153778848.0000000000,5
450,109,3.6664899361,153777552.0000000000,6
450,110,3.6651099244,153780976.0000000000,9
450,111,3.6651846315,153775824.0000000000,8
450,112,3.6668823876,153784208.0000000000,28
450,113,3.6656750400,153778464.0000000000,18
450,114,3.6653616185,153768176.0000000000,8
450,115,3.6709448820,153783488.0000000000,16
450,116,3.6669561552,153779792.0000000000,32
450,117,3.2400121725,134602784.0000000000,30
450,118,3.2440165431,134596912.0000000000,23
450,119,3.2409359433,134482944.0000000000,38
450,120,3.6627005083,153634800.0000000000,38
450,121,3.6668836189,153782752.0000000000,0
450,122,3.6647470180,153765232.0000000000,31
450,123,3.6661376214,153787840.0000000000,36
450,124,3.6667724043,153769584.0000000000,19
450,125,3.6664931546,153785200.0000000000,27
450,126,3.6620788580,153782928.0000000000,29
450,127,3.6689557517,153767200.0000000000,23
450,128,3.6662235602,153782144.0000000000,18
450,129,3.6685426866,153786848.0000000000,12
450,130,3.6669145697,153774528.0000000000,10
450,131,3.6656648003,153771952.0000000000,10
450,132,3.2443828283,134598256.0000000000,3
450,133,3.2477809496,134604832.0000000000,20
450,134,3.2436368373,134455280.0000000000,22
450,135,0.6486797132,33566656.0000000000,31
450,136,0.6487980263,33588000.0000000000,32
450,137,0.6492604139,33587872.0000000000,1
450,138,0.6488524354,33579104.0000000000,2
450,139,0.6490923510,33592144.0000000000,3
450,140,0.6498096597,33582736.0000000000,23
450,141,0.6489983025,33587936.0000000000,35
450,142,0.6490407986,33586288.0000000000,34
450,143,0.6484141472,33588816.0000000000,4
450,144,0.6488594760,33584304.0000000000,25
450,145,0.6480324995,33581744.0000000000,33
450,146,0.6497466139,33589232.0000000000,30
450,147,0.6052246900,29431120.0000000000,39
450,148,0.6072864708,29438944.0000000000,13
450,149,0.6037421348,29414528.0000000000,14
450,150,0.2666768121,19560496.0000000000,3
450,151,0.2664119270,19560496.0000000000,25
450,152,0.2666660682,19560496.0000000000,26
450,153,0.2668619154,19560496.0000000000,4
450,154,0.2676238892,19560496.0000000000,12
450,155,0.2671790807,19560496.0000000000,30
450,156,0.2665849354,19560496.0000000000,32
450,157,0.2665580322,19560496.0000000000,25
450,158,0.2667819619,19560496.0000000000,6
450,159,0.2667274449,19560496.0000000000,3
450,160,0.2665804958,19560496.0000000000,2
450,161,0.2668462964,19560496.0000000000,5
450,162,0.2305908284,17158704.0000000000,30
450,163,0.2280199318,17158704.0000000000,7
450,164,0.2328345694,17158704.0000000000,9
450,165,0.2668209508,19560496.0000000000,9
450,166,0.2677014431,19560496.0000000000,23
450,167,0.2665652983,19560496.0000000000,27
450,168,0.2673608211,19560496.0000000000,12
450,169,0.2674517973,19560496.0000000000,28
450,170,0.2676211960,19560496.0000000000,23
450,171,0.2668050443,19560496.0000000000,5
450,172,0.2667753118,19560496.0000000000,18
450,173,0.2668547852,19560496.0000000000,8
450,174,0.2667602732,19560496.0000000000,31
450,175,0.2669283324,19560496.0000000000,4
450,176,0.2668062557,19560496.0000000000,1
450,177,0.2281720502,17158704.0000000000,27
450,178,0.2311754463,17158704.0000000000,25
450,179,0.2318147997,17158704.0000000000,8
450,180,0.2667025217,19560496.0000000000,13
450,181,0.2662303024,19560496.0000000000,0
450,182,0.2666459878,19560496.0000000000,2
450,183,0.2674381261,19560496.0000000000,12
450,184,0.2665690378,19560496.0000000000,26
450,185,0.2673957441,19560496.0000000000,30
450,186,0.2665225845,19560496.0000000000,27
450,187,0.2664820501,19560496.0000000000,14
450,188,0.2662533184,19560496.0000000000,27
450,189,0.2667377790,19560496.0000000000,26
450,190,0.2674691692,19560496.0000000000,12
450,191,0.2667346513,19560496.0000000000,6
450,192,0.2325706393,17158704.0000000000,26
450,193,0.2308172695,17158704.0000000000,35
450,194,0.2301802532,17158704.0000000000,11
450,195,0.2679842230,19560496.0000000000,15
450,196,0.2668508145,19560496.0000000000,5
450,197,0.2669394161,19560496.0000000000,31
450,198,0.2667440223,19560496.0000000000,32
450,199,0.2666192135,19560496.0000000000,3
450,200,0.2669275496,19560496.0000000000,13
450,201,0.2666880668,19560496.0000000000,6
450,202,0.2675514509,19560496.0000000000,28
450,203,0.2666855318,19560496.0000000000,35
450,204,0.2666201327,19560496.0000000000,34
450,205,0.2666613444,19560496.0000000000,3
450,206,0.2659514742,19560496.0000000000,11
450,207,0.2316038835,17158704.0000000000,25
450,208,0.2291952272,17158704.0000000000,14
450,209,0.2319662086,17158704.0000000000,16
450,210,0.2663590545,19560496.0000000000,19
450,211,0.2666068419,19560496.0000000000,2
450,212,0.2667101617,19560496.0000000000,26
450,213,0.2667255145,19560496.0000000000,13
450,214,0.2663676084,19560496.0000000000,14
450,215,0.2665936323,19560496.0000000000,32
450,216,0.2665231660,19560496.0000000000,36
450,217,0.2673361447,19560496.0000000000,28
450,218,0.2676738978,19560496.0000000000,16
450,219,0.2662788494,19560496.0000000000,39
450,220,0.2673257301,19560496.0000000000,28
450,221,0.2668443579,19560496.0000000000,5
450,222,0.2327954326,17158704.0000000000,15
450,223,0.2313462502,17158704.0000000000,37
450,224,0.2321145421,17158704.0000000000,28
450,225,0.2664392469,19560496.0000000000,34
450,226,0.2668857199,19560496.0000000000,31
450,227,0.2667500662,19560496.0000000000,4
450,228,0.2673878435,19560496.0000000000,28
450,229,0.2665547809,19560496.0000000000,26
450,230,0.2665778608,19560496.0000000000,24
450,231,0.2659598303,19560496.0000000000,7
450,232,0.2673356299,19560496.0000000000,10
450,233,0.2668001825,19560496.0000000000,4
450,234,0.2665503498,19560496.0000000000,25
450,235,0.2660970497,19560496.0000000000,7
450,236,0.2678001558,19560496.0000000000,20
450,237,0.2311821363,17158704.0000000000,4
450,238,0.2303754923,17158704.0000000000,0
450,239,0.2299045203,17158704.0000000000,2
450,240,0.2671322872,19560496.0000000000,38
450,241,0.2668573057,19560496.0000000000,1
450,242,0.2675596575,19560496.0000000000,23
450,243,0.2662885979,19560496.0000000000,37
450,244,0.2670469869,19560496.0000000000,8
450,245,0.2676430494,19560496.0000000000,23
450,246,0.2669695762,19560496.0000000000,9
450,247,0.2675867221,19560496.0000000000,23
450,248,0.2664986763,19560496.0000000000,32
450,249,0.2664749109,19560496.0000000000,27
450,250,0.2666178870,19560496.0000000000,32
450,251,0.2667166499,19560496.0000000000,4
450,252,0.2303179771,17158704.0000000000,23
450,253,0.2303827111,17158704.0000000000,5
450,254,0.2331742417,17158704.0000000000,20
450,255,0.2659488429,19560496.0000000000,7
450,256,0.2665752316,19560496.0000000000,26
450,257,0.2660796229,19560496.0000000000,33
450,258,0.2658599891,19560496.0000000000,7
450,259,0.2667184244,19560496.0000000000,35
450,260,0.2657487889,19560496.0000000000,7
450,261,0.2665975233,19560496.0000000000,6
450,262,0.2664959334,19560496.0000000000,25
450,263,0.2667492585,19560496.0000000000,9
450,264,0.2664716594,19560496.0000000000,34
450,265,0.2668203475,19560496.0000000000,8
450,266,0.2671956736,19560496.0000000000,38
450,267,0.2304327840,17158704.0000000000,22
450,268,0.2323911954,17158704.0000000000,17
450,269,0.2328255788,17158704.0000000000,3
450,270,0.2663416590,19560496.0000000000,39
450,271,0.2659677610,19560496.0000000000,7
450,272,0.2662236850,19560496.0000000000,27
450,273,0.2666813175,19560496.0000000000,2
450,274,0.2668202490,19560496.0000000000,9
450,275,0.2671632878,19560496.0000000000,10
450,276,0.2659592660,19560496.0000000000,7
450,277,0.2669280928,19560496.0000000000,31
450,278,0.2671565463,19560496.0000000000,10
450,279,0.2668578248,19560496.0000000000,8
450,280,0.2672054707,19560496.0000000000,10
450,281,0.2678251948,19560496.0000000000,21
450,282,0.2316206854,17158704.0000000000,6
450,283,0.2319374985,17158704.0000000000,36
450,284,0.2321493644,17158704.0000000000,32
450,285,0.2667984510,19560496.0000000000,4
450,286,0.2673999501,19560496.0000000000,30
450,287,0.2663856640,19560496.0000000000,34
450,288,0.2664199526,19560496.0000000000,26
450,289,0.2664263395,19560496.0000000000,27
450,290,0.2663829990,19560496.0000000000,27
450,291,0.2667177698,19560496.0000000000,6
450,292,0.2672948170,19560496.0000000000,10
450,293,0.2665248564,19560496.0000000000,36
450,294,0.2662293081,19560496.0000000000,29
450,295,0.2666360598,19560496.0000000000,2
450,296,0.2671099160,19560496.0000000000,30
450,297,0.2323032123,17158704.0000000000,38
450,298,0.2304210621,17158704.0000000000,23
450,299,0.2326680563,17158704.0000000000,13
450,300,0.2668398606,19560496.0000000000,35
450,301,0.2660613563,19560496.0000000000,33
450,302,0.2665941025,19560496.0000000000,32
450,303,0.2674221393,19560496.0000000000,28
450,304,0.2669054144,19560496.0000000000,31
450,305,0.2667093900,19560496.0000000000,6
450,306,0.2668874256,19560496.0000000000,1
450,307,0.2663736889,19560496.0000000000,34
450,308,0.2664041187,19560496.0000000000,14
450,309,0.2673639669,19560496.0000000000,30
450,310,0.2667370727,19560496.0000000000,13
450,311,0.2667526678,19560496.0000000000,3
450,312,0.2296993223,17158704.0000000000,31
450,313,0.2304877068,17158704.0000000000,0
450,314,0.2293750992,17158704.0000000000,29
450,315,0.2667694501,19560496.0000000000,3
450,316,0.2673928599,19560496.0000000000,12
450,317,0.2664042459,19560496.0000000000,25
450,318,0.2663118559,19560496.0000000000,29
450,319,0.2666393406,19560496.0000000000,2
450,320,0.2667969874,19560496.0000000000,31
450,321,0.2660182443,19560496.0000000000,33
450,322,0.2672779390,19560496.0000000000,30
450,323,0.2661060525,19560496.0000000000,33
450,324,0.2664750320,19560496.0000000000,2
450,325,0.2662451010,19560496.0000000000,14
450,326,0.2668224392,19560496.0000000000,4
450,327,0.2300222775,17158704.0000000000,11
450,328,0.2290425824,17158704.0000000000,24
450,329,0.2326968909,17158704.0000000000,12
450,330,0.2666860428,19560496.0000000000,9
450,331,0.2669624412,19560496.0000000000,18
450,332,0.2662539307,19560496.0000000000,0
450,333,0.2671549946,19560496.0000000000,10
450,334,0.2665955769,19560496.0000000000,32
450,335,0.2667458827,19560496.0000000000,3
450,336,0.2659336758,19560496.0000000000,33
450,337,0.2663647647,19560496.0000000000,26
450,338,0.2666880927,19560496.0000000000,35
450,339,0.2670724929,19560496.0000000000,38
450,340,0.2668217261,19560496.0000000000,6
450,341,0.2668593729,19560496.0000000000,8
450,342,0.2295254214,17158704.0000000000,19
450,343,0.2322056757,17158704.0000000000,32
450,344,0.2312510047,17158704.0000000000,34
450,345,0.2667457254,19560496.0000000000,31
450,346,0.2669683273,19560496.0000000000,8
450,347,0.2663845689,19560496.0000000000,27
450,348,0.2677267546,19560496.0000000000,20
450,349,0.2667351255,19560496.0000000000,4
450,350,0.2668013534,19560496.0000000000,25
450,351,0.2666901300,19560496.0000000000,3
450,352,0.2663031363,19560496.0000000000,39
450,353,0.2668360240,19560496.0000000000,1
450,354,0.2672910622,19560496.0000000000,28
450,355,0.2664399443,19560496.0000000000,25
450,356,0.2676216444,19560496.0000000000,23
450,357,0.2329111819,17158704.0000000000,12
450,358,0.2310343469,17158704.0000000000,8
450,359,0.2333148707,17158704.0000000000,9
450,360,0.2662430099,19560496.0000000000,39
450,361,0.2668047586,19560496.0000000000,1
450,362,0.2660563954,19560496.0000000000,39
450,363,0.2661436344,19560496.0000000000,37
450,364,0.2672181286,19560496.0000000000,10
450,365,0.2667557129,19560496.0000000000,6
450,366,0.2664944852,19560496.0000000000,14
450,367,0.2669282485,19560496.0000000000,8
450,368,0.2673366137,19560496.0000000000,28
450,369,0.2667723397,19560496.0000000000,9
450,370,0.2667765473,19560496.0000000000,8
450,371,0.2666155745,19560496.0000000000,14
450,372,0.2313727658,17158704.0000000000,6
450,373,0.2319857445,17158704.0000000000,21
450,374,0.2325278221,17158704.0000000000,10
450,375,0.2667511122,19560496.0000000000,5
450,376,0.2675494052,19560496.0000000000,12
450,377,0.2669793058,19560496.0000000000,1
450,378,0.2679564340,19560496.0000000000,15
450,379,0.2667316642,19560496.0000000000,13
450,380,0.2660344333,19560496.0000000000,7
450,381,0.2672772348,19560496.0000000000,10
450,382,0.2667962644,19560496.0000000000,5
450,383,0.2666512059,19560496.0000000000,5
450,384,0.2668859442,19560496.0000000000,1
450,385,0.2668611138,19560496.0000000000,13
450,386,0.2667665811,19560496.0000000000,5
450,387,0.2281242146,17158704.0000000000,33
450,388,0.2298746218,17158704.0000000000,1
450,389,0.2322796454,17158704.0000000000,10
450,390,0.2679687806,19560496.0000000000,17
450,391,0.2664782583,19560496.0000000000,34
450,392,0.2674699225,19560496.0000000000,21
450,393,0.2672475785,19560496.0000000000,22
450,394,0.2662949883,19560496.0000000000,39
450,395,0.2669099466,19560496.0000000000,9
450,396,0.2666936629,19560496.0000000000,2
450,397,0.2659604197,19560496.0000000000,33
450,398,0.2675363630,19560496.0000000000,23
450,399,0.2668209137,19560496.0000000000,9
450,400,0.2673631173,19560496.0000000000,12
450,401,0.2676512842,19560496.0000000000,16
450,402,0.2310033933,17158704.0000000000,39
450,403,0.2290493691,17158704.0000000000,18
450,404,0.2292530342,17158704.0000000000,31
450,405,0.2664727538,19560496.0000000000,36
450,406,0.2663962909,19560496.0000000000,19
450,407,0.2665925481,19560496.0000000000,24
450,408,0.2662396967,19560496.0000000000,37
450,409,0.2666071387,19560496.0000000000,35
450,410,0.2675256174,19560496.0000000000,12
450,411,0.2664962108,19560496.0000000000,35
450,412,0.2669595855,19560496.0000000000,1
450,413,0.2658113067,19560496.0000000000,11
450,414,0.2673738761,19560496.0000000000,22
450,415,0.2679088344,19560496.0000000000,17
450,416,0.2671318500,19560496.0000000000,30
450,417,0.2277947771,17158704.0000000000,7
450,418,0.2306594362,17158704.0000000000,30
450,419,0.2304898306,17158704.0000000000,5
450,420,0.2028115099,14756912.0000000000,17
450,421,0.2024463179,14756912.0000000000,21
450,422,0.2019225932,14756912.0000000000,18
450,423,0.2028795154,14756912.0000000000,15
450,424,0.2031023351,14756912.0000000000,16
450,425,0.2032071058,14756912.0000000000,20
450,426,0.2015315011,14756912.0000000000,19
450,427,0.2021005506,14756912.0000000000,26
450,428,0.2017089871,14756912.0000000000,27
450,429,0.2019923938,14756912.0000000000,24
450,430,0.2015746140,14756912.0000000000,29
450,431,0.2024985793,14756912.0000000000,28
450,432,0.1854548185,12944944.0000000000,14
450,433,0.1860866660,12944944.0000000000,13
450,434,0.1861249206,12944944.0000000000,22
500,0,0.0654320910,87560000.0000000000,18
500,1,0.0654139420,86831120.0000000000,11
500,2,0.0659047610,85616448.0000000000,0
500,3,0.0665948790,85610112.0000000000,24
500,4,0.0670983450,86190432.0000000000,16
500,5,0.0673380310,86655264.0000000000,21
500,6,0.0684827920,86869536.0000000000,17
500,7,0.0686655640,86978032.0000000000,15
500,8,0.0687152780,87088960.0000000000,22
500,9,0.0688640020,87347200.0000000000,20
500,10,0.0688784010,88043264.0000000000,19
500,11,0.0694556150,89610816.0000000000,29
500,12,0.0625947130,80177520.0000000000,36
500,13,0.0615637960,80003360.0000000000,37
500,14,0.0604107730,79460384.0000000000,38
500,15,0.1156351140,153474160.0000000000,8
500,16,0.1180944240,154272256.0000000000,26
500,17,0.1196136490,154616608.0000000000,33
500,18,0.1207583810,154731584.0000000000,34
500,19,0.1217255320,155336672.0000000000,3
500,20,0.1229929930,155811008.0000000000,1
500,21,0.1232184580,156034240.0000000000,22
500,22,0.1232404610,156164992.0000000000,37
500,23,0.1230149450,156294112.0000000000,11
500,24,0.1232656470,156561056.0000000000,24
500,25,0.1242419380,157257728.0000000000,30
500,26,0.1231761960,157413632.0000000000,2
500,27,0.1044949470,135807584.0000000000,1
500,28,0.1027663310,134935104.0000000000,4
500,29,0.1023166500,134607056.0000000000,16
500,30,0.1139795610,153696848.0000000000,21
500,31,0.1138948130,153781840.0000000000,36
500,32,0.1139105880,153768624.0000000000,4
500,33,0.1139054970,153780000.0000000000,30
500,34,0.1140650960,153783280.0000000000,13
500,35,0.1138787970,153777072.0000000000,28
500,36,0.1139564550,153785920.0000000000,14
500,37,0.1138622020,153784336.0000000000,27
500,38,0.1139520280,153776912.0000000000,5
500,39,0.1138652190,153784272.0000000000,25
500,40,0.1139344060,153782592.0000000000,4
500,41,0.1138783760,153774432.0000000000,7
500,42,0.1006709880,134601008.0000000000,17
500,43,0.1006999900,134599040.0000000000,15
500,44,0.1006238340,134510912.0000000000,18
500,45,0.1138060230,153719280.0000000000,29
500,46,0.1137969180,153775488.0000000000,31
500,47,0.1140056320,153780112.0000000000,15
500,48,0.1136674190,153778576.0000000000,11
500,49,0.1137813330,153779632.0000000000,3
500,50,0.1139660540,153779392.0000000000,25
500,51,0.1138470190,153777152.0000000000,2
500,52,0.1139293060,153777952.0000000000,15
500,53,0.1138751300,153782896.0000000000,14
500,54,0.1138501390,153776000.0000000000,39
500,55,0.1138946560,153778400.0000000000,13
500,56,0.1138959080,153779568.0000000000,35
500,57,0.1005986160,134602464.0000000000,29
500,58,0.1007911610,134596304.0000000000,21
500,59,0.1006181270,134541968.0000000000,19
500,60,0.1138667230,153723136.0000000000,6
500,61,0.1138944930,153778336.0000000000,17
500,62,0.1138704480,153781248.0000000000,26
500,63,0.1138149360,153780176.0000000000,5
500,64,0.1139118150,153780736.0000000000,17
500,65,0.1138198060,153778416.0000000000,0
500,66,0.1139630560,153780416.0000000000,21
500,67,0.1137185000,153778304.0000000000,39
500,68,0.1138421430,153781296.0000000000,20
500,69,0.1140222370,153776224.0000000000,16
500,70,0.1139873630,153778496.0000000000,20
500,71,0.1138185580,153779136.0000000000,33
500,72,0.1006616170,134600576.0000000000,25
500,73,0.1006247390,134600496.0000000000,2
500,74,0.1005582170,134539344.0000000000,31
500,75,0.1139534100,153717584.0000000000,28
500,76,0.1139219280,153777120.0000000000,12
500,77,0.1138161160,153774160.0000000000,27
500,78,0.1138720440,153777168.0000000000,10
500,79,0.1138746570,153777408.0000000000,24
500,80,0.1139269820,153778208.0000000000,1
500,81,0.1138624060,153780816.0000000000,6
500,82,0.1139982160,153780384.0000000000,23
500,83,0.1140236240,153774272.0000000000,22
500,84,0.1139062280,153779168.0000000000,32
500,85,0.1138074170,153780464.0000000000,35
500,86,0.1138805790,153775232.0000000000,14
500,87,0.1006431930,134599648.0000000000,11
500,88,0.1007072640,134600176.0000000000,37
500,89,0.1006594820,134539200.0000000000,0
500,90,0.1137977880,153721328.0000000000,9
500,91,0.1138541630,153776640.0000000000,19
500,92,0.1138098890,153782016.0000000000,38
500,93,0.1137431990,153780160.0000000000,37
500,94,0.1137835010,153777568.0000000000,35
500,95,0.1137287180,153776992.0000000000,7
500,96,0.1138796450,153779728.0000000000,34
500,97,0.1137439130,153778912.0000000000,33
500,98,0.1138974910,153780992.0000000000,13
500,99,0.1137526910,153776720.0000000000,34
500,100,0.1137595750,153780496.0000000000,7
500,101,0.1137412840,153778512.0000000000,39
500,102,0.1006468550,134599744.0000000000,36
500,103,0.1005890580,134599232.0000000000,32
500,104,0.1006206600,134536640.0000000000,24
500,105,0.1138651290,153659376.0000000000,12
500,106,0.1138199710,153775984.0000000000,9
500,107,0.1138188290,153778848.0000000000,26
500,108,0.1138631840,153778384.0000000000,5
500,109,0.1139119330,153778688.0000000000,6
500,110,0.1138872840,153781616.0000000000,9
500,111,0.1137975300,153776768.0000000000,8
500,112,0.1138521750,153782800.0000000000,28
500,113,0.1138629300,153774848.0000000000,18
500,114,0.1140693750,153773312.0000000000,8
500,115,0.1142109860,153780176.0000000000,16
500,116,0.1138791680,153779488.0000000000,32
500,117,0.1005514260,134603136.0000000000,30
500,118,0.1007363760,134597648.0000000000,23
500,119,0.1006708010,134475296.0000000000,38
500,120,0.1137964790,153616960.0000000000,38
500,121,0.1138821260,153781504.0000000000,0
500,122,0.1138256230,153766224.0000000000,31
500,123,0.1138672960,153784816.0000000000,36
500,124,0.1140431770,153772448.0000000000,19
500,125,0.1139552020,153781840.0000000000,27
500,126,0.1136828260,153782672.0000000000,29
500,127,0.1139142010,153767584.0000000000,23
500,128,0.1138949020,153783328.0000000000,18
500,129,0.1141907190,153781856.0000000000,12
500,130,0.1138784150,153777872.0000000000,10
500,131,0.1138736460,153770320.0000000000,10
500,132,0.1007391670,134599808.0000000000,3
500,133,0.1007939550,134602656.0000000000,20
500,134,0.1007838970,134434032.0000000000,22
500,135,0.0201431600,33566176.0000000000,31
500,136,0.0200358670,33587888.0000000000,32
500,137,0.0200058550,33587664.0000000000,1
500,138,0.0200284480,33580144.0000000000,2
500,139,0.0200190990,33591296.0000000000,3
500,140,0.0201074490,33583744.0000000000,23
500,141,0.0200947210,33588512.0000000000,35
500,142,0.0200216990,33587376.0000000000,34
500,143,0.0202069310,33591136.0000000000,4
500,144,0.0200044920,33585088.0000000000,25
500,145,0.0199986120,33580208.0000000000,33
500,146,0.0200869400,33587888.0000000000,30
500,147,0.0186749520,29432560.0000000000,39
500,148,0.0187047750,29438432.0000000000,13
500,149,0.0186074880,29414976.0000000000,14
500,150,0.0081559510,19560496.0000000000,3
500,151,0.0081541830,19560496.0000000000,25
500,152,0.0081714650,19560496.0000000000,26
500,153,0.0081646420,19560496.0000000000,4
500,154,0.0081818100,19560496.0000000000,12
500,155,0.0081841630,19560496.0000000000,30
500,156,0.0081604260,19560496.0000000000,32
500,157,0.0081583400,19560496.0000000000,25
500,158,0.0081382320,19560496.0000000000,6
500,159,0.0081527050,19560496.0000000000,3
500,160,0.0081512030,19560496.0000000000,2
500,161,0.0081515560,19560496.0000000000,5
500,162,0.0071425900,17158704.0000000000,30
500,163,0.0069463000,17158704.0000000000,7
500,164,0.0071354980,17158704.0000000000,9
500,165,0.0081470350,19560496.0000000000,9
500,166,0.0082078580,19560496.0000000000,23
500,167,0.0081638620,19560496.0000000000,27
500,168,0.0082354420,19560496.0000000000,12
500,169,0.0081681320,19560496.0000000000,28
500,170,0.0081939730,19560496.0000000000,23
500,171,0.0081750440,19560496.0000000000,5
500,172,0.0081619110,19560496.0000000000,18
500,173,0.0081807080,19560496.0000000000,8
500,174,0.0081774500,19560496.0000000000,31
500,175,0.0081728380,19560496.0000000000,4
500,176,0.0081802280,19560496.0000000000,1
500,177,0.0070751690,17158704.0000000000,27
500,178,0.0070858810,17158704.0000000000,25
500,179,0.0070922940,17158704.0000000000,8
500,180,0.0081817100,19560496.0000000000,13
500,181,0.0081430460,19560496.0000000000,0
500,182,0.0081738350,19560496.0000000000,2
500,183,0.0081889130,19560496.0000000000,12
500,184,0.0081624390,19560496.0000000000,26
500,185,0.0081868570,19560496.0000000000,30
500,186,0.0081245050,19560496.0000000000,27
500,187,0.0081550670,19560496.0000000000,14
500,188,0.0081671370,19560496.0000000000,27
500,189,0.0081579180,19560496.0000000000,26
500,190,0.0081828820,19560496.0000000000,12
500,191,0.0081584690,19560496.0000000000,6
500,192,0.0071248750,17158704.0000000000,26
500,193,0.0070263420,17158704.0000000000,35
500,194,0.0070011990,17158704.0000000000,11
500,195,0.0082061480,19560496.0000000000,15
500,196,0.0081640510,19560496.0000000000,5
500,197,0.0081757570,19560496.0000000000,31
500,198,0.0081608060,19560496.0000000000,32
500,199,0.0081566710,19560496.0000000000,3
500,200,0.0081729930,19560496.0000000000,13
500,201,0.0081636700,19560496.0000000000,6
500,202,0.0081900550,19560496.0000000000,28
500,203,0.0081801940,19560496.0000000000,35
500,204,0.0081520190,19560496.0000000000,34
500,205,0.0081481670,19560496.0000000000,3
500,206,0.0081458410,19560496.0000000000,11
500,207,0.0071318590,17158704.0000000000,25
500,208,0.0070147500,17158704.0000000000,14
500,209,0.0071711150,17158704.0000000000,16
500,210,0.0081777720,19560496.0000000000,19
500,211,0.0081414210,19560496.0000000000,2
500,212,0.0081770360,19560496.0000000000,26
500,213,0.0081523940,19560496.0000000000,13
500,214,0.0081636660,19560496.0000000000,14
500,215,0.0081624980,19560496.0000000000,32
500,216,0.0081367660,19560496.0000000000,36
500,217,0.0081923170,19560496.0000000000,28
500,218,0.0082030110,19560496.0000000000,16
500,219,0.0081518940,19560496.0000000000,39
500,220,0.0081688230,19560496.0000000000,28
500,221,0.0081862750,19560496.0000000000,5
500,222,0.0070209800,17158704.0000000000,15
500,223,0.0070804490,17158704.0000000000,37
500,224,0.0070949270,17158704.0000000000,28
500,225,0.0081432220,19560496.0000000000,34
500,226,0.0081655060,19560496.0000000000,31
500,227,0.0081790000,19560496.0000000000,4
500,228,0.0081474410,19560496.0000000000,28
500,229,0.0081472590,19560496.0000000000,26
500,230,0.0081410080,19560496.0000000000,24
500,231,0.0081677590,19560496.0000000000,7
500,232,0.0081772530,19560496.0000000000,10
500,233,0.0081683300,19560496.0000000000,4
500,234,0.0081585220,19560496.0000000000,25
500,235,0.0081523490,19560496.0000000000,7
500,236,0.0081821480,19560496.0000000000,20
500,237,0.0070791450,17158704.0000000000,4
500,238,0.0070577900,17158704.0000000000,0
500,239,0.0069679160,17158704.0000000000,2
500,240,0.0081713330,19560496.0000000000,38
500,241,0.0081669020,19560496.0000000000,1
500,242,0.0081812480,19560496.0000000000,23
500,243,0.0081627070,19560496.0000000000,37
500,244,0.0081601320,19560496.0000000000,8
500,245,0.0081984610,19560496.0000000000,23
500,246,0.0081790280,19560496.0000000000,9
500,247,0.0081725080,19560496.0000000000,23
500,248,0.0081634930,19560496.0000000000,32
500,249,0.0081477400,19560496.0000000000,27
500,250,0.0081500550,19560496.0000000000,32
500,251,0.0081617070,19560496.0000000000,4
500,252,0.0070139550,17158704.0000000000,23
500,253,0.0070043220,17158704.0000000000,5
500,254,0.0070699720,17158704.0000000000,20
500,255,0.0081307650,19560496.0000000000,7
500,256,0.0081426010,19560496.0000000000,26
500,257,0.0081294550,19560496.0000000000,33
500,258,0.0081248750,19560496.0000000000,7
500,259,0.0081636730,19560496.0000000000,35
500,260,0.0081527580,19560496.0000000000,7
500,261,0.0081537910,19560496.0000000000,6
500,262,0.0081567670,19560496.0000000000,25
500,263,0.0081681670,19560496.0000000000,9
500,264,0.0081575610,19560496.0000000000,34
500,265,0.0081720340,19560496.0000000000,8
500,266,0.0081822530,19560496.0000000000,38
500,267,0.0070774460,17158704.0000000000,22
500,268,0.0070721540,17158704.0000000000,17
500,269,0.0071527830,17158704.0000000000,3
500,270,0.0081552330,19560496.0000000000,39
500,271,0.0081425300,19560496.0000000000,7
500,272,0.0081512070,19560496.0000000000,27
500,273,0.0081665510,19560496.0000000000,2
500,274,0.0081847380,19560496.0000000000,9
500,275,0.0081576660,19560496.0000000000,10
500,276,0.0081583900,19560496.0000000000,7
500,277,0.0081863960,19560496.0000000000,31
500,278,0.0081726970,19560496.0000000000,10
500,279,0.0081723350,19560496.0000000000,8
500,280,0.0081679960,19560496.0000000000,10
500,281,0.0081997120,19560496.0000000000,21
500,282,0.0070574660,17158704.0000000000,6
500,283,0.0071137440,17158704.0000000000,36
500,284,0.0070249570,17158704.0000000000,32
500,285,0.0081632700,19560496.0000000000,4
500,286,0.0081871480,19560496.0000000000,30
500,287,0.0081404770,19560496.0000000000,34
500,288,0.0081494830,19560496.0000000000,26
500,289,0.0081441720,19560496.0000000000,27
500,290,0.0081641140,19560496.0000000000,27
500,291,0.0081506650,19560496.0000000000,6
500,292,0.0081755410,19560496.0000000000,10
500,293,0.0081536080,19560496.0000000000,36
500,294,0.0081415590,19560496.0000000000,29
500,295,0.0081697180,19560496.0000000000,2
500,296,0.0081698640,19560496.0000000000,30
500,297,0.0071494420,17158704.0000000000,38
500,298,0.0070317570,17158704.0000000000,23
500,299,0.0071099920,17158704.0000000000,13
500,300,0.0081865050,19560496.0000000000,35
500,301,0.0081392750,19560496.0000000000,33
500,302,0.0081429920,19560496.0000000000,32
500,303,0.0082000830,19560496.0000000000,28
500,304,0.0081797630,19560496.0000000000,31
500,305,0.0081435590,19560496.0000000000,6
500,306,0.0081744260,19560496.0000000000,1
500,307,0.0081583510,19560496.0000000000,34
500,308,0.0081475650,19560496.0000000000,14
500,309,0.0081997240,19560496.0000000000,30
500,310,0.0081789350,19560496.0000000000,13
500,311,0.0081816920,19560496.0000000000,3
500,312,0.0069911980,17158704.0000000000,31
500,313,0.0071201700,17158704.0000000000,0
500,314,0.0070087600,17158704.0000000000,29
500,315,0.0081556610,19560496.0000000000,3
500,316,0.0081721910,19560496.0000000000,12
500,317,0.0081556260,19560496.0000000000,25
500,318,0.0081347270,19560496.0000000000,29
500,319,0.0081270850,19560496.0000000000,2
500,320,0.0081550070,19560496.0000000000,31
500,321,0.0081539340,19560496.0000000000,33
500,322,0.0081783820,19560496.0000000000,30
500,323,0.0081428420,19560496.0000000000,33
500,324,0.0081598410,19560496.0000000000,2
500,325,0.0081348900,19560496.0000000000,14
500,326,0.0081615060,19560496.0000000000,4
500,327,0.0070204060,17158704.0000000000,11
500,328,0.0070154340,17158704.0000000000,24
500,329,0.0070210820,17158704.0000000000,12
500,330,0.0081719820,19560496.0000000000,9
500,331,0.0081736440,19560496.0000000000,18
500,332,0.0081474860,19560496.0000000000,0
500,333,0.0081807030,19560496.0000000000,10
500,334,0.0081478120,19560496.0000000000,32
500,335,0.0081482050,19560496.0000000000,3
500,336,0.0081338930,19560496.0000000000,33
500,337,0.0081456860,19560496.0000000000,26
500,338,0.0081489650,19560496.0000000000,35
500,339,0.0081686870,19560496.0000000000,38
500,340,0.0081593010,19560496.0000000000,6
500,341,0.0081459840,19560496.0000000000,8
500,342,0.0069484640,17158704.0000000000,19
500,343,0.0071439190,17158704.0000000000,32
500,344,0.0070599670,17158704.0000000000,34
500,345,0.0081584520,19560496.0000000000,31
500,346,0.0081661840,19560496.0000000000,8
500,347,0.0081864140,19560496.0000000000,27
500,348,0.0081776190,19560496.0000000000,20
500,349,0.0081702850,19560496.0000000000,4
500,350,0.0081523900,19560496.0000000000,25
500,351,0.0081432960,19560496.0000000000,3
500,352,0.0081448620,19560496.0000000000,39
500,353,0.0081659500,19560496.0000000000,1
500,354,0.0081800540,19560496.0000000000,28
500,355,0.0081544030,19560496.0000000000,25
500,356,0.0081916150,19560496.0000000000,23
500,357,0.0071673750,17158704.0000000000,12
500,358,0.0070424710,17158704.0000000000,8
500,359,0.0071192980,17158704.0000000000,9
500,360,0.0081648690,19560496.0000000000,39
500,361,0.0081742360,19560496.0000000000,1
500,362,0.0081507530,19560496.0000000000,39
500,363,0.0081586890,19560496.0000000000,37
500,364,0.0081819530,19560496.0000000000,10
500,365,0.0081580860,19560496.0000000000,6
500,366,0.0081529740,19560496.0000000000,14
500,367,0.0081543900,19560496.0000000000,8
500,368,0.0081775200,19560496.0000000000,28
500,369,0.0081723130,19560496.0000000000,9
500,370,0.0081729150,19560496.0000000000,8
500,371,0.0081477750,19560496.0000000000,14
500,372,0.0070878930,17158704.0000000000,6
500,373,0.0070846930,17158704.0000000000,21
500,374,0.0071011250,17158704.0000000000,10
500,375,0.0081629490,19560496.0000000000,5
500,376,0.0081853480,19560496.0000000000,12
500,377,0.0081712100,19560496.0000000000,1
500,378,0.0082215380,19560496.0000000000,15
500,379,0.0081789950,19560496.0000000000,13
500,380,0.0081439030,19560496.0000000000,7
500,381,0.0081687270,19560496.0000000000,10
500,382,0.0081489230,19560496.0000000000,5
500,383,0.0081742500,19560496.0000000000,5
500,384,0.0081810870,19560496.0000000000,1
500,385,0.0081660000,19560496.0000000000,13
500,386,0.0081840390,19560496.0000000000,5
500,387,0.0069440730,17158704.0000000000,33
500,388,0.0070346160,17158704.0000000000,1
500,389,0.0071476910,17158704.0000000000,10
500,390,0.0082042340,19560496.0000000000,17
500,391,0.0081577710,19560496.0000000000,34
500,392,0.0081788720,19560496.0000000000,21
500,393,0.0081887300,19560496.0000000000,22
500,394,0.0081517660,19560496.0000000000,39
500,395,0.0081816630,19560496.0000000000,9
500,396,0.0081396080,19560496.0000000000,2
500,397,0.0081610870,19560496.0000000000,33
500,398,0.0081752150,19560496.0000000000,23
500,399,0.0081616030,19560496.0000000000,9
500,400,0.0082022880,19560496.0000000000,12
500,401,0.0081978520,19560496.0000000000,16
500,402,0.0070480860,17158704.0000000000,39
500,403,0.0069730020,17158704.0000000000,18
500,404,0.0070343800,17158704.0000000000,31
500,405,0.0081578140,19560496.0000000000,36
500,406,0.0081672900,19560496.0000000000,19
500,407,0.0081582900,19560496.0000000000,24
500,408,0.0081397510,19560496.0000000000,37
500,409,0.0081552150,19560496.0000000000,35
500,410,0.0081927220,19560496.0000000000,12
500,411,0.0081490540,19560496.0000000000,35
500,412,0.0081479060,19560496.0000000000,1
500,413,0.0081461740,19560496.0000000000,11
500,414,0.0081826480,19560496.0000000000,22
500,415,0.0082055940,19560496.0000000000,17
500,416,0.0082012260,19560496.0000000000,30
500,417,0.0069550350,17158704.0000000000,7
500,418,0.0070951160,17158704.0000000000,30
500,419,0.0070555320,17158704.0000000000,5
500,420,0.0062158150,14756912.0000000000,17
500,421,0.0061944040,14756912.0000000000,21
500,422,0.0061677210,14756912.0000000000,18
500,423,0.0062209080,14756912.0000000000,15
500,424,0.0062389500,14756912.0000000000,16
500,425,0.0062039020,14756912.0000000000,20
500,426,0.0061806160,14756912.0000000000,19
500,427,0.0061989780,14756912.0000000000,26
500,428,0.0061965530,14756912.0000000000,27
500,429,0.0061716150,14756912.0000000000,24
500,430,0.0061663430,14756912.0000000000,29
500,431,0.0062129940,14756912.0000000000,28
500,432,0.0056582930,12944944.0000000000,14
500,433,0.0057065280,12944944.0000000000,13
500,434,0.0056828440,12944944.0000000000,22
550,0,2.1049871811,87253312.0000000000,18
550,1,2.0982768022,86421840.0000000000,11
550,2,2.1149368507,85272576.0000000000,0
550,3,2.1337355266,85234384.0000000000,24
550,4,2.1609044157,86011440.0000000000,16
550,5,2.1699802870,86636064.0000000000,21
550,6,2.2076605738,86864544.0000000000,17
550,7,2.2103490194,86950496.0000000000,15
550,8,2.2117107329,87039344.0000000000,22
550,9,2.2172290972,87312480.0000000000,20
550,10,2.2195943251,88318112.0000000000,19
550,11,2.2621948549,90426960.0000000000,29
550,12,2.0207699409,80815920.0000000000,36
550,13,1.9896487889,80384496.0000000000,37
550,14,1.9689084341,79682144.0000000000,38
550,15,3.7239060600,153395488.0000000000,8
550,16,3.8057680471,154250592.0000000000,26
550,17,3.8525047920,154268272.0000000000,33
550,18,3.8916720466,154287072.0000000000,34
550,19,3.9266834396,155095952.0000000000,3
550,20,3.9696955195,155751504.0000000000,1
550,21,3.9794221142,156015920.0000000000,22
550,22,3.9740432898,156137504.0000000000,37
550,23,3.9762283583,156261520.0000000000,11
550,24,3.9790760235,156569728.0000000000,24
550,25,4.0088820215,157594736.0000000000,30
550,26,3.9724842027,157710768.0000000000,2
550,27,3.3627087590,135858432.0000000000,1
550,28,3.3143136191,134957392.0000000000,4
550,29,3.2966775715,134616208.0000000000,16
550,30,3.6670388847,153692688.0000000000,21
550,31,3.6656751908,153782928.0000000000,36
550,32,3.6661194265,153768688.0000000000,4
550,33,3.6650610766,153782368.0000000000,30
550,34,3.6697807460,153783184.0000000000,13
550,35,3.6673317804,153780896.0000000000,28
550,36,3.6686433571,153784720.0000000000,14
550,37,3.6675850404,153782608.0000000000,27
550,38,3.6664879659,153778608.0000000000,5
550,39,3.6657399358,153784160.0000000000,25
550,40,3.6665055581,153782176.0000000000,4
550,41,3.6649487952,153773104.0000000000,7
550,42,3.2438448781,134598256.0000000000,17
550,43,3.2456637804,134601424.0000000000,15
550,44,3.2378461931,134507360.0000000000,18
550,45,3.6596531613,153716528.0000000000,29
550,46,3.6640487261,153776944.0000000000,31
550,47,3.6688209088,153784272.0000000000,15
550,48,3.6616985192,153779136.0000000000,11
550,49,3.6625829325,153778560.0000000000,3
550,50,3.6630328576,153777776.0000000000,25
550,51,3.6651808872,153779104.0000000000,2
550,52,3.6688934763,153779760.0000000000,15
550,53,3.6661023026,153780864.0000000000,14
550,54,3.6627002949,153774864.0000000000,39
550,55,3.6662984059,153778912.0000000000,13
550,56,3.6648138697,153781808.0000000000,35
550,57,3.2365465491,134602064.0000000000,29
550,58,3.2438229488,134600784.0000000000,21
550,59,3.2370753448,134538304.0000000000,19
550,60,3.6650377758,153719184.0000000000,6
550,61,3.6678202096,153778496.0000000000,17
550,62,3.6648482107,153778176.0000000000,26
550,63,3.6629163928,153780544.0000000000,5
550,64,3.6678727982,153778320.0000000000,17
550,65,3.6633023022,153779072.0000000000,0
550,66,3.6667820125,153777776.0000000000,21
550,67,3.6618451664,153780752.0000000000,39
550,68,3.6673415452,153775568.0000000000,20
550,69,3.6686631519,153777968.0000000000,16
550,70,3.6673781204,153781248.0000000000,20
550,71,3.6621806476,153779120.0000000000,33
550,72,3.2417165652,134597344.0000000000,25
550,73,3.2411244107,134600720.0000000000,2
550,74,3.2365112485,134533024.0000000000,31
550,75,3.6642423990,153719088.0000000000,28
550,76,3.6674477921,153779024.0000000000,12
550,77,3.6646180029,153775984.0000000000,27
550,78,3.6654754414,153777536.0000000000,10
550,79,3.6642030707,153775760.0000000000,24
550,80,3.6661455815,153778528.0000000000,1
550,81,3.6655395164,153783200.0000000000,6
550,82,3.6684321534,153778672.0000000000,23
550,83,3.6674211945,153779568.0000000000,22
550,84,3.6654006736,153778016.0000000000,32
550,85,3.6633928553,153777856.0000000000,35
550,86,3.6658461454,153778928.0000000000,14
550,87,3.2379097755,134600752.0000000000,11
550,88,3.2386385469,134599888.0000000000,37
550,89,3.2392708031,134537088.0000000000,0
550,90,3.6636703992,153719744.0000000000,9
550,91,3.6646778766,153776368.0000000000,19
550,92,3.6642913930,153781488.0000000000,38
550,93,3.6620801014,153779168.0000000000,37
550,94,3.6632043146,153776800.0000000000,35
550,95,3.6620813244,153781328.0000000000,7
550,96,3.6642523741,153779456.0000000000,34
550,97,3.6614307841,153778224.0000000000,33
550,98,3.6665485495,153779648.0000000000,13
550,99,3.6639148855,153778704.0000000000,34
550,100,3.6622166534,153780592.0000000000,7
550,101,3.6621906217,153779792.0000000000,39
550,102,3.2413969390,134599536.0000000000,36
550,103,3.2416926765,134600560.0000000000,32
550,104,3.2380280675,134538624.0000000000,24
550,105,3.6661038817,153648896.0000000000,12
550,106,3.6657723704,153775776.0000000000,9
550,107,3.6668255367,153782704.0000000000,26
550,108,3.6652929694,153778816.0000000000,5
550,109,3.6673974588,153781248.0000000000,6
550,110,3.6653690097,153779072.0000000000,9
550,111,3.6648466148,153775744.0000000000,8
550,112,3.6671764832,153782848.0000000000,28
550,113,3.6664157676,153775440.0000000000,18
550,114,3.6650918316,153772752.0000000000,8
550,115,3.6711858364,153780480.0000000000,16
550,116,3.6662671731,153778656.0000000000,32
550,117,3.2395463518,134604784.0000000000,30
550,118,3.2434142388,134595520.0000000000,23
550,119,3.2409221877,134465376.0000000000,38
550,120,3.6620175400,153600208.0000000000,38
550,121,3.6662671490,153782032.0000000000,0
550,122,3.6646140558,153767200.0000000000,31
550,123,3.6662481998,153782336.0000000000,36
550,124,3.6677962463,153770912.0000000000,19
550,125,3.6661990215,153782496.0000000000,27
550,126,3.6625167148,153781184.0000000000,29
550,127,3.6696445415,153769168.0000000000,23
550,128,3.6664714486,153781248.0000000000,18
550,129,3.6689602401,153782160.0000000000,12
550,130,3.6670492185,153775424.0000000000,10
550,131,3.6668565675,153772416.0000000000,10
550,132,3.2444145819,134602736.0000000000,3
550,133,3.2481664883,134599440.0000000000,20
550,134,3.2435378458,134415664.0000000000,22
550,135,0.6489615865,33566160.0000000000,31
550,136,0.6491434446,33590128.0000000000,32
550,137,0.6492724191,33588672.0000000000,1
550,138,0.6491897309,33581248.0000000000,2
550,139,0.6486904321,33590544.0000000000,3
550,140,0.6504261813,33583712.0000000000,23
550,141,0.6489469180,33589232.0000000000,35
550,142,0.6486469077,33588432.0000000000,34
550,143,0.6490725876,33592288.0000000000,4
550,144,0.6484832154,33585040.0000000000,25
550,145,0.6480981184,33579616.0000000000,33
550,146,0.6493751306,33587456.0000000000,30
550,147,0.6057739910,29433232.0000000000,39
550,148,0.6071537131,29439168.0000000000,13
550,149,0.6040394839,29413696.0000000000,14
550,150,0.2667249468,19560496.0000000000,3
550,151,0.2666697624,19560496.0000000000,25
550,152,0.2665082247,19560496.0000000000,26
550,153,0.2667354580,19560496.0000000000,4
550,154,0.2676220773,19560496.0000000000,12
550,155,0.2672101561,19560496.0000000000,30
550,156,0.2666471252,19560496.0000000000,32
550,157,0.2665277760,19560496.0000000000,25
550,158,0.2667778737,19560496.0000000000,6
550,159,0.2666392865,19560496.0000000000,3
550,160,0.2665698938,19560496.0000000000,2
550,161,0.2669641441,19560496.0000000000,5
550,162,0.2308103803,17158704.0000000000,30
550,163,0.2281899977,17158704.0000000000,7
550,164,0.2328355616,17158704.0000000000,9
550,165,0.2669532342,19560496.0000000000,9
550,166,0.2677447467,19560496.0000000000,23
550,167,0.2666006809,19560496.0000000000,27
550,168,0.2674719874,19560496.0000000000,12
550,169,0.2675310256,19560496.0000000000,28
550,170,0.2676908750,19560496.0000000000,23
550,171,0.2668572721,19560496.0000000000,5
550,172,0.2667966149,19560496.0000000000,18
550,173,0.2670651576,19560496.0000000000,8
550,174,0.2668541953,19560496.0000000000,31
550,175,0.2669692510,19560496.0000000000,4
550,176,0.2669047966,19560496.0000000000,1
550,177,0.2284538384,17158704.0000000000,27
550,178,0.2312276794,17158704.0000000000,25
550,179,0.2318165810,17158704.0000000000,8
550,180,0.2667994662,19560496.0000000000,13
550,181,0.2662181188,19560496.0000000000,0
550,182,0.2666154046,19560496.0000000000,2
550,183,0.2674149223,19560496.0000000000,12
550,184,0.2665617659,19560496.0000000000,26
550,185,0.2673330481,19560496.0000000000,30
550,186,0.2664823716,19560496.0000000000,27
550,187,0.2664660573,19560496.0000000000,14
550,188,0.2663728753,19560496.0000000000,27
550,189,0.2667099107,19560496.0000000000,26
550,190,0.2674888489,19560496.0000000000,12
550,191,0.2667985665,19560496.0000000000,6
550,192,0.2324655395,17158704.0000000000,26
550,193,0.2311080191,17158704.0000000000,35
550,194,0.2305532148,17158704.0000000000,11
550,195,0.2680273416,19560496.0000000000,15
550,196,0.2669557455,19560496.0000000000,5
550,197,0.2669507863,19560496.0000000000,31
550,198,0.2666717102,19560496.0000000000,32
550,199,0.2667567856,19560496.0000000000,3
550,200,0.2668814365,19560496.0000000000,13
550,201,0.2667550093,19560496.0000000000,6
550,202,0.2673163860,19560496.0000000000,28
550,203,0.2667833687,19560496.0000000000,35
550,204,0.2665163274,19560496.0000000000,34
550,205,0.2666172934,19560496.0000000000,3
550,206,0.2660812417,19560496.0000000000,11
550,207,0.2318213597,17158704.0000000000,25
550,208,0.2290975666,17158704.0000000000,14
550,209,0.2321700241,17158704.0000000000,16
550,210,0.2663912394,19560496.0000000000,19
550,211,0.2665016428,19560496.0000000000,2
550,212,0.2666971681,19560496.0000000000,26
550,213,0.2667913051,19560496.0000000000,13
550,214,0.2662823273,19560496.0000000000,14
550,215,0.2665584957,19560496.0000000000,32
550,216,0.2666344331,19560496.0000000000,36
550,217,0.2673829474,19560496.0000000000,28
550,218,0.2677264459,19560496.0000000000,16
550,219,0.2663040318,19560496.0000000000,39
550,220,0.2673393577,19560496.0000000000,28
550,221,0.2668204952,19560496.0000000000,5
550,222,0.2323952627,17158704.0000000000,15
550,223,0.2314111399,17158704.0000000000,37
550,224,0.2322083169,17158704.0000000000,28
550,225,0.2665049508,19560496.0000000000,34
550,226,0.2668416278,19560496.0000000000,31
550,227,0.2668582744,19560496.0000000000,4
550,228,0.2673422485,19560496.0000000000,28
550,229,0.2666159286,19560496.0000000000,26
550,230,0.2665113407,19560496.0000000000,24
550,231,0.2660627760,19560496.0000000000,7
550,232,0.2673273168,19560496.0000000000,10
550,233,0.2667848177,19560496.0000000000,4
550,234,0.2667226236,19560496.0000000000,25
550,235,0.2660458108,19560496.0000000000,7
550,236,0.2677711346,19560496.0000000000,20
550,237,0.2314794630,17158704.0000000000,4
550,238,0.2302245623,17158704.0000000000,0
550,239,0.2296840412,17158704.0000000000,2
550,240,0.2672008317,19560496.0000000000,38
550,241,0.2667245023,19560496.0000000000,1
550,242,0.2676195254,19560496.0000000000,23
550,243,0.2664694570,19560496.0000000000,37
550,244,0.2671433064,19560496.0000000000,8
550,245,0.2675457950,19560496.0000000000,23
550,246,0.2669659770,19560496.0000000000,9
550,247,0.2676378783,19560496.0000000000,23
550,248,0.2666938436,19560496.0000000000,32
550,249,0.2664170734,19560496.0000000000,27
550,250,0.2665652584,19560496.0000000000,32
550,251,0.2668576046,19560496.0000000000,4
550,252,0.2301260610,17158704.0000000000,23
550,253,0.2300388550,17158704.0000000000,5
550,254,0.2331644886,17158704.0000000000,20
550,255,0.2660613380,19560496.0000000000,7
550,256,0.2665574944,19560496.0000000000,26
550,257,0.2660595187,19560496.0000000000,33
550,258,0.2658844030,19560496.0000000000,7
550,259,0.2666885887,19560496.0000000000,35
550,260,0.2658915105,19560496.0000000000,7
550,261,0.2667034285,19560496.0000000000,6
550,262,0.2664473762,19560496.0000000000,25
550,263,0.2667050111,19560496.0000000000,9
550,264,0.2665737976,19560496.0000000000,34
550,265,0.2668687497,19560496.0000000000,8
550,266,0.2674901328,19560496.0000000000,38
550,267,0.2304380651,17158704.0000000000,22
550,268,0.2328668790,17158704.0000000000,17
550,269,0.2329687212,17158704.0000000000,3
550,270,0.2663172909,19560496.0000000000,39
550,271,0.2660194342,19560496.0000000000,7
550,272,0.2663056993,19560496.0000000000,27
550,273,0.2665802778,19560496.0000000000,2
550,274,0.2667921064,19560496.0000000000,9
550,275,0.2671532466,19560496.0000000000,10
550,276,0.2659596341,19560496.0000000000,7
550,277,0.2669314011,19560496.0000000000,31
550,278,0.2672856433,19560496.0000000000,10
550,279,0.2668986732,19560496.0000000000,8
550,280,0.2672028198,19560496.0000000000,10
550,281,0.2678000228,19560496.0000000000,21
550,282,0.2314701559,17158704.0000000000,6
550,283,0.2318790759,17158704.0000000000,36
550,284,0.2319145714,17158704.0000000000,32
550,285,0.2669277001,19560496.0000000000,4
550,286,0.2672550673,19560496.0000000000,30
550,287,0.2664461324,19560496.0000000000,34
550,288,0.2663972768,19560496.0000000000,26
550,289,0.2665036299,19560496.0000000000,27
550,290,0.2663775287,19560496.0000000000,27
550,291,0.2667179354,19560496.0000000000,6
550,292,0.2672154227,19560496.0000000000,10
550,293,0.2665272059,19560496.0000000000,36
550,294,0.2662758492,19560496.0000000000,29
550,295,0.2666133339,19560496.0000000000,2
550,296,0.2671585565,19560496.0000000000,30
550,297,0.2321246104,17158704.0000000000,38
550,298,0.2305063553,17158704.0000000000,23
550,299,0.2320107604,17158704.0000000000,13
550,300,0.2668570356,19560496.0000000000,35
550,301,0.2659341486,19560496.0000000000,33
550,302,0.2665349153,19560496.0000000000,32
550,303,0.2674279797,19560496.0000000000,28
550,304,0.2667937264,19560496.0000000000,31
550,305,0.2667141978,19560496.0000000000,6
550,306,0.2667422665,19560496.0000000000,1
550,307,0.2663762118,19560496.0000000000,34
550,308,0.2663582689,19560496.0000000000,14
550,309,0.2673172280,19560496.0000000000,30
550,310,0.2666802270,19560496.0000000000,13
550,311,0.2667515025,19560496.0000000000,3
550,312,0.2301267376,17158704.0000000000,31
550,313,0.2306480485,17158704.0000000000,0
550,314,0.2289905471,17158704.0000000000,29
550,315,0.2666427251,19560496.0000000000,3
550,316,0.2673925180,19560496.0000000000,12
550,317,0.2663931509,19560496.0000000000,25
550,318,0.2662678365,19560496.0000000000,29
550,319,0.2666947126,19560496.0000000000,2
550,320,0.2667705921,19560496.0000000000,31
550,321,0.2659774456,19560496.0000000000,33
550,322,0.2672644123,19560496.0000000000,30
550,323,0.2659746341,19560496.0000000000,33
550,324,0.2664965731,19560496.0000000000,2
550,325,0.2663246677,19560496.0000000000,14
550,326,0.2669313003,19560496.0000000000,4
550,327,0.2299372539,17158704.0000000000,11
550,328,0.2287157659,17158704.0000000000,24
550,329,0.2325927747,17158704.0000000000,12
550,330,0.2667011870,19560496.0000000000,9
550,331,0.2669665477,19560496.0000000000,18
550,332,0.2663169677,19560496.0000000000,0
550,333,0.2672664054,19560496.0000000000,10
550,334,0.2665178474,19560496.0000000000,32
550,335,0.2668195125,19560496.0000000000,3
550,336,0.2659298269,19560496.0000000000,33
550,337,0.2664124710,19560496.0000000000,26
550,338,0.2666807099,19560496.0000000000,35
550,339,0.2670336105,19560496.0000000000,38
550,340,0.2668680116,19560496.0000000000,6
550,341,0.2669079704,19560496.0000000000,8
550,342,0.2292447050,17158704.0000000000,19
550,343,0.2318811279,17158704.0000000000,32
550,344,0.2312915443,17158704.0000000000,34
550,345,0.2670535433,19560496.0000000000,31
550,346,0.2669670547,19560496.0000000000,8
550,347,0.2663552397,19560496.0000000000,27
550,348,0.2676543971,19560496.0000000000,20
550,349,0.2666967249,19560496.0000000000,4
550,350,0.2664180852,19560496.0000000000,25
550,351,0.2667497486,19560496.0000000000,3
550,352,0.2662912398,19560496.0000000000,39
550,353,0.2669070213,19560496.0000000000,1
550,354,0.2672977265,19560496.0000000000,28
550,355,0.2664661363,19560496.0000000000,25
550,356,0.2677499986,19560496.0000000000,23
550,357,0.2327649388,17158704.0000000000,12
550,358,0.2315849009,17158704.0000000000,8
550,359,0.2331581087,17158704.0000000000,9
550,360,0.2662353806,19560496.0000000000,39
550,361,0.2667609258,19560496.0000000000,1
550,362,0.2661324637,19560496.0000000000,39
550,363,0.2661738701,19560496.0000000000,37
550,364,0.2673415994,19560496.0000000000,10
550,365,0.2668688636,19560496.0000000000,6
550,366,0.2665235030,19560496.0000000000,14
550,367,0.2669903498,19560496.0000000000,8
550,368,0.2673707291,19560496.0000000000,28
550,369,0.2668071490,19560496.0000000000,9
550,370,0.2668447137,19560496.0000000000,8
550,371,0.2665889042,19560496.0000000000,14
550,372,0.2315437360,17158704.0000000000,6
550,373,0.2321893722,17158704.0000000000,21
550,374,0.2331057853,17158704.0000000000,10
550,375,0.2667983332,19560496.0000000000,5
550,376,0.2676488049,19560496.0000000000,12
550,377,0.2669050532,19560496.0000000000,1
550,378,0.2679981446,19560496.0000000000,15
550,379,0.2668165148,19560496.0000000000,13
550,380,0.2660319664,19560496.0000000000,7
550,381,0.2672198329,19560496.0000000000,10
550,382,0.2668485142,19560496.0000000000,5
550,383,0.2666558463,19560496.0000000000,5
550,384,0.2668256333,19560496.0000000000,1
550,385,0.2669648305,19560496.0000000000,13
550,386,0.2667807509,19560496.0000000000,5
550,387,0.2278167891,17158704.0000000000,33
550,388,0.2302098813,17158704.0000000000,1
550,389,0.2322035085,17158704.0000000000,10
550,390,0.2679509697,19560496.0000000000,17
550,391,0.2665830416,19560496.0000000000,34
550,392,0.2676123273,19560496.0000000000,21
550,393,0.2672606334,19560496.0000000000,22
550,394,0.2662612905,19560496.0000000000,39
550,395,0.2669106799,19560496.0000000000,9
550,396,0.2666101548,19560496.0000000000,2
550,397,0.2658870594,19560496.0000000000,33
550,398,0.2675517271,19560496.0000000000,23
550,399,0.2669843418,19560496.0000000000,9
550,400,0.2673748797,19560496.0000000000,12
550,401,0.2676991394,19560496.0000000000,16
550,402,0.2311583323,17158704.0000000000,39
550,403,0.2289057220,17158704.0000000000,18
550,404,0.2298675506,17158704.0000000000,31
550,405,0.2664740322,19560496.0000000000,36
550,406,0.2663236833,19560496.0000000000,19
550,407,0.2664793728,19560496.0000000000,24
550,408,0.2662397529,19560496.0000000000,37
550,409,0.2666302528,19560496.0000000000,35
550,410,0.2674526447,19560496.0000000000,12
550,411,0.2665705288,19560496.0000000000,35
550,412,0.2668724701,19560496.0000000000,1
550,413,0.2658099543,19560496.0000000000,11
550,414,0.2672155616,19560496.0000000000,22
550,415,0.2678945284,19560496.0000000000,17
550,416,0.2672350545,19560496.0000000000,30
550,417,0.2277500611,17158704.0000000000,7
550,418,0.2314579530,17158704.0000000000,30
550,419,0.2299756100,17158704.0000000000,5
550,420,0.2028644248,14756912.0000000000,17
550,421,0.2023632221,14756912.0000000000,21
550,422,0.2019758200,14756912.0000000000,18
550,423,0.2028005067,14756912.0000000000,15
550,424,0.2031852769,14756912.0000000000,16
550,425,0.2030772946,14756912.0000000000,20
550,426,0.2016427545,14756912.0000000000,19
550,427,0.2020767510,14756912.0000000000,26
550,428,0.2017470370,14756912.0000000000,27
550,429,0.2020384177,14756912.0000000000,24
550,430,0.2015273105,14756912.0000000000,29
550,431,0.2024693034,14756912.0000000000,28
550,432,0.1854322660,12944944.0000000000,14
550,433,0.1861955793,12944944.0000000000,13
550,434,0.1860771990,12944944.0000000000,22
600,0,0.0650184490,86977344.0000000000,18
600,1,0.0647449190,86069872.0000000000,11
600,2,0.0644917170,84952480.0000000000,0
600,3,0.0651356580,84796448.0000000000,24
600,4,0.0668734490,85728208.0000000000,16
600,5,0.0673140070,86610960.0000000000,21
600,6,0.0685647530,86869472.0000000000,17
600,7,0.0685532470,86918208.0000000000,15
600,8,0.0686272700,86968752.0000000000,22
600,9,0.0687992420,87268048.0000000000,20
600,10,0.0697624390,88710448.0000000000,19
600,11,0.0705785450,91281072.0000000000,29
600,12,0.0637258180,81402576.0000000000,36
600,13,0.0619996020,80724640.0000000000,37
600,14,0.0612565920,79886880.0000000000,38
600,15,0.1158752470,153306400.0000000000,8
600,16,0.1187613420,154184736.0000000000,26
600,17,0.1192659590,153862992.0000000000,33
600,18,0.1206271190,153739568.0000000000,34
600,19,0.1227115610,154729072.0000000000,3
600,20,0.1242263580,155673872.0000000000,1
600,21,0.1245453430,155989888.0000000000,22
600,22,0.1245097920,156108640.0000000000,37
600,23,0.1244603900,156212176.0000000000,11
600,24,0.1246415730,156580800.0000000000,24
600,25,0.1258581040,158086752.0000000000,30
600,26,0.1242078620,158014400.0000000000,2
600,27,0.1057303510,135900624.0000000000,1
600,28,0.1033078260,134991328.0000000000,4
600,29,0.1027750250,134618176.0000000000,16
600,30,0.1139121990,153686160.0000000000,21
600,31,0.1139582280,153784304.0000000000,36
600,32,0.1138695070,153767984.0000000000,4
600,33,0.1138801900,153783712.0000000000,30
600,34,0.1140312700,153782256.0000000000,13
600,35,0.1138514160,153782576.0000000000,28
600,36,0.1140038150,153782000.0000000000,14
600,37,0.1139077830,153785168.0000000000,27
600,38,0.1139014700,153782640.0000000000,5
600,39,0.1138446320,153782448.0000000000,25
600,40,0.1139854140,153781584.0000000000,4
600,41,0.1138598010,153775312.0000000000,7
600,42,0.1008521930,134602928.0000000000,17
600,43,0.1008512520,134598976.0000000000,15
600,44,0.1005541190,134504064.0000000000,18
600,45,0.1136808360,153715200.0000000000,29
600,46,0.1137902650,153781968.0000000000,31
600,47,0.1139613850,153779520.0000000000,15
600,48,0.1136624980,153777776.0000000000,11
600,49,0.1137818880,153777408.0000000000,3
600,50,0.1139499440,153779120.0000000000,25
600,51,0.1138666240,153778272.0000000000,2
600,52,0.1139813730,153777328.0000000000,15
600,53,0.1138997250,153781456.0000000000,14
600,54,0.1137528900,153777632.0000000000,39
600,55,0.1139298150,153775456.0000000000,13
600,56,0.1137588130,153779488.0000000000,35
600,57,0.1005624960,134601184.0000000000,29
600,58,0.1009524370,134600224.0000000000,21
600,59,0.1006456450,134535456.0000000000,19
600,60,0.1139004400,153715984.0000000000,6
600,61,0.1139878510,153776128.0000000000,17
600,62,0.1137893230,153778912.0000000000,26
600,63,0.1137294880,153781168.0000000000,5
600,64,0.1138921960,153777904.0000000000,17
600,65,0.1137969570,153778768.0000000000,0
600,66,0.1139332400,153781792.0000000000,21
600,67,0.1137373700,153778784.0000000000,39
600,68,0.1138903370,153774240.0000000000,20
600,69,0.1139933800,153778080.0000000000,16
600,70,0.1139029120,153781776.0000000000,20
600,71,0.1137396580,153777120.0000000000,33
600,72,0.1006729100,134596752.0000000000,25
600,73,0.1006306720,134596656.0000000000,2
600,74,0.1005056260,134537312.0000000000,31
600,75,0.1138414550,153716928.0000000000,28
600,76,0.1138991350,153777392.0000000000,12
600,77,0.1137935130,153778080.0000000000,27
600,78,0.1138601020,153779456.0000000000,10
600,79,0.1138340280,153776048.0000000000,24
600,80,0.1138730240,153777744.0000000000,1
600,81,0.1138435880,153779008.0000000000,6
600,82,0.1140191080,153778304.0000000000,23
600,83,0.1139425190,153782096.0000000000,22
600,84,0.1138817720,153781824.0000000000,32
600,85,0.1138388100,153778320.0000000000,35
600,86,0.1139139450,153780256.0000000000,14
600,87,0.1004881210,134603984.0000000000,11
600,88,0.1006312260,134600272.0000000000,37
600,89,0.1006058650,134534128.0000000000,0
600,90,0.1140762800,153717088.0000000000,9
600,91,0.1138114090,153778608.0000000000,19
600,92,0.1138773990,153778352.0000000000,38
600,93,0.1138193770,153777280.0000000000,37
600,94,0.1137896830,153779920.0000000000,35
600,95,0.1137511000,153779792.0000000000,7
600,96,0.1138664230,153777936.0000000000,34
600,97,0.1137261990,153777552.0000000000,33
600,98,0.1138731060,153777136.0000000000,13
600,99,0.1138491090,153778000.0000000000,34
600,100,0.1137824080,153780528.0000000000,7
600,101,0.1137503450,153779088.0000000000,39
600,102,0.1006956290,134597168.0000000000,36
600,103,0.1006522220,134600656.0000000000,32
600,104,0.1006483550,134537424.0000000000,24
600,105,0.1138708020,153638816.0000000000,12
600,106,0.1138420640,153775408.0000000000,9
600,107,0.1138845670,153782272.0000000000,26
600,108,0.1138487490,153781088.0000000000,5
600,109,0.1140077580,153779312.0000000000,6
600,110,0.1138484010,153777568.0000000000,9
600,111,0.1138484190,153777696.0000000000,8
600,112,0.1138954280,153783136.0000000000,28
600,113,0.1138042860,153773888.0000000000,18
600,114,0.1138210670,153775376.0000000000,8
600,115,0.1140607900,153779232.0000000000,16
600,116,0.1139442950,153782144.0000000000,32
600,117,0.1006438030,134606160.0000000000,30
600,118,0.1008735240,134593168.0000000000,23
600,119,0.1007067490,134456960.0000000000,38
600,120,0.1138160830,153579296.0000000000,38
600,121,0.1137706070,153782400.0000000000,0
600,122,0.1138692180,153764896.0000000000,31
600,123,0.1139653410,153781520.0000000000,36
600,124,0.1139821890,153771024.0000000000,19
600,125,0.1139064330,153784176.0000000000,27
600,126,0.1138476270,153775280.0000000000,29
600,127,0.1139544810,153770928.0000000000,23
600,128,0.1139347800,153783040.0000000000,18
600,129,0.1140018730,153781328.0000000000,12
600,130,0.1138865900,153776032.0000000000,10
600,131,0.1138102950,153766752.0000000000,10
600,132,0.1006749060,134603168.0000000000,3
600,133,0.1008427450,134598720.0000000000,20
600,134,0.1007322020,134396736.0000000000,22
600,135,0.0201168490,33565792.0000000000,31
600,136,0.0200316470,33591616.0000000000,32
600,137,0.0200300310,33588128.0000000000,1
600,138,0.0200179360,33582336.0000000000,2
600,139,0.0200405690,33590992.0000000000,3
600,140,0.0201862210,33584048.0000000000,23
600,141,0.0200588080,33591632.0000000000,35
600,142,0.0200735110,33586800.0000000000,34
600,143,0.0200832420,33591728.0000000000,4
600,144,0.0201275570,33584512.0000000000,25
600,145,0.0199795680,33577248.0000000000,33
600,146,0.0200343210,33589888.0000000000,30
600,147,0.0186714720,29432608.0000000000,39
600,148,0.0188583940,29440288.0000000000,13
600,149,0.0186638080,29412160.0000000000,14
600,150,0.0081455500,19560496.0000000000,3
600,151,0.0081605290,19560496.0000000000,25
600,152,0.0081773600,19560496.0000000000,26
600,153,0.0081788900,19560496.0000000000,4
600,154,0.0081794190,19560496.0000000000,12
600,155,0.0081874500,19560496.0000000000,30
600,156,0.0081707760,19560496.0000000000,32
600,157,0.0081585630,19560496.0000000000,25
600,158,0.0081680790,19560496.0000000000,6
600,159,0.0081762580,19560496.0000000000,3
600,160,0.0081657990,19560496.0000000000,2
600,161,0.0081677670,19560496.0000000000,5
600,162,0.0070367680,17158704.0000000000,30
600,163,0.0070160950,17158704.0000000000,7
600,164,0.0070966450,17158704.0000000000,9
600,165,0.0081678160,19560496.0000000000,9
600,166,0.0082113580,19560496.0000000000,23
600,167,0.0081474610,19560496.0000000000,27
600,168,0.0081876570,19560496.0000000000,12
600,169,0.0081983000,19560496.0000000000,28
600,170,0.0081984830,19560496.0000000000,23
600,171,0.0081931090,19560496.0000000000,5
600,172,0.0081690850,19560496.0000000000,18
600,173,0.0081848590,19560496.0000000000,8
600,174,0.0081543860,19560496.0000000000,31
600,175,0.0081494940,19560496.0000000000,4
600,176,0.0081523920,19560496.0000000000,1
600,177,0.0070232490,17158704.0000000000,27
600,178,0.0071266090,17158704.0000000000,25
600,179,0.0071156910,17158704.0000000000,8
600,180,0.0081657240,19560496.0000000000,13
600,181,0.0081564830,19560496.0000000000,0
600,182,0.0081544670,19560496.0000000000,2
600,183,0.0081911840,19560496.0000000000,12
600,184,0.0081648660,19560496.0000000000,26
600,185,0.0082051720,19560496.0000000000,30
600,186,0.0081422210,19560496.0000000000,27
600,187,0.0081644620,19560496.0000000000,14
600,188,0.0081350380,19560496.0000000000,27
600,189,0.0081728920,19560496.0000000000,26
600,190,0.0081926240,19560496.0000000000,12
600,191,0.0081794810,19560496.0000000000,6
600,192,0.0071269920,17158704.0000000000,26
600,193,0.0070747440,17158704.0000000000,35
600,194,0.0070043140,17158704.0000000000,11
600,195,0.0081892910,19560496.0000000000,15
600,196,0.0081764160,19560496.0000000000,5
600,197,0.0081773090,19560496.0000000000,31
600,198,0.0081492430,19560496.0000000000,32
600,199,0.0081537840,19560496.0000000000,3
600,200,0.0081677370,19560496.0000000000,13
600,201,0.0081510540,19560496.0000000000,6
600,202,0.0081804340,19560496.0000000000,28
600,203,0.0081354950,19560496.0000000000,35
600,204,0.0081492920,19560496.0000000000,34
600,205,0.0081644660,19560496.0000000000,3
600,206,0.0081358650,19560496.0000000000,11
600,207,0.0070802690,17158704.0000000000,25
600,208,0.0069690570,17158704.0000000000,14
600,209,0.0071246750,17158704.0000000000,16
600,210,0.0081755790,19560496.0000000000,19
600,211,0.0081546770,19560496.0000000000,2
600,212,0.0081390640,19560496.0000000000,26
600,213,0.0081829480,19560496.0000000000,13
600,214,0.0081503960,19560496.0000000000,14
600,215,0.0081691410,19560496.0000000000,32
600,216,0.0081668660,19560496.0000000000,36
600,217,0.0081794440,19560496.0000000000,28
600,218,0.0082069200,19560496.0000000000,16
600,219,0.0081423300,19560496.0000000000,39
600,220,0.0081769490,19560496.0000000000,28
600,221,0.0081738010,19560496.0000000000,5
600,222,0.0070987840,17158704.0000000000,15
600,223,0.0070688770,17158704.0000000000,37
600,224,0.0070853200,17158704.0000000000,28
600,225,0.0081688900,19560496.0000000000,34
600,226,0.0081670120,19560496.0000000000,31
600,227,0.0081379400,19560496.0000000000,4
600,228,0.0081759470,19560496.0000000000,28
600,229,0.0081578340,19560496.0000000000,26
600,230,0.0081550870,19560496.0000000000,24
600,231,0.0081445740,19560496.0000000000,7
600,232,0.0081860910,19560496.0000000000,10
600,233,0.0081674180,19560496.0000000000,4
600,234,0.0081569830,19560496.0000000000,25
600,235,0.0081409870,19560496.0000000000,7
600,236,0.0081852260,19560496.0000000000,20
600,237,0.0070562730,17158704.0000000000,4
600,238,0.0070357560,17158704.0000000000,0
600,239,0.0070226020,17158704.0000000000,2
600,240,0.0081791090,19560496.0000000000,38
600,241,0.0081741640,19560496.0000000000,1
600,242,0.0081898250,19560496.0000000000,23
600,243,0.0081393140,19560496.0000000000,37
600,244,0.0082061900,19560496.0000000000,8
600,245,0.0081796560,19560496.0000000000,23
600,246,0.0081762030,19560496.0000000000,9
600,247,0.0081739660,19560496.0000000000,23
600,248,0.0081563940,19560496.0000000000,32
600,249,0.0081539430,19560496.0000000000,27
600,250,0.0081672760,19560496.0000000000,32
600,251,0.0081569980,19560496.0000000000,4
600,252,0.0070080460,17158704.0000000000,23
600,253,0.0071037250,17158704.0000000000,5
600,254,0.0071063350,17158704.0000000000,20
600,255,0.0081379010,19560496.0000000000,7
600,256,0.0081511700,19560496.0000000000,26
600,257,0.0081487450,19560496.0000000000,33
600,258,0.0081376600,19560496.0000000000,7
600,259,0.0081594820,19560496.0000000000,35
600,260,0.0081227830,19560496.0000000000,7
600,261,0.0081680070,19560496.0000000000,6
600,262,0.0081590840,19560496.0000000000,25
600,263,0.0081667330,19560496.0000000000,9
600,264,0.0081507560,19560496.0000000000,34
600,265,0.0081707410,19560496.0000000000,8
600,266,0.0082032160,19560496.0000000000,38
600,267,0.0070756450,17158704.0000000000,22
600,268,0.0071706870,17158704.0000000000,17
600,269,0.0071289760,17158704.0000000000,3
600,270,0.0081713950,19560496.0000000000,39
600,271,0.0081598450,19560496.0000000000,7
600,272,0.0081583540,19560496.0000000000,27
600,273,0.0081748950,19560496.0000000000,2
600,274,0.0081853610,19560496.0000000000,9
600,275,0.0081722830,19560496.0000000000,10
600,276,0.0081408670,19560496.0000000000,7
600,277,0.0081622420,19560496.0000000000,31
600,278,0.0081764750,19560496.0000000000,10
600,279,0.0081666450,19560496.0000000000,8
600,280,0.0081951180,19560496.0000000000,10
600,281,0.0082113080,19560496.0000000000,21
600,282,0.0071029530,17158704.0000000000,6
600,283,0.0071252670,17158704.0000000000,36
600,284,0.0070796240,17158704.0000000000,32
600,285,0.0081841510,19560496.0000000000,4
600,286,0.0081824000,19560496.0000000000,30
600,287,0.0081603240,19560496.0000000000,34
600,288,0.0081518720,19560496.0000000000,26
600,289,0.0081595350,19560496.0000000000,27
600,290,0.0081671200,19560496.0000000000,27
600,291,0.0081555550,19560496.0000000000,6
600,292,0.0081800590,19560496.0000000000,10
600,293,0.0081715060,19560496.0000000000,36
600,294,0.0081494250,19560496.0000000000,29
600,295,0.0081572510,19560496.0000000000,2
600,296,0.0081757470,19560496.0000000000,30
600,297,0.0071457370,17158704.0000000000,38
600,298,0.0070945630,17158704.0000000000,23
600,299,0.0071308170,17158704.0000000000,13
600,300,0.0081750810,19560496.0000000000,35
600,301,0.0081220410,19560496.0000000000,33
600,302,0.0081515160,19560496.0000000000,32
600,303,0.0081886910,19560496.0000000000,28
600,304,0.0081765570,19560496.0000000000,31
600,305,0.0081560450,19560496.0000000000,6
600,306,0.0081715980,19560496.0000000000,1
600,307,0.0081694820,19560496.0000000000,34
600,308,0.0081681790,19560496.0000000000,14
600,309,0.0081893450,19560496.0000000000,30
600,310,0.0081668460,19560496.0000000000,13
600,311,0.0081564110,19560496.0000000000,3
600,312,0.0070199650,17158704.0000000000,31
600,313,0.0070552240,17158704.0000000000,0
600,314,0.0069521930,17158704.0000000000,29
600,315,0.0081595550,19560496.0000000000,3
600,316,0.0081878470,19560496.0000000000,12
600,317,0.0081618990,19560496.0000000000,25
600,318,0.0081501490,19560496.0000000000,29
600,319,0.0081648070,19560496.0000000000,2
600,320,0.0081592150,19560496.0000000000,31
600,321,0.0081409770,19560496.0000000000,33
600,322,0.0081959250,19560496.0000000000,30
600,323,0.0081581200,19560496.0000000000,33
600,324,0.0081580240,19560496.0000000000,2
600,325,0.0081538710,19560496.0000000000,14
600,326,0.0082028950,19560496.0000000000,4
600,327,0.0070036740,17158704.0000000000,11
600,328,0.0070030610,17158704.0000000000,24
600,329,0.0071021430,17158704.0000000000,12
600,330,0.0081693680,19560496.0000000000,9
600,331,0.0081568690,19560496.0000000000,18
600,332,0.0081360520,19560496.0000000000,0
600,333,0.0081703500,19560496.0000000000,10
600,334,0.0081659440,19560496.0000000000,32
600,335,0.0081600870,19560496.0000000000,3
600,336,0.0081365180,19560496.0000000000,33
600,337,0.0081892010,19560496.0000000000,26
600,338,0.0081588920,19560496.0000000000,35
600,339,0.0081701910,19560496.0000000000,38
600,340,0.0081546420,19560496.0000000000,6
600,341,0.0081562240,19560496.0000000000,8
600,342,0.0070209740,17158704.0000000000,19
600,343,0.0071129090,17158704.0000000000,32
600,344,0.0071541680,17158704.0000000000,34
600,345,0.0081675120,19560496.0000000000,31
600,346,0.0081678950,19560496.0000000000,8
600,347,0.0081569680,19560496.0000000000,27
600,348,0.0082004960,19560496.0000000000,20
600,349,0.0081741020,19560496.0000000000,4
600,350,0.0081686530,19560496.0000000000,25
600,351,0.0081504770,19560496.0000000000,3
600,352,0.0081798100,19560496.0000000000,39
600,353,0.0081691560,19560496.0000000000,1
600,354,0.0081837920,19560496.0000000000,28
600,355,0.0081282430,19560496.0000000000,25
600,356,0.0081814000,19560496.0000000000,23
600,357,0.0070939550,17158704.0000000000,12
600,358,0.0071004700,17158704.0000000000,8
600,359,0.0071400190,17158704.0000000000,9
600,360,0.0081374690,19560496.0000000000,39
600,361,0.0081723110,19560496.0000000000,1
600,362,0.0081530390,19560496.0000000000,39
600,363,0.0081328600,19560496.0000000000,37
600,364,0.0082190750,19560496.0000000000,10
600,365,0.0081589520,19560496.0000000000,6
600,366,0.0081552720,19560496.0000000000,14
600,367,0.0081785670,19560496.0000000000,8
600,368,0.0081719310,19560496.0000000000,28
600,369,0.0081552890,19560496.0000000000,9
600,370,0.0081940660,19560496.0000000000,8
600,371,0.0081715480,19560496.0000000000,14
600,372,0.0071117710,17158704.0000000000,6
600,373,0.0070425810,17158704.0000000000,21
600,374,0.0071028460,17158704.0000000000,10
600,375,0.0081764340,19560496.0000000000,5
600,376,0.0082022740,19560496.0000000000,12
600,377,0.0081614310,19560496.0000000000,1
600,378,0.0081926970,19560496.0000000000,15
600,379,0.0081705310,19560496.0000000000,13
600,380,0.0081427800,19560496.0000000000,7
600,381,0.0081832270,19560496.0000000000,10
600,382,0.0081481610,19560496.0000000000,5
600,383,0.0081540610,19560496.0000000000,5
600,384,0.0081779120,19560496.0000000000,1
600,385,0.0081811640,19560496.0000000000,13
600,386,0.0081650340,19560496.0000000000,5
600,387,0.0070035370,17158704.0000000000,33
600,388,0.0070802620,17158704.0000000000,1
600,389,0.0071726080,17158704.0000000000,10
600,390,0.0082192540,19560496.0000000000,17
600,391,0.0081691710,19560496.0000000000,34
600,392,0.0081967200,19560496.0000000000,21
600,393,0.0081853880,19560496.0000000000,22
600,394,0.0081535410,19560496.0000000000,39
600,395,0.0081730650,19560496.0000000000,9
600,396,0.0081717320,19560496.0000000000,2
600,397,0.0081390820,19560496.0000000000,33
600,398,0.0081750900,19560496.0000000000,23
600,399,0.0081630260,19560496.0000000000,9
600,400,0.0081918760,19560496.0000000000,12
600,401,0.0082078790,19560496.0000000000,16
600,402,0.0070508920,17158704.0000000000,39
600,403,0.0070415050,17158704.0000000000,18
600,404,0.0070846000,17158704.0000000000,31
600,405,0.0081517970,19560496.0000000000,36
600,406,0.0081693350,19560496.0000000000,19
600,407,0.0081503880,19560496.0000000000,24
600,408,0.0081270580,19560496.0000000000,37
600,409,0.0081637300,19560496.0000000000,35
600,410,0.0081755610,19560496.0000000000,12
600,411,0.0081387350,19560496.0000000000,35
600,412,0.0081509790,19560496.0000000000,1
600,413,0.0081230500,19560496.0000000000,11
600,414,0.0081793560,19560496.0000000000,22
600,415,0.0081915080,19560496.0000000000,17
600,416,0.0081783810,19560496.0000000000,30
600,417,0.0069409190,17158704.0000000000,7
600,418,0.0070303040,17158704.0000000000,30
600,419,0.0070703220,17158704.0000000000,5
600,420,0.0062042440,14756912.0000000000,17
600,421,0.0061927820,14756912.0000000000,21
600,422,0.0061881230,14756912.0000000000,18
600,423,0.0062078780,14756912.0000000000,15
600,424,0.0062410450,14756912.0000000000,16
600,425,0.0062273580,14756912.0000000000,20
600,426,0.0061720220,14756912.0000000000,19
600,427,0.0061825670,14756912.0000000000,26
600,428,0.0061758810,14756912.0000000000,27
600,429,0.0062026960,14756912.0000000000,24
600,430,0.0061610470,14756912.0000000000,29
600,431,0.0062107800,14756912.0000000000,28
600,432,0.0056844870,12944944.0000000000,14
600,433,0.0056753390,12944944.0000000000,13
600,434,0.0056974560,12944944.0000000000,22
650,0,2.0816507587,86767392.0000000000,18
650,1,2.0799725411,85840048.0000000000,11
650,2,2.0740147825,84727552.0000000000,0
650,3,2.0923682648,84395440.0000000000,24
650,4,2.1501971111,85341712.0000000000,16
650,5,2.1672320456,86564848.0000000000,21
650,6,2.2080316419,86878352.0000000000,17
650,7,2.2088533624,86889136.0000000000,15
650,8,2.2089918818,86889392.0000000000,22
650,9,2.2147221034,87253616.0000000000,20
650,10,2.2444100630,89258016.0000000000,19
650,11,2.3027511492,92105392.0000000000,29
650,12,2.0559804100,81943648.0000000000,36
650,13,1.9966894949,81026368.0000000000,37
650,14,1.9720016185,80050848.0000000000,38
650,15,3.7309772278,153226576.0000000000,8
650,16,3.8236355639,154095712.0000000000,26
650,17,3.8448658289,153490672.0000000000,33
650,18,3.8828105433,153201552.0000000000,34
650,19,3.9540422309,154238688.0000000000,3
650,20,4.0147474444,155575936.0000000000,1
650,21,4.0245214552,155979648.0000000000,22
650,22,4.0161704080,156064912.0000000000,37
650,23,4.0192565821,156153840.0000000000,11
650,24,4.0254473527,156630528.0000000000,24
650,25,4.0715880578,158731312.0000000000,30
650,26,4.0036447818,158280400.0000000000,2
650,27,3.3994644878,135968080.0000000000,1
650,28,3.3279459819,135013232.0000000000,4
650,29,3.3043087370,134626544.0000000000,16
650,30,3.6666944346,153684256.0000000000,21
650,31,3.6654905132,153782864.0000000000,36
650,32,3.6662708227,153771056.0000000000,4
650,33,3.6654839716,153785216.0000000000,30
650,34,3.6689077036,153777424.0000000000,13
650,35,3.6673717937,153783968.0000000000,28
650,36,3.6688331422,153777872.0000000000,14
650,37,3.6670045468,153788960.0000000000,27
650,38,3.6663883458,153783504.0000000000,5
650,39,3.6661219114,153781696.0000000000,25
650,40,3.6664192437,153780464.0000000000,4
650,41,3.6657081509,153775968.0000000000,7
650,42,3.2430427130,134605920.0000000000,17
650,43,3.2455383360,134597408.0000000000,15
650,44,3.2375092779,134502256.0000000000,18
650,45,3.6594766798,153713440.0000000000,29
650,46,3.6640188986,153780096.0000000000,31
650,47,3.6684497432,153778480.0000000000,15
650,48,3.6606354093,153776048.0000000000,11
650,49,3.6626275143,153778336.0000000000,3
650,50,3.6633343023,153779920.0000000000,25
650,51,3.6663022467,153779248.0000000000,2
650,52,3.6684039062,153775504.0000000000,15
650,53,3.6662328246,153781120.0000000000,14
650,54,3.6634193830,153779328.0000000000,39
650,55,3.6665249856,153777616.0000000000,13
650,56,3.6647195481,153775056.0000000000,35
650,57,3.2361669048,134601568.0000000000,29
650,58,3.2443035438,134598576.0000000000,21
650,59,3.2370321118,134532304.0000000000,19
650,60,3.6652632910,153717056.0000000000,6
650,61,3.6681094259,153780352.0000000000,17
650,62,3.6645050105,153776528.0000000000,26
650,63,3.6628158186,153780816.0000000000,5
650,64,3.6680282238,153778288.0000000000,17
650,65,3.6642229642,153779376.0000000000,0
650,66,3.6667367750,153783376.0000000000,21
650,67,3.6611793539,153777504.0000000000,39
650,68,3.6670835237,153780576.0000000000,20
650,69,3.6681463319,153779344.0000000000,16
650,70,3.6672281102,153779168.0000000000,20
650,71,3.6616608869,153779264.0000000000,33
650,72,3.2414784682,134600560.0000000000,25
650,73,3.2407708952,134598832.0000000000,2
650,74,3.2372523993,134536368.0000000000,31
650,75,3.6639524295,153712880.0000000000,28
650,76,3.6674435765,153779136.0000000000,12
650,77,3.6645538246,153778432.0000000000,27
650,78,3.6660095670,153780144.0000000000,10
650,79,3.6644684280,153777984.0000000000,24
650,80,3.6664051545,153780560.0000000000,1
650,81,3.6659199942,153778704.0000000000,6
650,82,3.6683533901,153777680.0000000000,23
650,83,3.6681014987,153779568.0000000000,22
650,84,3.6652595833,153776704.0000000000,32
650,85,3.6634973243,153782368.0000000000,35
650,86,3.6654328590,153779792.0000000000,14
650,87,3.2369793312,134601152.0000000000,11
650,88,3.2391297894,134598336.0000000000,37
650,89,3.2397163317,134533472.0000000000,0
650,90,3.6635960787,153711520.0000000000,9
650,91,3.6648343368,153779376.0000000000,19
650,92,3.6641522737,153777440.0000000000,38
650,93,3.6629183949,153776928.0000000000,37
650,94,3.6631231223,153780032.0000000000,35
650,95,3.6630404359,153779616.0000000000,7
650,96,3.6635595896,153776976.0000000000,34
650,97,3.6612700515,153779488.0000000000,33
650,98,3.6661196313,153777424.0000000000,13
650,99,3.6635048740,153779840.0000000000,34
650,100,3.6630031105,153780256.0000000000,7
650,101,3.6619558406,153777760.0000000000,39
650,102,3.2418739810,134599856.0000000000,36
650,103,3.2418244412,134599216.0000000000,32
650,104,3.2375129658,134535456.0000000000,24
650,105,3.6654262249,153632208.0000000000,12
650,106,3.6655058332,153774032.0000000000,9
650,107,3.6664595836,153781408.0000000000,26
650,108,3.6650274774,153782928.0000000000,5
650,109,3.6667463453,153783152.0000000000,6
650,110,3.6651914282,153772208.0000000000,9
650,111,3.6649857969,153777808.0000000000,8
650,112,3.6675615049,153783456.0000000000,28
650,113,3.6667562133,153775088.0000000000,18
650,114,3.6653915081,153771488.0000000000,8
650,115,3.6705089221,153777504.0000000000,16
650,116,3.6663421257,153779632.0000000000,32
650,117,3.2401703700,134610864.0000000000,30
650,118,3.2434811877,134591600.0000000000,23
650,119,3.2404169729,134447760.0000000000,38
650,120,3.6616929012,153561136.0000000000,38
650,121,3.6662123026,153779664.0000000000,0
650,122,3.6641333756,153767280.0000000000,31
650,123,3.6661595794,153777184.0000000000,36
650,124,3.6669032283,153773856.0000000000,19
650,125,3.6660350987,153781424.0000000000,27
650,126,3.6616844711,153781632.0000000000,29
650,127,3.6696628901,153772960.0000000000,23
650,128,3.6664865378,153780960.0000000000,18
650,129,3.6689908613,153781840.0000000000,12
650,130,3.6670446858,153776800.0000000000,10
650,131,3.6660705291,153768704.0000000000,10
650,132,3.2448832713,134602832.0000000000,3
650,133,3.2474176004,134600048.0000000000,20
650,134,3.2429841306,134376720.0000000000,22
650,135,0.6488922741,33566000.0000000000,31
650,136,0.6488107443,33593200.0000000000,32
650,137,0.6491865253,33589120.0000000000,1
650,138,0.6490493714,33583072.0000000000,2
650,139,0.6487819219,33589536.0000000000,3
650,140,0.6500748239,33585312.0000000000,23
650,141,0.6489147832,33590272.0000000000,35
650,142,0.6493327189,33586256.0000000000,34
650,143,0.6495737385,33592352.0000000000,4
650,144,0.6484080345,33585904.0000000000,25
650,145,0.6482972802,33580272.0000000000,33
650,146,0.6496100987,33589456.0000000000,30
650,147,0.6052004852,29433088.0000000000,39
650,148,0.6075181949,29439904.0000000000,13
650,149,0.6039351828,29412784.0000000000,14
650,150,0.2666380911,19560496.0000000000,3
650,151,0.2664355688,19560496.0000000000,25
650,152,0.2667628486,19560496.0000000000,26
650,153,0.2668217266,19560496.0000000000,4
650,154,0.2674715276,19560496.0000000000,12
650,155,0.2671181833,19560496.0000000000,30
650,156,0.2665518814,19560496.0000000000,32
650,157,0.2665742748,19560496.0000000000,25
650,158,0.2667955524,19560496.0000000000,6
650,159,0.2667223940,19560496.0000000000,3
650,160,0.2666315951,19560496.0000000000,2
650,161,0.2669286832,19560496.0000000000,5
650,162,0.2313837651,17158704.0000000000,30
650,163,0.2282495455,17158704.0000000000,7
650,164,0.2327222228,17158704.0000000000,9
650,165,0.2668439127,19560496.0000000000,9
650,166,0.2678321093,19560496.0000000000,23
650,167,0.2665335876,19560496.0000000000,27
650,168,0.2674507275,19560496.0000000000,12
650,169,0.2675447409,19560496.0000000000,28
650,170,0.2676299308,19560496.0000000000,23
650,171,0.2667956184,19560496.0000000000,5
650,172,0.2668202591,19560496.0000000000,18
650,173,0.2674840188,19560496.0000000000,8
650,174,0.2668593922,19560496.0000000000,31
650,175,0.2669890778,19560496.0000000000,4
650,176,0.2668255157,19560496.0000000000,1
650,177,0.2281367278,17158704.0000000000,27
650,178,0.2312905783,17158704.0000000000,25
650,179,0.2319627064,17158704.0000000000,8
650,180,0.2668412970,19560496.0000000000,13
650,181,0.2661678780,19560496.0000000000,0
650,182,0.2666547955,19560496.0000000000,2
650,183,0.2672969899,19560496.0000000000,12
650,184,0.2665736146,19560496.0000000000,26
650,185,0.2673188404,19560496.0000000000,30
650,186,0.2666083251,19560496.0000000000,27
650,187,0.2665888667,19560496.0000000000,14
650,188,0.2663207431,19560496.0000000000,27
650,189,0.2665024832,19560496.0000000000,26
650,190,0.2674420821,19560496.0000000000,12
650,191,0.2667476330,19560496.0000000000,6
650,192,0.2323159198,17158704.0000000000,26
650,193,0.2306961915,17158704.0000000000,35
650,194,0.2303861390,17158704.0000000000,11
650,195,0.2680355415,19560496.0000000000,15
650,196,0.2668604195,19560496.0000000000,5
650,197,0.2670501225,19560496.0000000000,31
650,198,0.2666808775,19560496.0000000000,32
650,199,0.2667303930,19560496.0000000000,3
650,200,0.2668284690,19560496.0000000000,13
650,201,0.2667767007,19560496.0000000000,6
650,202,0.2675215300,19560496.0000000000,28
650,203,0.2667095906,19560496.0000000000,35
650,204,0.2664871148,19560496.0000000000,34
650,205,0.2666314190,19560496.0000000000,3
650,206,0.2660166531,19560496.0000000000,11
650,207,0.2314722606,17158704.0000000000,25
650,208,0.2291641759,17158704.0000000000,14
650,209,0.2322803166,17158704.0000000000,16
650,210,0.2663471337,19560496.0000000000,19
650,211,0.2665140124,19560496.0000000000,2
650,212,0.2666896004,19560496.0000000000,26
650,213,0.2668081870,19560496.0000000000,13
650,214,0.2664345842,19560496.0000000000,14
650,215,0.2666020753,19560496.0000000000,32
650,216,0.2665909895,19560496.0000000000,36
650,217,0.2673515443,19560496.0000000000,28
650,218,0.2678529135,19560496.0000000000,16
650,219,0.2663480087,19560496.0000000000,39
650,220,0.2674237267,19560496.0000000000,28
650,221,0.2668256823,19560496.0000000000,5
650,222,0.2330873270,17158704.0000000000,15
650,223,0.2314334488,17158704.0000000000,37
650,224,0.2320825720,17158704.0000000000,28
650,225,0.2663617978,19560496.0000000000,34
650,226,0.2668956222,19560496.0000000000,31
650,227,0.2667149198,19560496.0000000000,4
650,228,0.2674380234,19560496.0000000000,28
650,229,0.2664203647,19560496.0000000000,26
650,230,0.2667096281,19560496.0000000000,24
650,231,0.2661718638,19560496.0000000000,7
650,232,0.2673705684,19560496.0000000000,10
650,233,0.2668422349,19560496.0000000000,4
650,234,0.2665942998,19560496.0000000000,25
650,235,0.2661068388,19560496.0000000000,7
650,236,0.2677572180,19560496.0000000000,20
650,237,0.2309254901,17158704.0000000000,4
650,238,0.2300989561,17158704.0000000000,0
650,239,0.2293025488,17158704.0000000000,2
650,240,0.2673840606,19560496.0000000000,38
650,241,0.2667149741,19560496.0000000000,1
650,242,0.2675345257,19560496.0000000000,23
650,243,0.2662581048,19560496.0000000000,37
650,244,0.2670793067,19560496.0000000000,8
650,245,0.2676391463,19560496.0000000000,23
650,246,0.2669424589,19560496.0000000000,9
650,247,0.2676362924,19560496.0000000000,23
650,248,0.2665299795,19560496.0000000000,32
650,249,0.2665522772,19560496.0000000000,27
650,250,0.2665051081,19560496.0000000000,32
650,251,0.2668763967,19560496.0000000000,4
650,252,0.2303508953,17158704.0000000000,23
650,253,0.2302499193,17158704.0000000000,5
650,254,0.2336502060,17158704.0000000000,20
650,255,0.2659897997,19560496.0000000000,7
650,256,0.2664528542,19560496.0000000000,26
650,257,0.2660549306,19560496.0000000000,33
650,258,0.2659202253,19560496.0000000000,7
650,259,0.2665971741,19560496.0000000000,35
650,260,0.2658175763,19560496.0000000000,7
650,261,0.2666190032,19560496.0000000000,6
650,262,0.2665839926,19560496.0000000000,25
650,263,0.2668211880,19560496.0000000000,9
650,264,0.2665730836,19560496.0000000000,34
650,265,0.2668520957,19560496.0000000000,8
650,266,0.2671788122,19560496.0000000000,38
650,267,0.2305953217,17158704.0000000000,22
650,268,0.2324793160,17158704.0000000000,17
650,269,0.2329350155,17158704.0000000000,3
650,270,0.2662760867,19560496.0000000000,39
650,271,0.2660813649,19560496.0000000000,7
650,272,0.2662674159,19560496.0000000000,27
650,273,0.2664961414,19560496.0000000000,2
650,274,0.2668320186,19560496.0000000000,9
650,275,0.2671656498,19560496.0000000000,10
650,276,0.2659541100,19560496.0000000000,7
650,277,0.2668943565,19560496.0000000000,31
650,278,0.2672646035,19560496.0000000000,10
650,279,0.2669049245,19560496.0000000000,8
650,280,0.2670864381,19560496.0000000000,10
650,281,0.2675782864,19560496.0000000000,21
650,282,0.2314569928,17158704.0000000000,6
650,283,0.2319560185,17158704.0000000000,36
650,284,0.2317976096,17158704.0000000000,32
650,285,0.2669157490,19560496.0000000000,4
650,286,0.2673368592,19560496.0000000000,30
650,287,0.2664888400,19560496.0000000000,34
650,288,0.2664920577,19560496.0000000000,26
650,289,0.2664401446,19560496.0000000000,27
650,290,0.2663709251,19560496.0000000000,27
650,291,0.2667774563,19560496.0000000000,6
650,292,0.2671671214,19560496.0000000000,10
650,293,0.2665821398,19560496.0000000000,36
650,294,0.2662855657,19560496.0000000000,29
650,295,0.2664744342,19560496.0000000000,2
650,296,0.2670384209,19560496.0000000000,30
650,297,0.2322131050,17158704.0000000000,38
650,298,0.2302577246,17158704.0000000000,23
650,299,0.2323724477,17158704.0000000000,13
650,300,0.2668537003,19560496.0000000000,35
650,301,0.2660781757,19560496.0000000000,33
650,302,0.2665679527,19560496.0000000000,32
650,303,0.2674442509,19560496.0000000000,28
650,304,0.2668896833,19560496.0000000000,31
650,305,0.2668875030,19560496.0000000000,6
650,306,0.2668749231,19560496.0000000000,1
650,307,0.2663984688,19560496.0000000000,34
650,308,0.2664473441,19560496.0000000000,14
650,309,0.2672006160,19560496.0000000000,30
650,310,0.2667806818,19560496.0000000000,13
650,311,0.2668340844,19560496.0000000000,3
650,312,0.2299236126,17158704.0000000000,31
650,313,0.2306994487,17158704.0000000000,0
650,314,0.2288864879,17158704.0000000000,29
650,315,0.2668032970,19560496.0000000000,3
650,316,0.2675721206,19560496.0000000000,12
650,317,0.2664107565,19560496.0000000000,25
650,318,0.2662775558,19560496.0000000000,29
650,319,0.2666881570,19560496.0000000000,2
650,320,0.2667859853,19560496.0000000000,31
650,321,0.2659814371,19560496.0000000000,33
650,322,0.2673826913,19560496.0000000000,30
650,323,0.2659418091,19560496.0000000000,33
650,324,0.2666802568,19560496.0000000000,2
650,325,0.2663257344,19560496.0000000000,14
650,326,0.2669012908,19560496.0000000000,4
650,327,0.2303217636,17158704.0000000000,11
650,328,0.2286388101,17158704.0000000000,24
650,329,0.2323196855,17158704.0000000000,12
650,330,0.2667043251,19560496.0000000000,9
650,331,0.2670009945,19560496.0000000000,18
650,332,0.2663532518,19560496.0000000000,0
650,333,0.2671275310,19560496.0000000000,10
650,334,0.2665636471,19560496.0000000000,32
650,335,0.2668127439,19560496.0000000000,3
650,336,0.2659176216,19560496.0000000000,33
650,337,0.2664203590,19560496.0000000000,26
650,338,0.2666543868,19560496.0000000000,35
650,339,0.2669497812,19560496.0000000000,38
650,340,0.2669773285,19560496.0000000000,6
650,341,0.2670430780,19560496.0000000000,8
650,342,0.2293935684,17158704.0000000000,19
650,343,0.2318595079,17158704.0000000000,32
650,344,0.2310562546,17158704.0000000000,34
650,345,0.2667897834,19560496.0000000000,31
650,346,0.2669953424,19560496.0000000000,8
650,347,0.2663948349,19560496.0000000000,27
650,348,0.2676639713,19560496.0000000000,20
650,349,0.2668139999,19560496.0000000000,4
650,350,0.2664378233,19560496.0000000000,25
650,351,0.2666714925,19560496.0000000000,3
650,352,0.2663787951,19560496.0000000000,39
650,353,0.2668074273,19560496.0000000000,1
650,354,0.2672659789,19560496.0000000000,28
650,355,0.2665939689,19560496.0000000000,25
650,356,0.2676646305,19560496.0000000000,23
650,357,0.2331105083,17158704.0000000000,12
650,358,0.2313066249,17158704.0000000000,8
650,359,0.2328544952,17158704.0000000000,9
650,360,0.2662566003,19560496.0000000000,39
650,361,0.2668269261,19560496.0000000000,1
650,362,0.2660688861,19560496.0000000000,39
650,363,0.2662849596,19560496.0000000000,37
650,364,0.2673861539,19560496.0000000000,10
650,365,0.2667569248,19560496.0000000000,6
650,366,0.2663855658,19560496.0000000000,14
650,367,0.2669939259,19560496.0000000000,8
650,368,0.2673803591,19560496.0000000000,28
650,369,0.2667761355,19560496.0000000000,9
650,370,0.2668614728,19560496.0000000000,8
650,371,0.2665558235,19560496.0000000000,14
650,372,0.2315966861,17158704.0000000000,6
650,373,0.2322089644,17158704.0000000000,21
650,374,0.2326717856,17158704.0000000000,10
650,375,0.2668632205,19560496.0000000000,5
650,376,0.2675406827,19560496.0000000000,12
650,377,0.2668024680,19560496.0000000000,1
650,378,0.2680850053,19560496.0000000000,15
650,379,0.2668083124,19560496.0000000000,13
650,380,0.2659388105,19560496.0000000000,7
650,381,0.2672217844,19560496.0000000000,10
650,382,0.2667768399,19560496.0000000000,5
650,383,0.2668421786,19560496.0000000000,5
650,384,0.2667862997,19560496.0000000000,1
650,385,0.2668512545,19560496.0000000000,13
650,386,0.2669477712,19560496.0000000000,5
650,387,0.2282118014,17158704.0000000000,33
650,388,0.2297946527,17158704.0000000000,1
650,389,0.2323865253,17158704.0000000000,10
650,390,0.2679691615,19560496.0000000000,17
650,391,0.2665644343,19560496.0000000000,34
650,392,0.2674825568,19560496.0000000000,21
650,393,0.2673269151,19560496.0000000000,22
650,394,0.2662022630,19560496.0000000000,39
650,395,0.2669068716,19560496.0000000000,9
650,396,0.2667391731,19560496.0000000000,2
650,397,0.2659415272,19560496.0000000000,33
650,398,0.2674489029,19560496.0000000000,23
650,399,0.2667213525,19560496.0000000000,9
650,400,0.2675693040,19560496.0000000000,12
650,401,0.2678272077,19560496.0000000000,16
650,402,0.2312464496,17158704.0000000000,39
650,403,0.2291509621,17158704.0000000000,18
650,404,0.2296146739,17158704.0000000000,31
650,405,0.2666371401,19560496.0000000000,36
650,406,0.2663946380,19560496.0000000000,19
650,407,0.2664782584,19560496.0000000000,24
650,408,0.2662456790,19560496.0000000000,37
650,409,0.2666033304,19560496.0000000000,35
650,410,0.2674025630,19560496.0000000000,12
650,411,0.2666094269,19560496.0000000000,35
650,412,0.2668620428,19560496.0000000000,1
650,413,0.2657944969,19560496.0000000000,11
650,414,0.2672522731,19560496.0000000000,22
650,415,0.2680301449,19560496.0000000000,17
650,416,0.2672411077,19560496.0000000000,30
650,417,0.2277055132,17158704.0000000000,7
650,418,0.2307082783,17158704.0000000000,30
650,419,0.2302856705,17158704.0000000000,5
650,420,0.2028724398,14756912.0000000000,17
650,421,0.2023927748,14756912.0000000000,21
650,422,0.2019673389,14756912.0000000000,18
650,423,0.2027572348,14756912.0000000000,15
650,424,0.2031777966,14756912.0000000000,16
650,425,0.2030266607,14756912.0000000000,20
650,426,0.2015618914,14756912.0000000000,19
650,427,0.2020961610,14756912.0000000000,26
650,428,0.2017615066,14756912.0000000000,27
650,429,0.2019187739,14756912.0000000000,24
650,430,0.2015045577,14756912.0000000000,29
650,431,0.2045606908,14756912.0000000000,28
650,432,0.1853632238,12944944.0000000000,14
650,433,0.1861962660,12944944.0000000000,13
650,434,0.1860096305,12944944.0000000000,22
700,0,0.0638860430,86578560.0000000000,18
700,1,0.0641048840,85691872.0000000000,11
700,2,0.0639272020,84561136.0000000000,0
700,3,0.0644902700,84001120.0000000000,24
700,4,0.0654058600,84808896.0000000000,16
700,5,0.0671793890,86422112.0000000000,21
700,6,0.0685793440,86887936.0000000000,17
700,7,0.0685530070,86851904.0000000000,15
700,8,0.0676419510,86799680.0000000000,22
700,9,0.0687093700,87360288.0000000000,20
700,10,0.0697686530,89849936.0000000000,19
700,11,0.0719891790,92776048.0000000000,29
700,12,0.0646272410,82442496.0000000000,36
700,13,0.0631795160,81321600.0000000000,37
700,14,0.0612298140,80183792.0000000000,38
700,15,0.1161758360,153140912.0000000000,8
700,16,0.1190439640,153958240.0000000000,26
700,17,0.1198268580,153119584.0000000000,33
700,18,0.1210454430,152612288.0000000000,34
700,19,0.1222889750,153584272.0000000000,3
700,20,0.1247258710,155371504.0000000000,1
700,21,0.1259179540,155959040.0000000000,22
700,22,0.1259111680,156019136.0000000000,37
700,23,0.1256736070,156078528.0000000000,11
700,24,0.1260810020,156793712.0000000000,24
700,25,0.1281464360,159448896.0000000000,30
700,26,0.1260780920,158585376.0000000000,2
700,27,0.1063650810,136056784.0000000000,1
700,28,0.1038002000,135038480.0000000000,4
700,29,0.1029876220,134645296.0000000000,16
700,30,0.1139729370,153681024.0000000000,21
700,31,0.1138357770,153784176.0000000000,36
700,32,0.1138856890,153769120.0000000000,4
700,33,0.1139425420,153780272.0000000000,30
700,34,0.1139068330,153781232.0000000000,13
700,35,0.1140635240,153782816.0000000000,28
700,36,0.1139286750,153780640.0000000000,14
700,37,0.1138821470,153790960.0000000000,27
700,38,0.1138618440,153782288.0000000000,5
700,39,0.1139089560,153778864.0000000000,25
700,40,0.1139248160,153784208.0000000000,4
700,41,0.1141295330,153777328.0000000000,7
700,42,0.1007740600,134600240.0000000000,17
700,43,0.1008187790,134603680.0000000000,15
700,44,0.1005362630,134496816.0000000000,18
700,45,0.1137074470,153713632.0000000000,29
700,46,0.1138515760,153779168.0000000000,31
700,47,0.1138591490,153777232.0000000000,15
700,48,0.1139234120,153778496.0000000000,11
700,49,0.1138075550,153777856.0000000000,3
700,50,0.1138933300,153783936.0000000000,25
700,51,0.1138004320,153777424.0000000000,2
700,52,0.1140046010,153776928.0000000000,15
700,53,0.1138007180,153779616.0000000000,14
700,54,0.1137281600,153779360.0000000000,39
700,55,0.1138603550,153774144.0000000000,13
700,56,0.1138673520,153778304.0000000000,35
700,57,0.1005139640,134598704.0000000000,29
700,58,0.1008176620,134600560.0000000000,21
700,59,0.1005865980,134531248.0000000000,19
700,60,0.1138733260,153714128.0000000000,6
700,61,0.1139969450,153777488.0000000000,17
700,62,0.1137356460,153783296.0000000000,26
700,63,0.1139362580,153780960.0000000000,5
700,64,0.1139169310,153775904.0000000000,17
700,65,0.1139288260,153780256.0000000000,0
700,66,0.1138836750,153778608.0000000000,21
700,67,0.1137919500,153781648.0000000000,39
700,68,0.1139187530,153777824.0000000000,20
700,69,0.1139525780,153781488.0000000000,16
700,70,0.1138887840,153780336.0000000000,20
700,71,0.1138460880,153779472.0000000000,33
700,72,0.1006977390,134600528.0000000000,25
700,73,0.1006771740,134599520.0000000000,2
700,74,0.1005286430,134534512.0000000000,31
700,75,0.1138068090,153710592.0000000000,28
700,76,0.1139657760,153779552.0000000000,12
700,77,0.1137518370,153777840.0000000000,27
700,78,0.1138553570,153779200.0000000000,10
700,79,0.1138785180,153777264.0000000000,24
700,80,0.1139209030,153780448.0000000000,1
700,81,0.1138357730,153777424.0000000000,6
700,82,0.1139822140,153779168.0000000000,23
700,83,0.1139132390,153780080.0000000000,22
700,84,0.1138271530,153777824.0000000000,32
700,85,0.1137822850,153778800.0000000000,35
700,86,0.1138497020,153777392.0000000000,14
700,87,0.1005283440,134598992.0000000000,11
700,88,0.1005029590,134598560.0000000000,37
700,89,0.1007484450,134530736.0000000000,0
700,90,0.1138492250,153712256.0000000000,9
700,91,0.1138956690,153779200.0000000000,19
700,92,0.1138767680,153777552.0000000000,38
700,93,0.1137788800,153777440.0000000000,37
700,94,0.1138475820,153778912.0000000000,35
700,95,0.1138028100,153781264.0000000000,7
700,96,0.1138727100,153775824.0000000000,34
700,97,0.1137227770,153779376.0000000000,33
700,98,0.1139989820,153776784.0000000000,13
700,99,0.1138604160,153780880.0000000000,34
700,100,0.1137366610,153781360.0000000000,7
700,101,0.1137553230,153779344.0000000000,39
700,102,0.1007081170,134600112.0000000000,36
700,103,0.1007066120,134599824.0000000000,32
700,104,0.1004945360,134534064.0000000000,24
700,105,0.1138798710,153622400.0000000000,12
700,106,0.1138571320,153771632.0000000000,9
700,107,0.1138782610,153778064.0000000000,26
700,108,0.1138240400,153780832.0000000000,5
700,109,0.1139526480,153780784.0000000000,6
700,110,0.1139303940,153770080.0000000000,9
700,111,0.1139320650,153782416.0000000000,8
700,112,0.1138945290,153785952.0000000000,28
700,113,0.1138488290,153776704.0000000000,18
700,114,0.1138926190,153768128.0000000000,8
700,115,0.1140456780,153776816.0000000000,16
700,116,0.1139572150,153780368.0000000000,32
700,117,0.1006056310,134605792.0000000000,30
700,118,0.1007517500,134593568.0000000000,23
700,119,0.1006575490,134435040.0000000000,38
700,120,0.1136892960,153547984.0000000000,38
700,121,0.1137932570,153779792.0000000000,0
700,122,0.1139179520,153768336.0000000000,31
700,123,0.1138229940,153776928.0000000000,36
700,124,0.1139233720,153776880.0000000000,19
700,125,0.1138456190,153781008.0000000000,27
700,126,0.1137149610,153777792.0000000000,29
700,127,0.1139694680,153775456.0000000000,23
700,128,0.1138853100,153778112.0000000000,18
700,129,0.1139226340,153783296.0000000000,12
700,130,0.1139641080,153775408.0000000000,10
700,131,0.1138733940,153769424.0000000000,10
700,132,0.1007348470,134601920.0000000000,3
700,133,0.1008143420,134597888.0000000000,20
700,134,0.1007046530,134364928.0000000000,22
700,135,0.0200165770,33562784.0000000000,31
700,136,0.0200231230,33593088.0000000000,32
700,137,0.0199671510,33587072.0000000000,1
700,138,0.0200694200,33582400.0000000000,2
700,139,0.0199854370,33589536.0000000000,3
700,140,0.0200698690,33585520.0000000000,23
700,141,0.0200554850,33592672.0000000000,35
700,142,0.0200294560,33583184.0000000000,34
700,143,0.0200493650,33591008.0000000000,4
700,144,0.0200008690,33584512.0000000000,25
700,145,0.0200172240,33580016.0000000000,33
700,146,0.0200922630,33590832.0000000000,30
700,147,0.0186946200,29434912.0000000000,39
700,148,0.0188291770,29438880.0000000000,13
700,149,0.0186673960,29407840.0000000000,14
700,150,0.0081566440,19560496.0000000000,3
700,151,0.0081459530,19560496.0000000000,25
700,152,0.0081658900,19560496.0000000000,26
700,153,0.0081580420,19560496.0000000000,4
700,154,0.0081755090,19560496.0000000000,12
700,155,0.0081978600,19560496.0000000000,30
700,156,0.0081728290,19560496.0000000000,32
700,157,0.0081609740,19560496.0000000000,25
700,158,0.0081639030,19560496.0000000000,6
700,159,0.0081757800,19560496.0000000000,3
700,160,0.0081743660,19560496.0000000000,2
700,161,0.0081849450,19560496.0000000000,5
700,162,0.0070936560,17158704.0000000000,30
700,163,0.0069446680,17158704.0000000000,7
700,164,0.0071366240,17158704.0000000000,9
700,165,0.0081611550,19560496.0000000000,9
700,166,0.0082032300,19560496.0000000000,23
700,167,0.0081601790,19560496.0000000000,27
700,168,0.0081833020,19560496.0000000000,12
700,169,0.0081921600,19560496.0000000000,28
700,170,0.0081799860,19560496.0000000000,23
700,171,0.0081984900,19560496.0000000000,5
700,172,0.0081596890,19560496.0000000000,18
700,173,0.0081718260,19560496.0000000000,8
700,174,0.0081713590,19560496.0000000000,31
700,175,0.0081577810,19560496.0000000000,4
700,176,0.0081617430,19560496.0000000000,1
700,177,0.0069532670,17158704.0000000000,27
700,178,0.0070640010,17158704.0000000000,25
700,179,0.0071108330,17158704.0000000000,8
700,180,0.0081778020,19560496.0000000000,13
700,181,0.0081834450,19560496.0000000000,0
700,182,0.0081583150,19560496.0000000000,2
700,183,0.0081868310,19560496.0000000000,12
700,184,0.0081716320,19560496.0000000000,26
700,185,0.0081969380,19560496.0000000000,30
700,186,0.0081775630,19560496.0000000000,27
700,187,0.0081694070,19560496.0000000000,14
700,188,0.0081568040,19560496.0000000000,27
700,189,0.0081652570,19560496.0000000000,26
700,190,0.0081770720,19560496.0000000000,12
700,191,0.0081472310,19560496.0000000000,6
700,192,0.0071219520,17158704.0000000000,26
700,193,0.0070611600,17158704.0000000000,35
700,194,0.0070661150,17158704.0000000000,11
700,195,0.0081676940,19560496.0000000000,15
700,196,0.0081514990,19560496.0000000000,5
700,197,0.0081797550,19560496.0000000000,31
700,198,0.0081757250,19560496.0000000000,32
700,199,0.0081732140,19560496.0000000000,3
700,200,0.0081637570,19560496.0000000000,13
700,201,0.0081413590,19560496.0000000000,6
700,202,0.0081784030,19560496.0000000000,28
700,203,0.0081787310,19560496.0000000000,35
700,204,0.0081676700,19560496.0000000000,34
700,205,0.0081837950,19560496.0000000000,3
700,206,0.0081346840,19560496.0000000000,11
700,207,0.0070727970,17158704.0000000000,25
700,208,0.0069709950,17158704.0000000000,14
700,209,0.0070386470,17158704.0000000000,16
700,210,0.0081435060,19560496.0000000000,19
700,211,0.0081420330,19560496.0000000000,2
700,212,0.0081651180,19560496.0000000000,26
700,213,0.0081703800,19560496.0000000000,13
700,214,0.0081666110,19560496.0000000000,14
700,215,0.0081767580,19560496.0000000000,32
700,216,0.0081484610,19560496.0000000000,36
700,217,0.0081982020,19560496.0000000000,28
700,218,0.0081928920,19560496.0000000000,16
700,219,0.0081391930,19560496.0000000000,39
700,220,0.0081904890,19560496.0000000000,28
700,221,0.0081456090,19560496.0000000000,5
700,222,0.0071260570,17158704.0000000000,15
700,223,0.0070532500,17158704.0000000000,37
700,224,0.0071469490,17158704.0000000000,28
700,225,0.0081469490,19560496.0000000000,34
700,226,0.0081769120,19560496.0000000000,31
700,227,0.0081665790,19560496.0000000000,4
700,228,0.0081906170,19560496.0000000000,28
700,229,0.0081572020,19560496.0000000000,26
700,230,0.0081510720,19560496.0000000000,24
700,231,0.0081494640,19560496.0000000000,7
700,232,0.0081752930,19560496.0000000000,10
700,233,0.0081948430,19560496.0000000000,4
700,234,0.0081537480,19560496.0000000000,25
700,235,0.0081424240,19560496.0000000000,7
700,236,0.0081943420,19560496.0000000000,20
700,237,0.0070398440,17158704.0000000000,4
700,238,0.0070817270,17158704.0000000000,0
700,239,0.0071163330,17158704.0000000000,2
700,240,0.0081700050,19560496.0000000000,38
700,241,0.0081647780,19560496.0000000000,1
700,242,0.0081863080,19560496.0000000000,23
700,243,0.0081437820,19560496.0000000000,37
700,244,0.0081721760,19560496.0000000000,8
700,245,0.0081829540,19560496.0000000000,23
700,246,0.0081755030,19560496.0000000000,9
700,247,0.0082113360,19560496.0000000000,23
700,248,0.0081687410,19560496.0000000000,32
700,249,0.0081586670,19560496.0000000000,27
700,250,0.0081656760,19560496.0000000000,32
700,251,0.0081832020,19560496.0000000000,4
700,252,0.0069729270,17158704.0000000000,23
700,253,0.0070195850,17158704.0000000000,5
700,254,0.0071608100,17158704.0000000000,20
700,255,0.0081452560,19560496.0000000000,7
700,256,0.0081846780,19560496.0000000000,26
700,257,0.0081366620,19560496.0000000000,33
700,258,0.0081353200,19560496.0000000000,7
700,259,0.0081487040,19560496.0000000000,35
700,260,0.0081335750,19560496.0000000000,7
700,261,0.0081724290,19560496.0000000000,6
700,262,0.0081614530,19560496.0000000000,25
700,263,0.0081765340,19560496.0000000000,9
700,264,0.0081706560,19560496.0000000000,34
700,265,0.0081873250,19560496.0000000000,8
700,266,0.0081593250,19560496.0000000000,38
700,267,0.0070685210,17158704.0000000000,22
700,268,0.0070915680,17158704.0000000000,17
700,269,0.0071383260,17158704.0000000000,3
700,270,0.0081571880,19560496.0000000000,39
700,271,0.0081504090,19560496.0000000000,7
700,272,0.0081548000,19560496.0000000000,27
700,273,0.0081684550,19560496.0000000000,2
700,274,0.0081739610,19560496.0000000000,9
700,275,0.0081968040,19560496.0000000000,10
700,276,0.0081383140,19560496.0000000000,7
700,277,0.0081515310,19560496.0000000000,31
700,278,0.0081743320,19560496.0000000000,10
700,279,0.0081720960,19560496.0000000000,8
700,280,0.0081744210,19560496.0000000000,10
700,281,0.0081789230,19560496.0000000000,21
700,282,0.0071171320,17158704.0000000000,6
700,283,0.0071047670,17158704.0000000000,36
700,284,0.0070736230,17158704.0000000000,32
700,285,0.0081721890,19560496.0000000000,4
700,286,0.0081958970,19560496.0000000000,30
700,287,0.0081627000,19560496.0000000000,34
700,288,0.0081641380,19560496.0000000000,26
700,289,0.0081486580,19560496.0000000000,27
700,290,0.0081743670,19560496.0000000000,27
700,291,0.0081649450,19560496.0000000000,6
700,292,0.0081794900,19560496.0000000000,10
700,293,0.0081481510,19560496.0000000000,36
700,294,0.0081366930,19560496.0000000000,29
700,295,0.0081592880,19560496.0000000000,2
700,296,0.0081752260,19560496.0000000000,30
700,297,0.0071325330,17158704.0000000000,38
700,298,0.0070920870,17158704.0000000000,23
700,299,0.0069510360,17158704.0000000000,13
700,300,0.0081641930,19560496.0000000000,35
700,301,0.0081338240,19560496.0000000000,33
700,302,0.0081435950,19560496.0000000000,32
700,303,0.0081938530,19560496.0000000000,28
700,304,0.0081725420,19560496.0000000000,31
700,305,0.0081429650,19560496.0000000000,6
700,306,0.0081873530,19560496.0000000000,1
700,307,0.0081722580,19560496.0000000000,34
700,308,0.0081499710,19560496.0000000000,14
700,309,0.0081915660,19560496.0000000000,30
700,310,0.0081704580,19560496.0000000000,13
700,311,0.0081806390,19560496.0000000000,3
700,312,0.0070424680,17158704.0000000000,31
700,313,0.0071103430,17158704.0000000000,0
700,314,0.0069650480,17158704.0000000000,29
700,315,0.0081543980,19560496.0000000000,3
700,316,0.0082110490,19560496.0000000000,12
700,317,0.0081737760,19560496.0000000000,25
700,318,0.0081430960,19560496.0000000000,29
700,319,0.0081838160,19560496.0000000000,2
700,320,0.0081530440,19560496.0000000000,31
700,321,0.0081484820,19560496.0000000000,33
700,322,0.0081854650,19560496.0000000000,30
700,323,0.0081584930,19560496.0000000000,33
700,324,0.0081420660,19560496.0000000000,2
700,325,0.0081499490,19560496.0000000000,14
700,326,0.0081533520,19560496.0000000000,4
700,327,0.0070804060,17158704.0000000000,11
700,328,0.0069801270,17158704.0000000000,24
700,329,0.0070078770,17158704.0000000000,12
700,330,0.0081868930,19560496.0000000000,9
700,331,0.0081854950,19560496.0000000000,18
700,332,0.0081802800,19560496.0000000000,0
700,333,0.0081683070,19560496.0000000000,10
700,334,0.0081550170,19560496.0000000000,32
700,335,0.0081647490,19560496.0000000000,3
700,336,0.0081284440,19560496.0000000000,33
700,337,0.0081703390,19560496.0000000000,26
700,338,0.0081897430,19560496.0000000000,35
700,339,0.0081889200,19560496.0000000000,38
700,340,0.0081686750,19560496.0000000000,6
700,341,0.0081976860,19560496.0000000000,8
700,342,0.0069800140,17158704.0000000000,19
700,343,0.0071388990,17158704.0000000000,32
700,344,0.0070866790,17158704.0000000000,34
700,345,0.0081683030,19560496.0000000000,31
700,346,0.0081639870,19560496.0000000000,8
700,347,0.0081506530,19560496.0000000000,27
700,348,0.0081753670,19560496.0000000000,20
700,349,0.0081342050,19560496.0000000000,4
700,350,0.0081478250,19560496.0000000000,25
700,351,0.0081542180,19560496.0000000000,3
700,352,0.0081441240,19560496.0000000000,39
700,353,0.0081681130,19560496.0000000000,1
700,354,0.0081917580,19560496.0000000000,28
700,355,0.0081746670,19560496.0000000000,25
700,356,0.0081933210,19560496.0000000000,23
700,357,0.0071190120,17158704.0000000000,12
700,358,0.0070376790,17158704.0000000000,8
700,359,0.0071297790,17158704.0000000000,9
700,360,0.0081502860,19560496.0000000000,39
700,361,0.0081989660,19560496.0000000000,1
700,362,0.0081586630,19560496.0000000000,39
700,363,0.0081526600,19560496.0000000000,37
700,364,0.0081664940,19560496.0000000000,10
700,365,0.0081720710,19560496.0000000000,6
700,366,0.0081469450,19560496.0000000000,14
700,367,0.0081777760,19560496.0000000000,8
700,368,0.0081997550,19560496.0000000000,28
700,369,0.0081895210,19560496.0000000000,9
700,370,0.0081416890,19560496.0000000000,8
700,371,0.0081660610,19560496.0000000000,14
700,372,0.0070505140,17158704.0000000000,6
700,373,0.0070739600,17158704.0000000000,21
700,374,0.0071594760,17158704.0000000000,10
700,375,0.0081601760,19560496.0000000000,5
700,376,0.0081895790,19560496.0000000000,12
700,377,0.0081887350,19560496.0000000000,1
700,378,0.0082279200,19560496.0000000000,15
700,379,0.0081613690,19560496.0000000000,13
700,380,0.0081467200,19560496.0000000000,7
700,381,0.0081738480,19560496.0000000000,10
700,382,0.0081568200,19560496.0000000000,5
700,383,0.0081542250,19560496.0000000000,5
700,384,0.0081700600,19560496.0000000000,1
700,385,0.0081460720,19560496.0000000000,13
700,386,0.0081774610,19560496.0000000000,5
700,387,0.0069353460,17158704.0000000000,33
700,388,0.0070304980,17158704.0000000000,1
700,389,0.0071088820,17158704.0000000000,10
700,390,0.0081993530,19560496.0000000000,17
700,391,0.0081686610,19560496.0000000000,34
700,392,0.0081872680,19560496.0000000000,21
700,393,0.0081704670,19560496.0000000000,22
700,394,0.0081534920,19560496.0000000000,39
700,395,0.0081770740,19560496.0000000000,9
700,396,0.0081809200,19560496.0000000000,2
700,397,0.0081316510,19560496.0000000000,33
700,398,0.0081701660,19560496.0000000000,23
700,399,0.0081786870,19560496.0000000000,9
700,400,0.0082080410,19560496.0000000000,12
700,401,0.0081987630,19560496.0000000000,16
700,402,0.0071016740,17158704.0000000000,39
700,403,0.0069655970,17158704.0000000000,18
700,404,0.0070153450,17158704.0000000000,31
700,405,0.0081399760,19560496.0000000000,36
700,406,0.0081612280,19560496.0000000000,19
700,407,0.0081595790,19560496.0000000000,24
700,408,0.0081548140,19560496.0000000000,37
700,409,0.0081550650,19560496.0000000000,35
700,410,0.0081716510,19560496.0000000000,12
700,411,0.0081425110,19560496.0000000000,35
700,412,0.0081581560,19560496.0000000000,1
700,413,0.0081487520,19560496.0000000000,11
700,414,0.0081712590,19560496.0000000000,22
700,415,0.0081953370,19560496.0000000000,17
700,416,0.0081635040,19560496.0000000000,30
700,417,0.0070033140,17158704.0000000000,7
700,418,0.0070572650,17158704.0000000000,30
700,419,0.0070656130,17158704.0000000000,5
700,420,0.0062316270,14756912.0000000000,17
700,421,0.0061960390,14756912.0000000000,21
700,422,0.0061865410,14756912.0000000000,18
700,423,0.0061904300,14756912.0000000000,15
700,424,0.0062326190,14756912.0000000000,16
700,425,0.0062334990,14756912.0000000000,20
700,426,0.0061696880,14756912.0000000000,19
700,427,0.0062179250,14756912.0000000000,26
700,428,0.0061586330,14756912.0000000000,27
700,429,0.0061855440,14756912.0000000000,24
700,430,0.0061895480,14756912.0000000000,29
700,431,0.0061971550,14756912.0000000000,28
700,432,0.0056677120,12944944.0000000000,14
700,433,0.0056888320,12944944.0000000000,13
700,434,0.0056852320,12944944.0000000000,22
750,0,2.0529569469,86421232.0000000000,18
750,1,2.0629885566,85604512.0000000000,11
750,2,2.0539927454,84492896.0000000000,0
750,3,2.0667087507,83711344.0000000000,24
750,4,2.0987993787,84252608.0000000000,16
750,5,2.1611918417,86149360.0000000000,21
750,6,2.2100034197,86887680.0000000000,17
750,7,2.2087469990,86821264.0000000000,15
750,8,2.1753420361,86713296.0000000000,22
750,9,2.2122234621,87656864.0000000000,20
750,10,2.2698256431,90332656.0000000000,19
750,11,2.3374741275,93129856.0000000000,29
750,12,2.1086985054,82840880.0000000000,36
750,13,2.0413073160,81633632.0000000000,37
750,14,1.9779008738,80300048.0000000000,38
750,15,3.7422735084,153051872.0000000000,8
750,16,3.8199790278,153816864.0000000000,26
750,17,3.8576752221,152810800.0000000000,33
750,18,3.8818405073,152097408.0000000000,34
750,19,3.9384073199,152902592.0000000000,3
750,20,4.0235874815,155035184.0000000000,1
750,21,4.0662642180,155930096.0000000000,22
750,22,4.0588168476,155984080.0000000000,37
750,23,4.0568476190,155994448.0000000000,11
750,24,4.0817737184,157123664.0000000000,24
750,25,4.1359157111,160108128.0000000000,30
750,26,4.0700663489,159095200.0000000000,2
750,27,3.4284277989,136299488.0000000000,1
750,28,3.3450679976,135091792.0000000000,4
750,29,3.3161192070,134673920.0000000000,16
750,30,3.6662170484,153675184.0000000000,21
750,31,3.6653194096,153788192.0000000000,36
750,32,3.6662024161,153767760.0000000000,4
750,33,3.6654005132,153781056.0000000000,30
750,34,3.6685684751,153785632.0000000000,13
750,35,3.6679324514,153789472.0000000000,28
750,36,3.6682883574,153778464.0000000000,14
750,37,3.6672326899,153792144.0000000000,27
750,38,3.6659767171,153784160.0000000000,5
750,39,3.6664003711,153778320.0000000000,25
750,40,3.6666310960,153784976.0000000000,4
750,41,3.6650580544,153777488.0000000000,7
750,42,3.2437923775,134598768.0000000000,17
750,43,3.2454481285,134602400.0000000000,15
750,44,3.2373091891,134493136.0000000000,18
750,45,3.6593077294,153711952.0000000000,29
750,46,3.6641529967,153779712.0000000000,31
750,47,3.6679322093,153778560.0000000000,15
750,48,3.6613547549,153780368.0000000000,11
750,49,3.6630796111,153777136.0000000000,3
750,50,3.6637213458,153779264.0000000000,25
750,51,3.6653033801,153776016.0000000000,2
750,52,3.6685591692,153776928.0000000000,15
750,53,3.6661896523,153779984.0000000000,14
750,54,3.6629123592,153780416.0000000000,39
750,55,3.6661994245,153776464.0000000000,13
750,56,3.6647437385,153779088.0000000000,35
750,57,3.2366672796,134600000.0000000000,29
750,58,3.2445448172,134599472.0000000000,21
750,59,3.2370833303,134532528.0000000000,19
750,60,3.6647590534,153711488.0000000000,6
750,61,3.6678701214,153778080.0000000000,17
750,62,3.6645947618,153781776.0000000000,26
750,63,3.6628698594,153778272.0000000000,5
750,64,3.6675942316,153776432.0000000000,17
750,65,3.6640793837,153781216.0000000000,0
750,66,3.6667902241,153783440.0000000000,21
750,67,3.6620744581,153779568.0000000000,39
750,68,3.6673391006,153777232.0000000000,20
750,69,3.6690664124,153780880.0000000000,16
750,70,3.6667696934,153780704.0000000000,20
750,71,3.6619394786,153778848.0000000000,33
750,72,3.2412721840,134600144.0000000000,25
750,73,3.2405777262,134596656.0000000000,2
750,74,3.2369862805,134533856.0000000000,31
750,75,3.6641051481,153710880.0000000000,28
750,76,3.6675611262,153779312.0000000000,12
750,77,3.6641109467,153778704.0000000000,27
750,78,3.6653645755,153778976.0000000000,10
750,79,3.6644192683,153779232.0000000000,24
750,80,3.6671030561,153777312.0000000000,1
750,81,3.6656427742,153779920.0000000000,6
750,82,3.6686063429,153780032.0000000000,23
750,83,3.6681240810,153777888.0000000000,22
750,84,3.6650080580,153776944.0000000000,32
750,85,3.6631648887,153782928.0000000000,35
750,86,3.6657318732,153775056.0000000000,14
750,87,3.2382912965,134599280.0000000000,11
750,88,3.2394246584,134600336.0000000000,37
750,89,3.2401212647,134529888.0000000000,0
750,90,3.6634903620,153711248.0000000000,9
750,91,3.6650569368,153776576.0000000000,19
750,92,3.6640820832,153779456.0000000000,38
750,93,3.6620538808,153779744.0000000000,37
750,94,3.6632979061,153778448.0000000000,35
750,95,3.6631414082,153779328.0000000000,7
750,96,3.6636975797,153777440.0000000000,34
750,97,3.6609989411,153778048.0000000000,33
750,98,3.6669279571,153779632.0000000000,13
750,99,3.6633626946,153778224.0000000000,34
750,100,3.6625027371,153780544.0000000000,7
750,101,3.6615148266,153779856.0000000000,39
750,102,3.2418455299,134599968.0000000000,36
750,103,3.2417853706,134598624.0000000000,32
750,104,3.2376696348,134532048.0000000000,24
750,105,3.6649564684,153613632.0000000000,12
750,106,3.6655632787,153775472.0000000000,9
750,107,3.6663157076,153780352.0000000000,26
750,108,3.6652631896,153780480.0000000000,5
750,109,3.6670136795,153780592.0000000000,6
750,110,3.6646494558,153776576.0000000000,9
750,111,3.6651887325,153775472.0000000000,8
750,112,3.6672293606,153787952.0000000000,28
750,113,3.6662725032,153774336.0000000000,18
750,114,3.6645480381,153775088.0000000000,8
750,115,3.6703130478,153774128.0000000000,16
750,116,3.6663209736,153780736.0000000000,32
750,117,3.2399420549,134609184.0000000000,30
750,118,3.2433173116,134593840.0000000000,23
750,119,3.2405377282,134424432.0000000000,38
750,120,3.6607299917,153534528.0000000000,38
750,121,3.6665439009,153776000.0000000000,0
750,122,3.6648682014,153767968.0000000000,31
750,123,3.6660718345,153776928.0000000000,36
750,124,3.6673618404,153777568.0000000000,19
750,125,3.6664603117,153779136.0000000000,27
750,126,3.6616960666,153777216.0000000000,29
750,127,3.6699351629,153779360.0000000000,23
750,128,3.6659531079,153778640.0000000000,18
750,129,3.6685120192,153784272.0000000000,12
750,130,3.6667694540,153778400.0000000000,10
750,131,3.6659850194,153772896.0000000000,10
750,132,3.2448086487,134603008.0000000000,3
750,133,3.2471541976,134596320.0000000000,20
750,134,3.2432051717,134352224.0000000000,22
750,135,0.6482703941,33559120.0000000000,31
750,136,0.6497645333,33593760.0000000000,32
750,137,0.6492979890,33587904.0000000000,1
750,138,0.6489832206,33581616.0000000000,2
750,139,0.6490731194,33588704.0000000000,3
750,140,0.6499555174,33586880.0000000000,23
750,141,0.6491161970,33593936.0000000000,35
750,142,0.6488157890,33581728.0000000000,34
750,143,0.6490296275,33590784.0000000000,4
750,144,0.6484959457,33584048.0000000000,25
750,145,0.6480043770,33578112.0000000000,33
750,146,0.6494986627,33588416.0000000000,30
750,147,0.6055624563,29436352.0000000000,39
750,148,0.6071452150,29437616.0000000000,13
750,149,0.6037557357,29403568.0000000000,14
750,150,0.2667616285,19560496.0000000000,3
750,151,0.2664186272,19560496.0000000000,25
750,152,0.2666273640,19560496.0000000000,26
750,153,0.2667885819,19560496.0000000000,4
750,154,0.2675019840,19560496.0000000000,12
750,155,0.2671459450,19560496.0000000000,30
750,156,0.2665945704,19560496.0000000000,32
750,157,0.2665977278,19560496.0000000000,25
750,158,0.2667560659,19560496.0000000000,6
750,159,0.2666777909,19560496.0000000000,3
750,160,0.2665227968,19560496.0000000000,2
750,161,0.2670551106,19560496.0000000000,5
750,162,0.2309144336,17158704.0000000000,30
750,163,0.2281087112,17158704.0000000000,7
750,164,0.2329115739,17158704.0000000000,9
750,165,0.2669172628,19560496.0000000000,9
750,166,0.2675947518,19560496.0000000000,23
750,167,0.2666546329,19560496.0000000000,27
750,168,0.2674212612,19560496.0000000000,12
750,169,0.2674970689,19560496.0000000000,28
750,170,0.2676858031,19560496.0000000000,23
750,171,0.2667694717,19560496.0000000000,5
750,172,0.2668245098,19560496.0000000000,18
750,173,0.2669930130,19560496.0000000000,8
750,174,0.2669694148,19560496.0000000000,31
750,175,0.2669100323,19560496.0000000000,4
750,176,0.2669438401,19560496.0000000000,1
750,177,0.2281961333,17158704.0000000000,27
750,178,0.2313410474,17158704.0000000000,25
750,179,0.2317614743,17158704.0000000000,8
750,180,0.2667618487,19560496.0000000000,13
750,181,0.2663349822,19560496.0000000000,0
750,182,0.2665620692,19560496.0000000000,2
750,183,0.2674868920,19560496.0000000000,12
750,184,0.2665846683,19560496.0000000000,26
750,185,0.2673569202,19560496.0000000000,30
750,186,0.2664284856,19560496.0000000000,27
750,187,0.2664939408,19560496.0000000000,14
750,188,0.2663605779,19560496.0000000000,27
750,189,0.2665871960,19560496.0000000000,26
750,190,0.2675163205,19560496.0000000000,12
750,191,0.2666440847,19560496.0000000000,6
750,192,0.2327379323,17158704.0000000000,26
750,193,0.2309461628,17158704.0000000000,35
750,194,0.2303518270,17158704.0000000000,11
750,195,0.2679675715,19560496.0000000000,15
750,196,0.2668173619,19560496.0000000000,5
750,197,0.2667860339,19560496.0000000000,31
750,198,0.2667597310,19560496.0000000000,32
750,199,0.2667242344,19560496.0000000000,3
750,200,0.2668184115,19560496.0000000000,13
750,201,0.2666129165,19560496.0000000000,6
750,202,0.2674618820,19560496.0000000000,28
750,203,0.2666824856,19560496.0000000000,35
750,204,0.2665246185,19560496.0000000000,34
750,205,0.2666677133,19560496.0000000000,3
750,206,0.2659196253,19560496.0000000000,11
750,207,0.2318626837,17158704.0000000000,25
750,208,0.2293550005,17158704.0000000000,14
750,209,0.2319092236,17158704.0000000000,16
750,210,0.2664058349,19560496.0000000000,19
750,211,0.2665779024,19560496.0000000000,2
750,212,0.2666808183,19560496.0000000000,26
750,213,0.2667539524,19560496.0000000000,13
750,214,0.2663059337,19560496.0000000000,14
750,215,0.2666093479,19560496.0000000000,32
750,216,0.2665876989,19560496.0000000000,36
750,217,0.2673309042,19560496.0000000000,28
750,218,0.2674763657,19560496.0000000000,16
750,219,0.2662512374,19560496.0000000000,39
750,220,0.2673459917,19560496.0000000000,28
750,221,0.2667722072,19560496.0000000000,5
750,222,0.2332652819,17158704.0000000000,15
750,223,0.2317798890,17158704.0000000000,37
750,224,0.2321971876,17158704.0000000000,28
750,225,0.2664045858,19560496.0000000000,34
750,226,0.2667632136,19560496.0000000000,31
750,227,0.2667925174,19560496.0000000000,4
750,228,0.2673896901,19560496.0000000000,28
750,229,0.2664282350,19560496.0000000000,26
750,230,0.2665082889,19560496.0000000000,24
750,231,0.2658721019,19560496.0000000000,7
750,232,0.2673134039,19560496.0000000000,10
750,233,0.2668942101,19560496.0000000000,4
750,234,0.2665679166,19560496.0000000000,25
750,235,0.2660728762,19560496.0000000000,7
750,236,0.2677259385,19560496.0000000000,20
750,237,0.2311045095,17158704.0000000000,4
750,238,0.2301804849,17158704.0000000000,0
750,239,0.2298838932,17158704.0000000000,2
750,240,0.2670611288,19560496.0000000000,38
750,241,0.2668536006,19560496.0000000000,1
750,242,0.2676236016,19560496.0000000000,23
750,243,0.2662604211,19560496.0000000000,37
750,244,0.2677438936,19560496.0000000000,8
750,245,0.2676197581,19560496.0000000000,23
750,246,0.2669184863,19560496.0000000000,9
750,247,0.2676420689,19560496.0000000000,23
750,248,0.2666437218,19560496.0000000000,32
750,249,0.2664373434,19560496.0000000000,27
750,250,0.2665216841,19560496.0000000000,32
750,251,0.2668147150,19560496.0000000000,4
750,252,0.2305628078,17158704.0000000000,23
750,253,0.2300776749,17158704.0000000000,5
750,254,0.2332927966,17158704.0000000000,20
750,255,0.2659752773,19560496.0000000000,7
750,256,0.2664825569,19560496.0000000000,26
750,257,0.2661127844,19560496.0000000000,33
750,258,0.2659108209,19560496.0000000000,7
750,259,0.2666658344,19560496.0000000000,35
750,260,0.2657255243,19560496.0000000000,7
750,261,0.2668530805,19560496.0000000000,6
750,262,0.2664795706,19560496.0000000000,25
750,263,0.2667931826,19560496.0000000000,9
750,264,0.2664560035,19560496.0000000000,34
750,265,0.2668870969,19560496.0000000000,8
750,266,0.2671674817,19560496.0000000000,38
750,267,0.2302065830,17158704.0000000000,22
750,268,0.2325864790,17158704.0000000000,17
750,269,0.2326246539,17158704.0000000000,3
750,270,0.2662485502,19560496.0000000000,39
750,271,0.2659504442,19560496.0000000000,7
750,272,0.2662972639,19560496.0000000000,27
750,273,0.2665531274,19560496.0000000000,2
750,274,0.2668634801,19560496.0000000000,9
750,275,0.2672084534,19560496.0000000000,10
750,276,0.2658846063,19560496.0000000000,7
750,277,0.2669261345,19560496.0000000000,31
750,278,0.2672580043,19560496.0000000000,10
750,279,0.2670671834,19560496.0000000000,8
750,280,0.2671239468,19560496.0000000000,10
750,281,0.2678665158,19560496.0000000000,21
750,282,0.2314896441,17158704.0000000000,6
750,283,0.2316542092,17158704.0000000000,36
750,284,0.2317854940,17158704.0000000000,32
750,285,0.2668360430,19560496.0000000000,4
750,286,0.2674488703,19560496.0000000000,30
750,287,0.2664830459,19560496.0000000000,34
750,288,0.2665839453,19560496.0000000000,26
750,289,0.2663944758,19560496.0000000000,27
750,290,0.2664179526,19560496.0000000000,27
750,291,0.2667174294,19560496.0000000000,6
750,292,0.2672921516,19560496.0000000000,10
750,293,0.2665691310,19560496.0000000000,36
750,294,0.2662873041,19560496.0000000000,29
750,295,0.2665546751,19560496.0000000000,2
750,296,0.2671065575,19560496.0000000000,30
750,297,0.2320776064,17158704.0000000000,38
750,298,0.2306590139,17158704.0000000000,23
750,299,0.2322136627,17158704.0000000000,13
750,300,0.2667249766,19560496.0000000000,35
750,301,0.2659913875,19560496.0000000000,33
750,302,0.2665128972,19560496.0000000000,32
750,303,0.2673304380,19560496.0000000000,28
750,304,0.2668728343,19560496.0000000000,31
750,305,0.2667603398,19560496.0000000000,6
750,306,0.2668640932,19560496.0000000000,1
750,307,0.2663630696,19560496.0000000000,34
750,308,0.2663825251,19560496.0000000000,14
750,309,0.2672658170,19560496.0000000000,30
750,310,0.2667347551,19560496.0000000000,13
750,311,0.2667145834,19560496.0000000000,3
750,312,0.2297758554,17158704.0000000000,31
750,313,0.2306385733,17158704.0000000000,0
750,314,0.2284944089,17158704.0000000000,29
750,315,0.2668337478,19560496.0000000000,3
750,316,0.2673898260,19560496.0000000000,12
750,317,0.2664835333,19560496.0000000000,25
750,318,0.2661503755,19560496.0000000000,29
750,319,0.2666271855,19560496.0000000000,2
750,320,0.2667152275,19560496.0000000000,31
750,321,0.2660048229,19560496.0000000000,33
750,322,0.2672315225,19560496.0000000000,30
750,323,0.2660209030,19560496.0000000000,33
750,324,0.2666522224,19560496.0000000000,2
750,325,0.2662569521,19560496.0000000000,14
750,326,0.2668307854,19560496.0000000000,4
750,327,0.2301979347,17158704.0000000000,11
750,328,0.2287484305,17158704.0000000000,24
750,329,0.2324244031,17158704.0000000000,12
750,330,0.2665376983,19560496.0000000000,9
750,331,0.2669457588,19560496.0000000000,18
750,332,0.2662091615,19560496.0000000000,0
750,333,0.2671045905,19560496.0000000000,10
750,334,0.2665482023,19560496.0000000000,32
750,335,0.2667094403,19560496.0000000000,3
750,336,0.2659464283,19560496.0000000000,33
750,337,0.2664424286,19560496.0000000000,26
750,338,0.2667315549,19560496.0000000000,35
750,339,0.2669838872,19560496.0000000000,38
750,340,0.2668341651,19560496.0000000000,6
750,341,0.2669295572,19560496.0000000000,8
750,342,0.2292293117,17158704.0000000000,19
750,343,0.2319063809,17158704.0000000000,32
750,344,0.2312568773,17158704.0000000000,34
750,345,0.2668906282,19560496.0000000000,31
750,346,0.2670144502,19560496.0000000000,8
750,347,0.2664528628,19560496.0000000000,27
750,348,0.2677161143,19560496.0000000000,20
750,349,0.2666964838,19560496.0000000000,4
750,350,0.2665326866,19560496.0000000000,25
750,351,0.2667685695,19560496.0000000000,3
750,352,0.2663432087,19560496.0000000000,39
750,353,0.2669416987,19560496.0000000000,1
750,354,0.2672780449,19560496.0000000000,28
750,355,0.2664546614,19560496.0000000000,25
750,356,0.2676529589,19560496.0000000000,23
750,357,0.2329966994,17158704.0000000000,12
750,358,0.2309935342,17158704.0000000000,8
750,359,0.2333837482,17158704.0000000000,9
750,360,0.2662579332,19560496.0000000000,39
750,361,0.2669083911,19560496.0000000000,1
750,362,0.2660742534,19560496.0000000000,39
750,363,0.2661871163,19560496.0000000000,37
750,364,0.2672625255,19560496.0000000000,10
750,365,0.2666938603,19560496.0000000000,6
750,366,0.2665020388,19560496.0000000000,14
750,367,0.2668759448,19560496.0000000000,8
750,368,0.2674018233,19560496.0000000000,28
750,369,0.2667784316,19560496.0000000000,9
750,370,0.2667603538,19560496.0000000000,8
750,371,0.2664897337,19560496.0000000000,14
750,372,0.2312909718,17158704.0000000000,6
750,373,0.2325698747,17158704.0000000000,21
750,374,0.2326658231,17158704.0000000000,10
750,375,0.2667872914,19560496.0000000000,5
750,376,0.2676085733,19560496.0000000000,12
750,377,0.2668689966,19560496.0000000000,1
750,378,0.2679347312,19560496.0000000000,15
750,379,0.2668469012,19560496.0000000000,13
750,380,0.2660208061,19560496.0000000000,7
750,381,0.2671880904,19560496.0000000000,10
750,382,0.2668840903,19560496.0000000000,5
750,383,0.2667655413,19560496.0000000000,5
750,384,0.2667591787,19560496.0000000000,1
750,385,0.2668557012,19560496.0000000000,13
750,386,0.2668008495,19560496.0000000000,5
750,387,0.2281061147,17158704.0000000000,33
750,388,0.2302037914,17158704.0000000000,1
750,389,0.2325233476,17158704.0000000000,10
750,390,0.2680410201,19560496.0000000000,17
750,391,0.2664664046,19560496.0000000000,34
750,392,0.2675987002,19560496.0000000000,21
750,393,0.2671954719,19560496.0000000000,22
750,394,0.2663663554,19560496.0000000000,39
750,395,0.2669353081,19560496.0000000000,9
750,396,0.2665749186,19560496.0000000000,2
750,397,0.2659649692,19560496.0000000000,33
750,398,0.2677048795,19560496.0000000000,23
750,399,0.2667831442,19560496.0000000000,9
750,400,0.2673075924,19560496.0000000000,12
750,401,0.2676726680,19560496.0000000000,16
750,402,0.2314396557,17158704.0000000000,39
750,403,0.2288507330,17158704.0000000000,18
750,404,0.2300554241,17158704.0000000000,31
750,405,0.2665126979,19560496.0000000000,36
750,406,0.2663385824,19560496.0000000000,19
750,407,0.2665363045,19560496.0000000000,24
750,408,0.2661032506,19560496.0000000000,37
750,409,0.2666256921,19560496.0000000000,35
750,410,0.2674219112,19560496.0000000000,12
750,411,0.2665365197,19560496.0000000000,35
750,412,0.2669666014,19560496.0000000000,1
750,413,0.2658706718,19560496.0000000000,11
750,414,0.2672642201,19560496.0000000000,22
750,415,0.2679024483,19560496.0000000000,17
750,416,0.2672507188,19560496.0000000000,30
750,417,0.2279207611,17158704.0000000000,7
750,418,0.2308433715,17158704.0000000000,30
750,419,0.2299293964,17158704.0000000000,5
750,420,0.2028971323,14756912.0000000000,17
750,421,0.2024804140,14756912.0000000000,21
750,422,0.2018708023,14756912.0000000000,18
750,423,0.2027988844,14756912.0000000000,15
750,424,0.2030598817,14756912.0000000000,16
750,425,0.2030428522,14756912.0000000000,20
750,426,0.2016061877,14756912.0000000000,19
750,427,0.2020179565,14756912.0000000000,26
750,428,0.2016682490,14756912.0000000000,27
750,429,0.2020232367,14756912.0000000000,24
750,430,0.2016307160,14756912.0000000000,29
750,431,0.2025483510,14756912.0000000000,28
750,432,0.1854143653,12944944.0000000000,14
750,433,0.1862332816,12944944.0000000000,13
750,434,0.1860826221,12944944.0000000000,22
800,0,0.0637862510,86230880.0000000000,18
800,1,0.0640912320,85543248.0000000000,11
800,2,0.0637579900,84505408.0000000000,0
800,3,0.0629925820,83533968.0000000000,24
800,4,0.0635747220,83660240.0000000000,16
800,5,0.0670350420,85635632.0000000000,21
800,6,0.0691149420,86860800.0000000000,17
800,7,0.0677684880,86783280.0000000000,15
800,8,0.0675859450,86636384.0000000000,22
800,9,0.0684567870,88117296.0000000000,20
800,10,0.0704685310,90643792.0000000000,19
800,11,0.0727497700,93056912.0000000000,29
800,12,0.0658577260,82952496.0000000000,36
800,13,0.0638528930,81967392.0000000000,37
800,14,0.0617668270,80452144.0000000000,38
800,15,0.1166404950,152942128.0000000000,8
800,16,0.1192601690,153635968.0000000000,26
800,17,0.1203502890,152501520.0000000000,33
800,18,0.1206419260,151611920.0000000000,34
800,19,0.1217291710,152159472.0000000000,3
800,20,0.1251954850,154455136.0000000000,1
800,21,0.1272938770,155877280.0000000000,22
800,22,0.1271212910,155929024.0000000000,37
800,23,0.1269621830,155921136.0000000000,11
800,24,0.1280948520,157618480.0000000000,24
800,25,0.1302675610,160607312.0000000000,30
800,26,0.1278141820,160016624.0000000000,2
800,27,0.1075311400,136882000.0000000000,1
800,28,0.1046346850,135194608.0000000000,4
800,29,0.1033770850,134714016.0000000000,16
800,30,0.1138287550,153668368.0000000000,21
800,31,0.1139062920,153793792.0000000000,36
800,32,0.1139577760,153771248.0000000000,4
800,33,0.1139464420,153781472.0000000000,30
800,34,0.1140249910,153786032.0000000000,13
800,35,0.1140319990,153790464.0000000000,28
800,36,0.1139821780,153784720.0000000000,14
800,37,0.1139907260,153793232.0000000000,27
800,38,0.1141037810,153792448.0000000000,5
800,39,0.1139307410,153781216.0000000000,25
800,40,0.1139659320,153785056.0000000000,4
800,41,0.1138984510,153782080.0000000000,7
800,42,0.1009846670,134600448.0000000000,17
800,43,0.1009039600,134597280.0000000000,15
800,44,0.1006026790,134489792.0000000000,18
800,45,0.1138596450,153711472.0000000000,29
800,46,0.1138335080,153777920.0000000000,31
800,47,0.1139696420,153777168.0000000000,15
800,48,0.1138172650,153781024.0000000000,11
800,49,0.1138205260,153780496.0000000000,3
800,50,0.1138103150,153777408.0000000000,25
800,51,0.1137900880,153775392.0000000000,2
800,52,0.1139014630,153776288.0000000000,15
800,53,0.1139736930,153779120.0000000000,14
800,54,0.1137993670,153775888.0000000000,39
800,55,0.1140731840,153779536.0000000000,13
800,56,0.1138599680,153774912.0000000000,35
800,57,0.1005411920,134600064.0000000000,29
800,58,0.1007709670,134600816.0000000000,21
800,59,0.1005976560,134530944.0000000000,19
800,60,0.1138536940,153710352.0000000000,6
800,61,0.1140986410,153779872.0000000000,17
800,62,0.1138439730,153778544.0000000000,26
800,63,0.1137595650,153781040.0000000000,5
800,64,0.1139162870,153776304.0000000000,17
800,65,0.1137522640,153779680.0000000000,0
800,66,0.1139057510,153783536.0000000000,21
800,67,0.1137857980,153778896.0000000000,39
800,68,0.1138972060,153778640.0000000000,20
800,69,0.1140225340,153780464.0000000000,16
800,70,0.1140144390,153780784.0000000000,20
800,71,0.1137451520,153783168.0000000000,33
800,72,0.1007287570,134599344.0000000000,25
800,73,0.1006834830,134598176.0000000000,2
800,74,0.1006092730,134532288.0000000000,31
800,75,0.1138695440,153712144.0000000000,28
800,76,0.1139220120,153776224.0000000000,12
800,77,0.1137893460,153777712.0000000000,27
800,78,0.1138510680,153781408.0000000000,10
800,79,0.1138681600,153779424.0000000000,24
800,80,0.1138704610,153777328.0000000000,1
800,81,0.1140717470,153779008.0000000000,6
800,82,0.1140853270,153781632.0000000000,23
800,83,0.1139939510,153778480.0000000000,22
800,84,0.1138182860,153778848.0000000000,32
800,85,0.1139008950,153781136.0000000000,35
800,86,0.1138955420,153777280.0000000000,14
800,87,0.1005510280,134598320.0000000000,11
800,88,0.1006521700,134603968.0000000000,37
800,89,0.1006542970,134526880.0000000000,0
800,90,0.1138641960,153708416.0000000000,9
800,91,0.1138639140,153779760.0000000000,19
800,92,0.1138605230,153776096.0000000000,38
800,93,0.1138914560,153776880.0000000000,37
800,94,0.1138217410,153779632.0000000000,35
800,95,0.1137461550,153778176.0000000000,7
800,96,0.1137532200,153779120.0000000000,34
800,97,0.1137320090,153778928.0000000000,33
800,98,0.1139159130,153774512.0000000000,13
800,99,0.1138660880,153781280.0000000000,34
800,100,0.1137021930,153780656.0000000000,7
800,101,0.1137394580,153778256.0000000000,39
800,102,0.1007110810,134599616.0000000000,36
800,103,0.1006605470,134598656.0000000000,32
800,104,0.1006226220,134528912.0000000000,24
800,105,0.1138600030,153601856.0000000000,12
800,106,0.1139004640,153777840.0000000000,9
800,107,0.1138898110,153784080.0000000000,26
800,108,0.1138224650,153782576.0000000000,5
800,109,0.1139411440,153778416.0000000000,6
800,110,0.1139585900,153775168.0000000000,9
800,111,0.1139703620,153774912.0000000000,8
800,112,0.1139511530,153785904.0000000000,28
800,113,0.1138641170,153777648.0000000000,18
800,114,0.1137902900,153770272.0000000000,8
800,115,0.1139032810,153770720.0000000000,16
800,116,0.1139267150,153778688.0000000000,32
800,117,0.1005590380,134605904.0000000000,30
800,118,0.1007486130,134595296.0000000000,23
800,119,0.1006093770,134411376.0000000000,38
800,120,0.1137146220,153516944.0000000000,38
800,121,0.1139064700,153773856.0000000000,0
800,122,0.1140750640,153765024.0000000000,31
800,123,0.1139450770,153778640.0000000000,36
800,124,0.1141126270,153777968.0000000000,19
800,125,0.1138922270,153779776.0000000000,27
800,126,0.1137766970,153776608.0000000000,29
800,127,0.1140359620,153778416.0000000000,23
800,128,0.1138692750,153774848.0000000000,18
800,129,0.1139924170,153788816.0000000000,12
800,130,0.1139894990,153779200.0000000000,10
800,131,0.1139666940,153771168.0000000000,10
800,132,0.1008050090,134604096.0000000000,3
800,133,0.1009083290,134599488.0000000000,20
800,134,0.1008665080,134336144.0000000000,22
800,135,0.0200262880,33556224.0000000000,31
800,136,0.0200633180,33592848.0000000000,32
800,137,0.0200935190,33586880.0000000000,1
800,138,0.0200710030,33581280.0000000000,2
800,139,0.0200591720,33587856.0000000000,3
800,140,0.0201070710,33587968.0000000000,23
800,141,0.0200612540,33592752.0000000000,35
800,142,0.0202326940,33582848.0000000000,34
800,143,0.0199912790,33589424.0000000000,4
800,144,0.0200366210,33585296.0000000000,25
800,145,0.0200644700,33578144.0000000000,33
800,146,0.0199965780,33590608.0000000000,30
800,147,0.0185718090,29436480.0000000000,39
800,148,0.0187275530,29436272.0000000000,13
800,149,0.0186152370,29401952.0000000000,14
800,150,0.0081467340,19560496.0000000000,3
800,151,0.0081541470,19560496.0000000000,25
800,152,0.0081488470,19560496.0000000000,26
800,153,0.0081891300,19560496.0000000000,4
800,154,0.0081751500,19560496.0000000000,12
800,155,0.0082034110,19560496.0000000000,30
800,156,0.0081605330,19560496.0000000000,32
800,157,0.0081812220,19560496.0000000000,25
800,158,0.0081769680,19560496.0000000000,6
800,159,0.0081627550,19560496.0000000000,3
800,160,0.0081627430,19560496.0000000000,2
800,161,0.0081901840,19560496.0000000000,5
800,162,0.0070300520,17158704.0000000000,30
800,163,0.0069560880,17158704.0000000000,7
800,164,0.0070976550,17158704.0000000000,9
800,165,0.0081699300,19560496.0000000000,9
800,166,0.0082143110,19560496.0000000000,23
800,167,0.0081472240,19560496.0000000000,27
800,168,0.0081839940,19560496.0000000000,12
800,169,0.0081871890,19560496.0000000000,28
800,170,0.0081820170,19560496.0000000000,23
800,171,0.0081541150,19560496.0000000000,5
800,172,0.0081759400,19560496.0000000000,18
800,173,0.0081718920,19560496.0000000000,8
800,174,0.0081851070,19560496.0000000000,31
800,175,0.0081686000,19560496.0000000000,4
800,176,0.0081609210,19560496.0000000000,1
800,177,0.0069931530,17158704.0000000000,27
800,178,0.0070833690,17158704.0000000000,25
800,179,0.0070341240,17158704.0000000000,8
800,180,0.0081775740,19560496.0000000000,13
800,181,0.0081616630,19560496.0000000000,0
800,182,0.0081414030,19560496.0000000000,2
800,183,0.0082034530,19560496.0000000000,12
800,184,0.0081504410,19560496.0000000000,26
800,185,0.0081944950,19560496.0000000000,30
800,186,0.0081508120,19560496.0000000000,27
800,187,0.0081679860,19560496.0000000000,14
800,188,0.0081379460,19560496.0000000000,27
800,189,0.0081761110,19560496.0000000000,26
800,190,0.0082028430,19560496.0000000000,12
800,191,0.0081643230,19560496.0000000000,6
800,192,0.0070943690,17158704.0000000000,26
800,193,0.0071087490,17158704.0000000000,35
800,194,0.0071224220,17158704.0000000000,11
800,195,0.0082057580,19560496.0000000000,15
800,196,0.0081975780,19560496.0000000000,5
800,197,0.0081691670,19560496.0000000000,31
800,198,0.0081640930,19560496.0000000000,32
800,199,0.0081518860,19560496.0000000000,3
800,200,0.0081796560,19560496.0000000000,13
800,201,0.0081413690,19560496.0000000000,6
800,202,0.0081946730,19560496.0000000000,28
800,203,0.0081659270,19560496.0000000000,35
800,204,0.0081334020,19560496.0000000000,34
800,205,0.0081626050,19560496.0000000000,3
800,206,0.0081364950,19560496.0000000000,11
800,207,0.0070649450,17158704.0000000000,25
800,208,0.0069696840,17158704.0000000000,14
800,209,0.0071725890,17158704.0000000000,16
800,210,0.0081573820,19560496.0000000000,19
800,211,0.0081659720,19560496.0000000000,2
800,212,0.0081717010,19560496.0000000000,26
800,213,0.0081592480,19560496.0000000000,13
800,214,0.0081483460,19560496.0000000000,14
800,215,0.0081645310,19560496.0000000000,32
800,216,0.0081654530,19560496.0000000000,36
800,217,0.0081720620,19560496.0000000000,28
800,218,0.0082081530,19560496.0000000000,16
800,219,0.0081435900,19560496.0000000000,39
800,220,0.0081700080,19560496.0000000000,28
800,221,0.0081770290,19560496.0000000000,5
800,222,0.0070956060,17158704.0000000000,15
800,223,0.0071151360,17158704.0000000000,37
800,224,0.0071210910,17158704.0000000000,28
800,225,0.0081538110,19560496.0000000000,34
800,226,0.0081651860,19560496.0000000000,31
800,227,0.0081665990,19560496.0000000000,4
800,228,0.0081858270,19560496.0000000000,28
800,229,0.0081587260,19560496.0000000000,26
800,230,0.0081505810,19560496.0000000000,24
800,231,0.0081399960,19560496.0000000000,7
800,232,0.0082072520,19560496.0000000000,10
800,233,0.0081508670,19560496.0000000000,4
800,234,0.0081741160,19560496.0000000000,25
800,235,0.0081573010,19560496.0000000000,7
800,236,0.0082064970,19560496.0000000000,20
800,237,0.0071527520,17158704.0000000000,4
800,238,0.0070401960,17158704.0000000000,0
800,239,0.0070218300,17158704.0000000000,2
800,240,0.0081799120,19560496.0000000000,38
800,241,0.0081646210,19560496.0000000000,1
800,242,0.0081840820,19560496.0000000000,23
800,243,0.0081474470,19560496.0000000000,37
800,244,0.0081780360,19560496.0000000000,8
800,245,0.0081736920,19560496.0000000000,23
800,246,0.0081746580,19560496.0000000000,9
800,247,0.0081742060,19560496.0000000000,23
800,248,0.0081442120,19560496.0000000000,32
800,249,0.0081430170,19560496.0000000000,27
800,250,0.0081630790,19560496.0000000000,32
800,251,0.0081480530,19560496.0000000000,4
800,252,0.0070520200,17158704.0000000000,23
800,253,0.0070611930,17158704.0000000000,5
800,254,0.0071486750,17158704.0000000000,20
800,255,0.0081394860,19560496.0000000000,7
800,256,0.0081619440,19560496.0000000000,26
800,257,0.0081450940,19560496.0000000000,33
800,258,0.0081431000,19560496.0000000000,7
800,259,0.0081644420,19560496.0000000000,35
800,260,0.0086187030,19560496.0000000000,7
800,261,0.0081549320,19560496.0000000000,6
800,262,0.0081752070,19560496.0000000000,25
800,263,0.0081620850,19560496.0000000000,9
800,264,0.0081764450,19560496.0000000000,34
800,265,0.0081721620,19560496.0000000000,8
800,266,0.0081655540,19560496.0000000000,38
800,267,0.0070231820,17158704.0000000000,22
800,268,0.0071049180,17158704.0000000000,17
800,269,0.0070673280,17158704.0000000000,3
800,270,0.0081659930,19560496.0000000000,39
800,271,0.0081673700,19560496.0000000000,7
800,272,0.0081356830,19560496.0000000000,27
800,273,0.0081794490,19560496.0000000000,2
800,274,0.0081625740,19560496.0000000000,9
800,275,0.0081613720,19560496.0000000000,10
800,276,0.0081556160,19560496.0000000000,7
800,277,0.0081696050,19560496.0000000000,31
800,278,0.0081848080,19560496.0000000000,10
800,279,0.0081680160,19560496.0000000000,8
800,280,0.0081875730,19560496.0000000000,10
800,281,0.0081875810,19560496.0000000000,21
800,282,0.0071018420,17158704.0000000000,6
800,283,0.0070663830,17158704.0000000000,36
800,284,0.0070585220,17158704.0000000000,32
800,285,0.0081710760,19560496.0000000000,4
800,286,0.0081897140,19560496.0000000000,30
800,287,0.0081776090,19560496.0000000000,34
800,288,0.0081518140,19560496.0000000000,26
800,289,0.0081753990,19560496.0000000000,27
800,290,0.0081643070,19560496.0000000000,27
800,291,0.0081637820,19560496.0000000000,6
800,292,0.0081718000,19560496.0000000000,10
800,293,0.0081531580,19560496.0000000000,36
800,294,0.0081302310,19560496.0000000000,29
800,295,0.0081493100,19560496.0000000000,2
800,296,0.0081750750,19560496.0000000000,30
800,297,0.0070951790,17158704.0000000000,38
800,298,0.0070441930,17158704.0000000000,23
800,299,0.0071338010,17158704.0000000000,13
800,300,0.0081556840,19560496.0000000000,35
800,301,0.0081634300,19560496.0000000000,33
800,302,0.0081549430,19560496.0000000000,32
800,303,0.0081767780,19560496.0000000000,28
800,304,0.0081774900,19560496.0000000000,31
800,305,0.0081720690,19560496.0000000000,6
800,306,0.0081651500,19560496.0000000000,1
800,307,0.0081787600,19560496.0000000000,34
800,308,0.0081452700,19560496.0000000000,14
800,309,0.0081815280,19560496.0000000000,30
800,310,0.0081448090,19560496.0000000000,13
800,311,0.0081635480,19560496.0000000000,3
800,312,0.0070714220,17158704.0000000000,31
800,313,0.0070929170,17158704.0000000000,0
800,314,0.0069595680,17158704.0000000000,29
800,315,0.0081545890,19560496.0000000000,3
800,316,0.0081906980,19560496.0000000000,12
800,317,0.0081670330,19560496.0000000000,25
800,318,0.0081485550,19560496.0000000000,29
800,319,0.0081602900,19560496.0000000000,2
800,320,0.0081781200,19560496.0000000000,31
800,321,0.0081231710,19560496.0000000000,33
800,322,0.0081832500,19560496.0000000000,30
800,323,0.0081283420,19560496.0000000000,33
800,324,0.0081782160,19560496.0000000000,2
800,325,0.0081567540,19560496.0000000000,14
800,326,0.0081718460,19560496.0000000000,4
800,327,0.0070705350,17158704.0000000000,11
800,328,0.0069693890,17158704.0000000000,24
800,329,0.0070838550,17158704.0000000000,12
800,330,0.0081740470,19560496.0000000000,9
800,331,0.0081774920,19560496.0000000000,18
800,332,0.0081441080,19560496.0000000000,0
800,333,0.0081867290,19560496.0000000000,10
800,334,0.0081358280,19560496.0000000000,32
800,335,0.0081612420,19560496.0000000000,3
800,336,0.0081407980,19560496.0000000000,33
800,337,0.0081593970,19560496.0000000000,26
800,338,0.0081724490,19560496.0000000000,35
800,339,0.0081637610,19560496.0000000000,38
800,340,0.0081658650,19560496.0000000000,6
800,341,0.0081541970,19560496.0000000000,8
800,342,0.0070093630,17158704.0000000000,19
800,343,0.0071293000,17158704.0000000000,32
800,344,0.0071169940,17158704.0000000000,34
800,345,0.0081528750,19560496.0000000000,31
800,346,0.0081750600,19560496.0000000000,8
800,347,0.0081688780,19560496.0000000000,27
800,348,0.0082188320,19560496.0000000000,20
800,349,0.0081562770,19560496.0000000000,4
800,350,0.0081499290,19560496.0000000000,25
800,351,0.0081718550,19560496.0000000000,3
800,352,0.0081664870,19560496.0000000000,39
800,353,0.0081812630,19560496.0000000000,1
800,354,0.0082074680,19560496.0000000000,28
800,355,0.0081484570,19560496.0000000000,25
800,356,0.0082031620,19560496.0000000000,23
800,357,0.0071072290,17158704.0000000000,12
800,358,0.0070676680,17158704.0000000000,8
800,359,0.0071403070,17158704.0000000000,9
800,360,0.0081710250,19560496.0000000000,39
800,361,0.0081471450,19560496.0000000000,1
800,362,0.0081535620,19560496.0000000000,39
800,363,0.0081564060,19560496.0000000000,37
800,364,0.0081822840,19560496.0000000000,10
800,365,0.0081735120,19560496.0000000000,6
800,366,0.0081555810,19560496.0000000000,14
800,367,0.0081718650,19560496.0000000000,8
800,368,0.0081735230,19560496.0000000000,28
800,369,0.0081633370,19560496.0000000000,9
800,370,0.0081577250,19560496.0000000000,8
800,371,0.0081508520,19560496.0000000000,14
800,372,0.0070585700,17158704.0000000000,6
800,373,0.0070972360,17158704.0000000000,21
800,374,0.0070901310,17158704.0000000000,10
800,375,0.0081485510,19560496.0000000000,5
800,376,0.0081802270,19560496.0000000000,12
800,377,0.0081750580,19560496.0000000000,1
800,378,0.0082159380,19560496.0000000000,15
800,379,0.0081735750,19560496.0000000000,13
800,380,0.0081474500,19560496.0000000000,7
800,381,0.0081986860,19560496.0000000000,10
800,382,0.0081535300,19560496.0000000000,5
800,383,0.0081762150,19560496.0000000000,5
800,384,0.0081573720,19560496.0000000000,1
800,385,0.0081772320,19560496.0000000000,13
800,386,0.0081879170,19560496.0000000000,5
800,387,0.0069764860,17158704.0000000000,33
800,388,0.0070634300,17158704.0000000000,1
800,389,0.0070299460,17158704.0000000000,10
800,390,0.0082061880,19560496.0000000000,17
800,391,0.0081544430,19560496.0000000000,34
800,392,0.0081801960,19560496.0000000000,21
800,393,0.0081954560,19560496.0000000000,22
800,394,0.0081519570,19560496.0000000000,39
800,395,0.0081472580,19560496.0000000000,9
800,396,0.0081516850,19560496.0000000000,2
800,397,0.0081625480,19560496.0000000000,33
800,398,0.0081771190,19560496.0000000000,23
800,399,0.0081619550,19560496.0000000000,9
800,400,0.0081961080,19560496.0000000000,12
800,401,0.0081757180,19560496.0000000000,16
800,402,0.0070637770,17158704.0000000000,39
800,403,0.0069692260,17158704.0000000000,18
800,404,0.0070384810,17158704.0000000000,31
800,405,0.0081582870,19560496.0000000000,36
800,406,0.0081467230,19560496.0000000000,19
800,407,0.0081754600,19560496.0000000000,24
800,408,0.0081489810,19560496.0000000000,37
800,409,0.0081725380,19560496.0000000000,35
800,410,0.0081890370,19560496.0000000000,12
800,411,0.0081527990,19560496.0000000000,35
800,412,0.0081574240,19560496.0000000000,1
800,413,0.0081418740,19560496.0000000000,11
800,414,0.0081716320,19560496.0000000000,22
800,415,0.0081779560,19560496.0000000000,17
800,416,0.0081664110,19560496.0000000000,30
800,417,0.0069744030,17158704.0000000000,7
800,418,0.0070201860,17158704.0000000000,30
800,419,0.0070924940,17158704.0000000000,5
800,420,0.0062154160,14756912.0000000000,17
800,421,0.0061865080,14756912.0000000000,21
800,422,0.0061655810,14756912.0000000000,18
800,423,0.0062089270,14756912.0000000000,15
800,424,0.0062258070,14756912.0000000000,16
800,425,0.0062083010,14756912.0000000000,20
800,426,0.0061799080,14756912.0000000000,19
800,427,0.0061914750,14756912.0000000000,26
800,428,0.0061905940,14756912.0000000000,27
800,429,0.0061907930,14756912.0000000000,24
800,430,0.0061783870,14756912.0000000000,29
800,431,0.0061993600,14756912.0000000000,28
800,432,0.0056807280,12944944.0000000000,14
800,433,0.0057269870,12944944.0000000000,13
800,434,0.0057100710,12944944.0000000000,22
850,0,2.0583734033,86018448.0000000000,18
850,1,2.0704505827,85491744.0000000000,11
850,2,2.0554698815,84561072.0000000000,0
850,3,2.0241572062,83540192.0000000000,24
850,4,2.0414205468,83195584.0000000000,16
850,5,2.1402623507,85023216.0000000000,21
850,6,2.1937795895,86719248.0000000000,17
850,7,2.1803358435,86752144.0000000000,15
850,8,2.1797085085,86669584.0000000000,22
850,9,2.2318902909,88609264.0000000000,20
850,10,2.2710483552,90769568.0000000000,19
850,11,2.3221969770,92739184.0000000000,29
850,12,2.1183569762,82869088.0000000000,36
850,13,2.0625034918,82329824.0000000000,37
850,14,1.9953455117,80648592.0000000000,38
850,15,3.7632015983,152811648.0000000000,8
850,16,3.8415575779,153445296.0000000000,26
850,17,3.8633603703,152202960.0000000000,33
850,18,3.8858925389,151229472.0000000000,34
850,19,3.9185563608,151462992.0000000000,3
850,20,4.0153633612,153713664.0000000000,1
850,21,4.0981350149,155616816.0000000000,22
850,22,4.0934331290,155750448.0000000000,37
850,23,4.0911434119,155816896.0000000000,11
850,24,4.1264081267,158030160.0000000000,24
850,25,4.1996366446,160919792.0000000000,30
850,26,4.1538648263,161122176.0000000000,2
850,27,3.4882541513,137762544.0000000000,1
850,28,3.3744480451,135383776.0000000000,4
850,29,3.3364923202,134768896.0000000000,16
850,30,3.6676507102,153664432.0000000000,21
850,31,3.6684316018,153797840.0000000000,36
850,32,3.6704098228,153784496.0000000000,4
850,33,3.6711548057,153817872.0000000000,30
850,34,3.6773151945,153863344.0000000000,13
850,35,3.6800421376,153915200.0000000000,28
850,36,3.6861104960,153964480.0000000000,14
850,37,3.6853641768,153983856.0000000000,27
850,38,3.6823113539,153951712.0000000000,5
850,39,3.6753229758,153892912.0000000000,25
850,40,3.6731685299,153844864.0000000000,4
850,41,3.6709093105,153807456.0000000000,7
850,42,3.2473193957,134603136.0000000000,17
850,43,3.2471637028,134605712.0000000000,15
850,44,3.2388396981,134488000.0000000000,18
850,45,3.6598812029,153709248.0000000000,29
850,46,3.6638894501,153776432.0000000000,31
850,47,3.6679536339,153779680.0000000000,15
850,48,3.6616356434,153783424.0000000000,11
850,49,3.6632997379,153781136.0000000000,3
850,50,3.6626922936,153777360.0000000000,25
850,51,3.6661652415,153780704.0000000000,2
850,52,3.6688042243,153779792.0000000000,15
850,53,3.6657038336,153773808.0000000000,14
850,54,3.6624778348,153778336.0000000000,39
850,55,3.6668698517,153778832.0000000000,13
850,56,3.6644459329,153779424.0000000000,35
850,57,3.2360950970,134597808.0000000000,29
850,58,3.2435150486,134601392.0000000000,21
850,59,3.2370529984,134529088.0000000000,19
850,60,3.6653192295,153712800.0000000000,6
850,61,3.6684788860,153780416.0000000000,17
850,62,3.6645156159,153778880.0000000000,26
850,63,3.6629345566,153776880.0000000000,5
850,64,3.6675409801,153779232.0000000000,17
850,65,3.6643311585,153777392.0000000000,0
850,66,3.6668913744,153782224.0000000000,21
850,67,3.6612720519,153777552.0000000000,39
850,68,3.6677123346,153782336.0000000000,20
850,69,3.6687179299,153776544.0000000000,16
850,70,3.6669185140,153779968.0000000000,20
850,71,3.6618687071,153781920.0000000000,33
850,72,3.2411643247,134598016.0000000000,25
850,73,3.2402395538,134602464.0000000000,2
850,74,3.2369680903,134528384.0000000000,31
850,75,3.6639796692,153706896.0000000000,28
850,76,3.6677574459,153780720.0000000000,12
850,77,3.6636769011,153778112.0000000000,27
850,78,3.6659658630,153778336.0000000000,10
850,79,3.6638999101,153777280.0000000000,24
850,80,3.6666533426,153780032.0000000000,1
850,81,3.6651806591,153780272.0000000000,6
850,82,3.6689852386,153777264.0000000000,23
850,83,3.6671950201,153781040.0000000000,22
850,84,3.6647830859,153776896.0000000000,32
850,85,3.6634049624,153777984.0000000000,35
850,86,3.6660898621,153779216.0000000000,14
850,87,3.2379419405,134602576.0000000000,11
850,88,3.2394515344,134598352.0000000000,37
850,89,3.2399031056,134530560.0000000000,0
850,90,3.6636150444,153708624.0000000000,9
850,91,3.6646519098,153778032.0000000000,19
850,92,3.6640572626,153775984.0000000000,38
850,93,3.6621614280,153778336.0000000000,37
850,94,3.6631793654,153782384.0000000000,35
850,95,3.6627855465,153777808.0000000000,7
850,96,3.6642877790,153776064.0000000000,34
850,97,3.6618688396,153782208.0000000000,33
850,98,3.6664162274,153778448.0000000000,13
850,99,3.6635299746,153783328.0000000000,34
850,100,3.6624933332,153778752.0000000000,7
850,101,3.6619708950,153777424.0000000000,39
850,102,3.2413615562,134600832.0000000000,36
850,103,3.2419177902,134598448.0000000000,32
850,104,3.2378609599,134525072.0000000000,24
850,105,3.6648303245,153591408.0000000000,12
850,106,3.6653571667,153774912.0000000000,9
850,107,3.6667531229,153784832.0000000000,26
850,108,3.6653072386,153781248.0000000000,5
850,109,3.6668847845,153778096.0000000000,6
850,110,3.6653542908,153776048.0000000000,9
850,111,3.6652301604,153776144.0000000000,8
850,112,3.6672010193,153786528.0000000000,28
850,113,3.6665736222,153779568.0000000000,18
850,114,3.6647310574,153767552.0000000000,8
850,115,3.6703586189,153768800.0000000000,16
850,116,3.6661215778,153781696.0000000000,32
850,117,3.2395094082,134605056.0000000000,30
850,118,3.2440296353,134597872.0000000000,23
850,119,3.2399890684,134404432.0000000000,38
850,120,3.6606158269,153503312.0000000000,38
850,121,3.6664939863,153774704.0000000000,0
850,122,3.6645305914,153765104.0000000000,31
850,123,3.6662048914,153778704.0000000000,36
850,124,3.6673399314,153782688.0000000000,19
850,125,3.6661237912,153780400.0000000000,27
850,126,3.6617817655,153771440.0000000000,29
850,127,3.6697140091,153779056.0000000000,23
850,128,3.6661447313,153776128.0000000000,18
850,129,3.6691786885,153788896.0000000000,12
850,130,3.6668177793,153782432.0000000000,10
850,131,3.6664404335,153770592.0000000000,10
850,132,3.2443609928,134604720.0000000000,3
850,133,3.2475065632,134597984.0000000000,20
850,134,3.2423731705,134322128.0000000000,22
850,135,0.6482164082,33552960.0000000000,31
850,136,0.6488302609,33594224.0000000000,32
850,137,0.6495944994,33588784.0000000000,1
850,138,0.6488827690,33582048.0000000000,2
850,139,0.6487905131,33586176.0000000000,3
850,140,0.6502040753,33586480.0000000000,23
850,141,0.6492084180,33594944.0000000000,35
850,142,0.6492905392,33584000.0000000000,34
850,143,0.6490145572,33587440.0000000000,4
850,144,0.6495430786,33583824.0000000000,25
850,145,0.6479550013,33579920.0000000000,33
850,146,0.6497979967,33591920.0000000000,30
850,147,0.6050971522,29435264.0000000000,39
850,148,0.6072606099,29435744.0000000000,13
850,149,0.6037807268,29400752.0000000000,14
850,150,0.2667320293,19560496.0000000000,3
850,151,0.2663658701,19560496.0000000000,25
850,152,0.2665957252,19560496.0000000000,26
850,153,0.2668743770,19560496.0000000000,4
850,154,0.2674897519,19560496.0000000000,12
850,155,0.2672289481,19560496.0000000000,30
850,156,0.2666268854,19560496.0000000000,32
850,157,0.2665909807,19560496.0000000000,25
850,158,0.2667117417,19560496.0000000000,6
850,159,0.2667232234,19560496.0000000000,3
850,160,0.2665551669,19560496.0000000000,2
850,161,0.2669189600,19560496.0000000000,5
850,162,0.2310963406,17158704.0000000000,30
850,163,0.2282076272,17158704.0000000000,7
850,164,0.2330353524,17158704.0000000000,9
850,165,0.2668653421,19560496.0000000000,9
850,166,0.2676216089,19560496.0000000000,23
850,167,0.2665320305,19560496.0000000000,27
850,168,0.2673774935,19560496.0000000000,12
850,169,0.2674581702,19560496.0000000000,28
850,170,0.2675367638,19560496.0000000000,23
850,171,0.2667756748,19560496.0000000000,5
850,172,0.2668345781,19560496.0000000000,18
850,173,0.2670245835,19560496.0000000000,8
850,174,0.2667758079,19560496.0000000000,31
850,175,0.2670767708,19560496.0000000000,4
850,176,0.2668129452,19560496.0000000000,1
850,177,0.2282686894,17158704.0000000000,27
850,178,0.2313577336,17158704.0000000000,25
850,179,0.2320837387,17158704.0000000000,8
850,180,0.2668223189,19560496.0000000000,13
850,181,0.2662436715,19560496.0000000000,0
850,182,0.2666429726,19560496.0000000000,2
850,183,0.2674687301,19560496.0000000000,12
850,184,0.2666048573,19560496.0000000000,26
850,185,0.2673509641,19560496.0000000000,30
850,186,0.2665297759,19560496.0000000000,27
850,187,0.2665964205,19560496.0000000000,14
850,188,0.2663838993,19560496.0000000000,27
850,189,0.2665909262,19560496.0000000000,26
850,190,0.2674795201,19560496.0000000000,12
850,191,0.2667667412,19560496.0000000000,6
850,192,0.2322731937,17158704.0000000000,26
850,193,0.2309395882,17158704.0000000000,35
850,194,0.2305631740,17158704.0000000000,11
850,195,0.2680422933,19560496.0000000000,15
850,196,0.2669034746,19560496.0000000000,5
850,197,0.2669255355,19560496.0000000000,31
850,198,0.2666918161,19560496.0000000000,32
850,199,0.2666767567,19560496.0000000000,3
850,200,0.2668369905,19560496.0000000000,13
850,201,0.2665782477,19560496.0000000000,6
850,202,0.2674100456,19560496.0000000000,28
850,203,0.2667914956,19560496.0000000000,35
850,204,0.2665599838,19560496.0000000000,34
850,205,0.2665666197,19560496.0000000000,3
850,206,0.2659186496,19560496.0000000000,11
850,207,0.2315353318,17158704.0000000000,25
850,208,0.2292109897,17158704.0000000000,14
850,209,0.2320968022,17158704.0000000000,16
850,210,0.2662704363,19560496.0000000000,19
850,211,0.2664625115,19560496.0000000000,2
850,212,0.2667068057,19560496.0000000000,26
850,213,0.2667944311,19560496.0000000000,13
850,214,0.2663242472,19560496.0000000000,14
850,215,0.2666096786,19560496.0000000000,32
850,216,0.2666053584,19560496.0000000000,36
850,217,0.2673849841,19560496.0000000000,28
850,218,0.2676214237,19560496.0000000000,16
850,219,0.2663160631,19560496.0000000000,39
850,220,0.2673864753,19560496.0000000000,28
850,221,0.2668477430,19560496.0000000000,5
850,222,0.2327166209,17158704.0000000000,15
850,223,0.2315134738,17158704.0000000000,37
850,224,0.2325522643,17158704.0000000000,28
850,225,0.2664064420,19560496.0000000000,34
850,226,0.2668495626,19560496.0000000000,31
850,227,0.2667699055,19560496.0000000000,4
850,228,0.2672865121,19560496.0000000000,28
850,229,0.2664951412,19560496.0000000000,26
850,230,0.2665272130,19560496.0000000000,24
850,231,0.2660114810,19560496.0000000000,7
850,232,0.2673778840,19560496.0000000000,10
850,233,0.2666678659,19560496.0000000000,4
850,234,0.2666545114,19560496.0000000000,25
850,235,0.2660233557,19560496.0000000000,7
850,236,0.2677700495,19560496.0000000000,20
850,237,0.2314495172,17158704.0000000000,4
850,238,0.2302201841,17158704.0000000000,0
850,239,0.2300094406,17158704.0000000000,2
850,240,0.2671489586,19560496.0000000000,38
850,241,0.2668939374,19560496.0000000000,1
850,242,0.2675735709,19560496.0000000000,23
850,243,0.2662759364,19560496.0000000000,37
850,244,0.2670344946,19560496.0000000000,8
850,245,0.2675737793,19560496.0000000000,23
850,246,0.2668159197,19560496.0000000000,9
850,247,0.2675761698,19560496.0000000000,23
850,248,0.2665354248,19560496.0000000000,32
850,249,0.2663605048,19560496.0000000000,27
850,250,0.2665427926,19560496.0000000000,32
850,251,0.2668093163,19560496.0000000000,4
850,252,0.2303090406,17158704.0000000000,23
850,253,0.2301561421,17158704.0000000000,5
850,254,0.2330049034,17158704.0000000000,20
850,255,0.2660897218,19560496.0000000000,7
850,256,0.2664755049,19560496.0000000000,26
850,257,0.2660222365,19560496.0000000000,33
850,258,0.2659339861,19560496.0000000000,7
850,259,0.2664858947,19560496.0000000000,35
850,260,0.2660326729,19560496.0000000000,7
850,261,0.2667578324,19560496.0000000000,6
850,262,0.2664075531,19560496.0000000000,25
850,263,0.2667362690,19560496.0000000000,9
850,264,0.2665292695,19560496.0000000000,34
850,265,0.2667816332,19560496.0000000000,8
850,266,0.2672841135,19560496.0000000000,38
850,267,0.2303923330,17158704.0000000000,22
850,268,0.2325500952,17158704.0000000000,17
850,269,0.2330856518,17158704.0000000000,3
850,270,0.2664351965,19560496.0000000000,39
850,271,0.2659751885,19560496.0000000000,7
850,272,0.2662814149,19560496.0000000000,27
850,273,0.2667009631,19560496.0000000000,2
850,274,0.2668217343,19560496.0000000000,9
850,275,0.2671524212,19560496.0000000000,10
850,276,0.2659580793,19560496.0000000000,7
850,277,0.2668478059,19560496.0000000000,31
850,278,0.2672133885,19560496.0000000000,10
850,279,0.2669908526,19560496.0000000000,8
850,280,0.2672108522,19560496.0000000000,10
850,281,0.2676986679,19560496.0000000000,21
850,282,0.2315566168,17158704.0000000000,6
850,283,0.2320062186,17158704.0000000000,36
850,284,0.2317475984,17158704.0000000000,32
850,285,0.2669122928,19560496.0000000000,4
850,286,0.2674085814,19560496.0000000000,30
850,287,0.2664094958,19560496.0000000000,34
850,288,0.2664541081,19560496.0000000000,26
850,289,0.2663106373,19560496.0000000000,27
850,290,0.2665470170,19560496.0000000000,27
850,291,0.2666169574,19560496.0000000000,6
850,292,0.2672854024,19560496.0000000000,10
850,293,0.2665621469,19560496.0000000000,36
850,294,0.2662732530,19560496.0000000000,29
850,295,0.2665882668,19560496.0000000000,2
850,296,0.2671187312,19560496.0000000000,30
850,297,0.2323053913,17158704.0000000000,38
850,298,0.2301880658,17158704.0000000000,23
850,299,0.2323642515,17158704.0000000000,13
850,300,0.2668789485,19560496.0000000000,35
850,301,0.2660094632,19560496.0000000000,33
850,302,0.2665956790,19560496.0000000000,32
850,303,0.2673443210,19560496.0000000000,28
850,304,0.2668427730,19560496.0000000000,31
850,305,0.2668296440,19560496.0000000000,6
850,306,0.2667274202,19560496.0000000000,1
850,307,0.2665191000,19560496.0000000000,34
850,308,0.2663806497,19560496.0000000000,14
850,309,0.2673632951,19560496.0000000000,30
850,310,0.2667457178,19560496.0000000000,13
850,311,0.2667437307,19560496.0000000000,3
850,312,0.2300683252,17158704.0000000000,31
850,313,0.2303799299,17158704.0000000000,0
850,314,0.2286894235,17158704.0000000000,29
850,315,0.2667984479,19560496.0000000000,3
850,316,0.2674761341,19560496.0000000000,12
850,317,0.2664670242,19560496.0000000000,25
850,318,0.2662033456,19560496.0000000000,29
850,319,0.2667094682,19560496.0000000000,2
850,320,0.2667917752,19560496.0000000000,31
850,321,0.2660248291,19560496.0000000000,33
850,322,0.2672949705,19560496.0000000000,30
850,323,0.2659134675,19560496.0000000000,33
850,324,0.2666053642,19560496.0000000000,2
850,325,0.2663454360,19560496.0000000000,14
850,326,0.2668362732,19560496.0000000000,4
850,327,0.2303431896,17158704.0000000000,11
850,328,0.2288413008,17158704.0000000000,24
850,329,0.2327779442,17158704.0000000000,12
850,330,0.2667798018,19560496.0000000000,9
850,331,0.2669370808,19560496.0000000000,18
850,332,0.2663941304,19560496.0000000000,0
850,333,0.2671141465,19560496.0000000000,10
850,334,0.2665826288,19560496.0000000000,32
850,335,0.2668044101,19560496.0000000000,3
850,336,0.2659710205,19560496.0000000000,33
850,337,0.2663574163,19560496.0000000000,26
850,338,0.2667159949,19560496.0000000000,35
850,339,0.2669108636,19560496.0000000000,38
850,340,0.2669399605,19560496.0000000000,6
850,341,0.2667813372,19560496.0000000000,8
850,342,0.2296348926,17158704.0000000000,19
850,343,0.2321192389,17158704.0000000000,32
850,344,0.2312648985,17158704.0000000000,34
850,345,0.2668211635,19560496.0000000000,31
850,346,0.2687876900,19560496.0000000000,8
850,347,0.2664640322,19560496.0000000000,27
850,348,0.2676434604,19560496.0000000000,20
850,349,0.2668559514,19560496.0000000000,4
850,350,0.2664265960,19560496.0000000000,25
850,351,0.2667566358,19560496.0000000000,3
850,352,0.2663296010,19560496.0000000000,39
850,353,0.2668914559,19560496.0000000000,1
850,354,0.2674211039,19560496.0000000000,28
850,355,0.2664854125,19560496.0000000000,25
850,356,0.2677633086,19560496.0000000000,23
850,357,0.2326568353,17158704.0000000000,12
850,358,0.2314879925,17158704.0000000000,8
850,359,0.2333432201,17158704.0000000000,9
850,360,0.2663275960,19560496.0000000000,39
850,361,0.2667524965,19560496.0000000000,1
850,362,0.2660745604,19560496.0000000000,39
850,363,0.2662416518,19560496.0000000000,37
850,364,0.2673790229,19560496.0000000000,10
850,365,0.2668128096,19560496.0000000000,6
850,366,0.2664905153,19560496.0000000000,14
850,367,0.2669997271,19560496.0000000000,8
850,368,0.2673806290,19560496.0000000000,28
850,369,0.2668164287,19560496.0000000000,9
850,370,0.2667672452,19560496.0000000000,8
850,371,0.2665041821,19560496.0000000000,14
850,372,0.2312867714,17158704.0000000000,6
850,373,0.2321618364,17158704.0000000000,21
850,374,0.2330494931,17158704.0000000000,10
850,375,0.2668845309,19560496.0000000000,5
850,376,0.2675135883,19560496.0000000000,12
850,377,0.2669211471,19560496.0000000000,1
850,378,0.2681352467,19560496.0000000000,15
850,379,0.2667478471,19560496.0000000000,13
850,380,0.2659237933,19560496.0000000000,7
850,381,0.2672679574,19560496.0000000000,10
850,382,0.2668588942,19560496.0000000000,5
850,383,0.2666987701,19560496.0000000000,5
850,384,0.2668840558,19560496.0000000000,1
850,385,0.2669387265,19560496.0000000000,13
850,386,0.2667449615,19560496.0000000000,5
850,387,0.2280660009,17158704.0000000000,33
850,388,0.2303014065,17158704.0000000000,1
850,389,0.2318588922,17158704.0000000000,10
850,390,0.2679887184,19560496.0000000000,17
850,391,0.2666762023,19560496.0000000000,34
850,392,0.2675547685,19560496.0000000000,21
850,393,0.2673341940,19560496.0000000000,22
850,394,0.2662892093,19560496.0000000000,39
850,395,0.2669953415,19560496.0000000000,9
850,396,0.2667480498,19560496.0000000000,2
850,397,0.2659576240,19560496.0000000000,33
850,398,0.2676743167,19560496.0000000000,23
850,399,0.2667446719,19560496.0000000000,9
850,400,0.2675367326,19560496.0000000000,12
850,401,0.2677588877,19560496.0000000000,16
850,402,0.2309662837,17158704.0000000000,39
850,403,0.2292545874,17158704.0000000000,18
850,404,0.2297747778,17158704.0000000000,31
850,405,0.2665579658,19560496.0000000000,36
850,406,0.2663366124,19560496.0000000000,19
850,407,0.2666255572,19560496.0000000000,24
850,408,0.2661023000,19560496.0000000000,37
850,409,0.2665864723,19560496.0000000000,35
850,410,0.2673605650,19560496.0000000000,12
850,411,0.2665723204,19560496.0000000000,35
850,412,0.2669194303,19560496.0000000000,1
850,413,0.2658101783,19560496.0000000000,11
850,414,0.2672854172,19560496.0000000000,22
850,415,0.2679785477,19560496.0000000000,17
850,416,0.2671265068,19560496.0000000000,30
850,417,0.2279828180,17158704.0000000000,7
850,418,0.2307488049,17158704.0000000000,30
850,419,0.2303260682,17158704.0000000000,5
850,420,0.2029219622,14756912.0000000000,17
850,421,0.2023915250,14756912.0000000000,21
850,422,0.2019893566,14756912.0000000000,18
850,423,0.2028087388,14756912.0000000000,15
850,424,0.2030708437,14756912.0000000000,16
850,425,0.2029407126,14756912.0000000000,20
850,426,0.2015938841,14756912.0000000000,19
850,427,0.2021047939,14756912.0000000000,26
850,428,0.2016484738,14756912.0000000000,27
850,429,0.2019582325,14756912.0000000000,24
850,430,0.2015163367,14756912.0000000000,29
850,431,0.2024667323,14756912.0000000000,28
850,432,0.1854736827,12944944.0000000000,14
850,433,0.1861031161,12944944.0000000000,13
850,434,0.1859762344,12944944.0000000000,22
900,0,0.0641552480,85760960.0000000000,18
900,1,0.0646749410,85423744.0000000000,11
900,2,0.0642956600,84632640.0000000000,0
900,3,0.0640033700,83693968.0000000000,24
900,4,0.0635910280,82873488.0000000000,16
900,5,0.0653861090,84286512.0000000000,21
900,6,0.0671157090,86383040.0000000000,17
900,7,0.0674928860,86694000.0000000000,15
900,8,0.0682948120,86890672.0000000000,22
900,9,0.0695800610,88954384.0000000000,20
900,10,0.0706401760,90766976.0000000000,19
900,11,0.0720460520,92439680.0000000000,29
900,12,0.0661707320,83023328.0000000000,36
900,13,0.0655556080,82738848.0000000000,37
900,14,0.0623978300,80911792.0000000000,38
900,15,0.1172558030,152613968.0000000000,8
900,16,0.1198090870,153158816.0000000000,26
900,17,0.1200229350,151811584.0000000000,33
900,18,0.1198304850,150731104.0000000000,34
900,19,0.1200758530,150486512.0000000000,3
900,20,0.1226817650,152239616.0000000000,1
900,21,0.1255166740,154335488.0000000000,22
900,22,0.1257088090,154704752.0000000000,37
900,23,0.1256036490,155127424.0000000000,11
900,24,0.1280350280,157812848.0000000000,24
900,25,0.1308037200,160912128.0000000000,30
900,26,0.1310483460,161980656.0000000000,2
900,27,0.1097847910,138513728.0000000000,1
900,28,0.1055634340,135617744.0000000000,4
900,29,0.1042509500,134819520.0000000000,16
900,30,0.1141096540,153665360.0000000000,21
900,31,0.1143090780,153816304.0000000000,36
900,32,0.1145846370,153870960.0000000000,4
900,33,0.1155809230,154036608.0000000000,30
900,34,0.1161651700,154352672.0000000000,13
900,35,0.1166827150,154756880.0000000000,28
900,36,0.1168464330,155094560.0000000000,14
900,37,0.1170234170,155209360.0000000000,27
900,38,0.1167471940,154996000.0000000000,5
900,39,0.1165387710,154601088.0000000000,25
900,40,0.1160217240,154212896.0000000000,4
900,41,0.1152899740,153965936.0000000000,7
900,42,0.1011432650,134654432.0000000000,17
900,43,0.1010105060,134620736.0000000000,15
900,44,0.1007049680,134491328.0000000000,18
900,45,0.1137099910,153708304.0000000000,29
900,46,0.1139536110,153775968.0000000000,31
900,47,0.1140067150,153779824.0000000000,15
900,48,0.1137853320,153779600.0000000000,11
900,49,0.1138583360,153775648.0000000000,3
900,50,0.1138066160,153782240.0000000000,25
900,51,0.1138672750,153779360.0000000000,2
900,52,0.1139626810,153781136.0000000000,15
900,53,0.1139015730,153779120.0000000000,14
900,54,0.1136915740,153779744.0000000000,39
900,55,0.1138289130,153779008.0000000000,13
900,56,0.1140146250,153774560.0000000000,35
900,57,0.1004538530,134598272.0000000000,29
900,58,0.1007465570,134600816.0000000000,21
900,59,0.1005959070,134527536.0000000000,19
900,60,0.1138757120,153709488.0000000000,6
900,61,0.1139614170,153778016.0000000000,17
900,62,0.1138747210,153778144.0000000000,26
900,63,0.1138209970,153779440.0000000000,5
900,64,0.1139442710,153782256.0000000000,17
900,65,0.1138469240,153776368.0000000000,0
900,66,0.1138670780,153780016.0000000000,21
900,67,0.1137737920,153776960.0000000000,39
900,68,0.1139285550,153778256.0000000000,20
900,69,0.1139183820,153779120.0000000000,16
900,70,0.1139281770,153779952.0000000000,20
900,71,0.1137205030,153781328.0000000000,33
900,72,0.1007057800,134600304.0000000000,25
900,73,0.1005531740,134600720.0000000000,2
900,74,0.1006040460,134526064.0000000000,31
900,75,0.1138437180,153706112.0000000000,28
900,76,0.1138797300,153779568.0000000000,12
900,77,0.1138376400,153780080.0000000000,27
900,78,0.1138805480,153780208.0000000000,10
900,79,0.1137645880,153774736.0000000000,24
900,80,0.1138974320,153776896.0000000000,1
900,81,0.1139505960,153778768.0000000000,6
900,82,0.1139370930,153777888.0000000000,23
900,83,0.1139035070,153778512.0000000000,22
900,84,0.1138175830,153780912.0000000000,32
900,85,0.1137635390,153775808.0000000000,35
900,86,0.1137881850,153776320.0000000000,14
900,87,0.1005557960,134602016.0000000000,11
900,88,0.1006369760,134596320.0000000000,37
900,89,0.1006138790,134529456.0000000000,0
900,90,0.1138099300,153708944.0000000000,9
900,91,0.1138045420,153778784.0000000000,19
900,92,0.1138394490,153780464.0000000000,38
900,93,0.1136752630,153779168.0000000000,37
900,94,0.1138599740,153778368.0000000000,35
900,95,0.1138203570,153778592.0000000000,7
900,96,0.1138781410,153778496.0000000000,34
900,97,0.1137242540,153780064.0000000000,33
900,98,0.1139530120,153778272.0000000000,13
900,99,0.1138520390,153778080.0000000000,34
900,100,0.1138765770,153780064.0000000000,7
900,101,0.1137556160,153781312.0000000000,39
900,102,0.1007521710,134600208.0000000000,36
900,103,0.1008000320,134598016.0000000000,32
900,104,0.1006472490,134526256.0000000000,24
900,105,0.1138227720,153579904.0000000000,12
900,106,0.1138385530,153775424.0000000000,9
900,107,0.1139598940,153785696.0000000000,26
900,108,0.1138960720,153781472.0000000000,5
900,109,0.1139004000,153778064.0000000000,6
900,110,0.1138872300,153772768.0000000000,9
900,111,0.1138527810,153776576.0000000000,8
900,112,0.1139078730,153789872.0000000000,28
900,113,0.1138791860,153777376.0000000000,18
900,114,0.1138893520,153766464.0000000000,8
900,115,0.1140454590,153767792.0000000000,16
900,116,0.1139101000,153784016.0000000000,32
900,117,0.1006209560,134601616.0000000000,30
900,118,0.1007276900,134599040.0000000000,23
900,119,0.1005933030,134394928.0000000000,38
900,120,0.1137310290,153485840.0000000000,38
900,121,0.1138671150,153776848.0000000000,0
900,122,0.1138522560,153761056.0000000000,31
900,123,0.1139881080,153774896.0000000000,36
900,124,0.1139703310,153787248.0000000000,19
900,125,0.1139534130,153778208.0000000000,27
900,126,0.1137398160,153770976.0000000000,29
900,127,0.1140912910,153782048.0000000000,23
900,128,0.1139640320,153773584.0000000000,18
900,129,0.1139792330,153787584.0000000000,12
900,130,0.1139131190,153779600.0000000000,10
900,131,0.1139003650,153770144.0000000000,10
900,132,0.1008189360,134609856.0000000000,3
900,133,0.1008932920,134592608.0000000000,20
900,134,0.1001127930,134303296.0000000000,22
900,135,0.0200005180,33549184.0000000000,31
900,136,0.0200499600,33592816.0000000000,32
900,137,0.0200315360,33590000.0000000000,1
900,138,0.0200550500,33582384.0000000000,2
900,139,0.0200096920,33585984.0000000000,3
900,140,0.0200352350,33585936.0000000000,23
900,141,0.0200559460,33595696.0000000000,35
900,142,0.0200423590,33582736.0000000000,34
900,143,0.0200813940,33589744.0000000000,4
900,144,0.0200246570,33586352.0000000000,25
900,145,0.0199950660,33581024.0000000000,33
900,146,0.0200301840,33591376.0000000000,30
900,147,0.0186226860,29435456.0000000000,39
900,148,0.0187100220,29436544.0000000000,13
900,149,0.0186460370,29399408.0000000000,14
900,150,0.0081610910,19560496.0000000000,3
900,151,0.0081389690,19560496.0000000000,25
900,152,0.0081841270,19560496.0000000000,26
900,153,0.0081723580,19560496.0000000000,4
900,154,0.0081719620,19560496.0000000000,12
900,155,0.0081555580,19560496.0000000000,30
900,156,0.0081787390,19560496.0000000000,32
900,157,0.0081630770,19560496.0000000000,25
900,158,0.0081695130,19560496.0000000000,6
900,159,0.0081677440,19560496.0000000000,3
900,160,0.0081601510,19560496.0000000000,2
900,161,0.0081900910,19560496.0000000000,5
900,162,0.0071356780,17158704.0000000000,30
900,163,0.0070665640,17158704.0000000000,7
900,164,0.0070938100,17158704.0000000000,9
900,165,0.0081480570,19560496.0000000000,9
900,166,0.0081978090,19560496.0000000000,23
900,167,0.0081444400,19560496.0000000000,27
900,168,0.0081862210,19560496.0000000000,12
900,169,0.0081806880,19560496.0000000000,28
900,170,0.0081872390,19560496.0000000000,23
900,171,0.0081695130,19560496.0000000000,5
900,172,0.0081780420,19560496.0000000000,18
900,173,0.0081759320,19560496.0000000000,8
900,174,0.0081772820,19560496.0000000000,31
900,175,0.0081643720,19560496.0000000000,4
900,176,0.0081728330,19560496.0000000000,1
900,177,0.0069656200,17158704.0000000000,27
900,178,0.0070385430,17158704.0000000000,25
900,179,0.0071071040,17158704.0000000000,8
900,180,0.0081707600,19560496.0000000000,13
900,181,0.0081270450,19560496.0000000000,0
900,182,0.0081488780,19560496.0000000000,2
900,183,0.0081870230,19560496.0000000000,12
900,184,0.0081619440,19560496.0000000000,26
900,185,0.0081854770,19560496.0000000000,30
900,186,0.0081422150,19560496.0000000000,27
900,187,0.0081547510,19560496.0000000000,14
900,188,0.0081524350,19560496.0000000000,27
900,189,0.0081847870,19560496.0000000000,26
900,190,0.0081795890,19560496.0000000000,12
900,191,0.0081682520,19560496.0000000000,6
900,192,0.0071326830,17158704.0000000000,26
900,193,0.0070836120,17158704.0000000000,35
900,194,0.0070373510,17158704.0000000000,11
900,195,0.0081815100,19560496.0000000000,15
900,196,0.0081559370,19560496.0000000000,5
900,197,0.0081720790,19560496.0000000000,31
900,198,0.0081648740,19560496.0000000000,32
900,199,0.0081717430,19560496.0000000000,3
900,200,0.0081698900,19560496.0000000000,13
900,201,0.0081747450,19560496.0000000000,6
900,202,0.0081687650,19560496.0000000000,28
900,203,0.0081531000,19560496.0000000000,35
900,204,0.0081840620,19560496.0000000000,34
900,205,0.0081851590,19560496.0000000000,3
900,206,0.0081451930,19560496.0000000000,11
900,207,0.0071343690,17158704.0000000000,25
900,208,0.0069644610,17158704.0000000000,14
900,209,0.0070485000,17158704.0000000000,16
900,210,0.0081607490,19560496.0000000000,19
900,211,0.0081711600,19560496.0000000000,2
900,212,0.0081535510,19560496.0000000000,26
900,213,0.0081797770,19560496.0000000000,13
900,214,0.0081627140,19560496.0000000000,14
900,215,0.0081536500,19560496.0000000000,32
900,216,0.0081838770,19560496.0000000000,36
900,217,0.0081968390,19560496.0000000000,28
900,218,0.0081934120,19560496.0000000000,16
900,219,0.0081367870,19560496.0000000000,39
900,220,0.0081897840,19560496.0000000000,28
900,221,0.0081779990,19560496.0000000000,5
900,222,0.0071790890,17158704.0000000000,15
900,223,0.0071034760,17158704.0000000000,37
900,224,0.0070116880,17158704.0000000000,28
900,225,0.0081551830,19560496.0000000000,34
900,226,0.0081601380,19560496.0000000000,31
900,227,0.0081650430,19560496.0000000000,4
900,228,0.0081827920,19560496.0000000000,28
900,229,0.0081494200,19560496.0000000000,26
900,230,0.0081613930,19560496.0000000000,24
900,231,0.0081511280,19560496.0000000000,7
900,232,0.0082035760,19560496.0000000000,10
900,233,0.0081866670,19560496.0000000000,4
900,234,0.0081546890,19560496.0000000000,25
900,235,0.0081411580,19560496.0000000000,7
900,236,0.0081837720,19560496.0000000000,20
900,237,0.0070665230,17158704.0000000000,4
900,238,0.0070506740,17158704.0000000000,0
900,239,0.0070177020,17158704.0000000000,2
900,240,0.0081812430,19560496.0000000000,38
900,241,0.0081704280,19560496.0000000000,1
900,242,0.0081867480,19560496.0000000000,23
900,243,0.0081544530,19560496.0000000000,37
900,244,0.0081589890,19560496.0000000000,8
900,245,0.0081622610,19560496.0000000000,23
900,246,0.0081747580,19560496.0000000000,9
900,247,0.0082001640,19560496.0000000000,23
900,248,0.0081799620,19560496.0000000000,32
900,249,0.0081407420,19560496.0000000000,27
900,250,0.0081777660,19560496.0000000000,32
900,251,0.0081849830,19560496.0000000000,4
900,252,0.0070096170,17158704.0000000000,23
900,253,0.0070633560,17158704.0000000000,5
900,254,0.0071683730,17158704.0000000000,20
900,255,0.0081463180,19560496.0000000000,7
900,256,0.0081745780,19560496.0000000000,26
900,257,0.0081448340,19560496.0000000000,33
900,258,0.0081404770,19560496.0000000000,7
900,259,0.0081658650,19560496.0000000000,35
900,260,0.0081337930,19560496.0000000000,7
900,261,0.0081656850,19560496.0000000000,6
900,262,0.0081822730,19560496.0000000000,25
900,263,0.0081692900,19560496.0000000000,9
900,264,0.0081851720,19560496.0000000000,34
900,265,0.0081640990,19560496.0000000000,8
900,266,0.0081890490,19560496.0000000000,38
900,267,0.0071011860,17158704.0000000000,22
900,268,0.0071620970,17158704.0000000000,17
900,269,0.0071377650,17158704.0000000000,3
900,270,0.0081554230,19560496.0000000000,39
900,271,0.0081481500,19560496.0000000000,7
900,272,0.0081648910,19560496.0000000000,27
900,273,0.0081277560,19560496.0000000000,2
900,274,0.0081473450,19560496.0000000000,9
900,275,0.0081857620,19560496.0000000000,10
900,276,0.0081486020,19560496.0000000000,7
900,277,0.0081859990,19560496.0000000000,31
900,278,0.0081741290,19560496.0000000000,10
900,279,0.0081687270,19560496.0000000000,8
900,280,0.0081800090,19560496.0000000000,10
900,281,0.0081889640,19560496.0000000000,21
900,282,0.0071184960,17158704.0000000000,6
900,283,0.0070618340,17158704.0000000000,36
900,284,0.0070858070,17158704.0000000000,32
900,285,0.0081650440,19560496.0000000000,4
900,286,0.0081846660,19560496.0000000000,30
900,287,0.0081299160,19560496.0000000000,34
900,288,0.0081486280,19560496.0000000000,26
900,289,0.0081601300,19560496.0000000000,27
900,290,0.0081718730,19560496.0000000000,27
900,291,0.0081630300,19560496.0000000000,6
900,292,0.0081743100,19560496.0000000000,10
900,293,0.0081419460,19560496.0000000000,36
900,294,0.0081597270,19560496.0000000000,29
900,295,0.0081442080,19560496.0000000000,2
900,296,0.0081672930,19560496.0000000000,30
900,297,0.0071218090,17158704.0000000000,38
900,298,0.0070274630,17158704.0000000000,23
900,299,0.0070987620,17158704.0000000000,13
900,300,0.0081464180,19560496.0000000000,35
900,301,0.0081359480,19560496.0000000000,33
900,302,0.0081629210,19560496.0000000000,32
900,303,0.0081723620,19560496.0000000000,28
900,304,0.0081723100,19560496.0000000000,31
900,305,0.0081695930,19560496.0000000000,6
900,306,0.0081696000,19560496.0000000000,1
900,307,0.0081341340,19560496.0000000000,34
900,308,0.0081478960,19560496.0000000000,14
900,309,0.0081800060,19560496.0000000000,30
900,310,0.0081795880,19560496.0000000000,13
900,311,0.0081597770,19560496.0000000000,3
900,312,0.0070352150,17158704.0000000000,31
900,313,0.0069779760,17158704.0000000000,0
900,314,0.0069395990,17158704.0000000000,29
900,315,0.0081729130,19560496.0000000000,3
900,316,0.0081810910,19560496.0000000000,12
900,317,0.0081411440,19560496.0000000000,25
900,318,0.0081664790,19560496.0000000000,29
900,319,0.0081717820,19560496.0000000000,2
900,320,0.0081634350,19560496.0000000000,31
900,321,0.0081465880,19560496.0000000000,33
900,322,0.0082165780,19560496.0000000000,30
900,323,0.0081176300,19560496.0000000000,33
900,324,0.0081493780,19560496.0000000000,2
900,325,0.0081551300,19560496.0000000000,14
900,326,0.0081658650,19560496.0000000000,4
900,327,0.0069949360,17158704.0000000000,11
900,328,0.0069492390,17158704.0000000000,24
900,329,0.0071481680,17158704.0000000000,12
900,330,0.0081548010,19560496.0000000000,9
900,331,0.0081733460,19560496.0000000000,18
900,332,0.0081433570,19560496.0000000000,0
900,333,0.0081623490,19560496.0000000000,10
900,334,0.0081777290,19560496.0000000000,32
900,335,0.0081602190,19560496.0000000000,3
900,336,0.0081410360,19560496.0000000000,33
900,337,0.0081537070,19560496.0000000000,26
900,338,0.0081332320,19560496.0000000000,35
900,339,0.0081624870,19560496.0000000000,38
900,340,0.0081780400,19560496.0000000000,6
900,341,0.0081719540,19560496.0000000000,8
900,342,0.0071067400,17158704.0000000000,19
900,343,0.0071151010,17158704.0000000000,32
900,344,0.0070859570,17158704.0000000000,34
900,345,0.0081597190,19560496.0000000000,31
900,346,0.0081643110,19560496.0000000000,8
900,347,0.0081279670,19560496.0000000000,27
900,348,0.0082151130,19560496.0000000000,20
900,349,0.0081610240,19560496.0000000000,4
900,350,0.0081561820,19560496.0000000000,25
900,351,0.0081695770,19560496.0000000000,3
900,352,0.0081595300,19560496.0000000000,39
900,353,0.0081599800,19560496.0000000000,1
900,354,0.0081780020,19560496.0000000000,28
900,355,0.0081576940,19560496.0000000000,25
900,356,0.0081933890,19560496.0000000000,23
900,357,0.0071161750,17158704.0000000000,12
900,358,0.0071201310,17158704.0000000000,8
900,359,0.0071356430,17158704.0000000000,9
900,360,0.0081299320,19560496.0000000000,39
900,361,0.0081665210,19560496.0000000000,1
900,362,0.0081450930,19560496.0000000000,39
900,363,0.0081481290,19560496.0000000000,37
900,364,0.0081835270,19560496.0000000000,10
900,365,0.0081580020,19560496.0000000000,6
900,366,0.0081640650,19560496.0000000000,14
900,367,0.0081530490,19560496.0000000000,8
900,368,0.0082031190,19560496.0000000000,28
900,369,0.0081719250,19560496.0000000000,9
900,370,0.0081757020,19560496.0000000000,8
900,371,0.0081691060,19560496.0000000000,14
900,372,0.0070361160,17158704.0000000000,6
900,373,0.0071368920,17158704.0000000000,21
900,374,0.0070513270,17158704.0000000000,10
900,375,0.0081495540,19560496.0000000000,5
900,376,0.0082100060,19560496.0000000000,12
900,377,0.0081985640,19560496.0000000000,1
900,378,0.0082127110,19560496.0000000000,15
900,379,0.0081830430,19560496.0000000000,13
900,380,0.0081302860,19560496.0000000000,7
900,381,0.0081838370,19560496.0000000000,10
900,382,0.0081594940,19560496.0000000000,5
900,383,0.0081796320,19560496.0000000000,5
900,384,0.0081616410,19560496.0000000000,1
900,385,0.0081790770,19560496.0000000000,13
900,386,0.0081687730,19560496.0000000000,5
900,387,0.0069563160,17158704.0000000000,33
900,388,0.0070800040,17158704.0000000000,1
900,389,0.0071487150,17158704.0000000000,10
900,390,0.0082157340,19560496.0000000000,17
900,391,0.0081594250,19560496.0000000000,34
900,392,0.0081942340,19560496.0000000000,21
900,393,0.0082066770,19560496.0000000000,22
900,394,0.0081410040,19560496.0000000000,39
900,395,0.0081511550,19560496.0000000000,9
900,396,0.0081692360,19560496.0000000000,2
900,397,0.0081375300,19560496.0000000000,33
900,398,0.0081762580,19560496.0000000000,23
900,399,0.0081601810,19560496.0000000000,9
900,400,0.0081825950,19560496.0000000000,12
900,401,0.0081795260,19560496.0000000000,16
900,402,0.0071000180,17158704.0000000000,39
900,403,0.0069866480,17158704.0000000000,18
900,404,0.0070456850,17158704.0000000000,31
900,405,0.0081617640,19560496.0000000000,36
900,406,0.0081604990,19560496.0000000000,19
900,407,0.0081725730,19560496.0000000000,24
900,408,0.0081474880,19560496.0000000000,37
900,409,0.0081492950,19560496.0000000000,35
900,410,0.0081823140,19560496.0000000000,12
900,411,0.0081775580,19560496.0000000000,35
900,412,0.0081776330,19560496.0000000000,1
900,413,0.0081260140,19560496.0000000000,11
900,414,0.0082022370,19560496.0000000000,22
900,415,0.0082248750,19560496.0000000000,17
900,416,0.0081709180,19560496.0000000000,30
900,417,0.0069562470,17158704.0000000000,7
900,418,0.0070929660,17158704.0000000000,30
900,419,0.0069445790,17158704.0000000000,5
900,420,0.0062009290,14756912.0000000000,17
900,421,0.0061992430,14756912.0000000000,21
900,422,0.0061865610,14756912.0000000000,18
900,423,0.0062134950,14756912.0000000000,15
900,424,0.0062230110,14756912.0000000000,16
900,425,0.0062353720,14756912.0000000000,20
900,426,0.0061782240,14756912.0000000000,19
900,427,0.0062102000,14756912.0000000000,26
900,428,0.0061690120,14756912.0000000000,27
900,429,0.0061773280,14756912.0000000000,24
900,430,0.0061660760,14756912.0000000000,29
900,431,0.0062118610,14756912.0000000000,28
900,432,0.0056742950,12944944.0000000000,14
900,433,0.0057248140,12944944.0000000000,13
900,434,0.0057040170,12944944.0000000000,22
950,0,2.0671961261,85497872.0000000000,18
950,1,2.0877463125,85326800.0000000000,11
950,2,2.0742661884,84664656.0000000000,0
950,3,2.0701097929,83941264.0000000000,24
950,4,2.0454816506,82835520.0000000000,16
950,5,2.0825058281,83639232.0000000000,21
950,6,2.1569269293,85906736.0000000000,17
950,7,2.1686430259,86630736.0000000000,15
950,8,2.1990551790,87224128.0000000000,22
950,9,2.2445654954,89092480.0000000000,20
950,10,2.2833620840,90593936.0000000000,19
950,11,2.3259679360,92443408.0000000000,29
950,12,2.1402552051,83596544.0000000000,36
950,13,2.1195634336,83267040.0000000000,37
950,14,2.0374485340,81232672.0000000000,38
950,15,3.7728178042,152366928.0000000000,8
950,16,3.8552978323,152807216.0000000000,26
950,17,3.8614088305,151286576.0000000000,33
950,18,3.8449639964,149947120.0000000000,34
950,19,3.8362736257,148949936.0000000000,3
950,20,3.8892761286,149531760.0000000000,1
950,21,3.9512825302,151089648.0000000000,22
950,22,3.9669219977,151612896.0000000000,37
950,23,3.9914929151,152868560.0000000000,11
950,24,4.0863289944,156307360.0000000000,24
950,25,4.2026264425,160291744.0000000000,30
950,26,4.2203577939,162360000.0000000000,2
950,27,3.5396604802,138955792.0000000000,1
950,28,3.4026823647,135788880.0000000000,4
950,29,3.3549700359,134869696.0000000000,16
950,30,3.6766193910,153665232.0000000000,21
950,31,3.6856211103,153877792.0000000000,36
950,32,3.7208544428,154093952.0000000000,4
950,33,3.7400647506,154663696.0000000000,30
950,34,3.7748415279,155744720.0000000000,13
950,35,3.8154142884,157204752.0000000000,28
950,36,3.8487300583,158482112.0000000000,14
950,37,3.8571981238,158868624.0000000000,27
950,38,3.8374160189,158113072.0000000000,5
950,39,3.7989765423,156660320.0000000000,25
950,40,3.7584127939,155296608.0000000000,4
950,41,3.7302799102,154403184.0000000000,7
950,42,3.2643418215,134784688.0000000000,17
950,43,3.2583959391,134662384.0000000000,15
950,44,3.2463726929,134500320.0000000000,18
950,45,3.6598599983,153707344.0000000000,29
950,46,3.6634821606,153779008.0000000000,31
950,47,3.6685560093,153779696.0000000000,15
950,48,3.6615763987,153777600.0000000000,11
950,49,3.6624869029,153776208.0000000000,3
950,50,3.6630047830,153782256.0000000000,25
950,51,3.6654535661,153778768.0000000000,2
950,52,3.6688673885,153783008.0000000000,15
950,53,3.6657966101,153781136.0000000000,14
950,54,3.6627072751,153777776.0000000000,39
950,55,3.6665804732,153780288.0000000000,13
950,56,3.6643874051,153777328.0000000000,35
950,57,3.2370455623,134597920.0000000000,29
950,58,3.2435984636,134601792.0000000000,21
950,59,3.2378412042,134526480.0000000000,19
950,60,3.6647315197,153710032.0000000000,6
950,61,3.6681064396,153777648.0000000000,17
950,62,3.6653204012,153781888.0000000000,26
950,63,3.6630342869,153777264.0000000000,5
950,64,3.6677429868,153779872.0000000000,17
950,65,3.6644985141,153777536.0000000000,0
950,66,3.6666408335,153776128.0000000000,21
950,67,3.6618156207,153782256.0000000000,39
950,68,3.6673193391,153776384.0000000000,20
950,69,3.6688251752,153780672.0000000000,16
950,70,3.6673316564,153780016.0000000000,20
950,71,3.6614662651,153778112.0000000000,33
950,72,3.2411831590,134600272.0000000000,25
950,73,3.2401363479,134600848.0000000000,2
950,74,3.2372188119,134526528.0000000000,31
950,75,3.6641533123,153708992.0000000000,28
950,76,3.6670769139,153777920.0000000000,12
950,77,3.6643929515,153776464.0000000000,27
950,78,3.6654187024,153778480.0000000000,10
950,79,3.6643976960,153779088.0000000000,24
950,80,3.6673808098,153779920.0000000000,1
950,81,3.6648121266,153780800.0000000000,6
950,82,3.6680420901,153775632.0000000000,23
950,83,3.6676963743,153781584.0000000000,22
950,84,3.6651733293,153779136.0000000000,32
950,85,3.6634311419,153776000.0000000000,35
950,86,3.6659395951,153780352.0000000000,14
950,87,3.2374860955,134602704.0000000000,11
950,88,3.2390138995,134600416.0000000000,37
950,89,3.2398642447,134527792.0000000000,0
950,90,3.6634565238,153706736.0000000000,9
950,91,3.6643887099,153779232.0000000000,19
950,92,3.6639841893,153781552.0000000000,38
950,93,3.6621255890,153779072.0000000000,37
950,94,3.6631214295,153780960.0000000000,35
950,95,3.6626166871,153777184.0000000000,7
950,96,3.6637908416,153776144.0000000000,34
950,97,3.6609203045,153780800.0000000000,33
950,98,3.6664489839,153778528.0000000000,13
950,99,3.6637691226,153778224.0000000000,34
950,100,3.6622131587,153778816.0000000000,7
950,101,3.6614870817,153775856.0000000000,39
950,102,3.2412831983,134600176.0000000000,36
950,103,3.2415958608,134595952.0000000000,32
950,104,3.2374535812,134527648.0000000000,24
950,105,3.6643930855,153571680.0000000000,12
950,106,3.6656544554,153774208.0000000000,9
950,107,3.6668874052,153789664.0000000000,26
950,108,3.6655020513,153778736.0000000000,5
950,109,3.6676470114,153780800.0000000000,6
950,110,3.6651592075,153773344.0000000000,9
950,111,3.6659193785,153775888.0000000000,8
950,112,3.6677136035,153790544.0000000000,28
950,113,3.6662694744,153779504.0000000000,18
950,114,3.6642076178,153763168.0000000000,8
950,115,3.6701871332,153767248.0000000000,16
950,116,3.6669579984,153784592.0000000000,32
950,117,3.2396483289,134605824.0000000000,30
950,118,3.2440891901,134598288.0000000000,23
950,119,3.2399703894,134380240.0000000000,38
950,120,3.6600369747,153467056.0000000000,38
950,121,3.6665833658,153776352.0000000000,0
950,122,3.6649514100,153755840.0000000000,31
950,123,3.6659723166,153777216.0000000000,36
950,124,3.6679270913,153783760.0000000000,19
950,125,3.6662666858,153779456.0000000000,27
950,126,3.6618946446,153765408.0000000000,29
950,127,3.6703627766,153786064.0000000000,23
950,128,3.6660007241,153774640.0000000000,18
950,129,3.6683316061,153785376.0000000000,12
950,130,3.6672815052,153783440.0000000000,10
950,131,3.6660244479,153771296.0000000000,10
950,132,3.2450432117,134605872.0000000000,3
950,133,3.2470788825,134595920.0000000000,20
950,134,3.2217353103,134288400.0000000000,22
950,135,0.6483516609,33548672.0000000000,31
950,136,0.6488679636,33593488.0000000000,32
950,137,0.6493223837,33591696.0000000000,1
950,138,0.6490702109,33581712.0000000000,2
950,139,0.6488603020,33586912.0000000000,3
950,140,0.6499831191,33586224.0000000000,23
950,141,0.6489291874,33596960.0000000000,35
950,142,0.6488411484,33583616.0000000000,34
950,143,0.6494199513,33589568.0000000000,4
950,144,0.6484407493,33586192.0000000000,25
950,145,0.6484347995,33579328.0000000000,33
950,146,0.6493987685,33592256.0000000000,30
950,147,0.6058578364,29437488.0000000000,39
950,148,0.6067273293,29433888.0000000000,13
950,149,0.6039420700,29397776.0000000000,14
950,150,0.2667510516,19560496.0000000000,3
950,151,0.2664971298,19560496.0000000000,25
950,152,0.2666939754,19560496.0000000000,26
950,153,0.2669184576,19560496.0000000000,4
950,154,0.2675167724,19560496.0000000000,12
950,155,0.2670901728,19560496.0000000000,30
950,156,0.2666125506,19560496.0000000000,32
950,157,0.2666202437,19560496.0000000000,25
950,158,0.2667609233,19560496.0000000000,6
950,159,0.2666589354,19560496.0000000000,3
950,160,0.2665184237,19560496.0000000000,2
950,161,0.2669376667,19560496.0000000000,5
950,162,0.2313061355,17158704.0000000000,30
950,163,0.2279908731,17158704.0000000000,7
950,164,0.2330693307,17158704.0000000000,9
950,165,0.2668796310,19560496.0000000000,9
950,166,0.2675871337,19560496.0000000000,23
950,167,0.2665488706,19560496.0000000000,27
950,168,0.2674663164,19560496.0000000000,12
950,169,0.2674343366,19560496.0000000000,28
950,170,0.2676275751,19560496.0000000000,23
950,171,0.2667157928,19560496.0000000000,5
950,172,0.2668736743,19560496.0000000000,18
950,173,0.2670550465,19560496.0000000000,8
950,174,0.2669188123,19560496.0000000000,31
950,175,0.2669568794,19560496.0000000000,4
950,176,0.2669400341,19560496.0000000000,1
950,177,0.2281191803,17158704.0000000000,27
950,178,0.2314342904,17158704.0000000000,25
950,179,0.2321619762,17158704.0000000000,8
950,180,0.2667258564,19560496.0000000000,13
950,181,0.2662761059,19560496.0000000000,0
950,182,0.2666100834,19560496.0000000000,2
950,183,0.2674883782,19560496.0000000000,12
950,184,0.2666178933,19560496.0000000000,26
950,185,0.2673778832,19560496.0000000000,30
950,186,0.2665328972,19560496.0000000000,27
950,187,0.2665463512,19560496.0000000000,14
950,188,0.2663577423,19560496.0000000000,27
950,189,0.2667098209,19560496.0000000000,26
950,190,0.2674295361,19560496.0000000000,12
950,191,0.2667878287,19560496.0000000000,6
950,192,0.2325623555,17158704.0000000000,26
950,193,0.2305382215,17158704.0000000000,35
950,194,0.2304141442,17158704.0000000000,11
950,195,0.2679209619,19560496.0000000000,15
950,196,0.2668426998,19560496.0000000000,5
950,197,0.2669268974,19560496.0000000000,31
950,198,0.2666701566,19560496.0000000000,32
950,199,0.2667216779,19560496.0000000000,3
950,200,0.2668670102,19560496.0000000000,13
950,201,0.2666471999,19560496.0000000000,6
950,202,0.2674149235,19560496.0000000000,28
950,203,0.2666788993,19560496.0000000000,35
950,204,0.2666265966,19560496.0000000000,34
950,205,0.2667023305,19560496.0000000000,3
950,206,0.2659018067,19560496.0000000000,11
950,207,0.2319076255,17158704.0000000000,25
950,208,0.2292651370,17158704.0000000000,14
950,209,0.2321233821,17158704.0000000000,16
950,210,0.2663121204,19560496.0000000000,19
950,211,0.2665149820,19560496.0000000000,2
950,212,0.2666278921,19560496.0000000000,26
950,213,0.2668287154,19560496.0000000000,13
950,214,0.2663623336,19560496.0000000000,14
950,215,0.2665854294,19560496.0000000000,32
950,216,0.2665244461,19560496.0000000000,36
950,217,0.2674415587,19560496.0000000000,28
950,218,0.2676013413,19560496.0000000000,16
950,219,0.2663193182,19560496.0000000000,39
950,220,0.2674533662,19560496.0000000000,28
950,221,0.2667662941,19560496.0000000000,5
950,222,0.2327487479,17158704.0000000000,15
950,223,0.2314809570,17158704.0000000000,37
950,224,0.2323566690,17158704.0000000000,28
950,225,0.2663381225,19560496.0000000000,34
950,226,0.2667322703,19560496.0000000000,31
950,227,0.2667654702,19560496.0000000000,4
950,228,0.2673843472,19560496.0000000000,28
950,229,0.2664054766,19560496.0000000000,26
950,230,0.2664772339,19560496.0000000000,24
950,231,0.2660400409,19560496.0000000000,7
950,232,0.2673836482,19560496.0000000000,10
950,233,0.2668701056,19560496.0000000000,4
950,234,0.2666251135,19560496.0000000000,25
950,235,0.2659663449,19560496.0000000000,7
950,236,0.2678553057,19560496.0000000000,20
950,237,0.2310448628,17158704.0000000000,4
950,238,0.2304913369,17158704.0000000000,0
950,239,0.2297897732,17158704.0000000000,2
950,240,0.2672626586,19560496.0000000000,38
950,241,0.2668321286,19560496.0000000000,1
950,242,0.2676214490,19560496.0000000000,23
950,243,0.2664840039,19560496.0000000000,37
950,244,0.2670024734,19560496.0000000000,8
950,245,0.2676143478,19560496.0000000000,23
950,246,0.2669061442,19560496.0000000000,9
950,247,0.2676225408,19560496.0000000000,23
950,248,0.2666394644,19560496.0000000000,32
950,249,0.2663417996,19560496.0000000000,27
950,250,0.2665263009,19560496.0000000000,32
950,251,0.2667550780,19560496.0000000000,4
950,252,0.2306041819,17158704.0000000000,23
950,253,0.2301535234,17158704.0000000000,5
950,254,0.2334438763,17158704.0000000000,20
950,255,0.2659625611,19560496.0000000000,7
950,256,0.2664984383,19560496.0000000000,26
950,257,0.2660791144,19560496.0000000000,33
950,258,0.2660059918,19560496.0000000000,7
950,259,0.2666426745,19560496.0000000000,35
950,260,0.2663152201,19560496.0000000000,7
950,261,0.2665753842,19560496.0000000000,6
950,262,0.2665254879,19560496.0000000000,25
950,263,0.2666776133,19560496.0000000000,9
950,264,0.2664293124,19560496.0000000000,34
950,265,0.2668025951,19560496.0000000000,8
950,266,0.2672850711,19560496.0000000000,38
950,267,0.2304284549,17158704.0000000000,22
950,268,0.2329553604,17158704.0000000000,17
950,269,0.2328396496,17158704.0000000000,3
950,270,0.2663986177,19560496.0000000000,39
950,271,0.2660836617,19560496.0000000000,7
950,272,0.2664030835,19560496.0000000000,27
950,273,0.2665708591,19560496.0000000000,2
950,274,0.2668434723,19560496.0000000000,9
950,275,0.2671913761,19560496.0000000000,10
950,276,0.2659601567,19560496.0000000000,7
950,277,0.2669456129,19560496.0000000000,31
950,278,0.2673229467,19560496.0000000000,10
950,279,0.2668570204,19560496.0000000000,8
950,280,0.2672197437,19560496.0000000000,10
950,281,0.2676991989,19560496.0000000000,21
950,282,0.2317319946,17158704.0000000000,6
950,283,0.2317718514,17158704.0000000000,36
950,284,0.2321453550,17158704.0000000000,32
950,285,0.2668820450,19560496.0000000000,4
950,286,0.2674743272,19560496.0000000000,30
950,287,0.2663244404,19560496.0000000000,34
950,288,0.2664460416,19560496.0000000000,26
950,289,0.2664204743,19560496.0000000000,27
950,290,0.2664619143,19560496.0000000000,27
950,291,0.2667841689,19560496.0000000000,6
950,292,0.2673183153,19560496.0000000000,10
950,293,0.2665791663,19560496.0000000000,36
950,294,0.2661931575,19560496.0000000000,29
950,295,0.2665519483,19560496.0000000000,2
950,296,0.2670021432,19560496.0000000000,30
950,297,0.2318565469,17158704.0000000000,38
950,298,0.2303011364,17158704.0000000000,23
950,299,0.2325444909,17158704.0000000000,13
950,300,0.2667869915,19560496.0000000000,35
950,301,0.2660642656,19560496.0000000000,33
950,302,0.2665606123,19560496.0000000000,32
950,303,0.2674182485,19560496.0000000000,28
950,304,0.2667340110,19560496.0000000000,31
950,305,0.2668160401,19560496.0000000000,6
950,306,0.2669310368,19560496.0000000000,1
950,307,0.2663316839,19560496.0000000000,34
950,308,0.2663000684,19560496.0000000000,14
950,309,0.2675112982,19560496.0000000000,30
950,310,0.2667223424,19560496.0000000000,13
950,311,0.2666790544,19560496.0000000000,3
950,312,0.2299318852,17158704.0000000000,31
950,313,0.2306557611,17158704.0000000000,0
950,314,0.2288002739,17158704.0000000000,29
950,315,0.2667863619,19560496.0000000000,3
950,316,0.2674674747,19560496.0000000000,12
950,317,0.2664163050,19560496.0000000000,25
950,318,0.2662078491,19560496.0000000000,29
950,319,0.2667392900,19560496.0000000000,2
950,320,0.2667323104,19560496.0000000000,31
950,321,0.2659068916,19560496.0000000000,33
950,322,0.2673596757,19560496.0000000000,30
950,323,0.2660870576,19560496.0000000000,33
950,324,0.2666280918,19560496.0000000000,2
950,325,0.2664213154,19560496.0000000000,14
950,326,0.2668455439,19560496.0000000000,4
950,327,0.2302839627,17158704.0000000000,11
950,328,0.2283363495,17158704.0000000000,24
950,329,0.2326632996,17158704.0000000000,12
950,330,0.2667113323,19560496.0000000000,9
950,331,0.2669799044,19560496.0000000000,18
950,332,0.2662298018,19560496.0000000000,0
950,333,0.2670454027,19560496.0000000000,10
950,334,0.2665434244,19560496.0000000000,32
950,335,0.2666504961,19560496.0000000000,3
950,336,0.2658517857,19560496.0000000000,33
950,337,0.2663916999,19560496.0000000000,26
950,338,0.2666595025,19560496.0000000000,35
950,339,0.2670233758,19560496.0000000000,38
950,340,0.2668693109,19560496.0000000000,6
950,341,0.2668769683,19560496.0000000000,8
950,342,0.2294088507,17158704.0000000000,19
950,343,0.2321607258,17158704.0000000000,32
950,344,0.2315010664,17158704.0000000000,34
950,345,0.2667008300,19560496.0000000000,31
950,346,0.2669790110,19560496.0000000000,8
950,347,0.2663029079,19560496.0000000000,27
950,348,0.2676942383,19560496.0000000000,20
950,349,0.2667925659,19560496.0000000000,4
950,350,0.2663716677,19560496.0000000000,25
950,351,0.2667285693,19560496.0000000000,3
950,352,0.2663424303,19560496.0000000000,39
950,353,0.2668419936,19560496.0000000000,1
950,354,0.2672649986,19560496.0000000000,28
950,355,0.2664725832,19560496.0000000000,25
950,356,0.2676349674,19560496.0000000000,23
950,357,0.2329441396,17158704.0000000000,12
950,358,0.2310158427,17158704.0000000000,8
950,359,0.2331916431,17158704.0000000000,9
950,360,0.2662475774,19560496.0000000000,39
950,361,0.2669156678,19560496.0000000000,1
950,362,0.2661273488,19560496.0000000000,39
950,363,0.2662549132,19560496.0000000000,37
950,364,0.2671279731,19560496.0000000000,10
950,365,0.2667351342,19560496.0000000000,6
950,366,0.2667198987,19560496.0000000000,14
950,367,0.2669031954,19560496.0000000000,8
950,368,0.2675096505,19560496.0000000000,28
950,369,0.2667509877,19560496.0000000000,9
950,370,0.2668670854,19560496.0000000000,8
950,371,0.2665480587,19560496.0000000000,14
950,372,0.2315863268,17158704.0000000000,6
950,373,0.2328021945,17158704.0000000000,21
950,374,0.2325280706,17158704.0000000000,10
950,375,0.2666797969,19560496.0000000000,5
950,376,0.2674958555,19560496.0000000000,12
950,377,0.2670140752,19560496.0000000000,1
950,378,0.2680217559,19560496.0000000000,15
950,379,0.2668987813,19560496.0000000000,13
950,380,0.2660380872,19560496.0000000000,7
950,381,0.2672757544,19560496.0000000000,10
950,382,0.2668176121,19560496.0000000000,5
950,383,0.2667497465,19560496.0000000000,5
950,384,0.2668969341,19560496.0000000000,1
950,385,0.2669085095,19560496.0000000000,13
950,386,0.2668769326,19560496.0000000000,5
950,387,0.2279328888,17158704.0000000000,33
950,388,0.2296032522,17158704.0000000000,1
950,389,0.2326654103,17158704.0000000000,10
950,390,0.2678862252,19560496.0000000000,17
950,391,0.2665895673,19560496.0000000000,34
950,392,0.2674608123,19560496.0000000000,21
950,393,0.2673296398,19560496.0000000000,22
950,394,0.2663340954,19560496.0000000000,39
950,395,0.2668754752,19560496.0000000000,9
950,396,0.2666966323,19560496.0000000000,2
950,397,0.2658899267,19560496.0000000000,33
950,398,0.2675890808,19560496.0000000000,23
950,399,0.2667646642,19560496.0000000000,9
950,400,0.2674187528,19560496.0000000000,12
950,401,0.2677185354,19560496.0000000000,16
950,402,0.2310727758,17158704.0000000000,39
950,403,0.2292003769,17158704.0000000000,18
950,404,0.2296025255,17158704.0000000000,31
950,405,0.2665271942,19560496.0000000000,36
950,406,0.2662469022,19560496.0000000000,19
950,407,0.2665509486,19560496.0000000000,24
950,408,0.2662630180,19560496.0000000000,37
950,409,0.2666516447,19560496.0000000000,35
950,410,0.2674851943,19560496.0000000000,12
950,411,0.2666468802,19560496.0000000000,35
950,412,0.2669285181,19560496.0000000000,1
950,413,0.2658157696,19560496.0000000000,11
950,414,0.2673936126,19560496.0000000000,22
950,415,0.2679466820,19560496.0000000000,17
950,416,0.2672177711,19560496.0000000000,30
950,417,0.2278291570,17158704.0000000000,7
950,418,0.2308289790,17158704.0000000000,30
950,419,0.2304071530,17158704.0000000000,5
950,420,0.2029903800,14756912.0000000000,17
950,421,0.2024224854,14756912.0000000000,21
950,422,0.2019389090,14756912.0000000000,18
950,423,0.2027706225,14756912.0000000000,15
950,424,0.2029542079,14756912.0000000000,16
950,425,0.2029941734,14756912.0000000000,20
950,426,0.2014457953,14756912.0000000000,19
950,427,0.2020877361,14756912.0000000000,26
950,428,0.2016718052,14756912.0000000000,27
950,429,0.2019668517,14756912.0000000000,24
950,430,0.2015093141,14756912.0000000000,29
950,431,0.2025534299,14756912.0000000000,28
950,432,0.1854021520,12944944.0000000000,14
950,433,0.1859725545,12944944.0000000000,13
950,434,0.1860770125,12944944.0000000000,22
1000,0,0.0635569010,85209120.0000000000,18
1000,1,0.0642922850,85167392.0000000000,11
1000,2,0.0646803130,84637264.0000000000,0
1000,3,0.0647031610,84205136.0000000000,24
1000,4,0.0636817450,83081664.0000000000,16
1000,5,0.0634353320,83093632.0000000000,21
1000,6,0.0658207040,85317200.0000000000,17
1000,7,0.0668744550,86530736.0000000000,15
1000,8,0.0681071980,87491024.0000000000,22
1000,9,0.0694468950,89066112.0000000000,20
1000,10,0.0713971540,90210368.0000000000,19
1000,11,0.0728003730,92836192.0000000000,29
1000,12,0.0680924440,84565120.0000000000,36
1000,13,0.0662838600,83916864.0000000000,37
1000,14,0.0636770710,81594432.0000000000,38
1000,15,0.1166053240,152045152.0000000000,8
1000,16,0.1189500130,152328752.0000000000,26
1000,17,0.1185581270,150510448.0000000000,33
1000,18,0.1177457340,148576560.0000000000,34
1000,19,0.1152435020,146261504.0000000000,3
1000,20,0.1135256230,144617968.0000000000,1
1000,21,0.1133304850,144576480.0000000000,22
1000,22,0.1129952830,145037440.0000000000,37
1000,23,0.1159543070,147629056.0000000000,11
1000,24,0.1215037080,152707504.0000000000,24
1000,25,0.1280952270,158690816.0000000000,30
1000,26,0.1310376240,162290880.0000000000,2
1000,27,0.1112519330,139076592.0000000000,1
1000,28,0.1063115450,135852048.0000000000,4
1000,29,0.1045127160,134900000.0000000000,16
1000,30,0.1146297250,153664016.0000000000,21
1000,31,0.1158812820,153979152.0000000000,36
1000,32,0.1168409520,154474976.0000000000,4
1000,33,0.1191302250,155764880.0000000000,30
1000,34,0.1219356330,158244448.0000000000,13
1000,35,0.1255368340,161661904.0000000000,28
1000,36,0.1289651310,164686912.0000000000,14
1000,37,0.1301416710,165640704.0000000000,27
1000,38,0.1282248290,163867296.0000000000,5
1000,39,0.1246569040,160475264.0000000000,25
1000,40,0.1210290330,157256608.0000000000,4
1000,41,0.1176225030,155187520.0000000000,7
1000,42,0.1021977570,135017424.0000000000,17
1000,43,0.1014735240,134734288.0000000000,15
1000,44,0.1011773110,134520144.0000000000,18
1000,45,0.1136736570,153708000.0000000000,29
1000,46,0.1138875910,153779232.0000000000,31
1000,47,0.1139657390,153780240.0000000000,15
1000,48,0.1137019800,153780096.0000000000,11
1000,49,0.1137297880,153778496.0000000000,3
1000,50,0.1137927350,153780256.0000000000,25
1000,51,0.1138168260,153779008.0000000000,2
1000,52,0.1139920700,153778112.0000000000,15
1000,53,0.1139494390,153780800.0000000000,14
1000,54,0.1137870280,153779664.0000000000,39
1000,55,0.1139380560,153777936.0000000000,13
1000,56,0.1138324260,153781808.0000000000,35
1000,57,0.1004537800,134596016.0000000000,29
1000,58,0.1008328570,134598208.0000000000,21
1000,59,0.1006765620,134526880.0000000000,19
1000,60,0.1139509250,153704080.0000000000,6
1000,61,0.1139253270,153776704.0000000000,17
1000,62,0.1138365520,153779760.0000000000,26
1000,63,0.1137797250,153781312.0000000000,5
1000,64,0.1139201640,153776448.0000000000,17
1000,65,0.1137706580,153778160.0000000000,0
1000,66,0.1138182500,153776736.0000000000,21
1000,67,0.1139589520,153780528.0000000000,39
1000,68,0.1139380390,153776304.0000000000,20
1000,69,0.1139186430,153779744.0000000000,16
1000,70,0.1139893670,153780640.0000000000,20
1000,71,0.1136532780,153775456.0000000000,33
1000,72,0.1006505420,134598144.0000000000,25
1000,73,0.1005667470,134603200.0000000000,2
1000,74,0.1005852350,134524352.0000000000,31
1000,75,0.1138063650,153707328.0000000000,28
1000,76,0.1139300300,153777424.0000000000,12
1000,77,0.1138133700,153780464.0000000000,27
1000,78,0.1138737300,153781072.0000000000,10
1000,79,0.1137233940,153777360.0000000000,24
1000,80,0.1139750630,153782576.0000000000,1
1000,81,0.1139681980,153776608.0000000000,6
1000,82,0.1140409780,153776432.0000000000,23
1000,83,0.1139354510,153784160.0000000000,22
1000,84,0.1139257650,153774368.0000000000,32
1000,85,0.1138346800,153782384.0000000000,35
1000,86,0.1138637940,153779392.0000000000,14
1000,87,0.1006075970,134598864.0000000000,11
1000,88,0.1004734390,134601792.0000000000,37
1000,89,0.1007145830,134525552.0000000000,0
1000,90,0.1137809430,153708320.0000000000,9
1000,91,0.1138734760,153780720.0000000000,19
1000,92,0.1138700660,153779824.0000000000,38
1000,93,0.1137945630,153774864.0000000000,37
1000,94,0.1137960060,153780128.0000000000,35
1000,95,0.1137691630,153777328.0000000000,7
1000,96,0.1138515420,153777312.0000000000,34
1000,97,0.1137254790,153780496.0000000000,33
1000,98,0.1138556290,153776688.0000000000,13
1000,99,0.1138021940,153782288.0000000000,34
1000,100,0.1138532770,153779296.0000000000,7
1000,101,0.1138036000,153776672.0000000000,39
1000,102,0.1006039330,134596464.0000000000,36
1000,103,0.1006950440,134598912.0000000000,32
1000,104,0.1005852230,134528288.0000000000,24
1000,105,0.1138322920,153561088.0000000000,12
1000,106,0.1138288850,153772944.0000000000,9
1000,107,0.1139645710,153788800.0000000000,26
1000,108,0.1138782740,153781408.0000000000,5
1000,109,0.1139715160,153778464.0000000000,6
1000,110,0.1138748340,153773632.0000000000,9
1000,111,0.1138435640,153777536.0000000000,8
1000,112,0.1139362860,153790384.0000000000,28
1000,113,0.1139135260,153777648.0000000000,18
1000,114,0.1137324190,153758400.0000000000,8
1000,115,0.1140204710,153770848.0000000000,16
1000,116,0.1138662910,153781280.0000000000,32
1000,117,0.1006884360,134605168.0000000000,30
1000,118,0.1008549930,134599536.0000000000,23
1000,119,0.1006833340,134368880.0000000000,38
1000,120,0.1137552470,153450176.0000000000,38
1000,121,0.1140917050,153777216.0000000000,0
1000,122,0.1138533440,153757072.0000000000,31
1000,123,0.1139024200,153776496.0000000000,36
1000,124,0.1139516580,153786848.0000000000,19
1000,125,0.1139092540,153771504.0000000000,27
1000,126,0.1136938290,153767696.0000000000,29
1000,127,0.1140264490,153783600.0000000000,23
1000,128,0.1140033770,153777952.0000000000,18
1000,129,0.1139741880,153788720.0000000000,12
1000,130,0.1138974680,153778608.0000000000,10
1000,131,0.1139949170,153771744.0000000000,10
1000,132,0.1007780350,134603568.0000000000,3
1000,133,0.1010199090,134593584.0000000000,20
1000,134,0.0999810550,134272192.0000000000,22
1000,135,0.0200925280,33548688.0000000000,31
1000,136,0.0199849760,33589728.0000000000,32
1000,137,0.0202128350,33592496.0000000000,1
1000,138,0.0199769620,33582096.0000000000,2
1000,139,0.0200240690,33585216.0000000000,3
1000,140,0.0200813920,33590672.0000000000,23
1000,141,0.0201623390,33596992.0000000000,35
1000,142,0.0200173810,33583680.0000000000,34
1000,143,0.0200475060,33591264.0000000000,4
1000,144,0.0200309900,33582960.0000000000,25
1000,145,0.0200194440,33582480.0000000000,33
1000,146,0.0202180700,33592352.0000000000,30
1000,147,0.0186603410,29438256.0000000000,39
1000,148,0.0186858420,29434016.0000000000,13
1000,149,0.0186868540,29397392.0000000000,14
1000,150,0.0081651580,19560496.0000000000,3
1000,151,0.0081544260,19560496.0000000000,25
1000,152,0.0081684640,19560496.0000000000,26
1000,153,0.0081874470,19560496.0000000000,4
1000,154,0.0081867120,19560496.0000000000,12
1000,155,0.0081750080,19560496.0000000000,30
1000,156,0.0081582190,19560496.0000000000,32
1000,157,0.0081541090,19560496.0000000000,25
1000,158,0.0081737820,19560496.0000000000,6
1000,159,0.0081866810,19560496.0000000000,3
1000,160,0.0081671240,19560496.0000000000,2
1000,161,0.0081848020,19560496.0000000000,5
1000,162,0.0071136270,17158704.0000000000,30
1000,163,0.0069470020,17158704.0000000000,7
1000,164,0.0071259230,17158704.0000000000,9
1000,165,0.0081670560,19560496.0000000000,9
1000,166,0.0081946530,19560496.0000000000,23
1000,167,0.0081658900,19560496.0000000000,27
1000,168,0.0081823530,19560496.0000000000,12
1000,169,0.0082068600,19560496.0000000000,28
1000,170,0.0081913860,19560496.0000000000,23
1000,171,0.0081578300,19560496.0000000000,5
1000,172,0.0081722620,19560496.0000000000,18
1000,173,0.0081596400,19560496.0000000000,8
1000,174,0.0081797070,19560496.0000000000,31
1000,175,0.0081941600,19560496.0000000000,4
1000,176,0.0081870200,19560496.0000000000,1
1000,177,0.0070106690,17158704.0000000000,27
1000,178,0.0070683490,17158704.0000000000,25
1000,179,0.0071658470,17158704.0000000000,8
1000,180,0.0081643290,19560496.0000000000,13
1000,181,0.0081429640,19560496.0000000000,0
1000,182,0.0081490480,19560496.0000000000,2
1000,183,0.0081917520,19560496.0000000000,12
1000,184,0.0081565610,19560496.0000000000,26
1000,185,0.0081995140,19560496.0000000000,30
1000,186,0.0081556400,19560496.0000000000,27
1000,187,0.0081686680,19560496.0000000000,14
1000,188,0.0081362550,19560496.0000000000,27
1000,189,0.0081875420,19560496.0000000000,26
1000,190,0.0081831850,19560496.0000000000,12
1000,191,0.0081684720,19560496.0000000000,6
1000,192,0.0071258220,17158704.0000000000,26
1000,193,0.0070096510,17158704.0000000000,35
1000,194,0.0070910120,17158704.0000000000,11
1000,195,0.0082042070,19560496.0000000000,15
1000,196,0.0081758340,19560496.0000000000,5
1000,197,0.0081811800,19560496.0000000000,31
1000,198,0.0081585520,19560496.0000000000,32
1000,199,0.0081724320,19560496.0000000000,3
1000,200,0.0081963590,19560496.0000000000,13
1000,201,0.0081720470,19560496.0000000000,6
1000,202,0.0081910580,19560496.0000000000,28
1000,203,0.0081620680,19560496.0000000000,35
1000,204,0.0081636410,19560496.0000000000,34
1000,205,0.0081382080,19560496.0000000000,3
1000,206,0.0081374280,19560496.0000000000,11
1000,207,0.0070128620,17158704.0000000000,25
1000,208,0.0070336480,17158704.0000000000,14
1000,209,0.0070753800,17158704.0000000000,16
1000,210,0.0081610700,19560496.0000000000,19
1000,211,0.0081570620,19560496.0000000000,2
1000,212,0.0081474850,19560496.0000000000,26
1000,213,0.0081771920,19560496.0000000000,13
1000,214,0.0081480770,19560496.0000000000,14
1000,215,0.0081602750,19560496.0000000000,32
1000,216,0.0081630360,19560496.0000000000,36
1000,217,0.0081792250,19560496.0000000000,28
1000,218,0.0081973800,19560496.0000000000,16
1000,219,0.0081578670,19560496.0000000000,39
1000,220,0.0081806390,19560496.0000000000,28
1000,221,0.0081815370,19560496.0000000000,5
1000,222,0.0071130110,17158704.0000000000,15
1000,223,0.0070898700,17158704.0000000000,37
1000,224,0.0071304090,17158704.0000000000,28
1000,225,0.0081595320,19560496.0000000000,34
1000,226,0.0081572720,19560496.0000000000,31
1000,227,0.0081727690,19560496.0000000000,4
1000,228,0.0081878130,19560496.0000000000,28
1000,229,0.0081709510,19560496.0000000000,26
1000,230,0.0081605510,19560496.0000000000,24
1000,231,0.0081274720,19560496.0000000000,7
1000,232,0.0081852900,19560496.0000000000,10
1000,233,0.0081534120,19560496.0000000000,4
1000,234,0.0081665020,19560496.0000000000,25
1000,235,0.0081467890,19560496.0000000000,7
1000,236,0.0081937910,19560496.0000000000,20
1000,237,0.0070852800,17158704.0000000000,4
1000,238,0.0070073520,17158704.0000000000,0
1000,239,0.0070095880,17158704.0000000000,2
1000,240,0.0081824740,19560496.0000000000,38
1000,241,0.0081790060,19560496.0000000000,1
1000,242,0.0081936320,19560496.0000000000,23
1000,243,0.0081504940,19560496.0000000000,37
1000,244,0.0081516540,19560496.0000000000,8
1000,245,0.0081687540,19560496.0000000000,23
1000,246,0.0081578080,19560496.0000000000,9
1000,247,0.0081996240,19560496.0000000000,23
1000,248,0.0081713660,19560496.0000000000,32
1000,249,0.0081678540,19560496.0000000000,27
1000,250,0.0081639720,19560496.0000000000,32
1000,251,0.0081587210,19560496.0000000000,4
1000,252,0.0070301870,17158704.0000000000,23
1000,253,0.0070267550,17158704.0000000000,5
1000,254,0.0071590240,17158704.0000000000,20
1000,255,0.0081535520,19560496.0000000000,7
1000,256,0.0081860500,19560496.0000000000,26
1000,257,0.0081447130,19560496.0000000000,33
1000,258,0.0081505050,19560496.0000000000,7
1000,259,0.0081443340,19560496.0000000000,35
1000,260,0.0081415980,19560496.0000000000,7
1000,261,0.0081694320,19560496.0000000000,6
1000,262,0.0081491770,19560496.0000000000,25
1000,263,0.0081759620,19560496.0000000000,9
1000,264,0.0081640310,19560496.0000000000,34
1000,265,0.0081766630,19560496.0000000000,8
1000,266,0.0081773250,19560496.0000000000,38
1000,267,0.0070472380,17158704.0000000000,22
1000,268,0.0071126310,17158704.0000000000,17
1000,269,0.0071413320,17158704.0000000000,3
1000,270,0.0081472360,19560496.0000000000,39
1000,271,0.0081406660,19560496.0000000000,7
1000,272,0.0081544180,19560496.0000000000,27
1000,273,0.0081724130,19560496.0000000000,2
1000,274,0.0081733870,19560496.0000000000,9
1000,275,0.0081900080,19560496.0000000000,10
1000,276,0.0081621780,19560496.0000000000,7
1000,277,0.0081735440,19560496.0000000000,31
1000,278,0.0081859800,19560496.0000000000,10
1000,279,0.0081877540,19560496.0000000000,8
1000,280,0.0081845490,19560496.0000000000,10
1000,281,0.0082006150,19560496.0000000000,21
1000,282,0.0070505040,17158704.0000000000,6
1000,283,0.0071319700,17158704.0000000000,36
1000,284,0.0070941300,17158704.0000000000,32
1000,285,0.0081479210,19560496.0000000000,4
1000,286,0.0081782240,19560496.0000000000,30
1000,287,0.0081483810,19560496.0000000000,34
1000,288,0.0081620820,19560496.0000000000,26
1000,289,0.0081306140,19560496.0000000000,27
1000,290,0.0082041860,19560496.0000000000,27
1000,291,0.0081576090,19560496.0000000000,6
1000,292,0.0081772460,19560496.0000000000,10
1000,293,0.0081657330,19560496.0000000000,36
1000,294,0.0081557500,19560496.0000000000,29
1000,295,0.0081464020,19560496.0000000000,2
1000,296,0.0081619520,19560496.0000000000,30
1000,297,0.0071201770,17158704.0000000000,38
1000,298,0.0070228520,17158704.0000000000,23
1000,299,0.0071188230,17158704.0000000000,13
1000,300,0.0081418080,19560496.0000000000,35
1000,301,0.0081322580,19560496.0000000000,33
1000,302,0.0081401260,19560496.0000000000,32
1000,303,0.0081699370,19560496.0000000000,28
1000,304,0.0081595670,19560496.0000000000,31
1000,305,0.0081660860,19560496.0000000000,6
1000,306,0.0082020000,19560496.0000000000,1
1000,307,0.0081646830,19560496.0000000000,34
1000,308,0.0081710000,19560496.0000000000,14
1000,309,0.0081917410,19560496.0000000000,30
1000,310,0.0081557600,19560496.0000000000,13
1000,311,0.0081524960,19560496.0000000000,3
1000,312,0.0070238640,17158704.0000000000,31
1000,313,0.0071026760,17158704.0000000000,0
1000,314,0.0070162880,17158704.0000000000,29
1000,315,0.0081553600,19560496.0000000000,3
1000,316,0.0081899770,19560496.0000000000,12
1000,317,0.0081456120,19560496.0000000000,25
1000,318,0.0081549780,19560496.0000000000,29
1000,319,0.0081320850,19560496.0000000000,2
1000,320,0.0081651100,19560496.0000000000,31
1000,321,0.0081374790,19560496.0000000000,33
1000,322,0.0081895850,19560496.0000000000,30
1000,323,0.0081452250,19560496.0000000000,33
1000,324,0.0081495090,19560496.0000000000,2
1000,325,0.0081611430,19560496.0000000000,14
1000,326,0.0081706350,19560496.0000000000,4
1000,327,0.0069964010,17158704.0000000000,11
1000,328,0.0069638870,17158704.0000000000,24
1000,329,0.0070809290,17158704.0000000000,12
1000,330,0.0081755600,19560496.0000000000,9
1000,331,0.0081674240,19560496.0000000000,18
1000,332,0.0081560800,19560496.0000000000,0
1000,333,0.0081774440,19560496.0000000000,10
1000,334,0.0081677090,19560496.0000000000,32
1000,335,0.0081672020,19560496.0000000000,3
1000,336,0.0081475280,19560496.0000000000,33
1000,337,0.0081673130,19560496.0000000000,26
1000,338,0.0081925570,19560496.0000000000,35
1000,339,0.0081712050,19560496.0000000000,38
1000,340,0.0081703740,19560496.0000000000,6
1000,341,0.0081582280,19560496.0000000000,8
1000,342,0.0069555190,17158704.0000000000,19
1000,343,0.0070781740,17158704.0000000000,32
1000,344,0.0071154130,17158704.0000000000,34
1000,345,0.0081642780,19560496.0000000000,31
1000,346,0.0081957290,19560496.0000000000,8
1000,347,0.0081611530,19560496.0000000000,27
1000,348,0.0082154330,19560496.0000000000,20
1000,349,0.0081752150,19560496.0000000000,4
1000,350,0.0081584060,19560496.0000000000,25
1000,351,0.0081553610,19560496.0000000000,3
1000,352,0.0081572560,19560496.0000000000,39
1000,353,0.0081845460,19560496.0000000000,1
1000,354,0.0081840550,19560496.0000000000,28
1000,355,0.0081559910,19560496.0000000000,25
1000,356,0.0081884330,19560496.0000000000,23
1000,357,0.0071261160,17158704.0000000000,12
1000,358,0.0071396450,17158704.0000000000,8
1000,359,0.0071384350,17158704.0000000000,9
1000,360,0.0081317070,19560496.0000000000,39
1000,361,0.0081636060,19560496.0000000000,1
1000,362,0.0081524370,19560496.0000000000,39
1000,363,0.0081727980,19560496.0000000000,37
1000,364,0.0081863600,19560496.0000000000,10
1000,365,0.0081624380,19560496.0000000000,6
1000,366,0.0081514850,19560496.0000000000,14
1000,367,0.0081825040,19560496.0000000000,8
1000,368,0.0082010670,19560496.0000000000,28
1000,369,0.0081816430,19560496.0000000000,9
1000,370,0.0081704810,19560496.0000000000,8
1000,371,0.0081636670,19560496.0000000000,14
1000,372,0.0070072180,17158704.0000000000,6
1000,373,0.0070713550,17158704.0000000000,21
1000,374,0.0071640850,17158704.0000000000,10
1000,375,0.0081690000,19560496.0000000000,5
1000,376,0.0082115110,19560496.0000000000,12
1000,377,0.0081897850,19560496.0000000000,1
1000,378,0.0082039560,19560496.0000000000,15
1000,379,0.0081778830,19560496.0000000000,13
1000,380,0.0081468880,19560496.0000000000,7
1000,381,0.0081779830,19560496.0000000000,10
1000,382,0.0081918350,19560496.0000000000,5
1000,383,0.0081602650,19560496.0000000000,5
1000,384,0.0081765290,19560496.0000000000,1
1000,385,0.0081559630,19560496.0000000000,13
1000,386,0.0081621990,19560496.0000000000,5
1000,387,0.0069669960,17158704.0000000000,33
1000,388,0.0070685810,17158704.0000000000,1
1000,389,0.0070385330,17158704.0000000000,10
1000,390,0.0082024500,19560496.0000000000,17
1000,391,0.0081578570,19560496.0000000000,34
1000,392,0.0082217630,19560496.0000000000,21
1000,393,0.0082004930,19560496.0000000000,22
1000,394,0.0081371470,19560496.0000000000,39
1000,395,0.0081588380,19560496.0000000000,9
1000,396,0.0081462310,19560496.0000000000,2
1000,397,0.0081280010,19560496.0000000000,33
1000,398,0.0082011460,19560496.0000000000,23
1000,399,0.0081602820,19560496.0000000000,9
1000,400,0.0081858800,19560496.0000000000,12
1000,401,0.0081987330,19560496.0000000000,16
1000,402,0.0070951690,17158704.0000000000,39
1000,403,0.0070009450,17158704.0000000000,18
1000,404,0.0069779640,17158704.0000000000,31
1000,405,0.0081679580,19560496.0000000000,36
1000,406,0.0081528940,19560496.0000000000,19
1000,407,0.0081557700,19560496.0000000000,24
1000,408,0.0081654630,19560496.0000000000,37
1000,409,0.0081539230,19560496.0000000000,35
1000,410,0.0081818130,19560496.0000000000,12
1000,411,0.0081700740,19560496.0000000000,35
1000,412,0.0081748050,19560496.0000000000,1
1000,413,0.0081373270,19560496.0000000000,11
1000,414,0.0081706580,19560496.0000000000,22
1000,415,0.0082054660,19560496.0000000000,17
1000,416,0.0082028620,19560496.0000000000,30
1000,417,0.0069533330,17158704.0000000000,7
1000,418,0.0070993200,17158704.0000000000,30
1000,419,0.0070285910,17158704.0000000000,5
1000,420,0.0062157660,14756912.0000000000,17
1000,421,0.0061908850,14756912.0000000000,21
1000,422,0.0061858380,14756912.0000000000,18
1000,423,0.0062142580,14756912.0000000000,15
1000,424,0.0062257360,14756912.0000000000,16
1000,425,0.0062148330,14756912.0000000000,20
1000,426,0.0061892550,14756912.0000000000,19
1000,427,0.0061740420,14756912.0000000000,26
1000,428,0.0061836090,14756912.0000000000,27
1000,429,0.0061743720,14756912.0000000000,24
1000,430,0.0061766370,14756912.0000000000,29
1000,431,0.0061905920,14756912.0000000000,28
1000,432,0.0056910670,12944944.0000000000,14
1000,433,0.0057178880,12944944.0000000000,13
1000,434,0.0056851320,12944944.0000000000,22
1050,0,2.0425079100,84941936.0000000000,18
1050,1,2.0742563093,84980944.0000000000,11
1050,2,2.0875589357,84528288.0000000000,0
1050,3,2.0904731786,84432496.0000000000,24
1050,4,2.0578303855,83505696.0000000000,16
1050,5,2.0401051813,82825952.0000000000,21
1050,6,2.1089450363,84594400.0000000000,17
1050,7,2.1319432506,85474864.0000000000,15
1050,8,2.1883974771,87506880.0000000000,22
1050,9,2.2358695203,88880336.0000000000,20
1050,10,2.2827973610,89764448.0000000000,19
1050,11,2.3799588885,93659280.0000000000,29
1050,12,2.1977763839,85728352.0000000000,36
1050,13,2.1510344301,84589424.0000000000,37
1050,14,2.0529128492,81969408.0000000000,38
1050,15,3.7472988315,151708864.0000000000,8
1050,16,3.8192161815,151820608.0000000000,26
1050,17,3.8054037142,149619104.0000000000,33
1050,18,3.7511073252,146967712.0000000000,34
1050,19,3.6461887082,143088272.0000000000,3
1050,20,3.5272331586,138894976.0000000000,1
1050,21,3.4648912213,136616688.0000000000,22
1050,22,3.4529685027,136740016.0000000000,37
1050,23,3.5719666470,140692880.0000000000,11
1050,24,3.8082997921,148007984.0000000000,24
1050,25,4.0795604264,156545648.0000000000,30
1050,26,4.2149428013,161976800.0000000000,2
1050,27,3.5784405342,139023328.0000000000,1
1050,28,3.4379862782,135871424.0000000000,4
1050,29,3.3628000963,134904416.0000000000,16
1050,30,3.6932244207,153664928.0000000000,21
1050,31,3.7408111416,154114336.0000000000,36
1050,32,3.7782460657,154945712.0000000000,4
1050,33,3.8648781604,157151776.0000000000,30
1050,34,4.0067040294,161376864.0000000000,13
1050,35,4.1782107446,167255632.0000000000,28
1050,36,4.3323256964,172574400.0000000000,14
1050,37,4.3825720694,174328096.0000000000,27
1050,38,4.2894001881,171331536.0000000000,5
1050,39,4.1194208769,165468896.0000000000,25
1050,40,3.9508163868,159798896.0000000000,4
1050,41,3.8270046608,156190032.0000000000,7
1050,42,3.2986848336,135299104.0000000000,17
1050,43,3.2730097295,134812240.0000000000,15
1050,44,3.2571003921,134547024.0000000000,18
1050,45,3.6590546779,153705536.0000000000,29
1050,46,3.6639080068,153780128.0000000000,31
1050,47,3.6685779814,153777536.0000000000,15
1050,48,3.6616419609,153781248.0000000000,11
1050,49,3.6629387001,153778640.0000000000,3
1050,50,3.6635417065,153780224.0000000000,25
1050,51,3.6665137043,153778480.0000000000,2
1050,52,3.6688447552,153780656.0000000000,15
1050,53,3.6660417373,153777072.0000000000,14
1050,54,3.6627201783,153781456.0000000000,39
1050,55,3.6666789509,153777504.0000000000,13
1050,56,3.6643749101,153783936.0000000000,35
1050,57,3.2363726785,134600896.0000000000,29
1050,58,3.2437355464,134600224.0000000000,21
1050,59,3.2377247332,134525984.0000000000,19
1050,60,3.6648640723,153705712.0000000000,6
1050,61,3.6670395497,153776208.0000000000,17
1050,62,3.6646759997,153778544.0000000000,26
1050,63,3.6629308677,153778736.0000000000,5
1050,64,3.6672573895,153778112.0000000000,17
1050,65,3.6638946225,153779072.0000000000,0
1050,66,3.6670802146,153776896.0000000000,21
1050,67,3.6618951062,153780112.0000000000,39
1050,68,3.6672925587,153778896.0000000000,20
1050,69,3.6691147767,153778224.0000000000,16
1050,70,3.6673938039,153777600.0000000000,20
1050,71,3.6618895573,153774336.0000000000,33
1050,72,3.2406415534,134600512.0000000000,25
1050,73,3.2406491064,134602400.0000000000,2
1050,74,3.2370367239,134522432.0000000000,31
1050,75,3.6644481747,153706688.0000000000,28
1050,76,3.6676902118,153780912.0000000000,12
1050,77,3.6641293024,153781312.0000000000,27
1050,78,3.6659211305,153780496.0000000000,10
1050,79,3.6646234304,153777776.0000000000,24
1050,80,3.6671649023,153780992.0000000000,1
1050,81,3.6656559361,153778784.0000000000,6
1050,82,3.6683474753,153781200.0000000000,23
1050,83,3.6676618757,153783440.0000000000,22
1050,84,3.6651186535,153777088.0000000000,32
1050,85,3.6635520463,153780224.0000000000,35
1050,86,3.6660237817,153778304.0000000000,14
1050,87,3.2373046400,134601232.0000000000,11
1050,88,3.2394008661,134596464.0000000000,37
1050,89,3.2395691875,134523920.0000000000,0
1050,90,3.6633485221,153706192.0000000000,9
1050,91,3.6644493457,153778256.0000000000,19
1050,92,3.6643066969,153779008.0000000000,38
1050,93,3.6617173295,153779904.0000000000,37
1050,94,3.6626745334,153777824.0000000000,35
1050,95,3.6627861801,153781360.0000000000,7
1050,96,3.6637427038,153777056.0000000000,34
1050,97,3.6616388790,153776496.0000000000,33
1050,98,3.6661177436,153777664.0000000000,13
1050,99,3.6634598887,153781696.0000000000,34
1050,100,3.6629313513,153779120.0000000000,7
1050,101,3.6617134891,153777536.0000000000,39
1050,102,3.2413148601,134600496.0000000000,36
1050,103,3.2417061973,134601392.0000000000,32
1050,104,3.2377361863,134527200.0000000000,24
1050,105,3.6641762000,153550512.0000000000,12
1050,106,3.6654769423,153773024.0000000000,9
1050,107,3.6669002664,153788592.0000000000,26
1050,108,3.6658825194,153780464.0000000000,5
1050,109,3.6668287641,153775984.0000000000,6
1050,110,3.6654828954,153771280.0000000000,9
1050,111,3.6649917480,153778352.0000000000,8
1050,112,3.6674710734,153787600.0000000000,28
1050,113,3.6664821613,153774144.0000000000,18
1050,114,3.6645954015,153761664.0000000000,8
1050,115,3.6705363318,153771168.0000000000,16
1050,116,3.6670112560,153781040.0000000000,32
1050,117,3.2399732676,134606368.0000000000,30
1050,118,3.2444168317,134602688.0000000000,23
1050,119,3.2391395535,134361104.0000000000,38
1050,120,3.6595332033,153433328.0000000000,38
1050,121,3.6672849663,153780240.0000000000,0
1050,122,3.6644101244,153759296.0000000000,31
1050,123,3.6655427184,153776544.0000000000,36
1050,124,3.6676253566,153792768.0000000000,19
1050,125,3.6664242060,153770032.0000000000,27
1050,126,3.6622963441,153772176.0000000000,29
1050,127,3.6700867506,153783200.0000000000,23
1050,128,3.6658363197,153780464.0000000000,18
1050,129,3.6690198186,153785376.0000000000,12
1050,130,3.6664426072,153782448.0000000000,10
1050,131,3.6661630505,153770608.0000000000,10
1050,132,3.2446052111,134601264.0000000000,3
1050,133,3.2472148098,134586928.0000000000,20
1050,134,3.2184591784,134258336.0000000000,22
1050,135,0.6489475846,33547680.0000000000,31
1050,136,0.6491471016,33589424.0000000000,32
1050,137,0.6494394655,33594048.0000000000,1
1050,138,0.6492967818,33581056.0000000000,2
1050,139,0.6489420632,33584528.0000000000,3
1050,140,0.6504388211,33588160.0000000000,23
1050,141,0.6494339953,33595936.0000000000,35
1050,142,0.6485803428,33583856.0000000000,34
1050,143,0.6496502237,33592016.0000000000,4
1050,144,0.6484094281,33581264.0000000000,25
1050,145,0.6479630011,33583072.0000000000,33
1050,146,0.6497032665,33593200.0000000000,30
1050,147,0.6059155028,29440064.0000000000,39
1050,148,0.6069243333,29434624.0000000000,13
1050,149,0.6038656518,29397024.0000000000,14
1050,150,0.2666854831,19560496.0000000000,3
1050,151,0.2663875061,19560496.0000000000,25
1050,152,0.2667470729,19560496.0000000000,26
1050,153,0.2668519790,19560496.0000000000,4
1050,154,0.2675313137,19560496.0000000000,12
1050,155,0.2671970947,19560496.0000000000,30
1050,156,0.2666501305,19560496.0000000000,32
1050,157,0.2664716060,19560496.0000000000,25
1050,158,0.2668821506,19560496.0000000000,6
1050,159,0.2667907970,19560496.0000000000,3
1050,160,0.2665461885,19560496.0000000000,2
1050,161,0.2668909745,19560496.0000000000,5
1050,162,0.2308363601,17158704.0000000000,30
1050,163,0.2281887437,17158704.0000000000,7
1050,164,0.2326875355,17158704.0000000000,9
1050,165,0.2668465265,19560496.0000000000,9
1050,166,0.2676870363,19560496.0000000000,23
1050,167,0.2666243352,19560496.0000000000,27
1050,168,0.2673061941,19560496.0000000000,12
1050,169,0.2674551145,19560496.0000000000,28
1050,170,0.2675958208,19560496.0000000000,23
1050,171,0.2667378909,19560496.0000000000,5
1050,172,0.2667763995,19560496.0000000000,18
1050,173,0.2669716277,19560496.0000000000,8
1050,174,0.2667653248,19560496.0000000000,31
1050,175,0.2668867638,19560496.0000000000,4
1050,176,0.2668892428,19560496.0000000000,1
1050,177,0.2282842184,17158704.0000000000,27
1050,178,0.2314961312,17158704.0000000000,25
1050,179,0.2318973055,17158704.0000000000,8
1050,180,0.2668276255,19560496.0000000000,13
1050,181,0.2663202412,19560496.0000000000,0
1050,182,0.2666991317,19560496.0000000000,2
1050,183,0.2673290526,19560496.0000000000,12
1050,184,0.2666441882,19560496.0000000000,26
1050,185,0.2674595851,19560496.0000000000,30
1050,186,0.2665234396,19560496.0000000000,27
1050,187,0.2666250019,19560496.0000000000,14
1050,188,0.2664245858,19560496.0000000000,27
1050,189,0.2665897200,19560496.0000000000,26
1050,190,0.2674152328,19560496.0000000000,12
1050,191,0.2667582370,19560496.0000000000,6
1050,192,0.2325765497,17158704.0000000000,26
1050,193,0.2307139655,17158704.0000000000,35
1050,194,0.2301126056,17158704.0000000000,11
1050,195,0.2680164828,19560496.0000000000,15
1050,196,0.2669395780,19560496.0000000000,5
1050,197,0.2669198241,19560496.0000000000,31
1050,198,0.2666334032,19560496.0000000000,32
1050,199,0.2666378155,19560496.0000000000,3
1050,200,0.2668587012,19560496.0000000000,13
1050,201,0.2666634313,19560496.0000000000,6
1050,202,0.2675673417,19560496.0000000000,28
1050,203,0.2667103246,19560496.0000000000,35
1050,204,0.2665329407,19560496.0000000000,34
1050,205,0.2667027170,19560496.0000000000,3
1050,206,0.2659268814,19560496.0000000000,11
1050,207,0.2315841678,17158704.0000000000,25
1050,208,0.2296412480,17158704.0000000000,14
1050,209,0.2318373103,17158704.0000000000,16
1050,210,0.2664304206,19560496.0000000000,19
1050,211,0.2665225861,19560496.0000000000,2
1050,212,0.2666867881,19560496.0000000000,26
1050,213,0.2668142763,19560496.0000000000,13
1050,214,0.2662612632,19560496.0000000000,14
1050,215,0.2665661324,19560496.0000000000,32
1050,216,0.2666327542,19560496.0000000000,36
1050,217,0.2673880908,19560496.0000000000,28
1050,218,0.2676170388,19560496.0000000000,16
1050,219,0.2662898154,19560496.0000000000,39
1050,220,0.2673738916,19560496.0000000000,28
1050,221,0.2667449592,19560496.0000000000,5
1050,222,0.2327908728,17158704.0000000000,15
1050,223,0.2313050926,17158704.0000000000,37
1050,224,0.2321513173,17158704.0000000000,28
1050,225,0.2663607663,19560496.0000000000,34
1050,226,0.2668071539,19560496.0000000000,31
1050,227,0.2667705458,19560496.0000000000,4
1050,228,0.2674878441,19560496.0000000000,28
1050,229,0.2664914666,19560496.0000000000,26
1050,230,0.2665043866,19560496.0000000000,24
1050,231,0.2659192275,19560496.0000000000,7
1050,232,0.2673141629,19560496.0000000000,10
1050,233,0.2667737848,19560496.0000000000,4
1050,234,0.2667010834,19560496.0000000000,25
1050,235,0.2660502852,19560496.0000000000,7
1050,236,0.2677382550,19560496.0000000000,20
1050,237,0.2310802850,17158704.0000000000,4
1050,238,0.2302420802,17158704.0000000000,0
1050,239,0.2297375734,17158704.0000000000,2
1050,240,0.2671994127,19560496.0000000000,38
1050,241,0.2669550218,19560496.0000000000,1
1050,242,0.2676538641,19560496.0000000000,23
1050,243,0.2662476856,19560496.0000000000,37
1050,244,0.2669095187,19560496.0000000000,8
1050,245,0.2676670778,19560496.0000000000,23
1050,246,0.2669098046,19560496.0000000000,9
1050,247,0.2676201928,19560496.0000000000,23
1050,248,0.2666224025,19560496.0000000000,32
1050,249,0.2664123910,19560496.0000000000,27
1050,250,0.2666746696,19560496.0000000000,32
1050,251,0.2667837449,19560496.0000000000,4
1050,252,0.2301483096,17158704.0000000000,23
1050,253,0.2302790154,17158704.0000000000,5
1050,254,0.2332446982,17158704.0000000000,20
1050,255,0.2660305853,19560496.0000000000,7
1050,256,0.2665629836,19560496.0000000000,26
1050,257,0.2660847850,19560496.0000000000,33
1050,258,0.2658279225,19560496.0000000000,7
1050,259,0.2667152965,19560496.0000000000,35
1050,260,0.2658624830,19560496.0000000000,7
1050,261,0.2666903812,19560496.0000000000,6
1050,262,0.2664816918,19560496.0000000000,25
1050,263,0.2667631777,19560496.0000000000,9
1050,264,0.2664098875,19560496.0000000000,34
1050,265,0.2697522204,19560496.0000000000,8
1050,266,0.2672310392,19560496.0000000000,38
1050,267,0.2304209159,17158704.0000000000,22
1050,268,0.2328501526,17158704.0000000000,17
1050,269,0.2329231664,17158704.0000000000,3
1050,270,0.2664193135,19560496.0000000000,39
1050,271,0.2660442314,19560496.0000000000,7
1050,272,0.2663326285,19560496.0000000000,27
1050,273,0.2666193707,19560496.0000000000,2
1050,274,0.2669247996,19560496.0000000000,9
1050,275,0.2671546613,19560496.0000000000,10
1050,276,0.2659868285,19560496.0000000000,7
1050,277,0.2669387300,19560496.0000000000,31
1050,278,0.2671806271,19560496.0000000000,10
1050,279,0.2668664039,19560496.0000000000,8
1050,280,0.2671680626,19560496.0000000000,10
1050,281,0.2676784051,19560496.0000000000,21
1050,282,0.2317812380,17158704.0000000000,6
1050,283,0.2316938396,17158704.0000000000,36
1050,284,0.2320695487,17158704.0000000000,32
1050,285,0.2668837108,19560496.0000000000,4
1050,286,0.2672868463,19560496.0000000000,30
1050,287,0.2663072698,19560496.0000000000,34
1050,288,0.2665131770,19560496.0000000000,26
1050,289,0.2663092228,19560496.0000000000,27
1050,290,0.2664799337,19560496.0000000000,27
1050,291,0.2666676732,19560496.0000000000,6
1050,292,0.2674507001,19560496.0000000000,10
1050,293,0.2666471616,19560496.0000000000,36
1050,294,0.2662258872,19560496.0000000000,29
1050,295,0.2665353675,19560496.0000000000,2
1050,296,0.2670382725,19560496.0000000000,30
1050,297,0.2322665678,17158704.0000000000,38
1050,298,0.2295737485,17158704.0000000000,23
1050,299,0.2321686850,17158704.0000000000,13
1050,300,0.2667618475,19560496.0000000000,35
1050,301,0.2660340677,19560496.0000000000,33
1050,302,0.2665679959,19560496.0000000000,32
1050,303,0.2673520273,19560496.0000000000,28
1050,304,0.2668696599,19560496.0000000000,31
1050,305,0.2667947540,19560496.0000000000,6
1050,306,0.2668750869,19560496.0000000000,1
1050,307,0.2663735439,19560496.0000000000,34
1050,308,0.2664146124,19560496.0000000000,14
1050,309,0.2673624781,19560496.0000000000,30
1050,310,0.2667690024,19560496.0000000000,13
1050,311,0.2667438480,19560496.0000000000,3
1050,312,0.2294416367,17158704.0000000000,31
1050,313,0.2304960777,17158704.0000000000,0
1050,314,0.2292108485,17158704.0000000000,29
1050,315,0.2668825488,19560496.0000000000,3
1050,316,0.2674797441,19560496.0000000000,12
1050,317,0.2664488665,19560496.0000000000,25
1050,318,0.2662136027,19560496.0000000000,29
1050,319,0.2666828500,19560496.0000000000,2
1050,320,0.2668092953,19560496.0000000000,31
1050,321,0.2660127045,19560496.0000000000,33
1050,322,0.2673947734,19560496.0000000000,30
1050,323,0.2659318490,19560496.0000000000,33
1050,324,0.2665628987,19560496.0000000000,2
1050,325,0.2663925364,19560496.0000000000,14
1050,326,0.2667651321,19560496.0000000000,4
1050,327,0.2302194833,17158704.0000000000,11
1050,328,0.2286199002,17158704.0000000000,24
1050,329,0.2323883809,17158704.0000000000,12
1050,330,0.2667097503,19560496.0000000000,9
1050,331,0.2669032058,19560496.0000000000,18
1050,332,0.2662309322,19560496.0000000000,0
1050,333,0.2670455453,19560496.0000000000,10
1050,334,0.2665896395,19560496.0000000000,32
1050,335,0.2668299581,19560496.0000000000,3
1050,336,0.2658279472,19560496.0000000000,33
1050,337,0.2665028376,19560496.0000000000,26
1050,338,0.2667195434,19560496.0000000000,35
1050,339,0.2670695580,19560496.0000000000,38
1050,340,0.2668482446,19560496.0000000000,6
1050,341,0.2669686790,19560496.0000000000,8
1050,342,0.2294653185,17158704.0000000000,19
1050,343,0.2321274015,17158704.0000000000,32
1050,344,0.2311275166,17158704.0000000000,34
1050,345,0.2668229943,19560496.0000000000,31
1050,346,0.2670069116,19560496.0000000000,8
1050,347,0.2663598737,19560496.0000000000,27
1050,348,0.2677672459,19560496.0000000000,20
1050,349,0.2667494602,19560496.0000000000,4
1050,350,0.2664330837,19560496.0000000000,25
1050,351,0.2666782174,19560496.0000000000,3
1050,352,0.2662947976,19560496.0000000000,39
1050,353,0.2669675918,19560496.0000000000,1
1050,354,0.2673026178,19560496.0000000000,28
1050,355,0.2662968413,19560496.0000000000,25
1050,356,0.2676968831,19560496.0000000000,23
1050,357,0.2329250372,17158704.0000000000,12
1050,358,0.2314556719,17158704.0000000000,8
1050,359,0.2331456104,17158704.0000000000,9
1050,360,0.2662133481,19560496.0000000000,39
1050,361,0.2668307340,19560496.0000000000,1
1050,362,0.2661947570,19560496.0000000000,39
1050,363,0.2661785775,19560496.0000000000,37
1050,364,0.2672521099,19560496.0000000000,10
1050,365,0.2667984696,19560496.0000000000,6
1050,366,0.2664903412,19560496.0000000000,14
1050,367,0.2669692461,19560496.0000000000,8
1050,368,0.2673783916,19560496.0000000000,28
1050,369,0.2667950152,19560496.0000000000,9
1050,370,0.2667910046,19560496.0000000000,8
1050,371,0.2665982267,19560496.0000000000,14
1050,372,0.2314495191,17158704.0000000000,6
1050,373,0.2324225676,17158704.0000000000,21
1050,374,0.2327362513,17158704.0000000000,10
1050,375,0.2668839642,19560496.0000000000,5
1050,376,0.2676294708,19560496.0000000000,12
1050,377,0.2669880090,19560496.0000000000,1
1050,378,0.2680631088,19560496.0000000000,15
1050,379,0.2668222435,19560496.0000000000,13
1050,380,0.2659839473,19560496.0000000000,7
1050,381,0.2672367738,19560496.0000000000,10
1050,382,0.2669358425,19560496.0000000000,5
1050,383,0.2667325268,19560496.0000000000,5
1050,384,0.2668512135,19560496.0000000000,1
1050,385,0.2668562401,19560496.0000000000,13
1050,386,0.2668955949,19560496.0000000000,5
1050,387,0.2280320434,17158704.0000000000,33
1050,388,0.2298774848,17158704.0000000000,1
1050,389,0.2323947790,17158704.0000000000,10
1050,390,0.2680484355,19560496.0000000000,17
1050,391,0.2665783174,19560496.0000000000,34
1050,392,0.2675153414,19560496.0000000000,21
1050,393,0.2673396322,19560496.0000000000,22
1050,394,0.2663086538,19560496.0000000000,39
1050,395,0.2668590122,19560496.0000000000,9
1050,396,0.2666810088,19560496.0000000000,2
1050,397,0.2658836047,19560496.0000000000,33
1050,398,0.2676431739,19560496.0000000000,23
1050,399,0.2666884685,19560496.0000000000,9
1050,400,0.2674691259,19560496.0000000000,12
1050,401,0.2677831861,19560496.0000000000,16
1050,402,0.2314521147,17158704.0000000000,39
1050,403,0.2289179476,17158704.0000000000,18
1050,404,0.2293392635,17158704.0000000000,31
1050,405,0.2665247937,19560496.0000000000,36
1050,406,0.2663080453,19560496.0000000000,19
1050,407,0.2665951957,19560496.0000000000,24
1050,408,0.2661495913,19560496.0000000000,37
1050,409,0.2666631283,19560496.0000000000,35
1050,410,0.2674279886,19560496.0000000000,12
1050,411,0.2665507057,19560496.0000000000,35
1050,412,0.2669191863,19560496.0000000000,1
1050,413,0.2658736625,19560496.0000000000,11
1050,414,0.2672857167,19560496.0000000000,22
1050,415,0.2679779971,19560496.0000000000,17
1050,416,0.2671629203,19560496.0000000000,30
1050,417,0.2282189242,17158704.0000000000,7
1050,418,0.2312245564,17158704.0000000000,30
1050,419,0.2300522670,17158704.0000000000,5
1050,420,0.2028098639,14756912.0000000000,17
1050,421,0.2024594414,14756912.0000000000,21
1050,422,0.2019697446,14756912.0000000000,18
1050,423,0.2028206760,14756912.0000000000,15
1050,424,0.2030483482,14756912.0000000000,16
1050,425,0.2031725573,14756912.0000000000,20
1050,426,0.2015662431,14756912.0000000000,19
1050,427,0.2019867893,14756912.0000000000,26
1050,428,0.2017443091,14756912.0000000000,27
1050,429,0.2020058743,14756912.0000000000,24
1050,430,0.2015437185,14756912.0000000000,29
1050,431,0.2025243061,14756912.0000000000,28
1050,432,0.1854618304,12944944.0000000000,14
1050,433,0.1860243754,12944944.0000000000,13
1050,434,0.1860707382,12944944.0000000000,22
1100,0,0.0631901580,84687632.0000000000,18
1100,1,0.0642461770,84743536.0000000000,11
1100,2,0.0650255310,84297568.0000000000,0
1100,3,0.0652291570,84567792.0000000000,24
1100,4,0.0654215820,84000736.0000000000,16
1100,5,0.0633213790,82874320.0000000000,21
1100,6,0.0616413410,81766704.0000000000,17
1100,7,0.0592396530,80536576.0000000000,15
1100,8,0.0657152300,85619264.0000000000,22
1100,9,0.0694331550,88462288.0000000000,20
1100,10,0.0706182610,89338000.0000000000,19
1100,11,0.0756945830,94904160.0000000000,29
1100,12,0.0698548740,86887440.0000000000,36
1100,13,0.0677000000,85180672.0000000000,37
1100,14,0.0638546970,82313024.0000000000,38
1100,15,0.1161548820,151334128.0000000000,8
1100,16,0.1180859930,151237344.0000000000,26
1100,17,0.1165850340,148582000.0000000000,33
1100,18,0.1142515600,145283152.0000000000,34
1100,19,0.1085016850,139855552.0000000000,3
1100,20,0.1011310790,133129216.0000000000,1
1100,21,0.0947911960,128415184.0000000000,22
1100,22,0.0934388170,127902480.0000000000,37
1100,23,0.0989225970,133003904.0000000000,11
1100,24,0.1108106420,142852464.0000000000,24
1100,25,0.1237911580,154196128.0000000000,30
1100,26,0.1306222840,161704384.0000000000,2
1100,27,0.1103507160,138950912.0000000000,1
1100,28,0.1068581050,135872528.0000000000,4
1100,29,0.1043794940,134915328.0000000000,16
1100,30,0.1150515560,153663856.0000000000,21
1100,31,0.1169119180,154249184.0000000000,36
1100,32,0.1184549750,155402224.0000000000,4
1100,33,0.1225786970,158383552.0000000000,30
1100,34,0.1296247680,164170032.0000000000,13
1100,35,0.1384566550,172244448.0000000000,28
1100,36,0.1468383030,179644176.0000000000,14
1100,37,0.1498271000,182292192.0000000000,27
1100,38,0.1452774290,178329968.0000000000,5
1100,39,0.1363709790,170153408.0000000000,25
1100,40,0.1273666520,162211600.0000000000,4
1100,41,0.1213808560,157107648.0000000000,7
1100,42,0.1032013330,135550432.0000000000,17
1100,43,0.1019436340,134878992.0000000000,15
1100,44,0.1013175170,134561616.0000000000,18
1100,45,0.1136765530,153702240.0000000000,29
1100,46,0.1137420290,153780480.0000000000,31
1100,47,0.1139140430,153778896.0000000000,15
1100,48,0.1137899480,153779760.0000000000,11
1100,49,0.1137601890,153780976.0000000000,3
1100,50,0.1137954500,153780272.0000000000,25
1100,51,0.1139166100,153780400.0000000000,2
1100,52,0.1139008200,153775728.0000000000,15
1100,53,0.1138717350,153779344.0000000000,14
1100,54,0.1137752690,153781136.0000000000,39
1100,55,0.1138838640,153777552.0000000000,13
1100,56,0.1137950950,153778912.0000000000,35
1100,57,0.1005483880,134599968.0000000000,29
1100,58,0.1007450660,134599056.0000000000,21
1100,59,0.1005464560,134524736.0000000000,19
1100,60,0.1138309740,153706112.0000000000,6
1100,61,0.1139055240,153777456.0000000000,17
1100,62,0.1139137390,153779584.0000000000,26
1100,63,0.1137386270,153781408.0000000000,5
1100,64,0.1140406160,153779104.0000000000,17
1100,65,0.1139565080,153777328.0000000000,0
1100,66,0.1139158220,153779056.0000000000,21
1100,67,0.1138935900,153777408.0000000000,39
1100,68,0.1139698600,153780352.0000000000,20
1100,69,0.1139460740,153779232.0000000000,16
1100,70,0.1138247480,153776000.0000000000,20
1100,71,0.1138052340,153776832.0000000000,33
1100,72,0.1006437860,134601328.0000000000,25
1100,73,0.1006680670,134600112.0000000000,2
1100,74,0.1005454220,134522784.0000000000,31
1100,75,0.1138192990,153704384.0000000000,28
1100,76,0.1139004290,153777824.0000000000,12
1100,77,0.1138186660,153781360.0000000000,27
1100,78,0.1139029260,153778336.0000000000,10
1100,79,0.1138127450,153776816.0000000000,24
1100,80,0.1139088280,153780320.0000000000,1
1100,81,0.1138042150,153776896.0000000000,6
1100,82,0.1139360420,153780128.0000000000,23
1100,83,0.1139141180,153779952.0000000000,22
1100,84,0.1139384430,153777712.0000000000,32
1100,85,0.1137721910,153778720.0000000000,35
1100,86,0.1138910910,153781552.0000000000,14
1100,87,0.1006096680,134600400.0000000000,11
1100,88,0.1005420430,134595136.0000000000,37
1100,89,0.1006447500,134525552.0000000000,0
1100,90,0.1138212500,153704336.0000000000,9
1100,91,0.1138282850,153777312.0000000000,19
1100,92,0.1138452850,153779584.0000000000,38
1100,93,0.1138298540,153781408.0000000000,37
1100,94,0.1139192240,153775968.0000000000,35
1100,95,0.1137589180,153780736.0000000000,7
1100,96,0.1138266160,153776112.0000000000,34
1100,97,0.1137156520,153780336.0000000000,33
1100,98,0.1138913310,153780768.0000000000,13
1100,99,0.1137440160,153777328.0000000000,34
1100,100,0.1137425440,153780464.0000000000,7
1100,101,0.1137145110,153778672.0000000000,39
1100,102,0.1006745020,134596592.0000000000,36
1100,103,0.1006393480,134602688.0000000000,32
1100,104,0.1005918860,134524464.0000000000,24
1100,105,0.1138349620,153540608.0000000000,12
1100,106,0.1139429140,153774064.0000000000,9
1100,107,0.1139578550,153789152.0000000000,26
1100,108,0.1138503720,153778272.0000000000,5
1100,109,0.1139657370,153775312.0000000000,6
1100,110,0.1139311730,153772304.0000000000,9
1100,111,0.1139024860,153776320.0000000000,8
1100,112,0.1139250260,153787296.0000000000,28
1100,113,0.1138872600,153775152.0000000000,18
1100,114,0.1139098900,153762304.0000000000,8
1100,115,0.1140917650,153774640.0000000000,16
1100,116,0.1140304590,153780448.0000000000,32
1100,117,0.1006557040,134606016.0000000000,30
1100,118,0.1007698870,134601264.0000000000,23
1100,119,0.1007339960,134355456.0000000000,38
1100,120,0.1136987010,153414704.0000000000,38
1100,121,0.1141893780,153783936.0000000000,0
1100,122,0.1138475950,153757712.0000000000,31
1100,123,0.1139770110,153779120.0000000000,36
1100,124,0.1139431780,153789360.0000000000,19
1100,125,0.1138809150,153775328.0000000000,27
1100,126,0.1137333530,153769616.0000000000,29
1100,127,0.1140095840,153782416.0000000000,23
1100,128,0.1139684660,153780080.0000000000,18
1100,129,0.1139095380,153790992.0000000000,12
1100,130,0.1138862440,153775776.0000000000,10
1100,131,0.1138783480,153769760.0000000000,10
1100,132,0.1008949400,134599696.0000000000,3
1100,133,0.1009249160,134586192.0000000000,20
1100,134,0.0999248980,134240752.0000000000,22
1100,135,0.0201415290,33545600.0000000000,31
1100,136,0.0200878280,33590128.0000000000,32
1100,137,0.0200507340,33592720.0000000000,1
1100,138,0.0200271970,33580128.0000000000,2
1100,139,0.0200307460,33587216.0000000000,3
1100,140,0.0200824240,33587584.0000000000,23
1100,141,0.0200273570,33596512.0000000000,35
1100,142,0.0200247540,33584272.0000000000,34
1100,143,0.0202121780,33590160.0000000000,4
1100,144,0.0199801020,33582064.0000000000,25
1100,145,0.0199703980,33582368.0000000000,33
1100,146,0.0200439400,33593408.0000000000,30
1100,147,0.0187944850,29440928.0000000000,39
1100,148,0.0186891190,29434464.0000000000,13
1100,149,0.0185616660,29394208.0000000000,14
1100,150,0.0081628050,19560496.0000000000,3
1100,151,0.0081291300,19560496.0000000000,25
1100,152,0.0081664810,19560496.0000000000,26
1100,153,0.0081674100,19560496.0000000000,4
1100,154,0.0081863320,19560496.0000000000,12
1100,155,0.0081887340,19560496.0000000000,30
1100,156,0.0081765340,19560496.0000000000,32
1100,157,0.0081733360,19560496.0000000000,25
1100,158,0.0081604250,19560496.0000000000,6
1100,159,0.0081589870,19560496.0000000000,3
1100,160,0.0081764410,19560496.0000000000,2
1100,161,0.0081732300,19560496.0000000000,5
1100,162,0.0070911020,17158704.0000000000,30
1100,163,0.0069532740,17158704.0000000000,7
1100,164,0.0070806730,17158704.0000000000,9
1100,165,0.0081680050,19560496.0000000000,9
1100,166,0.0081933200,19560496.0000000000,23
1100,167,0.0081588670,19560496.0000000000,27
1100,168,0.0081888070,19560496.0000000000,12
1100,169,0.0081832500,19560496.0000000000,28
1100,170,0.0082035200,19560496.0000000000,23
1100,171,0.0081639530,19560496.0000000000,5
1100,172,0.0081635850,19560496.0000000000,18
1100,173,0.0081850790,19560496.0000000000,8
1100,174,0.0081782340,19560496.0000000000,31
1100,175,0.0081564290,19560496.0000000000,4
1100,176,0.0081675840,19560496.0000000000,1
1100,177,0.0069858410,17158704.0000000000,27
1100,178,0.0071210030,17158704.0000000000,25
1100,179,0.0071361210,17158704.0000000000,8
1100,180,0.0081653010,19560496.0000000000,13
1100,181,0.0081571440,19560496.0000000000,0
1100,182,0.0081503910,19560496.0000000000,2
1100,183,0.0081871640,19560496.0000000000,12
1100,184,0.0081624860,19560496.0000000000,26
1100,185,0.0081923800,19560496.0000000000,30
1100,186,0.0081569450,19560496.0000000000,27
1100,187,0.0081402920,19560496.0000000000,14
1100,188,0.0081487480,19560496.0000000000,27
1100,189,0.0081739060,19560496.0000000000,26
1100,190,0.0082061990,19560496.0000000000,12
1100,191,0.0081731800,19560496.0000000000,6
1100,192,0.0071387940,17158704.0000000000,26
1100,193,0.0070268950,17158704.0000000000,35
1100,194,0.0070697030,17158704.0000000000,11
1100,195,0.0081769230,19560496.0000000000,15
1100,196,0.0081590530,19560496.0000000000,5
1100,197,0.0081718700,19560496.0000000000,31
1100,198,0.0081544030,19560496.0000000000,32
1100,199,0.0081538350,19560496.0000000000,3
1100,200,0.0081616430,19560496.0000000000,13
1100,201,0.0081643510,19560496.0000000000,6
1100,202,0.0082019700,19560496.0000000000,28
1100,203,0.0081709340,19560496.0000000000,35
1100,204,0.0081649120,19560496.0000000000,34
1100,205,0.0081741440,19560496.0000000000,3
1100,206,0.0081344990,19560496.0000000000,11
1100,207,0.0070788990,17158704.0000000000,25
1100,208,0.0069805750,17158704.0000000000,14
1100,209,0.0070406830,17158704.0000000000,16
1100,210,0.0081314240,19560496.0000000000,19
1100,211,0.0081678420,19560496.0000000000,2
1100,212,0.0081472750,19560496.0000000000,26
1100,213,0.0081838260,19560496.0000000000,13
1100,214,0.0081561440,19560496.0000000000,14
1100,215,0.0081617270,19560496.0000000000,32
1100,216,0.0081615160,19560496.0000000000,36
1100,217,0.0081731330,19560496.0000000000,28
1100,218,0.0081817420,19560496.0000000000,16
1100,219,0.0081622680,19560496.0000000000,39
1100,220,0.0081787230,19560496.0000000000,28
1100,221,0.0081573670,19560496.0000000000,5
1100,222,0.0071150060,17158704.0000000000,15
1100,223,0.0071089370,17158704.0000000000,37
1100,224,0.0070877560,17158704.0000000000,28
1100,225,0.0081326410,19560496.0000000000,34
1100,226,0.0081702670,19560496.0000000000,31
1100,227,0.0081685800,19560496.0000000000,4
1100,228,0.0082192710,19560496.0000000000,28
1100,229,0.0081503210,19560496.0000000000,26
1100,230,0.0081730160,19560496.0000000000,24
1100,231,0.0081458070,19560496.0000000000,7
1100,232,0.0081952090,19560496.0000000000,10
1100,233,0.0081497950,19560496.0000000000,4
1100,234,0.0081344280,19560496.0000000000,25
1100,235,0.0081290450,19560496.0000000000,7
1100,236,0.0081890820,19560496.0000000000,20
1100,237,0.0070943180,17158704.0000000000,4
1100,238,0.0070464180,17158704.0000000000,0
1100,239,0.0069874430,17158704.0000000000,2
1100,240,0.0081914440,19560496.0000000000,38
1100,241,0.0081838840,19560496.0000000000,1
1100,242,0.0081898250,19560496.0000000000,23
1100,243,0.0081765260,19560496.0000000000,37
1100,244,0.0081793670,19560496.0000000000,8
1100,245,0.0081813380,19560496.0000000000,23
1100,246,0.0081666750,19560496.0000000000,9
1100,247,0.0082079100,19560496.0000000000,23
1100,248,0.0081708340,19560496.0000000000,32
1100,249,0.0081338490,19560496.0000000000,27
1100,250,0.0081558860,19560496.0000000000,32
1100,251,0.0081681780,19560496.0000000000,4
1100,252,0.0069845380,17158704.0000000000,23
1100,253,0.0070233010,17158704.0000000000,5
1100,254,0.0071605780,17158704.0000000000,20
1100,255,0.0081520990,19560496.0000000000,7
1100,256,0.0081567930,19560496.0000000000,26
1100,257,0.0081396130,19560496.0000000000,33
1100,258,0.0081409470,19560496.0000000000,7
1100,259,0.0081860320,19560496.0000000000,35
1100,260,0.0081573900,19560496.0000000000,7
1100,261,0.0081641200,19560496.0000000000,6
1100,262,0.0081557910,19560496.0000000000,25
1100,263,0.0081314960,19560496.0000000000,9
1100,264,0.0081314680,19560496.0000000000,34
1100,265,0.0081666430,19560496.0000000000,8
1100,266,0.0081616280,19560496.0000000000,38
1100,267,0.0070230420,17158704.0000000000,22
1100,268,0.0070410440,17158704.0000000000,17
1100,269,0.0070606450,17158704.0000000000,3
1100,270,0.0081720980,19560496.0000000000,39
1100,271,0.0081572080,19560496.0000000000,7
1100,272,0.0081600260,19560496.0000000000,27
1100,273,0.0081793060,19560496.0000000000,2
1100,274,0.0081632590,19560496.0000000000,9
1100,275,0.0081830940,19560496.0000000000,10
1100,276,0.0081391140,19560496.0000000000,7
1100,277,0.0081913080,19560496.0000000000,31
1100,278,0.0081828760,19560496.0000000000,10
1100,279,0.0081644610,19560496.0000000000,8
1100,280,0.0081958910,19560496.0000000000,10
1100,281,0.0081903350,19560496.0000000000,21
1100,282,0.0070517340,17158704.0000000000,6
1100,283,0.0070796100,17158704.0000000000,36
1100,284,0.0070806780,17158704.0000000000,32
1100,285,0.0081480790,19560496.0000000000,4
1100,286,0.0081716810,19560496.0000000000,30
1100,287,0.0081538220,19560496.0000000000,34
1100,288,0.0081680570,19560496.0000000000,26
1100,289,0.0081488280,19560496.0000000000,27
1100,290,0.0081702900,19560496.0000000000,27
1100,291,0.0081756650,19560496.0000000000,6
1100,292,0.0081640600,19560496.0000000000,10
1100,293,0.0081614850,19560496.0000000000,36
1100,294,0.0081465310,19560496.0000000000,29
1100,295,0.0081551180,19560496.0000000000,2
1100,296,0.0081781410,19560496.0000000000,30
1100,297,0.0071472220,17158704.0000000000,38
1100,298,0.0070752110,17158704.0000000000,23
1100,299,0.0070974700,17158704.0000000000,13
1100,300,0.0081879080,19560496.0000000000,35
1100,301,0.0081368400,19560496.0000000000,33
1100,302,0.0081504950,19560496.0000000000,32
1100,303,0.0081996640,19560496.0000000000,28
1100,304,0.0081590470,19560496.0000000000,31
1100,305,0.0081836210,19560496.0000000000,6
1100,306,0.0081620950,19560496.0000000000,1
1100,307,0.0081530390,19560496.0000000000,34
1100,308,0.0081627450,19560496.0000000000,14
1100,309,0.0082035220,19560496.0000000000,30
1100,310,0.0081760320,19560496.0000000000,13
1100,311,0.0081566420,19560496.0000000000,3
1100,312,0.0069738260,17158704.0000000000,31
1100,313,0.0070559870,17158704.0000000000,0
1100,314,0.0069593080,17158704.0000000000,29
1100,315,0.0081408920,19560496.0000000000,3
1100,316,0.0081987350,19560496.0000000000,12
1100,317,0.0081636070,19560496.0000000000,25
1100,318,0.0081558490,19560496.0000000000,29
1100,319,0.0081663410,19560496.0000000000,2
1100,320,0.0081579930,19560496.0000000000,31
1100,321,0.0081679900,19560496.0000000000,33
1100,322,0.0081606390,19560496.0000000000,30
1100,323,0.0081347160,19560496.0000000000,33
1100,324,0.0081515820,19560496.0000000000,2
1100,325,0.0081462040,19560496.0000000000,14
1100,326,0.0082257420,19560496.0000000000,4
1100,327,0.0069432280,17158704.0000000000,11
1100,328,0.0070387440,17158704.0000000000,24
1100,329,0.0070861900,17158704.0000000000,12
1100,330,0.0081502420,19560496.0000000000,9
1100,331,0.0081725630,19560496.0000000000,18
1100,332,0.0081387880,19560496.0000000000,0
1100,333,0.0081713230,19560496.0000000000,10
1100,334,0.0081410360,19560496.0000000000,32
1100,335,0.0081759700,19560496.0000000000,3
1100,336,0.0081394740,19560496.0000000000,33
1100,337,0.0081555600,19560496.0000000000,26
1100,338,0.0081756630,19560496.0000000000,35
1100,339,0.0081697720,19560496.0000000000,38
1100,340,0.0081628080,19560496.0000000000,6
1100,341,0.0081586960,19560496.0000000000,8
1100,342,0.0070052130,17158704.0000000000,19
1100,343,0.0071024980,17158704.0000000000,32
1100,344,0.0071010350,17158704.0000000000,34
1100,345,0.0081600580,19560496.0000000000,31
1100,346,0.0081794670,19560496.0000000000,8
1100,347,0.0081590390,19560496.0000000000,27
1100,348,0.0081972780,19560496.0000000000,20
1100,349,0.0082121350,19560496.0000000000,4
1100,350,0.0081630050,19560496.0000000000,25
1100,351,0.0081485450,19560496.0000000000,3
1100,352,0.0081561560,19560496.0000000000,39
1100,353,0.0082002070,19560496.0000000000,1
1100,354,0.0081935500,19560496.0000000000,28
1100,355,0.0081506820,19560496.0000000000,25
1100,356,0.0082072590,19560496.0000000000,23
1100,357,0.0070824300,17158704.0000000000,12
1100,358,0.0070918120,17158704.0000000000,8
1100,359,0.0070732270,17158704.0000000000,9
1100,360,0.0081642420,19560496.0000000000,39
1100,361,0.0081635170,19560496.0000000000,1
1100,362,0.0081617690,19560496.0000000000,39
1100,363,0.0081251450,19560496.0000000000,37
1100,364,0.0081992170,19560496.0000000000,10
1100,365,0.0081945600,19560496.0000000000,6
1100,366,0.0081544210,19560496.0000000000,14
1100,367,0.0081773030,19560496.0000000000,8
1100,368,0.0081909770,19560496.0000000000,28
1100,369,0.0081895690,19560496.0000000000,9
1100,370,0.0081657510,19560496.0000000000,8
1100,371,0.0081568950,19560496.0000000000,14
1100,372,0.0070574560,17158704.0000000000,6
1100,373,0.0071144190,17158704.0000000000,21
1100,374,0.0070360570,17158704.0000000000,10
1100,375,0.0081518590,19560496.0000000000,5
1100,376,0.0082001580,19560496.0000000000,12
1100,377,0.0081708390,19560496.0000000000,1
1100,378,0.0082237940,19560496.0000000000,15
1100,379,0.0081624650,19560496.0000000000,13
1100,380,0.0081373400,19560496.0000000000,7
1100,381,0.0081665830,19560496.0000000000,10
1100,382,0.0081820370,19560496.0000000000,5
1100,383,0.0081786710,19560496.0000000000,5
1100,384,0.0081916290,19560496.0000000000,1
1100,385,0.0081714910,19560496.0000000000,13
1100,386,0.0081678010,19560496.0000000000,5
1100,387,0.0069544930,17158704.0000000000,33
1100,388,0.0070621300,17158704.0000000000,1
1100,389,0.0070293450,17158704.0000000000,10
1100,390,0.0081967400,19560496.0000000000,17
1100,391,0.0081437220,19560496.0000000000,34
1100,392,0.0082050830,19560496.0000000000,21
1100,393,0.0081983400,19560496.0000000000,22
1100,394,0.0081533600,19560496.0000000000,39
1100,395,0.0081681270,19560496.0000000000,9
1100,396,0.0081615820,19560496.0000000000,2
1100,397,0.0081628900,19560496.0000000000,33
1100,398,0.0081951250,19560496.0000000000,23
1100,399,0.0081727150,19560496.0000000000,9
1100,400,0.0081802380,19560496.0000000000,12
1100,401,0.0082108070,19560496.0000000000,16
1100,402,0.0070475970,17158704.0000000000,39
1100,403,0.0069806950,17158704.0000000000,18
1100,404,0.0069983710,17158704.0000000000,31
1100,405,0.0081945600,19560496.0000000000,36
1100,406,0.0081247910,19560496.0000000000,19
1100,407,0.0081520640,19560496.0000000000,24
1100,408,0.0081357660,19560496.0000000000,37
1100,409,0.0081515460,19560496.0000000000,35
1100,410,0.0081817710,19560496.0000000000,12
1100,411,0.0081563490,19560496.0000000000,35
1100,412,0.0081820120,19560496.0000000000,1
1100,413,0.0081424560,19560496.0000000000,11
1100,414,0.0081917760,19560496.0000000000,22
1100,415,0.0082098350,19560496.0000000000,17
1100,416,0.0081623630,19560496.0000000000,30
1100,417,0.0069657780,17158704.0000000000,7
1100,418,0.0070960110,17158704.0000000000,30
1100,419,0.0070209750,17158704.0000000000,5
1100,420,0.0062314370,14756912.0000000000,17
1100,421,0.0062055160,14756912.0000000000,21
1100,422,0.0061870290,14756912.0000000000,18
1100,423,0.0061971040,14756912.0000000000,15
1100,424,0.0062236120,14756912.0000000000,16
1100,425,0.0062229270,14756912.0000000000,20
1100,426,0.0061706300,14756912.0000000000,19
1100,427,0.0061926260,14756912.0000000000,26
1100,428,0.0061678710,14756912.0000000000,27
1100,429,0.0061879310,14756912.0000000000,24
1100,430,0.0061712440,14756912.0000000000,29
1100,431,0.0062183060,14756912.0000000000,28
1100,432,0.0056697970,12944944.0000000000,14
1100,433,0.0056897750,12944944.0000000000,13
1100,434,0.0057055410,12944944.0000000000,22
1150,0,2.0341112471,84497280.0000000000,18
1150,1,2.0663793098,84520112.0000000000,11
1150,2,2.0915033440,83984000.0000000000,0
1150,3,2.1062161262,84572976.0000000000,24
1150,4,2.1212955276,84468448.0000000000,16
1150,5,2.0445395362,83176496.0000000000,21
1150,6,1.9432324890,80289248.0000000000,17
1150,7,1.8679250809,78577936.0000000000,15
1150,8,2.0693924708,84025760.0000000000,22
1150,9,2.2132188275,87894688.0000000000,20
1150,10,2.2764394572,89099120.0000000000,19
1150,11,2.4623763029,96415152.0000000000,29
1150,12,2.2853380051,87959952.0000000000,36
1150,13,2.1855677166,85680752.0000000000,37
1150,14,2.0648467903,82597056.0000000000,38
1150,15,3.7319727479,150999840.0000000000,8
1150,16,3.7795234666,150706944.0000000000,26
1150,17,3.7342880430,147693568.0000000000,33
1150,18,3.6422346223,144031280.0000000000,34
1150,19,3.4480495573,137817168.0000000000,3
1150,20,3.1704517792,129630336.0000000000,1
1150,21,2.9499994516,123324480.0000000000,22
1150,22,2.8881247357,122144096.0000000000,37
1150,23,3.0798575555,127796240.0000000000,11
1150,24,3.4876001780,139297200.0000000000,24
1150,25,3.9393352448,152620304.0000000000,30
1150,26,4.2042985542,161868544.0000000000,2
1150,27,3.5526236825,138958928.0000000000,1
1150,28,3.4434597005,135919920.0000000000,4
1150,29,3.3597976386,134932304.0000000000,16
1150,30,3.7020998387,153688848.0000000000,21
1150,31,3.7641161017,154394448.0000000000,36
1150,32,3.8405194656,155763536.0000000000,4
1150,33,3.9766916443,159240688.0000000000,30
1150,34,4.2140602615,165911856.0000000000,13
1150,35,4.5340413815,175256016.0000000000,28
1150,36,4.8294978086,183974992.0000000000,14
1150,37,4.9339600018,187345520.0000000000,27
1150,38,4.7828328743,182923872.0000000000,5
1150,39,4.4593671084,173357504.0000000000,25
1150,40,4.1352750333,163886672.0000000000,4
1150,41,3.9081924312,157734736.0000000000,7
1150,42,3.3123336722,135681584.0000000000,17
1150,43,3.2828980511,134891328.0000000000,15
1150,44,3.2623183883,134545728.0000000000,18
1150,45,3.6586809230,153702800.0000000000,29
1150,46,3.6634572451,153779712.0000000000,31
1150,47,3.6677972461,153780864.0000000000,15
1150,48,3.6613559971,153775104.0000000000,11
1150,49,3.6632204661,153778080.0000000000,3
1150,50,3.6631591693,153780240.0000000000,25
1150,51,3.6656704659,153779920.0000000000,2
1150,52,3.6684348615,153774928.0000000000,15
1150,53,3.6658880697,153779376.0000000000,14
1150,54,3.6633026078,153779984.0000000000,39
1150,55,3.6663210900,153777616.0000000000,13
1150,56,3.6643993351,153780000.0000000000,35
1150,57,3.2366733309,134602688.0000000000,29
1150,58,3.2434764318,134598128.0000000000,21
1150,59,3.2370091986,134525008.0000000000,19
1150,60,3.6645113167,153705760.0000000000,6
1150,61,3.6675334307,153777888.0000000000,17
1150,62,3.6644111698,153777856.0000000000,26
1150,63,3.6632276756,153782032.0000000000,5
1150,64,3.6679409151,153778944.0000000000,17
1150,65,3.6644856717,153780304.0000000000,0
1150,66,3.6670757340,153777440.0000000000,21
1150,67,3.6621269471,153780096.0000000000,39
1150,68,3.6676742456,153780576.0000000000,20
1150,69,3.6686549551,153777312.0000000000,16
1150,70,3.6671571933,153777664.0000000000,20
1150,71,3.6616946962,153777712.0000000000,33
1150,72,3.2410919169,134599024.0000000000,25
1150,73,3.2404079775,134602352.0000000000,2
1150,74,3.2366724207,134523632.0000000000,31
1150,75,3.6642582082,153705008.0000000000,28
1150,76,3.6675564024,153777104.0000000000,12
1150,77,3.6639113402,153781584.0000000000,27
1150,78,3.6652920422,153776656.0000000000,10
1150,79,3.6639044530,153780352.0000000000,24
1150,80,3.6670954857,153779632.0000000000,1
1150,81,3.6647449601,153776768.0000000000,6
1150,82,3.6691756211,153781696.0000000000,23
1150,83,3.6675374639,153777632.0000000000,22
1150,84,3.6655526206,153779776.0000000000,32
1150,85,3.6635078809,153780912.0000000000,35
1150,86,3.6659627358,153778848.0000000000,14
1150,87,3.2380578164,134597936.0000000000,11
1150,88,3.2388930138,134602576.0000000000,37
1150,89,3.2398826909,134520880.0000000000,0
1150,90,3.6633925713,153704528.0000000000,9
1150,91,3.6647439861,153776560.0000000000,19
1150,92,3.6643251572,153775472.0000000000,38
1150,93,3.6618508643,153779184.0000000000,37
1150,94,3.6633906796,153775056.0000000000,35
1150,95,3.6622046574,153776832.0000000000,7
1150,96,3.6636274018,153781392.0000000000,34
1150,97,3.6615292159,153776400.0000000000,33
1150,98,3.6664092832,153780848.0000000000,13
1150,99,3.6636018882,153780768.0000000000,34
1150,100,3.6624901547,153778064.0000000000,7
1150,101,3.6615141726,153777040.0000000000,39
1150,102,3.2419920019,134602352.0000000000,36
1150,103,3.2416170149,134597392.0000000000,32
1150,104,3.2370644407,134523776.0000000000,24
1150,105,3.6636045901,153526736.0000000000,12
1150,106,3.6653613350,153773408.0000000000,9
1150,107,3.6666500967,153791248.0000000000,26
1150,108,3.6654884223,153782928.0000000000,5
1150,109,3.6673720454,153776112.0000000000,6
1150,110,3.6658481431,153774192.0000000000,9
1150,111,3.6652895883,153778672.0000000000,8
1150,112,3.6671168044,153790624.0000000000,28
1150,113,3.6663629411,153774864.0000000000,18
1150,114,3.6647967701,153762208.0000000000,8
1150,115,3.6706205882,153775792.0000000000,16
1150,116,3.6666531245,153780384.0000000000,32
1150,117,3.2395317177,134606128.0000000000,30
1150,118,3.2438876097,134603360.0000000000,23
1150,119,3.2396639872,134344416.0000000000,38
1150,120,3.6594786813,153401680.0000000000,38
1150,121,3.6670057714,153785248.0000000000,0
1150,122,3.6641305495,153755536.0000000000,31
1150,123,3.6661369959,153782752.0000000000,36
1150,124,3.6674954777,153791440.0000000000,19
1150,125,3.6659605146,153776000.0000000000,27
1150,126,3.6614602874,153764768.0000000000,29
1150,127,3.6698062108,153784080.0000000000,23
1150,128,3.6663094318,153781760.0000000000,18
1150,129,3.6693481294,153789504.0000000000,12
1150,130,3.6670546349,153775904.0000000000,10
1150,131,3.6661221509,153769680.0000000000,10
1150,132,3.2452211633,134598240.0000000000,3
1150,133,3.2475680450,134586064.0000000000,20
1150,134,3.2165703368,134224720.0000000000,22
1150,135,0.6485376945,33544048.0000000000,31
1150,136,0.6490229129,33589520.0000000000,32
1150,137,0.6493700534,33593488.0000000000,1
1150,138,0.6495301987,33578432.0000000000,2
1150,139,0.6490454594,33587072.0000000000,3
1150,140,0.6507602636,33587168.0000000000,23
1150,141,0.6492218881,33595328.0000000000,35
1150,142,0.6486494282,33583344.0000000000,34
1150,143,0.6494967281,33590016.0000000000,4
1150,144,0.6483898259,33581168.0000000000,25
1150,145,0.6477216808,33582176.0000000000,33
1150,146,0.6492032111,33593888.0000000000,30
1150,147,0.6055192757,29443424.0000000000,39
1150,148,0.6066892076,29433584.0000000000,13
1150,149,0.6034442705,29393584.0000000000,14
1150,150,0.2665890249,19560496.0000000000,3
1150,151,0.2663657289,19560496.0000000000,25
1150,152,0.2666913773,19560496.0000000000,26
1150,153,0.2668203465,19560496.0000000000,4
1150,154,0.2674892455,19560496.0000000000,12
1150,155,0.2672105388,19560496.0000000000,30
1150,156,0.2666886279,19560496.0000000000,32
1150,157,0.2664802546,19560496.0000000000,25
1150,158,0.2667271021,19560496.0000000000,6
1150,159,0.2668681069,19560496.0000000000,3
1150,160,0.2666424900,19560496.0000000000,2
1150,161,0.2668971543,19560496.0000000000,5
1150,162,0.2312553602,17158704.0000000000,30
1150,163,0.2280267388,17158704.0000000000,7
1150,164,0.2327526602,17158704.0000000000,9
1150,165,0.2668658477,19560496.0000000000,9
1150,166,0.2677242784,19560496.0000000000,23
1150,167,0.2665252086,19560496.0000000000,27
1150,168,0.2673561914,19560496.0000000000,12
1150,169,0.2674882630,19560496.0000000000,28
1150,170,0.2676475505,19560496.0000000000,23
1150,171,0.2668179524,19560496.0000000000,5
1150,172,0.2668415229,19560496.0000000000,18
1150,173,0.2669695843,19560496.0000000000,8
1150,174,0.2668650892,19560496.0000000000,31
1150,175,0.2668999823,19560496.0000000000,4
1150,176,0.2668507614,19560496.0000000000,1
1150,177,0.2283127468,17158704.0000000000,27
1150,178,0.2317800583,17158704.0000000000,25
1150,179,0.2317401634,17158704.0000000000,8
1150,180,0.2668391329,19560496.0000000000,13
1150,181,0.2662502428,19560496.0000000000,0
1150,182,0.2666713988,19560496.0000000000,2
1150,183,0.2672760622,19560496.0000000000,12
1150,184,0.2665983886,19560496.0000000000,26
1150,185,0.2674064391,19560496.0000000000,30
1150,186,0.2665159928,19560496.0000000000,27
1150,187,0.2665900982,19560496.0000000000,14
1150,188,0.2663655342,19560496.0000000000,27
1150,189,0.2666360913,19560496.0000000000,26
1150,190,0.2675316897,19560496.0000000000,12
1150,191,0.2667621307,19560496.0000000000,6
1150,192,0.2323231288,17158704.0000000000,26
1150,193,0.2308261555,17158704.0000000000,35
1150,194,0.2302690133,17158704.0000000000,11
1150,195,0.2679990761,19560496.0000000000,15
1150,196,0.2669339724,19560496.0000000000,5
1150,197,0.2669371800,19560496.0000000000,31
1150,198,0.2667558241,19560496.0000000000,32
1150,199,0.2666823284,19560496.0000000000,3
1150,200,0.2668099230,19560496.0000000000,13
1150,201,0.2666086648,19560496.0000000000,6
1150,202,0.2675084284,19560496.0000000000,28
1150,203,0.2667419288,19560496.0000000000,35
1150,204,0.2664855145,19560496.0000000000,34
1150,205,0.2667365724,19560496.0000000000,3
1150,206,0.2659836737,19560496.0000000000,11
1150,207,0.2315951868,17158704.0000000000,25
1150,208,0.2294151530,17158704.0000000000,14
1150,209,0.2313923393,17158704.0000000000,16
1150,210,0.2665118939,19560496.0000000000,19
1150,211,0.2666660198,19560496.0000000000,2
1150,212,0.2665947781,19560496.0000000000,26
1150,213,0.2668303552,19560496.0000000000,13
1150,214,0.2662966584,19560496.0000000000,14
1150,215,0.2665786051,19560496.0000000000,32
1150,216,0.2665306254,19560496.0000000000,36
1150,217,0.2674069943,19560496.0000000000,28
1150,218,0.2676604046,19560496.0000000000,16
1150,219,0.2662709354,19560496.0000000000,39
1150,220,0.2674993690,19560496.0000000000,28
1150,221,0.2668065263,19560496.0000000000,5
1150,222,0.2328784006,17158704.0000000000,15
1150,223,0.2315136495,17158704.0000000000,37
1150,224,0.2323702685,17158704.0000000000,28
1150,225,0.2665158497,19560496.0000000000,34
1150,226,0.2668833516,19560496.0000000000,31
1150,227,0.2668055387,19560496.0000000000,4
1150,228,0.2673484285,19560496.0000000000,28
1150,229,0.2666075603,19560496.0000000000,26
1150,230,0.2665475623,19560496.0000000000,24
1150,231,0.2659672957,19560496.0000000000,7
1150,232,0.2673019553,19560496.0000000000,10
1150,233,0.2668963867,19560496.0000000000,4
1150,234,0.2665900560,19560496.0000000000,25
1150,235,0.2660498524,19560496.0000000000,7
1150,236,0.2677433923,19560496.0000000000,20
1150,237,0.2307420423,17158704.0000000000,4
1150,238,0.2300968444,17158704.0000000000,0
1150,239,0.2299108895,17158704.0000000000,2
1150,240,0.2671535025,19560496.0000000000,38
1150,241,0.2667895169,19560496.0000000000,1
1150,242,0.2675427082,19560496.0000000000,23
1150,243,0.2663354352,19560496.0000000000,37
1150,244,0.2670420685,19560496.0000000000,8
1150,245,0.2675426231,19560496.0000000000,23
1150,246,0.2669423926,19560496.0000000000,9
1150,247,0.2675785840,19560496.0000000000,23
1150,248,0.2665584185,19560496.0000000000,32
1150,249,0.2663218905,19560496.0000000000,27
1150,250,0.2665106248,19560496.0000000000,32
1150,251,0.2667375366,19560496.0000000000,4
1150,252,0.2303012228,17158704.0000000000,23
1150,253,0.2301378421,17158704.0000000000,5
1150,254,0.2329752575,17158704.0000000000,20
1150,255,0.2659818351,19560496.0000000000,7
1150,256,0.2665012944,19560496.0000000000,26
1150,257,0.2660460589,19560496.0000000000,33
1150,258,0.2658886586,19560496.0000000000,7
1150,259,0.2666773564,19560496.0000000000,35
1150,260,0.2658417483,19560496.0000000000,7
1150,261,0.2667156271,19560496.0000000000,6
1150,262,0.2664465069,19560496.0000000000,25
1150,263,0.2666753618,19560496.0000000000,9
1150,264,0.2667456719,19560496.0000000000,34
1150,265,0.2667597623,19560496.0000000000,8
1150,266,0.2671723362,19560496.0000000000,38
1150,267,0.2306400334,17158704.0000000000,22
1150,268,0.2327888027,17158704.0000000000,17
1150,269,0.2327523589,17158704.0000000000,3
1150,270,0.2662988841,19560496.0000000000,39
1150,271,0.2660525639,19560496.0000000000,7
1150,272,0.2664167629,19560496.0000000000,27
1150,273,0.2665763522,19560496.0000000000,2
1150,274,0.2667391899,19560496.0000000000,9
1150,275,0.2672577159,19560496.0000000000,10
1150,276,0.2659334440,19560496.0000000000,7
1150,277,0.2669070823,19560496.0000000000,31
1150,278,0.2672400013,19560496.0000000000,10
1150,279,0.2669320951,19560496.0000000000,8
1150,280,0.2671620944,19560496.0000000000,10
1150,281,0.2676880898,19560496.0000000000,21
1150,282,0.2314309359,17158704.0000000000,6
1150,283,0.2321140734,17158704.0000000000,36
1150,284,0.2318047718,17158704.0000000000,32
1150,285,0.2668519612,19560496.0000000000,4
1150,286,0.2672976962,19560496.0000000000,30
1150,287,0.2664378114,19560496.0000000000,34
1150,288,0.2664586349,19560496.0000000000,26
1150,289,0.2663728998,19560496.0000000000,27
1150,290,0.2664095407,19560496.0000000000,27
1150,291,0.2666509626,19560496.0000000000,6
1150,292,0.2671969997,19560496.0000000000,10
1150,293,0.2665099342,19560496.0000000000,36
1150,294,0.2661979677,19560496.0000000000,29
1150,295,0.2665913641,19560496.0000000000,2
1150,296,0.2670314704,19560496.0000000000,30
1150,297,0.2319469030,17158704.0000000000,38
1150,298,0.2302358594,17158704.0000000000,23
1150,299,0.2320238328,17158704.0000000000,13
1150,300,0.2667723478,19560496.0000000000,35
1150,301,0.2659526781,19560496.0000000000,33
1150,302,0.2665502473,19560496.0000000000,32
1150,303,0.2674371875,19560496.0000000000,28
1150,304,0.2667393542,19560496.0000000000,31
1150,305,0.2668489738,19560496.0000000000,6
1150,306,0.2668363097,19560496.0000000000,1
1150,307,0.2663765247,19560496.0000000000,34
1150,308,0.2665500126,19560496.0000000000,14
1150,309,0.2673969816,19560496.0000000000,30
1150,310,0.2667300176,19560496.0000000000,13
1150,311,0.2666517257,19560496.0000000000,3
1150,312,0.2295812439,17158704.0000000000,31
1150,313,0.2301099506,17158704.0000000000,0
1150,314,0.2286963329,17158704.0000000000,29
1150,315,0.2668180375,19560496.0000000000,3
1150,316,0.2673999455,19560496.0000000000,12
1150,317,0.2665742625,19560496.0000000000,25
1150,318,0.2661687127,19560496.0000000000,29
1150,319,0.2666392057,19560496.0000000000,2
1150,320,0.2668120950,19560496.0000000000,31
1150,321,0.2659502834,19560496.0000000000,33
1150,322,0.2672837615,19560496.0000000000,30
1150,323,0.2659752896,19560496.0000000000,33
1150,324,0.2665954944,19560496.0000000000,2
1150,325,0.2663691727,19560496.0000000000,14
1150,326,0.2668724326,19560496.0000000000,4
1150,327,0.2301715503,17158704.0000000000,11
1150,328,0.2287843761,17158704.0000000000,24
1150,329,0.2324070682,17158704.0000000000,12
1150,330,0.2666844975,19560496.0000000000,9
1150,331,0.2668755953,19560496.0000000000,18
1150,332,0.2663068929,19560496.0000000000,0
1150,333,0.2672415224,19560496.0000000000,10
1150,334,0.2665341315,19560496.0000000000,32
1150,335,0.2667877124,19560496.0000000000,3
1150,336,0.2659209232,19560496.0000000000,33
1150,337,0.2663306166,19560496.0000000000,26
1150,338,0.2667334925,19560496.0000000000,35
1150,339,0.2669973866,19560496.0000000000,38
1150,340,0.2667219725,19560496.0000000000,6
1150,341,0.2668984920,19560496.0000000000,8
1150,342,0.2296569703,17158704.0000000000,19
1150,343,0.2320738802,17158704.0000000000,32
1150,344,0.2313134936,17158704.0000000000,34
1150,345,0.2667556256,19560496.0000000000,31
1150,346,0.2699179619,19560496.0000000000,8
1150,347,0.2663384456,19560496.0000000000,27
1150,348,0.2676208921,19560496.0000000000,20
1150,349,0.2668137158,19560496.0000000000,4
1150,350,0.2664143574,19560496.0000000000,25
1150,351,0.2667706353,19560496.0000000000,3
1150,352,0.2663071863,19560496.0000000000,39
1150,353,0.2669950996,19560496.0000000000,1
1150,354,0.2673963706,19560496.0000000000,28
1150,355,0.2662768791,19560496.0000000000,25
1150,356,0.2677151440,19560496.0000000000,23
1150,357,0.2328369672,17158704.0000000000,12
1150,358,0.2311888642,17158704.0000000000,8
1150,359,0.2333909225,17158704.0000000000,9
1150,360,0.2662375454,19560496.0000000000,39
1150,361,0.2667941026,19560496.0000000000,1
1150,362,0.2661217772,19560496.0000000000,39
1150,363,0.2662304604,19560496.0000000000,37
1150,364,0.2673996004,19560496.0000000000,10
1150,365,0.2668719097,19560496.0000000000,6
1150,366,0.2663619884,19560496.0000000000,14
1150,367,0.2668908109,19560496.0000000000,8
1150,368,0.2673073733,19560496.0000000000,28
1150,369,0.2669296396,19560496.0000000000,9
1150,370,0.2668175958,19560496.0000000000,8
1150,371,0.2665132414,19560496.0000000000,14
1150,372,0.2314537225,17158704.0000000000,6
1150,373,0.2323661089,17158704.0000000000,21
1150,374,0.2326841192,17158704.0000000000,10
1150,375,0.2668502672,19560496.0000000000,5
1150,376,0.2674711923,19560496.0000000000,12
1150,377,0.2669523645,19560496.0000000000,1
1150,378,0.2680610152,19560496.0000000000,15
1150,379,0.2668461103,19560496.0000000000,13
1150,380,0.2659300452,19560496.0000000000,7
1150,381,0.2672107671,19560496.0000000000,10
1150,382,0.2668404120,19560496.0000000000,5
1150,383,0.2666723903,19560496.0000000000,5
1150,384,0.2669281709,19560496.0000000000,1
1150,385,0.2668983125,19560496.0000000000,13
1150,386,0.2666392786,19560496.0000000000,5
1150,387,0.2283046781,17158704.0000000000,33
1150,388,0.2303571098,17158704.0000000000,1
1150,389,0.2325160593,17158704.0000000000,10
1150,390,0.2680544896,19560496.0000000000,17
1150,391,0.2665390065,19560496.0000000000,34
1150,392,0.2674551203,19560496.0000000000,21
1150,393,0.2672940336,19560496.0000000000,22
1150,394,0.2663079674,19560496.0000000000,39
1150,395,0.2667200038,19560496.0000000000,9
1150,396,0.2667650111,19560496.0000000000,2
1150,397,0.2658025079,19560496.0000000000,33
1150,398,0.2675439196,19560496.0000000000,23
1150,399,0.2667206611,19560496.0000000000,9
1150,400,0.2673705934,19560496.0000000000,12
1150,401,0.2676933981,19560496.0000000000,16
1150,402,0.2312463270,17158704.0000000000,39
1150,403,0.2288181636,17158704.0000000000,18
1150,404,0.2297054580,17158704.0000000000,31
1150,405,0.2664911080,19560496.0000000000,36
1150,406,0.2664255133,19560496.0000000000,19
1150,407,0.2665258400,19560496.0000000000,24
1150,408,0.2662007010,19560496.0000000000,37
1150,409,0.2666241912,19560496.0000000000,35
1150,410,0.2673922219,19560496.0000000000,12
1150,411,0.2666107209,19560496.0000000000,35
1150,412,0.2668797037,19560496.0000000000,1
1150,413,0.2657784849,19560496.0000000000,11
1150,414,0.2673379032,19560496.0000000000,22
1150,415,0.2678311202,19560496.0000000000,17
1150,416,0.2672278235,19560496.0000000000,30
1150,417,0.2278443056,17158704.0000000000,7
1150,418,0.2309710536,17158704.0000000000,30
1150,419,0.2298176725,17158704.0000000000,5
1150,420,0.2029061897,14756912.0000000000,17
1150,421,0.2024351212,14756912.0000000000,21
1150,422,0.2019155562,14756912.0000000000,18
1150,423,0.2028122350,14756912.0000000000,15
1150,424,0.2031961802,14756912.0000000000,16
1150,425,0.2031036194,14756912.0000000000,20
1150,426,0.2016007617,14756912.0000000000,19
1150,427,0.2020922679,14756912.0000000000,26
1150,428,0.2016739980,14756912.0000000000,27
1150,429,0.2019968800,14756912.0000000000,24
1150,430,0.2015269123,14756912.0000000000,29
1150,431,0.2025588117,14756912.0000000000,28
1150,432,0.1853993935,12944944.0000000000,14
1150,433,0.1861956522,12944944.0000000000,13
1150,434,0.1860489731,12944944.0000000000,22
1200,0,0.0630037180,84364400.0000000000,18
1200,1,0.0639855890,84295168.0000000000,11
1200,2,0.0633193610,83562592.0000000000,0
1200,3,0.0654390550,84418624.0000000000,24
1200,4,0.0663987290,84871312.0000000000,16
1200,5,0.0637936340,83588448.0000000000,21
1200,6,0.0597132730,79857152.0000000000,17
1200,7,0.0575501570,78055792.0000000000,15
1200,8,0.0630049460,83324624.0000000000,22
1200,9,0.0684994560,87229072.0000000000,20
1200,10,0.0707709980,89076176.0000000000,19
1200,11,0.0779575390,97625536.0000000000,29
1200,12,0.0709557250,88121072.0000000000,36
1200,13,0.0683112520,86102992.0000000000,37
1200,14,0.0646629130,82833264.0000000000,38
1200,15,0.1149512790,150661424.0000000000,8
1200,16,0.1167431650,150158304.0000000000,26
1200,17,0.1149443600,146781136.0000000000,33
1200,18,0.1115825250,143043520.0000000000,34
1200,19,0.1053700850,136711968.0000000000,3
1200,20,0.0958945640,127940896.0000000000,1
1200,21,0.0877375020,120891824.0000000000,22
1200,22,0.0850633640,119200032.0000000000,37
1200,23,0.0914629240,124912336.0000000000,11
1200,24,0.1054627120,137190544.0000000000,24
1200,25,0.1212392180,151822080.0000000000,30
1200,26,0.1311806550,162843952.0000000000,2
1200,27,0.1116905890,139918208.0000000000,1
1200,28,0.1070538900,136008960.0000000000,4
1200,29,0.1044203500,134950304.0000000000,16
1200,30,0.1147804440,153768368.0000000000,21
1200,31,0.1165972070,154583280.0000000000,36
1200,32,0.1192746870,156112192.0000000000,4
1200,33,0.1235804930,159803376.0000000000,30
1200,34,0.1324724950,166769104.0000000000,13
1200,35,0.1433190900,176452960.0000000000,28
1200,36,0.1537383420,185591824.0000000000,14
1200,37,0.1577875830,189273488.0000000000,27
1200,38,0.1526233110,184870096.0000000000,5
1200,39,0.1412365100,174810144.0000000000,25
1200,40,0.1292746420,164659360.0000000000,4
1200,41,0.1209801150,157974528.0000000000,7
1200,42,0.1024904260,135666544.0000000000,17
1200,43,0.1017409100,134830064.0000000000,15
1200,44,0.1010312210,134480304.0000000000,18
1200,45,0.1136158600,153701616.0000000000,29
1200,46,0.1138356530,153777120.0000000000,31
1200,47,0.1140450560,153780208.0000000000,15
1200,48,0.1137357320,153780096.0000000000,11
1200,49,0.1137369440,153775952.0000000000,3
1200,50,0.1137768600,153779888.0000000000,25
1200,51,0.1138906830,153776992.0000000000,2
1200,52,0.1139784980,153777952.0000000000,15
1200,53,0.1139300550,153780704.0000000000,14
1200,54,0.1137692000,153779408.0000000000,39
1200,55,0.1139048960,153778944.0000000000,13
1200,56,0.1138406670,153776976.0000000000,35
1200,57,0.1005213320,134598864.0000000000,29
1200,58,0.1008262570,134599904.0000000000,21
1200,59,0.1005571250,134522656.0000000000,19
1200,60,0.1139113140,153704000.0000000000,6
1200,61,0.1139746560,153778864.0000000000,17
1200,62,0.1138493700,153777936.0000000000,26
1200,63,0.1139291800,153779824.0000000000,5
1200,64,0.1138593850,153778000.0000000000,17
1200,65,0.1138631880,153780704.0000000000,0
1200,66,0.1139907900,153777360.0000000000,21
1200,67,0.1138180040,153778016.0000000000,39
1200,68,0.1140646530,153778640.0000000000,20
1200,69,0.1140247640,153779952.0000000000,16
1200,70,0.1139717770,153777376.0000000000,20
1200,71,0.1137399890,153779408.0000000000,33
1200,72,0.1007134020,134599936.0000000000,25
1200,73,0.1006996240,134601008.0000000000,2
1200,74,0.1005428040,134522224.0000000000,31
1200,75,0.1138280470,153701424.0000000000,28
1200,76,0.1141276850,153778672.0000000000,12
1200,77,0.1138749120,153779424.0000000000,27
1200,78,0.1137981110,153780304.0000000000,10
1200,79,0.1138722630,153779040.0000000000,24
1200,80,0.1139437120,153777120.0000000000,1
1200,81,0.1138383040,153779856.0000000000,6
1200,82,0.1140568800,153778912.0000000000,23
1200,83,0.1139443390,153780752.0000000000,22
1200,84,0.1138463170,153776208.0000000000,32
1200,85,0.1138163470,153778864.0000000000,35
1200,86,0.1139407150,153780400.0000000000,14
1200,87,0.1005691840,134601568.0000000000,11
1200,88,0.1005603220,134600272.0000000000,37
1200,89,0.1005863660,134523504.0000000000,0
1200,90,0.1138022170,153706784.0000000000,9
1200,91,0.1138984100,153775056.0000000000,19
1200,92,0.1138037660,153777376.0000000000,38
1200,93,0.1137385390,153779232.0000000000,37
1200,94,0.1138430010,153775936.0000000000,35
1200,95,0.1137411950,153778400.0000000000,7
1200,96,0.1138798190,153779424.0000000000,34
1200,97,0.1137243820,153776560.0000000000,33
1200,98,0.1139015310,153780240.0000000000,13
1200,99,0.1138060180,153776752.0000000000,34
1200,100,0.1138929800,153778976.0000000000,7
1200,101,0.1137400220,153779136.0000000000,39
1200,102,0.1007305840,134599392.0000000000,36
1200,103,0.1005732270,134601232.0000000000,32
1200,104,0.1005880770,134522064.0000000000,24
1200,105,0.1138106030,153515840.0000000000,12
1200,106,0.1138413760,153772720.0000000000,9
1200,107,0.1139497050,153789984.0000000000,26
1200,108,0.1138557670,153780832.0000000000,5
1200,109,0.1140323690,153774912.0000000000,6
1200,110,0.1138306960,153769872.0000000000,9
1200,111,0.1138153050,153780688.0000000000,8
1200,112,0.1139168220,153788976.0000000000,28
1200,113,0.1138407990,153775200.0000000000,18
1200,114,0.1139019430,153768848.0000000000,8
1200,115,0.1140335320,153772592.0000000000,16
1200,116,0.1139781320,153779984.0000000000,32
1200,117,0.1005317710,134606096.0000000000,30
1200,118,0.1007204950,134607504.0000000000,23
1200,119,0.1004916190,134329360.0000000000,38
1200,120,0.1138079040,153387760.0000000000,38
1200,121,0.1138075580,153784832.0000000000,0
1200,122,0.1138820320,153756624.0000000000,31
1200,123,0.1138981300,153784832.0000000000,36
1200,124,0.1139270850,153790672.0000000000,19
1200,125,0.1138757990,153778896.0000000000,27
1200,126,0.1137501460,153768928.0000000000,29
1200,127,0.1140269090,153784576.0000000000,23
1200,128,0.1139174090,153779632.0000000000,18
1200,129,0.1140939110,153791536.0000000000,12
1200,130,0.1139894780,153776416.0000000000,10
1200,131,0.1138961120,153769280.0000000000,10
1200,132,0.1008169000,134596592.0000000000,3
1200,133,0.1007573150,134586800.0000000000,20
1200,134,0.0999266820,134206240.0000000000,22
1200,135,0.0199821360,33540672.0000000000,31
1200,136,0.0199894120,33589520.0000000000,32
1200,137,0.0200696810,33593504.0000000000,1
1200,138,0.0200086220,33578064.0000000000,2
1200,139,0.0201297570,33585936.0000000000,3
1200,140,0.0200670650,33586144.0000000000,23
1200,141,0.0199953630,33594608.0000000000,35
1200,142,0.0200803700,33582576.0000000000,34
1200,143,0.0200759200,33591584.0000000000,4
1200,144,0.0200362910,33577520.0000000000,25
1200,145,0.0199996510,33581312.0000000000,33
1200,146,0.0200215310,33595168.0000000000,30
1200,147,0.0187183820,29442848.0000000000,39
1200,148,0.0187238010,29432752.0000000000,13
1200,149,0.0187840380,29392048.0000000000,14
1200,150,0.0081636570,19560496.0000000000,3
1200,151,0.0081357670,19560496.0000000000,25
1200,152,0.0081556950,19560496.0000000000,26
1200,153,0.0081559190,19560496.0000000000,4
1200,154,0.0081678750,19560496.0000000000,12
1200,155,0.0081646280,19560496.0000000000,30
1200,156,0.0081567520,19560496.0000000000,32
1200,157,0.0081730490,19560496.0000000000,25
1200,158,0.0081697170,19560496.0000000000,6
1200,159,0.0081660110,19560496.0000000000,3
1200,160,0.0081664510,19560496.0000000000,2
1200,161,0.0081685440,19560496.0000000000,5
1200,162,0.0071341970,17158704.0000000000,30
1200,163,0.0069694900,17158704.0000000000,7
1200,164,0.0071440080,17158704.0000000000,9
1200,165,0.0081656550,19560496.0000000000,9
1200,166,0.0082006630,19560496.0000000000,23
1200,167,0.0081585120,19560496.0000000000,27
1200,168,0.0081806000,19560496.0000000000,12
1200,169,0.0082101350,19560496.0000000000,28
1200,170,0.0081692430,19560496.0000000000,23
1200,171,0.0081630140,19560496.0000000000,5
1200,172,0.0081794570,19560496.0000000000,18
1200,173,0.0081747120,19560496.0000000000,8
1200,174,0.0081570430,19560496.0000000000,31
1200,175,0.0081799160,19560496.0000000000,4
1200,176,0.0081818510,19560496.0000000000,1
1200,177,0.0069652130,17158704.0000000000,27
1200,178,0.0070002310,17158704.0000000000,25
1200,179,0.0071580360,17158704.0000000000,8
1200,180,0.0081741180,19560496.0000000000,13
1200,181,0.0081697460,19560496.0000000000,0
1200,182,0.0081496290,19560496.0000000000,2
1200,183,0.0082002000,19560496.0000000000,12
1200,184,0.0081758550,19560496.0000000000,26
1200,185,0.0081653780,19560496.0000000000,30
1200,186,0.0081533700,19560496.0000000000,27
1200,187,0.0081591110,19560496.0000000000,14
1200,188,0.0081549020,19560496.0000000000,27
1200,189,0.0081724080,19560496.0000000000,26
1200,190,0.0081920470,19560496.0000000000,12
1200,191,0.0081849280,19560496.0000000000,6
1200,192,0.0071221080,17158704.0000000000,26
1200,193,0.0070423830,17158704.0000000000,35
1200,194,0.0069812020,17158704.0000000000,11
1200,195,0.0082275810,19560496.0000000000,15
1200,196,0.0081656680,19560496.0000000000,5
1200,197,0.0081695770,19560496.0000000000,31
1200,198,0.0081574220,19560496.0000000000,32
1200,199,0.0081811210,19560496.0000000000,3
1200,200,0.0081896820,19560496.0000000000,13
1200,201,0.0081670510,19560496.0000000000,6
1200,202,0.0081990450,19560496.0000000000,28
1200,203,0.0081715480,19560496.0000000000,35
1200,204,0.0081495950,19560496.0000000000,34
1200,205,0.0082067300,19560496.0000000000,3
1200,206,0.0081302260,19560496.0000000000,11
1200,207,0.0071328980,17158704.0000000000,25
1200,208,0.0070211550,17158704.0000000000,14
1200,209,0.0071010190,17158704.0000000000,16
1200,210,0.0081471060,19560496.0000000000,19
1200,211,0.0081600100,19560496.0000000000,2
1200,212,0.0081725790,19560496.0000000000,26
1200,213,0.0081910840,19560496.0000000000,13
1200,214,0.0081567870,19560496.0000000000,14
1200,215,0.0081527140,19560496.0000000000,32
1200,216,0.0081645330,19560496.0000000000,36
1200,217,0.0081900470,19560496.0000000000,28
1200,218,0.0082035340,19560496.0000000000,16
1200,219,0.0081474880,19560496.0000000000,39
1200,220,0.0081740850,19560496.0000000000,28
1200,221,0.0081807180,19560496.0000000000,5
1200,222,0.0070928830,17158704.0000000000,15
1200,223,0.0070247210,17158704.0000000000,37
1200,224,0.0071640140,17158704.0000000000,28
1200,225,0.0081459300,19560496.0000000000,34
1200,226,0.0081729440,19560496.0000000000,31
1200,227,0.0081605490,19560496.0000000000,4
1200,228,0.0081845260,19560496.0000000000,28
1200,229,0.0081594420,19560496.0000000000,26
1200,230,0.0081714670,19560496.0000000000,24
1200,231,0.0081485950,19560496.0000000000,7
1200,232,0.0082039080,19560496.0000000000,10
1200,233,0.0081859390,19560496.0000000000,4
1200,234,0.0081525410,19560496.0000000000,25
1200,235,0.0081447800,19560496.0000000000,7
1200,236,0.0081821590,19560496.0000000000,20
1200,237,0.0071037480,17158704.0000000000,4
1200,238,0.0069873840,17158704.0000000000,0
1200,239,0.0070370110,17158704.0000000000,2
1200,240,0.0081818450,19560496.0000000000,38
1200,241,0.0081682650,19560496.0000000000,1
1200,242,0.0081867270,19560496.0000000000,23
1200,243,0.0081644510,19560496.0000000000,37
1200,244,0.0081847310,19560496.0000000000,8
1200,245,0.0081661490,19560496.0000000000,23
1200,246,0.0081834370,19560496.0000000000,9
1200,247,0.0082185600,19560496.0000000000,23
1200,248,0.0081569520,19560496.0000000000,32
1200,249,0.0081739710,19560496.0000000000,27
1200,250,0.0081676620,19560496.0000000000,32
1200,251,0.0081683140,19560496.0000000000,4
1200,252,0.0070167900,17158704.0000000000,23
1200,253,0.0071168230,17158704.0000000000,5
1200,254,0.0071542960,17158704.0000000000,20
1200,255,0.0081601870,19560496.0000000000,7
1200,256,0.0081720560,19560496.0000000000,26
1200,257,0.0081430860,19560496.0000000000,33
1200,258,0.0081373640,19560496.0000000000,7
1200,259,0.0081438170,19560496.0000000000,35
1200,260,0.0081190780,19560496.0000000000,7
1200,261,0.0081343560,19560496.0000000000,6
1200,262,0.0081454840,19560496.0000000000,25
1200,263,0.0081577980,19560496.0000000000,9
1200,264,0.0081414920,19560496.0000000000,34
1200,265,0.0081803120,19560496.0000000000,8
1200,266,0.0081675260,19560496.0000000000,38
1200,267,0.0070788220,17158704.0000000000,22
1200,268,0.0070888050,17158704.0000000000,17
1200,269,0.0071091900,17158704.0000000000,3
1200,270,0.0081534200,19560496.0000000000,39
1200,271,0.0081620730,19560496.0000000000,7
1200,272,0.0081409080,19560496.0000000000,27
1200,273,0.0081699790,19560496.0000000000,2
1200,274,0.0081612760,19560496.0000000000,9
1200,275,0.0081895280,19560496.0000000000,10
1200,276,0.0081399790,19560496.0000000000,7
1200,277,0.0081696290,19560496.0000000000,31
1200,278,0.0081848110,19560496.0000000000,10
1200,279,0.0081688580,19560496.0000000000,8
1200,280,0.0081680790,19560496.0000000000,10
1200,281,0.0082012950,19560496.0000000000,21
1200,282,0.0070874570,17158704.0000000000,6
1200,283,0.0070713630,17158704.0000000000,36
1200,284,0.0070552310,17158704.0000000000,32
1200,285,0.0081729420,19560496.0000000000,4
1200,286,0.0082148950,19560496.0000000000,30
1200,287,0.0081367010,19560496.0000000000,34
1200,288,0.0081356450,19560496.0000000000,26
1200,289,0.0081546830,19560496.0000000000,27
1200,290,0.0081635300,19560496.0000000000,27
1200,291,0.0081692640,19560496.0000000000,6
1200,292,0.0081867320,19560496.0000000000,10
1200,293,0.0081581590,19560496.0000000000,36
1200,294,0.0081481180,19560496.0000000000,29
1200,295,0.0081488860,19560496.0000000000,2
1200,296,0.0081571640,19560496.0000000000,30
1200,297,0.0071428740,17158704.0000000000,38
1200,298,0.0070984680,17158704.0000000000,23
1200,299,0.0070825930,17158704.0000000000,13
1200,300,0.0081620910,19560496.0000000000,35
1200,301,0.0081630620,19560496.0000000000,33
1200,302,0.0081609290,19560496.0000000000,32
1200,303,0.0081736060,19560496.0000000000,28
1200,304,0.0081577850,19560496.0000000000,31
1200,305,0.0081768680,19560496.0000000000,6
1200,306,0.0081569440,19560496.0000000000,1
1200,307,0.0081511480,19560496.0000000000,34
1200,308,0.0081618560,19560496.0000000000,14
1200,309,0.0081612830,19560496.0000000000,30
1200,310,0.0081859630,19560496.0000000000,13
1200,311,0.0081716230,19560496.0000000000,3
1200,312,0.0070901330,17158704.0000000000,31
1200,313,0.0069823940,17158704.0000000000,0
1200,314,0.0070615870,17158704.0000000000,29
1200,315,0.0081724440,19560496.0000000000,3
1200,316,0.0081924060,19560496.0000000000,12
1200,317,0.0081669170,19560496.0000000000,25
1200,318,0.0081433170,19560496.0000000000,29
1200,319,0.0081765520,19560496.0000000000,2
1200,320,0.0081549800,19560496.0000000000,31
1200,321,0.0081376230,19560496.0000000000,33
1200,322,0.0081767130,19560496.0000000000,30
1200,323,0.0081441850,19560496.0000000000,33
1200,324,0.0081477870,19560496.0000000000,2
1200,325,0.0081532300,19560496.0000000000,14
1200,326,0.0081598780,19560496.0000000000,4
1200,327,0.0070034350,17158704.0000000000,11
1200,328,0.0069853910,17158704.0000000000,24
1200,329,0.0070799390,17158704.0000000000,12
1200,330,0.0081767660,19560496.0000000000,9
1200,331,0.0081676430,19560496.0000000000,18
1200,332,0.0081678470,19560496.0000000000,0
1200,333,0.0081820650,19560496.0000000000,10
1200,334,0.0081542560,19560496.0000000000,32
1200,335,0.0081575060,19560496.0000000000,3
1200,336,0.0081435560,19560496.0000000000,33
1200,337,0.0081430510,19560496.0000000000,26
1200,338,0.0081742530,19560496.0000000000,35
1200,339,0.0081971350,19560496.0000000000,38
1200,340,0.0081700560,19560496.0000000000,6
1200,341,0.0081745110,19560496.0000000000,8
1200,342,0.0070480160,17158704.0000000000,19
1200,343,0.0071167870,17158704.0000000000,32
1200,344,0.0070974940,17158704.0000000000,34
1200,345,0.0081844370,19560496.0000000000,31
1200,346,0.0081667360,19560496.0000000000,8
1200,347,0.0081664860,19560496.0000000000,27
1200,348,0.0081568300,19560496.0000000000,20
1200,349,0.0081643060,19560496.0000000000,4
1200,350,0.0081690700,19560496.0000000000,25
1200,351,0.0081773740,19560496.0000000000,3
1200,352,0.0081512770,19560496.0000000000,39
1200,353,0.0081853770,19560496.0000000000,1
1200,354,0.0081764620,19560496.0000000000,28
1200,355,0.0081406850,19560496.0000000000,25
1200,356,0.0081984000,19560496.0000000000,23
1200,357,0.0070860720,17158704.0000000000,12
1200,358,0.0070165110,17158704.0000000000,8
1200,359,0.0071467230,17158704.0000000000,9
1200,360,0.0081388230,19560496.0000000000,39
1200,361,0.0081539080,19560496.0000000000,1
1200,362,0.0081592290,19560496.0000000000,39
1200,363,0.0081591800,19560496.0000000000,37
1200,364,0.0081727760,19560496.0000000000,10
1200,365,0.0081617290,19560496.0000000000,6
1200,366,0.0081468080,19560496.0000000000,14
1200,367,0.0081871250,19560496.0000000000,8
1200,368,0.0081943040,19560496.0000000000,28
1200,369,0.0081787380,19560496.0000000000,9
1200,370,0.0081703720,19560496.0000000000,8
1200,371,0.0081505830,19560496.0000000000,14
1200,372,0.0070768240,17158704.0000000000,6
1200,373,0.0071106620,17158704.0000000000,21
1200,374,0.0070982500,17158704.0000000000,10
1200,375,0.0081590560,19560496.0000000000,5
1200,376,0.0082240470,19560496.0000000000,12
1200,377,0.0081533170,19560496.0000000000,1
1200,378,0.0082137890,19560496.0000000000,15
1200,379,0.0081682090,19560496.0000000000,13
1200,380,0.0081495770,19560496.0000000000,7
1200,381,0.0081944680,19560496.0000000000,10
1200,382,0.0081662270,19560496.0000000000,5
1200,383,0.0081535460,19560496.0000000000,5
1200,384,0.0081872230,19560496.0000000000,1
1200,385,0.0081631790,19560496.0000000000,13
1200,386,0.0081795150,19560496.0000000000,5
1200,387,0.0069784510,17158704.0000000000,33
1200,388,0.0070876590,17158704.0000000000,1
1200,389,0.0070815460,17158704.0000000000,10
1200,390,0.0081950470,19560496.0000000000,17
1200,391,0.0081691460,19560496.0000000000,34
1200,392,0.0081879200,19560496.0000000000,21
1200,393,0.0081894430,19560496.0000000000,22
1200,394,0.0081456760,19560496.0000000000,39
1200,395,0.0081784580,19560496.0000000000,9
1200,396,0.0081545600,19560496.0000000000,2
1200,397,0.0081455500,19560496.0000000000,33
1200,398,0.0081956660,19560496.0000000000,23
1200,399,0.0081631690,19560496.0000000000,9
1200,400,0.0081840680,19560496.0000000000,12
1200,401,0.0081864080,19560496.0000000000,16
1200,402,0.0069884410,17158704.0000000000,39
1200,403,0.0070402110,17158704.0000000000,18
1200,404,0.0069685860,17158704.0000000000,31
1200,405,0.0081577470,19560496.0000000000,36
1200,406,0.0081506010,19560496.0000000000,19
1200,407,0.0081549240,19560496.0000000000,24
1200,408,0.0081647510,19560496.0000000000,37
1200,409,0.0081542450,19560496.0000000000,35
1200,410,0.0081835360,19560496.0000000000,12
1200,411,0.0081733820,19560496.0000000000,35
1200,412,0.0081813210,19560496.0000000000,1
1200,413,0.0081152370,19560496.0000000000,11
1200,414,0.0081923600,19560496.0000000000,22
1200,415,0.0081901680,19560496.0000000000,17
1200,416,0.0081888050,19560496.0000000000,30
1200,417,0.0070118090,17158704.0000000000,7
1200,418,0.0070631880,17158704.0000000000,30
1200,419,0.0070525500,17158704.0000000000,5
1200,420,0.0062144340,14756912.0000000000,17
1200,421,0.0061886530,14756912.0000000000,21
1200,422,0.0061887860,14756912.0000000000,18
1200,423,0.0062030880,14756912.0000000000,15
1200,424,0.0062287020,14756912.0000000000,16
1200,425,0.0062113660,14756912.0000000000,20
1200,426,0.0061890980,14756912.0000000000,19
1200,427,0.0061697670,14756912.0000000000,26
1200,428,0.0061765590,14756912.0000000000,27
1200,429,0.0061825820,14756912.0000000000,24
1200,430,0.0061718070,14756912.0000000000,29
1200,431,0.0062098710,14756912.0000000000,28
1200,432,0.0056848780,12944944.0000000000,14
1200,433,0.0056959160,12944944.0000000000,13
1200,434,0.0056783190,12944944.0000000000,22
1250,0,2.0253970422,84307568.0000000000,18
1250,1,2.0587744495,84135440.0000000000,11
1250,2,2.0345603905,83147152.0000000000,0
1250,3,2.1046993798,84082656.0000000000,24
1250,4,2.1412459522,85126256.0000000000,16
1250,5,2.0828806927,83887056.0000000000,21
1250,6,1.9234363270,79371056.0000000000,17
1250,7,1.8548329066,77692784.0000000000,15
1250,8,2.0285386981,82760352.0000000000,22
1250,9,2.1893347987,86720768.0000000000,20
1250,10,2.2829440504,89314512.0000000000,19
1250,11,2.5480793854,98753152.0000000000,29
1250,12,2.2978959256,88190000.0000000000,36
1250,13,2.2026878973,86230672.0000000000,37
1250,14,2.0838448831,83056032.0000000000,38
1250,15,3.6975409367,150360656.0000000000,8
1250,16,3.7618973882,149686736.0000000000,26
1250,17,3.6803266010,145922816.0000000000,33
1250,18,3.5865706596,142188832.0000000000,34
1250,19,3.3910968381,136141504.0000000000,3
1250,20,3.0685900284,127285856.0000000000,1
1250,21,2.8196919075,120071712.0000000000,22
1250,22,2.7256572377,118207456.0000000000,37
1250,23,2.9145996370,123815696.0000000000,11
1250,24,3.3638593866,136241056.0000000000,24
1250,25,3.9007682913,151684096.0000000000,30
1250,26,4.2518048824,163810848.0000000000,2
1250,27,3.6207810517,140895296.0000000000,1
1250,28,3.4514946523,136420560.0000000000,4
1250,29,3.3627071031,134969168.0000000000,16
1250,30,3.6951452740,153935920.0000000000,21
1250,31,3.7359258215,154857232.0000000000,36
1250,32,3.8115465576,156596032.0000000000,4
1250,33,3.9740076558,160429008.0000000000,30
1250,34,4.2475956785,167451520.0000000000,13
1250,35,4.6101318695,177120592.0000000000,28
1250,36,4.9472318309,186140736.0000000000,14
1250,37,5.0929766708,189777152.0000000000,27
1250,38,4.9293813139,185393808.0000000000,5
1250,39,4.5471034180,175293760.0000000000,25
1250,40,4.1637472068,164895344.0000000000,4
1250,41,3.8674144018,157942256.0000000000,7
1250,42,3.2832453392,135527792.0000000000,17
1250,43,3.2647984015,134694640.0000000000,15
1250,44,3.2477562396,134353120.0000000000,18
1250,45,3.6590909270,153701344.0000000000,29
1250,46,3.6643738759,153780352.0000000000,31
1250,47,3.6682485955,153776992.0000000000,15
1250,48,3.6614452029,153783824.0000000000,11
1250,49,3.6626964445,153779104.0000000000,3
1250,50,3.6634879020,153776656.0000000000,25
1250,51,3.6663641727,153780656.0000000000,2
1250,52,3.6684510875,153777792.0000000000,15
1250,53,3.6667173344,153777008.0000000000,14
1250,54,3.6627869384,153780176.0000000000,39
1250,55,3.6665285130,153780736.0000000000,13
1250,56,3.6647091811,153780016.0000000000,35
1250,57,3.2369496479,134596864.0000000000,29
1250,58,3.2437507445,134599328.0000000000,21
1250,59,3.2374399461,134524976.0000000000,19
1250,60,3.6646072348,153702800.0000000000,6
1250,61,3.6671178894,153778432.0000000000,17
1250,62,3.6642568015,153778608.0000000000,26
1250,63,3.6630202081,153779856.0000000000,5
1250,64,3.6673453675,153779232.0000000000,17
1250,65,3.6633800266,153778704.0000000000,0
1250,66,3.6668009644,153778896.0000000000,21
1250,67,3.6616240181,153777168.0000000000,39
1250,68,3.6672930892,153780224.0000000000,20
1250,69,3.6691733948,153776992.0000000000,16
1250,70,3.6672154116,153775696.0000000000,20
1250,71,3.6616074828,153780096.0000000000,33
1250,72,3.2421512838,134605344.0000000000,25
1250,73,3.2405742401,134599328.0000000000,2
1250,74,3.2362821842,134519744.0000000000,31
1250,75,3.6657456886,153704608.0000000000,28
1250,76,3.6673842695,153778560.0000000000,12
1250,77,3.6642429576,153778960.0000000000,27
1250,78,3.6657908166,153778608.0000000000,10
1250,79,3.6642380006,153778784.0000000000,24
1250,80,3.6674314787,153781888.0000000000,1
1250,81,3.6650355729,153778272.0000000000,6
1250,82,3.6686369882,153780960.0000000000,23
1250,83,3.6681008859,153778400.0000000000,22
1250,84,3.6653616802,153781024.0000000000,32
1250,85,3.6639414917,153778288.0000000000,35
1250,86,3.6658477960,153779120.0000000000,14
1250,87,3.2374342222,134600816.0000000000,11
1250,88,3.2389235774,134596992.0000000000,37
1250,89,3.2388273095,134522832.0000000000,0
1250,90,3.6629868960,153701200.0000000000,9
1250,91,3.6646796311,153780208.0000000000,19
1250,92,3.6644071654,153776352.0000000000,38
1250,93,3.6623762583,153783152.0000000000,37
1250,94,3.6629730401,153778640.0000000000,35
1250,95,3.6625366616,153776864.0000000000,7
1250,96,3.6633387324,153780672.0000000000,34
1250,97,3.6611401201,153774960.0000000000,33
1250,98,3.6667136301,153782144.0000000000,13
1250,99,3.6635634412,153774448.0000000000,34
1250,100,3.6623320334,153775776.0000000000,7
1250,101,3.6617748910,153781136.0000000000,39
1250,102,3.2419982207,134600192.0000000000,36
1250,103,3.2411347389,134600784.0000000000,32
1250,104,3.2374322468,134523168.0000000000,24
1250,105,3.6635812550,153508928.0000000000,12
1250,106,3.6658384397,153774816.0000000000,9
1250,107,3.6668474849,153785296.0000000000,26
1250,108,3.6655236985,153781520.0000000000,5
1250,109,3.6664926407,153776352.0000000000,6
1250,110,3.6659776486,153767056.0000000000,9
1250,111,3.6659968240,153780128.0000000000,8
1250,112,3.6674321758,153790272.0000000000,28
1250,113,3.6663586728,153771712.0000000000,18
1250,114,3.6652509031,153768784.0000000000,8
1250,115,3.6712587826,153773536.0000000000,16
1250,116,3.6666068634,153786368.0000000000,32
1250,117,3.2394691095,134600304.0000000000,30
1250,118,3.2443725473,134607776.0000000000,23
1250,119,3.2385349212,134320048.0000000000,38
1250,120,3.6597296172,153369680.0000000000,38
1250,121,3.6665414792,153784880.0000000000,0
1250,122,3.6644418492,153755264.0000000000,31
1250,123,3.6663411919,153784768.0000000000,36
1250,124,3.6671984417,153793360.0000000000,19
1250,125,3.6662128233,153778352.0000000000,27
1250,126,3.6616470675,153766688.0000000000,29
1250,127,3.6695755182,153783200.0000000000,23
1250,128,3.6659842920,153780096.0000000000,18
1250,129,3.6693527841,153794176.0000000000,12
1250,130,3.6669075262,153774432.0000000000,10
1250,131,3.6663088028,153768704.0000000000,10
1250,132,3.2447680653,134600112.0000000000,3
1250,133,3.2469018275,134588416.0000000000,20
1250,134,3.2162170202,134187088.0000000000,22
1250,135,0.6481386689,33538432.0000000000,31
1250,136,0.6487100108,33591264.0000000000,32
1250,137,0.6491319283,33594704.0000000000,1
1250,138,0.6491548552,33578224.0000000000,2
1250,139,0.6489727792,33586320.0000000000,3
1250,140,0.6499199701,33583968.0000000000,23
1250,141,0.6490650910,33594992.0000000000,35
1250,142,0.6485693213,33585312.0000000000,34
1250,143,0.6493383957,33591600.0000000000,4
1250,144,0.6483166288,33576608.0000000000,25
1250,145,0.6481563003,33582064.0000000000,33
1250,146,0.6495687624,33595808.0000000000,30
1250,147,0.6055377215,29441744.0000000000,39
1250,148,0.6059343774,29433024.0000000000,13
1250,149,0.6038999904,29392240.0000000000,14
1250,150,0.2667154318,19560496.0000000000,3
1250,151,0.2668873254,19560496.0000000000,25
1250,152,0.2666268379,19560496.0000000000,26
1250,153,0.2668702805,19560496.0000000000,4
1250,154,0.2674610095,19560496.0000000000,12
1250,155,0.2671077110,19560496.0000000000,30
1250,156,0.2665673423,19560496.0000000000,32
1250,157,0.2664901502,19560496.0000000000,25
1250,158,0.2666980320,19560496.0000000000,6
1250,159,0.2667250029,19560496.0000000000,3
1250,160,0.2666019124,19560496.0000000000,2
1250,161,0.2669161275,19560496.0000000000,5
1250,162,0.2308554984,17158704.0000000000,30
1250,163,0.2281979986,17158704.0000000000,7
1250,164,0.2326423039,17158704.0000000000,9
1250,165,0.2669340984,19560496.0000000000,9
1250,166,0.2677015371,19560496.0000000000,23
1250,167,0.2665331592,19560496.0000000000,27
1250,168,0.2675333554,19560496.0000000000,12
1250,169,0.2675798005,19560496.0000000000,28
1250,170,0.2677183517,19560496.0000000000,23
1250,171,0.2667361389,19560496.0000000000,5
1250,172,0.2668035255,19560496.0000000000,18
1250,173,0.2668718999,19560496.0000000000,8
1250,174,0.2667849286,19560496.0000000000,31
1250,175,0.2669142262,19560496.0000000000,4
1250,176,0.2668863999,19560496.0000000000,1
1250,177,0.2283542894,17158704.0000000000,27
1250,178,0.2316049995,17158704.0000000000,25
1250,179,0.2317833703,17158704.0000000000,8
1250,180,0.2668828231,19560496.0000000000,13
1250,181,0.2662631888,19560496.0000000000,0
1250,182,0.2666268003,19560496.0000000000,2
1250,183,0.2674136518,19560496.0000000000,12
1250,184,0.2665654802,19560496.0000000000,26
1250,185,0.2673002342,19560496.0000000000,30
1250,186,0.2664628978,19560496.0000000000,27
1250,187,0.2665695351,19560496.0000000000,14
1250,188,0.2663367519,19560496.0000000000,27
1250,189,0.2664931236,19560496.0000000000,26
1250,190,0.2675774896,19560496.0000000000,12
1250,191,0.2667021776,19560496.0000000000,6
1250,192,0.2325111759,17158704.0000000000,26
1250,193,0.2310395191,17158704.0000000000,35
1250,194,0.2301239559,17158704.0000000000,11
1250,195,0.2680211643,19560496.0000000000,15
1250,196,0.2668814783,19560496.0000000000,5
1250,197,0.2669260509,19560496.0000000000,31
1250,198,0.2667527518,19560496.0000000000,32
1250,199,0.2666604738,19560496.0000000000,3
1250,200,0.2668737980,19560496.0000000000,13
1250,201,0.2666378968,19560496.0000000000,6
1250,202,0.2674200587,19560496.0000000000,28
1250,203,0.2668264433,19560496.0000000000,35
1250,204,0.2666510973,19560496.0000000000,34
1250,205,0.2667149793,19560496.0000000000,3
1250,206,0.2659786985,19560496.0000000000,11
1250,207,0.2311224970,17158704.0000000000,25
1250,208,0.2289079300,17158704.0000000000,14
1250,209,0.2321072520,17158704.0000000000,16
1250,210,0.2662973357,19560496.0000000000,19
1250,211,0.2664258330,19560496.0000000000,2
1250,212,0.2665514165,19560496.0000000000,26
1250,213,0.2667716905,19560496.0000000000,13
1250,214,0.2664335956,19560496.0000000000,14
1250,215,0.2666491644,19560496.0000000000,32
1250,216,0.2665852532,19560496.0000000000,36
1250,217,0.2674063301,19560496.0000000000,28
1250,218,0.2677789957,19560496.0000000000,16
1250,219,0.2662616463,19560496.0000000000,39
1250,220,0.2674002379,19560496.0000000000,28
1250,221,0.2667872477,19560496.0000000000,5
1250,222,0.2327447986,17158704.0000000000,15
1250,223,0.2312774842,17158704.0000000000,37
1250,224,0.2323912226,17158704.0000000000,28
1250,225,0.2663631086,19560496.0000000000,34
1250,226,0.2668916013,19560496.0000000000,31
1250,227,0.2667188205,19560496.0000000000,4
1250,228,0.2673557030,19560496.0000000000,28
1250,229,0.2665259734,19560496.0000000000,26
1250,230,0.2665774527,19560496.0000000000,24
1250,231,0.2660081889,19560496.0000000000,7
1250,232,0.2672548211,19560496.0000000000,10
1250,233,0.2668510371,19560496.0000000000,4
1250,234,0.2666854555,19560496.0000000000,25
1250,235,0.2660635134,19560496.0000000000,7
1250,236,0.2677527165,19560496.0000000000,20
1250,237,0.2310336507,17158704.0000000000,4
1250,238,0.2298245274,17158704.0000000000,0
1250,239,0.2298498029,17158704.0000000000,2
1250,240,0.2671589912,19560496.0000000000,38
1250,241,0.2668333367,19560496.0000000000,1
1250,242,0.2676064413,19560496.0000000000,23
1250,243,0.2662314133,19560496.0000000000,37
1250,244,0.2669860714,19560496.0000000000,8
1250,245,0.2676270704,19560496.0000000000,23
1250,246,0.2668557707,19560496.0000000000,9
1250,247,0.2675749701,19560496.0000000000,23
1250,248,0.2664747890,19560496.0000000000,32
1250,249,0.2663526553,19560496.0000000000,27
1250,250,0.2665208397,19560496.0000000000,32
1250,251,0.2667639963,19560496.0000000000,4
1250,252,0.2302389678,17158704.0000000000,23
1250,253,0.2302709504,17158704.0000000000,5
1250,254,0.2331986297,17158704.0000000000,20
1250,255,0.2660112170,19560496.0000000000,7
1250,256,0.2663418180,19560496.0000000000,26
1250,257,0.2661604725,19560496.0000000000,33
1250,258,0.2659630444,19560496.0000000000,7
1250,259,0.2667563140,19560496.0000000000,35
1250,260,0.2659319428,19560496.0000000000,7
1250,261,0.2667584603,19560496.0000000000,6
1250,262,0.2664121728,19560496.0000000000,25
1250,263,0.2667343742,19560496.0000000000,9
1250,264,0.2664902052,19560496.0000000000,34
1250,265,0.2669086676,19560496.0000000000,8
1250,266,0.2672249240,19560496.0000000000,38
1250,267,0.2309091133,17158704.0000000000,22
1250,268,0.2329599679,17158704.0000000000,17
1250,269,0.2329860973,17158704.0000000000,3
1250,270,0.2663713698,19560496.0000000000,39
1250,271,0.2659484480,19560496.0000000000,7
1250,272,0.2663259909,19560496.0000000000,27
1250,273,0.2666257931,19560496.0000000000,2
1250,274,0.2668546614,19560496.0000000000,9
1250,275,0.2670940553,19560496.0000000000,10
1250,276,0.2659102369,19560496.0000000000,7
1250,277,0.2668584115,19560496.0000000000,31
1250,278,0.2673027558,19560496.0000000000,10
1250,279,0.2669090652,19560496.0000000000,8
1250,280,0.2671239984,19560496.0000000000,10
1250,281,0.2677670343,19560496.0000000000,21
1250,282,0.2316797096,17158704.0000000000,6
1250,283,0.2318174008,17158704.0000000000,36
1250,284,0.2319128462,17158704.0000000000,32
1250,285,0.2669307622,19560496.0000000000,4
1250,286,0.2673632926,19560496.0000000000,30
1250,287,0.2663672199,19560496.0000000000,34
1250,288,0.2664127219,19560496.0000000000,26
1250,289,0.2663679690,19560496.0000000000,27
1250,290,0.2663526402,19560496.0000000000,27
1250,291,0.2667650440,19560496.0000000000,6
1250,292,0.2672986014,19560496.0000000000,10
1250,293,0.2665510742,19560496.0000000000,36
1250,294,0.2663250085,19560496.0000000000,29
1250,295,0.2665930901,19560496.0000000000,2
1250,296,0.2671711563,19560496.0000000000,30
1250,297,0.2321041649,17158704.0000000000,38
1250,298,0.2303704146,17158704.0000000000,23
1250,299,0.2322970038,17158704.0000000000,13
1250,300,0.2668375596,19560496.0000000000,35
1250,301,0.2659953791,19560496.0000000000,33
1250,302,0.2665532295,19560496.0000000000,32
1250,303,0.2673173481,19560496.0000000000,28
1250,304,0.2667531344,19560496.0000000000,31
1250,305,0.2668158615,19560496.0000000000,6
1250,306,0.2671773488,19560496.0000000000,1
1250,307,0.2664430989,19560496.0000000000,34
1250,308,0.2664256016,19560496.0000000000,14
1250,309,0.2673702934,19560496.0000000000,30
1250,310,0.2667399287,19560496.0000000000,13
1250,311,0.2667623849,19560496.0000000000,3
1250,312,0.2301995669,17158704.0000000000,31
1250,313,0.2307472390,17158704.0000000000,0
1250,314,0.2286783779,17158704.0000000000,29
1250,315,0.2668170772,19560496.0000000000,3
1250,316,0.2674229267,19560496.0000000000,12
1250,317,0.2664020917,19560496.0000000000,25
1250,318,0.2662749309,19560496.0000000000,29
1250,319,0.2665948196,19560496.0000000000,2
1250,320,0.2667652351,19560496.0000000000,31
1250,321,0.2659868411,19560496.0000000000,33
1250,322,0.2672432412,19560496.0000000000,30
1250,323,0.2660058828,19560496.0000000000,33
1250,324,0.2664794985,19560496.0000000000,2
1250,325,0.2664599235,19560496.0000000000,14
1250,326,0.2668319478,19560496.0000000000,4
1250,327,0.2301517437,17158704.0000000000,11
1250,328,0.2283736326,17158704.0000000000,24
1250,329,0.2323660791,17158704.0000000000,12
1250,330,0.2667266628,19560496.0000000000,9
1250,331,0.2669873203,19560496.0000000000,18
1250,332,0.2662200812,19560496.0000000000,0
1250,333,0.2672467454,19560496.0000000000,10
1250,334,0.2665931691,19560496.0000000000,32
1250,335,0.2667520781,19560496.0000000000,3
1250,336,0.2659127531,19560496.0000000000,33
1250,337,0.2663750338,19560496.0000000000,26
1250,338,0.2665676768,19560496.0000000000,35
1250,339,0.2671119533,19560496.0000000000,38
1250,340,0.2668677159,19560496.0000000000,6
1250,341,0.2667996143,19560496.0000000000,8
1250,342,0.2293589533,17158704.0000000000,19
1250,343,0.2319872170,17158704.0000000000,32
1250,344,0.2311103336,17158704.0000000000,34
1250,345,0.2668088687,19560496.0000000000,31
1250,346,0.2669184911,19560496.0000000000,8
1250,347,0.2664068486,19560496.0000000000,27
1250,348,0.2676233345,19560496.0000000000,20
1250,349,0.2667838568,19560496.0000000000,4
1250,350,0.2664793575,19560496.0000000000,25
1250,351,0.2666488483,19560496.0000000000,3
1250,352,0.2663524825,19560496.0000000000,39
1250,353,0.2669770844,19560496.0000000000,1
1250,354,0.2673329032,19560496.0000000000,28
1250,355,0.2664091775,19560496.0000000000,25
1250,356,0.2676310578,19560496.0000000000,23
1250,357,0.2329765471,17158704.0000000000,12
1250,358,0.2313773118,17158704.0000000000,8
1250,359,0.2331541099,17158704.0000000000,9
1250,360,0.2663367867,19560496.0000000000,39
1250,361,0.2667667698,19560496.0000000000,1
1250,362,0.2660738265,19560496.0000000000,39
1250,363,0.2662543365,19560496.0000000000,37
1250,364,0.2673225216,19560496.0000000000,10
1250,365,0.2667683600,19560496.0000000000,6
1250,366,0.2665144361,19560496.0000000000,14
1250,367,0.2696323217,19560496.0000000000,8
1250,368,0.2674048113,19560496.0000000000,28
1250,369,0.2668608068,19560496.0000000000,9
1250,370,0.2668550392,19560496.0000000000,8
1250,371,0.2665048881,19560496.0000000000,14
1250,372,0.2317773201,17158704.0000000000,6
1250,373,0.2320221263,17158704.0000000000,21
1250,374,0.2329122801,17158704.0000000000,10
1250,375,0.2668833638,19560496.0000000000,5
1250,376,0.2676011608,19560496.0000000000,12
1250,377,0.2668947211,19560496.0000000000,1
1250,378,0.2680707527,19560496.0000000000,15
1250,379,0.2667864119,19560496.0000000000,13
1250,380,0.2660898512,19560496.0000000000,7
1250,381,0.2672500110,19560496.0000000000,10
1250,382,0.2668338021,19560496.0000000000,5
1250,383,0.2666462916,19560496.0000000000,5
1250,384,0.2668618575,19560496.0000000000,1
1250,385,0.2668657186,19560496.0000000000,13
1250,386,0.2669750646,19560496.0000000000,5
1250,387,0.2282734516,17158704.0000000000,33
1250,388,0.2300296780,17158704.0000000000,1
1250,389,0.2324405096,17158704.0000000000,10
1250,390,0.2679441596,19560496.0000000000,17
1250,391,0.2665862623,19560496.0000000000,34
1250,392,0.2675534889,19560496.0000000000,21
1250,393,0.2674077080,19560496.0000000000,22
1250,394,0.2663152706,19560496.0000000000,39
1250,395,0.2668156511,19560496.0000000000,9
1250,396,0.2667602181,19560496.0000000000,2
1250,397,0.2659588156,19560496.0000000000,33
1250,398,0.2675445067,19560496.0000000000,23
1250,399,0.2666943674,19560496.0000000000,9
1250,400,0.2675372782,19560496.0000000000,12
1250,401,0.2677891615,19560496.0000000000,16
1250,402,0.2309642335,17158704.0000000000,39
1250,403,0.2291059524,17158704.0000000000,18
1250,404,0.2301097996,17158704.0000000000,31
1250,405,0.2665389557,19560496.0000000000,36
1250,406,0.2663384349,19560496.0000000000,19
1250,407,0.2664869744,19560496.0000000000,24
1250,408,0.2662130383,19560496.0000000000,37
1250,409,0.2666043874,19560496.0000000000,35
1250,410,0.2674196806,19560496.0000000000,12
1250,411,0.2665235064,19560496.0000000000,35
1250,412,0.2669278268,19560496.0000000000,1
1250,413,0.2659130472,19560496.0000000000,11
1250,414,0.2673705359,19560496.0000000000,22
1250,415,0.2678865547,19560496.0000000000,17
1250,416,0.2671805114,19560496.0000000000,30
1250,417,0.2279615158,17158704.0000000000,7
1250,418,0.2310064914,17158704.0000000000,30
1250,419,0.2301441751,17158704.0000000000,5
1250,420,0.2027981606,14756912.0000000000,17
1250,421,0.2023621914,14756912.0000000000,21
1250,422,0.2019652469,14756912.0000000000,18
1250,423,0.2027944478,14756912.0000000000,15
1250,424,0.2030376032,14756912.0000000000,16
1250,425,0.2029476897,14756912.0000000000,20
1250,426,0.2015875863,14756912.0000000000,19
1250,427,0.2019881144,14756912.0000000000,26
1250,428,0.2015889488,14756912.0000000000,27
1250,429,0.2020198709,14756912.0000000000,24
1250,430,0.2014920690,14756912.0000000000,29
1250,431,0.2025985268,14756912.0000000000,28
1250,432,0.1854374591,12944944.0000000000,14
1250,433,0.1860929547,12944944.0000000000,13
1250,434,0.1859430910,12944944.0000000000,22
1300,0,0.0628198370,84295632.0000000000,18
1300,1,0.0636274670,84037472.0000000000,11
1300,2,0.0628586870,82724160.0000000000,0
1300,3,0.0637564580,83545248.0000000000,24
1300,4,0.0667518850,85198064.0000000000,16
1300,5,0.0650165780,83949904.0000000000,21
1300,6,0.0586987790,78667760.0000000000,17
1300,7,0.0564872580,77254896.0000000000,15
1300,8,0.0622496480,82193280.0000000000,22
1300,9,0.0671246360,86360224.0000000000,20
1300,10,0.0712731990,89767056.0000000000,19
1300,11,0.0806129630,99226240.0000000000,29
1300,12,0.0719250370,88278240.0000000000,36
1300,13,0.0690418660,86234864.0000000000,37
1300,14,0.0651157340,83280816.0000000000,38
1300,15,0.1148725360,150033232.0000000000,8
1300,16,0.1162697340,149203264.0000000000,26
1300,17,0.1136307080,145008080.0000000000,33
1300,18,0.1098801080,141130880.0000000000,34
1300,19,0.1050580800,135504016.0000000000,3
1300,20,0.0947253360,126626560.0000000000,1
1300,21,0.0859370970,119342720.0000000000,22
1300,22,0.0838747180,117434944.0000000000,37
1300,23,0.0894288230,122948448.0000000000,11
1300,24,0.1035190260,135377424.0000000000,24
1300,25,0.1218882030,151773824.0000000000,30
1300,26,0.1345829440,164969376.0000000000,2
1300,27,0.1144038230,141996256.0000000000,1
1300,28,0.1081077860,137026592.0000000000,4
1300,29,0.1048631140,134999728.0000000000,16
1300,30,0.1160374190,154201472.0000000000,21
1300,31,0.1172764480,155246432.0000000000,36
1300,32,0.1207620680,157214384.0000000000,4
1300,33,0.1253376250,161249296.0000000000,30
1300,34,0.1339441660,168334752.0000000000,13
1300,35,0.1444359290,177950176.0000000000,28
1300,36,0.1537633210,186777232.0000000000,14
1300,37,0.1566872690,190140368.0000000000,27
1300,38,0.1512656130,185632784.0000000000,5
1300,39,0.1404680250,175483712.0000000000,25
1300,40,0.1296414490,164889312.0000000000,4
1300,41,0.1207945900,157649696.0000000000,7
1300,42,0.1027610300,135218736.0000000000,17
1300,43,0.1019753900,134460400.0000000000,15
1300,44,0.1004715360,134149776.0000000000,18
1300,45,0.1136319310,153699456.0000000000,29
1300,46,0.1137722140,153777232.0000000000,31
1300,47,0.1139423910,153779472.0000000000,15
1300,48,0.1137533270,153777808.0000000000,11
1300,49,0.1138415980,153780448.0000000000,3
1300,50,0.1138004230,153778608.0000000000,25
1300,51,0.1138721080,153780144.0000000000,2
1300,52,0.1139348450,153776880.0000000000,15
1300,53,0.1138485180,153777664.0000000000,14
1300,54,0.1139401680,153782432.0000000000,39
1300,55,0.1138976630,153778496.0000000000,13
1300,56,0.1138805310,153778352.0000000000,35
1300,57,0.1004482720,134601120.0000000000,29
1300,58,0.1008568850,134600736.0000000000,21
1300,59,0.1005659190,134522800.0000000000,19
1300,60,0.1139034700,153702640.0000000000,6
1300,61,0.1139807390,153780032.0000000000,17
1300,62,0.1137865450,153777488.0000000000,26
1300,63,0.1138139760,153783264.0000000000,5
1300,64,0.1139663090,153780224.0000000000,17
1300,65,0.1138748130,153774704.0000000000,0
1300,66,0.1139197210,153779344.0000000000,21
1300,67,0.1138398330,153777024.0000000000,39
1300,68,0.1139370940,153779936.0000000000,20
1300,69,0.1140352860,153778864.0000000000,16
1300,70,0.1138757280,153778560.0000000000,20
1300,71,0.1136908140,153777920.0000000000,33
1300,72,0.1006616030,134598880.0000000000,25
1300,73,0.1006026410,134600016.0000000000,2
1300,74,0.1005901780,134519968.0000000000,31
1300,75,0.1139798880,153705728.0000000000,28
1300,76,0.1138799190,153780128.0000000000,12
1300,77,0.1138508420,153777104.0000000000,27
1300,78,0.1138724290,153778272.0000000000,10
1300,79,0.1138232060,153777488.0000000000,24
1300,80,0.1138654750,153782576.0000000000,1
1300,81,0.1137994070,153776496.0000000000,6
1300,82,0.1140645720,153785520.0000000000,23
1300,83,0.1139703260,153775248.0000000000,22
1300,84,0.1138643080,153780384.0000000000,32
1300,85,0.1138341090,153780272.0000000000,35
1300,86,0.1138428790,153780800.0000000000,14
1300,87,0.1006113730,134598480.0000000000,11
1300,88,0.1007067690,134601856.0000000000,37
1300,89,0.1005740770,134521152.0000000000,0
1300,90,0.1138341950,153698656.0000000000,9
1300,91,0.1138225320,153779360.0000000000,19
1300,92,0.1138188350,153777648.0000000000,38
1300,93,0.1137027290,153780416.0000000000,37
1300,94,0.1138754020,153778800.0000000000,35
1300,95,0.1137526960,153780032.0000000000,7
1300,96,0.1138483400,153777792.0000000000,34
1300,97,0.1137463020,153776352.0000000000,33
1300,98,0.1139039060,153780864.0000000000,13
1300,99,0.1138273990,153776992.0000000000,34
1300,100,0.1139102810,153775232.0000000000,7
1300,101,0.1137162240,153777824.0000000000,39
1300,102,0.1006032460,134598096.0000000000,36
1300,103,0.1007070650,134603408.0000000000,32
1300,104,0.1006140210,134523072.0000000000,24
1300,105,0.1138687670,153499056.0000000000,12
1300,106,0.1138568000,153775184.0000000000,9
1300,107,0.1139818320,153783968.0000000000,26
1300,108,0.1138140880,153778432.0000000000,5
1300,109,0.1139224000,153776624.0000000000,6
1300,110,0.1138359090,153767232.0000000000,9
1300,111,0.1140514480,153778000.0000000000,8
1300,112,0.1139035100,153790672.0000000000,28
1300,113,0.1138405080,153770656.0000000000,18
1300,114,0.1138726200,153769712.0000000000,8
1300,115,0.1139331670,153773232.0000000000,16
1300,116,0.1139990910,153782496.0000000000,32
1300,117,0.1005439750,134606992.0000000000,30
1300,118,0.1007770830,134604112.0000000000,23
1300,119,0.0999799990,134310816.0000000000,38
1300,120,0.1136915880,153353856.0000000000,38
1300,121,0.1138631690,153782368.0000000000,0
1300,122,0.1138517590,153758592.0000000000,31
1300,123,0.1138731190,153780208.0000000000,36
1300,124,0.1139897860,153794608.0000000000,19
1300,125,0.1138988250,153778464.0000000000,27
1300,126,0.1137681610,153762704.0000000000,29
1300,127,0.1140377790,153784448.0000000000,23
1300,128,0.1140773870,153781264.0000000000,18
1300,129,0.1140161520,153790848.0000000000,12
1300,130,0.1139608490,153777088.0000000000,10
1300,131,0.1138975590,153766368.0000000000,10
1300,132,0.1008051810,134602912.0000000000,3
1300,133,0.1008273310,134586208.0000000000,20
1300,134,0.0998987150,134168064.0000000000,22
1300,135,0.0199822130,33537408.0000000000,31
1300,136,0.0200623330,33593152.0000000000,32
1300,137,0.0200516500,33593728.0000000000,1
1300,138,0.0200402600,33578608.0000000000,2
1300,139,0.0200779940,33587872.0000000000,3
1300,140,0.0200824610,33584384.0000000000,23
1300,141,0.0200269830,33595504.0000000000,35
1300,142,0.0200066540,33583024.0000000000,34
1300,143,0.0200446400,33590896.0000000000,4
1300,144,0.0199983910,33579040.0000000000,25
1300,145,0.0201480190,33581504.0000000000,33
1300,146,0.0200631080,33594864.0000000000,30
1300,147,0.0187252700,29442192.0000000000,39
1300,148,0.0189097000,29431968.0000000000,13
1300,149,0.0185443470,29391104.0000000000,14
1300,150,0.0081446960,19560496.0000000000,3
1300,151,0.0081391920,19560496.0000000000,25
1300,152,0.0081434940,19560496.0000000000,26
1300,153,0.0081807250,19560496.0000000000,4
1300,154,0.0081826280,19560496.0000000000,12
1300,155,0.0081756250,19560496.0000000000,30
1300,156,0.0081578300,19560496.0000000000,32
1300,157,0.0081471980,19560496.0000000000,25
1300,158,0.0081724050,19560496.0000000000,6
1300,159,0.0081643440,19560496.0000000000,3
1300,160,0.0081602380,19560496.0000000000,2
1300,161,0.0081842320,19560496.0000000000,5
1300,162,0.0070608780,17158704.0000000000,30
1300,163,0.0069661450,17158704.0000000000,7
1300,164,0.0070755340,17158704.0000000000,9
1300,165,0.0081646820,19560496.0000000000,9
1300,166,0.0082036540,19560496.0000000000,23
1300,167,0.0081740910,19560496.0000000000,27
1300,168,0.0081826600,19560496.0000000000,12
1300,169,0.0081774380,19560496.0000000000,28
1300,170,0.0081851780,19560496.0000000000,23
1300,171,0.0081621180,19560496.0000000000,5
1300,172,0.0081719650,19560496.0000000000,18
1300,173,0.0081642920,19560496.0000000000,8
1300,174,0.0081741130,19560496.0000000000,31
1300,175,0.0081800230,19560496.0000000000,4
1300,176,0.0081536340,19560496.0000000000,1
1300,177,0.0069565180,17158704.0000000000,27
1300,178,0.0070718320,17158704.0000000000,25
1300,179,0.0070759560,17158704.0000000000,8
1300,180,0.0081690130,19560496.0000000000,13
1300,181,0.0081669290,19560496.0000000000,0
1300,182,0.0081542440,19560496.0000000000,2
1300,183,0.0081779420,19560496.0000000000,12
1300,184,0.0081821970,19560496.0000000000,26
1300,185,0.0081659160,19560496.0000000000,30
1300,186,0.0081698220,19560496.0000000000,27
1300,187,0.0081590530,19560496.0000000000,14
1300,188,0.0081745520,19560496.0000000000,27
1300,189,0.0081547740,19560496.0000000000,26
1300,190,0.0081984490,19560496.0000000000,12
1300,191,0.0081987200,19560496.0000000000,6
1300,192,0.0070878710,17158704.0000000000,26
1300,193,0.0070424600,17158704.0000000000,35
1300,194,0.0070168500,17158704.0000000000,11
1300,195,0.0082072470,19560496.0000000000,15
1300,196,0.0081403240,19560496.0000000000,5
1300,197,0.0081710570,19560496.0000000000,31
1300,198,0.0081637410,19560496.0000000000,32
1300,199,0.0081710670,19560496.0000000000,3
1300,200,0.0081426030,19560496.0000000000,13
1300,201,0.0081603460,19560496.0000000000,6
1300,202,0.0081986880,19560496.0000000000,28
1300,203,0.0081625800,19560496.0000000000,35
1300,204,0.0081644530,19560496.0000000000,34
1300,205,0.0081498160,19560496.0000000000,3
1300,206,0.0081359570,19560496.0000000000,11
1300,207,0.0070714820,17158704.0000000000,25
1300,208,0.0069712620,17158704.0000000000,14
1300,209,0.0070939080,17158704.0000000000,16
1300,210,0.0081537110,19560496.0000000000,19
1300,211,0.0081568500,19560496.0000000000,2
1300,212,0.0081620880,19560496.0000000000,26
1300,213,0.0081706860,19560496.0000000000,13
1300,214,0.0081664890,19560496.0000000000,14
1300,215,0.0081493250,19560496.0000000000,32
1300,216,0.0081517270,19560496.0000000000,36
1300,217,0.0081740520,19560496.0000000000,28
1300,218,0.0081942010,19560496.0000000000,16
1300,219,0.0081263380,19560496.0000000000,39
1300,220,0.0082079470,19560496.0000000000,28
1300,221,0.0081883090,19560496.0000000000,5
1300,222,0.0070696410,17158704.0000000000,15
1300,223,0.0070772750,17158704.0000000000,37
1300,224,0.0071283500,17158704.0000000000,28
1300,225,0.0081395940,19560496.0000000000,34
1300,226,0.0081797520,19560496.0000000000,31
1300,227,0.0081607270,19560496.0000000000,4
1300,228,0.0081910340,19560496.0000000000,28
1300,229,0.0081611770,19560496.0000000000,26
1300,230,0.0081582200,19560496.0000000000,24
1300,231,0.0081451150,19560496.0000000000,7
1300,232,0.0081848910,19560496.0000000000,10
1300,233,0.0081982490,19560496.0000000000,4
1300,234,0.0081672090,19560496.0000000000,25
1300,235,0.0081426500,19560496.0000000000,7
1300,236,0.0081884140,19560496.0000000000,20
1300,237,0.0070390480,17158704.0000000000,4
1300,238,0.0069981600,17158704.0000000000,0
1300,239,0.0070561710,17158704.0000000000,2
1300,240,0.0081981660,19560496.0000000000,38
1300,241,0.0081784220,19560496.0000000000,1
1300,242,0.0081840970,19560496.0000000000,23
1300,243,0.0081689700,19560496.0000000000,37
1300,244,0.0081890280,19560496.0000000000,8
1300,245,0.0081658420,19560496.0000000000,23
1300,246,0.0081845510,19560496.0000000000,9
1300,247,0.0081998570,19560496.0000000000,23
1300,248,0.0081587120,19560496.0000000000,32
1300,249,0.0081625910,19560496.0000000000,27
1300,250,0.0081598550,19560496.0000000000,32
1300,251,0.0081767770,19560496.0000000000,4
1300,252,0.0070486060,17158704.0000000000,23
1300,253,0.0070156920,17158704.0000000000,5
1300,254,0.0071685370,17158704.0000000000,20
1300,255,0.0081302450,19560496.0000000000,7
1300,256,0.0081759370,19560496.0000000000,26
1300,257,0.0081617080,19560496.0000000000,33
1300,258,0.0081349940,19560496.0000000000,7
1300,259,0.0081720560,19560496.0000000000,35
1300,260,0.0081346340,19560496.0000000000,7
1300,261,0.0081655830,19560496.0000000000,6
1300,262,0.0081473800,19560496.0000000000,25
1300,263,0.0081807340,19560496.0000000000,9
1300,264,0.0081428610,19560496.0000000000,34
1300,265,0.0081567270,19560496.0000000000,8
1300,266,0.0081710330,19560496.0000000000,38
1300,267,0.0070898730,17158704.0000000000,22
1300,268,0.0071613110,17158704.0000000000,17
1300,269,0.0071204880,17158704.0000000000,3
1300,270,0.0081476100,19560496.0000000000,39
1300,271,0.0081464170,19560496.0000000000,7
1300,272,0.0081642230,19560496.0000000000,27
1300,273,0.0081411400,19560496.0000000000,2
1300,274,0.0081645130,19560496.0000000000,9
1300,275,0.0081794700,19560496.0000000000,10
1300,276,0.0081366390,19560496.0000000000,7
1300,277,0.0081711440,19560496.0000000000,31
1300,278,0.0081819140,19560496.0000000000,10
1300,279,0.0081679080,19560496.0000000000,8
1300,280,0.0081706920,19560496.0000000000,10
1300,281,0.0082109690,19560496.0000000000,21
1300,282,0.0071096140,17158704.0000000000,6
1300,283,0.0070573440,17158704.0000000000,36
1300,284,0.0070594620,17158704.0000000000,32
1300,285,0.0081664280,19560496.0000000000,4
1300,286,0.0082075850,19560496.0000000000,30
1300,287,0.0081676390,19560496.0000000000,34
1300,288,0.0081611370,19560496.0000000000,26
1300,289,0.0081620090,19560496.0000000000,27
1300,290,0.0081547040,19560496.0000000000,27
1300,291,0.0081415670,19560496.0000000000,6
1300,292,0.0081799310,19560496.0000000000,10
1300,293,0.0081454240,19560496.0000000000,36
1300,294,0.0081564570,19560496.0000000000,29
1300,295,0.0081534530,19560496.0000000000,2
1300,296,0.0081960250,19560496.0000000000,30
1300,297,0.0071397130,17158704.0000000000,38
1300,298,0.0069967760,17158704.0000000000,23
1300,299,0.0070901910,17158704.0000000000,13
1300,300,0.0081496040,19560496.0000000000,35
1300,301,0.0081428730,19560496.0000000000,33
1300,302,0.0081466480,19560496.0000000000,32
1300,303,0.0081930670,19560496.0000000000,28
1300,304,0.0081678910,19560496.0000000000,31
1300,305,0.0081775580,19560496.0000000000,6
1300,306,0.0081597950,19560496.0000000000,1
1300,307,0.0081488740,19560496.0000000000,34
1300,308,0.0081819380,19560496.0000000000,14
1300,309,0.0081834680,19560496.0000000000,30
1300,310,0.0081675590,19560496.0000000000,13
1300,311,0.0081409720,19560496.0000000000,3
1300,312,0.0070931820,17158704.0000000000,31
1300,313,0.0071208780,17158704.0000000000,0
1300,314,0.0070598450,17158704.0000000000,29
1300,315,0.0081696120,19560496.0000000000,3
1300,316,0.0081813280,19560496.0000000000,12
1300,317,0.0081666260,19560496.0000000000,25
1300,318,0.0081570910,19560496.0000000000,29
1300,319,0.0081489540,19560496.0000000000,2
1300,320,0.0081602340,19560496.0000000000,31
1300,321,0.0081663760,19560496.0000000000,33
1300,322,0.0081733200,19560496.0000000000,30
1300,323,0.0081241750,19560496.0000000000,33
1300,324,0.0081715580,19560496.0000000000,2
1300,325,0.0081474010,19560496.0000000000,14
1300,326,0.0081672060,19560496.0000000000,4
1300,327,0.0070495530,17158704.0000000000,11
1300,328,0.0069826100,17158704.0000000000,24
1300,329,0.0071069850,17158704.0000000000,12
1300,330,0.0081584390,19560496.0000000000,9
1300,331,0.0081635700,19560496.0000000000,18
1300,332,0.0081443330,19560496.0000000000,0
1300,333,0.0081591830,19560496.0000000000,10
1300,334,0.0081385710,19560496.0000000000,32
1300,335,0.0081630710,19560496.0000000000,3
1300,336,0.0081576910,19560496.0000000000,33
1300,337,0.0081510380,19560496.0000000000,26
1300,338,0.0081840410,19560496.0000000000,35
1300,339,0.0081765240,19560496.0000000000,38
1300,340,0.0081777470,19560496.0000000000,6
1300,341,0.0081939690,19560496.0000000000,8
1300,342,0.0070398040,17158704.0000000000,19
1300,343,0.0070888500,17158704.0000000000,32
1300,344,0.0070382330,17158704.0000000000,34
1300,345,0.0081817940,19560496.0000000000,31
1300,346,0.0081830160,19560496.0000000000,8
1300,347,0.0081504960,19560496.0000000000,27
1300,348,0.0081912610,19560496.0000000000,20
1300,349,0.0081818480,19560496.0000000000,4
1300,350,0.0081720410,19560496.0000000000,25
1300,351,0.0081646730,19560496.0000000000,3
1300,352,0.0081294220,19560496.0000000000,39
1300,353,0.0081697150,19560496.0000000000,1
1300,354,0.0081997700,19560496.0000000000,28
1300,355,0.0081335040,19560496.0000000000,25
1300,356,0.0082140350,19560496.0000000000,23
1300,357,0.0070911540,17158704.0000000000,12
1300,358,0.0070515770,17158704.0000000000,8
1300,359,0.0070748600,17158704.0000000000,9
1300,360,0.0081568160,19560496.0000000000,39
1300,361,0.0081634420,19560496.0000000000,1
1300,362,0.0081486420,19560496.0000000000,39
1300,363,0.0081642310,19560496.0000000000,37
1300,364,0.0081609850,19560496.0000000000,10
1300,365,0.0081637810,19560496.0000000000,6
1300,366,0.0081750240,19560496.0000000000,14
1300,367,0.0081726790,19560496.0000000000,8
1300,368,0.0081753250,19560496.0000000000,28
1300,369,0.0081558750,19560496.0000000000,9
1300,370,0.0081788690,19560496.0000000000,8
1300,371,0.0081712180,19560496.0000000000,14
1300,372,0.0070676840,17158704.0000000000,6
1300,373,0.0070970490,17158704.0000000000,21
1300,374,0.0070434510,17158704.0000000000,10
1300,375,0.0081797020,19560496.0000000000,5
1300,376,0.0082026590,19560496.0000000000,12
1300,377,0.0081965170,19560496.0000000000,1
1300,378,0.0082038100,19560496.0000000000,15
1300,379,0.0081579000,19560496.0000000000,13
1300,380,0.0081309960,19560496.0000000000,7
1300,381,0.0081716180,19560496.0000000000,10
1300,382,0.0081700250,19560496.0000000000,5
1300,383,0.0081670770,19560496.0000000000,5
1300,384,0.0081647350,19560496.0000000000,1
1300,385,0.0081830410,19560496.0000000000,13
1300,386,0.0081685700,19560496.0000000000,5
1300,387,0.0070168520,17158704.0000000000,33
1300,388,0.0070346610,17158704.0000000000,1
1300,389,0.0071440380,17158704.0000000000,10
1300,390,0.0082319930,19560496.0000000000,17
1300,391,0.0081944400,19560496.0000000000,34
1300,392,0.0081958380,19560496.0000000000,21
1300,393,0.0082186850,19560496.0000000000,22
1300,394,0.0081553550,19560496.0000000000,39
1300,395,0.0081637700,19560496.0000000000,9
1300,396,0.0081668880,19560496.0000000000,2
1300,397,0.0081574900,19560496.0000000000,33
1300,398,0.0081697420,19560496.0000000000,23
1300,399,0.0081585110,19560496.0000000000,9
1300,400,0.0081871680,19560496.0000000000,12
1300,401,0.0082179350,19560496.0000000000,16
1300,402,0.0069406990,17158704.0000000000,39
1300,403,0.0069713380,17158704.0000000000,18
1300,404,0.0070148690,17158704.0000000000,31
1300,405,0.0081707950,19560496.0000000000,36
1300,406,0.0081638390,19560496.0000000000,19
1300,407,0.0081714660,19560496.0000000000,24
1300,408,0.0081524370,19560496.0000000000,37
1300,409,0.0081483330,19560496.0000000000,35
1300,410,0.0081864960,19560496.0000000000,12
1300,411,0.0081739920,19560496.0000000000,35
1300,412,0.0081938440,19560496.0000000000,1
1300,413,0.0081394430,19560496.0000000000,11
1300,414,0.0081995670,19560496.0000000000,22
1300,415,0.0082200270,19560496.0000000000,17
1300,416,0.0081747040,19560496.0000000000,30
1300,417,0.0069567470,17158704.0000000000,7
1300,418,0.0071617310,17158704.0000000000,30
1300,419,0.0070709480,17158704.0000000000,5
1300,420,0.0062206160,14756912.0000000000,17
1300,421,0.0062011110,14756912.0000000000,21
1300,422,0.0061904690,14756912.0000000000,18
1300,423,0.0062129900,14756912.0000000000,15
1300,424,0.0062183120,14756912.0000000000,16
1300,425,0.0062135650,14756912.0000000000,20
1300,426,0.0061670250,14756912.0000000000,19
1300,427,0.0061874620,14756912.0000000000,26
1300,428,0.0061927510,14756912.0000000000,27
1300,429,0.0061884640,14756912.0000000000,24
1300,430,0.0061646950,14756912.0000000000,29
1300,431,0.0062082080,14756912.0000000000,28
1300,432,0.0056637690,12944944.0000000000,14
1300,433,0.0057000590,12944944.0000000000,13
1300,434,0.0056739030,12944944.0000000000,22
1350,0,2.0196754548,84316816.0000000000,18
1350,1,2.0455948766,84041168.0000000000,11
1350,2,2.0220203574,82373664.0000000000,0
1350,3,2.0441884822,82922688.0000000000,24
1350,4,2.1488978515,85123856.0000000000,16
1350,5,2.0979876352,83924960.0000000000,21
1350,6,1.8937473184,78346032.0000000000,17
1350,7,1.8220855175,77014944.0000000000,15
1350,8,2.0064403814,81746480.0000000000,22
1350,9,2.1614228985,86156960.0000000000,20
1350,10,2.3234070060,90354496.0000000000,19
1350,11,2.5855610222,99164176.0000000000,29
1350,12,2.3157260194,88100560.0000000000,36
1350,13,2.2304066435,86321840.0000000000,37
1350,14,2.1052252982,83452736.0000000000,38
1350,15,3.6992920771,149743184.0000000000,8
1350,16,3.7338263435,148805072.0000000000,26
1350,17,3.6303053592,144267168.0000000000,33
1350,18,3.5233633002,140201936.0000000000,34
1350,19,3.3499746261,135135600.0000000000,3
1350,20,3.0392117262,126372512.0000000000,1
1350,21,2.7675514135,119028448.0000000000,22
1350,22,2.7044039787,117035904.0000000000,37
1350,23,2.8789526679,122416176.0000000000,11
1350,24,3.3282594078,134713968.0000000000,24
1350,25,3.9285672479,152148160.0000000000,30
1350,26,4.3498244839,166353808.0000000000,2
1350,27,3.7220367734,143514080.0000000000,1
1350,28,3.5050084845,137732640.0000000000,4
1350,29,3.3785509584,135112176.0000000000,16
1350,30,3.7428982521,154531760.0000000000,21
1350,31,3.8029042979,155704736.0000000000,36
1350,32,3.9027869966,157864432.0000000000,4
1350,33,4.0600085049,161957584.0000000000,30
1350,34,4.3286521836,168938208.0000000000,13
1350,35,4.6666170774,178437040.0000000000,28
1350,36,4.9608333736,187058096.0000000000,14
1350,37,5.0452200151,190200816.0000000000,27
1350,38,4.8769665424,185556064.0000000000,5
1350,39,4.5335661824,175372336.0000000000,25
1350,40,4.1618504469,164567552.0000000000,4
1350,41,3.8860079403,157086736.0000000000,7
1350,42,3.3072908661,134786400.0000000000,17
1350,43,3.2687024335,134164480.0000000000,15
1350,44,3.2355463646,133904880.0000000000,18
1350,45,3.6588363130,153702960.0000000000,29
1350,46,3.6635664615,153780560.0000000000,31
1350,47,3.6683316398,153780096.0000000000,15
1350,48,3.6608673670,153778656.0000000000,11
1350,49,3.6624264334,153777728.0000000000,3
1350,50,3.6629049170,153781472.0000000000,25
1350,51,3.6648562781,153778640.0000000000,2
1350,52,3.6688512414,153778832.0000000000,15
1350,53,3.6656382702,153775424.0000000000,14
1350,54,3.6628942132,153780688.0000000000,39
1350,55,3.6663213438,153777888.0000000000,13
1350,56,3.6643298243,153779232.0000000000,35
1350,57,3.2365386226,134599088.0000000000,29
1350,58,3.2435092134,134600640.0000000000,21
1350,59,3.2375674576,134521056.0000000000,19
1350,60,3.6644629714,153699840.0000000000,6
1350,61,3.6675513596,153780208.0000000000,17
1350,62,3.6653662175,153780064.0000000000,26
1350,63,3.6630869862,153781904.0000000000,5
1350,64,3.6671178326,153779360.0000000000,17
1350,65,3.6637802697,153777328.0000000000,0
1350,66,3.6671224507,153781120.0000000000,21
1350,67,3.6614695816,153778064.0000000000,39
1350,68,3.6673761820,153781120.0000000000,20
1350,69,3.6681581356,153778192.0000000000,16
1350,70,3.6672510857,153781776.0000000000,20
1350,71,3.6619235760,153778032.0000000000,33
1350,72,3.2412028635,134598880.0000000000,25
1350,73,3.2398237548,134600896.0000000000,2
1350,74,3.2359191008,134522864.0000000000,31
1350,75,3.6641827515,153701168.0000000000,28
1350,76,3.6670696847,153781104.0000000000,12
1350,77,3.6636620953,153777088.0000000000,27
1350,78,3.6649773632,153776608.0000000000,10
1350,79,3.6644647640,153776640.0000000000,24
1350,80,3.6667783892,153780272.0000000000,1
1350,81,3.6649554291,153781888.0000000000,6
1350,82,3.6691682350,153780128.0000000000,23
1350,83,3.6676900547,153776832.0000000000,22
1350,84,3.6652518916,153775376.0000000000,32
1350,85,3.6633270993,153780752.0000000000,35
1350,86,3.6660093799,153778864.0000000000,14
1350,87,3.2381360286,134600960.0000000000,11
1350,88,3.2388623407,134600992.0000000000,37
1350,89,3.2392497759,134521008.0000000000,0
1350,90,3.6633378996,153701936.0000000000,9
1350,91,3.6644517785,153777680.0000000000,19
1350,92,3.6632770045,153778688.0000000000,38
1350,93,3.6620469161,153779136.0000000000,37
1350,94,3.6631018231,153778672.0000000000,35
1350,95,3.6625055353,153779472.0000000000,7
1350,96,3.6640118890,153776096.0000000000,34
1350,97,3.6621691449,153783152.0000000000,33
1350,98,3.6663595745,153777344.0000000000,13
1350,99,3.6643694454,153780912.0000000000,34
1350,100,3.6622941506,153777040.0000000000,7
1350,101,3.6614578340,153776880.0000000000,39
1350,102,3.2416010886,134599328.0000000000,36
1350,103,3.2410582527,134600560.0000000000,32
1350,104,3.2373986939,134519904.0000000000,24
1350,105,3.6635396268,153488768.0000000000,12
1350,106,3.6657377362,153778960.0000000000,9
1350,107,3.6669815439,153783936.0000000000,26
1350,108,3.6658556651,153778896.0000000000,5
1350,109,3.6675563389,153774640.0000000000,6
1350,110,3.6658332202,153768768.0000000000,9
1350,111,3.6659842032,153781696.0000000000,8
1350,112,3.6670865080,153788400.0000000000,28
1350,113,3.6664727162,153771840.0000000000,18
1350,114,3.6656787186,153771360.0000000000,8
1350,115,3.6708248042,153774688.0000000000,16
1350,116,3.6665007541,153776912.0000000000,32
1350,117,3.2403226428,134607568.0000000000,30
1350,118,3.2438969634,134605744.0000000000,23
1350,119,3.2191011481,134303776.0000000000,38
1350,120,3.6583764966,153336624.0000000000,38
1350,121,3.6657213564,153779616.0000000000,0
1350,122,3.6647230627,153760448.0000000000,31
1350,123,3.6656926484,153776896.0000000000,36
1350,124,3.6668121249,153795472.0000000000,19
1350,125,3.6657408167,153781488.0000000000,27
1350,126,3.6610825597,153759712.0000000000,29
1350,127,3.6700876357,153787632.0000000000,23
1350,128,3.6661946705,153780048.0000000000,18
1350,129,3.6691276637,153791552.0000000000,12
1350,130,3.6673452291,153776880.0000000000,10
1350,131,3.6660296483,153768304.0000000000,10
1350,132,3.2448079487,134603472.0000000000,3
1350,133,3.2471970938,134586176.0000000000,20
1350,134,3.2157961773,134157984.0000000000,22
1350,135,0.6479356041,33536352.0000000000,31
1350,136,0.6493637980,33596288.0000000000,32
1350,137,0.6492560508,33594352.0000000000,1
1350,138,0.6493432964,33580144.0000000000,2
1350,139,0.6483601390,33587056.0000000000,3
1350,140,0.6505127247,33583216.0000000000,23
1350,141,0.6496065276,33596272.0000000000,35
1350,142,0.6487946606,33581296.0000000000,34
1350,143,0.6497159428,33588752.0000000000,4
1350,144,0.6483786397,33577696.0000000000,25
1350,145,0.6484556856,33583200.0000000000,33
1350,146,0.6496504570,33594928.0000000000,30
1350,147,0.6053936433,29442192.0000000000,39
1350,148,0.6067796639,29431344.0000000000,13
1350,149,0.6030949817,29386736.0000000000,14
1350,150,0.2667045159,19560496.0000000000,3
1350,151,0.2664828755,19560496.0000000000,25
1350,152,0.2668289240,19560496.0000000000,26
1350,153,0.2667690448,19560496.0000000000,4
1350,154,0.2675671489,19560496.0000000000,12
1350,155,0.2671633024,19560496.0000000000,30
1350,156,0.2668693461,19560496.0000000000,32
1350,157,0.2664694636,19560496.0000000000,25
1350,158,0.2666977650,19560496.0000000000,6
1350,159,0.2667423990,19560496.0000000000,3
1350,160,0.2665374824,19560496.0000000000,2
1350,161,0.2668962577,19560496.0000000000,5
1350,162,0.2309465413,17158704.0000000000,30
1350,163,0.2277126408,17158704.0000000000,7
1350,164,0.2329004757,17158704.0000000000,9
1350,165,0.2669479217,19560496.0000000000,9
1350,166,0.2677076282,19560496.0000000000,23
1350,167,0.2664325097,19560496.0000000000,27
1350,168,0.2673829878,19560496.0000000000,12
1350,169,0.2675463508,19560496.0000000000,28
1350,170,0.2676408878,19560496.0000000000,23
1350,171,0.2667498719,19560496.0000000000,5
1350,172,0.2668616970,19560496.0000000000,18
1350,173,0.2671491733,19560496.0000000000,8
1350,174,0.2668230810,19560496.0000000000,31
1350,175,0.2669269148,19560496.0000000000,4
1350,176,0.2667674446,19560496.0000000000,1
1350,177,0.2281231513,17158704.0000000000,27
1350,178,0.2316680443,17158704.0000000000,25
1350,179,0.2320866639,17158704.0000000000,8
1350,180,0.2667664104,19560496.0000000000,13
1350,181,0.2662879730,19560496.0000000000,0
1350,182,0.2664518535,19560496.0000000000,2
1350,183,0.2674042796,19560496.0000000000,12
1350,184,0.2666937271,19560496.0000000000,26
1350,185,0.2674037301,19560496.0000000000,30
1350,186,0.2665536443,19560496.0000000000,27
1350,187,0.2665626864,19560496.0000000000,14
1350,188,0.2665270761,19560496.0000000000,27
1350,189,0.2665761133,19560496.0000000000,26
1350,190,0.2675620727,19560496.0000000000,12
1350,191,0.2667619300,19560496.0000000000,6
1350,192,0.2322178082,17158704.0000000000,26
1350,193,0.2309061695,17158704.0000000000,35
1350,194,0.2300859164,17158704.0000000000,11
1350,195,0.2679972612,19560496.0000000000,15
1350,196,0.2668870873,19560496.0000000000,5
1350,197,0.2668404244,19560496.0000000000,31
1350,198,0.2667670093,19560496.0000000000,32
1350,199,0.2667275364,19560496.0000000000,3
1350,200,0.2667582473,19560496.0000000000,13
1350,201,0.2665925618,19560496.0000000000,6
1350,202,0.2675099794,19560496.0000000000,28
1350,203,0.2666798361,19560496.0000000000,35
1350,204,0.2666413459,19560496.0000000000,34
1350,205,0.2666432296,19560496.0000000000,3
1350,206,0.2659003556,19560496.0000000000,11
1350,207,0.2316513492,17158704.0000000000,25
1350,208,0.2293868248,17158704.0000000000,14
1350,209,0.2322434252,17158704.0000000000,16
1350,210,0.2663178988,19560496.0000000000,19
1350,211,0.2664397792,19560496.0000000000,2
1350,212,0.2667768076,19560496.0000000000,26
1350,213,0.2668635790,19560496.0000000000,13
1350,214,0.2663819615,19560496.0000000000,14
1350,215,0.2665627736,19560496.0000000000,32
1350,216,0.2666079610,19560496.0000000000,36
1350,217,0.2672582249,19560496.0000000000,28
1350,218,0.2675820272,19560496.0000000000,16
1350,219,0.2663463631,19560496.0000000000,39
1350,220,0.2674428432,19560496.0000000000,28
1350,221,0.2668433258,19560496.0000000000,5
1350,222,0.2328379212,17158704.0000000000,15
1350,223,0.2315343856,17158704.0000000000,37
1350,224,0.2323216803,17158704.0000000000,28
1350,225,0.2663886118,19560496.0000000000,34
1350,226,0.2669805630,19560496.0000000000,31
1350,227,0.2667231181,19560496.0000000000,4
1350,228,0.2673940066,19560496.0000000000,28
1350,229,0.2665761807,19560496.0000000000,26
1350,230,0.2665225179,19560496.0000000000,24
1350,231,0.2659445649,19560496.0000000000,7
1350,232,0.2673524963,19560496.0000000000,10
1350,233,0.2668684209,19560496.0000000000,4
1350,234,0.2665989421,19560496.0000000000,25
1350,235,0.2660555844,19560496.0000000000,7
1350,236,0.2677971578,19560496.0000000000,20
1350,237,0.2312787723,17158704.0000000000,4
1350,238,0.2300775080,17158704.0000000000,0
1350,239,0.2299608692,17158704.0000000000,2
1350,240,0.2670183318,19560496.0000000000,38
1350,241,0.2668532208,19560496.0000000000,1
1350,242,0.2676518165,19560496.0000000000,23
1350,243,0.2662846846,19560496.0000000000,37
1350,244,0.2671319707,19560496.0000000000,8
1350,245,0.2676895867,19560496.0000000000,23
1350,246,0.2668983560,19560496.0000000000,9
1350,247,0.2675950149,19560496.0000000000,23
1350,248,0.2665124615,19560496.0000000000,32
1350,249,0.2664967556,19560496.0000000000,27
1350,250,0.2664964768,19560496.0000000000,32
1350,251,0.2667938121,19560496.0000000000,4
1350,252,0.2302036887,17158704.0000000000,23
1350,253,0.2301245186,17158704.0000000000,5
1350,254,0.2334829330,17158704.0000000000,20
1350,255,0.2660489700,19560496.0000000000,7
1350,256,0.2665836738,19560496.0000000000,26
1350,257,0.2661007055,19560496.0000000000,33
1350,258,0.2658383496,19560496.0000000000,7
1350,259,0.2667123405,19560496.0000000000,35
1350,260,0.2658748794,19560496.0000000000,7
1350,261,0.2666470655,19560496.0000000000,6
1350,262,0.2665338088,19560496.0000000000,25
1350,263,0.2667555409,19560496.0000000000,9
1350,264,0.2664800639,19560496.0000000000,34
1350,265,0.2668293506,19560496.0000000000,8
1350,266,0.2672225815,19560496.0000000000,38
1350,267,0.2305803762,17158704.0000000000,22
1350,268,0.2325084513,17158704.0000000000,17
1350,269,0.2330394319,17158704.0000000000,3
1350,270,0.2662999903,19560496.0000000000,39
1350,271,0.2659854617,19560496.0000000000,7
1350,272,0.2664161190,19560496.0000000000,27
1350,273,0.2665736351,19560496.0000000000,2
1350,274,0.2669178633,19560496.0000000000,9
1350,275,0.2671570703,19560496.0000000000,10
1350,276,0.2658992494,19560496.0000000000,7
1350,277,0.2668976850,19560496.0000000000,31
1350,278,0.2672052711,19560496.0000000000,10
1350,279,0.2668903453,19560496.0000000000,8
1350,280,0.2670696802,19560496.0000000000,10
1350,281,0.2677006694,19560496.0000000000,21
1350,282,0.2315473266,17158704.0000000000,6
1350,283,0.2322246285,17158704.0000000000,36
1350,284,0.2317213345,17158704.0000000000,32
1350,285,0.2668782381,19560496.0000000000,4
1350,286,0.2673912763,19560496.0000000000,30
1350,287,0.2663610658,19560496.0000000000,34
1350,288,0.2664609647,19560496.0000000000,26
1350,289,0.2664429335,19560496.0000000000,27
1350,290,0.2663680801,19560496.0000000000,27
1350,291,0.2667657894,19560496.0000000000,6
1350,292,0.2672732058,19560496.0000000000,10
1350,293,0.2665259209,19560496.0000000000,36
1350,294,0.2661759281,19560496.0000000000,29
1350,295,0.2665817931,19560496.0000000000,2
1350,296,0.2670271516,19560496.0000000000,30
1350,297,0.2316493849,17158704.0000000000,38
1350,298,0.2304335838,17158704.0000000000,23
1350,299,0.2327562160,17158704.0000000000,13
1350,300,0.2667563756,19560496.0000000000,35
1350,301,0.2659550735,19560496.0000000000,33
1350,302,0.2665554925,19560496.0000000000,32
1350,303,0.2673972116,19560496.0000000000,28
1350,304,0.2667986250,19560496.0000000000,31
1350,305,0.2668042554,19560496.0000000000,6
1350,306,0.2667362197,19560496.0000000000,1
1350,307,0.2662894050,19560496.0000000000,34
1350,308,0.2663516481,19560496.0000000000,14
1350,309,0.2672698310,19560496.0000000000,30
1350,310,0.2667060034,19560496.0000000000,13
1350,311,0.2667019937,19560496.0000000000,3
1350,312,0.2297318899,17158704.0000000000,31
1350,313,0.2303992110,17158704.0000000000,0
1350,314,0.2290706935,17158704.0000000000,29
1350,315,0.2668633078,19560496.0000000000,3
1350,316,0.2675009012,19560496.0000000000,12
1350,317,0.2663209366,19560496.0000000000,25
1350,318,0.2662256012,19560496.0000000000,29
1350,319,0.2667050022,19560496.0000000000,2
1350,320,0.2668210875,19560496.0000000000,31
1350,321,0.2659183385,19560496.0000000000,33
1350,322,0.2672846299,19560496.0000000000,30
1350,323,0.2660175302,19560496.0000000000,33
1350,324,0.2664046125,19560496.0000000000,2
1350,325,0.2663194260,19560496.0000000000,14
1350,326,0.2668398121,19560496.0000000000,4
1350,327,0.2305559150,17158704.0000000000,11
1350,328,0.2287052394,17158704.0000000000,24
1350,329,0.2326594396,17158704.0000000000,12
1350,330,0.2666491289,19560496.0000000000,9
1350,331,0.2669630519,19560496.0000000000,18
1350,332,0.2661720040,19560496.0000000000,0
1350,333,0.2672058830,19560496.0000000000,10
1350,334,0.2665752309,19560496.0000000000,32
1350,335,0.2666884887,19560496.0000000000,3
1350,336,0.2659228047,19560496.0000000000,33
1350,337,0.2664436044,19560496.0000000000,26
1350,338,0.2666320952,19560496.0000000000,35
1350,339,0.2669302021,19560496.0000000000,38
1350,340,0.2669152994,19560496.0000000000,6
1350,341,0.2669224011,19560496.0000000000,8
1350,342,0.2294209141,17158704.0000000000,19
1350,343,0.2319606512,17158704.0000000000,32
1350,344,0.2314367894,17158704.0000000000,34
1350,345,0.2668343902,19560496.0000000000,31
1350,346,0.2670078056,19560496.0000000000,8
1350,347,0.2664409978,19560496.0000000000,27
1350,348,0.2676502066,19560496.0000000000,20
1350,349,0.2668029987,19560496.0000000000,4
1350,350,0.2664334771,19560496.0000000000,25
1350,351,0.2667021886,19560496.0000000000,3
1350,352,0.2663243667,19560496.0000000000,39
1350,353,0.2669969736,19560496.0000000000,1
1350,354,0.2673161081,19560496.0000000000,28
1350,355,0.2663809497,19560496.0000000000,25
1350,356,0.2676754243,19560496.0000000000,23
1350,357,0.2329968853,17158704.0000000000,12
1350,358,0.2315913782,17158704.0000000000,8
1350,359,0.2329927776,17158704.0000000000,9
1350,360,0.2663002670,19560496.0000000000,39
1350,361,0.2668357392,19560496.0000000000,1
1350,362,0.2661737028,19560496.0000000000,39
1350,363,0.2662485595,19560496.0000000000,37
1350,364,0.2671962410,19560496.0000000000,10
1350,365,0.2668419182,19560496.0000000000,6
1350,366,0.2665099373,19560496.0000000000,14
1350,367,0.2668706586,19560496.0000000000,8
1350,368,0.2673491532,19560496.0000000000,28
1350,369,0.2668022637,19560496.0000000000,9
1350,370,0.2667612991,19560496.0000000000,8
1350,371,0.2664877239,19560496.0000000000,14
1350,372,0.2313766239,17158704.0000000000,6
1350,373,0.2320596340,17158704.0000000000,21
1350,374,0.2327253738,17158704.0000000000,10
1350,375,0.2667676986,19560496.0000000000,5
1350,376,0.2676176151,19560496.0000000000,12
1350,377,0.2670688373,19560496.0000000000,1
1350,378,0.2679271313,19560496.0000000000,15
1350,379,0.2668276776,19560496.0000000000,13
1350,380,0.2659892077,19560496.0000000000,7
1350,381,0.2671210872,19560496.0000000000,10
1350,382,0.2669429854,19560496.0000000000,5
1350,383,0.2667079375,19560496.0000000000,5
1350,384,0.2669600992,19560496.0000000000,1
1350,385,0.2669686768,19560496.0000000000,13
1350,386,0.2668689332,19560496.0000000000,5
1350,387,0.2281401689,17158704.0000000000,33
1350,388,0.2297957283,17158704.0000000000,1
1350,389,0.2321469817,17158704.0000000000,10
1350,390,0.2679249815,19560496.0000000000,17
1350,391,0.2665397463,19560496.0000000000,34
1350,392,0.2674684243,19560496.0000000000,21
1350,393,0.2672667826,19560496.0000000000,22
1350,394,0.2662468248,19560496.0000000000,39
1350,395,0.2668237382,19560496.0000000000,9
1350,396,0.2667061386,19560496.0000000000,2
1350,397,0.2659151151,19560496.0000000000,33
1350,398,0.2675617515,19560496.0000000000,23
1350,399,0.2668130701,19560496.0000000000,9
1350,400,0.2675179628,19560496.0000000000,12
1350,401,0.2677055462,19560496.0000000000,16
1350,402,0.2309996663,17158704.0000000000,39
1350,403,0.2289815183,17158704.0000000000,18
1350,404,0.2295368414,17158704.0000000000,31
1350,405,0.2665192485,19560496.0000000000,36
1350,406,0.2663182539,19560496.0000000000,19
1350,407,0.2665595449,19560496.0000000000,24
1350,408,0.2662830280,19560496.0000000000,37
1350,409,0.2666004686,19560496.0000000000,35
1350,410,0.2674486131,19560496.0000000000,12
1350,411,0.2665723026,19560496.0000000000,35
1350,412,0.2667826466,19560496.0000000000,1
1350,413,0.2658557119,19560496.0000000000,11
1350,414,0.2673060576,19560496.0000000000,22
1350,415,0.2680483809,19560496.0000000000,17
1350,416,0.2672436368,19560496.0000000000,30
1350,417,0.2280823256,17158704.0000000000,7
1350,418,0.2310475951,17158704.0000000000,30
1350,419,0.2301347399,17158704.0000000000,5
1350,420,0.2028568526,14756912.0000000000,17
1350,421,0.2023759209,14756912.0000000000,21
1350,422,0.2020140469,14756912.0000000000,18
1350,423,0.2028460783,14756912.0000000000,15
1350,424,0.2031463447,14756912.0000000000,16
1350,425,0.2030051464,14756912.0000000000,20
1350,426,0.2015449170,14756912.0000000000,19
1350,427,0.2021250752,14756912.0000000000,26
1350,428,0.2017015196,14756912.0000000000,27
1350,429,0.2020189430,14756912.0000000000,24
1350,430,0.2015477747,14756912.0000000000,29
1350,431,0.2046345392,14756912.0000000000,28
1350,432,0.1854871370,12944944.0000000000,14
1350,433,0.1862649199,12944944.0000000000,13
1350,434,0.1859919524,12944944.0000000000,22
1400,0,0.0629664520,84330976.0000000000,18
1400,1,0.0633681160,84127856.0000000000,11
1400,2,0.0617754590,82113520.0000000000,0
1400,3,0.0625645830,82161856.0000000000,24
1400,4,0.0665767280,84887536.0000000000,16
1400,5,0.0641751000,83639776.0000000000,21
1400,6,0.0569044080,77670096.0000000000,17
1400,7,0.0554434410,76207264.0000000000,15
1400,8,0.0623656270,81256368.0000000000,22
1400,9,0.0669979990,85958864.0000000000,20
1400,10,0.0725708190,90983936.0000000000,19
1400,11,0.0793331390,98709584.0000000000,29
1400,12,0.0720845710,87955632.0000000000,36
1400,13,0.0697027050,86509216.0000000000,37
1400,14,0.0659683840,83593296.0000000000,38
1400,15,0.1148545380,149425984.0000000000,8
1400,16,0.1156813690,148487600.0000000000,26
1400,17,0.1120869550,143718224.0000000000,33
1400,18,0.1083243750,139615712.0000000000,34
1400,19,0.1053291620,135523552.0000000000,3
1400,20,0.0951708390,127123280.0000000000,1
1400,21,0.0865230790,119693200.0000000000,22
1400,22,0.0846440840,117532208.0000000000,37
1400,23,0.0896671540,122564800.0000000000,11
1400,24,0.1035160990,134527856.0000000000,24
1400,25,0.1236100920,152944208.0000000000,30
1400,26,0.1381714770,167981728.0000000000,2
1400,27,0.1183810700,145181984.0000000000,1
1400,28,0.1102010840,138591456.0000000000,4
1400,29,0.1053696180,135314896.0000000000,16
1400,30,0.1165848530,154903040.0000000000,21
1400,31,0.1189733470,156156208.0000000000,36
1400,32,0.1215787520,158356672.0000000000,4
1400,33,0.1269713880,162150112.0000000000,30
1400,34,0.1346486910,168751264.0000000000,13
1400,35,0.1447239750,178090128.0000000000,28
1400,36,0.1532354870,186552448.0000000000,14
1400,37,0.1549395270,189581072.0000000000,27
1400,38,0.1510869290,184904672.0000000000,5
1400,39,0.1407075560,174810688.0000000000,25
1400,40,0.1289106250,163765616.0000000000,4
1400,41,0.1196242620,156072752.0000000000,7
1400,42,0.1015944290,134161088.0000000000,17
1400,43,0.1011637010,133758784.0000000000,15
1400,44,0.1003544380,133582848.0000000000,18
1400,45,0.1136752580,153701280.0000000000,29
1400,46,0.1137987950,153779840.0000000000,31
1400,47,0.1139143060,153781568.0000000000,15
1400,48,0.1137298640,153775520.0000000000,11
1400,49,0.1137164710,153779440.0000000000,3
1400,50,0.1138177420,153782208.0000000000,25
1400,51,0.1139094970,153779040.0000000000,2
1400,52,0.1139340250,153779248.0000000000,15
1400,53,0.1139347060,153776320.0000000000,14
1400,54,0.1138939110,153777424.0000000000,39
1400,55,0.1139472410,153779232.0000000000,13
1400,56,0.1139144210,153780864.0000000000,35
1400,57,0.1006335360,134597712.0000000000,29
1400,58,0.1006887460,134600496.0000000000,21
1400,59,0.1005797370,134520064.0000000000,19
1400,60,0.1139312220,153701088.0000000000,6
1400,61,0.1140963060,153776944.0000000000,17
1400,62,0.1138394050,153782128.0000000000,26
1400,63,0.1138485810,153779840.0000000000,5
1400,64,0.1139110860,153782288.0000000000,17
1400,65,0.1138280460,153777008.0000000000,0
1400,66,0.1138540900,153777456.0000000000,21
1400,67,0.1137261150,153780992.0000000000,39
1400,68,0.1139816410,153779696.0000000000,20
1400,69,0.1140377290,153780912.0000000000,16
1400,70,0.1138866640,153784000.0000000000,20
1400,71,0.1138711370,153778544.0000000000,33
1400,72,0.1007323150,134597520.0000000000,25
1400,73,0.1007069380,134602688.0000000000,2
1400,74,0.1005750830,134521248.0000000000,31
1400,75,0.1138054750,153700176.0000000000,28
1400,76,0.1140039710,153779872.0000000000,12
1400,77,0.1137267370,153776960.0000000000,27
1400,78,0.1139112330,153779824.0000000000,10
1400,79,0.1138107890,153778688.0000000000,24
1400,80,0.1139340020,153779952.0000000000,1
1400,81,0.1138820440,153780736.0000000000,6
1400,82,0.1139607670,153779840.0000000000,23
1400,83,0.1139136250,153779728.0000000000,22
1400,84,0.1137987760,153774096.0000000000,32
1400,85,0.1138070010,153778224.0000000000,35
1400,86,0.1139855560,153779472.0000000000,14
1400,87,0.1006317030,134601344.0000000000,11
1400,88,0.1006299300,134600544.0000000000,37
1400,89,0.1006828630,134519008.0000000000,0
1400,90,0.1138683020,153700944.0000000000,9
1400,91,0.1138917990,153779536.0000000000,19
1400,92,0.1138478310,153780560.0000000000,38
1400,93,0.1138179630,153776992.0000000000,37
1400,94,0.1139830440,153779744.0000000000,35
1400,95,0.1138762230,153778048.0000000000,7
1400,96,0.1138494250,153775472.0000000000,34
1400,97,0.1137470970,153779120.0000000000,33
1400,98,0.1139179230,153781920.0000000000,13
1400,99,0.1138549370,153776656.0000000000,34
1400,100,0.1137645170,153780976.0000000000,7
1400,101,0.1137798790,153777808.0000000000,39
1400,102,0.1006938050,134598352.0000000000,36
1400,103,0.1007224780,134597136.0000000000,32
1400,104,0.1005852600,134520512.0000000000,24
1400,105,0.1138112790,153475840.0000000000,12
1400,106,0.1138717290,153775632.0000000000,9
1400,107,0.1139688840,153783584.0000000000,26
1400,108,0.1140200620,153778320.0000000000,5
1400,109,0.1138939870,153774912.0000000000,6
1400,110,0.1138707260,153768000.0000000000,9
1400,111,0.1139536140,153786848.0000000000,8
1400,112,0.1138961220,153788144.0000000000,28
1400,113,0.1139529180,153772144.0000000000,18
1400,114,0.1138560170,153767968.0000000000,8
1400,115,0.1140501660,153776640.0000000000,16
1400,116,0.1139347300,153771936.0000000000,32
1400,117,0.1006724270,134611216.0000000000,30
1400,118,0.1007179220,134607248.0000000000,23
1400,119,0.0997899830,134293216.0000000000,38
1400,120,0.1136226940,153320864.0000000000,38
1400,121,0.1138897140,153777952.0000000000,0
1400,122,0.1138326690,153761072.0000000000,31
1400,123,0.1138882490,153775648.0000000000,36
1400,124,0.1139786060,153792112.0000000000,19
1400,125,0.1138047470,153779648.0000000000,27
1400,126,0.1138938600,153760736.0000000000,29
1400,127,0.1139426730,153785984.0000000000,23
1400,128,0.1138911680,153782448.0000000000,18
1400,129,0.1139251850,153792336.0000000000,12
1400,130,0.1139022870,153772672.0000000000,10
1400,131,0.1139298620,153768576.0000000000,10
1400,132,0.1008106610,134604176.0000000000,3
1400,133,0.1008448170,134585184.0000000000,20
1400,134,0.0999828630,134141072.0000000000,22
1400,135,0.0201913720,33535088.0000000000,31
1400,136,0.0200580010,33597296.0000000000,32
1400,137,0.0199881530,33594704.0000000000,1
1400,138,0.0200078380,33581120.0000000000,2
1400,139,0.0200432260,33587680.0000000000,3
1400,140,0.0201090400,33583232.0000000000,23
1400,141,0.0200112700,33596544.0000000000,35
1400,142,0.0200287230,33581952.0000000000,34
1400,143,0.0201889190,33585872.0000000000,4
1400,144,0.0201011010,33579904.0000000000,25
1400,145,0.0200600350,33583088.0000000000,33
1400,146,0.0200669930,33595040.0000000000,30
1400,147,0.0187081710,29440512.0000000000,39
1400,148,0.0188919770,29430448.0000000000,13
1400,149,0.0185984420,29386416.0000000000,14
1400,150,0.0081834370,19560496.0000000000,3
1400,151,0.0081614750,19560496.0000000000,25
1400,152,0.0081523550,19560496.0000000000,26
1400,153,0.0081818010,19560496.0000000000,4
1400,154,0.0081861070,19560496.0000000000,12
1400,155,0.0081914530,19560496.0000000000,30
1400,156,0.0081576440,19560496.0000000000,32
1400,157,0.0081659930,19560496.0000000000,25
1400,158,0.0081660100,19560496.0000000000,6
1400,159,0.0081695300,19560496.0000000000,3
1400,160,0.0081606750,19560496.0000000000,2
1400,161,0.0081577130,19560496.0000000000,5
1400,162,0.0070631030,17158704.0000000000,30
1400,163,0.0069498800,17158704.0000000000,7
1400,164,0.0070733330,17158704.0000000000,9
1400,165,0.0081487830,19560496.0000000000,9
1400,166,0.0081982760,19560496.0000000000,23
1400,167,0.0081774650,19560496.0000000000,27
1400,168,0.0081939420,19560496.0000000000,12
1400,169,0.0081901330,19560496.0000000000,28
1400,170,0.0081947710,19560496.0000000000,23
1400,171,0.0081918580,19560496.0000000000,5
1400,172,0.0081763340,19560496.0000000000,18
1400,173,0.0081808070,19560496.0000000000,8
1400,174,0.0081659780,19560496.0000000000,31
1400,175,0.0081841150,19560496.0000000000,4
1400,176,0.0081638290,19560496.0000000000,1
1400,177,0.0069572570,17158704.0000000000,27
1400,178,0.0070882680,17158704.0000000000,25
1400,179,0.0071490490,17158704.0000000000,8
1400,180,0.0081645460,19560496.0000000000,13
1400,181,0.0081752430,19560496.0000000000,0
1400,182,0.0081868450,19560496.0000000000,2
1400,183,0.0081871580,19560496.0000000000,12
1400,184,0.0081737660,19560496.0000000000,26
1400,185,0.0081723960,19560496.0000000000,30
1400,186,0.0081542390,19560496.0000000000,27
1400,187,0.0081686650,19560496.0000000000,14
1400,188,0.0081676970,19560496.0000000000,27
1400,189,0.0081372070,19560496.0000000000,26
1400,190,0.0082032020,19560496.0000000000,12
1400,191,0.0081489260,19560496.0000000000,6
1400,192,0.0070691730,17158704.0000000000,26
1400,193,0.0069815100,17158704.0000000000,35
1400,194,0.0070684430,17158704.0000000000,11
1400,195,0.0082034700,19560496.0000000000,15
1400,196,0.0081434750,19560496.0000000000,5
1400,197,0.0081569180,19560496.0000000000,31
1400,198,0.0081656900,19560496.0000000000,32
1400,199,0.0081658440,19560496.0000000000,3
1400,200,0.0081640650,19560496.0000000000,13
1400,201,0.0081891550,19560496.0000000000,6
1400,202,0.0081595630,19560496.0000000000,28
1400,203,0.0081953890,19560496.0000000000,35
1400,204,0.0081564220,19560496.0000000000,34
1400,205,0.0081440810,19560496.0000000000,3
1400,206,0.0081327340,19560496.0000000000,11
1400,207,0.0070743200,17158704.0000000000,25
1400,208,0.0069721440,17158704.0000000000,14
1400,209,0.0070708250,17158704.0000000000,16
1400,210,0.0081752110,19560496.0000000000,19
1400,211,0.0081609120,19560496.0000000000,2
1400,212,0.0081636770,19560496.0000000000,26
1400,213,0.0081561910,19560496.0000000000,13
1400,214,0.0081522410,19560496.0000000000,14
1400,215,0.0081789450,19560496.0000000000,32
1400,216,0.0081559580,19560496.0000000000,36
1400,217,0.0081945520,19560496.0000000000,28
1400,218,0.0082044900,19560496.0000000000,16
1400,219,0.0081392370,19560496.0000000000,39
1400,220,0.0081841100,19560496.0000000000,28
1400,221,0.0081646170,19560496.0000000000,5
1400,222,0.0071362730,17158704.0000000000,15
1400,223,0.0069953510,17158704.0000000000,37
1400,224,0.0070958760,17158704.0000000000,28
1400,225,0.0081663510,19560496.0000000000,34
1400,226,0.0081787470,19560496.0000000000,31
1400,227,0.0081710290,19560496.0000000000,4
1400,228,0.0081796530,19560496.0000000000,28
1400,229,0.0081778750,19560496.0000000000,26
1400,230,0.0081501110,19560496.0000000000,24
1400,231,0.0081272460,19560496.0000000000,7
1400,232,0.0081839420,19560496.0000000000,10
1400,233,0.0081723000,19560496.0000000000,4
1400,234,0.0081676560,19560496.0000000000,25
1400,235,0.0081360030,19560496.0000000000,7
1400,236,0.0081979660,19560496.0000000000,20
1400,237,0.0070836100,17158704.0000000000,4
1400,238,0.0070546970,17158704.0000000000,0
1400,239,0.0070152800,17158704.0000000000,2
1400,240,0.0081568200,19560496.0000000000,38
1400,241,0.0081598310,19560496.0000000000,1
1400,242,0.0081848210,19560496.0000000000,23
1400,243,0.0081470800,19560496.0000000000,37
1400,244,0.0081712260,19560496.0000000000,8
1400,245,0.0081977160,19560496.0000000000,23
1400,246,0.0081960350,19560496.0000000000,9
1400,247,0.0081934690,19560496.0000000000,23
1400,248,0.0081482460,19560496.0000000000,32
1400,249,0.0081450720,19560496.0000000000,27
1400,250,0.0081629540,19560496.0000000000,32
1400,251,0.0081618510,19560496.0000000000,4
1400,252,0.0071726590,17158704.0000000000,23
1400,253,0.0070173690,17158704.0000000000,5
1400,254,0.0071481600,17158704.0000000000,20
1400,255,0.0081500480,19560496.0000000000,7
1400,256,0.0081509630,19560496.0000000000,26
1400,257,0.0081365240,19560496.0000000000,33
1400,258,0.0081256400,19560496.0000000000,7
1400,259,0.0081487480,19560496.0000000000,35
1400,260,0.0081550870,19560496.0000000000,7
1400,261,0.0081648680,19560496.0000000000,6
1400,262,0.0081661940,19560496.0000000000,25
1400,263,0.0081681220,19560496.0000000000,9
1400,264,0.0081427540,19560496.0000000000,34
1400,265,0.0081793530,19560496.0000000000,8
1400,266,0.0082124070,19560496.0000000000,38
1400,267,0.0070196910,17158704.0000000000,22
1400,268,0.0071542860,17158704.0000000000,17
1400,269,0.0071356230,17158704.0000000000,3
1400,270,0.0081595960,19560496.0000000000,39
1400,271,0.0081643450,19560496.0000000000,7
1400,272,0.0081345500,19560496.0000000000,27
1400,273,0.0081391430,19560496.0000000000,2
1400,274,0.0081510790,19560496.0000000000,9
1400,275,0.0081942920,19560496.0000000000,10
1400,276,0.0081196200,19560496.0000000000,7
1400,277,0.0081845400,19560496.0000000000,31
1400,278,0.0081667580,19560496.0000000000,10
1400,279,0.0081754260,19560496.0000000000,8
1400,280,0.0081649250,19560496.0000000000,10
1400,281,0.0082052600,19560496.0000000000,21
1400,282,0.0071053130,17158704.0000000000,6
1400,283,0.0071277350,17158704.0000000000,36
1400,284,0.0070844250,17158704.0000000000,32
1400,285,0.0081763980,19560496.0000000000,4
1400,286,0.0082028860,19560496.0000000000,30
1400,287,0.0081896870,19560496.0000000000,34
1400,288,0.0081520650,19560496.0000000000,26
1400,289,0.0081710000,19560496.0000000000,27
1400,290,0.0081534290,19560496.0000000000,27
1400,291,0.0081665820,19560496.0000000000,6
1400,292,0.0081634720,19560496.0000000000,10
1400,293,0.0081478930,19560496.0000000000,36
1400,294,0.0081630400,19560496.0000000000,29
1400,295,0.0081673950,19560496.0000000000,2
1400,296,0.0081815260,19560496.0000000000,30
1400,297,0.0070370800,17158704.0000000000,38
1400,298,0.0070099730,17158704.0000000000,23
1400,299,0.0070750820,17158704.0000000000,13
1400,300,0.0081861000,19560496.0000000000,35
1400,301,0.0081363930,19560496.0000000000,33
1400,302,0.0081538470,19560496.0000000000,32
1400,303,0.0081995600,19560496.0000000000,28
1400,304,0.0081739730,19560496.0000000000,31
1400,305,0.0081833730,19560496.0000000000,6
1400,306,0.0081653510,19560496.0000000000,1
1400,307,0.0081634460,19560496.0000000000,34
1400,308,0.0081709980,19560496.0000000000,14
1400,309,0.0082052710,19560496.0000000000,30
1400,310,0.0081731830,19560496.0000000000,13
1400,311,0.0081796890,19560496.0000000000,3
1400,312,0.0070157100,17158704.0000000000,31
1400,313,0.0070885120,17158704.0000000000,0
1400,314,0.0069286920,17158704.0000000000,29
1400,315,0.0081636100,19560496.0000000000,3
1400,316,0.0081765490,19560496.0000000000,12
1400,317,0.0081483990,19560496.0000000000,25
1400,318,0.0081673280,19560496.0000000000,29
1400,319,0.0081638210,19560496.0000000000,2
1400,320,0.0081879770,19560496.0000000000,31
1400,321,0.0081341300,19560496.0000000000,33
1400,322,0.0082003930,19560496.0000000000,30
1400,323,0.0081466430,19560496.0000000000,33
1400,324,0.0081510840,19560496.0000000000,2
1400,325,0.0081590940,19560496.0000000000,14
1400,326,0.0081593850,19560496.0000000000,4
1400,327,0.0070217930,17158704.0000000000,11
1400,328,0.0069737670,17158704.0000000000,24
1400,329,0.0070985980,17158704.0000000000,12
1400,330,0.0081736840,19560496.0000000000,9
1400,331,0.0081924450,19560496.0000000000,18
1400,332,0.0081534580,19560496.0000000000,0
1400,333,0.0081810070,19560496.0000000000,10
1400,334,0.0081760390,19560496.0000000000,32
1400,335,0.0081595510,19560496.0000000000,3
1400,336,0.0081397580,19560496.0000000000,33
1400,337,0.0081791880,19560496.0000000000,26
1400,338,0.0081792260,19560496.0000000000,35
1400,339,0.0081785850,19560496.0000000000,38
1400,340,0.0081571830,19560496.0000000000,6
1400,341,0.0081628720,19560496.0000000000,8
1400,342,0.0070835490,17158704.0000000000,19
1400,343,0.0071132540,17158704.0000000000,32
1400,344,0.0071039550,17158704.0000000000,34
1400,345,0.0081516790,19560496.0000000000,31
1400,346,0.0081843130,19560496.0000000000,8
1400,347,0.0081731850,19560496.0000000000,27
1400,348,0.0081725770,19560496.0000000000,20
1400,349,0.0081608800,19560496.0000000000,4
1400,350,0.0081390390,19560496.0000000000,25
1400,351,0.0081630280,19560496.0000000000,3
1400,352,0.0081583040,19560496.0000000000,39
1400,353,0.0081586100,19560496.0000000000,1
1400,354,0.0081788310,19560496.0000000000,28
1400,355,0.0081759600,19560496.0000000000,25
1400,356,0.0082123240,19560496.0000000000,23
1400,357,0.0071046900,17158704.0000000000,12
1400,358,0.0070740460,17158704.0000000000,8
1400,359,0.0070719820,17158704.0000000000,9
1400,360,0.0081382250,19560496.0000000000,39
1400,361,0.0081598900,19560496.0000000000,1
1400,362,0.0081555580,19560496.0000000000,39
1400,363,0.0081440170,19560496.0000000000,37
1400,364,0.0081955860,19560496.0000000000,10
1400,365,0.0081294170,19560496.0000000000,6
1400,366,0.0081614800,19560496.0000000000,14
1400,367,0.0081763970,19560496.0000000000,8
1400,368,0.0081618170,19560496.0000000000,28
1400,369,0.0081778320,19560496.0000000000,9
1400,370,0.0081616290,19560496.0000000000,8
1400,371,0.0081672520,19560496.0000000000,14
1400,372,0.0071135180,17158704.0000000000,6
1400,373,0.0070798680,17158704.0000000000,21
1400,374,0.0070344980,17158704.0000000000,10
1400,375,0.0081562290,19560496.0000000000,5
1400,376,0.0081957460,19560496.0000000000,12
1400,377,0.0081664050,19560496.0000000000,1
1400,378,0.0082094410,19560496.0000000000,15
1400,379,0.0081733830,19560496.0000000000,13
1400,380,0.0081446970,19560496.0000000000,7
1400,381,0.0081844700,19560496.0000000000,10
1400,382,0.0081872100,19560496.0000000000,5
1400,383,0.0081454090,19560496.0000000000,5
1400,384,0.0081586800,19560496.0000000000,1
1400,385,0.0081739560,19560496.0000000000,13
1400,386,0.0081609610,19560496.0000000000,5
1400,387,0.0070714920,17158704.0000000000,33
1400,388,0.0070846250,17158704.0000000000,1
1400,389,0.0071280480,17158704.0000000000,10
1400,390,0.0082159100,19560496.0000000000,17
1400,391,0.0081519630,19560496.0000000000,34
1400,392,0.0081949100,19560496.0000000000,21
1400,393,0.0081786370,19560496.0000000000,22
1400,394,0.0081547770,19560496.0000000000,39
1400,395,0.0081671400,19560496.0000000000,9
1400,396,0.0081819740,19560496.0000000000,2
1400,397,0.0081311840,19560496.0000000000,33
1400,398,0.0081933660,19560496.0000000000,23
1400,399,0.0081640040,19560496.0000000000,9
1400,400,0.0082013760,19560496.0000000000,12
1400,401,0.0081988280,19560496.0000000000,16
1400,402,0.0070882000,17158704.0000000000,39
1400,403,0.0070476510,17158704.0000000000,18
1400,404,0.0070361610,17158704.0000000000,31
1400,405,0.0081745750,19560496.0000000000,36
1400,406,0.0081639000,19560496.0000000000,19
1400,407,0.0081535190,19560496.0000000000,24
1400,408,0.0081396780,19560496.0000000000,37
1400,409,0.0081630140,19560496.0000000000,35
1400,410,0.0081823690,19560496.0000000000,12
1400,411,0.0081670020,19560496.0000000000,35
1400,412,0.0081587000,19560496.0000000000,1
1400,413,0.0081298360,19560496.0000000000,11
1400,414,0.0081770650,19560496.0000000000,22
1400,415,0.0082008690,19560496.0000000000,17
1400,416,0.0081864740,19560496.0000000000,30
1400,417,0.0069694800,17158704.0000000000,7
1400,418,0.0070856870,17158704.0000000000,30
1400,419,0.0070587830,17158704.0000000000,5
1400,420,0.0062164680,14756912.0000000000,17
1400,421,0.0062055600,14756912.0000000000,21
1400,422,0.0061845000,14756912.0000000000,18
1400,423,0.0062185220,14756912.0000000000,15
1400,424,0.0062385150,14756912.0000000000,16
1400,425,0.0062285550,14756912.0000000000,20
1400,426,0.0061800510,14756912.0000000000,19
1400,427,0.0061899620,14756912.0000000000,26
1400,428,0.0061643820,14756912.0000000000,27
1400,429,0.0061722270,14756912.0000000000,24
1400,430,0.0061807090,14756912.0000000000,29
1400,431,0.0062263860,14756912.0000000000,28
1400,432,0.0056731680,12944944.0000000000,14
1400,433,0.0057058320,12944944.0000000000,13
1400,434,0.0056949530,12944944.0000000000,22
1450,0,2.0311378101,84321088.0000000000,18
1450,1,2.0491803209,84265616.0000000000,11
1450,2,1.9850783300,82014000.0000000000,0
1450,3,2.0118711841,81444256.0000000000,24
1450,4,2.1325973823,84492784.0000000000,16
1450,5,2.0398770956,82030704.0000000000,21
1450,6,1.7891983354,74775600.0000000000,17
1450,7,1.7244964736,72855392.0000000000,15
1450,8,1.9349630070,78373712.0000000000,22
1450,9,2.1560398617,85641552.0000000000,20
1450,10,2.3511265753,91573616.0000000000,19
1450,11,2.5492061273,98116880.0000000000,29
1450,12,2.3247096501,88249808.0000000000,36
1450,13,2.2534174468,86938176.0000000000,37
1450,14,2.1261567470,83798592.0000000000,38
1450,15,3.6775451019,149115376.0000000000,8
1450,16,3.7210771552,148310736.0000000000,26
1450,17,3.6040146741,143606496.0000000000,33
1450,18,3.4848896400,139598624.0000000000,34
1450,19,3.4014237676,136347904.0000000000,3
1450,20,3.0977922352,128381856.0000000000,1
1450,21,2.8374866409,120808240.0000000000,22
1450,22,2.7411200244,118398784.0000000000,37
1450,23,2.9151611480,123142176.0000000000,11
1450,24,3.3346689535,134669696.0000000000,24
1450,25,3.9911974219,153899520.0000000000,30
1450,26,4.4748525634,169609872.0000000000,2
1450,27,3.8476544241,146766784.0000000000,1
1450,28,3.5763706599,139412416.0000000000,4
1450,29,3.3922508964,135549424.0000000000,16
1450,30,3.7529578754,155273872.0000000000,21
1450,31,3.8233690689,156568368.0000000000,36
1450,32,3.9252431347,158579328.0000000000,4
1450,33,4.0819989263,161848880.0000000000,30
1450,34,4.3140058374,167908096.0000000000,13
1450,35,4.6349722209,177107968.0000000000,28
1450,36,4.8962892688,185526720.0000000000,14
1450,37,4.9619276596,188578016.0000000000,27
1450,38,4.8449701756,183962064.0000000000,5
1450,39,4.5115614502,174026688.0000000000,25
1450,40,4.1171584276,162794704.0000000000,4
1450,41,3.8195512069,154908224.0000000000,7
1450,42,3.2630865823,133449056.0000000000,17
1450,43,3.2488953647,133332336.0000000000,15
1450,44,3.2251176790,133271056.0000000000,18
1450,45,3.6586909537,153697760.0000000000,29
1450,46,3.6642335686,153782256.0000000000,31
1450,47,3.6684051180,153778400.0000000000,15
1450,48,3.6611526444,153776064.0000000000,11
1450,49,3.6626744508,153780816.0000000000,3
1450,50,3.6627088139,153778944.0000000000,25
1450,51,3.6667117429,153778464.0000000000,2
1450,52,3.6688507506,153780576.0000000000,15
1450,53,3.6659063435,153776384.0000000000,14
1450,54,3.6628620969,153780800.0000000000,39
1450,55,3.6665611433,153777600.0000000000,13
1450,56,3.6644395073,153778368.0000000000,35
1450,57,3.2368762835,134599440.0000000000,29
1450,58,3.2438204979,134599776.0000000000,21
1450,59,3.2372868761,134519408.0000000000,19
1450,60,3.6647184067,153701504.0000000000,6
1450,61,3.6672567976,153776336.0000000000,17
1450,62,3.6647381893,153781744.0000000000,26
1450,63,3.6629708974,153779600.0000000000,5
1450,64,3.6671747900,153778672.0000000000,17
1450,65,3.6646384374,153780176.0000000000,0
1450,66,3.6669324840,153777936.0000000000,21
1450,67,3.6619816816,153780560.0000000000,39
1450,68,3.6672227820,153780096.0000000000,20
1450,69,3.6691105537,153777296.0000000000,16
1450,70,3.6672389818,153779472.0000000000,20
1450,71,3.6623793079,153779664.0000000000,33
1450,72,3.2406459272,134598752.0000000000,25
1450,73,3.2411386778,134602112.0000000000,2
1450,74,3.2369214652,134518784.0000000000,31
1450,75,3.6637247027,153700752.0000000000,28
1450,76,3.6675662849,153780544.0000000000,12
1450,77,3.6640206972,153779008.0000000000,27
1450,78,3.6652987694,153779040.0000000000,10
1450,79,3.6638302427,153777984.0000000000,24
1450,80,3.6666611745,153779216.0000000000,1
1450,81,3.6651509495,153778272.0000000000,6
1450,82,3.6687654304,153778912.0000000000,23
1450,83,3.6678675997,153780672.0000000000,22
1450,84,3.6650236020,153778976.0000000000,32
1450,85,3.6637319574,153778128.0000000000,35
1450,86,3.6657605662,153778672.0000000000,14
1450,87,3.2375317620,134599936.0000000000,11
1450,88,3.2396559702,134597648.0000000000,37
1450,89,3.2390034537,134520368.0000000000,0
1450,90,3.6631157389,153697552.0000000000,9
1450,91,3.6642206292,153778976.0000000000,19
1450,92,3.6642994202,153777888.0000000000,38
1450,93,3.6622589566,153776416.0000000000,37
1450,94,3.6629196645,153779728.0000000000,35
1450,95,3.6628509133,153778016.0000000000,7
1450,96,3.6635133257,153780000.0000000000,34
1450,97,3.6612465837,153777568.0000000000,33
1450,98,3.6663365291,153780896.0000000000,13
1450,99,3.6628814188,153778336.0000000000,34
1450,100,3.6624571452,153782416.0000000000,7
1450,101,3.6619421073,153780544.0000000000,39
1450,102,3.2419282041,134599584.0000000000,36
1450,103,3.2415619024,134598800.0000000000,32
1450,104,3.2368420487,134519696.0000000000,24
1450,105,3.6639691369,153468720.0000000000,12
1450,106,3.6665838101,153777280.0000000000,9
1450,107,3.6672571001,153781120.0000000000,26
1450,108,3.6657729317,153778928.0000000000,5
1450,109,3.6677252413,153774768.0000000000,6
1450,110,3.6654291151,153769056.0000000000,9
1450,111,3.6661844457,153786336.0000000000,8
1450,112,3.6682983066,153789984.0000000000,28
1450,113,3.6664245471,153768944.0000000000,18
1450,114,3.6652644976,153769968.0000000000,8
1450,115,3.6709665911,153780240.0000000000,16
1450,116,3.6662649066,153771152.0000000000,32
1450,117,3.2403488922,134610128.0000000000,30
1450,118,3.2439212494,134607536.0000000000,23
1450,119,3.2170780607,134284848.0000000000,38
1450,120,3.6582475441,153306320.0000000000,38
1450,121,3.6651941159,153775648.0000000000,0
1450,122,3.6648692918,153766016.0000000000,31
1450,123,3.6660318865,153776656.0000000000,36
1450,124,3.6673905084,153790688.0000000000,19
1450,125,3.6657650260,153782368.0000000000,27
1450,126,3.6615432089,153754064.0000000000,29
1450,127,3.6701174174,153789264.0000000000,23
1450,128,3.6664499051,153784720.0000000000,18
1450,129,3.6687184086,153790640.0000000000,12
1450,130,3.6661826507,153769184.0000000000,10
1450,131,3.6666169717,153772672.0000000000,10
1450,132,3.2443351710,134604592.0000000000,3
1450,133,3.2475490136,134584480.0000000000,20
1450,134,3.2146403642,134125264.0000000000,22
1450,135,0.6483804751,33534240.0000000000,31
1450,136,0.6496982474,33597072.0000000000,32
1450,137,0.6500588275,33594624.0000000000,1
1450,138,0.6489974101,33580720.0000000000,2
1450,139,0.6491693099,33587872.0000000000,3
1450,140,0.6501963284,33583696.0000000000,23
1450,141,0.6496907323,33597936.0000000000,35
1450,142,0.6491318878,33582736.0000000000,34
1450,143,0.6498772258,33586976.0000000000,4
1450,144,0.6490882653,33578192.0000000000,25
1450,145,0.6478686547,33582736.0000000000,33
1450,146,0.6497398729,33595888.0000000000,30
1450,147,0.6059391690,29440848.0000000000,39
1450,148,0.6070010730,29428272.0000000000,13
1450,149,0.6034061584,29385136.0000000000,14
1450,150,0.2667474492,19560496.0000000000,3
1450,151,0.2663482434,19560496.0000000000,25
1450,152,0.2667191691,19560496.0000000000,26
1450,153,0.2668399373,19560496.0000000000,4
1450,154,0.2675295636,19560496.0000000000,12
1450,155,0.2671780669,19560496.0000000000,30
1450,156,0.2666044272,19560496.0000000000,32
1450,157,0.2663963660,19560496.0000000000,25
1450,158,0.2666351386,19560496.0000000000,6
1450,159,0.2667274456,19560496.0000000000,3
1450,160,0.2665875939,19560496.0000000000,2
1450,161,0.2669904901,19560496.0000000000,5
1450,162,0.2308560984,17158704.0000000000,30
1450,163,0.2281158047,17158704.0000000000,7
1450,164,0.2329056506,17158704.0000000000,9
1450,165,0.2669646241,19560496.0000000000,9
1450,166,0.2675287400,19560496.0000000000,23
1450,167,0.2665351396,19560496.0000000000,27
1450,168,0.2673623512,19560496.0000000000,12
1450,169,0.2674830402,19560496.0000000000,28
1450,170,0.2676735623,19560496.0000000000,23
1450,171,0.2667028793,19560496.0000000000,5
1450,172,0.2667908074,19560496.0000000000,18
1450,173,0.2670278438,19560496.0000000000,8
1450,174,0.2668771385,19560496.0000000000,31
1450,175,0.2669051188,19560496.0000000000,4
1450,176,0.2669270964,19560496.0000000000,1
1450,177,0.2280487705,17158704.0000000000,27
1450,178,0.2316218430,17158704.0000000000,25
1450,179,0.2321344151,17158704.0000000000,8
1450,180,0.2669676477,19560496.0000000000,13
1450,181,0.2662484722,19560496.0000000000,0
1450,182,0.2666710360,19560496.0000000000,2
1450,183,0.2673482889,19560496.0000000000,12
1450,184,0.2665582717,19560496.0000000000,26
1450,185,0.2671778452,19560496.0000000000,30
1450,186,0.2664581201,19560496.0000000000,27
1450,187,0.2665134946,19560496.0000000000,14
1450,188,0.2663591079,19560496.0000000000,27
1450,189,0.2666836586,19560496.0000000000,26
1450,190,0.2675213387,19560496.0000000000,12
1450,191,0.2667560374,19560496.0000000000,6
1450,192,0.2324263889,17158704.0000000000,26
1450,193,0.2307882087,17158704.0000000000,35
1450,194,0.2301130533,17158704.0000000000,11
1450,195,0.2679279902,19560496.0000000000,15
1450,196,0.2668349860,19560496.0000000000,5
1450,197,0.2669711509,19560496.0000000000,31
1450,198,0.2666203834,19560496.0000000000,32
1450,199,0.2666807300,19560496.0000000000,3
1450,200,0.2668630819,19560496.0000000000,13
1450,201,0.2665866894,19560496.0000000000,6
1450,202,0.2674793934,19560496.0000000000,28
1450,203,0.2667992220,19560496.0000000000,35
1450,204,0.2665529631,19560496.0000000000,34
1450,205,0.2666817656,19560496.0000000000,3
1450,206,0.2659416852,19560496.0000000000,11
1450,207,0.2319092819,17158704.0000000000,25
1450,208,0.2290984434,17158704.0000000000,14
1450,209,0.2316783610,17158704.0000000000,16
1450,210,0.2663154355,19560496.0000000000,19
1450,211,0.2664742818,19560496.0000000000,2
1450,212,0.2666500934,19560496.0000000000,26
1450,213,0.2668462296,19560496.0000000000,13
1450,214,0.2663147548,19560496.0000000000,14
1450,215,0.2666282459,19560496.0000000000,32
1450,216,0.2665311160,19560496.0000000000,36
1450,217,0.2674619823,19560496.0000000000,28
1450,218,0.2676946780,19560496.0000000000,16
1450,219,0.2662029048,19560496.0000000000,39
1450,220,0.2674404694,19560496.0000000000,28
1450,221,0.2667520726,19560496.0000000000,5
1450,222,0.2330809974,17158704.0000000000,15
1450,223,0.2312303993,17158704.0000000000,37
1450,224,0.2322365446,17158704.0000000000,28
1450,225,0.2663816311,19560496.0000000000,34
1450,226,0.2667731288,19560496.0000000000,31
1450,227,0.2667454784,19560496.0000000000,4
1450,228,0.2673044244,19560496.0000000000,28
1450,229,0.2665599824,19560496.0000000000,26
1450,230,0.2665079126,19560496.0000000000,24
1450,231,0.2660958231,19560496.0000000000,7
1450,232,0.2672894303,19560496.0000000000,10
1450,233,0.2668341076,19560496.0000000000,4
1450,234,0.2666191858,19560496.0000000000,25
1450,235,0.2662163171,19560496.0000000000,7
1450,236,0.2676697765,19560496.0000000000,20
1450,237,0.2308925936,17158704.0000000000,4
1450,238,0.2302580625,17158704.0000000000,0
1450,239,0.2300377324,17158704.0000000000,2
1450,240,0.2672207980,19560496.0000000000,38
1450,241,0.2668184578,19560496.0000000000,1
1450,242,0.2675923150,19560496.0000000000,23
1450,243,0.2665072554,19560496.0000000000,37
1450,244,0.2670405258,19560496.0000000000,8
1450,245,0.2675730613,19560496.0000000000,23
1450,246,0.2669376841,19560496.0000000000,9
1450,247,0.2676634908,19560496.0000000000,23
1450,248,0.2665210555,19560496.0000000000,32
1450,249,0.2663360484,19560496.0000000000,27
1450,250,0.2669758106,19560496.0000000000,32
1450,251,0.2668080447,19560496.0000000000,4
1450,252,0.2305858053,17158704.0000000000,23
1450,253,0.2302892889,17158704.0000000000,5
1450,254,0.2328331601,17158704.0000000000,20
1450,255,0.2660666304,19560496.0000000000,7
1450,256,0.2664418081,19560496.0000000000,26
1450,257,0.2661578307,19560496.0000000000,33
1450,258,0.2658641230,19560496.0000000000,7
1450,259,0.2666216173,19560496.0000000000,35
1450,260,0.2660887382,19560496.0000000000,7
1450,261,0.2667324304,19560496.0000000000,6
1450,262,0.2665468560,19560496.0000000000,25
1450,263,0.2667706169,19560496.0000000000,9
1450,264,0.2664845477,19560496.0000000000,34
1450,265,0.2668208644,19560496.0000000000,8
1450,266,0.2671049195,19560496.0000000000,38
1450,267,0.2304812697,17158704.0000000000,22
1450,268,0.2328360984,17158704.0000000000,17
1450,269,0.2329838365,17158704.0000000000,3
1450,270,0.2664105542,19560496.0000000000,39
1450,271,0.2660070871,19560496.0000000000,7
1450,272,0.2664186929,19560496.0000000000,27
1450,273,0.2666973351,19560496.0000000000,2
1450,274,0.2667896127,19560496.0000000000,9
1450,275,0.2671301568,19560496.0000000000,10
1450,276,0.2658398814,19560496.0000000000,7
1450,277,0.2669058861,19560496.0000000000,31
1450,278,0.2672401618,19560496.0000000000,10
1450,279,0.2669314593,19560496.0000000000,8
1450,280,0.2672757447,19560496.0000000000,10
1450,281,0.2676886207,19560496.0000000000,21
1450,282,0.2314777204,17158704.0000000000,6
1450,283,0.2320416346,17158704.0000000000,36
1450,284,0.2320089241,17158704.0000000000,32
1450,285,0.2668029333,19560496.0000000000,4
1450,286,0.2673987517,19560496.0000000000,30
1450,287,0.2664306422,19560496.0000000000,34
1450,288,0.2665095574,19560496.0000000000,26
1450,289,0.2666528569,19560496.0000000000,27
1450,290,0.2664283531,19560496.0000000000,27
1450,291,0.2668538683,19560496.0000000000,6
1450,292,0.2671926306,19560496.0000000000,10
1450,293,0.2664815167,19560496.0000000000,36
1450,294,0.2661725407,19560496.0000000000,29
1450,295,0.2665553293,19560496.0000000000,2
1450,296,0.2670957928,19560496.0000000000,30
1450,297,0.2321522058,17158704.0000000000,38
1450,298,0.2299473868,17158704.0000000000,23
1450,299,0.2323163721,17158704.0000000000,13
1450,300,0.2668267187,19560496.0000000000,35
1450,301,0.2660741262,19560496.0000000000,33
1450,302,0.2665829548,19560496.0000000000,32
1450,303,0.2674129705,19560496.0000000000,28
1450,304,0.2667979110,19560496.0000000000,31
1450,305,0.2667322498,19560496.0000000000,6
1450,306,0.2669211274,19560496.0000000000,1
1450,307,0.2662538636,19560496.0000000000,34
1450,308,0.2664109289,19560496.0000000000,14
1450,309,0.2672665104,19560496.0000000000,30
1450,310,0.2666969896,19560496.0000000000,13
1450,311,0.2667079785,19560496.0000000000,3
1450,312,0.2298404735,17158704.0000000000,31
1450,313,0.2301861753,17158704.0000000000,0
1450,314,0.2288661012,17158704.0000000000,29
1450,315,0.2668147697,19560496.0000000000,3
1450,316,0.2674494973,19560496.0000000000,12
1450,317,0.2663953747,19560496.0000000000,25
1450,318,0.2662993392,19560496.0000000000,29
1450,319,0.2665865899,19560496.0000000000,2
1450,320,0.2668046342,19560496.0000000000,31
1450,321,0.2659727597,19560496.0000000000,33
1450,322,0.2674170602,19560496.0000000000,30
1450,323,0.2659902235,19560496.0000000000,33
1450,324,0.2666204260,19560496.0000000000,2
1450,325,0.2662820434,19560496.0000000000,14
1450,326,0.2668312760,19560496.0000000000,4
1450,327,0.2300620437,17158704.0000000000,11
1450,328,0.2287298821,17158704.0000000000,24
1450,329,0.2324982693,17158704.0000000000,12
1450,330,0.2666670220,19560496.0000000000,9
1450,331,0.2669638421,19560496.0000000000,18
1450,332,0.2662565516,19560496.0000000000,0
1450,333,0.2672105611,19560496.0000000000,10
1450,334,0.2664590530,19560496.0000000000,32
1450,335,0.2668084883,19560496.0000000000,3
1450,336,0.2659198144,19560496.0000000000,33
1450,337,0.2665233078,19560496.0000000000,26
1450,338,0.2666415179,19560496.0000000000,35
1450,339,0.2670075619,19560496.0000000000,38
1450,340,0.2669448732,19560496.0000000000,6
1450,341,0.2668838725,19560496.0000000000,8
1450,342,0.2294668969,17158704.0000000000,19
1450,343,0.2322416017,17158704.0000000000,32
1450,344,0.2309733729,17158704.0000000000,34
1450,345,0.2669187214,19560496.0000000000,31
1450,346,0.2669967507,19560496.0000000000,8
1450,347,0.2664243341,19560496.0000000000,27
1450,348,0.2676360323,19560496.0000000000,20
1450,349,0.2667805198,19560496.0000000000,4
1450,350,0.2664545011,19560496.0000000000,25
1450,351,0.2667205088,19560496.0000000000,3
1450,352,0.2662983825,19560496.0000000000,39
1450,353,0.2668162310,19560496.0000000000,1
1450,354,0.2673199446,19560496.0000000000,28
1450,355,0.2664606494,19560496.0000000000,25
1450,356,0.2677052340,19560496.0000000000,23
1450,357,0.2332359861,17158704.0000000000,12
1450,358,0.2311880029,17158704.0000000000,8
1450,359,0.2332159471,17158704.0000000000,9
1450,360,0.2662412770,19560496.0000000000,39
1450,361,0.2669536226,19560496.0000000000,1
1450,362,0.2661489052,19560496.0000000000,39
1450,363,0.2661964547,19560496.0000000000,37
1450,364,0.2672952815,19560496.0000000000,10
1450,365,0.2667706821,19560496.0000000000,6
1450,366,0.2664684560,19560496.0000000000,14
1450,367,0.2668980878,19560496.0000000000,8
1450,368,0.2673997555,19560496.0000000000,28
1450,369,0.2668453542,19560496.0000000000,9
1450,370,0.2668620573,19560496.0000000000,8
1450,371,0.2665062307,19560496.0000000000,14
1450,372,0.2319325454,17158704.0000000000,6
1450,373,0.2323952801,17158704.0000000000,21
1450,374,0.2326370754,17158704.0000000000,10
1450,375,0.2667301633,19560496.0000000000,5
1450,376,0.2674771352,19560496.0000000000,12
1450,377,0.2670782533,19560496.0000000000,1
1450,378,0.2680489759,19560496.0000000000,15
1450,379,0.2668001928,19560496.0000000000,13
1450,380,0.2659479483,19560496.0000000000,7
1450,381,0.2673439001,19560496.0000000000,10
1450,382,0.2669389115,19560496.0000000000,5
1450,383,0.2666813892,19560496.0000000000,5
1450,384,0.2667805475,19560496.0000000000,1
1450,385,0.2668551006,19560496.0000000000,13
1450,386,0.2668242447,19560496.0000000000,5
1450,387,0.2281357582,17158704.0000000000,33
1450,388,0.2303670329,17158704.0000000000,1
1450,389,0.2324177105,17158704.0000000000,10
1450,390,0.2681661913,19560496.0000000000,17
1450,391,0.2665413489,19560496.0000000000,34
1450,392,0.2674668907,19560496.0000000000,21
1450,393,0.2672838767,19560496.0000000000,22
1450,394,0.2662768165,19560496.0000000000,39
1450,395,0.2668971216,19560496.0000000000,9
1450,396,0.2667474354,19560496.0000000000,2
1450,397,0.2658957370,19560496.0000000000,33
1450,398,0.2675558010,19560496.0000000000,23
1450,399,0.2666518872,19560496.0000000000,9
1450,400,0.2674867222,19560496.0000000000,12
1450,401,0.2678201960,19560496.0000000000,16
1450,402,0.2311253882,17158704.0000000000,39
1450,403,0.2293171063,17158704.0000000000,18
1450,404,0.2302240210,17158704.0000000000,31
1450,405,0.2664859187,19560496.0000000000,36
1450,406,0.2663202356,19560496.0000000000,19
1450,407,0.2666448609,19560496.0000000000,24
1450,408,0.2662689752,19560496.0000000000,37
1450,409,0.2666545183,19560496.0000000000,35
1450,410,0.2675119298,19560496.0000000000,12
1450,411,0.2666468850,19560496.0000000000,35
1450,412,0.2669865119,19560496.0000000000,1
1450,413,0.2658014128,19560496.0000000000,11
1450,414,0.2673064163,19560496.0000000000,22
1450,415,0.2678928936,19560496.0000000000,17
1450,416,0.2673147296,19560496.0000000000,30
1450,417,0.2279303357,17158704.0000000000,7
1450,418,0.2308535589,17158704.0000000000,30
1450,419,0.2301216393,17158704.0000000000,5
1450,420,0.2028354044,14756912.0000000000,17
1450,421,0.2024017792,14756912.0000000000,21
1450,422,0.2019016824,14756912.0000000000,18
1450,423,0.2028316523,14756912.0000000000,15
1450,424,0.2029908644,14756912.0000000000,16
1450,425,0.2031074529,14756912.0000000000,20
1450,426,0.2015854591,14756912.0000000000,19
1450,427,0.2020484085,14756912.0000000000,26
1450,428,0.2017504062,14756912.0000000000,27
1450,429,0.2019369920,14756912.0000000000,24
1450,430,0.2015356650,14756912.0000000000,29
1450,431,0.2025729652,14756912.0000000000,28
1450,432,0.1854273059,12944944.0000000000,14
1450,433,0.1861634048,12944944.0000000000,13
1450,434,0.1860494519,12944944.0000000000,22
1500,0,0.0631953190,84264432.0000000000,18
1500,1,0.0640164920,84420400.0000000000,11
1500,2,0.0617492640,82130112.0000000000,0
1500,3,0.0611018170,80704768.0000000000,24
1500,4,0.0640400030,83464928.0000000000,16
1500,5,0.0552410380,76693936.0000000000,21
1500,6,0.0450557110,67401808.0000000000,17
1500,7,0.0416837110,64760544.0000000000,15
1500,8,0.0484933870,70842128.0000000000,22
1500,9,0.0635842010,83352448.0000000000,20
1500,10,0.0736511180,92100720.0000000000,19
1500,11,0.0784397350,97499408.0000000000,29
1500,12,0.0743955110,89166864.0000000000,36
1500,13,0.0715922880,87687008.0000000000,37
1500,14,0.0672772790,84116224.0000000000,38
1500,15,0.1137575460,148744448.0000000000,8
1500,16,0.1150398000,148178256.0000000000,26
1500,17,0.1115194840,143850208.0000000000,33
1500,18,0.1080570140,139914944.0000000000,34
1500,19,0.1064757350,137070016.0000000000,3
1500,20,0.0982515160,129604112.0000000000,1
1500,21,0.0893853020,121837664.0000000000,22
1500,22,0.0861162300,119211120.0000000000,37
1500,23,0.0912821390,123652576.0000000000,11
1500,24,0.1038857060,134755920.0000000000,24
1500,25,0.1253536350,154605936.0000000000,30
1500,26,0.1409098600,170779152.0000000000,2
1500,27,0.1212466440,147970336.0000000000,1
1500,28,0.1119463530,140056640.0000000000,4
1500,29,0.1055205150,135755168.0000000000,16
1500,30,0.1168304810,155616480.0000000000,21
1500,31,0.1183371260,156942000.0000000000,36
1500,32,0.1219876670,158641520.0000000000,4
1500,33,0.1253274450,161166432.0000000000,30
1500,34,0.1323680680,166845424.0000000000,13
1500,35,0.1427320710,176012816.0000000000,28
1500,36,0.1506355230,184421664.0000000000,14
1500,37,0.1523737620,187479456.0000000000,27
1500,38,0.1496113430,182925200.0000000000,5
1500,39,0.1393711600,173159024.0000000000,25
1500,40,0.1261739830,161862672.0000000000,4
1500,41,0.1161900600,153687104.0000000000,7
1500,42,0.0993841430,132685648.0000000000,17
1500,43,0.0998135400,132857008.0000000000,15
1500,44,0.0995600300,132947296.0000000000,18
1500,45,0.1137168650,153695824.0000000000,29
1500,46,0.1137839890,153780112.0000000000,31
1500,47,0.1139385240,153781584.0000000000,15
1500,48,0.1138271270,153777600.0000000000,11
1500,49,0.1137493100,153780400.0000000000,3
1500,50,0.1137987830,153775984.0000000000,25
1500,51,0.1140681950,153777856.0000000000,2
1500,52,0.1140090980,153781568.0000000000,15
1500,53,0.1138990950,153776896.0000000000,14
1500,54,0.1138215140,153781664.0000000000,39
1500,55,0.1139609550,153780256.0000000000,13
1500,56,0.1138373470,153774912.0000000000,35
1500,57,0.1006874890,134600192.0000000000,29
1500,58,0.1007297270,134602768.0000000000,21
1500,59,0.1006951970,134518608.0000000000,19
1500,60,0.1138244540,153698432.0000000000,6
1500,61,0.1139176000,153779744.0000000000,17
1500,62,0.1138306360,153777968.0000000000,26
1500,63,0.1137978830,153777472.0000000000,5
1500,64,0.1138965210,153779392.0000000000,17
1500,65,0.1137847060,153779680.0000000000,0
1500,66,0.1139225100,153779616.0000000000,21
1500,67,0.1136892500,153778512.0000000000,39
1500,68,0.1140138950,153776672.0000000000,20
1500,69,0.1139815140,153773744.0000000000,16
1500,70,0.1139175670,153780848.0000000000,20
1500,71,0.1138646100,153781008.0000000000,33
1500,72,0.1007199730,134599456.0000000000,25
1500,73,0.1007418450,134599584.0000000000,2
1500,74,0.1005282320,134517952.0000000000,31
1500,75,0.1139319240,153698336.0000000000,28
1500,76,0.1139261180,153779760.0000000000,12
1500,77,0.1138708330,153779536.0000000000,27
1500,78,0.1140508910,153779328.0000000000,10
1500,79,0.1138254160,153776352.0000000000,24
1500,80,0.1139018730,153775824.0000000000,1
1500,81,0.1138044950,153782224.0000000000,6
1500,82,0.1139820340,153778000.0000000000,23
1500,83,0.1139178600,153779568.0000000000,22
1500,84,0.1140271850,153780464.0000000000,32
1500,85,0.1138407640,153778896.0000000000,35
1500,86,0.1138436300,153776496.0000000000,14
1500,87,0.1005706970,134599472.0000000000,11
1500,88,0.1006572150,134595008.0000000000,37
1500,89,0.1005837190,134520512.0000000000,0
1500,90,0.1137731030,153700016.0000000000,9
1500,91,0.1138261150,153776848.0000000000,19
1500,92,0.1138447100,153776896.0000000000,38
1500,93,0.1138015770,153777248.0000000000,37
1500,94,0.1137513420,153784048.0000000000,35
1500,95,0.1137384460,153776160.0000000000,7
1500,96,0.1138318670,153780208.0000000000,34
1500,97,0.1137915190,153777152.0000000000,33
1500,98,0.1139454260,153779920.0000000000,13
1500,99,0.1137248610,153778480.0000000000,34
1500,100,0.1137650980,153777680.0000000000,7
1500,101,0.1137681700,153782704.0000000000,39
1500,102,0.1006940790,134600880.0000000000,36
1500,103,0.1007365200,134599232.0000000000,32
1500,104,0.1005852620,134518176.0000000000,24
1500,105,0.1138486720,153459552.0000000000,12
1500,106,0.1138859310,153776688.0000000000,9
1500,107,0.1139560880,153778704.0000000000,26
1500,108,0.1138470860,153780960.0000000000,5
1500,109,0.1138881140,153777856.0000000000,6
1500,110,0.1138969710,153768048.0000000000,9
1500,111,0.1138585790,153785504.0000000000,8
1500,112,0.1139798970,153789424.0000000000,28
1500,113,0.1138779850,153770880.0000000000,18
1500,114,0.1138264860,153766272.0000000000,8
1500,115,0.1140917400,153780304.0000000000,16
1500,116,0.1138569660,153770624.0000000000,32
1500,117,0.1006003300,134609840.0000000000,30
1500,118,0.1007488850,134605760.0000000000,23
1500,119,0.0999326030,134274544.0000000000,38
1500,120,0.1136553620,153286992.0000000000,38
1500,121,0.1138464140,153777792.0000000000,0
1500,122,0.1138595850,153764784.0000000000,31
1500,123,0.1138596580,153779296.0000000000,36
1500,124,0.1139199380,153785040.0000000000,19
1500,125,0.1138526260,153780544.0000000000,27
1500,126,0.1136958990,153759280.0000000000,29
1500,127,0.1140296640,153784640.0000000000,23
1500,128,0.1140614200,153783200.0000000000,18
1500,129,0.1140552300,153792672.0000000000,12
1500,130,0.1141505340,153764656.0000000000,10
1500,131,0.1138721640,153780128.0000000000,10
1500,132,0.1007142800,134604080.0000000000,3
1500,133,0.1008722310,134581536.0000000000,20
1500,134,0.0998512700,134109568.0000000000,22
1500,135,0.0200269620,33534080.0000000000,31
1500,136,0.0200582360,33596272.0000000000,32
1500,137,0.0200711940,33596480.0000000000,1
1500,138,0.0200165090,33579648.0000000000,2
1500,139,0.0200545310,33588496.0000000000,3
1500,140,0.0200500160,33583808.0000000000,23
1500,141,0.0200391690,33596704.0000000000,35
1500,142,0.0200315050,33583296.0000000000,34
1500,143,0.0200483460,33587104.0000000000,4
1500,144,0.0201300070,33579600.0000000000,25
1500,145,0.0202384740,33584336.0000000000,33
1500,146,0.0200576320,33594368.0000000000,30
1500,147,0.0187009650,29442080.0000000000,39
1500,148,0.0188041600,29427984.0000000000,13
1500,149,0.0187030150,29384528.0000000000,14
1500,150,0.0081524420,19560496.0000000000,3
1500,151,0.0081628460,19560496.0000000000,25
1500,152,0.0081737170,19560496.0000000000,26
1500,153,0.0081652240,19560496.0000000000,4
1500,154,0.0082006240,19560496.0000000000,12
1500,155,0.0081886840,19560496.0000000000,30
1500,156,0.0081710190,19560496.0000000000,32
1500,157,0.0081621250,19560496.0000000000,25
1500,158,0.0081531820,19560496.0000000000,6
1500,159,0.0081456470,19560496.0000000000,3
1500,160,0.0081594940,19560496.0000000000,2
1500,161,0.0081581430,19560496.0000000000,5
1500,162,0.0070969950,17158704.0000000000,30
1500,163,0.0069424760,17158704.0000000000,7
1500,164,0.0071544580,17158704.0000000000,9
1500,165,0.0081563360,19560496.0000000000,9
1500,166,0.0081995320,19560496.0000000000,23
1500,167,0.0081562540,19560496.0000000000,27
1500,168,0.0082015020,19560496.0000000000,12
1500,169,0.0082147950,19560496.0000000000,28
1500,170,0.0082071780,19560496.0000000000,23
1500,171,0.0081538350,19560496.0000000000,5
1500,172,0.0081663000,19560496.0000000000,18
1500,173,0.0081654840,19560496.0000000000,8
1500,174,0.0081765610,19560496.0000000000,31
1500,175,0.0081923480,19560496.0000000000,4
1500,176,0.0081705260,19560496.0000000000,1
1500,177,0.0070405570,17158704.0000000000,27
1500,178,0.0070997810,17158704.0000000000,25
1500,179,0.0070563680,17158704.0000000000,8
1500,180,0.0081486610,19560496.0000000000,13
1500,181,0.0081490330,19560496.0000000000,0
1500,182,0.0081695320,19560496.0000000000,2
1500,183,0.0081974340,19560496.0000000000,12
1500,184,0.0081429690,19560496.0000000000,26
1500,185,0.0081849170,19560496.0000000000,30
1500,186,0.0081521770,19560496.0000000000,27
1500,187,0.0081590920,19560496.0000000000,14
1500,188,0.0081561040,19560496.0000000000,27
1500,189,0.0081700410,19560496.0000000000,26
1500,190,0.0082049280,19560496.0000000000,12
1500,191,0.0081681320,19560496.0000000000,6
1500,192,0.0071102030,17158704.0000000000,26
1500,193,0.0070627340,17158704.0000000000,35
1500,194,0.0070046200,17158704.0000000000,11
1500,195,0.0081903930,19560496.0000000000,15
1500,196,0.0081712590,19560496.0000000000,5
1500,197,0.0081865830,19560496.0000000000,31
1500,198,0.0081665890,19560496.0000000000,32
1500,199,0.0081440440,19560496.0000000000,3
1500,200,0.0081546210,19560496.0000000000,13
1500,201,0.0081725720,19560496.0000000000,6
1500,202,0.0081965610,19560496.0000000000,28
1500,203,0.0081695160,19560496.0000000000,35
1500,204,0.0081670710,19560496.0000000000,34
1500,205,0.0081638940,19560496.0000000000,3
1500,206,0.0081380520,19560496.0000000000,11
1500,207,0.0070787530,17158704.0000000000,25
1500,208,0.0070178190,17158704.0000000000,14
1500,209,0.0069911470,17158704.0000000000,16
1500,210,0.0081600590,19560496.0000000000,19
1500,211,0.0081509680,19560496.0000000000,2
1500,212,0.0081485680,19560496.0000000000,26
1500,213,0.0081727780,19560496.0000000000,13
1500,214,0.0081588980,19560496.0000000000,14
1500,215,0.0081778410,19560496.0000000000,32
1500,216,0.0081657730,19560496.0000000000,36
1500,217,0.0081748670,19560496.0000000000,28
1500,218,0.0082037560,19560496.0000000000,16
1500,219,0.0081583790,19560496.0000000000,39
1500,220,0.0081795760,19560496.0000000000,28
1500,221,0.0081752350,19560496.0000000000,5
1500,222,0.0071201470,17158704.0000000000,15
1500,223,0.0070620830,17158704.0000000000,37
1500,224,0.0070535320,17158704.0000000000,28
1500,225,0.0081545860,19560496.0000000000,34
1500,226,0.0081715910,19560496.0000000000,31
1500,227,0.0081432450,19560496.0000000000,4
1500,228,0.0081777930,19560496.0000000000,28
1500,229,0.0081519550,19560496.0000000000,26
1500,230,0.0081445310,19560496.0000000000,24
1500,231,0.0081381340,19560496.0000000000,7
1500,232,0.0081760630,19560496.0000000000,10
1500,233,0.0081819480,19560496.0000000000,4
1500,234,0.0081612640,19560496.0000000000,25
1500,235,0.0081393370,19560496.0000000000,7
1500,236,0.0082056050,19560496.0000000000,20
1500,237,0.0070482720,17158704.0000000000,4
1500,238,0.0070023900,17158704.0000000000,0
1500,239,0.0070280510,17158704.0000000000,2
1500,240,0.0081885360,19560496.0000000000,38
1500,241,0.0081715370,19560496.0000000000,1
1500,242,0.0082118880,19560496.0000000000,23
1500,243,0.0081956600,19560496.0000000000,37
1500,244,0.0081771970,19560496.0000000000,8
1500,245,0.0081962670,19560496.0000000000,23
1500,246,0.0081703420,19560496.0000000000,9
1500,247,0.0081842260,19560496.0000000000,23
1500,248,0.0081638450,19560496.0000000000,32
1500,249,0.0081374680,19560496.0000000000,27
1500,250,0.0081446770,19560496.0000000000,32
1500,251,0.0081848440,19560496.0000000000,4
1500,252,0.0070513370,17158704.0000000000,23
1500,253,0.0070137630,17158704.0000000000,5
1500,254,0.0070773380,17158704.0000000000,20
1500,255,0.0081657140,19560496.0000000000,7
1500,256,0.0081406660,19560496.0000000000,26
1500,257,0.0081348480,19560496.0000000000,33
1500,258,0.0081526720,19560496.0000000000,7
1500,259,0.0081669400,19560496.0000000000,35
1500,260,0.0081479340,19560496.0000000000,7
1500,261,0.0081705460,19560496.0000000000,6
1500,262,0.0081590600,19560496.0000000000,25
1500,263,0.0081591600,19560496.0000000000,9
1500,264,0.0081634230,19560496.0000000000,34
1500,265,0.0081763040,19560496.0000000000,8
1500,266,0.0081605410,19560496.0000000000,38
1500,267,0.0070361400,17158704.0000000000,22
1500,268,0.0071478780,17158704.0000000000,17
1500,269,0.0071333310,17158704.0000000000,3
1500,270,0.0081738900,19560496.0000000000,39
1500,271,0.0081305180,19560496.0000000000,7
1500,272,0.0081519160,19560496.0000000000,27
1500,273,0.0081301280,19560496.0000000000,2
1500,274,0.0081583400,19560496.0000000000,9
1500,275,0.0081835570,19560496.0000000000,10
1500,276,0.0081393460,19560496.0000000000,7
1500,277,0.0081561410,19560496.0000000000,31
1500,278,0.0081605650,19560496.0000000000,10
1500,279,0.0081624090,19560496.0000000000,8
1500,280,0.0081853510,19560496.0000000000,10
1500,281,0.0082012660,19560496.0000000000,21
1500,282,0.0071052300,17158704.0000000000,6
1500,283,0.0070243420,17158704.0000000000,36
1500,284,0.0070795870,17158704.0000000000,32
1500,285,0.0081611490,19560496.0000000000,4
1500,286,0.0081760600,19560496.0000000000,30
1500,287,0.0081593560,19560496.0000000000,34
1500,288,0.0081489500,19560496.0000000000,26
1500,289,0.0081716050,19560496.0000000000,27
1500,290,0.0081671970,19560496.0000000000,27
1500,291,0.0081916690,19560496.0000000000,6
1500,292,0.0081977460,19560496.0000000000,10
1500,293,0.0081650200,19560496.0000000000,36
1500,294,0.0081487170,19560496.0000000000,29
1500,295,0.0081636130,19560496.0000000000,2
1500,296,0.0081606110,19560496.0000000000,30
1500,297,0.0071384010,17158704.0000000000,38
1500,298,0.0070196290,17158704.0000000000,23
1500,299,0.0071324120,17158704.0000000000,13
1500,300,0.0081670980,19560496.0000000000,35
1500,301,0.0081615010,19560496.0000000000,33
1500,302,0.0081840530,19560496.0000000000,32
1500,303,0.0081849280,19560496.0000000000,28
1500,304,0.0081573750,19560496.0000000000,31
1500,305,0.0081586840,19560496.0000000000,6
1500,306,0.0081681800,19560496.0000000000,1
1500,307,0.0081427530,19560496.0000000000,34
1500,308,0.0081637110,19560496.0000000000,14
1500,309,0.0081957990,19560496.0000000000,30
1500,310,0.0081572270,19560496.0000000000,13
1500,311,0.0081486250,19560496.0000000000,3
1500,312,0.0070145350,17158704.0000000000,31
1500,313,0.0070254020,17158704.0000000000,0
1500,314,0.0070799210,17158704.0000000000,29
1500,315,0.0081709370,19560496.0000000000,3
1500,316,0.0081821350,19560496.0000000000,12
1500,317,0.0081439600,19560496.0000000000,25
1500,318,0.0081491170,19560496.0000000000,29
1500,319,0.0081496770,19560496.0000000000,2
1500,320,0.0081853390,19560496.0000000000,31
1500,321,0.0081515310,19560496.0000000000,33
1500,322,0.0081974620,19560496.0000000000,30
1500,323,0.0081440970,19560496.0000000000,33
1500,324,0.0081348170,19560496.0000000000,2
1500,325,0.0081444300,19560496.0000000000,14
1500,326,0.0081676400,19560496.0000000000,4
1500,327,0.0071144820,17158704.0000000000,11
1500,328,0.0069855510,17158704.0000000000,24
1500,329,0.0071467000,17158704.0000000000,12
1500,330,0.0081757830,19560496.0000000000,9
1500,331,0.0081866510,19560496.0000000000,18
1500,332,0.0081468610,19560496.0000000000,0
1500,333,0.0082046390,19560496.0000000000,10
1500,334,0.0081668900,19560496.0000000000,32
1500,335,0.0081585330,19560496.0000000000,3
1500,336,0.0081673820,19560496.0000000000,33
1500,337,0.0081509950,19560496.0000000000,26
1500,338,0.0081551770,19560496.0000000000,35
1500,339,0.0081661520,19560496.0000000000,38
1500,340,0.0081936920,19560496.0000000000,6
1500,341,0.0081454750,19560496.0000000000,8
1500,342,0.0069633220,17158704.0000000000,19
1500,343,0.0071003180,17158704.0000000000,32
1500,344,0.0070492080,17158704.0000000000,34
1500,345,0.0081530270,19560496.0000000000,31
1500,346,0.0081851800,19560496.0000000000,8
1500,347,0.0081681470,19560496.0000000000,27
1500,348,0.0081918980,19560496.0000000000,20
1500,349,0.0081557980,19560496.0000000000,4
1500,350,0.0081662030,19560496.0000000000,25
1500,351,0.0081828780,19560496.0000000000,3
1500,352,0.0081612430,19560496.0000000000,39
1500,353,0.0081650550,19560496.0000000000,1
1500,354,0.0081628150,19560496.0000000000,28
1500,355,0.0081549510,19560496.0000000000,25
1500,356,0.0082016480,19560496.0000000000,23
1500,357,0.0071587230,17158704.0000000000,12
1500,358,0.0071699870,17158704.0000000000,8
1500,359,0.0071183480,17158704.0000000000,9
1500,360,0.0081343510,19560496.0000000000,39
1500,361,0.0081718890,19560496.0000000000,1
1500,362,0.0081317760,19560496.0000000000,39
1500,363,0.0081627230,19560496.0000000000,37
1500,364,0.0081847910,19560496.0000000000,10
1500,365,0.0081829300,19560496.0000000000,6
1500,366,0.0081715670,19560496.0000000000,14
1500,367,0.0081748910,19560496.0000000000,8
1500,368,0.0082011190,19560496.0000000000,28
1500,369,0.0081759440,19560496.0000000000,9
1500,370,0.0081594330,19560496.0000000000,8
1500,371,0.0081706740,19560496.0000000000,14
1500,372,0.0071032770,17158704.0000000000,6
1500,373,0.0071294290,17158704.0000000000,21
1500,374,0.0070480930,17158704.0000000000,10
1500,375,0.0081817800,19560496.0000000000,5
1500,376,0.0081813460,19560496.0000000000,12
1500,377,0.0081702870,19560496.0000000000,1
1500,378,0.0081923160,19560496.0000000000,15
1500,379,0.0081853940,19560496.0000000000,13
1500,380,0.0081609980,19560496.0000000000,7
1500,381,0.0081813840,19560496.0000000000,10
1500,382,0.0081550270,19560496.0000000000,5
1500,383,0.0081382740,19560496.0000000000,5
1500,384,0.0081637640,19560496.0000000000,1
1500,385,0.0081676000,19560496.0000000000,13
1500,386,0.0081576540,19560496.0000000000,5
1500,387,0.0069937600,17158704.0000000000,33
1500,388,0.0070449730,17158704.0000000000,1
1500,389,0.0070959860,17158704.0000000000,10
1500,390,0.0081979520,19560496.0000000000,17
1500,391,0.0081597670,19560496.0000000000,34
1500,392,0.0081850160,19560496.0000000000,21
1500,393,0.0082036320,19560496.0000000000,22
1500,394,0.0081496400,19560496.0000000000,39
1500,395,0.0081651720,19560496.0000000000,9
1500,396,0.0081718380,19560496.0000000000,2
1500,397,0.0081133660,19560496.0000000000,33
1500,398,0.0081883530,19560496.0000000000,23
1500,399,0.0081564060,19560496.0000000000,9
1500,400,0.0081828570,19560496.0000000000,12
1500,401,0.0081898760,19560496.0000000000,16
1500,402,0.0071054480,17158704.0000000000,39
1500,403,0.0069888540,17158704.0000000000,18
1500,404,0.0069690960,17158704.0000000000,31
1500,405,0.0081652910,19560496.0000000000,36
1500,406,0.0081343980,19560496.0000000000,19
1500,407,0.0081392030,19560496.0000000000,24
1500,408,0.0081536610,19560496.0000000000,37
1500,409,0.0081702760,19560496.0000000000,35
1500,410,0.0082029740,19560496.0000000000,12
1500,411,0.0081543670,19560496.0000000000,35
1500,412,0.0081629810,19560496.0000000000,1
1500,413,0.0081420290,19560496.0000000000,11
1500,414,0.0081995350,19560496.0000000000,22
1500,415,0.0082012880,19560496.0000000000,17
1500,416,0.0081773230,19560496.0000000000,30
1500,417,0.0069546070,17158704.0000000000,7
1500,418,0.0070445720,17158704.0000000000,30
1500,419,0.0070173200,17158704.0000000000,5
1500,420,0.0062088150,14756912.0000000000,17
1500,421,0.0062164160,14756912.0000000000,21
1500,422,0.0061993560,14756912.0000000000,18
1500,423,0.0062212330,14756912.0000000000,15
1500,424,0.0062265390,14756912.0000000000,16
1500,425,0.0062234420,14756912.0000000000,20
1500,426,0.0061680550,14756912.0000000000,19
1500,427,0.0061918160,14756912.0000000000,26
1500,428,0.0061669100,14756912.0000000000,27
1500,429,0.0061983910,14756912.0000000000,24
1500,430,0.0061725570,14756912.0000000000,29
1500,431,0.0061860550,14756912.0000000000,28
1500,432,0.0056784170,12944944.0000000000,14
1500,433,0.0057145360,12944944.0000000000,13
1500,434,0.0057118620,12944944.0000000000,22
1550,0,2.0374474827,84156976.0000000000,18
1550,1,2.0650035825,84545616.0000000000,11
1550,2,2.0158117587,82432960.0000000000,0
1550,3,1.9541004738,80118112.0000000000,24
1550,4,2.0023522678,80439040.0000000000,16
1550,5,1.6208075210,69101200.0000000000,21
1550,6,1.2821656919,59741472.0000000000,17
1550,7,1.2445794754,59030448.0000000000,15
1550,8,1.3733842838,61997600.0000000000,22
1550,9,1.9241655547,77942640.0000000000,20
1550,10,2.3664871998,92416720.0000000000,19
1550,11,2.5272317060,97181168.0000000000,29
1550,12,2.4119201523,90734528.0000000000,36
1550,13,2.3059507111,88700720.0000000000,37
1550,14,2.1642198520,84523232.0000000000,38
1550,15,3.6664477395,148381040.0000000000,8
1550,16,3.7128938122,148028400.0000000000,26
1550,17,3.5952986401,144253072.0000000000,33
1550,18,3.4962679523,140220704.0000000000,34
1550,19,3.4050299338,137000256.0000000000,3
1550,20,3.0447611051,124457456.0000000000,1
1550,21,2.6430588099,111814208.0000000000,22
1550,22,2.4834369979,107546224.0000000000,37
1550,23,2.6815696438,113059648.0000000000,11
1550,24,3.2447331727,129769568.0000000000,24
1550,25,4.0387695794,154775216.0000000000,30
1550,26,4.5578105232,171259728.0000000000,2
1550,27,3.9312562144,148636960.0000000000,1
1550,28,3.6089108353,140381552.0000000000,4
1550,29,3.4136616821,135889568.0000000000,16
1550,30,3.7724115501,155911376.0000000000,21
1550,31,3.8298352600,157280128.0000000000,36
1550,32,3.8983426198,158655008.0000000000,4
1550,33,3.9967162584,160649936.0000000000,30
1550,34,4.2340337787,167397424.0000000000,13
1550,35,4.6830593578,184294304.0000000000,28
1550,36,5.0718995473,196954672.0000000000,14
1550,37,5.1902299637,201416416.0000000000,27
1550,38,5.0721458691,195474032.0000000000,5
1550,39,4.5737646882,180281456.0000000000,25
1550,40,4.0149441524,161282352.0000000000,4
1550,41,3.7144839048,152890640.0000000000,7
1550,42,3.1954252432,132096848.0000000000,17
1550,43,3.1963535077,132445296.0000000000,15
1550,44,3.1959984171,132682832.0000000000,18
1550,45,3.6592884464,153697472.0000000000,29
1550,46,3.6642113600,153781520.0000000000,31
1550,47,3.6676762324,153778784.0000000000,15
1550,48,3.6610749825,153775712.0000000000,11
1550,49,3.6627938468,153780592.0000000000,3
1550,50,3.6628869493,153780064.0000000000,25
1550,51,3.6659710456,153780688.0000000000,2
1550,52,3.6688887257,153777904.0000000000,15
1550,53,3.6660644989,153779376.0000000000,14
1550,54,3.6629209534,153779696.0000000000,39
1550,55,3.6667324904,153775408.0000000000,13
1550,56,3.6643685733,153780240.0000000000,35
1550,57,3.2366560890,134597216.0000000000,29
1550,58,3.2430259195,134601024.0000000000,21
1550,59,3.2371090313,134518784.0000000000,19
1550,60,3.6649250129,153696176.0000000000,6
1550,61,3.6674584851,153776656.0000000000,17
1550,62,3.6649164006,153782304.0000000000,26
1550,63,3.6628405832,153777184.0000000000,5
1550,64,3.6672547247,153780016.0000000000,17
1550,65,3.6634604926,153781200.0000000000,0
1550,66,3.6673818483,153776800.0000000000,21
1550,67,3.6619587780,153778560.0000000000,39
1550,68,3.6669750198,153781184.0000000000,20
1550,69,3.6679327133,153777680.0000000000,16
1550,70,3.6674794221,153781024.0000000000,20
1550,71,3.6614467443,153775696.0000000000,33
1550,72,3.2413242085,134600784.0000000000,25
1550,73,3.2413215458,134597904.0000000000,2
1550,74,3.2365217121,134520016.0000000000,31
1550,75,3.6643519933,153700944.0000000000,28
1550,76,3.6672838453,153780128.0000000000,12
1550,77,3.6637229668,153779376.0000000000,27
1550,78,3.6661890423,153778432.0000000000,10
1550,79,3.6639523965,153779840.0000000000,24
1550,80,3.6665528374,153778448.0000000000,1
1550,81,3.6652707175,153779008.0000000000,6
1550,82,3.6682327389,153778928.0000000000,23
1550,83,3.6678495247,153779696.0000000000,22
1550,84,3.6651884596,153778672.0000000000,32
1550,85,3.6630117833,153775376.0000000000,35
1550,86,3.6658398176,153782816.0000000000,14
1550,87,3.2375189891,134597872.0000000000,11
1550,88,3.2392793885,134595280.0000000000,37
1550,89,3.2387124127,134518960.0000000000,0
1550,90,3.6627782719,153696432.0000000000,9
1550,91,3.6644280700,153778112.0000000000,19
1550,92,3.6644445235,153778288.0000000000,38
1550,93,3.6618349296,153777904.0000000000,37
1550,94,3.6631457986,153781648.0000000000,35
1550,95,3.6622146775,153778416.0000000000,7
1550,96,3.6635130432,153776896.0000000000,34
1550,97,3.6615461930,153777440.0000000000,33
1550,98,3.6663382796,153781456.0000000000,13
1550,99,3.6636386208,153778784.0000000000,34
1550,100,3.6623043293,153780576.0000000000,7
1550,101,3.6617789979,153779056.0000000000,39
1550,102,3.2406538995,134601392.0000000000,36
1550,103,3.2411410903,134597520.0000000000,32
1550,104,3.2379095993,134519216.0000000000,24
1550,105,3.6634292037,153452400.0000000000,12
1550,106,3.6664772479,153774304.0000000000,9
1550,107,3.6671377810,153778416.0000000000,26
1550,108,3.6655486210,153780352.0000000000,5
1550,109,3.6674979224,153777168.0000000000,6
1550,110,3.6662198877,153766848.0000000000,9
1550,111,3.6659316073,153785824.0000000000,8
1550,112,3.6676399302,153791200.0000000000,28
1550,113,3.6665249335,153768144.0000000000,18
1550,114,3.6651461195,153767056.0000000000,8
1550,115,3.6716461936,153778640.0000000000,16
1550,116,3.6663706436,153773840.0000000000,32
1550,117,3.2401234888,134609968.0000000000,30
1550,118,3.2441232980,134607072.0000000000,23
1550,119,3.2154120732,134263648.0000000000,38
1550,120,3.6578729035,153269264.0000000000,38
1550,121,3.6661140039,153784544.0000000000,0
1550,122,3.6646142185,153758400.0000000000,31
1550,123,3.6659637731,153780688.0000000000,36
1550,124,3.6672346045,153785984.0000000000,19
1550,125,3.6661382265,153786736.0000000000,27
1550,126,3.6618934078,153756608.0000000000,29
1550,127,3.6707374386,153784864.0000000000,23
1550,128,3.6665043287,153781072.0000000000,18
1550,129,3.6695232888,153792704.0000000000,12
1550,130,3.6662060674,153761920.0000000000,10
1550,131,3.6666018777,153784704.0000000000,10
1550,132,3.2448668630,134605168.0000000000,3
1550,133,3.2464490073,134582400.0000000000,20
1550,134,3.2139269477,134096816.0000000000,22
1550,135,0.6484303659,33531408.0000000000,31
1550,136,0.6490127752,33596144.0000000000,32
1550,137,0.6494721087,33599552.0000000000,1
1550,138,0.6493049707,33576672.0000000000,2
1550,139,0.6489751222,33587712.0000000000,3
1550,140,0.6501482330,33583440.0000000000,23
1550,141,0.6492080619,33596512.0000000000,35
1550,142,0.6490021109,33583680.0000000000,34
1550,143,0.6495636880,33588000.0000000000,4
1550,144,0.6487280263,33580048.0000000000,25
1550,145,0.6484511413,33585904.0000000000,33
1550,146,0.6502511141,33591136.0000000000,30
1550,147,0.6059610331,29441360.0000000000,39
1550,148,0.6070649792,29426576.0000000000,13
1550,149,0.6033704062,29382784.0000000000,14
1550,150,0.2667513205,19560496.0000000000,3
1550,151,0.2664869659,19560496.0000000000,25
1550,152,0.2667573642,19560496.0000000000,26
1550,153,0.2668689718,19560496.0000000000,4
1550,154,0.2675784864,19560496.0000000000,12
1550,155,0.2672859632,19560496.0000000000,30
1550,156,0.2665083085,19560496.0000000000,32
1550,157,0.2664598572,19560496.0000000000,25
1550,158,0.2668416239,19560496.0000000000,6
1550,159,0.2667118477,19560496.0000000000,3
1550,160,0.2665092091,19560496.0000000000,2
1550,161,0.2668188887,19560496.0000000000,5
1550,162,0.2311433716,17158704.0000000000,30
1550,163,0.2280067271,17158704.0000000000,7
1550,164,0.2330746820,17158704.0000000000,9
1550,165,0.2668739439,19560496.0000000000,9
1550,166,0.2675817495,19560496.0000000000,23
1550,167,0.2666631444,19560496.0000000000,27
1550,168,0.2674640714,19560496.0000000000,12
1550,169,0.2675732647,19560496.0000000000,28
1550,170,0.2678034829,19560496.0000000000,23
1550,171,0.2668243825,19560496.0000000000,5
1550,172,0.2668084449,19560496.0000000000,18
1550,173,0.2670543944,19560496.0000000000,8
1550,174,0.2668405053,19560496.0000000000,31
1550,175,0.2668839979,19560496.0000000000,4
1550,176,0.2668411345,19560496.0000000000,1
1550,177,0.2282609226,17158704.0000000000,27
1550,178,0.2316901613,17158704.0000000000,25
1550,179,0.2318326072,17158704.0000000000,8
1550,180,0.2667596491,19560496.0000000000,13
1550,181,0.2661938547,19560496.0000000000,0
1550,182,0.2665972282,19560496.0000000000,2
1550,183,0.2674038096,19560496.0000000000,12
1550,184,0.2665849926,19560496.0000000000,26
1550,185,0.2673935151,19560496.0000000000,30
1550,186,0.2666247520,19560496.0000000000,27
1550,187,0.2665238623,19560496.0000000000,14
1550,188,0.2663705491,19560496.0000000000,27
1550,189,0.2666430107,19560496.0000000000,26
1550,190,0.2675861628,19560496.0000000000,12
1550,191,0.2668023947,19560496.0000000000,6
1550,192,0.2326644235,17158704.0000000000,26
1550,193,0.2305836959,17158704.0000000000,35
1550,194,0.2301712767,17158704.0000000000,11
1550,195,0.2681713598,19560496.0000000000,15
1550,196,0.2668732588,19560496.0000000000,5
1550,197,0.2668841136,19560496.0000000000,31
1550,198,0.2665997377,19560496.0000000000,32
1550,199,0.2665932464,19560496.0000000000,3
1550,200,0.2668412525,19560496.0000000000,13
1550,201,0.2667954491,19560496.0000000000,6
1550,202,0.2674174776,19560496.0000000000,28
1550,203,0.2665997667,19560496.0000000000,35
1550,204,0.2665323466,19560496.0000000000,34
1550,205,0.2666948746,19560496.0000000000,3
1550,206,0.2659452413,19560496.0000000000,11
1550,207,0.2314151251,17158704.0000000000,25
1550,208,0.2289901663,17158704.0000000000,14
1550,209,0.2322477442,17158704.0000000000,16
1550,210,0.2663530296,19560496.0000000000,19
1550,211,0.2666186662,19560496.0000000000,2
1550,212,0.2667327669,19560496.0000000000,26
1550,213,0.2667569718,19560496.0000000000,13
1550,214,0.2664011122,19560496.0000000000,14
1550,215,0.2665567358,19560496.0000000000,32
1550,216,0.2666204168,19560496.0000000000,36
1550,217,0.2673682183,19560496.0000000000,28
1550,218,0.2676819312,19560496.0000000000,16
1550,219,0.2662458030,19560496.0000000000,39
1550,220,0.2674056636,19560496.0000000000,28
1550,221,0.2667023726,19560496.0000000000,5
1550,222,0.2327749996,17158704.0000000000,15
1550,223,0.2314997215,17158704.0000000000,37
1550,224,0.2324760088,17158704.0000000000,28
1550,225,0.2664373791,19560496.0000000000,34
1550,226,0.2668074865,19560496.0000000000,31
1550,227,0.2667891603,19560496.0000000000,4
1550,228,0.2673003843,19560496.0000000000,28
1550,229,0.2665466101,19560496.0000000000,26
1550,230,0.2665253360,19560496.0000000000,24
1550,231,0.2660963172,19560496.0000000000,7
1550,232,0.2672823974,19560496.0000000000,10
1550,233,0.2667608870,19560496.0000000000,4
1550,234,0.2666400355,19560496.0000000000,25
1550,235,0.2660647141,19560496.0000000000,7
1550,236,0.2678665475,19560496.0000000000,20
1550,237,0.2311148585,17158704.0000000000,4
1550,238,0.2301895900,17158704.0000000000,0
1550,239,0.2298675370,17158704.0000000000,2
1550,240,0.2673920888,19560496.0000000000,38
1550,241,0.2668888645,19560496.0000000000,1
1550,242,0.2676036238,19560496.0000000000,23
1550,243,0.2664112169,19560496.0000000000,37
1550,244,0.2670124975,19560496.0000000000,8
1550,245,0.2676519040,19560496.0000000000,23
1550,246,0.2668999830,19560496.0000000000,9
1550,247,0.2676321700,19560496.0000000000,23
1550,248,0.2665420056,19560496.0000000000,32
1550,249,0.2664220800,19560496.0000000000,27
1550,250,0.2665016478,19560496.0000000000,32
1550,251,0.2668942820,19560496.0000000000,4
1550,252,0.2305844016,17158704.0000000000,23
1550,253,0.2305383611,17158704.0000000000,5
1550,254,0.2331449825,17158704.0000000000,20
1550,255,0.2660702127,19560496.0000000000,7
1550,256,0.2664257975,19560496.0000000000,26
1550,257,0.2660682515,19560496.0000000000,33
1550,258,0.2659008167,19560496.0000000000,7
1550,259,0.2667015269,19560496.0000000000,35
1550,260,0.2658732930,19560496.0000000000,7
1550,261,0.2667154107,19560496.0000000000,6
1550,262,0.2663570580,19560496.0000000000,25
1550,263,0.2666807627,19560496.0000000000,9
1550,264,0.2666252291,19560496.0000000000,34
1550,265,0.2668064778,19560496.0000000000,8
1550,266,0.2672195463,19560496.0000000000,38
1550,267,0.2305095449,17158704.0000000000,22
1550,268,0.2324256535,17158704.0000000000,17
1550,269,0.2330577478,17158704.0000000000,3
1550,270,0.2664084801,19560496.0000000000,39
1550,271,0.2660373071,19560496.0000000000,7
1550,272,0.2664274709,19560496.0000000000,27
1550,273,0.2667345930,19560496.0000000000,2
1550,274,0.2668468219,19560496.0000000000,9
1550,275,0.2672503229,19560496.0000000000,10
1550,276,0.2659044949,19560496.0000000000,7
1550,277,0.2668257943,19560496.0000000000,31
1550,278,0.2672411890,19560496.0000000000,10
1550,279,0.2670213206,19560496.0000000000,8
1550,280,0.2671565709,19560496.0000000000,10
1550,281,0.2677363508,19560496.0000000000,21
1550,282,0.2316152325,17158704.0000000000,6
1550,283,0.2321665107,17158704.0000000000,36
1550,284,0.2319768967,17158704.0000000000,32
1550,285,0.2668320251,19560496.0000000000,4
1550,286,0.2672402200,19560496.0000000000,30
1550,287,0.2664561972,19560496.0000000000,34
1550,288,0.2665701928,19560496.0000000000,26
1550,289,0.2663622463,19560496.0000000000,27
1550,290,0.2664448258,19560496.0000000000,27
1550,291,0.2667788320,19560496.0000000000,6
1550,292,0.2672382588,19560496.0000000000,10
1550,293,0.2665141432,19560496.0000000000,36
1550,294,0.2662176470,19560496.0000000000,29
1550,295,0.2667141237,19560496.0000000000,2
1550,296,0.2671046140,19560496.0000000000,30
1550,297,0.2320583841,17158704.0000000000,38
1550,298,0.2305388454,17158704.0000000000,23
1550,299,0.2323309324,17158704.0000000000,13
1550,300,0.2667070965,19560496.0000000000,35
1550,301,0.2660784837,19560496.0000000000,33
1550,302,0.2664478532,19560496.0000000000,32
1550,303,0.2674683542,19560496.0000000000,28
1550,304,0.2668207091,19560496.0000000000,31
1550,305,0.2668410381,19560496.0000000000,6
1550,306,0.2667932529,19560496.0000000000,1
1550,307,0.2662986195,19560496.0000000000,34
1550,308,0.2664165947,19560496.0000000000,14
1550,309,0.2673626653,19560496.0000000000,30
1550,310,0.2667409263,19560496.0000000000,13
1550,311,0.2668012814,19560496.0000000000,3
1550,312,0.2297189596,17158704.0000000000,31
1550,313,0.2306951167,17158704.0000000000,0
1550,314,0.2287865132,17158704.0000000000,29
1550,315,0.2668490846,19560496.0000000000,3
1550,316,0.2673900874,19560496.0000000000,12
1550,317,0.2663290771,19560496.0000000000,25
1550,318,0.2661718034,19560496.0000000000,29
1550,319,0.2667013938,19560496.0000000000,2
1550,320,0.2668354740,19560496.0000000000,31
1550,321,0.2659143140,19560496.0000000000,33
1550,322,0.2674372490,19560496.0000000000,30
1550,323,0.2660459419,19560496.0000000000,33
1550,324,0.2665782491,19560496.0000000000,2
1550,325,0.2664306728,19560496.0000000000,14
1550,326,0.2672356907,19560496.0000000000,4
1550,327,0.2300434623,17158704.0000000000,11
1550,328,0.2288668933,17158704.0000000000,24
1550,329,0.2327221446,17158704.0000000000,12
1550,330,0.2667720097,19560496.0000000000,9
1550,331,0.2669534233,19560496.0000000000,18
1550,332,0.2662619969,19560496.0000000000,0
1550,333,0.2671228478,19560496.0000000000,10
1550,334,0.2664997443,19560496.0000000000,32
1550,335,0.2669358580,19560496.0000000000,3
1550,336,0.2659193015,19560496.0000000000,33
1550,337,0.2665427766,19560496.0000000000,26
1550,338,0.2668440162,19560496.0000000000,35
1550,339,0.2668987377,19560496.0000000000,38
1550,340,0.2668446984,19560496.0000000000,6
1550,341,0.2668410227,19560496.0000000000,8
1550,342,0.2290924371,17158704.0000000000,19
1550,343,0.2322201065,17158704.0000000000,32
1550,344,0.2312819982,17158704.0000000000,34
1550,345,0.2669852415,19560496.0000000000,31
1550,346,0.2669074140,19560496.0000000000,8
1550,347,0.2663642687,19560496.0000000000,27
1550,348,0.2674783161,19560496.0000000000,20
1550,349,0.2668232292,19560496.0000000000,4
1550,350,0.2663370332,19560496.0000000000,25
1550,351,0.2667409020,19560496.0000000000,3
1550,352,0.2662643274,19560496.0000000000,39
1550,353,0.2668645489,19560496.0000000000,1
1550,354,0.2672622762,19560496.0000000000,28
1550,355,0.2664807789,19560496.0000000000,25
1550,356,0.2677654068,19560496.0000000000,23
1550,357,0.2328498823,17158704.0000000000,12
1550,358,0.2316423562,17158704.0000000000,8
1550,359,0.2332946623,17158704.0000000000,9
1550,360,0.2661940474,19560496.0000000000,39
1550,361,0.2667668145,19560496.0000000000,1
1550,362,0.2661042734,19560496.0000000000,39
1550,363,0.2662423336,19560496.0000000000,37
1550,364,0.2673681153,19560496.0000000000,10
1550,365,0.2668358592,19560496.0000000000,6
1550,366,0.2664666528,19560496.0000000000,14
1550,367,0.2669503361,19560496.0000000000,8
1550,368,0.2673556638,19560496.0000000000,28
1550,369,0.2668345655,19560496.0000000000,9
1550,370,0.2667575682,19560496.0000000000,8
1550,371,0.2666414221,19560496.0000000000,14
1550,372,0.2313934928,17158704.0000000000,6
1550,373,0.2322279361,17158704.0000000000,21
1550,374,0.2325370152,17158704.0000000000,10
1550,375,0.2667544120,19560496.0000000000,5
1550,376,0.2676577811,19560496.0000000000,12
1550,377,0.2669888613,19560496.0000000000,1
1550,378,0.2680105723,19560496.0000000000,15
1550,379,0.2668170338,19560496.0000000000,13
1550,380,0.2660010289,19560496.0000000000,7
1550,381,0.2672323563,19560496.0000000000,10
1550,382,0.2669566038,19560496.0000000000,5
1550,383,0.2667023024,19560496.0000000000,5
1550,384,0.2668434770,19560496.0000000000,1
1550,385,0.2669135898,19560496.0000000000,13
1550,386,0.2667893014,19560496.0000000000,5
1550,387,0.2281986258,17158704.0000000000,33
1550,388,0.2301259008,17158704.0000000000,1
1550,389,0.2325821469,17158704.0000000000,10
1550,390,0.2678539949,19560496.0000000000,17
1550,391,0.2665635589,19560496.0000000000,34
1550,392,0.2674990028,19560496.0000000000,21
1550,393,0.2672695304,19560496.0000000000,22
1550,394,0.2662527045,19560496.0000000000,39
1550,395,0.2669158342,19560496.0000000000,9
1550,396,0.2666562259,19560496.0000000000,2
1550,397,0.2659354146,19560496.0000000000,33
1550,398,0.2675862100,19560496.0000000000,23
1550,399,0.2668804161,19560496.0000000000,9
1550,400,0.2674971805,19560496.0000000000,12
1550,401,0.2675857031,19560496.0000000000,16
1550,402,0.2314075709,17158704.0000000000,39
1550,403,0.2293419347,17158704.0000000000,18
1550,404,0.2294789029,17158704.0000000000,31
1550,405,0.2683661161,19560496.0000000000,36
1550,406,0.2664194042,19560496.0000000000,19
1550,407,0.2665947230,19560496.0000000000,24
1550,408,0.2661802081,19560496.0000000000,37
1550,409,0.2665521649,19560496.0000000000,35
1550,410,0.2673390489,19560496.0000000000,12
1550,411,0.2666001422,19560496.0000000000,35
1550,412,0.2669187523,19560496.0000000000,1
1550,413,0.2657814244,19560496.0000000000,11
1550,414,0.2671918054,19560496.0000000000,22
1550,415,0.2679083054,19560496.0000000000,17
1550,416,0.2672107573,19560496.0000000000,30
1550,417,0.2279931461,17158704.0000000000,7
1550,418,0.2305029426,17158704.0000000000,30
1550,419,0.2301991122,17158704.0000000000,5
1550,420,0.2029375477,14756912.0000000000,17
1550,421,0.2023674168,14756912.0000000000,21
1550,422,0.2020085543,14756912.0000000000,18
1550,423,0.2027407725,14756912.0000000000,15
1550,424,0.2029829838,14756912.0000000000,16
1550,425,0.2029514238,14756912.0000000000,20
1550,426,0.2015400285,14756912.0000000000,19
1550,427,0.2020892965,14756912.0000000000,26
1550,428,0.2017192335,14756912.0000000000,27
1550,429,0.2020559702,14756912.0000000000,24
1550,430,0.2016022820,14756912.0000000000,29
1550,431,0.2025135492,14756912.0000000000,28
1550,432,0.1854257165,12944944.0000000000,14
1550,433,0.1862154995,12944944.0000000000,13
1550,434,0.1861221238,12944944.0000000000,22
1600,0,0.0784352940,83962960.0000000000,32
1600,1,0.0785004170,84614944.0000000000,33
1600,2,0.0642546030,82858560.0000000000,36
1600,3,0.0665230850,79636848.0000000000,6
1600,4,0.0606460150,74928576.0000000000,13
1600,5,0.0447333010,61936320.0000000000,31
1600,6,0.0388303790,58960736.0000000000,11
1600,7,0.0462132450,58949984.0000000000,4
1600,8,0.0435549090,58995728.0000000000,12
1600,9,0.0493364620,69634256.0000000000,37
1600,10,0.0752772430,92020112.0000000000,25
1600,11,0.0810082230,97460976.0000000000,28
1600,12,0.0790249890,92736192.0000000000,2
1600,13,0.0780676150,89738400.0000000000,27
1600,14,0.0687831010,84925312.0000000000,15
1600,15,0.1174225120,147894896.0000000000,37
1600,16,0.1195812230,147741072.0000000000,12
1600,17,0.1171608250,144636224.0000000000,19
1600,18,0.1112751270,138893280.0000000000,39
1600,19,0.0961103480,125096608.0000000000,38
1600,20,0.0777819720,110060176.0000000000,9
1600,21,0.0693765400,101855616.0000000000,30
1600,22,0.0670798060,100724768.0000000000,5
1600,23,0.0693747040,101786528.0000000000,3
1600,24,0.0877487060,117898800.0000000000,1
1600,25,0.1243205530,150296752.0000000000,34
1600,26,0.1465005040,171244960.0000000000,8
1600,27,0.1270493350,148810912.0000000000,38
1600,28,0.1169450490,140515728.0000000000,17
1600,29,0.1097320520,135928592.0000000000,7
1600,30,0.1218517430,156158784.0000000000,11
1600,31,0.1253072420,157587232.0000000000,4
1600,32,0.1281685610,158688976.0000000000,0
1600,33,0.1329413930,161864848.0000000000,26
1600,34,0.1529136110,177851168.0000000000,29
1600,35,0.1739273170,195294160.0000000000,9
1600,36,0.1840319180,204025904.0000000000,2
1600,37,0.1853071280,205339776.0000000000,3
1600,38,0.1846015000,204006752.0000000000,28
1600,39,0.1678966860,189790144.0000000000,1
1600,40,0.1379978510,165260128.0000000000,18
1600,41,0.1209828060,152346464.0000000000,31
1600,42,0.1034167050,131577584.0000000000,18
1600,43,0.1026209590,131990432.0000000000,29
1600,44,0.1021762890,132392640.0000000000,8
1600,45,0.1167676160,153697888.0000000000,16
1600,46,0.1167944110,153778896.0000000000,11
1600,47,0.1166519980,153781328.0000000000,32
1600,48,0.1167382700,153778128.0000000000,14
1600,49,0.1167207980,153780240.0000000000,1
1600,50,0.1166074100,153779456.0000000000,34
1600,51,0.1166956260,153776112.0000000000,13
1600,52,0.1167097360,153781360.0000000000,30
1600,53,0.1168486040,153777472.0000000000,17
1600,54,0.1167143380,153777552.0000000000,2
1600,55,0.1165842080,153775984.0000000000,35
1600,56,0.1167061550,153779616.0000000000,27
1600,57,0.1028074740,134598336.0000000000,4
1600,58,0.1029870550,134601904.0000000000,32
1600,59,0.1030168540,134517792.0000000000,0
1600,60,0.1166363550,153694864.0000000000,30
1600,61,0.1166618960,153778112.0000000000,7
1600,62,0.1167556610,153777328.0000000000,19
1600,63,0.1165806980,153776768.0000000000,8
1600,64,0.1167646760,153779456.0000000000,22
1600,65,0.1167034980,153779136.0000000000,38
1600,66,0.1167115730,153775984.0000000000,10
1600,67,0.1166705840,153775408.0000000000,22
1600,68,0.1168176990,153778560.0000000000,13
1600,69,0.1166699090,153779328.0000000000,6
1600,70,0.1168199920,153779008.0000000000,21
1600,71,0.1167324700,153774976.0000000000,21
1600,72,0.1006945170,134601408.0000000000,25
1600,73,0.1030587420,134599328.0000000000,15
1600,74,0.1028394920,134515440.0000000000,11
1600,75,0.1164988190,153698480.0000000000,31
1600,76,0.1167916630,153778144.0000000000,17
1600,77,0.1166500700,153778784.0000000000,12
1600,78,0.1166974540,153782032.0000000000,36
1600,79,0.1165844240,153778896.0000000000,37
1600,80,0.1167911140,153779456.0000000000,23
1600,81,0.1165903210,153782480.0000000000,32
1600,82,0.1167337880,153779392.0000000000,27
1600,83,0.1166094900,153778080.0000000000,25
1600,84,0.1166614820,153781360.0000000000,6
1600,85,0.1167197820,153776992.0000000000,26
1600,86,0.1165826820,153776096.0000000000,7
1600,87,0.1029161080,134600896.0000000000,31
1600,88,0.1005140610,134595328.0000000000,37
1600,89,0.1027603750,134519248.0000000000,33
1600,90,0.1164598330,153697648.0000000000,29
1600,91,0.1165460070,153776320.0000000000,5
1600,92,0.1165802090,153774960.0000000000,33
1600,93,0.1167508560,153779312.0000000000,23
1600,94,0.1165685960,153777520.0000000000,9
1600,95,0.1165771840,153776848.0000000000,3
1600,96,0.1165858710,153780704.0000000000,0
1600,97,0.1165279580,153777216.0000000000,35
1600,98,0.1166966570,153777632.0000000000,24
1600,99,0.1167350550,153776656.0000000000,4
1600,100,0.1166859190,153776928.0000000000,28
1600,101,0.1166338670,153778352.0000000000,24
1600,102,0.1028044060,134601536.0000000000,27
1600,103,0.1028570140,134598544.0000000000,30
1600,104,0.1028454020,134518400.0000000000,12
1600,105,0.1166109930,153440320.0000000000,18
1600,106,0.1168714970,153774752.0000000000,16
1600,107,0.1167184510,153780128.0000000000,14
1600,108,0.1168754660,153776320.0000000000,20
1600,109,0.1167486180,153778896.0000000000,19
1600,110,0.1167242260,153764112.0000000000,22
1600,111,0.1167103740,153782368.0000000000,14
1600,112,0.1167459460,153792000.0000000000,36
1600,113,0.1168521410,153772736.0000000000,16
1600,114,0.1166538830,153764112.0000000000,25
1600,115,0.1167221340,153779680.0000000000,33
1600,116,0.1167751770,153773168.0000000000,20
1600,117,0.1029537400,134606944.0000000000,5
1600,118,0.1030209800,134603632.0000000000,36
1600,119,0.1022812690,134254240.0000000000,34
1600,120,0.1164098070,153251360.0000000000,10
1600,121,0.1166184620,153783488.0000000000,39
1600,122,0.1167944970,153758960.0000000000,15
1600,123,0.1168247910,153783488.0000000000,21
1600,124,0.1166580290,153784160.0000000000,39
1600,125,0.1166235370,153788688.0000000000,24
1600,126,0.1167854840,153757840.0000000000,20
1600,127,0.1168594880,153780576.0000000000,5
1600,128,0.1165686460,153774976.0000000000,35
1600,129,0.1168820320,153794928.0000000000,15
1600,130,0.1139344600,153762544.0000000000,10
1600,131,0.1169178790,153789984.0000000000,23
1600,132,0.1030553060,134600656.0000000000,6
1600,133,0.1031910560,134582304.0000000000,13
1600,134,0.1023113120,134078176.0000000000,26
1600,135,0.0202910490,33528688.0000000000,16
1600,136,0.0202326580,33597184.0000000000,34
1600,137,0.0202145730,33602192.0000000000,39
1600,138,0.0201967250,33571872.0000000000,26
1600,139,0.0201967160,33586960.0000000000,18
1600,140,0.0201986740,33581056.0000000000,7
1600,141,0.0201823700,33595168.0000000000,19
1600,142,0.0202186930,33585184.0000000000,10
1600,143,0.0202461980,33587328.0000000000,38
1600,144,0.0203283600,33581744.0000000000,17
1600,145,0.0202086600,33584864.0000000000,14
1600,146,0.0201700940,33589632.0000000000,0
1600,147,0.0188460170,29442640.0000000000,21
1600,148,0.0188992320,29427520.0000000000,20
1600,149,0.0187343490,29379584.0000000000,22
1600,150,0.0081812570,19560496.0000000000,21
1600,151,0.0081459280,19560496.0000000000,32
1600,152,0.0081664320,19560496.0000000000,31
1600,153,0.0081674380,19560496.0000000000,38
1600,154,0.0082176080,19560496.0000000000,23
1600,155,0.0081983050,19560496.0000000000,28
1600,156,0.0081126130,19560496.0000000000,7
1600,157,0.0081846880,19560496.0000000000,12
1600,158,0.0081762210,19560496.0000000000,2
1600,159,0.0081635880,19560496.0000000000,8
1600,160,0.0081800700,19560496.0000000000,10
1600,161,0.0081473530,19560496.0000000000,2
1600,162,0.0070513590,17158704.0000000000,2
1600,163,0.0071251380,17158704.0000000000,17
1600,164,0.0070289740,17158704.0000000000,29
1600,165,0.0081452810,19560496.0000000000,29
1600,166,0.0081512880,19560496.0000000000,34
1600,167,0.0082066560,19560496.0000000000,21
1600,168,0.0081583730,19560496.0000000000,19
1600,169,0.0081828890,19560496.0000000000,35
1600,170,0.0081644090,19560496.0000000000,9
1600,171,0.0081603400,19560496.0000000000,31
1600,172,0.0081838410,19560496.0000000000,22
1600,173,0.0082049240,19560496.0000000000,17
1600,174,0.0081796040,19560496.0000000000,16
1600,175,0.0081667400,19560496.0000000000,23
1600,176,0.0081422870,19560496.0000000000,26
1600,177,0.0070112930,17158704.0000000000,19
1600,178,0.0069878740,17158704.0000000000,6
1600,179,0.0071196580,17158704.0000000000,9
1600,180,0.0081735230,19560496.0000000000,6
1600,181,0.0081332940,19560496.0000000000,7
1600,182,0.0081540720,19560496.0000000000,38
1600,183,0.0081720640,19560496.0000000000,10
1600,184,0.0081410750,19560496.0000000000,14
1600,185,0.0081550800,19560496.0000000000,3
1600,186,0.0081513720,19560496.0000000000,2
1600,187,0.0081689750,19560496.0000000000,3
1600,188,0.0081934510,19560496.0000000000,20
1600,189,0.0081804970,19560496.0000000000,22
1600,190,0.0081485700,19560496.0000000000,24
1600,191,0.0081806100,19560496.0000000000,28
1600,192,0.0071613960,17158704.0000000000,17
1600,193,0.0071565780,17158704.0000000000,38
1600,194,0.0070564680,17158704.0000000000,30
1600,195,0.0081611950,19560496.0000000000,24
1600,196,0.0081643340,19560496.0000000000,34
1600,197,0.0081642390,19560496.0000000000,8
1600,198,0.0081558130,19560496.0000000000,24
1600,199,0.0081519540,19560496.0000000000,26
1600,200,0.0081442250,19560496.0000000000,34
1600,201,0.0082260650,19560496.0000000000,16
1600,202,0.0081591280,19560496.0000000000,14
1600,203,0.0081709240,19560496.0000000000,35
1600,204,0.0081514280,19560496.0000000000,4
1600,205,0.0081793220,19560496.0000000000,4
1600,206,0.0081811970,19560496.0000000000,34
1600,207,0.0070969680,17158704.0000000000,0
1600,208,0.0071483840,17158704.0000000000,21
1600,209,0.0071463870,17158704.0000000000,16
1600,210,0.0081648370,19560496.0000000000,18
1600,211,0.0081567120,19560496.0000000000,29
1600,212,0.0081531050,19560496.0000000000,3
1600,213,0.0081555070,19560496.0000000000,19
1600,214,0.0081722610,19560496.0000000000,28
1600,215,0.0082254220,19560496.0000000000,20
1600,216,0.0081564690,19560496.0000000000,33
1600,217,0.0081818480,19560496.0000000000,22
1600,218,0.0081417650,19560496.0000000000,29
1600,219,0.0081808000,19560496.0000000000,13
1600,220,0.0081699390,19560496.0000000000,29
1600,221,0.0081547820,19560496.0000000000,11
1600,222,0.0070483920,17158704.0000000000,28
1600,223,0.0070636290,17158704.0000000000,5
1600,224,0.0070923610,17158704.0000000000,12
1600,225,0.0082058670,19560496.0000000000,16
1600,226,0.0081826680,19560496.0000000000,35
1600,227,0.0081568250,19560496.0000000000,14
1600,228,0.0081997990,19560496.0000000000,8
1600,229,0.0081543240,19560496.0000000000,18
1600,230,0.0081849090,19560496.0000000000,13
1600,231,0.0081595290,19560496.0000000000,2
1600,232,0.0081959100,19560496.0000000000,28
1600,233,0.0081494380,19560496.0000000000,1
1600,234,0.0081703980,19560496.0000000000,28
1600,235,0.0081481010,19560496.0000000000,39
1600,236,0.0081885020,19560496.0000000000,23
1600,237,0.0069897950,17158704.0000000000,4
1600,238,0.0069897090,17158704.0000000000,31
1600,239,0.0071139290,17158704.0000000000,23
1600,240,0.0082028310,19560496.0000000000,23
1600,241,0.0081584380,19560496.0000000000,2
1600,242,0.0081439430,19560496.0000000000,39
1600,243,0.0081788260,19560496.0000000000,30
1600,244,0.0081586660,19560496.0000000000,18
1600,245,0.0081391710,19560496.0000000000,0
1600,246,0.0081773610,19560496.0000000000,4
1600,247,0.0081767940,19560496.0000000000,8
1600,248,0.0081625940,19560496.0000000000,1
1600,249,0.0081702710,19560496.0000000000,27
1600,250,0.0081639950,19560496.0000000000,5
1600,251,0.0081884560,19560496.0000000000,10
1600,252,0.0070548170,17158704.0000000000,34
1600,253,0.0070481920,17158704.0000000000,26
1600,254,0.0070795440,17158704.0000000000,35
1600,255,0.0081574300,19560496.0000000000,4
1600,256,0.0081648120,19560496.0000000000,36
1600,257,0.0081854580,19560496.0000000000,3
1600,258,0.0081544780,19560496.0000000000,26
1600,259,0.0081808770,19560496.0000000000,23
1600,260,0.0081528880,19560496.0000000000,27
1600,261,0.0081497850,19560496.0000000000,36
1600,262,0.0081406870,19560496.0000000000,37
1600,263,0.0081327500,19560496.0000000000,11
1600,264,0.0081715290,19560496.0000000000,16
1600,265,0.0082184000,19560496.0000000000,21
1600,266,0.0082037700,19560496.0000000000,38
1600,267,0.0070832120,17158704.0000000000,35
1600,268,0.0071745050,17158704.0000000000,20
1600,269,0.0070233240,17158704.0000000000,30
1600,270,0.0081613750,19560496.0000000000,24
1600,271,0.0081404600,19560496.0000000000,0
1600,272,0.0081790180,19560496.0000000000,10
1600,273,0.0081643530,19560496.0000000000,39
1600,274,0.0081422820,19560496.0000000000,7
1600,275,0.0081453500,19560496.0000000000,29
1600,276,0.0081601130,19560496.0000000000,24
1600,277,0.0081776340,19560496.0000000000,12
1600,278,0.0081666170,19560496.0000000000,39
1600,279,0.0081572120,19560496.0000000000,14
1600,280,0.0081933630,19560496.0000000000,21
1600,281,0.0081575760,19560496.0000000000,24
1600,282,0.0069623920,17158704.0000000000,7
1600,283,0.0071396420,17158704.0000000000,13
1600,284,0.0070954950,17158704.0000000000,15
1600,285,0.0081715890,19560496.0000000000,18
1600,286,0.0081834930,19560496.0000000000,2
1600,287,0.0081647410,19560496.0000000000,25
1600,288,0.0081674460,19560496.0000000000,38
1600,289,0.0081393260,19560496.0000000000,29
1600,290,0.0081616270,19560496.0000000000,34
1600,291,0.0081940120,19560496.0000000000,17
1600,292,0.0081537070,19560496.0000000000,1
1600,293,0.0081651080,19560496.0000000000,19
1600,294,0.0081534860,19560496.0000000000,14
1600,295,0.0081477310,19560496.0000000000,35
1600,296,0.0081311530,19560496.0000000000,19
1600,297,0.0070946710,17158704.0000000000,11
1600,298,0.0070818190,17158704.0000000000,32
1600,299,0.0069740600,17158704.0000000000,14
1600,300,0.0081956810,19560496.0000000000,10
1600,301,0.0081993760,19560496.0000000000,1
1600,302,0.0081632980,19560496.0000000000,8
1600,303,0.0081853950,19560496.0000000000,20
1600,304,0.0081265380,19560496.0000000000,39
1600,305,0.0081807610,19560496.0000000000,9
1600,306,0.0081957850,19560496.0000000000,20
1600,307,0.0082025880,19560496.0000000000,17
1600,308,0.0081470050,19560496.0000000000,26
1600,309,0.0081424810,19560496.0000000000,7
1600,310,0.0081291940,19560496.0000000000,37
1600,311,0.0081937440,19560496.0000000000,22
1600,312,0.0071230450,17158704.0000000000,25
1600,313,0.0070896990,17158704.0000000000,37
1600,314,0.0071876910,17158704.0000000000,20
1600,315,0.0081809690,19560496.0000000000,12
1600,316,0.0081972190,19560496.0000000000,17
1600,317,0.0081893460,19560496.0000000000,31
1600,318,0.0081701060,19560496.0000000000,6
1600,319,0.0081750930,19560496.0000000000,34
1600,320,0.0081509310,19560496.0000000000,14
1600,321,0.0081417890,19560496.0000000000,32
1600,322,0.0081678960,19560496.0000000000,9
1600,323,0.0081628580,19560496.0000000000,38
1600,324,0.0081700500,19560496.0000000000,9
1600,325,0.0081442730,19560496.0000000000,33
1600,326,0.0081361360,19560496.0000000000,11
1600,327,0.0069571270,17158704.0000000000,33
1600,328,0.0069974270,17158704.0000000000,18
1600,329,0.0069708670,17158704.0000000000,18
1600,330,0.0081689380,19560496.0000000000,0
1600,331,0.0082187610,19560496.0000000000,16
1600,332,0.0082032140,19560496.0000000000,15
1600,333,0.0082058170,19560496.0000000000,20
1600,334,0.0081467930,19560496.0000000000,0
1600,335,0.0082052050,19560496.0000000000,17
1600,336,0.0081657520,19560496.0000000000,31
1600,337,0.0081717380,19560496.0000000000,6
1600,338,0.0081523840,19560496.0000000000,19
1600,339,0.0081978030,19560496.0000000000,12
1600,340,0.0081518830,19560496.0000000000,3
1600,341,0.0081865220,19560496.0000000000,28
1600,342,0.0070590430,17158704.0000000000,22
1600,343,0.0071725820,17158704.0000000000,10
1600,344,0.0069568860,17158704.0000000000,1
1600,345,0.0081667290,19560496.0000000000,4
1600,346,0.0081492500,19560496.0000000000,3
1600,347,0.0081874990,19560496.0000000000,22
1600,348,0.0081646800,19560496.0000000000,26
1600,349,0.0081644490,19560496.0000000000,13
1600,350,0.0081780610,19560496.0000000000,23
1600,351,0.0081624070,19560496.0000000000,26
1600,352,0.0081580040,19560496.0000000000,19
1600,353,0.0082020680,19560496.0000000000,20
1600,354,0.0081567920,19560496.0000000000,0
1600,355,0.0081401050,19560496.0000000000,39
1600,356,0.0081385750,19560496.0000000000,7
1600,357,0.0071405180,17158704.0000000000,21
1600,358,0.0070755650,17158704.0000000000,8
1600,359,0.0069902400,17158704.0000000000,33
1600,360,0.0081808810,19560496.0000000000,9
1600,361,0.0081906340,19560496.0000000000,38
1600,362,0.0081896330,19560496.0000000000,5
1600,363,0.0081891430,19560496.0000000000,12
1600,364,0.0081417070,19560496.0000000000,26
1600,365,0.0081452400,19560496.0000000000,0
1600,366,0.0081612260,19560496.0000000000,35
1600,367,0.0081297270,19560496.0000000000,7
1600,368,0.0081677020,19560496.0000000000,18
1600,369,0.0081873710,19560496.0000000000,31
1600,370,0.0081715860,19560496.0000000000,8
1600,371,0.0082084230,19560496.0000000000,15
1600,372,0.0071562310,17158704.0000000000,3
1600,373,0.0070540880,17158704.0000000000,19
1600,374,0.0070912460,17158704.0000000000,25
1600,375,0.0081640390,19560496.0000000000,9
1600,376,0.0081848020,19560496.0000000000,38
1600,377,0.0081682370,19560496.0000000000,9
1600,378,0.0081892830,19560496.0000000000,23
1600,379,0.0081725270,19560496.0000000000,24
1600,380,0.0081711060,19560496.0000000000,36
1600,381,0.0081583340,19560496.0000000000,34
1600,382,0.0081373870,19560496.0000000000,0
1600,383,0.0081748360,19560496.0000000000,18
1600,384,0.0081688470,19560496.0000000000,29
1600,385,0.0081396930,19560496.0000000000,24
1600,386,0.0081581810,19560496.0000000000,37
1600,387,0.0071470760,17158704.0000000000,12
1600,388,0.0070767760,17158704.0000000000,28
1600,389,0.0070821360,17158704.0000000000,22
1600,390,0.0081629710,19560496.0000000000,35
1600,391,0.0081558640,19560496.0000000000,11
1600,392,0.0081559720,19560496.0000000000,3
1600,393,0.0081805340,19560496.0000000000,35
1600,394,0.0081816240,19560496.0000000000,8
1600,395,0.0081396560,19560496.0000000000,39
1600,396,0.0081825020,19560496.0000000000,1
1600,397,0.0081353280,19560496.0000000000,37
1600,398,0.0081857590,19560496.0000000000,2
1600,399,0.0082023990,19560496.0000000000,23
1600,400,0.0081815070,19560496.0000000000,21
1600,401,0.0081912500,19560496.0000000000,1
1600,402,0.0071047870,17158704.0000000000,39
1600,403,0.0069520770,17158704.0000000000,24
1600,404,0.0069412660,17158704.0000000000,29
1600,405,0.0081631680,19560496.0000000000,10
1600,406,0.0081894940,19560496.0000000000,21
1600,407,0.0081960490,19560496.0000000000,17
1600,408,0.0081535890,19560496.0000000000,11
1600,409,0.0081414910,19560496.0000000000,7
1600,410,0.0081780640,19560496.0000000000,16
1600,411,0.0081521280,19560496.0000000000,32
1600,412,0.0081897170,19560496.0000000000,1
1600,413,0.0081881590,19560496.0000000000,23
1600,414,0.0081642080,19560496.0000000000,24
1600,415,0.0081638020,19560496.0000000000,35
1600,416,0.0081986510,19560496.0000000000,22
1600,417,0.0071208730,17158704.0000000000,10
1600,418,0.0070659740,17158704.0000000000,36
1600,419,0.0069584580,17158704.0000000000,27
1600,420,0.0061811330,14756912.0000000000,14
1600,421,0.0061872850,14756912.0000000000,9
1600,422,0.0062032890,14756912.0000000000,6
1600,423,0.0061990170,14756912.0000000000,13
1600,424,0.0062184920,14756912.0000000000,16
1600,425,0.0062198670,14756912.0000000000,15
1600,426,0.0061698560,14756912.0000000000,0
1600,427,0.0061511900,14756912.0000000000,7
1600,428,0.0061852960,14756912.0000000000,5
1600,429,0.0061772070,14756912.0000000000,8
1600,430,0.0062023190,14756912.0000000000,4
1600,431,0.0061800430,14756912.0000000000,11
1600,432,0.0056983650,12944944.0000000000,1
1600,433,0.0057161290,12944944.0000000000,3
1600,434,0.0056826250,12944944.0000000000,2
1650,0,2.0432694643,83805984.0000000000,32
1650,1,2.0761122774,84605520.0000000000,33
1650,2,2.0330554052,83354720.0000000000,36
1650,3,1.9492860268,79454912.0000000000,6
1650,4,1.6947128138,71947888.0000000000,13
1650,5,1.2550776942,60347008.0000000000,31
1650,6,1.2261246222,58947952.0000000000,11
1650,7,1.2299587245,58941120.0000000000,4
1650,8,1.2325774017,58965584.0000000000,12
1650,9,1.4836551853,66533808.0000000000,37
1650,10,2.3303897524,91003456.0000000000,25
1650,11,2.5732099274,98434160.0000000000,28
1650,12,2.5237661150,94816144.0000000000,2
1650,13,2.3748642951,90570896.0000000000,27
1650,14,2.1723023208,85229168.0000000000,15
1650,15,3.6699704522,147572432.0000000000,37
1650,16,3.7221738942,147451248.0000000000,12
1650,17,3.6736836333,145005600.0000000000,19
1650,18,3.3671411026,134351520.0000000000,39
1650,19,2.8480434000,118945248.0000000000,38
1650,20,2.3362629193,105104592.0000000000,9
1650,21,2.1809135174,101600816.0000000000,30
1650,22,2.1110623947,100625312.0000000000,5
1650,23,2.1184515901,100749392.0000000000,3
1650,24,2.6106147431,112491392.0000000000,1
1650,25,3.7830231445,146253088.0000000000,34
1650,26,4.5882933516,171200032.0000000000,8
1650,27,3.9703575917,148811088.0000000000,38
1650,28,3.6670374220,140525232.0000000000,17
1650,29,3.4472676667,135940544.0000000000,7
1650,30,3.8038705739,156369456.0000000000,11
1650,31,3.8872545618,157871040.0000000000,4
1650,32,3.9491762563,158679392.0000000000,0
1650,33,4.1784552409,167451520.0000000000,26
1650,34,4.8037869518,184389952.0000000000,29
1650,35,5.4315761997,200681360.0000000000,9
1650,36,5.5790909843,204282784.0000000000,2
1650,37,5.5700674791,205273440.0000000000,3
1650,38,5.6268633356,204666176.0000000000,28
1650,39,5.2694167017,196566704.0000000000,1
1650,40,4.2972713896,169602816.0000000000,18
1650,41,3.7108053379,152144160.0000000000,31
1650,42,3.1997312573,131313248.0000000000,18
1650,43,3.1961653259,131717056.0000000000,29
1650,44,3.1937100904,132208112.0000000000,8
1650,45,3.6681988660,153692656.0000000000,16
1650,46,3.6623777966,153779536.0000000000,11
1650,47,3.6654890699,153779952.0000000000,32
1650,48,3.6680637683,153776880.0000000000,14
1650,49,3.6667227091,153779488.0000000000,1
1650,50,3.6651530643,153779008.0000000000,34
1650,51,3.6676544396,153778640.0000000000,13
1650,52,3.6651532006,153781680.0000000000,30
1650,53,3.6682002930,153777696.0000000000,17
1650,54,3.6674454274,153778512.0000000000,2
1650,55,3.6651857586,153777744.0000000000,35
1650,56,3.6655014512,153777600.0000000000,27
1650,57,3.2423277934,134597344.0000000000,4
1650,58,3.2428492808,134603136.0000000000,32
1650,59,3.2399979169,134516512.0000000000,0
1650,60,3.6628484688,153697488.0000000000,30
1650,61,3.6633287919,153778352.0000000000,7
1650,62,3.6655286440,153779568.0000000000,19
1650,63,3.6639638813,153780096.0000000000,8
1650,64,3.6702412990,153777248.0000000000,22
1650,65,3.6652619320,153781808.0000000000,38
1650,66,3.6664149106,153778128.0000000000,10
1650,67,3.6693385288,153779200.0000000000,22
1650,68,3.6674440132,153777104.0000000000,13
1650,69,3.6659066232,153781568.0000000000,6
1650,70,3.6698522552,153780128.0000000000,21
1650,71,3.6678168895,153779136.0000000000,21
1650,72,3.2415885982,134601488.0000000000,25
1650,73,3.2454561321,134599744.0000000000,15
1650,74,3.2370780550,134516592.0000000000,11
1650,75,3.6623896317,153698176.0000000000,31
1650,76,3.6679924449,153777024.0000000000,17
1650,77,3.6681683992,153780640.0000000000,12
1650,78,3.6647109030,153778208.0000000000,36
1650,79,3.6633517056,153779664.0000000000,37
1650,80,3.6693314791,153776896.0000000000,23
1650,81,3.6655448079,153778384.0000000000,32
1650,82,3.6653041047,153778224.0000000000,27
1650,83,3.6642914512,153780752.0000000000,25
1650,84,3.6664521305,153779888.0000000000,6
1650,85,3.6666204220,153779008.0000000000,26
1650,86,3.6636339784,153778512.0000000000,7
1650,87,3.2383715500,134598496.0000000000,31
1650,88,3.2392978268,134599248.0000000000,37
1650,89,3.2348223666,134517984.0000000000,33
1650,90,3.6597523811,153696336.0000000000,29
1650,91,3.6631949010,153778896.0000000000,5
1650,92,3.6620839819,153778224.0000000000,33
1650,93,3.6688333126,153779296.0000000000,23
1650,94,3.6639628982,153776768.0000000000,9
1650,95,3.6635680251,153782688.0000000000,3
1650,96,3.6651563987,153780496.0000000000,0
1650,97,3.6644580899,153779296.0000000000,35
1650,98,3.6663299261,153778864.0000000000,24
1650,99,3.6663567370,153777856.0000000000,4
1650,100,3.6660967003,153777328.0000000000,28
1650,101,3.6651625386,153777760.0000000000,24
1650,102,3.2375817268,134600064.0000000000,27
1650,103,3.2385376083,134599776.0000000000,30
1650,104,3.2442071289,134516336.0000000000,12
1650,105,3.6614691055,153431504.0000000000,18
1650,106,3.6712262228,153774640.0000000000,16
1650,107,3.6692969092,153777104.0000000000,14
1650,108,3.6727548202,153777840.0000000000,20
1650,109,3.6690495718,153779744.0000000000,19
1650,110,3.6721429333,153765904.0000000000,22
1650,111,3.6698249660,153784720.0000000000,14
1650,112,3.6677555055,153792704.0000000000,36
1650,113,3.6720668601,153770144.0000000000,16
1650,114,3.6662021146,153765344.0000000000,25
1650,115,3.6655569156,153781872.0000000000,33
1650,116,3.6709330276,153775216.0000000000,20
1650,117,3.2403339705,134612960.0000000000,5
1650,118,3.2447356369,134603200.0000000000,36
1650,119,3.2163705149,134247776.0000000000,34
1650,120,3.6594981539,153242800.0000000000,10
1650,121,3.6657435150,153787184.0000000000,39
1650,122,3.6709154466,153761552.0000000000,15
1650,123,3.6713226230,153782144.0000000000,21
1650,124,3.6649009735,153782576.0000000000,39
1650,125,3.6680319943,153791696.0000000000,24
1650,126,3.6697271195,153753040.0000000000,20
1650,127,3.6666146361,153780192.0000000000,5
1650,128,3.6665887909,153776560.0000000000,35
1650,129,3.6719384483,153789008.0000000000,15
1650,130,3.6658012844,153763568.0000000000,10
1650,131,3.6708250251,153789488.0000000000,23
1650,132,3.2444694952,134601568.0000000000,6
1650,133,3.2487621331,134580656.0000000000,13
1650,134,3.2134645557,134064624.0000000000,26
1650,135,0.6506991043,33524848.0000000000,16
1650,136,0.6489686946,33597584.0000000000,34
1650,137,0.6493261132,33603680.0000000000,39
1650,138,0.6492659192,33572512.0000000000,26
1650,139,0.6492590930,33587232.0000000000,18
1650,140,0.6484016420,33581840.0000000000,7
1650,141,0.6482654666,33597760.0000000000,19
1650,142,0.6505433375,33588448.0000000000,10
1650,143,0.6490998216,33587776.0000000000,38
1650,144,0.6507464486,33581920.0000000000,17
1650,145,0.6493070746,33586176.0000000000,14
1650,146,0.6487549935,33591072.0000000000,0
1650,147,0.6068647396,29441376.0000000000,21
1650,148,0.6073822127,29430432.0000000000,20
1650,149,0.6046928089,29378608.0000000000,22
1650,150,0.2676434563,19560496.0000000000,21
1650,151,0.2666005133,19560496.0000000000,32
1650,152,0.2668754766,19560496.0000000000,31
1650,153,0.2672910967,19560496.0000000000,38
1650,154,0.2679355624,19560496.0000000000,23
1650,155,0.2675979818,19560496.0000000000,28
1650,156,0.2659175172,19560496.0000000000,7
1650,157,0.2673471692,19560496.0000000000,12
1650,158,0.2666176203,19560496.0000000000,2
1650,159,0.2669810706,19560496.0000000000,8
1650,160,0.2671184844,19560496.0000000000,10
1650,161,0.2664673977,19560496.0000000000,2
1650,162,0.2302147949,17158704.0000000000,2
1650,163,0.2323643147,17158704.0000000000,17
1650,164,0.2287464268,17158704.0000000000,29
1650,165,0.2663857371,19560496.0000000000,29
1650,166,0.2663201324,19560496.0000000000,34
1650,167,0.2676232385,19560496.0000000000,21
1650,168,0.2663225329,19560496.0000000000,19
1650,169,0.2668799621,19560496.0000000000,35
1650,170,0.2668390260,19560496.0000000000,9
1650,171,0.2669052032,19560496.0000000000,31
1650,172,0.2671421670,19560496.0000000000,22
1650,173,0.2677207584,19560496.0000000000,17
1650,174,0.2675429815,19560496.0000000000,16
1650,175,0.2674890618,19560496.0000000000,23
1650,176,0.2663891241,19560496.0000000000,26
1650,177,0.2295105795,17158704.0000000000,19
1650,178,0.2312717635,17158704.0000000000,6
1650,179,0.2330771242,17158704.0000000000,9
1650,180,0.2667622773,19560496.0000000000,6
1650,181,0.2660533333,19560496.0000000000,7
1650,182,0.2670236731,19560496.0000000000,38
1650,183,0.2672614010,19560496.0000000000,10
1650,184,0.2664671101,19560496.0000000000,14
1650,185,0.2668524318,19560496.0000000000,3
1650,186,0.2666715407,19560496.0000000000,2
1650,187,0.2667172478,19560496.0000000000,3
1650,188,0.2678109142,19560496.0000000000,20
1650,189,0.2673002249,19560496.0000000000,22
1650,190,0.2666272947,19560496.0000000000,24
1650,191,0.2673890787,19560496.0000000000,28
1650,192,0.2327362956,17158704.0000000000,17
1650,193,0.2324719016,17158704.0000000000,38
1650,194,0.2315114043,17158704.0000000000,30
1650,195,0.2664281552,19560496.0000000000,24
1650,196,0.2664698720,19560496.0000000000,34
1650,197,0.2667910251,19560496.0000000000,8
1650,198,0.2664087474,19560496.0000000000,24
1650,199,0.2666664648,19560496.0000000000,26
1650,200,0.2665231692,19560496.0000000000,34
1650,201,0.2675344579,19560496.0000000000,16
1650,202,0.2666056162,19560496.0000000000,14
1650,203,0.2667441232,19560496.0000000000,35
1650,204,0.2667699137,19560496.0000000000,4
1650,205,0.2670357715,19560496.0000000000,4
1650,206,0.2664559936,19560496.0000000000,34
1650,207,0.2304981888,17158704.0000000000,0
1650,208,0.2327549409,17158704.0000000000,21
1650,209,0.2313090923,17158704.0000000000,16
1650,210,0.2667196872,19560496.0000000000,18
1650,211,0.2663736868,19560496.0000000000,29
1650,212,0.2668686296,19560496.0000000000,3
1650,213,0.2664743654,19560496.0000000000,19
1650,214,0.2673474781,19560496.0000000000,28
1650,215,0.2678909496,19560496.0000000000,20
1650,216,0.2659676849,19560496.0000000000,33
1650,217,0.2672334740,19560496.0000000000,22
1650,218,0.2662614305,19560496.0000000000,29
1650,219,0.2667505641,19560496.0000000000,13
1650,220,0.2663713577,19560496.0000000000,29
1650,221,0.2660054605,19560496.0000000000,11
1650,222,0.2318382256,17158704.0000000000,28
1650,223,0.2309612669,17158704.0000000000,5
1650,224,0.2329757169,17158704.0000000000,12
1650,225,0.2676805199,19560496.0000000000,16
1650,226,0.2668608598,19560496.0000000000,35
1650,227,0.2664970630,19560496.0000000000,14
1650,228,0.2683222781,19560496.0000000000,8
1650,229,0.2668439256,19560496.0000000000,18
1650,230,0.2669609483,19560496.0000000000,13
1650,231,0.2666888740,19560496.0000000000,2
1650,232,0.2673158077,19560496.0000000000,28
1650,233,0.2668252243,19560496.0000000000,1
1650,234,0.2673302550,19560496.0000000000,28
1650,235,0.2663291777,19560496.0000000000,39
1650,236,0.2677545196,19560496.0000000000,23
1650,237,0.2310028523,17158704.0000000000,4
1650,238,0.2305266994,17158704.0000000000,31
1650,239,0.2308037201,17158704.0000000000,23
1650,240,0.2676073798,19560496.0000000000,23
1650,241,0.2665746363,19560496.0000000000,2
1650,242,0.2663050352,19560496.0000000000,39
1650,243,0.2672175029,19560496.0000000000,30
1650,244,0.2667733860,19560496.0000000000,18
1650,245,0.2661104233,19560496.0000000000,0
1650,246,0.2667722766,19560496.0000000000,4
1650,247,0.2668636431,19560496.0000000000,8
1650,248,0.2668884724,19560496.0000000000,1
1650,249,0.2664116484,19560496.0000000000,27
1650,250,0.2668072040,19560496.0000000000,5
1650,251,0.2672378550,19560496.0000000000,10
1650,252,0.2317445057,17158704.0000000000,34
1650,253,0.2327583493,17158704.0000000000,26
1650,254,0.2306773244,17158704.0000000000,35
1650,255,0.2668239043,19560496.0000000000,4
1650,256,0.2664434999,19560496.0000000000,36
1650,257,0.2667049627,19560496.0000000000,3
1650,258,0.2664903317,19560496.0000000000,26
1650,259,0.2675488034,19560496.0000000000,23
1650,260,0.2663240263,19560496.0000000000,27
1650,261,0.2665264741,19560496.0000000000,36
1650,262,0.2663955330,19560496.0000000000,37
1650,263,0.2658648463,19560496.0000000000,11
1650,264,0.2675780665,19560496.0000000000,16
1650,265,0.2675986765,19560496.0000000000,21
1650,266,0.2670750665,19560496.0000000000,38
1650,267,0.2308687144,17158704.0000000000,35
1650,268,0.2324560787,17158704.0000000000,20
1650,269,0.2313132714,17158704.0000000000,30
1650,270,0.2663751326,19560496.0000000000,24
1650,271,0.2661760263,19560496.0000000000,0
1650,272,0.2672082174,19560496.0000000000,10
1650,273,0.2662897680,19560496.0000000000,39
1650,274,0.2660475425,19560496.0000000000,7
1650,275,0.2661727001,19560496.0000000000,29
1650,276,0.2666455956,19560496.0000000000,24
1650,277,0.2675329430,19560496.0000000000,12
1650,278,0.2662495477,19560496.0000000000,39
1650,279,0.2664197275,19560496.0000000000,14
1650,280,0.2675616983,19560496.0000000000,21
1650,281,0.2663827063,19560496.0000000000,24
1650,282,0.2283393066,17158704.0000000000,7
1650,283,0.2327806298,17158704.0000000000,13
1650,284,0.2327493730,17158704.0000000000,15
1650,285,0.2668689422,19560496.0000000000,18
1650,286,0.2668140278,19560496.0000000000,2
1650,287,0.2664881081,19560496.0000000000,25
1650,288,0.2670715432,19560496.0000000000,38
1650,289,0.2661348643,19560496.0000000000,29
1650,290,0.2666031807,19560496.0000000000,34
1650,291,0.2678735262,19560496.0000000000,17
1650,292,0.2668109057,19560496.0000000000,1
1650,293,0.2663186425,19560496.0000000000,19
1650,294,0.2663188266,19560496.0000000000,14
1650,295,0.2668106931,19560496.0000000000,35
1650,296,0.2663663385,19560496.0000000000,19
1650,297,0.2305150522,17158704.0000000000,11
1650,298,0.2313739713,17158704.0000000000,32
1650,299,0.2290776925,17158704.0000000000,14
1650,300,0.2671452204,19560496.0000000000,10
1650,301,0.2668009898,19560496.0000000000,1
1650,302,0.2668893390,19560496.0000000000,8
1650,303,0.2675679896,19560496.0000000000,20
1650,304,0.2662253593,19560496.0000000000,39
1650,305,0.2670168719,19560496.0000000000,9
1650,306,0.2677436307,19560496.0000000000,20
1650,307,0.2678074426,19560496.0000000000,17
1650,308,0.2663676199,19560496.0000000000,26
1650,309,0.2660418175,19560496.0000000000,7
1650,310,0.2663766607,19560496.0000000000,37
1650,311,0.2673268558,19560496.0000000000,22
1650,312,0.2314177863,17158704.0000000000,25
1650,313,0.2315347187,17158704.0000000000,37
1650,314,0.2334849475,17158704.0000000000,20
1650,315,0.2674297076,19560496.0000000000,12
1650,316,0.2678006441,19560496.0000000000,17
1650,317,0.2669765240,19560496.0000000000,31
1650,318,0.2666756583,19560496.0000000000,6
1650,319,0.2663160263,19560496.0000000000,34
1650,320,0.2664328390,19560496.0000000000,14
1650,321,0.2666528055,19560496.0000000000,32
1650,322,0.2668511558,19560496.0000000000,9
1650,323,0.2669898530,19560496.0000000000,38
1650,324,0.2667433204,19560496.0000000000,9
1650,325,0.2660305455,19560496.0000000000,33
1650,326,0.2659465049,19560496.0000000000,11
1650,327,0.2281720813,17158704.0000000000,33
1650,328,0.2292863909,17158704.0000000000,18
1650,329,0.2294306075,17158704.0000000000,18
1650,330,0.2662246022,19560496.0000000000,0
1650,331,0.2675076350,19560496.0000000000,16
1650,332,0.2679701059,19560496.0000000000,15
1650,333,0.2677238608,19560496.0000000000,20
1650,334,0.2660782233,19560496.0000000000,0
1650,335,0.2679468089,19560496.0000000000,17
1650,336,0.2668847918,19560496.0000000000,31
1650,337,0.2667985404,19560496.0000000000,6
1650,338,0.2663368262,19560496.0000000000,19
1650,339,0.2673310827,19560496.0000000000,12
1650,340,0.2666628374,19560496.0000000000,3
1650,341,0.2672682422,19560496.0000000000,28
1650,342,0.2308560662,17158704.0000000000,22
1650,343,0.2329850098,17158704.0000000000,10
1650,344,0.2297154324,17158704.0000000000,1
1650,345,0.2667433570,19560496.0000000000,4
1650,346,0.2667621832,19560496.0000000000,3
1650,347,0.2672619761,19560496.0000000000,22
1650,348,0.2665225495,19560496.0000000000,26
1650,349,0.2667442349,19560496.0000000000,13
1650,350,0.2678218358,19560496.0000000000,23
1650,351,0.2665442272,19560496.0000000000,26
1650,352,0.2665015799,19560496.0000000000,19
1650,353,0.2677088645,19560496.0000000000,20
1650,354,0.2662225273,19560496.0000000000,0
1650,355,0.2662241986,19560496.0000000000,39
1650,356,0.2659580297,19560496.0000000000,7
1650,357,0.2328420904,17158704.0000000000,21
1650,358,0.2308581843,17158704.0000000000,8
1650,359,0.2280518616,17158704.0000000000,33
1650,360,0.2666824393,19560496.0000000000,9
1650,361,0.2669990773,19560496.0000000000,38
1650,362,0.2667899741,19560496.0000000000,5
1650,363,0.2673996952,19560496.0000000000,12
1650,364,0.2665465365,19560496.0000000000,26
1650,365,0.2661591433,19560496.0000000000,0
1650,366,0.2667843629,19560496.0000000000,35
1650,367,0.2659899091,19560496.0000000000,7
1650,368,0.2668837724,19560496.0000000000,18
1650,369,0.2669087830,19560496.0000000000,31
1650,370,0.2668374456,19560496.0000000000,8
1650,371,0.2680411607,19560496.0000000000,15
1650,372,0.2328487243,17158704.0000000000,3
1650,373,0.2288831027,17158704.0000000000,19
1650,374,0.2315661590,17158704.0000000000,25
1650,375,0.2667505734,19560496.0000000000,9
1650,376,0.2672672892,19560496.0000000000,38
1650,377,0.2666383730,19560496.0000000000,9
1650,378,0.2675717276,19560496.0000000000,23
1650,379,0.2665244664,19560496.0000000000,24
1650,380,0.2686481160,19560496.0000000000,36
1650,381,0.2664013506,19560496.0000000000,34
1650,382,0.2661408358,19560496.0000000000,0
1650,383,0.2667953916,19560496.0000000000,18
1650,384,0.2662958010,19560496.0000000000,29
1650,385,0.2663818912,19560496.0000000000,24
1650,386,0.2663677576,19560496.0000000000,37
1650,387,0.2330747600,17158704.0000000000,12
1650,388,0.2323707712,17158704.0000000000,28
1650,389,0.2311127759,17158704.0000000000,22
1650,390,0.2665506522,19560496.0000000000,35
1650,391,0.2659412060,19560496.0000000000,11
1650,392,0.2667993674,19560496.0000000000,3
1650,393,0.2666448173,19560496.0000000000,35
1650,394,0.2667846978,19560496.0000000000,8
1650,395,0.2662890043,19560496.0000000000,39
1650,396,0.2669411021,19560496.0000000000,1
1650,397,0.2660879755,19560496.0000000000,37
1650,398,0.2666978847,19560496.0000000000,2
1650,399,0.2676590193,19560496.0000000000,23
1650,400,0.2675946532,19560496.0000000000,21
1650,401,0.2668154256,19560496.0000000000,1
1650,402,0.2313859937,17158704.0000000000,39
1650,403,0.2285550259,17158704.0000000000,24
1650,404,0.2285673910,17158704.0000000000,29
1650,405,0.2672480952,19560496.0000000000,10
1650,406,0.2676469000,19560496.0000000000,21
1650,407,0.2678133919,19560496.0000000000,17
1650,408,0.2658495069,19560496.0000000000,11
1650,409,0.2658378113,19560496.0000000000,7
1650,410,0.2675202628,19560496.0000000000,16
1650,411,0.2666124132,19560496.0000000000,32
1650,412,0.2669254734,19560496.0000000000,1
1650,413,0.2675762826,19560496.0000000000,23
1650,414,0.2664817430,19560496.0000000000,24
1650,415,0.2667054854,19560496.0000000000,35
1650,416,0.2670679882,19560496.0000000000,22
1650,417,0.2331386182,17158704.0000000000,10
1650,418,0.2315438408,17158704.0000000000,36
1650,419,0.2281763238,17158704.0000000000,27
1650,420,0.2017679312,14756912.0000000000,14
1650,421,0.2018305520,14756912.0000000000,9
1650,422,0.2020198260,14756912.0000000000,6
1650,423,0.2023171117,14756912.0000000000,13
1650,424,0.2031136616,14756912.0000000000,16
1650,425,0.2027279631,14756912.0000000000,15
1650,426,0.2015803208,14756912.0000000000,0
1650,427,0.2012815586,14756912.0000000000,7
1650,428,0.2017572376,14756912.0000000000,5
1650,429,0.2024241120,14756912.0000000000,8
1650,430,0.2023560008,14756912.0000000000,4
1650,431,0.2014320784,14756912.0000000000,11
1650,432,0.1857898505,12944944.0000000000,1
1650,433,0.1866850849,12944944.0000000000,3
1650,434,0.1856101748,12944944.0000000000,2
1700,0,0.0621790770,83599264.0000000000,32
1700,1,0.0645388810,84490176.0000000000,33
1700,2,0.0645057980,83834528.0000000000,36
1700,3,0.0605400030,79393168.0000000000,6
1700,4,0.0484641190,69324704.0000000000,13
1700,5,0.0380948370,59552848.0000000000,31
1700,6,0.0379797720,58944208.0000000000,11
1700,7,0.0380202550,58937696.0000000000,4
1700,8,0.0381835070,58959008.0000000000,12
1700,9,0.0426976250,65149920.0000000000,37
1700,10,0.0703608190,89568928.0000000000,25
1700,11,0.0819335020,99396096.0000000000,28
1700,12,0.0802718180,95160752.0000000000,2
1700,13,0.0747264880,90901872.0000000000,27
1700,14,0.0675857030,85378080.0000000000,15
1700,15,0.1131140080,147140336.0000000000,37
1700,16,0.1151118520,147005552.0000000000,12
1700,17,0.1129136380,144677312.0000000000,19
1700,18,0.0960955250,128984112.0000000000,39
1700,19,0.0792907500,113392816.0000000000,38
1700,20,0.0690812220,103871312.0000000000,9
1700,21,0.0679415710,102002544.0000000000,30
1700,22,0.0656371840,100967136.0000000000,5
1700,23,0.0657595030,101164240.0000000000,3
1700,24,0.0759131220,109702448.0000000000,1
1700,25,0.1134325390,143276368.0000000000,34
1700,26,0.1434065310,171970016.0000000000,8
1700,27,0.1248535270,150335552.0000000000,38
1700,28,0.1142050670,140816784.0000000000,17
1700,29,0.1069743840,135942432.0000000000,7
1700,30,0.1183065060,156597152.0000000000,11
1700,31,0.1209897740,158153728.0000000000,4
1700,32,0.1234502750,159469504.0000000000,0
1700,33,0.1379775580,172014176.0000000000,26
1700,34,0.1573119130,188382416.0000000000,29
1700,35,0.1718821510,201461312.0000000000,9
1700,36,0.1734197840,204057664.0000000000,2
1700,37,0.1721724850,204780144.0000000000,3
1700,38,0.1743211220,203796544.0000000000,28
1700,39,0.1690720170,198682048.0000000000,1
1700,40,0.1380497940,171604368.0000000000,18
1700,41,0.1154062440,151923328.0000000000,31
1700,42,0.0986508500,131004256.0000000000,18
1700,43,0.0990928380,131378832.0000000000,29
1700,44,0.0989479680,131957920.0000000000,8
1700,45,0.1139216770,153694512.0000000000,16
1700,46,0.1138109000,153778224.0000000000,11
1700,47,0.1138245260,153780864.0000000000,32
1700,48,0.1139675440,153775888.0000000000,14
1700,49,0.1138933670,153778160.0000000000,1
1700,50,0.1138115220,153779040.0000000000,34
1700,51,0.1141136970,153779072.0000000000,13
1700,52,0.1138389960,153780384.0000000000,30
1700,53,0.1139064090,153776624.0000000000,17
1700,54,0.1139235980,153778032.0000000000,2
1700,55,0.1138852260,153778960.0000000000,35
1700,56,0.1138049460,153777712.0000000000,27
1700,57,0.1006294390,134600288.0000000000,4
1700,58,0.1006864220,134597552.0000000000,32
1700,59,0.1005179670,134517008.0000000000,0
1700,60,0.1137735680,153698352.0000000000,30
1700,61,0.1137464200,153781104.0000000000,7
1700,62,0.1139926050,153779168.0000000000,19
1700,63,0.1137437620,153781584.0000000000,8
1700,64,0.1139960010,153776368.0000000000,22
1700,65,0.1139848940,153781872.0000000000,38
1700,66,0.1139022160,153776864.0000000000,10
1700,67,0.1139582590,153781584.0000000000,22
1700,68,0.1139374290,153778272.0000000000,13
1700,69,0.1138777920,153778608.0000000000,6
1700,70,0.1138993240,153781472.0000000000,21
1700,71,0.1139318090,153779664.0000000000,21
1700,72,0.1008851730,134600416.0000000000,25
1700,73,0.1007428330,134598368.0000000000,15
1700,74,0.1005190420,134517360.0000000000,11
1700,75,0.1137194730,153696208.0000000000,31
1700,76,0.1139462670,153778240.0000000000,17
1700,77,0.1140070100,153777584.0000000000,12
1700,78,0.1138460740,153779536.0000000000,36
1700,79,0.1138261570,153780384.0000000000,37
1700,80,0.1139832060,153777968.0000000000,23
1700,81,0.1139712510,153777936.0000000000,32
1700,82,0.1137911700,153779344.0000000000,27
1700,83,0.1138464880,153779904.0000000000,25
1700,84,0.1138518640,153778320.0000000000,6
1700,85,0.1138064190,153778048.0000000000,26
1700,86,0.1137406160,153777568.0000000000,7
1700,87,0.1005399050,134600000.0000000000,31
1700,88,0.1005877430,134600192.0000000000,37
1700,89,0.1004608860,134516256.0000000000,33
1700,90,0.1136350190,153693024.0000000000,29
1700,91,0.1138787150,153777072.0000000000,5
1700,92,0.1137435610,153782784.0000000000,33
1700,93,0.1139141940,153779040.0000000000,23
1700,94,0.1138138380,153774368.0000000000,9
1700,95,0.1137603520,153781184.0000000000,3
1700,96,0.1137620040,153778048.0000000000,0
1700,97,0.1138534830,153779680.0000000000,35
1700,98,0.1138562550,153776192.0000000000,24
1700,99,0.1139407540,153780512.0000000000,4
1700,100,0.1138018730,153778944.0000000000,28
1700,101,0.1138140050,153781424.0000000000,24
1700,102,0.1005263740,134599600.0000000000,27
1700,103,0.1006632050,134600752.0000000000,30
1700,104,0.1007127860,134515744.0000000000,12
1700,105,0.1139295150,153421328.0000000000,18
1700,106,0.1141493480,153775840.0000000000,16
1700,107,0.1139957190,153774624.0000000000,14
1700,108,0.1141452410,153776480.0000000000,20
1700,109,0.1139334100,153776352.0000000000,19
1700,110,0.1141838130,153772400.0000000000,22
1700,111,0.1141028050,153783456.0000000000,14
1700,112,0.1139822680,153795776.0000000000,36
1700,113,0.1140194980,153770944.0000000000,16
1700,114,0.1138187340,153764560.0000000000,25
1700,115,0.1138680610,153780016.0000000000,33
1700,116,0.1140413190,153773728.0000000000,20
1700,117,0.1007073820,134613424.0000000000,5
1700,118,0.1007401780,134602272.0000000000,36
1700,119,0.0998183610,134232896.0000000000,34
1700,120,0.1137094340,153226672.0000000000,10
1700,121,0.1139949540,153788064.0000000000,39
1700,122,0.1140272040,153760992.0000000000,15
1700,123,0.1139774960,153781456.0000000000,21
1700,124,0.1138659540,153781088.0000000000,39
1700,125,0.1139732510,153789408.0000000000,24
1700,126,0.1139782490,153755600.0000000000,20
1700,127,0.1138423770,153775616.0000000000,5
1700,128,0.1138617970,153778720.0000000000,35
1700,129,0.1139763320,153789824.0000000000,15
1700,130,0.1139667210,153765824.0000000000,10
1700,131,0.1140889820,153787472.0000000000,23
1700,132,0.1007493230,134602176.0000000000,6
1700,133,0.1009107510,134580928.0000000000,13
1700,134,0.0997325380,134051072.0000000000,26
1700,135,0.0200512470,33524016.0000000000,16
1700,136,0.0200218920,33596640.0000000000,34
1700,137,0.0202219570,33602944.0000000000,39
1700,138,0.0199965100,33574432.0000000000,26
1700,139,0.0200559990,33589408.0000000000,18
1700,140,0.0200136450,33582544.0000000000,7
1700,141,0.0200859860,33596976.0000000000,19
1700,142,0.0200277760,33589504.0000000000,10
1700,143,0.0200246080,33585584.0000000000,38
1700,144,0.0200794900,33579120.0000000000,17
1700,145,0.0200407200,33584704.0000000000,14
1700,146,0.0200142020,33589888.0000000000,0
1700,147,0.0187523790,29442032.0000000000,21
1700,148,0.0186838350,29430320.0000000000,20
1700,149,0.0187143430,29375200.0000000000,22
1700,150,0.0081823200,19560496.0000000000,21
1700,151,0.0081755160,19560496.0000000000,32
1700,152,0.0081891340,19560496.0000000000,31
1700,153,0.0081888680,19560496.0000000000,38
1700,154,0.0081862280,19560496.0000000000,23
1700,155,0.0081915420,19560496.0000000000,28
1700,156,0.0081536650,19560496.0000000000,7
1700,157,0.0081724240,19560496.0000000000,12
1700,158,0.0081557190,19560496.0000000000,2
1700,159,0.0081735260,19560496.0000000000,8
1700,160,0.0081837970,19560496.0000000000,10
1700,161,0.0081651810,19560496.0000000000,2
1700,162,0.0070298850,17158704.0000000000,2
1700,163,0.0070520460,17158704.0000000000,17
1700,164,0.0070000570,17158704.0000000000,29
1700,165,0.0081356510,19560496.0000000000,29
1700,166,0.0081309000,19560496.0000000000,34
1700,167,0.0082029200,19560496.0000000000,21
1700,168,0.0081638570,19560496.0000000000,19
1700,169,0.0081542470,19560496.0000000000,35
1700,170,0.0081548130,19560496.0000000000,9
1700,171,0.0081616020,19560496.0000000000,31
1700,172,0.0081709490,19560496.0000000000,22
1700,173,0.0082029500,19560496.0000000000,17
1700,174,0.0081774330,19560496.0000000000,16
1700,175,0.0081903360,19560496.0000000000,23
1700,176,0.0081491010,19560496.0000000000,26
1700,177,0.0070593790,17158704.0000000000,19
1700,178,0.0070902900,17158704.0000000000,6
1700,179,0.0070801130,17158704.0000000000,9
1700,180,0.0081736720,19560496.0000000000,6
1700,181,0.0081420400,19560496.0000000000,7
1700,182,0.0081486220,19560496.0000000000,38
1700,183,0.0081806810,19560496.0000000000,10
1700,184,0.0081548400,19560496.0000000000,14
1700,185,0.0081567610,19560496.0000000000,3
1700,186,0.0081562430,19560496.0000000000,2
1700,187,0.0081598190,19560496.0000000000,3
1700,188,0.0082046230,19560496.0000000000,20
1700,189,0.0082105140,19560496.0000000000,22
1700,190,0.0081701810,19560496.0000000000,24
1700,191,0.0081946270,19560496.0000000000,28
1700,192,0.0071189030,17158704.0000000000,17
1700,193,0.0071248270,17158704.0000000000,38
1700,194,0.0070413570,17158704.0000000000,30
1700,195,0.0081662830,19560496.0000000000,24
1700,196,0.0081691750,19560496.0000000000,34
1700,197,0.0081661130,19560496.0000000000,8
1700,198,0.0081475580,19560496.0000000000,24
1700,199,0.0081633180,19560496.0000000000,26
1700,200,0.0081766270,19560496.0000000000,34
1700,201,0.0082042420,19560496.0000000000,16
1700,202,0.0081573660,19560496.0000000000,14
1700,203,0.0081684230,19560496.0000000000,35
1700,204,0.0081767080,19560496.0000000000,4
1700,205,0.0081723390,19560496.0000000000,4
1700,206,0.0081631110,19560496.0000000000,34
1700,207,0.0070862440,17158704.0000000000,0
1700,208,0.0071287070,17158704.0000000000,21
1700,209,0.0069926180,17158704.0000000000,16
1700,210,0.0081822630,19560496.0000000000,18
1700,211,0.0081358630,19560496.0000000000,29
1700,212,0.0081757880,19560496.0000000000,3
1700,213,0.0081675630,19560496.0000000000,19
1700,214,0.0081794750,19560496.0000000000,28
1700,215,0.0082005370,19560496.0000000000,20
1700,216,0.0081473610,19560496.0000000000,33
1700,217,0.0082038020,19560496.0000000000,22
1700,218,0.0081654000,19560496.0000000000,29
1700,219,0.0081696880,19560496.0000000000,13
1700,220,0.0081442790,19560496.0000000000,29
1700,221,0.0081461640,19560496.0000000000,11
1700,222,0.0070860830,17158704.0000000000,28
1700,223,0.0071036570,17158704.0000000000,5
1700,224,0.0071550330,17158704.0000000000,12
1700,225,0.0081895450,19560496.0000000000,16
1700,226,0.0081767060,19560496.0000000000,35
1700,227,0.0081452330,19560496.0000000000,14
1700,228,0.0081788480,19560496.0000000000,8
1700,229,0.0081933920,19560496.0000000000,18
1700,230,0.0081697490,19560496.0000000000,13
1700,231,0.0081574050,19560496.0000000000,2
1700,232,0.0081855170,19560496.0000000000,28
1700,233,0.0081681560,19560496.0000000000,1
1700,234,0.0081966490,19560496.0000000000,28
1700,235,0.0081534500,19560496.0000000000,39
1700,236,0.0081917290,19560496.0000000000,23
1700,237,0.0070391110,17158704.0000000000,4
1700,238,0.0070787690,17158704.0000000000,31
1700,239,0.0070361980,17158704.0000000000,23
1700,240,0.0082024400,19560496.0000000000,23
1700,241,0.0081514830,19560496.0000000000,2
1700,242,0.0081652030,19560496.0000000000,39
1700,243,0.0081615820,19560496.0000000000,30
1700,244,0.0081521740,19560496.0000000000,18
1700,245,0.0081675030,19560496.0000000000,0
1700,246,0.0081672890,19560496.0000000000,4
1700,247,0.0081785270,19560496.0000000000,8
1700,248,0.0081727930,19560496.0000000000,1
1700,249,0.0081486600,19560496.0000000000,27
1700,250,0.0081625000,19560496.0000000000,5
1700,251,0.0081785480,19560496.0000000000,10
1700,252,0.0071167690,17158704.0000000000,34
1700,253,0.0071447980,17158704.0000000000,26
1700,254,0.0070664610,17158704.0000000000,35
1700,255,0.0081600460,19560496.0000000000,4
1700,256,0.0081637090,19560496.0000000000,36
1700,257,0.0081372140,19560496.0000000000,3
1700,258,0.0081741580,19560496.0000000000,26
1700,259,0.0081852460,19560496.0000000000,23
1700,260,0.0081366460,19560496.0000000000,27
1700,261,0.0081423990,19560496.0000000000,36
1700,262,0.0081443530,19560496.0000000000,37
1700,263,0.0081401340,19560496.0000000000,11
1700,264,0.0081909980,19560496.0000000000,16
1700,265,0.0081922190,19560496.0000000000,21
1700,266,0.0081761140,19560496.0000000000,38
1700,267,0.0070542160,17158704.0000000000,35
1700,268,0.0071643260,17158704.0000000000,20
1700,269,0.0069955480,17158704.0000000000,30
1700,270,0.0081620060,19560496.0000000000,24
1700,271,0.0081493390,19560496.0000000000,0
1700,272,0.0081965430,19560496.0000000000,10
1700,273,0.0081570690,19560496.0000000000,39
1700,274,0.0081728110,19560496.0000000000,7
1700,275,0.0081611220,19560496.0000000000,29
1700,276,0.0081472160,19560496.0000000000,24
1700,277,0.0081881440,19560496.0000000000,12
1700,278,0.0081583310,19560496.0000000000,39
1700,279,0.0081569660,19560496.0000000000,14
1700,280,0.0081754580,19560496.0000000000,21
1700,281,0.0081606020,19560496.0000000000,24
1700,282,0.0070116410,17158704.0000000000,7
1700,283,0.0071244010,17158704.0000000000,13
1700,284,0.0071867520,17158704.0000000000,15
1700,285,0.0081678240,19560496.0000000000,18
1700,286,0.0081758390,19560496.0000000000,2
1700,287,0.0081584170,19560496.0000000000,25
1700,288,0.0081805250,19560496.0000000000,38
1700,289,0.0081637140,19560496.0000000000,29
1700,290,0.0081524820,19560496.0000000000,34
1700,291,0.0082067400,19560496.0000000000,17
1700,292,0.0081784240,19560496.0000000000,1
1700,293,0.0081739960,19560496.0000000000,19
1700,294,0.0081497820,19560496.0000000000,14
1700,295,0.0081724390,19560496.0000000000,35
1700,296,0.0081554700,19560496.0000000000,19
1700,297,0.0071254620,17158704.0000000000,11
1700,298,0.0070802870,17158704.0000000000,32
1700,299,0.0070085890,17158704.0000000000,14
1700,300,0.0081743500,19560496.0000000000,10
1700,301,0.0081732750,19560496.0000000000,1
1700,302,0.0081692500,19560496.0000000000,8
1700,303,0.0081863470,19560496.0000000000,20
1700,304,0.0081383230,19560496.0000000000,39
1700,305,0.0081763440,19560496.0000000000,9
1700,306,0.0081857680,19560496.0000000000,20
1700,307,0.0082134140,19560496.0000000000,17
1700,308,0.0081428080,19560496.0000000000,26
1700,309,0.0081337540,19560496.0000000000,7
1700,310,0.0081575180,19560496.0000000000,37
1700,311,0.0081881920,19560496.0000000000,22
1700,312,0.0070688330,17158704.0000000000,25
1700,313,0.0071057010,17158704.0000000000,37
1700,314,0.0070984290,17158704.0000000000,20
1700,315,0.0081978030,19560496.0000000000,12
1700,316,0.0082050760,19560496.0000000000,17
1700,317,0.0081774810,19560496.0000000000,31
1700,318,0.0081410370,19560496.0000000000,6
1700,319,0.0081665890,19560496.0000000000,34
1700,320,0.0081171170,19560496.0000000000,14
1700,321,0.0081697750,19560496.0000000000,32
1700,322,0.0081665660,19560496.0000000000,9
1700,323,0.0081786490,19560496.0000000000,38
1700,324,0.0081620640,19560496.0000000000,9
1700,325,0.0081549460,19560496.0000000000,33
1700,326,0.0081413760,19560496.0000000000,11
1700,327,0.0069366190,17158704.0000000000,33
1700,328,0.0070445870,17158704.0000000000,18
1700,329,0.0070216150,17158704.0000000000,18
1700,330,0.0081319560,19560496.0000000000,0
1700,331,0.0081894850,19560496.0000000000,16
1700,332,0.0082058490,19560496.0000000000,15
1700,333,0.0082123960,19560496.0000000000,20
1700,334,0.0081695970,19560496.0000000000,0
1700,335,0.0082120690,19560496.0000000000,17
1700,336,0.0081833330,19560496.0000000000,31
1700,337,0.0081808860,19560496.0000000000,6
1700,338,0.0081625050,19560496.0000000000,19
1700,339,0.0081868830,19560496.0000000000,12
1700,340,0.0081584740,19560496.0000000000,3
1700,341,0.0081910480,19560496.0000000000,28
1700,342,0.0070604560,17158704.0000000000,22
1700,343,0.0071713190,17158704.0000000000,10
1700,344,0.0070419700,17158704.0000000000,1
1700,345,0.0081703130,19560496.0000000000,4
1700,346,0.0081633940,19560496.0000000000,3
1700,347,0.0081815290,19560496.0000000000,22
1700,348,0.0081703800,19560496.0000000000,26
1700,349,0.0081693890,19560496.0000000000,13
1700,350,0.0081923100,19560496.0000000000,23
1700,351,0.0081374580,19560496.0000000000,26
1700,352,0.0081780750,19560496.0000000000,19
1700,353,0.0082168290,19560496.0000000000,20
1700,354,0.0081388990,19560496.0000000000,0
1700,355,0.0081468080,19560496.0000000000,39
1700,356,0.0081329630,19560496.0000000000,7
1700,357,0.0070956640,17158704.0000000000,21
1700,358,0.0069777870,17158704.0000000000,8
1700,359,0.0069581610,17158704.0000000000,33
1700,360,0.0081803510,19560496.0000000000,9
1700,361,0.0081755840,19560496.0000000000,38
1700,362,0.0081665500,19560496.0000000000,5
1700,363,0.0081844190,19560496.0000000000,12
1700,364,0.0081435690,19560496.0000000000,26
1700,365,0.0081547470,19560496.0000000000,0
1700,366,0.0081756750,19560496.0000000000,35
1700,367,0.0081567480,19560496.0000000000,7
1700,368,0.0081783220,19560496.0000000000,18
1700,369,0.0081617030,19560496.0000000000,31
1700,370,0.0081579900,19560496.0000000000,8
1700,371,0.0082077730,19560496.0000000000,15
1700,372,0.0071225540,17158704.0000000000,3
1700,373,0.0069470420,17158704.0000000000,19
1700,374,0.0071179480,17158704.0000000000,25
1700,375,0.0081645610,19560496.0000000000,9
1700,376,0.0081882290,19560496.0000000000,38
1700,377,0.0081645190,19560496.0000000000,9
1700,378,0.0081967670,19560496.0000000000,23
1700,379,0.0081628060,19560496.0000000000,24
1700,380,0.0081621680,19560496.0000000000,36
1700,381,0.0081469210,19560496.0000000000,34
1700,382,0.0081449480,19560496.0000000000,0
1700,383,0.0081651980,19560496.0000000000,18
1700,384,0.0081429150,19560496.0000000000,29
1700,385,0.0081464250,19560496.0000000000,24
1700,386,0.0081460450,19560496.0000000000,37
1700,387,0.0070965690,17158704.0000000000,12
1700,388,0.0071404190,17158704.0000000000,28
1700,389,0.0070891500,17158704.0000000000,22
1700,390,0.0081666290,19560496.0000000000,35
1700,391,0.0081504140,19560496.0000000000,11
1700,392,0.0081529730,19560496.0000000000,3
1700,393,0.0081554280,19560496.0000000000,35
1700,394,0.0081588780,19560496.0000000000,8
1700,395,0.0081552550,19560496.0000000000,39
1700,396,0.0081590270,19560496.0000000000,1
1700,397,0.0081393850,19560496.0000000000,37
1700,398,0.0081531960,19560496.0000000000,2
1700,399,0.0081944940,19560496.0000000000,23
1700,400,0.0081856260,19560496.0000000000,21
1700,401,0.0081801460,19560496.0000000000,1
1700,402,0.0069821220,17158704.0000000000,39
1700,403,0.0069914130,17158704.0000000000,24
1700,404,0.0069469930,17158704.0000000000,29
1700,405,0.0081845700,19560496.0000000000,10
1700,406,0.0082175890,19560496.0000000000,21
1700,407,0.0082004750,19560496.0000000000,17
1700,408,0.0081362980,19560496.0000000000,11
1700,409,0.0081275820,19560496.0000000000,7
1700,410,0.0081933160,19560496.0000000000,16
1700,411,0.0081595240,19560496.0000000000,32
1700,412,0.0081865590,19560496.0000000000,1
1700,413,0.0081911680,19560496.0000000000,23
1700,414,0.0081673350,19560496.0000000000,24
1700,415,0.0081577710,19560496.0000000000,35
1700,416,0.0081793440,19560496.0000000000,22
1700,417,0.0071479240,17158704.0000000000,10
1700,418,0.0070939170,17158704.0000000000,36
1700,419,0.0069863520,17158704.0000000000,27
1700,420,0.0061992780,14756912.0000000000,14
1700,421,0.0061895980,14756912.0000000000,9
1700,422,0.0061726710,14756912.0000000000,6
1700,423,0.0061876880,14756912.0000000000,13
1700,424,0.0062254250,14756912.0000000000,16
1700,425,0.0061910620,14756912.0000000000,15
1700,426,0.0061955040,14756912.0000000000,0
1700,427,0.0061759660,14756912.0000000000,7
1700,428,0.0061636850,14756912.0000000000,5
1700,429,0.0061927060,14756912.0000000000,8
1700,430,0.0062145140,14756912.0000000000,4
1700,431,0.0061817850,14756912.0000000000,11
1700,432,0.0056942860,12944944.0000000000,1
1700,433,0.0057190730,12944944.0000000000,3
1700,434,0.0056772030,12944944.0000000000,2
1750,0,2.0045351226,83440688.0000000000,32
1750,1,2.0765539910,84278208.0000000000,33
1750,2,2.0868546338,84192032.0000000000,36
1750,3,1.9505565844,79364576.0000000000,6
1750,4,1.5014099166,67008352.0000000000,13
1750,5,1.2287598483,59124736.0000000000,31
1750,6,1.2249939455,58942224.0000000000,11
1750,7,1.2268145969,58937440.0000000000,4
1750,8,1.2315812703,58958256.0000000000,12
1750,9,1.3759095697,64784016.0000000000,37
1750,10,2.2482764044,88262784.0000000000,25
1750,11,2.6413169479,100770400.0000000000,28
1750,12,2.5819091568,95661184.0000000000,2
1750,13,2.3884473609,90338112.0000000000,27
1750,14,2.1712872906,85396576.0000000000,15
1750,15,3.6282959440,146772400.0000000000,37
1750,16,3.6873882431,146527232.0000000000,12
1750,17,3.5870705863,142633184.0000000000,19
1750,18,3.0306169128,125804016.0000000000,39
1750,19,2.4847298554,110378624.0000000000,38
1750,20,2.2523847803,104698704.0000000000,9
1750,21,2.1867291708,102776288.0000000000,30
1750,22,2.1499940512,101578768.0000000000,5
1750,23,2.1726289961,101859792.0000000000,3
1750,24,2.4408475669,109979088.0000000000,1
1750,25,3.6412401970,143635360.0000000000,34
1750,26,4.6351338288,172753936.0000000000,8
1750,27,4.0314253108,151430240.0000000000,38
1750,28,3.6794276090,141777408.0000000000,17
1750,29,3.4336877650,135991600.0000000000,7
1750,30,3.8046349976,156900896.0000000000,11
1750,31,3.8937370237,158514368.0000000000,4
1750,32,4.0184678646,162014816.0000000000,0
1750,33,4.5014876831,174800400.0000000000,26
1750,34,5.1023417086,190446800.0000000000,29
1750,35,5.5215043967,201090528.0000000000,9
1750,36,5.5690086994,203415504.0000000000,2
1750,37,5.5329794711,204085248.0000000000,3
1750,38,5.5803766949,202732208.0000000000,28
1750,39,5.4305719168,198262064.0000000000,1
1750,40,4.4371527145,171351920.0000000000,18
1750,41,3.7089707209,151722432.0000000000,31
1750,42,3.1693579397,130756624.0000000000,18
1750,43,3.1627719051,131067248.0000000000,29
1750,44,3.1807008976,131719968.0000000000,8
1750,45,3.6671675997,153694032.0000000000,16
1750,46,3.6618937198,153779584.0000000000,11
1750,47,3.6640993190,153780944.0000000000,32
1750,48,3.6668578814,153779264.0000000000,14
1750,49,3.6653825652,153774864.0000000000,1
1750,50,3.6641519690,153778928.0000000000,34
1750,51,3.6665901219,153781360.0000000000,13
1750,52,3.6637686743,153777760.0000000000,30
1750,53,3.6678482387,153777648.0000000000,17
1750,54,3.6664235170,153778224.0000000000,2
1750,55,3.6646143892,153780128.0000000000,35
1750,56,3.6642233693,153774960.0000000000,27
1750,57,3.2419475357,134602656.0000000000,4
1750,58,3.2418587198,134596864.0000000000,32
1750,59,3.2397516013,134515664.0000000000,0
1750,60,3.6624746658,153699152.0000000000,30
1750,61,3.6626255240,153778992.0000000000,7
1750,62,3.6651564741,153779104.0000000000,19
1750,63,3.6630858181,153781488.0000000000,8
1750,64,3.6696122158,153779456.0000000000,22
1750,65,3.6640460508,153782368.0000000000,38
1750,66,3.6652834250,153777488.0000000000,10
1750,67,3.6685000172,153779520.0000000000,22
1750,68,3.6664601826,153778096.0000000000,13
1750,69,3.6654462148,153778880.0000000000,6
1750,70,3.6688463655,153778336.0000000000,21
1750,71,3.6668180799,153783440.0000000000,21
1750,72,3.2419162284,134598448.0000000000,25
1750,73,3.2443504391,134596416.0000000000,15
1750,74,3.2361849825,134520544.0000000000,11
1750,75,3.6614694241,153695824.0000000000,31
1750,76,3.6672894298,153774688.0000000000,17
1750,77,3.6664831245,153780304.0000000000,12
1750,78,3.6646076976,153776880.0000000000,36
1750,79,3.6625054379,153781600.0000000000,37
1750,80,3.6687951501,153776656.0000000000,23
1750,81,3.6643099425,153782352.0000000000,32
1750,82,3.6646538145,153778448.0000000000,27
1750,83,3.6632192918,153780960.0000000000,25
1750,84,3.6654247727,153774928.0000000000,6
1750,85,3.6649354358,153777392.0000000000,26
1750,86,3.6621333170,153779120.0000000000,7
1750,87,3.2374681141,134603712.0000000000,31
1750,88,3.2402027007,134598896.0000000000,37
1750,89,3.2336089796,134513312.0000000000,33
1750,90,3.6589223339,153695344.0000000000,29
1750,91,3.6623641296,153778416.0000000000,5
1750,92,3.6612136517,153777568.0000000000,33
1750,93,3.6676508500,153779184.0000000000,23
1750,94,3.6639967211,153777168.0000000000,9
1750,95,3.6626577596,153775136.0000000000,3
1750,96,3.6628713464,153781136.0000000000,0
1750,97,3.6634504925,153778608.0000000000,35
1750,98,3.6653176929,153778992.0000000000,24
1750,99,3.6654944890,153781888.0000000000,4
1750,100,3.6649306108,153777712.0000000000,28
1750,101,3.6640408990,153780160.0000000000,24
1750,102,3.2359691883,134602128.0000000000,27
1750,103,3.2380600036,134600768.0000000000,30
1750,104,3.2439484598,134514384.0000000000,12
1750,105,3.6609825329,153411808.0000000000,18
1750,106,3.6712939761,153772336.0000000000,16
1750,107,3.6688344959,153782032.0000000000,14
1750,108,3.6716234738,153776144.0000000000,20
1750,109,3.6673965454,153773552.0000000000,19
1750,110,3.6710689091,153770176.0000000000,22
1750,111,3.6691988069,153784032.0000000000,14
1750,112,3.6677276408,153796144.0000000000,36
1750,113,3.6720176722,153770320.0000000000,16
1750,114,3.6658907681,153770016.0000000000,25
1750,115,3.6647291491,153779920.0000000000,33
1750,116,3.6699634144,153776160.0000000000,20
1750,117,3.2396633989,134609840.0000000000,5
1750,118,3.2434003116,134603088.0000000000,36
1750,119,3.2145368925,134223888.0000000000,34
1750,120,3.6584785496,153213056.0000000000,10
1750,121,3.6651185094,153789648.0000000000,39
1750,122,3.6698879378,153756384.0000000000,15
1750,123,3.6693594524,153781376.0000000000,21
1750,124,3.6640652313,153785840.0000000000,39
1750,125,3.6667378120,153789776.0000000000,24
1750,126,3.6685628342,153756048.0000000000,20
1750,127,3.6652015838,153777296.0000000000,5
1750,128,3.6659209902,153772640.0000000000,35
1750,129,3.6711830351,153790512.0000000000,15
1750,130,3.6657491139,153768816.0000000000,10
1750,131,3.6702371572,153790064.0000000000,23
1750,132,3.2437262630,134604192.0000000000,6
1750,133,3.2477692000,134581632.0000000000,13
1750,134,3.2122008033,134035648.0000000000,26
1750,135,0.6496537073,33521920.0000000000,16
1750,136,0.6490048151,33596416.0000000000,34
1750,137,0.6490588099,33604688.0000000000,39
1750,138,0.6498183840,33575232.0000000000,26
1750,139,0.6499577758,33589360.0000000000,18
1750,140,0.6485971772,33581632.0000000000,7
1750,141,0.6486192320,33596992.0000000000,19
1750,142,0.6505735210,33589456.0000000000,10
1750,143,0.6494184443,33587696.0000000000,38
1750,144,0.6501945687,33577616.0000000000,17
1750,145,0.6490237712,33583856.0000000000,14
1750,146,0.6488305069,33588368.0000000000,0
1750,147,0.6069302053,29442752.0000000000,21
1750,148,0.6080283780,29428800.0000000000,20
1750,149,0.6049851546,29372864.0000000000,22
1750,150,0.2675606690,19560496.0000000000,21
1750,151,0.2666613546,19560496.0000000000,32
1750,152,0.2669977431,19560496.0000000000,31
1750,153,0.2672704672,19560496.0000000000,38
1750,154,0.2678954584,19560496.0000000000,23
1750,155,0.2676735009,19560496.0000000000,28
1750,156,0.2659828608,19560496.0000000000,7
1750,157,0.2673846752,19560496.0000000000,12
1750,158,0.2665927931,19560496.0000000000,2
1750,159,0.2671424943,19560496.0000000000,8
1750,160,0.2671079116,19560496.0000000000,10
1750,161,0.2665458047,19560496.0000000000,2
1750,162,0.2304867198,17158704.0000000000,2
1750,163,0.2324497902,17158704.0000000000,17
1750,164,0.2289889437,17158704.0000000000,29
1750,165,0.2663001552,19560496.0000000000,29
1750,166,0.2663827834,19560496.0000000000,34
1750,167,0.2676095741,19560496.0000000000,21
1750,168,0.2663429344,19560496.0000000000,19
1750,169,0.2668465357,19560496.0000000000,35
1750,170,0.2669365310,19560496.0000000000,9
1750,171,0.2668673114,19560496.0000000000,31
1750,172,0.2671895743,19560496.0000000000,22
1750,173,0.2679527013,19560496.0000000000,17
1750,174,0.2675565240,19560496.0000000000,16
1750,175,0.2676144665,19560496.0000000000,23
1750,176,0.2663984686,19560496.0000000000,26
1750,177,0.2300797226,17158704.0000000000,19
1750,178,0.2311077635,17158704.0000000000,6
1750,179,0.2329531471,17158704.0000000000,9
1750,180,0.2669725799,19560496.0000000000,6
1750,181,0.2659987216,19560496.0000000000,7
1750,182,0.2670625015,19560496.0000000000,38
1750,183,0.2672898270,19560496.0000000000,10
1750,184,0.2666944500,19560496.0000000000,14
1750,185,0.2667948653,19560496.0000000000,3
1750,186,0.2667895863,19560496.0000000000,2
1750,187,0.2666571803,19560496.0000000000,3
1750,188,0.2677464111,19560496.0000000000,20
1750,189,0.2673106576,19560496.0000000000,22
1750,190,0.2665813851,19560496.0000000000,24
1750,191,0.2673759070,19560496.0000000000,28
1750,192,0.2326701248,17158704.0000000000,17
1750,193,0.2322514209,17158704.0000000000,38
1750,194,0.2312649950,17158704.0000000000,30
1750,195,0.2664247370,19560496.0000000000,24
1750,196,0.2666650468,19560496.0000000000,34
1750,197,0.2669399248,19560496.0000000000,8
1750,198,0.2664610764,19560496.0000000000,24
1750,199,0.2665900419,19560496.0000000000,26
1750,200,0.2664788433,19560496.0000000000,34
1750,201,0.2678080919,19560496.0000000000,16
1750,202,0.2665536986,19560496.0000000000,14
1750,203,0.2667624745,19560496.0000000000,35
1750,204,0.2667282579,19560496.0000000000,4
1750,205,0.2670610042,19560496.0000000000,4
1750,206,0.2662655346,19560496.0000000000,34
1750,207,0.2302427571,17158704.0000000000,0
1750,208,0.2327456370,17158704.0000000000,21
1750,209,0.2308852945,17158704.0000000000,16
1750,210,0.2668586319,19560496.0000000000,18
1750,211,0.2663261863,19560496.0000000000,29
1750,212,0.2668269834,19560496.0000000000,3
1750,213,0.2665128626,19560496.0000000000,19
1750,214,0.2673973409,19560496.0000000000,28
1750,215,0.2678875108,19560496.0000000000,20
1750,216,0.2659623522,19560496.0000000000,33
1750,217,0.2672651351,19560496.0000000000,22
1750,218,0.2663468472,19560496.0000000000,29
1750,219,0.2667008245,19560496.0000000000,13
1750,220,0.2662664329,19560496.0000000000,29
1750,221,0.2660084444,19560496.0000000000,11
1750,222,0.2323437570,17158704.0000000000,28
1750,223,0.2304909161,17158704.0000000000,5
1750,224,0.2331415140,17158704.0000000000,12
1750,225,0.2676847645,19560496.0000000000,16
1750,226,0.2668151751,19560496.0000000000,35
1750,227,0.2664693829,19560496.0000000000,14
1750,228,0.2671893131,19560496.0000000000,8
1750,229,0.2668151314,19560496.0000000000,18
1750,230,0.2669882132,19560496.0000000000,13
1750,231,0.2666078211,19560496.0000000000,2
1750,232,0.2673836014,19560496.0000000000,28
1750,233,0.2667913105,19560496.0000000000,1
1750,234,0.2672910896,19560496.0000000000,28
1750,235,0.2663420516,19560496.0000000000,39
1750,236,0.2676960744,19560496.0000000000,23
1750,237,0.2307642308,17158704.0000000000,4
1750,238,0.2303133498,17158704.0000000000,31
1750,239,0.2305530593,17158704.0000000000,23
1750,240,0.2677282699,19560496.0000000000,23
1750,241,0.2666487657,19560496.0000000000,2
1750,242,0.2663952825,19560496.0000000000,39
1750,243,0.2672405372,19560496.0000000000,30
1750,244,0.2668255981,19560496.0000000000,18
1750,245,0.2662085849,19560496.0000000000,0
1750,246,0.2667724713,19560496.0000000000,4
1750,247,0.2668826399,19560496.0000000000,8
1750,248,0.2668476091,19560496.0000000000,1
1750,249,0.2665443580,19560496.0000000000,27
1750,250,0.2667529610,19560496.0000000000,5
1750,251,0.2671790420,19560496.0000000000,10
1750,252,0.2316339565,17158704.0000000000,34
1750,253,0.2324903359,17158704.0000000000,26
1750,254,0.2307435980,17158704.0000000000,35
1750,255,0.2666553692,19560496.0000000000,4
1750,256,0.2664539106,19560496.0000000000,36
1750,257,0.2667537429,19560496.0000000000,3
1750,258,0.2665285301,19560496.0000000000,26
1750,259,0.2675281480,19560496.0000000000,23
1750,260,0.2663712705,19560496.0000000000,27
1750,261,0.2664799933,19560496.0000000000,36
1750,262,0.2663462712,19560496.0000000000,37
1750,263,0.2658795016,19560496.0000000000,11
1750,264,0.2677369430,19560496.0000000000,16
1750,265,0.2676477835,19560496.0000000000,21
1750,266,0.2669544710,19560496.0000000000,38
1750,267,0.2307391656,17158704.0000000000,35
1750,268,0.2324177466,17158704.0000000000,20
1750,269,0.2313114038,17158704.0000000000,30
1750,270,0.2665207691,19560496.0000000000,24
1750,271,0.2661480057,19560496.0000000000,0
1750,272,0.2673419512,19560496.0000000000,10
1750,273,0.2663516839,19560496.0000000000,39
1750,274,0.2659842975,19560496.0000000000,7
1750,275,0.2661992741,19560496.0000000000,29
1750,276,0.2666564338,19560496.0000000000,24
1750,277,0.2675270782,19560496.0000000000,12
1750,278,0.2663937561,19560496.0000000000,39
1750,279,0.2664360826,19560496.0000000000,14
1750,280,0.2676394248,19560496.0000000000,21
1750,281,0.2665502975,19560496.0000000000,24
1750,282,0.2279903046,17158704.0000000000,7
1750,283,0.2325672935,17158704.0000000000,13
1750,284,0.2328376312,17158704.0000000000,15
1750,285,0.2668356847,19560496.0000000000,18
1750,286,0.2667488357,19560496.0000000000,2
1750,287,0.2664747089,19560496.0000000000,25
1750,288,0.2672347630,19560496.0000000000,38
1750,289,0.2662936351,19560496.0000000000,29
1750,290,0.2666912787,19560496.0000000000,34
1750,291,0.2679048891,19560496.0000000000,17
1750,292,0.2668577946,19560496.0000000000,1
1750,293,0.2663906519,19560496.0000000000,19
1750,294,0.2663486423,19560496.0000000000,14
1750,295,0.2667585076,19560496.0000000000,35
1750,296,0.2664120215,19560496.0000000000,19
1750,297,0.2307578016,17158704.0000000000,11
1750,298,0.2315776436,17158704.0000000000,32
1750,299,0.2293320588,17158704.0000000000,14
1750,300,0.2671408387,19560496.0000000000,10
1750,301,0.2667929052,19560496.0000000000,1
1750,302,0.2667711474,19560496.0000000000,8
1750,303,0.2677188169,19560496.0000000000,20
1750,304,0.2662162306,19560496.0000000000,39
1750,305,0.2669877412,19560496.0000000000,9
1750,306,0.2678091571,19560496.0000000000,20
1750,307,0.2679553941,19560496.0000000000,17
1750,308,0.2664744968,19560496.0000000000,26
1750,309,0.2659272254,19560496.0000000000,7
1750,310,0.2664667194,19560496.0000000000,37
1750,311,0.2673295671,19560496.0000000000,22
1750,312,0.2314749622,17158704.0000000000,25
1750,313,0.2315955207,17158704.0000000000,37
1750,314,0.2334194497,17158704.0000000000,20
1750,315,0.2674017788,19560496.0000000000,12
1750,316,0.2679007104,19560496.0000000000,17
1750,317,0.2669988434,19560496.0000000000,31
1750,318,0.2668264931,19560496.0000000000,6
1750,319,0.2664048177,19560496.0000000000,34
1750,320,0.2664526313,19560496.0000000000,14
1750,321,0.2666991825,19560496.0000000000,32
1750,322,0.2668557138,19560496.0000000000,9
1750,323,0.2671168576,19560496.0000000000,38
1750,324,0.2667663852,19560496.0000000000,9
1750,325,0.2660957862,19560496.0000000000,33
1750,326,0.2659776209,19560496.0000000000,11
1750,327,0.2277388487,17158704.0000000000,33
1750,328,0.2296134447,17158704.0000000000,18
1750,329,0.2293188809,17158704.0000000000,18
1750,330,0.2662513554,19560496.0000000000,0
1750,331,0.2676657400,19560496.0000000000,16
1750,332,0.2679979927,19560496.0000000000,15
1750,333,0.2678419195,19560496.0000000000,20
1750,334,0.2661104686,19560496.0000000000,0
1750,335,0.2680766502,19560496.0000000000,17
1750,336,0.2669533852,19560496.0000000000,31
1750,337,0.2667484745,19560496.0000000000,6
1750,338,0.2664027061,19560496.0000000000,19
1750,339,0.2671839389,19560496.0000000000,12
1750,340,0.2665458118,19560496.0000000000,3
1750,341,0.2671498656,19560496.0000000000,28
1750,342,0.2308440882,17158704.0000000000,22
1750,343,0.2329705358,17158704.0000000000,10
1750,344,0.2302556471,17158704.0000000000,1
1750,345,0.2667581315,19560496.0000000000,4
1750,346,0.2667615132,19560496.0000000000,3
1750,347,0.2672227145,19560496.0000000000,22
1750,348,0.2665969751,19560496.0000000000,26
1750,349,0.2668202912,19560496.0000000000,13
1750,350,0.2676776296,19560496.0000000000,23
1750,351,0.2667284847,19560496.0000000000,26
1750,352,0.2664534560,19560496.0000000000,19
1750,353,0.2678340200,19560496.0000000000,20
1750,354,0.2662765305,19560496.0000000000,0
1750,355,0.2662270848,19560496.0000000000,39
1750,356,0.2659049947,19560496.0000000000,7
1750,357,0.2326635039,17158704.0000000000,21
1750,358,0.2306661080,17158704.0000000000,8
1750,359,0.2279328377,17158704.0000000000,33
1750,360,0.2667659211,19560496.0000000000,9
1750,361,0.2669507555,19560496.0000000000,38
1750,362,0.2668283075,19560496.0000000000,5
1750,363,0.2677178361,19560496.0000000000,12
1750,364,0.2665422300,19560496.0000000000,26
1750,365,0.2662337590,19560496.0000000000,0
1750,366,0.2668102312,19560496.0000000000,35
1750,367,0.2658500826,19560496.0000000000,7
1750,368,0.2668912594,19560496.0000000000,18
1750,369,0.2669905414,19560496.0000000000,31
1750,370,0.2669595087,19560496.0000000000,8
1750,371,0.2681044200,19560496.0000000000,15
1750,372,0.2330321103,17158704.0000000000,3
1750,373,0.2288630819,17158704.0000000000,19
1750,374,0.2312893044,17158704.0000000000,25
1750,375,0.2668224970,19560496.0000000000,9
1750,376,0.2672168277,19560496.0000000000,38
1750,377,0.2666663348,19560496.0000000000,9
1750,378,0.2676335157,19560496.0000000000,23
1750,379,0.2665070476,19560496.0000000000,24
1750,380,0.2665363606,19560496.0000000000,36
1750,381,0.2664826049,19560496.0000000000,34
1750,382,0.2661617572,19560496.0000000000,0
1750,383,0.2669151558,19560496.0000000000,18
1750,384,0.2662665028,19560496.0000000000,29
1750,385,0.2664829922,19560496.0000000000,24
1750,386,0.2663490920,19560496.0000000000,37
1750,387,0.2332409148,17158704.0000000000,12
1750,388,0.2324437145,17158704.0000000000,28
1750,389,0.2311492701,17158704.0000000000,22
1750,390,0.2666589988,19560496.0000000000,35
1750,391,0.2659508468,19560496.0000000000,11
1750,392,0.2667895862,19560496.0000000000,3
1750,393,0.2667748057,19560496.0000000000,35
1750,394,0.2668339867,19560496.0000000000,8
1750,395,0.2662568034,19560496.0000000000,39
1750,396,0.2669008466,19560496.0000000000,1
1750,397,0.2661657192,19560496.0000000000,37
1750,398,0.2666229251,19560496.0000000000,2
1750,399,0.2676473918,19560496.0000000000,23
1750,400,0.2676857929,19560496.0000000000,21
1750,401,0.2667272303,19560496.0000000000,1
1750,402,0.2311878274,17158704.0000000000,39
1750,403,0.2288513761,17158704.0000000000,24
1750,404,0.2288174476,17158704.0000000000,29
1750,405,0.2671554048,19560496.0000000000,10
1750,406,0.2676379451,19560496.0000000000,21
1750,407,0.2679598305,19560496.0000000000,17
1750,408,0.2657903086,19560496.0000000000,11
1750,409,0.2659277643,19560496.0000000000,7
1750,410,0.2677172674,19560496.0000000000,16
1750,411,0.2665719307,19560496.0000000000,32
1750,412,0.2669062799,19560496.0000000000,1
1750,413,0.2675411597,19560496.0000000000,23
1750,414,0.2664105848,19560496.0000000000,24
1750,415,0.2667934589,19560496.0000000000,35
1750,416,0.2671982540,19560496.0000000000,22
1750,417,0.2331051609,17158704.0000000000,10
1750,418,0.2316256745,17158704.0000000000,36
1750,419,0.2282144045,17158704.0000000000,27
1750,420,0.2018785281,14756912.0000000000,14
1750,421,0.2018660892,14756912.0000000000,9
1750,422,0.2019760230,14756912.0000000000,6
1750,423,0.2022939344,14756912.0000000000,13
1750,424,0.2031135696,14756912.0000000000,16
1750,425,0.2027474522,14756912.0000000000,15
1750,426,0.2016289128,14756912.0000000000,0
1750,427,0.2013588313,14756912.0000000000,7
1750,428,0.2017663089,14756912.0000000000,5
1750,429,0.2024333645,14756912.0000000000,8
1750,430,0.2023394913,14756912.0000000000,4
1750,431,0.2013583014,14756912.0000000000,11
1750,432,0.1858638156,12944944.0000000000,1
1750,433,0.1865073626,12944944.0000000000,3
1750,434,0.1857263026,12944944.0000000000,2
1800,0,0.0620908680,83332560.0000000000,32
1800,1,0.0642773160,83964768.0000000000,33
1800,2,0.0651364770,84367536.0000000000,36
1800,3,0.0593136320,78912992.0000000000,6
1800,4,0.0416129350,63635888.0000000000,13
1800,5,0.0381259390,58961856.0000000000,31
1800,6,0.0379305810,58938800.0000000000,11
1800,7,0.0380076300,58936464.0000000000,4
1800,8,0.0381546540,58957840.0000000000,12
1800,9,0.0425292660,64307440.0000000000,37
1800,10,0.0677749730,86924896.0000000000,25
1800,11,0.0841413580,102239072.0000000000,28
1800,12,0.0805868570,96253328.0000000000,2
1800,13,0.0723347430,89976352.0000000000,27
1800,14,0.0668244810,85174128.0000000000,15
1800,15,0.1117322420,146378784.0000000000,37
1800,16,0.1123279440,145830960.0000000000,12
1800,17,0.1048526260,138856944.0000000000,19
1800,18,0.0906871560,123290112.0000000000,39
1800,19,0.0746916640,108917936.0000000000,38
1800,20,0.0710031050,104795136.0000000000,9
1800,21,0.0687747330,103009040.0000000000,30
1800,22,0.0676551490,102046592.0000000000,5
1800,23,0.0677024050,102610016.0000000000,3
1800,24,0.0777278950,111054048.0000000000,1
1800,25,0.1150748800,145498256.0000000000,34
1800,26,0.1443305070,173453376.0000000000,8
1800,27,0.1256648780,152205840.0000000000,38
1800,28,0.1144387540,142309856.0000000000,17
1800,29,0.1064301790,136296352.0000000000,7
1800,30,0.1185126590,157337808.0000000000,11
1800,31,0.1203656270,159202496.0000000000,4
1800,32,0.1282730970,166119840.0000000000,0
1800,33,0.1419675980,176828832.0000000000,26
1800,34,0.1598673160,191456368.0000000000,29
1800,35,0.1714935660,201174048.0000000000,9
1800,36,0.1724894480,202966384.0000000000,2
1800,37,0.1708662830,203310656.0000000000,3
1800,38,0.1722349940,201563248.0000000000,28
1800,39,0.1673229130,196680720.0000000000,1
1800,40,0.1356132530,169728816.0000000000,18
1800,41,0.1139278510,151514144.0000000000,31
1800,42,0.0973149420,130500928.0000000000,18
1800,43,0.0970083520,130756240.0000000000,29
1800,44,0.0981557940,131434784.0000000000,8
1800,45,0.1138677900,153695376.0000000000,16
1800,46,0.1137490080,153780544.0000000000,11
1800,47,0.1138564240,153776112.0000000000,32
1800,48,0.1139776750,153782784.0000000000,14
1800,49,0.1138914940,153777776.0000000000,1
1800,50,0.1137789030,153777936.0000000000,34
1800,51,0.1139052540,153778400.0000000000,13
1800,52,0.1138461430,153780128.0000000000,30
1800,53,0.1138996710,153777568.0000000000,17
1800,54,0.1139294380,153778864.0000000000,2
1800,55,0.1138345300,153783040.0000000000,35
1800,56,0.1138464150,153777840.0000000000,27
1800,57,0.1007400960,134600000.0000000000,4
1800,58,0.1007595190,134598240.0000000000,32
1800,59,0.1006488610,134518336.0000000000,0
1800,60,0.1137898130,153691232.0000000000,30
1800,61,0.1136407630,153777040.0000000000,7
1800,62,0.1139120670,153781472.0000000000,19
1800,63,0.1138133940,153778112.0000000000,8
1800,64,0.1139661270,153777840.0000000000,22
1800,65,0.1138068410,153779152.0000000000,38
1800,66,0.1139313030,153782416.0000000000,10
1800,67,0.1139208010,153777808.0000000000,22
1800,68,0.1138216500,153776224.0000000000,13
1800,69,0.1138213420,153779552.0000000000,6
1800,70,0.1139382450,153778288.0000000000,21
1800,71,0.1139556470,153777776.0000000000,21
1800,72,0.1006935140,134601360.0000000000,25
1800,73,0.1007989960,134598976.0000000000,15
1800,74,0.1005035940,134518272.0000000000,11
1800,75,0.1137904750,153698928.0000000000,31
1800,76,0.1139834110,153777648.0000000000,17
1800,77,0.1138710480,153780464.0000000000,12
1800,78,0.1138893230,153778080.0000000000,36
1800,79,0.1137588220,153781840.0000000000,37
1800,80,0.1141169090,153779712.0000000000,23
1800,81,0.1138615230,153777776.0000000000,32
1800,82,0.1137374140,153780736.0000000000,27
1800,83,0.1137938950,153778320.0000000000,25
1800,84,0.1137475290,153776112.0000000000,6
1800,85,0.1138365960,153778576.0000000000,26
1800,86,0.1136811430,153777312.0000000000,7
1800,87,0.1005547850,134600400.0000000000,31
1800,88,0.1005547130,134602256.0000000000,37
1800,89,0.1005203180,134512048.0000000000,33
1800,90,0.1136514260,153693584.0000000000,29
1800,91,0.1138311830,153777696.0000000000,5
1800,92,0.1137872980,153779168.0000000000,33
1800,93,0.1139693040,153780864.0000000000,23
1800,94,0.1138704840,153777440.0000000000,9
1800,95,0.1137565950,153773648.0000000000,3
1800,96,0.1138606640,153780688.0000000000,0
1800,97,0.1137576920,153775920.0000000000,35
1800,98,0.1138312580,153781024.0000000000,24
1800,99,0.1138489660,153779872.0000000000,4
1800,100,0.1138368640,153781344.0000000000,28
1800,101,0.1138427580,153779456.0000000000,24
1800,102,0.1005898330,134599232.0000000000,27
1800,103,0.1005845730,134597872.0000000000,30
1800,104,0.1008574870,134515936.0000000000,12
1800,105,0.1137205040,153398992.0000000000,18
1800,106,0.1139829800,153772240.0000000000,16
1800,107,0.1139851180,153782672.0000000000,14
1800,108,0.1140302620,153777520.0000000000,20
1800,109,0.1139298780,153771920.0000000000,19
1800,110,0.1140718430,153768400.0000000000,22
1800,111,0.1139065760,153782192.0000000000,14
1800,112,0.1138819480,153797456.0000000000,36
1800,113,0.1140203640,153769552.0000000000,16
1800,114,0.1138156970,153774592.0000000000,25
1800,115,0.1138284290,153774528.0000000000,33
1800,116,0.1140598780,153778880.0000000000,20
1800,117,0.1005894910,134606736.0000000000,5
1800,118,0.1007294130,134604992.0000000000,36
1800,119,0.0998836570,134214880.0000000000,34
1800,120,0.1137050840,153195584.0000000000,10
1800,121,0.1139666830,153789504.0000000000,39
1800,122,0.1139562900,153750960.0000000000,15
1800,123,0.1139822990,153778784.0000000000,21
1800,124,0.1138242770,153787792.0000000000,39
1800,125,0.1138700300,153789616.0000000000,24
1800,126,0.1139673310,153760640.0000000000,20
1800,127,0.1138907460,153774816.0000000000,5
1800,128,0.1139103960,153775600.0000000000,35
1800,129,0.1140429300,153786320.0000000000,15
1800,130,0.1137966010,153769456.0000000000,10
1800,131,0.1140428450,153790912.0000000000,23
1800,132,0.1006836460,134607216.0000000000,6
1800,133,0.1008973040,134581824.0000000000,13
1800,134,0.0998187140,134020848.0000000000,26
1800,135,0.0200874960,33521712.0000000000,16
1800,136,0.0201172100,33597408.0000000000,34
1800,137,0.0201630950,33608592.0000000000,39
1800,138,0.0201015300,33575984.0000000000,26
1800,139,0.0199636370,33588096.0000000000,18
1800,140,0.0199996180,33581328.0000000000,7
1800,141,0.0199954560,33595456.0000000000,19
1800,142,0.0201240850,33589024.0000000000,10
1800,143,0.0200449890,33587232.0000000000,38
1800,144,0.0201058010,33576320.0000000000,17
1800,145,0.0200289020,33584400.0000000000,14
1800,146,0.0200824420,33586832.0000000000,0
1800,147,0.0188737900,29441184.0000000000,21
1800,148,0.0187260270,29427968.0000000000,20
1800,149,0.0187596400,29369952.0000000000,22
1800,150,0.0081919680,19560496.0000000000,21
1800,151,0.0081642630,19560496.0000000000,32
1800,152,0.0081918310,19560496.0000000000,31
1800,153,0.0082017220,19560496.0000000000,38
1800,154,0.0082085080,19560496.0000000000,23
1800,155,0.0082053160,19560496.0000000000,28
1800,156,0.0081388550,19560496.0000000000,7
1800,157,0.0081792650,19560496.0000000000,12
1800,158,0.0081473420,19560496.0000000000,2
1800,159,0.0081677150,19560496.0000000000,8
1800,160,0.0081760610,19560496.0000000000,10
1800,161,0.0081683850,19560496.0000000000,2
1800,162,0.0070722890,17158704.0000000000,2
1800,163,0.0070571540,17158704.0000000000,17
1800,164,0.0070040040,17158704.0000000000,29
1800,165,0.0081506800,19560496.0000000000,29
1800,166,0.0081584600,19560496.0000000000,34
1800,167,0.0081941210,19560496.0000000000,21
1800,168,0.0081534950,19560496.0000000000,19
1800,169,0.0081711140,19560496.0000000000,35
1800,170,0.0081702500,19560496.0000000000,9
1800,171,0.0081787460,19560496.0000000000,31
1800,172,0.0081974270,19560496.0000000000,22
1800,173,0.0081965280,19560496.0000000000,17
1800,174,0.0082198150,19560496.0000000000,16
1800,175,0.0082082300,19560496.0000000000,23
1800,176,0.0081720850,19560496.0000000000,26
1800,177,0.0069957170,17158704.0000000000,19
1800,178,0.0070162580,17158704.0000000000,6
1800,179,0.0071260110,17158704.0000000000,9
1800,180,0.0081917770,19560496.0000000000,6
1800,181,0.0081706870,19560496.0000000000,7
1800,182,0.0081580470,19560496.0000000000,38
1800,183,0.0081756290,19560496.0000000000,10
1800,184,0.0081583160,19560496.0000000000,14
1800,185,0.0081687160,19560496.0000000000,3
1800,186,0.0081415330,19560496.0000000000,2
1800,187,0.0081533840,19560496.0000000000,3
1800,188,0.0081664580,19560496.0000000000,20
1800,189,0.0081597870,19560496.0000000000,22
1800,190,0.0081644900,19560496.0000000000,24
1800,191,0.0081997060,19560496.0000000000,28
1800,192,0.0070554110,17158704.0000000000,17
1800,193,0.0070668930,17158704.0000000000,38
1800,194,0.0070312470,17158704.0000000000,30
1800,195,0.0081456820,19560496.0000000000,24
1800,196,0.0081500330,19560496.0000000000,34
1800,197,0.0081835550,19560496.0000000000,8
1800,198,0.0081441490,19560496.0000000000,24
1800,199,0.0081765040,19560496.0000000000,26
1800,200,0.0081645830,19560496.0000000000,34
1800,201,0.0082054160,19560496.0000000000,16
1800,202,0.0081571140,19560496.0000000000,14
1800,203,0.0081645430,19560496.0000000000,35
1800,204,0.0081897030,19560496.0000000000,4
1800,205,0.0081698130,19560496.0000000000,4
1800,206,0.0081450850,19560496.0000000000,34
1800,207,0.0070522700,17158704.0000000000,0
1800,208,0.0071334550,17158704.0000000000,21
1800,209,0.0071797210,17158704.0000000000,16
1800,210,0.0081662400,19560496.0000000000,18
1800,211,0.0081549990,19560496.0000000000,29
1800,212,0.0081373140,19560496.0000000000,3
1800,213,0.0081542380,19560496.0000000000,19
1800,214,0.0081885140,19560496.0000000000,28
1800,215,0.0081961760,19560496.0000000000,20
1800,216,0.0081369690,19560496.0000000000,33
1800,217,0.0081468810,19560496.0000000000,22
1800,218,0.0081482560,19560496.0000000000,29
1800,219,0.0081808390,19560496.0000000000,13
1800,220,0.0081538260,19560496.0000000000,29
1800,221,0.0081375150,19560496.0000000000,11
1800,222,0.0070943790,17158704.0000000000,28
1800,223,0.0071025440,17158704.0000000000,5
1800,224,0.0070872910,17158704.0000000000,12
1800,225,0.0081904260,19560496.0000000000,16
1800,226,0.0081486090,19560496.0000000000,35
1800,227,0.0081352820,19560496.0000000000,14
1800,228,0.0081649880,19560496.0000000000,8
1800,229,0.0081657210,19560496.0000000000,18
1800,230,0.0081681060,19560496.0000000000,13
1800,231,0.0081646670,19560496.0000000000,2
1800,232,0.0081826920,19560496.0000000000,28
1800,233,0.0081658810,19560496.0000000000,1
1800,234,0.0081844250,19560496.0000000000,28
1800,235,0.0081570630,19560496.0000000000,39
1800,236,0.0081998700,19560496.0000000000,23
1800,237,0.0071023450,17158704.0000000000,4
1800,238,0.0069601190,17158704.0000000000,31
1800,239,0.0070534710,17158704.0000000000,23
1800,240,0.0082018270,19560496.0000000000,23
1800,241,0.0081669910,19560496.0000000000,2
1800,242,0.0081551910,19560496.0000000000,39
1800,243,0.0081721390,19560496.0000000000,30
1800,244,0.0081629530,19560496.0000000000,18
1800,245,0.0081396770,19560496.0000000000,0
1800,246,0.0081559260,19560496.0000000000,4
1800,247,0.0081848970,19560496.0000000000,8
1800,248,0.0081643360,19560496.0000000000,1
1800,249,0.0081562530,19560496.0000000000,27
1800,250,0.0081594450,19560496.0000000000,5
1800,251,0.0081924240,19560496.0000000000,10
1800,252,0.0071257120,17158704.0000000000,34
1800,253,0.0071129160,17158704.0000000000,26
1800,254,0.0071131380,17158704.0000000000,35
1800,255,0.0081837300,19560496.0000000000,4
1800,256,0.0081683670,19560496.0000000000,36
1800,257,0.0081404610,19560496.0000000000,3
1800,258,0.0081966210,19560496.0000000000,26
1800,259,0.0081715680,19560496.0000000000,23
1800,260,0.0081384790,19560496.0000000000,27
1800,261,0.0081567020,19560496.0000000000,36
1800,262,0.0081576170,19560496.0000000000,37
1800,263,0.0081407830,19560496.0000000000,11
1800,264,0.0082052050,19560496.0000000000,16
1800,265,0.0081895850,19560496.0000000000,21
1800,266,0.0081620950,19560496.0000000000,38
1800,267,0.0071217030,17158704.0000000000,35
1800,268,0.0070947200,17158704.0000000000,20
1800,269,0.0070829260,17158704.0000000000,30
1800,270,0.0081660830,19560496.0000000000,24
1800,271,0.0081524830,19560496.0000000000,0
1800,272,0.0081916410,19560496.0000000000,10
1800,273,0.0081522660,19560496.0000000000,39
1800,274,0.0081489040,19560496.0000000000,7
1800,275,0.0081633150,19560496.0000000000,29
1800,276,0.0081491300,19560496.0000000000,24
1800,277,0.0081916790,19560496.0000000000,12
1800,278,0.0081617950,19560496.0000000000,39
1800,279,0.0081534470,19560496.0000000000,14
1800,280,0.0081944630,19560496.0000000000,21
1800,281,0.0081545820,19560496.0000000000,24
1800,282,0.0070061440,17158704.0000000000,7
1800,283,0.0070703570,17158704.0000000000,13
1800,284,0.0071721430,17158704.0000000000,15
1800,285,0.0081629350,19560496.0000000000,18
1800,286,0.0081637550,19560496.0000000000,2
1800,287,0.0081627580,19560496.0000000000,25
1800,288,0.0081654720,19560496.0000000000,38
1800,289,0.0081553820,19560496.0000000000,29
1800,290,0.0081753530,19560496.0000000000,34
1800,291,0.0082078720,19560496.0000000000,17
1800,292,0.0081693170,19560496.0000000000,1
1800,293,0.0081622630,19560496.0000000000,19
1800,294,0.0081370150,19560496.0000000000,14
1800,295,0.0081567370,19560496.0000000000,35
1800,296,0.0081684440,19560496.0000000000,19
1800,297,0.0071374010,17158704.0000000000,11
1800,298,0.0070698030,17158704.0000000000,32
1800,299,0.0069508800,17158704.0000000000,14
1800,300,0.0081864620,19560496.0000000000,10
1800,301,0.0081749380,19560496.0000000000,1
1800,302,0.0081894770,19560496.0000000000,8
1800,303,0.0082105060,19560496.0000000000,20
1800,304,0.0081470660,19560496.0000000000,39
1800,305,0.0081763040,19560496.0000000000,9
1800,306,0.0081965070,19560496.0000000000,20
1800,307,0.0081823230,19560496.0000000000,17
1800,308,0.0081474670,19560496.0000000000,26
1800,309,0.0081437920,19560496.0000000000,7
1800,310,0.0081377670,19560496.0000000000,37
1800,311,0.0081664590,19560496.0000000000,22
1800,312,0.0070581610,17158704.0000000000,25
1800,313,0.0070958890,17158704.0000000000,37
1800,314,0.0071863970,17158704.0000000000,20
1800,315,0.0081853170,19560496.0000000000,12
1800,316,0.0082186340,19560496.0000000000,17
1800,317,0.0081722540,19560496.0000000000,31
1800,318,0.0081556070,19560496.0000000000,6
1800,319,0.0081626790,19560496.0000000000,34
1800,320,0.0081494190,19560496.0000000000,14
1800,321,0.0081451940,19560496.0000000000,32
1800,322,0.0081725630,19560496.0000000000,9
1800,323,0.0081649100,19560496.0000000000,38
1800,324,0.0081812800,19560496.0000000000,9
1800,325,0.0081353350,19560496.0000000000,33
1800,326,0.0081408430,19560496.0000000000,11
1800,327,0.0069749200,17158704.0000000000,33
1800,328,0.0069634640,17158704.0000000000,18
1800,329,0.0069797450,17158704.0000000000,18
1800,330,0.0081380760,19560496.0000000000,0
1800,331,0.0081868620,19560496.0000000000,16
1800,332,0.0081963200,19560496.0000000000,15
1800,333,0.0081940930,19560496.0000000000,20
1800,334,0.0081481650,19560496.0000000000,0
1800,335,0.0081898860,19560496.0000000000,17
1800,336,0.0081881940,19560496.0000000000,31
1800,337,0.0081686530,19560496.0000000000,6
1800,338,0.0081687560,19560496.0000000000,19
1800,339,0.0081994160,19560496.0000000000,12
1800,340,0.0081498880,19560496.0000000000,3
1800,341,0.0081712110,19560496.0000000000,28
1800,342,0.0070702340,17158704.0000000000,22
1800,343,0.0071426220,17158704.0000000000,10
1800,344,0.0070695430,17158704.0000000000,1
1800,345,0.0081796750,19560496.0000000000,4
1800,346,0.0081393490,19560496.0000000000,3
1800,347,0.0081772300,19560496.0000000000,22
1800,348,0.0081533280,19560496.0000000000,26
1800,349,0.0081595480,19560496.0000000000,13
1800,350,0.0082094500,19560496.0000000000,23
1800,351,0.0081671650,19560496.0000000000,26
1800,352,0.0081328260,19560496.0000000000,19
1800,353,0.0082083890,19560496.0000000000,20
1800,354,0.0081674320,19560496.0000000000,0
1800,355,0.0081492610,19560496.0000000000,39
1800,356,0.0081416500,19560496.0000000000,7
1800,357,0.0070825170,17158704.0000000000,21
1800,358,0.0070861540,17158704.0000000000,8
1800,359,0.0069584880,17158704.0000000000,33
1800,360,0.0081751380,19560496.0000000000,9
1800,361,0.0081851290,19560496.0000000000,38
1800,362,0.0081418200,19560496.0000000000,5
1800,363,0.0081684560,19560496.0000000000,12
1800,364,0.0081630880,19560496.0000000000,26
1800,365,0.0081679150,19560496.0000000000,0
1800,366,0.0081586990,19560496.0000000000,35
1800,367,0.0081390560,19560496.0000000000,7
1800,368,0.0081507620,19560496.0000000000,18
1800,369,0.0081708310,19560496.0000000000,31
1800,370,0.0081999370,19560496.0000000000,8
1800,371,0.0081756300,19560496.0000000000,15
1800,372,0.0070859240,17158704.0000000000,3
1800,373,0.0069705580,17158704.0000000000,19
1800,374,0.0070682700,17158704.0000000000,25
1800,375,0.0081685150,19560496.0000000000,9
1800,376,0.0081732050,19560496.0000000000,38
1800,377,0.0081698380,19560496.0000000000,9
1800,378,0.0081874010,19560496.0000000000,23
1800,379,0.0081383200,19560496.0000000000,24
1800,380,0.0081694390,19560496.0000000000,36
1800,381,0.0081441240,19560496.0000000000,34
1800,382,0.0081391970,19560496.0000000000,0
1800,383,0.0081671320,19560496.0000000000,18
1800,384,0.0081459720,19560496.0000000000,29
1800,385,0.0081473570,19560496.0000000000,24
1800,386,0.0081506930,19560496.0000000000,37
1800,387,0.0070658190,17158704.0000000000,12
1800,388,0.0071149590,17158704.0000000000,28
1800,389,0.0070975270,17158704.0000000000,22
1800,390,0.0081655440,19560496.0000000000,35
1800,391,0.0081144140,19560496.0000000000,11
1800,392,0.0081716220,19560496.0000000000,3
1800,393,0.0081704040,19560496.0000000000,35
1800,394,0.0081770830,19560496.0000000000,8
1800,395,0.0081547510,19560496.0000000000,39
1800,396,0.0081661800,19560496.0000000000,1
1800,397,0.0081397410,19560496.0000000000,37
1800,398,0.0081364430,19560496.0000000000,2
1800,399,0.0081812680,19560496.0000000000,23
1800,400,0.0082001610,19560496.0000000000,21
1800,401,0.0081651180,19560496.0000000000,1
1800,402,0.0070975120,17158704.0000000000,39
1800,403,0.0070246970,17158704.0000000000,24
1800,404,0.0069586970,17158704.0000000000,29
1800,405,0.0081736860,19560496.0000000000,10
1800,406,0.0081532020,19560496.0000000000,21
1800,407,0.0082086630,19560496.0000000000,17
1800,408,0.0081475770,19560496.0000000000,11
1800,409,0.0081351870,19560496.0000000000,7
1800,410,0.0082063480,19560496.0000000000,16
1800,411,0.0081707340,19560496.0000000000,32
1800,412,0.0081776450,19560496.0000000000,1
1800,413,0.0081757860,19560496.0000000000,23
1800,414,0.0081455840,19560496.0000000000,24
1800,415,0.0081859140,19560496.0000000000,35
1800,416,0.0081809770,19560496.0000000000,22
1800,417,0.0071060730,17158704.0000000000,10
1800,418,0.0071214790,17158704.0000000000,36
1800,419,0.0069630000,17158704.0000000000,27
1800,420,0.0061820630,14756912.0000000000,14
1800,421,0.0061711950,14756912.0000000000,9
1800,422,0.0061768680,14756912.0000000000,6
1800,423,0.0061967010,14756912.0000000000,13
1800,424,0.0062231110,14756912.0000000000,16
1800,425,0.0062120220,14756912.0000000000,15
1800,426,0.0061654790,14756912.0000000000,0
1800,427,0.0061567710,14756912.0000000000,7
1800,428,0.0061898550,14756912.0000000000,5
1800,429,0.0061915840,14756912.0000000000,8
1800,430,0.0061887630,14756912.0000000000,4
1800,431,0.0061741180,14756912.0000000000,11
1800,432,0.0056975940,12944944.0000000000,1
1800,433,0.0057100780,12944944.0000000000,3
1800,434,0.0056920530,12944944.0000000000,2
1850,0,2.0019425367,83297008.0000000000,32
1850,1,2.0511083757,83646176.0000000000,33
1850,2,2.1001850306,84323024.0000000000,36
1850,3,1.9047463923,77997376.0000000000,6
1850,4,1.2897453158,61102736.0000000000,13
1850,5,1.2269392551,58947664.0000000000,31
1850,6,1.2245941419,58935040.0000000000,11
1850,7,1.2268354427,58935424.0000000000,4
1850,8,1.2295364241,58955872.0000000000,12
1850,9,1.3699652597,63685984.0000000000,37
1850,10,2.1672504573,85882656.0000000000,25
1850,11,2.7452877097,103290272.0000000000,28
1850,12,2.6038040080,96430416.0000000000,2
1850,13,2.3457812858,90006864.0000000000,27
1850,14,2.1640441648,84848048.0000000000,15
1850,15,3.6004895412,146024608.0000000000,37
1850,16,3.6058419268,144203296.0000000000,12
1850,17,3.3145983083,134921536.0000000000,19
1850,18,2.8761105160,121733776.0000000000,39
1850,19,2.3566344247,106576096.0000000000,38
1850,20,2.2461110424,104128208.0000000000,9
1850,21,2.1944394684,102419744.0000000000,30
1850,22,2.1574709683,101256384.0000000000,5
1850,23,2.1816707796,102179584.0000000000,3
1850,24,2.4988091040,110999776.0000000000,1
1850,25,3.7081560154,145862352.0000000000,34
1850,26,4.6703319261,174377712.0000000000,8
1850,27,4.0721274753,153166688.0000000000,38
1850,28,3.7045623825,142702080.0000000000,17
1850,29,3.4477001692,136737520.0000000000,7
1850,30,3.8392100468,157943056.0000000000,11
1850,31,3.9454336427,161355024.0000000000,4
1850,32,4.2681251377,170121936.0000000000,0
1850,33,4.6384924665,178633936.0000000000,26
1850,34,5.2093218683,193981184.0000000000,29
1850,35,5.5193661986,201497392.0000000000,9
1850,36,5.4935165042,201184048.0000000000,2
1850,37,5.3571565458,196864448.0000000000,3
1850,38,5.5126899225,201340624.0000000000,28
1850,39,5.3546328349,196399600.0000000000,1
1850,40,4.3113569483,169290672.0000000000,18
1850,41,3.6615839183,151385744.0000000000,31
1850,42,3.1448847058,130262320.0000000000,18
1850,43,3.1334623230,130477136.0000000000,29
1850,44,3.1538371133,131153232.0000000000,8
1850,45,3.6673409862,153696688.0000000000,16
1850,46,3.6614377092,153778160.0000000000,11
1850,47,3.6643596928,153775424.0000000000,32
1850,48,3.6666446391,153776192.0000000000,14
1850,49,3.6661591345,153781136.0000000000,1
1850,50,3.6639479699,153777664.0000000000,34
1850,51,3.7086998687,159132384.0000000000,13
1850,52,3.7939755344,166882560.0000000000,30
1850,53,3.6772127049,154919392.0000000000,17
1850,54,3.6668986563,153780896.0000000000,2
1850,55,3.6651796523,153779264.0000000000,35
1850,56,3.6641180412,153778864.0000000000,27
1850,57,3.2414658865,134603072.0000000000,4
1850,58,3.2419150867,134599664.0000000000,32
1850,59,3.2403572870,134515360.0000000000,0
1850,60,3.6625902285,153692992.0000000000,30
1850,61,3.6619762968,153778672.0000000000,7
1850,62,3.6648927865,153780128.0000000000,19
1850,63,3.6634532075,153781872.0000000000,8
1850,64,3.6691167615,153778736.0000000000,22
1850,65,3.6640760499,153777728.0000000000,38
1850,66,3.6652970208,153783504.0000000000,10
1850,67,3.6682120230,153774448.0000000000,22
1850,68,3.6668321960,153779600.0000000000,13
1850,69,3.6650901439,153779472.0000000000,6
1850,70,3.6690732583,153779152.0000000000,21
1850,71,3.6669042810,153777664.0000000000,21
1850,72,3.2414544824,134601008.0000000000,25
1850,73,3.2446650672,134601488.0000000000,15
1850,74,3.2359929766,134516352.0000000000,11
1850,75,3.6611242171,153697008.0000000000,31
1850,76,3.6678399578,153780368.0000000000,17
1850,77,3.6668474170,153779680.0000000000,12
1850,78,3.6696376368,153780960.0000000000,36
1850,79,3.6623896684,153776352.0000000000,37
1850,80,3.6683176985,153783264.0000000000,23
1850,81,3.6638110711,153773392.0000000000,32
1850,82,3.6641473974,153780592.0000000000,27
1850,83,3.6635968456,153777184.0000000000,25
1850,84,3.6653321413,153779104.0000000000,6
1850,85,3.6645063062,153777072.0000000000,26
1850,86,3.6622463327,153779296.0000000000,7
1850,87,3.2369010365,134596720.0000000000,31
1850,88,3.2390809130,134599984.0000000000,37
1850,89,3.2338716788,134512976.0000000000,33
1850,90,3.6586424252,153691968.0000000000,29
1850,91,3.6629671603,153777840.0000000000,5
1850,92,3.6614153107,153777328.0000000000,33
1850,93,3.6672267893,153777792.0000000000,23
1850,94,3.6640346909,153780640.0000000000,9
1850,95,3.6623437327,153776160.0000000000,3
1850,96,3.6641893334,153781808.0000000000,0
1850,97,3.6627006166,153774864.0000000000,35
1850,98,3.6657350640,153782496.0000000000,24
1850,99,3.6653325782,153778672.0000000000,4
1850,100,3.6649359981,153780176.0000000000,28
1850,101,3.6642465615,153781712.0000000000,24
1850,102,3.2361447587,134601632.0000000000,27
1850,103,3.2381822927,134597328.0000000000,30
1850,104,3.2433673731,134517168.0000000000,12
1850,105,3.6604350291,153390800.0000000000,18
1850,106,3.6707715174,153768368.0000000000,16
1850,107,3.6693209471,153785616.0000000000,14
1850,108,3.6723110769,153776480.0000000000,20
1850,109,3.6680471999,153771600.0000000000,19
1850,110,3.6712536732,153765984.0000000000,22
1850,111,3.6686944146,153782640.0000000000,14
1850,112,3.6678297527,153793504.0000000000,36
1850,113,3.6721130575,153771392.0000000000,16
1850,114,3.6657456205,153774352.0000000000,25
1850,115,3.6651414515,153774272.0000000000,33
1850,116,3.6700190410,153778160.0000000000,20
1850,117,3.2388759152,134605488.0000000000,5
1850,118,3.2435562791,134602944.0000000000,36
1850,119,3.2145383680,134203808.0000000000,34
1850,120,3.6583711240,153177232.0000000000,10
1850,121,3.6642273459,153795472.0000000000,39
1850,122,3.6693019144,153747248.0000000000,15
1850,123,3.6693425199,153778880.0000000000,21
1850,124,3.6634538383,153788864.0000000000,39
1850,125,3.6668219199,153788656.0000000000,24
1850,126,3.6690786462,153762736.0000000000,20
1850,127,3.6652572885,153779680.0000000000,5
1850,128,3.6656954790,153774080.0000000000,35
1850,129,3.6704838645,153785984.0000000000,15
1850,130,3.6661917772,153767248.0000000000,10
1850,131,3.6702810413,153791392.0000000000,23
1850,132,3.2443111768,134610512.0000000000,6
1850,133,3.2473370825,134582768.0000000000,13
1850,134,3.2112786533,134009120.0000000000,26
1850,135,0.6498744430,33519664.0000000000,16
1850,136,0.6491077412,33596464.0000000000,34
1850,137,0.6490336282,33610592.0000000000,39
1850,138,0.6492896377,33574480.0000000000,26
1850,139,0.6495272075,33589008.0000000000,18
1850,140,0.6479994545,33581856.0000000000,7
1850,141,0.6487468836,33594400.0000000000,19
1850,142,0.6497666869,33586800.0000000000,10
1850,143,0.6498799704,33588720.0000000000,38
1850,144,0.6503206402,33577824.0000000000,17
1850,145,0.6486712455,33584704.0000000000,14
1850,146,0.6491117141,33586080.0000000000,0
1850,147,0.6074313064,29440688.0000000000,21
1850,148,0.6082147561,29426496.0000000000,20
1850,149,0.6048867109,29366128.0000000000,22
1850,150,0.2675955345,19560496.0000000000,21
1850,151,0.2665784132,19560496.0000000000,32
1850,152,0.2669337024,19560496.0000000000,31
1850,153,0.2672870658,19560496.0000000000,38
1850,154,0.2677955296,19560496.0000000000,23
1850,155,0.2679392563,19560496.0000000000,28
1850,156,0.2659071771,19560496.0000000000,7
1850,157,0.2673502183,19560496.0000000000,12
1850,158,0.2666991959,19560496.0000000000,2
1850,159,0.2671029275,19560496.0000000000,8
1850,160,0.2670600886,19560496.0000000000,10
1850,161,0.2667078528,19560496.0000000000,2
1850,162,0.2301650722,17158704.0000000000,2
1850,163,0.2326067762,17158704.0000000000,17
1850,164,0.2288948040,17158704.0000000000,29
1850,165,0.2662369831,19560496.0000000000,29
1850,166,0.2663828618,19560496.0000000000,34
1850,167,0.2676992445,19560496.0000000000,21
1850,168,0.2662571216,19560496.0000000000,19
1850,169,0.2668408551,19560496.0000000000,35
1850,170,0.2669164518,19560496.0000000000,9
1850,171,0.2668992328,19560496.0000000000,31
1850,172,0.2671886045,19560496.0000000000,22
1850,173,0.2679615179,19560496.0000000000,17
1850,174,0.2675457483,19560496.0000000000,16
1850,175,0.2675352123,19560496.0000000000,23
1850,176,0.2664220517,19560496.0000000000,26
1850,177,0.2299594851,17158704.0000000000,19
1850,178,0.2309418877,17158704.0000000000,6
1850,179,0.2332770059,17158704.0000000000,9
1850,180,0.2669116871,19560496.0000000000,6
1850,181,0.2661387522,19560496.0000000000,7
1850,182,0.2670364033,19560496.0000000000,38
1850,183,0.2673649346,19560496.0000000000,10
1850,184,0.2664951548,19560496.0000000000,14
1850,185,0.2667168305,19560496.0000000000,3
1850,186,0.2664762465,19560496.0000000000,2
1850,187,0.2667240851,19560496.0000000000,3
1850,188,0.2676635609,19560496.0000000000,20
1850,189,0.2673649426,19560496.0000000000,22
1850,190,0.2666486196,19560496.0000000000,24
1850,191,0.2673671419,19560496.0000000000,28
1850,192,0.2324592882,17158704.0000000000,17
1850,193,0.2322986277,17158704.0000000000,38
1850,194,0.2313215523,17158704.0000000000,30
1850,195,0.2664340497,19560496.0000000000,24
1850,196,0.2665702056,19560496.0000000000,34
1850,197,0.2667641717,19560496.0000000000,8
1850,198,0.2664728325,19560496.0000000000,24
1850,199,0.2665962440,19560496.0000000000,26
1850,200,0.2665148179,19560496.0000000000,34
1850,201,0.2676376193,19560496.0000000000,16
1850,202,0.2665056541,19560496.0000000000,14
1850,203,0.2667762999,19560496.0000000000,35
1850,204,0.2668794760,19560496.0000000000,4
1850,205,0.2670497871,19560496.0000000000,4
1850,206,0.2664263520,19560496.0000000000,34
1850,207,0.2306556798,17158704.0000000000,0
1850,208,0.2325865151,17158704.0000000000,21
1850,209,0.2312698910,17158704.0000000000,16
1850,210,0.2668760612,19560496.0000000000,18
1850,211,0.2662373401,19560496.0000000000,29
1850,212,0.2667564754,19560496.0000000000,3
1850,213,0.2664960987,19560496.0000000000,19
1850,214,0.2674086671,19560496.0000000000,28
1850,215,0.2679513921,19560496.0000000000,20
1850,216,0.2659853721,19560496.0000000000,33
1850,217,0.2672893739,19560496.0000000000,22
1850,218,0.2663205110,19560496.0000000000,29
1850,219,0.2667756241,19560496.0000000000,13
1850,220,0.2663868870,19560496.0000000000,29
1850,221,0.2659641946,19560496.0000000000,11
1850,222,0.2323619739,17158704.0000000000,28
1850,223,0.2305608484,17158704.0000000000,5
1850,224,0.2333788252,17158704.0000000000,12
1850,225,0.2676530492,19560496.0000000000,16
1850,226,0.2668609663,19560496.0000000000,35
1850,227,0.2664659463,19560496.0000000000,14
1850,228,0.2670061468,19560496.0000000000,8
1850,229,0.2669361438,19560496.0000000000,18
1850,230,0.2668916714,19560496.0000000000,13
1850,231,0.2666185821,19560496.0000000000,2
1850,232,0.2674595099,19560496.0000000000,28
1850,233,0.2668431273,19560496.0000000000,1
1850,234,0.2673472194,19560496.0000000000,28
1850,235,0.2662796222,19560496.0000000000,39
1850,236,0.2677110128,19560496.0000000000,23
1850,237,0.2308057641,17158704.0000000000,4
1850,238,0.2303900074,17158704.0000000000,31
1850,239,0.2306597271,17158704.0000000000,23
1850,240,0.2677471662,19560496.0000000000,23
1850,241,0.2666407665,19560496.0000000000,2
1850,242,0.2664292829,19560496.0000000000,39
1850,243,0.2671623178,19560496.0000000000,30
1850,244,0.2668539000,19560496.0000000000,18
1850,245,0.2661322019,19560496.0000000000,0
1850,246,0.2667267287,19560496.0000000000,4
1850,247,0.2670020959,19560496.0000000000,8
1850,248,0.2670034762,19560496.0000000000,1
1850,249,0.2663475747,19560496.0000000000,27
1850,250,0.2666431317,19560496.0000000000,5
1850,251,0.2671932058,19560496.0000000000,10
1850,252,0.2315506562,17158704.0000000000,34
1850,253,0.2328552397,17158704.0000000000,26
1850,254,0.2306662760,17158704.0000000000,35
1850,255,0.2667667425,19560496.0000000000,4
1850,256,0.2665842602,19560496.0000000000,36
1850,257,0.2667476500,19560496.0000000000,3
1850,258,0.2665030918,19560496.0000000000,26
1850,259,0.2675432799,19560496.0000000000,23
1850,260,0.2664027653,19560496.0000000000,27
1850,261,0.2664693681,19560496.0000000000,36
1850,262,0.2663334519,19560496.0000000000,37
1850,263,0.2658804097,19560496.0000000000,11
1850,264,0.2675812323,19560496.0000000000,16
1850,265,0.2675890139,19560496.0000000000,21
1850,266,0.2670448646,19560496.0000000000,38
1850,267,0.2310074946,17158704.0000000000,35
1850,268,0.2326493386,17158704.0000000000,20
1850,269,0.2308343266,17158704.0000000000,30
1850,270,0.2664657949,19560496.0000000000,24
1850,271,0.2662796043,19560496.0000000000,0
1850,272,0.2672347697,19560496.0000000000,10
1850,273,0.2663455518,19560496.0000000000,39
1850,274,0.2660315091,19560496.0000000000,7
1850,275,0.2661517526,19560496.0000000000,29
1850,276,0.2664797941,19560496.0000000000,24
1850,277,0.2674832368,19560496.0000000000,12
1850,278,0.2663239702,19560496.0000000000,39
1850,279,0.2665374019,19560496.0000000000,14
1850,280,0.2676106756,19560496.0000000000,21
1850,281,0.2666342691,19560496.0000000000,24
1850,282,0.2280956830,17158704.0000000000,7
1850,283,0.2326615767,17158704.0000000000,13
1850,284,0.2328065145,17158704.0000000000,15
1850,285,0.2669228672,19560496.0000000000,18
1850,286,0.2667567555,19560496.0000000000,2
1850,287,0.2664004728,19560496.0000000000,25
1850,288,0.2671430332,19560496.0000000000,38
1850,289,0.2661982209,19560496.0000000000,29
1850,290,0.2665067699,19560496.0000000000,34
1850,291,0.2679853304,19560496.0000000000,17
1850,292,0.2669608739,19560496.0000000000,1
1850,293,0.2663383190,19560496.0000000000,19
1850,294,0.2663182936,19560496.0000000000,14
1850,295,0.2667586477,19560496.0000000000,35
1850,296,0.2664008198,19560496.0000000000,19
1850,297,0.2304200111,17158704.0000000000,11
1850,298,0.2316986808,17158704.0000000000,32
1850,299,0.2295114792,17158704.0000000000,14
1850,300,0.2671454565,19560496.0000000000,10
1850,301,0.2668233850,19560496.0000000000,1
1850,302,0.2669163089,19560496.0000000000,8
1850,303,0.2676320201,19560496.0000000000,20
1850,304,0.2662633214,19560496.0000000000,39
1850,305,0.2669392299,19560496.0000000000,9
1850,306,0.2677514548,19560496.0000000000,20
1850,307,0.2679390533,19560496.0000000000,17
1850,308,0.2664600762,19560496.0000000000,26
1850,309,0.2659968280,19560496.0000000000,7
1850,310,0.2662721009,19560496.0000000000,37
1850,311,0.2673348606,19560496.0000000000,22
1850,312,0.2315274075,17158704.0000000000,25
1850,313,0.2317579306,17158704.0000000000,37
1850,314,0.2335008287,17158704.0000000000,20
1850,315,0.2673988341,19560496.0000000000,12
1850,316,0.2678838763,19560496.0000000000,17
1850,317,0.2669792343,19560496.0000000000,31
1850,318,0.2667240436,19560496.0000000000,6
1850,319,0.2663555189,19560496.0000000000,34
1850,320,0.2664603654,19560496.0000000000,14
1850,321,0.2666460188,19560496.0000000000,32
1850,322,0.2668154260,19560496.0000000000,9
1850,323,0.2670256344,19560496.0000000000,38
1850,324,0.2667252599,19560496.0000000000,9
1850,325,0.2659459487,19560496.0000000000,33
1850,326,0.2659170485,19560496.0000000000,11
1850,327,0.2280484756,17158704.0000000000,33
1850,328,0.2288538558,17158704.0000000000,18
1850,329,0.2292440212,17158704.0000000000,18
1850,330,0.2663496416,19560496.0000000000,0
1850,331,0.2675802751,19560496.0000000000,16
1850,332,0.2679801095,19560496.0000000000,15
1850,333,0.2677620391,19560496.0000000000,20
1850,334,0.2661371620,19560496.0000000000,0
1850,335,0.2679540459,19560496.0000000000,17
1850,336,0.2669048027,19560496.0000000000,31
1850,337,0.2667008118,19560496.0000000000,6
1850,338,0.2664095155,19560496.0000000000,19
1850,339,0.2672473497,19560496.0000000000,12
1850,340,0.2666228509,19560496.0000000000,3
1850,341,0.2674724142,19560496.0000000000,28
1850,342,0.2303313623,17158704.0000000000,22
1850,343,0.2329563177,17158704.0000000000,10
1850,344,0.2299826367,17158704.0000000000,1
1850,345,0.2668225390,19560496.0000000000,4
1850,346,0.2667000484,19560496.0000000000,3
1850,347,0.2671035409,19560496.0000000000,22
1850,348,0.2665296403,19560496.0000000000,26
1850,349,0.2667648351,19560496.0000000000,13
1850,350,0.2677206847,19560496.0000000000,23
1850,351,0.2666746803,19560496.0000000000,26
1850,352,0.2665681709,19560496.0000000000,19
1850,353,0.2677772710,19560496.0000000000,20
1850,354,0.2663747072,19560496.0000000000,0
1850,355,0.2662544448,19560496.0000000000,39
1850,356,0.2660232992,19560496.0000000000,7
1850,357,0.2325650938,17158704.0000000000,21
1850,358,0.2313378146,17158704.0000000000,8
1850,359,0.2283111025,17158704.0000000000,33
1850,360,0.2667585607,19560496.0000000000,9
1850,361,0.2669448383,19560496.0000000000,38
1850,362,0.2668050724,19560496.0000000000,5
1850,363,0.2673133651,19560496.0000000000,12
1850,364,0.2664661514,19560496.0000000000,26
1850,365,0.2662977281,19560496.0000000000,0
1850,366,0.2669011279,19560496.0000000000,35
1850,367,0.2659384459,19560496.0000000000,7
1850,368,0.2669039575,19560496.0000000000,18
1850,369,0.2668598433,19560496.0000000000,31
1850,370,0.2669584949,19560496.0000000000,8
1850,371,0.2679672845,19560496.0000000000,15
1850,372,0.2329164065,17158704.0000000000,3
1850,373,0.2290146244,17158704.0000000000,19
1850,374,0.2311402698,17158704.0000000000,25
1850,375,0.2668145570,19560496.0000000000,9
1850,376,0.2670345752,19560496.0000000000,38
1850,377,0.2666903964,19560496.0000000000,9
1850,378,0.2676123234,19560496.0000000000,23
1850,379,0.2666067304,19560496.0000000000,24
1850,380,0.2666287968,19560496.0000000000,36
1850,381,0.2663400106,19560496.0000000000,34
1850,382,0.2662012301,19560496.0000000000,0
1850,383,0.2668770667,19560496.0000000000,18
1850,384,0.2662193598,19560496.0000000000,29
1850,385,0.2664323816,19560496.0000000000,24
1850,386,0.2662518315,19560496.0000000000,37
1850,387,0.2330422383,17158704.0000000000,12
1850,388,0.2326307977,17158704.0000000000,28
1850,389,0.2308433072,17158704.0000000000,22
1850,390,0.2667326966,19560496.0000000000,35
1850,391,0.2659149308,19560496.0000000000,11
1850,392,0.2667168536,19560496.0000000000,3
1850,393,0.2667582426,19560496.0000000000,35
1850,394,0.2669053865,19560496.0000000000,8
1850,395,0.2662633671,19560496.0000000000,39
1850,396,0.2669970166,19560496.0000000000,1
1850,397,0.2661768626,19560496.0000000000,37
1850,398,0.2665891320,19560496.0000000000,2
1850,399,0.2675254317,19560496.0000000000,23
1850,400,0.2677016099,19560496.0000000000,21
1850,401,0.2668537611,19560496.0000000000,1
1850,402,0.2312663693,17158704.0000000000,39
1850,403,0.2287841489,17158704.0000000000,24
1850,404,0.2286135554,17158704.0000000000,29
1850,405,0.2671077032,19560496.0000000000,10
1850,406,0.2675929580,19560496.0000000000,21
1850,407,0.2677828705,19560496.0000000000,17
1850,408,0.2658579305,19560496.0000000000,11
1850,409,0.2657722447,19560496.0000000000,7
1850,410,0.2676362534,19560496.0000000000,16
1850,411,0.2666060965,19560496.0000000000,32
1850,412,0.2669869214,19560496.0000000000,1
1850,413,0.2675758761,19560496.0000000000,23
1850,414,0.2666197449,19560496.0000000000,24
1850,415,0.2668881040,19560496.0000000000,35
1850,416,0.2672310557,19560496.0000000000,22
1850,417,0.2329710142,17158704.0000000000,10
1850,418,0.2314904898,17158704.0000000000,36
1850,419,0.2281559659,17158704.0000000000,27
1850,420,0.2017853037,14756912.0000000000,14
1850,421,0.2018301221,14756912.0000000000,9
1850,422,0.2020651194,14756912.0000000000,6
1850,423,0.2022642506,14756912.0000000000,13
1850,424,0.2031631995,14756912.0000000000,16
1850,425,0.2027576985,14756912.0000000000,15
1850,426,0.2016231045,14756912.0000000000,0
1850,427,0.2013671029,14756912.0000000000,7
1850,428,0.2017396419,14756912.0000000000,5
1850,429,0.2024444692,14756912.0000000000,8
1850,430,0.2023319825,14756912.0000000000,4
1850,431,0.2013815417,14756912.0000000000,11
1850,432,0.1857982099,12944944.0000000000,1
1850,433,0.1864963422,12944944.0000000000,3
1850,434,0.1857708966,12944944.0000000000,2
1900,0,0.0620369620,83342832.0000000000,32
1900,1,0.0627908900,83317888.0000000000,33
1900,2,0.0650532930,84026384.0000000000,36
1900,3,0.0570016930,76918720.0000000000,6
1900,4,0.0381550260,59818304.0000000000,13
1900,5,0.0382433080,58942384.0000000000,31
1900,6,0.0380158290,58933584.0000000000,11
1900,7,0.0380342340,58935184.0000000000,4
1900,8,0.0383843200,58953504.0000000000,12
1900,9,0.0417890580,62878368.0000000000,37
1900,10,0.0659755030,84904400.0000000000,25
1900,11,0.0866571560,103803968.0000000000,28
1900,12,0.0811608800,96129968.0000000000,2
1900,13,0.0738500520,90151680.0000000000,27
1900,14,0.0676728570,84637520.0000000000,15
1900,15,0.1125058300,145658912.0000000000,37
1900,16,0.1091666150,141382160.0000000000,12
1900,17,0.1006503670,132581984.0000000000,19
1900,18,0.0867018310,119995376.0000000000,39
1900,19,0.0688417830,103846528.0000000000,38
1900,20,0.0687537440,103150576.0000000000,9
1900,21,0.0675680410,101554544.0000000000,30
1900,22,0.0654154390,100560368.0000000000,5
1900,23,0.0656943600,101316848.0000000000,3
1900,24,0.0759104490,109899904.0000000000,1
1900,25,0.1125932970,142803888.0000000000,34
1900,26,0.1469865950,175213344.0000000000,8
1900,27,0.1303662280,154477312.0000000000,38
1900,28,0.1170385830,143305536.0000000000,17
1900,29,0.1085169190,137103200.0000000000,7
1900,30,0.1212637190,158693904.0000000000,11
1900,31,0.1275496620,164308576.0000000000,4
1900,32,0.1376014690,172229328.0000000000,0
1900,33,0.1485075790,180949536.0000000000,26
1900,34,0.1672576470,196945376.0000000000,29
1900,35,0.1712196190,200634992.0000000000,9
1900,36,0.1530445330,185791776.0000000000,2
1900,37,0.1476348640,181854464.0000000000,3
1900,38,0.1596764170,191193136.0000000000,28
1900,39,0.1689458400,197780784.0000000000,1
1900,40,0.1370803150,170772320.0000000000,18
1900,41,0.1149007790,151719216.0000000000,31
1900,42,0.0980148950,129965120.0000000000,18
1900,43,0.0975680680,130179632.0000000000,29
1900,44,0.0977263260,130822480.0000000000,8
1900,45,0.1139524050,153694224.0000000000,16
1900,46,0.1139263050,153779040.0000000000,11
1900,47,0.1137682990,153780704.0000000000,32
1900,48,0.1139201550,153778784.0000000000,14
1900,49,0.1138575040,153774736.0000000000,1
1900,50,0.1166304840,155891104.0000000000,34
1900,51,0.1348341650,173361984.0000000000,13
1900,52,0.1384078200,177330144.0000000000,30
1900,53,0.1280272860,166669648.0000000000,17
1900,54,0.1138054230,153784192.0000000000,2
1900,55,0.1138779810,153776624.0000000000,35
1900,56,0.1137994050,153781888.0000000000,27
1900,57,0.1007853990,134601632.0000000000,4
1900,58,0.1007138450,134600544.0000000000,32
1900,59,0.1006358990,134512096.0000000000,0
1900,60,0.1138400420,153692768.0000000000,30
1900,61,0.1138057230,153777760.0000000000,7
1900,62,0.1139253020,153777184.0000000000,19
1900,63,0.1138307610,153782192.0000000000,8
1900,64,0.1140829180,153778400.0000000000,22
1900,65,0.1138189210,153776432.0000000000,38
1900,66,0.1138434350,153779312.0000000000,10
1900,67,0.1139650700,153774608.0000000000,22
1900,68,0.1138845650,153780688.0000000000,13
1900,69,0.1137900730,153778400.0000000000,6
1900,70,0.1138886350,153778160.0000000000,21
1900,71,0.1139777270,153780688.0000000000,21
1900,72,0.1008419520,134599936.0000000000,25
1900,73,0.1007580760,134598112.0000000000,15
1900,74,0.1004062680,134516176.0000000000,11
1900,75,0.1136783250,153694512.0000000000,31
1900,76,0.1139249310,153777232.0000000000,17
1900,77,0.1138454290,153779456.0000000000,12
1900,78,0.1138001850,153778320.0000000000,36
1900,79,0.1137625520,153778320.0000000000,37
1900,80,0.1140082270,153781328.0000000000,23
1900,81,0.1138556050,153778288.0000000000,32
1900,82,0.1138655250,153778832.0000000000,27
1900,83,0.1139106920,153777248.0000000000,25
1900,84,0.1138123770,153778496.0000000000,6
1900,85,0.1139308100,153778672.0000000000,26
1900,86,0.1137885520,153780496.0000000000,7
1900,87,0.1005348610,134599456.0000000000,31
1900,88,0.1005970310,134600400.0000000000,37
1900,89,0.1005115450,134513584.0000000000,33
1900,90,0.1136813530,153694192.0000000000,29
1900,91,0.1137787120,153776304.0000000000,5
1900,92,0.1137696810,153779968.0000000000,33
1900,93,0.1138824320,153780704.0000000000,23
1900,94,0.1138350190,153775904.0000000000,9
1900,95,0.1138295900,153778528.0000000000,3
1900,96,0.1138148000,153780512.0000000000,0
1900,97,0.1137768930,153780288.0000000000,35
1900,98,0.1138078720,153780112.0000000000,24
1900,99,0.1138256140,153776240.0000000000,4
1900,100,0.1138247790,153777648.0000000000,28
1900,101,0.1138461150,153779392.0000000000,24
1900,102,0.1004950520,134600064.0000000000,27
1900,103,0.1005319250,134596704.0000000000,30
1900,104,0.1007968790,134514720.0000000000,12
1900,105,0.1136186880,153384240.0000000000,18
1900,106,0.1139570550,153764864.0000000000,16
1900,107,0.1139932650,153782336.0000000000,14
1900,108,0.1140477820,153773024.0000000000,20
1900,109,0.1139005530,153774976.0000000000,19
1900,110,0.1140567780,153766192.0000000000,22
1900,111,0.1139539980,153780848.0000000000,14
1900,112,0.1141073020,153794160.0000000000,36
1900,113,0.1140547120,153775024.0000000000,16
1900,114,0.1138236010,153774080.0000000000,25
1900,115,0.1139418840,153777824.0000000000,33
1900,116,0.1140547830,153776400.0000000000,20
1900,117,0.1005577380,134605776.0000000000,5
1900,118,0.1007814190,134603872.0000000000,36
1900,119,0.0998180250,134195248.0000000000,34
1900,120,0.1136336310,153159168.0000000000,10
1900,121,0.1139068430,153793664.0000000000,39
1900,122,0.1139379490,153752128.0000000000,15
1900,123,0.1139858100,153782880.0000000000,21
1900,124,0.1138237910,153788320.0000000000,39
1900,125,0.1138870040,153788912.0000000000,24
1900,126,0.1139906300,153758896.0000000000,20
1900,127,0.1139292140,153778560.0000000000,5
1900,128,0.1139187410,153772192.0000000000,35
1900,129,0.1141075260,153786000.0000000000,15
1900,130,0.1139028920,153763344.0000000000,10
1900,131,0.1140477530,153793872.0000000000,23
1900,132,0.1006929600,134614368.0000000000,6
1900,133,0.1008357730,134583712.0000000000,13
1900,134,0.0996584550,133989088.0000000000,26
1900,135,0.0200526820,33517328.0000000000,16
1900,136,0.0200232720,33597152.0000000000,34
1900,137,0.0199932770,33610144.0000000000,39
1900,138,0.0200072800,33572128.0000000000,26
1900,139,0.0200420710,33586432.0000000000,18
1900,140,0.0200343450,33582560.0000000000,7
1900,141,0.0200779190,33596896.0000000000,19
1900,142,0.0200962550,33588544.0000000000,10
1900,143,0.0200435810,33589888.0000000000,38
1900,144,0.0200837180,33576544.0000000000,17
1900,145,0.0200193560,33584432.0000000000,14
1900,146,0.0199885910,33585968.0000000000,0
1900,147,0.0188537540,29437744.0000000000,21
1900,148,0.0187795320,29426080.0000000000,20
1900,149,0.0186497410,29363264.0000000000,22
1900,150,0.0082137220,19560496.0000000000,21
1900,151,0.0081587040,19560496.0000000000,32
1900,152,0.0081654270,19560496.0000000000,31
1900,153,0.0081891790,19560496.0000000000,38
1900,154,0.0082051150,19560496.0000000000,23
1900,155,0.0081813780,19560496.0000000000,28
1900,156,0.0081336810,19560496.0000000000,7
1900,157,0.0082022630,19560496.0000000000,12
1900,158,0.0081535160,19560496.0000000000,2
1900,159,0.0081786750,19560496.0000000000,8
1900,160,0.0081853590,19560496.0000000000,10
1900,161,0.0081625740,19560496.0000000000,2
1900,162,0.0070695010,17158704.0000000000,2
1900,163,0.0071782580,17158704.0000000000,17
1900,164,0.0070543210,17158704.0000000000,29
1900,165,0.0081715290,19560496.0000000000,29
1900,166,0.0081584410,19560496.0000000000,34
1900,167,0.0081982520,19560496.0000000000,21
1900,168,0.0081387480,19560496.0000000000,19
1900,169,0.0081585610,19560496.0000000000,35
1900,170,0.0081636390,19560496.0000000000,9
1900,171,0.0081730750,19560496.0000000000,31
1900,172,0.0081803050,19560496.0000000000,22
1900,173,0.0082173500,19560496.0000000000,17
1900,174,0.0082019400,19560496.0000000000,16
1900,175,0.0081986110,19560496.0000000000,23
1900,176,0.0081550010,19560496.0000000000,26
1900,177,0.0070265150,17158704.0000000000,19
1900,178,0.0070987750,17158704.0000000000,6
1900,179,0.0071256520,17158704.0000000000,9
1900,180,0.0081779860,19560496.0000000000,6
1900,181,0.0081480290,19560496.0000000000,7
1900,182,0.0081908210,19560496.0000000000,38
1900,183,0.0081857910,19560496.0000000000,10
1900,184,0.0081442090,19560496.0000000000,14
1900,185,0.0081714010,19560496.0000000000,3
1900,186,0.0081740260,19560496.0000000000,2
1900,187,0.0081518430,19560496.0000000000,3
1900,188,0.0081879000,19560496.0000000000,20
1900,189,0.0081866990,19560496.0000000000,22
1900,190,0.0081557430,19560496.0000000000,24
1900,191,0.0081944930,19560496.0000000000,28
1900,192,0.0071735010,17158704.0000000000,17
1900,193,0.0070632370,17158704.0000000000,38
1900,194,0.0069754070,17158704.0000000000,30
1900,195,0.0081724570,19560496.0000000000,24
1900,196,0.0081936500,19560496.0000000000,34
1900,197,0.0081533780,19560496.0000000000,8
1900,198,0.0081668560,19560496.0000000000,24
1900,199,0.0081906310,19560496.0000000000,26
1900,200,0.0081670490,19560496.0000000000,34
1900,201,0.0081931820,19560496.0000000000,16
1900,202,0.0081465550,19560496.0000000000,14
1900,203,0.0081793530,19560496.0000000000,35
1900,204,0.0081666150,19560496.0000000000,4
1900,205,0.0081657030,19560496.0000000000,4
1900,206,0.0081497550,19560496.0000000000,34
1900,207,0.0070617370,17158704.0000000000,0
1900,208,0.0071332270,17158704.0000000000,21
1900,209,0.0070443300,17158704.0000000000,16
1900,210,0.0081761890,19560496.0000000000,18
1900,211,0.0081423820,19560496.0000000000,29
1900,212,0.0081861790,19560496.0000000000,3
1900,213,0.0081674450,19560496.0000000000,19
1900,214,0.0081990020,19560496.0000000000,28
1900,215,0.0081880620,19560496.0000000000,20
1900,216,0.0081201480,19560496.0000000000,33
1900,217,0.0081639160,19560496.0000000000,22
1900,218,0.0081582040,19560496.0000000000,29
1900,219,0.0081581780,19560496.0000000000,13
1900,220,0.0081356200,19560496.0000000000,29
1900,221,0.0081416740,19560496.0000000000,11
1900,222,0.0070307350,17158704.0000000000,28
1900,223,0.0069760180,17158704.0000000000,5
1900,224,0.0071402740,17158704.0000000000,12
1900,225,0.0082047560,19560496.0000000000,16
1900,226,0.0081771370,19560496.0000000000,35
1900,227,0.0081481380,19560496.0000000000,14
1900,228,0.0081706110,19560496.0000000000,8
1900,229,0.0081719530,19560496.0000000000,18
1900,230,0.0081638570,19560496.0000000000,13
1900,231,0.0081681140,19560496.0000000000,2
1900,232,0.0081786840,19560496.0000000000,28
1900,233,0.0081779620,19560496.0000000000,1
1900,234,0.0081831930,19560496.0000000000,28
1900,235,0.0081654430,19560496.0000000000,39
1900,236,0.0082035830,19560496.0000000000,23
1900,237,0.0070448980,17158704.0000000000,4
1900,238,0.0070934570,17158704.0000000000,31
1900,239,0.0070925070,17158704.0000000000,23
1900,240,0.0081953140,19560496.0000000000,23
1900,241,0.0081803180,19560496.0000000000,2
1900,242,0.0081409960,19560496.0000000000,39
1900,243,0.0081667500,19560496.0000000000,30
1900,244,0.0081577230,19560496.0000000000,18
1900,245,0.0081471140,19560496.0000000000,0
1900,246,0.0081549010,19560496.0000000000,4
1900,247,0.0081865230,19560496.0000000000,8
1900,248,0.0081773420,19560496.0000000000,1
1900,249,0.0081546000,19560496.0000000000,27
1900,250,0.0081589800,19560496.0000000000,5
1900,251,0.0081805790,19560496.0000000000,10
1900,252,0.0071267560,17158704.0000000000,34
1900,253,0.0071526050,17158704.0000000000,26
1900,254,0.0071144830,17158704.0000000000,35
1900,255,0.0081559340,19560496.0000000000,4
1900,256,0.0081808030,19560496.0000000000,36
1900,257,0.0081597600,19560496.0000000000,3
1900,258,0.0081653530,19560496.0000000000,26
1900,259,0.0081831820,19560496.0000000000,23
1900,260,0.0081446710,19560496.0000000000,27
1900,261,0.0081703830,19560496.0000000000,36
1900,262,0.0081335120,19560496.0000000000,37
1900,263,0.0081412830,19560496.0000000000,11
1900,264,0.0082103770,19560496.0000000000,16
1900,265,0.0082022290,19560496.0000000000,21
1900,266,0.0081771060,19560496.0000000000,38
1900,267,0.0070542650,17158704.0000000000,35
1900,268,0.0071473740,17158704.0000000000,20
1900,269,0.0071384620,17158704.0000000000,30
1900,270,0.0081436500,19560496.0000000000,24
1900,271,0.0081557510,19560496.0000000000,0
1900,272,0.0081745660,19560496.0000000000,10
1900,273,0.0081576590,19560496.0000000000,39
1900,274,0.0081311050,19560496.0000000000,7
1900,275,0.0081495570,19560496.0000000000,29
1900,276,0.0081540190,19560496.0000000000,24
1900,277,0.0081868420,19560496.0000000000,12
1900,278,0.0081423890,19560496.0000000000,39
1900,279,0.0081726240,19560496.0000000000,14
1900,280,0.0081842240,19560496.0000000000,21
1900,281,0.0081680170,19560496.0000000000,24
1900,282,0.0070056640,17158704.0000000000,7
1900,283,0.0070664410,17158704.0000000000,13
1900,284,0.0071568970,17158704.0000000000,15
1900,285,0.0081796160,19560496.0000000000,18
1900,286,0.0081547190,19560496.0000000000,2
1900,287,0.0081592900,19560496.0000000000,25
1900,288,0.0081801920,19560496.0000000000,38
1900,289,0.0081470620,19560496.0000000000,29
1900,290,0.0081858850,19560496.0000000000,34
1900,291,0.0082021580,19560496.0000000000,17
1900,292,0.0081948770,19560496.0000000000,1
1900,293,0.0081650280,19560496.0000000000,19
1900,294,0.0081433870,19560496.0000000000,14
1900,295,0.0081830480,19560496.0000000000,35
1900,296,0.0081508300,19560496.0000000000,19
1900,297,0.0071421530,17158704.0000000000,11
1900,298,0.0070650360,17158704.0000000000,32
1900,299,0.0070391670,17158704.0000000000,14
1900,300,0.0081781160,19560496.0000000000,10
1900,301,0.0081668810,19560496.0000000000,1
1900,302,0.0081601820,19560496.0000000000,8
1900,303,0.0082189090,19560496.0000000000,20
1900,304,0.0081622470,19560496.0000000000,39
1900,305,0.0081671940,19560496.0000000000,9
1900,306,0.0081914480,19560496.0000000000,20
1900,307,0.0081918200,19560496.0000000000,17
1900,308,0.0081654220,19560496.0000000000,26
1900,309,0.0081585490,19560496.0000000000,7
1900,310,0.0081505350,19560496.0000000000,37
1900,311,0.0081900850,19560496.0000000000,22
1900,312,0.0071361710,17158704.0000000000,25
1900,313,0.0071110310,17158704.0000000000,37
1900,314,0.0071436050,17158704.0000000000,20
1900,315,0.0082061380,19560496.0000000000,12
1900,316,0.0081951060,19560496.0000000000,17
1900,317,0.0081621310,19560496.0000000000,31
1900,318,0.0081806030,19560496.0000000000,6
1900,319,0.0081315300,19560496.0000000000,34
1900,320,0.0081706200,19560496.0000000000,14
1900,321,0.0081417810,19560496.0000000000,32
1900,322,0.0081811300,19560496.0000000000,9
1900,323,0.0081642320,19560496.0000000000,38
1900,324,0.0081547910,19560496.0000000000,9
1900,325,0.0081304190,19560496.0000000000,33
1900,326,0.0081528480,19560496.0000000000,11
1900,327,0.0069838710,17158704.0000000000,33
1900,328,0.0070698000,17158704.0000000000,18
1900,329,0.0070267260,17158704.0000000000,18
1900,330,0.0081628150,19560496.0000000000,0
1900,331,0.0082018500,19560496.0000000000,16
1900,332,0.0082287310,19560496.0000000000,15
1900,333,0.0082011850,19560496.0000000000,20
1900,334,0.0081511810,19560496.0000000000,0
1900,335,0.0082169890,19560496.0000000000,17
1900,336,0.0081651980,19560496.0000000000,31
1900,337,0.0081814120,19560496.0000000000,6
1900,338,0.0081427640,19560496.0000000000,19
1900,339,0.0081835140,19560496.0000000000,12
1900,340,0.0081635150,19560496.0000000000,3
1900,341,0.0081768600,19560496.0000000000,28
1900,342,0.0069868940,17158704.0000000000,22
1900,343,0.0071612590,17158704.0000000000,10
1900,344,0.0070169920,17158704.0000000000,1
1900,345,0.0081629370,19560496.0000000000,4
1900,346,0.0081748770,19560496.0000000000,3
1900,347,0.0081808490,19560496.0000000000,22
1900,348,0.0081744270,19560496.0000000000,26
1900,349,0.0081786460,19560496.0000000000,13
1900,350,0.0081876400,19560496.0000000000,23
1900,351,0.0081642190,19560496.0000000000,26
1900,352,0.0081727950,19560496.0000000000,19
1900,353,0.0082017990,19560496.0000000000,20
1900,354,0.0081534460,19560496.0000000000,0
1900,355,0.0081410660,19560496.0000000000,39
1900,356,0.0081474670,19560496.0000000000,7
1900,357,0.0071362220,17158704.0000000000,21
1900,358,0.0070590010,17158704.0000000000,8
1900,359,0.0069482800,17158704.0000000000,33
1900,360,0.0081863920,19560496.0000000000,9
1900,361,0.0081759230,19560496.0000000000,38
1900,362,0.0081859420,19560496.0000000000,5
1900,363,0.0081933040,19560496.0000000000,12
1900,364,0.0081504440,19560496.0000000000,26
1900,365,0.0081406100,19560496.0000000000,0
1900,366,0.0081856430,19560496.0000000000,35
1900,367,0.0081216580,19560496.0000000000,7
1900,368,0.0081800960,19560496.0000000000,18
1900,369,0.0081573120,19560496.0000000000,31
1900,370,0.0081602020,19560496.0000000000,8
1900,371,0.0081994260,19560496.0000000000,15
1900,372,0.0071472020,17158704.0000000000,3
1900,373,0.0070818910,17158704.0000000000,19
1900,374,0.0070653050,17158704.0000000000,25
1900,375,0.0081548120,19560496.0000000000,9
1900,376,0.0081739400,19560496.0000000000,38
1900,377,0.0081617760,19560496.0000000000,9
1900,378,0.0082047330,19560496.0000000000,23
1900,379,0.0081757640,19560496.0000000000,24
1900,380,0.0081747220,19560496.0000000000,36
1900,381,0.0081677910,19560496.0000000000,34
1900,382,0.0081469430,19560496.0000000000,0
1900,383,0.0081699780,19560496.0000000000,18
1900,384,0.0081429730,19560496.0000000000,29
1900,385,0.0081779350,19560496.0000000000,24
1900,386,0.0081440220,19560496.0000000000,37
1900,387,0.0071619650,17158704.0000000000,12
1900,388,0.0071365210,17158704.0000000000,28
1900,389,0.0071095910,17158704.0000000000,22
1900,390,0.0081664860,19560496.0000000000,35
1900,391,0.0081424860,19560496.0000000000,11
1900,392,0.0081933250,19560496.0000000000,3
1900,393,0.0081794600,19560496.0000000000,35
1900,394,0.0081498120,19560496.0000000000,8
1900,395,0.0081471480,19560496.0000000000,39
1900,396,0.0081645380,19560496.0000000000,1
1900,397,0.0081591910,19560496.0000000000,37
1900,398,0.0081685240,19560496.0000000000,2
1900,399,0.0082002160,19560496.0000000000,23
1900,400,0.0081635650,19560496.0000000000,21
1900,401,0.0081710400,19560496.0000000000,1
1900,402,0.0071061020,17158704.0000000000,39
1900,403,0.0069799900,17158704.0000000000,24
1900,404,0.0069599880,17158704.0000000000,29
1900,405,0.0081622340,19560496.0000000000,10
1900,406,0.0082034230,19560496.0000000000,21
1900,407,0.0081924220,19560496.0000000000,17
1900,408,0.0081298330,19560496.0000000000,11
1900,409,0.0081634100,19560496.0000000000,7
1900,410,0.0081974410,19560496.0000000000,16
1900,411,0.0081603330,19560496.0000000000,32
1900,412,0.0081829730,19560496.0000000000,1
1900,413,0.0081784310,19560496.0000000000,23
1900,414,0.0081792980,19560496.0000000000,24
1900,415,0.0081673890,19560496.0000000000,35
1900,416,0.0081862690,19560496.0000000000,22
1900,417,0.0070467290,17158704.0000000000,10
1900,418,0.0070538590,17158704.0000000000,36
1900,419,0.0069505750,17158704.0000000000,27
1900,420,0.0061830350,14756912.0000000000,14
1900,421,0.0061912540,14756912.0000000000,9
1900,422,0.0061932190,14756912.0000000000,6
1900,423,0.0061969440,14756912.0000000000,13
1900,424,0.0062376990,14756912.0000000000,16
1900,425,0.0061960210,14756912.0000000000,15
1900,426,0.0061816970,14756912.0000000000,0
1900,427,0.0061738020,14756912.0000000000,7
1900,428,0.0061710150,14756912.0000000000,5
1900,429,0.0062024240,14756912.0000000000,8
1900,430,0.0061956940,14756912.0000000000,4
1900,431,0.0061664540,14756912.0000000000,11
1900,432,0.0056854800,12944944.0000000000,1
1900,433,0.0056971810,12944944.0000000000,3
1900,434,0.0056880120,12944944.0000000000,2
1950,0,1.9997869276,83447664.0000000000,32
1950,1,2.0217678792,83065232.0000000000,33
1950,2,2.0663238124,83510448.0000000000,36
1950,3,1.8354073400,76126240.0000000000,6
1950,4,1.2306617208,59441424.0000000000,13
1950,5,1.2345547137,58941200.0000000000,31
1950,6,1.2344954406,58939744.0000000000,11
1950,7,1.2372864294,58932752.0000000000,4
1950,8,1.2339394080,58949920.0000000000,12
1950,9,1.3453570438,62151424.0000000000,37
1950,10,2.1146846216,84033328.0000000000,25
1950,11,2.7820990974,103743136.0000000000,28
1950,12,2.6137544466,95820480.0000000000,2
1950,13,2.3911906732,90360112.0000000000,27
1950,14,2.1826622732,84744768.0000000000,15
1950,15,3.6192220537,145296288.0000000000,37
1950,16,3.4764636489,139160848.0000000000,12
1950,17,3.1973857532,131565664.0000000000,19
1950,18,2.7812524868,119298528.0000000000,39
1950,19,2.1883292683,102161584.0000000000,38
1950,20,2.1827188455,101923296.0000000000,9
1950,21,2.1223357784,101055936.0000000000,30
1950,22,2.1068965148,100372256.0000000000,5
1950,23,2.1138784528,101072848.0000000000,3
1950,24,2.4398474043,109307008.0000000000,1
1950,25,3.6065028930,141578672.0000000000,34
1950,26,4.7531531357,176094272.0000000000,8
1950,27,4.2152483523,155600112.0000000000,38
1950,28,3.7988773379,144171632.0000000000,17
1950,29,3.4996502499,137311184.0000000000,7
1950,30,3.9116410968,159553392.0000000000,11
1950,31,4.1680051352,166864864.0000000000,4
1950,32,4.4630855765,173191072.0000000000,0
1950,33,4.8137297779,182191840.0000000000,26
1950,34,5.4149449298,197436544.0000000000,29
1950,35,5.3938222972,195145584.0000000000,9
1950,36,4.8092846145,179869952.0000000000,2
1950,37,4.6335897438,176433088.0000000000,3
1950,38,4.9434136446,182348000.0000000000,28
1950,39,5.4438780089,197909248.0000000000,1
1950,40,4.4089349557,170505408.0000000000,18
1950,41,3.7125073073,152303072.0000000000,31
1950,42,3.1439219461,129657392.0000000000,18
1950,43,3.1373483951,129904640.0000000000,29
1950,44,3.1388145871,130509584.0000000000,8
1950,45,3.6671295545,153693552.0000000000,16
1950,46,3.6613296268,153779008.0000000000,11
1950,47,3.6638906598,153782784.0000000000,32
1950,48,3.6667536905,153775600.0000000000,14
1950,49,3.6659994842,153779120.0000000000,1
1950,50,3.8815205682,162490032.0000000000,34
1950,51,4.4628972829,179019104.0000000000,13
1950,52,4.5509846127,182537136.0000000000,30
1950,53,4.3054347145,174786736.0000000000,17
1950,54,3.6910398053,155001936.0000000000,2
1950,55,3.6647362369,153782912.0000000000,35
1950,56,3.6642592625,153778640.0000000000,27
1950,57,3.2418223929,134599088.0000000000,4
1950,58,3.2416610285,134599536.0000000000,32
1950,59,3.2399469882,134512512.0000000000,0
1950,60,3.6622038375,153694944.0000000000,30
1950,61,3.6622873108,153776800.0000000000,7
1950,62,3.6645923174,153778368.0000000000,19
1950,63,3.6628501241,153780016.0000000000,8
1950,64,3.6693795323,153779728.0000000000,22
1950,65,3.6633462561,153775232.0000000000,38
1950,66,3.6656797623,153779232.0000000000,10
1950,67,3.6680207399,153778608.0000000000,22
1950,68,3.6659477094,153781312.0000000000,13
1950,69,3.6652011241,153780464.0000000000,6
1950,70,3.6688609999,153780800.0000000000,21
1950,71,3.6671919319,153779936.0000000000,21
1950,72,3.2425685535,134598880.0000000000,25
1950,73,3.2449967388,134600624.0000000000,15
1950,74,3.2358856627,134515648.0000000000,11
1950,75,3.6610662882,153695008.0000000000,31
1950,76,3.6672792122,153777184.0000000000,17
1950,77,3.6661315885,153778560.0000000000,12
1950,78,3.6639445068,153778240.0000000000,36
1950,79,3.6623931589,153778224.0000000000,37
1950,80,3.6690057361,153780144.0000000000,23
1950,81,3.6638500928,153778128.0000000000,32
1950,82,3.6644233876,153778224.0000000000,27
1950,83,3.6634676809,153776240.0000000000,25
1950,84,3.6648949619,153779936.0000000000,6
1950,85,3.6641682417,153775088.0000000000,26
1950,86,3.6622957967,153780624.0000000000,7
1950,87,3.2368840154,134602544.0000000000,31
1950,88,3.2392771223,134598736.0000000000,37
1950,89,3.2334730706,134511696.0000000000,33
1950,90,3.6592654568,153692896.0000000000,29
1950,91,3.6626000215,153774976.0000000000,5
1950,92,3.6613725077,153780304.0000000000,33
1950,93,3.6673687081,153781280.0000000000,23
1950,94,3.6638550942,153775696.0000000000,9
1950,95,3.6626594482,153781584.0000000000,3
1950,96,3.6638831408,153779632.0000000000,0
1950,97,3.6634668781,153781904.0000000000,35
1950,98,3.6652035215,153781600.0000000000,24
1950,99,3.6652372656,153778560.0000000000,4
1950,100,3.6648272524,153778096.0000000000,28
1950,101,3.6634339486,153775536.0000000000,24
1950,102,3.2367261630,134597200.0000000000,27
1950,103,3.2377630145,134600336.0000000000,30
1950,104,3.2431506192,134513872.0000000000,12
1950,105,3.6600677358,153371104.0000000000,18
1950,106,3.6715285096,153770496.0000000000,16
1950,107,3.6694030090,153780432.0000000000,14
1950,108,3.6715799340,153775152.0000000000,20
1950,109,3.6685335397,153779232.0000000000,19
1950,110,3.6710295792,153764128.0000000000,22
1950,111,3.6697645467,153777776.0000000000,14
1950,112,3.6671741260,153793072.0000000000,36
1950,113,3.6719485601,153774304.0000000000,16
1950,114,3.6659891956,153776784.0000000000,25
1950,115,3.6650011756,153777872.0000000000,33
1950,116,3.6705847900,153782928.0000000000,20
1950,117,3.2396210991,134600512.0000000000,5
1950,118,3.2438268971,134606208.0000000000,36
1950,119,3.2136942279,134188000.0000000000,34
1950,120,3.6578778125,153144864.0000000000,10
1950,121,3.6646819463,153792752.0000000000,39
1950,122,3.6700490835,153754144.0000000000,15
1950,123,3.6694561585,153781248.0000000000,21
1950,124,3.6645795802,153788592.0000000000,39
1950,125,3.6661939265,153789744.0000000000,24
1950,126,3.6684822712,153762320.0000000000,20
1950,127,3.6658229779,153781216.0000000000,5
1950,128,3.6663746971,153769504.0000000000,35
1950,129,3.6710702327,153788208.0000000000,15
1950,130,3.6666864420,153760096.0000000000,10
1950,131,3.6702975524,153791760.0000000000,23
1950,132,3.2440590236,134614752.0000000000,6
1950,133,3.2475284371,134584016.0000000000,13
1950,134,3.2106477234,133972416.0000000000,26
1950,135,0.6499743727,33517296.0000000000,16
1950,136,0.6488171476,33595504.0000000000,34
1950,137,0.6491644817,33612464.0000000000,39
1950,138,0.6489173474,33572640.0000000000,26
1950,139,0.6494821018,33583920.0000000000,18
1950,140,0.6480507762,33582112.0000000000,7
1950,141,0.6487363989,33596400.0000000000,19
1950,142,0.6504849262,33587408.0000000000,10
1950,143,0.6497680611,33591040.0000000000,38
1950,144,0.6509059595,33576688.0000000000,17
1950,145,0.6495636673,33585760.0000000000,14
1950,146,0.6491195732,33586304.0000000000,0
1950,147,0.6070750980,29437392.0000000000,21
1950,148,0.6073611950,29425280.0000000000,20
1950,149,0.6044868266,29362400.0000000000,22
1950,150,0.2675445089,19560496.0000000000,21
1950,151,0.2666500500,19560496.0000000000,32
1950,152,0.2669819008,19560496.0000000000,31
1950,153,0.2671162072,19560496.0000000000,38
1950,154,0.2678796992,19560496.0000000000,23
1950,155,0.2674699820,19560496.0000000000,28
1950,156,0.2659710427,19560496.0000000000,7
1950,157,0.2673325551,19560496.0000000000,12
1950,158,0.2666838158,19560496.0000000000,2
1950,159,0.2669379445,19560496.0000000000,8
1950,160,0.2670825176,19560496.0000000000,10
1950,161,0.2664098328,19560496.0000000000,2
1950,162,0.2300377472,17158704.0000000000,2
1950,163,0.2324607631,17158704.0000000000,17
1950,164,0.2287774842,17158704.0000000000,29
1950,165,0.2662797221,19560496.0000000000,29
1950,166,0.2662748542,19560496.0000000000,34
1950,167,0.2677033046,19560496.0000000000,21
1950,168,0.2662524811,19560496.0000000000,19
1950,169,0.2668617317,19560496.0000000000,35
1950,170,0.2670953900,19560496.0000000000,9
1950,171,0.2669501470,19560496.0000000000,31
1950,172,0.2673387146,19560496.0000000000,22
1950,173,0.2679312474,19560496.0000000000,17
1950,174,0.2676662189,19560496.0000000000,16
1950,175,0.2675109423,19560496.0000000000,23
1950,176,0.2664085013,19560496.0000000000,26
1950,177,0.2294653556,17158704.0000000000,19
1950,178,0.2311670351,17158704.0000000000,6
1950,179,0.2330378303,17158704.0000000000,9
1950,180,0.2668217544,19560496.0000000000,6
1950,181,0.2660541151,19560496.0000000000,7
1950,182,0.2670330336,19560496.0000000000,38
1950,183,0.2672222874,19560496.0000000000,10
1950,184,0.2665282382,19560496.0000000000,14
1950,185,0.2668940766,19560496.0000000000,3
1950,186,0.2666437619,19560496.0000000000,2
1950,187,0.2666884023,19560496.0000000000,3
1950,188,0.2677658506,19560496.0000000000,20
1950,189,0.2673629349,19560496.0000000000,22
1950,190,0.2667373776,19560496.0000000000,24
1950,191,0.2672949765,19560496.0000000000,28
1950,192,0.2324725017,17158704.0000000000,17
1950,193,0.2324266322,17158704.0000000000,38
1950,194,0.2317444854,17158704.0000000000,30
1950,195,0.2665380195,19560496.0000000000,24
1950,196,0.2666987143,19560496.0000000000,34
1950,197,0.2669393426,19560496.0000000000,8
1950,198,0.2664445000,19560496.0000000000,24
1950,199,0.2665672824,19560496.0000000000,26
1950,200,0.2664838556,19560496.0000000000,34
1950,201,0.2676315188,19560496.0000000000,16
1950,202,0.2665561390,19560496.0000000000,14
1950,203,0.2666787431,19560496.0000000000,35
1950,204,0.2667693984,19560496.0000000000,4
1950,205,0.2670067728,19560496.0000000000,4
1950,206,0.2664990155,19560496.0000000000,34
1950,207,0.2304166545,17158704.0000000000,0
1950,208,0.2325812357,17158704.0000000000,21
1950,209,0.2316457002,17158704.0000000000,16
1950,210,0.2667228551,19560496.0000000000,18
1950,211,0.2665616396,19560496.0000000000,29
1950,212,0.2667448312,19560496.0000000000,3
1950,213,0.2664430143,19560496.0000000000,19
1950,214,0.2673989219,19560496.0000000000,28
1950,215,0.2678354136,19560496.0000000000,20
1950,216,0.2659169192,19560496.0000000000,33
1950,217,0.2672251453,19560496.0000000000,22
1950,218,0.2662666735,19560496.0000000000,29
1950,219,0.2668311075,19560496.0000000000,13
1950,220,0.2663072569,19560496.0000000000,29
1950,221,0.2659160806,19560496.0000000000,11
1950,222,0.2322669249,17158704.0000000000,28
1950,223,0.2304635282,17158704.0000000000,5
1950,224,0.2333375465,17158704.0000000000,12
1950,225,0.2676849058,19560496.0000000000,16
1950,226,0.2668966852,19560496.0000000000,35
1950,227,0.2664079047,19560496.0000000000,14
1950,228,0.2670415232,19560496.0000000000,8
1950,229,0.2669057571,19560496.0000000000,18
1950,230,0.2670142609,19560496.0000000000,13
1950,231,0.2665646592,19560496.0000000000,2
1950,232,0.2673366015,19560496.0000000000,28
1950,233,0.2668826959,19560496.0000000000,1
1950,234,0.2672564357,19560496.0000000000,28
1950,235,0.2664198253,19560496.0000000000,39
1950,236,0.2677201633,19560496.0000000000,23
1950,237,0.2307107931,17158704.0000000000,4
1950,238,0.2304403078,17158704.0000000000,31
1950,239,0.2307235435,17158704.0000000000,23
1950,240,0.2677826108,19560496.0000000000,23
1950,241,0.2665952835,19560496.0000000000,2
1950,242,0.2663701850,19560496.0000000000,39
1950,243,0.2672559020,19560496.0000000000,30
1950,244,0.2669289682,19560496.0000000000,18
1950,245,0.2662425462,19560496.0000000000,0
1950,246,0.2667079600,19560496.0000000000,4
1950,247,0.2669081853,19560496.0000000000,8
1950,248,0.2669355844,19560496.0000000000,1
1950,249,0.2663918924,19560496.0000000000,27
1950,250,0.2666585660,19560496.0000000000,5
1950,251,0.2673116425,19560496.0000000000,10
1950,252,0.2316795517,17158704.0000000000,34
1950,253,0.2325847992,17158704.0000000000,26
1950,254,0.2306132726,17158704.0000000000,35
1950,255,0.2666864010,19560496.0000000000,4
1950,256,0.2665597548,19560496.0000000000,36
1950,257,0.2669365143,19560496.0000000000,3
1950,258,0.2666064940,19560496.0000000000,26
1950,259,0.2675271771,19560496.0000000000,23
1950,260,0.2663951283,19560496.0000000000,27
1950,261,0.2665829608,19560496.0000000000,36
1950,262,0.2662682908,19560496.0000000000,37
1950,263,0.2658918822,19560496.0000000000,11
1950,264,0.2678197283,19560496.0000000000,16
1950,265,0.2675725653,19560496.0000000000,21
1950,266,0.2671993264,19560496.0000000000,38
1950,267,0.2308202729,17158704.0000000000,35
1950,268,0.2324525751,17158704.0000000000,20
1950,269,0.2309958004,17158704.0000000000,30
1950,270,0.2662744755,19560496.0000000000,24
1950,271,0.2661932691,19560496.0000000000,0
1950,272,0.2673844255,19560496.0000000000,10
1950,273,0.2662769843,19560496.0000000000,39
1950,274,0.2659895397,19560496.0000000000,7
1950,275,0.2662167442,19560496.0000000000,29
1950,276,0.2665437376,19560496.0000000000,24
1950,277,0.2675884110,19560496.0000000000,12
1950,278,0.2662058171,19560496.0000000000,39
1950,279,0.2665144891,19560496.0000000000,14
1950,280,0.2676564945,19560496.0000000000,21
1950,281,0.2666747015,19560496.0000000000,24
1950,282,0.2281221157,17158704.0000000000,7
1950,283,0.2325026962,17158704.0000000000,13
1950,284,0.2332454646,17158704.0000000000,15
1950,285,0.2670115989,19560496.0000000000,18
1950,286,0.2666607466,19560496.0000000000,2
1950,287,0.2665632062,19560496.0000000000,25
1950,288,0.2671148790,19560496.0000000000,38
1950,289,0.2661906169,19560496.0000000000,29
1950,290,0.2666376442,19560496.0000000000,34
1950,291,0.2678663666,19560496.0000000000,17
1950,292,0.2668481517,19560496.0000000000,1
1950,293,0.2662925511,19560496.0000000000,19
1950,294,0.2663930058,19560496.0000000000,14
1950,295,0.2668187318,19560496.0000000000,35
1950,296,0.2664879289,19560496.0000000000,19
1950,297,0.2301939742,17158704.0000000000,11
1950,298,0.2317144734,17158704.0000000000,32
1950,299,0.2287764266,17158704.0000000000,14
1950,300,0.2672286455,19560496.0000000000,10
1950,301,0.2667754833,19560496.0000000000,1
1950,302,0.2668348842,19560496.0000000000,8
1950,303,0.2677213619,19560496.0000000000,20
1950,304,0.2662711909,19560496.0000000000,39
1950,305,0.2669959567,19560496.0000000000,9
1950,306,0.2678148401,19560496.0000000000,20
1950,307,0.2679939335,19560496.0000000000,17
1950,308,0.2664330228,19560496.0000000000,26
1950,309,0.2658827160,19560496.0000000000,7
1950,310,0.2663838733,19560496.0000000000,37
1950,311,0.2673910115,19560496.0000000000,22
1950,312,0.2313872714,17158704.0000000000,25
1950,313,0.2314022150,17158704.0000000000,37
1950,314,0.2336240511,17158704.0000000000,20
1950,315,0.2674124288,19560496.0000000000,12
1950,316,0.2677597234,19560496.0000000000,17
1950,317,0.2669483166,19560496.0000000000,31
1950,318,0.2666266080,19560496.0000000000,6
1950,319,0.2663591364,19560496.0000000000,34
1950,320,0.2664930367,19560496.0000000000,14
1950,321,0.2666645666,19560496.0000000000,32
1950,322,0.2667639132,19560496.0000000000,9
1950,323,0.2671032758,19560496.0000000000,38
1950,324,0.2668014352,19560496.0000000000,9
1950,325,0.2660117921,19560496.0000000000,33
1950,326,0.2660073365,19560496.0000000000,11
1950,327,0.2279747615,17158704.0000000000,33
1950,328,0.2293692837,17158704.0000000000,18
1950,329,0.2296509603,17158704.0000000000,18
1950,330,0.2662804132,19560496.0000000000,0
1950,331,0.2675786033,19560496.0000000000,16
1950,332,0.2680893018,19560496.0000000000,15
1950,333,0.2676985303,19560496.0000000000,20
1950,334,0.2661518051,19560496.0000000000,0
1950,335,0.2680339643,19560496.0000000000,17
1950,336,0.2669001167,19560496.0000000000,31
1950,337,0.2667691622,19560496.0000000000,6
1950,338,0.2663656142,19560496.0000000000,19
1950,339,0.2673143291,19560496.0000000000,12
1950,340,0.2667204099,19560496.0000000000,3
1950,341,0.2673175422,19560496.0000000000,28
1950,342,0.2307382485,17158704.0000000000,22
1950,343,0.2328820413,17158704.0000000000,10
1950,344,0.2301131919,17158704.0000000000,1
1950,345,0.2668440120,19560496.0000000000,4
1950,346,0.2667739416,19560496.0000000000,3
1950,347,0.2671375816,19560496.0000000000,22
1950,348,0.2665181799,19560496.0000000000,26
1950,349,0.2667477802,19560496.0000000000,13
1950,350,0.2677331733,19560496.0000000000,23
1950,351,0.2666246356,19560496.0000000000,26
1950,352,0.2664204712,19560496.0000000000,19
1950,353,0.2678381054,19560496.0000000000,20
1950,354,0.2663221465,19560496.0000000000,0
1950,355,0.2661565354,19560496.0000000000,39
1950,356,0.2658825769,19560496.0000000000,7
1950,357,0.2327274905,17158704.0000000000,21
1950,358,0.2310248114,17158704.0000000000,8
1950,359,0.2279431002,17158704.0000000000,33
1950,360,0.2667822376,19560496.0000000000,9
1950,361,0.2670137153,19560496.0000000000,38
1950,362,0.2668372676,19560496.0000000000,5
1950,363,0.2674476741,19560496.0000000000,12
1950,364,0.2664031604,19560496.0000000000,26
1950,365,0.2663164793,19560496.0000000000,0
1950,366,0.2668190057,19560496.0000000000,35
1950,367,0.2659378719,19560496.0000000000,7
1950,368,0.2669381279,19560496.0000000000,18
1950,369,0.2668688847,19560496.0000000000,31
1950,370,0.2669374311,19560496.0000000000,8
1950,371,0.2680604813,19560496.0000000000,15
1950,372,0.2329338215,17158704.0000000000,3
1950,373,0.2292549657,17158704.0000000000,19
1950,374,0.2313676860,17158704.0000000000,25
1950,375,0.2667758889,19560496.0000000000,9
1950,376,0.2672413291,19560496.0000000000,38
1950,377,0.2667412489,19560496.0000000000,9
1950,378,0.2675528125,19560496.0000000000,23
1950,379,0.2664628998,19560496.0000000000,24
1950,380,0.2665981344,19560496.0000000000,36
1950,381,0.2664618463,19560496.0000000000,34
1950,382,0.2662447058,19560496.0000000000,0
1950,383,0.2669261399,19560496.0000000000,18
1950,384,0.2663224118,19560496.0000000000,29
1950,385,0.2665780838,19560496.0000000000,24
1950,386,0.2663393513,19560496.0000000000,37
1950,387,0.2330188136,17158704.0000000000,12
1950,388,0.2324548333,17158704.0000000000,28
1950,389,0.2310638198,17158704.0000000000,22
1950,390,0.2665619899,19560496.0000000000,35
1950,391,0.2658955820,19560496.0000000000,11
1950,392,0.2667966853,19560496.0000000000,3
1950,393,0.2666644601,19560496.0000000000,35
1950,394,0.2668713761,19560496.0000000000,8
1950,395,0.2661768696,19560496.0000000000,39
1950,396,0.2669048288,19560496.0000000000,1
1950,397,0.2662049924,19560496.0000000000,37
1950,398,0.2665998858,19560496.0000000000,2
1950,399,0.2677280469,19560496.0000000000,23
1950,400,0.2677220051,19560496.0000000000,21
1950,401,0.2668736574,19560496.0000000000,1
1950,402,0.2314194370,17158704.0000000000,39
1950,403,0.2286461726,17158704.0000000000,24
1950,404,0.2284954443,17158704.0000000000,29
1950,405,0.2672092597,19560496.0000000000,10
1950,406,0.2677402892,19560496.0000000000,21
1950,407,0.2678707450,19560496.0000000000,17
1950,408,0.2659555423,19560496.0000000000,11
1950,409,0.2660138922,19560496.0000000000,7
1950,410,0.2677444426,19560496.0000000000,16
1950,411,0.2666516769,19560496.0000000000,32
1950,412,0.2669579617,19560496.0000000000,1
1950,413,0.2675624833,19560496.0000000000,23
1950,414,0.2665482856,19560496.0000000000,24
1950,415,0.2667969646,19560496.0000000000,35
1950,416,0.2672513332,19560496.0000000000,22
1950,417,0.2328220620,17158704.0000000000,10
1950,418,0.2313571318,17158704.0000000000,36
1950,419,0.2281382337,17158704.0000000000,27
1950,420,0.2017651297,14756912.0000000000,14
1950,421,0.2019239008,14756912.0000000000,9
1950,422,0.2020481817,14756912.0000000000,6
1950,423,0.2023309592,14756912.0000000000,13
1950,424,0.2031747674,14756912.0000000000,16
1950,425,0.2026986370,14756912.0000000000,15
1950,426,0.2015900675,14756912.0000000000,0
1950,427,0.2014091315,14756912.0000000000,7
1950,428,0.2017241863,14756912.0000000000,5
1950,429,0.2024988717,14756912.0000000000,8
1950,430,0.2023803928,14756912.0000000000,4
1950,431,0.2014245794,14756912.0000000000,11
1950,432,0.1858200704,12944944.0000000000,1
1950,433,0.1864875348,12944944.0000000000,3
1950,434,0.1856817144,12944944.0000000000,2
2000,0,0.0621244220,83575200.0000000000,32
2000,1,0.0626471040,82904416.0000000000,33
2000,2,0.0631274530,82708352.0000000000,36
2000,3,0.0558082020,74900016.0000000000,6
2000,4,0.0381052240,59239488.0000000000,13
2000,5,0.0385777760,58941792.0000000000,31
2000,6,0.0385133150,58940192.0000000000,11
2000,7,0.0383364360,58931392.0000000000,4
2000,8,0.0385887760,58940736.0000000000,12
2000,9,0.0396510680,61452384.0000000000,37
2000,10,0.0636693670,83109584.0000000000,25
2000,11,0.0857297350,103105776.0000000000,28
2000,12,0.0815486850,95972992.0000000000,2
2000,13,0.0754001200,90937024.0000000000,27
2000,14,0.0680904760,85019920.0000000000,15
2000,15,0.1117802740,144855776.0000000000,37
2000,16,0.1051403610,137192304.0000000000,12
2000,17,0.0987149850,131138896.0000000000,19
2000,18,0.0862496870,119745920.0000000000,39
2000,19,0.0684104400,102780432.0000000000,38
2000,20,0.0688577010,103057168.0000000000,9
2000,21,0.0678299250,101810480.0000000000,30
2000,22,0.0655673180,100642672.0000000000,5
2000,23,0.0675422060,101352304.0000000000,3
2000,24,0.0759768460,109952320.0000000000,1
2000,25,0.1109912690,141106192.0000000000,34
2000,26,0.1501947420,177510160.0000000000,8
2000,27,0.1326829000,156405504.0000000000,38
2000,28,0.1189239600,144942528.0000000000,17
2000,29,0.1087293440,137374016.0000000000,7
2000,30,0.1227709250,160480080.0000000000,11
2000,31,0.1326709430,168972368.0000000000,4
2000,32,0.1394811620,173525840.0000000000,0
2000,33,0.1506105760,182294032.0000000000,26
2000,34,0.1677063660,196447328.0000000000,29
2000,35,0.1561975000,186984656.0000000000,9
2000,36,0.1412350700,173905200.0000000000,2
2000,37,0.1367722110,171130592.0000000000,3
2000,38,0.1455970330,176886688.0000000000,28
2000,39,0.1656349910,194536016.0000000000,1
2000,40,0.1363282450,169559440.0000000000,18
2000,41,0.1157293470,152246928.0000000000,31
2000,42,0.0970174680,129304768.0000000000,18
2000,43,0.0964810500,129618192.0000000000,29
2000,44,0.0971490120,130193040.0000000000,8
2000,45,0.1139463890,153692416.0000000000,16
2000,46,0.1137093990,153781296.0000000000,11
2000,47,0.1137762360,153782592.0000000000,32
2000,48,0.1139479420,153777584.0000000000,14
2000,49,0.1139002610,153777856.0000000000,1
2000,50,0.1308546330,169129840.0000000000,34
2000,51,0.1464682520,183704064.0000000000,13
2000,52,0.1486556250,186921376.0000000000,30
2000,53,0.1424202300,179237168.0000000000,17
2000,54,0.1190092490,158378512.0000000000,2
2000,55,0.1138430150,153779520.0000000000,35
2000,56,0.1138124400,153775760.0000000000,27
2000,57,0.1006208590,134598416.0000000000,4
2000,58,0.1006616790,134597648.0000000000,32
2000,59,0.1005766400,134513360.0000000000,0
2000,60,0.1138175620,153692832.0000000000,30
2000,61,0.1139163820,153778304.0000000000,7
2000,62,0.1138104350,153774688.0000000000,19
2000,63,0.1138345030,153778672.0000000000,8
2000,64,0.1140016990,153777968.0000000000,22
2000,65,0.1138408680,153779952.0000000000,38
2000,66,0.1138258850,153778416.0000000000,10
2000,67,0.1140382910,153780816.0000000000,22
2000,68,0.1141180520,153776688.0000000000,13
2000,69,0.1138805640,153782688.0000000000,6
2000,70,0.1140196130,153779520.0000000000,21
2000,71,0.1138585650,153779328.0000000000,21
2000,72,0.1006006810,134599408.0000000000,25
2000,73,0.1008565410,134602064.0000000000,15
2000,74,0.1005851280,134511952.0000000000,11
2000,75,0.1137304800,153693120.0000000000,31
2000,76,0.1139794200,153775648.0000000000,17
2000,77,0.1139633340,153781712.0000000000,12
2000,78,0.1139156320,153778448.0000000000,36
2000,79,0.1137406930,153777648.0000000000,37
2000,80,0.1140174200,153778576.0000000000,23
2000,81,0.1137991910,153780032.0000000000,32
2000,82,0.1138699810,153777744.0000000000,27
2000,83,0.1137317840,153776576.0000000000,25
2000,84,0.1140001270,153779344.0000000000,6
2000,85,0.1138551010,153780688.0000000000,26
2000,86,0.1137436600,153776864.0000000000,7
2000,87,0.1005930640,134601760.0000000000,31
2000,88,0.1006183130,134599824.0000000000,37
2000,89,0.1006663260,134512672.0000000000,33
2000,90,0.1135271200,153693408.0000000000,29
2000,91,0.1137955290,153778144.0000000000,5
2000,92,0.1136948200,153776928.0000000000,33
2000,93,0.1139300140,153782592.0000000000,23
2000,94,0.1137983820,153776592.0000000000,9
2000,95,0.1138325500,153779792.0000000000,3
2000,96,0.1137971760,153777328.0000000000,0
2000,97,0.1138247410,153781728.0000000000,35
2000,98,0.1138993650,153781040.0000000000,24
2000,99,0.1139827220,153783328.0000000000,4
2000,100,0.1138176210,153775712.0000000000,28
2000,101,0.1138003550,153779840.0000000000,24
2000,102,0.1005716380,134598768.0000000000,27
2000,103,0.1006627680,134597392.0000000000,30
2000,104,0.1007996000,134513680.0000000000,12
2000,105,0.1136939680,153359712.0000000000,18
2000,106,0.1141797780,153766208.0000000000,16
2000,107,0.1139736330,153778832.0000000000,14
2000,108,0.1140930350,153777440.0000000000,20
2000,109,0.1140462200,153781136.0000000000,19
2000,110,0.1140356550,153761248.0000000000,22
2000,111,0.1140582550,153779456.0000000000,14
2000,112,0.1140365150,153794688.0000000000,36
2000,113,0.1141336320,153775744.0000000000,16
2000,114,0.1138881970,153767792.0000000000,25
2000,115,0.1138280360,153778368.0000000000,33
2000,116,0.1140470290,153779520.0000000000,20
2000,117,0.1006032260,134604000.0000000000,5
2000,118,0.1007494180,134604528.0000000000,36
2000,119,0.0999329770,134179632.0000000000,34
2000,120,0.1136194570,153127664.0000000000,10
2000,121,0.1138360270,153791536.0000000000,39
2000,122,0.1139156890,153751408.0000000000,15
2000,123,0.1139649780,153782576.0000000000,21
2000,124,0.1138717300,153788320.0000000000,39
2000,125,0.1138618140,153794752.0000000000,24
2000,126,0.1139469860,153764752.0000000000,20
2000,127,0.1139010450,153778336.0000000000,5
2000,128,0.1139686980,153770720.0000000000,35
2000,129,0.1140011330,153796592.0000000000,15
2000,130,0.1137999980,153756400.0000000000,10
2000,131,0.1139659920,153790576.0000000000,23
2000,132,0.1007450410,134613808.0000000000,6
2000,133,0.1009139020,134581280.0000000000,13
2000,134,0.0997155100,133955648.0000000000,26
2000,135,0.0200367200,33515792.0000000000,16
2000,136,0.0200982660,33597520.0000000000,34
2000,137,0.0200528000,33613312.0000000000,39
2000,138,0.0200418390,33571248.0000000000,26
2000,139,0.0201113850,33582624.0000000000,18
2000,140,0.0201230050,33580192.0000000000,7
2000,141,0.0200356150,33595376.0000000000,19
2000,142,0.0200363990,33586640.0000000000,10
2000,143,0.0200582900,33590816.0000000000,38
2000,144,0.0200730210,33575648.0000000000,17
2000,145,0.0200519020,33586208.0000000000,14
2000,146,0.0200797070,33585248.0000000000,0
2000,147,0.0187225850,29439552.0000000000,21
2000,148,0.0188022160,29426096.0000000000,20
2000,149,0.0186406230,29360384.0000000000,22
2000,150,0.0082248020,19560496.0000000000,21
2000,151,0.0081673610,19560496.0000000000,32
2000,152,0.0081724910,19560496.0000000000,31
2000,153,0.0081857530,19560496.0000000000,38
2000,154,0.0081918390,19560496.0000000000,23
2000,155,0.0081902090,19560496.0000000000,28
2000,156,0.0081425020,19560496.0000000000,7
2000,157,0.0081871030,19560496.0000000000,12
2000,158,0.0081559400,19560496.0000000000,2
2000,159,0.0081703810,19560496.0000000000,8
2000,160,0.0081643500,19560496.0000000000,10
2000,161,0.0081782230,19560496.0000000000,2
2000,162,0.0070113190,17158704.0000000000,2
2000,163,0.0070372590,17158704.0000000000,17
2000,164,0.0069708900,17158704.0000000000,29
2000,165,0.0081237190,19560496.0000000000,29
2000,166,0.0081605750,19560496.0000000000,34
2000,167,0.0081788840,19560496.0000000000,21
2000,168,0.0081688050,19560496.0000000000,19
2000,169,0.0081611670,19560496.0000000000,35
2000,170,0.0081700990,19560496.0000000000,9
2000,171,0.0081663580,19560496.0000000000,31
2000,172,0.0081636360,19560496.0000000000,22
2000,173,0.0081854970,19560496.0000000000,17
2000,174,0.0082087050,19560496.0000000000,16
2000,175,0.0082013170,19560496.0000000000,23
2000,176,0.0081539410,19560496.0000000000,26
2000,177,0.0070292310,17158704.0000000000,19
2000,178,0.0070219780,17158704.0000000000,6
2000,179,0.0071400170,17158704.0000000000,9
2000,180,0.0081535120,19560496.0000000000,6
2000,181,0.0081771780,19560496.0000000000,7
2000,182,0.0082009420,19560496.0000000000,38
2000,183,0.0081927350,19560496.0000000000,10
2000,184,0.0081550900,19560496.0000000000,14
2000,185,0.0081557200,19560496.0000000000,3
2000,186,0.0081575830,19560496.0000000000,2
2000,187,0.0081603770,19560496.0000000000,3
2000,188,0.0081950170,19560496.0000000000,20
2000,189,0.0081876120,19560496.0000000000,22
2000,190,0.0081945490,19560496.0000000000,24
2000,191,0.0081837750,19560496.0000000000,28
2000,192,0.0070585780,17158704.0000000000,17
2000,193,0.0070781970,17158704.0000000000,38
2000,194,0.0070418380,17158704.0000000000,30
2000,195,0.0081638910,19560496.0000000000,24
2000,196,0.0081492540,19560496.0000000000,34
2000,197,0.0081854310,19560496.0000000000,8
2000,198,0.0081411070,19560496.0000000000,24
2000,199,0.0081833770,19560496.0000000000,26
2000,200,0.0081595560,19560496.0000000000,34
2000,201,0.0081925120,19560496.0000000000,16
2000,202,0.0081840950,19560496.0000000000,14
2000,203,0.0081548750,19560496.0000000000,35
2000,204,0.0081666790,19560496.0000000000,4
2000,205,0.0081767990,19560496.0000000000,4
2000,206,0.0081387940,19560496.0000000000,34
2000,207,0.0070502280,17158704.0000000000,0
2000,208,0.0071387760,17158704.0000000000,21
2000,209,0.0071861260,17158704.0000000000,16
2000,210,0.0081628350,19560496.0000000000,18
2000,211,0.0081416930,19560496.0000000000,29
2000,212,0.0081649280,19560496.0000000000,3
2000,213,0.0081749270,19560496.0000000000,19
2000,214,0.0081866490,19560496.0000000000,28
2000,215,0.0082136310,19560496.0000000000,20
2000,216,0.0081252870,19560496.0000000000,33
2000,217,0.0082057130,19560496.0000000000,22
2000,218,0.0081672930,19560496.0000000000,29
2000,219,0.0081704510,19560496.0000000000,13
2000,220,0.0081485370,19560496.0000000000,29
2000,221,0.0081643580,19560496.0000000000,11
2000,222,0.0070898010,17158704.0000000000,28
2000,223,0.0070115570,17158704.0000000000,5
2000,224,0.0070798760,17158704.0000000000,12
2000,225,0.0082095850,19560496.0000000000,16
2000,226,0.0081604350,19560496.0000000000,35
2000,227,0.0081564130,19560496.0000000000,14
2000,228,0.0081759820,19560496.0000000000,8
2000,229,0.0081702790,19560496.0000000000,18
2000,230,0.0081656310,19560496.0000000000,13
2000,231,0.0081727740,19560496.0000000000,2
2000,232,0.0081763300,19560496.0000000000,28
2000,233,0.0081715210,19560496.0000000000,1
2000,234,0.0082170900,19560496.0000000000,28
2000,235,0.0081365680,19560496.0000000000,39
2000,236,0.0082091830,19560496.0000000000,23
2000,237,0.0070786670,17158704.0000000000,4
2000,238,0.0070521760,17158704.0000000000,31
2000,239,0.0070870150,17158704.0000000000,23
2000,240,0.0081974500,19560496.0000000000,23
2000,241,0.0081404510,19560496.0000000000,2
2000,242,0.0081647520,19560496.0000000000,39
2000,243,0.0081668800,19560496.0000000000,30
2000,244,0.0081485760,19560496.0000000000,18
2000,245,0.0081379170,19560496.0000000000,0
2000,246,0.0081847960,19560496.0000000000,4
2000,247,0.0081904990,19560496.0000000000,8
2000,248,0.0081926840,19560496.0000000000,1
2000,249,0.0081609940,19560496.0000000000,27
2000,250,0.0081831100,19560496.0000000000,5
2000,251,0.0081888280,19560496.0000000000,10
2000,252,0.0071048110,17158704.0000000000,34
2000,253,0.0071286280,17158704.0000000000,26
2000,254,0.0070506110,17158704.0000000000,35
2000,255,0.0081426100,19560496.0000000000,4
2000,256,0.0081653130,19560496.0000000000,36
2000,257,0.0081681230,19560496.0000000000,3
2000,258,0.0081581180,19560496.0000000000,26
2000,259,0.0081934540,19560496.0000000000,23
2000,260,0.0081564870,19560496.0000000000,27
2000,261,0.0081742090,19560496.0000000000,36
2000,262,0.0081451650,19560496.0000000000,37
2000,263,0.0081359760,19560496.0000000000,11
2000,264,0.0082024410,19560496.0000000000,16
2000,265,0.0082012670,19560496.0000000000,21
2000,266,0.0081646330,19560496.0000000000,38
2000,267,0.0071190510,17158704.0000000000,35
2000,268,0.0071021660,17158704.0000000000,20
2000,269,0.0071022030,17158704.0000000000,30
2000,270,0.0081575290,19560496.0000000000,24
2000,271,0.0081554790,19560496.0000000000,0
2000,272,0.0081918330,19560496.0000000000,10
2000,273,0.0081432690,19560496.0000000000,39
2000,274,0.0081335530,19560496.0000000000,7
2000,275,0.0081487450,19560496.0000000000,29
2000,276,0.0081818150,19560496.0000000000,24
2000,277,0.0081965310,19560496.0000000000,12
2000,278,0.0081714050,19560496.0000000000,39
2000,279,0.0081734750,19560496.0000000000,14
2000,280,0.0081733440,19560496.0000000000,21
2000,281,0.0081685170,19560496.0000000000,24
2000,282,0.0070800010,17158704.0000000000,7
2000,283,0.0071462160,17158704.0000000000,13
2000,284,0.0071737580,17158704.0000000000,15
2000,285,0.0081673420,19560496.0000000000,18
2000,286,0.0081602690,19560496.0000000000,2
2000,287,0.0081512260,19560496.0000000000,25
2000,288,0.0082024450,19560496.0000000000,38
2000,289,0.0081338280,19560496.0000000000,29
2000,290,0.0081651260,19560496.0000000000,34
2000,291,0.0081945370,19560496.0000000000,17
2000,292,0.0081604290,19560496.0000000000,1
2000,293,0.0081505420,19560496.0000000000,19
2000,294,0.0081604920,19560496.0000000000,14
2000,295,0.0081479610,19560496.0000000000,35
2000,296,0.0081677740,19560496.0000000000,19
2000,297,0.0070561470,17158704.0000000000,11
2000,298,0.0070844840,17158704.0000000000,32
2000,299,0.0071075700,17158704.0000000000,14
2000,300,0.0081877480,19560496.0000000000,10
2000,301,0.0081770400,19560496.0000000000,1
2000,302,0.0081553440,19560496.0000000000,8
2000,303,0.0081996140,19560496.0000000000,20
2000,304,0.0081343140,19560496.0000000000,39
2000,305,0.0081724060,19560496.0000000000,9
2000,306,0.0082004770,19560496.0000000000,20
2000,307,0.0081985130,19560496.0000000000,17
2000,308,0.0081581890,19560496.0000000000,26
2000,309,0.0081529900,19560496.0000000000,7
2000,310,0.0081531410,19560496.0000000000,37
2000,311,0.0081845540,19560496.0000000000,22
2000,312,0.0070775320,17158704.0000000000,25
2000,313,0.0070061570,17158704.0000000000,37
2000,314,0.0071449490,17158704.0000000000,20
2000,315,0.0081993580,19560496.0000000000,12
2000,316,0.0081822520,19560496.0000000000,17
2000,317,0.0081796070,19560496.0000000000,31
2000,318,0.0081683620,19560496.0000000000,6
2000,319,0.0081386640,19560496.0000000000,34
2000,320,0.0081668730,19560496.0000000000,14
2000,321,0.0081775990,19560496.0000000000,32
2000,322,0.0081577760,19560496.0000000000,9
2000,323,0.0081742410,19560496.0000000000,38
2000,324,0.0081580150,19560496.0000000000,9
2000,325,0.0081412280,19560496.0000000000,33
2000,326,0.0081424870,19560496.0000000000,11
2000,327,0.0069969160,17158704.0000000000,33
2000,328,0.0069778210,17158704.0000000000,18
2000,329,0.0069760370,17158704.0000000000,18
2000,330,0.0081532570,19560496.0000000000,0
2000,331,0.0081939550,19560496.0000000000,16
2000,332,0.0082093450,19560496.0000000000,15
2000,333,0.0082039620,19560496.0000000000,20
2000,334,0.0081187990,19560496.0000000000,0
2000,335,0.0082003850,19560496.0000000000,17
2000,336,0.0081651680,19560496.0000000000,31
2000,337,0.0081572510,19560496.0000000000,6
2000,338,0.0081481560,19560496.0000000000,19
2000,339,0.0081952280,19560496.0000000000,12
2000,340,0.0081491180,19560496.0000000000,3
2000,341,0.0081926510,19560496.0000000000,28
2000,342,0.0070144950,17158704.0000000000,22
2000,343,0.0070874380,17158704.0000000000,10
2000,344,0.0071075660,17158704.0000000000,1
2000,345,0.0081678300,19560496.0000000000,4
2000,346,0.0081798970,19560496.0000000000,3
2000,347,0.0081556900,19560496.0000000000,22
2000,348,0.0081687380,19560496.0000000000,26
2000,349,0.0081727050,19560496.0000000000,13
2000,350,0.0081816300,19560496.0000000000,23
2000,351,0.0081641600,19560496.0000000000,26
2000,352,0.0081581560,19560496.0000000000,19
2000,353,0.0081990540,19560496.0000000000,20
2000,354,0.0081325260,19560496.0000000000,0
2000,355,0.0081524720,19560496.0000000000,39
2000,356,0.0081467800,19560496.0000000000,7
2000,357,0.0071470920,17158704.0000000000,21
2000,358,0.0070906210,17158704.0000000000,8
2000,359,0.0070477520,17158704.0000000000,33
2000,360,0.0081630380,19560496.0000000000,9
2000,361,0.0081874760,19560496.0000000000,38
2000,362,0.0081658380,19560496.0000000000,5
2000,363,0.0081948980,19560496.0000000000,12
2000,364,0.0081294120,19560496.0000000000,26
2000,365,0.0081317830,19560496.0000000000,0
2000,366,0.0081873280,19560496.0000000000,35
2000,367,0.0081310310,19560496.0000000000,7
2000,368,0.0081550990,19560496.0000000000,18
2000,369,0.0081844560,19560496.0000000000,31
2000,370,0.0081779870,19560496.0000000000,8
2000,371,0.0081834760,19560496.0000000000,15
2000,372,0.0071397890,17158704.0000000000,3
2000,373,0.0070479070,17158704.0000000000,19
2000,374,0.0071196410,17158704.0000000000,25
2000,375,0.0081780360,19560496.0000000000,9
2000,376,0.0081737600,19560496.0000000000,38
2000,377,0.0081568860,19560496.0000000000,9
2000,378,0.0081738750,19560496.0000000000,23
2000,379,0.0081727960,19560496.0000000000,24
2000,380,0.0081942990,19560496.0000000000,36
2000,381,0.0081599130,19560496.0000000000,34
2000,382,0.0081367540,19560496.0000000000,0
2000,383,0.0081572220,19560496.0000000000,18
2000,384,0.0081519340,19560496.0000000000,29
2000,385,0.0081578080,19560496.0000000000,24
2000,386,0.0081486410,19560496.0000000000,37
2000,387,0.0070878630,17158704.0000000000,12
2000,388,0.0071661900,17158704.0000000000,28
2000,389,0.0071010030,17158704.0000000000,22
2000,390,0.0081741020,19560496.0000000000,35
2000,391,0.0081299240,19560496.0000000000,11
2000,392,0.0081597080,19560496.0000000000,3
2000,393,0.0081595720,19560496.0000000000,35
2000,394,0.0081641190,19560496.0000000000,8
2000,395,0.0081547430,19560496.0000000000,39
2000,396,0.0081649170,19560496.0000000000,1
2000,397,0.0081505840,19560496.0000000000,37
2000,398,0.0081445560,19560496.0000000000,2
2000,399,0.0082086430,19560496.0000000000,23
2000,400,0.0081921600,19560496.0000000000,21
2000,401,0.0081631140,19560496.0000000000,1
2000,402,0.0070881560,17158704.0000000000,39
2000,403,0.0069857920,17158704.0000000000,24
2000,404,0.0070027820,17158704.0000000000,29
2000,405,0.0081695510,19560496.0000000000,10
2000,406,0.0082190210,19560496.0000000000,21
2000,407,0.0082176400,19560496.0000000000,17
2000,408,0.0081468770,19560496.0000000000,11
2000,409,0.0081412990,19560496.0000000000,7
2000,410,0.0081975420,19560496.0000000000,16
2000,411,0.0081517680,19560496.0000000000,32
2000,412,0.0081665520,19560496.0000000000,1
2000,413,0.0082050650,19560496.0000000000,23
2000,414,0.0081695100,19560496.0000000000,24
2000,415,0.0081628700,19560496.0000000000,35
2000,416,0.0081591940,19560496.0000000000,22
2000,417,0.0071571120,17158704.0000000000,10
2000,418,0.0070531990,17158704.0000000000,36
2000,419,0.0070049510,17158704.0000000000,27
2000,420,0.0061898710,14756912.0000000000,14
2000,421,0.0061673980,14756912.0000000000,9
2000,422,0.0061817780,14756912.0000000000,6
2000,423,0.0062036070,14756912.0000000000,13
2000,424,0.0062152860,14756912.0000000000,16
2000,425,0.0062169330,14756912.0000000000,15
2000,426,0.0061680710,14756912.0000000000,0
2000,427,0.0061768290,14756912.0000000000,7
2000,428,0.0061980910,14756912.0000000000,5
2000,429,0.0062370740,14756912.0000000000,8
2000,430,0.0062026000,14756912.0000000000,4
2000,431,0.0061634910,14756912.0000000000,11
2000,432,0.0056975230,12944944.0000000000,1
2000,433,0.0057033940,12944944.0000000000,3
2000,434,0.0056806900,12944944.0000000000,2
2050,0,2.0153355022,83691312.0000000000,32
2050,1,2.0182819915,82888352.0000000000,33
2050,2,2.0080158720,81778768.0000000000,36
2050,3,1.7244762389,72554176.0000000000,6
2050,4,1.2295220242,59042592.0000000000,13
2050,5,1.2434598268,58942224.0000000000,31
2050,6,1.2408080034,58933056.0000000000,11
2050,7,1.2325311943,58926864.0000000000,4
2050,8,1.2492960604,58926256.0000000000,12
2050,9,1.2488319357,59935328.0000000000,37
2050,10,2.0297709290,81765600.0000000000,25
2050,11,2.7353481399,102209184.0000000000,28
2050,12,2.6481939991,96888256.0000000000,2
2050,13,2.4373696916,91902240.0000000000,27
2050,14,2.1956731793,85415456.0000000000,15
2050,15,3.5579586402,144303600.0000000000,37
2050,16,3.3276612995,135680832.0000000000,12
2050,17,3.1598984823,130995104.0000000000,19
2050,18,2.8186410211,120513664.0000000000,39
2050,19,2.2562833360,104719312.0000000000,38
2050,20,2.2278513464,103912192.0000000000,9
2050,21,2.1918059625,102513360.0000000000,30
2050,22,2.1318724768,101380096.0000000000,5
2050,23,2.1790086126,101367616.0000000000,3
2050,24,2.4530740406,110471424.0000000000,1
2050,25,3.5673433297,140867088.0000000000,34
2050,26,4.8358433603,178565744.0000000000,8
2050,27,4.2691591116,156917904.0000000000,38
2050,28,3.8392815957,145396576.0000000000,17
2050,29,3.4795372474,137265776.0000000000,7
2050,30,3.9460784809,161444960.0000000000,11
2050,31,4.3042751870,170788000.0000000000,4
2050,32,4.4826380694,173729344.0000000000,0
2050,33,4.8310639680,181757376.0000000000,26
2050,34,5.3259283695,193485664.0000000000,29
2050,35,4.8749854957,180039376.0000000000,9
2050,36,4.4671003133,170228624.0000000000,2
2050,37,4.3306210363,167923744.0000000000,3
2050,38,4.5899133542,172840352.0000000000,28
2050,39,5.2572889965,190944384.0000000000,1
2050,40,4.3535858255,168956624.0000000000,18
2050,41,3.7127720613,151850432.0000000000,31
2050,42,3.1134777654,129021280.0000000000,18
2050,43,3.0969324340,129380896.0000000000,29
2050,44,3.1209029620,129952208.0000000000,8
2050,45,3.6680775683,153691648.0000000000,16
2050,46,3.6609423180,153777440.0000000000,11
2050,47,3.6642198525,153780592.0000000000,32
2050,48,3.6669215529,153777152.0000000000,14
2050,49,3.7039433285,155113040.0000000000,1
2050,50,4.3439250201,174446704.0000000000,34
2050,51,4.7660919645,186222608.0000000000,13
2050,52,4.8294094273,189237200.0000000000,30
2050,53,4.6562237821,182729440.0000000000,17
2050,54,3.9116526474,161646896.0000000000,2
2050,55,3.6654867379,153782928.0000000000,35
2050,56,3.6639129154,153777024.0000000000,27
2050,57,3.2414369709,134600784.0000000000,4
2050,58,3.2412001305,134601344.0000000000,32
2050,59,3.2403668432,134510912.0000000000,0
2050,60,3.6619017138,153690304.0000000000,30
2050,61,3.6623952050,153780464.0000000000,7
2050,62,3.6647505473,153778224.0000000000,19
2050,63,3.6635444292,153782592.0000000000,8
2050,64,3.6694138962,153778496.0000000000,22
2050,65,3.6639432941,153780128.0000000000,38
2050,66,3.6656103136,153780576.0000000000,10
2050,67,3.6682266106,153780288.0000000000,22
2050,68,3.6662809120,153776720.0000000000,13
2050,69,3.6652761794,153780336.0000000000,6
2050,70,3.6688194056,153780672.0000000000,21
2050,71,3.6673104193,153778272.0000000000,21
2050,72,3.2421500556,134598096.0000000000,25
2050,73,3.2444517071,134600512.0000000000,15
2050,74,3.2364542822,134508768.0000000000,11
2050,75,3.6610356975,153691312.0000000000,31
2050,76,3.6673952826,153778960.0000000000,17
2050,77,3.6662455365,153776384.0000000000,12
2050,78,3.6644288184,153779008.0000000000,36
2050,79,3.6621756634,153777776.0000000000,37
2050,80,3.6689332768,153777552.0000000000,23
2050,81,3.6640890115,153780832.0000000000,32
2050,82,3.6639103793,153777872.0000000000,27
2050,83,3.6631492383,153779616.0000000000,25
2050,84,3.6647465868,153778960.0000000000,6
2050,85,3.6647489150,153775040.0000000000,26
2050,86,3.6625243732,153781488.0000000000,7
2050,87,3.2372979392,134602416.0000000000,31
2050,88,3.2392695581,134597840.0000000000,37
2050,89,3.2336239805,134515840.0000000000,33
2050,90,3.6588846357,153691888.0000000000,29
2050,91,3.6630544842,153778672.0000000000,5
2050,92,3.6609805688,153780064.0000000000,33
2050,93,3.6673687840,153779536.0000000000,23
2050,94,3.6641017059,153779856.0000000000,9
2050,95,3.6615388694,153780032.0000000000,3
2050,96,3.6635108611,153777264.0000000000,0
2050,97,3.6634438369,153779024.0000000000,35
2050,98,3.6652618474,153779392.0000000000,24
2050,99,3.6653297566,153780928.0000000000,4
2050,100,3.6654713089,153778560.0000000000,28
2050,101,3.6641301302,153780464.0000000000,24
2050,102,3.2372154592,134599216.0000000000,27
2050,103,3.2379242525,134599104.0000000000,30
2050,104,3.2432726597,134512048.0000000000,12
2050,105,3.6605918705,153350480.0000000000,18
2050,106,3.6720028251,153767808.0000000000,16
2050,107,3.6693135791,153776192.0000000000,14
2050,108,3.6720100754,153775760.0000000000,20
2050,109,3.6683678244,153779952.0000000000,19
2050,110,3.6714009998,153763744.0000000000,22
2050,111,3.6693907461,153777792.0000000000,14
2050,112,3.6676410264,153795024.0000000000,36
2050,113,3.6719808671,153776320.0000000000,16
2050,114,3.6661298453,153772080.0000000000,25
2050,115,3.6646899140,153780240.0000000000,33
2050,116,3.6705507092,153772320.0000000000,20
2050,117,3.2394742587,134605168.0000000000,5
2050,118,3.2442070664,134606560.0000000000,36
2050,119,3.2132244246,134168496.0000000000,34
2050,120,3.6573223520,153111632.0000000000,10
2050,121,3.6642662385,153788048.0000000000,39
2050,122,3.6698480336,153756848.0000000000,15
2050,123,3.6695309484,153779616.0000000000,21
2050,124,3.6644375790,153792192.0000000000,39
2050,125,3.6666541617,153794272.0000000000,24
2050,126,3.6682567531,153764880.0000000000,20
2050,127,3.6653513960,153776320.0000000000,5
2050,128,3.6654310178,153770944.0000000000,35
2050,129,3.6711295411,153797536.0000000000,15
2050,130,3.6654490500,153756688.0000000000,10
2050,131,3.6698962463,153789056.0000000000,23
2050,132,3.2436930649,134618656.0000000000,6
2050,133,3.2473471450,134579824.0000000000,13
2050,134,3.2100943711,133939792.0000000000,26
2050,135,0.6495195139,33513488.0000000000,16
2050,136,0.6499005911,33599408.0000000000,34
2050,137,0.6495802540,33610080.0000000000,39
2050,138,0.6487938319,33572976.0000000000,26
2050,139,0.6494248195,33582736.0000000000,18
2050,140,0.6482514641,33579792.0000000000,7
2050,141,0.6487533145,33594928.0000000000,19
2050,142,0.6500767609,33586944.0000000000,10
2050,143,0.6495703898,33590160.0000000000,38
2050,144,0.6505392144,33575680.0000000000,17
2050,145,0.6490185595,33584528.0000000000,14
2050,146,0.6492281977,33585264.0000000000,0
2050,147,0.6073818165,29439744.0000000000,21
2050,148,0.6074046195,29427264.0000000000,20
2050,149,0.6056101003,29358080.0000000000,22
2050,150,0.2675781762,19560496.0000000000,21
2050,151,0.2665610684,19560496.0000000000,32
2050,152,0.2668834011,19560496.0000000000,31
2050,153,0.2673566156,19560496.0000000000,38
2050,154,0.2679295825,19560496.0000000000,23
2050,155,0.2676943403,19560496.0000000000,28
2050,156,0.2658619546,19560496.0000000000,7
2050,157,0.2674888061,19560496.0000000000,12
2050,158,0.2668056903,19560496.0000000000,2
2050,159,0.2669473250,19560496.0000000000,8
2050,160,0.2672051364,19560496.0000000000,10
2050,161,0.2665275595,19560496.0000000000,2
2050,162,0.2302160172,17158704.0000000000,2
2050,163,0.2324555694,17158704.0000000000,17
2050,164,0.2286060683,17158704.0000000000,29
2050,165,0.2662559695,19560496.0000000000,29
2050,166,0.2662894873,19560496.0000000000,34
2050,167,0.2675977900,19560496.0000000000,21
2050,168,0.2663891332,19560496.0000000000,19
2050,169,0.2668576759,19560496.0000000000,35
2050,170,0.2669664219,19560496.0000000000,9
2050,171,0.2669945072,19560496.0000000000,31
2050,172,0.2672009475,19560496.0000000000,22
2050,173,0.2678984326,19560496.0000000000,17
2050,174,0.2676168967,19560496.0000000000,16
2050,175,0.2677048796,19560496.0000000000,23
2050,176,0.2664827391,19560496.0000000000,26
2050,177,0.2298730564,17158704.0000000000,19
2050,178,0.2313239762,17158704.0000000000,6
2050,179,0.2328310897,17158704.0000000000,9
2050,180,0.2668848929,19560496.0000000000,6
2050,181,0.2661966066,19560496.0000000000,7
2050,182,0.2671872029,19560496.0000000000,38
2050,183,0.2673204620,19560496.0000000000,10
2050,184,0.2664719832,19560496.0000000000,14
2050,185,0.2668082165,19560496.0000000000,3
2050,186,0.2667075034,19560496.0000000000,2
2050,187,0.2667333707,19560496.0000000000,3
2050,188,0.2676693036,19560496.0000000000,20
2050,189,0.2673023876,19560496.0000000000,22
2050,190,0.2666827022,19560496.0000000000,24
2050,191,0.2673378182,19560496.0000000000,28
2050,192,0.2328396363,17158704.0000000000,17
2050,193,0.2324554213,17158704.0000000000,38
2050,194,0.2313121524,17158704.0000000000,30
2050,195,0.2662677372,19560496.0000000000,24
2050,196,0.2665208457,19560496.0000000000,34
2050,197,0.2668368946,19560496.0000000000,8
2050,198,0.2665018760,19560496.0000000000,24
2050,199,0.2664727810,19560496.0000000000,26
2050,200,0.2665753654,19560496.0000000000,34
2050,201,0.2677449756,19560496.0000000000,16
2050,202,0.2665485753,19560496.0000000000,14
2050,203,0.2667588546,19560496.0000000000,35
2050,204,0.2667792775,19560496.0000000000,4
2050,205,0.2669688907,19560496.0000000000,4
2050,206,0.2665108282,19560496.0000000000,34
2050,207,0.2300062281,17158704.0000000000,0
2050,208,0.2325815927,17158704.0000000000,21
2050,209,0.2314604757,17158704.0000000000,16
2050,210,0.2668047313,19560496.0000000000,18
2050,211,0.2662647403,19560496.0000000000,29
2050,212,0.2667739138,19560496.0000000000,3
2050,213,0.2665718715,19560496.0000000000,19
2050,214,0.2674624795,19560496.0000000000,28
2050,215,0.2679851276,19560496.0000000000,20
2050,216,0.2659542531,19560496.0000000000,33
2050,217,0.2672785612,19560496.0000000000,22
2050,218,0.2663367639,19560496.0000000000,29
2050,219,0.2666972376,19560496.0000000000,13
2050,220,0.2662290392,19560496.0000000000,29
2050,221,0.2659755967,19560496.0000000000,11
2050,222,0.2323628422,17158704.0000000000,28
2050,223,0.2306010338,17158704.0000000000,5
2050,224,0.2332031033,17158704.0000000000,12
2050,225,0.2679211397,19560496.0000000000,16
2050,226,0.2669124846,19560496.0000000000,35
2050,227,0.2664803230,19560496.0000000000,14
2050,228,0.2669634329,19560496.0000000000,8
2050,229,0.2668847496,19560496.0000000000,18
2050,230,0.2668939247,19560496.0000000000,13
2050,231,0.2666977215,19560496.0000000000,2
2050,232,0.2672914563,19560496.0000000000,28
2050,233,0.2668188115,19560496.0000000000,1
2050,234,0.2673162779,19560496.0000000000,28
2050,235,0.2662780713,19560496.0000000000,39
2050,236,0.2677638646,19560496.0000000000,23
2050,237,0.2305945601,17158704.0000000000,4
2050,238,0.2302524302,17158704.0000000000,31
2050,239,0.2307140885,17158704.0000000000,23
2050,240,0.2677514287,19560496.0000000000,23
2050,241,0.2666266426,19560496.0000000000,2
2050,242,0.2664063937,19560496.0000000000,39
2050,243,0.2673818822,19560496.0000000000,30
2050,244,0.2668375506,19560496.0000000000,18
2050,245,0.2661489458,19560496.0000000000,0
2050,246,0.2666398068,19560496.0000000000,4
2050,247,0.2668843133,19560496.0000000000,8
2050,248,0.2668886216,19560496.0000000000,1
2050,249,0.2664468618,19560496.0000000000,27
2050,250,0.2666102955,19560496.0000000000,5
2050,251,0.2672294102,19560496.0000000000,10
2050,252,0.2313003256,17158704.0000000000,34
2050,253,0.2327691108,17158704.0000000000,26
2050,254,0.2308152073,17158704.0000000000,35
2050,255,0.2667505453,19560496.0000000000,4
2050,256,0.2665412091,19560496.0000000000,36
2050,257,0.2666248084,19560496.0000000000,3
2050,258,0.2665335526,19560496.0000000000,26
2050,259,0.2676507652,19560496.0000000000,23
2050,260,0.2664635893,19560496.0000000000,27
2050,261,0.2665668373,19560496.0000000000,36
2050,262,0.2663112844,19560496.0000000000,37
2050,263,0.2658789638,19560496.0000000000,11
2050,264,0.2676833645,19560496.0000000000,16
2050,265,0.2677513595,19560496.0000000000,21
2050,266,0.2671236412,19560496.0000000000,38
2050,267,0.2306757807,17158704.0000000000,35
2050,268,0.2322226993,17158704.0000000000,20
2050,269,0.2313273313,17158704.0000000000,30
2050,270,0.2662958915,19560496.0000000000,24
2050,271,0.2661815130,19560496.0000000000,0
2050,272,0.2673087738,19560496.0000000000,10
2050,273,0.2663698559,19560496.0000000000,39
2050,274,0.2660516372,19560496.0000000000,7
2050,275,0.2662413198,19560496.0000000000,29
2050,276,0.2666008188,19560496.0000000000,24
2050,277,0.2675247965,19560496.0000000000,12
2050,278,0.2663474800,19560496.0000000000,39
2050,279,0.2664936386,19560496.0000000000,14
2050,280,0.2675610034,19560496.0000000000,21
2050,281,0.2666019379,19560496.0000000000,24
2050,282,0.2282162485,17158704.0000000000,7
2050,283,0.2328004609,17158704.0000000000,13
2050,284,0.2325878029,17158704.0000000000,15
2050,285,0.2669019549,19560496.0000000000,18
2050,286,0.2667158696,19560496.0000000000,2
2050,287,0.2665742087,19560496.0000000000,25
2050,288,0.2671580867,19560496.0000000000,38
2050,289,0.2661574944,19560496.0000000000,29
2050,290,0.2666368168,19560496.0000000000,34
2050,291,0.2679193714,19560496.0000000000,17
2050,292,0.2669815846,19560496.0000000000,1
2050,293,0.2663888023,19560496.0000000000,19
2050,294,0.2663830125,19560496.0000000000,14
2050,295,0.2667324567,19560496.0000000000,35
2050,296,0.2664951997,19560496.0000000000,19
2050,297,0.2309167684,17158704.0000000000,11
2050,298,0.2323326927,17158704.0000000000,32
2050,299,0.2289448584,17158704.0000000000,14
2050,300,0.2671870303,19560496.0000000000,10
2050,301,0.2668491833,19560496.0000000000,1
2050,302,0.2667002431,19560496.0000000000,8
2050,303,0.2676293713,19560496.0000000000,20
2050,304,0.2661946664,19560496.0000000000,39
2050,305,0.2669866594,19560496.0000000000,9
2050,306,0.2677882857,19560496.0000000000,20
2050,307,0.2678452734,19560496.0000000000,17
2050,308,0.2664045709,19560496.0000000000,26
2050,309,0.2659067194,19560496.0000000000,7
2050,310,0.2662363157,19560496.0000000000,37
2050,311,0.2673534509,19560496.0000000000,22
2050,312,0.2314896113,17158704.0000000000,25
2050,313,0.2313603639,17158704.0000000000,37
2050,314,0.2338427741,17158704.0000000000,20
2050,315,0.2675120240,19560496.0000000000,12
2050,316,0.2677921247,19560496.0000000000,17
2050,317,0.2669524071,19560496.0000000000,31
2050,318,0.2666871411,19560496.0000000000,6
2050,319,0.2663944124,19560496.0000000000,34
2050,320,0.2665494842,19560496.0000000000,14
2050,321,0.2666451541,19560496.0000000000,32
2050,322,0.2669121357,19560496.0000000000,9
2050,323,0.2670303423,19560496.0000000000,38
2050,324,0.2667649063,19560496.0000000000,9
2050,325,0.2660465864,19560496.0000000000,33
2050,326,0.2659939445,19560496.0000000000,11
2050,327,0.2281663356,17158704.0000000000,33
2050,328,0.2293685337,17158704.0000000000,18
2050,329,0.2291819103,17158704.0000000000,18
2050,330,0.2663362041,19560496.0000000000,0
2050,331,0.2676367438,19560496.0000000000,16
2050,332,0.2681137782,19560496.0000000000,15
2050,333,0.2678131515,19560496.0000000000,20
2050,334,0.2661450729,19560496.0000000000,0
2050,335,0.2678979770,19560496.0000000000,17
2050,336,0.2668861240,19560496.0000000000,31
2050,337,0.2667379195,19560496.0000000000,6
2050,338,0.2664133057,19560496.0000000000,19
2050,339,0.2675006676,19560496.0000000000,12
2050,340,0.2666565840,19560496.0000000000,3
2050,341,0.2699550603,19560496.0000000000,28
2050,342,0.2307066984,17158704.0000000000,22
2050,343,0.2328128978,17158704.0000000000,10
2050,344,0.2302515328,17158704.0000000000,1
2050,345,0.2667329971,19560496.0000000000,4
2050,346,0.2667269898,19560496.0000000000,3
2050,347,0.2673162042,19560496.0000000000,22
2050,348,0.2666182239,19560496.0000000000,26
2050,349,0.2669171047,19560496.0000000000,13
2050,350,0.2677870284,19560496.0000000000,23
2050,351,0.2666047862,19560496.0000000000,26
2050,352,0.2665070368,19560496.0000000000,19
2050,353,0.2677048298,19560496.0000000000,20
2050,354,0.2663111241,19560496.0000000000,0
2050,355,0.2662632649,19560496.0000000000,39
2050,356,0.2659365901,19560496.0000000000,7
2050,357,0.2326757428,17158704.0000000000,21
2050,358,0.2323277474,17158704.0000000000,8
2050,359,0.2279032589,17158704.0000000000,33
2050,360,0.2667874496,19560496.0000000000,9
2050,361,0.2670024490,19560496.0000000000,38
2050,362,0.2667988602,19560496.0000000000,5
2050,363,0.2675372505,19560496.0000000000,12
2050,364,0.2666210783,19560496.0000000000,26
2050,365,0.2662939419,19560496.0000000000,0
2050,366,0.2668103046,19560496.0000000000,35
2050,367,0.2660060890,19560496.0000000000,7
2050,368,0.2668733737,19560496.0000000000,18
2050,369,0.2669603348,19560496.0000000000,31
2050,370,0.2668850172,19560496.0000000000,8
2050,371,0.2680383964,19560496.0000000000,15
2050,372,0.2330756722,17158704.0000000000,3
2050,373,0.2291784115,17158704.0000000000,19
2050,374,0.2314723133,17158704.0000000000,25
2050,375,0.2667817148,19560496.0000000000,9
2050,376,0.2671832315,19560496.0000000000,38
2050,377,0.2667088625,19560496.0000000000,9
2050,378,0.2676031587,19560496.0000000000,23
2050,379,0.2664428115,19560496.0000000000,24
2050,380,0.2665600087,19560496.0000000000,36
2050,381,0.2665060893,19560496.0000000000,34
2050,382,0.2661646888,19560496.0000000000,0
2050,383,0.2668006434,19560496.0000000000,18
2050,384,0.2663742394,19560496.0000000000,29
2050,385,0.2664878511,19560496.0000000000,24
2050,386,0.2664123737,19560496.0000000000,37
2050,387,0.2332304308,17158704.0000000000,12
2050,388,0.2324932411,17158704.0000000000,28
2050,389,0.2311180528,17158704.0000000000,22
2050,390,0.2666973004,19560496.0000000000,35
2050,391,0.2658167048,19560496.0000000000,11
2050,392,0.2667795231,19560496.0000000000,3
2050,393,0.2667089782,19560496.0000000000,35
2050,394,0.2668802520,19560496.0000000000,8
2050,395,0.2662733783,19560496.0000000000,39
2050,396,0.2670634575,19560496.0000000000,1
2050,397,0.2661527631,19560496.0000000000,37
2050,398,0.2666299894,19560496.0000000000,2
2050,399,0.2676741894,19560496.0000000000,23
2050,400,0.2677890397,19560496.0000000000,21
2050,401,0.2668084395,19560496.0000000000,1
2050,402,0.2314396364,17158704.0000000000,39
2050,403,0.2284770362,17158704.0000000000,24
2050,404,0.2286017987,17158704.0000000000,29
2050,405,0.2672278980,19560496.0000000000,10
2050,406,0.2677858348,19560496.0000000000,21
2050,407,0.2677654800,19560496.0000000000,17
2050,408,0.2657863336,19560496.0000000000,11
2050,409,0.2658265531,19560496.0000000000,7
2050,410,0.2677040096,19560496.0000000000,16
2050,411,0.2667423858,19560496.0000000000,32
2050,412,0.2668635690,19560496.0000000000,1
2050,413,0.2675262787,19560496.0000000000,23
2050,414,0.2665590521,19560496.0000000000,24
2050,415,0.2668252626,19560496.0000000000,35
2050,416,0.2672780422,19560496.0000000000,22
2050,417,0.2328932425,17158704.0000000000,10
2050,418,0.2314941456,17158704.0000000000,36
2050,419,0.2280429191,17158704.0000000000,27
2050,420,0.2017976085,14756912.0000000000,14
2050,421,0.2018376645,14756912.0000000000,9
2050,422,0.2019675622,14756912.0000000000,6
2050,423,0.2022473674,14756912.0000000000,13
2050,424,0.2031135294,14756912.0000000000,16
2050,425,0.2028219438,14756912.0000000000,15
2050,426,0.2016406254,14756912.0000000000,0
2050,427,0.2014120821,14756912.0000000000,7
2050,428,0.2018996944,14756912.0000000000,5
2050,429,0.2025031688,14756912.0000000000,8
2050,430,0.2023214475,14756912.0000000000,4
2050,431,0.2014482661,14756912.0000000000,11
2050,432,0.1858111430,12944944.0000000000,1
2050,433,0.1865069694,12944944.0000000000,3
2050,434,0.1857880754,12944944.0000000000,2
2100,0,0.0633731580,83769632.0000000000,32
2100,1,0.0626765390,83029360.0000000000,33
2100,2,0.0600608950,80548992.0000000000,36
2100,3,0.0489382170,68928464.0000000000,6
2100,4,0.0385789360,58956176.0000000000,13
2100,5,0.0384019080,58939616.0000000000,31
2100,6,0.0380610280,58928624.0000000000,11
2100,7,0.0380345140,58921312.0000000000,4
2100,8,0.0384869100,58916688.0000000000,12
2100,9,0.0385708900,58977360.0000000000,37
2100,10,0.0566495370,77084752.0000000000,25
2100,11,0.0836827990,101194240.0000000000,28
2100,12,0.0844437660,98587296.0000000000,2
2100,13,0.0767788040,93106688.0000000000,27
2100,14,0.0689996360,85813584.0000000000,15
2100,15,0.1099043790,143492096.0000000000,37
2100,16,0.1019222040,134236256.0000000000,12
2100,17,0.0984664540,130749504.0000000000,19
2100,18,0.0876805890,120818608.0000000000,39
2100,19,0.0712443270,105710080.0000000000,38
2100,20,0.0690771930,103880048.0000000000,9
2100,21,0.0678600240,102215328.0000000000,30
2100,22,0.0678417490,101395488.0000000000,5
2100,23,0.0658926600,101219072.0000000000,3
2100,24,0.0746894190,108332400.0000000000,1
2100,25,0.1071004710,138281088.0000000000,34
2100,26,0.1499519000,178544688.0000000000,8
2100,27,0.1318241290,157349888.0000000000,38
2100,28,0.1181499490,145390112.0000000000,17
2100,29,0.1074635700,136938048.0000000000,7
2100,30,0.1240282770,162426752.0000000000,11
2100,31,0.1347874000,172378176.0000000000,4
2100,32,0.1382819400,174297296.0000000000,0
2100,33,0.1486713070,181153072.0000000000,26
2100,34,0.1597387010,189396528.0000000000,29
2100,35,0.1460383140,176386016.0000000000,9
2100,36,0.1356547860,168010064.0000000000,2
2100,37,0.1310926350,165202528.0000000000,3
2100,38,0.1387193900,170077936.0000000000,28
2100,39,0.1610343370,189126352.0000000000,1
2100,40,0.1392411990,172479760.0000000000,18
2100,41,0.1143835750,151917232.0000000000,31
2100,42,0.0961054370,128803200.0000000000,18
2100,43,0.0958580350,129188640.0000000000,29
2100,44,0.0968986370,129765600.0000000000,8
2100,45,0.1140430640,153691840.0000000000,16
2100,46,0.1137007340,153775200.0000000000,11
2100,47,0.1138049110,153779552.0000000000,32
2100,48,0.1139477800,153780688.0000000000,14
2100,49,0.1190846840,157885152.0000000000,1
2100,50,0.1410260970,177291168.0000000000,34
2100,51,0.1522999100,188291920.0000000000,13
2100,52,0.1540080560,191460624.0000000000,30
2100,53,0.1494676960,185023872.0000000000,17
2100,54,0.1273815760,165131216.0000000000,2
2100,55,0.1139308560,153779504.0000000000,35
2100,56,0.1138256930,153776656.0000000000,27
2100,57,0.1007655010,134598992.0000000000,4
2100,58,0.1007197590,134600096.0000000000,32
2100,59,0.1006666260,134508624.0000000000,0
2100,60,0.1137678360,153692144.0000000000,30
2100,61,0.1137325970,153782784.0000000000,7
2100,62,0.1139808830,153779776.0000000000,19
2100,63,0.1138381480,153780656.0000000000,8
2100,64,0.1139909010,153777376.0000000000,22
2100,65,0.1138015030,153780288.0000000000,38
2100,66,0.1138465650,153778848.0000000000,10
2100,67,0.1141537360,153778528.0000000000,22
2100,68,0.1138650810,153778272.0000000000,13
2100,69,0.1138183670,153779344.0000000000,6
2100,70,0.1139561450,153781008.0000000000,21
2100,71,0.1140271750,153780576.0000000000,21
2100,72,0.1009331000,134600048.0000000000,25
2100,73,0.1008216010,134599872.0000000000,15
2100,74,0.1006043950,134511792.0000000000,11
2100,75,0.1137790180,153688064.0000000000,31
2100,76,0.1139172200,153777296.0000000000,17
2100,77,0.1138751300,153774112.0000000000,12
2100,78,0.1138563360,153778560.0000000000,36
2100,79,0.1137501720,153776432.0000000000,37
2100,80,0.1140306700,153779760.0000000000,23
2100,81,0.1138713090,153779136.0000000000,32
2100,82,0.1139426690,153780128.0000000000,27
2100,83,0.1138630450,153778672.0000000000,25
2100,84,0.1138322620,153775920.0000000000,6
2100,85,0.1139136710,153776096.0000000000,26
2100,86,0.1137599520,153781552.0000000000,7
2100,87,0.1004819320,134598304.0000000000,31
2100,88,0.1006033140,134601376.0000000000,37
2100,89,0.1004700680,134510496.0000000000,33
2100,90,0.1136491070,153692960.0000000000,29
2100,91,0.1137130400,153781568.0000000000,5
2100,92,0.1137669250,153778112.0000000000,33
2100,93,0.1139509450,153777328.0000000000,23
2100,94,0.1137714990,153780592.0000000000,9
2100,95,0.1137929550,153780576.0000000000,3
2100,96,0.1138916460,153777360.0000000000,0
2100,97,0.1138078660,153774832.0000000000,35
2100,98,0.1139387500,153777872.0000000000,24
2100,99,0.1138451970,153780144.0000000000,4
2100,100,0.1138501160,153778080.0000000000,28
2100,101,0.1138575430,153780720.0000000000,24
2100,102,0.1006678900,134602176.0000000000,27
2100,103,0.1005847720,134596160.0000000000,30
2100,104,0.1007259270,134515216.0000000000,12
2100,105,0.1137201990,153337840.0000000000,18
2100,106,0.1140930620,153767088.0000000000,16
2100,107,0.1139853100,153779184.0000000000,14
2100,108,0.1139916430,153779056.0000000000,20
2100,109,0.1139956810,153779856.0000000000,19
2100,110,0.1140511990,153765872.0000000000,22
2100,111,0.1139372200,153775792.0000000000,14
2100,112,0.1140140040,153798608.0000000000,36
2100,113,0.1140890830,153775632.0000000000,16
2100,114,0.1138780040,153769504.0000000000,25
2100,115,0.1138505900,153781488.0000000000,33
2100,116,0.1140370610,153771840.0000000000,20
2100,117,0.1008044980,134604848.0000000000,5
2100,118,0.1006858640,134608720.0000000000,36
2100,119,0.0996803190,134156480.0000000000,34
2100,120,0.1136557300,153096160.0000000000,10
2100,121,0.1138635110,153784672.0000000000,39
2100,122,0.1139928660,153753824.0000000000,15
2100,123,0.1139380090,153786032.0000000000,21
2100,124,0.1138305490,153787552.0000000000,39
2100,125,0.1138877820,153792496.0000000000,24
2100,126,0.1139628960,153765232.0000000000,20
2100,127,0.1138775900,153776656.0000000000,5
2100,128,0.1138262910,153773824.0000000000,35
2100,129,0.1139954610,153796800.0000000000,15
2100,130,0.1139768490,153761200.0000000000,10
2100,131,0.1140136760,153787248.0000000000,23
2100,132,0.1007356140,134615760.0000000000,6
2100,133,0.1009472030,134580736.0000000000,13
2100,134,0.0997357790,133920256.0000000000,26
2100,135,0.0201214540,33512848.0000000000,16
2100,136,0.0200324210,33599504.0000000000,34
2100,137,0.0200112700,33611024.0000000000,39
2100,138,0.0200694720,33569936.0000000000,26
2100,139,0.0200195340,33584976.0000000000,18
2100,140,0.0199972030,33578704.0000000000,7
2100,141,0.0200876970,33595520.0000000000,19
2100,142,0.0200052310,33585968.0000000000,10
2100,143,0.0200552660,33591872.0000000000,38
2100,144,0.0200495450,33574112.0000000000,17
2100,145,0.0200724470,33583120.0000000000,14
2100,146,0.0200725540,33587216.0000000000,0
2100,147,0.0185996780,29439440.0000000000,21
2100,148,0.0187153100,29427456.0000000000,20
2100,149,0.0187056010,29356624.0000000000,22
2100,150,0.0081722100,19560496.0000000000,21
2100,151,0.0081779400,19560496.0000000000,32
2100,152,0.0081604290,19560496.0000000000,31
2100,153,0.0081666250,19560496.0000000000,38
2100,154,0.0081819810,19560496.0000000000,23
2100,155,0.0081848160,19560496.0000000000,28
2100,156,0.0081407180,19560496.0000000000,7
2100,157,0.0082098470,19560496.0000000000,12
2100,158,0.0081732140,19560496.0000000000,2
2100,159,0.0081691090,19560496.0000000000,8
2100,160,0.0081945360,19560496.0000000000,10
2100,161,0.0081449410,19560496.0000000000,2
2100,162,0.0070468990,17158704.0000000000,2
2100,163,0.0070580470,17158704.0000000000,17
2100,164,0.0070455750,17158704.0000000000,29
2100,165,0.0081508090,19560496.0000000000,29
2100,166,0.0081593330,19560496.0000000000,34
2100,167,0.0081994740,19560496.0000000000,21
2100,168,0.0081532740,19560496.0000000000,19
2100,169,0.0081719570,19560496.0000000000,35
2100,170,0.0081789580,19560496.0000000000,9
2100,171,0.0081654500,19560496.0000000000,31
2100,172,0.0082051850,19560496.0000000000,22
2100,173,0.0081810300,19560496.0000000000,17
2100,174,0.0081858680,19560496.0000000000,16
2100,175,0.0081810510,19560496.0000000000,23
2100,176,0.0081864540,19560496.0000000000,26
2100,177,0.0070827260,17158704.0000000000,19
2100,178,0.0070795100,17158704.0000000000,6
2100,179,0.0071415120,17158704.0000000000,9
2100,180,0.0081993800,19560496.0000000000,6
2100,181,0.0081469710,19560496.0000000000,7
2100,182,0.0081725970,19560496.0000000000,38
2100,183,0.0081906990,19560496.0000000000,10
2100,184,0.0081582160,19560496.0000000000,14
2100,185,0.0081954170,19560496.0000000000,3
2100,186,0.0081599670,19560496.0000000000,2
2100,187,0.0081591460,19560496.0000000000,3
2100,188,0.0082119170,19560496.0000000000,20
2100,189,0.0081824410,19560496.0000000000,22
2100,190,0.0081430900,19560496.0000000000,24
2100,191,0.0081584650,19560496.0000000000,28
2100,192,0.0071412380,17158704.0000000000,17
2100,193,0.0071309300,17158704.0000000000,38
2100,194,0.0070297830,17158704.0000000000,30
2100,195,0.0081428280,19560496.0000000000,24
2100,196,0.0081621390,19560496.0000000000,34
2100,197,0.0081759920,19560496.0000000000,8
2100,198,0.0081562750,19560496.0000000000,24
2100,199,0.0081766660,19560496.0000000000,26
2100,200,0.0081462800,19560496.0000000000,34
2100,201,0.0082061890,19560496.0000000000,16
2100,202,0.0081714810,19560496.0000000000,14
2100,203,0.0081770490,19560496.0000000000,35
2100,204,0.0081698650,19560496.0000000000,4
2100,205,0.0081876580,19560496.0000000000,4
2100,206,0.0081628980,19560496.0000000000,34
2100,207,0.0070538140,17158704.0000000000,0
2100,208,0.0070780720,17158704.0000000000,21
2100,209,0.0071054570,17158704.0000000000,16
2100,210,0.0081732340,19560496.0000000000,18
2100,211,0.0081553710,19560496.0000000000,29
2100,212,0.0081613000,19560496.0000000000,3
2100,213,0.0081570320,19560496.0000000000,19
2100,214,0.0081683350,19560496.0000000000,28
2100,215,0.0081951270,19560496.0000000000,20
2100,216,0.0081358080,19560496.0000000000,33
2100,217,0.0082096610,19560496.0000000000,22
2100,218,0.0081466310,19560496.0000000000,29
2100,219,0.0081760320,19560496.0000000000,13
2100,220,0.0081505890,19560496.0000000000,29
2100,221,0.0081390000,19560496.0000000000,11
2100,222,0.0071036060,17158704.0000000000,28
2100,223,0.0070728150,17158704.0000000000,5
2100,224,0.0071336090,17158704.0000000000,12
2100,225,0.0082211470,19560496.0000000000,16
2100,226,0.0081657770,19560496.0000000000,35
2100,227,0.0081476160,19560496.0000000000,14
2100,228,0.0081655720,19560496.0000000000,8
2100,229,0.0081689040,19560496.0000000000,18
2100,230,0.0081726840,19560496.0000000000,13
2100,231,0.0081718210,19560496.0000000000,2
2100,232,0.0081762290,19560496.0000000000,28
2100,233,0.0081830550,19560496.0000000000,1
2100,234,0.0081818290,19560496.0000000000,28
2100,235,0.0081599630,19560496.0000000000,39
2100,236,0.0081886940,19560496.0000000000,23
2100,237,0.0069892340,17158704.0000000000,4
2100,238,0.0069784650,17158704.0000000000,31
2100,239,0.0069976430,17158704.0000000000,23
2100,240,0.0082097240,19560496.0000000000,23
2100,241,0.0081907580,19560496.0000000000,2
2100,242,0.0081499640,19560496.0000000000,39
2100,243,0.0081799260,19560496.0000000000,30
2100,244,0.0081601800,19560496.0000000000,18
2100,245,0.0081382570,19560496.0000000000,0
2100,246,0.0081595640,19560496.0000000000,4
2100,247,0.0081403830,19560496.0000000000,8
2100,248,0.0081627850,19560496.0000000000,1
2100,249,0.0081671060,19560496.0000000000,27
2100,250,0.0081583530,19560496.0000000000,5
2100,251,0.0081782650,19560496.0000000000,10
2100,252,0.0070866480,17158704.0000000000,34
2100,253,0.0071352000,17158704.0000000000,26
2100,254,0.0070314400,17158704.0000000000,35
2100,255,0.0081642130,19560496.0000000000,4
2100,256,0.0081666080,19560496.0000000000,36
2100,257,0.0081518740,19560496.0000000000,3
2100,258,0.0081617260,19560496.0000000000,26
2100,259,0.0081844970,19560496.0000000000,23
2100,260,0.0081543910,19560496.0000000000,27
2100,261,0.0081697930,19560496.0000000000,36
2100,262,0.0081786280,19560496.0000000000,37
2100,263,0.0081281510,19560496.0000000000,11
2100,264,0.0082057590,19560496.0000000000,16
2100,265,0.0082040820,19560496.0000000000,21
2100,266,0.0081760450,19560496.0000000000,38
2100,267,0.0070589340,17158704.0000000000,35
2100,268,0.0071696470,17158704.0000000000,20
2100,269,0.0070349250,17158704.0000000000,30
2100,270,0.0081344650,19560496.0000000000,24
2100,271,0.0081514410,19560496.0000000000,0
2100,272,0.0081644420,19560496.0000000000,10
2100,273,0.0081636110,19560496.0000000000,39
2100,274,0.0081476790,19560496.0000000000,7
2100,275,0.0081622430,19560496.0000000000,29
2100,276,0.0081681390,19560496.0000000000,24
2100,277,0.0082051260,19560496.0000000000,12
2100,278,0.0081622290,19560496.0000000000,39
2100,279,0.0081530870,19560496.0000000000,14
2100,280,0.0081765390,19560496.0000000000,21
2100,281,0.0081463450,19560496.0000000000,24
2100,282,0.0069454700,17158704.0000000000,7
2100,283,0.0071289430,17158704.0000000000,13
2100,284,0.0071620650,17158704.0000000000,15
2100,285,0.0081756910,19560496.0000000000,18
2100,286,0.0081578160,19560496.0000000000,2
2100,287,0.0081680860,19560496.0000000000,25
2100,288,0.0081744900,19560496.0000000000,38
2100,289,0.0081585750,19560496.0000000000,29
2100,290,0.0081591430,19560496.0000000000,34
2100,291,0.0082273790,19560496.0000000000,17
2100,292,0.0081672230,19560496.0000000000,1
2100,293,0.0081416130,19560496.0000000000,19
2100,294,0.0081424670,19560496.0000000000,14
2100,295,0.0081519980,19560496.0000000000,35
2100,296,0.0081352320,19560496.0000000000,19
2100,297,0.0071363610,17158704.0000000000,11
2100,298,0.0070338870,17158704.0000000000,32
2100,299,0.0069567710,17158704.0000000000,14
2100,300,0.0081772360,19560496.0000000000,10
2100,301,0.0081676130,19560496.0000000000,1
2100,302,0.0081778760,19560496.0000000000,8
2100,303,0.0082039130,19560496.0000000000,20
2100,304,0.0081453850,19560496.0000000000,39
2100,305,0.0081764740,19560496.0000000000,9
2100,306,0.0081979120,19560496.0000000000,20
2100,307,0.0081973900,19560496.0000000000,17
2100,308,0.0081586800,19560496.0000000000,26
2100,309,0.0081278230,19560496.0000000000,7
2100,310,0.0081738010,19560496.0000000000,37
2100,311,0.0081710580,19560496.0000000000,22
2100,312,0.0071241000,17158704.0000000000,25
2100,313,0.0070591890,17158704.0000000000,37
2100,314,0.0071262050,17158704.0000000000,20
2100,315,0.0082077120,19560496.0000000000,12
2100,316,0.0082057770,19560496.0000000000,17
2100,317,0.0081477350,19560496.0000000000,31
2100,318,0.0081503980,19560496.0000000000,6
2100,319,0.0081479120,19560496.0000000000,34
2100,320,0.0081416770,19560496.0000000000,14
2100,321,0.0081431320,19560496.0000000000,32
2100,322,0.0081788060,19560496.0000000000,9
2100,323,0.0081788090,19560496.0000000000,38
2100,324,0.0081405820,19560496.0000000000,9
2100,325,0.0081615780,19560496.0000000000,33
2100,326,0.0081345120,19560496.0000000000,11
2100,327,0.0069934790,17158704.0000000000,33
2100,328,0.0069921880,17158704.0000000000,18
2100,329,0.0070421170,17158704.0000000000,18
2100,330,0.0081468830,19560496.0000000000,0
2100,331,0.0082022710,19560496.0000000000,16
2100,332,0.0082057270,19560496.0000000000,15
2100,333,0.0081961980,19560496.0000000000,20
2100,334,0.0081581250,19560496.0000000000,0
2100,335,0.0081956670,19560496.0000000000,17
2100,336,0.0081757890,19560496.0000000000,31
2100,337,0.0081562480,19560496.0000000000,6
2100,338,0.0081680950,19560496.0000000000,19
2100,339,0.0081894490,19560496.0000000000,12
2100,340,0.0081459410,19560496.0000000000,3
2100,341,0.0081767310,19560496.0000000000,28
2100,342,0.0070152390,17158704.0000000000,22
2100,343,0.0071121850,17158704.0000000000,10
2100,344,0.0069868830,17158704.0000000000,1
2100,345,0.0081575130,19560496.0000000000,4
2100,346,0.0081537480,19560496.0000000000,3
2100,347,0.0081788030,19560496.0000000000,22
2100,348,0.0081420580,19560496.0000000000,26
2100,349,0.0081709730,19560496.0000000000,13
2100,350,0.0082117980,19560496.0000000000,23
2100,351,0.0081526480,19560496.0000000000,26
2100,352,0.0081698290,19560496.0000000000,19
2100,353,0.0082036420,19560496.0000000000,20
2100,354,0.0081667710,19560496.0000000000,0
2100,355,0.0081497550,19560496.0000000000,39
2100,356,0.0081471410,19560496.0000000000,7
2100,357,0.0070874100,17158704.0000000000,21
2100,358,0.0070305360,17158704.0000000000,8
2100,359,0.0070127470,17158704.0000000000,33
2100,360,0.0081665040,19560496.0000000000,9
2100,361,0.0081735690,19560496.0000000000,38
2100,362,0.0081559670,19560496.0000000000,5
2100,363,0.0081790370,19560496.0000000000,12
2100,364,0.0081773860,19560496.0000000000,26
2100,365,0.0081646180,19560496.0000000000,0
2100,366,0.0082021650,19560496.0000000000,35
2100,367,0.0081500750,19560496.0000000000,7
2100,368,0.0081897780,19560496.0000000000,18
2100,369,0.0081712000,19560496.0000000000,31
2100,370,0.0081718040,19560496.0000000000,8
2100,371,0.0081903690,19560496.0000000000,15
2100,372,0.0071355090,17158704.0000000000,3
2100,373,0.0070604020,17158704.0000000000,19
2100,374,0.0070812170,17158704.0000000000,25
2100,375,0.0081681570,19560496.0000000000,9
2100,376,0.0081811030,19560496.0000000000,38
2100,377,0.0081606120,19560496.0000000000,9
2100,378,0.0081816490,19560496.0000000000,23
2100,379,0.0081754530,19560496.0000000000,24
2100,380,0.0081621180,19560496.0000000000,36
2100,381,0.0081575380,19560496.0000000000,34
2100,382,0.0081468020,19560496.0000000000,0
2100,383,0.0081788470,19560496.0000000000,18
2100,384,0.0081458320,19560496.0000000000,29
2100,385,0.0081723970,19560496.0000000000,24
2100,386,0.0081997410,19560496.0000000000,37
2100,387,0.0071541890,17158704.0000000000,12
2100,388,0.0071404790,17158704.0000000000,28
2100,389,0.0071042200,17158704.0000000000,22
2100,390,0.0081632600,19560496.0000000000,35
2100,391,0.0081391820,19560496.0000000000,11
2100,392,0.0081594980,19560496.0000000000,3
2100,393,0.0081567970,19560496.0000000000,35
2100,394,0.0081667140,19560496.0000000000,8
2100,395,0.0081357980,19560496.0000000000,39
2100,396,0.0081943650,19560496.0000000000,1
2100,397,0.0081413770,19560496.0000000000,37
2100,398,0.0081693380,19560496.0000000000,2
2100,399,0.0081963280,19560496.0000000000,23
2100,400,0.0082111870,19560496.0000000000,21
2100,401,0.0081544480,19560496.0000000000,1
2100,402,0.0070866940,17158704.0000000000,39
2100,403,0.0069912330,17158704.0000000000,24
2100,404,0.0069524740,17158704.0000000000,29
2100,405,0.0081756930,19560496.0000000000,10
2100,406,0.0082168390,19560496.0000000000,21
2100,407,0.0082162370,19560496.0000000000,17
2100,408,0.0081544410,19560496.0000000000,11
2100,409,0.0081352870,19560496.0000000000,7
2100,410,0.0082168580,19560496.0000000000,16
2100,411,0.0081592440,19560496.0000000000,32
2100,412,0.0081417840,19560496.0000000000,1
2100,413,0.0081894750,19560496.0000000000,23
2100,414,0.0081645920,19560496.0000000000,24
2100,415,0.0081654240,19560496.0000000000,35
2100,416,0.0081806060,19560496.0000000000,22
2100,417,0.0070548440,17158704.0000000000,10
2100,418,0.0071153770,17158704.0000000000,36
2100,419,0.0069712820,17158704.0000000000,27
2100,420,0.0061935780,14756912.0000000000,14
2100,421,0.0061838890,14756912.0000000000,9
2100,422,0.0061851760,14756912.0000000000,6
2100,423,0.0062000290,14756912.0000000000,13
2100,424,0.0062430620,14756912.0000000000,16
2100,425,0.0061966640,14756912.0000000000,15
2100,426,0.0061523410,14756912.0000000000,0
2100,427,0.0061545350,14756912.0000000000,7
2100,428,0.0061827100,14756912.0000000000,5
2100,429,0.0061973350,14756912.0000000000,8
2100,430,0.0061981100,14756912.0000000000,4
2100,431,0.0061633300,14756912.0000000000,11
2100,432,0.0056879160,12944944.0000000000,1
2100,433,0.0057057090,12944944.0000000000,3
2100,434,0.0057003690,12944944.0000000000,2
2150,0,2.0436781663,83787760.0000000000,32
2150,1,2.0213518115,83318544.0000000000,33
2150,2,1.9219130239,79241744.0000000000,36
2150,3,1.4924163624,65829216.0000000000,6
2150,4,1.2410020208,59012320.0000000000,13
2150,5,1.2411223683,58947232.0000000000,31
2150,6,1.2275024019,58925456.0000000000,11
2150,7,1.2274101743,58918448.0000000000,4
2150,8,1.2408578709,58910784.0000000000,12
2150,9,1.2445375146,58908096.0000000000,37
2150,10,1.7274853188,72653344.0000000000,25
2150,11,2.6759994087,100514544.0000000000,28
2150,12,2.7597465442,100808704.0000000000,2
2150,13,2.5095554896,94090272.0000000000,27
2150,14,2.2296029810,86090336.0000000000,15
2150,15,3.5247616688,142574592.0000000000,37
2150,16,3.2566663783,133071920.0000000000,12
2150,17,3.1404778011,129925072.0000000000,19
2150,18,2.7900666712,119375696.0000000000,39
2150,19,2.3085847738,105168736.0000000000,38
2150,20,2.2066317823,102568816.0000000000,9
2150,21,2.1862315711,101540896.0000000000,30
2150,22,2.1275737538,100754928.0000000000,5
2150,23,2.1200518462,101077824.0000000000,3
2150,24,2.3580629452,107003312.0000000000,1
2150,25,3.3651512770,134260528.0000000000,34
2150,26,4.8280257007,177792288.0000000000,8
2150,27,4.2927173590,157964096.0000000000,38
2150,28,3.8230829394,145066160.0000000000,17
2150,29,3.4754020893,136438224.0000000000,7
2150,30,4.0246735371,163342464.0000000000,11
2150,31,4.4104250748,173702240.0000000000,4
2150,32,4.5076555379,175707152.0000000000,0
2150,33,4.8134736025,182475648.0000000000,26
2150,34,5.0831975391,187123472.0000000000,29
2150,35,4.6817402859,175685488.0000000000,9
2150,36,4.3267930909,167165648.0000000000,2
2150,37,4.1842082536,164356288.0000000000,3
2150,38,4.4054449177,168074496.0000000000,28
2150,39,5.1100536127,186230352.0000000000,1
2150,40,4.5953918147,176716720.0000000000,18
2150,41,3.7217745576,152666512.0000000000,31
2150,42,3.1062992173,128712560.0000000000,18
2150,43,3.0939804064,129079472.0000000000,29
2150,44,3.1172017740,129670336.0000000000,8
2150,45,3.6672982616,153694272.0000000000,16
2150,46,3.6614340073,153775584.0000000000,11
2150,47,3.6650115136,153781264.0000000000,32
2150,48,3.6677505697,153781200.0000000000,14
2150,49,3.8964519623,160725248.0000000000,1
2150,50,4.5716781213,179032096.0000000000,34
2150,51,4.9149352965,189544416.0000000000,13
2150,52,4.9714212187,192693744.0000000000,30
2150,53,4.8438569949,186849248.0000000000,17
2150,54,4.1669272585,168395680.0000000000,2
2150,55,3.6652683380,153780192.0000000000,35
2150,56,3.6644055773,153780576.0000000000,27
2150,57,3.2415172734,134600336.0000000000,4
2150,58,3.2418130110,134596704.0000000000,32
2150,59,3.2399654253,134509616.0000000000,0
2150,60,3.6616308923,153691024.0000000000,30
2150,61,3.6619895275,153780672.0000000000,7
2150,62,3.6646691079,153776864.0000000000,19
2150,63,3.6630073800,153777456.0000000000,8
2150,64,3.6693066397,153779312.0000000000,22
2150,65,3.6643415608,153779040.0000000000,38
2150,66,3.6653497788,153778400.0000000000,10
2150,67,3.6686296523,153780832.0000000000,22
2150,68,3.6666601610,153778336.0000000000,13
2150,69,3.6652241578,153778576.0000000000,6
2150,70,3.6691887358,153780224.0000000000,21
2150,71,3.6672776590,153778704.0000000000,21
2150,72,3.2421567383,134600112.0000000000,25
2150,73,3.2447525621,134603344.0000000000,15
2150,74,3.2360734414,134509712.0000000000,11
2150,75,3.6611687365,153686640.0000000000,31
2150,76,3.6669553275,153776352.0000000000,17
2150,77,3.6668072366,153777632.0000000000,12
2150,78,3.6639714817,153780016.0000000000,36
2150,79,3.6630454646,153776544.0000000000,37
2150,80,3.6688833063,153779824.0000000000,23
2150,81,3.6640818415,153778352.0000000000,32
2150,82,3.6642863729,153780464.0000000000,27
2150,83,3.6631432774,153779168.0000000000,25
2150,84,3.6652757175,153779600.0000000000,6
2150,85,3.6650523461,153778528.0000000000,26
2150,86,3.6619989320,153774528.0000000000,7
2150,87,3.2371495867,134598608.0000000000,31
2150,88,3.2397712670,134601856.0000000000,37
2150,89,3.2342140930,134510000.0000000000,33
2150,90,3.6587381927,153691920.0000000000,29
2150,91,3.6626839312,153779616.0000000000,5
2150,92,3.6618196460,153779632.0000000000,33
2150,93,3.6675814204,153778672.0000000000,23
2150,94,3.6638185070,153779024.0000000000,9
2150,95,3.6626092410,153778784.0000000000,3
2150,96,3.6634540695,153780240.0000000000,0
2150,97,3.6636333124,153778032.0000000000,35
2150,98,3.6650285722,153779456.0000000000,24
2150,99,3.6649565011,153776928.0000000000,4
2150,100,3.6651355620,153779568.0000000000,28
2150,101,3.6637729033,153779232.0000000000,24
2150,102,3.2363391839,134600128.0000000000,27
2150,103,3.2374088932,134596640.0000000000,30
2150,104,3.2433976635,134512880.0000000000,12
2150,105,3.6599552206,153327680.0000000000,18
2150,106,3.6712402252,153769376.0000000000,16
2150,107,3.6697532972,153781152.0000000000,14
2150,108,3.6722847394,153777024.0000000000,20
2150,109,3.6691411022,153780032.0000000000,19
2150,110,3.6713359149,153766016.0000000000,22
2150,111,3.6691828946,153772944.0000000000,14
2150,112,3.6683576703,153796512.0000000000,36
2150,113,3.6719895087,153776048.0000000000,16
2150,114,3.6664771481,153769648.0000000000,25
2150,115,3.6652055386,153778336.0000000000,33
2150,116,3.6706099570,153778672.0000000000,20
2150,117,3.2398906209,134605408.0000000000,5
2150,118,3.2436994054,134606064.0000000000,36
2150,119,3.2128058087,134149968.0000000000,34
2150,120,3.6571180342,153080240.0000000000,10
2150,121,3.6649553199,153782592.0000000000,39
2150,122,3.6698951876,153756496.0000000000,15
2150,123,3.6696866706,153782960.0000000000,21
2150,124,3.6641556868,153788960.0000000000,39
2150,125,3.6667101041,153791904.0000000000,24
2150,126,3.6687805675,153767616.0000000000,20
2150,127,3.6653482739,153774640.0000000000,5
2150,128,3.6658177258,153772080.0000000000,35
2150,129,3.6714047476,153799504.0000000000,15
2150,130,3.6653525963,153760224.0000000000,10
2150,131,3.6698769208,153784992.0000000000,23
2150,132,3.2440829742,134613216.0000000000,6
2150,133,3.2476744958,134586896.0000000000,13
2150,134,3.2099495603,133901728.0000000000,26
2150,135,0.6499063432,33512320.0000000000,16
2150,136,0.6492692312,33600224.0000000000,34
2150,137,0.6495547108,33609456.0000000000,39
2150,138,0.6492714782,33569376.0000000000,26
2150,139,0.6493430214,33584528.0000000000,18
2150,140,0.6485604667,33578768.0000000000,7
2150,141,0.6489862002,33596320.0000000000,19
2150,142,0.6500433714,33589088.0000000000,10
2150,143,0.6498812485,33592592.0000000000,38
2150,144,0.6505656494,33574864.0000000000,17
2150,145,0.6489644422,33582432.0000000000,14
2150,146,0.6486193129,33588304.0000000000,0
2150,147,0.6072382874,29438672.0000000000,21
2150,148,0.6075682039,29427456.0000000000,20
2150,149,0.6049751330,29356512.0000000000,22
2150,150,0.2677040225,19560496.0000000000,21
2150,151,0.2665864638,19560496.0000000000,32
2150,152,0.2669600247,19560496.0000000000,31
2150,153,0.2672055934,19560496.0000000000,38
2150,154,0.2678409946,19560496.0000000000,23
2150,155,0.2676205841,19560496.0000000000,28
2150,156,0.2658640480,19560496.0000000000,7
2150,157,0.2672992484,19560496.0000000000,12
2150,158,0.2667182065,19560496.0000000000,2
2150,159,0.2671096797,19560496.0000000000,8
2150,160,0.2671667231,19560496.0000000000,10
2150,161,0.2666280841,19560496.0000000000,2
2150,162,0.2303399452,17158704.0000000000,2
2150,163,0.2321104678,17158704.0000000000,17
2150,164,0.2291471570,17158704.0000000000,29
2150,165,0.2662784415,19560496.0000000000,29
2150,166,0.2663569071,19560496.0000000000,34
2150,167,0.2676793828,19560496.0000000000,21
2150,168,0.2663224207,19560496.0000000000,19
2150,169,0.2669045491,19560496.0000000000,35
2150,170,0.2668665763,19560496.0000000000,9
2150,171,0.2671445556,19560496.0000000000,31
2150,172,0.2671830601,19560496.0000000000,22
2150,173,0.2679133829,19560496.0000000000,17
2150,174,0.2676240893,19560496.0000000000,16
2150,175,0.2675137319,19560496.0000000000,23
2150,176,0.2663711074,19560496.0000000000,26
2150,177,0.2292952231,17158704.0000000000,19
2150,178,0.2313434259,17158704.0000000000,6
2150,179,0.2330992606,17158704.0000000000,9
2150,180,0.2668730946,19560496.0000000000,6
2150,181,0.2660892848,19560496.0000000000,7
2150,182,0.2671060334,19560496.0000000000,38
2150,183,0.2673799857,19560496.0000000000,10
2150,184,0.2665028330,19560496.0000000000,14
2150,185,0.2667765371,19560496.0000000000,3
2150,186,0.2666669624,19560496.0000000000,2
2150,187,0.2666835807,19560496.0000000000,3
2150,188,0.2678158487,19560496.0000000000,20
2150,189,0.2672846203,19560496.0000000000,22
2150,190,0.2666879432,19560496.0000000000,24
2150,191,0.2681410676,19560496.0000000000,28
2150,192,0.2325342134,17158704.0000000000,17
2150,193,0.2320950100,17158704.0000000000,38
2150,194,0.2314490565,17158704.0000000000,30
2150,195,0.2662892336,19560496.0000000000,24
2150,196,0.2665753527,19560496.0000000000,34
2150,197,0.2669323176,19560496.0000000000,8
2150,198,0.2664052271,19560496.0000000000,24
2150,199,0.2666732228,19560496.0000000000,26
2150,200,0.2664259697,19560496.0000000000,34
2150,201,0.2677652560,19560496.0000000000,16
2150,202,0.2665580572,19560496.0000000000,14
2150,203,0.2667421704,19560496.0000000000,35
2150,204,0.2668689626,19560496.0000000000,4
2150,205,0.2669716675,19560496.0000000000,4
2150,206,0.2663945028,19560496.0000000000,34
2150,207,0.2307872214,17158704.0000000000,0
2150,208,0.2327153962,17158704.0000000000,21
2150,209,0.2313147377,17158704.0000000000,16
2150,210,0.2668939499,19560496.0000000000,18
2150,211,0.2661889474,19560496.0000000000,29
2150,212,0.2667798878,19560496.0000000000,3
2150,213,0.2664213431,19560496.0000000000,19
2150,214,0.2673242019,19560496.0000000000,28
2150,215,0.2678290698,19560496.0000000000,20
2150,216,0.2659288581,19560496.0000000000,33
2150,217,0.2673599189,19560496.0000000000,22
2150,218,0.2662575878,19560496.0000000000,29
2150,219,0.2668255442,19560496.0000000000,13
2150,220,0.2662437137,19560496.0000000000,29
2150,221,0.2658869986,19560496.0000000000,11
2150,222,0.2320591068,17158704.0000000000,28
2150,223,0.2308102875,17158704.0000000000,5
2150,224,0.2330334513,17158704.0000000000,12
2150,225,0.2676840956,19560496.0000000000,16
2150,226,0.2668498805,19560496.0000000000,35
2150,227,0.2664823665,19560496.0000000000,14
2150,228,0.2669474338,19560496.0000000000,8
2150,229,0.2668631128,19560496.0000000000,18
2150,230,0.2669690443,19560496.0000000000,13
2150,231,0.2665859472,19560496.0000000000,2
2150,232,0.2672372436,19560496.0000000000,28
2150,233,0.2669159322,19560496.0000000000,1
2150,234,0.2673043919,19560496.0000000000,28
2150,235,0.2664151792,19560496.0000000000,39
2150,236,0.2677517417,19560496.0000000000,23
2150,237,0.2313835294,17158704.0000000000,4
2150,238,0.2301390694,17158704.0000000000,31
2150,239,0.2305478626,17158704.0000000000,23
2150,240,0.2677711931,19560496.0000000000,23
2150,241,0.2666962030,19560496.0000000000,2
2150,242,0.2663600881,19560496.0000000000,39
2150,243,0.2672944480,19560496.0000000000,30
2150,244,0.2668207211,19560496.0000000000,18
2150,245,0.2662461135,19560496.0000000000,0
2150,246,0.2667636781,19560496.0000000000,4
2150,247,0.2669009888,19560496.0000000000,8
2150,248,0.2668627616,19560496.0000000000,1
2150,249,0.2664245346,19560496.0000000000,27
2150,250,0.2667691826,19560496.0000000000,5
2150,251,0.2671759445,19560496.0000000000,10
2150,252,0.2311531291,17158704.0000000000,34
2150,253,0.2327770641,17158704.0000000000,26
2150,254,0.2307043568,17158704.0000000000,35
2150,255,0.2667203663,19560496.0000000000,4
2150,256,0.2699375987,19560496.0000000000,36
2150,257,0.2667339786,19560496.0000000000,3
2150,258,0.2666253344,19560496.0000000000,26
2150,259,0.2674716575,19560496.0000000000,23
2150,260,0.2663657689,19560496.0000000000,27
2150,261,0.2665249311,19560496.0000000000,36
2150,262,0.2663803417,19560496.0000000000,37
2150,263,0.2658710463,19560496.0000000000,11
2150,264,0.2676750675,19560496.0000000000,16
2150,265,0.2676726410,19560496.0000000000,21
2150,266,0.2671197442,19560496.0000000000,38
2150,267,0.2304806985,17158704.0000000000,35
2150,268,0.2323016569,17158704.0000000000,20
2150,269,0.2314300816,17158704.0000000000,30
2150,270,0.2663969558,19560496.0000000000,24
2150,271,0.2661842883,19560496.0000000000,0
2150,272,0.2673433435,19560496.0000000000,10
2150,273,0.2663561142,19560496.0000000000,39
2150,274,0.2659302527,19560496.0000000000,7
2150,275,0.2661858574,19560496.0000000000,29
2150,276,0.2666084435,19560496.0000000000,24
2150,277,0.2674514697,19560496.0000000000,12
2150,278,0.2663309519,19560496.0000000000,39
2150,279,0.2664678954,19560496.0000000000,14
2150,280,0.2675926092,19560496.0000000000,21
2150,281,0.2664785280,19560496.0000000000,24
2150,282,0.2278866817,17158704.0000000000,7
2150,283,0.2326406695,17158704.0000000000,13
2150,284,0.2327496002,17158704.0000000000,15
2150,285,0.2668573041,19560496.0000000000,18
2150,286,0.2667951091,19560496.0000000000,2
2150,287,0.2664801545,19560496.0000000000,25
2150,288,0.2671213929,19560496.0000000000,38
2150,289,0.2661411439,19560496.0000000000,29
2150,290,0.2665896529,19560496.0000000000,34
2150,291,0.2680148153,19560496.0000000000,17
2150,292,0.2669890077,19560496.0000000000,1
2150,293,0.2663979940,19560496.0000000000,19
2150,294,0.2664476202,19560496.0000000000,14
2150,295,0.2667730678,19560496.0000000000,35
2150,296,0.2663992174,19560496.0000000000,19
2150,297,0.2306833776,17158704.0000000000,11
2150,298,0.2320436086,17158704.0000000000,32
2150,299,0.2288186573,17158704.0000000000,14
2150,300,0.2671152092,19560496.0000000000,10
2150,301,0.2669126658,19560496.0000000000,1
2150,302,0.2667738642,19560496.0000000000,8
2150,303,0.2676483497,19560496.0000000000,20
2150,304,0.2662426804,19560496.0000000000,39
2150,305,0.2669921787,19560496.0000000000,9
2150,306,0.2677707047,19560496.0000000000,20
2150,307,0.2678185491,19560496.0000000000,17
2150,308,0.2664169668,19560496.0000000000,26
2150,309,0.2658983387,19560496.0000000000,7
2150,310,0.2662559240,19560496.0000000000,37
2150,311,0.2672680840,19560496.0000000000,22
2150,312,0.2314861659,17158704.0000000000,25
2150,313,0.2315474577,17158704.0000000000,37
2150,314,0.2336256739,17158704.0000000000,20
2150,315,0.2673880025,19560496.0000000000,12
2150,316,0.2676806799,19560496.0000000000,17
2150,317,0.2669375777,19560496.0000000000,31
2150,318,0.2666962872,19560496.0000000000,6
2150,319,0.2663254642,19560496.0000000000,34
2150,320,0.2663345534,19560496.0000000000,14
2150,321,0.2666588293,19560496.0000000000,32
2150,322,0.2668164483,19560496.0000000000,9
2150,323,0.2670925081,19560496.0000000000,38
2150,324,0.2667353307,19560496.0000000000,9
2150,325,0.2661042583,19560496.0000000000,33
2150,326,0.2660243599,19560496.0000000000,11
2150,327,0.2281593768,17158704.0000000000,33
2150,328,0.2296515768,17158704.0000000000,18
2150,329,0.2292230387,17158704.0000000000,18
2150,330,0.2663096004,19560496.0000000000,0
2150,331,0.2675880708,19560496.0000000000,16
2150,332,0.2680688566,19560496.0000000000,15
2150,333,0.2677981876,19560496.0000000000,20
2150,334,0.2660835710,19560496.0000000000,0
2150,335,0.2679588863,19560496.0000000000,17
2150,336,0.2668714233,19560496.0000000000,31
2150,337,0.2667034873,19560496.0000000000,6
2150,338,0.2663937288,19560496.0000000000,19
2150,339,0.2673958427,19560496.0000000000,12
2150,340,0.2666081324,19560496.0000000000,3
2150,341,0.2672271836,19560496.0000000000,28
2150,342,0.2303949360,17158704.0000000000,22
2150,343,0.2328707763,17158704.0000000000,10
2150,344,0.2301001521,17158704.0000000000,1
2150,345,0.2668591771,19560496.0000000000,4
2150,346,0.2666699171,19560496.0000000000,3
2150,347,0.2672766865,19560496.0000000000,22
2150,348,0.2664710228,19560496.0000000000,26
2150,349,0.2668321992,19560496.0000000000,13
2150,350,0.2677922176,19560496.0000000000,23
2150,351,0.2666002590,19560496.0000000000,26
2150,352,0.2666216485,19560496.0000000000,19
2150,353,0.2676132714,19560496.0000000000,20
2150,354,0.2662708739,19560496.0000000000,0
2150,355,0.2661435107,19560496.0000000000,39
2150,356,0.2657851290,19560496.0000000000,7
2150,357,0.2323871689,17158704.0000000000,21
2150,358,0.2308975707,17158704.0000000000,8
2150,359,0.2280702188,17158704.0000000000,33
2150,360,0.2668034621,19560496.0000000000,9
2150,361,0.2671117145,19560496.0000000000,38
2150,362,0.2667715018,19560496.0000000000,5
2150,363,0.2674155004,19560496.0000000000,12
2150,364,0.2665301168,19560496.0000000000,26
2150,365,0.2662266510,19560496.0000000000,0
2150,366,0.2666768778,19560496.0000000000,35
2150,367,0.2658118646,19560496.0000000000,7
2150,368,0.2669605800,19560496.0000000000,18
2150,369,0.2668376396,19560496.0000000000,31
2150,370,0.2668475254,19560496.0000000000,8
2150,371,0.2680474750,19560496.0000000000,15
2150,372,0.2329826327,17158704.0000000000,3
2150,373,0.2288810829,17158704.0000000000,19
2150,374,0.2318130859,17158704.0000000000,25
2150,375,0.2668181189,19560496.0000000000,9
2150,376,0.2673185559,19560496.0000000000,38
2150,377,0.2667020973,19560496.0000000000,9
2150,378,0.2675186043,19560496.0000000000,23
2150,379,0.2665468216,19560496.0000000000,24
2150,380,0.2665671485,19560496.0000000000,36
2150,381,0.2664021894,19560496.0000000000,34
2150,382,0.2661934921,19560496.0000000000,0
2150,383,0.2667773151,19560496.0000000000,18
2150,384,0.2661950012,19560496.0000000000,29
2150,385,0.2664054074,19560496.0000000000,24
2150,386,0.2663984088,19560496.0000000000,37
2150,387,0.2331211670,17158704.0000000000,12
2150,388,0.2324611570,17158704.0000000000,28
2150,389,0.2313278050,17158704.0000000000,22
2150,390,0.2666220375,19560496.0000000000,35
2150,391,0.2658947275,19560496.0000000000,11
2150,392,0.2666607636,19560496.0000000000,3
2150,393,0.2667165828,19560496.0000000000,35
2150,394,0.2668836749,19560496.0000000000,8
2150,395,0.2662929141,19560496.0000000000,39
2150,396,0.2669541227,19560496.0000000000,1
2150,397,0.2661943061,19560496.0000000000,37
2150,398,0.2667447575,19560496.0000000000,2
2150,399,0.2676751174,19560496.0000000000,23
2150,400,0.2676165501,19560496.0000000000,21
2150,401,0.2667440083,19560496.0000000000,1
2150,402,0.2313233336,17158704.0000000000,39
2150,403,0.2286427354,17158704.0000000000,24
2150,404,0.2287960044,17158704.0000000000,29
2150,405,0.2671873110,19560496.0000000000,10
2150,406,0.2677009719,19560496.0000000000,21
2150,407,0.2679007981,19560496.0000000000,17
2150,408,0.2659255693,19560496.0000000000,11
2150,409,0.2658963339,19560496.0000000000,7
2150,410,0.2676145144,19560496.0000000000,16
2150,411,0.2665422090,19560496.0000000000,32
2150,412,0.2668318073,19560496.0000000000,1
2150,413,0.2675637421,19560496.0000000000,23
2150,414,0.2664573691,19560496.0000000000,24
2150,415,0.2667838936,19560496.0000000000,35
2150,416,0.2673145802,19560496.0000000000,22
2150,417,0.2330061915,17158704.0000000000,10
2150,418,0.2316893869,17158704.0000000000,36
2150,419,0.2283345566,17158704.0000000000,27
2150,420,0.2018326377,14756912.0000000000,14
2150,421,0.2018454498,14756912.0000000000,9
2150,422,0.2019955660,14756912.0000000000,6
2150,423,0.2023068392,14756912.0000000000,13
2150,424,0.2032317183,14756912.0000000000,16
2150,425,0.2027664342,14756912.0000000000,15
2150,426,0.2016055035,14756912.0000000000,0
2150,427,0.2013963298,14756912.0000000000,7
2150,428,0.2018626634,14756912.0000000000,5
2150,429,0.2023674552,14756912.0000000000,8
2150,430,0.2022924132,14756912.0000000000,4
2150,431,0.2014410355,14756912.0000000000,11
2150,432,0.1857797189,12944944.0000000000,1
2150,433,0.1865585559,12944944.0000000000,3
2150,434,0.1858034075,12944944.0000000000,2
2200,0,0.0646265410,83745904.0000000000,24
2200,1,0.0656524060,83702592.0000000000,29
2200,2,0.0643451320,77661296.0000000000,9
2200,3,0.0432491920,63117440.0000000000,37
2200,4,0.0430401430,59003456.0000000000,30
2200,5,0.0394260090,58968288.0000000000,6
2200,6,0.0388902910,58924256.0000000000,33
2200,7,0.0391693610,58917040.0000000000,28
2200,8,0.0430922480,58900928.0000000000,39
2200,9,0.0393226590,58874688.0000000000,11
2200,10,0.0533505950,69186400.0000000000,3
2200,11,0.0887196270,99957232.0000000000,34
2200,12,0.0890022460,100622896.0000000000,25
2200,13,0.0804045440,93773040.0000000000,36
2200,14,0.0711451610,86066400.0000000000,20
2200,15,0.1113921460,141363520.0000000000,33
2200,16,0.1022872620,132070160.0000000000,22
2200,17,0.1000103070,129303728.0000000000,5
2200,18,0.0870456920,117547936.0000000000,32
2200,19,0.0718477760,104189648.0000000000,19
2200,20,0.0698080530,101668272.0000000000,4
2200,21,0.0673301290,100751312.0000000000,7
2200,22,0.0669517170,99701984.0000000000,22
2200,23,0.0675355270,100604624.0000000000,21
2200,24,0.0751026400,106226544.0000000000,2
2200,25,0.1050086630,132428736.0000000000,11
2200,26,0.1547230110,177639872.0000000000,25
2200,27,0.1423187550,161144896.0000000000,26
2200,28,0.1234278200,145263632.0000000000,39
2200,29,0.1109951280,135747744.0000000000,30
2200,30,0.1323031300,164132736.0000000000,18
2200,31,0.1472528030,174642144.0000000000,23
2200,32,0.1509450060,176803632.0000000000,5
2200,33,0.1584460820,183222912.0000000000,32
2200,34,0.1623438130,185466992.0000000000,20
2200,35,0.1502497560,174860576.0000000000,1
2200,36,0.1382930290,166180880.0000000000,31
2200,37,0.1346437540,163685520.0000000000,38
2200,38,0.1401133330,166693856.0000000000,27
2200,39,0.1592468760,181822720.0000000000,19
2200,40,0.1539731770,178189408.0000000000,0
2200,41,0.1234959030,153435840.0000000000,6
2200,42,0.1006425920,128700736.0000000000,8
2200,43,0.0997177470,128999024.0000000000,0
2200,44,0.0996756240,129628208.0000000000,1
2200,45,0.1166422100,153689856.0000000000,15
2200,46,0.1167095100,153774944.0000000000,13
2200,47,0.1165837280,153778864.0000000000,38
2200,48,0.1166460560,153783504.0000000000,37
2200,49,0.1309324480,163219712.0000000000,28
2200,50,0.1505761010,180211792.0000000000,8
2200,51,0.1605385070,190719408.0000000000,36
2200,52,0.1621694460,193798400.0000000000,2
2200,53,0.1592003030,188250928.0000000000,34
2200,54,0.1405298470,171436144.0000000000,35
2200,55,0.1166972490,153776640.0000000000,6
2200,56,0.1166728200,153779344.0000000000,28
2200,57,0.1030897600,134597760.0000000000,21
2200,58,0.1028278110,134597760.0000000000,7
2200,59,0.1030115200,134508816.0000000000,39
2200,60,0.1166956410,153685584.0000000000,14
2200,61,0.1166746860,153779440.0000000000,19
2200,62,0.1166453220,153777440.0000000000,21
2200,63,0.1166253480,153776256.0000000000,25
2200,64,0.1167040590,153778640.0000000000,12
2200,65,0.1166519330,153780128.0000000000,8
2200,66,0.1140161330,153777392.0000000000,10
2200,67,0.1166911440,153779232.0000000000,15
2200,68,0.1167246320,153779168.0000000000,24
2200,69,0.1166181330,153781024.0000000000,7
2200,70,0.1166054670,153778048.0000000000,33
2200,71,0.1168554660,153776944.0000000000,17
2200,72,0.1030416940,134599072.0000000000,4
2200,73,0.1029620710,134598560.0000000000,3
2200,74,0.1028683650,134512576.0000000000,31
2200,75,0.1165521880,153689968.0000000000,10
2200,76,0.1166543240,153776656.0000000000,14
2200,77,0.1166214830,153778720.0000000000,11
2200,78,0.1166417930,153777328.0000000000,31
2200,79,0.1167050830,153777680.0000000000,36
2200,80,0.1166141050,153777312.0000000000,37
2200,81,0.1166567190,153779824.0000000000,27
2200,82,0.1164852060,153777776.0000000000,39
2200,83,0.1167209810,153780032.0000000000,0
2200,84,0.1166971480,153778224.0000000000,4
2200,85,0.1167034320,153780096.0000000000,18
2200,86,0.1167418060,153776432.0000000000,20
2200,87,0.1029248230,134598144.0000000000,18
2200,88,0.1031250120,134599296.0000000000,28
2200,89,0.1029331830,134508496.0000000000,26
2200,90,0.1167934670,153689088.0000000000,16
2200,91,0.1165832450,153780016.0000000000,34
2200,92,0.1166847220,153777456.0000000000,12
2200,93,0.1168415640,153776656.0000000000,14
2200,94,0.1167798100,153781136.0000000000,23
2200,95,0.1166749100,153780016.0000000000,2
2200,96,0.1166640820,153777488.0000000000,32
2200,97,0.1167153750,153781728.0000000000,5
2200,98,0.1164969290,153774352.0000000000,29
2200,99,0.1166793180,153778720.0000000000,22
2200,100,0.1166046420,153777216.0000000000,9
2200,101,0.1166896930,153777552.0000000000,26
2200,102,0.1029706730,134600112.0000000000,35
2200,103,0.1029838440,134600000.0000000000,38
2200,104,0.1028596380,134510368.0000000000,29
2200,105,0.1165162380,153316000.0000000000,15
2200,106,0.1166429520,153771728.0000000000,29
2200,107,0.1166509490,153778208.0000000000,24
2200,108,0.1169063240,153773072.0000000000,21
2200,109,0.1167005640,153779504.0000000000,11
2200,110,0.1140556330,153764480.0000000000,22
2200,111,0.1169094240,153770160.0000000000,16
2200,112,0.1169269070,153797824.0000000000,17
2200,113,0.1168076820,153774304.0000000000,7
2200,114,0.1167476750,153767360.0000000000,33
2200,115,0.1167216820,153779904.0000000000,3
2200,116,0.1167931550,153780256.0000000000,9
2200,117,0.1029786730,134601120.0000000000,6
2200,118,0.1030123770,134604224.0000000000,24
2200,119,0.1021231290,134137552.0000000000,27
2200,120,0.1163225390,153062816.0000000000,17
2200,121,0.1166592310,153778832.0000000000,35
2200,122,0.1167022140,153757168.0000000000,3
2200,123,0.1168106240,153785344.0000000000,13
2200,124,0.1167543830,153781264.0000000000,1
2200,125,0.1167797380,153794128.0000000000,30
2200,126,0.1166956340,153767024.0000000000,30
2200,127,0.1167507480,153774464.0000000000,13
2200,128,0.1167672320,153772016.0000000000,12
2200,129,0.1167960600,153797600.0000000000,4
2200,130,0.1168709300,153759968.0000000000,16
2200,131,0.1167847590,153781360.0000000000,10
2200,132,0.1030508370,134608416.0000000000,9
2200,133,0.1030727150,134590288.0000000000,37
2200,134,0.1021645160,133882272.0000000000,23
2200,135,0.0202358160,33510256.0000000000,19
2200,136,0.0202902500,33600208.0000000000,15
2200,137,0.0202409250,33610848.0000000000,10
2200,138,0.0202457640,33568400.0000000000,12
2200,139,0.0202387920,33586176.0000000000,16
2200,140,0.0202365680,33577968.0000000000,38
2200,141,0.0202236260,33597616.0000000000,2
2200,142,0.0202760750,33588672.0000000000,18
2200,143,0.0202700130,33592144.0000000000,17
2200,144,0.0202538860,33574304.0000000000,20
2200,145,0.0202449920,33584976.0000000000,13
2200,146,0.0202269760,33589008.0000000000,14
2200,147,0.0188363370,29441184.0000000000,35
2200,148,0.0189361250,29425840.0000000000,36
2200,149,0.0186892970,29355392.0000000000,31
2200,150,0.0081635680,19560496.0000000000,14
2200,151,0.0081449910,19560496.0000000000,11
2200,152,0.0082149950,19560496.0000000000,12
2200,153,0.0081874810,19560496.0000000000,1
2200,154,0.0081577030,19560496.0000000000,0
2200,155,0.0081788440,19560496.0000000000,1
2200,156,0.0081831500,19560496.0000000000,38
2200,157,0.0081913270,19560496.0000000000,23
2200,158,0.0081552560,19560496.0000000000,37
2200,159,0.0081650970,19560496.0000000000,30
2200,160,0.0081413290,19560496.0000000000,34
2200,161,0.0082118280,19560496.0000000000,22
2200,162,0.0070075220,17158704.0000000000,29
2200,163,0.0070582280,17158704.0000000000,19
2200,164,0.0070567400,17158704.0000000000,22
2200,165,0.0081547510,19560496.0000000000,18
2200,166,0.0081905790,19560496.0000000000,22
2200,167,0.0081450440,19560496.0000000000,26
2200,168,0.0081409070,19560496.0000000000,25
2200,169,0.0081609640,19560496.0000000000,27
2200,170,0.0081962580,19560496.0000000000,17
2200,171,0.0081814290,19560496.0000000000,31
2200,172,0.0081786710,19560496.0000000000,35
2200,173,0.0081498280,19560496.0000000000,1
2200,174,0.0081674440,19560496.0000000000,8
2200,175,0.0081644330,19560496.0000000000,25
2200,176,0.0081940140,19560496.0000000000,10
2200,177,0.0070555400,17158704.0000000000,25
2200,178,0.0070701240,17158704.0000000000,2
2200,179,0.0070203190,17158704.0000000000,22
2200,180,0.0081540720,19560496.0000000000,37
2200,181,0.0081497050,19560496.0000000000,4
2200,182,0.0081703130,19560496.0000000000,36
2200,183,0.0081808110,19560496.0000000000,16
2200,184,0.0081753690,19560496.0000000000,12
2200,185,0.0081359200,19560496.0000000000,34
2200,186,0.0081413350,19560496.0000000000,8
2200,187,0.0081784250,19560496.0000000000,13
2200,188,0.0081593540,19560496.0000000000,32
2200,189,0.0082194640,19560496.0000000000,15
2200,190,0.0081867310,19560496.0000000000,10
2200,191,0.0081760750,19560496.0000000000,32
2200,192,0.0070872680,17158704.0000000000,21
2200,193,0.0071262590,17158704.0000000000,17
2200,194,0.0070358060,17158704.0000000000,1
2200,195,0.0081478490,19560496.0000000000,32
2200,196,0.0081518160,19560496.0000000000,13
2200,197,0.0081959420,19560496.0000000000,34
2200,198,0.0081501440,19560496.0000000000,36
2200,199,0.0081799670,19560496.0000000000,28
2200,200,0.0081451320,19560496.0000000000,27
2200,201,0.0081362130,19560496.0000000000,0
2200,202,0.0081871810,19560496.0000000000,18
2200,203,0.0081952220,19560496.0000000000,38
2200,204,0.0081682410,19560496.0000000000,35
2200,205,0.0081475450,19560496.0000000000,19
2200,206,0.0081629090,19560496.0000000000,35
2200,207,0.0069332700,17158704.0000000000,33
2200,208,0.0069641040,17158704.0000000000,7
2200,209,0.0071029560,17158704.0000000000,39
2200,210,0.0081364670,19560496.0000000000,39
2200,211,0.0081932470,19560496.0000000000,10
2200,212,0.0082154380,19560496.0000000000,17
2200,213,0.0081559210,19560496.0000000000,2
2200,214,0.0081711520,19560496.0000000000,17
2200,215,0.0081431200,19560496.0000000000,25
2200,216,0.0081691920,19560496.0000000000,34
2200,217,0.0081407420,19560496.0000000000,14
2200,218,0.0081926220,19560496.0000000000,16
2200,219,0.0081491450,19560496.0000000000,6
2200,220,0.0081594800,19560496.0000000000,11
2200,221,0.0081600840,19560496.0000000000,39
2200,222,0.0069503160,17158704.0000000000,33
2200,223,0.0071193450,17158704.0000000000,36
2200,224,0.0069664730,17158704.0000000000,31
2200,225,0.0081871000,19560496.0000000000,23
2200,226,0.0081872720,19560496.0000000000,30
2200,227,0.0081606130,19560496.0000000000,9
2200,228,0.0081994440,19560496.0000000000,20
2200,229,0.0081466930,19560496.0000000000,0
2200,230,0.0081623750,19560496.0000000000,8
2200,231,0.0081747270,19560496.0000000000,31
2200,232,0.0081609050,19560496.0000000000,13
2200,233,0.0081668510,19560496.0000000000,2
2200,234,0.0081594200,19560496.0000000000,19
2200,235,0.0081697660,19560496.0000000000,1
2200,236,0.0081625040,19560496.0000000000,18
2200,237,0.0071253890,17158704.0000000000,38
2200,238,0.0071096280,17158704.0000000000,30
2200,239,0.0070849150,17158704.0000000000,32
2200,240,0.0081645160,19560496.0000000000,2
2200,241,0.0081453440,19560496.0000000000,24
2200,242,0.0081510810,19560496.0000000000,31
2200,243,0.0081968620,19560496.0000000000,12
2200,244,0.0082032110,19560496.0000000000,20
2200,245,0.0081541750,19560496.0000000000,3
2200,246,0.0081526390,19560496.0000000000,34
2200,247,0.0081646170,19560496.0000000000,1
2200,248,0.0081817730,19560496.0000000000,10
2200,249,0.0081459870,19560496.0000000000,39
2200,250,0.0081547980,19560496.0000000000,29
2200,251,0.0081287540,19560496.0000000000,37
2200,252,0.0071476720,17158704.0000000000,9
2200,253,0.0069868090,17158704.0000000000,18
2200,254,0.0070348880,17158704.0000000000,35
2200,255,0.0081556180,19560496.0000000000,3
2200,256,0.0081859980,19560496.0000000000,20
2200,257,0.0081479070,19560496.0000000000,14
2200,258,0.0081535410,19560496.0000000000,36
2200,259,0.0081619190,19560496.0000000000,35
2200,260,0.0081705530,19560496.0000000000,26
2200,261,0.0081781240,19560496.0000000000,16
2200,262,0.0081494050,19560496.0000000000,0
2200,263,0.0081593000,19560496.0000000000,26
2200,264,0.0081768230,19560496.0000000000,19
2200,265,0.0081557570,19560496.0000000000,34
2200,266,0.0081661340,19560496.0000000000,26
2200,267,0.0069878680,17158704.0000000000,27
2200,268,0.0070546690,17158704.0000000000,15
2200,269,0.0071271890,17158704.0000000000,12
2200,270,0.0081837700,19560496.0000000000,38
2200,271,0.0081627050,19560496.0000000000,14
2200,272,0.0081843880,19560496.0000000000,8
2200,273,0.0081660600,19560496.0000000000,20
2200,274,0.0081563060,19560496.0000000000,36
2200,275,0.0082030950,19560496.0000000000,17
2200,276,0.0081482910,19560496.0000000000,25
2200,277,0.0081736160,19560496.0000000000,31
2200,278,0.0081931810,19560496.0000000000,23
2200,279,0.0081767850,19560496.0000000000,5
2200,280,0.0081834850,19560496.0000000000,10
2200,281,0.0081978420,19560496.0000000000,21
2200,282,0.0070092250,17158704.0000000000,11
2200,283,0.0070542890,17158704.0000000000,16
2200,284,0.0070005370,17158704.0000000000,5
2200,285,0.0081440800,19560496.0000000000,11
2200,286,0.0081698980,19560496.0000000000,28
2200,287,0.0081756180,19560496.0000000000,23
2200,288,0.0081520990,19560496.0000000000,32
2200,289,0.0081342490,19560496.0000000000,19
2200,290,0.0081408520,19560496.0000000000,1
2200,291,0.0081760220,19560496.0000000000,8
2200,292,0.0081709200,19560496.0000000000,18
2200,293,0.0081807780,19560496.0000000000,30
2200,294,0.0081621000,19560496.0000000000,3
2200,295,0.0081754560,19560496.0000000000,2
2200,296,0.0081719070,19560496.0000000000,34
2200,297,0.0071067160,17158704.0000000000,34
2200,298,0.0070916200,17158704.0000000000,13
2200,299,0.0071418350,17158704.0000000000,21
2200,300,0.0081630770,19560496.0000000000,39
2200,301,0.0081669450,19560496.0000000000,13
2200,302,0.0081623990,19560496.0000000000,38
2200,303,0.0081730950,19560496.0000000000,16
2200,304,0.0081743460,19560496.0000000000,2
2200,305,0.0081482300,19560496.0000000000,25
2200,306,0.0081800680,19560496.0000000000,23
2200,307,0.0081737930,19560496.0000000000,5
2200,308,0.0081670750,19560496.0000000000,8
2200,309,0.0081724080,19560496.0000000000,27
2200,310,0.0081428730,19560496.0000000000,33
2200,311,0.0081488260,19560496.0000000000,0
2200,312,0.0071358200,17158704.0000000000,3
2200,313,0.0070608360,17158704.0000000000,0
2200,314,0.0070852250,17158704.0000000000,32
2200,315,0.0081457150,19560496.0000000000,26
2200,316,0.0081779960,19560496.0000000000,27
2200,317,0.0082218900,19560496.0000000000,15
2200,318,0.0081729080,19560496.0000000000,9
2200,319,0.0081342680,19560496.0000000000,29
2200,320,0.0081566830,19560496.0000000000,14
2200,321,0.0081488010,19560496.0000000000,27
2200,322,0.0081717630,19560496.0000000000,18
2200,323,0.0081321790,19560496.0000000000,33
2200,324,0.0081773630,19560496.0000000000,12
2200,325,0.0081547970,19560496.0000000000,1
2200,326,0.0081576240,19560496.0000000000,0
2200,327,0.0070247350,17158704.0000000000,5
2200,328,0.0069935280,17158704.0000000000,24
2200,329,0.0071298210,17158704.0000000000,26
2200,330,0.0081588940,19560496.0000000000,5
2200,331,0.0081382520,19560496.0000000000,36
2200,332,0.0081769630,19560496.0000000000,26
2200,333,0.0081656160,19560496.0000000000,5
2200,334,0.0081456310,19560496.0000000000,13
2200,335,0.0081640620,19560496.0000000000,32
2200,336,0.0081665790,19560496.0000000000,5
2200,337,0.0082016490,19560496.0000000000,15
2200,338,0.0081642540,19560496.0000000000,4
2200,339,0.0081708410,19560496.0000000000,10
2200,340,0.0081398390,19560496.0000000000,19
2200,341,0.0081494220,19560496.0000000000,11
2200,342,0.0070904530,17158704.0000000000,31
2200,343,0.0071116030,17158704.0000000000,20
2200,344,0.0071321440,17158704.0000000000,28
2200,345,0.0081416360,19560496.0000000000,26
2200,346,0.0081772500,19560496.0000000000,30
2200,347,0.0081617800,19560496.0000000000,5
2200,348,0.0081612580,19560496.0000000000,6
2200,349,0.0081606940,19560496.0000000000,25
2200,350,0.0082106380,19560496.0000000000,17
2200,351,0.0081545840,19560496.0000000000,33
2200,352,0.0081852480,19560496.0000000000,17
2200,353,0.0082089730,19560496.0000000000,20
2200,354,0.0082128520,19560496.0000000000,15
2200,355,0.0082078330,19560496.0000000000,12
2200,356,0.0081712910,19560496.0000000000,29
2200,357,0.0071222420,17158704.0000000000,6
2200,358,0.0071055390,17158704.0000000000,37
2200,359,0.0069566110,17158704.0000000000,7
2200,360,0.0081695580,19560496.0000000000,0
2200,361,0.0081669570,19560496.0000000000,27
2200,362,0.0081742510,19560496.0000000000,36
2200,363,0.0081726950,19560496.0000000000,18
2200,364,0.0082105360,19560496.0000000000,20
2200,365,0.0081632520,19560496.0000000000,6
2200,366,0.0081802180,19560496.0000000000,23
2200,367,0.0081464570,19560496.0000000000,24
2200,368,0.0081870820,19560496.0000000000,23
2200,369,0.0081651590,19560496.0000000000,3
2200,370,0.0081738170,19560496.0000000000,16
2200,371,0.0081492320,19560496.0000000000,27
2200,372,0.0071365950,17158704.0000000000,25
2200,373,0.0070297060,17158704.0000000000,23
2200,374,0.0070338800,17158704.0000000000,14
2200,375,0.0081771370,19560496.0000000000,5
2200,376,0.0081579200,19560496.0000000000,6
2200,377,0.0081851300,19560496.0000000000,16
2200,378,0.0081371280,19560496.0000000000,27
2200,379,0.0081402110,19560496.0000000000,19
2200,380,0.0081480740,19560496.0000000000,7
2200,381,0.0082067680,19560496.0000000000,21
2200,382,0.0081730670,19560496.0000000000,8
2200,383,0.0081166170,19560496.0000000000,11
2200,384,0.0081340140,19560496.0000000000,7
2200,385,0.0081440710,19560496.0000000000,37
2200,386,0.0081515360,19560496.0000000000,24
2200,387,0.0070709030,17158704.0000000000,28
2200,388,0.0071223430,17158704.0000000000,11
2200,389,0.0070743190,17158704.0000000000,4
2200,390,0.0081758740,19560496.0000000000,32
2200,391,0.0081773880,19560496.0000000000,35
2200,392,0.0081782630,19560496.0000000000,31
2200,393,0.0081672460,19560496.0000000000,39
2200,394,0.0081586380,19560496.0000000000,14
2200,395,0.0081748270,19560496.0000000000,28
2200,396,0.0081872220,19560496.0000000000,28
2200,397,0.0081701410,19560496.0000000000,9
2200,398,0.0081595420,19560496.0000000000,35
2200,399,0.0081545510,19560496.0000000000,13
2200,400,0.0082179710,19560496.0000000000,15
2200,401,0.0081563070,19560496.0000000000,32
2200,402,0.0071625600,17158704.0000000000,8
2200,403,0.0069552690,17158704.0000000000,18
2200,404,0.0071757570,17158704.0000000000,20
2200,405,0.0081987280,19560496.0000000000,38
2200,406,0.0081564650,19560496.0000000000,25
2200,407,0.0081858140,19560496.0000000000,34
2200,408,0.0081597740,19560496.0000000000,37
2200,409,0.0081739040,19560496.0000000000,30
2200,410,0.0081744290,19560496.0000000000,12
2200,411,0.0081435710,19560496.0000000000,26
2200,412,0.0081603240,19560496.0000000000,6
2200,413,0.0081458160,19560496.0000000000,38
2200,414,0.0081954090,19560496.0000000000,15
2200,415,0.0081502550,19560496.0000000000,33
2200,416,0.0081458410,19560496.0000000000,2
2200,417,0.0070736520,17158704.0000000000,23
2200,418,0.0070468090,17158704.0000000000,10
2200,419,0.0071293280,17158704.0000000000,6
2200,420,0.0061682190,14756912.0000000000,14
2200,421,0.0062259000,14756912.0000000000,15
2200,422,0.0062067730,14756912.0000000000,13
2200,423,0.0062315520,14756912.0000000000,12
2200,424,0.0062103160,14756912.0000000000,19
2200,425,0.0062053800,14756912.0000000000,17
2200,426,0.0061871170,14756912.0000000000,8
2200,427,0.0061901040,14756912.0000000000,2
2200,428,0.0061697720,14756912.0000000000,9
2200,429,0.0062203460,14756912.0000000000,16
2200,430,0.0061953240,14756912.0000000000,10
2200,431,0.0061879280,14756912.0000000000,3
2200,432,0.0056677440,12944944.0000000000,0
2200,433,0.0057176580,12944944.0000000000,4
2200,434,0.0056926340,12944944.0000000000,1
2250,0,2.0276725916,83670176.0000000000,24
2250,1,2.0695637669,84129312.0000000000,29
2250,2,1.8227523946,76664064.0000000000,9
2250,3,1.3360391921,61786624.0000000000,37
2250,4,1.2374045318,59000624.0000000000,30
2250,5,1.2487905703,58979824.0000000000,6
2250,6,1.2333136019,58929440.0000000000,33
2250,7,1.2274871812,58916848.0000000000,28
2250,8,1.2453577773,58896016.0000000000,39
2250,9,1.2454300122,58864528.0000000000,11
2250,10,1.5442059456,68059776.0000000000,3
2250,11,2.6714078657,100029488.0000000000,34
2250,12,2.7864859983,100582960.0000000000,25
2250,13,2.5027475638,92287584.0000000000,36
2250,14,2.2448793290,85743088.0000000000,20
2250,15,3.4785595178,140556624.0000000000,33
2250,16,3.2035184780,131680080.0000000000,22
2250,17,3.1224454040,129090464.0000000000,5
2250,18,2.7310497742,116851712.0000000000,32
2250,19,2.2398773289,104176944.0000000000,19
2250,20,2.1955679712,101537280.0000000000,4
2250,21,2.1209773520,100307776.0000000000,7
2250,22,2.0924517777,99875520.0000000000,22
2250,23,2.1289605145,100802176.0000000000,21
2250,24,2.3478351719,106572448.0000000000,2
2250,25,3.2885452782,132934368.0000000000,11
2250,26,4.8683657579,178971616.0000000000,25
2250,27,4.5016059325,163669040.0000000000,26
2250,28,3.8938235414,146434928.0000000000,39
2250,29,3.4682477436,135399968.0000000000,30
2250,30,4.0999447925,164871040.0000000000,18
2250,31,4.5141113789,175266544.0000000000,23
2250,32,4.6296080043,177605216.0000000000,5
2250,33,4.9020026342,183296688.0000000000,32
2250,34,4.9965813485,184223792.0000000000,20
2250,35,4.6349040253,173998064.0000000000,1
2250,36,4.2851610248,165955536.0000000000,31
2250,37,4.1563763598,162925264.0000000000,38
2250,38,4.3099886578,165574928.0000000000,27
2250,39,4.8604648688,178673392.0000000000,19
2250,40,4.7211096837,177650208.0000000000,0
2250,41,3.7872197735,153585616.0000000000,6
2250,42,3.1225751631,128761440.0000000000,8
2250,43,3.1099872191,128965344.0000000000,0
2250,44,3.1086043709,129624736.0000000000,1
2250,45,3.6687978592,153688096.0000000000,15
2250,46,3.6681868037,153777664.0000000000,13
2250,47,3.6657111970,153778784.0000000000,38
2250,48,3.6841168854,154035376.0000000000,37
2250,49,4.0856953437,165154960.0000000000,28
2250,50,4.6749844616,181240512.0000000000,8
2250,51,5.0024294120,191334400.0000000000,36
2250,52,5.0643866130,194418320.0000000000,2
2250,53,4.9561484671,189373392.0000000000,34
2250,54,4.3957567768,173946848.0000000000,35
2250,55,3.6752977049,153936368.0000000000,6
2250,56,3.6666527606,153779808.0000000000,28
2250,57,3.2444285262,134598128.0000000000,21
2250,58,3.2360245757,134599440.0000000000,7
2250,59,3.2382694667,134510096.0000000000,39
2250,60,3.6661193986,153687808.0000000000,14
2250,61,3.6659088527,153779952.0000000000,19
2250,62,3.6678623782,153777728.0000000000,21
2250,63,3.6643187704,153778960.0000000000,25
2250,64,3.6680740194,153780464.0000000000,12
2250,65,3.6664377861,153778864.0000000000,8
2250,66,3.6649469172,153779888.0000000000,10
2250,67,3.6688593514,153780128.0000000000,15
2250,68,3.6649897284,153778016.0000000000,24
2250,69,3.6627374413,153782256.0000000000,7
2250,70,3.6621976178,153777440.0000000000,33
2250,71,3.6700876615,153780720.0000000000,17
2250,72,3.2432035368,134599040.0000000000,4
2250,73,3.2430142931,134599152.0000000000,3
2250,74,3.2376197609,134510672.0000000000,31
2250,75,3.6634816308,153688352.0000000000,10
2250,76,3.6670675486,153776912.0000000000,14
2250,77,3.6628420630,153778768.0000000000,11
2250,78,3.6637988676,153778000.0000000000,31
2250,79,3.6652371470,153777744.0000000000,36
2250,80,3.6630717136,153779120.0000000000,37
2250,81,3.6652774026,153777344.0000000000,27
2250,82,3.6624773501,153779008.0000000000,39
2250,83,3.6642909376,153777536.0000000000,0
2250,84,3.6651665729,153778368.0000000000,4
2250,85,3.6651978078,153780512.0000000000,18
2250,86,3.6681105580,153776480.0000000000,20
2250,87,3.2394278461,134599296.0000000000,18
2250,88,3.2426916372,134602128.0000000000,28
2250,89,3.2422866710,134505152.0000000000,26
2250,90,3.6684314503,153691216.0000000000,16
2250,91,3.6647278850,153781904.0000000000,34
2250,92,3.6681597042,153777872.0000000000,12
2250,93,3.6666758965,153778304.0000000000,14
2250,94,3.6682631882,153779728.0000000000,23
2250,95,3.6667838763,153780656.0000000000,2
2250,96,3.6650959175,153778992.0000000000,32
2250,97,3.6644106376,153778288.0000000000,5
2250,98,3.6621288640,153780336.0000000000,29
2250,99,3.6690872442,153778304.0000000000,22
2250,100,3.6649804383,153779680.0000000000,9
2250,101,3.6662530052,153780688.0000000000,26
2250,102,3.2389951388,134600672.0000000000,35
2250,103,3.2409994962,134600528.0000000000,38
2250,104,3.2368916828,134510928.0000000000,29
2250,105,3.6649829992,153309040.0000000000,15
2250,106,3.6656125936,153766960.0000000000,29
2250,107,3.6689448036,153783712.0000000000,24
2250,108,3.6727460765,153773184.0000000000,21
2250,109,3.6661184913,153783952.0000000000,11
2250,110,3.6714111463,153765920.0000000000,22
2250,111,3.6734782792,153772624.0000000000,16
2250,112,3.6731908641,153796672.0000000000,17
2250,113,3.6669353148,153773680.0000000000,7
2250,114,3.6660444985,153767360.0000000000,33
2250,115,3.6676258082,153780608.0000000000,3
2250,116,3.6686024742,153779664.0000000000,9
2250,117,3.2447887511,134600064.0000000000,6
2250,118,3.2422989859,134608512.0000000000,24
2250,119,3.2102323414,134126576.0000000000,27
2250,120,3.6601117060,153048336.0000000000,17
2250,121,3.6667092874,153778112.0000000000,35
2250,122,3.6658080621,153759184.0000000000,3
2250,123,3.6703110704,153781664.0000000000,13
2250,124,3.6695498178,153783872.0000000000,1
2250,125,3.6676297703,153793280.0000000000,30
2250,126,3.6667252483,153768480.0000000000,30
2250,127,3.6696682546,153777216.0000000000,13
2250,128,3.6698243568,153771536.0000000000,12
2250,129,3.6681711634,153801408.0000000000,4
2250,130,3.6712935774,153761088.0000000000,16
2250,131,3.6678034924,153783360.0000000000,10
2250,132,3.2452966288,134607344.0000000000,9
2250,133,3.2424415208,134590288.0000000000,37
2250,134,3.2099784761,133872496.0000000000,23
2250,135,0.6481918238,33507568.0000000000,19
2250,136,0.6508496015,33602448.0000000000,15
2250,137,0.6505279004,33611312.0000000000,10
2250,138,0.6497618296,33569184.0000000000,12
2250,139,0.6507225109,33586768.0000000000,16
2250,140,0.6493589810,33577216.0000000000,38
2250,141,0.6494405980,33597024.0000000000,2
2250,142,0.6491714075,33590000.0000000000,18
2250,143,0.6505681678,33592144.0000000000,17
2250,144,0.6501083515,33574896.0000000000,20
2250,145,0.6497371564,33582848.0000000000,13
2250,146,0.6491959569,33586800.0000000000,14
2250,147,0.6050707127,29443328.0000000000,35
2250,148,0.6058112723,29425728.0000000000,36
2250,149,0.6040326437,29353152.0000000000,31
2250,150,0.2664937079,19560496.0000000000,14
2250,151,0.2659016594,19560496.0000000000,11
2250,152,0.2673849126,19560496.0000000000,12
2250,153,0.2669271254,19560496.0000000000,1
2250,154,0.2662340556,19560496.0000000000,0
2250,155,0.2669076786,19560496.0000000000,1
2250,156,0.2670398629,19560496.0000000000,38
2250,157,0.2676373969,19560496.0000000000,23
2250,158,0.2661411897,19560496.0000000000,37
2250,159,0.2672750050,19560496.0000000000,30
2250,160,0.2666446392,19560496.0000000000,34
2250,161,0.2671614411,19560496.0000000000,22
2250,162,0.2287484798,17158704.0000000000,29
2250,163,0.2291304776,17158704.0000000000,19
2250,164,0.2307221890,17158704.0000000000,22
2250,165,0.2667898102,19560496.0000000000,18
2250,166,0.2671871071,19560496.0000000000,22
2250,167,0.2665393327,19560496.0000000000,26
2250,168,0.2666988961,19560496.0000000000,25
2250,169,0.2664190909,19560496.0000000000,27
2250,170,0.2677751008,19560496.0000000000,17
2250,171,0.2668270385,19560496.0000000000,31
2250,172,0.2668894019,19560496.0000000000,35
2250,173,0.2669171474,19560496.0000000000,1
2250,174,0.2670251906,19560496.0000000000,8
2250,175,0.2664461006,19560496.0000000000,25
2250,176,0.2672063298,19560496.0000000000,10
2250,177,0.2320582865,17158704.0000000000,25
2250,178,0.2301641195,17158704.0000000000,2
2250,179,0.2306706488,17158704.0000000000,22
2250,180,0.2663402078,19560496.0000000000,37
2250,181,0.2668028337,19560496.0000000000,4
2250,182,0.2665992641,19560496.0000000000,36
2250,183,0.2675617525,19560496.0000000000,16
2250,184,0.2674237193,19560496.0000000000,12
2250,185,0.2664771894,19560496.0000000000,34
2250,186,0.2668764095,19560496.0000000000,8
2250,187,0.2668326271,19560496.0000000000,13
2250,188,0.2666123711,19560496.0000000000,32
2250,189,0.2679097591,19560496.0000000000,15
2250,190,0.2672050221,19560496.0000000000,10
2250,191,0.2666812840,19560496.0000000000,32
2250,192,0.2326821917,17158704.0000000000,21
2250,193,0.2330061753,17158704.0000000000,17
2250,194,0.2302660679,17158704.0000000000,1
2250,195,0.2665248564,19560496.0000000000,32
2250,196,0.2668190983,19560496.0000000000,13
2250,197,0.2664000577,19560496.0000000000,34
2250,198,0.2665359348,19560496.0000000000,36
2250,199,0.2672473124,19560496.0000000000,28
2250,200,0.2664575734,19560496.0000000000,27
2250,201,0.2661607187,19560496.0000000000,0
2250,202,0.2670100041,19560496.0000000000,18
2250,203,0.2670268240,19560496.0000000000,38
2250,204,0.2668831120,19560496.0000000000,35
2250,205,0.2665586736,19560496.0000000000,19
2250,206,0.2666789382,19560496.0000000000,35
2250,207,0.2278757225,17158704.0000000000,33
2250,208,0.2282861261,17158704.0000000000,7
2250,209,0.2318562577,17158704.0000000000,39
2250,210,0.2662307155,19560496.0000000000,39
2250,211,0.2671487106,19560496.0000000000,10
2250,212,0.2678709071,19560496.0000000000,17
2250,213,0.2667399341,19560496.0000000000,2
2250,214,0.2678458152,19560496.0000000000,17
2250,215,0.2665349065,19560496.0000000000,25
2250,216,0.2665647996,19560496.0000000000,34
2250,217,0.2665083373,19560496.0000000000,14
2250,218,0.2677037277,19560496.0000000000,16
2250,219,0.2667644372,19560496.0000000000,6
2250,220,0.2659426354,19560496.0000000000,11
2250,221,0.2662988314,19560496.0000000000,39
2250,222,0.2281446716,17158704.0000000000,33
2250,223,0.2321548120,17158704.0000000000,36
2250,224,0.2299993783,17158704.0000000000,31
2250,225,0.2677157899,19560496.0000000000,23
2250,226,0.2672658137,19560496.0000000000,30
2250,227,0.2668143817,19560496.0000000000,9
2250,228,0.2679060509,19560496.0000000000,20
2250,229,0.2661424799,19560496.0000000000,0
2250,230,0.2669125897,19560496.0000000000,8
2250,231,0.2669321984,19560496.0000000000,31
2250,232,0.2667710629,19560496.0000000000,13
2250,233,0.2664633803,19560496.0000000000,2
2250,234,0.2663904846,19560496.0000000000,19
2250,235,0.2668824809,19560496.0000000000,1
2250,236,0.2667834532,19560496.0000000000,18
2250,237,0.2326649320,17158704.0000000000,38
2250,238,0.2305170438,17158704.0000000000,30
2250,239,0.2319743995,17158704.0000000000,32
2250,240,0.2666568392,19560496.0000000000,2
2250,241,0.2665492028,19560496.0000000000,24
2250,242,0.2668839674,19560496.0000000000,31
2250,243,0.2673130762,19560496.0000000000,12
2250,244,0.2677165969,19560496.0000000000,20
2250,245,0.2666994297,19560496.0000000000,3
2250,246,0.2663962862,19560496.0000000000,34
2250,247,0.2668690134,19560496.0000000000,1
2250,248,0.2674850210,19560496.0000000000,10
2250,249,0.2663584716,19560496.0000000000,39
2250,250,0.2661336734,19560496.0000000000,29
2250,251,0.2661716613,19560496.0000000000,37
2250,252,0.2330144896,17158704.0000000000,9
2250,253,0.2291202170,17158704.0000000000,18
2250,254,0.2303950412,17158704.0000000000,35
2250,255,0.2666017456,19560496.0000000000,3
2250,256,0.2676149640,19560496.0000000000,20
2250,257,0.2664631229,19560496.0000000000,14
2250,258,0.2664430691,19560496.0000000000,36
2250,259,0.2667050280,19560496.0000000000,35
2250,260,0.2665556537,19560496.0000000000,26
2250,261,0.2675607745,19560496.0000000000,16
2250,262,0.2661896230,19560496.0000000000,0
2250,263,0.2664863928,19560496.0000000000,26
2250,264,0.2663392719,19560496.0000000000,19
2250,265,0.2665748742,19560496.0000000000,34
2250,266,0.2666557529,19560496.0000000000,26
2250,267,0.2282047981,17158704.0000000000,27
2250,268,0.2335580619,17158704.0000000000,15
2250,269,0.2329038901,17158704.0000000000,12
2250,270,0.2670793019,19560496.0000000000,38
2250,271,0.2663798159,19560496.0000000000,14
2250,272,0.2669624496,19560496.0000000000,8
2250,273,0.2676552012,19560496.0000000000,20
2250,274,0.2664503755,19560496.0000000000,36
2250,275,0.2678193283,19560496.0000000000,17
2250,276,0.2665286741,19560496.0000000000,25
2250,277,0.2668518563,19560496.0000000000,31
2250,278,0.2677582796,19560496.0000000000,23
2250,279,0.2670138360,19560496.0000000000,5
2250,280,0.2672778599,19560496.0000000000,10
2250,281,0.2675363346,19560496.0000000000,21
2250,282,0.2296480242,17158704.0000000000,11
2250,283,0.2318126009,17158704.0000000000,16
2250,284,0.2302526611,17158704.0000000000,5
2250,285,0.2660091029,19560496.0000000000,11
2250,286,0.2673218926,19560496.0000000000,28
2250,287,0.2675342970,19560496.0000000000,23
2250,288,0.2665959458,19560496.0000000000,32
2250,289,0.2664016845,19560496.0000000000,19
2250,290,0.2668135670,19560496.0000000000,1
2250,291,0.2669425711,19560496.0000000000,8
2250,292,0.2668908791,19560496.0000000000,18
2250,293,0.2674643827,19560496.0000000000,30
2250,294,0.2667779122,19560496.0000000000,3
2250,295,0.2665148064,19560496.0000000000,2
2250,296,0.2665188009,19560496.0000000000,34
2250,297,0.2315110849,17158704.0000000000,34
2250,298,0.2326596936,17158704.0000000000,13
2250,299,0.2328099532,17158704.0000000000,21
2250,300,0.2662968485,19560496.0000000000,39
2250,301,0.2668676249,19560496.0000000000,13
2250,302,0.2671919419,19560496.0000000000,38
2250,303,0.2674675294,19560496.0000000000,16
2250,304,0.2665743258,19560496.0000000000,2
2250,305,0.2665693713,19560496.0000000000,25
2250,306,0.2676042092,19560496.0000000000,23
2250,307,0.2668228718,19560496.0000000000,5
2250,308,0.2667221636,19560496.0000000000,8
2250,309,0.2663968011,19560496.0000000000,27
2250,310,0.2660402114,19560496.0000000000,33
2250,311,0.2660442806,19560496.0000000000,0
2250,312,0.2328010542,17158704.0000000000,3
2250,313,0.2303869387,17158704.0000000000,0
2250,314,0.2318991191,17158704.0000000000,32
2250,315,0.2665225213,19560496.0000000000,26
2250,316,0.2664900905,19560496.0000000000,27
2250,317,0.2681414201,19560496.0000000000,15
2250,318,0.2668850760,19560496.0000000000,9
2250,319,0.2660933857,19560496.0000000000,29
2250,320,0.2664443319,19560496.0000000000,14
2250,321,0.2665217032,19560496.0000000000,27
2250,322,0.2668360249,19560496.0000000000,18
2250,323,0.2658934377,19560496.0000000000,33
2250,324,0.2671914309,19560496.0000000000,12
2250,325,0.2667516435,19560496.0000000000,1
2250,326,0.2662281339,19560496.0000000000,0
2250,327,0.2310038662,17158704.0000000000,5
2250,328,0.2283353029,17158704.0000000000,24
2250,329,0.2328351779,17158704.0000000000,26
2250,330,0.2667001544,19560496.0000000000,5
2250,331,0.2664802355,19560496.0000000000,36
2250,332,0.2666331670,19560496.0000000000,26
2250,333,0.2668685576,19560496.0000000000,5
2250,334,0.2667739085,19560496.0000000000,13
2250,335,0.2665860227,19560496.0000000000,32
2250,336,0.2669391377,19560496.0000000000,5
2250,337,0.2678761480,19560496.0000000000,15
2250,338,0.2668191317,19560496.0000000000,4
2250,339,0.2672824057,19560496.0000000000,10
2250,340,0.2664511942,19560496.0000000000,19
2250,341,0.2659944292,19560496.0000000000,11
2250,342,0.2300926984,17158704.0000000000,31
2250,343,0.2329648551,17158704.0000000000,20
2250,344,0.2325885566,17158704.0000000000,28
2250,345,0.2666568940,19560496.0000000000,26
2250,346,0.2672579178,19560496.0000000000,30
2250,347,0.2668291225,19560496.0000000000,5
2250,348,0.2667069636,19560496.0000000000,6
2250,349,0.2664600070,19560496.0000000000,25
2250,350,0.2680669901,19560496.0000000000,17
2250,351,0.2659361341,19560496.0000000000,33
2250,352,0.2679070056,19560496.0000000000,17
2250,353,0.2677527886,19560496.0000000000,20
2250,354,0.2680513039,19560496.0000000000,15
2250,355,0.2674786770,19560496.0000000000,12
2250,356,0.2659667329,19560496.0000000000,29
2250,357,0.2314023940,17158704.0000000000,6
2250,358,0.2313570425,17158704.0000000000,37
2250,359,0.2278409673,17158704.0000000000,7
2250,360,0.2661460905,19560496.0000000000,0
2250,361,0.2663364525,19560496.0000000000,27
2250,362,0.2665619056,19560496.0000000000,36
2250,363,0.2667947818,19560496.0000000000,18
2250,364,0.2677256319,19560496.0000000000,20
2250,365,0.2668203492,19560496.0000000000,6
2250,366,0.2676321071,19560496.0000000000,23
2250,367,0.2664246135,19560496.0000000000,24
2250,368,0.2677097481,19560496.0000000000,23
2250,369,0.2667053595,19560496.0000000000,3
2250,370,0.2676361364,19560496.0000000000,16
2250,371,0.2666159981,19560496.0000000000,27
2250,372,0.2322446679,17158704.0000000000,25
2250,373,0.2302161742,17158704.0000000000,23
2250,374,0.2293133044,17158704.0000000000,14
2250,375,0.2666726083,19560496.0000000000,5
2250,376,0.2667483188,19560496.0000000000,6
2250,377,0.2675491744,19560496.0000000000,16
2250,378,0.2663043391,19560496.0000000000,27
2250,379,0.2663632104,19560496.0000000000,19
2250,380,0.2658960030,19560496.0000000000,7
2250,381,0.2677262847,19560496.0000000000,21
2250,382,0.2669975078,19560496.0000000000,8
2250,383,0.2658001194,19560496.0000000000,11
2250,384,0.2658365921,19560496.0000000000,7
2250,385,0.2663112616,19560496.0000000000,37
2250,386,0.2664898313,19560496.0000000000,24
2250,387,0.2322978444,17158704.0000000000,28
2250,388,0.2306686982,17158704.0000000000,11
2250,389,0.2315062048,17158704.0000000000,4
2250,390,0.2666250639,19560496.0000000000,32
2250,391,0.2666084460,19560496.0000000000,35
2250,392,0.2668778308,19560496.0000000000,31
2250,393,0.2662741700,19560496.0000000000,39
2250,394,0.2664725116,19560496.0000000000,14
2250,395,0.2673246526,19560496.0000000000,28
2250,396,0.2674427910,19560496.0000000000,28
2250,397,0.2668260390,19560496.0000000000,9
2250,398,0.2667489518,19560496.0000000000,35
2250,399,0.2667433473,19560496.0000000000,13
2250,400,0.2680133000,19560496.0000000000,15
2250,401,0.2667269627,19560496.0000000000,32
2250,402,0.2312108910,17158704.0000000000,8
2250,403,0.2293885289,17158704.0000000000,18
2250,404,0.2333300463,17158704.0000000000,20
2250,405,0.2671711473,19560496.0000000000,38
2250,406,0.2665290002,19560496.0000000000,25
2250,407,0.2664315622,19560496.0000000000,34
2250,408,0.2663478593,19560496.0000000000,37
2250,409,0.2672268578,19560496.0000000000,30
2250,410,0.2675175157,19560496.0000000000,12
2250,411,0.2666341755,19560496.0000000000,26
2250,412,0.2667967713,19560496.0000000000,6
2250,413,0.2669950578,19560496.0000000000,38
2250,414,0.2678717831,19560496.0000000000,15
2250,415,0.2660024167,19560496.0000000000,33
2250,416,0.2665009640,19560496.0000000000,2
2250,417,0.2306323060,17158704.0000000000,23
2250,418,0.2331656644,17158704.0000000000,10
2250,419,0.2313340427,17158704.0000000000,6
2250,420,0.2016757761,14756912.0000000000,14
2250,421,0.2029638023,14756912.0000000000,15
2250,422,0.2023037320,14756912.0000000000,13
2250,423,0.2027090091,14756912.0000000000,12
2250,424,0.2016045069,14756912.0000000000,19
2250,425,0.2028744137,14756912.0000000000,17
2250,426,0.2025589585,14756912.0000000000,8
2250,427,0.2019092853,14756912.0000000000,2
2250,428,0.2018609531,14756912.0000000000,9
2250,429,0.2031281286,14756912.0000000000,16
2250,430,0.2021504316,14756912.0000000000,10
2250,431,0.2024329685,14756912.0000000000,3
2250,432,0.1854206353,12944944.0000000000,0
2250,433,0.1860651411,12944944.0000000000,4
2250,434,0.1857671199,12944944.0000000000,1
2300,0,0.0624705940,83539456.0000000000,24
2300,1,0.0645809290,84525456.0000000000,29
2300,2,0.0549337820,75126784.0000000000,9
2300,3,0.0393334650,60248032.0000000000,37
2300,4,0.0380736710,58996464.0000000000,30
2300,5,0.0387303910,58988784.0000000000,6
2300,6,0.0383948100,58933360.0000000000,33
2300,7,0.0382933540,58915088.0000000000,28
2300,8,0.0386902900,58890448.0000000000,39
2300,9,0.0385938310,58854896.0000000000,11
2300,10,0.0465401060,67004496.0000000000,3
2300,11,0.0842048820,100791408.0000000000,34
2300,12,0.0867471410,100662224.0000000000,25
2300,13,0.0761316600,91234576.0000000000,36
2300,14,0.0686979300,84824800.0000000000,20
2300,15,0.1056945310,139558064.0000000000,33
2300,16,0.0989953810,131300704.0000000000,22
2300,17,0.0960526180,128785520.0000000000,5
2300,18,0.0835904550,116572256.0000000000,32
2300,19,0.0711932850,104571664.0000000000,19
2300,20,0.0680891160,101802784.0000000000,4
2300,21,0.0659064960,100982096.0000000000,7
2300,22,0.0660549000,100847344.0000000000,22
2300,23,0.0678385930,101610944.0000000000,21
2300,24,0.0731166580,107400448.0000000000,2
2300,25,0.1039025990,134132720.0000000000,11
2300,26,0.1543205030,180764288.0000000000,25
2300,27,0.1433306990,165372224.0000000000,26
2300,28,0.1211990170,146436272.0000000000,39
2300,29,0.1071629310,135331216.0000000000,30
2300,30,0.1281302700,165636448.0000000000,18
2300,31,0.1412419630,175814336.0000000000,23
2300,32,0.1445626050,178171376.0000000000,5
2300,33,0.1518029220,182799600.0000000000,32
2300,34,0.1530430990,182583488.0000000000,20
2300,35,0.1426251660,172699568.0000000000,1
2300,36,0.1315671990,164694304.0000000000,31
2300,37,0.1272087250,161368080.0000000000,38
2300,38,0.1317189830,164005936.0000000000,27
2300,39,0.1458027970,174966704.0000000000,19
2300,40,0.1440496160,175735136.0000000000,0
2300,41,0.1171046130,153250944.0000000000,6
2300,42,0.0970956850,128813744.0000000000,8
2300,43,0.0964795530,128923456.0000000000,0
2300,44,0.0964660680,129618192.0000000000,1
2300,45,0.1140086390,153685040.0000000000,15
2300,46,0.1139512680,153778880.0000000000,13
2300,47,0.1138776500,153777568.0000000000,38
2300,48,0.1155383480,154521904.0000000000,37
2300,49,0.1299558330,166607712.0000000000,28
2300,50,0.1471374960,182022496.0000000000,8
2300,51,0.1564717920,191720016.0000000000,36
2300,52,0.1582093430,194740544.0000000000,2
2300,53,0.1559479280,189976960.0000000000,34
2300,54,0.1407056250,175958032.0000000000,35
2300,55,0.1155203800,154524480.0000000000,6
2300,56,0.1138127930,153779840.0000000000,28
2300,57,0.1008045030,134598432.0000000000,21
2300,58,0.1004920370,134599056.0000000000,7
2300,59,0.1006115710,134507616.0000000000,39
2300,60,0.1140470600,153687360.0000000000,14
2300,61,0.1138677430,153775392.0000000000,19
2300,62,0.1139270590,153779328.0000000000,21
2300,63,0.1138522570,153778560.0000000000,25
2300,64,0.1139006960,153780352.0000000000,12
2300,65,0.1138007010,153779552.0000000000,8
2300,66,0.1138571280,153776608.0000000000,10
2300,67,0.1139570080,153781056.0000000000,15
2300,68,0.1138495700,153778976.0000000000,24
2300,69,0.1138156870,153778608.0000000000,7
2300,70,0.1138248180,153781184.0000000000,33
2300,71,0.1139953090,153780784.0000000000,17
2300,72,0.1006511770,134598192.0000000000,4
2300,73,0.1006919490,134601552.0000000000,3
2300,74,0.1005547340,134508720.0000000000,31
2300,75,0.1137817940,153685488.0000000000,10
2300,76,0.1139932370,153777664.0000000000,14
2300,77,0.1137469170,153778032.0000000000,11
2300,78,0.1137467020,153778240.0000000000,31
2300,79,0.1137736670,153780080.0000000000,36
2300,80,0.1136905090,153777536.0000000000,37
2300,81,0.1137848660,153778464.0000000000,27
2300,82,0.1137816240,153779504.0000000000,39
2300,83,0.1138091700,153776640.0000000000,0
2300,84,0.1138474600,153778496.0000000000,4
2300,85,0.1139407740,153779008.0000000000,18
2300,86,0.1138407930,153777600.0000000000,20
2300,87,0.1005833090,134602320.0000000000,18
2300,88,0.1006205170,134598960.0000000000,28
2300,89,0.1007239490,134508560.0000000000,26
2300,90,0.1139746910,153691392.0000000000,16
2300,91,0.1137872770,153778784.0000000000,34
2300,92,0.1140514780,153781296.0000000000,12
2300,93,0.1140342540,153779248.0000000000,14
2300,94,0.1138757790,153777664.0000000000,23
2300,95,0.1139543200,153779008.0000000000,2
2300,96,0.1137384940,153776896.0000000000,32
2300,97,0.1137647960,153779024.0000000000,5
2300,98,0.1137312020,153777216.0000000000,29
2300,99,0.1139104250,153779376.0000000000,22
2300,100,0.1138709860,153777216.0000000000,9
2300,101,0.1139954230,153780640.0000000000,26
2300,102,0.1006057800,134602272.0000000000,35
2300,103,0.1006507350,134599328.0000000000,38
2300,104,0.1006185950,134509744.0000000000,29
2300,105,0.1138664130,153300608.0000000000,15
2300,106,0.1137937960,153764976.0000000000,29
2300,107,0.1139632310,153784608.0000000000,24
2300,108,0.1141943440,153771312.0000000000,21
2300,109,0.1138791220,153784320.0000000000,11
2300,110,0.1140537830,153766592.0000000000,22
2300,111,0.1141753880,153774192.0000000000,16
2300,112,0.1140314490,153800912.0000000000,17
2300,113,0.1139005800,153772048.0000000000,7
2300,114,0.1138499360,153764336.0000000000,33
2300,115,0.1139015970,153781408.0000000000,3
2300,116,0.1139169830,153777296.0000000000,9
2300,117,0.1007834600,134598976.0000000000,6
2300,118,0.1006737260,134608000.0000000000,24
2300,119,0.0996944090,134121840.0000000000,27
2300,120,0.1136430570,153032464.0000000000,17
2300,121,0.1138946070,153779008.0000000000,35
2300,122,0.1138066730,153760496.0000000000,3
2300,123,0.1140140460,153782656.0000000000,13
2300,124,0.1140791890,153781904.0000000000,1
2300,125,0.1139721000,153792912.0000000000,30
2300,126,0.1138271900,153770368.0000000000,30
2300,127,0.1139796990,153775040.0000000000,13
2300,128,0.1140225550,153771168.0000000000,12
2300,129,0.1139194880,153800240.0000000000,4
2300,130,0.1141643670,153763088.0000000000,16
2300,131,0.1139072270,153790400.0000000000,10
2300,132,0.1007880750,134604240.0000000000,9
2300,133,0.1006309960,134587744.0000000000,37
2300,134,0.0996393960,133855856.0000000000,23
2300,135,0.0199772160,33505728.0000000000,19
2300,136,0.0200477300,33603760.0000000000,15
2300,137,0.0200411700,33609904.0000000000,10
2300,138,0.0200864870,33566800.0000000000,12
2300,139,0.0201452100,33586736.0000000000,16
2300,140,0.0200638440,33578080.0000000000,38
2300,141,0.0200613300,33595472.0000000000,2
2300,142,0.0200389650,33590848.0000000000,18
2300,143,0.0200540440,33591920.0000000000,17
2300,144,0.0201142390,33577296.0000000000,20
2300,145,0.0201188160,33579936.0000000000,13
2300,146,0.0202176900,33585280.0000000000,14
2300,147,0.0188267160,29444272.0000000000,35
2300,148,0.0186033500,29425216.0000000000,36
2300,149,0.0186716980,29351680.0000000000,31
2300,150,0.0081696090,19560496.0000000000,14
2300,151,0.0081460840,19560496.0000000000,11
2300,152,0.0081836370,19560496.0000000000,12
2300,153,0.0081889450,19560496.0000000000,1
2300,154,0.0081714610,19560496.0000000000,0
2300,155,0.0081668610,19560496.0000000000,1
2300,156,0.0081734110,19560496.0000000000,38
2300,157,0.0081876230,19560496.0000000000,23
2300,158,0.0081395650,19560496.0000000000,37
2300,159,0.0081791570,19560496.0000000000,30
2300,160,0.0081607470,19560496.0000000000,34
2300,161,0.0081968600,19560496.0000000000,22
2300,162,0.0069598690,17158704.0000000000,29
2300,163,0.0069932410,17158704.0000000000,19
2300,164,0.0070121820,17158704.0000000000,22
2300,165,0.0081684670,19560496.0000000000,18
2300,166,0.0081836360,19560496.0000000000,22
2300,167,0.0081472370,19560496.0000000000,26
2300,168,0.0081487600,19560496.0000000000,25
2300,169,0.0081529590,19560496.0000000000,27
2300,170,0.0082027620,19560496.0000000000,17
2300,171,0.0081881520,19560496.0000000000,31
2300,172,0.0081459860,19560496.0000000000,35
2300,173,0.0081633720,19560496.0000000000,1
2300,174,0.0081848400,19560496.0000000000,8
2300,175,0.0081722070,19560496.0000000000,25
2300,176,0.0081872640,19560496.0000000000,10
2300,177,0.0071010870,17158704.0000000000,25
2300,178,0.0071136570,17158704.0000000000,2
2300,179,0.0070321410,17158704.0000000000,22
2300,180,0.0081414270,19560496.0000000000,37
2300,181,0.0081579800,19560496.0000000000,4
2300,182,0.0081569280,19560496.0000000000,36
2300,183,0.0082037040,19560496.0000000000,16
2300,184,0.0082065500,19560496.0000000000,12
2300,185,0.0081753440,19560496.0000000000,34
2300,186,0.0081599120,19560496.0000000000,8
2300,187,0.0081869540,19560496.0000000000,13
2300,188,0.0081528620,19560496.0000000000,32
2300,189,0.0082164100,19560496.0000000000,15
2300,190,0.0081690090,19560496.0000000000,10
2300,191,0.0081641240,19560496.0000000000,32
2300,192,0.0070962160,17158704.0000000000,21
2300,193,0.0071871680,17158704.0000000000,17
2300,194,0.0070921960,17158704.0000000000,1
2300,195,0.0081682400,19560496.0000000000,32
2300,196,0.0081693090,19560496.0000000000,13
2300,197,0.0081523190,19560496.0000000000,34
2300,198,0.0081395150,19560496.0000000000,36
2300,199,0.0081938520,19560496.0000000000,28
2300,200,0.0081694700,19560496.0000000000,27
2300,201,0.0081380540,19560496.0000000000,0
2300,202,0.0081720350,19560496.0000000000,18
2300,203,0.0081795530,19560496.0000000000,38
2300,204,0.0081698840,19560496.0000000000,35
2300,205,0.0081542880,19560496.0000000000,19
2300,206,0.0081485430,19560496.0000000000,35
2300,207,0.0069529090,17158704.0000000000,33
2300,208,0.0069558190,17158704.0000000000,7
2300,209,0.0070314570,17158704.0000000000,39
2300,210,0.0081479510,19560496.0000000000,39
2300,211,0.0081702000,19560496.0000000000,10
2300,212,0.0081922130,19560496.0000000000,17
2300,213,0.0081680130,19560496.0000000000,2
2300,214,0.0082130020,19560496.0000000000,17
2300,215,0.0081386790,19560496.0000000000,25
2300,216,0.0081367080,19560496.0000000000,34
2300,217,0.0081772830,19560496.0000000000,14
2300,218,0.0082061170,19560496.0000000000,16
2300,219,0.0081777280,19560496.0000000000,6
2300,220,0.0081231400,19560496.0000000000,11
2300,221,0.0081377120,19560496.0000000000,39
2300,222,0.0069484600,17158704.0000000000,33
2300,223,0.0070888780,17158704.0000000000,36
2300,224,0.0069737560,17158704.0000000000,31
2300,225,0.0081928320,19560496.0000000000,23
2300,226,0.0081841650,19560496.0000000000,30
2300,227,0.0081900610,19560496.0000000000,9
2300,228,0.0081829130,19560496.0000000000,20
2300,229,0.0081399900,19560496.0000000000,0
2300,230,0.0081934960,19560496.0000000000,8
2300,231,0.0081709890,19560496.0000000000,31
2300,232,0.0081641080,19560496.0000000000,13
2300,233,0.0081524650,19560496.0000000000,2
2300,234,0.0081646490,19560496.0000000000,19
2300,235,0.0081885230,19560496.0000000000,1
2300,236,0.0081781330,19560496.0000000000,18
2300,237,0.0070703210,17158704.0000000000,38
2300,238,0.0070080130,17158704.0000000000,30
2300,239,0.0071004850,17158704.0000000000,32
2300,240,0.0081859480,19560496.0000000000,2
2300,241,0.0081506870,19560496.0000000000,24
2300,242,0.0081822710,19560496.0000000000,31
2300,243,0.0081769020,19560496.0000000000,12
2300,244,0.0083094150,19560496.0000000000,20
2300,245,0.0081733330,19560496.0000000000,3
2300,246,0.0081422210,19560496.0000000000,34
2300,247,0.0081638760,19560496.0000000000,1
2300,248,0.0081760820,19560496.0000000000,10
2300,249,0.0081654940,19560496.0000000000,39
2300,250,0.0081402090,19560496.0000000000,29
2300,251,0.0081227010,19560496.0000000000,37
2300,252,0.0071560800,17158704.0000000000,9
2300,253,0.0069651760,17158704.0000000000,18
2300,254,0.0070221040,17158704.0000000000,35
2300,255,0.0081553380,19560496.0000000000,3
2300,256,0.0082111460,19560496.0000000000,20
2300,257,0.0081544090,19560496.0000000000,14
2300,258,0.0081596720,19560496.0000000000,36
2300,259,0.0081740720,19560496.0000000000,35
2300,260,0.0081551340,19560496.0000000000,26
2300,261,0.0082041440,19560496.0000000000,16
2300,262,0.0081459000,19560496.0000000000,0
2300,263,0.0081615460,19560496.0000000000,26
2300,264,0.0081714410,19560496.0000000000,19
2300,265,0.0081425700,19560496.0000000000,34
2300,266,0.0081524800,19560496.0000000000,26
2300,267,0.0069786090,17158704.0000000000,27
2300,268,0.0071677870,17158704.0000000000,15
2300,269,0.0071628460,17158704.0000000000,12
2300,270,0.0081841280,19560496.0000000000,38
2300,271,0.0081520850,19560496.0000000000,14
2300,272,0.0081697200,19560496.0000000000,8
2300,273,0.0082176480,19560496.0000000000,20
2300,274,0.0081765040,19560496.0000000000,36
2300,275,0.0081967320,19560496.0000000000,17
2300,276,0.0081650750,19560496.0000000000,25
2300,277,0.0081585950,19560496.0000000000,31
2300,278,0.0081956460,19560496.0000000000,23
2300,279,0.0081582610,19560496.0000000000,5
2300,280,0.0081802010,19560496.0000000000,10
2300,281,0.0082032620,19560496.0000000000,21
2300,282,0.0069486870,17158704.0000000000,11
2300,283,0.0070184300,17158704.0000000000,16
2300,284,0.0070696200,17158704.0000000000,5
2300,285,0.0081563460,19560496.0000000000,11
2300,286,0.0082015290,19560496.0000000000,28
2300,287,0.0081848660,19560496.0000000000,23
2300,288,0.0081713380,19560496.0000000000,32
2300,289,0.0081580760,19560496.0000000000,19
2300,290,0.0081709580,19560496.0000000000,1
2300,291,0.0081578590,19560496.0000000000,8
2300,292,0.0081746370,19560496.0000000000,18
2300,293,0.0082131090,19560496.0000000000,30
2300,294,0.0081596260,19560496.0000000000,3
2300,295,0.0081679040,19560496.0000000000,2
2300,296,0.0081593920,19560496.0000000000,34
2300,297,0.0070978000,17158704.0000000000,34
2300,298,0.0071461830,17158704.0000000000,13
2300,299,0.0071290090,17158704.0000000000,21
2300,300,0.0081395030,19560496.0000000000,39
2300,301,0.0081761820,19560496.0000000000,13
2300,302,0.0081696000,19560496.0000000000,38
2300,303,0.0081936760,19560496.0000000000,16
2300,304,0.0081513830,19560496.0000000000,2
2300,305,0.0081652450,19560496.0000000000,25
2300,306,0.0081771720,19560496.0000000000,23
2300,307,0.0081462880,19560496.0000000000,5
2300,308,0.0081674150,19560496.0000000000,8
2300,309,0.0081480710,19560496.0000000000,27
2300,310,0.0081224330,19560496.0000000000,33
2300,311,0.0081478750,19560496.0000000000,0
2300,312,0.0071278150,17158704.0000000000,3
2300,313,0.0070627920,17158704.0000000000,0
2300,314,0.0071249110,17158704.0000000000,32
2300,315,0.0081544920,19560496.0000000000,26
2300,316,0.0081670980,19560496.0000000000,27
2300,317,0.0082187130,19560496.0000000000,15
2300,318,0.0081753400,19560496.0000000000,9
2300,319,0.0081446970,19560496.0000000000,29
2300,320,0.0081304930,19560496.0000000000,14
2300,321,0.0081699240,19560496.0000000000,27
2300,322,0.0081550480,19560496.0000000000,18
2300,323,0.0081394160,19560496.0000000000,33
2300,324,0.0081682560,19560496.0000000000,12
2300,325,0.0081719100,19560496.0000000000,1
2300,326,0.0081364530,19560496.0000000000,0
2300,327,0.0070400430,17158704.0000000000,5
2300,328,0.0069909330,17158704.0000000000,24
2300,329,0.0071426590,17158704.0000000000,26
2300,330,0.0081745940,19560496.0000000000,5
2300,331,0.0081608240,19560496.0000000000,36
2300,332,0.0081733900,19560496.0000000000,26
2300,333,0.0081560870,19560496.0000000000,5
2300,334,0.0081631360,19560496.0000000000,13
2300,335,0.0081640790,19560496.0000000000,32
2300,336,0.0081917060,19560496.0000000000,5
2300,337,0.0082041940,19560496.0000000000,15
2300,338,0.0081606560,19560496.0000000000,4
2300,339,0.0081665530,19560496.0000000000,10
2300,340,0.0081694870,19560496.0000000000,19
2300,341,0.0081510840,19560496.0000000000,11
2300,342,0.0071327610,17158704.0000000000,31
2300,343,0.0071060020,17158704.0000000000,20
2300,344,0.0071493060,17158704.0000000000,28
2300,345,0.0081781590,19560496.0000000000,26
2300,346,0.0081754670,19560496.0000000000,30
2300,347,0.0081652960,19560496.0000000000,5
2300,348,0.0081562380,19560496.0000000000,6
2300,349,0.0081736990,19560496.0000000000,25
2300,350,0.0081933840,19560496.0000000000,17
2300,351,0.0081437540,19560496.0000000000,33
2300,352,0.0082053280,19560496.0000000000,17
2300,353,0.0081881310,19560496.0000000000,20
2300,354,0.0082125090,19560496.0000000000,15
2300,355,0.0081937970,19560496.0000000000,12
2300,356,0.0081431730,19560496.0000000000,29
2300,357,0.0071107300,17158704.0000000000,6
2300,358,0.0070589480,17158704.0000000000,37
2300,359,0.0069708590,17158704.0000000000,7
2300,360,0.0081441670,19560496.0000000000,0
2300,361,0.0081381410,19560496.0000000000,27
2300,362,0.0081536940,19560496.0000000000,36
2300,363,0.0081820910,19560496.0000000000,18
2300,364,0.0081882520,19560496.0000000000,20
2300,365,0.0081739520,19560496.0000000000,6
2300,366,0.0081862100,19560496.0000000000,23
2300,367,0.0081694140,19560496.0000000000,24
2300,368,0.0081992340,19560496.0000000000,23
2300,369,0.0081800070,19560496.0000000000,3
2300,370,0.0082226890,19560496.0000000000,16
2300,371,0.0081701540,19560496.0000000000,27
2300,372,0.0070818570,17158704.0000000000,25
2300,373,0.0071059830,17158704.0000000000,23
2300,374,0.0070237200,17158704.0000000000,14
2300,375,0.0081632510,19560496.0000000000,5
2300,376,0.0081582530,19560496.0000000000,6
2300,377,0.0081765920,19560496.0000000000,16
2300,378,0.0081656860,19560496.0000000000,27
2300,379,0.0081531170,19560496.0000000000,19
2300,380,0.0081393150,19560496.0000000000,7
2300,381,0.0081956270,19560496.0000000000,21
2300,382,0.0081854500,19560496.0000000000,8
2300,383,0.0081363440,19560496.0000000000,11
2300,384,0.0081545350,19560496.0000000000,7
2300,385,0.0081506850,19560496.0000000000,37
2300,386,0.0081571500,19560496.0000000000,24
2300,387,0.0071288550,17158704.0000000000,28
2300,388,0.0070092770,17158704.0000000000,11
2300,389,0.0070615850,17158704.0000000000,4
2300,390,0.0081523700,19560496.0000000000,32
2300,391,0.0081716580,19560496.0000000000,35
2300,392,0.0081635150,19560496.0000000000,31
2300,393,0.0081749800,19560496.0000000000,39
2300,394,0.0081693570,19560496.0000000000,14
2300,395,0.0081919390,19560496.0000000000,28
2300,396,0.0081971690,19560496.0000000000,28
2300,397,0.0081793790,19560496.0000000000,9
2300,398,0.0081849640,19560496.0000000000,35
2300,399,0.0081812710,19560496.0000000000,13
2300,400,0.0082245330,19560496.0000000000,15
2300,401,0.0081716280,19560496.0000000000,32
2300,402,0.0069818640,17158704.0000000000,8
2300,403,0.0069703070,17158704.0000000000,18
2300,404,0.0071209120,17158704.0000000000,20
2300,405,0.0081959940,19560496.0000000000,38
2300,406,0.0081730690,19560496.0000000000,25
2300,407,0.0081447050,19560496.0000000000,34
2300,408,0.0081510680,19560496.0000000000,37
2300,409,0.0081899450,19560496.0000000000,30
2300,410,0.0081824030,19560496.0000000000,12
2300,411,0.0081471680,19560496.0000000000,26
2300,412,0.0081476400,19560496.0000000000,6
2300,413,0.0081733410,19560496.0000000000,38
2300,414,0.0082252960,19560496.0000000000,15
2300,415,0.0081390840,19560496.0000000000,33
2300,416,0.0081698370,19560496.0000000000,2
2300,417,0.0070636320,17158704.0000000000,23
2300,418,0.0071574030,17158704.0000000000,10
2300,419,0.0070705330,17158704.0000000000,6
2300,420,0.0061701400,14756912.0000000000,14
2300,421,0.0062160100,14756912.0000000000,15
2300,422,0.0061934050,14756912.0000000000,13
2300,423,0.0062191560,14756912.0000000000,12
2300,424,0.0061850700,14756912.0000000000,19
2300,425,0.0062338240,14756912.0000000000,17
2300,426,0.0062107700,14756912.0000000000,8
2300,427,0.0062013660,14756912.0000000000,2
2300,428,0.0061783010,14756912.0000000000,9
2300,429,0.0062244840,14756912.0000000000,16
2300,430,0.0062056740,14756912.0000000000,10
2300,431,0.0062245400,14756912.0000000000,3
2300,432,0.0056884370,12944944.0000000000,0
2300,433,0.0056784040,12944944.0000000000,4
2300,434,0.0057072730,12944944.0000000000,1
2350,0,2.0153432295,83418176.0000000000,24
2350,1,2.0815494432,84795600.0000000000,29
2350,2,1.7093587096,73105536.0000000000,9
2350,3,1.2682415076,59279888.0000000000,37
2350,4,1.2296152289,58992704.0000000000,30
2350,5,1.2501728429,58995200.0000000000,6
2350,6,1.2369915974,58928080.0000000000,33
2350,7,1.2346923453,58915360.0000000000,28
2350,8,1.2478664315,58885136.0000000000,39
2350,9,1.2439836118,58856544.0000000000,11
2350,10,1.4741072493,65976624.0000000000,3
2350,11,2.7401388408,104184512.0000000000,34
2350,12,2.7948076132,101805504.0000000000,25
2350,13,2.4418453576,90840736.0000000000,36
2350,14,2.1824173867,84011184.0000000000,20
2350,15,3.3769315679,138654752.0000000000,33
2350,16,3.1754635073,130937264.0000000000,22
2350,17,3.0812000012,128306512.0000000000,5
2350,18,2.6911830012,116601856.0000000000,32
2350,19,2.2933561535,104838128.0000000000,19
2350,20,2.1925066417,101800032.0000000000,4
2350,21,2.1174034084,100803904.0000000000,7
2350,22,2.1237459291,100993728.0000000000,22
2350,23,2.1863427553,101805168.0000000000,21
2350,24,2.3957136402,107748400.0000000000,2
2350,25,3.3603862817,135480784.0000000000,11
2350,26,4.9735543706,181173872.0000000000,25
2350,27,4.6040836553,165848672.0000000000,26
2350,28,3.8671887541,145934176.0000000000,39
2350,29,3.4304195299,135268800.0000000000,30
2350,30,4.1133399112,166582448.0000000000,18
2350,31,4.5084315935,176436272.0000000000,23
2350,32,4.6348942361,178587344.0000000000,5
2350,33,4.8698227362,182286960.0000000000,32
2350,34,4.8874989980,181247264.0000000000,20
2350,35,4.5520214342,171757168.0000000000,1
2350,36,4.2001661583,162505936.0000000000,31
2350,37,3.9951644940,156021504.0000000000,38
2350,38,4.2010526480,162333712.0000000000,27
2350,39,4.6292169725,172552192.0000000000,19
2350,40,4.5946585282,173641888.0000000000,0
2350,41,3.7585839326,152849568.0000000000,6
2350,42,3.1132409305,128792704.0000000000,8
2350,43,3.0954546377,128885872.0000000000,0
2350,44,3.0935134613,129589184.0000000000,1
2350,45,3.6668989167,153686224.0000000000,15
2350,46,3.6681887531,153778208.0000000000,13
2350,47,3.6647714732,153779792.0000000000,38
2350,48,3.7233791114,155082016.0000000000,37
2350,49,4.1955851337,167773408.0000000000,28
2350,50,4.7427910594,182675904.0000000000,8
2350,51,5.0673310801,197343536.0000000000,36
2350,52,5.1756221819,204521728.0000000000,2
2350,53,5.0291241983,192656784.0000000000,34
2350,54,4.5579274513,177611824.0000000000,35
2350,55,3.7265153064,155214624.0000000000,6
2350,56,3.6654962626,153780976.0000000000,28
2350,57,3.2436614238,134601072.0000000000,21
2350,58,3.2353896183,134596928.0000000000,7
2350,59,3.2370221361,134506208.0000000000,39
2350,60,3.6649978981,153689072.0000000000,14
2350,61,3.6647902317,153778448.0000000000,19
2350,62,3.6667451360,153778384.0000000000,21
2350,63,3.6634018637,153779104.0000000000,25
2350,64,3.6671686226,153779520.0000000000,12
2350,65,3.6630556252,153778800.0000000000,8
2350,66,3.6657222007,153779824.0000000000,10
2350,67,3.6683608527,153779408.0000000000,15
2350,68,3.6633899239,153776832.0000000000,24
2350,69,3.6614419128,153780000.0000000000,7
2350,70,3.6616493194,153780240.0000000000,33
2350,71,3.6684469808,153777872.0000000000,17
2350,72,3.2415582475,134598432.0000000000,4
2350,73,3.2420735783,134600624.0000000000,3
2350,74,3.2368106733,134508688.0000000000,31
2350,75,3.6620169336,153684176.0000000000,10
2350,76,3.6655948866,153777552.0000000000,14
2350,77,3.6621399788,153779696.0000000000,11
2350,78,3.6628907822,153779920.0000000000,31
2350,79,3.6642167775,153778912.0000000000,36
2350,80,3.6622882283,153775920.0000000000,37
2350,81,3.6644252950,153780128.0000000000,27
2350,82,3.6619312611,153779104.0000000000,39
2350,83,3.6642043672,153778224.0000000000,0
2350,84,3.6647227026,153778176.0000000000,4
2350,85,3.6637839464,153781104.0000000000,18
2350,86,3.6669112186,153777232.0000000000,20
2350,87,3.2386464617,134598208.0000000000,18
2350,88,3.2415718768,134600896.0000000000,28
2350,89,3.2418866862,134507056.0000000000,26
2350,90,3.6681844436,153688320.0000000000,16
2350,91,3.6639012527,153781360.0000000000,34
2350,92,3.6670442404,153778352.0000000000,12
2350,93,3.6657426410,153780848.0000000000,14
2350,94,3.6670143658,153778880.0000000000,23
2350,95,3.6666157051,153780352.0000000000,2
2350,96,3.6645431015,153779248.0000000000,32
2350,97,3.6626971087,153778448.0000000000,5
2350,98,3.6610428740,153778112.0000000000,29
2350,99,3.6685588806,153777712.0000000000,22
2350,100,3.6639407639,153781360.0000000000,9
2350,101,3.6648281965,153777936.0000000000,26
2350,102,3.2389653833,134601344.0000000000,35
2350,103,3.2407216267,134602224.0000000000,38
2350,104,3.2364769369,134510064.0000000000,29
2350,105,3.6640202774,153292240.0000000000,15
2350,106,3.6646600586,153763792.0000000000,29
2350,107,3.6685971542,153784064.0000000000,24
2350,108,3.6713827071,153770208.0000000000,21
2350,109,3.6648828378,153780576.0000000000,11
2350,110,3.6719838655,153774528.0000000000,22
2350,111,3.6730718739,153769840.0000000000,16
2350,112,3.6728767467,153804320.0000000000,17
2350,113,3.6657056286,153776576.0000000000,7
2350,114,3.6655878349,153760608.0000000000,33
2350,115,3.6668301645,153781360.0000000000,3
2350,116,3.6677428229,153779760.0000000000,9
2350,117,3.2448024477,134600784.0000000000,6
2350,118,3.2416150241,134606688.0000000000,24
2350,119,3.2079935343,134112016.0000000000,27
2350,120,3.6583917614,153014208.0000000000,17
2350,121,3.6667794734,153779168.0000000000,35
2350,122,3.6644338273,153759568.0000000000,3
2350,123,3.6689866117,153783264.0000000000,13
2350,124,3.6685721729,153782608.0000000000,1
2350,125,3.6665860234,153785840.0000000000,30
2350,126,3.6656902533,153772304.0000000000,30
2350,127,3.6683111495,153774416.0000000000,13
2350,128,3.6689306446,153769616.0000000000,12
2350,129,3.6671140896,153800848.0000000000,4
2350,130,3.6702589380,153763888.0000000000,16
2350,131,3.6671666401,153790768.0000000000,10
2350,132,3.2437101655,134605712.0000000000,9
2350,133,3.2418024259,134587904.0000000000,37
2350,134,3.2088414674,133840624.0000000000,23
2350,135,0.6480617731,33507024.0000000000,19
2350,136,0.6508216805,33605472.0000000000,15
2350,137,0.6507145594,33610256.0000000000,10
2350,138,0.6500460636,33569952.0000000000,12
2350,139,0.6508140418,33586752.0000000000,16
2350,140,0.6492857488,33578048.0000000000,38
2350,141,0.6495845558,33596960.0000000000,2
2350,142,0.6497932629,33590656.0000000000,18
2350,143,0.6507804428,33593488.0000000000,17
2350,144,0.6507915203,33577568.0000000000,20
2350,145,0.6495222356,33579936.0000000000,13
2350,146,0.6486929297,33583808.0000000000,14
2350,147,0.6050193913,29445664.0000000000,35
2350,148,0.6056464044,29424496.0000000000,36
2350,149,0.6040851844,29351152.0000000000,31
2350,150,0.2663571061,19560496.0000000000,14
2350,151,0.2658635469,19560496.0000000000,11
2350,152,0.2674542089,19560496.0000000000,12
2350,153,0.2669399819,19560496.0000000000,1
2350,154,0.2663070247,19560496.0000000000,0
2350,155,0.2669108780,19560496.0000000000,1
2350,156,0.2670658014,19560496.0000000000,38
2350,157,0.2676140949,19560496.0000000000,23
2350,158,0.2662843236,19560496.0000000000,37
2350,159,0.2672805818,19560496.0000000000,30
2350,160,0.2665972707,19560496.0000000000,34
2350,161,0.2671161389,19560496.0000000000,22
2350,162,0.2299960126,17158704.0000000000,29
2350,163,0.2292056073,17158704.0000000000,19
2350,164,0.2305944236,17158704.0000000000,22
2350,165,0.2667461218,19560496.0000000000,18
2350,166,0.2672474995,19560496.0000000000,22
2350,167,0.2665988461,19560496.0000000000,26
2350,168,0.2665640169,19560496.0000000000,25
2350,169,0.2664762269,19560496.0000000000,27
2350,170,0.2677746916,19560496.0000000000,17
2350,171,0.2668218297,19560496.0000000000,31
2350,172,0.2668391836,19560496.0000000000,35
2350,173,0.2668490979,19560496.0000000000,1
2350,174,0.2671274279,19560496.0000000000,8
2350,175,0.2664819820,19560496.0000000000,25
2350,176,0.2672031984,19560496.0000000000,10
2350,177,0.2319103415,17158704.0000000000,25
2350,178,0.2303356434,17158704.0000000000,2
2350,179,0.2307159030,17158704.0000000000,22
2350,180,0.2663507487,19560496.0000000000,37
2350,181,0.2666813422,19560496.0000000000,4
2350,182,0.2665559417,19560496.0000000000,36
2350,183,0.2675653552,19560496.0000000000,16
2350,184,0.2674054255,19560496.0000000000,12
2350,185,0.2663955480,19560496.0000000000,34
2350,186,0.2668835458,19560496.0000000000,8
2350,187,0.2667567253,19560496.0000000000,13
2350,188,0.2666805363,19560496.0000000000,32
2350,189,0.2679942245,19560496.0000000000,15
2350,190,0.2672587626,19560496.0000000000,10
2350,191,0.2666963972,19560496.0000000000,32
2350,192,0.2326441233,17158704.0000000000,21
2350,193,0.2330810046,17158704.0000000000,17
2350,194,0.2307092112,17158704.0000000000,1
2350,195,0.2665159195,19560496.0000000000,32
2350,196,0.2669401136,19560496.0000000000,13
2350,197,0.2664699667,19560496.0000000000,34
2350,198,0.2664454069,19560496.0000000000,36
2350,199,0.2672945835,19560496.0000000000,28
2350,200,0.2663961777,19560496.0000000000,27
2350,201,0.2663658279,19560496.0000000000,0
2350,202,0.2669391196,19560496.0000000000,18
2350,203,0.2671113760,19560496.0000000000,38
2350,204,0.2668324071,19560496.0000000000,35
2350,205,0.2665745982,19560496.0000000000,19
2350,206,0.2667698829,19560496.0000000000,35
2350,207,0.2278158672,17158704.0000000000,33
2350,208,0.2281949328,17158704.0000000000,7
2350,209,0.2314928522,17158704.0000000000,39
2350,210,0.2662917334,19560496.0000000000,39
2350,211,0.2672355394,19560496.0000000000,10
2350,212,0.2677336219,19560496.0000000000,17
2350,213,0.2666728717,19560496.0000000000,2
2350,214,0.2680367770,19560496.0000000000,17
2350,215,0.2664054250,19560496.0000000000,25
2350,216,0.2665683779,19560496.0000000000,34
2350,217,0.2665517520,19560496.0000000000,14
2350,218,0.2678168364,19560496.0000000000,16
2350,219,0.2667762662,19560496.0000000000,6
2350,220,0.2659386251,19560496.0000000000,11
2350,221,0.2662178099,19560496.0000000000,39
2350,222,0.2282307583,17158704.0000000000,33
2350,223,0.2322078535,17158704.0000000000,36
2350,224,0.2297525499,17158704.0000000000,31
2350,225,0.2676059953,19560496.0000000000,23
2350,226,0.2674176774,19560496.0000000000,30
2350,227,0.2668326578,19560496.0000000000,9
2350,228,0.2678601489,19560496.0000000000,20
2350,229,0.2660843282,19560496.0000000000,0
2350,230,0.2671178632,19560496.0000000000,8
2350,231,0.2667502407,19560496.0000000000,31
2350,232,0.2666286720,19560496.0000000000,13
2350,233,0.2665171817,19560496.0000000000,2
2350,234,0.2665061014,19560496.0000000000,19
2350,235,0.2670079961,19560496.0000000000,1
2350,236,0.2668366712,19560496.0000000000,18
2350,237,0.2325058679,17158704.0000000000,38
2350,238,0.2304021048,17158704.0000000000,30
2350,239,0.2317679137,17158704.0000000000,32
2350,240,0.2667801084,19560496.0000000000,2
2350,241,0.2665412223,19560496.0000000000,24
2350,242,0.2668058148,19560496.0000000000,31
2350,243,0.2674307548,19560496.0000000000,12
2350,244,0.2678713153,19560496.0000000000,20
2350,245,0.2668108282,19560496.0000000000,3
2350,246,0.2663578471,19560496.0000000000,34
2350,247,0.2667707045,19560496.0000000000,1
2350,248,0.2672922062,19560496.0000000000,10
2350,249,0.2662508520,19560496.0000000000,39
2350,250,0.2661219834,19560496.0000000000,29
2350,251,0.2661914477,19560496.0000000000,37
2350,252,0.2331255473,17158704.0000000000,9
2350,253,0.2290795562,17158704.0000000000,18
2350,254,0.2303731008,17158704.0000000000,35
2350,255,0.2667396984,19560496.0000000000,3
2350,256,0.2677608594,19560496.0000000000,20
2350,257,0.2664585338,19560496.0000000000,14
2350,258,0.2665931871,19560496.0000000000,36
2350,259,0.2667823251,19560496.0000000000,35
2350,260,0.2666051814,19560496.0000000000,26
2350,261,0.2677284565,19560496.0000000000,16
2350,262,0.2661951251,19560496.0000000000,0
2350,263,0.2664951155,19560496.0000000000,26
2350,264,0.2664360573,19560496.0000000000,19
2350,265,0.2665299128,19560496.0000000000,34
2350,266,0.2666442231,19560496.0000000000,26
2350,267,0.2281499588,17158704.0000000000,27
2350,268,0.2333227242,17158704.0000000000,15
2350,269,0.2330806918,17158704.0000000000,12
2350,270,0.2670925461,19560496.0000000000,38
2350,271,0.2663553944,19560496.0000000000,14
2350,272,0.2669153827,19560496.0000000000,8
2350,273,0.2676947412,19560496.0000000000,20
2350,274,0.2665277936,19560496.0000000000,36
2350,275,0.2677842752,19560496.0000000000,17
2350,276,0.2664736968,19560496.0000000000,25
2350,277,0.2668619713,19560496.0000000000,31
2350,278,0.2676927456,19560496.0000000000,23
2350,279,0.2668231162,19560496.0000000000,5
2350,280,0.2672267941,19560496.0000000000,10
2350,281,0.2675412205,19560496.0000000000,21
2350,282,0.2296516852,17158704.0000000000,11
2350,283,0.2319198337,17158704.0000000000,16
2350,284,0.2299916926,17158704.0000000000,5
2350,285,0.2659752186,19560496.0000000000,11
2350,286,0.2673785048,19560496.0000000000,28
2350,287,0.2675290263,19560496.0000000000,23
2350,288,0.2666508542,19560496.0000000000,32
2350,289,0.2664178938,19560496.0000000000,19
2350,290,0.2667730922,19560496.0000000000,1
2350,291,0.2667900920,19560496.0000000000,8
2350,292,0.2669682188,19560496.0000000000,18
2350,293,0.2673694935,19560496.0000000000,30
2350,294,0.2668050765,19560496.0000000000,3
2350,295,0.2665834900,19560496.0000000000,2
2350,296,0.2665344204,19560496.0000000000,34
2350,297,0.2314448890,17158704.0000000000,34
2350,298,0.2325274267,17158704.0000000000,13
2350,299,0.2326965691,17158704.0000000000,21
2350,300,0.2662509717,19560496.0000000000,39
2350,301,0.2668573465,19560496.0000000000,13
2350,302,0.2671134962,19560496.0000000000,38
2350,303,0.2675501427,19560496.0000000000,16
2350,304,0.2666994514,19560496.0000000000,2
2350,305,0.2664032174,19560496.0000000000,25
2350,306,0.2676562245,19560496.0000000000,23
2350,307,0.2667813948,19560496.0000000000,5
2350,308,0.2667320224,19560496.0000000000,8
2350,309,0.2664788151,19560496.0000000000,27
2350,310,0.2659672068,19560496.0000000000,33
2350,311,0.2660965805,19560496.0000000000,0
2350,312,0.2329585331,17158704.0000000000,3
2350,313,0.2305588729,17158704.0000000000,0
2350,314,0.2322206933,17158704.0000000000,32
2350,315,0.2663965349,19560496.0000000000,26
2350,316,0.2664259585,19560496.0000000000,27
2350,317,0.2682494502,19560496.0000000000,15
2350,318,0.2668569639,19560496.0000000000,9
2350,319,0.2661114811,19560496.0000000000,29
2350,320,0.2663260876,19560496.0000000000,14
2350,321,0.2665036258,19560496.0000000000,27
2350,322,0.2667873624,19560496.0000000000,18
2350,323,0.2659305947,19560496.0000000000,33
2350,324,0.2672633915,19560496.0000000000,12
2350,325,0.2667449394,19560496.0000000000,1
2350,326,0.2662249386,19560496.0000000000,0
2350,327,0.2307430959,17158704.0000000000,5
2350,328,0.2284658156,17158704.0000000000,24
2350,329,0.2327773332,17158704.0000000000,26
2350,330,0.2667982426,19560496.0000000000,5
2350,331,0.2664693265,19560496.0000000000,36
2350,332,0.2665318111,19560496.0000000000,26
2350,333,0.2669188451,19560496.0000000000,5
2350,334,0.2667887407,19560496.0000000000,13
2350,335,0.2666111148,19560496.0000000000,32
2350,336,0.2669753759,19560496.0000000000,5
2350,337,0.2677818238,19560496.0000000000,15
2350,338,0.2667208356,19560496.0000000000,4
2350,339,0.2672563223,19560496.0000000000,10
2350,340,0.2663339349,19560496.0000000000,19
2350,341,0.2658478208,19560496.0000000000,11
2350,342,0.2301065111,17158704.0000000000,31
2350,343,0.2330289999,17158704.0000000000,20
2350,344,0.2320557336,17158704.0000000000,28
2350,345,0.2666701160,19560496.0000000000,26
2350,346,0.2670534857,19560496.0000000000,30
2350,347,0.2668459448,19560496.0000000000,5
2350,348,0.2667440179,19560496.0000000000,6
2350,349,0.2664846892,19560496.0000000000,25
2350,350,0.2678717347,19560496.0000000000,17
2350,351,0.2659652884,19560496.0000000000,33
2350,352,0.2678899837,19560496.0000000000,17
2350,353,0.2677694993,19560496.0000000000,20
2350,354,0.2681680344,19560496.0000000000,15
2350,355,0.2674938344,19560496.0000000000,12
2350,356,0.2661737494,19560496.0000000000,29
2350,357,0.2314065050,17158704.0000000000,6
2350,358,0.2313401312,17158704.0000000000,37
2350,359,0.2280451326,17158704.0000000000,7
2350,360,0.2662227306,19560496.0000000000,0
2350,361,0.2663987696,19560496.0000000000,27
2350,362,0.2665800974,19560496.0000000000,36
2350,363,0.2668453939,19560496.0000000000,18
2350,364,0.2678603990,19560496.0000000000,20
2350,365,0.2667745843,19560496.0000000000,6
2350,366,0.2676685636,19560496.0000000000,23
2350,367,0.2664237356,19560496.0000000000,24
2350,368,0.2678521017,19560496.0000000000,23
2350,369,0.2667572295,19560496.0000000000,3
2350,370,0.2677510954,19560496.0000000000,16
2350,371,0.2664590804,19560496.0000000000,27
2350,372,0.2320724494,17158704.0000000000,25
2350,373,0.2306354551,17158704.0000000000,23
2350,374,0.2290984148,17158704.0000000000,14
2350,375,0.2666201173,19560496.0000000000,5
2350,376,0.2667577814,19560496.0000000000,6
2350,377,0.2676633962,19560496.0000000000,16
2350,378,0.2663742474,19560496.0000000000,27
2350,379,0.2664358628,19560496.0000000000,19
2350,380,0.2658688025,19560496.0000000000,7
2350,381,0.2676794685,19560496.0000000000,21
2350,382,0.2669038423,19560496.0000000000,8
2350,383,0.2659169879,19560496.0000000000,11
2350,384,0.2660365309,19560496.0000000000,7
2350,385,0.2662420194,19560496.0000000000,37
2350,386,0.2665542552,19560496.0000000000,24
2350,387,0.2323124663,17158704.0000000000,28
2350,388,0.2307311321,17158704.0000000000,11
2350,389,0.2313595680,17158704.0000000000,4
2350,390,0.2666735574,19560496.0000000000,32
2350,391,0.2667347463,19560496.0000000000,35
2350,392,0.2669246071,19560496.0000000000,31
2350,393,0.2662509267,19560496.0000000000,39
2350,394,0.2665535742,19560496.0000000000,14
2350,395,0.2674702623,19560496.0000000000,28
2350,396,0.2675093324,19560496.0000000000,28
2350,397,0.2669284523,19560496.0000000000,9
2350,398,0.2667266522,19560496.0000000000,35
2350,399,0.2668256380,19560496.0000000000,13
2350,400,0.2680267915,19560496.0000000000,15
2350,401,0.2667842818,19560496.0000000000,32
2350,402,0.2307785086,17158704.0000000000,8
2350,403,0.2293410263,17158704.0000000000,18
2350,404,0.2334153555,17158704.0000000000,20
2350,405,0.2671424258,19560496.0000000000,38
2350,406,0.2665705603,19560496.0000000000,25
2350,407,0.2664929566,19560496.0000000000,34
2350,408,0.2663200005,19560496.0000000000,37
2350,409,0.2672422778,19560496.0000000000,30
2350,410,0.2674333939,19560496.0000000000,12
2350,411,0.2665585985,19560496.0000000000,26
2350,412,0.2668278350,19560496.0000000000,6
2350,413,0.2671889718,19560496.0000000000,38
2350,414,0.2679107949,19560496.0000000000,15
2350,415,0.2660368094,19560496.0000000000,33
2350,416,0.2666200748,19560496.0000000000,2
2350,417,0.2305204506,17158704.0000000000,23
2350,418,0.2331954173,17158704.0000000000,10
2350,419,0.2311850187,17158704.0000000000,6
2350,420,0.2017145945,14756912.0000000000,14
2350,421,0.2028513789,14756912.0000000000,15
2350,422,0.2024260259,14756912.0000000000,13
2350,423,0.2026586083,14756912.0000000000,12
2350,424,0.2015669701,14756912.0000000000,19
2350,425,0.2028636102,14756912.0000000000,17
2350,426,0.2024602037,14756912.0000000000,8
2350,427,0.2019283683,14756912.0000000000,2
2350,428,0.2018913698,14756912.0000000000,9
2350,429,0.2030878362,14756912.0000000000,16
2350,430,0.2021693553,14756912.0000000000,10
2350,431,0.2025264244,14756912.0000000000,3
2350,432,0.1855363798,12944944.0000000000,0
2350,433,0.1861308040,12944944.0000000000,4
2350,434,0.1858395340,12944944.0000000000,1
2400,0,0.0625407740,83329152.0000000000,24
2400,1,0.0647760940,84843776.0000000000,29
2400,2,0.0496486410,70506096.0000000000,9
2400,3,0.0391275330,59050960.0000000000,37
2400,4,0.0380559600,58990480.0000000000,30
2400,5,0.0386712770,58995888.0000000000,6
2400,6,0.0380417170,58925376.0000000000,33
2400,7,0.0380677390,58915392.0000000000,28
2400,8,0.0386198410,58880464.0000000000,39
2400,9,0.0385827150,58857936.0000000000,11
2400,10,0.0433522870,64699120.0000000000,3
2400,11,0.0916379790,108158048.0000000000,34
2400,12,0.0929434970,106900720.0000000000,25
2400,13,0.0754383510,91704784.0000000000,36
2400,14,0.0662507570,83653696.0000000000,20
2400,15,0.1041744500,137694032.0000000000,33
2400,16,0.0969150140,130378512.0000000000,22
2400,17,0.0955150260,127937584.0000000000,5
2400,18,0.0822677340,115323520.0000000000,32
2400,19,0.0690532150,103499728.0000000000,19
2400,20,0.0660575070,101051936.0000000000,4
2400,21,0.0654623340,100184720.0000000000,7
2400,22,0.0657328370,100691120.0000000000,22
2400,23,0.0659263900,101253216.0000000000,21
2400,24,0.0729363750,107164608.0000000000,2
2400,25,0.1055545490,135880672.0000000000,11
2400,26,0.1524404500,179099952.0000000000,25
2400,27,0.1380356060,161781008.0000000000,26
2400,28,0.1184814640,144600992.0000000000,39
2400,29,0.1068795780,134938288.0000000000,30
2400,30,0.1302745940,167760800.0000000000,18
2400,31,0.1427009870,177240656.0000000000,23
2400,32,0.1459267310,178844160.0000000000,5
2400,33,0.1530198340,183645936.0000000000,32
2400,34,0.1527576150,181805328.0000000000,20
2400,35,0.1340859960,166722688.0000000000,1
2400,36,0.1158221310,149979840.0000000000,31
2400,37,0.1125230580,147378992.0000000000,38
2400,38,0.1159969690,150616288.0000000000,27
2400,39,0.1406921530,170655968.0000000000,19
2400,40,0.1403275680,172062816.0000000000,0
2400,41,0.1162833530,152581312.0000000000,6
2400,42,0.0966200490,128745760.0000000000,8
2400,43,0.0960551320,128827120.0000000000,0
2400,44,0.0960659130,129507008.0000000000,1
2400,45,0.1139847110,153686496.0000000000,15
2400,46,0.1139391750,153780608.0000000000,13
2400,47,0.1138751690,153779392.0000000000,38
2400,48,0.1171079210,155670240.0000000000,37
2400,49,0.1323322160,168741648.0000000000,28
2400,50,0.1562922650,190002720.0000000000,8
2400,51,0.1737895940,207452880.0000000000,36
2400,52,0.1731161790,208687232.0000000000,2
2400,53,0.1715903470,204088176.0000000000,34
2400,54,0.1451238800,180238448.0000000000,35
2400,55,0.1173687380,156021136.0000000000,6
2400,56,0.1138349820,153777120.0000000000,28
2400,57,0.1007073450,134599552.0000000000,21
2400,58,0.1007014930,134595808.0000000000,7
2400,59,0.1005668170,134505664.0000000000,39
2400,60,0.1138743090,153683232.0000000000,14
2400,61,0.1138575890,153780144.0000000000,19
2400,62,0.1138946960,153779824.0000000000,21
2400,63,0.1137999650,153777776.0000000000,25
2400,64,0.1141375780,153780912.0000000000,12
2400,65,0.1138903380,153776864.0000000000,8
2400,66,0.1139025130,153778848.0000000000,10
2400,67,0.1139512870,153779232.0000000000,15
2400,68,0.1137991810,153777264.0000000000,24
2400,69,0.1137174780,153780912.0000000000,7
2400,70,0.1137484690,153776432.0000000000,33
2400,71,0.1139425840,153781536.0000000000,17
2400,72,0.1007417120,134596640.0000000000,4
2400,73,0.1007622920,134603024.0000000000,3
2400,74,0.1005497510,134506368.0000000000,31
2400,75,0.1137723100,153685712.0000000000,10
2400,76,0.1138905300,153777808.0000000000,14
2400,77,0.1137812800,153778832.0000000000,11
2400,78,0.1137891840,153778528.0000000000,31
2400,79,0.1138583960,153777296.0000000000,36
2400,80,0.1137956680,153777200.0000000000,37
2400,81,0.1139500410,153781312.0000000000,27
2400,82,0.1137839600,153773216.0000000000,39
2400,83,0.1137598020,153777168.0000000000,0
2400,84,0.1138337140,153778432.0000000000,4
2400,85,0.1138334330,153779904.0000000000,18
2400,86,0.1139365650,153777792.0000000000,20
2400,87,0.1006096160,134597552.0000000000,18
2400,88,0.1005614920,134601248.0000000000,28
2400,89,0.1006169620,134508368.0000000000,26
2400,90,0.1139643380,153686816.0000000000,16
2400,91,0.1138350610,153782576.0000000000,34
2400,92,0.1138345020,153777552.0000000000,12
2400,93,0.1138674780,153783488.0000000000,14
2400,94,0.1140023450,153779120.0000000000,23
2400,95,0.1139344990,153781056.0000000000,2
2400,96,0.1138527940,153776752.0000000000,32
2400,97,0.1137922740,153781744.0000000000,5
2400,98,0.1137708970,153782752.0000000000,29
2400,99,0.1140964030,153778800.0000000000,22
2400,100,0.1138346740,153777552.0000000000,9
2400,101,0.1137911140,153781312.0000000000,26
2400,102,0.1006027720,134598864.0000000000,35
2400,103,0.1006201410,134603616.0000000000,38
2400,104,0.1005060060,134505072.0000000000,29
2400,105,0.1138024020,153282352.0000000000,15
2400,106,0.1139194940,153759520.0000000000,29
2400,107,0.1139355720,153787360.0000000000,24
2400,108,0.1142451520,153766720.0000000000,21
2400,109,0.1138700710,153781344.0000000000,11
2400,110,0.1141539680,153775280.0000000000,22
2400,111,0.1141089870,153768400.0000000000,16
2400,112,0.1141111610,153806000.0000000000,17
2400,113,0.1139209410,153773376.0000000000,7
2400,114,0.1138412800,153758944.0000000000,33
2400,115,0.1139635570,153785552.0000000000,3
2400,116,0.1138791810,153777312.0000000000,9
2400,117,0.1008304350,134604160.0000000000,6
2400,118,0.1006989520,134604544.0000000000,24
2400,119,0.0996765410,134104928.0000000000,27
2400,120,0.1137169550,152997952.0000000000,17
2400,121,0.1139030880,153779712.0000000000,35
2400,122,0.1138273840,153753808.0000000000,3
2400,123,0.1139285130,153784080.0000000000,13
2400,124,0.1138997240,153782448.0000000000,1
2400,125,0.1139090140,153787680.0000000000,30
2400,126,0.1138638480,153770608.0000000000,30
2400,127,0.1138618850,153774992.0000000000,13
2400,128,0.1139320880,153770000.0000000000,12
2400,129,0.1141049990,153798272.0000000000,4
2400,130,0.1140919620,153761312.0000000000,16
2400,131,0.1139249070,153790112.0000000000,10
2400,132,0.1008314240,134608528.0000000000,9
2400,133,0.1007757850,134584704.0000000000,37
2400,134,0.0995990640,133827392.0000000000,23
2400,135,0.0199971720,33506736.0000000000,19
2400,136,0.0202497530,33603984.0000000000,15
2400,137,0.0201022160,33611904.0000000000,10
2400,138,0.0201767210,33569408.0000000000,12
2400,139,0.0200998940,33583344.0000000000,16
2400,140,0.0200866770,33575568.0000000000,38
2400,141,0.0200045230,33597360.0000000000,2
2400,142,0.0200864050,33590032.0000000000,18
2400,143,0.0202419760,33594240.0000000000,17
2400,144,0.0202132990,33577376.0000000000,20
2400,145,0.0200591540,33580640.0000000000,13
2400,146,0.0200841930,33584080.0000000000,14
2400,147,0.0187476750,29443856.0000000000,35
2400,148,0.0187324710,29424128.0000000000,36
2400,149,0.0186438560,29346960.0000000000,31
2400,150,0.0081405140,19560496.0000000000,14
2400,151,0.0081673370,19560496.0000000000,11
2400,152,0.0081745290,19560496.0000000000,12
2400,153,0.0081626930,19560496.0000000000,1
2400,154,0.0081415630,19560496.0000000000,0
2400,155,0.0081732220,19560496.0000000000,1
2400,156,0.0081798530,19560496.0000000000,38
2400,157,0.0081788650,19560496.0000000000,23
2400,158,0.0081411070,19560496.0000000000,37
2400,159,0.0082106660,19560496.0000000000,30
2400,160,0.0081475490,19560496.0000000000,34
2400,161,0.0081463920,19560496.0000000000,22
2400,162,0.0070103060,17158704.0000000000,29
2400,163,0.0069545170,17158704.0000000000,19
2400,164,0.0071419640,17158704.0000000000,22
2400,165,0.0081752110,19560496.0000000000,18
2400,166,0.0081884050,19560496.0000000000,22
2400,167,0.0081764440,19560496.0000000000,26
2400,168,0.0081657040,19560496.0000000000,25
2400,169,0.0081614950,19560496.0000000000,27
2400,170,0.0081950780,19560496.0000000000,17
2400,171,0.0081795650,19560496.0000000000,31
2400,172,0.0081725170,19560496.0000000000,35
2400,173,0.0081811980,19560496.0000000000,1
2400,174,0.0081728240,19560496.0000000000,8
2400,175,0.0081631780,19560496.0000000000,25
2400,176,0.0081881760,19560496.0000000000,10
2400,177,0.0071066860,17158704.0000000000,25
2400,178,0.0070930890,17158704.0000000000,2
2400,179,0.0069944380,17158704.0000000000,22
2400,180,0.0081304460,19560496.0000000000,37
2400,181,0.0081678510,19560496.0000000000,4
2400,182,0.0081652740,19560496.0000000000,36
2400,183,0.0081986530,19560496.0000000000,16
2400,184,0.0081912200,19560496.0000000000,12
2400,185,0.0081595310,19560496.0000000000,34
2400,186,0.0081779360,19560496.0000000000,8
2400,187,0.0081581770,19560496.0000000000,13
2400,188,0.0081701850,19560496.0000000000,32
2400,189,0.0082148060,19560496.0000000000,15
2400,190,0.0081618950,19560496.0000000000,10
2400,191,0.0081706440,19560496.0000000000,32
2400,192,0.0071430040,17158704.0000000000,21
2400,193,0.0071186230,17158704.0000000000,17
2400,194,0.0069778140,17158704.0000000000,1
2400,195,0.0081666390,19560496.0000000000,32
2400,196,0.0081838080,19560496.0000000000,13
2400,197,0.0081706250,19560496.0000000000,34
2400,198,0.0081610660,19560496.0000000000,36
2400,199,0.0081953690,19560496.0000000000,28
2400,200,0.0081728350,19560496.0000000000,27
2400,201,0.0081514820,19560496.0000000000,0
2400,202,0.0081903470,19560496.0000000000,18
2400,203,0.0081645200,19560496.0000000000,38
2400,204,0.0081789610,19560496.0000000000,35
2400,205,0.0081620820,19560496.0000000000,19
2400,206,0.0081684110,19560496.0000000000,35
2400,207,0.0069751900,17158704.0000000000,33
2400,208,0.0069719520,17158704.0000000000,7
2400,209,0.0070930280,17158704.0000000000,39
2400,210,0.0081601230,19560496.0000000000,39
2400,211,0.0081794280,19560496.0000000000,10
2400,212,0.0081869420,19560496.0000000000,17
2400,213,0.0081583050,19560496.0000000000,2
2400,214,0.0082092140,19560496.0000000000,17
2400,215,0.0081503030,19560496.0000000000,25
2400,216,0.0081791000,19560496.0000000000,34
2400,217,0.0081660620,19560496.0000000000,14
2400,218,0.0082006880,19560496.0000000000,16
2400,219,0.0081696760,19560496.0000000000,6
2400,220,0.0081312860,19560496.0000000000,11
2400,221,0.0081246140,19560496.0000000000,39
2400,222,0.0069681990,17158704.0000000000,33
2400,223,0.0070847500,17158704.0000000000,36
2400,224,0.0070270570,17158704.0000000000,31
2400,225,0.0081886040,19560496.0000000000,23
2400,226,0.0081773800,19560496.0000000000,30
2400,227,0.0081883140,19560496.0000000000,9
2400,228,0.0081971090,19560496.0000000000,20
2400,229,0.0081522020,19560496.0000000000,0
2400,230,0.0081681580,19560496.0000000000,8
2400,231,0.0081526170,19560496.0000000000,31
2400,232,0.0081738170,19560496.0000000000,13
2400,233,0.0081456810,19560496.0000000000,2
2400,234,0.0081596400,19560496.0000000000,19
2400,235,0.0081613110,19560496.0000000000,1
2400,236,0.0081617210,19560496.0000000000,18
2400,237,0.0070557130,17158704.0000000000,38
2400,238,0.0070207440,17158704.0000000000,30
2400,239,0.0069826850,17158704.0000000000,32
2400,240,0.0081552880,19560496.0000000000,2
2400,241,0.0081521850,19560496.0000000000,24
2400,242,0.0081631150,19560496.0000000000,31
2400,243,0.0081858600,19560496.0000000000,12
2400,244,0.0082288720,19560496.0000000000,20
2400,245,0.0081625820,19560496.0000000000,3
2400,246,0.0081585420,19560496.0000000000,34
2400,247,0.0081436460,19560496.0000000000,1
2400,248,0.0081692270,19560496.0000000000,10
2400,249,0.0081519870,19560496.0000000000,39
2400,250,0.0081740040,19560496.0000000000,29
2400,251,0.0081287840,19560496.0000000000,37
2400,252,0.0071301090,17158704.0000000000,9
2400,253,0.0070240800,17158704.0000000000,18
2400,254,0.0069962720,17158704.0000000000,35
2400,255,0.0081573230,19560496.0000000000,3
2400,256,0.0081894640,19560496.0000000000,20
2400,257,0.0081620350,19560496.0000000000,14
2400,258,0.0081625580,19560496.0000000000,36
2400,259,0.0081596330,19560496.0000000000,35
2400,260,0.0081551520,19560496.0000000000,26
2400,261,0.0081947080,19560496.0000000000,16
2400,262,0.0081370820,19560496.0000000000,0
2400,263,0.0081510150,19560496.0000000000,26
2400,264,0.0081320960,19560496.0000000000,19
2400,265,0.0081527910,19560496.0000000000,34
2400,266,0.0081434900,19560496.0000000000,26
2400,267,0.0069535710,17158704.0000000000,27
2400,268,0.0070478940,17158704.0000000000,15
2400,269,0.0071389120,17158704.0000000000,12
2400,270,0.0081686690,19560496.0000000000,38
2400,271,0.0081616110,19560496.0000000000,14
2400,272,0.0081700530,19560496.0000000000,8
2400,273,0.0081833630,19560496.0000000000,20
2400,274,0.0081664070,19560496.0000000000,36
2400,275,0.0082091050,19560496.0000000000,17
2400,276,0.0081326100,19560496.0000000000,25
2400,277,0.0081556800,19560496.0000000000,31
2400,278,0.0082008690,19560496.0000000000,23
2400,279,0.0081612190,19560496.0000000000,5
2400,280,0.0081685390,19560496.0000000000,10
2400,281,0.0081823500,19560496.0000000000,21
2400,282,0.0069603830,17158704.0000000000,11
2400,283,0.0070901500,17158704.0000000000,16
2400,284,0.0070368160,17158704.0000000000,5
2400,285,0.0081477560,19560496.0000000000,11
2400,286,0.0081726830,19560496.0000000000,28
2400,287,0.0081993650,19560496.0000000000,23
2400,288,0.0081526590,19560496.0000000000,32
2400,289,0.0081374050,19560496.0000000000,19
2400,290,0.0081834320,19560496.0000000000,1
2400,291,0.0081547720,19560496.0000000000,8
2400,292,0.0081641680,19560496.0000000000,18
2400,293,0.0081880930,19560496.0000000000,30
2400,294,0.0081782040,19560496.0000000000,3
2400,295,0.0081728010,19560496.0000000000,2
2400,296,0.0081627090,19560496.0000000000,34
2400,297,0.0071034420,17158704.0000000000,34
2400,298,0.0071309870,17158704.0000000000,13
2400,299,0.0071265240,17158704.0000000000,21
2400,300,0.0081549450,19560496.0000000000,39
2400,301,0.0081667640,19560496.0000000000,13
2400,302,0.0081841110,19560496.0000000000,38
2400,303,0.0081874130,19560496.0000000000,16
2400,304,0.0081437070,19560496.0000000000,2
2400,305,0.0081531080,19560496.0000000000,25
2400,306,0.0082029710,19560496.0000000000,23
2400,307,0.0081566390,19560496.0000000000,5
2400,308,0.0081905700,19560496.0000000000,8
2400,309,0.0081469470,19560496.0000000000,27
2400,310,0.0081535110,19560496.0000000000,33
2400,311,0.0081199720,19560496.0000000000,0
2400,312,0.0071432350,17158704.0000000000,3
2400,313,0.0070691610,17158704.0000000000,0
2400,314,0.0071264040,17158704.0000000000,32
2400,315,0.0081676270,19560496.0000000000,26
2400,316,0.0081586990,19560496.0000000000,27
2400,317,0.0081935540,19560496.0000000000,15
2400,318,0.0081690780,19560496.0000000000,9
2400,319,0.0081553220,19560496.0000000000,29
2400,320,0.0081413120,19560496.0000000000,14
2400,321,0.0081635490,19560496.0000000000,27
2400,322,0.0081632440,19560496.0000000000,18
2400,323,0.0081268180,19560496.0000000000,33
2400,324,0.0081802400,19560496.0000000000,12
2400,325,0.0081360520,19560496.0000000000,1
2400,326,0.0081366930,19560496.0000000000,0
2400,327,0.0070684080,17158704.0000000000,5
2400,328,0.0069665450,17158704.0000000000,24
2400,329,0.0071076070,17158704.0000000000,26
2400,330,0.0081756450,19560496.0000000000,5
2400,331,0.0081562770,19560496.0000000000,36
2400,332,0.0081912520,19560496.0000000000,26
2400,333,0.0081465800,19560496.0000000000,5
2400,334,0.0081555100,19560496.0000000000,13
2400,335,0.0081676800,19560496.0000000000,32
2400,336,0.0081754570,19560496.0000000000,5
2400,337,0.0082125020,19560496.0000000000,15
2400,338,0.0081573610,19560496.0000000000,4
2400,339,0.0081729360,19560496.0000000000,10
2400,340,0.0081448310,19560496.0000000000,19
2400,341,0.0081392420,19560496.0000000000,11
2400,342,0.0070820040,17158704.0000000000,31
2400,343,0.0071525440,17158704.0000000000,20
2400,344,0.0071038780,17158704.0000000000,28
2400,345,0.0081592310,19560496.0000000000,26
2400,346,0.0081846170,19560496.0000000000,30
2400,347,0.0081594740,19560496.0000000000,5
2400,348,0.0081830400,19560496.0000000000,6
2400,349,0.0081398020,19560496.0000000000,25
2400,350,0.0081998360,19560496.0000000000,17
2400,351,0.0081420190,19560496.0000000000,33
2400,352,0.0081818200,19560496.0000000000,17
2400,353,0.0082051070,19560496.0000000000,20
2400,354,0.0082046670,19560496.0000000000,15
2400,355,0.0081913900,19560496.0000000000,12
2400,356,0.0081416530,19560496.0000000000,29
2400,357,0.0071238070,17158704.0000000000,6
2400,358,0.0070739280,17158704.0000000000,37
2400,359,0.0069493980,17158704.0000000000,7
2400,360,0.0081435940,19560496.0000000000,0
2400,361,0.0081508650,19560496.0000000000,27
2400,362,0.0081701340,19560496.0000000000,36
2400,363,0.0081809590,19560496.0000000000,18
2400,364,0.0081896350,19560496.0000000000,20
2400,365,0.0081658060,19560496.0000000000,6
2400,366,0.0081795560,19560496.0000000000,23
2400,367,0.0081511640,19560496.0000000000,24
2400,368,0.0082034520,19560496.0000000000,23
2400,369,0.0081719230,19560496.0000000000,3
2400,370,0.0082109390,19560496.0000000000,16
2400,371,0.0081256470,19560496.0000000000,27
2400,372,0.0070936790,17158704.0000000000,25
2400,373,0.0070372010,17158704.0000000000,23
2400,374,0.0069739200,17158704.0000000000,14
2400,375,0.0081787120,19560496.0000000000,5
2400,376,0.0081731510,19560496.0000000000,6
2400,377,0.0082063590,19560496.0000000000,16
2400,378,0.0081462050,19560496.0000000000,27
2400,379,0.0081471630,19560496.0000000000,19
2400,380,0.0081061000,19560496.0000000000,7
2400,381,0.0082000650,19560496.0000000000,21
2400,382,0.0081847000,19560496.0000000000,8
2400,383,0.0081287420,19560496.0000000000,11
2400,384,0.0081226500,19560496.0000000000,7
2400,385,0.0081393930,19560496.0000000000,37
2400,386,0.0081478780,19560496.0000000000,24
2400,387,0.0071248560,17158704.0000000000,28
2400,388,0.0071081870,17158704.0000000000,11
2400,389,0.0070997000,17158704.0000000000,4
2400,390,0.0081764070,19560496.0000000000,32
2400,391,0.0081704350,19560496.0000000000,35
2400,392,0.0082034230,19560496.0000000000,31
2400,393,0.0081545130,19560496.0000000000,39
2400,394,0.0081694680,19560496.0000000000,14
2400,395,0.0081948260,19560496.0000000000,28
2400,396,0.0081885520,19560496.0000000000,28
2400,397,0.0081608820,19560496.0000000000,9
2400,398,0.0081546250,19560496.0000000000,35
2400,399,0.0081708510,19560496.0000000000,13
2400,400,0.0082187940,19560496.0000000000,15
2400,401,0.0082015250,19560496.0000000000,32
2400,402,0.0070143060,17158704.0000000000,8
2400,403,0.0070158740,17158704.0000000000,18
2400,404,0.0071722620,17158704.0000000000,20
2400,405,0.0081868150,19560496.0000000000,38
2400,406,0.0081415660,19560496.0000000000,25
2400,407,0.0081612370,19560496.0000000000,34
2400,408,0.0081579200,19560496.0000000000,37
2400,409,0.0081660300,19560496.0000000000,30
2400,410,0.0081869020,19560496.0000000000,12
2400,411,0.0081603340,19560496.0000000000,26
2400,412,0.0081596030,19560496.0000000000,6
2400,413,0.0081657230,19560496.0000000000,38
2400,414,0.0082051370,19560496.0000000000,15
2400,415,0.0081291040,19560496.0000000000,33
2400,416,0.0081650070,19560496.0000000000,2
2400,417,0.0070462690,17158704.0000000000,23
2400,418,0.0071178250,17158704.0000000000,10
2400,419,0.0071319610,17158704.0000000000,6
2400,420,0.0061934970,14756912.0000000000,14
2400,421,0.0062194080,14756912.0000000000,15
2400,422,0.0062036250,14756912.0000000000,13
2400,423,0.0062147580,14756912.0000000000,12
2400,424,0.0061824220,14756912.0000000000,19
2400,425,0.0062088850,14756912.0000000000,17
2400,426,0.0061912640,14756912.0000000000,8
2400,427,0.0062017970,14756912.0000000000,2
2400,428,0.0061646640,14756912.0000000000,9
2400,429,0.0062037220,14756912.0000000000,16
2400,430,0.0061969040,14756912.0000000000,10
2400,431,0.0061892510,14756912.0000000000,3
2400,432,0.0056820930,12944944.0000000000,0
2400,433,0.0057280500,12944944.0000000000,4
2400,434,0.0056921920,12944944.0000000000,1
2450,0,2.0206174695,83315824.0000000000,24
2450,1,2.0869341486,84630080.0000000000,29
2450,2,1.5641406222,68700224.0000000000,9
2450,3,1.2672175668,59041840.0000000000,37
2450,4,1.2265125181,58989392.0000000000,30
2450,5,1.2502466723,58995888.0000000000,6
2450,6,1.2346643483,58929712.0000000000,33
2450,7,1.2374751491,58912848.0000000000,28
2450,8,1.2481872395,58879376.0000000000,39
2450,9,1.2439998619,58856992.0000000000,11
2450,10,1.3864335756,63453136.0000000000,3
2450,11,2.9858221682,108870496.0000000000,34
2450,12,3.0471129070,108193056.0000000000,25
2450,13,2.4842521940,93734896.0000000000,36
2450,14,2.1434314357,83960848.0000000000,20
2450,15,3.3498584316,136778304.0000000000,33
2450,16,3.1351385532,129900944.0000000000,22
2450,17,3.0531432388,126998256.0000000000,5
2450,18,2.5859423744,112433200.0000000000,32
2450,19,2.1738586993,101255200.0000000000,19
2450,20,2.1085526200,99356704.0000000000,4
2450,21,2.0822135608,99387472.0000000000,7
2450,22,2.1095642500,100171200.0000000000,22
2450,23,2.1205465916,100443024.0000000000,21
2450,24,2.3177488397,104898000.0000000000,2
2450,25,3.3671787448,134340064.0000000000,11
2450,26,4.9210554786,179845024.0000000000,25
2450,27,4.4278709909,160842944.0000000000,26
2450,28,3.7816490543,142539328.0000000000,39
2450,29,3.4517708141,134457280.0000000000,30
2450,30,4.2402029112,169171328.0000000000,18
2450,31,4.6136588502,177954432.0000000000,23
2450,32,4.7262644990,180393120.0000000000,5
2450,33,4.9720619189,185816496.0000000000,32
2450,34,4.9301526499,182691536.0000000000,20
2450,35,4.1366775741,158462176.0000000000,1
2450,36,3.6939096968,148831824.0000000000,31
2450,37,3.6125071517,146574272.0000000000,38
2450,38,3.6698549454,147632576.0000000000,27
2450,39,4.4442535412,167245840.0000000000,19
2450,40,4.5285153421,172328896.0000000000,0
2450,41,3.7613216932,153339184.0000000000,6
2450,42,3.1120829739,128764464.0000000000,8
2450,43,3.0953331152,128747248.0000000000,0
2450,44,3.0977642556,129376128.0000000000,1
2450,45,3.6680536741,153688528.0000000000,15
2450,46,3.6678386166,153777776.0000000000,13
2450,47,3.6643439613,153779936.0000000000,38
2450,48,3.7781383548,156273136.0000000000,37
2450,49,4.2824538289,169842496.0000000000,28
2450,50,5.2309252822,199328736.0000000000,8
2450,51,5.6260619099,208727328.0000000000,36
2450,52,5.5837962556,209634080.0000000000,2
2450,53,5.5824140105,206668096.0000000000,34
2450,54,4.8035904283,185804400.0000000000,35
2450,55,3.7957231815,157025328.0000000000,6
2450,56,3.6652549545,153778896.0000000000,28
2450,57,3.2436250327,134601440.0000000000,21
2450,58,3.2352895707,134596832.0000000000,7
2450,59,3.2368046567,134505600.0000000000,39
2450,60,3.6649639399,153681584.0000000000,14
2450,61,3.6644349666,153778896.0000000000,19
2450,62,3.6671793766,153779600.0000000000,21
2450,63,3.6631729794,153778352.0000000000,25
2450,64,3.6675783577,153779312.0000000000,12
2450,65,3.6628374343,153778672.0000000000,8
2450,66,3.6655535971,153777792.0000000000,10
2450,67,3.6681772592,153780016.0000000000,15
2450,68,3.6638609191,153779696.0000000000,24
2450,69,3.6626222969,153780192.0000000000,7
2450,70,3.6613132142,153777312.0000000000,33
2450,71,3.6688669353,153780688.0000000000,17
2450,72,3.2418108818,134599360.0000000000,4
2450,73,3.2421843603,134603152.0000000000,3
2450,74,3.2364389655,134506576.0000000000,31
2450,75,3.6630577451,153684176.0000000000,10
2450,76,3.6661312532,153780352.0000000000,14
2450,77,3.6616111724,153779344.0000000000,11
2450,78,3.6629556835,153781856.0000000000,31
2450,79,3.6633945227,153774096.0000000000,36
2450,80,3.6622771950,153779616.0000000000,37
2450,81,3.6644987915,153778912.0000000000,27
2450,82,3.6617325010,153777824.0000000000,39
2450,83,3.6636897159,153779152.0000000000,0
2450,84,3.6642878197,153778336.0000000000,4
2450,85,3.6633486515,153780048.0000000000,18
2450,86,3.6669290591,153775984.0000000000,20
2450,87,3.2386042853,134599056.0000000000,18
2450,88,3.2415209624,134599632.0000000000,28
2450,89,3.2418973980,134505328.0000000000,26
2450,90,3.6674330872,153687184.0000000000,16
2450,91,3.6637471628,153779424.0000000000,34
2450,92,3.6664648769,153778576.0000000000,12
2450,93,3.6659126094,153779328.0000000000,14
2450,94,3.6673305385,153779696.0000000000,23
2450,95,3.6660422922,153781008.0000000000,2
2450,96,3.6633846217,153774592.0000000000,32
2450,97,3.6627166776,153781248.0000000000,5
2450,98,3.6616120011,153782016.0000000000,29
2450,99,3.6675605516,153776080.0000000000,22
2450,100,3.6636431989,153779936.0000000000,9
2450,101,3.6651988800,153780912.0000000000,26
2450,102,3.2384862082,134602768.0000000000,35
2450,103,3.2403934008,134599168.0000000000,38
2450,104,3.2357874282,134505104.0000000000,29
2450,105,3.6634878531,153271856.0000000000,15
2450,106,3.6640757785,153762352.0000000000,29
2450,107,3.6685361375,153787744.0000000000,24
2450,108,3.6708971105,153765424.0000000000,21
2450,109,3.6657450948,153785440.0000000000,11
2450,110,3.6723645692,153772768.0000000000,22
2450,111,3.6729557618,153770192.0000000000,16
2450,112,3.6722623654,153802864.0000000000,17
2450,113,3.6660233314,153772848.0000000000,7
2450,114,3.6658849993,153760416.0000000000,33
2450,115,3.6668436032,153788512.0000000000,3
2450,116,3.6674747938,153771488.0000000000,9
2450,117,3.2442570134,134602928.0000000000,6
2450,118,3.2409308815,134601104.0000000000,24
2450,119,3.2091550110,134098640.0000000000,27
2450,120,3.6575315372,152982096.0000000000,17
2450,121,3.6654606445,153778368.0000000000,35
2450,122,3.6640571024,153754816.0000000000,3
2450,123,3.6689921731,153784832.0000000000,13
2450,124,3.6687133621,153780768.0000000000,1
2450,125,3.6667780967,153789296.0000000000,30
2450,126,3.6653968783,153768656.0000000000,30
2450,127,3.6682303221,153774976.0000000000,13
2450,128,3.6685947560,153772848.0000000000,12
2450,129,3.6669060782,153795376.0000000000,4
2450,130,3.6702336838,153762992.0000000000,16
2450,131,3.6672403252,153794352.0000000000,10
2450,132,3.2445064956,134610320.0000000000,9
2450,133,3.2418206358,134585888.0000000000,37
2450,134,3.2084525261,133812976.0000000000,23
2450,135,0.6480351543,33505280.0000000000,19
2450,136,0.6508947385,33605584.0000000000,15
2450,137,0.6509355958,33613760.0000000000,10
2450,138,0.6498187804,33569872.0000000000,12
2450,139,0.6505497437,33584032.0000000000,16
2450,140,0.6492925319,33575440.0000000000,38
2450,141,0.6494754974,33598304.0000000000,2
2450,142,0.6502744489,33591072.0000000000,18
2450,143,0.6505942064,33594288.0000000000,17
2450,144,0.6504976909,33577696.0000000000,20
2450,145,0.6494209371,33582560.0000000000,13
2450,146,0.6491822787,33581424.0000000000,14
2450,147,0.6051768085,29445056.0000000000,35
2450,148,0.6054097896,29423552.0000000000,36
2450,149,0.6035203708,29346320.0000000000,31
2450,150,0.2664637448,19560496.0000000000,14
2450,151,0.2658062309,19560496.0000000000,11
2450,152,0.2673545068,19560496.0000000000,12
2450,153,0.2670015163,19560496.0000000000,1
2450,154,0.2661177396,19560496.0000000000,0
2450,155,0.2668717644,19560496.0000000000,1
2450,156,0.2669682227,19560496.0000000000,38
2450,157,0.2675213186,19560496.0000000000,23
2450,158,0.2662646723,19560496.0000000000,37
2450,159,0.2672087105,19560496.0000000000,30
2450,160,0.2667072530,19560496.0000000000,34
2450,161,0.2671857866,19560496.0000000000,22
2450,162,0.2295384301,17158704.0000000000,29
2450,163,0.2290378687,17158704.0000000000,19
2450,164,0.2306282120,17158704.0000000000,22
2450,165,0.2667369530,19560496.0000000000,18
2450,166,0.2672374782,19560496.0000000000,22
2450,167,0.2665223621,19560496.0000000000,26
2450,168,0.2666511554,19560496.0000000000,25
2450,169,0.2664476622,19560496.0000000000,27
2450,170,0.2677626470,19560496.0000000000,17
2450,171,0.2667895174,19560496.0000000000,31
2450,172,0.2667372436,19560496.0000000000,35
2450,173,0.2668490355,19560496.0000000000,1
2450,174,0.2670496824,19560496.0000000000,8
2450,175,0.2664773717,19560496.0000000000,25
2450,176,0.2673193519,19560496.0000000000,10
2450,177,0.2320527903,17158704.0000000000,25
2450,178,0.2303355468,17158704.0000000000,2
2450,179,0.2306075491,17158704.0000000000,22
2450,180,0.2663442216,19560496.0000000000,37
2450,181,0.2666948551,19560496.0000000000,4
2450,182,0.2665934330,19560496.0000000000,36
2450,183,0.2676427692,19560496.0000000000,16
2450,184,0.2673925584,19560496.0000000000,12
2450,185,0.2665158008,19560496.0000000000,34
2450,186,0.2669215914,19560496.0000000000,8
2450,187,0.2667667539,19560496.0000000000,13
2450,188,0.2666118984,19560496.0000000000,32
2450,189,0.2679214998,19560496.0000000000,15
2450,190,0.2672811381,19560496.0000000000,10
2450,191,0.2667164206,19560496.0000000000,32
2450,192,0.2327590176,17158704.0000000000,21
2450,193,0.2328999066,17158704.0000000000,17
2450,194,0.2301308198,17158704.0000000000,1
2450,195,0.2664693017,19560496.0000000000,32
2450,196,0.2669149745,19560496.0000000000,13
2450,197,0.2664211510,19560496.0000000000,34
2450,198,0.2664129797,19560496.0000000000,36
2450,199,0.2673508791,19560496.0000000000,28
2450,200,0.2663848910,19560496.0000000000,27
2450,201,0.2663156370,19560496.0000000000,0
2450,202,0.2669424511,19560496.0000000000,18
2450,203,0.2671246928,19560496.0000000000,38
2450,204,0.2668045931,19560496.0000000000,35
2450,205,0.2665003937,19560496.0000000000,19
2450,206,0.2666388700,19560496.0000000000,35
2450,207,0.2280988242,17158704.0000000000,33
2450,208,0.2278706575,17158704.0000000000,7
2450,209,0.2316568320,17158704.0000000000,39
2450,210,0.2662248730,19560496.0000000000,39
2450,211,0.2672024636,19560496.0000000000,10
2450,212,0.2678965528,19560496.0000000000,17
2450,213,0.2667617694,19560496.0000000000,2
2450,214,0.2679367014,19560496.0000000000,17
2450,215,0.2662496168,19560496.0000000000,25
2450,216,0.2666938417,19560496.0000000000,34
2450,217,0.2665576836,19560496.0000000000,14
2450,218,0.2677407339,19560496.0000000000,16
2450,219,0.2667564832,19560496.0000000000,6
2450,220,0.2658933170,19560496.0000000000,11
2450,221,0.2663074294,19560496.0000000000,39
2450,222,0.2277322436,17158704.0000000000,33
2450,223,0.2319295939,17158704.0000000000,36
2450,224,0.2299773206,17158704.0000000000,31
2450,225,0.2677013094,19560496.0000000000,23
2450,226,0.2673571646,19560496.0000000000,30
2450,227,0.2668291517,19560496.0000000000,9
2450,228,0.2678598553,19560496.0000000000,20
2450,229,0.2662188170,19560496.0000000000,0
2450,230,0.2670608945,19560496.0000000000,8
2450,231,0.2667979352,19560496.0000000000,31
2450,232,0.2666925654,19560496.0000000000,13
2450,233,0.2664785451,19560496.0000000000,2
2450,234,0.2664425316,19560496.0000000000,19
2450,235,0.2668776138,19560496.0000000000,1
2450,236,0.2668446824,19560496.0000000000,18
2450,237,0.2323257356,17158704.0000000000,38
2450,238,0.2310568402,17158704.0000000000,30
2450,239,0.2313703967,17158704.0000000000,32
2450,240,0.2665396303,19560496.0000000000,2
2450,241,0.2664874145,19560496.0000000000,24
2450,242,0.2668106971,19560496.0000000000,31
2450,243,0.2674248822,19560496.0000000000,12
2450,244,0.2677651980,19560496.0000000000,20
2450,245,0.2667234024,19560496.0000000000,3
2450,246,0.2663364182,19560496.0000000000,34
2450,247,0.2668487381,19560496.0000000000,1
2450,248,0.2672776333,19560496.0000000000,10
2450,249,0.2663162775,19560496.0000000000,39
2450,250,0.2660604224,19560496.0000000000,29
2450,251,0.2661386131,19560496.0000000000,37
2450,252,0.2327823432,17158704.0000000000,9
2450,253,0.2294187035,17158704.0000000000,18
2450,254,0.2307198753,17158704.0000000000,35
2450,255,0.2667033865,19560496.0000000000,3
2450,256,0.2676802961,19560496.0000000000,20
2450,257,0.2666264186,19560496.0000000000,14
2450,258,0.2663503585,19560496.0000000000,36
2450,259,0.2667827693,19560496.0000000000,35
2450,260,0.2665468797,19560496.0000000000,26
2450,261,0.2676532292,19560496.0000000000,16
2450,262,0.2663475909,19560496.0000000000,0
2450,263,0.2665136035,19560496.0000000000,26
2450,264,0.2664105062,19560496.0000000000,19
2450,265,0.2666108510,19560496.0000000000,34
2450,266,0.2667658262,19560496.0000000000,26
2450,267,0.2279917424,17158704.0000000000,27
2450,268,0.2336034710,17158704.0000000000,15
2450,269,0.2330755345,17158704.0000000000,12
2450,270,0.2669161617,19560496.0000000000,38
2450,271,0.2664608072,19560496.0000000000,14
2450,272,0.2668840068,19560496.0000000000,8
2450,273,0.2677380694,19560496.0000000000,20
2450,274,0.2665414474,19560496.0000000000,36
2450,275,0.2678009111,19560496.0000000000,17
2450,276,0.2663234807,19560496.0000000000,25
2450,277,0.2668163272,19560496.0000000000,31
2450,278,0.2677412220,19560496.0000000000,23
2450,279,0.2668993854,19560496.0000000000,5
2450,280,0.2671913469,19560496.0000000000,10
2450,281,0.2675022358,19560496.0000000000,21
2450,282,0.2297892313,17158704.0000000000,11
2450,283,0.2321161363,17158704.0000000000,16
2450,284,0.2301558308,17158704.0000000000,5
2450,285,0.2659902444,19560496.0000000000,11
2450,286,0.2672491906,19560496.0000000000,28
2450,287,0.2677181741,19560496.0000000000,23
2450,288,0.2665966020,19560496.0000000000,32
2450,289,0.2664290505,19560496.0000000000,19
2450,290,0.2668316908,19560496.0000000000,1
2450,291,0.2668746134,19560496.0000000000,8
2450,292,0.2669479597,19560496.0000000000,18
2450,293,0.2672354293,19560496.0000000000,30
2450,294,0.2667609010,19560496.0000000000,3
2450,295,0.2665933613,19560496.0000000000,2
2450,296,0.2665895658,19560496.0000000000,34
2450,297,0.2315469800,17158704.0000000000,34
2450,298,0.2321194219,17158704.0000000000,13
2450,299,0.2327284399,17158704.0000000000,21
2450,300,0.2662307453,19560496.0000000000,39
2450,301,0.2670337356,19560496.0000000000,13
2450,302,0.2670920432,19560496.0000000000,38
2450,303,0.2675825881,19560496.0000000000,16
2450,304,0.2665943141,19560496.0000000000,2
2450,305,0.2663872660,19560496.0000000000,25
2450,306,0.2676160000,19560496.0000000000,23
2450,307,0.2668978038,19560496.0000000000,5
2450,308,0.2666938407,19560496.0000000000,8
2450,309,0.2664176212,19560496.0000000000,27
2450,310,0.2659959630,19560496.0000000000,33
2450,311,0.2661770193,19560496.0000000000,0
2450,312,0.2325767139,17158704.0000000000,3
2450,313,0.2308952139,17158704.0000000000,0
2450,314,0.2322177396,17158704.0000000000,32
2450,315,0.2663862271,19560496.0000000000,26
2450,316,0.2664668159,19560496.0000000000,27
2450,317,0.2680981851,19560496.0000000000,15
2450,318,0.2667659947,19560496.0000000000,9
2450,319,0.2661771023,19560496.0000000000,29
2450,320,0.2663508023,19560496.0000000000,14
2450,321,0.2663451384,19560496.0000000000,27
2450,322,0.2668740434,19560496.0000000000,18
2450,323,0.2658330264,19560496.0000000000,33
2450,324,0.2673135399,19560496.0000000000,12
2450,325,0.2668448741,19560496.0000000000,1
2450,326,0.2661721046,19560496.0000000000,0
2450,327,0.2310605104,17158704.0000000000,5
2450,328,0.2284872470,17158704.0000000000,24
2450,329,0.2326445678,17158704.0000000000,26
2450,330,0.2668003872,19560496.0000000000,5
2450,331,0.2664798503,19560496.0000000000,36
2450,332,0.2666576816,19560496.0000000000,26
2450,333,0.2668426301,19560496.0000000000,5
2450,334,0.2667688504,19560496.0000000000,13
2450,335,0.2666515810,19560496.0000000000,32
2450,336,0.2668745091,19560496.0000000000,5
2450,337,0.2678591676,19560496.0000000000,15
2450,338,0.2668446510,19560496.0000000000,4
2450,339,0.2672756467,19560496.0000000000,10
2450,340,0.2663765579,19560496.0000000000,19
2450,341,0.2659383888,19560496.0000000000,11
2450,342,0.2301510659,17158704.0000000000,31
2450,343,0.2333792196,17158704.0000000000,20
2450,344,0.2320623536,17158704.0000000000,28
2450,345,0.2665067268,19560496.0000000000,26
2450,346,0.2671328784,19560496.0000000000,30
2450,347,0.2669502627,19560496.0000000000,5
2450,348,0.2667982714,19560496.0000000000,6
2450,349,0.2665186256,19560496.0000000000,25
2450,350,0.2679491157,19560496.0000000000,17
2450,351,0.2659495293,19560496.0000000000,33
2450,352,0.2678356240,19560496.0000000000,17
2450,353,0.2677723825,19560496.0000000000,20
2450,354,0.2681036235,19560496.0000000000,15
2450,355,0.2674856612,19560496.0000000000,12
2450,356,0.2659783378,19560496.0000000000,29
2450,357,0.2315763256,17158704.0000000000,6
2450,358,0.2316827094,17158704.0000000000,37
2450,359,0.2279384720,17158704.0000000000,7
2450,360,0.2661654413,19560496.0000000000,0
2450,361,0.2662797232,19560496.0000000000,27
2450,362,0.2685290528,19560496.0000000000,36
2450,363,0.2668492224,19560496.0000000000,18
2450,364,0.2676889291,19560496.0000000000,20
2450,365,0.2668233782,19560496.0000000000,6
2450,366,0.2675837673,19560496.0000000000,23
2450,367,0.2664469264,19560496.0000000000,24
2450,368,0.2678523428,19560496.0000000000,23
2450,369,0.2667788006,19560496.0000000000,3
2450,370,0.2676754674,19560496.0000000000,16
2450,371,0.2664356482,19560496.0000000000,27
2450,372,0.2319161674,17158704.0000000000,25
2450,373,0.2298921565,17158704.0000000000,23
2450,374,0.2290617826,17158704.0000000000,14
2450,375,0.2667290865,19560496.0000000000,5
2450,376,0.2667253709,19560496.0000000000,6
2450,377,0.2677070471,19560496.0000000000,16
2450,378,0.2663518715,19560496.0000000000,27
2450,379,0.2664419298,19560496.0000000000,19
2450,380,0.2659714054,19560496.0000000000,7
2450,381,0.2677600942,19560496.0000000000,21
2450,382,0.2669242151,19560496.0000000000,8
2450,383,0.2658002818,19560496.0000000000,11
2450,384,0.2658959470,19560496.0000000000,7
2450,385,0.2662482257,19560496.0000000000,37
2450,386,0.2665808975,19560496.0000000000,24
2450,387,0.2327674155,17158704.0000000000,28
2450,388,0.2306408244,17158704.0000000000,11
2450,389,0.2317578298,17158704.0000000000,4
2450,390,0.2667024758,19560496.0000000000,32
2450,391,0.2667095934,19560496.0000000000,35
2450,392,0.2668405333,19560496.0000000000,31
2450,393,0.2663590486,19560496.0000000000,39
2450,394,0.2663679655,19560496.0000000000,14
2450,395,0.2673151234,19560496.0000000000,28
2450,396,0.2674777740,19560496.0000000000,28
2450,397,0.2667791065,19560496.0000000000,9
2450,398,0.2666529779,19560496.0000000000,35
2450,399,0.2667437049,19560496.0000000000,13
2450,400,0.2679706465,19560496.0000000000,15
2450,401,0.2667401514,19560496.0000000000,32
2450,402,0.2312495199,17158704.0000000000,8
2450,403,0.2294341141,17158704.0000000000,18
2450,404,0.2331667555,17158704.0000000000,20
2450,405,0.2671449799,19560496.0000000000,38
2450,406,0.2665683681,19560496.0000000000,25
2450,407,0.2663335045,19560496.0000000000,34
2450,408,0.2663304381,19560496.0000000000,37
2450,409,0.2671555182,19560496.0000000000,30
2450,410,0.2676276767,19560496.0000000000,12
2450,411,0.2665948735,19560496.0000000000,26
2450,412,0.2667997197,19560496.0000000000,6
2450,413,0.2670531031,19560496.0000000000,38
2450,414,0.2679444523,19560496.0000000000,15
2450,415,0.2659688129,19560496.0000000000,33
2450,416,0.2665125996,19560496.0000000000,2
2450,417,0.2302552397,17158704.0000000000,23
2450,418,0.2330803949,17158704.0000000000,10
2450,419,0.2312894337,17158704.0000000000,6
2450,420,0.2017779419,14756912.0000000000,14
2450,421,0.2028466497,14756912.0000000000,15
2450,422,0.2023193291,14756912.0000000000,13
2450,423,0.2026319820,14756912.0000000000,12
2450,424,0.2016501613,14756912.0000000000,19
2450,425,0.2028181502,14756912.0000000000,17
2450,426,0.2024849959,14756912.0000000000,8
2450,427,0.2019823986,14756912.0000000000,2
2450,428,0.2018589782,14756912.0000000000,9
2450,429,0.2031750278,14756912.0000000000,16
2450,430,0.2022034606,14756912.0000000000,10
2450,431,0.2024222273,14756912.0000000000,3
2450,432,0.1854091720,12944944.0000000000,0
2450,433,0.1861612779,12944944.0000000000,4
2450,434,0.1858426764,12944944.0000000000,1
2500,0,0.0629949110,83402480.0000000000,24
2500,1,0.0644406550,84075824.0000000000,29
2500,2,0.0464889780,67531248.0000000000,9
2500,3,0.0393182650,59039040.0000000000,37
2500,4,0.0380367400,58988928.0000000000,30
2500,5,0.0386255390,58995648.0000000000,6
2500,6,0.0384172800,58934992.0000000000,33
2500,7,0.0381830550,58913712.0000000000,28
2500,8,0.0386956680,58872304.0000000000,39
2500,9,0.0385163290,58856272.0000000000,11
2500,10,0.0425387570,62233856.0000000000,3
2500,11,0.0930895380,108939184.0000000000,34
2500,12,0.0935354840,106966896.0000000000,25
2500,13,0.0808233200,95918672.0000000000,36
2500,14,0.0684398580,84724592.0000000000,20
2500,15,0.1032157860,135788832.0000000000,33
2500,16,0.0976571950,129618528.0000000000,22
2500,17,0.0928276170,125812272.0000000000,5
2500,18,0.0768559690,110414912.0000000000,32
2500,19,0.0665080990,100925424.0000000000,19
2500,20,0.0652068890,99049712.0000000000,4
2500,21,0.0644087410,99064192.0000000000,7
2500,22,0.0645699110,99721056.0000000000,22
2500,23,0.0657978400,99802736.0000000000,21
2500,24,0.0694622800,103216592.0000000000,2
2500,25,0.1008073480,131727216.0000000000,11
2500,26,0.1548540220,180691152.0000000000,25
2500,27,0.1404902260,162721072.0000000000,26
2500,28,0.1148629930,140643824.0000000000,39
2500,29,0.1064409330,133797600.0000000000,30
2500,30,0.1343341780,170681680.0000000000,18
2500,31,0.1444489870,178417328.0000000000,23
2500,32,0.1503205930,182159248.0000000000,5
2500,33,0.1560560490,186245984.0000000000,32
2500,34,0.1486796930,179146528.0000000000,20
2500,35,0.1201378810,153117264.0000000000,1
2500,36,0.1142425500,148329344.0000000000,31
2500,37,0.1124052630,146516432.0000000000,38
2500,38,0.1131562060,147237680.0000000000,27
2500,39,0.1326161930,163669488.0000000000,19
2500,40,0.1424498480,172679312.0000000000,0
2500,41,0.1179523920,153729616.0000000000,6
2500,42,0.0973716640,129104272.0000000000,8
2500,43,0.0961976390,128647856.0000000000,0
2500,44,0.0961336450,129205648.0000000000,1
2500,45,0.1139331710,153687824.0000000000,15
2500,46,0.1139826070,153781920.0000000000,13
2500,47,0.1137787440,153778672.0000000000,38
2500,48,0.1182643230,156882752.0000000000,37
2500,49,0.1382814230,174073520.0000000000,28
2500,50,0.1721939790,203514176.0000000000,8
2500,51,0.1761785670,209088976.0000000000,36
2500,52,0.1749336070,209924720.0000000000,2
2500,53,0.1759135700,207279616.0000000000,34
2500,54,0.1576821130,190256400.0000000000,35
2500,55,0.1197497770,158074768.0000000000,6
2500,56,0.1138385010,153779472.0000000000,28
2500,57,0.1006707100,134601312.0000000000,21
2500,58,0.1005282380,134595312.0000000000,7
2500,59,0.1005485120,134503424.0000000000,39
2500,60,0.1138594380,153681856.0000000000,14
2500,61,0.1138160580,153779040.0000000000,19
2500,62,0.1139139570,153777008.0000000000,21
2500,63,0.1138189560,153778272.0000000000,25
2500,64,0.1139326000,153780800.0000000000,12
2500,65,0.1138084610,153780352.0000000000,8
2500,66,0.1138635270,153775936.0000000000,10
2500,67,0.1139727170,153781120.0000000000,15
2500,68,0.1137873770,153776592.0000000000,24
2500,69,0.1137493080,153781632.0000000000,7
2500,70,0.1138139860,153777968.0000000000,33
2500,71,0.1139708860,153779312.0000000000,17
2500,72,0.1006175410,134599040.0000000000,4
2500,73,0.1007173270,134597760.0000000000,3
2500,74,0.1005554520,134504256.0000000000,31
2500,75,0.1138382190,153678352.0000000000,10
2500,76,0.1138742660,153781568.0000000000,14
2500,77,0.1138174380,153779552.0000000000,11
2500,78,0.1138359660,153780016.0000000000,31
2500,79,0.1138925440,153777744.0000000000,36
2500,80,0.1139017800,153777184.0000000000,37
2500,81,0.1137780540,153780384.0000000000,27
2500,82,0.1138066560,153780800.0000000000,39
2500,83,0.1138148290,153777728.0000000000,0
2500,84,0.1138367390,153777440.0000000000,4
2500,85,0.1138077130,153779872.0000000000,18
2500,86,0.1140728650,153774720.0000000000,20
2500,87,0.1006641500,134603072.0000000000,18
2500,88,0.1006999220,134604480.0000000000,28
2500,89,0.1006350230,134503232.0000000000,26
2500,90,0.1140493090,153683296.0000000000,16
2500,91,0.1138466390,153777280.0000000000,34
2500,92,0.1138766600,153781184.0000000000,12
2500,93,0.1138555410,153779440.0000000000,14
2500,94,0.1139418120,153778288.0000000000,23
2500,95,0.1139658020,153779744.0000000000,2
2500,96,0.1138261920,153777936.0000000000,32
2500,97,0.1137442910,153775616.0000000000,5
2500,98,0.1137123470,153778688.0000000000,29
2500,99,0.1139335670,153780880.0000000000,22
2500,100,0.1137947950,153780256.0000000000,9
2500,101,0.1138408990,153781424.0000000000,26
2500,102,0.1007368910,134602144.0000000000,35
2500,103,0.1007215590,134596576.0000000000,38
2500,104,0.1005208970,134506192.0000000000,29
2500,105,0.1138328180,153263888.0000000000,15
2500,106,0.1138072800,153762048.0000000000,29
2500,107,0.1139870120,153788384.0000000000,24
2500,108,0.1139477470,153762096.0000000000,21
2500,109,0.1139538010,153786928.0000000000,11
2500,110,0.1139945040,153770640.0000000000,22
2500,111,0.1140870740,153770128.0000000000,16
2500,112,0.1141600340,153801504.0000000000,17
2500,113,0.1138539230,153769760.0000000000,7
2500,114,0.1140419380,153763712.0000000000,33
2500,115,0.1139595090,153780112.0000000000,3
2500,116,0.1138683380,153771200.0000000000,9
2500,117,0.1007301610,134602096.0000000000,6
2500,118,0.1008158160,134601008.0000000000,24
2500,119,0.0996819530,134088832.0000000000,27
2500,120,0.1136412790,152969872.0000000000,17
2500,121,0.1138840430,153778736.0000000000,35
2500,122,0.1137905550,153757616.0000000000,3
2500,123,0.1140828800,153788368.0000000000,13
2500,124,0.1139981640,153775040.0000000000,1
2500,125,0.1139523380,153789920.0000000000,30
2500,126,0.1138302440,153769376.0000000000,30
2500,127,0.1139414580,153776096.0000000000,13
2500,128,0.1140150090,153772096.0000000000,12
2500,129,0.1138869690,153796496.0000000000,4
2500,130,0.1141261650,153766288.0000000000,16
2500,131,0.1139237540,153795808.0000000000,10
2500,132,0.1008350020,134609184.0000000000,9
2500,133,0.1006856280,134584928.0000000000,37
2500,134,0.0996718240,133797408.0000000000,23
2500,135,0.0199978060,33501440.0000000000,19
2500,136,0.0200314280,33603984.0000000000,15
2500,137,0.0200805950,33610640.0000000000,10
2500,138,0.0200947200,33570720.0000000000,12
2500,139,0.0200481410,33584320.0000000000,16
2500,140,0.0200202490,33576800.0000000000,38
2500,141,0.0200288680,33597488.0000000000,2
2500,142,0.0200241940,33591856.0000000000,18
2500,143,0.0202585470,33594240.0000000000,17
2500,144,0.0201074550,33577312.0000000000,20
2500,145,0.0200437550,33581120.0000000000,13
2500,146,0.0200641010,33578896.0000000000,14
2500,147,0.0185846900,29445712.0000000000,35
2500,148,0.0186869230,29424272.0000000000,36
2500,149,0.0187581880,29346208.0000000000,31
2500,150,0.0081651490,19560496.0000000000,14
2500,151,0.0081530570,19560496.0000000000,11
2500,152,0.0081939450,19560496.0000000000,12
2500,153,0.0081863070,19560496.0000000000,1
2500,154,0.0081477840,19560496.0000000000,0
2500,155,0.0081860290,19560496.0000000000,1
2500,156,0.0081743530,19560496.0000000000,38
2500,157,0.0081795750,19560496.0000000000,23
2500,158,0.0081391430,19560496.0000000000,37
2500,159,0.0081868510,19560496.0000000000,30
2500,160,0.0081910140,19560496.0000000000,34
2500,161,0.0081508600,19560496.0000000000,22
2500,162,0.0069928430,17158704.0000000000,29
2500,163,0.0070195020,17158704.0000000000,19
2500,164,0.0069728460,17158704.0000000000,22
2500,165,0.0081295090,19560496.0000000000,18
2500,166,0.0081639750,19560496.0000000000,22
2500,167,0.0081428700,19560496.0000000000,26
2500,168,0.0081535600,19560496.0000000000,25
2500,169,0.0081516950,19560496.0000000000,27
2500,170,0.0081876110,19560496.0000000000,17
2500,171,0.0081718600,19560496.0000000000,31
2500,172,0.0081438220,19560496.0000000000,35
2500,173,0.0081596280,19560496.0000000000,1
2500,174,0.0081528260,19560496.0000000000,8
2500,175,0.0081432180,19560496.0000000000,25
2500,176,0.0081865930,19560496.0000000000,10
2500,177,0.0071345890,17158704.0000000000,25
2500,178,0.0069918020,17158704.0000000000,2
2500,179,0.0070243970,17158704.0000000000,22
2500,180,0.0081791110,19560496.0000000000,37
2500,181,0.0081882290,19560496.0000000000,4
2500,182,0.0081521670,19560496.0000000000,36
2500,183,0.0081780640,19560496.0000000000,16
2500,184,0.0081798010,19560496.0000000000,12
2500,185,0.0081415390,19560496.0000000000,34
2500,186,0.0081763720,19560496.0000000000,8
2500,187,0.0081742380,19560496.0000000000,13
2500,188,0.0081740320,19560496.0000000000,32
2500,189,0.0081937760,19560496.0000000000,15
2500,190,0.0081777940,19560496.0000000000,10
2500,191,0.0081502860,19560496.0000000000,32
2500,192,0.0071351720,17158704.0000000000,21
2500,193,0.0071929070,17158704.0000000000,17
2500,194,0.0070303860,17158704.0000000000,1
2500,195,0.0081655960,19560496.0000000000,32
2500,196,0.0081658010,19560496.0000000000,13
2500,197,0.0081486720,19560496.0000000000,34
2500,198,0.0081654150,19560496.0000000000,36
2500,199,0.0081725330,19560496.0000000000,28
2500,200,0.0081795800,19560496.0000000000,27
2500,201,0.0081557390,19560496.0000000000,0
2500,202,0.0081722120,19560496.0000000000,18
2500,203,0.0081667550,19560496.0000000000,38
2500,204,0.0081716170,19560496.0000000000,35
2500,205,0.0081564210,19560496.0000000000,19
2500,206,0.0081631000,19560496.0000000000,35
2500,207,0.0069694220,17158704.0000000000,33
2500,208,0.0069436470,17158704.0000000000,7
2500,209,0.0070489000,17158704.0000000000,39
2500,210,0.0081431820,19560496.0000000000,39
2500,211,0.0081737970,19560496.0000000000,10
2500,212,0.0082185530,19560496.0000000000,17
2500,213,0.0081799960,19560496.0000000000,2
2500,214,0.0081885470,19560496.0000000000,17
2500,215,0.0081647920,19560496.0000000000,25
2500,216,0.0081544040,19560496.0000000000,34
2500,217,0.0081417550,19560496.0000000000,14
2500,218,0.0082129500,19560496.0000000000,16
2500,219,0.0081968460,19560496.0000000000,6
2500,220,0.0081171390,19560496.0000000000,11
2500,221,0.0081462670,19560496.0000000000,39
2500,222,0.0069489390,17158704.0000000000,33
2500,223,0.0071117900,17158704.0000000000,36
2500,224,0.0070199660,17158704.0000000000,31
2500,225,0.0082114980,19560496.0000000000,23
2500,226,0.0081815600,19560496.0000000000,30
2500,227,0.0081879360,19560496.0000000000,9
2500,228,0.0081967790,19560496.0000000000,20
2500,229,0.0081454610,19560496.0000000000,0
2500,230,0.0081634160,19560496.0000000000,8
2500,231,0.0081650280,19560496.0000000000,31
2500,232,0.0081684160,19560496.0000000000,13
2500,233,0.0081615700,19560496.0000000000,2
2500,234,0.0081688660,19560496.0000000000,19
2500,235,0.0081821910,19560496.0000000000,1
2500,236,0.0081691260,19560496.0000000000,18
2500,237,0.0071299170,17158704.0000000000,38
2500,238,0.0069858980,17158704.0000000000,30
2500,239,0.0070730240,17158704.0000000000,32
2500,240,0.0081541570,19560496.0000000000,2
2500,241,0.0081561750,19560496.0000000000,24
2500,242,0.0081632850,19560496.0000000000,31
2500,243,0.0081901480,19560496.0000000000,12
2500,244,0.0081868610,19560496.0000000000,20
2500,245,0.0081528560,19560496.0000000000,3
2500,246,0.0081531490,19560496.0000000000,34
2500,247,0.0081599680,19560496.0000000000,1
2500,248,0.0081812330,19560496.0000000000,10
2500,249,0.0081512570,19560496.0000000000,39
2500,250,0.0081618130,19560496.0000000000,29
2500,251,0.0081466250,19560496.0000000000,37
2500,252,0.0071347180,17158704.0000000000,9
2500,253,0.0069760470,17158704.0000000000,18
2500,254,0.0070465910,17158704.0000000000,35
2500,255,0.0081493070,19560496.0000000000,3
2500,256,0.0082046930,19560496.0000000000,20
2500,257,0.0081522640,19560496.0000000000,14
2500,258,0.0081504740,19560496.0000000000,36
2500,259,0.0081404960,19560496.0000000000,35
2500,260,0.0081671260,19560496.0000000000,26
2500,261,0.0082131230,19560496.0000000000,16
2500,262,0.0081545760,19560496.0000000000,0
2500,263,0.0081443110,19560496.0000000000,26
2500,264,0.0081693680,19560496.0000000000,19
2500,265,0.0081469180,19560496.0000000000,34
2500,266,0.0081573960,19560496.0000000000,26
2500,267,0.0069577490,17158704.0000000000,27
2500,268,0.0071312360,17158704.0000000000,15
2500,269,0.0070565510,17158704.0000000000,12
2500,270,0.0081663950,19560496.0000000000,38
2500,271,0.0081464530,19560496.0000000000,14
2500,272,0.0081541200,19560496.0000000000,8
2500,273,0.0081928420,19560496.0000000000,20
2500,274,0.0081538520,19560496.0000000000,36
2500,275,0.0081751780,19560496.0000000000,17
2500,276,0.0081447720,19560496.0000000000,25
2500,277,0.0081611210,19560496.0000000000,31
2500,278,0.0081868180,19560496.0000000000,23
2500,279,0.0081668880,19560496.0000000000,5
2500,280,0.0081861920,19560496.0000000000,10
2500,281,0.0081799280,19560496.0000000000,21
2500,282,0.0070203160,17158704.0000000000,11
2500,283,0.0070299030,17158704.0000000000,16
2500,284,0.0069714100,17158704.0000000000,5
2500,285,0.0081233490,19560496.0000000000,11
2500,286,0.0081850760,19560496.0000000000,28
2500,287,0.0081991040,19560496.0000000000,23
2500,288,0.0081663880,19560496.0000000000,32
2500,289,0.0081528950,19560496.0000000000,19
2500,290,0.0081790150,19560496.0000000000,1
2500,291,0.0081886170,19560496.0000000000,8
2500,292,0.0081582340,19560496.0000000000,18
2500,293,0.0081766090,19560496.0000000000,30
2500,294,0.0081655890,19560496.0000000000,3
2500,295,0.0081658160,19560496.0000000000,2
2500,296,0.0081725200,19560496.0000000000,34
2500,297,0.0071141600,17158704.0000000000,34
2500,298,0.0071082430,17158704.0000000000,13
2500,299,0.0071546660,17158704.0000000000,21
2500,300,0.0081606160,19560496.0000000000,39
2500,301,0.0081834460,19560496.0000000000,13
2500,302,0.0081795920,19560496.0000000000,38
2500,303,0.0081773630,19560496.0000000000,16
2500,304,0.0081701050,19560496.0000000000,2
2500,305,0.0081677070,19560496.0000000000,25
2500,306,0.0082090600,19560496.0000000000,23
2500,307,0.0081735610,19560496.0000000000,5
2500,308,0.0081826850,19560496.0000000000,8
2500,309,0.0081651020,19560496.0000000000,27
2500,310,0.0081330200,19560496.0000000000,33
2500,311,0.0081707680,19560496.0000000000,0
2500,312,0.0071329660,17158704.0000000000,3
2500,313,0.0070088960,17158704.0000000000,0
2500,314,0.0070621700,17158704.0000000000,32
2500,315,0.0081500220,19560496.0000000000,26
2500,316,0.0081470450,19560496.0000000000,27
2500,317,0.0082255280,19560496.0000000000,15
2500,318,0.0081540820,19560496.0000000000,9
2500,319,0.0081372040,19560496.0000000000,29
2500,320,0.0081669130,19560496.0000000000,14
2500,321,0.0081619360,19560496.0000000000,27
2500,322,0.0081791270,19560496.0000000000,18
2500,323,0.0081593320,19560496.0000000000,33
2500,324,0.0081705800,19560496.0000000000,12
2500,325,0.0081787440,19560496.0000000000,1
2500,326,0.0081558800,19560496.0000000000,0
2500,327,0.0070009090,17158704.0000000000,5
2500,328,0.0070109830,17158704.0000000000,24
2500,329,0.0070732510,17158704.0000000000,26
2500,330,0.0081725300,19560496.0000000000,5
2500,331,0.0081530190,19560496.0000000000,36
2500,332,0.0081787880,19560496.0000000000,26
2500,333,0.0081368500,19560496.0000000000,5
2500,334,0.0081734150,19560496.0000000000,13
2500,335,0.0081426630,19560496.0000000000,32
2500,336,0.0081416390,19560496.0000000000,5
2500,337,0.0082063520,19560496.0000000000,15
2500,338,0.0081554860,19560496.0000000000,4
2500,339,0.0081942680,19560496.0000000000,10
2500,340,0.0081570230,19560496.0000000000,19
2500,341,0.0081319960,19560496.0000000000,11
2500,342,0.0070472090,17158704.0000000000,31
2500,343,0.0071159320,17158704.0000000000,20
2500,344,0.0071367920,17158704.0000000000,28
2500,345,0.0081468670,19560496.0000000000,26
2500,346,0.0081759890,19560496.0000000000,30
2500,347,0.0081528990,19560496.0000000000,5
2500,348,0.0081843420,19560496.0000000000,6
2500,349,0.0081731370,19560496.0000000000,25
2500,350,0.0082013180,19560496.0000000000,17
2500,351,0.0081523090,19560496.0000000000,33
2500,352,0.0081837660,19560496.0000000000,17
2500,353,0.0081872510,19560496.0000000000,20
2500,354,0.0082019420,19560496.0000000000,15
2500,355,0.0081765820,19560496.0000000000,12
2500,356,0.0081409910,19560496.0000000000,29
2500,357,0.0070205040,17158704.0000000000,6
2500,358,0.0070481290,17158704.0000000000,37
2500,359,0.0069442280,17158704.0000000000,7
2500,360,0.0081609290,19560496.0000000000,0
2500,361,0.0081579270,19560496.0000000000,27
2500,362,0.0081766650,19560496.0000000000,36
2500,363,0.0081758210,19560496.0000000000,18
2500,364,0.0082135210,19560496.0000000000,20
2500,365,0.0081828800,19560496.0000000000,6
2500,366,0.0081670110,19560496.0000000000,23
2500,367,0.0081654120,19560496.0000000000,24
2500,368,0.0082033790,19560496.0000000000,23
2500,369,0.0081699970,19560496.0000000000,3
2500,370,0.0082042840,19560496.0000000000,16
2500,371,0.0081561160,19560496.0000000000,27
2500,372,0.0071224150,17158704.0000000000,25
2500,373,0.0070844090,17158704.0000000000,23
2500,374,0.0070612090,17158704.0000000000,14
2500,375,0.0081862140,19560496.0000000000,5
2500,376,0.0081915880,19560496.0000000000,6
2500,377,0.0081755300,19560496.0000000000,16
2500,378,0.0081482690,19560496.0000000000,27
2500,379,0.0081323560,19560496.0000000000,19
2500,380,0.0081435040,19560496.0000000000,7
2500,381,0.0081910380,19560496.0000000000,21
2500,382,0.0081932480,19560496.0000000000,8
2500,383,0.0081505940,19560496.0000000000,11
2500,384,0.0081497250,19560496.0000000000,7
2500,385,0.0081579890,19560496.0000000000,37
2500,386,0.0081726360,19560496.0000000000,24
2500,387,0.0070419490,17158704.0000000000,28
2500,388,0.0071282460,17158704.0000000000,11
2500,389,0.0070534680,17158704.0000000000,4
2500,390,0.0081559270,19560496.0000000000,32
2500,391,0.0081565580,19560496.0000000000,35
2500,392,0.0081758690,19560496.0000000000,31
2500,393,0.0081467680,19560496.0000000000,39
2500,394,0.0081595990,19560496.0000000000,14
2500,395,0.0081708690,19560496.0000000000,28
2500,396,0.0082043930,19560496.0000000000,28
2500,397,0.0081609730,19560496.0000000000,9
2500,398,0.0081844200,19560496.0000000000,35
2500,399,0.0081599410,19560496.0000000000,13
2500,400,0.0082137230,19560496.0000000000,15
2500,401,0.0081764870,19560496.0000000000,32
2500,402,0.0070490120,17158704.0000000000,8
2500,403,0.0069843740,17158704.0000000000,18
2500,404,0.0071579030,17158704.0000000000,20
2500,405,0.0081714670,19560496.0000000000,38
2500,406,0.0081614360,19560496.0000000000,25
2500,407,0.0081626310,19560496.0000000000,34
2500,408,0.0081484130,19560496.0000000000,37
2500,409,0.0082149540,19560496.0000000000,30
2500,410,0.0082040150,19560496.0000000000,12
2500,411,0.0081720580,19560496.0000000000,26
2500,412,0.0081936780,19560496.0000000000,6
2500,413,0.0081718450,19560496.0000000000,38
2500,414,0.0081726450,19560496.0000000000,15
2500,415,0.0081299870,19560496.0000000000,33
2500,416,0.0081523840,19560496.0000000000,2
2500,417,0.0070080660,17158704.0000000000,23
2500,418,0.0071537450,17158704.0000000000,10
2500,419,0.0070676150,17158704.0000000000,6
2500,420,0.0061958900,14756912.0000000000,14
2500,421,0.0061887970,14756912.0000000000,15
2500,422,0.0062148680,14756912.0000000000,13
2500,423,0.0061991470,14756912.0000000000,12
2500,424,0.0061737160,14756912.0000000000,19
2500,425,0.0062231620,14756912.0000000000,17
2500,426,0.0062180550,14756912.0000000000,8
2500,427,0.0061814080,14756912.0000000000,2
2500,428,0.0061865040,14756912.0000000000,9
2500,429,0.0062096560,14756912.0000000000,16
2500,430,0.0061942080,14756912.0000000000,10
2500,431,0.0061863480,14756912.0000000000,3
2500,432,0.0056802000,12944944.0000000000,0
2500,433,0.0057288590,12944944.0000000000,4
2500,434,0.0056998670,12944944.0000000000,1
