Initializing AMReX (25.06-22-g1d307c2c661a-dirty)...
OMP initialized with 256 OMP threads
AMReX (25.06-22-g1d307c2c661a-dirty) initialized
Starting running input_laser_ion running with 12 nodes and 4 ranks per node.
Total steps: 5000, intervals: 100 = 50 runs
Reading precomputed weights, memory, and ranks from file: /global/homes/j/jessd/amrex_LB/Tools/lb_extractor/lb_inputs/laser_ion_8_boxes_48_ranks_lb_data.txt
/global/homes/j/jessd/amrex_LB/Tools/lb_extractor/lb_inputs/laser_ion_8_boxes_48_ranks_lb_data.txt
Run 0: Weights size: 435
Run 1: Weights size: 435
Run 2: Weights size: 435
Run 3: Weights size: 435
Run 4: Weights size: 435
Run 5: Weights size: 435
Run 6: Weights size: 435
Run 7: Weights size: 435
Run 8: Weights size: 435
Run 9: Weights size: 435
Run 10: Weights size: 435
Run 11: Weights size: 435
Run 12: Weights size: 435
Run 13: Weights size: 435
Run 14: Weights size: 435
Run 15: Weights size: 435
Run 16: Weights size: 435
Run 17: Weights size: 435
Run 18: Weights size: 435
Run 19: Weights size: 435
Run 20: Weights size: 435
Run 21: Weights size: 435
Run 22: Weights size: 435
Run 23: Weights size: 435
Run 24: Weights size: 435
Run 25: Weights size: 435
Run 26: Weights size: 435
Run 27: Weights size: 435
Run 28: Weights size: 435
Run 29: Weights size: 435
Run 30: Weights size: 435
Run 31: Weights size: 435
Run 32: Weights size: 435
Run 33: Weights size: 435
Run 34: Weights size: 435
Run 35: Weights size: 435
Run 36: Weights size: 435
Run 37: Weights size: 435
Run 38: Weights size: 435
Run 39: Weights size: 435
Run 40: Weights size: 435
Run 41: Weights size: 435
Run 42: Weights size: 435
Run 43: Weights size: 435
Run 44: Weights size: 435
Run 45: Weights size: 435
Run 46: Weights size: 435
Run 47: Weights size: 435
Run 48: Weights size: 435
Run 49: Weights size: 435
Run 50: Weights size: 435
Run 0
File weights 51 and ranks 51
Original efficiency: 0.3065989157
Original ratio: inf
Knapsack ratio: inf
 Final Knapsack time: 0.007416459

Karmarkar-Karp ratio: inf
 Final Karmarkar-Karp time: 0.01075598

 Time take to run this function: 6.71e-07
SFC ratio: inf
 Final SFC time: 0.000594501

DM: HilbertProcessorMapDoIt called...
  (nprocs, nteams, nworkers) = (48, 48, 1)
Building Hilbert lookup table for order 8...
  Bucket 0 contains 2758682421
  Bucket 1 contains 2552938423
  Bucket 2 contains 2000000000
  Bucket 3 contains 3625123687
  Bucket 4 contains 2000000000
  Bucket 5 contains 3000000000
  Bucket 6 contains 3000000000
  Bucket 7 contains 3000000000
  Bucket 8 contains 2625123687
  Bucket 9 contains 3000000000
  Bucket 10 contains 2000000000
  Bucket 11 contains 2750082458
  Bucket 12 contains 3000000000
  Bucket 13 contains 3000000000
  Bucket 14 contains 3000000000
  Bucket 15 contains 2750082458
  Bucket 16 contains 1875041229
  Bucket 17 contains 3000000000
  Bucket 18 contains 3000000000
  Bucket 19 contains 2875041229
  Bucket 20 contains 3000000000
  Bucket 21 contains 2000000000
  Bucket 22 contains 3000000000
  Bucket 23 contains 2750082458
  Bucket 24 contains 3000000000
  Bucket 25 contains 3000000000
  Bucket 26 contains 2000000000
  Bucket 27 contains 3000000000
  Bucket 28 contains 3000000000
  Bucket 29 contains 3000000000
  Bucket 30 contains 2750082458
  Bucket 31 contains 2875041229
  Bucket 32 contains 2018800203
  Bucket 33 contains 3000000000
  Bucket 34 contains 3000000000
  Bucket 35 contains 2772556858
  Bucket 36 contains 2953589749
  Bucket 37 contains 2750082458
  Bucket 38 contains 2123690825
  Bucket 39 contains 3000000000
  Bucket 40 contains 3000000000
  Bucket 41 contains 2844688428
  Bucket 42 contains 2618129147
  Bucket 43 contains 3042877656
  Bucket 44 contains 2316640277
  Bucket 45 contains 3187466736
  Bucket 46 contains 2653937815
  Bucket 47 contains 2985803727
Hilbert SFC efficiency: 0.7612130248
Hilbert SFC ratio: inf
 Final Hilbert SFC time: 1.181967405

SFC + Knapsack ratio: inf
 Final SFC+Knapsack_Combined time: 0.000583861

Binary search iterations: 30
SFC+painterPartition efficiency: 0.9013306071
SFC+Painter ratio: inf
 Final SFC+Painter time: 0.009581554

Binary search iterations: 30
Hilbert+painterPartition efficiency: 0.9198304557
Hilbert+Painter ratio: inf
 Final Hilbert+Painter time: 0.001095823
Binary search iterations: 30
SFC+painterPartition efficiency: 0.9769634691
Painter+Knapsack ratio: inf
 Final painter+Knapsack_Combined time: 0.01142683
Run 1
File weights 51 and ranks 51
Original previous efficiency: 0.3065995928
Original efficiency: 0.9376162197
Original ratio: 3.058113062
Knapsack previous efficiency: 0.9596122642
Knapsack ratio: 1.000169114
 Final Knapsack time: 0.007589335

Karmarkar-Karp previous efficiency: 0.9597105313
Karmarkar-Karp ratio: 1.000082936
 Final Karmarkar-Karp time: 0.012329669

SFC previous efficiency: 0.7884187156
 Time take to run this function: 7.22e-07
SFC ratio: 1
 Final SFC time: 0.000605894

Hilbert SFC previous efficiency: 0.7612303285
DM: HilbertProcessorMapDoIt called...
  (nprocs, nteams, nworkers) = (48, 48, 1)
  Bucket 0 contains 2757235053
  Bucket 1 contains 2551592928
  Bucket 2 contains 1998942275
  Bucket 3 contains 3623023968
  Bucket 4 contains 1998963728
  Bucket 5 contains 2998389161
  Bucket 6 contains 2998398488
  Bucket 7 contains 2998427403
  Bucket 8 contains 2623524849
  Bucket 9 contains 2998420875
  Bucket 10 contains 1998959997
  Bucket 11 contains 2748597612
  Bucket 12 contains 2998411081
  Bucket 13 contains 2998426004
  Bucket 14 contains 2998437663
  Bucket 15 contains 2748383548
  Bucket 16 contains 1874070051
  Bucket 17 contains 2998424138
  Bucket 18 contains 2998462381
  Bucket 19 contains 2873572903
  Bucket 20 contains 2998405950
  Bucket 21 contains 1998970723
  Bucket 22 contains 2998442327
  Bucket 23 contains 2748303799
  Bucket 24 contains 2999032751
  Bucket 25 contains 2999889006
  Bucket 26 contains 1999583067
  Bucket 27 contains 2998604625
  Bucket 28 contains 2998453986
  Bucket 29 contains 2998422273
  Bucket 30 contains 2748416659
  Bucket 31 contains 2873540723
  Bucket 32 contains 2017743340
  Bucket 33 contains 2998412947
  Bucket 34 contains 2998419475
  Bucket 35 contains 2770883932
  Bucket 36 contains 2951777541
  Bucket 37 contains 2748592948
  Bucket 38 contains 2122693191
  Bucket 39 contains 2998432067
  Bucket 40 contains 2998377035
  Bucket 41 contains 2842943148
  Bucket 42 contains 2616253227
  Bucket 43 contains 3040494399
  Bucket 44 contains 2314939794
  Bucket 45 contains 3184662972
  Bucket 46 contains 2650158040
  Bucket 47 contains 2984360768
Hilbert SFC efficiency: 0.7612303285
Hilbert SFC ratio: 1
 Final Hilbert SFC time: 0.01364102

SFC+Knapsack previous efficiency: 0.788577363
SFC + Knapsack ratio: 0.9999366638
 Final SFC+Knapsack_Combined time: 0.000535628

SFC+Painter previous efficiency: 0.9011868045
Binary search iterations: 30
SFC+painterPartition efficiency: 0.9015271048
SFC+Painter ratio: 1.000377614
 Final SFC+Painter time: 0.007551913

Hilbert+Painter previous efficiency: 0.9193605933
Binary search iterations: 30
Hilbert+painterPartition efficiency: 0.9195142655
Hilbert+Painter ratio: 1.000167151
 Final Hilbert+Painter time: 0.000922868
Painter+Knapsack previous efficiency: 0.9013429782
Binary search iterations: 30
SFC+painterPartition efficiency: 0.9769520849
Painter+Knapsack ratio: 0.9999676885
 Final painter+Knapsack_Combined time: 0.008918721
Run 2
File weights 51 and ranks 51
Original previous efficiency: 0.9343373585
Original efficiency: 0.9343373585
Original ratio: 1
Knapsack previous efficiency: 0.953041727
Knapsack ratio: 1.006687245
 Final Knapsack time: 0.006635467

Karmarkar-Karp previous efficiency: 0.9546676908
Karmarkar-Karp ratio: 1.005154514
 Final Karmarkar-Karp time: 0.010241644

SFC previous efficiency: 0.7884326853
 Time take to run this function: 6.510000001e-07
SFC ratio: 1
 Final SFC time: 0.000667253

Hilbert SFC previous efficiency: 0.7612386722
DM: HilbertProcessorMapDoIt called...
  (nprocs, nteams, nworkers) = (48, 48, 1)
  Bucket 0 contains 2704703091
  Bucket 1 contains 2502978514
  Bucket 2 contains 1960898380
  Bucket 3 contains 3553868181
  Bucket 4 contains 1960875964
  Bucket 5 contains 2941247610
  Bucket 6 contains 2941304338
  Bucket 7 contains 2941199575
  Bucket 8 contains 2573453074
  Bucket 9 contains 2941332245
  Bucket 10 contains 1960843482
  Bucket 11 contains 2696229367
  Bucket 12 contains 2941271400
  Bucket 13 contains 2941352831
  Bucket 14 contains 2941344597
  Bucket 15 contains 2695990103
  Bucket 16 contains 1838351287
  Bucket 17 contains 2941271400
  Bucket 18 contains 2941292444
  Bucket 19 contains 2819746784
  Bucket 20 contains 2941315319
  Bucket 21 contains 1960884199
  Bucket 22 contains 2941303882
  Bucket 23 contains 2696166692
  Bucket 24 contains 2968352168
  Bucket 25 contains 2999531539
  Bucket 26 contains 1988797132
  Bucket 27 contains 2948261756
  Bucket 28 contains 2941266825
  Bucket 29 contains 2941347342
  Bucket 30 contains 2695905468
  Bucket 31 contains 1838368215
  Bucket 32 contains 2959745369
  Bucket 33 contains 2941297019
  Bucket 34 contains 2941277805
  Bucket 35 contains 2717933245
  Bucket 36 contains 2895219806
  Bucket 37 contains 2696204206
  Bucket 38 contains 2082324943
  Bucket 39 contains 2941325383
  Bucket 40 contains 2941300222
  Bucket 41 contains 2788506103
  Bucket 42 contains 2565945312
  Bucket 43 contains 2002079265
  Bucket 44 contains 3145405588
  Bucket 45 contains 3216210619
  Bucket 46 contains 2512892013
  Bucket 47 contains 2907688869
Hilbert SFC efficiency: 0.7612386722
Hilbert SFC ratio: 1
 Final Hilbert SFC time: 0.01474566

SFC+Knapsack previous efficiency: 0.788681056
SFC + Knapsack ratio: 0.9999013164
 Final SFC+Knapsack_Combined time: 0.000509968

SFC+Painter previous efficiency: 0.900017066
Binary search iterations: 30
SFC+painterPartition efficiency: 0.9074965569
SFC+Painter ratio: 1.008310388
 Final SFC+Painter time: 0.00748376

Hilbert+Painter previous efficiency: 0.9025703932
Binary search iterations: 30
Hilbert+painterPartition efficiency: 0.9140454863
Hilbert+Painter ratio: 1.012713793
 Final Hilbert+Painter time: 0.000932817
Painter+Knapsack previous efficiency: 0.9023513434
Binary search iterations: 30
SFC+painterPartition efficiency: 0.9769539744
Painter+Knapsack ratio: 1.001467942
 Final painter+Knapsack_Combined time: 0.009041939
Run 3
File weights 51 and ranks 51
Original previous efficiency: 0.9321602043
Original efficiency: 0.9321602043
Original ratio: 1
Knapsack previous efficiency: 0.9521234087
Knapsack ratio: 1.006345902
 Final Knapsack time: 0.006864309

Karmarkar-Karp previous efficiency: 0.9522946795
Karmarkar-Karp ratio: 1.006440185
 Final Karmarkar-Karp time: 0.011121328

SFC previous efficiency: 0.7884366576
 Time take to run this function: 6.209999999e-07
SFC ratio: 1
 Final SFC time: 0.000677443

Hilbert SFC previous efficiency: 0.7612301836
DM: HilbertProcessorMapDoIt called...
  (nprocs, nteams, nworkers) = (48, 48, 1)
  Bucket 0 contains 2696745603
  Bucket 1 contains 2495620461
  Bucket 2 contains 1955123766
  Bucket 3 contains 3543353995
  Bucket 4 contains 1955083626
  Bucket 5 contains 2932640263
  Bucket 6 contains 2932585982
  Bucket 7 contains 2932620649
  Bucket 8 contains 2565776373
  Bucket 9 contains 2932640264
  Bucket 10 contains 1955090012
  Bucket 11 contains 2688294534
  Bucket 12 contains 2932611983
  Bucket 13 contains 2932710052
  Bucket 14 contains 2932688614
  Bucket 15 contains 2687969308
  Bucket 16 contains 1832968691
  Bucket 17 contains 2932651667
  Bucket 18 contains 2932608790
  Bucket 19 contains 2815102218
  Bucket 20 contains 2932666263
  Bucket 21 contains 1955068118
  Bucket 22 contains 2932641632
  Bucket 23 contains 2689388353
  Bucket 24 contains 2992521162
  Bucket 25 contains 2992388882
  Bucket 26 contains 1990870397
  Bucket 27 contains 2958220032
  Bucket 28 contains 2932682684
  Bucket 29 contains 2932661246
  Bucket 30 contains 2687946957
  Bucket 31 contains 1832950902
  Bucket 32 contains 2951048021
  Bucket 33 contains 2932655315
  Bucket 34 contains 2932621561
  Bucket 35 contains 2709812769
  Bucket 36 contains 2031840768
  Bucket 37 contains 2565417393
  Bucket 38 contains 3053714595
  Bucket 39 contains 2932690439
  Bucket 40 contains 2932550860
  Bucket 41 contains 2780099083
  Bucket 42 contains 2558074490
  Bucket 43 contains 1995833633
  Bucket 44 contains 3135792993
  Bucket 45 contains 2675406416
  Bucket 46 contains 2987288115
  Bucket 47 contains 2881044660
Hilbert SFC efficiency: 0.7612301836
Hilbert SFC ratio: 1
 Final Hilbert SFC time: 0.014716503

SFC+Knapsack previous efficiency: 0.7887568885
SFC + Knapsack ratio: 0.9998835681
 Final SFC+Knapsack_Combined time: 0.000468307

SFC+Painter previous efficiency: 0.8973820511
Binary search iterations: 30
SFC+painterPartition efficiency: 0.9076602932
SFC+Painter ratio: 1.011453586
 Final SFC+Painter time: 0.007024019

Hilbert+Painter previous efficiency: 0.8998869465
Binary search iterations: 30
Hilbert+painterPartition efficiency: 0.9089311276
Hilbert+Painter ratio: 1.010050353
 Final Hilbert+Painter time: 0.000935432
Painter+Knapsack previous efficiency: 0.9048142373
Binary search iterations: 30
SFC+painterPartition efficiency: 0.9769503457
Painter+Knapsack ratio: 1.001077445
 Final painter+Knapsack_Combined time: 0.009180156
Run 4
File weights 51 and ranks 51
Original previous efficiency: 0.9330114007
Original efficiency: 0.9330114007
Original ratio: 1
Knapsack previous efficiency: 0.9512289909
Knapsack ratio: 1.005901245
 Final Knapsack time: 0.006780358

Karmarkar-Karp previous efficiency: 0.950643589
Karmarkar-Karp ratio: 1.006991427
 Final Karmarkar-Karp time: 0.01121524

SFC previous efficiency: 0.7884322645
 Time take to run this function: 5.909999998e-07
SFC ratio: 1
 Final SFC time: 0.000881518

Hilbert SFC previous efficiency: 0.7612238002
DM: HilbertProcessorMapDoIt called...
  (nprocs, nteams, nworkers) = (48, 48, 1)
  Bucket 0 contains 2689839234
  Bucket 1 contains 2489211401
  Bucket 2 contains 1950084796
  Bucket 3 contains 3534198843
  Bucket 4 contains 1950088436
  Bucket 5 contains 2925163364
  Bucket 6 contains 2925130607
  Bucket 7 contains 2925144710
  Bucket 8 contains 2559146208
  Bucket 9 contains 2925105583
  Bucket 10 contains 1950097535
  Bucket 11 contains 2681466159
  Bucket 12 contains 2925068731
  Bucket 13 contains 2925215685
  Bucket 14 contains 2925192482
  Bucket 15 contains 2681078525
  Bucket 16 contains 1828243018
  Bucket 17 contains 2925115137
  Bucket 18 contains 2925119232
  Bucket 19 contains 2811695307
  Bucket 20 contains 2925143346
  Bucket 21 contains 1950079337
  Bucket 22 contains 2925171554
  Bucket 23 contains 2683748743
  Bucket 24 contains 2996627310
  Bucket 25 contains 2984265322
  Bucket 26 contains 1982834896
  Bucket 27 contains 2952031157
  Bucket 28 contains 2925192027
  Bucket 29 contains 2925107857
  Bucket 30 contains 2681015285
  Bucket 31 contains 1828226184
  Bucket 32 contains 2943432530
  Bucket 33 contains 2925159725
  Bucket 34 contains 2925098758
  Bucket 35 contains 2702802352
  Bucket 36 contains 2026607161
  Bucket 37 contains 2558561572
  Bucket 38 contains 3045935355
  Bucket 39 contains 2925090569
  Bucket 40 contains 2924985470
  Bucket 41 contains 2772769441
  Bucket 42 contains 2550891700
  Bucket 43 contains 1990395130
  Bucket 44 contains 3127479158
  Bucket 45 contains 2644716487
  Bucket 46 contains 2971663335
  Bucket 47 contains 2888744388
Hilbert SFC efficiency: 0.7612238002
Hilbert SFC ratio: 1
 Final Hilbert SFC time: 0.019028869

SFC+Knapsack previous efficiency: 0.788809004
SFC + Knapsack ratio: 0.9998679529
 Final SFC+Knapsack_Combined time: 0.00064517

SFC+Painter previous efficiency: 0.8932864429
Binary search iterations: 30
SFC+painterPartition efficiency: 0.9080443526
SFC+Painter ratio: 1.016520915
 Final SFC+Painter time: 0.017033011

Hilbert+Painter previous efficiency: 0.8988408099
Binary search iterations: 30
Hilbert+painterPartition efficiency: 0.9092014439
Hilbert+Painter ratio: 1.011526662
 Final Hilbert+Painter time: 0.001253369
Painter+Knapsack previous efficiency: 0.9020615347
Binary search iterations: 30
SFC+painterPartition efficiency: 0.9769454659
Painter+Knapsack ratio: 1.002955694
 Final painter+Knapsack_Combined time: 0.009309487
Run 5
File weights 51 and ranks 51
Original previous efficiency: 0.9321939077
Original efficiency: 0.9321939077
Original ratio: 1
Knapsack previous efficiency: 0.9496874801
Knapsack ratio: 1.006962575
 Final Knapsack time: 0.006931199

Karmarkar-Karp previous efficiency: 0.9487707484
Karmarkar-Karp ratio: 1.008866538
 Final Karmarkar-Karp time: 0.010672228

SFC previous efficiency: 0.7884260683
 Time take to run this function: 6.22e-07
SFC ratio: 1
 Final SFC time: 0.000670049

Hilbert SFC previous efficiency: 0.7612099739
DM: HilbertProcessorMapDoIt called...
  (nprocs, nteams, nworkers) = (48, 48, 1)
  Bucket 0 contains 2677745154
  Bucket 1 contains 2478047045
  Bucket 2 contains 1941324111
  Bucket 3 contains 3518265424
  Bucket 4 contains 1941305089
  Bucket 5 contains 2912024440
  Bucket 6 contains 2911989111
  Bucket 7 contains 2912014475
  Bucket 8 contains 2547624882
  Bucket 9 contains 2911964653
  Bucket 10 contains 1941260249
  Bucket 11 contains 2669414335
  Bucket 12 contains 2911937478
  Bucket 13 contains 2912023987
  Bucket 14 contains 2912056145
  Bucket 15 contains 2668976811
  Bucket 16 contains 1819992564
  Bucket 17 contains 2911998170
  Bucket 18 contains 2911988659
  Bucket 19 contains 2800539918
  Bucket 20 contains 2911976429
  Bucket 21 contains 1941299201
  Bucket 22 contains 2912027158
  Bucket 23 contains 2672113312
  Bucket 24 contains 2991913039
  Bucket 25 contains 2969891407
  Bucket 26 contains 1969991954
  Bucket 27 contains 2929407674
  Bucket 28 contains 2912045274
  Bucket 29 contains 2911971448
  Bucket 30 contains 2668878979
  Bucket 31 contains 1820027892
  Bucket 32 contains 2930316089
  Bucket 33 contains 2911950613
  Bucket 34 contains 2911990017
  Bucket 35 contains 2690549967
  Bucket 36 contains 2017455744
  Bucket 37 contains 2546773383
  Bucket 38 contains 3032142452
  Bucket 39 contains 2911955595
  Bucket 40 contains 2911898979
  Bucket 41 contains 2760185261
  Bucket 42 contains 2538094908
  Bucket 43 contains 1981075916
  Bucket 44 contains 3113119424
  Bucket 45 contains 3095936604
  Bucket 46 contains 2465435647
  Bucket 47 contains 2907742042
Hilbert SFC efficiency: 0.7612099739
Hilbert SFC ratio: 1
 Final Hilbert SFC time: 0.013300239

SFC+Knapsack previous efficiency: 0.7888538517
SFC + Knapsack ratio: 0.9998614061
 Final SFC+Knapsack_Combined time: 0.000456544

SFC+Painter previous efficiency: 0.8871962156
Binary search iterations: 30
SFC+painterPartition efficiency: 0.9124419381
SFC+Painter ratio: 1.028455625
 Final SFC+Painter time: 0.007329471

Hilbert+Painter previous efficiency: 0.897817504
Binary search iterations: 29
Hilbert+painterPartition efficiency: 0.9116495701
Hilbert+Painter ratio: 1.015406323
 Final Hilbert+Painter time: 0.000949429
Painter+Knapsack previous efficiency: 0.8978453832
Binary search iterations: 30
SFC+painterPartition efficiency: 0.9769443148
Painter+Knapsack ratio: 1.00624595
 Final painter+Knapsack_Combined time: 0.008815942
Run 6
File weights 51 and ranks 51
Original previous efficiency: 0.9300039056
Original efficiency: 0.9300039056
Original ratio: 1
Knapsack previous efficiency: 0.9478492877
Knapsack ratio: 1.008645376
 Final Knapsack time: 0.006891282

Karmarkar-Karp previous efficiency: 0.9469507858
Karmarkar-Karp ratio: 1.010971586
 Final Karmarkar-Karp time: 0.010145096

SFC previous efficiency: 0.788413025
 Time take to run this function: 6.809999999e-07
SFC ratio: 1
 Final SFC time: 0.000605052

Hilbert SFC previous efficiency: 0.7611884002
DM: HilbertProcessorMapDoIt called...
  (nprocs, nteams, nworkers) = (48, 48, 1)
  Bucket 0 contains 2663384034
  Bucket 1 contains 2464742067
  Bucket 2 contains 1930901246
  Bucket 3 contains 3499403212
  Bucket 4 contains 1930888632
  Bucket 5 contains 2896363131
  Bucket 6 contains 2896337003
  Bucket 7 contains 2896360427
  Bucket 8 contains 2533918352
  Bucket 9 contains 2896366735
  Bucket 10 contains 1930842682
  Bucket 11 contains 2655009132
  Bucket 12 contains 2896329795
  Bucket 13 contains 2896413586
  Bucket 14 contains 2896479810
  Bucket 15 contains 2654671711
  Bucket 16 contains 1810259159
  Bucket 17 contains 2896387909
  Bucket 18 contains 2896389711
  Bucket 19 contains 2786215331
  Bucket 20 contains 2896368537
  Bucket 21 contains 1930915662
  Bucket 22 contains 2896347814
  Bucket 23 contains 2658341895
  Bucket 24 contains 2987581652
  Bucket 25 contains 2952531322
  Bucket 26 contains 1953006145
  Bucket 27 contains 2898604344
  Bucket 28 contains 2896397819
  Bucket 29 contains 2896342859
  Bucket 30 contains 2654563591
  Bucket 31 contains 1810277179
  Bucket 32 contains 2914508927
  Bucket 33 contains 2896359527
  Bucket 34 contains 2896400522
  Bucket 35 contains 2676076459
  Bucket 36 contains 2006648004
  Bucket 37 contains 2532853830
  Bucket 38 contains 3015865315
  Bucket 39 contains 2896327542
  Bucket 40 contains 2896273482
  Bucket 41 contains 2745274318
  Bucket 42 contains 2523199277
  Bucket 43 contains 1970138925
  Bucket 44 contains 3096191307
  Bucket 45 contains 3056941684
  Bucket 46 contains 2446436910
  Bucket 47 contains 2929407856
Hilbert SFC efficiency: 0.7611884002
Hilbert SFC ratio: 1
 Final Hilbert SFC time: 0.01337767

SFC+Knapsack previous efficiency: 0.7888806938
SFC + Knapsack ratio: 0.9998564628
 Final SFC+Knapsack_Combined time: 0.000498316

SFC+Painter previous efficiency: 0.8782901384
Binary search iterations: 30
SFC+painterPartition efficiency: 0.9163780989
SFC+Painter ratio: 1.043366035
 Final SFC+Painter time: 0.007241551

Hilbert+Painter previous efficiency: 0.8959421773
Binary search iterations: 29
Hilbert+painterPartition efficiency: 0.9139464656
Hilbert+Painter ratio: 1.020095369
 Final Hilbert+Painter time: 0.001021269
Painter+Knapsack previous efficiency: 0.8926185154
Binary search iterations: 30
SFC+painterPartition efficiency: 0.9769416323
Painter+Knapsack ratio: 1.010857933
 Final painter+Knapsack_Combined time: 0.008832594
Run 7
File weights 51 and ranks 51
Original previous efficiency: 0.9263989015
Original efficiency: 0.9263989015
Original ratio: 1
Knapsack previous efficiency: 0.9441210372
Knapsack ratio: 1.012364405
 Final Knapsack time: 0.006834452

Karmarkar-Karp previous efficiency: 0.9443828197
Karmarkar-Karp ratio: 1.015618494
 Final Karmarkar-Karp time: 0.01013655

SFC previous efficiency: 0.7883998485
 Time take to run this function: 8.220000001e-07
SFC ratio: 1
 Final SFC time: 0.000604351

Hilbert SFC previous efficiency: 0.7611799375
DM: HilbertProcessorMapDoIt called...
  (nprocs, nteams, nworkers) = (48, 48, 1)
  Bucket 0 contains 2634302934
  Bucket 1 contains 2437821001
  Bucket 2 contains 1909830951
  Bucket 3 contains 3461141631
  Bucket 4 contains 1909856795
  Bucket 5 contains 2864772939
  Bucket 6 contains 2864732392
  Bucket 7 contains 2864704321
  Bucket 8 contains 2506249101
  Bucket 9 contains 2864702983
  Bucket 10 contains 1909776145
  Bucket 11 contains 2626069396
  Bucket 12 contains 2864695855
  Bucket 13 contains 2864756898
  Bucket 14 contains 2864735510
  Bucket 15 contains 2625659466
  Bucket 16 contains 1790505692
  Bucket 17 contains 2864723480
  Bucket 18 contains 2864749769
  Bucket 19 contains 2756864681
  Bucket 20 contains 2864796554
  Bucket 21 contains 1909794860
  Bucket 22 contains 2864791207
  Bucket 23 contains 2629886202
  Bucket 24 contains 2972044544
  Bucket 25 contains 1945895452
  Bucket 26 contains 2891957105
  Bucket 27 contains 2850149570
  Bucket 28 contains 2864745759
  Bucket 29 contains 2864759572
  Bucket 30 contains 2625586391
  Bucket 31 contains 1790523070
  Bucket 32 contains 2882735754
  Bucket 33 contains 2864760464
  Bucket 34 contains 2864757790
  Bucket 35 contains 2646831390
  Bucket 36 contains 1984775145
  Bucket 37 contains 2504883410
  Bucket 38 contains 2982872715
  Bucket 39 contains 2864682933
  Bucket 40 contains 2864613869
  Bucket 41 contains 2715203286
  Bucket 42 contains 2494291622
  Bucket 43 contains 1948297997
  Bucket 44 contains 3062190195
  Bucket 45 contains 3008600504
  Bucket 46 contains 2408643154
  Bucket 47 contains 2934752928
Hilbert SFC efficiency: 0.7611799375
Hilbert SFC ratio: 1
 Final Hilbert SFC time: 0.013363272

SFC+Knapsack previous efficiency: 0.7889107746
SFC + Knapsack ratio: 0.9998479165
 Final SFC+Knapsack_Combined time: 0.000452176

SFC+Painter previous efficiency: 0.8677282955
Binary search iterations: 30
SFC+painterPartition efficiency: 0.9192654581
SFC+Painter ratio: 1.059393203
 Final SFC+Painter time: 0.007114365

Hilbert+Painter previous efficiency: 0.8924576574
Binary search iterations: 30
Hilbert+painterPartition efficiency: 0.9139067175
Hilbert+Painter ratio: 1.024033701
 Final Hilbert+Painter time: 0.000921565
Painter+Knapsack previous efficiency: 0.8880477588
Binary search iterations: 30
SFC+painterPartition efficiency: 0.9769479789
Painter+Knapsack ratio: 1.012420806
 Final painter+Knapsack_Combined time: 0.008843094
Run 8
File weights 51 and ranks 51
Original previous efficiency: 0.9234174139
Original efficiency: 0.9234174139
Original ratio: 1
Knapsack previous efficiency: 0.9410134973
Knapsack ratio: 1.013335556
 Final Knapsack time: 0.006768203

Karmarkar-Karp previous efficiency: 0.9409207999
Karmarkar-Karp ratio: 1.019770367
 Final Karmarkar-Karp time: 0.010133042

SFC previous efficiency: 0.7883935202
 Time take to run this function: 5.709999999e-07
SFC ratio: 1
 Final SFC time: 0.000609892

Hilbert SFC previous efficiency: 0.7611561046
DM: HilbertProcessorMapDoIt called...
  (nprocs, nteams, nworkers) = (48, 48, 1)
  Bucket 0 contains 2610514689
  Bucket 1 contains 2415837917
  Bucket 2 contains 1892622340
  Bucket 3 contains 3429878903
  Bucket 4 contains 1892566704
  Bucket 5 contains 2838878758
  Bucket 6 contains 2838842550
  Bucket 7 contains 2838820031
  Bucket 8 contains 2483572149
  Bucket 9 contains 2838854913
  Bucket 10 contains 1892557874
  Bucket 11 contains 2602370494
  Bucket 12 contains 2838861096
  Bucket 13 contains 2838918498
  Bucket 14 contains 2838843875
  Bucket 15 contains 2601914370
  Bucket 16 contains 1774339287
  Bucket 17 contains 2838854030
  Bucket 18 contains 2838873901
  Bucket 19 contains 2738582352
  Bucket 20 contains 2839065093
  Bucket 21 contains 1892630729
  Bucket 22 contains 2838991795
  Bucket 23 contains 2607945538
  Bucket 24 contains 2972111094
  Bucket 25 contains 1926355640
  Bucket 26 contains 2846112274
  Bucket 27 contains 2809205094
  Bucket 28 contains 2838873017
  Bucket 29 contains 2838894212
  Bucket 30 contains 2601871980
  Bucket 31 contains 1774358274
  Bucket 32 contains 2856659054
  Bucket 33 contains 2838869044
  Bucket 34 contains 2838880966
  Bucket 35 contains 2622905264
  Bucket 36 contains 1966815599
  Bucket 37 contains 2481992273
  Bucket 38 contains 2955866149
  Bucket 39 contains 2838766161
  Bucket 40 contains 2838788239
  Bucket 41 contains 2690591750
  Bucket 42 contains 2470069918
  Bucket 43 contains 1930444415
  Bucket 44 contains 3034312391
  Bucket 45 contains 2973951916
  Bucket 46 contains 2369038459
  Bucket 47 contains 2933445652
Hilbert SFC efficiency: 0.7611561046
Hilbert SFC ratio: 1
 Final Hilbert SFC time: 0.014063619

SFC+Knapsack previous efficiency: 0.7889344566
SFC + Knapsack ratio: 0.9998416373
 Final SFC+Knapsack_Combined time: 0.000462636

SFC+Painter previous efficiency: 0.8595683873
Binary search iterations: 30
SFC+painterPartition efficiency: 0.9195840375
SFC+Painter ratio: 1.069820681
 Final SFC+Painter time: 0.007548896

Hilbert+Painter previous efficiency: 0.8880642449
Binary search iterations: 30
Hilbert+painterPartition efficiency: 0.9172769777
Hilbert+Painter ratio: 1.032894842
 Final Hilbert+Painter time: 0.000881398
Painter+Knapsack previous efficiency: 0.8844147862
Binary search iterations: 30
SFC+painterPartition efficiency: 0.9769438966
Painter+Knapsack ratio: 1.0117361
 Final painter+Knapsack_Combined time: 0.009186449
Run 9
File weights 51 and ranks 51
Original previous efficiency: 0.9225418611
Original efficiency: 0.9225418611
Original ratio: 1
Knapsack previous efficiency: 0.9367858872
Knapsack ratio: 1.014136205
 Final Knapsack time: 0.007169821

Karmarkar-Karp previous efficiency: 0.9346489
Karmarkar-Karp ratio: 1.025425867
 Final Karmarkar-Karp time: 0.010205734

SFC previous efficiency: 0.7883255212
 Time take to run this function: 5.510000001e-07
SFC ratio: 1
 Final SFC time: 0.000580064

Hilbert SFC previous efficiency: 0.7611235502
DM: HilbertProcessorMapDoIt called...
  (nprocs, nteams, nworkers) = (48, 48, 1)
  Bucket 0 contains 2582694732
  Bucket 1 contains 2390090869
  Bucket 2 contains 1872456814
  Bucket 3 contains 3393341057
  Bucket 4 contains 1872407013
  Bucket 5 contains 2808604622
  Bucket 6 contains 2808564869
  Bucket 7 contains 2808619911
  Bucket 8 contains 2457072680
  Bucket 9 contains 2808654423
  Bucket 10 contains 1872365076
  Bucket 11 contains 2574649563
  Bucket 12 contains 2808635638
  Bucket 13 contains 2808680196
  Bucket 14 contains 2808663160
  Bucket 15 contains 2574189126
  Bucket 16 contains 1755421184
  Bucket 17 contains 2808608990
  Bucket 18 contains 2808594575
  Bucket 19 contains 2731967737
  Bucket 20 contains 2839600234
  Bucket 21 contains 1884396282
  Bucket 22 contains 2811787926
  Bucket 23 contains 2585580788
  Bucket 24 contains 2958086708
  Bucket 25 contains 1885774097
  Bucket 26 contains 2768239514
  Bucket 27 contains 2762467890
  Bucket 28 contains 2808596759
  Bucket 29 contains 2808615107
  Bucket 30 contains 2574079478
  Bucket 31 contains 1755396720
  Bucket 32 contains 2826188883
  Bucket 33 contains 2808640007
  Bucket 34 contains 2808607680
  Bucket 35 contains 2595555240
  Bucket 36 contains 1945898718
  Bucket 37 contains 2455324417
  Bucket 38 contains 2924313839
  Bucket 39 contains 2808481432
  Bucket 40 contains 2808478811
  Bucket 41 contains 2661730142
  Bucket 42 contains 2440991910
  Bucket 43 contains 1909556925
  Bucket 44 contains 3001744982
  Bucket 45 contains 2939983755
  Bucket 46 contains 2324541784
  Bucket 47 contains 2915143766
Hilbert SFC efficiency: 0.7611235502
Hilbert SFC ratio: 1
 Final Hilbert SFC time: 0.014568196

SFC+Knapsack previous efficiency: 0.7889598648
SFC + Knapsack ratio: 0.9998390913
 Final SFC+Knapsack_Combined time: 0.000472345

SFC+Painter previous efficiency: 0.8557432839
Binary search iterations: 30
SFC+painterPartition efficiency: 0.9161350317
SFC+Painter ratio: 1.070572272
 Final SFC+Painter time: 0.007115226

Hilbert+Painter previous efficiency: 0.8896624626
Binary search iterations: 30
Hilbert+painterPartition efficiency: 0.912332302
Hilbert+Painter ratio: 1.025481394
 Final Hilbert+Painter time: 0.000883271
Painter+Knapsack previous efficiency: 0.8806455095
Binary search iterations: 30
SFC+painterPartition efficiency: 0.97620078
Painter+Knapsack ratio: 1.011509902
 Final painter+Knapsack_Combined time: 0.008900405
Run 10
File weights 51 and ranks 51
Original previous efficiency: 0.9129360761
Original efficiency: 0.9129360761
Original ratio: 1
Knapsack previous efficiency: 0.9282145756
Knapsack ratio: 1.02069373
 Final Knapsack time: 0.006692025

Karmarkar-Karp previous efficiency: 0.9322461103
Karmarkar-Karp ratio: 1.029464047
 Final Karmarkar-Karp time: 0.010195875

SFC previous efficiency: 0.7880324662
 Time take to run this function: 6.810000002e-07
SFC ratio: 1
 Final SFC time: 0.000591456

Hilbert SFC previous efficiency: 0.7611031877
DM: HilbertProcessorMapDoIt called...
  (nprocs, nteams, nworkers) = (48, 48, 1)
  Bucket 0 contains 2491151566
  Bucket 1 contains 2342945146
  Bucket 2 contains 1820249775
  Bucket 3 contains 3298654268
  Bucket 4 contains 1820164418
  Bucket 5 contains 2730233038
  Bucket 6 contains 2730276353
  Bucket 7 contains 2730289517
  Bucket 8 contains 2388567812
  Bucket 9 contains 2730286969
  Bucket 10 contains 1820187774
  Bucket 11 contains 2502854838
  Bucket 12 contains 2730269134
  Bucket 13 contains 2730369353
  Bucket 14 contains 2730315847
  Bucket 15 contains 2502306597
  Bucket 16 contains 1706462153
  Bucket 17 contains 2730331984
  Bucket 18 contains 2730278052
  Bucket 19 contains 2727661348
  Bucket 20 contains 1986609517
  Bucket 21 contains 2906675561
  Bucket 22 contains 2752284956
  Bucket 23 contains 2525126308
  Bucket 24 contains 1919049825
  Bucket 25 contains 2584917912
  Bucket 26 contains 2512655924
  Bucket 27 contains 2651005720
  Bucket 28 contains 2730289518
  Bucket 29 contains 2730265737
  Bucket 30 contains 2502251391
  Bucket 31 contains 1706478290
  Bucket 32 contains 2747396515
  Bucket 33 contains 2730265736
  Bucket 34 contains 2730289093
  Bucket 35 contains 2526956959
  Bucket 36 contains 1891616632
  Bucket 37 contains 2386585484
  Bucket 38 contains 2842804281
  Bucket 39 contains 2730102241
  Bucket 40 contains 2730120926
  Bucket 41 contains 2587427315
  Bucket 42 contains 2368440054
  Bucket 43 contains 1855992838
  Bucket 44 contains 2917823182
  Bucket 45 contains 2855518484
  Bucket 46 contains 2247881726
  Bucket 47 contains 2858893293
Hilbert SFC efficiency: 0.7611031877
Hilbert SFC ratio: 1
 Final Hilbert SFC time: 0.013911935

SFC+Knapsack previous efficiency: 0.7889637958
SFC + Knapsack ratio: 0.9998337477
 Final SFC+Knapsack_Combined time: 0.001230985

SFC+Painter previous efficiency: 0.8610561061
Binary search iterations: 30
SFC+painterPartition efficiency: 0.9027325115
SFC+Painter ratio: 1.048401498
 Final SFC+Painter time: 0.007249316

Hilbert+Painter previous efficiency: 0.8426693945
Binary search iterations: 30
Hilbert+painterPartition efficiency: 0.913816504
Hilbert+Painter ratio: 1.084430632
 Final Hilbert+Painter time: 0.000950552
Painter+Knapsack previous efficiency: 0.8775395486
Binary search iterations: 30
SFC+painterPartition efficiency: 0.9597868541
Painter+Knapsack ratio: 0.898914049
 Final painter+Knapsack_Combined time: 0.01106021
Run 11
File weights 51 and ranks 51
Original previous efficiency: 0.875966326
Original efficiency: 0.875966326
Original ratio: 1
Knapsack previous efficiency: 0.8861424813
Knapsack ratio: 1.082015843
 Final Knapsack time: 0.013744219

Karmarkar-Karp previous efficiency: 0.8951206293
Karmarkar-Karp ratio: 1.071434223
 Final Karmarkar-Karp time: 0.01291839

SFC previous efficiency: 0.7870994687
 Time take to run this function: 5.72e-07
SFC ratio: 1
 Final SFC time: 0.000611295

Hilbert SFC previous efficiency: 0.7535877722
DM: HilbertProcessorMapDoIt called...
  (nprocs, nteams, nworkers) = (48, 48, 1)
  Bucket 0 contains 2211559277
  Bucket 1 contains 2079935054
  Bucket 2 contains 1615888884
  Bucket 3 contains 2928424738
  Bucket 4 contains 1615903964
  Bucket 5 contains 2423860093
  Bucket 6 contains 2423846898
  Bucket 7 contains 2423869895
  Bucket 8 contains 2120485952
  Bucket 9 contains 2423875927
  Bucket 10 contains 1615894539
  Bucket 11 contains 2221937777
  Bucket 12 contains 2423849161
  Bucket 13 contains 2423911743
  Bucket 14 contains 2423916644
  Bucket 15 contains 2221479343
  Bucket 16 contains 1514949027
  Bucket 17 contains 2423861224
  Bucket 18 contains 2423839735
  Bucket 19 contains 2519117534
  Bucket 20 contains 1973186515
  Bucket 21 contains 1914496410
  Bucket 22 contains 2535886879
  Bucket 23 contains 2235726988
  Bucket 24 contains 2499924695
  Bucket 25 contains 2014987135
  Bucket 26 contains 2003855408
  Bucket 27 contains 2310989202
  Bucket 28 contains 2423832195
  Bucket 29 contains 1615902456
  Bucket 30 contains 2322387909
  Bucket 31 contains 2221902715
  Bucket 32 contains 2439038053
  Bucket 33 contains 2423855569
  Bucket 34 contains 2423825032
  Bucket 35 contains 2230839286
  Bucket 36 contains 1696627400
  Bucket 37 contains 2118491235
  Bucket 38 contains 2523750254
  Bucket 39 contains 2423705900
  Bucket 40 contains 2423646711
  Bucket 41 contains 2196961539
  Bucket 42 contains 2197711912
  Bucket 43 contains 1647486519
  Bucket 44 contains 2590186983
  Bucket 45 contains 2528517242
  Bucket 46 contains 1915454558
  Bucket 47 contains 2570591012
Hilbert SFC efficiency: 0.7605352755
Hilbert SFC ratio: 1.009219236
 Final Hilbert SFC time: 0.019013329

SFC+Knapsack previous efficiency: 0.7884223095
SFC + Knapsack ratio: 0.9998289345
 Final SFC+Knapsack_Combined time: 0.000544234

SFC+Painter previous efficiency: 0.7982123268
Binary search iterations: 30
SFC+painterPartition efficiency: 0.8788804994
SFC+Painter ratio: 1.101061046
 Final SFC+Painter time: 0.012999658

Hilbert+Painter previous efficiency: 0.7535877722
Binary search iterations: 29
Hilbert+painterPartition efficiency: 0.9076428526
Hilbert+Painter ratio: 1.204428848
 Final Hilbert+Painter time: 0.000885365
Painter+Knapsack previous efficiency: 0.8513985086
Binary search iterations: 30
SFC+painterPartition efficiency: 0.9628115128
Painter+Knapsack ratio: 1.053994712
 Final painter+Knapsack_Combined time: 0.013731184
Run 12
File weights 51 and ranks 51
Original previous efficiency: 0.8623886794
Original efficiency: 0.8623886794
Original ratio: 1
Knapsack previous efficiency: 0.8697080373
Knapsack ratio: 1.102151351
 Final Knapsack time: 0.017116854

Karmarkar-Karp previous efficiency: 0.8792719581
Karmarkar-Karp ratio: 1.090613287
 Final Karmarkar-Karp time: 0.016487775

SFC previous efficiency: 0.7738980022
 Time take to run this function: 5.21e-07
SFC ratio: 1.01716181
 Final SFC time: 0.002761871

Hilbert SFC previous efficiency: 0.7214030744
DM: HilbertProcessorMapDoIt called...
  (nprocs, nteams, nworkers) = (48, 48, 1)
  Bucket 0 contains 2112393008
  Bucket 1 contains 1986689174
  Bucket 2 contains 1543429934
  Bucket 3 contains 2797096579
  Bucket 4 contains 1543451540
  Bucket 5 contains 2315161646
  Bucket 6 contains 2315178570
  Bucket 7 contains 2315150843
  Bucket 8 contains 2025405919
  Bucket 9 contains 1543400046
  Bucket 10 contains 2315204857
  Bucket 11 contains 2122331331
  Bucket 12 contains 2315157324
  Bucket 13 contains 2315191894
  Bucket 14 contains 2315208097
  Bucket 15 contains 2121889133
  Bucket 16 contains 1447008296
  Bucket 17 contains 2315146161
  Bucket 18 contains 2315184691
  Bucket 19 contains 1551289469
  Bucket 20 contains 2878595502
  Bucket 21 contains 1893921224
  Bucket 22 contains 2452394564
  Bucket 23 contains 2138601229
  Bucket 24 contains 1628711316
  Bucket 25 contains 2554406947
  Bucket 26 contains 1824786044
  Bucket 27 contains 2175405169
  Bucket 28 contains 2315181811
  Bucket 29 contains 1543430295
  Bucket 30 contains 2218249195
  Bucket 31 contains 2122279838
  Bucket 32 contains 2329731046
  Bucket 33 contains 2315151562
  Bucket 34 contains 2315182172
  Bucket 35 contains 2130424988
  Bucket 36 contains 1620598555
  Bucket 37 contains 2023292150
  Bucket 38 contains 2410555808
  Bucket 39 contains 2315054696
  Bucket 40 contains 2314926502
  Bucket 41 contains 2098361958
  Bucket 42 contains 2095486359
  Bucket 43 contains 1573431043
  Bucket 44 contains 2473823745
  Bucket 45 contains 2404237001
  Bucket 46 contains 1804220190
  Bucket 47 contains 2480380214
Hilbert SFC efficiency: 0.7387991641
Hilbert SFC ratio: 1.024114244
 Final Hilbert SFC time: 0.014400562

SFC+Knapsack previous efficiency: 0.7882408271
SFC + Knapsack ratio: 0.9998266574
 Final SFC+Knapsack_Combined time: 0.000529085

SFC+Painter previous efficiency: 0.8679114486
Binary search iterations: 30
SFC+painterPartition efficiency: 0.8791794402
SFC+Painter ratio: 1.012982882
 Final SFC+Painter time: 0.007550159

Hilbert+Painter previous efficiency: 0.90752123
Binary search iterations: 30
Hilbert+painterPartition efficiency: 0.90752123
Hilbert+Painter ratio: 1
 Final Hilbert+Painter time: 0.000952856
Painter+Knapsack previous efficiency: 0.8361613475
Binary search iterations: 30
SFC+painterPartition efficiency: 0.9588266647
Painter+Knapsack ratio: 0.9425264559
 Final painter+Knapsack_Combined time: 0.009854062
Run 13
File weights 51 and ranks 51
Original previous efficiency: 0.8603981861
Original efficiency: 0.9467535074
Original ratio: 1.100366694
Knapsack previous efficiency: 0.9583897227
Knapsack ratio: 1.000001948
 Final Knapsack time: 0.007357826

Karmarkar-Karp previous efficiency: 0.8773832772
Karmarkar-Karp ratio: 1.092790415
 Final Karmarkar-Karp time: 0.010806979

SFC previous efficiency: 0.7700743282
 Time take to run this function: 5.609999998e-07
SFC ratio: 1.022614751
 Final SFC time: 0.002253146

Hilbert SFC previous efficiency: 0.7169053766
DM: HilbertProcessorMapDoIt called...
  (nprocs, nteams, nworkers) = (48, 48, 1)
  Bucket 0 contains 2100620784
  Bucket 1 contains 1975609586
  Bucket 2 contains 1534847446
  Bucket 3 contains 2781519942
  Bucket 4 contains 1534834555
  Bucket 5 contains 2302259352
  Bucket 6 contains 2302266156
  Bucket 7 contains 2302274392
  Bucket 8 contains 2014085476
  Bucket 9 contains 1534830616
  Bucket 10 contains 2302279405
  Bucket 11 contains 2110501883
  Bucket 12 contains 2302210652
  Bucket 13 contains 2302275107
  Bucket 14 contains 2302347800
  Bucket 15 contains 2110071101
  Bucket 16 contains 1438935588
  Bucket 17 contains 2302269738
  Bucket 18 contains 2302286567
  Bucket 19 contains 1557120710
  Bucket 20 contains 2877162217
  Bucket 21 contains 1900513269
  Bucket 22 contains 1675661353
  Bucket 23 contains 2240083519
  Bucket 24 contains 2317822723
  Bucket 25 contains 2507286865
  Bucket 26 contains 1789565686
  Bucket 27 contains 2133699195
  Bucket 28 contains 2302278689
  Bucket 29 contains 1534834554
  Bucket 30 contains 2205891288
  Bucket 31 contains 2110486127
  Bucket 32 contains 2316679163
  Bucket 33 contains 2302240731
  Bucket 34 contains 2302291938
  Bucket 35 contains 2127060625
  Bucket 36 contains 1595107612
  Bucket 37 contains 2011818766
  Bucket 38 contains 2397188850
  Bucket 39 contains 2302158729
  Bucket 40 contains 2302019790
  Bucket 41 contains 2086470932
  Bucket 42 contains 2082520975
  Bucket 43 contains 1564470089
  Bucket 44 contains 2459855328
  Bucket 45 contains 2377751897
  Bucket 46 contains 1778542239
  Bucket 47 contains 2480822757
Hilbert SFC efficiency: 0.7349236063
Hilbert SFC ratio: 1.025133344
 Final Hilbert SFC time: 0.016053613

SFC+Knapsack previous efficiency: 0.7861886505
SFC + Knapsack ratio: 1.002341408
 Final SFC+Knapsack_Combined time: 0.000475892

SFC+Painter previous efficiency: 0.8662562136
Binary search iterations: 30
SFC+painterPartition efficiency: 0.8903009698
SFC+Painter ratio: 1.027757095
 Final SFC+Painter time: 0.00911468

Hilbert+Painter previous efficiency: 0.9074912345
Binary search iterations: 30
Hilbert+painterPartition efficiency: 0.9074912345
Hilbert+Painter ratio: 1
 Final Hilbert+Painter time: 0.001094701
Painter+Knapsack previous efficiency: 0.8341673451
Binary search iterations: 30
SFC+painterPartition efficiency: 0.9586845084
Painter+Knapsack ratio: 0.9446898681
 Final painter+Knapsack_Combined time: 0.011616718
Run 14
File weights 51 and ranks 51
Original previous efficiency: 0.9465629378
Original efficiency: 0.9465629378
Original ratio: 1
Knapsack previous efficiency: 0.9581337958
Knapsack ratio: 1.000013147
 Final Knapsack time: 0.013215496

Karmarkar-Karp previous efficiency: 0.8791887404
Karmarkar-Karp ratio: 1.090968622
 Final Karmarkar-Karp time: 0.01081815

SFC previous efficiency: 0.77186836
 Time take to run this function: 5.510000003e-07
SFC ratio: 1.019972552
 Final SFC time: 0.003825091

Hilbert SFC previous efficiency: 0.7198191991
DM: HilbertProcessorMapDoIt called...
  (nprocs, nteams, nworkers) = (48, 48, 1)
  Bucket 0 contains 2110294120
  Bucket 1 contains 1984713745
  Bucket 2 contains 1541923724
  Bucket 3 contains 2794285369
  Bucket 4 contains 1541908254
  Bucket 5 contains 2312834322
  Bucket 6 contains 2312894398
  Bucket 7 contains 2312836840
  Bucket 8 contains 2023371532
  Bucket 9 contains 1541916889
  Bucket 10 contains 2312926055
  Bucket 11 contains 2120212872
  Bucket 12 contains 2312765252
  Bucket 13 contains 2312875692
  Bucket 14 contains 2312936129
  Bucket 15 contains 2119754564
  Bucket 16 contains 1445568031
  Bucket 17 contains 2312873534
  Bucket 18 contains 2312866698
  Bucket 19 contains 1576655513
  Bucket 20 contains 2875102909
  Bucket 21 contains 1906690518
  Bucket 22 contains 1691178389
  Bucket 23 contains 2265643450
  Bucket 24 contains 2347081903
  Bucket 25 contains 1983401459
  Bucket 26 contains 2343293610
  Bucket 27 contains 2122573359
  Bucket 28 contains 2312873174
  Bucket 29 contains 1541907535
  Bucket 30 contains 2216029316
  Bucket 31 contains 2120169704
  Bucket 32 contains 2327345718
  Bucket 33 contains 2312862741
  Bucket 34 contains 2312856625
  Bucket 35 contains 2137726883
  Bucket 36 contains 1585958162
  Bucket 37 contains 2020928544
  Bucket 38 contains 2408240904
  Bucket 39 contains 2312792592
  Bucket 40 contains 1541735579
  Bucket 41 contains 2214587482
  Bucket 42 contains 2715864391
  Bucket 43 contains 1600504008
  Bucket 44 contains 2471040192
  Bucket 45 contains 2376758508
  Bucket 46 contains 1759149469
  Bucket 47 contains 2495415578
Hilbert SFC efficiency: 0.7386411422
Hilbert SFC ratio: 1.026148154
 Final Hilbert SFC time: 0.014860723

SFC+Knapsack previous efficiency: 0.787345461
SFC + Knapsack ratio: 1.000658069
 Final SFC+Knapsack_Combined time: 0.000529917

SFC+Painter previous efficiency: 0.8678271604
Binary search iterations: 30
SFC+painterPartition efficiency: 0.8927604215
SFC+Painter ratio: 1.028730676
 Final SFC+Painter time: 0.007213376

Hilbert+Painter previous efficiency: 0.9073621012
Binary search iterations: 30
Hilbert+painterPartition efficiency: 0.9073621012
Hilbert+Painter ratio: 1
 Final Hilbert+Painter time: 0.000921817
Painter+Knapsack previous efficiency: 0.8354688729
Binary search iterations: 30
SFC+painterPartition efficiency: 0.9584480701
Painter+Knapsack ratio: 0.9430196791
 Final painter+Knapsack_Combined time: 0.009208041
Run 15
File weights 51 and ranks 51
Original previous efficiency: 0.9372361798
Original efficiency: 0.9372361798
Original ratio: 1
Knapsack previous efficiency: 0.9552049499
Knapsack ratio: 1.000007953
 Final Knapsack time: 0.00689561

Karmarkar-Karp previous efficiency: 0.8811384087
Karmarkar-Karp ratio: 1.08510954
 Final Karmarkar-Karp time: 0.010314675

SFC previous efficiency: 0.7748882574
 Time take to run this function: 5.21e-07
SFC ratio: 1.005871939
 Final SFC time: 0.000576036

Hilbert SFC previous efficiency: 0.7274092494
DM: HilbertProcessorMapDoIt called...
  (nprocs, nteams, nworkers) = (48, 48, 1)
  Bucket 0 contains 2138947373
  Bucket 1 contains 2011679400
  Bucket 2 contains 1562837858
  Bucket 3 contains 2148448405
  Bucket 4 contains 2246625791
  Bucket 5 contains 2344278848
  Bucket 6 contains 2344275566
  Bucket 7 contains 2344276659
  Bucket 8 contains 2050833268
  Bucket 9 contains 1562849891
  Bucket 10 contains 2344251136
  Bucket 11 contains 2148995704
  Bucket 12 contains 2344184411
  Bucket 13 contains 2344289785
  Bucket 14 contains 1562897657
  Bucket 15 contains 2246221787
  Bucket 16 contains 2148965805
  Bucket 17 contains 2344264627
  Bucket 18 contains 2344242749
  Bucket 19 contains 1603941570
  Bucket 20 contains 2877118214
  Bucket 21 contains 1905101614
  Bucket 22 contains 1694181465
  Bucket 23 contains 2306258517
  Bucket 24 contains 2391259197
  Bucket 25 contains 2029777530
  Bucket 26 contains 2426319696
  Bucket 27 contains 2152985657
  Bucket 28 contains 1562854631
  Bucket 29 contains 2344252230
  Bucket 30 contains 2246098181
  Bucket 31 contains 2148969452
  Bucket 32 contains 2358929301
  Bucket 33 contains 1562840775
  Bucket 34 contains 2344298901
  Bucket 35 contains 2126044840
  Bucket 36 contains 2170608309
  Bucket 37 contains 2287606259
  Bucket 38 contains 2440921048
  Bucket 39 contains 1562803219
  Bucket 40 contains 2344050594
  Bucket 41 contains 2244560927
  Bucket 42 contains 2004546479
  Bucket 43 contains 2336852939
  Bucket 44 contains 1757012480
  Bucket 45 contains 2458436461
  Bucket 46 contains 2207144650
  Bucket 47 contains 2526396652
Hilbert SFC efficiency: 0.7458674129
Hilbert SFC ratio: 1.025375211
 Final Hilbert SFC time: 0.013762716

SFC+Knapsack previous efficiency: 0.7856338009
SFC + Knapsack ratio: 0.9998377038
 Final SFC+Knapsack_Combined time: 0.000494928

SFC+Painter previous efficiency: 0.868896362
Binary search iterations: 30
SFC+painterPartition efficiency: 0.8962979376
SFC+Painter ratio: 1.031536069
 Final SFC+Painter time: 0.008032704

Hilbert+Painter previous efficiency: 0.9047483638
Binary search iterations: 30
Hilbert+painterPartition efficiency: 0.9047483638
Hilbert+Painter ratio: 1
 Final Hilbert+Painter time: 0.000856109
Painter+Knapsack previous efficiency: 0.8373368142
Binary search iterations: 29
SFC+painterPartition efficiency: 0.9555460294
Painter+Knapsack ratio: 0.9381007525
 Final painter+Knapsack_Combined time: 0.008669758
Run 16
File weights 51 and ranks 51
Original previous efficiency: 0.9404604131
Original efficiency: 0.9404604131
Original ratio: 1
Knapsack previous efficiency: 0.951874512
Knapsack ratio: 1.000058593
 Final Knapsack time: 0.006618454

Karmarkar-Karp previous efficiency: 0.8309263722
Karmarkar-Karp ratio: 1.147529193
 Final Karmarkar-Karp time: 0.010189092

SFC previous efficiency: 0.708257748
 Time take to run this function: 5.21e-07
SFC ratio: 1.09319762
 Final SFC time: 0.000613077

Hilbert SFC previous efficiency: 0.6413691932
DM: HilbertProcessorMapDoIt called...
  (nprocs, nteams, nworkers) = (48, 48, 1)
  Bucket 0 contains 1899389093
  Bucket 1 contains 1815459574
  Bucket 2 contains 1398771288
  Bucket 3 contains 1922875455
  Bucket 4 contains 2010779960
  Bucket 5 contains 2098157423
  Bucket 6 contains 2098130010
  Bucket 7 contains 1398790543
  Bucket 8 contains 1922914290
  Bucket 9 contains 2010740799
  Bucket 10 contains 2098107167
  Bucket 11 contains 1923359747
  Bucket 12 contains 2098066374
  Bucket 13 contains 2098147632
  Bucket 14 contains 1398829704
  Bucket 15 contains 2010385086
  Bucket 16 contains 1923342777
  Bucket 17 contains 2098136211
  Bucket 18 contains 2098165907
  Bucket 19 contains 1461052481
  Bucket 20 contains 1901268706
  Bucket 21 contains 1992147225
  Bucket 22 contains 1781060819
  Bucket 23 contains 2196006289
  Bucket 24 contains 1957213526
  Bucket 25 contains 1969735498
  Bucket 26 contains 1626689127
  Bucket 27 contains 1789923788
  Bucket 28 contains 2062883402
  Bucket 29 contains 2098166560
  Bucket 30 contains 2010287183
  Bucket 31 contains 1923362358
  Bucket 32 contains 1411903850
  Bucket 33 contains 2098123482
  Bucket 34 contains 2098140780
  Bucket 35 contains 1895302136
  Bucket 36 contains 1936875799
  Bucket 37 contains 2047245839
  Bucket 38 contains 1485217915
  Bucket 39 contains 2098185489
  Bucket 40 contains 2097976303
  Bucket 41 contains 2008788945
  Bucket 42 contains 1797247067
  Bucket 43 contains 2086620908
  Bucket 44 contains 1572452817
  Bucket 45 contains 2199712391
  Bucket 46 contains 1978353383
  Bucket 47 contains 1966833175
Hilbert SFC efficiency: 0.8701073704
Hilbert SFC ratio: 1.356640418
 Final Hilbert SFC time: 0.013698832

SFC+Knapsack previous efficiency: 0.7247891587
SFC + Knapsack ratio: 1.080069419
 Final SFC+Knapsack_Combined time: 0.000509066

SFC+Painter previous efficiency: 0.8292960786
Binary search iterations: 30
SFC+painterPartition efficiency: 0.8875123008
SFC+Painter ratio: 1.070199563
 Final SFC+Painter time: 0.007200862

Hilbert+Painter previous efficiency: 0.9017296904
Binary search iterations: 30
Hilbert+painterPartition efficiency: 0.9065509218
Hilbert+Painter ratio: 1.005346648
 Final Hilbert+Painter time: 0.000903912
Painter+Knapsack previous efficiency: 0.7978921187
Binary search iterations: 30
SFC+painterPartition efficiency: 0.960565735
Painter+Knapsack ratio: 1.143280658
 Final painter+Knapsack_Combined time: 0.009145049
Run 17
File weights 51 and ranks 51
Original previous efficiency: 0.9397124614
Original efficiency: 0.9397124614
Original ratio: 1
Knapsack previous efficiency: 0.940925804
Knapsack ratio: 1.010885637
 Final Knapsack time: 0.006785677

Karmarkar-Karp previous efficiency: 0.9493081356
Karmarkar-Karp ratio: 1.003708588
 Final Karmarkar-Karp time: 0.010438956

SFC previous efficiency: 0.6939052484
 Time take to run this function: 5.519999999e-07
SFC ratio: 1.126314217
 Final SFC time: 0.000594582

Hilbert SFC previous efficiency: 0.8450673296
DM: HilbertProcessorMapDoIt called...
  (nprocs, nteams, nworkers) = (48, 48, 1)
  Bucket 0 contains 1906766627
  Bucket 1 contains 1822546474
  Bucket 2 contains 1404205627
  Bucket 3 contains 1930301263
  Bucket 4 contains 2018571117
  Bucket 5 contains 2106312209
  Bucket 6 contains 2106279448
  Bucket 7 contains 1404180729
  Bucket 8 contains 1930361215
  Bucket 9 contains 2018553753
  Bucket 10 contains 2106286982
  Bucket 11 contains 1930843784
  Bucket 12 contains 2106226047
  Bucket 13 contains 1404151572
  Bucket 14 contains 2106409181
  Bucket 15 contains 2018161605
  Bucket 16 contains 1930812662
  Bucket 17 contains 2106303691
  Bucket 18 contains 2106306640
  Bucket 19 contains 1512889296
  Bucket 20 contains 1958385677
  Bucket 21 contains 1995532385
  Bucket 22 contains 1885673308
  Bucket 23 contains 1544193352
  Bucket 24 contains 2000653529
  Bucket 25 contains 2138970005
  Bucket 26 contains 2040276855
  Bucket 27 contains 1662138332
  Bucket 28 contains 2066240927
  Bucket 29 contains 2106308606
  Bucket 30 contains 2018097065
  Bucket 31 contains 1930837232
  Bucket 32 contains 1417393784
  Bucket 33 contains 2106308605
  Bucket 34 contains 2106296156
  Bucket 35 contains 1895988381
  Bucket 36 contains 1940852536
  Bucket 37 contains 2055004018
  Bucket 38 contains 1490958212
  Bucket 39 contains 2106365609
  Bucket 40 contains 2106118591
  Bucket 41 contains 2016472774
  Bucket 42 contains 1806828403
  Bucket 43 contains 2089734833
  Bucket 44 contains 1578430063
  Bucket 45 contains 2205065470
  Bucket 46 contains 1914854831
  Bucket 47 contains 1993496945
Hilbert SFC efficiency: 0.8706652522
Hilbert SFC ratio: 1.030290986
 Final Hilbert SFC time: 0.01480259

SFC+Knapsack previous efficiency: 0.7155142629
SFC + Knapsack ratio: 1.093260632
 Final SFC+Knapsack_Combined time: 0.000498536

SFC+Painter previous efficiency: 0.8104301069
Binary search iterations: 30
SFC+painterPartition efficiency: 0.8728152053
SFC+Painter ratio: 1.076977765
 Final SFC+Painter time: 0.008164579

Hilbert+Painter previous efficiency: 0.9011303717
Binary search iterations: 29
Hilbert+painterPartition efficiency: 0.9058131076
Hilbert+Painter ratio: 1.005196513
 Final Hilbert+Painter time: 0.000912818
Painter+Knapsack previous efficiency: 0.9114691733
Binary search iterations: 30
SFC+painterPartition efficiency: 0.9593728319
Painter+Knapsack ratio: 1.00001602
 Final painter+Knapsack_Combined time: 0.01579358
Run 18
File weights 51 and ranks 51
Original previous efficiency: 0.9392576834
Original efficiency: 0.9392576834
Original ratio: 1
Knapsack previous efficiency: 0.94244546
Knapsack ratio: 1.008768146
 Final Knapsack time: 0.007415588

Karmarkar-Karp previous efficiency: 0.943659866
Karmarkar-Karp ratio: 1.009628491
 Final Karmarkar-Karp time: 0.010511546

SFC previous efficiency: 0.7811708413
 Time take to run this function: 5.920000001e-07
SFC ratio: 1.006936879
 Final SFC time: 0.00074329

Hilbert SFC previous efficiency: 0.818310605
DM: HilbertProcessorMapDoIt called...
  (nprocs, nteams, nworkers) = (48, 48, 1)
  Bucket 0 contains 1922459748
  Bucket 1 contains 1837517064
  Bucket 2 contains 1415767202
  Bucket 3 contains 1946228734
  Bucket 4 contains 2035167597
  Bucket 5 contains 2123653281
  Bucket 6 contains 2123679043
  Bucket 7 contains 1415744080
  Bucket 8 contains 1946265398
  Bucket 9 contains 2035188076
  Bucket 10 contains 2123612322
  Bucket 11 contains 1946683235
  Bucket 12 contains 2123519507
  Bucket 13 contains 1415715674
  Bucket 14 contains 2123738830
  Bucket 15 contains 2034715407
  Bucket 16 contains 1946717917
  Bucket 17 contains 2123665172
  Bucket 18 contains 1415752008
  Bucket 19 contains 2231690563
  Bucket 20 contains 1948248610
  Bucket 21 contains 1997921715
  Bucket 22 contains 1917554902
  Bucket 23 contains 1624354603
  Bucket 24 contains 2034383836
  Bucket 25 contains 2177268590
  Bucket 26 contains 2090244124
  Bucket 27 contains 1583026191
  Bucket 28 contains 2075728487
  Bucket 29 contains 2123596798
  Bucket 30 contains 2034687001
  Bucket 31 contains 1946709329
  Bucket 32 contains 1429049367
  Bucket 33 contains 2123649316
  Bucket 34 contains 2123646014
  Bucket 35 contains 1904845325
  Bucket 36 contains 1953825378
  Bucket 37 contains 2071790026
  Bucket 38 contains 1503208347
  Bucket 39 contains 2123735857
  Bucket 40 contains 2123421405
  Bucket 41 contains 2032952233
  Bucket 42 contains 1826017127
  Bucket 43 contains 1394885256
  Bucket 44 contains 2268320310
  Bucket 45 contains 2248870885
  Bucket 46 contains 1887474902
  Bucket 47 contains 2010741891
Hilbert SFC efficiency: 0.852940594
Hilbert SFC ratio: 1.042318881
 Final Hilbert SFC time: 0.013888349

SFC+Knapsack previous efficiency: 0.7178306546
SFC + Knapsack ratio: 1.269169557
 Final SFC+Knapsack_Combined time: 0.000478447

SFC+Painter previous efficiency: 0.8145366004
Binary search iterations: 30
SFC+painterPartition efficiency: 0.8784133094
SFC+Painter ratio: 1.078420919
 Final SFC+Painter time: 0.00755602

Hilbert+Painter previous efficiency: 0.9008224797
Binary search iterations: 30
Hilbert+painterPartition efficiency: 0.905383905
Hilbert+Painter ratio: 1.005063623
 Final Hilbert+Painter time: 0.000925925
Painter+Knapsack previous efficiency: 0.8977132802
Binary search iterations: 30
SFC+painterPartition efficiency: 0.9590106214
Painter+Knapsack ratio: 1.014843322
 Final painter+Knapsack_Combined time: 0.00897023
Run 19
File weights 51 and ranks 51
Original previous efficiency: 0.9388487776
Original efficiency: 0.9388487776
Original ratio: 1
Knapsack previous efficiency: 0.91595479
Knapsack ratio: 1.037439338
 Final Knapsack time: 0.006856876

Karmarkar-Karp previous efficiency: 0.9371541281
Karmarkar-Karp ratio: 1.016902949
 Final Karmarkar-Karp time: 0.010235251

SFC previous efficiency: 0.7623221905
 Time take to run this function: 5.609999998e-07
SFC ratio: 1.024995327
 Final SFC time: 0.000585334

Hilbert SFC previous efficiency: 0.7878407696
DM: HilbertProcessorMapDoIt called...
  (nprocs, nteams, nworkers) = (48, 48, 1)
  Bucket 0 contains 1961761150
  Bucket 1 contains 1875077231
  Bucket 2 contains 1444666661
  Bucket 3 contains 1986029196
  Bucket 4 contains 2076805812
  Bucket 5 contains 2167050886
  Bucket 6 contains 2167044819
  Bucket 7 contains 1444723960
  Bucket 8 contains 1985997514
  Bucket 9 contains 2076742445
  Bucket 10 contains 2167059313
  Bucket 11 contains 1986477485
  Bucket 12 contains 2166938309
  Bucket 13 contains 1444679469
  Bucket 14 contains 2167177620
  Bucket 15 contains 2076281349
  Bucket 16 contains 1986518605
  Bucket 17 contains 2167071447
  Bucket 18 contains 1444682839
  Bucket 19 contains 2298880028
  Bucket 20 contains 1923480914
  Bucket 21 contains 1790503134
  Bucket 22 contains 1982079934
  Bucket 23 contains 2504873113
  Bucket 24 contains 2041413012
  Bucket 25 contains 1962769667
  Bucket 26 contains 1630692775
  Bucket 27 contains 2172443659
  Bucket 28 contains 1444728005
  Bucket 29 contains 2167050212
  Bucket 30 contains 2076265171
  Bucket 31 contains 1986554671
  Bucket 32 contains 1535986897
  Bucket 33 contains 2439364388
  Bucket 34 contains 2167065717
  Bucket 35 contains 1936630198
  Bucket 36 contains 1990411228
  Bucket 37 contains 2113937952
  Bucket 38 contains 1533926737
  Bucket 39 contains 2167103467
  Bucket 40 contains 2166896514
  Bucket 41 contains 1444731376
  Bucket 42 contains 2485771198
  Bucket 43 contains 1434344418
  Bucket 44 contains 2314548652
  Bucket 45 contains 1945112499
  Bucket 46 contains 2005635959
  Bucket 47 contains 2269188127
Hilbert SFC efficiency: 0.7878407696
Hilbert SFC ratio: 1
 Final Hilbert SFC time: 0.013762465

SFC+Knapsack previous efficiency: 0.8549643808
SFC + Knapsack ratio: 0.9912323327
 Final SFC+Knapsack_Combined time: 0.000465502

SFC+Painter previous efficiency: 0.7863121744
Binary search iterations: 30
SFC+painterPartition efficiency: 0.8621459239
SFC+Painter ratio: 1.096442293
 Final SFC+Painter time: 0.007527656

Hilbert+Painter previous efficiency: 0.8222650061
Binary search iterations: 30
Hilbert+painterPartition efficiency: 0.890641374
Hilbert+Painter ratio: 1.083156121
 Final Hilbert+Painter time: 0.000963356
Painter+Knapsack previous efficiency: 0.8549623832
Binary search iterations: 30
SFC+painterPartition efficiency: 0.9669565555
Painter+Knapsack ratio: 1.059162805
 Final painter+Knapsack_Combined time: 0.018616178
Run 20
File weights 51 and ranks 51
Original previous efficiency: 0.9180258484
Original efficiency: 0.9180258484
Original ratio: 1
Knapsack previous efficiency: 0.8845593389
Knapsack ratio: 1.073920231
 Final Knapsack time: 0.007378647

Karmarkar-Karp previous efficiency: 0.9069782421
Karmarkar-Karp ratio: 1.051303649
 Final Karmarkar-Karp time: 0.010624545

SFC previous efficiency: 0.7453231433
 Time take to run this function: 5.91e-07
SFC ratio: 1.069252045
 Final SFC time: 0.000641833

Hilbert SFC previous efficiency: 0.7475907523
DM: HilbertProcessorMapDoIt called...
  (nprocs, nteams, nworkers) = (48, 48, 1)
  Bucket 0 contains 2006752116
  Bucket 1 contains 1918078129
  Bucket 2 contains 1477838609
  Bucket 3 contains 2031535371
  Bucket 4 contains 2124397994
  Bucket 5 contains 2216725847
  Bucket 6 contains 2216742398
  Bucket 7 contains 1477808267
  Bucket 8 contains 2031566402
  Bucket 9 contains 2124424197
  Bucket 10 contains 2216727227
  Bucket 11 contains 2032036694
  Bucket 12 contains 2216664476
  Bucket 13 contains 1477769306
  Bucket 14 contains 2216882036
  Bucket 15 contains 2123916323
  Bucket 16 contains 2032059795
  Bucket 17 contains 2216806873
  Bucket 18 contains 1477869640
  Bucket 19 contains 2354936945
  Bucket 20 contains 1861842749
  Bucket 21 contains 1699077225
  Bucket 22 contains 2848106016
  Bucket 23 contains 1693196505
  Bucket 24 contains 2102863228
  Bucket 25 contains 2014645425
  Bucket 26 contains 2098702542
  Bucket 27 contains 1763601878
  Bucket 28 contains 2244947853
  Bucket 29 contains 2216740328
  Bucket 30 contains 1384942197
  Bucket 31 contains 2032064277
  Bucket 32 contains 2591803290
  Bucket 33 contains 1756387000
  Bucket 34 contains 2216755844
  Bucket 35 contains 1973725998
  Bucket 36 contains 2032034547
  Bucket 37 contains 2162205532
  Bucket 38 contains 1569134741
  Bucket 39 contains 2216817561
  Bucket 40 contains 2216593448
  Bucket 41 contains 1477860675
  Bucket 42 contains 2553589638
  Bucket 43 contains 1461970575
  Bucket 44 contains 2367435997
  Bucket 45 contains 1991097371
  Bucket 46 contains 2024136944
  Bucket 47 contains 2303351299
Hilbert SFC efficiency: 0.7085642235
Hilbert SFC ratio: 0.9477969348
 Final Hilbert SFC time: 0.01364631

SFC+Knapsack previous efficiency: 0.8337893675
SFC + Knapsack ratio: 1.047549078
 Final SFC+Knapsack_Combined time: 0.00048009

SFC+Painter previous efficiency: 0.7617584485
Binary search iterations: 30
SFC+painterPartition efficiency: 0.8618938178
SFC+Painter ratio: 1.131452916
 Final SFC+Painter time: 0.008306944

Hilbert+Painter previous efficiency: 0.7786339478
Binary search iterations: 30
Hilbert+painterPartition efficiency: 0.8996706946
Hilbert+Painter ratio: 1.155447559
 Final Hilbert+Painter time: 0.000940513
Painter+Knapsack previous efficiency: 0.8337939998
Binary search iterations: 30
SFC+painterPartition efficiency: 0.9564866158
Painter+Knapsack ratio: 1.071811617
 Final painter+Knapsack_Combined time: 0.011478601
Run 21
File weights 51 and ranks 51
Original previous efficiency: 0.8970904256
Original efficiency: 0.8970904256
Original ratio: 1
Knapsack previous efficiency: 0.8701357366
Knapsack ratio: 1.090622519
 Final Knapsack time: 0.006825584

Karmarkar-Karp previous efficiency: 0.8925814043
Karmarkar-Karp ratio: 1.069830067
 Final Karmarkar-Karp time: 0.010593314

SFC previous efficiency: 0.738541678
 Time take to run this function: 5.31e-07
SFC ratio: 1.080602595
 Final SFC time: 0.000621814

Hilbert SFC previous efficiency: 0.7184546243
DM: HilbertProcessorMapDoIt called...
  (nprocs, nteams, nworkers) = (48, 48, 1)
  Bucket 0 contains 2066614542
  Bucket 1 contains 1975320921
  Bucket 2 contains 1521934969
  Bucket 3 contains 2092149841
  Bucket 4 contains 2187798223
  Bucket 5 contains 2282899082
  Bucket 6 contains 2282836943
  Bucket 7 contains 1521880999
  Bucket 8 contains 2092139544
  Bucket 9 contains 2187788282
  Bucket 10 contains 2282849016
  Bucket 11 contains 2092596169
  Bucket 12 contains 2282823095
  Bucket 13 contains 1521822766
  Bucket 14 contains 2283000633
  Bucket 15 contains 2187251054
  Bucket 16 contains 2092700205
  Bucket 17 contains 2282867125
  Bucket 18 contains 1521904433
  Bucket 19 contains 2450848484
  Bucket 20 contains 1844729999
  Bucket 21 contains 2583684843
  Bucket 22 contains 1916911240
  Bucket 23 contains 1770199235
  Bucket 24 contains 2163123829
  Bucket 25 contains 2471751814
  Bucket 26 contains 1761399431
  Bucket 27 contains 1801914276
  Bucket 28 contains 2354876508
  Bucket 29 contains 2282893046
  Bucket 30 contains 2092121080
  Bucket 31 contains 1426836242
  Bucket 32 contains 2734446706
  Bucket 33 contains 1889769375
  Bucket 34 contains 2308999159
  Bucket 35 contains 2027472382
  Bucket 36 contains 2089682718
  Bucket 37 contains 1560666159
  Bucket 38 contains 2187707324
  Bucket 39 contains 2377177470
  Bucket 40 contains 1521779447
  Bucket 41 contains 2282840139
  Bucket 42 contains 1826165181
  Bucket 43 contains 2312108735
  Bucket 44 contains 2437899402
  Bucket 45 contains 2051715652
  Bucket 46 contains 2240005416
  Bucket 47 contains 2127169084
Hilbert SFC efficiency: 0.7592644489
Hilbert SFC ratio: 1.05680223
 Final Hilbert SFC time: 0.013976049

SFC+Knapsack previous efficiency: 0.8234218596
SFC + Knapsack ratio: 1.061954094
 Final SFC+Knapsack_Combined time: 0.001121583

SFC+Painter previous efficiency: 0.8433864442
Binary search iterations: 30
SFC+painterPartition efficiency: 0.8625453934
SFC+Painter ratio: 1.022716691
 Final SFC+Painter time: 0.009905922

Hilbert+Painter previous efficiency: 0.8991636758
Binary search iterations: 30
Hilbert+painterPartition efficiency: 0.8991636758
Hilbert+Painter ratio: 1
 Final Hilbert+Painter time: 0.001144688
Painter+Knapsack previous efficiency: 0.8234283533
Binary search iterations: 30
SFC+painterPartition efficiency: 0.9611429567
Painter+Knapsack ratio: 1.094847727
 Final painter+Knapsack_Combined time: 0.011914665
Run 22
File weights 51 and ranks 51
Original previous efficiency: 0.88706696
Original efficiency: 0.88706696
Original ratio: 1
Knapsack previous efficiency: 0.8621232168
Knapsack ratio: 1.099867796
 Final Knapsack time: 0.009054643

Karmarkar-Karp previous efficiency: 0.8882445649
Karmarkar-Karp ratio: 1.071924582
 Final Karmarkar-Karp time: 0.012986722

SFC previous efficiency: 0.7320582997
 Time take to run this function: 6.01e-07
SFC ratio: 1.015335358
 Final SFC time: 0.000690648

Hilbert SFC previous efficiency: 0.7059979315
DM: HilbertProcessorMapDoIt called...
  (nprocs, nteams, nworkers) = (48, 48, 1)
  Bucket 0 contains 2036294798
  Bucket 1 contains 1946313961
  Bucket 2 contains 1499620310
  Bucket 3 contains 2061435491
  Bucket 4 contains 2155690392
  Bucket 5 contains 2249375361
  Bucket 6 contains 2249408248
  Bucket 7 contains 1499559434
  Bucket 8 contains 2061429194
  Bucket 9 contains 2155674997
  Bucket 10 contains 2249392155
  Bucket 11 contains 2061864426
  Bucket 12 contains 2249351220
  Bucket 13 contains 1499482114
  Bucket 14 contains 2249441135
  Bucket 15 contains 2155151250
  Bucket 16 contains 2062011369
  Bucket 17 contains 2249395653
  Bucket 18 contains 1499568529
  Bucket 19 contains 2474287014
  Bucket 20 contains 1755060751
  Bucket 21 contains 2520186409
  Bucket 22 contains 1881209028
  Bucket 23 contains 1773909713
  Bucket 24 contains 2133451648
  Bucket 25 contains 2385160837
  Bucket 26 contains 1694677945
  Bucket 27 contains 1734460539
  Bucket 28 contains 2359770980
  Bucket 29 contains 2249407199
  Bucket 30 contains 2061450536
  Bucket 31 contains 2155687243
  Bucket 32 contains 1979173837
  Bucket 33 contains 1895270792
  Bucket 34 contains 1558653686
  Bucket 35 contains 2124605259
  Bucket 36 contains 2679658198
  Bucket 37 contains 1537592239
  Bucket 38 contains 2155641410
  Bucket 39 contains 2342304157
  Bucket 40 contains 1499512552
  Bucket 41 contains 2249321481
  Bucket 42 contains 1799184522
  Bucket 43 contains 2276301841
  Bucket 44 contains 2401969389
  Bucket 45 contains 2021418193
  Bucket 46 contains 2161610739
  Bucket 47 contains 2063250998
Hilbert SFC efficiency: 0.7628044475
Hilbert SFC ratio: 1.080462723
 Final Hilbert SFC time: 0.017342972

SFC+Knapsack previous efficiency: 0.8179359724
SFC + Knapsack ratio: 1.052449651
 Final SFC+Knapsack_Combined time: 0.000530919

SFC+Painter previous efficiency: 0.8142960306
Binary search iterations: 30
SFC+painterPartition efficiency: 0.8592253326
SFC+Painter ratio: 1.055175637
 Final SFC+Painter time: 0.012427318

Hilbert+Painter previous efficiency: 0.8854745653
Binary search iterations: 30
Hilbert+painterPartition efficiency: 0.9022131657
Hilbert+Painter ratio: 1.018903536
 Final Hilbert+Painter time: 0.00111501
Painter+Knapsack previous efficiency: 0.8179334532
Binary search iterations: 30
SFC+painterPartition efficiency: 0.9608649339
Painter+Knapsack ratio: 1.11098809
 Final painter+Knapsack_Combined time: 0.015535802
Run 23
File weights 51 and ranks 51
Original previous efficiency: 0.8807597754
Original efficiency: 0.8807597754
Original ratio: 1
Knapsack previous efficiency: 0.8579212203
Knapsack ratio: 1.10483558
 Final Knapsack time: 0.009240773

Karmarkar-Karp previous efficiency: 0.8781559138
Karmarkar-Karp ratio: 1.084055445
 Final Karmarkar-Karp time: 0.010839332

SFC previous efficiency: 0.7325924438
 Time take to run this function: 5.809999997e-07
SFC ratio: 1.016580095
 Final SFC time: 0.000630341

Hilbert SFC previous efficiency: 0.7000407119
DM: HilbertProcessorMapDoIt called...
  (nprocs, nteams, nworkers) = (48, 48, 1)
  Bucket 0 contains 2024261392
  Bucket 1 contains 1934840844
  Bucket 2 contains 1490707641
  Bucket 3 contains 2049265423
  Bucket 4 contains 2142949418
  Bucket 5 contains 2236082155
  Bucket 6 contains 2236101632
  Bucket 7 contains 1490733378
  Bucket 8 contains 2049245250
  Bucket 9 contains 2142938985
  Bucket 10 contains 2236093633
  Bucket 11 contains 2049685214
  Bucket 12 contains 2236027204
  Bucket 13 contains 1490627647
  Bucket 14 contains 2236169452
  Bucket 15 contains 2142368597
  Bucket 16 contains 2049823290
  Bucket 17 contains 2236074852
  Bucket 18 contains 1490729900
  Bucket 19 contains 2468122444
  Bucket 20 contains 1680824391
  Bucket 21 contains 2465057943
  Bucket 22 contains 1847233544
  Bucket 23 contains 1778970684
  Bucket 24 contains 2123674902
  Bucket 25 contains 2414763159
  Bucket 26 contains 1696594561
  Bucket 27 contains 1709702169
  Bucket 28 contains 2373932633
  Bucket 29 contains 2236082504
  Bucket 30 contains 2049237251
  Bucket 31 contains 2147576513
  Bucket 32 contains 1983982084
  Bucket 33 contains 1901549734
  Bucket 34 contains 1575232455
  Bucket 35 contains 2111974249
  Bucket 36 contains 1918609106
  Bucket 37 contains 2273699615
  Bucket 38 contains 2142888901
  Bucket 39 contains 2328452753
  Bucket 40 contains 1490659993
  Bucket 41 contains 2235988946
  Bucket 42 contains 1788437250
  Bucket 43 contains 2259890106
  Bucket 44 contains 2387612363
  Bucket 45 contains 2008064888
  Bucket 46 contains 1911664718
  Bucket 47 contains 2222535455
Hilbert SFC efficiency: 0.8229749488
Hilbert SFC ratio: 1.175610125
 Final Hilbert SFC time: 0.014351777

SFC+Knapsack previous efficiency: 0.8156862027
SFC + Knapsack ratio: 1.057999334
 Final SFC+Knapsack_Combined time: 0.000473568

SFC+Painter previous efficiency: 0.8111718702
Binary search iterations: 30
SFC+painterPartition efficiency: 0.8567522865
SFC+Painter ratio: 1.056190825
 Final SFC+Painter time: 0.007382043

Hilbert+Painter previous efficiency: 0.8752986949
Binary search iterations: 30
Hilbert+painterPartition efficiency: 0.8933470933
Hilbert+Painter ratio: 1.020619702
 Final Hilbert+Painter time: 0.000998044
Painter+Knapsack previous efficiency: 0.9083563142
Binary search iterations: 30
SFC+painterPartition efficiency: 0.9591727833
Painter+Knapsack ratio: 1.000009332
 Final painter+Knapsack_Combined time: 0.009167733
Run 24
File weights 51 and ranks 51
Original previous efficiency: 0.8521015187
Original efficiency: 0.9475457788
Original ratio: 1.112010433
Knapsack previous efficiency: 0.9474899552
Knapsack ratio: 1.000060216
 Final Knapsack time: 0.006937862

Karmarkar-Karp previous efficiency: 0.8496661955
Karmarkar-Karp ratio: 1.136929616
 Final Karmarkar-Karp time: 0.010718597

SFC previous efficiency: 0.7078116818
 Time take to run this function: 5.010000002e-07
SFC ratio: 1.093381759
 Final SFC time: 0.000600925

Hilbert SFC previous efficiency: 0.8384750456
DM: HilbertProcessorMapDoIt called...
  (nprocs, nteams, nworkers) = (48, 48, 1)
  Bucket 0 contains 1861997486
  Bucket 1 contains 1779734905
  Bucket 2 contains 1371208953
  Bucket 3 contains 1884950737
  Bucket 4 contains 1971193844
  Bucket 5 contains 2056826546
  Bucket 6 contains 2056808310
  Bucket 7 contains 1371255020
  Bucket 8 contains 1884995205
  Bucket 9 contains 1971180727
  Bucket 10 contains 2056911964
  Bucket 11 contains 1885396702
  Bucket 12 contains 2056802551
  Bucket 13 contains 1371143049
  Bucket 14 contains 2056912923
  Bucket 15 contains 1970646463
  Bucket 16 contains 1885470603
  Bucket 17 contains 2056872613
  Bucket 18 contains 1371227508
  Bucket 19 contains 2227467313
  Bucket 20 contains 1440061053
  Bucket 21 contains 2057674648
  Bucket 22 contains 1701623089
  Bucket 23 contains 2250043284
  Bucket 24 contains 1333553385
  Bucket 25 contains 2214603839
  Bucket 26 contains 2002626686
  Bucket 27 contains 1925626277
  Bucket 28 contains 2056865895
  Bucket 29 contains 1371233267
  Bucket 30 contains 1884952656
  Bucket 31 contains 1984075339
  Bucket 32 contains 1986244063
  Bucket 33 contains 1883841953
  Bucket 34 contains 1467878559
  Bucket 35 contains 1941914952
  Bucket 36 contains 2449427564
  Bucket 37 contains 1405608505
  Bucket 38 contains 1971094349
  Bucket 39 contains 2141796273
  Bucket 40 contains 1371155206
  Bucket 41 contains 2056741767
  Bucket 42 contains 1644982788
  Bucket 43 contains 2079990380
  Bucket 44 contains 2196074190
  Bucket 45 contains 1845935035
  Bucket 46 contains 1916807415
  Bucket 47 contains 1917000491
Hilbert SFC efficiency: 0.7624947903
Hilbert SFC ratio: 0.9093828067
 Final Hilbert SFC time: 0.014117963

SFC+Knapsack previous efficiency: 0.7878115949
SFC + Knapsack ratio: 1.152593167
 Final SFC+Knapsack_Combined time: 0.000472195

SFC+Painter previous efficiency: 0.8103053249
Binary search iterations: 30
SFC+painterPartition efficiency: 0.8618946753
SFC+Painter ratio: 1.063666557
 Final SFC+Painter time: 0.007544659

Hilbert+Painter previous efficiency: 0.8672844808
Binary search iterations: 30
Hilbert+painterPartition efficiency: 0.9076632978
Hilbert+Painter ratio: 1.046557753
 Final Hilbert+Painter time: 0.00091852
Painter+Knapsack previous efficiency: 0.9080105843
Binary search iterations: 30
SFC+painterPartition efficiency: 0.9584654071
Painter+Knapsack ratio: 1.000017265
 Final painter+Knapsack_Combined time: 0.009004797
Run 25
File weights 51 and ranks 51
Original previous efficiency: 0.947321232
Original efficiency: 0.947321232
Original ratio: 1
Knapsack previous efficiency: 0.9472252949
Knapsack ratio: 1.000256329
 Final Knapsack time: 0.006830014

Karmarkar-Karp previous efficiency: 0.9640035703
Karmarkar-Karp ratio: 1.00368724
 Final Karmarkar-Karp time: 0.011717343

SFC previous efficiency: 0.7044640934
 Time take to run this function: 6.82e-07
SFC ratio: 1.130811346
 Final SFC time: 0.00060881

Hilbert SFC previous efficiency: 0.824368364
DM: HilbertProcessorMapDoIt called...
  (nprocs, nteams, nworkers) = (48, 48, 1)
  Bucket 0 contains 1849618512
  Bucket 1 contains 1767921612
  Bucket 2 contains 1362103383
  Bucket 3 contains 1872433211
  Bucket 4 contains 1958048297
  Bucket 5 contains 2043173348
  Bucket 6 contains 2043180974
  Bucket 7 contains 1362105608
  Bucket 8 contains 1872414461
  Bucket 9 contains 1958069906
  Bucket 10 contains 2043235952
  Bucket 11 contains 1872820280
  Bucket 12 contains 2043130446
  Bucket 13 contains 1362012813
  Bucket 14 contains 2043214343
  Bucket 15 contains 1957525213
  Bucket 16 contains 1872955340
  Bucket 17 contains 2043212118
  Bucket 18 contains 1362088447
  Bucket 19 contains 2225314084
  Bucket 20 contains 2016262800
  Bucket 21 contains 1323581067
  Bucket 22 contains 1684498931
  Bucket 23 contains 2253971529
  Bucket 24 contains 2143362440
  Bucket 25 contains 1695939091
  Bucket 26 contains 1556417370
  Bucket 27 contains 1953111039
  Bucket 28 contains 2043163496
  Bucket 29 contains 2043177479
  Bucket 30 contains 1787324684
  Bucket 31 contains 1399374768
  Bucket 32 contains 1985080664
  Bucket 33 contains 1957330193
  Bucket 34 contains 1495243860
  Bucket 35 contains 1927313450
  Bucket 36 contains 2434169114
  Bucket 37 contains 1396070536
  Bucket 38 contains 1957995225
  Bucket 39 contains 2127533053
  Bucket 40 contains 1362027432
  Bucket 41 contains 2043088815
  Bucket 42 contains 1633984338
  Bucket 43 contains 2071773764
  Bucket 44 contains 2181278830
  Bucket 45 contains 1834117979
  Bucket 46 contains 1883491277
  Bucket 47 contains 1923932896
Hilbert SFC efficiency: 0.7619745375
Hilbert SFC ratio: 0.924313172
 Final Hilbert SFC time: 0.013857028

SFC+Knapsack previous efficiency: 0.8866949809
SFC + Knapsack ratio: 1.01844492
 Final SFC+Knapsack_Combined time: 0.000489819

SFC+Painter previous efficiency: 0.7867744428
Binary search iterations: 30
SFC+painterPartition efficiency: 0.8594417251
SFC+Painter ratio: 1.09236101
 Final SFC+Painter time: 0.007105297

Hilbert+Painter previous efficiency: 0.8522579889
Binary search iterations: 30
Hilbert+painterPartition efficiency: 0.9077699287
Hilbert+Painter ratio: 1.065135136
 Final Hilbert+Painter time: 0.00094421
Painter+Knapsack previous efficiency: 0.9077744467
Binary search iterations: 30
SFC+painterPartition efficiency: 0.9575871438
Painter+Knapsack ratio: 0.9947955713
 Final painter+Knapsack_Combined time: 0.009188292
Run 26
File weights 51 and ranks 51
Original previous efficiency: 0.9470951717
Original efficiency: 0.9470951717
Original ratio: 1
Knapsack previous efficiency: 0.9469995643
Knapsack ratio: 1.000261365
 Final Knapsack time: 0.006843068

Karmarkar-Karp previous efficiency: 0.9520178446
Karmarkar-Karp ratio: 1.02415894
 Final Karmarkar-Karp time: 0.010326047

SFC previous efficiency: 0.796410695
 Time take to run this function: 5.810000001e-07
SFC ratio: 1.011827126
 Final SFC time: 0.000617747

Hilbert SFC previous efficiency: 0.8123524546
DM: HilbertProcessorMapDoIt called...
  (nprocs, nteams, nworkers) = (48, 48, 1)
  Bucket 0 contains 1839715789
  Bucket 1 contains 1758460391
  Bucket 2 contains 1354803828
  Bucket 3 contains 1862369462
  Bucket 4 contains 1947576113
  Bucket 5 contains 2032203372
  Bucket 6 contains 2032210958
  Bucket 7 contains 1354828799
  Bucket 8 contains 1862374203
  Bucket 9 contains 1947595710
  Bucket 10 contains 2032258686
  Bucket 11 contains 1862772160
  Bucket 12 contains 2032206217
  Bucket 13 contains 1354730811
  Bucket 14 contains 2032295354
  Bucket 15 contains 1947064047
  Bucket 16 contains 1862948223
  Bucket 17 contains 2032238773
  Bucket 18 contains 1354834488
  Bucket 19 contains 2214132296
  Bucket 20 contains 1954426354
  Bucket 21 contains 1283703256
  Bucket 22 contains 2417194551
  Bucket 23 contains 1400251883
  Bucket 24 contains 2130535752
  Bucket 25 contains 1681404082
  Bucket 26 contains 2080318852
  Bucket 27 contains 1452127513
  Bucket 28 contains 2032209061
  Bucket 29 contains 2032253629
  Bucket 30 contains 1777731772
  Bucket 31 contains 1404297355
  Bucket 32 contains 1982697887
  Bucket 33 contains 1967042599
  Bucket 34 contains 1574826558
  Bucket 35 contains 1915349510
  Bucket 36 contains 2417840569
  Bucket 37 contains 1388383033
  Bucket 38 contains 1947532177
  Bucket 39 contains 2116082657
  Bucket 40 contains 1354760523
  Bucket 41 contains 2032177768
  Bucket 42 contains 1625195016
  Bucket 43 contains 2066602630
  Bucket 44 contains 2169452494
  Bucket 45 contains 1826856361
  Bucket 46 contains 1852884135
  Bucket 47 contains 1928600725
Hilbert SFC efficiency: 0.7628222017
Hilbert SFC ratio: 0.9390286167
 Final Hilbert SFC time: 0.013902927

SFC+Knapsack previous efficiency: 0.8768928601
SFC + Knapsack ratio: 1.034972892
 Final SFC+Knapsack_Combined time: 0.00048008

SFC+Painter previous efficiency: 0.7807906582
Binary search iterations: 30
SFC+painterPartition efficiency: 0.853596346
SFC+Painter ratio: 1.093246105
 Final SFC+Painter time: 0.007175813

Hilbert+Painter previous efficiency: 0.818914404
Binary search iterations: 30
Hilbert+painterPartition efficiency: 0.9075366249
Hilbert+Painter ratio: 1.10821915
 Final Hilbert+Painter time: 0.000920102
Painter+Knapsack previous efficiency: 0.9010417435
Binary search iterations: 30
SFC+painterPartition efficiency: 0.9581483986
Painter+Knapsack ratio: 1.007234511
 Final painter+Knapsack_Combined time: 0.009716075
Run 27
File weights 51 and ranks 51
Original previous efficiency: 0.9250342312
Original efficiency: 0.9250342312
Original ratio: 1
Knapsack previous efficiency: 0.9065096179
Knapsack ratio: 1.044276666
 Final Knapsack time: 0.006861364

Karmarkar-Karp previous efficiency: 0.9278829583
Karmarkar-Karp ratio: 1.057738763
 Final Karmarkar-Karp time: 0.012105444

SFC previous efficiency: 0.7957393814
 Time take to run this function: 6.109999999e-07
SFC ratio: 1
 Final SFC time: 0.000621705

Hilbert SFC previous efficiency: 0.7880493387
DM: HilbertProcessorMapDoIt called...
  (nprocs, nteams, nworkers) = (48, 48, 1)
  Bucket 0 contains 1878036825
  Bucket 1 contains 1795064697
  Bucket 2 contains 1383043914
  Bucket 3 contains 1901128516
  Bucket 4 contains 1988162285
  Bucket 5 contains 2074560063
  Bucket 6 contains 2074552642
  Bucket 7 contains 1383057790
  Bucket 8 contains 1901130129
  Bucket 9 contains 1988136471
  Bucket 10 contains 2095332831
  Bucket 11 contains 1901548638
  Bucket 12 contains 2074524569
  Bucket 13 contains 1382926461
  Bucket 14 contains 2074585555
  Bucket 15 contains 2075542015
  Bucket 16 contains 1901753213
  Bucket 17 contains 1383049077
  Bucket 18 contains 2074571357
  Bucket 19 contains 2286986898
  Bucket 20 contains 1333170168
  Bucket 21 contains 1941157054
  Bucket 22 contains 2367956335
  Bucket 23 contains 1434145811
  Bucket 24 contains 2156578301
  Bucket 25 contains 2038813296
  Bucket 26 contains 1733856752
  Bucket 27 contains 1484819088
  Bucket 28 contains 2125836149
  Bucket 29 contains 2074555546
  Bucket 30 contains 1814743644
  Bucket 31 contains 1446822856
  Bucket 32 contains 1923303999
  Bucket 33 contains 1970882890
  Bucket 34 contains 1713609299
  Bucket 35 contains 1955067574
  Bucket 36 contains 2466683776
  Bucket 37 contains 1417142518
  Bucket 38 contains 1988113238
  Bucket 39 contains 2160200741
  Bucket 40 contains 1383008420
  Bucket 41 contains 2074492302
  Bucket 42 contains 1658914369
  Bucket 43 contains 2111320199
  Bucket 44 contains 2214462525
  Bucket 45 contains 1869132069
  Bucket 46 contains 1862416588
  Bucket 47 contains 1992769530
Hilbert SFC efficiency: 0.7629311016
Hilbert SFC ratio: 0.9681260603
 Final Hilbert SFC time: 0.014547536

SFC+Knapsack previous efficiency: 0.8702209515
SFC + Knapsack ratio: 1.017290244
 Final SFC+Knapsack_Combined time: 0.00050581

SFC+Painter previous efficiency: 0.7599596392
Binary search iterations: 30
SFC+painterPartition efficiency: 0.8401218098
SFC+Painter ratio: 1.105482142
 Final SFC+Painter time: 0.007293411

Hilbert+Painter previous efficiency: 0.8852562656
Binary search iterations: 30
Hilbert+painterPartition efficiency: 0.9071094248
Hilbert+Painter ratio: 1.024685687
 Final Hilbert+Painter time: 0.001503683
Painter+Knapsack previous efficiency: 0.8767957238
Binary search iterations: 30
SFC+painterPartition efficiency: 0.960195258
Painter+Knapsack ratio: 1.009661954
 Final painter+Knapsack_Combined time: 0.009697118
Run 28
File weights 51 and ranks 51
Original previous efficiency: 0.8959908275
Original efficiency: 0.8959908275
Original ratio: 1
Knapsack previous efficiency: 0.8849082704
Knapsack ratio: 1.069342024
 Final Knapsack time: 0.007057475

Karmarkar-Karp previous efficiency: 0.9197512607
Karmarkar-Karp ratio: 1.069578547
 Final Karmarkar-Karp time: 0.010683911

SFC previous efficiency: 0.7860558924
 Time take to run this function: 5.710000002e-07
SFC ratio: 0.9600930736
 Final SFC time: 0.000658787

Hilbert SFC previous efficiency: 0.7553724445
DM: HilbertProcessorMapDoIt called...
  (nprocs, nteams, nworkers) = (48, 48, 1)
  Bucket 0 contains 1923681029
  Bucket 1 contains 1838686019
  Bucket 2 contains 1416652358
  Bucket 3 contains 1947316678
  Bucket 4 contains 2036475314
  Bucket 5 contains 2125000352
  Bucket 6 contains 2124971597
  Bucket 7 contains 1416682105
  Bucket 8 contains 1947304448
  Bucket 9 contains 2036477297
  Bucket 10 contains 2212919609
  Bucket 11 contains 1947775434
  Bucket 12 contains 1416520483
  Bucket 13 contains 2124985809
  Bucket 14 contains 2125073726
  Bucket 15 contains 2177036527
  Bucket 16 contains 1239617156
  Bucket 17 contains 2124987462
  Bucket 18 contains 2124968623
  Bucket 19 contains 1533009605
  Bucket 20 contains 2163242714
  Bucket 21 contains 1981004085
  Bucket 22 contains 1492958934
  Bucket 23 contains 2382083078
  Bucket 24 contains 2202202351
  Bucket 25 contains 1679800659
  Bucket 26 contains 2132386724
  Bucket 27 contains 1506531576
  Bucket 28 contains 2270468406
  Bucket 29 contains 2124979199
  Bucket 30 contains 1858793293
  Bucket 31 contains 1499663343
  Bucket 32 contains 1860720860
  Bucket 33 contains 1931234150
  Bucket 34 contains 1810473162
  Bucket 35 contains 2004532258
  Bucket 36 contains 2528226597
  Bucket 37 contains 1451408494
  Bucket 38 contains 2036372523
  Bucket 39 contains 2212641150
  Bucket 40 contains 1416594518
  Bucket 41 contains 2124904502
  Bucket 42 contains 1699208782
  Bucket 43 contains 2160202147
  Bucket 44 contains 2268052499
  Bucket 45 contains 1919041245
  Bucket 46 contains 1879027315
  Bucket 47 contains 2057615234
Hilbert SFC efficiency: 0.7621820728
Hilbert SFC ratio: 1.009014928
 Final Hilbert SFC time: 0.014439848

SFC+Knapsack previous efficiency: 0.8502869411
SFC + Knapsack ratio: 1.053585844
 Final SFC+Knapsack_Combined time: 0.000500059

SFC+Painter previous efficiency: 0.807721248
Binary search iterations: 30
SFC+painterPartition efficiency: 0.8399091069
SFC+Painter ratio: 1.039850207
 Final SFC+Painter time: 0.007334711

Hilbert+Painter previous efficiency: 0.8487098887
Binary search iterations: 30
Hilbert+painterPartition efficiency: 0.8958519358
Hilbert+Painter ratio: 1.055545538
 Final Hilbert+Painter time: 0.001037029
Painter+Knapsack previous efficiency: 0.8585384836
Binary search iterations: 30
SFC+painterPartition efficiency: 0.9638280589
Painter+Knapsack ratio: 1.045704157
 Final painter+Knapsack_Combined time: 0.00908376
Run 29
File weights 51 and ranks 51
Original previous efficiency: 0.8779796198
Original efficiency: 0.8779796198
Original ratio: 1
Knapsack previous efficiency: 0.8693174033
Knapsack ratio: 1.088150975
 Final Knapsack time: 0.007589775

Karmarkar-Karp previous efficiency: 0.9012863884
Karmarkar-Karp ratio: 1.096455961
 Final Karmarkar-Karp time: 0.010590368

SFC previous efficiency: 0.7758460306
 Time take to run this function: 6.620000002e-07
SFC ratio: 1
 Final SFC time: 0.000622687

Hilbert SFC previous efficiency: 0.7302236308
DM: HilbertProcessorMapDoIt called...
  (nprocs, nteams, nworkers) = (48, 48, 1)
  Bucket 0 contains 1959513528
  Bucket 1 contains 1872950834
  Bucket 2 contains 1443049890
  Bucket 3 contains 1983498948
  Bucket 4 contains 2074399488
  Bucket 5 contains 2164572480
  Bucket 6 contains 2164551943
  Bucket 7 contains 1443038780
  Bucket 8 contains 1983523862
  Bucket 9 contains 2074410598
  Bucket 10 contains 2314511652
  Bucket 11 contains 1983978706
  Bucket 12 contains 1442898388
  Bucket 13 contains 2164558339
  Bucket 14 contains 2164638804
  Bucket 15 contains 1625856054
  Bucket 16 contains 1893386222
  Bucket 17 contains 2164529048
  Bucket 18 contains 2164589649
  Bucket 19 contains 1565498117
  Bucket 20 contains 2138462171
  Bucket 21 contains 1996758685
  Bucket 22 contains 1486155770
  Bucket 23 contains 2443047591
  Bucket 24 contains 2244184165
  Bucket 25 contains 1732726380
  Bucket 26 contains 2179752038
  Bucket 27 contains 1498258814
  Bucket 28 contains 2408573268
  Bucket 29 contains 1443029690
  Bucket 30 contains 1983499284
  Bucket 31 contains 2172637866
  Bucket 32 contains 1831245768
  Bucket 33 contains 1873902638
  Bucket 34 contains 1878295205
  Bucket 35 contains 2050231445
  Bucket 36 contains 2575903185
  Bucket 37 contains 1478258497
  Bucket 38 contains 2074293437
  Bucket 39 contains 2253840720
  Bucket 40 contains 1442984912
  Bucket 41 contains 2164488648
  Bucket 42 contains 1730807224
  Bucket 43 contains 2199435449
  Bucket 44 contains 2310017236
  Bucket 45 contains 1958068595
  Bucket 46 contains 1880061554
  Bucket 47 contains 2106282835
Hilbert SFC efficiency: 0.7617324847
Hilbert SFC ratio: 1.043149595
 Final Hilbert SFC time: 0.014074851

SFC+Knapsack previous efficiency: 0.8358794183
SFC + Knapsack ratio: 1.046769731
 Final SFC+Knapsack_Combined time: 0.000475622

SFC+Painter previous efficiency: 0.7806665568
Binary search iterations: 30
SFC+painterPartition efficiency: 0.858215295
SFC+Painter ratio: 1.09933657
 Final SFC+Painter time: 0.007223887

Hilbert+Painter previous efficiency: 0.8146520429
Binary search iterations: 30
Hilbert+painterPartition efficiency: 0.8920001194
Hilbert+Painter ratio: 1.094946152
 Final Hilbert+Painter time: 0.000956232
Painter+Knapsack previous efficiency: 0.8419063583
Binary search iterations: 30
SFC+painterPartition efficiency: 0.9634988609
Painter+Knapsack ratio: 1.05793994
 Final painter+Knapsack_Combined time: 0.008887409
Run 30
File weights 51 and ranks 51
Original previous efficiency: 0.8694101243
Original efficiency: 0.8694101243
Original ratio: 1
Knapsack previous efficiency: 0.8604835126
Knapsack ratio: 1.09896825
 Final Knapsack time: 0.006786019

Karmarkar-Karp previous efficiency: 0.8944476325
Karmarkar-Karp ratio: 1.105262336
 Final Karmarkar-Karp time: 0.010336998

SFC previous efficiency: 0.7615083794
 Time take to run this function: 5.31e-07
SFC ratio: 1.059824627
 Final SFC time: 0.000587829

Hilbert SFC previous efficiency: 0.7183520973
DM: HilbertProcessorMapDoIt called...
  (nprocs, nteams, nworkers) = (48, 48, 1)
  Bucket 0 contains 1975674844
  Bucket 1 contains 1888395145
  Bucket 2 contains 1454998434
  Bucket 3 contains 1999781680
  Bucket 4 contains 2091502537
  Bucket 5 contains 2182381561
  Bucket 6 contains 2182451827
  Bucket 7 contains 1454925453
  Bucket 8 contains 1999771497
  Bucket 9 contains 2091529692
  Bucket 10 contains 2384498877
  Bucket 11 contains 2000369606
  Bucket 12 contains 1454777793
  Bucket 13 contains 2182393102
  Bucket 14 contains 2182485432
  Bucket 15 contains 1661954262
  Bucket 16 contains 1908888060
  Bucket 17 contains 2182436891
  Bucket 18 contains 2182407019
  Bucket 19 contains 1571921486
  Bucket 20 contains 2150944136
  Bucket 21 contains 2011364256
  Bucket 22 contains 1508433535
  Bucket 23 contains 2480873361
  Bucket 24 contains 2230260950
  Bucket 25 contains 1708371585
  Bucket 26 contains 2149083614
  Bucket 27 contains 1463396752
  Bucket 28 contains 2501101429
  Bucket 29 contains 1454956343
  Bucket 30 contains 1999788130
  Bucket 31 contains 2214840105
  Bucket 32 contains 1799761425
  Bucket 33 contains 1833742116
  Bucket 34 contains 2651517892
  Bucket 35 contains 1928274974
  Bucket 36 contains 2006014915
  Bucket 37 contains 1490300549
  Bucket 38 contains 2091373207
  Bucket 39 contains 2272416600
  Bucket 40 contains 1454835160
  Bucket 41 contains 2182354405
  Bucket 42 contains 1745014345
  Bucket 43 contains 2223480916
  Bucket 44 contains 2328741430
  Bucket 45 contains 1974799103
  Bucket 46 contains 1871789464
  Bucket 47 contains 2172034976
Hilbert SFC efficiency: 0.7459046002
Hilbert SFC ratio: 1.038355151
 Final Hilbert SFC time: 0.013851367

SFC+Knapsack previous efficiency: 0.8276939237
SFC + Knapsack ratio: 1.039473007
 Final SFC+Knapsack_Combined time: 0.000453668

SFC+Painter previous efficiency: 0.7669851151
Binary search iterations: 30
SFC+painterPartition efficiency: 0.857977775
SFC+Painter ratio: 1.1186368
 Final SFC+Painter time: 0.007181484

Hilbert+Painter previous efficiency: 0.7907633694
Binary search iterations: 30
Hilbert+painterPartition efficiency: 0.891816813
Hilbert+Painter ratio: 1.127792267
 Final Hilbert+Painter time: 0.000949159
Painter+Knapsack previous efficiency: 0.833937056
Binary search iterations: 30
SFC+painterPartition efficiency: 0.9632524965
Painter+Knapsack ratio: 1.069536721
 Final painter+Knapsack_Combined time: 0.01033741
Run 31
File weights 51 and ranks 51
Original previous efficiency: 0.8646884047
Original efficiency: 0.8646884047
Original ratio: 1
Knapsack previous efficiency: 0.8545188958
Knapsack ratio: 1.106497307
 Final Knapsack time: 0.006747023

Karmarkar-Karp previous efficiency: 0.9776938602
Karmarkar-Karp ratio: 1.011032101
 Final Karmarkar-Karp time: 0.010443314

SFC previous efficiency: 0.746999789
 Time take to run this function: 5.710000002e-07
SFC ratio: 1.070641777
 Final SFC time: 0.000574183

Hilbert SFC previous efficiency: 0.7164799404
DM: HilbertProcessorMapDoIt called...
  (nprocs, nteams, nworkers) = (48, 48, 1)
  Bucket 0 contains 1940580393
  Bucket 1 contains 1854841400
  Bucket 2 contains 1429093898
  Bucket 3 contains 1964157670
  Bucket 4 contains 2054352293
  Bucket 5 contains 2143623008
  Bucket 6 contains 2143653349
  Bucket 7 contains 1429128907
  Bucket 8 contains 1964174007
  Bucket 9 contains 2054409307
  Bucket 10 contains 2387537475
  Bucket 11 contains 1250355413
  Bucket 12 contains 2143437294
  Bucket 13 contains 2143614007
  Bucket 14 contains 2143767045
  Bucket 15 contains 1647771832
  Bucket 16 contains 1874894288
  Bucket 17 contains 2143654350
  Bucket 18 contains 2143636345
  Bucket 19 contains 1552861323
  Bucket 20 contains 2124149635
  Bucket 21 contains 1964334936
  Bucket 22 contains 1462394850
  Bucket 23 contains 2443523357
  Bucket 24 contains 2148136233
  Bucket 25 contains 1647104325
  Bucket 26 contains 2097715791
  Bucket 27 contains 1392368725
  Bucket 28 contains 2505796752
  Bucket 29 contains 1429088230
  Bucket 30 contains 1964146333
  Bucket 31 contains 2194451221
  Bucket 32 contains 1734172085
  Bucket 33 contains 1776586840
  Bucket 34 contains 2617662707
  Bucket 35 contains 1891551877
  Bucket 36 contains 1971649198
  Bucket 37 contains 1463656567
  Bucket 38 contains 2054140570
  Bucket 39 contains 2232061398
  Bucket 40 contains 1428992205
  Bucket 41 contains 2143582331
  Bucket 42 contains 1713930835
  Bucket 43 contains 2195248885
  Bucket 44 contains 2287072967
  Bucket 45 contains 1937939430
  Bucket 46 contains 2036726169
  Bucket 47 contains 1965119141
Hilbert SFC efficiency: 0.7420172882
Hilbert SFC ratio: 1.035642795
 Final Hilbert SFC time: 0.013433367

SFC+Knapsack previous efficiency: 0.8221724922
SFC + Knapsack ratio: 1.038006546
 Final SFC+Knapsack_Combined time: 0.000504568

SFC+Painter previous efficiency: 0.8534288056
Binary search iterations: 30
SFC+painterPartition efficiency: 0.8534288056
SFC+Painter ratio: 1
 Final SFC+Painter time: 0.008834677

Hilbert+Painter previous efficiency: 0.8851192338
Binary search iterations: 30
Hilbert+painterPartition efficiency: 0.8851192338
Hilbert+Painter ratio: 1
 Final Hilbert+Painter time: 0.000915554
Painter+Knapsack previous efficiency: 0.829233556
Binary search iterations: 30
SFC+painterPartition efficiency: 0.9631315509
Painter+Knapsack ratio: 1.073338167
 Final painter+Knapsack_Combined time: 0.009933808
Run 32
File weights 51 and ranks 51
Original previous efficiency: 0.8322236607
Original efficiency: 0.9453486552
Original ratio: 1.135931
Knapsack previous efficiency: 0.9453624647
Knapsack ratio: 0.9999853923
 Final Knapsack time: 0.006680664

Karmarkar-Karp previous efficiency: 0.9508405057
Karmarkar-Karp ratio: 1.039398705
 Final Karmarkar-Karp time: 0.01026078

SFC previous efficiency: 0.7135031583
 Time take to run this function: 6.309999998e-07
SFC ratio: 1.094750015
 Final SFC time: 0.000646312

Hilbert SFC previous efficiency: 0.6890020296
DM: HilbertProcessorMapDoIt called...
  (nprocs, nteams, nworkers) = (48, 48, 1)
  Bucket 0 contains 1923874333
  Bucket 1 contains 1838870119
  Bucket 2 contains 1416787772
  Bucket 3 contains 1947177180
  Bucket 4 contains 2036672352
  Bucket 5 contains 2125199673
  Bucket 6 contains 2125214878
  Bucket 7 contains 1416813555
  Bucket 8 contains 1947181809
  Bucket 9 contains 2036688878
  Bucket 10 contains 1781915815
  Bucket 11 contains 1948020412
  Bucket 12 contains 2124961677
  Bucket 13 contains 2125109102
  Bucket 14 contains 1416911397
  Bucket 15 contains 2415494003
  Bucket 16 contains 1858696135
  Bucket 17 contains 2125194054
  Bucket 18 contains 1416779178
  Bucket 19 contains 2233479741
  Bucket 20 contains 2084385101
  Bucket 21 contains 1923976145
  Bucket 22 contains 1414853398
  Bucket 23 contains 2398061882
  Bucket 24 contains 1314577693
  Bucket 25 contains 2045582415
  Bucket 26 contains 1953643933
  Bucket 27 contains 1859009988
  Bucket 28 contains 1888242611
  Bucket 29 contains 2172554493
  Bucket 30 contains 1947193709
  Bucket 31 contains 2193256190
  Bucket 32 contains 1563550551
  Bucket 33 contains 1628540948
  Bucket 34 contains 2616761494
  Bucket 35 contains 1873738716
  Bucket 36 contains 1954178488
  Bucket 37 contains 1450821182
  Bucket 38 contains 2036415514
  Bucket 39 contains 2212834072
  Bucket 40 contains 2125077371
  Bucket 41 contains 1416734223
  Bucket 42 contains 1699126662
  Bucket 43 contains 2185396514
  Bucket 44 contains 2267088778
  Bucket 45 contains 1919436711
  Bucket 46 contains 2011771518
  Bucket 47 contains 1993405379
Hilbert SFC efficiency: 0.7357317588
Hilbert SFC ratio: 1.067822339
 Final Hilbert SFC time: 0.013745924

SFC+Knapsack previous efficiency: 0.7969952825
SFC + Knapsack ratio: 1.114118111
 Final SFC+Knapsack_Combined time: 0.000466695

SFC+Painter previous efficiency: 0.8308190653
Binary search iterations: 30
SFC+painterPartition efficiency: 0.8412059102
SFC+Painter ratio: 1.012501934
 Final SFC+Painter time: 0.007200611

Hilbert+Painter previous efficiency: 0.8777973796
Binary search iterations: 30
Hilbert+painterPartition efficiency: 0.8777973796
Hilbert+Painter ratio: 1
 Final Hilbert+Painter time: 0.000869284
Painter+Knapsack previous efficiency: 0.799530561
Binary search iterations: 30
SFC+painterPartition efficiency: 0.9629603597
Painter+Knapsack ratio: 1.133009722
 Final painter+Knapsack_Combined time: 0.008644679
Run 33
File weights 51 and ranks 51
Original previous efficiency: 0.9449620604
Original efficiency: 0.9449620604
Original ratio: 1
Knapsack previous efficiency: 0.9449622131
Knapsack ratio: 0.999982471
 Final Knapsack time: 0.006603855

Karmarkar-Karp previous efficiency: 0.9341355431
Karmarkar-Karp ratio: 1.057533351
 Final Karmarkar-Karp time: 0.010305566

SFC previous efficiency: 0.7088154882
 Time take to run this function: 5.709999997e-07
SFC ratio: 1.10800215
 Final SFC time: 0.000570666

Hilbert SFC previous efficiency: 0.6854023183
DM: HilbertProcessorMapDoIt called...
  (nprocs, nteams, nworkers) = (48, 48, 1)
  Bucket 0 contains 1899878328
  Bucket 1 contains 1815935657
  Bucket 2 contains 1399128932
  Bucket 3 contains 1922833395
  Bucket 4 contains 2011272702
  Bucket 5 contains 2098687031
  Bucket 6 contains 2098703353
  Bucket 7 contains 1399104450
  Bucket 8 contains 1922842860
  Bucket 9 contains 2012128919
  Bucket 10 contains 1833858745
  Bucket 11 contains 1923719642
  Bucket 12 contains 2098423932
  Bucket 13 contains 2098600529
  Bucket 14 contains 1399266357
  Bucket 15 contains 2393889788
  Bucket 16 contains 1835444526
  Bucket 17 contains 1399143294
  Bucket 18 contains 2098688338
  Bucket 19 contains 2187101642
  Bucket 20 contains 2047645038
  Bucket 21 contains 1893651415
  Bucket 22 contains 1398926547
  Bucket 23 contains 2341815363
  Bucket 24 contains 1312771571
  Bucket 25 contains 1977203684
  Bucket 26 contains 1904545569
  Bucket 27 contains 1762362381
  Bucket 28 contains 1937904229
  Bucket 29 contains 2171026718
  Bucket 30 contains 1922858856
  Bucket 31 contains 2180113832
  Bucket 32 contains 1528025478
  Bucket 33 contains 1540542407
  Bucket 34 contains 2594399177
  Bucket 35 contains 1851561777
  Bucket 36 contains 1931019136
  Bucket 37 contains 2044504928
  Bucket 38 contains 1485616428
  Bucket 39 contains 2098555809
  Bucket 40 contains 2098545037
  Bucket 41 contains 1399044387
  Bucket 42 contains 1677963576
  Bucket 43 contains 2156670988
  Bucket 44 contains 2238597801
  Bucket 45 contains 1894428307
  Bucket 46 contains 1975144257
  Bucket 47 contains 2005441368
Hilbert SFC efficiency: 0.7325037213
Hilbert SFC ratio: 1.068720811
 Final Hilbert SFC time: 0.014580921

SFC+Knapsack previous efficiency: 0.8781958797
SFC + Knapsack ratio: 1.000003922
 Final SFC+Knapsack_Combined time: 0.000452317

SFC+Painter previous efficiency: 0.8004396666
Binary search iterations: 30
SFC+painterPartition efficiency: 0.8471920549
SFC+Painter ratio: 1.058408385
 Final SFC+Painter time: 0.007039258

Hilbert+Painter previous efficiency: 0.8717008368
Binary search iterations: 30
Hilbert+painterPartition efficiency: 0.8717008368
Hilbert+Painter ratio: 1
 Final Hilbert+Painter time: 0.000887138
Painter+Knapsack previous efficiency: 0.9035853133
Binary search iterations: 30
SFC+painterPartition efficiency: 0.9625719626
Painter+Knapsack ratio: 1.001227683
 Final painter+Knapsack_Combined time: 0.008688855
Run 34
File weights 51 and ranks 51
Original previous efficiency: 0.9414500319
Original efficiency: 0.9414500319
Original ratio: 1
Knapsack previous efficiency: 0.9431021045
Knapsack ratio: 1.0017103
 Final Knapsack time: 0.006692266

Karmarkar-Karp previous efficiency: 0.926991399
Karmarkar-Karp ratio: 1.065422636
 Final Karmarkar-Karp time: 0.010541815

SFC previous efficiency: 0.762550977
 Time take to run this function: 5.510000003e-07
SFC ratio: 1.02554582
 Final SFC time: 0.000560957

Hilbert SFC previous efficiency: 0.6896945975
DM: HilbertProcessorMapDoIt called...
  (nprocs, nteams, nworkers) = (48, 48, 1)
  Bucket 0 contains 1875391165
  Bucket 1 contains 1792536886
  Bucket 2 contains 1381111995
  Bucket 3 contains 1898019187
  Bucket 4 contains 1985332799
  Bucket 5 contains 2071639154
  Bucket 6 contains 2071623687
  Bucket 7 contains 1381108773
  Bucket 8 contains 1897984065
  Bucket 9 contains 1992561142
  Bucket 10 contains 1852193226
  Bucket 11 contains 1898895945
  Bucket 12 contains 2071379767
  Bucket 13 contains 2071573421
  Bucket 14 contains 1381250227
  Bucket 15 contains 2365950615
  Bucket 16 contains 1811756331
  Bucket 17 contains 1381116506
  Bucket 18 contains 2071624654
  Bucket 19 contains 2187393874
  Bucket 20 contains 1364211598
  Bucket 21 contains 1851186773
  Bucket 22 contains 2004705206
  Bucket 23 contains 2271595549
  Bucket 24 contains 1296906187
  Bucket 25 contains 1940581492
  Bucket 26 contains 1875472755
  Bucket 27 contains 1698774843
  Bucket 28 contains 1930442223
  Bucket 29 contains 2203745477
  Bucket 30 contains 1898034653
  Bucket 31 contains 2162224368
  Bucket 32 contains 1503776222
  Bucket 33 contains 1506508748
  Bucket 34 contains 2538993276
  Bucket 35 contains 1830710175
  Bucket 36 contains 1906016266
  Bucket 37 contains 2017909857
  Bucket 38 contains 1466490252
  Bucket 39 contains 2071485133
  Bucket 40 contains 2071423911
  Bucket 41 contains 1381015007
  Bucket 42 contains 1656365367
  Bucket 43 contains 2122181986
  Bucket 44 contains 2209514969
  Bucket 45 contains 1867180116
  Bucket 46 contains 1934387150
  Bucket 47 contains 1997561931
Hilbert SFC efficiency: 0.7386445066
Hilbert SFC ratio: 1.070973311
 Final Hilbert SFC time: 0.013416215

SFC+Knapsack previous efficiency: 0.855036789
SFC + Knapsack ratio: 1.000012193
 Final SFC+Knapsack_Combined time: 0.000479108

SFC+Painter previous efficiency: 0.782904805
Binary search iterations: 30
SFC+painterPartition efficiency: 0.8571144748
SFC+Painter ratio: 1.094787603
 Final SFC+Painter time: 0.006968021

Hilbert+Painter previous efficiency: 0.8510118138
Binary search iterations: 30
Hilbert+painterPartition efficiency: 0.8649696558
Hilbert+Painter ratio: 1.016401467
 Final Hilbert+Painter time: 0.000938408
Painter+Knapsack previous efficiency: 0.8834590842
Binary search iterations: 30
SFC+painterPartition efficiency: 0.9623360118
Painter+Knapsack ratio: 1.022169107
 Final painter+Knapsack_Combined time: 0.008700928
Run 35
File weights 51 and ranks 51
Original previous efficiency: 0.9151547629
Original efficiency: 0.9151547629
Original ratio: 1
Knapsack previous efficiency: 0.9179994709
Knapsack ratio: 1.028752962
 Final Knapsack time: 0.006668501

Karmarkar-Karp previous efficiency: 0.9139174573
Karmarkar-Karp ratio: 1.080309308
 Final Karmarkar-Karp time: 0.010301299

SFC previous efficiency: 0.7368421938
 Time take to run this function: 5.409999999e-07
SFC ratio: 1.086694636
 Final SFC time: 0.000594101

Hilbert SFC previous efficiency: 0.6963023079
DM: HilbertProcessorMapDoIt called...
  (nprocs, nteams, nworkers) = (48, 48, 1)
  Bucket 0 contains 1855180416
  Bucket 1 contains 1802069627
  Bucket 2 contains 1377064544
  Bucket 3 contains 1892434749
  Bucket 4 contains 1979577545
  Bucket 5 contains 2136737530
  Bucket 6 contains 1405762178
  Bucket 7 contains 2065609346
  Bucket 8 contains 1892462379
  Bucket 9 contains 2000888564
  Bucket 10 contains 1863439017
  Bucket 11 contains 1893375465
  Bucket 12 contains 2065391195
  Bucket 13 contains 1377061332
  Bucket 14 contains 2065686776
  Bucket 15 contains 1612503239
  Bucket 16 contains 1892409688
  Bucket 17 contains 1979577224
  Bucket 18 contains 2065635691
  Bucket 19 contains 1377104383
  Bucket 20 contains 2146809804
  Bucket 21 contains 1826446982
  Bucket 22 contains 1976489641
  Bucket 23 contains 2216240650
  Bucket 24 contains 1279086481
  Bucket 25 contains 1923477477
  Bucket 26 contains 1876548161
  Bucket 27 contains 1677967366
  Bucket 28 contains 1913415860
  Bucket 29 contains 2295786713
  Bucket 30 contains 1892454667
  Bucket 31 contains 2166283083
  Bucket 32 contains 1499002552
  Bucket 33 contains 1489768023
  Bucket 34 contains 2478349949
  Bucket 35 contains 1829165787
  Bucket 36 contains 1899912546
  Bucket 37 contains 2011830873
  Bucket 38 contains 1462214639
  Bucket 39 contains 2065411757
  Bucket 40 contains 2065368064
  Bucket 41 contains 1376969124
  Bucket 42 contains 1651593299
  Bucket 43 contains 2116283227
  Bucket 44 contains 2202913939
  Bucket 45 contains 2045093017
  Bucket 46 contains 1725501814
  Bucket 47 contains 2019821071
Hilbert SFC efficiency: 0.7542835901
Hilbert SFC ratio: 1.083270271
 Final Hilbert SFC time: 0.01349665

SFC+Knapsack previous efficiency: 0.8264280832
SFC + Knapsack ratio: 1.080236659
 Final SFC+Knapsack_Combined time: 0.000483136

SFC+Painter previous efficiency: 0.7654639073
Binary search iterations: 30
SFC+painterPartition efficiency: 0.8593356566
SFC+Painter ratio: 1.122633802
 Final SFC+Painter time: 0.006981006

Hilbert+Painter previous efficiency: 0.8142649691
Binary search iterations: 30
Hilbert+painterPartition efficiency: 0.8848176057
Hilbert+Painter ratio: 1.086645796
 Final Hilbert+Painter time: 0.000895495
Painter+Knapsack previous efficiency: 0.8602311762
Binary search iterations: 30
SFC+painterPartition efficiency: 0.9620531994
Painter+Knapsack ratio: 1.037788372
 Final painter+Knapsack_Combined time: 0.008644479
Run 36
File weights 51 and ranks 51
Original previous efficiency: 0.8954933136
Original efficiency: 0.8954933136
Original ratio: 1
Knapsack previous efficiency: 0.8983190736
Knapsack ratio: 1.051002087
 Final Knapsack time: 0.006575751

Karmarkar-Karp previous efficiency: 0.9067855297
Karmarkar-Karp ratio: 1.088503808
 Final Karmarkar-Karp time: 0.010565691

SFC previous efficiency: 0.7326581554
 Time take to run this function: 5.91e-07
SFC ratio: 1.07232706
 Final SFC time: 0.000627435

Hilbert SFC previous efficiency: 0.7146985406
DM: HilbertProcessorMapDoIt called...
  (nprocs, nteams, nworkers) = (48, 48, 1)
  Bucket 0 contains 1879343313
  Bucket 1 contains 1834344679
  Bucket 2 contains 1395014848
  Bucket 3 contains 1917048701
  Bucket 4 contains 2005355135
  Bucket 5 contains 2255410450
  Bucket 6 contains 1481894813
  Bucket 7 contains 2092500302
  Bucket 8 contains 1917046422
  Bucket 9 contains 2042615629
  Bucket 10 contains 1856819041
  Bucket 11 contains 1917993533
  Bucket 12 contains 1394781813
  Bucket 13 contains 2092487934
  Bucket 14 contains 2092599569
  Bucket 15 contains 1592471417
  Bucket 16 contains 1917006714
  Bucket 17 contains 2005326494
  Bucket 18 contains 2092536755
  Bucket 19 contains 1395022008
  Bucket 20 contains 2187707410
  Bucket 21 contains 1848051761
  Bucket 22 contains 1993140284
  Bucket 23 contains 2214699080
  Bucket 24 contains 1314124189
  Bucket 25 contains 2233035211
  Bucket 26 contains 1999868998
  Bucket 27 contains 1188855928
  Bucket 28 contains 1879368406
  Bucket 29 contains 2393119326
  Bucket 30 contains 1917080270
  Bucket 31 contains 2200662643
  Bucket 32 contains 1515088485
  Bucket 33 contains 2282766318
  Bucket 34 contains 1696510029
  Bucket 35 contains 1863803521
  Bucket 36 contains 1937122492
  Bucket 37 contains 2037865813
  Bucket 38 contains 1481269427
  Bucket 39 contains 2092250343
  Bucket 40 contains 2092166373
  Bucket 41 contains 1394878476
  Bucket 42 contains 1673198632
  Bucket 43 contains 2150937515
  Bucket 44 contains 2231441558
  Bucket 45 contains 2057606764
  Bucket 46 contains 1745523313
  Bucket 47 contains 2074020585
Hilbert SFC efficiency: 0.7911029701
Hilbert SFC ratio: 1.106904415
 Final Hilbert SFC time: 0.01478688

SFC+Knapsack previous efficiency: 0.8194877604
SFC + Knapsack ratio: 1.077083683
 Final SFC+Knapsack_Combined time: 0.000550757

SFC+Painter previous efficiency: 0.8273045247
Binary search iterations: 30
SFC+painterPartition efficiency: 0.8606404102
SFC+Painter ratio: 1.040294577
 Final SFC+Painter time: 0.007389406

Hilbert+Painter previous efficiency: 0.7911029701
Binary search iterations: 30
Hilbert+painterPartition efficiency: 0.8720878629
Hilbert+Painter ratio: 1.102369598
 Final Hilbert+Painter time: 0.000906356
Painter+Knapsack previous efficiency: 0.8419613844
Binary search iterations: 30
SFC+painterPartition efficiency: 0.9618035107
Painter+Knapsack ratio: 1.048334177
 Final painter+Knapsack_Combined time: 0.009271845
Run 37
File weights 51 and ranks 51
Original previous efficiency: 0.8783168459
Original efficiency: 0.8783168459
Original ratio: 1
Knapsack previous efficiency: 0.8811025589
Knapsack ratio: 1.071316158
 Final Knapsack time: 0.006858799

Karmarkar-Karp previous efficiency: 0.9029248124
Karmarkar-Karp ratio: 1.092943655
 Final Karmarkar-Karp time: 0.010221584

SFC previous efficiency: 0.7373185327
 Time take to run this function: 6.110000004e-07
SFC ratio: 1.001913354
 Final SFC time: 0.00058283

Hilbert SFC previous efficiency: 0.7776877522
DM: HilbertProcessorMapDoIt called...
  (nprocs, nteams, nworkers) = (48, 48, 1)
  Bucket 0 contains 1858158210
  Bucket 1 contains 1840592687
  Bucket 2 contains 1379270087
  Bucket 3 contains 1895407030
  Bucket 4 contains 1982744408
  Bucket 5 contains 1472402470
  Bucket 6 contains 2346635202
  Bucket 7 contains 2068962572
  Bucket 8 contains 1895413465
  Bucket 9 contains 1293142993
  Bucket 10 contains 1664027757
  Bucket 11 contains 2183475631
  Bucket 12 contains 1982491797
  Bucket 13 contains 2068899499
  Bucket 14 contains 2069068443
  Bucket 15 contains 1540450973
  Bucket 16 contains 1895307594
  Bucket 17 contains 1982792034
  Bucket 18 contains 2068950022
  Bucket 19 contains 1379283603
  Bucket 20 contains 2166493031
  Bucket 21 contains 1816751292
  Bucket 22 contains 1944796573
  Bucket 23 contains 1712269555
  Bucket 24 contains 1709059561
  Bucket 25 contains 2211373586
  Bucket 26 contains 1981847500
  Bucket 27 contains 1168509045
  Bucket 28 contains 1794272532
  Bucket 29 contains 2406310505
  Bucket 30 contains 1895416362
  Bucket 31 contains 2177089538
  Bucket 32 contains 1488078141
  Bucket 33 contains 2250601483
  Bucket 34 contains 1666969963
  Bucket 35 contains 1854573037
  Bucket 36 contains 1911673561
  Bucket 37 contains 2014687161
  Bucket 38 contains 1464563294
  Bucket 39 contains 2068595399
  Bucket 40 contains 2068491137
  Bucket 41 contains 1379133322
  Bucket 42 contains 1654444159
  Bucket 43 contains 2132554981
  Bucket 44 contains 2206120059
  Bucket 45 contains 2026420627
  Bucket 46 contains 1723910134
  Bucket 47 contains 2062711958
Hilbert SFC efficiency: 0.7776877522
Hilbert SFC ratio: 1
 Final Hilbert SFC time: 0.014739247

SFC+Knapsack previous efficiency: 0.8164785301
SFC + Knapsack ratio: 1.082596464
 Final SFC+Knapsack_Combined time: 0.000460643

SFC+Painter previous efficiency: 0.7974644743
Binary search iterations: 30
SFC+painterPartition efficiency: 0.8589532886
SFC+Painter ratio: 1.077105396
 Final SFC+Painter time: 0.007062102

Hilbert+Painter previous efficiency: 0.8589517664
Binary search iterations: 30
Hilbert+painterPartition efficiency: 0.8637730106
Hilbert+Painter ratio: 1.005612939
 Final Hilbert+Painter time: 0.001050856
Painter+Knapsack previous efficiency: 0.8353160739
Binary search iterations: 30
SFC+painterPartition efficiency: 0.9615617826
Painter+Knapsack ratio: 1.058182402
 Final painter+Knapsack_Combined time: 0.009331169
Run 38
File weights 51 and ranks 51
Original previous efficiency: 0.8713224359
Original efficiency: 0.8713224359
Original ratio: 1
Knapsack previous efficiency: 0.8741419058
Knapsack ratio: 1.079169967
 Final Knapsack time: 0.007052584

Karmarkar-Karp previous efficiency: 0.8993562339
Karmarkar-Karp ratio: 1.096708061
 Final Karmarkar-Karp time: 0.010906401

SFC previous efficiency: 0.7466924736
 Time take to run this function: 6.109999999e-07
SFC ratio: 0.9916488769
 Final SFC time: 0.00065554

Hilbert SFC previous efficiency: 0.7670798008
DM: HilbertProcessorMapDoIt called...
  (nprocs, nteams, nworkers) = (48, 48, 1)
  Bucket 0 contains 1830738381
  Bucket 1 contains 1098874727
  Bucket 2 contains 2115123873
  Bucket 3 contains 1867442606
  Bucket 4 contains 1953491830
  Bucket 5 contains 1493546209
  Bucket 6 contains 2347635038
  Bucket 7 contains 1359116686
  Bucket 8 contains 1952294965
  Bucket 9 contains 1868782460
  Bucket 10 contains 1659216573
  Bucket 11 contains 2123507047
  Bucket 12 contains 1953260700
  Bucket 13 contains 2038373039
  Bucket 14 contains 1358988916
  Bucket 15 contains 2185558119
  Bucket 16 contains 1867226695
  Bucket 17 contains 1953495317
  Bucket 18 contains 1358938505
  Bucket 19 contains 2038399037
  Bucket 20 contains 2117543653
  Bucket 21 contains 1780926843
  Bucket 22 contains 1902718751
  Bucket 23 contains 1662441923
  Bucket 24 contains 1664848916
  Bucket 25 contains 2166526240
  Bucket 26 contains 1940106240
  Bucket 27 contains 1149260013
  Bucket 28 contains 2622762163
  Bucket 29 contains 1492015175
  Bucket 30 contains 1867421998
  Bucket 31 contains 2137487684
  Bucket 32 contains 1461449863
  Bucket 33 contains 2211545441
  Bucket 34 contains 1638499574
  Bucket 35 contains 1842043413
  Bucket 36 contains 1879758667
  Bucket 37 contains 1984746041
  Bucket 38 contains 1442925211
  Bucket 39 contains 2038017626
  Bucket 40 contains 2037954850
  Bucket 41 contains 1358743836
  Bucket 42 contains 1630091931
  Bucket 43 contains 2105447679
  Bucket 44 contains 2173355971
  Bucket 45 contains 1987583366
  Bucket 46 contains 1697426645
  Bucket 47 contains 2025320409
Hilbert SFC efficiency: 0.7025273305
Hilbert SFC ratio: 0.9158464736
 Final Hilbert SFC time: 0.014547577

SFC+Knapsack previous efficiency: 0.8137328303
SFC + Knapsack ratio: 1.070474119
 Final SFC+Knapsack_Combined time: 0.000496913

SFC+Painter previous efficiency: 0.784858835
Binary search iterations: 30
SFC+painterPartition efficiency: 0.848527067
SFC+Painter ratio: 1.081120616
 Final SFC+Painter time: 0.010542856

Hilbert+Painter previous efficiency: 0.8485284295
Binary search iterations: 30
Hilbert+painterPartition efficiency: 0.8701412593
Hilbert+Painter ratio: 1.025470955
 Final Hilbert+Painter time: 0.000889052
Painter+Knapsack previous efficiency: 0.8374901851
Binary search iterations: 30
SFC+painterPartition efficiency: 0.9609663801
Painter+Knapsack ratio: 1.040107634
 Final painter+Knapsack_Combined time: 0.008859646
Run 39
File weights 51 and ranks 51
Original previous efficiency: 0.8418989174
Original efficiency: 0.9429166582
Original ratio: 1.119987969
Knapsack previous efficiency: 0.8445865196
Knapsack ratio: 1.116423634
 Final Knapsack time: 0.006917212

Karmarkar-Karp previous efficiency: 0.8799788357
Karmarkar-Karp ratio: 1.120206444
 Final Karmarkar-Karp time: 0.010351226

SFC previous efficiency: 0.7426251683
 Time take to run this function: 5.909999996e-07
SFC ratio: 1.024901342
 Final SFC time: 0.000654047

Hilbert SFC previous efficiency: 0.7460830374
DM: HilbertProcessorMapDoIt called...
  (nprocs, nteams, nworkers) = (48, 48, 1)
  Bucket 0 contains 1802558835
  Bucket 1 contains 1081960351
  Bucket 2 contains 2105744253
  Bucket 3 contains 1838643734
  Bucket 4 contains 1923434628
  Bucket 5 contains 1530714780
  Bucket 6 contains 1772809665
  Bucket 7 contains 2018971030
  Bucket 8 contains 1922211234
  Bucket 9 contains 1840941304
  Bucket 10 contains 1644087059
  Bucket 11 contains 2046136101
  Bucket 12 contains 1923178648
  Bucket 13 contains 1338184348
  Bucket 14 contains 2006863210
  Bucket 15 contains 2082476675
  Bucket 16 contains 1838459867
  Bucket 17 contains 1254432045
  Bucket 18 contains 2007007121
  Bucket 19 contains 2007038338
  Bucket 20 contains 2063720003
  Bucket 21 contains 1750271784
  Bucket 22 contains 1887714853
  Bucket 23 contains 1608005846
  Bucket 24 contains 1622864767
  Bucket 25 contains 2113868472
  Bucket 26 contains 1861355856
  Bucket 27 contains 1139661193
  Bucket 28 contains 2498712690
  Bucket 29 contains 1489870792
  Bucket 30 contains 1838615327
  Bucket 31 contains 2098675532
  Bucket 32 contains 1438349867
  Bucket 33 contains 2170665588
  Bucket 34 contains 1612001307
  Bucket 35 contains 1844547802
  Bucket 36 contains 1853037836
  Bucket 37 contains 1954023579
  Bucket 38 contains 1420691616
  Bucket 39 contains 2006587565
  Bucket 40 contains 2006542300
  Bucket 41 contains 1337782274
  Bucket 42 contains 1605115361
  Bucket 43 contains 2076297756
  Bucket 44 contains 2139717851
  Bucket 45 contains 1944500261
  Bucket 46 contains 1671109570
  Bucket 47 contains 2000954150
Hilbert SFC efficiency: 0.7257163139
Hilbert SFC ratio: 0.9727018007
 Final Hilbert SFC time: 0.013090673

SFC+Knapsack previous efficiency: 0.8060037514
SFC + Knapsack ratio: 1.080295167
 Final SFC+Knapsack_Combined time: 0.000481964

SFC+Painter previous efficiency: 0.7426251683
Binary search iterations: 30
SFC+painterPartition efficiency: 0.8399499351
SFC+Painter ratio: 1.131055034
 Final SFC+Painter time: 0.007046262

Hilbert+Painter previous efficiency: 0.839964267
Binary search iterations: 30
Hilbert+painterPartition efficiency: 0.8786834262
Hilbert+Painter ratio: 1.046096198
 Final Hilbert+Painter time: 0.001870224
Painter+Knapsack previous efficiency: 0.8060037514
Binary search iterations: 30
SFC+painterPartition efficiency: 0.9605391892
Painter+Knapsack ratio: 1.080295167
 Final painter+Knapsack_Combined time: 0.008888602
Run 40
File weights 51 and ranks 51
Original previous efficiency: 0.942662288
Original efficiency: 0.942662288
Original ratio: 1
Knapsack previous efficiency: 0.942663359
Knapsack ratio: 1.000000488
 Final Knapsack time: 0.009002031

Karmarkar-Karp previous efficiency: 0.9701267136
Karmarkar-Karp ratio: 1.01598949
 Final Karmarkar-Karp time: 0.010518821

SFC previous efficiency: 0.7247658499
 Time take to run this function: 5.710000002e-07
SFC ratio: 1.037293533
 Final SFC time: 0.000729653

Hilbert SFC previous efficiency: 0.7118449094
DM: HilbertProcessorMapDoIt called...
  (nprocs, nteams, nworkers) = (48, 48, 1)
  Bucket 0 contains 1777897140
  Bucket 1 contains 1067157525
  Bucket 2 contains 2137755964
  Bucket 3 contains 1813476346
  Bucket 4 contains 1897133037
  Bucket 5 contains 1603910871
  Bucket 6 contains 1807163237
  Bucket 7 contains 2005383151
  Bucket 8 contains 1895843248
  Bucket 9 contains 1817148657
  Bucket 10 contains 1608889288
  Bucket 11 contains 1959959189
  Bucket 12 contains 1237119603
  Bucket 13 contains 1979648039
  Bucket 14 contains 1979438667
  Bucket 15 contains 1319705113
  Bucket 16 contains 1951592652
  Bucket 17 contains 1814663297
  Bucket 18 contains 1979579377
  Bucket 19 contains 1979555669
  Bucket 20 contains 1412707871
  Bucket 21 contains 1732045301
  Bucket 22 contains 1755528748
  Bucket 23 contains 2199387159
  Bucket 24 contains 1547879997
  Bucket 25 contains 2116383468
  Bucket 26 contains 1833182386
  Bucket 27 contains 1131307020
  Bucket 28 contains 2369406152
  Bucket 29 contains 1488896474
  Bucket 30 contains 1813472036
  Bucket 31 contains 2077401367
  Bucket 32 contains 1418395225
  Bucket 33 contains 2125216473
  Bucket 34 contains 1585345800
  Bucket 35 contains 1864791698
  Bucket 36 contains 1835238895
  Bucket 37 contains 1927049778
  Bucket 38 contains 1401256289
  Bucket 39 contains 1979046712
  Bucket 40 contains 1978984516
  Bucket 41 contains 1319497897
  Bucket 42 contains 1583351434
  Bucket 43 contains 2051638351
  Bucket 44 contains 2110252124
  Bucket 45 contains 1902064138
  Bucket 46 contains 1648896587
  Bucket 47 contains 1983244300
Hilbert SFC efficiency: 0.754627274
Hilbert SFC ratio: 1.060100682
 Final Hilbert SFC time: 0.01453426

SFC+Knapsack previous efficiency: 0.7934428988
SFC + Knapsack ratio: 1.107072259
 Final SFC+Knapsack_Combined time: 0.000512063

SFC+Painter previous efficiency: 0.8321133477
Binary search iterations: 30
SFC+painterPartition efficiency: 0.838349645
SFC+Painter ratio: 1.007494529
 Final SFC+Painter time: 0.008423761

Hilbert+Painter previous efficiency: 0.8321133477
Binary search iterations: 30
Hilbert+painterPartition efficiency: 0.8755905665
Hilbert+Painter ratio: 1.052249154
 Final Hilbert+Painter time: 0.000991641
Painter+Knapsack previous efficiency: 0.7934428988
Binary search iterations: 30
SFC+painterPartition efficiency: 0.9602767584
Painter+Knapsack ratio: 1.107072259
 Final painter+Knapsack_Combined time: 0.009200306
Run 41
File weights 51 and ranks 51
Original previous efficiency: 0.9410546196
Original efficiency: 0.9410546196
Original ratio: 1
Knapsack previous efficiency: 0.9410546196
Knapsack ratio: 1.001285662
 Final Knapsack time: 0.006791869

Karmarkar-Karp previous efficiency: 0.9459354338
Karmarkar-Karp ratio: 1.041371048
 Final Karmarkar-Karp time: 0.010625477

SFC previous efficiency: 0.7203410087
 Time take to run this function: 6.410000002e-07
SFC ratio: 1.036977981
 Final SFC time: 0.000628748

Hilbert SFC previous efficiency: 0.6925021537
DM: HilbertProcessorMapDoIt called...
  (nprocs, nteams, nworkers) = (48, 48, 1)
  Bucket 0 contains 1755136296
  Bucket 1 contains 1053495650
  Bucket 2 contains 2157777010
  Bucket 3 contains 1790188367
  Bucket 4 contains 1872859187
  Bucket 5 contains 1644335798
  Bucket 6 contains 1797922301
  Bucket 7 contains 2005008758
  Bucket 8 contains 1302841771
  Bucket 9 contains 1708768331
  Bucket 10 contains 2212175004
  Bucket 11 contains 1353331485
  Bucket 12 contains 1790945828
  Bucket 13 contains 1954330288
  Bucket 14 contains 1954096849
  Bucket 15 contains 1302805601
  Bucket 16 contains 1920323310
  Bucket 17 contains 1791422737
  Bucket 18 contains 1954236366
  Bucket 19 contains 1954209921
  Bucket 20 contains 1375850202
  Bucket 21 contains 1705677844
  Bucket 22 contains 1725242958
  Bucket 23 contains 2143075819
  Bucket 24 contains 1506090568
  Bucket 25 contains 2063095272
  Bucket 26 contains 1795549460
  Bucket 27 contains 1118666844
  Bucket 28 contains 2269351470
  Bucket 29 contains 1491284258
  Bucket 30 contains 1790207212
  Bucket 31 contains 2066941597
  Bucket 32 contains 1400261759
  Bucket 33 contains 2091580615
  Bucket 34 contains 1553542583
  Bucket 35 contains 1869431210
  Bucket 36 contains 1822269443
  Bucket 37 contains 1902222106
  Bucket 38 contains 1383272630
  Bucket 39 contains 1953588025
  Bucket 40 contains 1953595319
  Bucket 41 contains 1302556356
  Bucket 42 contains 1563308920
  Bucket 43 contains 2031084190
  Bucket 44 contains 2083048991
  Bucket 45 contains 1864439361
  Bucket 46 contains 1630030508
  Bucket 47 contains 1957080495
Hilbert SFC efficiency: 0.7774665838
Hilbert SFC ratio: 1.122691936
 Final Hilbert SFC time: 0.013576144

SFC+Knapsack previous efficiency: 0.8799397448
SFC + Knapsack ratio: 0.9762219644
 Final SFC+Knapsack_Combined time: 0.000475171

SFC+Painter previous efficiency: 0.8234148801
Binary search iterations: 30
SFC+painterPartition efficiency: 0.8465352699
SFC+Painter ratio: 1.028078664
 Final SFC+Painter time: 0.007054799

Hilbert+Painter previous efficiency: 0.8234149969
Binary search iterations: 30
Hilbert+painterPartition efficiency: 0.854696065
Hilbert+Painter ratio: 1.037989432
 Final Hilbert+Painter time: 0.000939721
Painter+Knapsack previous efficiency: 0.8799397448
Binary search iterations: 30
SFC+painterPartition efficiency: 0.9580393007
Painter+Knapsack ratio: 0.9762219644
 Final painter+Knapsack_Combined time: 0.008745174
Run 42
File weights 51 and ranks 51
Original previous efficiency: 0.9293106634
Original efficiency: 0.9293106634
Original ratio: 1
Knapsack previous efficiency: 0.9395305857
Knapsack ratio: 1.002461116
 Final Knapsack time: 0.006702255

Karmarkar-Karp previous efficiency: 0.9392071232
Karmarkar-Karp ratio: 1.048495803
 Final Karmarkar-Karp time: 0.01043089

SFC previous efficiency: 0.712407255
 Time take to run this function: 5.919999997e-07
SFC ratio: 1.075591341
 Final SFC time: 0.000577239

Hilbert SFC previous efficiency: 0.7974214594
DM: HilbertProcessorMapDoIt called...
  (nprocs, nteams, nworkers) = (48, 48, 1)
  Bucket 0 contains 1733251674
  Bucket 1 contains 1040359722
  Bucket 2 contains 2143098220
  Bucket 3 contains 1767888524
  Bucket 4 contains 1851628796
  Bucket 5 contains 1664855009
  Bucket 6 contains 1783487057
  Bucket 7 contains 1383130459
  Bucket 8 contains 1931854710
  Bucket 9 contains 1687333626
  Bucket 10 contains 2164833022
  Bucket 11 contains 1333638904
  Bucket 12 contains 1768610126
  Bucket 13 contains 1929950750
  Bucket 14 contains 1929760145
  Bucket 15 contains 1286534578
  Bucket 16 contains 1895953273
  Bucket 17 contains 1769098197
  Bucket 18 contains 1929868505
  Bucket 19 contains 1286562794
  Bucket 20 contains 2003792513
  Bucket 21 contains 1685001475
  Bucket 22 contains 1697018365
  Bucket 23 contains 2086396651
  Bucket 24 contains 1491739879
  Bucket 25 contains 1998809987
  Bucket 26 contains 1764290618
  Bucket 27 contains 1103512481
  Bucket 28 contains 2183839603
  Bucket 29 contains 1491681694
  Bucket 30 contains 1767785567
  Bucket 31 contains 2047485138
  Bucket 32 contains 1377456900
  Bucket 33 contains 2062340058
  Bucket 34 contains 1524467748
  Bucket 35 contains 1868601497
  Bucket 36 contains 1801549209
  Bucket 37 contains 1878354528
  Bucket 38 contains 1365934334
  Bucket 39 contains 1929101578
  Bucket 40 contains 1929116587
  Bucket 41 contains 1286284239
  Bucket 42 contains 1544014528
  Bucket 43 contains 2013022765
  Bucket 44 contains 2056966915
  Bucket 45 contains 1833652783
  Bucket 46 contains 1610414445
  Bucket 47 contains 1904816859
Hilbert SFC efficiency: 0.7974214594
Hilbert SFC ratio: 1
 Final Hilbert SFC time: 0.014318502

SFC+Knapsack previous efficiency: 0.8593329144
SFC + Knapsack ratio: 0.999270742
 Final SFC+Knapsack_Combined time: 0.000466864

SFC+Painter previous efficiency: 0.8156777018
Binary search iterations: 30
SFC+painterPartition efficiency: 0.8448910776
SFC+Painter ratio: 1.035814852
 Final SFC+Painter time: 0.006970876

Hilbert+Painter previous efficiency: 0.8156817157
Binary search iterations: 30
Hilbert+painterPartition efficiency: 0.8580318081
Hilbert+Painter ratio: 1.051919874
 Final Hilbert+Painter time: 0.000902659
Painter+Knapsack previous efficiency: 0.8593329144
Binary search iterations: 30
SFC+painterPartition efficiency: 0.949291689
Painter+Knapsack ratio: 0.999270742
 Final painter+Knapsack_Combined time: 0.008935744
Run 43
File weights 51 and ranks 51
Original previous efficiency: 0.9166339722
Original efficiency: 0.9166339722
Original ratio: 1
Knapsack previous efficiency: 0.9166339722
Knapsack ratio: 1.026907902
 Final Knapsack time: 0.006654152

Karmarkar-Karp previous efficiency: 0.9325649549
Karmarkar-Karp ratio: 1.055360187
 Final Karmarkar-Karp time: 0.010454386

SFC previous efficiency: 0.703459077
 Time take to run this function: 5.710000002e-07
SFC ratio: 1.096416788
 Final SFC time: 0.000601736

Hilbert SFC previous efficiency: 0.8058677007
DM: HilbertProcessorMapDoIt called...
  (nprocs, nteams, nworkers) = (48, 48, 1)
  Bucket 0 contains 1715537493
  Bucket 1 contains 1029727027
  Bucket 2 contains 2131958903
  Bucket 3 contains 1749760602
  Bucket 4 contains 1841350931
  Bucket 5 contains 1669714659
  Bucket 6 contains 1712887948
  Bucket 7 contains 1415624306
  Bucket 8 contains 1931166093
  Bucket 9 contains 1670009681
  Bucket 10 contains 1426292550
  Bucket 11 contains 2028193689
  Bucket 12 contains 1750511670
  Bucket 13 contains 1910263372
  Bucket 14 contains 1273240039
  Bucket 15 contains 1910196822
  Bucket 16 contains 1874350945
  Bucket 17 contains 1751020304
  Bucket 18 contains 1913216243
  Bucket 19 contains 1336460106
  Bucket 20 contains 1974166520
  Bucket 21 contains 1660264374
  Bucket 22 contains 1670430520
  Bucket 23 contains 1272976809
  Bucket 24 contains 2212614791
  Bucket 25 contains 1648447098
  Bucket 26 contains 1702021984
  Bucket 27 contains 1478407785
  Bucket 28 contains 2104801052
  Bucket 29 contains 1477012459
  Bucket 30 contains 1749638494
  Bucket 31 contains 2021130500
  Bucket 32 contains 1360463555
  Bucket 33 contains 2038551760
  Bucket 34 contains 1502512793
  Bucket 35 contains 1871586783
  Bucket 36 contains 1781321123
  Bucket 37 contains 1858955011
  Bucket 38 contains 1351902884
  Bucket 39 contains 1909260959
  Bucket 40 contains 1909322755
  Bucket 41 contains 1273072476
  Bucket 42 contains 1528503836
  Bucket 43 contains 1998334773
  Bucket 44 contains 2037371533
  Bucket 45 contains 1632515296
  Bucket 46 contains 1769900418
  Bucket 47 contains 1814914093
Hilbert SFC efficiency: 0.7782259681
Hilbert SFC ratio: 0.9656994162
 Final Hilbert SFC time: 0.015075128

SFC+Knapsack previous efficiency: 0.8389698377
SFC + Knapsack ratio: 1.02551139
 Final SFC+Knapsack_Combined time: 0.00046462

SFC+Painter previous efficiency: 0.8146328926
Binary search iterations: 30
SFC+painterPartition efficiency: 0.8525266127
SFC+Painter ratio: 1.046516315
 Final SFC+Painter time: 0.007251811

Hilbert+Painter previous efficiency: 0.8146326636
Binary search iterations: 30
Hilbert+painterPartition efficiency: 0.853511657
Hilbert+Painter ratio: 1.047725797
 Final Hilbert+Painter time: 0.000884324
Painter+Knapsack previous efficiency: 0.8389698377
Binary search iterations: 30
SFC+painterPartition efficiency: 0.9521498876
Painter+Knapsack ratio: 1.05542843
 Final painter+Knapsack_Combined time: 0.008791174
Run 44
File weights 51 and ranks 51
Original previous efficiency: 0.8883277102
Original efficiency: 0.8883277102
Original ratio: 1
Knapsack previous efficiency: 0.8883277102
Knapsack ratio: 1.058154097
 Final Knapsack time: 0.006941599

Karmarkar-Karp previous efficiency: 0.9062307153
Karmarkar-Karp ratio: 1.084568855
 Final Karmarkar-Karp time: 0.010421021

SFC previous efficiency: 0.7093817292
 Time take to run this function: 5.810000001e-07
SFC ratio: 1.108896557
 Final SFC time: 0.000625993

Hilbert SFC previous efficiency: 0.8053071536
DM: HilbertProcessorMapDoIt called...
  (nprocs, nteams, nworkers) = (48, 48, 1)
  Bucket 0 contains 1712260848
  Bucket 1 contains 1027760274
  Bucket 2 contains 2131052420
  Bucket 3 contains 1746300606
  Bucket 4 contains 1853045812
  Bucket 5 contains 1648967321
  Bucket 6 contains 1634768188
  Bucket 7 contains 1438965804
  Bucket 8 contains 1961944431
  Bucket 9 contains 1666671760
  Bucket 10 contains 1427505736
  Bucket 11 contains 2012611650
  Bucket 12 contains 1747140088
  Bucket 13 contains 1906578368
  Bucket 14 contains 1270820654
  Bucket 15 contains 1906576885
  Bucket 16 contains 1868170124
  Bucket 17 contains 1747687486
  Bucket 18 contains 1270995014
  Bucket 19 contains 2085394811
  Bucket 20 contains 1960539513
  Bucket 21 contains 1650834730
  Bucket 22 contains 1663766486
  Bucket 23 contains 1278043874
  Bucket 24 contains 2190699466
  Bucket 25 contains 1613271700
  Bucket 26 contains 1685091281
  Bucket 27 contains 1465011535
  Bucket 28 contains 2070567920
  Bucket 29 contains 1460902344
  Bucket 30 contains 1746232404
  Bucket 31 contains 2015826403
  Bucket 32 contains 1357965942
  Bucket 33 contains 2033460511
  Bucket 34 contains 1489885372
  Bucket 35 contains 1885678901
  Bucket 36 contains 1797924084
  Bucket 37 contains 1299509276
  Bucket 38 contains 1826008627
  Bucket 39 contains 1984482487
  Bucket 40 contains 1270303799
  Bucket 41 contains 1905798489
  Bucket 42 contains 1525903814
  Bucket 43 contains 1992576042
  Bucket 44 contains 1407347051
  Bucket 45 contains 1997700098
  Bucket 46 contains 1842758474
  Bucket 47 contains 1891975509
Hilbert SFC efficiency: 0.7833807353
Hilbert SFC ratio: 0.9727726021
 Final Hilbert SFC time: 0.014140508

SFC+Knapsack previous efficiency: 0.8262402731
SFC + Knapsack ratio: 1.042458627
 Final SFC+Knapsack_Combined time: 0.000464731

SFC+Painter previous efficiency: 0.8149192624
Binary search iterations: 30
SFC+painterPartition efficiency: 0.836556612
SFC+Painter ratio: 1.026551526
 Final SFC+Painter time: 0.007077704

Hilbert+Painter previous efficiency: 0.8057321856
Binary search iterations: 30
Hilbert+painterPartition efficiency: 0.8513390618
Hilbert+Painter ratio: 1.056603021
 Final Hilbert+Painter time: 0.000881789
Painter+Knapsack previous efficiency: 0.8262402731
Binary search iterations: 30
SFC+painterPartition efficiency: 0.9570783725
Painter+Knapsack ratio: 1.069494007
 Final painter+Knapsack_Combined time: 0.008935774
Run 45
File weights 51 and ranks 51
Original previous efficiency: 0.870267287
Original efficiency: 0.870267287
Original ratio: 1
Knapsack previous efficiency: 0.870267287
Knapsack ratio: 1.071362556
 Final Knapsack time: 0.006659532

Karmarkar-Karp previous efficiency: 0.8918796523
Karmarkar-Karp ratio: 1.092820041
 Final Karmarkar-Karp time: 0.010255701

SFC previous efficiency: 0.7962916265
 Time take to run this function: 5.409999999e-07
SFC ratio: 1
 Final SFC time: 0.000584623

Hilbert SFC previous efficiency: 0.7880724303
DM: HilbertProcessorMapDoIt called...
  (nprocs, nteams, nworkers) = (48, 48, 1)
  Bucket 0 contains 1730672898
  Bucket 1 contains 1038811847
  Bucket 2 contains 2140245379
  Bucket 3 contains 1765029850
  Bucket 4 contains 1887758461
  Bucket 5 contains 1651880005
  Bucket 6 contains 1613017642
  Bucket 7 contains 1465397491
  Bucket 8 contains 2018930199
  Bucket 9 contains 1684488401
  Bucket 10 contains 1444237222
  Bucket 11 contains 2019988812
  Bucket 12 contains 1765898740
  Bucket 13 contains 1927086838
  Bucket 14 contains 1284467898
  Bucket 15 contains 1927096130
  Bucket 16 contains 1884344644
  Bucket 17 contains 1766446929
  Bucket 18 contains 1285041264
  Bucket 19 contains 2185495086
  Bucket 20 contains 1376918843
  Bucket 21 contains 2269211674
  Bucket 22 contains 1677674703
  Bucket 23 contains 1293260800
  Bucket 24 contains 2175465189
  Bucket 25 contains 1638344026
  Bucket 26 contains 1692420651
  Bucket 27 contains 1477772501
  Bucket 28 contains 2083128238
  Bucket 29 contains 1463715758
  Bucket 30 contains 1764915057
  Bucket 31 contains 2043712043
  Bucket 32 contains 1370471704
  Bucket 33 contains 2048794652
  Bucket 34 contains 1492227273
  Bucket 35 contains 1920254211
  Bucket 36 contains 1833977196
  Bucket 37 contains 1313386784
  Bucket 38 contains 1845519447
  Bucket 39 contains 2005740848
  Bucket 40 contains 1283858866
  Bucket 41 contains 1926181683
  Bucket 42 contains 1542602098
  Bucket 43 contains 2002210453
  Bucket 44 contains 1439601593
  Bucket 45 contains 2018869803
  Bucket 46 contains 1849367205
  Bucket 47 contains 1872335244
Hilbert SFC efficiency: 0.7639242006
Hilbert SFC ratio: 0.9693578551
 Final Hilbert SFC time: 0.021829455

SFC+Knapsack previous efficiency: 0.814773533
SFC + Knapsack ratio: 1.059616965
 Final SFC+Knapsack_Combined time: 0.000524767

SFC+Painter previous efficiency: 0.8089875504
Binary search iterations: 30
SFC+painterPartition efficiency: 0.8379957127
SFC+Painter ratio: 1.035857365
 Final SFC+Painter time: 0.007232563

Hilbert+Painter previous efficiency: 0.7880766181
Binary search iterations: 30
Hilbert+painterPartition efficiency: 0.8513337246
Hilbert+Painter ratio: 1.080267711
 Final Hilbert+Painter time: 0.000949049
Painter+Knapsack previous efficiency: 0.814773533
Binary search iterations: 30
SFC+painterPartition efficiency: 0.9568847971
Painter+Knapsack ratio: 1.059616965
 Final painter+Knapsack_Combined time: 0.008955522
Run 46
File weights 51 and ranks 51
Original previous efficiency: 0.8577689303
Original efficiency: 0.8577689303
Original ratio: 1
Knapsack previous efficiency: 0.8577689303
Knapsack ratio: 1.083825073
 Final Knapsack time: 0.006750068

Karmarkar-Karp previous efficiency: 0.9020036063
Karmarkar-Karp ratio: 1.077722362
 Final Karmarkar-Karp time: 0.01046216

SFC previous efficiency: 0.8012179642
 Time take to run this function: 5.91e-07
SFC ratio: 1.003537938
 Final SFC time: 0.000642996

Hilbert SFC previous efficiency: 0.7762981531
DM: HilbertProcessorMapDoIt called...
  (nprocs, nteams, nworkers) = (48, 48, 1)
  Bucket 0 contains 1797567447
  Bucket 1 contains 1078964348
  Bucket 2 contains 2199237489
  Bucket 3 contains 1833109117
  Bucket 4 contains 1981058520
  Bucket 5 contains 1693135047
  Bucket 6 contains 1619341966
  Bucket 7 contains 1529747334
  Bucket 8 contains 2123888193
  Bucket 9 contains 1749652548
  Bucket 10 contains 1493915459
  Bucket 11 contains 2089237721
  Bucket 12 contains 1834078834
  Bucket 13 contains 2001555439
  Bucket 14 contains 1334119899
  Bucket 15 contains 2001554815
  Bucket 16 contains 1954888630
  Bucket 17 contains 1834766819
  Bucket 18 contains 1341626406
  Bucket 19 contains 2359453623
  Bucket 20 contains 1459815116
  Bucket 21 contains 1775689974
  Bucket 22 contains 1710937202
  Bucket 23 contains 1921648319
  Bucket 24 contains 2208847748
  Bucket 25 contains 1701131547
  Bucket 26 contains 1760847554
  Bucket 27 contains 1538568951
  Bucket 28 contains 2153457227
  Bucket 29 contains 1524440822
  Bucket 30 contains 1834473259
  Bucket 31 contains 1398016322
  Bucket 32 contains 2169464447
  Bucket 33 contains 2124697276
  Bucket 34 contains 1526444072
  Bucket 35 contains 2005712404
  Bucket 36 contains 1903724346
  Bucket 37 contains 1364010875
  Bucket 38 contains 1916772084
  Bucket 39 contains 2083217230
  Bucket 40 contains 1333412924
  Bucket 41 contains 2000472718
  Bucket 42 contains 1602527635
  Bucket 43 contains 2041409551
  Bucket 44 contains 1539994419
  Bucket 45 contains 2096566007
  Bucket 46 contains 1907871808
  Bucket 47 contains 1914287038
Hilbert SFC efficiency: 0.7626179292
Hilbert SFC ratio: 0.9823776163
 Final Hilbert SFC time: 0.01351209

SFC+Knapsack previous efficiency: 0.8015618521
SFC + Knapsack ratio: 1.079623533
 Final SFC+Knapsack_Combined time: 0.000454671

SFC+Painter previous efficiency: 0.793535585
Binary search iterations: 30
SFC+painterPartition efficiency: 0.8512661118
SFC+Painter ratio: 1.072751025
 Final SFC+Painter time: 0.007005464

Hilbert+Painter previous efficiency: 0.7626179292
Binary search iterations: 30
Hilbert+painterPartition efficiency: 0.8515795728
Hilbert+Painter ratio: 1.116652966
 Final Hilbert+Painter time: 0.000920834
Painter+Knapsack previous efficiency: 0.8015618521
Binary search iterations: 30
SFC+painterPartition efficiency: 0.9609417161
Painter+Knapsack ratio: 1.079623533
 Final painter+Knapsack_Combined time: 0.008727339
Run 47
File weights 51 and ranks 51
Original previous efficiency: 0.8278356571
Original efficiency: 0.9329025861
Original ratio: 1.126917617
Knapsack previous efficiency: 0.8278356571
Knapsack ratio: 1.126917617
 Final Knapsack time: 0.00666304

Karmarkar-Karp previous efficiency: 0.8791411338
Karmarkar-Karp ratio: 1.107094999
 Final Karmarkar-Karp time: 0.010395872

SFC previous efficiency: 0.7984600444
 Time take to run this function: 5.210000005e-07
SFC ratio: 0.9610529048
 Final SFC time: 0.00059851

Hilbert SFC previous efficiency: 0.7192736851
DM: HilbertProcessorMapDoIt called...
  (nprocs, nteams, nworkers) = (48, 48, 1)
  Bucket 0 contains 1872297099
  Bucket 1 contains 1123819764
  Bucket 2 contains 2252013211
  Bucket 3 contains 1909221750
  Bucket 4 contains 2083881029
  Bucket 5 contains 1696294487
  Bucket 6 contains 1546270809
  Bucket 7 contains 2437740400
  Bucket 8 contains 1395015964
  Bucket 9 contains 1822712645
  Bucket 10 contains 2294539531
  Bucket 11 contains 2032632783
  Bucket 12 contains 1302581565
  Bucket 13 contains 2084750604
  Bucket 14 contains 2084633876
  Bucket 15 contains 1389723277
  Bucket 16 contains 2033372390
  Bucket 17 contains 1911027159
  Bucket 18 contains 2263213034
  Bucket 19 contains 1814888882
  Bucket 20 contains 1564035072
  Bucket 21 contains 1852891143
  Bucket 22 contains 1777554894
  Bucket 23 contains 1993367037
  Bucket 24 contains 1553183708
  Bucket 25 contains 2094349782
  Bucket 26 contains 2191622326
  Bucket 27 contains 1594100679
  Bucket 28 contains 2229965048
  Bucket 29 contains 1593745142
  Bucket 30 contains 1917039027
  Bucket 31 contains 1472561688
  Bucket 32 contains 2257505203
  Bucket 33 contains 2212682996
  Bucket 34 contains 1573577289
  Bucket 35 contains 2092185380
  Bucket 36 contains 1290056517
  Bucket 37 contains 2114997413
  Bucket 38 contains 1996350167
  Bucket 39 contains 2169754771
  Bucket 40 contains 1388783932
  Bucket 41 contains 2083481502
  Bucket 42 contains 1669476206
  Bucket 43 contains 2085087674
  Bucket 44 contains 1653683373
  Bucket 45 contains 2183397791
  Bucket 46 contains 1978918251
  Bucket 47 contains 1939213052
Hilbert SFC efficiency: 0.7680797803
Hilbert SFC ratio: 1.067854693
 Final Hilbert SFC time: 0.014166328

SFC+Knapsack previous efficiency: 0.7843126766
SFC + Knapsack ratio: 1.08781748
 Final SFC+Knapsack_Combined time: 0.000470932

SFC+Painter previous efficiency: 0.7459879539
Binary search iterations: 30
SFC+painterPartition efficiency: 0.8353824767
SFC+Painter ratio: 1.119833735
 Final SFC+Painter time: 0.007066982

Hilbert+Painter previous efficiency: 0.8445959152
Binary search iterations: 30
Hilbert+painterPartition efficiency: 0.8507773134
Hilbert+Painter ratio: 1.007318764
 Final Hilbert+Painter time: 0.000953317
Painter+Knapsack previous efficiency: 0.7843126766
Binary search iterations: 30
SFC+painterPartition efficiency: 0.9574992099
Painter+Knapsack ratio: 1.08781748
 Final painter+Knapsack_Combined time: 0.008814427
Run 48
File weights 51 and ranks 51
Original previous efficiency: 0.9191399424
Original efficiency: 0.9191399424
Original ratio: 1
Knapsack previous efficiency: 0.9191399424
Knapsack ratio: 1.019170939
 Final Knapsack time: 0.006627301

Karmarkar-Karp previous efficiency: 0.9602684332
Karmarkar-Karp ratio: 1.015008944
 Final Karmarkar-Karp time: 0.010392205

SFC previous efficiency: 0.7934789821
 Time take to run this function: 5.300000003e-07
SFC ratio: 0.9680678379
 Final SFC time: 0.000693233

Hilbert SFC previous efficiency: 0.689700081
DM: HilbertProcessorMapDoIt called...
  (nprocs, nteams, nworkers) = (48, 48, 1)
  Bucket 0 contains 1923788007
  Bucket 1 contains 1179418381
  Bucket 2 contains 2274841884
  Bucket 3 contains 1977397128
  Bucket 4 contains 2177908718
  Bucket 5 contains 1682759571
  Bucket 6 contains 2294301271
  Bucket 7 contains 1813393673
  Bucket 8 contains 2076908512
  Bucket 9 contains 1260872534
  Bucket 10 contains 2378870330
  Bucket 11 contains 2103618614
  Bucket 12 contains 1349071259
  Bucket 13 contains 2159279799
  Bucket 14 contains 2159106507
  Bucket 15 contains 1439338066
  Bucket 16 contains 2104181140
  Bucket 17 contains 1979337257
  Bucket 18 contains 2425542230
  Bucket 19 contains 1928258226
  Bucket 20 contains 1681475389
  Bucket 21 contains 1923997632
  Bucket 22 contains 1836407723
  Bucket 23 contains 2041867588
  Bucket 24 contains 1600032858
  Bucket 25 contains 2145299419
  Bucket 26 contains 2269198651
  Bucket 27 contains 1649771506
  Bucket 28 contains 2295159670
  Bucket 29 contains 1655429179
  Bucket 30 contains 1994595998
  Bucket 31 contains 1527249764
  Bucket 32 contains 2328374482
  Bucket 33 contains 1520267999
  Bucket 34 contains 2388483657
  Bucket 35 contains 2163561495
  Bucket 36 contains 1337014363
  Bucket 37 contains 2190451884
  Bucket 38 contains 2067554452
  Bucket 39 contains 1528189546
  Bucket 40 contains 2157329595
  Bucket 41 contains 2157747040
  Bucket 42 contains 1729608671
  Bucket 43 contains 2125329911
  Bucket 44 contains 1756896698
  Bucket 45 contains 2261156028
  Bucket 46 contains 1846541759
  Bucket 47 contains 2118692255
Hilbert SFC efficiency: 0.7986691695
Hilbert SFC ratio: 1.15799489
 Final Hilbert SFC time: 0.013644116

SFC+Knapsack previous efficiency: 0.76520312
SFC + Knapsack ratio: 1.134193675
 Final SFC+Knapsack_Combined time: 0.000482284

SFC+Painter previous efficiency: 0.8349590476
Binary search iterations: 30
SFC+painterPartition efficiency: 0.8359397686
SFC+Painter ratio: 1.001174574
 Final SFC+Painter time: 0.006938835

Hilbert+Painter previous efficiency: 0.8194878178
Binary search iterations: 30
Hilbert+painterPartition efficiency: 0.8512586339
Hilbert+Painter ratio: 1.038769113
 Final Hilbert+Painter time: 0.000928389
Painter+Knapsack previous efficiency: 0.76520312
Binary search iterations: 30
SFC+painterPartition efficiency: 0.9539604524
Painter+Knapsack ratio: 1.134193675
 Final painter+Knapsack_Combined time: 0.00870695
Run 49
File weights 51 and ranks 51
Original previous efficiency: 0.8994485853
Original efficiency: 0.8994485853
Original ratio: 1
Knapsack previous efficiency: 0.8994485853
Knapsack ratio: 1.03990305
 Final Knapsack time: 0.0066426

Karmarkar-Karp previous efficiency: 0.9388933846
Karmarkar-Karp ratio: 1.039899981
 Final Karmarkar-Karp time: 0.010299004

SFC previous efficiency: 0.7879920339
 Time take to run this function: 5.610000002e-07
SFC ratio: 0.9866372899
 Final SFC time: 0.000572268

Hilbert SFC previous efficiency: 0.7775546326
DM: HilbertProcessorMapDoIt called...
  (nprocs, nteams, nworkers) = (48, 48, 1)
  Bucket 0 contains 1969903115
  Bucket 1 contains 1207690210
  Bucket 2 contains 2292388422
  Bucket 3 contains 2024701009
  Bucket 4 contains 2247923540
  Bucket 5 contains 1667483915
  Bucket 6 contains 2372593199
  Bucket 7 contains 1843967440
  Bucket 8 contains 2131854437
  Bucket 9 contains 1292284340
  Bucket 10 contains 2448173041
  Bucket 11 contains 2152359046
  Bucket 12 contains 1381371319
  Bucket 13 contains 2211046066
  Bucket 14 contains 2210906103
  Bucket 15 contains 1473787812
  Bucket 16 contains 2152442612
  Bucket 17 contains 2026775335
  Bucket 18 contains 1574800507
  Bucket 19 contains 1971126900
  Bucket 20 contains 2733992417
  Bucket 21 contains 1956892899
  Bucket 22 contains 1877517920
  Bucket 23 contains 2067733886
  Bucket 24 contains 1638766539
  Bucket 25 contains 2183144273
  Bucket 26 contains 2320785066
  Bucket 27 contains 1689062655
  Bucket 28 contains 1547026469
  Bucket 29 contains 2490345630
  Bucket 30 contains 2053297625
  Bucket 31 contains 1551016305
  Bucket 32 contains 2379275843
  Bucket 33 contains 1553856410
  Bucket 34 contains 2443379599
  Bucket 35 contains 1595722998
  Bucket 36 contains 1979611032
  Bucket 37 contains 2258498238
  Bucket 38 contains 2117013991
  Bucket 39 contains 1564756426
  Bucket 40 contains 2208865133
  Bucket 41 contains 2209366865
  Bucket 42 contains 1771507221
  Bucket 43 contains 2143879263
  Bucket 44 contains 1839891171
  Bucket 45 contains 1580087594
  Bucket 46 contains 2016237313
  Bucket 47 contains 2595577991
Hilbert SFC efficiency: 0.7240684489
Hilbert SFC ratio: 0.9312123143
 Final Hilbert SFC time: 0.012991552

SFC+Knapsack previous efficiency: 0.8555142682
SFC + Knapsack ratio: 1.006313593
 Final SFC+Knapsack_Combined time: 0.000505239

SFC+Painter previous efficiency: 0.8193031827
Binary search iterations: 30
SFC+painterPartition efficiency: 0.8412159233
SFC+Painter ratio: 1.026745582
 Final SFC+Painter time: 0.006917453

Hilbert+Painter previous efficiency: 0.8133783262
Binary search iterations: 30
Hilbert+painterPartition efficiency: 0.8509312786
Hilbert+Painter ratio: 1.046169109
 Final Hilbert+Painter time: 0.000852421
Painter+Knapsack previous efficiency: 0.8555142682
Binary search iterations: 30
SFC+painterPartition efficiency: 0.9520268204
Painter+Knapsack ratio: 1.006313593
 Final painter+Knapsack_Combined time: 0.008726187
Run 50
File weights 51 and ranks 51
Original previous efficiency: 0.8854828905
Original efficiency: 0.8854828905
Original ratio: 1
Knapsack previous efficiency: 0.8854828905
Knapsack ratio: 1.055125645
 Final Knapsack time: 0.008536099

Karmarkar-Karp previous efficiency: 0.9237433373
Karmarkar-Karp ratio: 1.055331536
 Final Karmarkar-Karp time: 0.010491828

SFC previous efficiency: 0.7833728926
 Time take to run this function: 5.720000003e-07
SFC ratio: 0.9745967279
 Final SFC time: 0.000603259

Hilbert SFC previous efficiency: 0.7622447852
DM: HilbertProcessorMapDoIt called...
  (nprocs, nteams, nworkers) = (48, 48, 1)
  Bucket 0 contains 1961271486
  Bucket 1 contains 1202398408
  Bucket 2 contains 2271878140
  Bucket 3 contains 2015724784
  Bucket 4 contains 2251919143
  Bucket 5 contains 1627974450
  Bucket 6 contains 2408894936
  Bucket 7 contains 1802905063
  Bucket 8 contains 2128797847
  Bucket 9 contains 1289460507
  Bucket 10 contains 2434239631
  Bucket 11 contains 2138740568
  Bucket 12 contains 1375262300
  Bucket 13 contains 2201374521
  Bucket 14 contains 2201200249
  Bucket 15 contains 1467366287
  Bucket 16 contains 2137786012
  Bucket 17 contains 2017924576
  Bucket 18 contains 1605699193
  Bucket 19 contains 1977256711
  Bucket 20 contains 2725399484
  Bucket 21 contains 1938113920
  Bucket 22 contains 1868863413
  Bucket 23 contains 2060459039
  Bucket 24 contains 1639212683
  Bucket 25 contains 2144777186
  Bucket 26 contains 1904566821
  Bucket 27 contains 2060215779
  Bucket 28 contains 1534992542
  Bucket 29 contains 2476165117
  Bucket 30 contains 2062570272
  Bucket 31 contains 1541580681
  Bucket 32 contains 2368621665
  Bucket 33 contains 1545378647
  Bucket 34 contains 2423549152
  Bucket 35 contains 1580321687
  Bucket 36 contains 1978312554
  Bucket 37 contains 2264092471
  Bucket 38 contains 2107575752
  Bucket 39 contains 1557909248
  Bucket 40 contains 2198972039
  Bucket 41 contains 1466085101
  Bucket 42 contains 1977507217
  Bucket 43 contains 2619180769
  Bucket 44 contains 1872964100
  Bucket 45 contains 1572952065
  Bucket 46 contains 2009218585
  Bucket 47 contains 2486911235
Hilbert SFC efficiency: 0.7224059001
Hilbert SFC ratio: 0.9477347883
 Final Hilbert SFC time: 0.013777174

SFC+Knapsack previous efficiency: 0.8364084918
SFC + Knapsack ratio: 1.012229465
 Final SFC+Knapsack_Combined time: 0.000463528

SFC+Painter previous efficiency: 0.8135013808
Binary search iterations: 30
SFC+painterPartition efficiency: 0.8462189527
SFC+Painter ratio: 1.040218213
 Final SFC+Painter time: 0.007074728

Hilbert+Painter previous efficiency: 0.815772416
Binary search iterations: 30
Hilbert+painterPartition efficiency: 0.8510177536
Hilbert+Painter ratio: 1.043204866
 Final Hilbert+Painter time: 0.000885706
Painter+Knapsack previous efficiency: 0.8364084918
Binary search iterations: 30
SFC+painterPartition efficiency: 0.9510387876
Painter+Knapsack ratio: 1.012229465
 Final painter+Knapsack_Combined time: 0.008925894


TinyProfiler total time across processes [min...avg...max]: 4.203 ... 4.203 ... 4.203

-------------------------------------------------------------------------------------
Name                                  NCalls  Excl. Min  Excl. Avg  Excl. Max   Max %
-------------------------------------------------------------------------------------
HilbertProcessorMapDoIt()                 51      1.878      1.878      1.878  44.68%
painterPartition()                       153     0.5354     0.5354     0.5354  12.74%
SFCProcessorMapDoItCombinedPainter()      51     0.3652     0.3652     0.3652   8.69%
KnapSackDoIt()                            51     0.3605     0.3605     0.3605   8.58%
KKDoIt()                                  51     0.3576     0.3576     0.3576   8.51%
kk()                                      51     0.1772     0.1772     0.1772   4.21%
SFCProcessorMapDoIt()                     51    0.01947    0.01947    0.01947   0.46%
SFCProcessorMapDoItCombined()             51   0.009527   0.009527   0.009527   0.23%
knapsack()                              1275   0.005399   0.005399   0.005399   0.13%
Distribute()                             102  0.0005842  0.0005842  0.0005842   0.01%
HilbertDistribute()                       51  0.0003736  0.0003736  0.0003736   0.01%
knapsack()swap                           163  4.358e-05  4.358e-05  4.358e-05   0.00%
-------------------------------------------------------------------------------------

-------------------------------------------------------------------------------------
Name                                  NCalls  Incl. Min  Incl. Avg  Incl. Max   Max %
-------------------------------------------------------------------------------------
HilbertProcessorMapDoIt()                 51      1.878      1.878      1.878  44.69%
painterPartition()                       153     0.5354     0.5354     0.5354  12.74%
KKDoIt()                                  51     0.5348     0.5348     0.5348  12.72%
SFCProcessorMapDoItCombinedPainter()      51     0.4854     0.4854     0.4854  11.55%
KnapSackDoIt()                            51     0.3629     0.3629     0.3629   8.63%
kk()                                      51     0.1772     0.1772     0.1772   4.21%
SFCProcessorMapDoIt()                     51    0.01984    0.01984    0.01984   0.47%
SFCProcessorMapDoItCombined()             51    0.01121    0.01121    0.01121   0.27%
knapsack()                              1275   0.005443   0.005443   0.005443   0.13%
Distribute()                             102  0.0005842  0.0005842  0.0005842   0.01%
HilbertDistribute()                       51  0.0003736  0.0003736  0.0003736   0.01%
knapsack()swap                           163  4.358e-05  4.358e-05  4.358e-05   0.00%
-------------------------------------------------------------------------------------

Pinned Memory Usage:
-----------------------------------------------------------------
Name                            Nalloc  Nfree    AvgMem    MaxMem
-----------------------------------------------------------------
The_Pinned_Arena::Initialize()       1      1  2179   B  8192 KiB
-----------------------------------------------------------------

AMReX (25.06-22-g1d307c2c661a-dirty) finalized
