Initializing AMReX (25.06-22-g1d307c2c661a-dirty)...
OMP initialized with 256 OMP threads
AMReX (25.06-22-g1d307c2c661a-dirty) initialized
Starting running input_laser_ion_timers running with 24 nodes and 4 ranks per node.
Total steps: 5000, intervals: 100 = 50 runs
Reading precomputed weights, memory, and ranks from file: /global/homes/j/jessd/amrex_LB/Tools/lb_extractor/lb_inputs/imp_30/laser_ion_4_boxes_96_ranks_timers_30_lb_data.txt
/global/homes/j/jessd/amrex_LB/Tools/lb_extractor/lb_inputs/imp_30/laser_ion_4_boxes_96_ranks_timers_30_lb_data.txt
Run 0: Weights size: 435
Run 1: Weights size: 435
Run 2: Weights size: 435
Run 3: Weights size: 435
Run 4: Weights size: 435
Run 5: Weights size: 435
Run 6: Weights size: 435
Run 7: Weights size: 435
Run 8: Weights size: 435
Run 9: Weights size: 435
Run 10: Weights size: 435
Run 11: Weights size: 435
Run 12: Weights size: 435
Run 13: Weights size: 435
Run 14: Weights size: 435
Run 15: Weights size: 435
Run 16: Weights size: 435
Run 17: Weights size: 435
Run 18: Weights size: 435
Run 19: Weights size: 435
Run 20: Weights size: 435
Run 21: Weights size: 435
Run 22: Weights size: 435
Run 23: Weights size: 435
Run 24: Weights size: 435
Run 25: Weights size: 435
Run 26: Weights size: 435
Run 27: Weights size: 435
Run 28: Weights size: 435
Run 29: Weights size: 435
Run 30: Weights size: 435
Run 31: Weights size: 435
Run 32: Weights size: 435
Run 33: Weights size: 435
Run 34: Weights size: 435
Run 35: Weights size: 435
Run 36: Weights size: 435
Run 37: Weights size: 435
Run 38: Weights size: 435
Run 39: Weights size: 435
Run 40: Weights size: 435
Run 41: Weights size: 435
Run 42: Weights size: 435
Run 43: Weights size: 435
Run 44: Weights size: 435
Run 45: Weights size: 435
Run 46: Weights size: 435
Run 47: Weights size: 435
Run 48: Weights size: 435
Run 49: Weights size: 435
Run 50: Weights size: 435
Run 0
File weights 51 and ranks 51
Original efficiency: 0.3977376535
Original ratio: inf
Knapsack ratio: inf
 Final Knapsack time: 0.013934898

Karmarkar-Karp ratio: inf
 Final Karmarkar-Karp time: 0.020071288

 Time take to run this function: 1.072e-06
SFC ratio: inf
 Final SFC time: 0.000630972

DM: HilbertProcessorMapDoIt called...
  (nprocs, nteams, nworkers) = (96, 96, 1)
Building Hilbert lookup table for order 8...
  Bucket 0 contains 32218592
  Bucket 1 contains 593656212
  Bucket 2 contains 216672086
  Bucket 3 contains 449230795
  Bucket 4 contains 440896814
  Bucket 5 contains 442680060
  Bucket 6 contains 396231235
  Bucket 7 contains 590840550
  Bucket 8 contains 594139054
  Bucket 9 contains 6686569
  Bucket 10 contains 695050476
  Bucket 11 contains 6942137
  Bucket 12 contains 445914605
  Bucket 13 contains 374089914
  Bucket 14 contains 376658466
  Bucket 15 contains 433145691
  Bucket 16 contains 555099036
  Bucket 17 contains 34063029
  Bucket 18 contains 999998599
  Bucket 19 contains 198590794
  Bucket 20 contains 260325706
  Bucket 21 contains 508089841
  Bucket 22 contains 4555722
  Bucket 23 contains 591066838
  Bucket 24 contains 215836569
  Bucket 25 contains 696860391
  Bucket 26 contains 443820159
  Bucket 27 contains 448362124
  Bucket 28 contains 2334886
  Bucket 29 contains 1000000001
  Bucket 30 contains 13541738
  Bucket 31 contains 506607526
  Bucket 32 contains 6791425
  Bucket 33 contains 792235871
  Bucket 34 contains 250399486
  Bucket 35 contains 791961154
  Bucket 36 contains 289963919
  Bucket 37 contains 363615053
  Bucket 38 contains 509089809
  Bucket 39 contains 22823174
  Bucket 40 contains 504969578
  Bucket 41 contains 583113882
  Bucket 42 contains 456783990
  Bucket 43 contains 31735983
  Bucket 44 contains 507003334
  Bucket 45 contains 598998991
  Bucket 46 contains 784126329
  Bucket 47 contains 247312753
  Bucket 48 contains 787084370
  Bucket 49 contains 7143577
  Bucket 50 contains 695757580
  Bucket 51 contains 6720345
  Bucket 52 contains 694969736
  Bucket 53 contains 374262539
  Bucket 54 contains 235484644
  Bucket 55 contains 317939466
  Bucket 56 contains 253419670
  Bucket 57 contains 416073087
  Bucket 58 contains 419987333
  Bucket 59 contains 351217011
  Bucket 60 contains 475128286
  Bucket 61 contains 296270366
  Bucket 62 contains 562558213
  Bucket 63 contains 385895280
  Bucket 64 contains 412972736
  Bucket 65 contains 327997418
  Bucket 66 contains 188823084
  Bucket 67 contains 842403279
  Bucket 68 contains 30039419
  Bucket 69 contains 509078043
  Bucket 70 contains 398879337
  Bucket 71 contains 216451025
  Bucket 72 contains 507678125
  Bucket 73 contains 4553020
  Bucket 74 contains 847039402
  Bucket 75 contains 395877764
  Bucket 76 contains 374975884
  Bucket 77 contains 591624444
  Bucket 78 contains 289570635
  Bucket 79 contains 336593529
  Bucket 80 contains 370607562
  Bucket 81 contains 437210493
  Bucket 82 contains 180900832
  Bucket 83 contains 559953841
  Bucket 84 contains 477067623
  Bucket 85 contains 4707487
  Bucket 86 contains 999822067
  Bucket 87 contains 7052140
  Bucket 88 contains 843195544
  Bucket 89 contains 296806653
  Bucket 90 contains 234075197
  Bucket 91 contains 322323868
  Bucket 92 contains 620382753
  Bucket 93 contains 303451351
  Bucket 94 contains 462833448
  Bucket 95 contains 458212068
Hilbert SFC efficiency: 0.4005021092
Hilbert SFC ratio: inf
 Final Hilbert SFC time: 1.212427342

SFC + Knapsack ratio: inf
 Final SFC+Knapsack_Combined time: 0.000635331

Binary search iterations: 28
SFC+painterPartition efficiency: 0.4005021092
SFC+Painter ratio: inf
 Final SFC+Painter time: 0.018118083

Binary search iterations: 28
Hilbert+painterPartition efficiency: 0.4005021092
Hilbert+Painter ratio: inf
 Final Hilbert+Painter time: 0.001182501
Binary search iterations: 30
SFC+painterPartition efficiency: 0.8499256155
Painter+Knapsack ratio: inf
 Final painter+Knapsack_Combined time: 0.021270722
Run 1
File weights 51 and ranks 51
Original previous efficiency: 0.3617154779
Original efficiency: 0.3617154779
Original ratio: 1
Knapsack previous efficiency: 0.2455888704
Knapsack ratio: 3.908477248
 Final Knapsack time: 0.013169375

Karmarkar-Karp previous efficiency: 0.2455888704
Karmarkar-Karp ratio: 3.908477248
 Final Karmarkar-Karp time: 0.022650485

SFC previous efficiency: 0.1693019206
 Time take to run this function: 9.809999999e-07
SFC ratio: 4.171535574
 Final SFC time: 0.000694315

Hilbert SFC previous efficiency: 0.101510463
DM: HilbertProcessorMapDoIt called...
  (nprocs, nteams, nworkers) = (96, 96, 1)
  Bucket 0 contains 1487419905
  Bucket 1 contains 1567262292
  Bucket 2 contains 1364580518
  Bucket 3 contains 1682343987
  Bucket 4 contains 1553479580
  Bucket 5 contains 1577543562
  Bucket 6 contains 1554511714
  Bucket 7 contains 1293488599
  Bucket 8 contains 1771220960
  Bucket 9 contains 1516777532
  Bucket 10 contains 1562821834
  Bucket 11 contains 1563256650
  Bucket 12 contains 1553237653
  Bucket 13 contains 1502376096
  Bucket 14 contains 1529631900
  Bucket 15 contains 1584711300
  Bucket 16 contains 1491784060
  Bucket 17 contains 1186384333
  Bucket 18 contains 1804555355
  Bucket 19 contains 1537105732
  Bucket 20 contains 1637572836
  Bucket 21 contains 812923578
  Bucket 22 contains 1620515885
  Bucket 23 contains 1610641953
  Bucket 24 contains 1799850717
  Bucket 25 contains 1777509314
  Bucket 26 contains 1608639146
  Bucket 27 contains 1454462431
  Bucket 28 contains 814545261
  Bucket 29 contains 1802617561
  Bucket 30 contains 1768780579
  Bucket 31 contains 1548624014
  Bucket 32 contains 1553507969
  Bucket 33 contains 1621047194
  Bucket 34 contains 1621132883
  Bucket 35 contains 1626959143
  Bucket 36 contains 1637655521
  Bucket 37 contains 809802597
  Bucket 38 contains 1691802937
  Bucket 39 contains 1462875133
  Bucket 40 contains 1754155428
  Bucket 41 contains 1630508974
  Bucket 42 contains 1624878583
  Bucket 43 contains 1726167250
  Bucket 44 contains 989071783
  Bucket 45 contains 1611790379
  Bucket 46 contains 1780314104
  Bucket 47 contains 1633635504
  Bucket 48 contains 1624585887
  Bucket 49 contains 1544022958
  Bucket 50 contains 1537110720
  Bucket 51 contains 814792476
  Bucket 52 contains 1801432045
  Bucket 53 contains 1631197785
  Bucket 54 contains 1630658322
  Bucket 55 contains 1617722010
  Bucket 56 contains 1616266380
  Bucket 57 contains 1783756795
  Bucket 58 contains 810828152
  Bucket 59 contains 1785890020
  Bucket 60 contains 1790181726
  Bucket 61 contains 1460059527
  Bucket 62 contains 1527512268
  Bucket 63 contains 1677030861
  Bucket 64 contains 1792261563
  Bucket 65 contains 1616012244
  Bucket 66 contains 807296567
  Bucket 67 contains 1620830173
  Bucket 68 contains 1607069020
  Bucket 69 contains 1579897481
  Bucket 70 contains 1554670993
  Bucket 71 contains 1600180123
  Bucket 72 contains 1497460960
  Bucket 73 contains 1694568365
  Bucket 74 contains 1435699196
  Bucket 75 contains 1708270208
  Bucket 76 contains 1151087087
  Bucket 77 contains 1787157511
  Bucket 78 contains 1716550127
  Bucket 79 contains 946347115
  Bucket 80 contains 1811707555
  Bucket 81 contains 1694285865
  Bucket 82 contains 1665862262
  Bucket 83 contains 1611653743
  Bucket 84 contains 1194379718
  Bucket 85 contains 1863355311
  Bucket 86 contains 1774710545
  Bucket 87 contains 1318999224
  Bucket 88 contains 1779941905
  Bucket 89 contains 1528518972
  Bucket 90 contains 1353931225
  Bucket 91 contains 1273945669
  Bucket 92 contains 1546496258
  Bucket 93 contains 1944901241
  Bucket 94 contains 1233377392
  Bucket 95 contains 1966174415
Hilbert SFC efficiency: 0.7843442547
Hilbert SFC ratio: 7.726733099
 Final Hilbert SFC time: 0.030427051

SFC+Knapsack previous efficiency: 0.1127075089
SFC + Knapsack ratio: 6.273553324
 Final SFC+Knapsack_Combined time: 0.000585814

SFC+Painter previous efficiency: 0.09555590841
Binary search iterations: 30
SFC+painterPartition efficiency: 0.8609609175
SFC+Painter ratio: 9.010022842
 Final SFC+Painter time: 0.014339944

Hilbert+Painter previous efficiency: 0.06985074357
Binary search iterations: 30
Hilbert+painterPartition efficiency: 0.8604534282
Hilbert+Painter ratio: 12.31845767
 Final Hilbert+Painter time: 0.00124892
Painter+Knapsack previous efficiency: 0.1173730843
Binary search iterations: 29
SFC+painterPartition efficiency: 0.9359510333
Painter+Knapsack ratio: 7.370769752
 Final painter+Knapsack_Combined time: 0.018293763
Run 2
File weights 51 and ranks 51
Original previous efficiency: 0.313065686
Original efficiency: 0.7869320628
Original ratio: 2.513632435
Knapsack previous efficiency: 0.7869320628
Knapsack ratio: 1.107640658
 Final Knapsack time: 0.014429356

Karmarkar-Karp previous efficiency: 0.7100479685
Karmarkar-Karp ratio: 1.227576145
 Final Karmarkar-Karp time: 0.019604914

SFC previous efficiency: 0.5568830865
 Time take to run this function: 5.510000001e-07
SFC ratio: 1.271888615
 Final SFC time: 0.000636233

Hilbert SFC previous efficiency: 0.5539786802
DM: HilbertProcessorMapDoIt called...
  (nprocs, nteams, nworkers) = (96, 96, 1)
  Bucket 0 contains 1352313534
  Bucket 1 contains 1336968469
  Bucket 2 contains 1346102196
  Bucket 3 contains 1355035050
  Bucket 4 contains 1355055404
  Bucket 5 contains 1423697092
  Bucket 6 contains 1316567230
  Bucket 7 contains 1348029416
  Bucket 8 contains 1420588499
  Bucket 9 contains 1335788201
  Bucket 10 contains 1135138619
  Bucket 11 contains 784429255
  Bucket 12 contains 1740951635
  Bucket 13 contains 1482760161
  Bucket 14 contains 1579163682
  Bucket 15 contains 817383523
  Bucket 16 contains 1569248647
  Bucket 17 contains 1560880760
  Bucket 18 contains 1575881051
  Bucket 19 contains 785753115
  Bucket 20 contains 1574083090
  Bucket 21 contains 1477376960
  Bucket 22 contains 861192069
  Bucket 23 contains 1852484512
  Bucket 24 contains 783813553
  Bucket 25 contains 1747821893
  Bucket 26 contains 1681237730
  Bucket 27 contains 1532326483
  Bucket 28 contains 784712711
  Bucket 29 contains 1571767734
  Bucket 30 contains 1756245598
  Bucket 31 contains 974118962
  Bucket 32 contains 1615555628
  Bucket 33 contains 777182538
  Bucket 34 contains 1675327444
  Bucket 35 contains 1569968801
  Bucket 36 contains 784042035
  Bucket 37 contains 1812453022
  Bucket 38 contains 945319462
  Bucket 39 contains 1911429888
  Bucket 40 contains 789645696
  Bucket 41 contains 1679038346
  Bucket 42 contains 1583358684
  Bucket 43 contains 1573536515
  Bucket 44 contains 786558620
  Bucket 45 contains 1928998462
  Bucket 46 contains 795150569
  Bucket 47 contains 1660608860
  Bucket 48 contains 1647487216
  Bucket 49 contains 829966221
  Bucket 50 contains 1649608287
  Bucket 51 contains 995103485
  Bucket 52 contains 1853785986
  Bucket 53 contains 819881620
  Bucket 54 contains 1612929543
  Bucket 55 contains 1592993616
  Bucket 56 contains 1566141946
  Bucket 57 contains 969287159
  Bucket 58 contains 1601250961
  Bucket 59 contains 786686745
  Bucket 60 contains 1534649648
  Bucket 61 contains 1404791293
  Bucket 62 contains 1573497375
  Bucket 63 contains 1007556044
  Bucket 64 contains 1642288946
  Bucket 65 contains 1568923784
  Bucket 66 contains 783091908
  Bucket 67 contains 1753911766
  Bucket 68 contains 1633137088
  Bucket 69 contains 1434798079
  Bucket 70 contains 1366204146
  Bucket 71 contains 1084645065
  Bucket 72 contains 1389847546
  Bucket 73 contains 1414818276
  Bucket 74 contains 1581456944
  Bucket 75 contains 1176621887
  Bucket 76 contains 796184308
  Bucket 77 contains 1758405845
  Bucket 78 contains 793250329
  Bucket 79 contains 1765786435
  Bucket 80 contains 1617154495
  Bucket 81 contains 1527386265
  Bucket 82 contains 1427875139
  Bucket 83 contains 613546441
  Bucket 84 contains 1834978351
  Bucket 85 contains 950659081
  Bucket 86 contains 1714679541
  Bucket 87 contains 1260991064
  Bucket 88 contains 1328814844
  Bucket 89 contains 1559551789
  Bucket 90 contains 1266377774
  Bucket 91 contains 1645599926
  Bucket 92 contains 1277766941
  Bucket 93 contains 1143720449
  Bucket 94 contains 1235677113
  Bucket 95 contains 1924921295
Hilbert SFC efficiency: 0.7064643042
Hilbert SFC ratio: 1.275255401
 Final Hilbert SFC time: 0.026463232

SFC+Knapsack previous efficiency: 0.5578000139
SFC + Knapsack ratio: 1.389957474
 Final SFC+Knapsack_Combined time: 0.000476904

SFC+Painter previous efficiency: 0.6964234457
Binary search iterations: 30
SFC+painterPartition efficiency: 0.7819115183
SFC+Painter ratio: 1.122753008
 Final SFC+Painter time: 0.015810262

Hilbert+Painter previous efficiency: 0.7129576475
Binary search iterations: 30
Hilbert+painterPartition efficiency: 0.783446121
Hilbert+Painter ratio: 1.098867687
 Final Hilbert+Painter time: 0.001008865
Painter+Knapsack previous efficiency: 0.6430045754
Binary search iterations: 30
SFC+painterPartition efficiency: 0.9364354622
Painter+Knapsack ratio: 1.209407527
 Final painter+Knapsack_Combined time: 0.02138929
Run 3
File weights 51 and ranks 51
Original previous efficiency: 0.8167392523
Original efficiency: 0.816851778
Original ratio: 1.000137774
Knapsack previous efficiency: 0.8167392523
Knapsack ratio: 1.044773503
 Final Knapsack time: 0.022743695

Karmarkar-Karp previous efficiency: 0.811638033
Karmarkar-Karp ratio: 1.05134
 Final Karmarkar-Karp time: 0.021068199

SFC previous efficiency: 0.6037827278
 Time take to run this function: 6.31e-07
SFC ratio: 1.251927546
 Final SFC time: 0.000702311

Hilbert SFC previous efficiency: 0.6780869955
DM: HilbertProcessorMapDoIt called...
  (nprocs, nteams, nworkers) = (96, 96, 1)
  Bucket 0 contains 1493988380
  Bucket 1 contains 1482998564
  Bucket 2 contains 1471528590
  Bucket 3 contains 1504655875
  Bucket 4 contains 1505964471
  Bucket 5 contains 1575693081
  Bucket 6 contains 1473344304
  Bucket 7 contains 1478555614
  Bucket 8 contains 1557192127
  Bucket 9 contains 1478899080
  Bucket 10 contains 1485500440
  Bucket 11 contains 1564505192
  Bucket 12 contains 933776774
  Bucket 13 contains 1817712636
  Bucket 14 contains 1625254024
  Bucket 15 contains 831993247
  Bucket 16 contains 1836347012
  Bucket 17 contains 1825155668
  Bucket 18 contains 913487091
  Bucket 19 contains 1831445522
  Bucket 20 contains 1831968581
  Bucket 21 contains 914957887
  Bucket 22 contains 1730190058
  Bucket 23 contains 1669523094
  Bucket 24 contains 1838548907
  Bucket 25 contains 926787448
  Bucket 26 contains 1839586209
  Bucket 27 contains 1636140024
  Bucket 28 contains 928802943
  Bucket 29 contains 1853349253
  Bucket 30 contains 1834664338
  Bucket 31 contains 925321237
  Bucket 32 contains 1863952517
  Bucket 33 contains 919555980
  Bucket 34 contains 1848522334
  Bucket 35 contains 1651819693
  Bucket 36 contains 1719429270
  Bucket 37 contains 922612216
  Bucket 38 contains 1865249349
  Bucket 39 contains 1852927286
  Bucket 40 contains 906609633
  Bucket 41 contains 1777880576
  Bucket 42 contains 1853903067
  Bucket 43 contains 909574722
  Bucket 44 contains 1830709312
  Bucket 45 contains 929876060
  Bucket 46 contains 1858542194
  Bucket 47 contains 1744399419
  Bucket 48 contains 1764860257
  Bucket 49 contains 962102796
  Bucket 50 contains 1988753405
  Bucket 51 contains 994217976
  Bucket 52 contains 1975672279
  Bucket 53 contains 994537111
  Bucket 54 contains 1965085698
  Bucket 55 contains 943713771
  Bucket 56 contains 1846159765
  Bucket 57 contains 1830878693
  Bucket 58 contains 912689367
  Bucket 59 contains 1822914603
  Bucket 60 contains 1754953299
  Bucket 61 contains 815186269
  Bucket 62 contains 1731290875
  Bucket 63 contains 1914287283
  Bucket 64 contains 919062409
  Bucket 65 contains 1819038030
  Bucket 66 contains 1818571189
  Bucket 67 contains 907114474
  Bucket 68 contains 1741491516
  Bucket 69 contains 1640101511
  Bucket 70 contains 1521756227
  Bucket 71 contains 1518243401
  Bucket 72 contains 1604814189
  Bucket 73 contains 1528307044
  Bucket 74 contains 1633433547
  Bucket 75 contains 931610066
  Bucket 76 contains 2097463633
  Bucket 77 contains 922877289
  Bucket 78 contains 1845984393
  Bucket 79 contains 942316092
  Bucket 80 contains 1867629955
  Bucket 81 contains 1746385548
  Bucket 82 contains 1630106898
  Bucket 83 contains 1550336348
  Bucket 84 contains 1178556794
  Bucket 85 contains 1089994394
  Bucket 86 contains 1851206646
  Bucket 87 contains 1474650071
  Bucket 88 contains 2006251777
  Bucket 89 contains 1521270660
  Bucket 90 contains 1266743412
  Bucket 91 contains 1194361346
  Bucket 92 contains 1882444135
  Bucket 93 contains 1273512201
  Bucket 94 contains 1888140005
  Bucket 95 contains 1607251732
Hilbert SFC efficiency: 0.7186841516
Hilbert SFC ratio: 1.059870129
 Final Hilbert SFC time: 0.027322447

SFC+Knapsack previous efficiency: 0.784569736
SFC + Knapsack ratio: 1.040397511
 Final SFC+Knapsack_Combined time: 0.000557119

SFC+Painter previous efficiency: 0.784316905
Binary search iterations: 30
SFC+painterPartition efficiency: 0.8175278318
SFC+Painter ratio: 1.04234376
 Final SFC+Painter time: 0.013822621

Hilbert+Painter previous efficiency: 0.7434512954
Binary search iterations: 30
Hilbert+painterPartition efficiency: 0.8142871974
Hilbert+Painter ratio: 1.095279815
 Final Hilbert+Painter time: 0.001029063
Painter+Knapsack previous efficiency: 0.760156651
Binary search iterations: 30
SFC+painterPartition efficiency: 0.938660055
Painter+Knapsack ratio: 1.073810773
 Final painter+Knapsack_Combined time: 0.016926164
Run 4
File weights 51 and ranks 51
Original previous efficiency: 0.7977033771
Original efficiency: 0.8185586014
Original ratio: 1.026144084
Knapsack previous efficiency: 0.7977033771
Knapsack ratio: 1.068607435
 Final Knapsack time: 0.014204652

Karmarkar-Karp previous efficiency: 0.7963115879
Karmarkar-Karp ratio: 1.070475142
 Final Karmarkar-Karp time: 0.042185744

SFC previous efficiency: 0.6027058446
 Time take to run this function: 9.219999999e-07
SFC ratio: 1.221583717
 Final SFC time: 0.001056507

Hilbert SFC previous efficiency: 0.6686153703
DM: HilbertProcessorMapDoIt called...
  (nprocs, nteams, nworkers) = (96, 96, 1)
  Bucket 0 contains 1450709049
  Bucket 1 contains 1440578093
  Bucket 2 contains 1429441258
  Bucket 3 contains 1461344535
  Bucket 4 contains 1541131625
  Bucket 5 contains 1452273690
  Bucket 6 contains 1431680436
  Bucket 7 contains 1512115120
  Bucket 8 contains 1436849559
  Bucket 9 contains 1436548666
  Bucket 10 contains 1519681243
  Bucket 11 contains 1444360491
  Bucket 12 contains 901690884
  Bucket 13 contains 1759884195
  Bucket 14 contains 1562378496
  Bucket 15 contains 808226470
  Bucket 16 contains 1783240852
  Bucket 17 contains 1777678403
  Bucket 18 contains 891472037
  Bucket 19 contains 1772150794
  Bucket 20 contains 1765678401
  Bucket 21 contains 889386357
  Bucket 22 contains 1683332968
  Bucket 23 contains 1610694584
  Bucket 24 contains 1773619793
  Bucket 25 contains 894165007
  Bucket 26 contains 1786208724
  Bucket 27 contains 1580040675
  Bucket 28 contains 906671876
  Bucket 29 contains 1782580688
  Bucket 30 contains 1774119784
  Bucket 31 contains 900546570
  Bucket 32 contains 1804802173
  Bucket 33 contains 1775663544
  Bucket 34 contains 904946770
  Bucket 35 contains 1599575803
  Bucket 36 contains 1667359882
  Bucket 37 contains 891824465
  Bucket 38 contains 1806728766
  Bucket 39 contains 1798517823
  Bucket 40 contains 881440816
  Bucket 41 contains 1726446901
  Bucket 42 contains 1788524525
  Bucket 43 contains 880095644
  Bucket 44 contains 1763615118
  Bucket 45 contains 1804723543
  Bucket 46 contains 890348910
  Bucket 47 contains 1697003852
  Bucket 48 contains 1721245381
  Bucket 49 contains 965139187
  Bucket 50 contains 1991559213
  Bucket 51 contains 989785630
  Bucket 52 contains 1947412900
  Bucket 53 contains 990574261
  Bucket 54 contains 1957233674
  Bucket 55 contains 947484109
  Bucket 56 contains 1809624386
  Bucket 57 contains 1783354910
  Bucket 58 contains 884305535
  Bucket 59 contains 1766677502
  Bucket 60 contains 1693766868
  Bucket 61 contains 791892356
  Bucket 62 contains 1684422310
  Bucket 63 contains 1863320567
  Bucket 64 contains 883570682
  Bucket 65 contains 1765423406
  Bucket 66 contains 1769951382
  Bucket 67 contains 877744170
  Bucket 68 contains 1686271639
  Bucket 69 contains 1592172077
  Bucket 70 contains 1478665352
  Bucket 71 contains 1474507194
  Bucket 72 contains 1543692982
  Bucket 73 contains 1481772352
  Bucket 74 contains 1597931907
  Bucket 75 contains 906852367
  Bucket 76 contains 2029015431
  Bucket 77 contains 900283332
  Bucket 78 contains 1795634592
  Bucket 79 contains 909121416
  Bucket 80 contains 1800298552
  Bucket 81 contains 1700031382
  Bucket 82 contains 1583861211
  Bucket 83 contains 1507835827
  Bucket 84 contains 1145465334
  Bucket 85 contains 1058357932
  Bucket 86 contains 1789056505
  Bucket 87 contains 1433125470
  Bucket 88 contains 1949611784
  Bucket 89 contains 1475626826
  Bucket 90 contains 1234512438
  Bucket 91 contains 1179568450
  Bucket 92 contains 1820241363
  Bucket 93 contains 1229930537
  Bucket 94 contains 1825911431
  Bucket 95 contains 1583182959
Hilbert SFC efficiency: 0.7220205835
Hilbert SFC ratio: 1.079874343
 Final Hilbert SFC time: 0.0816268

SFC+Knapsack previous efficiency: 0.7756306275
SFC + Knapsack ratio: 1.056051454
 Final SFC+Knapsack_Combined time: 0.000591145

SFC+Painter previous efficiency: 0.7631219722
Binary search iterations: 30
SFC+painterPartition efficiency: 0.8191058524
SFC+Painter ratio: 1.073361641
 Final SFC+Painter time: 0.01481827

Hilbert+Painter previous efficiency: 0.7362556462
Binary search iterations: 29
Hilbert+painterPartition efficiency: 0.8160552238
Hilbert+Painter ratio: 1.108385692
 Final Hilbert+Painter time: 0.00103231
Painter+Knapsack previous efficiency: 0.7571621092
Binary search iterations: 30
SFC+painterPartition efficiency: 0.9394569581
Painter+Knapsack ratio: 1.079978077
 Final painter+Knapsack_Combined time: 0.018314914
Run 5
File weights 51 and ranks 51
Original previous efficiency: 0.7843729763
Original efficiency: 0.8185472516
Original ratio: 1.04356891
Knapsack previous efficiency: 0.7843729763
Knapsack ratio: 1.082619747
 Final Knapsack time: 0.015038748

Karmarkar-Karp previous efficiency: 0.7832356005
Karmarkar-Karp ratio: 1.084191874
 Final Karmarkar-Karp time: 0.019894926

SFC previous efficiency: 0.6001215231
 Time take to run this function: 6.110000002e-07
SFC ratio: 1.059750395
 Final SFC time: 0.000617997

Hilbert SFC previous efficiency: 0.6559218846
DM: HilbertProcessorMapDoIt called...
  (nprocs, nteams, nworkers) = (96, 96, 1)
  Bucket 0 contains 1425601789
  Bucket 1 contains 1415495718
  Bucket 2 contains 1480565541
  Bucket 3 contains 1440973313
  Bucket 4 contains 1432386318
  Bucket 5 contains 1426915377
  Bucket 6 contains 1406786196
  Bucket 7 contains 1485598186
  Bucket 8 contains 1411849959
  Bucket 9 contains 1491782337
  Bucket 10 contains 1412564124
  Bucket 11 contains 1414051498
  Bucket 12 contains 887724428
  Bucket 13 contains 1728403578
  Bucket 14 contains 1540516833
  Bucket 15 contains 1663242613
  Bucket 16 contains 868880365
  Bucket 17 contains 1742340004
  Bucket 18 contains 868055275
  Bucket 19 contains 1744177845
  Bucket 20 contains 1737495488
  Bucket 21 contains 873009126
  Bucket 22 contains 1659677389
  Bucket 23 contains 1575871933
  Bucket 24 contains 1742351591
  Bucket 25 contains 879907192
  Bucket 26 contains 1760644101
  Bucket 27 contains 1561693630
  Bucket 28 contains 891701138
  Bucket 29 contains 1764325010
  Bucket 30 contains 1740264212
  Bucket 31 contains 882122116
  Bucket 32 contains 1771254255
  Bucket 33 contains 1744949375
  Bucket 34 contains 891706530
  Bucket 35 contains 1569454903
  Bucket 36 contains 1637639891
  Bucket 37 contains 1758606690
  Bucket 38 contains 898191253
  Bucket 39 contains 1767027487
  Bucket 40 contains 1705838903
  Bucket 41 contains 870456525
  Bucket 42 contains 1763036382
  Bucket 43 contains 1737598588
  Bucket 44 contains 868919471
  Bucket 45 contains 1767519546
  Bucket 46 contains 869348471
  Bucket 47 contains 1680452165
  Bucket 48 contains 1698146976
  Bucket 49 contains 972828179
  Bucket 50 contains 1996111541
  Bucket 51 contains 992325376
  Bucket 52 contains 1961444359
  Bucket 53 contains 992977966
  Bucket 54 contains 1958683781
  Bucket 55 contains 941917726
  Bucket 56 contains 1789824356
  Bucket 57 contains 870199988
  Bucket 58 contains 1747956084
  Bucket 59 contains 1731520039
  Bucket 60 contains 1661657137
  Bucket 61 contains 777976159
  Bucket 62 contains 1655713663
  Bucket 63 contains 1828611972
  Bucket 64 contains 871399296
  Bucket 65 contains 1727061045
  Bucket 66 contains 1751640622
  Bucket 67 contains 865998174
  Bucket 68 contains 1656690285
  Bucket 69 contains 1566498915
  Bucket 70 contains 1452246631
  Bucket 71 contains 1448250024
  Bucket 72 contains 1517388275
  Bucket 73 contains 1448728141
  Bucket 74 contains 1560688112
  Bucket 75 contains 888736616
  Bucket 76 contains 1995102914
  Bucket 77 contains 871928428
  Bucket 78 contains 1764380829
  Bucket 79 contains 1777213883
  Bucket 80 contains 881422881
  Bucket 81 contains 1670567259
  Bucket 82 contains 1555738396
  Bucket 83 contains 1481050277
  Bucket 84 contains 1124287879
  Bucket 85 contains 1920717576
  Bucket 86 contains 1020135026
  Bucket 87 contains 1249508600
  Bucket 88 contains 1901642986
  Bucket 89 contains 1445976724
  Bucket 90 contains 1207230886
  Bucket 91 contains 1771990235
  Bucket 92 contains 1227156537
  Bucket 93 contains 1223047748
  Bucket 94 contains 1842162795
  Bucket 95 contains 1587917412
Hilbert SFC efficiency: 0.7228187389
Hilbert SFC ratio: 1.101989057
 Final Hilbert SFC time: 0.026221343

SFC+Knapsack previous efficiency: 0.7730177997
SFC + Knapsack ratio: 1.062404692
 Final SFC+Knapsack_Combined time: 0.000517953

SFC+Painter previous efficiency: 0.7525886984
Binary search iterations: 30
SFC+painterPartition efficiency: 0.8227166855
SFC+Painter ratio: 1.093182355
 Final SFC+Painter time: 0.013222308

Hilbert+Painter previous efficiency: 0.7241923651
Binary search iterations: 30
Hilbert+painterPartition efficiency: 0.8190914209
Hilbert+Painter ratio: 1.131041227
 Final Hilbert+Painter time: 0.000911796
Painter+Knapsack previous efficiency: 0.7506891523
Binary search iterations: 30
SFC+painterPartition efficiency: 0.9443298364
Painter+Knapsack ratio: 1.094005068
 Final painter+Knapsack_Combined time: 0.016677823
Run 6
File weights 51 and ranks 51
Original previous efficiency: 0.7733360541
Original efficiency: 0.8239574127
Original ratio: 1.065458423
Knapsack previous efficiency: 0.7733360541
Knapsack ratio: 1.091292418
 Final Knapsack time: 0.012641192

Karmarkar-Karp previous efficiency: 0.7722385066
Karmarkar-Karp ratio: 1.092843422
 Final Karmarkar-Karp time: 0.020301333

SFC previous efficiency: 0.5982594672
 Time take to run this function: 6.509999997e-07
SFC ratio: 1.091600818
 Final SFC time: 0.000685768

Hilbert SFC previous efficiency: 0.650122319
DM: HilbertProcessorMapDoIt called...
  (nprocs, nteams, nworkers) = (96, 96, 1)
  Bucket 0 contains 1398591880
  Bucket 1 contains 1388132482
  Bucket 2 contains 1452113687
  Bucket 3 contains 1413955574
  Bucket 4 contains 1404609906
  Bucket 5 contains 1399273338
  Bucket 6 contains 1457500993
  Bucket 7 contains 1377779063
  Bucket 8 contains 1458378516
  Bucket 9 contains 1391128182
  Bucket 10 contains 1385676878
  Bucket 11 contains 1393583107
  Bucket 12 contains 868648201
  Bucket 13 contains 1705924939
  Bucket 14 contains 1514157199
  Bucket 15 contains 1641819166
  Bucket 16 contains 857493379
  Bucket 17 contains 1705118937
  Bucket 18 contains 1707618015
  Bucket 19 contains 854387065
  Bucket 20 contains 1706312788
  Bucket 21 contains 1708321607
  Bucket 22 contains 769440449
  Bucket 23 contains 1556746227
  Bucket 24 contains 1718570370
  Bucket 25 contains 864792846
  Bucket 26 contains 1726852353
  Bucket 27 contains 1527360782
  Bucket 28 contains 1733067035
  Bucket 29 contains 864490497
  Bucket 30 contains 1727020689
  Bucket 31 contains 862972039
  Bucket 32 contains 1732492023
  Bucket 33 contains 1708067157
  Bucket 34 contains 874511358
  Bucket 35 contains 1545468451
  Bucket 36 contains 1602910706
  Bucket 37 contains 1723918934
  Bucket 38 contains 880142427
  Bucket 39 contains 1736053515
  Bucket 40 contains 1685208948
  Bucket 41 contains 844783978
  Bucket 42 contains 1725073247
  Bucket 43 contains 1706737973
  Bucket 44 contains 854169398
  Bucket 45 contains 1742555542
  Bucket 46 contains 1703716619
  Bucket 47 contains 798133924
  Bucket 48 contains 1669164010
  Bucket 49 contains 969816815
  Bucket 50 contains 1996432793
  Bucket 51 contains 993337863
  Bucket 52 contains 1968184084
  Bucket 53 contains 999021201
  Bucket 54 contains 1942622042
  Bucket 55 contains 928919313
  Bucket 56 contains 1756037133
  Bucket 57 contains 851665810
  Bucket 58 contains 1713085992
  Bucket 59 contains 1700156267
  Bucket 60 contains 848470173
  Bucket 61 contains 1529459426
  Bucket 62 contains 1617437870
  Bucket 63 contains 1797862995
  Bucket 64 contains 853741880
  Bucket 65 contains 1698061075
  Bucket 66 contains 1714545851
  Bucket 67 contains 850600373
  Bucket 68 contains 1630488761
  Bucket 69 contains 1546339640
  Bucket 70 contains 1425886310
  Bucket 71 contains 1420776493
  Bucket 72 contains 1491670449
  Bucket 73 contains 1424963295
  Bucket 74 contains 1527638138
  Bucket 75 contains 859713497
  Bucket 76 contains 1960015999
  Bucket 77 contains 859574973
  Bucket 78 contains 1737980631
  Bucket 79 contains 881320477
  Bucket 80 contains 1739774844
  Bucket 81 contains 1637619589
  Bucket 82 contains 1527584158
  Bucket 83 contains 1452838924
  Bucket 84 contains 1105513752
  Bucket 85 contains 1890989494
  Bucket 86 contains 1002407428
  Bucket 87 contains 1228707598
  Bucket 88 contains 1863811999
  Bucket 89 contains 1494150059
  Bucket 90 contains 1090732546
  Bucket 91 contains 1714678879
  Bucket 92 contains 1200625578
  Bucket 93 contains 1209995819
  Bucket 94 contains 1818089097
  Bucket 95 contains 1573922198
Hilbert SFC efficiency: 0.7102366555
Hilbert SFC ratio: 1.092466194
 Final Hilbert SFC time: 0.030834361

SFC+Knapsack previous efficiency: 0.761442959
SFC + Knapsack ratio: 1.07886964
 Final SFC+Knapsack_Combined time: 0.000529296

SFC+Painter previous efficiency: 0.7504382479
Binary search iterations: 30
SFC+painterPartition efficiency: 0.8230684112
SFC+Painter ratio: 1.096783664
 Final SFC+Painter time: 0.012980019

Hilbert+Painter previous efficiency: 0.7113393948
Binary search iterations: 30
Hilbert+painterPartition efficiency: 0.8219149811
Hilbert+Painter ratio: 1.155447016
 Final Hilbert+Painter time: 0.000929952
Painter+Knapsack previous efficiency: 0.749482243
Binary search iterations: 30
SFC+painterPartition efficiency: 0.9454957056
Painter+Knapsack ratio: 1.09608693
 Final painter+Knapsack_Combined time: 0.016611855
Run 7
File weights 51 and ranks 51
Original previous efficiency: 0.7682891366
Original efficiency: 0.8239731405
Original ratio: 1.072477927
Knapsack previous efficiency: 0.7682891366
Knapsack ratio: 1.096243622
 Final Knapsack time: 0.013051176

Karmarkar-Karp previous efficiency: 0.7672002738
Karmarkar-Karp ratio: 1.097799485
 Final Karmarkar-Karp time: 0.019483197

SFC previous efficiency: 0.5976044427
 Time take to run this function: 5.21e-07
SFC ratio: 1.100449872
 Final SFC time: 0.000740294

Hilbert SFC previous efficiency: 0.6460705202
DM: HilbertProcessorMapDoIt called...
  (nprocs, nteams, nworkers) = (96, 96, 1)
  Bucket 0 contains 1369923575
  Bucket 1 contains 1359633850
  Bucket 2 contains 1422509607
  Bucket 3 contains 1384050876
  Bucket 4 contains 1376005972
  Bucket 5 contains 1370477593
  Bucket 6 contains 1427700921
  Bucket 7 contains 1349894402
  Bucket 8 contains 1426884463
  Bucket 9 contains 1362556507
  Bucket 10 contains 1430736719
  Bucket 11 contains 1287794898
  Bucket 12 contains 852842024
  Bucket 13 contains 1657190011
  Bucket 14 contains 1482738957
  Bucket 15 contains 1593942113
  Bucket 16 contains 841354508
  Bucket 17 contains 1680124889
  Bucket 18 contains 1658093297
  Bucket 19 contains 835401689
  Bucket 20 contains 1661098075
  Bucket 21 contains 1683515000
  Bucket 22 contains 743741544
  Bucket 23 contains 1525358797
  Bucket 24 contains 1679275212
  Bucket 25 contains 847692776
  Bucket 26 contains 1686820456
  Bucket 27 contains 1504086744
  Bucket 28 contains 1694359647
  Bucket 29 contains 844492962
  Bucket 30 contains 1677808709
  Bucket 31 contains 1703560091
  Bucket 32 contains 846087228
  Bucket 33 contains 1674950952
  Bucket 34 contains 1617758289
  Bucket 35 contains 747780381
  Bucket 36 contains 1568619734
  Bucket 37 contains 1688846220
  Bucket 38 contains 859123245
  Bucket 39 contains 1692757236
  Bucket 40 contains 1661857573
  Bucket 41 contains 829656029
  Bucket 42 contains 1690435418
  Bucket 43 contains 1675296525
  Bucket 44 contains 834579710
  Bucket 45 contains 1710849866
  Bucket 46 contains 1676594595
  Bucket 47 contains 784167033
  Bucket 48 contains 1637434540
  Bucket 49 contains 963391764
  Bucket 50 contains 1999559117
  Bucket 51 contains 991528508
  Bucket 52 contains 1966755453
  Bucket 53 contains 997639055
  Bucket 54 contains 966692585
  Bucket 55 contains 1861001058
  Bucket 56 contains 1734258588
  Bucket 57 contains 834943439
  Bucket 58 contains 1676826521
  Bucket 59 contains 1669218123
  Bucket 60 contains 849394784
  Bucket 61 contains 1493077868
  Bucket 62 contains 1587356307
  Bucket 63 contains 911931296
  Bucket 64 contains 1684396570
  Bucket 65 contains 1668238866
  Bucket 66 contains 842023320
  Bucket 67 contains 1669901604
  Bucket 68 contains 1593372512
  Bucket 69 contains 1509247483
  Bucket 70 contains 1395321257
  Bucket 71 contains 1392658458
  Bucket 72 contains 1460375945
  Bucket 73 contains 1387732257
  Bucket 74 contains 750513889
  Bucket 75 contains 1606973636
  Bucket 76 contains 1918731207
  Bucket 77 contains 840866383
  Bucket 78 contains 1689954499
  Bucket 79 contains 861868047
  Bucket 80 contains 1693173403
  Bucket 81 contains 1607099719
  Bucket 82 contains 1493748839
  Bucket 83 contains 1421623205
  Bucket 84 contains 1083170924
  Bucket 85 contains 1000949237
  Bucket 86 contains 1677212300
  Bucket 87 contains 1355414505
  Bucket 88 contains 1824539258
  Bucket 89 contains 1391302254
  Bucket 90 contains 1134460472
  Bucket 91 contains 1643552354
  Bucket 92 contains 1181488890
  Bucket 93 contains 1179039953
  Bucket 94 contains 1773042172
  Bucket 95 contains 1551805934
Hilbert SFC efficiency: 0.6949752601
Hilbert SFC ratio: 1.075695668
 Final Hilbert SFC time: 0.040066578

SFC+Knapsack previous efficiency: 0.7553197872
SFC + Knapsack ratio: 1.089351636
 Final SFC+Knapsack_Combined time: 0.000653947

SFC+Painter previous efficiency: 0.7467186069
Binary search iterations: 30
SFC+painterPartition efficiency: 0.8235977789
SFC+Painter ratio: 1.102956015
 Final SFC+Painter time: 0.032684875

Hilbert+Painter previous efficiency: 0.6979321754
Binary search iterations: 30
Hilbert+painterPartition efficiency: 0.8228363844
Hilbert+Painter ratio: 1.178963248
 Final Hilbert+Painter time: 0.001073189
Painter+Knapsack previous efficiency: 0.7501061448
Binary search iterations: 30
SFC+painterPartition efficiency: 0.9459224344
Painter+Knapsack ratio: 1.095928666
 Final painter+Knapsack_Combined time: 0.020864775
Run 8
File weights 51 and ranks 51
Original previous efficiency: 0.7652292769
Original efficiency: 0.8226569027
Original ratio: 1.0750463
Knapsack previous efficiency: 0.7652292769
Knapsack ratio: 1.099479536
 Final Knapsack time: 0.016566938

Karmarkar-Karp previous efficiency: 0.7564184926
Karmarkar-Karp ratio: 1.112286305
 Final Karmarkar-Karp time: 0.02040286

SFC previous efficiency: 0.5934363032
 Time take to run this function: 6.109999999e-07
SFC ratio: 1.153224345
 Final SFC time: 0.000804127

Hilbert SFC previous efficiency: 0.6406378261
DM: HilbertProcessorMapDoIt called...
  (nprocs, nteams, nworkers) = (96, 96, 1)
  Bucket 0 contains 1332604849
  Bucket 1 contains 1322361331
  Bucket 2 contains 1383496918
  Bucket 3 contains 1346447631
  Bucket 4 contains 1338193907
  Bucket 5 contains 1332979345
  Bucket 6 contains 1388860855
  Bucket 7 contains 1384228329
  Bucket 8 contains 1318522242
  Bucket 9 contains 1324674921
  Bucket 10 contains 1392119189
  Bucket 11 contains 1254777002
  Bucket 12 contains 827024811
  Bucket 13 contains 1625622123
  Bucket 14 contains 1435946679
  Bucket 15 contains 1557070844
  Bucket 16 contains 819140287
  Bucket 17 contains 1627592199
  Bucket 18 contains 1622417139
  Bucket 19 contains 816790791
  Bucket 20 contains 1623488423
  Bucket 21 contains 1642256262
  Bucket 22 contains 732661320
  Bucket 23 contains 1482082902
  Bucket 24 contains 1629708453
  Bucket 25 contains 1634520313
  Bucket 26 contains 825075553
  Bucket 27 contains 1455013893
  Bucket 28 contains 1649665816
  Bucket 29 contains 826902318
  Bucket 30 contains 1630894192
  Bucket 31 contains 1660734039
  Bucket 32 contains 821368998
  Bucket 33 contains 1631497157
  Bucket 34 contains 1575151273
  Bucket 35 contains 1444376093
  Bucket 36 contains 820043575
  Bucket 37 contains 1644114945
  Bucket 38 contains 835541844
  Bucket 39 contains 1645479330
  Bucket 40 contains 1632988245
  Bucket 41 contains 816361177
  Bucket 42 contains 1646151990
  Bucket 43 contains 1628695442
  Bucket 44 contains 814710270
  Bucket 45 contains 1660399926
  Bucket 46 contains 1626351538
  Bucket 47 contains 769825543
  Bucket 48 contains 1601470925
  Bucket 49 contains 961116258
  Bucket 50 contains 1994577339
  Bucket 51 contains 984355495
  Bucket 52 contains 1958116811
  Bucket 53 contains 979934797
  Bucket 54 contains 950113874
  Bucket 55 contains 1832674586
  Bucket 56 contains 875969756
  Bucket 57 contains 1629081587
  Bucket 58 contains 1626422279
  Bucket 59 contains 813877016
  Bucket 60 contains 1630691180
  Bucket 61 contains 1452566806
  Bucket 62 contains 1535931077
  Bucket 63 contains 882327001
  Bucket 64 contains 1640671007
  Bucket 65 contains 1626700438
  Bucket 66 contains 819364484
  Bucket 67 contains 1620804222
  Bucket 68 contains 1546055204
  Bucket 69 contains 1464670392
  Bucket 70 contains 1357248556
  Bucket 71 contains 1430787369
  Bucket 72 contains 1346545495
  Bucket 73 contains 1352559864
  Bucket 74 contains 730825439
  Bucket 75 contains 1558014018
  Bucket 76 contains 1039356387
  Bucket 77 contains 1642217359
  Bucket 78 contains 1643544642
  Bucket 79 contains 837269277
  Bucket 80 contains 1654160634
  Bucket 81 contains 1565711441
  Bucket 82 contains 1450706888
  Bucket 83 contains 1385636618
  Bucket 84 contains 1053333893
  Bucket 85 contains 979650062
  Bucket 86 contains 1637135631
  Bucket 87 contains 1322116910
  Bucket 88 contains 1776947782
  Bucket 89 contains 1354958400
  Bucket 90 contains 1095251691
  Bucket 91 contains 1574936402
  Bucket 92 contains 1139491641
  Bucket 93 contains 1143886050
  Bucket 94 contains 1727745974
  Bucket 95 contains 1529560661
Hilbert SFC efficiency: 0.6789973604
Hilbert SFC ratio: 1.059877099
 Final Hilbert SFC time: 0.02766526

SFC+Knapsack previous efficiency: 0.7468998766
SFC + Knapsack ratio: 1.102642389
 Final SFC+Knapsack_Combined time: 0.000534956

SFC+Painter previous efficiency: 0.738981573
Binary search iterations: 30
SFC+painterPartition efficiency: 0.8255405635
SFC+Painter ratio: 1.117132813
 Final SFC+Painter time: 0.017697198

Hilbert+Painter previous efficiency: 0.6843651921
Binary search iterations: 30
Hilbert+painterPartition efficiency: 0.8238839495
Hilbert+Painter ratio: 1.203865946
 Final Hilbert+Painter time: 0.000997954
Painter+Knapsack previous efficiency: 0.7457844718
Binary search iterations: 30
SFC+painterPartition efficiency: 0.9478227662
Painter+Knapsack ratio: 1.103152869
 Final painter+Knapsack_Combined time: 0.01683657
Run 9
File weights 51 and ranks 51
Original previous efficiency: 0.7673346247
Original efficiency: 0.8213097407
Original ratio: 1.070341041
Knapsack previous efficiency: 0.7673346247
Knapsack ratio: 1.100707815
 Final Knapsack time: 0.012402911

Karmarkar-Karp previous efficiency: 0.7498358801
Karmarkar-Karp ratio: 1.126394776
 Final Karmarkar-Karp time: 0.019140254

SFC previous efficiency: 0.5894874676
 Time take to run this function: 6.209999999e-07
SFC ratio: 1.152104513
 Final SFC time: 0.000628477

Hilbert SFC previous efficiency: 0.6350174974
DM: HilbertProcessorMapDoIt called...
  (nprocs, nteams, nworkers) = (96, 96, 1)
  Bucket 0 contains 1315242683
  Bucket 1 contains 1304894678
  Bucket 2 contains 1365387804
  Bucket 3 contains 1328922276
  Bucket 4 contains 1320099231
  Bucket 5 contains 1384490574
  Bucket 6 contains 1300938770
  Bucket 7 contains 1366700955
  Bucket 8 contains 1300666248
  Bucket 9 contains 1379916319
  Bucket 10 contains 1299602858
  Bucket 11 contains 1233020964
  Bucket 12 contains 815645666
  Bucket 13 contains 1592292387
  Bucket 14 contains 1418210881
  Bucket 15 contains 1540634163
  Bucket 16 contains 801415207
  Bucket 17 contains 1614424848
  Bucket 18 contains 1605474449
  Bucket 19 contains 807186602
  Bucket 20 contains 1605070673
  Bucket 21 contains 1611079691
  Bucket 22 contains 1441998869
  Bucket 23 contains 732211332
  Bucket 24 contains 1615097357
  Bucket 25 contains 1621540888
  Bucket 26 contains 816219054
  Bucket 27 contains 1440614327
  Bucket 28 contains 1615604532
  Bucket 29 contains 819245669
  Bucket 30 contains 1608227599
  Bucket 31 contains 1634571319
  Bucket 32 contains 813839100
  Bucket 33 contains 1605459514
  Bucket 34 contains 1556245552
  Bucket 35 contains 1433114702
  Bucket 36 contains 798249016
  Bucket 37 contains 1608296807
  Bucket 38 contains 1636679512
  Bucket 39 contains 815842007
  Bucket 40 contains 1628232943
  Bucket 41 contains 1638038601
  Bucket 42 contains 823644130
  Bucket 43 contains 1635434434
  Bucket 44 contains 813186499
  Bucket 45 contains 1650280663
  Bucket 46 contains 1599239050
  Bucket 47 contains 765195604
  Bucket 48 contains 1599949823
  Bucket 49 contains 975556822
  Bucket 50 contains 1988558422
  Bucket 51 contains 982042964
  Bucket 52 contains 976546607
  Bucket 53 contains 1944148484
  Bucket 54 contains 936849677
  Bucket 55 contains 1816665568
  Bucket 56 contains 866821296
  Bucket 57 contains 1606104809
  Bucket 58 contains 1602829592
  Bucket 59 contains 806881179
  Bucket 60 contains 1616711065
  Bucket 61 contains 1434856621
  Bucket 62 contains 1513640044
  Bucket 63 contains 869107948
  Bucket 64 contains 1617586122
  Bucket 65 contains 1599208570
  Bucket 66 contains 810268962
  Bucket 67 contains 1611847394
  Bucket 68 contains 1524374397
  Bucket 69 contains 1453563121
  Bucket 70 contains 1339096384
  Bucket 71 contains 1336082384
  Bucket 72 contains 591116008
  Bucket 73 contains 1362127984
  Bucket 74 contains 1511646453
  Bucket 75 contains 1535079824
  Bucket 76 contains 1026722376
  Bucket 77 contains 1619456516
  Bucket 78 contains 1621409984
  Bucket 79 contains 827852541
  Bucket 80 contains 1632568576
  Bucket 81 contains 1538162020
  Bucket 82 contains 1430303511
  Bucket 83 contains 1364991641
  Bucket 84 contains 1038397055
  Bucket 85 contains 973590487
  Bucket 86 contains 1611984706
  Bucket 87 contains 1303278606
  Bucket 88 contains 1759300440
  Bucket 89 contains 1333753374
  Bucket 90 contains 1091102783
  Bucket 91 contains 1542205190
  Bucket 92 contains 1105098105
  Bucket 93 contains 1124298603
  Bucket 94 contains 1697151668
  Bucket 95 contains 1531755242
Hilbert SFC efficiency: 0.6730183153
Hilbert SFC ratio: 1.059842159
 Final Hilbert SFC time: 0.028194105

SFC+Knapsack previous efficiency: 0.7479646957
SFC + Knapsack ratio: 1.101071574
 Final SFC+Knapsack_Combined time: 0.000472876

SFC+Painter previous efficiency: 0.7366992928
Binary search iterations: 30
SFC+painterPartition efficiency: 0.8243750884
SFC+Painter ratio: 1.119011646
 Final SFC+Painter time: 0.017400944

Hilbert+Painter previous efficiency: 0.6791511715
Binary search iterations: 30
Hilbert+painterPartition efficiency: 0.8208440339
Hilbert+Painter ratio: 1.208632288
 Final Hilbert+Painter time: 0.007460975
Painter+Knapsack previous efficiency: 0.7367201007
Binary search iterations: 30
SFC+painterPartition efficiency: 0.9459849676
Painter+Knapsack ratio: 1.107201009
 Final painter+Knapsack_Combined time: 0.039410617
Run 10
File weights 51 and ranks 51
Original previous efficiency: 0.7886322511
Original efficiency: 0.8206616214
Original ratio: 1.040613823
Knapsack previous efficiency: 0.7886322511
Knapsack ratio: 1.071415566
 Final Knapsack time: 0.019094816

Karmarkar-Karp previous efficiency: 0.7584133303
Karmarkar-Karp ratio: 1.114106037
 Final Karmarkar-Karp time: 0.020863583

SFC previous efficiency: 0.5850905345
 Time take to run this function: 5.410000004e-07
SFC ratio: 1.214987085
 Final SFC time: 0.000673415

Hilbert SFC previous efficiency: 0.6204142645
DM: HilbertProcessorMapDoIt called...
  (nprocs, nteams, nworkers) = (96, 96, 1)
  Bucket 0 contains 1307166581
  Bucket 1 contains 1299289526
  Bucket 2 contains 1357990387
  Bucket 3 contains 1322411363
  Bucket 4 contains 1383980751
  Bucket 5 contains 1308660145
  Bucket 6 contains 1295340691
  Bucket 7 contains 1358117747
  Bucket 8 contains 1366469140
  Bucket 9 contains 1300876823
  Bucket 10 contains 1361971934
  Bucket 11 contains 1160918673
  Bucket 12 contains 811141249
  Bucket 13 contains 1587211570
  Bucket 14 contains 1413504143
  Bucket 15 contains 1536192819
  Bucket 16 contains 801005399
  Bucket 17 contains 1608418759
  Bucket 18 contains 1596415362
  Bucket 19 contains 800724504
  Bucket 20 contains 1597983624
  Bucket 21 contains 1607267009
  Bucket 22 contains 1438783570
  Bucket 23 contains 727301786
  Bucket 24 contains 1605808697
  Bucket 25 contains 1602263415
  Bucket 26 contains 812793073
  Bucket 27 contains 1429254660
  Bucket 28 contains 1623106156
  Bucket 29 contains 811069760
  Bucket 30 contains 1594598033
  Bucket 31 contains 1630644174
  Bucket 32 contains 809273325
  Bucket 33 contains 1601004635
  Bucket 34 contains 1538985158
  Bucket 35 contains 1431293482
  Bucket 36 contains 795655954
  Bucket 37 contains 1614027019
  Bucket 38 contains 1628070728
  Bucket 39 contains 810621668
  Bucket 40 contains 1634644557
  Bucket 41 contains 1716718037
  Bucket 42 contains 882358254
  Bucket 43 contains 1779912932
  Bucket 44 contains 870627495
  Bucket 45 contains 1712724761
  Bucket 46 contains 814680381
  Bucket 47 contains 1578064502
  Bucket 48 contains 1619999839
  Bucket 49 contains 976554306
  Bucket 50 contains 1000000001
  Bucket 51 contains 1876967627
  Bucket 52 contains 908086252
  Bucket 53 contains 1817646537
  Bucket 54 contains 901692908
  Bucket 55 contains 1798043296
  Bucket 56 contains 857318375
  Bucket 57 contains 1594291028
  Bucket 58 contains 1597029471
  Bucket 59 contains 798176387
  Bucket 60 contains 1598311319
  Bucket 61 contains 1429531943
  Bucket 62 contains 1501337132
  Bucket 63 contains 863821996
  Bucket 64 contains 1605027374
  Bucket 65 contains 1593991064
  Bucket 66 contains 800704094
  Bucket 67 contains 1596462571
  Bucket 68 contains 1523385072
  Bucket 69 contains 1459067645
  Bucket 70 contains 1331776359
  Bucket 71 contains 1329010602
  Bucket 72 contains 587883439
  Bucket 73 contains 1357711703
  Bucket 74 contains 1495366281
  Bucket 75 contains 1527645017
  Bucket 76 contains 1019526051
  Bucket 77 contains 1610193619
  Bucket 78 contains 1619624397
  Bucket 79 contains 818506634
  Bucket 80 contains 1629937019
  Bucket 81 contains 1529824264
  Bucket 82 contains 1424247720
  Bucket 83 contains 1357573232
  Bucket 84 contains 1035820353
  Bucket 85 contains 963150991
  Bucket 86 contains 1608257437
  Bucket 87 contains 1291872911
  Bucket 88 contains 1747023050
  Bucket 89 contains 1396815320
  Bucket 90 contains 1017405473
  Bucket 91 contains 1552671407
  Bucket 92 contains 1068177666
  Bucket 93 contains 1658242454
  Bucket 94 contains 1154773444
  Bucket 95 contains 1564391450
Hilbert SFC efficiency: 0.710877443
Hilbert SFC ratio: 1.145810926
 Final Hilbert SFC time: 0.030706583

SFC+Knapsack previous efficiency: 0.7579628582
SFC + Knapsack ratio: 1.053273044
 Final SFC+Knapsack_Combined time: 0.000519577

SFC+Painter previous efficiency: 0.717781985
Binary search iterations: 30
SFC+painterPartition efficiency: 0.8253277599
SFC+Painter ratio: 1.149830697
 Final SFC+Painter time: 0.015221611

Hilbert+Painter previous efficiency: 0.710877443
Binary search iterations: 30
Hilbert+painterPartition efficiency: 0.8195552714
Hilbert+Painter ratio: 1.152878431
 Final Hilbert+Painter time: 0.001002241
Painter+Knapsack previous efficiency: 0.7206172242
Binary search iterations: 30
SFC+painterPartition efficiency: 0.9465217973
Painter+Knapsack ratio: 1.095755252
 Final painter+Knapsack_Combined time: 0.023066951
Run 11
File weights 51 and ranks 51
Original previous efficiency: 0.750103543
Original efficiency: 0.7608180259
Original ratio: 1.014284005
Knapsack previous efficiency: 0.750103543
Knapsack ratio: 1.141130364
 Final Knapsack time: 0.013401525

Karmarkar-Karp previous efficiency: 0.750103543
Karmarkar-Karp ratio: 1.141130364
 Final Karmarkar-Karp time: 0.019418513

SFC previous efficiency: 0.5797259446
 Time take to run this function: 4.909999998e-07
SFC ratio: 1.18448075
 Final SFC time: 0.001601393

Hilbert SFC previous efficiency: 0.6084321697
DM: HilbertProcessorMapDoIt called...
  (nprocs, nteams, nworkers) = (96, 96, 1)
  Bucket 0 contains 1250126072
  Bucket 1 contains 1240756480
  Bucket 2 contains 1298449345
  Bucket 3 contains 1263168532
  Bucket 4 contains 1256346427
  Bucket 5 contains 1314842228
  Bucket 6 contains 1238487391
  Bucket 7 contains 1296039061
  Bucket 8 contains 1235793819
  Bucket 9 contains 1312914123
  Bucket 10 contains 1235812403
  Bucket 11 contains 1169460942
  Bucket 12 contains 776355898
  Bucket 13 contains 1514069389
  Bucket 14 contains 1348680884
  Bucket 15 contains 1463184407
  Bucket 16 contains 758691566
  Bucket 17 contains 1522539236
  Bucket 18 contains 1522955412
  Bucket 19 contains 765205551
  Bucket 20 contains 1522112982
  Bucket 21 contains 1525046301
  Bucket 22 contains 1372683369
  Bucket 23 contains 687523744
  Bucket 24 contains 1523100542
  Bucket 25 contains 1526958542
  Bucket 26 contains 765955885
  Bucket 27 contains 1354277572
  Bucket 28 contains 1537976301
  Bucket 29 contains 1530759713
  Bucket 30 contains 762191362
  Bucket 31 contains 1552118505
  Bucket 32 contains 1533594655
  Bucket 33 contains 757226525
  Bucket 34 contains 1464215941
  Bucket 35 contains 1356296356
  Bucket 36 contains 1520786140
  Bucket 37 contains 776196212
  Bucket 38 contains 1555463059
  Bucket 39 contains 775303352
  Bucket 40 contains 1556569144
  Bucket 41 contains 857761825
  Bucket 42 contains 1912830779
  Bucket 43 contains 1000000001
  Bucket 44 contains 987783481
  Bucket 45 contains 1823300456
  Bucket 46 contains 847405228
  Bucket 47 contains 1587333832
  Bucket 48 contains 1497914162
  Bucket 49 contains 815635255
  Bucket 50 contains 1854096566
  Bucket 51 contains 832412863
  Bucket 52 contains 1477255091
  Bucket 53 contains 1493552243
  Bucket 54 contains 806223142
  Bucket 55 contains 1665334646
  Bucket 56 contains 811518396
  Bucket 57 contains 1524834415
  Bucket 58 contains 1525556976
  Bucket 59 contains 762715829
  Bucket 60 contains 1534192386
  Bucket 61 contains 1359694370
  Bucket 62 contains 1436032821
  Bucket 63 contains 825598169
  Bucket 64 contains 1535510493
  Bucket 65 contains 1506569633
  Bucket 66 contains 768631824
  Bucket 67 contains 1513181826
  Bucket 68 contains 1448297822
  Bucket 69 contains 711142160
  Bucket 70 contains 1335076004
  Bucket 71 contains 1340065920
  Bucket 72 contains 1125235713
  Bucket 73 contains 1296332537
  Bucket 74 contains 1419807784
  Bucket 75 contains 1458060674
  Bucket 76 contains 967325727
  Bucket 77 contains 1531088069
  Bucket 78 contains 1546622540
  Bucket 79 contains 788437751
  Bucket 80 contains 1546387332
  Bucket 81 contains 1446875641
  Bucket 82 contains 1361925923
  Bucket 83 contains 1300004732
  Bucket 84 contains 992998246
  Bucket 85 contains 921492245
  Bucket 86 contains 1530913630
  Bucket 87 contains 1235660408
  Bucket 88 contains 1667313942
  Bucket 89 contains 1265407379
  Bucket 90 contains 1038519138
  Bucket 91 contains 1504611295
  Bucket 92 contains 983865043
  Bucket 93 contains 1517132067
  Bucket 94 contains 1120015936
  Bucket 95 contains 1519662629
Hilbert SFC efficiency: 0.6655896226
Hilbert SFC ratio: 1.093942194
 Final Hilbert SFC time: 0.025448035

SFC+Knapsack previous efficiency: 0.6655896226
SFC + Knapsack ratio: 1.203721094
 Final SFC+Knapsack_Combined time: 0.000469279

SFC+Painter previous efficiency: 0.6661927179
Binary search iterations: 30
SFC+painterPartition efficiency: 0.8231404969
SFC+Painter ratio: 1.235589154
 Final SFC+Painter time: 0.012699344

Hilbert+Painter previous efficiency: 0.6404924519
Binary search iterations: 30
Hilbert+painterPartition efficiency: 0.8256082257
Hilbert+Painter ratio: 1.289021008
 Final Hilbert+Painter time: 0.000969498
Painter+Knapsack previous efficiency: 0.6738485339
Binary search iterations: 30
SFC+painterPartition efficiency: 0.9469315892
Painter+Knapsack ratio: 1.111982529
 Final painter+Knapsack_Combined time: 0.016958506
Run 12
File weights 51 and ranks 51
Original previous efficiency: 0.7245634937
Original efficiency: 0.8587603259
Original ratio: 1.18521059
Knapsack previous efficiency: 0.7245634937
Knapsack ratio: 1.219914469
 Final Knapsack time: 0.012667743

Karmarkar-Karp previous efficiency: 0.7245634937
Karmarkar-Karp ratio: 1.219914469
 Final Karmarkar-Karp time: 0.019209558

SFC previous efficiency: 0.5844381995
 Time take to run this function: 4.909999998e-07
SFC ratio: 1.168348262
 Final SFC time: 0.000678985

Hilbert SFC previous efficiency: 0.5797607234
DM: HilbertProcessorMapDoIt called...
  (nprocs, nteams, nworkers) = (96, 96, 1)
  Bucket 0 contains 1126009972
  Bucket 1 contains 1118508884
  Bucket 2 contains 1172265503
  Bucket 3 contains 1129828287
  Bucket 4 contains 1131597295
  Bucket 5 contains 1181732634
  Bucket 6 contains 1112618942
  Bucket 7 contains 1170462102
  Bucket 8 contains 1177581697
  Bucket 9 contains 1115813592
  Bucket 10 contains 1171273380
  Bucket 11 contains 993745132
  Bucket 12 contains 699244516
  Bucket 13 contains 1370713249
  Bucket 14 contains 1216096024
  Bucket 15 contains 1303231612
  Bucket 16 contains 678913555
  Bucket 17 contains 1362559833
  Bucket 18 contains 1374166871
  Bucket 19 contains 687481533
  Bucket 20 contains 1368671883
  Bucket 21 contains 1373199885
  Bucket 22 contains 1222923239
  Bucket 23 contains 612808466
  Bucket 24 contains 1367778727
  Bucket 25 contains 1376472960
  Bucket 26 contains 1310938262
  Bucket 27 contains 617919851
  Bucket 28 contains 1387590883
  Bucket 29 contains 1386181114
  Bucket 30 contains 696725418
  Bucket 31 contains 1402209113
  Bucket 32 contains 1397735704
  Bucket 33 contains 679530902
  Bucket 34 contains 1307933233
  Bucket 35 contains 1218297891
  Bucket 36 contains 1375549935
  Bucket 37 contains 702772780
  Bucket 38 contains 1383796986
  Bucket 39 contains 1372603462
  Bucket 40 contains 721685024
  Bucket 41 contains 806801079
  Bucket 42 contains 1839749185
  Bucket 43 contains 1000000001
  Bucket 44 contains 978746434
  Bucket 45 contains 907194992
  Bucket 46 contains 1602181033
  Bucket 47 contains 730471107
  Bucket 48 contains 1371959005
  Bucket 49 contains 1423975031
  Bucket 50 contains 852332023
  Bucket 51 contains 1480429469
  Bucket 52 contains 1144378787
  Bucket 53 contains 1186027326
  Bucket 54 contains 693876255
  Bucket 55 contains 1478753694
  Bucket 56 contains 731639201
  Bucket 57 contains 1370058070
  Bucket 58 contains 1372828440
  Bucket 59 contains 682678227
  Bucket 60 contains 1380079710
  Bucket 61 contains 1225885736
  Bucket 62 contains 1305525765
  Bucket 63 contains 746178937
  Bucket 64 contains 1381244905
  Bucket 65 contains 1363405057
  Bucket 66 contains 691305766
  Bucket 67 contains 1374882387
  Bucket 68 contains 1303330302
  Bucket 69 contains 1263168917
  Bucket 70 contains 1148332031
  Bucket 71 contains 1144698696
  Bucket 72 contains 500799900
  Bucket 73 contains 1174349986
  Bucket 74 contains 1292582166
  Bucket 75 contains 1316217704
  Bucket 76 contains 871175851
  Bucket 77 contains 1395008299
  Bucket 78 contains 1402905590
  Bucket 79 contains 698600949
  Bucket 80 contains 1396010612
  Bucket 81 contains 1312944811
  Bucket 82 contains 1220212832
  Bucket 83 contains 1159951527
  Bucket 84 contains 894348582
  Bucket 85 contains 829641389
  Bucket 86 contains 1379760344
  Bucket 87 contains 1116683679
  Bucket 88 contains 1503223116
  Bucket 89 contains 1199889824
  Bucket 90 contains 873059603
  Bucket 91 contains 1367239589
  Bucket 92 contains 869203267
  Bucket 93 contains 1348418939
  Bucket 94 contains 1065344711
  Bucket 95 contains 1384287430
Hilbert SFC efficiency: 0.6235629693
Hilbert SFC ratio: 1.075552282
 Final Hilbert SFC time: 0.025651539

SFC+Knapsack previous efficiency: 0.6235629693
SFC + Knapsack ratio: 1.296499915
 Final SFC+Knapsack_Combined time: 0.001101544

SFC+Painter previous efficiency: 0.6357222922
Binary search iterations: 29
SFC+painterPartition efficiency: 0.8247069941
SFC+Painter ratio: 1.297275562
 Final SFC+Painter time: 0.01281521

Hilbert+Painter previous efficiency: 0.5797607234
Binary search iterations: 30
Hilbert+painterPartition efficiency: 0.8223603153
Hilbert+Painter ratio: 1.418447787
 Final Hilbert+Painter time: 0.000956894
Painter+Knapsack previous efficiency: 0.627007962
Binary search iterations: 29
SFC+painterPartition efficiency: 0.9499237218
Painter+Knapsack ratio: 1.229469807
 Final painter+Knapsack_Combined time: 0.019400598
Run 13
File weights 51 and ranks 51
Original previous efficiency: 0.7242614243
Original efficiency: 0.8558113392
Original ratio: 1.181633193
Knapsack previous efficiency: 0.7242614243
Knapsack ratio: 1.216807448
 Final Knapsack time: 0.014318201

Karmarkar-Karp previous efficiency: 0.7242614243
Karmarkar-Karp ratio: 1.216807448
 Final Karmarkar-Karp time: 0.021407456

SFC previous efficiency: 0.5784376087
 Time take to run this function: 5.920000001e-07
SFC ratio: 1.127972652
 Final SFC time: 0.000720597

Hilbert SFC previous efficiency: 0.5755306261
DM: HilbertProcessorMapDoIt called...
  (nprocs, nteams, nworkers) = (96, 96, 1)
  Bucket 0 contains 1116614139
  Bucket 1 contains 1108548309
  Bucket 2 contains 1161916907
  Bucket 3 contains 1120420019
  Bucket 4 contains 1120987590
  Bucket 5 contains 1171477689
  Bucket 6 contains 1103725430
  Bucket 7 contains 1160728951
  Bucket 8 contains 1105715086
  Bucket 9 contains 1168382553
  Bucket 10 contains 1161154876
  Bucket 11 contains 989755515
  Bucket 12 contains 690123669
  Bucket 13 contains 1352963557
  Bucket 14 contains 1208504570
  Bucket 15 contains 1289744603
  Bucket 16 contains 676505111
  Bucket 17 contains 1354718753
  Bucket 18 contains 1364562600
  Bucket 19 contains 687033514
  Bucket 20 contains 1350884110
  Bucket 21 contains 1365321803
  Bucket 22 contains 1210862276
  Bucket 23 contains 605284215
  Bucket 24 contains 1366609689
  Bucket 25 contains 1364860652
  Bucket 26 contains 1305103665
  Bucket 27 contains 612273320
  Bucket 28 contains 1372905413
  Bucket 29 contains 1367672438
  Bucket 30 contains 685908564
  Bucket 31 contains 1382547584
  Bucket 32 contains 1384999318
  Bucket 33 contains 678118422
  Bucket 34 contains 1302511586
  Bucket 35 contains 1204328664
  Bucket 36 contains 1363112877
  Bucket 37 contains 696377014
  Bucket 38 contains 1370111078
  Bucket 39 contains 685663329
  Bucket 40 contains 1401865675
  Bucket 41 contains 803627482
  Bucket 42 contains 1823190621
  Bucket 43 contains 1000000000
  Bucket 44 contains 974939282
  Bucket 45 contains 904743192
  Bucket 46 contains 1596043995
  Bucket 47 contains 722377926
  Bucket 48 contains 1364975103
  Bucket 49 contains 1419672005
  Bucket 50 contains 862256773
  Bucket 51 contains 784085103
  Bucket 52 contains 1244017122
  Bucket 53 contains 1082739326
  Bucket 54 contains 1293098760
  Bucket 55 contains 1453153652
  Bucket 56 contains 733776228
  Bucket 57 contains 1362371943
  Bucket 58 contains 1358691350
  Bucket 59 contains 684369910
  Bucket 60 contains 1366150176
  Bucket 61 contains 1219878925
  Bucket 62 contains 1298716387
  Bucket 63 contains 735806541
  Bucket 64 contains 1373568508
  Bucket 65 contains 1352856292
  Bucket 66 contains 690054433
  Bucket 67 contains 1362216614
  Bucket 68 contains 1292605403
  Bucket 69 contains 624975909
  Bucket 70 contains 1198209917
  Bucket 71 contains 1193967174
  Bucket 72 contains 1006096392
  Bucket 73 contains 1155462894
  Bucket 74 contains 1284690800
  Bucket 75 contains 1308601056
  Bucket 76 contains 860235661
  Bucket 77 contains 1382657313
  Bucket 78 contains 1392730652
  Bucket 79 contains 692027539
  Bucket 80 contains 1373169908
  Bucket 81 contains 1294376262
  Bucket 82 contains 1205674897
  Bucket 83 contains 1151307190
  Bucket 84 contains 885531671
  Bucket 85 contains 821189402
  Bucket 86 contains 1376093652
  Bucket 87 contains 1107536488
  Bucket 88 contains 1490552972
  Bucket 89 contains 1123391874
  Bucket 90 contains 918494810
  Bucket 91 contains 1352440264
  Bucket 92 contains 861719957
  Bucket 93 contains 1297166233
  Bucket 94 contains 1028173230
  Bucket 95 contains 1379889676
Hilbert SFC efficiency: 0.6234334624
Hilbert SFC ratio: 1.083232471
 Final Hilbert SFC time: 0.027790022

SFC+Knapsack previous efficiency: 0.6234334624
SFC + Knapsack ratio: 1.236567103
 Final SFC+Knapsack_Combined time: 0.000480972

SFC+Painter previous efficiency: 0.6260731321
Binary search iterations: 30
SFC+painterPartition efficiency: 0.8260191185
SFC+Painter ratio: 1.319365225
 Final SFC+Painter time: 0.014044521

Hilbert+Painter previous efficiency: 0.8220677899
Binary search iterations: 30
Hilbert+painterPartition efficiency: 0.8257476397
Hilbert+Painter ratio: 1.004476334
 Final Hilbert+Painter time: 0.000927858
Painter+Knapsack previous efficiency: 0.6223573122
Binary search iterations: 30
SFC+painterPartition efficiency: 0.9488838974
Painter+Knapsack ratio: 1.238705315
 Final painter+Knapsack_Combined time: 0.019112089
Run 14
File weights 51 and ranks 51
Original previous efficiency: 0.7215069027
Original efficiency: 0.8495752323
Original ratio: 1.177501184
Knapsack previous efficiency: 0.7215069027
Knapsack ratio: 1.226662082
 Final Knapsack time: 0.015181935

Karmarkar-Karp previous efficiency: 0.7215069027
Karmarkar-Karp ratio: 1.226662082
 Final Karmarkar-Karp time: 0.019701391

SFC previous efficiency: 0.5690791517
 Time take to run this function: 6.01e-07
SFC ratio: 1.15557119
 Final SFC time: 0.000741797

Hilbert SFC previous efficiency: 0.5669680745
DM: HilbertProcessorMapDoIt called...
  (nprocs, nteams, nworkers) = (96, 96, 1)
  Bucket 0 contains 1101633723
  Bucket 1 contains 1093843358
  Bucket 2 contains 1146695043
  Bucket 3 contains 1105747484
  Bucket 4 contains 1164776557
  Bucket 5 contains 1097514059
  Bucket 6 contains 1149969822
  Bucket 7 contains 1085236765
  Bucket 8 contains 1151132885
  Bucket 9 contains 1092180283
  Bucket 10 contains 1146312935
  Bucket 11 contains 973276697
  Bucket 12 contains 682359311
  Bucket 13 contains 1342532158
  Bucket 14 contains 1191576941
  Bucket 15 contains 1277875760
  Bucket 16 contains 663552737
  Bucket 17 contains 1341966346
  Bucket 18 contains 1337348499
  Bucket 19 contains 1351017809
  Bucket 20 contains 669373392
  Bucket 21 contains 1347896395
  Bucket 22 contains 1197459847
  Bucket 23 contains 1277613030
  Bucket 24 contains 668300201
  Bucket 25 contains 1344471678
  Bucket 26 contains 1290751901
  Bucket 27 contains 604939684
  Bucket 28 contains 1358473030
  Bucket 29 contains 1352807911
  Bucket 30 contains 683136002
  Bucket 31 contains 1365348720
  Bucket 32 contains 1362498694
  Bucket 33 contains 667007128
  Bucket 34 contains 1278537578
  Bucket 35 contains 1191990555
  Bucket 36 contains 1353510754
  Bucket 37 contains 686631729
  Bucket 38 contains 1352884906
  Bucket 39 contains 1349688647
  Bucket 40 contains 737860588
  Bucket 41 contains 800864949
  Bucket 42 contains 1826540059
  Bucket 43 contains 1000000000
  Bucket 44 contains 983944960
  Bucket 45 contains 910574059
  Bucket 46 contains 1628752279
  Bucket 47 contains 735840110
  Bucket 48 contains 1367869033
  Bucket 49 contains 702147516
  Bucket 50 contains 1611688407
  Bucket 51 contains 785860928
  Bucket 52 contains 1230381394
  Bucket 53 contains 1071100263
  Bucket 54 contains 1260959592
  Bucket 55 contains 1407167965
  Bucket 56 contains 721366042
  Bucket 57 contains 1335469189
  Bucket 58 contains 1344464097
  Bucket 59 contains 669584932
  Bucket 60 contains 1341538146
  Bucket 61 contains 1205422506
  Bucket 62 contains 1281293651
  Bucket 63 contains 724839270
  Bucket 64 contains 1349570562
  Bucket 65 contains 672954055
  Bucket 66 contains 1343515116
  Bucket 67 contains 1342143397
  Bucket 68 contains 1271827160
  Bucket 69 contains 617454495
  Bucket 70 contains 1184594906
  Bucket 71 contains 1178085851
  Bucket 72 contains 992498740
  Bucket 73 contains 1141430054
  Bucket 74 contains 1262560473
  Bucket 75 contains 1295156523
  Bucket 76 contains 850348186
  Bucket 77 contains 1361089394
  Bucket 78 contains 1375696506
  Bucket 79 contains 679365088
  Bucket 80 contains 1352775795
  Bucket 81 contains 1279832141
  Bucket 82 contains 1190888913
  Bucket 83 contains 1137110849
  Bucket 84 contains 892362134
  Bucket 85 contains 811713919
  Bucket 86 contains 1358243285
  Bucket 87 contains 1091347060
  Bucket 88 contains 1478880268
  Bucket 89 contains 1113486643
  Bucket 90 contains 905840234
  Bucket 91 contains 1316986601
  Bucket 92 contains 853527500
  Bucket 93 contains 1297120278
  Bucket 94 contains 1016711524
  Bucket 95 contains 1383493042
Hilbert SFC efficiency: 0.615827421
Hilbert SFC ratio: 1.086176539
 Final Hilbert SFC time: 0.031660341

SFC+Knapsack previous efficiency: 0.615827421
SFC + Knapsack ratio: 1.304048452
 Final SFC+Knapsack_Combined time: 0.00083605

SFC+Painter previous efficiency: 0.8214087787
Binary search iterations: 30
SFC+painterPartition efficiency: 0.8267592832
SFC+Painter ratio: 1.006513815
 Final SFC+Painter time: 0.013146061

Hilbert+Painter previous efficiency: 0.8130387503
Binary search iterations: 30
Hilbert+painterPartition efficiency: 0.8281531493
Hilbert+Painter ratio: 1.018590011
 Final Hilbert+Painter time: 0.000920183
Painter+Knapsack previous efficiency: 0.6112513554
Binary search iterations: 29
SFC+painterPartition efficiency: 0.9528377008
Painter+Knapsack ratio: 1.253631501
 Final painter+Knapsack_Combined time: 0.016598128
Run 15
File weights 51 and ranks 51
Original previous efficiency: 0.7288240203
Original efficiency: 0.848542778
Original ratio: 1.164262914
Knapsack previous efficiency: 0.7288240203
Knapsack ratio: 1.212627184
 Final Knapsack time: 0.013567507

Karmarkar-Karp previous efficiency: 0.7288240203
Karmarkar-Karp ratio: 1.212627184
 Final Karmarkar-Karp time: 0.042605537

SFC previous efficiency: 0.5680746974
 Time take to run this function: 5.610000002e-07
SFC ratio: 1.193367403
 Final SFC time: 0.000698043

Hilbert SFC previous efficiency: 0.5737516607
DM: HilbertProcessorMapDoIt called...
  (nprocs, nteams, nworkers) = (96, 96, 1)
  Bucket 0 contains 1113082293
  Bucket 1 contains 1105129185
  Bucket 2 contains 1158716060
  Bucket 3 contains 1116590281
  Bucket 4 contains 1176504873
  Bucket 5 contains 1109168811
  Bucket 6 contains 1100134511
  Bucket 7 contains 1157313357
  Bucket 8 contains 1162654636
  Bucket 9 contains 1103165065
  Bucket 10 contains 1157571515
  Bucket 11 contains 989987040
  Bucket 12 contains 687677106
  Bucket 13 contains 1348864467
  Bucket 14 contains 1203314430
  Bucket 15 contains 1283688930
  Bucket 16 contains 672144594
  Bucket 17 contains 1357276422
  Bucket 18 contains 1351818738
  Bucket 19 contains 680216796
  Bucket 20 contains 1347634446
  Bucket 21 contains 1356744519
  Bucket 22 contains 1211622962
  Bucket 23 contains 607274554
  Bucket 24 contains 1360529118
  Bucket 25 contains 1361746680
  Bucket 26 contains 1295232304
  Bucket 27 contains 610128427
  Bucket 28 contains 1368387672
  Bucket 29 contains 1372380790
  Bucket 30 contains 688146313
  Bucket 31 contains 1383022496
  Bucket 32 contains 1377281543
  Bucket 33 contains 675229311
  Bucket 34 contains 1288991442
  Bucket 35 contains 1205232604
  Bucket 36 contains 1359510822
  Bucket 37 contains 692957352
  Bucket 38 contains 1362398714
  Bucket 39 contains 1358640885
  Bucket 40 contains 781420071
  Bucket 41 contains 785690036
  Bucket 42 contains 1815395089
  Bucket 43 contains 1000000001
  Bucket 44 contains 976803277
  Bucket 45 contains 905911637
  Bucket 46 contains 1614591078
  Bucket 47 contains 746955498
  Bucket 48 contains 1384676321
  Bucket 49 contains 717975800
  Bucket 50 contains 1628324234
  Bucket 51 contains 821916392
  Bucket 52 contains 1266645232
  Bucket 53 contains 1147752174
  Bucket 54 contains 1311515852
  Bucket 55 contains 700336327
  Bucket 56 contains 1434004885
  Bucket 57 contains 1347563501
  Bucket 58 contains 680632879
  Bucket 59 contains 1351806240
  Bucket 60 contains 1365658294
  Bucket 61 contains 1216294854
  Bucket 62 contains 603248421
  Bucket 63 contains 1357292781
  Bucket 64 contains 1416969308
  Bucket 65 contains 673045651
  Bucket 66 contains 1371167243
  Bucket 67 contains 1358641484
  Bucket 68 contains 676508649
  Bucket 69 contains 1222266501
  Bucket 70 contains 1182003655
  Bucket 71 contains 1190735892
  Bucket 72 contains 1003078349
  Bucket 73 contains 1153168958
  Bucket 74 contains 1278581487
  Bucket 75 contains 1306068270
  Bucket 76 contains 852056393
  Bucket 77 contains 1373923385
  Bucket 78 contains 698775441
  Bucket 79 contains 1376103729
  Bucket 80 contains 1364466130
  Bucket 81 contains 688581692
  Bucket 82 contains 1153144811
  Bucket 83 contains 1227746105
  Bucket 84 contains 1403708945
  Bucket 85 contains 880860098
  Bucket 86 contains 1373803765
  Bucket 87 contains 1106400796
  Bucket 88 contains 801753918
  Bucket 89 contains 998139978
  Bucket 90 contains 1292809100
  Bucket 91 contains 1291175463
  Bucket 92 contains 1238425746
  Bucket 93 contains 1203447306
  Bucket 94 contains 1026627113
  Bucket 95 contains 1417931405
Hilbert SFC efficiency: 0.624764367
Hilbert SFC ratio: 1.088910778
 Final Hilbert SFC time: 0.035570607

SFC+Knapsack previous efficiency: 0.7967844965
SFC + Knapsack ratio: 0.9475297475
 Final SFC+Knapsack_Combined time: 0.000573712

SFC+Painter previous efficiency: 0.8127302051
Binary search iterations: 30
SFC+painterPartition efficiency: 0.8246364047
SFC+Painter ratio: 1.014649634
 Final SFC+Painter time: 0.013259029

Hilbert+Painter previous efficiency: 0.7998935348
Binary search iterations: 30
Hilbert+painterPartition efficiency: 0.8247708969
Hilbert+Painter ratio: 1.031100842
 Final Hilbert+Painter time: 0.000957345
Painter+Knapsack previous efficiency: 0.6193957982
Binary search iterations: 30
SFC+painterPartition efficiency: 0.9498716088
Painter+Knapsack ratio: 1.218892693
 Final painter+Knapsack_Combined time: 0.020389304
Run 16
File weights 51 and ranks 51
Original previous efficiency: 0.6724337315
Original efficiency: 0.8006639464
Original ratio: 1.190695691
Knapsack previous efficiency: 0.6724337315
Knapsack ratio: 1.312050521
 Final Knapsack time: 0.014628874

Karmarkar-Karp previous efficiency: 0.6724337315
Karmarkar-Karp ratio: 1.312050521
 Final Karmarkar-Karp time: 0.020563452

SFC previous efficiency: 0.562269641
 Time take to run this function: 5.810000001e-07
SFC ratio: 1.16102367
 Final SFC time: 0.000657935

Hilbert SFC previous efficiency: 0.5126417521
DM: HilbertProcessorMapDoIt called...
  (nprocs, nteams, nworkers) = (96, 96, 1)
  Bucket 0 contains 997907330
  Bucket 1 contains 991075514
  Bucket 2 contains 1039735368
  Bucket 3 contains 1001834831
  Bucket 4 contains 1002943074
  Bucket 5 contains 995285773
  Bucket 6 contains 1039846001
  Bucket 7 contains 985170669
  Bucket 8 contains 1041614180
  Bucket 9 contains 988906852
  Bucket 10 contains 1040638935
  Bucket 11 contains 938560540
  Bucket 12 contains 620029192
  Bucket 13 contains 1212316447
  Bucket 14 contains 1085763889
  Bucket 15 contains 1156723266
  Bucket 16 contains 604041294
  Bucket 17 contains 1222517515
  Bucket 18 contains 1216433358
  Bucket 19 contains 611610506
  Bucket 20 contains 1212059696
  Bucket 21 contains 1216888150
  Bucket 22 contains 542216929
  Bucket 23 contains 1088214888
  Bucket 24 contains 1216761621
  Bucket 25 contains 1220438456
  Bucket 26 contains 614911273
  Bucket 27 contains 1101009492
  Bucket 28 contains 1230855917
  Bucket 29 contains 614720809
  Bucket 30 contains 1225997733
  Bucket 31 contains 1237588411
  Bucket 32 contains 615252985
  Bucket 33 contains 1223531052
  Bucket 34 contains 1156374271
  Bucket 35 contains 1077915502
  Bucket 36 contains 602624289
  Bucket 37 contains 1235119030
  Bucket 38 contains 1226789164
  Bucket 39 contains 615351346
  Bucket 40 contains 1314882588
  Bucket 41 contains 703910327
  Bucket 42 contains 848558980
  Bucket 43 contains 953068711
  Bucket 44 contains 1000000001
  Bucket 45 contains 976039896
  Bucket 46 contains 1662427587
  Bucket 47 contains 690310150
  Bucket 48 contains 1311067285
  Bucket 49 contains 601715749
  Bucket 50 contains 1280508430
  Bucket 51 contains 831131133
  Bucket 52 contains 1268025904
  Bucket 53 contains 823477233
  Bucket 54 contains 902644553
  Bucket 55 contains 1225310279
  Bucket 56 contains 658678894
  Bucket 57 contains 1261831745
  Bucket 58 contains 1211343895
  Bucket 59 contains 606993585
  Bucket 60 contains 1212543380
  Bucket 61 contains 1156977029
  Bucket 62 contains 1093848468
  Bucket 63 contains 615666618
  Bucket 64 contains 1278225105
  Bucket 65 contains 1210877111
  Bucket 66 contains 607514399
  Bucket 67 contains 1225061953
  Bucket 68 contains 1215718977
  Bucket 69 contains 1086153428
  Bucket 70 contains 997143504
  Bucket 71 contains 1012165887
  Bucket 72 contains 1012038251
  Bucket 73 contains 1031028101
  Bucket 74 contains 596149263
  Bucket 75 contains 1097289827
  Bucket 76 contains 1242210468
  Bucket 77 contains 776043255
  Bucket 78 contains 1243848691
  Bucket 79 contains 619600148
  Bucket 80 contains 1234172810
  Bucket 81 contains 1226366057
  Bucket 82 contains 1038548947
  Bucket 83 contains 947370134
  Bucket 84 contains 777938740
  Bucket 85 contains 1328380342
  Bucket 86 contains 721922455
  Bucket 87 contains 1322147777
  Bucket 88 contains 982029974
  Bucket 89 contains 896552775
  Bucket 90 contains 1164230357
  Bucket 91 contains 781759483
  Bucket 92 contains 1023063783
  Bucket 93 contains 1058473199
  Bucket 94 contains 920308531
  Bucket 95 contains 1295181579
Hilbert SFC efficiency: 0.6093501834
Hilbert SFC ratio: 1.1886472
 Final Hilbert SFC time: 0.025898077

SFC+Knapsack previous efficiency: 0.7937964276
SFC + Knapsack ratio: 0.9525470406
 Final SFC+Knapsack_Combined time: 0.000627246

SFC+Painter previous efficiency: 0.808779895
Binary search iterations: 30
SFC+painterPartition efficiency: 0.8225624276
SFC+Painter ratio: 1.017041142
 Final SFC+Painter time: 0.012685088

Hilbert+Painter previous efficiency: 0.7821301441
Binary search iterations: 30
Hilbert+painterPartition efficiency: 0.8246970067
Hilbert+Painter ratio: 1.054424271
 Final Hilbert+Painter time: 0.000942756
Painter+Knapsack previous efficiency: 0.5727920258
Binary search iterations: 30
SFC+painterPartition efficiency: 0.945038987
Painter+Knapsack ratio: 1.320075008
 Final painter+Knapsack_Combined time: 0.016222149
Run 17
File weights 51 and ranks 51
Original previous efficiency: 0.6470987825
Original efficiency: 0.8711491186
Original ratio: 1.346238228
Knapsack previous efficiency: 0.8711491186
Knapsack ratio: 1.011616333
 Final Knapsack time: 0.015140625

Karmarkar-Karp previous efficiency: 0.8711491186
Karmarkar-Karp ratio: 1.011616333
 Final Karmarkar-Karp time: 0.024295713

SFC previous efficiency: 0.517019138
 Time take to run this function: 5.91e-07
SFC ratio: 1.253971235
 Final SFC time: 0.000697862

Hilbert SFC previous efficiency: 0.5017196932
DM: HilbertProcessorMapDoIt called...
  (nprocs, nteams, nworkers) = (96, 96, 1)
  Bucket 0 contains 975531366
  Bucket 1 contains 972339289
  Bucket 2 contains 1017586020
  Bucket 3 contains 982814675
  Bucket 4 contains 985576387
  Bucket 5 contains 1033506312
  Bucket 6 contains 967357096
  Bucket 7 contains 1016099905
  Bucket 8 contains 968771234
  Bucket 9 contains 1027260260
  Bucket 10 contains 965319430
  Bucket 11 contains 920530660
  Bucket 12 contains 602632314
  Bucket 13 contains 1191764903
  Bucket 14 contains 1079794395
  Bucket 15 contains 1133136154
  Bucket 16 contains 591235513
  Bucket 17 contains 1195241896
  Bucket 18 contains 1202661386
  Bucket 19 contains 600956550
  Bucket 20 contains 1190885047
  Bucket 21 contains 1197055714
  Bucket 22 contains 1069205888
  Bucket 23 contains 537148105
  Bucket 24 contains 1201652187
  Bucket 25 contains 1198443059
  Bucket 26 contains 611856019
  Bucket 27 contains 1082741593
  Bucket 28 contains 1208403745
  Bucket 29 contains 611756886
  Bucket 30 contains 1214520364
  Bucket 31 contains 1224357734
  Bucket 32 contains 607946230
  Bucket 33 contains 1208946947
  Bucket 34 contains 1142756321
  Bucket 35 contains 1069793941
  Bucket 36 contains 596365580
  Bucket 37 contains 1210304464
  Bucket 38 contains 1192805389
  Bucket 39 contains 607417378
  Bucket 40 contains 1325156071
  Bucket 41 contains 742005259
  Bucket 42 contains 931144168
  Bucket 43 contains 996134854
  Bucket 44 contains 1000000001
  Bucket 45 contains 986049485
  Bucket 46 contains 951910001
  Bucket 47 contains 857208252
  Bucket 48 contains 1384001556
  Bucket 49 contains 649886503
  Bucket 50 contains 1258520265
  Bucket 51 contains 622653649
  Bucket 52 contains 1492673058
  Bucket 53 contains 1174725424
  Bucket 54 contains 772763457
  Bucket 55 contains 1046233934
  Bucket 56 contains 661984436
  Bucket 57 contains 1244945336
  Bucket 58 contains 1202193783
  Bucket 59 contains 596388948
  Bucket 60 contains 1199322456
  Bucket 61 contains 1142970677
  Bucket 62 contains 1071098075
  Bucket 63 contains 605676433
  Bucket 64 contains 1256486658
  Bucket 65 contains 594818103
  Bucket 66 contains 1204744922
  Bucket 67 contains 1193201660
  Bucket 68 contains 602200495
  Bucket 69 contains 1137252055
  Bucket 70 contains 1060609209
  Bucket 71 contains 1050482279
  Bucket 72 contains 1050893353
  Bucket 73 contains 1086361100
  Bucket 74 contains 843258838
  Bucket 75 contains 1074173087
  Bucket 76 contains 1215970584
  Bucket 77 contains 756034530
  Bucket 78 contains 1216796418
  Bucket 79 contains 608133150
  Bucket 80 contains 1210827790
  Bucket 81 contains 1207034559
  Bucket 82 contains 967405697
  Bucket 83 contains 989013308
  Bucket 84 contains 763288181
  Bucket 85 contains 682007636
  Bucket 86 contains 1334647242
  Bucket 87 contains 704537584
  Bucket 88 contains 1460064058
  Bucket 89 contains 986947249
  Bucket 90 contains 767444430
  Bucket 91 contains 1185540340
  Bucket 92 contains 919252836
  Bucket 93 contains 968515285
  Bucket 94 contains 913196497
  Bucket 95 contains 1316989767
Hilbert SFC efficiency: 0.6675541796
Hilbert SFC ratio: 1.330532145
 Final Hilbert SFC time: 0.029869041

SFC+Knapsack previous efficiency: 0.7950775799
SFC + Knapsack ratio: 0.9801017333
 Final SFC+Knapsack_Combined time: 0.000570596

SFC+Painter previous efficiency: 0.7917553387
Binary search iterations: 30
SFC+painterPartition efficiency: 0.8245920644
SFC+Painter ratio: 1.041473324
 Final SFC+Painter time: 0.013276804

Hilbert+Painter previous efficiency: 0.7566043136
Binary search iterations: 30
Hilbert+painterPartition efficiency: 0.8207332479
Hilbert+Painter ratio: 1.08475888
 Final Hilbert+Painter time: 0.000905464
Painter+Knapsack previous efficiency: 0.7792569142
Binary search iterations: 30
SFC+painterPartition efficiency: 0.9477770074
Painter+Knapsack ratio: 1
 Final painter+Knapsack_Combined time: 0.016318437
Run 18
File weights 51 and ranks 51
Original previous efficiency: 0.8656698169
Original efficiency: 0.8656698169
Original ratio: 1
Knapsack previous efficiency: 0.8726834197
Knapsack ratio: 1.009417374
 Final Knapsack time: 0.013107445

Karmarkar-Karp previous efficiency: 0.8726834197
Karmarkar-Karp ratio: 1.009417374
 Final Karmarkar-Karp time: 0.01943248

SFC previous efficiency: 0.5163319031
 Time take to run this function: 1.272e-06
SFC ratio: 1.26734178
 Final SFC time: 0.000662433

Hilbert SFC previous efficiency: 0.6561465284
DM: HilbertProcessorMapDoIt called...
  (nprocs, nteams, nworkers) = (96, 96, 1)
  Bucket 0 contains 969255861
  Bucket 1 contains 966366841
  Bucket 2 contains 1011639026
  Bucket 3 contains 976980157
  Bucket 4 contains 978788951
  Bucket 5 contains 975257493
  Bucket 6 contains 1013168789
  Bucket 7 contains 957432726
  Bucket 8 contains 1014228435
  Bucket 9 contains 966523066
  Bucket 10 contains 1013478777
  Bucket 11 contains 911752902
  Bucket 12 contains 595671813
  Bucket 13 contains 1178007752
  Bucket 14 contains 1067925005
  Bucket 15 contains 1126766239
  Bucket 16 contains 588520248
  Bucket 17 contains 1193220662
  Bucket 18 contains 1190873596
  Bucket 19 contains 596551198
  Bucket 20 contains 1184162953
  Bucket 21 contains 1187772072
  Bucket 22 contains 533470222
  Bucket 23 contains 1063786277
  Bucket 24 contains 1184932681
  Bucket 25 contains 1194545437
  Bucket 26 contains 602980745
  Bucket 27 contains 1073275862
  Bucket 28 contains 1196492189
  Bucket 29 contains 604440646
  Bucket 30 contains 1207180967
  Bucket 31 contains 1212231675
  Bucket 32 contains 606330959
  Bucket 33 contains 1196124011
  Bucket 34 contains 1131065549
  Bucket 35 contains 1056431565
  Bucket 36 contains 591130824
  Bucket 37 contains 1202358674
  Bucket 38 contains 592859370
  Bucket 39 contains 1200444734
  Bucket 40 contains 1313048338
  Bucket 41 contains 732911107
  Bucket 42 contains 928361653
  Bucket 43 contains 982979506
  Bucket 44 contains 1000000001
  Bucket 45 contains 975701819
  Bucket 46 contains 942671677
  Bucket 47 contains 874231908
  Bucket 48 contains 1433640498
  Bucket 49 contains 639392470
  Bucket 50 contains 1255026235
  Bucket 51 contains 610956189
  Bucket 52 contains 826239906
  Bucket 53 contains 1113939991
  Bucket 54 contains 1118281791
  Bucket 55 contains 1336267914
  Bucket 56 contains 607810265
  Bucket 57 contains 1214107628
  Bucket 58 contains 1189976385
  Bucket 59 contains 591170186
  Bucket 60 contains 1188961478
  Bucket 61 contains 1133583270
  Bucket 62 contains 530319499
  Bucket 63 contains 1134487487
  Bucket 64 contains 1247194730
  Bucket 65 contains 590990249
  Bucket 66 contains 1181975517
  Bucket 67 contains 1179268577
  Bucket 68 contains 599817100
  Bucket 69 contains 1114997947
  Bucket 70 contains 1040881789
  Bucket 71 contains 987646698
  Bucket 72 contains 988718124
  Bucket 73 contains 1040259958
  Bucket 74 contains 985595708
  Bucket 75 contains 1066920111
  Bucket 76 contains 605980233
  Bucket 77 contains 1354924640
  Bucket 78 contains 604824968
  Bucket 79 contains 1210353065
  Bucket 80 contains 1208949633
  Bucket 81 contains 601779932
  Bucket 82 contains 1131123012
  Bucket 83 contains 1057014600
  Bucket 84 contains 1001931211
  Bucket 85 contains 781821052
  Bucket 86 contains 1317093508
  Bucket 87 contains 701402937
  Bucket 88 contains 848933159
  Bucket 89 contains 1304904523
  Bucket 90 contains 1032813402
  Bucket 91 contains 1146163255
  Bucket 92 contains 871776054
  Bucket 93 contains 950843474
  Bucket 94 contains 907995360
  Bucket 95 contains 1287707460
Hilbert SFC efficiency: 0.6883778879
Hilbert SFC ratio: 1.049122198
 Final Hilbert SFC time: 0.027299622

SFC+Knapsack previous efficiency: 0.7782607678
SFC + Knapsack ratio: 0.9908880534
 Final SFC+Knapsack_Combined time: 0.000509457

SFC+Painter previous efficiency: 0.7863472416
Binary search iterations: 30
SFC+painterPartition efficiency: 0.8221006683
SFC+Painter ratio: 1.045467733
 Final SFC+Painter time: 0.013024495

Hilbert+Painter previous efficiency: 0.7663902313
Binary search iterations: 29
Hilbert+painterPartition efficiency: 0.8202883516
Hilbert+Painter ratio: 1.070327254
 Final Hilbert+Painter time: 0.000950602
Painter+Knapsack previous efficiency: 0.7711692973
Binary search iterations: 30
SFC+painterPartition efficiency: 0.9471716841
Painter+Knapsack ratio: 1.037802954
 Final painter+Knapsack_Combined time: 0.017200625
Run 19
File weights 51 and ranks 51
Original previous efficiency: 0.8036612509
Original efficiency: 0.8036612509
Original ratio: 1
Knapsack previous efficiency: 0.8036612509
Knapsack ratio: 1.098451799
 Final Knapsack time: 0.015560388

Karmarkar-Karp previous efficiency: 0.8036612509
Karmarkar-Karp ratio: 1.098451799
 Final Karmarkar-Karp time: 0.019586479

SFC previous efficiency: 0.5323574585
 Time take to run this function: 6.109999999e-07
SFC ratio: 1.213073491
 Final SFC time: 0.000706879

Hilbert SFC previous efficiency: 0.6457887205
DM: HilbertProcessorMapDoIt called...
  (nprocs, nteams, nworkers) = (96, 96, 1)
  Bucket 0 contains 1021688900
  Bucket 1 contains 1018690323
  Bucket 2 contains 1066434670
  Bucket 3 contains 1029199050
  Bucket 4 contains 1032338632
  Bucket 5 contains 1027967625
  Bucket 6 contains 1067292082
  Bucket 7 contains 1009193227
  Bucket 8 contains 1068994368
  Bucket 9 contains 1018914421
  Bucket 10 contains 1068442097
  Bucket 11 contains 966226082
  Bucket 12 contains 625870595
  Bucket 13 contains 1248968987
  Bucket 14 contains 1126864051
  Bucket 15 contains 1191215361
  Bucket 16 contains 619645271
  Bucket 17 contains 1259744175
  Bucket 18 contains 1256119836
  Bucket 19 contains 627455994
  Bucket 20 contains 1235291276
  Bucket 21 contains 1245482926
  Bucket 22 contains 557277680
  Bucket 23 contains 1121231955
  Bucket 24 contains 1254864655
  Bucket 25 contains 1258642349
  Bucket 26 contains 631804881
  Bucket 27 contains 1132460149
  Bucket 28 contains 1262137681
  Bucket 29 contains 633580322
  Bucket 30 contains 1275311282
  Bucket 31 contains 1279145883
  Bucket 32 contains 641586603
  Bucket 33 contains 1256202887
  Bucket 34 contains 1187265007
  Bucket 35 contains 1108061477
  Bucket 36 contains 623468426
  Bucket 37 contains 1263142035
  Bucket 38 contains 1256732864
  Bucket 39 contains 624505486
  Bucket 40 contains 1411065210
  Bucket 41 contains 767545980
  Bucket 42 contains 965454400
  Bucket 43 contains 989435493
  Bucket 44 contains 940179068
  Bucket 45 contains 956596282
  Bucket 46 contains 1000000000
  Bucket 47 contains 957434667
  Bucket 48 contains 1611518105
  Bucket 49 contains 711668754
  Bucket 50 contains 1350260605
  Bucket 51 contains 641707607
  Bucket 52 contains 1579719288
  Bucket 53 contains 851653074
  Bucket 54 contains 1186340501
  Bucket 55 contains 945152881
  Bucket 56 contains 1242113319
  Bucket 57 contains 620997884
  Bucket 58 contains 1246946473
  Bucket 59 contains 1249627440
  Bucket 60 contains 620235024
  Bucket 61 contains 1199322542
  Bucket 62 contains 1120044687
  Bucket 63 contains 631384065
  Bucket 64 contains 1355194438
  Bucket 65 contains 738211878
  Bucket 66 contains 1323472708
  Bucket 67 contains 1247386824
  Bucket 68 contains 632538297
  Bucket 69 contains 1182537588
  Bucket 70 contains 1103729905
  Bucket 71 contains 1041284386
  Bucket 72 contains 1042851682
  Bucket 73 contains 1095683669
  Bucket 74 contains 1043479373
  Bucket 75 contains 1127096743
  Bucket 76 contains 638515136
  Bucket 77 contains 1428149066
  Bucket 78 contains 638866860
  Bucket 79 contains 1274791404
  Bucket 80 contains 1272320596
  Bucket 81 contains 637325363
  Bucket 82 contains 1193597065
  Bucket 83 contains 1113714980
  Bucket 84 contains 1054815951
  Bucket 85 contains 837980180
  Bucket 86 contains 1392915936
  Bucket 87 contains 737393895
  Bucket 88 contains 900829197
  Bucket 89 contains 1368458550
  Bucket 90 contains 1086542731
  Bucket 91 contains 1206701615
  Bucket 92 contains 866274496
  Bucket 93 contains 994146828
  Bucket 94 contains 961488696
  Bucket 95 contains 1373059687
Hilbert SFC efficiency: 0.6457887205
Hilbert SFC ratio: 1
 Final Hilbert SFC time: 0.032008345

SFC+Knapsack previous efficiency: 0.7472333415
SFC + Knapsack ratio: 1.013587327
 Final SFC+Knapsack_Combined time: 0.000502373

SFC+Painter previous efficiency: 0.7271063633
Binary search iterations: 30
SFC+painterPartition efficiency: 0.8198543462
SFC+Painter ratio: 1.127557655
 Final SFC+Painter time: 0.01364655

Hilbert+Painter previous efficiency: 0.7271063633
Binary search iterations: 30
Hilbert+painterPartition efficiency: 0.8179543885
Hilbert+Painter ratio: 1.124944616
 Final Hilbert+Painter time: 0.000995709
Painter+Knapsack previous efficiency: 0.757386245
Binary search iterations: 30
SFC+painterPartition efficiency: 0.9460004653
Painter+Knapsack ratio: 1.028628649
 Final painter+Knapsack_Combined time: 0.018364701
Run 20
File weights 51 and ranks 51
Original previous efficiency: 0.7561760264
Original efficiency: 0.7561760264
Original ratio: 1
Knapsack previous efficiency: 0.7561760264
Knapsack ratio: 1.169641211
 Final Knapsack time: 0.013010587

Karmarkar-Karp previous efficiency: 0.7561760264
Karmarkar-Karp ratio: 1.169641211
 Final Karmarkar-Karp time: 0.020306203

SFC previous efficiency: 0.5422561204
 Time take to run this function: 6.01e-07
SFC ratio: 1.151822247
 Final SFC time: 0.000701299

Hilbert SFC previous efficiency: 0.6245826633
DM: HilbertProcessorMapDoIt called...
  (nprocs, nteams, nworkers) = (96, 96, 1)
  Bucket 0 contains 1033780416
  Bucket 1 contains 1030613435
  Bucket 2 contains 1078726411
  Bucket 3 contains 1041642869
  Bucket 4 contains 1044247620
  Bucket 5 contains 1095143585
  Bucket 6 contains 1025774065
  Bucket 7 contains 1076557164
  Bucket 8 contains 1026741483
  Bucket 9 contains 1090742758
  Bucket 10 contains 1023062003
  Bucket 11 contains 969472740
  Bucket 12 contains 634766859
  Bucket 13 contains 1260520323
  Bucket 14 contains 1141063787
  Bucket 15 contains 1200100072
  Bucket 16 contains 628485331
  Bucket 17 contains 1268231847
  Bucket 18 contains 1269528898
  Bucket 19 contains 637341159
  Bucket 20 contains 1264911298
  Bucket 21 contains 1268658310
  Bucket 22 contains 1124419064
  Bucket 23 contains 565979014
  Bucket 24 contains 1273254443
  Bucket 25 contains 1267969510
  Bucket 26 contains 637206302
  Bucket 27 contains 1139165314
  Bucket 28 contains 1271396289
  Bucket 29 contains 643499427
  Bucket 30 contains 1289956835
  Bucket 31 contains 1290296567
  Bucket 32 contains 644662633
  Bucket 33 contains 1273943538
  Bucket 34 contains 1199831291
  Bucket 35 contains 1125713327
  Bucket 36 contains 637821033
  Bucket 37 contains 1276483043
  Bucket 38 contains 1262679264
  Bucket 39 contains 637820291
  Bucket 40 contains 1462293789
  Bucket 41 contains 785639082
  Bucket 42 contains 987845347
  Bucket 43 contains 900714972
  Bucket 44 contains 867596363
  Bucket 45 contains 1825703975
  Bucket 46 contains 1000000000
  Bucket 47 contains 887756460
  Bucket 48 contains 800875590
  Bucket 49 contains 1425099859
  Bucket 50 contains 731391018
  Bucket 51 contains 664064881
  Bucket 52 contains 1615648733
  Bucket 53 contains 1242005409
  Bucket 54 contains 786248174
  Bucket 55 contains 917712552
  Bucket 56 contains 1217315652
  Bucket 57 contains 1279117333
  Bucket 58 contains 635335774
  Bucket 59 contains 1267086187
  Bucket 60 contains 1267759594
  Bucket 61 contains 1139460116
  Bucket 62 contains 568202646
  Bucket 63 contains 1275273725
  Bucket 64 contains 843067838
  Bucket 65 contains 837994650
  Bucket 66 contains 1530528536
  Bucket 67 contains 1271127160
  Bucket 68 contains 637929053
  Bucket 69 contains 1194962419
  Bucket 70 contains 1098808200
  Bucket 71 contains 1113663525
  Bucket 72 contains 1114271842
  Bucket 73 contains 1148819956
  Bucket 74 contains 896417746
  Bucket 75 contains 1138528948
  Bucket 76 contains 646435024
  Bucket 77 contains 1446219460
  Bucket 78 contains 645565854
  Bucket 79 contains 1291272179
  Bucket 80 contains 1280939904
  Bucket 81 contains 643396277
  Bucket 82 contains 1204261217
  Bucket 83 contains 1126557562
  Bucket 84 contains 1068880199
  Bucket 85 contains 857856725
  Bucket 86 contains 1409999821
  Bucket 87 contains 743742566
  Bucket 88 contains 906671539
  Bucket 89 contains 1387194937
  Bucket 90 contains 1100876387
  Bucket 91 contains 1211090988
  Bucket 92 contains 854692907
  Bucket 93 contains 1002093241
  Bucket 94 contains 962006401
  Bucket 95 contains 1412039194
Hilbert SFC efficiency: 0.577689657
Hilbert SFC ratio: 0.9249210568
 Final Hilbert SFC time: 0.026437301

SFC+Knapsack previous efficiency: 0.7155446365
SFC + Knapsack ratio: 0.9899129135
 Final SFC+Knapsack_Combined time: 0.000487043

SFC+Painter previous efficiency: 0.6389282563
Binary search iterations: 30
SFC+painterPartition efficiency: 0.8242074712
SFC+Painter ratio: 1.289984381
 Final SFC+Painter time: 0.013949277

Hilbert+Painter previous efficiency: 0.6389282563
Binary search iterations: 30
Hilbert+painterPartition efficiency: 0.8198564092
Hilbert+Painter ratio: 1.283174443
 Final Hilbert+Painter time: 0.000974448
Painter+Knapsack previous efficiency: 0.7083268758
Binary search iterations: 29
SFC+painterPartition efficiency: 0.9492757274
Painter+Knapsack ratio: 1.029536585
 Final painter+Knapsack_Combined time: 0.016350408
Run 21
File weights 51 and ranks 51
Original previous efficiency: 0.7193290766
Original efficiency: 0.8708354239
Original ratio: 1.210621748
Knapsack previous efficiency: 0.7193290766
Knapsack ratio: 1.225116073
 Final Knapsack time: 0.022786408

Karmarkar-Karp previous efficiency: 0.7193290766
Karmarkar-Karp ratio: 1.225116073
 Final Karmarkar-Karp time: 0.02670508

SFC previous efficiency: 0.5572687722
 Time take to run this function: 5.91e-07
SFC ratio: 1.125446739
 Final SFC time: 0.004803327

Hilbert SFC previous efficiency: 0.634310561
DM: HilbertProcessorMapDoIt called...
  (nprocs, nteams, nworkers) = (96, 96, 1)
  Bucket 0 contains 1077090454
  Bucket 1 contains 1074034614
  Bucket 2 contains 1124693801
  Bucket 3 contains 1088460630
  Bucket 4 contains 1082043359
  Bucket 5 contains 1082325842
  Bucket 6 contains 1125978980
  Bucket 7 contains 1121583641
  Bucket 8 contains 1070567544
  Bucket 9 contains 1073687819
  Bucket 10 contains 1130277725
  Bucket 11 contains 1019484781
  Bucket 12 contains 661852431
  Bucket 13 contains 1312540679
  Bucket 14 contains 1177398344
  Bucket 15 contains 1251270674
  Bucket 16 contains 665814881
  Bucket 17 contains 1320359288
  Bucket 18 contains 1316618278
  Bucket 19 contains 671155834
  Bucket 20 contains 1311433815
  Bucket 21 contains 1318914331
  Bucket 22 contains 594296621
  Bucket 23 contains 1186613119
  Bucket 24 contains 1333695358
  Bucket 25 contains 1325365829
  Bucket 26 contains 675183444
  Bucket 27 contains 1177861534
  Bucket 28 contains 1323447981
  Bucket 29 contains 665647786
  Bucket 30 contains 1338185996
  Bucket 31 contains 1343463948
  Bucket 32 contains 671020409
  Bucket 33 contains 1337924911
  Bucket 34 contains 1256917966
  Bucket 35 contains 1183747516
  Bucket 36 contains 656523110
  Bucket 37 contains 1329193174
  Bucket 38 contains 660450995
  Bucket 39 contains 1335861152
  Bucket 40 contains 1507511315
  Bucket 41 contains 818271928
  Bucket 42 contains 990856284
  Bucket 43 contains 866201910
  Bucket 44 contains 1690137022
  Bucket 45 contains 911850368
  Bucket 46 contains 1000000001
  Bucket 47 contains 910419258
  Bucket 48 contains 1592840316
  Bucket 49 contains 661084951
  Bucket 50 contains 1420950688
  Bucket 51 contains 970704525
  Bucket 52 contains 1178489854
  Bucket 53 contains 1243338984
  Bucket 54 contains 860832552
  Bucket 55 contains 1157197943
  Bucket 56 contains 634915841
  Bucket 57 contains 1390435452
  Bucket 58 contains 1327200382
  Bucket 59 contains 659083133
  Bucket 60 contains 1314074415
  Bucket 61 contains 1180173049
  Bucket 62 contains 1253211480
  Bucket 63 contains 722645197
  Bucket 64 contains 888346873
  Bucket 65 contains 936859701
  Bucket 66 contains 1730119873
  Bucket 67 contains 678620477
  Bucket 68 contains 1316998350
  Bucket 69 contains 1232825732
  Bucket 70 contains 1139450625
  Bucket 71 contains 1159295889
  Bucket 72 contains 1156360393
  Bucket 73 contains 1193759044
  Bucket 74 contains 931385537
  Bucket 75 contains 1187894561
  Bucket 76 contains 673539507
  Bucket 77 contains 1501348249
  Bucket 78 contains 670792884
  Bucket 79 contains 1338291726
  Bucket 80 contains 1340488615
  Bucket 81 contains 673570680
  Bucket 82 contains 1269753976
  Bucket 83 contains 1173040106
  Bucket 84 contains 1111326592
  Bucket 85 contains 898282153
  Bucket 86 contains 1451821730
  Bucket 87 contains 776814492
  Bucket 88 contains 942382735
  Bucket 89 contains 1437464637
  Bucket 90 contains 1150643286
  Bucket 91 contains 1239829946
  Bucket 92 contains 1110471567
  Bucket 93 contains 766786187
  Bucket 94 contains 1005951985
  Bucket 95 contains 1533663947
Hilbert SFC efficiency: 0.634310561
Hilbert SFC ratio: 1
 Final Hilbert SFC time: 0.039859206

SFC+Knapsack previous efficiency: 0.6857162639
SFC + Knapsack ratio: 1.068104307
 Final SFC+Knapsack_Combined time: 0.000543513

SFC+Painter previous efficiency: 0.5940977717
Binary search iterations: 30
SFC+painterPartition efficiency: 0.8192860033
SFC+Painter ratio: 1.379042377
 Final SFC+Painter time: 0.017711014

Hilbert+Painter previous efficiency: 0.5940977717
Binary search iterations: 30
Hilbert+painterPartition efficiency: 0.8190572988
Hilbert+Painter ratio: 1.378657416
 Final Hilbert+Painter time: 0.001159225
Painter+Knapsack previous efficiency: 0.6871620613
Binary search iterations: 30
SFC+painterPartition efficiency: 0.9432783575
Painter+Knapsack ratio: 1.016077354
 Final painter+Knapsack_Combined time: 0.017324807
Run 22
File weights 51 and ranks 51
Original previous efficiency: 0.707619248
Original efficiency: 0.8717737285
Original ratio: 1.231981367
Knapsack previous efficiency: 0.707619248
Knapsack ratio: 1.245812045
 Final Knapsack time: 0.012632465

Karmarkar-Karp previous efficiency: 0.707619248
Karmarkar-Karp ratio: 1.245812045
 Final Karmarkar-Karp time: 0.020642594

SFC previous efficiency: 0.546018038
 Time take to run this function: 6.410000002e-07
SFC ratio: 1.147254229
 Final SFC time: 0.000636323

Hilbert SFC previous efficiency: 0.6126486545
DM: HilbertProcessorMapDoIt called...
  (nprocs, nteams, nworkers) = (96, 96, 1)
  Bucket 0 contains 1114707025
  Bucket 1 contains 1111110206
  Bucket 2 contains 1164075497
  Bucket 3 contains 1125921288
  Bucket 4 contains 1119432002
  Bucket 5 contains 1119825551
  Bucket 6 contains 1164692484
  Bucket 7 contains 1099298903
  Bucket 8 contains 1167277842
  Bucket 9 contains 1111085847
  Bucket 10 contains 1170017674
  Bucket 11 contains 1052949217
  Bucket 12 contains 672779424
  Bucket 13 contains 1364497464
  Bucket 14 contains 1221401550
  Bucket 15 contains 1295516346
  Bucket 16 contains 684663529
  Bucket 17 contains 1364381024
  Bucket 18 contains 1366966783
  Bucket 19 contains 690932702
  Bucket 20 contains 1356651155
  Bucket 21 contains 1367234172
  Bucket 22 contains 613526144
  Bucket 23 contains 1225290002
  Bucket 24 contains 1380227871
  Bucket 25 contains 1366713964
  Bucket 26 contains 693891088
  Bucket 27 contains 1225899954
  Bucket 28 contains 1377037529
  Bucket 29 contains 686479094
  Bucket 30 contains 1380311513
  Bucket 31 contains 1388398182
  Bucket 32 contains 693332703
  Bucket 33 contains 1374881059
  Bucket 34 contains 1298963966
  Bucket 35 contains 1219134782
  Bucket 36 contains 680253453
  Bucket 37 contains 1364721991
  Bucket 38 contains 1377180150
  Bucket 39 contains 690889277
  Bucket 40 contains 680154340
  Bucket 41 contains 1813893099
  Bucket 42 contains 993405731
  Bucket 43 contains 861376521
  Bucket 44 contains 1708450826
  Bucket 45 contains 928147404
  Bucket 46 contains 995417670
  Bucket 47 contains 951965736
  Bucket 48 contains 1700798467
  Bucket 49 contains 703748280
  Bucket 50 contains 1499199004
  Bucket 51 contains 1000000001
  Bucket 52 contains 1158425245
  Bucket 53 contains 1264603359
  Bucket 54 contains 883916879
  Bucket 55 contains 1179830508
  Bucket 56 contains 650422706
  Bucket 57 contains 1494143136
  Bucket 58 contains 1364932932
  Bucket 59 contains 680165333
  Bucket 60 contains 1369610411
  Bucket 61 contains 1222815203
  Bucket 62 contains 1289805985
  Bucket 63 contains 744308258
  Bucket 64 contains 958585626
  Bucket 65 contains 996623759
  Bucket 66 contains 1852232093
  Bucket 67 contains 747833187
  Bucket 68 contains 1366572814
  Bucket 69 contains 1272220837
  Bucket 70 contains 1180667060
  Bucket 71 contains 1135124345
  Bucket 72 contains 1196114904
  Bucket 73 contains 1127606802
  Bucket 74 contains 1136176982
  Bucket 75 contains 607699602
  Bucket 76 contains 1309549723
  Bucket 77 contains 866737039
  Bucket 78 contains 1379211943
  Bucket 79 contains 1382906735
  Bucket 80 contains 693760479
  Bucket 81 contains 1391559467
  Bucket 82 contains 1303860573
  Bucket 83 contains 1213879193
  Bucket 84 contains 1149811711
  Bucket 85 contains 949918187
  Bucket 86 contains 805977082
  Bucket 87 contains 1378088887
  Bucket 88 contains 1095466986
  Bucket 89 contains 1486604906
  Bucket 90 contains 1191026444
  Bucket 91 contains 861777056
  Bucket 92 contains 1239672133
  Bucket 93 contains 1045304647
  Bucket 94 contains 921489780
  Bucket 95 contains 1611531531
Hilbert SFC efficiency: 0.6126486545
Hilbert SFC ratio: 1
 Final Hilbert SFC time: 0.026266881

SFC+Knapsack previous efficiency: 0.6739750522
SFC + Knapsack ratio: 1.008959871
 Final SFC+Knapsack_Combined time: 0.000501251

SFC+Painter previous efficiency: 0.8185918046
Binary search iterations: 30
SFC+painterPartition efficiency: 0.8232765343
SFC+Painter ratio: 1.005722913
 Final SFC+Painter time: 0.013062117

Hilbert+Painter previous efficiency: 0.7953440835
Binary search iterations: 30
Hilbert+painterPartition efficiency: 0.8185918046
Hilbert+Painter ratio: 1.029229766
 Final Hilbert+Painter time: 0.001239441
Painter+Knapsack previous efficiency: 0.6727911048
Binary search iterations: 30
SFC+painterPartition efficiency: 0.9409211724
Painter+Knapsack ratio: 1.010735393
 Final painter+Knapsack_Combined time: 0.016515318
Run 23
File weights 51 and ranks 51
Original previous efficiency: 0.7029824863
Original efficiency: 0.8709655961
Original ratio: 1.238957745
Knapsack previous efficiency: 0.7029824863
Knapsack ratio: 1.255961793
 Final Knapsack time: 0.025281042

Karmarkar-Karp previous efficiency: 0.7029824863
Karmarkar-Karp ratio: 1.255961793
 Final Karmarkar-Karp time: 0.020639569

SFC previous efficiency: 0.5402220619
 Time take to run this function: 6.71e-07
SFC ratio: 1.15113786
 Final SFC time: 0.000670199

Hilbert SFC previous efficiency: 0.6023429465
DM: HilbertProcessorMapDoIt called...
  (nprocs, nteams, nworkers) = (96, 96, 1)
  Bucket 0 contains 1089925668
  Bucket 1 contains 1086023771
  Bucket 2 contains 1137442268
  Bucket 3 contains 1103179878
  Bucket 4 contains 1094738338
  Bucket 5 contains 1095301124
  Bucket 6 contains 1139156342
  Bucket 7 contains 1075033203
  Bucket 8 contains 1140663040
  Bucket 9 contains 1085954477
  Bucket 10 contains 1143345166
  Bucket 11 contains 1032551056
  Bucket 12 contains 664035117
  Bucket 13 contains 1324666001
  Bucket 14 contains 1193252771
  Bucket 15 contains 1264319808
  Bucket 16 contains 671296670
  Bucket 17 contains 1338399275
  Bucket 18 contains 1335010936
  Bucket 19 contains 679448816
  Bucket 20 contains 1329582547
  Bucket 21 contains 1335076161
  Bucket 22 contains 598456515
  Bucket 23 contains 1196923566
  Bucket 24 contains 1344412310
  Bucket 25 contains 1337037649
  Bucket 26 contains 677694441
  Bucket 27 contains 1203407949
  Bucket 28 contains 1346701752
  Bucket 29 contains 669820294
  Bucket 30 contains 1351039949
  Bucket 31 contains 1349707161
  Bucket 32 contains 673456663
  Bucket 33 contains 1348061330
  Bucket 34 contains 1268229348
  Bucket 35 contains 1199569630
  Bucket 36 contains 669898333
  Bucket 37 contains 1334642454
  Bucket 38 contains 1335312102
  Bucket 39 contains 674804333
  Bucket 40 contains 667470197
  Bucket 41 contains 1829215833
  Bucket 42 contains 919630503
  Bucket 43 contains 827414669
  Bucket 44 contains 1650874026
  Bucket 45 contains 895836243
  Bucket 46 contains 949391468
  Bucket 47 contains 938680031
  Bucket 48 contains 1695077000
  Bucket 49 contains 683519538
  Bucket 50 contains 1491593300
  Bucket 51 contains 1000000001
  Bucket 52 contains 1142097476
  Bucket 53 contains 1228383256
  Bucket 54 contains 854291470
  Bucket 55 contains 1141050418
  Bucket 56 contains 624073071
  Bucket 57 contains 1494233850
  Bucket 58 contains 1334806215
  Bucket 59 contains 669317556
  Bucket 60 contains 1328487430
  Bucket 61 contains 1188901282
  Bucket 62 contains 1261431022
  Bucket 63 contains 726892486
  Bucket 64 contains 958458140
  Bucket 65 contains 983677609
  Bucket 66 contains 1841900442
  Bucket 67 contains 765010373
  Bucket 68 contains 1340921551
  Bucket 69 contains 1253337604
  Bucket 70 contains 576590684
  Bucket 71 contains 1140133954
  Bucket 72 contains 1161185278
  Bucket 73 contains 988224826
  Bucket 74 contains 1128793538
  Bucket 75 contains 1257645645
  Bucket 76 contains 1278598921
  Bucket 77 contains 845251927
  Bucket 78 contains 1346034685
  Bucket 79 contains 1353825819
  Bucket 80 contains 676914064
  Bucket 81 contains 1356007345
  Bucket 82 contains 1267773876
  Bucket 83 contains 1184399151
  Bucket 84 contains 956773778
  Bucket 85 contains 1102472722
  Bucket 86 contains 775846506
  Bucket 87 contains 1342289502
  Bucket 88 contains 1076485318
  Bucket 89 contains 787520413
  Bucket 90 contains 1628811860
  Bucket 91 contains 1030395911
  Bucket 92 contains 1165050514
  Bucket 93 contains 1021790169
  Bucket 94 contains 870006163
  Bucket 95 contains 1565376141
Hilbert SFC efficiency: 0.6023429465
Hilbert SFC ratio: 1
 Final Hilbert SFC time: 0.027384647

SFC+Knapsack previous efficiency: 0.6715921568
SFC + Knapsack ratio: 0.9993698183
 Final SFC+Knapsack_Combined time: 0.000515568

SFC+Painter previous efficiency: 0.7888558346
Binary search iterations: 30
SFC+painterPartition efficiency: 0.8231589825
SFC+Painter ratio: 1.043484685
 Final SFC+Painter time: 0.016772967

Hilbert+Painter previous efficiency: 0.7724048343
Binary search iterations: 30
Hilbert+painterPartition efficiency: 0.8211864795
Hilbert+Painter ratio: 1.063155541
 Final Hilbert+Painter time: 0.001007441
Painter+Knapsack previous efficiency: 0.6725215286
Binary search iterations: 30
SFC+painterPartition efficiency: 0.9480735972
Painter+Knapsack ratio: 0.997988768
 Final painter+Knapsack_Combined time: 0.021825957
Run 24
File weights 51 and ranks 51
Original previous efficiency: 0.6683221127
Original efficiency: 0.8321759082
Original ratio: 1.24517189
Knapsack previous efficiency: 0.6683221127
Knapsack ratio: 1.319051218
 Final Knapsack time: 0.014325305

Karmarkar-Karp previous efficiency: 0.6683221127
Karmarkar-Karp ratio: 1.319051218
 Final Karmarkar-Karp time: 0.020416126

SFC previous efficiency: 0.5488850651
 Time take to run this function: 6.309999998e-07
SFC ratio: 1.077131236
 Final SFC time: 0.000653927

Hilbert SFC previous efficiency: 0.567268445
DM: HilbertProcessorMapDoIt called...
  (nprocs, nteams, nworkers) = (96, 96, 1)
  Bucket 0 contains 1026542749
  Bucket 1 contains 1022715684
  Bucket 2 contains 1071965560
  Bucket 3 contains 1037197733
  Bucket 4 contains 1030941516
  Bucket 5 contains 1032196687
  Bucket 6 contains 1073129987
  Bucket 7 contains 1012376977
  Bucket 8 contains 1074962103
  Bucket 9 contains 1022997602
  Bucket 10 contains 1021721291
  Bucket 11 contains 1021791345
  Bucket 12 contains 625588294
  Bucket 13 contains 1251410671
  Bucket 14 contains 1118562187
  Bucket 15 contains 1191425493
  Bucket 16 contains 633003930
  Bucket 17 contains 1241551463
  Bucket 18 contains 1256150276
  Bucket 19 contains 635889262
  Bucket 20 contains 1244185078
  Bucket 21 contains 1255477103
  Bucket 22 contains 563298182
  Bucket 23 contains 1126236378
  Bucket 24 contains 1271486567
  Bucket 25 contains 634464017
  Bucket 26 contains 1264493022
  Bucket 27 contains 1127571072
  Bucket 28 contains 1266257489
  Bucket 29 contains 634481690
  Bucket 30 contains 1267748612
  Bucket 31 contains 1279878848
  Bucket 32 contains 636066778
  Bucket 33 contains 1271002626
  Bucket 34 contains 1191596190
  Bucket 35 contains 565345205
  Bucket 36 contains 1188024763
  Bucket 37 contains 1266890083
  Bucket 38 contains 627229237
  Bucket 39 contains 1264872095
  Bucket 40 contains 624807863
  Bucket 41 contains 1664755288
  Bucket 42 contains 826966041
  Bucket 43 contains 1397656160
  Bucket 44 contains 720484632
  Bucket 45 contains 816193139
  Bucket 46 contains 877254993
  Bucket 47 contains 1672245373
  Bucket 48 contains 781070436
  Bucket 49 contains 1355343643
  Bucket 50 contains 653206646
  Bucket 51 contains 964516803
  Bucket 52 contains 1084541444
  Bucket 53 contains 1165084786
  Bucket 54 contains 1313021088
  Bucket 55 contains 1140527818
  Bucket 56 contains 805852119
  Bucket 57 contains 1254034692
  Bucket 58 contains 630331343
  Bucket 59 contains 1255604756
  Bucket 60 contains 1182544688
  Bucket 61 contains 1122040303
  Bucket 62 contains 626687356
  Bucket 63 contains 696300127
  Bucket 64 contains 958280450
  Bucket 65 contains 1000000001
  Bucket 66 contains 1838622736
  Bucket 67 contains 741948363
  Bucket 68 contains 1272212022
  Bucket 69 contains 1171802853
  Bucket 70 contains 1075685324
  Bucket 71 contains 1045137226
  Bucket 72 contains 1043212796
  Bucket 73 contains 461495827
  Bucket 74 contains 1059139799
  Bucket 75 contains 1180399464
  Bucket 76 contains 1202114309
  Bucket 77 contains 797269562
  Bucket 78 contains 1275188888
  Bucket 79 contains 1267345128
  Bucket 80 contains 639134641
  Bucket 81 contains 1269684437
  Bucket 82 contains 1201327480
  Bucket 83 contains 1116313510
  Bucket 84 contains 1058139733
  Bucket 85 contains 886281013
  Bucket 86 contains 713002936
  Bucket 87 contains 1261267757
  Bucket 88 contains 1015292838
  Bucket 89 contains 741035768
  Bucket 90 contains 1540265980
  Bucket 91 contains 976717336
  Bucket 92 contains 1048814003
  Bucket 93 contains 962915858
  Bucket 94 contains 849198020
  Bucket 95 contains 1478251958
Hilbert SFC efficiency: 0.567268445
Hilbert SFC ratio: 1
 Final Hilbert SFC time: 0.026638932

SFC+Knapsack previous efficiency: 0.6406211435
SFC + Knapsack ratio: 1.069318116
 Final SFC+Knapsack_Combined time: 0.000503445

SFC+Painter previous efficiency: 0.8149897677
Binary search iterations: 30
SFC+painterPartition efficiency: 0.821458175
SFC+Painter ratio: 1.007936796
 Final SFC+Painter time: 0.012770211

Hilbert+Painter previous efficiency: 0.7545809533
Binary search iterations: 30
Hilbert+painterPartition efficiency: 0.8191918562
Hilbert+Painter ratio: 1.085624879
 Final Hilbert+Painter time: 0.000878793
Painter+Knapsack previous efficiency: 0.6422182719
Binary search iterations: 30
SFC+painterPartition efficiency: 0.942605942
Painter+Knapsack ratio: 1.066658836
 Final painter+Knapsack_Combined time: 0.016395947
Run 25
File weights 51 and ranks 51
Original previous efficiency: 0.6498981222
Original efficiency: 0.7897067712
Original ratio: 1.215123947
Knapsack previous efficiency: 0.863383864
Knapsack ratio: 1.023025179
 Final Knapsack time: 0.012353925

Karmarkar-Karp previous efficiency: 0.863383864
Karmarkar-Karp ratio: 1.023025179
 Final Karmarkar-Karp time: 0.020336943

SFC previous efficiency: 0.5471460657
 Time take to run this function: 5.610000002e-07
SFC ratio: 1
 Final SFC time: 0.000655641

Hilbert SFC previous efficiency: 0.5203939883
DM: HilbertProcessorMapDoIt called...
  (nprocs, nteams, nworkers) = (96, 96, 1)
  Bucket 0 contains 981079598
  Bucket 1 contains 977514554
  Bucket 2 contains 1024381150
  Bucket 3 contains 990915701
  Bucket 4 contains 989363882
  Bucket 5 contains 985667044
  Bucket 6 contains 1025135028
  Bucket 7 contains 967650076
  Bucket 8 contains 1027045055
  Bucket 9 contains 977550892
  Bucket 10 contains 1029646114
  Bucket 11 contains 921043415
  Bucket 12 contains 597883662
  Bucket 13 contains 1200818293
  Bucket 14 contains 1070205898
  Bucket 15 contains 1139664868
  Bucket 16 contains 605588121
  Bucket 17 contains 1199351467
  Bucket 18 contains 1193688266
  Bucket 19 contains 603918293
  Bucket 20 contains 1201334510
  Bucket 21 contains 1208279787
  Bucket 22 contains 536915945
  Bucket 23 contains 1077687934
  Bucket 24 contains 1210746017
  Bucket 25 contains 1203488943
  Bucket 26 contains 615429350
  Bucket 27 contains 1077521314
  Bucket 28 contains 1211949900
  Bucket 29 contains 600137745
  Bucket 30 contains 1215541502
  Bucket 31 contains 1223104243
  Bucket 32 contains 609596722
  Bucket 33 contains 1209009821
  Bucket 34 contains 1142816847
  Bucket 35 contains 1078294633
  Bucket 36 contains 596863745
  Bucket 37 contains 1207727638
  Bucket 38 contains 1202074384
  Bucket 39 contains 605703345
  Bucket 40 contains 601965175
  Bucket 41 contains 1592760180
  Bucket 42 contains 748706565
  Bucket 43 contains 1239831231
  Bucket 44 contains 633103219
  Bucket 45 contains 1523670251
  Bucket 46 contains 862693562
  Bucket 47 contains 798569779
  Bucket 48 contains 780144345
  Bucket 49 contains 1290108524
  Bucket 50 contains 635895871
  Bucket 51 contains 1516956962
  Bucket 52 contains 1118308920
  Bucket 53 contains 715410988
  Bucket 54 contains 820181421
  Bucket 55 contains 1071246974
  Bucket 56 contains 832393744
  Bucket 57 contains 1197524661
  Bucket 58 contains 1208926649
  Bucket 59 contains 598886434
  Bucket 60 contains 1129978578
  Bucket 61 contains 1075627179
  Bucket 62 contains 1233284311
  Bucket 63 contains 1044769532
  Bucket 64 contains 1000000000
  Bucket 65 contains 987628824
  Bucket 66 contains 931154215
  Bucket 67 contains 734548556
  Bucket 68 contains 1219901113
  Bucket 69 contains 1120284446
  Bucket 70 contains 1043965267
  Bucket 71 contains 999122425
  Bucket 72 contains 996179319
  Bucket 73 contains 440965576
  Bucket 74 contains 1019884976
  Bucket 75 contains 1127055089
  Bucket 76 contains 1142407882
  Bucket 77 contains 760527260
  Bucket 78 contains 1210565742
  Bucket 79 contains 1218983494
  Bucket 80 contains 612072636
  Bucket 81 contains 1219277129
  Bucket 82 contains 1146272146
  Bucket 83 contains 1066755129
  Bucket 84 contains 1011958205
  Bucket 85 contains 881770713
  Bucket 86 contains 676547881
  Bucket 87 contains 1205795420
  Bucket 88 contains 963773587
  Bucket 89 contains 1303205887
  Bucket 90 contains 989157646
  Bucket 91 contains 826795922
  Bucket 92 contains 980219910
  Bucket 93 contains 1175200782
  Bucket 94 contains 564950480
  Bucket 95 contains 1468014794
Hilbert SFC efficiency: 0.6269136879
Hilbert SFC ratio: 1.204690488
 Final Hilbert SFC time: 0.036392068

SFC+Knapsack previous efficiency: 0.614472818
SFC + Knapsack ratio: 1.179436706
 Final SFC+Knapsack_Combined time: 0.000535357

SFC+Painter previous efficiency: 0.8096455533
Binary search iterations: 30
SFC+painterPartition efficiency: 0.8220744764
SFC+Painter ratio: 1.015351067
 Final SFC+Painter time: 0.012875366

Hilbert+Painter previous efficiency: 0.7388459008
Binary search iterations: 30
Hilbert+painterPartition efficiency: 0.8192395881
Hilbert+Painter ratio: 1.108809817
 Final Hilbert+Painter time: 0.000894864
Painter+Knapsack previous efficiency: 0.5994605855
Binary search iterations: 30
SFC+painterPartition efficiency: 0.9431566607
Painter+Knapsack ratio: 1.216680655
 Final painter+Knapsack_Combined time: 0.01860144
Run 26
File weights 51 and ranks 51
Original previous efficiency: 0.6491413521
Original efficiency: 0.8725141437
Original ratio: 1.34410501
Knapsack previous efficiency: 0.8757195841
Knapsack ratio: 1.006263281
 Final Knapsack time: 0.033428987

Karmarkar-Karp previous efficiency: 0.8757195841
Karmarkar-Karp ratio: 1.006263281
 Final Karmarkar-Karp time: 0.037509974

SFC previous efficiency: 0.5326216122
 Time take to run this function: 6.610000005e-07
SFC ratio: 1
 Final SFC time: 0.002970565

Hilbert SFC previous efficiency: 0.5048960866
DM: HilbertProcessorMapDoIt called...
  (nprocs, nteams, nworkers) = (96, 96, 1)
  Bucket 0 contains 979399770
  Bucket 1 contains 976507457
  Bucket 2 contains 1018012408
  Bucket 3 contains 984311873
  Bucket 4 contains 985504240
  Bucket 5 contains 1035862392
  Bucket 6 contains 972772072
  Bucket 7 contains 1014377690
  Bucket 8 contains 972627251
  Bucket 9 contains 1030286946
  Bucket 10 contains 971079637
  Bucket 11 contains 927177587
  Bucket 12 contains 598726179
  Bucket 13 contains 1205228626
  Bucket 14 contains 1071626384
  Bucket 15 contains 1138116759
  Bucket 16 contains 602085584
  Bucket 17 contains 1206591267
  Bucket 18 contains 1203560246
  Bucket 19 contains 609880928
  Bucket 20 contains 1192667137
  Bucket 21 contains 1211720864
  Bucket 22 contains 534639368
  Bucket 23 contains 1075632723
  Bucket 24 contains 1202612697
  Bucket 25 contains 1199508970
  Bucket 26 contains 608155164
  Bucket 27 contains 1078131121
  Bucket 28 contains 1214780533
  Bucket 29 contains 601621126
  Bucket 30 contains 1220955609
  Bucket 31 contains 1222014487
  Bucket 32 contains 600892673
  Bucket 33 contains 1213327866
  Bucket 34 contains 1147252921
  Bucket 35 contains 1076690087
  Bucket 36 contains 601874192
  Bucket 37 contains 1208883045
  Bucket 38 contains 1200739854
  Bucket 39 contains 611710447
  Bucket 40 contains 601010483
  Bucket 41 contains 1611025022
  Bucket 42 contains 701934227
  Bucket 43 contains 1231766664
  Bucket 44 contains 1253261772
  Bucket 45 contains 761857483
  Bucket 46 contains 863195253
  Bucket 47 contains 838564228
  Bucket 48 contains 1392775579
  Bucket 49 contains 664290449
  Bucket 50 contains 632982261
  Bucket 51 contains 1511645987
  Bucket 52 contains 1120866184
  Bucket 53 contains 1098195301
  Bucket 54 contains 963337210
  Bucket 55 contains 534759439
  Bucket 56 contains 1497391024
  Bucket 57 contains 598256654
  Bucket 58 contains 1216944794
  Bucket 59 contains 1200608625
  Bucket 60 contains 1076271569
  Bucket 61 contains 537815648
  Bucket 62 contains 1243082725
  Bucket 63 contains 1029988791
  Bucket 64 contains 986827577
  Bucket 65 contains 1000000001
  Bucket 66 contains 977977856
  Bucket 67 contains 808061535
  Bucket 68 contains 1230606278
  Bucket 69 contains 1115181075
  Bucket 70 contains 1041221051
  Bucket 71 contains 998647410
  Bucket 72 contains 994465083
  Bucket 73 contains 1038775678
  Bucket 74 contains 994747250
  Bucket 75 contains 542355815
  Bucket 76 contains 1150737152
  Bucket 77 contains 762115085
  Bucket 78 contains 1209555107
  Bucket 79 contains 1222162469
  Bucket 80 contains 608725355
  Bucket 81 contains 1222673094
  Bucket 82 contains 1139692389
  Bucket 83 contains 1059385329
  Bucket 84 contains 1006020798
  Bucket 85 contains 885291081
  Bucket 86 contains 663465094
  Bucket 87 contains 1213941612
  Bucket 88 contains 975970689
  Bucket 89 contains 1314459334
  Bucket 90 contains 988320532
  Bucket 91 contains 823876710
  Bucket 92 contains 973115716
  Bucket 93 contains 1179940666
  Bucket 94 contains 556701415
  Bucket 95 contains 1478245037
Hilbert SFC efficiency: 0.6198992975
Hilbert SFC ratio: 1.227776
 Final Hilbert SFC time: 0.037308785

SFC+Knapsack previous efficiency: 0.6173628299
SFC + Knapsack ratio: 1.161614131
 Final SFC+Knapsack_Combined time: 0.000499588

SFC+Painter previous efficiency: 0.7971067918
Binary search iterations: 30
SFC+painterPartition efficiency: 0.8239437346
SFC+Painter ratio: 1.033667939
 Final SFC+Painter time: 0.013283276

Hilbert+Painter previous efficiency: 0.6965376133
Binary search iterations: 30
Hilbert+painterPartition efficiency: 0.8195282224
Hilbert+Painter ratio: 1.176574254
 Final Hilbert+Painter time: 0.000975961
Painter+Knapsack previous efficiency: 0.5591552373
Binary search iterations: 30
SFC+painterPartition efficiency: 0.9405900386
Painter+Knapsack ratio: 1.351124268
 Final painter+Knapsack_Combined time: 0.016200308
Run 27
File weights 51 and ranks 51
Original previous efficiency: 0.8396413663
Original efficiency: 0.8396413663
Original ratio: 1
Knapsack previous efficiency: 0.8492408794
Knapsack ratio: 1.039450435
 Final Knapsack time: 0.013188673

Karmarkar-Karp previous efficiency: 0.8492408794
Karmarkar-Karp ratio: 1.039450435
 Final Karmarkar-Karp time: 0.019320803

SFC previous efficiency: 0.5240472798
 Time take to run this function: 5.91e-07
SFC ratio: 1.261491277
 Final SFC time: 0.000612386

Hilbert SFC previous efficiency: 0.5033931423
DM: HilbertProcessorMapDoIt called...
  (nprocs, nteams, nworkers) = (96, 96, 1)
  Bucket 0 contains 988436325
  Bucket 1 contains 985719666
  Bucket 2 contains 1027558502
  Bucket 3 contains 993879124
  Bucket 4 contains 995306204
  Bucket 5 contains 992963654
  Bucket 6 contains 1034543388
  Bucket 7 contains 971904414
  Bucket 8 contains 1034005710
  Bucket 9 contains 984829340
  Bucket 10 contains 1035551275
  Bucket 11 contains 936211911
  Bucket 12 contains 602641792
  Bucket 13 contains 1209876030
  Bucket 14 contains 1077828938
  Bucket 15 contains 1150517945
  Bucket 16 contains 606223827
  Bucket 17 contains 1211782157
  Bucket 18 contains 1212713897
  Bucket 19 contains 608884670
  Bucket 20 contains 1213403122
  Bucket 21 contains 1220712705
  Bucket 22 contains 535053759
  Bucket 23 contains 1088835467
  Bucket 24 contains 1209334818
  Bucket 25 contains 612424711
  Bucket 26 contains 1221778904
  Bucket 27 contains 1085989708
  Bucket 28 contains 1226048990
  Bucket 29 contains 607037199
  Bucket 30 contains 1228173767
  Bucket 31 contains 1227852775
  Bucket 32 contains 603777575
  Bucket 33 contains 1278572997
  Bucket 34 contains 618928060
  Bucket 35 contains 1083532072
  Bucket 36 contains 1142401310
  Bucket 37 contains 1215485647
  Bucket 38 contains 603124538
  Bucket 39 contains 1218958154
  Bucket 40 contains 604401536
  Bucket 41 contains 1641307614
  Bucket 42 contains 672997609
  Bucket 43 contains 1229780172
  Bucket 44 contains 619613143
  Bucket 45 contains 1291461079
  Bucket 46 contains 801952670
  Bucket 47 contains 832453853
  Bucket 48 contains 1377717050
  Bucket 49 contains 644934788
  Bucket 50 contains 1546769167
  Bucket 51 contains 955597479
  Bucket 52 contains 1088137100
  Bucket 53 contains 739477103
  Bucket 54 contains 974776270
  Bucket 55 contains 528390178
  Bucket 56 contains 1569196606
  Bucket 57 contains 1219162196
  Bucket 58 contains 609123194
  Bucket 59 contains 1217100727
  Bucket 60 contains 1089009477
  Bucket 61 contains 542194544
  Bucket 62 contains 1264380709
  Bucket 63 contains 1036461415
  Bucket 64 contains 957964744
  Bucket 65 contains 1000000001
  Bucket 66 contains 995176118
  Bucket 67 contains 908677535
  Bucket 68 contains 1284483900
  Bucket 69 contains 1118452439
  Bucket 70 contains 1042651692
  Bucket 71 contains 951149618
  Bucket 72 contains 1004980042
  Bucket 73 contains 497718110
  Bucket 74 contains 1011087184
  Bucket 75 contains 1138785462
  Bucket 76 contains 1156422910
  Bucket 77 contains 763064076
  Bucket 78 contains 1217834925
  Bucket 79 contains 1229750900
  Bucket 80 contains 616172069
  Bucket 81 contains 1228548047
  Bucket 82 contains 1150486456
  Bucket 83 contains 1067346301
  Bucket 84 contains 1016017911
  Bucket 85 contains 896098956
  Bucket 86 contains 660417779
  Bucket 87 contains 1219021635
  Bucket 88 contains 982077671
  Bucket 89 contains 715014421
  Bucket 90 contains 1488164818
  Bucket 91 contains 929305109
  Bucket 92 contains 943750632
  Bucket 93 contains 1156566241
  Bucket 94 contains 529142811
  Bucket 95 contains 1542834462
Hilbert SFC efficiency: 0.6119254962
Hilbert SFC ratio: 1.215601574
 Final Hilbert SFC time: 0.030423505

SFC+Knapsack previous efficiency: 0.6107943258
SFC + Knapsack ratio: 1.18190636
 Final SFC+Knapsack_Combined time: 0.000507383

SFC+Painter previous efficiency: 0.7732971574
Binary search iterations: 30
SFC+painterPartition efficiency: 0.8175162368
SFC+Painter ratio: 1.057182519
 Final SFC+Painter time: 0.015835681

Hilbert+Painter previous efficiency: 0.6336279228
Binary search iterations: 30
Hilbert+painterPartition efficiency: 0.8177653709
Hilbert+Painter ratio: 1.290608165
 Final Hilbert+Painter time: 0.001119259
Painter+Knapsack previous efficiency: 0.7732971574
Binary search iterations: 29
SFC+painterPartition efficiency: 0.9368416913
Painter+Knapsack ratio: 0.9335372455
 Final painter+Knapsack_Combined time: 0.02039257
Run 28
File weights 51 and ranks 51
Original previous efficiency: 0.7952793496
Original efficiency: 0.7952793496
Original ratio: 1
Knapsack previous efficiency: 0.8341233993
Knapsack ratio: 1.057668538
 Final Knapsack time: 0.012537771

Karmarkar-Karp previous efficiency: 0.8341233993
Karmarkar-Karp ratio: 1.057668538
 Final Karmarkar-Karp time: 0.035512975

SFC previous efficiency: 0.533961851
 Time take to run this function: 5.610000002e-07
SFC ratio: 1.286459542
 Final SFC time: 0.000696659

Hilbert SFC previous efficiency: 0.527931889
DM: HilbertProcessorMapDoIt called...
  (nprocs, nteams, nworkers) = (96, 96, 1)
  Bucket 0 contains 996274556
  Bucket 1 contains 993028434
  Bucket 2 contains 1035573205
  Bucket 3 contains 1001198823
  Bucket 4 contains 1002709791
  Bucket 5 contains 1053872551
  Bucket 6 contains 989831600
  Bucket 7 contains 1032058406
  Bucket 8 contains 989476935
  Bucket 9 contains 992669393
  Bucket 10 contains 1043509836
  Bucket 11 contains 946310632
  Bucket 12 contains 610700339
  Bucket 13 contains 1221950852
  Bucket 14 contains 1091522062
  Bucket 15 contains 1157232142
  Bucket 16 contains 614113200
  Bucket 17 contains 1228724754
  Bucket 18 contains 1224422581
  Bucket 19 contains 611054442
  Bucket 20 contains 1209650490
  Bucket 21 contains 1233553976
  Bucket 22 contains 542152606
  Bucket 23 contains 1097069251
  Bucket 24 contains 1228292228
  Bucket 25 contains 609423677
  Bucket 26 contains 1300605085
  Bucket 27 contains 1101014057
  Bucket 28 contains 1229190925
  Bucket 29 contains 609337131
  Bucket 30 contains 1237575258
  Bucket 31 contains 615124547
  Bucket 32 contains 1229474359
  Bucket 33 contains 1378131975
  Bucket 34 contains 625213800
  Bucket 35 contains 1092135253
  Bucket 36 contains 1150417556
  Bucket 37 contains 615032033
  Bucket 38 contains 1227609849
  Bucket 39 contains 1229583027
  Bucket 40 contains 608713453
  Bucket 41 contains 897088247
  Bucket 42 contains 1457188475
  Bucket 43 contains 1247740584
  Bucket 44 contains 618767112
  Bucket 45 contains 1293547942
  Bucket 46 contains 762560166
  Bucket 47 contains 867319775
  Bucket 48 contains 1426535760
  Bucket 49 contains 674191932
  Bucket 50 contains 700924521
  Bucket 51 contains 1396822674
  Bucket 52 contains 1105915378
  Bucket 53 contains 1082521523
  Bucket 54 contains 963599863
  Bucket 55 contains 519384425
  Bucket 56 contains 1682663054
  Bucket 57 contains 624107542
  Bucket 58 contains 1236517455
  Bucket 59 contains 1218220478
  Bucket 60 contains 543554527
  Bucket 61 contains 1090201171
  Bucket 62 contains 1298752545
  Bucket 63 contains 986577570
  Bucket 64 contains 891624799
  Bucket 65 contains 921040984
  Bucket 66 contains 1000000001
  Bucket 67 contains 939601641
  Bucket 68 contains 1352247853
  Bucket 69 contains 1132047395
  Bucket 70 contains 1057458639
  Bucket 71 contains 1016574869
  Bucket 72 contains 1012306162
  Bucket 73 contains 444462311
  Bucket 74 contains 1018982263
  Bucket 75 contains 1146350042
  Bucket 76 contains 1174587580
  Bucket 77 contains 760230992
  Bucket 78 contains 1229308799
  Bucket 79 contains 1238808335
  Bucket 80 contains 621721155
  Bucket 81 contains 1244856180
  Bucket 82 contains 1156840272
  Bucket 83 contains 1076319198
  Bucket 84 contains 1024042786
  Bucket 85 contains 920104056
  Bucket 86 contains 671334356
  Bucket 87 contains 1224674636
  Bucket 88 contains 989966633
  Bucket 89 contains 725422188
  Bucket 90 contains 1496517873
  Bucket 91 contains 929905910
  Bucket 92 contains 1145281773
  Bucket 93 contains 938219624
  Bucket 94 contains 511869831
  Bucket 95 contains 1648217496
Hilbert SFC efficiency: 0.6027224486
Hilbert SFC ratio: 1.141667062
 Final Hilbert SFC time: 0.027710508

SFC+Knapsack previous efficiency: 0.6260368704
SFC + Knapsack ratio: 1.262098182
 Final SFC+Knapsack_Combined time: 0.000498946

SFC+Painter previous efficiency: 0.6902317146
Binary search iterations: 30
SFC+painterPartition efficiency: 0.8167100449
SFC+Painter ratio: 1.183240393
 Final SFC+Painter time: 0.014778263

Hilbert+Painter previous efficiency: 0.6022099183
Binary search iterations: 30
Hilbert+painterPartition efficiency: 0.8176743245
Hilbert+Painter ratio: 1.357789534
 Final Hilbert+Painter time: 0.000938779
Painter+Knapsack previous efficiency: 0.6902317146
Binary search iterations: 30
SFC+painterPartition efficiency: 0.9437130958
Painter+Knapsack ratio: 1.074204739
 Final painter+Knapsack_Combined time: 0.017264549
Run 29
File weights 51 and ranks 51
Original previous efficiency: 0.7670497932
Original efficiency: 0.8765679608
Original ratio: 1.142778433
Knapsack previous efficiency: 0.7990481998
Knapsack ratio: 1.105822658
 Final Knapsack time: 0.017639215

Karmarkar-Karp previous efficiency: 0.7990481998
Karmarkar-Karp ratio: 1.105822658
 Final Karmarkar-Karp time: 0.020472976

SFC previous efficiency: 0.5498260194
 Time take to run this function: 6.01e-07
SFC ratio: 1.160304296
 Final SFC time: 0.000687723

Hilbert SFC previous efficiency: 0.5623624295
DM: HilbertProcessorMapDoIt called...
  (nprocs, nteams, nworkers) = (96, 96, 1)
  Bucket 0 contains 1038347025
  Bucket 1 contains 1031946519
  Bucket 2 contains 1081174113
  Bucket 3 contains 1045217818
  Bucket 4 contains 1039963673
  Bucket 5 contains 1090457846
  Bucket 6 contains 1027513154
  Bucket 7 contains 1077430221
  Bucket 8 contains 1084993299
  Bucket 9 contains 1030997916
  Bucket 10 contains 1083672826
  Bucket 11 contains 936042074
  Bucket 12 contains 636114314
  Bucket 13 contains 1267065391
  Bucket 14 contains 1131397707
  Bucket 15 contains 1211622451
  Bucket 16 contains 644173442
  Bucket 17 contains 1281255533
  Bucket 18 contains 1271778592
  Bucket 19 contains 635905955
  Bucket 20 contains 1268728144
  Bucket 21 contains 1279211404
  Bucket 22 contains 570822803
  Bucket 23 contains 1139106842
  Bucket 24 contains 1276720360
  Bucket 25 contains 652348844
  Bucket 26 contains 1424875767
  Bucket 27 contains 1138859335
  Bucket 28 contains 637180671
  Bucket 29 contains 1286063007
  Bucket 30 contains 1276440225
  Bucket 31 contains 646161296
  Bucket 32 contains 1284231926
  Bucket 33 contains 645920761
  Bucket 34 contains 1482793428
  Bucket 35 contains 1128088027
  Bucket 36 contains 1210077898
  Bucket 37 contains 636504831
  Bucket 38 contains 1277567076
  Bucket 39 contains 1282273320
  Bucket 40 contains 636563367
  Bucket 41 contains 937834527
  Bucket 42 contains 1457760903
  Bucket 43 contains 1264899620
  Bucket 44 contains 638188955
  Bucket 45 contains 1359645454
  Bucket 46 contains 739170117
  Bucket 47 contains 892281472
  Bucket 48 contains 1499533812
  Bucket 49 contains 721204537
  Bucket 50 contains 720314819
  Bucket 51 contains 1485549444
  Bucket 52 contains 1169705372
  Bucket 53 contains 1141718215
  Bucket 54 contains 1005848166
  Bucket 55 contains 506179910
  Bucket 56 contains 1822849000
  Bucket 57 contains 703922387
  Bucket 58 contains 1275009593
  Bucket 59 contains 1268221579
  Bucket 60 contains 567570746
  Bucket 61 contains 1130733587
  Bucket 62 contains 1380767363
  Bucket 63 contains 978812972
  Bucket 64 contains 894126080
  Bucket 65 contains 900623273
  Bucket 66 contains 979812613
  Bucket 67 contains 991575204
  Bucket 68 contains 1462991962
  Bucket 69 contains 1171634229
  Bucket 70 contains 1091176565
  Bucket 71 contains 1115422431
  Bucket 72 contains 1052044395
  Bucket 73 contains 1046369330
  Bucket 74 contains 1053878180
  Bucket 75 contains 569215921
  Bucket 76 contains 1212467386
  Bucket 77 contains 1443986974
  Bucket 78 contains 647528415
  Bucket 79 contains 1286685069
  Bucket 80 contains 651865020
  Bucket 81 contains 1274518654
  Bucket 82 contains 1213338687
  Bucket 83 contains 1121876814
  Bucket 84 contains 1069703281
  Bucket 85 contains 962185886
  Bucket 86 contains 689829807
  Bucket 87 contains 1278252938
  Bucket 88 contains 1032378056
  Bucket 89 contains 1393943090
  Bucket 90 contains 1099932655
  Bucket 91 contains 1020472665
  Bucket 92 contains 929810540
  Bucket 93 contains 1028494667
  Bucket 94 contains 523950197
  Bucket 95 contains 1813280624
Hilbert SFC efficiency: 0.5801284107
Hilbert SFC ratio: 1.031591693
 Final Hilbert SFC time: 0.026138012

SFC+Knapsack previous efficiency: 0.6329364596
SFC + Knapsack ratio: 1.234282257
 Final SFC+Knapsack_Combined time: 0.000477085

SFC+Painter previous efficiency: 0.6379654924
Binary search iterations: 30
SFC+painterPartition efficiency: 0.8158452529
SFC+Painter ratio: 1.278823483
 Final SFC+Painter time: 0.01348653

Hilbert+Painter previous efficiency: 0.7851080278
Binary search iterations: 30
Hilbert+painterPartition efficiency: 0.8203346869
Hilbert+Painter ratio: 1.04486855
 Final Hilbert+Painter time: 0.000938078
Painter+Knapsack previous efficiency: 0.6379654924
Binary search iterations: 30
SFC+painterPartition efficiency: 0.9437390346
Painter+Knapsack ratio: 1.213154194
 Final painter+Knapsack_Combined time: 0.018890831
Run 30
File weights 51 and ranks 51
Original previous efficiency: 0.7417617968
Original efficiency: 0.8658318214
Original ratio: 1.167263972
Knapsack previous efficiency: 0.7727835583
Knapsack ratio: 1.143732389
 Final Knapsack time: 0.018531514

Karmarkar-Karp previous efficiency: 0.7727835583
Karmarkar-Karp ratio: 1.143732389
 Final Karmarkar-Karp time: 0.019294783

SFC previous efficiency: 0.5642330483
 Time take to run this function: 7.51e-07
SFC ratio: 1.082758378
 Final SFC time: 0.000667333

Hilbert SFC previous efficiency: 0.5726802785
DM: HilbertProcessorMapDoIt called...
  (nprocs, nteams, nworkers) = (96, 96, 1)
  Bucket 0 contains 1050208588
  Bucket 1 contains 1044295235
  Bucket 2 contains 1093545170
  Bucket 3 contains 1057028518
  Bucket 4 contains 1052072413
  Bucket 5 contains 1103036197
  Bucket 6 contains 1038669448
  Bucket 7 contains 1090082404
  Bucket 8 contains 1039222526
  Bucket 9 contains 1042271985
  Bucket 10 contains 1096169759
  Bucket 11 contains 998583024
  Bucket 12 contains 638732316
  Bucket 13 contains 1270620795
  Bucket 14 contains 1144960824
  Bucket 15 contains 1224328594
  Bucket 16 contains 647972037
  Bucket 17 contains 1300507405
  Bucket 18 contains 1274542333
  Bucket 19 contains 641230585
  Bucket 20 contains 1281792024
  Bucket 21 contains 1280391557
  Bucket 22 contains 571733333
  Bucket 23 contains 1151138985
  Bucket 24 contains 1288708214
  Bucket 25 contains 684144452
  Bucket 26 contains 1489517718
  Bucket 27 contains 1158744500
  Bucket 28 contains 656332134
  Bucket 29 contains 1286193400
  Bucket 30 contains 1295398529
  Bucket 31 contains 652597826
  Bucket 32 contains 1292249286
  Bucket 33 contains 652975149
  Bucket 34 contains 1539074012
  Bucket 35 contains 1138314619
  Bucket 36 contains 574455562
  Bucket 37 contains 1286276655
  Bucket 38 contains 1291004139
  Bucket 39 contains 644760149
  Bucket 40 contains 1284204488
  Bucket 41 contains 948318198
  Bucket 42 contains 1426078745
  Bucket 43 contains 636660621
  Bucket 44 contains 1275336331
  Bucket 45 contains 1369227222
  Bucket 46 contains 753957034
  Bucket 47 contains 893011563
  Bucket 48 contains 1558563967
  Bucket 49 contains 697310217
  Bucket 50 contains 744668711
  Bucket 51 contains 1464229970
  Bucket 52 contains 1182199782
  Bucket 53 contains 1141208036
  Bucket 54 contains 983284467
  Bucket 55 contains 473841790
  Bucket 56 contains 1865419752
  Bucket 57 contains 765726317
  Bucket 58 contains 1302729789
  Bucket 59 contains 636945679
  Bucket 60 contains 1208870689
  Bucket 61 contains 1140228671
  Bucket 62 contains 636562873
  Bucket 63 contains 1740386505
  Bucket 64 contains 881722888
  Bucket 65 contains 880899263
  Bucket 66 contains 940444185
  Bucket 67 contains 1000000001
  Bucket 68 contains 1525274012
  Bucket 69 contains 1187501508
  Bucket 70 contains 1117434257
  Bucket 71 contains 1066852165
  Bucket 72 contains 1063720160
  Bucket 73 contains 470401664
  Bucket 74 contains 1081684930
  Bucket 75 contains 1205391349
  Bucket 76 contains 1229843296
  Bucket 77 contains 806546290
  Bucket 78 contains 1299626971
  Bucket 79 contains 1297821695
  Bucket 80 contains 657794921
  Bucket 81 contains 1288801284
  Bucket 82 contains 1226440907
  Bucket 83 contains 1132716370
  Bucket 84 contains 1083760153
  Bucket 85 contains 992225541
  Bucket 86 contains 680215156
  Bucket 87 contains 1291368166
  Bucket 88 contains 1043201851
  Bucket 89 contains 765995672
  Bucket 90 contains 1573540305
  Bucket 91 contains 920234827
  Bucket 92 contains 1166669733
  Bucket 93 contains 1005812240
  Bucket 94 contains 534232643
  Bucket 95 contains 1796519567
Hilbert SFC efficiency: 0.5718526826
Hilbert SFC ratio: 0.9985548727
 Final Hilbert SFC time: 0.026899547

SFC+Knapsack previous efficiency: 0.6333445277
SFC + Knapsack ratio: 1.202352877
 Final SFC+Knapsack_Combined time: 0.000486101

SFC+Painter previous efficiency: 0.6109280601
Binary search iterations: 30
SFC+painterPartition efficiency: 0.8172873486
SFC+Painter ratio: 1.337780014
 Final SFC+Painter time: 0.013173152

Hilbert+Painter previous efficiency: 0.7953535732
Binary search iterations: 30
Hilbert+painterPartition efficiency: 0.8202531453
Hilbert+Painter ratio: 1.031306293
 Final Hilbert+Painter time: 0.001041066
Painter+Knapsack previous efficiency: 0.6109280601
Binary search iterations: 30
SFC+painterPartition efficiency: 0.9384384786
Painter+Knapsack ratio: 1.24647019
 Final painter+Knapsack_Combined time: 0.016956222
Run 31
File weights 51 and ranks 51
Original previous efficiency: 0.7292465603
Original efficiency: 0.8520809351
Original ratio: 1.168440115
Knapsack previous efficiency: 0.7534347588
Knapsack ratio: 1.175488911
 Final Knapsack time: 0.013230394

Karmarkar-Karp previous efficiency: 0.7534347588
Karmarkar-Karp ratio: 1.175488911
 Final Karmarkar-Karp time: 0.020016481

SFC previous efficiency: 0.5770489839
 Time take to run this function: 6.910000003e-07
SFC ratio: 1.049330291
 Final SFC time: 0.000747689

Hilbert SFC previous efficiency: 0.5689456412
DM: HilbertProcessorMapDoIt called...
  (nprocs, nteams, nworkers) = (96, 96, 1)
  Bucket 0 contains 1048339550
  Bucket 1 contains 1041564619
  Bucket 2 contains 1091113194
  Bucket 3 contains 1054993135
  Bucket 4 contains 1049904965
  Bucket 5 contains 1046072504
  Bucket 6 contains 1092356795
  Bucket 7 contains 1086958795
  Bucket 8 contains 1037904767
  Bucket 9 contains 1040316164
  Bucket 10 contains 1094097154
  Bucket 11 contains 997659660
  Bucket 12 contains 641622082
  Bucket 13 contains 1272525092
  Bucket 14 contains 1138130600
  Bucket 15 contains 1221071302
  Bucket 16 contains 647095203
  Bucket 17 contains 1292855567
  Bucket 18 contains 1279851142
  Bucket 19 contains 638233310
  Bucket 20 contains 1283403833
  Bucket 21 contains 1287685158
  Bucket 22 contains 574623114
  Bucket 23 contains 1142862689
  Bucket 24 contains 1277701608
  Bucket 25 contains 705023850
  Bucket 26 contains 1511722902
  Bucket 27 contains 1149627854
  Bucket 28 contains 652927969
  Bucket 29 contains 1290458399
  Bucket 30 contains 1293255324
  Bucket 31 contains 653168208
  Bucket 32 contains 1288861391
  Bucket 33 contains 652533383
  Bucket 34 contains 1557465773
  Bucket 35 contains 1132987841
  Bucket 36 contains 566793734
  Bucket 37 contains 1278407452
  Bucket 38 contains 1286433935
  Bucket 39 contains 644438012
  Bucket 40 contains 1271423325
  Bucket 41 contains 950207014
  Bucket 42 contains 1455154130
  Bucket 43 contains 641831625
  Bucket 44 contains 1277766826
  Bucket 45 contains 662148275
  Bucket 46 contains 1449257271
  Bucket 47 contains 890524681
  Bucket 48 contains 1000000001
  Bucket 49 contains 1243207256
  Bucket 50 contains 773713356
  Bucket 51 contains 1372796623
  Bucket 52 contains 1147653660
  Bucket 53 contains 1119040627
  Bucket 54 contains 948905962
  Bucket 55 contains 441839673
  Bucket 56 contains 1845156670
  Bucket 57 contains 798754071
  Bucket 58 contains 1313901338
  Bucket 59 contains 633353673
  Bucket 60 contains 1202652686
  Bucket 61 contains 1135187510
  Bucket 62 contains 642253054
  Bucket 63 contains 1732731650
  Bucket 64 contains 867501585
  Bucket 65 contains 865286645
  Bucket 66 contains 910660547
  Bucket 67 contains 986340009
  Bucket 68 contains 1558728936
  Bucket 69 contains 1188569602
  Bucket 70 contains 1128479754
  Bucket 71 contains 1064755167
  Bucket 72 contains 1122369798
  Bucket 73 contains 1055737032
  Bucket 74 contains 1062529353
  Bucket 75 contains 572086351
  Bucket 76 contains 1229106434
  Bucket 77 contains 806255043
  Bucket 78 contains 1299072029
  Bucket 79 contains 1298201553
  Bucket 80 contains 644207870
  Bucket 81 contains 1287452276
  Bucket 82 contains 1217655235
  Bucket 83 contains 1130681851
  Bucket 84 contains 1081770840
  Bucket 85 contains 1021084960
  Bucket 86 contains 671526322
  Bucket 87 contains 1289871469
  Bucket 88 contains 1040642182
  Bucket 89 contains 768863290
  Bucket 90 contains 1568442809
  Bucket 91 contains 1149675671
  Bucket 92 contains 912787588
  Bucket 93 contains 1000681085
  Bucket 94 contains 525729450
  Bucket 95 contains 1844215866
Hilbert SFC efficiency: 0.5767547596
Hilbert SFC ratio: 1.013725597
 Final Hilbert SFC time: 0.027334269

SFC+Knapsack previous efficiency: 0.6261074468
SFC + Knapsack ratio: 1.129588905
 Final SFC+Knapsack_Combined time: 0.00051559

SFC+Painter previous efficiency: 0.8180962525
Binary search iterations: 30
SFC+painterPartition efficiency: 0.8188277232
SFC+Painter ratio: 1.000894113
 Final SFC+Painter time: 0.017235062

Hilbert+Painter previous efficiency: 0.767170348
Binary search iterations: 30
Hilbert+painterPartition efficiency: 0.8180962525
Hilbert+Painter ratio: 1.066381482
 Final Hilbert+Painter time: 0.002417093
Painter+Knapsack previous efficiency: 0.595885714
Binary search iterations: 30
SFC+painterPartition efficiency: 0.9362957342
Painter+Knapsack ratio: 1.24775147
 Final painter+Knapsack_Combined time: 0.049271432
Run 32
File weights 51 and ranks 51
Original previous efficiency: 0.6866968602
Original efficiency: 0.8356027386
Original ratio: 1.216843686
Knapsack previous efficiency: 0.7123274297
Knapsack ratio: 1.245133583
 Final Knapsack time: 0.019358456

Karmarkar-Karp previous efficiency: 0.7123274297
Karmarkar-Karp ratio: 1.245133583
 Final Karmarkar-Karp time: 0.020871698

SFC previous efficiency: 0.5517517833
 Time take to run this function: 6.509999997e-07
SFC ratio: 0.9810358521
 Final SFC time: 0.000675278

Hilbert SFC previous efficiency: 0.5517517833
DM: HilbertProcessorMapDoIt called...
  (nprocs, nteams, nworkers) = (96, 96, 1)
  Bucket 0 contains 1046135927
  Bucket 1 contains 1039722646
  Bucket 2 contains 1089052434
  Bucket 3 contains 1052876567
  Bucket 4 contains 1048135996
  Bucket 5 contains 1043702222
  Bucket 6 contains 1089360550
  Bucket 7 contains 1085081890
  Bucket 8 contains 1035644850
  Bucket 9 contains 1037750325
  Bucket 10 contains 1092453781
  Bucket 11 contains 997602457
  Bucket 12 contains 640836762
  Bucket 13 contains 1271807442
  Bucket 14 contains 1142153077
  Bucket 15 contains 1210681050
  Bucket 16 contains 645747093
  Bucket 17 contains 1291465396
  Bucket 18 contains 1278439064
  Bucket 19 contains 635393386
  Bucket 20 contains 1284642132
  Bucket 21 contains 1282817918
  Bucket 22 contains 572370003
  Bucket 23 contains 1139301080
  Bucket 24 contains 1272726635
  Bucket 25 contains 742919843
  Bucket 26 contains 1596349834
  Bucket 27 contains 573375691
  Bucket 28 contains 1224545201
  Bucket 29 contains 1284037308
  Bucket 30 contains 637915685
  Bucket 31 contains 1294973495
  Bucket 32 contains 1292421295
  Bucket 33 contains 650071806
  Bucket 34 contains 981191686
  Bucket 35 contains 1220454059
  Bucket 36 contains 1134317653
  Bucket 37 contains 1277130416
  Bucket 38 contains 641373200
  Bucket 39 contains 1275211490
  Bucket 40 contains 1278471215
  Bucket 41 contains 957444722
  Bucket 42 contains 787340166
  Bucket 43 contains 1290562066
  Bucket 44 contains 1263592961
  Bucket 45 contains 649439689
  Bucket 46 contains 1411080004
  Bucket 47 contains 860755168
  Bucket 48 contains 1000000001
  Bucket 49 contains 1176170590
  Bucket 50 contains 734824837
  Bucket 51 contains 1402615960
  Bucket 52 contains 1156302348
  Bucket 53 contains 1127122390
  Bucket 54 contains 968988257
  Bucket 55 contains 427630838
  Bucket 56 contains 929743215
  Bucket 57 contains 1822164502
  Bucket 58 contains 698196093
  Bucket 59 contains 1277363751
  Bucket 60 contains 1202591046
  Bucket 61 contains 1136984321
  Bucket 62 contains 642151342
  Bucket 63 contains 891558293
  Bucket 64 contains 1537157832
  Bucket 65 contains 766079701
  Bucket 66 contains 872535387
  Bucket 67 contains 969587689
  Bucket 68 contains 1586174418
  Bucket 69 contains 1179950597
  Bucket 70 contains 1109292209
  Bucket 71 contains 1062806455
  Bucket 72 contains 1120454547
  Bucket 73 contains 1054095501
  Bucket 74 contains 1063608376
  Bucket 75 contains 575551384
  Bucket 76 contains 1226719938
  Bucket 77 contains 1448432151
  Bucket 78 contains 654133482
  Bucket 79 contains 1296155533
  Bucket 80 contains 654603574
  Bucket 81 contains 1279489164
  Bucket 82 contains 1224756071
  Bucket 83 contains 1129642240
  Bucket 84 contains 1079061196
  Bucket 85 contains 1026992897
  Bucket 86 contains 646295052
  Bucket 87 contains 1277866740
  Bucket 88 contains 1040378290
  Bucket 89 contains 1400865993
  Bucket 90 contains 1105853215
  Bucket 91 contains 965106357
  Bucket 92 contains 927564885
  Bucket 93 contains 999337620
  Bucket 94 contains 1331283480
  Bucket 95 contains 1089485237
Hilbert SFC efficiency: 0.5827924714
Hilbert SFC ratio: 1.056258428
 Final Hilbert SFC time: 0.027447229

SFC+Knapsack previous efficiency: 0.5826321699
SFC + Knapsack ratio: 1.268575618
 Final SFC+Knapsack_Combined time: 0.000465452

SFC+Painter previous efficiency: 0.8139064161
Binary search iterations: 30
SFC+painterPartition efficiency: 0.8200505706
SFC+Painter ratio: 1.007548969
 Final SFC+Painter time: 0.014923654

Hilbert+Painter previous efficiency: 0.7304973687
Binary search iterations: 29
Hilbert+painterPartition efficiency: 0.8185896376
Hilbert+Painter ratio: 1.120592178
 Final Hilbert+Painter time: 0.000945612
Painter+Knapsack previous efficiency: 0.5412882809
Binary search iterations: 30
SFC+painterPartition efficiency: 0.9374212447
Painter+Knapsack ratio: 1.395487452
 Final painter+Knapsack_Combined time: 0.018283664
Run 33
File weights 51 and ranks 51
Original previous efficiency: 0.6775740103
Original efficiency: 0.8206966678
Original ratio: 1.21122808
Knapsack previous efficiency: 0.6880460703
Knapsack ratio: 1.291974666
 Final Knapsack time: 0.012595002

Karmarkar-Karp previous efficiency: 0.6880460703
Karmarkar-Karp ratio: 1.291974666
 Final Karmarkar-Karp time: 0.019585647

SFC previous efficiency: 0.5252550149
 Time take to run this function: 5.520000004e-07
SFC ratio: 1.006684209
 Final SFC time: 0.000697211

Hilbert SFC previous efficiency: 0.5252550149
DM: HilbertProcessorMapDoIt called...
  (nprocs, nteams, nworkers) = (96, 96, 1)
  Bucket 0 contains 1036151057
  Bucket 1 contains 1029752364
  Bucket 2 contains 1078367990
  Bucket 3 contains 1042849223
  Bucket 4 contains 1038322393
  Bucket 5 contains 1087564158
  Bucket 6 contains 1024738492
  Bucket 7 contains 1074745146
  Bucket 8 contains 1025553488
  Bucket 9 contains 1028142820
  Bucket 10 contains 1081010702
  Bucket 11 contains 986173688
  Bucket 12 contains 628261738
  Bucket 13 contains 1261895791
  Bucket 14 contains 1126781864
  Bucket 15 contains 1202125427
  Bucket 16 contains 644445387
  Bucket 17 contains 1282161080
  Bucket 18 contains 1265583894
  Bucket 19 contains 633968480
  Bucket 20 contains 1264757453
  Bucket 21 contains 1264331472
  Bucket 22 contains 564181503
  Bucket 23 contains 1131021186
  Bucket 24 contains 1267652409
  Bucket 25 contains 804578081
  Bucket 26 contains 985076950
  Bucket 27 contains 1209739251
  Bucket 28 contains 1212530666
  Bucket 29 contains 1268328728
  Bucket 30 contains 636189283
  Bucket 31 contains 1284252936
  Bucket 32 contains 638439272
  Bucket 33 contains 1276359258
  Bucket 34 contains 996506891
  Bucket 35 contains 1211600279
  Bucket 36 contains 1124493800
  Bucket 37 contains 1267492066
  Bucket 38 contains 636193976
  Bucket 39 contains 1268237682
  Bucket 40 contains 639653935
  Bucket 41 contains 1542696586
  Bucket 42 contains 774263667
  Bucket 43 contains 1270493020
  Bucket 44 contains 620465706
  Bucket 45 contains 1253471910
  Bucket 46 contains 1374249991
  Bucket 47 contains 825846517
  Bucket 48 contains 1000000001
  Bucket 49 contains 1140605241
  Bucket 50 contains 754377700
  Bucket 51 contains 1371521752
  Bucket 52 contains 1135319611
  Bucket 53 contains 1105854862
  Bucket 54 contains 948794168
  Bucket 55 contains 1271353278
  Bucket 56 contains 993602805
  Bucket 57 contains 931730452
  Bucket 58 contains 709520281
  Bucket 59 contains 1267860096
  Bucket 60 contains 1203884534
  Bucket 61 contains 1132165807
  Bucket 62 contains 637766960
  Bucket 63 contains 903500413
  Bucket 64 contains 1469055372
  Bucket 65 contains 738864408
  Bucket 66 contains 780600117
  Bucket 67 contains 1854706313
  Bucket 68 contains 703105774
  Bucket 69 contains 1177231529
  Bucket 70 contains 1098975959
  Bucket 71 contains 1112022106
  Bucket 72 contains 1108527865
  Bucket 73 contains 987245549
  Bucket 74 contains 1055221689
  Bucket 75 contains 1144355828
  Bucket 76 contains 643108294
  Bucket 77 contains 1439216451
  Bucket 78 contains 646861480
  Bucket 79 contains 1285212412
  Bucket 80 contains 1282152031
  Bucket 81 contains 630467009
  Bucket 82 contains 1206815623
  Bucket 83 contains 1119048479
  Bucket 84 contains 1068443735
  Bucket 85 contains 1051122563
  Bucket 86 contains 614813893
  Bucket 87 contains 1267448275
  Bucket 88 contains 1026845997
  Bucket 89 contains 1390166330
  Bucket 90 contains 1097364833
  Bucket 91 contains 952367519
  Bucket 92 contains 1176637637
  Bucket 93 contains 751522465
  Bucket 94 contains 1288786089
  Bucket 95 contains 1153140256
Hilbert SFC efficiency: 0.5673686425
Hilbert SFC ratio: 1.080177488
 Final Hilbert SFC time: 0.040931363

SFC+Knapsack previous efficiency: 0.5457327164
SFC + Knapsack ratio: 1.382607839
 Final SFC+Knapsack_Combined time: 0.000586116

SFC+Painter previous efficiency: 0.8155137612
Binary search iterations: 30
SFC+painterPartition efficiency: 0.8193885905
SFC+Painter ratio: 1.004751397
 Final SFC+Painter time: 0.013133246

Hilbert+Painter previous efficiency: 0.6969599237
Binary search iterations: 30
Hilbert+painterPartition efficiency: 0.8188465036
Hilbert+Painter ratio: 1.174883197
 Final Hilbert+Painter time: 0.001022492
Painter+Knapsack previous efficiency: 0.7339059302
Binary search iterations: 30
SFC+painterPartition efficiency: 0.9338391646
Painter+Knapsack ratio: 1.028107692
 Final painter+Knapsack_Combined time: 0.01678461
Run 34
File weights 51 and ranks 51
Original previous efficiency: 0.6678019838
Original efficiency: 0.7894194607
Original ratio: 1.182116076
Knapsack previous efficiency: 0.6835552955
Knapsack ratio: 1.307601493
 Final Knapsack time: 0.012942917

Karmarkar-Karp previous efficiency: 0.6835552955
Karmarkar-Karp ratio: 1.307601493
 Final Karmarkar-Karp time: 0.019561059

SFC previous efficiency: 0.5001316179
 Time take to run this function: 5.810000001e-07
SFC ratio: 1.042395297
 Final SFC time: 0.000713673

Hilbert SFC previous efficiency: 0.5001316179
DM: HilbertProcessorMapDoIt called...
  (nprocs, nteams, nworkers) = (96, 96, 1)
  Bucket 0 contains 1011763406
  Bucket 1 contains 1005341370
  Bucket 2 contains 1053607865
  Bucket 3 contains 1018202713
  Bucket 4 contains 1013503880
  Bucket 5 contains 1062269540
  Bucket 6 contains 1000972559
  Bucket 7 contains 1050350084
  Bucket 8 contains 1001800602
  Bucket 9 contains 1064540069
  Bucket 10 contains 1001198198
  Bucket 11 contains 959774342
  Bucket 12 contains 618931184
  Bucket 13 contains 1225134041
  Bucket 14 contains 1103139793
  Bucket 15 contains 1176998576
  Bucket 16 contains 625855377
  Bucket 17 contains 1249759992
  Bucket 18 contains 1236229654
  Bucket 19 contains 617054766
  Bucket 20 contains 1240822477
  Bucket 21 contains 1239327863
  Bucket 22 contains 548197418
  Bucket 23 contains 1101395851
  Bucket 24 contains 1255798002
  Bucket 25 contains 842574730
  Bucket 26 contains 974019582
  Bucket 27 contains 1179975459
  Bucket 28 contains 1181594567
  Bucket 29 contains 624972205
  Bucket 30 contains 1226447264
  Bucket 31 contains 1252818747
  Bucket 32 contains 630683039
  Bucket 33 contains 1248331399
  Bucket 34 contains 984669677
  Bucket 35 contains 1186951764
  Bucket 36 contains 1096704817
  Bucket 37 contains 616764995
  Bucket 38 contains 1239124378
  Bucket 39 contains 1238065317
  Bucket 40 contains 627002109
  Bucket 41 contains 1525449264
  Bucket 42 contains 725803073
  Bucket 43 contains 1233606552
  Bucket 44 contains 600584599
  Bucket 45 contains 1218905377
  Bucket 46 contains 1354125683
  Bucket 47 contains 783059465
  Bucket 48 contains 1000000001
  Bucket 49 contains 1088627170
  Bucket 50 contains 769444372
  Bucket 51 contains 1305621592
  Bucket 52 contains 1101124345
  Bucket 53 contains 1067380421
  Bucket 54 contains 907113899
  Bucket 55 contains 1194274332
  Bucket 56 contains 987788599
  Bucket 57 contains 948333583
  Bucket 58 contains 754934111
  Bucket 59 contains 1246584967
  Bucket 60 contains 1166227718
  Bucket 61 contains 1095963427
  Bucket 62 contains 632483762
  Bucket 63 contains 897630513
  Bucket 64 contains 1431971124
  Bucket 65 contains 716136751
  Bucket 66 contains 721281232
  Bucket 67 contains 1772185612
  Bucket 68 contains 713330817
  Bucket 69 contains 1141693415
  Bucket 70 contains 1076861753
  Bucket 71 contains 1086100137
  Bucket 72 contains 1082889071
  Bucket 73 contains 1113866806
  Bucket 74 contains 867479892
  Bucket 75 contains 1113820645
  Bucket 76 contains 628296456
  Bucket 77 contains 1402188491
  Bucket 78 contains 627429386
  Bucket 79 contains 1260034513
  Bucket 80 contains 1239913188
  Bucket 81 contains 617036443
  Bucket 82 contains 1177928227
  Bucket 83 contains 1093499823
  Bucket 84 contains 1043735414
  Bucket 85 contains 1061900907
  Bucket 86 contains 1193326392
  Bucket 87 contains 731666740
  Bucket 88 contains 892255486
  Bucket 89 contains 1359034374
  Bucket 90 contains 1074384001
  Bucket 91 contains 910307708
  Bucket 92 contains 1153887666
  Bucket 93 contains 735387590
  Bucket 94 contains 1245042292
  Bucket 95 contains 1195269480
Hilbert SFC efficiency: 0.5802502998
Hilbert SFC ratio: 1.160195195
 Final Hilbert SFC time: 0.026106139

SFC+Knapsack previous efficiency: 0.7695319687
SFC + Knapsack ratio: 1
 Final SFC+Knapsack_Combined time: 0.000584422

SFC+Painter previous efficiency: 0.8169309238
Binary search iterations: 30
SFC+painterPartition efficiency: 0.8198697836
SFC+Painter ratio: 1.00359744
 Final SFC+Painter time: 0.019922409

Hilbert+Painter previous efficiency: 0.6641102097
Binary search iterations: 30
Hilbert+painterPartition efficiency: 0.8188508271
Hilbert+Painter ratio: 1.233004425
 Final Hilbert+Painter time: 0.001141212
Painter+Knapsack previous efficiency: 0.7275465384
Binary search iterations: 30
SFC+painterPartition efficiency: 0.94205631
Painter+Knapsack ratio: 1.05770824
 Final painter+Knapsack_Combined time: 0.030136489
Run 35
File weights 51 and ranks 51
Original previous efficiency: 0.6735512793
Original efficiency: 0.8795961878
Original ratio: 1.305908273
Knapsack previous efficiency: 0.8795961878
Knapsack ratio: 1.019291285
 Final Knapsack time: 0.020263751

Karmarkar-Karp previous efficiency: 0.8795961878
Karmarkar-Karp ratio: 1.019291285
 Final Karmarkar-Karp time: 0.025300929

SFC previous efficiency: 0.4814589663
 Time take to run this function: 7.919999998e-07
SFC ratio: 1.335736942
 Final SFC time: 0.0006709

Hilbert SFC previous efficiency: 0.4814589663
DM: HilbertProcessorMapDoIt called...
  (nprocs, nteams, nworkers) = (96, 96, 1)
  Bucket 0 contains 1011854575
  Bucket 1 contains 1009684160
  Bucket 2 contains 1061795253
  Bucket 3 contains 1023335012
  Bucket 4 contains 1023904013
  Bucket 5 contains 1073151215
  Bucket 6 contains 1009013974
  Bucket 7 contains 1055341077
  Bucket 8 contains 1008381879
  Bucket 9 contains 1066544916
  Bucket 10 contains 1004987136
  Bucket 11 contains 963154023
  Bucket 12 contains 621941775
  Bucket 13 contains 1235904600
  Bucket 14 contains 1114025745
  Bucket 15 contains 1175969183
  Bucket 16 contains 627074191
  Bucket 17 contains 1259664005
  Bucket 18 contains 1302879684
  Bucket 19 contains 620299752
  Bucket 20 contains 1239512119
  Bucket 21 contains 1243564099
  Bucket 22 contains 555602571
  Bucket 23 contains 1113593541
  Bucket 24 contains 1280322556
  Bucket 25 contains 895031030
  Bucket 26 contains 978125148
  Bucket 27 contains 1191497217
  Bucket 28 contains 1188377225
  Bucket 29 contains 635666480
  Bucket 30 contains 1258939883
  Bucket 31 contains 1257771215
  Bucket 32 contains 627769858
  Bucket 33 contains 1260409149
  Bucket 34 contains 967454887
  Bucket 35 contains 1183252112
  Bucket 36 contains 1120562852
  Bucket 37 contains 626709959
  Bucket 38 contains 1248563866
  Bucket 39 contains 1250107139
  Bucket 40 contains 630581209
  Bucket 41 contains 624302872
  Bucket 42 contains 1644788242
  Bucket 43 contains 1218522464
  Bucket 44 contains 605355503
  Bucket 45 contains 1204521909
  Bucket 46 contains 1345630869
  Bucket 47 contains 736450915
  Bucket 48 contains 1000000001
  Bucket 49 contains 1045907999
  Bucket 50 contains 756869648
  Bucket 51 contains 1320747710
  Bucket 52 contains 1112940485
  Bucket 53 contains 1087053870
  Bucket 54 contains 929965598
  Bucket 55 contains 1153975798
  Bucket 56 contains 988165517
  Bucket 57 contains 963459280
  Bucket 58 contains 858413652
  Bucket 59 contains 1263334241
  Bucket 60 contains 1171873723
  Bucket 61 contains 1107277862
  Bucket 62 contains 642640089
  Bucket 63 contains 907985201
  Bucket 64 contains 1429220387
  Bucket 65 contains 708075950
  Bucket 66 contains 1513117786
  Bucket 67 contains 911776076
  Bucket 68 contains 771927330
  Bucket 69 contains 1152025669
  Bucket 70 contains 1081652099
  Bucket 71 contains 1092506879
  Bucket 72 contains 1085895368
  Bucket 73 contains 1123892542
  Bucket 74 contains 872608119
  Bucket 75 contains 1121754518
  Bucket 76 contains 631280251
  Bucket 77 contains 1417976395
  Bucket 78 contains 633217167
  Bucket 79 contains 1263563318
  Bucket 80 contains 1260641566
  Bucket 81 contains 627818502
  Bucket 82 contains 1191155841
  Bucket 83 contains 1106585524
  Bucket 84 contains 1045541781
  Bucket 85 contains 1087661492
  Bucket 86 contains 1174590152
  Bucket 87 contains 740696236
  Bucket 88 contains 897507318
  Bucket 89 contains 1365701885
  Bucket 90 contains 1081319269
  Bucket 91 contains 1138939255
  Bucket 92 contains 930244824
  Bucket 93 contains 1113666348
  Bucket 94 contains 899515873
  Bucket 95 contains 1251853717
Hilbert SFC efficiency: 0.6297443965
Hilbert SFC ratio: 1.307991834
 Final Hilbert SFC time: 0.027367573

SFC+Knapsack previous efficiency: 0.7524808606
SFC + Knapsack ratio: 1
 Final SFC+Knapsack_Combined time: 0.00051099

SFC+Painter previous efficiency: 0.7950052423
Binary search iterations: 30
SFC+painterPartition efficiency: 0.8199545435
SFC+Painter ratio: 1.031382562
 Final SFC+Painter time: 0.014252694

Hilbert+Painter previous efficiency: 0.6341412071
Binary search iterations: 30
Hilbert+painterPartition efficiency: 0.8199545435
Hilbert+Painter ratio: 1.29301571
 Final Hilbert+Painter time: 0.001030867
Painter+Knapsack previous efficiency: 0.716255651
Binary search iterations: 30
SFC+painterPartition efficiency: 0.9334014192
Painter+Knapsack ratio: 1.05057581
 Final painter+Knapsack_Combined time: 0.018108214
Run 36
File weights 51 and ranks 51
Original previous efficiency: 0.869244564
Original efficiency: 0.869244564
Original ratio: 1
Knapsack previous efficiency: 0.8740210581
Knapsack ratio: 1.027352816
 Final Knapsack time: 0.018360102

Karmarkar-Karp previous efficiency: 0.8740210581
Karmarkar-Karp ratio: 1.027352816
 Final Karmarkar-Karp time: 0.022089277

SFC previous efficiency: 0.6229110152
 Time take to run this function: 5.810000001e-07
SFC ratio: 1.064488794
 Final SFC time: 0.000661982

Hilbert SFC previous efficiency: 0.6339800163
DM: HilbertProcessorMapDoIt called...
  (nprocs, nteams, nworkers) = (96, 96, 1)
  Bucket 0 contains 1005558860
  Bucket 1 contains 1004059222
  Bucket 2 contains 1054635103
  Bucket 3 contains 1017316555
  Bucket 4 contains 1017845742
  Bucket 5 contains 1066148316
  Bucket 6 contains 1002457515
  Bucket 7 contains 1047721376
  Bucket 8 contains 1002693218
  Bucket 9 contains 1060106068
  Bucket 10 contains 998353768
  Bucket 11 contains 959263789
  Bucket 12 contains 622708534
  Bucket 13 contains 1228807371
  Bucket 14 contains 1100461523
  Bucket 15 contains 1166456441
  Bucket 16 contains 624368329
  Bucket 17 contains 1298949500
  Bucket 18 contains 732215674
  Bucket 19 contains 1310180080
  Bucket 20 contains 1233221702
  Bucket 21 contains 613654036
  Bucket 22 contains 1164510097
  Bucket 23 contains 1097170781
  Bucket 24 contains 618065833
  Bucket 25 contains 1585945878
  Bucket 26 contains 938164223
  Bucket 27 contains 1175688180
  Bucket 28 contains 553584181
  Bucket 29 contains 1254947907
  Bucket 30 contains 1251924481
  Bucket 31 contains 620688852
  Bucket 32 contains 1246548344
  Bucket 33 contains 1256852380
  Bucket 34 contains 888183682
  Bucket 35 contains 1174590782
  Bucket 36 contains 551250146
  Bucket 37 contains 1172575974
  Bucket 38 contains 1230940286
  Bucket 39 contains 614963011
  Bucket 40 contains 1241770318
  Bucket 41 contains 622648665
  Bucket 42 contains 1622479102
  Bucket 43 contains 614719354
  Bucket 44 contains 1191765767
  Bucket 45 contains 1194529789
  Bucket 46 contains 637019223
  Bucket 47 contains 1413165505
  Bucket 48 contains 1000000001
  Bucket 49 contains 996083532
  Bucket 50 contains 800926218
  Bucket 51 contains 1228295955
  Bucket 52 contains 1088319869
  Bucket 53 contains 1072040941
  Bucket 54 contains 898145673
  Bucket 55 contains 1122887650
  Bucket 56 contains 927261434
  Bucket 57 contains 965329881
  Bucket 58 contains 897519185
  Bucket 59 contains 1319888955
  Bucket 60 contains 1165576582
  Bucket 61 contains 1101545634
  Bucket 62 contains 646430675
  Bucket 63 contains 904296385
  Bucket 64 contains 1421960420
  Bucket 65 contains 698711610
  Bucket 66 contains 1452914497
  Bucket 67 contains 865489829
  Bucket 68 contains 792707993
  Bucket 69 contains 1153351017
  Bucket 70 contains 1100071352
  Bucket 71 contains 1085448503
  Bucket 72 contains 1079390168
  Bucket 73 contains 1117037324
  Bucket 74 contains 871246194
  Bucket 75 contains 1110328626
  Bucket 76 contains 628637667
  Bucket 77 contains 1409164380
  Bucket 78 contains 627108819
  Bucket 79 contains 1254771312
  Bucket 80 contains 1254193094
  Bucket 81 contains 623677076
  Bucket 82 contains 1173201537
  Bucket 83 contains 1099227209
  Bucket 84 contains 1042884803
  Bucket 85 contains 1067162948
  Bucket 86 contains 1201190485
  Bucket 87 contains 734384608
  Bucket 88 contains 894162266
  Bucket 89 contains 1362336014
  Bucket 90 contains 1072013221
  Bucket 91 contains 1096181249
  Bucket 92 contains 947626009
  Bucket 93 contains 1079696415
  Bucket 94 contains 942074301
  Bucket 95 contains 1252680458
Hilbert SFC efficiency: 0.6339800163
Hilbert SFC ratio: 1
 Final Hilbert SFC time: 0.028963425

SFC+Knapsack previous efficiency: 0.7420794861
SFC + Knapsack ratio: 1.032839185
 Final SFC+Knapsack_Combined time: 0.000520398

SFC+Painter previous efficiency: 0.721207703
Binary search iterations: 30
SFC+painterPartition efficiency: 0.8166947865
SFC+Painter ratio: 1.132398868
 Final SFC+Painter time: 0.028735334

Hilbert+Painter previous efficiency: 0.6116273578
Binary search iterations: 29
Hilbert+painterPartition efficiency: 0.817979997
Hilbert+Painter ratio: 1.337382945
 Final Hilbert+Painter time: 0.001102946
Painter+Knapsack previous efficiency: 0.7106881049
Binary search iterations: 30
SFC+painterPartition efficiency: 0.9257988908
Painter+Knapsack ratio: 1.080044221
 Final painter+Knapsack_Combined time: 0.034711022
Run 37
File weights 51 and ranks 51
Original previous efficiency: 0.8343190732
Original efficiency: 0.8343190732
Original ratio: 1
Knapsack previous efficiency: 0.871578013
Knapsack ratio: 1.030993567
 Final Knapsack time: 0.019002778

Karmarkar-Karp previous efficiency: 0.871578013
Karmarkar-Karp ratio: 1.030993567
 Final Karmarkar-Karp time: 0.030887574

SFC previous efficiency: 0.6214994955
 Time take to run this function: 6.12e-07
SFC ratio: 1.085091139
 Final SFC time: 0.000709615

Hilbert SFC previous efficiency: 0.6192064968
DM: HilbertProcessorMapDoIt called...
  (nprocs, nteams, nworkers) = (96, 96, 1)
  Bucket 0 contains 1021661034
  Bucket 1 contains 1020328380
  Bucket 2 contains 1072223124
  Bucket 3 contains 1033428066
  Bucket 4 contains 1034191307
  Bucket 5 contains 1084069352
  Bucket 6 contains 1018770229
  Bucket 7 contains 1064956404
  Bucket 8 contains 1018974127
  Bucket 9 contains 1077517675
  Bucket 10 contains 1014618944
  Bucket 11 contains 1003197343
  Bucket 12 contains 628924665
  Bucket 13 contains 1250592059
  Bucket 14 contains 1112502665
  Bucket 15 contains 1180092988
  Bucket 16 contains 632474852
  Bucket 17 contains 1359402990
  Bucket 18 contains 795190715
  Bucket 19 contains 1390649355
  Bucket 20 contains 624090263
  Bucket 21 contains 1256512143
  Bucket 22 contains 1186845235
  Bucket 23 contains 1118976727
  Bucket 24 contains 628776024
  Bucket 25 contains 703991392
  Bucket 26 contains 1848798781
  Bucket 27 contains 635929287
  Bucket 28 contains 1119932335
  Bucket 29 contains 1272461252
  Bucket 30 contains 628931758
  Bucket 31 contains 1275944303
  Bucket 32 contains 1264735742
  Bucket 33 contains 634174205
  Bucket 34 contains 1503428250
  Bucket 35 contains 627184523
  Bucket 36 contains 1123845632
  Bucket 37 contains 1187702618
  Bucket 38 contains 1260855617
  Bucket 39 contains 624364860
  Bucket 40 contains 1269186648
  Bucket 41 contains 632784040
  Bucket 42 contains 1688773340
  Bucket 43 contains 626897048
  Bucket 44 contains 1211412561
  Bucket 45 contains 1207588382
  Bucket 46 contains 642030150
  Bucket 47 contains 1406854326
  Bucket 48 contains 1000000001
  Bucket 49 contains 977981351
  Bucket 50 contains 820334009
  Bucket 51 contains 1224779662
  Bucket 52 contains 1097192221
  Bucket 53 contains 1087647757
  Bucket 54 contains 921405327
  Bucket 55 contains 1131835259
  Bucket 56 contains 887904288
  Bucket 57 contains 956161801
  Bucket 58 contains 930778467
  Bucket 59 contains 1385563574
  Bucket 60 contains 1189921665
  Bucket 61 contains 1116802247
  Bucket 62 contains 669703184
  Bucket 63 contains 916961468
  Bucket 64 contains 1431876663
  Bucket 65 contains 705201516
  Bucket 66 contains 1461251050
  Bucket 67 contains 838152005
  Bucket 68 contains 826553468
  Bucket 69 contains 1192417210
  Bucket 70 contains 1119722973
  Bucket 71 contains 1103567470
  Bucket 72 contains 1096832611
  Bucket 73 contains 1137331166
  Bucket 74 contains 882581555
  Bucket 75 contains 1131650931
  Bucket 76 contains 637395913
  Bucket 77 contains 1428042533
  Bucket 78 contains 1265518743
  Bucket 79 contains 638605637
  Bucket 80 contains 1273897250
  Bucket 81 contains 636062500
  Bucket 82 contains 1202715244
  Bucket 83 contains 1117121878
  Bucket 84 contains 1057894294
  Bucket 85 contains 1106650307
  Bucket 86 contains 1205774776
  Bucket 87 contains 747543278
  Bucket 88 contains 908061990
  Bucket 89 contains 1385206371
  Bucket 90 contains 1090621195
  Bucket 91 contains 1102959815
  Bucket 92 contains 963881519
  Bucket 93 contains 1065013998
  Bucket 94 contains 994004812
  Bucket 95 contains 1291288007
Hilbert SFC efficiency: 0.5656101867
Hilbert SFC ratio: 0.9134435599
 Final Hilbert SFC time: 0.030924034

SFC+Knapsack previous efficiency: 0.7299728688
SFC + Knapsack ratio: 1.059079118
 Final SFC+Knapsack_Combined time: 0.000477475

SFC+Painter previous efficiency: 0.6710635304
Binary search iterations: 30
SFC+painterPartition efficiency: 0.8098111483
SFC+Painter ratio: 1.206757798
 Final SFC+Painter time: 0.014976206

Hilbert+Painter previous efficiency: 0.8098111483
Binary search iterations: 30
Hilbert+painterPartition efficiency: 0.8098111483
Hilbert+Painter ratio: 1
 Final Hilbert+Painter time: 0.000944981
Painter+Knapsack previous efficiency: 0.6710635304
Binary search iterations: 30
SFC+painterPartition efficiency: 0.9259561317
Painter+Knapsack ratio: 1.092928037
 Final painter+Knapsack_Combined time: 0.016702801
Run 38
File weights 51 and ranks 51
Original previous efficiency: 0.8082108061
Original efficiency: 0.8082108061
Original ratio: 1
Knapsack previous efficiency: 0.8429230016
Knapsack ratio: 1.071808203
 Final Knapsack time: 0.01297559

Karmarkar-Karp previous efficiency: 0.8429230016
Karmarkar-Karp ratio: 1.071808203
 Final Karmarkar-Karp time: 0.019834268

SFC previous efficiency: 0.6326233596
 Time take to run this function: 6.309999998e-07
SFC ratio: 0.9514395077
 Final SFC time: 0.000691921

Hilbert SFC previous efficiency: 0.6256611346
DM: HilbertProcessorMapDoIt called...
  (nprocs, nteams, nworkers) = (96, 96, 1)
  Bucket 0 contains 1024577774
  Bucket 1 contains 1023119290
  Bucket 2 contains 1074806811
  Bucket 3 contains 1036145166
  Bucket 4 contains 1037132725
  Bucket 5 contains 1087686427
  Bucket 6 contains 1021895774
  Bucket 7 contains 1067349598
  Bucket 8 contains 1021457215
  Bucket 9 contains 1080492529
  Bucket 10 contains 1017560517
  Bucket 11 contains 1051047367
  Bucket 12 contains 633561333
  Bucket 13 contains 1251828443
  Bucket 14 contains 1120139386
  Bucket 15 contains 1186760917
  Bucket 16 contains 634037946
  Bucket 17 contains 1428072373
  Bucket 18 contains 837853093
  Bucket 19 contains 810423155
  Bucket 20 contains 1261594426
  Bucket 21 contains 1253341973
  Bucket 22 contains 628786657
  Bucket 23 contains 1114902986
  Bucket 24 contains 1194577656
  Bucket 25 contains 735155829
  Bucket 26 contains 953194294
  Bucket 27 contains 1511417594
  Bucket 28 contains 1122192846
  Bucket 29 contains 632355645
  Bucket 30 contains 1275648111
  Bucket 31 contains 1275552313
  Bucket 32 contains 625046541
  Bucket 33 contains 1280015560
  Bucket 34 contains 641641976
  Bucket 35 contains 1474237479
  Bucket 36 contains 1132331679
  Bucket 37 contains 1191496735
  Bucket 38 contains 636471049
  Bucket 39 contains 1261591419
  Bucket 40 contains 1258299647
  Bucket 41 contains 635555097
  Bucket 42 contains 968813496
  Bucket 43 contains 1321631205
  Bucket 44 contains 1205054613
  Bucket 45 contains 601139091
  Bucket 46 contains 1231691289
  Bucket 47 contains 1382674263
  Bucket 48 contains 984000842
  Bucket 49 contains 937015392
  Bucket 50 contains 812713480
  Bucket 51 contains 1229631727
  Bucket 52 contains 1101181047
  Bucket 53 contains 1095753514
  Bucket 54 contains 915006437
  Bucket 55 contains 1136329231
  Bucket 56 contains 856617046
  Bucket 57 contains 914238952
  Bucket 58 contains 944326238
  Bucket 59 contains 1430716141
  Bucket 60 contains 1187071533
  Bucket 61 contains 1122672229
  Bucket 62 contains 686197677
  Bucket 63 contains 898138401
  Bucket 64 contains 1427343028
  Bucket 65 contains 702696984
  Bucket 66 contains 1470362347
  Bucket 67 contains 820158953
  Bucket 68 contains 841923891
  Bucket 69 contains 1203001450
  Bucket 70 contains 1101351788
  Bucket 71 contains 1105982155
  Bucket 72 contains 1099606795
  Bucket 73 contains 1137526889
  Bucket 74 contains 890809235
  Bucket 75 contains 1136443678
  Bucket 76 contains 643049411
  Bucket 77 contains 1436543546
  Bucket 78 contains 633966475
  Bucket 79 contains 1279277446
  Bucket 80 contains 1276870300
  Bucket 81 contains 631526954
  Bucket 82 contains 1202467481
  Bucket 83 contains 1119366362
  Bucket 84 contains 1060688008
  Bucket 85 contains 1114737688
  Bucket 86 contains 1193108443
  Bucket 87 contains 751370305
  Bucket 88 contains 908274880
  Bucket 89 contains 1379629530
  Bucket 90 contains 1092192281
  Bucket 91 contains 1103254848
  Bucket 92 contains 968054326
  Bucket 93 contains 1039843555
  Bucket 94 contains 987730885
  Bucket 95 contains 1304226996
Hilbert SFC efficiency: 0.6931086619
Hilbert SFC ratio: 1.107802009
 Final Hilbert SFC time: 0.027022075

SFC+Knapsack previous efficiency: 0.7085960341
SFC + Knapsack ratio: 1.044853831
 Final SFC+Knapsack_Combined time: 0.000502724

SFC+Painter previous efficiency: 0.6355588921
Binary search iterations: 30
SFC+painterPartition efficiency: 0.7986496827
SFC+Painter ratio: 1.256610037
 Final SFC+Painter time: 0.01328489

Hilbert+Painter previous efficiency: 0.8032164871
Binary search iterations: 30
Hilbert+painterPartition efficiency: 0.8139213641
Hilbert+Painter ratio: 1.013327512
 Final Hilbert+Painter time: 0.00101707
Painter+Knapsack previous efficiency: 0.6355588921
Binary search iterations: 30
SFC+painterPartition efficiency: 0.9287858134
Painter+Knapsack ratio: 1.084381839
 Final painter+Knapsack_Combined time: 0.020827823
Run 39
File weights 51 and ranks 51
Original previous efficiency: 0.7764965428
Original efficiency: 0.8834237915
Original ratio: 1.137704732
Knapsack previous efficiency: 0.8072751092
Knapsack ratio: 1.116145439
 Final Knapsack time: 0.016951603

Karmarkar-Karp previous efficiency: 0.8072751092
Karmarkar-Karp ratio: 1.116145439
 Final Karmarkar-Karp time: 0.026475886

SFC previous efficiency: 0.6261573489
 Time take to run this function: 5.710000002e-07
SFC ratio: 0.973012406
 Final SFC time: 0.001190256

Hilbert SFC previous efficiency: 0.5941898412
DM: HilbertProcessorMapDoIt called...
  (nprocs, nteams, nworkers) = (96, 96, 1)
  Bucket 0 contains 1021143898
  Bucket 1 contains 1012978659
  Bucket 2 contains 1066957212
  Bucket 3 contains 1022821506
  Bucket 4 contains 1078393688
  Bucket 5 contains 1019057173
  Bucket 6 contains 1011073283
  Bucket 7 contains 1061152025
  Bucket 8 contains 1066201553
  Bucket 9 contains 1017153650
  Bucket 10 contains 1065461768
  Bucket 11 contains 1032575180
  Bucket 12 contains 630201602
  Bucket 13 contains 1245407688
  Bucket 14 contains 1110026090
  Bucket 15 contains 1183747015
  Bucket 16 contains 633231000
  Bucket 17 contains 666135110
  Bucket 18 contains 1707745967
  Bucket 19 contains 864691115
  Bucket 20 contains 1254305666
  Bucket 21 contains 624564211
  Bucket 22 contains 1240473294
  Bucket 23 contains 1114219130
  Bucket 24 contains 1180177534
  Bucket 25 contains 755572132
  Bucket 26 contains 935456861
  Bucket 27 contains 1469885082
  Bucket 28 contains 557320883
  Bucket 29 contains 1198082706
  Bucket 30 contains 1255531425
  Bucket 31 contains 630816921
  Bucket 32 contains 1268127170
  Bucket 33 contains 1274141410
  Bucket 34 contains 634758128
  Bucket 35 contains 1435012045
  Bucket 36 contains 1109205386
  Bucket 37 contains 552662401
  Bucket 38 contains 1251487449
  Bucket 39 contains 1247294525
  Bucket 40 contains 624642155
  Bucket 41 contains 1240403261
  Bucket 42 contains 954299218
  Bucket 43 contains 1301792094
  Bucket 44 contains 602174340
  Bucket 45 contains 1197602239
  Bucket 46 contains 1214072822
  Bucket 47 contains 692500239
  Bucket 48 contains 713766451
  Bucket 49 contains 1373865941
  Bucket 50 contains 1324333332
  Bucket 51 contains 1190699536
  Bucket 52 contains 1087238238
  Bucket 53 contains 1072287883
  Bucket 54 contains 863323507
  Bucket 55 contains 1136428544
  Bucket 56 contains 822748619
  Bucket 57 contains 876358533
  Bucket 58 contains 927675330
  Bucket 59 contains 1467389710
  Bucket 60 contains 1181833210
  Bucket 61 contains 1117922269
  Bucket 62 contains 692037423
  Bucket 63 contains 873373051
  Bucket 64 contains 1413401655
  Bucket 65 contains 706988762
  Bucket 66 contains 1454219715
  Bucket 67 contains 802713844
  Bucket 68 contains 836995750
  Bucket 69 contains 1219983345
  Bucket 70 contains 1104664296
  Bucket 71 contains 1093454522
  Bucket 72 contains 1090638834
  Bucket 73 contains 1127055571
  Bucket 74 contains 878843514
  Bucket 75 contains 1123023199
  Bucket 76 contains 635194742
  Bucket 77 contains 1429563349
  Bucket 78 contains 636209894
  Bucket 79 contains 1273854038
  Bucket 80 contains 1278906942
  Bucket 81 contains 632109273
  Bucket 82 contains 1191981626
  Bucket 83 contains 1108173395
  Bucket 84 contains 1054535715
  Bucket 85 contains 1115483031
  Bucket 86 contains 1186845951
  Bucket 87 contains 737407209
  Bucket 88 contains 894924369
  Bucket 89 contains 1361422990
  Bucket 90 contains 1085596084
  Bucket 91 contains 1092099185
  Bucket 92 contains 970038774
  Bucket 93 contains 1018869771
  Bucket 94 contains 941721746
  Bucket 95 contains 1341859071
Hilbert SFC efficiency: 0.6093119209
Hilbert SFC ratio: 1.025449913
 Final Hilbert SFC time: 0.045173151

SFC+Knapsack previous efficiency: 0.6837969351
SFC + Knapsack ratio: 1.103090401
 Final SFC+Knapsack_Combined time: 0.000548633

SFC+Painter previous efficiency: 0.5941898412
Binary search iterations: 30
SFC+painterPartition efficiency: 0.7911480521
SFC+Painter ratio: 1.331473541
 Final SFC+Painter time: 0.013199003

Hilbert+Painter previous efficiency: 0.7754539936
Binary search iterations: 30
Hilbert+painterPartition efficiency: 0.8095982437
Hilbert+Painter ratio: 1.044031303
 Final Hilbert+Painter time: 0.000959689
Painter+Knapsack previous efficiency: 0.5941898412
Binary search iterations: 30
SFC+painterPartition efficiency: 0.9238487732
Painter+Knapsack ratio: 1.128566192
 Final painter+Knapsack_Combined time: 0.016748961
Run 40
File weights 51 and ranks 51
Original previous efficiency: 0.7397106807
Original efficiency: 0.8558067139
Original ratio: 1.156947894
Knapsack previous efficiency: 0.7676006832
Knapsack ratio: 1.172531628
 Final Knapsack time: 0.013967682

Karmarkar-Karp previous efficiency: 0.7676006832
Karmarkar-Karp ratio: 1.172531628
 Final Karmarkar-Karp time: 0.02013977

SFC previous efficiency: 0.6411277072
 Time take to run this function: 5.610000002e-07
SFC ratio: 0.8960181945
 Final SFC time: 0.00062954

Hilbert SFC previous efficiency: 0.5491162609
DM: HilbertProcessorMapDoIt called...
  (nprocs, nteams, nworkers) = (96, 96, 1)
  Bucket 0 contains 999491805
  Bucket 1 contains 992780945
  Bucket 2 contains 1044750418
  Bucket 3 contains 1001815531
  Bucket 4 contains 1003580062
  Bucket 5 contains 1050459507
  Bucket 6 contains 990182005
  Bucket 7 contains 1038456659
  Bucket 8 contains 988060566
  Bucket 9 contains 1051881660
  Bucket 10 contains 990388690
  Bucket 11 contains 331481916
  Bucket 12 contains 1401054693
  Bucket 13 contains 1215557660
  Bucket 14 contains 1089875554
  Bucket 15 contains 545774113
  Bucket 16 contains 1224504608
  Bucket 17 contains 679180004
  Bucket 18 contains 889336510
  Bucket 19 contains 932020031
  Bucket 20 contains 1532907362
  Bucket 21 contains 1255967834
  Bucket 22 contains 603409270
  Bucket 23 contains 1158889729
  Bucket 24 contains 1091174432
  Bucket 25 contains 615111867
  Bucket 26 contains 1649152948
  Bucket 27 contains 730974369
  Bucket 28 contains 1161613479
  Bucket 29 contains 1168413876
  Bucket 30 contains 617304517
  Bucket 31 contains 1231642186
  Bucket 32 contains 1223775472
  Bucket 33 contains 620931838
  Bucket 34 contains 1246093191
  Bucket 35 contains 721944967
  Bucket 36 contains 1165012155
  Bucket 37 contains 1089187975
  Bucket 38 contains 1221978472
  Bucket 39 contains 610652370
  Bucket 40 contains 1226380730
  Bucket 41 contains 1223512803
  Bucket 42 contains 923379255
  Bucket 43 contains 652970118
  Bucket 44 contains 1179608785
  Bucket 45 contains 1165304624
  Bucket 46 contains 1188427652
  Bucket 47 contains 684220623
  Bucket 48 contains 683124112
  Bucket 49 contains 1259099070
  Bucket 50 contains 1269919042
  Bucket 51 contains 1194707679
  Bucket 52 contains 1056464350
  Bucket 53 contains 1043313956
  Bucket 54 contains 824836758
  Bucket 55 contains 1121801414
  Bucket 56 contains 719994636
  Bucket 57 contains 814284722
  Bucket 58 contains 903662286
  Bucket 59 contains 1461847721
  Bucket 60 contains 1155624470
  Bucket 61 contains 1093475027
  Bucket 62 contains 697068926
  Bucket 63 contains 836202892
  Bucket 64 contains 1377774150
  Bucket 65 contains 688424496
  Bucket 66 contains 1409620482
  Bucket 67 contains 778681908
  Bucket 68 contains 823128474
  Bucket 69 contains 1232485861
  Bucket 70 contains 1102223478
  Bucket 71 contains 1071309521
  Bucket 72 contains 1068394487
  Bucket 73 contains 1105328560
  Bucket 74 contains 857762425
  Bucket 75 contains 1094713018
  Bucket 76 contains 618026596
  Bucket 77 contains 1395069014
  Bucket 78 contains 624941442
  Bucket 79 contains 1244338178
  Bucket 80 contains 1243766789
  Bucket 81 contains 616000753
  Bucket 82 contains 1170659463
  Bucket 83 contains 1085623566
  Bucket 84 contains 1032381101
  Bucket 85 contains 1112749601
  Bucket 86 contains 1148325577
  Bucket 87 contains 724311589
  Bucket 88 contains 879751755
  Bucket 89 contains 1332808370
  Bucket 90 contains 1059240442
  Bucket 91 contains 1042502768
  Bucket 92 contains 949364660
  Bucket 93 contains 994938825
  Bucket 94 contains 901337323
  Bucket 95 contains 1357296595
Hilbert SFC efficiency: 0.6171052102
Hilbert SFC ratio: 1.123815218
 Final Hilbert SFC time: 0.029063971

SFC+Knapsack previous efficiency: 0.6508480132
SFC + Knapsack ratio: 1.143569444
 Final SFC+Knapsack_Combined time: 0.000661642

SFC+Painter previous efficiency: 0.7670248092
Binary search iterations: 30
SFC+painterPartition efficiency: 0.7840748444
SFC+Painter ratio: 1.022228792
 Final SFC+Painter time: 0.013135319

Hilbert+Painter previous efficiency: 0.7497999188
Binary search iterations: 30
Hilbert+painterPartition efficiency: 0.8040864044
Hilbert+Painter ratio: 1.072401296
 Final Hilbert+Painter time: 0.000990439
Painter+Knapsack previous efficiency: 0.5491162609
Binary search iterations: 30
SFC+painterPartition efficiency: 0.9281288376
Painter+Knapsack ratio: 1.285312627
 Final painter+Knapsack_Combined time: 0.01655265
Run 41
File weights 51 and ranks 51
Original previous efficiency: 0.7338979345
Original efficiency: 0.8390550893
Original ratio: 1.143285803
Knapsack previous efficiency: 0.7614823803
Knapsack ratio: 1.181553141
 Final Knapsack time: 0.017867719

Karmarkar-Karp previous efficiency: 0.7614823803
Karmarkar-Karp ratio: 1.181553141
 Final Karmarkar-Karp time: 0.027363867

SFC previous efficiency: 0.6116029008
 Time take to run this function: 6.020000001e-07
SFC ratio: 1.004520347
 Final SFC time: 0.00071764

Hilbert SFC previous efficiency: 0.5395176861
DM: HilbertProcessorMapDoIt called...
  (nprocs, nteams, nworkers) = (96, 96, 1)
  Bucket 0 contains 988956186
  Bucket 1 contains 981763022
  Bucket 2 contains 1033566511
  Bucket 3 contains 990522081
  Bucket 4 contains 992314172
  Bucket 5 contains 1039420831
  Bucket 6 contains 979753919
  Bucket 7 contains 1026670336
  Bucket 8 contains 976897465
  Bucket 9 contains 1040306081
  Bucket 10 contains 979493551
  Bucket 11 contains 327602071
  Bucket 12 contains 1460598216
  Bucket 13 contains 1201098780
  Bucket 14 contains 1069873100
  Bucket 15 contains 538101094
  Bucket 16 contains 1209234944
  Bucket 17 contains 732942014
  Bucket 18 contains 912227197
  Bucket 19 contains 930832286
  Bucket 20 contains 1540059261
  Bucket 21 contains 657920860
  Bucket 22 contains 1207182718
  Bucket 23 contains 1148076275
  Bucket 24 contains 1077254375
  Bucket 25 contains 614518052
  Bucket 26 contains 784496723
  Bucket 27 contains 1511764762
  Bucket 28 contains 1148494750
  Bucket 29 contains 539733202
  Bucket 30 contains 1206164555
  Bucket 31 contains 1226244533
  Bucket 32 contains 610791351
  Bucket 33 contains 1218262161
  Bucket 34 contains 1227855215
  Bucket 35 contains 701040240
  Bucket 36 contains 1145880164
  Bucket 37 contains 1074925412
  Bucket 38 contains 605612951
  Bucket 39 contains 1206143980
  Bucket 40 contains 1212716384
  Bucket 41 contains 602383117
  Bucket 42 contains 1512828021
  Bucket 43 contains 635360532
  Bucket 44 contains 1160381770
  Bucket 45 contains 1145515205
  Bucket 46 contains 577720413
  Bucket 47 contains 1255581051
  Bucket 48 contains 675340146
  Bucket 49 contains 1191080905
  Bucket 50 contains 1222380987
  Bucket 51 contains 1187291405
  Bucket 52 contains 1051262528
  Bucket 53 contains 1030046827
  Bucket 54 contains 807299845
  Bucket 55 contains 1119094615
  Bucket 56 contains 693105328
  Bucket 57 contains 730852503
  Bucket 58 contains 879359230
  Bucket 59 contains 1489126418
  Bucket 60 contains 1144412753
  Bucket 61 contains 1079255804
  Bucket 62 contains 721221458
  Bucket 63 contains 819921097
  Bucket 64 contains 1368231946
  Bucket 65 contains 682920536
  Bucket 66 contains 1383244084
  Bucket 67 contains 756452364
  Bucket 68 contains 811766680
  Bucket 69 contains 1260277449
  Bucket 70 contains 1097920916
  Bucket 71 contains 1059684943
  Bucket 72 contains 1056815601
  Bucket 73 contains 1094623269
  Bucket 74 contains 849168681
  Bucket 75 contains 1079576938
  Bucket 76 contains 615299458
  Bucket 77 contains 1377928260
  Bucket 78 contains 613640756
  Bucket 79 contains 1229845113
  Bucket 80 contains 1230814226
  Bucket 81 contains 608241690
  Bucket 82 contains 1160060489
  Bucket 83 contains 1074322847
  Bucket 84 contains 1021137430
  Bucket 85 contains 1111534310
  Bucket 86 contains 1120672553
  Bucket 87 contains 714124832
  Bucket 88 contains 869417228
  Bucket 89 contains 1323009677
  Bucket 90 contains 1050653177
  Bucket 91 contains 1009827868
  Bucket 92 contains 938355959
  Bucket 93 contains 994084890
  Bucket 94 contains 871021389
  Bucket 95 contains 1351455827
Hilbert SFC efficiency: 0.6533451583
Hilbert SFC ratio: 1.210980057
 Final Hilbert SFC time: 0.086564306

SFC+Knapsack previous efficiency: 0.6320014183
SFC + Knapsack ratio: 1.178415075
 Final SFC+Knapsack_Combined time: 0.000559234

SFC+Painter previous efficiency: 0.7464448227
Binary search iterations: 30
SFC+painterPartition efficiency: 0.7843666253
SFC+Painter ratio: 1.050803223
 Final SFC+Painter time: 0.020659767

Hilbert+Painter previous efficiency: 0.7163321127
Binary search iterations: 30
Hilbert+painterPartition efficiency: 0.8013742011
Hilbert+Painter ratio: 1.118718799
 Final Hilbert+Painter time: 0.00115606
Painter+Knapsack previous efficiency: 0.5395176861
Binary search iterations: 30
SFC+painterPartition efficiency: 0.931613965
Painter+Knapsack ratio: 1.33772333
 Final painter+Knapsack_Combined time: 0.027783941
Run 42
File weights 51 and ranks 51
Original previous efficiency: 0.7244672386
Original efficiency: 0.8354803575
Original ratio: 1.153234146
Knapsack previous efficiency: 0.7512143614
Knapsack ratio: 1.196287043
 Final Knapsack time: 0.01328013

Karmarkar-Karp previous efficiency: 0.7512143614
Karmarkar-Karp ratio: 1.196287043
 Final Karmarkar-Karp time: 0.020852982

SFC previous efficiency: 0.5893546706
 Time take to run this function: 6.319999999e-07
SFC ratio: 1.053823184
 Final SFC time: 0.000702661

Hilbert SFC previous efficiency: 0.5329520017
DM: HilbertProcessorMapDoIt called...
  (nprocs, nteams, nworkers) = (96, 96, 1)
  Bucket 0 contains 955250462
  Bucket 1 contains 948696388
  Bucket 2 contains 999017716
  Bucket 3 contains 957405261
  Bucket 4 contains 958961894
  Bucket 5 contains 1004464831
  Bucket 6 contains 946411630
  Bucket 7 contains 993347997
  Bucket 8 contains 943693788
  Bucket 9 contains 1005076276
  Bucket 10 contains 946869431
  Bucket 11 contains 316715796
  Bucket 12 contains 1438067243
  Bucket 13 contains 1161552896
  Bucket 14 contains 519400498
  Bucket 15 contains 1045101657
  Bucket 16 contains 1171751603
  Bucket 17 contains 759390010
  Bucket 18 contains 890849496
  Bucket 19 contains 917096607
  Bucket 20 contains 1493510021
  Bucket 21 contains 694083839
  Bucket 22 contains 1170546452
  Bucket 23 contains 586832542
  Bucket 24 contains 1042088745
  Bucket 25 contains 1111047239
  Bucket 26 contains 775653349
  Bucket 27 contains 1399113685
  Bucket 28 contains 586519377
  Bucket 29 contains 1047515289
  Bucket 30 contains 1178376499
  Bucket 31 contains 589307063
  Bucket 32 contains 1187213691
  Bucket 33 contains 1177566134
  Bucket 34 contains 593168935
  Bucket 35 contains 1263923943
  Bucket 36 contains 1110938333
  Bucket 37 contains 1035830017
  Bucket 38 contains 587581792
  Bucket 39 contains 1165313023
  Bucket 40 contains 1172719863
  Bucket 41 contains 581158414
  Bucket 42 contains 582843053
  Bucket 43 contains 1478695398
  Bucket 44 contains 1122513537
  Bucket 45 contains 1108643951
  Bucket 46 contains 556925915
  Bucket 47 contains 1200680001
  Bucket 48 contains 665503469
  Bucket 49 contains 1129777422
  Bucket 50 contains 1190529069
  Bucket 51 contains 1092572991
  Bucket 52 contains 671023171
  Bucket 53 contains 986204445
  Bucket 54 contains 1095601014
  Bucket 55 contains 1079355416
  Bucket 56 contains 667597119
  Bucket 57 contains 681246557
  Bucket 58 contains 1624631275
  Bucket 59 contains 630644957
  Bucket 60 contains 1109391118
  Bucket 61 contains 1045644260
  Bucket 62 contains 722927373
  Bucket 63 contains 777361674
  Bucket 64 contains 1323695855
  Bucket 65 contains 661324473
  Bucket 66 contains 1325985844
  Bucket 67 contains 721990283
  Bucket 68 contains 783659355
  Bucket 69 contains 1251325553
  Bucket 70 contains 1077089396
  Bucket 71 contains 1023501150
  Bucket 72 contains 1020749874
  Bucket 73 contains 1058914347
  Bucket 74 contains 820532453
  Bucket 75 contains 1055552697
  Bucket 76 contains 595114459
  Bucket 77 contains 1328913052
  Bucket 78 contains 591621217
  Bucket 79 contains 1191965570
  Bucket 80 contains 1188371014
  Bucket 81 contains 588018489
  Bucket 82 contains 1115381790
  Bucket 83 contains 1036859979
  Bucket 84 contains 985931898
  Bucket 85 contains 1107800323
  Bucket 86 contains 1069491608
  Bucket 87 contains 687194465
  Bucket 88 contains 839795898
  Bucket 89 contains 1278890116
  Bucket 90 contains 1014499436
  Bucket 91 contains 964391738
  Bucket 92 contains 909630265
  Bucket 93 contains 961979236
  Bucket 94 contains 792748964
  Bucket 95 contains 1344966898
Hilbert SFC efficiency: 0.5986443665
Hilbert SFC ratio: 1.123261315
 Final Hilbert SFC time: 0.028763058

SFC+Knapsack previous efficiency: 0.6071495965
SFC + Knapsack ratio: 1.193189315
 Final SFC+Knapsack_Combined time: 0.00054207

SFC+Painter previous efficiency: 0.7304623852
Binary search iterations: 30
SFC+painterPartition efficiency: 0.7897347452
SFC+Painter ratio: 1.081143617
 Final SFC+Painter time: 0.013319817

Hilbert+Painter previous efficiency: 0.7037158981
Binary search iterations: 30
Hilbert+painterPartition efficiency: 0.8015496453
Hilbert+Painter ratio: 1.139024495
 Final Hilbert+Painter time: 0.00101699
Painter+Knapsack previous efficiency: 0.7205595775
Binary search iterations: 30
SFC+painterPartition efficiency: 0.9300031319
Painter+Knapsack ratio: 1.005391412
 Final painter+Knapsack_Combined time: 0.021324626
Run 43
File weights 51 and ranks 51
Original previous efficiency: 0.7334058535
Original efficiency: 0.8358952874
Original ratio: 1.1397445
Knapsack previous efficiency: 0.7594988195
Knapsack ratio: 1.18382038
 Final Knapsack time: 0.01299091

Karmarkar-Karp previous efficiency: 0.7594988195
Karmarkar-Karp ratio: 1.18382038
 Final Karmarkar-Karp time: 0.020034356

SFC previous efficiency: 0.5733181322
 Time take to run this function: 6.520000007e-07
SFC ratio: 1.039322064
 Final SFC time: 0.000774531

Hilbert SFC previous efficiency: 0.5391221816
DM: HilbertProcessorMapDoIt called...
  (nprocs, nteams, nworkers) = (96, 96, 1)
  Bucket 0 contains 952341032
  Bucket 1 contains 946754902
  Bucket 2 contains 995883918
  Bucket 3 contains 953782471
  Bucket 4 contains 955474455
  Bucket 5 contains 1001091912
  Bucket 6 contains 943497703
  Bucket 7 contains 990795771
  Bucket 8 contains 941661726
  Bucket 9 contains 1002727176
  Bucket 10 contains 944316580
  Bucket 11 contains 315702728
  Bucket 12 contains 1456484132
  Bucket 13 contains 1160780343
  Bucket 14 contains 519746232
  Bucket 15 contains 1040923657
  Bucket 16 contains 1178925104
  Bucket 17 contains 795160667
  Bucket 18 contains 896062400
  Bucket 19 contains 897050686
  Bucket 20 contains 901444874
  Bucket 21 contains 1335310732
  Bucket 22 contains 603398019
  Bucket 23 contains 1165295901
  Bucket 24 contains 1039285138
  Bucket 25 contains 1118738388
  Bucket 26 contains 789589360
  Bucket 27 contains 700980554
  Bucket 28 contains 1249032175
  Bucket 29 contains 1037505088
  Bucket 30 contains 1176923669
  Bucket 31 contains 583410853
  Bucket 32 contains 1185798171
  Bucket 33 contains 1174158596
  Bucket 34 contains 587921767
  Bucket 35 contains 1259369879
  Bucket 36 contains 586102051
  Bucket 37 contains 1036933883
  Bucket 38 contains 1105648861
  Bucket 39 contains 1163033648
  Bucket 40 contains 577706238
  Bucket 41 contains 1197693327
  Bucket 42 contains 587757426
  Bucket 43 contains 1484613363
  Bucket 44 contains 564830961
  Bucket 45 contains 1115104004
  Bucket 46 contains 1112209311
  Bucket 47 contains 1174664894
  Bucket 48 contains 653641694
  Bucket 49 contains 1090902698
  Bucket 50 contains 1173448541
  Bucket 51 contains 698193237
  Bucket 52 contains 1050370073
  Bucket 53 contains 978581863
  Bucket 54 contains 1105685435
  Bucket 55 contains 432692358
  Bucket 56 contains 1312688536
  Bucket 57 contains 669469431
  Bucket 58 contains 743023888
  Bucket 59 contains 1469594637
  Bucket 60 contains 1101019119
  Bucket 61 contains 1043208541
  Bucket 62 contains 731514121
  Bucket 63 contains 760171884
  Bucket 64 contains 1308854377
  Bucket 65 contains 658540268
  Bucket 66 contains 1329883054
  Bucket 67 contains 717298990
  Bucket 68 contains 780621855
  Bucket 69 contains 1276642998
  Bucket 70 contains 1066085729
  Bucket 71 contains 1020718072
  Bucket 72 contains 1017508719
  Bucket 73 contains 1049613631
  Bucket 74 contains 816529607
  Bucket 75 contains 1046347840
  Bucket 76 contains 591757221
  Bucket 77 contains 1330626983
  Bucket 78 contains 592103198
  Bucket 79 contains 1183376463
  Bucket 80 contains 1176581470
  Bucket 81 contains 585845414
  Bucket 82 contains 1116234172
  Bucket 83 contains 1033883902
  Bucket 84 contains 982960446
  Bucket 85 contains 1107806741
  Bucket 86 contains 476318897
  Bucket 87 contains 1167916003
  Bucket 88 contains 941601174
  Bucket 89 contains 1270225858
  Bucket 90 contains 1009492605
  Bucket 91 contains 955465865
  Bucket 92 contains 905985540
  Bucket 93 contains 951397793
  Bucket 94 contains 694599679
  Bucket 95 contains 1401794249
Hilbert SFC efficiency: 0.653105296
Hilbert SFC ratio: 1.211423529
 Final Hilbert SFC time: 0.03159302

SFC+Knapsack previous efficiency: 0.5864156572
SFC + Knapsack ratio: 1.238445222
 Final SFC+Knapsack_Combined time: 0.000488256

SFC+Painter previous efficiency: 0.7115575269
Binary search iterations: 30
SFC+painterPartition efficiency: 0.7863369604
SFC+Painter ratio: 1.105092604
 Final SFC+Painter time: 0.014544881

Hilbert+Painter previous efficiency: 0.691691274
Binary search iterations: 30
Hilbert+painterPartition efficiency: 0.8019092832
Hilbert+Painter ratio: 1.15934567
 Final Hilbert+Painter time: 0.000940852
Painter+Knapsack previous efficiency: 0.6953766409
Binary search iterations: 30
SFC+painterPartition efficiency: 0.9348895961
Painter+Knapsack ratio: 1.019835137
 Final painter+Knapsack_Combined time: 0.02022732
Run 44
File weights 51 and ranks 51
Original previous efficiency: 0.7388718421
Original efficiency: 0.8326921445
Original ratio: 1.126977775
Knapsack previous efficiency: 0.7459472891
Knapsack ratio: 1.214587995
 Final Knapsack time: 0.015161174

Karmarkar-Karp previous efficiency: 0.7459472891
Karmarkar-Karp ratio: 1.214587995
 Final Karmarkar-Karp time: 0.02599765

SFC previous efficiency: 0.5711648731
 Time take to run this function: 5.710000002e-07
SFC ratio: 1.102988833
 Final SFC time: 0.000875296

Hilbert SFC previous efficiency: 0.5711109578
DM: HilbertProcessorMapDoIt called...
  (nprocs, nteams, nworkers) = (96, 96, 1)
  Bucket 0 contains 951936177
  Bucket 1 contains 944141283
  Bucket 2 contains 994607800
  Bucket 3 contains 953612542
  Bucket 4 contains 954733621
  Bucket 5 contains 1000214632
  Bucket 6 contains 942341846
  Bucket 7 contains 988015037
  Bucket 8 contains 940078849
  Bucket 9 contains 1000808349
  Bucket 10 contains 942682088
  Bucket 11 contains 315465388
  Bucket 12 contains 1461036263
  Bucket 13 contains 583532647
  Bucket 14 contains 1091553591
  Bucket 15 contains 1039213591
  Bucket 16 contains 1199563206
  Bucket 17 contains 815808167
  Bucket 18 contains 877790331
  Bucket 19 contains 837751838
  Bucket 20 contains 1437803209
  Bucket 21 contains 802375826
  Bucket 22 contains 642579293
  Bucket 23 contains 1159428743
  Bucket 24 contains 1037685465
  Bucket 25 contains 1129591031
  Bucket 26 contains 777287734
  Bucket 27 contains 685061128
  Bucket 28 contains 1244977147
  Bucket 29 contains 1049099980
  Bucket 30 contains 1175744542
  Bucket 31 contains 584996517
  Bucket 32 contains 1178905620
  Bucket 33 contains 578333978
  Bucket 34 contains 1183475936
  Bucket 35 contains 1258211262
  Bucket 36 contains 587267144
  Bucket 37 contains 1031739082
  Bucket 38 contains 1101714495
  Bucket 39 contains 1151626912
  Bucket 40 contains 609029612
  Bucket 41 contains 1311053391
  Bucket 42 contains 584076178
  Bucket 43 contains 849072502
  Bucket 44 contains 1177315695
  Bucket 45 contains 1108881552
  Bucket 46 contains 1102539431
  Bucket 47 contains 559423995
  Bucket 48 contains 1265223306
  Bucket 49 contains 1052657457
  Bucket 50 contains 426838800
  Bucket 51 contains 1433595880
  Bucket 52 contains 1046621252
  Bucket 53 contains 985057424
  Bucket 54 contains 699883413
  Bucket 55 contains 831319502
  Bucket 56 contains 1305150985
  Bucket 57 contains 658698709
  Bucket 58 contains 694491858
  Bucket 59 contains 1462961749
  Bucket 60 contains 1097522269
  Bucket 61 contains 1044403914
  Bucket 62 contains 737022627
  Bucket 63 contains 747550643
  Bucket 64 contains 1315491858
  Bucket 65 contains 659977325
  Bucket 66 contains 1326747471
  Bucket 67 contains 711625412
  Bucket 68 contains 772603502
  Bucket 69 contains 1296772554
  Bucket 70 contains 1082472712
  Bucket 71 contains 1020896215
  Bucket 72 contains 963509737
  Bucket 73 contains 960885982
  Bucket 74 contains 961416360
  Bucket 75 contains 526364059
  Bucket 76 contains 1107510522
  Bucket 77 contains 738949629
  Bucket 78 contains 1179907304
  Bucket 79 contains 1187369809
  Bucket 80 contains 590344151
  Bucket 81 contains 1175285096
  Bucket 82 contains 1114203190
  Bucket 83 contains 1032873826
  Bucket 84 contains 982033996
  Bucket 85 contains 107366793
  Bucket 86 contains 1000000001
  Bucket 87 contains 1055619806
  Bucket 88 contains 1278661733
  Bucket 89 contains 940811707
  Bucket 90 contains 1430957461
  Bucket 91 contains 884030430
  Bucket 92 contains 908934632
  Bucket 93 contains 1163652620
  Bucket 94 contains 507039396
  Bucket 95 contains 1455601514
Hilbert SFC efficiency: 0.6612093391
Hilbert SFC ratio: 1.157759854
 Final Hilbert SFC time: 0.042900969

SFC+Knapsack previous efficiency: 0.5832936899
SFC + Knapsack ratio: 1.253068608
 Final SFC+Knapsack_Combined time: 0.000497143

SFC+Painter previous efficiency: 0.6939994534
Binary search iterations: 30
SFC+painterPartition efficiency: 0.7826560526
SFC+Painter ratio: 1.127747362
 Final SFC+Painter time: 0.013447966

Hilbert+Painter previous efficiency: 0.6645527378
Binary search iterations: 30
Hilbert+painterPartition efficiency: 0.7913421678
Hilbert+Painter ratio: 1.190789117
 Final Hilbert+Painter time: 0.00090828
Painter+Knapsack previous efficiency: 0.677093957
Binary search iterations: 30
SFC+painterPartition efficiency: 0.9342800077
Painter+Knapsack ratio: 1.079476495
 Final painter+Knapsack_Combined time: 0.020284441
Run 45
File weights 51 and ranks 51
Original previous efficiency: 0.7299749189
Original efficiency: 0.7977461981
Original ratio: 1.092840559
Knapsack previous efficiency: 0.7299749189
Knapsack ratio: 1.240208802
 Final Knapsack time: 0.013772955

Karmarkar-Karp previous efficiency: 0.7299749189
Karmarkar-Karp ratio: 1.240208802
 Final Karmarkar-Karp time: 0.035698544

SFC previous efficiency: 0.5684522083
 Time take to run this function: 6.619999997e-07
SFC ratio: 1.112056014
 Final SFC time: 0.000730906

Hilbert SFC previous efficiency: 0.5773282283
DM: HilbertProcessorMapDoIt called...
  (nprocs, nteams, nworkers) = (96, 96, 1)
  Bucket 0 contains 947735030
  Bucket 1 contains 941373657
  Bucket 2 contains 990555182
  Bucket 3 contains 949621155
  Bucket 4 contains 952013235
  Bucket 5 contains 946606169
  Bucket 6 contains 988751886
  Bucket 7 contains 984889053
  Bucket 8 contains 936643192
  Bucket 9 contains 945253610
  Bucket 10 contains 992248546
  Bucket 11 contains 314313500
  Bucket 12 contains 1450868662
  Bucket 13 contains 572573846
  Bucket 14 contains 1083407055
  Bucket 15 contains 1035116014
  Bucket 16 contains 1212219919
  Bucket 17 contains 825344102
  Bucket 18 contains 842443659
  Bucket 19 contains 806372422
  Bucket 20 contains 1402757483
  Bucket 21 contains 819790339
  Bucket 22 contains 690973105
  Bucket 23 contains 1157156869
  Bucket 24 contains 1034573149
  Bucket 25 contains 1139530086
  Bucket 26 contains 766261365
  Bucket 27 contains 669770024
  Bucket 28 contains 1233674654
  Bucket 29 contains 1043026431
  Bucket 30 contains 1168841724
  Bucket 31 contains 586196060
  Bucket 32 contains 1181896098
  Bucket 33 contains 578301330
  Bucket 34 contains 1178636959
  Bucket 35 contains 1247352240
  Bucket 36 contains 581888391
  Bucket 37 contains 1029477626
  Bucket 38 contains 1093302590
  Bucket 39 contains 1156022632
  Bucket 40 contains 647640462
  Bucket 41 contains 702657457
  Bucket 42 contains 1268420953
  Bucket 43 contains 838705016
  Bucket 44 contains 1160821701
  Bucket 45 contains 1107876682
  Bucket 46 contains 549480097
  Bucket 47 contains 1106597337
  Bucket 48 contains 1262738533
  Bucket 49 contains 690659455
  Bucket 50 contains 785728438
  Bucket 51 contains 1394695326
  Bucket 52 contains 1037249823
  Bucket 53 contains 646404980
  Bucket 54 contains 999088432
  Bucket 55 contains 810153696
  Bucket 56 contains 1298023705
  Bucket 57 contains 656943359
  Bucket 58 contains 676776305
  Bucket 59 contains 1432786560
  Bucket 60 contains 1096194398
  Bucket 61 contains 1047956570
  Bucket 62 contains 740914660
  Bucket 63 contains 734554586
  Bucket 64 contains 1313246962
  Bucket 65 contains 654158084
  Bucket 66 contains 1311876422
  Bucket 67 contains 699567817
  Bucket 68 contains 761731808
  Bucket 69 contains 1319032926
  Bucket 70 contains 1108723188
  Bucket 71 contains 962960462
  Bucket 72 contains 958776155
  Bucket 73 contains 421867640
  Bucket 74 contains 981942658
  Bucket 75 contains 1083648095
  Bucket 76 contains 1104957154
  Bucket 77 contains 733505078
  Bucket 78 contains 1170289728
  Bucket 79 contains 1183741205
  Bucket 80 contains 586907024
  Bucket 81 contains 1171351483
  Bucket 82 contains 1110628583
  Bucket 83 contains 1029773648
  Bucket 84 contains 977632715
  Bucket 85 contains 106995085
  Bucket 86 contains 1000000001
  Bucket 87 contains 1048565211
  Bucket 88 contains 1283307440
  Bucket 89 contains 935311433
  Bucket 90 contains 1426887840
  Bucket 91 contains 869003505
  Bucket 92 contains 906737781
  Bucket 93 contains 903574725
  Bucket 94 contains 641950379
  Bucket 95 contains 1495151691
Hilbert SFC efficiency: 0.6439888066
Hilbert SFC ratio: 1.115463916
 Final Hilbert SFC time: 0.027674168

SFC+Knapsack previous efficiency: 0.5710881053
SFC + Knapsack ratio: 1.286468832
 Final SFC+Knapsack_Combined time: 0.000501392

SFC+Painter previous efficiency: 0.6773745553
Binary search iterations: 30
SFC+painterPartition efficiency: 0.7851870441
SFC+Painter ratio: 1.159162295
 Final SFC+Painter time: 0.013849163

Hilbert+Painter previous efficiency: 0.6439888066
Binary search iterations: 30
Hilbert+painterPartition efficiency: 0.7719238578
Hilbert+Painter ratio: 1.198660365
 Final Hilbert+Painter time: 0.00108889
Painter+Knapsack previous efficiency: 0.6634891379
Binary search iterations: 30
SFC+painterPartition efficiency: 0.9334897588
Painter+Knapsack ratio: 1.107308328
 Final painter+Knapsack_Combined time: 0.016803888
Run 46
File weights 51 and ranks 51
Original previous efficiency: 0.7117733767
Original efficiency: 0.8974407732
Original ratio: 1.260851842
Knapsack previous efficiency: 0.7117733767
Knapsack ratio: 1.272702874
 Final Knapsack time: 0.012936093

Karmarkar-Karp previous efficiency: 0.7117733767
Karmarkar-Karp ratio: 1.272702874
 Final Karmarkar-Karp time: 0.020866849

SFC previous efficiency: 0.5743788511
 Time take to run this function: 6.209999999e-07
SFC ratio: 1.069974874
 Final SFC time: 0.000672433

Hilbert SFC previous efficiency: 0.5877128764
DM: HilbertProcessorMapDoIt called...
  (nprocs, nteams, nworkers) = (96, 96, 1)
  Bucket 0 contains 985605990
  Bucket 1 contains 981276274
  Bucket 2 contains 1026175610
  Bucket 3 contains 986454805
  Bucket 4 contains 989925187
  Bucket 5 contains 1030653139
  Bucket 6 contains 975734531
  Bucket 7 contains 1019924894
  Bucket 8 contains 1029466122
  Bucket 9 contains 977526297
  Bucket 10 contains 1028303856
  Bucket 11 contains 276583538
  Bucket 12 contains 1481932074
  Bucket 13 contains 1203672587
  Bucket 14 contains 530178170
  Bucket 15 contains 1067736954
  Bucket 16 contains 1274078324
  Bucket 17 contains 856379825
  Bucket 18 contains 850470405
  Bucket 19 contains 817740884
  Bucket 20 contains 1409007084
  Bucket 21 contains 866945557
  Bucket 22 contains 1361558910
  Bucket 23 contains 606248905
  Bucket 24 contains 1077576211
  Bucket 25 contains 1198555015
  Bucket 26 contains 778636418
  Bucket 27 contains 1366405141
  Bucket 28 contains 611190254
  Bucket 29 contains 1082716023
  Bucket 30 contains 1217556254
  Bucket 31 contains 614872750
  Bucket 32 contains 1219831824
  Bucket 33 contains 1222064428
  Bucket 34 contains 618221344
  Bucket 35 contains 1281105931
  Bucket 36 contains 1143311039
  Bucket 37 contains 537706047
  Bucket 38 contains 1137391821
  Bucket 39 contains 1213129964
  Bucket 40 contains 717666431
  Bucket 41 contains 783929577
  Bucket 42 contains 1416416049
  Bucket 43 contains 905480684
  Bucket 44 contains 1200444275
  Bucket 45 contains 1137962925
  Bucket 46 contains 575369657
  Bucket 47 contains 1152578226
  Bucket 48 contains 638526866
  Bucket 49 contains 1375897133
  Bucket 50 contains 816919533
  Bucket 51 contains 1426562507
  Bucket 52 contains 756170317
  Bucket 53 contains 1011557208
  Bucket 54 contains 1039524389
  Bucket 55 contains 844018470
  Bucket 56 contains 1345280928
  Bucket 57 contains 685561591
  Bucket 58 contains 707247668
  Bucket 59 contains 1483576230
  Bucket 60 contains 1143576694
  Bucket 61 contains 539291475
  Bucket 62 contains 1344968131
  Bucket 63 contains 773715956
  Bucket 64 contains 1369495373
  Bucket 65 contains 694046913
  Bucket 66 contains 1352221141
  Bucket 67 contains 716922068
  Bucket 68 contains 769080775
  Bucket 69 contains 1409350070
  Bucket 70 contains 528931248
  Bucket 71 contains 1023977536
  Bucket 72 contains 1052535225
  Bucket 73 contains 994844812
  Bucket 74 contains 1025895802
  Bucket 75 contains 1127454896
  Bucket 76 contains 1148406806
  Bucket 77 contains 766250209
  Bucket 78 contains 1219507360
  Bucket 79 contains 1235542801
  Bucket 80 contains 615745308
  Bucket 81 contains 1227770311
  Bucket 82 contains 1152073604
  Bucket 83 contains 919723392
  Bucket 84 contains 1018346236
  Bucket 85 contains 262873259
  Bucket 86 contains 1055349640
  Bucket 87 contains 1032123849
  Bucket 88 contains 1397866376
  Bucket 89 contains 973898150
  Bucket 90 contains 880803542
  Bucket 91 contains 1033157370
  Bucket 92 contains 1176663014
  Bucket 93 contains 1177387330
  Bucket 94 contains 634147229
  Bucket 95 contains 1532749437
Hilbert SFC efficiency: 0.6544695656
Hilbert SFC ratio: 1.11358725
 Final Hilbert SFC time: 0.028390355

SFC+Knapsack previous efficiency: 0.5749469805
SFC + Knapsack ratio: 1.174496341
 Final SFC+Knapsack_Combined time: 0.000505018

SFC+Painter previous efficiency: 0.637524919
Binary search iterations: 30
SFC+painterPartition efficiency: 0.7873439484
SFC+Painter ratio: 1.235001056
 Final SFC+Painter time: 0.0348029

Hilbert+Painter previous efficiency: 0.6488919567
Binary search iterations: 30
Hilbert+painterPartition efficiency: 0.7616991089
Hilbert+Painter ratio: 1.173845817
 Final Hilbert+Painter time: 0.00109919
Painter+Knapsack previous efficiency: 0.637524919
Binary search iterations: 30
SFC+painterPartition efficiency: 0.9368192893
Painter+Knapsack ratio: 1.179152261
 Final painter+Knapsack_Combined time: 0.034799743
Run 47
File weights 51 and ranks 51
Original previous efficiency: 0.7020642967
Original efficiency: 0.8814515065
Original ratio: 1.255513933
Knapsack previous efficiency: 0.7020642967
Knapsack ratio: 1.29067272
 Final Knapsack time: 0.013452895

Karmarkar-Karp previous efficiency: 0.7020642967
Karmarkar-Karp ratio: 1.29067272
 Final Karmarkar-Karp time: 0.020188785

SFC previous efficiency: 0.5827710759
 Time take to run this function: 5.91e-07
SFC ratio: 1
 Final SFC time: 0.000675028

Hilbert SFC previous efficiency: 0.6034965723
DM: HilbertProcessorMapDoIt called...
  (nprocs, nteams, nworkers) = (96, 96, 1)
  Bucket 0 contains 1047330008
  Bucket 1 contains 1043374162
  Bucket 2 contains 1090419337
  Bucket 3 contains 1047758965
  Bucket 4 contains 1051658340
  Bucket 5 contains 1094782116
  Bucket 6 contains 1037320661
  Bucket 7 contains 1083938491
  Bucket 8 contains 1035542357
  Bucket 9 contains 1096108702
  Bucket 10 contains 1036125268
  Bucket 11 contains 349265449
  Bucket 12 contains 1531739004
  Bucket 13 contains 1270168375
  Bucket 14 contains 1127440079
  Bucket 15 contains 573279098
  Bucket 16 contains 1390750022
  Bucket 17 contains 917145790
  Bucket 18 contains 844348605
  Bucket 19 contains 795112861
  Bucket 20 contains 1436043948
  Bucket 21 contains 929350249
  Bucket 22 contains 1466581400
  Bucket 23 contains 1211808141
  Bucket 24 contains 566891804
  Bucket 25 contains 1287365361
  Bucket 26 contains 796739814
  Bucket 27 contains 1443987158
  Bucket 28 contains 1220683165
  Bucket 29 contains 573597257
  Bucket 30 contains 1289136892
  Bucket 31 contains 1284891507
  Bucket 32 contains 651282972
  Bucket 33 contains 1282915284
  Bucket 34 contains 656654232
  Bucket 35 contains 1362577920
  Bucket 36 contains 1212538448
  Bucket 37 contains 1133301100
  Bucket 38 contains 641959326
  Bucket 39 contains 1311141017
  Bucket 40 contains 826629838
  Bucket 41 contains 914113722
  Bucket 42 contains 1617076072
  Bucket 43 contains 943968463
  Bucket 44 contains 1270788265
  Bucket 45 contains 606894489
  Bucket 46 contains 1215599987
  Bucket 47 contains 1217985987
  Bucket 48 contains 661288855
  Bucket 49 contains 1446113393
  Bucket 50 contains 852640283
  Bucket 51 contains 1462573189
  Bucket 52 contains 785578894
  Bucket 53 contains 1066925997
  Bucket 54 contains 1100148145
  Bucket 55 contains 888573402
  Bucket 56 contains 1413833108
  Bucket 57 contains 725378816
  Bucket 58 contains 742300517
  Bucket 59 contains 1579467916
  Bucket 60 contains 1213381840
  Bucket 61 contains 571792205
  Bucket 62 contains 1459995537
  Bucket 63 contains 822386049
  Bucket 64 contains 1458713557
  Bucket 65 contains 739733902
  Bucket 66 contains 719549471
  Bucket 67 contains 1466855545
  Bucket 68 contains 799282145
  Bucket 69 contains 1514185858
  Bucket 70 contains 563950018
  Bucket 71 contains 1094764308
  Bucket 72 contains 1118401979
  Bucket 73 contains 1058060883
  Bucket 74 contains 1084978926
  Bucket 75 contains 1200366338
  Bucket 76 contains 1217891623
  Bucket 77 contains 800265340
  Bucket 78 contains 1295125929
  Bucket 79 contains 653544139
  Bucket 80 contains 1302235077
  Bucket 81 contains 1307578521
  Bucket 82 contains 652461234
  Bucket 83 contains 1087602162
  Bucket 84 contains 1158173884
  Bucket 85 contains 659182756
  Bucket 86 contains 1407810638
  Bucket 87 contains 1524821639
  Bucket 88 contains 1033556129
  Bucket 89 contains 757281166
  Bucket 90 contains 937438802
  Bucket 91 contains 1078880583
  Bucket 92 contains 1248085167
  Bucket 93 contains 1250655925
  Bucket 94 contains 669349466
  Bucket 95 contains 1564086861
Hilbert SFC efficiency: 0.6573938282
Hilbert SFC ratio: 1.089308305
 Final Hilbert SFC time: 0.029299817

SFC+Knapsack previous efficiency: 0.5873051953
SFC + Knapsack ratio: 1.199270186
 Final SFC+Knapsack_Combined time: 0.00088757

SFC+Painter previous efficiency: 0.5941641734
Binary search iterations: 30
SFC+painterPartition efficiency: 0.7745538512
SFC+Painter ratio: 1.303602415
 Final SFC+Painter time: 0.01477143

Hilbert+Painter previous efficiency: 0.5941641734
Binary search iterations: 30
Hilbert+painterPartition efficiency: 0.7643759213
Hilbert+Painter ratio: 1.286472587
 Final Hilbert+Painter time: 0.000969398
Painter+Knapsack previous efficiency: 0.6116274294
Binary search iterations: 30
SFC+painterPartition efficiency: 0.9357607211
Painter+Knapsack ratio: 1.228982588
 Final painter+Knapsack_Combined time: 0.017925761
Run 48
File weights 51 and ranks 51
Original previous efficiency: 0.7023334346
Original efficiency: 0.8510835815
Original ratio: 1.211794199
Knapsack previous efficiency: 0.7023334346
Knapsack ratio: 1.281913364
 Final Knapsack time: 0.014015304

Karmarkar-Karp previous efficiency: 0.7023334346
Karmarkar-Karp ratio: 1.281913364
 Final Karmarkar-Karp time: 0.0200263

SFC previous efficiency: 0.5604704648
 Time take to run this function: 5.210000005e-07
SFC ratio: 1.076201588
 Final SFC time: 0.000663575

Hilbert SFC previous efficiency: 0.5709984744
DM: HilbertProcessorMapDoIt called...
  (nprocs, nteams, nworkers) = (96, 96, 1)
  Bucket 0 contains 1092952185
  Bucket 1 contains 1084240546
  Bucket 2 contains 1133258374
  Bucket 3 contains 1089021983
  Bucket 4 contains 1093700938
  Bucket 5 contains 1081226478
  Bucket 6 contains 1135273152
  Bucket 7 contains 1126591318
  Bucket 8 contains 1076519138
  Bucket 9 contains 1079633307
  Bucket 10 contains 1137281677
  Bucket 11 contains 363167995
  Bucket 12 contains 1530897301
  Bucket 13 contains 1327678916
  Bucket 14 contains 1172942446
  Bucket 15 contains 594585120
  Bucket 16 contains 1473758525
  Bucket 17 contains 930683374
  Bucket 18 contains 799923978
  Bucket 19 contains 1549316258
  Bucket 20 contains 675646310
  Bucket 21 contains 965223922
  Bucket 22 contains 1563575328
  Bucket 23 contains 1259255051
  Bucket 24 contains 1170990594
  Bucket 25 contains 765494107
  Bucket 26 contains 813975418
  Bucket 27 contains 1493493143
  Bucket 28 contains 1268301740
  Bucket 29 contains 1257394959
  Bucket 30 contains 668679870
  Bucket 31 contains 1348095523
  Bucket 32 contains 676843097
  Bucket 33 contains 1344171672
  Bucket 34 contains 1358846460
  Bucket 35 contains 738545171
  Bucket 36 contains 1266651916
  Bucket 37 contains 1180885682
  Bucket 38 contains 1338624428
  Bucket 39 contains 725022538
  Bucket 40 contains 940364119
  Bucket 41 contains 994214942
  Bucket 42 contains 976703709
  Bucket 43 contains 1820158974
  Bucket 44 contains 696451920
  Bucket 45 contains 1276865863
  Bucket 46 contains 1266676755
  Bucket 47 contains 1260986204
  Bucket 48 contains 681211520
  Bucket 49 contains 1497073187
  Bucket 50 contains 868887023
  Bucket 51 contains 787925575
  Bucket 52 contains 1127690695
  Bucket 53 contains 1119182048
  Bucket 54 contains 1108187400
  Bucket 55 contains 1320782456
  Bucket 56 contains 1465011025
  Bucket 57 contains 743381348
  Bucket 58 contains 759767996
  Bucket 59 contains 1654668419
  Bucket 60 contains 685135323
  Bucket 61 contains 1184822314
  Bucket 62 contains 1526855777
  Bucket 63 contains 846456967
  Bucket 64 contains 758398682
  Bucket 65 contains 1518871318
  Bucket 66 contains 748943924
  Bucket 67 contains 1526293428
  Bucket 68 contains 812383649
  Bucket 69 contains 1572816611
  Bucket 70 contains 589339342
  Bucket 71 contains 1138615517
  Bucket 72 contains 1162266967
  Bucket 73 contains 1098929872
  Bucket 74 contains 1127208865
  Bucket 75 contains 1253126000
  Bucket 76 contains 1259568052
  Bucket 77 contains 837406835
  Bucket 78 contains 1342664113
  Bucket 79 contains 674768378
  Bucket 80 contains 1361939300
  Bucket 81 contains 1350337238
  Bucket 82 contains 674535338
  Bucket 83 contains 1134623920
  Bucket 84 contains 1204600532
  Bucket 85 contains 685787860
  Bucket 86 contains 1420477884
  Bucket 87 contains 775324886
  Bucket 88 contains 1651897212
  Bucket 89 contains 1068284874
  Bucket 90 contains 973965467
  Bucket 91 contains 1112564823
  Bucket 92 contains 1297796186
  Bucket 93 contains 1297696973
  Bucket 94 contains 657724227
  Bucket 95 contains 1594612697
Hilbert SFC efficiency: 0.6068929737
Hilbert SFC ratio: 1.062862689
 Final Hilbert SFC time: 0.029312673

SFC+Knapsack previous efficiency: 0.5939212229
SFC + Knapsack ratio: 1.230757202
 Final SFC+Knapsack_Combined time: 0.000512914

SFC+Painter previous efficiency: 0.7700448122
Binary search iterations: 30
SFC+painterPartition efficiency: 0.7751770355
SFC+Painter ratio: 1.006664837
 Final SFC+Painter time: 0.015021093

Hilbert+Painter previous efficiency: 0.5604704648
Binary search iterations: 30
Hilbert+painterPartition efficiency: 0.7627186725
Hilbert+Painter ratio: 1.360854354
 Final Hilbert+Painter time: 0.000960441
Painter+Knapsack previous efficiency: 0.5939212229
Binary search iterations: 30
SFC+painterPartition efficiency: 0.9358349084
Painter+Knapsack ratio: 1.247830958
 Final painter+Knapsack_Combined time: 0.017175968
Run 49
File weights 51 and ranks 51
Original previous efficiency: 0.7070838923
Original efficiency: 0.8360306321
Original ratio: 1.182364131
Knapsack previous efficiency: 0.7070838923
Knapsack ratio: 1.273691719
 Final Knapsack time: 0.013303726

Karmarkar-Karp previous efficiency: 0.7070838923
Karmarkar-Karp ratio: 1.273691719
 Final Karmarkar-Karp time: 0.019746228

SFC previous efficiency: 0.5493094817
 Time take to run this function: 5.500000002e-07
SFC ratio: 1.155379503
 Final SFC time: 0.000711298

Hilbert SFC previous efficiency: 0.5547849406
DM: HilbertProcessorMapDoIt called...
  (nprocs, nteams, nworkers) = (96, 96, 1)
  Bucket 0 contains 1072619741
  Bucket 1 contains 1068629314
  Bucket 2 contains 1116449802
  Bucket 3 contains 1072858560
  Bucket 4 contains 1076600567
  Bucket 5 contains 1064888626
  Bucket 6 contains 1119064108
  Bucket 7 contains 1054913522
  Bucket 8 contains 1120825524
  Bucket 9 contains 1063523592
  Bucket 10 contains 1121275507
  Bucket 11 contains 358093468
  Bucket 12 contains 1436927028
  Bucket 13 contains 1303886816
  Bucket 14 contains 1155900381
  Bucket 15 contains 582402776
  Bucket 16 contains 1484205781
  Bucket 17 contains 861481825
  Bucket 18 contains 1521823865
  Bucket 19 contains 747237929
  Bucket 20 contains 695741531
  Bucket 21 contains 929380719
  Bucket 22 contains 1566733907
  Bucket 23 contains 1243082744
  Bucket 24 contains 1160652416
  Bucket 25 contains 785781422
  Bucket 26 contains 1532629801
  Bucket 27 contains 728020776
  Bucket 28 contains 1252560752
  Bucket 29 contains 1243189593
  Bucket 30 contains 663593071
  Bucket 31 contains 1328480397
  Bucket 32 contains 1329091186
  Bucket 33 contains 659120315
  Bucket 34 contains 1331436743
  Bucket 35 contains 726037907
  Bucket 36 contains 1250697034
  Bucket 37 contains 1158698720
  Bucket 38 contains 1310384296
  Bucket 39 contains 771054532
  Bucket 40 contains 959664707
  Bucket 41 contains 1000000001
  Bucket 42 contains 979198438
  Bucket 43 contains 901545352
  Bucket 44 contains 1643166228
  Bucket 45 contains 1252925205
  Bucket 46 contains 1245122185
  Bucket 47 contains 619595646
  Bucket 48 contains 1281079913
  Bucket 49 contains 715774423
  Bucket 50 contains 1098312701
  Bucket 51 contains 1263329896
  Bucket 52 contains 1112654413
  Bucket 53 contains 1105324072
  Bucket 54 contains 1477289657
  Bucket 55 contains 919553582
  Bucket 56 contains 732352688
  Bucket 57 contains 1442729127
  Bucket 58 contains 745381010
  Bucket 59 contains 1635442802
  Bucket 60 contains 682531746
  Bucket 61 contains 1171211719
  Bucket 62 contains 656508611
  Bucket 63 contains 1609440762
  Bucket 64 contains 805516175
  Bucket 65 contains 1508993669
  Bucket 66 contains 740884830
  Bucket 67 contains 1507772278
  Bucket 68 contains 798059902
  Bucket 69 contains 972486953
  Bucket 70 contains 1141594719
  Bucket 71 contains 1127825453
  Bucket 72 contains 1090038579
  Bucket 73 contains 1138799239
  Bucket 74 contains 1114183909
  Bucket 75 contains 1227740885
  Bucket 76 contains 579273962
  Bucket 77 contains 1328536939
  Bucket 78 contains 824715329
  Bucket 79 contains 1324623059
  Bucket 80 contains 1332608603
  Bucket 81 contains 665816591
  Bucket 82 contains 1331723937
  Bucket 83 contains 1115661972
  Bucket 84 contains 1184886835
  Bucket 85 contains 675293640
  Bucket 86 contains 1375639453
  Bucket 87 contains 760000010
  Bucket 88 contains 1670478712
  Bucket 89 contains 1060341726
  Bucket 90 contains 959868581
  Bucket 91 contains 1096849337
  Bucket 92 contains 1280362632
  Bucket 93 contains 1021522886
  Bucket 94 contains 864243040
  Bucket 95 contains 1424021683
Hilbert SFC efficiency: 0.6508268923
Hilbert SFC ratio: 1.173115643
 Final Hilbert SFC time: 0.028284209

SFC+Knapsack previous efficiency: 0.5815873146
SFC + Knapsack ratio: 1.267984147
 Final SFC+Knapsack_Combined time: 0.000523705

SFC+Painter previous efficiency: 0.7576851183
Binary search iterations: 30
SFC+painterPartition efficiency: 0.7667934257
SFC+Painter ratio: 1.01202123
 Final SFC+Painter time: 0.013733858

Hilbert+Painter previous efficiency: 0.7534358588
Binary search iterations: 30
Hilbert+painterPartition efficiency: 0.7573852614
Hilbert+Painter ratio: 1.005241856
 Final Hilbert+Painter time: 0.000927076
Painter+Knapsack previous efficiency: 0.5815873146
Binary search iterations: 30
SFC+painterPartition efficiency: 0.9195001373
Painter+Knapsack ratio: 1.267984147
 Final painter+Knapsack_Combined time: 0.017167672
Run 50
File weights 51 and ranks 51
Original previous efficiency: 0.7085592377
Original efficiency: 0.8169389791
Original ratio: 1.152957912
Knapsack previous efficiency: 0.7085592377
Knapsack ratio: 1.274809458
 Final Knapsack time: 0.013664645

Karmarkar-Karp previous efficiency: 0.7085592377
Karmarkar-Karp ratio: 1.274809458
 Final Karmarkar-Karp time: 0.020061337

SFC previous efficiency: 0.5421447882
 Time take to run this function: 6.020000001e-07
SFC ratio: 1.195938802
 Final SFC time: 0.009069793

Hilbert SFC previous efficiency: 0.5451562064
DM: HilbertProcessorMapDoIt called...
  (nprocs, nteams, nworkers) = (96, 96, 1)
  Bucket 0 contains 1058945116
  Bucket 1 contains 1054467037
  Bucket 2 contains 1101916164
  Bucket 3 contains 1059495190
  Bucket 4 contains 1063606623
  Bucket 5 contains 1051257748
  Bucket 6 contains 1103942882
  Bucket 7 contains 1040393155
  Bucket 8 contains 1103201001
  Bucket 9 contains 1050162207
  Bucket 10 contains 1105894623
  Bucket 11 contains 353361431
  Bucket 12 contains 1409460705
  Bucket 13 contains 1291705448
  Bucket 14 contains 1147173360
  Bucket 15 contains 581240768
  Bucket 16 contains 1488294683
  Bucket 17 contains 810284849
  Bucket 18 contains 1492602896
  Bucket 19 contains 734966637
  Bucket 20 contains 739817329
  Bucket 21 contains 869007275
  Bucket 22 contains 1581023852
  Bucket 23 contains 1222601214
  Bucket 24 contains 1155132244
  Bucket 25 contains 804121183
  Bucket 26 contains 764962958
  Bucket 27 contains 1435100057
  Bucket 28 contains 1230574800
  Bucket 29 contains 1233227325
  Bucket 30 contains 646907334
  Bucket 31 contains 1304726512
  Bucket 32 contains 654316665
  Bucket 33 contains 1303589096
  Bucket 34 contains 1318357185
  Bucket 35 contains 713275104
  Bucket 36 contains 1233768097
  Bucket 37 contains 1144507142
  Bucket 38 contains 1298550290
  Bucket 39 contains 807211790
  Bucket 40 contains 967170558
  Bucket 41 contains 1000000001
  Bucket 42 contains 978097479
  Bucket 43 contains 925151228
  Bucket 44 contains 1577388135
  Bucket 45 contains 1231605119
  Bucket 46 contains 615993657
  Bucket 47 contains 1220488275
  Bucket 48 contains 1264591176
  Bucket 49 contains 707801178
  Bucket 50 contains 1083866165
  Bucket 51 contains 1251350230
  Bucket 52 contains 1077183784
  Bucket 53 contains 1087123726
  Bucket 54 contains 1069990325
  Bucket 55 contains 1274829135
  Bucket 56 contains 722682351
  Bucket 57 contains 1420505744
  Bucket 58 contains 734853362
  Bucket 59 contains 790135900
  Bucket 60 contains 1514280500
  Bucket 61 contains 1165111460
  Bucket 62 contains 655205081
  Bucket 63 contains 1571942351
  Bucket 64 contains 799852374
  Bucket 65 contains 1491659545
  Bucket 66 contains 733294666
  Bucket 67 contains 728350455
  Bucket 68 contains 1538961273
  Bucket 69 contains 951985827
  Bucket 70 contains 1134736265
  Bucket 71 contains 1080342036
  Bucket 72 contains 1078728287
  Bucket 73 contains 1121125639
  Bucket 74 contains 1161499052
  Bucket 75 contains 1210596994
  Bucket 76 contains 581186341
  Bucket 77 contains 1304650109
  Bucket 78 contains 812535742
  Bucket 79 contains 1316161340
  Bucket 80 contains 1316704674
  Bucket 81 contains 661069331
  Bucket 82 contains 1312944202
  Bucket 83 contains 1102810847
  Bucket 84 contains 1172802971
  Bucket 85 contains 666630762
  Bucket 86 contains 1322200019
  Bucket 87 contains 756135398
  Bucket 88 contains 1051176241
  Bucket 89 contains 1573960212
  Bucket 90 contains 1066425749
  Bucket 91 contains 1081081626
  Bucket 92 contains 1010312616
  Bucket 93 contains 1005173187
  Bucket 94 contains 1081829256
  Bucket 95 contains 1254443048
Hilbert SFC efficiency: 0.6783042761
Hilbert SFC ratio: 1.244238382
 Final Hilbert SFC time: 0.052200136

SFC+Knapsack previous efficiency: 0.5686214179
SFC + Knapsack ratio: 1.290845391
 Final SFC+Knapsack_Combined time: 0.000744413

SFC+Painter previous efficiency: 0.7356460323
Binary search iterations: 30
SFC+painterPartition efficiency: 0.784499602
SFC+Painter ratio: 1.066409071
 Final SFC+Painter time: 0.023704346

Hilbert+Painter previous efficiency: 0.7271676829
Binary search iterations: 30
Hilbert+painterPartition efficiency: 0.7608692002
Hilbert+Painter ratio: 1.04634628
 Final Hilbert+Painter time: 0.001172151
Painter+Knapsack previous efficiency: 0.5686214179
Binary search iterations: 30
SFC+painterPartition efficiency: 0.9155712051
Painter+Knapsack ratio: 1.297000833
 Final painter+Knapsack_Combined time: 0.026744016


TinyProfiler total time across processes [min...avg...max]: 7.206 ... 7.206 ... 7.206

-------------------------------------------------------------------------------------
Name                                  NCalls  Excl. Min  Excl. Avg  Excl. Max   Max %
-------------------------------------------------------------------------------------
HilbertProcessorMapDoIt()                 51      2.823      2.823      2.823  39.18%
painterPartition()                       153      1.043      1.043      1.043  14.48%
SFCProcessorMapDoItCombinedPainter()      51     0.7878     0.7878     0.7878  10.93%
KKDoIt()                                  51     0.7771     0.7771     0.7771  10.78%
KnapSackDoIt()                            51     0.7682     0.7682     0.7682  10.66%
kk()                                      51     0.3496     0.3496     0.3496   4.85%
SFCProcessorMapDoIt()                     51    0.02788    0.02788    0.02788   0.39%
SFCProcessorMapDoItCombined()             51   0.009744   0.009744   0.009744   0.14%
knapsack()                              2499   0.007995   0.007995   0.007995   0.11%
Distribute()                             102  0.0008141  0.0008141  0.0008141   0.01%
HilbertDistribute()                       51  0.0005409  0.0005409  0.0005409   0.01%
knapsack()swap                          1594  0.0002037  0.0002037  0.0002037   0.00%
-------------------------------------------------------------------------------------

-------------------------------------------------------------------------------------
Name                                  NCalls  Incl. Min  Incl. Avg  Incl. Max   Max %
-------------------------------------------------------------------------------------
HilbertProcessorMapDoIt()                 51      2.824      2.824      2.824  39.18%
KKDoIt()                                  51      1.127      1.127      1.127  15.64%
painterPartition()                       153      1.043      1.043      1.043  14.48%
SFCProcessorMapDoItCombinedPainter()      51      1.018      1.018      1.018  14.13%
KnapSackDoIt()                            51     0.7717     0.7717     0.7717  10.71%
kk()                                      51     0.3496     0.3496     0.3496   4.85%
SFCProcessorMapDoIt()                     51    0.02839    0.02839    0.02839   0.39%
SFCProcessorMapDoItCombined()             51    0.01216    0.01216    0.01216   0.17%
knapsack()                              2499   0.008199   0.008199   0.008199   0.11%
Distribute()                             102  0.0008141  0.0008141  0.0008141   0.01%
HilbertDistribute()                       51  0.0005409  0.0005409  0.0005409   0.01%
knapsack()swap                          1594  0.0002037  0.0002037  0.0002037   0.00%
-------------------------------------------------------------------------------------

Pinned Memory Usage:
-----------------------------------------------------------------
Name                            Nalloc  Nfree    AvgMem    MaxMem
-----------------------------------------------------------------
The_Pinned_Arena::Initialize()       1      1  1198   B  8192 KiB
-----------------------------------------------------------------

AMReX (25.06-22-g1d307c2c661a-dirty) finalized
