Initializing AMReX (25.06-22-g1d307c2c661a-dirty)...
OMP initialized with 256 OMP threads
AMReX (25.06-22-g1d307c2c661a-dirty) initialized
Starting running input_laser_ion running with 24 nodes and 4 ranks per node.
Total steps: 5000, intervals: 100 = 50 runs
Reading precomputed weights, memory, and ranks from file: /global/homes/j/jessd/amrex_LB/Tools/lb_extractor/lb_inputs/imp_40/laser_ion_4_boxes_96_ranks_40_lb_data.txt
/global/homes/j/jessd/amrex_LB/Tools/lb_extractor/lb_inputs/imp_40/laser_ion_4_boxes_96_ranks_40_lb_data.txt
Run 0: Weights size: 435
Run 1: Weights size: 435
Run 2: Weights size: 435
Run 3: Weights size: 435
Run 4: Weights size: 435
Run 5: Weights size: 435
Run 6: Weights size: 435
Run 7: Weights size: 435
Run 8: Weights size: 435
Run 9: Weights size: 435
Run 10: Weights size: 435
Run 11: Weights size: 435
Run 12: Weights size: 435
Run 13: Weights size: 435
Run 14: Weights size: 435
Run 15: Weights size: 435
Run 16: Weights size: 435
Run 17: Weights size: 435
Run 18: Weights size: 435
Run 19: Weights size: 435
Run 20: Weights size: 435
Run 21: Weights size: 435
Run 22: Weights size: 435
Run 23: Weights size: 435
Run 24: Weights size: 435
Run 25: Weights size: 435
Run 26: Weights size: 435
Run 27: Weights size: 435
Run 28: Weights size: 435
Run 29: Weights size: 435
Run 30: Weights size: 435
Run 31: Weights size: 435
Run 32: Weights size: 435
Run 33: Weights size: 435
Run 34: Weights size: 435
Run 35: Weights size: 435
Run 36: Weights size: 435
Run 37: Weights size: 435
Run 38: Weights size: 435
Run 39: Weights size: 435
Run 40: Weights size: 435
Run 41: Weights size: 435
Run 42: Weights size: 435
Run 43: Weights size: 435
Run 44: Weights size: 435
Run 45: Weights size: 435
Run 46: Weights size: 435
Run 47: Weights size: 435
Run 48: Weights size: 435
Run 49: Weights size: 435
Run 50: Weights size: 435
Run 0
File weights 51 and ranks 51
Original efficiency: 0.2759491367
Original ratio: inf
Knapsack ratio: inf
 Final Knapsack time: 0.019056338

Karmarkar-Karp ratio: inf
 Final Karmarkar-Karp time: 0.021329182

 Time take to run this function: 1.082e-06
SFC ratio: inf
 Final SFC time: 0.000666712

DM: HilbertProcessorMapDoIt called...
  (nprocs, nteams, nworkers) = (96, 96, 1)
Building Hilbert lookup table for order 8...
  Bucket 0 contains 1378021898
  Bucket 1 contains 1380660523
  Bucket 2 contains 1367904846
  Bucket 3 contains 1185033577
  Bucket 4 contains 1000000000
  Bucket 5 contains 1000000000
  Bucket 6 contains 1875041229
  Bucket 7 contains 1750082458
  Bucket 8 contains 1000000000
  Bucket 9 contains 1000000000
  Bucket 10 contains 2000000000
  Bucket 11 contains 1000000000
  Bucket 12 contains 1000000000
  Bucket 13 contains 2000000000
  Bucket 14 contains 1000000000
  Bucket 15 contains 2000000000
  Bucket 16 contains 875041229
  Bucket 17 contains 1750082458
  Bucket 18 contains 1000000000
  Bucket 19 contains 2000000000
  Bucket 20 contains 1000000000
  Bucket 21 contains 1000000000
  Bucket 22 contains 1750082458
  Bucket 23 contains 1000000000
  Bucket 24 contains 2000000000
  Bucket 25 contains 1000000000
  Bucket 26 contains 1000000000
  Bucket 27 contains 2000000000
  Bucket 28 contains 1000000000
  Bucket 29 contains 2000000000
  Bucket 30 contains 1000000000
  Bucket 31 contains 1750082458
  Bucket 32 contains 875041229
  Bucket 33 contains 1000000000
  Bucket 34 contains 2000000000
  Bucket 35 contains 1000000000
  Bucket 36 contains 2000000000
  Bucket 37 contains 1000000000
  Bucket 38 contains 875041229
  Bucket 39 contains 2000000000
  Bucket 40 contains 1000000000
  Bucket 41 contains 2000000000
  Bucket 42 contains 1000000000
  Bucket 43 contains 1000000000
  Bucket 44 contains 2000000000
  Bucket 45 contains 1000000000
  Bucket 46 contains 1750082458
  Bucket 47 contains 1000000000
  Bucket 48 contains 2000000000
  Bucket 49 contains 1000000000
  Bucket 50 contains 1000000000
  Bucket 51 contains 2000000000
  Bucket 52 contains 1000000000
  Bucket 53 contains 1000000000
  Bucket 54 contains 2000000000
  Bucket 55 contains 1000000000
  Bucket 56 contains 2000000000
  Bucket 57 contains 1000000000
  Bucket 58 contains 1000000000
  Bucket 59 contains 2000000000
  Bucket 60 contains 1000000000
  Bucket 61 contains 1750082458
  Bucket 62 contains 875041229
  Bucket 63 contains 2000000000
  Bucket 64 contains 1018800203
  Bucket 65 contains 1000000000
  Bucket 66 contains 2000000000
  Bucket 67 contains 1000000000
  Bucket 68 contains 1000000000
  Bucket 69 contains 2000000000
  Bucket 70 contains 1750082458
  Bucket 71 contains 1379018601
  Bucket 72 contains 415583435
  Bucket 73 contains 2181462113
  Bucket 74 contains 875041229
  Bucket 75 contains 1875041229
  Bucket 76 contains 1123690825
  Bucket 77 contains 1000000000
  Bucket 78 contains 2000000000
  Bucket 79 contains 1000000000
  Bucket 80 contains 1000000000
  Bucket 81 contains 2000000000
  Bucket 82 contains 1000000000
  Bucket 83 contains 1452177125
  Bucket 84 contains 1951591087
  Bucket 85 contains 1059049363
  Bucket 86 contains 1000000000
  Bucket 87 contains 2042877656
  Bucket 88 contains 1209446137
  Bucket 89 contains 1107194140
  Bucket 90 contains 1595104047
  Bucket 91 contains 1592362689
  Bucket 92 contains 1061575126
  Bucket 93 contains 1592362689
  Bucket 94 contains 1592362689
  Bucket 95 contains 1393441038
Hilbert SFC efficiency: 0.632486659
Hilbert SFC ratio: inf
 Final Hilbert SFC time: 1.200037666

SFC + Knapsack ratio: inf
 Final SFC+Knapsack_Combined time: 0.000556709

Binary search iterations: 30
SFC+painterPartition efficiency: 0.6898728417
SFC+Painter ratio: inf
 Final SFC+Painter time: 0.016041779

Binary search iterations: 30
Hilbert+painterPartition efficiency: 0.6898728417
Hilbert+Painter ratio: inf
 Final Hilbert+Painter time: 0.001118407
Binary search iterations: 30
SFC+painterPartition efficiency: 0.9198304557
Painter+Knapsack ratio: inf
 Final painter+Knapsack_Combined time: 0.018899424
Run 1
File weights 51 and ranks 51
Original previous efficiency: 0.2759363465
Original efficiency: 0.7358374482
Original ratio: 2.666692727
Knapsack previous efficiency: 0.7357933186
Knapsack ratio: 1.000062215
 Final Knapsack time: 0.013886352

Karmarkar-Karp previous efficiency: 0.7356294821
Karmarkar-Karp ratio: 1.000284945
 Final Karmarkar-Karp time: 0.022014749

SFC previous efficiency: 0.6895629661
 Time take to run this function: 9.519999999e-07
SFC ratio: 1
 Final SFC time: 0.000739432

Hilbert SFC previous efficiency: 0.6325387078
DM: HilbertProcessorMapDoIt called...
  (nprocs, nteams, nworkers) = (96, 96, 1)
  Bucket 0 contains 1377339342
  Bucket 1 contains 1379976660
  Bucket 2 contains 1367227303
  Bucket 3 contains 1184448960
  Bucket 4 contains 999511697
  Bucket 5 contains 999530819
  Bucket 6 contains 1873860211
  Bucket 7 contains 1749222639
  Bucket 8 contains 999492109
  Bucket 9 contains 999493975
  Bucket 10 contains 1999026660
  Bucket 11 contains 999496773
  Bucket 12 contains 999519626
  Bucket 13 contains 1999008937
  Bucket 14 contains 999491643
  Bucket 15 contains 1998987017
  Bucket 16 contains 874393286
  Bucket 17 contains 1749212846
  Bucket 18 contains 999506101
  Bucket 19 contains 1999032256
  Bucket 20 contains 999501903
  Bucket 21 contains 999504702
  Bucket 22 contains 1749263215
  Bucket 23 contains 999507033
  Bucket 24 contains 1999014534
  Bucket 25 contains 999481849
  Bucket 26 contains 999462727
  Bucket 27 contains 1998998676
  Bucket 28 contains 999527088
  Bucket 29 contains 1999031324
  Bucket 30 contains 999529886
  Bucket 31 contains 1748994578
  Bucket 32 contains 874584969
  Bucket 33 contains 999544810
  Bucket 34 contains 1999013134
  Bucket 35 contains 999491643
  Bucket 36 contains 1999022462
  Bucket 37 contains 999515895
  Bucket 38 contains 874618082
  Bucket 39 contains 1998982819
  Bucket 40 contains 999528953
  Bucket 41 contains 1999062571
  Bucket 42 contains 999526622
  Bucket 43 contains 999511697
  Bucket 44 contains 1999009403
  Bucket 45 contains 999516361
  Bucket 46 contains 1749001107
  Bucket 47 contains 999483714
  Bucket 48 contains 1999250057
  Bucket 49 contains 999871279
  Bucket 50 contains 999973417
  Bucket 51 contains 1999967355
  Bucket 52 contains 999868014
  Bucket 53 contains 999697318
  Bucket 54 contains 1999159578
  Bucket 55 contains 999499105
  Bucket 56 contains 1998982352
  Bucket 57 contains 999509365
  Bucket 58 contains 999475786
  Bucket 59 contains 1999034588
  Bucket 60 contains 999494441
  Bucket 61 contains 1748972192
  Bucket 62 contains 874588700
  Bucket 63 contains 1999030857
  Bucket 64 contains 1018288130
  Bucket 65 contains 999481849
  Bucket 66 contains 1998999609
  Bucket 67 contains 999490244
  Bucket 68 contains 999515895
  Bucket 69 contains 1998997744
  Bucket 70 contains 1748959600
  Bucket 71 contains 1378384536
  Bucket 72 contains 415377590
  Bucket 73 contains 2180133521
  Bucket 74 contains 874598028
  Bucket 75 contains 1874064020
  Bucket 76 contains 1123142658
  Bucket 77 contains 999514029
  Bucket 78 contains 1998949240
  Bucket 79 contains 999527088
  Bucket 80 contains 999493508
  Bucket 81 contains 1998973025
  Bucket 82 contains 999475786
  Bucket 83 contains 1451213008
  Bucket 84 contains 1950457502
  Bucket 85 contains 1058280432
  Bucket 86 contains 999236531
  Bucket 87 contains 2041375652
  Bucket 88 contains 1208625566
  Bucket 89 contains 1106417685
  Bucket 90 contains 1593835018
  Bucket 91 contains 1590947175
  Bucket 92 contains 1060075987
  Bucket 93 contains 1590173912
  Bucket 94 contains 1591541347
  Bucket 95 contains 1392877725
Hilbert SFC efficiency: 0.6325387078
Hilbert SFC ratio: 1
 Final Hilbert SFC time: 0.030405796

SFC+Knapsack previous efficiency: 0.6897844765
SFC + Knapsack ratio: 1.000095189
 Final SFC+Knapsack_Combined time: 0.000525849

SFC+Painter previous efficiency: 0.6895206748
Binary search iterations: 30
SFC+painterPartition efficiency: 0.6898586669
SFC+Painter ratio: 1.000490184
 Final SFC+Painter time: 0.017544369

Hilbert+Painter previous efficiency: 0.6895206748
Binary search iterations: 29
Hilbert+painterPartition efficiency: 0.6898570574
Hilbert+Painter ratio: 1.00048785
 Final Hilbert+Painter time: 0.000982554
Painter+Knapsack previous efficiency: 0.6898401578
Binary search iterations: 30
SFC+painterPartition efficiency: 0.9198014698
Painter+Knapsack ratio: 1.000012366
 Final painter+Knapsack_Combined time: 0.033008407
Run 2
File weights 51 and ranks 51
Original previous efficiency: 0.735543049
Original efficiency: 0.735543049
Original ratio: 1
Knapsack previous efficiency: 0.7354232176
Knapsack ratio: 1.000292587
 Final Knapsack time: 0.025045821

Karmarkar-Karp previous efficiency: 0.7280668362
Karmarkar-Karp ratio: 1.010399536
 Final Karmarkar-Karp time: 0.033851491

SFC previous efficiency: 0.6777343502
 Time take to run this function: 6.609999998e-07
SFC ratio: 1
 Final SFC time: 0.000937285

Hilbert SFC previous efficiency: 0.6326012543
DM: HilbertProcessorMapDoIt called...
  (nprocs, nteams, nworkers) = (96, 96, 1)
  Bucket 0 contains 1351056836
  Bucket 1 contains 1353643828
  Bucket 2 contains 1341137755
  Bucket 3 contains 1161846275
  Bucket 4 contains 980406434
  Bucket 5 contains 980429765
  Bucket 6 contains 1838000546
  Bucket 7 contains 1715835563
  Bucket 8 contains 980433883
  Bucket 9 contains 980442575
  Bucket 10 contains 1960870053
  Bucket 11 contains 980432968
  Bucket 12 contains 980412381
  Bucket 13 contains 1960891097
  Bucket 14 contains 980464076
  Bucket 15 contains 1960883777
  Bucket 16 contains 857589537
  Bucket 17 contains 1715830988
  Bucket 18 contains 980384932
  Bucket 19 contains 1960849924
  Bucket 20 contains 980445320
  Bucket 21 contains 980443947
  Bucket 22 contains 1715836936
  Bucket 23 contains 980470481
  Bucket 24 contains 1960812867
  Bucket 25 contains 980437542
  Bucket 26 contains 980414211
  Bucket 27 contains 1960875542
  Bucket 28 contains 980438915
  Bucket 29 contains 1960854041
  Bucket 30 contains 980440745
  Bucket 31 contains 1715504802
  Bucket 32 contains 857950949
  Bucket 33 contains 980438915
  Bucket 34 contains 1960864562
  Bucket 35 contains 980431138
  Bucket 36 contains 1960890181
  Bucket 37 contains 980416956
  Bucket 38 contains 858890163
  Bucket 39 contains 1960813324
  Bucket 40 contains 980454927
  Bucket 41 contains 1960876915
  Bucket 42 contains 980485578
  Bucket 43 contains 980437542
  Bucket 44 contains 1960916715
  Bucket 45 contains 980457672
  Bucket 46 contains 1715733545
  Bucket 47 contains 980417871
  Bucket 48 contains 1972433409
  Bucket 49 contains 995968655
  Bucket 50 contains 999902099
  Bucket 51 contains 1999597415
  Bucket 52 contains 997757416
  Bucket 53 contains 991008159
  Bucket 54 contains 1967226331
  Bucket 55 contains 980916070
  Bucket 56 contains 980441202
  Bucket 57 contains 1960841231
  Bucket 58 contains 980449894
  Bucket 59 contains 1960854498
  Bucket 60 contains 980421073
  Bucket 61 contains 1715494738
  Bucket 62 contains 857944087
  Bucket 63 contains 980426105
  Bucket 64 contains 1979312439
  Bucket 65 contains 980423360
  Bucket 66 contains 1960853583
  Bucket 67 contains 980420616
  Bucket 68 contains 980411466
  Bucket 69 contains 1960844433
  Bucket 70 contains 857528692
  Bucket 71 contains 1715898238
  Bucket 72 contains 901566888
  Bucket 73 contains 2138266656
  Bucket 74 contains 857869975
  Bucket 75 contains 1838339541
  Bucket 76 contains 1101702045
  Bucket 77 contains 980474599
  Bucket 78 contains 1960780843
  Bucket 79 contains 980443947
  Bucket 80 contains 980402774
  Bucket 81 contains 1960911226
  Bucket 82 contains 980454012
  Bucket 83 contains 1423311290
  Bucket 84 contains 932969032
  Bucket 85 contains 1980987209
  Bucket 86 contains 1016754901
  Bucket 87 contains 1022155017
  Bucket 88 contains 2123316773
  Bucket 89 contains 1127253874
  Bucket 90 contains 1562045188
  Bucket 91 contains 1549092912
  Bucket 92 contains 1009655421
  Bucket 93 contains 1503228805
  Bucket 94 contains 1539815144
  Bucket 95 contains 1367867405
Hilbert SFC efficiency: 0.6326012543
Hilbert SFC ratio: 1
 Final Hilbert SFC time: 0.035003774

SFC+Knapsack previous efficiency: 0.6861255076
SFC + Knapsack ratio: 1.005398696
 Final SFC+Knapsack_Combined time: 0.00080507

SFC+Painter previous efficiency: 0.6764712529
Binary search iterations: 30
SFC+painterPartition efficiency: 0.689842244
SFC+Painter ratio: 1.019765794
 Final SFC+Painter time: 0.021388847

Hilbert+Painter previous efficiency: 0.6764712529
Binary search iterations: 30
Hilbert+painterPartition efficiency: 0.689839025
Hilbert+Painter ratio: 1.019761035
 Final Hilbert+Painter time: 0.001599519
Painter+Knapsack previous efficiency: 0.6882804163
Binary search iterations: 30
SFC+painterPartition efficiency: 0.9197737791
Painter+Knapsack ratio: 1.002256312
 Final painter+Knapsack_Combined time: 0.044113771
Run 3
File weights 51 and ranks 51
Original previous efficiency: 0.7341112033
Original efficiency: 0.7341112033
Original ratio: 1
Knapsack previous efficiency: 0.7339473778
Knapsack ratio: 1.000446026
 Final Knapsack time: 0.015568291

Karmarkar-Karp previous efficiency: 0.7278877092
Karmarkar-Karp ratio: 1.008774744
 Final Karmarkar-Karp time: 0.021793931

SFC previous efficiency: 0.6752447843
 Time take to run this function: 6.319999999e-07
SFC ratio: 1
 Final SFC time: 0.000776745

Hilbert SFC previous efficiency: 0.6326596106
DM: HilbertProcessorMapDoIt called...
  (nprocs, nteams, nworkers) = (96, 96, 1)
  Bucket 0 contains 1346985460
  Bucket 1 contains 1349564657
  Bucket 2 contains 1337096263
  Bucket 3 contains 1158334122
  Bucket 4 contains 977470237
  Bucket 5 contains 977455641
  Bucket 6 contains 1832420251
  Bucket 7 contains 1710641656
  Bucket 8 contains 977472517
  Bucket 9 contains 977500796
  Bucket 10 contains 1954928615
  Bucket 11 contains 977471149
  Bucket 12 contains 977457466
  Bucket 13 contains 1954972857
  Bucket 14 contains 977472517
  Bucket 15 contains 1954974682
  Bucket 16 contains 854932226
  Bucket 17 contains 1710690915
  Bucket 18 contains 977467956
  Bucket 19 contains 1954928159
  Bucket 20 contains 977505357
  Bucket 21 contains 977523145
  Bucket 22 contains 1710656707
  Bucket 23 contains 977512198
  Bucket 24 contains 1954900792
  Bucket 25 contains 977466588
  Bucket 26 contains 977436941
  Bucket 27 contains 1954977418
  Bucket 28 contains 977474798
  Bucket 29 contains 1954970121
  Bucket 30 contains 977467044
  Bucket 31 contains 1710278140
  Bucket 32 contains 855303496
  Bucket 33 contains 977485744
  Bucket 34 contains 1954989733
  Bucket 35 contains 977464307
  Bucket 36 contains 1954971945
  Bucket 37 contains 977474342
  Bucket 38 contains 859905596
  Bucket 39 contains 1954910826
  Bucket 40 contains 977459290
  Bucket 41 contains 1955017099
  Bucket 42 contains 977484832
  Bucket 43 contains 977492586
  Bucket 44 contains 1955071832
  Bucket 45 contains 977481183
  Bucket 46 contains 1711722169
  Bucket 47 contains 977449712
  Bucket 48 contains 993270627
  Bucket 49 contains 1999077756
  Bucket 50 contains 998061098
  Bucket 51 contains 1994016359
  Bucket 52 contains 995896880
  Bucket 53 contains 994760266
  Bucket 54 contains 1978426690
  Bucket 55 contains 979535024
  Bucket 56 contains 977493498
  Bucket 57 contains 1954984716
  Bucket 58 contains 977473430
  Bucket 59 contains 1954999767
  Bucket 60 contains 977456554
  Bucket 61 contains 1710269474
  Bucket 62 contains 855326757
  Bucket 63 contains 977493498
  Bucket 64 contains 1973338231
  Bucket 65 contains 977478903
  Bucket 66 contains 1954932719
  Bucket 67 contains 977472061
  Bucket 68 contains 977455185
  Bucket 69 contains 1954944578
  Bucket 70 contains 854866091
  Bucket 71 contains 1710683161
  Bucket 72 contains 898850039
  Bucket 73 contains 1277050887
  Bucket 74 contains 1709777337
  Bucket 75 contains 855381034
  Bucket 76 contains 1954953245
  Bucket 77 contains 1098481056
  Bucket 78 contains 977436941
  Bucket 79 contains 1954921317
  Bucket 80 contains 977398172
  Bucket 81 contains 1954924966
  Bucket 82 contains 977533635
  Bucket 83 contains 1418780431
  Bucket 84 contains 930188102
  Bucket 85 contains 1974838739
  Bucket 86 contains 1013442348
  Bucket 87 contains 1018974425
  Bucket 88 contains 2116651824
  Bucket 89 contains 1123779832
  Bucket 90 contains 1553685043
  Bucket 91 contains 1016613853
  Bucket 92 contains 1490359878
  Bucket 93 contains 1496794151
  Bucket 94 contains 1512891010
  Bucket 95 contains 1368015410
Hilbert SFC efficiency: 0.6371182919
Hilbert SFC ratio: 1.00704752
 Final Hilbert SFC time: 0.032119095

SFC+Knapsack previous efficiency: 0.6837571563
SFC + Knapsack ratio: 1.008858898
 Final SFC+Knapsack_Combined time: 0.000571778

SFC+Painter previous efficiency: 0.6752447843
Binary search iterations: 30
SFC+painterPartition efficiency: 0.6898217333
SFC+Painter ratio: 1.021587651
 Final SFC+Painter time: 0.017199681

Hilbert+Painter previous efficiency: 0.6752447843
Binary search iterations: 30
Hilbert+painterPartition efficiency: 0.6898180318
Hilbert+Painter ratio: 1.02158217
 Final Hilbert+Painter time: 0.002352908
Painter+Knapsack previous efficiency: 0.6844510774
Binary search iterations: 30
SFC+painterPartition efficiency: 0.9197499366
Painter+Knapsack ratio: 1.007836786
 Final painter+Knapsack_Combined time: 0.01875815
Run 4
File weights 51 and ranks 51
Original previous efficiency: 0.7325621166
Original efficiency: 0.7325621166
Original ratio: 1
Knapsack previous efficiency: 0.7323786571
Knapsack ratio: 1.000706474
 Final Knapsack time: 0.015401537

Karmarkar-Karp previous efficiency: 0.727934023
Karmarkar-Karp ratio: 1.006816607
 Final Karmarkar-Karp time: 0.02205133

SFC previous efficiency: 0.674906985
 Time take to run this function: 7.019999999e-07
SFC ratio: 1
 Final SFC time: 0.000770963

Hilbert SFC previous efficiency: 0.632713257
DM: HilbertProcessorMapDoIt called...
  (nprocs, nteams, nworkers) = (96, 96, 1)
  Bucket 0 contains 1343549470
  Bucket 1 contains 1346122088
  Bucket 2 contains 1333685512
  Bucket 3 contains 1155377554
  Bucket 4 contains 974998687
  Bucket 5 contains 974991408
  Bucket 6 contains 1827690051
  Bucket 7 contains 1706316723
  Bucket 8 contains 974985948
  Bucket 9 contains 974973665
  Bucket 10 contains 1949963253
  Bucket 11 contains 974952738
  Bucket 12 contains 974967296
  Bucket 13 contains 1949934592
  Bucket 14 contains 975014155
  Bucket 15 contains 1949950969
  Bucket 16 contains 852676806
  Bucket 17 contains 1706271684
  Bucket 18 contains 974997322
  Bucket 19 contains 1949975081
  Bucket 20 contains 974976395
  Bucket 21 contains 975017794
  Bucket 22 contains 1706294431
  Bucket 23 contains 975035992
  Bucket 24 contains 1949925038
  Bucket 25 contains 974958197
  Bucket 26 contains 974981854
  Bucket 27 contains 1949946420
  Bucket 28 contains 975040541
  Bucket 29 contains 1949944601
  Bucket 30 contains 974984584
  Bucket 31 contains 1705849043
  Bucket 32 contains 853149035
  Bucket 33 contains 974989133
  Bucket 34 contains 1949940961
  Bucket 35 contains 975006876
  Bucket 36 contains 1949991915
  Bucket 37 contains 975009150
  Bucket 38 contains 861596390
  Bucket 39 contains 1949904566
  Bucket 40 contains 974992773
  Bucket 41 contains 1950028309
  Bucket 42 contains 974964111
  Bucket 43 contains 975006876
  Bucket 44 contains 1950044233
  Bucket 45 contains 974970480
  Bucket 46 contains 1708609629
  Bucket 47 contains 974981399
  Bucket 48 contains 999211587
  Bucket 49 contains 1997304473
  Bucket 50 contains 995674416
  Bucket 51 contains 1988358502
  Bucket 52 contains 992472082
  Bucket 53 contains 990158250
  Bucket 54 contains 1973122508
  Bucket 55 contains 978608648
  Bucket 56 contains 974985039
  Bucket 57 contains 1949955519
  Bucket 58 contains 974978669
  Bucket 59 contains 1949955519
  Bucket 60 contains 975006876
  Bucket 61 contains 1705854957
  Bucket 62 contains 853172237
  Bucket 63 contains 974986403
  Bucket 64 contains 1968306800
  Bucket 65 contains 974983674
  Bucket 66 contains 1949989640
  Bucket 67 contains 974975030
  Bucket 68 contains 975004601
  Bucket 69 contains 1949969168
  Bucket 70 contains 852532589
  Bucket 71 contains 1706324456
  Bucket 72 contains 896557186
  Bucket 73 contains 1273812872
  Bucket 74 contains 1705178913
  Bucket 75 contains 853138571
  Bucket 76 contains 1950000558
  Bucket 77 contains 1095643502
  Bucket 78 contains 974912703
  Bucket 79 contains 1949940051
  Bucket 80 contains 974851741
  Bucket 81 contains 1949970077
  Bucket 82 contains 975067838
  Bucket 83 contains 1414937035
  Bucket 84 contains 927884932
  Bucket 85 contains 1968977763
  Bucket 86 contains 1010578777
  Bucket 87 contains 1016322848
  Bucket 88 contains 2110987770
  Bucket 89 contains 1120845896
  Bucket 90 contains 1544291630
  Bucket 91 contains 995792017
  Bucket 92 contains 1479098051
  Bucket 93 contains 1492479246
  Bucket 94 contains 1512312879
  Bucket 95 contains 1376225531
Hilbert SFC efficiency: 0.6371781929
Hilbert SFC ratio: 1.007056808
 Final Hilbert SFC time: 0.030702981

SFC+Knapsack previous efficiency: 0.6813279664
SFC + Knapsack ratio: 1.012421936
 Final SFC+Knapsack_Combined time: 0.000530859

SFC+Painter previous efficiency: 0.6728029092
Binary search iterations: 30
SFC+painterPartition efficiency: 0.6898036099
SFC+Painter ratio: 1.025268471
 Final SFC+Painter time: 0.015197723

Hilbert+Painter previous efficiency: 0.6728029092
Binary search iterations: 30
Hilbert+painterPartition efficiency: 0.6897979771
Hilbert+Painter ratio: 1.025260099
 Final Hilbert+Painter time: 0.00106341
Painter+Knapsack previous efficiency: 0.6854613156
Binary search iterations: 30
SFC+painterPartition efficiency: 0.9197205509
Painter+Knapsack ratio: 1.006323814
 Final painter+Knapsack_Combined time: 0.020440279
Run 5
File weights 51 and ranks 51
Original previous efficiency: 0.731989532
Original efficiency: 0.731989532
Original ratio: 1
Knapsack previous efficiency: 0.7318016438
Knapsack ratio: 1.001405925
 Final Knapsack time: 0.021317439

Karmarkar-Karp previous efficiency: 0.7280482551
Karmarkar-Karp ratio: 1.006568585
 Final Karmarkar-Karp time: 0.023888049

SFC previous efficiency: 0.6748503508
 Time take to run this function: 6.82e-07
SFC ratio: 1
 Final SFC time: 0.000964879

Hilbert SFC previous efficiency: 0.63277424
DM: HilbertProcessorMapDoIt called...
  (nprocs, nteams, nworkers) = (96, 96, 1)
  Bucket 0 contains 1337627716
  Bucket 1 contains 1340188994
  Bucket 2 contains 1327807240
  Bucket 3 contains 1150316903
  Bucket 4 contains 970693204
  Bucket 5 contains 970659234
  Bucket 6 contains 1819616346
  Bucket 7 contains 1698751703
  Bucket 8 contains 970689580
  Bucket 9 contains 970699092
  Bucket 10 contains 1941375537
  Bucket 11 contains 970681427
  Bucket 12 contains 970678710
  Bucket 13 contains 1941380519
  Bucket 14 contains 970687769
  Bucket 15 contains 1941338849
  Bucket 16 contains 848884189
  Bucket 17 contains 1698817832
  Bucket 18 contains 970666933
  Bucket 19 contains 1941414490
  Bucket 20 contains 970686410
  Bucket 21 contains 970727627
  Bucket 22 contains 1698750344
  Bucket 23 contains 970750727
  Bucket 24 contains 1941346549
  Bucket 25 contains 970645193
  Bucket 26 contains 970710415
  Bucket 27 contains 1941330243
  Bucket 28 contains 970710415
  Bucket 29 contains 1941332508
  Bucket 30 contains 970696827
  Bucket 31 contains 1698300126
  Bucket 32 contains 849394648
  Bucket 33 contains 970689127
  Bucket 34 contains 1941354702
  Bucket 35 contains 970683239
  Bucket 36 contains 1941343832
  Bucket 37 contains 970703168
  Bucket 38 contains 859188945
  Bucket 39 contains 1941270456
  Bucket 40 contains 970692751
  Bucket 41 contains 1941447101
  Bucket 42 contains 970686410
  Bucket 43 contains 970657875
  Bucket 44 contains 1941472466
  Bucket 45 contains 970694563
  Bucket 46 contains 1701561720
  Bucket 47 contains 970714945
  Bucket 48 contains 1000000001
  Bucket 49 contains 1992141555
  Bucket 50 contains 991017819
  Bucket 51 contains 1978856477
  Bucket 52 contains 987113960
  Bucket 53 contains 983000392
  Bucket 54 contains 1954618491
  Bucket 55 contains 974644621
  Bucket 56 contains 970676445
  Bucket 57 contains 1941376443
  Bucket 58 contains 970695468
  Bucket 59 contains 1941378708
  Bucket 60 contains 970716756
  Bucket 61 contains 1698315978
  Bucket 62 contains 849365660
  Bucket 63 contains 970646098
  Bucket 64 contains 1959664052
  Bucket 65 contains 970672369
  Bucket 66 contains 1941382784
  Bucket 67 contains 970705886
  Bucket 68 contains 970698639
  Bucket 69 contains 1941357419
  Bucket 70 contains 848687162
  Bucket 71 contains 1698783408
  Bucket 72 contains 892605570
  Bucket 73 contains 1268193076
  Bucket 74 contains 1697415994
  Bucket 75 contains 849382419
  Bucket 76 contains 1941312578
  Bucket 77 contains 1090832997
  Bucket 78 contains 970623452
  Bucket 79 contains 1941325261
  Bucket 80 contains 970602164
  Bucket 81 contains 1941400449
  Bucket 82 contains 970746197
  Bucket 83 contains 1408493670
  Bucket 84 contains 923831487
  Bucket 85 contains 1958932936
  Bucket 86 contains 1005807118
  Bucket 87 contains 1011813485
  Bucket 88 contains 2101451183
  Bucket 89 contains 1115888978
  Bucket 90 contains 1531851956
  Bucket 91 contains 1460158015
  Bucket 92 contains 980725064
  Bucket 93 contains 1484848938
  Bucket 94 contains 1517826783
  Bucket 95 contains 1390018327
Hilbert SFC efficiency: 0.6372289169
Hilbert SFC ratio: 1.007039915
 Final Hilbert SFC time: 0.039785036

SFC+Knapsack previous efficiency: 0.6795156374
SFC + Knapsack ratio: 1.015085518
 Final SFC+Knapsack_Combined time: 0.000540347

SFC+Painter previous efficiency: 0.6699347583
Binary search iterations: 30
SFC+painterPartition efficiency: 0.6897814494
SFC+Painter ratio: 1.029624812
 Final SFC+Painter time: 0.015316873

Hilbert+Painter previous efficiency: 0.6699347583
Binary search iterations: 30
Hilbert+painterPartition efficiency: 0.6897771043
Hilbert+Painter ratio: 1.029618326
 Final Hilbert+Painter time: 0.001131412
Painter+Knapsack previous efficiency: 0.6874399621
Binary search iterations: 30
SFC+painterPartition efficiency: 0.9196926492
Painter+Knapsack ratio: 1.003391115
 Final painter+Knapsack_Combined time: 0.019412428
Run 6
File weights 51 and ranks 51
Original previous efficiency: 0.7316914209
Original efficiency: 0.7316914209
Original ratio: 1
Knapsack previous efficiency: 0.7314741797
Knapsack ratio: 1.002174584
 Final Knapsack time: 0.015933469

Karmarkar-Karp previous efficiency: 0.7281945596
Karmarkar-Karp ratio: 1.006688147
 Final Karmarkar-Karp time: 0.023722177

SFC previous efficiency: 0.6750336008
 Time take to run this function: 7.819999999e-07
SFC ratio: 1
 Final SFC time: 0.000859294

Hilbert SFC previous efficiency: 0.632824955
DM: HilbertProcessorMapDoIt called...
  (nprocs, nteams, nworkers) = (96, 96, 1)
  Bucket 0 contains 1330299622
  Bucket 1 contains 1332846869
  Bucket 2 contains 1320532938
  Bucket 3 contains 1144020374
  Bucket 4 contains 965404154
  Bucket 5 contains 965348748
  Bucket 6 contains 1809623373
  Bucket 7 contains 1689447006
  Bucket 8 contains 965398749
  Bucket 9 contains 965344244
  Bucket 10 contains 1930722272
  Bucket 11 contains 965361361
  Bucket 12 contains 965360460
  Bucket 13 contains 1930736686
  Bucket 14 contains 965350100
  Bucket 15 contains 1930753803
  Bucket 16 contains 844224624
  Bucket 17 contains 1689475835
  Bucket 18 contains 965314514
  Bucket 19 contains 1930796146
  Bucket 20 contains 965373523
  Bucket 21 contains 965433884
  Bucket 22 contains 1689486646
  Bucket 23 contains 965424425
  Bucket 24 contains 1930749299
  Bucket 25 contains 965312262
  Bucket 26 contains 965372622
  Bucket 27 contains 1930729929
  Bucket 28 contains 965370370
  Bucket 29 contains 1930708308
  Bucket 30 contains 965390190
  Bucket 31 contains 1688976281
  Bucket 32 contains 844731386
  Bucket 33 contains 965391992
  Bucket 34 contains 1930737136
  Bucket 35 contains 965379379
  Bucket 36 contains 1930728578
  Bucket 37 contains 965337037
  Bucket 38 contains 855217979
  Bucket 39 contains 1930692542
  Bucket 40 contains 965400551
  Bucket 41 contains 1930739389
  Bucket 42 contains 965395145
  Bucket 43 contains 965397398
  Bucket 44 contains 1930834435
  Bucket 45 contains 965423524
  Bucket 46 contains 1692769111
  Bucket 47 contains 965381632
  Bucket 48 contains 999406751
  Bucket 49 contains 1988041772
  Bucket 50 contains 984798495
  Bucket 51 contains 1967289310
  Bucket 52 contains 980541695
  Bucket 53 contains 972374045
  Bucket 54 contains 1929653792
  Bucket 55 contains 968482564
  Bucket 56 contains 965383433
  Bucket 57 contains 1930763263
  Bucket 58 contains 965359559
  Bucket 59 contains 1930780831
  Bucket 60 contains 965343343
  Bucket 61 contains 1688962316
  Bucket 62 contains 844725980
  Bucket 63 contains 965363163
  Bucket 64 contains 1948862396
  Bucket 65 contains 965344694
  Bucket 66 contains 1930755155
  Bucket 67 contains 965357307
  Bucket 68 contains 965351451
  Bucket 69 contains 1930749749
  Bucket 70 contains 843930026
  Bucket 71 contains 1689510069
  Bucket 72 contains 887715497
  Bucket 73 contains 1261253923
  Bucket 74 contains 1687900143
  Bucket 75 contains 844671926
  Bucket 76 contains 1930661460
  Bucket 77 contains 1084824058
  Bucket 78 contains 965292892
  Bucket 79 contains 1930725424
  Bucket 80 contains 965274423
  Bucket 81 contains 1930700200
  Bucket 82 contains 965436587
  Bucket 83 contains 1400559763
  Bucket 84 contains 918800969
  Bucket 85 contains 1946762748
  Bucket 86 contains 1000027498
  Bucket 87 contains 1006241954
  Bucket 88 contains 2089713745
  Bucket 89 contains 1109731962
  Bucket 90 contains 1518929131
  Bucket 91 contains 1434425123
  Bucket 92 contains 971022454
  Bucket 93 contains 1475225537
  Bucket 94 contains 1527690933
  Bucket 95 contains 1401446640
Hilbert SFC efficiency: 0.6372803317
Hilbert SFC ratio: 1.007040457
 Final Hilbert SFC time: 0.041080566

SFC+Knapsack previous efficiency: 0.6777993291
SFC + Knapsack ratio: 1.017640416
 Final SFC+Knapsack_Combined time: 0.000467696

SFC+Painter previous efficiency: 0.6660643049
Binary search iterations: 30
SFC+painterPartition efficiency: 0.6897633939
SFC+Painter ratio: 1.035580782
 Final SFC+Painter time: 0.014581359

Hilbert+Painter previous efficiency: 0.6660643049
Binary search iterations: 30
Hilbert+painterPartition efficiency: 0.6897606584
Hilbert+Painter ratio: 1.035576675
 Final Hilbert+Painter time: 0.000988004
Painter+Knapsack previous efficiency: 0.6897294396
Binary search iterations: 30
SFC+painterPartition efficiency: 0.9196891028
Painter+Knapsack ratio: 1.00002753
 Final painter+Knapsack_Combined time: 0.019808475
Run 7
File weights 51 and ranks 51
Original previous efficiency: 0.7312176388
Original efficiency: 0.7312176388
Original ratio: 1
Knapsack previous efficiency: 0.730998504
Knapsack ratio: 1.005692603
 Final Knapsack time: 0.014367294

Karmarkar-Karp previous efficiency: 0.7284268345
Karmarkar-Karp ratio: 1.009243143
 Final Karmarkar-Karp time: 0.020725242

SFC previous efficiency: 0.6748297838
 Time take to run this function: 6.410000002e-07
SFC ratio: 1.002012547
 Final SFC time: 0.000731106

Hilbert SFC previous efficiency: 0.6328880415
DM: HilbertProcessorMapDoIt called...
  (nprocs, nteams, nworkers) = (96, 96, 1)
  Bucket 0 contains 1315831274
  Bucket 1 contains 1318350817
  Bucket 2 contains 1306170808
  Bucket 3 contains 1131541008
  Bucket 4 contains 954855835
  Bucket 5 contains 954869648
  Bucket 6 contains 1789891528
  Bucket 7 contains 1671109085
  Bucket 8 contains 954850043
  Bucket 9 contains 954875440
  Bucket 10 contains 1909721027
  Bucket 11 contains 954878113
  Bucket 12 contains 954845587
  Bucket 13 contains 1909745978
  Bucket 14 contains 954856281
  Bucket 15 contains 1909754890
  Bucket 16 contains 835021435
  Bucket 17 contains 1671100618
  Bucket 18 contains 954888361
  Bucket 19 contains 1909757563
  Bucket 20 contains 954879004
  Bucket 21 contains 954864301
  Bucket 22 contains 1671115323
  Bucket 23 contains 954922669
  Bucket 24 contains 1909741968
  Bucket 25 contains 954785437
  Bucket 26 contains 954888806
  Bucket 27 contains 1909695631
  Bucket 28 contains 954867420
  Bucket 29 contains 1909762464
  Bucket 30 contains 954867420
  Bucket 31 contains 1670581546
  Bucket 32 contains 835558775
  Bucket 33 contains 954887915
  Bucket 34 contains 1909699640
  Bucket 35 contains 954862073
  Bucket 36 contains 1909752662
  Bucket 37 contains 954880786
  Bucket 38 contains 847077731
  Bucket 39 contains 1909706324
  Bucket 40 contains 954912866
  Bucket 41 contains 1909816376
  Bucket 42 contains 954883905
  Bucket 43 contains 954911975
  Bucket 44 contains 1909840436
  Bucket 45 contains 954962323
  Bucket 46 contains 1674998787
  Bucket 47 contains 954863410
  Bucket 48 contains 993088984
  Bucket 49 contains 1978910060
  Bucket 50 contains 973012237
  Bucket 51 contains 972751586
  Bucket 52 contains 1939389256
  Bucket 53 contains 952459636
  Bucket 54 contains 1893821812
  Bucket 55 contains 955970170
  Bucket 56 contains 954841132
  Bucket 57 contains 1909731275
  Bucket 58 contains 954882569
  Bucket 59 contains 1909729493
  Bucket 60 contains 954856281
  Bucket 61 contains 1670540555
  Bucket 62 contains 835563676
  Bucket 63 contains 954874994
  Bucket 64 contains 1927691484
  Bucket 65 contains 954856726
  Bucket 66 contains 1909753998
  Bucket 67 contains 954866974
  Bucket 68 contains 954860736
  Bucket 69 contains 1909742859
  Bucket 70 contains 834711773
  Bucket 71 contains 1671058737
  Bucket 72 contains 878060697
  Bucket 73 contains 1247533383
  Bucket 74 contains 1669256017
  Bucket 75 contains 835562339
  Bucket 76 contains 1909698750
  Bucket 77 contains 1073026828
  Bucket 78 contains 954808606
  Bucket 79 contains 1909791425
  Bucket 80 contains 954731971
  Bucket 81 contains 1909761572
  Bucket 82 contains 954903064
  Bucket 83 contains 1385063034
  Bucket 84 contains 908841938
  Bucket 85 contains 1924165279
  Bucket 86 contains 988894540
  Bucket 87 contains 995306068
  Bucket 88 contains 2066825136
  Bucket 89 contains 1097621061
  Bucket 90 contains 1499363410
  Bucket 91 contains 1406955572
  Bucket 92 contains 951072397
  Bucket 93 contains 1457426803
  Bucket 94 contains 1532828220
  Bucket 95 contains 1401700468
Hilbert SFC efficiency: 0.637313374
Hilbert SFC ratio: 1.006992283
 Final Hilbert SFC time: 0.034554613

SFC+Knapsack previous efficiency: 0.6762128118
SFC + Knapsack ratio: 1.019967703
 Final SFC+Knapsack_Combined time: 0.00059368

SFC+Painter previous efficiency: 0.6608913656
Binary search iterations: 30
SFC+painterPartition efficiency: 0.689745963
SFC+Painter ratio: 1.043660122
 Final SFC+Painter time: 0.02828138

Hilbert+Painter previous efficiency: 0.6608913656
Binary search iterations: 30
Hilbert+painterPartition efficiency: 0.6897412966
Hilbert+Painter ratio: 1.043653061
 Final Hilbert+Painter time: 0.001088219
Painter+Knapsack previous efficiency: 0.689704608
Binary search iterations: 30
SFC+painterPartition efficiency: 0.9196532738
Painter+Knapsack ratio: 1.000038962
 Final painter+Knapsack_Combined time: 0.020122463
Run 8
File weights 51 and ranks 51
Original previous efficiency: 0.7285675855
Original efficiency: 0.7285675855
Original ratio: 1
Knapsack previous efficiency: 0.7283455423
Knapsack ratio: 1.009962904
 Final Knapsack time: 0.015508205

Karmarkar-Karp previous efficiency: 0.7283069635
Karmarkar-Karp ratio: 1.010016403
 Final Karmarkar-Karp time: 0.021040482

SFC previous efficiency: 0.6721805288
 Time take to run this function: 6.92e-07
SFC ratio: 1
 Final SFC time: 0.0007433

Hilbert SFC previous efficiency: 0.632945585
DM: HilbertProcessorMapDoIt called...
  (nprocs, nteams, nworkers) = (96, 96, 1)
  Bucket 0 contains 1303781526
  Bucket 1 contains 1306277997
  Bucket 2 contains 1294209528
  Bucket 3 contains 1121181538
  Bucket 4 contains 946123193
  Bucket 5 contains 946129815
  Bucket 6 contains 1773469640
  Bucket 7 contains 1655786870
  Bucket 8 contains 946128932
  Bucket 9 contains 946136879
  Bucket 10 contains 1892251243
  Bucket 11 contains 946129815
  Bucket 12 contains 946135996
  Bucket 13 contains 1892248151
  Bucket 14 contains 946138203
  Bucket 15 contains 1892245061
  Bucket 16 contains 827348212
  Bucket 17 contains 1655813358
  Bucket 18 contains 946107300
  Bucket 19 contains 1892235349
  Bucket 20 contains 946136879
  Bucket 21 contains 946102444
  Bucket 22 contains 1655856182
  Bucket 23 contains 946146591
  Bucket 24 contains 1892257422
  Bucket 25 contains 946028276
  Bucket 26 contains 946170872
  Bucket 27 contains 1892182814
  Bucket 28 contains 946137762
  Bucket 29 contains 1892277730
  Bucket 30 contains 946151447
  Bucket 31 contains 1655252684
  Bucket 32 contains 827885488
  Bucket 33 contains 946143501
  Bucket 34 contains 1892222105
  Bucket 35 contains 946134671
  Bucket 36 contains 1892286118
  Bucket 37 contains 946100236
  Bucket 38 contains 845770551
  Bucket 39 contains 1892242854
  Bucket 40 contains 946236652
  Bucket 41 contains 1892382802
  Bucket 42 contains 946224291
  Bucket 43 contains 946206632
  Bucket 44 contains 1892359845
  Bucket 45 contains 946194270
  Bucket 46 contains 1661322975
  Bucket 47 contains 946190297
  Bucket 48 contains 995368921
  Bucket 49 contains 1976426967
  Bucket 50 contains 962912071
  Bucket 51 contains 962994627
  Bucket 52 contains 1913169683
  Bucket 53 contains 932372109
  Bucket 54 contains 1863965013
  Bucket 55 contains 944660143
  Bucket 56 contains 946124517
  Bucket 57 contains 1892271108
  Bucket 58 contains 946130257
  Bucket 59 contains 1892239764
  Bucket 60 contains 946117895
  Bucket 61 contains 1655261072
  Bucket 62 contains 827892111
  Bucket 63 contains 946110390
  Bucket 64 contains 1910032410
  Bucket 65 contains 946117012
  Bucket 66 contains 1892230492
  Bucket 67 contains 946137762
  Bucket 68 contains 946129374
  Bucket 69 contains 1892268018
  Bucket 70 contains 827010925
  Bucket 71 contains 1655819539
  Bucket 72 contains 870019841
  Bucket 73 contains 1236110825
  Bucket 74 contains 1653718556
  Bucket 75 contains 827859883
  Bucket 76 contains 1892335564
  Bucket 77 contains 1063177596
  Bucket 78 contains 946103326
  Bucket 79 contains 1892245503
  Bucket 80 contains 946006643
  Bucket 81 contains 1892250359
  Bucket 82 contains 946129374
  Bucket 83 contains 1372164725
  Bucket 84 contains 900467981
  Bucket 85 contains 1904946536
  Bucket 86 contains 979577797
  Bucket 87 contains 986165918
  Bucket 88 contains 2047692395
  Bucket 89 contains 1087552349
  Bucket 90 contains 1482852091
  Bucket 91 contains 1389325470
  Bucket 92 contains 926622108
  Bucket 93 contains 1442020006
  Bucket 94 contains 1532903512
  Bucket 95 contains 1400014704
Hilbert SFC efficiency: 0.6373562084
Hilbert SFC ratio: 1.006968408
 Final Hilbert SFC time: 0.036588504

SFC+Knapsack previous efficiency: 0.672219352
SFC + Knapsack ratio: 1.025925657
 Final SFC+Knapsack_Combined time: 0.000536239

SFC+Painter previous efficiency: 0.6540692533
Binary search iterations: 30
SFC+painterPartition efficiency: 0.6897218996
SFC+Painter ratio: 1.054508978
 Final SFC+Painter time: 0.015470852

Hilbert+Painter previous efficiency: 0.6540692533
Binary search iterations: 30
Hilbert+painterPartition efficiency: 0.689715624
Hilbert+Painter ratio: 1.054499383
 Final Hilbert+Painter time: 0.001097747
Painter+Knapsack previous efficiency: 0.6896824768
Binary search iterations: 30
SFC+painterPartition efficiency: 0.9196265535
Painter+Knapsack ratio: 0.9999944006
 Final painter+Knapsack_Combined time: 0.019637654
Run 9
File weights 51 and ranks 51
Original previous efficiency: 0.7233087986
Original efficiency: 0.7233087986
Original ratio: 1
Knapsack previous efficiency: 0.7230803895
Knapsack ratio: 1.015509941
 Final Knapsack time: 0.014683837

Karmarkar-Karp previous efficiency: 0.7212801203
Karmarkar-Karp ratio: 1.018044589
 Final Karmarkar-Karp time: 0.022522454

SFC previous efficiency: 0.6637365442
 Time take to run this function: 6.610000001e-07
SFC ratio: 0.9769554705
 Final SFC time: 0.000674036

Hilbert SFC previous efficiency: 0.6329892184
DM: HilbertProcessorMapDoIt called...
  (nprocs, nteams, nworkers) = (96, 96, 1)
  Bucket 0 contains 1290213122
  Bucket 1 contains 1292683612
  Bucket 2 contains 1280740745
  Bucket 3 contains 1109525690
  Bucket 4 contains 936306209
  Bucket 5 contains 936255967
  Bucket 6 contains 1755013669
  Bucket 7 contains 1638573094
  Bucket 8 contains 936287860
  Bucket 9 contains 936283491
  Bucket 10 contains 1872547322
  Bucket 11 contains 936275190
  Bucket 12 contains 936283491
  Bucket 13 contains 1872542517
  Bucket 14 contains 936279122
  Bucket 15 contains 1872577030
  Bucket 16 contains 818751586
  Bucket 17 contains 1638545570
  Bucket 18 contains 936278248
  Bucket 19 contains 1872544264
  Bucket 20 contains 936306209
  Bucket 21 contains 936272569
  Bucket 22 contains 1638624646
  Bucket 23 contains 936288297
  Bucket 24 contains 1872559991
  Bucket 25 contains 936170339
  Bucket 26 contains 936307083
  Bucket 27 contains 1872487906
  Bucket 28 contains 936304024
  Bucket 29 contains 1872591447
  Bucket 30 contains 936331548
  Bucket 31 contains 1638026118
  Bucket 32 contains 819248320
  Bucket 33 contains 936292229
  Bucket 34 contains 1872534653
  Bucket 35 contains 936304024
  Bucket 36 contains 1872565671
  Bucket 37 contains 936268200
  Bucket 38 contains 849796804
  Bucket 39 contains 1882332151
  Bucket 40 contains 945768620
  Bucket 41 contains 1893981154
  Bucket 42 contains 943912748
  Bucket 43 contains 940738806
  Bucket 44 contains 1875423312
  Bucket 45 contains 936585376
  Bucket 46 contains 1648142540
  Bucket 47 contains 937742674
  Bucket 48 contains 1000000001
  Bucket 49 contains 1958473564
  Bucket 50 contains 945026359
  Bucket 51 contains 940855890
  Bucket 52 contains 1859256084
  Bucket 53 contains 909002004
  Bucket 54 contains 1831877173
  Bucket 55 contains 930852620
  Bucket 56 contains 936287860
  Bucket 57 contains 1872554312
  Bucket 58 contains 936286549
  Bucket 59 contains 1872539459
  Bucket 60 contains 936263831
  Bucket 61 contains 1637984178
  Bucket 62 contains 819288950
  Bucket 63 contains 936279559
  Bucket 64 contains 1890111550
  Bucket 65 contains 936269074
  Bucket 66 contains 1872550380
  Bucket 67 contains 936294413
  Bucket 68 contains 936273443
  Bucket 69 contains 1872567419
  Bucket 70 contains 818424799
  Bucket 71 contains 1639226668
  Bucket 72 contains 860965578
  Bucket 73 contains 1223255420
  Bucket 74 contains 1636261555
  Bucket 75 contains 819233029
  Bucket 76 contains 1872635135
  Bucket 77 contains 1052143744
  Bucket 78 contains 936262521
  Bucket 79 contains 1872559992
  Bucket 80 contains 936170776
  Bucket 81 contains 1872513682
  Bucket 82 contains 936279996
  Bucket 83 contains 1357684584
  Bucket 84 contains 891125253
  Bucket 85 contains 1882442027
  Bucket 86 contains 969156203
  Bucket 87 contains 975872795
  Bucket 88 contains 2026147560
  Bucket 89 contains 1076225945
  Bucket 90 contains 1463646782
  Bucket 91 contains 1376230339
  Bucket 92 contains 900590510
  Bucket 93 contains 1424156212
  Bucket 94 contains 1519709133
  Bucket 95 contains 1395632895
Hilbert SFC efficiency: 0.6374055699
Hilbert SFC ratio: 1.006976978
 Final Hilbert SFC time: 0.031953273

SFC+Knapsack previous efficiency: 0.6669864364
SFC + Knapsack ratio: 1.034036827
 Final SFC+Knapsack_Combined time: 0.000556208

SFC+Painter previous efficiency: 0.6484410478
Binary search iterations: 30
SFC+painterPartition efficiency: 0.6896927221
SFC+Painter ratio: 1.063616692
 Final SFC+Painter time: 0.015675318

Hilbert+Painter previous efficiency: 0.6484410478
Binary search iterations: 30
Hilbert+painterPartition efficiency: 0.689693205
Hilbert+Painter ratio: 1.063617436
 Final Hilbert+Painter time: 0.000937616
Painter+Knapsack previous efficiency: 0.6856224855
Binary search iterations: 30
SFC+painterPartition efficiency: 0.9195789252
Painter+Knapsack ratio: 1.005929515
 Final painter+Knapsack_Combined time: 0.019836319
Run 10
File weights 51 and ranks 51
Original previous efficiency: 0.7215711743
Original efficiency: 0.7215711743
Original ratio: 1
Knapsack previous efficiency: 0.698780718
Knapsack ratio: 1.053063142
 Final Knapsack time: 0.016467513

Karmarkar-Karp previous efficiency: 0.7075848808
Karmarkar-Karp ratio: 1.039960347
 Final Karmarkar-Karp time: 0.022191142

SFC previous efficiency: 0.6401416631
 Time take to run this function: 8.120000001e-07
SFC ratio: 1.021781432
 Final SFC time: 0.000800331

Hilbert SFC previous efficiency: 0.6298947366
DM: HilbertProcessorMapDoIt called...
  (nprocs, nteams, nworkers) = (96, 96, 1)
  Bucket 0 contains 1254072196
  Bucket 1 contains 1236963026
  Bucket 2 contains 1264375601
  Bucket 3 contains 1078418066
  Bucket 4 contains 910058807
  Bucket 5 contains 910035876
  Bucket 6 contains 1705859282
  Bucket 7 contains 1592644300
  Bucket 8 contains 910076218
  Bucket 9 contains 910045643
  Bucket 10 contains 1820096382
  Bucket 11 contains 910041397
  Bucket 12 contains 910053287
  Bucket 13 contains 1820093834
  Bucket 14 contains 910036301
  Bucket 15 contains 1820126532
  Bucket 16 contains 795795380
  Bucket 17 contains 1592684641
  Bucket 18 contains 910033753
  Bucket 19 contains 1820118039
  Bucket 20 contains 910053711
  Bucket 21 contains 910057958
  Bucket 22 contains 1592702476
  Bucket 23 contains 910080464
  Bucket 24 contains 1820104026
  Bucket 25 contains 909954769
  Bucket 26 contains 910066875
  Bucket 27 contains 1820054343
  Bucket 28 contains 910043520
  Bucket 29 contains 1820118039
  Bucket 30 contains 910108066
  Bucket 31 contains 1592118166
  Bucket 32 contains 796338923
  Bucket 33 contains 910051164
  Bucket 34 contains 1820116765
  Bucket 35 contains 910047766
  Bucket 36 contains 1820140545
  Bucket 37 contains 910055410
  Bucket 38 contains 830090863
  Bucket 39 contains 1897310161
  Bucket 40 contains 986563855
  Bucket 41 contains 1000000001
  Bucket 42 contains 1962567675
  Bucket 43 contains 943902470
  Bucket 44 contains 925170171
  Bucket 45 contains 1826814243
  Bucket 46 contains 798440909
  Bucket 47 contains 1726589529
  Bucket 48 contains 974331574
  Bucket 49 contains 944763222
  Bucket 50 contains 1751110497
  Bucket 51 contains 833618305
  Bucket 52 contains 1663454734
  Bucket 53 contains 849044754
  Bucket 54 contains 1752766606
  Bucket 55 contains 898408288
  Bucket 56 contains 910080039
  Bucket 57 contains 1820125258
  Bucket 58 contains 910050314
  Bucket 59 contains 1820129504
  Bucket 60 contains 910046068
  Bucket 61 contains 1592100332
  Bucket 62 contains 796361005
  Bucket 63 contains 910026959
  Bucket 64 contains 1837194511
  Bucket 65 contains 910050314
  Bucket 66 contains 1820119738
  Bucket 67 contains 910030356
  Bucket 68 contains 910009548
  Bucket 69 contains 1820087040
  Bucket 70 contains 795794106
  Bucket 71 contains 1596753575
  Bucket 72 contains 836848560
  Bucket 73 contains 1189030410
  Bucket 74 contains 1590219161
  Bucket 75 contains 796272254
  Bucket 76 contains 1820131203
  Bucket 77 contains 1022623945
  Bucket 78 contains 910054136
  Bucket 79 contains 1820136298
  Bucket 80 contains 909976426
  Bucket 81 contains 1820076849
  Bucket 82 contains 909954345
  Bucket 83 contains 1319484224
  Bucket 84 contains 866149815
  Bucket 85 contains 1825219919
  Bucket 86 contains 941791586
  Bucket 87 contains 948551042
  Bucket 88 contains 1969230544
  Bucket 89 contains 1046090168
  Bucket 90 contains 1418297634
  Bucket 91 contains 1339540276
  Bucket 92 contains 1319233399
  Bucket 93 contains 928574325
  Bucket 94 contains 1476357866
  Bucket 95 contains 1382490211
Hilbert SFC efficiency: 0.6374321508
Hilbert SFC ratio: 1.011966149
 Final Hilbert SFC time: 0.03067624

SFC+Knapsack previous efficiency: 0.6372565996
SFC + Knapsack ratio: 1.082223188
 Final SFC+Knapsack_Combined time: 0.000501402

SFC+Painter previous efficiency: 0.6298947366
Binary search iterations: 30
SFC+painterPartition efficiency: 0.6896691542
SFC+Painter ratio: 1.094895884
 Final SFC+Painter time: 0.014235959

Hilbert+Painter previous efficiency: 0.6298947366
Binary search iterations: 30
Hilbert+painterPartition efficiency: 0.6896669016
Hilbert+Painter ratio: 1.094892307
 Final Hilbert+Painter time: 0.001022972
Painter+Knapsack previous efficiency: 0.6571810687
Binary search iterations: 30
SFC+painterPartition efficiency: 0.9195606603
Painter+Knapsack ratio: 1.049412257
 Final painter+Knapsack_Combined time: 0.020415782
Run 11
File weights 51 and ranks 51
Original previous efficiency: 0.7214629066
Original efficiency: 0.7214629066
Original ratio: 1
Knapsack previous efficiency: 0.6524033183
Knapsack ratio: 1.127189112
 Final Knapsack time: 0.016550494

Karmarkar-Karp previous efficiency: 0.6899511931
Karmarkar-Karp ratio: 1.065846287
 Final Karmarkar-Karp time: 0.023427877

SFC previous efficiency: 0.6070761108
 Time take to run this function: 6.01e-07
SFC ratio: 1.042855051
 Final SFC time: 0.00075835

Hilbert SFC previous efficiency: 0.5618202698
DM: HilbertProcessorMapDoIt called...
  (nprocs, nteams, nworkers) = (96, 96, 1)
  Bucket 0 contains 1113502504
  Bucket 1 contains 1098311110
  Bucket 2 contains 1122651000
  Bucket 3 contains 957565093
  Bucket 4 contains 808031699
  Bucket 5 contains 808055453
  Bucket 6 contains 1514598397
  Bucket 7 contains 1414131057
  Bucket 8 contains 808071289
  Bucket 9 contains 808034339
  Bucket 10 contains 1616109021
  Bucket 11 contains 808029060
  Bucket 12 contains 808036601
  Bucket 13 contains 1616098841
  Bucket 14 contains 808070158
  Bucket 15 contains 1616100726
  Bucket 16 contains 706576878
  Bucket 17 contains 1414129549
  Bucket 18 contains 808044896
  Bucket 19 contains 1616086021
  Bucket 20 contains 808023781
  Bucket 21 contains 807988339
  Bucket 22 contains 1414193647
  Bucket 23 contains 808085617
  Bucket 24 contains 1616018153
  Bucket 25 contains 807940831
  Bucket 26 contains 808084108
  Bucket 27 contains 1616095825
  Bucket 28 contains 808055830
  Bucket 29 contains 1616158414
  Bucket 30 contains 808128223
  Bucket 31 contains 1413645046
  Bucket 32 contains 707077594
  Bucket 33 contains 808051683
  Bucket 34 contains 1616100726
  Bucket 35 contains 808052814
  Bucket 36 contains 1616066038
  Bucket 37 contains 808039994
  Bucket 38 contains 736143614
  Bucket 39 contains 1783144092
  Bucket 40 contains 973319167
  Bucket 41 contains 1000000001
  Bucket 42 contains 982333935
  Bucket 43 contains 932349460
  Bucket 44 contains 1717097501
  Bucket 45 contains 818922643
  Bucket 46 contains 811171353
  Bucket 47 contains 1424815757
  Bucket 48 contains 830561268
  Bucket 49 contains 1669722931
  Bucket 50 contains 729343544
  Bucket 51 contains 1285781427
  Bucket 52 contains 1293183574
  Bucket 53 contains 711118698
  Bucket 54 contains 1521167588
  Bucket 55 contains 790136391
  Bucket 56 contains 808036224
  Bucket 57 contains 1616102611
  Bucket 58 contains 808035847
  Bucket 59 contains 808027175
  Bucket 60 contains 1616069054
  Bucket 61 contains 1413667292
  Bucket 62 contains 707064398
  Bucket 63 contains 808046027
  Bucket 64 contains 1631274776
  Bucket 65 contains 808027175
  Bucket 66 contains 1616075464
  Bucket 67 contains 808027552
  Bucket 68 contains 808047158
  Bucket 69 contains 1616127496
  Bucket 70 contains 706898498
  Bucket 71 contains 1422348753
  Bucket 72 contains 743045711
  Bucket 73 contains 1055810888
  Bucket 74 contains 1411738707
  Bucket 75 contains 707031218
  Bucket 76 contains 1616119578
  Bucket 77 contains 908000084
  Bucket 78 contains 808029437
  Bucket 79 contains 1616093940
  Bucket 80 contains 807971749
  Bucket 81 contains 1616069808
  Bucket 82 contains 807912553
  Bucket 83 contains 1171426385
  Bucket 84 contains 769037702
  Bucket 85 contains 1615861867
  Bucket 86 contains 836038616
  Bucket 87 contains 842193103
  Bucket 88 contains 1748331715
  Bucket 89 contains 928811452
  Bucket 90 contains 1255950191
  Bucket 91 contains 1186280578
  Bucket 92 contains 776338241
  Bucket 93 contains 1139413509
  Bucket 94 contains 1314513573
  Bucket 95 contains 1256427724
Hilbert SFC efficiency: 0.6245795793
Hilbert SFC ratio: 1.111707094
 Final Hilbert SFC time: 0.027991638

SFC+Knapsack previous efficiency: 0.5763529885
SFC + Knapsack ratio: 1.195695762
 Final SFC+Knapsack_Combined time: 0.000545867

SFC+Painter previous efficiency: 0.5618202698
Binary search iterations: 30
SFC+painterPartition efficiency: 0.689154724
SFC+Painter ratio: 1.226646244
 Final SFC+Painter time: 0.018250437

Hilbert+Painter previous efficiency: 0.5618202698
Binary search iterations: 30
Hilbert+painterPartition efficiency: 0.6891534375
Hilbert+Painter ratio: 1.226643954
 Final Hilbert+Painter time: 0.001095853
Painter+Knapsack previous efficiency: 0.6159783696
Binary search iterations: 29
SFC+painterPartition efficiency: 0.9188677486
Painter+Knapsack ratio: 1.118776333
 Final painter+Knapsack_Combined time: 0.018428141
Run 12
File weights 51 and ranks 51
Original previous efficiency: 0.7181768879
Original efficiency: 0.7181768879
Original ratio: 1
Knapsack previous efficiency: 0.6347204999
Knapsack ratio: 1.1585601
 Final Knapsack time: 0.01415362

Karmarkar-Karp previous efficiency: 0.6796418571
Karmarkar-Karp ratio: 1.08198434
 Final Karmarkar-Karp time: 0.02156104

SFC previous efficiency: 0.5901992588
 Time take to run this function: 5.920000001e-07
SFC ratio: 1.066473394
 Final SFC time: 0.000774129

Hilbert SFC previous efficiency: 0.5380836439
DM: HilbertProcessorMapDoIt called...
  (nprocs, nteams, nworkers) = (96, 96, 1)
  Bucket 0 contains 1046946310
  Bucket 1 contains 1065528143
  Bucket 2 contains 1072229391
  Bucket 3 contains 914526634
  Bucket 4 contains 771748124
  Bucket 5 contains 771764689
  Bucket 6 contains 1446575021
  Bucket 7 contains 1350620693
  Bucket 8 contains 771745963
  Bucket 9 contains 771752085
  Bucket 10 contains 1543506330
  Bucket 11 contains 771762528
  Bucket 12 contains 771742362
  Bucket 13 contains 1543523256
  Bucket 14 contains 771743442
  Bucket 15 contains 1543506690
  Bucket 16 contains 674825817
  Bucket 17 contains 1350625374
  Bucket 18 contains 771752085
  Bucket 19 contains 771752805
  Bucket 20 contains 1543481123
  Bucket 21 contains 771707071
  Bucket 22 contains 1350651302
  Bucket 23 contains 771794578
  Bucket 24 contains 1543453754
  Bucket 25 contains 771677182
  Bucket 26 contains 771774412
  Bucket 27 contains 1543518934
  Bucket 28 contains 771763969
  Bucket 29 contains 1543516053
  Bucket 30 contains 771848234
  Bucket 31 contains 1350143906
  Bucket 32 contains 675302244
  Bucket 33 contains 771778373
  Bucket 34 contains 1543498408
  Bucket 35 contains 771770451
  Bucket 36 contains 1543492647
  Bucket 37 contains 771772251
  Bucket 38 contains 709410853
  Bucket 39 contains 841662185
  Bucket 40 contains 1878764036
  Bucket 41 contains 1000000001
  Bucket 42 contains 976259699
  Bucket 43 contains 917691287
  Bucket 44 contains 855226477
  Bucket 45 contains 1597198843
  Bucket 46 contains 776822084
  Bucket 47 contains 1361778724
  Bucket 48 contains 798747427
  Bucket 49 contains 830033129
  Bucket 50 contains 1422605268
  Bucket 51 contains 1131943678
  Bucket 52 contains 1163637745
  Bucket 53 contains 661178279
  Bucket 54 contains 1427663384
  Bucket 55 contains 747964969
  Bucket 56 contains 771771531
  Bucket 57 contains 1543521455
  Bucket 58 contains 771762888
  Bucket 59 contains 771733719
  Bucket 60 contains 1543496968
  Bucket 61 contains 674825817
  Bucket 62 contains 1350651662
  Bucket 63 contains 771769370
  Bucket 64 contains 1558019395
  Bucket 65 contains 771736600
  Bucket 66 contains 771750644
  Bucket 67 contains 1543499849
  Bucket 68 contains 771766489
  Bucket 69 contains 1543532259
  Bucket 70 contains 674445900
  Bucket 71 contains 1358732548
  Bucket 72 contains 709673307
  Bucket 73 contains 1008393041
  Bucket 74 contains 1348140970
  Bucket 75 contains 675257590
  Bucket 76 contains 1543516054
  Bucket 77 contains 867197818
  Bucket 78 contains 771722196
  Bucket 79 contains 1543464918
  Bucket 80 contains 771692667
  Bucket 81 contains 1543472480
  Bucket 82 contains 771646212
  Bucket 83 contains 1118698504
  Bucket 84 contains 734550480
  Bucket 85 contains 1539634599
  Bucket 86 contains 798279299
  Bucket 87 contains 804346428
  Bucket 88 contains 1669653665
  Bucket 89 contains 887091414
  Bucket 90 contains 1197570800
  Bucket 91 contains 1124017100
  Bucket 92 contains 751635758
  Bucket 93 contains 1052632346
  Bucket 94 contains 1263548131
  Bucket 95 contains 1217166410
Hilbert SFC efficiency: 0.5660066939
Hilbert SFC ratio: 1.051893512
 Final Hilbert SFC time: 0.042825717

SFC+Knapsack previous efficiency: 0.5545173132
SFC + Knapsack ratio: 1.242401803
 Final SFC+Knapsack_Combined time: 0.000639229

SFC+Painter previous efficiency: 0.5380836439
Binary search iterations: 30
SFC+painterPartition efficiency: 0.6889564556
SFC+Painter ratio: 1.280389143
 Final SFC+Painter time: 0.024799855

Hilbert+Painter previous efficiency: 0.5380836439
Binary search iterations: 30
Hilbert+painterPartition efficiency: 0.6889575809
Hilbert+Painter ratio: 1.280391234
 Final Hilbert+Painter time: 0.001081836
Painter+Knapsack previous efficiency: 0.6001933871
Binary search iterations: 30
SFC+painterPartition efficiency: 0.9185998921
Painter+Knapsack ratio: 1.147852217
 Final painter+Knapsack_Combined time: 0.019117917
Run 13
File weights 51 and ranks 51
Original previous efficiency: 0.7116609064
Original efficiency: 0.7116609064
Original ratio: 1
Knapsack previous efficiency: 0.6324716464
Knapsack ratio: 1.162500155
 Final Knapsack time: 0.014376461

Karmarkar-Karp previous efficiency: 0.6695169218
Karmarkar-Karp ratio: 1.098177452
 Final Karmarkar-Karp time: 0.022506943

SFC previous efficiency: 0.5840704996
 Time take to run this function: 6.71e-07
SFC ratio: 1.071400821
 Final SFC time: 0.000723942

Hilbert SFC previous efficiency: 0.5343876198
DM: HilbertProcessorMapDoIt called...
  (nprocs, nteams, nworkers) = (96, 96, 1)
  Bucket 0 contains 1041022383
  Bucket 1 contains 1059499075
  Bucket 2 contains 1066162404
  Bucket 3 contains 909395317
  Bucket 4 contains 767396402
  Bucket 5 contains 767344123
  Bucket 6 contains 1438383462
  Bucket 7 contains 1342972426
  Bucket 8 contains 767377424
  Bucket 9 contains 767391389
  Bucket 10 contains 1534767740
  Bucket 11 contains 767385660
  Bucket 12 contains 767395686
  Bucket 13 contains 1534757355
  Bucket 14 contains 767393179
  Bucket 15 contains 1534768813
  Bucket 16 contains 671016063
  Bucket 17 contains 1343009308
  Bucket 18 contains 767392463
  Bucket 19 contains 767385302
  Bucket 20 contains 1534770603
  Bucket 21 contains 767336604
  Bucket 22 contains 1342990330
  Bucket 23 contains 767412157
  Bucket 24 contains 1534721190
  Bucket 25 contains 767306168
  Bucket 26 contains 767409293
  Bucket 27 contains 1534777765
  Bucket 28 contains 767406786
  Bucket 29 contains 1534791730
  Bucket 30 contains 767471597
  Bucket 31 contains 1342468618
  Bucket 32 contains 671511994
  Bucket 33 contains 767373843
  Bucket 34 contains 1534778839
  Bucket 35 contains 767397834
  Bucket 36 contains 1534765591
  Bucket 37 contains 767369189
  Bucket 38 contains 718638001
  Bucket 39 contains 838240099
  Bucket 40 contains 1877155131
  Bucket 41 contains 1000000001
  Bucket 42 contains 978333353
  Bucket 43 contains 922020980
  Bucket 44 contains 860406259
  Bucket 45 contains 815090671
  Bucket 46 contains 1566069061
  Bucket 47 contains 673977328
  Bucket 48 contains 1478772321
  Bucket 49 contains 838984892
  Bucket 50 contains 1403575110
  Bucket 51 contains 1103612940
  Bucket 52 contains 546498573
  Bucket 53 contains 1243060588
  Bucket 54 contains 1395778784
  Bucket 55 contains 737645537
  Bucket 56 contains 767394254
  Bucket 57 contains 1534775617
  Bucket 58 contains 767371337
  Bucket 59 contains 767411799
  Bucket 60 contains 1534778481
  Bucket 61 contains 671010692
  Bucket 62 contains 1342970994
  Bucket 63 contains 767394612
  Bucket 64 contains 1549196177
  Bucket 65 contains 767406428
  Bucket 66 contains 767363459
  Bucket 67 contains 1534796385
  Bucket 68 contains 767364892
  Bucket 69 contains 1534769887
  Bucket 70 contains 668372051
  Bucket 71 contains 1345352180
  Bucket 72 contains 705657769
  Bucket 73 contains 1002733112
  Bucket 74 contains 1340345601
  Bucket 75 contains 671439305
  Bucket 76 contains 1534814647
  Bucket 77 contains 862289187
  Bucket 78 contains 767374560
  Bucket 79 contains 1534720832
  Bucket 80 contains 767329800
  Bucket 81 contains 1534731216
  Bucket 82 contains 767261409
  Bucket 83 contains 1112187059
  Bucket 84 contains 730385955
  Bucket 85 contains 1529693305
  Bucket 86 contains 793550438
  Bucket 87 contains 799790920
  Bucket 88 contains 1660069884
  Bucket 89 contains 882059475
  Bucket 90 contains 1190462685
  Bucket 91 contains 1104908985
  Bucket 92 contains 751759168
  Bucket 93 contains 1026609489
  Bucket 94 contains 1265938775
  Bucket 95 contains 1214919263
Hilbert SFC efficiency: 0.5631909877
Hilbert SFC ratio: 1.053899766
 Final Hilbert SFC time: 0.029784693

SFC+Knapsack previous efficiency: 0.550044387
SFC + Knapsack ratio: 1.252312532
 Final SFC+Knapsack_Combined time: 0.000582639

SFC+Painter previous efficiency: 0.5343876198
Binary search iterations: 30
SFC+painterPartition efficiency: 0.6888435501
SFC+Painter ratio: 1.289033512
 Final SFC+Painter time: 0.014524298

Hilbert+Painter previous efficiency: 0.5343876198
Binary search iterations: 30
Hilbert+painterPartition efficiency: 0.6888416215
Hilbert+Painter ratio: 1.289029903
 Final Hilbert+Painter time: 0.001005879
Painter+Knapsack previous efficiency: 0.5981773847
Binary search iterations: 30
SFC+painterPartition efficiency: 0.9184510671
Painter+Knapsack ratio: 1.151543834
 Final painter+Knapsack_Combined time: 0.018164119
Run 14
File weights 51 and ranks 51
Original previous efficiency: 0.7018858755
Original efficiency: 0.7018858755
Original ratio: 1
Knapsack previous efficiency: 0.6340854578
Knapsack ratio: 1.160364528
 Final Knapsack time: 0.020819784

Karmarkar-Karp previous efficiency: 0.6599835121
Karmarkar-Karp ratio: 1.114831294
 Final Karmarkar-Karp time: 0.020776451

SFC previous efficiency: 0.5795072971
 Time take to run this function: 1.312e-06
SFC ratio: 1.079592769
 Final SFC time: 0.00073821

Hilbert SFC previous efficiency: 0.5361781039
DM: HilbertProcessorMapDoIt called...
  (nprocs, nteams, nworkers) = (96, 96, 1)
  Bucket 0 contains 1045933876
  Bucket 1 contains 1064497740
  Bucket 2 contains 1071192500
  Bucket 3 contains 913681823
  Bucket 4 contains 771005769
  Bucket 5 contains 770995335
  Bucket 6 contains 1445139787
  Bucket 7 contains 1349345526
  Bucket 8 contains 770987061
  Bucket 9 contains 771000372
  Bucket 10 contains 1542036361
  Bucket 11 contains 771004689
  Bucket 12 contains 771012604
  Bucket 13 contains 1542030605
  Bucket 14 contains 770993177
  Bucket 15 contains 1542039239
  Bucket 16 contains 674160281
  Bucket 17 contains 1349318183
  Bucket 18 contains 771018720
  Bucket 19 contains 771016561
  Bucket 20 contains 1541995707
  Bucket 21 contains 770960438
  Bucket 22 contains 1349282927
  Bucket 23 contains 771037787
  Bucket 24 contains 1541988152
  Bucket 25 contains 770919066
  Bucket 26 contains 771038867
  Bucket 27 contains 1542003982
  Bucket 28 contains 771055416
  Bucket 29 contains 1542036721
  Bucket 30 contains 771076282
  Bucket 31 contains 1348855529
  Bucket 32 contains 674634088
  Bucket 33 contains 771020159
  Bucket 34 contains 1541984195
  Bucket 35 contains 771021598
  Bucket 36 contains 1541997866
  Bucket 37 contains 770994976
  Bucket 38 contains 742434571
  Bucket 39 contains 834101277
  Bucket 40 contains 1875286889
  Bucket 41 contains 1000000001
  Bucket 42 contains 980504830
  Bucket 43 contains 926314883
  Bucket 44 contains 866550056
  Bucket 45 contains 824689530
  Bucket 46 contains 1586519556
  Bucket 47 contains 679176450
  Bucket 48 contains 1484816914
  Bucket 49 contains 862350908
  Bucket 50 contains 1413019410
  Bucket 51 contains 570578119
  Bucket 52 contains 1090186884
  Bucket 53 contains 1253304644
  Bucket 54 contains 679712435
  Bucket 55 contains 1443045908
  Bucket 56 contains 771012604
  Bucket 57 contains 1542017653
  Bucket 58 contains 770987780
  Bucket 59 contains 771019080
  Bucket 60 contains 1541987433
  Bucket 61 contains 674168196
  Bucket 62 contains 1349327538
  Bucket 63 contains 771028793
  Bucket 64 contains 1556496176
  Bucket 65 contains 771005409
  Bucket 66 contains 770996774
  Bucket 67 contains 1542016214
  Bucket 68 contains 770998933
  Bucket 69 contains 1542026647
  Bucket 70 contains 667780972
  Bucket 71 contains 1339875497
  Bucket 72 contains 708987028
  Bucket 73 contains 1007457458
  Bucket 74 contains 1346476419
  Bucket 75 contains 674599551
  Bucket 76 contains 1542007220
  Bucket 77 contains 866375750
  Bucket 78 contains 770990658
  Bucket 79 contains 1541966567
  Bucket 80 contains 770994976
  Bucket 81 contains 770830204
  Bucket 82 contains 1541939945
  Bucket 83 contains 1117321313
  Bucket 84 contains 733801642
  Bucket 85 contains 1537417909
  Bucket 86 contains 797118426
  Bucket 87 contains 803565714
  Bucket 88 contains 1667750870
  Bucket 89 contains 886200462
  Bucket 90 contains 1196286423
  Bucket 91 contains 1098003624
  Bucket 92 contains 750192248
  Bucket 93 contains 1008926067
  Bucket 94 contains 1273246099
  Bucket 95 contains 1222609709
Hilbert SFC efficiency: 0.5662617978
Hilbert SFC ratio: 1.056107651
 Final Hilbert SFC time: 0.027861827

SFC+Knapsack previous efficiency: 0.5512615481
SFC + Knapsack ratio: 1.249203735
 Final SFC+Knapsack_Combined time: 0.000510729

SFC+Painter previous efficiency: 0.5361781039
Binary search iterations: 30
SFC+painterPartition efficiency: 0.6886603174
SFC+Painter ratio: 1.284387244
 Final SFC+Painter time: 0.014394196

Hilbert+Painter previous efficiency: 0.5361781039
Binary search iterations: 30
Hilbert+painterPartition efficiency: 0.6886603174
Hilbert+Painter ratio: 1.284387244
 Final Hilbert+Painter time: 0.002093356
Painter+Knapsack previous efficiency: 0.5996077125
Binary search iterations: 30
SFC+painterPartition efficiency: 0.9182038306
Painter+Knapsack ratio: 1.148480866
 Final painter+Knapsack_Combined time: 0.01900585
Run 15
File weights 51 and ranks 51
Original previous efficiency: 0.6915001372
Original efficiency: 0.6915001372
Original ratio: 1
Knapsack previous efficiency: 0.6372758395
Knapsack ratio: 1.150895428
 Final Knapsack time: 0.014200101

Karmarkar-Karp previous efficiency: 0.6557580473
Karmarkar-Karp ratio: 1.118458024
 Final Karmarkar-Karp time: 0.020716575

SFC previous efficiency: 0.5761409929
 Time take to run this function: 7.920000002e-07
SFC ratio: 1.091311538
 Final SFC time: 0.000651232

Hilbert SFC previous efficiency: 0.5419815244
DM: HilbertProcessorMapDoIt called...
  (nprocs, nteams, nworkers) = (96, 96, 1)
  Bucket 0 contains 1060199719
  Bucket 1 contains 1079016782
  Bucket 2 contains 1069047947
  Bucket 3 contains 942896226
  Bucket 4 contains 781548055
  Bucket 5 contains 781534927
  Bucket 6 contains 1464876104
  Bucket 7 contains 1367729322
  Bucket 8 contains 781517058
  Bucket 9 contains 781519975
  Bucket 10 contains 1563080793
  Bucket 11 contains 781527269
  Bucket 12 contains 781501742
  Bucket 13 contains 1563018800
  Bucket 14 contains 781517058
  Bucket 15 contains 1563041774
  Bucket 16 contains 683341907
  Bucket 17 contains 1367731510
  Bucket 18 contains 781514870
  Bucket 19 contains 781507212
  Bucket 20 contains 1563047973
  Bucket 21 contains 781451053
  Bucket 22 contains 1367729322
  Bucket 23 contains 781581969
  Bucket 24 contains 1562974675
  Bucket 25 contains 781479497
  Bucket 26 contains 781569935
  Bucket 27 contains 1562998743
  Bucket 28 contains 781588168
  Bucket 29 contains 781578687
  Bucket 30 contains 1563131847
  Bucket 31 contains 683338625
  Bucket 32 contains 1367724582
  Bucket 33 contains 781529821
  Bucket 34 contains 1563049432
  Bucket 35 contains 781529457
  Bucket 36 contains 781510494
  Bucket 37 contains 1563053443
  Bucket 38 contains 770852727
  Bucket 39 contains 833281520
  Bucket 40 contains 906950946
  Bucket 41 contains 1970342530
  Bucket 42 contains 979974543
  Bucket 43 contains 925211404
  Bucket 44 contains 865588680
  Bucket 45 contains 828911686
  Bucket 46 contains 1615096148
  Bucket 47 contains 691240647
  Bucket 48 contains 1499181653
  Bucket 49 contains 892239087
  Bucket 50 contains 786972877
  Bucket 51 contains 1243125298
  Bucket 52 contains 1129883038
  Bucket 53 contains 1296754314
  Bucket 54 contains 691312061
  Bucket 55 contains 1461849652
  Bucket 56 contains 781498460
  Bucket 57 contains 781535656
  Bucket 58 contains 1563016247
  Bucket 59 contains 781519975
  Bucket 60 contains 1563047244
  Bucket 61 contains 683368164
  Bucket 62 contains 1367723852
  Bucket 63 contains 781531645
  Bucket 64 contains 796236818
  Bucket 65 contains 1563045785
  Bucket 66 contains 781517058
  Bucket 67 contains 781539303
  Bucket 68 contains 1563052349
  Bucket 69 contains 781521434
  Bucket 70 contains 1454307255
  Bucket 71 contains 671977349
  Bucket 72 contains 1079226429
  Bucket 73 contains 1091766563
  Bucket 74 contains 1604221767
  Bucket 75 contains 683782063
  Bucket 76 contains 781609319
  Bucket 77 contains 1659560839
  Bucket 78 contains 781526539
  Bucket 79 contains 781476580
  Bucket 80 contains 1563014424
  Bucket 81 contains 781316125
  Bucket 82 contains 1562943678
  Bucket 83 contains 1047840981
  Bucket 84 contains 828370026
  Bucket 85 contains 810178799
  Bucket 86 contains 1556243622
  Bucket 87 contains 814510524
  Bucket 88 contains 909336430
  Bucket 89 contains 814510524
  Bucket 90 contains 1645786542
  Bucket 91 contains 1179890519
  Bucket 92 contains 1053859853
  Bucket 93 contains 1157049087
  Bucket 94 contains 898506843
  Bucket 95 contains 1258251423
Hilbert SFC efficiency: 0.5446309996
Hilbert SFC ratio: 1.004888497
 Final Hilbert SFC time: 0.028227716

SFC+Knapsack previous efficiency: 0.5573983298
SFC + Knapsack ratio: 1.231712533
 Final SFC+Knapsack_Combined time: 0.000540077

SFC+Painter previous efficiency: 0.5419815244
Binary search iterations: 30
SFC+painterPartition efficiency: 0.6865727698
SFC+Painter ratio: 1.26678261
 Final SFC+Painter time: 0.015163366

Hilbert+Painter previous efficiency: 0.5419815244
Binary search iterations: 30
Hilbert+painterPartition efficiency: 0.6865636393
Hilbert+Painter ratio: 1.266765763
 Final Hilbert+Painter time: 0.000995549
Painter+Knapsack previous efficiency: 0.6023571968
Binary search iterations: 30
SFC+painterPartition efficiency: 0.9154109951
Painter+Knapsack ratio: 1.139787152
 Final painter+Knapsack_Combined time: 0.019209935
Run 16
File weights 51 and ranks 51
Original previous efficiency: 0.6867570477
Original efficiency: 0.6867570477
Original ratio: 1
Knapsack previous efficiency: 0.5936654948
Knapsack ratio: 1.232499576
 Final Knapsack time: 0.01426717

Karmarkar-Karp previous efficiency: 0.6237336767
Karmarkar-Karp ratio: 1.17308476
 Final Karmarkar-Karp time: 0.0229136

SFC previous efficiency: 0.5337050576
 Time take to run this function: 5.31e-07
SFC ratio: 1.21165529
 Final SFC time: 0.000692401

Hilbert SFC previous efficiency: 0.4803809763
DM: HilbertProcessorMapDoIt called...
  (nprocs, nteams, nworkers) = (96, 96, 1)
  Bucket 0 contains 948788553
  Bucket 1 contains 950633996
  Bucket 2 contains 956706963
  Bucket 3 contains 858806133
  Bucket 4 contains 699403028
  Bucket 5 contains 699385405
  Bucket 6 contains 1310912729
  Bucket 7 contains 1224002362
  Bucket 8 contains 699384752
  Bucket 9 contains 699428157
  Bucket 10 contains 1398800181
  Bucket 11 contains 699401070
  Bucket 12 contains 699379531
  Bucket 13 contains 1398773421
  Bucket 14 contains 699399112
  Bucket 15 contains 699389321
  Bucket 16 contains 1310927415
  Bucket 17 contains 1224018680
  Bucket 18 contains 699388016
  Bucket 19 contains 699398785
  Bucket 20 contains 1398785170
  Bucket 21 contains 699348528
  Bucket 22 contains 1224003995
  Bucket 23 contains 699454591
  Bucket 24 contains 699337758
  Bucket 25 contains 1398768526
  Bucket 26 contains 699409229
  Bucket 27 contains 1398732301
  Bucket 28 contains 699467318
  Bucket 29 contains 699438926
  Bucket 30 contains 1398830206
  Bucket 31 contains 611542662
  Bucket 32 contains 1223992899
  Bucket 33 contains 699392258
  Bucket 34 contains 699375941
  Bucket 35 contains 1398759388
  Bucket 36 contains 699392258
  Bucket 37 contains 1398823353
  Bucket 38 contains 694594996
  Bucket 39 contains 766199962
  Bucket 40 contains 909183845
  Bucket 41 contains 991955846
  Bucket 42 contains 1000000001
  Bucket 43 contains 992188858
  Bucket 44 contains 941215892
  Bucket 45 contains 839729131
  Bucket 46 contains 1474670246
  Bucket 47 contains 721516703
  Bucket 48 contains 619704302
  Bucket 49 contains 1337587119
  Bucket 50 contains 801187418
  Bucket 51 contains 1168581161
  Bucket 52 contains 786253565
  Bucket 53 contains 840619571
  Bucket 54 contains 1143653712
  Bucket 55 contains 646098957
  Bucket 56 contains 1363567638
  Bucket 57 contains 699380836
  Bucket 58 contains 1398813562
  Bucket 59 contains 699388342
  Bucket 60 contains 699405639
  Bucket 61 contains 1310934594
  Bucket 62 contains 612002813
  Bucket 63 contains 1311386260
  Bucket 64 contains 712544306
  Bucket 65 contains 699410534
  Bucket 66 contains 1398797570
  Bucket 67 contains 699376594
  Bucket 68 contains 1398785822
  Bucket 69 contains 699398459
  Bucket 70 contains 699384426
  Bucket 71 contains 1195906726
  Bucket 72 contains 960044699
  Bucket 73 contains 977037539
  Bucket 74 contains 823406178
  Bucket 75 contains 1223947863
  Bucket 76 contains 699503869
  Bucket 77 contains 785805162
  Bucket 78 contains 1398799856
  Bucket 79 contains 699354728
  Bucket 80 contains 699389974
  Bucket 81 contains 1398604046
  Bucket 82 contains 699441537
  Bucket 83 contains 1309259776
  Bucket 84 contains 1038917171
  Bucket 85 contains 758190235
  Bucket 86 contains 691447328
  Bucket 87 contains 1395370263
  Bucket 88 contains 843663418
  Bucket 89 contains 728917951
  Bucket 90 contains 773896063
  Bucket 91 contains 1082977924
  Bucket 92 contains 989394338
  Bucket 93 contains 1076744676
  Bucket 94 contains 1058700889
  Bucket 95 contains 1163500575
Hilbert SFC efficiency: 0.6489651714
Hilbert SFC ratio: 1.350938533
 Final Hilbert SFC time: 0.028221975

SFC+Knapsack previous efficiency: 0.4929949484
SFC + Knapsack ratio: 1.387788632
 Final SFC+Knapsack_Combined time: 0.000536439

SFC+Painter previous efficiency: 0.4803809763
Binary search iterations: 30
SFC+painterPartition efficiency: 0.6841892268
SFC+Painter ratio: 1.424263784
 Final SFC+Painter time: 0.014198848

Hilbert+Painter previous efficiency: 0.4803809763
Binary search iterations: 30
Hilbert+painterPartition efficiency: 0.6841906634
Hilbert+Painter ratio: 1.424266774
 Final Hilbert+Painter time: 0.000944169
Painter+Knapsack previous efficiency: 0.5631416743
Binary search iterations: 30
SFC+painterPartition efficiency: 0.9122350627
Painter+Knapsack ratio: 1.21492635
 Final painter+Knapsack_Combined time: 0.019510258
Run 17
File weights 51 and ranks 51
Original previous efficiency: 0.6817628668
Original efficiency: 0.6817628668
Original ratio: 1
Knapsack previous efficiency: 0.594634259
Knapsack ratio: 1.22969471
 Final Knapsack time: 0.014462468

Karmarkar-Karp previous efficiency: 0.5958266106
Karmarkar-Karp ratio: 1.227233879
 Final Karmarkar-Karp time: 0.021402974

SFC previous efficiency: 0.5326848083
 Time take to run this function: 7.41e-07
SFC ratio: 1.203395871
 Final SFC time: 0.000724733

Hilbert SFC previous efficiency: 0.4810397502
DM: HilbertProcessorMapDoIt called...
  (nprocs, nteams, nworkers) = (96, 96, 1)
  Bucket 0 contains 952514736
  Bucket 1 contains 954367427
  Bucket 2 contains 960464237
  Bucket 3 contains 862141572
  Bucket 4 contains 702133738
  Bucket 5 contains 702147499
  Bucket 6 contains 1316050917
  Bucket 7 contains 1228796280
  Bucket 8 contains 702138980
  Bucket 9 contains 702128169
  Bucket 10 contains 1404276323
  Bucket 11 contains 702130134
  Bucket 12 contains 702176330
  Bucket 13 contains 1404273374
  Bucket 14 contains 702127841
  Bucket 15 contains 702141601
  Bucket 16 contains 1316076801
  Bucket 17 contains 1228814627
  Bucket 18 contains 702132100
  Bucket 19 contains 702182228
  Bucket 20 contains 1404277633
  Bucket 21 contains 702082628
  Bucket 22 contains 1228814299
  Bucket 23 contains 702172071
  Bucket 24 contains 702116374
  Bucket 25 contains 1404242250
  Bucket 26 contains 702141274
  Bucket 27 contains 702169122
  Bucket 28 contains 1404274029
  Bucket 29 contains 702190418
  Bucket 30 contains 1404334969
  Bucket 31 contains 613921439
  Bucket 32 contains 1228805781
  Bucket 33 contains 702146516
  Bucket 34 contains 702157000
  Bucket 35 contains 1404272392
  Bucket 36 contains 702149465
  Bucket 37 contains 1404287462
  Bucket 38 contains 706435901
  Bucket 39 contains 806458272
  Bucket 40 contains 964924610
  Bucket 41 contains 993674780
  Bucket 42 contains 1000000001
  Bucket 43 contains 995671028
  Bucket 44 contains 981081346
  Bucket 45 contains 904766211
  Bucket 46 contains 808919754
  Bucket 47 contains 735366539
  Bucket 48 contains 1349880660
  Bucket 49 contains 650795189
  Bucket 50 contains 1499636577
  Bucket 51 contains 639523685
  Bucket 52 contains 1230996039
  Bucket 53 contains 809298657
  Bucket 54 contains 1014778888
  Bucket 55 contains 647410717
  Bucket 56 contains 1364227185
  Bucket 57 contains 702134066
  Bucket 58 contains 702152413
  Bucket 59 contains 1404295653
  Bucket 60 contains 702167157
  Bucket 61 contains 1316060747
  Bucket 62 contains 614388966
  Bucket 63 contains 1316548915
  Bucket 64 contains 715343335
  Bucket 65 contains 702147499
  Bucket 66 contains 1404287135
  Bucket 67 contains 702134721
  Bucket 68 contains 702151103
  Bucket 69 contains 1404268132
  Bucket 70 contains 702136359
  Bucket 71 contains 1193922709
  Bucket 72 contains 960204931
  Bucket 73 contains 980876625
  Bucket 74 contains 826439102
  Bucket 75 contains 1228747136
  Bucket 76 contains 702264135
  Bucket 77 contains 788899772
  Bucket 78 contains 1404309086
  Bucket 79 contains 702136687
  Bucket 80 contains 702170433
  Bucket 81 contains 1404088264
  Bucket 82 contains 702190746
  Bucket 83 contains 1314323326
  Bucket 84 contains 956044198
  Bucket 85 contains 850662081
  Bucket 86 contains 689388298
  Bucket 87 contains 1400637994
  Bucket 88 contains 846852564
  Bucket 89 contains 731775387
  Bucket 90 contains 776939644
  Bucket 91 contains 1084943264
  Bucket 92 contains 996658504
  Bucket 93 contains 1031867893
  Bucket 94 contains 1032501203
  Bucket 95 contains 1191044701
Hilbert SFC efficiency: 0.6401531598
Hilbert SFC ratio: 1.330769774
 Final Hilbert SFC time: 0.032783622

SFC+Knapsack previous efficiency: 0.4845823695
SFC + Knapsack ratio: 1.410747304
 Final SFC+Knapsack_Combined time: 0.000591296

SFC+Painter previous efficiency: 0.6836272582
Binary search iterations: 30
SFC+painterPartition efficiency: 0.6836406562
SFC+Painter ratio: 1.000019598
 Final SFC+Painter time: 0.021624363

Hilbert+Painter previous efficiency: 0.6815240568
Binary search iterations: 30
Hilbert+painterPartition efficiency: 0.6836278964
Hilbert+Painter ratio: 1.003086963
 Final Hilbert+Painter time: 0.00101686
Painter+Knapsack previous efficiency: 0.5639929125
Binary search iterations: 30
SFC+painterPartition efficiency: 0.9115037202
Painter+Knapsack ratio: 1.212116058
 Final painter+Knapsack_Combined time: 0.036189241
Run 18
File weights 51 and ranks 51
Original previous efficiency: 0.6761932157
Original efficiency: 0.6761932157
Original ratio: 1
Knapsack previous efficiency: 0.5974002022
Knapsack ratio: 1.224272055
 Final Knapsack time: 0.014813528

Karmarkar-Karp previous efficiency: 0.5850155998
Karmarkar-Karp ratio: 1.250189523
 Final Karmarkar-Karp time: 0.021110878

SFC previous efficiency: 0.5336678091
 Time take to run this function: 6.320000003e-07
SFC ratio: 1.212683967
 Final SFC time: 0.000745925

Hilbert SFC previous efficiency: 0.4842483173
DM: HilbertProcessorMapDoIt called...
  (nprocs, nteams, nworkers) = (96, 96, 1)
  Bucket 0 contains 960468526
  Bucket 1 contains 962336687
  Bucket 2 contains 968484415
  Bucket 3 contains 869383346
  Bucket 4 contains 708011317
  Bucket 5 contains 707997772
  Bucket 6 contains 1327040366
  Bucket 7 contains 619522285
  Bucket 8 contains 1327565647
  Bucket 9 contains 708003388
  Bucket 10 contains 1416005123
  Bucket 11 contains 708012308
  Bucket 12 contains 708004049
  Bucket 13 contains 1416009418
  Bucket 14 contains 708006691
  Bucket 15 contains 708003057
  Bucket 16 contains 1327030785
  Bucket 17 contains 1239077606
  Bucket 18 contains 708000745
  Bucket 19 contains 708006361
  Bucket 20 contains 1416009088
  Bucket 21 contains 707941940
  Bucket 22 contains 1239045891
  Bucket 23 contains 708041710
  Bucket 24 contains 707995459
  Bucket 25 contains 1415927157
  Bucket 26 contains 708032460
  Bucket 27 contains 708049639
  Bucket 28 contains 1416038821
  Bucket 29 contains 708016933
  Bucket 30 contains 1416021642
  Bucket 31 contains 619049862
  Bucket 32 contains 1239069017
  Bucket 33 contains 707999754
  Bucket 34 contains 707995789
  Bucket 35 contains 1416026267
  Bucket 36 contains 707998432
  Bucket 37 contains 707982905
  Bucket 38 contains 1431360573
  Bucket 39 contains 800471399
  Bucket 40 contains 959812016
  Bucket 41 contains 988910949
  Bucket 42 contains 1000000001
  Bucket 43 contains 998037629
  Bucket 44 contains 987716016
  Bucket 45 contains 930538650
  Bucket 46 contains 844015898
  Bucket 47 contains 780832485
  Bucket 48 contains 1369428255
  Bucket 49 contains 665069791
  Bucket 50 contains 1518671191
  Bucket 51 contains 659109278
  Bucket 52 contains 1264508212
  Bucket 53 contains 826020388
  Bucket 54 contains 967576763
  Bucket 55 contains 615417106
  Bucket 56 contains 1368091209
  Bucket 57 contains 707996780
  Bucket 58 contains 708002727
  Bucket 59 contains 1416008758
  Bucket 60 contains 708006691
  Bucket 61 contains 1327060518
  Bucket 62 contains 619515017
  Bucket 63 contains 1327541199
  Bucket 64 contains 721318334
  Bucket 65 contains 707988521
  Bucket 66 contains 1416025937
  Bucket 67 contains 708012308
  Bucket 68 contains 707991495
  Bucket 69 contains 1416017347
  Bucket 70 contains 708016933
  Bucket 71 contains 1197161479
  Bucket 72 contains 978528591
  Bucket 73 contains 975767176
  Bucket 74 contains 833174951
  Bucket 75 contains 1239052498
  Bucket 76 contains 708113400
  Bucket 77 contains 795501874
  Bucket 78 contains 1416034526
  Bucket 79 contains 707986209
  Bucket 80 contains 708043032
  Bucket 81 contains 1415779154
  Bucket 82 contains 708032130
  Bucket 83 contains 1325225337
  Bucket 84 contains 963999392
  Bucket 85 contains 862102420
  Bucket 86 contains 690766577
  Bucket 87 contains 704602604
  Bucket 88 contains 1443709252
  Bucket 89 contains 855455960
  Bucket 90 contains 783424034
  Bucket 91 contains 1092565467
  Bucket 92 contains 1001251754
  Bucket 93 contains 1002753926
  Bucket 94 contains 1037224935
  Bucket 95 contains 1200890867
Hilbert SFC efficiency: 0.6371006219
Hilbert SFC ratio: 1.315648602
 Final Hilbert SFC time: 0.040345361

SFC+Knapsack previous efficiency: 0.6832802264
SFC + Knapsack ratio: 1.000008399
 Final SFC+Knapsack_Combined time: 0.000568802

SFC+Painter previous efficiency: 0.6832977621
Binary search iterations: 30
SFC+painterPartition efficiency: 0.6833180088
SFC+Painter ratio: 1.000029631
 Final SFC+Painter time: 0.014797117

Hilbert+Painter previous efficiency: 0.6759627018
Binary search iterations: 30
Hilbert+painterPartition efficiency: 0.6832969654
Hilbert+Painter ratio: 1.010850101
 Final Hilbert+Painter time: 0.001032761
Painter+Knapsack previous efficiency: 0.5664766949
Binary search iterations: 29
SFC+painterPartition efficiency: 0.9110692097
Painter+Knapsack ratio: 1.206216361
 Final painter+Knapsack_Combined time: 0.017225792
Run 19
File weights 51 and ranks 51
Original previous efficiency: 0.6597256136
Original efficiency: 0.7317393861
Original ratio: 1.109157157
Knapsack previous efficiency: 0.6291264461
Knapsack ratio: 1.163103841
 Final Knapsack time: 0.015044275

Karmarkar-Karp previous efficiency: 0.5690594079
Karmarkar-Karp ratio: 1.285875211
 Final Karmarkar-Karp time: 0.021422222

SFC previous efficiency: 0.5519452939
 Time take to run this function: 6.71e-07
SFC ratio: 1.089164044
 Final SFC time: 0.000700477

Hilbert SFC previous efficiency: 0.544548137
DM: HilbertProcessorMapDoIt called...
  (nprocs, nteams, nworkers) = (96, 96, 1)
  Bucket 0 contains 980023687
  Bucket 1 contains 981929884
  Bucket 2 contains 988202775
  Bucket 3 contains 887036472
  Bucket 4 contains 722436547
  Bucket 5 contains 722410254
  Bucket 6 contains 1354044764
  Bucket 7 contains 632167789
  Bucket 8 contains 1354568267
  Bucket 9 contains 722413962
  Bucket 10 contains 1444838712
  Bucket 11 contains 722423738
  Bucket 12 contains 722431154
  Bucket 13 contains 1444841408
  Bucket 14 contains 722414299
  Bucket 15 contains 722437896
  Bucket 16 contains 1354045775
  Bucket 17 contains 1264314341
  Bucket 18 contains 722398793
  Bucket 19 contains 722424749
  Bucket 20 contains 1444823205
  Bucket 21 contains 722341825
  Bucket 22 contains 1264282654
  Bucket 23 contains 722419019
  Bucket 24 contains 722408569
  Bucket 25 contains 1444770956
  Bucket 26 contains 722425423
  Bucket 27 contains 722462503
  Bucket 28 contains 1444865679
  Bucket 29 contains 722409917
  Bucket 30 contains 1444844105
  Bucket 31 contains 631643274
  Bucket 32 contains 1264292430
  Bucket 33 contains 722425423
  Bucket 34 contains 722403512
  Bucket 35 contains 1444871409
  Bucket 36 contains 722421378
  Bucket 37 contains 722418007
  Bucket 38 contains 1474301608
  Bucket 39 contains 824831568
  Bucket 40 contains 987348606
  Bucket 41 contains 936418410
  Bucket 42 contains 884186701
  Bucket 43 contains 906360603
  Bucket 44 contains 1000000001
  Bucket 45 contains 982263913
  Bucket 46 contains 885963513
  Bucket 47 contains 1619316105
  Bucket 48 contains 647106688
  Bucket 49 contains 1394622195
  Bucket 50 contains 851474971
  Bucket 51 contains 1111626450
  Bucket 52 contains 807813992
  Bucket 53 contains 823092342
  Bucket 54 contains 934173209
  Bucket 55 contains 1238347704
  Bucket 56 contains 722433851
  Bucket 57 contains 722443289
  Bucket 58 contains 1444845116
  Bucket 59 contains 722413288
  Bucket 60 contains 1444850846
  Bucket 61 contains 631648330
  Bucket 62 contains 1264285351
  Bucket 63 contains 722403849
  Bucket 64 contains 735979101
  Bucket 65 contains 800028687
  Bucket 66 contains 1704353593
  Bucket 67 contains 735167495
  Bucket 68 contains 722409243
  Bucket 69 contains 1444847475
  Bucket 70 contains 722414299
  Bucket 71 contains 1214371486
  Bucket 72 contains 995165813
  Bucket 73 contains 995661452
  Bucket 74 contains 849975924
  Bucket 75 contains 1264288722
  Bucket 76 contains 722565316
  Bucket 77 contains 811697290
  Bucket 78 contains 1444840733
  Bucket 79 contains 722364073
  Bucket 80 contains 722457784
  Bucket 81 contains 1444637804
  Bucket 82 contains 722457447
  Bucket 83 contains 722368792
  Bucket 84 contains 1046147087
  Bucket 85 contains 1439396695
  Bucket 86 contains 715938610
  Bucket 87 contains 718748762
  Bucket 88 contains 1472985880
  Bucket 89 contains 872845748
  Bucket 90 contains 799340510
  Bucket 91 contains 1114990118
  Bucket 92 contains 1003198663
  Bucket 93 contains 1002726733
  Bucket 94 contains 1046970715
  Bucket 95 contains 1222407308
Hilbert SFC efficiency: 0.5789991828
Hilbert SFC ratio: 1.063265382
 Final Hilbert SFC time: 0.028799663

SFC+Knapsack previous efficiency: 0.6170156787
SFC + Knapsack ratio: 1.015232348
 Final SFC+Knapsack_Combined time: 0.000564774

SFC+Painter previous efficiency: 0.6221721544
Binary search iterations: 30
SFC+painterPartition efficiency: 0.6830373059
SFC+Painter ratio: 1.097826865
 Final SFC+Painter time: 0.014171515

Hilbert+Painter previous efficiency: 0.6693469859
Binary search iterations: 30
Hilbert+painterPartition efficiency: 0.683003522
Hilbert+Painter ratio: 1.020402775
 Final Hilbert+Painter time: 0.00099623
Painter+Knapsack previous efficiency: 0.5687170489
Binary search iterations: 30
SFC+painterPartition efficiency: 0.9106802155
Painter+Knapsack ratio: 1.110797921
 Final painter+Knapsack_Combined time: 0.017623984
Run 20
File weights 51 and ranks 51
Original previous efficiency: 0.6349682525
Original efficiency: 0.7316667841
Original ratio: 1.152288766
Knapsack previous efficiency: 0.6628269338
Knapsack ratio: 1.105053957
 Final Knapsack time: 0.014353808

Karmarkar-Karp previous efficiency: 0.5665666312
Karmarkar-Karp ratio: 1.292803857
 Final Karmarkar-Karp time: 0.021041214

SFC previous efficiency: 0.5685636895
 Time take to run this function: 6.809999999e-07
SFC ratio: 1.049482306
 Final SFC time: 0.000701238

Hilbert SFC previous efficiency: 0.5540871251
DM: HilbertProcessorMapDoIt called...
  (nprocs, nteams, nworkers) = (96, 96, 1)
  Bucket 0 contains 1002309945
  Bucket 1 contains 1004259490
  Bucket 2 contains 1010675037
  Bucket 3 contains 907248847
  Bucket 4 contains 738860325
  Bucket 5 contains 738857222
  Bucket 6 contains 1384838899
  Bucket 7 contains 646533289
  Bucket 8 contains 1385346038
  Bucket 9 contains 738863428
  Bucket 10 contains 1477692725
  Bucket 11 contains 738835502
  Bucket 12 contains 738829297
  Bucket 13 contains 1477691690
  Bucket 14 contains 738870323
  Bucket 15 contains 738839984
  Bucket 16 contains 1384835797
  Bucket 17 contains 1293054512
  Bucket 18 contains 738861015
  Bucket 19 contains 738854464
  Bucket 20 contains 1477707204
  Bucket 21 contains 738760690
  Bucket 22 contains 1293019002
  Bucket 23 contains 738830331
  Bucket 24 contains 738851361
  Bucket 25 contains 1477653078
  Bucket 26 contains 738870323
  Bucket 27 contains 738912039
  Bucket 28 contains 1477721340
  Bucket 29 contains 738883769
  Bucket 30 contains 1477691346
  Bucket 31 contains 645985814
  Bucket 32 contains 1293054857
  Bucket 33 contains 738838261
  Bucket 34 contains 738845500
  Bucket 35 contains 1477688588
  Bucket 36 contains 738839295
  Bucket 37 contains 738852740
  Bucket 38 contains 1519663562
  Bucket 39 contains 835004230
  Bucket 40 contains 985904935
  Bucket 41 contains 875689063
  Bucket 42 contains 841186766
  Bucket 43 contains 857655143
  Bucket 44 contains 933987557
  Bucket 45 contains 1913936117
  Bucket 46 contains 860609714
  Bucket 47 contains 832426823
  Bucket 48 contains 663434336
  Bucket 49 contains 1439333684
  Bucket 50 contains 884901673
  Bucket 51 contains 1129510053
  Bucket 52 contains 1246813966
  Bucket 53 contains 851538971
  Bucket 54 contains 1128476125
  Bucket 55 contains 634925590
  Bucket 56 contains 767072521
  Bucket 57 contains 1477702723
  Bucket 58 contains 738856877
  Bucket 59 contains 1477678245
  Bucket 60 contains 738846535
  Bucket 61 contains 645982711
  Bucket 62 contains 1293044859
  Bucket 63 contains 738837916
  Bucket 64 contains 752738424
  Bucket 65 contains 1838803458
  Bucket 66 contains 923073914
  Bucket 67 contains 833222178
  Bucket 68 contains 738857222
  Bucket 69 contains 1477666868
  Bucket 70 contains 738872047
  Bucket 71 contains 1234732229
  Bucket 72 contains 1013726216
  Bucket 73 contains 1018306438
  Bucket 74 contains 869098333
  Bucket 75 contains 1293022450
  Bucket 76 contains 739000986
  Bucket 77 contains 830162627
  Bucket 78 contains 738796200
  Bucket 79 contains 1477706515
  Bucket 80 contains 738881355
  Bucket 81 contains 1477468287
  Bucket 82 contains 738917555
  Bucket 83 contains 738772412
  Bucket 84 contains 1069853269
  Bucket 85 contains 1483118855
  Bucket 86 contains 727074631
  Bucket 87 contains 734882168
  Bucket 88 contains 1506389648
  Bucket 89 contains 892667504
  Bucket 90 contains 817523468
  Bucket 91 contains 1141741874
  Bucket 92 contains 1207427662
  Bucket 93 contains 1035494852
  Bucket 94 contains 827132553
  Bucket 95 contains 1257146869
Hilbert SFC efficiency: 0.5271556952
Hilbert SFC ratio: 0.9513949545
 Final Hilbert SFC time: 0.027930299

SFC+Knapsack previous efficiency: 0.5680370618
SFC + Knapsack ratio: 1.060786864
 Final SFC+Knapsack_Combined time: 0.000599041

SFC+Painter previous efficiency: 0.6001061604
Binary search iterations: 29
SFC+painterPartition efficiency: 0.6827951271
SFC+Painter ratio: 1.137790565
 Final SFC+Painter time: 0.013935808

Hilbert+Painter previous efficiency: 0.6639247985
Binary search iterations: 30
Hilbert+painterPartition efficiency: 0.6827889141
Hilbert+Painter ratio: 1.02841303
 Final Hilbert+Painter time: 0.000986772
Painter+Knapsack previous efficiency: 0.5709239284
Binary search iterations: 29
SFC+painterPartition efficiency: 0.9103885465
Painter+Knapsack ratio: 1.118847615
 Final painter+Knapsack_Combined time: 0.018097211
Run 21
File weights 51 and ranks 51
Original previous efficiency: 0.6233997739
Original efficiency: 0.7310744265
Original ratio: 1.172721674
Knapsack previous efficiency: 0.6607382702
Knapsack ratio: 1.11165503
 Final Knapsack time: 0.01391121

Karmarkar-Karp previous efficiency: 0.5788486679
Karmarkar-Karp ratio: 1.268920639
 Final Karmarkar-Karp time: 0.022170761

SFC previous efficiency: 0.5687572085
 Time take to run this function: 7.519999996e-07
SFC ratio: 1.065737603
 Final SFC time: 0.000728772

Hilbert SFC previous efficiency: 0.5493115406
DM: HilbertProcessorMapDoIt called...
  (nprocs, nteams, nworkers) = (96, 96, 1)
  Bucket 0 contains 1032441899
  Bucket 1 contains 1034450053
  Bucket 2 contains 1041058459
  Bucket 3 contains 934495302
  Bucket 4 contains 761054186
  Bucket 5 contains 761061999
  Bucket 6 contains 1426447506
  Bucket 7 contains 665935946
  Bucket 8 contains 1427006113
  Bucket 9 contains 761061289
  Bucket 10 contains 1522096298
  Bucket 11 contains 761084017
  Bucket 12 contains 761037851
  Bucket 13 contains 1522148857
  Bucket 14 contains 761071232
  Bucket 15 contains 761031103
  Bucket 16 contains 1426479467
  Bucket 17 contains 665960804
  Bucket 18 contains 1427027775
  Bucket 19 contains 761065905
  Bucket 20 contains 1522122932
  Bucket 21 contains 760996657
  Bucket 22 contains 1331854490
  Bucket 23 contains 761014058
  Bucket 24 contains 761036075
  Bucket 25 contains 1522082094
  Bucket 26 contains 761086858
  Bucket 27 contains 761122015
  Bucket 28 contains 1522161641
  Bucket 29 contains 761088278
  Bucket 30 contains 761033944
  Bucket 31 contains 1426429040
  Bucket 32 contains 1331941495
  Bucket 33 contains 761089343
  Bucket 34 contains 761077269
  Bucket 35 contains 1522109083
  Bucket 36 contains 761057382
  Bucket 37 contains 761056672
  Bucket 38 contains 1571249829
  Bucket 39 contains 879832830
  Bucket 40 contains 982906214
  Bucket 41 contains 861753936
  Bucket 42 contains 831437901
  Bucket 43 contains 1752874667
  Bucket 44 contains 983392376
  Bucket 45 contains 934086204
  Bucket 46 contains 891336290
  Bucket 47 contains 878912000
  Bucket 48 contains 1414281805
  Bucket 49 contains 749316702
  Bucket 50 contains 917486747
  Bucket 51 contains 1127223262
  Bucket 52 contains 1289576590
  Bucket 53 contains 899528061
  Bucket 54 contains 1166583894
  Bucket 55 contains 635592151
  Bucket 56 contains 1594086229
  Bucket 57 contains 761069812
  Bucket 58 contains 761030748
  Bucket 59 contains 1522168388
  Bucket 60 contains 761044953
  Bucket 61 contains 1331361936
  Bucket 62 contains 665966486
  Bucket 63 contains 761044243
  Bucket 64 contains 1734577965
  Bucket 65 contains 1000000001
  Bucket 66 contains 979815944
  Bucket 67 contains 910226637
  Bucket 68 contains 787109826
  Bucket 69 contains 1522115120
  Bucket 70 contains 761054186
  Bucket 71 contains 1266691421
  Bucket 72 contains 1041214778
  Bucket 73 contains 1048919973
  Bucket 74 contains 895057611
  Bucket 75 contains 666073378
  Bucket 76 contains 1427036298
  Bucket 77 contains 855126120
  Bucket 78 contains 761006955
  Bucket 79 contains 1522103401
  Bucket 80 contains 761116333
  Bucket 81 contains 761000918
  Bucket 82 contains 1521996155
  Bucket 83 contains 760984938
  Bucket 84 contains 1101873664
  Bucket 85 contains 724169103
  Bucket 86 contains 1527169390
  Bucket 87 contains 785381464
  Bucket 88 contains 1551530566
  Bucket 89 contains 919489099
  Bucket 90 contains 842096346
  Bucket 91 contains 1177308038
  Bucket 92 contains 1189051381
  Bucket 93 contains 1051222406
  Bucket 94 contains 797087860
  Bucket 95 contains 1330204477
Hilbert SFC efficiency: 0.5922968833
Hilbert SFC ratio: 1.078253121
 Final Hilbert SFC time: 0.029445916

SFC+Knapsack previous efficiency: 0.5435073417
SFC + Knapsack ratio: 1.207239701
 Final SFC+Knapsack_Combined time: 0.00058857

SFC+Painter previous efficiency: 0.5897238807
Binary search iterations: 30
SFC+painterPartition efficiency: 0.6821111891
SFC+Painter ratio: 1.156661976
 Final SFC+Painter time: 0.014340963

Hilbert+Painter previous efficiency: 0.6607620143
Binary search iterations: 30
Hilbert+painterPartition efficiency: 0.6820984575
Hilbert+Painter ratio: 1.032290662
 Final Hilbert+Painter time: 0.001037911
Painter+Knapsack previous efficiency: 0.5717401103
Binary search iterations: 30
SFC+painterPartition efficiency: 0.9094649637
Painter+Knapsack ratio: 1.140668297
 Final painter+Knapsack_Combined time: 0.018003688
Run 22
File weights 51 and ranks 51
Original previous efficiency: 0.6173585676
Original efficiency: 0.7283830176
Original ratio: 1.17983787
Knapsack previous efficiency: 0.6501967681
Knapsack ratio: 1.125133286
 Final Knapsack time: 0.013285378

Karmarkar-Karp previous efficiency: 0.577546013
Karmarkar-Karp ratio: 1.266666222
 Final Karmarkar-Karp time: 0.024272483

SFC previous efficiency: 0.5592920745
 Time take to run this function: 9.72e-07
SFC ratio: 1.001183083
 Final SFC time: 0.000720145

Hilbert SFC previous efficiency: 0.5392091692
DM: HilbertProcessorMapDoIt called...
  (nprocs, nteams, nworkers) = (96, 96, 1)
  Bucket 0 contains 1017209436
  Bucket 1 contains 1019187962
  Bucket 2 contains 1025698867
  Bucket 3 contains 920717008
  Bucket 4 contains 749827465
  Bucket 5 contains 749819417
  Bucket 6 contains 1405409976
  Bucket 7 contains 656147221
  Bucket 8 contains 1405980984
  Bucket 9 contains 749840760
  Bucket 10 contains 1499661576
  Bucket 11 contains 749852656
  Bucket 12 contains 749836561
  Bucket 13 contains 1499672773
  Bucket 14 contains 749832363
  Bucket 15 contains 749850557
  Bucket 16 contains 1405398780
  Bucket 17 contains 656138474
  Bucket 18 contains 1405947045
  Bucket 19 contains 749838661
  Bucket 20 contains 1499648981
  Bucket 21 contains 749755039
  Bucket 22 contains 1312234263
  Bucket 23 contains 749746992
  Bucket 24 contains 749812769
  Bucket 25 contains 1499624839
  Bucket 26 contains 749846358
  Bucket 27 contains 749908637
  Bucket 28 contains 1499722806
  Bucket 29 contains 749911086
  Bucket 30 contains 749816968
  Bucket 31 contains 1405374988
  Bucket 32 contains 1312272751
  Bucket 33 contains 749831313
  Bucket 34 contains 749832713
  Bucket 35 contains 1499652830
  Bucket 36 contains 749837261
  Bucket 37 contains 749835162
  Bucket 38 contains 1571942783
  Bucket 39 contains 902054632
  Bucket 40 contains 924501685
  Bucket 41 contains 830634895
  Bucket 42 contains 811575403
  Bucket 43 contains 1708877933
  Bucket 44 contains 947576427
  Bucket 45 contains 933702541
  Bucket 46 contains 893749824
  Bucket 47 contains 880046682
  Bucket 48 contains 1385654977
  Bucket 49 contains 747645598
  Bucket 50 contains 898850409
  Bucket 51 contains 1069359804
  Bucket 52 contains 1248115577
  Bucket 53 contains 864285006
  Bucket 54 contains 1120437031
  Bucket 55 contains 614054914
  Bucket 56 contains 1610118039
  Bucket 57 contains 749814169
  Bucket 58 contains 749831663
  Bucket 59 contains 1499654579
  Bucket 60 contains 749819767
  Bucket 61 contains 1311718186
  Bucket 62 contains 656148621
  Bucket 63 contains 1499670674
  Bucket 64 contains 979110508
  Bucket 65 contains 1000000001
  Bucket 66 contains 980505955
  Bucket 67 contains 915010076
  Bucket 68 contains 808754302
  Bucket 69 contains 749827115
  Bucket 70 contains 1499680471
  Bucket 71 contains 1246256596
  Bucket 72 contains 1025381228
  Bucket 73 contains 1033445081
  Bucket 74 contains 881637247
  Bucket 75 contains 656281226
  Bucket 76 contains 1406040114
  Bucket 77 contains 842482087
  Bucket 78 contains 749783729
  Bucket 79 contains 1499617142
  Bucket 80 contains 749857205
  Bucket 81 contains 749773233
  Bucket 82 contains 1499520224
  Bucket 83 contains 749770434
  Bucket 84 contains 1085473698
  Bucket 85 contains 713499526
  Bucket 86 contains 1502881720
  Bucket 87 contains 773594639
  Bucket 88 contains 781418693
  Bucket 89 contains 1620781578
  Bucket 90 contains 861819385
  Bucket 91 contains 1159681061
  Bucket 92 contains 1126530231
  Bucket 93 contains 1035285984
  Bucket 94 contains 734816286
  Bucket 95 contains 1328751044
Hilbert SFC efficiency: 0.5980998435
Hilbert SFC ratio: 1.109216752
 Final Hilbert SFC time: 0.029096779

SFC+Knapsack previous efficiency: 0.5337202329
SFC + Knapsack ratio: 1.190982232
 Final SFC+Knapsack_Combined time: 0.000534315

SFC+Painter previous efficiency: 0.5842855745
Binary search iterations: 29
SFC+painterPartition efficiency: 0.6815568786
SFC+Painter ratio: 1.166479044
 Final SFC+Painter time: 0.015096276

Hilbert+Painter previous efficiency: 0.6502015438
Binary search iterations: 30
Hilbert+painterPartition efficiency: 0.681551154
Hilbert+Painter ratio: 1.048215219
 Final Hilbert+Painter time: 0.001055966
Painter+Knapsack previous efficiency: 0.5688970111
Binary search iterations: 30
SFC+painterPartition efficiency: 0.9087477346
Painter+Knapsack ratio: 1.151033974
 Final painter+Knapsack_Combined time: 0.018414635
Run 23
File weights 51 and ranks 51
Original previous efficiency: 0.6149238438
Original efficiency: 0.7289918869
Original ratio: 1.185499463
Knapsack previous efficiency: 0.6392575015
Knapsack ratio: 1.144233159
 Final Knapsack time: 0.014529088

Karmarkar-Karp previous efficiency: 0.575081537
Karmarkar-Karp ratio: 1.271923342
 Final Karmarkar-Karp time: 0.033906387

SFC previous efficiency: 0.5575135878
 Time take to run this function: 7.41e-07
SFC ratio: 0.9829313659
 Final SFC time: 0.000755494

Hilbert SFC previous efficiency: 0.5340262456
DM: HilbertProcessorMapDoIt called...
  (nprocs, nteams, nworkers) = (96, 96, 1)
  Bucket 0 contains 1011216289
  Bucket 1 contains 1013183158
  Bucket 2 contains 1019655702
  Bucket 3 contains 915311860
  Bucket 4 contains 745413155
  Bucket 5 contains 745415938
  Bucket 6 contains 1397126189
  Bucket 7 contains 652265721
  Bucket 8 contains 1397701484
  Bucket 9 contains 745404459
  Bucket 10 contains 1490823875
  Bucket 11 contains 745411068
  Bucket 12 contains 745434720
  Bucket 13 contains 1490824918
  Bucket 14 contains 745419416
  Bucket 15 contains 745418372
  Bucket 16 contains 1397100102
  Bucket 17 contains 652261200
  Bucket 18 contains 1397654181
  Bucket 19 contains 745443763
  Bucket 20 contains 1490810310
  Bucket 21 contains 745334200
  Bucket 22 contains 1304487618
  Bucket 23 contains 745338721
  Bucket 24 contains 745405851
  Bucket 25 contains 1490782137
  Bucket 26 contains 745425329
  Bucket 27 contains 745475415
  Bucket 28 contains 1490887179
  Bucket 29 contains 745492110
  Bucket 30 contains 745404807
  Bucket 31 contains 1397047233
  Bucket 32 contains 1304550573
  Bucket 33 contains 745412807
  Bucket 34 contains 745407590
  Bucket 35 contains 1490838831
  Bucket 36 contains 745407938
  Bucket 37 contains 745405851
  Bucket 38 contains 1588813443
  Bucket 39 contains 879034484
  Bucket 40 contains 874786199
  Bucket 41 contains 806643554
  Bucket 42 contains 791219087
  Bucket 43 contains 1673624999
  Bucket 44 contains 922716969
  Bucket 45 contains 924735374
  Bucket 46 contains 897049870
  Bucket 47 contains 882073048
  Bucket 48 contains 1382343510
  Bucket 49 contains 741539821
  Bucket 50 contains 912981809
  Bucket 51 contains 1081006977
  Bucket 52 contains 1255522831
  Bucket 53 contains 862429338
  Bucket 54 contains 1104306110
  Bucket 55 contains 605401659
  Bucket 56 contains 1628719228
  Bucket 57 contains 745404459
  Bucket 58 contains 745415938
  Bucket 59 contains 1490839875
  Bucket 60 contains 745427068
  Bucket 61 contains 1303989885
  Bucket 62 contains 652266069
  Bucket 63 contains 1495336505
  Bucket 64 contains 984126032
  Bucket 65 contains 1000000000
  Bucket 66 contains 981087932
  Bucket 67 contains 920822388
  Bucket 68 contains 825067630
  Bucket 69 contains 750086129
  Bucket 70 contains 1490828049
  Bucket 71 contains 621361482
  Bucket 72 contains 1233291452
  Bucket 73 contains 685453687
  Bucket 74 contains 1621849070
  Bucket 75 contains 652412154
  Bucket 76 contains 1397728615
  Bucket 77 contains 837519793
  Bucket 78 contains 745388112
  Bucket 79 contains 1490796397
  Bucket 80 contains 745394025
  Bucket 81 contains 745363417
  Bucket 82 contains 1490716399
  Bucket 83 contains 745360982
  Bucket 84 contains 1078929501
  Bucket 85 contains 709347598
  Bucket 86 contains 1491225086
  Bucket 87 contains 768860824
  Bucket 88 contains 776791821
  Bucket 89 contains 1611069923
  Bucket 90 contains 856734464
  Bucket 91 contains 1151444369
  Bucket 92 contains 881934613
  Bucket 93 contains 1029822862
  Bucket 94 contains 926627867
  Bucket 95 contains 1295851803
Hilbert SFC efficiency: 0.6068683416
Hilbert SFC ratio: 1.136401716
 Final Hilbert SFC time: 0.031103197

SFC+Knapsack previous efficiency: 0.5287683203
SFC + Knapsack ratio: 1.188387964
 Final SFC+Knapsack_Combined time: 0.000555446

SFC+Painter previous efficiency: 0.5820968154
Binary search iterations: 30
SFC+painterPartition efficiency: 0.6813001058
SFC+Painter ratio: 1.170424039
 Final SFC+Painter time: 0.016799606

Hilbert+Painter previous efficiency: 0.6392632389
Binary search iterations: 30
Hilbert+painterPartition efficiency: 0.6812900915
Hilbert+Painter ratio: 1.065742639
 Final Hilbert+Painter time: 0.001172151
Painter+Knapsack previous efficiency: 0.5699604818
Binary search iterations: 30
SFC+painterPartition efficiency: 0.908481464
Painter+Knapsack ratio: 1.0882353
 Final painter+Knapsack_Combined time: 0.018739234
Run 24
File weights 51 and ranks 51
Original previous efficiency: 0.5841657467
Original efficiency: 0.7304295507
Original ratio: 1.250380658
Knapsack previous efficiency: 0.6496508813
Knapsack ratio: 1.151810356
 Final Knapsack time: 0.015411006

Karmarkar-Karp previous efficiency: 0.5845719294
Karmarkar-Karp ratio: 1.280038564
 Final Karmarkar-Karp time: 0.021807127

SFC previous efficiency: 0.5542181235
 Time take to run this function: 6.309999998e-07
SFC ratio: 1.107940531
 Final SFC time: 0.000824067

Hilbert SFC previous efficiency: 0.4955612735
DM: HilbertProcessorMapDoIt called...
  (nprocs, nteams, nworkers) = (96, 96, 1)
  Bucket 0 contains 930873532
  Bucket 1 contains 932684129
  Bucket 2 contains 938642419
  Bucket 3 contains 842590790
  Bucket 4 contains 686207139
  Bucket 5 contains 686187608
  Bucket 6 contains 1286090261
  Bucket 7 contains 600458497
  Bucket 8 contains 1286640341
  Bucket 9 contains 686179923
  Bucket 10 contains 1372382260
  Bucket 11 contains 686200735
  Bucket 12 contains 686162313
  Bucket 13 contains 1372361127
  Bucket 14 contains 686198494
  Bucket 15 contains 686183766
  Bucket 16 contains 1286121960
  Bucket 17 contains 600425197
  Bucket 18 contains 1286635859
  Bucket 19 contains 686199775
  Bucket 20 contains 1372361447
  Bucket 21 contains 686120369
  Bucket 22 contains 1200857759
  Bucket 23 contains 686109162
  Bucket 24 contains 686167436
  Bucket 25 contains 1372320783
  Bucket 26 contains 686220587
  Bucket 27 contains 686249083
  Bucket 28 contains 1372450139
  Bucket 29 contains 686257088
  Bucket 30 contains 686168397
  Bucket 31 contains 1286030387
  Bucket 32 contains 1200901305
  Bucket 33 contains 686195612
  Bucket 34 contains 686174800
  Bucket 35 contains 1372366250
  Bucket 36 contains 686174800
  Bucket 37 contains 686192731
  Bucket 38 contains 1438649613
  Bucket 39 contains 790022972
  Bucket 40 contains 779436021
  Bucket 41 contains 661937039
  Bucket 42 contains 1309522700
  Bucket 43 contains 750311581
  Bucket 44 contains 846341451
  Bucket 45 contains 856681858
  Bucket 46 contains 829692739
  Bucket 47 contains 1422166437
  Bucket 48 contains 655647359
  Bucket 49 contains 679100610
  Bucket 50 contains 1414011245
  Bucket 51 contains 1185163252
  Bucket 52 contains 762275491
  Bucket 53 contains 859524950
  Bucket 54 contains 1090004129
  Bucket 55 contains 837234400
  Bucket 56 contains 686220267
  Bucket 57 contains 1372383861
  Bucket 58 contains 686180243
  Bucket 59 contains 686202977
  Bucket 60 contains 1286064647
  Bucket 61 contains 600458177
  Bucket 62 contains 1286634578
  Bucket 63 contains 712020110
  Bucket 64 contains 974457801
  Bucket 65 contains 1000000001
  Bucket 66 contains 992817588
  Bucket 67 contains 893163853
  Bucket 68 contains 771768847
  Bucket 69 contains 697028466
  Bucket 70 contains 1372365290
  Bucket 71 contains 1138581899
  Bucket 72 contains 938514088
  Bucket 73 contains 945733108
  Bucket 74 contains 806538809
  Bucket 75 contains 600586251
  Bucket 76 contains 1286706620
  Bucket 77 contains 770981990
  Bucket 78 contains 686175121
  Bucket 79 contains 1372337753
  Bucket 80 contains 686152707
  Bucket 81 contains 686132856
  Bucket 82 contains 1372231452
  Bucket 83 contains 686132856
  Bucket 84 contains 993042250
  Bucket 85 contains 653010249
  Bucket 86 contains 1374259670
  Bucket 87 contains 707600702
  Bucket 88 contains 715076710
  Bucket 89 contains 1482931442
  Bucket 90 contains 788656254
  Bucket 91 contains 1058852109
  Bucket 92 contains 970910298
  Bucket 93 contains 947358536
  Bucket 94 contains 692267459
  Bucket 95 contains 1226453003
Hilbert SFC efficiency: 0.6302512295
Hilbert SFC ratio: 1.271792739
 Final Hilbert SFC time: 0.034047471

SFC+Knapsack previous efficiency: 0.4936811796
SFC + Knapsack ratio: 1.379493615
 Final SFC+Knapsack_Combined time: 0.000504578

SFC+Painter previous efficiency: 0.5544502471
Binary search iterations: 30
SFC+painterPartition efficiency: 0.6810502152
SFC+Painter ratio: 1.228334226
 Final SFC+Painter time: 0.013856014

Hilbert+Painter previous efficiency: 0.6496504473
Binary search iterations: 30
Hilbert+painterPartition efficiency: 0.6810484674
Hilbert+Painter ratio: 1.048330637
 Final Hilbert+Painter time: 0.000967825
Painter+Knapsack previous efficiency: 0.5544469823
Binary search iterations: 30
SFC+painterPartition efficiency: 0.9081370866
Painter+Knapsack ratio: 1.193816681
 Final painter+Knapsack_Combined time: 0.018997624
Run 25
File weights 51 and ranks 51
Original previous efficiency: 0.5816844082
Original efficiency: 0.7265715315
Original ratio: 1.249082013
Knapsack previous efficiency: 0.6456483198
Knapsack ratio: 1.161975964
 Final Knapsack time: 0.014113793

Karmarkar-Karp previous efficiency: 0.5885910682
Karmarkar-Karp ratio: 1.2746164
 Final Karmarkar-Karp time: 0.020458835

SFC previous efficiency: 0.5434176597
 Time take to run this function: 6.819999996e-07
SFC ratio: 1.136777317
 Final SFC time: 0.000723662

Hilbert SFC previous efficiency: 0.4734964531
DM: HilbertProcessorMapDoIt called...
  (nprocs, nteams, nworkers) = (96, 96, 1)
  Bucket 0 contains 924928028
  Bucket 1 contains 926727061
  Bucket 2 contains 932647303
  Bucket 3 contains 837219978
  Bucket 4 contains 681819563
  Bucket 5 contains 681808110
  Bucket 6 contains 1277862643
  Bucket 7 contains 596611598
  Bucket 8 contains 1278431479
  Bucket 9 contains 681803974
  Bucket 10 contains 1363625764
  Bucket 11 contains 681804292
  Bucket 12 contains 681812564
  Bucket 13 contains 1363617493
  Bucket 14 contains 681814791
  Bucket 15 contains 681800475
  Bucket 16 contains 1277896048
  Bucket 17 contains 596604281
  Bucket 18 contains 1278399029
  Bucket 19 contains 681811610
  Bucket 20 contains 1363604449
  Bucket 21 contains 681732392
  Bucket 22 contains 1193185974
  Bucket 23 contains 681709168
  Bucket 24 contains 681772796
  Bucket 25 contains 1363522368
  Bucket 26 contains 681827835
  Bucket 27 contains 681834516
  Bucket 28 contains 1363680802
  Bucket 29 contains 681874920
  Bucket 30 contains 681805883
  Bucket 31 contains 1277809832
  Bucket 32 contains 1193210470
  Bucket 33 contains 681801429
  Bucket 34 contains 681811928
  Bucket 35 contains 1363640399
  Bucket 36 contains 681804929
  Bucket 37 contains 681793475
  Bucket 38 contains 1437962642
  Bucket 39 contains 789117065
  Bucket 40 contains 734657055
  Bucket 41 contains 1284437609
  Bucket 42 contains 650326469
  Bucket 43 contains 674857048
  Bucket 44 contains 821188222
  Bucket 45 contains 865250431
  Bucket 46 contains 843212486
  Bucket 47 contains 1413035658
  Bucket 48 contains 629508331
  Bucket 49 contains 1516306078
  Bucket 50 contains 948051871
  Bucket 51 contains 749434862
  Bucket 52 contains 741827156
  Bucket 53 contains 816211701
  Bucket 54 contains 1066736276
  Bucket 55 contains 888901668
  Bucket 56 contains 681795702
  Bucket 57 contains 1363624810
  Bucket 58 contains 681795384
  Bucket 59 contains 1363621311
  Bucket 60 contains 596067577
  Bucket 61 contains 1193215879
  Bucket 62 contains 681823063
  Bucket 63 contains 719218839
  Bucket 64 contains 986395656
  Bucket 65 contains 1000000001
  Bucket 66 contains 995455356
  Bucket 67 contains 965296227
  Bucket 68 contains 796620739
  Bucket 69 contains 699484023
  Bucket 70 contains 1363604448
  Bucket 71 contains 1128474824
  Bucket 72 contains 934655792
  Bucket 73 contains 939698434
  Bucket 74 contains 801212786
  Bucket 75 contains 596774804
  Bucket 76 contains 1278501152
  Bucket 77 contains 766089225
  Bucket 78 contains 681816700
  Bucket 79 contains 1363592995
  Bucket 80 contains 681780432
  Bucket 81 contains 681745436
  Bucket 82 contains 1363457786
  Bucket 83 contains 681747981
  Bucket 84 contains 986535529
  Bucket 85 contains 648812112
  Bucket 86 contains 1371233310
  Bucket 87 contains 702927913
  Bucket 88 contains 710496154
  Bucket 89 contains 1473322207
  Bucket 90 contains 783590156
  Bucket 91 contains 1052554344
  Bucket 92 contains 944251677
  Bucket 93 contains 941290579
  Bucket 94 contains 678472561
  Bucket 95 contains 1247710143
Hilbert SFC efficiency: 0.6122833203
Hilbert SFC ratio: 1.29311068
 Final Hilbert SFC time: 0.027870103

SFC+Knapsack previous efficiency: 0.4724015173
SFC + Knapsack ratio: 1.441243231
 Final SFC+Knapsack_Combined time: 0.000558893

SFC+Painter previous efficiency: 0.5522088562
Binary search iterations: 30
SFC+painterPartition efficiency: 0.6808807549
SFC+Painter ratio: 1.233013102
 Final SFC+Painter time: 0.014324621

Hilbert+Painter previous efficiency: 0.6456418915
Binary search iterations: 30
Hilbert+painterPartition efficiency: 0.6808842503
Hilbert+Painter ratio: 1.054584994
 Final Hilbert+Painter time: 0.001145639
Painter+Knapsack previous efficiency: 0.5522068707
Binary search iterations: 30
SFC+painterPartition efficiency: 0.9079075926
Painter+Knapsack ratio: 1.232964317
 Final painter+Knapsack_Combined time: 0.018534367
Run 26
File weights 51 and ranks 51
Original previous efficiency: 0.5795585389
Original efficiency: 0.7277585349
Original ratio: 1.255711867
Knapsack previous efficiency: 0.6392678308
Knapsack ratio: 1.188267427
 Final Knapsack time: 0.021230751

Karmarkar-Karp previous efficiency: 0.6168131036
Karmarkar-Karp ratio: 1.231525621
 Final Karmarkar-Karp time: 0.025496905

SFC previous efficiency: 0.5465498491
 Time take to run this function: 7.010000003e-07
SFC ratio: 1.108664757
 Final SFC time: 0.001060864

Hilbert SFC previous efficiency: 0.4684239503
DM: HilbertProcessorMapDoIt called...
  (nprocs, nteams, nworkers) = (96, 96, 1)
  Bucket 0 contains 919899904
  Bucket 1 contains 921689158
  Bucket 2 contains 927577212
  Bucket 3 contains 832636675
  Bucket 4 contains 678094342
  Bucket 5 contains 678122503
  Bucket 6 contains 1270909514
  Bucket 7 contains 593357501
  Bucket 8 contains 1271456273
  Bucket 9 contains 678108265
  Bucket 10 contains 1356200392
  Bucket 11 contains 678107632
  Bucket 12 contains 678104151
  Bucket 13 contains 1356199443
  Bucket 14 contains 678100354
  Bucket 15 contains 678089596
  Bucket 16 contains 1270927866
  Bucket 17 contains 593362563
  Bucket 18 contains 1271484118
  Bucket 19 contains 678079471
  Bucket 20 contains 1356206404
  Bucket 21 contains 678027580
  Bucket 22 contains 1186688739
  Bucket 23 contains 677997837
  Bucket 24 contains 678060803
  Bucket 25 contains 1356148184
  Bucket 26 contains 678119972
  Bucket 27 contains 678133894
  Bucket 28 contains 1356251967
  Bucket 29 contains 678173129
  Bucket 30 contains 678098456
  Bucket 31 contains 1270837056
  Bucket 32 contains 593371107
  Bucket 33 contains 1271468296
  Bucket 34 contains 678107315
  Bucket 35 contains 1356192166
  Bucket 36 contains 678102569
  Bucket 37 contains 678097190
  Bucket 38 contains 1444024568
  Bucket 39 contains 772220432
  Bucket 40 contains 696158591
  Bucket 41 contains 1260540972
  Bucket 42 contains 634696925
  Bucket 43 contains 650238108
  Bucket 44 contains 730680033
  Bucket 45 contains 1689013703
  Bucket 46 contains 824148936
  Bucket 47 contains 577678046
  Bucket 48 contains 1294719163
  Bucket 49 contains 838137172
  Bucket 50 contains 932408336
  Bucket 51 contains 750233472
  Bucket 52 contains 1129109177
  Bucket 53 contains 953183598
  Bucket 54 contains 537167196
  Bucket 55 contains 916142413
  Bucket 56 contains 1356203872
  Bucket 57 contains 678097507
  Bucket 58 contains 678110479
  Bucket 59 contains 1356223490
  Bucket 60 contains 592801882
  Bucket 61 contains 1186722279
  Bucket 62 contains 678099721
  Bucket 63 contains 727885065
  Bucket 64 contains 984147152
  Bucket 65 contains 1000000001
  Bucket 66 contains 996025556
  Bucket 67 contains 974689613
  Bucket 68 contains 873087036
  Bucket 69 contains 702529536
  Bucket 70 contains 1356187736
  Bucket 71 contains 1119536096
  Bucket 72 contains 927470947
  Bucket 73 contains 934558036
  Bucket 74 contains 796653095
  Bucket 75 contains 593550828
  Bucket 76 contains 1271494243
  Bucket 77 contains 761923928
  Bucket 78 contains 678106682
  Bucket 79 contains 1356171915
  Bucket 80 contains 678073143
  Bucket 81 contains 678026314
  Bucket 82 contains 1356053577
  Bucket 83 contains 678032009
  Bucket 84 contains 981105701
  Bucket 85 contains 645341954
  Bucket 86 contains 1369813522
  Bucket 87 contains 698962644
  Bucket 88 contains 706615990
  Bucket 89 contains 1465131532
  Bucket 90 contains 779324344
  Bucket 91 contains 1049402591
  Bucket 92 contains 918600454
  Bucket 93 contains 936154489
  Bucket 94 contains 653887439
  Bucket 95 contains 1276604869
Hilbert SFC efficiency: 0.5465498491
Hilbert SFC ratio: 1.166784595
 Final Hilbert SFC time: 0.043452591

SFC+Knapsack previous efficiency: 0.6806607001
SFC + Knapsack ratio: 1.000022398
 Final SFC+Knapsack_Combined time: 0.000715977

SFC+Painter previous efficiency: 0.550285855
Binary search iterations: 30
SFC+painterPartition efficiency: 0.6807132673
SFC+Painter ratio: 1.237017563
 Final SFC+Painter time: 0.01828314

Hilbert+Painter previous efficiency: 0.6351916885
Binary search iterations: 30
Hilbert+painterPartition efficiency: 0.6807048496
Hilbert+Painter ratio: 1.07165264
 Final Hilbert+Painter time: 0.001844133
Painter+Knapsack previous efficiency: 0.5502812883
Binary search iterations: 30
SFC+painterPartition efficiency: 0.9076804477
Painter+Knapsack ratio: 1.236965778
 Final painter+Knapsack_Combined time: 0.028582142
Run 27
File weights 51 and ranks 51
Original previous efficiency: 0.6108165843
Original efficiency: 0.7118274938
Original ratio: 1.16537028
Knapsack previous efficiency: 0.6349651988
Knapsack ratio: 1.208763974
 Final Knapsack time: 0.019835227

Karmarkar-Karp previous efficiency: 0.6316053962
Karmarkar-Karp ratio: 1.215193952
 Final Karmarkar-Karp time: 0.024707135

SFC previous efficiency: 0.5350988772
 Time take to run this function: 6.109999999e-07
SFC ratio: 1.080890166
 Final SFC time: 0.001135811

Hilbert SFC previous efficiency: 0.4771578025
DM: HilbertProcessorMapDoIt called...
  (nprocs, nteams, nworkers) = (96, 96, 1)
  Bucket 0 contains 938764030
  Bucket 1 contains 940589975
  Bucket 2 contains 931762966
  Bucket 3 contains 864557147
  Bucket 4 contains 692026968
  Bucket 5 contains 692013729
  Bucket 6 contains 1296958159
  Bucket 7 contains 605535014
  Bucket 8 contains 1297539056
  Bucket 9 contains 692014052
  Bucket 10 contains 1384020678
  Bucket 11 contains 692019864
  Bucket 12 contains 691997907
  Bucket 13 contains 1383988065
  Bucket 14 contains 692007271
  Bucket 15 contains 691998553
  Bucket 16 contains 1296957513
  Bucket 17 contains 605532431
  Bucket 18 contains 1297538410
  Bucket 19 contains 691994032
  Bucket 20 contains 692000813
  Bucket 21 contains 1404637846
  Bucket 22 contains 605561815
  Bucket 23 contains 1297381804
  Bucket 24 contains 691955930
  Bucket 25 contains 1383967076
  Bucket 26 contains 692052477
  Bucket 27 contains 692034718
  Bucket 28 contains 1384093007
  Bucket 29 contains 692084121
  Bucket 30 contains 779943935
  Bucket 31 contains 1296868715
  Bucket 32 contains 605521775
  Bucket 33 contains 1297537119
  Bucket 34 contains 692013406
  Bucket 35 contains 692005657
  Bucket 36 contains 1383982253
  Bucket 37 contains 692004042
  Bucket 38 contains 692023416
  Bucket 39 contains 1596516739
  Bucket 40 contains 688300702
  Bucket 41 contains 645871311
  Bucket 42 contains 1285412812
  Bucket 43 contains 657497651
  Bucket 44 contains 699900886
  Bucket 45 contains 1669699721
  Bucket 46 contains 860496843
  Bucket 47 contains 574746816
  Bucket 48 contains 1344880080
  Bucket 49 contains 813168414
  Bucket 50 contains 915040959
  Bucket 51 contains 1124805070
  Bucket 52 contains 763825248
  Bucket 53 contains 971122564
  Bucket 54 contains 531451353
  Bucket 55 contains 954114611
  Bucket 56 contains 1435456073
  Bucket 57 contains 691989189
  Bucket 58 contains 692012438
  Bucket 59 contains 1384003564
  Bucket 60 contains 604924087
  Bucket 61 contains 1211062924
  Bucket 62 contains 692003719
  Bucket 63 contains 755801882
  Bucket 64 contains 987338766
  Bucket 65 contains 936611490
  Bucket 66 contains 973383672
  Bucket 67 contains 1000000000
  Bucket 68 contains 942463731
  Bucket 69 contains 772299599
  Bucket 70 contains 1384017125
  Bucket 71 contains 1141786977
  Bucket 72 contains 945499684
  Bucket 73 contains 953734067
  Bucket 74 contains 812784163
  Bucket 75 contains 605728108
  Bucket 76 contains 1297527432
  Bucket 77 contains 777569166
  Bucket 78 contains 692000167
  Bucket 79 contains 1383949317
  Bucket 80 contains 691952378
  Bucket 81 contains 691886507
  Bucket 82 contains 1383852770
  Bucket 83 contains 691953670
  Bucket 84 contains 1001137468
  Bucket 85 contains 658599058
  Bucket 86 contains 1399928187
  Bucket 87 contains 713083618
  Bucket 88 contains 721088618
  Bucket 89 contains 1495032908
  Bucket 90 contains 795294762
  Bucket 91 contains 1075164674
  Bucket 92 contains 908395674
  Bucket 93 contains 955291904
  Bucket 94 contains 631492087
  Bucket 95 contains 1362640821
Hilbert SFC efficiency: 0.563942968
Hilbert SFC ratio: 1.181879381
 Final Hilbert SFC time: 0.041559834

SFC+Knapsack previous efficiency: 0.6181014272
SFC + Knapsack ratio: 1.100720902
 Final SFC+Knapsack_Combined time: 0.000684396

SFC+Painter previous efficiency: 0.5783831142
Binary search iterations: 30
SFC+painterPartition efficiency: 0.6803939887
SFC+Painter ratio: 1.176372498
 Final SFC+Painter time: 0.044955763

Hilbert+Painter previous efficiency: 0.6338428849
Binary search iterations: 30
Hilbert+painterPartition efficiency: 0.6803828759
Hilbert+Painter ratio: 1.073425122
 Final Hilbert+Painter time: 0.001529643
Painter+Knapsack previous efficiency: 0.5680945706
Binary search iterations: 30
SFC+painterPartition efficiency: 0.9079736403
Painter+Knapsack ratio: 1.175641773
 Final painter+Knapsack_Combined time: 0.030435333
Run 28
File weights 51 and ranks 51
Original previous efficiency: 0.6287542611
Original efficiency: 0.7705383911
Original ratio: 1.22550007
Knapsack previous efficiency: 0.6284996786
Knapsack ratio: 1.225996476
 Final Knapsack time: 0.01427758

Karmarkar-Karp previous efficiency: 0.6261459874
Karmarkar-Karp ratio: 1.230605013
 Final Karmarkar-Karp time: 0.022596837

SFC previous efficiency: 0.5334190718
 Time take to run this function: 7.610000008e-07
SFC ratio: 1.114363504
 Final SFC time: 0.000730405

Hilbert SFC previous efficiency: 0.4983892885
DM: HilbertProcessorMapDoIt called...
  (nprocs, nteams, nworkers) = (96, 96, 1)
  Bucket 0 contains 960882486
  Bucket 1 contains 962751452
  Bucket 2 contains 953716477
  Bucket 3 contains 884916621
  Bucket 4 contains 708312160
  Bucket 5 contains 708318110
  Bucket 6 contains 1327455966
  Bucket 7 contains 619787966
  Bucket 8 contains 1328098474
  Bucket 9 contains 708304559
  Bucket 10 contains 1416613414
  Bucket 11 contains 708315465
  Bucket 12 contains 708302245
  Bucket 13 contains 1416587635
  Bucket 14 contains 708312491
  Bucket 15 contains 708297288
  Bucket 16 contains 1327481416
  Bucket 17 contains 619789618
  Bucket 18 contains 1328150694
  Bucket 19 contains 708295965
  Bucket 20 contains 708487660
  Bucket 21 contains 1504201005
  Bucket 22 contains 619831593
  Bucket 23 contains 1327958339
  Bucket 24 contains 708278449
  Bucket 25 contains 708308525
  Bucket 26 contains 1416606143
  Bucket 27 contains 708364381
  Bucket 28 contains 1416685134
  Bucket 29 contains 708394126
  Bucket 30 contains 849449316
  Bucket 31 contains 1327361111
  Bucket 32 contains 619803500
  Bucket 33 contains 619808127
  Bucket 34 contains 1416600194
  Bucket 35 contains 708315135
  Bucket 36 contains 1416622999
  Bucket 37 contains 708317118
  Bucket 38 contains 708333643
  Bucket 39 contains 824640121
  Bucket 40 contains 1504327920
  Bucket 41 contains 658632844
  Bucket 42 contains 1308003863
  Bucket 43 contains 673224772
  Bucket 44 contains 714079525
  Bucket 45 contains 779150929
  Bucket 46 contains 1805973305
  Bucket 47 contains 575739184
  Bucket 48 contains 644897649
  Bucket 49 contains 1557062452
  Bucket 50 contains 917002009
  Bucket 51 contains 762313364
  Bucket 52 contains 1152073996
  Bucket 53 contains 980164398
  Bucket 54 contains 517740595
  Bucket 55 contains 989109432
  Bucket 56 contains 828113373
  Bucket 57 contains 1442397333
  Bucket 58 contains 708317118
  Bucket 59 contains 1416589948
  Bucket 60 contains 619136535
  Bucket 61 contains 1239598076
  Bucket 62 contains 708487660
  Bucket 63 contains 791007463
  Bucket 64 contains 946311622
  Bucket 65 contains 913162332
  Bucket 66 contains 933153769
  Bucket 67 contains 1000000001
  Bucket 68 contains 973575226
  Bucket 69 contains 836411107
  Bucket 70 contains 1417606260
  Bucket 71 contains 1169675806
  Bucket 72 contains 969319653
  Bucket 73 contains 976235973
  Bucket 74 contains 831795233
  Bucket 75 contains 619988584
  Bucket 76 contains 1328059474
  Bucket 77 contains 795863230
  Bucket 78 contains 708280432
  Bucket 79 contains 1416576398
  Bucket 80 contains 708270516
  Bucket 81 contains 708208050
  Bucket 82 contains 1416458736
  Bucket 83 contains 708254652
  Bucket 84 contains 1024583732
  Bucket 85 contains 674108874
  Bucket 86 contains 1430562998
  Bucket 87 contains 729693398
  Bucket 88 contains 738020861
  Bucket 89 contains 1530095147
  Bucket 90 contains 813979690
  Bucket 91 contains 1105102860
  Bucket 92 contains 900397617
  Bucket 93 contains 978660089
  Bucket 94 contains 629028086
  Bucket 95 contains 1428819407
Hilbert SFC efficiency: 0.5334869178
Hilbert SFC ratio: 1.070422118
 Final Hilbert SFC time: 0.030233662

SFC+Knapsack previous efficiency: 0.5743231763
SFC + Knapsack ratio: 1.092207036
 Final SFC+Knapsack_Combined time: 0.000563081

SFC+Painter previous efficiency: 0.5944227458
Binary search iterations: 30
SFC+painterPartition efficiency: 0.6801624139
SFC+Painter ratio: 1.144240221
 Final SFC+Painter time: 0.014618069

Hilbert+Painter previous efficiency: 0.6284929036
Binary search iterations: 30
Hilbert+painterPartition efficiency: 0.6801349602
Hilbert+Painter ratio: 1.082168082
 Final Hilbert+Painter time: 0.001320568
Painter+Knapsack previous efficiency: 0.5747407816
Binary search iterations: 30
SFC+painterPartition efficiency: 0.9076915364
Painter+Knapsack ratio: 1.142908455
 Final painter+Knapsack_Combined time: 0.021354821
Run 29
File weights 51 and ranks 51
Original previous efficiency: 0.6269326298
Original efficiency: 0.7641680117
Original ratio: 1.218899728
Knapsack previous efficiency: 0.6266449284
Knapsack ratio: 1.238765182
 Final Knapsack time: 0.01543906

Karmarkar-Karp previous efficiency: 0.6279491105
Karmarkar-Karp ratio: 1.236192401
 Final Karmarkar-Karp time: 0.022627326

SFC previous efficiency: 0.5425869971
 Time take to run this function: 6.410000006e-07
SFC ratio: 1.081974595
 Final SFC time: 0.000738751

Hilbert SFC previous efficiency: 0.5197083946
DM: HilbertProcessorMapDoIt called...
  (nprocs, nteams, nworkers) = (96, 96, 1)
  Bucket 0 contains 978948922
  Bucket 1 contains 980853029
  Bucket 2 contains 971648172
  Bucket 3 contains 901556416
  Bucket 4 contains 721641218
  Bucket 5 contains 721627749
  Bucket 6 contains 1352357744
  Bucket 7 contains 631437785
  Bucket 8 contains 1353092135
  Bucket 9 contains 721639534
  Bucket 10 contains 1443251457
  Bucket 11 contains 721623371
  Bucket 12 contains 721630106
  Bucket 13 contains 1443298261
  Bucket 14 contains 721620004
  Bucket 15 contains 721604178
  Bucket 16 contains 1352352693
  Bucket 17 contains 631449234
  Bucket 18 contains 1353079339
  Bucket 19 contains 721624045
  Bucket 20 contains 737004166
  Bucket 21 contains 1577482380
  Bucket 22 contains 631478192
  Bucket 23 contains 1352932529
  Bucket 24 contains 721606535
  Bucket 25 contains 721646942
  Bucket 26 contains 1443237988
  Bucket 27 contains 721658727
  Bucket 28 contains 721550303
  Bucket 29 contains 1443453827
  Bucket 30 contains 904134191
  Bucket 31 contains 721485315
  Bucket 32 contains 1262203810
  Bucket 33 contains 631455968
  Bucket 34 contains 1443252131
  Bucket 35 contains 721621351
  Bucket 36 contains 721617984
  Bucket 37 contains 1443256171
  Bucket 38 contains 721631116
  Bucket 39 contains 844199724
  Bucket 40 contains 1477866495
  Bucket 41 contains 661280740
  Bucket 42 contains 1316985024
  Bucket 43 contains 680382988
  Bucket 44 contains 718379727
  Bucket 45 contains 768336500
  Bucket 46 contains 912079487
  Bucket 47 contains 1530778736
  Bucket 48 contains 655701311
  Bucket 49 contains 1588800285
  Bucket 50 contains 946904472
  Bucket 51 contains 785374809
  Bucket 52 contains 1182212821
  Bucket 53 contains 997776456
  Bucket 54 contains 498302499
  Bucket 55 contains 1000000001
  Bucket 56 contains 888021025
  Bucket 57 contains 1521077713
  Bucket 58 contains 721631789
  Bucket 59 contains 721613943
  Bucket 60 contains 1352355724
  Bucket 61 contains 631469437
  Bucket 62 contains 1353749753
  Bucket 63 contains 832675576
  Bucket 64 contains 923402780
  Bucket 65 contains 893308237
  Bucket 66 contains 907938141
  Bucket 67 contains 968600322
  Bucket 68 contains 998486434
  Bucket 69 contains 879555157
  Bucket 70 contains 1451884003
  Bucket 71 contains 1192325206
  Bucket 72 contains 988181112
  Bucket 73 contains 994599146
  Bucket 74 contains 847198178
  Bucket 75 contains 631648236
  Bucket 76 contains 1352967548
  Bucket 77 contains 810881176
  Bucket 78 contains 721547272
  Bucket 79 contains 1443262232
  Bucket 80 contains 721579598
  Bucket 81 contains 721521008
  Bucket 82 contains 1443117105
  Bucket 83 contains 721570843
  Bucket 84 contains 1043748853
  Bucket 85 contains 686772624
  Bucket 86 contains 1456718492
  Bucket 87 contains 743223440
  Bucket 88 contains 751828696
  Bucket 89 contains 1558663819
  Bucket 90 contains 829209300
  Bucket 91 contains 1129112746
  Bucket 92 contains 883300347
  Bucket 93 contains 997147626
  Bucket 94 contains 643134277
  Bucket 95 contains 1463720127
Hilbert SFC efficiency: 0.6175857253
Hilbert SFC ratio: 1.188331248
 Final Hilbert SFC time: 0.029371983

SFC+Knapsack previous efficiency: 0.5475085906
SFC + Knapsack ratio: 1.153717727
 Final SFC+Knapsack_Combined time: 0.000578792

SFC+Painter previous efficiency: 0.6078662924
Binary search iterations: 30
SFC+painterPartition efficiency: 0.6799331257
SFC+Painter ratio: 1.118557048
 Final SFC+Painter time: 0.014945334

Hilbert+Painter previous efficiency: 0.622016695
Binary search iterations: 30
Hilbert+painterPartition efficiency: 0.6798826789
Hilbert+Painter ratio: 1.093029632
 Final Hilbert+Painter time: 0.001078369
Painter+Knapsack previous efficiency: 0.5827557272
Binary search iterations: 30
SFC+painterPartition efficiency: 0.9074115632
Painter+Knapsack ratio: 1.136480395
 Final painter+Knapsack_Combined time: 0.020096312
Run 30
File weights 51 and ranks 51
Original previous efficiency: 0.6293180089
Original efficiency: 0.7464667591
Original ratio: 1.186151911
Knapsack previous efficiency: 0.6285876033
Knapsack ratio: 1.235684656
 Final Knapsack time: 0.015968135

Karmarkar-Karp previous efficiency: 0.6309618026
Karmarkar-Karp ratio: 1.23103499
 Final Karmarkar-Karp time: 0.022798237

SFC previous efficiency: 0.5286609599
 Time take to run this function: 7.52e-07
SFC ratio: 1.144485814
 Final SFC time: 0.000701509

Hilbert SFC previous efficiency: 0.5176453522
DM: HilbertProcessorMapDoIt called...
  (nprocs, nteams, nworkers) = (96, 96, 1)
  Bucket 0 contains 986787223
  Bucket 1 contains 988706576
  Bucket 2 contains 979428022
  Bucket 3 contains 908783887
  Bucket 4 contains 727422704
  Bucket 5 contains 727400302
  Bucket 6 contains 1363096978
  Bucket 7 contains 636507546
  Bucket 8 contains 1363914976
  Bucket 9 contains 727394532
  Bucket 10 contains 1454856269
  Bucket 11 contains 727391138
  Bucket 12 contains 727397927
  Bucket 13 contains 1454790422
  Bucket 14 contains 727395551
  Bucket 15 contains 727412522
  Bucket 16 contains 1363127865
  Bucket 17 contains 636515352
  Bucket 18 contains 1363912600
  Bucket 19 contains 727410824
  Bucket 20 contains 764750227
  Bucket 21 contains 1619382480
  Bucket 22 contains 636529608
  Bucket 23 contains 1363792446
  Bucket 24 contains 727356178
  Bucket 25 contains 727411843
  Bucket 26 contains 1454756480
  Bucket 27 contains 727460380
  Bucket 28 contains 727298138
  Bucket 29 contains 1455065691
  Bucket 30 contains 933942080
  Bucket 31 contains 727259783
  Bucket 32 contains 1272225605
  Bucket 33 contains 636512976
  Bucket 34 contains 1454786349
  Bucket 35 contains 727411843
  Bucket 36 contains 727406751
  Bucket 37 contains 1454851517
  Bucket 38 contains 727398605
  Bucket 39 contains 844623206
  Bucket 40 contains 1483728544
  Bucket 41 contains 666742187
  Bucket 42 contains 1326143437
  Bucket 43 contains 685234033
  Bucket 44 contains 722507928
  Bucket 45 contains 786049740
  Bucket 46 contains 912150750
  Bucket 47 contains 992335597
  Bucket 48 contains 1214837105
  Bucket 49 contains 1590976566
  Bucket 50 contains 925779240
  Bucket 51 contains 781820080
  Bucket 52 contains 1176727957
  Bucket 53 contains 972065708
  Bucket 54 contains 470561491
  Bucket 55 contains 993168529
  Bucket 56 contains 917019365
  Bucket 57 contains 1584216373
  Bucket 58 contains 727418292
  Bucket 59 contains 727408109
  Bucket 60 contains 1363113270
  Bucket 61 contains 636506188
  Bucket 62 contains 1365383300
  Bucket 63 contains 862791755
  Bucket 64 contains 903735892
  Bucket 65 contains 880639498
  Bucket 66 contains 895347849
  Bucket 67 contains 939796027
  Bucket 68 contains 1000000001
  Bucket 69 contains 1651475833
  Bucket 70 contains 727418970
  Bucket 71 contains 1200734617
  Bucket 72 contains 989808113
  Bucket 73 contains 1016213044
  Bucket 74 contains 853797964
  Bucket 75 contains 636705766
  Bucket 76 contains 1363769026
  Bucket 77 contains 817388736
  Bucket 78 contains 727305944
  Bucket 79 contains 1454835904
  Bucket 80 contains 727356178
  Bucket 81 contains 727310357
  Bucket 82 contains 1454627163
  Bucket 83 contains 727359233
  Bucket 84 contains 1051981793
  Bucket 85 contains 692329566
  Bucket 86 contains 1474341083
  Bucket 87 contains 748974760
  Bucket 88 contains 757758549
  Bucket 89 contains 1570903879
  Bucket 90 contains 835764499
  Bucket 91 contains 1138786765
  Bucket 92 contains 1067509611
  Bucket 93 contains 804141241
  Bucket 94 contains 654969974
  Bucket 95 contains 1517140200
Hilbert SFC efficiency: 0.5987371207
Hilbert SFC ratio: 1.156655069
 Final Hilbert SFC time: 0.032497168

SFC+Knapsack previous efficiency: 0.5342087961
SFC + Knapsack ratio: 1.156110729
 Final SFC+Knapsack_Combined time: 0.000570264

SFC+Painter previous efficiency: 0.5996004869
Binary search iterations: 30
SFC+painterPartition efficiency: 0.6797463513
SFC+Painter ratio: 1.133665443
 Final SFC+Painter time: 0.029321144

Hilbert+Painter previous efficiency: 0.6106030524
Binary search iterations: 29
Hilbert+painterPartition efficiency: 0.6797003578
Hilbert+Painter ratio: 1.113162398
 Final Hilbert+Painter time: 0.001138766
Painter+Knapsack previous efficiency: 0.5749656981
Binary search iterations: 30
SFC+painterPartition efficiency: 0.9072063752
Painter+Knapsack ratio: 1.124868737
 Final painter+Knapsack_Combined time: 0.029180782
Run 31
File weights 51 and ranks 51
Original previous efficiency: 0.6256822915
Original efficiency: 0.7331045921
Original ratio: 1.171688255
Knapsack previous efficiency: 0.6253255276
Knapsack ratio: 1.24196697
 Final Knapsack time: 0.01565556

Karmarkar-Karp previous efficiency: 0.6310294286
Karmarkar-Karp ratio: 1.230740779
 Final Karmarkar-Karp time: 0.02133337

SFC previous efficiency: 0.514729483
 Time take to run this function: 9.819999995e-07
SFC ratio: 1.175285937
 Final SFC time: 0.000725806

Hilbert SFC previous efficiency: 0.5209905589
DM: HilbertProcessorMapDoIt called...
  (nprocs, nteams, nworkers) = (96, 96, 1)
  Bucket 0 contains 969352657
  Bucket 1 contains 971238099
  Bucket 2 contains 962123478
  Bucket 3 contains 892731826
  Bucket 4 contains 714544592
  Bucket 5 contains 714567598
  Bucket 6 contains 1338937760
  Bucket 7 contains 625268732
  Bucket 8 contains 1339831996
  Bucket 9 contains 714553928
  Bucket 10 contains 1429111191
  Bucket 11 contains 714545259
  Bucket 12 contains 714538591
  Bucket 13 contains 1429130862
  Bucket 14 contains 714533590
  Bucket 15 contains 714539591
  Bucket 16 contains 1338978104
  Bucket 17 contains 625269399
  Bucket 18 contains 1339797987
  Bucket 19 contains 714581936
  Bucket 20 contains 776630660
  Bucket 21 contains 1610852200
  Bucket 22 contains 625263731
  Bucket 23 contains 625196379
  Bucket 24 contains 1428983490
  Bucket 25 contains 714556262
  Bucket 26 contains 1429091853
  Bucket 27 contains 714590271
  Bucket 28 contains 714480909
  Bucket 29 contains 1429356922
  Bucket 30 contains 932707557
  Bucket 31 contains 714386551
  Bucket 32 contains 1249660565
  Bucket 33 contains 625248060
  Bucket 34 contains 714557596
  Bucket 35 contains 1429125528
  Bucket 36 contains 714563597
  Bucket 37 contains 1429100854
  Bucket 38 contains 714548593
  Bucket 39 contains 838499394
  Bucket 40 contains 797888943
  Bucket 41 contains 1326168996
  Bucket 42 contains 648149053
  Bucket 43 contains 1316023983
  Bucket 44 contains 700544561
  Bucket 45 contains 761950115
  Bucket 46 contains 885935202
  Bucket 47 contains 1000000000
  Bucket 48 contains 1153471155
  Bucket 49 contains 1551793600
  Bucket 50 contains 881582218
  Bucket 51 contains 765158130
  Bucket 52 contains 1155212668
  Bucket 53 contains 942468302
  Bucket 54 contains 440742930
  Bucket 55 contains 951290800
  Bucket 56 contains 912815969
  Bucket 57 contains 1593283226
  Bucket 58 contains 714582936
  Bucket 59 contains 714576934
  Bucket 60 contains 1338943762
  Bucket 61 contains 1250528128
  Bucket 62 contains 717847132
  Bucket 63 contains 864730489
  Bucket 64 contains 868615293
  Bucket 65 contains 851356400
  Bucket 66 contains 869352821
  Bucket 67 contains 909092319
  Bucket 68 contains 968770417
  Bucket 69 contains 1648986274
  Bucket 70 contains 714551594
  Bucket 71 contains 1177052384
  Bucket 72 contains 973611520
  Bucket 73 contains 998243918
  Bucket 74 contains 838595362
  Bucket 75 contains 625448446
  Bucket 76 contains 1339664619
  Bucket 77 contains 802957782
  Bucket 78 contains 714445900
  Bucket 79 contains 1429085183
  Bucket 80 contains 714489244
  Bucket 81 contains 714495246
  Bucket 82 contains 1428853123
  Bucket 83 contains 714476908
  Bucket 84 contains 1033284348
  Bucket 85 contains 680148835
  Bucket 86 contains 1459857812
  Bucket 87 contains 735580498
  Bucket 88 contains 744317790
  Bucket 89 contains 1542948428
  Bucket 90 contains 820931860
  Bucket 91 contains 1116925887
  Bucket 92 contains 1039093326
  Bucket 93 contains 997683052
  Bucket 94 contains 421391484
  Bucket 95 contains 1543899183
Hilbert SFC efficiency: 0.5889570112
Hilbert SFC ratio: 1.130456207
 Final Hilbert SFC time: 0.035667649

SFC+Knapsack previous efficiency: 0.526236601
SFC + Knapsack ratio: 1.169549456
 Final SFC+Knapsack_Combined time: 0.000551408

SFC+Painter previous efficiency: 0.5953110128
Binary search iterations: 30
SFC+painterPartition efficiency: 0.6796933931
SFC+Painter ratio: 1.141745035
 Final SFC+Painter time: 0.014737911

Hilbert+Painter previous efficiency: 0.6028995258
Binary search iterations: 30
Hilbert+painterPartition efficiency: 0.6795896811
Hilbert+Painter ratio: 1.127202215
 Final Hilbert+Painter time: 0.00121322
Painter+Knapsack previous efficiency: 0.5664349973
Binary search iterations: 30
SFC+painterPartition efficiency: 0.9071149979
Painter+Knapsack ratio: 1.144609093
 Final painter+Knapsack_Combined time: 0.019032732
Run 32
File weights 51 and ranks 51
Original previous efficiency: 0.6290316849
Original efficiency: 0.7245155271
Original ratio: 1.151794964
Knapsack previous efficiency: 0.5972132044
Knapsack ratio: 1.300153319
 Final Knapsack time: 0.016890642

Karmarkar-Karp previous efficiency: 0.6033710515
Karmarkar-Karp ratio: 1.286884294
 Final Karmarkar-Karp time: 0.024137672

SFC previous efficiency: 0.5038131457
 Time take to run this function: 9.319999998e-07
SFC ratio: 1.13233939
 Final SFC time: 0.000805371

Hilbert SFC previous efficiency: 0.5074296856
DM: HilbertProcessorMapDoIt called...
  (nprocs, nteams, nworkers) = (96, 96, 1)
  Bucket 0 contains 960786926
  Bucket 1 contains 962655707
  Bucket 2 contains 953621620
  Bucket 3 contains 884843470
  Bucket 4 contains 708240050
  Bucket 5 contains 708228814
  Bucket 6 contains 1327072428
  Bucket 7 contains 619733915
  Bucket 8 contains 1327985531
  Bucket 9 contains 708225509
  Bucket 10 contains 1416486709
  Bucket 11 contains 708235093
  Bucket 12 contains 708226831
  Bucket 13 contains 1416482413
  Bucket 14 contains 708219891
  Bucket 15 contains 708254591
  Bucket 16 contains 1327058548
  Bucket 17 contains 619741185
  Bucket 18 contains 1327971321
  Bucket 19 contains 708253269
  Bucket 20 contains 806594400
  Bucket 21 contains 975289385
  Bucket 22 contains 1327807075
  Bucket 23 contains 619637085
  Bucket 24 contains 1416372365
  Bucket 25 contains 708281359
  Bucket 26 contains 708219230
  Bucket 27 contains 1416509182
  Bucket 28 contains 708185191
  Bucket 29 contains 708363978
  Bucket 30 contains 708368274
  Bucket 31 contains 996729619
  Bucket 32 contains 1326875466
  Bucket 33 contains 1239478074
  Bucket 34 contains 708228814
  Bucket 35 contains 1416497946
  Bucket 36 contains 708234102
  Bucket 37 contains 708227492
  Bucket 38 contains 1416485058
  Bucket 39 contains 816716247
  Bucket 40 contains 782122387
  Bucket 41 contains 1301699815
  Bucket 42 contains 637548119
  Bucket 43 contains 1286308928
  Bucket 44 contains 682741252
  Bucket 45 contains 731875630
  Bucket 46 contains 855498767
  Bucket 47 contains 1000000001
  Bucket 48 contains 1102493497
  Bucket 49 contains 753811246
  Bucket 50 contains 1261905325
  Bucket 51 contains 1162768905
  Bucket 52 contains 1151207895
  Bucket 53 contains 944301890
  Bucket 54 contains 429651185
  Bucket 55 contains 904859191
  Bucket 56 contains 991761917
  Bucket 57 contains 897293955
  Bucket 58 contains 1463844123
  Bucket 59 contains 708232780
  Bucket 60 contains 1327042355
  Bucket 61 contains 619737880
  Bucket 62 contains 1333243721
  Bucket 63 contains 873789133
  Bucket 64 contains 776190690
  Bucket 65 contains 773244174
  Bucket 66 contains 778641824
  Bucket 67 contains 850317248
  Bucket 68 contains 950836210
  Bucket 69 contains 1665574392
  Bucket 70 contains 708266158
  Bucket 71 contains 1165166449
  Bucket 72 contains 964409980
  Bucket 73 contains 989366358
  Bucket 74 contains 831048238
  Bucket 75 contains 619900474
  Bucket 76 contains 1327777332
  Bucket 77 contains 795891136
  Bucket 78 contains 708135289
  Bucket 79 contains 1416444739
  Bucket 80 contains 708157101
  Bucket 81 contains 1416078903
  Bucket 82 contains 708292265
  Bucket 83 contains 708134629
  Bucket 84 contains 1024077978
  Bucket 85 contains 674237132
  Bucket 86 contains 1456231794
  Bucket 87 contains 728909631
  Bucket 88 contains 1442048628
  Bucket 89 contains 855102031
  Bucket 90 contains 783200562
  Bucket 91 contains 1105324400
  Bucket 92 contains 1022478585
  Bucket 93 contains 988888765
  Bucket 94 contains 389740037
  Bucket 95 contains 1603300656
Hilbert SFC efficiency: 0.5778197943
Hilbert SFC ratio: 1.138718941
 Final Hilbert SFC time: 0.03732456

SFC+Knapsack previous efficiency: 0.4839858934
SFC + Knapsack ratio: 1.299666026
 Final SFC+Knapsack_Combined time: 0.000538383

SFC+Painter previous efficiency: 0.5961782859
Binary search iterations: 30
SFC+painterPartition efficiency: 0.6795591153
SFC+Painter ratio: 1.139858884
 Final SFC+Painter time: 0.020126522

Hilbert+Painter previous efficiency: 0.5717213593
Binary search iterations: 30
Hilbert+painterPartition efficiency: 0.6794574832
Hilbert+Painter ratio: 1.188441663
 Final Hilbert+Painter time: 0.001083659
Painter+Knapsack previous efficiency: 0.563379335
Binary search iterations: 30
SFC+painterPartition efficiency: 0.9069693399
Painter+Knapsack ratio: 1.164220338
 Final painter+Knapsack_Combined time: 0.019190208
Run 33
File weights 51 and ranks 51
Original previous efficiency: 0.6170150071
Original efficiency: 0.70924266
Original ratio: 1.149473922
Knapsack previous efficiency: 0.5936520343
Knapsack ratio: 1.307386024
 Final Knapsack time: 0.01475757

Karmarkar-Karp previous efficiency: 0.5980362318
Karmarkar-Karp ratio: 1.29780159
 Final Karmarkar-Karp time: 0.021703917

SFC previous efficiency: 0.4928204627
 Time take to run this function: 6.109999999e-07
SFC ratio: 1.211858977
 Final SFC time: 0.000813686

Hilbert SFC previous efficiency: 0.52123119
DM: HilbertProcessorMapDoIt called...
  (nprocs, nteams, nworkers) = (96, 96, 1)
  Bucket 0 contains 948779575
  Bucket 1 contains 950625000
  Bucket 2 contains 941703825
  Bucket 3 contains 873778384
  Bucket 4 contains 699365406
  Bucket 5 contains 699383355
  Bucket 6 contains 1310406563
  Bucket 7 contains 611993431
  Bucket 8 contains 1311386903
  Bucket 9 contains 699407831
  Bucket 10 contains 1398787596
  Bucket 11 contains 699389556
  Bucket 12 contains 699395756
  Bucket 13 contains 1398763446
  Bucket 14 contains 699399999
  Bucket 15 contains 699412400
  Bucket 16 contains 1310404278
  Bucket 17 contains 611992126
  Bucket 18 contains 1311395388
  Bucket 19 contains 700307238
  Bucket 20 contains 856894765
  Bucket 21 contains 976491736
  Bucket 22 contains 1311241680
  Bucket 23 contains 611884758
  Bucket 24 contains 1398708621
  Bucket 25 contains 699434917
  Bucket 26 contains 699354310
  Bucket 27 contains 1398790533
  Bucket 28 contains 699342562
  Bucket 29 contains 699515198
  Bucket 30 contains 699463636
  Bucket 31 contains 993027639
  Bucket 32 contains 1310229031
  Bucket 33 contains 1223998611
  Bucket 34 contains 699377154
  Bucket 35 contains 699387271
  Bucket 36 contains 1398768015
  Bucket 37 contains 699391187
  Bucket 38 contains 699381397
  Bucket 39 contains 1487154055
  Bucket 40 contains 762821893
  Bucket 41 contains 1283412225
  Bucket 42 contains 626883521
  Bucket 43 contains 1266215147
  Bucket 44 contains 672873695
  Bucket 45 contains 725821545
  Bucket 46 contains 829083968
  Bucket 47 contains 1000000001
  Bucket 48 contains 1048007587
  Bucket 49 contains 776849834
  Bucket 50 contains 1214805687
  Bucket 51 contains 1134606558
  Bucket 52 contains 1124969588
  Bucket 53 contains 914550632
  Bucket 54 contains 418841824
  Bucket 55 contains 834347587
  Bucket 56 contains 988198711
  Bucket 57 contains 950592668
  Bucket 58 contains 1470836748
  Bucket 59 contains 699401957
  Bucket 60 contains 1310396772
  Bucket 61 contains 612004201
  Bucket 62 contains 1318549850
  Bucket 63 contains 874799252
  Bucket 64 contains 756278675
  Bucket 65 contains 758108165
  Bucket 66 contains 762896952
  Bucket 67 contains 778456757
  Bucket 68 contains 921302874
  Bucket 69 contains 1672232428
  Bucket 70 contains 699372586
  Bucket 71 contains 1151752347
  Bucket 72 contains 953462045
  Bucket 73 contains 977002838
  Bucket 74 contains 820481514
  Bucket 75 contains 1223919309
  Bucket 76 contains 699345499
  Bucket 77 contains 785944907
  Bucket 78 contains 699253143
  Bucket 79 contains 1398705030
  Bucket 80 contains 699288062
  Bucket 81 contains 1398390107
  Bucket 82 contains 699420558
  Bucket 83 contains 699299484
  Bucket 84 contains 1011187650
  Bucket 85 contains 665920582
  Bucket 86 contains 1436875814
  Bucket 87 contains 719578579
  Bucket 88 contains 1423805205
  Bucket 89 contains 844356096
  Bucket 90 contains 773368544
  Bucket 91 contains 1090651469
  Bucket 92 contains 997988408
  Bucket 93 contains 976626189
  Bucket 94 contains 1025398348
  Bucket 95 contains 979468929
Hilbert SFC efficiency: 0.5680836945
Hilbert SFC ratio: 1.089888144
 Final Hilbert SFC time: 0.030286043

SFC+Knapsack previous efficiency: 0.4794848281
SFC + Knapsack ratio: 1.30421013
 Final SFC+Knapsack_Combined time: 0.000595774

SFC+Painter previous efficiency: 0.5797789007
Binary search iterations: 30
SFC+painterPartition efficiency: 0.6792672737
SFC+Painter ratio: 1.171597091
 Final SFC+Painter time: 0.016031498

Hilbert+Painter previous efficiency: 0.5669063192
Binary search iterations: 30
Hilbert+painterPartition efficiency: 0.6791694887
Hilbert+Painter ratio: 1.198027727
 Final Hilbert+Painter time: 0.001020657
Painter+Knapsack previous efficiency: 0.5590110039
Binary search iterations: 30
SFC+painterPartition efficiency: 0.9066256459
Painter+Knapsack ratio: 1.156521805
 Final painter+Knapsack_Combined time: 0.020924918
Run 34
File weights 51 and ranks 51
Original previous efficiency: 0.6073796788
Original efficiency: 0.7759302023
Original ratio: 1.277504384
Knapsack previous efficiency: 0.5919743304
Knapsack ratio: 1.310749745
 Final Knapsack time: 0.015075837

Karmarkar-Karp previous efficiency: 0.5962159873
Karmarkar-Karp ratio: 1.301424683
 Final Karmarkar-Karp time: 0.020857899

SFC previous efficiency: 0.483421198
 Time take to run this function: 5.710000002e-07
SFC ratio: 1.250275293
 Final SFC time: 0.000718682

Hilbert SFC previous efficiency: 0.5302828044
DM: HilbertProcessorMapDoIt called...
  (nprocs, nteams, nworkers) = (96, 96, 1)
  Bucket 0 contains 936656280
  Bucket 1 contains 938478125
  Bucket 2 contains 929670938
  Bucket 3 contains 862605701
  Bucket 4 contains 690449040
  Bucket 5 contains 690454517
  Bucket 6 contains 1293591590
  Bucket 7 contains 604187042
  Bucket 8 contains 1294635760
  Bucket 9 contains 690456128
  Bucket 10 contains 1380896147
  Bucket 11 contains 690471270
  Bucket 12 contains 690447751
  Bucket 13 contains 1380911934
  Bucket 14 contains 690451617
  Bucket 15 contains 690464826
  Bucket 16 contains 1293633795
  Bucket 17 contains 604176410
  Bucket 18 contains 1294616751
  Bucket 19 contains 697771435
  Bucket 20 contains 883003413
  Bucket 21 contains 968359831
  Bucket 22 contains 1294475317
  Bucket 23 contains 604040774
  Bucket 24 contains 690420044
  Bucket 25 contains 1380898080
  Bucket 26 contains 690424877
  Bucket 27 contains 1380918054
  Bucket 28 contains 690389760
  Bucket 29 contains 690592085
  Bucket 30 contains 690517019
  Bucket 31 contains 983751101
  Bucket 32 contains 1293405695
  Bucket 33 contains 1208360875
  Bucket 34 contains 690432609
  Bucket 35 contains 690466759
  Bucket 36 contains 1380914510
  Bucket 37 contains 690431320
  Bucket 38 contains 690472236
  Bucket 39 contains 1496781929
  Bucket 40 contains 725956598
  Bucket 41 contains 637472827
  Bucket 42 contains 1234770100
  Bucket 43 contains 615919959
  Bucket 44 contains 1288878759
  Bucket 45 contains 715324499
  Bucket 46 contains 790093600
  Bucket 47 contains 1000000001
  Bucket 48 contains 1003351858
  Bucket 49 contains 775092807
  Bucket 50 contains 1187536335
  Bucket 51 contains 1120665517
  Bucket 52 contains 1106546517
  Bucket 53 contains 897277218
  Bucket 54 contains 412458349
  Bucket 55 contains 788426989
  Bucket 56 contains 979647879
  Bucket 57 contains 951840627
  Bucket 58 contains 1512812017
  Bucket 59 contains 690433253
  Bucket 60 contains 1293618653
  Bucket 61 contains 604179310
  Bucket 62 contains 604169967
  Bucket 63 contains 1558552501
  Bucket 64 contains 756667186
  Bucket 65 contains 746851585
  Bucket 66 contains 750410653
  Bucket 67 contains 756558719
  Bucket 68 contains 857048345
  Bucket 69 contains 1682024162
  Bucket 70 contains 690474169
  Bucket 71 contains 1139991136
  Bucket 72 contains 941311777
  Bucket 73 contains 964522129
  Bucket 74 contains 809804273
  Bucket 75 contains 1208297084
  Bucket 76 contains 690391370
  Bucket 77 contains 775907427
  Bucket 78 contains 690278287
  Bucket 79 contains 1380814636
  Bucket 80 contains 690339178
  Bucket 81 contains 1380476997
  Bucket 82 contains 690461605
  Bucket 83 contains 690371073
  Bucket 84 contains 998205054
  Bucket 85 contains 657516621
  Bucket 86 contains 939467493
  Bucket 87 contains 1182848863
  Bucket 88 contains 1405433321
  Bucket 89 contains 833531656
  Bucket 90 contains 763417985
  Bucket 91 contains 1073910503
  Bucket 92 contains 970240365
  Bucket 93 contains 963895449
  Bucket 94 contains 1000225094
  Bucket 95 contains 996847465
Hilbert SFC efficiency: 0.5574115525
Hilbert SFC ratio: 1.051159019
 Final Hilbert SFC time: 0.029132589

SFC+Knapsack previous efficiency: 0.4775288716
SFC + Knapsack ratio: 1.421818628
 Final SFC+Knapsack_Combined time: 0.000528764

SFC+Painter previous efficiency: 0.5738449517
Binary search iterations: 30
SFC+painterPartition efficiency: 0.6794449891
SFC+Painter ratio: 1.184021898
 Final SFC+Painter time: 0.014258183

Hilbert+Painter previous efficiency: 0.5652653122
Binary search iterations: 30
Hilbert+painterPartition efficiency: 0.6790762101
Hilbert+Painter ratio: 1.201340672
 Final Hilbert+Painter time: 0.001011449
Painter+Knapsack previous efficiency: 0.5546252738
Binary search iterations: 30
SFC+painterPartition efficiency: 0.9073056787
Painter+Knapsack ratio: 1.185676568
 Final painter+Knapsack_Combined time: 0.019238481
Run 35
File weights 51 and ranks 51
Original previous efficiency: 0.5983550545
Original efficiency: 0.7756723055
Original ratio: 1.296341193
Knapsack previous efficiency: 0.5980954985
Knapsack ratio: 1.296949414
 Final Knapsack time: 0.015376038

Karmarkar-Karp previous efficiency: 0.5976873076
Karmarkar-Karp ratio: 1.297835167
 Final Karmarkar-Karp time: 0.038334536

SFC previous efficiency: 0.4769719522
 Time take to run this function: 6.419999998e-07
SFC ratio: 1.253335941
 Final SFC time: 0.000668695

Hilbert SFC previous efficiency: 0.5371670588
DM: HilbertProcessorMapDoIt called...
  (nprocs, nteams, nworkers) = (96, 96, 1)
  Bucket 0 contains 934029526
  Bucket 1 contains 921085280
  Bucket 2 contains 941824760
  Bucket 3 contains 860204615
  Bucket 4 contains 688505369
  Bucket 5 contains 688507297
  Bucket 6 contains 1289902505
  Bucket 7 contains 602483034
  Bucket 8 contains 1290992259
  Bucket 9 contains 688519184
  Bucket 10 contains 688504084
  Bucket 11 contains 1448016253
  Bucket 12 contains 717428806
  Bucket 13 contains 688529786
  Bucket 14 contains 1377060215
  Bucket 15 contains 688515008
  Bucket 16 contains 1289975434
  Bucket 17 contains 602469219
  Bucket 18 contains 1291000933
  Bucket 19 contains 709730818
  Bucket 20 contains 900705240
  Bucket 21 contains 961331433
  Bucket 22 contains 688359512
  Bucket 23 contains 1204833062
  Bucket 24 contains 688468102
  Bucket 25 contains 1377021019
  Bucket 26 contains 688499586
  Bucket 27 contains 688516935
  Bucket 28 contains 1376971864
  Bucket 29 contains 688643195
  Bucket 30 contains 688572515
  Bucket 31 contains 923724347
  Bucket 32 contains 1289715847
  Bucket 33 contains 1204951932
  Bucket 34 contains 688516935
  Bucket 35 contains 688509225
  Bucket 36 contains 1377038368
  Bucket 37 contains 688513080
  Bucket 38 contains 688521433
  Bucket 39 contains 688518542
  Bucket 40 contains 1519443972
  Bucket 41 contains 626644529
  Bucket 42 contains 1218379048
  Bucket 43 contains 607900261
  Bucket 44 contains 1272076055
  Bucket 45 contains 703798539
  Bucket 46 contains 754715584
  Bucket 47 contains 1000000001
  Bucket 48 contains 969644925
  Bucket 49 contains 771776068
  Bucket 50 contains 1172383240
  Bucket 51 contains 1118352269
  Bucket 52 contains 1106421206
  Bucket 53 contains 895477348
  Bucket 54 contains 412882958
  Bucket 55 contains 772038868
  Bucket 56 contains 955728457
  Bucket 57 contains 958722387
  Bucket 58 contains 1607440521
  Bucket 59 contains 688517256
  Bucket 60 contains 688524324
  Bucket 61 contains 1203916153
  Bucket 62 contains 602482392
  Bucket 63 contains 1563481576
  Bucket 64 contains 754378464
  Bucket 65 contains 744394093
  Bucket 66 contains 743640711
  Bucket 67 contains 746849250
  Bucket 68 contains 1671717002
  Bucket 69 contains 806460868
  Bucket 70 contains 690104659
  Bucket 71 contains 1138967571
  Bucket 72 contains 938197779
  Bucket 73 contains 961749451
  Bucket 74 contains 807345007
  Bucket 75 contains 1204902777
  Bucket 76 contains 688420232
  Bucket 77 contains 773768434
  Bucket 78 contains 1376711635
  Bucket 79 contains 688506333
  Bucket 80 contains 688374933
  Bucket 81 contains 1376614932
  Bucket 82 contains 688514365
  Bucket 83 contains 688455251
  Bucket 84 contains 995359444
  Bucket 85 contains 655833972
  Bucket 86 contains 959567652
  Bucket 87 contains 1157097955
  Bucket 88 contains 1401301438
  Bucket 89 contains 831136609
  Bucket 90 contains 761273215
  Bucket 91 contains 1061593219
  Bucket 92 contains 955984830
  Bucket 93 contains 962266332
  Bucket 94 contains 1008877270
  Bucket 95 contains 1010915471
Hilbert SFC efficiency: 0.5591010965
Hilbert SFC ratio: 1.040832805
 Final Hilbert SFC time: 0.029800734

SFC+Knapsack previous efficiency: 0.6647893395
SFC + Knapsack ratio: 1.004105958
 Final SFC+Knapsack_Combined time: 0.000564604

SFC+Painter previous efficiency: 0.5722767587
Binary search iterations: 29
SFC+painterPartition efficiency: 0.6789107015
SFC+Painter ratio: 1.186332821
 Final SFC+Painter time: 0.015210237

Hilbert+Painter previous efficiency: 0.5665660054
Binary search iterations: 30
Hilbert+painterPartition efficiency: 0.6788628582
Hilbert+Painter ratio: 1.198206126
 Final Hilbert+Painter time: 0.001236636
Painter+Knapsack previous efficiency: 0.5530183017
Binary search iterations: 30
SFC+painterPartition efficiency: 0.9098307815
Painter+Knapsack ratio: 1.207046737
 Final painter+Knapsack_Combined time: 0.030060737
Run 36
File weights 51 and ranks 51
Original previous efficiency: 0.5898110023
Original efficiency: 0.7691701483
Original ratio: 1.304095965
Knapsack previous efficiency: 0.5861208394
Knapsack ratio: 1.3231173
 Final Knapsack time: 0.022243193

Karmarkar-Karp previous efficiency: 0.6005338399
Karmarkar-Karp ratio: 1.29136207
 Final Karmarkar-Karp time: 0.027500628

SFC previous efficiency: 0.4745910512
 Time take to run this function: 6.610000005e-07
SFC ratio: 1.253533928
 Final SFC time: 0.000695928

Hilbert SFC previous efficiency: 0.5225934704
DM: HilbertProcessorMapDoIt called...
  (nprocs, nteams, nworkers) = (96, 96, 1)
  Bucket 0 contains 946230137
  Bucket 1 contains 933116809
  Bucket 2 contains 954127191
  Bucket 3 contains 880016333
  Bucket 4 contains 697512854
  Bucket 5 contains 697522944
  Bucket 6 contains 1306696644
  Bucket 7 contains 610360682
  Bucket 8 contains 1307840339
  Bucket 9 contains 697513831
  Bucket 10 contains 697508298
  Bucket 11 contains 1557363351
  Bucket 12 contains 784815122
  Bucket 13 contains 697516434
  Bucket 14 contains 1395026034
  Bucket 15 contains 697517736
  Bucket 16 contains 697519689
  Bucket 17 contains 1219647319
  Bucket 18 contains 610317069
  Bucket 19 contains 1432289530
  Bucket 20 contains 924983178
  Bucket 21 contains 930784647
  Bucket 22 contains 697344587
  Bucket 23 contains 1220512740
  Bucket 24 contains 697469241
  Bucket 25 contains 697436044
  Bucket 26 contains 1395025382
  Bucket 27 contains 697508949
  Bucket 28 contains 697512203
  Bucket 29 contains 1395113259
  Bucket 30 contains 697546703
  Bucket 31 contains 895113992
  Bucket 32 contains 1306506244
  Bucket 33 contains 610350267
  Bucket 34 contains 1307864423
  Bucket 35 contains 697512529
  Bucket 36 contains 697523269
  Bucket 37 contains 1395050119
  Bucket 38 contains 697510576
  Bucket 39 contains 697486491
  Bucket 40 contains 1550255833
  Bucket 41 contains 636935099
  Bucket 42 contains 1233157716
  Bucket 43 contains 615099443
  Bucket 44 contains 1283692501
  Bucket 45 contains 708889267
  Bucket 46 contains 760546917
  Bucket 47 contains 1000000001
  Bucket 48 contains 948703893
  Bucket 49 contains 821145176
  Bucket 50 contains 1111566079
  Bucket 51 contains 1119900178
  Bucket 52 contains 1110872018
  Bucket 53 contains 889045801
  Bucket 54 contains 419193343
  Bucket 55 contains 769651562
  Bucket 56 contains 914241428
  Bucket 57 contains 965932601
  Bucket 58 contains 1696332056
  Bucket 59 contains 697499185
  Bucket 60 contains 1306736025
  Bucket 61 contains 610359706
  Bucket 62 contains 610339201
  Bucket 63 contains 1590209919
  Bucket 64 contains 762490504
  Bucket 65 contains 752089953
  Bucket 66 contains 751326405
  Bucket 67 contains 1532115812
  Bucket 68 contains 861347975
  Bucket 69 contains 835082698
  Bucket 70 contains 710538414
  Bucket 71 contains 1153385590
  Bucket 72 contains 949963766
  Bucket 73 contains 987426452
  Bucket 74 contains 817729389
  Bucket 75 contains 1220658223
  Bucket 76 contains 697377785
  Bucket 77 contains 783861989
  Bucket 78 contains 1394688848
  Bucket 79 contains 697467940
  Bucket 80 contains 697325710
  Bucket 81 contains 1394572657
  Bucket 82 contains 697485515
  Bucket 83 contains 697431813
  Bucket 84 contains 1008298350
  Bucket 85 contains 664529583
  Bucket 86 contains 994568914
  Bucket 87 contains 1156754250
  Bucket 88 contains 1419468688
  Bucket 89 contains 841969762
  Bucket 90 contains 771180120
  Bucket 91 contains 1063415835
  Bucket 92 contains 966388255
  Bucket 93 contains 972236917
  Bucket 94 contains 1034405453
  Bucket 95 contains 1039535863
Hilbert SFC efficiency: 0.5580302245
Hilbert SFC ratio: 1.067809408
 Final Hilbert SFC time: 0.029216852

SFC+Knapsack previous efficiency: 0.6386045523
SFC + Knapsack ratio: 1.034933336
 Final SFC+Knapsack_Combined time: 0.000568842

SFC+Painter previous efficiency: 0.5589798082
Binary search iterations: 30
SFC+painterPartition efficiency: 0.6787423455
SFC+Painter ratio: 1.214251992
 Final SFC+Painter time: 0.014635664

Hilbert+Painter previous efficiency: 0.581406278
Binary search iterations: 30
Hilbert+painterPartition efficiency: 0.6786965717
Hilbert+Painter ratio: 1.16733616
 Final Hilbert+Painter time: 0.001013554
Painter+Knapsack previous efficiency: 0.5533956734
Binary search iterations: 30
SFC+painterPartition efficiency: 0.9123422913
Painter+Knapsack ratio: 1.197306007
 Final painter+Knapsack_Combined time: 0.017252895
Run 37
File weights 51 and ranks 51
Original previous efficiency: 0.5835021377
Original efficiency: 0.7703481936
Original ratio: 1.320214861
Knapsack previous efficiency: 0.5726028419
Knapsack ratio: 1.354120545
 Final Knapsack time: 0.013528669

Karmarkar-Karp previous efficiency: 0.6097686587
Karmarkar-Karp ratio: 1.271585972
 Final Karmarkar-Karp time: 0.028849079

SFC previous efficiency: 0.4741952608
 Time take to run this function: 6.209999999e-07
SFC ratio: 1.180434852
 Final SFC time: 0.000777777

Hilbert SFC previous efficiency: 0.5125382746
DM: HilbertProcessorMapDoIt called...
  (nprocs, nteams, nworkers) = (96, 96, 1)
  Bucket 0 contains 935458580
  Bucket 1 contains 922494529
  Bucket 2 contains 943265745
  Bucket 3 contains 896527898
  Bucket 4 contains 689592556
  Bucket 5 contains 689555875
  Bucket 6 contains 1291803317
  Bucket 7 contains 603392596
  Bucket 8 contains 1292956515
  Bucket 9 contains 689579686
  Bucket 10 contains 692818553
  Bucket 11 contains 779221601
  Bucket 12 contains 1657261799
  Bucket 13 contains 689559093
  Bucket 14 contains 689584191
  Bucket 15 contains 1379150363
  Bucket 16 contains 689550727
  Bucket 17 contains 1205756838
  Bucket 18 contains 603407397
  Bucket 19 contains 689571320
  Bucket 20 contains 742644214
  Bucket 21 contains 921911634
  Bucket 22 contains 1578856818
  Bucket 23 contains 603353341
  Bucket 24 contains 1292747370
  Bucket 25 contains 689464173
  Bucket 26 contains 1379199271
  Bucket 27 contains 689573894
  Bucket 28 contains 689601888
  Bucket 29 contains 1379261693
  Bucket 30 contains 689607358
  Bucket 31 contains 851471898
  Bucket 32 contains 1291551698
  Bucket 33 contains 603395492
  Bucket 34 contains 1292987727
  Bucket 35 contains 689570033
  Bucket 36 contains 689561024
  Bucket 37 contains 1379140709
  Bucket 38 contains 689596418
  Bucket 39 contains 689552336
  Bucket 40 contains 835490622
  Bucket 41 contains 1330304470
  Bucket 42 contains 610380915
  Bucket 43 contains 1206744863
  Bucket 44 contains 614683209
  Bucket 45 contains 1329529343
  Bucket 46 contains 738778230
  Bucket 47 contains 972981552
  Bucket 48 contains 910952330
  Bucket 49 contains 799993018
  Bucket 50 contains 1102823745
  Bucket 51 contains 1106506163
  Bucket 52 contains 1100197353
  Bucket 53 contains 881386375
  Bucket 54 contains 417958210
  Bucket 55 contains 749962716
  Bucket 56 contains 864164809
  Bucket 57 contains 930907165
  Bucket 58 contains 1716860371
  Bucket 59 contains 689988969
  Bucket 60 contains 1291859625
  Bucket 61 contains 603384874
  Bucket 62 contains 603409971
  Bucket 63 contains 1572795766
  Bucket 64 contains 748357012
  Bucket 65 contains 738274349
  Bucket 66 contains 740114513
  Bucket 67 contains 1510163934
  Bucket 68 contains 830356194
  Bucket 69 contains 836711659
  Bucket 70 contains 716215236
  Bucket 71 contains 1138586537
  Bucket 72 contains 948180201
  Bucket 73 contains 963193563
  Bucket 74 contains 808304160
  Bucket 75 contains 1206732745
  Bucket 76 contains 689413013
  Bucket 77 contains 774933303
  Bucket 78 contains 1378761994
  Bucket 79 contains 689453555
  Bucket 80 contains 689371183
  Bucket 81 contains 1378630715
  Bucket 82 contains 689492810
  Bucket 83 contains 689469643
  Bucket 84 contains 996802209
  Bucket 85 contains 657152071
  Bucket 86 contains 1000000001
  Bucket 87 contains 1132707346
  Bucket 88 contains 1403168047
  Bucket 89 contains 832342273
  Bucket 90 contains 762393547
  Bucket 91 contains 1043446061
  Bucket 92 contains 955373064
  Bucket 93 contains 959203332
  Bucket 94 contains 1022615979
  Bucket 95 contains 1040013122
Hilbert SFC efficiency: 0.5449356965
Hilbert SFC ratio: 1.063209761
 Final Hilbert SFC time: 0.033079064

SFC+Knapsack previous efficiency: 0.61980072
SFC + Knapsack ratio: 1.051565248
 Final SFC+Knapsack_Combined time: 0.000562008

SFC+Painter previous efficiency: 0.5655996588
Binary search iterations: 30
SFC+painterPartition efficiency: 0.6785206347
SFC+Painter ratio: 1.199648239
 Final SFC+Painter time: 0.015133478

Hilbert+Painter previous efficiency: 0.5925670342
Binary search iterations: 30
Hilbert+painterPartition efficiency: 0.6785401107
Hilbert+Painter ratio: 1.145085824
 Final Hilbert+Painter time: 0.001051036
Painter+Knapsack previous efficiency: 0.5538599817
Binary search iterations: 29
SFC+painterPartition efficiency: 0.9179955524
Painter+Knapsack ratio: 1.188583177
 Final painter+Knapsack_Combined time: 0.021306337
Run 38
File weights 51 and ranks 51
Original previous efficiency: 0.5777041657
Original efficiency: 0.7697575036
Original ratio: 1.332442363
Knapsack previous efficiency: 0.5660977538
Knapsack ratio: 1.368932794
 Final Knapsack time: 0.014671804

Karmarkar-Karp previous efficiency: 0.612157582
Karmarkar-Karp ratio: 1.265931849
 Final Karmarkar-Karp time: 0.0225522

SFC previous efficiency: 0.4736816085
 Time take to run this function: 6.319999999e-07
SFC ratio: 1.17477388
 Final SFC time: 0.000681209

Hilbert SFC previous efficiency: 0.5108517049
DM: HilbertProcessorMapDoIt called...
  (nprocs, nteams, nworkers) = (96, 96, 1)
  Bucket 0 contains 907034798
  Bucket 1 contains 923391898
  Bucket 2 contains 929290834
  Bucket 3 contains 169396815
  Bucket 4 contains 1434799541
  Bucket 5 contains 679363574
  Bucket 6 contains 1272598108
  Bucket 7 contains 594453067
  Bucket 8 contains 1273819494
  Bucket 9 contains 679350577
  Bucket 10 contains 694208815
  Bucket 11 contains 798956671
  Bucket 12 contains 840258086
  Bucket 13 contains 1507395439
  Bucket 14 contains 679465646
  Bucket 15 contains 679371498
  Bucket 16 contains 1358715419
  Bucket 17 contains 593377499
  Bucket 18 contains 1188935298
  Bucket 19 contains 679558526
  Bucket 20 contains 754177493
  Bucket 21 contains 904932887
  Bucket 22 contains 1527330052
  Bucket 23 contains 594377305
  Bucket 24 contains 1273626443
  Bucket 25 contains 679229167
  Bucket 26 contains 679463427
  Bucket 27 contains 1358657725
  Bucket 28 contains 679406368
  Bucket 29 contains 679318243
  Bucket 30 contains 1358905933
  Bucket 31 contains 827278366
  Bucket 32 contains 679068133
  Bucket 33 contains 1187760193
  Bucket 34 contains 594470502
  Bucket 35 contains 1358689742
  Bucket 36 contains 679348358
  Bucket 37 contains 679363574
  Bucket 38 contains 1358689425
  Bucket 39 contains 679355332
  Bucket 40 contains 818720477
  Bucket 41 contains 1297505067
  Bucket 42 contains 598157429
  Bucket 43 contains 1183020994
  Bucket 44 contains 603099714
  Bucket 45 contains 1299173417
  Bucket 46 contains 717193565
  Bucket 47 contains 944618573
  Bucket 48 contains 868243396
  Bucket 49 contains 798050380
  Bucket 50 contains 1074184841
  Bucket 51 contains 1090108978
  Bucket 52 contains 1081196635
  Bucket 53 contains 858236040
  Bucket 54 contains 417971805
  Bucket 55 contains 730982258
  Bucket 56 contains 835409314
  Bucket 57 contains 1788199411
  Bucket 58 contains 808436755
  Bucket 59 contains 683439826
  Bucket 60 contains 1272684965
  Bucket 61 contains 594466698
  Bucket 62 contains 594598885
  Bucket 63 contains 1542453299
  Bucket 64 contains 735037800
  Bucket 65 contains 725209126
  Bucket 66 contains 725688425
  Bucket 67 contains 1485820689
  Bucket 68 contains 808306787
  Bucket 69 contains 830482562
  Bucket 70 contains 718683763
  Bucket 71 contains 1123368153
  Bucket 72 contains 930887716
  Bucket 73 contains 948903767
  Bucket 74 contains 796214655
  Bucket 75 contains 1188828152
  Bucket 76 contains 679189543
  Bucket 77 contains 763419670
  Bucket 78 contains 1358301739
  Bucket 79 contains 679211732
  Bucket 80 contains 679159745
  Bucket 81 contains 1358159408
  Bucket 82 contains 679267207
  Bucket 83 contains 679220291
  Bucket 84 contains 981985007
  Bucket 85 contains 647539701
  Bucket 86 contains 1000000001
  Bucket 87 contains 1105509610
  Bucket 88 contains 1382178513
  Bucket 89 contains 819998390
  Bucket 90 contains 751043825
  Bucket 91 contains 1019097107
  Bucket 92 contains 941978626
  Bucket 93 contains 943220935
  Bucket 94 contains 977289982
  Bucket 95 contains 1047939578
Hilbert SFC efficiency: 0.5151159588
Hilbert SFC ratio: 1.008347342
 Final Hilbert SFC time: 0.02891125

SFC+Knapsack previous efficiency: 0.6110761141
SFC + Knapsack ratio: 1.040737572
 Final SFC+Knapsack_Combined time: 0.00058338

SFC+Painter previous efficiency: 0.567620812
Binary search iterations: 30
SFC+painterPartition efficiency: 0.6785123731
SFC+Painter ratio: 1.195362042
 Final SFC+Painter time: 0.015322564

Hilbert+Painter previous efficiency: 0.6030982321
Binary search iterations: 30
Hilbert+painterPartition efficiency: 0.6781483287
Hilbert+Painter ratio: 1.124440916
 Final Hilbert+Painter time: 0.001005859
Painter+Knapsack previous efficiency: 0.5537959241
Binary search iterations: 30
SFC+painterPartition efficiency: 0.9179452596
Painter+Knapsack ratio: 1.159147012
 Final painter+Knapsack_Combined time: 0.018997164
Run 39
File weights 51 and ranks 51
Original previous efficiency: 0.5717669648
Original efficiency: 0.765556749
Original ratio: 1.338931411
Knapsack previous efficiency: 0.5631581573
Knapsack ratio: 1.375295149
 Final Knapsack time: 0.014068325

Karmarkar-Karp previous efficiency: 0.6146690218
Karmarkar-Karp ratio: 1.260041834
 Final Karmarkar-Karp time: 0.023595232

SFC previous efficiency: 0.476367269
 Time take to run this function: 6.509999997e-07
SFC ratio: 1.190309384
 Final SFC time: 0.000727139

Hilbert SFC previous efficiency: 0.5074662309
DM: HilbertProcessorMapDoIt called...
  (nprocs, nteams, nworkers) = (96, 96, 1)
  Bucket 0 contains 892928770
  Bucket 1 contains 909031487
  Bucket 2 contains 914838684
  Bucket 3 contains 166762389
  Bucket 4 contains 1436019334
  Bucket 5 contains 668796363
  Bucket 6 contains 1252752906
  Bucket 7 contains 585213546
  Bucket 8 contains 1254006476
  Bucket 9 contains 668810093
  Bucket 10 contains 697581971
  Bucket 11 contains 830674140
  Bucket 12 contains 899394233
  Bucket 13 contains 874644889
  Bucket 14 contains 1349365421
  Bucket 15 contains 668776390
  Bucket 16 contains 1337593037
  Bucket 17 contains 584128804
  Bucket 18 contains 1170431461
  Bucket 19 contains 669918240
  Bucket 20 contains 763467255
  Bucket 21 contains 879324321
  Bucket 22 contains 792578661
  Bucket 23 contains 1253670380
  Bucket 24 contains 585069372
  Bucket 25 contains 1337413287
  Bucket 26 contains 668892167
  Bucket 27 contains 668789809
  Bucket 28 contains 1337592725
  Bucket 29 contains 668775766
  Bucket 30 contains 668906522
  Bucket 31 contains 1413188885
  Bucket 32 contains 668527674
  Bucket 33 contains 1169261213
  Bucket 34 contains 585197943
  Bucket 35 contains 668772958
  Bucket 36 contains 1337585859
  Bucket 37 contains 668775766
  Bucket 38 contains 1337575561
  Bucket 39 contains 668787313
  Bucket 40 contains 798058284
  Bucket 41 contains 1264974925
  Bucket 42 contains 587083706
  Bucket 43 contains 1162992010
  Bucket 44 contains 592347326
  Bucket 45 contains 1294966670
  Bucket 46 contains 704333211
  Bucket 47 contains 902696205
  Bucket 48 contains 820978817
  Bucket 49 contains 802212144
  Bucket 50 contains 1044533872
  Bucket 51 contains 1066859555
  Bucket 52 contains 700168219
  Bucket 53 contains 1160444769
  Bucket 54 contains 421968242
  Bucket 55 contains 717274907
  Bucket 56 contains 1609111834
  Bucket 57 contains 889367235
  Bucket 58 contains 811404677
  Bucket 59 contains 677764208
  Bucket 60 contains 1252845902
  Bucket 61 contains 585230086
  Bucket 62 contains 585566493
  Bucket 63 contains 1512686193
  Bucket 64 contains 723687764
  Bucket 65 contains 713378137
  Bucket 66 contains 713074809
  Bucket 67 contains 1457375584
  Bucket 68 contains 789564726
  Bucket 69 contains 821958131
  Bucket 70 contains 733906786
  Bucket 71 contains 1109922453
  Bucket 72 contains 918684751
  Bucket 73 contains 934120690
  Bucket 74 contains 783725656
  Bucket 75 contains 1170309443
  Bucket 76 contains 668583221
  Bucket 77 contains 751543050
  Bucket 78 contains 1337131180
  Bucket 79 contains 668612556
  Bucket 80 contains 668557320
  Bucket 81 contains 1336974522
  Bucket 82 contains 668696189
  Bucket 83 contains 668644074
  Bucket 84 contains 966678404
  Bucket 85 contains 637643103
  Bucket 86 contains 1000000001
  Bucket 87 contains 1076207823
  Bucket 88 contains 1360504622
  Bucket 89 contains 807214406
  Bucket 90 contains 739327529
  Bucket 91 contains 990618976
  Bucket 92 contains 927563820
  Bucket 93 contains 928294368
  Bucket 94 contains 938940092
  Bucket 95 contains 1061555003
Hilbert SFC efficiency: 0.563281045
Hilbert SFC ratio: 1.109987248
 Final Hilbert SFC time: 0.028268936

SFC+Knapsack previous efficiency: 0.5872510591
SFC + Knapsack ratio: 1.056386174
 Final SFC+Knapsack_Combined time: 0.00052127

SFC+Painter previous efficiency: 0.5670244305
Binary search iterations: 30
SFC+painterPartition efficiency: 0.6782134175
SFC+Painter ratio: 1.196092057
 Final SFC+Painter time: 0.014868425

Hilbert+Painter previous efficiency: 0.6179124764
Binary search iterations: 30
Hilbert+painterPartition efficiency: 0.6779352788
Hilbert+Painter ratio: 1.097138033
 Final Hilbert+Painter time: 0.000960631
Painter+Knapsack previous efficiency: 0.5538192221
Binary search iterations: 30
SFC+painterPartition efficiency: 0.9185311438
Painter+Knapsack ratio: 1.148555482
 Final painter+Knapsack_Combined time: 0.020071605
Run 40
File weights 51 and ranks 51
Original previous efficiency: 0.5666076157
Original efficiency: 0.7626617283
Original ratio: 1.346013903
Knapsack previous efficiency: 0.5613226961
Knapsack ratio: 1.379582742
 Final Knapsack time: 0.013848409

Karmarkar-Karp previous efficiency: 0.617489367
Karmarkar-Karp ratio: 1.254096258
 Final Karmarkar-Karp time: 0.02115313

SFC previous efficiency: 0.484109426
 Time take to run this function: 6.509999997e-07
SFC ratio: 1.152504444
 Final SFC time: 0.001777664

Hilbert SFC previous efficiency: 0.504328454
DM: HilbertProcessorMapDoIt called...
  (nprocs, nteams, nworkers) = (96, 96, 1)
  Bucket 0 contains 880619428
  Bucket 1 contains 896500163
  Bucket 2 contains 902227303
  Bucket 3 contains 164463510
  Bucket 4 contains 1476931610
  Bucket 5 contains 659556441
  Bucket 6 contains 1235439534
  Bucket 7 contains 577165547
  Bucket 8 contains 1236701983
  Bucket 9 contains 659563520
  Bucket 10 contains 721889777
  Bucket 11 contains 879761440
  Bucket 12 contains 907474686
  Bucket 13 contains 901045491
  Bucket 14 contains 659585679
  Bucket 15 contains 1344836125
  Bucket 16 contains 659557057
  Bucket 17 contains 1235611575
  Bucket 18 contains 577165855
  Bucket 19 contains 1239234575
  Bucket 20 contains 773614788
  Bucket 21 contains 834740150
  Bucket 22 contains 722699505
  Bucket 23 contains 1236341899
  Bucket 24 contains 576990429
  Bucket 25 contains 659523510
  Bucket 26 contains 1319114729
  Bucket 27 contains 659561058
  Bucket 28 contains 659536436
  Bucket 29 contains 1319114421
  Bucket 30 contains 659678931
  Bucket 31 contains 659652464
  Bucket 32 contains 1374708952
  Bucket 33 contains 575974191
  Bucket 34 contains 1154286468
  Bucket 35 contains 659564135
  Bucket 36 contains 1319156277
  Bucket 37 contains 659568444
  Bucket 38 contains 659564135
  Bucket 39 contains 1319133810
  Bucket 40 contains 777703796
  Bucket 41 contains 634624769
  Bucket 42 contains 1162807739
  Bucket 43 contains 568687821
  Bucket 44 contains 1152631823
  Bucket 45 contains 601834337
  Bucket 46 contains 1352318181
  Bucket 47 contains 845910145
  Bucket 48 contains 785904687
  Bucket 49 contains 762422942
  Bucket 50 contains 1058373795
  Bucket 51 contains 1054987619
  Bucket 52 contains 691434198
  Bucket 53 contains 1140885231
  Bucket 54 contains 422027086
  Bucket 55 contains 708322607
  Bucket 56 contains 1498175343
  Bucket 57 contains 870040707
  Bucket 58 contains 814290448
  Bucket 59 contains 673909334
  Bucket 60 contains 1235584184
  Bucket 61 contains 577145234
  Bucket 62 contains 577814929
  Bucket 63 contains 1498678538
  Bucket 64 contains 714074926
  Bucket 65 contains 703218029
  Bucket 66 contains 701123078
  Bucket 67 contains 1424067563
  Bucket 68 contains 772045191
  Bucket 69 contains 812697460
  Bucket 70 contains 766569142
  Bucket 71 contains 1097335312
  Bucket 72 contains 901304265
  Bucket 73 contains 933569346
  Bucket 74 contains 772833069
  Bucket 75 contains 1154125815
  Bucket 76 contains 659349624
  Bucket 77 contains 741194442
  Bucket 78 contains 1318715251
  Bucket 79 contains 659386863
  Bucket 80 contains 659359472
  Bucket 81 contains 1318491506
  Bucket 82 contains 659465343
  Bucket 83 contains 659382862
  Bucket 84 contains 953334838
  Bucket 85 contains 629011145
  Bucket 86 contains 1000000001
  Bucket 87 contains 1051417876
  Bucket 88 contains 1341580286
  Bucket 89 contains 796053107
  Bucket 90 contains 729116541
  Bucket 91 contains 960956721
  Bucket 92 contains 914997673
  Bucket 93 contains 916100391
  Bucket 94 contains 915634029
  Bucket 95 contains 1066877426
Hilbert SFC efficiency: 0.5962736361
Hilbert SFC ratio: 1.182312105
 Final Hilbert SFC time: 0.03541507

SFC+Knapsack previous efficiency: 0.557938265
SFC + Knapsack ratio: 1.108724284
 Final SFC+Knapsack_Combined time: 0.000517042

SFC+Painter previous efficiency: 0.5808742101
Binary search iterations: 30
SFC+painterPartition efficiency: 0.678030183
SFC+Painter ratio: 1.167258197
 Final SFC+Painter time: 0.014895788

Hilbert+Painter previous efficiency: 0.6217445533
Binary search iterations: 30
Hilbert+painterPartition efficiency: 0.6777612879
Hilbert+Painter ratio: 1.09009606
 Final Hilbert+Painter time: 0.000942425
Painter+Knapsack previous efficiency: 0.5528232041
Binary search iterations: 30
SFC+painterPartition efficiency: 0.9175235408
Painter+Knapsack ratio: 1.154046709
 Final painter+Knapsack_Combined time: 0.01798873
Run 41
File weights 51 and ranks 51
Original previous efficiency: 0.5616999784
Original efficiency: 0.7509590564
Original ratio: 1.336939799
Knapsack previous efficiency: 0.560959453
Knapsack ratio: 1.379747893
 Final Knapsack time: 0.014188507

Karmarkar-Karp previous efficiency: 0.6051401076
Karmarkar-Karp ratio: 1.279013923
 Final Karmarkar-Karp time: 0.022154149

SFC previous efficiency: 0.4879338235
 Time take to run this function: 6.109999999e-07
SFC ratio: 1.20021982
 Final SFC time: 0.000749913

Hilbert SFC previous efficiency: 0.5055568647
DM: HilbertProcessorMapDoIt called...
  (nprocs, nteams, nworkers) = (96, 96, 1)
  Bucket 0 contains 869245160
  Bucket 1 contains 884920777
  Bucket 2 contains 890573941
  Bucket 3 contains 162339264
  Bucket 4 contains 1505115429
  Bucket 5 contains 651053883
  Bucket 6 contains 651046895
  Bucket 7 contains 1138108242
  Bucket 8 contains 569673395
  Bucket 9 contains 1302120828
  Bucket 10 contains 761214185
  Bucket 11 contains 881169862
  Bucket 12 contains 902711850
  Bucket 13 contains 895898772
  Bucket 14 contains 651063300
  Bucket 15 contains 1352702319
  Bucket 16 contains 651054794
  Bucket 17 contains 651041427
  Bucket 18 contains 1138291426
  Bucket 19 contains 569687369
  Bucket 20 contains 1434005999
  Bucket 21 contains 776714415
  Bucket 22 contains 701660587
  Bucket 23 contains 650831813
  Bucket 24 contains 1139042089
  Bucket 25 contains 651004972
  Bucket 26 contains 1302075564
  Bucket 27 contains 651031098
  Bucket 28 contains 651009833
  Bucket 29 contains 1302077690
  Bucket 30 contains 651162639
  Bucket 31 contains 651129526
  Bucket 32 contains 1350922418
  Bucket 33 contains 568475554
  Bucket 34 contains 1139379903
  Bucket 35 contains 651040212
  Bucket 36 contains 651067249
  Bucket 37 contains 1302079817
  Bucket 38 contains 651062085
  Bucket 39 contains 1302106246
  Bucket 40 contains 752310178
  Bucket 41 contains 623198854
  Bucket 42 contains 1145892126
  Bucket 43 contains 558999410
  Bucket 44 contains 1132781197
  Bucket 45 contains 591335632
  Bucket 46 contains 1334526921
  Bucket 47 contains 806986390
  Bucket 48 contains 759356161
  Bucket 49 contains 746224320
  Bucket 50 contains 1023765876
  Bucket 51 contains 1036649722
  Bucket 52 contains 681630406
  Bucket 53 contains 1112957592
  Bucket 54 contains 418938363
  Bucket 55 contains 698853272
  Bucket 56 contains 1428786598
  Bucket 57 contains 839482101
  Bucket 58 contains 819442957
  Bucket 59 contains 671131303
  Bucket 60 contains 1219596575
  Bucket 61 contains 569680990
  Bucket 62 contains 1306562884
  Bucket 63 contains 771561747
  Bucket 64 contains 692377704
  Bucket 65 contains 694321954
  Bucket 66 contains 692033511
  Bucket 67 contains 1399175668
  Bucket 68 contains 752731178
  Bucket 69 contains 799859802
  Bucket 70 contains 784361090
  Bucket 71 contains 1083958444
  Bucket 72 contains 888050728
  Bucket 73 contains 933678433
  Bucket 74 contains 762726751
  Bucket 75 contains 1139207654
  Bucket 76 contains 650792624
  Bucket 77 contains 731633177
  Bucket 78 contains 1301627171
  Bucket 79 contains 650829079
  Bucket 80 contains 650812674
  Bucket 81 contains 1301410569
  Bucket 82 contains 650889533
  Bucket 83 contains 650852470
  Bucket 84 contains 940981578
  Bucket 85 contains 621102098
  Bucket 86 contains 1000000001
  Bucket 87 contains 1030690306
  Bucket 88 contains 1324107259
  Bucket 89 contains 785746214
  Bucket 90 contains 719663278
  Bucket 91 contains 935161079
  Bucket 92 contains 903465549
  Bucket 93 contains 906257675
  Bucket 94 contains 879173563
  Bucket 95 contains 1076975548
Hilbert SFC efficiency: 0.5857954558
Hilbert SFC ratio: 1.158713286
 Final Hilbert SFC time: 0.030207792

SFC+Knapsack previous efficiency: 0.5368353281
SFC + Knapsack ratio: 1.12270994
 Final SFC+Knapsack_Combined time: 0.000532271

SFC+Painter previous efficiency: 0.5856278456
Binary search iterations: 30
SFC+painterPartition efficiency: 0.677745357
SFC+Painter ratio: 1.157297014
 Final SFC+Painter time: 0.014754824

Hilbert+Painter previous efficiency: 0.6282677942
Binary search iterations: 29
Hilbert+painterPartition efficiency: 0.6773750567
Hilbert+Painter ratio: 1.078162947
 Final Hilbert+Painter time: 0.001150319
Painter+Knapsack previous efficiency: 0.5524137531
Binary search iterations: 30
SFC+painterPartition efficiency: 0.9143567247
Painter+Knapsack ratio: 1.138584171
 Final painter+Knapsack_Combined time: 0.019468857
Run 42
File weights 51 and ranks 51
Original previous efficiency: 0.5569363035
Original efficiency: 0.7326993489
Original ratio: 1.315589133
Knapsack previous efficiency: 0.5588056769
Knapsack ratio: 1.384555006
 Final Knapsack time: 0.014671764

Karmarkar-Karp previous efficiency: 0.5871688827
Karmarkar-Karp ratio: 1.317674046
 Final Karmarkar-Karp time: 0.020664604

SFC previous efficiency: 0.4880315233
 Time take to run this function: 6.110000008e-07
SFC ratio: 1.196491577
 Final SFC time: 0.000825549

Hilbert SFC previous efficiency: 0.5128299802
DM: HilbertProcessorMapDoIt called...
  (nprocs, nteams, nworkers) = (96, 96, 1)
  Bucket 0 contains 858429772
  Bucket 1 contains 873910349
  Bucket 2 contains 865709096
  Bucket 3 contains 174103469
  Bucket 4 contains 1499187651
  Bucket 5 contains 642919684
  Bucket 6 contains 642958685
  Bucket 7 contains 1123874674
  Bucket 8 contains 562630658
  Bucket 9 contains 1288313845
  Bucket 10 contains 786972428
  Bucket 11 contains 875917972
  Bucket 12 contains 894545847
  Bucket 13 contains 888674066
  Bucket 14 contains 642961086
  Bucket 15 contains 739018049
  Bucket 16 contains 1287796029
  Bucket 17 contains 642955685
  Bucket 18 contains 1124089180
  Bucket 19 contains 562624958
  Bucket 20 contains 649350083
  Bucket 21 contains 1514515123
  Bucket 22 contains 689638626
  Bucket 23 contains 642736379
  Bucket 24 contains 1124816703
  Bucket 25 contains 642896284
  Bucket 26 contains 642790980
  Bucket 27 contains 1285969272
  Bucket 28 contains 642888783
  Bucket 29 contains 1285887370
  Bucket 30 contains 643069989
  Bucket 31 contains 642998287
  Bucket 32 contains 1333627243
  Bucket 33 contains 561371519
  Bucket 34 contains 1125195014
  Bucket 35 contains 642949985
  Bucket 36 contains 642946085
  Bucket 37 contains 1285918271
  Bucket 38 contains 642951185
  Bucket 39 contains 642952385
  Bucket 40 contains 1379673614
  Bucket 41 contains 623948599
  Bucket 42 contains 1131351703
  Bucket 43 contains 552612398
  Bucket 44 contains 1115462612
  Bucket 45 contains 580554660
  Bucket 46 contains 632121451
  Bucket 47 contains 1452430908
  Bucket 48 contains 741780786
  Bucket 49 contains 749382169
  Bucket 50 contains 979181308
  Bucket 51 contains 1016798118
  Bucket 52 contains 671925628
  Bucket 53 contains 1091395119
  Bucket 54 contains 415980683
  Bucket 55 contains 687111048
  Bucket 56 contains 1396998798
  Bucket 57 contains 786318408
  Bucket 58 contains 820655068
  Bucket 59 contains 670348330
  Bucket 60 contains 1204398906
  Bucket 61 contains 562597957
  Bucket 62 contains 565220638
  Bucket 63 contains 1481519206
  Bucket 64 contains 694069362
  Bucket 65 contains 682631609
  Bucket 66 contains 682752513
  Bucket 67 contains 1379268551
  Bucket 68 contains 737454101
  Bucket 69 contains 785959897
  Bucket 70 contains 797713360
  Bucket 71 contains 1069934809
  Bucket 72 contains 878847009
  Bucket 73 contains 922043942
  Bucket 74 contains 753119384
  Bucket 75 contains 1124994908
  Bucket 76 contains 642642776
  Bucket 77 contains 722571091
  Bucket 78 contains 1285350654
  Bucket 79 contains 642701578
  Bucket 80 contains 642686577
  Bucket 81 contains 1285179348
  Bucket 82 contains 642751379
  Bucket 83 contains 642728578
  Bucket 84 contains 929282019
  Bucket 85 contains 613575475
  Bucket 86 contains 1000000001
  Bucket 87 contains 1012681404
  Bucket 88 contains 1307557938
  Bucket 89 contains 775928037
  Bucket 90 contains 710643922
  Bucket 91 contains 916206814
  Bucket 92 contains 892166772
  Bucket 93 contains 895643579
  Bucket 94 contains 811266479
  Bucket 95 contains 1092498206
Hilbert SFC efficiency: 0.5746179205
Hilbert SFC ratio: 1.120484259
 Final Hilbert SFC time: 0.029015282

SFC+Knapsack previous efficiency: 0.5233462955
SFC + Knapsack ratio: 1.201190658
 Final SFC+Knapsack_Combined time: 0.000520929

SFC+Painter previous efficiency: 0.5839256072
Binary search iterations: 30
SFC+painterPartition efficiency: 0.6774200975
SFC+Painter ratio: 1.160113701
 Final SFC+Painter time: 0.028231594

Hilbert+Painter previous efficiency: 0.6307778316
Binary search iterations: 30
Hilbert+painterPartition efficiency: 0.677066237
Hilbert+Painter ratio: 1.073383057
 Final Hilbert+Painter time: 0.00100652
Painter+Knapsack previous efficiency: 0.5509276811
Binary search iterations: 30
SFC+painterPartition efficiency: 0.9038513673
Painter+Knapsack ratio: 1.220057605
 Final painter+Knapsack_Combined time: 0.018714927
Run 43
File weights 51 and ranks 51
Original previous efficiency: 0.5527972077
Original efficiency: 0.773632876
Original ratio: 1.39948767
Knapsack previous efficiency: 0.5632686564
Knapsack ratio: 1.373470487
 Final Knapsack time: 0.013826907

Karmarkar-Karp previous efficiency: 0.5624627001
Karmarkar-Karp ratio: 1.375438542
 Final Karmarkar-Karp time: 0.02073523

SFC previous efficiency: 0.4936641745
 Time take to run this function: 5.610000002e-07
SFC ratio: 1.204160605
 Final SFC time: 0.000740885

Hilbert SFC previous efficiency: 0.5159492346
DM: HilbertProcessorMapDoIt called...
  (nprocs, nteams, nworkers) = (96, 96, 1)
  Bucket 0 contains 849840428
  Bucket 1 contains 865166107
  Bucket 2 contains 857046914
  Bucket 3 contains 172361411
  Bucket 4 contains 1494658842
  Bucket 5 contains 636516703
  Bucket 6 contains 636509575
  Bucket 7 contains 1112572587
  Bucket 8 contains 556967777
  Bucket 9 contains 1284019413
  Bucket 10 contains 800251239
  Bucket 11 contains 867931206
  Bucket 12 contains 844442376
  Bucket 13 contains 868399586
  Bucket 14 contains 636506605
  Bucket 15 contains 778670978
  Bucket 16 contains 1294021435
  Bucket 17 contains 636517891
  Bucket 18 contains 1112799204
  Bucket 19 contains 556963619
  Bucket 20 contains 647956537
  Bucket 21 contains 778677512
  Bucket 22 contains 1390950096
  Bucket 23 contains 636282959
  Bucket 24 contains 1113491529
  Bucket 25 contains 636453144
  Bucket 26 contains 636368200
  Bucket 27 contains 1273104986
  Bucket 28 contains 636440966
  Bucket 29 contains 636555314
  Bucket 30 contains 1273159338
  Bucket 31 contains 636570462
  Bucket 32 contains 681886365
  Bucket 33 contains 1191881235
  Bucket 34 contains 556987974
  Bucket 35 contains 1193505865
  Bucket 36 contains 636523238
  Bucket 37 contains 1276199505
  Bucket 38 contains 681844190
  Bucket 39 contains 654149736
  Bucket 40 contains 636519079
  Bucket 41 contains 1337678900
  Bucket 42 contains 564379546
  Bucket 43 contains 1095225770
  Bucket 44 contains 546204773
  Bucket 45 contains 1123434344
  Bucket 46 contains 613018666
  Bucket 47 contains 659561210
  Bucket 48 contains 1083036042
  Bucket 49 contains 1128716671
  Bucket 50 contains 973238594
  Bucket 51 contains 672760664
  Bucket 52 contains 1000390267
  Bucket 53 contains 700432844
  Bucket 54 contains 801053010
  Bucket 55 contains 677523327
  Bucket 56 contains 1370584002
  Bucket 57 contains 734233028
  Bucket 58 contains 804289054
  Bucket 59 contains 672328370
  Bucket 60 contains 1192275957
  Bucket 61 contains 556985895
  Bucket 62 contains 561136573
  Bucket 63 contains 1459150123
  Bucket 64 contains 686453647
  Bucket 65 contains 673715098
  Bucket 66 contains 673969336
  Bucket 67 contains 1364394665
  Bucket 68 contains 727081981
  Bucket 69 contains 775182626
  Bucket 70 contains 812135396
  Bucket 71 contains 1058596542
  Bucket 72 contains 868432005
  Bucket 73 contains 912757789
  Bucket 74 contains 745453672
  Bucket 75 contains 1113704483
  Bucket 76 contains 636181976
  Bucket 77 contains 715358357
  Bucket 78 contains 636225636
  Bucket 79 contains 1272492259
  Bucket 80 contains 636187619
  Bucket 81 contains 1272279899
  Bucket 82 contains 636237219
  Bucket 83 contains 636236625
  Bucket 84 contains 920004225
  Bucket 85 contains 607672826
  Bucket 86 contains 1000000001
  Bucket 87 contains 998207572
  Bucket 88 contains 664305903
  Bucket 89 contains 1372479057
  Bucket 90 contains 730763237
  Bucket 91 contains 901165738
  Bucket 92 contains 883884363
  Bucket 93 contains 885391081
  Bucket 94 contains 686002196
  Bucket 95 contains 1128692961
Hilbert SFC efficiency: 0.57584877
Hilbert SFC ratio: 1.116095793
 Final Hilbert SFC time: 0.033349999

SFC+Knapsack previous efficiency: 0.5159492346
SFC + Knapsack ratio: 1.222650431
 Final SFC+Knapsack_Combined time: 0.000551198

SFC+Painter previous efficiency: 0.5939330323
Binary search iterations: 30
SFC+painterPartition efficiency: 0.6768133934
SFC+Painter ratio: 1.13954496
 Final SFC+Painter time: 0.014772809

Hilbert+Painter previous efficiency: 0.6327398019
Binary search iterations: 30
Hilbert+painterPartition efficiency: 0.6764148127
Hilbert+Painter ratio: 1.069025231
 Final Hilbert+Painter time: 0.001165528
Painter+Knapsack previous efficiency: 0.5532814563
Binary search iterations: 30
SFC+painterPartition efficiency: 0.903003314
Painter+Knapsack ratio: 1.145071042
 Final painter+Knapsack_Combined time: 0.01737471
Run 44
File weights 51 and ranks 51
Original previous efficiency: 0.5514425812
Original efficiency: 0.7725627044
Original ratio: 1.400984854
Knapsack previous efficiency: 0.5738783969
Knapsack ratio: 1.346223677
 Final Knapsack time: 0.014849528

Karmarkar-Karp previous efficiency: 0.5412328787
Karmarkar-Karp ratio: 1.427423787
 Final Karmarkar-Karp time: 0.033138761

SFC previous efficiency: 0.4980537246
 Time take to run this function: 5.509999994e-07
SFC ratio: 1.200678075
 Final SFC time: 0.000713622

Hilbert SFC previous efficiency: 0.5204853491
DM: HilbertProcessorMapDoIt called...
  (nprocs, nteams, nworkers) = (96, 96, 1)
  Bucket 0 contains 848497730
  Bucket 1 contains 863799196
  Bucket 2 contains 855692834
  Bucket 3 contains 172089090
  Bucket 4 contains 859815153
  Bucket 5 contains 1271013175
  Bucket 6 contains 635512222
  Bucket 7 contains 1110726108
  Bucket 8 contains 556083048
  Bucket 9 contains 1297089553
  Bucket 10 contains 809424427
  Bucket 11 contains 839232738
  Bucket 12 contains 809885247
  Bucket 13 contains 825178906
  Bucket 14 contains 635519635
  Bucket 15 contains 803477948
  Bucket 16 contains 1326634834
  Bucket 17 contains 635509256
  Bucket 18 contains 1110937539
  Bucket 19 contains 556110330
  Bucket 20 contains 657560425
  Bucket 21 contains 770429958
  Bucket 22 contains 1377071523
  Bucket 23 contains 635258385
  Bucket 24 contains 1111729593
  Bucket 25 contains 635435418
  Bucket 26 contains 635360394
  Bucket 27 contains 1271113702
  Bucket 28 contains 635416736
  Bucket 29 contains 635509553
  Bucket 30 contains 1271187836
  Bucket 31 contains 635573902
  Bucket 32 contains 678257898
  Bucket 33 contains 1189886320
  Bucket 34 contains 556103510
  Bucket 35 contains 1191604760
  Bucket 36 contains 635510442
  Bucket 37 contains 635504512
  Bucket 38 contains 1387166571
  Bucket 39 contains 698237452
  Bucket 40 contains 637898464
  Bucket 41 contains 1323178435
  Bucket 42 contains 560942369
  Bucket 43 contains 1089856246
  Bucket 44 contains 544035247
  Bucket 45 contains 1119351115
  Bucket 46 contains 612561356
  Bucket 47 contains 665527219
  Bucket 48 contains 1058876661
  Bucket 49 contains 1131602639
  Bucket 50 contains 941431493
  Bucket 51 contains 670087827
  Bucket 52 contains 995497364
  Bucket 53 contains 689224619
  Bucket 54 contains 788826147
  Bucket 55 contains 676455243
  Bucket 56 contains 679179835
  Bucket 57 contains 1392591736
  Bucket 58 contains 779288146
  Bucket 59 contains 681554216
  Bucket 60 contains 1190342100
  Bucket 61 contains 556103806
  Bucket 62 contains 562638024
  Bucket 63 contains 1453285680
  Bucket 64 contains 686014644
  Bucket 65 contains 672105325
  Bucket 66 contains 672738434
  Bucket 67 contains 1361110062
  Bucket 68 contains 720508652
  Bucket 69 contains 769569108
  Bucket 70 contains 827566631
  Bucket 71 contains 1057823407
  Bucket 72 contains 859902682
  Bucket 73 contains 938532243
  Bucket 74 contains 744163797
  Bucket 75 contains 555993197
  Bucket 76 contains 1191047861
  Bucket 77 contains 714209737
  Bucket 78 contains 635198188
  Bucket 79 contains 1270420098
  Bucket 80 contains 635121681
  Bucket 81 contains 635253937
  Bucket 82 contains 1270146394
  Bucket 83 contains 635193740
  Bucket 84 contains 918574385
  Bucket 85 contains 606957376
  Bucket 86 contains 1000000001
  Bucket 87 contains 992821418
  Bucket 88 contains 671569777
  Bucket 89 contains 736068453
  Bucket 90 contains 1295452069
  Bucket 91 contains 958290576
  Bucket 92 contains 884000209
  Bucket 93 contains 702846098
  Bucket 94 contains 716214533
  Bucket 95 contains 1175883840
Hilbert SFC efficiency: 0.5904564476
Hilbert SFC ratio: 1.134434329
 Final Hilbert SFC time: 0.052523986

SFC+Knapsack previous efficiency: 0.5204853491
SFC + Knapsack ratio: 1.214536126
 Final SFC+Knapsack_Combined time: 0.000550496

SFC+Painter previous efficiency: 0.5829943267
Binary search iterations: 30
SFC+painterPartition efficiency: 0.675875838
SFC+Painter ratio: 1.159318036
 Final SFC+Painter time: 0.016489575

Hilbert+Painter previous efficiency: 0.633810293
Binary search iterations: 30
Hilbert+painterPartition efficiency: 0.6754861456
Hilbert+Painter ratio: 1.065754459
 Final Hilbert+Painter time: 0.000987703
Painter+Knapsack previous efficiency: 0.5534438304
Binary search iterations: 29
SFC+painterPartition efficiency: 0.9087314995
Painter+Knapsack ratio: 1.141689755
 Final painter+Knapsack_Combined time: 0.022530178
Run 45
File weights 51 and ranks 51
Original previous efficiency: 0.7639079918
Original efficiency: 0.7639079918
Original ratio: 1
Knapsack previous efficiency: 0.5864175483
Knapsack ratio: 1.316669214
 Final Knapsack time: 0.014125326

Karmarkar-Karp previous efficiency: 0.7721179323
Karmarkar-Karp ratio: 1
 Final Karmarkar-Karp time: 0.022672424

SFC previous efficiency: 0.5050548691
 Time take to run this function: 6.410000006e-07
SFC ratio: 1.205984949
 Final SFC time: 0.001052829

Hilbert SFC previous efficiency: 0.5247007656
DM: HilbertProcessorMapDoIt called...
  (nprocs, nteams, nworkers) = (96, 96, 1)
  Bucket 0 contains 857578952
  Bucket 1 contains 873044185
  Bucket 2 contains 864851066
  Bucket 3 contains 173930909
  Bucket 4 contains 1497223694
  Bucket 5 contains 642295044
  Bucket 6 contains 642316324
  Bucket 7 contains 1122500299
  Bucket 8 contains 562050530
  Bucket 9 contains 1326243749
  Bucket 10 contains 827754371
  Bucket 11 contains 824113172
  Bucket 12 contains 801317983
  Bucket 13 contains 811985929
  Bucket 14 contains 642311528
  Bucket 15 contains 823604860
  Bucket 16 contains 1376705942
  Bucket 17 contains 642312427
  Bucket 18 contains 1122748460
  Bucket 19 contains 562049031
  Bucket 20 contains 675018489
  Bucket 21 contains 768096717
  Bucket 22 contains 1377910784
  Bucket 23 contains 642070860
  Bucket 24 contains 1123605936
  Bucket 25 contains 642236600
  Bucket 26 contains 642150283
  Bucket 27 contains 1284748936
  Bucket 28 contains 642226410
  Bucket 29 contains 642325015
  Bucket 30 contains 1284782803
  Bucket 31 contains 642366376
  Bucket 32 contains 681655309
  Bucket 33 contains 1202526323
  Bucket 34 contains 562038841
  Bucket 35 contains 1204363257
  Bucket 36 contains 642292946
  Bucket 37 contains 642620231
  Bucket 38 contains 1454025318
  Bucket 39 contains 731353237
  Bucket 40 contains 661804491
  Bucket 41 contains 715663370
  Bucket 42 contains 1169440476
  Bucket 43 contains 1099696017
  Bucket 44 contains 548522383
  Bucket 45 contains 1128778262
  Bucket 46 contains 621498035
  Bucket 47 contains 671688989
  Bucket 48 contains 1052807939
  Bucket 49 contains 1122814945
  Bucket 50 contains 579889032
  Bucket 51 contains 1056359025
  Bucket 52 contains 1004018836
  Bucket 53 contains 688053109
  Bucket 54 contains 793876586
  Bucket 55 contains 684079679
  Bucket 56 contains 684146215
  Bucket 57 contains 1399430698
  Bucket 58 contains 762355436
  Bucket 59 contains 701126692
  Bucket 60 contains 1203100871
  Bucket 61 contains 562049331
  Bucket 62 contains 572337242
  Bucket 63 contains 1471625601
  Bucket 64 contains 692967236
  Bucket 65 contains 677568138
  Bucket 66 contains 678618029
  Bucket 67 contains 1370583427
  Bucket 68 contains 721186410
  Bucket 69 contains 770948176
  Bucket 70 contains 849106447
  Bucket 71 contains 1070807489
  Bucket 72 contains 872209638
  Bucket 73 contains 962309431
  Bucket 74 contains 752018374
  Bucket 75 contains 561900974
  Bucket 76 contains 1203724871
  Bucket 77 contains 721818053
  Bucket 78 contains 641972254
  Bucket 79 contains 1283912140
  Bucket 80 contains 641860462
  Bucket 81 contains 642004623
  Bucket 82 contains 1283683760
  Bucket 83 contains 641936289
  Bucket 84 contains 928404123
  Bucket 85 contains 613750480
  Bucket 86 contains 1000000000
  Bucket 87 contains 1002404602
  Bucket 88 contains 695811002
  Bucket 89 contains 743854070
  Bucket 90 contains 1309113415
  Bucket 91 contains 954651940
  Bucket 92 contains 715760875
  Bucket 93 contains 888530549
  Bucket 94 contains 658820909
  Bucket 95 contains 1213917224
Hilbert SFC efficiency: 0.5788955705
Hilbert SFC ratio: 1.10328707
 Final Hilbert SFC time: 0.028879208

SFC+Knapsack previous efficiency: 0.5247007656
SFC + Knapsack ratio: 1.209449187
 Final SFC+Knapsack_Combined time: 0.000714936

SFC+Painter previous efficiency: 0.5712070104
Binary search iterations: 30
SFC+painterPartition efficiency: 0.6754900134
SFC+Painter ratio: 1.182566042
 Final SFC+Painter time: 0.014438652

Hilbert+Painter previous efficiency: 0.6272385166
Binary search iterations: 29
Hilbert+painterPartition efficiency: 0.6751197468
Hilbert+Painter ratio: 1.076336559
 Final Hilbert+Painter time: 0.001033442
Painter+Knapsack previous efficiency: 0.5537439189
Binary search iterations: 30
SFC+painterPartition efficiency: 0.9100167383
Painter+Knapsack ratio: 1.139269843
 Final painter+Knapsack_Combined time: 0.018175902
Run 46
File weights 51 and ranks 51
Original previous efficiency: 0.7637483315
Original efficiency: 0.7637483315
Original ratio: 1
Knapsack previous efficiency: 0.5886256352
Knapsack ratio: 1.31109987
 Final Knapsack time: 0.014713875

Karmarkar-Karp previous efficiency: 0.7716954414
Karmarkar-Karp ratio: 1.000066804
 Final Karmarkar-Karp time: 0.020719581

SFC previous efficiency: 0.5201108988
 Time take to run this function: 5.820000002e-07
SFC ratio: 1.193558205
 Final SFC time: 0.000699495

Hilbert SFC previous efficiency: 0.5312913553
DM: HilbertProcessorMapDoIt called...
  (nprocs, nteams, nworkers) = (96, 96, 1)
  Bucket 0 contains 891168644
  Bucket 1 contains 907239619
  Bucket 2 contains 898725600
  Bucket 3 contains 180743443
  Bucket 4 contains 1531918671
  Bucket 5 contains 667470574
  Bucket 6 contains 667482721
  Bucket 7 contains 1166357787
  Bucket 8 contains 584070266
  Bucket 9 contains 1398328598
  Bucket 10 contains 860139484
  Bucket 11 contains 834055147
  Bucket 12 contains 806698534
  Bucket 13 contains 813825468
  Bucket 14 contains 667457493
  Bucket 15 contains 863865061
  Bucket 16 contains 1457232712
  Bucket 17 contains 667455624
  Bucket 18 contains 1166652108
  Bucket 19 contains 584217271
  Bucket 20 contains 712350046
  Bucket 21 contains 782208515
  Bucket 22 contains 1422880596
  Bucket 23 contains 667205218
  Bucket 24 contains 1167607329
  Bucket 25 contains 667342256
  Bucket 26 contains 667295850
  Bucket 27 contains 1335032403
  Bucket 28 contains 667372778
  Bucket 29 contains 667469951
  Bucket 30 contains 1335108397
  Bucket 31 contains 667508259
  Bucket 32 contains 705521171
  Bucket 33 contains 1249515163
  Bucket 34 contains 1168109388
  Bucket 35 contains 667476491
  Bucket 36 contains 667461853
  Bucket 37 contains 674507810
  Bucket 38 contains 1566731112
  Bucket 39 contains 793994757
  Bucket 40 contains 714777184
  Bucket 41 contains 746425023
  Bucket 42 contains 1205183169
  Bucket 43 contains 571322834
  Bucket 44 contains 1136409172
  Bucket 45 contains 575302244
  Bucket 46 contains 1229615880
  Bucket 47 contains 692604673
  Bucket 48 contains 1077558681
  Bucket 49 contains 1131968868
  Bucket 50 contains 600947123
  Bucket 51 contains 1099264119
  Bucket 52 contains 1044038866
  Bucket 53 contains 717425607
  Bucket 54 contains 827489292
  Bucket 55 contains 712281527
  Bucket 56 contains 707133553
  Bucket 57 contains 1448318982
  Bucket 58 contains 781044623
  Bucket 59 contains 743498265
  Bucket 60 contains 1251470763
  Bucket 61 contains 584109821
  Bucket 62 contains 601670988
  Bucket 63 contains 797495155
  Bucket 64 contains 1467299641
  Bucket 65 contains 702351845
  Bucket 66 contains 704612045
  Bucket 67 contains 1421545717
  Bucket 68 contains 738743031
  Bucket 69 contains 789123040
  Bucket 70 contains 892190911
  Bucket 71 contains 1114364773
  Bucket 72 contains 904798645
  Bucket 73 contains 1000011513
  Bucket 74 contains 781406529
  Bucket 75 contains 583865020
  Bucket 76 contains 1250800833
  Bucket 77 contains 750107100
  Bucket 78 contains 667087801
  Bucket 79 contains 1334143210
  Bucket 80 contains 666937058
  Bucket 81 contains 667160057
  Bucket 82 contains 1333869757
  Bucket 83 contains 667016478
  Bucket 84 contains 964769174
  Bucket 85 contains 638070524
  Bucket 86 contains 1000000001
  Bucket 87 contains 1042120340
  Bucket 88 contains 768466359
  Bucket 89 contains 772866072
  Bucket 90 contains 1360195465
  Bucket 91 contains 780256956
  Bucket 92 contains 942699858
  Bucket 93 contains 923134504
  Bucket 94 contains 679536240
  Bucket 95 contains 1235941245
Hilbert SFC efficiency: 0.5745152788
Hilbert SFC ratio: 1.081356346
 Final Hilbert SFC time: 0.028765258

SFC+Knapsack previous efficiency: 0.5312913553
SFC + Knapsack ratio: 1.199298457
 Final SFC+Knapsack_Combined time: 0.000745043

SFC+Painter previous efficiency: 0.5515258308
Binary search iterations: 30
SFC+painterPartition efficiency: 0.6761854944
SFC+Painter ratio: 1.226026881
 Final SFC+Painter time: 0.017437622

Hilbert+Painter previous efficiency: 0.6160071189
Binary search iterations: 30
Hilbert+painterPartition efficiency: 0.6747294945
Hilbert+Painter ratio: 1.09532743
 Final Hilbert+Painter time: 0.001083098
Painter+Knapsack previous efficiency: 0.5546638499
Binary search iterations: 30
SFC+painterPartition efficiency: 0.9104036517
Painter+Knapsack ratio: 1.124696106
 Final painter+Knapsack_Combined time: 0.020072136
Run 47
File weights 51 and ranks 51
Original previous efficiency: 0.7621991889
Original efficiency: 0.7621991889
Original ratio: 1
Knapsack previous efficiency: 0.58138401
Knapsack ratio: 1.326732405
 Final Knapsack time: 0.013586491

Karmarkar-Karp previous efficiency: 0.7710241751
Karmarkar-Karp ratio: 1.000410922
 Final Karmarkar-Karp time: 0.020003943

SFC previous efficiency: 0.5300803625
 Time take to run this function: 5.410000004e-07
SFC ratio: 1.140845392
 Final SFC time: 0.00071246

Hilbert SFC previous efficiency: 0.5159936012
DM: HilbertProcessorMapDoIt called...
  (nprocs, nteams, nworkers) = (96, 96, 1)
  Bucket 0 contains 928465102
  Bucket 1 contains 945208667
  Bucket 2 contains 936338324
  Bucket 3 contains 188307769
  Bucket 4 contains 1558025902
  Bucket 5 contains 695425775
  Bucket 6 contains 1302014900
  Bucket 7 contains 608502942
  Bucket 8 contains 608511054
  Bucket 9 contains 1478055118
  Bucket 10 contains 891162001
  Bucket 11 contains 805993931
  Bucket 12 contains 769317320
  Bucket 13 contains 778360735
  Bucket 14 contains 696735723
  Bucket 15 contains 1743278971
  Bucket 16 contains 700623386
  Bucket 17 contains 695389757
  Bucket 18 contains 1215376966
  Bucket 19 contains 609075659
  Bucket 20 contains 751902500
  Bucket 21 contains 1543176141
  Bucket 22 contains 730207066
  Bucket 23 contains 1303349509
  Bucket 24 contains 608219990
  Bucket 25 contains 695240818
  Bucket 26 contains 1390718835
  Bucket 27 contains 695417338
  Bucket 28 contains 695319344
  Bucket 29 contains 1390834352
  Bucket 30 contains 695546159
  Bucket 31 contains 695416689
  Bucket 32 contains 1427625182
  Bucket 33 contains 606630984
  Bucket 34 contains 1217043524
  Bucket 35 contains 695391055
  Bucket 36 contains 695410200
  Bucket 37 contains 1570324556
  Bucket 38 contains 914462990
  Bucket 39 contains 901231764
  Bucket 40 contains 788029109
  Bucket 41 contains 776813967
  Bucket 42 contains 1259714573
  Bucket 43 contains 594464989
  Bucket 44 contains 1181890262
  Bucket 45 contains 596918749
  Bucket 46 contains 1270688677
  Bucket 47 contains 724488007
  Bucket 48 contains 1112781366
  Bucket 49 contains 441838033
  Bucket 50 contains 1327150477
  Bucket 51 contains 1130086940
  Bucket 52 contains 724679614
  Bucket 53 contains 1105150219
  Bucket 54 contains 853025691
  Bucket 55 contains 742530057
  Bucket 56 contains 732242564
  Bucket 57 contains 1500121115
  Bucket 58 contains 807882438
  Bucket 59 contains 787126714
  Bucket 60 contains 1309692555
  Bucket 61 contains 608870584
  Bucket 62 contains 637874084
  Bucket 63 contains 836584490
  Bucket 64 contains 1527747714
  Bucket 65 contains 731525776
  Bucket 66 contains 733981807
  Bucket 67 contains 1480777552
  Bucket 68 contains 764834551
  Bucket 69 contains 809585663
  Bucket 70 contains 932926548
  Bucket 71 contains 1160839690
  Bucket 72 contains 944358705
  Bucket 73 contains 346798230
  Bucket 74 contains 1508997095
  Bucket 75 contains 608259253
  Bucket 76 contains 1303050658
  Bucket 77 contains 781506460
  Bucket 78 contains 694974740
  Bucket 79 contains 1389864140
  Bucket 80 contains 694797246
  Bucket 81 contains 695039312
  Bucket 82 contains 1389557501
  Bucket 83 contains 694935153
  Bucket 84 contains 1005233193
  Bucket 85 contains 665143795
  Bucket 86 contains 1000000001
  Bucket 87 contains 1086089947
  Bucket 88 contains 850459495
  Bucket 89 contains 805112464
  Bucket 90 contains 1416850311
  Bucket 91 contains 812832784
  Bucket 92 contains 973761764
  Bucket 93 contains 961798954
  Bucket 94 contains 695496242
  Bucket 95 contains 1245718969
Hilbert SFC efficiency: 0.5374279679
Hilbert SFC ratio: 1.041539985
 Final Hilbert SFC time: 0.03949286

SFC+Knapsack previous efficiency: 0.552033468
SFC + Knapsack ratio: 1.133143548
 Final SFC+Knapsack_Combined time: 0.000660319

SFC+Painter previous efficiency: 0.5342743949
Binary search iterations: 30
SFC+painterPartition efficiency: 0.6766537436
SFC+Painter ratio: 1.266491058
 Final SFC+Painter time: 0.022472236

Hilbert+Painter previous efficiency: 0.5987097935
Binary search iterations: 30
Hilbert+painterPartition efficiency: 0.6741118177
Hilbert+Painter ratio: 1.125940857
 Final Hilbert+Painter time: 0.0010217
Painter+Knapsack previous efficiency: 0.5553096088
Binary search iterations: 30
SFC+painterPartition efficiency: 0.923503693
Painter+Knapsack ratio: 1.100478379
 Final painter+Knapsack_Combined time: 0.018844838
Run 48
File weights 51 and ranks 51
Original previous efficiency: 0.7613500078
Original efficiency: 0.7613500078
Original ratio: 1
Knapsack previous efficiency: 0.5843704345
Knapsack ratio: 1.318933117
 Final Knapsack time: 0.014087723

Karmarkar-Karp previous efficiency: 0.7702582644
Karmarkar-Karp ratio: 1.000632585
 Final Karmarkar-Karp time: 0.020394971

SFC previous efficiency: 0.5455819437
 Time take to run this function: 5.510000003e-07
SFC ratio: 1.10301147
 Final SFC time: 0.000804809

Hilbert SFC previous efficiency: 0.5024913098
DM: HilbertProcessorMapDoIt called...
  (nprocs, nteams, nworkers) = (96, 96, 1)
  Bucket 0 contains 961267284
  Bucket 1 contains 963167022
  Bucket 2 contains 969418653
  Bucket 3 contains 210395952
  Bucket 4 contains 1554865516
  Bucket 5 contains 719961534
  Bucket 6 contains 1347951899
  Bucket 7 contains 630001695
  Bucket 8 contains 1354376598
  Bucket 9 contains 823577107
  Bucket 10 contains 890837901
  Bucket 11 contains 793187783
  Bucket 12 contains 777986067
  Bucket 13 contains 1517444433
  Bucket 14 contains 931274803
  Bucket 15 contains 882747564
  Bucket 16 contains 729914711
  Bucket 17 contains 1348192775
  Bucket 18 contains 630024203
  Bucket 19 contains 631267217
  Bucket 20 contains 1610108387
  Bucket 21 contains 770216562
  Bucket 22 contains 754542836
  Bucket 23 contains 1349364903
  Bucket 24 contains 629701692
  Bucket 25 contains 719760972
  Bucket 26 contains 1439845799
  Bucket 27 contains 719996473
  Bucket 28 contains 719889977
  Bucket 29 contains 1439965733
  Bucket 30 contains 720126821
  Bucket 31 contains 719938018
  Bucket 32 contains 1476714581
  Bucket 33 contains 627925863
  Bucket 34 contains 1260032953
  Bucket 35 contains 719969261
  Bucket 36 contains 1495348695
  Bucket 37 contains 931601010
  Bucket 38 contains 968359265
  Bucket 39 contains 959905095
  Bucket 40 contains 880428168
  Bucket 41 contains 801997445
  Bucket 42 contains 682342240
  Bucket 43 contains 1241792459
  Bucket 44 contains 1220855076
  Bucket 45 contains 615846068
  Bucket 46 contains 1303649168
  Bucket 47 contains 739269898
  Bucket 48 contains 1144577118
  Bucket 49 contains 456222724
  Bucket 50 contains 1359178939
  Bucket 51 contains 1159975139
  Bucket 52 contains 750164237
  Bucket 53 contains 1144242287
  Bucket 54 contains 884340132
  Bucket 55 contains 766535899
  Bucket 56 contains 756143971
  Bucket 57 contains 1540861460
  Bucket 58 contains 829984001
  Bucket 59 contains 826237491
  Bucket 60 contains 735851611
  Bucket 61 contains 1259590172
  Bucket 62 contains 670770515
  Bucket 63 contains 857838585
  Bucket 64 contains 1572968717
  Bucket 65 contains 755456283
  Bucket 66 contains 758431788
  Bucket 67 contains 762302598
  Bucket 68 contains 1560943179
  Bucket 69 contains 828337176
  Bucket 70 contains 963963365
  Bucket 71 contains 1200427778
  Bucket 72 contains 978665739
  Bucket 73 contains 359050428
  Bucket 74 contains 1562117323
  Bucket 75 contains 629739318
  Bucket 76 contains 629602251
  Bucket 77 contains 1438787559
  Bucket 78 contains 809199642
  Bucket 79 contains 719320542
  Bucket 80 contains 1438796629
  Bucket 81 contains 719539245
  Bucket 82 contains 719149208
  Bucket 83 contains 1438871210
  Bucket 84 contains 1040805661
  Bucket 85 contains 689014865
  Bucket 86 contains 1000000001
  Bucket 87 contains 1125888369
  Bucket 88 contains 924561186
  Bucket 89 contains 833476362
  Bucket 90 contains 748727548
  Bucket 91 contains 1513151162
  Bucket 92 contains 1050091249
  Bucket 93 contains 797087317
  Bucket 94 contains 877307757
  Bucket 95 contains 1242212174
Hilbert SFC efficiency: 0.6017831418
Hilbert SFC ratio: 1.197599103
 Final Hilbert SFC time: 0.032508689

SFC+Knapsack previous efficiency: 0.5753689466
SFC + Knapsack ratio: 1.078002907
 Final SFC+Knapsack_Combined time: 0.007823346

SFC+Painter previous efficiency: 0.5215913089
Binary search iterations: 30
SFC+painterPartition efficiency: 0.67416025
SFC+Painter ratio: 1.292506678
 Final SFC+Painter time: 0.01526363

Hilbert+Painter previous efficiency: 0.5759161512
Binary search iterations: 30
Hilbert+painterPartition efficiency: 0.6734350528
Hilbert+Painter ratio: 1.169328298
 Final Hilbert+Painter time: 0.000994997
Painter+Knapsack previous efficiency: 0.5568817789
Binary search iterations: 30
SFC+painterPartition efficiency: 0.93433551
Painter+Knapsack ratio: 1.097649498
 Final painter+Knapsack_Combined time: 0.017650875
Run 49
File weights 51 and ranks 51
Original previous efficiency: 0.7547383087
Original efficiency: 0.7547383087
Original ratio: 1
Knapsack previous efficiency: 0.6021146042
Knapsack ratio: 1.278906176
 Final Knapsack time: 0.013956839

Karmarkar-Karp previous efficiency: 0.7687330695
Karmarkar-Karp ratio: 1.001710628
 Final Karmarkar-Karp time: 0.021293261

SFC previous efficiency: 0.546864381
 Time take to run this function: 6.209999999e-07
SFC ratio: 1.066280492
 Final SFC time: 0.000710707

Hilbert SFC previous efficiency: 0.4973475742
DM: HilbertProcessorMapDoIt called...
  (nprocs, nteams, nworkers) = (96, 96, 1)
  Bucket 0 contains 984591746
  Bucket 1 contains 986537579
  Bucket 2 contains 992940908
  Bucket 3 contains 215501059
  Bucket 4 contains 1556152228
  Bucket 5 contains 737463235
  Bucket 6 contains 1380543034
  Bucket 7 contains 645271034
  Bucket 8 contains 1390784171
  Bucket 9 contains 858279546
  Bucket 10 contains 870986512
  Bucket 11 contains 797527118
  Bucket 12 contains 791132342
  Bucket 13 contains 1583275654
  Bucket 14 contains 925911245
  Bucket 15 contains 919029222
  Bucket 16 contains 752934366
  Bucket 17 contains 1380810400
  Bucket 18 contains 645294433
  Bucket 19 contains 647866589
  Bucket 20 contains 1664047885
  Bucket 21 contains 785902694
  Bucket 22 contains 771258094
  Bucket 23 contains 1382097338
  Bucket 24 contains 644984053
  Bucket 25 contains 737182449
  Bucket 26 contains 1474782980
  Bucket 27 contains 737464612
  Bucket 28 contains 737357252
  Bucket 29 contains 1474887931
  Bucket 30 contains 737576444
  Bucket 31 contains 737369984
  Bucket 32 contains 1510597712
  Bucket 33 contains 643071539
  Bucket 34 contains 1290604694
  Bucket 35 contains 737468053
  Bucket 36 contains 737462547
  Bucket 37 contains 840156429
  Bucket 38 contains 970938941
  Bucket 39 contains 1000000001
  Bucket 40 contains 991411237
  Bucket 41 contains 1743510871
  Bucket 42 contains 690585996
  Bucket 43 contains 1266808608
  Bucket 44 contains 624444944
  Bucket 45 contains 1253710056
  Bucket 46 contains 644778223
  Bucket 47 contains 1424834982
  Bucket 48 contains 1160657601
  Bucket 49 contains 479676156
  Bucket 50 contains 1371857519
  Bucket 51 contains 810293440
  Bucket 52 contains 1152750615
  Bucket 53 contains 1169353839
  Bucket 54 contains 904788081
  Bucket 55 contains 785240987
  Bucket 56 contains 772623487
  Bucket 57 contains 776786767
  Bucket 58 contains 1636641953
  Bucket 59 contains 855666787
  Bucket 60 contains 764028530
  Bucket 61 contains 1290799111
  Bucket 62 contains 696788477
  Bucket 63 contains 855774834
  Bucket 64 contains 828440016
  Bucket 65 contains 1552241863
  Bucket 66 contains 775015334
  Bucket 67 contains 779835503
  Bucket 68 contains 1599507591
  Bucket 69 contains 845565354
  Bucket 70 contains 985464481
  Bucket 71 contains 611271091
  Bucket 72 contains 1319036049
  Bucket 73 contains 678122971
  Bucket 74 contains 964513826
  Bucket 75 contains 1280385235
  Bucket 76 contains 644796862
  Bucket 77 contains 1473605122
  Bucket 78 contains 828811242
  Bucket 79 contains 736723762
  Bucket 80 contains 1473609939
  Bucket 81 contains 736968418
  Bucket 82 contains 736510763
  Bucket 83 contains 1473721428
  Bucket 84 contains 985684013
  Bucket 85 contains 786576667
  Bucket 86 contains 1006166464
  Bucket 87 contains 1138772039
  Bucket 88 contains 987962653
  Bucket 89 contains 853582391
  Bucket 90 contains 766822285
  Bucket 91 contains 814333184
  Bucket 92 contains 1195484358
  Bucket 93 contains 1026428684
  Bucket 94 contains 1047048601
  Bucket 95 contains 1345795302
Hilbert SFC efficiency: 0.5680627318
Hilbert SFC ratio: 1.142184583
 Final Hilbert SFC time: 0.040862203

SFC+Knapsack previous efficiency: 0.5700813257
SFC + Knapsack ratio: 1.097198803
 Final SFC+Knapsack_Combined time: 0.000590905

SFC+Painter previous efficiency: 0.510052428
Binary search iterations: 30
SFC+painterPartition efficiency: 0.6746959744
SFC+Painter ratio: 1.3227973
 Final SFC+Painter time: 0.017430709

Hilbert+Painter previous efficiency: 0.5680627318
Binary search iterations: 30
Hilbert+painterPartition efficiency: 0.6721157839
Hilbert+Painter ratio: 1.183171763
 Final Hilbert+Painter time: 0.001018313
Painter+Knapsack previous efficiency: 0.5595821948
Binary search iterations: 30
SFC+painterPartition efficiency: 0.9306266228
Painter+Knapsack ratio: 1.089151648
 Final painter+Knapsack_Combined time: 0.032861132
Run 50
File weights 51 and ranks 51
Original previous efficiency: 0.7409273116
Original efficiency: 0.7409273116
Original ratio: 1
Knapsack previous efficiency: 0.6112683752
Knapsack ratio: 1.25858407
 Final Knapsack time: 0.0202913

Karmarkar-Karp previous efficiency: 0.7679448307
Karmarkar-Karp ratio: 1.001807172
 Final Karmarkar-Karp time: 0.039933595

SFC previous efficiency: 0.5332012674
 Time take to run this function: 5.710000002e-07
SFC ratio: 1.095043313
 Final SFC time: 0.000742428

Hilbert SFC previous efficiency: 0.4939457713
DM: HilbertProcessorMapDoIt called...
  (nprocs, nteams, nworkers) = (96, 96, 1)
  Bucket 0 contains 980240260
  Bucket 1 contains 982177494
  Bucket 2 contains 988552517
  Bucket 3 contains 214548634
  Bucket 4 contains 1538744379
  Bucket 5 contains 734162127
  Bucket 6 contains 1374430925
  Bucket 7 contains 642440758
  Bucket 8 contains 1389580855
  Bucket 9 contains 864415960
  Bucket 10 contains 840720022
  Bucket 11 contains 787687903
  Bucket 12 contains 788855075
  Bucket 13 contains 1621640594
  Bucket 14 contains 876985917
  Bucket 15 contains 926784420
  Bucket 16 contains 756119812
  Bucket 17 contains 1374600845
  Bucket 18 contains 642445897
  Bucket 19 contains 647885387
  Bucket 20 contains 1659377528
  Bucket 21 contains 775974740
  Bucket 22 contains 763601766
  Bucket 23 contains 1375979731
  Bucket 24 contains 642148880
  Bucket 25 contains 733914441
  Bucket 26 contains 1468270811
  Bucket 27 contains 734162127
  Bucket 28 contains 734139516
  Bucket 29 contains 1468372900
  Bucket 30 contains 734331361
  Bucket 31 contains 734085731
  Bucket 32 contains 1498853298
  Bucket 33 contains 640104703
  Bucket 34 contains 1284876378
  Bucket 35 contains 734212486
  Bucket 36 contains 738134003
  Bucket 37 contains 869935957
  Bucket 38 contains 977403745
  Bucket 39 contains 1000000001
  Bucket 40 contains 994153867
  Bucket 41 contains 1731820306
  Bucket 42 contains 682462303
  Bucket 43 contains 1256295128
  Bucket 44 contains 621484034
  Bucket 45 contains 1247762137
  Bucket 46 contains 640796657
  Bucket 47 contains 1421793966
  Bucket 48 contains 778570128
  Bucket 49 contains 862536509
  Bucket 50 contains 1338896039
  Bucket 51 contains 804531378
  Bucket 52 contains 1144703186
  Bucket 53 contains 760755094
  Bucket 54 contains 1278158432
  Bucket 55 contains 783108290
  Bucket 56 contains 766042309
  Bucket 57 contains 771259464
  Bucket 58 contains 1620436766
  Bucket 59 contains 857363944
  Bucket 60 contains 778054887
  Bucket 61 contains 1285931524
  Bucket 62 contains 702073372
  Bucket 63 contains 840792649
  Bucket 64 contains 826068776
  Bucket 65 contains 1543939266
  Bucket 66 contains 770638366
  Bucket 67 contains 775514654
  Bucket 68 contains 785122319
  Bucket 69 contains 1640227631
  Bucket 70 contains 971890600
  Bucket 71 contains 609608545
  Bucket 72 contains 1336836562
  Bucket 73 contains 675125950
  Bucket 74 contains 960325032
  Bucket 75 contains 1274458167
  Bucket 76 contains 641827197
  Bucket 77 contains 1467019022
  Bucket 78 contains 825172185
  Bucket 79 contains 733385497
  Bucket 80 contains 733588647
  Bucket 81 contains 1467008060
  Bucket 82 contains 733225170
  Bucket 83 contains 733517048
  Bucket 84 contains 1369423086
  Bucket 85 contains 990427105
  Bucket 86 contains 1088455951
  Bucket 87 contains 1150712060
  Bucket 88 contains 992824656
  Bucket 89 contains 881229630
  Bucket 90 contains 763253020
  Bucket 91 contains 810676242
  Bucket 92 contains 1190599185
  Bucket 93 contains 1023248183
  Bucket 94 contains 1040094570
  Bucket 95 contains 1244246923
Hilbert SFC efficiency: 0.5687679414
Hilbert SFC ratio: 1.151478511
 Final Hilbert SFC time: 0.02908698

SFC+Knapsack previous efficiency: 0.5654086535
SFC + Knapsack ratio: 1.114121167
 Final SFC+Knapsack_Combined time: 0.000555305

SFC+Painter previous efficiency: 0.5013468834
Binary search iterations: 30
SFC+painterPartition efficiency: 0.6740498875
SFC+Painter ratio: 1.344478065
 Final SFC+Painter time: 0.014362034

Hilbert+Painter previous efficiency: 0.5687679414
Binary search iterations: 30
Hilbert+painterPartition efficiency: 0.6715589545
Hilbert+Painter ratio: 1.18072575
 Final Hilbert+Painter time: 0.001028091
Painter+Knapsack previous efficiency: 0.5627112078
Binary search iterations: 30
SFC+painterPartition efficiency: 0.9287593763
Painter+Knapsack ratio: 1.094055899
 Final painter+Knapsack_Combined time: 0.018799871


TinyProfiler total time across processes [min...avg...max]: 7.41 ... 7.41 ... 7.41

-------------------------------------------------------------------------------------
Name                                  NCalls  Excl. Min  Excl. Avg  Excl. Max   Max %
-------------------------------------------------------------------------------------
HilbertProcessorMapDoIt()                 51      2.815      2.815      2.815  37.99%
painterPartition()                       153      1.136      1.136      1.136  15.33%
KKDoIt()                                  51     0.8476     0.8476     0.8476  11.44%
SFCProcessorMapDoItCombinedPainter()      51     0.8222     0.8222     0.8222  11.10%
KnapSackDoIt()                            51     0.7763     0.7763     0.7763  10.48%
kk()                                      51     0.3344     0.3344     0.3344   4.51%
SFCProcessorMapDoIt()                     51      0.021      0.021      0.021   0.28%
SFCProcessorMapDoItCombined()             51    0.01031    0.01031    0.01031   0.14%
knapsack()                              2499   0.007306   0.007306   0.007306   0.10%
Distribute()                             102  0.0007985  0.0007985  0.0007985   0.01%
HilbertDistribute()                       51  0.0005003  0.0005003  0.0005003   0.01%
knapsack()swap                          1977  0.0002473  0.0002473  0.0002473   0.00%
-------------------------------------------------------------------------------------

-------------------------------------------------------------------------------------
Name                                  NCalls  Incl. Min  Incl. Avg  Incl. Max   Max %
-------------------------------------------------------------------------------------
HilbertProcessorMapDoIt()                 51      2.816      2.816      2.816  38.00%
KKDoIt()                                  51      1.182      1.182      1.182  15.95%
painterPartition()                       153      1.136      1.136      1.136  15.33%
SFCProcessorMapDoItCombinedPainter()      51      1.068      1.068      1.068  14.42%
KnapSackDoIt()                            51     0.7795     0.7795     0.7795  10.52%
kk()                                      51     0.3344     0.3344     0.3344   4.51%
SFCProcessorMapDoIt()                     51     0.0215     0.0215     0.0215   0.29%
SFCProcessorMapDoItCombined()             51    0.01246    0.01246    0.01246   0.17%
knapsack()                              2499   0.007553   0.007553   0.007553   0.10%
Distribute()                             102  0.0007985  0.0007985  0.0007985   0.01%
HilbertDistribute()                       51  0.0005003  0.0005003  0.0005003   0.01%
knapsack()swap                          1977  0.0002473  0.0002473  0.0002473   0.00%
-------------------------------------------------------------------------------------

Pinned Memory Usage:
-----------------------------------------------------------------
Name                            Nalloc  Nfree    AvgMem    MaxMem
-----------------------------------------------------------------
The_Pinned_Arena::Initialize()       1      1  1178   B  8192 KiB
-----------------------------------------------------------------

AMReX (25.06-22-g1d307c2c661a-dirty) finalized
