Initializing AMReX (25.06-22-g1d307c2c661a-dirty)...
OMP initialized with 256 OMP threads
AMReX (25.06-22-g1d307c2c661a-dirty) initialized
Starting running input_laser_ion running with 12 nodes and 4 ranks per node.
Total steps: 5000, intervals: 100 = 50 runs
Reading precomputed weights, memory, and ranks from file: /global/homes/j/jessd/amrex_LB/Tools/lb_extractor/lb_inputs/imp_50/laser_ion_8_boxes_48_ranks_timers_50_lb_data.txt
/global/homes/j/jessd/amrex_LB/Tools/lb_extractor/lb_inputs/imp_50/laser_ion_8_boxes_48_ranks_timers_50_lb_data.txt
Run 0: Weights size: 435
Run 1: Weights size: 435
Run 2: Weights size: 435
Run 3: Weights size: 435
Run 4: Weights size: 435
Run 5: Weights size: 435
Run 6: Weights size: 435
Run 7: Weights size: 435
Run 8: Weights size: 435
Run 9: Weights size: 435
Run 10: Weights size: 435
Run 11: Weights size: 435
Run 12: Weights size: 435
Run 13: Weights size: 435
Run 14: Weights size: 435
Run 15: Weights size: 435
Run 16: Weights size: 435
Run 17: Weights size: 435
Run 18: Weights size: 435
Run 19: Weights size: 435
Run 20: Weights size: 435
Run 21: Weights size: 435
Run 22: Weights size: 435
Run 23: Weights size: 435
Run 24: Weights size: 435
Run 25: Weights size: 435
Run 26: Weights size: 435
Run 27: Weights size: 435
Run 28: Weights size: 435
Run 29: Weights size: 435
Run 30: Weights size: 435
Run 31: Weights size: 435
Run 32: Weights size: 435
Run 33: Weights size: 435
Run 34: Weights size: 435
Run 35: Weights size: 435
Run 36: Weights size: 435
Run 37: Weights size: 435
Run 38: Weights size: 435
Run 39: Weights size: 435
Run 40: Weights size: 435
Run 41: Weights size: 435
Run 42: Weights size: 435
Run 43: Weights size: 435
Run 44: Weights size: 435
Run 45: Weights size: 435
Run 46: Weights size: 435
Run 47: Weights size: 435
Run 48: Weights size: 435
Run 49: Weights size: 435
Run 50: Weights size: 435
Run 0
File weights 51 and ranks 51
Original efficiency: 0.5171832272
Original ratio: inf
Knapsack ratio: inf
 Final Knapsack time: 0.007505482

Karmarkar-Karp ratio: inf
 Final Karmarkar-Karp time: 0.011281769

 Time take to run this function: 9.62e-07
SFC ratio: inf
 Final SFC time: 0.000893301

DM: HilbertProcessorMapDoIt called...
  (nprocs, nteams, nworkers) = (48, 48, 1)
Building Hilbert lookup table for order 8...
  Bucket 0 contains 441065328
  Bucket 1 contains 451490022
  Bucket 2 contains 384218581
  Bucket 3 contains 637581050
  Bucket 4 contains 665636388
  Bucket 5 contains 598060201
  Bucket 6 contains 8532642
  Bucket 7 contains 637564202
  Bucket 8 contains 748703018
  Bucket 9 contains 415412088
  Bucket 10 contains 631215760
  Bucket 11 contains 761738144
  Bucket 12 contains 353728566
  Bucket 13 contains 1000000001
  Bucket 14 contains 29915857
  Bucket 15 contains 998133620
  Bucket 16 contains 301694630
  Bucket 17 contains 997018383
  Bucket 18 contains 436552870
  Bucket 19 contains 411436255
  Bucket 20 contains 631190947
  Bucket 21 contains 12876884
  Bucket 22 contains 637594361
  Bucket 23 contains 700194157
  Bucket 24 contains 544336038
  Bucket 25 contains 552135632
  Bucket 26 contains 224774873
  Bucket 27 contains 545084713
  Bucket 28 contains 548858710
  Bucket 29 contains 513881547
  Bucket 30 contains 842621527
  Bucket 31 contains 557049929
  Bucket 32 contains 481843159
  Bucket 33 contains 606615257
  Bucket 34 contains 409672608
  Bucket 35 contains 606850769
  Bucket 36 contains 17167117
  Bucket 37 contains 607934805
  Bucket 38 contains 734340441
  Bucket 39 contains 730407814
  Bucket 40 contains 633277233
  Bucket 41 contains 485328799
  Bucket 42 contains 540071310
  Bucket 43 contains 525766573
  Bucket 44 contains 417041473
  Bucket 45 contains 464567488
  Bucket 46 contains 478945360
  Bucket 47 contains 898756823
Hilbert SFC efficiency: 0.5387267485
Hilbert SFC ratio: inf
 Final Hilbert SFC time: 1.192291429

SFC + Knapsack ratio: inf
 Final SFC+Knapsack_Combined time: 0.000528765

Binary search iterations: 29
SFC+painterPartition efficiency: 0.5387267485
SFC+Painter ratio: inf
 Final SFC+Painter time: 0.007449114

Binary search iterations: 29
Hilbert+painterPartition efficiency: 0.5387267485
Hilbert+Painter ratio: inf
 Final Hilbert+Painter time: 0.000926005
Binary search iterations: 30
SFC+painterPartition efficiency: 0.9130605445
Painter+Knapsack ratio: inf
 Final painter+Knapsack_Combined time: 0.009474598
Run 1
File weights 51 and ranks 51
Original previous efficiency: 0.3676042417
Original efficiency: 0.3676042417
Original ratio: 1
Knapsack previous efficiency: 0.3488108597
Knapsack ratio: 2.849972771
 Final Knapsack time: 0.007165965

Karmarkar-Karp previous efficiency: 0.3488108597
Karmarkar-Karp ratio: 2.856804037
 Final Karmarkar-Karp time: 0.009754541

SFC previous efficiency: 0.2506856446
 Time take to run this function: 6.71e-07
SFC ratio: 3.21142528
 Final SFC time: 0.00062479

Hilbert SFC previous efficiency: 0.1624689379
DM: HilbertProcessorMapDoIt called...
  (nprocs, nteams, nworkers) = (48, 48, 1)
  Bucket 0 contains 2842838644
  Bucket 1 contains 2955645799
  Bucket 2 contains 2868943769
  Bucket 3 contains 2916484188
  Bucket 4 contains 2901794812
  Bucket 5 contains 2609277859
  Bucket 6 contains 2386636165
  Bucket 7 contains 3369766522
  Bucket 8 contains 3134341875
  Bucket 9 contains 2516772107
  Bucket 10 contains 3364496531
  Bucket 11 contains 2529392366
  Bucket 12 contains 2384080468
  Bucket 13 contains 3506496150
  Bucket 14 contains 3191119303
  Bucket 15 contains 2533448289
  Bucket 16 contains 2529013476
  Bucket 17 contains 3363326525
  Bucket 18 contains 2393596564
  Bucket 19 contains 3363984987
  Bucket 20 contains 2522217360
  Bucket 21 contains 3285229513
  Bucket 22 contains 2669591377
  Bucket 23 contains 3369681161
  Bucket 24 contains 2374209533
  Bucket 25 contains 3486274715
  Bucket 26 contains 2542839561
  Bucket 27 contains 2531202808
  Bucket 28 contains 3526352187
  Bucket 29 contains 2796516375
  Bucket 30 contains 3097423263
  Bucket 31 contains 2606650785
  Bucket 32 contains 2525977591
  Bucket 33 contains 3358205961
  Bucket 34 contains 2943703896
  Bucket 35 contains 2974134719
  Bucket 36 contains 2313543902
  Bucket 37 contains 3190465116
  Bucket 38 contains 2992857616
  Bucket 39 contains 2624867136
  Bucket 40 contains 3378599863
  Bucket 41 contains 2958699862
  Bucket 42 contains 2287513361
  Bucket 43 contains 2971232537
  Bucket 44 contains 3277262967
  Bucket 45 contains 2476877340
  Bucket 46 contains 3230014418
  Bucket 47 contains 3195822292
Hilbert SFC efficiency: 0.8221989292
Hilbert SFC ratio: 5.060653069
 Final Hilbert SFC time: 0.015344752

SFC+Knapsack previous efficiency: 0.1618664929
SFC + Knapsack ratio: 5.326468751
 Final SFC+Knapsack_Combined time: 0.000509828

SFC+Painter previous efficiency: 0.1959909243
Binary search iterations: 29
SFC+painterPartition efficiency: 0.8624961289
SFC+Painter ratio: 4.400694226
 Final SFC+Painter time: 0.007095218

Hilbert+Painter previous efficiency: 0.1745525754
Binary search iterations: 30
Hilbert+painterPartition efficiency: 0.8754821465
Hilbert+Painter ratio: 5.015578511
 Final Hilbert+Painter time: 0.000981422
Painter+Knapsack previous efficiency: 0.2579505292
Binary search iterations: 30
SFC+painterPartition efficiency: 0.9757265855
Painter+Knapsack ratio: 3.342411505
 Final painter+Knapsack_Combined time: 0.009137716
Run 2
File weights 51 and ranks 51
Original previous efficiency: 0.3573229864
Original efficiency: 0.9053052192
Original ratio: 2.533576774
Knapsack previous efficiency: 0.9053052192
Knapsack ratio: 1.099279589
 Final Knapsack time: 0.006911312

Karmarkar-Karp previous efficiency: 0.8982638142
Karmarkar-Karp ratio: 1.109723033
 Final Karmarkar-Karp time: 0.008862973

SFC previous efficiency: 0.6885937397
 Time take to run this function: 5.009999999e-07
SFC ratio: 1.160158365
 Final SFC time: 0.000621204

Hilbert SFC previous efficiency: 0.7560624335
DM: HilbertProcessorMapDoIt called...
  (nprocs, nteams, nworkers) = (48, 48, 1)
  Bucket 0 contains 2773192643
  Bucket 1 contains 2771529849
  Bucket 2 contains 2775629180
  Bucket 3 contains 2816979341
  Bucket 4 contains 2770431662
  Bucket 5 contains 2472808659
  Bucket 6 contains 2488039896
  Bucket 7 contains 3071611359
  Bucket 8 contains 2640915422
  Bucket 9 contains 3336142924
  Bucket 10 contains 2655012504
  Bucket 11 contains 2387662374
  Bucket 12 contains 2523015255
  Bucket 13 contains 3168910517
  Bucket 14 contains 2521833017
  Bucket 15 contains 3345124324
  Bucket 16 contains 2513101231
  Bucket 17 contains 3089615951
  Bucket 18 contains 2505923315
  Bucket 19 contains 2493751592
  Bucket 20 contains 3474905341
  Bucket 21 contains 2534146145
  Bucket 22 contains 2569269475
  Bucket 23 contains 2720849686
  Bucket 24 contains 3324255971
  Bucket 25 contains 2641747993
  Bucket 26 contains 2612988870
  Bucket 27 contains 2595533405
  Bucket 28 contains 3384045804
  Bucket 29 contains 2503152259
  Bucket 30 contains 2422290207
  Bucket 31 contains 3406187561
  Bucket 32 contains 2802646923
  Bucket 33 contains 2501680108
  Bucket 34 contains 2847113581
  Bucket 35 contains 2713112098
  Bucket 36 contains 2979811891
  Bucket 37 contains 2650301469
  Bucket 38 contains 2546767854
  Bucket 39 contains 3368347696
  Bucket 40 contains 2800958949
  Bucket 41 contains 2806853277
  Bucket 42 contains 2745670884
  Bucket 43 contains 2345336199
  Bucket 44 contains 2846133105
  Bucket 45 contains 3106269417
  Bucket 46 contains 2751675265
  Bucket 47 contains 2970464286
Hilbert SFC efficiency: 0.8039412443
Hilbert SFC ratio: 1.06332653
 Final Hilbert SFC time: 0.014398359

SFC+Knapsack previous efficiency: 0.8018883298
SFC + Knapsack ratio: 1.042937574
 Final SFC+Knapsack_Combined time: 0.000533634

SFC+Painter previous efficiency: 0.7725049614
Binary search iterations: 30
SFC+painterPartition efficiency: 0.8741943248
SFC+Painter ratio: 1.131635871
 Final SFC+Painter time: 0.008333306

Hilbert+Painter previous efficiency: 0.8029896324
Binary search iterations: 29
Hilbert+painterPartition efficiency: 0.8573293957
Hilbert+Painter ratio: 1.067671812
 Final Hilbert+Painter time: 0.000936314
Painter+Knapsack previous efficiency: 0.8018883298
Binary search iterations: 30
SFC+painterPartition efficiency: 0.9759986055
Painter+Knapsack ratio: 1.045620504
 Final painter+Knapsack_Combined time: 0.009694043
Run 3
File weights 51 and ranks 51
Original previous efficiency: 0.926897564
Original efficiency: 0.926897564
Original ratio: 1
Knapsack previous efficiency: 0.926897564
Knapsack ratio: 1.065934516
 Final Knapsack time: 0.007044189

Karmarkar-Karp previous efficiency: 0.925403924
Karmarkar-Karp ratio: 1.068365225
 Final Karmarkar-Karp time: 0.009660148

SFC previous efficiency: 0.716556892
 Time take to run this function: 4.810000001e-07
SFC ratio: 1.079951977
 Final SFC time: 0.000905123

Hilbert SFC previous efficiency: 0.7654576122
DM: HilbertProcessorMapDoIt called...
  (nprocs, nteams, nworkers) = (48, 48, 1)
  Bucket 0 contains 2966364212
  Bucket 1 contains 3039913872
  Bucket 2 contains 2974358780
  Bucket 3 contains 3011621385
  Bucket 4 contains 3033643427
  Bucket 5 contains 2971832670
  Bucket 6 contains 2749052217
  Bucket 7 contains 2474802034
  Bucket 8 contains 3676769361
  Bucket 9 contains 2724520383
  Bucket 10 contains 2758716287
  Bucket 11 contains 3403865086
  Bucket 12 contains 2762050828
  Bucket 13 contains 3481318255
  Bucket 14 contains 2758169230
  Bucket 15 contains 2753019581
  Bucket 16 contains 2777174149
  Bucket 17 contains 3486047568
  Bucket 18 contains 2650816264
  Bucket 19 contains 3657954004
  Bucket 20 contains 2699060808
  Bucket 21 contains 2771734088
  Bucket 22 contains 2765071280
  Bucket 23 contains 3620378143
  Bucket 24 contains 2727176124
  Bucket 25 contains 2967288794
  Bucket 26 contains 2983284517
  Bucket 27 contains 2922179734
  Bucket 28 contains 3697820860
  Bucket 29 contains 2754352313
  Bucket 30 contains 2561199258
  Bucket 31 contains 3673683375
  Bucket 32 contains 2758189723
  Bucket 33 contains 2756660510
  Bucket 34 contains 3405895023
  Bucket 35 contains 3073894418
  Bucket 36 contains 3015905581
  Bucket 37 contains 2587513154
  Bucket 38 contains 3019555523
  Bucket 39 contains 2767521340
  Bucket 40 contains 3619762403
  Bucket 41 contains 3151417699
  Bucket 42 contains 2255564169
  Bucket 43 contains 3158259131
  Bucket 44 contains 3512074589
  Bucket 45 contains 2641113962
  Bucket 46 contains 3059656140
  Bucket 47 contains 3464640605
Hilbert SFC efficiency: 0.8141217283
Hilbert SFC ratio: 1.063575194
 Final Hilbert SFC time: 0.01373899

SFC+Knapsack previous efficiency: 0.8173350535
SFC + Knapsack ratio: 1.007462501
 Final SFC+Knapsack_Combined time: 0.000482645

SFC+Painter previous efficiency: 0.8200487977
Binary search iterations: 30
SFC+painterPartition efficiency: 0.8678487655
SFC+Painter ratio: 1.058289175
 Final SFC+Painter time: 0.006918216

Hilbert+Painter previous efficiency: 0.8291222577
Binary search iterations: 30
Hilbert+painterPartition efficiency: 0.8604305287
Hilbert+Painter ratio: 1.037760741
 Final Hilbert+Painter time: 0.000978146
Painter+Knapsack previous efficiency: 0.8173350535
Binary search iterations: 30
SFC+painterPartition efficiency: 0.972953231
Painter+Knapsack ratio: 1.007462501
 Final painter+Knapsack_Combined time: 0.008704916
Run 4
File weights 51 and ranks 51
Original previous efficiency: 0.9161292983
Original efficiency: 0.9161292983
Original ratio: 1
Knapsack previous efficiency: 0.9161292983
Knapsack ratio: 1.07853351
 Final Knapsack time: 0.006719731

Karmarkar-Karp previous efficiency: 0.9213157992
Karmarkar-Karp ratio: 1.075368567
 Final Karmarkar-Karp time: 0.009127666

SFC previous efficiency: 0.6992743482
 Time take to run this function: 6.210000001e-07
SFC ratio: 1.145123487
 Final SFC time: 0.000588791

Hilbert SFC previous efficiency: 0.7439408056
DM: HilbertProcessorMapDoIt called...
  (nprocs, nteams, nworkers) = (48, 48, 1)
  Bucket 0 contains 2875860028
  Bucket 1 contains 2945967477
  Bucket 2 contains 2958789915
  Bucket 3 contains 2918520399
  Bucket 4 contains 2864828384
  Bucket 5 contains 2878802062
  Bucket 6 contains 2666672277
  Bucket 7 contains 3275114769
  Bucket 8 contains 2660961699
  Bucket 9 contains 2658499676
  Bucket 10 contains 2664015031
  Bucket 11 contains 3306187772
  Bucket 12 contains 2669429313
  Bucket 13 contains 3380087858
  Bucket 14 contains 2680783060
  Bucket 15 contains 2669787595
  Bucket 16 contains 3558448809
  Bucket 17 contains 2480470699
  Bucket 18 contains 3463256899
  Bucket 19 contains 2653505505
  Bucket 20 contains 2634148822
  Bucket 21 contains 2693474965
  Bucket 22 contains 3582081091
  Bucket 23 contains 2609688904
  Bucket 24 contains 2686034945
  Bucket 25 contains 2962311986
  Bucket 26 contains 2979477031
  Bucket 27 contains 2893963734
  Bucket 28 contains 3583499638
  Bucket 29 contains 2670728125
  Bucket 30 contains 2475424033
  Bucket 31 contains 3559012133
  Bucket 32 contains 2676051838
  Bucket 33 contains 2674496730
  Bucket 34 contains 3288165131
  Bucket 35 contains 2974706875
  Bucket 36 contains 2917952709
  Bucket 37 contains 2503853530
  Bucket 38 contains 2924675607
  Bucket 39 contains 3592607310
  Bucket 40 contains 2908045432
  Bucket 41 contains 2915653592
  Bucket 42 contains 2927742550
  Bucket 43 contains 2326910786
  Bucket 44 contains 3242192301
  Bucket 45 contains 3206352263
  Bucket 46 contains 2466361897
  Bucket 47 contains 3453034641
Hilbert SFC efficiency: 0.8150918545
Hilbert SFC ratio: 1.09564074
 Final Hilbert SFC time: 0.02255887

SFC+Knapsack previous efficiency: 0.8214054883
SFC + Knapsack ratio: 1.007901178
 Final SFC+Knapsack_Combined time: 0.000645622

SFC+Painter previous efficiency: 0.8242144317
Binary search iterations: 30
SFC+painterPartition efficiency: 0.8688932372
SFC+Painter ratio: 1.054207745
 Final SFC+Painter time: 0.007275127

Hilbert+Painter previous efficiency: 0.8288942898
Binary search iterations: 30
Hilbert+painterPartition efficiency: 0.8630378438
Hilbert+Painter ratio: 1.041191687
 Final Hilbert+Painter time: 0.00097011
Painter+Knapsack previous efficiency: 0.8214054883
Binary search iterations: 30
SFC+painterPartition efficiency: 0.9769648518
Painter+Knapsack ratio: 1.007901178
 Final painter+Knapsack_Combined time: 0.009363362
Run 5
File weights 51 and ranks 51
Original previous efficiency: 0.9106588124
Original efficiency: 0.9106588124
Original ratio: 1
Knapsack previous efficiency: 0.9106588124
Knapsack ratio: 1.087108635
 Final Knapsack time: 0.007015243

Karmarkar-Karp previous efficiency: 0.9214973753
Karmarkar-Karp ratio: 1.077274346
 Final Karmarkar-Karp time: 0.010794686

SFC previous efficiency: 0.6870214407
 Time take to run this function: 5.409999999e-07
SFC ratio: 1.198606148
 Final SFC time: 0.000919131

Hilbert SFC previous efficiency: 0.7306341204
DM: HilbertProcessorMapDoIt called...
  (nprocs, nteams, nworkers) = (48, 48, 1)
  Bucket 0 contains 2818893760
  Bucket 1 contains 2886605523
  Bucket 2 contains 2900159600
  Bucket 3 contains 2859873246
  Bucket 4 contains 2886274350
  Bucket 5 contains 2735287429
  Bucket 6 contains 2610908298
  Bucket 7 contains 3203898159
  Bucket 8 contains 2620874680
  Bucket 9 contains 2620982901
  Bucket 10 contains 3487550757
  Bucket 11 contains 2363126437
  Bucket 12 contains 2625880860
  Bucket 13 contains 3311363200
  Bucket 14 contains 2620076545
  Bucket 15 contains 2621495788
  Bucket 16 contains 3488051114
  Bucket 17 contains 2424529640
  Bucket 18 contains 3375658076
  Bucket 19 contains 2603422969
  Bucket 20 contains 2600854804
  Bucket 21 contains 3517109791
  Bucket 22 contains 2614213254
  Bucket 23 contains 2570003376
  Bucket 24 contains 2667271670
  Bucket 25 contains 2961666839
  Bucket 26 contains 2972348689
  Bucket 27 contains 2895960113
  Bucket 28 contains 3537683106
  Bucket 29 contains 2617983961
  Bucket 30 contains 2430583311
  Bucket 31 contains 3482888989
  Bucket 32 contains 2618918517
  Bucket 33 contains 2620838656
  Bucket 34 contains 3214051893
  Bucket 35 contains 2914754459
  Bucket 36 contains 2859021927
  Bucket 37 contains 2446474890
  Bucket 38 contains 2871742377
  Bucket 39 contains 3504684503
  Bucket 40 contains 2912867023
  Bucket 41 contains 2775281257
  Bucket 42 contains 2872983992
  Bucket 43 contains 2277155769
  Bucket 44 contains 3169594318
  Bucket 45 contains 3160936891
  Bucket 46 contains 2469059994
  Bucket 47 contains 3460890524
Hilbert SFC efficiency: 0.8131660261
Hilbert SFC ratio: 1.112959282
 Final Hilbert SFC time: 0.014824163

SFC+Knapsack previous efficiency: 0.823652838
SFC + Knapsack ratio: 1.006745414
 Final SFC+Knapsack_Combined time: 0.000477245

SFC+Painter previous efficiency: 0.812937168
Binary search iterations: 30
SFC+painterPartition efficiency: 0.8691022283
SFC+Painter ratio: 1.069089055
 Final SFC+Painter time: 0.007043717

Hilbert+Painter previous efficiency: 0.8256522449
Binary search iterations: 30
Hilbert+painterPartition efficiency: 0.8641150647
Hilbert+Painter ratio: 1.04658477
 Final Hilbert+Painter time: 0.000859375
Painter+Knapsack previous efficiency: 0.823652838
Binary search iterations: 30
SFC+painterPartition efficiency: 0.9797587364
Painter+Knapsack ratio: 1.006745414
 Final painter+Knapsack_Combined time: 0.008873443
Run 6
File weights 51 and ranks 51
Original previous efficiency: 0.9017379378
Original efficiency: 0.9017379378
Original ratio: 1
Knapsack previous efficiency: 0.9017379378
Knapsack ratio: 1.097630043
 Final Knapsack time: 0.006759527

Karmarkar-Karp previous efficiency: 0.913287199
Karmarkar-Karp ratio: 1.086451511
 Final Karmarkar-Karp time: 0.009569712

SFC previous efficiency: 0.6783242108
 Time take to run this function: 5.009999999e-07
SFC ratio: 1.214100255
 Final SFC time: 0.00058814

Hilbert SFC previous efficiency: 0.7137187221
DM: HilbertProcessorMapDoIt called...
  (nprocs, nteams, nworkers) = (48, 48, 1)
  Bucket 0 contains 2748486505
  Bucket 1 contains 2818157589
  Bucket 2 contains 2827978405
  Bucket 3 contains 2790159811
  Bucket 4 contains 2814519859
  Bucket 5 contains 2673164619
  Bucket 6 contains 2545026740
  Bucket 7 contains 3137672497
  Bucket 8 contains 2561007712
  Bucket 9 contains 2543879569
  Bucket 10 contains 3399254305
  Bucket 11 contains 2305458506
  Bucket 12 contains 2567100331
  Bucket 13 contains 3234528001
  Bucket 14 contains 2566520471
  Bucket 15 contains 3399120590
  Bucket 16 contains 2559999547
  Bucket 17 contains 2358466354
  Bucket 18 contains 3312138608
  Bucket 19 contains 2533923213
  Bucket 20 contains 2544228934
  Bucket 21 contains 3421837136
  Bucket 22 contains 2569287789
  Bucket 23 contains 2507180292
  Bucket 24 contains 2616271426
  Bucket 25 contains 2971389068
  Bucket 26 contains 2971033723
  Bucket 27 contains 2850973913
  Bucket 28 contains 2610357414
  Bucket 29 contains 3412921908
  Bucket 30 contains 2362822602
  Bucket 31 contains 3403662096
  Bucket 32 contains 2539470583
  Bucket 33 contains 2541859003
  Bucket 34 contains 3139092943
  Bucket 35 contains 2844578589
  Bucket 36 contains 2795985706
  Bucket 37 contains 2391510594
  Bucket 38 contains 2784397128
  Bucket 39 contains 3429188944
  Bucket 40 contains 2845290036
  Bucket 41 contains 2704623683
  Bucket 42 contains 2803514790
  Bucket 43 contains 2222331596
  Bucket 44 contains 3089542433
  Bucket 45 contains 3047874655
  Bucket 46 contains 2413947508
  Bucket 47 contains 3397946620
Hilbert SFC efficiency: 0.8197375929
Hilbert SFC ratio: 1.148544332
 Final Hilbert SFC time: 0.015197346

SFC+Knapsack previous efficiency: 0.8218969411
SFC + Knapsack ratio: 1.010289413
 Final SFC+Knapsack_Combined time: 0.000498326

SFC+Painter previous efficiency: 0.8112365619
Binary search iterations: 30
SFC+painterPartition efficiency: 0.8695408973
SFC+Painter ratio: 1.071870941
 Final SFC+Painter time: 0.007177137

Hilbert+Painter previous efficiency: 0.8253191859
Binary search iterations: 30
Hilbert+painterPartition efficiency: 0.8661448669
Hilbert+Painter ratio: 1.049466536
 Final Hilbert+Painter time: 0.000906587
Painter+Knapsack previous efficiency: 0.8218969411
Binary search iterations: 30
SFC+painterPartition efficiency: 0.9751085741
Painter+Knapsack ratio: 1.010289413
 Final painter+Knapsack_Combined time: 0.008606777
Run 7
File weights 51 and ranks 51
Original previous efficiency: 0.8997180491
Original efficiency: 0.8997180491
Original ratio: 1
Knapsack previous efficiency: 0.8997180491
Knapsack ratio: 1.101305643
 Final Knapsack time: 0.006812529

Karmarkar-Karp previous efficiency: 0.9084043484
Karmarkar-Karp ratio: 1.092460584
 Final Karmarkar-Karp time: 0.010093247

SFC previous efficiency: 0.6707601729
 Time take to run this function: 5.519999999e-07
SFC ratio: 1.193687898
 Final SFC time: 0.000644629

Hilbert SFC previous efficiency: 0.6999144206
DM: HilbertProcessorMapDoIt called...
  (nprocs, nteams, nworkers) = (48, 48, 1)
  Bucket 0 contains 2705886498
  Bucket 1 contains 2772172305
  Bucket 2 contains 2784023549
  Bucket 3 contains 2818252840
  Bucket 4 contains 2700000136
  Bucket 5 contains 2635867419
  Bucket 6 contains 2505941708
  Bucket 7 contains 3076215468
  Bucket 8 contains 2520366224
  Bucket 9 contains 2509517644
  Bucket 10 contains 3351386206
  Bucket 11 contains 2267114376
  Bucket 12 contains 3345353961
  Bucket 13 contains 2346474255
  Bucket 14 contains 2517804043
  Bucket 15 contains 3341029046
  Bucket 16 contains 2515177054
  Bucket 17 contains 3095707244
  Bucket 18 contains 2505049702
  Bucket 19 contains 2494048157
  Bucket 20 contains 3366902596
  Bucket 21 contains 2526497905
  Bucket 22 contains 2530276957
  Bucket 23 contains 3262700403
  Bucket 24 contains 1810809978
  Bucket 25 contains 2986230960
  Bucket 26 contains 2972922632
  Bucket 27 contains 2832444005
  Bucket 28 contains 2569067633
  Bucket 29 contains 3342386074
  Bucket 30 contains 2330380602
  Bucket 31 contains 2516806130
  Bucket 32 contains 3349575548
  Bucket 33 contains 2521171314
  Bucket 34 contains 3103187110
  Bucket 35 contains 2799876146
  Bucket 36 contains 2750352345
  Bucket 37 contains 2362329813
  Bucket 38 contains 2739138685
  Bucket 39 contains 2528171078
  Bucket 40 contains 3296423969
  Bucket 41 contains 2871678337
  Bucket 42 contains 2912578277
  Bucket 43 contains 2183845002
  Bucket 44 contains 3042564814
  Bucket 45 contains 2952225273
  Bucket 46 contains 2375578551
  Bucket 47 contains 3345442006
Hilbert SFC efficiency: 0.8228937687
Hilbert SFC ratio: 1.175706264
 Final Hilbert SFC time: 0.015692976

SFC+Knapsack previous efficiency: 0.8153162452
SFC + Knapsack ratio: 1.019223426
 Final SFC+Knapsack_Combined time: 0.000490089

SFC+Painter previous efficiency: 0.8078929726
Binary search iterations: 30
SFC+painterPartition efficiency: 0.8732380337
SFC+Painter ratio: 1.080883314
 Final SFC+Painter time: 0.007141297

Hilbert+Painter previous efficiency: 0.8228937687
Binary search iterations: 30
Hilbert+painterPartition efficiency: 0.8693701485
Hilbert+Painter ratio: 1.056479198
 Final Hilbert+Painter time: 0.000943779
Painter+Knapsack previous efficiency: 0.8153162452
Binary search iterations: 30
SFC+painterPartition efficiency: 0.9684387683
Painter+Knapsack ratio: 1.019223426
 Final painter+Knapsack_Combined time: 0.012106297
Run 8
File weights 51 and ranks 51
Original previous efficiency: 0.8733445387
Original efficiency: 0.9720844852
Original ratio: 1.113059557
Knapsack previous efficiency: 0.8733445387
Knapsack ratio: 1.137806982
 Final Knapsack time: 0.007252984

Karmarkar-Karp previous efficiency: 0.9074709259
Karmarkar-Karp ratio: 1.097800138
 Final Karmarkar-Karp time: 0.009188263

SFC previous efficiency: 0.6573080785
 Time take to run this function: 5.109999999e-07
SFC ratio: 1.2127088
 Final SFC time: 0.000585555

Hilbert SFC previous efficiency: 0.6832649373
DM: HilbertProcessorMapDoIt called...
  (nprocs, nteams, nworkers) = (48, 48, 1)
  Bucket 0 contains 2688504629
  Bucket 1 contains 2689088017
  Bucket 2 contains 2695139493
  Bucket 3 contains 2738588900
  Bucket 4 contains 2694406017
  Bucket 5 contains 2405276619
  Bucket 6 contains 2436701328
  Bucket 7 contains 2979535272
  Bucket 8 contains 2437045387
  Bucket 9 contains 3230740130
  Bucket 10 contains 2441324813
  Bucket 11 contains 2195979013
  Bucket 12 contains 3257001549
  Bucket 13 contains 2296838552
  Bucket 14 contains 3245959001
  Bucket 15 contains 2463004867
  Bucket 16 contains 2455390168
  Bucket 17 contains 2986820514
  Bucket 18 contains 2445287403
  Bucket 19 contains 3244934849
  Bucket 20 contains 2442377360
  Bucket 21 contains 2441034159
  Bucket 22 contains 3245470910
  Bucket 23 contains 2378734780
  Bucket 24 contains 2787225279
  Bucket 25 contains 1991815907
  Bucket 26 contains 2962322051
  Bucket 27 contains 2779138924
  Bucket 28 contains 3312187003
  Bucket 29 contains 2432865980
  Bucket 30 contains 2281599021
  Bucket 31 contains 3260066257
  Bucket 32 contains 2433001565
  Bucket 33 contains 2449155262
  Bucket 34 contains 3012507475
  Bucket 35 contains 2711388408
  Bucket 36 contains 2676078992
  Bucket 37 contains 3111745438
  Bucket 38 contains 2668721663
  Bucket 39 contains 2464091823
  Bucket 40 contains 2707569117
  Bucket 41 contains 2576232946
  Bucket 42 contains 2684072541
  Bucket 43 contains 2943188503
  Bucket 44 contains 2884999703
  Bucket 45 contains 2108967944
  Bucket 46 contains 3115118741
  Bucket 47 contains 2899401384
Hilbert SFC efficiency: 0.8163579277
Hilbert SFC ratio: 1.194789727
 Final Hilbert SFC time: 0.022519965

SFC+Knapsack previous efficiency: 0.8107186398
SFC + Knapsack ratio: 1.029244407
 Final SFC+Knapsack_Combined time: 0.000579744

SFC+Painter previous efficiency: 0.7840224513
Binary search iterations: 30
SFC+painterPartition efficiency: 0.866323643
SFC+Painter ratio: 1.104973004
 Final SFC+Painter time: 0.007144774

Hilbert+Painter previous efficiency: 0.831596558
Binary search iterations: 30
Hilbert+painterPartition efficiency: 0.8689432255
Hilbert+Painter ratio: 1.044909598
 Final Hilbert+Painter time: 0.000915333
Painter+Knapsack previous efficiency: 0.8107186398
Binary search iterations: 30
SFC+painterPartition efficiency: 0.955916563
Painter+Knapsack ratio: 1.030026796
 Final painter+Knapsack_Combined time: 0.009025417
Run 9
File weights 51 and ranks 51
Original previous efficiency: 0.8858199757
Original efficiency: 0.9800991037
Original ratio: 1.106431477
Knapsack previous efficiency: 0.8858199757
Knapsack ratio: 1.120018742
 Final Knapsack time: 0.007983839

Karmarkar-Karp previous efficiency: 0.8999994182
Karmarkar-Karp ratio: 1.104858364
 Final Karmarkar-Karp time: 0.009566586

SFC previous efficiency: 0.6647733623
 Time take to run this function: 5.409999999e-07
SFC ratio: 1.241368752
 Final SFC time: 0.000629319

Hilbert SFC previous efficiency: 0.673322233
DM: HilbertProcessorMapDoIt called...
  (nprocs, nteams, nworkers) = (48, 48, 1)
  Bucket 0 contains 2657252608
  Bucket 1 contains 2658283051
  Bucket 2 contains 2664083012
  Bucket 3 contains 2636145319
  Bucket 4 contains 2663275014
  Bucket 5 contains 2449504303
  Bucket 6 contains 2407509682
  Bucket 7 contains 2948845206
  Bucket 8 contains 2404020882
  Bucket 9 contains 2391068156
  Bucket 10 contains 3222949814
  Bucket 11 contains 2169892970
  Bucket 12 contains 3211238204
  Bucket 13 contains 2250463238
  Bucket 14 contains 3203084819
  Bucket 15 contains 2426065568
  Bucket 16 contains 2423302382
  Bucket 17 contains 2960266732
  Bucket 18 contains 2406196569
  Bucket 19 contains 2400724901
  Bucket 20 contains 3234606227
  Bucket 21 contains 2461053490
  Bucket 22 contains 2426080648
  Bucket 23 contains 3181528373
  Bucket 24 contains 1795871195
  Bucket 25 contains 2982846832
  Bucket 26 contains 2918263802
  Bucket 27 contains 2749003691
  Bucket 28 contains 2479489631
  Bucket 29 contains 2414139685
  Bucket 30 contains 3052007605
  Bucket 31 contains 2414999442
  Bucket 32 contains 3197743731
  Bucket 33 contains 2409485918
  Bucket 34 contains 2969268692
  Bucket 35 contains 2606187102
  Bucket 36 contains 2718006201
  Bucket 37 contains 2260848757
  Bucket 38 contains 2618332999
  Bucket 39 contains 2415696431
  Bucket 40 contains 3137205023
  Bucket 41 contains 2739810368
  Bucket 42 contains 2804398896
  Bucket 43 contains 2102264364
  Bucket 44 contains 2930342727
  Bucket 45 contains 2793488845
  Bucket 46 contains 2807637146
  Bucket 47 contains 2713108248
Hilbert SFC efficiency: 0.8236956289
Hilbert SFC ratio: 1.223330507
 Final Hilbert SFC time: 0.01662357

SFC+Knapsack previous efficiency: 0.8113379002
SFC + Knapsack ratio: 1.021914456
 Final SFC+Knapsack_Combined time: 0.000470893

SFC+Painter previous efficiency: 0.7817452839
Binary search iterations: 30
SFC+painterPartition efficiency: 0.8658096021
SFC+Painter ratio: 1.107534155
 Final SFC+Painter time: 0.007530642

Hilbert+Painter previous efficiency: 0.8236956289
Binary search iterations: 30
Hilbert+painterPartition efficiency: 0.8720861566
Hilbert+Painter ratio: 1.058748069
 Final Hilbert+Painter time: 0.000936695
Painter+Knapsack previous efficiency: 0.8113379002
Binary search iterations: 30
SFC+painterPartition efficiency: 0.9582908317
Painter+Knapsack ratio: 1.021914456
 Final painter+Knapsack_Combined time: 0.009531799
Run 10
File weights 51 and ranks 51
Original previous efficiency: 0.8903341843
Original efficiency: 0.9269632328
Original ratio: 1.041140786
Knapsack previous efficiency: 0.8903341843
Knapsack ratio: 1.114620171
 Final Knapsack time: 0.006698419

Karmarkar-Karp previous efficiency: 0.8932113521
Karmarkar-Karp ratio: 1.113893721
 Final Karmarkar-Karp time: 0.009998613

SFC previous efficiency: 0.6946793111
 Time take to run this function: 5.21e-07
SFC ratio: 1.150115021
 Final SFC time: 0.000664708

Hilbert SFC previous efficiency: 0.6884905182
DM: HilbertProcessorMapDoIt called...
  (nprocs, nteams, nworkers) = (48, 48, 1)
  Bucket 0 contains 2673972507
  Bucket 1 contains 2674105903
  Bucket 2 contains 2680467539
  Bucket 3 contains 2652081188
  Bucket 4 contains 2679715155
  Bucket 5 contains 2466129495
  Bucket 6 contains 2423631798
  Bucket 7 contains 2947193279
  Bucket 8 contains 2412396372
  Bucket 9 contains 3208375890
  Bucket 10 contains 2431970779
  Bucket 11 contains 2184959029
  Bucket 12 contains 3232411478
  Bucket 13 contains 2268791080
  Bucket 14 contains 3231516598
  Bucket 15 contains 2436364050
  Bucket 16 contains 2442640484
  Bucket 17 contains 2976528849
  Bucket 18 contains 2422745756
  Bucket 19 contains 3210400046
  Bucket 20 contains 2565352511
  Bucket 21 contains 2715535626
  Bucket 22 contains 2564426799
  Bucket 23 contains 2427003054
  Bucket 24 contains 2642418459
  Bucket 25 contains 2910756413
  Bucket 26 contains 2759724599
  Bucket 27 contains 2721270511
  Bucket 28 contains 2478773781
  Bucket 29 contains 2422778426
  Bucket 30 contains 3067315668
  Bucket 31 contains 2434422626
  Bucket 32 contains 3234073646
  Bucket 33 contains 2419971209
  Bucket 34 contains 2276226686
  Bucket 35 contains 2696727657
  Bucket 36 contains 3388811884
  Bucket 37 contains 2277326316
  Bucket 38 contains 2636110571
  Bucket 39 contains 2434132698
  Bucket 40 contains 3157282603
  Bucket 41 contains 2759347936
  Bucket 42 contains 2819021490
  Bucket 43 contains 2121386803
  Bucket 44 contains 2942109059
  Bucket 45 contains 2833742554
  Bucket 46 contains 2779333786
  Bucket 47 contains 2789899260
Hilbert SFC efficiency: 0.7926307971
Hilbert SFC ratio: 1.151258842
 Final Hilbert SFC time: 0.013944649

SFC+Knapsack previous efficiency: 0.8042389799
SFC + Knapsack ratio: 1.032996392
 Final SFC+Knapsack_Combined time: 0.000482034

SFC+Painter previous efficiency: 0.7736792822
Binary search iterations: 30
SFC+painterPartition efficiency: 0.8759892339
SFC+Painter ratio: 1.132238195
 Final SFC+Painter time: 0.007229759

Hilbert+Painter previous efficiency: 0.7977327765
Binary search iterations: 30
Hilbert+painterPartition efficiency: 0.8728619137
Hilbert+Painter ratio: 1.094178326
 Final Hilbert+Painter time: 0.000924582
Painter+Knapsack previous efficiency: 0.8042389799
Binary search iterations: 30
SFC+painterPartition efficiency: 0.9676426964
Painter+Knapsack ratio: 1.032996392
 Final painter+Knapsack_Combined time: 0.009003114
Run 11
File weights 51 and ranks 51
Original previous efficiency: 0.897528632
Original efficiency: 0.8396489747
Original ratio: 0.9355121884
Knapsack previous efficiency: 0.897528632
Knapsack ratio: 1.108011087
 Final Knapsack time: 0.006658302

Karmarkar-Karp previous efficiency: 0.8510110443
Karmarkar-Karp ratio: 1.170746937
 Final Karmarkar-Karp time: 0.009095293

SFC previous efficiency: 0.7061368431
 Time take to run this function: 5.410000001e-07
SFC ratio: 1.135164083
 Final SFC time: 0.000563993

Hilbert SFC previous efficiency: 0.7152245206
DM: HilbertProcessorMapDoIt called...
  (nprocs, nteams, nworkers) = (48, 48, 1)
  Bucket 0 contains 2496519727
  Bucket 1 contains 2497293759
  Bucket 2 contains 2503432902
  Bucket 3 contains 2545711428
  Bucket 4 contains 2502027424
  Bucket 5 contains 2228179975
  Bucket 6 contains 2249385153
  Bucket 7 contains 2770959935
  Bucket 8 contains 2252391672
  Bucket 9 contains 2993322190
  Bucket 10 contains 2276734026
  Bucket 11 contains 2784567047
  Bucket 12 contains 2258644870
  Bucket 13 contains 2124043077
  Bucket 14 contains 3027550142
  Bucket 15 contains 2277226925
  Bucket 16 contains 2269908704
  Bucket 17 contains 2778123020
  Bucket 18 contains 2263119999
  Bucket 19 contains 2995205666
  Bucket 20 contains 2547686834
  Bucket 21 contains 1963060286
  Bucket 22 contains 2756144587
  Bucket 23 contains 2388498887
  Bucket 24 contains 2304647478
  Bucket 25 contains 2645974463
  Bucket 26 contains 2965713074
  Bucket 27 contains 2448704509
  Bucket 28 contains 2322060505
  Bucket 29 contains 2263837777
  Bucket 30 contains 2869632994
  Bucket 31 contains 2273852961
  Bucket 32 contains 3012084850
  Bucket 33 contains 2261492227
  Bucket 34 contains 2136297833
  Bucket 35 contains 2534893688
  Bucket 36 contains 2485904020
  Bucket 37 contains 2814006639
  Bucket 38 contains 2462374275
  Bucket 39 contains 2276407849
  Bucket 40 contains 2938068455
  Bucket 41 contains 2574785030
  Bucket 42 contains 1875710563
  Bucket 43 contains 2602419541
  Bucket 44 contains 2888012617
  Bucket 45 contains 2673325507
  Bucket 46 contains 2495859090
  Bucket 47 contains 2650872267
Hilbert SFC efficiency: 0.8293743483
Hilbert SFC ratio: 1.159599992
 Final Hilbert SFC time: 0.014061375

SFC+Knapsack previous efficiency: 0.768857883
SFC + Knapsack ratio: 1.082507459
 Final SFC+Knapsack_Combined time: 0.00049033

SFC+Painter previous efficiency: 0.7698670907
Binary search iterations: 30
SFC+painterPartition efficiency: 0.8730149111
SFC+Painter ratio: 1.133981335
 Final SFC+Painter time: 0.007042726

Hilbert+Painter previous efficiency: 0.7625202941
Binary search iterations: 29
Hilbert+painterPartition efficiency: 0.8583216815
Hilbert+Painter ratio: 1.12563782
 Final Hilbert+Painter time: 0.000870847
Painter+Knapsack previous efficiency: 0.768857883
Binary search iterations: 30
SFC+painterPartition efficiency: 0.9642144496
Painter+Knapsack ratio: 1.082507459
 Final painter+Knapsack_Combined time: 0.008888393
Run 12
File weights 51 and ranks 51
Original previous efficiency: 0.8737092206
Original efficiency: 0.9527867246
Original ratio: 1.090507805
Knapsack previous efficiency: 0.8737092206
Knapsack ratio: 1.137500317
 Final Knapsack time: 0.007009952

Karmarkar-Karp previous efficiency: 0.8104091779
Karmarkar-Karp ratio: 1.229412628
 Final Karmarkar-Karp time: 0.009160379

SFC previous efficiency: 0.6782054707
 Time take to run this function: 5.010000002e-07
SFC ratio: 1.194952707
 Final SFC time: 0.000585555

Hilbert SFC previous efficiency: 0.6783580345
DM: HilbertProcessorMapDoIt called...
  (nprocs, nteams, nworkers) = (48, 48, 1)
  Bucket 0 contains 2265650773
  Bucket 1 contains 2261117569
  Bucket 2 contains 2262431826
  Bucket 3 contains 2242666357
  Bucket 4 contains 2325330802
  Bucket 5 contains 2018823430
  Bucket 6 contains 2052101889
  Bucket 7 contains 2520145890
  Bucket 8 contains 2053574097
  Bucket 9 contains 2725150064
  Bucket 10 contains 2049437508
  Bucket 11 contains 1831996578
  Bucket 12 contains 2713539702
  Bucket 13 contains 1912207040
  Bucket 14 contains 2740166499
  Bucket 15 contains 2059080400
  Bucket 16 contains 2056509397
  Bucket 17 contains 2530939549
  Bucket 18 contains 2048941708
  Bucket 19 contains 2728491673
  Bucket 20 contains 1513160093
  Bucket 21 contains 2837183004
  Bucket 22 contains 1868884721
  Bucket 23 contains 2299715788
  Bucket 24 contains 2784083165
  Bucket 25 contains 2300613725
  Bucket 26 contains 2350455927
  Bucket 27 contains 2139804465
  Bucket 28 contains 2093785285
  Bucket 29 contains 2055506308
  Bucket 30 contains 2597876357
  Bucket 31 contains 2043544028
  Bucket 32 contains 2037388908
  Bucket 33 contains 2736636435
  Bucket 34 contains 1930637100
  Bucket 35 contains 2297853117
  Bucket 36 contains 2256173828
  Bucket 37 contains 2533971038
  Bucket 38 contains 2232261013
  Bucket 39 contains 2058255663
  Bucket 40 contains 2679285324
  Bucket 41 contains 2338774883
  Bucket 42 contains 1696946378
  Bucket 43 contains 2340976962
  Bucket 44 contains 2613949622
  Bucket 45 contains 2433710021
  Bucket 46 contains 2196636405
  Bucket 47 contains 2424771245
Hilbert SFC efficiency: 0.8010523658
Hilbert SFC ratio: 1.180869578
 Final Hilbert SFC time: 0.013757546

SFC+Knapsack previous efficiency: 0.7451263565
SFC + Knapsack ratio: 1.118789728
 Final SFC+Knapsack_Combined time: 0.000553272

SFC+Painter previous efficiency: 0.7690248428
Binary search iterations: 30
SFC+painterPartition efficiency: 0.8545681091
SFC+Painter ratio: 1.111236025
 Final SFC+Painter time: 0.007585107

Hilbert+Painter previous efficiency: 0.7383530314
Binary search iterations: 30
Hilbert+painterPartition efficiency: 0.8581227824
Hilbert+Painter ratio: 1.162212039
 Final Hilbert+Painter time: 0.001015628
Painter+Knapsack previous efficiency: 0.7451263565
Binary search iterations: 30
SFC+painterPartition efficiency: 0.9578189061
Painter+Knapsack ratio: 1.120123922
 Final painter+Knapsack_Combined time: 0.008994788
Run 13
File weights 51 and ranks 51
Original previous efficiency: 0.8710150078
Original efficiency: 0.9510489403
Original ratio: 1.091885825
Knapsack previous efficiency: 0.8710150078
Knapsack ratio: 1.141206983
 Final Knapsack time: 0.006857126

Karmarkar-Karp previous efficiency: 0.8055200268
Karmarkar-Karp ratio: 1.23620191
 Final Karmarkar-Karp time: 0.009141843

SFC previous efficiency: 0.6700600445
 Time take to run this function: 5.809999997e-07
SFC ratio: 1.218352023
 Final SFC time: 0.000798708

Hilbert SFC previous efficiency: 0.6747766586
DM: HilbertProcessorMapDoIt called...
  (nprocs, nteams, nworkers) = (48, 48, 1)
  Bucket 0 contains 2246318369
  Bucket 1 contains 2243065091
  Bucket 2 contains 2245751374
  Bucket 3 contains 2224633927
  Bucket 4 contains 2246974392
  Bucket 5 contains 2058491432
  Bucket 6 contains 2019465876
  Bucket 7 contains 2501392559
  Bucket 8 contains 2027586056
  Bucket 9 contains 2035960068
  Bucket 10 contains 2707247084
  Bucket 11 contains 1811318708
  Bucket 12 contains 2692330373
  Bucket 13 contains 1898555377
  Bucket 14 contains 2720022172
  Bucket 15 contains 2039456683
  Bucket 16 contains 2029848640
  Bucket 17 contains 2501118361
  Bucket 18 contains 2025129496
  Bucket 19 contains 2697289829
  Bucket 20 contains 1512339015
  Bucket 21 contains 2824885251
  Bucket 22 contains 1871370518
  Bucket 23 contains 2290585579
  Bucket 24 contains 2762809043
  Bucket 25 contains 2294255043
  Bucket 26 contains 2261234071
  Bucket 27 contains 2091981383
  Bucket 28 contains 2082614921
  Bucket 29 contains 2032771642
  Bucket 30 contains 2576867414
  Bucket 31 contains 2020897229
  Bucket 32 contains 2703854479
  Bucket 33 contains 2034223560
  Bucket 34 contains 1916838388
  Bucket 35 contains 2276134141
  Bucket 36 contains 2238564092
  Bucket 37 contains 2496665518
  Bucket 38 contains 2210048138
  Bucket 39 contains 2049579532
  Bucket 40 contains 2656902519
  Bucket 41 contains 2317817501
  Bucket 42 contains 1688674621
  Bucket 43 contains 2316046723
  Bucket 44 contains 2589068084
  Bucket 45 contains 2395373685
  Bucket 46 contains 2181411770
  Bucket 47 contains 2424520128
Hilbert SFC efficiency: 0.7971584112
Hilbert SFC ratio: 1.18136631
 Final Hilbert SFC time: 0.016554355

SFC+Knapsack previous efficiency: 0.7448357577
SFC + Knapsack ratio: 1.120009973
 Final SFC+Knapsack_Combined time: 0.000499207

SFC+Painter previous efficiency: 0.7606004504
Binary search iterations: 29
SFC+painterPartition efficiency: 0.8533816063
SFC+Painter ratio: 1.121984093
 Final SFC+Painter time: 0.007298933

Hilbert+Painter previous efficiency: 0.7344408385
Binary search iterations: 30
Hilbert+painterPartition efficiency: 0.8568706824
Hilbert+Painter ratio: 1.166698034
 Final Hilbert+Painter time: 0.001163043
Painter+Knapsack previous efficiency: 0.7448357577
Binary search iterations: 30
SFC+painterPartition efficiency: 0.9583116791
Painter+Knapsack ratio: 1.123638893
 Final painter+Knapsack_Combined time: 0.009128678
Run 14
File weights 51 and ranks 51
Original previous efficiency: 0.8683885162
Original efficiency: 0.9483805293
Original ratio: 1.092115466
Knapsack previous efficiency: 0.8683885162
Knapsack ratio: 1.145141522
 Final Knapsack time: 0.007380931

Karmarkar-Karp previous efficiency: 0.7984269386
Karmarkar-Karp ratio: 1.248618235
 Final Karmarkar-Karp time: 0.008962846

SFC previous efficiency: 0.6644486341
 Time take to run this function: 4.899999997e-07
SFC ratio: 1.229455685
 Final SFC time: 0.000922667

Hilbert SFC previous efficiency: 0.6660871647
DM: HilbertProcessorMapDoIt called...
  (nprocs, nteams, nworkers) = (48, 48, 1)
  Bucket 0 contains 2231950324
  Bucket 1 contains 2226852270
  Bucket 2 contains 2229703934
  Bucket 3 contains 2269570304
  Bucket 4 contains 2229359140
  Bucket 5 contains 1992822669
  Bucket 6 contains 2012704763
  Bucket 7 contains 2487982561
  Bucket 8 contains 2019791739
  Bucket 9 contains 2685492220
  Bucket 10 contains 2016506161
  Bucket 11 contains 2478122524
  Bucket 12 contains 2006615223
  Bucket 13 contains 1886524649
  Bucket 14 contains 2695203625
  Bucket 15 contains 2020220073
  Bucket 16 contains 2022676676
  Bucket 17 contains 2492065383
  Bucket 18 contains 2006791150
  Bucket 19 contains 2689725239
  Bucket 20 contains 1537308272
  Bucket 21 contains 2829528954
  Bucket 22 contains 1891947838
  Bucket 23 contains 2348804103
  Bucket 24 contains 2057676818
  Bucket 25 contains 2377082209
  Bucket 26 contains 2315712640
  Bucket 27 contains 2655870750
  Bucket 28 contains 2061182560
  Bucket 29 contains 2021748519
  Bucket 30 contains 2556592059
  Bucket 31 contains 2006956608
  Bucket 32 contains 2015556798
  Bucket 33 contains 2701636866
  Bucket 34 contains 1899506293
  Bucket 35 contains 2260229282
  Bucket 36 contains 2227160811
  Bucket 37 contains 2495357564
  Bucket 38 contains 2203251699
  Bucket 39 contains 2030188898
  Bucket 40 contains 2633034092
  Bucket 41 contains 2304620488
  Bucket 42 contains 1678305273
  Bucket 43 contains 2299334054
  Bucket 44 contains 2569531156
  Bucket 45 contains 2359039372
  Bucket 46 contains 2176992679
  Bucket 47 contains 2430301650
Hilbert SFC efficiency: 0.7925725792
Hilbert SFC ratio: 1.189893187
 Final Hilbert SFC time: 0.018511728

SFC+Knapsack previous efficiency: 0.7447535227
SFC + Knapsack ratio: 1.123458456
 Final SFC+Knapsack_Combined time: 0.000500871

SFC+Painter previous efficiency: 0.7468485647
Binary search iterations: 29
SFC+painterPartition efficiency: 0.8555363328
SFC+Painter ratio: 1.145528522
 Final SFC+Painter time: 0.007578815

Hilbert+Painter previous efficiency: 0.7266132297
Binary search iterations: 30
Hilbert+painterPartition efficiency: 0.8580409456
Hilbert+Painter ratio: 1.180877131
 Final Hilbert+Painter time: 0.00110383
Painter+Knapsack previous efficiency: 0.7447535227
Binary search iterations: 30
SFC+painterPartition efficiency: 0.9581306374
Painter+Knapsack ratio: 1.123458456
 Final painter+Knapsack_Combined time: 0.011481346
Run 15
File weights 51 and ranks 51
Original previous efficiency: 0.8699184027
Original efficiency: 0.9530283299
Original ratio: 1.095537612
Knapsack previous efficiency: 0.8699184027
Knapsack ratio: 1.141107769
 Final Knapsack time: 0.00685938

Karmarkar-Karp previous efficiency: 0.8060282101
Karmarkar-Karp ratio: 1.236658458
 Final Karmarkar-Karp time: 0.009442947

SFC previous efficiency: 0.6628609276
 Time take to run this function: 4.909999998e-07
SFC ratio: 1.194069544
 Final SFC time: 0.000607577

Hilbert SFC previous efficiency: 0.6681159365
DM: HilbertProcessorMapDoIt called...
  (nprocs, nteams, nworkers) = (48, 48, 1)
  Bucket 0 contains 2259949597
  Bucket 1 contains 2254694183
  Bucket 2 contains 2256490701
  Bucket 3 contains 2238770276
  Bucket 4 contains 2255358718
  Bucket 5 contains 2075881217
  Bucket 6 contains 2037823673
  Bucket 7 contains 2506309570
  Bucket 8 contains 2026741405
  Bucket 9 contains 2709229285
  Bucket 10 contains 2038976283
  Bucket 11 contains 2499038401
  Bucket 12 contains 2026945896
  Bucket 13 contains 1906965868
  Bucket 14 contains 2739977273
  Bucket 15 contains 2051014206
  Bucket 16 contains 2032591093
  Bucket 17 contains 2515240823
  Bucket 18 contains 2033288211
  Bucket 19 contains 2707246274
  Bucket 20 contains 1558104289
  Bucket 21 contains 2829722746
  Bucket 22 contains 1883601983
  Bucket 23 contains 2352877896
  Bucket 24 contains 2089555327
  Bucket 25 contains 2423649431
  Bucket 26 contains 2434392907
  Bucket 27 contains 2033710659
  Bucket 28 contains 2770632595
  Bucket 29 contains 2037427177
  Bucket 30 contains 2575505151
  Bucket 31 contains 2034635986
  Bucket 32 contains 2037551534
  Bucket 33 contains 2044340221
  Bucket 34 contains 2598866919
  Bucket 35 contains 2274701295
  Bucket 36 contains 2248917822
  Bucket 37 contains 2507254724
  Bucket 38 contains 2219274779
  Bucket 39 contains 2052550937
  Bucket 40 contains 2055897504
  Bucket 41 contains 2374649711
  Bucket 42 contains 2272392298
  Bucket 43 contains 2323306893
  Bucket 44 contains 2591132752
  Bucket 45 contains 1910297488
  Bucket 46 contains 2462390921
  Bucket 47 contains 2476264218
Hilbert SFC efficiency: 0.7998879872
Hilbert SFC ratio: 1.197229318
 Final Hilbert SFC time: 0.013969297

SFC+Knapsack previous efficiency: 0.7473053556
SFC + Knapsack ratio: 1.11935245
 Final SFC+Knapsack_Combined time: 0.000477826

SFC+Painter previous efficiency: 0.7341697797
Binary search iterations: 30
SFC+painterPartition efficiency: 0.8559832582
SFC+Painter ratio: 1.165920039
 Final SFC+Painter time: 0.007140916

Hilbert+Painter previous efficiency: 0.727343946
Binary search iterations: 30
Hilbert+painterPartition efficiency: 0.8556955199
Hilbert+Painter ratio: 1.176466134
 Final Hilbert+Painter time: 0.000977113
Painter+Knapsack previous efficiency: 0.7473053556
Binary search iterations: 30
SFC+painterPartition efficiency: 0.9592635227
Painter+Knapsack ratio: 1.11935245
 Final painter+Knapsack_Combined time: 0.008816823
Run 16
File weights 51 and ranks 51
Original previous efficiency: 0.8302740322
Original efficiency: 0.909985899
Original ratio: 1.096006696
Knapsack previous efficiency: 0.8302740322
Knapsack ratio: 1.19320161
 Final Knapsack time: 0.006784235

Karmarkar-Karp previous efficiency: 0.7656792431
Karmarkar-Karp ratio: 1.297027828
 Final Karmarkar-Karp time: 0.008905435

SFC previous efficiency: 0.6204238231
 Time take to run this function: 5.21e-07
SFC ratio: 1.296982513
 Final SFC time: 0.000604441

Hilbert SFC previous efficiency: 0.6269765782
DM: HilbertProcessorMapDoIt called...
  (nprocs, nteams, nworkers) = (48, 48, 1)
  Bucket 0 contains 1968328668
  Bucket 1 contains 2011460696
  Bucket 2 contains 2021639621
  Bucket 3 contains 2052422739
  Bucket 4 contains 2017720851
  Bucket 5 contains 1851632505
  Bucket 6 contains 1822658557
  Bucket 7 contains 2241913758
  Bucket 8 contains 1819899975
  Bucket 9 contains 1820322494
  Bucket 10 contains 2424093230
  Bucket 11 contains 1631169098
  Bucket 12 contains 2401820580
  Bucket 13 contains 1696418726
  Bucket 14 contains 2455304962
  Bucket 15 contains 1836803362
  Bucket 16 contains 1831530476
  Bucket 17 contains 2249597938
  Bucket 18 contains 1826074391
  Bucket 19 contains 1822123987
  Bucket 20 contains 2016096565
  Bucket 21 contains 1807851073
  Bucket 22 contains 1961459437
  Bucket 23 contains 2337382864
  Bucket 24 contains 1896436753
  Bucket 25 contains 2099101309
  Bucket 26 contains 2099417366
  Bucket 27 contains 2135322113
  Bucket 28 contains 1906421144
  Bucket 29 contains 2433902481
  Bucket 30 contains 1766521358
  Bucket 31 contains 1705697872
  Bucket 32 contains 2489366193
  Bucket 33 contains 1835727227
  Bucket 34 contains 1768208987
  Bucket 35 contains 2030689420
  Bucket 36 contains 2096368441
  Bucket 37 contains 2100749331
  Bucket 38 contains 1991751306
  Bucket 39 contains 1846222730
  Bucket 40 contains 2452722505
  Bucket 41 contains 2121046562
  Bucket 42 contains 2034338500
  Bucket 43 contains 1927472636
  Bucket 44 contains 1867843789
  Bucket 45 contains 1944288626
  Bucket 46 contains 2116354143
  Bucket 47 contains 2239042908
Hilbert SFC efficiency: 0.8103697617
Hilbert SFC ratio: 1.292504042
 Final Hilbert SFC time: 0.013378493

SFC+Knapsack previous efficiency: 0.7134991985
SFC + Knapsack ratio: 1.169269809
 Final SFC+Knapsack_Combined time: 0.000470161

SFC+Painter previous efficiency: 0.7200295092
Binary search iterations: 30
SFC+painterPartition efficiency: 0.8764334059
SFC+Painter ratio: 1.217218731
 Final SFC+Painter time: 0.007067534

Hilbert+Painter previous efficiency: 0.6915087962
Binary search iterations: 30
Hilbert+painterPartition efficiency: 0.8699963696
Hilbert+Painter ratio: 1.258113236
 Final Hilbert+Painter time: 0.000886017
Painter+Knapsack previous efficiency: 0.7134991985
Binary search iterations: 30
SFC+painterPartition efficiency: 0.9711247046
Painter+Knapsack ratio: 1.166870647
 Final painter+Knapsack_Combined time: 0.009053873
Run 17
File weights 51 and ranks 51
Original previous efficiency: 0.8148416413
Original efficiency: 0.8859714958
Original ratio: 1.087292856
Knapsack previous efficiency: 0.8148416413
Knapsack ratio: 1.21657557
 Final Knapsack time: 0.007044119

Karmarkar-Karp previous efficiency: 0.7296178285
Karmarkar-Karp ratio: 1.360704736
 Final Karmarkar-Karp time: 0.00919163

SFC previous efficiency: 0.5942922191
 Time take to run this function: 4.910000002e-07
SFC ratio: 1.325062762
 Final SFC time: 0.000645862

Hilbert SFC previous efficiency: 0.5882091242
DM: HilbertProcessorMapDoIt called...
  (nprocs, nteams, nworkers) = (48, 48, 1)
  Bucket 0 contains 1928241463
  Bucket 1 contains 2025864749
  Bucket 2 contains 1976428251
  Bucket 3 contains 1958963763
  Bucket 4 contains 1976483823
  Bucket 5 contains 1818330376
  Bucket 6 contains 1789453240
  Bucket 7 contains 2200735332
  Bucket 8 contains 1786158882
  Bucket 9 contains 1784632104
  Bucket 10 contains 2379087465
  Bucket 11 contains 1596741243
  Bucket 12 contains 2371107038
  Bucket 13 contains 1672691025
  Bucket 14 contains 2403050555
  Bucket 15 contains 1797221184
  Bucket 16 contains 1798405937
  Bucket 17 contains 2211197998
  Bucket 18 contains 1785230616
  Bucket 19 contains 1791300225
  Bucket 20 contains 2048155754
  Bucket 21 contains 1910193299
  Bucket 22 contains 1979396913
  Bucket 23 contains 1826904854
  Bucket 24 contains 2022900784
  Bucket 25 contains 1867094151
  Bucket 26 contains 2298201188
  Bucket 27 contains 2188918955
  Bucket 28 contains 1892000636
  Bucket 29 contains 1792016309
  Bucket 30 contains 2329823998
  Bucket 31 contains 1665677502
  Bucket 32 contains 1838387606
  Bucket 33 contains 2399534224
  Bucket 34 contains 1729735177
  Bucket 35 contains 1986333091
  Bucket 36 contains 2051214441
  Bucket 37 contains 2059420636
  Bucket 38 contains 1951319875
  Bucket 39 contains 1809807385
  Bucket 40 contains 1802133970
  Bucket 41 contains 2037146093
  Bucket 42 contains 1932581308
  Bucket 43 contains 2017347529
  Bucket 44 contains 2143479536
  Bucket 45 contains 2185860870
  Bucket 46 contains 1885875075
  Bucket 47 contains 2237404612
Hilbert SFC efficiency: 0.8230874055
Hilbert SFC ratio: 1.399310843
 Final Hilbert SFC time: 0.014115911

SFC+Knapsack previous efficiency: 0.7109630578
SFC + Knapsack ratio: 1.169549273
 Final SFC+Knapsack_Combined time: 0.000485591

SFC+Painter previous efficiency: 0.7064964384
Binary search iterations: 30
SFC+painterPartition efficiency: 0.877098171
SFC+Painter ratio: 1.241475715
 Final SFC+Painter time: 0.008122909

Hilbert+Painter previous efficiency: 0.6645444713
Binary search iterations: 30
Hilbert+painterPartition efficiency: 0.8601562618
Hilbert+Painter ratio: 1.294354703
 Final Hilbert+Painter time: 0.001034465
Painter+Knapsack previous efficiency: 0.7109630578
Binary search iterations: 30
SFC+painterPartition efficiency: 0.969737743
Painter+Knapsack ratio: 1.170969293
 Final painter+Knapsack_Combined time: 0.008972395
Run 18
File weights 51 and ranks 51
Original previous efficiency: 0.8168708618
Original efficiency: 0.9760618814
Original ratio: 1.194879053
Knapsack previous efficiency: 0.8168708618
Knapsack ratio: 1.21380181
 Final Knapsack time: 0.007280707

Karmarkar-Karp previous efficiency: 0.7251921748
Karmarkar-Karp ratio: 1.368796699
 Final Karmarkar-Karp time: 0.009818965

SFC previous efficiency: 0.594479299
 Time take to run this function: 5.110000001e-07
SFC ratio: 1.33149571
 Final SFC time: 0.000654869

Hilbert SFC previous efficiency: 0.5893420867
DM: HilbertProcessorMapDoIt called...
  (nprocs, nteams, nworkers) = (48, 48, 1)
  Bucket 0 contains 1931564340
  Bucket 1 contains 1979247031
  Bucket 2 contains 1993412190
  Bucket 3 contains 2015145013
  Bucket 4 contains 1984539447
  Bucket 5 contains 1830658958
  Bucket 6 contains 1790968293
  Bucket 7 contains 2189695241
  Bucket 8 contains 1796011505
  Bucket 9 contains 1788786935
  Bucket 10 contains 2401951824
  Bucket 11 contains 1599879432
  Bucket 12 contains 2397755577
  Bucket 13 contains 1679513562
  Bucket 14 contains 1813537149
  Bucket 15 contains 2400603416
  Bucket 16 contains 1811294900
  Bucket 17 contains 2204579448
  Bucket 18 contains 1804266641
  Bucket 19 contains 1789835816
  Bucket 20 contains 2060150826
  Bucket 21 contains 1904477105
  Bucket 22 contains 1991390086
  Bucket 23 contains 1836135670
  Bucket 24 contains 2074593730
  Bucket 25 contains 1855762868
  Bucket 26 contains 2326094076
  Bucket 27 contains 2116538648
  Bucket 28 contains 1860985458
  Bucket 29 contains 1784658974
  Bucket 30 contains 2335996746
  Bucket 31 contains 1679292689
  Bucket 32 contains 1857332399
  Bucket 33 contains 2380665401
  Bucket 34 contains 1743422916
  Bucket 35 contains 2035941954
  Bucket 36 contains 2009338388
  Bucket 37 contains 2081770435
  Bucket 38 contains 1955175829
  Bucket 39 contains 1800369992
  Bucket 40 contains 1811424461
  Bucket 41 contains 2039775915
  Bucket 42 contains 1929725292
  Bucket 43 contains 2016206466
  Bucket 44 contains 2149810290
  Bucket 45 contains 2205739978
  Bucket 46 contains 1846575485
  Bucket 47 contains 2245456042
Hilbert SFC efficiency: 0.8251800845
Hilbert SFC ratio: 1.400171654
 Final Hilbert SFC time: 0.013990788

SFC+Knapsack previous efficiency: 0.7119670607
SFC + Knapsack ratio: 1.167463356
 Final SFC+Knapsack_Combined time: 0.000504287

SFC+Painter previous efficiency: 0.7098182935
Binary search iterations: 30
SFC+painterPartition efficiency: 0.8703393458
SFC+Painter ratio: 1.226143865
 Final SFC+Painter time: 0.0075507

Hilbert+Painter previous efficiency: 0.6627631608
Binary search iterations: 30
Hilbert+painterPartition efficiency: 0.861912637
Hilbert+Painter ratio: 1.300483624
 Final Hilbert+Painter time: 0.000967835
Painter+Knapsack previous efficiency: 0.7119670607
Binary search iterations: 30
SFC+painterPartition efficiency: 0.9693305512
Painter+Knapsack ratio: 1.169943089
 Final painter+Knapsack_Combined time: 0.010721583
Run 19
File weights 51 and ranks 51
Original previous efficiency: 0.8268165385
Original efficiency: 0.932173076
Original ratio: 1.127424323
Knapsack previous efficiency: 0.8268165385
Knapsack ratio: 1.201153142
 Final Knapsack time: 0.00702386

Karmarkar-Karp previous efficiency: 0.7437963917
Karmarkar-Karp ratio: 1.337898066
 Final Karmarkar-Karp time: 0.009307674

SFC previous efficiency: 0.5928185036
 Time take to run this function: 5.1e-07
SFC ratio: 1.335442854
 Final SFC time: 0.000639349

Hilbert SFC previous efficiency: 0.5925302323
DM: HilbertProcessorMapDoIt called...
  (nprocs, nteams, nworkers) = (48, 48, 1)
  Bucket 0 contains 2017815206
  Bucket 1 contains 2067014641
  Bucket 2 contains 2082141978
  Bucket 3 contains 2050428237
  Bucket 4 contains 2069210786
  Bucket 5 contains 1964662917
  Bucket 6 contains 1853925379
  Bucket 7 contains 2284926949
  Bucket 8 contains 1867042867
  Bucket 9 contains 1868632104
  Bucket 10 contains 2491912200
  Bucket 11 contains 1663728263
  Bucket 12 contains 2492010921
  Bucket 13 contains 1746964679
  Bucket 14 contains 1881773962
  Bucket 15 contains 2492005916
  Bucket 16 contains 1873325985
  Bucket 17 contains 2293168115
  Bucket 18 contains 1875841870
  Bucket 19 contains 1867356771
  Bucket 20 contains 2164560333
  Bucket 21 contains 1942334506
  Bucket 22 contains 1892104421
  Bucket 23 contains 1955741735
  Bucket 24 contains 2309170915
  Bucket 25 contains 1956972764
  Bucket 26 contains 2435589343
  Bucket 27 contains 2135833896
  Bucket 28 contains 1876179477
  Bucket 29 contains 2490117307
  Bucket 30 contains 1806986996
  Bucket 31 contains 1738355591
  Bucket 32 contains 2086922924
  Bucket 33 contains 2562338987
  Bucket 34 contains 1807071872
  Bucket 35 contains 2122640779
  Bucket 36 contains 2091992364
  Bucket 37 contains 2156415561
  Bucket 38 contains 2031112789
  Bucket 39 contains 1887467271
  Bucket 40 contains 1887412144
  Bucket 41 contains 2128531213
  Bucket 42 contains 2031535806
  Bucket 43 contains 2098629290
  Bucket 44 contains 2255573901
  Bucket 45 contains 2295628829
  Bucket 46 contains 1850318312
  Bucket 47 contains 2359928190
Hilbert SFC efficiency: 0.806240556
Hilbert SFC ratio: 1.360674126
 Final Hilbert SFC time: 0.021932206

SFC+Knapsack previous efficiency: 0.7377909765
SFC + Knapsack ratio: 1.128938296
 Final SFC+Knapsack_Combined time: 0.000471473

SFC+Painter previous efficiency: 0.6984293989
Binary search iterations: 30
SFC+painterPartition efficiency: 0.8724158777
SFC+Painter ratio: 1.249111047
 Final SFC+Painter time: 0.007634382

Hilbert+Painter previous efficiency: 0.6595996779
Binary search iterations: 30
Hilbert+painterPartition efficiency: 0.8618041251
Hilbert+Painter ratio: 1.306556316
 Final Hilbert+Painter time: 0.000992503
Painter+Knapsack previous efficiency: 0.7377909765
Binary search iterations: 30
SFC+painterPartition efficiency: 0.964404075
Painter+Knapsack ratio: 1.132282716
 Final painter+Knapsack_Combined time: 0.009234984
Run 20
File weights 51 and ranks 51
Original previous efficiency: 0.81792696
Original efficiency: 0.8850412792
Original ratio: 1.082054172
Knapsack previous efficiency: 0.81792696
Knapsack ratio: 1.214009229
 Final Knapsack time: 0.007342828

Karmarkar-Karp previous efficiency: 0.756058268
Karmarkar-Karp ratio: 1.312417539
 Final Karmarkar-Karp time: 0.009353724

SFC previous efficiency: 0.5876420287
 Time take to run this function: 4.61e-07
SFC ratio: 1.406850167
 Final SFC time: 0.000582328

Hilbert SFC previous efficiency: 0.6034406675
DM: HilbertProcessorMapDoIt called...
  (nprocs, nteams, nworkers) = (48, 48, 1)
  Bucket 0 contains 2121650388
  Bucket 1 contains 2121173273
  Bucket 2 contains 2077431917
  Bucket 3 contains 2156506672
  Bucket 4 contains 2123038367
  Bucket 5 contains 1950832236
  Bucket 6 contains 1910954829
  Bucket 7 contains 2343860166
  Bucket 8 contains 1909565649
  Bucket 9 contains 1915934673
  Bucket 10 contains 2560010445
  Bucket 11 contains 1706525286
  Bucket 12 contains 2545502005
  Bucket 13 contains 1793222224
  Bucket 14 contains 2576741870
  Bucket 15 contains 1921214332
  Bucket 16 contains 1929418679
  Bucket 17 contains 2355436531
  Bucket 18 contains 1924721616
  Bucket 19 contains 1914184099
  Bucket 20 contains 2259403021
  Bucket 21 contains 1896633921
  Bucket 22 contains 2701072392
  Bucket 23 contains 1896413488
  Bucket 24 contains 2249247861
  Bucket 25 contains 1391850383
  Bucket 26 contains 2503613431
  Bucket 27 contains 2135910254
  Bucket 28 contains 2550771562
  Bucket 29 contains 1920970094
  Bucket 30 contains 1854009512
  Bucket 31 contains 2422023719
  Bucket 32 contains 1696734117
  Bucket 33 contains 2174128206
  Bucket 34 contains 2487645503
  Bucket 35 contains 2171100324
  Bucket 36 contains 2141373110
  Bucket 37 contains 2220539059
  Bucket 38 contains 2081414853
  Bucket 39 contains 1933653144
  Bucket 40 contains 1938705778
  Bucket 41 contains 2176992677
  Bucket 42 contains 2090283260
  Bucket 43 contains 2156298026
  Bucket 44 contains 2308284960
  Bucket 45 contains 2341923189
  Bucket 46 contains 1881045881
  Bucket 47 contains 2417589560
Hilbert SFC efficiency: 0.7856258996
Hilbert SFC ratio: 1.301910763
 Final Hilbert SFC time: 0.013886927

SFC+Knapsack previous efficiency: 0.7465946341
SFC + Knapsack ratio: 1.112430837
 Final SFC+Knapsack_Combined time: 0.000487344

SFC+Painter previous efficiency: 0.68093389
Binary search iterations: 30
SFC+painterPartition efficiency: 0.8581760585
SFC+Painter ratio: 1.26029277
 Final SFC+Painter time: 0.00726646

Hilbert+Painter previous efficiency: 0.6513601259
Binary search iterations: 30
Hilbert+painterPartition efficiency: 0.8536168966
Hilbert+Painter ratio: 1.310514511
 Final Hilbert+Painter time: 0.000950131
Painter+Knapsack previous efficiency: 0.7465946341
Binary search iterations: 30
SFC+painterPartition efficiency: 0.9678530538
Painter+Knapsack ratio: 1.11444741
 Final painter+Knapsack_Combined time: 0.010459907
Run 21
File weights 51 and ranks 51
Original previous efficiency: 0.8062273554
Original efficiency: 0.9498262866
Original ratio: 1.178112204
Knapsack previous efficiency: 0.8062273554
Knapsack ratio: 1.22975966
 Final Knapsack time: 0.006876874

Karmarkar-Karp previous efficiency: 0.76895098
Karmarkar-Karp ratio: 1.289964236
 Final Karmarkar-Karp time: 0.009288688

SFC previous efficiency: 0.5889189362
 Time take to run this function: 4.61e-07
SFC ratio: 1.384653808
 Final SFC time: 0.000566918

Hilbert SFC previous efficiency: 0.6212190982
DM: HilbertProcessorMapDoIt called...
  (nprocs, nteams, nworkers) = (48, 48, 1)
  Bucket 0 contains 2134950326
  Bucket 1 contains 2246269137
  Bucket 2 contains 2136804964
  Bucket 3 contains 2223501547
  Bucket 4 contains 2189444516
  Bucket 5 contains 2019462044
  Bucket 6 contains 1979890375
  Bucket 7 contains 2447749546
  Bucket 8 contains 1986385399
  Bucket 9 contains 1982507056
  Bucket 10 contains 2664290666
  Bucket 11 contains 1786980709
  Bucket 12 contains 2638259257
  Bucket 13 contains 1849555847
  Bucket 14 contains 1993560578
  Bucket 15 contains 2672796702
  Bucket 16 contains 1989373522
  Bucket 17 contains 2445421589
  Bucket 18 contains 1981072309
  Bucket 19 contains 1983593540
  Bucket 20 contains 2308530861
  Bucket 21 contains 1864993626
  Bucket 22 contains 2618410100
  Bucket 23 contains 1908572959
  Bucket 24 contains 2292846933
  Bucket 25 contains 2385643795
  Bucket 26 contains 2030479790
  Bucket 27 contains 2465943053
  Bucket 28 contains 2025741078
  Bucket 29 contains 1990267061
  Bucket 30 contains 2492333146
  Bucket 31 contains 1974897738
  Bucket 32 contains 1806902690
  Bucket 33 contains 2411167265
  Bucket 34 contains 2568764310
  Bucket 35 contains 2222540701
  Bucket 36 contains 2212100241
  Bucket 37 contains 2293247663
  Bucket 38 contains 2161647417
  Bucket 39 contains 2003706827
  Bucket 40 contains 1996847959
  Bucket 41 contains 2250662173
  Bucket 42 contains 2159512326
  Bucket 43 contains 2224484577
  Bucket 44 contains 2385610682
  Bucket 45 contains 1990386227
  Bucket 46 contains 2306794427
  Bucket 47 contains 2476803253
Hilbert SFC efficiency: 0.8198474625
Hilbert SFC ratio: 1.319739629
 Final Hilbert SFC time: 0.014116922

SFC+Knapsack previous efficiency: 0.7428828677
SFC + Knapsack ratio: 1.116978293
 Final SFC+Knapsack_Combined time: 0.000496913

SFC+Painter previous efficiency: 0.6827199612
Binary search iterations: 30
SFC+painterPartition efficiency: 0.8596869319
SFC+Painter ratio: 1.259208725
 Final SFC+Painter time: 0.00717423

Hilbert+Painter previous efficiency: 0.6630881378
Binary search iterations: 30
Hilbert+painterPartition efficiency: 0.8634571038
Hilbert+Painter ratio: 1.302175464
 Final Hilbert+Painter time: 0.001095823
Painter+Knapsack previous efficiency: 0.7428828677
Binary search iterations: 30
SFC+painterPartition efficiency: 0.9711192846
Painter+Knapsack ratio: 1.119205067
 Final painter+Knapsack_Combined time: 0.009149177
Run 22
File weights 51 and ranks 51
Original previous efficiency: 0.7942682193
Original efficiency: 0.9383077742
Original ratio: 1.181348758
Knapsack previous efficiency: 0.7942682193
Knapsack ratio: 1.250002365
 Final Knapsack time: 0.007233446

Karmarkar-Karp previous efficiency: 0.7596190626
Karmarkar-Karp ratio: 1.308155474
 Final Karmarkar-Karp time: 0.009127575

SFC previous efficiency: 0.598259592
 Time take to run this function: 5.21e-07
SFC ratio: 1.341266225
 Final SFC time: 0.000578952

Hilbert SFC previous efficiency: 0.6193475057
DM: HilbertProcessorMapDoIt called...
  (nprocs, nteams, nworkers) = (48, 48, 1)
  Bucket 0 contains 2196807382
  Bucket 1 contains 2249240770
  Bucket 2 contains 2261969277
  Bucket 3 contains 2287977861
  Bucket 4 contains 2253209158
  Bucket 5 contains 2071884048
  Bucket 6 contains 2025968547
  Bucket 7 contains 2516005397
  Bucket 8 contains 2044261998
  Bucket 9 contains 2016997565
  Bucket 10 contains 2721268660
  Bucket 11 contains 1841216027
  Bucket 12 contains 2703484716
  Bucket 13 contains 1910431236
  Bucket 14 contains 2040042922
  Bucket 15 contains 2737447542
  Bucket 16 contains 2043830623
  Bucket 17 contains 2493711920
  Bucket 18 contains 2029525985
  Bucket 19 contains 2031964149
  Bucket 20 contains 2465731671
  Bucket 21 contains 1834084191
  Bucket 22 contains 2633780869
  Bucket 23 contains 1931719434
  Bucket 24 contains 2401944913
  Bucket 25 contains 2483043138
  Bucket 26 contains 2425109082
  Bucket 27 contains 2082073808
  Bucket 28 contains 2127077128
  Bucket 29 contains 2051807043
  Bucket 30 contains 2569423552
  Bucket 31 contains 2030728485
  Bucket 32 contains 1934794803
  Bucket 33 contains 2573820801
  Bucket 34 contains 2631216538
  Bucket 35 contains 2293293024
  Bucket 36 contains 2276893168
  Bucket 37 contains 1738780498
  Bucket 38 contains 2829328434
  Bucket 39 contains 2061274067
  Bucket 40 contains 2052493176
  Bucket 41 contains 2320897014
  Bucket 42 contains 2239874266
  Bucket 43 contains 2280840710
  Bucket 44 contains 2452805990
  Bucket 45 contains 2050985541
  Bucket 46 contains 2291269769
  Bucket 47 contains 2535023576
Hilbert SFC efficiency: 0.7958113485
Hilbert SFC ratio: 1.284918953
 Final Hilbert SFC time: 0.013803216

SFC+Knapsack previous efficiency: 0.7252426801
SFC + Knapsack ratio: 1.146947404
 Final SFC+Knapsack_Combined time: 0.000493165

SFC+Painter previous efficiency: 0.6650555155
Binary search iterations: 30
SFC+painterPartition efficiency: 0.8626224241
SFC+Painter ratio: 1.297068296
 Final SFC+Painter time: 0.007003479

Hilbert+Painter previous efficiency: 0.6540901945
Binary search iterations: 30
Hilbert+painterPartition efficiency: 0.8548971188
Hilbert+Painter ratio: 1.307001887
 Final Hilbert+Painter time: 0.000886628
Painter+Knapsack previous efficiency: 0.7252426801
Binary search iterations: 30
SFC+painterPartition efficiency: 0.9658252124
Painter+Knapsack ratio: 1.150855802
 Final painter+Knapsack_Combined time: 0.008751977
Run 23
File weights 51 and ranks 51
Original previous efficiency: 0.7881358912
Original efficiency: 0.9175873399
Original ratio: 1.164250163
Knapsack previous efficiency: 0.7881358912
Knapsack ratio: 1.25945835
 Final Knapsack time: 0.006574619

Karmarkar-Karp previous efficiency: 0.7528845177
Karmarkar-Karp ratio: 1.316208478
 Final Karmarkar-Karp time: 0.009715445

SFC previous efficiency: 0.6003448063
 Time take to run this function: 5.009999997e-07
SFC ratio: 1.33752524
 Final SFC time: 0.00056227

Hilbert SFC previous efficiency: 0.6137102534
DM: HilbertProcessorMapDoIt called...
  (nprocs, nteams, nworkers) = (48, 48, 1)
  Bucket 0 contains 2138328482
  Bucket 1 contains 2189067055
  Bucket 2 contains 2201760953
  Bucket 3 contains 2226872773
  Bucket 4 contains 2193450658
  Bucket 5 contains 2014749131
  Bucket 6 contains 1980815756
  Bucket 7 contains 2445899217
  Bucket 8 contains 1973237730
  Bucket 9 contains 1971340964
  Bucket 10 contains 2645629979
  Bucket 11 contains 1796228497
  Bucket 12 contains 2637706621
  Bucket 13 contains 1852448303
  Bucket 14 contains 1996095951
  Bucket 15 contains 2667218847
  Bucket 16 contains 1985748966
  Bucket 17 contains 2432831158
  Bucket 18 contains 1980953999
  Bucket 19 contains 1981040183
  Bucket 20 contains 2448118636
  Bucket 21 contains 1723561084
  Bucket 22 contains 2525177468
  Bucket 23 contains 1868913232
  Bucket 24 contains 2386863779
  Bucket 25 contains 2489926731
  Bucket 26 contains 2365433217
  Bucket 27 contains 1992746445
  Bucket 28 contains 2099378679
  Bucket 29 contains 1987803604
  Bucket 30 contains 2502099136
  Bucket 31 contains 1982241458
  Bucket 32 contains 1901356623
  Bucket 33 contains 2573420168
  Bucket 34 contains 2563930280
  Bucket 35 contains 2229731745
  Bucket 36 contains 1550675254
  Bucket 37 contains 2370329283
  Bucket 38 contains 2091259733
  Bucket 39 contains 2666906126
  Bucket 40 contains 1999848098
  Bucket 41 contains 2252590999
  Bucket 42 contains 2189827323
  Bucket 43 contains 2204302438
  Bucket 44 contains 2383900691
  Bucket 45 contains 1991307887
  Bucket 46 contains 2187302924
  Bucket 47 contains 2443768646
Hilbert SFC efficiency: 0.8223621132
Hilbert SFC ratio: 1.339984314
 Final Hilbert SFC time: 0.014382227

SFC+Knapsack previous efficiency: 0.707028733
SFC + Knapsack ratio: 1.176697661
 Final SFC+Knapsack_Combined time: 0.001066366

SFC+Painter previous efficiency: 0.6485567467
Binary search iterations: 30
SFC+painterPartition efficiency: 0.8631432491
SFC+Painter ratio: 1.330867736
 Final SFC+Painter time: 0.007414396

Hilbert+Painter previous efficiency: 0.6545233452
Binary search iterations: 30
Hilbert+painterPartition efficiency: 0.8523364177
Hilbert+Painter ratio: 1.302224625
 Final Hilbert+Painter time: 0.000975681
Painter+Knapsack previous efficiency: 0.707028733
Binary search iterations: 30
SFC+painterPartition efficiency: 0.9628538293
Painter+Knapsack ratio: 1.176955539
 Final painter+Knapsack_Combined time: 0.009204485
Run 24
File weights 51 and ranks 51
Original previous efficiency: 0.7696798852
Original efficiency: 0.8941294803
Original ratio: 1.161690071
Knapsack previous efficiency: 0.7696798852
Knapsack ratio: 1.287838108
 Final Knapsack time: 0.006994602

Karmarkar-Karp previous efficiency: 0.7493123786
Karmarkar-Karp ratio: 1.324642279
 Final Karmarkar-Karp time: 0.010810276

SFC previous efficiency: 0.6064540593
 Time take to run this function: 6.110000004e-07
SFC ratio: 1.333430175
 Final SFC time: 0.000694657

Hilbert SFC previous efficiency: 0.6182951271
DM: HilbertProcessorMapDoIt called...
  (nprocs, nteams, nworkers) = (48, 48, 1)
  Bucket 0 contains 2049952975
  Bucket 1 contains 2098482546
  Bucket 2 contains 2110644784
  Bucket 3 contains 2136661552
  Bucket 4 contains 2103314005
  Bucket 5 contains 1939235969
  Bucket 6 contains 1896128021
  Bucket 7 contains 2348549281
  Bucket 8 contains 1904441756
  Bucket 9 contains 1895127230
  Bucket 10 contains 2538750348
  Bucket 11 contains 1719288853
  Bucket 12 contains 2522443888
  Bucket 13 contains 1782712570
  Bucket 14 contains 1912915740
  Bucket 15 contains 2550505338
  Bucket 16 contains 1903950492
  Bucket 17 contains 2342019803
  Bucket 18 contains 1895935967
  Bucket 19 contains 1899486454
  Bucket 20 contains 2289967539
  Bucket 21 contains 2238066838
  Bucket 22 contains 1546964512
  Bucket 23 contains 2598353229
  Bucket 24 contains 2176245491
  Bucket 25 contains 1603724366
  Bucket 26 contains 2298527181
  Bucket 27 contains 2488596329
  Bucket 28 contains 2077745943
  Bucket 29 contains 1903998447
  Bucket 30 contains 2336207894
  Bucket 31 contains 1327790584
  Bucket 32 contains 1958210585
  Bucket 33 contains 2599516880
  Bucket 34 contains 2469000530
  Bucket 35 contains 2132132739
  Bucket 36 contains 1486460954
  Bucket 37 contains 2266098113
  Bucket 38 contains 2008436451
  Bucket 39 contains 2555762611
  Bucket 40 contains 1911110215
  Bucket 41 contains 2163204654
  Bucket 42 contains 2110973248
  Bucket 43 contains 2095324979
  Bucket 44 contains 2283495566
  Bucket 45 contains 1923299777
  Bucket 46 contains 2048363083
  Bucket 47 contains 2366474114
Hilbert SFC efficiency: 0.8079594296
Hilbert SFC ratio: 1.306753675
 Final Hilbert SFC time: 0.016631505

SFC+Knapsack previous efficiency: 0.6912961782
SFC + Knapsack ratio: 1.203675327
 Final SFC+Knapsack_Combined time: 0.000456275

SFC+Painter previous efficiency: 0.6677758749
Binary search iterations: 30
SFC+painterPartition efficiency: 0.8622404846
SFC+Painter ratio: 1.291212392
 Final SFC+Painter time: 0.007788281

Hilbert+Painter previous efficiency: 0.6735799147
Binary search iterations: 30
Hilbert+painterPartition efficiency: 0.8616565951
Hilbert+Painter ratio: 1.27921955
 Final Hilbert+Painter time: 0.000941575
Painter+Knapsack previous efficiency: 0.6912961782
Binary search iterations: 30
SFC+painterPartition efficiency: 0.9765664887
Painter+Knapsack ratio: 1.203675327
 Final painter+Knapsack_Combined time: 0.011814772
Run 25
File weights 51 and ranks 51
Original previous efficiency: 0.7455964049
Original efficiency: 0.9541454062
Original ratio: 1.279707627
Knapsack previous efficiency: 0.7455964049
Knapsack ratio: 1.331067632
 Final Knapsack time: 0.007746279

Karmarkar-Karp previous efficiency: 0.7444687832
Karmarkar-Karp ratio: 1.330615556
 Final Karmarkar-Karp time: 0.010935298

SFC previous efficiency: 0.6137896852
 Time take to run this function: 1.162e-06
SFC ratio: 1.269247645
 Final SFC time: 0.002241713

Hilbert SFC previous efficiency: 0.603224397
DM: HilbertProcessorMapDoIt called...
  (nprocs, nteams, nworkers) = (48, 48, 1)
  Bucket 0 contains 1998037772
  Bucket 1 contains 1999430572
  Bucket 2 contains 2006826070
  Bucket 3 contains 1981992615
  Bucket 4 contains 2010291985
  Bucket 5 contains 1838397193
  Bucket 6 contains 1805922770
  Bucket 7 contains 2225540721
  Bucket 8 contains 1812248815
  Bucket 9 contains 1798870785
  Bucket 10 contains 2424981729
  Bucket 11 contains 1627337157
  Bucket 12 contains 2418602754
  Bucket 13 contains 1705504243
  Bucket 14 contains 1822701711
  Bucket 15 contains 2437580427
  Bucket 16 contains 1806623945
  Bucket 17 contains 2218695408
  Bucket 18 contains 1813160049
  Bucket 19 contains 1803150454
  Bucket 20 contains 2210479377
  Bucket 21 contains 1994360345
  Bucket 22 contains 2172009702
  Bucket 23 contains 1674372439
  Bucket 24 contains 2089994567
  Bucket 25 contains 2159095478
  Bucket 26 contains 1870106986
  Bucket 27 contains 1924096653
  Bucket 28 contains 2052650175
  Bucket 29 contains 1798158942
  Bucket 30 contains 2236242418
  Bucket 31 contains 2261612213
  Bucket 32 contains 1982323217
  Bucket 33 contains 1661282392
  Bucket 34 contains 2363506342
  Bucket 35 contains 2041876584
  Bucket 36 contains 2016848798
  Bucket 37 contains 1550505512
  Bucket 38 contains 1907919935
  Bucket 39 contains 2432958172
  Bucket 40 contains 1830007264
  Bucket 41 contains 2049636312
  Bucket 42 contains 2041716370
  Bucket 43 contains 1994550462
  Bucket 44 contains 2182058991
  Bucket 45 contains 1840470193
  Bucket 46 contains 2185765042
  Bucket 47 contains 2051381275
Hilbert SFC efficiency: 0.8216129188
Hilbert SFC ratio: 1.362035294
 Final Hilbert SFC time: 0.013660117

SFC+Knapsack previous efficiency: 0.6630787695
SFC + Knapsack ratio: 1.259008938
 Final SFC+Knapsack_Combined time: 0.00044389

SFC+Painter previous efficiency: 0.6652240734
Binary search iterations: 30
SFC+painterPartition efficiency: 0.8751378363
SFC+Painter ratio: 1.315553467
 Final SFC+Painter time: 0.009336991

Hilbert+Painter previous efficiency: 0.6751334299
Binary search iterations: 29
Hilbert+painterPartition efficiency: 0.8755778401
Hilbert+Painter ratio: 1.296895993
 Final Hilbert+Painter time: 0.000957937
Painter+Knapsack previous efficiency: 0.6630787695
Binary search iterations: 30
SFC+painterPartition efficiency: 0.9827495609
Painter+Knapsack ratio: 1.259008938
 Final painter+Knapsack_Combined time: 0.009481571
Run 26
File weights 51 and ranks 51
Original previous efficiency: 0.7463690451
Original efficiency: 0.9451249949
Original ratio: 1.26629715
Knapsack previous efficiency: 0.7463690451
Knapsack ratio: 1.32958359
 Final Knapsack time: 0.007225329

Karmarkar-Karp previous efficiency: 0.7300219205
Karmarkar-Karp ratio: 1.354326161
 Final Karmarkar-Karp time: 0.0091658

SFC previous efficiency: 0.6192697108
 Time take to run this function: 5.009999997e-07
SFC ratio: 1.25566968
 Final SFC time: 0.000797476

Hilbert SFC previous efficiency: 0.6149164418
DM: HilbertProcessorMapDoIt called...
  (nprocs, nteams, nworkers) = (48, 48, 1)
  Bucket 0 contains 1981289883
  Bucket 1 contains 1983625156
  Bucket 2 contains 1939278409
  Bucket 3 contains 2017864129
  Bucket 4 contains 1987871377
  Bucket 5 contains 1817791461
  Bucket 6 contains 1794670867
  Bucket 7 contains 2192399903
  Bucket 8 contains 1797514549
  Bucket 9 contains 1791077003
  Bucket 10 contains 2401175434
  Bucket 11 contains 1609068192
  Bucket 12 contains 2392436246
  Bucket 13 contains 1684558257
  Bucket 14 contains 1810742396
  Bucket 15 contains 2404559713
  Bucket 16 contains 1801892035
  Bucket 17 contains 2202780450
  Bucket 18 contains 1790381779
  Bucket 19 contains 1787768119
  Bucket 20 contains 2200402077
  Bucket 21 contains 1912238928
  Bucket 22 contains 2009922879
  Bucket 23 contains 1666763713
  Bucket 24 contains 2056549813
  Bucket 25 contains 2141270905
  Bucket 26 contains 2233621264
  Bucket 27 contains 1519396505
  Bucket 28 contains 2080774381
  Bucket 29 contains 2398792951
  Bucket 30 contains 1605518656
  Bucket 31 contains 2267337320
  Bucket 32 contains 1990016611
  Bucket 33 contains 1759364289
  Bucket 34 contains 2353563548
  Bucket 35 contains 2012786789
  Bucket 36 contains 2002269885
  Bucket 37 contains 1536824676
  Bucket 38 contains 1898067891
  Bucket 39 contains 2413134302
  Bucket 40 contains 1810328379
  Bucket 41 contains 2031862138
  Bucket 42 contains 1992921097
  Bucket 43 contains 2020473751
  Bucket 44 contains 2161589107
  Bucket 45 contains 1821620696
  Bucket 46 contains 2144886691
  Bucket 47 contains 2052784483
Hilbert SFC efficiency: 0.8226147094
Hilbert SFC ratio: 1.337766652
 Final Hilbert SFC time: 0.016074615

SFC+Knapsack previous efficiency: 0.6571334175
SFC + Knapsack ratio: 1.268588214
 Final SFC+Knapsack_Combined time: 0.000488968

SFC+Painter previous efficiency: 0.6572043289
Binary search iterations: 29
SFC+painterPartition efficiency: 0.8787384133
SFC+Painter ratio: 1.337085553
 Final SFC+Painter time: 0.008119673

Hilbert+Painter previous efficiency: 0.6737222325
Binary search iterations: 30
Hilbert+painterPartition efficiency: 0.8734045447
Hilbert+Painter ratio: 1.296386704
 Final Hilbert+Painter time: 0.000952355
Painter+Knapsack previous efficiency: 0.6571334175
Binary search iterations: 30
SFC+painterPartition efficiency: 0.9849721836
Painter+Knapsack ratio: 1.268588214
 Final painter+Knapsack_Combined time: 0.009774409
Run 27
File weights 51 and ranks 51
Original previous efficiency: 0.762027755
Original efficiency: 0.9019893811
Original ratio: 1.183669985
Knapsack previous efficiency: 0.762027755
Knapsack ratio: 1.301335356
 Final Knapsack time: 0.00684319

Karmarkar-Karp previous efficiency: 0.7213633008
Karmarkar-Karp ratio: 1.370435743
 Final Karmarkar-Karp time: 0.009840998

SFC previous efficiency: 0.6284839348
 Time take to run this function: 5.809999997e-07
SFC ratio: 1.314799831
 Final SFC time: 0.000625563

Hilbert SFC previous efficiency: 0.6517047457
DM: HilbertProcessorMapDoIt called...
  (nprocs, nteams, nworkers) = (48, 48, 1)
  Bucket 0 contains 1962288193
  Bucket 1 contains 2011938778
  Bucket 2 contains 2025403067
  Bucket 3 contains 1998729414
  Bucket 4 contains 2018086466
  Bucket 5 contains 1908833458
  Bucket 6 contains 1819743882
  Bucket 7 contains 2234122464
  Bucket 8 contains 1817506723
  Bucket 9 contains 1820417107
  Bucket 10 contains 2437631081
  Bucket 11 contains 1636466304
  Bucket 12 contains 2443492604
  Bucket 13 contains 1710459093
  Bucket 14 contains 1824556675
  Bucket 15 contains 2444943557
  Bucket 16 contains 1884372313
  Bucket 17 contains 1685665927
  Bucket 18 contains 2369183135
  Bucket 19 contains 1815791276
  Bucket 20 contains 2254658451
  Bucket 21 contains 1897038437
  Bucket 22 contains 1917066157
  Bucket 23 contains 1630548189
  Bucket 24 contains 2022830386
  Bucket 25 contains 2140292098
  Bucket 26 contains 2256110606
  Bucket 27 contains 1535175424
  Bucket 28 contains 2169432495
  Bucket 29 contains 2432603117
  Bucket 30 contains 2241473809
  Bucket 31 contains 1717388863
  Bucket 32 contains 1975670459
  Bucket 33 contains 1900202445
  Bucket 34 contains 2423634691
  Bucket 35 contains 2036275885
  Bucket 36 contains 2031010547
  Bucket 37 contains 1563065426
  Bucket 38 contains 1923469764
  Bucket 39 contains 2454364639
  Bucket 40 contains 1832052678
  Bucket 41 contains 2062270697
  Bucket 42 contains 2021764421
  Bucket 43 contains 2044034925
  Bucket 44 contains 2192507557
  Bucket 45 contains 1836488821
  Bucket 46 contains 2112703366
  Bucket 47 contains 2109024694
Hilbert SFC efficiency: 0.8199914979
Hilbert SFC ratio: 1.258225451
 Final Hilbert SFC time: 0.013915493

SFC+Knapsack previous efficiency: 0.6426158652
SFC + Knapsack ratio: 1.292033954
 Final SFC+Knapsack_Combined time: 0.000487895

SFC+Painter previous efficiency: 0.6564299344
Binary search iterations: 30
SFC+painterPartition efficiency: 0.874480042
SFC+Painter ratio: 1.332175753
 Final SFC+Painter time: 0.008111157

Hilbert+Painter previous efficiency: 0.6795775974
Binary search iterations: 30
Hilbert+painterPartition efficiency: 0.8679501686
Hilbert+Painter ratio: 1.277190672
 Final Hilbert+Painter time: 0.000933739
Painter+Knapsack previous efficiency: 0.6426158652
Binary search iterations: 30
SFC+painterPartition efficiency: 0.9831427996
Painter+Knapsack ratio: 1.292033954
 Final painter+Knapsack_Combined time: 0.011138191
Run 28
File weights 51 and ranks 51
Original previous efficiency: 0.7777813475
Original efficiency: 0.8869552654
Original ratio: 1.140365822
Knapsack previous efficiency: 0.7777813475
Knapsack ratio: 1.275556448
 Final Knapsack time: 0.006643483

Karmarkar-Karp previous efficiency: 0.7186677282
Karmarkar-Karp ratio: 1.380765808
 Final Karmarkar-Karp time: 0.009354025

SFC previous efficiency: 0.6585366126
 Time take to run this function: 5.810000001e-07
SFC ratio: 1.252651488
 Final SFC time: 0.000650801

Hilbert SFC previous efficiency: 0.6520317237
DM: HilbertProcessorMapDoIt called...
  (nprocs, nteams, nworkers) = (48, 48, 1)
  Bucket 0 contains 2063498322
  Bucket 1 contains 2066141240
  Bucket 2 contains 2019673303
  Bucket 3 contains 2101035369
  Bucket 4 contains 2070563461
  Bucket 5 contains 1897544505
  Bucket 6 contains 1863403349
  Bucket 7 contains 2296141952
  Bucket 8 contains 1869143220
  Bucket 9 contains 1865017418
  Bucket 10 contains 2502279923
  Bucket 11 contains 1679759611
  Bucket 12 contains 1883547209
  Bucket 13 contains 2458949546
  Bucket 14 contains 1872813116
  Bucket 15 contains 2503991748
  Bucket 16 contains 2021054405
  Bucket 17 contains 1730960900
  Bucket 18 contains 2421233550
  Bucket 19 contains 1861346233
  Bucket 20 contains 1544461643
  Bucket 21 contains 2111758954
  Bucket 22 contains 2594855132
  Bucket 23 contains 1630936947
  Bucket 24 contains 2128590034
  Bucket 25 contains 2147790933
  Bucket 26 contains 2258893728
  Bucket 27 contains 1530550188
  Bucket 28 contains 2355877368
  Bucket 29 contains 2496597788
  Bucket 30 contains 1671527808
  Bucket 31 contains 2328581484
  Bucket 32 contains 1854709323
  Bucket 33 contains 1956926721
  Bucket 34 contains 2551865726
  Bucket 35 contains 2097316430
  Bucket 36 contains 2086031418
  Bucket 37 contains 1601112746
  Bucket 38 contains 1972085530
  Bucket 39 contains 2503023030
  Bucket 40 contains 1876456704
  Bucket 41 contains 2113978275
  Bucket 42 contains 2088546601
  Bucket 43 contains 2101646975
  Bucket 44 contains 2254896593
  Bucket 45 contains 1871488641
  Bucket 46 contains 2125436825
  Bucket 47 contains 2240834860
Hilbert SFC efficiency: 0.7960052339
Hilbert SFC ratio: 1.220807524
 Final Hilbert SFC time: 0.014056143

SFC+Knapsack previous efficiency: 0.6383633873
SFC + Knapsack ratio: 1.300754463
 Final SFC+Knapsack_Combined time: 0.000478266

SFC+Painter previous efficiency: 0.6375793065
Binary search iterations: 30
SFC+painterPartition efficiency: 0.8843219879
SFC+Painter ratio: 1.3869992
 Final SFC+Painter time: 0.007236259

Hilbert+Painter previous efficiency: 0.6830315811
Binary search iterations: 30
Hilbert+painterPartition efficiency: 0.8724064603
Hilbert+Painter ratio: 1.277256403
 Final Hilbert+Painter time: 0.001110771
Painter+Knapsack previous efficiency: 0.6383633873
Binary search iterations: 30
SFC+painterPartition efficiency: 0.9689550023
Painter+Knapsack ratio: 1.300754463
 Final painter+Knapsack_Combined time: 0.008879803
Run 29
File weights 51 and ranks 51
Original previous efficiency: 0.7874641962
Original efficiency: 0.9635989458
Original ratio: 1.223673343
Knapsack previous efficiency: 0.7874641962
Knapsack ratio: 1.26008819
 Final Knapsack time: 0.007168317

Karmarkar-Karp previous efficiency: 0.7265210928
Karmarkar-Karp ratio: 1.368959513
 Final Karmarkar-Karp time: 0.017732824

SFC previous efficiency: 0.6660113361
 Time take to run this function: 1.102e-06
SFC ratio: 1.177663373
 Final SFC time: 0.000772958

Hilbert SFC previous efficiency: 0.6530866956
DM: HilbertProcessorMapDoIt called...
  (nprocs, nteams, nworkers) = (48, 48, 1)
  Bucket 0 contains 2104657203
  Bucket 1 contains 2103933492
  Bucket 2 contains 2106821264
  Bucket 3 contains 2084494453
  Bucket 4 contains 2105581616
  Bucket 5 contains 1939481804
  Bucket 6 contains 1903772360
  Bucket 7 contains 2343018011
  Bucket 8 contains 1902069023
  Bucket 9 contains 1893112723
  Bucket 10 contains 2542936258
  Bucket 11 contains 1713413970
  Bucket 12 contains 1909922271
  Bucket 13 contains 2565384188
  Bucket 14 contains 1915348158
  Bucket 15 contains 2560769188
  Bucket 16 contains 2120785363
  Bucket 17 contains 1783248785
  Bucket 18 contains 1838233068
  Bucket 19 contains 2523912294
  Bucket 20 contains 1570039291
  Bucket 21 contains 2718199658
  Bucket 22 contains 1980070343
  Bucket 23 contains 1641157309
  Bucket 24 contains 2198741210
  Bucket 25 contains 2216898672
  Bucket 26 contains 2329160568
  Bucket 27 contains 1517923352
  Bucket 28 contains 2525030199
  Bucket 29 contains 2538430319
  Bucket 30 contains 1726867187
  Bucket 31 contains 2355390931
  Bucket 32 contains 1784704680
  Bucket 33 contains 1977162585
  Bucket 34 contains 2654993744
  Bucket 35 contains 2135534854
  Bucket 36 contains 2127332783
  Bucket 37 contains 1627719407
  Bucket 38 contains 2007152189
  Bucket 39 contains 2563993787
  Bucket 40 contains 1915617862
  Bucket 41 contains 2167029790
  Bucket 42 contains 2131212906
  Bucket 43 contains 2132699594
  Bucket 44 contains 2290782629
  Bucket 45 contains 2126629267
  Bucket 46 contains 1906956866
  Bucket 47 contains 2316672426
Hilbert SFC efficiency: 0.775214393
Hilbert SFC ratio: 1.187000743
 Final Hilbert SFC time: 0.013615778

SFC+Knapsack previous efficiency: 0.6335899372
SFC + Knapsack ratio: 1.314131776
 Final SFC+Knapsack_Combined time: 0.000478687

SFC+Painter previous efficiency: 0.6380698294
Binary search iterations: 30
SFC+painterPartition efficiency: 0.8771731825
SFC+Painter ratio: 1.374729132
 Final SFC+Painter time: 0.009577925

Hilbert+Painter previous efficiency: 0.6801408952
Binary search iterations: 30
Hilbert+painterPartition efficiency: 0.8659590219
Hilbert+Painter ratio: 1.273205343
 Final Hilbert+Painter time: 0.001008103
Painter+Knapsack previous efficiency: 0.6335899372
Binary search iterations: 29
SFC+painterPartition efficiency: 0.9624453129
Painter+Knapsack ratio: 1.312028574
 Final painter+Knapsack_Combined time: 0.011383303
Run 30
File weights 51 and ranks 51
Original previous efficiency: 0.7814864385
Original efficiency: 0.9454084301
Original ratio: 1.209756668
Knapsack previous efficiency: 0.7814864385
Knapsack ratio: 1.26961731
 Final Knapsack time: 0.006961877

Karmarkar-Karp previous efficiency: 0.7416893078
Karmarkar-Karp ratio: 1.33874302
 Final Karmarkar-Karp time: 0.009822529

SFC previous efficiency: 0.655074481
 Time take to run this function: 4.699999998e-07
SFC ratio: 1.261515473
 Final SFC time: 0.00071724

Hilbert SFC previous efficiency: 0.6477242607
DM: HilbertProcessorMapDoIt called...
  (nprocs, nteams, nworkers) = (48, 48, 1)
  Bucket 0 contains 2080466118
  Bucket 1 contains 2136770389
  Bucket 2 contains 2142759207
  Bucket 3 contains 2171435715
  Bucket 4 contains 2137951240
  Bucket 5 contains 1964164271
  Bucket 6 contains 1925306254
  Bucket 7 contains 2375862093
  Bucket 8 contains 1933658712
  Bucket 9 contains 1920724993
  Bucket 10 contains 2578624059
  Bucket 11 contains 1737640109
  Bucket 12 contains 1952428978
  Bucket 13 contains 2640205793
  Bucket 14 contains 1940045518
  Bucket 15 contains 1944337566
  Bucket 16 contains 1948734193
  Bucket 17 contains 2695635573
  Bucket 18 contains 1864577447
  Bucket 19 contains 2543531738
  Bucket 20 contains 1592170780
  Bucket 21 contains 2709769978
  Bucket 22 contains 2003165103
  Bucket 23 contains 1653267426
  Bucket 24 contains 2226656481
  Bucket 25 contains 2218811100
  Bucket 26 contains 2349856003
  Bucket 27 contains 1473587762
  Bucket 28 contains 2635311543
  Bucket 29 contains 1944118419
  Bucket 30 contains 2401116081
  Bucket 31 contains 2376791907
  Bucket 32 contains 1766118958
  Bucket 33 contains 1939054115
  Bucket 34 contains 2174141212
  Bucket 35 contains 2153086446
  Bucket 36 contains 2742416056
  Bucket 37 contains 1645186205
  Bucket 38 contains 2030024982
  Bucket 39 contains 2604437766
  Bucket 40 contains 1947934140
  Bucket 41 contains 2202599379
  Bucket 42 contains 2193067600
  Bucket 43 contains 2152390811
  Bucket 44 contains 2331719455
  Bucket 45 contains 2111617939
  Bucket 46 contains 1927218517
  Bucket 47 contains 2376493849
Hilbert SFC efficiency: 0.7787916133
Hilbert SFC ratio: 1.202350538
 Final Hilbert SFC time: 0.013953272

SFC+Knapsack previous efficiency: 0.6281042031
SFC + Knapsack ratio: 1.322449608
 Final SFC+Knapsack_Combined time: 0.000482475

SFC+Painter previous efficiency: 0.6481970235
Binary search iterations: 30
SFC+painterPartition efficiency: 0.8784280918
SFC+Painter ratio: 1.355186865
 Final SFC+Painter time: 0.006950145

Hilbert+Painter previous efficiency: 0.6834749502
Binary search iterations: 30
Hilbert+painterPartition efficiency: 0.8664968981
Hilbert+Painter ratio: 1.267781501
 Final Hilbert+Painter time: 0.00093439
Painter+Knapsack previous efficiency: 0.6281042031
Binary search iterations: 29
SFC+painterPartition efficiency: 0.9710803142
Painter+Knapsack ratio: 1.325186072
 Final painter+Knapsack_Combined time: 0.009111041
Run 31
File weights 51 and ranks 51
Original previous efficiency: 0.7724808712
Original efficiency: 0.9390777239
Original ratio: 1.215664697
Knapsack previous efficiency: 0.7724808712
Knapsack ratio: 1.285196806
 Final Knapsack time: 0.006803681

Karmarkar-Karp previous efficiency: 0.7484687902
Karmarkar-Karp ratio: 1.32877924
 Final Karmarkar-Karp time: 0.00970911

SFC previous efficiency: 0.6404338081
 Time take to run this function: 4.799999997e-07
SFC ratio: 1.281299646
 Final SFC time: 0.000589542

Hilbert SFC previous efficiency: 0.6388807117
DM: HilbertProcessorMapDoIt called...
  (nprocs, nteams, nworkers) = (48, 48, 1)
  Bucket 0 contains 2146566621
  Bucket 1 contains 2145829956
  Bucket 2 contains 2147246263
  Bucket 3 contains 2126094081
  Bucket 4 contains 2146843076
  Bucket 5 contains 1972659777
  Bucket 6 contains 1927739501
  Bucket 7 contains 2390925791
  Bucket 8 contains 1940472694
  Bucket 9 contains 1937199598
  Bucket 10 contains 2594785445
  Bucket 11 contains 1744046336
  Bucket 12 contains 2005587453
  Bucket 13 contains 2682544032
  Bucket 14 contains 1945375754
  Bucket 15 contains 1959797952
  Bucket 16 contains 1959685344
  Bucket 17 contains 2154871740
  Bucket 18 contains 2463114967
  Bucket 19 contains 2572674749
  Bucket 20 contains 1599793851
  Bucket 21 contains 2117006613
  Bucket 22 contains 2646526137
  Bucket 23 contains 1666429720
  Bucket 24 contains 2249841587
  Bucket 25 contains 2179970708
  Bucket 26 contains 2310146967
  Bucket 27 contains 2407701296
  Bucket 28 contains 1695282227
  Bucket 29 contains 1975317010
  Bucket 30 contains 2403474011
  Bucket 31 contains 2410682238
  Bucket 32 contains 1754064622
  Bucket 33 contains 1910239103
  Bucket 34 contains 2219457712
  Bucket 35 contains 2179968597
  Bucket 36 contains 2753578174
  Bucket 37 contains 1658803586
  Bucket 38 contains 2048304679
  Bucket 39 contains 2618554638
  Bucket 40 contains 1948530662
  Bucket 41 contains 2211897811
  Bucket 42 contains 2243924667
  Bucket 43 contains 2148128892
  Bucket 44 contains 2344098670
  Bucket 45 contains 2102353529
  Bucket 46 contains 1943206790
  Bucket 47 contains 2417849453
Hilbert SFC efficiency: 0.7802665338
Hilbert SFC ratio: 1.22130238
 Final Hilbert SFC time: 0.014052343

SFC+Knapsack previous efficiency: 0.6189003094
SFC + Knapsack ratio: 1.344029653
 Final SFC+Knapsack_Combined time: 0.000484438

SFC+Painter previous efficiency: 0.6562351372
Binary search iterations: 29
SFC+painterPartition efficiency: 0.8734161157
SFC+Painter ratio: 1.330949939
 Final SFC+Painter time: 0.007774312

Hilbert+Painter previous efficiency: 0.6814652383
Binary search iterations: 30
Hilbert+painterPartition efficiency: 0.8691247434
Hilbert+Painter ratio: 1.275376489
 Final Hilbert+Painter time: 0.000946924
Painter+Knapsack previous efficiency: 0.6189003094
Binary search iterations: 30
SFC+painterPartition efficiency: 0.9781863429
Painter+Knapsack ratio: 1.345500848
 Final painter+Knapsack_Combined time: 0.008953726
Run 32
File weights 51 and ranks 51
Original previous efficiency: 0.7998912171
Original efficiency: 0.9015506863
Original ratio: 1.127091618
Knapsack previous efficiency: 0.7998912171
Knapsack ratio: 1.241423042
 Final Knapsack time: 0.006709328

Karmarkar-Karp previous efficiency: 0.7592557648
Karmarkar-Karp ratio: 1.30941061
 Final Karmarkar-Karp time: 0.009007471

SFC previous efficiency: 0.620412515
 Time take to run this function: 4.910000002e-07
SFC ratio: 1.312198639
 Final SFC time: 0.000683775

Hilbert SFC previous efficiency: 0.6509200461
DM: HilbertProcessorMapDoIt called...
  (nprocs, nteams, nworkers) = (48, 48, 1)
  Bucket 0 contains 2131189959
  Bucket 1 contains 2129802052
  Bucket 2 contains 2133175311
  Bucket 3 contains 2111372693
  Bucket 4 contains 2132331736
  Bucket 5 contains 1961797618
  Bucket 6 contains 1930311703
  Bucket 7 contains 2370665830
  Bucket 8 contains 1926209796
  Bucket 9 contains 1910906961
  Bucket 10 contains 2574319389
  Bucket 11 contains 1734082439
  Bucket 12 contains 2022084391
  Bucket 13 contains 2175555861
  Bucket 14 contains 2523070890
  Bucket 15 contains 1948522596
  Bucket 16 contains 1941456949
  Bucket 17 contains 2226932546
  Bucket 18 contains 2436079324
  Bucket 19 contains 1919418798
  Bucket 20 contains 2214406815
  Bucket 21 contains 2081459636
  Bucket 22 contains 1919809707
  Bucket 23 contains 2278233950
  Bucket 24 contains 2174146663
  Bucket 25 contains 2178098148
  Bucket 26 contains 2319636482
  Bucket 27 contains 1429280360
  Bucket 28 contains 2762276069
  Bucket 29 contains 1982328392
  Bucket 30 contains 2387300793
  Bucket 31 contains 1535100845
  Bucket 32 contains 2318641268
  Bucket 33 contains 1843616629
  Bucket 34 contains 2251094074
  Bucket 35 contains 2145768979
  Bucket 36 contains 2732734690
  Bucket 37 contains 2214698681
  Bucket 38 contains 2109722738
  Bucket 39 contains 1935155533
  Bucket 40 contains 1941951134
  Bucket 41 contains 2196057943
  Bucket 42 contains 2209618486
  Bucket 43 contains 2115598749
  Bucket 44 contains 2328543328
  Bucket 45 contains 2088454472
  Bucket 46 contains 1940265288
  Bucket 47 contains 2462707989
Hilbert SFC efficiency: 0.7718272309
Hilbert SFC ratio: 1.185748135
 Final Hilbert SFC time: 0.017887103

SFC+Knapsack previous efficiency: 0.6279449372
SFC + Knapsack ratio: 1.322402281
 Final SFC+Knapsack_Combined time: 0.000518544

SFC+Painter previous efficiency: 0.6592003108
Binary search iterations: 30
SFC+painterPartition efficiency: 0.8661994232
SFC+Painter ratio: 1.314015496
 Final SFC+Painter time: 0.007575567

Hilbert+Painter previous efficiency: 0.7002113525
Binary search iterations: 30
Hilbert+painterPartition efficiency: 0.8751767105
Hilbert+Painter ratio: 1.249875066
 Final Hilbert+Painter time: 0.00115625
Painter+Knapsack previous efficiency: 0.6279449372
Binary search iterations: 30
SFC+painterPartition efficiency: 0.9835069996
Painter+Knapsack ratio: 1.323000408
 Final painter+Knapsack_Combined time: 0.009090261
Run 33
File weights 51 and ranks 51
Original previous efficiency: 0.8019574982
Original efficiency: 0.9475736689
Original ratio: 1.18157592
Knapsack previous efficiency: 0.8019574982
Knapsack ratio: 1.238263472
 Final Knapsack time: 0.007815701

Karmarkar-Karp previous efficiency: 0.755504361
Karmarkar-Karp ratio: 1.315844793
 Final Karmarkar-Karp time: 0.00935857

SFC previous efficiency: 0.5986639529
 Time take to run this function: 5.21e-07
SFC ratio: 1.285731303
 Final SFC time: 0.001097376

Hilbert SFC previous efficiency: 0.6557693514
DM: HilbertProcessorMapDoIt called...
  (nprocs, nteams, nworkers) = (48, 48, 1)
  Bucket 0 contains 2017701520
  Bucket 1 contains 2121320533
  Bucket 2 contains 2070785187
  Bucket 3 contains 2048737733
  Bucket 4 contains 2069063146
  Bucket 5 contains 1903279137
  Bucket 6 contains 1866121572
  Bucket 7 contains 2305642819
  Bucket 8 contains 1872520891
  Bucket 9 contains 1869331929
  Bucket 10 contains 2493425012
  Bucket 11 contains 1681303943
  Bucket 12 contains 2044094761
  Bucket 13 contains 2153672284
  Bucket 14 contains 2436732502
  Bucket 15 contains 1880052827
  Bucket 16 contains 1884037769
  Bucket 17 contains 2200281900
  Bucket 18 contains 2360017884
  Bucket 19 contains 1873311059
  Bucket 20 contains 2136812285
  Bucket 21 contains 2013861151
  Bucket 22 contains 1838672746
  Bucket 23 contains 2180246581
  Bucket 24 contains 2101371068
  Bucket 25 contains 2097952413
  Bucket 26 contains 2244312115
  Bucket 27 contains 2199178874
  Bucket 28 contains 1888240408
  Bucket 29 contains 1965354018
  Bucket 30 contains 2303293873
  Bucket 31 contains 1520574703
  Bucket 32 contains 2159065211
  Bucket 33 contains 2580206197
  Bucket 34 contains 1862844022
  Bucket 35 contains 2120799381
  Bucket 36 contains 2094995957
  Bucket 37 contains 2161663320
  Bucket 38 contains 2037289067
  Bucket 39 contains 1888637702
  Bucket 40 contains 1887313965
  Bucket 41 contains 2133142054
  Bucket 42 contains 2176263130
  Bucket 43 contains 2026904546
  Bucket 44 contains 2254660908
  Bucket 45 contains 2022598959
  Bucket 46 contains 1903042873
  Bucket 47 contains 2434722550
Hilbert SFC efficiency: 0.8024669905
Hilbert SFC ratio: 1.223703104
 Final Hilbert SFC time: 0.020090782

SFC+Knapsack previous efficiency: 0.6312808085
SFC + Knapsack ratio: 1.316800081
 Final SFC+Knapsack_Combined time: 0.000501121

SFC+Painter previous efficiency: 0.6538466378
Binary search iterations: 30
SFC+painterPartition efficiency: 0.8937074702
SFC+Painter ratio: 1.366845707
 Final SFC+Painter time: 0.007709125

Hilbert+Painter previous efficiency: 0.7010995455
Binary search iterations: 30
Hilbert+painterPartition efficiency: 0.8762400443
Hilbert+Painter ratio: 1.249808319
 Final Hilbert+Painter time: 0.000939661
Painter+Knapsack previous efficiency: 0.6312808085
Binary search iterations: 30
SFC+painterPartition efficiency: 0.9634193616
Painter+Knapsack ratio: 1.318522973
 Final painter+Knapsack_Combined time: 0.009250331
Run 34
File weights 51 and ranks 51
Original previous efficiency: 0.7945139626
Original efficiency: 0.9115367115
Original ratio: 1.147288474
Knapsack previous efficiency: 0.7945139626
Knapsack ratio: 1.249654317
 Final Knapsack time: 0.006623202

Karmarkar-Karp previous efficiency: 0.7484929799
Karmarkar-Karp ratio: 1.321175849
 Final Karmarkar-Karp time: 0.009140318

SFC previous efficiency: 0.580702036
 Time take to run this function: 4.51e-07
SFC ratio: 1.338639406
 Final SFC time: 0.000678334

Hilbert SFC previous efficiency: 0.6570451958
DM: HilbertProcessorMapDoIt called...
  (nprocs, nteams, nworkers) = (48, 48, 1)
  Bucket 0 contains 1997858453
  Bucket 1 contains 2100684154
  Bucket 2 contains 2049561275
  Bucket 3 contains 2028939190
  Bucket 4 contains 2048957597
  Bucket 5 contains 1884253069
  Bucket 6 contains 1850509912
  Bucket 7 contains 2280201439
  Bucket 8 contains 1841722768
  Bucket 9 contains 1849246686
  Bucket 10 contains 2464381960
  Bucket 11 contains 1665217027
  Bucket 12 contains 2075229102
  Bucket 13 contains 2148964639
  Bucket 14 contains 2418116453
  Bucket 15 contains 1865495755
  Bucket 16 contains 1855066338
  Bucket 17 contains 2178827845
  Bucket 18 contains 2335777464
  Bucket 19 contains 1854661123
  Bucket 20 contains 2144067337
  Bucket 21 contains 1956063351
  Bucket 22 contains 1812542640
  Bucket 23 contains 2124651560
  Bucket 24 contains 2078103250
  Bucket 25 contains 2083585073
  Bucket 26 contains 2197185181
  Bucket 27 contains 2099308817
  Bucket 28 contains 1921744506
  Bucket 29 contains 2009211240
  Bucket 30 contains 2287026449
  Bucket 31 contains 1523555380
  Bucket 32 contains 2125281246
  Bucket 33 contains 2483296137
  Bucket 34 contains 1874037744
  Bucket 35 contains 2098380891
  Bucket 36 contains 2065997341
  Bucket 37 contains 2128406656
  Bucket 38 contains 2014551919
  Bucket 39 contains 1868280565
  Bucket 40 contains 1867418647
  Bucket 41 contains 2102218827
  Bucket 42 contains 2188608360
  Bucket 43 contains 1976792053
  Bucket 44 contains 2235091306
  Bucket 45 contains 2227455222
  Bucket 46 contains 2053795435
  Bucket 47 contains 2060187379
Hilbert SFC efficiency: 0.8255200559
Hilbert SFC ratio: 1.256412894
 Final Hilbert SFC time: 0.01375122

SFC+Knapsack previous efficiency: 0.6190692826
SFC + Knapsack ratio: 1.343587939
 Final SFC+Knapsack_Combined time: 0.000496261

SFC+Painter previous efficiency: 0.6410222004
Binary search iterations: 30
SFC+painterPartition efficiency: 0.8852274105
SFC+Painter ratio: 1.380962173
 Final SFC+Painter time: 0.008413711

Hilbert+Painter previous efficiency: 0.6847726286
Binary search iterations: 30
Hilbert+painterPartition efficiency: 0.8772446469
Hilbert+Painter ratio: 1.281074345
 Final Hilbert+Painter time: 0.000897178
Painter+Knapsack previous efficiency: 0.6190692826
Binary search iterations: 30
SFC+painterPartition efficiency: 0.9586198872
Painter+Knapsack ratio: 1.343587939
 Final painter+Knapsack_Combined time: 0.009142953
Run 35
File weights 51 and ranks 51
Original previous efficiency: 0.7953041641
Original efficiency: 0.8948276082
Original ratio: 1.125138844
Knapsack previous efficiency: 0.7953041641
Knapsack ratio: 1.2474043
 Final Knapsack time: 0.006873627

Karmarkar-Karp previous efficiency: 0.7532126001
Karmarkar-Karp ratio: 1.31845778
 Final Karmarkar-Karp time: 0.008900072

SFC previous efficiency: 0.5694344509
 Time take to run this function: 4.509999996e-07
SFC ratio: 1.399663362
 Final SFC time: 0.000594983

Hilbert SFC previous efficiency: 0.6581558776
DM: HilbertProcessorMapDoIt called...
  (nprocs, nteams, nworkers) = (48, 48, 1)
  Bucket 0 contains 2016205499
  Bucket 1 contains 2120535312
  Bucket 2 contains 2069568627
  Bucket 3 contains 2047602816
  Bucket 4 contains 2068121631
  Bucket 5 contains 1903281207
  Bucket 6 contains 1871886212
  Bucket 7 contains 2303509956
  Bucket 8 contains 1875083223
  Bucket 9 contains 1922702078
  Bucket 10 contains 2492065324
  Bucket 11 contains 1680364113
  Bucket 12 contains 2162707895
  Bucket 13 contains 2172911637
  Bucket 14 contains 1812741455
  Bucket 15 contains 2502552233
  Bucket 16 contains 1882975969
  Bucket 17 contains 2168760994
  Bucket 18 contains 1728501418
  Bucket 19 contains 2490287894
  Bucket 20 contains 1241934500
  Bucket 21 contains 2268817054
  Bucket 22 contains 2422605454
  Bucket 23 contains 2083665057
  Bucket 24 contains 2057061369
  Bucket 25 contains 2098638978
  Bucket 26 contains 2223964482
  Bucket 27 contains 2117273818
  Bucket 28 contains 1955330197
  Bucket 29 contains 2140117052
  Bucket 30 contains 1740696351
  Bucket 31 contains 2112444262
  Bucket 32 contains 2139437779
  Bucket 33 contains 2384130315
  Bucket 34 contains 1927420464
  Bucket 35 contains 2120175876
  Bucket 36 contains 2085844636
  Bucket 37 contains 2159872277
  Bucket 38 contains 2036535170
  Bucket 39 contains 1883957606
  Bucket 40 contains 1883319822
  Bucket 41 contains 2131178250
  Bucket 42 contains 2222988483
  Bucket 43 contains 1964688367
  Bucket 44 contains 2248079068
  Bucket 45 contains 2216117451
  Bucket 46 contains 2043540128
  Bucket 47 contains 2135736980
Hilbert SFC efficiency: 0.8269718895
Hilbert SFC ratio: 1.256498525
 Final Hilbert SFC time: 0.013703708

SFC+Knapsack previous efficiency: 0.6067042864
SFC + Knapsack ratio: 1.373271701
 Final SFC+Knapsack_Combined time: 0.000456344

SFC+Painter previous efficiency: 0.6371055418
Binary search iterations: 30
SFC+painterPartition efficiency: 0.8899558298
SFC+Painter ratio: 1.396873471
 Final SFC+Painter time: 0.007382502

Hilbert+Painter previous efficiency: 0.6741469692
Binary search iterations: 30
Hilbert+painterPartition efficiency: 0.8773497064
Hilbert+Painter ratio: 1.301422014
 Final Hilbert+Painter time: 0.000953748
Painter+Knapsack previous efficiency: 0.6067042864
Binary search iterations: 30
SFC+painterPartition efficiency: 0.9602834053
Painter+Knapsack ratio: 1.373271701
 Final painter+Knapsack_Combined time: 0.008685897
Run 36
File weights 51 and ranks 51
Original previous efficiency: 0.7986671845
Original efficiency: 0.9674951304
Original ratio: 1.211387107
Knapsack previous efficiency: 0.7986671845
Knapsack ratio: 1.241667855
 Final Knapsack time: 0.007489449

Karmarkar-Karp previous efficiency: 0.74605334
Karmarkar-Karp ratio: 1.329547157
 Final Karmarkar-Karp time: 0.010474833

SFC previous efficiency: 0.5559041222
 Time take to run this function: 4.310000001e-07
SFC ratio: 1.384962667
 Final SFC time: 0.000605744

Hilbert SFC previous efficiency: 0.6568692088
DM: HilbertProcessorMapDoIt called...
  (nprocs, nteams, nworkers) = (48, 48, 1)
  Bucket 0 contains 2061222009
  Bucket 1 contains 2063400994
  Bucket 2 contains 2064779521
  Bucket 3 contains 2041931600
  Bucket 4 contains 2061495045
  Bucket 5 contains 1897442572
  Bucket 6 contains 1868903532
  Bucket 7 contains 2298857592
  Bucket 8 contains 1907180352
  Bucket 9 contains 2073416038
  Bucket 10 contains 1879466867
  Bucket 11 contains 2292104661
  Bucket 12 contains 2200679329
  Bucket 13 contains 2141552793
  Bucket 14 contains 1812695482
  Bucket 15 contains 1875584416
  Bucket 16 contains 2512298322
  Bucket 17 contains 2090872334
  Bucket 18 contains 1734432182
  Bucket 19 contains 1874519574
  Bucket 20 contains 1865551509
  Bucket 21 contains 2233959039
  Bucket 22 contains 2400733763
  Bucket 23 contains 2063676285
  Bucket 24 contains 2011011986
  Bucket 25 contains 2052939293
  Bucket 26 contains 2192641817
  Bucket 27 contains 2065087926
  Bucket 28 contains 1915899993
  Bucket 29 contains 2223786847
  Bucket 30 contains 2306987862
  Bucket 31 contains 1553296695
  Bucket 32 contains 2127375150
  Bucket 33 contains 2303496312
  Bucket 34 contains 1956972030
  Bucket 35 contains 2122777086
  Bucket 36 contains 2084541544
  Bucket 37 contains 2151716937
  Bucket 38 contains 2043987293
  Bucket 39 contains 1886167523
  Bucket 40 contains 1877646641
  Bucket 41 contains 2124406962
  Bucket 42 contains 2266003275
  Bucket 43 contains 1942401590
  Bucket 44 contains 2247170367
  Bucket 45 contains 2192854911
  Bucket 46 contains 2045415197
  Bucket 47 contains 2218405096
Hilbert SFC efficiency: 0.8228665998
Hilbert SFC ratio: 1.252709959
 Final Hilbert SFC time: 0.013796227

SFC+Knapsack previous efficiency: 0.6011964044
SFC + Knapsack ratio: 1.380213722
 Final SFC+Knapsack_Combined time: 0.000487234

SFC+Painter previous efficiency: 0.6351211535
Binary search iterations: 30
SFC+painterPartition efficiency: 0.8783837443
SFC+Painter ratio: 1.383017617
 Final SFC+Painter time: 0.007191973

Hilbert+Painter previous efficiency: 0.6753554544
Binary search iterations: 30
Hilbert+painterPartition efficiency: 0.8751260886
Hilbert+Painter ratio: 1.295800727
 Final Hilbert+Painter time: 0.000905905
Painter+Knapsack previous efficiency: 0.6011964044
Binary search iterations: 30
SFC+painterPartition efficiency: 0.9644588231
Painter+Knapsack ratio: 1.382049437
 Final painter+Knapsack_Combined time: 0.008907326
Run 37
File weights 51 and ranks 51
Original previous efficiency: 0.8036056696
Original efficiency: 0.9438093249
Original ratio: 1.174468226
Knapsack previous efficiency: 0.8036056696
Knapsack ratio: 1.234303346
 Final Knapsack time: 0.006826045

Karmarkar-Karp previous efficiency: 0.7494450956
Karmarkar-Karp ratio: 1.323682365
 Final Karmarkar-Karp time: 0.010371212

SFC previous efficiency: 0.5459640344
 Time take to run this function: 5.009999997e-07
SFC ratio: 1.413824213
 Final SFC time: 0.000618619

Hilbert SFC previous efficiency: 0.6594716214
DM: HilbertProcessorMapDoIt called...
  (nprocs, nteams, nworkers) = (48, 48, 1)
  Bucket 0 contains 2092046868
  Bucket 1 contains 2093719851
  Bucket 2 contains 2094475881
  Bucket 3 contains 2071744840
  Bucket 4 contains 2091795642
  Bucket 5 contains 1954650546
  Bucket 6 contains 1887915270
  Bucket 7 contains 2326769563
  Bucket 8 contains 1990024512
  Bucket 9 contains 2207907311
  Bucket 10 contains 1900249596
  Bucket 11 contains 2324122183
  Bucket 12 contains 1327024044
  Bucket 13 contains 2490797320
  Bucket 14 contains 2398487299
  Bucket 15 contains 1912077004
  Bucket 16 contains 1905712553
  Bucket 17 contains 2155603286
  Bucket 18 contains 2324323129
  Bucket 19 contains 1898727075
  Bucket 20 contains 1895541715
  Bucket 21 contains 2299682158
  Bucket 22 contains 2431489411
  Bucket 23 contains 2049336839
  Bucket 24 contains 1990803748
  Bucket 25 contains 2062009889
  Bucket 26 contains 2210622283
  Bucket 27 contains 2086543286
  Bucket 28 contains 1855674670
  Bucket 29 contains 2324423740
  Bucket 30 contains 1769326373
  Bucket 31 contains 2098658524
  Bucket 32 contains 2200000231
  Bucket 33 contains 2285342355
  Bucket 34 contains 2014473309
  Bucket 35 contains 2099295261
  Bucket 36 contains 2173939741
  Bucket 37 contains 2177710978
  Bucket 38 contains 2066619000
  Bucket 39 contains 1906391664
  Bucket 40 contains 1896273118
  Bucket 41 contains 2148264847
  Bucket 42 contains 2321717852
  Bucket 43 contains 1951958040
  Bucket 44 contains 2274660453
  Bucket 45 contains 2206319102
  Bucket 46 contains 2043591289
  Bucket 47 contains 2314332193
Hilbert SFC efficiency: 0.8414572635
Hilbert SFC ratio: 1.275956745
 Final Hilbert SFC time: 0.016139367

SFC+Knapsack previous efficiency: 0.593862008
SFC + Knapsack ratio: 1.400707204
 Final SFC+Knapsack_Combined time: 0.000494088

SFC+Painter previous efficiency: 0.6258855654
Binary search iterations: 30
SFC+painterPartition efficiency: 0.8766415984
SFC+Painter ratio: 1.400641981
 Final SFC+Painter time: 0.010863867

Hilbert+Painter previous efficiency: 0.6845179422
Binary search iterations: 30
Hilbert+painterPartition efficiency: 0.8751179035
Hilbert+Painter ratio: 1.278444069
 Final Hilbert+Painter time: 0.000937105
Painter+Knapsack previous efficiency: 0.593862008
Binary search iterations: 30
SFC+painterPartition efficiency: 0.9723991809
Painter+Knapsack ratio: 1.402939741
 Final painter+Knapsack_Combined time: 0.010463632
Run 38
File weights 51 and ranks 51
Original previous efficiency: 0.8102322025
Original efficiency: 0.9357878649
Original ratio: 1.154962568
Knapsack previous efficiency: 0.8102322025
Knapsack ratio: 1.224522165
 Final Knapsack time: 0.007327335

Karmarkar-Karp previous efficiency: 0.7630200334
Karmarkar-Karp ratio: 1.302147186
 Final Karmarkar-Karp time: 0.00895566

SFC previous efficiency: 0.5461660426
 Time take to run this function: 4.61e-07
SFC ratio: 1.420457037
 Final SFC time: 0.000592608

Hilbert SFC previous efficiency: 0.6584561777
DM: HilbertProcessorMapDoIt called...
  (nprocs, nteams, nworkers) = (48, 48, 1)
  Bucket 0 contains 2100278576
  Bucket 1 contains 2102012579
  Bucket 2 contains 2102786728
  Bucket 3 contains 2079775113
  Bucket 4 contains 2100703031
  Bucket 5 contains 2012574966
  Bucket 6 contains 1899876033
  Bucket 7 contains 2341293785
  Bucket 8 contains 2046228357
  Bucket 9 contains 1653306674
  Bucket 10 contains 2551723776
  Bucket 11 contains 1767814282
  Bucket 12 contains 1915164023
  Bucket 13 contains 2472166377
  Bucket 14 contains 1773106526
  Bucket 15 contains 2552820579
  Bucket 16 contains 1912338474
  Bucket 17 contains 2142409344
  Bucket 18 contains 2325949998
  Bucket 19 contains 1906816376
  Bucket 20 contains 1888737909
  Bucket 21 contains 2306894010
  Bucket 22 contains 1829454451
  Bucket 23 contains 2625813862
  Bucket 24 contains 1934655084
  Bucket 25 contains 2070472130
  Bucket 26 contains 2226947328
  Bucket 27 contains 2106591470
  Bucket 28 contains 1795701698
  Bucket 29 contains 2382289518
  Bucket 30 contains 1773654265
  Bucket 31 contains 2114118135
  Bucket 32 contains 2192309073
  Bucket 33 contains 2279500934
  Bucket 34 contains 2047029707
  Bucket 35 contains 2150305597
  Bucket 36 contains 2120630142
  Bucket 37 contains 2187091890
  Bucket 38 contains 2077143428
  Bucket 39 contains 1908342863
  Bucket 40 contains 1904616197
  Bucket 41 contains 2159328728
  Bucket 42 contains 2336822973
  Bucket 43 contains 1949641921
  Bucket 44 contains 2280812541
  Bucket 45 contains 2215570515
  Bucket 46 contains 2024476894
  Bucket 47 contains 2315581927
Hilbert SFC efficiency: 0.801050694
Hilbert SFC ratio: 1.216558856
 Final Hilbert SFC time: 0.013815074

SFC+Knapsack previous efficiency: 0.5947877272
SFC + Knapsack ratio: 1.395536086
 Final SFC+Knapsack_Combined time: 0.000508105

SFC+Painter previous efficiency: 0.6262994079
Binary search iterations: 30
SFC+painterPartition efficiency: 0.8865147959
SFC+Painter ratio: 1.415480814
 Final SFC+Painter time: 0.007167145

Hilbert+Painter previous efficiency: 0.690994882
Binary search iterations: 30
Hilbert+painterPartition efficiency: 0.8725443532
Hilbert+Painter ratio: 1.262736347
 Final Hilbert+Painter time: 0.000884484
Painter+Knapsack previous efficiency: 0.5947877272
Binary search iterations: 30
SFC+painterPartition efficiency: 0.9765706809
Painter+Knapsack ratio: 1.399519873
 Final painter+Knapsack_Combined time: 0.008927184
Run 39
File weights 51 and ranks 51
Original previous efficiency: 0.8166304327
Original efficiency: 0.9114494717
Original ratio: 1.116110097
Knapsack previous efficiency: 0.8166304327
Knapsack ratio: 1.214295656
 Final Knapsack time: 0.007101287

Karmarkar-Karp previous efficiency: 0.7631932555
Karmarkar-Karp ratio: 1.302161736
 Final Karmarkar-Karp time: 0.011146234

SFC previous efficiency: 0.5452555628
 Time take to run this function: 5.409999999e-07
SFC ratio: 1.470540339
 Final SFC time: 0.000607807

Hilbert SFC previous efficiency: 0.6609107309
DM: HilbertProcessorMapDoIt called...
  (nprocs, nteams, nworkers) = (48, 48, 1)
  Bucket 0 contains 2064365155
  Bucket 1 contains 2065491274
  Bucket 2 contains 2066749128
  Bucket 3 contains 2044501947
  Bucket 4 contains 2063709726
  Bucket 5 contains 2019147549
  Bucket 6 contains 1859963766
  Bucket 7 contains 2290316460
  Bucket 8 contains 2081112080
  Bucket 9 contains 1728853710
  Bucket 10 contains 1880923945
  Bucket 11 contains 2354034487
  Bucket 12 contains 1924103167
  Bucket 13 contains 2377688509
  Bucket 14 contains 1743114985
  Bucket 15 contains 1873053036
  Bucket 16 contains 2504140834
  Bucket 17 contains 2046281947
  Bucket 18 contains 1669157164
  Bucket 19 contains 2479404267
  Bucket 20 contains 1864782739
  Bucket 21 contains 2240554605
  Bucket 22 contains 1791090836
  Bucket 23 contains 1897868087
  Bucket 24 contains 2076486766
  Bucket 25 contains 2509926825
  Bucket 26 contains 2165118202
  Bucket 27 contains 2015460323
  Bucket 28 contains 1679256596
  Bucket 29 contains 2366525105
  Bucket 30 contains 1747832489
  Bucket 31 contains 2068457633
  Bucket 32 contains 2151149611
  Bucket 33 contains 2225152138
  Bucket 34 contains 2045563933
  Bucket 35 contains 2068139228
  Bucket 36 contains 2146901062
  Bucket 37 contains 2157297396
  Bucket 38 contains 2041382781
  Bucket 39 contains 1884619332
  Bucket 40 contains 1868135676
  Bucket 41 contains 2116452433
  Bucket 42 contains 2313210936
  Bucket 43 contains 1898757991
  Bucket 44 contains 2245603476
  Bucket 45 contains 2166705345
  Bucket 46 contains 1986281282
  Bucket 47 contains 2288427341
Hilbert SFC efficiency: 0.8230921674
Hilbert SFC ratio: 1.245390836
 Final Hilbert SFC time: 0.014677935

SFC+Knapsack previous efficiency: 0.6099065131
SFC + Knapsack ratio: 1.364166141
 Final SFC+Knapsack_Combined time: 0.000455552

SFC+Painter previous efficiency: 0.628785417
Binary search iterations: 30
SFC+painterPartition efficiency: 0.8783545023
SFC+Painter ratio: 1.396906605
 Final SFC+Painter time: 0.016074111

Hilbert+Painter previous efficiency: 0.7022385332
Binary search iterations: 29
Hilbert+painterPartition efficiency: 0.8675088065
Hilbert+Painter ratio: 1.235347771
 Final Hilbert+Painter time: 0.000918479
Painter+Knapsack previous efficiency: 0.6099065131
Binary search iterations: 30
SFC+painterPartition efficiency: 0.980181432
Painter+Knapsack ratio: 1.366690008
 Final painter+Knapsack_Combined time: 0.009646629
Run 40
File weights 51 and ranks 51
Original previous efficiency: 0.8133878039
Original efficiency: 0.8792529834
Original ratio: 1.080976355
Knapsack previous efficiency: 0.8133878039
Knapsack ratio: 1.218819043
 Final Knapsack time: 0.006589265

Karmarkar-Karp previous efficiency: 0.7667266042
Karmarkar-Karp ratio: 1.29524933
 Final Karmarkar-Karp time: 0.010916258

SFC previous efficiency: 0.5427023475
 Time take to run this function: 1.093e-06
SFC ratio: 1.482905109
 Final SFC time: 0.000737329

Hilbert SFC previous efficiency: 0.6530944976
DM: HilbertProcessorMapDoIt called...
  (nprocs, nteams, nworkers) = (48, 48, 1)
  Bucket 0 contains 2021049315
  Bucket 1 contains 2022386824
  Bucket 2 contains 2023821154
  Bucket 3 contains 2001785057
  Bucket 4 contains 2020711374
  Bucket 5 contains 2036292303
  Bucket 6 contains 1832228121
  Bucket 7 contains 1633827155
  Bucket 8 contains 1899194377
  Bucket 9 contains 2717173575
  Bucket 10 contains 1875715026
  Bucket 11 contains 1765839824
  Bucket 12 contains 2450477534
  Bucket 13 contains 1605531025
  Bucket 14 contains 2321007378
  Bucket 15 contains 1829990533
  Bucket 16 contains 1841149082
  Bucket 17 contains 1941484842
  Bucket 18 contains 2245222447
  Bucket 19 contains 1830290263
  Bucket 20 contains 2435808994
  Bucket 21 contains 2178805806
  Bucket 22 contains 1753369076
  Bucket 23 contains 1861826064
  Bucket 24 contains 2407384505
  Bucket 25 contains 2003168703
  Bucket 26 contains 2110143753
  Bucket 27 contains 1964976862
  Bucket 28 contains 1516615620
  Bucket 29 contains 2337410155
  Bucket 30 contains 2269369065
  Bucket 31 contains 1518631136
  Bucket 32 contains 2052427688
  Bucket 33 contains 2156946601
  Bucket 34 contains 2057014949
  Bucket 35 contains 2041065929
  Bucket 36 contains 2096351009
  Bucket 37 contains 2105193947
  Bucket 38 contains 1997762307
  Bucket 39 contains 1849043415
  Bucket 40 contains 1840116592
  Bucket 41 contains 2072088758
  Bucket 42 contains 2286461766
  Bucket 43 contains 1847119875
  Bucket 44 contains 2204616124
  Bucket 45 contains 2099685767
  Bucket 46 contains 1950057430
  Bucket 47 contains 2264383723
Hilbert SFC efficiency: 0.7452062175
Hilbert SFC ratio: 1.141038885
 Final Hilbert SFC time: 0.020173211

SFC+Knapsack previous efficiency: 0.6127388236
SFC + Knapsack ratio: 1.353190185
 Final SFC+Knapsack_Combined time: 0.000476122

SFC+Painter previous efficiency: 0.6364823493
Binary search iterations: 30
SFC+painterPartition efficiency: 0.877913592
SFC+Painter ratio: 1.379321191
 Final SFC+Painter time: 0.007359808

Hilbert+Painter previous efficiency: 0.7260117128
Binary search iterations: 30
Hilbert+painterPartition efficiency: 0.8671348381
Hilbert+Painter ratio: 1.194381334
 Final Hilbert+Painter time: 0.000929842
Painter+Knapsack previous efficiency: 0.6127388236
Binary search iterations: 30
SFC+painterPartition efficiency: 0.9814231765
Painter+Knapsack ratio: 1.356603193
 Final painter+Knapsack_Combined time: 0.009015315
Run 41
File weights 51 and ranks 51
Original previous efficiency: 0.8130121308
Original efficiency: 0.9690717685
Original ratio: 1.19195241
Knapsack previous efficiency: 0.8130121308
Knapsack ratio: 1.218638931
 Final Knapsack time: 0.006909086

Karmarkar-Karp previous efficiency: 0.7686762752
Karmarkar-Karp ratio: 1.290671485
 Final Karmarkar-Karp time: 0.00910524

SFC previous efficiency: 0.5417504028
 Time take to run this function: 5.010000002e-07
SFC ratio: 1.428943656
 Final SFC time: 0.000615893

Hilbert SFC previous efficiency: 0.6434152867
DM: HilbertProcessorMapDoIt called...
  (nprocs, nteams, nworkers) = (48, 48, 1)
  Bucket 0 contains 1974975047
  Bucket 1 contains 1974598826
  Bucket 2 contains 1979098299
  Bucket 3 contains 1954790154
  Bucket 4 contains 2029897246
  Bucket 5 contains 1168218621
  Bucket 6 contains 2037198402
  Bucket 7 contains 2203421235
  Bucket 8 contains 1904838880
  Bucket 9 contains 1811049477
  Bucket 10 contains 2160334399
  Bucket 11 contains 2336023479
  Bucket 12 contains 1673878137
  Bucket 13 contains 2246065776
  Bucket 14 contains 2271892424
  Bucket 15 contains 1805738246
  Bucket 16 contains 1804055300
  Bucket 17 contains 1875944047
  Bucket 18 contains 2208574140
  Bucket 19 contains 1790414557
  Bucket 20 contains 2383150693
  Bucket 21 contains 1545864868
  Bucket 22 contains 2279391661
  Bucket 23 contains 1812772682
  Bucket 24 contains 2299976849
  Bucket 25 contains 1952727838
  Bucket 26 contains 1732919739
  Bucket 27 contains 2265389663
  Bucket 28 contains 1409022678
  Bucket 29 contains 2313604375
  Bucket 30 contains 2211513277
  Bucket 31 contains 1515426770
  Bucket 32 contains 2021512152
  Bucket 33 contains 2086075117
  Bucket 34 contains 2062298679
  Bucket 35 contains 2009456664
  Bucket 36 contains 2049648386
  Bucket 37 contains 2065144021
  Bucket 38 contains 1948109060
  Bucket 39 contains 1804532258
  Bucket 40 contains 1802018353
  Bucket 41 contains 2040407819
  Bucket 42 contains 2254676601
  Bucket 43 contains 1798362827
  Bucket 44 contains 2150549885
  Bucket 45 contains 2034910115
  Bucket 46 contains 1915559857
  Bucket 47 contains 2196172793
Hilbert SFC efficiency: 0.8319886031
Hilbert SFC ratio: 1.293081809
 Final Hilbert SFC time: 0.016282874

SFC+Knapsack previous efficiency: 0.6175248891
SFC + Knapsack ratio: 1.349244671
 Final SFC+Knapsack_Combined time: 0.000495089

SFC+Painter previous efficiency: 0.6376805953
Binary search iterations: 30
SFC+painterPartition efficiency: 0.8864470805
SFC+Painter ratio: 1.390111424
 Final SFC+Painter time: 0.007307778

Hilbert+Painter previous efficiency: 0.7276334898
Binary search iterations: 30
Hilbert+painterPartition efficiency: 0.8727324389
Hilbert+Painter ratio: 1.199412137
 Final Hilbert+Painter time: 0.000949299
Painter+Knapsack previous efficiency: 0.6175248891
Binary search iterations: 30
SFC+painterPartition efficiency: 0.9820161317
Painter+Knapsack ratio: 1.349244671
 Final painter+Knapsack_Combined time: 0.008923227
Run 42
File weights 51 and ranks 51
Original previous efficiency: 0.8099184673
Original efficiency: 0.9600780449
Original ratio: 1.185400857
Knapsack previous efficiency: 0.8099184673
Knapsack ratio: 1.224775583
 Final Knapsack time: 0.006792349

Karmarkar-Karp previous efficiency: 0.7567305507
Karmarkar-Karp ratio: 1.314971441
 Final Karmarkar-Karp time: 0.009230332

SFC previous efficiency: 0.5416793332
 Time take to run this function: 4.799999997e-07
SFC ratio: 1.473437805
 Final SFC time: 0.000605523

Hilbert SFC previous efficiency: 0.6286282778
DM: HilbertProcessorMapDoIt called...
  (nprocs, nteams, nworkers) = (48, 48, 1)
  Bucket 0 contains 1936153875
  Bucket 1 contains 1934167538
  Bucket 2 contains 1940475838
  Bucket 3 contains 1916639146
  Bucket 4 contains 1936908293
  Bucket 5 contains 1197333156
  Bucket 6 contains 2010651129
  Bucket 7 contains 2155105370
  Bucket 8 contains 1923668513
  Bucket 9 contains 1793916368
  Bucket 10 contains 2172080854
  Bucket 11 contains 2281145026
  Bucket 12 contains 1642817974
  Bucket 13 contains 2140627565
  Bucket 14 contains 1639726447
  Bucket 15 contains 2354552766
  Bucket 16 contains 1764054076
  Bucket 17 contains 1834983527
  Bucket 18 contains 2162435333
  Bucket 19 contains 1735274910
  Bucket 20 contains 1746599553
  Bucket 21 contains 2054716571
  Bucket 22 contains 2238263426
  Bucket 23 contains 1760768884
  Bucket 24 contains 1793392370
  Bucket 25 contains 2289953265
  Bucket 26 contains 1673899468
  Bucket 27 contains 2191039821
  Bucket 28 contains 1344648041
  Bucket 29 contains 2243319670
  Bucket 30 contains 2157386620
  Bucket 31 contains 1494205644
  Bucket 32 contains 1965222821
  Bucket 33 contains 2023779579
  Bucket 34 contains 2047770206
  Bucket 35 contains 1938585700
  Bucket 36 contains 2063239051
  Bucket 37 contains 2017655083
  Bucket 38 contains 1900351419
  Bucket 39 contains 1758721942
  Bucket 40 contains 1760200667
  Bucket 41 contains 1990128589
  Bucket 42 contains 2228443522
  Bucket 43 contains 1745681507
  Bucket 44 contains 2097917603
  Bucket 45 contains 1981988344
  Bucket 46 contains 1870935961
  Bucket 47 contains 2132859718
Hilbert SFC efficiency: 0.822735798
Hilbert SFC ratio: 1.308779492
 Final Hilbert SFC time: 0.014061412

SFC+Knapsack previous efficiency: 0.6388908067
SFC + Knapsack ratio: 1.304021774
 Final SFC+Knapsack_Combined time: 0.000456183

SFC+Painter previous efficiency: 0.634711422
Binary search iterations: 30
SFC+painterPartition efficiency: 0.8910299382
SFC+Painter ratio: 1.403834731
 Final SFC+Painter time: 0.007706711

Hilbert+Painter previous efficiency: 0.7206460267
Binary search iterations: 30
Hilbert+painterPartition efficiency: 0.8841349346
Hilbert+Painter ratio: 1.226864372
 Final Hilbert+Painter time: 0.00092892
Painter+Knapsack previous efficiency: 0.6388908067
Binary search iterations: 30
SFC+painterPartition efficiency: 0.9809415001
Painter+Knapsack ratio: 1.304021774
 Final painter+Knapsack_Combined time: 0.008978955
Run 43
File weights 51 and ranks 51
Original previous efficiency: 0.8065475498
Original efficiency: 0.9446116526
Original ratio: 1.171179124
Knapsack previous efficiency: 0.8065475498
Knapsack ratio: 1.228176902
 Final Knapsack time: 0.00711778

Karmarkar-Karp previous efficiency: 0.7473710517
Karmarkar-Karp ratio: 1.324677654
 Final Karmarkar-Karp time: 0.01099469

SFC previous efficiency: 0.5475467317
 Time take to run this function: 4.309999997e-07
SFC ratio: 1.460409852
 Final SFC time: 0.000746236

Hilbert SFC previous efficiency: 0.618854192
DM: HilbertProcessorMapDoIt called...
  (nprocs, nteams, nworkers) = (48, 48, 1)
  Bucket 0 contains 1918196683
  Bucket 1 contains 1917744084
  Bucket 2 contains 1922626715
  Bucket 3 contains 1899454945
  Bucket 4 contains 1918280304
  Bucket 5 contains 1187245791
  Bucket 6 contains 2019763888
  Bucket 7 contains 2141347121
  Bucket 8 contains 1948874341
  Bucket 9 contains 1762117356
  Bucket 10 contains 2219374904
  Bucket 11 contains 1755322307
  Bucket 12 contains 2151848232
  Bucket 13 contains 2112046812
  Bucket 14 contains 1617847450
  Bucket 15 contains 1743054470
  Bucket 16 contains 2340266089
  Bucket 17 contains 1827512410
  Bucket 18 contains 1626308286
  Bucket 19 contains 2250549001
  Bucket 20 contains 1766516686
  Bucket 21 contains 2050882925
  Bucket 22 contains 1666346910
  Bucket 23 contains 2274264921
  Bucket 24 contains 1739657565
  Bucket 25 contains 1870342947
  Bucket 26 contains 2050807714
  Bucket 27 contains 1549894585
  Bucket 28 contains 1955836825
  Bucket 29 contains 2180295073
  Bucket 30 contains 2153888111
  Bucket 31 contains 1484228261
  Bucket 32 contains 1945307752
  Bucket 33 contains 2009678335
  Bucket 34 contains 2050025331
  Bucket 35 contains 1965283967
  Bucket 36 contains 1989582394
  Bucket 37 contains 1994276210
  Bucket 38 contains 1886133167
  Bucket 39 contains 1754327206
  Bucket 40 contains 1739892594
  Bucket 41 contains 1978938782
  Bucket 42 contains 2219015658
  Bucket 43 contains 1731627866
  Bucket 44 contains 2083000547
  Bucket 45 contains 1954120714
  Bucket 46 contains 1846667641
  Bucket 47 contains 2075825583
Hilbert SFC efficiency: 0.8211890937
Hilbert SFC ratio: 1.326950846
 Final Hilbert SFC time: 0.015233212

SFC+Knapsack previous efficiency: 0.6225944785
SFC + Knapsack ratio: 1.372637946
 Final SFC+Knapsack_Combined time: 0.000463418

SFC+Painter previous efficiency: 0.6359006444
Binary search iterations: 30
SFC+painterPartition efficiency: 0.881162178
SFC+Painter ratio: 1.385691595
 Final SFC+Painter time: 0.007409464

Hilbert+Painter previous efficiency: 0.7232919045
Binary search iterations: 29
Hilbert+painterPartition efficiency: 0.8910048838
Hilbert+Painter ratio: 1.231874542
 Final Hilbert+Painter time: 0.000943718
Painter+Knapsack previous efficiency: 0.6225944785
Binary search iterations: 30
SFC+painterPartition efficiency: 0.9797898452
Painter+Knapsack ratio: 1.338804911
 Final painter+Knapsack_Combined time: 0.008721797
Run 44
File weights 51 and ranks 51
Original previous efficiency: 0.8045685226
Original efficiency: 0.9081985523
Original ratio: 1.128801994
Knapsack previous efficiency: 0.8045685226
Knapsack ratio: 1.229893629
 Final Knapsack time: 0.006604725

Karmarkar-Karp previous efficiency: 0.7302156539
Karmarkar-Karp ratio: 1.355181526
 Final Karmarkar-Karp time: 0.010579766

SFC previous efficiency: 0.5711052703
 Time take to run this function: 4.910000002e-07
SFC ratio: 1.379609277
 Final SFC time: 0.000611595

Hilbert SFC previous efficiency: 0.6274783178
DM: HilbertProcessorMapDoIt called...
  (nprocs, nteams, nworkers) = (48, 48, 1)
  Bucket 0 contains 1910406692
  Bucket 1 contains 1908730255
  Bucket 2 contains 1913827676
  Bucket 3 contains 1890640667
  Bucket 4 contains 1910291311
  Bucket 5 contains 1181839934
  Bucket 6 contains 2025252724
  Bucket 7 contains 2133805138
  Bucket 8 contains 1985359856
  Bucket 9 contains 1688538789
  Bucket 10 contains 2216192655
  Bucket 11 contains 1783847377
  Bucket 12 contains 2158520321
  Bucket 13 contains 1439857558
  Bucket 14 contains 2253005007
  Bucket 15 contains 1738482934
  Bucket 16 contains 2313444697
  Bucket 17 contains 1805453550
  Bucket 18 contains 1612081080
  Bucket 19 contains 2243918446
  Bucket 20 contains 1903216311
  Bucket 21 contains 2013659220
  Bucket 22 contains 1653348209
  Bucket 23 contains 1650095526
  Bucket 24 contains 1956723488
  Bucket 25 contains 2201730504
  Bucket 26 contains 2035833268
  Bucket 27 contains 1543875738
  Bucket 28 contains 1937014022
  Bucket 29 contains 2122719777
  Bucket 30 contains 1616773679
  Bucket 31 contains 1937869495
  Bucket 32 contains 2000052309
  Bucket 33 contains 1996728824
  Bucket 34 contains 2060442525
  Bucket 35 contains 1916821575
  Bucket 36 contains 2035706399
  Bucket 37 contains 1461311468
  Bucket 38 contains 1824451413
  Bucket 39 contains 2327870817
  Bucket 40 contains 1739039514
  Bucket 41 contains 1966022922
  Bucket 42 contains 1212686016
  Bucket 43 contains 2031386148
  Bucket 44 contains 2087050764
  Bucket 45 contains 1948051451
  Bucket 46 contains 2020646562
  Bucket 47 contains 2424208384
Hilbert SFC efficiency: 0.7883916663
Hilbert SFC ratio: 1.256444476
 Final Hilbert SFC time: 0.015422338

SFC+Knapsack previous efficiency: 0.6189970493
SFC + Knapsack ratio: 1.343221352
 Final SFC+Knapsack_Combined time: 0.000474229

SFC+Painter previous efficiency: 0.6237888231
Binary search iterations: 30
SFC+painterPartition efficiency: 0.8867862202
SFC+Painter ratio: 1.421612872
 Final SFC+Painter time: 0.007177966

Hilbert+Painter previous efficiency: 0.7436074731
Binary search iterations: 30
Hilbert+painterPartition efficiency: 0.8899953576
Hilbert+Painter ratio: 1.196861772
 Final Hilbert+Painter time: 0.000966733
Painter+Knapsack previous efficiency: 0.6189970493
Binary search iterations: 30
SFC+painterPartition efficiency: 0.9841102752
Painter+Knapsack ratio: 1.374757649
 Final painter+Knapsack_Combined time: 0.010572833
Run 45
File weights 51 and ranks 51
Original previous efficiency: 0.7926416953
Original efficiency: 0.8749554513
Original ratio: 1.103847371
Knapsack previous efficiency: 0.7926416953
Knapsack ratio: 1.250265281
 Final Knapsack time: 0.007014529

Karmarkar-Karp previous efficiency: 0.7199104867
Karmarkar-Karp ratio: 1.376196698
 Final Karmarkar-Karp time: 0.009216415

SFC previous efficiency: 0.5825721063
 Time take to run this function: 5.31e-07
SFC ratio: 1.353795391
 Final SFC time: 0.000651482

Hilbert SFC previous efficiency: 0.6352885617
DM: HilbertProcessorMapDoIt called...
  (nprocs, nteams, nworkers) = (48, 48, 1)
  Bucket 0 contains 1866090125
  Bucket 1 contains 1911779234
  Bucket 2 contains 1922383067
  Bucket 3 contains 1947276640
  Bucket 4 contains 1915711994
  Bucket 5 contains 1184228475
  Bucket 6 contains 2020816526
  Bucket 7 contains 2139223500
  Bucket 8 contains 2011682023
  Bucket 9 contains 1635360052
  Bucket 10 contains 2205732626
  Bucket 11 contains 1835324579
  Bucket 12 contains 2172911371
  Bucket 13 contains 1424324833
  Bucket 14 contains 2258589594
  Bucket 15 contains 1744870803
  Bucket 16 contains 2328538047
  Bucket 17 contains 1802350487
  Bucket 18 contains 1621675821
  Bucket 19 contains 2247146558
  Bucket 20 contains 1345630667
  Bucket 21 contains 2100830446
  Bucket 22 contains 2262231025
  Bucket 23 contains 1655237688
  Bucket 24 contains 1952966176
  Bucket 25 contains 2185331285
  Bucket 26 contains 1702235545
  Bucket 27 contains 1829070542
  Bucket 28 contains 1931493324
  Bucket 29 contains 2079317468
  Bucket 30 contains 1612535076
  Bucket 31 contains 1954321767
  Bucket 32 contains 1995220173
  Bucket 33 contains 1981073746
  Bucket 34 contains 2074954547
  Bucket 35 contains 1953640411
  Bucket 36 contains 1456788164
  Bucket 37 contains 2053816110
  Bucket 38 contains 1824969004
  Bucket 39 contains 2329341224
  Bucket 40 contains 1751518432
  Bucket 41 contains 1974235522
  Bucket 42 contains 1216101933
  Bucket 43 contains 2029825108
  Bucket 44 contains 2106482550
  Bucket 45 contains 1936220129
  Bucket 46 contains 2022718986
  Bucket 47 contains 2349051792
Hilbert SFC efficiency: 0.8147185841
Hilbert SFC ratio: 1.282438616
 Final Hilbert SFC time: 0.013763303

SFC+Knapsack previous efficiency: 0.6240374087
SFC + Knapsack ratio: 1.365212553
 Final SFC+Knapsack_Combined time: 0.000468217

SFC+Painter previous efficiency: 0.6133101016
Binary search iterations: 30
SFC+painterPartition efficiency: 0.8868252992
SFC+Painter ratio: 1.445965584
 Final SFC+Painter time: 0.008431435

Hilbert+Painter previous efficiency: 0.7384255331
Binary search iterations: 30
Hilbert+painterPartition efficiency: 0.8879357836
Hilbert+Painter ratio: 1.20247167
 Final Hilbert+Painter time: 0.000900805
Painter+Knapsack previous efficiency: 0.6240374087
Binary search iterations: 30
SFC+painterPartition efficiency: 0.9828471431
Painter+Knapsack ratio: 1.365212553
 Final painter+Knapsack_Combined time: 0.008926052
Run 46
File weights 51 and ranks 51
Original previous efficiency: 0.7916715587
Original efficiency: 0.9666959368
Original ratio: 1.221082059
Knapsack previous efficiency: 0.7916715587
Knapsack ratio: 1.253244345
 Final Knapsack time: 0.006813119

Karmarkar-Karp previous efficiency: 0.7205686074
Karmarkar-Karp ratio: 1.379440742
 Final Karmarkar-Karp time: 0.009466119

SFC previous efficiency: 0.5860016329
 Time take to run this function: 4.210000002e-07
SFC ratio: 1.348638194
 Final SFC time: 0.000606465

Hilbert SFC previous efficiency: 0.6482043599
DM: HilbertProcessorMapDoIt called...
  (nprocs, nteams, nworkers) = (48, 48, 1)
  Bucket 0 contains 1976022646
  Bucket 1 contains 1978008525
  Bucket 2 contains 1983214003
  Bucket 3 contains 1963513203
  Bucket 4 contains 1978482928
  Bucket 5 contains 1220630825
  Bucket 6 contains 2060303067
  Bucket 7 contains 2192981783
  Bucket 8 contains 2116931492
  Bucket 9 contains 1637900582
  Bucket 10 contains 2255288773
  Bucket 11 contains 1942100177
  Bucket 12 contains 2271828555
  Bucket 13 contains 2089725841
  Bucket 14 contains 1690817138
  Bucket 15 contains 1796559575
  Bucket 16 contains 2402757372
  Bucket 17 contains 1856849838
  Bucket 18 contains 2205965600
  Bucket 19 contains 1785744150
  Bucket 20 contains 1467279439
  Bucket 21 contains 2300020495
  Bucket 22 contains 2323996087
  Bucket 23 contains 1711276366
  Bucket 24 contains 1994018001
  Bucket 25 contains 2213956423
  Bucket 26 contains 1781928228
  Bucket 27 contains 1896845147
  Bucket 28 contains 2016583659
  Bucket 29 contains 2154489550
  Bucket 30 contains 1664121765
  Bucket 31 contains 2030437073
  Bucket 32 contains 2069911114
  Bucket 33 contains 2024529583
  Bucket 34 contains 2160673138
  Bucket 35 contains 2019766995
  Bucket 36 contains 1506989011
  Bucket 37 contains 2125833686
  Bucket 38 contains 1896602922
  Bucket 39 contains 2416422154
  Bucket 40 contains 1812864074
  Bucket 41 contains 2039688155
  Bucket 42 contains 1264650923
  Bucket 43 contains 2075912879
  Bucket 44 contains 2224754344
  Bucket 45 contains 1992945677
  Bucket 46 contains 2101534257
  Bucket 47 contains 2404060135
Hilbert SFC efficiency: 0.8198908629
Hilbert SFC ratio: 1.264864777
 Final Hilbert SFC time: 0.014369248

SFC+Knapsack previous efficiency: 0.6342726715
SFC + Knapsack ratio: 1.34093996
 Final SFC+Knapsack_Combined time: 0.000482254

SFC+Painter previous efficiency: 0.6090056303
Binary search iterations: 30
SFC+painterPartition efficiency: 0.8915742341
SFC+Painter ratio: 1.463983566
 Final SFC+Painter time: 0.007076509

Hilbert+Painter previous efficiency: 0.723061257
Binary search iterations: 30
Hilbert+painterPartition efficiency: 0.8914974931
Hilbert+Painter ratio: 1.232948778
 Final Hilbert+Painter time: 0.001094961
Painter+Knapsack previous efficiency: 0.6342726715
Binary search iterations: 30
SFC+painterPartition efficiency: 0.9771673143
Painter+Knapsack ratio: 1.34093996
 Final painter+Knapsack_Combined time: 0.009021227
Run 47
File weights 51 and ranks 51
Original previous efficiency: 0.7994427821
Original efficiency: 0.9343304159
Original ratio: 1.168727064
Knapsack previous efficiency: 0.7994427821
Knapsack ratio: 1.239210339
 Final Knapsack time: 0.006686334

Karmarkar-Karp previous efficiency: 0.7309242772
Karmarkar-Karp ratio: 1.357702442
 Final Karmarkar-Karp time: 0.00960099

SFC previous efficiency: 0.5913487762
 Time take to run this function: 4.61e-07
SFC ratio: 1.34653028
 Final SFC time: 0.000636533

Hilbert SFC previous efficiency: 0.6639917872
DM: HilbertProcessorMapDoIt called...
  (nprocs, nteams, nworkers) = (48, 48, 1)
  Bucket 0 contains 2013916562
  Bucket 1 contains 2064072503
  Bucket 2 contains 2076131515
  Bucket 3 contains 2107353972
  Bucket 4 contains 2068699246
  Bucket 5 contains 1276523993
  Bucket 6 contains 2111652986
  Bucket 7 contains 2295553888
  Bucket 8 contains 2235297883
  Bucket 9 contains 2358240077
  Bucket 10 contains 1519576922
  Bucket 11 contains 2620149499
  Bucket 12 contains 1832215980
  Bucket 13 contains 2165786149
  Bucket 14 contains 1759724906
  Bucket 15 contains 2510771881
  Bucket 16 contains 1888080977
  Bucket 17 contains 1935347207
  Bucket 18 contains 2302671484
  Bucket 19 contains 1878829364
  Bucket 20 contains 1674915236
  Bucket 21 contains 2490949495
  Bucket 22 contains 1838705956
  Bucket 23 contains 2366452006
  Bucket 24 contains 2057641237
  Bucket 25 contains 2257644231
  Bucket 26 contains 1830325754
  Bucket 27 contains 1966543518
  Bucket 28 contains 2095926738
  Bucket 29 contains 2234584573
  Bucket 30 contains 1730958642
  Bucket 31 contains 2154761753
  Bucket 32 contains 2177758426
  Bucket 33 contains 2108924557
  Bucket 34 contains 2252898306
  Bucket 35 contains 2116531545
  Bucket 36 contains 1575779480
  Bucket 37 contains 2228611140
  Bucket 38 contains 1977656493
  Bucket 39 contains 2502157061
  Bucket 40 contains 1882831312
  Bucket 41 contains 2127100701
  Bucket 42 contains 1321565015
  Bucket 43 contains 2126260641
  Bucket 44 contains 2383215161
  Bucket 45 contains 2307729969
  Bucket 46 contains 2191287166
  Bucket 47 contains 2213272559
Hilbert SFC efficiency: 0.7888670865
Hilbert SFC ratio: 1.188067536
 Final Hilbert SFC time: 0.014466506

SFC+Knapsack previous efficiency: 0.6545079657
SFC + Knapsack ratio: 1.293843808
 Final SFC+Knapsack_Combined time: 0.000460973

SFC+Painter previous efficiency: 0.6237009953
Binary search iterations: 30
SFC+painterPartition efficiency: 0.8871429392
SFC+Painter ratio: 1.422384998
 Final SFC+Painter time: 0.007163558

Hilbert+Painter previous efficiency: 0.7187826735
Binary search iterations: 30
Hilbert+painterPartition efficiency: 0.8987330484
Hilbert+Painter ratio: 1.250354358
 Final Hilbert+Painter time: 0.000905985
Painter+Knapsack previous efficiency: 0.6545079657
Binary search iterations: 30
SFC+painterPartition efficiency: 0.9661410738
Painter+Knapsack ratio: 1.271824629
 Final painter+Knapsack_Combined time: 0.009204582
Run 48
File weights 51 and ranks 51
Original previous efficiency: 0.7798683718
Original efficiency: 0.9081403257
Original ratio: 1.164478979
Knapsack previous efficiency: 0.7798683718
Knapsack ratio: 1.270769383
 Final Knapsack time: 0.006919616

Karmarkar-Karp previous efficiency: 0.7475022599
Karmarkar-Karp ratio: 1.328777933
 Final Karmarkar-Karp time: 0.010239738

SFC previous efficiency: 0.606975501
 Time take to run this function: 5.210000005e-07
SFC ratio: 1.324309885
 Final SFC time: 0.00058363

Hilbert SFC previous efficiency: 0.6663092801
DM: HilbertProcessorMapDoIt called...
  (nprocs, nteams, nworkers) = (48, 48, 1)
  Bucket 0 contains 2110143218
  Bucket 1 contains 2163286672
  Bucket 2 contains 2175890219
  Bucket 3 contains 2207383519
  Bucket 4 contains 2167041386
  Bucket 5 contains 1338191008
  Bucket 6 contains 2797270821
  Bucket 7 contains 1749822389
  Bucket 8 contains 2364483477
  Bucket 9 contains 2288272839
  Bucket 10 contains 1612643694
  Bucket 11 contains 2180114844
  Bucket 12 contains 2517880117
  Bucket 13 contains 2240976699
  Bucket 14 contains 2502460803
  Bucket 15 contains 1972167428
  Bucket 16 contains 1977275134
  Bucket 17 contains 2029734334
  Bucket 18 contains 2419752504
  Bucket 19 contains 1993254160
  Bucket 20 contains 1880105259
  Bucket 21 contains 2740073003
  Bucket 22 contains 1957465681
  Bucket 23 contains 2489422501
  Bucket 24 contains 2156074362
  Bucket 25 contains 1636123826
  Bucket 26 contains 2231291849
  Bucket 27 contains 2411915926
  Bucket 28 contains 2188063227
  Bucket 29 contains 2339445137
  Bucket 30 contains 1833812849
  Bucket 31 contains 2261004079
  Bucket 32 contains 2270092856
  Bucket 33 contains 2211514459
  Bucket 34 contains 2343829353
  Bucket 35 contains 2163952808
  Bucket 36 contains 1711211318
  Bucket 37 contains 2331027880
  Bucket 38 contains 2068848262
  Bucket 39 contains 1968114614
  Bucket 40 contains 2624423492
  Bucket 41 contains 2226568284
  Bucket 42 contains 1385171696
  Bucket 43 contains 2172133174
  Bucket 44 contains 2555609654
  Bucket 45 contains 2408493607
  Bucket 46 contains 2302229386
  Bucket 47 contains 2242119664
Hilbert SFC efficiency: 0.7739551492
Hilbert SFC ratio: 1.16155541
 Final Hilbert SFC time: 0.015169388

SFC+Knapsack previous efficiency: 0.6766899443
SFC + Knapsack ratio: 1.241178155
 Final SFC+Knapsack_Combined time: 0.000461835

SFC+Painter previous efficiency: 0.6344020632
Binary search iterations: 29
SFC+painterPartition efficiency: 0.8876210103
SFC+Painter ratio: 1.399145844
 Final SFC+Painter time: 0.007770093

Hilbert+Painter previous efficiency: 0.6955841827
Binary search iterations: 30
Hilbert+painterPartition efficiency: 0.8976109541
Hilbert+Painter ratio: 1.290441871
 Final Hilbert+Painter time: 0.001003825
Painter+Knapsack previous efficiency: 0.6766899443
Binary search iterations: 30
SFC+painterPartition efficiency: 0.964235296
Painter+Knapsack ratio: 1.254137443
 Final painter+Knapsack_Combined time: 0.0086825
Run 49
File weights 51 and ranks 51
Original previous efficiency: 0.7633922466
Original efficiency: 0.8805438122
Original ratio: 1.153461823
Knapsack previous efficiency: 0.7633922466
Knapsack ratio: 1.300135878
 Final Knapsack time: 0.006600456

Karmarkar-Karp previous efficiency: 0.7593503671
Karmarkar-Karp ratio: 1.305800368
 Final Karmarkar-Karp time: 0.009250872

SFC previous efficiency: 0.6445645045
 Time take to run this function: 5.310000004e-07
SFC ratio: 1.242872544
 Final SFC time: 0.000638989

Hilbert SFC previous efficiency: 0.6672440574
DM: HilbertProcessorMapDoIt called...
  (nprocs, nteams, nworkers) = (48, 48, 1)
  Bucket 0 contains 2151209773
  Bucket 1 contains 2204867623
  Bucket 2 contains 2217933994
  Bucket 3 contains 2193881358
  Bucket 4 contains 2206029252
  Bucket 5 contains 2222774780
  Bucket 6 contains 1999696174
  Bucket 7 contains 1788576110
  Bucket 8 contains 2378608291
  Bucket 9 contains 2280711182
  Bucket 10 contains 2563030843
  Bucket 11 contains 1935570402
  Bucket 12 contains 2006804024
  Bucket 13 contains 2272935113
  Bucket 14 contains 2551961050
  Bucket 15 contains 2009535006
  Bucket 16 contains 2004189522
  Bucket 17 contains 2067473001
  Bucket 18 contains 2461433190
  Bucket 19 contains 2085122523
  Bucket 20 contains 1957396303
  Bucket 21 contains 2866427799
  Bucket 22 contains 1982867323
  Bucket 23 contains 1902414429
  Bucket 24 contains 2031515391
  Bucket 25 contains 2400294036
  Bucket 26 contains 2280137020
  Bucket 27 contains 2476027092
  Bucket 28 contains 2219477942
  Bucket 29 contains 1562439016
  Bucket 30 contains 2696586462
  Bucket 31 contains 2283826154
  Bucket 32 contains 2326481421
  Bucket 33 contains 2259344782
  Bucket 34 contains 1793216387
  Bucket 35 contains 2240253085
  Bucket 36 contains 2222460698
  Bucket 37 contains 2436590252
  Bucket 38 contains 2113655106
  Bucket 39 contains 2011275154
  Bucket 40 contains 2013702285
  Bucket 41 contains 2219924258
  Bucket 42 contains 2122934661
  Bucket 43 contains 2177239897
  Bucket 44 contains 2640453639
  Bucket 45 contains 2453720627
  Bucket 46 contains 2079712364
  Bucket 47 contains 2356713890
Hilbert SFC efficiency: 0.768446522
Hilbert SFC ratio: 1.151672336
 Final Hilbert SFC time: 0.013657519

SFC+Knapsack previous efficiency: 0.6950863213
SFC + Knapsack ratio: 1.240981197
 Final SFC+Knapsack_Combined time: 0.000505228

SFC+Painter previous efficiency: 0.6596347398
Binary search iterations: 30
SFC+painterPartition efficiency: 0.8898353448
SFC+Painter ratio: 1.348981931
 Final SFC+Painter time: 0.006828138

Hilbert+Painter previous efficiency: 0.6842575467
Binary search iterations: 30
Hilbert+painterPartition efficiency: 0.8896091968
Hilbert+Painter ratio: 1.300108711
 Final Hilbert+Painter time: 0.000891767
Painter+Knapsack previous efficiency: 0.6950863213
Binary search iterations: 30
SFC+painterPartition efficiency: 0.9553406227
Painter+Knapsack ratio: 1.192610892
 Final painter+Knapsack_Combined time: 0.009160968
Run 50
File weights 51 and ranks 51
Original previous efficiency: 0.7596428279
Original efficiency: 0.9666845693
Original ratio: 1.272551433
Knapsack previous efficiency: 0.7596428279
Knapsack ratio: 1.30599212
 Final Knapsack time: 0.006964402

Karmarkar-Karp previous efficiency: 0.7466149032
Karmarkar-Karp ratio: 1.329925804
 Final Karmarkar-Karp time: 0.009599397

SFC previous efficiency: 0.6877697627
 Time take to run this function: 5.810000001e-07
SFC ratio: 1.198487122
 Final SFC time: 0.000618929

Hilbert SFC previous efficiency: 0.6690212279
DM: HilbertProcessorMapDoIt called...
  (nprocs, nteams, nworkers) = (48, 48, 1)
  Bucket 0 contains 2115672510
  Bucket 1 contains 2165761055
  Bucket 2 contains 2174160109
  Bucket 3 contains 2200533705
  Bucket 4 contains 2109771253
  Bucket 5 contains 2165205482
  Bucket 6 contains 1953568606
  Bucket 7 contains 2431180293
  Bucket 8 contains 1646399958
  Bucket 9 contains 2239341913
  Bucket 10 contains 2562011271
  Bucket 11 contains 1931902903
  Bucket 12 contains 1990938494
  Bucket 13 contains 2226542885
  Bucket 14 contains 2505041779
  Bucket 15 contains 1979499797
  Bucket 16 contains 1987409122
  Bucket 17 contains 2033319952
  Bucket 18 contains 2412001558
  Bucket 19 contains 2122315340
  Bucket 20 contains 1973552505
  Bucket 21 contains 1924463553
  Bucket 22 contains 2228190439
  Bucket 23 contains 2490378497
  Bucket 24 contains 2007196147
  Bucket 25 contains 2361313973
  Bucket 26 contains 2204979129
  Bucket 27 contains 2412041062
  Bucket 28 contains 2182294479
  Bucket 29 contains 1540890026
  Bucket 30 contains 2702663903
  Bucket 31 contains 2245715788
  Bucket 32 contains 1544027488
  Bucket 33 contains 2205843749
  Bucket 34 contains 2503760627
  Bucket 35 contains 2185962490
  Bucket 36 contains 2180553132
  Bucket 37 contains 1855682561
  Bucket 38 contains 2478293526
  Bucket 39 contains 2136718889
  Bucket 40 contains 1980771781
  Bucket 41 contains 2188812556
  Bucket 42 contains 2081455260
  Bucket 43 contains 2116092234
  Bucket 44 contains 2649380889
  Bucket 45 contains 2151352043
  Bucket 46 contains 2051537663
  Bucket 47 contains 2373619729
Hilbert SFC efficiency: 0.8009853567
Hilbert SFC ratio: 1.197249539
 Final Hilbert SFC time: 0.015516641

SFC+Knapsack previous efficiency: 0.7106832075
SFC + Knapsack ratio: 1.258232434
 Final SFC+Knapsack_Combined time: 0.000493767

SFC+Painter previous efficiency: 0.7027389489
Binary search iterations: 30
SFC+painterPartition efficiency: 0.8856460544
SFC+Painter ratio: 1.260277456
 Final SFC+Painter time: 0.007096167

Hilbert+Painter previous efficiency: 0.6861400771
Binary search iterations: 30
Hilbert+painterPartition efficiency: 0.8861789878
Hilbert+Painter ratio: 1.291542379
 Final Hilbert+Painter time: 0.0008412
Painter+Knapsack previous efficiency: 0.7106832075
Binary search iterations: 30
SFC+painterPartition efficiency: 0.9742543914
Painter+Knapsack ratio: 1.258232434
 Final painter+Knapsack_Combined time: 0.008689725


TinyProfiler total time across processes [min...avg...max]: 4.167 ... 4.167 ... 4.167

-------------------------------------------------------------------------------------
Name                                  NCalls  Excl. Min  Excl. Avg  Excl. Max   Max %
-------------------------------------------------------------------------------------
HilbertProcessorMapDoIt()                 51      1.932      1.932      1.932  46.37%
painterPartition()                       153     0.5198     0.5198     0.5198  12.48%
KKDoIt()                                  51     0.3505     0.3505     0.3505   8.41%
SFCProcessorMapDoItCombinedPainter()      51     0.3471     0.3471     0.3471   8.33%
KnapSackDoIt()                            51     0.3375     0.3375     0.3375   8.10%
kk()                                      51     0.1193     0.1193     0.1193   2.86%
SFCProcessorMapDoIt()                     51    0.01794    0.01794    0.01794   0.43%
SFCProcessorMapDoItCombined()             51   0.009195   0.009195   0.009195   0.22%
knapsack()                              1275   0.006141   0.006141   0.006141   0.15%
Distribute()                             102  0.0005702  0.0005702  0.0005702   0.01%
HilbertDistribute()                       51  0.0003608  0.0003608  0.0003608   0.01%
knapsack()swap                           318   9.42e-05   9.42e-05   9.42e-05   0.00%
-------------------------------------------------------------------------------------

-------------------------------------------------------------------------------------
Name                                  NCalls  Incl. Min  Incl. Avg  Incl. Max   Max %
-------------------------------------------------------------------------------------
HilbertProcessorMapDoIt()                 51      1.933      1.933      1.933  46.38%
painterPartition()                       153     0.5198     0.5198     0.5198  12.48%
KKDoIt()                                  51     0.4698     0.4698     0.4698  11.27%
SFCProcessorMapDoItCombinedPainter()      51     0.4622     0.4622     0.4622  11.09%
KnapSackDoIt()                            51     0.3403     0.3403     0.3403   8.17%
kk()                                      51     0.1193     0.1193     0.1193   2.86%
SFCProcessorMapDoIt()                     51    0.01831    0.01831    0.01831   0.44%
SFCProcessorMapDoItCombined()             51    0.01103    0.01103    0.01103   0.26%
knapsack()                              1275   0.006236   0.006236   0.006236   0.15%
Distribute()                             102  0.0005702  0.0005702  0.0005702   0.01%
HilbertDistribute()                       51  0.0003608  0.0003608  0.0003608   0.01%
knapsack()swap                           318   9.42e-05   9.42e-05   9.42e-05   0.00%
-------------------------------------------------------------------------------------

Pinned Memory Usage:
-----------------------------------------------------------------
Name                            Nalloc  Nfree    AvgMem    MaxMem
-----------------------------------------------------------------
The_Pinned_Arena::Initialize()       1      1  2166   B  8192 KiB
-----------------------------------------------------------------

AMReX (25.06-22-g1d307c2c661a-dirty) finalized
