0,0,0.1547084310,332236336.0000000000,12
0,1,0.0851532850,332569648.0000000000,12
0,2,0.0851941330,332569648.0000000000,12
0,3,0.1474965480,332236336.0000000000,13
0,4,0.1481500210,332236336.0000000000,14
0,5,0.1486256170,332569648.0000000000,15
0,6,0.1388220870,332236336.0000000000,16
0,7,0.0841173810,332236336.0000000000,16
0,8,0.1407830250,332236336.0000000000,17
0,9,0.0923008020,436509232.0000000000,12
0,10,0.0934055360,436967984.0000000000,12
0,11,0.0932625710,436967984.0000000000,13
0,12,0.0924078830,436509232.0000000000,14
0,13,0.0923662830,436509232.0000000000,14
0,14,0.0934195220,436967984.0000000000,16
0,15,0.0922990390,436509232.0000000000,16
0,16,0.0922225810,436509232.0000000000,16
0,17,0.0924526860,436509232.0000000000,17
0,18,0.0894026340,436509232.0000000000,13
0,19,0.0904457680,436967984.0000000000,13
0,20,0.0903317370,436967984.0000000000,13
0,21,0.0895755870,436509232.0000000000,14
0,22,0.0894068940,436509232.0000000000,14
0,23,0.0904769360,436967984.0000000000,17
0,24,0.0895931920,436509232.0000000000,17
0,25,0.0896132520,436509232.0000000000,17
0,26,0.1448568630,436509232.0000000000,1
0,27,0.1436898420,436509232.0000000000,0
0,28,0.0901670890,436967984.0000000000,0
0,29,0.0903602460,436967984.0000000000,0
0,30,0.0895644450,436509232.0000000000,15
0,31,0.0896326660,436509232.0000000000,15
0,32,0.0904413880,436967984.0000000000,1
0,33,0.0894420120,436509232.0000000000,1
0,34,0.0894138750,436509232.0000000000,1
0,35,0.1461896370,436509232.0000000000,18
0,36,0.0964631790,436509232.0000000000,0
0,37,0.0976130710,436967984.0000000000,0
0,38,0.0977067870,436967984.0000000000,0
0,39,0.0968004350,436509232.0000000000,15
0,40,0.0967474440,436509232.0000000000,15
0,41,0.0976693590,436967984.0000000000,1
0,42,0.0965434180,436509232.0000000000,1
0,43,0.0966088920,436509232.0000000000,18
0,44,0.0966311640,436509232.0000000000,18
0,45,0.0545349460,132356656.0000000000,18
0,46,0.0547075580,132449840.0000000000,18
0,47,0.1181181180,132449840.0000000000,19
0,48,0.0547292130,132356656.0000000000,19
0,49,0.1324440620,132356656.0000000000,2
0,50,0.1104091650,132449840.0000000000,22
0,51,0.0546478720,132356656.0000000000,22
0,52,0.0543705250,132356656.0000000000,22
0,53,0.1320102520,132356656.0000000000,3
0,54,0.0410770230,54827568.0000000000,19
0,55,0.0410744070,54827568.0000000000,19
0,56,0.0411925890,54827568.0000000000,19
0,57,0.0413339170,54827568.0000000000,2
0,58,0.0412956500,54827568.0000000000,2
0,59,0.0411749570,54827568.0000000000,3
0,60,0.0410948500,54827568.0000000000,3
0,61,0.0411108190,54827568.0000000000,3
0,62,0.0410833780,54827568.0000000000,3
0,63,0.0412079420,54827568.0000000000,2
0,64,0.0412584590,54827568.0000000000,2
0,65,0.0412396140,54827568.0000000000,2
0,66,0.1005585460,54827568.0000000000,21
0,67,0.0411937030,54827568.0000000000,21
0,68,0.0411982540,54827568.0000000000,3
0,69,0.0992668430,54827568.0000000000,23
0,70,0.0412846660,54827568.0000000000,23
0,71,0.1070300220,54827568.0000000000,24
0,72,0.1002789330,54827568.0000000000,20
0,73,0.0413377590,54827568.0000000000,20
0,74,0.0413841650,54827568.0000000000,20
0,75,0.0411605370,54827568.0000000000,21
0,76,0.0410643690,54827568.0000000000,22
0,77,0.0413104750,54827568.0000000000,23
0,78,0.0412701590,54827568.0000000000,23
0,79,0.0412209820,54827568.0000000000,24
0,80,0.0411700730,54827568.0000000000,24
0,81,0.0413971630,54827568.0000000000,20
0,82,0.0414504690,54827568.0000000000,20
0,83,0.0413001460,54827568.0000000000,21
0,84,0.0413085020,54827568.0000000000,21
0,85,0.0411599530,54827568.0000000000,22
0,86,0.0412810880,54827568.0000000000,23
0,87,0.0412039070,54827568.0000000000,24
0,88,0.0411162570,54827568.0000000000,24
0,89,0.1129042180,54827568.0000000000,4
0,90,0.0411748480,54827568.0000000000,4
0,91,0.0411177580,54827568.0000000000,4
0,92,0.0411362250,54827568.0000000000,4
0,93,0.1064139890,54827568.0000000000,25
0,94,0.0411489440,54827568.0000000000,25
0,95,0.1084329140,54827568.0000000000,27
0,96,0.1065440890,54827568.0000000000,26
0,97,0.0412479760,54827568.0000000000,26
0,98,0.1171968380,54827568.0000000000,6
0,99,0.0411074490,54827568.0000000000,4
0,100,0.0410329920,54827568.0000000000,4
0,101,0.0411611670,54827568.0000000000,25
0,102,0.0411113750,54827568.0000000000,25
0,103,0.0411415460,54827568.0000000000,25
0,104,0.0412780910,54827568.0000000000,26
0,105,0.0411186420,54827568.0000000000,26
0,106,0.0411089240,54827568.0000000000,26
0,107,0.0412770190,54827568.0000000000,6
0,108,0.1221275980,54827568.0000000000,7
0,109,0.0413135580,54827568.0000000000,7
0,110,0.0412313570,54827568.0000000000,7
0,111,0.0413193910,54827568.0000000000,27
0,112,0.0412940790,54827568.0000000000,27
0,113,0.0414267110,54827568.0000000000,6
0,114,0.0412157090,54827568.0000000000,6
0,115,0.0412222810,54827568.0000000000,6
0,116,0.1032547820,54827568.0000000000,8
0,117,0.0356858390,47074864.0000000000,7
0,118,0.0356088700,47074864.0000000000,7
0,119,0.0356984940,47074864.0000000000,7
0,120,0.0357644950,47074864.0000000000,27
0,121,0.0356667650,47074864.0000000000,27
0,122,0.0355369410,47074864.0000000000,6
0,123,0.0357238550,47074864.0000000000,8
0,124,0.0357209780,47074864.0000000000,8
0,125,0.0356847690,47074864.0000000000,8
0,126,0.0355976940,47074864.0000000000,8
0,127,0.0355732900,47074864.0000000000,8
0,128,0.0989539310,47074864.0000000000,9
0,129,0.0997572270,47074864.0000000000,10
0,130,0.0358241720,47074864.0000000000,10
0,131,0.0999730650,47074864.0000000000,11
0,132,0.0358432560,47074864.0000000000,11
0,133,0.0357954110,47074864.0000000000,11
0,134,0.1084245180,47074864.0000000000,5
0,135,0.0357241390,47074864.0000000000,9
0,136,0.0356453420,47074864.0000000000,9
0,137,0.0356501390,47074864.0000000000,9
0,138,0.0357671680,47074864.0000000000,10
0,139,0.0358079340,47074864.0000000000,10
0,140,0.0357884380,47074864.0000000000,11
0,141,0.0357213510,47074864.0000000000,11
0,142,0.0357671070,47074864.0000000000,5
0,143,0.0356900970,47074864.0000000000,5
0,144,0.0356626740,47074864.0000000000,9
0,145,0.0356110460,47074864.0000000000,9
0,146,0.0357039660,47074864.0000000000,10
0,147,0.0356941680,47074864.0000000000,10
0,148,0.0356571060,47074864.0000000000,11
0,149,0.0356289120,47074864.0000000000,5
0,150,0.0356942660,47074864.0000000000,5
0,151,0.0357194630,47074864.0000000000,5
0,152,0.0356808400,47074864.0000000000,5
50,0,7.6030744264,332010240.0000000000,12
50,1,7.5684671047,332024688.0000000000,12
50,2,7.5709835910,332020352.0000000000,12
50,3,7.6085104602,332023680.0000000000,13
50,4,7.6159406444,332023888.0000000000,14
50,5,7.6191334626,332025408.0000000000,15
50,6,7.6052720628,332029728.0000000000,16
50,7,7.5724370399,332025536.0000000000,16
50,8,7.5991615479,332011248.0000000000,17
50,9,10.0651362477,436493360.0000000000,12
50,10,10.0657842741,436510848.0000000000,12
50,11,10.0690275296,436509104.0000000000,13
50,12,10.0764180935,436505632.0000000000,14
50,13,10.0762329909,436514896.0000000000,14
50,14,10.0700975587,436505136.0000000000,16
50,15,10.0705163209,436512704.0000000000,16
50,16,10.0692400197,436508320.0000000000,16
50,17,10.0678291478,436493904.0000000000,17
50,18,10.0661797525,436488816.0000000000,13
50,19,10.0659459587,436507632.0000000000,13
50,20,10.0657855912,436509584.0000000000,13
50,21,10.0746137178,436514384.0000000000,14
50,22,10.0740299325,436510640.0000000000,14
50,23,10.0661414987,436509792.0000000000,17
50,24,10.0657445308,436509040.0000000000,17
50,25,10.0649755882,436510752.0000000000,17
50,26,10.0929793585,436489040.0000000000,1
50,27,10.0904437036,436491824.0000000000,0
50,28,10.0643404185,436512448.0000000000,0
50,29,10.0630945144,436510112.0000000000,0
50,30,10.0774388022,436511600.0000000000,15
50,31,10.0782267461,436512400.0000000000,15
50,32,10.0666599854,436510240.0000000000,1
50,33,10.0656344598,436509968.0000000000,1
50,34,10.0668419168,436511184.0000000000,1
50,35,10.0916303385,436493616.0000000000,18
50,36,10.0677725457,436491104.0000000000,0
50,37,10.0686405877,436512288.0000000000,0
50,38,10.0692924836,436514384.0000000000,0
50,39,10.0839617284,436503920.0000000000,15
50,40,10.0836303916,436509120.0000000000,15
50,41,10.0705223742,436510240.0000000000,1
50,42,10.0710295847,436514432.0000000000,1
50,43,10.0708913874,436509328.0000000000,18
50,44,10.0695021831,436488912.0000000000,18
50,45,2.6155841793,132140160.0000000000,18
50,46,2.6154250410,132140736.0000000000,18
50,47,2.6465310188,132144032.0000000000,19
50,48,2.6164000865,132144560.0000000000,19
50,49,2.6563668151,132146912.0000000000,2
50,50,2.6461347574,132144400.0000000000,22
50,51,2.6187963729,132142400.0000000000,22
50,52,2.6183952970,132144784.0000000000,22
50,53,2.6526923550,132139408.0000000000,3
50,54,0.6703770345,54827568.0000000000,19
50,55,0.6700815640,54827568.0000000000,19
50,56,0.6704947282,54827568.0000000000,19
50,57,0.6726725621,54827568.0000000000,2
50,58,0.6726338226,54827568.0000000000,2
50,59,0.6716777727,54827568.0000000000,3
50,60,0.6713661978,54827568.0000000000,3
50,61,0.6721249724,54827568.0000000000,3
50,62,0.6715427284,54827568.0000000000,3
50,63,0.6726981644,54827568.0000000000,2
50,64,0.6722816370,54827568.0000000000,2
50,65,0.6725599353,54827568.0000000000,2
50,66,0.6835345417,54827568.0000000000,21
50,67,0.6572307663,54827568.0000000000,21
50,68,0.6713766064,54827568.0000000000,3
50,69,0.6834609257,54827568.0000000000,23
50,70,0.6578219300,54827568.0000000000,23
50,71,0.6857082723,54827568.0000000000,24
50,72,0.6842053692,54827568.0000000000,20
50,73,0.6585364818,54827568.0000000000,20
50,74,0.6586291899,54827568.0000000000,20
50,75,0.6575733339,54827568.0000000000,21
50,76,0.6720225807,54827568.0000000000,22
50,77,0.6580696445,54827568.0000000000,23
50,78,0.6582503495,54827568.0000000000,23
50,79,0.6576275706,54827568.0000000000,24
50,80,0.6572464560,54827568.0000000000,24
50,81,0.6586750535,54827568.0000000000,20
50,82,0.6582585564,54827568.0000000000,20
50,83,0.6572678902,54827568.0000000000,21
50,84,0.6572304698,54827568.0000000000,21
50,85,0.6720829151,54827568.0000000000,22
50,86,0.6574686634,54827568.0000000000,23
50,87,0.6569306351,54827568.0000000000,24
50,88,0.6572608825,54827568.0000000000,24
50,89,0.6878393053,54827568.0000000000,4
50,90,0.6580441077,54827568.0000000000,4
50,91,0.6578133803,54827568.0000000000,4
50,92,0.6578793216,54827568.0000000000,4
50,93,0.6841657354,54827568.0000000000,25
50,94,0.6565062220,54827568.0000000000,25
50,95,0.6863249151,54827568.0000000000,27
50,96,0.6842274188,54827568.0000000000,26
50,97,0.6568422588,54827568.0000000000,26
50,98,0.6903661598,54827568.0000000000,6
50,99,0.6576560475,54827568.0000000000,4
50,100,0.6578452947,54827568.0000000000,4
50,101,0.6565785836,54827568.0000000000,25
50,102,0.6566002338,54827568.0000000000,25
50,103,0.6559312762,54827568.0000000000,25
50,104,0.6563925351,54827568.0000000000,26
50,105,0.6566459767,54827568.0000000000,26
50,106,0.6563276906,54827568.0000000000,26
50,107,0.6584088828,54827568.0000000000,6
50,108,0.6913496624,54827568.0000000000,7
50,109,0.6580169012,54827568.0000000000,7
50,110,0.6578754124,54827568.0000000000,7
50,111,0.6577382632,54827568.0000000000,27
50,112,0.6580090636,54827568.0000000000,27
50,113,0.6584394026,54827568.0000000000,6
50,114,0.6586947883,54827568.0000000000,6
50,115,0.6585642052,54827568.0000000000,6
50,116,0.6838691121,54827568.0000000000,8
50,117,0.5698046907,47074864.0000000000,7
50,118,0.5692699436,47074864.0000000000,7
50,119,0.5693538358,47074864.0000000000,7
50,120,0.5694246320,47074864.0000000000,27
50,121,0.5694534798,47074864.0000000000,27
50,122,0.5696712587,47074864.0000000000,6
50,123,0.5692313702,47074864.0000000000,8
50,124,0.5690997068,47074864.0000000000,8
50,125,0.5694685874,47074864.0000000000,8
50,126,0.5690296282,47074864.0000000000,8
50,127,0.5689693240,47074864.0000000000,8
50,128,0.5964370254,47074864.0000000000,9
50,129,0.5973332911,47074864.0000000000,10
50,130,0.5701794252,47074864.0000000000,10
50,131,0.5976819468,47074864.0000000000,11
50,132,0.5701174125,47074864.0000000000,11
50,133,0.5699948947,47074864.0000000000,11
50,134,0.6000349471,47074864.0000000000,5
50,135,0.5693099077,47074864.0000000000,9
50,136,0.5689243005,47074864.0000000000,9
50,137,0.5695067263,47074864.0000000000,9
50,138,0.5698615987,47074864.0000000000,10
50,139,0.5702427416,47074864.0000000000,10
50,140,0.5699921242,47074864.0000000000,11
50,141,0.5696848834,47074864.0000000000,11
50,142,0.5695128463,47074864.0000000000,5
50,143,0.5693938154,47074864.0000000000,5
50,144,0.5689825890,47074864.0000000000,9
50,145,0.5689253675,47074864.0000000000,9
50,146,0.5698713715,47074864.0000000000,10
50,147,0.5697122085,47074864.0000000000,10
50,148,0.5701324545,47074864.0000000000,11
50,149,0.5691681442,47074864.0000000000,5
50,150,0.5692532236,47074864.0000000000,5
50,151,0.5691813489,47074864.0000000000,5
50,152,0.5690319172,47074864.0000000000,5
100,0,0.3449480330,331964688.0000000000,8
100,1,0.3474150770,331995792.0000000000,11
100,2,0.3516105370,331984416.0000000000,7
100,3,0.3507049460,331999312.0000000000,5
100,4,0.2638408600,332020320.0000000000,3
100,5,0.3502468510,332046976.0000000000,4
100,6,0.3522632860,332068144.0000000000,6
100,7,0.3469055990,332051904.0000000000,10
100,8,0.3471201930,332001056.0000000000,9
100,9,0.3256935960,436463072.0000000000,1
100,10,0.3257627180,436505424.0000000000,13
100,11,0.3260994060,436511776.0000000000,4
100,12,0.3258584470,436504016.0000000000,22
100,13,0.3666025330,436513424.0000000000,23
100,14,0.3258516650,436505200.0000000000,5
100,15,0.3260053100,436507408.0000000000,9
100,16,0.3257537620,436511008.0000000000,14
100,17,0.3259252530,436465488.0000000000,15
100,18,0.3254385880,436462304.0000000000,0
100,19,0.3258936830,436507680.0000000000,16
100,20,0.3256015870,436508224.0000000000,16
100,21,0.3685361830,436513824.0000000000,25
100,22,0.3255637610,436509792.0000000000,18
100,23,0.3255548020,436509120.0000000000,0
100,24,0.3257310950,436509568.0000000000,2
100,25,0.3257823660,436507792.0000000000,15
100,26,0.3256549400,436458944.0000000000,19
100,27,0.3256030780,436463616.0000000000,17
100,28,0.3256574270,436511568.0000000000,12
100,29,0.3258413320,436509680.0000000000,14
100,30,0.3721268840,436504976.0000000000,21
100,31,0.3703039450,436516256.0000000000,20
100,32,0.3257236740,436506736.0000000000,2
100,33,0.3175843040,436506896.0000000000,1
100,34,0.3256609330,436511600.0000000000,13
100,35,0.3678768830,436462880.0000000000,24
100,36,0.3255820890,436450960.0000000000,12
100,37,0.3258233450,436516048.0000000000,3
100,38,0.3263322860,436511520.0000000000,7
100,39,0.3339669580,436500384.0000000000,27
100,40,0.3665812000,436508448.0000000000,26
100,41,0.3264200410,436510032.0000000000,10
100,42,0.3260658580,436517744.0000000000,11
100,43,0.3262004470,436511376.0000000000,8
100,44,0.3258280280,436449152.0000000000,6
100,45,0.0837742920,132134112.0000000000,21
100,46,0.0836993380,132140656.0000000000,20
100,47,0.0839782390,132142432.0000000000,25
100,48,0.0836967760,132145792.0000000000,23
100,49,0.0838328260,132146352.0000000000,17
100,50,0.0836837190,132144112.0000000000,18
100,51,0.0821133960,132142272.0000000000,22
100,52,0.0836561570,132141536.0000000000,19
100,53,0.0836702610,132132352.0000000000,24
100,54,0.0206224100,54827568.0000000000,25
100,55,0.0206379590,54827568.0000000000,24
100,56,0.0206223080,54827568.0000000000,22
100,57,0.0206165280,54827568.0000000000,27
100,58,0.0206123170,54827568.0000000000,27
100,59,0.0206330900,54827568.0000000000,23
100,60,0.0206971840,54827568.0000000000,20
100,61,0.0206079020,54827568.0000000000,26
100,62,0.0205904100,54827568.0000000000,19
100,63,0.0206691100,54827568.0000000000,26
100,64,0.0206024300,54827568.0000000000,26
100,65,0.0206175970,54827568.0000000000,26
100,66,0.0206280040,54827568.0000000000,19
100,67,0.0205924000,54827568.0000000000,21
100,68,0.0206531570,54827568.0000000000,21
100,69,0.0207649340,54827568.0000000000,20
100,70,0.0206836080,54827568.0000000000,22
100,71,0.0206908740,54827568.0000000000,22
100,72,0.0206603120,54827568.0000000000,27
100,73,0.0205677330,54827568.0000000000,26
100,74,0.0206315670,54827568.0000000000,25
100,75,0.0206357150,54827568.0000000000,25
100,76,0.0207605160,54827568.0000000000,27
100,77,0.0206938490,54827568.0000000000,20
100,78,0.0206497210,54827568.0000000000,22
100,79,0.0205985220,54827568.0000000000,25
100,80,0.0206728890,54827568.0000000000,19
100,81,0.0206217070,54827568.0000000000,24
100,82,0.0206802510,54827568.0000000000,20
100,83,0.0207271300,54827568.0000000000,22
100,84,0.0205370940,54827568.0000000000,23
100,85,0.0206952710,54827568.0000000000,27
100,86,0.0206071250,54827568.0000000000,19
100,87,0.0206604130,54827568.0000000000,20
100,88,0.0206342370,54827568.0000000000,17
100,89,0.0206129720,54827568.0000000000,26
100,90,0.0206405930,54827568.0000000000,24
100,91,0.0206129090,54827568.0000000000,21
100,92,0.0205398620,54827568.0000000000,17
100,93,0.0206514580,54827568.0000000000,18
100,94,0.0206702940,54827568.0000000000,9
100,95,0.0205988960,54827568.0000000000,23
100,96,0.0206545650,54827568.0000000000,17
100,97,0.0206114100,54827568.0000000000,18
100,98,0.0205914930,54827568.0000000000,18
100,99,0.0206824340,54827568.0000000000,24
100,100,0.0206606960,54827568.0000000000,18
100,101,0.0206001350,54827568.0000000000,10
100,102,0.0206630160,54827568.0000000000,8
100,103,0.0205955050,54827568.0000000000,6
100,104,0.0206566040,54827568.0000000000,11
100,105,0.0205974760,54827568.0000000000,17
100,106,0.0206608240,54827568.0000000000,7
100,107,0.0207014820,54827568.0000000000,27
100,108,0.0206135660,54827568.0000000000,17
100,109,0.0206314400,54827568.0000000000,18
100,110,0.0206386900,54827568.0000000000,23
100,111,0.0205501510,54827568.0000000000,23
100,112,0.0206280460,54827568.0000000000,19
100,113,0.0206549920,54827568.0000000000,24
100,114,0.0206318280,54827568.0000000000,25
100,115,0.0206084310,54827568.0000000000,21
100,116,0.0206332920,54827568.0000000000,21
100,117,0.0178324490,47074864.0000000000,3
100,118,0.0178413160,47074864.0000000000,4
100,119,0.0178821640,47074864.0000000000,9
100,120,0.0178403740,47074864.0000000000,6
100,121,0.0178530580,47074864.0000000000,7
100,122,0.0179058100,47074864.0000000000,10
100,123,0.0178521170,47074864.0000000000,7
100,124,0.0178540410,47074864.0000000000,3
100,125,0.0179083650,47074864.0000000000,10
100,126,0.0178488400,47074864.0000000000,4
100,127,0.0178178320,47074864.0000000000,0
100,128,0.0179025140,47074864.0000000000,5
100,129,0.0178537130,47074864.0000000000,3
100,130,0.0178398920,47074864.0000000000,4
100,131,0.0178955490,47074864.0000000000,5
100,132,0.0178849590,47074864.0000000000,11
100,133,0.0178515150,47074864.0000000000,4
100,134,0.0178652520,47074864.0000000000,4
100,135,0.0178677990,47074864.0000000000,3
100,136,0.0177921900,47074864.0000000000,6
100,137,0.0179277120,47074864.0000000000,9
100,138,0.0178191020,47074864.0000000000,6
100,139,0.0178682890,47074864.0000000000,9
100,140,0.0179079160,47074864.0000000000,10
100,141,0.0178785860,47074864.0000000000,7
100,142,0.0178674860,47074864.0000000000,8
100,143,0.0179049200,47074864.0000000000,5
100,144,0.0178372690,47074864.0000000000,3
100,145,0.0178399450,47074864.0000000000,2
100,146,0.0179238560,47074864.0000000000,5
100,147,0.0178309250,47074864.0000000000,11
100,148,0.0178870950,47074864.0000000000,8
100,149,0.0178304640,47074864.0000000000,1
100,150,0.0179149980,47074864.0000000000,8
100,151,0.0178582000,47074864.0000000000,11
100,152,0.0178783970,47074864.0000000000,5
150,0,7.7498522146,331897664.0000000000,8
150,1,7.7809242971,331921504.0000000000,11
150,2,7.8188051252,331898656.0000000000,7
150,3,7.8417902723,331936528.0000000000,5
150,4,7.8118164594,332021200.0000000000,3
150,5,7.8418904104,332122800.0000000000,4
150,6,7.8131659559,332196944.0000000000,6
150,7,7.7795307809,332156512.0000000000,10
150,8,7.7530251272,332033984.0000000000,9
150,9,10.2249016211,436447280.0000000000,1
150,10,10.2286207423,436505408.0000000000,13
150,11,10.2332812393,436509760.0000000000,4
150,12,10.2344451631,436508448.0000000000,22
150,13,10.2395546657,436509760.0000000000,23
150,14,10.2367059725,436508560.0000000000,5
150,15,10.2364816760,436505872.0000000000,9
150,16,10.2347375837,436510624.0000000000,14
150,17,10.2378072241,436447168.0000000000,15
150,18,10.2224117383,436448784.0000000000,0
150,19,10.2261933385,436514944.0000000000,16
150,20,10.2251211796,436510128.0000000000,16
150,21,10.2446761785,436509456.0000000000,25
150,22,10.2251545605,436513040.0000000000,18
150,23,10.2215186008,436509424.0000000000,0
150,24,10.2355500302,436510032.0000000000,2
150,25,10.2370793552,436510336.0000000000,15
150,26,10.2279143833,436450016.0000000000,19
150,27,10.2235808391,436452272.0000000000,17
150,28,10.2242385148,436509440.0000000000,12
150,29,10.2316558431,436511840.0000000000,14
150,30,10.2485908685,436508912.0000000000,21
150,31,10.2549113238,436509872.0000000000,20
150,32,10.2347281518,436510752.0000000000,2
150,33,10.2209345149,436509792.0000000000,1
150,34,10.2261660744,436513552.0000000000,13
150,35,10.2391573929,436448976.0000000000,24
150,36,10.2261375238,436424688.0000000000,12
150,37,10.2337922229,436522512.0000000000,3
150,38,10.2453053947,436511920.0000000000,7
150,39,10.2371946847,436501296.0000000000,27
150,40,10.2516617580,436511696.0000000000,26
150,41,10.2455212891,436514512.0000000000,10
150,42,10.2422640382,436518528.0000000000,11
150,43,10.2419474965,436508560.0000000000,8
150,44,10.2337088759,436429888.0000000000,6
150,45,2.6525462979,132130864.0000000000,21
150,46,2.6565664820,132139360.0000000000,20
150,47,2.6542580213,132141872.0000000000,25
150,48,2.6506748773,132148144.0000000000,23
150,49,2.6524374430,132146928.0000000000,17
150,50,2.6510411271,132141808.0000000000,18
150,51,2.6531915899,132137744.0000000000,22
150,52,2.6519539934,132146256.0000000000,19
150,53,2.6518905427,132127344.0000000000,24
150,54,0.6751387261,54827568.0000000000,25
150,55,0.6743404099,54827568.0000000000,24
150,56,0.6750033245,54827568.0000000000,22
150,57,0.6760948061,54827568.0000000000,27
150,58,0.6756425154,54827568.0000000000,27
150,59,0.6723488818,54827568.0000000000,23
150,60,0.6760682845,54827568.0000000000,20
150,61,0.6734858558,54827568.0000000000,26
150,62,0.6734291405,54827568.0000000000,19
150,63,0.6733829935,54827568.0000000000,26
150,64,0.6735730975,54827568.0000000000,26
150,65,0.6732288842,54827568.0000000000,26
150,66,0.6731181764,54827568.0000000000,19
150,67,0.6735795722,54827568.0000000000,21
150,68,0.6732779869,54827568.0000000000,21
150,69,0.6758829696,54827568.0000000000,20
150,70,0.6756557642,54827568.0000000000,22
150,71,0.6754920352,54827568.0000000000,22
150,72,0.6759868518,54827568.0000000000,27
150,73,0.6737174412,54827568.0000000000,26
150,74,0.6750047918,54827568.0000000000,25
150,75,0.6747434904,54827568.0000000000,25
150,76,0.6758255671,54827568.0000000000,27
150,77,0.6759401763,54827568.0000000000,20
150,78,0.6754880450,54827568.0000000000,22
150,79,0.6748560883,54827568.0000000000,25
150,80,0.6736149064,54827568.0000000000,19
150,81,0.6740180499,54827568.0000000000,24
150,82,0.6761849113,54827568.0000000000,20
150,83,0.6753787805,54827568.0000000000,22
150,84,0.6725533156,54827568.0000000000,23
150,85,0.6756807345,54827568.0000000000,27
150,86,0.6733127845,54827568.0000000000,19
150,87,0.6761796910,54827568.0000000000,20
150,88,0.6736498995,54827568.0000000000,17
150,89,0.6736121621,54827568.0000000000,26
150,90,0.6740948174,54827568.0000000000,24
150,91,0.6729781577,54827568.0000000000,21
150,92,0.6733340687,54827568.0000000000,17
150,93,0.6738398444,54827568.0000000000,18
150,94,0.6749655097,54827568.0000000000,9
150,95,0.6721928022,54827568.0000000000,23
150,96,0.6735081492,54827568.0000000000,17
150,97,0.6736917509,54827568.0000000000,18
150,98,0.6735935048,54827568.0000000000,18
150,99,0.6740398713,54827568.0000000000,24
150,100,0.6735341496,54827568.0000000000,18
150,101,0.6760868650,54827568.0000000000,10
150,102,0.6760215310,54827568.0000000000,8
150,103,0.6732578475,54827568.0000000000,6
150,104,0.6750634696,54827568.0000000000,11
150,105,0.6732821888,54827568.0000000000,17
150,106,0.6750877511,54827568.0000000000,7
150,107,0.6754436143,54827568.0000000000,27
150,108,0.6734633268,54827568.0000000000,17
150,109,0.6732763568,54827568.0000000000,18
150,110,0.6723742824,54827568.0000000000,23
150,111,0.6721666076,54827568.0000000000,23
150,112,0.6731474963,54827568.0000000000,19
150,113,0.6741312101,54827568.0000000000,24
150,114,0.6751171501,54827568.0000000000,25
150,115,0.6735891945,54827568.0000000000,21
150,116,0.6730565057,54827568.0000000000,21
150,117,0.5827405171,47074864.0000000000,3
150,118,0.5826645305,47074864.0000000000,4
150,119,0.5844253858,47074864.0000000000,9
150,120,0.5820126915,47074864.0000000000,6
150,121,0.5837086138,47074864.0000000000,7
150,122,0.5844872350,47074864.0000000000,10
150,123,0.5837262410,47074864.0000000000,7
150,124,0.5832012965,47074864.0000000000,3
150,125,0.5843179722,47074864.0000000000,10
150,126,0.5827727667,47074864.0000000000,4
150,127,0.5818077534,47074864.0000000000,0
150,128,0.5848791497,47074864.0000000000,5
150,129,0.5830258933,47074864.0000000000,3
150,130,0.5826253390,47074864.0000000000,4
150,131,0.5847615381,47074864.0000000000,5
150,132,0.5835993408,47074864.0000000000,11
150,133,0.5827916648,47074864.0000000000,4
150,134,0.5827797270,47074864.0000000000,4
150,135,0.5829892920,47074864.0000000000,3
150,136,0.5821235559,47074864.0000000000,6
150,137,0.5846159044,47074864.0000000000,9
150,138,0.5819109361,47074864.0000000000,6
150,139,0.5845339004,47074864.0000000000,9
150,140,0.5844997600,47074864.0000000000,10
150,141,0.5836969014,47074864.0000000000,7
150,142,0.5840975143,47074864.0000000000,8
150,143,0.5848533685,47074864.0000000000,5
150,144,0.5831627981,47074864.0000000000,3
150,145,0.5835255462,47074864.0000000000,2
150,146,0.5850021747,47074864.0000000000,5
150,147,0.5834306823,47074864.0000000000,11
150,148,0.5845100887,47074864.0000000000,8
150,149,0.5821903638,47074864.0000000000,1
150,150,0.5844041165,47074864.0000000000,8
150,151,0.5835885448,47074864.0000000000,11
150,152,0.5844914674,47074864.0000000000,5
200,0,0.2407002220,331741504.0000000000,8
200,1,0.2425602830,331713072.0000000000,11
200,2,0.2445537670,331678368.0000000000,7
200,3,0.2457967270,331816352.0000000000,5
200,4,0.2459379520,332014352.0000000000,3
200,5,0.2462710940,332236816.0000000000,4
200,6,0.2450175630,332433712.0000000000,6
200,7,0.2429100720,332394064.0000000000,10
200,8,0.2406266920,332141952.0000000000,9
200,9,0.3176162570,436429056.0000000000,1
200,10,0.3175985530,436507888.0000000000,13
200,11,0.3179128970,436504416.0000000000,4
200,12,0.3180091360,436507648.0000000000,22
200,13,0.3176080710,436510144.0000000000,23
200,14,0.3180010670,436508032.0000000000,5
200,15,0.3179253150,436507520.0000000000,9
200,16,0.3180006800,436507344.0000000000,14
200,17,0.3180996890,436431184.0000000000,15
200,18,0.3174113980,436442048.0000000000,0
200,19,0.3176499310,436512336.0000000000,16
200,20,0.3176536600,436510768.0000000000,16
200,21,0.3176997670,436510304.0000000000,25
200,22,0.3176296240,436513072.0000000000,18
200,23,0.3175256210,436507824.0000000000,0
200,24,0.3180892040,436512256.0000000000,2
200,25,0.3180819680,436507840.0000000000,15
200,26,0.3177253090,436441632.0000000000,19
200,27,0.3175780850,436442912.0000000000,17
200,28,0.3176954990,436511168.0000000000,12
200,29,0.3178098510,436508112.0000000000,14
200,30,0.3177653850,436508544.0000000000,21
200,31,0.3180174210,436514704.0000000000,20
200,32,0.3178855490,436506608.0000000000,2
200,33,0.3175136880,436509824.0000000000,1
200,34,0.3175575620,436509824.0000000000,13
200,35,0.3176071470,436444032.0000000000,24
200,36,0.3176248420,436398080.0000000000,12
200,37,0.3178038500,436523072.0000000000,3
200,38,0.3182695870,436510096.0000000000,7
200,39,0.3178376540,436497664.0000000000,27
200,40,0.3179604330,436509968.0000000000,26
200,41,0.3181949860,436506576.0000000000,10
200,42,0.3181959690,436520768.0000000000,11
200,43,0.3182371580,436513232.0000000000,8
200,44,0.3178357970,436399216.0000000000,6
200,45,0.0821642310,132122320.0000000000,21
200,46,0.0822154720,132142048.0000000000,20
200,47,0.0822027220,132141808.0000000000,25
200,48,0.0821941430,132150608.0000000000,23
200,49,0.0821165610,132148880.0000000000,17
200,50,0.0820103780,132142416.0000000000,18
200,51,0.0822679530,132139568.0000000000,22
200,52,0.0821550570,132144768.0000000000,19
200,53,0.0821121130,132120736.0000000000,24
200,54,0.0206860110,54827568.0000000000,25
200,55,0.0206280070,54827568.0000000000,24
200,56,0.0206171930,54827568.0000000000,22
200,57,0.0206921220,54827568.0000000000,27
200,58,0.0206551880,54827568.0000000000,27
200,59,0.0206393860,54827568.0000000000,23
200,60,0.0207189400,54827568.0000000000,20
200,61,0.0205763680,54827568.0000000000,26
200,62,0.0206125930,54827568.0000000000,19
200,63,0.0205500370,54827568.0000000000,26
200,64,0.0206392900,54827568.0000000000,26
200,65,0.0205943640,54827568.0000000000,26
200,66,0.0206446840,54827568.0000000000,19
200,67,0.0206107800,54827568.0000000000,21
200,68,0.0206302680,54827568.0000000000,21
200,69,0.0206510980,54827568.0000000000,20
200,70,0.0206196390,54827568.0000000000,22
200,71,0.0206527520,54827568.0000000000,22
200,72,0.0207019710,54827568.0000000000,27
200,73,0.0205895720,54827568.0000000000,26
200,74,0.0206446000,54827568.0000000000,25
200,75,0.0207617890,54827568.0000000000,25
200,76,0.0206791770,54827568.0000000000,27
200,77,0.0207064770,54827568.0000000000,20
200,78,0.0207578850,54827568.0000000000,22
200,79,0.0206482050,54827568.0000000000,25
200,80,0.0207152020,54827568.0000000000,19
200,81,0.0206532360,54827568.0000000000,24
200,82,0.0207513430,54827568.0000000000,20
200,83,0.0207213670,54827568.0000000000,22
200,84,0.0206308510,54827568.0000000000,23
200,85,0.0206774620,54827568.0000000000,27
200,86,0.0206191650,54827568.0000000000,19
200,87,0.0207295110,54827568.0000000000,20
200,88,0.0206511480,54827568.0000000000,17
200,89,0.0206452720,54827568.0000000000,26
200,90,0.0207190430,54827568.0000000000,24
200,91,0.0205761330,54827568.0000000000,21
200,92,0.0206900520,54827568.0000000000,17
200,93,0.0206103000,54827568.0000000000,18
200,94,0.0206212410,54827568.0000000000,9
200,95,0.0206294970,54827568.0000000000,23
200,96,0.0206157790,54827568.0000000000,17
200,97,0.0206755340,54827568.0000000000,18
200,98,0.0206232920,54827568.0000000000,18
200,99,0.0206497580,54827568.0000000000,24
200,100,0.0206030640,54827568.0000000000,18
200,101,0.0207289400,54827568.0000000000,10
200,102,0.0206430600,54827568.0000000000,8
200,103,0.0205168280,54827568.0000000000,6
200,104,0.0207115960,54827568.0000000000,11
200,105,0.0205718460,54827568.0000000000,17
200,106,0.0206425820,54827568.0000000000,7
200,107,0.0207129220,54827568.0000000000,27
200,108,0.0206430800,54827568.0000000000,17
200,109,0.0205970820,54827568.0000000000,18
200,110,0.0205156070,54827568.0000000000,23
200,111,0.0205844300,54827568.0000000000,23
200,112,0.0206373600,54827568.0000000000,19
200,113,0.0206299110,54827568.0000000000,24
200,114,0.0206415230,54827568.0000000000,25
200,115,0.0206165130,54827568.0000000000,21
200,116,0.0206293470,54827568.0000000000,21
200,117,0.0178048010,47074864.0000000000,3
200,118,0.0178196350,47074864.0000000000,4
200,119,0.0178788090,47074864.0000000000,9
200,120,0.0178172100,47074864.0000000000,6
200,121,0.0178645430,47074864.0000000000,7
200,122,0.0178658240,47074864.0000000000,10
200,123,0.0178562160,47074864.0000000000,7
200,124,0.0178411610,47074864.0000000000,3
200,125,0.0179500970,47074864.0000000000,10
200,126,0.0178336430,47074864.0000000000,4
200,127,0.0178085190,47074864.0000000000,0
200,128,0.0179043290,47074864.0000000000,5
200,129,0.0178301590,47074864.0000000000,3
200,130,0.0178316700,47074864.0000000000,4
200,131,0.0179022760,47074864.0000000000,5
200,132,0.0178536610,47074864.0000000000,11
200,133,0.0178415060,47074864.0000000000,4
200,134,0.0178218390,47074864.0000000000,4
200,135,0.0178568620,47074864.0000000000,3
200,136,0.0178154670,47074864.0000000000,6
200,137,0.0178688190,47074864.0000000000,9
200,138,0.0178260280,47074864.0000000000,6
200,139,0.0179025850,47074864.0000000000,9
200,140,0.0178829980,47074864.0000000000,10
200,141,0.0178518180,47074864.0000000000,7
200,142,0.0179142870,47074864.0000000000,8
200,143,0.0179242990,47074864.0000000000,5
200,144,0.0178132190,47074864.0000000000,3
200,145,0.0178735650,47074864.0000000000,2
200,146,0.0179154810,47074864.0000000000,5
200,147,0.0178685490,47074864.0000000000,11
200,148,0.0178866730,47074864.0000000000,8
200,149,0.0178691760,47074864.0000000000,1
200,150,0.0178704150,47074864.0000000000,8
200,151,0.0178654230,47074864.0000000000,11
200,152,0.0179061920,47074864.0000000000,5
250,0,7.7531476744,331493440.0000000000,8
250,1,7.8364085297,331386832.0000000000,11
250,2,7.9063862992,331375104.0000000000,7
250,3,7.9521941419,331673168.0000000000,5
250,4,7.9622367290,331999664.0000000000,3
250,5,7.9689660828,332354640.0000000000,4
250,6,7.9351235614,332768368.0000000000,6
250,7,7.8537439510,332804096.0000000000,10
250,8,7.7631538303,332339856.0000000000,9
250,9,10.2220100565,436416016.0000000000,1
250,10,10.2253329827,436507152.0000000000,13
250,11,10.2320390917,436506624.0000000000,4
250,12,10.2312686395,436505888.0000000000,22
250,13,10.2212809889,436517632.0000000000,23
250,14,10.2346711942,436506848.0000000000,5
250,15,10.2329441837,436509152.0000000000,9
250,16,10.2312781543,436504176.0000000000,14
250,17,10.2355497239,436419728.0000000000,15
250,18,10.2188067264,436434176.0000000000,0
250,19,10.2234491604,436509840.0000000000,16
250,20,10.2218287330,436511808.0000000000,16
250,21,10.2255449738,436509280.0000000000,25
250,22,10.2217705332,436510944.0000000000,18
250,23,10.2182033990,436509984.0000000000,0
250,24,10.2320947687,436510912.0000000000,2
250,25,10.2336583865,436507184.0000000000,15
250,26,10.2244619009,436436704.0000000000,19
250,27,10.2204659171,436433568.0000000000,17
250,28,10.2202998227,436514992.0000000000,12
250,29,10.2285287246,436508256.0000000000,14
250,30,10.2281183804,436507824.0000000000,21
250,31,10.2346182153,436511248.0000000000,20
250,32,10.2306136927,436511376.0000000000,2
250,33,10.2222002152,436513664.0000000000,1
250,34,10.2221080458,436507728.0000000000,13
250,35,10.2204053295,436434544.0000000000,24
250,36,10.2224165626,436377808.0000000000,12
250,37,10.2310085992,436520384.0000000000,3
250,38,10.2434627067,436508416.0000000000,7
250,39,10.2309630861,436502528.0000000000,27
250,40,10.2330708438,436507328.0000000000,26
250,41,10.2419475074,436506096.0000000000,10
250,42,10.2391764307,436519056.0000000000,11
250,43,10.2393237399,436516720.0000000000,8
250,44,10.2302327906,436377408.0000000000,6
250,45,2.6515129589,132114320.0000000000,21
250,46,2.6552728142,132141536.0000000000,20
250,47,2.6526030653,132142240.0000000000,25
250,48,2.6491562104,132151632.0000000000,23
250,49,2.6502556354,132147200.0000000000,17
250,50,2.6506612523,132141744.0000000000,18
250,51,2.6534062370,132140704.0000000000,22
250,52,2.6513220795,132141104.0000000000,19
250,53,2.6512188094,132114512.0000000000,24
250,54,0.6747607694,54827568.0000000000,25
250,55,0.6741342003,54827568.0000000000,24
250,56,0.6752008178,54827568.0000000000,22
250,57,0.6761592849,54827568.0000000000,27
250,58,0.6760513246,54827568.0000000000,27
250,59,0.6724540204,54827568.0000000000,23
250,60,0.6763881375,54827568.0000000000,20
250,61,0.6739023722,54827568.0000000000,26
250,62,0.6732346623,54827568.0000000000,19
250,63,0.6733287256,54827568.0000000000,26
250,64,0.6737004584,54827568.0000000000,26
250,65,0.6735588192,54827568.0000000000,26
250,66,0.6735160363,54827568.0000000000,19
250,67,0.6734172387,54827568.0000000000,21
250,68,0.6729725748,54827568.0000000000,21
250,69,0.6758520622,54827568.0000000000,20
250,70,0.6749133397,54827568.0000000000,22
250,71,0.6752119310,54827568.0000000000,22
250,72,0.6759332665,54827568.0000000000,27
250,73,0.6733382979,54827568.0000000000,26
250,74,0.6749320973,54827568.0000000000,25
250,75,0.6749280032,54827568.0000000000,25
250,76,0.6754702702,54827568.0000000000,27
250,77,0.6758130873,54827568.0000000000,20
250,78,0.6752674449,54827568.0000000000,22
250,79,0.6749708274,54827568.0000000000,25
250,80,0.6732200781,54827568.0000000000,19
250,81,0.6739215260,54827568.0000000000,24
250,82,0.6760610415,54827568.0000000000,20
250,83,0.6752695879,54827568.0000000000,22
250,84,0.6727625991,54827568.0000000000,23
250,85,0.6759506015,54827568.0000000000,27
250,86,0.6730989664,54827568.0000000000,19
250,87,0.6761614793,54827568.0000000000,20
250,88,0.6737340075,54827568.0000000000,17
250,89,0.6731509980,54827568.0000000000,26
250,90,0.6741615650,54827568.0000000000,24
250,91,0.6731649719,54827568.0000000000,21
250,92,0.6736039090,54827568.0000000000,17
250,93,0.6736119104,54827568.0000000000,18
250,94,0.6751322196,54827568.0000000000,9
250,95,0.6722650736,54827568.0000000000,23
250,96,0.6735420878,54827568.0000000000,17
250,97,0.6731984354,54827568.0000000000,18
250,98,0.6734167670,54827568.0000000000,18
250,99,0.6742041637,54827568.0000000000,24
250,100,0.6733040783,54827568.0000000000,18
250,101,0.6762381285,54827568.0000000000,10
250,102,0.6751688407,54827568.0000000000,8
250,103,0.6731186747,54827568.0000000000,6
250,104,0.6749554214,54827568.0000000000,11
250,105,0.6731809537,54827568.0000000000,17
250,106,0.6754707449,54827568.0000000000,7
250,107,0.6755001244,54827568.0000000000,27
250,108,0.6735340521,54827568.0000000000,17
250,109,0.6735236708,54827568.0000000000,18
250,110,0.6726523234,54827568.0000000000,23
250,111,0.6726175279,54827568.0000000000,23
250,112,0.6732899542,54827568.0000000000,19
250,113,0.6740081366,54827568.0000000000,24
250,114,0.6748973173,54827568.0000000000,25
250,115,0.6734770755,54827568.0000000000,21
250,116,0.6734048340,54827568.0000000000,21
250,117,0.5827802053,47074864.0000000000,3
250,118,0.5826899740,47074864.0000000000,4
250,119,0.5844305273,47074864.0000000000,9
250,120,0.5820163437,47074864.0000000000,6
250,121,0.5837024489,47074864.0000000000,7
250,122,0.5846031921,47074864.0000000000,10
250,123,0.5837500280,47074864.0000000000,7
250,124,0.5832039075,47074864.0000000000,3
250,125,0.5846514929,47074864.0000000000,10
250,126,0.5827934123,47074864.0000000000,4
250,127,0.5814992739,47074864.0000000000,0
250,128,0.5848541183,47074864.0000000000,5
250,129,0.5830131918,47074864.0000000000,3
250,130,0.5829313529,47074864.0000000000,4
250,131,0.5848704684,47074864.0000000000,5
250,132,0.5842063200,47074864.0000000000,11
250,133,0.5827426527,47074864.0000000000,4
250,134,0.5827477749,47074864.0000000000,4
250,135,0.5829163949,47074864.0000000000,3
250,136,0.5820106356,47074864.0000000000,6
250,137,0.5841818775,47074864.0000000000,9
250,138,0.5820929249,47074864.0000000000,6
250,139,0.5844215577,47074864.0000000000,9
250,140,0.5844906343,47074864.0000000000,10
250,141,0.5837151107,47074864.0000000000,7
250,142,0.5844953937,47074864.0000000000,8
250,143,0.5848386725,47074864.0000000000,5
250,144,0.5830756505,47074864.0000000000,3
250,145,0.5836455480,47074864.0000000000,2
250,146,0.5848347606,47074864.0000000000,5
250,147,0.5838220779,47074864.0000000000,11
250,148,0.5844203853,47074864.0000000000,8
250,149,0.5824280795,47074864.0000000000,1
250,150,0.5841257674,47074864.0000000000,8
250,151,0.5836208273,47074864.0000000000,11
250,152,0.5848435694,47074864.0000000000,5
300,0,0.2418254620,331099792.0000000000,8
300,1,0.2459353460,330862608.0000000000,11
300,2,0.2483919640,330963904.0000000000,7
300,3,0.2496932590,331499776.0000000000,5
300,4,0.2505465570,331980960.0000000000,3
300,5,0.2511807850,332462832.0000000000,4
300,6,0.2506838240,333167872.0000000000,6
300,7,0.2475081850,333399600.0000000000,10
300,8,0.2425554560,332664208.0000000000,9
300,9,0.3176381690,436404944.0000000000,1
300,10,0.3177895320,436503472.0000000000,13
300,11,0.3179080370,436501936.0000000000,4
300,12,0.3178505230,436513152.0000000000,22
300,13,0.3176350350,436513600.0000000000,23
300,14,0.3180374570,436507040.0000000000,5
300,15,0.3180776540,436513200.0000000000,9
300,16,0.3179173680,436502544.0000000000,14
300,17,0.3179857020,436407888.0000000000,15
300,18,0.3176047650,436424864.0000000000,0
300,19,0.3175819020,436509104.0000000000,16
300,20,0.3175453200,436511136.0000000000,16
300,21,0.3177318590,436507392.0000000000,25
300,22,0.3176516070,436511472.0000000000,18
300,23,0.3177844240,436508640.0000000000,0
300,24,0.3178441400,436512256.0000000000,2
300,25,0.3180183720,436504208.0000000000,15
300,26,0.3179263160,436427328.0000000000,19
300,27,0.3176908230,436426544.0000000000,17
300,28,0.3176377090,436511856.0000000000,12
300,29,0.3178367820,436511808.0000000000,14
300,30,0.3178615940,436508704.0000000000,21
300,31,0.3179478130,436513712.0000000000,20
300,32,0.3180134950,436508560.0000000000,2
300,33,0.3175313100,436511888.0000000000,1
300,34,0.3176136720,436511024.0000000000,13
300,35,0.3175051180,436429248.0000000000,24
300,36,0.3177208060,436351536.0000000000,12
300,37,0.3179274100,436518144.0000000000,3
300,38,0.3181616890,436509152.0000000000,7
300,39,0.3181283690,436502160.0000000000,27
300,40,0.3180416300,436511264.0000000000,26
300,41,0.3180671720,436505328.0000000000,10
300,42,0.3180882530,436513552.0000000000,11
300,43,0.3182795250,436515376.0000000000,8
300,44,0.3177048270,436353168.0000000000,6
300,45,0.0821381510,132107440.0000000000,21
300,46,0.0822636130,132144608.0000000000,20
300,47,0.0821249440,132137872.0000000000,25
300,48,0.0820625970,132151632.0000000000,23
300,49,0.0821870440,132145920.0000000000,17
300,50,0.0820785330,132140528.0000000000,18
300,51,0.0822092490,132143792.0000000000,22
300,52,0.0821688490,132140992.0000000000,19
300,53,0.0820704190,132110096.0000000000,24
300,54,0.0206188970,54827568.0000000000,25
300,55,0.0205952720,54827568.0000000000,24
300,56,0.0207006850,54827568.0000000000,22
300,57,0.0206925030,54827568.0000000000,27
300,58,0.0206993750,54827568.0000000000,27
300,59,0.0205502950,54827568.0000000000,23
300,60,0.0207348110,54827568.0000000000,20
300,61,0.0205909860,54827568.0000000000,26
300,62,0.0205752800,54827568.0000000000,19
300,63,0.0206095110,54827568.0000000000,26
300,64,0.0205665270,54827568.0000000000,26
300,65,0.0206254400,54827568.0000000000,26
300,66,0.0206380250,54827568.0000000000,19
300,67,0.0205966650,54827568.0000000000,21
300,68,0.0205999740,54827568.0000000000,21
300,69,0.0207197350,54827568.0000000000,20
300,70,0.0206980020,54827568.0000000000,22
300,71,0.0206925220,54827568.0000000000,22
300,72,0.0206398890,54827568.0000000000,27
300,73,0.0205843710,54827568.0000000000,26
300,74,0.0205903830,54827568.0000000000,25
300,75,0.0206463830,54827568.0000000000,25
300,76,0.0206788550,54827568.0000000000,27
300,77,0.0206516040,54827568.0000000000,20
300,78,0.0207051150,54827568.0000000000,22
300,79,0.0206526340,54827568.0000000000,25
300,80,0.0206070630,54827568.0000000000,19
300,81,0.0206362230,54827568.0000000000,24
300,82,0.0207699000,54827568.0000000000,20
300,83,0.0206744070,54827568.0000000000,22
300,84,0.0205923570,54827568.0000000000,23
300,85,0.0206522840,54827568.0000000000,27
300,86,0.0206363700,54827568.0000000000,19
300,87,0.0206671010,54827568.0000000000,20
300,88,0.0206553170,54827568.0000000000,17
300,89,0.0207149850,54827568.0000000000,26
300,90,0.0206868900,54827568.0000000000,24
300,91,0.0206446300,54827568.0000000000,21
300,92,0.0206251590,54827568.0000000000,17
300,93,0.0206520180,54827568.0000000000,18
300,94,0.0206616450,54827568.0000000000,9
300,95,0.0205840430,54827568.0000000000,23
300,96,0.0206273210,54827568.0000000000,17
300,97,0.0205939780,54827568.0000000000,18
300,98,0.0206520430,54827568.0000000000,18
300,99,0.0205701840,54827568.0000000000,24
300,100,0.0206073030,54827568.0000000000,18
300,101,0.0206724030,54827568.0000000000,10
300,102,0.0206647800,54827568.0000000000,8
300,103,0.0204846310,54827568.0000000000,6
300,104,0.0207021320,54827568.0000000000,11
300,105,0.0205758210,54827568.0000000000,17
300,106,0.0206720020,54827568.0000000000,7
300,107,0.0206608610,54827568.0000000000,27
300,108,0.0206474700,54827568.0000000000,17
300,109,0.0206319810,54827568.0000000000,18
300,110,0.0206003220,54827568.0000000000,23
300,111,0.0206048920,54827568.0000000000,23
300,112,0.0206330120,54827568.0000000000,19
300,113,0.0206281370,54827568.0000000000,24
300,114,0.0206622820,54827568.0000000000,25
300,115,0.0206209230,54827568.0000000000,21
300,116,0.0206663090,54827568.0000000000,21
300,117,0.0178329730,47074864.0000000000,3
300,118,0.0178302420,47074864.0000000000,4
300,119,0.0178848960,47074864.0000000000,9
300,120,0.0178439870,47074864.0000000000,6
300,121,0.0178724350,47074864.0000000000,7
300,122,0.0178951260,47074864.0000000000,10
300,123,0.0178933850,47074864.0000000000,7
300,124,0.0178680700,47074864.0000000000,3
300,125,0.0178819900,47074864.0000000000,10
300,126,0.0178521340,47074864.0000000000,4
300,127,0.0177916350,47074864.0000000000,0
300,128,0.0178864000,47074864.0000000000,5
300,129,0.0178562790,47074864.0000000000,3
300,130,0.0178532980,47074864.0000000000,4
300,131,0.0178772330,47074864.0000000000,5
300,132,0.0178595760,47074864.0000000000,11
300,133,0.0178508430,47074864.0000000000,4
300,134,0.0178288690,47074864.0000000000,4
300,135,0.0178343550,47074864.0000000000,3
300,136,0.0178036410,47074864.0000000000,6
300,137,0.0178534350,47074864.0000000000,9
300,138,0.0178341110,47074864.0000000000,6
300,139,0.0178977790,47074864.0000000000,9
300,140,0.0178638530,47074864.0000000000,10
300,141,0.0178488990,47074864.0000000000,7
300,142,0.0178781620,47074864.0000000000,8
300,143,0.0178664140,47074864.0000000000,5
300,144,0.0178694550,47074864.0000000000,3
300,145,0.0178556780,47074864.0000000000,2
300,146,0.0178732660,47074864.0000000000,5
300,147,0.0178851460,47074864.0000000000,11
300,148,0.0178638550,47074864.0000000000,8
300,149,0.0178279620,47074864.0000000000,1
300,150,0.0178747060,47074864.0000000000,8
300,151,0.0178521090,47074864.0000000000,11
300,152,0.0178748770,47074864.0000000000,5
350,0,7.8020931091,330616160.0000000000,8
350,1,7.9391844743,330224592.0000000000,11
350,2,8.0336016003,330495344.0000000000,7
350,3,8.0809787104,331339216.0000000000,5
350,4,8.1110467448,331941776.0000000000,3
350,5,8.1242053225,332543696.0000000000,4
350,6,8.1217203547,333642192.0000000000,6
350,7,8.0023836549,334204320.0000000000,10
350,8,7.8338603315,333101904.0000000000,9
350,9,10.2222376024,436391824.0000000000,1
350,10,10.2253727155,436505168.0000000000,13
350,11,10.2317611618,436501408.0000000000,4
350,12,10.2314473743,436513840.0000000000,22
350,13,10.2229913105,436512432.0000000000,23
350,14,10.2342442339,436509904.0000000000,5
350,15,10.2334237195,436511696.0000000000,9
350,16,10.2315216819,436504992.0000000000,14
350,17,10.2348913507,436393488.0000000000,15
350,18,10.2186537780,436418624.0000000000,0
350,19,10.2232412275,436508064.0000000000,16
350,20,10.2218619436,436510480.0000000000,16
350,21,10.2251482915,436507216.0000000000,25
350,22,10.2220860917,436509696.0000000000,18
350,23,10.2197658233,436509456.0000000000,0
350,24,10.2319477282,436514192.0000000000,2
350,25,10.2328385114,436513152.0000000000,15
350,26,10.2235573768,436416864.0000000000,19
350,27,10.2208376648,436417632.0000000000,17
350,28,10.2196832005,436512256.0000000000,12
350,29,10.2286630682,436510800.0000000000,14
350,30,10.2276084427,436512928.0000000000,21
350,31,10.2357149980,436512752.0000000000,20
350,32,10.2316993373,436508544.0000000000,2
350,33,10.2215938414,436513152.0000000000,1
350,34,10.2217177083,436509152.0000000000,13
350,35,10.2199958826,436422624.0000000000,24
350,36,10.2210368607,436331744.0000000000,12
350,37,10.2311600204,436519440.0000000000,3
350,38,10.2427101118,436511360.0000000000,7
350,39,10.2319764425,436499760.0000000000,27
350,40,10.2331920378,436511216.0000000000,26
350,41,10.2425015313,436506336.0000000000,10
350,42,10.2403542859,436513024.0000000000,11
350,43,10.2398815470,436517792.0000000000,8
350,44,10.2296761067,436326608.0000000000,6
350,45,2.6514169769,132097408.0000000000,21
350,46,2.6551467132,132146240.0000000000,20
350,47,2.6518643442,132138448.0000000000,25
350,48,2.6497015919,132152416.0000000000,23
350,49,2.6502958661,132148448.0000000000,17
350,50,2.6504831811,132136272.0000000000,18
350,51,2.6533302476,132144304.0000000000,22
350,52,2.6506413205,132139040.0000000000,19
350,53,2.6507682262,132108016.0000000000,24
350,54,0.6745104725,54827568.0000000000,25
350,55,0.6740584876,54827568.0000000000,24
350,56,0.6754622837,54827568.0000000000,22
350,57,0.6764111744,54827568.0000000000,27
350,58,0.6755413433,54827568.0000000000,27
350,59,0.6726540822,54827568.0000000000,23
350,60,0.6761682465,54827568.0000000000,20
350,61,0.6736555541,54827568.0000000000,26
350,62,0.6731766130,54827568.0000000000,19
350,63,0.6735528378,54827568.0000000000,26
350,64,0.6733643183,54827568.0000000000,26
350,65,0.6732234757,54827568.0000000000,26
350,66,0.6734968256,54827568.0000000000,19
350,67,0.6733780769,54827568.0000000000,21
350,68,0.6730686324,54827568.0000000000,21
350,69,0.6758236519,54827568.0000000000,20
350,70,0.6753235917,54827568.0000000000,22
350,71,0.6752718505,54827568.0000000000,22
350,72,0.6760296012,54827568.0000000000,27
350,73,0.6736111253,54827568.0000000000,26
350,74,0.6751177919,54827568.0000000000,25
350,75,0.6750339570,54827568.0000000000,25
350,76,0.6756526268,54827568.0000000000,27
350,77,0.6758832046,54827568.0000000000,20
350,78,0.6754558588,54827568.0000000000,22
350,79,0.6751886676,54827568.0000000000,25
350,80,0.6735754006,54827568.0000000000,19
350,81,0.6736250968,54827568.0000000000,24
350,82,0.6763594628,54827568.0000000000,20
350,83,0.6754014809,54827568.0000000000,22
350,84,0.6724363804,54827568.0000000000,23
350,85,0.6757270818,54827568.0000000000,27
350,86,0.6733890681,54827568.0000000000,19
350,87,0.6763424591,54827568.0000000000,20
350,88,0.6735649845,54827568.0000000000,17
350,89,0.6732992202,54827568.0000000000,26
350,90,0.6741826352,54827568.0000000000,24
350,91,0.6728239094,54827568.0000000000,21
350,92,0.6734546592,54827568.0000000000,17
350,93,0.6735827299,54827568.0000000000,18
350,94,0.6749188327,54827568.0000000000,9
350,95,0.6723195489,54827568.0000000000,23
350,96,0.6734447592,54827568.0000000000,17
350,97,0.6735984345,54827568.0000000000,18
350,98,0.6737921889,54827568.0000000000,18
350,99,0.6738973256,54827568.0000000000,24
350,100,0.6735442335,54827568.0000000000,18
350,101,0.6760357806,54827568.0000000000,10
350,102,0.6755847532,54827568.0000000000,8
350,103,0.6732570935,54827568.0000000000,6
350,104,0.6748057216,54827568.0000000000,11
350,105,0.6734637198,54827568.0000000000,17
350,106,0.6750901683,54827568.0000000000,7
350,107,0.6754724881,54827568.0000000000,27
350,108,0.6733846731,54827568.0000000000,17
350,109,0.6732916715,54827568.0000000000,18
350,110,0.6728551787,54827568.0000000000,23
350,111,0.6725623432,54827568.0000000000,23
350,112,0.6733006805,54827568.0000000000,19
350,113,0.6737722786,54827568.0000000000,24
350,114,0.6747193290,54827568.0000000000,25
350,115,0.6736575107,54827568.0000000000,21
350,116,0.6730599846,54827568.0000000000,21
350,117,0.5828887472,47074864.0000000000,3
350,118,0.5826073476,47074864.0000000000,4
350,119,0.5846934973,47074864.0000000000,9
350,120,0.5821133506,47074864.0000000000,6
350,121,0.5839588125,47074864.0000000000,7
350,122,0.5845207690,47074864.0000000000,10
350,123,0.5837148643,47074864.0000000000,7
350,124,0.5831362418,47074864.0000000000,3
350,125,0.5844294594,47074864.0000000000,10
350,126,0.5826854141,47074864.0000000000,4
350,127,0.5814523159,47074864.0000000000,0
350,128,0.5847581571,47074864.0000000000,5
350,129,0.5831946147,47074864.0000000000,3
350,130,0.5828042021,47074864.0000000000,4
350,131,0.5849139882,47074864.0000000000,5
350,132,0.5838667761,47074864.0000000000,11
350,133,0.5827250718,47074864.0000000000,4
350,134,0.5826613159,47074864.0000000000,4
350,135,0.5829458873,47074864.0000000000,3
350,136,0.5820840208,47074864.0000000000,6
350,137,0.5843221308,47074864.0000000000,9
350,138,0.5821154196,47074864.0000000000,6
350,139,0.5845853090,47074864.0000000000,9
350,140,0.5844497007,47074864.0000000000,10
350,141,0.5838206493,47074864.0000000000,7
350,142,0.5843395323,47074864.0000000000,8
350,143,0.5848253670,47074864.0000000000,5
350,144,0.5830638497,47074864.0000000000,3
350,145,0.5834523551,47074864.0000000000,2
350,146,0.5850160710,47074864.0000000000,5
350,147,0.5838133145,47074864.0000000000,11
350,148,0.5844185909,47074864.0000000000,8
350,149,0.5821676281,47074864.0000000000,1
350,150,0.5843683766,47074864.0000000000,8
350,151,0.5837621700,47074864.0000000000,11
350,152,0.5848508818,47074864.0000000000,5
400,0,0.2430080550,329978704.0000000000,8
400,1,0.2481765040,329365216.0000000000,11
400,2,0.2515858040,329882112.0000000000,7
400,3,0.2539133200,331160864.0000000000,5
400,4,0.2551299900,331891344.0000000000,3
400,5,0.2555406730,332602112.0000000000,4
400,6,0.2560881310,334179568.0000000000,6
400,7,0.2521849330,335236624.0000000000,10
400,8,0.2455729390,333632336.0000000000,9
400,9,0.3176838030,436377376.0000000000,1
400,10,0.3179967730,436506848.0000000000,13
400,11,0.3179241060,436502464.0000000000,4
400,12,0.3180312150,436513152.0000000000,22
400,13,0.3174970810,436520128.0000000000,23
400,14,0.3180424540,436510736.0000000000,5
400,15,0.3179278450,436512224.0000000000,9
400,16,0.3180205970,436505680.0000000000,14
400,17,0.3179811520,436379056.0000000000,15
400,18,0.3175326490,436408784.0000000000,0
400,19,0.3176323130,436513648.0000000000,16
400,20,0.3177602370,436512816.0000000000,16
400,21,0.3177183700,436507920.0000000000,25
400,22,0.3176054140,436509104.0000000000,18
400,23,0.3175557350,436508464.0000000000,0
400,24,0.3180793590,436512800.0000000000,2
400,25,0.3179559610,436513488.0000000000,15
400,26,0.3178111720,436412816.0000000000,19
400,27,0.3175821460,436412208.0000000000,17
400,28,0.3176189810,436512176.0000000000,12
400,29,0.3180154960,436506608.0000000000,14
400,30,0.3178177330,436511344.0000000000,21
400,31,0.3179185070,436506464.0000000000,20
400,32,0.3178932100,436512336.0000000000,2
400,33,0.3175768680,436511040.0000000000,1
400,34,0.3176925620,436508448.0000000000,13
400,35,0.3175247060,436415168.0000000000,24
400,36,0.3176355430,436305184.0000000000,12
400,37,0.3179247010,436517216.0000000000,3
400,38,0.3182962740,436511056.0000000000,7
400,39,0.3178686620,436504512.0000000000,27
400,40,0.3178666900,436513600.0000000000,26
400,41,0.3182510730,436503200.0000000000,10
400,42,0.3180991350,436517088.0000000000,11
400,43,0.3182341100,436511120.0000000000,8
400,44,0.3178525970,436302304.0000000000,6
400,45,0.0820968610,132091280.0000000000,21
400,46,0.0821890700,132147936.0000000000,20
400,47,0.0823451560,132141920.0000000000,25
400,48,0.0822735330,132150848.0000000000,23
400,49,0.0820317190,132147568.0000000000,17
400,50,0.0821591130,132136928.0000000000,18
400,51,0.0820925010,132146464.0000000000,22
400,52,0.0821119850,132139888.0000000000,19
400,53,0.0820450040,132102832.0000000000,24
400,54,0.0206329750,54827568.0000000000,25
400,55,0.0206279850,54827568.0000000000,24
400,56,0.0206841820,54827568.0000000000,22
400,57,0.0206591050,54827568.0000000000,27
400,58,0.0206905280,54827568.0000000000,27
400,59,0.0205897790,54827568.0000000000,23
400,60,0.0206911140,54827568.0000000000,20
400,61,0.0206465710,54827568.0000000000,26
400,62,0.0206316190,54827568.0000000000,19
400,63,0.0205848130,54827568.0000000000,26
400,64,0.0206374830,54827568.0000000000,26
400,65,0.0206378830,54827568.0000000000,26
400,66,0.0205721650,54827568.0000000000,19
400,67,0.0206366780,54827568.0000000000,21
400,68,0.0206051690,54827568.0000000000,21
400,69,0.0207175160,54827568.0000000000,20
400,70,0.0206284030,54827568.0000000000,22
400,71,0.0207104030,54827568.0000000000,22
400,72,0.0206539660,54827568.0000000000,27
400,73,0.0206902160,54827568.0000000000,26
400,74,0.0206605370,54827568.0000000000,25
400,75,0.0206402380,54827568.0000000000,25
400,76,0.0206647050,54827568.0000000000,27
400,77,0.0207194090,54827568.0000000000,20
400,78,0.0207050730,54827568.0000000000,22
400,79,0.0206729230,54827568.0000000000,25
400,80,0.0205414660,54827568.0000000000,19
400,81,0.0206278330,54827568.0000000000,24
400,82,0.0206871970,54827568.0000000000,20
400,83,0.0206609860,54827568.0000000000,22
400,84,0.0206027250,54827568.0000000000,23
400,85,0.0206998130,54827568.0000000000,27
400,86,0.0206249370,54827568.0000000000,19
400,87,0.0207333680,54827568.0000000000,20
400,88,0.0206407470,54827568.0000000000,17
400,89,0.0205374400,54827568.0000000000,26
400,90,0.0206573330,54827568.0000000000,24
400,91,0.0205673440,54827568.0000000000,21
400,92,0.0206085560,54827568.0000000000,17
400,93,0.0206536320,54827568.0000000000,18
400,94,0.0206685660,54827568.0000000000,9
400,95,0.0205796710,54827568.0000000000,23
400,96,0.0206340570,54827568.0000000000,17
400,97,0.0205834680,54827568.0000000000,18
400,98,0.0206260070,54827568.0000000000,18
400,99,0.0205616680,54827568.0000000000,24
400,100,0.0206320210,54827568.0000000000,18
400,101,0.0206788190,54827568.0000000000,10
400,102,0.0206778950,54827568.0000000000,8
400,103,0.0206038400,54827568.0000000000,6
400,104,0.0206567330,54827568.0000000000,11
400,105,0.0206083170,54827568.0000000000,17
400,106,0.0207115270,54827568.0000000000,7
400,107,0.0206861080,54827568.0000000000,27
400,108,0.0206005990,54827568.0000000000,17
400,109,0.0205490820,54827568.0000000000,18
400,110,0.0206196460,54827568.0000000000,23
400,111,0.0205793590,54827568.0000000000,23
400,112,0.0206310500,54827568.0000000000,19
400,113,0.0206442350,54827568.0000000000,24
400,114,0.0206834420,54827568.0000000000,25
400,115,0.0205535510,54827568.0000000000,21
400,116,0.0205929450,54827568.0000000000,21
400,117,0.0178632470,47074864.0000000000,3
400,118,0.0178197090,47074864.0000000000,4
400,119,0.0178994150,47074864.0000000000,9
400,120,0.0177974760,47074864.0000000000,6
400,121,0.0178942760,47074864.0000000000,7
400,122,0.0179024720,47074864.0000000000,10
400,123,0.0178436160,47074864.0000000000,7
400,124,0.0178124170,47074864.0000000000,3
400,125,0.0178931410,47074864.0000000000,10
400,126,0.0178156020,47074864.0000000000,4
400,127,0.0177843630,47074864.0000000000,0
400,128,0.0178998040,47074864.0000000000,5
400,129,0.0178512620,47074864.0000000000,3
400,130,0.0177891210,47074864.0000000000,4
400,131,0.0179090230,47074864.0000000000,5
400,132,0.0178754500,47074864.0000000000,11
400,133,0.0178385570,47074864.0000000000,4
400,134,0.0178230160,47074864.0000000000,4
400,135,0.0178492370,47074864.0000000000,3
400,136,0.0178003720,47074864.0000000000,6
400,137,0.0178647080,47074864.0000000000,9
400,138,0.0177962950,47074864.0000000000,6
400,139,0.0178995640,47074864.0000000000,9
400,140,0.0179314570,47074864.0000000000,10
400,141,0.0178848160,47074864.0000000000,7
400,142,0.0178691960,47074864.0000000000,8
400,143,0.0179295820,47074864.0000000000,5
400,144,0.0178583850,47074864.0000000000,3
400,145,0.0178656300,47074864.0000000000,2
400,146,0.0179371580,47074864.0000000000,5
400,147,0.0178973810,47074864.0000000000,11
400,148,0.0178998460,47074864.0000000000,8
400,149,0.0178445070,47074864.0000000000,1
400,150,0.0178932530,47074864.0000000000,8
400,151,0.0178774330,47074864.0000000000,11
400,152,0.0178959670,47074864.0000000000,5
450,0,7.8239042830,329336688.0000000000,8
450,1,7.9936259691,328411408.0000000000,11
450,2,8.1234092196,329204944.0000000000,7
450,3,8.2040086432,331007664.0000000000,5
450,4,8.2424622268,331840096.0000000000,3
450,5,8.2562253075,332611664.0000000000,4
450,6,8.2849942627,334810016.0000000000,6
450,7,8.1567853195,336482176.0000000000,10
450,8,7.9288388242,334235120.0000000000,9
450,9,10.2210390924,436364752.0000000000,1
450,10,10.2260389589,436512592.0000000000,13
450,11,10.2326137393,436503328.0000000000,4
450,12,10.2313771095,436513184.0000000000,22
450,13,10.2233729800,436521888.0000000000,23
450,14,10.2354237613,436509440.0000000000,5
450,15,10.2326414349,436512464.0000000000,9
450,16,10.2321568237,436505440.0000000000,14
450,17,10.2347071615,436371024.0000000000,15
450,18,10.2179294001,436405952.0000000000,0
450,19,10.2233079857,436511728.0000000000,16
450,20,10.2223790052,436513264.0000000000,16
450,21,10.2258747031,436511312.0000000000,25
450,22,10.2219416315,436509184.0000000000,18
450,23,10.2188866323,436510160.0000000000,0
450,24,10.2324584503,436508656.0000000000,2
450,25,10.2334990370,436512592.0000000000,15
450,26,10.2238038381,436410992.0000000000,19
450,27,10.2204900931,436408048.0000000000,17
450,28,10.2202178934,436511808.0000000000,12
450,29,10.2288068517,436508960.0000000000,14
450,30,10.2281721125,436509120.0000000000,21
450,31,10.2358961499,436509520.0000000000,20
450,32,10.2320951849,436514080.0000000000,2
450,33,10.2222190511,436509728.0000000000,1
450,34,10.2216869953,436509968.0000000000,13
450,35,10.2196123886,436412144.0000000000,24
450,36,10.2212352968,436278016.0000000000,12
450,37,10.2309242484,436518656.0000000000,3
450,38,10.2427445734,436509664.0000000000,7
450,39,10.2308517580,436503088.0000000000,27
450,40,10.2336884212,436516128.0000000000,26
450,41,10.2420001621,436502736.0000000000,10
450,42,10.2414859083,436520000.0000000000,11
450,43,10.2396231532,436507760.0000000000,8
450,44,10.2285346983,436279856.0000000000,6
450,45,2.6510156060,132086784.0000000000,21
450,46,2.6556909897,132147664.0000000000,20
450,47,2.6523648328,132141648.0000000000,25
450,48,2.6495434731,132153872.0000000000,23
450,49,2.6500680564,132146768.0000000000,17
450,50,2.6499599874,132137392.0000000000,18
450,51,2.6532189287,132142880.0000000000,22
450,52,2.6509475915,132139296.0000000000,19
450,53,2.6502795143,132097392.0000000000,24
450,54,0.6746764247,54827568.0000000000,25
450,55,0.6742004446,54827568.0000000000,24
450,56,0.6750990579,54827568.0000000000,22
450,57,0.6763322487,54827568.0000000000,27
450,58,0.6759994877,54827568.0000000000,27
450,59,0.6725760187,54827568.0000000000,23
450,60,0.6760730168,54827568.0000000000,20
450,61,0.6738072997,54827568.0000000000,26
450,62,0.6731759696,54827568.0000000000,19
450,63,0.6732778727,54827568.0000000000,26
450,64,0.6734737302,54827568.0000000000,26
450,65,0.6736350175,54827568.0000000000,26
450,66,0.6735549104,54827568.0000000000,19
450,67,0.6734334551,54827568.0000000000,21
450,68,0.6732604267,54827568.0000000000,21
450,69,0.6762189960,54827568.0000000000,20
450,70,0.6748782137,54827568.0000000000,22
450,71,0.6754203484,54827568.0000000000,22
450,72,0.6756987487,54827568.0000000000,27
450,73,0.6735650080,54827568.0000000000,26
450,74,0.6750109478,54827568.0000000000,25
450,75,0.6749438098,54827568.0000000000,25
450,76,0.6758297187,54827568.0000000000,27
450,77,0.6761698450,54827568.0000000000,20
450,78,0.6756263637,54827568.0000000000,22
450,79,0.6751452514,54827568.0000000000,25
450,80,0.6733292908,54827568.0000000000,19
450,81,0.6743325821,54827568.0000000000,24
450,82,0.6759835363,54827568.0000000000,20
450,83,0.6755800535,54827568.0000000000,22
450,84,0.6722186807,54827568.0000000000,23
450,85,0.6760545597,54827568.0000000000,27
450,86,0.6732998220,54827568.0000000000,19
450,87,0.6762801319,54827568.0000000000,20
450,88,0.6737499371,54827568.0000000000,17
450,89,0.6733892734,54827568.0000000000,26
450,90,0.6738802599,54827568.0000000000,24
450,91,0.6729479414,54827568.0000000000,21
450,92,0.6738290899,54827568.0000000000,17
450,93,0.6737350569,54827568.0000000000,18
450,94,0.6748529303,54827568.0000000000,9
450,95,0.6724667477,54827568.0000000000,23
450,96,0.6736686501,54827568.0000000000,17
450,97,0.6735090623,54827568.0000000000,18
450,98,0.6736741341,54827568.0000000000,18
450,99,0.6737323297,54827568.0000000000,24
450,100,0.6732165057,54827568.0000000000,18
450,101,0.6761320055,54827568.0000000000,10
450,102,0.6759717322,54827568.0000000000,8
450,103,0.6731649369,54827568.0000000000,6
450,104,0.6749795628,54827568.0000000000,11
450,105,0.6733245159,54827568.0000000000,17
450,106,0.6752167625,54827568.0000000000,7
450,107,0.6758922553,54827568.0000000000,27
450,108,0.6734077497,54827568.0000000000,17
450,109,0.6729026970,54827568.0000000000,18
450,110,0.6728026296,54827568.0000000000,23
450,111,0.6726386011,54827568.0000000000,23
450,112,0.6733503718,54827568.0000000000,19
450,113,0.6739440157,54827568.0000000000,24
450,114,0.6748476249,54827568.0000000000,25
450,115,0.6734418692,54827568.0000000000,21
450,116,0.6731614147,54827568.0000000000,21
450,117,0.5828903413,47074864.0000000000,3
450,118,0.5826041821,47074864.0000000000,4
450,119,0.5846631537,47074864.0000000000,9
450,120,0.5820220234,47074864.0000000000,6
450,121,0.5839101928,47074864.0000000000,7
450,122,0.5844996137,47074864.0000000000,10
450,123,0.5836277315,47074864.0000000000,7
450,124,0.5830060495,47074864.0000000000,3
450,125,0.5841906545,47074864.0000000000,10
450,126,0.5824983481,47074864.0000000000,4
450,127,0.5815509520,47074864.0000000000,0
450,128,0.5847604010,47074864.0000000000,5
450,129,0.5829678844,47074864.0000000000,3
450,130,0.5826979539,47074864.0000000000,4
450,131,0.5849096950,47074864.0000000000,5
450,132,0.5839810156,47074864.0000000000,11
450,133,0.5826609912,47074864.0000000000,4
450,134,0.5826030825,47074864.0000000000,4
450,135,0.5826428251,47074864.0000000000,3
450,136,0.5820747805,47074864.0000000000,6
450,137,0.5845087352,47074864.0000000000,9
450,138,0.5820063331,47074864.0000000000,6
450,139,0.5845616688,47074864.0000000000,9
450,140,0.5843651469,47074864.0000000000,10
450,141,0.5838066814,47074864.0000000000,7
450,142,0.5842721003,47074864.0000000000,8
450,143,0.5847984441,47074864.0000000000,5
450,144,0.5829737552,47074864.0000000000,3
450,145,0.5835909213,47074864.0000000000,2
450,146,0.5849375812,47074864.0000000000,5
450,147,0.5840050243,47074864.0000000000,11
450,148,0.5843138856,47074864.0000000000,8
450,149,0.5821249853,47074864.0000000000,1
450,150,0.5845358798,47074864.0000000000,8
450,151,0.5839042644,47074864.0000000000,11
450,152,0.5847856528,47074864.0000000000,5
500,0,0.2429706280,328619632.0000000000,8
500,1,0.2483040280,327264768.0000000000,11
500,2,0.2530970850,328334432.0000000000,7
500,3,0.2568149490,330867904.0000000000,5
500,4,0.2577310020,331766224.0000000000,3
500,5,0.2583306610,332558336.0000000000,4
500,6,0.2604871570,335590432.0000000000,6
500,7,0.2569500500,337888336.0000000000,10
500,8,0.2478665830,334841824.0000000000,9
500,9,0.3175048670,436357328.0000000000,1
500,10,0.3176797720,436512256.0000000000,13
500,11,0.3180508810,436506832.0000000000,4
500,12,0.3179347720,436506880.0000000000,22
500,13,0.3177860350,436518624.0000000000,23
500,14,0.3179927690,436509072.0000000000,5
500,15,0.3180746950,436515296.0000000000,9
500,16,0.3178906670,436500048.0000000000,14
500,17,0.3180548220,436364048.0000000000,15
500,18,0.3174488410,436402240.0000000000,0
500,19,0.3175830480,436511280.0000000000,16
500,20,0.3176913860,436512656.0000000000,16
500,21,0.3176785900,436506352.0000000000,25
500,22,0.3176379610,436510912.0000000000,18
500,23,0.3176284470,436510576.0000000000,0
500,24,0.3179272970,436508448.0000000000,2
500,25,0.3179853290,436508368.0000000000,15
500,26,0.3177057070,436411728.0000000000,19
500,27,0.3178468280,436403200.0000000000,17
500,28,0.3174926170,436510128.0000000000,12
500,29,0.3178355420,436511728.0000000000,14
500,30,0.3177667890,436511248.0000000000,21
500,31,0.3180754050,436512048.0000000000,20
500,32,0.3181239280,436507488.0000000000,2
500,33,0.3176688640,436509392.0000000000,1
500,34,0.3177237070,436514064.0000000000,13
500,35,0.3175877640,436401184.0000000000,24
500,36,0.3175605100,436255760.0000000000,12
500,37,0.3178550760,436513376.0000000000,3
500,38,0.3182524830,436507968.0000000000,7
500,39,0.3179373710,436501200.0000000000,27
500,40,0.3179476030,436517952.0000000000,26
500,41,0.3184198540,436506912.0000000000,10
500,42,0.3184468060,436518464.0000000000,11
500,43,0.3180115040,436509440.0000000000,8
500,44,0.3177893040,436254944.0000000000,6
500,45,0.0820918940,132080752.0000000000,21
500,46,0.0822402280,132150608.0000000000,20
500,47,0.0821412310,132143712.0000000000,25
500,48,0.0823407940,132157520.0000000000,23
500,49,0.0822132070,132140944.0000000000,17
500,50,0.0820477250,132137264.0000000000,18
500,51,0.0821496110,132146384.0000000000,22
500,52,0.0821332340,132140064.0000000000,19
500,53,0.0821131770,132088528.0000000000,24
500,54,0.0206516910,54827568.0000000000,25
500,55,0.0205787100,54827568.0000000000,24
500,56,0.0206696350,54827568.0000000000,22
500,57,0.0206751770,54827568.0000000000,27
500,58,0.0206874100,54827568.0000000000,27
500,59,0.0206568900,54827568.0000000000,23
500,60,0.0207238890,54827568.0000000000,20
500,61,0.0206455280,54827568.0000000000,26
500,62,0.0206373810,54827568.0000000000,19
500,63,0.0206137570,54827568.0000000000,26
500,64,0.0206622500,54827568.0000000000,26
500,65,0.0206118140,54827568.0000000000,26
500,66,0.0205715230,54827568.0000000000,19
500,67,0.0206035160,54827568.0000000000,21
500,68,0.0206042690,54827568.0000000000,21
500,69,0.0206552470,54827568.0000000000,20
500,70,0.0206506270,54827568.0000000000,22
500,71,0.0206578920,54827568.0000000000,22
500,72,0.0206897130,54827568.0000000000,27
500,73,0.0206082870,54827568.0000000000,26
500,74,0.0206274620,54827568.0000000000,25
500,75,0.0206626930,54827568.0000000000,25
500,76,0.0206489570,54827568.0000000000,27
500,77,0.0207277480,54827568.0000000000,20
500,78,0.0207153140,54827568.0000000000,22
500,79,0.0206536950,54827568.0000000000,25
500,80,0.0206312520,54827568.0000000000,19
500,81,0.0206247480,54827568.0000000000,24
500,82,0.0207183880,54827568.0000000000,20
500,83,0.0206256990,54827568.0000000000,22
500,84,0.0206213710,54827568.0000000000,23
500,85,0.0206240970,54827568.0000000000,27
500,86,0.0205707430,54827568.0000000000,19
500,87,0.0207322460,54827568.0000000000,20
500,88,0.0206442250,54827568.0000000000,17
500,89,0.0206527140,54827568.0000000000,26
500,90,0.0206137490,54827568.0000000000,24
500,91,0.0206249570,54827568.0000000000,21
500,92,0.0206904150,54827568.0000000000,17
500,93,0.0206448460,54827568.0000000000,18
500,94,0.0206625060,54827568.0000000000,9
500,95,0.0205592510,54827568.0000000000,23
500,96,0.0205593600,54827568.0000000000,17
500,97,0.0206338250,54827568.0000000000,18
500,98,0.0205841270,54827568.0000000000,18
500,99,0.0207089530,54827568.0000000000,24
500,100,0.0206543930,54827568.0000000000,18
500,101,0.0206852570,54827568.0000000000,10
500,102,0.0206511340,54827568.0000000000,8
500,103,0.0206456270,54827568.0000000000,6
500,104,0.0206282600,54827568.0000000000,11
500,105,0.0206316500,54827568.0000000000,17
500,106,0.0206084430,54827568.0000000000,7
500,107,0.0206953360,54827568.0000000000,27
500,108,0.0206382850,54827568.0000000000,17
500,109,0.0206375750,54827568.0000000000,18
500,110,0.0205791810,54827568.0000000000,23
500,111,0.0205795590,54827568.0000000000,23
500,112,0.0205865060,54827568.0000000000,19
500,113,0.0206215630,54827568.0000000000,24
500,114,0.0206399090,54827568.0000000000,25
500,115,0.0206423630,54827568.0000000000,21
500,116,0.0206089770,54827568.0000000000,21
500,117,0.0178330190,47074864.0000000000,3
500,118,0.0178063890,47074864.0000000000,4
500,119,0.0178602990,47074864.0000000000,9
500,120,0.0178378810,47074864.0000000000,6
500,121,0.0178863820,47074864.0000000000,7
500,122,0.0178786050,47074864.0000000000,10
500,123,0.0178414270,47074864.0000000000,7
500,124,0.0178111360,47074864.0000000000,3
500,125,0.0178884020,47074864.0000000000,10
500,126,0.0178360660,47074864.0000000000,4
500,127,0.0178510920,47074864.0000000000,0
500,128,0.0179103010,47074864.0000000000,5
500,129,0.0178434480,47074864.0000000000,3
500,130,0.0178738190,47074864.0000000000,4
500,131,0.0179227340,47074864.0000000000,5
500,132,0.0179001050,47074864.0000000000,11
500,133,0.0178399420,47074864.0000000000,4
500,134,0.0178551850,47074864.0000000000,4
500,135,0.0178157550,47074864.0000000000,3
500,136,0.0178105660,47074864.0000000000,6
500,137,0.0178764690,47074864.0000000000,9
500,138,0.0178046550,47074864.0000000000,6
500,139,0.0178980120,47074864.0000000000,9
500,140,0.0179069090,47074864.0000000000,10
500,141,0.0178795610,47074864.0000000000,7
500,142,0.0178732320,47074864.0000000000,8
500,143,0.0178896080,47074864.0000000000,5
500,144,0.0178138100,47074864.0000000000,3
500,145,0.0178702310,47074864.0000000000,2
500,146,0.0178876960,47074864.0000000000,5
500,147,0.0178845440,47074864.0000000000,11
500,148,0.0178930510,47074864.0000000000,8
500,149,0.0178434600,47074864.0000000000,1
500,150,0.0179053160,47074864.0000000000,8
500,151,0.0178875110,47074864.0000000000,11
500,152,0.0179028070,47074864.0000000000,5
550,0,7.8015974533,327992560.0000000000,8
550,1,7.9678150141,326173072.0000000000,11
550,2,8.1473430522,327331408.0000000000,7
550,3,8.2816541361,330753136.0000000000,5
550,4,8.3168644543,331699968.0000000000,3
550,5,8.3340466509,332439952.0000000000,4
550,6,8.4129927357,336645136.0000000000,6
550,7,8.2928893712,339336496.0000000000,10
550,8,7.9888646066,335409104.0000000000,9
550,9,10.2217152623,436348400.0000000000,1
550,10,10.2250784466,436510672.0000000000,13
550,11,10.2321255152,436509968.0000000000,4
550,12,10.2314875671,436506336.0000000000,22
550,13,10.2234035820,436510752.0000000000,23
550,14,10.2347858495,436510512.0000000000,5
550,15,10.2342061137,436516624.0000000000,9
550,16,10.2327323394,436503040.0000000000,14
550,17,10.2335599069,436351392.0000000000,15
550,18,10.2172102002,436402128.0000000000,0
550,19,10.2227224529,436509744.0000000000,16
550,20,10.2215020945,436510576.0000000000,16
550,21,10.2251366864,436507952.0000000000,25
550,22,10.2220006379,436511536.0000000000,18
550,23,10.2191292588,436509760.0000000000,0
550,24,10.2325960921,436506784.0000000000,2
550,25,10.2336282020,436511568.0000000000,15
550,26,10.2239782320,436403424.0000000000,19
550,27,10.2221209250,436399568.0000000000,17
550,28,10.2203671673,436509792.0000000000,12
550,29,10.2275380027,436510976.0000000000,14
550,30,10.2278850646,436507184.0000000000,21
550,31,10.2355839144,436509136.0000000000,20
550,32,10.2318012762,436508064.0000000000,2
550,33,10.2211703941,436512480.0000000000,1
550,34,10.2217592425,436512592.0000000000,13
550,35,10.2199237657,436400944.0000000000,24
550,36,10.2203960439,436232016.0000000000,12
550,37,10.2302417541,436519408.0000000000,3
550,38,10.2423837835,436508112.0000000000,7
550,39,10.2313955221,436506288.0000000000,27
550,40,10.2331083296,436520656.0000000000,26
550,41,10.2419446964,436507040.0000000000,10
550,42,10.2414308392,436515280.0000000000,11
550,43,10.2390312569,436506768.0000000000,8
550,44,10.2271057061,436234448.0000000000,6
550,45,2.6514332132,132075488.0000000000,21
550,46,2.6555838906,132150112.0000000000,20
550,47,2.6528011983,132145008.0000000000,25
550,48,2.6497662716,132153872.0000000000,23
550,49,2.6518151875,132140048.0000000000,17
550,50,2.6503864122,132139488.0000000000,18
550,51,2.6531609114,132146016.0000000000,22
550,52,2.6514131349,132142976.0000000000,19
550,53,2.6511730419,132081824.0000000000,24
550,54,0.6752045052,54827568.0000000000,25
550,55,0.6742210222,54827568.0000000000,24
550,56,0.6754493893,54827568.0000000000,22
550,57,0.6761278806,54827568.0000000000,27
550,58,0.6757113768,54827568.0000000000,27
550,59,0.6727398540,54827568.0000000000,23
550,60,0.6763161936,54827568.0000000000,20
550,61,0.6734669237,54827568.0000000000,26
550,62,0.6734508704,54827568.0000000000,19
550,63,0.6734538224,54827568.0000000000,26
550,64,0.6734664697,54827568.0000000000,26
550,65,0.6732085128,54827568.0000000000,26
550,66,0.6735682293,54827568.0000000000,19
550,67,0.6729866659,54827568.0000000000,21
550,68,0.6733107896,54827568.0000000000,21
550,69,0.6760548371,54827568.0000000000,20
550,70,0.6752713383,54827568.0000000000,22
550,71,0.6753795291,54827568.0000000000,22
550,72,0.6759292071,54827568.0000000000,27
550,73,0.6735097354,54827568.0000000000,26
550,74,0.6749589929,54827568.0000000000,25
550,75,0.6749302532,54827568.0000000000,25
550,76,0.6758573246,54827568.0000000000,27
550,77,0.6761705198,54827568.0000000000,20
550,78,0.6756503396,54827568.0000000000,22
550,79,0.6752538388,54827568.0000000000,25
550,80,0.6735883042,54827568.0000000000,19
550,81,0.6742744990,54827568.0000000000,24
550,82,0.6762552544,54827568.0000000000,20
550,83,0.6751253314,54827568.0000000000,22
550,84,0.6726455712,54827568.0000000000,23
550,85,0.6758528790,54827568.0000000000,27
550,86,0.6731800509,54827568.0000000000,19
550,87,0.6761122396,54827568.0000000000,20
550,88,0.6738190669,54827568.0000000000,17
550,89,0.6735626062,54827568.0000000000,26
550,90,0.6739312861,54827568.0000000000,24
550,91,0.6734159628,54827568.0000000000,21
550,92,0.6736257731,54827568.0000000000,17
550,93,0.6735693295,54827568.0000000000,18
550,94,0.6749207292,54827568.0000000000,9
550,95,0.6725537687,54827568.0000000000,23
550,96,0.6734366849,54827568.0000000000,17
550,97,0.6734831496,54827568.0000000000,18
550,98,0.6736942520,54827568.0000000000,18
550,99,0.6738478634,54827568.0000000000,24
550,100,0.6735332593,54827568.0000000000,18
550,101,0.6758883476,54827568.0000000000,10
550,102,0.6761235852,54827568.0000000000,8
550,103,0.6730525432,54827568.0000000000,6
550,104,0.6751876948,54827568.0000000000,11
550,105,0.6734007994,54827568.0000000000,17
550,106,0.6752461820,54827568.0000000000,7
550,107,0.6755788267,54827568.0000000000,27
550,108,0.6734962527,54827568.0000000000,17
550,109,0.6732827720,54827568.0000000000,18
550,110,0.6722585071,54827568.0000000000,23
550,111,0.6726140296,54827568.0000000000,23
550,112,0.6734645006,54827568.0000000000,19
550,113,0.6739956613,54827568.0000000000,24
550,114,0.6745396068,54827568.0000000000,25
550,115,0.6734704135,54827568.0000000000,21
550,116,0.6731395725,54827568.0000000000,21
550,117,0.5828336860,47074864.0000000000,3
550,118,0.5828612902,47074864.0000000000,4
550,119,0.5848330039,47074864.0000000000,9
550,120,0.5822265020,47074864.0000000000,6
550,121,0.5837989012,47074864.0000000000,7
550,122,0.5844334072,47074864.0000000000,10
550,123,0.5837139626,47074864.0000000000,7
550,124,0.5830674289,47074864.0000000000,3
550,125,0.5845566637,47074864.0000000000,10
550,126,0.5827461946,47074864.0000000000,4
550,127,0.5814908541,47074864.0000000000,0
550,128,0.5849157780,47074864.0000000000,5
550,129,0.5832201159,47074864.0000000000,3
550,130,0.5828323286,47074864.0000000000,4
550,131,0.5849019961,47074864.0000000000,5
550,132,0.5839868671,47074864.0000000000,11
550,133,0.5825838865,47074864.0000000000,4
550,134,0.5827205071,47074864.0000000000,4
550,135,0.5831837398,47074864.0000000000,3
550,136,0.5820939576,47074864.0000000000,6
550,137,0.5843695846,47074864.0000000000,9
550,138,0.5820229703,47074864.0000000000,6
550,139,0.5844014123,47074864.0000000000,9
550,140,0.5846883937,47074864.0000000000,10
550,141,0.5837653541,47074864.0000000000,7
550,142,0.5841766004,47074864.0000000000,8
550,143,0.5846444218,47074864.0000000000,5
550,144,0.5830849510,47074864.0000000000,3
550,145,0.5837433649,47074864.0000000000,2
550,146,0.5848969201,47074864.0000000000,5
550,147,0.5835963252,47074864.0000000000,11
550,148,0.5844036259,47074864.0000000000,8
550,149,0.5823709367,47074864.0000000000,1
550,150,0.5843106541,47074864.0000000000,8
550,151,0.5837529733,47074864.0000000000,11
550,152,0.5847625941,47074864.0000000000,5
600,0,0.2421880660,327405344.0000000000,8
600,1,0.2466221410,325038592.0000000000,11
600,2,0.2523562730,325953120.0000000000,7
600,3,0.2587116740,330607072.0000000000,5
600,4,0.2596633050,331605584.0000000000,3
600,5,0.2605167510,332280112.0000000000,4
600,6,0.2641512970,338050288.0000000000,6
600,7,0.2597321650,340723392.0000000000,10
600,8,0.2489739710,335912544.0000000000,9
600,9,0.3175008870,436339616.0000000000,1
600,10,0.3178588550,436513520.0000000000,13
600,11,0.3179276970,436504896.0000000000,4
600,12,0.3180707780,436506544.0000000000,22
600,13,0.3178314070,436515936.0000000000,23
600,14,0.3180938690,436504720.0000000000,5
600,15,0.3180502390,436519952.0000000000,9
600,16,0.3178805380,436501552.0000000000,14
600,17,0.3181456380,436341584.0000000000,15
600,18,0.3173529580,436398528.0000000000,0
600,19,0.3176349990,436508944.0000000000,16
600,20,0.3176515430,436510864.0000000000,16
600,21,0.3176024800,436511184.0000000000,25
600,22,0.3175799750,436511216.0000000000,18
600,23,0.3174576830,436508272.0000000000,0
600,24,0.3179087260,436505600.0000000000,2
600,25,0.3181112920,436514048.0000000000,15
600,26,0.3176053130,436398160.0000000000,19
600,27,0.3176215340,436400096.0000000000,17
600,28,0.3177373310,436509248.0000000000,12
600,29,0.3180301140,436511728.0000000000,14
600,30,0.3177981320,436505760.0000000000,21
600,31,0.3180759010,436509600.0000000000,20
600,32,0.3178052650,436510992.0000000000,2
600,33,0.3175728260,436514288.0000000000,1
600,34,0.3175339290,436504544.0000000000,13
600,35,0.3174829130,436400240.0000000000,24
600,36,0.3176719440,436205616.0000000000,12
600,37,0.3179168150,436521792.0000000000,3
600,38,0.3182641200,436509424.0000000000,7
600,39,0.3179621200,436506992.0000000000,27
600,40,0.3179316720,436516752.0000000000,26
600,41,0.3182575620,436511296.0000000000,10
600,42,0.3181525470,436515808.0000000000,11
600,43,0.3182036780,436507472.0000000000,8
600,44,0.3178857470,436210160.0000000000,6
600,45,0.0821431910,132073760.0000000000,21
600,46,0.0822690960,132145392.0000000000,20
600,47,0.0822167060,132141360.0000000000,25
600,48,0.0820742800,132150560.0000000000,23
600,49,0.0820571420,132141728.0000000000,17
600,50,0.0821765860,132140144.0000000000,18
600,51,0.0822387630,132142064.0000000000,22
600,52,0.0823425180,132141792.0000000000,19
600,53,0.0820697600,132074208.0000000000,24
600,54,0.0206453880,54827568.0000000000,25
600,55,0.0206480140,54827568.0000000000,24
600,56,0.0206107420,54827568.0000000000,22
600,57,0.0206914000,54827568.0000000000,27
600,58,0.0207011170,54827568.0000000000,27
600,59,0.0205998220,54827568.0000000000,23
600,60,0.0206557000,54827568.0000000000,20
600,61,0.0206464310,54827568.0000000000,26
600,62,0.0205818430,54827568.0000000000,19
600,63,0.0205861920,54827568.0000000000,26
600,64,0.0205908540,54827568.0000000000,26
600,65,0.0206793160,54827568.0000000000,26
600,66,0.0205822470,54827568.0000000000,19
600,67,0.0206591670,54827568.0000000000,21
600,68,0.0205903830,54827568.0000000000,21
600,69,0.0206874920,54827568.0000000000,20
600,70,0.0206214730,54827568.0000000000,22
600,71,0.0207318850,54827568.0000000000,22
600,72,0.0206427140,54827568.0000000000,27
600,73,0.0206544360,54827568.0000000000,26
600,74,0.0206393680,54827568.0000000000,25
600,75,0.0207132820,54827568.0000000000,25
600,76,0.0206802460,54827568.0000000000,27
600,77,0.0206808150,54827568.0000000000,20
600,78,0.0206583450,54827568.0000000000,22
600,79,0.0206637640,54827568.0000000000,25
600,80,0.0205444410,54827568.0000000000,19
600,81,0.0205788310,54827568.0000000000,24
600,82,0.0206564120,54827568.0000000000,20
600,83,0.0206394890,54827568.0000000000,22
600,84,0.0205757850,54827568.0000000000,23
600,85,0.0206657180,54827568.0000000000,27
600,86,0.0206061920,54827568.0000000000,19
600,87,0.0206995850,54827568.0000000000,20
600,88,0.0206692530,54827568.0000000000,17
600,89,0.0205862250,54827568.0000000000,26
600,90,0.0205896130,54827568.0000000000,24
600,91,0.0206445080,54827568.0000000000,21
600,92,0.0206408680,54827568.0000000000,17
600,93,0.0205823130,54827568.0000000000,18
600,94,0.0206679170,54827568.0000000000,9
600,95,0.0206056330,54827568.0000000000,23
600,96,0.0206294670,54827568.0000000000,17
600,97,0.0205999390,54827568.0000000000,18
600,98,0.0206153000,54827568.0000000000,18
600,99,0.0206006520,54827568.0000000000,24
600,100,0.0205866430,54827568.0000000000,18
600,101,0.0206519170,54827568.0000000000,10
600,102,0.0207047870,54827568.0000000000,8
600,103,0.0206160170,54827568.0000000000,6
600,104,0.0206528580,54827568.0000000000,11
600,105,0.0205553030,54827568.0000000000,17
600,106,0.0207328740,54827568.0000000000,7
600,107,0.0206763470,54827568.0000000000,27
600,108,0.0206120630,54827568.0000000000,17
600,109,0.0205510570,54827568.0000000000,18
600,110,0.0206316020,54827568.0000000000,23
600,111,0.0206476760,54827568.0000000000,23
600,112,0.0205961120,54827568.0000000000,19
600,113,0.0206399660,54827568.0000000000,24
600,114,0.0206313500,54827568.0000000000,25
600,115,0.0206441770,54827568.0000000000,21
600,116,0.0205560450,54827568.0000000000,21
600,117,0.0178374420,47074864.0000000000,3
600,118,0.0178600110,47074864.0000000000,4
600,119,0.0179051470,47074864.0000000000,9
600,120,0.0178373060,47074864.0000000000,6
600,121,0.0178638980,47074864.0000000000,7
600,122,0.0178786230,47074864.0000000000,10
600,123,0.0179136250,47074864.0000000000,7
600,124,0.0178286330,47074864.0000000000,3
600,125,0.0178960790,47074864.0000000000,10
600,126,0.0178467380,47074864.0000000000,4
600,127,0.0178258000,47074864.0000000000,0
600,128,0.0179488030,47074864.0000000000,5
600,129,0.0178610850,47074864.0000000000,3
600,130,0.0178423470,47074864.0000000000,4
600,131,0.0179008170,47074864.0000000000,5
600,132,0.0178351720,47074864.0000000000,11
600,133,0.0178445400,47074864.0000000000,4
600,134,0.0178343620,47074864.0000000000,4
600,135,0.0178567360,47074864.0000000000,3
600,136,0.0178575450,47074864.0000000000,6
600,137,0.0178944780,47074864.0000000000,9
600,138,0.0178318750,47074864.0000000000,6
600,139,0.0179065870,47074864.0000000000,9
600,140,0.0178853290,47074864.0000000000,10
600,141,0.0178663830,47074864.0000000000,7
600,142,0.0178931340,47074864.0000000000,8
600,143,0.0178955970,47074864.0000000000,5
600,144,0.0178523290,47074864.0000000000,3
600,145,0.0178174920,47074864.0000000000,2
600,146,0.0178928550,47074864.0000000000,5
600,147,0.0178911290,47074864.0000000000,11
600,148,0.0178627360,47074864.0000000000,8
600,149,0.0178437110,47074864.0000000000,1
600,150,0.0178536060,47074864.0000000000,8
600,151,0.0178619620,47074864.0000000000,11
600,152,0.0178940380,47074864.0000000000,5
650,0,7.7841386528,326940032.0000000000,8
650,1,7.9310825603,324077120.0000000000,11
650,2,8.0888846928,324404288.0000000000,7
650,3,8.3354708367,330343600.0000000000,5
650,4,8.3610219295,331464576.0000000000,3
650,5,8.3875070026,332054000.0000000000,4
650,6,8.5256063153,339760864.0000000000,6
650,7,8.3911647049,341997504.0000000000,10
650,8,8.0283649940,336365360.0000000000,9
650,9,10.2225862993,436331904.0000000000,1
650,10,10.2300604976,436523456.0000000000,13
650,11,10.2374326746,436540368.0000000000,4
650,12,10.2397894475,436595584.0000000000,22
650,13,10.2325747116,436629744.0000000000,23
650,14,10.2428574407,436589200.0000000000,5
650,15,10.2399023182,436554480.0000000000,9
650,16,10.2356322804,436512592.0000000000,14
650,17,10.2350573250,436333488.0000000000,15
650,18,10.2174605685,436395328.0000000000,0
650,19,10.2222716918,436509568.0000000000,16
650,20,10.2214902903,436507216.0000000000,16
650,21,10.2257283389,436512432.0000000000,25
650,22,10.2219763036,436508336.0000000000,18
650,23,10.2198175984,436512848.0000000000,0
650,24,10.2324030126,436509984.0000000000,2
650,25,10.2325030975,436515344.0000000000,15
650,26,10.2244769641,436395216.0000000000,19
650,27,10.2193689078,436399552.0000000000,17
650,28,10.2209991798,436509648.0000000000,12
650,29,10.2273956521,436511680.0000000000,14
650,30,10.2279071824,436508848.0000000000,21
650,31,10.2356809584,436511248.0000000000,20
650,32,10.2317540096,436510288.0000000000,2
650,33,10.2210797513,436513504.0000000000,1
650,34,10.2215140499,436506096.0000000000,13
650,35,10.2189394892,436394832.0000000000,24
650,36,10.2180130058,436183280.0000000000,12
650,37,10.2301364267,436526256.0000000000,3
650,38,10.2429442440,436503136.0000000000,7
650,39,10.2312283921,436510080.0000000000,27
650,40,10.2332098714,436516992.0000000000,26
650,41,10.2419103885,436511520.0000000000,10
650,42,10.2408671423,436516736.0000000000,11
650,43,10.2391311773,436513136.0000000000,8
650,44,10.2274609846,436186864.0000000000,6
650,45,2.6510302841,132069920.0000000000,21
650,46,2.6551029351,132144784.0000000000,20
650,47,2.6526875905,132140320.0000000000,25
650,48,2.6497778672,132150496.0000000000,23
650,49,2.6503635382,132141136.0000000000,17
650,50,2.6506120105,132139520.0000000000,18
650,51,2.6531586069,132140640.0000000000,22
650,52,2.6508333155,132140144.0000000000,19
650,53,2.6505421863,132066656.0000000000,24
650,54,0.6746460187,54827568.0000000000,25
650,55,0.6743011791,54827568.0000000000,24
650,56,0.6752303396,54827568.0000000000,22
650,57,0.6760527855,54827568.0000000000,27
650,58,0.6759340246,54827568.0000000000,27
650,59,0.6728042788,54827568.0000000000,23
650,60,0.6761093854,54827568.0000000000,20
650,61,0.6734014739,54827568.0000000000,26
650,62,0.6735837826,54827568.0000000000,19
650,63,0.6735180009,54827568.0000000000,26
650,64,0.6735963757,54827568.0000000000,26
650,65,0.6734595762,54827568.0000000000,26
650,66,0.6731394297,54827568.0000000000,19
650,67,0.6736717205,54827568.0000000000,21
650,68,0.6732822147,54827568.0000000000,21
650,69,0.6762796810,54827568.0000000000,20
650,70,0.6751518439,54827568.0000000000,22
650,71,0.6753911946,54827568.0000000000,22
650,72,0.6762587012,54827568.0000000000,27
650,73,0.6737882403,54827568.0000000000,26
650,74,0.6752034426,54827568.0000000000,25
650,75,0.6747470541,54827568.0000000000,25
650,76,0.6756680241,54827568.0000000000,27
650,77,0.6758037625,54827568.0000000000,20
650,78,0.6753908426,54827568.0000000000,22
650,79,0.6750790624,54827568.0000000000,25
650,80,0.6730814745,54827568.0000000000,19
650,81,0.6741351039,54827568.0000000000,24
650,82,0.6758972899,54827568.0000000000,20
650,83,0.6751972311,54827568.0000000000,22
650,84,0.6727251386,54827568.0000000000,23
650,85,0.6754790590,54827568.0000000000,27
650,86,0.6734134371,54827568.0000000000,19
650,87,0.6759941152,54827568.0000000000,20
650,88,0.6731755017,54827568.0000000000,17
650,89,0.6738103366,54827568.0000000000,26
650,90,0.6739837050,54827568.0000000000,24
650,91,0.6732160151,54827568.0000000000,21
650,92,0.6736301408,54827568.0000000000,17
650,93,0.6736761271,54827568.0000000000,18
650,94,0.6751520350,54827568.0000000000,9
650,95,0.6727410599,54827568.0000000000,23
650,96,0.6737697880,54827568.0000000000,17
650,97,0.6733350508,54827568.0000000000,18
650,98,0.6734397751,54827568.0000000000,18
650,99,0.6739529613,54827568.0000000000,24
650,100,0.6734366950,54827568.0000000000,18
650,101,0.6758545272,54827568.0000000000,10
650,102,0.6757453444,54827568.0000000000,8
650,103,0.6731621460,54827568.0000000000,6
650,104,0.6752348484,54827568.0000000000,11
650,105,0.6731513960,54827568.0000000000,17
650,106,0.6752428943,54827568.0000000000,7
650,107,0.6753719086,54827568.0000000000,27
650,108,0.6735928226,54827568.0000000000,17
650,109,0.6732342573,54827568.0000000000,18
650,110,0.6728882069,54827568.0000000000,23
650,111,0.6724840487,54827568.0000000000,23
650,112,0.6731231847,54827568.0000000000,19
650,113,0.6740924867,54827568.0000000000,24
650,114,0.6747566517,54827568.0000000000,25
650,115,0.6734962142,54827568.0000000000,21
650,116,0.6733062851,54827568.0000000000,21
650,117,0.5829383338,47074864.0000000000,3
650,118,0.5828225418,47074864.0000000000,4
650,119,0.5846652712,47074864.0000000000,9
650,120,0.5819983847,47074864.0000000000,6
650,121,0.5836765236,47074864.0000000000,7
650,122,0.5843616137,47074864.0000000000,10
650,123,0.5837057510,47074864.0000000000,7
650,124,0.5830211140,47074864.0000000000,3
650,125,0.5844507361,47074864.0000000000,10
650,126,0.5828935214,47074864.0000000000,4
650,127,0.5816197644,47074864.0000000000,0
650,128,0.5849352568,47074864.0000000000,5
650,129,0.5832093127,47074864.0000000000,3
650,130,0.5828513795,47074864.0000000000,4
650,131,0.5847759253,47074864.0000000000,5
650,132,0.5838714414,47074864.0000000000,11
650,133,0.5827226562,47074864.0000000000,4
650,134,0.5827110621,47074864.0000000000,4
650,135,0.5829268227,47074864.0000000000,3
650,136,0.5821263615,47074864.0000000000,6
650,137,0.5844944785,47074864.0000000000,9
650,138,0.5820603569,47074864.0000000000,6
650,139,0.5845514302,47074864.0000000000,9
650,140,0.5845229974,47074864.0000000000,10
650,141,0.5837556709,47074864.0000000000,7
650,142,0.5842794432,47074864.0000000000,8
650,143,0.5848078799,47074864.0000000000,5
650,144,0.5830759061,47074864.0000000000,3
650,145,0.5834857011,47074864.0000000000,2
650,146,0.5849135348,47074864.0000000000,5
650,147,0.5837538088,47074864.0000000000,11
650,148,0.5841679796,47074864.0000000000,8
650,149,0.5821358348,47074864.0000000000,1
650,150,0.5843470026,47074864.0000000000,8
650,151,0.5837520181,47074864.0000000000,11
650,152,0.5846316966,47074864.0000000000,5
700,0,0.2411522210,326510592.0000000000,8
700,1,0.2448754440,323156960.0000000000,11
700,2,0.2479063310,322278544.0000000000,7
700,3,0.2576740350,329219440.0000000000,5
700,4,0.2589602070,330481888.0000000000,3
700,5,0.2595800470,331277088.0000000000,4
700,6,0.2670953590,341337040.0000000000,6
700,7,0.2633981840,343138336.0000000000,10
700,8,0.2506176160,336783232.0000000000,9
700,9,0.3179784560,436329184.0000000000,1
700,10,0.3187183050,436598944.0000000000,13
700,11,0.3194393760,436884208.0000000000,4
700,12,0.3209300610,437455408.0000000000,22
700,13,0.3208417810,437786368.0000000000,23
700,14,0.3208381920,437444880.0000000000,5
700,15,0.3198026380,436913104.0000000000,9
700,16,0.3186193340,436589872.0000000000,14
700,17,0.3183550630,436335184.0000000000,15
700,18,0.3174298190,436392528.0000000000,0
700,19,0.3176293700,436507584.0000000000,16
700,20,0.3175903220,436508208.0000000000,16
700,21,0.3179310230,436509392.0000000000,25
700,22,0.3175679790,436507232.0000000000,18
700,23,0.3176555590,436513120.0000000000,0
700,24,0.3179877250,436510288.0000000000,2
700,25,0.3179211430,436507536.0000000000,15
700,26,0.3176130960,436392544.0000000000,19
700,27,0.3176641670,436394560.0000000000,17
700,28,0.3175257010,436507776.0000000000,12
700,29,0.3177513250,436513696.0000000000,14
700,30,0.3178698930,436507504.0000000000,21
700,31,0.3181934490,436507104.0000000000,20
700,32,0.3179974520,436514496.0000000000,2
700,33,0.3176066960,436510864.0000000000,1
700,34,0.3177301630,436508016.0000000000,13
700,35,0.3175913250,436394304.0000000000,24
700,36,0.3174119090,436159328.0000000000,12
700,37,0.3179642100,436525600.0000000000,3
700,38,0.3182066960,436503936.0000000000,7
700,39,0.3178837520,436511760.0000000000,27
700,40,0.3179082490,436519488.0000000000,26
700,41,0.3182783650,436508448.0000000000,10
700,42,0.3181099260,436523584.0000000000,11
700,43,0.3180303140,436510752.0000000000,8
700,44,0.3177141450,436167056.0000000000,6
700,45,0.0822227660,132062080.0000000000,21
700,46,0.0822274750,132146208.0000000000,20
700,47,0.0823459100,132139904.0000000000,25
700,48,0.0821035440,132149952.0000000000,23
700,49,0.0821091650,132139424.0000000000,17
700,50,0.0822370030,132138320.0000000000,18
700,51,0.0821260890,132138736.0000000000,22
700,52,0.0822961770,132137616.0000000000,19
700,53,0.0820233340,132059760.0000000000,24
700,54,0.0206423240,54827568.0000000000,25
700,55,0.0206485970,54827568.0000000000,24
700,56,0.0206295150,54827568.0000000000,22
700,57,0.0207759920,54827568.0000000000,27
700,58,0.0206696860,54827568.0000000000,27
700,59,0.0205999450,54827568.0000000000,23
700,60,0.0207515210,54827568.0000000000,20
700,61,0.0205902740,54827568.0000000000,26
700,62,0.0206655220,54827568.0000000000,19
700,63,0.0206186870,54827568.0000000000,26
700,64,0.0205768870,54827568.0000000000,26
700,65,0.0205633800,54827568.0000000000,26
700,66,0.0206456050,54827568.0000000000,19
700,67,0.0206389820,54827568.0000000000,21
700,68,0.0205090880,54827568.0000000000,21
700,69,0.0207484340,54827568.0000000000,20
700,70,0.0207322540,54827568.0000000000,22
700,71,0.0206930460,54827568.0000000000,22
700,72,0.0206322530,54827568.0000000000,27
700,73,0.0206330460,54827568.0000000000,26
700,74,0.0206677620,54827568.0000000000,25
700,75,0.0206507400,54827568.0000000000,25
700,76,0.0206861200,54827568.0000000000,27
700,77,0.0206926470,54827568.0000000000,20
700,78,0.0206933990,54827568.0000000000,22
700,79,0.0206729330,54827568.0000000000,25
700,80,0.0205771120,54827568.0000000000,19
700,81,0.0206263630,54827568.0000000000,24
700,82,0.0207100200,54827568.0000000000,20
700,83,0.0206562580,54827568.0000000000,22
700,84,0.0205744870,54827568.0000000000,23
700,85,0.0207070770,54827568.0000000000,27
700,86,0.0206500830,54827568.0000000000,19
700,87,0.0207487770,54827568.0000000000,20
700,88,0.0206123570,54827568.0000000000,17
700,89,0.0206422440,54827568.0000000000,26
700,90,0.0206385960,54827568.0000000000,24
700,91,0.0206314160,54827568.0000000000,21
700,92,0.0206247940,54827568.0000000000,17
700,93,0.0206890080,54827568.0000000000,18
700,94,0.0206345400,54827568.0000000000,9
700,95,0.0206045460,54827568.0000000000,23
700,96,0.0206410540,54827568.0000000000,17
700,97,0.0205982400,54827568.0000000000,18
700,98,0.0205970090,54827568.0000000000,18
700,99,0.0206561000,54827568.0000000000,24
700,100,0.0206160870,54827568.0000000000,18
700,101,0.0206589250,54827568.0000000000,10
700,102,0.0207151640,54827568.0000000000,8
700,103,0.0206581900,54827568.0000000000,6
700,104,0.0206514310,54827568.0000000000,11
700,105,0.0205906160,54827568.0000000000,17
700,106,0.0206798720,54827568.0000000000,7
700,107,0.0206967180,54827568.0000000000,27
700,108,0.0205785140,54827568.0000000000,17
700,109,0.0205400200,54827568.0000000000,18
700,110,0.0206422900,54827568.0000000000,23
700,111,0.0206889410,54827568.0000000000,23
700,112,0.0205881720,54827568.0000000000,19
700,113,0.0206979920,54827568.0000000000,24
700,114,0.0206859900,54827568.0000000000,25
700,115,0.0205429770,54827568.0000000000,21
700,116,0.0206407360,54827568.0000000000,21
700,117,0.0178713960,47074864.0000000000,3
700,118,0.0178396120,47074864.0000000000,4
700,119,0.0178891210,47074864.0000000000,9
700,120,0.0177815720,47074864.0000000000,6
700,121,0.0178482190,47074864.0000000000,7
700,122,0.0178988990,47074864.0000000000,10
700,123,0.0178571850,47074864.0000000000,7
700,124,0.0178721760,47074864.0000000000,3
700,125,0.0178711170,47074864.0000000000,10
700,126,0.0178503450,47074864.0000000000,4
700,127,0.0178204380,47074864.0000000000,0
700,128,0.0178897410,47074864.0000000000,5
700,129,0.0178343520,47074864.0000000000,3
700,130,0.0178697320,47074864.0000000000,4
700,131,0.0179252000,47074864.0000000000,5
700,132,0.0178646530,47074864.0000000000,11
700,133,0.0178269170,47074864.0000000000,4
700,134,0.0178628670,47074864.0000000000,4
700,135,0.0178717670,47074864.0000000000,3
700,136,0.0177931130,47074864.0000000000,6
700,137,0.0179048510,47074864.0000000000,9
700,138,0.0177931230,47074864.0000000000,6
700,139,0.0179296380,47074864.0000000000,9
700,140,0.0179040080,47074864.0000000000,10
700,141,0.0178518660,47074864.0000000000,7
700,142,0.0178993800,47074864.0000000000,8
700,143,0.0178890900,47074864.0000000000,5
700,144,0.0178707640,47074864.0000000000,3
700,145,0.0178419190,47074864.0000000000,2
700,146,0.0178699710,47074864.0000000000,5
700,147,0.0178516380,47074864.0000000000,11
700,148,0.0178888810,47074864.0000000000,8
700,149,0.0178113300,47074864.0000000000,1
700,150,0.0178908120,47074864.0000000000,8
700,151,0.0178375300,47074864.0000000000,11
700,152,0.0178758030,47074864.0000000000,5
750,0,7.7553250498,326127344.0000000000,8
750,1,7.8558324604,322327392.0000000000,11
750,2,7.9239254883,319541328.0000000000,7
750,3,8.2132091904,325947472.0000000000,5
750,4,8.2502809160,326973232.0000000000,3
750,5,8.3001703406,328831072.0000000000,4
750,6,8.5887832144,341901488.0000000000,6
750,7,8.4966259346,344115648.0000000000,10
750,8,8.0800674269,337189344.0000000000,9
750,9,10.2373698982,436339776.0000000000,1
750,10,10.2685774467,436861584.0000000000,13
750,11,10.3320350311,438138944.0000000000,4
750,12,10.4051148449,440618960.0000000000,22
750,13,10.4301409177,442094000.0000000000,23
750,14,10.4072852157,440639792.0000000000,5
750,15,10.3352408748,438165600.0000000000,9
750,16,10.2699152660,436864832.0000000000,14
750,17,10.2493139578,436354784.0000000000,15
750,18,10.2172066155,436387184.0000000000,0
750,19,10.2227894423,436512336.0000000000,16
750,20,10.2211294895,436505968.0000000000,16
750,21,10.2267691260,436508720.0000000000,25
750,22,10.2215903904,436508784.0000000000,18
750,23,10.2189759348,436512864.0000000000,0
750,24,10.2317969223,436506080.0000000000,2
750,25,10.2329511917,436505520.0000000000,15
750,26,10.2236677803,436390832.0000000000,19
750,27,10.2191567364,436388832.0000000000,17
750,28,10.2193849845,436510400.0000000000,12
750,29,10.2283715391,436515408.0000000000,14
750,30,10.2282092500,436508672.0000000000,21
750,31,10.2346367395,436511456.0000000000,20
750,32,10.2315593955,436513440.0000000000,2
750,33,10.2220750699,436508560.0000000000,1
750,34,10.2217831223,436511136.0000000000,13
750,35,10.2191689753,436392848.0000000000,24
750,36,10.2166863819,436140112.0000000000,12
750,37,10.2308464217,436524128.0000000000,3
750,38,10.2415250302,436502448.0000000000,7
750,39,10.2309625878,436514432.0000000000,27
750,40,10.2337220857,436519648.0000000000,26
750,41,10.2425433571,436509296.0000000000,10
750,42,10.2419821447,436526928.0000000000,11
750,43,10.2393371658,436510064.0000000000,8
750,44,10.2248217086,436141856.0000000000,6
750,45,2.6506732883,132052912.0000000000,21
750,46,2.6557010048,132147392.0000000000,20
750,47,2.6528276360,132140464.0000000000,25
750,48,2.6491623374,132150016.0000000000,23
750,49,2.6506504044,132138704.0000000000,17
750,50,2.6505475476,132137392.0000000000,18
750,51,2.6527745937,132136112.0000000000,22
750,52,2.6521155705,132137856.0000000000,19
750,53,2.6497835920,132056736.0000000000,24
750,54,0.6748370343,54827568.0000000000,25
750,55,0.6738142177,54827568.0000000000,24
750,56,0.6751622927,54827568.0000000000,22
750,57,0.6759924501,54827568.0000000000,27
750,58,0.6757980551,54827568.0000000000,27
750,59,0.6723228474,54827568.0000000000,23
750,60,0.6762340124,54827568.0000000000,20
750,61,0.6736443284,54827568.0000000000,26
750,62,0.6734867557,54827568.0000000000,19
750,63,0.6731870235,54827568.0000000000,26
750,64,0.6732624226,54827568.0000000000,26
750,65,0.6734903414,54827568.0000000000,26
750,66,0.6732241563,54827568.0000000000,19
750,67,0.6732031551,54827568.0000000000,21
750,68,0.6731345686,54827568.0000000000,21
750,69,0.6757818787,54827568.0000000000,20
750,70,0.6752534558,54827568.0000000000,22
750,71,0.6756671490,54827568.0000000000,22
750,72,0.6759070046,54827568.0000000000,27
750,73,0.6732439311,54827568.0000000000,26
750,74,0.6748600900,54827568.0000000000,25
750,75,0.6747833575,54827568.0000000000,25
750,76,0.6757421114,54827568.0000000000,27
750,77,0.6759568251,54827568.0000000000,20
750,78,0.6751491480,54827568.0000000000,22
750,79,0.6748917645,54827568.0000000000,25
750,80,0.6731556693,54827568.0000000000,19
750,81,0.6741274498,54827568.0000000000,24
750,82,0.6758449433,54827568.0000000000,20
750,83,0.6755221042,54827568.0000000000,22
750,84,0.6722342166,54827568.0000000000,23
750,85,0.6755756759,54827568.0000000000,27
750,86,0.6736109199,54827568.0000000000,19
750,87,0.6760758612,54827568.0000000000,20
750,88,0.6733680750,54827568.0000000000,17
750,89,0.6736216634,54827568.0000000000,26
750,90,0.6742017944,54827568.0000000000,24
750,91,0.6732000156,54827568.0000000000,21
750,92,0.6735455409,54827568.0000000000,17
750,93,0.6737370437,54827568.0000000000,18
750,94,0.6750845766,54827568.0000000000,9
750,95,0.6724117084,54827568.0000000000,23
750,96,0.6737418606,54827568.0000000000,17
750,97,0.6735138265,54827568.0000000000,18
750,98,0.6735991162,54827568.0000000000,18
750,99,0.6738275868,54827568.0000000000,24
750,100,0.6735792285,54827568.0000000000,18
750,101,0.6761821503,54827568.0000000000,10
750,102,0.6756729393,54827568.0000000000,8
750,103,0.6730089764,54827568.0000000000,6
750,104,0.6749227367,54827568.0000000000,11
750,105,0.6732859894,54827568.0000000000,17
750,106,0.6753205792,54827568.0000000000,7
750,107,0.6756208056,54827568.0000000000,27
750,108,0.6734408655,54827568.0000000000,17
750,109,0.6731841694,54827568.0000000000,18
750,110,0.6725571680,54827568.0000000000,23
750,111,0.6727063820,54827568.0000000000,23
750,112,0.6731667162,54827568.0000000000,19
750,113,0.6742048611,54827568.0000000000,24
750,114,0.6748786420,54827568.0000000000,25
750,115,0.6736452617,54827568.0000000000,21
750,116,0.6731553276,54827568.0000000000,21
750,117,0.5828293504,47074864.0000000000,3
750,118,0.5826785694,47074864.0000000000,4
750,119,0.5846810601,47074864.0000000000,9
750,120,0.5818221788,47074864.0000000000,6
750,121,0.5836763157,47074864.0000000000,7
750,122,0.5843927352,47074864.0000000000,10
750,123,0.5836243322,47074864.0000000000,7
750,124,0.5831675272,47074864.0000000000,3
750,125,0.5845643885,47074864.0000000000,10
750,126,0.5827320873,47074864.0000000000,4
750,127,0.5816443382,47074864.0000000000,0
750,128,0.5848236373,47074864.0000000000,5
750,129,0.5831615788,47074864.0000000000,3
750,130,0.5826780707,47074864.0000000000,4
750,131,0.5848996675,47074864.0000000000,5
750,132,0.5839540404,47074864.0000000000,11
750,133,0.5828092687,47074864.0000000000,4
750,134,0.5829064812,47074864.0000000000,4
750,135,0.5830614151,47074864.0000000000,3
750,136,0.5820482470,47074864.0000000000,6
750,137,0.5844991562,47074864.0000000000,9
750,138,0.5820450801,47074864.0000000000,6
750,139,0.5845202127,47074864.0000000000,9
750,140,0.5845058472,47074864.0000000000,10
750,141,0.5835980174,47074864.0000000000,7
750,142,0.5841251444,47074864.0000000000,8
750,143,0.5847522659,47074864.0000000000,5
750,144,0.5832297560,47074864.0000000000,3
750,145,0.5835877497,47074864.0000000000,2
750,146,0.5848433298,47074864.0000000000,5
750,147,0.5836450500,47074864.0000000000,11
750,148,0.5843864159,47074864.0000000000,8
750,149,0.5821885583,47074864.0000000000,1
750,150,0.5843405964,47074864.0000000000,8
750,151,0.5836266557,47074864.0000000000,11
750,152,0.5848403712,47074864.0000000000,5
800,0,0.2410139100,325654656.0000000000,8
800,1,0.2424674250,321313472.0000000000,11
800,2,0.2399897670,315422912.0000000000,7
800,3,0.2440345930,318398608.0000000000,5
800,4,0.2439053760,318289168.0000000000,3
800,5,0.2487616770,323010128.0000000000,4
800,6,0.2644598250,340984576.0000000000,6
800,7,0.2653935570,344893488.0000000000,10
800,8,0.2523399480,337660192.0000000000,9
800,9,0.3187833630,436369792.0000000000,1
800,10,0.3216323500,437389216.0000000000,13
800,11,0.3267867240,440738688.0000000000,4
800,12,0.3345467430,447268064.0000000000,22
800,13,0.3385476620,451295024.0000000000,23
800,14,0.3346464930,447418928.0000000000,5
800,15,0.3266334810,440793904.0000000000,9
800,16,0.3215945070,437405232.0000000000,14
800,17,0.3192030280,436414368.0000000000,15
800,18,0.3175729540,436384128.0000000000,0
800,19,0.3177213900,436507728.0000000000,16
800,20,0.3176936680,436515616.0000000000,16
800,21,0.3177394820,436511360.0000000000,25
800,22,0.3177831290,436512304.0000000000,18
800,23,0.3174560810,436512752.0000000000,0
800,24,0.3179889920,436508176.0000000000,2
800,25,0.3179755830,436507040.0000000000,15
800,26,0.3176582380,436387232.0000000000,19
800,27,0.3174355560,436389440.0000000000,17
800,28,0.3175359400,436514112.0000000000,12
800,29,0.3177591700,436510192.0000000000,14
800,30,0.3177983790,436508000.0000000000,21
800,31,0.3179695420,436508624.0000000000,20
800,32,0.3180252430,436508224.0000000000,2
800,33,0.3176213180,436507088.0000000000,1
800,34,0.3175491870,436509488.0000000000,13
800,35,0.3177047150,436393392.0000000000,24
800,36,0.3174645130,436117264.0000000000,12
800,37,0.3179386940,436517424.0000000000,3
800,38,0.3182461300,436505744.0000000000,7
800,39,0.3178918060,436513904.0000000000,27
800,40,0.3180927270,436519472.0000000000,26
800,41,0.3183843740,436510864.0000000000,10
800,42,0.3181911090,436527088.0000000000,11
800,43,0.3181712100,436511808.0000000000,8
800,44,0.3176614400,436121504.0000000000,6
800,45,0.0819970570,132045584.0000000000,21
800,46,0.0822745330,132149504.0000000000,20
800,47,0.0821330120,132141104.0000000000,25
800,48,0.0819960050,132151104.0000000000,23
800,49,0.0819533080,132136720.0000000000,17
800,50,0.0821638330,132138576.0000000000,18
800,51,0.0821734570,132135840.0000000000,22
800,52,0.0821165220,132137680.0000000000,19
800,53,0.0820352260,132048128.0000000000,24
800,54,0.0206641470,54827568.0000000000,25
800,55,0.0206568930,54827568.0000000000,24
800,56,0.0206565250,54827568.0000000000,22
800,57,0.0206854400,54827568.0000000000,27
800,58,0.0207435200,54827568.0000000000,27
800,59,0.0206285770,54827568.0000000000,23
800,60,0.0206382580,54827568.0000000000,20
800,61,0.0206157040,54827568.0000000000,26
800,62,0.0206124070,54827568.0000000000,19
800,63,0.0206824740,54827568.0000000000,26
800,64,0.0206291480,54827568.0000000000,26
800,65,0.0205770990,54827568.0000000000,26
800,66,0.0206095670,54827568.0000000000,19
800,67,0.0205967080,54827568.0000000000,21
800,68,0.0206833360,54827568.0000000000,21
800,69,0.0207133340,54827568.0000000000,20
800,70,0.0206644090,54827568.0000000000,22
800,71,0.0206611520,54827568.0000000000,22
800,72,0.0206197900,54827568.0000000000,27
800,73,0.0205807460,54827568.0000000000,26
800,74,0.0206193890,54827568.0000000000,25
800,75,0.0206240980,54827568.0000000000,25
800,76,0.0206862600,54827568.0000000000,27
800,77,0.0206783470,54827568.0000000000,20
800,78,0.0206686200,54827568.0000000000,22
800,79,0.0206807770,54827568.0000000000,25
800,80,0.0205870270,54827568.0000000000,19
800,81,0.0206061250,54827568.0000000000,24
800,82,0.0206922540,54827568.0000000000,20
800,83,0.0206503620,54827568.0000000000,22
800,84,0.0205997120,54827568.0000000000,23
800,85,0.0206833250,54827568.0000000000,27
800,86,0.0206115630,54827568.0000000000,19
800,87,0.0206437290,54827568.0000000000,20
800,88,0.0205647240,54827568.0000000000,17
800,89,0.0205765480,54827568.0000000000,26
800,90,0.0207044160,54827568.0000000000,24
800,91,0.0206073980,54827568.0000000000,21
800,92,0.0205963250,54827568.0000000000,17
800,93,0.0206142690,54827568.0000000000,18
800,94,0.0205604640,54827568.0000000000,9
800,95,0.0205754560,54827568.0000000000,23
800,96,0.0206084980,54827568.0000000000,17
800,97,0.0206037370,54827568.0000000000,18
800,98,0.0206268230,54827568.0000000000,18
800,99,0.0206704510,54827568.0000000000,24
800,100,0.0205074500,54827568.0000000000,18
800,101,0.0206936720,54827568.0000000000,10
800,102,0.0207365940,54827568.0000000000,8
800,103,0.0206317790,54827568.0000000000,6
800,104,0.0206585430,54827568.0000000000,11
800,105,0.0206291380,54827568.0000000000,17
800,106,0.0207877600,54827568.0000000000,7
800,107,0.0206785260,54827568.0000000000,27
800,108,0.0206025140,54827568.0000000000,17
800,109,0.0206662890,54827568.0000000000,18
800,110,0.0205854160,54827568.0000000000,23
800,111,0.0204912640,54827568.0000000000,23
800,112,0.0206389660,54827568.0000000000,19
800,113,0.0206611030,54827568.0000000000,24
800,114,0.0206753990,54827568.0000000000,25
800,115,0.0205703850,54827568.0000000000,21
800,116,0.0206299930,54827568.0000000000,21
800,117,0.0178719440,47074864.0000000000,3
800,118,0.0178427990,47074864.0000000000,4
800,119,0.0178899910,47074864.0000000000,9
800,120,0.0178148470,47074864.0000000000,6
800,121,0.0178714960,47074864.0000000000,7
800,122,0.0178857450,47074864.0000000000,10
800,123,0.0178827470,47074864.0000000000,7
800,124,0.0178682570,47074864.0000000000,3
800,125,0.0179136460,47074864.0000000000,10
800,126,0.0178495620,47074864.0000000000,4
800,127,0.0177903270,47074864.0000000000,0
800,128,0.0179048480,47074864.0000000000,5
800,129,0.0178827170,47074864.0000000000,3
800,130,0.0178210490,47074864.0000000000,4
800,131,0.0179202500,47074864.0000000000,5
800,132,0.0178732200,47074864.0000000000,11
800,133,0.0178705030,47074864.0000000000,4
800,134,0.0178540310,47074864.0000000000,4
800,135,0.0178399030,47074864.0000000000,3
800,136,0.0178449630,47074864.0000000000,6
800,137,0.0179087360,47074864.0000000000,9
800,138,0.0178044960,47074864.0000000000,6
800,139,0.0178982660,47074864.0000000000,9
800,140,0.0178442810,47074864.0000000000,10
800,141,0.0178234200,47074864.0000000000,7
800,142,0.0179095390,47074864.0000000000,8
800,143,0.0179083660,47074864.0000000000,5
800,144,0.0178254150,47074864.0000000000,3
800,145,0.0178881870,47074864.0000000000,2
800,146,0.0179062820,47074864.0000000000,5
800,147,0.0178764440,47074864.0000000000,11
800,148,0.0179023340,47074864.0000000000,8
800,149,0.0178301240,47074864.0000000000,1
800,150,0.0178908710,47074864.0000000000,8
800,151,0.0178851800,47074864.0000000000,11
800,152,0.0179317800,47074864.0000000000,5
850,0,7.7525980733,325116784.0000000000,8
850,1,7.7810438393,320254256.0000000000,11
850,2,7.6119057349,310852464.0000000000,7
850,3,7.6275160429,308013568.0000000000,5
850,4,7.5750535763,305937792.0000000000,3
850,5,7.8206178738,314773968.0000000000,4
850,6,8.4565860287,338467264.0000000000,6
850,7,8.5527566065,345557536.0000000000,10
850,8,8.1552991380,338282016.0000000000,9
850,9,10.2708583496,436415536.0000000000,1
850,10,10.3783475542,438119904.0000000000,13
850,11,10.6051081171,444320448.0000000000,4
850,12,10.9708720884,456705744.0000000000,22
850,13,11.1883828244,464580016.0000000000,23
850,14,10.9908650679,457300800.0000000000,5
850,15,10.6083605993,444624864.0000000000,9
850,16,10.3722071514,438162800.0000000000,14
850,17,10.2736726305,436494448.0000000000,15
850,18,10.2162106126,436389280.0000000000,0
850,19,10.2229004170,436504784.0000000000,16
850,20,10.2222005879,436513856.0000000000,16
850,21,10.2252479563,436509904.0000000000,25
850,22,10.2214421939,436506736.0000000000,18
850,23,10.2187072616,436510112.0000000000,0
850,24,10.2319302266,436510208.0000000000,2
850,25,10.2327860459,436509024.0000000000,15
850,26,10.2234403088,436383104.0000000000,19
850,27,10.2188712212,436385472.0000000000,17
850,28,10.2209161861,436512624.0000000000,12
850,29,10.2286507554,436509456.0000000000,14
850,30,10.2278829630,436510912.0000000000,21
850,31,10.2350976026,436507984.0000000000,20
850,32,10.2319315243,436510336.0000000000,2
850,33,10.2200657289,436507008.0000000000,1
850,34,10.2219582398,436509504.0000000000,13
850,35,10.2190731307,436392192.0000000000,24
850,36,10.2162019985,436095696.0000000000,12
850,37,10.2310021963,436521984.0000000000,3
850,38,10.2427659805,436501376.0000000000,7
850,39,10.2311719517,436517472.0000000000,27
850,40,10.2331192999,436520112.0000000000,26
850,41,10.2419878131,436515728.0000000000,10
850,42,10.2418223871,436525360.0000000000,11
850,43,10.2402137156,436510912.0000000000,8
850,44,10.2243549751,436102128.0000000000,6
850,45,2.6507764124,132039984.0000000000,21
850,46,2.6552520923,132149808.0000000000,20
850,47,2.6531915604,132140800.0000000000,25
850,48,2.6502284556,132149136.0000000000,23
850,49,2.6503270814,132137168.0000000000,17
850,50,2.6508131115,132136688.0000000000,18
850,51,2.6529755113,132134864.0000000000,22
850,52,2.6513133142,132138240.0000000000,19
850,53,2.6499110402,132043776.0000000000,24
850,54,0.6748298704,54827568.0000000000,25
850,55,0.6737394583,54827568.0000000000,24
850,56,0.6752791605,54827568.0000000000,22
850,57,0.6761966093,54827568.0000000000,27
850,58,0.6756043226,54827568.0000000000,27
850,59,0.6727777458,54827568.0000000000,23
850,60,0.6762602571,54827568.0000000000,20
850,61,0.6736248450,54827568.0000000000,26
850,62,0.6733336053,54827568.0000000000,19
850,63,0.6732229093,54827568.0000000000,26
850,64,0.6733854899,54827568.0000000000,26
850,65,0.6731578034,54827568.0000000000,26
850,66,0.6731501687,54827568.0000000000,19
850,67,0.6734365661,54827568.0000000000,21
850,68,0.6732662046,54827568.0000000000,21
850,69,0.6763120959,54827568.0000000000,20
850,70,0.6754614231,54827568.0000000000,22
850,71,0.6755115399,54827568.0000000000,22
850,72,0.6758456011,54827568.0000000000,27
850,73,0.6732981926,54827568.0000000000,26
850,74,0.6746906737,54827568.0000000000,25
850,75,0.6749990641,54827568.0000000000,25
850,76,0.6758203011,54827568.0000000000,27
850,77,0.6760331720,54827568.0000000000,20
850,78,0.6754276095,54827568.0000000000,22
850,79,0.6746892346,54827568.0000000000,25
850,80,0.6729454905,54827568.0000000000,19
850,81,0.6740794231,54827568.0000000000,24
850,82,0.6759539656,54827568.0000000000,20
850,83,0.6754831064,54827568.0000000000,22
850,84,0.6725997312,54827568.0000000000,23
850,85,0.6756976534,54827568.0000000000,27
850,86,0.6733161571,54827568.0000000000,19
850,87,0.6762446510,54827568.0000000000,20
850,88,0.6734196599,54827568.0000000000,17
850,89,0.6733334570,54827568.0000000000,26
850,90,0.6744300599,54827568.0000000000,24
850,91,0.6736212140,54827568.0000000000,21
850,92,0.6735447879,54827568.0000000000,17
850,93,0.6734883058,54827568.0000000000,18
850,94,0.6749631398,54827568.0000000000,9
850,95,0.6727231762,54827568.0000000000,23
850,96,0.6736506920,54827568.0000000000,17
850,97,0.6735257668,54827568.0000000000,18
850,98,0.6736866918,54827568.0000000000,18
850,99,0.6740837446,54827568.0000000000,24
850,100,0.6734260010,54827568.0000000000,18
850,101,0.6759706688,54827568.0000000000,10
850,102,0.6756775378,54827568.0000000000,8
850,103,0.6730164307,54827568.0000000000,6
850,104,0.6753131349,54827568.0000000000,11
850,105,0.6734617660,54827568.0000000000,17
850,106,0.6755583438,54827568.0000000000,7
850,107,0.6754800796,54827568.0000000000,27
850,108,0.6735077740,54827568.0000000000,17
850,109,0.6732481578,54827568.0000000000,18
850,110,0.6726489804,54827568.0000000000,23
850,111,0.6727182107,54827568.0000000000,23
850,112,0.6738140676,54827568.0000000000,19
850,113,0.6739653524,54827568.0000000000,24
850,114,0.6750737237,54827568.0000000000,25
850,115,0.6735815594,54827568.0000000000,21
850,116,0.6731861506,54827568.0000000000,21
850,117,0.5829357011,47074864.0000000000,3
850,118,0.5825467458,47074864.0000000000,4
850,119,0.5848141708,47074864.0000000000,9
850,120,0.5820688880,47074864.0000000000,6
850,121,0.5836710452,47074864.0000000000,7
850,122,0.5844770990,47074864.0000000000,10
850,123,0.5838126407,47074864.0000000000,7
850,124,0.5829179913,47074864.0000000000,3
850,125,0.5844883453,47074864.0000000000,10
850,126,0.5829049656,47074864.0000000000,4
850,127,0.5815212608,47074864.0000000000,0
850,128,0.5851419348,47074864.0000000000,5
850,129,0.5830152278,47074864.0000000000,3
850,130,0.5826124762,47074864.0000000000,4
850,131,0.5849970827,47074864.0000000000,5
850,132,0.5837831153,47074864.0000000000,11
850,133,0.5825633027,47074864.0000000000,4
850,134,0.5828019317,47074864.0000000000,4
850,135,0.5829976746,47074864.0000000000,3
850,136,0.5820005216,47074864.0000000000,6
850,137,0.5845524725,47074864.0000000000,9
850,138,0.5820032166,47074864.0000000000,6
850,139,0.5843241664,47074864.0000000000,9
850,140,0.5844260622,47074864.0000000000,10
850,141,0.5836549472,47074864.0000000000,7
850,142,0.5843342552,47074864.0000000000,8
850,143,0.5849397352,47074864.0000000000,5
850,144,0.5833211675,47074864.0000000000,3
850,145,0.5835423500,47074864.0000000000,2
850,146,0.5850518985,47074864.0000000000,5
850,147,0.5836267358,47074864.0000000000,11
850,148,0.5844091588,47074864.0000000000,8
850,149,0.5821746681,47074864.0000000000,1
850,150,0.5865350073,47074864.0000000000,8
850,151,0.5839342608,47074864.0000000000,11
850,152,0.5848911447,47074864.0000000000,5
900,0,0.2411433360,324405904.0000000000,8
900,1,0.2406693390,319069792.0000000000,11
900,2,0.2294183630,306177264.0000000000,7
900,3,0.2181772410,295700976.0000000000,5
900,4,0.2131252250,291201088.0000000000,3
900,5,0.2268971290,304912992.0000000000,4
900,6,0.2576202720,334902496.0000000000,6
900,7,0.2675223490,346419152.0000000000,10
900,8,0.2553667040,339057280.0000000000,9
900,9,0.3200866580,436443072.0000000000,1
900,10,0.3253042330,438846672.0000000000,13
900,11,0.3370089720,447885184.0000000000,4
900,12,0.3580459210,466189904.0000000000,22
900,13,0.3711769190,478247040.0000000000,23
900,14,0.3597819910,467695856.0000000000,5
900,15,0.3378391700,448630768.0000000000,9
900,16,0.3250649110,438950720.0000000000,14
900,17,0.3200925510,436578560.0000000000,15
900,18,0.3174561790,436384688.0000000000,0
900,19,0.3176335600,436507696.0000000000,16
900,20,0.3177036830,436510736.0000000000,16
900,21,0.3177940030,436508192.0000000000,25
900,22,0.3176446090,436507712.0000000000,18
900,23,0.3175615110,436511696.0000000000,0
900,24,0.3180187560,436509696.0000000000,2
900,25,0.3178235990,436512272.0000000000,15
900,26,0.3176674260,436384080.0000000000,19
900,27,0.3176591190,436385440.0000000000,17
900,28,0.3175800010,436514672.0000000000,12
900,29,0.3177479840,436506608.0000000000,14
900,30,0.3178676620,436510576.0000000000,21
900,31,0.3180068220,436512704.0000000000,20
900,32,0.3179023610,436508576.0000000000,2
900,33,0.3175169240,436506208.0000000000,1
900,34,0.3175584360,436508560.0000000000,13
900,35,0.3174480620,436388400.0000000000,24
900,36,0.3173900810,436069360.0000000000,12
900,37,0.3179064000,436521904.0000000000,3
900,38,0.3183483520,436508448.0000000000,7
900,39,0.3178780670,436516656.0000000000,27
900,40,0.3180104750,436515696.0000000000,26
900,41,0.3182364610,436516576.0000000000,10
900,42,0.3183153050,436518976.0000000000,11
900,43,0.3181911250,436512304.0000000000,8
900,44,0.3178431060,436077888.0000000000,6
900,45,0.0820756030,132035952.0000000000,21
900,46,0.0822476350,132148592.0000000000,20
900,47,0.0821494640,132136704.0000000000,25
900,48,0.0820704600,132146112.0000000000,23
900,49,0.0821209320,132140416.0000000000,17
900,50,0.0820287240,132134464.0000000000,18
900,51,0.0821943600,132136352.0000000000,22
900,52,0.0820844530,132139328.0000000000,19
900,53,0.0820560960,132038560.0000000000,24
900,54,0.0206312130,54827568.0000000000,25
900,55,0.0205916980,54827568.0000000000,24
900,56,0.0207096170,54827568.0000000000,22
900,57,0.0206958380,54827568.0000000000,27
900,58,0.0207007190,54827568.0000000000,27
900,59,0.0205615820,54827568.0000000000,23
900,60,0.0206886760,54827568.0000000000,20
900,61,0.0206200210,54827568.0000000000,26
900,62,0.0206423130,54827568.0000000000,19
900,63,0.0206144610,54827568.0000000000,26
900,64,0.0206461720,54827568.0000000000,26
900,65,0.0206405210,54827568.0000000000,26
900,66,0.0206284680,54827568.0000000000,19
900,67,0.0206691070,54827568.0000000000,21
900,68,0.0205967990,54827568.0000000000,21
900,69,0.0207145570,54827568.0000000000,20
900,70,0.0207538640,54827568.0000000000,22
900,71,0.0206353230,54827568.0000000000,22
900,72,0.0207277130,54827568.0000000000,27
900,73,0.0205833620,54827568.0000000000,26
900,74,0.0206186890,54827568.0000000000,25
900,75,0.0206901980,54827568.0000000000,25
900,76,0.0206782560,54827568.0000000000,27
900,77,0.0207251170,54827568.0000000000,20
900,78,0.0206424660,54827568.0000000000,22
900,79,0.0206484370,54827568.0000000000,25
900,80,0.0205959740,54827568.0000000000,19
900,81,0.0206159540,54827568.0000000000,24
900,82,0.0207170310,54827568.0000000000,20
900,83,0.0206940360,54827568.0000000000,22
900,84,0.0205590170,54827568.0000000000,23
900,85,0.0206698600,54827568.0000000000,27
900,86,0.0206367310,54827568.0000000000,19
900,87,0.0206753410,54827568.0000000000,20
900,88,0.0206417420,54827568.0000000000,17
900,89,0.0205968070,54827568.0000000000,26
900,90,0.0206054550,54827568.0000000000,24
900,91,0.0205865770,54827568.0000000000,21
900,92,0.0205716360,54827568.0000000000,17
900,93,0.0206171240,54827568.0000000000,18
900,94,0.0206210710,54827568.0000000000,9
900,95,0.0205508110,54827568.0000000000,23
900,96,0.0206034580,54827568.0000000000,17
900,97,0.0206661600,54827568.0000000000,18
900,98,0.0206421940,54827568.0000000000,18
900,99,0.0206352710,54827568.0000000000,24
900,100,0.0206079550,54827568.0000000000,18
900,101,0.0207046100,54827568.0000000000,10
900,102,0.0207642750,54827568.0000000000,8
900,103,0.0205658000,54827568.0000000000,6
900,104,0.0205914610,54827568.0000000000,11
900,105,0.0206354290,54827568.0000000000,17
900,106,0.0206180410,54827568.0000000000,7
900,107,0.0206635770,54827568.0000000000,27
900,108,0.0206240690,54827568.0000000000,17
900,109,0.0207066360,54827568.0000000000,18
900,110,0.0205905880,54827568.0000000000,23
900,111,0.0205863690,54827568.0000000000,23
900,112,0.0206433870,54827568.0000000000,19
900,113,0.0205585910,54827568.0000000000,24
900,114,0.0207119000,54827568.0000000000,25
900,115,0.0206067050,54827568.0000000000,21
900,116,0.0205745950,54827568.0000000000,21
900,117,0.0178259560,47074864.0000000000,3
900,118,0.0178351770,47074864.0000000000,4
900,119,0.0178915430,47074864.0000000000,9
900,120,0.0178300750,47074864.0000000000,6
900,121,0.0178845320,47074864.0000000000,7
900,122,0.0179068920,47074864.0000000000,10
900,123,0.0178726380,47074864.0000000000,7
900,124,0.0178552050,47074864.0000000000,3
900,125,0.0178957000,47074864.0000000000,10
900,126,0.0178242150,47074864.0000000000,4
900,127,0.0178042940,47074864.0000000000,0
900,128,0.0179261110,47074864.0000000000,5
900,129,0.0178422050,47074864.0000000000,3
900,130,0.0178439320,47074864.0000000000,4
900,131,0.0178961120,47074864.0000000000,5
900,132,0.0178608150,47074864.0000000000,11
900,133,0.0177894650,47074864.0000000000,4
900,134,0.0178389030,47074864.0000000000,4
900,135,0.0178558710,47074864.0000000000,3
900,136,0.0178119220,47074864.0000000000,6
900,137,0.0179159810,47074864.0000000000,9
900,138,0.0178541600,47074864.0000000000,6
900,139,0.0178914130,47074864.0000000000,9
900,140,0.0179468110,47074864.0000000000,10
900,141,0.0178492620,47074864.0000000000,7
900,142,0.0179106010,47074864.0000000000,8
900,143,0.0178676790,47074864.0000000000,5
900,144,0.0178662740,47074864.0000000000,3
900,145,0.0178523050,47074864.0000000000,2
900,146,0.0178995210,47074864.0000000000,5
900,147,0.0178988750,47074864.0000000000,11
900,148,0.0178708240,47074864.0000000000,8
900,149,0.0178079610,47074864.0000000000,1
900,150,0.0178766640,47074864.0000000000,8
900,151,0.0178756120,47074864.0000000000,11
900,152,0.0179057220,47074864.0000000000,5
950,0,7.7504405780,323644240.0000000000,8
950,1,7.7393534718,318043616.0000000000,11
950,2,7.3166879094,303225872.0000000000,7
950,3,6.8320559640,286654480.0000000000,5
950,4,6.6096386312,280319360.0000000000,3
950,5,7.1432552549,297640880.0000000000,4
950,6,8.2481733494,332003968.0000000000,6
950,7,8.6481526374,347754752.0000000000,10
950,8,8.2508118224,339977360.0000000000,9
950,9,10.3103707031,436453168.0000000000,1
950,10,10.4955208881,439361648.0000000000,13
950,11,10.9175069919,450329024.0000000000,4
950,12,11.6836688836,472750416.0000000000,22
950,13,12.1806659067,488107632.0000000000,23
950,14,11.7669614548,475518160.0000000000,5
950,15,10.9552164426,451728464.0000000000,9
950,16,10.4759822238,439565040.0000000000,14
950,17,10.3066389126,436651472.0000000000,15
950,18,10.2170519788,436383968.0000000000,0
950,19,10.2227539855,436509904.0000000000,16
950,20,10.2206981132,436506992.0000000000,16
950,21,10.2254044032,436511312.0000000000,25
950,22,10.2217416575,436510960.0000000000,18
950,23,10.2192204144,436516176.0000000000,0
950,24,10.2322095523,436504800.0000000000,2
950,25,10.2334181340,436510912.0000000000,15
950,26,10.2228189461,436380112.0000000000,19
950,27,10.2204457178,436383920.0000000000,17
950,28,10.2199692762,436514512.0000000000,12
950,29,10.2281388140,436506992.0000000000,14
950,30,10.2279145908,436510880.0000000000,21
950,31,10.2346081340,436509824.0000000000,20
950,32,10.2309602505,436508384.0000000000,2
950,33,10.2212147207,436510336.0000000000,1
950,34,10.2218692923,436509840.0000000000,13
950,35,10.2193268729,436385680.0000000000,24
950,36,10.2143766634,436045952.0000000000,12
950,37,10.2311143308,436520016.0000000000,3
950,38,10.2424844273,436511008.0000000000,7
950,39,10.2320520429,436520992.0000000000,27
950,40,10.2337480374,436512432.0000000000,26
950,41,10.2432971306,436513968.0000000000,10
950,42,10.2412075090,436519664.0000000000,11
950,43,10.2396455977,436507616.0000000000,8
950,44,10.2228662308,436058736.0000000000,6
950,45,2.6506454755,132032544.0000000000,21
950,46,2.6551325735,132146928.0000000000,20
950,47,2.6528367183,132135296.0000000000,25
950,48,2.6493593053,132148144.0000000000,23
950,49,2.6505412531,132142992.0000000000,17
950,50,2.6510401955,132134880.0000000000,18
950,51,2.6535218159,132135776.0000000000,22
950,52,2.6518535618,132139872.0000000000,19
950,53,2.6502370147,132033904.0000000000,24
950,54,0.6751088115,54827568.0000000000,25
950,55,0.6742755665,54827568.0000000000,24
950,56,0.6753225377,54827568.0000000000,22
950,57,0.6759653989,54827568.0000000000,27
950,58,0.6757261055,54827568.0000000000,27
950,59,0.6728437975,54827568.0000000000,23
950,60,0.6766158551,54827568.0000000000,20
950,61,0.6735824727,54827568.0000000000,26
950,62,0.6731873746,54827568.0000000000,19
950,63,0.6740271666,54827568.0000000000,26
950,64,0.6734954801,54827568.0000000000,26
950,65,0.6734453876,54827568.0000000000,26
950,66,0.6726504004,54827568.0000000000,19
950,67,0.6731565191,54827568.0000000000,21
950,68,0.6730898487,54827568.0000000000,21
950,69,0.6763470899,54827568.0000000000,20
950,70,0.6750343159,54827568.0000000000,22
950,71,0.6753515022,54827568.0000000000,22
950,72,0.6758442394,54827568.0000000000,27
950,73,0.6735870442,54827568.0000000000,26
950,74,0.6748123267,54827568.0000000000,25
950,75,0.6748042040,54827568.0000000000,25
950,76,0.6758264397,54827568.0000000000,27
950,77,0.6761049559,54827568.0000000000,20
950,78,0.6753099906,54827568.0000000000,22
950,79,0.6748234838,54827568.0000000000,25
950,80,0.6733695441,54827568.0000000000,19
950,81,0.6741700673,54827568.0000000000,24
950,82,0.6759253178,54827568.0000000000,20
950,83,0.6750665296,54827568.0000000000,22
950,84,0.6722322020,54827568.0000000000,23
950,85,0.6758684272,54827568.0000000000,27
950,86,0.6734291270,54827568.0000000000,19
950,87,0.6758647391,54827568.0000000000,20
950,88,0.6735816373,54827568.0000000000,17
950,89,0.6735368040,54827568.0000000000,26
950,90,0.6740733607,54827568.0000000000,24
950,91,0.6728429743,54827568.0000000000,21
950,92,0.6735265078,54827568.0000000000,17
950,93,0.6736861602,54827568.0000000000,18
950,94,0.6748300953,54827568.0000000000,9
950,95,0.6722025488,54827568.0000000000,23
950,96,0.6735201110,54827568.0000000000,17
950,97,0.6734687055,54827568.0000000000,18
950,98,0.6740583128,54827568.0000000000,18
950,99,0.6737419899,54827568.0000000000,24
950,100,0.6734400276,54827568.0000000000,18
950,101,0.6759604525,54827568.0000000000,10
950,102,0.6754587050,54827568.0000000000,8
950,103,0.6729521157,54827568.0000000000,6
950,104,0.6750190643,54827568.0000000000,11
950,105,0.6734499759,54827568.0000000000,17
950,106,0.6754086723,54827568.0000000000,7
950,107,0.6758268753,54827568.0000000000,27
950,108,0.6733515860,54827568.0000000000,17
950,109,0.6732452225,54827568.0000000000,18
950,110,0.6726579995,54827568.0000000000,23
950,111,0.6724009639,54827568.0000000000,23
950,112,0.6734225307,54827568.0000000000,19
950,113,0.6739590949,54827568.0000000000,24
950,114,0.6746638835,54827568.0000000000,25
950,115,0.6733774988,54827568.0000000000,21
950,116,0.6735472431,54827568.0000000000,21
950,117,0.5829477630,47074864.0000000000,3
950,118,0.5826184936,47074864.0000000000,4
950,119,0.5846271319,47074864.0000000000,9
950,120,0.5821013490,47074864.0000000000,6
950,121,0.5839994472,47074864.0000000000,7
950,122,0.5845286631,47074864.0000000000,10
950,123,0.5837495269,47074864.0000000000,7
950,124,0.5829207973,47074864.0000000000,3
950,125,0.5843952203,47074864.0000000000,10
950,126,0.5826950228,47074864.0000000000,4
950,127,0.5815151871,47074864.0000000000,0
950,128,0.5849338752,47074864.0000000000,5
950,129,0.5831865003,47074864.0000000000,3
950,130,0.5826209983,47074864.0000000000,4
950,131,0.5849372595,47074864.0000000000,5
950,132,0.5837953423,47074864.0000000000,11
950,133,0.5826631694,47074864.0000000000,4
950,134,0.5826400429,47074864.0000000000,4
950,135,0.5828731128,47074864.0000000000,3
950,136,0.5819134880,47074864.0000000000,6
950,137,0.5844999956,47074864.0000000000,9
950,138,0.5821193159,47074864.0000000000,6
950,139,0.5845371681,47074864.0000000000,9
950,140,0.5845396720,47074864.0000000000,10
950,141,0.5836764310,47074864.0000000000,7
950,142,0.5842797290,47074864.0000000000,8
950,143,0.5849005311,47074864.0000000000,5
950,144,0.5830450508,47074864.0000000000,3
950,145,0.5834559984,47074864.0000000000,2
950,146,0.5849917148,47074864.0000000000,5
950,147,0.5838407589,47074864.0000000000,11
950,148,0.5843670683,47074864.0000000000,8
950,149,0.5823255155,47074864.0000000000,1
950,150,0.5843861640,47074864.0000000000,8
950,151,0.5836869425,47074864.0000000000,11
950,152,0.5847607979,47074864.0000000000,5
1000,0,0.2405779030,322723760.0000000000,8
1000,1,0.2395347820,317040272.0000000000,11
1000,2,0.2253927140,301876800.0000000000,7
1000,3,0.2031437490,281168544.0000000000,5
1000,4,0.1941382410,273993056.0000000000,3
1000,5,0.2143767770,293265760.0000000000,4
1000,6,0.2541490350,330023088.0000000000,6
1000,7,0.2721348620,349737488.0000000000,10
1000,8,0.2581575430,340999808.0000000000,9
1000,9,0.3211226840,436427840.0000000000,1
1000,10,0.3278612110,439605136.0000000000,13
1000,11,0.3428265420,451382272.0000000000,4
1000,12,0.3707102310,475439424.0000000000,22
1000,13,0.3892143650,492482016.0000000000,23
1000,14,0.3752071280,479507040.0000000000,5
1000,15,0.3449513090,453453712.0000000000,9
1000,16,0.3270330330,439892416.0000000000,14
1000,17,0.3211724780,436690128.0000000000,15
1000,18,0.3175583280,436383104.0000000000,0
1000,19,0.3176219860,436511840.0000000000,16
1000,20,0.3175866670,436507376.0000000000,16
1000,21,0.3180156390,436508160.0000000000,25
1000,22,0.3177360000,436511184.0000000000,18
1000,23,0.3173837210,436512032.0000000000,0
1000,24,0.3179163440,436509040.0000000000,2
1000,25,0.3179170620,436509360.0000000000,15
1000,26,0.3176579660,436382544.0000000000,19
1000,27,0.3174240780,436385760.0000000000,17
1000,28,0.3176289780,436507264.0000000000,12
1000,29,0.3178531400,436514000.0000000000,14
1000,30,0.3178413290,436509856.0000000000,21
1000,31,0.3180384390,436511936.0000000000,20
1000,32,0.3179664520,436506256.0000000000,2
1000,33,0.3175266280,436510336.0000000000,1
1000,34,0.3175334700,436509984.0000000000,13
1000,35,0.3174292130,436383056.0000000000,24
1000,36,0.3173904560,436025120.0000000000,12
1000,37,0.3179877830,436517696.0000000000,3
1000,38,0.3184373210,436510688.0000000000,7
1000,39,0.3178700980,436521040.0000000000,27
1000,40,0.3180304870,436510288.0000000000,26
1000,41,0.3183456150,436510880.0000000000,10
1000,42,0.3182366770,436522448.0000000000,11
1000,43,0.3182319660,436511600.0000000000,8
1000,44,0.3176797790,436031840.0000000000,6
1000,45,0.0820226910,132027888.0000000000,21
1000,46,0.0822678060,132144144.0000000000,20
1000,47,0.0820998100,132137424.0000000000,25
1000,48,0.0820258350,132147664.0000000000,23
1000,49,0.0821410670,132146000.0000000000,17
1000,50,0.0821783360,132135936.0000000000,18
1000,51,0.0823077910,132132944.0000000000,22
1000,52,0.0821627790,132141536.0000000000,19
1000,53,0.0820805400,132027232.0000000000,24
1000,54,0.0206377260,54827568.0000000000,25
1000,55,0.0206125970,54827568.0000000000,24
1000,56,0.0206720840,54827568.0000000000,22
1000,57,0.0206423060,54827568.0000000000,27
1000,58,0.0206703200,54827568.0000000000,27
1000,59,0.0205704690,54827568.0000000000,23
1000,60,0.0207197380,54827568.0000000000,20
1000,61,0.0206444990,54827568.0000000000,26
1000,62,0.0206289890,54827568.0000000000,19
1000,63,0.0206138710,54827568.0000000000,26
1000,64,0.0206180590,54827568.0000000000,26
1000,65,0.0206073160,54827568.0000000000,26
1000,66,0.0206247680,54827568.0000000000,19
1000,67,0.0205538690,54827568.0000000000,21
1000,68,0.0205857190,54827568.0000000000,21
1000,69,0.0207169300,54827568.0000000000,20
1000,70,0.0206743290,54827568.0000000000,22
1000,71,0.0206735480,54827568.0000000000,22
1000,72,0.0206985240,54827568.0000000000,27
1000,73,0.0207000480,54827568.0000000000,26
1000,74,0.0207083520,54827568.0000000000,25
1000,75,0.0206298900,54827568.0000000000,25
1000,76,0.0207036830,54827568.0000000000,27
1000,77,0.0206568340,54827568.0000000000,20
1000,78,0.0207429130,54827568.0000000000,22
1000,79,0.0207092140,54827568.0000000000,25
1000,80,0.0206002300,54827568.0000000000,19
1000,81,0.0206107550,54827568.0000000000,24
1000,82,0.0207650650,54827568.0000000000,20
1000,83,0.0206802110,54827568.0000000000,22
1000,84,0.0206513840,54827568.0000000000,23
1000,85,0.0206676640,54827568.0000000000,27
1000,86,0.0206812180,54827568.0000000000,19
1000,87,0.0206706230,54827568.0000000000,20
1000,88,0.0206785740,54827568.0000000000,17
1000,89,0.0206017060,54827568.0000000000,26
1000,90,0.0205534210,54827568.0000000000,24
1000,91,0.0206569030,54827568.0000000000,21
1000,92,0.0206137480,54827568.0000000000,17
1000,93,0.0205730700,54827568.0000000000,18
1000,94,0.0206849440,54827568.0000000000,9
1000,95,0.0206222290,54827568.0000000000,23
1000,96,0.0206790260,54827568.0000000000,17
1000,97,0.0206163720,54827568.0000000000,18
1000,98,0.0206382350,54827568.0000000000,18
1000,99,0.0206174170,54827568.0000000000,24
1000,100,0.0206529750,54827568.0000000000,18
1000,101,0.0206636230,54827568.0000000000,10
1000,102,0.0207221570,54827568.0000000000,8
1000,103,0.0205264980,54827568.0000000000,6
1000,104,0.0207423960,54827568.0000000000,11
1000,105,0.0205525500,54827568.0000000000,17
1000,106,0.0206700330,54827568.0000000000,7
1000,107,0.0206852090,54827568.0000000000,27
1000,108,0.0206173470,54827568.0000000000,17
1000,109,0.0206248210,54827568.0000000000,18
1000,110,0.0205460800,54827568.0000000000,23
1000,111,0.0206072110,54827568.0000000000,23
1000,112,0.0206237180,54827568.0000000000,19
1000,113,0.0205758970,54827568.0000000000,24
1000,114,0.0206503100,54827568.0000000000,25
1000,115,0.0205745370,54827568.0000000000,21
1000,116,0.0205727730,54827568.0000000000,21
1000,117,0.0178987510,47074864.0000000000,3
1000,118,0.0178137650,47074864.0000000000,4
1000,119,0.0179199270,47074864.0000000000,9
1000,120,0.0178381430,47074864.0000000000,6
1000,121,0.0179048600,47074864.0000000000,7
1000,122,0.0178780870,47074864.0000000000,10
1000,123,0.0178987180,47074864.0000000000,7
1000,124,0.0178385110,47074864.0000000000,3
1000,125,0.0178926470,47074864.0000000000,10
1000,126,0.0178568590,47074864.0000000000,4
1000,127,0.0178360360,47074864.0000000000,0
1000,128,0.0178993110,47074864.0000000000,5
1000,129,0.0179036580,47074864.0000000000,3
1000,130,0.0178654540,47074864.0000000000,4
1000,131,0.0178838100,47074864.0000000000,5
1000,132,0.0178764950,47074864.0000000000,11
1000,133,0.0178585600,47074864.0000000000,4
1000,134,0.0178330730,47074864.0000000000,4
1000,135,0.0178448340,47074864.0000000000,3
1000,136,0.0178143560,47074864.0000000000,6
1000,137,0.0179059320,47074864.0000000000,9
1000,138,0.0178141750,47074864.0000000000,6
1000,139,0.0178654940,47074864.0000000000,9
1000,140,0.0178603920,47074864.0000000000,10
1000,141,0.0178699830,47074864.0000000000,7
1000,142,0.0178592910,47074864.0000000000,8
1000,143,0.0178996810,47074864.0000000000,5
1000,144,0.0178410760,47074864.0000000000,3
1000,145,0.0178655250,47074864.0000000000,2
1000,146,0.0179203890,47074864.0000000000,5
1000,147,0.0178667360,47074864.0000000000,11
1000,148,0.0179126940,47074864.0000000000,8
1000,149,0.0178225010,47074864.0000000000,1
1000,150,0.0179288660,47074864.0000000000,8
1000,151,0.0178629670,47074864.0000000000,11
1000,152,0.0178890490,47074864.0000000000,5
1050,0,7.7197820405,321832752.0000000000,8
1050,1,7.7068472474,316041360.0000000000,11
1050,2,7.2623212256,301681888.0000000000,7
1050,3,6.4972163541,279192912.0000000000,5
1050,4,6.1782924747,270897616.0000000000,3
1050,5,6.8606215409,291747232.0000000000,4
1050,6,8.1831022082,329253664.0000000000,6
1050,7,8.8025924873,352264656.0000000000,10
1050,8,8.3254586851,341990672.0000000000,9
1050,9,10.3389450608,436392288.0000000000,1
1050,10,10.5594230696,439739424.0000000000,13
1050,11,11.0523638085,451679408.0000000000,4
1050,12,11.9417909221,475837744.0000000000,22
1050,13,12.5553786823,493261072.0000000000,23
1050,14,12.1095445903,480625360.0000000000,5
1050,15,11.1191133201,454049216.0000000000,9
1050,16,10.5360859227,440050000.0000000000,14
1050,17,10.3353056814,436716096.0000000000,15
1050,18,10.2172978895,436381920.0000000000,0
1050,19,10.2229947914,436509152.0000000000,16
1050,20,10.2229248757,436511936.0000000000,16
1050,21,10.2257203016,436512896.0000000000,25
1050,22,10.2219455063,436512080.0000000000,18
1050,23,10.2190495579,436508736.0000000000,0
1050,24,10.2324634620,436508000.0000000000,2
1050,25,10.2330074041,436507488.0000000000,15
1050,26,10.2223645303,436378688.0000000000,19
1050,27,10.2192144930,436383456.0000000000,17
1050,28,10.2208485636,436506096.0000000000,12
1050,29,10.2277886805,436510128.0000000000,14
1050,30,10.2287228334,436509312.0000000000,21
1050,31,10.2354958459,436512480.0000000000,20
1050,32,10.2314042962,436511472.0000000000,2
1050,33,10.2214508950,436510160.0000000000,1
1050,34,10.2212846647,436510576.0000000000,13
1050,35,10.2200686297,436383856.0000000000,24
1050,36,10.2126378797,436003200.0000000000,12
1050,37,10.2310853852,436514352.0000000000,3
1050,38,10.2420852075,436518480.0000000000,7
1050,39,10.2316039642,436521296.0000000000,27
1050,40,10.2344160205,436509216.0000000000,26
1050,41,10.2429362034,436504800.0000000000,10
1050,42,10.2408044976,436526704.0000000000,11
1050,43,10.2395821209,436515984.0000000000,8
1050,44,10.2227505733,436010464.0000000000,6
1050,45,2.6505202694,132025120.0000000000,21
1050,46,2.6561878098,132147344.0000000000,20
1050,47,2.6532567535,132133776.0000000000,25
1050,48,2.6495028141,132145680.0000000000,23
1050,49,2.6514368583,132146160.0000000000,17
1050,50,2.6511158366,132135840.0000000000,18
1050,51,2.6537580735,132134432.0000000000,22
1050,52,2.6513257612,132141120.0000000000,19
1050,53,2.6500359415,132019424.0000000000,24
1050,54,0.6751906495,54827568.0000000000,25
1050,55,0.6742526035,54827568.0000000000,24
1050,56,0.6752592833,54827568.0000000000,22
1050,57,0.6758252877,54827568.0000000000,27
1050,58,0.6753995074,54827568.0000000000,27
1050,59,0.6726667012,54827568.0000000000,23
1050,60,0.6763896771,54827568.0000000000,20
1050,61,0.6739767259,54827568.0000000000,26
1050,62,0.6734838548,54827568.0000000000,19
1050,63,0.6737540318,54827568.0000000000,26
1050,64,0.6734218204,54827568.0000000000,26
1050,65,0.6730865902,54827568.0000000000,26
1050,66,0.6731432044,54827568.0000000000,19
1050,67,0.6733426060,54827568.0000000000,21
1050,68,0.6732658326,54827568.0000000000,21
1050,69,0.6758997920,54827568.0000000000,20
1050,70,0.6753530810,54827568.0000000000,22
1050,71,0.6754280020,54827568.0000000000,22
1050,72,0.6760444574,54827568.0000000000,27
1050,73,0.6734404862,54827568.0000000000,26
1050,74,0.6747134918,54827568.0000000000,25
1050,75,0.6749959788,54827568.0000000000,25
1050,76,0.6755429708,54827568.0000000000,27
1050,77,0.6760716710,54827568.0000000000,20
1050,78,0.6752498203,54827568.0000000000,22
1050,79,0.6749398647,54827568.0000000000,25
1050,80,0.6732497401,54827568.0000000000,19
1050,81,0.6738070994,54827568.0000000000,24
1050,82,0.6763062726,54827568.0000000000,20
1050,83,0.6755736628,54827568.0000000000,22
1050,84,0.6725864201,54827568.0000000000,23
1050,85,0.6756696074,54827568.0000000000,27
1050,86,0.6736688374,54827568.0000000000,19
1050,87,0.6761070652,54827568.0000000000,20
1050,88,0.6734736763,54827568.0000000000,17
1050,89,0.6736341714,54827568.0000000000,26
1050,90,0.6741230429,54827568.0000000000,24
1050,91,0.6732897686,54827568.0000000000,21
1050,92,0.6734741208,54827568.0000000000,17
1050,93,0.6736051589,54827568.0000000000,18
1050,94,0.6752288719,54827568.0000000000,9
1050,95,0.6724829303,54827568.0000000000,23
1050,96,0.6736905331,54827568.0000000000,17
1050,97,0.6734110118,54827568.0000000000,18
1050,98,0.6737536983,54827568.0000000000,18
1050,99,0.6736366172,54827568.0000000000,24
1050,100,0.6737443073,54827568.0000000000,18
1050,101,0.6761725125,54827568.0000000000,10
1050,102,0.6756432915,54827568.0000000000,8
1050,103,0.6730122803,54827568.0000000000,6
1050,104,0.6750766927,54827568.0000000000,11
1050,105,0.6735370304,54827568.0000000000,17
1050,106,0.6750952720,54827568.0000000000,7
1050,107,0.6757195835,54827568.0000000000,27
1050,108,0.6732228007,54827568.0000000000,17
1050,109,0.6733882542,54827568.0000000000,18
1050,110,0.6724514790,54827568.0000000000,23
1050,111,0.6724344411,54827568.0000000000,23
1050,112,0.6731781270,54827568.0000000000,19
1050,113,0.6740925869,54827568.0000000000,24
1050,114,0.6747647437,54827568.0000000000,25
1050,115,0.6733760011,54827568.0000000000,21
1050,116,0.6732951257,54827568.0000000000,21
1050,117,0.5829844513,47074864.0000000000,3
1050,118,0.5826054430,47074864.0000000000,4
1050,119,0.5845739796,47074864.0000000000,9
1050,120,0.5818740040,47074864.0000000000,6
1050,121,0.5838422908,47074864.0000000000,7
1050,122,0.5844183652,47074864.0000000000,10
1050,123,0.5837124319,47074864.0000000000,7
1050,124,0.5830430922,47074864.0000000000,3
1050,125,0.5843956976,47074864.0000000000,10
1050,126,0.5826319655,47074864.0000000000,4
1050,127,0.5815594270,47074864.0000000000,0
1050,128,0.5848626672,47074864.0000000000,5
1050,129,0.5829343674,47074864.0000000000,3
1050,130,0.5827570957,47074864.0000000000,4
1050,131,0.5849909899,47074864.0000000000,5
1050,132,0.5837555427,47074864.0000000000,11
1050,133,0.5825610494,47074864.0000000000,4
1050,134,0.5828142548,47074864.0000000000,4
1050,135,0.5828867977,47074864.0000000000,3
1050,136,0.5819424117,47074864.0000000000,6
1050,137,0.5845895103,47074864.0000000000,9
1050,138,0.5820544259,47074864.0000000000,6
1050,139,0.5843991313,47074864.0000000000,9
1050,140,0.5845923302,47074864.0000000000,10
1050,141,0.5839050110,47074864.0000000000,7
1050,142,0.5842442243,47074864.0000000000,8
1050,143,0.5848181573,47074864.0000000000,5
1050,144,0.5830274662,47074864.0000000000,3
1050,145,0.5833945469,47074864.0000000000,2
1050,146,0.5850803717,47074864.0000000000,5
1050,147,0.5837171823,47074864.0000000000,11
1050,148,0.5844044150,47074864.0000000000,8
1050,149,0.5820778233,47074864.0000000000,1
1050,150,0.5843281041,47074864.0000000000,8
1050,151,0.5836384959,47074864.0000000000,11
1050,152,0.5849180894,47074864.0000000000,5
1100,0,0.2387382420,320824032.0000000000,8
1100,1,0.2382269930,314701056.0000000000,11
1100,2,0.2262397590,301512448.0000000000,7
1100,3,0.1990788740,277629072.0000000000,5
1100,4,0.1806044700,262944288.0000000000,3
1100,5,0.2104668480,289686224.0000000000,4
1100,6,0.2551805410,329145584.0000000000,6
1100,7,0.2779779730,355088512.0000000000,10
1100,8,0.2604109280,342894176.0000000000,9
1100,9,0.3213546280,436383008.0000000000,1
1100,10,0.3287277240,439898352.0000000000,13
1100,11,0.3446389770,452071968.0000000000,4
1100,12,0.3726234200,476187584.0000000000,22
1100,13,0.3909476140,493184640.0000000000,23
1100,14,0.3772506740,480706544.0000000000,5
1100,15,0.3469029130,454259888.0000000000,9
1100,16,0.3277927770,440108688.0000000000,14
1100,17,0.3211743610,436725280.0000000000,15
1100,18,0.3174203860,436376880.0000000000,0
1100,19,0.3177481130,436507184.0000000000,16
1100,20,0.3175916910,436514336.0000000000,16
1100,21,0.3177110850,436509264.0000000000,25
1100,22,0.3176557430,436510912.0000000000,18
1100,23,0.3174827110,436511648.0000000000,0
1100,24,0.3179056500,436514064.0000000000,2
1100,25,0.3179870860,436510640.0000000000,15
1100,26,0.3175615330,436377296.0000000000,19
1100,27,0.3175237100,436381696.0000000000,17
1100,28,0.3175966810,436506288.0000000000,12
1100,29,0.3178172600,436506768.0000000000,14
1100,30,0.3178128550,436511888.0000000000,21
1100,31,0.3180648020,436507632.0000000000,20
1100,32,0.3179129550,436508544.0000000000,2
1100,33,0.3176174320,436512128.0000000000,1
1100,34,0.3176775680,436510336.0000000000,13
1100,35,0.3174590550,436382736.0000000000,24
1100,36,0.3173440730,435981312.0000000000,12
1100,37,0.3179264410,436515776.0000000000,3
1100,38,0.3182701240,436518288.0000000000,7
1100,39,0.3179814280,436523776.0000000000,27
1100,40,0.3179672710,436507968.0000000000,26
1100,41,0.3181663550,436506144.0000000000,10
1100,42,0.3182721280,436525648.0000000000,11
1100,43,0.3182243250,436512144.0000000000,8
1100,44,0.3176504250,435985584.0000000000,6
1100,45,0.0820657300,132017296.0000000000,21
1100,46,0.0821991200,132147664.0000000000,20
1100,47,0.0821005800,132134816.0000000000,25
1100,48,0.0821118920,132143824.0000000000,23
1100,49,0.0822817640,132144048.0000000000,17
1100,50,0.0822048730,132136256.0000000000,18
1100,51,0.0823188550,132136960.0000000000,22
1100,52,0.0821830200,132142224.0000000000,19
1100,53,0.0820996690,132013152.0000000000,24
1100,54,0.0207545730,54827568.0000000000,25
1100,55,0.0206581440,54827568.0000000000,24
1100,56,0.0206675870,54827568.0000000000,22
1100,57,0.0207468580,54827568.0000000000,27
1100,58,0.0207199770,54827568.0000000000,27
1100,59,0.0205516110,54827568.0000000000,23
1100,60,0.0207519770,54827568.0000000000,20
1100,61,0.0206293100,54827568.0000000000,26
1100,62,0.0206172860,54827568.0000000000,19
1100,63,0.0206120660,54827568.0000000000,26
1100,64,0.0205758160,54827568.0000000000,26
1100,65,0.0205723000,54827568.0000000000,26
1100,66,0.0205522890,54827568.0000000000,19
1100,67,0.0206342520,54827568.0000000000,21
1100,68,0.0206594010,54827568.0000000000,21
1100,69,0.0206874260,54827568.0000000000,20
1100,70,0.0206961700,54827568.0000000000,22
1100,71,0.0206449220,54827568.0000000000,22
1100,72,0.0206735460,54827568.0000000000,27
1100,73,0.0206217240,54827568.0000000000,26
1100,74,0.0206435970,54827568.0000000000,25
1100,75,0.0206752990,54827568.0000000000,25
1100,76,0.0207134720,54827568.0000000000,27
1100,77,0.0207273620,54827568.0000000000,20
1100,78,0.0206962310,54827568.0000000000,22
1100,79,0.0207064680,54827568.0000000000,25
1100,80,0.0205572170,54827568.0000000000,19
1100,81,0.0206640570,54827568.0000000000,24
1100,82,0.0206785970,54827568.0000000000,20
1100,83,0.0207059690,54827568.0000000000,22
1100,84,0.0205761100,54827568.0000000000,23
1100,85,0.0207877960,54827568.0000000000,27
1100,86,0.0206082260,54827568.0000000000,19
1100,87,0.0207165800,54827568.0000000000,20
1100,88,0.0206076740,54827568.0000000000,17
1100,89,0.0206403500,54827568.0000000000,26
1100,90,0.0206293080,54827568.0000000000,24
1100,91,0.0205728640,54827568.0000000000,21
1100,92,0.0206274140,54827568.0000000000,17
1100,93,0.0206666810,54827568.0000000000,18
1100,94,0.0207690670,54827568.0000000000,9
1100,95,0.0205466420,54827568.0000000000,23
1100,96,0.0206282150,54827568.0000000000,17
1100,97,0.0206160910,54827568.0000000000,18
1100,98,0.0206042580,54827568.0000000000,18
1100,99,0.0206746680,54827568.0000000000,24
1100,100,0.0206673910,54827568.0000000000,18
1100,101,0.0206878780,54827568.0000000000,10
1100,102,0.0206438040,54827568.0000000000,8
1100,103,0.0205710400,54827568.0000000000,6
1100,104,0.0207259030,54827568.0000000000,11
1100,105,0.0206366320,54827568.0000000000,17
1100,106,0.0206544310,54827568.0000000000,7
1100,107,0.0206760900,54827568.0000000000,27
1100,108,0.0205936180,54827568.0000000000,17
1100,109,0.0205161800,54827568.0000000000,18
1100,110,0.0206161580,54827568.0000000000,23
1100,111,0.0205651570,54827568.0000000000,23
1100,112,0.0206082670,54827568.0000000000,19
1100,113,0.0206872320,54827568.0000000000,24
1100,114,0.0206267650,54827568.0000000000,25
1100,115,0.0206083730,54827568.0000000000,21
1100,116,0.0205843150,54827568.0000000000,21
1100,117,0.0178205330,47074864.0000000000,3
1100,118,0.0178441490,47074864.0000000000,4
1100,119,0.0179033060,47074864.0000000000,9
1100,120,0.0178370400,47074864.0000000000,6
1100,121,0.0178638790,47074864.0000000000,7
1100,122,0.0178733900,47074864.0000000000,10
1100,123,0.0178758330,47074864.0000000000,7
1100,124,0.0178649810,47074864.0000000000,3
1100,125,0.0178847490,47074864.0000000000,10
1100,126,0.0178608240,47074864.0000000000,4
1100,127,0.0178295000,47074864.0000000000,0
1100,128,0.0179107290,47074864.0000000000,5
1100,129,0.0178296120,47074864.0000000000,3
1100,130,0.0178699010,47074864.0000000000,4
1100,131,0.0178738180,47074864.0000000000,5
1100,132,0.0178847720,47074864.0000000000,11
1100,133,0.0178466650,47074864.0000000000,4
1100,134,0.0178252250,47074864.0000000000,4
1100,135,0.0178112360,47074864.0000000000,3
1100,136,0.0178730750,47074864.0000000000,6
1100,137,0.0178763040,47074864.0000000000,9
1100,138,0.0178060380,47074864.0000000000,6
1100,139,0.0178541410,47074864.0000000000,9
1100,140,0.0179095180,47074864.0000000000,10
1100,141,0.0178641630,47074864.0000000000,7
1100,142,0.0178780970,47074864.0000000000,8
1100,143,0.0179072610,47074864.0000000000,5
1100,144,0.0178877540,47074864.0000000000,3
1100,145,0.0178713120,47074864.0000000000,2
1100,146,0.0178757220,47074864.0000000000,5
1100,147,0.0178135610,47074864.0000000000,11
1100,148,0.0178834170,47074864.0000000000,8
1100,149,0.0178314740,47074864.0000000000,1
1100,150,0.0179376830,47074864.0000000000,8
1100,151,0.0178309250,47074864.0000000000,11
1100,152,0.0179278340,47074864.0000000000,5
1150,0,7.6691513357,319930512.0000000000,8
1150,1,7.6447433539,313134240.0000000000,11
1150,2,7.2852487978,300978848.0000000000,7
1150,3,6.3951499789,276165776.0000000000,5
1150,4,5.7304109210,259195168.0000000000,3
1150,5,6.7464943332,287613728.0000000000,4
1150,6,8.2389744096,329638928.0000000000,6
1150,7,9.0103679543,357956720.0000000000,10
1150,8,8.3953054328,343661264.0000000000,9
1150,9,10.3370420300,436441584.0000000000,1
1150,10,10.5774957914,440222816.0000000000,13
1150,11,11.0985585159,452788432.0000000000,4
1150,12,11.9963075266,477033856.0000000000,22
1150,13,12.5684489925,493360432.0000000000,23
1150,14,12.1249085542,480674848.0000000000,5
1150,15,11.1430551421,454377264.0000000000,9
1150,16,10.5406669013,440105344.0000000000,14
1150,17,10.3321227555,436683760.0000000000,15
1150,18,10.2170188141,436379504.0000000000,0
1150,19,10.2223122102,436508176.0000000000,16
1150,20,10.2225796297,436511760.0000000000,16
1150,21,10.2259238828,436510688.0000000000,25
1150,22,10.2216757365,436510512.0000000000,18
1150,23,10.2181174971,436508576.0000000000,0
1150,24,10.2322504403,436510368.0000000000,2
1150,25,10.2332345317,436511552.0000000000,15
1150,26,10.2232496878,436375952.0000000000,19
1150,27,10.2194282431,436379360.0000000000,17
1150,28,10.2204275701,436507776.0000000000,12
1150,29,10.2276622864,436510016.0000000000,14
1150,30,10.2279909519,436516400.0000000000,21
1150,31,10.2353971874,436507888.0000000000,20
1150,32,10.2311169350,436512784.0000000000,2
1150,33,10.2211253730,436506128.0000000000,1
1150,34,10.2211517255,436516176.0000000000,13
1150,35,10.2196343367,436378480.0000000000,24
1150,36,10.2126612531,435961648.0000000000,12
1150,37,10.2306985116,436513840.0000000000,3
1150,38,10.2432706821,436516256.0000000000,7
1150,39,10.2326010047,436521440.0000000000,27
1150,40,10.2337320658,436511136.0000000000,26
1150,41,10.2432404112,436506992.0000000000,10
1150,42,10.2421299205,436527152.0000000000,11
1150,43,10.2404900785,436511744.0000000000,8
1150,44,10.2222998879,435966400.0000000000,6
1150,45,2.6502229945,132011856.0000000000,21
1150,46,2.6560088658,132148256.0000000000,20
1150,47,2.6530840336,132137616.0000000000,25
1150,48,2.6498085708,132143392.0000000000,23
1150,49,2.6504741732,132146352.0000000000,17
1150,50,2.6506751893,132135376.0000000000,18
1150,51,2.6537995095,132133504.0000000000,22
1150,52,2.6519074513,132143024.0000000000,19
1150,53,2.6494363412,132006576.0000000000,24
1150,54,0.6747735944,54827568.0000000000,25
1150,55,0.6740385719,54827568.0000000000,24
1150,56,0.6755088036,54827568.0000000000,22
1150,57,0.6758724451,54827568.0000000000,27
1150,58,0.6754361815,54827568.0000000000,27
1150,59,0.6728242408,54827568.0000000000,23
1150,60,0.6762827421,54827568.0000000000,20
1150,61,0.6736878986,54827568.0000000000,26
1150,62,0.6732317339,54827568.0000000000,19
1150,63,0.6732592494,54827568.0000000000,26
1150,64,0.6735691787,54827568.0000000000,26
1150,65,0.6733653630,54827568.0000000000,26
1150,66,0.6734229805,54827568.0000000000,19
1150,67,0.6732547901,54827568.0000000000,21
1150,68,0.6729687119,54827568.0000000000,21
1150,69,0.6760454254,54827568.0000000000,20
1150,70,0.6752672766,54827568.0000000000,22
1150,71,0.6749691015,54827568.0000000000,22
1150,72,0.6761095435,54827568.0000000000,27
1150,73,0.6736621971,54827568.0000000000,26
1150,74,0.6751326501,54827568.0000000000,25
1150,75,0.6750143688,54827568.0000000000,25
1150,76,0.6756234834,54827568.0000000000,27
1150,77,0.6761466196,54827568.0000000000,20
1150,78,0.6755944895,54827568.0000000000,22
1150,79,0.6750200215,54827568.0000000000,25
1150,80,0.6731337692,54827568.0000000000,19
1150,81,0.6739023699,54827568.0000000000,24
1150,82,0.6762791335,54827568.0000000000,20
1150,83,0.6754946033,54827568.0000000000,22
1150,84,0.6724481279,54827568.0000000000,23
1150,85,0.6756626527,54827568.0000000000,27
1150,86,0.6731422214,54827568.0000000000,19
1150,87,0.6761566436,54827568.0000000000,20
1150,88,0.6736321537,54827568.0000000000,17
1150,89,0.6737854829,54827568.0000000000,26
1150,90,0.6738005566,54827568.0000000000,24
1150,91,0.6732430569,54827568.0000000000,21
1150,92,0.6734570835,54827568.0000000000,17
1150,93,0.6736463440,54827568.0000000000,18
1150,94,0.6747154189,54827568.0000000000,9
1150,95,0.6724631349,54827568.0000000000,23
1150,96,0.6734035958,54827568.0000000000,17
1150,97,0.6734459603,54827568.0000000000,18
1150,98,0.6735672279,54827568.0000000000,18
1150,99,0.6740179908,54827568.0000000000,24
1150,100,0.6735296519,54827568.0000000000,18
1150,101,0.6761333483,54827568.0000000000,10
1150,102,0.6758613056,54827568.0000000000,8
1150,103,0.6734665516,54827568.0000000000,6
1150,104,0.6749693138,54827568.0000000000,11
1150,105,0.6733813023,54827568.0000000000,17
1150,106,0.6750589235,54827568.0000000000,7
1150,107,0.6756855697,54827568.0000000000,27
1150,108,0.6734698758,54827568.0000000000,17
1150,109,0.6735759276,54827568.0000000000,18
1150,110,0.6724972516,54827568.0000000000,23
1150,111,0.6723988387,54827568.0000000000,23
1150,112,0.6729936072,54827568.0000000000,19
1150,113,0.6742122160,54827568.0000000000,24
1150,114,0.6747506760,54827568.0000000000,25
1150,115,0.6733791004,54827568.0000000000,21
1150,116,0.6733967100,54827568.0000000000,21
1150,117,0.5830008500,47074864.0000000000,3
1150,118,0.5827568872,47074864.0000000000,4
1150,119,0.5844969685,47074864.0000000000,9
1150,120,0.5820639380,47074864.0000000000,6
1150,121,0.5836949688,47074864.0000000000,7
1150,122,0.5844978455,47074864.0000000000,10
1150,123,0.5836186762,47074864.0000000000,7
1150,124,0.5829089066,47074864.0000000000,3
1150,125,0.5845139284,47074864.0000000000,10
1150,126,0.5827235068,47074864.0000000000,4
1150,127,0.5816355910,47074864.0000000000,0
1150,128,0.5850893580,47074864.0000000000,5
1150,129,0.5830936526,47074864.0000000000,3
1150,130,0.5828225534,47074864.0000000000,4
1150,131,0.5848031341,47074864.0000000000,5
1150,132,0.5839677434,47074864.0000000000,11
1150,133,0.5827323270,47074864.0000000000,4
1150,134,0.5827839244,47074864.0000000000,4
1150,135,0.5830251900,47074864.0000000000,3
1150,136,0.5822324887,47074864.0000000000,6
1150,137,0.5844151231,47074864.0000000000,9
1150,138,0.5821476541,47074864.0000000000,6
1150,139,0.5845916775,47074864.0000000000,9
1150,140,0.5844336251,47074864.0000000000,10
1150,141,0.5837198474,47074864.0000000000,7
1150,142,0.5840851533,47074864.0000000000,8
1150,143,0.5849952670,47074864.0000000000,5
1150,144,0.5832361322,47074864.0000000000,3
1150,145,0.5836950777,47074864.0000000000,2
1150,146,0.5849659705,47074864.0000000000,5
1150,147,0.5835874811,47074864.0000000000,11
1150,148,0.5843199174,47074864.0000000000,8
1150,149,0.5822253517,47074864.0000000000,1
1150,150,0.5843424992,47074864.0000000000,8
1150,151,0.5836954359,47074864.0000000000,11
1150,152,0.5848108363,47074864.0000000000,5
1200,0,0.2373686270,319059664.0000000000,8
1200,1,0.2346675050,311205440.0000000000,11
1200,2,0.2255071800,300156480.0000000000,7
1200,3,0.1972127840,275397392.0000000000,5
1200,4,0.1766338380,257762176.0000000000,3
1200,5,0.2083171720,286105088.0000000000,4
1200,6,0.2583230910,330684080.0000000000,6
1200,7,0.2838040840,360689856.0000000000,10
1200,8,0.2615289620,344364400.0000000000,9
1200,9,0.3204565040,436622240.0000000000,1
1200,10,0.3287307300,440679328.0000000000,13
1200,11,0.3455793440,453581392.0000000000,4
1200,12,0.3742299420,477702384.0000000000,22
1200,13,0.3909545990,493299280.0000000000,23
1200,14,0.3760910540,480485952.0000000000,5
1200,15,0.3450178860,454357408.0000000000,9
1200,16,0.3260501830,439953696.0000000000,14
1200,17,0.3202739240,436526288.0000000000,15
1200,18,0.3174587660,436374432.0000000000,0
1200,19,0.3176878950,436512992.0000000000,16
1200,20,0.3176784720,436510048.0000000000,16
1200,21,0.3176817500,436513792.0000000000,25
1200,22,0.3176507960,436507968.0000000000,18
1200,23,0.3174723060,436510128.0000000000,0
1200,24,0.3179255120,436506064.0000000000,2
1200,25,0.3179393150,436513216.0000000000,15
1200,26,0.3175706200,436376768.0000000000,19
1200,27,0.3175209750,436379216.0000000000,17
1200,28,0.3176285550,436507056.0000000000,12
1200,29,0.3178457240,436513840.0000000000,14
1200,30,0.3177306860,436507552.0000000000,21
1200,31,0.3179668120,436510848.0000000000,20
1200,32,0.3179922730,436512464.0000000000,2
1200,33,0.3174887660,436509456.0000000000,1
1200,34,0.3176652140,436512592.0000000000,13
1200,35,0.3175481450,436374288.0000000000,24
1200,36,0.3173768500,435938176.0000000000,12
1200,37,0.3179470240,436515200.0000000000,3
1200,38,0.3182703210,436512432.0000000000,7
1200,39,0.3178808280,436521360.0000000000,27
1200,40,0.3177678080,436504080.0000000000,26
1200,41,0.3182348400,436504736.0000000000,10
1200,42,0.3181705240,436528992.0000000000,11
1200,43,0.3180869330,436509392.0000000000,8
1200,44,0.3174847850,435940784.0000000000,6
1200,45,0.0821541430,132006016.0000000000,21
1200,46,0.0821969340,132149040.0000000000,20
1200,47,0.0821430210,132140480.0000000000,25
1200,48,0.0820722560,132144304.0000000000,23
1200,49,0.0821030270,132147936.0000000000,17
1200,50,0.0822676770,132139120.0000000000,18
1200,51,0.0822268740,132130576.0000000000,22
1200,52,0.0822113790,132144560.0000000000,19
1200,53,0.0821522170,132002400.0000000000,24
1200,54,0.0206986940,54827568.0000000000,25
1200,55,0.0206402180,54827568.0000000000,24
1200,56,0.0206422550,54827568.0000000000,22
1200,57,0.0207206480,54827568.0000000000,27
1200,58,0.0207632270,54827568.0000000000,27
1200,59,0.0206406020,54827568.0000000000,23
1200,60,0.0206384580,54827568.0000000000,20
1200,61,0.0205845410,54827568.0000000000,26
1200,62,0.0206289260,54827568.0000000000,19
1200,63,0.0206549180,54827568.0000000000,26
1200,64,0.0206256120,54827568.0000000000,26
1200,65,0.0205673300,54827568.0000000000,26
1200,66,0.0205657940,54827568.0000000000,19
1200,67,0.0206026610,54827568.0000000000,21
1200,68,0.0205397490,54827568.0000000000,21
1200,69,0.0206836570,54827568.0000000000,20
1200,70,0.0206215470,54827568.0000000000,22
1200,71,0.0206753120,54827568.0000000000,22
1200,72,0.0207098960,54827568.0000000000,27
1200,73,0.0205745430,54827568.0000000000,26
1200,74,0.0206217440,54827568.0000000000,25
1200,75,0.0206135590,54827568.0000000000,25
1200,76,0.0206501790,54827568.0000000000,27
1200,77,0.0207150780,54827568.0000000000,20
1200,78,0.0206569960,54827568.0000000000,22
1200,79,0.0206566900,54827568.0000000000,25
1200,80,0.0206353880,54827568.0000000000,19
1200,81,0.0206357920,54827568.0000000000,24
1200,82,0.0206570670,54827568.0000000000,20
1200,83,0.0206640490,54827568.0000000000,22
1200,84,0.0205806100,54827568.0000000000,23
1200,85,0.0206767310,54827568.0000000000,27
1200,86,0.0206134680,54827568.0000000000,19
1200,87,0.0206779980,54827568.0000000000,20
1200,88,0.0206393870,54827568.0000000000,17
1200,89,0.0206328370,54827568.0000000000,26
1200,90,0.0206196900,54827568.0000000000,24
1200,91,0.0205891060,54827568.0000000000,21
1200,92,0.0206460400,54827568.0000000000,17
1200,93,0.0206264400,54827568.0000000000,18
1200,94,0.0207072650,54827568.0000000000,9
1200,95,0.0205461320,54827568.0000000000,23
1200,96,0.0206073850,54827568.0000000000,17
1200,97,0.0206079550,54827568.0000000000,18
1200,98,0.0206641240,54827568.0000000000,18
1200,99,0.0206160530,54827568.0000000000,24
1200,100,0.0205872550,54827568.0000000000,18
1200,101,0.0206586030,54827568.0000000000,10
1200,102,0.0206627000,54827568.0000000000,8
1200,103,0.0205552000,54827568.0000000000,6
1200,104,0.0206996410,54827568.0000000000,11
1200,105,0.0206028770,54827568.0000000000,17
1200,106,0.0206415390,54827568.0000000000,7
1200,107,0.0206633740,54827568.0000000000,27
1200,108,0.0206112920,54827568.0000000000,17
1200,109,0.0206118120,54827568.0000000000,18
1200,110,0.0205705790,54827568.0000000000,23
1200,111,0.0205574340,54827568.0000000000,23
1200,112,0.0205713230,54827568.0000000000,19
1200,113,0.0206375050,54827568.0000000000,24
1200,114,0.0206944850,54827568.0000000000,25
1200,115,0.0206662740,54827568.0000000000,21
1200,116,0.0206212250,54827568.0000000000,21
1200,117,0.0178533070,47074864.0000000000,3
1200,118,0.0178117790,47074864.0000000000,4
1200,119,0.0178997700,47074864.0000000000,9
1200,120,0.0178065990,47074864.0000000000,6
1200,121,0.0178932460,47074864.0000000000,7
1200,122,0.0178763040,47074864.0000000000,10
1200,123,0.0178779570,47074864.0000000000,7
1200,124,0.0178413350,47074864.0000000000,3
1200,125,0.0178930260,47074864.0000000000,10
1200,126,0.0178643510,47074864.0000000000,4
1200,127,0.0178132190,47074864.0000000000,0
1200,128,0.0178930260,47074864.0000000000,5
1200,129,0.0178396800,47074864.0000000000,3
1200,130,0.0178175800,47074864.0000000000,4
1200,131,0.0179063420,47074864.0000000000,5
1200,132,0.0178943990,47074864.0000000000,11
1200,133,0.0178393110,47074864.0000000000,4
1200,134,0.0178422260,47074864.0000000000,4
1200,135,0.0178315740,47074864.0000000000,3
1200,136,0.0177887550,47074864.0000000000,6
1200,137,0.0179080260,47074864.0000000000,9
1200,138,0.0177849480,47074864.0000000000,6
1200,139,0.0178882680,47074864.0000000000,9
1200,140,0.0178815960,47074864.0000000000,10
1200,141,0.0178780760,47074864.0000000000,7
1200,142,0.0178829650,47074864.0000000000,8
1200,143,0.0178916040,47074864.0000000000,5
1200,144,0.0178459310,47074864.0000000000,3
1200,145,0.0178656120,47074864.0000000000,2
1200,146,0.0179059410,47074864.0000000000,5
1200,147,0.0178852940,47074864.0000000000,11
1200,148,0.0179057110,47074864.0000000000,8
1200,149,0.0178209810,47074864.0000000000,1
1200,150,0.0178943990,47074864.0000000000,8
1200,151,0.0178736290,47074864.0000000000,11
1200,152,0.0179100390,47074864.0000000000,5
1250,0,7.6312535702,318343920.0000000000,8
1250,1,7.5237607047,309305936.0000000000,11
1250,2,7.2577161956,299201872.0000000000,7
1250,3,6.3564917450,275018048.0000000000,5
1250,4,5.6755105035,256725520.0000000000,3
1250,5,6.6836121411,284479360.0000000000,4
1250,6,8.3333291907,331797344.0000000000,6
1250,7,9.2009711736,363190032.0000000000,10
1250,8,8.4303704903,345072352.0000000000,9
1250,9,10.3094876616,436960368.0000000000,1
1250,10,10.5480196890,441412368.0000000000,13
1250,11,11.1101649770,454546272.0000000000,4
1250,12,12.0345295507,478193056.0000000000,22
1250,13,12.5646836690,493229504.0000000000,23
1250,14,12.0926713352,480610912.0000000000,5
1250,15,11.0880540400,454356768.0000000000,9
1250,16,10.4577873787,439624672.0000000000,14
1250,17,10.2937801864,436250096.0000000000,15
1250,18,10.2167755559,436373152.0000000000,0
1250,19,10.2231621395,436510224.0000000000,16
1250,20,10.2227382460,436511408.0000000000,16
1250,21,10.2261294157,436513152.0000000000,25
1250,22,10.2216794794,436505984.0000000000,18
1250,23,10.2185445871,436509744.0000000000,0
1250,24,10.2314261283,436507440.0000000000,2
1250,25,10.2337618178,436511200.0000000000,15
1250,26,10.2227764696,436375408.0000000000,19
1250,27,10.2189860483,436379728.0000000000,17
1250,28,10.2204722084,436504544.0000000000,12
1250,29,10.2282271720,436506960.0000000000,14
1250,30,10.2281767050,436511504.0000000000,21
1250,31,10.2359781921,436510800.0000000000,20
1250,32,10.2307483065,436511168.0000000000,2
1250,33,10.2210569131,436515440.0000000000,1
1250,34,10.2205900949,436509616.0000000000,13
1250,35,10.2189360152,436374544.0000000000,24
1250,36,10.2108330432,435915008.0000000000,12
1250,37,10.2316864985,436519312.0000000000,3
1250,38,10.2420716026,436509408.0000000000,7
1250,39,10.2328537872,436523168.0000000000,27
1250,40,10.2342124858,436502512.0000000000,26
1250,41,10.2437159946,436502560.0000000000,10
1250,42,10.2412203938,436528240.0000000000,11
1250,43,10.2392392545,436513536.0000000000,8
1250,44,10.2204428230,435921248.0000000000,6
1250,45,2.6501307364,132000512.0000000000,21
1250,46,2.6553512951,132148192.0000000000,20
1250,47,2.6530122018,132145280.0000000000,25
1250,48,2.6498566525,132143024.0000000000,23
1250,49,2.6513575415,132150528.0000000000,17
1250,50,2.6512118064,132137840.0000000000,18
1250,51,2.6537593556,132132992.0000000000,22
1250,52,2.6511813256,132145024.0000000000,19
1250,53,2.6499361351,131996432.0000000000,24
1250,54,0.6751960730,54827568.0000000000,25
1250,55,0.6743952480,54827568.0000000000,24
1250,56,0.6753164665,54827568.0000000000,22
1250,57,0.6760022484,54827568.0000000000,27
1250,58,0.6757643199,54827568.0000000000,27
1250,59,0.6727278343,54827568.0000000000,23
1250,60,0.6761910598,54827568.0000000000,20
1250,61,0.6734840133,54827568.0000000000,26
1250,62,0.6733142740,54827568.0000000000,19
1250,63,0.6734868858,54827568.0000000000,26
1250,64,0.6732307517,54827568.0000000000,26
1250,65,0.6731827454,54827568.0000000000,26
1250,66,0.6727813560,54827568.0000000000,19
1250,67,0.6731312576,54827568.0000000000,21
1250,68,0.6731291247,54827568.0000000000,21
1250,69,0.6757439311,54827568.0000000000,20
1250,70,0.6752172496,54827568.0000000000,22
1250,71,0.6751489696,54827568.0000000000,22
1250,72,0.6760415811,54827568.0000000000,27
1250,73,0.6736559605,54827568.0000000000,26
1250,74,0.6751856349,54827568.0000000000,25
1250,75,0.6748789044,54827568.0000000000,25
1250,76,0.6758755654,54827568.0000000000,27
1250,77,0.6759189594,54827568.0000000000,20
1250,78,0.6753623990,54827568.0000000000,22
1250,79,0.6751861597,54827568.0000000000,25
1250,80,0.6735711486,54827568.0000000000,19
1250,81,0.6741327225,54827568.0000000000,24
1250,82,0.6759115176,54827568.0000000000,20
1250,83,0.6755212829,54827568.0000000000,22
1250,84,0.6721963172,54827568.0000000000,23
1250,85,0.6757502019,54827568.0000000000,27
1250,86,0.6734142603,54827568.0000000000,19
1250,87,0.6759578589,54827568.0000000000,20
1250,88,0.6734196405,54827568.0000000000,17
1250,89,0.6735192194,54827568.0000000000,26
1250,90,0.6740535880,54827568.0000000000,24
1250,91,0.6732342044,54827568.0000000000,21
1250,92,0.6730790562,54827568.0000000000,17
1250,93,0.6735896083,54827568.0000000000,18
1250,94,0.6751146730,54827568.0000000000,9
1250,95,0.6724211747,54827568.0000000000,23
1250,96,0.6733051313,54827568.0000000000,17
1250,97,0.6735610892,54827568.0000000000,18
1250,98,0.6736908970,54827568.0000000000,18
1250,99,0.6740355695,54827568.0000000000,24
1250,100,0.6732091154,54827568.0000000000,18
1250,101,0.6759558042,54827568.0000000000,10
1250,102,0.6759407654,54827568.0000000000,8
1250,103,0.6732104276,54827568.0000000000,6
1250,104,0.6749801336,54827568.0000000000,11
1250,105,0.6733705167,54827568.0000000000,17
1250,106,0.6756849746,54827568.0000000000,7
1250,107,0.6758299016,54827568.0000000000,27
1250,108,0.6732885632,54827568.0000000000,17
1250,109,0.6732322139,54827568.0000000000,18
1250,110,0.6725539077,54827568.0000000000,23
1250,111,0.6725132727,54827568.0000000000,23
1250,112,0.6730763800,54827568.0000000000,19
1250,113,0.6741916538,54827568.0000000000,24
1250,114,0.6747569394,54827568.0000000000,25
1250,115,0.6735481893,54827568.0000000000,21
1250,116,0.6731705131,54827568.0000000000,21
1250,117,0.5831273127,47074864.0000000000,3
1250,118,0.5826577584,47074864.0000000000,4
1250,119,0.5846340082,47074864.0000000000,9
1250,120,0.5819369310,47074864.0000000000,6
1250,121,0.5836988499,47074864.0000000000,7
1250,122,0.5844888629,47074864.0000000000,10
1250,123,0.5837697558,47074864.0000000000,7
1250,124,0.5829602405,47074864.0000000000,3
1250,125,0.5844619441,47074864.0000000000,10
1250,126,0.5825783110,47074864.0000000000,4
1250,127,0.5816577689,47074864.0000000000,0
1250,128,0.5849204961,47074864.0000000000,5
1250,129,0.5832137777,47074864.0000000000,3
1250,130,0.5824580346,47074864.0000000000,4
1250,131,0.5847566622,47074864.0000000000,5
1250,132,0.5840053016,47074864.0000000000,11
1250,133,0.5825687522,47074864.0000000000,4
1250,134,0.5826057719,47074864.0000000000,4
1250,135,0.5829732083,47074864.0000000000,3
1250,136,0.5818817071,47074864.0000000000,6
1250,137,0.5845571659,47074864.0000000000,9
1250,138,0.5820851376,47074864.0000000000,6
1250,139,0.5845992322,47074864.0000000000,9
1250,140,0.5845898523,47074864.0000000000,10
1250,141,0.5836940760,47074864.0000000000,7
1250,142,0.5844380394,47074864.0000000000,8
1250,143,0.5846842577,47074864.0000000000,5
1250,144,0.5829627682,47074864.0000000000,3
1250,145,0.5835682431,47074864.0000000000,2
1250,146,0.5850501086,47074864.0000000000,5
1250,147,0.5837300195,47074864.0000000000,11
1250,148,0.5843505272,47074864.0000000000,8
1250,149,0.5821581795,47074864.0000000000,1
1250,150,0.5842826855,47074864.0000000000,8
1250,151,0.5836992809,47074864.0000000000,11
1250,152,0.5848110762,47074864.0000000000,5
1300,0,0.2362400190,317705328.0000000000,8
1300,1,0.2302400160,307046384.0000000000,11
1300,2,0.2226921410,297084752.0000000000,7
1300,3,0.1943736680,272808800.0000000000,5
1300,4,0.1712484050,253100816.0000000000,3
1300,5,0.2026009600,280589808.0000000000,4
1300,6,0.2596717280,331927072.0000000000,6
1300,7,0.2905876130,365361488.0000000000,10
1300,8,0.2640724160,345830480.0000000000,9
1300,9,0.3227481600,437472208.0000000000,1
1300,10,0.3316541520,442610768.0000000000,13
1300,11,0.3495849010,456659936.0000000000,4
1300,12,0.3765561010,480980848.0000000000,22
1300,13,0.3908543460,496278592.0000000000,23
1300,14,0.3767369200,483261952.0000000000,5
1300,15,0.3466756540,455159584.0000000000,9
1300,16,0.3266151230,439128080.0000000000,14
1300,17,0.3211315660,435845184.0000000000,15
1300,18,0.3174770970,436375728.0000000000,0
1300,19,0.3175547340,436507584.0000000000,16
1300,20,0.3176328870,436514192.0000000000,16
1300,21,0.3176465160,436509888.0000000000,25
1300,22,0.3175134860,436510688.0000000000,18
1300,23,0.3175808480,436505376.0000000000,0
1300,24,0.3181807310,436510752.0000000000,2
1300,25,0.3180939120,436514384.0000000000,15
1300,26,0.3175984310,436370880.0000000000,19
1300,27,0.3176058640,436372608.0000000000,17
1300,28,0.3175367950,436509904.0000000000,12
1300,29,0.3176822180,436513424.0000000000,14
1300,30,0.3178881710,436508112.0000000000,21
1300,31,0.3180471040,436508112.0000000000,20
1300,32,0.3180640710,436510368.0000000000,2
1300,33,0.3177458670,436511456.0000000000,1
1300,34,0.3175086590,436510464.0000000000,13
1300,35,0.3175236890,436373056.0000000000,24
1300,36,0.3173359910,435892368.0000000000,12
1300,37,0.3179206460,436522160.0000000000,3
1300,38,0.3182576400,436505120.0000000000,7
1300,39,0.3179733500,436521600.0000000000,27
1300,40,0.3180651900,436502672.0000000000,26
1300,41,0.3183425970,436498752.0000000000,10
1300,42,0.3183105350,436527024.0000000000,11
1300,43,0.3181714870,436516448.0000000000,8
1300,44,0.3175697470,435899888.0000000000,6
1300,45,0.0820409400,131994656.0000000000,21
1300,46,0.0822279340,132147184.0000000000,20
1300,47,0.0822099110,132147200.0000000000,25
1300,48,0.0822041490,132142400.0000000000,23
1300,49,0.0821517110,132153520.0000000000,17
1300,50,0.0821249610,132137648.0000000000,18
1300,51,0.0822693550,132135520.0000000000,22
1300,52,0.0820258060,132143472.0000000000,19
1300,53,0.0821558950,131990192.0000000000,24
1300,54,0.0206056030,54827568.0000000000,25
1300,55,0.0206639970,54827568.0000000000,24
1300,56,0.0207108480,54827568.0000000000,22
1300,57,0.0207193920,54827568.0000000000,27
1300,58,0.0206565820,54827568.0000000000,27
1300,59,0.0205725910,54827568.0000000000,23
1300,60,0.0206789060,54827568.0000000000,20
1300,61,0.0206429350,54827568.0000000000,26
1300,62,0.0206201910,54827568.0000000000,19
1300,63,0.0206065240,54827568.0000000000,26
1300,64,0.0205933990,54827568.0000000000,26
1300,65,0.0206238480,54827568.0000000000,26
1300,66,0.0205503340,54827568.0000000000,19
1300,67,0.0205663100,54827568.0000000000,21
1300,68,0.0206183190,54827568.0000000000,21
1300,69,0.0207489730,54827568.0000000000,20
1300,70,0.0206762320,54827568.0000000000,22
1300,71,0.0206740100,54827568.0000000000,22
1300,72,0.0207215270,54827568.0000000000,27
1300,73,0.0206335760,54827568.0000000000,26
1300,74,0.0206827240,54827568.0000000000,25
1300,75,0.0206371040,54827568.0000000000,25
1300,76,0.0206819530,54827568.0000000000,27
1300,77,0.0207388420,54827568.0000000000,20
1300,78,0.0206801290,54827568.0000000000,22
1300,79,0.0206163830,54827568.0000000000,25
1300,80,0.0206125530,54827568.0000000000,19
1300,81,0.0206332070,54827568.0000000000,24
1300,82,0.0207271620,54827568.0000000000,20
1300,83,0.0206394110,54827568.0000000000,22
1300,84,0.0205849360,54827568.0000000000,23
1300,85,0.0206973800,54827568.0000000000,27
1300,86,0.0206297780,54827568.0000000000,19
1300,87,0.0206701100,54827568.0000000000,20
1300,88,0.0205810430,54827568.0000000000,17
1300,89,0.0205659250,54827568.0000000000,26
1300,90,0.0206725240,54827568.0000000000,24
1300,91,0.0206592910,54827568.0000000000,21
1300,92,0.0206079850,54827568.0000000000,17
1300,93,0.0206661980,54827568.0000000000,18
1300,94,0.0206496650,54827568.0000000000,9
1300,95,0.0206368250,54827568.0000000000,23
1300,96,0.0206010410,54827568.0000000000,17
1300,97,0.0205606350,54827568.0000000000,18
1300,98,0.0206123520,54827568.0000000000,18
1300,99,0.0206489550,54827568.0000000000,24
1300,100,0.0205519970,54827568.0000000000,18
1300,101,0.0208092840,54827568.0000000000,10
1300,102,0.0206445860,54827568.0000000000,8
1300,103,0.0206651820,54827568.0000000000,6
1300,104,0.0206417490,54827568.0000000000,11
1300,105,0.0206719010,54827568.0000000000,17
1300,106,0.0207004110,54827568.0000000000,7
1300,107,0.0206905670,54827568.0000000000,27
1300,108,0.0206303900,54827568.0000000000,17
1300,109,0.0205905640,54827568.0000000000,18
1300,110,0.0206187500,54827568.0000000000,23
1300,111,0.0205706690,54827568.0000000000,23
1300,112,0.0206190190,54827568.0000000000,19
1300,113,0.0206180770,54827568.0000000000,24
1300,114,0.0206369150,54827568.0000000000,25
1300,115,0.0205963960,54827568.0000000000,21
1300,116,0.0205966390,54827568.0000000000,21
1300,117,0.0178603900,47074864.0000000000,3
1300,118,0.0178461740,47074864.0000000000,4
1300,119,0.0178848720,47074864.0000000000,9
1300,120,0.0178092150,47074864.0000000000,6
1300,121,0.0178681470,47074864.0000000000,7
1300,122,0.0179086280,47074864.0000000000,10
1300,123,0.0178292430,47074864.0000000000,7
1300,124,0.0178600190,47074864.0000000000,3
1300,125,0.0178587400,47074864.0000000000,10
1300,126,0.0178227620,47074864.0000000000,4
1300,127,0.0177811550,47074864.0000000000,0
1300,128,0.0179444450,47074864.0000000000,5
1300,129,0.0178377250,47074864.0000000000,3
1300,130,0.0178487510,47074864.0000000000,4
1300,131,0.0178715450,47074864.0000000000,5
1300,132,0.0178794200,47074864.0000000000,11
1300,133,0.0178383510,47074864.0000000000,4
1300,134,0.0178204950,47074864.0000000000,4
1300,135,0.0178368240,47074864.0000000000,3
1300,136,0.0177973520,47074864.0000000000,6
1300,137,0.0179174130,47074864.0000000000,9
1300,138,0.0178384390,47074864.0000000000,6
1300,139,0.0178754530,47074864.0000000000,9
1300,140,0.0178800120,47074864.0000000000,10
1300,141,0.0178424060,47074864.0000000000,7
1300,142,0.0178768860,47074864.0000000000,8
1300,143,0.0179062310,47074864.0000000000,5
1300,144,0.0179096260,47074864.0000000000,3
1300,145,0.0178880140,47074864.0000000000,2
1300,146,0.0179150190,47074864.0000000000,5
1300,147,0.0178835460,47074864.0000000000,11
1300,148,0.0178903320,47074864.0000000000,8
1300,149,0.0178442390,47074864.0000000000,1
1300,150,0.0178968930,47074864.0000000000,8
1300,151,0.0178512550,47074864.0000000000,11
1300,152,0.0179122730,47074864.0000000000,5
1350,0,7.5732705315,317153584.0000000000,8
1350,1,7.3700924911,304696976.0000000000,11
1350,2,7.0727146280,292878352.0000000000,7
1350,3,6.1312490968,266435296.0000000000,5
1350,4,5.3453492799,244515872.0000000000,3
1350,5,6.3567576620,272572112.0000000000,4
1350,6,8.3106237202,330212176.0000000000,6
1350,7,9.3953780982,367056160.0000000000,10
1350,8,8.5257421051,346727824.0000000000,9
1350,9,10.4080688661,438141856.0000000000,1
1350,10,10.7092214495,444483744.0000000000,13
1350,11,11.3498431692,461072064.0000000000,4
1350,12,12.2737888207,488982528.0000000000,22
1350,13,12.7652434089,505330432.0000000000,23
1350,14,12.2942673029,490982672.0000000000,5
1350,15,11.2335103403,457855312.0000000000,9
1350,16,10.5158621473,438791968.0000000000,14
1350,17,10.3292137414,435384720.0000000000,15
1350,18,10.2169853085,436375312.0000000000,0
1350,19,10.2233328309,436509760.0000000000,16
1350,20,10.2218693977,436510928.0000000000,16
1350,21,10.2254819257,436509488.0000000000,25
1350,22,10.2217217473,436513664.0000000000,18
1350,23,10.2185941226,436507840.0000000000,0
1350,24,10.2317042000,436507776.0000000000,2
1350,25,10.2339145838,436508944.0000000000,15
1350,26,10.2231241895,436375760.0000000000,19
1350,27,10.2188512284,436375344.0000000000,17
1350,28,10.2200305633,436508624.0000000000,12
1350,29,10.2279218211,436512624.0000000000,14
1350,30,10.2278967664,436511808.0000000000,21
1350,31,10.2348751883,436504704.0000000000,20
1350,32,10.2312432500,436510800.0000000000,2
1350,33,10.2218623130,436512224.0000000000,1
1350,34,10.2213932828,436511488.0000000000,13
1350,35,10.2191342359,436369792.0000000000,24
1350,36,10.2104104661,435870064.0000000000,12
1350,37,10.2314698705,436522944.0000000000,3
1350,38,10.2437264813,436509312.0000000000,7
1350,39,10.2316914898,436518528.0000000000,27
1350,40,10.2342164453,436507472.0000000000,26
1350,41,10.2438708144,436497808.0000000000,10
1350,42,10.2423201946,436524400.0000000000,11
1350,43,10.2400792548,436514784.0000000000,8
1350,44,10.2200627911,435880160.0000000000,6
1350,45,2.6503041177,131990096.0000000000,21
1350,46,2.6563589986,132146912.0000000000,20
1350,47,2.6530514677,132144832.0000000000,25
1350,48,2.6492844802,132140336.0000000000,23
1350,49,2.6514633624,132153968.0000000000,17
1350,50,2.6512807317,132138736.0000000000,18
1350,51,2.6536688880,132135520.0000000000,22
1350,52,2.6518951628,132145408.0000000000,19
1350,53,2.6498356969,131983920.0000000000,24
1350,54,0.6746660090,54827568.0000000000,25
1350,55,0.6738382371,54827568.0000000000,24
1350,56,0.6750488142,54827568.0000000000,22
1350,57,0.6761808307,54827568.0000000000,27
1350,58,0.6757593033,54827568.0000000000,27
1350,59,0.6727161141,54827568.0000000000,23
1350,60,0.6761540609,54827568.0000000000,20
1350,61,0.6734592448,54827568.0000000000,26
1350,62,0.6731147356,54827568.0000000000,19
1350,63,0.6732708421,54827568.0000000000,26
1350,64,0.6733987861,54827568.0000000000,26
1350,65,0.6733008613,54827568.0000000000,26
1350,66,0.6734302017,54827568.0000000000,19
1350,67,0.6734212528,54827568.0000000000,21
1350,68,0.6730727166,54827568.0000000000,21
1350,69,0.6760578884,54827568.0000000000,20
1350,70,0.6753789391,54827568.0000000000,22
1350,71,0.6755525423,54827568.0000000000,22
1350,72,0.6761056025,54827568.0000000000,27
1350,73,0.6734814780,54827568.0000000000,26
1350,74,0.6750441261,54827568.0000000000,25
1350,75,0.6746425272,54827568.0000000000,25
1350,76,0.6755349583,54827568.0000000000,27
1350,77,0.6761228124,54827568.0000000000,20
1350,78,0.6753114762,54827568.0000000000,22
1350,79,0.6747004157,54827568.0000000000,25
1350,80,0.6732949944,54827568.0000000000,19
1350,81,0.6739718975,54827568.0000000000,24
1350,82,0.6763153968,54827568.0000000000,20
1350,83,0.6755201457,54827568.0000000000,22
1350,84,0.6726669392,54827568.0000000000,23
1350,85,0.6757786531,54827568.0000000000,27
1350,86,0.6730771851,54827568.0000000000,19
1350,87,0.6759047230,54827568.0000000000,20
1350,88,0.6736304829,54827568.0000000000,17
1350,89,0.6734962540,54827568.0000000000,26
1350,90,0.6739421270,54827568.0000000000,24
1350,91,0.6732045460,54827568.0000000000,21
1350,92,0.6733625652,54827568.0000000000,17
1350,93,0.6737403518,54827568.0000000000,18
1350,94,0.6749140584,54827568.0000000000,9
1350,95,0.6724135721,54827568.0000000000,23
1350,96,0.6733005347,54827568.0000000000,17
1350,97,0.6734888346,54827568.0000000000,18
1350,98,0.6739079890,54827568.0000000000,18
1350,99,0.6741406141,54827568.0000000000,24
1350,100,0.6733120123,54827568.0000000000,18
1350,101,0.6761702890,54827568.0000000000,10
1350,102,0.6761113642,54827568.0000000000,8
1350,103,0.6730415101,54827568.0000000000,6
1350,104,0.6746858090,54827568.0000000000,11
1350,105,0.6734480451,54827568.0000000000,17
1350,106,0.6752379278,54827568.0000000000,7
1350,107,0.6755853582,54827568.0000000000,27
1350,108,0.6736695023,54827568.0000000000,17
1350,109,0.6731259640,54827568.0000000000,18
1350,110,0.6728417092,54827568.0000000000,23
1350,111,0.6722710531,54827568.0000000000,23
1350,112,0.6732890702,54827568.0000000000,19
1350,113,0.6738732341,54827568.0000000000,24
1350,114,0.6747044748,54827568.0000000000,25
1350,115,0.6738099375,54827568.0000000000,21
1350,116,0.6733701918,54827568.0000000000,21
1350,117,0.5828160324,47074864.0000000000,3
1350,118,0.5827002839,47074864.0000000000,4
1350,119,0.5845704867,47074864.0000000000,9
1350,120,0.5819050822,47074864.0000000000,6
1350,121,0.5839326390,47074864.0000000000,7
1350,122,0.5846245566,47074864.0000000000,10
1350,123,0.5838171814,47074864.0000000000,7
1350,124,0.5830195436,47074864.0000000000,3
1350,125,0.5845746604,47074864.0000000000,10
1350,126,0.5829385491,47074864.0000000000,4
1350,127,0.5815671436,47074864.0000000000,0
1350,128,0.5849699546,47074864.0000000000,5
1350,129,0.5831570819,47074864.0000000000,3
1350,130,0.5826841164,47074864.0000000000,4
1350,131,0.5848712573,47074864.0000000000,5
1350,132,0.5840488452,47074864.0000000000,11
1350,133,0.5825402546,47074864.0000000000,4
1350,134,0.5828531866,47074864.0000000000,4
1350,135,0.5829950062,47074864.0000000000,3
1350,136,0.5820015321,47074864.0000000000,6
1350,137,0.5846217644,47074864.0000000000,9
1350,138,0.5819109030,47074864.0000000000,6
1350,139,0.5844366713,47074864.0000000000,9
1350,140,0.5846148830,47074864.0000000000,10
1350,141,0.5838767177,47074864.0000000000,7
1350,142,0.5843443465,47074864.0000000000,8
1350,143,0.5848356917,47074864.0000000000,5
1350,144,0.5831971958,47074864.0000000000,3
1350,145,0.5833761186,47074864.0000000000,2
1350,146,0.5849693484,47074864.0000000000,5
1350,147,0.5838864089,47074864.0000000000,11
1350,148,0.5844630114,47074864.0000000000,8
1350,149,0.5821200967,47074864.0000000000,1
1350,150,0.5849060649,47074864.0000000000,8
1350,151,0.5837271746,47074864.0000000000,11
1350,152,0.5847932439,47074864.0000000000,5
1400,0,0.2346782940,316552080.0000000000,8
1400,1,0.2243040800,301869280.0000000000,11
1400,2,0.2087155410,285497744.0000000000,7
1400,3,0.1745507530,255448832.0000000000,5
1400,4,0.1575849800,239405232.0000000000,3
1400,5,0.1805970390,260385728.0000000000,4
1400,6,0.2512494250,325748112.0000000000,6
1400,7,0.2946707680,368264080.0000000000,10
1400,8,0.2675128270,347780624.0000000000,9
1400,9,0.3250324200,438958336.0000000000,1
1400,10,0.3368324870,446936096.0000000000,13
1400,11,0.3629289120,467616672.0000000000,4
1400,12,0.3972171550,498998080.0000000000,22
1400,13,0.4026941640,506769136.0000000000,23
1400,14,0.3990455210,500905424.0000000000,5
1400,15,0.3574637000,462848720.0000000000,9
1400,16,0.3273826610,438790672.0000000000,14
1400,17,0.3206024800,434840784.0000000000,15
1400,18,0.3174597830,436372144.0000000000,0
1400,19,0.3175310180,436510560.0000000000,16
1400,20,0.3176505700,436515344.0000000000,16
1400,21,0.3176589950,436503808.0000000000,25
1400,22,0.3177071410,436513216.0000000000,18
1400,23,0.3174380010,436504064.0000000000,0
1400,24,0.3180090180,436510496.0000000000,2
1400,25,0.3178655660,436509632.0000000000,15
1400,26,0.3178536930,436372464.0000000000,19
1400,27,0.3174288300,436372496.0000000000,17
1400,28,0.3174730200,436514048.0000000000,12
1400,29,0.3177440840,436508752.0000000000,14
1400,30,0.3177691870,436510464.0000000000,21
1400,31,0.3182099900,436507728.0000000000,20
1400,32,0.3178103620,436509456.0000000000,2
1400,33,0.3174925250,436512384.0000000000,1
1400,34,0.3175651360,436508832.0000000000,13
1400,35,0.3175310060,436369824.0000000000,24
1400,36,0.3173121500,435848672.0000000000,12
1400,37,0.3180914980,436518704.0000000000,3
1400,38,0.3181626770,436511824.0000000000,7
1400,39,0.3180712040,436522720.0000000000,27
1400,40,0.3179867870,436506480.0000000000,26
1400,41,0.3182379650,436500752.0000000000,10
1400,42,0.3182672590,436519952.0000000000,11
1400,43,0.3182286270,436519376.0000000000,8
1400,44,0.3174373660,435854528.0000000000,6
1400,45,0.0821579720,131982448.0000000000,21
1400,46,0.0823273860,132147152.0000000000,20
1400,47,0.0822691540,132144784.0000000000,25
1400,48,0.0821085430,132138160.0000000000,23
1400,49,0.0821635270,132154224.0000000000,17
1400,50,0.0821445900,132140416.0000000000,18
1400,51,0.0820657100,132138112.0000000000,22
1400,52,0.0821162750,132144784.0000000000,19
1400,53,0.0820879130,131978384.0000000000,24
1400,54,0.0206783940,54827568.0000000000,25
1400,55,0.0206654090,54827568.0000000000,24
1400,56,0.0206384020,54827568.0000000000,22
1400,57,0.0206451000,54827568.0000000000,27
1400,58,0.0206894050,54827568.0000000000,27
1400,59,0.0206372290,54827568.0000000000,23
1400,60,0.0206887070,54827568.0000000000,20
1400,61,0.0206292280,54827568.0000000000,26
1400,62,0.0205618060,54827568.0000000000,19
1400,63,0.0206461920,54827568.0000000000,26
1400,64,0.0205701630,54827568.0000000000,26
1400,65,0.0205809740,54827568.0000000000,26
1400,66,0.0205785200,54827568.0000000000,19
1400,67,0.0205936540,54827568.0000000000,21
1400,68,0.0206265370,54827568.0000000000,21
1400,69,0.0206571860,54827568.0000000000,20
1400,70,0.0206830840,54827568.0000000000,22
1400,71,0.0206556220,54827568.0000000000,22
1400,72,0.0207464870,54827568.0000000000,27
1400,73,0.0206693660,54827568.0000000000,26
1400,74,0.0206273250,54827568.0000000000,25
1400,75,0.0207332090,54827568.0000000000,25
1400,76,0.0207474870,54827568.0000000000,27
1400,77,0.0207297760,54827568.0000000000,20
1400,78,0.0206791580,54827568.0000000000,22
1400,79,0.0206613310,54827568.0000000000,25
1400,80,0.0206595870,54827568.0000000000,19
1400,81,0.0206146010,54827568.0000000000,24
1400,82,0.0206861930,54827568.0000000000,20
1400,83,0.0207721490,54827568.0000000000,22
1400,84,0.0205701560,54827568.0000000000,23
1400,85,0.0207076910,54827568.0000000000,27
1400,86,0.0205730380,54827568.0000000000,19
1400,87,0.0206720950,54827568.0000000000,20
1400,88,0.0206342470,54827568.0000000000,17
1400,89,0.0206425040,54827568.0000000000,26
1400,90,0.0206358800,54827568.0000000000,24
1400,91,0.0205963770,54827568.0000000000,21
1400,92,0.0205481820,54827568.0000000000,17
1400,93,0.0205780780,54827568.0000000000,18
1400,94,0.0207160030,54827568.0000000000,9
1400,95,0.0206252950,54827568.0000000000,23
1400,96,0.0205924860,54827568.0000000000,17
1400,97,0.0206464830,54827568.0000000000,18
1400,98,0.0206770800,54827568.0000000000,18
1400,99,0.0206068170,54827568.0000000000,24
1400,100,0.0206278340,54827568.0000000000,18
1400,101,0.0206795330,54827568.0000000000,10
1400,102,0.0207019170,54827568.0000000000,8
1400,103,0.0206649340,54827568.0000000000,6
1400,104,0.0206608860,54827568.0000000000,11
1400,105,0.0206768100,54827568.0000000000,17
1400,106,0.0207392070,54827568.0000000000,7
1400,107,0.0206852160,54827568.0000000000,27
1400,108,0.0206867110,54827568.0000000000,17
1400,109,0.0205983790,54827568.0000000000,18
1400,110,0.0205973680,54827568.0000000000,23
1400,111,0.0205683630,54827568.0000000000,23
1400,112,0.0206232770,54827568.0000000000,19
1400,113,0.0206290100,54827568.0000000000,24
1400,114,0.0206571030,54827568.0000000000,25
1400,115,0.0206157470,54827568.0000000000,21
1400,116,0.0206035820,54827568.0000000000,21
1400,117,0.0178559030,47074864.0000000000,3
1400,118,0.0178125000,47074864.0000000000,4
1400,119,0.0178949790,47074864.0000000000,9
1400,120,0.0178203260,47074864.0000000000,6
1400,121,0.0178547610,47074864.0000000000,7
1400,122,0.0178673060,47074864.0000000000,10
1400,123,0.0178593690,47074864.0000000000,7
1400,124,0.0178778440,47074864.0000000000,3
1400,125,0.0179339140,47074864.0000000000,10
1400,126,0.0178464280,47074864.0000000000,4
1400,127,0.0177805970,47074864.0000000000,0
1400,128,0.0179078230,47074864.0000000000,5
1400,129,0.0178424260,47074864.0000000000,3
1400,130,0.0178619560,47074864.0000000000,4
1400,131,0.0179310890,47074864.0000000000,5
1400,132,0.0178683090,47074864.0000000000,11
1400,133,0.0178401020,47074864.0000000000,4
1400,134,0.0178483100,47074864.0000000000,4
1400,135,0.0178670730,47074864.0000000000,3
1400,136,0.0178444410,47074864.0000000000,6
1400,137,0.0178716740,47074864.0000000000,9
1400,138,0.0178376880,47074864.0000000000,6
1400,139,0.0179007710,47074864.0000000000,9
1400,140,0.0178856400,47074864.0000000000,10
1400,141,0.0178519940,47074864.0000000000,7
1400,142,0.0178609520,47074864.0000000000,8
1400,143,0.0179074950,47074864.0000000000,5
1400,144,0.0178446610,47074864.0000000000,3
1400,145,0.0178843270,47074864.0000000000,2
1400,146,0.0179342650,47074864.0000000000,5
1400,147,0.0178417170,47074864.0000000000,11
1400,148,0.0178653030,47074864.0000000000,8
1400,149,0.0178144000,47074864.0000000000,1
1400,150,0.0179101190,47074864.0000000000,8
1400,151,0.0178679460,47074864.0000000000,11
1400,152,0.0179269210,47074864.0000000000,5
1450,0,7.5442404808,315949488.0000000000,8
1450,1,7.1635351173,299315936.0000000000,11
1450,2,6.5446561226,277244368.0000000000,7
1450,3,5.4571729973,247369568.0000000000,5
1450,4,4.9463031104,234020832.0000000000,3
1450,5,5.6061740180,251248416.0000000000,4
1450,6,7.9633924123,320107824.0000000000,6
1450,7,9.5053325851,369243968.0000000000,10
1450,8,8.6370996932,349084864.0000000000,9
1450,9,10.4672851536,439846608.0000000000,1
1450,10,10.8909802264,449628128.0000000000,13
1450,11,11.8267121930,474698656.0000000000,4
1450,12,12.9051054186,503550992.0000000000,22
1450,13,12.9508745505,506567392.0000000000,23
1450,14,12.9641146927,505670752.0000000000,5
1450,15,11.6208796050,468933904.0000000000,9
1450,16,10.5434692670,439097888.0000000000,14
1450,17,10.3071010079,434321648.0000000000,15
1450,18,10.2165388192,436370624.0000000000,0
1450,19,10.2223343002,436513216.0000000000,16
1450,20,10.2225282517,436508688.0000000000,16
1450,21,10.2255889045,436511024.0000000000,25
1450,22,10.2226186305,436510848.0000000000,18
1450,23,10.2177388838,436508336.0000000000,0
1450,24,10.2325498178,436509184.0000000000,2
1450,25,10.2331644642,436510944.0000000000,15
1450,26,10.2234776544,436368800.0000000000,19
1450,27,10.2178808309,436368288.0000000000,17
1450,28,10.2209866630,436508560.0000000000,12
1450,29,10.2279546625,436513264.0000000000,14
1450,30,10.2282102872,436509536.0000000000,21
1450,31,10.2355458123,436512256.0000000000,20
1450,32,10.2310264673,436507632.0000000000,2
1450,33,10.2210831318,436514656.0000000000,1
1450,34,10.2213533411,436508000.0000000000,13
1450,35,10.2179645417,436370608.0000000000,24
1450,36,10.2089606430,435830128.0000000000,12
1450,37,10.2316864572,436520080.0000000000,3
1450,38,10.2434538271,436510528.0000000000,7
1450,39,10.2329738968,436520912.0000000000,27
1450,40,10.2342199622,436503808.0000000000,26
1450,41,10.2425768190,436501104.0000000000,10
1450,42,10.2424779395,436517952.0000000000,11
1450,43,10.2414191967,436518560.0000000000,8
1450,44,10.2187300367,435830960.0000000000,6
1450,45,2.6501848854,131976480.0000000000,21
1450,46,2.6563385130,132148448.0000000000,20
1450,47,2.6534003969,132144544.0000000000,25
1450,48,2.6499360325,132139408.0000000000,23
1450,49,2.6512884303,132154000.0000000000,17
1450,50,2.6508693400,132140032.0000000000,18
1450,51,2.6541514916,132140752.0000000000,22
1450,52,2.6517830363,132145808.0000000000,19
1450,53,2.6491947711,131972304.0000000000,24
1450,54,0.6750023091,54827568.0000000000,25
1450,55,0.6739753039,54827568.0000000000,24
1450,56,0.6756545158,54827568.0000000000,22
1450,57,0.6760578434,54827568.0000000000,27
1450,58,0.6760231104,54827568.0000000000,27
1450,59,0.6728923426,54827568.0000000000,23
1450,60,0.6765940336,54827568.0000000000,20
1450,61,0.6737762200,54827568.0000000000,26
1450,62,0.6732954303,54827568.0000000000,19
1450,63,0.6737806932,54827568.0000000000,26
1450,64,0.6732766658,54827568.0000000000,26
1450,65,0.6736231967,54827568.0000000000,26
1450,66,0.6730620136,54827568.0000000000,19
1450,67,0.6732604268,54827568.0000000000,21
1450,68,0.6728135437,54827568.0000000000,21
1450,69,0.6758543091,54827568.0000000000,20
1450,70,0.6753891997,54827568.0000000000,22
1450,71,0.6752867685,54827568.0000000000,22
1450,72,0.6756615701,54827568.0000000000,27
1450,73,0.6733093610,54827568.0000000000,26
1450,74,0.6749948876,54827568.0000000000,25
1450,75,0.6750624466,54827568.0000000000,25
1450,76,0.6759728826,54827568.0000000000,27
1450,77,0.6761000133,54827568.0000000000,20
1450,78,0.6752324721,54827568.0000000000,22
1450,79,0.6748525061,54827568.0000000000,25
1450,80,0.6733426252,54827568.0000000000,19
1450,81,0.6738833438,54827568.0000000000,24
1450,82,0.6761924494,54827568.0000000000,20
1450,83,0.6756217623,54827568.0000000000,22
1450,84,0.6729318831,54827568.0000000000,23
1450,85,0.6758390999,54827568.0000000000,27
1450,86,0.6736678084,54827568.0000000000,19
1450,87,0.6759701094,54827568.0000000000,20
1450,88,0.6737332090,54827568.0000000000,17
1450,89,0.6735222685,54827568.0000000000,26
1450,90,0.6742078825,54827568.0000000000,24
1450,91,0.6732625119,54827568.0000000000,21
1450,92,0.6732975566,54827568.0000000000,17
1450,93,0.6736553642,54827568.0000000000,18
1450,94,0.6748494925,54827568.0000000000,9
1450,95,0.6725946677,54827568.0000000000,23
1450,96,0.6734801359,54827568.0000000000,17
1450,97,0.6735377952,54827568.0000000000,18
1450,98,0.6734480610,54827568.0000000000,18
1450,99,0.6739722043,54827568.0000000000,24
1450,100,0.6735289361,54827568.0000000000,18
1450,101,0.6758382432,54827568.0000000000,10
1450,102,0.6758949653,54827568.0000000000,8
1450,103,0.6730885707,54827568.0000000000,6
1450,104,0.6750782687,54827568.0000000000,11
1450,105,0.6734503755,54827568.0000000000,17
1450,106,0.6752870033,54827568.0000000000,7
1450,107,0.6759460572,54827568.0000000000,27
1450,108,0.6734649071,54827568.0000000000,17
1450,109,0.6735350922,54827568.0000000000,18
1450,110,0.6727004658,54827568.0000000000,23
1450,111,0.6725750199,54827568.0000000000,23
1450,112,0.6734477619,54827568.0000000000,19
1450,113,0.6736866825,54827568.0000000000,24
1450,114,0.6750235713,54827568.0000000000,25
1450,115,0.6731919363,54827568.0000000000,21
1450,116,0.6734476927,54827568.0000000000,21
1450,117,0.5830888274,47074864.0000000000,3
1450,118,0.5826980862,47074864.0000000000,4
1450,119,0.5847922758,47074864.0000000000,9
1450,120,0.5820655300,47074864.0000000000,6
1450,121,0.5837073383,47074864.0000000000,7
1450,122,0.5844898257,47074864.0000000000,10
1450,123,0.5837426933,47074864.0000000000,7
1450,124,0.5830811814,47074864.0000000000,3
1450,125,0.5845638089,47074864.0000000000,10
1450,126,0.5828243205,47074864.0000000000,4
1450,127,0.5815965884,47074864.0000000000,0
1450,128,0.5848492559,47074864.0000000000,5
1450,129,0.5832673440,47074864.0000000000,3
1450,130,0.5827674935,47074864.0000000000,4
1450,131,0.5848756497,47074864.0000000000,5
1450,132,0.5837400754,47074864.0000000000,11
1450,133,0.5826939019,47074864.0000000000,4
1450,134,0.5827759069,47074864.0000000000,4
1450,135,0.5829231456,47074864.0000000000,3
1450,136,0.5821975297,47074864.0000000000,6
1450,137,0.5844459890,47074864.0000000000,9
1450,138,0.5820559445,47074864.0000000000,6
1450,139,0.5845428636,47074864.0000000000,9
1450,140,0.5843555215,47074864.0000000000,10
1450,141,0.5837649016,47074864.0000000000,7
1450,142,0.5843048512,47074864.0000000000,8
1450,143,0.5848534034,47074864.0000000000,5
1450,144,0.5830585232,47074864.0000000000,3
1450,145,0.5836539906,47074864.0000000000,2
1450,146,0.5849913537,47074864.0000000000,5
1450,147,0.5836354532,47074864.0000000000,11
1450,148,0.5843803471,47074864.0000000000,8
1450,149,0.5821638340,47074864.0000000000,1
1450,150,0.5844854969,47074864.0000000000,8
1450,151,0.5838463479,47074864.0000000000,11
1450,152,0.5847612251,47074864.0000000000,5
1500,0,0.2339741490,315189456.0000000000,8
1500,1,0.2188147370,296985376.0000000000,11
1500,2,0.1903276010,268743280.0000000000,7
1500,3,0.1527577550,236794080.0000000000,5
1500,4,0.1349587250,221056880.0000000000,3
1500,5,0.1560781790,239896256.0000000000,4
1500,6,0.2382986720,314050736.0000000000,6
1500,7,0.2975236020,370449200.0000000000,10
1500,8,0.2711949180,350570096.0000000000,9
1500,9,0.3250762330,440710128.0000000000,1
1500,10,0.3410724920,452252064.0000000000,13
1500,11,0.3761514650,480648272.0000000000,4
1500,12,0.4044126930,504714672.0000000000,22
1500,13,0.4020549870,506313616.0000000000,23
1500,14,0.4070806100,506588672.0000000000,5
1500,15,0.3696059250,474320304.0000000000,9
1500,16,0.3272220220,439428848.0000000000,14
1500,17,0.3183105380,433771392.0000000000,15
1500,18,0.3174864920,436371936.0000000000,0
1500,19,0.3178516890,436510176.0000000000,16
1500,20,0.3177545110,436505792.0000000000,16
1500,21,0.3178659540,436511392.0000000000,25
1500,22,0.3176981830,436511392.0000000000,18
1500,23,0.3176213760,436507776.0000000000,0
1500,24,0.3179136330,436511424.0000000000,2
1500,25,0.3179979440,436511584.0000000000,15
1500,26,0.3175844120,436366896.0000000000,19
1500,27,0.3175535290,436366208.0000000000,17
1500,28,0.3175682730,436507376.0000000000,12
1500,29,0.3177234380,436512656.0000000000,14
1500,30,0.3180624030,436512048.0000000000,21
1500,31,0.3179050270,436506992.0000000000,20
1500,32,0.3179580880,436508240.0000000000,2
1500,33,0.3176727350,436509408.0000000000,1
1500,34,0.3176483690,436511568.0000000000,13
1500,35,0.3175350550,436369392.0000000000,24
1500,36,0.3171211400,435805808.0000000000,12
1500,37,0.3179369980,436522000.0000000000,3
1500,38,0.3183790320,436511136.0000000000,7
1500,39,0.3180058350,436520608.0000000000,27
1500,40,0.3180031330,436506736.0000000000,26
1500,41,0.3182386830,436500736.0000000000,10
1500,42,0.3182623200,436520880.0000000000,11
1500,43,0.3182202080,436519264.0000000000,8
1500,44,0.3174913870,435805680.0000000000,6
1500,45,0.0821289540,131970160.0000000000,21
1500,46,0.0822391970,132150192.0000000000,20
1500,47,0.0821193750,132144416.0000000000,25
1500,48,0.0820493100,132139136.0000000000,23
1500,49,0.0820858660,132150128.0000000000,17
1500,50,0.0821437570,132138304.0000000000,18
1500,51,0.0822204110,132142496.0000000000,22
1500,52,0.0820800340,132145264.0000000000,19
1500,53,0.0821255070,131966880.0000000000,24
1500,54,0.0206336260,54827568.0000000000,25
1500,55,0.0206115350,54827568.0000000000,24
1500,56,0.0206409950,54827568.0000000000,22
1500,57,0.0207299450,54827568.0000000000,27
1500,58,0.0206642470,54827568.0000000000,27
1500,59,0.0205640340,54827568.0000000000,23
1500,60,0.0207710270,54827568.0000000000,20
1500,61,0.0205959150,54827568.0000000000,26
1500,62,0.0205911330,54827568.0000000000,19
1500,63,0.0206027080,54827568.0000000000,26
1500,64,0.0206297200,54827568.0000000000,26
1500,65,0.0206538670,54827568.0000000000,26
1500,66,0.0206168140,54827568.0000000000,19
1500,67,0.0205809380,54827568.0000000000,21
1500,68,0.0206001450,54827568.0000000000,21
1500,69,0.0207250760,54827568.0000000000,20
1500,70,0.0206498220,54827568.0000000000,22
1500,71,0.0206969120,54827568.0000000000,22
1500,72,0.0206979520,54827568.0000000000,27
1500,73,0.0205966870,54827568.0000000000,26
1500,74,0.0206751460,54827568.0000000000,25
1500,75,0.0206780930,54827568.0000000000,25
1500,76,0.0205966360,54827568.0000000000,27
1500,77,0.0207502160,54827568.0000000000,20
1500,78,0.0207710760,54827568.0000000000,22
1500,79,0.0206562210,54827568.0000000000,25
1500,80,0.0205997420,54827568.0000000000,19
1500,81,0.0205996310,54827568.0000000000,24
1500,82,0.0206635190,54827568.0000000000,20
1500,83,0.0206646490,54827568.0000000000,22
1500,84,0.0206326080,54827568.0000000000,23
1500,85,0.0206730860,54827568.0000000000,27
1500,86,0.0206666200,54827568.0000000000,19
1500,87,0.0207139940,54827568.0000000000,20
1500,88,0.0206234170,54827568.0000000000,17
1500,89,0.0205841630,54827568.0000000000,26
1500,90,0.0206890640,54827568.0000000000,24
1500,91,0.0206769340,54827568.0000000000,21
1500,92,0.0206817410,54827568.0000000000,17
1500,93,0.0206414100,54827568.0000000000,18
1500,94,0.0206527000,54827568.0000000000,9
1500,95,0.0206396490,54827568.0000000000,23
1500,96,0.0206070030,54827568.0000000000,17
1500,97,0.0206117240,54827568.0000000000,18
1500,98,0.0205850120,54827568.0000000000,18
1500,99,0.0206427540,54827568.0000000000,24
1500,100,0.0206477040,54827568.0000000000,18
1500,101,0.0207024080,54827568.0000000000,10
1500,102,0.0206523610,54827568.0000000000,8
1500,103,0.0205860810,54827568.0000000000,6
1500,104,0.0206635010,54827568.0000000000,11
1500,105,0.0206558900,54827568.0000000000,17
1500,106,0.0206623760,54827568.0000000000,7
1500,107,0.0206824330,54827568.0000000000,27
1500,108,0.0205907650,54827568.0000000000,17
1500,109,0.0205600750,54827568.0000000000,18
1500,110,0.0206631580,54827568.0000000000,23
1500,111,0.0206281400,54827568.0000000000,23
1500,112,0.0206195910,54827568.0000000000,19
1500,113,0.0206834130,54827568.0000000000,24
1500,114,0.0206313740,54827568.0000000000,25
1500,115,0.0206516240,54827568.0000000000,21
1500,116,0.0205930800,54827568.0000000000,21
1500,117,0.0178292300,47074864.0000000000,3
1500,118,0.0178642400,47074864.0000000000,4
1500,119,0.0178955510,47074864.0000000000,9
1500,120,0.0178044220,47074864.0000000000,6
1500,121,0.0178400840,47074864.0000000000,7
1500,122,0.0178886460,47074864.0000000000,10
1500,123,0.0178614930,47074864.0000000000,7
1500,124,0.0178888960,47074864.0000000000,3
1500,125,0.0178784680,47074864.0000000000,10
1500,126,0.0178024590,47074864.0000000000,4
1500,127,0.0177686050,47074864.0000000000,0
1500,128,0.0179004100,47074864.0000000000,5
1500,129,0.0178545490,47074864.0000000000,3
1500,130,0.0178433500,47074864.0000000000,4
1500,131,0.0178667340,47074864.0000000000,5
1500,132,0.0178511840,47074864.0000000000,11
1500,133,0.0178349630,47074864.0000000000,4
1500,134,0.0178013980,47074864.0000000000,4
1500,135,0.0178573370,47074864.0000000000,3
1500,136,0.0177989820,47074864.0000000000,6
1500,137,0.0178516060,47074864.0000000000,9
1500,138,0.0178234600,47074864.0000000000,6
1500,139,0.0179087560,47074864.0000000000,9
1500,140,0.0178650410,47074864.0000000000,10
1500,141,0.0178685190,47074864.0000000000,7
1500,142,0.0178961440,47074864.0000000000,8
1500,143,0.0179002110,47074864.0000000000,5
1500,144,0.0178314350,47074864.0000000000,3
1500,145,0.0178753400,47074864.0000000000,2
1500,146,0.0179305590,47074864.0000000000,5
1500,147,0.0178466760,47074864.0000000000,11
1500,148,0.0178952800,47074864.0000000000,8
1500,149,0.0178404650,47074864.0000000000,1
1500,150,0.0178952300,47074864.0000000000,8
1500,151,0.0178565050,47074864.0000000000,11
1500,152,0.0179026430,47074864.0000000000,5
1550,0,7.5344154822,314366208.0000000000,8
1550,1,7.0286805458,295515616.0000000000,11
1550,2,5.9719770684,261258864.0000000000,7
1550,3,4.6440138908,224028368.0000000000,5
1550,4,4.1329657595,211050272.0000000000,3
1550,5,4.7321486118,226352816.0000000000,4
1550,6,7.5635420971,309355488.0000000000,6
1550,7,9.6123373781,372192592.0000000000,10
1550,8,8.7549693897,352090720.0000000000,9
1550,9,10.4753638612,441501296.0000000000,1
1550,10,10.9689138068,454533616.0000000000,13
1550,11,12.1305595062,484580736.0000000000,4
1550,12,12.9805095947,504768576.0000000000,22
1550,13,12.9148880895,506010784.0000000000,23
1550,14,13.0962977797,506241120.0000000000,5
1550,15,11.9580235348,477999824.0000000000,9
1550,16,10.5227888632,439630672.0000000000,14
1550,17,10.2437737344,433272592.0000000000,15
1550,18,10.2157125036,436368544.0000000000,0
1550,19,10.2231223430,436513264.0000000000,16
1550,20,10.2212113396,436508176.0000000000,16
1550,21,10.2241347089,436510304.0000000000,25
1550,22,10.2219060314,436509296.0000000000,18
1550,23,10.2192941868,436508624.0000000000,0
1550,24,10.2322070415,436510432.0000000000,2
1550,25,10.2333737799,436510848.0000000000,15
1550,26,10.2225507428,436367296.0000000000,19
1550,27,10.2191736906,436367984.0000000000,17
1550,28,10.2195787085,436507248.0000000000,12
1550,29,10.2280377344,436508192.0000000000,14
1550,30,10.2287933684,436512000.0000000000,21
1550,31,10.2355230212,436508448.0000000000,20
1550,32,10.2313058153,436510336.0000000000,2
1550,33,10.2211699456,436509504.0000000000,1
1550,34,10.2210484032,436511616.0000000000,13
1550,35,10.2193911279,436371456.0000000000,24
1550,36,10.2065885169,435787136.0000000000,12
1550,37,10.2307578887,436518752.0000000000,3
1550,38,10.2436042958,436514416.0000000000,7
1550,39,10.2324753564,436523328.0000000000,27
1550,40,10.2339434587,436511248.0000000000,26
1550,41,10.2447118105,436493696.0000000000,10
1550,42,10.2412734076,436528048.0000000000,11
1550,43,10.2409675119,436513056.0000000000,8
1550,44,10.2162015574,435785648.0000000000,6
1550,45,2.6502623528,131964352.0000000000,21
1550,46,2.6557545974,132147808.0000000000,20
1550,47,2.6533408006,132146576.0000000000,25
1550,48,2.6499794314,132134576.0000000000,23
1550,49,2.6511462319,132149056.0000000000,17
1550,50,2.6509989171,132142208.0000000000,18
1550,51,2.6540253198,132141248.0000000000,22
1550,52,2.6520188539,132148816.0000000000,19
1550,53,2.6493786680,131961376.0000000000,24
1550,54,0.6748380272,54827568.0000000000,25
1550,55,0.6741601198,54827568.0000000000,24
1550,56,0.6751350152,54827568.0000000000,22
1550,57,0.6758922168,54827568.0000000000,27
1550,58,0.6757095840,54827568.0000000000,27
1550,59,0.6726779032,54827568.0000000000,23
1550,60,0.6761864389,54827568.0000000000,20
1550,61,0.6735812502,54827568.0000000000,26
1550,62,0.6732626932,54827568.0000000000,19
1550,63,0.6734601065,54827568.0000000000,26
1550,64,0.6734017736,54827568.0000000000,26
1550,65,0.6729361985,54827568.0000000000,26
1550,66,0.6732384617,54827568.0000000000,19
1550,67,0.6731797900,54827568.0000000000,21
1550,68,0.6731602465,54827568.0000000000,21
1550,69,0.6761880338,54827568.0000000000,20
1550,70,0.6755168559,54827568.0000000000,22
1550,71,0.6755141610,54827568.0000000000,22
1550,72,0.6759028633,54827568.0000000000,27
1550,73,0.6734890747,54827568.0000000000,26
1550,74,0.6747492288,54827568.0000000000,25
1550,75,0.6747149616,54827568.0000000000,25
1550,76,0.6760570824,54827568.0000000000,27
1550,77,0.6761723635,54827568.0000000000,20
1550,78,0.6753245559,54827568.0000000000,22
1550,79,0.6754377804,54827568.0000000000,25
1550,80,0.6734721884,54827568.0000000000,19
1550,81,0.6741039379,54827568.0000000000,24
1550,82,0.6759714317,54827568.0000000000,20
1550,83,0.6749724882,54827568.0000000000,22
1550,84,0.6727844990,54827568.0000000000,23
1550,85,0.6756905322,54827568.0000000000,27
1550,86,0.6733917368,54827568.0000000000,19
1550,87,0.6761611944,54827568.0000000000,20
1550,88,0.6733213048,54827568.0000000000,17
1550,89,0.6739460888,54827568.0000000000,26
1550,90,0.6740737668,54827568.0000000000,24
1550,91,0.6734038397,54827568.0000000000,21
1550,92,0.6737845545,54827568.0000000000,17
1550,93,0.6736033741,54827568.0000000000,18
1550,94,0.6749467797,54827568.0000000000,9
1550,95,0.6726730311,54827568.0000000000,23
1550,96,0.6733219843,54827568.0000000000,17
1550,97,0.6734018482,54827568.0000000000,18
1550,98,0.6737208550,54827568.0000000000,18
1550,99,0.6740270925,54827568.0000000000,24
1550,100,0.6735128064,54827568.0000000000,18
1550,101,0.6760319531,54827568.0000000000,10
1550,102,0.6757018964,54827568.0000000000,8
1550,103,0.6728822144,54827568.0000000000,6
1550,104,0.6748997287,54827568.0000000000,11
1550,105,0.6735429167,54827568.0000000000,17
1550,106,0.6750441029,54827568.0000000000,7
1550,107,0.6754537315,54827568.0000000000,27
1550,108,0.6735285155,54827568.0000000000,17
1550,109,0.6729905152,54827568.0000000000,18
1550,110,0.6727451884,54827568.0000000000,23
1550,111,0.6726451331,54827568.0000000000,23
1550,112,0.6735069231,54827568.0000000000,19
1550,113,0.6742752727,54827568.0000000000,24
1550,114,0.6748056779,54827568.0000000000,25
1550,115,0.6734605231,54827568.0000000000,21
1550,116,0.6732269056,54827568.0000000000,21
1550,117,0.5829052281,47074864.0000000000,3
1550,118,0.5828587135,47074864.0000000000,4
1550,119,0.5846732405,47074864.0000000000,9
1550,120,0.5820305017,47074864.0000000000,6
1550,121,0.5836949923,47074864.0000000000,7
1550,122,0.5844651020,47074864.0000000000,10
1550,123,0.5836994192,47074864.0000000000,7
1550,124,0.5831104392,47074864.0000000000,3
1550,125,0.5843296406,47074864.0000000000,10
1550,126,0.5827433434,47074864.0000000000,4
1550,127,0.5815497372,47074864.0000000000,0
1550,128,0.5850243536,47074864.0000000000,5
1550,129,0.5830518742,47074864.0000000000,3
1550,130,0.5828041595,47074864.0000000000,4
1550,131,0.5849947539,47074864.0000000000,5
1550,132,0.5837853416,47074864.0000000000,11
1550,133,0.5827339798,47074864.0000000000,4
1550,134,0.5825545464,47074864.0000000000,4
1550,135,0.5829531807,47074864.0000000000,3
1550,136,0.5821134846,47074864.0000000000,6
1550,137,0.5847021523,47074864.0000000000,9
1550,138,0.5818335240,47074864.0000000000,6
1550,139,0.5843084073,47074864.0000000000,9
1550,140,0.5847192374,47074864.0000000000,10
1550,141,0.5836390019,47074864.0000000000,7
1550,142,0.5842536604,47074864.0000000000,8
1550,143,0.5848023170,47074864.0000000000,5
1550,144,0.5830524991,47074864.0000000000,3
1550,145,0.5835202416,47074864.0000000000,2
1550,146,0.5850045378,47074864.0000000000,5
1550,147,0.5837118143,47074864.0000000000,11
1550,148,0.5843020056,47074864.0000000000,8
1550,149,0.5822129680,47074864.0000000000,1
1550,150,0.5844623076,47074864.0000000000,8
1550,151,0.5837603615,47074864.0000000000,11
1550,152,0.5848468096,47074864.0000000000,5
1600,0,0.2395372520,313153552.0000000000,4
1600,1,0.2227167230,294407472.0000000000,12
1600,2,0.1774453800,252380352.0000000000,13
1600,3,0.1371359580,215218640.0000000000,18
1600,4,0.1329830520,210865840.0000000000,19
1600,5,0.1342809830,216380512.0000000000,17
1600,6,0.2347967410,303512784.0000000000,5
1600,7,0.3104638770,374544256.0000000000,6
1600,8,0.2814694290,353425984.0000000000,3
1600,9,0.3380856690,442191552.0000000000,25
1600,10,0.3604477280,456483648.0000000000,21
1600,11,0.4003992000,486900768.0000000000,14
1600,12,0.4056863860,504455440.0000000000,22
1600,13,0.4021893000,505635248.0000000000,23
1600,14,0.4276714610,505823760.0000000000,20
1600,15,0.3914526300,480427008.0000000000,16
1600,16,0.3388867850,439712320.0000000000,24
1600,17,0.3274976190,432655984.0000000000,26
1600,18,0.3259158160,436368192.0000000000,9
1600,19,0.3260221310,436505568.0000000000,10
1600,20,0.3260601270,436509792.0000000000,8
1600,21,0.3259341930,436506096.0000000000,9
1600,22,0.3255431690,436509888.0000000000,1
1600,23,0.3261896950,436510576.0000000000,10
1600,24,0.3254749770,436509344.0000000000,3
1600,25,0.3256194000,436504432.0000000000,12
1600,26,0.3259045340,436366992.0000000000,11
1600,27,0.3254303550,436367888.0000000000,1
1600,28,0.3256642530,436510016.0000000000,0
1600,29,0.3260426430,436509568.0000000000,7
1600,30,0.3258361460,436508896.0000000000,2
1600,31,0.3255255230,436510960.0000000000,17
1600,32,0.3255297100,436511104.0000000000,6
1600,33,0.3254155660,436507664.0000000000,0
1600,34,0.3260162810,436508000.0000000000,8
1600,35,0.3257348560,436366480.0000000000,11
1600,36,0.3251045720,435756720.0000000000,2
1600,37,0.3260430230,436518976.0000000000,4
1600,38,0.3257977200,436518080.0000000000,27
1600,39,0.3260566180,436523248.0000000000,5
1600,40,0.3256424640,436509008.0000000000,13
1600,41,0.3262315190,436489952.0000000000,15
1600,42,0.3258689000,436531152.0000000000,19
1600,43,0.3258592610,436511664.0000000000,18
1600,44,0.3255014630,435760288.0000000000,7
1600,45,0.0834800200,131959616.0000000000,16
1600,46,0.0838660910,132145808.0000000000,27
1600,47,0.0835811570,132143216.0000000000,26
1600,48,0.0839530930,132132352.0000000000,14
1600,49,0.0836853110,132147808.0000000000,21
1600,50,0.0837568590,132140640.0000000000,24
1600,51,0.0837273180,132140576.0000000000,15
1600,52,0.0838077670,132150496.0000000000,25
1600,53,0.0836992020,131954208.0000000000,15
1600,54,0.0205817460,54827568.0000000000,18
1600,55,0.0206280060,54827568.0000000000,14
1600,56,0.0207289520,54827568.0000000000,27
1600,57,0.0205996060,54827568.0000000000,23
1600,58,0.0206745560,54827568.0000000000,25
1600,59,0.0205587910,54827568.0000000000,19
1600,60,0.0207239230,54827568.0000000000,27
1600,61,0.0206796440,54827568.0000000000,15
1600,62,0.0205994700,54827568.0000000000,17
1600,63,0.0206710290,54827568.0000000000,19
1600,64,0.0206217420,54827568.0000000000,16
1600,65,0.0206175860,54827568.0000000000,24
1600,66,0.0206493170,54827568.0000000000,18
1600,67,0.0206274550,54827568.0000000000,13
1600,68,0.0206887620,54827568.0000000000,16
1600,69,0.0207035320,54827568.0000000000,24
1600,70,0.0206206470,54827568.0000000000,21
1600,71,0.0206805090,54827568.0000000000,24
1600,72,0.0206696170,54827568.0000000000,25
1600,73,0.0206016180,54827568.0000000000,21
1600,74,0.0206635170,54827568.0000000000,24
1600,75,0.0206024950,54827568.0000000000,17
1600,76,0.0206561220,54827568.0000000000,27
1600,77,0.0205898570,54827568.0000000000,23
1600,78,0.0206103250,54827568.0000000000,23
1600,79,0.0205958750,54827568.0000000000,26
1600,80,0.0206126760,54827568.0000000000,19
1600,81,0.0206102920,54827568.0000000000,26
1600,82,0.0206001020,54827568.0000000000,26
1600,83,0.0206199700,54827568.0000000000,19
1600,84,0.0207885910,54827568.0000000000,22
1600,85,0.0206120760,54827568.0000000000,26
1600,86,0.0205463160,54827568.0000000000,25
1600,87,0.0207432440,54827568.0000000000,20
1600,88,0.0205836810,54827568.0000000000,17
1600,89,0.0205839910,54827568.0000000000,18
1600,90,0.0207255350,54827568.0000000000,27
1600,91,0.0206514760,54827568.0000000000,23
1600,92,0.0206912630,54827568.0000000000,20
1600,93,0.0206701570,54827568.0000000000,24
1600,94,0.0206293140,54827568.0000000000,21
1600,95,0.0206658730,54827568.0000000000,20
1600,96,0.0205891120,54827568.0000000000,14
1600,97,0.0207055990,54827568.0000000000,25
1600,98,0.0206821960,54827568.0000000000,22
1600,99,0.0205940930,54827568.0000000000,23
1600,100,0.0206462230,54827568.0000000000,27
1600,101,0.0205901170,54827568.0000000000,22
1600,102,0.0207080360,54827568.0000000000,20
1600,103,0.0206191470,54827568.0000000000,14
1600,104,0.0207241730,54827568.0000000000,25
1600,105,0.0207058580,54827568.0000000000,22
1600,106,0.0207405390,54827568.0000000000,22
1600,107,0.0207311090,54827568.0000000000,22
1600,108,0.0206209340,54827568.0000000000,26
1600,109,0.0206274480,54827568.0000000000,21
1600,110,0.0205117630,54827568.0000000000,21
1600,111,0.0206581230,54827568.0000000000,13
1600,112,0.0206542910,54827568.0000000000,20
1600,113,0.0206418730,54827568.0000000000,16
1600,114,0.0206248040,54827568.0000000000,20
1600,115,0.0205719310,54827568.0000000000,23
1600,116,0.0206648970,54827568.0000000000,15
1600,117,0.0178184320,47074864.0000000000,4
1600,118,0.0178022260,47074864.0000000000,3
1600,119,0.0178609370,47074864.0000000000,19
1600,120,0.0178521420,47074864.0000000000,2
1600,121,0.0178718340,47074864.0000000000,5
1600,122,0.0177913300,47074864.0000000000,13
1600,123,0.0178347130,47074864.0000000000,4
1600,124,0.0178433360,47074864.0000000000,3
1600,125,0.0178585880,47074864.0000000000,15
1600,126,0.0178128710,47074864.0000000000,6
1600,127,0.0178335380,47074864.0000000000,0
1600,128,0.0178438570,47074864.0000000000,17
1600,129,0.0178062970,47074864.0000000000,4
1600,130,0.0178601210,47074864.0000000000,5
1600,131,0.0178090800,47074864.0000000000,16
1600,132,0.0178174070,47074864.0000000000,12
1600,133,0.0179128950,47074864.0000000000,5
1600,134,0.0177840940,47074864.0000000000,12
1600,135,0.0177867090,47074864.0000000000,12
1600,136,0.0178679230,47074864.0000000000,3
1600,137,0.0178532240,47074864.0000000000,18
1600,138,0.0178292280,47074864.0000000000,1
1600,139,0.0178325240,47074864.0000000000,16
1600,140,0.0177666200,47074864.0000000000,12
1600,141,0.0178133700,47074864.0000000000,12
1600,142,0.0179054290,47074864.0000000000,5
1600,143,0.0179059900,47074864.0000000000,15
1600,144,0.0179189650,47074864.0000000000,5
1600,145,0.0178006960,47074864.0000000000,13
1600,146,0.0178591260,47074864.0000000000,18
1600,147,0.0177590160,47074864.0000000000,13
1600,148,0.0178705130,47074864.0000000000,14
1600,149,0.0178405630,47074864.0000000000,4
1600,150,0.0178190570,47074864.0000000000,17
1600,151,0.0178190020,47074864.0000000000,4
1600,152,0.0178626070,47074864.0000000000,14
1650,0,7.5023212160,312217856.0000000000,4
1650,1,6.9704963818,293923792.0000000000,12
1650,2,5.4562767311,247579760.0000000000,13
1650,3,4.1701611970,213201808.0000000000,18
1650,4,4.0974437877,210850192.0000000000,19
1650,5,4.2055313774,213926848.0000000000,17
1650,6,7.2579591600,299658176.0000000000,5
1650,7,9.7733081324,377458944.0000000000,6
1650,8,8.8489208003,354429168.0000000000,3
1650,9,10.6136258608,442848544.0000000000,25
1650,10,11.2509264894,458110896.0000000000,21
1650,11,12.4133142221,488287392.0000000000,14
1650,12,13.0379053188,504283552.0000000000,22
1650,13,12.9216334696,505332064.0000000000,23
1650,14,13.1270997795,505507424.0000000000,20
1650,15,12.1949907652,482717632.0000000000,16
1650,16,10.5910042542,439760144.0000000000,24
1650,17,10.2629599734,432202288.0000000000,26
1650,18,10.2326824664,436367568.0000000000,9
1650,19,10.2390570468,436504240.0000000000,10
1650,20,10.2345774420,436513040.0000000000,8
1650,21,10.2338204148,436509600.0000000000,9
1650,22,10.2249674056,436509856.0000000000,1
1650,23,10.2379544236,436508384.0000000000,10
1650,24,10.2247004702,436511136.0000000000,3
1650,25,10.2213755627,436509248.0000000000,12
1650,26,10.2322973398,436367504.0000000000,11
1650,27,10.2213176217,436368784.0000000000,1
1650,28,10.2237225744,436512064.0000000000,0
1650,29,10.2394891790,436512032.0000000000,7
1650,30,10.2356051610,436507648.0000000000,2
1650,31,10.2223803156,436510128.0000000000,17
1650,32,10.2276712396,436511088.0000000000,6
1650,33,10.2216134246,436510592.0000000000,0
1650,34,10.2332943959,436509264.0000000000,8
1650,35,10.2307568740,436367312.0000000000,11
1650,36,10.2236688709,435739600.0000000000,2
1650,37,10.2399132395,436522112.0000000000,4
1650,38,10.2340359721,436516208.0000000000,27
1650,39,10.2455948608,436527264.0000000000,5
1650,40,10.2344478896,436509680.0000000000,13
1650,41,10.2467731067,436493104.0000000000,15
1650,42,10.2367450704,436528112.0000000000,19
1650,43,10.2324560976,436513712.0000000000,18
1650,44,10.2269435090,435740976.0000000000,7
1650,45,2.6512484363,131954352.0000000000,16
1650,46,2.6536070530,132147344.0000000000,27
1650,47,2.6526053810,132142048.0000000000,26
1650,48,2.6546748901,132129552.0000000000,14
1650,49,2.6528681965,132148432.0000000000,21
1650,50,2.6520235610,132140992.0000000000,24
1650,51,2.6554683612,132142704.0000000000,15
1650,52,2.6537064375,132147248.0000000000,25
1650,53,2.6540543662,131950720.0000000000,15
1650,54,0.6733352693,54827568.0000000000,18
1650,55,0.6736575334,54827568.0000000000,14
1650,56,0.6758853292,54827568.0000000000,27
1650,57,0.6725226315,54827568.0000000000,23
1650,58,0.6750658408,54827568.0000000000,25
1650,59,0.6732899578,54827568.0000000000,19
1650,60,0.6757971387,54827568.0000000000,27
1650,61,0.6756973779,54827568.0000000000,15
1650,62,0.6733420556,54827568.0000000000,17
1650,63,0.6733390353,54827568.0000000000,19
1650,64,0.6746690271,54827568.0000000000,16
1650,65,0.6738011376,54827568.0000000000,24
1650,66,0.6737350201,54827568.0000000000,18
1650,67,0.6730740840,54827568.0000000000,13
1650,68,0.6747142462,54827568.0000000000,16
1650,69,0.6739613579,54827568.0000000000,24
1650,70,0.6731714883,54827568.0000000000,21
1650,71,0.6735753313,54827568.0000000000,24
1650,72,0.6750997237,54827568.0000000000,25
1650,73,0.6733416354,54827568.0000000000,21
1650,74,0.6738036170,54827568.0000000000,24
1650,75,0.6734439522,54827568.0000000000,17
1650,76,0.6757854331,54827568.0000000000,27
1650,77,0.6725835102,54827568.0000000000,23
1650,78,0.6726686521,54827568.0000000000,23
1650,79,0.6733737485,54827568.0000000000,26
1650,80,0.6729580811,54827568.0000000000,19
1650,81,0.6732915848,54827568.0000000000,26
1650,82,0.6735445479,54827568.0000000000,26
1650,83,0.6735685924,54827568.0000000000,19
1650,84,0.6752615534,54827568.0000000000,22
1650,85,0.6734740297,54827568.0000000000,26
1650,86,0.6748278890,54827568.0000000000,25
1650,87,0.6760359506,54827568.0000000000,20
1650,88,0.6734559593,54827568.0000000000,17
1650,89,0.6738215775,54827568.0000000000,18
1650,90,0.6760772369,54827568.0000000000,27
1650,91,0.6719085908,54827568.0000000000,23
1650,92,0.6761869944,54827568.0000000000,20
1650,93,0.6737917617,54827568.0000000000,24
1650,94,0.6730040506,54827568.0000000000,21
1650,95,0.6759122746,54827568.0000000000,20
1650,96,0.6734538872,54827568.0000000000,14
1650,97,0.6752693575,54827568.0000000000,25
1650,98,0.6751990395,54827568.0000000000,22
1650,99,0.6726697796,54827568.0000000000,23
1650,100,0.6757436544,54827568.0000000000,27
1650,101,0.6757749286,54827568.0000000000,22
1650,102,0.6756416763,54827568.0000000000,20
1650,103,0.6736178901,54827568.0000000000,14
1650,104,0.6746625579,54827568.0000000000,25
1650,105,0.6752432156,54827568.0000000000,22
1650,106,0.6753190118,54827568.0000000000,22
1650,107,0.6756043819,54827568.0000000000,22
1650,108,0.6735932171,54827568.0000000000,26
1650,109,0.6734891503,54827568.0000000000,21
1650,110,0.6731821842,54827568.0000000000,21
1650,111,0.6728145752,54827568.0000000000,13
1650,112,0.6761994458,54827568.0000000000,20
1650,113,0.6746304420,54827568.0000000000,16
1650,114,0.6762785808,54827568.0000000000,20
1650,115,0.6723074648,54827568.0000000000,23
1650,116,0.6761528011,54827568.0000000000,15
1650,117,0.5827714186,47074864.0000000000,4
1650,118,0.5830911450,47074864.0000000000,3
1650,119,0.5827807682,47074864.0000000000,19
1650,120,0.5834665842,47074864.0000000000,2
1650,121,0.5846824797,47074864.0000000000,5
1650,122,0.5813976782,47074864.0000000000,13
1650,123,0.5827486748,47074864.0000000000,4
1650,124,0.5830463580,47074864.0000000000,3
1650,125,0.5845940106,47074864.0000000000,15
1650,126,0.5821807638,47074864.0000000000,6
1650,127,0.5816929300,47074864.0000000000,0
1650,128,0.5818107576,47074864.0000000000,17
1650,129,0.5826186586,47074864.0000000000,4
1650,130,0.5848742843,47074864.0000000000,5
1650,131,0.5826122549,47074864.0000000000,16
1650,132,0.5814233141,47074864.0000000000,12
1650,133,0.5847518025,47074864.0000000000,5
1650,134,0.5817013257,47074864.0000000000,12
1650,135,0.5816168318,47074864.0000000000,12
1650,136,0.5829436341,47074864.0000000000,3
1650,137,0.5824852742,47074864.0000000000,18
1650,138,0.5820911830,47074864.0000000000,1
1650,139,0.5827437041,47074864.0000000000,16
1650,140,0.5816061463,47074864.0000000000,12
1650,141,0.5815022138,47074864.0000000000,12
1650,142,0.5848777986,47074864.0000000000,5
1650,143,0.5845278550,47074864.0000000000,15
1650,144,0.5848882051,47074864.0000000000,5
1650,145,0.5812953917,47074864.0000000000,13
1650,146,0.5825703459,47074864.0000000000,18
1650,147,0.5812680852,47074864.0000000000,13
1650,148,0.5829581945,47074864.0000000000,14
1650,149,0.5829730024,47074864.0000000000,4
1650,150,0.5821074099,47074864.0000000000,17
1650,151,0.5828392692,47074864.0000000000,4
1650,152,0.5827357744,47074864.0000000000,14
1700,0,0.2310428920,310945008.0000000000,4
1700,1,0.2155709230,293427456.0000000000,12
1700,2,0.1618321940,242999712.0000000000,13
1700,3,0.1275305550,212065856.0000000000,18
1700,4,0.1271858360,210844928.0000000000,19
1700,5,0.1288324590,212932256.0000000000,17
1700,6,0.2194113250,295300512.0000000000,5
1700,7,0.3091116480,380758912.0000000000,6
1700,8,0.2762952870,355093840.0000000000,3
1700,9,0.3308366060,443514496.0000000000,25
1700,10,0.3521337670,459474272.0000000000,21
1700,11,0.3880714930,489008000.0000000000,14
1700,12,0.4063653680,504471104.0000000000,22
1700,13,0.4018135120,505117008.0000000000,23
1700,14,0.4074302810,504792704.0000000000,20
1700,15,0.3828221310,485140192.0000000000,16
1700,16,0.3298619770,439792480.0000000000,24
1700,17,0.3180500980,431589936.0000000000,26
1700,18,0.3179003880,436364656.0000000000,9
1700,19,0.3180398490,436509904.0000000000,10
1700,20,0.3178997080,436508656.0000000000,8
1700,21,0.3180238050,436513472.0000000000,9
1700,22,0.3176071190,436510912.0000000000,1
1700,23,0.3181316870,436508512.0000000000,10
1700,24,0.3175764490,436511152.0000000000,3
1700,25,0.3176324800,436512928.0000000000,12
1700,26,0.3177262620,436363504.0000000000,11
1700,27,0.3174890580,436368864.0000000000,1
1700,28,0.3175184760,436506176.0000000000,0
1700,29,0.3181439410,436513792.0000000000,7
1700,30,0.3178984340,436506800.0000000000,2
1700,31,0.3175850930,436512480.0000000000,17
1700,32,0.3177946740,436512032.0000000000,6
1700,33,0.3174686990,436508640.0000000000,0
1700,34,0.3178708610,436508640.0000000000,8
1700,35,0.3178694390,436368224.0000000000,11
1700,36,0.3175924880,435717888.0000000000,2
1700,37,0.3182345940,436521920.0000000000,4
1700,38,0.3180375020,436514848.0000000000,27
1700,39,0.3183139280,436524800.0000000000,5
1700,40,0.3180750240,436512224.0000000000,13
1700,41,0.3182889110,436494464.0000000000,15
1700,42,0.3181008540,436529776.0000000000,19
1700,43,0.3178293670,436510288.0000000000,18
1700,44,0.3177805480,435717024.0000000000,7
1700,45,0.0821906250,131946656.0000000000,16
1700,46,0.0821687770,132147216.0000000000,27
1700,47,0.0821400420,132142256.0000000000,26
1700,48,0.0822415260,132128608.0000000000,14
1700,49,0.0820904300,132145120.0000000000,21
1700,50,0.0821186010,132138752.0000000000,24
1700,51,0.0822396230,132142912.0000000000,15
1700,52,0.0822200980,132149488.0000000000,25
1700,53,0.0823210870,131946208.0000000000,15
1700,54,0.0206521720,54827568.0000000000,18
1700,55,0.0206653850,54827568.0000000000,14
1700,56,0.0206832760,54827568.0000000000,27
1700,57,0.0205813180,54827568.0000000000,23
1700,58,0.0206391570,54827568.0000000000,25
1700,59,0.0205578580,54827568.0000000000,19
1700,60,0.0207010470,54827568.0000000000,27
1700,61,0.0206531530,54827568.0000000000,15
1700,62,0.0205739980,54827568.0000000000,17
1700,63,0.0205812330,54827568.0000000000,19
1700,64,0.0206547160,54827568.0000000000,16
1700,65,0.0206027990,54827568.0000000000,24
1700,66,0.0205514760,54827568.0000000000,18
1700,67,0.0205819140,54827568.0000000000,13
1700,68,0.0206615190,54827568.0000000000,16
1700,69,0.0205836810,54827568.0000000000,24
1700,70,0.0206799780,54827568.0000000000,21
1700,71,0.0205486240,54827568.0000000000,24
1700,72,0.0205882980,54827568.0000000000,25
1700,73,0.0206259550,54827568.0000000000,21
1700,74,0.0206611480,54827568.0000000000,24
1700,75,0.0206239470,54827568.0000000000,17
1700,76,0.0206963700,54827568.0000000000,27
1700,77,0.0205522740,54827568.0000000000,23
1700,78,0.0205977210,54827568.0000000000,23
1700,79,0.0206036000,54827568.0000000000,26
1700,80,0.0206471320,54827568.0000000000,19
1700,81,0.0206067040,54827568.0000000000,26
1700,82,0.0205973550,54827568.0000000000,26
1700,83,0.0205897120,54827568.0000000000,19
1700,84,0.0205983700,54827568.0000000000,22
1700,85,0.0206531450,54827568.0000000000,26
1700,86,0.0206292810,54827568.0000000000,25
1700,87,0.0206784680,54827568.0000000000,20
1700,88,0.0206107400,54827568.0000000000,17
1700,89,0.0205782970,54827568.0000000000,18
1700,90,0.0206536960,54827568.0000000000,27
1700,91,0.0205898040,54827568.0000000000,23
1700,92,0.0206428580,54827568.0000000000,20
1700,93,0.0206125670,54827568.0000000000,24
1700,94,0.0206715660,54827568.0000000000,21
1700,95,0.0207485710,54827568.0000000000,20
1700,96,0.0205483800,54827568.0000000000,14
1700,97,0.0206830150,54827568.0000000000,25
1700,98,0.0206866730,54827568.0000000000,22
1700,99,0.0205182150,54827568.0000000000,23
1700,100,0.0207636900,54827568.0000000000,27
1700,101,0.0206948390,54827568.0000000000,22
1700,102,0.0207256990,54827568.0000000000,20
1700,103,0.0206212420,54827568.0000000000,14
1700,104,0.0205983600,54827568.0000000000,25
1700,105,0.0207123130,54827568.0000000000,22
1700,106,0.0206811920,54827568.0000000000,22
1700,107,0.0206599990,54827568.0000000000,22
1700,108,0.0206302910,54827568.0000000000,26
1700,109,0.0207100270,54827568.0000000000,21
1700,110,0.0206002460,54827568.0000000000,21
1700,111,0.0206463310,54827568.0000000000,13
1700,112,0.0206809010,54827568.0000000000,20
1700,113,0.0206420120,54827568.0000000000,16
1700,114,0.0207732710,54827568.0000000000,20
1700,115,0.0205585240,54827568.0000000000,23
1700,116,0.0206894530,54827568.0000000000,15
1700,117,0.0178453740,47074864.0000000000,4
1700,118,0.0178743870,47074864.0000000000,3
1700,119,0.0178436660,47074864.0000000000,19
1700,120,0.0178798160,47074864.0000000000,2
1700,121,0.0178856920,47074864.0000000000,5
1700,122,0.0178226500,47074864.0000000000,13
1700,123,0.0178337720,47074864.0000000000,4
1700,124,0.0178321430,47074864.0000000000,3
1700,125,0.0178831550,47074864.0000000000,15
1700,126,0.0178417060,47074864.0000000000,6
1700,127,0.0177854330,47074864.0000000000,0
1700,128,0.0178040270,47074864.0000000000,17
1700,129,0.0178436600,47074864.0000000000,4
1700,130,0.0179288640,47074864.0000000000,5
1700,131,0.0177942890,47074864.0000000000,16
1700,132,0.0177805660,47074864.0000000000,12
1700,133,0.0179143760,47074864.0000000000,5
1700,134,0.0177810470,47074864.0000000000,12
1700,135,0.0178032310,47074864.0000000000,12
1700,136,0.0178238790,47074864.0000000000,3
1700,137,0.0178452080,47074864.0000000000,18
1700,138,0.0178191290,47074864.0000000000,1
1700,139,0.0178263420,47074864.0000000000,16
1700,140,0.0177892920,47074864.0000000000,12
1700,141,0.0178506940,47074864.0000000000,12
1700,142,0.0179170030,47074864.0000000000,5
1700,143,0.0178900380,47074864.0000000000,15
1700,144,0.0179285140,47074864.0000000000,5
1700,145,0.0177944730,47074864.0000000000,13
1700,146,0.0178464300,47074864.0000000000,18
1700,147,0.0178194720,47074864.0000000000,13
1700,148,0.0178631970,47074864.0000000000,14
1700,149,0.0178327500,47074864.0000000000,4
1700,150,0.0177991090,47074864.0000000000,17
1700,151,0.0178385000,47074864.0000000000,4
1700,152,0.0178518270,47074864.0000000000,14
1750,0,7.3999317773,309738160.0000000000,4
1750,1,6.9301718224,292978736.0000000000,12
1750,2,5.1360052726,239319440.0000000000,13
1750,3,4.1117276892,211338688.0000000000,18
1750,4,4.1019109793,210843696.0000000000,19
1750,5,4.1508119413,212834336.0000000000,17
1750,6,6.9850939075,291724352.0000000000,5
1750,7,9.9941283322,384201680.0000000000,6
1750,8,8.8796620785,355559328.0000000000,3
1750,9,10.6458804625,444276992.0000000000,25
1750,10,11.3427396713,460673568.0000000000,21
1750,11,12.4838004603,489279600.0000000000,14
1750,12,13.0749495810,504845280.0000000000,22
1750,13,12.9329562914,504904976.0000000000,23
1750,14,13.0776403876,503879760.0000000000,20
1750,15,12.3552676631,487442016.0000000000,16
1750,16,10.6117847511,439768112.0000000000,24
1750,17,10.2093835602,430951872.0000000000,26
1750,18,10.2303445539,436365216.0000000000,9
1750,19,10.2363099370,436509328.0000000000,10
1750,20,10.2354762627,436508240.0000000000,8
1750,21,10.2311096834,436514480.0000000000,9
1750,22,10.2210058728,436512400.0000000000,1
1750,23,10.2352490468,436508832.0000000000,10
1750,24,10.2222922603,436510384.0000000000,3
1750,25,10.2170282038,436511696.0000000000,12
1750,26,10.2299102801,436359584.0000000000,11
1750,27,10.2180662090,436364768.0000000000,1
1750,28,10.2208993960,436507216.0000000000,0
1750,29,10.2364975040,436511024.0000000000,7
1750,30,10.2323076430,436508752.0000000000,2
1750,31,10.2200975560,436509920.0000000000,17
1750,32,10.2246069476,436510576.0000000000,6
1750,33,10.2189856703,436508928.0000000000,0
1750,34,10.2304184038,436511584.0000000000,8
1750,35,10.2281889223,436367088.0000000000,11
1750,36,10.2194437213,435696352.0000000000,2
1750,37,10.2378643274,436527152.0000000000,4
1750,38,10.2324532319,436509680.0000000000,27
1750,39,10.2443482709,436532416.0000000000,5
1750,40,10.2313487416,436509056.0000000000,13
1750,41,10.2442829934,436497856.0000000000,15
1750,42,10.2343074659,436524320.0000000000,19
1750,43,10.2293712030,436510400.0000000000,18
1750,44,10.2227160918,435701536.0000000000,7
1750,45,2.6502807649,131944768.0000000000,16
1750,46,2.6530531759,132146320.0000000000,27
1750,47,2.6517206013,132141056.0000000000,26
1750,48,2.6530532553,132125664.0000000000,14
1750,49,2.6526336675,132149376.0000000000,21
1750,50,2.6522253337,132136272.0000000000,24
1750,51,2.6548686544,132145680.0000000000,15
1750,52,2.6536470386,132148592.0000000000,25
1750,53,2.6531968686,131939760.0000000000,15
1750,54,0.6732787115,54827568.0000000000,18
1750,55,0.6735860104,54827568.0000000000,14
1750,56,0.6760896498,54827568.0000000000,27
1750,57,0.6725494249,54827568.0000000000,23
1750,58,0.6749858938,54827568.0000000000,25
1750,59,0.6733384946,54827568.0000000000,19
1750,60,0.6760627088,54827568.0000000000,27
1750,61,0.6755259459,54827568.0000000000,15
1750,62,0.6732848802,54827568.0000000000,17
1750,63,0.6730744491,54827568.0000000000,19
1750,64,0.6747071595,54827568.0000000000,16
1750,65,0.6737553774,54827568.0000000000,24
1750,66,0.6737859232,54827568.0000000000,18
1750,67,0.6728699179,54827568.0000000000,13
1750,68,0.6742146144,54827568.0000000000,16
1750,69,0.6741844075,54827568.0000000000,24
1750,70,0.6730879179,54827568.0000000000,21
1750,71,0.6734503283,54827568.0000000000,24
1750,72,0.6748503765,54827568.0000000000,25
1750,73,0.6732789635,54827568.0000000000,21
1750,74,0.6738001192,54827568.0000000000,24
1750,75,0.6735481236,54827568.0000000000,17
1750,76,0.6758163331,54827568.0000000000,27
1750,77,0.6725990665,54827568.0000000000,23
1750,78,0.6724581104,54827568.0000000000,23
1750,79,0.6734807640,54827568.0000000000,26
1750,80,0.6732233019,54827568.0000000000,19
1750,81,0.6734957747,54827568.0000000000,26
1750,82,0.6730988774,54827568.0000000000,26
1750,83,0.6736203482,54827568.0000000000,19
1750,84,0.6753432907,54827568.0000000000,22
1750,85,0.6734620439,54827568.0000000000,26
1750,86,0.6746421358,54827568.0000000000,25
1750,87,0.6760429415,54827568.0000000000,20
1750,88,0.6733421124,54827568.0000000000,17
1750,89,0.6736703180,54827568.0000000000,18
1750,90,0.6756570667,54827568.0000000000,27
1750,91,0.6723124099,54827568.0000000000,23
1750,92,0.6762705478,54827568.0000000000,20
1750,93,0.6737733378,54827568.0000000000,24
1750,94,0.6731310220,54827568.0000000000,21
1750,95,0.6761604366,54827568.0000000000,20
1750,96,0.6735699087,54827568.0000000000,14
1750,97,0.6750191425,54827568.0000000000,25
1750,98,0.6753439014,54827568.0000000000,22
1750,99,0.6726382832,54827568.0000000000,23
1750,100,0.6757922620,54827568.0000000000,27
1750,101,0.6752292289,54827568.0000000000,22
1750,102,0.6757534736,54827568.0000000000,20
1750,103,0.6738843436,54827568.0000000000,14
1750,104,0.6747767528,54827568.0000000000,25
1750,105,0.6753776291,54827568.0000000000,22
1750,106,0.6751663970,54827568.0000000000,22
1750,107,0.6755577249,54827568.0000000000,22
1750,108,0.6734478356,54827568.0000000000,26
1750,109,0.6736818392,54827568.0000000000,21
1750,110,0.6729317935,54827568.0000000000,21
1750,111,0.6727073603,54827568.0000000000,13
1750,112,0.6762124302,54827568.0000000000,20
1750,113,0.6746268645,54827568.0000000000,16
1750,114,0.6764484760,54827568.0000000000,20
1750,115,0.6724607277,54827568.0000000000,23
1750,116,0.6762100245,54827568.0000000000,15
1750,117,0.5830091346,47074864.0000000000,4
1750,118,0.5831566451,47074864.0000000000,3
1750,119,0.5826069750,47074864.0000000000,19
1750,120,0.5834663019,47074864.0000000000,2
1750,121,0.5848460966,47074864.0000000000,5
1750,122,0.5815345038,47074864.0000000000,13
1750,123,0.5826910390,47074864.0000000000,4
1750,124,0.5830030457,47074864.0000000000,3
1750,125,0.5846479994,47074864.0000000000,15
1750,126,0.5820000389,47074864.0000000000,6
1750,127,0.5817151203,47074864.0000000000,0
1750,128,0.5819236363,47074864.0000000000,17
1750,129,0.5827356166,47074864.0000000000,4
1750,130,0.5849801891,47074864.0000000000,5
1750,131,0.5825165148,47074864.0000000000,16
1750,132,0.5814047251,47074864.0000000000,12
1750,133,0.5850072819,47074864.0000000000,5
1750,134,0.5816592492,47074864.0000000000,12
1750,135,0.5815082905,47074864.0000000000,12
1750,136,0.5830921830,47074864.0000000000,3
1750,137,0.5825179026,47074864.0000000000,18
1750,138,0.5823965873,47074864.0000000000,1
1750,139,0.5827620302,47074864.0000000000,16
1750,140,0.5816382101,47074864.0000000000,12
1750,141,0.5814331118,47074864.0000000000,12
1750,142,0.5849319131,47074864.0000000000,5
1750,143,0.5846545847,47074864.0000000000,15
1750,144,0.5850459263,47074864.0000000000,5
1750,145,0.5814421944,47074864.0000000000,13
1750,146,0.5825063557,47074864.0000000000,18
1750,147,0.5813610114,47074864.0000000000,13
1750,148,0.5827453207,47074864.0000000000,14
1750,149,0.5826214631,47074864.0000000000,4
1750,150,0.5818843911,47074864.0000000000,17
1750,151,0.5826600680,47074864.0000000000,4
1750,152,0.5827157175,47074864.0000000000,14
1800,0,0.2273179570,308540864.0000000000,4
1800,1,0.2126561950,292300528.0000000000,12
1800,2,0.1517859550,234596656.0000000000,13
1800,3,0.1271624470,210900560.0000000000,18
1800,4,0.1272445070,210841184.0000000000,19
1800,5,0.1283567830,212735200.0000000000,17
1800,6,0.2127988980,288535424.0000000000,5
1800,7,0.3146867920,387270592.0000000000,6
1800,8,0.2745479260,356054608.0000000000,3
1800,9,0.3299429660,445173888.0000000000,25
1800,10,0.3514104380,461869392.0000000000,21
1800,11,0.3868493300,489404816.0000000000,14
1800,12,0.4065305800,504979376.0000000000,22
1800,13,0.4017716220,504610368.0000000000,23
1800,14,0.4062208610,502980640.0000000000,20
1800,15,0.3854345150,489109136.0000000000,16
1800,16,0.3269889860,439626064.0000000000,24
1800,17,0.3145308940,430175648.0000000000,26
1800,18,0.3177687890,436359168.0000000000,9
1800,19,0.3182233980,436514640.0000000000,10
1800,20,0.3179693250,436509232.0000000000,8
1800,21,0.3178515450,436508848.0000000000,9
1800,22,0.3176183880,436511840.0000000000,1
1800,23,0.3179899150,436510464.0000000000,10
1800,24,0.3176648690,436513744.0000000000,3
1800,25,0.3176067570,436507040.0000000000,12
1800,26,0.3178401750,436363296.0000000000,11
1800,27,0.3173573510,436365088.0000000000,1
1800,28,0.3175966780,436508848.0000000000,0
1800,29,0.3180632650,436509536.0000000000,7
1800,30,0.3180670400,436513488.0000000000,2
1800,31,0.3174971880,436506608.0000000000,17
1800,32,0.3178400140,436508976.0000000000,6
1800,33,0.3175789120,436511472.0000000000,0
1800,34,0.3179270040,436510800.0000000000,8
1800,35,0.3178241440,436365440.0000000000,11
1800,36,0.3176082990,435672896.0000000000,2
1800,37,0.3181263570,436529280.0000000000,4
1800,38,0.3179613080,436513808.0000000000,27
1800,39,0.3181818160,436527456.0000000000,5
1800,40,0.3178668980,436512912.0000000000,13
1800,41,0.3185063360,436498688.0000000000,15
1800,42,0.3181471200,436520720.0000000000,19
1800,43,0.3178266690,436510464.0000000000,18
1800,44,0.3175767950,435677152.0000000000,7
1800,45,0.0821159950,131940304.0000000000,16
1800,46,0.0821970420,132145040.0000000000,27
1800,47,0.0821216780,132138176.0000000000,26
1800,48,0.0823894650,132121344.0000000000,14
1800,49,0.0820257030,132150384.0000000000,21
1800,50,0.0821512740,132137680.0000000000,24
1800,51,0.0822503450,132144160.0000000000,15
1800,52,0.0822392950,132151824.0000000000,25
1800,53,0.0820484670,131934896.0000000000,15
1800,54,0.0206891330,54827568.0000000000,18
1800,55,0.0205940210,54827568.0000000000,14
1800,56,0.0206891050,54827568.0000000000,27
1800,57,0.0205700060,54827568.0000000000,23
1800,58,0.0207047640,54827568.0000000000,25
1800,59,0.0206786350,54827568.0000000000,19
1800,60,0.0206907260,54827568.0000000000,27
1800,61,0.0206654160,54827568.0000000000,15
1800,62,0.0205967850,54827568.0000000000,17
1800,63,0.0206635230,54827568.0000000000,19
1800,64,0.0205972760,54827568.0000000000,16
1800,65,0.0205454180,54827568.0000000000,24
1800,66,0.0206634740,54827568.0000000000,18
1800,67,0.0205886000,54827568.0000000000,13
1800,68,0.0206393670,54827568.0000000000,16
1800,69,0.0205735700,54827568.0000000000,24
1800,70,0.0205259510,54827568.0000000000,21
1800,71,0.0206200610,54827568.0000000000,24
1800,72,0.0206823700,54827568.0000000000,25
1800,73,0.0206390400,54827568.0000000000,21
1800,74,0.0206270020,54827568.0000000000,24
1800,75,0.0205844830,54827568.0000000000,17
1800,76,0.0207193650,54827568.0000000000,27
1800,77,0.0206303920,54827568.0000000000,23
1800,78,0.0205668090,54827568.0000000000,23
1800,79,0.0206112160,54827568.0000000000,26
1800,80,0.0205851110,54827568.0000000000,19
1800,81,0.0206091710,54827568.0000000000,26
1800,82,0.0206114330,54827568.0000000000,26
1800,83,0.0206245770,54827568.0000000000,19
1800,84,0.0207224610,54827568.0000000000,22
1800,85,0.0206815000,54827568.0000000000,26
1800,86,0.0206922720,54827568.0000000000,25
1800,87,0.0207053680,54827568.0000000000,20
1800,88,0.0205907340,54827568.0000000000,17
1800,89,0.0205931370,54827568.0000000000,18
1800,90,0.0206760890,54827568.0000000000,27
1800,91,0.0206134180,54827568.0000000000,23
1800,92,0.0206869810,54827568.0000000000,20
1800,93,0.0206156310,54827568.0000000000,24
1800,94,0.0206338080,54827568.0000000000,21
1800,95,0.0206871830,54827568.0000000000,20
1800,96,0.0206095390,54827568.0000000000,14
1800,97,0.0205909240,54827568.0000000000,25
1800,98,0.0207117100,54827568.0000000000,22
1800,99,0.0205939740,54827568.0000000000,23
1800,100,0.0206729050,54827568.0000000000,27
1800,101,0.0206583080,54827568.0000000000,22
1800,102,0.0206729260,54827568.0000000000,20
1800,103,0.0206460290,54827568.0000000000,14
1800,104,0.0206136890,54827568.0000000000,25
1800,105,0.0206947680,54827568.0000000000,22
1800,106,0.0206717030,54827568.0000000000,22
1800,107,0.0206868630,54827568.0000000000,22
1800,108,0.0206241480,54827568.0000000000,26
1800,109,0.0206663740,54827568.0000000000,21
1800,110,0.0206279370,54827568.0000000000,21
1800,111,0.0205751330,54827568.0000000000,13
1800,112,0.0207212700,54827568.0000000000,20
1800,113,0.0206709780,54827568.0000000000,16
1800,114,0.0207037040,54827568.0000000000,20
1800,115,0.0205231070,54827568.0000000000,23
1800,116,0.0206806040,54827568.0000000000,15
1800,117,0.0178313560,47074864.0000000000,4
1800,118,0.0178327360,47074864.0000000000,3
1800,119,0.0178421620,47074864.0000000000,19
1800,120,0.0179008170,47074864.0000000000,2
1800,121,0.0178726950,47074864.0000000000,5
1800,122,0.0178114790,47074864.0000000000,13
1800,123,0.0178371170,47074864.0000000000,4
1800,124,0.0178213240,47074864.0000000000,3
1800,125,0.0179562480,47074864.0000000000,15
1800,126,0.0178100560,47074864.0000000000,6
1800,127,0.0178368330,47074864.0000000000,0
1800,128,0.0178294100,47074864.0000000000,17
1800,129,0.0178321380,47074864.0000000000,4
1800,130,0.0179119930,47074864.0000000000,5
1800,131,0.0178482440,47074864.0000000000,16
1800,132,0.0177645000,47074864.0000000000,12
1800,133,0.0179171220,47074864.0000000000,5
1800,134,0.0177917810,47074864.0000000000,12
1800,135,0.0178181700,47074864.0000000000,12
1800,136,0.0178615420,47074864.0000000000,3
1800,137,0.0178585540,47074864.0000000000,18
1800,138,0.0178346290,47074864.0000000000,1
1800,139,0.0178382860,47074864.0000000000,16
1800,140,0.0178419350,47074864.0000000000,12
1800,141,0.0178126290,47074864.0000000000,12
1800,142,0.0178814150,47074864.0000000000,5
1800,143,0.0178719050,47074864.0000000000,15
1800,144,0.0178902500,47074864.0000000000,5
1800,145,0.0177727220,47074864.0000000000,13
1800,146,0.0178710990,47074864.0000000000,18
1800,147,0.0178094410,47074864.0000000000,13
1800,148,0.0178416040,47074864.0000000000,14
1800,149,0.0178625960,47074864.0000000000,4
1800,150,0.0177961140,47074864.0000000000,17
1800,151,0.0178322370,47074864.0000000000,4
1800,152,0.0178239620,47074864.0000000000,14
1850,0,7.3299489342,307570608.0000000000,4
1850,1,6.8549408777,291372704.0000000000,12
1850,2,4.8124103674,230609968.0000000000,13
1850,3,4.1025719502,210868416.0000000000,18
1850,4,4.1013542526,210838832.0000000000,19
1850,5,4.1407262843,212797504.0000000000,17
1850,6,6.8126359408,287643216.0000000000,5
1850,7,10.2019801163,389583728.0000000000,6
1850,8,8.8968922170,356768032.0000000000,3
1850,9,10.6749576768,446301728.0000000000,25
1850,10,11.4055714326,463204992.0000000000,21
1850,11,12.4911045751,489778896.0000000000,14
1850,12,13.0660144547,504653328.0000000000,22
1850,13,12.8637927369,504224400.0000000000,23
1850,14,13.0078323825,502311328.0000000000,20
1850,15,12.3806973381,489288544.0000000000,16
1850,16,10.5366843534,439426896.0000000000,24
1850,17,10.1293977591,429411616.0000000000,26
1850,18,10.2295444562,436362512.0000000000,9
1850,19,10.2365279214,436510624.0000000000,10
1850,20,10.2314861557,436504640.0000000000,8
1850,21,10.2308523607,436510480.0000000000,9
1850,22,10.2209171712,436510224.0000000000,1
1850,23,10.2350963850,436510864.0000000000,10
1850,24,10.2220386312,436508112.0000000000,3
1850,25,10.2188027667,436509648.0000000000,12
1850,26,10.2281344389,436362240.0000000000,11
1850,27,10.2174354772,436362400.0000000000,1
1850,28,10.2217817186,436509888.0000000000,0
1850,29,10.2370282036,436511216.0000000000,7
1850,30,10.2323604295,436515376.0000000000,2
1850,31,10.2195605111,436505344.0000000000,17
1850,32,10.2247364882,436510704.0000000000,6
1850,33,10.2200945506,436510912.0000000000,0
1850,34,10.2298811383,436510688.0000000000,8
1850,35,10.2276619345,436363760.0000000000,11
1850,36,10.2193700426,435651872.0000000000,2
1850,37,10.2379072411,436528208.0000000000,4
1850,38,10.2319880815,436519952.0000000000,27
1850,39,10.2437147604,436526048.0000000000,5
1850,40,10.2319518541,436516272.0000000000,13
1850,41,10.2436585643,436499168.0000000000,15
1850,42,10.2335974335,436519616.0000000000,19
1850,43,10.2303410529,436511824.0000000000,18
1850,44,10.2220771432,435659488.0000000000,7
1850,45,2.6505598182,131938416.0000000000,16
1850,46,2.6535367549,132141440.0000000000,27
1850,47,2.6518805217,132136432.0000000000,26
1850,48,2.6539269643,132120032.0000000000,14
1850,49,2.6527095009,132150272.0000000000,21
1850,50,2.6519529444,132137296.0000000000,24
1850,51,2.6555570605,132147024.0000000000,15
1850,52,2.6531409526,132151296.0000000000,25
1850,53,2.6524388844,131925568.0000000000,15
1850,54,0.6731982011,54827568.0000000000,18
1850,55,0.6739168603,54827568.0000000000,14
1850,56,0.6755200092,54827568.0000000000,27
1850,57,0.6722221593,54827568.0000000000,23
1850,58,0.6750699020,54827568.0000000000,25
1850,59,0.6733066129,54827568.0000000000,19
1850,60,0.6757596044,54827568.0000000000,27
1850,61,0.6763040291,54827568.0000000000,15
1850,62,0.6736570201,54827568.0000000000,17
1850,63,0.6730781892,54827568.0000000000,19
1850,64,0.6741357047,54827568.0000000000,16
1850,65,0.6734614633,54827568.0000000000,24
1850,66,0.6733665852,54827568.0000000000,18
1850,67,0.6727221077,54827568.0000000000,13
1850,68,0.6746735270,54827568.0000000000,16
1850,69,0.6741053277,54827568.0000000000,24
1850,70,0.6730503647,54827568.0000000000,21
1850,71,0.6738843207,54827568.0000000000,24
1850,72,0.6749978128,54827568.0000000000,25
1850,73,0.6735341241,54827568.0000000000,21
1850,74,0.6739566473,54827568.0000000000,24
1850,75,0.6737910456,54827568.0000000000,17
1850,76,0.6754081183,54827568.0000000000,27
1850,77,0.6726914951,54827568.0000000000,23
1850,78,0.6725291182,54827568.0000000000,23
1850,79,0.6734038836,54827568.0000000000,26
1850,80,0.6731895865,54827568.0000000000,19
1850,81,0.6735804414,54827568.0000000000,26
1850,82,0.6732301286,54827568.0000000000,26
1850,83,0.6733242269,54827568.0000000000,19
1850,84,0.6757321243,54827568.0000000000,22
1850,85,0.6735801393,54827568.0000000000,26
1850,86,0.6747204892,54827568.0000000000,25
1850,87,0.6762839199,54827568.0000000000,20
1850,88,0.6733795994,54827568.0000000000,17
1850,89,0.6735438581,54827568.0000000000,18
1850,90,0.6758423350,54827568.0000000000,27
1850,91,0.6721832780,54827568.0000000000,23
1850,92,0.6760320263,54827568.0000000000,20
1850,93,0.6741311277,54827568.0000000000,24
1850,94,0.6729761997,54827568.0000000000,21
1850,95,0.6760300850,54827568.0000000000,20
1850,96,0.6734726616,54827568.0000000000,14
1850,97,0.6750135216,54827568.0000000000,25
1850,98,0.6749028240,54827568.0000000000,22
1850,99,0.6727587323,54827568.0000000000,23
1850,100,0.6758655473,54827568.0000000000,27
1850,101,0.6755660887,54827568.0000000000,22
1850,102,0.6757472479,54827568.0000000000,20
1850,103,0.6737281967,54827568.0000000000,14
1850,104,0.6749488742,54827568.0000000000,25
1850,105,0.6754568709,54827568.0000000000,22
1850,106,0.6756967559,54827568.0000000000,22
1850,107,0.6752724188,54827568.0000000000,22
1850,108,0.6730843138,54827568.0000000000,26
1850,109,0.6734499483,54827568.0000000000,21
1850,110,0.6735553933,54827568.0000000000,21
1850,111,0.6725678519,54827568.0000000000,13
1850,112,0.6761442584,54827568.0000000000,20
1850,113,0.6743561150,54827568.0000000000,16
1850,114,0.6764430239,54827568.0000000000,20
1850,115,0.6725331285,54827568.0000000000,23
1850,116,0.6761113789,54827568.0000000000,15
1850,117,0.5828589950,47074864.0000000000,4
1850,118,0.5831175142,47074864.0000000000,3
1850,119,0.5829077222,47074864.0000000000,19
1850,120,0.5834806773,47074864.0000000000,2
1850,121,0.5848712688,47074864.0000000000,5
1850,122,0.5814786124,47074864.0000000000,13
1850,123,0.5828103423,47074864.0000000000,4
1850,124,0.5830448101,47074864.0000000000,3
1850,125,0.5845886558,47074864.0000000000,15
1850,126,0.5819671814,47074864.0000000000,6
1850,127,0.5817801265,47074864.0000000000,0
1850,128,0.5818912571,47074864.0000000000,17
1850,129,0.5829601439,47074864.0000000000,4
1850,130,0.5849537404,47074864.0000000000,5
1850,131,0.5827490140,47074864.0000000000,16
1850,132,0.5814622647,47074864.0000000000,12
1850,133,0.5849675854,47074864.0000000000,5
1850,134,0.5814309262,47074864.0000000000,12
1850,135,0.5814077942,47074864.0000000000,12
1850,136,0.5831059436,47074864.0000000000,3
1850,137,0.5827010677,47074864.0000000000,18
1850,138,0.5823113723,47074864.0000000000,1
1850,139,0.5826475024,47074864.0000000000,16
1850,140,0.5815445916,47074864.0000000000,12
1850,141,0.5815866470,47074864.0000000000,12
1850,142,0.5848993520,47074864.0000000000,5
1850,143,0.5846060945,47074864.0000000000,15
1850,144,0.5851645827,47074864.0000000000,5
1850,145,0.5813469408,47074864.0000000000,13
1850,146,0.5828051813,47074864.0000000000,18
1850,147,0.5811054349,47074864.0000000000,13
1850,148,0.5827575781,47074864.0000000000,14
1850,149,0.5827814680,47074864.0000000000,4
1850,150,0.5818625944,47074864.0000000000,17
1850,151,0.5828932312,47074864.0000000000,4
1850,152,0.5826608262,47074864.0000000000,14
1900,0,0.2275505670,306663552.0000000000,4
1900,1,0.2117093420,289895792.0000000000,12
1900,2,0.1460130500,228155568.0000000000,13
1900,3,0.1276720480,210862624.0000000000,18
1900,4,0.1274071860,210967552.0000000000,19
1900,5,0.1290047040,212867968.0000000000,17
1900,6,0.2134487480,288427520.0000000000,5
1900,7,0.3233123840,392706736.0000000000,6
1900,8,0.2806958040,357824608.0000000000,3
1900,9,0.3353216000,447654240.0000000000,25
1900,10,0.3585403180,464625600.0000000000,21
1900,11,0.3909761040,490215136.0000000000,14
1900,12,0.4071990150,503798384.0000000000,22
1900,13,0.4000953340,503615472.0000000000,23
1900,14,0.4048857230,501775104.0000000000,20
1900,15,0.3844290330,486514944.0000000000,16
1900,16,0.3273988230,437565920.0000000000,24
1900,17,0.3152095630,428583712.0000000000,26
1900,18,0.3178714370,436363680.0000000000,9
1900,19,0.3181578510,436506912.0000000000,10
1900,20,0.3178843400,436506208.0000000000,8
1900,21,0.3179895660,436512848.0000000000,9
1900,22,0.3175599170,436509296.0000000000,1
1900,23,0.3181134250,436508000.0000000000,10
1900,24,0.3176878360,436505424.0000000000,3
1900,25,0.3175525240,436513264.0000000000,12
1900,26,0.3177574060,436362368.0000000000,11
1900,27,0.3176775750,436360112.0000000000,1
1900,28,0.3175756080,436515920.0000000000,0
1900,29,0.3179890690,436507504.0000000000,7
1900,30,0.3179896120,436511424.0000000000,2
1900,31,0.3174959780,436505664.0000000000,17
1900,32,0.3176901880,436516800.0000000000,6
1900,33,0.3174291810,436511424.0000000000,0
1900,34,0.3178890600,436508688.0000000000,8
1900,35,0.3178515960,436359504.0000000000,11
1900,36,0.3175149920,435627920.0000000000,2
1900,37,0.3181788630,436525168.0000000000,4
1900,38,0.3179533170,436517648.0000000000,27
1900,39,0.3184176150,436526560.0000000000,5
1900,40,0.3179040320,436512032.0000000000,13
1900,41,0.3183921080,436498224.0000000000,15
1900,42,0.3181690150,436520048.0000000000,19
1900,43,0.3180753130,436520864.0000000000,18
1900,44,0.3176288000,435633520.0000000000,7
1900,45,0.0820883640,131930240.0000000000,16
1900,46,0.0821766320,132141904.0000000000,27
1900,47,0.0821385310,132137872.0000000000,26
1900,48,0.0822176270,132122832.0000000000,14
1900,49,0.0821641200,132154080.0000000000,21
1900,50,0.0822166200,132133120.0000000000,24
1900,51,0.0822829040,132147920.0000000000,15
1900,52,0.0823212940,132149520.0000000000,25
1900,53,0.0822083600,131915888.0000000000,15
1900,54,0.0205600530,54827568.0000000000,18
1900,55,0.0205804640,54827568.0000000000,14
1900,56,0.0206796050,54827568.0000000000,27
1900,57,0.0205990120,54827568.0000000000,23
1900,58,0.0207166690,54827568.0000000000,25
1900,59,0.0205861240,54827568.0000000000,19
1900,60,0.0207195830,54827568.0000000000,27
1900,61,0.0206883240,54827568.0000000000,15
1900,62,0.0206597480,54827568.0000000000,17
1900,63,0.0206036790,54827568.0000000000,19
1900,64,0.0206745170,54827568.0000000000,16
1900,65,0.0206391870,54827568.0000000000,24
1900,66,0.0205997230,54827568.0000000000,18
1900,67,0.0205909750,54827568.0000000000,13
1900,68,0.0206297800,54827568.0000000000,16
1900,69,0.0206473130,54827568.0000000000,24
1900,70,0.0206184900,54827568.0000000000,21
1900,71,0.0205802930,54827568.0000000000,24
1900,72,0.0206226060,54827568.0000000000,25
1900,73,0.0205965760,54827568.0000000000,21
1900,74,0.0206423350,54827568.0000000000,24
1900,75,0.0206468260,54827568.0000000000,17
1900,76,0.0207336490,54827568.0000000000,27
1900,77,0.0205817290,54827568.0000000000,23
1900,78,0.0205825910,54827568.0000000000,23
1900,79,0.0206171460,54827568.0000000000,26
1900,80,0.0205959550,54827568.0000000000,19
1900,81,0.0205890000,54827568.0000000000,26
1900,82,0.0206443890,54827568.0000000000,26
1900,83,0.0205189560,54827568.0000000000,19
1900,84,0.0206542610,54827568.0000000000,22
1900,85,0.0206530160,54827568.0000000000,26
1900,86,0.0206970000,54827568.0000000000,25
1900,87,0.0206822840,54827568.0000000000,20
1900,88,0.0206233080,54827568.0000000000,17
1900,89,0.0206103130,54827568.0000000000,18
1900,90,0.0207203440,54827568.0000000000,27
1900,91,0.0205351780,54827568.0000000000,23
1900,92,0.0206795690,54827568.0000000000,20
1900,93,0.0206449600,54827568.0000000000,24
1900,94,0.0206265470,54827568.0000000000,21
1900,95,0.0206751490,54827568.0000000000,20
1900,96,0.0205771870,54827568.0000000000,14
1900,97,0.0207067090,54827568.0000000000,25
1900,98,0.0206753510,54827568.0000000000,22
1900,99,0.0206000050,54827568.0000000000,23
1900,100,0.0206820910,54827568.0000000000,27
1900,101,0.0207346150,54827568.0000000000,22
1900,102,0.0207145860,54827568.0000000000,20
1900,103,0.0205792410,54827568.0000000000,14
1900,104,0.0207014290,54827568.0000000000,25
1900,105,0.0206419770,54827568.0000000000,22
1900,106,0.0206810920,54827568.0000000000,22
1900,107,0.0206375050,54827568.0000000000,22
1900,108,0.0206524440,54827568.0000000000,26
1900,109,0.0206201620,54827568.0000000000,21
1900,110,0.0206082290,54827568.0000000000,21
1900,111,0.0205458700,54827568.0000000000,13
1900,112,0.0207547640,54827568.0000000000,20
1900,113,0.0207156470,54827568.0000000000,16
1900,114,0.0206986260,54827568.0000000000,20
1900,115,0.0205343090,54827568.0000000000,23
1900,116,0.0206539260,54827568.0000000000,15
1900,117,0.0178204940,47074864.0000000000,4
1900,118,0.0178234420,47074864.0000000000,3
1900,119,0.0178477140,47074864.0000000000,19
1900,120,0.0178330500,47074864.0000000000,2
1900,121,0.0178741890,47074864.0000000000,5
1900,122,0.0178081630,47074864.0000000000,13
1900,123,0.0178412770,47074864.0000000000,4
1900,124,0.0178366870,47074864.0000000000,3
1900,125,0.0179092370,47074864.0000000000,15
1900,126,0.0178311650,47074864.0000000000,6
1900,127,0.0178082930,47074864.0000000000,0
1900,128,0.0178407090,47074864.0000000000,17
1900,129,0.0178709640,47074864.0000000000,4
1900,130,0.0178722060,47074864.0000000000,5
1900,131,0.0178423340,47074864.0000000000,16
1900,132,0.0177628650,47074864.0000000000,12
1900,133,0.0178722160,47074864.0000000000,5
1900,134,0.0178335220,47074864.0000000000,12
1900,135,0.0178254960,47074864.0000000000,12
1900,136,0.0178393120,47074864.0000000000,3
1900,137,0.0178967990,47074864.0000000000,18
1900,138,0.0178002860,47074864.0000000000,1
1900,139,0.0178505790,47074864.0000000000,16
1900,140,0.0177985540,47074864.0000000000,12
1900,141,0.0177789850,47074864.0000000000,12
1900,142,0.0179046470,47074864.0000000000,5
1900,143,0.0178963140,47074864.0000000000,15
1900,144,0.0178782370,47074864.0000000000,5
1900,145,0.0178096460,47074864.0000000000,13
1900,146,0.0178802480,47074864.0000000000,18
1900,147,0.0177755180,47074864.0000000000,13
1900,148,0.0178210570,47074864.0000000000,14
1900,149,0.0178223490,47074864.0000000000,4
1900,150,0.0178009020,47074864.0000000000,17
1900,151,0.0178284410,47074864.0000000000,4
1900,152,0.0178393930,47074864.0000000000,14
1950,0,7.3189047215,305935344.0000000000,4
1950,1,6.7911899939,288160032.0000000000,12
1950,2,4.6791237423,227133968.0000000000,13
1950,3,4.1154653416,210859120.0000000000,18
1950,4,4.1020584451,211102096.0000000000,19
1950,5,4.1573544468,212627696.0000000000,17
1950,6,6.8464614564,287719472.0000000000,5
1950,7,10.4600272755,394941024.0000000000,6
1950,8,9.0832132242,359234752.0000000000,3
1950,9,10.8316501642,449149104.0000000000,25
1950,10,11.5641147738,466014960.0000000000,21
1950,11,12.5881046833,490366672.0000000000,14
1950,12,13.0742734431,502966592.0000000000,22
1950,13,12.8448680444,503035616.0000000000,23
1950,14,13.0394732581,501924672.0000000000,20
1950,15,12.3633798634,486253920.0000000000,16
1950,16,10.4849897285,435549328.0000000000,24
1950,17,10.1292013681,427832208.0000000000,26
1950,18,10.2289282164,436362064.0000000000,9
1950,19,10.2367496867,436504912.0000000000,10
1950,20,10.2314785822,436513744.0000000000,8
1950,21,10.2305474827,436509792.0000000000,9
1950,22,10.2223012849,436509776.0000000000,1
1950,23,10.2351545833,436512000.0000000000,10
1950,24,10.2225381958,436510064.0000000000,3
1950,25,10.2178586419,436510960.0000000000,12
1950,26,10.2292767439,436358288.0000000000,11
1950,27,10.2174963075,436357360.0000000000,1
1950,28,10.2209643334,436511872.0000000000,0
1950,29,10.2359447887,436507520.0000000000,7
1950,30,10.2318784838,436513552.0000000000,2
1950,31,10.2192422535,436507440.0000000000,17
1950,32,10.2245598212,436512096.0000000000,6
1950,33,10.2196883394,436508080.0000000000,0
1950,34,10.2296727933,436511392.0000000000,8
1950,35,10.2268825234,436364080.0000000000,11
1950,36,10.2185200100,435607840.0000000000,2
1950,37,10.2386721283,436523584.0000000000,4
1950,38,10.2319130699,436520432.0000000000,27
1950,39,10.2443774832,436522672.0000000000,5
1950,40,10.2328139225,436513936.0000000000,13
1950,41,10.2453400235,436501616.0000000000,15
1950,42,10.2338413784,436520016.0000000000,19
1950,43,10.2306541211,436521072.0000000000,18
1950,44,10.2207679512,435611680.0000000000,7
1950,45,2.6501510104,131925568.0000000000,16
1950,46,2.6535203890,132142800.0000000000,27
1950,47,2.6519540663,132137760.0000000000,26
1950,48,2.6537949062,132122752.0000000000,14
1950,49,2.6531781603,132154736.0000000000,21
1950,50,2.6516200125,132131872.0000000000,24
1950,51,2.6554745764,132144528.0000000000,15
1950,52,2.6530594099,132151504.0000000000,25
1950,53,2.6526834281,131911872.0000000000,15
1950,54,0.6733643814,54827568.0000000000,18
1950,55,0.6737733688,54827568.0000000000,14
1950,56,0.6756118443,54827568.0000000000,27
1950,57,0.6721243387,54827568.0000000000,23
1950,58,0.6751301688,54827568.0000000000,25
1950,59,0.6730287877,54827568.0000000000,19
1950,60,0.6758351596,54827568.0000000000,27
1950,61,0.6760067795,54827568.0000000000,15
1950,62,0.6734114934,54827568.0000000000,17
1950,63,0.6732769957,54827568.0000000000,19
1950,64,0.6743617402,54827568.0000000000,16
1950,65,0.6735935839,54827568.0000000000,24
1950,66,0.6734740992,54827568.0000000000,18
1950,67,0.6727110229,54827568.0000000000,13
1950,68,0.6745031113,54827568.0000000000,16
1950,69,0.6740826286,54827568.0000000000,24
1950,70,0.6734113646,54827568.0000000000,21
1950,71,0.6737525795,54827568.0000000000,24
1950,72,0.6749202563,54827568.0000000000,25
1950,73,0.6734951641,54827568.0000000000,21
1950,74,0.6741021425,54827568.0000000000,24
1950,75,0.6733572046,54827568.0000000000,17
1950,76,0.6755098501,54827568.0000000000,27
1950,77,0.6724307591,54827568.0000000000,23
1950,78,0.6724881798,54827568.0000000000,23
1950,79,0.6734285200,54827568.0000000000,26
1950,80,0.6730786715,54827568.0000000000,19
1950,81,0.6734378142,54827568.0000000000,26
1950,82,0.6735478889,54827568.0000000000,26
1950,83,0.6732873106,54827568.0000000000,19
1950,84,0.6755854951,54827568.0000000000,22
1950,85,0.6736399843,54827568.0000000000,26
1950,86,0.6747244898,54827568.0000000000,25
1950,87,0.6760802645,54827568.0000000000,20
1950,88,0.6734445334,54827568.0000000000,17
1950,89,0.6737081986,54827568.0000000000,18
1950,90,0.6757822482,54827568.0000000000,27
1950,91,0.6724334347,54827568.0000000000,23
1950,92,0.6761040034,54827568.0000000000,20
1950,93,0.6738917620,54827568.0000000000,24
1950,94,0.6729591638,54827568.0000000000,21
1950,95,0.6759990276,54827568.0000000000,20
1950,96,0.6735156455,54827568.0000000000,14
1950,97,0.6751613182,54827568.0000000000,25
1950,98,0.6752033369,54827568.0000000000,22
1950,99,0.6727199578,54827568.0000000000,23
1950,100,0.6757897505,54827568.0000000000,27
1950,101,0.6754541179,54827568.0000000000,22
1950,102,0.6755474312,54827568.0000000000,20
1950,103,0.6733436553,54827568.0000000000,14
1950,104,0.6750893757,54827568.0000000000,25
1950,105,0.6750781178,54827568.0000000000,22
1950,106,0.6755194373,54827568.0000000000,22
1950,107,0.6755033788,54827568.0000000000,22
1950,108,0.6732492354,54827568.0000000000,26
1950,109,0.6732674496,54827568.0000000000,21
1950,110,0.6735291235,54827568.0000000000,21
1950,111,0.6726170351,54827568.0000000000,13
1950,112,0.6760273422,54827568.0000000000,20
1950,113,0.6747334635,54827568.0000000000,16
1950,114,0.6757777359,54827568.0000000000,20
1950,115,0.6722230585,54827568.0000000000,23
1950,116,0.6759925197,54827568.0000000000,15
1950,117,0.5828217990,47074864.0000000000,4
1950,118,0.5830639819,47074864.0000000000,3
1950,119,0.5828281407,47074864.0000000000,19
1950,120,0.5834528423,47074864.0000000000,2
1950,121,0.5849524911,47074864.0000000000,5
1950,122,0.5813931922,47074864.0000000000,13
1950,123,0.5829381506,47074864.0000000000,4
1950,124,0.5830259298,47074864.0000000000,3
1950,125,0.5847605250,47074864.0000000000,15
1950,126,0.5822374349,47074864.0000000000,6
1950,127,0.5817299470,47074864.0000000000,0
1950,128,0.5818982638,47074864.0000000000,17
1950,129,0.5826886848,47074864.0000000000,4
1950,130,0.5848154719,47074864.0000000000,5
1950,131,0.5827781857,47074864.0000000000,16
1950,132,0.5815530594,47074864.0000000000,12
1950,133,0.5848058461,47074864.0000000000,5
1950,134,0.5816222785,47074864.0000000000,12
1950,135,0.5816184229,47074864.0000000000,12
1950,136,0.5830973884,47074864.0000000000,3
1950,137,0.5826136363,47074864.0000000000,18
1950,138,0.5823478308,47074864.0000000000,1
1950,139,0.5829153955,47074864.0000000000,16
1950,140,0.5815743357,47074864.0000000000,12
1950,141,0.5814261345,47074864.0000000000,12
1950,142,0.5849122579,47074864.0000000000,5
1950,143,0.5848268663,47074864.0000000000,15
1950,144,0.5850446306,47074864.0000000000,5
1950,145,0.5813297965,47074864.0000000000,13
1950,146,0.5824964200,47074864.0000000000,18
1950,147,0.5811867158,47074864.0000000000,13
1950,148,0.5825594570,47074864.0000000000,14
1950,149,0.5827084661,47074864.0000000000,4
1950,150,0.5818168851,47074864.0000000000,17
1950,151,0.5828261826,47074864.0000000000,4
1950,152,0.5826245377,47074864.0000000000,14
2000,0,0.2258819430,305186160.0000000000,4
2000,1,0.2077096660,286058384.0000000000,12
2000,2,0.1435485630,225916208.0000000000,13
2000,3,0.1276083880,210854448.0000000000,18
2000,4,0.1273236870,211138608.0000000000,19
2000,5,0.1290672990,212577760.0000000000,17
2000,6,0.2113405740,286683824.0000000000,5
2000,7,0.3287162340,396474528.0000000000,6
2000,8,0.2850554090,360903520.0000000000,3
2000,9,0.3387249940,450699408.0000000000,25
2000,10,0.3614947070,467167104.0000000000,21
2000,11,0.3924526530,490306384.0000000000,14
2000,12,0.4065884900,502309728.0000000000,22
2000,13,0.3995661270,502581808.0000000000,23
2000,14,0.4070365780,501716480.0000000000,20
2000,15,0.3855493000,486580064.0000000000,16
2000,16,0.3231735560,433620720.0000000000,24
2000,17,0.3137280670,427034736.0000000000,26
2000,18,0.3178030620,436362112.0000000000,9
2000,19,0.3181522060,436506944.0000000000,10
2000,20,0.3181244810,436510944.0000000000,8
2000,21,0.3179573110,436510752.0000000000,9
2000,22,0.3176167140,436511152.0000000000,1
2000,23,0.3180050830,436511456.0000000000,10
2000,24,0.3176298510,436508000.0000000000,3
2000,25,0.3174535670,436515504.0000000000,12
2000,26,0.3178758030,436356880.0000000000,11
2000,27,0.3173925200,436357008.0000000000,1
2000,28,0.3175035040,436507568.0000000000,0
2000,29,0.3180284820,436511536.0000000000,7
2000,30,0.3179044840,436505648.0000000000,2
2000,31,0.3176437800,436508560.0000000000,17
2000,32,0.3176927330,436509840.0000000000,6
2000,33,0.3175943210,436514512.0000000000,0
2000,34,0.3177990460,436506608.0000000000,8
2000,35,0.3179125640,436361632.0000000000,11
2000,36,0.3173388060,435585024.0000000000,2
2000,37,0.3181761380,436520880.0000000000,4
2000,38,0.3180626210,436522320.0000000000,27
2000,39,0.3185316350,436532672.0000000000,5
2000,40,0.3179180520,436510496.0000000000,13
2000,41,0.3184184690,436501232.0000000000,15
2000,42,0.3180336530,436514656.0000000000,19
2000,43,0.3179654720,436522144.0000000000,18
2000,44,0.3175899970,435585344.0000000000,7
2000,45,0.0821765050,131918608.0000000000,16
2000,46,0.0822140690,132144384.0000000000,27
2000,47,0.0821698200,132134496.0000000000,26
2000,48,0.0821732070,132120096.0000000000,14
2000,49,0.0820592440,132154928.0000000000,21
2000,50,0.0822738730,132129552.0000000000,24
2000,51,0.0822664300,132146704.0000000000,15
2000,52,0.0821027510,132152064.0000000000,25
2000,53,0.0821149480,131909248.0000000000,15
2000,54,0.0205588210,54827568.0000000000,18
2000,55,0.0206412400,54827568.0000000000,14
2000,56,0.0206729040,54827568.0000000000,27
2000,57,0.0206132900,54827568.0000000000,23
2000,58,0.0205789120,54827568.0000000000,25
2000,59,0.0205878880,54827568.0000000000,19
2000,60,0.0207264570,54827568.0000000000,27
2000,61,0.0206710700,54827568.0000000000,15
2000,62,0.0205414590,54827568.0000000000,17
2000,63,0.0206371650,54827568.0000000000,19
2000,64,0.0205797720,54827568.0000000000,16
2000,65,0.0206536560,54827568.0000000000,24
2000,66,0.0205899220,54827568.0000000000,18
2000,67,0.0206050520,54827568.0000000000,13
2000,68,0.0206115640,54827568.0000000000,16
2000,69,0.0205914250,54827568.0000000000,24
2000,70,0.0206198720,54827568.0000000000,21
2000,71,0.0205863950,54827568.0000000000,24
2000,72,0.0206108630,54827568.0000000000,25
2000,73,0.0206295140,54827568.0000000000,21
2000,74,0.0206490480,54827568.0000000000,24
2000,75,0.0205969270,54827568.0000000000,17
2000,76,0.0206278550,54827568.0000000000,27
2000,77,0.0205774710,54827568.0000000000,23
2000,78,0.0205697270,54827568.0000000000,23
2000,79,0.0205604850,54827568.0000000000,26
2000,80,0.0205115920,54827568.0000000000,19
2000,81,0.0205208700,54827568.0000000000,26
2000,82,0.0206840740,54827568.0000000000,26
2000,83,0.0206419130,54827568.0000000000,19
2000,84,0.0207059000,54827568.0000000000,22
2000,85,0.0205949300,54827568.0000000000,26
2000,86,0.0206559330,54827568.0000000000,25
2000,87,0.0206935970,54827568.0000000000,20
2000,88,0.0205952130,54827568.0000000000,17
2000,89,0.0205850430,54827568.0000000000,18
2000,90,0.0206927310,54827568.0000000000,27
2000,91,0.0205187080,54827568.0000000000,23
2000,92,0.0207113620,54827568.0000000000,20
2000,93,0.0206163220,54827568.0000000000,24
2000,94,0.0206063990,54827568.0000000000,21
2000,95,0.0207335930,54827568.0000000000,20
2000,96,0.0206173060,54827568.0000000000,14
2000,97,0.0206884940,54827568.0000000000,25
2000,98,0.0206763220,54827568.0000000000,22
2000,99,0.0206162870,54827568.0000000000,23
2000,100,0.0206779920,54827568.0000000000,27
2000,101,0.0207430120,54827568.0000000000,22
2000,102,0.0206501630,54827568.0000000000,20
2000,103,0.0205953030,54827568.0000000000,14
2000,104,0.0206823410,54827568.0000000000,25
2000,105,0.0207391950,54827568.0000000000,22
2000,106,0.0206710510,54827568.0000000000,22
2000,107,0.0206744710,54827568.0000000000,22
2000,108,0.0206074760,54827568.0000000000,26
2000,109,0.0206928450,54827568.0000000000,21
2000,110,0.0206105440,54827568.0000000000,21
2000,111,0.0205863560,54827568.0000000000,13
2000,112,0.0206107270,54827568.0000000000,20
2000,113,0.0207103360,54827568.0000000000,16
2000,114,0.0206883870,54827568.0000000000,20
2000,115,0.0206124490,54827568.0000000000,23
2000,116,0.0207022710,54827568.0000000000,15
2000,117,0.0178298630,47074864.0000000000,4
2000,118,0.0178155350,47074864.0000000000,3
2000,119,0.0178289560,47074864.0000000000,19
2000,120,0.0178529180,47074864.0000000000,2
2000,121,0.0179111190,47074864.0000000000,5
2000,122,0.0178068090,47074864.0000000000,13
2000,123,0.0178477700,47074864.0000000000,4
2000,124,0.0178500840,47074864.0000000000,3
2000,125,0.0178504840,47074864.0000000000,15
2000,126,0.0178096730,47074864.0000000000,6
2000,127,0.0177733240,47074864.0000000000,0
2000,128,0.0178174940,47074864.0000000000,17
2000,129,0.0178746700,47074864.0000000000,4
2000,130,0.0178992280,47074864.0000000000,5
2000,131,0.0178332660,47074864.0000000000,16
2000,132,0.0178347620,47074864.0000000000,12
2000,133,0.0178968040,47074864.0000000000,5
2000,134,0.0177960470,47074864.0000000000,12
2000,135,0.0177962590,47074864.0000000000,12
2000,136,0.0178306730,47074864.0000000000,3
2000,137,0.0178201520,47074864.0000000000,18
2000,138,0.0177856780,47074864.0000000000,1
2000,139,0.0178416620,47074864.0000000000,16
2000,140,0.0178238120,47074864.0000000000,12
2000,141,0.0177913990,47074864.0000000000,12
2000,142,0.0179028330,47074864.0000000000,5
2000,143,0.0178994060,47074864.0000000000,15
2000,144,0.0178990770,47074864.0000000000,5
2000,145,0.0177992140,47074864.0000000000,13
2000,146,0.0178709210,47074864.0000000000,18
2000,147,0.0177661300,47074864.0000000000,13
2000,148,0.0178418950,47074864.0000000000,14
2000,149,0.0178422470,47074864.0000000000,4
2000,150,0.0178235590,47074864.0000000000,17
2000,151,0.0178302720,47074864.0000000000,4
2000,152,0.0178372970,47074864.0000000000,14
2050,0,7.2492579783,304609248.0000000000,4
2050,1,6.6203824565,283921360.0000000000,12
2050,2,4.5879203761,223691776.0000000000,13
2050,3,4.1106660293,210851072.0000000000,18
2050,4,4.1051951971,211141424.0000000000,19
2050,5,4.1294692013,212241920.0000000000,17
2050,6,6.7496525465,284494016.0000000000,5
2050,7,10.6061951889,397878256.0000000000,6
2050,8,9.1845599835,362712160.0000000000,3
2050,9,10.8957536512,452057632.0000000000,25
2050,10,11.6222652005,467961744.0000000000,21
2050,11,12.6264921074,490350912.0000000000,14
2050,12,13.0682914714,501841200.0000000000,22
2050,13,12.8380374793,502306992.0000000000,23
2050,14,13.0889424802,501346912.0000000000,20
2050,15,12.4128419055,487125664.0000000000,16
2050,16,10.3500988031,432032592.0000000000,24
2050,17,10.0654810506,426224240.0000000000,26
2050,18,10.2294106148,436362688.0000000000,9
2050,19,10.2355414579,436507120.0000000000,10
2050,20,10.2312716827,436509056.0000000000,8
2050,21,10.2312019690,436510080.0000000000,9
2050,22,10.2209992194,436511328.0000000000,1
2050,23,10.2345886281,436511584.0000000000,10
2050,24,10.2213819912,436508368.0000000000,3
2050,25,10.2192073329,436515024.0000000000,12
2050,26,10.2294727798,436355168.0000000000,11
2050,27,10.2177867001,436352640.0000000000,1
2050,28,10.2202691598,436511936.0000000000,0
2050,29,10.2360040136,436515712.0000000000,7
2050,30,10.2316917856,436504864.0000000000,2
2050,31,10.2201522288,436509296.0000000000,17
2050,32,10.2248479030,436512256.0000000000,6
2050,33,10.2190018034,436513616.0000000000,0
2050,34,10.2303935531,436510592.0000000000,8
2050,35,10.2274132894,436358816.0000000000,11
2050,36,10.2172370730,435563664.0000000000,2
2050,37,10.2394241362,436520656.0000000000,4
2050,38,10.2328236671,436523520.0000000000,27
2050,39,10.2458602427,436532800.0000000000,5
2050,40,10.2325965258,436513312.0000000000,13
2050,41,10.2446409322,436502352.0000000000,15
2050,42,10.2344967790,436510688.0000000000,19
2050,43,10.2310673988,436524912.0000000000,18
2050,44,10.2203335498,435567072.0000000000,7
2050,45,2.6506707761,131912992.0000000000,16
2050,46,2.6535035044,132144656.0000000000,27
2050,47,2.6515944879,132133168.0000000000,26
2050,48,2.6537934416,132122608.0000000000,14
2050,49,2.6527915486,132155504.0000000000,21
2050,50,2.6518546993,132127680.0000000000,24
2050,51,2.6557237011,132146976.0000000000,15
2050,52,2.6536552276,132148992.0000000000,25
2050,53,2.6523153539,131903200.0000000000,15
2050,54,0.6735132621,54827568.0000000000,18
2050,55,0.6739036242,54827568.0000000000,14
2050,56,0.6757095914,54827568.0000000000,27
2050,57,0.6726861365,54827568.0000000000,23
2050,58,0.6748689968,54827568.0000000000,25
2050,59,0.6733815345,54827568.0000000000,19
2050,60,0.6759953402,54827568.0000000000,27
2050,61,0.6757436878,54827568.0000000000,15
2050,62,0.6735897725,54827568.0000000000,17
2050,63,0.6733668614,54827568.0000000000,19
2050,64,0.6745995422,54827568.0000000000,16
2050,65,0.6735331005,54827568.0000000000,24
2050,66,0.6734018643,54827568.0000000000,18
2050,67,0.6727958507,54827568.0000000000,13
2050,68,0.6747427241,54827568.0000000000,16
2050,69,0.6740035993,54827568.0000000000,24
2050,70,0.6732274073,54827568.0000000000,21
2050,71,0.6737713692,54827568.0000000000,24
2050,72,0.6749832366,54827568.0000000000,25
2050,73,0.6729849281,54827568.0000000000,21
2050,74,0.6739335193,54827568.0000000000,24
2050,75,0.6731721784,54827568.0000000000,17
2050,76,0.6757281949,54827568.0000000000,27
2050,77,0.6722078910,54827568.0000000000,23
2050,78,0.6726839671,54827568.0000000000,23
2050,79,0.6733966928,54827568.0000000000,26
2050,80,0.6732808393,54827568.0000000000,19
2050,81,0.6734554238,54827568.0000000000,26
2050,82,0.6733275708,54827568.0000000000,26
2050,83,0.6735813281,54827568.0000000000,19
2050,84,0.6754027919,54827568.0000000000,22
2050,85,0.6734351863,54827568.0000000000,26
2050,86,0.6745824940,54827568.0000000000,25
2050,87,0.6760533068,54827568.0000000000,20
2050,88,0.6734757951,54827568.0000000000,17
2050,89,0.6739661020,54827568.0000000000,18
2050,90,0.6761374857,54827568.0000000000,27
2050,91,0.6721022396,54827568.0000000000,23
2050,92,0.6762682246,54827568.0000000000,20
2050,93,0.6741396005,54827568.0000000000,24
2050,94,0.6729244722,54827568.0000000000,21
2050,95,0.6758673024,54827568.0000000000,20
2050,96,0.6738532467,54827568.0000000000,14
2050,97,0.6749100214,54827568.0000000000,25
2050,98,0.6752790388,54827568.0000000000,22
2050,99,0.6728048627,54827568.0000000000,23
2050,100,0.6755590830,54827568.0000000000,27
2050,101,0.6757175064,54827568.0000000000,22
2050,102,0.6756953338,54827568.0000000000,20
2050,103,0.6735870599,54827568.0000000000,14
2050,104,0.6748314149,54827568.0000000000,25
2050,105,0.6753196401,54827568.0000000000,22
2050,106,0.6754894635,54827568.0000000000,22
2050,107,0.6753978359,54827568.0000000000,22
2050,108,0.6733632042,54827568.0000000000,26
2050,109,0.6734787198,54827568.0000000000,21
2050,110,0.6733387819,54827568.0000000000,21
2050,111,0.6727930623,54827568.0000000000,13
2050,112,0.6763331566,54827568.0000000000,20
2050,113,0.6745100187,54827568.0000000000,16
2050,114,0.6761611661,54827568.0000000000,20
2050,115,0.6721078127,54827568.0000000000,23
2050,116,0.6758494984,54827568.0000000000,15
2050,117,0.5828611200,47074864.0000000000,4
2050,118,0.5830041605,47074864.0000000000,3
2050,119,0.5828391896,47074864.0000000000,19
2050,120,0.5833903654,47074864.0000000000,2
2050,121,0.5847503167,47074864.0000000000,5
2050,122,0.5814946391,47074864.0000000000,13
2050,123,0.5829679036,47074864.0000000000,4
2050,124,0.5831911908,47074864.0000000000,3
2050,125,0.5846426861,47074864.0000000000,15
2050,126,0.5822977741,47074864.0000000000,6
2050,127,0.5814191825,47074864.0000000000,0
2050,128,0.5816812720,47074864.0000000000,17
2050,129,0.5828203779,47074864.0000000000,4
2050,130,0.5850389784,47074864.0000000000,5
2050,131,0.5828086587,47074864.0000000000,16
2050,132,0.5814798511,47074864.0000000000,12
2050,133,0.5847513975,47074864.0000000000,5
2050,134,0.5816739038,47074864.0000000000,12
2050,135,0.5815670665,47074864.0000000000,12
2050,136,0.5831387055,47074864.0000000000,3
2050,137,0.5826209657,47074864.0000000000,18
2050,138,0.5824229285,47074864.0000000000,1
2050,139,0.5825877502,47074864.0000000000,16
2050,140,0.5815312493,47074864.0000000000,12
2050,141,0.5815838302,47074864.0000000000,12
2050,142,0.5848407568,47074864.0000000000,5
2050,143,0.5848535034,47074864.0000000000,15
2050,144,0.5851268811,47074864.0000000000,5
2050,145,0.5813008606,47074864.0000000000,13
2050,146,0.5824896645,47074864.0000000000,18
2050,147,0.5813541848,47074864.0000000000,13
2050,148,0.5825759345,47074864.0000000000,14
2050,149,0.5828910100,47074864.0000000000,4
2050,150,0.5820552636,47074864.0000000000,17
2050,151,0.5825760324,47074864.0000000000,4
2050,152,0.5826357083,47074864.0000000000,14
2100,0,0.2249592600,304117488.0000000000,4
2100,1,0.2029404190,281380576.0000000000,12
2100,2,0.1364668790,220412752.0000000000,13
2100,3,0.1273369940,210846832.0000000000,18
2100,4,0.1273443210,211179824.0000000000,19
2100,5,0.1276162680,212309328.0000000000,17
2100,6,0.2003402480,278565648.0000000000,5
2100,7,0.3313941400,400064768.0000000000,6
2100,8,0.2858973060,364509888.0000000000,3
2100,9,0.3395721600,453057344.0000000000,25
2100,10,0.3591442170,468578528.0000000000,21
2100,11,0.3923100970,490636944.0000000000,14
2100,12,0.4064997210,501430864.0000000000,22
2100,13,0.3995641470,501970768.0000000000,23
2100,14,0.4070747550,500559536.0000000000,20
2100,15,0.3880690420,488071664.0000000000,16
2100,16,0.3177535930,430451136.0000000000,24
2100,17,0.3106551570,425079584.0000000000,26
2100,18,0.3179097770,436357728.0000000000,9
2100,19,0.3181133720,436508704.0000000000,10
2100,20,0.3178870330,436512016.0000000000,8
2100,21,0.3179330630,436509504.0000000000,9
2100,22,0.3176499000,436509776.0000000000,1
2100,23,0.3180288480,436505648.0000000000,10
2100,24,0.3176231410,436508960.0000000000,3
2100,25,0.3175279560,436514096.0000000000,12
2100,26,0.3179322110,436356048.0000000000,11
2100,27,0.3175799250,436349408.0000000000,1
2100,28,0.3175391070,436514048.0000000000,0
2100,29,0.3180428810,436513552.0000000000,7
2100,30,0.3182271710,436509456.0000000000,2
2100,31,0.3175155610,436507968.0000000000,17
2100,32,0.3175851930,436516176.0000000000,6
2100,33,0.3177521600,436505968.0000000000,0
2100,34,0.3178350020,436512048.0000000000,8
2100,35,0.3177845850,436355568.0000000000,11
2100,36,0.3175293180,435543184.0000000000,2
2100,37,0.3181800340,436519184.0000000000,4
2100,38,0.3179520210,436530176.0000000000,27
2100,39,0.3182761310,436529600.0000000000,5
2100,40,0.3180204690,436516160.0000000000,13
2100,41,0.3182950490,436502848.0000000000,15
2100,42,0.3180611390,436507968.0000000000,19
2100,43,0.3177629890,436530368.0000000000,18
2100,44,0.3175688850,435547408.0000000000,7
2100,45,0.0820937110,131906480.0000000000,16
2100,46,0.0821829050,132143680.0000000000,27
2100,47,0.0821184300,132132672.0000000000,26
2100,48,0.0822707700,132120384.0000000000,14
2100,49,0.0821377960,132151056.0000000000,21
2100,50,0.0820833220,132129680.0000000000,24
2100,51,0.0822996860,132146480.0000000000,15
2100,52,0.0821077800,132145216.0000000000,25
2100,53,0.0820957630,131896112.0000000000,15
2100,54,0.0206442310,54827568.0000000000,18
2100,55,0.0206036720,54827568.0000000000,14
2100,56,0.0206539040,54827568.0000000000,27
2100,57,0.0206146730,54827568.0000000000,23
2100,58,0.0206498780,54827568.0000000000,25
2100,59,0.0206175080,54827568.0000000000,19
2100,60,0.0206892150,54827568.0000000000,27
2100,61,0.0206316080,54827568.0000000000,15
2100,62,0.0206594280,54827568.0000000000,17
2100,63,0.0205851660,54827568.0000000000,19
2100,64,0.0206845570,54827568.0000000000,16
2100,65,0.0206527650,54827568.0000000000,24
2100,66,0.0206889680,54827568.0000000000,18
2100,67,0.0206056160,54827568.0000000000,13
2100,68,0.0206532380,54827568.0000000000,16
2100,69,0.0206857190,54827568.0000000000,24
2100,70,0.0206375770,54827568.0000000000,21
2100,71,0.0205921770,54827568.0000000000,24
2100,72,0.0206693380,54827568.0000000000,25
2100,73,0.0206367660,54827568.0000000000,21
2100,74,0.0206663000,54827568.0000000000,24
2100,75,0.0206385180,54827568.0000000000,17
2100,76,0.0206823440,54827568.0000000000,27
2100,77,0.0205275950,54827568.0000000000,23
2100,78,0.0205968400,54827568.0000000000,23
2100,79,0.0206052320,54827568.0000000000,26
2100,80,0.0206107860,54827568.0000000000,19
2100,81,0.0205493540,54827568.0000000000,26
2100,82,0.0206562890,54827568.0000000000,26
2100,83,0.0206096300,54827568.0000000000,19
2100,84,0.0206868250,54827568.0000000000,22
2100,85,0.0206454100,54827568.0000000000,26
2100,86,0.0206482630,54827568.0000000000,25
2100,87,0.0206484090,54827568.0000000000,20
2100,88,0.0206238310,54827568.0000000000,17
2100,89,0.0205668590,54827568.0000000000,18
2100,90,0.0206441380,54827568.0000000000,27
2100,91,0.0206161670,54827568.0000000000,23
2100,92,0.0206457430,54827568.0000000000,20
2100,93,0.0206783320,54827568.0000000000,24
2100,94,0.0206364970,54827568.0000000000,21
2100,95,0.0206969040,54827568.0000000000,20
2100,96,0.0206232690,54827568.0000000000,14
2100,97,0.0206441680,54827568.0000000000,25
2100,98,0.0206486900,54827568.0000000000,22
2100,99,0.0206149160,54827568.0000000000,23
2100,100,0.0207023620,54827568.0000000000,27
2100,101,0.0206920630,54827568.0000000000,22
2100,102,0.0206437300,54827568.0000000000,20
2100,103,0.0206809700,54827568.0000000000,14
2100,104,0.0207279190,54827568.0000000000,25
2100,105,0.0206303150,54827568.0000000000,22
2100,106,0.0206431880,54827568.0000000000,22
2100,107,0.0206874450,54827568.0000000000,22
2100,108,0.0205947110,54827568.0000000000,26
2100,109,0.0205862880,54827568.0000000000,21
2100,110,0.0206015400,54827568.0000000000,21
2100,111,0.0206178590,54827568.0000000000,13
2100,112,0.0206922030,54827568.0000000000,20
2100,113,0.0206346210,54827568.0000000000,16
2100,114,0.0206635990,54827568.0000000000,20
2100,115,0.0206216460,54827568.0000000000,23
2100,116,0.0207131730,54827568.0000000000,15
2100,117,0.0178270690,47074864.0000000000,4
2100,118,0.0178812350,47074864.0000000000,3
2100,119,0.0178170170,47074864.0000000000,19
2100,120,0.0178831600,47074864.0000000000,2
2100,121,0.0179169610,47074864.0000000000,5
2100,122,0.0178113210,47074864.0000000000,13
2100,123,0.0178590190,47074864.0000000000,4
2100,124,0.0178281150,47074864.0000000000,3
2100,125,0.0178980980,47074864.0000000000,15
2100,126,0.0177726920,47074864.0000000000,6
2100,127,0.0178105580,47074864.0000000000,0
2100,128,0.0178403220,47074864.0000000000,17
2100,129,0.0178602420,47074864.0000000000,4
2100,130,0.0178377480,47074864.0000000000,5
2100,131,0.0178601890,47074864.0000000000,16
2100,132,0.0177948690,47074864.0000000000,12
2100,133,0.0178866020,47074864.0000000000,5
2100,134,0.0178031150,47074864.0000000000,12
2100,135,0.0177978850,47074864.0000000000,12
2100,136,0.0178680320,47074864.0000000000,3
2100,137,0.0178202230,47074864.0000000000,18
2100,138,0.0178379430,47074864.0000000000,1
2100,139,0.0178402530,47074864.0000000000,16
2100,140,0.0178052110,47074864.0000000000,12
2100,141,0.0177941070,47074864.0000000000,12
2100,142,0.0178686180,47074864.0000000000,5
2100,143,0.0178736610,47074864.0000000000,15
2100,144,0.0179395460,47074864.0000000000,5
2100,145,0.0177865520,47074864.0000000000,13
2100,146,0.0178390790,47074864.0000000000,18
2100,147,0.0177888370,47074864.0000000000,13
2100,148,0.0178734520,47074864.0000000000,14
2100,149,0.0178551850,47074864.0000000000,4
2100,150,0.0178337800,47074864.0000000000,17
2100,151,0.0178594210,47074864.0000000000,4
2100,152,0.0178453270,47074864.0000000000,14
2150,0,7.2466980157,303817408.0000000000,4
2150,1,6.4767909865,278416064.0000000000,12
2150,2,4.3815880431,217642864.0000000000,13
2150,3,4.1140608583,210896048.0000000000,18
2150,4,4.1083998562,211206448.0000000000,19
2150,5,4.1541310420,212414368.0000000000,17
2150,6,6.3710161482,273370320.0000000000,5
2150,7,10.7484187808,403419152.0000000000,6
2150,8,9.2973333152,366571440.0000000000,3
2150,9,10.9959192468,453638624.0000000000,25
2150,10,11.6333885513,470154144.0000000000,21
2150,11,12.6412752741,491071760.0000000000,14
2150,12,13.0592955456,501071360.0000000000,22
2150,13,12.8340604880,501572320.0000000000,23
2150,14,13.0736072568,499554336.0000000000,20
2150,15,12.5149633737,488990000.0000000000,16
2150,16,10.2591856952,429356640.0000000000,24
2150,17,10.0075935431,423249168.0000000000,26
2150,18,10.2350071513,436354000.0000000000,9
2150,19,10.2421647550,436509264.0000000000,10
2150,20,10.2379516623,436512176.0000000000,8
2150,21,10.2308275223,436510848.0000000000,9
2150,22,10.2229118231,436510032.0000000000,1
2150,23,10.2349444323,436507088.0000000000,10
2150,24,10.2214563256,436509984.0000000000,3
2150,25,10.2188301482,436514272.0000000000,12
2150,26,10.2370480928,436356032.0000000000,11
2150,27,10.2173352955,436351312.0000000000,1
2150,28,10.2221613889,436512352.0000000000,0
2150,29,10.2380666175,436511584.0000000000,7
2150,30,10.2341134884,436509344.0000000000,2
2150,31,10.2202997533,436509136.0000000000,17
2150,32,10.2246338355,436512992.0000000000,6
2150,33,10.2195535666,436505344.0000000000,0
2150,34,10.2294622697,436508256.0000000000,8
2150,35,10.2292249467,436355600.0000000000,11
2150,36,10.2155294642,435520688.0000000000,2
2150,37,10.2386325640,436517520.0000000000,4
2150,38,10.2500554291,436535776.0000000000,27
2150,39,10.2464813575,436525120.0000000000,5
2150,40,10.2330685607,436517328.0000000000,13
2150,41,10.2474542186,436501152.0000000000,15
2150,42,10.2354676722,436509392.0000000000,19
2150,43,10.2315026967,436538688.0000000000,18
2150,44,10.2186685450,435520672.0000000000,7
2150,45,2.6507729053,131901904.0000000000,16
2150,46,2.6552271583,132144512.0000000000,27
2150,47,2.6535006567,132131520.0000000000,26
2150,48,2.6540325476,132121392.0000000000,14
2150,49,2.6536042410,132151840.0000000000,21
2150,50,2.6541373462,132128080.0000000000,24
2150,51,2.6563794754,132149872.0000000000,15
2150,52,2.6558899180,132141760.0000000000,25
2150,53,2.6522074459,131895728.0000000000,15
2150,54,0.6735670252,54827568.0000000000,18
2150,55,0.6735900876,54827568.0000000000,14
2150,56,0.6755630011,54827568.0000000000,27
2150,57,0.6726131739,54827568.0000000000,23
2150,58,0.6749298859,54827568.0000000000,25
2150,59,0.6732980240,54827568.0000000000,19
2150,60,0.6758502880,54827568.0000000000,27
2150,61,0.6758811330,54827568.0000000000,15
2150,62,0.6735058229,54827568.0000000000,17
2150,63,0.6732974080,54827568.0000000000,19
2150,64,0.6743572024,54827568.0000000000,16
2150,65,0.6737133710,54827568.0000000000,24
2150,66,0.6732990225,54827568.0000000000,18
2150,67,0.6728562856,54827568.0000000000,13
2150,68,0.6745233376,54827568.0000000000,16
2150,69,0.6740680936,54827568.0000000000,24
2150,70,0.6731741543,54827568.0000000000,21
2150,71,0.6734354293,54827568.0000000000,24
2150,72,0.6750326658,54827568.0000000000,25
2150,73,0.6735655038,54827568.0000000000,21
2150,74,0.6738942712,54827568.0000000000,24
2150,75,0.6733135806,54827568.0000000000,17
2150,76,0.6758369503,54827568.0000000000,27
2150,77,0.6724833983,54827568.0000000000,23
2150,78,0.6727451803,54827568.0000000000,23
2150,79,0.6735732396,54827568.0000000000,26
2150,80,0.6735511630,54827568.0000000000,19
2150,81,0.6730296791,54827568.0000000000,26
2150,82,0.6736018096,54827568.0000000000,26
2150,83,0.6735429907,54827568.0000000000,19
2150,84,0.6757873963,54827568.0000000000,22
2150,85,0.6734421311,54827568.0000000000,26
2150,86,0.6747149619,54827568.0000000000,25
2150,87,0.6758257679,54827568.0000000000,20
2150,88,0.6734338334,54827568.0000000000,17
2150,89,0.6738062880,54827568.0000000000,18
2150,90,0.6758746551,54827568.0000000000,27
2150,91,0.6723197749,54827568.0000000000,23
2150,92,0.6764829155,54827568.0000000000,20
2150,93,0.6741675574,54827568.0000000000,24
2150,94,0.6727935808,54827568.0000000000,21
2150,95,0.6759900153,54827568.0000000000,20
2150,96,0.6735175211,54827568.0000000000,14
2150,97,0.6751487858,54827568.0000000000,25
2150,98,0.6752115401,54827568.0000000000,22
2150,99,0.6722596382,54827568.0000000000,23
2150,100,0.6760178572,54827568.0000000000,27
2150,101,0.6755741801,54827568.0000000000,22
2150,102,0.6757003636,54827568.0000000000,20
2150,103,0.6736005283,54827568.0000000000,14
2150,104,0.6749990633,54827568.0000000000,25
2150,105,0.6755713561,54827568.0000000000,22
2150,106,0.6754972766,54827568.0000000000,22
2150,107,0.6755864466,54827568.0000000000,22
2150,108,0.6730116757,54827568.0000000000,26
2150,109,0.6734310950,54827568.0000000000,21
2150,110,0.6728370117,54827568.0000000000,21
2150,111,0.6727105161,54827568.0000000000,13
2150,112,0.6759187344,54827568.0000000000,20
2150,113,0.6745713005,54827568.0000000000,16
2150,114,0.6759420793,54827568.0000000000,20
2150,115,0.6726396157,54827568.0000000000,23
2150,116,0.6761767286,54827568.0000000000,15
2150,117,0.5827217717,47074864.0000000000,4
2150,118,0.5830019354,47074864.0000000000,3
2150,119,0.5827328583,47074864.0000000000,19
2150,120,0.5836057544,47074864.0000000000,2
2150,121,0.5848023297,47074864.0000000000,5
2150,122,0.5815481006,47074864.0000000000,13
2150,123,0.5827368213,47074864.0000000000,4
2150,124,0.5829957991,47074864.0000000000,3
2150,125,0.5849216908,47074864.0000000000,15
2150,126,0.5820495026,47074864.0000000000,6
2150,127,0.5817453490,47074864.0000000000,0
2150,128,0.5817652130,47074864.0000000000,17
2150,129,0.5828572663,47074864.0000000000,4
2150,130,0.5848810248,47074864.0000000000,5
2150,131,0.5827984328,47074864.0000000000,16
2150,132,0.5815582427,47074864.0000000000,12
2150,133,0.5847785843,47074864.0000000000,5
2150,134,0.5814062471,47074864.0000000000,12
2150,135,0.5815508191,47074864.0000000000,12
2150,136,0.5830574117,47074864.0000000000,3
2150,137,0.5824303895,47074864.0000000000,18
2150,138,0.5821705053,47074864.0000000000,1
2150,139,0.5826964077,47074864.0000000000,16
2150,140,0.5815003373,47074864.0000000000,12
2150,141,0.5814739382,47074864.0000000000,12
2150,142,0.5849111991,47074864.0000000000,5
2150,143,0.5846437035,47074864.0000000000,15
2150,144,0.5850430942,47074864.0000000000,5
2150,145,0.5812997166,47074864.0000000000,13
2150,146,0.5834794485,47074864.0000000000,18
2150,147,0.5813843813,47074864.0000000000,13
2150,148,0.5827360070,47074864.0000000000,14
2150,149,0.5826998303,47074864.0000000000,4
2150,150,0.5818721313,47074864.0000000000,17
2150,151,0.5826066748,47074864.0000000000,4
2150,152,0.5825923802,47074864.0000000000,14
2200,0,0.2245836240,303599648.0000000000,4
2200,1,0.1936987860,273447632.0000000000,12
2200,2,0.1326059650,215528496.0000000000,13
2200,3,0.1279395190,211332944.0000000000,18
2200,4,0.1273136560,211266928.0000000000,19
2200,5,0.1294351090,212423152.0000000000,17
2200,6,0.1908447280,268529136.0000000000,5
2200,7,0.3419266800,407885072.0000000000,6
2200,8,0.2945504930,368652528.0000000000,3
2200,9,0.3435039600,453905296.0000000000,25
2200,10,0.3684700910,473636000.0000000000,21
2200,11,0.3952567690,491479744.0000000000,14
2200,12,0.4062149590,500296848.0000000000,22
2200,13,0.3990680920,501070448.0000000000,23
2200,14,0.4065220320,498777232.0000000000,20
2200,15,0.3912625450,489746192.0000000000,16
2200,16,0.3180862730,428750944.0000000000,24
2200,17,0.3065491370,420269696.0000000000,26
2200,18,0.3177862590,436351680.0000000000,9
2200,19,0.3180164470,436507264.0000000000,10
2200,20,0.3179663300,436511152.0000000000,8
2200,21,0.3179658390,436506368.0000000000,9
2200,22,0.3175754510,436510304.0000000000,1
2200,23,0.3180796700,436509680.0000000000,10
2200,24,0.3175712220,436509712.0000000000,3
2200,25,0.3176205620,436507984.0000000000,12
2200,26,0.3178379020,436359984.0000000000,11
2200,27,0.3174836830,436352192.0000000000,1
2200,28,0.3174362610,436508032.0000000000,0
2200,29,0.3180077680,436514064.0000000000,7
2200,30,0.3177445540,436511248.0000000000,2
2200,31,0.3176725940,436511024.0000000000,17
2200,32,0.3177337910,436512224.0000000000,6
2200,33,0.3174969260,436507440.0000000000,0
2200,34,0.3177589170,436508304.0000000000,8
2200,35,0.3177251390,436350688.0000000000,11
2200,36,0.3175784960,435501152.0000000000,2
2200,37,0.3181903600,436521792.0000000000,4
2200,38,0.3178737800,436534288.0000000000,27
2200,39,0.3184071910,436526944.0000000000,5
2200,40,0.3179994560,436514352.0000000000,13
2200,41,0.3182905740,436499056.0000000000,15
2200,42,0.3181124080,436511776.0000000000,19
2200,43,0.3179282720,436540368.0000000000,18
2200,44,0.3173363710,435495312.0000000000,7
2200,45,0.0821516420,131896752.0000000000,16
2200,46,0.0821865870,132141840.0000000000,27
2200,47,0.0821081360,132128400.0000000000,26
2200,48,0.0821909640,132124016.0000000000,14
2200,49,0.0820606630,132153344.0000000000,21
2200,50,0.0821356180,132126272.0000000000,24
2200,51,0.0822261620,132148032.0000000000,15
2200,52,0.0821691820,132140992.0000000000,25
2200,53,0.0821714760,131892016.0000000000,15
2200,54,0.0206130190,54827568.0000000000,18
2200,55,0.0206170590,54827568.0000000000,14
2200,56,0.0206624440,54827568.0000000000,27
2200,57,0.0206426780,54827568.0000000000,23
2200,58,0.0206791660,54827568.0000000000,25
2200,59,0.0207007900,54827568.0000000000,19
2200,60,0.0207199660,54827568.0000000000,27
2200,61,0.0207187240,54827568.0000000000,15
2200,62,0.0205765700,54827568.0000000000,17
2200,63,0.0205666590,54827568.0000000000,19
2200,64,0.0206418270,54827568.0000000000,16
2200,65,0.0206486770,54827568.0000000000,24
2200,66,0.0206452920,54827568.0000000000,18
2200,67,0.0205567400,54827568.0000000000,13
2200,68,0.0206949480,54827568.0000000000,16
2200,69,0.0206241590,54827568.0000000000,24
2200,70,0.0205645370,54827568.0000000000,21
2200,71,0.0206691670,54827568.0000000000,24
2200,72,0.0205989810,54827568.0000000000,25
2200,73,0.0205863600,54827568.0000000000,21
2200,74,0.0205995640,54827568.0000000000,24
2200,75,0.0207000590,54827568.0000000000,17
2200,76,0.0206540860,54827568.0000000000,27
2200,77,0.0206243550,54827568.0000000000,23
2200,78,0.0206572270,54827568.0000000000,23
2200,79,0.0206375350,54827568.0000000000,26
2200,80,0.0206400610,54827568.0000000000,19
2200,81,0.0206162640,54827568.0000000000,26
2200,82,0.0205570690,54827568.0000000000,26
2200,83,0.0206172860,54827568.0000000000,19
2200,84,0.0206804700,54827568.0000000000,22
2200,85,0.0205983290,54827568.0000000000,26
2200,86,0.0206598490,54827568.0000000000,25
2200,87,0.0207103900,54827568.0000000000,20
2200,88,0.0206016650,54827568.0000000000,17
2200,89,0.0206582450,54827568.0000000000,18
2200,90,0.0207036230,54827568.0000000000,27
2200,91,0.0205684430,54827568.0000000000,23
2200,92,0.0207481820,54827568.0000000000,20
2200,93,0.0206406420,54827568.0000000000,24
2200,94,0.0205809790,54827568.0000000000,21
2200,95,0.0206987050,54827568.0000000000,20
2200,96,0.0206284810,54827568.0000000000,14
2200,97,0.0206317440,54827568.0000000000,25
2200,98,0.0206911320,54827568.0000000000,22
2200,99,0.0206077700,54827568.0000000000,23
2200,100,0.0207105180,54827568.0000000000,27
2200,101,0.0206214480,54827568.0000000000,22
2200,102,0.0206728160,54827568.0000000000,20
2200,103,0.0206799490,54827568.0000000000,14
2200,104,0.0206332960,54827568.0000000000,25
2200,105,0.0206579270,54827568.0000000000,22
2200,106,0.0206313160,54827568.0000000000,22
2200,107,0.0207174440,54827568.0000000000,22
2200,108,0.0205193360,54827568.0000000000,26
2200,109,0.0205843560,54827568.0000000000,21
2200,110,0.0206152940,54827568.0000000000,21
2200,111,0.0206050650,54827568.0000000000,13
2200,112,0.0206934670,54827568.0000000000,20
2200,113,0.0206856200,54827568.0000000000,16
2200,114,0.0206782790,54827568.0000000000,20
2200,115,0.0205974910,54827568.0000000000,23
2200,116,0.0207589740,54827568.0000000000,15
2200,117,0.0178935360,47074864.0000000000,4
2200,118,0.0178528400,47074864.0000000000,3
2200,119,0.0178461310,47074864.0000000000,19
2200,120,0.0178522890,47074864.0000000000,2
2200,121,0.0179074740,47074864.0000000000,5
2200,122,0.0177875750,47074864.0000000000,13
2200,123,0.0178239620,47074864.0000000000,4
2200,124,0.0178411490,47074864.0000000000,3
2200,125,0.0178658350,47074864.0000000000,15
2200,126,0.0178637070,47074864.0000000000,6
2200,127,0.0177845090,47074864.0000000000,0
2200,128,0.0177759870,47074864.0000000000,17
2200,129,0.0178567140,47074864.0000000000,4
2200,130,0.0179205770,47074864.0000000000,5
2200,131,0.0178191000,47074864.0000000000,16
2200,132,0.0178199290,47074864.0000000000,12
2200,133,0.0178826650,47074864.0000000000,5
2200,134,0.0178190140,47074864.0000000000,12
2200,135,0.0177902890,47074864.0000000000,12
2200,136,0.0177895970,47074864.0000000000,3
2200,137,0.0178465630,47074864.0000000000,18
2200,138,0.0178335430,47074864.0000000000,1
2200,139,0.0178386480,47074864.0000000000,16
2200,140,0.0178241260,47074864.0000000000,12
2200,141,0.0177816840,47074864.0000000000,12
2200,142,0.0179242460,47074864.0000000000,5
2200,143,0.0179026460,47074864.0000000000,15
2200,144,0.0178760010,47074864.0000000000,5
2200,145,0.0177858010,47074864.0000000000,13
2200,146,0.0178244410,47074864.0000000000,18
2200,147,0.0177747990,47074864.0000000000,13
2200,148,0.0178488750,47074864.0000000000,14
2200,149,0.0178293010,47074864.0000000000,4
2200,150,0.0177901450,47074864.0000000000,17
2200,151,0.0178172080,47074864.0000000000,4
2200,152,0.0178543720,47074864.0000000000,14
2250,0,7.2261736746,303394432.0000000000,4
2250,1,6.1429130415,268399360.0000000000,12
2250,2,4.2647062619,214352608.0000000000,13
2250,3,4.1415637808,211470080.0000000000,18
2250,4,4.1054318172,211322160.0000000000,19
2250,5,4.1845400098,212406304.0000000000,17
2250,6,6.0691380391,264981968.0000000000,5
2250,7,11.1089497867,413160480.0000000000,6
2250,8,9.5240831737,369669904.0000000000,3
2250,9,11.0567662998,454086176.0000000000,25
2250,10,11.9404576683,477503024.0000000000,21
2250,11,12.7207949580,491728032.0000000000,14
2250,12,13.0504323431,499878416.0000000000,22
2250,13,12.7955369330,498792848.0000000000,23
2250,14,13.0618226086,498374352.0000000000,20
2250,15,12.6031685990,490402064.0000000000,16
2250,16,10.2373596701,428326848.0000000000,24
2250,17,9.8145095857,417721312.0000000000,26
2250,18,10.2289550430,436351168.0000000000,9
2250,19,10.2355807941,436515168.0000000000,10
2250,20,10.2308769684,436510640.0000000000,8
2250,21,10.2313598633,436509808.0000000000,9
2250,22,10.2519380337,442997280.0000000000,1
2250,23,10.2345268120,436510976.0000000000,10
2250,24,10.2217776523,436508560.0000000000,3
2250,25,10.2184897597,436507440.0000000000,12
2250,26,10.2289907001,436355792.0000000000,11
2250,27,10.2183786352,436350736.0000000000,1
2250,28,10.2205671358,436505632.0000000000,0
2250,29,10.2355922985,436514272.0000000000,7
2250,30,10.2324854192,436508256.0000000000,2
2250,31,10.2202641728,436509008.0000000000,17
2250,32,10.2239676998,436509744.0000000000,6
2250,33,10.2193707113,436507568.0000000000,0
2250,34,10.2293846141,436511632.0000000000,8
2250,35,10.2281265610,436355232.0000000000,11
2250,36,10.2140355494,435481936.0000000000,2
2250,37,10.2401147027,436521216.0000000000,4
2250,38,10.2334392010,436535824.0000000000,27
2250,39,10.2464597420,436525936.0000000000,5
2250,40,10.2333246970,436509568.0000000000,13
2250,41,10.2454706086,436499696.0000000000,15
2250,42,10.2347247222,436509488.0000000000,19
2250,43,10.2307906707,436539232.0000000000,18
2250,44,10.2177122718,435471760.0000000000,7
2250,45,2.6500143685,131892064.0000000000,16
2250,46,2.6536276088,132142000.0000000000,27
2250,47,2.6519518792,132125952.0000000000,26
2250,48,2.6538391960,132125056.0000000000,14
2250,49,2.6523252847,132155008.0000000000,21
2250,50,2.6522170963,132128576.0000000000,24
2250,51,2.6559799444,132147920.0000000000,15
2250,52,2.6536840135,132145904.0000000000,25
2250,53,2.6523684941,131884672.0000000000,15
2250,54,0.6731371103,54827568.0000000000,18
2250,55,0.6738829673,54827568.0000000000,14
2250,56,0.6756413402,54827568.0000000000,27
2250,57,0.6725380525,54827568.0000000000,23
2250,58,0.6750404868,54827568.0000000000,25
2250,59,0.6729817733,54827568.0000000000,19
2250,60,0.6758517301,54827568.0000000000,27
2250,61,0.6760082078,54827568.0000000000,15
2250,62,0.6732352367,54827568.0000000000,17
2250,63,0.6730713409,54827568.0000000000,19
2250,64,0.6743174815,54827568.0000000000,16
2250,65,0.6738892701,54827568.0000000000,24
2250,66,0.6733882036,54827568.0000000000,18
2250,67,0.6725868822,54827568.0000000000,13
2250,68,0.6742811880,54827568.0000000000,16
2250,69,0.6739531642,54827568.0000000000,24
2250,70,0.6734076739,54827568.0000000000,21
2250,71,0.6737408800,54827568.0000000000,24
2250,72,0.6753775464,54827568.0000000000,25
2250,73,0.6730848012,54827568.0000000000,21
2250,74,0.6739535437,54827568.0000000000,24
2250,75,0.6733900126,54827568.0000000000,17
2250,76,0.6755690736,54827568.0000000000,27
2250,77,0.6727369151,54827568.0000000000,23
2250,78,0.6727378603,54827568.0000000000,23
2250,79,0.6736779148,54827568.0000000000,26
2250,80,0.6733834115,54827568.0000000000,19
2250,81,0.6732523717,54827568.0000000000,26
2250,82,0.6732212737,54827568.0000000000,26
2250,83,0.6731014711,54827568.0000000000,19
2250,84,0.6754624046,54827568.0000000000,22
2250,85,0.6734148578,54827568.0000000000,26
2250,86,0.6745693509,54827568.0000000000,25
2250,87,0.6761014588,54827568.0000000000,20
2250,88,0.6735562346,54827568.0000000000,17
2250,89,0.6738350700,54827568.0000000000,18
2250,90,0.6759802085,54827568.0000000000,27
2250,91,0.6725223136,54827568.0000000000,23
2250,92,0.6759150543,54827568.0000000000,20
2250,93,0.6738130316,54827568.0000000000,24
2250,94,0.6728966811,54827568.0000000000,21
2250,95,0.6759759230,54827568.0000000000,20
2250,96,0.6736337003,54827568.0000000000,14
2250,97,0.6748912801,54827568.0000000000,25
2250,98,0.6754429237,54827568.0000000000,22
2250,99,0.6726915760,54827568.0000000000,23
2250,100,0.6757728494,54827568.0000000000,27
2250,101,0.6752375684,54827568.0000000000,22
2250,102,0.6758242305,54827568.0000000000,20
2250,103,0.6737454986,54827568.0000000000,14
2250,104,0.6745969026,54827568.0000000000,25
2250,105,0.6754891644,54827568.0000000000,22
2250,106,0.6753381046,54827568.0000000000,22
2250,107,0.6749706130,54827568.0000000000,22
2250,108,0.6733035373,54827568.0000000000,26
2250,109,0.6737114750,54827568.0000000000,21
2250,110,0.6734126491,54827568.0000000000,21
2250,111,0.6727644342,54827568.0000000000,13
2250,112,0.6762098318,54827568.0000000000,20
2250,113,0.6746573936,54827568.0000000000,16
2250,114,0.6759301732,54827568.0000000000,20
2250,115,0.6724697531,54827568.0000000000,23
2250,116,0.6763418017,54827568.0000000000,15
2250,117,0.5828837779,47074864.0000000000,4
2250,118,0.5831490217,47074864.0000000000,3
2250,119,0.5828521473,47074864.0000000000,19
2250,120,0.5834019456,47074864.0000000000,2
2250,121,0.5848598549,47074864.0000000000,5
2250,122,0.5813944584,47074864.0000000000,13
2250,123,0.5829164476,47074864.0000000000,4
2250,124,0.5831313690,47074864.0000000000,3
2250,125,0.5849034724,47074864.0000000000,15
2250,126,0.5822250956,47074864.0000000000,6
2250,127,0.5816492423,47074864.0000000000,0
2250,128,0.5819053276,47074864.0000000000,17
2250,129,0.5827639782,47074864.0000000000,4
2250,130,0.5846871528,47074864.0000000000,5
2250,131,0.5831274947,47074864.0000000000,16
2250,132,0.5815262184,47074864.0000000000,12
2250,133,0.5848990527,47074864.0000000000,5
2250,134,0.5816561306,47074864.0000000000,12
2250,135,0.5813755102,47074864.0000000000,12
2250,136,0.5830471748,47074864.0000000000,3
2250,137,0.5826054410,47074864.0000000000,18
2250,138,0.5823224435,47074864.0000000000,1
2250,139,0.5828132777,47074864.0000000000,16
2250,140,0.5816434340,47074864.0000000000,12
2250,141,0.5814321639,47074864.0000000000,12
2250,142,0.5848802565,47074864.0000000000,5
2250,143,0.5845984629,47074864.0000000000,15
2250,144,0.5849528333,47074864.0000000000,5
2250,145,0.5815633491,47074864.0000000000,13
2250,146,0.5824307337,47074864.0000000000,18
2250,147,0.5811700970,47074864.0000000000,13
2250,148,0.5826926139,47074864.0000000000,14
2250,149,0.5826865761,47074864.0000000000,4
2250,150,0.5821836432,47074864.0000000000,17
2250,151,0.5827554194,47074864.0000000000,4
2250,152,0.5824022414,47074864.0000000000,14
2300,0,0.2235998000,303058960.0000000000,4
2300,1,0.1817968850,262627120.0000000000,12
2300,2,0.1301001370,213608592.0000000000,13
2300,3,0.1288086610,211506032.0000000000,18
2300,4,0.1282618110,211308752.0000000000,19
2300,5,0.1299075320,212388752.0000000000,17
2300,6,0.1836727690,261599264.0000000000,5
2300,7,0.3544560580,418807952.0000000000,6
2300,8,0.2966919100,369855968.0000000000,3
2300,9,0.3435229970,454441216.0000000000,25
2300,10,0.3770640910,481020272.0000000000,21
2300,11,0.3970350800,492014080.0000000000,14
2300,12,0.4014346210,496148656.0000000000,22
2300,13,0.3695815240,473282320.0000000000,23
2300,14,0.4016695350,494872224.0000000000,20
2300,15,0.3935282460,490994992.0000000000,16
2300,16,0.3168514870,427612720.0000000000,24
2300,17,0.3010348220,415537984.0000000000,26
2300,18,0.3180008600,436348752.0000000000,9
2300,19,0.3181545680,436511968.0000000000,10
2300,20,0.3179638570,436510608.0000000000,8
2300,21,0.3231454220,441166752.0000000000,9
2300,22,0.3480368210,465755008.0000000000,1
2300,23,0.3233707590,440997632.0000000000,10
2300,24,0.3175338240,436506464.0000000000,3
2300,25,0.3175833650,436508640.0000000000,12
2300,26,0.3177662030,436353392.0000000000,11
2300,27,0.3175924140,436350208.0000000000,1
2300,28,0.3175838880,436507840.0000000000,0
2300,29,0.3180167070,436511296.0000000000,7
2300,30,0.3179104010,436504864.0000000000,2
2300,31,0.3174972370,436508384.0000000000,17
2300,32,0.3176876920,436510624.0000000000,6
2300,33,0.3174166150,436507024.0000000000,0
2300,34,0.3178399680,436514384.0000000000,8
2300,35,0.3177696120,436355888.0000000000,11
2300,36,0.3173847800,435457376.0000000000,2
2300,37,0.3181790020,436518208.0000000000,4
2300,38,0.3178595700,436537264.0000000000,27
2300,39,0.3183814530,436522848.0000000000,5
2300,40,0.3179060780,436515168.0000000000,13
2300,41,0.3182282300,436505136.0000000000,15
2300,42,0.3181638610,436510064.0000000000,19
2300,43,0.3178667270,436537312.0000000000,18
2300,44,0.3175158620,435449984.0000000000,7
2300,45,0.0820308390,131887728.0000000000,16
2300,46,0.0822319870,132142960.0000000000,27
2300,47,0.0822018670,132125344.0000000000,26
2300,48,0.0821827410,132125536.0000000000,14
2300,49,0.0823607190,132152544.0000000000,21
2300,50,0.0823283520,132124800.0000000000,24
2300,51,0.0822403650,132146656.0000000000,15
2300,52,0.0822119860,132146128.0000000000,25
2300,53,0.0821950840,131877872.0000000000,15
2300,54,0.0205939620,54827568.0000000000,18
2300,55,0.0206527420,54827568.0000000000,14
2300,56,0.0207272190,54827568.0000000000,27
2300,57,0.0205340290,54827568.0000000000,23
2300,58,0.0206570730,54827568.0000000000,25
2300,59,0.0206053030,54827568.0000000000,19
2300,60,0.0207256870,54827568.0000000000,27
2300,61,0.0206738140,54827568.0000000000,15
2300,62,0.0206449890,54827568.0000000000,17
2300,63,0.0205846030,54827568.0000000000,19
2300,64,0.0206709390,54827568.0000000000,16
2300,65,0.0205901050,54827568.0000000000,24
2300,66,0.0206706210,54827568.0000000000,18
2300,67,0.0206119830,54827568.0000000000,13
2300,68,0.0206368770,54827568.0000000000,16
2300,69,0.0206473240,54827568.0000000000,24
2300,70,0.0206225910,54827568.0000000000,21
2300,71,0.0205921480,54827568.0000000000,24
2300,72,0.0206632360,54827568.0000000000,25
2300,73,0.0205622540,54827568.0000000000,21
2300,74,0.0206054130,54827568.0000000000,24
2300,75,0.0205987930,54827568.0000000000,17
2300,76,0.0206605300,54827568.0000000000,27
2300,77,0.0206192420,54827568.0000000000,23
2300,78,0.0205529440,54827568.0000000000,23
2300,79,0.0206249800,54827568.0000000000,26
2300,80,0.0206137520,54827568.0000000000,19
2300,81,0.0205568490,54827568.0000000000,26
2300,82,0.0206811810,54827568.0000000000,26
2300,83,0.0206018660,54827568.0000000000,19
2300,84,0.0206956620,54827568.0000000000,22
2300,85,0.0205905820,54827568.0000000000,26
2300,86,0.0206637770,54827568.0000000000,25
2300,87,0.0206672270,54827568.0000000000,20
2300,88,0.0206779460,54827568.0000000000,17
2300,89,0.0206088510,54827568.0000000000,18
2300,90,0.0206626840,54827568.0000000000,27
2300,91,0.0206447620,54827568.0000000000,23
2300,92,0.0206897100,54827568.0000000000,20
2300,93,0.0206212660,54827568.0000000000,24
2300,94,0.0205830650,54827568.0000000000,21
2300,95,0.0205911070,54827568.0000000000,20
2300,96,0.0206224640,54827568.0000000000,14
2300,97,0.0206591680,54827568.0000000000,25
2300,98,0.0206586300,54827568.0000000000,22
2300,99,0.0205170260,54827568.0000000000,23
2300,100,0.0207675180,54827568.0000000000,27
2300,101,0.0207100070,54827568.0000000000,22
2300,102,0.0206672770,54827568.0000000000,20
2300,103,0.0206430540,54827568.0000000000,14
2300,104,0.0206054730,54827568.0000000000,25
2300,105,0.0205994350,54827568.0000000000,22
2300,106,0.0206162280,54827568.0000000000,22
2300,107,0.0206075920,54827568.0000000000,22
2300,108,0.0206934030,54827568.0000000000,26
2300,109,0.0205586270,54827568.0000000000,21
2300,110,0.0206586010,54827568.0000000000,21
2300,111,0.0205394230,54827568.0000000000,13
2300,112,0.0207180740,54827568.0000000000,20
2300,113,0.0206786970,54827568.0000000000,16
2300,114,0.0207017230,54827568.0000000000,20
2300,115,0.0205729030,54827568.0000000000,23
2300,116,0.0206502570,54827568.0000000000,15
2300,117,0.0178287310,47074864.0000000000,4
2300,118,0.0178726100,47074864.0000000000,3
2300,119,0.0178479350,47074864.0000000000,19
2300,120,0.0178627810,47074864.0000000000,2
2300,121,0.0179110700,47074864.0000000000,5
2300,122,0.0178055230,47074864.0000000000,13
2300,123,0.0178431090,47074864.0000000000,4
2300,124,0.0178697150,47074864.0000000000,3
2300,125,0.0179213860,47074864.0000000000,15
2300,126,0.0178107570,47074864.0000000000,6
2300,127,0.0177978350,47074864.0000000000,0
2300,128,0.0178126170,47074864.0000000000,17
2300,129,0.0178431580,47074864.0000000000,4
2300,130,0.0178956700,47074864.0000000000,5
2300,131,0.0178372250,47074864.0000000000,16
2300,132,0.0177793730,47074864.0000000000,12
2300,133,0.0179039170,47074864.0000000000,5
2300,134,0.0178097320,47074864.0000000000,12
2300,135,0.0177632110,47074864.0000000000,12
2300,136,0.0178533920,47074864.0000000000,3
2300,137,0.0178338860,47074864.0000000000,18
2300,138,0.0178464070,47074864.0000000000,1
2300,139,0.0178469420,47074864.0000000000,16
2300,140,0.0178198310,47074864.0000000000,12
2300,141,0.0178316030,47074864.0000000000,12
2300,142,0.0178820540,47074864.0000000000,5
2300,143,0.0179037510,47074864.0000000000,15
2300,144,0.0179206690,47074864.0000000000,5
2300,145,0.0178138990,47074864.0000000000,13
2300,146,0.0178226560,47074864.0000000000,18
2300,147,0.0177830990,47074864.0000000000,13
2300,148,0.0178602280,47074864.0000000000,14
2300,149,0.0178393430,47074864.0000000000,4
2300,150,0.0178189670,47074864.0000000000,17
2300,151,0.0178348620,47074864.0000000000,4
2300,152,0.0178194190,47074864.0000000000,14
2350,0,7.1733777907,302441312.0000000000,4
2350,1,5.7403534475,257148736.0000000000,12
2350,2,4.1941606269,213507616.0000000000,13
2350,3,4.1463976515,211567952.0000000000,18
2350,4,4.1275268606,211370928.0000000000,19
2350,5,4.1784027444,212355120.0000000000,17
2350,6,5.8490305439,258660224.0000000000,5
2350,7,11.5009637710,424556176.0000000000,6
2350,8,9.4964234351,369819264.0000000000,3
2350,9,11.0055524632,455334528.0000000000,25
2350,10,12.1502366095,483714320.0000000000,21
2350,11,12.7650953465,492230800.0000000000,14
2350,12,12.7341443285,488616528.0000000000,22
2350,13,11.6914611841,463782368.0000000000,23
2350,14,12.7626582703,487901424.0000000000,20
2350,15,12.6700487420,491581872.0000000000,16
2350,16,10.1606285658,426492624.0000000000,24
2350,17,9.6376624158,413865664.0000000000,26
2350,18,10.2299566336,436348160.0000000000,9
2350,19,10.2356444340,436515152.0000000000,10
2350,20,10.2317823189,436508736.0000000000,8
2350,21,10.5619113455,448558080.0000000000,9
2350,22,11.3771682531,474212352.0000000000,1
2350,23,10.5531046844,447859984.0000000000,10
2350,24,10.2225583362,436509216.0000000000,3
2350,25,10.2187288145,436508608.0000000000,12
2350,26,10.2290347693,436350960.0000000000,11
2350,27,10.2187780155,436350320.0000000000,1
2350,28,10.2214398711,436505760.0000000000,0
2350,29,10.2349907506,436509344.0000000000,7
2350,30,10.2321020425,436514064.0000000000,2
2350,31,10.2196362497,436509136.0000000000,17
2350,32,10.2246384957,436512272.0000000000,6
2350,33,10.2199206386,436508080.0000000000,0
2350,34,10.2304138654,436510672.0000000000,8
2350,35,10.2274394614,436352320.0000000000,11
2350,36,10.2139712365,435436416.0000000000,2
2350,37,10.2407499858,436522192.0000000000,4
2350,38,10.2352732584,436536224.0000000000,27
2350,39,10.2464041053,436522032.0000000000,5
2350,40,10.2337766007,436514480.0000000000,13
2350,41,10.2462052935,436501136.0000000000,15
2350,42,10.2359143032,436506624.0000000000,19
2350,43,10.2329476489,436540048.0000000000,18
2350,44,10.2185241302,435432016.0000000000,7
2350,45,2.6498026070,131882048.0000000000,16
2350,46,2.6536379616,132142688.0000000000,27
2350,47,2.6517902861,132125248.0000000000,26
2350,48,2.6543400773,132126640.0000000000,14
2350,49,2.6532670384,132150624.0000000000,21
2350,50,2.6525636795,132124064.0000000000,24
2350,51,2.6558517006,132147488.0000000000,15
2350,52,2.6535904352,132143952.0000000000,25
2350,53,2.6525162366,131872160.0000000000,15
2350,54,0.6732434369,54827568.0000000000,18
2350,55,0.6736495373,54827568.0000000000,14
2350,56,0.6760595573,54827568.0000000000,27
2350,57,0.6725214423,54827568.0000000000,23
2350,58,0.6748277962,54827568.0000000000,25
2350,59,0.6731487818,54827568.0000000000,19
2350,60,0.6760670157,54827568.0000000000,27
2350,61,0.6757457216,54827568.0000000000,15
2350,62,0.6730066121,54827568.0000000000,17
2350,63,0.6731949871,54827568.0000000000,19
2350,64,0.6745512081,54827568.0000000000,16
2350,65,0.6739664981,54827568.0000000000,24
2350,66,0.6739195340,54827568.0000000000,18
2350,67,0.6730699000,54827568.0000000000,13
2350,68,0.6747171052,54827568.0000000000,16
2350,69,0.6738701735,54827568.0000000000,24
2350,70,0.6733993119,54827568.0000000000,21
2350,71,0.6736076788,54827568.0000000000,24
2350,72,0.6747945006,54827568.0000000000,25
2350,73,0.6732109161,54827568.0000000000,21
2350,74,0.6739664633,54827568.0000000000,24
2350,75,0.6734370921,54827568.0000000000,17
2350,76,0.6759614246,54827568.0000000000,27
2350,77,0.6726889430,54827568.0000000000,23
2350,78,0.6727293652,54827568.0000000000,23
2350,79,0.6734259344,54827568.0000000000,26
2350,80,0.6734278437,54827568.0000000000,19
2350,81,0.6734073805,54827568.0000000000,26
2350,82,0.6731486407,54827568.0000000000,26
2350,83,0.6732288213,54827568.0000000000,19
2350,84,0.6751979531,54827568.0000000000,22
2350,85,0.6732850294,54827568.0000000000,26
2350,86,0.6747816120,54827568.0000000000,25
2350,87,0.6759874506,54827568.0000000000,20
2350,88,0.6735872817,54827568.0000000000,17
2350,89,0.6738885965,54827568.0000000000,18
2350,90,0.6757284567,54827568.0000000000,27
2350,91,0.6720916863,54827568.0000000000,23
2350,92,0.6761338928,54827568.0000000000,20
2350,93,0.6738704344,54827568.0000000000,24
2350,94,0.6731075668,54827568.0000000000,21
2350,95,0.6761177984,54827568.0000000000,20
2350,96,0.6738000322,54827568.0000000000,14
2350,97,0.6756517880,54827568.0000000000,25
2350,98,0.6754621082,54827568.0000000000,22
2350,99,0.6727743802,54827568.0000000000,23
2350,100,0.6760384142,54827568.0000000000,27
2350,101,0.6755906350,54827568.0000000000,22
2350,102,0.6756891107,54827568.0000000000,20
2350,103,0.6736851978,54827568.0000000000,14
2350,104,0.6749736083,54827568.0000000000,25
2350,105,0.6756557762,54827568.0000000000,22
2350,106,0.6752792239,54827568.0000000000,22
2350,107,0.6755770569,54827568.0000000000,22
2350,108,0.6732363275,54827568.0000000000,26
2350,109,0.6734164706,54827568.0000000000,21
2350,110,0.6734025715,54827568.0000000000,21
2350,111,0.6726752989,54827568.0000000000,13
2350,112,0.6761068627,54827568.0000000000,20
2350,113,0.6746635380,54827568.0000000000,16
2350,114,0.6760216144,54827568.0000000000,20
2350,115,0.6723386717,54827568.0000000000,23
2350,116,0.6761325324,54827568.0000000000,15
2350,117,0.5828158472,47074864.0000000000,4
2350,118,0.5831044668,47074864.0000000000,3
2350,119,0.5828765291,47074864.0000000000,19
2350,120,0.5836130798,47074864.0000000000,2
2350,121,0.5847731465,47074864.0000000000,5
2350,122,0.5814123563,47074864.0000000000,13
2350,123,0.5829240797,47074864.0000000000,4
2350,124,0.5830272850,47074864.0000000000,3
2350,125,0.5845947698,47074864.0000000000,15
2350,126,0.5822830978,47074864.0000000000,6
2350,127,0.5816470972,47074864.0000000000,0
2350,128,0.5819015051,47074864.0000000000,17
2350,129,0.5828625617,47074864.0000000000,4
2350,130,0.5849509036,47074864.0000000000,5
2350,131,0.5827133677,47074864.0000000000,16
2350,132,0.5814207522,47074864.0000000000,12
2350,133,0.5848669338,47074864.0000000000,5
2350,134,0.5817509550,47074864.0000000000,12
2350,135,0.5816442869,47074864.0000000000,12
2350,136,0.5830832319,47074864.0000000000,3
2350,137,0.5825672956,47074864.0000000000,18
2350,138,0.5822209261,47074864.0000000000,1
2350,139,0.5827127857,47074864.0000000000,16
2350,140,0.5815610313,47074864.0000000000,12
2350,141,0.5815988510,47074864.0000000000,12
2350,142,0.5847190674,47074864.0000000000,5
2350,143,0.5845003439,47074864.0000000000,15
2350,144,0.5853523304,47074864.0000000000,5
2350,145,0.5812498280,47074864.0000000000,13
2350,146,0.5824449235,47074864.0000000000,18
2350,147,0.5811857119,47074864.0000000000,13
2350,148,0.5825303585,47074864.0000000000,14
2350,149,0.5827554623,47074864.0000000000,4
2350,150,0.5818678947,47074864.0000000000,17
2350,151,0.5828507301,47074864.0000000000,4
2350,152,0.5825561121,47074864.0000000000,14
2400,0,0.2209257820,300647808.0000000000,4
2400,1,0.1710470890,252874752.0000000000,12
2400,2,0.1299789870,213522320.0000000000,13
2400,3,0.1285852380,211614000.0000000000,18
2400,4,0.1276128810,211463472.0000000000,19
2400,5,0.1299858080,212445184.0000000000,17
2400,6,0.1780563100,256192064.0000000000,5
2400,7,0.3658785630,429825344.0000000000,6
2400,8,0.2942852020,370050400.0000000000,3
2400,9,0.3464936100,457468800.0000000000,25
2400,10,0.3820109370,485151728.0000000000,21
2400,11,0.3979709840,492329472.0000000000,14
2400,12,0.3849715620,480855392.0000000000,22
2400,13,0.3517049340,455673920.0000000000,23
2400,14,0.3867761900,481160624.0000000000,20
2400,15,0.3941005770,491232192.0000000000,16
2400,16,0.3139235630,425547328.0000000000,24
2400,17,0.2974578910,412289824.0000000000,26
2400,18,0.3178886990,436344800.0000000000,9
2400,19,0.3181345240,436512048.0000000000,10
2400,20,0.3178080940,436512400.0000000000,8
2400,21,0.3395144310,455542624.0000000000,9
2400,22,0.3655280410,482033536.0000000000,1
2400,23,0.3376104830,453646576.0000000000,10
2400,24,0.3175264940,436510752.0000000000,3
2400,25,0.3174847970,436506432.0000000000,12
2400,26,0.3178422800,436346096.0000000000,11
2400,27,0.3175798890,436348928.0000000000,1
2400,28,0.3176098660,436505712.0000000000,0
2400,29,0.3179722480,436512736.0000000000,7
2400,30,0.3178861450,436513024.0000000000,2
2400,31,0.3173472220,436505984.0000000000,17
2400,32,0.3178281840,436511328.0000000000,6
2400,33,0.3176544760,436510096.0000000000,0
2400,34,0.3179421950,436515296.0000000000,8
2400,35,0.3177615510,436351376.0000000000,11
2400,36,0.3172740850,435413504.0000000000,2
2400,37,0.3181820450,436517520.0000000000,4
2400,38,0.3180427020,436534480.0000000000,27
2400,39,0.3185773000,436523472.0000000000,5
2400,40,0.3180072170,436515120.0000000000,13
2400,41,0.3184165690,436501808.0000000000,15
2400,42,0.3181678840,436505456.0000000000,19
2400,43,0.3179972620,436535808.0000000000,18
2400,44,0.3173852370,435407840.0000000000,7
2400,45,0.0820136230,131876944.0000000000,16
2400,46,0.0822613230,132146704.0000000000,27
2400,47,0.0821708240,132125920.0000000000,26
2400,48,0.0822073220,132123952.0000000000,14
2400,49,0.0821642690,132153680.0000000000,21
2400,50,0.0821702450,132122144.0000000000,24
2400,51,0.0821716620,132146944.0000000000,15
2400,52,0.0821602260,132143328.0000000000,25
2400,53,0.0821833370,131866992.0000000000,15
2400,54,0.0206181970,54827568.0000000000,18
2400,55,0.0205508620,54827568.0000000000,14
2400,56,0.0206265350,54827568.0000000000,27
2400,57,0.0206492740,54827568.0000000000,23
2400,58,0.0207018100,54827568.0000000000,25
2400,59,0.0206434350,54827568.0000000000,19
2400,60,0.0206997470,54827568.0000000000,27
2400,61,0.0206685300,54827568.0000000000,15
2400,62,0.0205915840,54827568.0000000000,17
2400,63,0.0205991300,54827568.0000000000,19
2400,64,0.0207006560,54827568.0000000000,16
2400,65,0.0206118160,54827568.0000000000,24
2400,66,0.0206611390,54827568.0000000000,18
2400,67,0.0205782970,54827568.0000000000,13
2400,68,0.0207152970,54827568.0000000000,16
2400,69,0.0206385390,54827568.0000000000,24
2400,70,0.0206398760,54827568.0000000000,21
2400,71,0.0206395500,54827568.0000000000,24
2400,72,0.0206459220,54827568.0000000000,25
2400,73,0.0205948200,54827568.0000000000,21
2400,74,0.0206453730,54827568.0000000000,24
2400,75,0.0206469030,54827568.0000000000,17
2400,76,0.0206698670,54827568.0000000000,27
2400,77,0.0205884760,54827568.0000000000,23
2400,78,0.0205882370,54827568.0000000000,23
2400,79,0.0206400100,54827568.0000000000,26
2400,80,0.0205976160,54827568.0000000000,19
2400,81,0.0206067060,54827568.0000000000,26
2400,82,0.0206630650,54827568.0000000000,26
2400,83,0.0205991590,54827568.0000000000,19
2400,84,0.0206274230,54827568.0000000000,22
2400,85,0.0206541490,54827568.0000000000,26
2400,86,0.0206578150,54827568.0000000000,25
2400,87,0.0207517950,54827568.0000000000,20
2400,88,0.0205918770,54827568.0000000000,17
2400,89,0.0206388960,54827568.0000000000,18
2400,90,0.0206596090,54827568.0000000000,27
2400,91,0.0206233450,54827568.0000000000,23
2400,92,0.0206922480,54827568.0000000000,20
2400,93,0.0206672550,54827568.0000000000,24
2400,94,0.0205410050,54827568.0000000000,21
2400,95,0.0207274650,54827568.0000000000,20
2400,96,0.0206626300,54827568.0000000000,14
2400,97,0.0206340590,54827568.0000000000,25
2400,98,0.0206560180,54827568.0000000000,22
2400,99,0.0206031760,54827568.0000000000,23
2400,100,0.0206403040,54827568.0000000000,27
2400,101,0.0206760670,54827568.0000000000,22
2400,102,0.0207454300,54827568.0000000000,20
2400,103,0.0205775220,54827568.0000000000,14
2400,104,0.0206327480,54827568.0000000000,25
2400,105,0.0206838490,54827568.0000000000,22
2400,106,0.0206327930,54827568.0000000000,22
2400,107,0.0207047310,54827568.0000000000,22
2400,108,0.0206350820,54827568.0000000000,26
2400,109,0.0206229750,54827568.0000000000,21
2400,110,0.0205805940,54827568.0000000000,21
2400,111,0.0206138140,54827568.0000000000,13
2400,112,0.0207527870,54827568.0000000000,20
2400,113,0.0206181970,54827568.0000000000,16
2400,114,0.0207198910,54827568.0000000000,20
2400,115,0.0206255000,54827568.0000000000,23
2400,116,0.0206527000,54827568.0000000000,15
2400,117,0.0178440210,47074864.0000000000,4
2400,118,0.0178466910,47074864.0000000000,3
2400,119,0.0178258280,47074864.0000000000,19
2400,120,0.0178554980,47074864.0000000000,2
2400,121,0.0178999580,47074864.0000000000,5
2400,122,0.0177894610,47074864.0000000000,13
2400,123,0.0178715940,47074864.0000000000,4
2400,124,0.0178157390,47074864.0000000000,3
2400,125,0.0178815880,47074864.0000000000,15
2400,126,0.0178325490,47074864.0000000000,6
2400,127,0.0178270600,47074864.0000000000,0
2400,128,0.0178218400,47074864.0000000000,17
2400,129,0.0178787390,47074864.0000000000,4
2400,130,0.0179180050,47074864.0000000000,5
2400,131,0.0178380620,47074864.0000000000,16
2400,132,0.0178028660,47074864.0000000000,12
2400,133,0.0179065630,47074864.0000000000,5
2400,134,0.0178035670,47074864.0000000000,12
2400,135,0.0177925670,47074864.0000000000,12
2400,136,0.0178335660,47074864.0000000000,3
2400,137,0.0178425410,47074864.0000000000,18
2400,138,0.0177870850,47074864.0000000000,1
2400,139,0.0178668980,47074864.0000000000,16
2400,140,0.0178203510,47074864.0000000000,12
2400,141,0.0178195010,47074864.0000000000,12
2400,142,0.0179259610,47074864.0000000000,5
2400,143,0.0178983310,47074864.0000000000,15
2400,144,0.0179161700,47074864.0000000000,5
2400,145,0.0177952820,47074864.0000000000,13
2400,146,0.0178448160,47074864.0000000000,18
2400,147,0.0178389490,47074864.0000000000,13
2400,148,0.0178492060,47074864.0000000000,14
2400,149,0.0178219100,47074864.0000000000,4
2400,150,0.0177975820,47074864.0000000000,17
2400,151,0.0177885630,47074864.0000000000,4
2400,152,0.0178092910,47074864.0000000000,14
2450,0,7.0951037476,298236128.0000000000,4
2450,1,5.4817340257,250506864.0000000000,12
2450,2,4.1993833972,213393984.0000000000,13
2450,3,4.1572294879,211623104.0000000000,18
2450,4,4.1183251596,211505024.0000000000,19
2450,5,4.1944844896,212725424.0000000000,17
2450,6,5.6810676378,253659104.0000000000,5
2450,7,11.8810940658,434331120.0000000000,6
2450,8,9.5177763366,370854080.0000000000,3
2450,9,11.2365098766,460378160.0000000000,25
2450,10,12.3235283147,486190080.0000000000,21
2450,11,12.8031357399,492203392.0000000000,14
2450,12,12.2025450291,473066608.0000000000,22
2450,13,11.1758493181,449295808.0000000000,23
2450,14,12.3091450162,474929904.0000000000,20
2450,15,12.6939206577,490968192.0000000000,16
2450,16,10.1091083443,424956256.0000000000,24
2450,17,9.5592302045,411002336.0000000000,26
2450,18,10.2293838932,436343888.0000000000,9
2450,19,10.2366468797,436511984.0000000000,10
2450,20,10.2315638862,436511024.0000000000,8
2450,21,11.0964471226,463190880.0000000000,9
2450,22,11.8844210354,487113968.0000000000,1
2450,23,10.9922266785,459330240.0000000000,10
2450,24,10.2219106931,436509680.0000000000,3
2450,25,10.2178391183,436511792.0000000000,12
2450,26,10.2290021843,436349856.0000000000,11
2450,27,10.2187297258,436345744.0000000000,1
2450,28,10.2201779981,436506544.0000000000,0
2450,29,10.2360234201,436508656.0000000000,7
2450,30,10.2325748264,436514304.0000000000,2
2450,31,10.2198177266,436504976.0000000000,17
2450,32,10.2238620214,436514000.0000000000,6
2450,33,10.2195207528,436510128.0000000000,0
2450,34,10.2305506139,436507424.0000000000,8
2450,35,10.2286770580,436347056.0000000000,11
2450,36,10.2141870408,435397536.0000000000,2
2450,37,10.2404562179,436521232.0000000000,4
2450,38,10.2352802469,436538352.0000000000,27
2450,39,10.2482627627,436523680.0000000000,5
2450,40,10.2335645028,436511232.0000000000,13
2450,41,10.2470468101,436500368.0000000000,15
2450,42,10.2354504206,436511120.0000000000,19
2450,43,10.2325086611,436537088.0000000000,18
2450,44,10.2178001713,435387328.0000000000,7
2450,45,2.6503526047,131869984.0000000000,16
2450,46,2.6538137390,132146352.0000000000,27
2450,47,2.6519306235,132123056.0000000000,26
2450,48,2.6541109712,132124688.0000000000,14
2450,49,2.6524827765,132153312.0000000000,21
2450,50,2.6519044894,132126192.0000000000,24
2450,51,2.6560948703,132143904.0000000000,15
2450,52,2.6539151718,132143392.0000000000,25
2450,53,2.6520553841,131863264.0000000000,15
2450,54,0.6732755070,54827568.0000000000,18
2450,55,0.6734101754,54827568.0000000000,14
2450,56,0.6762103964,54827568.0000000000,27
2450,57,0.6723760428,54827568.0000000000,23
2450,58,0.6748969907,54827568.0000000000,25
2450,59,0.6732143784,54827568.0000000000,19
2450,60,0.6760054219,54827568.0000000000,27
2450,61,0.6759559922,54827568.0000000000,15
2450,62,0.6736404471,54827568.0000000000,17
2450,63,0.6732995946,54827568.0000000000,19
2450,64,0.6747398979,54827568.0000000000,16
2450,65,0.6737821997,54827568.0000000000,24
2450,66,0.6738558362,54827568.0000000000,18
2450,67,0.6732288939,54827568.0000000000,13
2450,68,0.6744817886,54827568.0000000000,16
2450,69,0.6739525541,54827568.0000000000,24
2450,70,0.6732035421,54827568.0000000000,21
2450,71,0.6737312283,54827568.0000000000,24
2450,72,0.6750438520,54827568.0000000000,25
2450,73,0.6735262266,54827568.0000000000,21
2450,74,0.6739502089,54827568.0000000000,24
2450,75,0.6733189261,54827568.0000000000,17
2450,76,0.6758427433,54827568.0000000000,27
2450,77,0.6727029582,54827568.0000000000,23
2450,78,0.6726445254,54827568.0000000000,23
2450,79,0.6733272880,54827568.0000000000,26
2450,80,0.6733276015,54827568.0000000000,19
2450,81,0.6733630887,54827568.0000000000,26
2450,82,0.6733862460,54827568.0000000000,26
2450,83,0.6732488609,54827568.0000000000,19
2450,84,0.6753898024,54827568.0000000000,22
2450,85,0.6736405630,54827568.0000000000,26
2450,86,0.6749913494,54827568.0000000000,25
2450,87,0.6762073231,54827568.0000000000,20
2450,88,0.6734081302,54827568.0000000000,17
2450,89,0.6737417681,54827568.0000000000,18
2450,90,0.6757580675,54827568.0000000000,27
2450,91,0.6723149933,54827568.0000000000,23
2450,92,0.6761024659,54827568.0000000000,20
2450,93,0.6739552193,54827568.0000000000,24
2450,94,0.6731335945,54827568.0000000000,21
2450,95,0.6760892649,54827568.0000000000,20
2450,96,0.6736035676,54827568.0000000000,14
2450,97,0.6748984930,54827568.0000000000,25
2450,98,0.6755207443,54827568.0000000000,22
2450,99,0.6727358446,54827568.0000000000,23
2450,100,0.6760461265,54827568.0000000000,27
2450,101,0.6754339038,54827568.0000000000,22
2450,102,0.6758955299,54827568.0000000000,20
2450,103,0.6738420833,54827568.0000000000,14
2450,104,0.6747635444,54827568.0000000000,25
2450,105,0.6755192971,54827568.0000000000,22
2450,106,0.6755617856,54827568.0000000000,22
2450,107,0.6751968000,54827568.0000000000,22
2450,108,0.6733948251,54827568.0000000000,26
2450,109,0.6736323202,54827568.0000000000,21
2450,110,0.6731081294,54827568.0000000000,21
2450,111,0.6724374433,54827568.0000000000,13
2450,112,0.6761472538,54827568.0000000000,20
2450,113,0.6744832270,54827568.0000000000,16
2450,114,0.6760613661,54827568.0000000000,20
2450,115,0.6727085472,54827568.0000000000,23
2450,116,0.6761608485,54827568.0000000000,15
2450,117,0.5829078654,47074864.0000000000,4
2450,118,0.5831403310,47074864.0000000000,3
2450,119,0.5826845384,47074864.0000000000,19
2450,120,0.5835037809,47074864.0000000000,2
2450,121,0.5849436776,47074864.0000000000,5
2450,122,0.5814290829,47074864.0000000000,13
2450,123,0.5827683640,47074864.0000000000,4
2450,124,0.5830125418,47074864.0000000000,3
2450,125,0.5846836548,47074864.0000000000,15
2450,126,0.5821989776,47074864.0000000000,6
2450,127,0.5818114769,47074864.0000000000,0
2450,128,0.5820125404,47074864.0000000000,17
2450,129,0.5827450426,47074864.0000000000,4
2450,130,0.5849490239,47074864.0000000000,5
2450,131,0.5829651010,47074864.0000000000,16
2450,132,0.5814865232,47074864.0000000000,12
2450,133,0.5849535856,47074864.0000000000,5
2450,134,0.5814342749,47074864.0000000000,12
2450,135,0.5817027626,47074864.0000000000,12
2450,136,0.5830781745,47074864.0000000000,3
2450,137,0.5827256280,47074864.0000000000,18
2450,138,0.5823309970,47074864.0000000000,1
2450,139,0.5828974586,47074864.0000000000,16
2450,140,0.5815502581,47074864.0000000000,12
2450,141,0.5814205186,47074864.0000000000,12
2450,142,0.5849797659,47074864.0000000000,5
2450,143,0.5846647999,47074864.0000000000,15
2450,144,0.5851059716,47074864.0000000000,5
2450,145,0.5814558529,47074864.0000000000,13
2450,146,0.5823701687,47074864.0000000000,18
2450,147,0.5812340561,47074864.0000000000,13
2450,148,0.5825418435,47074864.0000000000,14
2450,149,0.5826667284,47074864.0000000000,4
2450,150,0.5818242554,47074864.0000000000,17
2450,151,0.5827699389,47074864.0000000000,4
2450,152,0.5823425828,47074864.0000000000,14
2500,0,0.2167171950,295000816.0000000000,4
2500,1,0.1681222890,248885392.0000000000,12
2500,2,0.1309814130,213205008.0000000000,13
2500,3,0.1293185920,211590800.0000000000,18
2500,4,0.1275929860,211537984.0000000000,19
2500,5,0.1304148190,212962640.0000000000,17
2500,6,0.1727148980,250518432.0000000000,5
2500,7,0.3760301690,437598736.0000000000,6
2500,8,0.2996788990,372215792.0000000000,3
2500,9,0.3556529850,463920832.0000000000,25
2500,10,0.3860238290,487195952.0000000000,21
2500,11,0.3988610760,491780224.0000000000,14
2500,12,0.3686884070,465650128.0000000000,22
2500,13,0.3424762270,445611888.0000000000,23
2500,14,0.3739113060,468841040.0000000000,20
2500,15,0.3955980920,490719792.0000000000,16
2500,16,0.3144843880,424785632.0000000000,24
2500,17,0.2956384130,409809232.0000000000,26
2500,18,0.3179427510,436342064.0000000000,9
2500,19,0.3181251430,436512192.0000000000,10
2500,20,0.3184301340,436636240.0000000000,8
2500,21,0.3558260430,469562448.0000000000,9
2500,22,0.3749965010,490182432.0000000000,1
2500,23,0.3503958740,464416272.0000000000,10
2500,24,0.3177473890,436513456.0000000000,3
2500,25,0.3175861400,436510800.0000000000,12
2500,26,0.3179169500,436348384.0000000000,11
2500,27,0.3175519120,436344256.0000000000,1
2500,28,0.3174655740,436510416.0000000000,0
2500,29,0.3180980220,436507520.0000000000,7
2500,30,0.3178504580,436508576.0000000000,2
2500,31,0.3174587850,436509456.0000000000,17
2500,32,0.3175759720,436509568.0000000000,6
2500,33,0.3175148090,436508416.0000000000,0
2500,34,0.3179901220,436506992.0000000000,8
2500,35,0.3178549800,436345232.0000000000,11
2500,36,0.3174290510,435375744.0000000000,2
2500,37,0.3182076060,436523376.0000000000,4
2500,38,0.3180120280,436540432.0000000000,27
2500,39,0.3184157260,436521472.0000000000,5
2500,40,0.3181159440,436515472.0000000000,13
2500,41,0.3185138810,436501376.0000000000,15
2500,42,0.3180834880,436516592.0000000000,19
2500,43,0.3180771940,436534816.0000000000,18
2500,44,0.3176403870,435361216.0000000000,7
2500,45,0.0821728810,131865168.0000000000,16
2500,46,0.0823254260,132142784.0000000000,27
2500,47,0.0821259480,132122912.0000000000,26
2500,48,0.0822549860,132125696.0000000000,14
2500,49,0.0821436040,132153792.0000000000,21
2500,50,0.0821192260,132125520.0000000000,24
2500,51,0.0822234260,132142384.0000000000,15
2500,52,0.0822331790,132144592.0000000000,25
2500,53,0.0821283910,131859520.0000000000,15
2500,54,0.0206037050,54827568.0000000000,18
2500,55,0.0206390220,54827568.0000000000,14
2500,56,0.0206596120,54827568.0000000000,27
2500,57,0.0206193030,54827568.0000000000,23
2500,58,0.0206745990,54827568.0000000000,25
2500,59,0.0206065370,54827568.0000000000,19
2500,60,0.0207047390,54827568.0000000000,27
2500,61,0.0206895180,54827568.0000000000,15
2500,62,0.0206561350,54827568.0000000000,17
2500,63,0.0206414450,54827568.0000000000,19
2500,64,0.0206335900,54827568.0000000000,16
2500,65,0.0206209260,54827568.0000000000,24
2500,66,0.0206315870,54827568.0000000000,18
2500,67,0.0205297210,54827568.0000000000,13
2500,68,0.0206518360,54827568.0000000000,16
2500,69,0.0206492610,54827568.0000000000,24
2500,70,0.0205970610,54827568.0000000000,21
2500,71,0.0206538280,54827568.0000000000,24
2500,72,0.0206886170,54827568.0000000000,25
2500,73,0.0205614530,54827568.0000000000,21
2500,74,0.0206357140,54827568.0000000000,24
2500,75,0.0206515670,54827568.0000000000,17
2500,76,0.0207028250,54827568.0000000000,27
2500,77,0.0205321750,54827568.0000000000,23
2500,78,0.0205928630,54827568.0000000000,23
2500,79,0.0206162270,54827568.0000000000,26
2500,80,0.0206115290,54827568.0000000000,19
2500,81,0.0206114180,54827568.0000000000,26
2500,82,0.0205922300,54827568.0000000000,26
2500,83,0.0206493200,54827568.0000000000,19
2500,84,0.0206371990,54827568.0000000000,22
2500,85,0.0205922490,54827568.0000000000,26
2500,86,0.0206286000,54827568.0000000000,25
2500,87,0.0206762440,54827568.0000000000,20
2500,88,0.0206541920,54827568.0000000000,17
2500,89,0.0206530400,54827568.0000000000,18
2500,90,0.0206463160,54827568.0000000000,27
2500,91,0.0205920420,54827568.0000000000,23
2500,92,0.0206490630,54827568.0000000000,20
2500,93,0.0206168870,54827568.0000000000,24
2500,94,0.0205848090,54827568.0000000000,21
2500,95,0.0207098000,54827568.0000000000,20
2500,96,0.0206521160,54827568.0000000000,14
2500,97,0.0206418860,54827568.0000000000,25
2500,98,0.0207052820,54827568.0000000000,22
2500,99,0.0206347840,54827568.0000000000,23
2500,100,0.0206357060,54827568.0000000000,27
2500,101,0.0206418580,54827568.0000000000,22
2500,102,0.0206621270,54827568.0000000000,20
2500,103,0.0205624830,54827568.0000000000,14
2500,104,0.0207004800,54827568.0000000000,25
2500,105,0.0207169240,54827568.0000000000,22
2500,106,0.0206830390,54827568.0000000000,22
2500,107,0.0206046280,54827568.0000000000,22
2500,108,0.0206453730,54827568.0000000000,26
2500,109,0.0206562860,54827568.0000000000,21
2500,110,0.0206049560,54827568.0000000000,21
2500,111,0.0206163580,54827568.0000000000,13
2500,112,0.0206889690,54827568.0000000000,20
2500,113,0.0206657720,54827568.0000000000,16
2500,114,0.0207051410,54827568.0000000000,20
2500,115,0.0205505710,54827568.0000000000,23
2500,116,0.0206983670,54827568.0000000000,15
2500,117,0.0178606030,47074864.0000000000,4
2500,118,0.0178719780,47074864.0000000000,3
2500,119,0.0178203450,47074864.0000000000,19
2500,120,0.0178686310,47074864.0000000000,2
2500,121,0.0179095670,47074864.0000000000,5
2500,122,0.0177869540,47074864.0000000000,13
2500,123,0.0178308560,47074864.0000000000,4
2500,124,0.0178355480,47074864.0000000000,3
2500,125,0.0179125780,47074864.0000000000,15
2500,126,0.0178345550,47074864.0000000000,6
2500,127,0.0177915010,47074864.0000000000,0
2500,128,0.0178213060,47074864.0000000000,17
2500,129,0.0178681590,47074864.0000000000,4
2500,130,0.0178963520,47074864.0000000000,5
2500,131,0.0178394000,47074864.0000000000,16
2500,132,0.0178165700,47074864.0000000000,12
2500,133,0.0179131550,47074864.0000000000,5
2500,134,0.0178047190,47074864.0000000000,12
2500,135,0.0178086590,47074864.0000000000,12
2500,136,0.0178329840,47074864.0000000000,3
2500,137,0.0178393520,47074864.0000000000,18
2500,138,0.0178519290,47074864.0000000000,1
2500,139,0.0178449820,47074864.0000000000,16
2500,140,0.0178067040,47074864.0000000000,12
2500,141,0.0177593210,47074864.0000000000,12
2500,142,0.0178856830,47074864.0000000000,5
2500,143,0.0178760270,47074864.0000000000,15
2500,144,0.0179235260,47074864.0000000000,5
2500,145,0.0177899010,47074864.0000000000,13
2500,146,0.0178260550,47074864.0000000000,18
2500,147,0.0177950510,47074864.0000000000,13
2500,148,0.0178309480,47074864.0000000000,14
2500,149,0.0178313350,47074864.0000000000,4
2500,150,0.0177832320,47074864.0000000000,17
2500,151,0.0178503120,47074864.0000000000,4
2500,152,0.0178056020,47074864.0000000000,14
2550,0,6.8896860505,291371680.0000000000,4
2550,1,5.3873723608,247539792.0000000000,12
2550,2,4.2239003569,213006496.0000000000,13
2550,3,4.1625529438,211579744.0000000000,18
2550,4,4.1106149481,211595248.0000000000,19
2550,5,4.2022805135,213142624.0000000000,17
2550,6,5.4966565341,247715968.0000000000,5
2550,7,12.1314304744,439197600.0000000000,6
2550,8,9.6755647817,374015216.0000000000,3
2550,9,11.5143880683,468182176.0000000000,25
2550,10,12.4251904523,488046144.0000000000,21
2550,11,12.7842688613,490369744.0000000000,14
2550,12,11.7538428305,460707856.0000000000,22
2550,13,10.9180045952,441625840.0000000000,23
2550,14,11.9271117216,464145840.0000000000,20
2550,15,12.7265995803,490555488.0000000000,16
2550,16,10.1308640936,425276528.0000000000,24
2550,17,9.4998365740,408894480.0000000000,26
2550,18,10.2296323326,436337888.0000000000,9
2550,19,10.2360279830,436506272.0000000000,10
2550,20,10.2790763685,437938240.0000000000,8
2550,21,11.5507459841,473916112.0000000000,9
2550,22,12.1462573288,493693744.0000000000,1
2550,23,11.3696718653,468852368.0000000000,10
2550,24,10.2218300920,436508864.0000000000,3
2550,25,10.2193320323,436508112.0000000000,12
2550,26,10.2300973884,436346752.0000000000,11
2550,27,10.2196961164,436344720.0000000000,1
2550,28,10.2211965842,436510064.0000000000,0
2550,29,10.2357633186,436511888.0000000000,7
2550,30,10.2323120783,436509920.0000000000,2
2550,31,10.2188196696,436510736.0000000000,17
2550,32,10.2237525179,436509904.0000000000,6
2550,33,10.2187887394,436508592.0000000000,0
2550,34,10.2301642725,436508336.0000000000,8
2550,35,10.2289645916,436344000.0000000000,11
2550,36,10.2139880107,435346688.0000000000,2
2550,37,10.2402327572,436528160.0000000000,4
2550,38,10.2361160433,436541920.0000000000,27
2550,39,10.2473929251,436521120.0000000000,5
2550,40,10.2346796909,436512816.0000000000,13
2550,41,10.2477470956,436502064.0000000000,15
2550,42,10.2370619801,436516288.0000000000,19
2550,43,10.2328227422,436536480.0000000000,18
2550,44,10.2163782783,435337952.0000000000,7
2550,45,2.6502193265,131863568.0000000000,16
2550,46,2.6538534245,132142576.0000000000,27
2550,47,2.6520465975,132122400.0000000000,26
2550,48,2.6539008188,132125520.0000000000,14
2550,49,2.6534495853,132155152.0000000000,21
2550,50,2.6516519677,132125040.0000000000,24
2550,51,2.6563095395,132138944.0000000000,15
2550,52,2.6542488070,132146688.0000000000,25
2550,53,2.6517333272,131853760.0000000000,15
2550,54,0.6734710150,54827568.0000000000,18
2550,55,0.6738471364,54827568.0000000000,14
2550,56,0.6759000594,54827568.0000000000,27
2550,57,0.6721311286,54827568.0000000000,23
2550,58,0.6751177070,54827568.0000000000,25
2550,59,0.6733418336,54827568.0000000000,19
2550,60,0.6761486108,54827568.0000000000,27
2550,61,0.6758309538,54827568.0000000000,15
2550,62,0.6731640606,54827568.0000000000,17
2550,63,0.6729758419,54827568.0000000000,19
2550,64,0.6744273932,54827568.0000000000,16
2550,65,0.6739252456,54827568.0000000000,24
2550,66,0.6734127836,54827568.0000000000,18
2550,67,0.6729402655,54827568.0000000000,13
2550,68,0.6743446515,54827568.0000000000,16
2550,69,0.6741997338,54827568.0000000000,24
2550,70,0.6732127922,54827568.0000000000,21
2550,71,0.6735510045,54827568.0000000000,24
2550,72,0.6747922827,54827568.0000000000,25
2550,73,0.6733263125,54827568.0000000000,21
2550,74,0.6740754482,54827568.0000000000,24
2550,75,0.6734384817,54827568.0000000000,17
2550,76,0.6756441268,54827568.0000000000,27
2550,77,0.6723587735,54827568.0000000000,23
2550,78,0.6727291175,54827568.0000000000,23
2550,79,0.6739330794,54827568.0000000000,26
2550,80,0.6732658284,54827568.0000000000,19
2550,81,0.6733877372,54827568.0000000000,26
2550,82,0.6733433952,54827568.0000000000,26
2550,83,0.6733920982,54827568.0000000000,19
2550,84,0.6754223939,54827568.0000000000,22
2550,85,0.6734957215,54827568.0000000000,26
2550,86,0.6745787602,54827568.0000000000,25
2550,87,0.6763526922,54827568.0000000000,20
2550,88,0.6734098519,54827568.0000000000,17
2550,89,0.6738207801,54827568.0000000000,18
2550,90,0.6756064418,54827568.0000000000,27
2550,91,0.6725817666,54827568.0000000000,23
2550,92,0.6758280422,54827568.0000000000,20
2550,93,0.6741495099,54827568.0000000000,24
2550,94,0.6731762901,54827568.0000000000,21
2550,95,0.6759200169,54827568.0000000000,20
2550,96,0.6734029447,54827568.0000000000,14
2550,97,0.6752314191,54827568.0000000000,25
2550,98,0.6754734305,54827568.0000000000,22
2550,99,0.6728368223,54827568.0000000000,23
2550,100,0.6754213331,54827568.0000000000,27
2550,101,0.6754850429,54827568.0000000000,22
2550,102,0.6758100249,54827568.0000000000,20
2550,103,0.6737008617,54827568.0000000000,14
2550,104,0.6747675127,54827568.0000000000,25
2550,105,0.6751685499,54827568.0000000000,22
2550,106,0.6752322860,54827568.0000000000,22
2550,107,0.6753104425,54827568.0000000000,22
2550,108,0.6735247775,54827568.0000000000,26
2550,109,0.6734995879,54827568.0000000000,21
2550,110,0.6732449526,54827568.0000000000,21
2550,111,0.6726694462,54827568.0000000000,13
2550,112,0.6759407528,54827568.0000000000,20
2550,113,0.6744194616,54827568.0000000000,16
2550,114,0.6762134171,54827568.0000000000,20
2550,115,0.6725462267,54827568.0000000000,23
2550,116,0.6762505762,54827568.0000000000,15
2550,117,0.5827677266,47074864.0000000000,4
2550,118,0.5830464321,47074864.0000000000,3
2550,119,0.5828796816,47074864.0000000000,19
2550,120,0.5835841637,47074864.0000000000,2
2550,121,0.5849342290,47074864.0000000000,5
2550,122,0.5812275955,47074864.0000000000,13
2550,123,0.5826698159,47074864.0000000000,4
2550,124,0.5829199444,47074864.0000000000,3
2550,125,0.5847475809,47074864.0000000000,15
2550,126,0.5821413538,47074864.0000000000,6
2550,127,0.5817311207,47074864.0000000000,0
2550,128,0.5817651824,47074864.0000000000,17
2550,129,0.5827309463,47074864.0000000000,4
2550,130,0.5847704877,47074864.0000000000,5
2550,131,0.5828049290,47074864.0000000000,16
2550,132,0.5814798017,47074864.0000000000,12
2550,133,0.5849768338,47074864.0000000000,5
2550,134,0.5814364089,47074864.0000000000,12
2550,135,0.5815369500,47074864.0000000000,12
2550,136,0.5832021657,47074864.0000000000,3
2550,137,0.5828814394,47074864.0000000000,18
2550,138,0.5822433403,47074864.0000000000,1
2550,139,0.5827720294,47074864.0000000000,16
2550,140,0.5817614872,47074864.0000000000,12
2550,141,0.5815082902,47074864.0000000000,12
2550,142,0.5849756934,47074864.0000000000,5
2550,143,0.5847452451,47074864.0000000000,15
2550,144,0.5850817107,47074864.0000000000,5
2550,145,0.5813111692,47074864.0000000000,13
2550,146,0.5825833472,47074864.0000000000,18
2550,147,0.5812520004,47074864.0000000000,13
2550,148,0.5826993006,47074864.0000000000,14
2550,149,0.5827741095,47074864.0000000000,4
2550,150,0.5818252121,47074864.0000000000,17
2550,151,0.5826380434,47074864.0000000000,4
2550,152,0.5827268413,47074864.0000000000,14
2600,0,0.2069578660,287099408.0000000000,4
2600,1,0.1652596380,245638896.0000000000,12
2600,2,0.1303104840,212804784.0000000000,13
2600,3,0.1293405290,211577536.0000000000,18
2600,4,0.1274978630,211623024.0000000000,19
2600,5,0.1305389630,213212384.0000000000,17
2600,6,0.1665346240,245222592.0000000000,5
2600,7,0.3783223470,439477024.0000000000,6
2600,8,0.3015498650,375967904.0000000000,3
2600,9,0.3625508070,472677152.0000000000,25
2600,10,0.3875414410,488675472.0000000000,21
2600,11,0.3955384910,488468352.0000000000,14
2600,12,0.3603839590,457202480.0000000000,22
2600,13,0.3356246690,438921680.0000000000,23
2600,14,0.3638625290,459317104.0000000000,20
2600,15,0.3969240750,490674752.0000000000,16
2600,16,0.3154197410,425958272.0000000000,24
2600,17,0.2938366680,408080640.0000000000,26
2600,18,0.3179448550,436332800.0000000000,9
2600,19,0.3180284070,436508288.0000000000,10
2600,20,0.3223655650,439633360.0000000000,8
2600,21,0.3647122590,476622592.0000000000,9
2600,22,0.3817330640,496048880.0000000000,1
2600,23,0.3610081460,473180944.0000000000,10
2600,24,0.3175660940,436510912.0000000000,3
2600,25,0.3175497830,436509040.0000000000,12
2600,26,0.3179588430,436339920.0000000000,11
2600,27,0.3173503440,436344240.0000000000,1
2600,28,0.3175560550,436507328.0000000000,0
2600,29,0.3180156510,436510080.0000000000,7
2600,30,0.3179652570,436511264.0000000000,2
2600,31,0.3175423080,436510960.0000000000,17
2600,32,0.3176346470,436509664.0000000000,6
2600,33,0.3174955860,436505120.0000000000,0
2600,34,0.3179818260,436513360.0000000000,8
2600,35,0.3178826130,436340064.0000000000,11
2600,36,0.3174349000,435323536.0000000000,2
2600,37,0.3181501920,436524688.0000000000,4
2600,38,0.3181210910,436543024.0000000000,27
2600,39,0.3183787740,436518304.0000000000,5
2600,40,0.3179734020,436510848.0000000000,13
2600,41,0.3184232980,436502064.0000000000,15
2600,42,0.3182170870,436515568.0000000000,19
2600,43,0.3180439610,436541328.0000000000,18
2600,44,0.3175373980,435313536.0000000000,7
2600,45,0.0821923990,131856864.0000000000,16
2600,46,0.0821327230,132147104.0000000000,27
2600,47,0.0820745620,132123776.0000000000,26
2600,48,0.0822703850,132127104.0000000000,14
2600,49,0.0823159530,132155440.0000000000,21
2600,50,0.0820667030,132126512.0000000000,24
2600,51,0.0823052330,132134176.0000000000,15
2600,52,0.0822328370,132147648.0000000000,25
2600,53,0.0822495370,131846176.0000000000,15
2600,54,0.0206150740,54827568.0000000000,18
2600,55,0.0205386270,54827568.0000000000,14
2600,56,0.0207718600,54827568.0000000000,27
2600,57,0.0205829640,54827568.0000000000,23
2600,58,0.0206487190,54827568.0000000000,25
2600,59,0.0206644710,54827568.0000000000,19
2600,60,0.0206961510,54827568.0000000000,27
2600,61,0.0206522260,54827568.0000000000,15
2600,62,0.0206492640,54827568.0000000000,17
2600,63,0.0206148150,54827568.0000000000,19
2600,64,0.0206324270,54827568.0000000000,16
2600,65,0.0206725250,54827568.0000000000,24
2600,66,0.0205946660,54827568.0000000000,18
2600,67,0.0205765790,54827568.0000000000,13
2600,68,0.0206814730,54827568.0000000000,16
2600,69,0.0206288520,54827568.0000000000,24
2600,70,0.0206566270,54827568.0000000000,21
2600,71,0.0206261950,54827568.0000000000,24
2600,72,0.0206062780,54827568.0000000000,25
2600,73,0.0206280720,54827568.0000000000,21
2600,74,0.0206530200,54827568.0000000000,24
2600,75,0.0206381190,54827568.0000000000,17
2600,76,0.0206248940,54827568.0000000000,27
2600,77,0.0205723340,54827568.0000000000,23
2600,78,0.0205989960,54827568.0000000000,23
2600,79,0.0205954460,54827568.0000000000,26
2600,80,0.0205979610,54827568.0000000000,19
2600,81,0.0206241110,54827568.0000000000,26
2600,82,0.0206232410,54827568.0000000000,26
2600,83,0.0205708690,54827568.0000000000,19
2600,84,0.0206807340,54827568.0000000000,22
2600,85,0.0205692480,54827568.0000000000,26
2600,86,0.0206591590,54827568.0000000000,25
2600,87,0.0206347960,54827568.0000000000,20
2600,88,0.0205888530,54827568.0000000000,17
2600,89,0.0206171300,54827568.0000000000,18
2600,90,0.0206465260,54827568.0000000000,27
2600,91,0.0205978020,54827568.0000000000,23
2600,92,0.0206473080,54827568.0000000000,20
2600,93,0.0207029140,54827568.0000000000,24
2600,94,0.0205806480,54827568.0000000000,21
2600,95,0.0206975580,54827568.0000000000,20
2600,96,0.0206757630,54827568.0000000000,14
2600,97,0.0206300050,54827568.0000000000,25
2600,98,0.0207238070,54827568.0000000000,22
2600,99,0.0206403960,54827568.0000000000,23
2600,100,0.0206400820,54827568.0000000000,27
2600,101,0.0207049900,54827568.0000000000,22
2600,102,0.0206996510,54827568.0000000000,20
2600,103,0.0206389800,54827568.0000000000,14
2600,104,0.0207069640,54827568.0000000000,25
2600,105,0.0207241770,54827568.0000000000,22
2600,106,0.0207122660,54827568.0000000000,22
2600,107,0.0206814340,54827568.0000000000,22
2600,108,0.0205832320,54827568.0000000000,26
2600,109,0.0206006490,54827568.0000000000,21
2600,110,0.0206009890,54827568.0000000000,21
2600,111,0.0205020970,54827568.0000000000,13
2600,112,0.0206787100,54827568.0000000000,20
2600,113,0.0206692190,54827568.0000000000,16
2600,114,0.0207116630,54827568.0000000000,20
2600,115,0.0205758390,54827568.0000000000,23
2600,116,0.0206641700,54827568.0000000000,15
2600,117,0.0178418760,47074864.0000000000,4
2600,118,0.0178554870,47074864.0000000000,3
2600,119,0.0178332680,47074864.0000000000,19
2600,120,0.0178654360,47074864.0000000000,2
2600,121,0.0178797010,47074864.0000000000,5
2600,122,0.0178002590,47074864.0000000000,13
2600,123,0.0178423810,47074864.0000000000,4
2600,124,0.0178630920,47074864.0000000000,3
2600,125,0.0179375650,47074864.0000000000,15
2600,126,0.0178382200,47074864.0000000000,6
2600,127,0.0177842590,47074864.0000000000,0
2600,128,0.0178094820,47074864.0000000000,17
2600,129,0.0178615340,47074864.0000000000,4
2600,130,0.0178946000,47074864.0000000000,5
2600,131,0.0178620150,47074864.0000000000,16
2600,132,0.0177769670,47074864.0000000000,12
2600,133,0.0179228110,47074864.0000000000,5
2600,134,0.0177987980,47074864.0000000000,12
2600,135,0.0177616260,47074864.0000000000,12
2600,136,0.0178372910,47074864.0000000000,3
2600,137,0.0178906190,47074864.0000000000,18
2600,138,0.0178665870,47074864.0000000000,1
2600,139,0.0178364560,47074864.0000000000,16
2600,140,0.0177906400,47074864.0000000000,12
2600,141,0.0178246380,47074864.0000000000,12
2600,142,0.0178625060,47074864.0000000000,5
2600,143,0.0179064860,47074864.0000000000,15
2600,144,0.0179205600,47074864.0000000000,5
2600,145,0.0178043400,47074864.0000000000,13
2600,146,0.0178162270,47074864.0000000000,18
2600,147,0.0177740810,47074864.0000000000,13
2600,148,0.0178337940,47074864.0000000000,14
2600,149,0.0178144130,47074864.0000000000,4
2600,150,0.0178526370,47074864.0000000000,17
2600,151,0.0178174690,47074864.0000000000,4
2600,152,0.0178388670,47074864.0000000000,14
2650,0,6.6066165554,283461328.0000000000,4
2650,1,5.2707413298,243342208.0000000000,12
2650,2,4.1904002316,212654704.0000000000,13
2650,3,4.1603379816,211601984.0000000000,18
2650,4,4.1067373824,211639376.0000000000,19
2650,5,4.2002734843,213250368.0000000000,17
2650,6,5.2914944071,243289232.0000000000,5
2650,7,12.1577457244,439345072.0000000000,6
2650,8,9.6536840636,377608320.0000000000,3
2650,9,11.6828168672,476731616.0000000000,25
2650,10,12.4518882570,489091296.0000000000,21
2650,11,12.6761545938,487124368.0000000000,14
2650,12,11.5241671634,454534800.0000000000,22
2650,13,10.7591722422,437123152.0000000000,23
2650,14,11.6001584744,455100944.0000000000,20
2650,15,12.7732017034,490722224.0000000000,16
2650,16,10.1331162782,426665440.0000000000,24
2650,17,9.4169567393,407479024.0000000000,26
2650,18,10.2290335691,436332032.0000000000,9
2650,19,10.2353322617,436509232.0000000000,10
2650,20,10.4103051371,441205056.0000000000,8
2650,21,11.7755043422,478875248.0000000000,9
2650,22,12.3135830349,497104144.0000000000,1
2650,23,11.6921985278,477019296.0000000000,10
2650,24,10.2240765688,436599504.0000000000,3
2650,25,10.2179258132,436509024.0000000000,12
2650,26,10.2301896261,436335024.0000000000,11
2650,27,10.2193759341,436333888.0000000000,1
2650,28,10.2216925129,436512656.0000000000,0
2650,29,10.2351528433,436509536.0000000000,7
2650,30,10.2330359239,436514208.0000000000,2
2650,31,10.2192571823,436512368.0000000000,17
2650,32,10.2245118013,436509584.0000000000,6
2650,33,10.2195180951,436510800.0000000000,0
2650,34,10.2301933887,436510752.0000000000,8
2650,35,10.2289009256,436337520.0000000000,11
2650,36,10.2137928772,435309616.0000000000,2
2650,37,10.2395572198,436514352.0000000000,4
2650,38,10.2355971798,436547088.0000000000,27
2650,39,10.2464264055,436517664.0000000000,5
2650,40,10.2342715149,436514704.0000000000,13
2650,41,10.2466689001,436495536.0000000000,15
2650,42,10.2379588278,436517216.0000000000,19
2650,43,10.2324798748,436538848.0000000000,18
2650,44,10.2176090984,435295216.0000000000,7
2650,45,2.6502903502,131849232.0000000000,16
2650,46,2.6539037385,132150528.0000000000,27
2650,47,2.6521772621,132123136.0000000000,26
2650,48,2.6538914155,132125968.0000000000,14
2650,49,2.6532337473,132156000.0000000000,21
2650,50,2.6521891627,132126752.0000000000,24
2650,51,2.6561648628,132133200.0000000000,15
2650,52,2.6542503578,132148080.0000000000,25
2650,53,2.6520265686,131840736.0000000000,15
2650,54,0.6734700066,54827568.0000000000,18
2650,55,0.6737601990,54827568.0000000000,14
2650,56,0.6761789429,54827568.0000000000,27
2650,57,0.6725068930,54827568.0000000000,23
2650,58,0.6749919463,54827568.0000000000,25
2650,59,0.6735814730,54827568.0000000000,19
2650,60,0.6759560818,54827568.0000000000,27
2650,61,0.6760173106,54827568.0000000000,15
2650,62,0.6735522124,54827568.0000000000,17
2650,63,0.6731413841,54827568.0000000000,19
2650,64,0.6740364182,54827568.0000000000,16
2650,65,0.6737995303,54827568.0000000000,24
2650,66,0.6734009195,54827568.0000000000,18
2650,67,0.6730190731,54827568.0000000000,13
2650,68,0.6746981196,54827568.0000000000,16
2650,69,0.6737371932,54827568.0000000000,24
2650,70,0.6733586488,54827568.0000000000,21
2650,71,0.6737670880,54827568.0000000000,24
2650,72,0.6748687366,54827568.0000000000,25
2650,73,0.6733575721,54827568.0000000000,21
2650,74,0.6742150970,54827568.0000000000,24
2650,75,0.6736340230,54827568.0000000000,17
2650,76,0.6756105577,54827568.0000000000,27
2650,77,0.6724495725,54827568.0000000000,23
2650,78,0.6726842804,54827568.0000000000,23
2650,79,0.6733579495,54827568.0000000000,26
2650,80,0.6731824676,54827568.0000000000,19
2650,81,0.6733509579,54827568.0000000000,26
2650,82,0.6734513180,54827568.0000000000,26
2650,83,0.6736561202,54827568.0000000000,19
2650,84,0.6753166693,54827568.0000000000,22
2650,85,0.6735305931,54827568.0000000000,26
2650,86,0.6747794983,54827568.0000000000,25
2650,87,0.6760203808,54827568.0000000000,20
2650,88,0.6732041964,54827568.0000000000,17
2650,89,0.6739774602,54827568.0000000000,18
2650,90,0.6758283423,54827568.0000000000,27
2650,91,0.6722191595,54827568.0000000000,23
2650,92,0.6760723236,54827568.0000000000,20
2650,93,0.6740331141,54827568.0000000000,24
2650,94,0.6728271815,54827568.0000000000,21
2650,95,0.6759479352,54827568.0000000000,20
2650,96,0.6736317692,54827568.0000000000,14
2650,97,0.6752507296,54827568.0000000000,25
2650,98,0.6754135467,54827568.0000000000,22
2650,99,0.6728476709,54827568.0000000000,23
2650,100,0.6756811381,54827568.0000000000,27
2650,101,0.6753750514,54827568.0000000000,22
2650,102,0.6761188785,54827568.0000000000,20
2650,103,0.6738779245,54827568.0000000000,14
2650,104,0.6748100557,54827568.0000000000,25
2650,105,0.6751103289,54827568.0000000000,22
2650,106,0.6749921993,54827568.0000000000,22
2650,107,0.6754914491,54827568.0000000000,22
2650,108,0.6734563081,54827568.0000000000,26
2650,109,0.6736417542,54827568.0000000000,21
2650,110,0.6732736652,54827568.0000000000,21
2650,111,0.6724267792,54827568.0000000000,13
2650,112,0.6766851303,54827568.0000000000,20
2650,113,0.6743776078,54827568.0000000000,16
2650,114,0.6762422213,54827568.0000000000,20
2650,115,0.6724694346,54827568.0000000000,23
2650,116,0.6759118629,54827568.0000000000,15
2650,117,0.5826948892,47074864.0000000000,4
2650,118,0.5831472388,47074864.0000000000,3
2650,119,0.5829211773,47074864.0000000000,19
2650,120,0.5835308372,47074864.0000000000,2
2650,121,0.5846444698,47074864.0000000000,5
2650,122,0.5813531970,47074864.0000000000,13
2650,123,0.5829849493,47074864.0000000000,4
2650,124,0.5829068956,47074864.0000000000,3
2650,125,0.5847649571,47074864.0000000000,15
2650,126,0.5822590961,47074864.0000000000,6
2650,127,0.5816752687,47074864.0000000000,0
2650,128,0.5817551976,47074864.0000000000,17
2650,129,0.5828126973,47074864.0000000000,4
2650,130,0.5847308579,47074864.0000000000,5
2650,131,0.5829038150,47074864.0000000000,16
2650,132,0.5814024381,47074864.0000000000,12
2650,133,0.5848171060,47074864.0000000000,5
2650,134,0.5814376848,47074864.0000000000,12
2650,135,0.5816300656,47074864.0000000000,12
2650,136,0.5832852925,47074864.0000000000,3
2650,137,0.5827535360,47074864.0000000000,18
2650,138,0.5822593439,47074864.0000000000,1
2650,139,0.5827659154,47074864.0000000000,16
2650,140,0.5816669032,47074864.0000000000,12
2650,141,0.5816434646,47074864.0000000000,12
2650,142,0.5849031205,47074864.0000000000,5
2650,143,0.5845318330,47074864.0000000000,15
2650,144,0.5849532222,47074864.0000000000,5
2650,145,0.5813675626,47074864.0000000000,13
2650,146,0.5823847241,47074864.0000000000,18
2650,147,0.5811602945,47074864.0000000000,13
2650,148,0.5827200251,47074864.0000000000,14
2650,149,0.5826962966,47074864.0000000000,4
2650,150,0.5819703347,47074864.0000000000,17
2650,151,0.5826831707,47074864.0000000000,4
2650,152,0.5826125060,47074864.0000000000,14
2700,0,0.2004946180,279879072.0000000000,4
2700,1,0.1593944530,240544464.0000000000,12
2700,2,0.1298671880,212563200.0000000000,13
2700,3,0.1289915030,211724832.0000000000,18
2700,4,0.1273417450,211760416.0000000000,19
2700,5,0.1302477310,213261856.0000000000,17
2700,6,0.1609178320,240541104.0000000000,5
2700,7,0.3794114510,440189840.0000000000,6
2700,8,0.3055871710,378443184.0000000000,3
2700,9,0.3722651680,480367168.0000000000,25
2700,10,0.3885820670,489415552.0000000000,21
2700,11,0.3930181030,486004928.0000000000,14
2700,12,0.3547327420,452212176.0000000000,22
2700,13,0.3329227900,435927664.0000000000,23
2700,14,0.3545082390,450920208.0000000000,20
2700,15,0.3982523150,490547952.0000000000,16
2700,16,0.3175675510,427304496.0000000000,24
2700,17,0.2927647130,406942000.0000000000,26
2700,18,0.3178940060,436328800.0000000000,9
2700,19,0.3179971550,436506672.0000000000,10
2700,20,0.3263857390,442683792.0000000000,8
2700,21,0.3693670670,480471808.0000000000,9
2700,22,0.3842338900,497887136.0000000000,1
2700,23,0.3690846610,480004208.0000000000,10
2700,24,0.3189478310,437056912.0000000000,3
2700,25,0.3174799060,436504800.0000000000,12
2700,26,0.3178051440,436329904.0000000000,11
2700,27,0.3176540080,436327888.0000000000,1
2700,28,0.3176063080,436511584.0000000000,0
2700,29,0.3181194820,436512816.0000000000,7
2700,30,0.3179538630,436510208.0000000000,2
2700,31,0.3174877960,436512336.0000000000,17
2700,32,0.3177311140,436506432.0000000000,6
2700,33,0.3175130850,436515616.0000000000,0
2700,34,0.3178379450,436507776.0000000000,8
2700,35,0.3179266010,436334496.0000000000,11
2700,36,0.3175190870,435280400.0000000000,2
2700,37,0.3181646780,436517408.0000000000,4
2700,38,0.3179927650,436543280.0000000000,27
2700,39,0.3183883420,436518400.0000000000,5
2700,40,0.3179748810,436513264.0000000000,13
2700,41,0.3183883510,436499936.0000000000,15
2700,42,0.3180224810,436515792.0000000000,19
2700,43,0.3180095880,436544512.0000000000,18
2700,44,0.3175232920,435271072.0000000000,7
2700,45,0.0821757490,131844256.0000000000,16
2700,46,0.0822671590,132150544.0000000000,27
2700,47,0.0821264900,132124160.0000000000,26
2700,48,0.0823697470,132126096.0000000000,14
2700,49,0.0821140880,132155616.0000000000,21
2700,50,0.0822777020,132125024.0000000000,24
2700,51,0.0822275320,132132848.0000000000,15
2700,52,0.0822104800,132143264.0000000000,25
2700,53,0.0822397140,131837264.0000000000,15
2700,54,0.0205736150,54827568.0000000000,18
2700,55,0.0206257260,54827568.0000000000,14
2700,56,0.0206668950,54827568.0000000000,27
2700,57,0.0205544290,54827568.0000000000,23
2700,58,0.0206768120,54827568.0000000000,25
2700,59,0.0206057370,54827568.0000000000,19
2700,60,0.0206974940,54827568.0000000000,27
2700,61,0.0206837390,54827568.0000000000,15
2700,62,0.0206500450,54827568.0000000000,17
2700,63,0.0206064200,54827568.0000000000,19
2700,64,0.0206631280,54827568.0000000000,16
2700,65,0.0206717340,54827568.0000000000,24
2700,66,0.0205917980,54827568.0000000000,18
2700,67,0.0206081400,54827568.0000000000,13
2700,68,0.0206337110,54827568.0000000000,16
2700,69,0.0206164250,54827568.0000000000,24
2700,70,0.0206605750,54827568.0000000000,21
2700,71,0.0206207040,54827568.0000000000,24
2700,72,0.0206978840,54827568.0000000000,25
2700,73,0.0206248960,54827568.0000000000,21
2700,74,0.0206007570,54827568.0000000000,24
2700,75,0.0206336220,54827568.0000000000,17
2700,76,0.0206760930,54827568.0000000000,27
2700,77,0.0205849500,54827568.0000000000,23
2700,78,0.0205674660,54827568.0000000000,23
2700,79,0.0206367180,54827568.0000000000,26
2700,80,0.0206111480,54827568.0000000000,19
2700,81,0.0206068590,54827568.0000000000,26
2700,82,0.0206981040,54827568.0000000000,26
2700,83,0.0206432500,54827568.0000000000,19
2700,84,0.0207089410,54827568.0000000000,22
2700,85,0.0206219270,54827568.0000000000,26
2700,86,0.0205904850,54827568.0000000000,25
2700,87,0.0207019650,54827568.0000000000,20
2700,88,0.0205943150,54827568.0000000000,17
2700,89,0.0205774840,54827568.0000000000,18
2700,90,0.0207111290,54827568.0000000000,27
2700,91,0.0205951280,54827568.0000000000,23
2700,92,0.0207327350,54827568.0000000000,20
2700,93,0.0207258880,54827568.0000000000,24
2700,94,0.0205328680,54827568.0000000000,21
2700,95,0.0206492160,54827568.0000000000,20
2700,96,0.0206095450,54827568.0000000000,14
2700,97,0.0206543900,54827568.0000000000,25
2700,98,0.0207405390,54827568.0000000000,22
2700,99,0.0205741780,54827568.0000000000,23
2700,100,0.0207581620,54827568.0000000000,27
2700,101,0.0207238470,54827568.0000000000,22
2700,102,0.0207040400,54827568.0000000000,20
2700,103,0.0206794210,54827568.0000000000,14
2700,104,0.0206030810,54827568.0000000000,25
2700,105,0.0206941200,54827568.0000000000,22
2700,106,0.0206888200,54827568.0000000000,22
2700,107,0.0206764050,54827568.0000000000,22
2700,108,0.0205913370,54827568.0000000000,26
2700,109,0.0205285900,54827568.0000000000,21
2700,110,0.0205924820,54827568.0000000000,21
2700,111,0.0205651780,54827568.0000000000,13
2700,112,0.0206438240,54827568.0000000000,20
2700,113,0.0206190640,54827568.0000000000,16
2700,114,0.0207041300,54827568.0000000000,20
2700,115,0.0205954700,54827568.0000000000,23
2700,116,0.0207416390,54827568.0000000000,15
2700,117,0.0178819130,47074864.0000000000,4
2700,118,0.0178185530,47074864.0000000000,3
2700,119,0.0178456230,47074864.0000000000,19
2700,120,0.0178436120,47074864.0000000000,2
2700,121,0.0179182530,47074864.0000000000,5
2700,122,0.0177872260,47074864.0000000000,13
2700,123,0.0178384230,47074864.0000000000,4
2700,124,0.0178157390,47074864.0000000000,3
2700,125,0.0179007140,47074864.0000000000,15
2700,126,0.0178380290,47074864.0000000000,6
2700,127,0.0178108680,47074864.0000000000,0
2700,128,0.0178146520,47074864.0000000000,17
2700,129,0.0178500920,47074864.0000000000,4
2700,130,0.0179206700,47074864.0000000000,5
2700,131,0.0178584690,47074864.0000000000,16
2700,132,0.0178433530,47074864.0000000000,12
2700,133,0.0179437040,47074864.0000000000,5
2700,134,0.0178095780,47074864.0000000000,12
2700,135,0.0178014620,47074864.0000000000,12
2700,136,0.0178112800,47074864.0000000000,3
2700,137,0.0178278100,47074864.0000000000,18
2700,138,0.0178026130,47074864.0000000000,1
2700,139,0.0178585380,47074864.0000000000,16
2700,140,0.0178079770,47074864.0000000000,12
2700,141,0.0178080050,47074864.0000000000,12
2700,142,0.0178996490,47074864.0000000000,5
2700,143,0.0178716870,47074864.0000000000,15
2700,144,0.0178915060,47074864.0000000000,5
2700,145,0.0177902210,47074864.0000000000,13
2700,146,0.0178429400,47074864.0000000000,18
2700,147,0.0177717360,47074864.0000000000,13
2700,148,0.0178474020,47074864.0000000000,14
2700,149,0.0178464450,47074864.0000000000,4
2700,150,0.0177787440,47074864.0000000000,17
2700,151,0.0178474680,47074864.0000000000,4
2700,152,0.0178684380,47074864.0000000000,14
2750,0,6.3901383938,276796160.0000000000,4
2750,1,5.0933210680,238140096.0000000000,12
2750,2,4.1922111809,212667680.0000000000,13
2750,3,4.1572060108,211833536.0000000000,18
2750,4,4.1056378541,211768464.0000000000,19
2750,5,4.1965524687,213203040.0000000000,17
2750,6,5.1357301200,238470400.0000000000,5
2750,7,12.2495983449,441940928.0000000000,6
2750,8,9.8533426951,378382800.0000000000,3
2750,9,12.0632710413,483532416.0000000000,25
2750,10,12.5256205598,489823184.0000000000,21
2750,11,12.6049408490,484690912.0000000000,14
2750,12,11.3344701710,448725456.0000000000,22
2750,13,10.3578203730,419533040.0000000000,23
2750,14,11.2866162569,445918272.0000000000,20
2750,15,12.7790957908,489850432.0000000000,16
2750,16,10.2460052041,428364624.0000000000,24
2750,17,9.4240907086,406567632.0000000000,26
2750,18,10.2297696587,436319760.0000000000,9
2750,19,10.2359244738,436502752.0000000000,10
2750,20,10.5331703623,444062288.0000000000,8
2750,21,11.9455826125,485696048.0000000000,9
2750,22,12.7012330688,517054704.0000000000,1
2750,23,11.9697709376,486434576.0000000000,10
2750,24,10.2817442931,437910464.0000000000,3
2750,25,10.2177314079,436510384.0000000000,12
2750,26,10.2313251747,436324720.0000000000,11
2750,27,10.2178084005,436324864.0000000000,1
2750,28,10.2204991766,436509696.0000000000,0
2750,29,10.2357312019,436511360.0000000000,7
2750,30,10.2319897954,436507952.0000000000,2
2750,31,10.2201899013,436514352.0000000000,17
2750,32,10.2251673693,436507104.0000000000,6
2750,33,10.2200151063,436509904.0000000000,0
2750,34,10.2296074469,436505696.0000000000,8
2750,35,10.2298111874,436328944.0000000000,11
2750,36,10.2112370087,435258080.0000000000,2
2750,37,10.2397184177,436525024.0000000000,4
2750,38,10.2351380040,436541088.0000000000,27
2750,39,10.2467793508,436521104.0000000000,5
2750,40,10.2354056010,436512832.0000000000,13
2750,41,10.2471489521,436500496.0000000000,15
2750,42,10.2366986560,436516288.0000000000,19
2750,43,10.2338122452,436544032.0000000000,18
2750,44,10.2153719250,435248048.0000000000,7
2750,45,2.6498257122,131839952.0000000000,16
2750,46,2.6547056569,132150304.0000000000,27
2750,47,2.6525674032,132121568.0000000000,26
2750,48,2.6538285262,132126496.0000000000,14
2750,49,2.6534874690,132153616.0000000000,21
2750,50,2.6519801277,132122656.0000000000,24
2750,51,2.6554726803,132134640.0000000000,15
2750,52,2.6535281819,132147024.0000000000,25
2750,53,2.6521585992,131832976.0000000000,15
2750,54,0.6736454235,54827568.0000000000,18
2750,55,0.6736220141,54827568.0000000000,14
2750,56,0.6757302017,54827568.0000000000,27
2750,57,0.6723897160,54827568.0000000000,23
2750,58,0.6748720413,54827568.0000000000,25
2750,59,0.6733941959,54827568.0000000000,19
2750,60,0.6759199105,54827568.0000000000,27
2750,61,0.6758275774,54827568.0000000000,15
2750,62,0.6733726991,54827568.0000000000,17
2750,63,0.6730078969,54827568.0000000000,19
2750,64,0.6743304068,54827568.0000000000,16
2750,65,0.6740680163,54827568.0000000000,24
2750,66,0.6734343224,54827568.0000000000,18
2750,67,0.6731932969,54827568.0000000000,13
2750,68,0.6742314032,54827568.0000000000,16
2750,69,0.6740456053,54827568.0000000000,24
2750,70,0.6727702813,54827568.0000000000,21
2750,71,0.6737847608,54827568.0000000000,24
2750,72,0.6748448436,54827568.0000000000,25
2750,73,0.6729462510,54827568.0000000000,21
2750,74,0.6740178070,54827568.0000000000,24
2750,75,0.6733770298,54827568.0000000000,17
2750,76,0.6757454780,54827568.0000000000,27
2750,77,0.6726536793,54827568.0000000000,23
2750,78,0.6723965557,54827568.0000000000,23
2750,79,0.6734591470,54827568.0000000000,26
2750,80,0.6732850788,54827568.0000000000,19
2750,81,0.6732566298,54827568.0000000000,26
2750,82,0.6731067898,54827568.0000000000,26
2750,83,0.6733807275,54827568.0000000000,19
2750,84,0.6755183269,54827568.0000000000,22
2750,85,0.6737329394,54827568.0000000000,26
2750,86,0.6748411523,54827568.0000000000,25
2750,87,0.6760537874,54827568.0000000000,20
2750,88,0.6733744296,54827568.0000000000,17
2750,89,0.6737843416,54827568.0000000000,18
2750,90,0.6757816006,54827568.0000000000,27
2750,91,0.6722073741,54827568.0000000000,23
2750,92,0.6757675105,54827568.0000000000,20
2750,93,0.6741113392,54827568.0000000000,24
2750,94,0.6728867936,54827568.0000000000,21
2750,95,0.6759421450,54827568.0000000000,20
2750,96,0.6733755524,54827568.0000000000,14
2750,97,0.6751223667,54827568.0000000000,25
2750,98,0.6754546997,54827568.0000000000,22
2750,99,0.6726267283,54827568.0000000000,23
2750,100,0.6759330216,54827568.0000000000,27
2750,101,0.6754018120,54827568.0000000000,22
2750,102,0.6756814967,54827568.0000000000,20
2750,103,0.6736300624,54827568.0000000000,14
2750,104,0.6748710152,54827568.0000000000,25
2750,105,0.6753295342,54827568.0000000000,22
2750,106,0.6752691244,54827568.0000000000,22
2750,107,0.6753248672,54827568.0000000000,22
2750,108,0.6736300766,54827568.0000000000,26
2750,109,0.6732745008,54827568.0000000000,21
2750,110,0.6731464933,54827568.0000000000,21
2750,111,0.6725350354,54827568.0000000000,13
2750,112,0.6761323782,54827568.0000000000,20
2750,113,0.6743922136,54827568.0000000000,16
2750,114,0.6761508480,54827568.0000000000,20
2750,115,0.6725756958,54827568.0000000000,23
2750,116,0.6759928543,54827568.0000000000,15
2750,117,0.5829543210,47074864.0000000000,4
2750,118,0.5830731687,47074864.0000000000,3
2750,119,0.5830075425,47074864.0000000000,19
2750,120,0.5835249502,47074864.0000000000,2
2750,121,0.5847593731,47074864.0000000000,5
2750,122,0.5813943934,47074864.0000000000,13
2750,123,0.5827958652,47074864.0000000000,4
2750,124,0.5829189848,47074864.0000000000,3
2750,125,0.5847720817,47074864.0000000000,15
2750,126,0.5820292674,47074864.0000000000,6
2750,127,0.5817580223,47074864.0000000000,0
2750,128,0.5817765518,47074864.0000000000,17
2750,129,0.5829803103,47074864.0000000000,4
2750,130,0.5847762513,47074864.0000000000,5
2750,131,0.5827035241,47074864.0000000000,16
2750,132,0.5815513677,47074864.0000000000,12
2750,133,0.5848029389,47074864.0000000000,5
2750,134,0.5815437539,47074864.0000000000,12
2750,135,0.5816037097,47074864.0000000000,12
2750,136,0.5830662266,47074864.0000000000,3
2750,137,0.5825846848,47074864.0000000000,18
2750,138,0.5822490597,47074864.0000000000,1
2750,139,0.5829321438,47074864.0000000000,16
2750,140,0.5814622778,47074864.0000000000,12
2750,141,0.5815576365,47074864.0000000000,12
2750,142,0.5848338141,47074864.0000000000,5
2750,143,0.5844517084,47074864.0000000000,15
2750,144,0.5849842889,47074864.0000000000,5
2750,145,0.5813167356,47074864.0000000000,13
2750,146,0.5824889040,47074864.0000000000,18
2750,147,0.5812592984,47074864.0000000000,13
2750,148,0.5826053951,47074864.0000000000,14
2750,149,0.5827829555,47074864.0000000000,4
2750,150,0.5818082321,47074864.0000000000,17
2750,151,0.5827279997,47074864.0000000000,4
2750,152,0.5825053008,47074864.0000000000,14
2800,0,0.1990523300,273457968.0000000000,10
2800,1,0.1539672020,235736000.0000000000,12
2800,2,0.1550844840,212594928.0000000000,21
2800,3,0.1528845200,211906912.0000000000,20
2800,4,0.1492860800,211760272.0000000000,22
2800,5,0.1336263770,212988800.0000000000,19
2800,6,0.1615893560,236999984.0000000000,11
2800,7,0.3954728990,444233728.0000000000,15
2800,8,0.3148391960,377234048.0000000000,5
2800,9,0.3929089690,486058256.0000000000,18
2800,10,0.4043727750,490413776.0000000000,14
2800,11,0.4017823470,483073296.0000000000,13
2800,12,0.3450384360,434200784.0000000000,23
2800,13,0.3181066220,412790672.0000000000,3
2800,14,0.3443877010,432422480.0000000000,24
2800,15,0.4088262980,487884576.0000000000,26
2800,16,0.3316792720,429947328.0000000000,20
2800,17,0.3005823760,406247520.0000000000,4
2800,18,0.3259032660,436309360.0000000000,8
2800,19,0.3180062800,436506800.0000000000,10
2800,20,0.3395922070,445359360.0000000000,27
2800,21,0.4024874450,497528400.0000000000,17
2800,22,0.4241167250,520362960.0000000000,25
2800,23,0.4018417140,496987104.0000000000,16
2800,24,0.3304844180,438979952.0000000000,22
2800,25,0.3262161280,436513152.0000000000,7
2800,26,0.3258781770,436310224.0000000000,7
2800,27,0.3257330160,436305632.0000000000,9
2800,28,0.3255648390,436512032.0000000000,1
2800,29,0.3260129270,436509232.0000000000,4
2800,30,0.3255456810,436509984.0000000000,0
2800,31,0.3260086910,436507680.0000000000,8
2800,32,0.3255866020,436505424.0000000000,1
2800,33,0.3254494270,436509424.0000000000,6
2800,34,0.3258693690,436510672.0000000000,9
2800,35,0.3253932110,436317488.0000000000,6
2800,36,0.3174423230,435233648.0000000000,2
2800,37,0.3258056000,436525584.0000000000,12
2800,38,0.3259069840,436535424.0000000000,3
2800,39,0.3259210190,436525696.0000000000,19
2800,40,0.3261881620,436511216.0000000000,5
2800,41,0.3260304800,436497408.0000000000,21
2800,42,0.3261542730,436514496.0000000000,11
2800,43,0.3259590350,436544224.0000000000,2
2800,44,0.3246440340,435220048.0000000000,0
2800,45,0.0834809940,131833504.0000000000,13
2800,46,0.0837585420,132150240.0000000000,24
2800,47,0.0837416640,132122272.0000000000,14
2800,48,0.0836367920,132125040.0000000000,23
2800,49,0.0836793790,132154864.0000000000,17
2800,50,0.0837266100,132123056.0000000000,16
2800,51,0.0837962460,132135760.0000000000,27
2800,52,0.0835849150,132147248.0000000000,18
2800,53,0.0822602340,131826288.0000000000,15
2800,54,0.0206049060,54827568.0000000000,13
2800,55,0.0206642600,54827568.0000000000,27
2800,56,0.0205556790,54827568.0000000000,26
2800,57,0.0206980670,54827568.0000000000,20
2800,58,0.0206636790,54827568.0000000000,25
2800,59,0.0206566260,54827568.0000000000,11
2800,60,0.0206435680,54827568.0000000000,25
2800,61,0.0206424280,54827568.0000000000,24
2800,62,0.0206118410,54827568.0000000000,19
2800,63,0.0206804820,54827568.0000000000,18
2800,64,0.0205880420,54827568.0000000000,21
2800,65,0.0205304300,54827568.0000000000,13
2800,66,0.0206620690,54827568.0000000000,20
2800,67,0.0206762430,54827568.0000000000,17
2800,68,0.0206048660,54827568.0000000000,22
2800,69,0.0206242350,54827568.0000000000,14
2800,70,0.0206619470,54827568.0000000000,16
2800,71,0.0206573780,54827568.0000000000,11
2800,72,0.0206646820,54827568.0000000000,16
2800,73,0.0207464280,54827568.0000000000,27
2800,74,0.0207220440,54827568.0000000000,20
2800,75,0.0206032410,54827568.0000000000,23
2800,76,0.0206426380,54827568.0000000000,19
2800,77,0.0205875380,54827568.0000000000,25
2800,78,0.0205974140,54827568.0000000000,21
2800,79,0.0206388330,54827568.0000000000,17
2800,80,0.0205867190,54827568.0000000000,24
2800,81,0.0206444110,54827568.0000000000,16
2800,82,0.0205948400,54827568.0000000000,14
2800,83,0.0206837260,54827568.0000000000,26
2800,84,0.0206112690,54827568.0000000000,21
2800,85,0.0206501000,54827568.0000000000,25
2800,86,0.0207458070,54827568.0000000000,15
2800,87,0.0206586490,54827568.0000000000,25
2800,88,0.0206505850,54827568.0000000000,12
2800,89,0.0206088830,54827568.0000000000,12
2800,90,0.0205486270,54827568.0000000000,23
2800,91,0.0205938060,54827568.0000000000,19
2800,92,0.0206481370,54827568.0000000000,27
2800,93,0.0205567540,54827568.0000000000,19
2800,94,0.0207296270,54827568.0000000000,15
2800,95,0.0206744980,54827568.0000000000,25
2800,96,0.0205591770,54827568.0000000000,21
2800,97,0.0206251840,54827568.0000000000,17
2800,98,0.0205933040,54827568.0000000000,18
2800,99,0.0206837480,54827568.0000000000,24
2800,100,0.0205466320,54827568.0000000000,23
2800,101,0.0206499300,54827568.0000000000,24
2800,102,0.0206554350,54827568.0000000000,22
2800,103,0.0205936120,54827568.0000000000,18
2800,104,0.0206460420,54827568.0000000000,24
2800,105,0.0206253330,54827568.0000000000,26
2800,106,0.0206370370,54827568.0000000000,20
2800,107,0.0206583980,54827568.0000000000,27
2800,108,0.0206002460,54827568.0000000000,26
2800,109,0.0207436140,54827568.0000000000,15
2800,110,0.0206498430,54827568.0000000000,22
2800,111,0.0206590210,54827568.0000000000,22
2800,112,0.0206571270,54827568.0000000000,27
2800,113,0.0205987350,54827568.0000000000,23
2800,114,0.0206675460,54827568.0000000000,26
2800,115,0.0206352760,54827568.0000000000,23
2800,116,0.0205663690,54827568.0000000000,26
2800,117,0.0177889690,47074864.0000000000,13
2800,118,0.0178850470,47074864.0000000000,22
2800,119,0.0177969270,47074864.0000000000,21
2800,120,0.0178624850,47074864.0000000000,16
2800,121,0.0178567560,47074864.0000000000,11
2800,122,0.0179056090,47074864.0000000000,10
2800,123,0.0178627550,47074864.0000000000,20
2800,124,0.0179101480,47074864.0000000000,10
2800,125,0.0178478380,47074864.0000000000,18
2800,126,0.0178121030,47074864.0000000000,13
2800,127,0.0178519750,47074864.0000000000,4
2800,128,0.0178974710,47074864.0000000000,10
2800,129,0.0177918330,47074864.0000000000,12
2800,130,0.0177683990,47074864.0000000000,12
2800,131,0.0178726360,47074864.0000000000,19
2800,132,0.0179203600,47074864.0000000000,5
2800,133,0.0177701920,47074864.0000000000,13
2800,134,0.0179015870,47074864.0000000000,2
2800,135,0.0177880360,47074864.0000000000,12
2800,136,0.0178792930,47074864.0000000000,15
2800,137,0.0179362530,47074864.0000000000,15
2800,138,0.0178222230,47074864.0000000000,14
2800,139,0.0178509390,47074864.0000000000,14
2800,140,0.0178234310,47074864.0000000000,4
2800,141,0.0178629310,47074864.0000000000,3
2800,142,0.0178610800,47074864.0000000000,14
2800,143,0.0177989830,47074864.0000000000,17
2800,144,0.0178785760,47074864.0000000000,10
2800,145,0.0178152260,47074864.0000000000,1
2800,146,0.0178267880,47074864.0000000000,16
2800,147,0.0178202560,47074864.0000000000,0
2800,148,0.0178437320,47074864.0000000000,17
2800,149,0.0178220570,47074864.0000000000,11
2800,150,0.0178673130,47074864.0000000000,11
2800,151,0.0178145230,47074864.0000000000,18
2800,152,0.0178531660,47074864.0000000000,10
2850,0,6.1946336493,271489568.0000000000,10
2850,1,4.9223065338,233241168.0000000000,12
2850,2,4.1918315106,212584000.0000000000,21
2850,3,4.1877397003,211952512.0000000000,20
2850,4,4.1169074113,211781200.0000000000,22
2850,5,4.2127846824,212859600.0000000000,19
2850,6,5.0371687049,236306016.0000000000,11
2850,7,12.4391817925,446801424.0000000000,15
2850,8,9.8342482476,375883808.0000000000,5
2850,9,12.2613753441,488112752.0000000000,18
2850,10,12.6230622178,491157472.0000000000,14
2850,11,12.5201033902,482039584.0000000000,13
2850,12,10.5830163469,426636464.0000000000,23
2850,13,9.9132681277,411360128.0000000000,3
2850,14,10.5901113447,426583648.0000000000,24
2850,15,12.6805575761,486244992.0000000000,26
2850,16,10.3806025349,431595248.0000000000,20
2850,17,9.4113126505,406077168.0000000000,4
2850,18,10.2330443166,436295360.0000000000,8
2850,19,10.2338466053,436512720.0000000000,10
2850,20,10.6343730728,446597072.0000000000,27
2850,21,12.7137983186,506270448.0000000000,17
2850,22,13.1860239819,521882800.0000000000,25
2850,23,12.6699985483,503762880.0000000000,16
2850,24,10.3766859593,440108576.0000000000,22
2850,25,10.2398607661,436508720.0000000000,7
2850,26,10.2340343266,436304128.0000000000,7
2850,27,10.2319219517,436299168.0000000000,9
2850,28,10.2266244578,436510016.0000000000,1
2850,29,10.2321864547,436511936.0000000000,4
2850,30,10.2204450273,436511392.0000000000,0
2850,31,10.2342588628,436505424.0000000000,8
2850,32,10.2235527679,436508928.0000000000,1
2850,33,10.2299254241,436509648.0000000000,6
2850,34,10.2339259058,436508944.0000000000,9
2850,35,10.2259935352,436310080.0000000000,6
2850,36,10.2098291971,435209936.0000000000,2
2850,37,10.2333478054,436531120.0000000000,12
2850,38,10.2385759726,436535136.0000000000,3
2850,39,10.2410197585,436529184.0000000000,19
2850,40,10.2497474850,436513760.0000000000,5
2850,41,10.2430096687,436500512.0000000000,21
2850,42,10.2479035883,436512032.0000000000,11
2850,43,10.2487958642,436551536.0000000000,2
2850,44,10.1985651842,435198432.0000000000,0
2850,45,2.6478492083,131830272.0000000000,13
2850,46,2.6539986842,132146896.0000000000,24
2850,47,2.6549957177,132122112.0000000000,14
2850,48,2.6512423642,132125584.0000000000,23
2850,49,2.6535030942,132153808.0000000000,17
2850,50,2.6542396078,132120816.0000000000,16
2850,51,2.6541654891,132140592.0000000000,27
2850,52,2.6526688329,132143664.0000000000,18
2850,53,2.6527947213,131824160.0000000000,15
2850,54,0.6726467940,54827568.0000000000,13
2850,55,0.6754685439,54827568.0000000000,27
2850,56,0.6731751691,54827568.0000000000,26
2850,57,0.6760738048,54827568.0000000000,20
2850,58,0.6748188560,54827568.0000000000,25
2850,59,0.6749346052,54827568.0000000000,11
2850,60,0.6747065689,54827568.0000000000,25
2850,61,0.6740369290,54827568.0000000000,24
2850,62,0.6732631819,54827568.0000000000,19
2850,63,0.6734036997,54827568.0000000000,18
2850,64,0.6732784270,54827568.0000000000,21
2850,65,0.6730879517,54827568.0000000000,13
2850,66,0.6759937149,54827568.0000000000,20
2850,67,0.6734441419,54827568.0000000000,17
2850,68,0.6755025061,54827568.0000000000,22
2850,69,0.6737207335,54827568.0000000000,14
2850,70,0.6744525206,54827568.0000000000,16
2850,71,0.6749412818,54827568.0000000000,11
2850,72,0.6745246356,54827568.0000000000,16
2850,73,0.6757660603,54827568.0000000000,27
2850,74,0.6760850041,54827568.0000000000,20
2850,75,0.6726785550,54827568.0000000000,23
2850,76,0.6731311652,54827568.0000000000,19
2850,77,0.6745510725,54827568.0000000000,25
2850,78,0.6731350311,54827568.0000000000,21
2850,79,0.6730142988,54827568.0000000000,17
2850,80,0.6738360190,54827568.0000000000,24
2850,81,0.6743532734,54827568.0000000000,16
2850,82,0.6736530628,54827568.0000000000,14
2850,83,0.6737384254,54827568.0000000000,26
2850,84,0.6732420851,54827568.0000000000,21
2850,85,0.6750614524,54827568.0000000000,25
2850,86,0.6760452826,54827568.0000000000,15
2850,87,0.6747260856,54827568.0000000000,25
2850,88,0.6728308807,54827568.0000000000,12
2850,89,0.6733272503,54827568.0000000000,12
2850,90,0.6729490439,54827568.0000000000,23
2850,91,0.6728995716,54827568.0000000000,19
2850,92,0.6755647203,54827568.0000000000,27
2850,93,0.6732843184,54827568.0000000000,19
2850,94,0.6762032034,54827568.0000000000,15
2850,95,0.6749149254,54827568.0000000000,25
2850,96,0.6733132470,54827568.0000000000,21
2850,97,0.6732430344,54827568.0000000000,17
2850,98,0.6736165478,54827568.0000000000,18
2850,99,0.6742306653,54827568.0000000000,24
2850,100,0.6723393407,54827568.0000000000,23
2850,101,0.6737364005,54827568.0000000000,24
2850,102,0.6753582454,54827568.0000000000,22
2850,103,0.6736553645,54827568.0000000000,18
2850,104,0.6743740090,54827568.0000000000,24
2850,105,0.6735305637,54827568.0000000000,26
2850,106,0.6760933733,54827568.0000000000,20
2850,107,0.6757772665,54827568.0000000000,27
2850,108,0.6730966253,54827568.0000000000,26
2850,109,0.6761541246,54827568.0000000000,15
2850,110,0.6747423387,54827568.0000000000,22
2850,111,0.6752667595,54827568.0000000000,22
2850,112,0.6754314661,54827568.0000000000,27
2850,113,0.6724346782,54827568.0000000000,23
2850,114,0.6734269481,54827568.0000000000,26
2850,115,0.6725833350,54827568.0000000000,23
2850,116,0.6735767252,54827568.0000000000,26
2850,117,0.5814082075,47074864.0000000000,13
2850,118,0.5839262763,47074864.0000000000,22
2850,119,0.5821595484,47074864.0000000000,21
2850,120,0.5828667122,47074864.0000000000,16
2850,121,0.5836723708,47074864.0000000000,11
2850,122,0.5845996280,47074864.0000000000,10
2850,123,0.5842375428,47074864.0000000000,20
2850,124,0.5843834651,47074864.0000000000,10
2850,125,0.5825399835,47074864.0000000000,18
2850,126,0.5817127974,47074864.0000000000,13
2850,127,0.5828515712,47074864.0000000000,4
2850,128,0.5843351454,47074864.0000000000,10
2850,129,0.5816447898,47074864.0000000000,12
2850,130,0.5816015677,47074864.0000000000,12
2850,131,0.5828934612,47074864.0000000000,19
2850,132,0.5849326322,47074864.0000000000,5
2850,133,0.5811425277,47074864.0000000000,13
2850,134,0.5833668128,47074864.0000000000,2
2850,135,0.5816305397,47074864.0000000000,12
2850,136,0.5845579423,47074864.0000000000,15
2850,137,0.5846280700,47074864.0000000000,15
2850,138,0.5825155009,47074864.0000000000,14
2850,139,0.5827342808,47074864.0000000000,14
2850,140,0.5828564694,47074864.0000000000,4
2850,141,0.5831134581,47074864.0000000000,3
2850,142,0.5826371043,47074864.0000000000,14
2850,143,0.5819149245,47074864.0000000000,17
2850,144,0.5844325125,47074864.0000000000,10
2850,145,0.5823820113,47074864.0000000000,1
2850,146,0.5826039141,47074864.0000000000,16
2850,147,0.5815535701,47074864.0000000000,0
2850,148,0.5818832272,47074864.0000000000,17
2850,149,0.5838913437,47074864.0000000000,11
2850,150,0.5837632830,47074864.0000000000,11
2850,151,0.5824624206,47074864.0000000000,18
2850,152,0.5847042468,47074864.0000000000,10
2900,0,0.1880973130,268976320.0000000000,10
2900,1,0.1486618870,230677552.0000000000,12
2900,2,0.1295447920,212567312.0000000000,21
2900,3,0.1296572700,211985040.0000000000,20
2900,4,0.1278408220,211783056.0000000000,22
2900,5,0.1303635950,212766560.0000000000,19
2900,6,0.1543967130,235433456.0000000000,11
2900,7,0.3912176550,449874080.0000000000,15
2900,8,0.3024032230,373667008.0000000000,5
2900,9,0.3804705860,490019904.0000000000,18
2900,10,0.3929724850,491632480.0000000000,14
2900,11,0.3871879340,480342336.0000000000,13
2900,12,0.3182993640,419353888.0000000000,23
2900,13,0.3070291060,410025056.0000000000,3
2900,14,0.3208180290,421256624.0000000000,24
2900,15,0.3923746140,484725808.0000000000,26
2900,16,0.3239078690,432468016.0000000000,20
2900,17,0.2909562090,405862384.0000000000,4
2900,18,0.3180687220,436283376.0000000000,8
2900,19,0.3180808540,436509456.0000000000,10
2900,20,0.3339376360,448592912.0000000000,27
2900,21,0.4066388840,512459120.0000000000,17
2900,22,0.4121269530,522628496.0000000000,25
2900,23,0.4024724340,508246016.0000000000,16
2900,24,0.3244872720,441299360.0000000000,22
2900,25,0.3179532230,436507072.0000000000,7
2900,26,0.3179336830,436293456.0000000000,7
2900,27,0.3179313450,436282544.0000000000,9
2900,28,0.3176361820,436508080.0000000000,1
2900,29,0.3178920920,436513072.0000000000,4
2900,30,0.3175143020,436510976.0000000000,0
2900,31,0.3179681640,436507904.0000000000,8
2900,32,0.3177073390,436512816.0000000000,1
2900,33,0.3178094950,436509920.0000000000,6
2900,34,0.3178623920,436508928.0000000000,9
2900,35,0.3176449060,436296848.0000000000,6
2900,36,0.3171384340,435180112.0000000000,2
2900,37,0.3180410240,436530288.0000000000,12
2900,38,0.3180907920,436535568.0000000000,3
2900,39,0.3181983900,436531664.0000000000,19
2900,40,0.3183440680,436511760.0000000000,5
2900,41,0.3181821280,436495184.0000000000,21
2900,42,0.3184355330,436512048.0000000000,11
2900,43,0.3183134140,436547648.0000000000,2
2900,44,0.3167893680,435173856.0000000000,0
2900,45,0.0821836010,131828880.0000000000,13
2900,46,0.0821764300,132145696.0000000000,24
2900,47,0.0821305290,132122352.0000000000,14
2900,48,0.0820238950,132126080.0000000000,23
2900,49,0.0821019600,132150720.0000000000,17
2900,50,0.0822048780,132121408.0000000000,16
2900,51,0.0822073800,132141152.0000000000,27
2900,52,0.0821905520,132144128.0000000000,18
2900,53,0.0821168730,131818144.0000000000,15
2900,54,0.0206399720,54827568.0000000000,13
2900,55,0.0206653420,54827568.0000000000,27
2900,56,0.0205844440,54827568.0000000000,26
2900,57,0.0206571090,54827568.0000000000,20
2900,58,0.0206016270,54827568.0000000000,25
2900,59,0.0205706310,54827568.0000000000,11
2900,60,0.0206014160,54827568.0000000000,25
2900,61,0.0206718130,54827568.0000000000,24
2900,62,0.0206819620,54827568.0000000000,19
2900,63,0.0206229700,54827568.0000000000,18
2900,64,0.0206589310,54827568.0000000000,21
2900,65,0.0206157640,54827568.0000000000,13
2900,66,0.0207328330,54827568.0000000000,20
2900,67,0.0205915990,54827568.0000000000,17
2900,68,0.0207015830,54827568.0000000000,22
2900,69,0.0206195320,54827568.0000000000,14
2900,70,0.0206386520,54827568.0000000000,16
2900,71,0.0206263290,54827568.0000000000,11
2900,72,0.0206305840,54827568.0000000000,16
2900,73,0.0206979920,54827568.0000000000,27
2900,74,0.0206569760,54827568.0000000000,20
2900,75,0.0206087140,54827568.0000000000,23
2900,76,0.0206121260,54827568.0000000000,19
2900,77,0.0207330610,54827568.0000000000,25
2900,78,0.0206350120,54827568.0000000000,21
2900,79,0.0205955440,54827568.0000000000,17
2900,80,0.0206182980,54827568.0000000000,24
2900,81,0.0206237700,54827568.0000000000,16
2900,82,0.0207299050,54827568.0000000000,14
2900,83,0.0205730230,54827568.0000000000,26
2900,84,0.0206071510,54827568.0000000000,21
2900,85,0.0206632970,54827568.0000000000,25
2900,86,0.0207585620,54827568.0000000000,15
2900,87,0.0206637570,54827568.0000000000,25
2900,88,0.0206371660,54827568.0000000000,12
2900,89,0.0206308620,54827568.0000000000,12
2900,90,0.0205528830,54827568.0000000000,23
2900,91,0.0206226880,54827568.0000000000,19
2900,92,0.0206024900,54827568.0000000000,27
2900,93,0.0206520840,54827568.0000000000,19
2900,94,0.0206947270,54827568.0000000000,15
2900,95,0.0206696990,54827568.0000000000,25
2900,96,0.0206462550,54827568.0000000000,21
2900,97,0.0206742500,54827568.0000000000,17
2900,98,0.0206552320,54827568.0000000000,18
2900,99,0.0206510020,54827568.0000000000,24
2900,100,0.0205628940,54827568.0000000000,23
2900,101,0.0206440400,54827568.0000000000,24
2900,102,0.0206448820,54827568.0000000000,22
2900,103,0.0206369750,54827568.0000000000,18
2900,104,0.0205800840,54827568.0000000000,24
2900,105,0.0205604460,54827568.0000000000,26
2900,106,0.0206787860,54827568.0000000000,20
2900,107,0.0207182930,54827568.0000000000,27
2900,108,0.0206572460,54827568.0000000000,26
2900,109,0.0206858320,54827568.0000000000,15
2900,110,0.0206682790,54827568.0000000000,22
2900,111,0.0206594710,54827568.0000000000,22
2900,112,0.0206930950,54827568.0000000000,27
2900,113,0.0205439480,54827568.0000000000,23
2900,114,0.0206471250,54827568.0000000000,26
2900,115,0.0205882140,54827568.0000000000,23
2900,116,0.0205625320,54827568.0000000000,26
2900,117,0.0177899420,47074864.0000000000,13
2900,118,0.0179033620,47074864.0000000000,22
2900,119,0.0178382470,47074864.0000000000,21
2900,120,0.0178581260,47074864.0000000000,16
2900,121,0.0178897950,47074864.0000000000,11
2900,122,0.0179177040,47074864.0000000000,10
2900,123,0.0178724030,47074864.0000000000,20
2900,124,0.0179069710,47074864.0000000000,10
2900,125,0.0178842470,47074864.0000000000,18
2900,126,0.0178014690,47074864.0000000000,13
2900,127,0.0178576290,47074864.0000000000,4
2900,128,0.0178792260,47074864.0000000000,10
2900,129,0.0178031050,47074864.0000000000,12
2900,130,0.0177960690,47074864.0000000000,12
2900,131,0.0178524380,47074864.0000000000,19
2900,132,0.0178855730,47074864.0000000000,5
2900,133,0.0177897970,47074864.0000000000,13
2900,134,0.0178890700,47074864.0000000000,2
2900,135,0.0177895260,47074864.0000000000,12
2900,136,0.0179010850,47074864.0000000000,15
2900,137,0.0178795420,47074864.0000000000,15
2900,138,0.0178695940,47074864.0000000000,14
2900,139,0.0177908210,47074864.0000000000,14
2900,140,0.0178251070,47074864.0000000000,4
2900,141,0.0178527600,47074864.0000000000,3
2900,142,0.0178089750,47074864.0000000000,14
2900,143,0.0177813590,47074864.0000000000,17
2900,144,0.0178949470,47074864.0000000000,10
2900,145,0.0178245440,47074864.0000000000,1
2900,146,0.0178504230,47074864.0000000000,16
2900,147,0.0177897690,47074864.0000000000,0
2900,148,0.0178125490,47074864.0000000000,17
2900,149,0.0178732650,47074864.0000000000,11
2900,150,0.0178788260,47074864.0000000000,11
2900,151,0.0178263260,47074864.0000000000,18
2900,152,0.0178698770,47074864.0000000000,10
2950,0,5.9904347503,266544752.0000000000,10
2950,1,4.7367959457,229112832.0000000000,12
2950,2,4.1730095727,212577632.0000000000,21
2950,3,4.1705512048,212091472.0000000000,20
2950,4,4.1246518057,211808240.0000000000,22
2950,5,4.1990792406,212991168.0000000000,19
2950,6,4.9553145712,234475136.0000000000,11
2950,7,12.6355092928,453541328.0000000000,15
2950,8,9.6503623886,371552080.0000000000,5
2950,9,12.3161113700,492103424.0000000000,18
2950,10,12.6621257615,491688368.0000000000,14
2950,11,12.3573514312,476607312.0000000000,13
2950,12,10.1268112765,415409184.0000000000,23
2950,13,9.8575753905,409402496.0000000000,3
2950,14,10.2299333499,417902624.0000000000,24
2950,15,12.5697272950,483212880.0000000000,26
2950,16,10.4073544241,432522224.0000000000,20
2950,17,9.3552797253,405640576.0000000000,4
2950,18,10.2313935537,436267008.0000000000,8
2950,19,10.2345085057,436508256.0000000000,10
2950,20,10.8385228469,452888000.0000000000,27
2950,21,13.1574627355,515531504.0000000000,17
2950,22,13.2577030931,523024416.0000000000,25
2950,23,13.0125337969,510862560.0000000000,16
2950,24,10.4930136396,443325664.0000000000,22
2950,25,10.2358383222,436508112.0000000000,7
2950,26,10.2311835753,436278336.0000000000,7
2950,27,10.2289452455,436268576.0000000000,9
2950,28,10.2237829631,436512688.0000000000,1
2950,29,10.2301395710,436508720.0000000000,4
2950,30,10.2196205209,436508960.0000000000,0
2950,31,10.2323858675,436513712.0000000000,8
2950,32,10.2208715189,436511152.0000000000,1
2950,33,10.2275274496,436511248.0000000000,6
2950,34,10.2304737570,436506704.0000000000,9
2950,35,10.2220534205,436286912.0000000000,6
2950,36,10.2078800324,435159872.0000000000,2
2950,37,10.2322761305,436529968.0000000000,12
2950,38,10.2362218068,436538800.0000000000,3
2950,39,10.2387554242,436535776.0000000000,19
2950,40,10.2468722816,436507808.0000000000,5
2950,41,10.2401828438,436498480.0000000000,21
2950,42,10.2472670848,436514880.0000000000,11
2950,43,10.2460496260,436547696.0000000000,2
2950,44,10.1934385853,435148256.0000000000,0
2950,45,2.6484550887,131822944.0000000000,13
2950,46,2.6528587918,132144336.0000000000,24
2950,47,2.6545374678,132122480.0000000000,14
2950,48,2.6502198505,132125280.0000000000,23
2950,49,2.6522747978,132149888.0000000000,17
2950,50,2.6540667337,132119920.0000000000,16
2950,51,2.6537851441,132138384.0000000000,27
2950,52,2.6531443009,132147808.0000000000,18
2950,53,2.6530709508,131812496.0000000000,15
2950,54,0.6721082072,54827568.0000000000,13
2950,55,0.6759850913,54827568.0000000000,27
2950,56,0.6731549521,54827568.0000000000,26
2950,57,0.6758070532,54827568.0000000000,20
2950,58,0.6750215002,54827568.0000000000,25
2950,59,0.6750837950,54827568.0000000000,11
2950,60,0.6750589302,54827568.0000000000,25
2950,61,0.6742409753,54827568.0000000000,24
2950,62,0.6734848273,54827568.0000000000,19
2950,63,0.6734300915,54827568.0000000000,18
2950,64,0.6734087633,54827568.0000000000,21
2950,65,0.6729006696,54827568.0000000000,13
2950,66,0.6761984845,54827568.0000000000,20
2950,67,0.6732362798,54827568.0000000000,17
2950,68,0.6750800096,54827568.0000000000,22
2950,69,0.6735129622,54827568.0000000000,14
2950,70,0.6745906977,54827568.0000000000,16
2950,71,0.6747532328,54827568.0000000000,11
2950,72,0.6745799002,54827568.0000000000,16
2950,73,0.6757231468,54827568.0000000000,27
2950,74,0.6761160687,54827568.0000000000,20
2950,75,0.6725240313,54827568.0000000000,23
2950,76,0.6733498234,54827568.0000000000,19
2950,77,0.6749120127,54827568.0000000000,25
2950,78,0.6731869120,54827568.0000000000,21
2950,79,0.6733124223,54827568.0000000000,17
2950,80,0.6741223765,54827568.0000000000,24
2950,81,0.6744729279,54827568.0000000000,16
2950,82,0.6737390659,54827568.0000000000,14
2950,83,0.6737258959,54827568.0000000000,26
2950,84,0.6736387424,54827568.0000000000,21
2950,85,0.6751080257,54827568.0000000000,25
2950,86,0.6762244864,54827568.0000000000,15
2950,87,0.6746017608,54827568.0000000000,25
2950,88,0.6730517217,54827568.0000000000,12
2950,89,0.6730470943,54827568.0000000000,12
2950,90,0.6723366838,54827568.0000000000,23
2950,91,0.6730195469,54827568.0000000000,19
2950,92,0.6757544382,54827568.0000000000,27
2950,93,0.6731940480,54827568.0000000000,19
2950,94,0.6759796098,54827568.0000000000,15
2950,95,0.6747742549,54827568.0000000000,25
2950,96,0.6729035958,54827568.0000000000,21
2950,97,0.6732590766,54827568.0000000000,17
2950,98,0.6734424936,54827568.0000000000,18
2950,99,0.6738356953,54827568.0000000000,24
2950,100,0.6725626893,54827568.0000000000,23
2950,101,0.6740163378,54827568.0000000000,24
2950,102,0.6752357326,54827568.0000000000,22
2950,103,0.6737568993,54827568.0000000000,18
2950,104,0.6740682248,54827568.0000000000,24
2950,105,0.6734367075,54827568.0000000000,26
2950,106,0.6759809145,54827568.0000000000,20
2950,107,0.6756646438,54827568.0000000000,27
2950,108,0.6736921673,54827568.0000000000,26
2950,109,0.6759985114,54827568.0000000000,15
2950,110,0.6748860560,54827568.0000000000,22
2950,111,0.6754252147,54827568.0000000000,22
2950,112,0.6758481113,54827568.0000000000,27
2950,113,0.6724926514,54827568.0000000000,23
2950,114,0.6734691181,54827568.0000000000,26
2950,115,0.6724318993,54827568.0000000000,23
2950,116,0.6734559119,54827568.0000000000,26
2950,117,0.5813618651,47074864.0000000000,13
2950,118,0.5841125107,47074864.0000000000,22
2950,119,0.5824004230,47074864.0000000000,21
2950,120,0.5828125765,47074864.0000000000,16
2950,121,0.5837277603,47074864.0000000000,11
2950,122,0.5846122300,47074864.0000000000,10
2950,123,0.5843472227,47074864.0000000000,20
2950,124,0.5847967838,47074864.0000000000,10
2950,125,0.5826456407,47074864.0000000000,18
2950,126,0.5815498827,47074864.0000000000,13
2950,127,0.5828756292,47074864.0000000000,4
2950,128,0.5843678030,47074864.0000000000,10
2950,129,0.5818465105,47074864.0000000000,12
2950,130,0.5816648695,47074864.0000000000,12
2950,131,0.5829387993,47074864.0000000000,19
2950,132,0.5848490451,47074864.0000000000,5
2950,133,0.5814253691,47074864.0000000000,13
2950,134,0.5835663014,47074864.0000000000,2
2950,135,0.5817429137,47074864.0000000000,12
2950,136,0.5847095776,47074864.0000000000,15
2950,137,0.5847041711,47074864.0000000000,15
2950,138,0.5825516290,47074864.0000000000,14
2950,139,0.5824859397,47074864.0000000000,14
2950,140,0.5827738535,47074864.0000000000,4
2950,141,0.5832037533,47074864.0000000000,3
2950,142,0.5823785002,47074864.0000000000,14
2950,143,0.5818652681,47074864.0000000000,17
2950,144,0.5844957741,47074864.0000000000,10
2950,145,0.5822989184,47074864.0000000000,1
2950,146,0.5825870636,47074864.0000000000,16
2950,147,0.5815368095,47074864.0000000000,0
2950,148,0.5816965501,47074864.0000000000,17
2950,149,0.5839555361,47074864.0000000000,11
2950,150,0.5837400089,47074864.0000000000,11
2950,151,0.5824572553,47074864.0000000000,18
2950,152,0.5846507473,47074864.0000000000,10
