0,0,0.1307045930,159852592.0000000000,19
0,1,0.0762071510,159852592.0000000000,19
0,2,0.0845565430,159852592.0000000000,19
0,3,0.0754878260,160054832.0000000000,19
0,4,0.1456891060,159852592.0000000000,1
0,5,0.0820072540,159852592.0000000000,1
0,6,0.0796146450,160054832.0000000000,1
0,7,0.1428647100,159852592.0000000000,22
0,8,0.1499687380,160054832.0000000000,8
0,9,0.0716793710,144112688.0000000000,8
0,10,0.1533494210,144112688.0000000000,17
0,11,0.0907269460,143910448.0000000000,17
0,12,0.0888024040,240390192.0000000000,19
0,13,0.0544616240,240390192.0000000000,19
0,14,0.0544086200,240390192.0000000000,19
0,15,0.0553062180,240718384.0000000000,19
0,16,0.0615840080,240390192.0000000000,1
0,17,0.0538313860,240390192.0000000000,1
0,18,0.0546918540,240718384.0000000000,1
0,19,0.0916063860,240390192.0000000000,8
0,20,0.0965609860,240718384.0000000000,8
0,21,0.0839288170,216722480.0000000000,8
0,22,0.1016166380,216722480.0000000000,17
0,23,0.1048038910,216394288.0000000000,17
0,24,0.1510195800,240062512.0000000000,20
0,25,0.0914856950,240062512.0000000000,20
0,26,0.0744322240,240062512.0000000000,20
0,27,0.0515216930,240390192.0000000000,20
0,28,0.0498822570,240062512.0000000000,1
0,29,0.0499192180,240062512.0000000000,1
0,30,0.1735947200,240390192.0000000000,21
0,31,0.0748639940,240062512.0000000000,8
0,32,0.0514479680,240390192.0000000000,8
0,33,0.0470618210,216427056.0000000000,8
0,34,0.1027991750,216427056.0000000000,17
0,35,0.0945049140,216099376.0000000000,17
0,36,0.0504326630,240062512.0000000000,20
0,37,0.0502917510,240062512.0000000000,20
0,38,0.0507386600,240062512.0000000000,20
0,39,0.0510318220,240390192.0000000000,20
0,40,0.0499420110,240062512.0000000000,1
0,41,0.1052876220,240062512.0000000000,21
0,42,0.1155028180,240390192.0000000000,21
0,43,0.0502602300,240062512.0000000000,8
0,44,0.1042148790,240390192.0000000000,17
0,45,0.1025656830,216427056.0000000000,17
0,46,0.1057008450,216427056.0000000000,17
0,47,0.1460618440,216099376.0000000000,9
0,48,0.1124902260,240062512.0000000000,21
0,49,0.1024005360,240062512.0000000000,21
0,50,0.1068680120,240062512.0000000000,21
0,51,0.1094433040,240390192.0000000000,21
0,52,0.1689994730,240062512.0000000000,2
0,53,0.0968260140,240062512.0000000000,2
0,54,0.0922163810,240390192.0000000000,22
0,55,0.0915355720,240062512.0000000000,9
0,56,0.0796899410,240390192.0000000000,9
0,57,0.0482023670,216427056.0000000000,9
0,58,0.1482325150,216427056.0000000000,15
0,59,0.0871723640,216099376.0000000000,15
0,60,0.1013185550,240062512.0000000000,21
0,61,0.0850020560,240062512.0000000000,2
0,62,0.0578074240,240062512.0000000000,2
0,63,0.0544873890,240390192.0000000000,2
0,64,0.0779565460,240062512.0000000000,22
0,65,0.0520410620,240062512.0000000000,22
0,66,0.0545790380,240390192.0000000000,22
0,67,0.0516494860,240062512.0000000000,9
0,68,0.0519577090,240390192.0000000000,9
0,69,0.0480354780,216427056.0000000000,9
0,70,0.0796962750,216427056.0000000000,15
0,71,0.0501927820,216099376.0000000000,15
0,72,0.0566778970,240062512.0000000000,2
0,73,0.0585665190,240062512.0000000000,2
0,74,0.0589633320,240062512.0000000000,2
0,75,0.0559332550,240390192.0000000000,2
0,76,0.0553139000,240062512.0000000000,22
0,77,0.0550232230,240062512.0000000000,22
0,78,0.0559088760,240390192.0000000000,22
0,79,0.0543257790,240062512.0000000000,9
0,80,0.0556517600,240390192.0000000000,9
0,81,0.0515637100,216427056.0000000000,15
0,82,0.0514443380,216427056.0000000000,15
0,83,0.0505705580,216099376.0000000000,15
0,84,0.0340002200,89985072.0000000000,15
0,85,0.0339134760,89985072.0000000000,15
0,86,0.1353393000,89985072.0000000000,23
0,87,0.0734268900,90078256.0000000000,23
0,88,0.1400894490,89985072.0000000000,3
0,89,0.0717791820,89985072.0000000000,3
0,90,0.0689344810,90078256.0000000000,3
0,91,0.1472806700,89985072.0000000000,4
0,92,0.0715389060,90078256.0000000000,4
0,93,0.1403183400,81122864.0000000000,12
0,94,0.0698229860,81122864.0000000000,12
0,95,0.0749874270,81029680.0000000000,12
0,96,0.0561438490,30347312.0000000000,23
0,97,0.0428055860,30347312.0000000000,23
0,98,0.0415441110,30347312.0000000000,23
0,99,0.0475244650,30347312.0000000000,23
0,100,0.0333742430,30347312.0000000000,3
0,101,0.0311797900,30347312.0000000000,3
0,102,0.0299366240,30347312.0000000000,3
0,103,0.0426041490,30347312.0000000000,12
0,104,0.0452383290,30347312.0000000000,12
0,105,0.0414661400,27355696.0000000000,12
0,106,0.1099866080,27355696.0000000000,13
0,107,0.0380039100,27355696.0000000000,13
0,108,0.0474942170,30347312.0000000000,23
0,109,0.0436572970,30347312.0000000000,23
0,110,0.0261804270,30347312.0000000000,3
0,111,0.0256514880,30347312.0000000000,3
0,112,0.0279210080,30347312.0000000000,3
0,113,0.1057188210,30347312.0000000000,24
0,114,0.0361183580,30347312.0000000000,24
0,115,0.0386960770,30347312.0000000000,12
0,116,0.0382755750,30347312.0000000000,12
0,117,0.0458279570,27355696.0000000000,12
0,118,0.0357872250,27355696.0000000000,13
0,119,0.0410319020,27355696.0000000000,13
0,120,0.0368235770,30347312.0000000000,24
0,121,0.0377932590,30347312.0000000000,24
0,122,0.0359255530,30347312.0000000000,24
0,123,0.0359034100,30347312.0000000000,24
0,124,0.1009552670,30347312.0000000000,25
0,125,0.0394727330,30347312.0000000000,4
0,126,0.0393052930,30347312.0000000000,4
0,127,0.0351084480,30347312.0000000000,13
0,128,0.0366736790,30347312.0000000000,13
0,129,0.0399766200,27355696.0000000000,13
0,130,0.1035638240,27355696.0000000000,16
0,131,0.0315156480,27355696.0000000000,16
0,132,0.0373299500,30347312.0000000000,24
0,133,0.0372946170,30347312.0000000000,24
0,134,0.0364579100,30347312.0000000000,25
0,135,0.0377705470,30347312.0000000000,25
0,136,0.0392473260,30347312.0000000000,25
0,137,0.0367772490,30347312.0000000000,4
0,138,0.0365789800,30347312.0000000000,4
0,139,0.0409093840,30347312.0000000000,13
0,140,0.0346546640,30347312.0000000000,13
0,141,0.0432664240,27355696.0000000000,16
0,142,0.0407456520,27355696.0000000000,16
0,143,0.0396492860,27355696.0000000000,16
0,144,0.0402427370,30347312.0000000000,25
0,145,0.0406394030,30347312.0000000000,25
0,146,0.0401227350,30347312.0000000000,25
0,147,0.0400726090,30347312.0000000000,25
0,148,0.0338802900,30347312.0000000000,4
0,149,0.0310107520,30347312.0000000000,4
0,150,0.0301266600,30347312.0000000000,4
0,151,0.0391527590,30347312.0000000000,16
0,152,0.0440149340,30347312.0000000000,16
0,153,0.0459989810,27355696.0000000000,16
0,154,0.0392506290,27355696.0000000000,16
0,155,0.1171491930,27355696.0000000000,30
0,156,0.0393831800,30347312.0000000000,30
0,157,0.0376189940,30347312.0000000000,30
0,158,0.0380245470,30347312.0000000000,30
0,159,0.0399380600,30347312.0000000000,30
0,160,0.1344816050,30347312.0000000000,5
0,161,0.0377839600,30347312.0000000000,5
0,162,0.0357278470,30347312.0000000000,5
0,163,0.1135528230,30347312.0000000000,10
0,164,0.0418375950,30347312.0000000000,10
0,165,0.0417277410,27355696.0000000000,10
0,166,0.1120168950,27355696.0000000000,14
0,167,0.0405745510,27355696.0000000000,14
0,168,0.0394579910,30347312.0000000000,30
0,169,0.0382692810,30347312.0000000000,30
0,170,0.0388695050,30347312.0000000000,30
0,171,0.0459202620,30347312.0000000000,5
0,172,0.0456014600,30347312.0000000000,5
0,173,0.1185197510,30347312.0000000000,26
0,174,0.0364741470,30347312.0000000000,26
0,175,0.0432438800,30347312.0000000000,10
0,176,0.0433644950,30347312.0000000000,10
0,177,0.0419711790,27355696.0000000000,10
0,178,0.0407604220,27355696.0000000000,14
0,179,0.0430782630,27355696.0000000000,14
0,180,0.0405721410,30347312.0000000000,5
0,181,0.0411633010,30347312.0000000000,5
0,182,0.0462666900,30347312.0000000000,5
0,183,0.0420250330,30347312.0000000000,5
0,184,0.0411519630,30347312.0000000000,26
0,185,0.0425421750,30347312.0000000000,26
0,186,0.0406259000,30347312.0000000000,26
0,187,0.0438532740,30347312.0000000000,10
0,188,0.0447287890,30347312.0000000000,10
0,189,0.0416813830,27355696.0000000000,10
0,190,0.0431690580,27355696.0000000000,14
0,191,0.0429773170,27355696.0000000000,14
0,192,0.0407955840,30347312.0000000000,26
0,193,0.0417430140,30347312.0000000000,26
0,194,0.1198547990,30347312.0000000000,27
0,195,0.0460308610,30347312.0000000000,27
0,196,0.1335420950,30347312.0000000000,6
0,197,0.0427102230,30347312.0000000000,6
0,198,0.0468413760,30347312.0000000000,6
0,199,0.0444020220,30347312.0000000000,14
0,200,0.0444331700,30347312.0000000000,14
0,201,0.1118304470,27355696.0000000000,11
0,202,0.1039923560,27355696.0000000000,18
0,203,0.0367571670,27355696.0000000000,18
0,204,0.0386069030,30347312.0000000000,26
0,205,0.0458103530,30347312.0000000000,27
0,206,0.0459682990,30347312.0000000000,27
0,207,0.0462567870,30347312.0000000000,27
0,208,0.0490658730,30347312.0000000000,6
0,209,0.1125948460,30347312.0000000000,28
0,210,0.0404507720,30347312.0000000000,28
0,211,0.0445014740,30347312.0000000000,14
0,212,0.0397385910,30347312.0000000000,11
0,213,0.0436755300,27355696.0000000000,11
0,214,0.0441821660,27355696.0000000000,18
0,215,0.0468914600,27355696.0000000000,18
0,216,0.0462204650,30347312.0000000000,27
0,217,0.0445244040,30347312.0000000000,27
0,218,0.0366267410,30347312.0000000000,6
0,219,0.0440745970,30347312.0000000000,6
0,220,0.0380241270,30347312.0000000000,28
0,221,0.0386737190,30347312.0000000000,28
0,222,0.0396741690,30347312.0000000000,28
0,223,0.0439275670,30347312.0000000000,11
0,224,0.0389138660,30347312.0000000000,11
0,225,0.0383951650,27355696.0000000000,11
0,226,0.0380340370,27355696.0000000000,18
0,227,0.0383903110,27355696.0000000000,18
0,228,0.0413658010,30347312.0000000000,27
0,229,0.0551106100,30347312.0000000000,6
0,230,0.0485024810,30347312.0000000000,6
0,231,0.0416126980,30347312.0000000000,6
0,232,0.0365496040,30347312.0000000000,28
0,233,0.0348889230,30347312.0000000000,28
0,234,0.0384693680,30347312.0000000000,28
0,235,0.0486697760,30347312.0000000000,11
0,236,0.0458472620,30347312.0000000000,11
0,237,0.0376284680,27355696.0000000000,11
0,238,0.0488270020,27355696.0000000000,18
0,239,0.0460471750,27355696.0000000000,18
0,240,0.0418884000,30347312.0000000000,18
0,241,0.1128890130,30347312.0000000000,29
0,242,0.0395485650,30347312.0000000000,29
0,243,0.0413224620,30347312.0000000000,29
0,244,0.1233316760,30347312.0000000000,7
0,245,0.0348913860,30347312.0000000000,7
0,246,0.0310260310,30347312.0000000000,7
0,247,0.1081923790,30347312.0000000000,31
0,248,0.0410158990,30347312.0000000000,31
0,249,0.0448965930,27355696.0000000000,31
0,250,0.1168772990,27355696.0000000000,0
0,251,0.0309549740,27355696.0000000000,0
0,252,0.0398924100,30347312.0000000000,29
0,253,0.0393496830,30347312.0000000000,29
0,254,0.0401378750,30347312.0000000000,29
0,255,0.0335209860,30347312.0000000000,7
0,256,0.0344676430,30347312.0000000000,7
0,257,0.0344364190,30347312.0000000000,7
0,258,0.0470425050,30347312.0000000000,31
0,259,0.0465283810,30347312.0000000000,31
0,260,0.0367182670,30347312.0000000000,0
0,261,0.0382229650,27355696.0000000000,0
0,262,0.0318136010,27355696.0000000000,0
0,263,0.0343098380,27355696.0000000000,0
0,264,0.0411334810,30347312.0000000000,29
0,265,0.0349966520,30347312.0000000000,29
0,266,0.0382315040,30347312.0000000000,7
0,267,0.0377766850,30347312.0000000000,7
0,268,0.0349163070,30347312.0000000000,7
0,269,0.0470448970,30347312.0000000000,31
0,270,0.0469731700,30347312.0000000000,31
0,271,0.0472917940,30347312.0000000000,31
0,272,0.0401083780,30347312.0000000000,0
0,273,0.0360259910,27355696.0000000000,0
0,274,0.0359797640,27355696.0000000000,0
0,275,0.0360412230,27355696.0000000000,0
50,0,5.5151842799,159680448.0000000000,19
50,1,5.5796990322,159688848.0000000000,19
50,2,4.8224682841,159689952.0000000000,19
50,3,4.2410601486,159689728.0000000000,19
50,4,4.7386137798,159689808.0000000000,1
50,5,4.2217884926,159686208.0000000000,1
50,6,3.7745155098,159687728.0000000000,1
50,7,4.8338934219,159692672.0000000000,22
50,8,5.6375714467,159691120.0000000000,8
50,9,5.1598682618,143764560.0000000000,8
50,10,7.4782063398,143766688.0000000000,17
50,11,7.4360261205,143754560.0000000000,17
50,12,5.6451810931,240044816.0000000000,19
50,13,5.6607944762,240065088.0000000000,19
50,14,5.7006713243,240061168.0000000000,19
50,15,5.7281478164,240063168.0000000000,19
50,16,7.0079073583,240063280.0000000000,1
50,17,5.8337213761,240065472.0000000000,1
50,18,5.7600141133,240063312.0000000000,1
50,19,8.0858162662,240063408.0000000000,8
50,20,6.3277704298,240062064.0000000000,8
50,21,5.2666171850,216102320.0000000000,8
50,22,11.0899183465,216099168.0000000000,17
50,23,11.0730955592,216084944.0000000000,17
50,24,6.9295288939,240049360.0000000000,20
50,25,5.6669031655,240063376.0000000000,20
50,26,5.6451970869,240062624.0000000000,20
50,27,5.6419868748,240062832.0000000000,20
50,28,5.7695820443,240062176.0000000000,1
50,29,5.7720142958,240061616.0000000000,1
50,30,12.1966632583,240065760.0000000000,21
50,31,5.7797808438,240062352.0000000000,8
50,32,5.7386847625,240065744.0000000000,8
50,33,5.2076109926,216097696.0000000000,8
50,34,11.1063022413,216100560.0000000000,17
50,35,11.1636221328,216086736.0000000000,17
50,36,6.5240829471,240053648.0000000000,20
50,37,6.1180095286,240062736.0000000000,20
50,38,5.7050679416,240062288.0000000000,20
50,39,5.7510790673,240062512.0000000000,20
50,40,5.7566741618,240061264.0000000000,1
50,41,12.3013012903,240065120.0000000000,21
50,42,12.3427249906,240060512.0000000000,21
50,43,5.7373768102,240064080.0000000000,8
50,44,12.4017892124,240062128.0000000000,17
50,45,11.2450656472,216099152.0000000000,17
50,46,11.1873967407,216103760.0000000000,17
50,47,6.4322604550,216085472.0000000000,9
50,48,12.2596337654,240045376.0000000000,21
50,49,12.2120523294,240065984.0000000000,21
50,50,12.1981563451,240065472.0000000000,21
50,51,12.1842194489,240064368.0000000000,21
50,52,7.1864869434,240065408.0000000000,2
50,53,7.0652587180,240065824.0000000000,2
50,54,6.9995857567,240064976.0000000000,22
50,55,5.7438270320,240062480.0000000000,9
50,56,5.7315477912,240064528.0000000000,9
50,57,5.2011050377,216100496.0000000000,9
50,58,6.5240491487,216098880.0000000000,15
50,59,6.4607016426,216086768.0000000000,15
50,60,10.2031672276,240053808.0000000000,21
50,61,6.2165960436,240062768.0000000000,2
50,62,6.6945983944,240059680.0000000000,2
50,63,5.7391574489,240063568.0000000000,2
50,64,7.0383923230,240064640.0000000000,22
50,65,5.7880391483,240066160.0000000000,22
50,66,5.6653844584,240059568.0000000000,22
50,67,6.2893739343,240065056.0000000000,9
50,68,6.4713998038,240062704.0000000000,9
50,69,5.2106210218,216098032.0000000000,9
50,70,6.4409639436,216101888.0000000000,15
50,71,5.2066553396,216084208.0000000000,15
50,72,5.7292050524,240047680.0000000000,2
50,73,5.7071974054,240062352.0000000000,2
50,74,5.6837453385,240065072.0000000000,2
50,75,6.3685838162,240062784.0000000000,2
50,76,5.6551097561,240060080.0000000000,22
50,77,5.6499641508,240060688.0000000000,22
50,78,5.6477690204,240064976.0000000000,22
50,79,5.7635571780,240064320.0000000000,9
50,80,5.7383751918,240062160.0000000000,9
50,81,5.1453231828,216104304.0000000000,15
50,82,5.1343970034,216099664.0000000000,15
50,83,5.1196812273,216087120.0000000000,15
50,84,1.9550561162,89817616.0000000000,15
50,85,1.9660082022,89823248.0000000000,15
50,86,4.1487063922,89819776.0000000000,23
50,87,4.1309405277,89822960.0000000000,23
50,88,3.1358098862,89822800.0000000000,3
50,89,2.8852718217,89822992.0000000000,3
50,90,2.5573970107,89819376.0000000000,3
50,91,2.9752130359,89822368.0000000000,4
50,92,2.9165203165,89820640.0000000000,4
50,93,3.7547631543,80881712.0000000000,12
50,94,3.7889717101,80881408.0000000000,12
50,95,3.8464445308,80879984.0000000000,12
50,96,0.5727886919,30347312.0000000000,23
50,97,0.5309267493,30347312.0000000000,23
50,98,0.5177840677,30347312.0000000000,23
50,99,0.5112137588,30347312.0000000000,23
50,100,0.5006277889,30347312.0000000000,3
50,101,0.4695812584,30347312.0000000000,3
50,102,0.4567650939,30347312.0000000000,3
50,103,0.6088519722,30347312.0000000000,12
50,104,0.6681176093,30347312.0000000000,12
50,105,0.6511197457,27355696.0000000000,12
50,106,0.6054238583,27355696.0000000000,13
50,107,0.6313565315,27355696.0000000000,13
50,108,0.5112453644,30347312.0000000000,23
50,109,0.5410454524,30347312.0000000000,23
50,110,0.4683251052,30347312.0000000000,3
50,111,0.4658131021,30347312.0000000000,3
50,112,0.4613798933,30347312.0000000000,3
50,113,0.5333030271,30347312.0000000000,24
50,114,0.5022392694,30347312.0000000000,24
50,115,0.6568735339,30347312.0000000000,12
50,116,0.6216238654,30347312.0000000000,12
50,117,0.5781341191,27355696.0000000000,12
50,118,0.6473477113,27355696.0000000000,13
50,119,0.6526989653,27355696.0000000000,13
50,120,0.4709354743,30347312.0000000000,24
50,121,0.4345973603,30347312.0000000000,24
50,122,0.4312614294,30347312.0000000000,24
50,123,0.4537466935,30347312.0000000000,24
50,124,0.5186118393,30347312.0000000000,25
50,125,0.4716963618,30347312.0000000000,4
50,126,0.4664029678,30347312.0000000000,4
50,127,0.6670949165,30347312.0000000000,13
50,128,0.6701369469,30347312.0000000000,13
50,129,0.6599160123,27355696.0000000000,13
50,130,0.6153988543,27355696.0000000000,16
50,131,0.6272461875,27355696.0000000000,16
50,132,0.5130906547,30347312.0000000000,24
50,133,0.5080104362,30347312.0000000000,24
50,134,0.4932349787,30347312.0000000000,25
50,135,0.4519261098,30347312.0000000000,25
50,136,0.4298226021,30347312.0000000000,25
50,137,0.4609512886,30347312.0000000000,4
50,138,0.4654301477,30347312.0000000000,4
50,139,0.6650723054,30347312.0000000000,13
50,140,0.6352430886,30347312.0000000000,13
50,141,0.6142065223,27355696.0000000000,16
50,142,0.5890430334,27355696.0000000000,16
50,143,0.5666973338,27355696.0000000000,16
50,144,0.4487189600,30347312.0000000000,25
50,145,0.4280204671,30347312.0000000000,25
50,146,0.4207857155,30347312.0000000000,25
50,147,0.4134764970,30347312.0000000000,25
50,148,0.5095459682,30347312.0000000000,4
50,149,0.4749960211,30347312.0000000000,4
50,150,0.4309095944,30347312.0000000000,4
50,151,0.5728125954,30347312.0000000000,16
50,152,0.5819103562,30347312.0000000000,16
50,153,0.5593529479,27355696.0000000000,16
50,154,0.5660510863,27355696.0000000000,16
50,155,0.5383185934,27355696.0000000000,30
50,156,0.5767735055,30347312.0000000000,30
50,157,0.5472405102,30347312.0000000000,30
50,158,0.5138135112,30347312.0000000000,30
50,159,0.4684156062,30347312.0000000000,30
50,160,0.6517157782,30347312.0000000000,5
50,161,0.6663187966,30347312.0000000000,5
50,162,0.6706625516,30347312.0000000000,5
50,163,0.5325332028,30347312.0000000000,10
50,164,0.5343417228,30347312.0000000000,10
50,165,0.5199194539,27355696.0000000000,10
50,166,0.4539162126,27355696.0000000000,14
50,167,0.4320964760,27355696.0000000000,14
50,168,0.4518789839,30347312.0000000000,30
50,169,0.4309759613,30347312.0000000000,30
50,170,0.4253695215,30347312.0000000000,30
50,171,0.6577085155,30347312.0000000000,5
50,172,0.6574696853,30347312.0000000000,5
50,173,0.4726224607,30347312.0000000000,26
50,174,0.4583888765,30347312.0000000000,26
50,175,0.5351072822,30347312.0000000000,10
50,176,0.5277615743,30347312.0000000000,10
50,177,0.4950283697,27355696.0000000000,10
50,178,0.4701037526,27355696.0000000000,14
50,179,0.5070904666,27355696.0000000000,14
50,180,0.6561155186,30347312.0000000000,5
50,181,0.6445948875,30347312.0000000000,5
50,182,0.6234392941,30347312.0000000000,5
50,183,0.5814518427,30347312.0000000000,5
50,184,0.4115909640,30347312.0000000000,26
50,185,0.4408353655,30347312.0000000000,26
50,186,0.5018293218,30347312.0000000000,26
50,187,0.4862099603,30347312.0000000000,10
50,188,0.4664008101,30347312.0000000000,10
50,189,0.4411147261,27355696.0000000000,10
50,190,0.5139737682,27355696.0000000000,14
50,191,0.5088608830,27355696.0000000000,14
50,192,0.5076135380,30347312.0000000000,26
50,193,0.5145651900,30347312.0000000000,26
50,194,0.5499993848,30347312.0000000000,27
50,195,0.5361082289,30347312.0000000000,27
50,196,0.6494259437,30347312.0000000000,6
50,197,0.6633959603,30347312.0000000000,6
50,198,0.7263272920,30347312.0000000000,6
50,199,0.5320130503,30347312.0000000000,14
50,200,0.5331666643,30347312.0000000000,14
50,201,0.5766930912,27355696.0000000000,11
50,202,0.5541296012,27355696.0000000000,18
50,203,0.5914917119,27355696.0000000000,18
50,204,0.5251404428,30347312.0000000000,26
50,205,0.5002275144,30347312.0000000000,27
50,206,0.4785799723,30347312.0000000000,27
50,207,0.4816774258,30347312.0000000000,27
50,208,0.7793713817,30347312.0000000000,6
50,209,0.4104067163,30347312.0000000000,28
50,210,0.4061928958,30347312.0000000000,28
50,211,0.5367440035,30347312.0000000000,14
50,212,0.5937685833,30347312.0000000000,11
50,213,0.6143772292,27355696.0000000000,11
50,214,0.5982598017,27355696.0000000000,18
50,215,0.6186907283,27355696.0000000000,18
50,216,0.4744906014,30347312.0000000000,27
50,217,0.5002664809,30347312.0000000000,27
50,218,0.7922602990,30347312.0000000000,6
50,219,0.8050831861,30347312.0000000000,6
50,220,0.4082700144,30347312.0000000000,28
50,221,0.4027071917,30347312.0000000000,28
50,222,0.4076210017,30347312.0000000000,28
50,223,0.6415158844,30347312.0000000000,11
50,224,0.6611471251,30347312.0000000000,11
50,225,0.6527996459,27355696.0000000000,11
50,226,0.6376616452,27355696.0000000000,18
50,227,0.6461881140,27355696.0000000000,18
50,228,0.4809225220,30347312.0000000000,27
50,229,0.8174745198,30347312.0000000000,6
50,230,0.8162931237,30347312.0000000000,6
50,231,0.8147725357,30347312.0000000000,6
50,232,0.4102855426,30347312.0000000000,28
50,233,0.4336113618,30347312.0000000000,28
50,234,0.4948026806,30347312.0000000000,28
50,235,0.7063564834,30347312.0000000000,11
50,236,0.7328297911,30347312.0000000000,11
50,237,0.7262436004,27355696.0000000000,11
50,238,0.6659138079,27355696.0000000000,18
50,239,0.7014557869,27355696.0000000000,18
50,240,0.7305151963,30347312.0000000000,18
50,241,0.4176246724,30347312.0000000000,29
50,242,0.4240603294,30347312.0000000000,29
50,243,0.4184360312,30347312.0000000000,29
50,244,0.4996511852,30347312.0000000000,7
50,245,0.5386184237,30347312.0000000000,7
50,246,0.5337538623,30347312.0000000000,7
50,247,0.4385381158,30347312.0000000000,31
50,248,0.4595245883,30347312.0000000000,31
50,249,0.4495106977,27355696.0000000000,31
50,250,0.4574604469,27355696.0000000000,0
50,251,0.4920411348,27355696.0000000000,0
50,252,0.4130997679,30347312.0000000000,29
50,253,0.4109338655,30347312.0000000000,29
50,254,0.4045304596,30347312.0000000000,29
50,255,0.5634607765,30347312.0000000000,7
50,256,0.5693558541,30347312.0000000000,7
50,257,0.5903224266,30347312.0000000000,7
50,258,0.4381158418,30347312.0000000000,31
50,259,0.4380842346,30347312.0000000000,31
50,260,0.5150415719,30347312.0000000000,0
50,261,0.5072009240,27355696.0000000000,0
50,262,0.5119250176,27355696.0000000000,0
50,263,0.5200693143,27355696.0000000000,0
50,264,0.4133611815,30347312.0000000000,29
50,265,0.4247450194,30347312.0000000000,29
50,266,0.6054739991,30347312.0000000000,7
50,267,0.6081086590,30347312.0000000000,7
50,268,0.5953922770,30347312.0000000000,7
50,269,0.4441778604,30347312.0000000000,31
50,270,0.4647946339,30347312.0000000000,31
50,271,0.5212858974,30347312.0000000000,31
50,272,0.5301006310,30347312.0000000000,0
50,273,0.5220683805,27355696.0000000000,0
50,274,0.5357705794,27355696.0000000000,0
50,275,0.5125957702,27355696.0000000000,0
100,0,0.2330236680,159648640.0000000000,12
100,1,0.3339057430,159673040.0000000000,28
100,2,0.3256768750,159656224.0000000000,0
100,3,0.2456187000,159661840.0000000000,25
100,4,0.3142468120,159671776.0000000000,18
100,5,0.2787041810,159676544.0000000000,14
100,6,0.2626832880,159700736.0000000000,22
100,7,0.2708495510,159712496.0000000000,8
100,8,0.2555710830,159722912.0000000000,4
100,9,0.2585489830,143783824.0000000000,3
100,10,0.2413934280,143777664.0000000000,0
100,11,0.2280699640,143750896.0000000000,8
100,12,0.3982974270,240021568.0000000000,10
100,13,0.4312725860,240058800.0000000000,11
100,14,0.4321590540,240068224.0000000000,16
100,15,0.4000693740,240059152.0000000000,17
100,16,0.3476271870,240062512.0000000000,15
100,17,0.3666207380,240067664.0000000000,30
100,18,0.3173415720,240059200.0000000000,15
100,19,0.3691704040,240062848.0000000000,18
100,20,0.3350566560,240064416.0000000000,24
100,21,0.3979085170,216100608.0000000000,13
100,22,0.3151326350,216100240.0000000000,14
100,23,0.3441029610,216061104.0000000000,17
100,24,0.2975024260,240029152.0000000000,19
100,25,0.4295538240,240064304.0000000000,6
100,26,0.4410845910,240059904.0000000000,31
100,27,0.4154701170,240063312.0000000000,29
100,28,0.3868050550,240062544.0000000000,7
100,29,0.3782470400,240057856.0000000000,4
100,30,0.4326941670,240070352.0000000000,27
100,31,0.2976057800,240063504.0000000000,19
100,32,0.3112187900,240059840.0000000000,18
100,33,0.2205382090,216097136.0000000000,24
100,34,0.3610167610,216098864.0000000000,16
100,35,0.3650470430,216070336.0000000000,23
100,36,0.3450576260,240028064.0000000000,7
100,37,0.3445758890,240065472.0000000000,12
100,38,0.4397810330,240058624.0000000000,26
100,39,0.3845389280,240063488.0000000000,3
100,40,0.3393195790,240062816.0000000000,5
100,41,0.3747386830,240063968.0000000000,29
100,42,0.3997425160,240062512.0000000000,31
100,43,0.3352404510,240059936.0000000000,25
100,44,0.3447750730,240064192.0000000000,28
100,45,0.3173206100,216099696.0000000000,22
100,46,0.3606431270,216102064.0000000000,26
100,47,0.3104989650,216064960.0000000000,20
100,48,0.3483993290,240028800.0000000000,1
100,49,0.3977086100,240065088.0000000000,6
100,50,0.3989286140,240065712.0000000000,10
100,51,0.4002101200,240059600.0000000000,11
100,52,0.3606837530,240065104.0000000000,3
100,53,0.3810797950,240062736.0000000000,9
100,54,0.3042486410,240063376.0000000000,21
100,55,0.3875213920,240065760.0000000000,23
100,56,0.3108637000,240064432.0000000000,14
100,57,0.3019769750,216101296.0000000000,20
100,58,0.2944857720,216096464.0000000000,30
100,59,0.3321068170,216063520.0000000000,13
100,60,0.2996584920,240027136.0000000000,25
100,61,0.3332190770,240062176.0000000000,13
100,62,0.3618503020,240060272.0000000000,4
100,63,0.3556417020,240060720.0000000000,9
100,64,0.2765082640,240065968.0000000000,5
100,65,0.3257590310,240061952.0000000000,2
100,66,0.2990715970,240061168.0000000000,30
100,67,0.2989799630,240058368.0000000000,20
100,68,0.3022980380,240061168.0000000000,12
100,69,0.2573096820,216099040.0000000000,19
100,70,0.1915793660,216101616.0000000000,24
100,71,0.2728238870,216065632.0000000000,21
100,72,0.4004969850,240023392.0000000000,0
100,73,0.3936905790,240062176.0000000000,22
100,74,0.4004112080,240066992.0000000000,27
100,75,0.3171923110,240065648.0000000000,2
100,76,0.2980111650,240058480.0000000000,2
100,77,0.3832048470,240058400.0000000000,1
100,78,0.3015323320,240063408.0000000000,7
100,79,0.2840987270,240067200.0000000000,21
100,80,0.3947154050,240062400.0000000000,8
100,81,0.2638659360,216106544.0000000000,15
100,82,0.2122508540,216101120.0000000000,5
100,83,0.3633872310,216062368.0000000000,9
100,84,0.1046052780,89810256.0000000000,12
100,85,0.1064189730,89821104.0000000000,13
100,86,0.1345270290,89819072.0000000000,16
100,87,0.1358940120,89822096.0000000000,17
100,88,0.0846509760,89823968.0000000000,19
100,89,0.0878572880,89822432.0000000000,21
100,90,0.1023992790,89818880.0000000000,15
100,91,0.0699206080,89820448.0000000000,24
100,92,0.1067433680,89819600.0000000000,20
100,93,0.1229780170,80878976.0000000000,11
100,94,0.1220402020,80880480.0000000000,26
100,95,0.1230601580,80871216.0000000000,23
100,96,0.0235743130,30347312.0000000000,1
100,97,0.0230033010,30347312.0000000000,27
100,98,0.0252254180,30347312.0000000000,9
100,99,0.0210336070,30347312.0000000000,6
100,100,0.0252798970,30347312.0000000000,29
100,101,0.0222691120,30347312.0000000000,18
100,102,0.0269458430,30347312.0000000000,27
100,103,0.0231836720,30347312.0000000000,0
100,104,0.0239079280,30347312.0000000000,30
100,105,0.0240539090,27355696.0000000000,31
100,106,0.0190014980,27355696.0000000000,12
100,107,0.0223797350,27355696.0000000000,10
100,108,0.0221512650,30347312.0000000000,22
100,109,0.0225868530,30347312.0000000000,13
100,110,0.0209697220,30347312.0000000000,24
100,111,0.0195475690,30347312.0000000000,14
100,112,0.0236387920,30347312.0000000000,11
100,113,0.0224234490,30347312.0000000000,13
100,114,0.0234960620,30347312.0000000000,1
100,115,0.0228357390,30347312.0000000000,7
100,116,0.0252251060,30347312.0000000000,3
100,117,0.0246528450,27355696.0000000000,29
100,118,0.0206053720,27355696.0000000000,5
100,119,0.0241711760,27355696.0000000000,27
100,120,0.0225180320,30347312.0000000000,13
100,121,0.0229013270,30347312.0000000000,20
100,122,0.0209546400,30347312.0000000000,19
100,123,0.0231987690,30347312.0000000000,4
100,124,0.0248255190,30347312.0000000000,31
100,125,0.0206328730,30347312.0000000000,20
100,126,0.0250511690,30347312.0000000000,16
100,127,0.0220648190,30347312.0000000000,18
100,128,0.0220584480,30347312.0000000000,8
100,129,0.0246261130,27355696.0000000000,9
100,130,0.0242329260,27355696.0000000000,9
100,131,0.0222523370,27355696.0000000000,7
100,132,0.0210049320,30347312.0000000000,5
100,133,0.0204888940,30347312.0000000000,20
100,134,0.0251051480,30347312.0000000000,9
100,135,0.0230982050,30347312.0000000000,28
100,136,0.0221034730,30347312.0000000000,26
100,137,0.0193334590,30347312.0000000000,15
100,138,0.0250214910,30347312.0000000000,17
100,139,0.0232703090,30347312.0000000000,1
100,140,0.0219559990,30347312.0000000000,8
100,141,0.0228130980,27355696.0000000000,1
100,142,0.0219543360,27355696.0000000000,13
100,143,0.0225440880,27355696.0000000000,4
100,144,0.0209726420,30347312.0000000000,2
100,145,0.0209444540,30347312.0000000000,24
100,146,0.0252889860,30347312.0000000000,17
100,147,0.0195513570,30347312.0000000000,14
100,148,0.0228190250,30347312.0000000000,25
100,149,0.0220839050,30347312.0000000000,26
100,150,0.0232338080,30347312.0000000000,23
100,151,0.0201555600,30347312.0000000000,30
100,152,0.0263217900,30347312.0000000000,10
100,153,0.0193646390,27355696.0000000000,18
100,154,0.0221907870,27355696.0000000000,7
100,155,0.0246429550,27355696.0000000000,17
100,156,0.0231076360,30347312.0000000000,0
100,157,0.0233655790,30347312.0000000000,28
100,158,0.0252560890,30347312.0000000000,26
100,159,0.0233475670,30347312.0000000000,23
100,160,0.0196764450,30347312.0000000000,30
100,161,0.0225228820,30347312.0000000000,31
100,162,0.0228787840,30347312.0000000000,0
100,163,0.0209233490,30347312.0000000000,19
100,164,0.0226469810,30347312.0000000000,25
100,165,0.0220552010,27355696.0000000000,10
100,166,0.0122114960,27355696.0000000000,15
100,167,0.0168287760,27355696.0000000000,18
100,168,0.0244016910,30347312.0000000000,31
100,169,0.0237426390,30347312.0000000000,22
100,170,0.0252876450,30347312.0000000000,16
100,171,0.0250327560,30347312.0000000000,3
100,172,0.0210406910,30347312.0000000000,6
100,173,0.0234414820,30347312.0000000000,9
100,174,0.0196222720,30347312.0000000000,12
100,175,0.0196299190,30347312.0000000000,12
100,176,0.0145417220,30347312.0000000000,30
100,177,0.0224498170,27355696.0000000000,0
100,178,0.0173543980,27355696.0000000000,19
100,179,0.0134579060,27355696.0000000000,18
100,180,0.0228144300,30347312.0000000000,0
100,181,0.0252424340,30347312.0000000000,29
100,182,0.0209504980,30347312.0000000000,2
100,183,0.0219060230,30347312.0000000000,8
100,184,0.0226024270,30347312.0000000000,13
100,185,0.0210261790,30347312.0000000000,5
100,186,0.0220829050,30347312.0000000000,8
100,187,0.0248496710,30347312.0000000000,3
100,188,0.0226670070,30347312.0000000000,21
100,189,0.0220429530,27355696.0000000000,7
100,190,0.0242259120,27355696.0000000000,3
100,191,0.0201614160,27355696.0000000000,24
100,192,0.0252835440,30347312.0000000000,16
100,193,0.0233278500,30347312.0000000000,23
100,194,0.0252167090,30347312.0000000000,4
100,195,0.0226463460,30347312.0000000000,7
100,196,0.0137860370,30347312.0000000000,18
100,197,0.0220455540,30347312.0000000000,8
100,198,0.0233935240,30347312.0000000000,6
100,199,0.0247073790,30347312.0000000000,27
100,200,0.0208397240,30347312.0000000000,2
100,201,0.0204226070,27355696.0000000000,5
100,202,0.0234781410,27355696.0000000000,9
100,203,0.0204322990,27355696.0000000000,5
100,204,0.0232954890,30347312.0000000000,0
100,205,0.0227758550,30347312.0000000000,7
100,206,0.0209381850,30347312.0000000000,2
100,207,0.0231937970,30347312.0000000000,28
100,208,0.0189281320,30347312.0000000000,2
100,209,0.0220927620,30347312.0000000000,10
100,210,0.0189836060,30347312.0000000000,2
100,211,0.0131695720,30347312.0000000000,15
100,212,0.0249779990,30347312.0000000000,3
100,213,0.0242275650,27355696.0000000000,31
100,214,0.0235993120,27355696.0000000000,4
100,215,0.0227846620,27355696.0000000000,6
100,216,0.0227254040,30347312.0000000000,25
100,217,0.0252301160,30347312.0000000000,4
100,218,0.0245558210,30347312.0000000000,27
100,219,0.0240408850,30347312.0000000000,4
100,220,0.0251906580,30347312.0000000000,3
100,221,0.0208804160,30347312.0000000000,9
100,222,0.0233811100,30347312.0000000000,6
100,223,0.0232365120,30347312.0000000000,4
100,224,0.0186930540,30347312.0000000000,10
100,225,0.0183437440,27355696.0000000000,2
100,226,0.0216537740,27355696.0000000000,28
100,227,0.0235199770,27355696.0000000000,29
100,228,0.0140449720,30347312.0000000000,30
100,229,0.0236117060,30347312.0000000000,28
100,230,0.0173940120,30347312.0000000000,9
100,231,0.0210029490,30347312.0000000000,5
100,232,0.0216741920,30347312.0000000000,4
100,233,0.0164938550,30347312.0000000000,10
100,234,0.0234044980,30347312.0000000000,6
100,235,0.0235999640,30347312.0000000000,1
100,236,0.0137562030,30347312.0000000000,30
100,237,0.0244588590,27355696.0000000000,3
100,238,0.0240540090,27355696.0000000000,29
100,239,0.0220803260,27355696.0000000000,7
100,240,0.0162540450,30347312.0000000000,10
100,241,0.0219753480,30347312.0000000000,8
100,242,0.0227670630,30347312.0000000000,25
100,243,0.0196157600,30347312.0000000000,12
100,244,0.0251216260,30347312.0000000000,22
100,245,0.0172262620,30347312.0000000000,28
100,246,0.0192104030,30347312.0000000000,29
100,247,0.0176781810,30347312.0000000000,5
100,248,0.0169524950,30347312.0000000000,29
100,249,0.0228766800,27355696.0000000000,1
100,250,0.0228488870,27355696.0000000000,0
100,251,0.0239802260,27355696.0000000000,27
100,252,0.0232690450,30347312.0000000000,1
100,253,0.0236204840,30347312.0000000000,0
100,254,0.0206273040,30347312.0000000000,7
100,255,0.0152805600,30347312.0000000000,2
100,256,0.0229809460,30347312.0000000000,31
100,257,0.0226067110,30347312.0000000000,6
100,258,0.0232995640,30347312.0000000000,6
100,259,0.0183384700,30347312.0000000000,8
100,260,0.0204970690,30347312.0000000000,21
100,261,0.0155500980,27355696.0000000000,10
100,262,0.0190250240,27355696.0000000000,12
100,263,0.0228571440,27355696.0000000000,1
100,264,0.0229284620,30347312.0000000000,11
100,265,0.0204943430,30347312.0000000000,21
100,266,0.0161256990,30347312.0000000000,28
100,267,0.0247962540,30347312.0000000000,27
100,268,0.0135173990,30347312.0000000000,18
100,269,0.0250985900,30347312.0000000000,3
100,270,0.0137494900,30347312.0000000000,30
100,271,0.0226855450,30347312.0000000000,14
100,272,0.0250553240,30347312.0000000000,31
100,273,0.0155697360,27355696.0000000000,8
100,274,0.0160536690,27355696.0000000000,5
100,275,0.0141058940,27355696.0000000000,15
150,0,7.9220643197,159603072.0000000000,12
150,1,8.3918832326,159624528.0000000000,28
150,2,8.4648024395,159589456.0000000000,0
150,3,8.0452626789,159591632.0000000000,25
150,4,8.2867044567,159627584.0000000000,18
150,5,8.1866893942,159660960.0000000000,14
150,6,8.5921586198,159729072.0000000000,22
150,7,8.5241233536,159788432.0000000000,8
150,8,8.1905778041,159814864.0000000000,4
150,9,7.7676702376,143865472.0000000000,3
150,10,7.7163176957,143836352.0000000000,0
150,11,7.7088292807,143773744.0000000000,8
150,12,12.4926711936,240004192.0000000000,10
150,13,12.2914383960,240063136.0000000000,11
150,14,12.2696504447,240068864.0000000000,16
150,15,12.3442785513,240060384.0000000000,17
150,16,12.3649331640,240061376.0000000000,15
150,17,12.4663348008,240066912.0000000000,30
150,18,10.7809110214,240061616.0000000000,15
150,19,12.5318807584,240066048.0000000000,18
150,20,10.5751120314,240067552.0000000000,24
150,21,11.2619330443,216102368.0000000000,13
150,22,10.8547566290,216098928.0000000000,14
150,23,11.3512912896,216045584.0000000000,17
150,24,12.1909740555,240021088.0000000000,19
150,25,12.5062835806,240063472.0000000000,6
150,26,12.5213483239,240060720.0000000000,31
150,27,12.5522634166,240063968.0000000000,29
150,28,12.4563218893,240063904.0000000000,7
150,29,12.5745378945,240063440.0000000000,4
150,30,12.3764396578,240064864.0000000000,27
150,31,10.5658986773,240064400.0000000000,19
150,32,12.0868640023,240061968.0000000000,18
150,33,8.4703614240,216099760.0000000000,24
150,34,11.3461827099,216096832.0000000000,16
150,35,11.2615299346,216058912.0000000000,23
150,36,12.5880775589,240021424.0000000000,7
150,37,11.8667225462,240062880.0000000000,12
150,38,12.3332343681,240060368.0000000000,26
150,39,12.6108488598,240064336.0000000000,3
150,40,12.3761863319,240062224.0000000000,5
150,41,12.6545859347,240063616.0000000000,29
150,42,12.6387590314,240064304.0000000000,31
150,43,11.7180825077,240062624.0000000000,25
150,44,12.5074280155,240063968.0000000000,28
150,45,11.3333098153,216099248.0000000000,22
150,46,11.3625117966,216103296.0000000000,26
150,47,11.2709103205,216057616.0000000000,20
150,48,12.2789352241,240022192.0000000000,1
150,49,12.5401907519,240061280.0000000000,6
150,50,12.5418401132,240068448.0000000000,10
150,51,12.5580559648,240060560.0000000000,11
150,52,12.6159124986,240064112.0000000000,3
150,53,12.3069589938,240063456.0000000000,9
150,54,12.3230414438,240062832.0000000000,21
150,55,12.5721189306,240065472.0000000000,23
150,56,10.7184488701,240062352.0000000000,14
150,57,10.1796704058,216100240.0000000000,20
150,58,10.4015701265,216097072.0000000000,30
150,59,11.2776981526,216056848.0000000000,13
150,60,10.2368688027,240017312.0000000000,25
150,61,12.1087313666,240062960.0000000000,13
150,62,10.8786173516,240061440.0000000000,4
150,63,12.6190189564,240067328.0000000000,9
150,64,10.7957458527,240063216.0000000000,5
150,65,12.0502357527,240062736.0000000000,2
150,66,9.6977499948,240064624.0000000000,30
150,67,9.6183782428,240058848.0000000000,20
150,68,10.7418214992,240061296.0000000000,12
150,69,8.4437720260,216101616.0000000000,19
150,70,8.4507661405,216101600.0000000000,24
150,71,9.7365900957,216057600.0000000000,21
150,72,12.6671296006,240009664.0000000000,0
150,73,12.4864038077,240057264.0000000000,22
150,74,12.6015265127,240072592.0000000000,27
150,75,10.8169402763,240062432.0000000000,2
150,76,9.3202417625,240063520.0000000000,2
150,77,12.4216540852,240056848.0000000000,1
150,78,10.9003385176,240063824.0000000000,7
150,79,9.3733247899,240067328.0000000000,21
150,80,12.5772126281,240061696.0000000000,8
150,81,8.5138175851,216111248.0000000000,15
150,82,8.5694218674,216098880.0000000000,5
150,83,11.4657066057,216046352.0000000000,9
150,84,3.5105898496,89805408.0000000000,12
150,85,3.9237051590,89824256.0000000000,13
150,86,4.4990405207,89815216.0000000000,16
150,87,4.3721583685,89824816.0000000000,17
150,88,3.3164408804,89822384.0000000000,19
150,89,3.3367858306,89824080.0000000000,21
150,90,3.1815373358,89818672.0000000000,15
150,91,3.0867777844,89822160.0000000000,24
150,92,3.2625807529,89820224.0000000000,20
150,93,4.0057621882,80879088.0000000000,11
150,94,4.0127742830,80879264.0000000000,26
150,95,3.9396919666,80866896.0000000000,23
150,96,0.7080360703,30347312.0000000000,1
150,97,0.8010322715,30347312.0000000000,27
150,98,0.8155022130,30347312.0000000000,9
150,99,0.7156958346,30347312.0000000000,6
150,100,0.8217954979,30347312.0000000000,29
150,101,0.6911533023,30347312.0000000000,18
150,102,0.8027294764,30347312.0000000000,27
150,103,0.8225131271,30347312.0000000000,0
150,104,0.7761799236,30347312.0000000000,30
150,105,0.7886237569,27355696.0000000000,31
150,106,0.6868561695,27355696.0000000000,12
150,107,0.7368669307,27355696.0000000000,10
150,108,0.6549123535,30347312.0000000000,22
150,109,0.7427516862,30347312.0000000000,13
150,110,0.6945129521,30347312.0000000000,24
150,111,0.6386789843,30347312.0000000000,14
150,112,0.7506205653,30347312.0000000000,11
150,113,0.7448270231,30347312.0000000000,13
150,114,0.7090164086,30347312.0000000000,1
150,115,0.7571580928,30347312.0000000000,7
150,116,0.8236122350,30347312.0000000000,3
150,117,0.8000550334,27355696.0000000000,29
150,118,0.6781523203,27355696.0000000000,5
150,119,0.7852778677,27355696.0000000000,27
150,120,0.7520106000,30347312.0000000000,13
150,121,0.7417576321,30347312.0000000000,20
150,122,0.7504812042,30347312.0000000000,19
150,123,0.7485207312,30347312.0000000000,4
150,124,0.8065409898,30347312.0000000000,31
150,125,0.6612460707,30347312.0000000000,20
150,126,0.8134137002,30347312.0000000000,16
150,127,0.8246280771,30347312.0000000000,18
150,128,0.7933920675,30347312.0000000000,8
150,129,0.7589110072,27355696.0000000000,9
150,130,0.7559625075,27355696.0000000000,9
150,131,0.7281583853,27355696.0000000000,7
150,132,0.6866920331,30347312.0000000000,5
150,133,0.6638645862,30347312.0000000000,20
150,134,0.8153980260,30347312.0000000000,9
150,135,0.7555372691,30347312.0000000000,28
150,136,0.7126228310,30347312.0000000000,26
150,137,0.6676646865,30347312.0000000000,15
150,138,0.8144397381,30347312.0000000000,17
150,139,0.7527905384,30347312.0000000000,1
150,140,0.7944210032,30347312.0000000000,8
150,141,0.7417934109,27355696.0000000000,1
150,142,0.7289521927,27355696.0000000000,13
150,143,0.7281689707,27355696.0000000000,4
150,144,0.6721542261,30347312.0000000000,2
150,145,0.6933557090,30347312.0000000000,24
150,146,0.8203624418,30347312.0000000000,17
150,147,0.6539532472,30347312.0000000000,14
150,148,0.7460143019,30347312.0000000000,25
150,149,0.7022766036,30347312.0000000000,26
150,150,0.7543067823,30347312.0000000000,23
150,151,0.6581478015,30347312.0000000000,30
150,152,0.8208436683,30347312.0000000000,10
150,153,0.6792916359,27355696.0000000000,18
150,154,0.7279500104,27355696.0000000000,7
150,155,0.8037841638,27355696.0000000000,17
150,156,0.8214121819,30347312.0000000000,0
150,157,0.7589934675,30347312.0000000000,28
150,158,0.8207881778,30347312.0000000000,26
150,159,0.7610490141,30347312.0000000000,23
150,160,0.6340455127,30347312.0000000000,30
150,161,0.7963256838,30347312.0000000000,31
150,162,0.8137456280,30347312.0000000000,0
150,163,0.6790039209,30347312.0000000000,19
150,164,0.7363109885,30347312.0000000000,25
150,165,0.7498937354,27355696.0000000000,10
150,166,0.4342338653,27355696.0000000000,15
150,167,0.6028966612,27355696.0000000000,18
150,168,0.8046158306,30347312.0000000000,31
150,169,0.7540059698,30347312.0000000000,22
150,170,0.8201959110,30347312.0000000000,16
150,171,0.8206983748,30347312.0000000000,3
150,172,0.7175576401,30347312.0000000000,6
150,173,0.7679710608,30347312.0000000000,9
150,174,0.7215461616,30347312.0000000000,12
150,175,0.7197195281,30347312.0000000000,12
150,176,0.4779723166,30347312.0000000000,30
150,177,0.7773077507,27355696.0000000000,0
150,178,0.6389860945,27355696.0000000000,19
150,179,0.4961881699,27355696.0000000000,18
150,180,0.7908903767,30347312.0000000000,0
150,181,0.8201752931,30347312.0000000000,29
150,182,0.6786103574,30347312.0000000000,2
150,183,0.7818870227,30347312.0000000000,8
150,184,0.7552667299,30347312.0000000000,13
150,185,0.6900891978,30347312.0000000000,5
150,186,0.7997983549,30347312.0000000000,8
150,187,0.8104725192,30347312.0000000000,3
150,188,0.7352375577,30347312.0000000000,21
150,189,0.7183371425,27355696.0000000000,7
150,190,0.7915101705,27355696.0000000000,3
150,191,0.6673966001,27355696.0000000000,24
150,192,0.8205122404,30347312.0000000000,16
150,193,0.7594103779,30347312.0000000000,23
150,194,0.7491090043,30347312.0000000000,4
150,195,0.7430314168,30347312.0000000000,7
150,196,0.4938163920,30347312.0000000000,18
150,197,0.7497306113,30347312.0000000000,8
150,198,0.7600028978,30347312.0000000000,6
150,199,0.8100896433,30347312.0000000000,27
150,200,0.6721466019,30347312.0000000000,2
150,201,0.6604376241,27355696.0000000000,5
150,202,0.7156257601,27355696.0000000000,9
150,203,0.6257261199,27355696.0000000000,5
150,204,0.7955553268,30347312.0000000000,0
150,205,0.7451274663,30347312.0000000000,7
150,206,0.6685632782,30347312.0000000000,2
150,207,0.7545791161,30347312.0000000000,28
150,208,0.6614481155,30347312.0000000000,2
150,209,0.7220875494,30347312.0000000000,10
150,210,0.6445968762,30347312.0000000000,2
150,211,0.4574681902,30347312.0000000000,15
150,212,0.8083768383,30347312.0000000000,3
150,213,0.7843856060,27355696.0000000000,31
150,214,0.7184613229,27355696.0000000000,4
150,215,0.7408346491,27355696.0000000000,6
150,216,0.7398295588,30347312.0000000000,25
150,217,0.7446260587,30347312.0000000000,4
150,218,0.8082152560,30347312.0000000000,27
150,219,0.7456149675,30347312.0000000000,4
150,220,0.7970006458,30347312.0000000000,3
150,221,0.6742041225,30347312.0000000000,9
150,222,0.7582899507,30347312.0000000000,6
150,223,0.7370118852,30347312.0000000000,4
150,224,0.6550018099,30347312.0000000000,10
150,225,0.6231327610,27355696.0000000000,2
150,226,0.7072196234,27355696.0000000000,28
150,227,0.7567344361,27355696.0000000000,29
150,228,0.4597762812,30347312.0000000000,30
150,229,0.7445393227,30347312.0000000000,28
150,230,0.5128650814,30347312.0000000000,9
150,231,0.6468699020,30347312.0000000000,5
150,232,0.6468598056,30347312.0000000000,4
150,233,0.5562884913,30347312.0000000000,10
150,234,0.7623162037,30347312.0000000000,6
150,235,0.7684444721,30347312.0000000000,1
150,236,0.4492030754,30347312.0000000000,30
150,237,0.7817588633,27355696.0000000000,3
150,238,0.7516000309,27355696.0000000000,29
150,239,0.7191949813,27355696.0000000000,7
150,240,0.5389660985,30347312.0000000000,10
150,241,0.7723705336,30347312.0000000000,8
150,242,0.7358729071,30347312.0000000000,25
150,243,0.7205385664,30347312.0000000000,12
150,244,0.7467139067,30347312.0000000000,22
150,245,0.5813769970,30347312.0000000000,28
150,246,0.6226327772,30347312.0000000000,29
150,247,0.5183284613,30347312.0000000000,5
150,248,0.5551125509,30347312.0000000000,29
150,249,0.7443370476,27355696.0000000000,1
150,250,0.7782220717,27355696.0000000000,0
150,251,0.7793655022,27355696.0000000000,27
150,252,0.7615119767,30347312.0000000000,1
150,253,0.8211028082,30347312.0000000000,0
150,254,0.7000338261,30347312.0000000000,7
150,255,0.5525339241,30347312.0000000000,2
150,256,0.7937337993,30347312.0000000000,31
150,257,0.7560716100,30347312.0000000000,6
150,258,0.8208097572,30347312.0000000000,6
150,259,0.6659184818,30347312.0000000000,8
150,260,0.6470913532,30347312.0000000000,21
150,261,0.5194312826,27355696.0000000000,10
150,262,0.7025768175,27355696.0000000000,12
150,263,0.7475095589,27355696.0000000000,1
150,264,0.7567405673,30347312.0000000000,11
150,265,0.6619888955,30347312.0000000000,21
150,266,0.5377141212,30347312.0000000000,28
150,267,0.8024304666,30347312.0000000000,27
150,268,0.4927497179,30347312.0000000000,18
150,269,0.7846823771,30347312.0000000000,3
150,270,0.4499914787,30347312.0000000000,30
150,271,0.7310737111,30347312.0000000000,14
150,272,0.7550118922,30347312.0000000000,31
150,273,0.5288467798,27355696.0000000000,8
150,274,0.5071203414,27355696.0000000000,5
150,275,0.4372819850,27355696.0000000000,15
200,0,0.2602307710,159463408.0000000000,0
200,1,0.2648349120,159461872.0000000000,14
200,2,0.2575461250,159374192.0000000000,17
200,3,0.2901621650,159393872.0000000000,6
200,4,0.2934741070,159516128.0000000000,20
200,5,0.2757259650,159623312.0000000000,12
200,6,0.2833232390,159767152.0000000000,2
200,7,0.2687457500,159901104.0000000000,19
200,8,0.2770381130,160002128.0000000000,13
200,9,0.2502695000,144044672.0000000000,1
200,10,0.2543919750,143960000.0000000000,9
200,11,0.2404533960,143841840.0000000000,3
200,12,0.3896185030,239980912.0000000000,1
200,13,0.3903456280,240065872.0000000000,27
200,14,0.3996077080,240073056.0000000000,31
200,15,0.3904014250,240062256.0000000000,22
200,16,0.4017959640,240061264.0000000000,31
200,17,0.3866026390,240071248.0000000000,24
200,18,0.3554461830,240057552.0000000000,15
200,19,0.3959141280,240060848.0000000000,13
200,20,0.3668161390,240072816.0000000000,18
200,21,0.3605179610,216103520.0000000000,0
200,22,0.3385501600,216095584.0000000000,13
200,23,0.3518676240,216024336.0000000000,21
200,24,0.3970366330,240011888.0000000000,28
200,25,0.3889870380,240062448.0000000000,6
200,26,0.3998552910,240061840.0000000000,0
200,27,0.3967479690,240062400.0000000000,3
200,28,0.4021464360,240064048.0000000000,21
200,29,0.3908936570,240060544.0000000000,25
200,30,0.3881205990,240064768.0000000000,23
200,31,0.3643428640,240065232.0000000000,17
200,32,0.3906695150,240062288.0000000000,29
200,33,0.2993522910,216098144.0000000000,15
200,34,0.3510198680,216099008.0000000000,11
200,35,0.3650028410,216049504.0000000000,1
200,36,0.3965215590,240015072.0000000000,12
200,37,0.4001433860,240060624.0000000000,22
200,38,0.3857628170,240062048.0000000000,26
200,39,0.3440640250,240062960.0000000000,18
200,40,0.3935212310,240063968.0000000000,30
200,41,0.3911375000,240058144.0000000000,10
200,42,0.3919315230,240060336.0000000000,4
200,43,0.4002816450,240063856.0000000000,23
200,44,0.3910099960,240060288.0000000000,8
200,45,0.3604989510,216099824.0000000000,25
200,46,0.3634125750,216102896.0000000000,9
200,47,0.3638253110,216046064.0000000000,6
200,48,0.3846376060,240013536.0000000000,29
200,49,0.4001129560,240063296.0000000000,20
200,50,0.4002976560,240065712.0000000000,14
200,51,0.3916765390,240058448.0000000000,16
200,52,0.3850042490,240062080.0000000000,19
200,53,0.3855478730,240063184.0000000000,28
200,54,0.4005714400,240064416.0000000000,30
200,55,0.2952293950,240061712.0000000000,15
200,56,0.3915767560,240064992.0000000000,14
200,57,0.3330337200,216099360.0000000000,4
200,58,0.3117223230,216095680.0000000000,19
200,59,0.3622070430,216050224.0000000000,3
200,60,0.3951211110,240009056.0000000000,2
200,61,0.4001126030,240061248.0000000000,27
200,62,0.3965990680,240057920.0000000000,8
200,63,0.3661896520,240068112.0000000000,2
200,64,0.3998349010,240058928.0000000000,20
200,65,0.3990759500,240066384.0000000000,26
200,66,0.3878147860,240064416.0000000000,5
200,67,0.3459888090,240055792.0000000000,5
200,68,0.3901423970,240063264.0000000000,7
200,69,0.3611119310,216102112.0000000000,16
200,70,0.3077926610,216100944.0000000000,8
200,71,0.3602667450,216048848.0000000000,10
200,72,0.3142676850,239988256.0000000000,5
200,73,0.3994434920,240057040.0000000000,11
200,74,0.3231345210,240072144.0000000000,17
200,75,0.3419046880,240062928.0000000000,16
200,76,0.3371224740,240054864.0000000000,4
200,77,0.3944052400,240061392.0000000000,9
200,78,0.3960621940,240062112.0000000000,12
200,79,0.3374739240,240065632.0000000000,10
200,80,0.3593818950,240058208.0000000000,7
200,81,0.2909485720,216113600.0000000000,7
200,82,0.2697579780,216094336.0000000000,18
200,83,0.3640676650,216024672.0000000000,24
200,84,0.1348257990,89795696.0000000000,26
200,85,0.1374920470,89821456.0000000000,22
200,86,0.1409347580,89817872.0000000000,11
200,87,0.1352845460,89823856.0000000000,21
200,88,0.1340863720,89824048.0000000000,27
200,89,0.1188632160,89823920.0000000000,28
200,90,0.1275140440,89817536.0000000000,30
200,91,0.1320488950,89825040.0000000000,31
200,92,0.1203962280,89818400.0000000000,29
200,93,0.1266863760,80880512.0000000000,24
200,94,0.1271464180,80877296.0000000000,25
200,95,0.1240101170,80857360.0000000000,23
200,96,0.0196664960,30347312.0000000000,4
200,97,0.0231273990,30347312.0000000000,26
200,98,0.0240772940,30347312.0000000000,24
200,99,0.0231441110,30347312.0000000000,26
200,100,0.0239857310,30347312.0000000000,11
200,101,0.0231737050,30347312.0000000000,13
200,102,0.0252848760,30347312.0000000000,24
200,103,0.0247066620,30347312.0000000000,30
200,104,0.0228307260,30347312.0000000000,29
200,105,0.0241809430,27355696.0000000000,26
200,106,0.0220408700,27355696.0000000000,2
200,107,0.0234926890,27355696.0000000000,2
200,108,0.0211209280,30347312.0000000000,6
200,109,0.0210772630,30347312.0000000000,6
200,110,0.0251913150,30347312.0000000000,3
200,111,0.0228139210,30347312.0000000000,23
200,112,0.0196700060,30347312.0000000000,17
200,113,0.0223116820,30347312.0000000000,5
200,114,0.0263153450,30347312.0000000000,23
200,115,0.0247719350,30347312.0000000000,27
200,116,0.0232165320,30347312.0000000000,29
200,117,0.0225693810,27355696.0000000000,29
200,118,0.0188495260,27355696.0000000000,19
200,119,0.0246640360,27355696.0000000000,24
200,120,0.0197301210,30347312.0000000000,18
200,121,0.0216400990,30347312.0000000000,13
200,122,0.0233690830,30347312.0000000000,3
200,123,0.0225397410,30347312.0000000000,7
200,124,0.0235200000,30347312.0000000000,23
200,125,0.0224417840,30347312.0000000000,12
200,126,0.0246456920,30347312.0000000000,11
200,127,0.0246700490,30347312.0000000000,27
200,128,0.0225855110,30347312.0000000000,21
200,129,0.0241563280,27355696.0000000000,26
200,130,0.0233831690,27355696.0000000000,21
200,131,0.0190711310,27355696.0000000000,17
200,132,0.0249154090,30347312.0000000000,11
200,133,0.0228113970,30347312.0000000000,7
200,134,0.0225885070,30347312.0000000000,22
200,135,0.0242102800,30347312.0000000000,22
200,136,0.0236719200,30347312.0000000000,24
200,137,0.0196951540,30347312.0000000000,18
200,138,0.0242218240,30347312.0000000000,25
200,139,0.0248040270,30347312.0000000000,31
200,140,0.0240531370,30347312.0000000000,25
200,141,0.0204698290,27355696.0000000000,9
200,142,0.0218810640,27355696.0000000000,16
200,143,0.0227334050,27355696.0000000000,0
200,144,0.0247233410,30347312.0000000000,30
200,145,0.0212643820,30347312.0000000000,9
200,146,0.0246099620,30347312.0000000000,30
200,147,0.0243911500,30347312.0000000000,27
200,148,0.0212816190,30347312.0000000000,16
200,149,0.0233564250,30347312.0000000000,22
200,150,0.0233481780,30347312.0000000000,20
200,151,0.0198498780,30347312.0000000000,8
200,152,0.0247486000,30347312.0000000000,26
200,153,0.0245658970,27355696.0000000000,1
200,154,0.0246282700,27355696.0000000000,1
200,155,0.0241845920,27355696.0000000000,31
200,156,0.0232060010,30347312.0000000000,28
200,157,0.0209929700,30347312.0000000000,9
200,158,0.0202525980,30347312.0000000000,23
200,159,0.0249503710,30347312.0000000000,25
200,160,0.0223738520,30347312.0000000000,22
200,161,0.0170913880,30347312.0000000000,23
200,162,0.0233662740,30347312.0000000000,21
200,163,0.0237138530,30347312.0000000000,20
200,164,0.0197010460,30347312.0000000000,19
200,165,0.0170096020,27355696.0000000000,22
200,166,0.0215755650,27355696.0000000000,0
200,167,0.0220779420,27355696.0000000000,11
200,168,0.0171329070,30347312.0000000000,22
200,169,0.0241137450,30347312.0000000000,12
200,170,0.0247887760,30347312.0000000000,31
200,171,0.0248428050,30347312.0000000000,27
200,172,0.0198341670,30347312.0000000000,8
200,173,0.0231704220,30347312.0000000000,28
200,174,0.0252245470,30347312.0000000000,14
200,175,0.0241272110,30347312.0000000000,30
200,176,0.0209333860,30347312.0000000000,6
200,177,0.0176977350,27355696.0000000000,22
200,178,0.0237227740,27355696.0000000000,2
200,179,0.0221545570,27355696.0000000000,12
200,180,0.0226813470,30347312.0000000000,28
200,181,0.0231933690,30347312.0000000000,29
200,182,0.0247918550,30347312.0000000000,31
200,183,0.0251572620,30347312.0000000000,25
200,184,0.0210533040,30347312.0000000000,2
200,185,0.0242539960,30347312.0000000000,21
200,186,0.0231332900,30347312.0000000000,29
200,187,0.0231706130,30347312.0000000000,28
200,188,0.0196196730,30347312.0000000000,15
200,189,0.0246635270,27355696.0000000000,29
200,190,0.0241961540,27355696.0000000000,31
200,191,0.0243092630,27355696.0000000000,14
200,192,0.0178237600,30347312.0000000000,21
200,193,0.0228309060,30347312.0000000000,19
200,194,0.0250534250,30347312.0000000000,14
200,195,0.0236039990,30347312.0000000000,25
200,196,0.0228286690,30347312.0000000000,10
200,197,0.0239227270,30347312.0000000000,0
200,198,0.0243614940,30347312.0000000000,29
200,199,0.0247367270,30347312.0000000000,26
200,200,0.0249383380,30347312.0000000000,29
200,201,0.0225813350,27355696.0000000000,28
200,202,0.0220748550,27355696.0000000000,28
200,203,0.0164480400,27355696.0000000000,21
200,204,0.0253021090,30347312.0000000000,28
200,205,0.0228176820,30347312.0000000000,30
200,206,0.0231743550,30347312.0000000000,0
200,207,0.0251945010,30347312.0000000000,1
200,208,0.0212859280,30347312.0000000000,16
200,209,0.0245750660,30347312.0000000000,27
200,210,0.0224835140,30347312.0000000000,5
200,211,0.0211930570,30347312.0000000000,4
200,212,0.0228089230,30347312.0000000000,25
200,213,0.0168430600,27355696.0000000000,23
200,214,0.0217875930,27355696.0000000000,12
200,215,0.0220833220,27355696.0000000000,10
200,216,0.0180269350,30347312.0000000000,11
200,217,0.0245056910,30347312.0000000000,28
200,218,0.0231629690,30347312.0000000000,24
200,219,0.0243793850,30347312.0000000000,27
200,220,0.0248050200,30347312.0000000000,27
200,221,0.0209237000,30347312.0000000000,17
200,222,0.0216713980,30347312.0000000000,8
200,223,0.0183154850,30347312.0000000000,21
200,224,0.0210674440,30347312.0000000000,4
200,225,0.0206759970,27355696.0000000000,9
200,226,0.0224667130,27355696.0000000000,25
200,227,0.0149533700,27355696.0000000000,11
200,228,0.0225227290,30347312.0000000000,5
200,229,0.0161603170,30347312.0000000000,23
200,230,0.0236982150,30347312.0000000000,20
200,231,0.0243924530,30347312.0000000000,26
200,232,0.0231946290,30347312.0000000000,25
200,233,0.0251982680,30347312.0000000000,1
200,234,0.0211171610,30347312.0000000000,15
200,235,0.0252767110,30347312.0000000000,30
200,236,0.0223228550,30347312.0000000000,2
200,237,0.0159780950,27355696.0000000000,22
200,238,0.0209820510,27355696.0000000000,13
200,239,0.0222729080,27355696.0000000000,7
200,240,0.0252424400,30347312.0000000000,14
200,241,0.0158012050,30347312.0000000000,21
200,242,0.0212741950,30347312.0000000000,18
200,243,0.0233488210,30347312.0000000000,20
200,244,0.0204393540,30347312.0000000000,4
200,245,0.0232031710,30347312.0000000000,13
200,246,0.0249737160,30347312.0000000000,3
200,247,0.0201529900,30347312.0000000000,0
200,248,0.0212326460,30347312.0000000000,17
200,249,0.0221417550,27355696.0000000000,24
200,250,0.0239083170,27355696.0000000000,30
200,251,0.0159058260,27355696.0000000000,11
200,252,0.0165610350,30347312.0000000000,23
200,253,0.0247835580,30347312.0000000000,31
200,254,0.0207823630,30347312.0000000000,5
200,255,0.0228543090,30347312.0000000000,19
200,256,0.0162428140,30347312.0000000000,11
200,257,0.0225087320,30347312.0000000000,10
200,258,0.0246683030,30347312.0000000000,27
200,259,0.0226499440,30347312.0000000000,15
200,260,0.0227115180,30347312.0000000000,24
200,261,0.0206797590,27355696.0000000000,16
200,262,0.0212509780,27355696.0000000000,6
200,263,0.0240499700,27355696.0000000000,26
200,264,0.0248763760,30347312.0000000000,3
200,265,0.0228049120,30347312.0000000000,10
200,266,0.0212878900,30347312.0000000000,18
200,267,0.0230348300,30347312.0000000000,30
200,268,0.0182667660,30347312.0000000000,8
200,269,0.0231753710,30347312.0000000000,31
200,270,0.0211432990,30347312.0000000000,3
200,271,0.0253027510,30347312.0000000000,31
200,272,0.0232145980,30347312.0000000000,24
200,273,0.0221317350,27355696.0000000000,15
200,274,0.0222704030,27355696.0000000000,7
200,275,0.0224070580,27355696.0000000000,1
250,0,8.5709355434,159297072.0000000000,0
250,1,8.8874455157,159275296.0000000000,14
250,2,8.5032331400,159136976.0000000000,17
250,3,8.8028186566,159217952.0000000000,6
250,4,9.1173763428,159415504.0000000000,20
250,5,9.0533668815,159597936.0000000000,12
250,6,8.5178653989,159798624.0000000000,2
250,7,8.4145034648,160027216.0000000000,19
250,8,8.3433456114,160268128.0000000000,13
250,9,7.9204446860,144337216.0000000000,1
250,10,7.8552326581,144186800.0000000000,9
250,11,7.8007932137,143971312.0000000000,3
250,12,12.5153250721,239964688.0000000000,1
250,13,12.3512298044,240064352.0000000000,27
250,14,12.5250766909,240074784.0000000000,31
250,15,12.5604597383,240062848.0000000000,22
250,16,12.6538104571,240061840.0000000000,31
250,17,12.3480799667,240072192.0000000000,24
250,18,12.3808963971,240063296.0000000000,15
250,19,12.5300901864,240065616.0000000000,13
250,20,12.2653976829,240073040.0000000000,18
250,21,11.4114869814,216104832.0000000000,0
250,22,10.9305230622,216095568.0000000000,13
250,23,11.3702250898,216010800.0000000000,21
250,24,12.3560273476,240012048.0000000000,28
250,25,12.5782449499,240061152.0000000000,6
250,26,12.6605267163,240063504.0000000000,0
250,27,12.5605065243,240065200.0000000000,3
250,28,12.6649662768,240065200.0000000000,21
250,29,12.3484666416,240063072.0000000000,25
250,30,12.4400478853,240060336.0000000000,23
250,31,12.3594395493,240059632.0000000000,17
250,32,12.3199763242,240063072.0000000000,29
250,33,10.3429590654,216101104.0000000000,15
250,34,11.2157131907,216099376.0000000000,11
250,35,11.4182429667,216044720.0000000000,1
250,36,12.5655485993,240011424.0000000000,12
250,37,12.6404042962,240058480.0000000000,22
250,38,12.4548799337,240066256.0000000000,26
250,39,11.5099505604,240063968.0000000000,18
250,40,12.3932389230,240062544.0000000000,30
250,41,12.2765295388,240058416.0000000000,10
250,42,12.3673765077,240069024.0000000000,4
250,43,12.6508108857,240065280.0000000000,23
250,44,12.3616188193,240064976.0000000000,8
250,45,11.4092593879,216097584.0000000000,25
250,46,11.3698313039,216100528.0000000000,9
250,47,11.4375390059,216043696.0000000000,6
250,48,12.4290904729,240007664.0000000000,29
250,49,12.5735503135,240066544.0000000000,20
250,50,12.5443027991,240064720.0000000000,14
250,51,12.3714320401,240059392.0000000000,16
250,52,12.5098058993,240060992.0000000000,19
250,53,12.4581679006,240065936.0000000000,28
250,54,12.6134228589,240063008.0000000000,30
250,55,10.2238895695,240063808.0000000000,15
250,56,12.6279705276,240065760.0000000000,14
250,57,11.4904221616,216097408.0000000000,4
250,58,10.2923740477,216101840.0000000000,19
250,59,11.4022836028,216043968.0000000000,3
250,60,12.5505818586,240002464.0000000000,2
250,61,12.6015259452,240062736.0000000000,27
250,62,12.5504848733,240059280.0000000000,8
250,63,12.0755215303,240066352.0000000000,2
250,64,12.6566918477,240061184.0000000000,20
250,65,12.6043887549,240064640.0000000000,26
250,66,12.3909507032,240062768.0000000000,5
250,67,12.2833059520,240062320.0000000000,5
250,68,12.3462262679,240060656.0000000000,7
250,69,11.4069224926,216101840.0000000000,16
250,70,10.3795496530,216104224.0000000000,8
250,71,11.3773506625,216039664.0000000000,10
250,72,10.6470357819,239972640.0000000000,5
250,73,12.6033112589,240057680.0000000000,11
250,74,10.6803061053,240071248.0000000000,17
250,75,11.6159689860,240066608.0000000000,16
250,76,11.0930569835,240053968.0000000000,4
250,77,12.4323379988,240062624.0000000000,9
250,78,12.5070086342,240068112.0000000000,12
250,79,11.5318934051,240060432.0000000000,10
250,80,12.5153266614,240059920.0000000000,7
250,81,9.6359037165,216111504.0000000000,7
250,82,9.7516848498,216094128.0000000000,18
250,83,11.3907129818,216013920.0000000000,24
250,84,4.2553458369,89791504.0000000000,26
250,85,4.4740157957,89820272.0000000000,22
250,86,4.4774556182,89818656.0000000000,11
250,87,4.3997108346,89823008.0000000000,21
250,88,4.2754076042,89824816.0000000000,27
250,89,3.5374080039,89823600.0000000000,28
250,90,4.2519017094,89817536.0000000000,30
250,91,4.2565863570,89825712.0000000000,31
250,92,3.5230260116,89819760.0000000000,29
250,93,3.8683974783,80880928.0000000000,24
250,94,3.8732737885,80879088.0000000000,25
250,95,4.1075901238,80851616.0000000000,23
250,96,0.7347287880,30347312.0000000000,4
250,97,0.8044663264,30347312.0000000000,26
250,98,0.6615425412,30347312.0000000000,24
250,99,0.8060550332,30347312.0000000000,26
250,100,0.7986205633,30347312.0000000000,11
250,101,0.6980647468,30347312.0000000000,13
250,102,0.6628767567,30347312.0000000000,24
250,103,0.8047125514,30347312.0000000000,30
250,104,0.6532639246,30347312.0000000000,29
250,105,0.7853419178,27355696.0000000000,26
250,106,0.7245415055,27355696.0000000000,2
250,107,0.7304197035,27355696.0000000000,2
250,108,0.7437390609,30347312.0000000000,6
250,109,0.7359938887,30347312.0000000000,6
250,110,0.7606463326,30347312.0000000000,3
250,111,0.7515735549,30347312.0000000000,23
250,112,0.6449221295,30347312.0000000000,17
250,113,0.6750173639,30347312.0000000000,5
250,114,0.8306296018,30347312.0000000000,23
250,115,0.8098819409,30347312.0000000000,27
250,116,0.6567695671,30347312.0000000000,29
250,117,0.6374121202,27355696.0000000000,29
250,118,0.6705730947,27355696.0000000000,19
250,119,0.6415025709,27355696.0000000000,24
250,120,0.6438280499,30347312.0000000000,18
250,121,0.6857693728,30347312.0000000000,13
250,122,0.7603977905,30347312.0000000000,3
250,123,0.6849099343,30347312.0000000000,7
250,124,0.7325075231,30347312.0000000000,23
250,125,0.7652862443,30347312.0000000000,12
250,126,0.7641930444,30347312.0000000000,11
250,127,0.8051796766,30347312.0000000000,27
250,128,0.7544572288,30347312.0000000000,21
250,129,0.7858502553,27355696.0000000000,26
250,130,0.8104672700,27355696.0000000000,21
250,131,0.6393674350,27355696.0000000000,17
250,132,0.8341248968,30347312.0000000000,11
250,133,0.6889482856,30347312.0000000000,7
250,134,0.7368536708,30347312.0000000000,22
250,135,0.8293949608,30347312.0000000000,22
250,136,0.6611999282,30347312.0000000000,24
250,137,0.6513114595,30347312.0000000000,18
250,138,0.6594330009,30347312.0000000000,25
250,139,0.8096615283,30347312.0000000000,31
250,140,0.6612932028,30347312.0000000000,25
250,141,0.6611796961,27355696.0000000000,9
250,142,0.7438410569,27355696.0000000000,16
250,143,0.7906887565,27355696.0000000000,0
250,144,0.8042225689,30347312.0000000000,30
250,145,0.6858883570,30347312.0000000000,9
250,146,0.7971912215,30347312.0000000000,30
250,147,0.7988479000,30347312.0000000000,27
250,148,0.7863894083,30347312.0000000000,16
250,149,0.7657200900,30347312.0000000000,22
250,150,0.8115890472,30347312.0000000000,20
250,151,0.7464306540,30347312.0000000000,8
250,152,0.8058386486,30347312.0000000000,26
250,153,0.7430974658,27355696.0000000000,1
250,154,0.7432596143,27355696.0000000000,1
250,155,0.7885001961,27355696.0000000000,31
250,156,0.6573234895,30347312.0000000000,28
250,157,0.6804064035,30347312.0000000000,9
250,158,0.6986399151,30347312.0000000000,23
250,159,0.6598724300,30347312.0000000000,25
250,160,0.7167015313,30347312.0000000000,22
250,161,0.5341864358,30347312.0000000000,23
250,162,0.7696079842,30347312.0000000000,21
250,163,0.8199840811,30347312.0000000000,20
250,164,0.7102050807,30347312.0000000000,19
250,165,0.5372213985,27355696.0000000000,22
250,166,0.7927989635,27355696.0000000000,0
250,167,0.7356565648,27355696.0000000000,11
250,168,0.5448078882,30347312.0000000000,22
250,169,0.7707060158,30347312.0000000000,12
250,170,0.8095107744,30347312.0000000000,31
250,171,0.8063619611,30347312.0000000000,27
250,172,0.7735949243,30347312.0000000000,8
250,173,0.6566840391,30347312.0000000000,28
250,174,0.8025351992,30347312.0000000000,14
250,175,0.7910562056,30347312.0000000000,30
250,176,0.7356017372,30347312.0000000000,6
250,177,0.5122877920,27355696.0000000000,22
250,178,0.7281198213,27355696.0000000000,2
250,179,0.7752472825,27355696.0000000000,12
250,180,0.6528316076,30347312.0000000000,28
250,181,0.6582170625,30347312.0000000000,29
250,182,0.8097763476,30347312.0000000000,31
250,183,0.6571168206,30347312.0000000000,25
250,184,0.7354187126,30347312.0000000000,2
250,185,0.7226578080,30347312.0000000000,21
250,186,0.6598367237,30347312.0000000000,29
250,187,0.6584341325,30347312.0000000000,28
250,188,0.6429220693,30347312.0000000000,15
250,189,0.6411771692,27355696.0000000000,29
250,190,0.7905931545,27355696.0000000000,31
250,191,0.7732504450,27355696.0000000000,14
250,192,0.5623340833,30347312.0000000000,21
250,193,0.7766345267,30347312.0000000000,19
250,194,0.8028184041,30347312.0000000000,14
250,195,0.6603142550,30347312.0000000000,25
250,196,0.8041985153,30347312.0000000000,10
250,197,0.8116742256,30347312.0000000000,0
250,198,0.6548456805,30347312.0000000000,29
250,199,0.8030581405,30347312.0000000000,26
250,200,0.6590159466,30347312.0000000000,29
250,201,0.6397648624,27355696.0000000000,28
250,202,0.6350387934,27355696.0000000000,28
250,203,0.5271880267,27355696.0000000000,21
250,204,0.6519372234,30347312.0000000000,28
250,205,0.7929693348,30347312.0000000000,30
250,206,0.8013689467,30347312.0000000000,0
250,207,0.7646753216,30347312.0000000000,1
250,208,0.8075163409,30347312.0000000000,16
250,209,0.8048154411,30347312.0000000000,27
250,210,0.6765886731,30347312.0000000000,5
250,211,0.7265903365,30347312.0000000000,4
250,212,0.6571780521,30347312.0000000000,25
250,213,0.5373828342,27355696.0000000000,23
250,214,0.7760071270,27355696.0000000000,12
250,215,0.7393125910,27355696.0000000000,10
250,216,0.6466166804,30347312.0000000000,11
250,217,0.6347945632,30347312.0000000000,28
250,218,0.6582526638,30347312.0000000000,24
250,219,0.8009915023,30347312.0000000000,27
250,220,0.8077524350,30347312.0000000000,27
250,221,0.7290817457,30347312.0000000000,17
250,222,0.7635958994,30347312.0000000000,8
250,223,0.5393739443,30347312.0000000000,21
250,224,0.7289401733,30347312.0000000000,4
250,225,0.6436143998,27355696.0000000000,9
250,226,0.6148165418,27355696.0000000000,25
250,227,0.5130515947,27355696.0000000000,11
250,228,0.6819550692,30347312.0000000000,5
250,229,0.5323519276,30347312.0000000000,23
250,230,0.8218627283,30347312.0000000000,20
250,231,0.7958164176,30347312.0000000000,26
250,232,0.6268483162,30347312.0000000000,25
250,233,0.7543666276,30347312.0000000000,1
250,234,0.7159824899,30347312.0000000000,15
250,235,0.8030072356,30347312.0000000000,30
250,236,0.6265740149,30347312.0000000000,2
250,237,0.5156352230,27355696.0000000000,22
250,238,0.6640961886,27355696.0000000000,13
250,239,0.6698604596,27355696.0000000000,7
250,240,0.7827634928,30347312.0000000000,14
250,241,0.5399607930,30347312.0000000000,21
250,242,0.7332520393,30347312.0000000000,18
250,243,0.7852368366,30347312.0000000000,20
250,244,0.7325076220,30347312.0000000000,4
250,245,0.6805058069,30347312.0000000000,13
250,246,0.7565414414,30347312.0000000000,3
250,247,0.6711270799,30347312.0000000000,0
250,248,0.7377201149,30347312.0000000000,17
250,249,0.6333434831,27355696.0000000000,24
250,250,0.7815256886,27355696.0000000000,30
250,251,0.5253434440,27355696.0000000000,11
250,252,0.5430594838,30347312.0000000000,23
250,253,0.8077407735,30347312.0000000000,31
250,254,0.6768571495,30347312.0000000000,5
250,255,0.7579897684,30347312.0000000000,19
250,256,0.5303389363,30347312.0000000000,11
250,257,0.7374284095,30347312.0000000000,10
250,258,0.8104739991,30347312.0000000000,27
250,259,0.7400624045,30347312.0000000000,15
250,260,0.6490264161,30347312.0000000000,24
250,261,0.7509292745,27355696.0000000000,16
250,262,0.7216035626,27355696.0000000000,6
250,263,0.7615892607,27355696.0000000000,26
250,264,0.7408949296,30347312.0000000000,3
250,265,0.8040207384,30347312.0000000000,10
250,266,0.7413519793,30347312.0000000000,18
250,267,0.7730803371,30347312.0000000000,30
250,268,0.7096733820,30347312.0000000000,8
250,269,0.8063307059,30347312.0000000000,31
250,270,0.6733280028,30347312.0000000000,3
250,271,0.7594182295,30347312.0000000000,31
250,272,0.6322862544,30347312.0000000000,24
250,273,0.7142986570,27355696.0000000000,15
250,274,0.6714290406,27355696.0000000000,7
250,275,0.7102101171,27355696.0000000000,1
300,0,0.2599066370,159002240.0000000000,0
300,1,0.2655171710,158912832.0000000000,14
300,2,0.2579318490,158707808.0000000000,17
300,3,0.2700887130,158875376.0000000000,6
300,4,0.2750189100,159174896.0000000000,20
300,5,0.2726774390,159419488.0000000000,12
300,6,0.2794027680,159687104.0000000000,2
300,7,0.2687568180,160046064.0000000000,19
300,8,0.2737501470,160529088.0000000000,13
300,9,0.2477904830,144747136.0000000000,1
300,10,0.2397673030,144524704.0000000000,9
300,11,0.2368143740,144167312.0000000000,3
300,12,0.3848126720,239943280.0000000000,1
300,13,0.3841862880,240072144.0000000000,27
300,14,0.3900479970,240104064.0000000000,31
300,15,0.3816685930,240144944.0000000000,22
300,16,0.3936682130,240224384.0000000000,31
300,17,0.3852780150,240275088.0000000000,24
300,18,0.3524106820,240261984.0000000000,15
300,19,0.3890554110,240198368.0000000000,13
300,20,0.3588047350,240138672.0000000000,18
300,21,0.3556512610,216120432.0000000000,0
300,22,0.3280448760,216099008.0000000000,13
300,23,0.3438153950,215991632.0000000000,21
300,24,0.3839783350,240004656.0000000000,28
300,25,0.3937026800,240065696.0000000000,6
300,26,0.3930136400,240060976.0000000000,0
300,27,0.3908638370,240063568.0000000000,3
300,28,0.3906744390,240060448.0000000000,21
300,29,0.3850202480,240065536.0000000000,25
300,30,0.3809209440,240057856.0000000000,23
300,31,0.3520793130,240061536.0000000000,17
300,32,0.3823065090,240064224.0000000000,29
300,33,0.2809150210,216103856.0000000000,15
300,34,0.3477699060,216099136.0000000000,11
300,35,0.3538661470,216042544.0000000000,1
300,36,0.3904800280,240004176.0000000000,12
300,37,0.3915924260,240062976.0000000000,22
300,38,0.3886508810,240065792.0000000000,26
300,39,0.3373431190,240061120.0000000000,18
300,40,0.3833518250,240066096.0000000000,30
300,41,0.3823873860,240061568.0000000000,10
300,42,0.3842957340,240066352.0000000000,4
300,43,0.3932892650,240060304.0000000000,23
300,44,0.3832212410,240065360.0000000000,8
300,45,0.3539202960,216098832.0000000000,25
300,46,0.3544027800,216097248.0000000000,9
300,47,0.3549404580,216038416.0000000000,6
300,48,0.3711995040,240001616.0000000000,29
300,49,0.3928043110,240062448.0000000000,20
300,50,0.3923068890,240063184.0000000000,14
300,51,0.3834298250,240061712.0000000000,16
300,52,0.3729286880,240064368.0000000000,19
300,53,0.3719014390,240065776.0000000000,28
300,54,0.3909225800,240061472.0000000000,30
300,55,0.2911059070,240061904.0000000000,15
300,56,0.3917048660,240066496.0000000000,14
300,57,0.3297022360,216100176.0000000000,4
300,58,0.3036860970,216102848.0000000000,19
300,59,0.3536319260,216038560.0000000000,3
300,60,0.3913260650,239992880.0000000000,2
300,61,0.3916996910,240065856.0000000000,27
300,62,0.3903144480,240058256.0000000000,8
300,63,0.3652749310,240066592.0000000000,2
300,64,0.3933429080,240059616.0000000000,20
300,65,0.3926288840,240060464.0000000000,26
300,66,0.3833297940,240061648.0000000000,5
300,67,0.3380986730,240061920.0000000000,5
300,68,0.3853139290,240063312.0000000000,7
300,69,0.3538699430,216099936.0000000000,16
300,70,0.3001371620,216103776.0000000000,8
300,71,0.3551680320,216033008.0000000000,10
300,72,0.3062000870,239956192.0000000000,5
300,73,0.3892117430,240056704.0000000000,11
300,74,0.3124648620,240072912.0000000000,17
300,75,0.3393130140,240068336.0000000000,16
300,76,0.3325234750,240056624.0000000000,4
300,77,0.3873065510,240062848.0000000000,9
300,78,0.3906329710,240067888.0000000000,12
300,79,0.3338985480,240057504.0000000000,10
300,80,0.3525228880,240057552.0000000000,7
300,81,0.2826847460,216106624.0000000000,7
300,82,0.2654883240,216094368.0000000000,18
300,83,0.3546908850,215990928.0000000000,24
300,84,0.1317106370,89782880.0000000000,26
300,85,0.1371934020,89822176.0000000000,22
300,86,0.1394601540,89813552.0000000000,11
300,87,0.1365779940,89822624.0000000000,21
300,88,0.1315879600,89822528.0000000000,27
300,89,0.1161213560,89825200.0000000000,28
300,90,0.1324443020,89819312.0000000000,30
300,91,0.1297360420,89826736.0000000000,31
300,92,0.1137281730,89820128.0000000000,29
300,93,0.1216555970,80881248.0000000000,24
300,94,0.1214129840,80880576.0000000000,25
300,95,0.1244895830,80848480.0000000000,23
300,96,0.0226909690,30347312.0000000000,4
300,97,0.0247556290,30347312.0000000000,26
300,98,0.0207695580,30347312.0000000000,24
300,99,0.0247472710,30347312.0000000000,26
300,100,0.0249742130,30347312.0000000000,11
300,101,0.0210465660,30347312.0000000000,13
300,102,0.0209395330,30347312.0000000000,24
300,103,0.0247069130,30347312.0000000000,30
300,104,0.0199222000,30347312.0000000000,29
300,105,0.0241621600,27355696.0000000000,26
300,106,0.0231524600,27355696.0000000000,2
300,107,0.0229822000,27355696.0000000000,2
300,108,0.0230243520,30347312.0000000000,6
300,109,0.0226892160,30347312.0000000000,6
300,110,0.0234049680,30347312.0000000000,3
300,111,0.0227740850,30347312.0000000000,23
300,112,0.0196317910,30347312.0000000000,17
300,113,0.0208657520,30347312.0000000000,5
300,114,0.0262772120,30347312.0000000000,23
300,115,0.0247673610,30347312.0000000000,27
300,116,0.0199675890,30347312.0000000000,29
300,117,0.0193150380,27355696.0000000000,29
300,118,0.0188697040,27355696.0000000000,19
300,119,0.0215470400,27355696.0000000000,24
300,120,0.0196832720,30347312.0000000000,18
300,121,0.0210858220,30347312.0000000000,13
300,122,0.0235537760,30347312.0000000000,3
300,123,0.0210410580,30347312.0000000000,7
300,124,0.0235167640,30347312.0000000000,23
300,125,0.0234120740,30347312.0000000000,12
300,126,0.0220759720,30347312.0000000000,11
300,127,0.0246539520,30347312.0000000000,27
300,128,0.0225809230,30347312.0000000000,21
300,129,0.0241618290,27355696.0000000000,26
300,130,0.0224828610,27355696.0000000000,21
300,131,0.0211798000,27355696.0000000000,17
300,132,0.0263368500,30347312.0000000000,11
300,133,0.0212456230,30347312.0000000000,7
300,134,0.0242470310,30347312.0000000000,22
300,135,0.0228749380,30347312.0000000000,22
300,136,0.0220605710,30347312.0000000000,24
300,137,0.0218260780,30347312.0000000000,18
300,138,0.0206848130,30347312.0000000000,25
300,139,0.0247630500,30347312.0000000000,31
300,140,0.0209033160,30347312.0000000000,25
300,141,0.0208786710,27355696.0000000000,9
300,142,0.0222866840,27355696.0000000000,16
300,143,0.0246245080,27355696.0000000000,0
300,144,0.0247550050,30347312.0000000000,30
300,145,0.0217973320,30347312.0000000000,9
300,146,0.0246153860,30347312.0000000000,30
300,147,0.0244419520,30347312.0000000000,27
300,148,0.0228859900,30347312.0000000000,16
300,149,0.0221214770,30347312.0000000000,22
300,150,0.0249471310,30347312.0000000000,20
300,151,0.0212329460,30347312.0000000000,8
300,152,0.0247313490,30347312.0000000000,26
300,153,0.0230410130,27355696.0000000000,1
300,154,0.0230606930,27355696.0000000000,1
300,155,0.0241882580,27355696.0000000000,31
300,156,0.0199341430,30347312.0000000000,28
300,157,0.0222616470,30347312.0000000000,9
300,158,0.0220838750,30347312.0000000000,23
300,159,0.0220435380,30347312.0000000000,25
300,160,0.0221195630,30347312.0000000000,22
300,161,0.0174009550,30347312.0000000000,23
300,162,0.0228744280,30347312.0000000000,21
300,163,0.0251830840,30347312.0000000000,20
300,164,0.0196730610,30347312.0000000000,19
300,165,0.0164995800,27355696.0000000000,22
300,166,0.0246991110,27355696.0000000000,0
300,167,0.0210907510,27355696.0000000000,11
300,168,0.0167440910,30347312.0000000000,22
300,169,0.0236191340,30347312.0000000000,12
300,170,0.0247672980,30347312.0000000000,31
300,171,0.0247460670,30347312.0000000000,27
300,172,0.0212152020,30347312.0000000000,8
300,173,0.0198960520,30347312.0000000000,28
300,174,0.0252072720,30347312.0000000000,14
300,175,0.0242805680,30347312.0000000000,30
300,176,0.0227076630,30347312.0000000000,6
300,177,0.0171995170,27355696.0000000000,22
300,178,0.0247041590,27355696.0000000000,2
300,179,0.0229941380,27355696.0000000000,12
300,180,0.0198349430,30347312.0000000000,28
300,181,0.0200625830,30347312.0000000000,29
300,182,0.0247571490,30347312.0000000000,31
300,183,0.0219708790,30347312.0000000000,25
300,184,0.0231342040,30347312.0000000000,2
300,185,0.0203602570,30347312.0000000000,21
300,186,0.0199846820,30347312.0000000000,29
300,187,0.0199545240,30347312.0000000000,28
300,188,0.0196400950,30347312.0000000000,15
300,189,0.0215193160,27355696.0000000000,29
300,190,0.0242126280,27355696.0000000000,31
300,191,0.0241425820,27355696.0000000000,14
300,192,0.0170931320,30347312.0000000000,21
300,193,0.0228163060,30347312.0000000000,19
300,194,0.0252503580,30347312.0000000000,14
300,195,0.0204180270,30347312.0000000000,25
300,196,0.0228159150,30347312.0000000000,10
300,197,0.0252517860,30347312.0000000000,0
300,198,0.0212292260,30347312.0000000000,29
300,199,0.0246272110,30347312.0000000000,26
300,200,0.0220524750,30347312.0000000000,29
300,201,0.0193181830,27355696.0000000000,28
300,202,0.0213498900,27355696.0000000000,28
300,203,0.0160830260,27355696.0000000000,21
300,204,0.0212761460,30347312.0000000000,28
300,205,0.0243087420,30347312.0000000000,30
300,206,0.0253008300,30347312.0000000000,0
300,207,0.0236469530,30347312.0000000000,1
300,208,0.0228958490,30347312.0000000000,16
300,209,0.0245160040,30347312.0000000000,27
300,210,0.0210184750,30347312.0000000000,5
300,211,0.0224841420,30347312.0000000000,4
300,212,0.0199734020,30347312.0000000000,25
300,213,0.0168656140,27355696.0000000000,23
300,214,0.0230030050,27355696.0000000000,12
300,215,0.0222099780,27355696.0000000000,10
300,216,0.0200247870,30347312.0000000000,11
300,217,0.0220323480,30347312.0000000000,28
300,218,0.0203188370,30347312.0000000000,24
300,219,0.0244402490,30347312.0000000000,27
300,220,0.0247739530,30347312.0000000000,27
300,221,0.0222896690,30347312.0000000000,17
300,222,0.0210249830,30347312.0000000000,8
300,223,0.0177878580,30347312.0000000000,21
300,224,0.0225589040,30347312.0000000000,4
300,225,0.0228705810,27355696.0000000000,9
300,226,0.0176500530,27355696.0000000000,25
300,227,0.0162075810,27355696.0000000000,11
300,228,0.0210346160,30347312.0000000000,5
300,229,0.0161306980,30347312.0000000000,23
300,230,0.0252741390,30347312.0000000000,20
300,231,0.0244080870,30347312.0000000000,26
300,232,0.0183921350,30347312.0000000000,25
300,233,0.0236190190,30347312.0000000000,1
300,234,0.0226225540,30347312.0000000000,15
300,235,0.0246270690,30347312.0000000000,30
300,236,0.0170060790,30347312.0000000000,2
300,237,0.0173198390,27355696.0000000000,22
300,238,0.0216216210,27355696.0000000000,13
300,239,0.0205661440,27355696.0000000000,7
300,240,0.0252314510,30347312.0000000000,14
300,241,0.0178765810,30347312.0000000000,21
300,242,0.0210555360,30347312.0000000000,18
300,243,0.0249640540,30347312.0000000000,20
300,244,0.0228450370,30347312.0000000000,4
300,245,0.0234525000,30347312.0000000000,13
300,246,0.0224744130,30347312.0000000000,3
300,247,0.0210745440,30347312.0000000000,0
300,248,0.0212533550,30347312.0000000000,17
300,249,0.0192833370,27355696.0000000000,24
300,250,0.0241387470,27355696.0000000000,30
300,251,0.0160275630,27355696.0000000000,11
300,252,0.0165373220,30347312.0000000000,23
300,253,0.0247603070,30347312.0000000000,31
300,254,0.0210448260,30347312.0000000000,5
300,255,0.0228507820,30347312.0000000000,19
300,256,0.0161644070,30347312.0000000000,11
300,257,0.0223648860,30347312.0000000000,10
300,258,0.0246136840,30347312.0000000000,27
300,259,0.0228369360,30347312.0000000000,15
300,260,0.0198779050,30347312.0000000000,24
300,261,0.0222940700,27355696.0000000000,16
300,262,0.0224288250,27355696.0000000000,6
300,263,0.0224223090,27355696.0000000000,26
300,264,0.0239696350,30347312.0000000000,3
300,265,0.0228446090,30347312.0000000000,10
300,266,0.0213089630,30347312.0000000000,18
300,267,0.0246346140,30347312.0000000000,30
300,268,0.0208682840,30347312.0000000000,8
300,269,0.0231201080,30347312.0000000000,31
300,270,0.0190433490,30347312.0000000000,3
300,271,0.0252858100,30347312.0000000000,31
300,272,0.0180251480,30347312.0000000000,24
300,273,0.0219655870,27355696.0000000000,15
300,274,0.0206898120,27355696.0000000000,7
300,275,0.0223812340,27355696.0000000000,1
350,0,8.5663599410,158636032.0000000000,0
350,1,8.9174918375,158441520.0000000000,14
350,2,8.5502510689,158072944.0000000000,17
350,3,8.8480566769,158182752.0000000000,6
350,4,9.1740622614,158273264.0000000000,20
350,5,9.1366722388,158331744.0000000000,12
350,6,8.6619042698,158700048.0000000000,2
350,7,8.5674801948,159507200.0000000000,19
350,8,8.6599508338,160545856.0000000000,13
350,9,8.0977044567,145198496.0000000000,1
350,10,7.9813973188,144963632.0000000000,9
350,11,7.8729198877,144423456.0000000000,3
350,12,12.5364074727,239926160.0000000000,1
350,13,12.3616366733,240118288.0000000000,27
350,14,12.5627777690,240290992.0000000000,31
350,15,12.6319852367,240681088.0000000000,22
350,16,12.7711426887,241278944.0000000000,31
350,17,12.4923945933,241707456.0000000000,24
350,18,12.5259307013,241627040.0000000000,15
350,19,12.6042777034,241092800.0000000000,13
350,20,12.3190326752,240535152.0000000000,18
350,21,11.4171210457,216244752.0000000000,0
350,22,10.8389290663,216130512.0000000000,13
350,23,11.4058092918,215984624.0000000000,21
350,24,12.4014792246,239997264.0000000000,28
350,25,12.5729813247,240067216.0000000000,6
350,26,12.6536597611,240063296.0000000000,0
350,27,12.5511820840,240062896.0000000000,3
350,28,12.6547308762,240062960.0000000000,21
350,29,12.3511515478,240068352.0000000000,25
350,30,12.4475016077,240060640.0000000000,23
350,31,12.3591628408,240063072.0000000000,17
350,32,12.3163784237,240061616.0000000000,29
350,33,10.3160446109,216098576.0000000000,15
350,34,11.2096718786,216100432.0000000000,11
350,35,11.4284486483,216035120.0000000000,1
350,36,12.5595665115,240000480.0000000000,12
350,37,12.6415269483,240059776.0000000000,22
350,38,12.4430270391,240066880.0000000000,26
350,39,11.5125608922,240060032.0000000000,18
350,40,12.3770150235,240062976.0000000000,30
350,41,12.3196752065,240063376.0000000000,10
350,42,12.3975763733,240061200.0000000000,4
350,43,12.6465612605,240060880.0000000000,23
350,44,12.3548792102,240069600.0000000000,8
350,45,11.4107380471,216100384.0000000000,25
350,46,11.3666694153,216099936.0000000000,9
350,47,11.4324823680,216034864.0000000000,6
350,48,12.4339601793,239997712.0000000000,29
350,49,12.5795550315,240060720.0000000000,20
350,50,12.5450538180,240063808.0000000000,14
350,51,12.3834693419,240067168.0000000000,16
350,52,12.4835839759,240062912.0000000000,19
350,53,12.4363315872,240064608.0000000000,28
350,54,12.5978250406,240060768.0000000000,30
350,55,10.1593924052,240063232.0000000000,15
350,56,12.6323539774,240061840.0000000000,14
350,57,11.4945399836,216099024.0000000000,4
350,58,10.2404594071,216099904.0000000000,19
350,59,11.3989615335,216035488.0000000000,3
350,60,12.5401653330,239986352.0000000000,2
350,61,12.6235130644,240071040.0000000000,27
350,62,12.5523705912,240058000.0000000000,8
350,63,12.0454558006,240060432.0000000000,2
350,64,12.6472000898,240063120.0000000000,20
350,65,12.5896785528,240063856.0000000000,26
350,66,12.3901121561,240067104.0000000000,5
350,67,12.3677238203,240064992.0000000000,5
350,68,12.3993055525,240062352.0000000000,7
350,69,11.4009084809,216103744.0000000000,16
350,70,10.3841261277,216103552.0000000000,8
350,71,11.3781791560,216026832.0000000000,10
350,72,10.6418419492,239937408.0000000000,5
350,73,12.6158259810,240056528.0000000000,11
350,74,10.6803209227,240071696.0000000000,17
350,75,11.6200914926,240066624.0000000000,16
350,76,11.0635618761,240057024.0000000000,4
350,77,12.4586294136,240060400.0000000000,9
350,78,12.5170305734,240066432.0000000000,12
350,79,11.5329350494,240055680.0000000000,10
350,80,12.5123429717,240056416.0000000000,7
350,81,9.6422416639,216100912.0000000000,7
350,82,9.7730339757,216095232.0000000000,18
350,83,11.4223865002,215973072.0000000000,24
350,84,4.2515529307,89778144.0000000000,26
350,85,4.4649302365,89820944.0000000000,22
350,86,4.4504739685,89816416.0000000000,11
350,87,4.3926347217,89821792.0000000000,21
350,88,4.2316639833,89823408.0000000000,27
350,89,3.5897433132,89827088.0000000000,28
350,90,4.2496445738,89817472.0000000000,30
350,91,4.1938275601,89829632.0000000000,31
350,92,3.5388103132,89819360.0000000000,29
350,93,3.8659067849,80885696.0000000000,24
350,94,3.8836333694,80879872.0000000000,25
350,95,4.1031127823,80842704.0000000000,23
350,96,0.7276552585,30347312.0000000000,4
350,97,0.8056568226,30347312.0000000000,26
350,98,0.6757234236,30347312.0000000000,24
350,99,0.8062615949,30347312.0000000000,26
350,100,0.7893852278,30347312.0000000000,11
350,101,0.6822688933,30347312.0000000000,13
350,102,0.6746113932,30347312.0000000000,24
350,103,0.8054168076,30347312.0000000000,30
350,104,0.6634915272,30347312.0000000000,29
350,105,0.7861287688,27355696.0000000000,26
350,106,0.7262363958,27355696.0000000000,2
350,107,0.7307989189,27355696.0000000000,2
350,108,0.7468728154,30347312.0000000000,6
350,109,0.7366579574,30347312.0000000000,6
350,110,0.7646313433,30347312.0000000000,3
350,111,0.7473921753,30347312.0000000000,23
350,112,0.6460530712,30347312.0000000000,17
350,113,0.6809741652,30347312.0000000000,5
350,114,0.8306368352,30347312.0000000000,23
350,115,0.8029109422,30347312.0000000000,27
350,116,0.6684678602,30347312.0000000000,29
350,117,0.6508133781,27355696.0000000000,29
350,118,0.6896125372,27355696.0000000000,19
350,119,0.6549069753,27355696.0000000000,24
350,120,0.6427963859,30347312.0000000000,18
350,121,0.6859879185,30347312.0000000000,13
350,122,0.7581426383,30347312.0000000000,3
350,123,0.6785856073,30347312.0000000000,7
350,124,0.7490974776,30347312.0000000000,23
350,125,0.7650251717,30347312.0000000000,12
350,126,0.7630768556,30347312.0000000000,11
350,127,0.8042641808,30347312.0000000000,27
350,128,0.7489749545,30347312.0000000000,21
350,129,0.7860663575,27355696.0000000000,26
350,130,0.8039296228,27355696.0000000000,21
350,131,0.6402198231,27355696.0000000000,17
350,132,0.8355326572,30347312.0000000000,11
350,133,0.6856635738,30347312.0000000000,7
350,134,0.7320204029,30347312.0000000000,22
350,135,0.8314247209,30347312.0000000000,22
350,136,0.6701514811,30347312.0000000000,24
350,137,0.6538131576,30347312.0000000000,18
350,138,0.6822236999,30347312.0000000000,25
350,139,0.8098254638,30347312.0000000000,31
350,140,0.6772942560,30347312.0000000000,25
350,141,0.6652510030,27355696.0000000000,9
350,142,0.7373986865,27355696.0000000000,16
350,143,0.7875254653,27355696.0000000000,0
350,144,0.8032162940,30347312.0000000000,30
350,145,0.6924454859,30347312.0000000000,9
350,146,0.7981006007,30347312.0000000000,30
350,147,0.8001663388,30347312.0000000000,27
350,148,0.7700927105,30347312.0000000000,16
350,149,0.7586208459,30347312.0000000000,22
350,150,0.8121926882,30347312.0000000000,20
350,151,0.7342754727,30347312.0000000000,8
350,152,0.8053307596,30347312.0000000000,26
350,153,0.7500327502,27355696.0000000000,1
350,154,0.7497702563,27355696.0000000000,1
350,155,0.7883229639,27355696.0000000000,31
350,156,0.6816063053,30347312.0000000000,28
350,157,0.6877845170,30347312.0000000000,9
350,158,0.6875527940,30347312.0000000000,23
350,159,0.6703681623,30347312.0000000000,25
350,160,0.7165871892,30347312.0000000000,22
350,161,0.5643632007,30347312.0000000000,23
350,162,0.7654581653,30347312.0000000000,21
350,163,0.8190645013,30347312.0000000000,20
350,164,0.6934268802,30347312.0000000000,19
350,165,0.5386264213,27355696.0000000000,22
350,166,0.7903975639,27355696.0000000000,0
350,167,0.7368046807,27355696.0000000000,11
350,168,0.5453772508,30347312.0000000000,22
350,169,0.7760385436,30347312.0000000000,12
350,170,0.8084349139,30347312.0000000000,31
350,171,0.8109013915,30347312.0000000000,27
350,172,0.7482329161,30347312.0000000000,8
350,173,0.6662995558,30347312.0000000000,28
350,174,0.8088528583,30347312.0000000000,14
350,175,0.7907906615,30347312.0000000000,30
350,176,0.7391717731,30347312.0000000000,6
350,177,0.5180493807,27355696.0000000000,22
350,178,0.7258593100,27355696.0000000000,2
350,179,0.7672496787,27355696.0000000000,12
350,180,0.6635168604,30347312.0000000000,28
350,181,0.6710517938,30347312.0000000000,29
350,182,0.8117145129,30347312.0000000000,31
350,183,0.6705172945,30347312.0000000000,25
350,184,0.7405975817,30347312.0000000000,2
350,185,0.7222705393,30347312.0000000000,21
350,186,0.6728311671,30347312.0000000000,29
350,187,0.6697759896,30347312.0000000000,28
350,188,0.6421850687,30347312.0000000000,15
350,189,0.6541371388,27355696.0000000000,29
350,190,0.7874495962,27355696.0000000000,31
350,191,0.7773903409,27355696.0000000000,14
350,192,0.5593251092,30347312.0000000000,21
350,193,0.7379836088,30347312.0000000000,19
350,194,0.8076011541,30347312.0000000000,14
350,195,0.6716229439,30347312.0000000000,25
350,196,0.8088411881,30347312.0000000000,10
350,197,0.8102000717,30347312.0000000000,0
350,198,0.6689130150,30347312.0000000000,29
350,199,0.8037245054,30347312.0000000000,26
350,200,0.6714009097,30347312.0000000000,29
350,201,0.6491733032,27355696.0000000000,28
350,202,0.6455479140,27355696.0000000000,28
350,203,0.5255739856,27355696.0000000000,21
350,204,0.6669499782,30347312.0000000000,28
350,205,0.7946899790,30347312.0000000000,30
350,206,0.8056071600,30347312.0000000000,0
350,207,0.7694986457,30347312.0000000000,1
350,208,0.8005066875,30347312.0000000000,16
350,209,0.8029059522,30347312.0000000000,27
350,210,0.6840590684,30347312.0000000000,5
350,211,0.7230590882,30347312.0000000000,4
350,212,0.6682318064,30347312.0000000000,25
350,213,0.5054943727,27355696.0000000000,23
350,214,0.7472453983,27355696.0000000000,12
350,215,0.7436289206,27355696.0000000000,10
350,216,0.6533917691,30347312.0000000000,11
350,217,0.6562738371,30347312.0000000000,28
350,218,0.6664928725,30347312.0000000000,24
350,219,0.7963353680,30347312.0000000000,27
350,220,0.8073037791,30347312.0000000000,27
350,221,0.7262668624,30347312.0000000000,17
350,222,0.7596679014,30347312.0000000000,8
350,223,0.5455822389,30347312.0000000000,21
350,224,0.7263417300,30347312.0000000000,4
350,225,0.6615183128,27355696.0000000000,9
350,226,0.6347102568,27355696.0000000000,25
350,227,0.5217942772,27355696.0000000000,11
350,228,0.6877603596,30347312.0000000000,5
350,229,0.5198099053,30347312.0000000000,23
350,230,0.8147169489,30347312.0000000000,20
350,231,0.7951531152,30347312.0000000000,26
350,232,0.6379614014,30347312.0000000000,25
350,233,0.7630454164,30347312.0000000000,1
350,234,0.7224033294,30347312.0000000000,15
350,235,0.8033979429,30347312.0000000000,30
350,236,0.6218117745,30347312.0000000000,2
350,237,0.5185420120,27355696.0000000000,22
350,238,0.6689912968,27355696.0000000000,13
350,239,0.6699679046,27355696.0000000000,7
350,240,0.7980171097,30347312.0000000000,14
350,241,0.5441257885,30347312.0000000000,21
350,242,0.7341814746,30347312.0000000000,18
350,243,0.7683120985,30347312.0000000000,20
350,244,0.7287026005,30347312.0000000000,4
350,245,0.6828626415,30347312.0000000000,13
350,246,0.7570866716,30347312.0000000000,3
350,247,0.6717257205,30347312.0000000000,0
350,248,0.7318270153,30347312.0000000000,17
350,249,0.6430512026,27355696.0000000000,24
350,250,0.7802343525,27355696.0000000000,30
350,251,0.5162478341,27355696.0000000000,11
350,252,0.5470563322,30347312.0000000000,23
350,253,0.8017593615,30347312.0000000000,31
350,254,0.6865568133,30347312.0000000000,5
350,255,0.7344355344,30347312.0000000000,19
350,256,0.5257194342,30347312.0000000000,11
350,257,0.7413904489,30347312.0000000000,10
350,258,0.8043223762,30347312.0000000000,27
350,259,0.7418796081,30347312.0000000000,15
350,260,0.6575855545,30347312.0000000000,24
350,261,0.7607398646,27355696.0000000000,16
350,262,0.7235645296,27355696.0000000000,6
350,263,0.7622382927,27355696.0000000000,26
350,264,0.7410057516,30347312.0000000000,3
350,265,0.8069276304,30347312.0000000000,10
350,266,0.7362214951,30347312.0000000000,18
350,267,0.7727552333,30347312.0000000000,30
350,268,0.7250834940,30347312.0000000000,8
350,269,0.7792992512,30347312.0000000000,31
350,270,0.6584337819,30347312.0000000000,3
350,271,0.8072999405,30347312.0000000000,31
350,272,0.6366482975,30347312.0000000000,24
350,273,0.7128356765,27355696.0000000000,15
350,274,0.6734692571,27355696.0000000000,7
350,275,0.7118302170,27355696.0000000000,1
400,0,0.2544178340,158147136.0000000000,0
400,1,0.2676880990,157740784.0000000000,14
400,2,0.2541756500,156937696.0000000000,17
400,3,0.2676091960,156412416.0000000000,6
400,4,0.2674694610,155350320.0000000000,20
400,5,0.2617121550,154414640.0000000000,12
400,6,0.2601714650,155035984.0000000000,2
400,7,0.2642608820,157216048.0000000000,19
400,8,0.2761754420,159924784.0000000000,13
400,9,0.2542361240,145597104.0000000000,1
400,10,0.2471348370,145462144.0000000000,9
400,11,0.2381760350,144731232.0000000000,3
400,12,0.3906530980,239924080.0000000000,1
400,13,0.3841511140,240236896.0000000000,27
400,14,0.3931586190,240814592.0000000000,31
400,15,0.3953219340,242241024.0000000000,22
400,16,0.4108621230,244432864.0000000000,31
400,17,0.4027297440,246080272.0000000000,24
400,18,0.3574203400,245781568.0000000000,15
400,19,0.4028796200,243796928.0000000000,13
400,20,0.3671353170,241729856.0000000000,18
400,21,0.3607576520,216590048.0000000000,0
400,22,0.3255828730,216214288.0000000000,13
400,23,0.3464010990,215980208.0000000000,21
400,24,0.3848634320,239993024.0000000000,28
400,25,0.3899331190,240067744.0000000000,6
400,26,0.3923240180,240063712.0000000000,0
400,27,0.3860025530,240061728.0000000000,3
400,28,0.3933058710,240065760.0000000000,21
400,29,0.3845199860,240064208.0000000000,25
400,30,0.3806296790,240061232.0000000000,23
400,31,0.3530733270,240060976.0000000000,17
400,32,0.3836147500,240065280.0000000000,29
400,33,0.2795890710,216098048.0000000000,15
400,34,0.3525405260,216097376.0000000000,11
400,35,0.3556297750,216031312.0000000000,1
400,36,0.3916930280,239997568.0000000000,12
400,37,0.3930061720,240060736.0000000000,22
400,38,0.3901527130,240065776.0000000000,26
400,39,0.3360991890,240059696.0000000000,18
400,40,0.3814709670,240060752.0000000000,30
400,41,0.3827659540,240064736.0000000000,10
400,42,0.3871722090,240061504.0000000000,4
400,43,0.3936317100,240062480.0000000000,23
400,44,0.3823158070,240064448.0000000000,8
400,45,0.3557508610,216102160.0000000000,25
400,46,0.3577818350,216100192.0000000000,9
400,47,0.3566672350,216030352.0000000000,6
400,48,0.3766243270,239994496.0000000000,29
400,49,0.3929456970,240059904.0000000000,20
400,50,0.3899485270,240061616.0000000000,14
400,51,0.3832312370,240065984.0000000000,16
400,52,0.3770599640,240059760.0000000000,19
400,53,0.3852652260,240066784.0000000000,28
400,54,0.3908245040,240058528.0000000000,30
400,55,0.2904026060,240067408.0000000000,15
400,56,0.3899039770,240060496.0000000000,14
400,57,0.3275891870,216097376.0000000000,4
400,58,0.3042988140,216099056.0000000000,19
400,59,0.3552352870,216033840.0000000000,3
400,60,0.3905518490,239979248.0000000000,2
400,61,0.3903528810,240070208.0000000000,27
400,62,0.3832251670,240057104.0000000000,8
400,63,0.3681764910,240057136.0000000000,2
400,64,0.3920648720,240066512.0000000000,20
400,65,0.3922482640,240067328.0000000000,26
400,66,0.3824202880,240063296.0000000000,5
400,67,0.3406028290,240065952.0000000000,5
400,68,0.3859625370,240062848.0000000000,7
400,69,0.3555323120,216106032.0000000000,16
400,70,0.3050363140,216100496.0000000000,8
400,71,0.3511911470,216021712.0000000000,10
400,72,0.3060674010,239918624.0000000000,5
400,73,0.3847924100,240054352.0000000000,11
400,74,0.3155576150,240072992.0000000000,17
400,75,0.3348487480,240070256.0000000000,16
400,76,0.3312458540,240054112.0000000000,4
400,77,0.3910135580,240060016.0000000000,9
400,78,0.3918508800,240065408.0000000000,12
400,79,0.3341132690,240057424.0000000000,10
400,80,0.3547104230,240055376.0000000000,7
400,81,0.2884516670,216099776.0000000000,7
400,82,0.2638430670,216096752.0000000000,18
400,83,0.3569539060,215949952.0000000000,24
400,84,0.1315365580,89771424.0000000000,26
400,85,0.1390255610,89823728.0000000000,22
400,86,0.1367423080,89814992.0000000000,11
400,87,0.1380285700,89820048.0000000000,21
400,88,0.1367505990,89822048.0000000000,27
400,89,0.1119225450,89826736.0000000000,28
400,90,0.1321492830,89818432.0000000000,30
400,91,0.1173550070,89827584.0000000000,31
400,92,0.1193113660,89818864.0000000000,29
400,93,0.1195707080,80884624.0000000000,24
400,94,0.1245391540,80883568.0000000000,25
400,95,0.1245824060,80835408.0000000000,23
400,96,0.0210499730,30347312.0000000000,4
400,97,0.0247038520,30347312.0000000000,26
400,98,0.0237301630,30347312.0000000000,24
400,99,0.0247475660,30347312.0000000000,26
400,100,0.0239974280,30347312.0000000000,11
400,101,0.0219172320,30347312.0000000000,13
400,102,0.0229662260,30347312.0000000000,24
400,103,0.0246723020,30347312.0000000000,30
400,104,0.0228583290,30347312.0000000000,29
400,105,0.0241546620,27355696.0000000000,26
400,106,0.0224451760,27355696.0000000000,2
400,107,0.0225976890,27355696.0000000000,2
400,108,0.0232640810,30347312.0000000000,6
400,109,0.0231415760,30347312.0000000000,6
400,110,0.0236382240,30347312.0000000000,3
400,111,0.0228137590,30347312.0000000000,23
400,112,0.0197085890,30347312.0000000000,17
400,113,0.0208285470,30347312.0000000000,5
400,114,0.0262750220,30347312.0000000000,23
400,115,0.0231644290,30347312.0000000000,27
400,116,0.0231518650,30347312.0000000000,29
400,117,0.0225541110,27355696.0000000000,29
400,118,0.0188751510,27355696.0000000000,19
400,119,0.0210151280,27355696.0000000000,24
400,120,0.0196868570,30347312.0000000000,18
400,121,0.0234139030,30347312.0000000000,13
400,122,0.0234818650,30347312.0000000000,3
400,123,0.0211687030,30347312.0000000000,7
400,124,0.0234982250,30347312.0000000000,23
400,125,0.0250362500,30347312.0000000000,12
400,126,0.0246323630,30347312.0000000000,11
400,127,0.0230651780,30347312.0000000000,27
400,128,0.0212788510,30347312.0000000000,21
400,129,0.0241512460,27355696.0000000000,26
400,130,0.0254515060,27355696.0000000000,21
400,131,0.0190236050,27355696.0000000000,17
400,132,0.0249055200,30347312.0000000000,11
400,133,0.0212492310,30347312.0000000000,7
400,134,0.0230065780,30347312.0000000000,22
400,135,0.0263045220,30347312.0000000000,22
400,136,0.0214539560,30347312.0000000000,24
400,137,0.0196893290,30347312.0000000000,18
400,138,0.0238981260,30347312.0000000000,25
400,139,0.0231396240,30347312.0000000000,31
400,140,0.0240273860,30347312.0000000000,25
400,141,0.0215913230,27355696.0000000000,9
400,142,0.0222706810,27355696.0000000000,16
400,143,0.0230953970,27355696.0000000000,0
400,144,0.0247613240,30347312.0000000000,30
400,145,0.0214980120,30347312.0000000000,9
400,146,0.0247190700,30347312.0000000000,30
400,147,0.0228604100,30347312.0000000000,27
400,148,0.0228702050,30347312.0000000000,16
400,149,0.0236009140,30347312.0000000000,22
400,150,0.0249393120,30347312.0000000000,20
400,151,0.0227919960,30347312.0000000000,8
400,152,0.0247408440,30347312.0000000000,26
400,153,0.0245847290,27355696.0000000000,1
400,154,0.0234881940,27355696.0000000000,1
400,155,0.0247238420,27355696.0000000000,31
400,156,0.0213806960,30347312.0000000000,28
400,157,0.0214231910,30347312.0000000000,9
400,158,0.0220994510,30347312.0000000000,23
400,159,0.0249437830,30347312.0000000000,25
400,160,0.0221299290,30347312.0000000000,22
400,161,0.0174106110,30347312.0000000000,23
400,162,0.0236314600,30347312.0000000000,21
400,163,0.0251680130,30347312.0000000000,20
400,164,0.0196802430,30347312.0000000000,19
400,165,0.0164967620,27355696.0000000000,22
400,166,0.0231211690,27355696.0000000000,0
400,167,0.0221818700,27355696.0000000000,11
400,168,0.0167642680,30347312.0000000000,22
400,169,0.0251611320,30347312.0000000000,12
400,170,0.0246044190,30347312.0000000000,31
400,171,0.0232032340,30347312.0000000000,27
400,172,0.0227439320,30347312.0000000000,8
400,173,0.0213913440,30347312.0000000000,28
400,174,0.0234799400,30347312.0000000000,14
400,175,0.0242679710,30347312.0000000000,30
400,176,0.0227402950,30347312.0000000000,6
400,177,0.0156042820,27355696.0000000000,22
400,178,0.0230823940,27355696.0000000000,2
400,179,0.0245606130,27355696.0000000000,12
400,180,0.0214277070,30347312.0000000000,28
400,181,0.0231719860,30347312.0000000000,29
400,182,0.0232088160,30347312.0000000000,31
400,183,0.0251030240,30347312.0000000000,25
400,184,0.0250202400,30347312.0000000000,2
400,185,0.0221418020,30347312.0000000000,21
400,186,0.0231327400,30347312.0000000000,29
400,187,0.0215503530,30347312.0000000000,28
400,188,0.0196502340,30347312.0000000000,15
400,189,0.0246691720,27355696.0000000000,29
400,190,0.0226371010,27355696.0000000000,31
400,191,0.0228698250,27355696.0000000000,14
400,192,0.0170636340,30347312.0000000000,21
400,193,0.0228725610,30347312.0000000000,19
400,194,0.0236518950,30347312.0000000000,14
400,195,0.0235561270,30347312.0000000000,25
400,196,0.0211355640,30347312.0000000000,10
400,197,0.0237537670,30347312.0000000000,0
400,198,0.0243267960,30347312.0000000000,29
400,199,0.0246188960,30347312.0000000000,26
400,200,0.0249630050,30347312.0000000000,29
400,201,0.0207900030,27355696.0000000000,28
400,202,0.0208345000,27355696.0000000000,28
400,203,0.0160850380,27355696.0000000000,21
400,204,0.0215612940,30347312.0000000000,28
400,205,0.0241861930,30347312.0000000000,30
400,206,0.0236887730,30347312.0000000000,0
400,207,0.0256947780,30347312.0000000000,1
400,208,0.0228782310,30347312.0000000000,16
400,209,0.0230545870,30347312.0000000000,27
400,210,0.0223612920,30347312.0000000000,5
400,211,0.0210411260,30347312.0000000000,4
400,212,0.0228574360,30347312.0000000000,25
400,213,0.0168647380,27355696.0000000000,23
400,214,0.0245676380,27355696.0000000000,12
400,215,0.0206310230,27355696.0000000000,10
400,216,0.0200422080,30347312.0000000000,11
400,217,0.0229448550,30347312.0000000000,28
400,218,0.0213816890,30347312.0000000000,24
400,219,0.0228764120,30347312.0000000000,27
400,220,0.0247816820,30347312.0000000000,27
400,221,0.0223801020,30347312.0000000000,17
400,222,0.0226138120,30347312.0000000000,8
400,223,0.0162365210,30347312.0000000000,21
400,224,0.0212037530,30347312.0000000000,4
400,225,0.0211421860,27355696.0000000000,9
400,226,0.0224349110,27355696.0000000000,25
400,227,0.0161780040,27355696.0000000000,11
400,228,0.0225628190,30347312.0000000000,5
400,229,0.0161369700,30347312.0000000000,23
400,230,0.0252615210,30347312.0000000000,20
400,231,0.0242312310,30347312.0000000000,26
400,232,0.0231820730,30347312.0000000000,25
400,233,0.0244004450,30347312.0000000000,1
400,234,0.0210762510,30347312.0000000000,15
400,235,0.0246148820,30347312.0000000000,30
400,236,0.0195168690,30347312.0000000000,2
400,237,0.0157549930,27355696.0000000000,22
400,238,0.0215650530,27355696.0000000000,13
400,239,0.0206790900,27355696.0000000000,7
400,240,0.0215480100,30347312.0000000000,14
400,241,0.0162925050,30347312.0000000000,21
400,242,0.0228332950,30347312.0000000000,18
400,243,0.0249497210,30347312.0000000000,20
400,244,0.0212719140,30347312.0000000000,4
400,245,0.0218351840,30347312.0000000000,13
400,246,0.0235834890,30347312.0000000000,3
400,247,0.0225921080,30347312.0000000000,0
400,248,0.0228335260,30347312.0000000000,17
400,249,0.0208129270,27355696.0000000000,24
400,250,0.0241184120,27355696.0000000000,30
400,251,0.0160160600,27355696.0000000000,11
400,252,0.0165515880,30347312.0000000000,23
400,253,0.0231885960,30347312.0000000000,31
400,254,0.0225377130,30347312.0000000000,5
400,255,0.0228486620,30347312.0000000000,19
400,256,0.0161967500,30347312.0000000000,11
400,257,0.0211131720,30347312.0000000000,10
400,258,0.0247720550,30347312.0000000000,27
400,259,0.0226709130,30347312.0000000000,15
400,260,0.0214742260,30347312.0000000000,24
400,261,0.0222627960,27355696.0000000000,16
400,262,0.0223058250,27355696.0000000000,6
400,263,0.0225403650,27355696.0000000000,26
400,264,0.0235454170,30347312.0000000000,3
400,265,0.0200721570,30347312.0000000000,10
400,266,0.0228868570,30347312.0000000000,18
400,267,0.0247052650,30347312.0000000000,30
400,268,0.0223069310,30347312.0000000000,8
400,269,0.0232018030,30347312.0000000000,31
400,270,0.0217731990,30347312.0000000000,3
400,271,0.0232002560,30347312.0000000000,31
400,272,0.0179779840,30347312.0000000000,24
400,273,0.0219752540,27355696.0000000000,15
400,274,0.0207211310,27355696.0000000000,7
400,275,0.0190816910,27355696.0000000000,1
450,0,8.5344139366,157650608.0000000000,0
450,1,8.9898297343,156918896.0000000000,14
450,2,8.4624747153,155334736.0000000000,17
450,3,8.5931213263,153494880.0000000000,6
450,4,8.7186351783,150098128.0000000000,20
450,5,8.5136019647,147202272.0000000000,12
450,6,7.9225933308,148164320.0000000000,2
450,7,8.3207473450,152851088.0000000000,19
450,8,8.6804957217,158463056.0000000000,13
450,9,8.3711804599,145899728.0000000000,1
450,10,8.0858611169,145967936.0000000000,9
450,11,7.9890078888,145063424.0000000000,3
450,12,12.5650807395,239922304.0000000000,1
450,13,12.3745001836,240457424.0000000000,27
450,14,12.8333267721,241762560.0000000000,31
450,15,13.0483451682,245093664.0000000000,22
450,16,13.4570453963,250264704.0000000000,31
450,17,13.3857574055,254253696.0000000000,24
450,18,13.3786834985,253587072.0000000000,15
450,19,13.2124995168,248849136.0000000000,13
450,20,12.7195873148,243938272.0000000000,18
450,21,11.5977954481,217204704.0000000000,0
450,22,10.6685412055,216363248.0000000000,13
450,23,11.3940535516,216002048.0000000000,21
450,24,12.5130364615,239993088.0000000000,28
450,25,12.4947647870,240063376.0000000000,6
450,26,12.6657959687,240067488.0000000000,0
450,27,12.5417485503,240061568.0000000000,3
450,28,12.6119653867,240063312.0000000000,21
450,29,12.3505700691,240064080.0000000000,25
450,30,12.4395667317,240062384.0000000000,23
450,31,12.3707658145,240064464.0000000000,17
450,32,12.3453104775,240062928.0000000000,29
450,33,10.1002639132,216101504.0000000000,15
450,34,11.2327143267,216096528.0000000000,11
450,35,11.4341806915,216029776.0000000000,1
450,36,12.5769708990,239992368.0000000000,12
450,37,12.6055456669,240064432.0000000000,22
450,38,12.4127674203,240059040.0000000000,26
450,39,11.5176009813,240064080.0000000000,18
450,40,12.4006665826,240060288.0000000000,30
450,41,12.2904993102,240065952.0000000000,10
450,42,12.4213126319,240064816.0000000000,4
450,43,12.6393008432,240061056.0000000000,23
450,44,12.3224189982,240064432.0000000000,8
450,45,11.4406572126,216100272.0000000000,25
450,46,11.3376902747,216100000.0000000000,9
450,47,11.3659297057,216027216.0000000000,6
450,48,12.5038036321,239990320.0000000000,29
450,49,12.5600658483,240060384.0000000000,20
450,50,12.5197252725,240066240.0000000000,14
450,51,12.3671791467,240063632.0000000000,16
450,52,12.5201167155,240060384.0000000000,19
450,53,12.5844702339,240062544.0000000000,28
450,54,12.5700324109,240061728.0000000000,30
450,55,9.8930900798,240062672.0000000000,15
450,56,12.6007102408,240065264.0000000000,14
450,57,11.4692076938,216099488.0000000000,4
450,58,10.2888892673,216101968.0000000000,19
450,59,11.4218486710,216030128.0000000000,3
450,60,12.5297076051,239977936.0000000000,2
450,61,12.5979148495,240069344.0000000000,27
450,62,12.5502088573,240057808.0000000000,8
450,63,12.2165856913,240061728.0000000000,2
450,64,12.6081316332,240068176.0000000000,20
450,65,12.5368855942,240065520.0000000000,26
450,66,12.3296664859,240062944.0000000000,5
450,67,12.5058423491,240064144.0000000000,5
450,68,12.3928628831,240068336.0000000000,7
450,69,11.3941773047,216102720.0000000000,16
450,70,10.2397807737,216103872.0000000000,8
450,71,11.3872608165,216016048.0000000000,10
450,72,10.6249489485,239895168.0000000000,5
450,73,12.6144152942,240058352.0000000000,11
450,74,10.6846368910,240074128.0000000000,17
450,75,11.5638835905,240065984.0000000000,16
450,76,11.1436805986,240056240.0000000000,4
450,77,12.4924791276,240060208.0000000000,9
450,78,12.5712361369,240066336.0000000000,12
450,79,11.5673609313,240056896.0000000000,10
450,80,12.5068041043,240052496.0000000000,7
450,81,9.6748370926,216099728.0000000000,7
450,82,9.8080842206,216094336.0000000000,18
450,83,11.3517990903,215929632.0000000000,24
450,84,4.1890416647,89765104.0000000000,26
450,85,4.4654153079,89822368.0000000000,22
450,86,4.3929030347,89813392.0000000000,11
450,87,4.3818526343,89821344.0000000000,21
450,88,4.3719084754,89823232.0000000000,27
450,89,4.0736033810,89825296.0000000000,28
450,90,4.2029117012,89818704.0000000000,30
450,91,3.8209882890,89824448.0000000000,31
450,92,3.5888317268,89819360.0000000000,29
450,93,3.8251785359,80886992.0000000000,24
450,94,3.9549660900,80883920.0000000000,25
450,95,4.1306881269,80830592.0000000000,23
450,96,0.7493511314,30347312.0000000000,4
450,97,0.7498093122,30347312.0000000000,26
450,98,0.7070740512,30347312.0000000000,24
450,99,0.7504746258,30347312.0000000000,26
450,100,0.7801394097,30347312.0000000000,11
450,101,0.6587556102,30347312.0000000000,13
450,102,0.7285760032,30347312.0000000000,24
450,103,0.7490312265,30347312.0000000000,30
450,104,0.7169187971,30347312.0000000000,29
450,105,0.7289253006,27355696.0000000000,26
450,106,0.7136555050,27355696.0000000000,2
450,107,0.7025371396,27355696.0000000000,2
450,108,0.6956522395,30347312.0000000000,6
450,109,0.6959688133,30347312.0000000000,6
450,110,0.7878006877,30347312.0000000000,3
450,111,0.7391193985,30347312.0000000000,23
450,112,0.6481589472,30347312.0000000000,17
450,113,0.7009276840,30347312.0000000000,5
450,114,0.8137890212,30347312.0000000000,23
450,115,0.7591055955,30347312.0000000000,27
450,116,0.7304283035,30347312.0000000000,29
450,117,0.7146327646,27355696.0000000000,29
450,118,0.6705261180,27355696.0000000000,19
450,119,0.7276845784,27355696.0000000000,24
450,120,0.6598067843,30347312.0000000000,18
450,121,0.6614016361,30347312.0000000000,13
450,122,0.7865826256,30347312.0000000000,3
450,123,0.7120321690,30347312.0000000000,7
450,124,0.7540504328,30347312.0000000000,23
450,125,0.7943978609,30347312.0000000000,12
450,126,0.7560103197,30347312.0000000000,11
450,127,0.7574954990,30347312.0000000000,27
450,128,0.7454716818,30347312.0000000000,21
450,129,0.7288985963,27355696.0000000000,26
450,130,0.7922563328,27355696.0000000000,21
450,131,0.6278644522,27355696.0000000000,17
450,132,0.8101951022,30347312.0000000000,11
450,133,0.7166982521,30347312.0000000000,7
450,134,0.7325059000,30347312.0000000000,22
450,135,0.8120624747,30347312.0000000000,22
450,136,0.7620148843,30347312.0000000000,24
450,137,0.6692192853,30347312.0000000000,18
450,138,0.7546495882,30347312.0000000000,25
450,139,0.8000510929,30347312.0000000000,31
450,140,0.7493351157,30347312.0000000000,25
450,141,0.6481717340,27355696.0000000000,9
450,142,0.7534457784,27355696.0000000000,16
450,143,0.7988140070,27355696.0000000000,0
450,144,0.7462745924,30347312.0000000000,30
450,145,0.6760618595,30347312.0000000000,9
450,146,0.7432014873,30347312.0000000000,30
450,147,0.7479922998,30347312.0000000000,27
450,148,0.7561443879,30347312.0000000000,16
450,149,0.7620754792,30347312.0000000000,22
450,150,0.7923697968,30347312.0000000000,20
450,151,0.7802805360,30347312.0000000000,8
450,152,0.7476078780,30347312.0000000000,26
450,153,0.7723667440,27355696.0000000000,1
450,154,0.7708189642,27355696.0000000000,1
450,155,0.7679431198,27355696.0000000000,31
450,156,0.7846833596,30347312.0000000000,28
450,157,0.6662363022,30347312.0000000000,9
450,158,0.6952534569,30347312.0000000000,23
450,159,0.7422041474,30347312.0000000000,25
450,160,0.7118774296,30347312.0000000000,22
450,161,0.5643144580,30347312.0000000000,23
450,162,0.7822849710,30347312.0000000000,21
450,163,0.8038228903,30347312.0000000000,20
450,164,0.6896475728,30347312.0000000000,19
450,165,0.5463212010,27355696.0000000000,22
450,166,0.7999585580,27355696.0000000000,0
450,167,0.7348879397,27355696.0000000000,11
450,168,0.5480163624,30347312.0000000000,22
450,169,0.7803672949,30347312.0000000000,12
450,170,0.7802937671,30347312.0000000000,31
450,171,0.7625116266,30347312.0000000000,27
450,172,0.7652580677,30347312.0000000000,8
450,173,0.7774592351,30347312.0000000000,28
450,174,0.7808508586,30347312.0000000000,14
450,175,0.7370205392,30347312.0000000000,30
450,176,0.7019903051,30347312.0000000000,6
450,177,0.5218946635,27355696.0000000000,22
450,178,0.6880249932,27355696.0000000000,2
450,179,0.7802026965,27355696.0000000000,12
450,180,0.7626969758,30347312.0000000000,28
450,181,0.7357107067,30347312.0000000000,29
450,182,0.7775911657,30347312.0000000000,31
450,183,0.7474631574,30347312.0000000000,25
450,184,0.6909562168,30347312.0000000000,2
450,185,0.7324644546,30347312.0000000000,21
450,186,0.7427911922,30347312.0000000000,29
450,187,0.7730538979,30347312.0000000000,28
450,188,0.6406273810,30347312.0000000000,15
450,189,0.7315473520,27355696.0000000000,29
450,190,0.7530093644,27355696.0000000000,31
450,191,0.7501347959,27355696.0000000000,14
450,192,0.5840640814,30347312.0000000000,21
450,193,0.7944479264,30347312.0000000000,19
450,194,0.7987307876,30347312.0000000000,14
450,195,0.7386311630,30347312.0000000000,25
450,196,0.7420981839,30347312.0000000000,10
450,197,0.8119195255,30347312.0000000000,0
450,198,0.7481782428,30347312.0000000000,29
450,199,0.7458002949,30347312.0000000000,26
450,200,0.7454356164,30347312.0000000000,29
450,201,0.7418759582,27355696.0000000000,28
450,202,0.7162285252,27355696.0000000000,28
450,203,0.5491394947,27355696.0000000000,21
450,204,0.6982494605,30347312.0000000000,28
450,205,0.7380439725,30347312.0000000000,30
450,206,0.7741809757,30347312.0000000000,0
450,207,0.7906835356,30347312.0000000000,1
450,208,0.7892915936,30347312.0000000000,16
450,209,0.7710553873,30347312.0000000000,27
450,210,0.7035312726,30347312.0000000000,5
450,211,0.7344555119,30347312.0000000000,4
450,212,0.7261740531,30347312.0000000000,25
450,213,0.5500820112,27355696.0000000000,23
450,214,0.7794580652,27355696.0000000000,12
450,215,0.7858801948,27355696.0000000000,10
450,216,0.6519026773,30347312.0000000000,11
450,217,0.6799510032,30347312.0000000000,28
450,218,0.7777861987,30347312.0000000000,24
450,219,0.7664053049,30347312.0000000000,27
450,220,0.7910959965,30347312.0000000000,27
450,221,0.6927629670,30347312.0000000000,17
450,222,0.7636077742,30347312.0000000000,8
450,223,0.5537945543,30347312.0000000000,21
450,224,0.7368688879,30347312.0000000000,4
450,225,0.6178651189,27355696.0000000000,9
450,226,0.6867620070,27355696.0000000000,25
450,227,0.5338982890,27355696.0000000000,11
450,228,0.7069447627,30347312.0000000000,5
450,229,0.5302024494,30347312.0000000000,23
450,230,0.8033624725,30347312.0000000000,20
450,231,0.7402894945,30347312.0000000000,26
450,232,0.6999417308,30347312.0000000000,25
450,233,0.7873254163,30347312.0000000000,1
450,234,0.6941562799,30347312.0000000000,15
450,235,0.7446830667,30347312.0000000000,30
450,236,0.6493447324,30347312.0000000000,2
450,237,0.5293308531,27355696.0000000000,22
450,238,0.6494897179,27355696.0000000000,13
450,239,0.6976759845,27355696.0000000000,7
450,240,0.7886586217,30347312.0000000000,14
450,241,0.5572395786,30347312.0000000000,21
450,242,0.7321403865,30347312.0000000000,18
450,243,0.7795107348,30347312.0000000000,20
450,244,0.7378039537,30347312.0000000000,4
450,245,0.6834457109,30347312.0000000000,13
450,246,0.7820295605,30347312.0000000000,3
450,247,0.7492438421,30347312.0000000000,0
450,248,0.7036478499,30347312.0000000000,17
450,249,0.7572017459,27355696.0000000000,24
450,250,0.7165195486,27355696.0000000000,30
450,251,0.5309611612,27355696.0000000000,11
450,252,0.5418320456,30347312.0000000000,23
450,253,0.7629855745,30347312.0000000000,31
450,254,0.7089961089,30347312.0000000000,5
450,255,0.8072272317,30347312.0000000000,19
450,256,0.5265326083,30347312.0000000000,11
450,257,0.7343883796,30347312.0000000000,10
450,258,0.7909134136,30347312.0000000000,27
450,259,0.7028235499,30347312.0000000000,15
450,260,0.7740323342,30347312.0000000000,24
450,261,0.7362905574,27355696.0000000000,16
450,262,0.7088813377,27355696.0000000000,6
450,263,0.7006822871,27355696.0000000000,26
450,264,0.7665459632,30347312.0000000000,3
450,265,0.7189787100,30347312.0000000000,10
450,266,0.7256294076,30347312.0000000000,18
450,267,0.7129775492,30347312.0000000000,30
450,268,0.7519100096,30347312.0000000000,8
450,269,0.7595035652,30347312.0000000000,31
450,270,0.6943042231,30347312.0000000000,3
450,271,0.7547430312,30347312.0000000000,31
450,272,0.7750267292,30347312.0000000000,24
450,273,0.6746275449,27355696.0000000000,15
450,274,0.6942143244,27355696.0000000000,7
450,275,0.6742400593,27355696.0000000000,1
500,0,0.2526688190,157103856.0000000000,0
500,1,0.2631686550,155927744.0000000000,14
500,2,0.2486844060,153169600.0000000000,17
500,3,0.2501221980,149341840.0000000000,6
500,4,0.2346842220,142481712.0000000000,20
500,5,0.2295539690,138458528.0000000000,12
500,6,0.2174308100,139095952.0000000000,2
500,7,0.2328602140,146168368.0000000000,19
500,8,0.2650176880,156217104.0000000000,13
500,9,0.2556807220,146208176.0000000000,1
500,10,0.2436970490,146476304.0000000000,9
500,11,0.2398801870,145382512.0000000000,3
500,12,0.3922867180,239922896.0000000000,1
500,13,0.3863058080,240712672.0000000000,27
500,14,0.4049658100,242930720.0000000000,31
500,15,0.4126443390,248663328.0000000000,22
500,16,0.4234498810,257573488.0000000000,31
500,17,0.4473372410,261208560.0000000000,24
500,18,0.3945604330,261268256.0000000000,15
500,19,0.4340035100,255475616.0000000000,13
500,20,0.3873231160,246802112.0000000000,18
500,21,0.3718935310,217989824.0000000000,0
500,22,0.3141722590,216550400.0000000000,13
500,23,0.3450339040,216019520.0000000000,21
500,24,0.3886198080,239990000.0000000000,28
500,25,0.3874630620,240063536.0000000000,6
500,26,0.3930031890,240067456.0000000000,0
500,27,0.3909276070,240060912.0000000000,3
500,28,0.3893760800,240064192.0000000000,21
500,29,0.3848062720,240062336.0000000000,25
500,30,0.3795909550,240067744.0000000000,23
500,31,0.3538379480,240057952.0000000000,17
500,32,0.3833562330,240065504.0000000000,29
500,33,0.2640934470,216101808.0000000000,15
500,34,0.3521572830,216099312.0000000000,11
500,35,0.3542019680,216023472.0000000000,1
500,36,0.3916080550,239989888.0000000000,12
500,37,0.3905148610,240061008.0000000000,22
500,38,0.3846267270,240060720.0000000000,26
500,39,0.3363565480,240066192.0000000000,18
500,40,0.3848394080,240061312.0000000000,30
500,41,0.3821775550,240061968.0000000000,10
500,42,0.3855730180,240064976.0000000000,4
500,43,0.3908007640,240064528.0000000000,23
500,44,0.3805530620,240064560.0000000000,8
500,45,0.3556378220,216100688.0000000000,25
500,46,0.3524825010,216099312.0000000000,9
500,47,0.3529809140,216028560.0000000000,6
500,48,0.3765577010,239986816.0000000000,29
500,49,0.3917109460,240062928.0000000000,20
500,50,0.3908107470,240066800.0000000000,14
500,51,0.3811705850,240059584.0000000000,16
500,52,0.3869931380,240063616.0000000000,19
500,53,0.3873970650,240063504.0000000000,28
500,54,0.3904216090,240061968.0000000000,30
500,55,0.2734485340,240064192.0000000000,15
500,56,0.3898865170,240056544.0000000000,14
500,57,0.3338703270,216102496.0000000000,4
500,58,0.3070473350,216104976.0000000000,19
500,59,0.3568603830,216026256.0000000000,3
500,60,0.3882633580,239976608.0000000000,2
500,61,0.3963824840,240070368.0000000000,27
500,62,0.3622025580,240058272.0000000000,8
500,63,0.3757126710,240061904.0000000000,2
500,64,0.3903884570,240064976.0000000000,20
500,65,0.3888919840,240067888.0000000000,26
500,66,0.3840575370,240064288.0000000000,5
500,67,0.3448650210,240066640.0000000000,5
500,68,0.3839853680,240068592.0000000000,7
500,69,0.3360161670,216099408.0000000000,16
500,70,0.2973789510,216103088.0000000000,8
500,71,0.3538305790,216017520.0000000000,10
500,72,0.3070704580,239874064.0000000000,5
500,73,0.3832546490,240051872.0000000000,11
500,74,0.3192346490,240067008.0000000000,17
500,75,0.3285576320,240066720.0000000000,16
500,76,0.3338409720,240061648.0000000000,4
500,77,0.3886418210,240058112.0000000000,9
500,78,0.3903846390,240057856.0000000000,12
500,79,0.3343710230,240057376.0000000000,10
500,80,0.3530233950,240051552.0000000000,7
500,81,0.2884648370,216101328.0000000000,7
500,82,0.2635941420,216093856.0000000000,18
500,83,0.3513511940,215904864.0000000000,24
500,84,0.1302556200,89762240.0000000000,26
500,85,0.1371132990,89820640.0000000000,22
500,86,0.1335579910,89817728.0000000000,11
500,87,0.1361107190,89821120.0000000000,21
500,88,0.1351057310,89820800.0000000000,27
500,89,0.1357674580,89824368.0000000000,28
500,90,0.1297511480,89824576.0000000000,30
500,91,0.1253994330,89823696.0000000000,31
500,92,0.1193579540,89820944.0000000000,29
500,93,0.1134857920,80884848.0000000000,24
500,94,0.1245695200,80882576.0000000000,25
500,95,0.1272895820,80824288.0000000000,23
500,96,0.0225039380,30347312.0000000000,4
500,97,0.0228376940,30347312.0000000000,26
500,98,0.0214831360,30347312.0000000000,24
500,99,0.0228208580,30347312.0000000000,26
500,100,0.0232544350,30347312.0000000000,11
500,101,0.0191917480,30347312.0000000000,13
500,102,0.0230468670,30347312.0000000000,24
500,103,0.0228041060,30347312.0000000000,30
500,104,0.0228702660,30347312.0000000000,29
500,105,0.0222458180,27355696.0000000000,26
500,106,0.0205122380,27355696.0000000000,2
500,107,0.0206297460,27355696.0000000000,2
500,108,0.0210770770,30347312.0000000000,6
500,109,0.0210728980,30347312.0000000000,6
500,110,0.0250266610,30347312.0000000000,3
500,111,0.0239174000,30347312.0000000000,23
500,112,0.0193855020,30347312.0000000000,17
500,113,0.0208210240,30347312.0000000000,5
500,114,0.0245871490,30347312.0000000000,23
500,115,0.0252876740,30347312.0000000000,27
500,116,0.0231912040,30347312.0000000000,29
500,117,0.0225548750,27355696.0000000000,29
500,118,0.0189851120,27355696.0000000000,19
500,119,0.0224506550,27355696.0000000000,24
500,120,0.0193544940,30347312.0000000000,18
500,121,0.0192221370,30347312.0000000000,13
500,122,0.0251647270,30347312.0000000000,3
500,123,0.0227137220,30347312.0000000000,7
500,124,0.0248950150,30347312.0000000000,23
500,125,0.0251914260,30347312.0000000000,12
500,126,0.0222484450,30347312.0000000000,11
500,127,0.0252439190,30347312.0000000000,27
500,128,0.0222860180,30347312.0000000000,21
500,129,0.0222884710,27355696.0000000000,26
500,130,0.0230556320,27355696.0000000000,21
500,131,0.0187076570,27355696.0000000000,17
500,132,0.0238406740,30347312.0000000000,11
500,133,0.0227239720,30347312.0000000000,7
500,134,0.0222591170,30347312.0000000000,22
500,135,0.0239198050,30347312.0000000000,22
500,136,0.0231972660,30347312.0000000000,24
500,137,0.0193921260,30347312.0000000000,18
500,138,0.0238988300,30347312.0000000000,25
500,139,0.0232116740,30347312.0000000000,31
500,140,0.0240769530,30347312.0000000000,25
500,141,0.0201507550,27355696.0000000000,9
500,142,0.0204015000,27355696.0000000000,16
500,143,0.0247092900,27355696.0000000000,0
500,144,0.0227201740,30347312.0000000000,30
500,145,0.0216764450,30347312.0000000000,9
500,146,0.0226391570,30347312.0000000000,30
500,147,0.0234864240,30347312.0000000000,27
500,148,0.0210160340,30347312.0000000000,16
500,149,0.0225274050,30347312.0000000000,22
500,150,0.0230687960,30347312.0000000000,20
500,151,0.0227999410,30347312.0000000000,8
500,152,0.0228313170,30347312.0000000000,26
500,153,0.0230505220,27355696.0000000000,1
500,154,0.0230538680,27355696.0000000000,1
500,155,0.0226358910,27355696.0000000000,31
500,156,0.0228738710,30347312.0000000000,28
500,157,0.0197733680,30347312.0000000000,9
500,158,0.0228012320,30347312.0000000000,23
500,159,0.0249392390,30347312.0000000000,25
500,160,0.0217781720,30347312.0000000000,22
500,161,0.0168126490,30347312.0000000000,23
500,162,0.0225539060,30347312.0000000000,21
500,163,0.0234010260,30347312.0000000000,20
500,164,0.0212406170,30347312.0000000000,19
500,165,0.0161507530,27355696.0000000000,22
500,166,0.0246997910,27355696.0000000000,0
500,167,0.0218811680,27355696.0000000000,11
500,168,0.0164332880,30347312.0000000000,22
500,169,0.0251694540,30347312.0000000000,12
500,170,0.0231618070,30347312.0000000000,31
500,171,0.0240906710,30347312.0000000000,27
500,172,0.0227745510,30347312.0000000000,8
500,173,0.0255224760,30347312.0000000000,28
500,174,0.0241166460,30347312.0000000000,14
500,175,0.0225313600,30347312.0000000000,30
500,176,0.0210574190,30347312.0000000000,6
500,177,0.0152588760,27355696.0000000000,22
500,178,0.0205639090,27355696.0000000000,2
500,179,0.0246027950,27355696.0000000000,12
500,180,0.0227488200,30347312.0000000000,28
500,181,0.0231660750,30347312.0000000000,29
500,182,0.0252802400,30347312.0000000000,31
500,183,0.0250975970,30347312.0000000000,25
500,184,0.0202334410,30347312.0000000000,2
500,185,0.0218349290,30347312.0000000000,21
500,186,0.0231233420,30347312.0000000000,29
500,187,0.0230043940,30347312.0000000000,28
500,188,0.0193267480,30347312.0000000000,15
500,189,0.0246602310,27355696.0000000000,29
500,190,0.0240253350,27355696.0000000000,31
500,191,0.0248154410,27355696.0000000000,14
500,192,0.0167702980,30347312.0000000000,21
500,193,0.0228422320,30347312.0000000000,19
500,194,0.0243829500,30347312.0000000000,14
500,195,0.0235355190,30347312.0000000000,25
500,196,0.0215080020,30347312.0000000000,10
500,197,0.0253055780,30347312.0000000000,0
500,198,0.0243934340,30347312.0000000000,29
500,199,0.0228088160,30347312.0000000000,26
500,200,0.0249352440,30347312.0000000000,29
500,201,0.0208289620,27355696.0000000000,28
500,202,0.0205786070,27355696.0000000000,28
500,203,0.0157504310,27355696.0000000000,21
500,204,0.0210491080,30347312.0000000000,28
500,205,0.0225672480,30347312.0000000000,30
500,206,0.0241818830,30347312.0000000000,0
500,207,0.0225547160,30347312.0000000000,1
500,208,0.0209329340,30347312.0000000000,16
500,209,0.0252577760,30347312.0000000000,27
500,210,0.0209319560,30347312.0000000000,5
500,211,0.0225151690,30347312.0000000000,4
500,212,0.0228595630,30347312.0000000000,25
500,213,0.0174960840,27355696.0000000000,23
500,214,0.0245773840,27355696.0000000000,12
500,215,0.0208565850,27355696.0000000000,10
500,216,0.0197236930,30347312.0000000000,11
500,217,0.0211577980,30347312.0000000000,28
500,218,0.0231590010,30347312.0000000000,24
500,219,0.0248004520,30347312.0000000000,27
500,220,0.0235488860,30347312.0000000000,27
500,221,0.0205800550,30347312.0000000000,17
500,222,0.0227755830,30347312.0000000000,8
500,223,0.0146355570,30347312.0000000000,21
500,224,0.0226260450,30347312.0000000000,4
500,225,0.0193551800,27355696.0000000000,9
500,226,0.0224585590,27355696.0000000000,25
500,227,0.0158623420,27355696.0000000000,11
500,228,0.0210128650,30347312.0000000000,5
500,229,0.0161494720,30347312.0000000000,23
500,230,0.0233768690,30347312.0000000000,20
500,231,0.0225726480,30347312.0000000000,26
500,232,0.0232003230,30347312.0000000000,25
500,233,0.0236680700,30347312.0000000000,1
500,234,0.0208089830,30347312.0000000000,15
500,235,0.0228175940,30347312.0000000000,30
500,236,0.0217113990,30347312.0000000000,2
500,237,0.0154145370,27355696.0000000000,22
500,238,0.0186906110,27355696.0000000000,13
500,239,0.0222504020,27355696.0000000000,7
500,240,0.0239900420,30347312.0000000000,14
500,241,0.0159734110,30347312.0000000000,21
500,242,0.0209831390,30347312.0000000000,18
500,243,0.0230427280,30347312.0000000000,20
500,244,0.0227576250,30347312.0000000000,4
500,245,0.0192487260,30347312.0000000000,13
500,246,0.0250084770,30347312.0000000000,3
500,247,0.0246889200,30347312.0000000000,0
500,248,0.0209294870,30347312.0000000000,17
500,249,0.0207137590,27355696.0000000000,24
500,250,0.0221164370,27355696.0000000000,30
500,251,0.0156729080,27355696.0000000000,11
500,252,0.0165359160,30347312.0000000000,23
500,253,0.0253225110,30347312.0000000000,31
500,254,0.0211124460,30347312.0000000000,5
500,255,0.0227043840,30347312.0000000000,19
500,256,0.0158519830,30347312.0000000000,11
500,257,0.0230260950,30347312.0000000000,10
500,258,0.0231227450,30347312.0000000000,27
500,259,0.0208934950,30347312.0000000000,15
500,260,0.0214045820,30347312.0000000000,24
500,261,0.0203973340,27355696.0000000000,16
500,262,0.0205991050,27355696.0000000000,6
500,263,0.0221632400,27355696.0000000000,26
500,264,0.0238293620,30347312.0000000000,3
500,265,0.0219731760,30347312.0000000000,10
500,266,0.0209433140,30347312.0000000000,18
500,267,0.0211528990,30347312.0000000000,30
500,268,0.0222853380,30347312.0000000000,8
500,269,0.0241547740,30347312.0000000000,31
500,270,0.0244558320,30347312.0000000000,3
500,271,0.0235504990,30347312.0000000000,31
500,272,0.0229846150,30347312.0000000000,24
500,273,0.0200573960,27355696.0000000000,15
500,274,0.0222632350,27355696.0000000000,7
500,275,0.0165608730,27355696.0000000000,1
550,0,8.4308402172,156640992.0000000000,0
550,1,8.7672782408,155027616.0000000000,14
550,2,8.0971736919,151116480.0000000000,17
550,3,7.8389636999,145534576.0000000000,6
550,4,7.7021318437,138546656.0000000000,20
550,5,7.6191293968,138145216.0000000000,12
550,6,6.9859514509,138273392.0000000000,2
550,7,7.5844621383,141081360.0000000000,19
550,8,8.4541977515,154304000.0000000000,13
550,9,8.2947858781,146626048.0000000000,1
550,10,8.1661121394,146970672.0000000000,9
550,11,8.0773089478,145678080.0000000000,3
550,12,12.6655886182,239918224.0000000000,1
550,13,12.6009099201,240948432.0000000000,27
550,14,13.1003535591,243968848.0000000000,31
550,15,13.6983604764,251826544.0000000000,22
550,16,14.1301814022,260499600.0000000000,31
550,17,14.4071321822,261255248.0000000000,24
550,18,14.3521449146,261419056.0000000000,15
550,19,14.3396453018,259942848.0000000000,13
550,20,13.3202767595,249535248.0000000000,18
550,21,11.7892123513,218730816.0000000000,0
550,22,10.5694765709,216725120.0000000000,13
550,23,11.3990146404,216042256.0000000000,21
550,24,12.4902536364,239984688.0000000000,28
550,25,12.4764795587,240061872.0000000000,6
550,26,12.6104181711,240063968.0000000000,0
550,27,12.5416860329,240066320.0000000000,3
550,28,12.5657713421,240064720.0000000000,21
550,29,12.3352805554,240062112.0000000000,25
550,30,12.4718598730,240064656.0000000000,23
550,31,12.4361675757,240059824.0000000000,17
550,32,12.3671228640,240065872.0000000000,29
550,33,9.6591133088,216100256.0000000000,15
550,34,11.2405922403,216099040.0000000000,11
550,35,11.4290439444,216022512.0000000000,1
550,36,12.6014545901,239985584.0000000000,12
550,37,12.5929059674,240064752.0000000000,22
550,38,12.3708965573,240066528.0000000000,26
550,39,11.5509929815,240062272.0000000000,18
550,40,12.4414108123,240063584.0000000000,30
550,41,12.3437344609,240063408.0000000000,10
550,42,12.4681662625,240058064.0000000000,4
550,43,12.6363180440,240065072.0000000000,23
550,44,12.2729723708,240060480.0000000000,8
550,45,11.4293845909,216104608.0000000000,25
550,46,11.4356640459,216098800.0000000000,9
550,47,11.3527982274,216024544.0000000000,6
550,48,12.5141903993,239986352.0000000000,29
550,49,12.6063320302,240059984.0000000000,20
550,50,12.5038411518,240061696.0000000000,14
550,51,12.3319085689,240060752.0000000000,16
550,52,12.4732591856,240060784.0000000000,19
550,53,12.5272018308,240066944.0000000000,28
550,54,12.5699872762,240064944.0000000000,30
550,55,9.8525338685,240063584.0000000000,15
550,56,12.5483282473,240060896.0000000000,14
550,57,11.4336687331,216100064.0000000000,4
550,58,10.3454888991,216103168.0000000000,19
550,59,11.4039278316,216025696.0000000000,3
550,60,12.5388329978,239973216.0000000000,2
550,61,12.6131834740,240073712.0000000000,27
550,62,12.5363117863,240064528.0000000000,8
550,63,12.3678705918,240064448.0000000000,2
550,64,12.6111279681,240067328.0000000000,20
550,65,12.5037542947,240068704.0000000000,26
550,66,12.3813945665,240069232.0000000000,5
550,67,12.4835754602,240065472.0000000000,5
550,68,12.3485747981,240070240.0000000000,7
550,69,11.4617790322,216104432.0000000000,16
550,70,9.9229804812,216106016.0000000000,8
550,71,11.4034003576,216015168.0000000000,10
550,72,10.6625296704,239849264.0000000000,5
550,73,12.7413490491,240050000.0000000000,11
550,74,10.7497204022,240064704.0000000000,17
550,75,11.0713725538,240062080.0000000000,16
550,76,11.1955814366,240059936.0000000000,4
550,77,12.6282599166,240057200.0000000000,9
550,78,12.5914203558,240052928.0000000000,12
550,79,11.5953039049,240056032.0000000000,10
550,80,12.5257235830,240049440.0000000000,7
550,81,9.7621106528,216094304.0000000000,7
550,82,9.8526670510,216092208.0000000000,18
550,83,11.3203212603,215886256.0000000000,24
550,84,4.1626728106,89757376.0000000000,26
550,85,4.4404333058,89822080.0000000000,22
550,86,4.3051388113,89817408.0000000000,11
550,87,4.4299719505,89824896.0000000000,21
550,88,4.4138916010,89823136.0000000000,27
550,89,4.3516481857,89823248.0000000000,28
550,90,4.1833010978,89824192.0000000000,30
550,91,3.8241597839,89825872.0000000000,31
550,92,3.5893234436,89820976.0000000000,29
550,93,3.6969182356,80884688.0000000000,24
550,94,3.9451971779,80885088.0000000000,25
550,95,4.0755878223,80816848.0000000000,23
550,96,0.7435940921,30347312.0000000000,4
550,97,0.7387372089,30347312.0000000000,26
550,98,0.7421983207,30347312.0000000000,24
550,99,0.7394225729,30347312.0000000000,26
550,100,0.7763269746,30347312.0000000000,11
550,101,0.7009416341,30347312.0000000000,13
550,102,0.7722415992,30347312.0000000000,24
550,103,0.7388957227,30347312.0000000000,30
550,104,0.7139431239,30347312.0000000000,29
550,105,0.7197680799,27355696.0000000000,26
550,106,0.6885017227,27355696.0000000000,2
550,107,0.7663373294,27355696.0000000000,2
550,108,0.6772009138,30347312.0000000000,6
550,109,0.6786742869,30347312.0000000000,6
550,110,0.7726674573,30347312.0000000000,3
550,111,0.7460840345,30347312.0000000000,23
550,112,0.6433363692,30347312.0000000000,17
550,113,0.7048519312,30347312.0000000000,5
550,114,0.8430427990,30347312.0000000000,23
550,115,0.8236311275,30347312.0000000000,27
550,116,0.7239177488,30347312.0000000000,29
550,117,0.7038925046,27355696.0000000000,29
550,118,0.6282961565,27355696.0000000000,19
550,119,0.7521653028,27355696.0000000000,24
550,120,0.6476405849,30347312.0000000000,18
550,121,0.7020874487,30347312.0000000000,13
550,122,0.7724366504,30347312.0000000000,3
550,123,0.7102559264,30347312.0000000000,7
550,124,0.7710779934,30347312.0000000000,23
550,125,0.8023648900,30347312.0000000000,12
550,126,0.7433127638,30347312.0000000000,11
550,127,0.8065627762,30347312.0000000000,27
550,128,0.7438513018,30347312.0000000000,21
550,129,0.7192386609,27355696.0000000000,26
550,130,0.7609607090,27355696.0000000000,21
550,131,0.6313569221,27355696.0000000000,17
550,132,0.8210774345,30347312.0000000000,11
550,133,0.7008843168,30347312.0000000000,7
550,134,0.7420954588,30347312.0000000000,22
550,135,0.7807133282,30347312.0000000000,22
550,136,0.7738854214,30347312.0000000000,24
550,137,0.7015619892,30347312.0000000000,18
550,138,0.7443365845,30347312.0000000000,25
550,139,0.7591144452,30347312.0000000000,31
550,140,0.7428228762,30347312.0000000000,25
550,141,0.6946495264,27355696.0000000000,9
550,142,0.6782500337,27355696.0000000000,16
550,143,0.7444646992,27355696.0000000000,0
550,144,0.7370276997,30347312.0000000000,30
550,145,0.7006691920,30347312.0000000000,9
550,146,0.7343984978,30347312.0000000000,30
550,147,0.7527999538,30347312.0000000000,27
550,148,0.6954158839,30347312.0000000000,16
550,149,0.7676247129,30347312.0000000000,22
550,150,0.7622365287,30347312.0000000000,20
550,151,0.7308607479,30347312.0000000000,8
550,152,0.7379778155,30347312.0000000000,26
550,153,0.7744957212,27355696.0000000000,1
550,154,0.7744234855,27355696.0000000000,1
550,155,0.7381291068,27355696.0000000000,31
550,156,0.7433162414,30347312.0000000000,28
550,157,0.6793656087,30347312.0000000000,9
550,158,0.7062668860,30347312.0000000000,23
550,159,0.7360279358,30347312.0000000000,25
550,160,0.7332258640,30347312.0000000000,22
550,161,0.5209458902,30347312.0000000000,23
550,162,0.7753238864,30347312.0000000000,21
550,163,0.7698656837,30347312.0000000000,20
550,164,0.6634005645,30347312.0000000000,19
550,165,0.5461545780,27355696.0000000000,22
550,166,0.7308296285,27355696.0000000000,0
550,167,0.7626679272,27355696.0000000000,11
550,168,0.5500160988,30347312.0000000000,22
550,169,0.8031971678,30347312.0000000000,12
550,170,0.7589761743,30347312.0000000000,31
550,171,0.7625089293,30347312.0000000000,27
550,172,0.7285690349,30347312.0000000000,8
550,173,0.7808647135,30347312.0000000000,28
550,174,0.7882623442,30347312.0000000000,14
550,175,0.7289429796,30347312.0000000000,30
550,176,0.7335476082,30347312.0000000000,6
550,177,0.5506302758,27355696.0000000000,22
550,178,0.7408759424,27355696.0000000000,2
550,179,0.7835727967,27355696.0000000000,12
550,180,0.7656016257,30347312.0000000000,28
550,181,0.7251853004,30347312.0000000000,29
550,182,0.7606150433,30347312.0000000000,31
550,183,0.7352218910,30347312.0000000000,25
550,184,0.6939429682,30347312.0000000000,2
550,185,0.7609622958,30347312.0000000000,21
550,186,0.7325022546,30347312.0000000000,29
550,187,0.7708279937,30347312.0000000000,28
550,188,0.6385105338,30347312.0000000000,15
550,189,0.7207235261,27355696.0000000000,29
550,190,0.7383922824,27355696.0000000000,31
550,191,0.7567124494,27355696.0000000000,14
550,192,0.5787549171,30347312.0000000000,21
550,193,0.7590556019,30347312.0000000000,19
550,194,0.8176631102,30347312.0000000000,14
550,195,0.7317519227,30347312.0000000000,25
550,196,0.7593535649,30347312.0000000000,10
550,197,0.7452093416,30347312.0000000000,0
550,198,0.7394800115,30347312.0000000000,29
550,199,0.7374329559,30347312.0000000000,26
550,200,0.7397470990,30347312.0000000000,29
550,201,0.7526383481,27355696.0000000000,28
550,202,0.7121308663,27355696.0000000000,28
550,203,0.5401411922,27355696.0000000000,21
550,204,0.7250556377,30347312.0000000000,28
550,205,0.7298337431,30347312.0000000000,30
550,206,0.7357347841,30347312.0000000000,0
550,207,0.7957841413,30347312.0000000000,1
550,208,0.6951545774,30347312.0000000000,16
550,209,0.7594549495,30347312.0000000000,27
550,210,0.7081352527,30347312.0000000000,5
550,211,0.7275782379,30347312.0000000000,4
550,212,0.7198939424,30347312.0000000000,25
550,213,0.4904806804,27355696.0000000000,23
550,214,0.7781550497,27355696.0000000000,12
550,215,0.7534446890,27355696.0000000000,10
550,216,0.6625162766,30347312.0000000000,11
550,217,0.7122669279,30347312.0000000000,28
550,218,0.7649667578,30347312.0000000000,24
550,219,0.7458403727,30347312.0000000000,27
550,220,0.7591164336,30347312.0000000000,27
550,221,0.6913135668,30347312.0000000000,17
550,222,0.7247816525,30347312.0000000000,8
550,223,0.5749023565,30347312.0000000000,21
550,224,0.7034740091,30347312.0000000000,4
550,225,0.6223684228,27355696.0000000000,9
550,226,0.6837515182,27355696.0000000000,25
550,227,0.5439727392,27355696.0000000000,11
550,228,0.7147140894,30347312.0000000000,5
550,229,0.4653889834,30347312.0000000000,23
550,230,0.7651189308,30347312.0000000000,20
550,231,0.7300674512,30347312.0000000000,26
550,232,0.7035784520,30347312.0000000000,25
550,233,0.7898512278,30347312.0000000000,1
550,234,0.6994281368,30347312.0000000000,15
550,235,0.7371740894,30347312.0000000000,30
550,236,0.6632893758,30347312.0000000000,2
550,237,0.5461220122,27355696.0000000000,22
550,238,0.6945670868,27355696.0000000000,13
550,239,0.6818321281,27355696.0000000000,7
550,240,0.7965837639,30347312.0000000000,14
550,241,0.5383775471,30347312.0000000000,21
550,242,0.7289129672,30347312.0000000000,18
550,243,0.7182283523,30347312.0000000000,20
550,244,0.6953249966,30347312.0000000000,4
550,245,0.6942378153,30347312.0000000000,13
550,246,0.7681381052,30347312.0000000000,3
550,247,0.6974469644,30347312.0000000000,0
550,248,0.7012433635,30347312.0000000000,17
550,249,0.7039599137,27355696.0000000000,24
550,250,0.6974129532,27355696.0000000000,30
550,251,0.5565342872,27355696.0000000000,11
550,252,0.4778433828,30347312.0000000000,23
550,253,0.7606699400,30347312.0000000000,31
550,254,0.7104610838,30347312.0000000000,5
550,255,0.7773938702,30347312.0000000000,19
550,256,0.5318972204,30347312.0000000000,11
550,257,0.7883611080,30347312.0000000000,10
550,258,0.7571606926,30347312.0000000000,27
550,259,0.7070274719,30347312.0000000000,15
550,260,0.7822645581,30347312.0000000000,24
550,261,0.6738288033,27355696.0000000000,16
550,262,0.7239043660,27355696.0000000000,6
550,263,0.7055779935,27355696.0000000000,26
550,264,0.7498089756,30347312.0000000000,3
550,265,0.7215005431,30347312.0000000000,10
550,266,0.7028052222,30347312.0000000000,18
550,267,0.6876393146,30347312.0000000000,30
550,268,0.7092765179,30347312.0000000000,8
550,269,0.7598695792,30347312.0000000000,31
550,270,0.6854019537,30347312.0000000000,3
550,271,0.8000370195,30347312.0000000000,31
550,272,0.7748123289,30347312.0000000000,24
550,273,0.6804295775,27355696.0000000000,15
550,274,0.6805599267,27355696.0000000000,7
550,275,0.7152724412,27355696.0000000000,1
600,0,0.2519947090,156222544.0000000000,0
600,1,0.2577642040,154211552.0000000000,14
600,2,0.2370218870,149219760.0000000000,17
600,3,0.2330875900,142384160.0000000000,6
600,4,0.2275222470,137877952.0000000000,20
600,5,0.2274198150,138123936.0000000000,12
600,6,0.2215014550,138181392.0000000000,2
600,7,0.2174701730,139278224.0000000000,19
600,8,0.2569761720,153321840.0000000000,13
600,9,0.2515884220,147278000.0000000000,1
600,10,0.2482355580,147458656.0000000000,9
600,11,0.2426821460,145946320.0000000000,3
600,12,0.3968611360,239885632.0000000000,1
600,13,0.3881768030,241092352.0000000000,27
600,14,0.4179126370,244610832.0000000000,31
600,15,0.4307811330,253708592.0000000000,22
600,16,0.4274373370,260776656.0000000000,31
600,17,0.4525233730,261237520.0000000000,24
600,18,0.3992205530,261379840.0000000000,15
600,19,0.4534483620,261202624.0000000000,13
600,20,0.4041513990,251441936.0000000000,18
600,21,0.3749258920,219234480.0000000000,0
600,22,0.3124570250,216839584.0000000000,13
600,23,0.3491069100,216061184.0000000000,21
600,24,0.3881143000,239983984.0000000000,28
600,25,0.3863394820,240060288.0000000000,6
600,26,0.3924553230,240061552.0000000000,0
600,27,0.3888893580,240064976.0000000000,3
600,28,0.3907674950,240063344.0000000000,21
600,29,0.3849125950,240065376.0000000000,25
600,30,0.3788208780,240062032.0000000000,23
600,31,0.3563940790,240064080.0000000000,17
600,32,0.3839436250,240066240.0000000000,29
600,33,0.2640627990,216100096.0000000000,15
600,34,0.3522400590,216102160.0000000000,11
600,35,0.3556507840,216017632.0000000000,1
600,36,0.3894819350,239987648.0000000000,12
600,37,0.3915194320,240064240.0000000000,22
600,38,0.3845241860,240067072.0000000000,26
600,39,0.3370937880,240061952.0000000000,18
600,40,0.3838582690,240064224.0000000000,30
600,41,0.3791744020,240060864.0000000000,10
600,42,0.3855693570,240063632.0000000000,4
600,43,0.3928529910,240065808.0000000000,23
600,44,0.3824772690,240062128.0000000000,8
600,45,0.3556564070,216103472.0000000000,25
600,46,0.3537661800,216097584.0000000000,9
600,47,0.3551559890,216022432.0000000000,6
600,48,0.3753448250,239984080.0000000000,29
600,49,0.3904489390,240061920.0000000000,20
600,50,0.3909040770,240060736.0000000000,14
600,51,0.3815947330,240062544.0000000000,16
600,52,0.3882657340,240061328.0000000000,19
600,53,0.3896112750,240061504.0000000000,28
600,54,0.3888344220,240063248.0000000000,30
600,55,0.2714427270,240057712.0000000000,15
600,56,0.3898681400,240063808.0000000000,14
600,57,0.3354675770,216098352.0000000000,4
600,58,0.3201660700,216100016.0000000000,19
600,59,0.3554321960,216023728.0000000000,3
600,60,0.3912844640,239969360.0000000000,2
600,61,0.3949839710,240071088.0000000000,27
600,62,0.3613491050,240065744.0000000000,8
600,63,0.3699587350,240065712.0000000000,2
600,64,0.3898542250,240066304.0000000000,20
600,65,0.3863494940,240074736.0000000000,26
600,66,0.3846616070,240076560.0000000000,5
600,67,0.3455646720,240066432.0000000000,5
600,68,0.3842053090,240072384.0000000000,7
600,69,0.3311857900,216109344.0000000000,16
600,70,0.2956572030,216112784.0000000000,8
600,71,0.3573870070,216010736.0000000000,10
600,72,0.3083583180,239819776.0000000000,5
600,73,0.3835349050,240048512.0000000000,11
600,74,0.3265664500,240063232.0000000000,17
600,75,0.3275088380,240059904.0000000000,16
600,76,0.3327828700,240055776.0000000000,4
600,77,0.3886905290,240056352.0000000000,9
600,78,0.3889928740,240047616.0000000000,12
600,79,0.3318036480,240055888.0000000000,10
600,80,0.3561831980,240045424.0000000000,7
600,81,0.2900661750,216087920.0000000000,7
600,82,0.2661381250,216090336.0000000000,18
600,83,0.3498139980,215863600.0000000000,24
600,84,0.1257646770,89752432.0000000000,26
600,85,0.1353749600,89823248.0000000000,22
600,86,0.1348642200,89818560.0000000000,11
600,87,0.1379736260,89825696.0000000000,21
600,88,0.1377963440,89824880.0000000000,27
600,89,0.1337569160,89824384.0000000000,28
600,90,0.1290063950,89822032.0000000000,30
600,91,0.1273821530,89823728.0000000000,31
600,92,0.1140130350,89822064.0000000000,29
600,93,0.1104527580,80886832.0000000000,24
600,94,0.1231750140,80886752.0000000000,25
600,95,0.1270805110,80810176.0000000000,23
600,96,0.0226489420,30347312.0000000000,4
600,97,0.0219398190,30347312.0000000000,26
600,98,0.0214780880,30347312.0000000000,24
600,99,0.0215435120,30347312.0000000000,26
600,100,0.0256633360,30347312.0000000000,11
600,101,0.0196237170,30347312.0000000000,13
600,102,0.0231949920,30347312.0000000000,24
600,103,0.0236165180,30347312.0000000000,30
600,104,0.0214535300,30347312.0000000000,29
600,105,0.0209985810,27355696.0000000000,26
600,106,0.0212349160,27355696.0000000000,2
600,107,0.0231603560,27355696.0000000000,2
600,108,0.0215534580,30347312.0000000000,6
600,109,0.0210787740,30347312.0000000000,6
600,110,0.0235765200,30347312.0000000000,3
600,111,0.0228077760,30347312.0000000000,23
600,112,0.0193548750,30347312.0000000000,17
600,113,0.0222784380,30347312.0000000000,5
600,114,0.0262765770,30347312.0000000000,23
600,115,0.0240836210,30347312.0000000000,27
600,116,0.0215167120,30347312.0000000000,29
600,117,0.0209249390,27355696.0000000000,29
600,118,0.0213313410,27355696.0000000000,19
600,119,0.0209427730,27355696.0000000000,24
600,120,0.0210705690,30347312.0000000000,18
600,121,0.0194314940,30347312.0000000000,13
600,122,0.0235743230,30347312.0000000000,3
600,123,0.0210613700,30347312.0000000000,7
600,124,0.0226392040,30347312.0000000000,23
600,125,0.0236144450,30347312.0000000000,12
600,126,0.0232525490,30347312.0000000000,11
600,127,0.0252607940,30347312.0000000000,27
600,128,0.0247260210,30347312.0000000000,21
600,129,0.0210145710,27355696.0000000000,26
600,130,0.0229087190,27355696.0000000000,21
600,131,0.0194340670,27355696.0000000000,17
600,132,0.0245594060,30347312.0000000000,11
600,133,0.0212461860,30347312.0000000000,7
600,134,0.0228356610,30347312.0000000000,22
600,135,0.0242383810,30347312.0000000000,22
600,136,0.0237238130,30347312.0000000000,24
600,137,0.0197124210,30347312.0000000000,18
600,138,0.0223617130,30347312.0000000000,25
600,139,0.0253315420,30347312.0000000000,31
600,140,0.0257960260,30347312.0000000000,25
600,141,0.0211370820,27355696.0000000000,9
600,142,0.0207049960,27355696.0000000000,16
600,143,0.0246191160,27355696.0000000000,0
600,144,0.0228469890,30347312.0000000000,30
600,145,0.0213259160,30347312.0000000000,9
600,146,0.0214879360,30347312.0000000000,30
600,147,0.0248137890,30347312.0000000000,27
600,148,0.0212943900,30347312.0000000000,16
600,149,0.0228575420,30347312.0000000000,22
600,150,0.0230359850,30347312.0000000000,20
600,151,0.0212246690,30347312.0000000000,8
600,152,0.0215889000,30347312.0000000000,26
600,153,0.0245731600,27355696.0000000000,1
600,154,0.0245509170,27355696.0000000000,1
600,155,0.0247036580,27355696.0000000000,31
600,156,0.0231734210,30347312.0000000000,28
600,157,0.0218479730,30347312.0000000000,9
600,158,0.0220848040,30347312.0000000000,23
600,159,0.0249136230,30347312.0000000000,25
600,160,0.0221374150,30347312.0000000000,22
600,161,0.0155273590,30347312.0000000000,23
600,162,0.0232826010,30347312.0000000000,21
600,163,0.0239541750,30347312.0000000000,20
600,164,0.0220779090,30347312.0000000000,19
600,165,0.0164893240,27355696.0000000000,22
600,166,0.0247080900,27355696.0000000000,0
600,167,0.0243021310,27355696.0000000000,11
600,168,0.0167328620,30347312.0000000000,22
600,169,0.0235542200,30347312.0000000000,12
600,170,0.0237025330,30347312.0000000000,31
600,171,0.0252829450,30347312.0000000000,27
600,172,0.0212108850,30347312.0000000000,8
600,173,0.0215355500,30347312.0000000000,28
600,174,0.0236720170,30347312.0000000000,14
600,175,0.0214309760,30347312.0000000000,30
600,176,0.0209628300,30347312.0000000000,6
600,177,0.0156032770,27355696.0000000000,22
600,178,0.0211160560,27355696.0000000000,2
600,179,0.0230376460,27355696.0000000000,12
600,180,0.0233105370,30347312.0000000000,28
600,181,0.0215796740,30347312.0000000000,29
600,182,0.0228380340,30347312.0000000000,31
600,183,0.0217430390,30347312.0000000000,25
600,184,0.0211282600,30347312.0000000000,2
600,185,0.0242240030,30347312.0000000000,21
600,186,0.0216113050,30347312.0000000000,29
600,187,0.0228781730,30347312.0000000000,28
600,188,0.0193149610,30347312.0000000000,15
600,189,0.0209789440,27355696.0000000000,29
600,190,0.0222922090,27355696.0000000000,31
600,191,0.0227938830,27355696.0000000000,14
600,192,0.0173216580,30347312.0000000000,21
600,193,0.0235225820,30347312.0000000000,19
600,194,0.0235807230,30347312.0000000000,14
600,195,0.0216538470,30347312.0000000000,25
600,196,0.0212943450,30347312.0000000000,10
600,197,0.0241945500,30347312.0000000000,0
600,198,0.0250845430,30347312.0000000000,29
600,199,0.0214553360,30347312.0000000000,26
600,200,0.0242521160,30347312.0000000000,29
600,201,0.0225734030,27355696.0000000000,28
600,202,0.0204485860,27355696.0000000000,28
600,203,0.0162996290,27355696.0000000000,21
600,204,0.0212859450,30347312.0000000000,28
600,205,0.0213975200,30347312.0000000000,30
600,206,0.0258014050,30347312.0000000000,0
600,207,0.0241146940,30347312.0000000000,1
600,208,0.0213051610,30347312.0000000000,16
600,209,0.0252374180,30347312.0000000000,27
600,210,0.0223048170,30347312.0000000000,5
600,211,0.0225153850,30347312.0000000000,4
600,212,0.0214791090,30347312.0000000000,25
600,213,0.0168821310,27355696.0000000000,23
600,214,0.0230347000,27355696.0000000000,12
600,215,0.0205594680,27355696.0000000000,10
600,216,0.0202474890,30347312.0000000000,11
600,217,0.0211224200,30347312.0000000000,28
600,218,0.0229618040,30347312.0000000000,24
600,219,0.0248110160,30347312.0000000000,27
600,220,0.0252797110,30347312.0000000000,27
600,221,0.0209414200,30347312.0000000000,17
600,222,0.0211906460,30347312.0000000000,8
600,223,0.0183060840,30347312.0000000000,21
600,224,0.0227402550,30347312.0000000000,4
600,225,0.0196003680,27355696.0000000000,9
600,226,0.0191196010,27355696.0000000000,25
600,227,0.0163869800,27355696.0000000000,11
600,228,0.0225176370,30347312.0000000000,5
600,229,0.0161499000,30347312.0000000000,23
600,230,0.0236968690,30347312.0000000000,20
600,231,0.0215129750,30347312.0000000000,26
600,232,0.0199466470,30347312.0000000000,25
600,233,0.0251740070,30347312.0000000000,1
600,234,0.0214653640,30347312.0000000000,15
600,235,0.0213892340,30347312.0000000000,30
600,236,0.0241967550,30347312.0000000000,2
600,237,0.0157602580,27355696.0000000000,22
600,238,0.0190637070,27355696.0000000000,13
600,239,0.0206696740,27355696.0000000000,7
600,240,0.0236534920,30347312.0000000000,14
600,241,0.0170193980,30347312.0000000000,21
600,242,0.0212533110,30347312.0000000000,18
600,243,0.0233685060,30347312.0000000000,20
600,244,0.0227581390,30347312.0000000000,4
600,245,0.0200977700,30347312.0000000000,13
600,246,0.0234640020,30347312.0000000000,3
600,247,0.0233316070,30347312.0000000000,0
600,248,0.0212957340,30347312.0000000000,17
600,249,0.0223022200,27355696.0000000000,24
600,250,0.0192743100,27355696.0000000000,30
600,251,0.0181360080,27355696.0000000000,11
600,252,0.0165416240,30347312.0000000000,23
600,253,0.0228452080,30347312.0000000000,31
600,254,0.0227506970,30347312.0000000000,5
600,255,0.0228384540,30347312.0000000000,19
600,256,0.0168390380,30347312.0000000000,11
600,257,0.0210033720,30347312.0000000000,10
600,258,0.0252627280,30347312.0000000000,27
600,259,0.0212309230,30347312.0000000000,15
600,260,0.0229228880,30347312.0000000000,24
600,261,0.0211854000,27355696.0000000000,16
600,262,0.0205079430,27355696.0000000000,6
600,263,0.0208776250,27355696.0000000000,26
600,264,0.0234235930,30347312.0000000000,3
600,265,0.0212589950,30347312.0000000000,10
600,266,0.0212876370,30347312.0000000000,18
600,267,0.0197517520,30347312.0000000000,30
600,268,0.0208596180,30347312.0000000000,8
600,269,0.0228523510,30347312.0000000000,31
600,270,0.0194433810,30347312.0000000000,3
600,271,0.0228866900,30347312.0000000000,31
600,272,0.0231623990,30347312.0000000000,24
600,273,0.0204029280,27355696.0000000000,15
600,274,0.0206635010,27355696.0000000000,7
600,275,0.0206022660,27355696.0000000000,1
650,0,8.4235672048,155916880.0000000000,0
650,1,8.6856329987,153614992.0000000000,14
650,2,7.6728800813,147901248.0000000000,17
650,3,7.5907103342,140524720.0000000000,6
650,4,7.6450397029,137807376.0000000000,20
650,5,7.6313284412,138111264.0000000000,12
650,6,6.9379853770,138100432.0000000000,2
650,7,7.3936886146,138867488.0000000000,19
650,8,8.3726256488,153870688.0000000000,13
650,9,8.2493435560,148096496.0000000000,1
650,10,8.1738337114,147956608.0000000000,9
650,11,8.0575498008,146180960.0000000000,3
650,12,12.6683030526,239841136.0000000000,1
650,13,12.6469146981,241147456.0000000000,27
650,14,13.4010549647,244862832.0000000000,31
650,15,14.1202274800,254279456.0000000000,22
650,16,14.1250409028,260701568.0000000000,31
650,17,14.5213164055,261217616.0000000000,24
650,18,14.4713605205,261316096.0000000000,15
650,19,14.7906567332,261497184.0000000000,13
650,20,13.6813922873,252382736.0000000000,18
650,21,11.9078840304,219486368.0000000000,0
650,22,10.6122655203,216905328.0000000000,13
650,23,11.4285871634,216073168.0000000000,21
650,24,12.5034116385,239982128.0000000000,28
650,25,12.5074161005,240060608.0000000000,6
650,26,12.5786145369,240064752.0000000000,0
650,27,12.5399035571,240060720.0000000000,3
650,28,12.6116407597,240063568.0000000000,21
650,29,12.2787219575,240065664.0000000000,25
650,30,12.5103571945,240061600.0000000000,23
650,31,12.4341739916,240060896.0000000000,17
650,32,12.3715953367,240066880.0000000000,29
650,33,9.6057019942,216099968.0000000000,15
650,34,11.2655849022,216098864.0000000000,11
650,35,11.3916726633,216016768.0000000000,1
650,36,12.6073707340,239984608.0000000000,12
650,37,12.5783845215,240065088.0000000000,22
650,38,12.4242830705,240063664.0000000000,26
650,39,11.5281040689,240064864.0000000000,18
650,40,12.3973102442,240065296.0000000000,30
650,41,12.2846456425,240060064.0000000000,10
650,42,12.4478167343,240065472.0000000000,4
650,43,12.6417134442,240062432.0000000000,23
650,44,12.2446528563,240062048.0000000000,8
650,45,11.3649767377,216100720.0000000000,25
650,46,11.5120186094,216098400.0000000000,9
650,47,11.3535626945,216022224.0000000000,6
650,48,12.5124582535,239985904.0000000000,29
650,49,12.5718286733,240063424.0000000000,20
650,50,12.5468118707,240065200.0000000000,14
650,51,12.2533653391,240061488.0000000000,16
650,52,12.4693309736,240061168.0000000000,19
650,53,12.5244883018,240062288.0000000000,28
650,54,12.6057419882,240062368.0000000000,30
650,55,9.8354282516,240060816.0000000000,15
650,56,12.6289190405,240066128.0000000000,14
650,57,11.4563845545,216095888.0000000000,4
650,58,10.3320673800,216101952.0000000000,19
650,59,11.3951020263,216021904.0000000000,3
650,60,12.5042715283,239965440.0000000000,2
650,61,12.6534118751,240075392.0000000000,27
650,62,12.5412172679,240062272.0000000000,8
650,63,12.1621777129,240070048.0000000000,2
650,64,12.5687461591,240076400.0000000000,20
650,65,12.5855578672,240074720.0000000000,26
650,66,12.4500630592,240076624.0000000000,5
650,67,12.5169581183,240071360.0000000000,5
650,68,12.3631193681,240075168.0000000000,7
650,69,11.4071678237,216113392.0000000000,16
650,70,9.9549527678,216109888.0000000000,8
650,71,11.4011251454,216011232.0000000000,10
650,72,10.6338163819,239797216.0000000000,5
650,73,12.7845800677,240049280.0000000000,11
650,74,10.8909220221,240061920.0000000000,17
650,75,11.0011053445,240054352.0000000000,16
650,76,11.2319132985,240048608.0000000000,4
650,77,12.7059282891,240058768.0000000000,9
650,78,12.5987169342,240046960.0000000000,12
650,79,11.5339057986,240051664.0000000000,10
650,80,12.4749868883,240038432.0000000000,7
650,81,9.6938248284,216085200.0000000000,7
650,82,9.8187459804,216083888.0000000000,18
650,83,11.2922632407,215843248.0000000000,24
650,84,4.2504921116,89747648.0000000000,26
650,85,4.4349732436,89824032.0000000000,22
650,86,4.3212825447,89814928.0000000000,11
650,87,4.4595789848,89826720.0000000000,21
650,88,4.4452581756,89825680.0000000000,27
650,89,4.3868302684,89823712.0000000000,28
650,90,4.2476516566,89821168.0000000000,30
650,91,3.9942260904,89824288.0000000000,31
650,92,3.5869834544,89826048.0000000000,29
650,93,3.7384748646,80888848.0000000000,24
650,94,3.8992903870,80887712.0000000000,25
650,95,4.0793785583,80804832.0000000000,23
650,96,0.7109908653,30347312.0000000000,4
650,97,0.8018087824,30347312.0000000000,26
650,98,0.8011572302,30347312.0000000000,24
650,99,0.8040919563,30347312.0000000000,26
650,100,0.8112266909,30347312.0000000000,11
650,101,0.7711741325,30347312.0000000000,13
650,102,0.8037781957,30347312.0000000000,24
650,103,0.8041437686,30347312.0000000000,30
650,104,0.6964942293,30347312.0000000000,29
650,105,0.7836150549,27355696.0000000000,26
650,106,0.6852393947,27355696.0000000000,2
650,107,0.6866215239,27355696.0000000000,2
650,108,0.6675379300,30347312.0000000000,6
650,109,0.6752185905,30347312.0000000000,6
650,110,0.7648259670,30347312.0000000000,3
650,111,0.7417370624,30347312.0000000000,23
650,112,0.6443351321,30347312.0000000000,17
650,113,0.7125931081,30347312.0000000000,5
650,114,0.8423941960,30347312.0000000000,23
650,115,0.8144104879,30347312.0000000000,27
650,116,0.7038919191,30347312.0000000000,29
650,117,0.6826403194,27355696.0000000000,29
650,118,0.6291574345,27355696.0000000000,19
650,119,0.7860016681,27355696.0000000000,24
650,120,0.6460524073,30347312.0000000000,18
650,121,0.7737339317,30347312.0000000000,13
650,122,0.7659258423,30347312.0000000000,3
650,123,0.6921321257,30347312.0000000000,7
650,124,0.7202812853,30347312.0000000000,23
650,125,0.8097124576,30347312.0000000000,12
650,126,0.7475576587,30347312.0000000000,11
650,127,0.7766520797,30347312.0000000000,27
650,128,0.7703211258,30347312.0000000000,21
650,129,0.7835971832,27355696.0000000000,26
650,130,0.7276095089,27355696.0000000000,21
650,131,0.6625814917,27355696.0000000000,17
650,132,0.8507014548,30347312.0000000000,11
650,133,0.6933698294,30347312.0000000000,7
650,134,0.7613448574,30347312.0000000000,22
650,135,0.7466230489,30347312.0000000000,22
650,136,0.7987678952,30347312.0000000000,24
650,137,0.6905814388,30347312.0000000000,18
650,138,0.7052321827,30347312.0000000000,25
650,139,0.7597287850,30347312.0000000000,31
650,140,0.7070913583,30347312.0000000000,25
650,141,0.7835710089,27355696.0000000000,9
650,142,0.6357163064,27355696.0000000000,16
650,143,0.7270532020,27355696.0000000000,0
650,144,0.7995064635,30347312.0000000000,30
650,145,0.8087202822,30347312.0000000000,9
650,146,0.7928212049,30347312.0000000000,30
650,147,0.7728863891,30347312.0000000000,27
650,148,0.6577373239,30347312.0000000000,16
650,149,0.8029408835,30347312.0000000000,22
650,150,0.7240604001,30347312.0000000000,20
650,151,0.7381861553,30347312.0000000000,8
650,152,0.8024630810,30347312.0000000000,26
650,153,0.7305196298,27355696.0000000000,1
650,154,0.7501787644,27355696.0000000000,1
650,155,0.7414834648,27355696.0000000000,31
650,156,0.7548089958,30347312.0000000000,28
650,157,0.7742863363,30347312.0000000000,9
650,158,0.6470718800,30347312.0000000000,23
650,159,0.7000514568,30347312.0000000000,25
650,160,0.7891629647,30347312.0000000000,22
650,161,0.5032530587,30347312.0000000000,23
650,162,0.7953156967,30347312.0000000000,21
650,163,0.7322844962,30347312.0000000000,20
650,164,0.6549230761,30347312.0000000000,19
650,165,0.5582010982,27355696.0000000000,22
650,166,0.6936615237,27355696.0000000000,0
650,167,0.7456576486,27355696.0000000000,11
650,168,0.5555952915,30347312.0000000000,22
650,169,0.8098875904,30347312.0000000000,12
650,170,0.7594933158,30347312.0000000000,31
650,171,0.8262038161,30347312.0000000000,27
650,172,0.7358928333,30347312.0000000000,8
650,173,0.7619408753,30347312.0000000000,28
650,174,0.8194766600,30347312.0000000000,14
650,175,0.7856960679,30347312.0000000000,30
650,176,0.6789750172,30347312.0000000000,6
650,177,0.5635480827,27355696.0000000000,22
650,178,0.6976049594,27355696.0000000000,2
650,179,0.7915463392,27355696.0000000000,12
650,180,0.7871174387,30347312.0000000000,28
650,181,0.7027915288,30347312.0000000000,29
650,182,0.7574941235,30347312.0000000000,31
650,183,0.6984172747,30347312.0000000000,25
650,184,0.7151982797,30347312.0000000000,2
650,185,0.7868250219,30347312.0000000000,21
650,186,0.7025445409,30347312.0000000000,29
650,187,0.8018481280,30347312.0000000000,28
650,188,0.6388339634,30347312.0000000000,15
650,189,0.6833678531,27355696.0000000000,29
650,190,0.8058663359,27355696.0000000000,31
650,191,0.7857641799,27355696.0000000000,14
650,192,0.5771953516,30347312.0000000000,21
650,193,0.7571651434,30347312.0000000000,19
650,194,0.8176498271,30347312.0000000000,14
650,195,0.7031347384,30347312.0000000000,25
650,196,0.7752029710,30347312.0000000000,10
650,197,0.7426314974,30347312.0000000000,0
650,198,0.6991264992,30347312.0000000000,29
650,199,0.8009546434,30347312.0000000000,26
650,200,0.6807036655,30347312.0000000000,29
650,201,0.7808545953,27355696.0000000000,28
650,202,0.7732933227,27355696.0000000000,28
650,203,0.5331793032,27355696.0000000000,21
650,204,0.7963565590,30347312.0000000000,28
650,205,0.7923183164,30347312.0000000000,30
650,206,0.7060395871,30347312.0000000000,0
650,207,0.7807979260,30347312.0000000000,1
650,208,0.6537804660,30347312.0000000000,16
650,209,0.8251010095,30347312.0000000000,27
650,210,0.7039938920,30347312.0000000000,5
650,211,0.7126334552,30347312.0000000000,4
650,212,0.6981840328,30347312.0000000000,25
650,213,0.4861612726,27355696.0000000000,23
650,214,0.7794123269,27355696.0000000000,12
650,215,0.7427992818,27355696.0000000000,10
650,216,0.6495181244,30347312.0000000000,11
650,217,0.7371028848,30347312.0000000000,28
650,218,0.7724507051,30347312.0000000000,24
650,219,0.7573610576,30347312.0000000000,27
650,220,0.7602769846,30347312.0000000000,27
650,221,0.6946568460,30347312.0000000000,17
650,222,0.7330127406,30347312.0000000000,8
650,223,0.5824051337,30347312.0000000000,21
650,224,0.7034451263,30347312.0000000000,4
650,225,0.6974977221,27355696.0000000000,9
650,226,0.6782877918,27355696.0000000000,25
650,227,0.5264327351,27355696.0000000000,11
650,228,0.6952181712,30347312.0000000000,5
650,229,0.4710801967,30347312.0000000000,23
650,230,0.7245566171,30347312.0000000000,20
650,231,0.7922398276,30347312.0000000000,26
650,232,0.6999800343,30347312.0000000000,25
650,233,0.7866613880,30347312.0000000000,1
650,234,0.7331896176,30347312.0000000000,15
650,235,0.7993448954,30347312.0000000000,30
650,236,0.6577884368,30347312.0000000000,2
650,237,0.5192404920,27355696.0000000000,22
650,238,0.7367169018,27355696.0000000000,13
650,239,0.6766249037,27355696.0000000000,7
650,240,0.8029070378,30347312.0000000000,14
650,241,0.5125388167,30347312.0000000000,21
650,242,0.7041050845,30347312.0000000000,18
650,243,0.6869158946,30347312.0000000000,20
650,244,0.7053165748,30347312.0000000000,4
650,245,0.7679551408,30347312.0000000000,13
650,246,0.7622966460,30347312.0000000000,3
650,247,0.7126944255,30347312.0000000000,0
650,248,0.7018553590,30347312.0000000000,17
650,249,0.7723794425,27355696.0000000000,24
650,250,0.7758642821,27355696.0000000000,30
650,251,0.5239381777,27355696.0000000000,11
650,252,0.4843469116,30347312.0000000000,23
650,253,0.8045839772,30347312.0000000000,31
650,254,0.7029994666,30347312.0000000000,5
650,255,0.7560180862,30347312.0000000000,19
650,256,0.5273267806,30347312.0000000000,11
650,257,0.8046221280,30347312.0000000000,10
650,258,0.7581499916,30347312.0000000000,27
650,259,0.7402221998,30347312.0000000000,15
650,260,0.7850839905,30347312.0000000000,24
650,261,0.6329159540,27355696.0000000000,16
650,262,0.6708199260,27355696.0000000000,6
650,263,0.7620979402,27355696.0000000000,26
650,264,0.7368003344,30347312.0000000000,3
650,265,0.7539536099,30347312.0000000000,10
650,266,0.7042225261,30347312.0000000000,18
650,267,0.7652103209,30347312.0000000000,30
650,268,0.7104737209,30347312.0000000000,8
650,269,0.8252159016,30347312.0000000000,31
650,270,0.6798555027,30347312.0000000000,3
650,271,0.7880765117,30347312.0000000000,31
650,272,0.7618327311,30347312.0000000000,24
650,273,0.7131529356,27355696.0000000000,15
650,274,0.6746886996,27355696.0000000000,7
650,275,0.7260687794,27355696.0000000000,1
700,0,0.2438745460,155643312.0000000000,0
700,1,0.2545007000,153102864.0000000000,14
700,2,0.2324046310,146752976.0000000000,17
700,3,0.2255238040,138933328.0000000000,6
700,4,0.2283998170,137663360.0000000000,20
700,5,0.2271180670,138112832.0000000000,12
700,6,0.2255280200,138014128.0000000000,2
700,7,0.2166461290,138946688.0000000000,19
700,8,0.2589352690,155125648.0000000000,13
700,9,0.2539154900,148963488.0000000000,1
700,10,0.2489422710,148482448.0000000000,9
700,11,0.2414793570,146389056.0000000000,3
700,12,0.3926806680,239785264.0000000000,1
700,13,0.3943423270,241206592.0000000000,27
700,14,0.4151446280,244996224.0000000000,31
700,15,0.4353005270,254321552.0000000000,22
700,16,0.4332997960,260504192.0000000000,31
700,17,0.4545427400,261183952.0000000000,24
700,18,0.4032314800,261234944.0000000000,15
700,19,0.4626096680,261618816.0000000000,13
700,20,0.4070104860,252711904.0000000000,18
700,21,0.3731358060,219604528.0000000000,0
700,22,0.3176228500,216934672.0000000000,13
700,23,0.3483952850,216084736.0000000000,21
700,24,0.3892947200,239981952.0000000000,28
700,25,0.3913105660,240058816.0000000000,6
700,26,0.3899203190,240064032.0000000000,0
700,27,0.3910267600,240062096.0000000000,3
700,28,0.3916291790,240065200.0000000000,21
700,29,0.3829389910,240061472.0000000000,25
700,30,0.3785496050,240061632.0000000000,23
700,31,0.3591949180,240062624.0000000000,17
700,32,0.3833568870,240064032.0000000000,29
700,33,0.2643500390,216103616.0000000000,15
700,34,0.3532324580,216096224.0000000000,11
700,35,0.3537694660,216018128.0000000000,1
700,36,0.3914530060,239981760.0000000000,12
700,37,0.3925805620,240063072.0000000000,22
700,38,0.3880027240,240059728.0000000000,26
700,39,0.3377811820,240065248.0000000000,18
700,40,0.3829214770,240061136.0000000000,30
700,41,0.3808315490,240063008.0000000000,10
700,42,0.3861198910,240066592.0000000000,4
700,43,0.3930577910,240063520.0000000000,23
700,44,0.3804091330,240060816.0000000000,8
700,45,0.3538151670,216102192.0000000000,25
700,46,0.3595410560,216098688.0000000000,9
700,47,0.3518606170,216020864.0000000000,6
700,48,0.3750398360,239981200.0000000000,29
700,49,0.3902340840,240063648.0000000000,20
700,50,0.3922129190,240063648.0000000000,14
700,51,0.3811531240,240061056.0000000000,16
700,52,0.3896673220,240064192.0000000000,19
700,53,0.3891746470,240059488.0000000000,28
700,54,0.3904713010,240064768.0000000000,30
700,55,0.2695670620,240061616.0000000000,15
700,56,0.3924214710,240065424.0000000000,14
700,57,0.3351220000,216099984.0000000000,4
700,58,0.3207567500,216100912.0000000000,19
700,59,0.3549265230,216019744.0000000000,3
700,60,0.3891527580,239964224.0000000000,2
700,61,0.3962706130,240081744.0000000000,27
700,62,0.3622889190,240071632.0000000000,8
700,63,0.3632926810,240075056.0000000000,2
700,64,0.3885492570,240075008.0000000000,20
700,65,0.3922099780,240083760.0000000000,26
700,66,0.3859661450,240078640.0000000000,5
700,67,0.3476720400,240074576.0000000000,5
700,68,0.3840563150,240076896.0000000000,7
700,69,0.3294541830,216113712.0000000000,16
700,70,0.2973064040,216112704.0000000000,8
700,71,0.3529757130,216009136.0000000000,10
700,72,0.3085932830,239772048.0000000000,5
700,73,0.3851084680,240047792.0000000000,11
700,74,0.3297554830,240054272.0000000000,17
700,75,0.3259338010,240050256.0000000000,16
700,76,0.3327950250,240045984.0000000000,4
700,77,0.3927518770,240052512.0000000000,9
700,78,0.3905183350,240042416.0000000000,12
700,79,0.3316197520,240050256.0000000000,10
700,80,0.3531656220,240031376.0000000000,7
700,81,0.2877705270,216085696.0000000000,7
700,82,0.2640742410,216082192.0000000000,18
700,83,0.3493210280,215819088.0000000000,24
700,84,0.1314754920,89741072.0000000000,26
700,85,0.1357147360,89824032.0000000000,22
700,86,0.1354437900,89813344.0000000000,11
700,87,0.1361256880,89828288.0000000000,21
700,88,0.1366216930,89826016.0000000000,27
700,89,0.1338759390,89824032.0000000000,28
700,90,0.1321655870,89820528.0000000000,30
700,91,0.1297201900,89821760.0000000000,31
700,92,0.1178773490,89827536.0000000000,29
700,93,0.1140655230,80888192.0000000000,24
700,94,0.1227008750,80886512.0000000000,25
700,95,0.1270505660,80798192.0000000000,23
700,96,0.0194226680,30347312.0000000000,4
700,97,0.0246735870,30347312.0000000000,26
700,98,0.0246351830,30347312.0000000000,24
700,99,0.0247141280,30347312.0000000000,26
700,100,0.0249817880,30347312.0000000000,11
700,101,0.0223145480,30347312.0000000000,13
700,102,0.0247544150,30347312.0000000000,24
700,103,0.0246781380,30347312.0000000000,30
700,104,0.0214149340,30347312.0000000000,29
700,105,0.0241179160,27355696.0000000000,26
700,106,0.0233423930,27355696.0000000000,2
700,107,0.0237925300,27355696.0000000000,2
700,108,0.0210008830,30347312.0000000000,6
700,109,0.0209216580,30347312.0000000000,6
700,110,0.0237103340,30347312.0000000000,3
700,111,0.0227789040,30347312.0000000000,23
700,112,0.0196987710,30347312.0000000000,17
700,113,0.0208200620,30347312.0000000000,5
700,114,0.0262883350,30347312.0000000000,23
700,115,0.0252935070,30347312.0000000000,27
700,116,0.0215914540,30347312.0000000000,29
700,117,0.0209850650,27355696.0000000000,29
700,118,0.0195445150,27355696.0000000000,19
700,119,0.0241660080,27355696.0000000000,24
700,120,0.0196994020,30347312.0000000000,18
700,121,0.0227905260,30347312.0000000000,13
700,122,0.0232288230,30347312.0000000000,3
700,123,0.0212527960,30347312.0000000000,7
700,124,0.0226010820,30347312.0000000000,23
700,125,0.0251017590,30347312.0000000000,12
700,126,0.0230315520,30347312.0000000000,11
700,127,0.0252327590,30347312.0000000000,27
700,128,0.0237500940,30347312.0000000000,21
700,129,0.0241358120,27355696.0000000000,26
700,130,0.0217431720,27355696.0000000000,21
700,131,0.0205309560,27355696.0000000000,17
700,132,0.0263059680,30347312.0000000000,11
700,133,0.0211599160,30347312.0000000000,7
700,134,0.0236766240,30347312.0000000000,22
700,135,0.0225923580,30347312.0000000000,22
700,136,0.0231243780,30347312.0000000000,24
700,137,0.0213078510,30347312.0000000000,18
700,138,0.0226503310,30347312.0000000000,25
700,139,0.0235447200,30347312.0000000000,31
700,140,0.0224859230,30347312.0000000000,25
700,141,0.0232294010,27355696.0000000000,9
700,142,0.0193420660,27355696.0000000000,16
700,143,0.0214760460,27355696.0000000000,0
700,144,0.0246845200,30347312.0000000000,30
700,145,0.0252382120,30347312.0000000000,9
700,146,0.0245317650,30347312.0000000000,30
700,147,0.0248302200,30347312.0000000000,27
700,148,0.0197064560,30347312.0000000000,16
700,149,0.0247052560,30347312.0000000000,22
700,150,0.0219493860,30347312.0000000000,20
700,151,0.0228150700,30347312.0000000000,8
700,152,0.0247294970,30347312.0000000000,26
700,153,0.0214665980,27355696.0000000000,1
700,154,0.0203644130,27355696.0000000000,1
700,155,0.0247015000,27355696.0000000000,31
700,156,0.0231803740,30347312.0000000000,28
700,157,0.0233010780,30347312.0000000000,9
700,158,0.0220664120,30347312.0000000000,23
700,159,0.0235236750,30347312.0000000000,25
700,160,0.0250150910,30347312.0000000000,22
700,161,0.0154962180,30347312.0000000000,23
700,162,0.0247086120,30347312.0000000000,21
700,163,0.0220518350,30347312.0000000000,20
700,164,0.0221125500,30347312.0000000000,19
700,165,0.0172744630,27355696.0000000000,22
700,166,0.0215252010,27355696.0000000000,0
700,167,0.0229004070,27355696.0000000000,11
700,168,0.0171037750,30347312.0000000000,22
700,169,0.0251734380,30347312.0000000000,12
700,170,0.0252924740,30347312.0000000000,31
700,171,0.0252591290,30347312.0000000000,27
700,172,0.0227446870,30347312.0000000000,8
700,173,0.0229963680,30347312.0000000000,28
700,174,0.0251984350,30347312.0000000000,14
700,175,0.0242610230,30347312.0000000000,30
700,176,0.0211384450,30347312.0000000000,6
700,177,0.0177034190,27355696.0000000000,22
700,178,0.0215902970,27355696.0000000000,2
700,179,0.0245599050,27355696.0000000000,12
700,180,0.0228739010,30347312.0000000000,28
700,181,0.0216018850,30347312.0000000000,29
700,182,0.0236956890,30347312.0000000000,31
700,183,0.0235423630,30347312.0000000000,25
700,184,0.0238612840,30347312.0000000000,2
700,185,0.0249488760,30347312.0000000000,21
700,186,0.0215412680,30347312.0000000000,29
700,187,0.0247140040,30347312.0000000000,28
700,188,0.0196666480,30347312.0000000000,15
700,189,0.0231055290,27355696.0000000000,29
700,190,0.0222945240,27355696.0000000000,31
700,191,0.0241537610,27355696.0000000000,14
700,192,0.0177937140,30347312.0000000000,21
700,193,0.0252329420,30347312.0000000000,19
700,194,0.0252631610,30347312.0000000000,14
700,195,0.0219727930,30347312.0000000000,25
700,196,0.0228150230,30347312.0000000000,10
700,197,0.0221060810,30347312.0000000000,0
700,198,0.0227582680,30347312.0000000000,29
700,199,0.0246185020,30347312.0000000000,26
700,200,0.0235188580,30347312.0000000000,29
700,201,0.0238872520,27355696.0000000000,28
700,202,0.0237522210,27355696.0000000000,28
700,203,0.0164434530,27355696.0000000000,21
700,204,0.0247276230,30347312.0000000000,28
700,205,0.0243361560,30347312.0000000000,30
700,206,0.0221308480,30347312.0000000000,0
700,207,0.0236493550,30347312.0000000000,1
700,208,0.0196895860,30347312.0000000000,16
700,209,0.0252688780,30347312.0000000000,27
700,210,0.0198866820,30347312.0000000000,5
700,211,0.0195315770,30347312.0000000000,4
700,212,0.0214096840,30347312.0000000000,25
700,213,0.0168639020,27355696.0000000000,23
700,214,0.0245885700,27355696.0000000000,12
700,215,0.0222142860,27355696.0000000000,10
700,216,0.0200516290,30347312.0000000000,11
700,217,0.0213640160,30347312.0000000000,28
700,218,0.0252388300,30347312.0000000000,24
700,219,0.0248293800,30347312.0000000000,27
700,220,0.0252827550,30347312.0000000000,27
700,221,0.0210519380,30347312.0000000000,17
700,222,0.0226709650,30347312.0000000000,8
700,223,0.0183073440,30347312.0000000000,21
700,224,0.0197390960,30347312.0000000000,4
700,225,0.0241476490,27355696.0000000000,9
700,226,0.0208929270,27355696.0000000000,25
700,227,0.0161798290,27355696.0000000000,11
700,228,0.0216364840,30347312.0000000000,5
700,229,0.0161535860,30347312.0000000000,23
700,230,0.0221145570,30347312.0000000000,20
700,231,0.0244670290,30347312.0000000000,26
700,232,0.0216155830,30347312.0000000000,25
700,233,0.0218213720,30347312.0000000000,1
700,234,0.0225533190,30347312.0000000000,15
700,235,0.0246502350,30347312.0000000000,30
700,236,0.0206394430,30347312.0000000000,2
700,237,0.0160097260,27355696.0000000000,22
700,238,0.0222168790,27355696.0000000000,13
700,239,0.0206659950,27355696.0000000000,7
700,240,0.0252692910,30347312.0000000000,14
700,241,0.0165285260,30347312.0000000000,21
700,242,0.0212932340,30347312.0000000000,18
700,243,0.0219684850,30347312.0000000000,20
700,244,0.0197245600,30347312.0000000000,4
700,245,0.0223534020,30347312.0000000000,13
700,246,0.0235573980,30347312.0000000000,3
700,247,0.0221617360,30347312.0000000000,0
700,248,0.0212468250,30347312.0000000000,17
700,249,0.0236878440,27355696.0000000000,24
700,250,0.0241293370,27355696.0000000000,30
700,251,0.0160065940,27355696.0000000000,11
700,252,0.0165472740,30347312.0000000000,23
700,253,0.0228840120,30347312.0000000000,31
700,254,0.0206105070,30347312.0000000000,5
700,255,0.0235506590,30347312.0000000000,19
700,256,0.0161915600,30347312.0000000000,11
700,257,0.0223553470,30347312.0000000000,10
700,258,0.0252693580,30347312.0000000000,27
700,259,0.0227772370,30347312.0000000000,15
700,260,0.0227374070,30347312.0000000000,24
700,261,0.0191203490,27355696.0000000000,16
700,262,0.0208211940,27355696.0000000000,6
700,263,0.0223242820,27355696.0000000000,26
700,264,0.0223488070,30347312.0000000000,3
700,265,0.0228596070,30347312.0000000000,10
700,266,0.0213366070,30347312.0000000000,18
700,267,0.0245037410,30347312.0000000000,30
700,268,0.0204971860,30347312.0000000000,8
700,269,0.0228498880,30347312.0000000000,31
700,270,0.0221499940,30347312.0000000000,3
700,271,0.0228645350,30347312.0000000000,31
700,272,0.0230070890,30347312.0000000000,24
700,273,0.0219736810,27355696.0000000000,15
700,274,0.0206647720,27355696.0000000000,7
700,275,0.0213365600,27355696.0000000000,1
750,0,8.2420905303,155392960.0000000000,0
750,1,8.6205528186,152710336.0000000000,14
750,2,7.4964708621,145811920.0000000000,17
750,3,7.3905942219,137416736.0000000000,6
750,4,7.6233150892,137372896.0000000000,20
750,5,7.6404442632,138108320.0000000000,12
750,6,6.9463032488,137925792.0000000000,2
750,7,7.3896126504,139367472.0000000000,19
750,8,8.4396566759,156306576.0000000000,13
750,9,8.5096518798,149810768.0000000000,1
750,10,8.3591817698,149056448.0000000000,9
750,11,8.1168588557,146591440.0000000000,3
750,12,12.7097628217,239730112.0000000000,1
750,13,12.8476396819,241276816.0000000000,27
750,14,13.3722247369,245205328.0000000000,31
750,15,14.2488679216,254352368.0000000000,22
750,16,14.2917615212,260163248.0000000000,31
750,17,14.6586782135,261163680.0000000000,24
750,18,14.5840926713,261143680.0000000000,15
750,19,14.8966859335,261790400.0000000000,13
750,20,13.7658318319,252891440.0000000000,18
750,21,11.9577335413,219718096.0000000000,0
750,22,10.6683790713,216965696.0000000000,13
750,23,11.4294845578,216101616.0000000000,21
750,24,12.5368383077,239979120.0000000000,28
750,25,12.5074669459,240063152.0000000000,6
750,26,12.5837219868,240063152.0000000000,0
750,27,12.5451519814,240063376.0000000000,3
750,28,12.6145190133,240063744.0000000000,21
750,29,12.2682019128,240062752.0000000000,25
750,30,12.5135492127,240062448.0000000000,23
750,31,12.4523639345,240061040.0000000000,17
750,32,12.3590437102,240062512.0000000000,29
750,33,9.5506249563,216100960.0000000000,15
750,34,11.3023095954,216097200.0000000000,11
750,35,11.4138194610,216018368.0000000000,1
750,36,12.6082681827,239979904.0000000000,12
750,37,12.5865198518,240064528.0000000000,22
750,38,12.4364494631,240063968.0000000000,26
750,39,11.5393120709,240063408.0000000000,18
750,40,12.4019962172,240060176.0000000000,30
750,41,12.2663135074,240065312.0000000000,10
750,42,12.4684924182,240064592.0000000000,4
750,43,12.6396049636,240061296.0000000000,23
750,44,12.2446379038,240067248.0000000000,8
750,45,11.3457414922,216100112.0000000000,25
750,46,11.5322334804,216102512.0000000000,9
750,47,11.3589506935,216015344.0000000000,6
750,48,12.5079453301,239979184.0000000000,29
750,49,12.5622770266,240063904.0000000000,20
750,50,12.5551031772,240063056.0000000000,14
750,51,12.2464248928,240061936.0000000000,16
750,52,12.4743399501,240063552.0000000000,19
750,53,12.5419661549,240058640.0000000000,28
750,54,12.6137434138,240062128.0000000000,30
750,55,9.8201440580,240067328.0000000000,15
750,56,12.6424151618,240062416.0000000000,14
750,57,11.4602605600,216097248.0000000000,4
750,58,10.3337431764,216100176.0000000000,19
750,59,11.3867132572,216018128.0000000000,3
750,60,12.4940048097,239968000.0000000000,2
750,61,12.6641761765,240084128.0000000000,27
750,62,12.5384744194,240080224.0000000000,8
750,63,12.0305136604,240077616.0000000000,2
750,64,12.5608729051,240077392.0000000000,20
750,65,12.6002710497,240086480.0000000000,26
750,66,12.3052116427,240084800.0000000000,5
750,67,12.4944505581,240077184.0000000000,5
750,68,12.2933256108,240087792.0000000000,7
750,69,11.4000684877,216120992.0000000000,16
750,70,9.9536046054,216116400.0000000000,8
750,71,11.3993331616,216012080.0000000000,10
750,72,10.7264358829,239746544.0000000000,5
750,73,12.7402176976,240044032.0000000000,11
750,74,10.9683544248,240049520.0000000000,17
750,75,10.9931935131,240047616.0000000000,16
750,76,11.1428000938,240044432.0000000000,4
750,77,12.6959643969,240039824.0000000000,9
750,78,12.5957337238,240041840.0000000000,12
750,79,11.5134581192,240049616.0000000000,10
750,80,12.4829898485,240019712.0000000000,7
750,81,9.7425358049,216082304.0000000000,7
750,82,9.8477139019,216080560.0000000000,18
750,83,11.2669348683,215794624.0000000000,24
750,84,4.2541719110,89735712.0000000000,26
750,85,4.4540280624,89825488.0000000000,22
750,86,4.3141098918,89810816.0000000000,11
750,87,4.4580638517,89828192.0000000000,21
750,88,4.4341341997,89828304.0000000000,27
750,89,4.3268645311,89825600.0000000000,28
750,90,4.2533078645,89821456.0000000000,30
750,91,3.9601521475,89820752.0000000000,31
750,92,3.6204198077,89829632.0000000000,29
750,93,3.6714885441,80886816.0000000000,24
750,94,3.8815267476,80886128.0000000000,25
750,95,4.0778905885,80794368.0000000000,23
750,96,0.7025012683,30347312.0000000000,4
750,97,0.8037865351,30347312.0000000000,26
750,98,0.8011446324,30347312.0000000000,24
750,99,0.8064893664,30347312.0000000000,26
750,100,0.8109543788,30347312.0000000000,11
750,101,0.7627715037,30347312.0000000000,13
750,102,0.8031008861,30347312.0000000000,24
750,103,0.8042445359,30347312.0000000000,30
750,104,0.7139592356,30347312.0000000000,29
750,105,0.7865578943,27355696.0000000000,26
750,106,0.6709959398,27355696.0000000000,2
750,107,0.6872613213,27355696.0000000000,2
750,108,0.6764885712,30347312.0000000000,6
750,109,0.6758004535,30347312.0000000000,6
750,110,0.7563448976,30347312.0000000000,3
750,111,0.7413467351,30347312.0000000000,23
750,112,0.6437969104,30347312.0000000000,17
750,113,0.6872274803,30347312.0000000000,5
750,114,0.8393737414,30347312.0000000000,23
750,115,0.7908049420,30347312.0000000000,27
750,116,0.7311837083,30347312.0000000000,29
750,117,0.6924437674,27355696.0000000000,29
750,118,0.6294556174,27355696.0000000000,19
750,119,0.7824409572,27355696.0000000000,24
750,120,0.6433925660,30347312.0000000000,18
750,121,0.7728383990,30347312.0000000000,13
750,122,0.7561755558,30347312.0000000000,3
750,123,0.6847985136,30347312.0000000000,7
750,124,0.7153493029,30347312.0000000000,23
750,125,0.8069283504,30347312.0000000000,12
750,126,0.7478157413,30347312.0000000000,11
750,127,0.7860203634,30347312.0000000000,27
750,128,0.7681132859,30347312.0000000000,21
750,129,0.7860835396,27355696.0000000000,26
750,130,0.7251554106,27355696.0000000000,21
750,131,0.6614164844,27355696.0000000000,17
750,132,0.8535528210,30347312.0000000000,11
750,133,0.6923403761,30347312.0000000000,7
750,134,0.7718584565,30347312.0000000000,22
750,135,0.7442248699,30347312.0000000000,22
750,136,0.7643366595,30347312.0000000000,24
750,137,0.6938792767,30347312.0000000000,18
750,138,0.6914405142,30347312.0000000000,25
750,139,0.7592783113,30347312.0000000000,31
750,140,0.6920512134,30347312.0000000000,25
750,141,0.7819755268,27355696.0000000000,9
750,142,0.6234986177,27355696.0000000000,16
750,143,0.7206998748,27355696.0000000000,0
750,144,0.8021452716,30347312.0000000000,30
750,145,0.8069092080,30347312.0000000000,9
750,146,0.7971131117,30347312.0000000000,30
750,147,0.7993093596,30347312.0000000000,27
750,148,0.6468196497,30347312.0000000000,16
750,149,0.8055205707,30347312.0000000000,22
750,150,0.7163143241,30347312.0000000000,20
750,151,0.7329097917,30347312.0000000000,8
750,152,0.8049232505,30347312.0000000000,26
750,153,0.7592420392,27355696.0000000000,1
750,154,0.7586232520,27355696.0000000000,1
750,155,0.7415205661,27355696.0000000000,31
750,156,0.7533912921,30347312.0000000000,28
750,157,0.7797294484,30347312.0000000000,9
750,158,0.6493773160,30347312.0000000000,23
750,159,0.6910997373,30347312.0000000000,25
750,160,0.7903018456,30347312.0000000000,22
750,161,0.5019301116,30347312.0000000000,23
750,162,0.7968143785,30347312.0000000000,21
750,163,0.7230163722,30347312.0000000000,20
750,164,0.6571118170,30347312.0000000000,19
750,165,0.5616428321,27355696.0000000000,22
750,166,0.7214772861,27355696.0000000000,0
750,167,0.7445829639,27355696.0000000000,11
750,168,0.5557434579,30347312.0000000000,22
750,169,0.8069329373,30347312.0000000000,12
750,170,0.7603874042,30347312.0000000000,31
750,171,0.8229233623,30347312.0000000000,27
750,172,0.7315990682,30347312.0000000000,8
750,173,0.7505567222,30347312.0000000000,28
750,174,0.8147848293,30347312.0000000000,14
750,175,0.7902335524,30347312.0000000000,30
750,176,0.6747131681,30347312.0000000000,6
750,177,0.5660647042,27355696.0000000000,22
750,178,0.6735052815,27355696.0000000000,2
750,179,0.7879599083,27355696.0000000000,12
750,180,0.7459881768,30347312.0000000000,28
750,181,0.7047182999,30347312.0000000000,29
750,182,0.7589595215,30347312.0000000000,31
750,183,0.6926327833,30347312.0000000000,25
750,184,0.6836946546,30347312.0000000000,2
750,185,0.7860488745,30347312.0000000000,21
750,186,0.7274538924,30347312.0000000000,29
750,187,0.7982262907,30347312.0000000000,28
750,188,0.6406082472,30347312.0000000000,15
750,189,0.7087977611,27355696.0000000000,29
750,190,0.7597146217,27355696.0000000000,31
750,191,0.7855248848,27355696.0000000000,14
750,192,0.5779308758,30347312.0000000000,21
750,193,0.7565690157,30347312.0000000000,19
750,194,0.8209227711,30347312.0000000000,14
750,195,0.6941417345,30347312.0000000000,25
750,196,0.7800045389,30347312.0000000000,10
750,197,0.7202695992,30347312.0000000000,0
750,198,0.6984337499,30347312.0000000000,29
750,199,0.8036453471,30347312.0000000000,26
750,200,0.6903454136,30347312.0000000000,29
750,201,0.7750023650,27355696.0000000000,28
750,202,0.7720333647,27355696.0000000000,28
750,203,0.5256101277,27355696.0000000000,21
750,204,0.7998847741,30347312.0000000000,28
750,205,0.7944141385,30347312.0000000000,30
750,206,0.7120344032,30347312.0000000000,0
750,207,0.7652811147,30347312.0000000000,1
750,208,0.6473100651,30347312.0000000000,16
750,209,0.7874053581,30347312.0000000000,27
750,210,0.6997407104,30347312.0000000000,5
750,211,0.6905180015,30347312.0000000000,4
750,212,0.6896290178,30347312.0000000000,25
750,213,0.4897040742,27355696.0000000000,23
750,214,0.7804608383,27355696.0000000000,12
750,215,0.7446821939,27355696.0000000000,10
750,216,0.6481386666,30347312.0000000000,11
750,217,0.7215712837,30347312.0000000000,28
750,218,0.8136417051,30347312.0000000000,24
750,219,0.7495715527,30347312.0000000000,27
750,220,0.7601503731,30347312.0000000000,27
750,221,0.6940454688,30347312.0000000000,17
750,222,0.7295458268,30347312.0000000000,8
750,223,0.5522422281,30347312.0000000000,21
750,224,0.6790504373,30347312.0000000000,4
750,225,0.7109149922,27355696.0000000000,9
750,226,0.6707894320,27355696.0000000000,25
750,227,0.5274743661,27355696.0000000000,11
750,228,0.7083597123,30347312.0000000000,5
750,229,0.4713863207,30347312.0000000000,23
750,230,0.7232788401,30347312.0000000000,20
750,231,0.7950077547,30347312.0000000000,26
750,232,0.6924932732,30347312.0000000000,25
750,233,0.7771679640,30347312.0000000000,1
750,234,0.7348235558,30347312.0000000000,15
750,235,0.8021170185,30347312.0000000000,30
750,236,0.6488070243,30347312.0000000000,2
750,237,0.5198342668,27355696.0000000000,22
750,238,0.7495599078,27355696.0000000000,13
750,239,0.6724852088,27355696.0000000000,7
750,240,0.7988201852,30347312.0000000000,14
750,241,0.5347798742,30347312.0000000000,21
750,242,0.7023083880,30347312.0000000000,18
750,243,0.6908618877,30347312.0000000000,20
750,244,0.6756079394,30347312.0000000000,4
750,245,0.7602341502,30347312.0000000000,13
750,246,0.7555150746,30347312.0000000000,3
750,247,0.6863128649,30347312.0000000000,0
750,248,0.7016524620,30347312.0000000000,17
750,249,0.7605261250,27355696.0000000000,24
750,250,0.7779003037,27355696.0000000000,30
750,251,0.5228338826,27355696.0000000000,11
750,252,0.4860906077,30347312.0000000000,23
750,253,0.8142097392,30347312.0000000000,31
750,254,0.6899336699,30347312.0000000000,5
750,255,0.7548186889,30347312.0000000000,19
750,256,0.5273686724,30347312.0000000000,11
750,257,0.8009300488,30347312.0000000000,10
750,258,0.7597700040,30347312.0000000000,27
750,259,0.7418276717,30347312.0000000000,15
750,260,0.7402728266,30347312.0000000000,24
750,261,0.6262226019,27355696.0000000000,16
750,262,0.6634000404,27355696.0000000000,6
750,263,0.7641656129,27355696.0000000000,26
750,264,0.7313326958,30347312.0000000000,3
750,265,0.7595462767,30347312.0000000000,10
750,266,0.7021630280,30347312.0000000000,18
750,267,0.7699070631,30347312.0000000000,30
750,268,0.7110875565,30347312.0000000000,8
750,269,0.8132523148,30347312.0000000000,31
750,270,0.6628083196,30347312.0000000000,3
750,271,0.8101479955,30347312.0000000000,31
750,272,0.7511704388,30347312.0000000000,24
750,273,0.7145636042,27355696.0000000000,15
750,274,0.6729194250,27355696.0000000000,7
750,275,0.7108938798,27355696.0000000000,1
800,0,0.2439532640,155084672.0000000000,0
800,1,0.2509840920,152298512.0000000000,14
800,2,0.2271409740,144955312.0000000000,17
800,3,0.2197819530,135885520.0000000000,6
800,4,0.2267962010,136839856.0000000000,20
800,5,0.2296160380,138101408.0000000000,12
800,6,0.2270477590,137831440.0000000000,2
800,7,0.2171117060,139982368.0000000000,19
800,8,0.2656954010,157118464.0000000000,13
800,9,0.2613796000,150647632.0000000000,1
800,10,0.2525701580,149723968.0000000000,9
800,11,0.2444943110,146853744.0000000000,3
800,12,0.3968887010,239686352.0000000000,1
800,13,0.3971812710,241348304.0000000000,27
800,14,0.4208197510,245464160.0000000000,31
800,15,0.4366757260,254308352.0000000000,22
800,16,0.4310737180,259560688.0000000000,31
800,17,0.4588570030,261110000.0000000000,24
800,18,0.4072930670,261042192.0000000000,15
800,19,0.4641333390,262131776.0000000000,13
800,20,0.4099488240,253069968.0000000000,18
800,21,0.3739657060,219833456.0000000000,0
800,22,0.3149576510,217014608.0000000000,13
800,23,0.3488184160,216107936.0000000000,21
800,24,0.3894011130,239973424.0000000000,28
800,25,0.3899117430,240066960.0000000000,6
800,26,0.3896732050,240061568.0000000000,0
800,27,0.3911877330,240063792.0000000000,3
800,28,0.3891048150,240067328.0000000000,21
800,29,0.3830639020,240058912.0000000000,25
800,30,0.3786007040,240062432.0000000000,23
800,31,0.3599105010,240064272.0000000000,17
800,32,0.3821083770,240061184.0000000000,29
800,33,0.2642600270,216103168.0000000000,15
800,34,0.3530232610,216103744.0000000000,11
800,35,0.3550263490,216014240.0000000000,1
800,36,0.3914875710,239977232.0000000000,12
800,37,0.3916512410,240061552.0000000000,22
800,38,0.3848527070,240062928.0000000000,26
800,39,0.3371306240,240064528.0000000000,18
800,40,0.3870904290,240061936.0000000000,30
800,41,0.3814530870,240068144.0000000000,10
800,42,0.3873257190,240062656.0000000000,4
800,43,0.3932266630,240064400.0000000000,23
800,44,0.3804734970,240062288.0000000000,8
800,45,0.3521266740,216099008.0000000000,25
800,46,0.3567606750,216101472.0000000000,9
800,47,0.3560484270,216012512.0000000000,6
800,48,0.3746820810,239979600.0000000000,29
800,49,0.3880274010,240064096.0000000000,20
800,50,0.3921812790,240061152.0000000000,14
800,51,0.3808877480,240062096.0000000000,16
800,52,0.3884429690,240060816.0000000000,19
800,53,0.3907813380,240062944.0000000000,28
800,54,0.3925773190,240062928.0000000000,30
800,55,0.2675945510,240062448.0000000000,15
800,56,0.3921943740,240062448.0000000000,14
800,57,0.3338369520,216101584.0000000000,4
800,58,0.3203513940,216096976.0000000000,19
800,59,0.3548207420,216016064.0000000000,3
800,60,0.3893287570,239967648.0000000000,2
800,61,0.3958459850,240089728.0000000000,27
800,62,0.3623614540,240088912.0000000000,8
800,63,0.3609218810,240083936.0000000000,2
800,64,0.3882617820,240082656.0000000000,20
800,65,0.3911528080,240087936.0000000000,26
800,66,0.3828976520,240088816.0000000000,5
800,67,0.3486813260,240082112.0000000000,5
800,68,0.3829282330,240093088.0000000000,7
800,69,0.3253865000,216126784.0000000000,16
800,70,0.2974682780,216115792.0000000000,8
800,71,0.3508495430,216013808.0000000000,10
800,72,0.3079012990,239723792.0000000000,5
800,73,0.3850568290,240036064.0000000000,11
800,74,0.3316801750,240040928.0000000000,17
800,75,0.3250052770,240040928.0000000000,16
800,76,0.3316433600,240038480.0000000000,4
800,77,0.3941413440,240038368.0000000000,9
800,78,0.3906270320,240040608.0000000000,12
800,79,0.3309258910,240043664.0000000000,10
800,80,0.3543409370,240012704.0000000000,7
800,81,0.2877923120,216075952.0000000000,7
800,82,0.2641468440,216079696.0000000000,18
800,83,0.3490406820,215767312.0000000000,24
800,84,0.1323277150,89729152.0000000000,26
800,85,0.1374878470,89824144.0000000000,22
800,86,0.1353493980,89811744.0000000000,11
800,87,0.1376340480,89827776.0000000000,21
800,88,0.1376328710,89827632.0000000000,27
800,89,0.1318817500,89823136.0000000000,28
800,90,0.1316409550,89822832.0000000000,30
800,91,0.1296937460,89820240.0000000000,31
800,92,0.1176532780,89830304.0000000000,29
800,93,0.1120637120,80885312.0000000000,24
800,94,0.1226875020,80886784.0000000000,25
800,95,0.1270963100,80789856.0000000000,23
800,96,0.0194964610,30347312.0000000000,4
800,97,0.0247479630,30347312.0000000000,26
800,98,0.0247345670,30347312.0000000000,24
800,99,0.0247458190,30347312.0000000000,26
800,100,0.0250187110,30347312.0000000000,11
800,101,0.0224729350,30347312.0000000000,13
800,102,0.0247140770,30347312.0000000000,24
800,103,0.0247441450,30347312.0000000000,30
800,104,0.0210594100,30347312.0000000000,29
800,105,0.0241624020,27355696.0000000000,26
800,106,0.0225919790,27355696.0000000000,2
800,107,0.0208972610,27355696.0000000000,2
800,108,0.0231700660,30347312.0000000000,6
800,109,0.0218378160,30347312.0000000000,6
800,110,0.0232093990,30347312.0000000000,3
800,111,0.0227710510,30347312.0000000000,23
800,112,0.0197012090,30347312.0000000000,17
800,113,0.0214019550,30347312.0000000000,5
800,114,0.0263448770,30347312.0000000000,23
800,115,0.0252935870,30347312.0000000000,27
800,116,0.0212465600,30347312.0000000000,29
800,117,0.0206743650,27355696.0000000000,29
800,118,0.0213088160,27355696.0000000000,19
800,119,0.0225455280,27355696.0000000000,24
800,120,0.0197114780,30347312.0000000000,18
800,121,0.0226289060,30347312.0000000000,13
800,122,0.0233692690,30347312.0000000000,3
800,123,0.0207194310,30347312.0000000000,7
800,124,0.0226207500,30347312.0000000000,23
800,125,0.0251931260,30347312.0000000000,12
800,126,0.0230310720,30347312.0000000000,11
800,127,0.0252403140,30347312.0000000000,27
800,128,0.0237072650,30347312.0000000000,21
800,129,0.0241721700,27355696.0000000000,26
800,130,0.0217673080,27355696.0000000000,21
800,131,0.0205260570,27355696.0000000000,17
800,132,0.0263175330,30347312.0000000000,11
800,133,0.0209108200,30347312.0000000000,7
800,134,0.0237367430,30347312.0000000000,22
800,135,0.0226010240,30347312.0000000000,22
800,136,0.0252820740,30347312.0000000000,24
800,137,0.0212826050,30347312.0000000000,18
800,138,0.0219929510,30347312.0000000000,25
800,139,0.0235128570,30347312.0000000000,31
800,140,0.0221328100,30347312.0000000000,25
800,141,0.0243036530,27355696.0000000000,9
800,142,0.0187800030,27355696.0000000000,16
800,143,0.0211430750,27355696.0000000000,0
800,144,0.0246364760,30347312.0000000000,30
800,145,0.0251729780,30347312.0000000000,9
800,146,0.0243697530,30347312.0000000000,30
800,147,0.0248166650,30347312.0000000000,27
800,148,0.0193946860,30347312.0000000000,16
800,149,0.0246960590,30347312.0000000000,22
800,150,0.0215638730,30347312.0000000000,20
800,151,0.0227736630,30347312.0000000000,8
800,152,0.0248153030,30347312.0000000000,26
800,153,0.0233923020,27355696.0000000000,1
800,154,0.0233460530,27355696.0000000000,1
800,155,0.0247396580,27355696.0000000000,31
800,156,0.0231568880,30347312.0000000000,28
800,157,0.0250178080,30347312.0000000000,9
800,158,0.0221112610,30347312.0000000000,23
800,159,0.0231686930,30347312.0000000000,25
800,160,0.0249922990,30347312.0000000000,22
800,161,0.0155177310,30347312.0000000000,23
800,162,0.0247162090,30347312.0000000000,21
800,163,0.0217842820,30347312.0000000000,20
800,164,0.0221024330,30347312.0000000000,19
800,165,0.0172883300,27355696.0000000000,22
800,166,0.0215359850,27355696.0000000000,0
800,167,0.0229210600,27355696.0000000000,11
800,168,0.0171313500,30347312.0000000000,22
800,169,0.0251341640,30347312.0000000000,12
800,170,0.0252753810,30347312.0000000000,31
800,171,0.0252876540,30347312.0000000000,27
800,172,0.0227854980,30347312.0000000000,8
800,173,0.0229515840,30347312.0000000000,28
800,174,0.0252348580,30347312.0000000000,14
800,175,0.0242775160,30347312.0000000000,30
800,176,0.0208915230,30347312.0000000000,6
800,177,0.0177092710,27355696.0000000000,22
800,178,0.0208815110,27355696.0000000000,2
800,179,0.0246057750,27355696.0000000000,12
800,180,0.0228820670,30347312.0000000000,28
800,181,0.0212835900,30347312.0000000000,29
800,182,0.0237227340,30347312.0000000000,31
800,183,0.0232762990,30347312.0000000000,25
800,184,0.0232922790,30347312.0000000000,2
800,185,0.0249856050,30347312.0000000000,21
800,186,0.0212142280,30347312.0000000000,29
800,187,0.0231473320,30347312.0000000000,28
800,188,0.0196517190,30347312.0000000000,15
800,189,0.0227187720,27355696.0000000000,29
800,190,0.0223113680,27355696.0000000000,31
800,191,0.0242581770,27355696.0000000000,14
800,192,0.0177987460,30347312.0000000000,21
800,193,0.0235518250,30347312.0000000000,19
800,194,0.0251487910,30347312.0000000000,14
800,195,0.0215681590,30347312.0000000000,25
800,196,0.0228124020,30347312.0000000000,10
800,197,0.0221397470,30347312.0000000000,0
800,198,0.0225036370,30347312.0000000000,29
800,199,0.0247205880,30347312.0000000000,26
800,200,0.0214352540,30347312.0000000000,29
800,201,0.0239973830,27355696.0000000000,28
800,202,0.0237772990,27355696.0000000000,28
800,203,0.0164644740,27355696.0000000000,21
800,204,0.0246402050,30347312.0000000000,28
800,205,0.0245662720,30347312.0000000000,30
800,206,0.0221718900,30347312.0000000000,0
800,207,0.0239467320,30347312.0000000000,1
800,208,0.0193997180,30347312.0000000000,16
800,209,0.0252683080,30347312.0000000000,27
800,210,0.0230272180,30347312.0000000000,5
800,211,0.0195419380,30347312.0000000000,4
800,212,0.0210831840,30347312.0000000000,25
800,213,0.0168825490,27355696.0000000000,23
800,214,0.0246116770,27355696.0000000000,12
800,215,0.0221420990,27355696.0000000000,10
800,216,0.0200644130,30347312.0000000000,11
800,217,0.0213973310,30347312.0000000000,28
800,218,0.0244948650,30347312.0000000000,24
800,219,0.0248391880,30347312.0000000000,27
800,220,0.0253152190,30347312.0000000000,27
800,221,0.0210434150,30347312.0000000000,17
800,222,0.0227385450,30347312.0000000000,8
800,223,0.0183172620,30347312.0000000000,21
800,224,0.0197235600,30347312.0000000000,4
800,225,0.0243092020,27355696.0000000000,9
800,226,0.0206124740,27355696.0000000000,25
800,227,0.0161901890,27355696.0000000000,11
800,228,0.0223891290,30347312.0000000000,5
800,229,0.0161552060,30347312.0000000000,23
800,230,0.0217726590,30347312.0000000000,20
800,231,0.0245300490,30347312.0000000000,26
800,232,0.0212025360,30347312.0000000000,25
800,233,0.0227609840,30347312.0000000000,1
800,234,0.0225835370,30347312.0000000000,15
800,235,0.0247905040,30347312.0000000000,30
800,236,0.0187220180,30347312.0000000000,2
800,237,0.0159843880,27355696.0000000000,22
800,238,0.0221757320,27355696.0000000000,13
800,239,0.0203805770,27355696.0000000000,7
800,240,0.0252386640,30347312.0000000000,14
800,241,0.0165562820,30347312.0000000000,21
800,242,0.0212924920,30347312.0000000000,18
800,243,0.0215664690,30347312.0000000000,20
800,244,0.0197245720,30347312.0000000000,4
800,245,0.0224823040,30347312.0000000000,13
800,246,0.0231743920,30347312.0000000000,3
800,247,0.0221403300,30347312.0000000000,0
800,248,0.0212672460,30347312.0000000000,17
800,249,0.0223433280,27355696.0000000000,24
800,250,0.0240227220,27355696.0000000000,30
800,251,0.0160290180,27355696.0000000000,11
800,252,0.0165759980,30347312.0000000000,23
800,253,0.0228663490,30347312.0000000000,31
800,254,0.0213762260,30347312.0000000000,5
800,255,0.0228398530,30347312.0000000000,19
800,256,0.0161673650,30347312.0000000000,11
800,257,0.0224498990,30347312.0000000000,10
800,258,0.0253175540,30347312.0000000000,27
800,259,0.0227873890,30347312.0000000000,15
800,260,0.0227299160,30347312.0000000000,24
800,261,0.0187913650,27355696.0000000000,16
800,262,0.0205372070,27355696.0000000000,6
800,263,0.0239084630,27355696.0000000000,26
800,264,0.0230170070,30347312.0000000000,3
800,265,0.0228460120,30347312.0000000000,10
800,266,0.0213159280,30347312.0000000000,18
800,267,0.0228507070,30347312.0000000000,30
800,268,0.0223386970,30347312.0000000000,8
800,269,0.0229282480,30347312.0000000000,31
800,270,0.0185190970,30347312.0000000000,3
800,271,0.0228642550,30347312.0000000000,31
800,272,0.0229786660,30347312.0000000000,24
800,273,0.0219586230,27355696.0000000000,15
800,274,0.0203801250,27355696.0000000000,7
800,275,0.0221233750,27355696.0000000000,1
850,0,8.3094224076,154727216.0000000000,0
850,1,8.4803468940,151918960.0000000000,14
850,2,7.3790851569,144399792.0000000000,17
850,3,7.0830697958,134872000.0000000000,6
850,4,7.4797561793,136148224.0000000000,20
850,5,7.6533415465,138031936.0000000000,12
850,6,6.9774599107,137787168.0000000000,2
850,7,7.4369925068,140592272.0000000000,19
850,8,8.5869360254,157532640.0000000000,13
850,9,8.5767783552,151491328.0000000000,1
850,10,8.4555617469,150541120.0000000000,9
850,11,8.1740719873,147213088.0000000000,3
850,12,12.7168956580,239644928.0000000000,1
850,13,12.9106405946,241427344.0000000000,27
850,14,13.5224519072,245675168.0000000000,31
850,15,14.3585569435,254057952.0000000000,22
850,16,14.2292200500,258789104.0000000000,31
850,17,14.7866681662,261026816.0000000000,24
850,18,14.6798601762,260960384.0000000000,15
850,19,14.9763401994,262640256.0000000000,13
850,20,13.8739229238,253323872.0000000000,18
850,21,12.0159482218,219962368.0000000000,0
850,22,10.6634054997,217062800.0000000000,13
850,23,11.4454288895,216128496.0000000000,21
850,24,12.5497717376,239971680.0000000000,28
850,25,12.5256708572,240067328.0000000000,6
850,26,12.5815151727,240060944.0000000000,0
850,27,12.5432435315,240061424.0000000000,3
850,28,12.6149128568,240069344.0000000000,21
850,29,12.2680026335,240058752.0000000000,25
850,30,12.5047559780,240063712.0000000000,23
850,31,12.5027670367,240064368.0000000000,17
850,32,12.3644800707,240063440.0000000000,29
850,33,9.5230139387,216100272.0000000000,15
850,34,11.3134805151,216100944.0000000000,11
850,35,11.4215512472,216010352.0000000000,1
850,36,12.6076963004,239976816.0000000000,12
850,37,12.5722034262,240058624.0000000000,22
850,38,12.4333015116,240068672.0000000000,26
850,39,11.5365411424,240065536.0000000000,18
850,40,12.4010485953,240059888.0000000000,30
850,41,12.3278059762,240068992.0000000000,10
850,42,12.5002281511,240063744.0000000000,4
850,43,12.6430642891,240061760.0000000000,23
850,44,12.2460123293,240063728.0000000000,8
850,45,11.3554661568,216100160.0000000000,25
850,46,11.5293878951,216097232.0000000000,9
850,47,11.3899749793,216020304.0000000000,6
850,48,12.5190004456,239978800.0000000000,29
850,49,12.5640495616,240065984.0000000000,20
850,50,12.5813218477,240062000.0000000000,14
850,51,12.3026624830,240062816.0000000000,16
850,52,12.4740144898,240063296.0000000000,19
850,53,12.5785981417,240061728.0000000000,28
850,54,12.6077178597,240061584.0000000000,30
850,55,9.8078524016,240066544.0000000000,15
850,56,12.6267058873,240060320.0000000000,14
850,57,11.4356849001,216104400.0000000000,4
850,58,10.3375912632,216097712.0000000000,19
850,59,11.3858800158,216014032.0000000000,3
850,60,12.4800881165,239972432.0000000000,2
850,61,12.6986498999,240096336.0000000000,27
850,62,12.5401550268,240090736.0000000000,8
850,63,11.9513897410,240090736.0000000000,2
850,64,12.5662970402,240091184.0000000000,20
850,65,12.6011810317,240097552.0000000000,26
850,66,12.3749540927,240097248.0000000000,5
850,67,12.4952788316,240086256.0000000000,5
850,68,12.3486091588,240101936.0000000000,7
850,69,11.3562943450,216132336.0000000000,16
850,70,9.9436063990,216118864.0000000000,8
850,71,11.4079498266,216016000.0000000000,10
850,72,10.7245954525,239701184.0000000000,5
850,73,12.7105033196,240028096.0000000000,11
850,74,11.0391258357,240031520.0000000000,17
850,75,10.9039067814,240038368.0000000000,16
850,76,11.1672044523,240030736.0000000000,4
850,77,12.7088958776,240030976.0000000000,9
850,78,12.5946143324,240034064.0000000000,12
850,79,11.4742134562,240033728.0000000000,10
850,80,12.4727010788,240005760.0000000000,7
850,81,9.7300109196,216073984.0000000000,7
850,82,9.8458607793,216077392.0000000000,18
850,83,11.2775241299,215743088.0000000000,24
850,84,4.2544304428,89722288.0000000000,26
850,85,4.4497228196,89823968.0000000000,22
850,86,4.3397367215,89813056.0000000000,11
850,87,4.4466198308,89827952.0000000000,21
850,88,4.4335631063,89827632.0000000000,27
850,89,4.2724419506,89822992.0000000000,28
850,90,4.2514735957,89824160.0000000000,30
850,91,3.9475609173,89822304.0000000000,31
850,92,3.6197391367,89829408.0000000000,29
850,93,3.6128510656,80883632.0000000000,24
850,94,3.8903538246,80884320.0000000000,25
850,95,4.0786043783,80787152.0000000000,23
850,96,0.7079096789,30347312.0000000000,4
850,97,0.8055781602,30347312.0000000000,26
850,98,0.8048218256,30347312.0000000000,24
850,99,0.8072556133,30347312.0000000000,26
850,100,0.8100048216,30347312.0000000000,11
850,101,0.7476101408,30347312.0000000000,13
850,102,0.8043712058,30347312.0000000000,24
850,103,0.8045651647,30347312.0000000000,30
850,104,0.7201877095,30347312.0000000000,29
850,105,0.7861180827,27355696.0000000000,26
850,106,0.6680400352,27355696.0000000000,2
850,107,0.6748869161,27355696.0000000000,2
850,108,0.6788577738,30347312.0000000000,6
850,109,0.6758618587,30347312.0000000000,6
850,110,0.7573554982,30347312.0000000000,3
850,111,0.7451970455,30347312.0000000000,23
850,112,0.6440825977,30347312.0000000000,17
850,113,0.6870944633,30347312.0000000000,5
850,114,0.8502619736,30347312.0000000000,23
850,115,0.7780892730,30347312.0000000000,27
850,116,0.7314081073,30347312.0000000000,29
850,117,0.7019025476,27355696.0000000000,29
850,118,0.6291170598,27355696.0000000000,19
850,119,0.7384226053,27355696.0000000000,24
850,120,0.6452234024,30347312.0000000000,18
850,121,0.7743873297,30347312.0000000000,13
850,122,0.7563183034,30347312.0000000000,3
850,123,0.6842514166,30347312.0000000000,7
850,124,0.7411353510,30347312.0000000000,23
850,125,0.8062197552,30347312.0000000000,12
850,126,0.7489257556,30347312.0000000000,11
850,127,0.7875972028,30347312.0000000000,27
850,128,0.7704275303,30347312.0000000000,21
850,129,0.7859983613,27355696.0000000000,26
850,130,0.7239963685,27355696.0000000000,21
850,131,0.6667072457,27355696.0000000000,17
850,132,0.8513051239,30347312.0000000000,11
850,133,0.6869589617,30347312.0000000000,7
850,134,0.7728941684,30347312.0000000000,22
850,135,0.7465293482,30347312.0000000000,22
850,136,0.8223563368,30347312.0000000000,24
850,137,0.6940824981,30347312.0000000000,18
850,138,0.6937778189,30347312.0000000000,25
850,139,0.7594137258,30347312.0000000000,31
850,140,0.6948721118,30347312.0000000000,25
850,141,0.7816120145,27355696.0000000000,9
850,142,0.6254036644,27355696.0000000000,16
850,143,0.7101783941,27355696.0000000000,0
850,144,0.8020297764,30347312.0000000000,30
850,145,0.8152019562,30347312.0000000000,9
850,146,0.7962332173,30347312.0000000000,30
850,147,0.8116902888,30347312.0000000000,27
850,148,0.6487157926,30347312.0000000000,16
850,149,0.8031094370,30347312.0000000000,22
850,150,0.7172943336,30347312.0000000000,20
850,151,0.7355962950,30347312.0000000000,8
850,152,0.8046709713,30347312.0000000000,26
850,153,0.7504341516,27355696.0000000000,1
850,154,0.7759955979,27355696.0000000000,1
850,155,0.7401099747,27355696.0000000000,31
850,156,0.7561866267,30347312.0000000000,28
850,157,0.8051538543,30347312.0000000000,9
850,158,0.6618134002,30347312.0000000000,23
850,159,0.6957623974,30347312.0000000000,25
850,160,0.7982899967,30347312.0000000000,22
850,161,0.5000022914,30347312.0000000000,23
850,162,0.7988031533,30347312.0000000000,21
850,163,0.7270595839,30347312.0000000000,20
850,164,0.6551361772,30347312.0000000000,19
850,165,0.5602534857,27355696.0000000000,22
850,166,0.7042099181,27355696.0000000000,0
850,167,0.7436576132,27355696.0000000000,11
850,168,0.5564259318,30347312.0000000000,22
850,169,0.8073083303,30347312.0000000000,12
850,170,0.7605481196,30347312.0000000000,31
850,171,0.8247813951,30347312.0000000000,27
850,172,0.7328772760,30347312.0000000000,8
850,173,0.7508315659,30347312.0000000000,28
850,174,0.7660946776,30347312.0000000000,14
850,175,0.7883610605,30347312.0000000000,30
850,176,0.6794255238,30347312.0000000000,6
850,177,0.5653590044,27355696.0000000000,22
850,178,0.6809064014,27355696.0000000000,2
850,179,0.7875644669,27355696.0000000000,12
850,180,0.7445741629,30347312.0000000000,28
850,181,0.7184619247,30347312.0000000000,29
850,182,0.7610046711,30347312.0000000000,31
850,183,0.6934115995,30347312.0000000000,25
850,184,0.6868370465,30347312.0000000000,2
850,185,0.7968245336,30347312.0000000000,21
850,186,0.7341638708,30347312.0000000000,29
850,187,0.7552067011,30347312.0000000000,28
850,188,0.6403002438,30347312.0000000000,15
850,189,0.7112012549,27355696.0000000000,29
850,190,0.7385631596,27355696.0000000000,31
850,191,0.7866426549,27355696.0000000000,14
850,192,0.5733940417,30347312.0000000000,21
850,193,0.7548364354,30347312.0000000000,19
850,194,0.8192474607,30347312.0000000000,14
850,195,0.6975573602,30347312.0000000000,25
850,196,0.7622224293,30347312.0000000000,10
850,197,0.7250947557,30347312.0000000000,0
850,198,0.7021830421,30347312.0000000000,29
850,199,0.8033121892,30347312.0000000000,26
850,200,0.6996038122,30347312.0000000000,29
850,201,0.7821824034,27355696.0000000000,28
850,202,0.7724486450,27355696.0000000000,28
850,203,0.5044714786,27355696.0000000000,21
850,204,0.7991905213,30347312.0000000000,28
850,205,0.7941780393,30347312.0000000000,30
850,206,0.7077584666,30347312.0000000000,0
850,207,0.7651938148,30347312.0000000000,1
850,208,0.6459494028,30347312.0000000000,16
850,209,0.7711199015,30347312.0000000000,27
850,210,0.7111452153,30347312.0000000000,5
850,211,0.6945802634,30347312.0000000000,4
850,212,0.6937219140,30347312.0000000000,25
850,213,0.4847830143,27355696.0000000000,23
850,214,0.7773541418,27355696.0000000000,12
850,215,0.7527726100,27355696.0000000000,10
850,216,0.6513104797,30347312.0000000000,11
850,217,0.7321248555,30347312.0000000000,28
850,218,0.7953409155,30347312.0000000000,24
850,219,0.7490795755,30347312.0000000000,27
850,220,0.7601873899,30347312.0000000000,27
850,221,0.6964248962,30347312.0000000000,17
850,222,0.7293249570,30347312.0000000000,8
850,223,0.5764805933,30347312.0000000000,21
850,224,0.6892497016,30347312.0000000000,4
850,225,0.7379853726,27355696.0000000000,9
850,226,0.6737087641,27355696.0000000000,25
850,227,0.5266759165,27355696.0000000000,11
850,228,0.7009958786,30347312.0000000000,5
850,229,0.4671455961,30347312.0000000000,23
850,230,0.7297489202,30347312.0000000000,20
850,231,0.7922874537,30347312.0000000000,26
850,232,0.6974022180,30347312.0000000000,25
850,233,0.7635323950,30347312.0000000000,1
850,234,0.7333770819,30347312.0000000000,15
850,235,0.8024007833,30347312.0000000000,30
850,236,0.6446202963,30347312.0000000000,2
850,237,0.5193711478,27355696.0000000000,22
850,238,0.7620765372,27355696.0000000000,13
850,239,0.6704552840,27355696.0000000000,7
850,240,0.8044387370,30347312.0000000000,14
850,241,0.4982181391,30347312.0000000000,21
850,242,0.7035204861,30347312.0000000000,18
850,243,0.7174954194,30347312.0000000000,20
850,244,0.6877209627,30347312.0000000000,4
850,245,0.7412602845,30347312.0000000000,13
850,246,0.7561132171,30347312.0000000000,3
850,247,0.6813753956,30347312.0000000000,0
850,248,0.7049063513,30347312.0000000000,17
850,249,0.7243872095,27355696.0000000000,24
850,250,0.7797536058,27355696.0000000000,30
850,251,0.5225069169,27355696.0000000000,11
850,252,0.4843559182,30347312.0000000000,23
850,253,0.8240465291,30347312.0000000000,31
850,254,0.6857787571,30347312.0000000000,5
850,255,0.7568284144,30347312.0000000000,19
850,256,0.5264740161,30347312.0000000000,11
850,257,0.7947161474,30347312.0000000000,10
850,258,0.7598975004,30347312.0000000000,27
850,259,0.7425837793,30347312.0000000000,15
850,260,0.7423579346,30347312.0000000000,24
850,261,0.6261271827,27355696.0000000000,16
850,262,0.6621759412,27355696.0000000000,6
850,263,0.7617612887,27355696.0000000000,26
850,264,0.7326159525,30347312.0000000000,3
850,265,0.7678270254,30347312.0000000000,10
850,266,0.7060068983,30347312.0000000000,18
850,267,0.7723946517,30347312.0000000000,30
850,268,0.7129520278,30347312.0000000000,8
850,269,0.7996739708,30347312.0000000000,31
850,270,0.6605723068,30347312.0000000000,3
850,271,0.8223097445,30347312.0000000000,31
850,272,0.7522766972,30347312.0000000000,24
850,273,0.7153182174,27355696.0000000000,15
850,274,0.6727805640,27355696.0000000000,7
850,275,0.7153758481,27355696.0000000000,1
900,0,0.2448892790,154225152.0000000000,0
900,1,0.2528568330,151422128.0000000000,14
900,2,0.2272341100,143915728.0000000000,17
900,3,0.2177715870,134218624.0000000000,6
900,4,0.2229913000,135268400.0000000000,20
900,5,0.2272699200,137814704.0000000000,12
900,6,0.2250637960,137859456.0000000000,2
900,7,0.2199265440,140906384.0000000000,19
900,8,0.2692382670,157378320.0000000000,13
900,9,0.2650905100,152302208.0000000000,1
900,10,0.2554955050,151512160.0000000000,9
900,11,0.2501834140,147642112.0000000000,3
900,12,0.3937812790,239611232.0000000000,1
900,13,0.4011427610,241524672.0000000000,27
900,14,0.4249661880,245946432.0000000000,31
900,15,0.4381674120,253738000.0000000000,22
900,16,0.4292619970,257849792.0000000000,31
900,17,0.4601488070,260766144.0000000000,24
900,18,0.4086630420,260996768.0000000000,15
900,19,0.4716928800,263259616.0000000000,13
900,20,0.4156891470,253979296.0000000000,18
900,21,0.3806641330,220231616.0000000000,0
900,22,0.3170761070,217152624.0000000000,13
900,23,0.3469195770,216151904.0000000000,21
900,24,0.3895106020,239972960.0000000000,28
900,25,0.3903049270,240066512.0000000000,6
900,26,0.3888558330,240062656.0000000000,0
900,27,0.3908460520,240062288.0000000000,3
900,28,0.3916896600,240062576.0000000000,21
900,29,0.3828253530,240063008.0000000000,25
900,30,0.3778785470,240061344.0000000000,23
900,31,0.3603327250,240064832.0000000000,17
900,32,0.3829695910,240059600.0000000000,29
900,33,0.2642823490,216100272.0000000000,15
900,34,0.3545285790,216100688.0000000000,11
900,35,0.3528989320,216011904.0000000000,1
900,36,0.3914424100,239976352.0000000000,12
900,37,0.3920943590,240061952.0000000000,22
900,38,0.3846841510,240063504.0000000000,26
900,39,0.3365931470,240065552.0000000000,18
900,40,0.3860458940,240062976.0000000000,30
900,41,0.3824632260,240062048.0000000000,10
900,42,0.3867038110,240068528.0000000000,4
900,43,0.3935803510,240061632.0000000000,23
900,44,0.3825371800,240064128.0000000000,8
900,45,0.3537921020,216098160.0000000000,25
900,46,0.3583450050,216101296.0000000000,9
900,47,0.3559352950,216010624.0000000000,6
900,48,0.3746286900,239975616.0000000000,29
900,49,0.3854513440,240063904.0000000000,20
900,50,0.3921839670,240061536.0000000000,14
900,51,0.3829027950,240057040.0000000000,16
900,52,0.3879198080,240064144.0000000000,19
900,53,0.3922000510,240065856.0000000000,28
900,54,0.3922102420,240063856.0000000000,30
900,55,0.2675376940,240063184.0000000000,15
900,56,0.3923853350,240060160.0000000000,14
900,57,0.3370736870,216101568.0000000000,4
900,58,0.3180995070,216100032.0000000000,19
900,59,0.3537982650,216013872.0000000000,3
900,60,0.3877867620,239975376.0000000000,2
900,61,0.3950811750,240102160.0000000000,27
900,62,0.3622139080,240102048.0000000000,8
900,63,0.3606106280,240103056.0000000000,2
900,64,0.3882816760,240100768.0000000000,20
900,65,0.3904640380,240102544.0000000000,26
900,66,0.3817568370,240099424.0000000000,5
900,67,0.3538566400,240094768.0000000000,5
900,68,0.3836383760,240108144.0000000000,7
900,69,0.3248315740,216136448.0000000000,16
900,70,0.2978834220,216126528.0000000000,8
900,71,0.3531127730,216020912.0000000000,10
900,72,0.3125025330,239675024.0000000000,5
900,73,0.3850172590,240020944.0000000000,11
900,74,0.3341297440,240027168.0000000000,17
900,75,0.3232486440,240023200.0000000000,16
900,76,0.3322853770,240026816.0000000000,4
900,77,0.3927230660,240023936.0000000000,9
900,78,0.3905508810,240029888.0000000000,12
900,79,0.3314063580,240028016.0000000000,10
900,80,0.3551799680,239998672.0000000000,7
900,81,0.2900767340,216070400.0000000000,7
900,82,0.2641300550,216066016.0000000000,18
900,83,0.3490804830,215714528.0000000000,24
900,84,0.1305691600,89713584.0000000000,26
900,85,0.1374806760,89823728.0000000000,22
900,86,0.1353045540,89810224.0000000000,11
900,87,0.1374276630,89830640.0000000000,21
900,88,0.1364409900,89826464.0000000000,27
900,89,0.1320329160,89820368.0000000000,28
900,90,0.1314574940,89823872.0000000000,30
900,91,0.1289585170,89819792.0000000000,31
900,92,0.1175192730,89831312.0000000000,29
900,93,0.1122132080,80882096.0000000000,24
900,94,0.1226368080,80885696.0000000000,25
900,95,0.1270634290,80781552.0000000000,23
900,96,0.0194593500,30347312.0000000000,4
900,97,0.0247031550,30347312.0000000000,26
900,98,0.0247672690,30347312.0000000000,24
900,99,0.0247155910,30347312.0000000000,26
900,100,0.0250112340,30347312.0000000000,11
900,101,0.0223267910,30347312.0000000000,13
900,102,0.0231504650,30347312.0000000000,24
900,103,0.0245783720,30347312.0000000000,30
900,104,0.0210593680,30347312.0000000000,29
900,105,0.0241465600,27355696.0000000000,26
900,106,0.0226392990,27355696.0000000000,2
900,107,0.0208136400,27355696.0000000000,2
900,108,0.0231543220,30347312.0000000000,6
900,109,0.0218141780,30347312.0000000000,6
900,110,0.0231256570,30347312.0000000000,3
900,111,0.0227776020,30347312.0000000000,23
900,112,0.0196865470,30347312.0000000000,17
900,113,0.0204868310,30347312.0000000000,5
900,114,0.0258303450,30347312.0000000000,23
900,115,0.0252858590,30347312.0000000000,27
900,116,0.0212410170,30347312.0000000000,29
900,117,0.0206465520,27355696.0000000000,29
900,118,0.0217992970,27355696.0000000000,19
900,119,0.0247145180,27355696.0000000000,24
900,120,0.0197209730,30347312.0000000000,18
900,121,0.0228112550,30347312.0000000000,13
900,122,0.0232311680,30347312.0000000000,3
900,123,0.0209203870,30347312.0000000000,7
900,124,0.0234903730,30347312.0000000000,23
900,125,0.0250457110,30347312.0000000000,12
900,126,0.0230049860,30347312.0000000000,11
900,127,0.0251878910,30347312.0000000000,27
900,128,0.0237003690,30347312.0000000000,21
900,129,0.0241417310,27355696.0000000000,26
900,130,0.0217598130,27355696.0000000000,21
900,131,0.0205040240,27355696.0000000000,17
900,132,0.0263244980,30347312.0000000000,11
900,133,0.0207898840,30347312.0000000000,7
900,134,0.0236647410,30347312.0000000000,22
900,135,0.0225938270,30347312.0000000000,22
900,136,0.0245681740,30347312.0000000000,24
900,137,0.0213239220,30347312.0000000000,18
900,138,0.0219703660,30347312.0000000000,25
900,139,0.0252993570,30347312.0000000000,31
900,140,0.0221406050,30347312.0000000000,25
900,141,0.0241345960,27355696.0000000000,9
900,142,0.0187847830,27355696.0000000000,16
900,143,0.0211208410,27355696.0000000000,0
900,144,0.0245832820,30347312.0000000000,30
900,145,0.0252224990,30347312.0000000000,9
900,146,0.0245425650,30347312.0000000000,30
900,147,0.0248812500,30347312.0000000000,27
900,148,0.0194096970,30347312.0000000000,16
900,149,0.0246901260,30347312.0000000000,22
900,150,0.0216424240,30347312.0000000000,20
900,151,0.0227678300,30347312.0000000000,8
900,152,0.0247193060,30347312.0000000000,26
900,153,0.0235905750,27355696.0000000000,1
900,154,0.0222755280,27355696.0000000000,1
900,155,0.0247248450,27355696.0000000000,31
900,156,0.0231409180,30347312.0000000000,28
900,157,0.0252002170,30347312.0000000000,9
900,158,0.0220753880,30347312.0000000000,23
900,159,0.0231624070,30347312.0000000000,25
900,160,0.0249569200,30347312.0000000000,22
900,161,0.0159165150,30347312.0000000000,23
900,162,0.0247111790,30347312.0000000000,21
900,163,0.0217248030,30347312.0000000000,20
900,164,0.0200469030,30347312.0000000000,19
900,165,0.0189719920,27355696.0000000000,22
900,166,0.0215433870,27355696.0000000000,0
900,167,0.0229209850,27355696.0000000000,11
900,168,0.0169762390,30347312.0000000000,22
900,169,0.0252037920,30347312.0000000000,12
900,170,0.0237032340,30347312.0000000000,31
900,171,0.0252492600,30347312.0000000000,27
900,172,0.0227942630,30347312.0000000000,8
900,173,0.0229948970,30347312.0000000000,28
900,174,0.0252791220,30347312.0000000000,14
900,175,0.0242415830,30347312.0000000000,30
900,176,0.0209801310,30347312.0000000000,6
900,177,0.0178389510,27355696.0000000000,22
900,178,0.0208859320,27355696.0000000000,2
900,179,0.0245783090,27355696.0000000000,12
900,180,0.0228835330,30347312.0000000000,28
900,181,0.0212492240,30347312.0000000000,29
900,182,0.0228586620,30347312.0000000000,31
900,183,0.0232310790,30347312.0000000000,25
900,184,0.0233389290,30347312.0000000000,2
900,185,0.0250188100,30347312.0000000000,21
900,186,0.0212133030,30347312.0000000000,29
900,187,0.0231608060,30347312.0000000000,28
900,188,0.0196430090,30347312.0000000000,15
900,189,0.0227360770,27355696.0000000000,29
900,190,0.0222925280,27355696.0000000000,31
900,191,0.0242242970,27355696.0000000000,14
900,192,0.0178118270,30347312.0000000000,21
900,193,0.0228382900,30347312.0000000000,19
900,194,0.0251416730,30347312.0000000000,14
900,195,0.0216343970,30347312.0000000000,25
900,196,0.0228380780,30347312.0000000000,10
900,197,0.0221358690,30347312.0000000000,0
900,198,0.0224505030,30347312.0000000000,29
900,199,0.0247118710,30347312.0000000000,26
900,200,0.0231667560,30347312.0000000000,29
900,201,0.0224140250,27355696.0000000000,28
900,202,0.0239121080,27355696.0000000000,28
900,203,0.0164469080,27355696.0000000000,21
900,204,0.0246360430,30347312.0000000000,28
900,205,0.0244934300,30347312.0000000000,30
900,206,0.0221529130,30347312.0000000000,0
900,207,0.0223984060,30347312.0000000000,1
900,208,0.0193617620,30347312.0000000000,16
900,209,0.0251822510,30347312.0000000000,27
900,210,0.0200938050,30347312.0000000000,5
900,211,0.0195313090,30347312.0000000000,4
900,212,0.0210563610,30347312.0000000000,25
900,213,0.0175202270,27355696.0000000000,23
900,214,0.0245802830,27355696.0000000000,12
900,215,0.0221623630,27355696.0000000000,10
900,216,0.0200310460,30347312.0000000000,11
900,217,0.0212474710,30347312.0000000000,28
900,218,0.0231516980,30347312.0000000000,24
900,219,0.0248754670,30347312.0000000000,27
900,220,0.0252624760,30347312.0000000000,27
900,221,0.0210639730,30347312.0000000000,17
900,222,0.0226283930,30347312.0000000000,8
900,223,0.0183082040,30347312.0000000000,21
900,224,0.0197196400,30347312.0000000000,4
900,225,0.0241400550,27355696.0000000000,9
900,226,0.0205505020,27355696.0000000000,25
900,227,0.0161864800,27355696.0000000000,11
900,228,0.0216429780,30347312.0000000000,5
900,229,0.0142656470,30347312.0000000000,23
900,230,0.0217781280,30347312.0000000000,20
900,231,0.0244808550,30347312.0000000000,26
900,232,0.0212767280,30347312.0000000000,25
900,233,0.0241729070,30347312.0000000000,1
900,234,0.0225864200,30347312.0000000000,15
900,235,0.0246100840,30347312.0000000000,30
900,236,0.0187742580,30347312.0000000000,2
900,237,0.0158226770,27355696.0000000000,22
900,238,0.0222157670,27355696.0000000000,13
900,239,0.0203407890,27355696.0000000000,7
900,240,0.0251807690,30347312.0000000000,14
900,241,0.0165459690,30347312.0000000000,21
900,242,0.0212774030,30347312.0000000000,18
900,243,0.0216204120,30347312.0000000000,20
900,244,0.0197243500,30347312.0000000000,4
900,245,0.0223424820,30347312.0000000000,13
900,246,0.0232246600,30347312.0000000000,3
900,247,0.0221393060,30347312.0000000000,0
900,248,0.0212808300,30347312.0000000000,17
900,249,0.0223319460,27355696.0000000000,24
900,250,0.0225366280,27355696.0000000000,30
900,251,0.0160492460,27355696.0000000000,11
900,252,0.0165598260,30347312.0000000000,23
900,253,0.0228600640,30347312.0000000000,31
900,254,0.0200352600,30347312.0000000000,5
900,255,0.0227683750,30347312.0000000000,19
900,256,0.0161853660,30347312.0000000000,11
900,257,0.0224236370,30347312.0000000000,10
900,258,0.0252973830,30347312.0000000000,27
900,259,0.0227770090,30347312.0000000000,15
900,260,0.0227404220,30347312.0000000000,24
900,261,0.0187893910,27355696.0000000000,16
900,262,0.0205862120,27355696.0000000000,6
900,263,0.0239851390,27355696.0000000000,26
900,264,0.0207664690,30347312.0000000000,3
900,265,0.0227871370,30347312.0000000000,10
900,266,0.0212789970,30347312.0000000000,18
900,267,0.0250660550,30347312.0000000000,30
900,268,0.0222927340,30347312.0000000000,8
900,269,0.0228874660,30347312.0000000000,31
900,270,0.0218378550,30347312.0000000000,3
900,271,0.0228812660,30347312.0000000000,31
900,272,0.0229857490,30347312.0000000000,24
900,273,0.0219628610,27355696.0000000000,15
900,274,0.0203531430,27355696.0000000000,7
900,275,0.0200024770,27355696.0000000000,1
950,0,8.3545564175,153652672.0000000000,0
950,1,8.6260073598,150768800.0000000000,14
950,2,7.3958397141,143206048.0000000000,17
950,3,6.9992885212,133807552.0000000000,6
950,4,7.3591308787,134460832.0000000000,20
950,5,7.6190075917,137429536.0000000000,12
950,6,7.0069842322,138076544.0000000000,2
950,7,7.4842395801,140798864.0000000000,19
950,8,8.5697825242,156133232.0000000000,13
950,9,8.7943678871,152969952.0000000000,1
950,10,8.6489074308,152567536.0000000000,9
950,11,8.3074236943,148160784.0000000000,3
950,12,12.7774538422,239584576.0000000000,1
950,13,13.0364402517,241719664.0000000000,27
950,14,13.6568298312,246618992.0000000000,31
950,15,14.4362962196,253720464.0000000000,22
950,16,14.2173991895,256975104.0000000000,31
950,17,14.8120790819,260363152.0000000000,24
950,18,14.7228056066,261173280.0000000000,15
950,19,15.2018610031,263920080.0000000000,13
950,20,14.1216602165,255758304.0000000000,18
950,21,12.1968441807,220806064.0000000000,0
950,22,10.7265959567,217302480.0000000000,13
950,23,11.4367787398,216201072.0000000000,21
950,24,12.5400717629,239975536.0000000000,28
950,25,12.4800952912,240061408.0000000000,6
950,26,12.5401858138,240063616.0000000000,0
950,27,12.5456032996,240060160.0000000000,3
950,28,12.6153444908,240063072.0000000000,21
950,29,12.2707249008,240063632.0000000000,25
950,30,12.5039226634,240057632.0000000000,23
950,31,12.5057460654,240066304.0000000000,17
950,32,12.3550046037,240063392.0000000000,29
950,33,9.5209655416,216103072.0000000000,15
950,34,11.3145620691,216095680.0000000000,11
950,35,11.4442469790,216009856.0000000000,1
950,36,12.6060178806,239971392.0000000000,12
950,37,12.5887332535,240068112.0000000000,22
950,38,12.4233355018,240060752.0000000000,26
950,39,11.5167359744,240066352.0000000000,18
950,40,12.3892840080,240059024.0000000000,30
950,41,12.2579040987,240065312.0000000000,10
950,42,12.5414623108,240065168.0000000000,4
950,43,12.6411784056,240060832.0000000000,23
950,44,12.2534747426,240065088.0000000000,8
950,45,11.3486295884,216099824.0000000000,25
950,46,11.4830655968,216099616.0000000000,9
950,47,11.4082818295,216011008.0000000000,6
950,48,12.5088294749,239975760.0000000000,29
950,49,12.5635341973,240062736.0000000000,20
950,50,12.5520840491,240059728.0000000000,14
950,51,12.3148127540,240062848.0000000000,16
950,52,12.4725950461,240066864.0000000000,19
950,53,12.6115343343,240059152.0000000000,28
950,54,12.5970584183,240063024.0000000000,30
950,55,9.8035980922,240062048.0000000000,15
950,56,12.6408706075,240063424.0000000000,14
950,57,11.3834326507,216100704.0000000000,4
950,58,10.3326721547,216098368.0000000000,19
950,59,11.3888376298,216012800.0000000000,3
950,60,12.4791483017,239980960.0000000000,2
950,61,12.6513538816,240110560.0000000000,27
950,62,12.5372186731,240112352.0000000000,8
950,63,11.8838383787,240110560.0000000000,2
950,64,12.5636664662,240106624.0000000000,20
950,65,12.5924789380,240113024.0000000000,26
950,66,12.3801216744,240108432.0000000000,5
950,67,12.4122226630,240107984.0000000000,5
950,68,12.3345683555,240111136.0000000000,7
950,69,11.3239715314,216142800.0000000000,16
950,70,9.9380560739,216138016.0000000000,8
950,71,11.3963652199,216026128.0000000000,10
950,72,10.8376135242,239646016.0000000000,5
950,73,12.7407696610,240017536.0000000000,11
950,74,11.0177850464,240018000.0000000000,17
950,75,10.8607046094,240016000.0000000000,16
950,76,11.2911054590,240022288.0000000000,4
950,77,12.7219200922,240017872.0000000000,9
950,78,12.5959327179,240020336.0000000000,12
950,79,11.5180544251,240019760.0000000000,10
950,80,12.4760872824,239994800.0000000000,7
950,81,9.8194841442,216067088.0000000000,7
950,82,9.7680324183,216059760.0000000000,18
950,83,11.2700152753,215686288.0000000000,24
950,84,4.2490316615,89706880.0000000000,26
950,85,4.4342582176,89823408.0000000000,22
950,86,4.3412039941,89811232.0000000000,11
950,87,4.4483204536,89827248.0000000000,21
950,88,4.4377538153,89824704.0000000000,27
950,89,4.2678318291,89820736.0000000000,28
950,90,4.2446138881,89824256.0000000000,30
950,91,3.9832758520,89820992.0000000000,31
950,92,3.6108232342,89829744.0000000000,29
950,93,3.6077485918,80879568.0000000000,24
950,94,3.8929204661,80887152.0000000000,25
950,95,4.0778362304,80773504.0000000000,23
950,96,0.7159786412,30347312.0000000000,4
950,97,0.8062879028,30347312.0000000000,26
950,98,0.8024636546,30347312.0000000000,24
950,99,0.8062881238,30347312.0000000000,26
950,100,0.8103439130,30347312.0000000000,11
950,101,0.7667411505,30347312.0000000000,13
950,102,0.7940175543,30347312.0000000000,24
950,103,0.8041740872,30347312.0000000000,30
950,104,0.7115989222,30347312.0000000000,29
950,105,0.7848609447,27355696.0000000000,26
950,106,0.6647139678,27355696.0000000000,2
950,107,0.6751447071,27355696.0000000000,2
950,108,0.6869116981,30347312.0000000000,6
950,109,0.6811085333,30347312.0000000000,6
950,110,0.7573998942,30347312.0000000000,3
950,111,0.7413635845,30347312.0000000000,23
950,112,0.6429731788,30347312.0000000000,17
950,113,0.7102782402,30347312.0000000000,5
950,114,0.8528796505,30347312.0000000000,23
950,115,0.8058561837,30347312.0000000000,27
950,116,0.7234725568,30347312.0000000000,29
950,117,0.6934825970,27355696.0000000000,29
950,118,0.6300425617,27355696.0000000000,19
950,119,0.7513847927,27355696.0000000000,24
950,120,0.6438118975,30347312.0000000000,18
950,121,0.7805937009,30347312.0000000000,13
950,122,0.7606111429,30347312.0000000000,3
950,123,0.6917301317,30347312.0000000000,7
950,124,0.7473697813,30347312.0000000000,23
950,125,0.8061580012,30347312.0000000000,12
950,126,0.7469598103,30347312.0000000000,11
950,127,0.7810341474,30347312.0000000000,27
950,128,0.7683021129,30347312.0000000000,21
950,129,0.7863706799,27355696.0000000000,26
950,130,0.7240885469,27355696.0000000000,21
950,131,0.6633945270,27355696.0000000000,17
950,132,0.8527970289,30347312.0000000000,11
950,133,0.6875586876,30347312.0000000000,7
950,134,0.7492921350,30347312.0000000000,22
950,135,0.7396574090,30347312.0000000000,22
950,136,0.8143953855,30347312.0000000000,24
950,137,0.6939699236,30347312.0000000000,18
950,138,0.6926880590,30347312.0000000000,25
950,139,0.7598599412,30347312.0000000000,31
950,140,0.6982091128,30347312.0000000000,25
950,141,0.7828624652,27355696.0000000000,9
950,142,0.6301788299,27355696.0000000000,16
950,143,0.7241542802,27355696.0000000000,0
950,144,0.8038139648,30347312.0000000000,30
950,145,0.8163015987,30347312.0000000000,9
950,146,0.7959936407,30347312.0000000000,30
950,147,0.7833160852,30347312.0000000000,27
950,148,0.6506788991,30347312.0000000000,16
950,149,0.8023154651,30347312.0000000000,22
950,150,0.7189470156,30347312.0000000000,20
950,151,0.7339951131,30347312.0000000000,8
950,152,0.8045260569,30347312.0000000000,26
950,153,0.7432758165,27355696.0000000000,1
950,154,0.7573798128,27355696.0000000000,1
950,155,0.7414666163,27355696.0000000000,31
950,156,0.7557550325,30347312.0000000000,28
950,157,0.8103362020,30347312.0000000000,9
950,158,0.6588088616,30347312.0000000000,23
950,159,0.7007314044,30347312.0000000000,25
950,160,0.7924612191,30347312.0000000000,22
950,161,0.4998170296,30347312.0000000000,23
950,162,0.7951668566,30347312.0000000000,21
950,163,0.7259745692,30347312.0000000000,20
950,164,0.6535266208,30347312.0000000000,19
950,165,0.5610263927,27355696.0000000000,22
950,166,0.6846369370,27355696.0000000000,0
950,167,0.7439855851,27355696.0000000000,11
950,168,0.5552815208,30347312.0000000000,22
950,169,0.8066242429,30347312.0000000000,12
950,170,0.7604062840,30347312.0000000000,31
950,171,0.8260392421,30347312.0000000000,27
950,172,0.7317011442,30347312.0000000000,8
950,173,0.7515750612,30347312.0000000000,28
950,174,0.8204416783,30347312.0000000000,14
950,175,0.7897048283,30347312.0000000000,30
950,176,0.6814564289,30347312.0000000000,6
950,177,0.5664341280,27355696.0000000000,22
950,178,0.6953327995,27355696.0000000000,2
950,179,0.7866948759,27355696.0000000000,12
950,180,0.7446562598,30347312.0000000000,28
950,181,0.7076233907,30347312.0000000000,29
950,182,0.7581336112,30347312.0000000000,31
950,183,0.6979572434,30347312.0000000000,25
950,184,0.7268592080,30347312.0000000000,2
950,185,0.7923791318,30347312.0000000000,21
950,186,0.7240405881,30347312.0000000000,29
950,187,0.7538661016,30347312.0000000000,28
950,188,0.6418929990,30347312.0000000000,15
950,189,0.7038862820,27355696.0000000000,29
950,190,0.7883166792,27355696.0000000000,31
950,191,0.7867567518,27355696.0000000000,14
950,192,0.5734984735,30347312.0000000000,21
950,193,0.7555852790,30347312.0000000000,19
950,194,0.8208575851,30347312.0000000000,14
950,195,0.7004675799,30347312.0000000000,25
950,196,0.7778152133,30347312.0000000000,10
950,197,0.7449142467,30347312.0000000000,0
950,198,0.7030475887,30347312.0000000000,29
950,199,0.8034991232,30347312.0000000000,26
950,200,0.6960435909,30347312.0000000000,29
950,201,0.7683737959,27355696.0000000000,28
950,202,0.7700974343,27355696.0000000000,28
950,203,0.5109181618,27355696.0000000000,21
950,204,0.7951925684,30347312.0000000000,28
950,205,0.7950532597,30347312.0000000000,30
950,206,0.7370823833,30347312.0000000000,0
950,207,0.7614489381,30347312.0000000000,1
950,208,0.6484218054,30347312.0000000000,16
950,209,0.8093215866,30347312.0000000000,27
950,210,0.7066396210,30347312.0000000000,5
950,211,0.6888103300,30347312.0000000000,4
950,212,0.6957632701,30347312.0000000000,25
950,213,0.4875748956,27355696.0000000000,23
950,214,0.7784976365,27355696.0000000000,12
950,215,0.7451419380,27355696.0000000000,10
950,216,0.6505231479,30347312.0000000000,11
950,217,0.7270286194,30347312.0000000000,28
950,218,0.7845510241,30347312.0000000000,24
950,219,0.7548187196,30347312.0000000000,27
950,220,0.7628789435,30347312.0000000000,27
950,221,0.6935375465,30347312.0000000000,17
950,222,0.7281716708,30347312.0000000000,8
950,223,0.5694215935,30347312.0000000000,21
950,224,0.7141554136,30347312.0000000000,4
950,225,0.7549428815,27355696.0000000000,9
950,226,0.6767515843,27355696.0000000000,25
950,227,0.5266470604,27355696.0000000000,11
950,228,0.6884823459,30347312.0000000000,5
950,229,0.4653807401,30347312.0000000000,23
950,230,0.7275349786,30347312.0000000000,20
950,231,0.7907105145,30347312.0000000000,26
950,232,0.6995651647,30347312.0000000000,25
950,233,0.7587422882,30347312.0000000000,1
950,234,0.7349441460,30347312.0000000000,15
950,235,0.8023597115,30347312.0000000000,30
950,236,0.6999380898,30347312.0000000000,2
950,237,0.5191889340,27355696.0000000000,22
950,238,0.7363452107,27355696.0000000000,13
950,239,0.6714184597,27355696.0000000000,7
950,240,0.8063393070,30347312.0000000000,14
950,241,0.5112258497,30347312.0000000000,21
950,242,0.7007795468,30347312.0000000000,18
950,243,0.7207746345,30347312.0000000000,20
950,244,0.7361219753,30347312.0000000000,4
950,245,0.7296252748,30347312.0000000000,13
950,246,0.7605583521,30347312.0000000000,3
950,247,0.7165587261,30347312.0000000000,0
950,248,0.7035050769,30347312.0000000000,17
950,249,0.7239840792,27355696.0000000000,24
950,250,0.7794016179,27355696.0000000000,30
950,251,0.5223771613,27355696.0000000000,11
950,252,0.4831720868,30347312.0000000000,23
950,253,0.8088771359,30347312.0000000000,31
950,254,0.6835836117,30347312.0000000000,5
950,255,0.7558231577,30347312.0000000000,19
950,256,0.5276403103,30347312.0000000000,11
950,257,0.8062443535,30347312.0000000000,10
950,258,0.7547839690,30347312.0000000000,27
950,259,0.7426032512,30347312.0000000000,15
950,260,0.7410701364,30347312.0000000000,24
950,261,0.6287698836,27355696.0000000000,16
950,262,0.6651555389,27355696.0000000000,6
950,263,0.7636429073,27355696.0000000000,26
950,264,0.7299516998,30347312.0000000000,3
950,265,0.7577986358,30347312.0000000000,10
950,266,0.7043191173,30347312.0000000000,18
950,267,0.7699370196,30347312.0000000000,30
950,268,0.7090100518,30347312.0000000000,8
950,269,0.8194276828,30347312.0000000000,31
950,270,0.6659287995,30347312.0000000000,3
950,271,0.7954070113,30347312.0000000000,31
950,272,0.7512354707,30347312.0000000000,24
950,273,0.7154603237,27355696.0000000000,15
950,274,0.6732254794,27355696.0000000000,7
950,275,0.7129229634,27355696.0000000000,1
