step,avg_time
1,1.234177882
2,1.024653879
3,0.9544802437
4,0.9495415152
5,0.9227752922
6,0.9048292145
7,0.8919765844
8,0.8876088901
9,0.8806698662
10,0.8756667617
11,0.8718700273
12,0.8721325793
13,0.8697082542
14,0.8678004021
15,0.8662888675
16,0.8674864764
17,0.8857567863
18,0.8837519968
19,0.9012273418
20,0.900623893
21,0.8982653588
22,0.8961390745
23,0.8942397682
24,0.8941314555
25,0.8924537967
26,0.8909154026
27,0.90104883
28,0.9007086571
29,0.8990361993
30,0.909751288
31,0.9078955587
32,0.9074157854
33,0.9057696998
34,0.9041956229
35,0.9027495106
36,0.9024443173
37,0.9010915296
38,0.8998067974
39,0.8985890877
40,0.8984122669
41,0.8972829607
42,0.8962027311
43,0.8951777809
44,0.8950793797
45,0.8941214111
46,0.8931996588
47,0.8923318533
48,0.8923128986
49,0.8914849585
50,0.890711325
51,0.8899619536
52,0.890013184
53,0.8893033501
54,0.8886196916
55,0.8879664944
56,0.8880336223
57,0.8874050264
58,0.8868025603
59,0.8862327347
60,0.8863217435
61,0.8857571173
62,0.8852191166
63,0.8847071523
64,0.8848219848
65,0.8843227114
66,0.8838516242
67,0.8833879952
68,0.8835223928
69,0.8830787307
70,0.8826666977
71,0.8822499004
72,0.8823849152
73,0.8820264138
74,0.8816419193
75,0.881278283
76,0.8814235451
77,0.8810526884
78,0.8806986522
79,0.8803927995
80,0.8805446883
81,0.8802143316
82,0.8798950388
83,0.8795862113
84,0.8797474146
85,0.8794417985
86,0.8791473212
87,0.8788610081
88,0.8790284424
89,0.8787662725
90,0.8784905762
91,0.8782265031
92,0.8783928456
93,0.8781441088
94,0.8778925231
95,0.8776491305
96,0.8910052338
97,0.906217259
98,0.921095443
99,0.9357346576
100,0.9859360204
101,0.9832830267
102,0.9791614679
103,0.9751189708
104,0.9713385961
105,0.9674216581
106,0.963610995
107,0.9598623743
108,0.956360337
109,0.9527436265
110,0.9492045948
111,0.9457217962
112,0.942474063
113,0.9390974442
114,0.9357956904
115,0.932549354
116,0.9295266001
117,0.9263690403
118,0.9232840012
119,0.9202524754
120,0.9174321843
121,0.9144785949
122,0.9115937011
123,0.9087559666
124,0.9061174302
125,0.9033521111
126,0.9006478677
127,0.8979884421
128,0.8955189344
129,0.8929166997
130,0.8903765433
131,0.8878753217
132,0.8855553671
133,0.8831096909
134,0.8807170669
135,0.8783613523
136,0.8761821592
137,0.8738780287
138,0.871628651
139,0.8694058132
140,0.867352224
141,0.8651731534
142,0.8630416182
143,0.8609440496
144,0.8590045955
145,0.8569493712
146,0.8549326846
147,0.8529428307
148,0.8511100622
149,0.8491575144
150,0.8472495167
151,0.8453647391
152,0.8436298137
153,0.8417782046
154,0.8399671927
155,0.8381780472
156,0.8365377086
157,0.8347788723
158,0.8330541419
159,0.8313515526
160,0.8297878736
161,0.8281109543
162,0.8264712762
163,0.8248532481
164,0.8233691073
165,0.821772215
166,0.820208547
167,0.8186686911
168,0.8172584033
169,0.8157368992
170,0.8142534128
171,0.8127822806
172,0.8114379454
173,0.8099829293
174,0.8085597529
175,0.807155398
176,0.8058736606
177,0.804482917
178,0.8031257381
179,0.8017825084
180,0.8005593604
181,0.7992323348
182,0.7979305991
183,0.7966441242
184,0.7954755554
185,0.794206182
186,0.7929621553
187,0.7917282091
188,0.7906099748
189,0.7893891535
190,0.7881948693
191,0.7870122458
192,0.7859419199
193,0.7847700202
194,0.7836253797
195,0.7824922427
196,0.7832381245
197,0.784684237
198,0.7861146636
199,0.7875322004
200,0.8040825741
201,0.8036504001
202,0.802457975
203,0.8012743817
204,0.8001979597
205,0.7990271124
206,0.7978798204
207,0.796743077
208,0.7957107531
209,0.7945825696
210,0.7934757901
211,0.7923839767
212,0.7913885818
213,0.790306171
214,0.789240827
215,0.7881855597
216,0.7872293184
217,0.7861820817
218,0.7851563302
219,0.7841429096
220,0.7832215304
221,0.7822131456
222,0.7812251075
223,0.7802438757
224,0.7793575477
225,0.7783843955
226,0.7774295957
227,0.7764822653
228,0.7756279224
229,0.7746863401
230,0.773762152
231,0.7728471857
232,0.772024073
233,0.7711148147
234,0.7702228956
235,0.7693389952
236,0.7685437406
237,0.7676639385
238,0.766802728
239,0.7659465368
240,0.7651785857
241,0.7643261456
242,0.7634924703
243,0.7626665322
244,0.7619249277
245,0.7611000036
246,0.7602923586
247,0.7594898997
248,0.7587752231
249,0.757976258
250,0.7571943215
251,0.7564182601
252,0.7557242585
253,0.7549503284
254,0.7541916068
255,0.75344262
256,0.7527711839
257,0.7533485632
258,0.7526083482
259,0.7518739154
260,0.7512201004
261,0.7504867101
262,0.7497675585
263,0.7490554791
264,0.7484211062
265,0.7477094902
266,0.747011518
267,0.7463218607
268,0.7457068943
269,0.7450141586
270,0.7443367856
271,0.7436649885
272,0.7430706389
273,0.7423988044
274,0.7417412146
275,0.741087891
276,0.7405118787
277,0.7398586694
278,0.7392223587
279,0.7385886146
280,0.7380288258
281,0.7373950356
282,0.7367759097
283,0.7361622608
284,0.7356175217
285,0.7349993722
286,0.7343948006
287,0.7337949598
288,0.7332643398
289,0.7326633206
290,0.7320764143
291,0.7314959644
292,0.7309816591
293,0.7303973081
294,0.7298254467
295,0.7292595666
296,0.729933506
297,0.7310738318
298,0.7322057598
299,0.7333286655
300,0.7457950353
301,0.746920068
302,0.7463100385
303,0.7457066309
304,0.7451662801
305,0.7445595313
306,0.7439638149
307,0.7433717063
308,0.7428484303
309,0.7422576174
310,0.7416807888
311,0.7411049964
312,0.7405933842
313,0.7400168901
314,0.7394512451
315,0.7388892179
316,0.7383914254
317,0.737828051
318,0.7372751732
319,0.7367286756
320,0.7362424634
321,0.7356949135
322,0.735156051
323,0.7346212176
324,0.7341496914
325,0.7336141716
326,0.7330891098
327,0.7325661842
328,0.7321052235
329,0.7315842417
330,0.7310736043
331,0.7305637141
332,0.7301148514
333,0.7296036034
334,0.7291031372
335,0.7286053178
336,0.7281679545
337,0.7276696115
338,0.7271809049
339,0.7266969272
340,0.7262718924
341,0.7257846419
342,0.7253069763
343,0.7248325325
344,0.7244150684
345,0.7239388581
346,0.723472133
347,0.7230081333
348,0.7226013956
349,0.722136097
350,0.7216787377
351,0.7212269769
352,0.7208297656
353,0.7203731026
354,0.7199276433
355,0.7204810092
356,0.7200919585
357,0.7196433007
358,0.7192040482
359,0.7187677202
360,0.7183853503
361,0.7179460234
362,0.7175152165
363,0.7170873124
364,0.7167142399
365,0.7162853188
366,0.7158648208
367,0.7154467154
368,0.7150823972
369,0.7146619995
370,0.7142511727
371,0.7138419528
372,0.7134862136
373,0.7130765012
374,0.7126743683
375,0.7122746399
376,0.7119266176
377,0.7115235509
378,0.7111290212
379,0.7107383176
380,0.7103986592
381,0.7100039033
382,0.7096165741
383,0.709232096
384,0.7088988809
385,0.7085119949
386,0.7081335316
387,0.7077566084
388,0.7074306998
389,0.7070516502
390,0.7066799291
391,0.7063107006
392,0.7059914622
393,0.70562884
394,0.7052668413
395,0.7049048439
396,0.7054695071
397,0.7063830575
398,0.7072917386
399,0.7081953843
400,0.7167742732
401,0.7167783242
402,0.7163953721
403,0.7160128577
404,0.7156802073
405,0.7152966724
406,0.7149210634
407,0.714546865
408,0.7142211739
409,0.7138447229
410,0.7134752721
411,0.713107582
412,0.7127884502
413,0.7124182736
414,0.7120560845
415,0.7116945058
416,0.7113816539
417,0.7110193582
418,0.7106635118
419,0.7103099447
420,0.7100024335
421,0.7096466369
422,0.7092980177
423,0.7089512613
424,0.7086517754
425,0.7083036508
426,0.7079623396
427,0.707621739
428,0.7073276708
429,0.7069831826
430,0.7066466447
431,0.7063119414
432,0.7060226252
433,0.7056844699
434,0.7053536859
435,0.7050240522
436,0.704741318
437,0.7044171842
438,0.7040933167
439,0.7037699441
440,0.7034920151
441,0.703166237
442,0.7028483656
443,0.7025319247
444,0.7022590537
445,0.7019401567
446,0.7016257888
447,0.701314605
448,0.7010473943
449,0.700734596
450,0.7004270767
451,0.700120421
452,0.6998577792
453,0.6995497372
454,0.6992469384
455,0.6989457312
456,0.6986871679
457,0.6983829604
458,0.6980856931
459,0.6977892554
460,0.6975365406
461,0.6972390764
462,0.6969477223
463,0.6966621228
464,0.6964134398
465,0.6961205566
466,0.6958331662
467,0.6955474746
468,0.6953031478
469,0.6950151658
470,0.6947324512
471,0.6944531213
472,0.6942138525
473,0.6939306759
474,0.6936530889
475,0.693376815
476,0.6931420386
477,0.6928628038
478,0.6925902784
479,0.6923185755
480,0.6920878211
481,0.69181305
482,0.6915455112
483,0.691277714
484,0.6910503666
485,0.6907815216
486,0.6905172865
487,0.6902543317
488,0.6900309287
489,0.6897677373
490,0.6895093237
491,0.689251045
492,0.689032137
493,0.6887704034
494,0.6885143581
495,0.688258659
496,0.6887433398
497,0.689506598
498,0.6902661831
499,0.6910235696
500,0.6977102005
501,0.697749317
502,0.6974797977
503,0.6972114834
504,0.696981908
505,0.6967115378
506,0.6964460555
507,0.6961818834
508,0.6959565183
509,0.6956905026
510,0.6954292755
511,0.6951683795
512,0.6949457225
513,0.6946824684
514,0.6944246723
515,0.6941691374
516,0.6939506034
517,0.6936917711
518,0.6934388616
519,0.6931876439
520,0.6929740619
521,0.692718988
522,0.6924691818
523,0.6922205684
524,0.692009448
525,0.691757885
526,0.6915116264
527,0.6912666922
528,0.6910588375
529,0.6908108369
530,0.6905697113
531,0.6903287063
532,0.6901242082
533,0.6898806165
534,0.6896423718
535,0.6894047171
536,0.6892052458
537,0.6889642261
538,0.6887289729
539,0.6884945795
540,0.6882964441
541,0.6880590573
542,0.6878286046
543,0.6875973224
544,0.6874019759
545,0.6871678427
546,0.6869399842
547,0.6867127046
548,0.6865215997
549,0.6862906789
550,0.6860654506
551,0.6858425453
552,0.6856542502
553,0.6854265942
554,0.6852047294
555,0.6849827823
556,0.6847966467
557,0.6845728157
558,0.6843535016
559,0.6841359504
560,0.6839614361
561,0.6837412731
562,0.6835248059
563,0.6833097599
564,0.6831284856
565,0.6829100476
566,0.682697047
567,0.6824850364
568,0.6823069817
569,0.6820923593
570,0.6818822641
571,0.6816734668
572,0.681498917
573,0.6812867107
574,0.6810803225
575,0.6808737675
576,0.6807024646
577,0.6804938728
578,0.6802898777
579,0.6800863998
580,0.6799167626
581,0.6797098966
582,0.6795082215
583,0.6793087072
584,0.6791444092
585,0.6789405598
586,0.6787432111
587,0.6785463375
588,0.6783825483
589,0.6781830059
590,0.677988348
591,0.6777944809
592,0.6776344362
593,0.6774380301
594,0.677246317
595,0.6770562286
596,0.6774787944
597,0.6781352754
598,0.6787900432
599,0.6794414354
600,0.6851476416
601,0.6851976995
602,0.6849935798
603,0.6847916639
604,0.6846206451
605,0.684414906
606,0.6842137835
607,0.684013191
608,0.6838442394
609,0.6836409257
610,0.6834418618
611,0.6832432983
612,0.6830771141
613,0.6828767852
614,0.6826825587
615,0.6824868226
616,0.6823236355
617,0.6821257217
618,0.6819325146
619,0.681739746
620,0.6815782514
621,0.6813823736
622,0.6811918171
623,0.6810007368
624,0.6808416911
625,0.6806482186
626,0.6804594635
627,0.6802704513
628,0.6801128642
629,0.6799231818
630,0.6797368004
631,0.6795521018
632,0.6793980252
633,0.6792091296
634,0.6790251247
635,0.6788412786
636,0.6786881365
637,0.6785009081
638,0.6783190047
639,0.6781373379
640,0.6779858747
641,0.6778015499
642,0.6776217151
643,0.6774423508
644,0.6772936551
645,0.6771115853
646,0.6769338189
647,0.6767572798
648,0.6766097826
649,0.6764319597
650,0.6762568035
651,0.6760826837
652,0.6759377513
653,0.6757616406
654,0.6755881827
655,0.6754149233
656,0.6752716736
657,0.6750989147
658,0.6749282057
659,0.6747579433
660,0.6746162582
661,0.6744427048
662,0.6742732772
663,0.6741047717
664,0.6739655546
665,0.6737938427
666,0.6736259135
667,0.6734601689
668,0.673322521
669,0.6731533509
670,0.6729881049
671,0.672823241
672,0.6726877886
673,0.6725208138
674,0.6723574716
675,0.6721945771
676,0.6720605321
677,0.671894732
678,0.6717330903
679,0.671572649
680,0.6714402433
681,0.6712767609
682,0.6711177183
683,0.6709586323
684,0.6708281675
685,0.6706667204
686,0.6705092803
687,0.6703521983
688,0.6702237976
689,0.6700642936
690,0.6699081796
691,0.6697524888
692,0.6696248001
693,0.6694671875
694,0.6693125426
695,0.6691585099
696,0.6695291696
697,0.6701030973
698,0.6706737742
699,0.6712429636
700,0.6763519391
701,0.6764107474
702,0.6762481451
703,0.6760857932
704,0.6759514512
705,0.6757875277
706,0.6756271242
707,0.6754668508
708,0.6753341425
709,0.6751710189
710,0.67501203
711,0.6748540855
712,0.6747238242
713,0.674563361
714,0.6744063436
715,0.6742501433
716,0.6741205667
717,0.6739623015
718,0.6738065529
719,0.673651298
720,0.673522805
721,0.673365053
722,0.673211541
723,0.6730584966
724,0.6729319083
725,0.6727760371
726,0.6726237976
727,0.672473259
728,0.6723486231
729,0.6721957575
730,0.6720451002
731,0.6718948946
732,0.6717713142
733,0.6716189973
734,0.6714698978
735,0.6713217048
736,0.6711995718
737,0.6710488158
738,0.6709013074
739,0.670754089
740,0.6706336597
741,0.6704844556
742,0.6703387687
743,0.6701935457
744,0.6700742614
745,0.6699272734
746,0.6697828165
747,0.669639161
748,0.6695209822
749,0.6693745337
750,0.6692316162
751,0.6690896208
752,0.6689726835
753,0.6688276175
754,0.6686891124
755,0.6685485867
756,0.6684335858
757,0.6682910295
758,0.6681510652
759,0.6680118242
760,0.6678979364
761,0.6677559384
762,0.6676177286
763,0.6674797954
764,0.6673675891
765,0.6672275262
766,0.6670909596
767,0.6669542223
768,0.6668428613
769,0.6667042805
770,0.6665690871
771,0.6664339979
772,0.6663247036
773,0.6661862605
774,0.6660524682
775,0.6659190033
776,0.665810701
777,0.6656744042
778,0.665541855
779,0.6654093598
780,0.6653014968
781,0.6651670043
782,0.6650365173
783,0.6649052245
784,0.6647995003
785,0.6646656916
786,0.6645354012
787,0.6644056777
788,0.6643009338
789,0.6641689763
790,0.6640398485
791,0.6639113551
792,0.6638073331
793,0.6636762577
794,0.6635487435
795,0.6634215747
796,0.6637541479
797,0.6642626891
798,0.6647692506
799,0.6652739248
800,0.6694577577
801,0.6695181616
802,0.6693845149
803,0.6692512806
804,0.6691422649
805,0.6690066335
806,0.6688743623
807,0.668742124
808,0.6686344058
809,0.6685006775
810,0.6683696612
811,0.6682390006
812,0.6681326451
813,0.6679996741
814,0.6678693247
815,0.6677401108
816,0.6676345151
817,0.6675026088
818,0.6673738699
819,0.6672457
820,0.6671412192
821,0.6670099751
822,0.6668826357
823,0.6667552856
824,0.6666569103
825,0.6665281012
826,0.666401593
827,0.6662757142
828,0.6661734206
829,0.6660449483
830,0.665920692
831,0.6657965668
832,0.6656951932
833,0.6655683341
834,0.6654451901
835,0.6653214262
836,0.6652212232
837,0.6650952525
838,0.664972446
839,0.6648501741
840,0.6647510098
841,0.6646253975
842,0.6645040792
843,0.6643829245
844,0.664284476
845,0.6641612176
846,0.664040849
847,0.6639211222
848,0.6638242201
849,0.6637013765
850,0.6635817826
851,0.6634628683
852,0.6633665264
853,0.6632458164
854,0.6631278657
855,0.6630113051
856,0.6629161726
857,0.6627957432
858,0.6626785046
859,0.6625619369
860,0.6624676455
861,0.6623482207
862,0.6622328049
863,0.6621175038
864,0.6620241424
865,0.6619058423
866,0.6617907713
867,0.6616762655
868,0.6615839114
869,0.6614673021
870,0.6613533365
871,0.6612401847
872,0.6611490596
873,0.6610331577
874,0.6609210767
875,0.6608085059
876,0.6607174763
877,0.6606044159
878,0.6604924874
879,0.6603810504
880,0.6602916965
881,0.6601778532
882,0.6600672433
883,0.65995697
884,0.6598682491
885,0.6597557701
886,0.6596468624
887,0.6595375106
888,0.6594501571
889,0.6593382239
890,0.6592298367
891,0.6591213844
892,0.6590345362
893,0.6589234028
894,0.6588160582
895,0.6587081525
896,0.6590110572
897,0.6594672817
898,0.659922538
899,0.6603767126
900,0.6643054423
901,0.6643646266
902,0.6642514719
903,0.6641392674
904,0.6640478831
905,0.6639329861
906,0.6638210737
907,0.6637093062
908,0.6636197287
909,0.6635054029
910,0.6633944966
911,0.6632835782
912,0.6631940269
913,0.6630810437
914,0.6629709811
915,0.6628608423
916,0.6627717257
917,0.6626596851
918,0.6625507773
919,0.6624420211
920,0.662354376
921,0.6622434356
922,0.66213512
923,0.6620269592
924,0.6619407453
925,0.6618306459
926,0.6617234627
927,0.6616166237
928,0.6615300133
929,0.6614214886
930,0.6613149343
931,0.6612086589
932,0.6611226912
933,0.6610147286
934,0.6609092663
935,0.660803751
936,0.6607190576
937,0.6606114639
938,0.6605067018
939,0.6604020218
940,0.6603183843
941,0.6602117056
942,0.6601078325
943,0.6600045232
944,0.6599214834
945,0.6598157178
946,0.659712573
947,0.6596139478
948,0.6595316364
949,0.6594267833
950,0.6593246511
951,0.6592239532
952,0.6591424513
953,0.659038767
954,0.6589374466
955,0.6588370857
956,0.658756882
957,0.6586535129
958,0.6585530478
959,0.6584533189
960,0.6583734294
961,0.6582715511
962,0.6581716988
963,0.6580718395
964,0.6579922381
965,0.6578908815
966,0.6577923746
967,0.6576940572
968,0.6576159413
969,0.6575162445
970,0.6574185917
971,0.6573206888
972,0.6572427263
973,0.6571432854
974,0.6570461348
975,0.6569488144
976,0.6568720839
977,0.656772844
978,0.6566760567
979,0.6565797995
980,0.656503285
981,0.6564051176
982,0.6563094111
983,0.6562139119
984,0.656138351
985,0.6560407417
986,0.6559456208
987,0.6558510654
988,0.6557757538
989,0.6556788236
990,0.6555844512
991,0.65549024
992,0.6554158897
993,0.6553198278
994,0.655227186
995,0.6551345981
996,0.6554094364
997,0.6558234121
998,0.656241628
999,0.6566544735
1000,0.6603124743
1001,0.6603683189
1002,0.660270861
1003,0.6601737039
1004,0.6600972448
1005,0.6599975424
1006,0.6599012774
1007,0.6598051181
1008,0.6597294362
1009,0.6596307366
1010,0.6595357225
1011,0.6594413426
1012,0.6593668236
1013,0.6592695108
1014,0.6591765377
1015,0.6590836668
1016,0.6590114532
1017,0.6589159069
1018,0.6588235116
1019,0.658731574
1020,0.6586595845
1021,0.658565392
1022,0.6584741948
1023,0.6583830899
1024,0.6583122649
1025,0.6582182295
1026,0.6581280552
1027,0.6580382589
1028,0.657968423
1029,0.6578759031
1030,0.6577865601
1031,0.6576975039
1032,0.6576291337
1033,0.6575386348
1034,0.6574512593
1035,0.6573641566
1036,0.6572971459
1037,0.6572071741
1038,0.6571208024
1039,0.6570349784
1040,0.6569686684
1041,0.6568799429
1042,0.6567945963
1043,0.6567093622
1044,0.6566444949
1045,0.6565565841
1046,0.65647176
1047,0.6563875438
1048,0.6563230898
1049,0.656236349
1050,0.6561526094
1051,0.6560695404
1052,0.6560070515
1053,0.6559209277
1054,0.6558383752
1055,0.6557552494
1056,0.6556931027
1057,0.6556075556
1058,0.6555258573
1059,0.6554446772
1060,0.6553833106
1061,0.6552994926
1062,0.6552188572
1063,0.6551385999
1064,0.6550784981
1065,0.6549961364
1066,0.6549173837
1067,0.6548381797
1068,0.6547786496
1069,0.6546969482
1070,0.6546184697
1071,0.6545398704
1072,0.6544807747
1073,0.6544000911
1074,0.6543217661
1075,0.6542444184
1076,0.654185915
1077,0.6541053776
1078,0.6540283771
1079,0.6539514068
1080,0.6538941785
1081,0.6538147804
1082,0.6537382176
1083,0.6536618468
1084,0.6536044702
1085,0.6535254269
1086,0.6534495327
1087,0.6533737498
1088,0.653317139
1089,0.6532387701
1090,0.6531647842
1091,0.6530911154
1092,0.6530361023
1093,0.6532928623
1094,0.6532188227
1095,0.6531450782
1096,0.6534101699
1097,0.6538048234
1098,0.6541989508
1099,0.6545924309
1100,0.6577920061
1101,0.6578594652
1102,0.6577824184
1103,0.6577053725
1104,0.6576478844
1105,0.6575683381
1106,0.6574920057
1107,0.6574166003
1108,0.6573597492
1109,0.6572808632
1110,0.6572053168
1111,0.6571296857
1112,0.6570727972
1113,0.6569947375
1114,0.6569196044
1115,0.6568447077
1116,0.6567886485
1117,0.6567112358
1118,0.6566369665
1119,0.656562787
1120,0.656507292
1121,0.6564304922
1122,0.6563564345
1123,0.6562829197
1124,0.656228261
1125,0.6561520054
1126,0.6560791583
1127,0.65600622
1128,0.6559523799
1129,0.6558770679
1130,0.655804959
1131,0.6557336342
1132,0.6556819202
1133,0.6556087787
1134,0.6555387112
1135,0.6554686655
1136,0.6554176273
1137,0.6553451844
1138,0.6552768915
1139,0.6552074811
1140,0.65515785
1141,0.6550860938
1142,0.6550192313
1143,0.6549524996
1144,0.6549049382
1145,0.6548358691
1146,0.6547698195
1147,0.654704045
1148,0.6546578925
1149,0.6545895234
1150,0.6545240571
1151,0.6544592506
1152,0.6544139274
1153,0.6543462736
1154,0.6542817845
1155,0.6542170925
1156,0.6541731979
1157,0.6541066207
1158,0.6540430449
1159,0.6539795435
1160,0.6539354391
1161,0.6538697256
1162,0.653806417
1163,0.6537434835
1164,0.6537003948
1165,0.6536352159
1166,0.6535725054
1167,0.6535103191
1168,0.6534682949
1169,0.6534035012
1170,0.653341634
1171,0.6532798045
1172,0.6532377317
1173,0.6531734223
1174,0.653113045
1175,0.6530527054
1176,0.653012103
1177,0.6529494008
1178,0.6528895963
1179,0.6528299611
1180,0.6527896242
1181,0.6527273922
1182,0.6526678444
1183,0.652608591
1184,0.6525693348
1185,0.6525088709
1186,0.6524509789
1187,0.652393465
1188,0.6523548483
1189,0.6522946704
1190,0.6522370985
1191,0.652180367
1192,0.6521426338
1193,0.6520824879
1194,0.6520254821
1195,0.6519689516
1196,0.6522279688
1197,0.6526086423
1198,0.6529889417
1199,0.6533682878
1200,0.656985259
1201,0.6570619979
1202,0.6570017094
1203,0.6569416172
1204,0.656900482
1205,0.6568376076
1206,0.6567778669
1207,0.656718137
1208,0.6566772429
1209,0.656615133
1210,0.6565560841
1211,0.6564966175
1212,0.6564562017
1213,0.6563945468
1214,0.6563357269
1215,0.6562767419
1216,0.6562369049
1217,0.6561753744
1218,0.6561168205
1219,0.6560582876
1220,0.6560181986
1221,0.6559577644
1222,0.6559000865
1223,0.655842169
1224,0.6558029316
1225,0.6557427218
1226,0.6556854241
1227,0.6556280932
1228,0.6555891724
1229,0.655529743
1230,0.6554729804
1231,0.6554162227
1232,0.6553787287
1233,0.655320118
1234,0.6552645069
1235,0.6552089595
1236,0.6551719076
1237,0.6551140246
1238,0.6550591856
1239,0.6550041541
1240,0.6549679665
1241,0.6549101253
1242,0.6548558559
1243,0.6548012157
1244,0.6547653612
1245,0.6547084054
1246,0.6546541786
1247,0.6546001496
1248,0.6545650652
1249,0.6545089001
1250,0.6544555722
1251,0.6544019796
1252,0.6543664607
1253,0.6543105627
1254,0.6542573725
1255,0.654204493
1256,0.6541696729
1257,0.654114277
1258,0.6540614052
1259,0.6540086955
1260,0.6539745078
1261,0.6539197101
1262,0.6538674707
1263,0.6538155897
1264,0.6537813197
1265,0.6537268708
1266,0.6536748737
1267,0.6536228187
1268,0.6535898132
1269,0.6535364952
1270,0.6534859815
1271,0.6534357811
1272,0.6534029099
1273,0.6533502148
1274,0.6532999889
1275,0.6532498007
1276,0.6532176046
1277,0.6531649876
1278,0.6531154608
1279,0.6530656504
1280,0.6530335215
1281,0.6529817246
1282,0.6529327887
1283,0.6528831064
1284,0.6528519337
1285,0.6528004716
1286,0.6527519592
1287,0.6527036359
1288,0.6526723423
1289,0.6526215791
1290,0.6525727926
1291,0.6525244112
1292,0.6524939001
1293,0.6524431603
1294,0.652394984
1295,0.6523467895
1296,0.6525919418
1297,0.6529510354
1298,0.6533099833
1299,0.6536686547
1300,0.6572785228
1301,0.6573085535
1302,0.657223853
1303,0.6571420392
1304,0.657072315
1305,0.6569860066
1306,0.6569038172
1307,0.6568195176
1308,0.6567499815
1309,0.6566659646
1310,0.6565821536
1311,0.6565005567
1312,0.6564314674
1313,0.6563482711
1314,0.6562672757
1315,0.6561844176
1316,0.6561175406
1317,0.6560347786
1318,0.655953906
1319,0.6558732825
1320,0.6558069606
1321,0.6557244422
1322,0.6556459974
1323,0.6555656621
1324,0.6554994048
1325,0.6554170699
1326,0.6553369325
1327,0.655256702
1328,0.6551910679
1329,0.6551094437
1330,0.6550277354
1331,0.65494623
1332,0.6548788621
1333,0.6547957983
1334,0.6547143353
1335,0.6546337553
1336,0.6545668918
1337,0.654484043
1338,0.6544035287
1339,0.6543236587
1340,0.6542569626
1341,0.6541748984
1342,0.654094464
1343,0.6540141735
1344,0.6539478769
1345,0.6538661651
1346,0.653786725
1347,0.6537071737
1348,0.65364147
1349,0.6535601827
1350,0.6534808907
1351,0.6534010996
1352,0.6533350835
1353,0.6532533725
1354,0.6531741344
1355,0.6530944564
1356,0.6530286321
1357,0.6529477377
1358,0.6528683991
1359,0.6527891107
1360,0.6527238775
1361,0.6526431044
1362,0.6525639131
1363,0.6524853292
1364,0.6524203363
1365,0.6523394905
1366,0.6522613191
1367,0.652183322
1368,0.6521187114
1369,0.6520383286
1370,0.6519601707
1371,0.6518818227
1372,0.6518174431
1373,0.6517376313
1374,0.6516599132
1375,0.6515822182
1376,0.6515215296
1377,0.6514420128
1378,0.6513642584
1379,0.6512871563
1380,0.65122383
1381,0.6511447231
1382,0.6510679595
1383,0.6509912352
1384,0.6509279439
1385,0.6508491368
1386,0.6507725495
1387,0.6506960943
1388,0.6506328132
1389,0.6505544578
1390,0.6504780565
1391,0.6504016413
1392,0.6503386105
1393,0.6502607394
1394,0.6501846169
1395,0.6501089283
1396,0.6502899865
1397,0.650564277
1398,0.6508380418
1399,0.6511120871
1400,0.65342721
1401,0.6534534297
1402,0.6533756832
1403,0.6532981982
1404,0.6532347847
1405,0.6531555565
1406,0.6530782398
1407,0.6530014299
1408,0.6529375768
1409,0.6528586923
1410,0.6527817958
1411,0.6527048022
1412,0.6526413074
1413,0.6525626183
1414,0.652486296
1415,0.6524103453
1416,0.6523469939
1417,0.6522692756
1418,0.6521931952
1419,0.6521172561
1420,0.6520545981
1421,0.6519770038
1422,0.6519015528
1423,0.6518260116
1424,0.6517635854
1425,0.651686397
1426,0.6516109476
1427,0.6515358089
1428,0.6514735145
1429,0.651396512
1430,0.6513216083
1431,0.6512466106
1432,0.6511849613
1433,0.6511083039
1434,0.6510335951
1435,0.650959109
1436,0.6508976859
1437,0.6508215038
1438,0.6507474425
1439,0.65067366
1440,0.6506126086
1441,0.6505371521
1442,0.6504632799
1443,0.6503897494
1444,0.6503289936
1445,0.6502538916
1446,0.6501804313
1447,0.6501063791
1448,0.6500454193
1449,0.6499703821
1450,0.6498966751
1451,0.64982325
1452,0.6497628992
1453,0.6496876909
1454,0.6496149164
1455,0.6495415494
1456,0.6494816753
1457,0.6494087968
1458,0.6493377899
1459,0.6492672976
1460,0.6492090248
1461,0.6491361444
1462,0.6490655051
1463,0.6489947886
1464,0.6489366577
1465,0.6488644863
1466,0.6487938648
1467,0.6487219735
1468,0.6486644005
1469,0.6485903769
1470,0.6485201928
1471,0.6484480893
1472,0.6483891449
1473,0.648317451
1474,0.6482458539
1475,0.6481743788
1476,0.6481158621
1477,0.6480443421
1478,0.6479729448
1479,0.6479019495
1480,0.6478434719
1481,0.6477708695
1482,0.6477000402
1483,0.6476293426
1484,0.6475721819
1485,0.6475006069
1486,0.6474300911
1487,0.6473597991
1488,0.6473024505
1489,0.6472306141
1490,0.6471605604
1491,0.6470905552
1492,0.6470331673
1493,0.6469614038
1494,0.6468916581
1495,0.6468221101
1496,0.6469915892
1497,0.6472474963
1498,0.64750493
1499,0.6477599437
1500,0.6499307585
1501,0.6499557429
1502,0.6498862276
1503,0.6498149697
1504,0.6497564006
1505,0.649685556
1506,0.6496147443
1507,0.6495456635
1508,0.6494892769
1509,0.6494187809
1510,0.6493497827
1511,0.6492811283
1512,0.6492249247
1513,0.6491548491
1514,0.649086136
1515,0.6490178723
1516,0.6489619305
1517,0.6488924124
1518,0.6488242204
1519,0.6487564854
1520,0.6487008981
1521,0.6486313171
1522,0.6485650624
1523,0.6484972232
1524,0.6484418056
1525,0.6483726123
1526,0.6483052857
1527,0.6482364874
1528,0.6483961131
1529,0.6483252769
1530,0.648258028
1531,0.6481890952
1532,0.6481326257
1533,0.6480638867
1534,0.6479951829
1535,0.6479263742
1536,0.6478699862
1537,0.6477998384
1538,0.6477314865
1539,0.6476635602
1540,0.6476079289
1541,0.6475389872
1542,0.6474711484
1543,0.6474032122
1544,0.6473477435
1545,0.6472784344
1546,0.6472105054
1547,0.6471430198
1548,0.647087662
1549,0.6470213009
1550,0.6469539289
1551,0.6468866969
1552,0.646831505
1553,0.6467629768
1554,0.6466959004
1555,0.6466289888
1556,0.6465739064
1557,0.6465052017
1558,0.6464388512
1559,0.6463722439
1560,0.6463175068
1561,0.646249233
1562,0.6461825086
1563,0.6461179884
1564,0.6462958961
1565,0.6462278435
1566,0.6461615496
1567,0.6460969401
1568,0.6460427029
1569,0.6459751241
1570,0.6459113695
1571,0.6458454395
1572,0.645793308
1573,0.6457260069
1574,0.6456629305
1575,0.6455993475
1576,0.6455479887
1577,0.6454816846
1578,0.6454186797
1579,0.6453559443
1580,0.645304076
1581,0.6452394616
1582,0.6451761549
1583,0.6451135798
1584,0.6450619753
1585,0.644997511
1586,0.6449353338
1587,0.6448733314
1588,0.6448232677
1589,0.6447596259
1590,0.6446968997
1591,0.6446342606
1592,0.6445815173
1593,0.644517486
1594,0.644454987
1595,0.6443918479
1596,0.6445519643
1597,0.644793647
1598,0.6450349242
1599,0.6452747876
1600,0.647304541
1601,0.6473303602
1602,0.6472649601
1603,0.6471990805
1604,0.6471451058
1605,0.6470778561
1606,0.6470125005
1607,0.6469473009
1608,0.6468933698
1609,0.6468265705
1610,0.6467610525
1611,0.6466955989
1612,0.6466420423
1613,0.6465756495
1614,0.6465107316
1615,0.6464472607
1616,0.6463937435
1617,0.6463278423
1618,0.6462633065
1619,0.6461987569
1620,0.6461463458
1621,0.6460805225
1622,0.6460162214
1623,0.6459520923
1624,0.6458996026
1625,0.6458340379
1626,0.6457700358
1627,0.6457060854
1628,0.6456534941
1629,0.645587912
1630,0.6455241215
1631,0.6454602654
1632,0.6454081435
1633,0.6453428023
1634,0.6452793417
1635,0.6452160367
1636,0.6451638745
1637,0.6450988536
1638,0.6450363335
1639,0.6449731628
1640,0.644921812
1641,0.6448572425
1642,0.6447949105
1643,0.6447326694
1644,0.644681177
1645,0.6446170833
1646,0.64455458
1647,0.6444921349
1648,0.644441324
1649,0.6443776866
1650,0.6443162601
1651,0.6442539949
1652,0.6442031525
1653,0.6441398133
1654,0.6440781579
1655,0.6440164519
1656,0.6439660746
1657,0.6439032801
1658,0.6438418414
1659,0.6437806532
1660,0.6437320528
1661,0.6436691926
1662,0.6436085322
1663,0.643547494
1664,0.6434998034
1665,0.643438491
1666,0.6433781594
1667,0.6433181681
1668,0.6432692153
1669,0.6432077038
1670,0.6431478175
1671,0.6430882162
1672,0.6430397486
1673,0.6429787767
1674,0.6429192261
1675,0.642859809
1676,0.6428114801
1677,0.6427518788
1678,0.6426923935
1679,0.6426335423
1680,0.6425856981
1681,0.6425248998
1682,0.6424660237
1683,0.6424082402
1684,0.6423603586
1685,0.6423001279
1686,0.6422413218
1687,0.6421830995
1688,0.6421360722
1689,0.6420758319
1690,0.6420172812
1691,0.6419589599
1692,0.6419116428
1693,0.6418516657
1694,0.6417932708
1695,0.6417352552
1696,0.6418876743
1697,0.6421158315
1698,0.6423433122
1699,0.6425710117
1700,0.6445863882
1701,0.6446116648
1702,0.6445521612
1703,0.6444928843
1704,0.6444460673
1705,0.6443869016
1706,0.6443293894
1707,0.6442720673
1708,0.6442254407
1709,0.6441664035
1710,0.6441086333
1711,0.6440514426
1712,0.6440051174
1713,0.6439464087
1714,0.6438902844
1715,0.6438343365
1716,0.6437862381
1717,0.6437276248
1718,0.6436699082
1719,0.6436142881
1720,0.6435679065
1721,0.6435077779
1722,0.6434496481
1723,0.6433927611
1724,0.64334548
1725,0.6432855421
1726,0.6432270862
1727,0.6431690617
1728,0.643121858
1729,0.6430622819
1730,0.6430043609
1731,0.6429466395
1732,0.6428997509
1733,0.6428405335
1734,0.6427836044
1735,0.6427264687
1736,0.6426799752
1737,0.6426215418
1738,0.6425644905
1739,0.6425079638
1740,0.6424620358
1741,0.6424036825
1742,0.6423470538
1743,0.6422905715
1744,0.6422464113
1745,0.6421885691
1746,0.6421320355
1747,0.642075737
1748,0.6420303042
1749,0.6419725065
1750,0.6419164485
1751,0.6418601207
1752,0.6418145579
1753,0.6417568907
1754,0.6417006198
1755,0.641645013
1756,0.6415998505
1757,0.6415427331
1758,0.6414868145
1759,0.6414324075
1760,0.6413889189
1761,0.641331906
1762,0.6412764393
1763,0.6412209878
1764,0.6411763008
1765,0.6411207541
1766,0.6410652056
1767,0.6410099539
1768,0.6409659866
1769,0.6409093454
1770,0.6408540157
1771,0.6407990632
1772,0.6407565294
1773,0.6407019916
1774,0.6406488956
1775,0.6405956734
1776,0.6405530633
1777,0.6405003392
1778,0.6404473576
1779,0.6403945981
1780,0.6403524182
1781,0.6402982916
1782,0.6402454836
1783,0.6401928096
1784,0.6401504947
1785,0.6400963471
1786,0.6400437605
1787,0.6399912754
1788,0.6399495057
1789,0.6398958322
1790,0.6398430641
1791,0.6397909917
1792,0.6397493066
1793,0.6396943165
1794,0.6396420946
1795,0.6395890093
1796,0.639735556
1797,0.6399532008
1798,0.6401690355
1799,0.640384946
1800,0.6422228676
1801,0.6422482492
1802,0.6421935076
1803,0.6421391689
1804,0.6420965853
1805,0.6420409325
1806,0.6419865492
1807,0.641932539
1808,0.641890454
1809,0.6418348927
1810,0.6417806701
1811,0.6417277542
1812,0.6416841091
1813,0.641630145
1814,0.6415758362
1815,0.6415218556
1816,0.641478454
1817,0.641423266
1818,0.6413693556
1819,0.6413158235
1820,0.6412730459
1821,0.641218367
1822,0.6411662077
1823,0.6411130021
1824,0.6410712217
1825,0.6410179776
1826,0.6409651859
1827,0.6409134646
1828,0.6408709617
1829,0.6408174982
1830,0.640766453
1831,0.6407136617
1832,0.6406738471
1833,0.6406211106
1834,0.6405698106
1835,0.6405187078
1836,0.6404779737
1837,0.6404257271
1838,0.640376036
1839,0.6403254814
1840,0.6402862915
1841,0.6402355482
1842,0.6401849926
1843,0.640136321
1844,0.6400965781
1845,0.6400452533
1846,0.6399952259
1847,0.6399451145
1848,0.6399053695
1849,0.6398556125
1850,0.6398066722
1851,0.6397565747
1852,0.6397171928
1853,0.6396660149
1854,0.6396159517
1855,0.6395663491
1856,0.6395272293
1857,0.6394763979
1858,0.6394268528
1859,0.639377414
1860,0.6393384251
1861,0.6392879168
1862,0.6392384881
1863,0.6391895062
1864,0.6391506467
1865,0.6391002645
1866,0.6390510654
1867,0.6390032578
1868,0.6389643312
1869,0.638913948
1870,0.638864925
1871,0.6388174713
1872,0.638778778
1873,0.638728768
1874,0.6386801919
1875,0.6386323281
1876,0.6385944552
1877,0.6385462451
1878,0.6384994019
1879,0.6384517009
1880,0.6384139125
1881,0.6383652896
1882,0.6383188901
1883,0.6382722654
1884,0.6382346439
1885,0.6381857462
1886,0.6381380366
1887,0.6380903664
1888,0.6380530997
1889,0.6380044204
1890,0.6379570247
1891,0.6379097276
1892,0.6378726459
1893,0.6378240305
1894,0.6377780984
1895,0.6377324059
1896,0.6378746194
1897,0.6380851172
1898,0.6382938554
1899,0.6385027864
1900,0.6404297365
1901,0.6404570181
1902,0.6404102516
1903,0.6403620658
1904,0.6403238195
1905,0.640274435
1906,0.6402252591
1907,0.64017849
1908,0.6401418707
1909,0.6400929104
1910,0.6400460524
1911,0.6399983289
1912,0.639960669
1913,0.6399128401
1914,0.6398650566
1915,0.6398174548
1916,0.6397809545
1917,0.6397322627
1918,0.6396847429
1919,0.6396372509
1920,0.6396002598
1921,0.6395529691
1922,0.6395077643
1923,0.6394618814
1924,0.6394263478
1925,0.6393778897
1926,0.6393309371
1927,0.6392840795
1928,0.6392472827
1929,0.6392005254
1930,0.6391539454
1931,0.6391074361
1932,0.6390721706
1933,0.6390244365
1934,0.638978211
1935,0.6389321772
1936,0.6388960618
1937,0.6388474641
1938,0.638802586
1939,0.6387571718
1940,0.6387212243
1941,0.6386737356
1942,0.6386291625
1943,0.638583557
1944,0.6385476608
1945,0.6385008136
1946,0.6384540422
1947,0.6384086678
1948,0.6383726496
1949,0.6383246066
1950,0.6382792183
1951,0.6382337501
1952,0.6381971067
1953,0.6381510006
1954,0.6381047684
1955,0.6380597025
1956,0.6380246968
1957,0.6379797522
1958,0.6379348421
1959,0.6378914386
1960,0.6378566068
1961,0.6378107998
1962,0.6377673244
1963,0.6377229795
1964,0.6376881314
1965,0.6376435321
1966,0.6375989878
1967,0.6375545295
1968,0.6375198715
1969,0.6374753514
1970,0.6374307777
1971,0.6373863149
1972,0.6373518907
1973,0.637306322
1974,0.6372625622
1975,0.6372189301
1976,0.637185336
1977,0.6371406372
1978,0.6370983444
1979,0.6370547924
1980,0.6370213637
1981,0.6369754475
1982,0.6369332689
1983,0.636891564
1984,0.6368576219
1985,0.636814275
1986,0.6367715639
1987,0.6367271272
1988,0.6366936886
1989,0.6366480338
1990,0.6366050432
1991,0.6365620219
1992,0.6365288662
1993,0.6364847077
1994,0.6364414784
1995,0.6363999671
1996,0.6365373046
1997,0.636739806
1998,0.6369413541
1999,0.6371428711
2000,0.6388365505
2001,0.6388645432
2002,0.6388218584
2003,0.6387795168
2004,0.6387455615
2005,0.6387007026
2006,0.6386583044
2007,0.638613746
2008,0.6385802739
2009,0.6385355212
2010,0.6384933719
2011,0.6384500674
2012,0.6384152797
2013,0.6383717785
2014,0.638327233
2015,0.6382838188
2016,0.6382509123
2017,0.6382063751
2018,0.6381634464
2019,0.6381206302
2020,0.6380888471
2021,0.6380447819
2022,0.6380014897
2023,0.6379590421
2024,0.6379251537
2025,0.6378809011
2026,0.6378394403
2027,0.6377967926
2028,0.6377628017
2029,0.6377192342
2030,0.6376757902
2031,0.6376336202
2032,0.6376021343
2033,0.6375586391
2034,0.6375176338
2035,0.6374759861
2036,0.637443549
2037,0.6374003084
2038,0.6373595801
2039,0.6373177086
2040,0.637285653
2041,0.6372437903
2042,0.6372032911
2043,0.637162824
2044,0.6371318223
2045,0.6370902476
2046,0.6370495963
2047,0.6370086567
2048,0.6369777544
2049,0.63693629
2050,0.6368959519
2051,0.6368541177
2052,0.6368213741
2053,0.6367793567
2054,0.636739125
2055,0.636696668
2056,0.6366648696
2057,0.6366227287
2058,0.6365815875
2059,0.6365409145
2060,0.636509579
2061,0.6364691455
2062,0.6364281951
2063,0.6363885481
2064,0.6363583112
2065,0.6363162795
2066,0.6362766107
2067,0.6362373895
2068,0.6362059828
2069,0.6361653591
2070,0.6361257574
2071,0.6360862761
2072,0.6360561614
2073,0.6360144219
2074,0.6359742125
2075,0.6359352879
2076,0.6359054205
2077,0.6358652776
2078,0.6358265871
2079,0.6357876981
2080,0.6357589374
2081,0.6357177586
2082,0.6356788586
2083,0.6356390893
2084,0.6356083783
2085,0.6355684564
2086,0.63552952
2087,0.6354909402
2088,0.6354606125
2089,0.6354197945
2090,0.6353802813
2091,0.6353411211
2092,0.635310921
2093,0.6352716005
2094,0.6352322705
2095,0.6351941783
2096,0.6353280045
2097,0.6355227678
2098,0.6357166246
2099,0.6359125356
2100,0.6376120333
2101,0.6376413895
2102,0.6376010072
2103,0.6375608843
2104,0.6375308852
2105,0.637490714
2106,0.6374516882
2107,0.6374117766
2108,0.6373826777
2109,0.6373419028
2110,0.6373031014
2111,0.6372637269
2112,0.6372341281
2113,0.6371934111
2114,0.6371537544
2115,0.6371153725
2116,0.6370851874
2117,0.6370455858
2118,0.6370073086
2119,0.6369688117
2120,0.636939702
2121,0.6369006295
2122,0.6368626973
2123,0.6368236381
2124,0.6367935492
2125,0.636753273
2126,0.6367140776
2127,0.6366749747
2128,0.6366448784
2129,0.636604773
2130,0.6365656097
2131,0.6365256019
2132,0.6364958622
2133,0.6364556749
2134,0.6364167954
2135,0.6363777859
2136,0.6363483056
2137,0.6363086214
2138,0.6362703001
2139,0.6362317914
2140,0.6362022479
2141,0.6361639025
2142,0.6361255474
2143,0.636087221
2144,0.6360578203
2145,0.6360196098
2146,0.6359814799
2147,0.6359449584
2148,0.6359158494
2149,0.6358776931
2150,0.6358410995
2151,0.6358026364
2152,0.6357748654
2153,0.6357371011
2154,0.6357001937
2155,0.635663583
2156,0.6356360227
2157,0.6355985663
2158,0.6355608739
2159,0.6355233048
2160,0.6354956732
2161,0.635457815
2162,0.6354213792
2163,0.6353840652
2164,0.6353554818
2165,0.6353180376
2166,0.6352807038
2167,0.6352445643
2168,0.6352171677
2169,0.6351787733
2170,0.6351426466
2171,0.6351066167
2172,0.6350784989
2173,0.6350427211
2174,0.6350068958
2175,0.6349701602
2176,0.6349433961
2177,0.6349063855
2178,0.6348704641
2179,0.634835348
2180,0.634807554
2181,0.6347708671
2182,0.6347353821
2183,0.6346998651
2184,0.6346721964
2185,0.6346355354
2186,0.6346000823
2187,0.6345640595
2188,0.6345378491
2189,0.6344999925
2190,0.6344636886
2191,0.6344284718
2192,0.6344010354
2193,0.6343634715
2194,0.6343282947
2195,0.6342919352
2196,0.6344192652
2197,0.6346057101
2198,0.6347936791
2199,0.6349817417
2200,0.636500418
2201,0.6365296282
2202,0.6364923548
2203,0.6364548899
2204,0.6364264108
2205,0.6363877139
2206,0.6363502415
2207,0.6363131193
2208,0.6362847413
2209,0.6362465677
2210,0.6362092412
2211,0.6361724244
2212,0.6361440926
2213,0.6361058781
2214,0.6360686314
2215,0.6360316315
2216,0.6360033862
2217,0.6359652766
2218,0.6359291114
2219,0.6358923583
2220,0.6358642528
2221,0.6358263477
2222,0.6357895028
2223,0.6357532885
2224,0.6357260408
2225,0.6356886921
2226,0.6356529355
2227,0.6356167635
2228,0.6355893424
2229,0.6355511907
2230,0.6355152018
2231,0.6354794716
2232,0.6354521768
2233,0.6354151912
2234,0.635378012
2235,0.6353417711
2236,0.6353145146
2237,0.6352776541
2238,0.6352416893
2239,0.6352055991
2240,0.6351786697
2241,0.6351418474
2242,0.6351056968
2243,0.6350690082
2244,0.6350420579
2245,0.6350056875
2246,0.634969873
2247,0.6349356842
2248,0.6349088046
2249,0.6348733183
2250,0.6348378497
2251,0.6348027173
2252,0.6347775032
2253,0.6347414161
2254,0.6347074475
2255,0.6346736224
2256,0.6346472651
2257,0.6346125633
2258,0.6345775732
2259,0.6345437907
2260,0.6345176896
2261,0.6344815974
2262,0.6344467466
2263,0.6344119623
2264,0.6343859448
2265,0.634350198
2266,0.6343154157
2267,0.6342804978
2268,0.6342544057
2269,0.6342188269
2270,0.6341842449
2271,0.6341499513
2272,0.6341247841
2273,0.6340905399
2274,0.6340564808
2275,0.6340226168
2276,0.633996826
2277,0.6339618788
2278,0.6339289736
2279,0.6338952011
2280,0.6338698336
2281,0.6338357434
2282,0.6338027475
2283,0.633769899
2284,0.6337456255
2285,0.6337116874
2286,0.6336789347
2287,0.6336450699
2288,0.6336199687
2289,0.6335852294
2290,0.6335516978
2291,0.633519391
2292,0.6334944625
2293,0.6334608954
2294,0.6334283788
2295,0.633396064
2296,0.633521069
2297,0.6337022272
2298,0.6338840305
2299,0.6340649709
2300,0.635507285
2301,0.6355377679
2302,0.6355044997
2303,0.6354702917
2304,0.6354457304
2305,0.6354112586
2306,0.6353772733
2307,0.6353442665
2308,0.6353198784
2309,0.6352843659
2310,0.635250203
2311,0.635216279
2312,0.6351919552
2313,0.6351566561
2314,0.6351230657
2315,0.6350890567
2316,0.6350634789
2317,0.6350284921
2318,0.6349957599
2319,0.6349615543
2320,0.6349361118
2321,0.6349011129
2322,0.6348673366
2323,0.6348347543
2324,0.634808481
2325,0.63477357
2326,0.6347413337
2327,0.6347091311
2328,0.6346843598
2329,0.6346512934
2330,0.6346195433
2331,0.6345866255
2332,0.6345630289
2333,0.6345300464
2334,0.6344980561
2335,0.6344653308
2336,0.6344420795
2337,0.6344093328
2338,0.6343776399
2339,0.6343461096
2340,0.6343229741
2341,0.6342907016
2342,0.6342595445
2343,0.6342282622
2344,0.6342045164
2345,0.6341721165
2346,0.6341400405
2347,0.6341074375
2348,0.6340845548
2349,0.634052368
2350,0.6340211849
2351,0.6339888852
2352,0.6339653105
2353,0.6339322615
2354,0.6339011018
2355,0.6338688895
2356,0.6338468143
2357,0.6338141733
2358,0.6337826535
2359,0.6337518086
2360,0.6337283029
2361,0.6336955162
2362,0.6336646685
2363,0.6336330161
2364,0.6336105476
2365,0.6335776858
2366,0.6335469072
2367,0.6335152081
2368,0.6334928726
2369,0.6334609359
2370,0.6334293876
2371,0.6333978285
2372,0.633375357
2373,0.6333439559
2374,0.6333138205
2375,0.6332824229
2376,0.6332602168
2377,0.6332289208
2378,0.6331974392
2379,0.6331660951
2380,0.6331429559
2381,0.6331107553
2382,0.6330805145
2383,0.6330493844
2384,0.6330263801
2385,0.6329940656
2386,0.6329625793
2387,0.6329314154
2388,0.6329082488
2389,0.6328750554
2390,0.6328433564
2391,0.6328123812
2392,0.6327899097
2393,0.6327579595
2394,0.63272674
2395,0.6326959377
2396,0.6328171411
2397,0.6329921594
2398,0.6331672002
2399,0.6333437727
2400,0.6347385057
2401,0.6347675177
2402,0.6347368683
2403,0.6347051911
2404,0.6346816076
2405,0.6346492125
2406,0.6346166839
2407,0.6345852439
2408,0.6345614644
2409,0.6345289977
2410,0.6344964187
2411,0.6344650507
2412,0.6344416474
2413,0.6344093171
2414,0.6343779164
2415,0.6343465977
2416,0.6343232298
2417,0.6342919747
2418,0.6342619426
2419,0.6342307019
2420,0.6342076061
2421,0.6341763992
2422,0.6341453038
2423,0.6341143799
2424,0.6340916681
2425,0.6340598876
2426,0.6340297781
2427,0.6339998526
2428,0.6339779685
2429,0.6339475125
2430,0.6339176943
2431,0.6338868054
2432,0.6338651202
2433,0.6338346364
2434,0.6338048083
2435,0.6337742885
2436,0.6337517732
2437,0.6337213839
2438,0.6336917907
2439,0.6336615221
2440,0.6336400393
2441,0.6336097795
2442,0.6335794996
2443,0.6335491615
2444,0.6335267714
2445,0.6334969922
2446,0.6334669472
2447,0.6334380142
2448,0.6334159831
2449,0.6333849775
2450,0.6333550182
2451,0.6333259968
2452,0.6333048354
2453,0.6332747138
2454,0.6332447849
2455,0.6332148468
2456,0.6331938352
2457,0.6331643047
2458,0.6331345062
2459,0.6331056512
2460,0.6330848082
2461,0.6330542557
2462,0.6330254062
2463,0.6329967315
2464,0.6329761061
2465,0.6329465187
2466,0.6329169488
2467,0.63288854
2468,0.6328677665
2469,0.6328383031
2470,0.6328088604
2471,0.6327805829
2472,0.6327603857
2473,0.6327304177
2474,0.6327022477
2475,0.6326741942
2476,0.6326531124
2477,0.6326242211
2478,0.6325952394
2479,0.6325677376
2480,0.6325468259
2481,0.6325177587
2482,0.6324896513
2483,0.6324607527
2484,0.6324398673
2485,0.6324101815
2486,0.6323812819
2487,0.6323533539
2488,0.6323333078
2489,0.6323037443
2490,0.6322749611
2491,0.6322462329
2492,0.6322263694
2493,0.6321976852
2494,0.6321694622
2495,0.6321406397
2496,0.63225808
2497,0.6324279015
2498,0.6325987854
2499,0.6327688765
2500,0.6343867323
2501,0.6343946823
2502,0.6343518404
2503,0.6343079762
2504,0.6342730317
2505,0.6342293187
2506,0.6341868963
2507,0.6342904902
2508,0.6342555665
2509,0.6342129213
2510,0.6341703627
2511,0.6341281638
2512,0.6340934437
2513,0.6340498788
2514,0.6340075136
2515,0.6339652543
2516,0.6339299119
2517,0.6338864041
2518,0.6338434526
2519,0.6338007305
2520,0.6337655886
2521,0.6337227128
2522,0.6336799965
2523,0.6336382038
2524,0.6336039424
2525,0.6335600681
2526,0.6335180249
2527,0.6334760268
2528,0.6334409687
2529,0.633397679
2530,0.6333557198
2531,0.6333139797
2532,0.6332797564
2533,0.6332366222
2534,0.6331945297
2535,0.6331526763
2536,0.6331184684
2537,0.6330754199
2538,0.6330336734
2539,0.6329919551
2540,0.6329579822
2541,0.6329151615
2542,0.6328734492
2543,0.6328319626
2544,0.6327980041
2545,0.6327553908
2546,0.6327138794
2547,0.632672784
2548,0.632638411
2549,0.6325954588
2550,0.632553685
2551,0.6325116812
2552,0.6324775479
2553,0.6324347848
2554,0.632392985
2555,0.6323516614
2556,0.6323177016
2557,0.6322752672
2558,0.632234529
2559,0.6321924897
2560,0.6321589754
2561,0.6321169905
2562,0.632075746
2563,0.6320348976
2564,0.6320016627
2565,0.6319595527
2566,0.6319185579
2567,0.6318777094
2568,0.6318444418
2569,0.6318021136
2570,0.6317606488
2571,0.6317195633
2572,0.631685619
2573,0.6316438655
2574,0.6316031278
2575,0.6315626082
2576,0.6315293759
2577,0.6314873712
2578,0.6314467861
2579,0.6314064213
2580,0.6313735907
2581,0.6313319353
2582,0.6312912495
2583,0.631250696
2584,0.6312177914
2585,0.6311764188
2586,0.6311361931
2587,0.6310961463
2588,0.6310635597
2589,0.6310221186
2590,0.6309821529
2591,0.6309418564
2592,0.6309099461
2593,0.6308691762
2594,0.6308292598
2595,0.6307896
2596,0.630884167
2597,0.6310227119
2598,0.6311612499
2599,0.6313004393
2600,0.6326003203
2601,0.6326148427
2602,0.632574413
2603,0.6325342383
2604,0.6325014555
2605,0.6324600483
2606,0.6324197986
2607,0.6323796155
2608,0.632346599
2609,0.632305208
2610,0.632265018
2611,0.632224317
2612,0.6321909649
2613,0.6321499752
2614,0.6321088183
2615,0.6320677284
2616,0.632033863
2617,0.6319915477
2618,0.6319507021
2619,0.6319098658
2620,0.6318763757
2621,0.6318341911
2622,0.6317932068
2623,0.6317525846
2624,0.6317203321
2625,0.6316783714
2626,0.631637873
2627,0.631596897
2628,0.6315634919
2629,0.6315220376
2630,0.6314814765
2631,0.6314404774
2632,0.6314074835
2633,0.6313660524
2634,0.6313253102
2635,0.6312846901
2636,0.631252633
2637,0.6312120603
2638,0.6311726546
2639,0.6311332002
2640,0.6311010835
2641,0.6310606354
2642,0.6310210695
2643,0.6309817528
2644,0.6309496893
2645,0.6309100778
2646,0.6308708782
2647,0.6308317936
2648,0.6308001137
2649,0.6307600681
2650,0.6307200017
2651,0.6306810548
2652,0.6306493522
2653,0.6306094253
2654,0.6305703491
2655,0.6305307621
2656,0.630498172
2657,0.6304573415
2658,0.6304184858
2659,0.6303797075
2660,0.630347537
2661,0.6303077307
2662,0.6302682742
2663,0.6302296657
2664,0.6301973673
2665,0.6301577155
2666,0.6301184397
2667,0.6300798367
2668,0.6300486481
2669,0.6300084459
2670,0.6299707644
2671,0.6299324678
2672,0.6299014074
2673,0.6298621407
2674,0.6298239866
2675,0.6297859914
2676,0.6297553083
2677,0.6297162343
2678,0.6296783943
2679,0.629640514
2680,0.6296099849
2681,0.6295712559
2682,0.629533433
2683,0.6294956963
2684,0.6294653753
2685,0.6294266249
2686,0.6293890577
2687,0.6293514755
2688,0.6293211158
2689,0.6292823587
2690,0.6292448169
2691,0.6292074189
2692,0.6291780068
2693,0.6291397517
2694,0.6291025273
2695,0.6290653025
2696,0.6291573155
2697,0.6292926401
2698,0.6294276163
2699,0.6295625651
2700,0.6309258557
2701,0.630936831
2702,0.6308988175
2703,0.6308607093
2704,0.6308292972
2705,0.630790361
2706,0.630751647
2707,0.6307138
2708,0.6306833733
2709,0.6306440437
2710,0.6306053501
2711,0.6305675724
2712,0.630536535
2713,0.6304978763
2714,0.6304593765
2715,0.630420828
2716,0.6303913153
2717,0.6303528315
2718,0.6303146908
2719,0.6302763787
2720,0.6302455908
2721,0.6302075749
2722,0.6301694363
2723,0.630132501
2724,0.6301023203
2725,0.6300633504
2726,0.6300253521
2727,0.6299872058
2728,0.6299562555
2729,0.6299173728
2730,0.6298793838
2731,0.6298416506
2732,0.6298112706
2733,0.6297721604
2734,0.6297342423
2735,0.6296963576
2736,0.6296666082
2737,0.6296285378
2738,0.6295917914
2739,0.6295549199
2740,0.6295252306
2741,0.6294875852
2742,0.62945097
2743,0.6294145122
2744,0.629383992
2745,0.6293470821
2746,0.629309412
2747,0.6292722391
2748,0.6292422935
2749,0.6292040618
2750,0.6291668225
2751,0.6291297717
2752,0.6290999847
2753,0.629062298
2754,0.6290255031
2755,0.6289888763
2756,0.6289593759
2757,0.6289215501
2758,0.6288850147
2759,0.6288484882
2760,0.6288192352
2761,0.6287815164
2762,0.628744696
2763,0.6287083431
2764,0.6286792573
2765,0.6286420122
2766,0.6286060495
2767,0.628569785
2768,0.6285408959
2769,0.6285036601
2770,0.6284675414
2771,0.6284316319
2772,0.6284028174
2773,0.6283667795
2774,0.6283307895
2775,0.6282951046
2776,0.6282664688
2777,0.6282295655
2778,0.6281938238
2779,0.6281579026
2780,0.628129881
2781,0.6280933915
2782,0.6280580803
2783,0.6280227383
2784,0.627994112
2785,0.6279577686
2786,0.6279217881
2787,0.6278858566
2788,0.6278573468
2789,0.6278208313
2790,0.6277854052
2791,0.6277501665
2792,0.6277216938
2793,0.6276854181
2794,0.6276499654
2795,0.6276154173
2796,0.6277060059
2797,0.6278384095
2798,0.6279709391
2799,0.628103659
2800,0.6292766688
2801,0.6292891616
2802,0.629254272
2803,0.6292194456
2804,0.629191465
2805,0.629155594
2806,0.629120666
2807,0.6290859624
2808,0.6290580102
2809,0.6290224698
2810,0.6289881255
2811,0.6289543891
2812,0.6289267102
2813,0.6288913941
2814,0.6288569079
2815,0.6288214393
2816,0.6287940717
2817,0.6287578855
2818,0.6287229144
2819,0.6286885072
2820,0.6286621431
2821,0.6286262567
2822,0.6285919685
2823,0.6285569297
2824,0.6285287197
2825,0.6284930614
2826,0.6284589561
2827,0.6284248202
2828,0.6283970399
2829,0.6283616317
2830,0.6283269673
2831,0.6282929034
2832,0.6282653584
2833,0.6282298068
2834,0.6281951348
2835,0.628160788
2836,0.6281333553
2837,0.6280982309
2838,0.6280638079
2839,0.6280293595
2840,0.6280019764
2841,0.6279665834
2842,0.6279325453
2843,0.6278973625
2844,0.6278701597
2845,0.6278359912
2846,0.6278020117
2847,0.6277676231
2848,0.627741219
2849,0.6277067232
2850,0.6276727704
2851,0.627639716
2852,0.6276129567
2853,0.6275788521
2854,0.6275460313
2855,0.627512509
2856,0.6274864721
2857,0.6274530327
2858,0.6274202218
2859,0.6273875719
2860,0.6273621717
2861,0.6273289406
2862,0.6272962145
2863,0.6272635408
2864,0.6272376297
2865,0.6272043856
2866,0.6271717502
2867,0.6271393188
2868,0.6271136755
2869,0.6270806715
2870,0.6270480793
2871,0.6270156758
2872,0.6269899653
2873,0.626957051
2874,0.6269249537
2875,0.6268927402
2876,0.6268672511
2877,0.6268343873
2878,0.6268012699
2879,0.626769043
2880,0.6267429641
2881,0.626710081
2882,0.6266778963
2883,0.6266457908
2884,0.626619802
2885,0.6265860055
2886,0.626553877
2887,0.626521871
2888,0.6264961885
2889,0.6264634277
2890,0.6264314541
2891,0.6263991114
2892,0.6263742475
2893,0.6263410543
2894,0.6263094218
2895,0.6262778776
2896,0.6263678498
2897,0.6264970914
2898,0.6266270243
2899,0.6267573216
2900,0.6279302425
2901,0.6279429076
2902,0.6279107763
2903,0.6278788029
2904,0.6278535685
2905,0.6278208957
2906,0.6277889839
2907,0.6277564234
2908,0.6277314587
2909,0.627697994
2910,0.6276661988
2911,0.6276344803
2912,0.6276086502
2913,0.6275760414
2914,0.6275441737
2915,0.6275124771
2916,0.6274874793
2917,0.627454927
2918,0.6274230676
2919,0.6273915968
2920,0.6273667962
2921,0.6273344171
2922,0.6273029879
2923,0.6272716578
2924,0.6272463483
2925,0.6272141318
2926,0.6271827976
2927,0.6271516753
2928,0.6271267148
2929,0.6270946966
2930,0.6270637541
2931,0.6270327672
2932,0.6270084649
2933,0.626976755
2934,0.6269459216
2935,0.626915166
2936,0.6268910931
2937,0.6268593271
2938,0.6268288214
2939,0.6267984444
2940,0.6267747739
2941,0.6267436452
2942,0.6267134858
2943,0.626683375
2944,0.6266600173
2945,0.6266290055
2946,0.6265989605
2947,0.6265693101
2948,0.626546315
2949,0.6265155081
2950,0.6264855852
2951,0.6264558646
2952,0.6264328671
2953,0.6264021074
2954,0.626372771
2955,0.6263431391
2956,0.6263203199
2957,0.6262899462
2958,0.6262605252
2959,0.6262311048
2960,0.6262084487
2961,0.6261781191
2962,0.6261486578
2963,0.6261193411
2964,0.6260961981
2965,0.6260659873
2966,0.6260360218
2967,0.6260067572
2968,0.6259842437
2969,0.6259542656
2970,0.6259244349
2971,0.6258952777
2972,0.6258721516
2973,0.6258423254
2974,0.6258132613
2975,0.6257842226
2976,0.6257614388
2977,0.625731213
2978,0.625701867
2979,0.6256732284
2980,0.6256512993
2981,0.6256217882
2982,0.6255932808
2983,0.6255640641
2984,0.6255418926
2985,0.6255118245
2986,0.6254833317
2987,0.6254539634
2988,0.6254322684
2989,0.6254025227
2990,0.6253740617
2991,0.6253452955
2992,0.6253229868
2993,0.6252932704
2994,0.6252649604
2995,0.6252358001
2996,0.6253252432
2997,0.6254536006
2998,0.6255820337
2999,0.6257105167
3000,0.6267840729
3001,0.6267988294
3002,0.6267697145
3003,0.6267403213
3004,0.6267184672
3005,0.6266889572
3006,0.6266603388
3007,0.6266309066
3008,0.6266083787
3009,0.6265782194
3010,0.6265497192
3011,0.6265205954
3012,0.626498416
3013,0.6264685724
3014,0.6264403624
3015,0.6264115981
3016,0.6263899014
3017,0.6263616215
3018,0.6263339049
3019,0.6263056759
3020,0.6262847642
3021,0.626255937
3022,0.6262282852
3023,0.6262003048
3024,0.6261789785
3025,0.6261508795
3026,0.6261228627
3027,0.6260960626
3028,0.6260749811
3029,0.6260466789
3030,0.6260191402
3031,0.6259913013
3032,0.6259707678
3033,0.625942679
3034,0.6259155291
3035,0.6258883209
3036,0.6258681083
3037,0.6258400444
3038,0.6258128835
3039,0.6257857167
3040,0.6257653893
3041,0.6257373649
3042,0.6257101821
3043,0.6256832538
3044,0.6256628227
3045,0.6256350754
3046,0.6256081238
3047,0.6255812488
3048,0.6255609968
3049,0.6255331658
3050,0.6255062197
3051,0.6254795065
3052,0.6254590637
3053,0.6254312964
3054,0.6254047376
3055,0.6253781584
3056,0.6253581386
3057,0.6253307964
3058,0.625304263
3059,0.6252771543
3060,0.6252574685
3061,0.6252300656
3062,0.6252036281
3063,0.6251772533
3064,0.6251576931
3065,0.6251305365
3066,0.6251042903
3067,0.6250780188
3068,0.625058441
3069,0.6250314872
3070,0.6250052162
3071,0.62497904
3072,0.6249594918
3073,0.6249325239
3074,0.6249065157
3075,0.6248806848
3076,0.6248612785
3077,0.6248346328
3078,0.6248085714
3079,0.6247825059
3080,0.6247630502
3081,0.6247361819
3082,0.6247092678
3083,0.6246834648
3084,0.6246641543
3085,0.6246375098
3086,0.6246107172
3087,0.6245850663
3088,0.6245659291
3089,0.6245393507
3090,0.6245136638
3091,0.624487975
3092,0.6244689882
3093,0.6244426285
3094,0.6244172231
3095,0.6243918388
3096,0.6244809365
3097,0.6246089261
3098,0.6247369399
3099,0.6248653512
3100,0.6259393422
3101,0.6259573552
3102,0.6259318274
3103,0.6259061125
3104,0.6258867728
3105,0.6258608538
3106,0.6258357583
3107,0.6258100701
3108,0.6257916655
3109,0.6257656893
3110,0.6257401649
3111,0.6257148099
3112,0.625696439
3113,0.6256707895
3114,0.6256463835
3115,0.6256218329
3116,0.6256036506
3117,0.6255778547
3118,0.6255529084
3119,0.6255279938
3120,0.6255096934
3121,0.6254838933
3122,0.6254592514
3123,0.6254344156
3124,0.6254171265
3125,0.625391448
3126,0.6253666912
3127,0.6253420161
3128,0.6253237793
3129,0.625298185
3130,0.6252736827
3131,0.6252493144
3132,0.6252311498
3133,0.6252059214
3134,0.6251815745
3135,0.6251573178
3136,0.625139476
3137,0.6251139696
3138,0.6250895225
3139,0.6250650664
3140,0.6250471173
3141,0.62502172
3142,0.6249972552
3143,0.6249728263
3144,0.624955823
3145,0.6249306915
3146,0.6249064507
3147,0.6248823464
3148,0.6248649141
3149,0.624839981
3150,0.6248158518
3151,0.6247918926
3152,0.6247745173
3153,0.6247495677
3154,0.6247257009
3155,0.6247018445
3156,0.6246843085
3157,0.6246595119
3158,0.6246356788
3159,0.6246118416
3160,0.6245947902
3161,0.6245699876
3162,0.6245461783
3163,0.6245224147
3164,0.624505302
3165,0.6244806735
3166,0.6244570503
3167,0.6244334111
3168,0.6244161091
3169,0.6243913533
3170,0.6243677146
3171,0.6243441062
3172,0.6243262447
3173,0.6243016681
3174,0.6242780647
3175,0.6242546172
3176,0.6242375236
3177,0.6242132368
3178,0.6241896782
3179,0.6241656542
3180,0.6241485968
3181,0.6241242549
3182,0.6241008677
3183,0.6240775511
3184,0.6240606418
3185,0.6240363599
3186,0.6240129788
3187,0.6239897546
3188,0.6239732239
3189,0.6239491478
3190,0.6239258922
3191,0.6239028281
3192,0.6238862369
3193,0.623862225
3194,0.6238399195
3195,0.6238170518
3196,0.6239056168
3197,0.6240319942
3198,0.6241587497
3199,0.624285658
3200,0.625276772
3201,0.6252965588
3202,0.625273335
3203,0.6252500965
3204,0.6252332649
3205,0.6252084682
3206,0.6251851026
3207,0.6251613124
3208,0.6251445044
3209,0.6251199384
3210,0.6250966021
3211,0.6250734043
3212,0.6250565609
3213,0.625032451
3214,0.6250087279
3215,0.6249857085
3216,0.624968497
3217,0.6249445882
3218,0.6249209379
3219,0.6248980054
3220,0.624880543
3221,0.6248568267
3222,0.6248340075
3223,0.6248112323
3224,0.6247956764
3225,0.6247723271
3226,0.6247495524
3227,0.6247269635
3228,0.6247101995
3229,0.6246868668
3230,0.6246640396
3231,0.6246417483
3232,0.6246249042
3233,0.6246017084
3234,0.6245793354
3235,0.6245570423
3236,0.6245410679
3237,0.6245179169
3238,0.6244956425
3239,0.6244733987
3240,0.6244577461
3241,0.6244345488
3242,0.6244116452
3243,0.6243893855
3244,0.6243729018
3245,0.624349825
3246,0.6243275865
3247,0.6243054746
3248,0.6242896858
3249,0.6242666065
3250,0.624244374
3251,0.6242228902
3252,0.6242069903
3253,0.6241839175
3254,0.6241619587
3255,0.6241394069
3256,0.6241235953
3257,0.6241006867
3258,0.6240777484
3259,0.6240557317
3260,0.6240403162
3261,0.6240173399
3262,0.6239954019
3263,0.6239733404
3264,0.6239569021
3265,0.6239340965
3266,0.6239123404
3267,0.6238897641
3268,0.6238742235
3269,0.6238516955
3270,0.623829849
3271,0.6238072716
3272,0.6237919702
3273,0.6237695439
3274,0.6237478237
3275,0.6237260786
3276,0.6237101936
3277,0.6236871031
3278,0.6236648952
3279,0.6236432766
3280,0.6236278909
3281,0.6236059916
3282,0.6235836889
3283,0.6235620252
3284,0.6235466947
3285,0.6235242297
3286,0.6235025696
3287,0.6234810069
3288,0.6234657128
3289,0.6234433312
3290,0.6234217192
3291,0.6234003018
3292,0.6233851193
3293,0.623362881
3294,0.6233416577
3295,0.6233202384
3296,0.6234075019
3297,0.6235314089
3298,0.6236556626
3299,0.6237801528
3300,0.6247934184
3301,0.6248138438
3302,0.6247919664
3303,0.6247701988
3304,0.6247546629
3305,0.6247321738
3306,0.624710281
3307,0.6246885384
3308,0.6246729791
3309,0.6246504089
3310,0.6246285577
3311,0.6246074223
3312,0.6245920485
3313,0.6245690536
3314,0.6245475414
3315,0.6245253219
3316,0.6245100957
3317,0.6244879688
3318,0.6244667046
3319,0.6244445506
3320,0.6244293374
3321,0.6244072124
3322,0.6243853172
3323,0.6243632
3324,0.6243474081
3325,0.6243251859
3326,0.624303597
3327,0.6242821787
3328,0.6242671657
3329,0.6242451184
3330,0.6242237867
3331,0.6242027934
3332,0.6241878902
3333,0.6241662439
3334,0.624145105
3335,0.6241240311
3336,0.6241091626
3337,0.6240875063
3338,0.624065917
3339,0.6240443343
3340,0.6240293149
3341,0.6240074088
3342,0.623985588
3343,0.6239645934
3344,0.6239497023
3345,0.6239278184
3346,0.6239054306
3347,0.6238845657
3348,0.6238691494
3349,0.623847445
3350,0.623827008
3351,0.6238055458
3352,0.6237907371
3353,0.6237682921
3354,0.6237472157
3355,0.6237255176
3356,0.6237101886
3357,0.623688748
3358,0.6236673281
3359,0.6236465241
3360,0.6236317274
3361,0.623610174
3362,0.6235890122
3363,0.6235681596
3364,0.6235525454
3365,0.6235307319
3366,0.6235097625
3367,0.623488342
3368,0.6234735631
3369,0.6234519641
3370,0.6234310182
3371,0.6234102382
3372,0.623395656
3373,0.6233741217
3374,0.6233532297
3375,0.6233324051
3376,0.6233175767
3377,0.6232960038
3378,0.6232750372
3379,0.6232542329
3380,0.6232394076
3381,0.6232178694
3382,0.6231970245
3383,0.6231761244
3384,0.6231613737
3385,0.6231399837
3386,0.6231190486
3387,0.6230982641
3388,0.6230836609
3389,0.6230620571
3390,0.62304134
3391,0.6230212153
3392,0.6230066715
3393,0.6229853
3394,0.6229647771
3395,0.6229442001
3396,0.6230289455
3397,0.6231496405
3398,0.6232705445
3399,0.6233917404
3400,0.6243199684
3401,0.6243401599
3402,0.6243190499
3403,0.6242980172
3404,0.6242830787
3405,0.6242614554
3406,0.6242405219
3407,0.6242195558
3408,0.6242045963
3409,0.6241828672
3410,0.6241618417
3411,0.6241408439
3412,0.6241259332
3413,0.6241041638
3414,0.624083177
3415,0.6240615819
3416,0.624046593
3417,0.6240251525
3418,0.6240037572
3419,0.6239832214
3420,0.6239686528
3421,0.6239466442
3422,0.6239264344
3423,0.6239053771
3424,0.6238908263
3425,0.6238686223
3426,0.6238482704
3427,0.6238274944
3428,0.6238132321
3429,0.6237921144
3430,0.6237710305
3431,0.6237507811
3432,0.6237366154
3433,0.6237156855
3434,0.62369537
3435,0.6236745138
3436,0.6236599876
3437,0.6236389915
3438,0.623618742
3439,0.6235985057
3440,0.6235843982
3441,0.6235627745
3442,0.6235424003
3443,0.6235222348
3444,0.6235081706
3445,0.6234871275
3446,0.623466971
3447,0.6234468255
3448,0.6234332644
3449,0.6234126856
3450,0.6233918372
3451,0.6233717031
3452,0.6233576489
3453,0.6233366022
3454,0.623316341
3455,0.6232961886
3456,0.6232821436
3457,0.6232613593
3458,0.6232414242
3459,0.6232214701
3460,0.6232076119
3461,0.6231867828
3462,0.6231667602
3463,0.6231467276
3464,0.6231328381
3465,0.6231121243
3466,0.6230921587
3467,0.6230723966
3468,0.6230584452
3469,0.6230377483
3470,0.6230179038
3471,0.6229981819
3472,0.6229844951
3473,0.6229638091
3474,0.6229434502
3475,0.6229236698
3476,0.6229101387
3477,0.6228894519
3478,0.6228696001
3479,0.6228504807
3480,0.622837014
3481,0.6228166066
3482,0.6227963101
3483,0.6227767425
3484,0.6227624288
3485,0.6227420938
3486,0.6227219632
3487,0.6227016607
3488,0.622688099
3489,0.622667101
3490,0.6226475084
3491,0.6226282578
3492,0.6226141409
3493,0.6225938859
3494,0.6225741561
3495,0.6225547331
3496,0.6226376132
3497,0.6227556571
3498,0.6228739015
3499,0.6229919348
3500,0.6239246978
3501,0.6239450216
3502,0.6239249898
3503,0.6239052356
3504,0.6238916707
3505,0.6238709448
3506,0.6238510859
3507,0.6238314118
3508,0.6238176462
3509,0.623797059
3510,0.6237772608
3511,0.6237575435
3512,0.623743842
3513,0.6237228461
3514,0.6237030771
3515,0.6236833639
3516,0.6236695536
3517,0.623649158
3518,0.6236293948
3519,0.6236091782
3520,0.6235955212
3521,0.6235751643
3522,0.6235556378
3523,0.6235360879
3524,0.6235228015
3525,0.623502377
3526,0.6234827823
3527,0.6234637102
3528,0.6234500609
3529,0.6234296103
3530,0.6234099668
3531,0.6233903032
3532,0.6233766108
3533,0.6233560789
3534,0.6233364867
3535,0.6233169791
3536,0.6233033517
3537,0.6232828868
3538,0.623263321
3539,0.6232438561
3540,0.6232302054
3541,0.6232098801
3542,0.623190464
3543,0.6231710948
3544,0.6231576447
3545,0.6231374208
3546,0.6231180587
3547,0.6230987348
3548,0.623085317
3549,0.623064531
3550,0.6230452917
3551,0.6230254706
3552,0.6230115181
3553,0.6229915776
3554,0.622971822
3555,0.6229518623
3556,0.6229380208
3557,0.6229175261
3558,0.6228988704
3559,0.6228799159
3560,0.6228663429
3561,0.6228458547
3562,0.6228267158
3563,0.6228077561
3564,0.6227946578
3565,0.6227749355
3566,0.6227559034
3567,0.622737104
3568,0.6227242545
3569,0.622704467
3570,0.6226853474
3571,0.6226659016
3572,0.6226528759
3573,0.6226333068
3574,0.6226143326
3575,0.6225960189
3576,0.6225829692
3577,0.6225627895
3578,0.6225438519
3579,0.6225250149
3580,0.6225122932
3581,0.6224925479
3582,0.6224737259
3583,0.6224549739
3584,0.6224416639
3585,0.6224219362
3586,0.6224030936
3587,0.6223845126
3588,0.6223715983
3589,0.622352009
3590,0.6223333626
3591,0.6223144905
3592,0.622301102
3593,0.6222816493
3594,0.6222629666
3595,0.6222443315
3596,0.6223257236
3597,0.6224414443
3598,0.6225572894
3599,0.6226733063
3600,0.6236089049
3601,0.6236290405
3602,0.6236094602
3603,0.623589966
3604,0.6235767517
3605,0.6235570215
3606,0.6235379349
3607,0.6235184867
3608,0.6235053349
3609,0.6234855613
3610,0.623466659
3611,0.6234477926
3612,0.6234346894
3613,0.6234149514
3614,0.6233964576
3615,0.6233775241
3616,0.6233643723
3617,0.6233444926
3618,0.6233253906
3619,0.6233065137
3620,0.6232934943
3621,0.623273722
3622,0.6232547554
3623,0.6232358165
3624,0.6232227717
3625,0.6232029559
3626,0.6231840624
3627,0.6231652201
3628,0.623152215
3629,0.623132538
3630,0.6231136555
3631,0.6230950494
3632,0.6230822298
3633,0.6230625787
3634,0.6230438664
3635,0.6230251763
3636,0.6230123403
3637,0.622992883
3638,0.622974254
3639,0.6229556447
3640,0.6229427489
3641,0.6229233068
3642,0.6229046456
3643,0.6228861371
3644,0.6228733377
3645,0.6228539548
3646,0.6228358122
3647,0.622817594
3648,0.6228056147
3649,0.6227865089
3650,0.6227682056
3651,0.6227497997
3652,0.6227371714
3653,0.6227180382
3654,0.6226996584
3655,0.6226812538
3656,0.6226686136
3657,0.622649606
3658,0.6226312656
3659,0.6226129869
3660,0.6226004426
3661,0.6225813289
3662,0.6225629714
3663,0.6225447292
3664,0.6225323466
3665,0.6225133732
3666,0.6224950467
3667,0.6224768875
3668,0.6224645205
3669,0.6224454444
3670,0.622427126
3671,0.6224090204
3672,0.6223965576
3673,0.6223777969
3674,0.6223599781
3675,0.6223422913
3676,0.6223301187
3677,0.622311156
3678,0.6222932264
3679,0.6222753864
3680,0.6222631561
3681,0.6222445737
3682,0.6222271345
3683,0.6222092051
3684,0.6221969054
3685,0.6221782025
3686,0.6221602384
3687,0.6221417813
3688,0.6221296207
3689,0.6221103586
3690,0.6220925225
3691,0.6220743206
3692,0.6220622202
3693,0.6220438672
3694,0.6220253593
3695,0.6220074935
3696,0.622086544
3697,0.6222001205
3698,0.6223131626
3699,0.6224269497
3700,0.623376991
3701,0.6233967022
3702,0.6233785056
3703,0.623360382
3704,0.6233479911
3705,0.62332892
3706,0.6233107836
3707,0.6232926184
3708,0.6232803013
3709,0.623261488
3710,0.6232434418
3711,0.6232252748
3712,0.6232128622
3713,0.6231940256
3714,0.6231760121
3715,0.6231579523
3716,0.6231457711
3717,0.6231269489
3718,0.6231089666
3719,0.6230913732
3720,0.6230792901
3721,0.6230607168
3722,0.6230427606
3723,0.623024945
3724,0.6230128185
3725,0.62299419
3726,0.6229768961
3727,0.6229592602
3728,0.6229473818
3729,0.6229288499
3730,0.6229111668
3731,0.6228936585
3732,0.6228817993
3733,0.6228633134
3734,0.6228456978
3735,0.6228282058
3736,0.6228164154
3737,0.6227979733
3738,0.622780371
3739,0.6227628914
3740,0.6227509131
3741,0.622732286
3742,0.6227145119
3743,0.6226966862
3744,0.622684778
3745,0.6226662082
3746,0.6226487621
3747,0.622631196
3748,0.6226191671
3749,0.6226007331
3750,0.6225829969
3751,0.6225653239
3752,0.6225532523
3753,0.6225348973
3754,0.6225171834
3755,0.6224995063
3756,0.622487476
3757,0.6224690671
3758,0.6224513882
3759,0.6224337252
3760,0.6224216729
3761,0.6224032496
3762,0.622385637
3763,0.6223681657
3764,0.6223561461
3765,0.6223377466
3766,0.6223196964
3767,0.622302153
3768,0.6222896295
3769,0.6222711984
3770,0.6222530473
3771,0.6222355121
3772,0.6222234814
3773,0.6222052387
3774,0.6221876402
3775,0.6221703667
3776,0.6221579068
3777,0.6221396207
3778,0.6221220232
3779,0.6221046206
3780,0.6220932288
3781,0.6220750779
3782,0.622057615
3783,0.6220402051
3784,0.6220282993
3785,0.6220099847
3786,0.6219923993
3787,0.6219748816
3788,0.6219630588
3789,0.6219448811
3790,0.6219274407
3791,0.6219100603
3792,0.6218983703
3793,0.6218802381
3794,0.6218628345
3795,0.6218455346
3796,0.6219228196
3797,0.622033924
3798,0.6221450173
3799,0.6222562713
3800,0.6231075098
3801,0.6231275177
3802,0.6231099005
3803,0.6230923441
3804,0.6230803856
3805,0.6230620433
3806,0.6230443989
3807,0.6230267529
3808,0.6230147863
3809,0.6229963179
3810,0.6229786334
3811,0.6229610457
3812,0.6229491823
3813,0.6229307543
3814,0.6229130923
3815,0.6228962793
3816,0.6228844453
3817,0.6228662361
3818,0.6228487862
3819,0.6228314124
3820,0.6228199146
3821,0.6228019072
3822,0.6227845928
3823,0.6227673317
3824,0.6227557101
3825,0.6227375136
3826,0.6227201534
3827,0.6227027663
3828,0.6226910683
3829,0.6226729725
3830,0.6226557808
3831,0.6226385673
3832,0.6226268535
3833,0.62260879
3834,0.6225914253
3835,0.6225742673
3836,0.6225625087
3837,0.62254444
3838,0.6225272324
3839,0.6225100479
3840,0.6224983196
3841,0.6224803933
3842,0.6224631004
3843,0.6224458544
3844,0.622434148
3845,0.6224160874
3846,0.6223988095
3847,0.6223824884
3848,0.6223708972
3849,0.6223529388
3850,0.6223357772
3851,0.6223187526
3852,0.6223070595
3853,0.6222891782
3854,0.6222720008
3855,0.6222548147
3856,0.6222432233
3857,0.622225417
3858,0.6222086153
3859,0.6221914398
3860,0.622179676
3861,0.6221616951
3862,0.622144404
3863,0.6221273485
3864,0.6221156394
3865,0.6220970829
3866,0.6220797934
3867,0.6220622094
3868,0.6220505524
3869,0.6220325762
3870,0.6220154249
3871,0.6219977523
3872,0.6219856552
3873,0.6219678853
3874,0.6219516144
3875,0.6219342535
3876,0.6219226027
3877,0.6219048476
3878,0.6218877114
3879,0.6218708235
3880,0.6218587614
3881,0.621840937
3882,0.6218240107
3883,0.6218072868
3884,0.6217953416
3885,0.6217776796
3886,0.6217607336
3887,0.6217441618
3888,0.6217326455
3889,0.6217150212
3890,0.6216980211
3891,0.6216812951
3892,0.6216701237
3893,0.6216526846
3894,0.6216365186
3895,0.6216197386
3896,0.6216957403
3897,0.6218037635
3898,0.6219119609
3899,0.6220204578
3900,0.6228892102
3901,0.6229005223
3902,0.6228774964
3903,0.6228545236
3904,0.622836691
3905,0.6228129999
3906,0.622790506
3907,0.6227684007
3908,0.622749864
3909,0.6227262451
3910,0.6227032496
3911,0.6226803476
3912,0.6226626259
3913,0.6226384294
3914,0.6226162744
3915,0.6225933834
3916,0.6225751156
3917,0.6225521087
3918,0.6225297327
3919,0.6225075743
3920,0.6224891066
3921,0.6224654639
3922,0.6224433042
3923,0.6224203892
3924,0.622402035
3925,0.6223786848
3926,0.6223565915
3927,0.6223337151
3928,0.6223153394
3929,0.6222919708
3930,0.6222693367
3931,0.6222468543
3932,0.6222292299
3933,0.6222058327
3934,0.6221838254
3935,0.6221618279
3936,0.6221437332
3937,0.6221206021
3938,0.6220980089
3939,0.6220759843
3940,0.6220585554
3941,0.622035052
3942,0.622013175
3943,0.6219898935
3944,0.6219718247
3945,0.6219492414
3946,0.6219268111
3947,0.6219049572
3948,0.6218868339
3949,0.6218642904
3950,0.6218417927
3951,0.6218203135
3952,0.6218023528
3953,0.6217797694
3954,0.6217573005
3955,0.6217356376
3956,0.6217183635
3957,0.6216951569
3958,0.621672755
3959,0.6216513165
3960,0.6216333387
3961,0.621610315
3962,0.6215885779
3963,0.6215662796
3964,0.6215484205
3965,0.6215253165
3966,0.6215036062
3967,0.6214812903
3968,0.6214634958
3969,0.6214403687
3970,0.6214187352
3971,0.6213970716
3972,0.6213792124
3973,0.6213562255
3974,0.6213338236
3975,0.621311549
3976,0.621293423
3977,0.6212702124
3978,0.621247597
3979,0.6212253423
3980,0.6212073173
3981,0.6211840454
3982,0.621162244
3983,0.6211397579
3984,0.6211217215
3985,0.6210986053
3986,0.6210761561
3987,0.6210536654
3988,0.6210363514
3989,0.6210139895
3990,0.6209922114
3991,0.6209699417
3992,0.6209519986
3993,0.6209290757
3994,0.6209073751
3995,0.6208852167
3996,0.6209482814
3997,0.6210404035
3998,0.6211326187
3999,0.6212249936
4000,0.6220433897
4001,0.6220534095
4002,0.6220308754
4003,0.6220082562
4004,0.6219898801
4005,0.6219666419
4006,0.621944096
4007,0.6219216295
4008,0.6219035121
4009,0.6218803295
4010,0.6218577168
4011,0.6218352498
4012,0.6218169565
4013,0.6217943568
4014,0.6217719237
4015,0.621749584
4016,0.6217314793
4017,0.621708365
4018,0.6216860627
4019,0.6216638738
4020,0.6216457824
4021,0.621622548
4022,0.6216001363
4023,0.6215780289
4024,0.6215599366
4025,0.6215368102
4026,0.6215144952
4027,0.6214922834
4028,0.6214742405
4029,0.6214512207
4030,0.6214289792
4031,0.6214067739
4032,0.6213886821
4033,0.6213658471
4034,0.6213436121
4035,0.6213215208
4036,0.6213036044
4037,0.6212808986
4038,0.6212593146
4039,0.6212374623
4040,0.6212199951
4041,0.6211975056
4042,0.6211756278
4043,0.6211537772
4044,0.6211361785
4045,0.6211138057
4046,0.6210919081
4047,0.621070195
4048,0.6210532122
4049,0.621030621
4050,0.6210088646
4051,0.6209879299
4052,0.6209704052
4053,0.6209479073
4054,0.6209261667
4055,0.6209047092
4056,0.6208874197
4057,0.6208652709
4058,0.6208436199
4059,0.620821999
4060,0.6208047205
4061,0.6207824895
4062,0.6207616123
4063,0.620740818
4064,0.6207241991
4065,0.6207020028
4066,0.6206805289
4067,0.6206591329
4068,0.620641747
4069,0.6206195608
4070,0.6205979884
4071,0.6205771268
4072,0.6205600103
4073,0.6205378218
4074,0.6205163343
4075,0.6204949164
4076,0.6204783147
4077,0.6204561373
4078,0.6204346208
4079,0.6204131649
4080,0.6203961685
4081,0.6203742131
4082,0.6203528694
4083,0.6203314946
4084,0.6203143515
4085,0.6202928634
4086,0.6202715441
4087,0.6202502031
4088,0.6202330082
4089,0.6202109969
4090,0.6201898559
4091,0.6201691016
4092,0.6201519483
4093,0.6201300514
4094,0.6201087573
4095,0.6200875623
4096,0.6201495539
4097,0.6202398567
4098,0.6203301561
4099,0.6204207818
4100,0.6212158873
4101,0.6212265605
4102,0.621204984
4103,0.621183373
4104,0.6211666508
4105,0.6211444499
4106,0.6211231417
4107,0.6211017228
4108,0.6210850264
4109,0.6210635005
4110,0.6210420081
4111,0.6210212056
4112,0.6210033125
4113,0.6209812285
4114,0.6209604327
4115,0.620939142
4116,0.620921933
4117,0.6208998819
4118,0.6208785557
4119,0.6208574058
4120,0.6208402942
4121,0.6208183167
4122,0.6207970381
4123,0.62077592
4124,0.620758811
4125,0.6207368667
4126,0.620715617
4127,0.6206944186
4128,0.6206773368
4129,0.6206547443
4130,0.6206333395
4131,0.6206121692
4132,0.6205950488
4133,0.6205730232
4134,0.6205516251
4135,0.6205305267
4136,0.6205135092
4137,0.6204916081
4138,0.6204704355
4139,0.6204496139
4140,0.6204326347
4141,0.6204107999
4142,0.6203898515
4143,0.6203688008
4144,0.6203520275
4145,0.6203305217
4146,0.6203098685
4147,0.6202890526
4148,0.6202722064
4149,0.6202505017
4150,0.6202295725
4151,0.620208583
4152,0.6201919194
4153,0.6201704273
4154,0.6201495361
4155,0.6201286941
4156,0.6201118938
4157,0.6200902735
4158,0.6200693343
4159,0.6200484642
4160,0.6200319149
4161,0.6200104211
4162,0.6199895174
4163,0.6199688709
4164,0.6199524307
4165,0.6199315842
4166,0.6199109555
4167,0.6198907025
4168,0.6198741209
4169,0.6198527244
4170,0.6198318442
4171,0.6198110371
4172,0.6197945007
4173,0.619773036
4174,0.6197524532
4175,0.6197323808
4176,0.6197160023
4177,0.6196946588
4178,0.6196741759
4179,0.6196541163
4180,0.6196381735
4181,0.6196170832
4182,0.6195964212
4183,0.6195757817
4184,0.6195595919
4185,0.6195389356
4186,0.6195185205
4187,0.6194981459
4188,0.6194823608
4189,0.6194611108
4190,0.6194405953
4191,0.6194201388
4192,0.6194037714
4193,0.6193832425
4194,0.6193628834
4195,0.6193426005
4196,0.6194033231
4197,0.6194917798
4198,0.6195801795
4199,0.6196688799
4200,0.6204139443
4201,0.6204248674
4202,0.6204043334
4203,0.6203840891
4204,0.6203690229
4205,0.6203479556
4206,0.6203275347
4207,0.6203070678
4208,0.6202906477
4209,0.6202694393
4210,0.6202491447
4211,0.6202287783
4212,0.6202125042
4213,0.6201915658
4214,0.6201712678
4215,0.6201509048
4216,0.6201347896
4217,0.620114382
4218,0.6200947681
4219,0.620075129
4220,0.6200589661
4221,0.6200382489
4222,0.6200186395
4223,0.6199985036
4224,0.6199824794
4225,0.6199617613
4226,0.6199415599
4227,0.619922195
4228,0.6199060819
4229,0.6198851416
4230,0.6198650686
4231,0.6198451726
4232,0.6198299526
4233,0.6198097439
4234,0.6197896931
4235,0.619769806
4236,0.6197538441
4237,0.6197336953
4238,0.6197136703
4239,0.6196937835
4240,0.6196785168
4241,0.6196583572
4242,0.6196384325
4243,0.6196186928
4244,0.6196029439
4245,0.6195824144
4246,0.6195624855
4247,0.6195425917
4248,0.619526912
4249,0.6195063099
4250,0.6194865409
4251,0.6194667417
4252,0.6194510378
4253,0.6194305113
4254,0.6194107371
4255,0.6193917021
4256,0.6193759907
4257,0.6193554044
4258,0.619335626
4259,0.6193158218
4260,0.6193010344
4261,0.61928056
4262,0.6192608998
4263,0.6192411597
4264,0.6192256732
4265,0.619205243
4266,0.6191857352
4267,0.6191660707
4268,0.6191506403
4269,0.6191302673
4270,0.6191106026
4271,0.6190910802
4272,0.6190756319
4273,0.6190553438
4274,0.6190362576
4275,0.6190166666
4276,0.6190013003
4277,0.6189810059
4278,0.618961485
4279,0.6189425686
4280,0.6189276656
4281,0.6189075143
4282,0.618888127
4283,0.6188686697
4284,0.6188531947
4285,0.6188339093
4286,0.6188150545
4287,0.6187963014
4288,0.6187815716
4289,0.6187614155
4290,0.6187425745
4291,0.6187231572
4292,0.6187079314
4293,0.6186878552
4294,0.6186685502
4295,0.618649846
4296,0.6187098172
4297,0.6187967653
4298,0.6188839444
4299,0.6189712839
4300,0.6196881169
4301,0.6196988815
4302,0.6196793776
4303,0.6196599181
4304,0.6196445062
4305,0.6196242939
4306,0.6196056169
4307,0.6195862111
4308,0.6195706856
4309,0.6195506247
4310,0.6195317317
4311,0.6195123911
4312,0.6194974236
4313,0.6194773459
4314,0.6194578983
4315,0.6194386322
4316,0.6194233345
4317,0.6194033198
4318,0.6193839832
4319,0.6193651981
4320,0.6193498748
4321,0.6193297939
4322,0.6193105393
4323,0.6192913753
4324,0.6192761375
4325,0.6192564073
4326,0.6192371917
4327,0.6192179834
4328,0.6192032838
4329,0.6191832572
4330,0.6191646329
4331,0.6191454873
4332,0.6191303461
4333,0.6191105613
4334,0.6190916741
4335,0.6190724387
4336,0.6190573555
4337,0.6190374394
4338,0.6190182414
4339,0.6189991544
4340,0.6189840481
4341,0.6189649244
4342,0.6189459476
4343,0.6189270393
4344,0.6189120377
4345,0.6188923423
4346,0.6188734574
4347,0.6188545399
4348,0.6188395391
4349,0.6188206895
4350,0.6188016302
4351,0.6187832645
4352,0.618768312
4353,0.6187487122
4354,0.6187301372
4355,0.6187112797
4356,0.6186965568
4357,0.6186768679
4358,0.6186585724
4359,0.6186396904
4360,0.6186251404
4361,0.6186056687
4362,0.6185868541
4363,0.6185679668
4364,0.6185531693
4365,0.6185336892
4366,0.6185150059
4367,0.6184969218
4368,0.6184820981
4369,0.6184626876
4370,0.6184441795
4371,0.6184255372
4372,0.6184110808
4373,0.6183917575
4374,0.6183736659
4375,0.6183549773
4376,0.6183403309
4377,0.6183210532
4378,0.6183024624
4379,0.6182844146
4380,0.6182698931
4381,0.6182505795
4382,0.6182320158
4383,0.6182134846
4384,0.6181988399
4385,0.6181796875
4386,0.6181612709
4387,0.6181427516
4388,0.6181281645
4389,0.618109097
4390,0.6180910532
4391,0.6180725716
4392,0.6180587056
4393,0.6180395417
4394,0.6180208802
4395,0.6180024555
4396,0.618061712
4397,0.6181481562
4398,0.6182342979
4399,0.6183203836
4400,0.6190707594
4401,0.61908277
4402,0.6190641648
4403,0.6190460509
4404,0.6190314157
4405,0.6190120704
4406,0.6189934808
4407,0.6189749046
4408,0.6189603195
4409,0.618941061
4410,0.6189223786
4411,0.6189037367
4412,0.6188891962
4413,0.61887004
4414,0.6188522258
4415,0.61883431
4416,0.6188196436
4417,0.6188006153
4418,0.6187821423
4419,0.6187637736
4420,0.6187491802
4421,0.6187300619
4422,0.618711563
4423,0.6186932609
4424,0.6186793422
4425,0.6186602538
4426,0.6186424694
4427,0.6186241172
4428,0.6186103421
4429,0.6185914183
4430,0.618572991
4431,0.6185546887
4432,0.6185403598
4433,0.6185215991
4434,0.618503221
4435,0.6184849032
4436,0.6184707374
4437,0.6184517029
4438,0.6184335319
4439,0.618415373
4440,0.6184011972
4441,0.6183828134
4442,0.6183646652
4443,0.6183466277
4444,0.618332803
4445,0.6183138932
4446,0.6182956541
4447,0.6182774951
4448,0.6182633142
4449,0.6182450591
4450,0.6182273806
4451,0.6182100092
4452,0.6181964283
4453,0.6181782697
4454,0.6181607564
4455,0.6181427654
4456,0.6181292574
4457,0.6181105511
4458,0.6180930601
4459,0.6180751291
4460,0.6180614943
4461,0.6180437282
4462,0.6180261251
4463,0.6180088609
4464,0.617994809
4465,0.6179762709
4466,0.6179587531
4467,0.6179407583
4468,0.6179271832
4469,0.6179087975
4470,0.6178916655
4471,0.6178737923
4472,0.6178597903
4473,0.6178418875
4474,0.6178243825
4475,0.6178065451
4476,0.6177925257
4477,0.6177745921
4478,0.6177572196
4479,0.6177395438
4480,0.6177255882
4481,0.6177071715
4482,0.6176892791
4483,0.6176721989
4484,0.617658339
4485,0.6176398637
4486,0.6176224687
4487,0.6176052757
4488,0.6175916306
4489,0.6175737724
4490,0.6175564925
4491,0.6175387895
4492,0.6175257105
4493,0.6175078169
4494,0.6174905259
4495,0.6174729176
4496,0.6175311987
4497,0.617616106
4498,0.6177005133
4499,0.6177853923
4500,0.6185004007
4501,0.6185123545
4502,0.6184948146
4503,0.6184769721
4504,0.6184637115
4505,0.6184451639
4506,0.6184273135
4507,0.6184101261
4508,0.6183968501
4509,0.6183788402
4510,0.6183610457
4511,0.6183433084
4512,0.6183301664
4513,0.6183132137
4514,0.6182959432
4515,0.6182782783
4516,0.6182645847
4517,0.6182461992
4518,0.6182289315
4519,0.6182113402
4520,0.6181981738
4521,0.6181802607
4522,0.6181624986
4523,0.6181448082
4524,0.6181315332
4525,0.6181137943
4526,0.6180965418
4527,0.6180795206
4528,0.6180664039
4529,0.6180481044
4530,0.6180304296
4531,0.618012875
4532,0.6179998777
4533,0.6179821872
4534,0.6179650939
4535,0.6179476238
4536,0.617934053
4537,0.6179163003
4538,0.6178988435
4539,0.6178813843
4540,0.6178684222
4541,0.617850772
4542,0.6178332499
4543,0.6178164019
4544,0.6178028504
4545,0.6177852366
4546,0.6177683427
4547,0.6177514035
4548,0.6177380289
4549,0.61771991
4550,0.6177030051
4551,0.6176856854
4552,0.6176728314
4553,0.6176547853
4554,0.6176378921
4555,0.6176205666
4556,0.6176069868
4557,0.6175888746
4558,0.6175719276
4559,0.6175550679
4560,0.6175417382
4561,0.6175236349
4562,0.6175068177
4563,0.6174899925
4564,0.6174766762
4565,0.6174592918
4566,0.617442552
4567,0.6174251617
4568,0.6174117222
4569,0.6173938053
4570,0.6173771528
4571,0.6173605285
4572,0.6173479254
4573,0.617331007
4574,0.6173142875
4575,0.6172970278
4576,0.6172842218
4577,0.6172668397
4578,0.6172495038
4579,0.6172328869
4580,0.6172195982
4581,0.6172022426
4582,0.617185057
4583,0.6171683168
4584,0.6171554686
4585,0.6171376459
4586,0.6171210856
4587,0.6171045573
4588,0.6170917911
4589,0.6170746936
4590,0.6170581453
4591,0.6170418325
4592,0.6170291493
4593,0.6170120081
4594,0.6169949464
4595,0.6169786523
4596,0.6170362019
4597,0.6171190024
4598,0.6172025636
4599,0.6172861488
4600,0.6179656164
4601,0.6179779153
4602,0.6179613996
4603,0.6179448229
4604,0.617932086
4605,0.6179143538
4606,0.6178971617
4607,0.6178805095
4608,0.6178677869
4609,0.6178506295
4610,0.6178334459
4611,0.6178168811
4612,0.6178041306
4613,0.6177870304
4614,0.6177705162
4615,0.6177540848
4616,0.6177415532
4617,0.6177243693
4618,0.6177074001
4619,0.6176909255
4620,0.6176782463
4621,0.6176606487
4622,0.6176442715
4623,0.6176278805
4624,0.6176147253
4625,0.6175976706
4626,0.6175811801
4627,0.6175647318
4628,0.6175520584
4629,0.6175350436
4630,0.6175180914
4631,0.6175017439
4632,0.6174891049
4633,0.6174715565
4634,0.617455102
4635,0.6174382292
4636,0.6174251882
4637,0.6174076082
4638,0.617390843
4639,0.6173739829
4640,0.6173614402
4641,0.6173445404
4642,0.6173281239
4643,0.6173124537
4644,0.6172994543
4645,0.6172819785
4646,0.6172651882
4647,0.6172489073
4648,0.6172358527
4649,0.6172189065
4650,0.6172025838
4651,0.6171864833
4652,0.6171736766
4653,0.6171568224
4654,0.6171399833
4655,0.6171232462
4656,0.6171110314
4657,0.6170943282
4658,0.6170774985
4659,0.6170613205
4660,0.6170484314
4661,0.6170319254
4662,0.6170152279
4663,0.6169986636
4664,0.616986367
4665,0.6169690856
4666,0.6169531062
4667,0.6169366755
4668,0.6169245873
4669,0.6169079236
4670,0.6168919316
4671,0.6168759253
4672,0.6168631728
4673,0.6168459885
4674,0.6168294975
4675,0.6168136342
4676,0.6168015999
4677,0.6167844093
4678,0.6167684127
4679,0.6167525786
4680,0.61674059
4681,0.6167237898
4682,0.6167080741
4683,0.6166917238
4684,0.6166791816
4685,0.6166627957
4686,0.6166464067
4687,0.616630655
4688,0.616618747
4689,0.6166022239
4690,0.6165864632
4691,0.6165703387
4692,0.6165584013
4693,0.6165419779
4694,0.6165263022
4695,0.6165106159
4696,0.6165680014
4697,0.6166499612
4698,0.6167320066
4699,0.6168141557
4700,0.6175000024
4701,0.6175116525
4702,0.6174957348
4703,0.6174798459
4704,0.617467814
4705,0.6174512776
4706,0.6174347126
4707,0.6174184032
4708,0.6174063295
4709,0.6173892758
4710,0.6173728503
4711,0.6173570337
4712,0.617344533
4713,0.6173276067
4714,0.6173112489
4715,0.6172954502
4716,0.6172829595
4717,0.617266486
4718,0.6172505403
4719,0.6172346886
4720,0.617222765
4721,0.6172057828
4722,0.6171894949
4723,0.6171737338
4724,0.6171613254
4725,0.617144963
4726,0.6171286293
4727,0.6171125728
4728,0.6171004221
4729,0.6170836321
4730,0.6170674501
4731,0.6170512722
4732,0.6170388519
4733,0.6170219488
4734,0.6170056922
4735,0.6169894779
4736,0.6169775775
4737,0.6169608137
4738,0.6169451202
4739,0.6169295226
4740,0.6169176638
4741,0.6169008834
4742,0.6168846227
4743,0.6168685732
4744,0.6168562672
4745,0.6168394113
4746,0.6168236877
4747,0.616807668
4748,0.6167953656
4749,0.616778682
4750,0.6167627566
4751,0.6167466178
4752,0.6167347221
4753,0.6167180779
4754,0.6167025955
4755,0.6166866903
4756,0.6166749622
4757,0.6166586953
4758,0.6166432954
4759,0.6166277311
4760,0.6166157231
4761,0.6165990725
4762,0.6165831033
4763,0.6165676926
4764,0.616555941
4765,0.6165393595
4766,0.6165239832
4767,0.6165080822
4768,0.6164965841
4769,0.6164800499
4770,0.6164641737
4771,0.6164484574
4772,0.6164367944
4773,0.6164209011
4774,0.6164055841
4775,0.616389812
4776,0.6163783026
4777,0.6163622793
4778,0.6163463049
4779,0.6163310163
4780,0.6163190696
4781,0.6163033168
4782,0.6162879356
4783,0.6162727521
4784,0.6162609106
4785,0.6162452145
4786,0.6162297246
4787,0.6162141319
4788,0.616202836
4789,0.6161873102
4790,0.6161717666
4791,0.61615623
4792,0.6161444613
4793,0.6161280781
4794,0.6161128861
4795,0.6160974011
4796,0.6161541206
4797,0.6162348165
4798,0.6163154029
4799,0.6163967306
4800,0.6171384624
4801,0.6171504667
4802,0.6171349563
4803,0.6171190366
4804,0.6171068789
4805,0.6170909394
4806,0.617075072
4807,0.6170596276
4808,0.617048091
4809,0.6170321975
4810,0.6170168197
4811,0.6170015466
4812,0.6169895319
4813,0.6169737374
4814,0.6169578198
4815,0.6169425431
4816,0.6169305269
4817,0.6169140958
4818,0.6168987887
4819,0.6168830741
4820,0.6168710599
4821,0.6168546145
4822,0.6168392276
4823,0.6168239853
4824,0.6168124806
4825,0.6167965316
4826,0.6167810839
4827,0.6167653846
4828,0.6167534083
4829,0.6167374087
4830,0.6167220153
4831,0.6167067611
4832,0.6166954186
4833,0.616678954
4834,0.6166631856
4835,0.6166474
4836,0.6166359247
4837,0.6166200112
4838,0.6166048544
4839,0.6165892296
4840,0.61657737
4841,0.6165616365
4842,0.616545999
4843,0.6165309719
4844,0.6165196347
4845,0.6165033789
4846,0.6164886536
4847,0.616473086
4848,0.6164618579
4849,0.6164456538
4850,0.6164300973
4851,0.6164145028
4852,0.6164027237
4853,0.6163871132
4854,0.6163715512
4855,0.616356566
4856,0.6163448732
4857,0.6163291413
4858,0.6163140507
4859,0.6162990516
4860,0.6162873421
4861,0.6162710638
4862,0.6162554412
4863,0.6162399367
4864,0.6162287818
4865,0.6162132109
4866,0.6161980913
4867,0.616183142
4868,0.6161713072
4869,0.6161552961
4870,0.6161398048
4871,0.6161244432
4872,0.6161134086
4873,0.6160978201
4874,0.6160831106
4875,0.6160676905
4876,0.6160561938
4877,0.6160401764
4878,0.6160245635
4879,0.6160097073
4880,0.6159980877
4881,0.6159821595
4882,0.6159671538
4883,0.6159518159
4884,0.6159406521
4885,0.6159245798
4886,0.6159096077
4887,0.6158942894
4888,0.615883376
4889,0.6158673613
4890,0.615851987
4891,0.6158372045
4892,0.6158257362
4893,0.6158103074
4894,0.6157954519
4895,0.6157801587
4896,0.6158351498
4897,0.615914445
4898,0.6159937905
4899,0.6160742225
4900,0.6168140214
4901,0.6168256509
4902,0.6168107012
4903,0.6167952342
4904,0.6167835306
4905,0.6167675314
4906,0.6167522415
4907,0.6167373162
4908,0.616726377
4909,0.6167103437
4910,0.6166949541
4911,0.6166801432
4912,0.6166689527
4913,0.6166534343
4914,0.6166384969
4915,0.6166236703
4916,0.6166120515
4917,0.6165959361
4918,0.6165809891
4919,0.6165660476
4920,0.6165546212
4921,0.616538613
4922,0.6165238431
4923,0.6165089375
4924,0.6164973869
4925,0.6164818208
4926,0.6164663728
4927,0.6164512367
4928,0.6164402854
4929,0.616424819
4930,0.616409494
4931,0.6163941036
4932,0.6163832563
4933,0.6163678292
4934,0.6163526695
4935,0.6163374246
4936,0.6163264286
4937,0.6163105836
4938,0.6162953333
4939,0.6162801724
4940,0.616269236
4941,0.61625335
4942,0.6162387198
4943,0.6162236018
4944,0.6162121626
4945,0.6161964445
4946,0.6161811636
4947,0.6161664745
4948,0.6161552515
4949,0.6161399485
4950,0.6161248134
4951,0.6161100934
4952,0.6160991501
4953,0.6160837418
4954,0.6160690624
4955,0.616053877
4956,0.6160426778
4957,0.6160273065
4958,0.6160125211
4959,0.6159979561
4960,0.6159872702
4961,0.6159720143
4962,0.6159569549
4963,0.6159423557
4964,0.6159310768
4965,0.6159153279
4966,0.615900833
4967,0.6158858353
4968,0.6158751266
4969,0.6158594277
4970,0.6158447108
4971,0.6158301021
4972,0.6158195341
4973,0.6158038762
4974,0.6157889463
4975,0.6157745597
4976,0.6157634756
4977,0.6157485369
4978,0.6157337816
4979,0.6157194054
4980,0.6157091152
4981,0.615693545
4982,0.6156786683
4983,0.6156638716
4984,0.6156534233
4985,0.6156384011
4986,0.6156236638
4987,0.6156088225
4988,0.6155982717
4989,0.6155827355
4990,0.6155678237
4991,0.6155534843
4992,0.6155425133
4993,0.6155276652
4994,0.6155132547
4995,0.6154984605
4996,0.6155531074
4997,0.615630383
4998,0.6157079218
4999,0.6157860493
5000,0.6164076574
5001,0.6164193462
5002,0.616404857
5003,0.6163903927
5004,0.6163799156
5005,0.6163648147
5006,0.616349921
5007,0.6163350621
5008,0.6163245325
5009,0.6163090828
5010,0.6162945932
5011,0.6162797242
5012,0.6162692541
5013,0.6162537948
5014,0.6162394104
5015,0.6162250352
5016,0.6162139376
5017,0.6161983789
5018,0.6161839554
5019,0.6161695093
5020,0.6161585124
5021,0.6161435209
5022,0.6161286988
5023,0.6161144894
5024,0.6161035824
5025,0.6160881096
5026,0.6160733213
5027,0.6160590606
5028,0.6160482214
5029,0.6160328551
5030,0.6160186406
5031,0.616003932
5032,0.6159935406
5033,0.6159781061
5034,0.6159638735
5035,0.6159491757
5036,0.6159383932
5037,0.6159229896
5038,0.6159086707
5039,0.6158943923
5040,0.6158840535
5041,0.6158692991
5042,0.6158550208
5043,0.6158403887
5044,0.6158294209
5045,0.6158146017
5046,0.6157999108
5047,0.6157852294
5048,0.6157748903
5049,0.6157599448
5050,0.6157452402
5051,0.6157305914
5052,0.6157203202
5053,0.6157054873
5054,0.6156910343
5055,0.6156764858
5056,0.6156662331
5057,0.6156514007
5058,0.615636716
5059,0.6156226411
5060,0.6156119399
5061,0.6155966771
5062,0.61558254
5063,0.6155680516
5064,0.6155573744
5065,0.6155421843
5066,0.615527605
5067,0.6155129269
5068,0.6155026026
5069,0.6154879051
5070,0.6154734319
5071,0.6154592717
5072,0.6154489738
5073,0.6154341404
5074,0.6154199652
5075,0.6154058995
5076,0.6153956384
5077,0.6153804758
5078,0.6153664293
5079,0.6153523173
5080,0.6153421526
5081,0.6153276056
5082,0.615313024
5083,0.6152989277
5084,0.6152887362
5085,0.6152740241
5086,0.6152599103
5087,0.6152458872
5088,0.6152356957
5089,0.6152209017
5090,0.6152068188
5091,0.6151928103
5092,0.6151826877
5093,0.6151680569
5094,0.6151538754
5095,0.6151398398
5096,0.6151935528
5097,0.6152698925
5098,0.6153462819
5099,0.6154228482
5100,0.6160300241
5101,0.6160417176
5102,0.6160274026
5103,0.6160126169
5104,0.6160023839
5105,0.6159875252
5106,0.615973197
5107,0.6159590321
5108,0.615948745
5109,0.6159340228
5110,0.6159198171
5111,0.6159053799
5112,0.6158951903
5113,0.6158804757
5114,0.6158662365
5115,0.6158520865
5116,0.6158419403
5117,0.6158272849
5118,0.6158131428
5119,0.615798997
5120,0.6157888661
5121,0.61577416
5122,0.6157600161
5123,0.6157459402
5124,0.6157356792
5125,0.6157210992
5126,0.6157070222
5127,0.6156929119
5128,0.6156827793
5129,0.6156680564
5130,0.615653932
5131,0.6156397465
5132,0.6156296481
5133,0.6156150198
5134,0.6156008841
5135,0.6155863547
5136,0.6155761098
5137,0.615561467
5138,0.6155473508
5139,0.6155335175
5140,0.615522894
5141,0.6155083282
5142,0.6154943049
5143,0.61547992
5144,0.6154694566
5145,0.6154543689
5146,0.6154404638
5147,0.6154265077
5148,0.6154164265
5149,0.6154016866
5150,0.6153876102
5151,0.6153736676
5152,0.6153635367
5153,0.6153485128
5154,0.6153345833
5155,0.6153202954
5156,0.6153102318
5157,0.6152956895
5158,0.6152816528
5159,0.6152671956
5160,0.6152566566
5161,0.6152421448
5162,0.6152276022
5163,0.61521315
5164,0.615203201
5165,0.6151882405
5166,0.6151737782
5167,0.6151597575
5168,0.6151496215
5169,0.6151351278
5170,0.6151212159
5171,0.6151068396
5172,0.6150967966
5173,0.6150817986
5174,0.6150674089
5175,0.6150535133
5176,0.6150434652
5177,0.6150289407
5178,0.6150150099
5179,0.6150020704
5180,0.6149917187
5181,0.6149772928
5182,0.6149629393
5183,0.6149491689
5184,0.6149393979
5185,0.6149245584
5186,0.6149107417
5187,0.6148968773
5188,0.6148869224
5189,0.6148725885
5190,0.6148587251
5191,0.6148445064
5192,0.6148345167
5193,0.6148202115
5194,0.6148063623
5195,0.614792641
5196,0.6148451931
5197,0.6149197485
5198,0.6149945842
5199,0.6150696275
5200,0.6156867052
5201,0.6156979378
5202,0.6156834894
5203,0.6156696186
5204,0.6156595242
5205,0.6156449621
5206,0.615630943
5207,0.6156169443
5208,0.6156068014
5209,0.6155922867
5210,0.6155779618
5211,0.6155640496
5212,0.6155540673
5213,0.6155398273
5214,0.6155254308
5215,0.6155115671
5216,0.615501431
5217,0.6154870551
5218,0.6154725681
5219,0.6154587488
5220,0.615448298
5221,0.6154338049
5222,0.6154198532
5223,0.6154061225
5224,0.6153959677
5225,0.6153819052
5226,0.615367873
5227,0.6153540842
5228,0.6153441088
5229,0.615329391
5230,0.615315425
5231,0.615301537
5232,0.6152914165
5233,0.6152771788
5234,0.615262869
5235,0.6152489577
5236,0.6152389758
5237,0.6152245887
5238,0.6152108418
5239,0.6151969482
5240,0.6151864086
5241,0.6151716579
5242,0.6151573763
5243,0.6151434966
5244,0.6151335965
5245,0.6151193948
5246,0.6151055714
5247,0.6150912906
5248,0.6150812226
5249,0.615066793
5250,0.615052544
5251,0.6150388187
5252,0.6150282904
5253,0.615014677
5254,0.6150008533
5255,0.6149866729
5256,0.6149767807
5257,0.6149626108
5258,0.6149484994
5259,0.6149347152
5260,0.614924844
5261,0.6149107448
5262,0.6148970102
5263,0.614883317
5264,0.6148733755
5265,0.6148595021
5266,0.6148452094
5267,0.614831312
5268,0.614820914
5269,0.6148062677
5270,0.6147925696
5271,0.6147788296
5272,0.6147688946
5273,0.6147546413
5274,0.6147408494
5275,0.6147270047
5276,0.6147169331
5277,0.6147023756
5278,0.6146885645
5279,0.6146748435
5280,0.6146649557
5281,0.6146514215
5282,0.6146376011
5283,0.614623956
5284,0.6146139179
5285,0.6145993765
5286,0.6145851577
5287,0.6145715805
5288,0.6145616893
5289,0.6145476916
5290,0.6145339683
5291,0.6145202178
5292,0.6145102986
5293,0.6144963819
5294,0.614482631
5295,0.6144690685
5296,0.6145206789
5297,0.6145937332
5298,0.6146669026
5299,0.6147403273
5300,0.6153793932
5301,0.6153903218
5302,0.6153760812
5303,0.6153622706
5304,0.6153522181
5305,0.6153382705
5306,0.6153244512
5307,0.6153106824
5308,0.6153005589
5309,0.6152864881
5310,0.6152723183
5311,0.6152580326
5312,0.6152474507
5313,0.6152333528
5314,0.6152192906
5315,0.6152051221
5316,0.6151950369
5317,0.6151805751
5318,0.6151666778
5319,0.6151529724
5320,0.6151424205
5321,0.6151284524
5322,0.6151140801
5323,0.6151002783
5324,0.6150901669
5325,0.6150756063
5326,0.6150621952
5327,0.6150486203
5328,0.6150387432
5329,0.615024799
5330,0.6150110679
5331,0.61499742
5332,0.6149869391
5333,0.6149731322
5334,0.6149590565
5335,0.6149449425
5336,0.6149343975
5337,0.614920475
5338,0.6149063274
5339,0.6148927103
5340,0.6148828696
5341,0.6148689561
5342,0.6148547582
5343,0.6148406734
5344,0.6148306887
5345,0.6148166895
5346,0.614802697
5347,0.6147891766
5348,0.6147792438
5349,0.6147654754
5350,0.6147513941
5351,0.6147378464
5352,0.6147276104
5353,0.6147133994
5354,0.6146997283
5355,0.6146856963
5356,0.6146756755
5357,0.6146619796
5358,0.6146482913
5359,0.614634808
5360,0.6146248448
5361,0.6146112004
5362,0.6145971645
5363,0.6145836179
5364,0.6145738172
5365,0.6145601235
5366,0.6145461312
5367,0.6145326105
5368,0.6145229066
5369,0.6145088438
5370,0.6144948361
5371,0.6144808584
5372,0.6144711213
5373,0.614457541
5374,0.6144440108
5375,0.6144304536
5376,0.6144201834
5377,0.6144065223
5378,0.6143924934
5379,0.6143789882
5380,0.6143691422
5381,0.6143550031
5382,0.6143414467
5383,0.614327524
5384,0.6143178477
5385,0.6143040797
5386,0.614290183
5387,0.6142768304
5388,0.6142671156
5389,0.6142536958
5390,0.6142403734
5391,0.6142269051
5392,0.6142167476
5393,0.6142032225
5394,0.6141897991
5395,0.6141759101
5396,0.6142268683
5397,0.6142984855
5398,0.6143703229
5399,0.6144423926
5400,0.6150690037
5401,0.6150796857
5402,0.6150660795
5403,0.6150522392
5404,0.6150423024
5405,0.615028641
5406,0.6150150824
5407,0.6150015032
5408,0.6149911228
5409,0.6149774249
5410,0.6149633704
5411,0.6149498866
5412,0.6149399292
5413,0.6149263873
5414,0.6149127617
5415,0.6148989043
5416,0.6148891046
5417,0.614875456
5418,0.6148619832
5419,0.6148484716
5420,0.6148386563
5421,0.6148246994
5422,0.6148112038
5423,0.6147978342
5424,0.6147879704
5425,0.6147739597
5426,0.6147604092
5427,0.6147475675
5428,0.6147379362
5429,0.6147246261
5430,0.6147112496
5431,0.6146978101
5432,0.6146874072
5433,0.6146739027
5434,0.614660413
5435,0.6146464143
5436,0.614636037
5437,0.6146224086
5438,0.6146088644
5439,0.6145953951
5440,0.6145854091
5441,0.6145718598
5442,0.6145583127
5443,0.6145448917
5444,0.6145350363
5445,0.6145214593
5446,0.6145074342
5447,0.6144939113
5448,0.6144841176
5449,0.6144699961
5450,0.6144565135
5451,0.6144430132
5452,0.6144332526
5453,0.6144197049
5454,0.6144063414
5455,0.6143930346
5456,0.6143832483
5457,0.6143696706
5458,0.6143562701
5459,0.6143428675
5460,0.6143330957
5461,0.6143195156
5462,0.6143055764
5463,0.6142922617
5464,0.6142823549
5465,0.6142687179
5466,0.6142552613
5467,0.6142419437
5468,0.614232247
5469,0.6142187138
5470,0.6142047957
5471,0.6141916007
5472,0.6141818086
5473,0.614168392
5474,0.6141549402
5475,0.6141417371
5476,0.6141319659
5477,0.6141184877
5478,0.6141049624
5479,0.6140915446
5480,0.6140817285
5481,0.6140682794
5482,0.6140548736
5483,0.6140414182
5484,0.6140315563
5485,0.6140181912
5486,0.6140048118
5487,0.6139914771
5488,0.6139817776
5489,0.6139679275
5490,0.6139547093
5491,0.6139413452
5492,0.6139315531
5493,0.613918213
5494,0.6139050311
5495,0.6138917163
5496,0.6139414701
5497,0.6140114394
5498,0.6140815837
5499,0.6141519307
5500,0.6147322538
5501,0.6147425804
5502,0.6147292016
5503,0.6147162515
5504,0.6147063711
5505,0.6146928292
5506,0.6146793037
5507,0.6146658052
5508,0.6146560071
5509,0.6146422329
5510,0.6146282984
5511,0.6146150282
5512,0.6146045875
5513,0.6145910459
5514,0.6145775321
5515,0.6145641017
5516,0.6145541957
5517,0.6145406699
5518,0.614527157
5519,0.6145137993
5520,0.6145038705
5521,0.6144898398
5522,0.6144763927
5523,0.6144626107
5524,0.6144522983
5525,0.6144389045
5526,0.6144255628
5527,0.6144117363
5528,0.6144018385
5529,0.614388303
5530,0.6143749189
5531,0.6143619269
5532,0.6143521863
5533,0.6143389867
5534,0.6143252479
5535,0.6143120888
5536,0.6143022046
5537,0.6142888894
5538,0.6142750535
5539,0.6142617413
5540,0.6142519728
5541,0.6142381983
5542,0.6142245347
5543,0.6142112901
5544,0.6142015351
5545,0.614188126
5546,0.6141748129
5547,0.6141615196
5548,0.6141516833
5549,0.6141383729
5550,0.6141245196
5551,0.6141112776
5552,0.6141016836
5553,0.6140884635
5554,0.6140751339
5555,0.6140620536
5556,0.6140524041
5557,0.6140390288
5558,0.6140258105
5559,0.6140125767
5560,0.6140029364
5561,0.6139890919
5562,0.6139756403
5563,0.6139620087
5564,0.6139522586
5565,0.6139389356
5566,0.6139255651
5567,0.613912171
5568,0.6139024803
5569,0.6138887634
5570,0.613875471
5571,0.6138616873
5572,0.6138519749
5573,0.613838622
5574,0.6138253346
5575,0.6138119457
5576,0.6138021811
5577,0.6137888186
5578,0.613775664
5579,0.6137623697
5580,0.6137527201
5581,0.6137394146
5582,0.6137257465
5583,0.6137126778
5584,0.6137028888
5585,0.6136895827
5586,0.6136764914
5587,0.6136633658
5588,0.6136536326
5589,0.6136404215
5590,0.6136272217
5591,0.6136140222
5592,0.6136044938
5593,0.6135913364
5594,0.6135782288
5595,0.6135651473
5596,0.6136139366
5597,0.6136825014
5598,0.6137512501
5599,0.6138201026
5600,0.6143968893
5601,0.6144063658
5602,0.614392965
5603,0.6143796287
5604,0.614369968
5605,0.6143566853
5606,0.6143434523
5607,0.6143302793
5608,0.6143204936
5609,0.6143071167
5610,0.6142938299
5611,0.6142805646
5612,0.6142706995
5613,0.6142573032
5614,0.614244081
5615,0.6142308886
5616,0.6142210694
5617,0.6142077408
5618,0.6141944875
5619,0.6141814042
5620,0.6141715936
5621,0.6141582255
5622,0.6141449368
5623,0.6141317863
5624,0.6141215407
5625,0.6141078525
5626,0.6140946419
5627,0.6140814227
5628,0.6140717028
5629,0.6140584244
5630,0.6140447757
5631,0.6140317607
5632,0.614021944
5633,0.6140086953
5634,0.6139951247
5635,0.6139819383
5636,0.6139723244
5637,0.6139585558
5638,0.6139453657
5639,0.6139324031
5640,0.6139227546
5641,0.6139096263
5642,0.6138963969
5643,0.6138832034
5644,0.6138735106
5645,0.6138603153
5646,0.6138466919
5647,0.6138336102
5648,0.6138240483
5649,0.6138106939
5650,0.6137971545
5651,0.6137836906
5652,0.6137739967
5653,0.6137608487
5654,0.6137478909
5655,0.6137348123
5656,0.6137251764
5657,0.6137116437
5658,0.6136985184
5659,0.6136855445
5660,0.6136759729
5661,0.6136624194
5662,0.6136494021
5663,0.6136359892
5664,0.6136264173
5665,0.613612828
5666,0.6135998179
5667,0.6135868021
5668,0.6135772463
5669,0.613564038
5670,0.6135510067
5671,0.6135379418
5672,0.61352831
5673,0.6135152164
5674,0.6135022093
5675,0.6134891382
5676,0.6134796315
5677,0.613466166
5678,0.6134531786
5679,0.613440072
5680,0.6134301468
5681,0.6134170324
5682,0.6134040182
5683,0.6133910785
5684,0.6133809731
5685,0.6133678603
5686,0.6133547886
5687,0.6133418698
5688,0.6133319283
5689,0.6133184387
5690,0.6133050705
5691,0.6132921021
5692,0.6132821213
5693,0.6132691381
5694,0.6132561364
5695,0.6132433737
5696,0.6132908126
5697,0.6133582121
5698,0.6134257091
5699,0.6134929311
5700,0.6140614567
5701,0.6140723935
5702,0.6140593066
5703,0.6140462274
5704,0.6140361181
5705,0.6140229262
5706,0.614009802
5707,0.6139967387
5708,0.613987018
5709,0.6139739053
5710,0.6139602645
5711,0.6139471609
5712,0.6139369849
5713,0.6139236878
5714,0.6139104961
5715,0.6138973573
5716,0.6138876717
5717,0.6138745206
5718,0.6138614887
5719,0.6138483769
5720,0.613838531
5721,0.6138253735
5722,0.6138121908
5723,0.6137990734
5724,0.6137894642
5725,0.6137762823
5726,0.6137630595
5727,0.6137499379
5728,0.6137401906
5729,0.6137269399
5730,0.6137137517
5731,0.6137006232
5732,0.6136908765
5733,0.6136776838
5734,0.6136645862
5735,0.6136514784
5736,0.6136419983
5737,0.6136287394
5738,0.6136155192
5739,0.6136024239
5740,0.613592934
5741,0.6135797231
5742,0.6135666188
5743,0.6135535821
5744,0.6135439096
5745,0.6135306235
5746,0.6135176069
5747,0.6135045458
5748,0.6134949855
5749,0.6134818887
5750,0.6134689514
5751,0.6134558836
5752,0.6134464416
5753,0.6134332946
5754,0.6134202778
5755,0.6134067843
5756,0.6133971659
5757,0.6133841001
5758,0.6133711208
5759,0.6133577661
5760,0.6133482931
5761,0.6133352085
5762,0.613322365
5763,0.6133089135
5764,0.6132994779
5765,0.6132863714
5766,0.6132734193
5767,0.6132606329
5768,0.6132510254
5769,0.6132380339
5770,0.6132251407
5771,0.6132122591
5772,0.6132027429
5773,0.6131897088
5774,0.6131768213
5775,0.613163939
5776,0.6131544303
5777,0.6131414293
5778,0.6131285568
5779,0.6131157679
5780,0.6131063687
5781,0.6130934403
5782,0.6130806375
5783,0.6130678497
5784,0.6130584172
5785,0.6130455113
5786,0.6130326031
5787,0.6130193962
5788,0.613010015
5789,0.6129972738
5790,0.6129845046
5791,0.6129716858
5792,0.6129623247
5793,0.6129493634
5794,0.6129368572
5795,0.6129241638
5796,0.6129711899
5797,0.6130372191
5798,0.6131033492
5799,0.6131696499
5800,0.6137419931
5801,0.6137513403
5802,0.6137384066
5803,0.6137254106
5804,0.6137157836
5805,0.6137028373
5806,0.6136898889
5807,0.6136770166
5808,0.6136675011
5809,0.6136543756
5810,0.6136413497
5811,0.6136284816
5812,0.6136194731
5813,0.6136059553
5814,0.6135930923
5815,0.6135801564
5816,0.6135707303
5817,0.613557934
5818,0.6135450469
5819,0.6135321641
5820,0.6135227626
5821,0.6135098597
5822,0.613497187
5823,0.6134840065
5824,0.6134747426
5825,0.6134621759
5826,0.6134494267
5827,0.6134367057
5828,0.6134273154
5829,0.6134143147
5830,0.6134014198
5831,0.61338854
5832,0.6133793353
5833,0.6133663344
5834,0.6133535895
5835,0.6133408824
5836,0.6133314086
5837,0.6133184825
5838,0.6133056115
5839,0.6132927517
5840,0.6132832037
5841,0.6132698919
5842,0.6132565637
5843,0.6132438844
5844,0.6132343525
5845,0.613221447
5846,0.6132087325
5847,0.6131960287
5848,0.6131866466
5849,0.6131737301
5850,0.61316094
5851,0.6131481263
5852,0.6131386442
5853,0.6131257139
5854,0.6131127769
5855,0.6131000666
5856,0.6130906631
5857,0.6130777399
5858,0.6130649903
5859,0.6130521599
5860,0.6130428058
5861,0.6130299772
5862,0.6130172171
5863,0.6130045134
5864,0.61299521
5865,0.6129823445
5866,0.6129696892
5867,0.6129569112
5868,0.6129474619
5869,0.6129348394
5870,0.612922074
5871,0.612909356
5872,0.6128999871
5873,0.6128871544
5874,0.6128744832
5875,0.6128617175
5876,0.6128524925
5877,0.6128396357
5878,0.6128268919
5879,0.6128142166
5880,0.6128047719
5881,0.6127919682
5882,0.6127793513
5883,0.6127666026
5884,0.6127571703
5885,0.6127442859
5886,0.6127315958
5887,0.6127188834
5888,0.6127093794
5889,0.6126968634
5890,0.612684044
5891,0.6126714633
5892,0.612662178
5893,0.6126493957
5894,0.6126366228
5895,0.6126243188
5896,0.6126705108
5897,0.6127352538
5898,0.6128003809
5899,0.6128653262
5900,0.6133962723
5901,0.613404882
5902,0.6133920019
5903,0.6133791159
5904,0.6133696709
5905,0.6133569694
5906,0.6133440792
5907,0.6133309553
5908,0.613321457
5909,0.6133086066
5910,0.6132958015
5911,0.6132830203
5912,0.613273708
5913,0.613260927
5914,0.6132480238
5915,0.6132353973
5916,0.6132259341
5917,0.6132129421
5918,0.6132001574
5919,0.613187379
5920,0.6131779452
5921,0.6131651791
5922,0.6131523915
5923,0.6131395883
5924,0.6131302215
5925,0.6131174658
5926,0.6131046662
5927,0.6130920024
5928,0.6130826329
5929,0.6130699417
5930,0.6130571942
5931,0.6130445875
5932,0.6130353881
5933,0.6130225365
5934,0.613009869
5935,0.6129971263
5936,0.6129875282
5937,0.6129748807
5938,0.6129620573
5939,0.6129494071
5940,0.6129400701
5941,0.612927202
5942,0.612915319
5943,0.6129026891
5944,0.6128935847
5945,0.6128808076
5946,0.6128684691
5947,0.6128560945
5948,0.6128469154
5949,0.61283412
5950,0.6128215644
5951,0.612809085
5952,0.6127995108
5953,0.6127869145
5954,0.612774249
5955,0.6127619026
5956,0.6127526226
5957,0.6127399924
5958,0.6127273649
5959,0.6127148696
5960,0.612705535
5961,0.6126928024
5962,0.6126802008
5963,0.6126675482
5964,0.6126582892
5965,0.6126456588
5966,0.6126330531
5967,0.6126204571
5968,0.6126112039
5969,0.6125991545
5970,0.6125866495
5971,0.6125740781
5972,0.6125648732
5973,0.6125524965
5974,0.6125399274
5975,0.6125273846
5976,0.6125182249
5977,0.6125056999
5978,0.6124932042
5979,0.6124807239
5980,0.612471554
5981,0.6124589355
5982,0.6124463078
5983,0.6124338704
5984,0.6124247637
5985,0.6124120656
5986,0.6123994858
5987,0.6123869529
5988,0.6123779301
5989,0.6123653615
5990,0.6123529106
5991,0.6123405961
5992,0.6123311831
5993,0.6123187515
5994,0.6123056777
5995,0.6122931501
5996,0.6123387144
5997,0.6124022663
5998,0.612466178
5999,0.6125300954
6000,0.6130718504
6001,0.6130806866
6002,0.6130681673
6003,0.6130556113
6004,0.6130463996
6005,0.6130337254
6006,0.6130210914
6007,0.6130086435
6008,0.6129994579
6009,0.6129867637
6010,0.6129741337
6011,0.6129615404
6012,0.6129523592
6013,0.6129397449
6014,0.6129271238
6015,0.6129145907
6016,0.6129054556
6017,0.6128928817
6018,0.612880322
6019,0.6128679422
6020,0.6128588339
6021,0.6128460014
6022,0.6128335261
6023,0.6128210471
6024,0.612811923
6025,0.6127992855
6026,0.6127868806
6027,0.6127744379
6028,0.612765273
6029,0.6127527249
6030,0.6127401932
6031,0.6127278601
6032,0.6127189022
6033,0.6127063533
6034,0.6126939875
6035,0.6126814619
6036,0.6126722957
6037,0.6126598937
6038,0.6126473888
6039,0.6126349602
6040,0.6126259407
6041,0.6126135143
6042,0.6126011939
6043,0.6125889523
6044,0.6125799834
6045,0.6125671076
6046,0.6125546033
6047,0.6125421502
6048,0.6125331229
6049,0.6125206615
6050,0.6125084282
6051,0.6124960005
6052,0.6124869762
6053,0.6124744502
6054,0.6124620255
6055,0.6124497787
6056,0.6124407953
6057,0.6124283486
6058,0.6124159425
6059,0.6124036446
6060,0.6123949627
6061,0.6123825272
6062,0.6123701132
6063,0.6123576956
6064,0.6123486599
6065,0.6123361654
6066,0.612323923
6067,0.6123117129
6068,0.6123028416
6069,0.6122903642
6070,0.6122780219
6071,0.6122660487
6072,0.6122570557
6073,0.6122447897
6074,0.6122323782
6075,0.6122197934
6076,0.6122109331
6077,0.6121984863
6078,0.6121862621
6079,0.6121740772
6080,0.6121652869
6081,0.6121528928
6082,0.6121406963
6083,0.6121284943
6084,0.6121192534
6085,0.612106934
6086,0.612094617
6087,0.6120824151
6088,0.6120736899
6089,0.6120614196
6090,0.6120490998
6091,0.6120365511
6092,0.6120276386
6093,0.6120153552
6094,0.6120032226
6095,0.6119910952
6096,0.6120358622
6097,0.6120986187
6098,0.6121613205
6099,0.6122241984
6100,0.6127978281
6101,0.6128067366
6102,0.6127944094
6103,0.612782112
6104,0.6127731841
6105,0.6127602653
6106,0.6127480683
6107,0.6127358025
6108,0.6127263812
6109,0.6127140493
6110,0.6127016426
6111,0.6126893146
6112,0.6126804953
6113,0.612668015
6114,0.6126557164
6115,0.6126434346
6116,0.6126346356
6117,0.6126223934
6118,0.6126101063
6119,0.6125978567
6120,0.6125890385
6121,0.6125766283
6122,0.6125644571
6123,0.6125521579
6124,0.6125432552
6125,0.6125308708
6126,0.612518633
6127,0.6125063181
6128,0.6124974319
6129,0.6124850302
6130,0.6124727174
6131,0.6124605998
6132,0.6124517677
6133,0.6124393826
6134,0.6124270721
6135,0.612415131
6136,0.6124064128
6137,0.6123942006
6138,0.6123819284
6139,0.6123698964
6140,0.6123607091
6141,0.6123482342
6142,0.6123360448
6143,0.6123240832
6144,0.6123154029
6145,0.6123031202
6146,0.612291049
6147,0.6122789364
6148,0.6122701574
6149,0.6122580115
6150,0.6122459206
6151,0.6122337983
6152,0.6122251589
6153,0.612213028
6154,0.6122010436
6155,0.6121889732
6156,0.6121803519
6157,0.6121680425
6158,0.6121561231
6159,0.6121437333
6160,0.6121349576
6161,0.6121228149
6162,0.6121108319
6163,0.6120989978
6164,0.6120903732
6165,0.6120782435
6166,0.6120662236
6167,0.6120542478
6168,0.612045665
6169,0.6120333464
6170,0.6120211814
6171,0.6120092171
6172,0.6120007915
6173,0.6119884704
6174,0.6119764648
6175,0.6119645424
6176,0.6119560827
6177,0.6119439017
6178,0.6119319068
6179,0.6119199244
6180,0.611911331
6181,0.6118992389
6182,0.6118871791
6183,0.611875212
6184,0.6118665957
6185,0.6118546336
6186,0.6118427533
6187,0.6118309485
6188,0.6118225258
6189,0.6118104217
6190,0.6117983843
6191,0.6117865829
6192,0.6117781591
6193,0.611766061
6194,0.6117541175
6195,0.6117421449
6196,0.611786214
6197,0.6118478902
6198,0.611909952
6199,0.6119719934
6200,0.6124845299
6201,0.6124933897
6202,0.6124814877
6203,0.6124696105
6204,0.6124611429
6205,0.6124483685
6206,0.6124363315
6207,0.6124242955
6208,0.6124157854
6209,0.6124036593
6210,0.6123917921
6211,0.6123798663
6212,0.6123713055
6213,0.6123591079
6214,0.6123470539
6215,0.612335025
6216,0.6123264978
6217,0.6123144163
6218,0.6123025157
6219,0.612290643
6220,0.6122822069
6221,0.612270305
6222,0.6122583792
6223,0.6122464405
6224,0.6122379839
6225,0.6122258027
6226,0.6122139108
6227,0.6122020508
6228,0.6121935974
6229,0.6121815348
6230,0.6121696342
6231,0.6121577387
6232,0.6121492341
6233,0.612137161
6234,0.6121252947
6235,0.6121134796
6236,0.6121051673
6237,0.6120929716
6238,0.6120811245
6239,0.6120693848
6240,0.612061013
6241,0.612048761
6242,0.6120367994
6243,0.6120251535
6244,0.61201676
6245,0.6120047464
6246,0.6119924218
6247,0.6119806871
6248,0.6119723416
6249,0.611960236
6250,0.6119483818
6251,0.6119365577
6252,0.6119281693
6253,0.6119162617
6254,0.6119043623
6255,0.6118926804
6256,0.6118842936
6257,0.6118724049
6258,0.6118607112
6259,0.6118488989
6260,0.6118404596
6261,0.6118284034
6262,0.611816761
6263,0.6118049854
6264,0.6117964895
6265,0.6117844421
6266,0.6117729592
6267,0.6117611601
6268,0.6117527655
6269,0.6117407535
6270,0.611729048
6271,0.611717184
6272,0.6117087313
6273,0.6116968624
6274,0.611684999
6275,0.6116732054
6276,0.6116650185
6277,0.6116531247
6278,0.6116412768
6279,0.6116296304
6280,0.6116214136
6281,0.6116094676
6282,0.6115974986
6283,0.6115859396
6284,0.6115777655
6285,0.6115658225
6286,0.6115540532
6287,0.6115423057
6288,0.6115341047
6289,0.6115222047
6290,0.6115104695
6291,0.611498855
6292,0.6114904825
6293,0.6114786171
6294,0.6114669106
6295,0.6114553995
6296,0.611498878
6297,0.6115598428
6298,0.6116208736
6299,0.61168251
6300,0.6121751128
6301,0.6121838957
6302,0.612172148
6303,0.612160464
6304,0.6121522321
6305,0.612140312
6306,0.6121287962
6307,0.6121171929
6308,0.6121089104
6309,0.6120970328
6310,0.6120853454
6311,0.6120737612
6312,0.6120654747
6313,0.612053538
6314,0.6120419842
6315,0.6120302463
6316,0.6120218058
6317,0.612009773
6318,0.6119980302
6319,0.6119859769
6320,0.6119777846
6321,0.6119657515
6322,0.6119540423
6323,0.6119422761
6324,0.6119341457
6325,0.6119223698
6326,0.6119106428
6327,0.6118990629
6328,0.6118909243
6329,0.6118790404
6330,0.6118674451
6331,0.6118557677
6332,0.6118474605
6333,0.6118355703
6334,0.6118238831
6335,0.6118123549
6336,0.6118041349
6337,0.6117922479
6338,0.6117807328
6339,0.611769063
6340,0.611760783
6341,0.6117489946
6342,0.6117372832
6343,0.6117256073
6344,0.6117174253
6345,0.6117055658
6346,0.6116940286
6347,0.6116824905
6348,0.6116743107
6349,0.6116625571
6350,0.6116509905
6351,0.6116394402
6352,0.6116313134
6353,0.6116196435
6354,0.6116081152
6355,0.6115966646
6356,0.6115886456
6357,0.6115771178
6358,0.6115657575
6359,0.6115544969
6360,0.6115464327
6361,0.6115350164
6362,0.6115237549
6363,0.611517412
6364,0.6115131508
6365,0.6115087897
6366,0.6114983098
6367,0.6114871093
6368,0.6114793812
6369,0.6114678624
6370,0.6114567349
6371,0.6114455224
6372,0.611437637
6373,0.6114262995
6374,0.6114149708
6375,0.611403682
6376,0.611395672
6377,0.6113842454
6378,0.6113731284
6379,0.6113619137
6380,0.6113540222
6381,0.6113427323
6382,0.6113314143
6383,0.6113201302
6384,0.6113122669
6385,0.611300951
6386,0.6112897613
6387,0.6112784688
6388,0.6112706731
6389,0.6112591254
6390,0.6112477402
6391,0.6112365979
6392,0.6112288404
6393,0.6112173361
6394,0.6112061756
6395,0.6111948779
6396,0.6112386838
6397,0.6112991112
6398,0.6113596743
6399,0.6114203403
6400,0.6119463563
6401,0.6119553001
6402,0.6119439387
6403,0.6119326168
6404,0.6119248012
6405,0.6119133058
6406,0.6119018387
6407,0.6118907818
6408,0.6118830174
6409,0.6118716538
6410,0.6118604726
6411,0.61184908
6412,0.6118410029
6413,0.6118294889
6414,0.6118182669
6415,0.6118070062
6416,0.6117992025
6417,0.6117878644
6418,0.6117765255
6419,0.6117652465
6420,0.6117574345
6421,0.6117459423
6422,0.6117347622
6423,0.6117236342
6424,0.6117156814
6425,0.6117043144
6426,0.6116930698
6427,0.6116820554
6428,0.6116743121
6429,0.6116630339
6430,0.6116518924
6431,0.6116408532
6432,0.611633074
6433,0.6116217205
6434,0.6116104144
6435,0.6115993622
6436,0.6115913465
6437,0.6115799304
6438,0.6115688233
6439,0.6115575568
6440,0.6115497688
6441,0.611538348
6442,0.6115270476
6443,0.6115158427
6444,0.6115079841
6445,0.6114962952
6446,0.6114852007
6447,0.6114740308
6448,0.6114661204
6449,0.6114549324
6450,0.6114438097
6451,0.611432798
6452,0.6114251087
6453,0.6114138487
6454,0.6114028203
6455,0.6113917196
6456,0.6113840508
6457,0.6113727462
6458,0.611361547
6459,0.6113504777
6460,0.611342685
6461,0.6113314382
6462,0.6113204521
6463,0.6113093795
6464,0.6113015939
6465,0.6112902898
6466,0.6112792402
6467,0.6112683417
6468,0.6112606916
6469,0.6112494883
6470,0.6112383694
6471,0.611227443
6472,0.6112199852
6473,0.6112087935
6474,0.6111977808
6475,0.611186613
6476,0.6111789572
6477,0.6111677383
6478,0.6111565972
6479,0.6111457115
6480,0.6111380682
6481,0.6111268437
6482,0.6111159007
6483,0.6111049182
6484,0.6110972005
6485,0.6110859562
6486,0.6110749039
6487,0.6110639775
6488,0.6110563148
6489,0.6110451532
6490,0.6110342217
6491,0.6110233515
6492,0.6110156483
6493,0.6110045751
6494,0.6109935803
6495,0.6109826406
6496,0.6110252866
6497,0.611084904
6498,0.6111443748
6499,0.6112041212
6500,0.6116886725
6501,0.6116975119
6502,0.611686508
6503,0.6116755802
6504,0.6116677791
6505,0.6116564509
6506,0.6116452496
6507,0.6116341804
6508,0.6116266881
6509,0.6116155703
6510,0.6116045051
6511,0.6115934566
6512,0.6115858255
6513,0.6115745831
6514,0.6115636472
6515,0.6115525263
6516,0.6115449086
6517,0.6115337828
6518,0.6115226999
6519,0.6115116775
6520,0.6115041091
6521,0.6114929469
6522,0.6114819871
6523,0.6114710282
6524,0.6114634396
6525,0.611452232
6526,0.6114411907
6527,0.6114303018
6528,0.6114226592
6529,0.6114114945
6530,0.6114005292
6531,0.6113897092
6532,0.611382041
6533,0.611370771
6534,0.6113597024
6535,0.6113487062
6536,0.6113410755
6537,0.6113298935
6538,0.6113188389
6539,0.6113078971
6540,0.611300138
6541,0.6112890031
6542,0.6112781049
6543,0.6112672274
6544,0.6112596331
6545,0.6112484171
6546,0.6112374147
6547,0.6112265464
6548,0.6112189918
6549,0.611207891
6550,0.6111969749
6551,0.6111860027
6552,0.6111787811
6553,0.6111676223
6554,0.611156605
6555,0.6111456825
6556,0.6111380403
6557,0.6111271249
6558,0.6111164738
6559,0.6111056481
6560,0.6110982247
6561,0.6110870922
6562,0.6110760999
6563,0.6110652632
6564,0.611057732
6565,0.6110467405
6566,0.6110359213
6567,0.6110251309
6568,0.6110176069
6569,0.6110063822
6570,0.610995565
6571,0.6109847369
6572,0.6109771986
6573,0.6109662371
6574,0.6109554941
6575,0.6109448216
6576,0.6109374098
6577,0.6109264254
6578,0.6109156163
6579,0.6109050946
6580,0.6108975335
6581,0.610886567
6582,0.6108757217
6583,0.6108650982
6584,0.6108577929
6585,0.6108468016
6586,0.6108361361
6587,0.6108252989
6588,0.6108178251
6589,0.6108067491
6590,0.6107960201
6591,0.6107853302
6592,0.6107778425
6593,0.6107669795
6594,0.6107562219
6595,0.6107454679
6596,0.6107874644
6597,0.6108461096
6598,0.6109049803
6599,0.6109639637
6600,0.6115164762
6601,0.6115253104
6602,0.6115144311
6603,0.6115037537
6604,0.6114962153
6605,0.6114847624
6606,0.611473934
6607,0.6114630724
6608,0.6114555047
6609,0.6114444151
6610,0.6114335231
6611,0.6114226823
6612,0.6114151484
6613,0.6114039476
6614,0.6113931779
6615,0.6113826114
6616,0.6113751181
6617,0.6113639942
6618,0.6113532508
6619,0.6113426015
6620,0.6113350082
6621,0.6113240143
6622,0.611313389
6623,0.6113022186
6624,0.6112947938
6625,0.6112839011
6626,0.6112730415
6627,0.6112622665
6628,0.6112548344
6629,0.6112438418
6630,0.6112329964
6631,0.6112221937
6632,0.6112146631
6633,0.6112037881
6634,0.6111931695
6635,0.6111825946
6636,0.6111751441
6637,0.6111641328
6638,0.6111533144
6639,0.6111425754
6640,0.6111352534
6641,0.6111243724
6642,0.6111135855
6643,0.6111029208
6644,0.6110955864
6645,0.6110844867
6646,0.6110737264
6647,0.6110631326
6648,0.6110557643
6649,0.6110449123
6650,0.6110343027
6651,0.6110236874
6652,0.611016464
6653,0.6110056322
6654,0.6109950082
6655,0.6109842236
6656,0.6109767922
6657,0.6109659017
6658,0.6109553329
6659,0.610944769
6660,0.6109374496
6661,0.6109266309
6662,0.6109159512
6663,0.6109052434
6664,0.6108981104
6665,0.6108873087
6666,0.6108766303
6667,0.6108659727
6668,0.6108587184
6669,0.6108478109
6670,0.610837091
6671,0.610826489
6672,0.610819124
6673,0.6108081588
6674,0.6107976182
6675,0.6107871814
6676,0.610779873
6677,0.6107688734
6678,0.6107583931
6679,0.6107477879
6680,0.6107401003
6681,0.6107293313
6682,0.6107188584
6683,0.6107082279
6684,0.6107010439
6685,0.6106901407
6686,0.6106797005
6687,0.6106691016
6688,0.6106618964
6689,0.6106510627
6690,0.610640419
6691,0.6106299569
6692,0.6106228492
6693,0.6106121049
6694,0.6106017394
6695,0.6105912122
6696,0.6106327219
6697,0.6106905406
6698,0.610748499
6699,0.6108065551
6700,0.6112852931
6701,0.6112941569
6702,0.6112834987
6703,0.6112729019
6704,0.6112656464
6705,0.6112546898
6706,0.6112441955
6707,0.611233745
6708,0.6112265689
6709,0.6112156018
6710,0.6112049539
6711,0.6111943032
6712,0.6111871032
6713,0.6111763747
6714,0.6111657669
6715,0.6111553
6716,0.6111481613
6717,0.6111373352
6718,0.6111268205
6719,0.6111163405
6720,0.6111092166
6721,0.6110982254
6722,0.6110877063
6723,0.6110773347
6724,0.6110701166
6725,0.6110592139
6726,0.6110488111
6727,0.6110382368
6728,0.6110311214
6729,0.6110203452
6730,0.6110097395
6731,0.6109994129
6732,0.6109921423
6733,0.6109813525
6734,0.6109708213
6735,0.6109603707
6736,0.6109531845
6737,0.6109422561
6738,0.6109317036
6739,0.6109213974
6740,0.6109142176
6741,0.6109035139
6742,0.6108930858
6743,0.6108826811
6744,0.6108754687
6745,0.6108647652
6746,0.6108543675
6747,0.6108439846
6748,0.6108366949
6749,0.6108259445
6750,0.610815573
6751,0.6108052454
6752,0.6107981146
6753,0.6107872644
6754,0.6107768929
6755,0.6107663848
6756,0.6107592882
6757,0.6107484926
6758,0.6107380777
6759,0.6107276095
6760,0.610720348
6761,0.6107095903
6762,0.6106992578
6763,0.6106890837
6764,0.6106820076
6765,0.6106712888
6766,0.6106607584
6767,0.6106504644
6768,0.6106432652
6769,0.6106325559
6770,0.6106222552
6771,0.6106120024
6772,0.6106048419
6773,0.6105940489
6774,0.6105838169
6775,0.6105734126
6776,0.6105664123
6777,0.6105555729
6778,0.6105453695
6779,0.6105352411
6780,0.6105280357
6781,0.610517887
6782,0.6105074671
6783,0.610497308
6784,0.6104902476
6785,0.610479584
6786,0.6104693464
6787,0.6104592398
6788,0.610452223
6789,0.6104415355
6790,0.6104311219
6791,0.6104206668
6792,0.6104135257
6793,0.6104027994
6794,0.6103925798
6795,0.6103823886
6796,0.6104230762
6797,0.6104801679
6798,0.6105373553
6799,0.6105946944
6800,0.6111242877
6801,0.6111328061
6802,0.6111224586
6803,0.611112062
6804,0.6111048509
6805,0.6110940572
6806,0.6110837798
6807,0.6110733771
6808,0.6110661907
6809,0.6110553715
6810,0.6110451125
6811,0.6110347507
6812,0.6110276061
6813,0.6110169519
6814,0.6110067047
6815,0.6109964522
6816,0.610989434
6817,0.610978763
6818,0.6109684627
6819,0.6109583329
6820,0.6109513637
6821,0.6109408333
6822,0.6109306688
6823,0.6109205163
6824,0.6109137406
6825,0.6109031329
6826,0.6108929047
6827,0.6108827928
6828,0.610875934
6829,0.6108654509
6830,0.6108551282
6831,0.6108448688
6832,0.6108377275
6833,0.6108273047
6834,0.6108171078
6835,0.6108069489
6836,0.6107998019
6837,0.6107890778
6838,0.6107788754
6839,0.6107686944
6840,0.6107618063
6841,0.6107511793
6842,0.6107410115
6843,0.6107307511
6844,0.6107235985
6845,0.6107129502
6846,0.61070274
6847,0.6106923788
6848,0.6106852505
6849,0.6106747089
6850,0.6106645557
6851,0.6106544066
6852,0.6106472898
6853,0.6106366902
6854,0.6106264376
6855,0.6106161849
6856,0.610609289
6857,0.6105989348
6858,0.6105888381
6859,0.6105787053
6860,0.6105717084
6861,0.6105611233
6862,0.6105510817
6863,0.6105408813
6864,0.6105339088
6865,0.6105234913
6866,0.6105134458
6867,0.6105034007
6868,0.610496449
6869,0.6104858406
6870,0.6104758476
6871,0.6104656582
6872,0.6104585591
6873,0.6104481242
6874,0.6104381402
6875,0.6104280713
6876,0.6104211827
6877,0.610410636
6878,0.6104006048
6879,0.6103904784
6880,0.610383406
6881,0.6103729524
6882,0.6103629404
6883,0.6103530995
6884,0.6103462705
6885,0.6103357388
6886,0.6103256958
6887,0.6103156402
6888,0.6103085956
6889,0.6102981125
6890,0.6102881078
6891,0.61027819
6892,0.6102712836
6893,0.6102609048
6894,0.6102508994
6895,0.6102408026
6896,0.6102810948
6897,0.6103375238
6898,0.6103941018
6899,0.6104507686
6900,0.6109503997
6901,0.6109591584
6902,0.6109491468
6903,0.6109389874
6904,0.6109318834
6905,0.6109214771
6906,0.6109114287
6907,0.6109012808
6908,0.610894266
6909,0.6108838727
6910,0.6108738286
6911,0.6108638103
6912,0.6108569935
6913,0.61084636
6914,0.6108362854
6915,0.6108262532
6916,0.6108193347
6917,0.6108088895
6918,0.6107988217
6919,0.6107887128
6920,0.6107817499
6921,0.6107714209
6922,0.6107613298
6923,0.610751364
6924,0.6107443626
6925,0.6107335533
6926,0.610723532
6927,0.6107136204
6928,0.6107068101
6929,0.6106964399
6930,0.6106860474
6931,0.6106761466
6932,0.6106693137
6933,0.6106586033
6934,0.6106486055
6935,0.6106385463
6936,0.6106315662
6937,0.6106211783
6938,0.6106110722
6939,0.6106010152
6940,0.6105941301
6941,0.6105835984
6942,0.6105734883
6943,0.6105635507
6944,0.6105566793
6945,0.6105463728
6946,0.6105364007
6947,0.6105264437
6948,0.6105195844
6949,0.6105090636
6950,0.6104991002
6951,0.6104891156
6952,0.6104820704
6953,0.6104716192
6954,0.6104615702
6955,0.6104516358
6956,0.6104446442
6957,0.6104343778
6958,0.6104244322
6959,0.6104145615
6960,0.6104077596
6961,0.6103973162
6962,0.6103874342
6963,0.6103774247
6964,0.6103704849
6965,0.6103601576
6966,0.610350169
6967,0.6103403359
6968,0.6103334317
6969,0.6103231199
6970,0.6103132486
6971,0.6103034142
6972,0.6102966415
6973,0.6102862814
6974,0.6102764217
6975,0.610266604
6976,0.6102598056
6977,0.6102493624
6978,0.6102393905
6979,0.6102293493
6980,0.6102225554
6981,0.6102122779
6982,0.610202424
6983,0.6101926078
6984,0.6101857054
6985,0.6101754171
6986,0.61016543
6987,0.6101556211
6988,0.6101487812
6989,0.610138462
6990,0.6101286859
6991,0.6101188869
6992,0.6101119717
6993,0.6101017771
6994,0.6100917726
6995,0.6100821409
6996,0.6101218169
6997,0.6101774387
6998,0.6102332824
6999,0.6102893232
7000,0.6107831688
7001,0.6107919029
7002,0.6107819213
7003,0.6107720778
7004,0.6107655053
7005,0.6107553904
7006,0.6107456598
7007,0.6107359655
7008,0.6107293047
7009,0.6107190264
7010,0.6107092429
7011,0.6106995569
7012,0.6106929541
7013,0.6106828663
7014,0.610673243
7015,0.6106634499
7016,0.610656766
7017,0.6106466877
7018,0.6106369866
7019,0.6106273828
7020,0.6106205928
7021,0.6106104791
7022,0.6106007742
7023,0.6105911438
7024,0.610584552
7025,0.6105745944
7026,0.6105649577
7027,0.610555277
7028,0.6105487107
7029,0.6105386288
7030,0.6105290891
7031,0.6105194262
7032,0.6105127068
7033,0.6105025884
7034,0.6104930756
7035,0.6104834831
7036,0.610476971
7037,0.6104669789
7038,0.6104574223
7039,0.6104477074
7040,0.6104411929
7041,0.6104310809
7042,0.6104212948
7043,0.6104117605
7044,0.6104051021
7045,0.6103951297
7046,0.610385557
7047,0.6103759503
7048,0.6103695145
7049,0.6103593989
7050,0.6103498681
7051,0.6103403026
7052,0.6103334909
7053,0.6103233994
7054,0.6103138917
7055,0.6103043292
7056,0.6102977147
7057,0.6102876731
7058,0.6102781259
7059,0.6102686382
7060,0.6102620254
7061,0.610252069
7062,0.6102423407
7063,0.6102328929
7064,0.6102263007
7065,0.6102164793
7066,0.6102069771
7067,0.6101973553
7068,0.6101909675
7069,0.6101812167
7070,0.6101715011
7071,0.6101620016
7072,0.6101555049
7073,0.6101454996
7074,0.6101360103
7075,0.6101263583
7076,0.6101199332
7077,0.6101101267
7078,0.6101006916
7079,0.6100912652
7080,0.6100848578
7081,0.6100750832
7082,0.6100656424
7083,0.610056172
7084,0.6100497663
7085,0.6100403241
7086,0.6100308193
7087,0.6100212292
7088,0.6100146929
7089,0.6100049339
7090,0.6099952679
7091,0.6099858661
7092,0.6099796055
7093,0.6099696029
7094,0.6099602072
7095,0.6099507975
7096,0.6099902273
7097,0.6100456679
7098,0.6101011861
7099,0.610156829
7100,0.6106485162
7101,0.6106573623
7102,0.6106475732
7103,0.6106380978
7104,0.610631696
7105,0.6106216951
7106,0.6106119778
7107,0.6106025712
7108,0.6105961185
7109,0.6105863325
7110,0.6105767602
7111,0.6105671636
7112,0.6105605542
7113,0.6105507467
7114,0.610541182
7115,0.6105317633
7116,0.6105254096
7117,0.6105156762
7118,0.6105060377
7119,0.6104964034
7120,0.6104898747
7121,0.6104801671
7122,0.610470681
7123,0.6104610829
7124,0.6104547068
7125,0.6104446881
7126,0.6104352527
7127,0.6104258368
7128,0.6104194972
7129,0.6104096088
7130,0.6104001428
7131,0.6103907612
7132,0.610384434
7133,0.6103744499
7134,0.6103648621
7135,0.6103553438
7136,0.6103487476
7137,0.6103389879
7138,0.6103293862
7139,0.6103200668
7140,0.6103137162
7141,0.6103039941
7142,0.6102946536
7143,0.6102852784
7144,0.6102787358
7145,0.6102690082
7146,0.6102596297
7147,0.6102503015
7148,0.6102438423
7149,0.6102341274
7150,0.6102247852
7151,0.6102154359
7152,0.6102091125
7153,0.6101992375
7154,0.6101898657
7155,0.6101804173
7156,0.6101742857
7157,0.6101644282
7158,0.6101551045
7159,0.6101455574
7160,0.6101392788
7161,0.6101296671
7162,0.6101201925
7163,0.6101108877
7164,0.6101046277
7165,0.6100949104
7166,0.6100855155
7167,0.6100761536
7168,0.610069821
7169,0.6100599373
7170,0.6100506533
7171,0.6100410093
7172,0.6100347674
7173,0.6100251772
7174,0.6100158885
7175,0.6100066189
7176,0.610000205
7177,0.6099903318
7178,0.6099810389
7179,0.6099717441
7180,0.6099655298
7181,0.6099557152
7182,0.609946271
7183,0.6099370902
7184,0.6099306595
7185,0.6099211665
7186,0.609911891
7187,0.6099027775
7188,0.6098964335
7189,0.6098867141
7190,0.6098774962
7191,0.6098682889
7192,0.6098621342
7193,0.6098525849
7194,0.6098433676
7195,0.6098339615
7196,0.6098729612
7197,0.6099276434
7198,0.6099825582
7199,0.6100374602
7200,0.6104566965
7201,0.6104654901
7202,0.610456268
7203,0.6104470738
7204,0.6104408649
7205,0.6104317317
7206,0.6104225193
7207,0.610413256
7208,0.6104070719
7209,0.6103973641
7210,0.6103880834
7211,0.6103789032
7212,0.6103727421
7213,0.6103629719
7214,0.6103536317
7215,0.6103443399
7216,0.6103382249
7217,0.6103286026
7218,0.6103193764
7219,0.6103101731
7220,0.6103039879
7221,0.6102943409
7222,0.6102850662
7223,0.6102759193
7224,0.6102696559
7225,0.6102600792
7226,0.61025081
7227,0.6102415986
7228,0.6102353495
7229,0.6102255884
7230,0.6102163005
7231,0.6102071805
7232,0.6102009068
7233,0.6101913353
7234,0.6101819314
7235,0.6101728177
7236,0.6101665025
7237,0.6101568548
7238,0.6101476557
7239,0.6101384079
7240,0.6101323173
7241,0.6101226414
7242,0.6101133147
7243,0.6101041473
7244,0.6100977982
7245,0.6100882085
7246,0.6100790506
7247,0.6100696911
7248,0.6100635246
7249,0.610054082
7250,0.6100449066
7251,0.6100358292
7252,0.6100297522
7253,0.6100201383
7254,0.6100109908
7255,0.6100016359
7256,0.6099954724
7257,0.609986081
7258,0.6099769778
7259,0.6099679735
7260,0.6099619177
7261,0.6099527741
7262,0.6099436103
7263,0.6099345852
7264,0.6099285264
7265,0.6099190039
7266,0.6099098451
7267,0.6099007914
7268,0.6098947803
7269,0.6098852124
7270,0.6098759118
7271,0.6098666158
7272,0.6098606813
7273,0.6098509876
7274,0.6098418178
7275,0.6098325867
7276,0.6098265833
7277,0.6098170701
7278,0.6098080683
7279,0.609799085
7280,0.6097930679
7281,0.6097836366
7282,0.6097745018
7283,0.609765484
7284,0.6097594533
7285,0.6097498387
7286,0.609740525
7287,0.6097314948
7288,0.6097253369
7289,0.6097157485
7290,0.6097066074
7291,0.6096975134
7292,0.6096915608
7293,0.609682133
7294,0.6096730956
7295,0.6096639321
7296,0.609702744
7297,0.6097569245
7298,0.6098112035
7299,0.6098657008
7300,0.610290902
7301,0.6102998641
7302,0.6102907871
7303,0.610281694
7304,0.6102755579
7305,0.6102660666
7306,0.6102569305
7307,0.6102484061
7308,0.6102424394
7309,0.6102330934
7310,0.6102239514
7311,0.6102150492
7312,0.6102092347
7313,0.6101998937
7314,0.6101909893
7315,0.6101821593
7316,0.6101763344
7317,0.6101671479
7318,0.6101581702
7319,0.6101492438
7320,0.6101431664
7321,0.6101338809
7322,0.6101249113
7323,0.6101160487
7324,0.6101099563
7325,0.6101005607
7326,0.6100916373
7327,0.6100827715
7328,0.6100768417
7329,0.6100676061
7330,0.610058703
7331,0.6100496854
7332,0.6100438552
7333,0.6100345791
7334,0.6100257183
7335,0.6100169889
7336,0.6100111939
7337,0.6100020855
7338,0.6099932779
7339,0.6099842728
7340,0.6099784549
7341,0.609969255
7342,0.6099601981
7343,0.6099512117
7344,0.6099452684
7345,0.6099361184
7346,0.6099272537
7347,0.609918514
7348,0.609912701
7349,0.6099034357
7350,0.6098943595
7351,0.6098855385
7352,0.6098799396
7353,0.6098706564
7354,0.6098618153
7355,0.609853026
7356,0.6098471262
7357,0.609837994
7358,0.6098291347
7359,0.6098203926
7360,0.6098145642
7361,0.6098055099
7362,0.6097967546
7363,0.6097877411
7364,0.6097818479
7365,0.6097727033
7366,0.609763879
7367,0.6097549072
7368,0.6097490255
7369,0.6097400124
7370,0.6097311823
7371,0.6097224007
7372,0.6097167105
7373,0.6097075097
7374,0.6096987413
7375,0.6096900467
7376,0.609684172
7377,0.609674833
7378,0.6096658375
7379,0.6096569891
7380,0.6096512922
7381,0.6096419727
7382,0.6096332321
7383,0.6096245401
7384,0.6096189123
7385,0.6096096294
7386,0.6096008969
7387,0.6095921574
7388,0.6095864739
7389,0.6095774304
7390,0.6095687286
7391,0.6095599077
7392,0.6095543289
7393,0.6095452291
7394,0.6095364799
7395,0.6095278057
7396,0.609566263
7397,0.6096198578
7398,0.6096736523
7399,0.6097275842
7400,0.6101715963
7401,0.610180659
7402,0.6101716969
7403,0.6101628685
7404,0.6101570499
7405,0.610147732
7406,0.6101388933
7407,0.6101302083
7408,0.61012451
7409,0.6101151995
7410,0.6101063961
7411,0.610097543
7412,0.6100918409
7413,0.6100825564
7414,0.6100738575
7415,0.6100651432
7416,0.6100591301
7417,0.6100500043
7418,0.6100412677
7419,0.6100323631
7420,0.610026634
7421,0.6100175509
7422,0.6100087722
7423,0.6099999065
7424,0.6099940577
7425,0.6099848401
7426,0.6099762163
7427,0.609967516
7428,0.6099618059
7429,0.6099526404
7430,0.6099438674
7431,0.6099351502
7432,0.609929412
7433,0.6099203111
7434,0.6099115904
7435,0.609903161
7436,0.609897435
7437,0.6098883317
7438,0.6098796075
7439,0.6098710013
7440,0.6098651004
7441,0.609855883
7442,0.6098471741
7443,0.6098385593
7444,0.6098329376
7445,0.6098238929
7446,0.6098149946
7447,0.6098063096
7448,0.6098004359
7449,0.6097911605
7450,0.6097825064
7451,0.6097738633
7452,0.6097681775
7453,0.6097591947
7454,0.6097505137
7455,0.6097418968
7456,0.6097362021
7457,0.6097271741
7458,0.6097185452
7459,0.6097098928
7460,0.6097042087
7461,0.6096952076
7462,0.6096866286
7463,0.6096780892
7464,0.6096721569
7465,0.6096633391
7466,0.6096547394
7467,0.6096462761
7468,0.6096405663
7469,0.6096317097
7470,0.6096230967
7471,0.6096144358
7472,0.6096087899
7473,0.6095998585
7474,0.6095912676
7475,0.6095826505
7476,0.609576943
7477,0.609567951
7478,0.6095590935
7479,0.6095506148
7480,0.6095450162
7481,0.6095360334
7482,0.6095274246
7483,0.6095188947
7484,0.6095131903
7485,0.6095043083
7486,0.6094955341
7487,0.6094867624
7488,0.609481134
7489,0.6094726806
7490,0.6094640166
7491,0.6094555095
7492,0.6094499427
7493,0.6094409804
7494,0.6094324402
7495,0.6094239124
7496,0.6094619341
7497,0.6095150008
7498,0.6095681551
7499,0.6096215103
7500,0.6100573093
7501,0.6100663057
7502,0.6100576553
7503,0.610049123
7504,0.6100434676
7505,0.6100345401
7506,0.6100259206
7507,0.6100178364
7508,0.6100121446
7509,0.6100032532
7510,0.6099946546
7511,0.6099861112
7512,0.6099802345
7513,0.6099712573
7514,0.6099626772
7515,0.6099541175
7516,0.6099484387
7517,0.6099394735
7518,0.609930895
7519,0.6099223859
7520,0.6099167175
7521,0.6099078463
7522,0.6098992567
7523,0.6098907387
7524,0.6098850372
7525,0.6098762552
7526,0.6098676823
7527,0.6098591305
7528,0.6098534821
7529,0.609844599
7530,0.6098360259
7531,0.6098275149
7532,0.609821941
7533,0.609813026
7534,0.6098044148
7535,0.6097959013
7536,0.6097902601
7537,0.6097813629
7538,0.6097727935
7539,0.6097643815
7540,0.6097588212
7541,0.6097499661
7542,0.6097412161
7543,0.6097327303
7544,0.609727054
7545,0.6097182576
7546,0.6097097536
7547,0.6097012049
7548,0.6096956647
7549,0.6096866404
7550,0.6096781107
7551,0.6096694823
7552,0.609663966
7553,0.6096550755
7554,0.6096466398
7555,0.6096382095
7556,0.6096326438
7557,0.6096238188
7558,0.6096153063
7559,0.6096068951
7560,0.6096013331
7561,0.6095925522
7562,0.6095841731
7563,0.6095757678
7564,0.6095701971
7565,0.6095614404
7566,0.6095529767
7567,0.609544592
7568,0.6095390114
7569,0.6095300798
7570,0.6095217043
7571,0.6095133843
7572,0.6095078005
7573,0.6094990797
7574,0.6094906721
7575,0.6094821044
7576,0.6094766332
7577,0.6094678884
7578,0.6094594276
7579,0.6094508337
7580,0.6094453495
7581,0.6094365591
7582,0.6094281344
7583,0.6094197725
7584,0.6094142744
7585,0.609405494
7586,0.6093970583
7587,0.6093887075
7588,0.6093832863
7589,0.6093744649
7590,0.6093660698
7591,0.6093575785
7592,0.6093522306
7593,0.6093433566
7594,0.6093347152
7595,0.6093261734
7596,0.6093637047
7597,0.6094162417
7598,0.6094690188
7599,0.6095215966
7600,0.6099635824
7601,0.6099724523
7602,0.6099639974
7603,0.6099556094
7604,0.6099501556
7605,0.6099413906
7606,0.6099329103
7607,0.6099245198
7608,0.609919051
7609,0.609910016
7610,0.6099015654
7611,0.6098931356
7612,0.6098877212
7613,0.6098788782
7614,0.6098704323
7615,0.6098619922
7616,0.6098565037
7617,0.6098477246
7618,0.6098393305
7619,0.6098309757
7620,0.6098254277
7621,0.6098167751
7622,0.6098081597
7623,0.6097997455
7624,0.6097941187
7625,0.6097854382
7626,0.6097770841
7627,0.6097687346
7628,0.6097632821
7629,0.6097546916
7630,0.6097462928
7631,0.6097379524
7632,0.6097324156
7633,0.6097237594
7634,0.6097153603
7635,0.6097069864
7636,0.609701533
7637,0.6096927573
7638,0.6096844248
7639,0.6096761259
7640,0.6096705376
7641,0.6096618192
7642,0.6096535121
7643,0.6096452724
7644,0.6096398627
7645,0.609631237
7646,0.6096228726
7647,0.6096146407
7648,0.6096092424
7649,0.6096006507
7650,0.6095923997
7651,0.6095838643
7652,0.6095785157
7653,0.6095697878
7654,0.6095614207
7655,0.6095531533
7656,0.6095477723
7657,0.6095391041
7658,0.6095307898
7659,0.6095222963
7660,0.6095168247
7661,0.6095084062
7662,0.6095000729
7663,0.6094918081
7664,0.6094864388
7665,0.6094776018
7666,0.6094692558
7667,0.609460971
7668,0.6094553849
7669,0.6094470516
7670,0.6094388065
7671,0.609430627
7672,0.6094252088
7673,0.6094166347
7674,0.6094084177
7675,0.6093999659
7676,0.6093946127
7677,0.6093857706
7678,0.6093773003
7679,0.6093690865
7680,0.6093637365
7681,0.6093551278
7682,0.6093468796
7683,0.6093386197
7684,0.6093329885
7685,0.609324159
7686,0.6093159112
7687,0.6093075262
7688,0.6093022013
7689,0.6092936045
7690,0.6092853904
7691,0.6092771955
7692,0.6092716147
7693,0.6092631728
7694,0.6092549056
7695,0.6092467093
7696,0.6092840235
7697,0.6093359831
7698,0.6093880796
7699,0.6094403881
7700,0.6098583328
7701,0.6098673715
7702,0.6098592251
7703,0.6098511616
7704,0.6098459171
7705,0.60983714
7706,0.6098290793
7707,0.6098209913
7708,0.6098156928
7709,0.6098072731
7710,0.609799089
7711,0.6097909985
7712,0.6097856573
7713,0.6097772498
7714,0.6097695097
7715,0.6097613897
7716,0.6097561107
7717,0.6097476771
7718,0.6097395842
7719,0.6097315141
7720,0.6097264004
7721,0.6097180462
7722,0.6097099128
7723,0.6097018975
7724,0.6096966751
7725,0.6096882535
7726,0.6096801342
7727,0.6096720588
7728,0.6096668257
7729,0.6096583889
7730,0.6096502656
7731,0.6096421773
7732,0.6096369129
7733,0.6096285085
7734,0.609620395
7735,0.6096123201
7736,0.6096069925
7737,0.6095986676
7738,0.6095905513
7739,0.6095825921
7740,0.6095773729
7741,0.6095690065
7742,0.609560945
7743,0.609553014
7744,0.6095477706
7745,0.6095393814
7746,0.6095313183
7747,0.6095232728
7748,0.6095180903
7749,0.6095096672
7750,0.6095016166
7751,0.6094937209
7752,0.609488492
7753,0.609480263
7754,0.6094721494
7755,0.6094641253
7756,0.6094588831
7757,0.6094504807
7758,0.6094423739
7759,0.6094343473
7760,0.6094290926
7761,0.6094207816
7762,0.6094126873
7763,0.6094046954
7764,0.6093994827
7765,0.6093910756
7766,0.6093830321
7767,0.6093750326
7768,0.6093697775
7769,0.6093614281
7770,0.6093534265
7771,0.609345463
7772,0.6093402788
7773,0.6093319499
7774,0.6093238905
7775,0.6093158588
7776,0.6093106563
7777,0.6093023959
7778,0.6092943426
7779,0.6092863232
7780,0.609281047
7781,0.6092728566
7782,0.6092648658
7783,0.6092568653
7784,0.6092516779
7785,0.6092434639
7786,0.6092354652
7787,0.6092275324
7788,0.6092224083
7789,0.6092140737
7790,0.6092060792
7791,0.6091981016
7792,0.6091929156
7793,0.609184699
7794,0.6091766963
7795,0.6091687974
7796,0.6092062056
7797,0.6092574784
7798,0.6093090266
7799,0.6093605968
7800,0.6097732856
7801,0.609782334
7802,0.6097742885
7803,0.6097662693
7804,0.6097610507
7805,0.6097528503
7806,0.6097447835
7807,0.6097367239
7808,0.6097315321
7809,0.6097232008
7810,0.6097153558
7811,0.6097075135
7812,0.6097022918
7813,0.6096939857
7814,0.6096862594
7815,0.6096783003
7816,0.6096731718
7817,0.6096649265
7818,0.6096569459
7819,0.609649161
7820,0.6096440344
7821,0.6096358066
7822,0.6096278703
7823,0.6096199915
7824,0.6096147948
7825,0.6096065593
7826,0.6095985175
7827,0.6095905715
7828,0.609585525
7829,0.6095773296
7830,0.6095692397
7831,0.6095612258
7832,0.6095560052
7833,0.609547742
7834,0.6095398068
7835,0.6095318179
7836,0.6095265903
7837,0.6095184243
7838,0.6095103549
7839,0.6095023593
7840,0.6094971093
7841,0.6094887774
7842,0.6094808262
7843,0.6094728416
7844,0.6094676362
7845,0.6094594295
7846,0.609451472
7847,0.6094435153
7848,0.6094384022
7849,0.6094302946
7850,0.6094223815
7851,0.6094144129
7852,0.609409367
7853,0.6094012089
7854,0.6093932039
7855,0.6093852701
7856,0.6093800996
7857,0.609371799
7858,0.609363781
7859,0.6093557792
7860,0.609350602
7861,0.6093423417
7862,0.6093343954
7863,0.6093264551
7864,0.6093213109
7865,0.6093130794
7866,0.6093051157
7867,0.6092971533
7868,0.6092920852
7869,0.6092839615
7870,0.6092760076
7871,0.6092680519
7872,0.6092628785
7873,0.6092547591
7874,0.6092469004
7875,0.6092390481
7876,0.6092338659
7877,0.6092256631
7878,0.6092177659
7879,0.6092098204
7880,0.6092046727
7881,0.6091964654
7882,0.60918854
7883,0.60918048
7884,0.609175163
7885,0.6091667181
7886,0.6091586853
7887,0.6091506588
7888,0.6091453301
7889,0.6091371706
7890,0.6091290616
7891,0.6091209511
7892,0.609115646
7893,0.6091073074
7894,0.6090992425
7895,0.6090912401
7896,0.6091277755
7897,0.6091782015
7898,0.6092287333
7899,0.6092794636
7900,0.6096699303
7901,0.609678446
7902,0.6096703341
7903,0.6096622639
7904,0.6096570312
7905,0.6096485785
7906,0.6096404111
7907,0.6096323613
7908,0.6096270643
7909,0.6096187232
7910,0.6096106267
7911,0.6096025512
7912,0.6095972877
7913,0.6095890274
7914,0.6095809635
7915,0.6095728509
7916,0.6095675269
7917,0.6095591588
7918,0.6095510602
7919,0.6095429894
7920,0.6095375973
7921,0.6095291372
7922,0.6095209031
7923,0.6095127238
7924,0.6095072144
7925,0.6094988099
7926,0.6094905676
7927,0.6094823946
7928,0.6094768031
7929,0.6094684484
7930,0.6094602524
7931,0.609452107
7932,0.6094466493
7933,0.6094381577
7934,0.6094299363
7935,0.6094217409
7936,0.6094163278
7937,0.6094079239
7938,0.6093997599
7939,0.6093915809
7940,0.6093860792
7941,0.6093776202
7942,0.6093695975
7943,0.6093614376
7944,0.6093560236
7945,0.60934748
7946,0.6093392672
7947,0.6093310781
7948,0.6093256118
7949,0.6093172055
7950,0.6093090084
7951,0.6093008815
7952,0.6092954606
7953,0.6092870428
7954,0.6092787841
7955,0.6092706147
7956,0.6092651662
7957,0.6092567584
7958,0.6092485718
7959,0.6092404734
7960,0.6092350482
7961,0.6092266133
7962,0.6092184192
7963,0.6092102676
7964,0.6092048384
7965,0.6091963782
7966,0.6091882614
7967,0.6091800882
7968,0.609174676
7969,0.6091663198
7970,0.6091581924
7971,0.609150072
7972,0.6091445801
7973,0.6091362608
7974,0.6091280595
7975,0.6091199031
7976,0.6091143848
7977,0.609106046
7978,0.6090977783
7979,0.6090896161
7980,0.6090841457
7981,0.6090758923
7982,0.6090676505
7983,0.6090595432
7984,0.6090540476
7985,0.6090456805
7986,0.6090375503
7987,0.6090293779
7988,0.6090240654
7989,0.609015725
7990,0.6090076039
7991,0.6089994806
7992,0.6089940365
7993,0.6089857062
7994,0.6089775734
7995,0.6089694715
7996,0.6090049122
7997,0.6090543508
7998,0.609103888
7999,0.6091535426
8000,0.6095487851
8001,0.6095569876
8002,0.6095487791
8003,0.6095405691
8004,0.6095350726
8005,0.6095267677
8006,0.6095185356
8007,0.6095103466
8008,0.6095048373
8009,0.6094964347
8010,0.6094881886
8011,0.6094800164
8012,0.6094745055
8013,0.6094662011
8014,0.6094579852
8015,0.6094497961
8016,0.6094444173
8017,0.6094360275
8018,0.6094278062
8019,0.6094196246
8020,0.6094140672
8021,0.6094056515
8022,0.6093974409
8023,0.6093892532
8024,0.6093836872
8025,0.6093753051
8026,0.6093670675
8027,0.6093589386
8028,0.6093534619
8029,0.6093449865
8030,0.6093367548
8031,0.6093285641
8032,0.6093231162
8033,0.6093146328
8034,0.6093064444
8035,0.6092982677
8036,0.6092928242
8037,0.6092844317
8038,0.6092762085
8039,0.6092680829
8040,0.6092626169
8041,0.6092542148
8042,0.6092460032
8043,0.609237827
8044,0.6092325244
8045,0.6092240249
8046,0.609215817
8047,0.6092076899
8048,0.6092022443
8049,0.6091938798
8050,0.6091856976
8051,0.6091775773
8052,0.6091721279
8053,0.6091637425
8054,0.6091556341
8055,0.6091474986
8056,0.6091420224
8057,0.6091337816
8058,0.6091256496
8059,0.6091175576
8060,0.6091120551
8061,0.609103788
8062,0.6090955473
8063,0.6090874536
8064,0.6090819592
8065,0.6090736379
8066,0.609065474
8067,0.6090573067
8068,0.6090518582
8069,0.6090435015
8070,0.6090354007
8071,0.6090272868
8072,0.6090219788
8073,0.6090136088
8074,0.6090054431
8075,0.6089973116
8076,0.6089918142
8077,0.6089835034
8078,0.6089753226
8079,0.6089672719
8080,0.608961814
8081,0.6089536439
8082,0.6089454633
8083,0.6089374761
8084,0.608932048
8085,0.6089237022
8086,0.6089155892
8087,0.6089075654
8088,0.6089020956
8089,0.608893661
8090,0.6088855279
8091,0.6088774177
8092,0.6088719585
8093,0.6088636031
8094,0.6088554136
8095,0.6088473233
8096,0.6088822039
8097,0.6089307291
8098,0.6089794287
8099,0.6090282025
8100,0.6094177913
8101,0.6094258011
8102,0.6094176058
8103,0.6094093973
8104,0.6094039314
8105,0.6093955169
8106,0.6093873355
8107,0.6093791711
8108,0.6093736973
8109,0.6093651798
8110,0.6093569581
8111,0.6093487708
8112,0.6093432379
8113,0.6093349056
8114,0.6093266992
8115,0.609318556
8116,0.6093130256
8117,0.6093048038
8118,0.6092966327
8119,0.6092886257
8120,0.6092831007
8121,0.6092747026
8122,0.6092665082
8123,0.6092583481
8124,0.6092528647
8125,0.6092444571
8126,0.6092362937
8127,0.6092281301
8128,0.6092225743
8129,0.6092142023
8130,0.6092060096
8131,0.6091978755
8132,0.6091925081
8133,0.60918399
8134,0.6091758078
8135,0.6091676352
8136,0.6091621115
8137,0.6091538318
8138,0.6091457349
8139,0.6091376385
8140,0.6091322129
8141,0.6091239321
8142,0.6091157948
8143,0.6091076607
8144,0.6091021745
8145,0.6090937447
8146,0.6090855688
8147,0.6090774569
8148,0.6090719964
8149,0.6090636436
8150,0.6090554458
8151,0.609047289
8152,0.6090416677
8153,0.609033208
8154,0.6090248632
8155,0.6090165907
8156,0.6090110239
8157,0.6090026537
8158,0.6089943391
8159,0.6089861462
8160,0.6089805591
8161,0.6089720987
8162,0.6089637837
8163,0.6089556122
8164,0.6089500015
8165,0.6089414752
8166,0.6089331549
8167,0.6089248372
8168,0.6089190945
8169,0.6089104653
8170,0.6089020464
8171,0.608893665
8172,0.6088879064
8173,0.6088797197
8174,0.6088713388
8175,0.6088630221
8176,0.6088573168
8177,0.6088487779
8178,0.608840388
8179,0.6088320637
8180,0.608826333
8181,0.6088178221
8182,0.6088094167
8183,0.6088010476
8184,0.6087954671
8185,0.608786735
8186,0.6087784746
8187,0.6087701793
8188,0.6087645162
8189,0.6087558545
8190,0.6087474427
8191,0.6087391217
8192,0.6087334525
8193,0.6087248327
8194,0.6087164476
8195,0.6087080874
8196,0.6087420263
8197,0.6087893135
8198,0.6088368395
8199,0.6088844094
8200,0.609267424
8201,0.6092747935
8202,0.6092664262
8203,0.6092581365
8204,0.6092524523
8205,0.609243809
8206,0.6092354959
8207,0.6092271383
8208,0.6092213592
8209,0.6092126768
8210,0.6092041811
8211,0.6091957803
8212,0.6091900304
8213,0.6091813109
8214,0.6091728252
8215,0.6091644413
8216,0.609158723
8217,0.6091500048
8218,0.6091415761
8219,0.6091330864
8220,0.6091274061
8221,0.6091187339
8222,0.6091102928
8223,0.6091019174
8224,0.6090961395
8225,0.6090875824
8226,0.6090791266
8227,0.6090707302
8228,0.6090649804
8229,0.6090563478
8230,0.6090479242
8231,0.6090395467
8232,0.6090337905
8233,0.6090250734
8234,0.6090166419
8235,0.6090082717
8236,0.6090025076
8237,0.6089938184
8238,0.6089854443
8239,0.6089770615
8240,0.6089713318
8241,0.6089627505
8242,0.6089542731
8243,0.6089458562
8244,0.6089401289
8245,0.6089315004
8246,0.6089230235
8247,0.6089146346
8248,0.6089089219
8249,0.6089002542
8250,0.6088918117
8251,0.60888355
8252,0.608877869
8253,0.6088691633
8254,0.6088607768
8255,0.6088524131
8256,0.6088467756
8257,0.6088380762
8258,0.6088297274
8259,0.6088213481
8260,0.6088157079
8261,0.6088070862
8262,0.6087986913
8263,0.6087903217
8264,0.6087846135
8265,0.608775975
8266,0.6087675438
8267,0.6087592014
8268,0.6087534158
8269,0.6087447786
8270,0.6087363817
8271,0.6087280265
8272,0.6087223031
8273,0.6087136628
8274,0.6087053585
8275,0.6086970034
8276,0.6086912547
8277,0.6086827943
8278,0.6086743995
8279,0.608666043
8280,0.6086603246
8281,0.6086516389
8282,0.6086432472
8283,0.6086349177
8284,0.6086291741
8285,0.608620616
8286,0.6086122071
8287,0.608603826
8288,0.6085981808
8289,0.6085896577
8290,0.6085812865
8291,0.6085729224
8292,0.6085672158
8293,0.6085585604
8294,0.6085502351
8295,0.6085419166
8296,0.6085753222
8297,0.6086217246
8298,0.6086682602
8299,0.6087149727
8300,0.6090932985
8301,0.609100402
8302,0.6090919645
8303,0.6090836233
8304,0.6090779418
8305,0.6090692177
8306,0.6090608349
8307,0.6090525184
8308,0.6090467478
8309,0.6090380519
8310,0.6090296973
8311,0.6090212856
8312,0.6090154851
8313,0.6090067673
8314,0.608998295
8315,0.6089899172
8316,0.6089841466
8317,0.608975467
8318,0.6089671088
8319,0.6089587336
8320,0.6089529644
8321,0.6089443719
8322,0.6089359634
8323,0.6089276538
8324,0.6089220034
8325,0.6089133111
8326,0.6089049513
8327,0.608896607
8328,0.6088908826
8329,0.608882178
8330,0.608873768
8331,0.6088653608
8332,0.6088596146
8333,0.6088510381
8334,0.6088426208
8335,0.6088342334
8336,0.608828503
8337,0.6088198761
8338,0.6088114747
8339,0.6088031657
8340,0.6087974776
8341,0.6087887882
8342,0.6087804191
8343,0.6087721118
8344,0.6087663519
8345,0.6087576912
8346,0.6087492745
8347,0.6087409134
8348,0.6087351663
8349,0.6087265415
8350,0.608718144
8351,0.6087102733
8352,0.6087045559
8353,0.6086959587
8354,0.6086875713
8355,0.6086793053
8356,0.6086735157
8357,0.6086649027
8358,0.6086564744
8359,0.6086480889
8360,0.6086424006
8361,0.6086338132
8362,0.6086253608
8363,0.6086169997
8364,0.608611321
8365,0.6086026655
8366,0.6085943348
8367,0.6085859619
8368,0.6085801951
8369,0.6085714664
8370,0.6085630737
8371,0.6085546766
8372,0.6085489098
8373,0.6085401192
8374,0.6085315742
8375,0.6085230886
8376,0.6085172733
8377,0.6085086431
8378,0.6085002165
8379,0.6084915843
8380,0.6084856834
8381,0.6084767784
8382,0.6084681156
8383,0.6084595388
8384,0.6084536193
8385,0.6084446776
8386,0.6084360075
8387,0.6084274057
8388,0.6084213921
8389,0.6084124374
8390,0.6084038181
8391,0.608395295
8392,0.6083893173
8393,0.6083804578
8394,0.6083718002
8395,0.6083632102
8396,0.6083956109
8397,0.608440864
8398,0.6084862504
8399,0.6085317052
8400,0.6089052118
8401,0.608911652
8402,0.6089029562
8403,0.6088942729
8404,0.6088882454
8405,0.6088792389
8406,0.6088705639
8407,0.6088618778
8408,0.6088559274
8409,0.6088469661
8410,0.6088382408
8411,0.6088295868
8412,0.6088235828
8413,0.6088145482
8414,0.6088058659
8415,0.6087971802
8416,0.6087911467
8417,0.6087822309
8418,0.6087735205
8419,0.6087647916
8420,0.6087586467
8421,0.6087497695
8422,0.6087410522
8423,0.6087324023
8424,0.608726293
8425,0.6087174634
8426,0.6087089363
8427,0.6087002303
8428,0.6086943158
8429,0.6086852661
8430,0.6086765954
8431,0.6086679337
8432,0.6086618656
8433,0.6086528772
8434,0.608644172
8435,0.6086354935
8436,0.6086295451
8437,0.6086206474
8438,0.6086119434
8439,0.6086032958
8440,0.6085972358
8441,0.6085884791
8442,0.6085798635
8443,0.6085712509
8444,0.6085653189
8445,0.608556349
8446,0.6085476648
8447,0.6085390004
8448,0.6085330142
8449,0.6085240364
8450,0.6085153549
8451,0.6085067133
8452,0.6085006544
8453,0.6084917486
8454,0.6084831126
8455,0.6084745724
8456,0.6084685464
8457,0.6084595414
8458,0.6084509077
8459,0.608442277
8460,0.6084361666
8461,0.6084273224
8462,0.6084186607
8463,0.6084100213
8464,0.6084040573
8465,0.6083951826
8466,0.6083865165
8467,0.6083779075
8468,0.6083718566
8469,0.6083629324
8470,0.6083542382
8471,0.6083455854
8472,0.6083395793
8473,0.6083306824
8474,0.6083220255
8475,0.6083134011
8476,0.6083073451
8477,0.6082984669
8478,0.6082897937
8479,0.6082811897
8480,0.6082751523
8481,0.6082662529
8482,0.6082576893
8483,0.6082491518
8484,0.6082431133
8485,0.6082342326
8486,0.6082256859
8487,0.6082170457
8488,0.6082110919
8489,0.6082021409
8490,0.6081934667
8491,0.6081849113
8492,0.6081788949
8493,0.6081699957
8494,0.6081613638
8495,0.6081527586
8496,0.6081845892
8497,0.6082289561
8498,0.6082735155
8499,0.60831809
8500,0.6086773486
8501,0.6086835732
8502,0.6086748491
8503,0.6086661404
8504,0.6086600203
8505,0.6086511427
8506,0.6086424422
8507,0.6086338034
8508,0.6086277208
8509,0.6086188258
8510,0.6086101259
8511,0.6086014719
8512,0.6085954404
8513,0.6085864739
8514,0.6085777662
8515,0.6085690756
8516,0.6085631081
8517,0.6085541794
8518,0.6085455452
8519,0.6085369066
8520,0.6085309393
8521,0.6085219486
8522,0.6085132658
8523,0.608504621
8524,0.6084984979
8525,0.6084896582
8526,0.608481003
8527,0.6084723692
8528,0.6084663504
8529,0.6084573791
8530,0.6084487332
8531,0.6084401317
8532,0.6084340993
8533,0.6084251466
8534,0.6084165006
8535,0.6084078534
8536,0.6084018293
8537,0.608392906
8538,0.6083842268
8539,0.6083756049
8540,0.6083695896
8541,0.6083606075
8542,0.6083519561
8543,0.6083433677
8544,0.6083373265
8545,0.608328457
8546,0.6083198096
8547,0.6083112015
8548,0.608305105
8549,0.6082961679
8550,0.6082874697
8551,0.6082788113
8552,0.6082728977
8553,0.6082638874
8554,0.6082552048
8555,0.6082465984
8556,0.6082405902
8557,0.6082316533
8558,0.6082230434
8559,0.608214548
8560,0.6082085136
8561,0.6081995788
8562,0.6081908533
8563,0.608182233
8564,0.6081761152
8565,0.6081672203
8566,0.6081585814
8567,0.6081499945
8568,0.6081439129
8569,0.6081349927
8570,0.608126333
8571,0.6081177096
8572,0.6081117308
8573,0.6081026679
8574,0.6080940116
8575,0.6080853473
8576,0.6080792582
8577,0.6080703054
8578,0.6080616732
8579,0.6080530474
8580,0.608046938
8581,0.6080378201
8582,0.6080289342
8583,0.6080201421
8584,0.6080138319
8585,0.608004726
8586,0.6079959348
8587,0.6079872427
8588,0.6079809692
8589,0.6079718314
8590,0.6079628947
8591,0.6079539678
8592,0.6079476921
8593,0.6079384256
8594,0.6079293296
8595,0.6079202064
8596,0.607950939
8597,0.6079939631
8598,0.6080370808
8599,0.6080803074
8600,0.608445627
8601,0.6084510845
8602,0.6084419625
8603,0.6084327943
8604,0.6084262899
8605,0.6084167373
8606,0.6084076725
8607,0.6083985257
8608,0.6083920046
8609,0.6083824734
8610,0.6083732989
8611,0.6083641604
8612,0.6083575646
8613,0.608348164
8614,0.6083389825
8615,0.6083298268
8616,0.6083233571
8617,0.6083138777
8618,0.608304744
8619,0.6082955727
8620,0.6082890132
8621,0.6082794376
8622,0.6082703242
8623,0.608261192
8624,0.6082546127
8625,0.6082451083
8626,0.6082359136
8627,0.6082267501
8628,0.6082201038
8629,0.6082105912
8630,0.6082013978
8631,0.608192226
8632,0.6081856403
8633,0.608176145
8634,0.6081669737
8635,0.6081578192
8636,0.608151215
8637,0.60814174
8638,0.6081325547
8639,0.6081234738
8640,0.6081169254
8641,0.608107416
8642,0.6080982484
8643,0.6080890829
8644,0.6080825262
8645,0.6080730979
8646,0.6080639571
8647,0.6080548239
8648,0.6080482423
8649,0.60803869
8650,0.6080295603
8651,0.6080205418
8652,0.6080139677
8653,0.6080045347
8654,0.6079954732
8655,0.6079864435
8656,0.6079797797
8657,0.607970321
8658,0.6079611508
8659,0.6079520229
8660,0.6079454466
8661,0.607935982
8662,0.6079268636
8663,0.6079177524
8664,0.6079111469
8665,0.6079017775
8666,0.6078926617
8667,0.6078835088
8668,0.607877003
8669,0.6078675752
8670,0.6078584937
8671,0.6078494067
8672,0.6078428308
8673,0.6078333222
8674,0.607824198
8675,0.6078151062
8676,0.6078084591
8677,0.6077990529
8678,0.6077899372
8679,0.6077808144
8680,0.6077741918
8681,0.6077647539
8682,0.6077557018
8683,0.6077465737
8684,0.6077400095
8685,0.6077306181
8686,0.6077215041
8687,0.6077124535
8688,0.6077059046
8689,0.6076964261
8690,0.6076872952
8691,0.6076783437
8692,0.6076717767
8693,0.6076623
8694,0.6076531261
8695,0.6076440642
8696,0.6076740767
8697,0.6077162666
8698,0.6077585472
8699,0.6078008801
8700,0.6081448913
8701,0.6081500083
8702,0.6081408842
8703,0.6081317687
8704,0.6081252294
8705,0.6081157813
8706,0.6081065957
8707,0.6080974212
8708,0.6080907758
8709,0.6080813156
8710,0.6080721242
8711,0.608062973
8712,0.6080563855
8713,0.6080468769
8714,0.6080376904
8715,0.6080286126
8716,0.6080219763
8717,0.6080124851
8718,0.6080032887
8719,0.6079941864
8720,0.6079875487
8721,0.6079781195
8722,0.6079690364
8723,0.607959944
8724,0.6079533578
8725,0.6079439331
8726,0.6079348133
8727,0.6079257138
8728,0.6079191277
8729,0.6079097794
8730,0.6079006473
8731,0.6078915616
8732,0.6078850067
8733,0.6078755716
8734,0.6078663933
8735,0.6078572869
8736,0.6078507188
8737,0.6078412702
8738,0.6078321531
8739,0.607823261
8740,0.6078167882
8741,0.6078073273
8742,0.6077982141
8743,0.6077890952
8744,0.6077825252
8745,0.6077730598
8746,0.6077639079
8747,0.6077547643
8748,0.6077481621
8749,0.6077387573
8750,0.6077296091
8751,0.6077205633
8752,0.6077139259
8753,0.6077044738
8754,0.6076953364
8755,0.6076862795
8756,0.6076796879
8757,0.6076703117
8758,0.6076612385
8759,0.6076521697
8760,0.6076455621
8761,0.6076361351
8762,0.6076270159
8763,0.6076179147
8764,0.6076112799
8765,0.6076018718
8766,0.6075927443
8767,0.6075836958
8768,0.607577122
8769,0.6075677089
8770,0.6075586368
8771,0.6075496016
8772,0.6075430492
8773,0.6075336242
8774,0.6075245775
8775,0.6075155516
8776,0.6075089727
8777,0.6074995607
8778,0.60749051
8779,0.6074814833
8780,0.6074749729
8781,0.6074654945
8782,0.6074562402
8783,0.6074471222
8784,0.6074403352
8785,0.6074308227
8786,0.6074216011
8787,0.6074123603
8788,0.6074055918
8789,0.6073961592
8790,0.6073868509
8791,0.6073775482
8792,0.6073708512
8793,0.6073612118
8794,0.6073520357
8795,0.6073429906
8796,0.6073724687
8797,0.6074137233
8798,0.6074551526
8799,0.6074965172
8800,0.6078372816
8801,0.6078419181
8802,0.6078324802
8803,0.607823113
8804,0.6078162226
8805,0.6078065498
8806,0.6077971679
8807,0.6077877925
8808,0.6077809023
8809,0.6077712004
8810,0.6077618195
8811,0.6077524386
8812,0.6077455617
8813,0.6077358065
8814,0.6077264367
8815,0.6077171175
8816,0.6077102766
8817,0.6077006561
8818,0.6076913072
8819,0.6076819936
8820,0.607675128
8821,0.6076654105
8822,0.6076560224
8823,0.6076467063
8824,0.6076398628
8825,0.6076301067
8826,0.6076207361
8827,0.6076113886
8828,0.6076044808
8829,0.6075947555
8830,0.6075853932
8831,0.6075760616
8832,0.6075690941
8833,0.6075593506
8834,0.6075499844
8835,0.6075406414
8836,0.6075337674
8837,0.6075240773
8838,0.6075146774
8839,0.6075053453
8840,0.6074984805
8841,0.6074887346
8842,0.6074793175
8843,0.6074700134
8844,0.6074630808
8845,0.6074533304
8846,0.6074439318
8847,0.607434594
8848,0.6074277244
8849,0.6074180552
8850,0.6074086744
8851,0.6073993675
8852,0.6073925364
8853,0.6073829488
8854,0.6073735492
8855,0.6073642271
8856,0.6073573292
8857,0.6073475886
8858,0.6073383012
8859,0.6073289276
8860,0.6073220431
8861,0.6073123442
8862,0.6073030173
8863,0.6072937302
8864,0.6072868679
8865,0.6072772804
8866,0.6072679028
8867,0.6072585377
8868,0.6072516583
8869,0.6072419613
8870,0.6072325759
8871,0.6072232325
8872,0.6072163085
8873,0.6072066639
8874,0.6071972831
8875,0.6071879188
8876,0.6071810049
8877,0.6071713399
8878,0.6071619978
8879,0.6071526609
8880,0.6071458031
8881,0.6071361454
8882,0.6071267642
8883,0.6071174142
8884,0.6071105544
8885,0.6071008498
8886,0.6070915729
8887,0.607082138
8888,0.6070751481
8889,0.6070653618
8890,0.6070558667
8891,0.6070464003
8892,0.607039453
8893,0.6070296353
8894,0.607020172
8895,0.6070107357
8896,0.6070391413
8897,0.6070791257
8898,0.6071194234
8899,0.6071595398
8900,0.6075620579
8901,0.6075660226
8902,0.6075563231
8903,0.6075466615
8904,0.6075393949
8905,0.6075293775
8906,0.6075197359
8907,0.6075101458
8908,0.6075028962
8909,0.6074929363
8910,0.6074832822
8911,0.6074736273
8912,0.6074664324
8913,0.6074564234
8914,0.6074467416
8915,0.6074370791
8916,0.6074298363
8917,0.6074197912
8918,0.6074101149
8919,0.6074004352
8920,0.6073932375
8921,0.6073832077
8922,0.6073736569
8923,0.6073640054
8924,0.6073567964
8925,0.6073467605
8926,0.607337045
8927,0.6073273877
8928,0.6073201176
8929,0.6073101206
8930,0.6073004212
8931,0.6072906875
8932,0.6072834729
8933,0.607273396
8934,0.6072637049
8935,0.6072540506
8936,0.60724681
8937,0.6072368547
8938,0.6072271734
8939,0.6072175264
8940,0.6072102871
8941,0.607200248
8942,0.6071905555
8943,0.6071809318
8944,0.6071737538
8945,0.6071637709
8946,0.6071540413
8947,0.6071443861
8948,0.6071372044
8949,0.6071271781
8950,0.607117463
8951,0.607107818
8952,0.6071005131
8953,0.6070904409
8954,0.6070806422
8955,0.6070709139
8956,0.6070636049
8957,0.6070535011
8958,0.6070437368
8959,0.6070339729
8960,0.6070266206
8961,0.6070165104
8962,0.6070067088
8963,0.6069969481
8964,0.6069896533
8965,0.6069795535
8966,0.6069697601
8967,0.6069600392
8968,0.6069527358
8969,0.6069426991
8970,0.6069329355
8971,0.6069231582
8972,0.6069157721
8973,0.6069057226
8974,0.6068959534
8975,0.6068861975
8976,0.6068790837
8977,0.606868965
8978,0.606859204
8979,0.6068494865
8980,0.6068421207
8981,0.6068318951
8982,0.6068219928
8983,0.6068121807
8984,0.6068047079
8985,0.6067944476
8986,0.6067845538
8987,0.6067747037
8988,0.6067672326
8989,0.6067570536
8990,0.6067471255
8991,0.6067372502
8992,0.6067298448
8993,0.6067196529
8994,0.6067097177
8995,0.6066998117
8996,0.606727118
8997,0.6067656419
8998,0.6068040932
8999,0.6068427204
9000,0.6071651808
9001,0.6071682196
9002,0.6071581004
9003,0.6071480252
9004,0.6071403145
9005,0.6071298531
9006,0.607119761
9007,0.6071097713
9008,0.6071020729
9009,0.6070916545
9010,0.6070815551
9011,0.6070715065
9012,0.6070638216
9013,0.6070533402
9014,0.60704326
9015,0.6070332251
9016,0.6070255511
9017,0.6070151977
9018,0.6070050897
9019,0.6069950118
9020,0.6069873045
9021,0.6069769023
9022,0.6069668045
9023,0.6069567503
9024,0.6069490154
9025,0.6069386028
9026,0.6069285803
9027,0.606918536
9028,0.6069108787
9029,0.6069004474
9030,0.6068903485
9031,0.6068803826
9032,0.606872671
9033,0.6068622393
9034,0.6068521237
9035,0.6068419934
9036,0.606834267
9037,0.6068238235
9038,0.6068136949
9039,0.6068036533
9040,0.6067959074
9041,0.6067855421
9042,0.6067754321
9043,0.60676539
9044,0.6067576227
9045,0.6067471311
9046,0.6067370103
9047,0.6067269259
9048,0.6067192122
9049,0.6067087905
9050,0.6066987016
9051,0.6066886287
9052,0.6066809133
9053,0.6066704684
9054,0.6066606604
9055,0.6066506298
9056,0.6066428831
9057,0.6066324813
9058,0.606622335
9059,0.6066122789
9060,0.6066045386
9061,0.6065941976
9062,0.6065840909
9063,0.6065740179
9064,0.6065663835
9065,0.6065559804
9066,0.6065458633
9067,0.6065357584
9068,0.6065279683
9069,0.6065173809
9070,0.6065071587
9071,0.6064969215
9072,0.6064891452
9073,0.6064785879
9074,0.6064683588
9075,0.6064581772
9076,0.6064504095
9077,0.6064398562
9078,0.6064297455
9079,0.6064195642
9080,0.6064117307
9081,0.6064011868
9082,0.6063908594
9083,0.6063806459
9084,0.6063727882
9085,0.606362302
9086,0.6063520178
9087,0.606341756
9088,0.606333717
9089,0.6063231254
9090,0.6063128011
9091,0.6063024385
9092,0.6062944356
9093,0.6062837909
9094,0.6062734105
9095,0.6062631103
9096,0.6062891667
9097,0.6063260905
9098,0.6063630702
9099,0.6064002703
9100,0.6067534172
9101,0.6067557399
9102,0.6067453607
9103,0.6067349878
9104,0.6067269765
9105,0.6067161759
9106,0.6067057884
9107,0.606695414
9108,0.6066873793
9109,0.6066767133
9110,0.6066663007
9111,0.6066558721
9112,0.60664778
9113,0.6066370658
9114,0.6066266404
9115,0.6066162103
9116,0.6066082047
9117,0.6065975419
9118,0.6065871357
9119,0.6065767008
9120,0.6065686085
9121,0.6065579429
9122,0.6065475106
9123,0.6065370789
9124,0.6065290549
9125,0.6065182966
9126,0.6065078475
9127,0.6064974752
9128,0.6064894147
9129,0.606478728
9130,0.606468266
9131,0.6064578379
9132,0.60644999
9133,0.6064392235
9134,0.6064288043
9135,0.6064183799
9136,0.6064102578
9137,0.6063995259
9138,0.6063891115
9139,0.6063787133
9140,0.6063706533
9141,0.6063599202
9142,0.6063494277
9143,0.6063390192
9144,0.606330865
9145,0.6063201756
9146,0.6063097435
9147,0.6062993293
9148,0.6062912509
9149,0.6062805294
9150,0.6062699669
9151,0.6062594308
9152,0.6062511395
9153,0.6062403991
9154,0.6062298185
9155,0.60621924
9156,0.6062109553
9157,0.6062001486
9158,0.6061895577
9159,0.6061790098
9160,0.6061706954
9161,0.6061601606
9162,0.6061496199
9163,0.6061392002
9164,0.606130961
9165,0.6061201018
9166,0.6061094982
9167,0.6060989742
9168,0.60609072
9169,0.6060799631
9170,0.6060692549
9171,0.6060585839
9172,0.6060501767
9173,0.6060392495
9174,0.6060285537
9175,0.6060178705
9176,0.6060094992
9177,0.6059985573
9178,0.605987824
9179,0.6059771329
9180,0.6059687326
9181,0.6059577763
9182,0.6059470679
9183,0.6059363756
9184,0.6059279398
9185,0.6059170169
9186,0.6059063053
9187,0.6058956883
9188,0.6058873194
9189,0.6058764058
9190,0.6058657069
9191,0.605855041
9192,0.6058466534
9193,0.6058356991
9194,0.6058250176
9195,0.6058144225
9196,0.6058395467
9197,0.6058750395
9198,0.6059107197
9199,0.6059465156
9200,0.6062917834
9201,0.6062933832
9202,0.606282693
9203,0.6062720101
9204,0.6062636345
9205,0.6062525962
9206,0.6062418918
9207,0.6062311287
9208,0.6062227129
9209,0.606211654
9210,0.6062008769
9211,0.6061905181
9212,0.606182094
9213,0.6061711056
9214,0.6061603862
9215,0.6061496305
9216,0.6061413236
9217,0.6061303026
9218,0.6061195456
9219,0.6061087802
9220,0.6061002887
9221,0.606089271
9222,0.606078294
9223,0.6060674199
9224,0.6060589558
9225,0.6060477986
9226,0.6060369424
9227,0.6060260975
9228,0.6060175798
9229,0.6060063547
9230,0.6059954762
9231,0.6059846378
9232,0.6059760916
9233,0.6059648713
9234,0.6059539951
9235,0.6059431603
9236,0.605934618
9237,0.6059234118
9238,0.6059125027
9239,0.6059016408
9240,0.6058931209
9241,0.6058818987
9242,0.6058710339
9243,0.6058601816
9244,0.6058516307
9245,0.6058404721
9246,0.6058295574
9247,0.605818601
9248,0.6058099594
9249,0.6057987371
9250,0.6057877276
9251,0.6057767302
9252,0.6057679726
9253,0.6057566437
9254,0.6057455875
9255,0.6057346289
9256,0.6057258917
9257,0.605714696
9258,0.6057036943
9259,0.6056927315
9260,0.6056840998
9261,0.6056727519
9262,0.6056616992
9263,0.6056507939
9264,0.6056421842
9265,0.6056308645
9266,0.6056198128
9267,0.605608815
9268,0.6056001449
9269,0.6055888157
9270,0.6055778248
9271,0.6055668191
9272,0.6055581659
9273,0.6055468906
9274,0.6055359113
9275,0.6055249211
9276,0.6055163121
9277,0.6055049546
9278,0.6054938978
9279,0.6054828789
9280,0.6054740676
9281,0.6054627993
9282,0.6054517163
9283,0.6054406539
9284,0.605431963
9285,0.6054204477
9286,0.6054092842
9287,0.6053981197
9288,0.6053893865
9289,0.6053779218
9290,0.6053668151
9291,0.6053556425
9292,0.6053467709
9293,0.6053353551
9294,0.6053241755
9295,0.6053130182
9296,0.6053369269
9297,0.6053708268
9298,0.6054049256
9299,0.6054389719
9300,0.6057764597
9301,0.6057771332
9302,0.6057659444
9303,0.6057547707
9304,0.6057458034
9305,0.605734359
9306,0.6057231072
9307,0.6057119367
9308,0.6057030053
9309,0.6056914653
9310,0.6056802181
9311,0.6056690004
9312,0.6056599941
9313,0.6056483033
9314,0.6056369477
9315,0.6056256313
9316,0.6056165468
9317,0.6056048884
9318,0.6055935365
9319,0.6055822204
9320,0.6055731213
9321,0.605561488
9322,0.6055500829
9323,0.6055387964
9324,0.6055296521
9325,0.6055181167
9326,0.6055067446
9327,0.6054954228
9328,0.6054863581
9329,0.605474758
9330,0.6054634358
9331,0.6054520746
9332,0.6054430185
9333,0.6054313069
9334,0.6054199134
9335,0.6054085493
9336,0.6053994485
9337,0.6053878043
9338,0.6053764333
9339,0.6053650974
9340,0.6053560071
9341,0.6053443071
9342,0.605332789
9343,0.6053213191
9344,0.6053121335
9345,0.6053002976
9346,0.6052888333
9347,0.6052773629
9348,0.6052681406
9349,0.6052563476
9350,0.6052448398
9351,0.6052333773
9352,0.6052241499
9353,0.6052123987
9354,0.605200935
9355,0.6051894589
9356,0.6051802319
9357,0.6051683804
9358,0.6051568434
9359,0.6051453508
9360,0.6051361897
9361,0.6051244047
9362,0.6051129126
9363,0.6051014049
9364,0.605092155
9365,0.6050803566
9366,0.6050688179
9367,0.6050573245
9368,0.6050478966
9369,0.6050360273
9370,0.6050243075
9371,0.6050126731
9372,0.6050032613
9373,0.6049914276
9374,0.6049797741
9375,0.6049681418
9376,0.6049587759
9377,0.6049467825
9378,0.6049350968
9379,0.6049234661
9380,0.6049141201
9381,0.6049021557
9382,0.6048905286
9383,0.6048789111
9384,0.6048695239
9385,0.6048576527
9386,0.604846069
9387,0.6048344671
9388,0.6048249348
9389,0.6048128666
9390,0.6048011257
9391,0.6047893958
9392,0.6047799263
9393,0.6047679566
9394,0.6047562004
9395,0.6047444146
9396,0.6047669427
9397,0.604799005
9398,0.6048311764
9399,0.6048634194
9400,0.6051791409
9401,0.605178751
9402,0.6051669977
9403,0.6051551879
9404,0.6051455653
9405,0.6051335539
9406,0.6051217614
9407,0.605109971
9408,0.6051003371
9409,0.6050883397
9410,0.6050765479
9411,0.605064766
9412,0.605055081
9413,0.6050430238
9414,0.6050311667
9415,0.6050192307
9416,0.6050093801
9417,0.6049972952
9418,0.6049853286
9419,0.6049733681
9420,0.6049635067
9421,0.6049514278
9422,0.6049394351
9423,0.6049275245
9424,0.6049176067
9425,0.6049056227
9426,0.6048936297
9427,0.6048815112
9428,0.6048714815
9429,0.6048592569
9430,0.6048471388
9431,0.6048350632
9432,0.604825069
9433,0.6048128812
9434,0.6048010197
9435,0.6047889797
9436,0.6047789533
9437,0.604766761
9438,0.6047545842
9439,0.6047424941
9440,0.6047324047
9441,0.6047202465
9442,0.6047081095
9443,0.6046959703
9444,0.6046858154
9445,0.6046736855
9446,0.6046615232
9447,0.6046493599
9448,0.6046390296
9449,0.6046269264
9450,0.6046146791
9451,0.6046024469
9452,0.6045920512
9453,0.6045800105
9454,0.6045677025
9455,0.6045554138
9456,0.6045449245
9457,0.6045328163
9458,0.6045203904
9459,0.6045079798
9460,0.6044973199
9461,0.6044853621
9462,0.6044729199
9463,0.6044605186
9464,0.6044498672
9465,0.604437831
9466,0.6044253232
9467,0.6044128508
9468,0.60440219
9469,0.6043900422
9470,0.6043775268
9471,0.604365049
9472,0.6043543859
9473,0.6043422138
9474,0.6043297605
9475,0.6043172025
9476,0.6043062623
9477,0.6042938581
9478,0.6042811327
9479,0.6042684113
9480,0.6042574985
9481,0.6042451045
9482,0.6042323238
9483,0.6042196282
9484,0.6042086566
9485,0.6041963081
9486,0.6041835499
9487,0.6041707677
9488,0.6041598115
9489,0.6041474405
9490,0.6041346739
9491,0.6041218664
9492,0.6041108852
9493,0.6040986403
9494,0.604085837
9495,0.6040730924
9496,0.6040941088
9497,0.6041233887
9498,0.6041528365
9499,0.6041823685
9500,0.6044659662
9501,0.6044637812
9502,0.6044509753
9503,0.6044381517
9504,0.6044271634
9505,0.6044149372
9506,0.6044021397
9507,0.6043893761
9508,0.6043783286
9509,0.604366127
9510,0.6043532474
9511,0.6043404762
9512,0.6043294717
9513,0.6043172799
9514,0.6043044996
9515,0.6042917422
9516,0.6042808554
9517,0.6042685635
9518,0.6042556729
9519,0.6042428301
9520,0.6042317458
9521,0.6042194212
9522,0.6042065055
9523,0.6041935921
9524,0.6041824747
9525,0.604170033
9526,0.6041571664
9527,0.6041442852
9528,0.6041331848
9529,0.6041210061
9530,0.6041082101
9531,0.6040953449
9532,0.6040843574
9533,0.6040722859
9534,0.6040594457
9535,0.604046641
9536,0.6040355564
9537,0.6040234558
9538,0.6040107245
9539,0.6039978928
9540,0.6039868988
9541,0.6039748315
9542,0.6039620354
9543,0.6039492996
9544,0.6039383116
9545,0.6039261648
9546,0.6039133759
9547,0.6039005705
9548,0.6038895502
9549,0.6038773224
9550,0.6038645009
9551,0.6038517009
9552,0.6038406779
9553,0.6038285236
9554,0.6038156899
9555,0.6038028602
9556,0.603791819
9557,0.603779648
9558,0.6037667604
9559,0.603753959
9560,0.6037429337
9561,0.6037307432
9562,0.6037179017
9563,0.6037050123
9564,0.6036937859
9565,0.6036816164
9566,0.6036688206
9567,0.6036559227
9568,0.6036449269
9569,0.6036325993
9570,0.603619868
9571,0.603607028
9572,0.6035959975
9573,0.6035838524
9574,0.6035709888
9575,0.6035581887
9576,0.603547179
9577,0.6035351843
9578,0.6035223957
9579,0.6035096937
9580,0.6034986974
9581,0.6034867286
9582,0.6034739921
9583,0.6034612557
9584,0.6034504075
9585,0.6034383916
9586,0.6034256439
9587,0.6034128701
9588,0.6034019529
9589,0.6033898848
9590,0.6033772113
9591,0.603364505
9592,0.6033536369
9593,0.6033416956
9594,0.603329039
9595,0.6033164069
9596,0.6033370885
9597,0.6033652919
9598,0.6033935705
9599,0.6034219583
9600,0.6037592705
9601,0.6037565632
9602,0.6037440019
9603,0.6037313467
9604,0.6037204519
9605,0.603708639
9606,0.6036959473
9607,0.6036833101
9608,0.6036724033
9609,0.6036605987
9610,0.6036479024
9611,0.6036353157
9612,0.6036244802
9613,0.6036127588
9614,0.6036002504
9615,0.6035877792
9616,0.6035769618
9617,0.6035652282
9618,0.6035527179
9619,0.6035401981
9620,0.6035292406
9621,0.6035175752
9622,0.6035050784
9623,0.6034926414
9624,0.6034819278
9625,0.6034704578
9626,0.6034579848
9627,0.6034455467
9628,0.6034348278
9629,0.6034233203
9630,0.6034109523
9631,0.6033985778
9632,0.6033878518
9633,0.6033763911
9634,0.6033639757
9635,0.6033516076
9636,0.6033409112
9637,0.6033295095
9638,0.603317131
9639,0.6033047274
9640,0.6032940322
9641,0.6032824592
9642,0.6032698951
9643,0.6032575535
9644,0.6032467728
9645,0.6032352805
9646,0.6032229308
9647,0.6032105932
9648,0.6031998976
9649,0.6031885064
9650,0.6031761361
9651,0.6031639363
9652,0.603153188
9653,0.6031419008
9654,0.6031295577
9655,0.6031172136
9656,0.6031064995
9657,0.6030951539
9658,0.6030830334
9659,0.6030708962
9660,0.6030603846
9661,0.6030491661
9662,0.6030370049
9663,0.6030248957
9664,0.6030143913
9665,0.603003247
9666,0.6029911682
9667,0.6029790797
9668,0.6029685542
9669,0.6029574703
9670,0.6029453824
9671,0.60293333
9672,0.6029228438
9673,0.6029118037
9674,0.6028997078
9675,0.6028876372
9676,0.6028771965
9677,0.6028661623
9678,0.6028540789
9679,0.6028419949
9680,0.6028315475
9681,0.6028204227
9682,0.6028083552
9683,0.6027963163
9684,0.6027858709
9685,0.6027747674
9686,0.602762745
9687,0.6027506968
9688,0.602740301
9689,0.6027291772
9690,0.6027171565
9691,0.6027051841
9692,0.602694747
9693,0.6026836257
9694,0.6026715889
9695,0.6026596013
9696,0.6026806968
9697,0.6027089588
9698,0.6027373627
9699,0.6027657695
9700,0.6030797711
9701,0.6030762745
9702,0.6030628813
9703,0.603049519
9704,0.6030377309
9705,0.6030247984
9706,0.6030113868
9707,0.6029980457
9708,0.6029862421
9709,0.6029734322
9710,0.6029601088
9711,0.6029467733
9712,0.6029349526
9713,0.6029221
9714,0.6029087849
9715,0.6028955402
9716,0.6028838206
9717,0.6028709468
9718,0.6028576055
9719,0.6028443106
9720,0.6028326453
9721,0.6028198927
9722,0.6028065473
9723,0.602793236
9724,0.602781485
9725,0.6027688177
9726,0.6027554801
9727,0.6027422198
9728,0.6027304597
9729,0.6027177496
9730,0.6027043969
9731,0.6026910853
9732,0.6026793429
9733,0.6026665609
9734,0.6026532396
9735,0.6026399512
9736,0.6026282007
9737,0.6026155279
9738,0.602602233
9739,0.6025889683
9740,0.6025772298
9741,0.6025646034
9742,0.6025513288
9743,0.6025380654
9744,0.602526345
9745,0.6025136956
9746,0.6025003914
9747,0.6024871148
9748,0.6024753542
9749,0.6024626479
9750,0.6024493779
9751,0.602436153
9752,0.6024244767
9753,0.6024118132
9754,0.602398547
9755,0.602385297
9756,0.6023736031
9757,0.6023608291
9758,0.6023475509
9759,0.6023343636
9760,0.6023226876
9761,0.6023099273
9762,0.6022967483
9763,0.6022835751
9764,0.6022719413
9765,0.6022592118
9766,0.6022459912
9767,0.6022327827
9768,0.602221109
9769,0.6022083265
9770,0.6021950793
9771,0.602181887
9772,0.6021702019
9773,0.6021574426
9774,0.6021442763
9775,0.6021310555
9776,0.6021193957
9777,0.602106913
9778,0.6020937189
9779,0.6020806051
9780,0.6020689534
9781,0.6020561766
9782,0.6020429745
9783,0.6020298192
9784,0.6020181844
9785,0.602005477
9786,0.6019922759
9787,0.6019791282
9788,0.6019674515
9789,0.6019547639
9790,0.601941561
9791,0.6019284015
9792,0.6019168112
9793,0.6019042333
9794,0.6018910667
9795,0.6018779097
9796,0.601896924
9797,0.6019236277
9798,0.6019504259
9799,0.6019773165
9800,0.6022915807
9801,0.6022880863
9802,0.6022748915
9803,0.6022617085
9804,0.6022500827
9805,0.60223744
9806,0.6022242693
9807,0.6022111401
9808,0.6021995017
9809,0.6021868974
9810,0.6021736938
9811,0.6021605483
9812,0.6021488814
9813,0.602136227
9814,0.6021230316
9815,0.6021098694
9816,0.6020982531
9817,0.6020856462
9818,0.6020724437
9819,0.6020593555
9820,0.6020477553
9821,0.6020351232
9822,0.6020219824
9823,0.6020088716
9824,0.6019972722
9825,0.6019846482
9826,0.6019714856
9827,0.6019583989
9828,0.6019467966
9829,0.6019340721
9830,0.6019209503
9831,0.6019079954
9832,0.601896385
9833,0.6018836958
9834,0.6018705716
9835,0.6018574861
9836,0.6018459382
9837,0.6018332744
9838,0.6018202007
9839,0.6018071517
9840,0.6017956187
9841,0.6017829694
9842,0.6017699076
9843,0.6017568092
9844,0.6017452386
9845,0.6017326019
9846,0.601719488
9847,0.6017063775
9848,0.6016948149
9849,0.6016821075
9850,0.6016690148
9851,0.6016559271
9852,0.6016443499
9853,0.6016316915
9854,0.6016185999
9855,0.6016055296
9856,0.6015939514
9857,0.6015813627
9858,0.6015682573
9859,0.6015552703
9860,0.6015436891
9861,0.6015309996
9862,0.6015178481
9863,0.6015047787
9864,0.6014931314
9865,0.6014804483
9866,0.6014674303
9867,0.6014543433
9868,0.6014427781
9869,0.6014301184
9870,0.6014171302
9871,0.6014041437
9872,0.6013926635
9873,0.6013800846
9874,0.6013670356
9875,0.6013541892
9876,0.6013427564
9877,0.60133024
9878,0.6013172754
9879,0.6013042687
9880,0.6012928167
9881,0.6012802579
9882,0.6012672214
9883,0.601254176
9884,0.6012426539
9885,0.6012300531
9886,0.6012170426
9887,0.6012040208
9888,0.6011924429
9889,0.6011798762
9890,0.6011668135
9891,0.6011537324
9892,0.6011421652
9893,0.6011294733
9894,0.6011163804
9895,0.6011033258
9896,0.6011219844
9897,0.6011482312
9898,0.6011746298
9899,0.601201122
9900,0.6015141015
9901,0.6015105696
9902,0.6014974547
9903,0.6014843976
9904,0.601472669
9905,0.6014600703
9906,0.6014469476
9907,0.6014338539
9908,0.6014221072
9909,0.6014094704
9910,0.6013963819
9911,0.6013832976
9912,0.6013716613
9913,0.6013590912
9914,0.601346005
9915,0.6013329576
9916,0.6013214049
9917,0.6013088184
9918,0.6012957604
9919,0.6012826813
9920,0.6012709773
9921,0.6012583928
9922,0.6012453068
9923,0.6012322673
9924,0.6012205709
9925,0.6012079995
9926,0.6011949788
9927,0.6011819145
9928,0.6011702137
9929,0.6011576585
9930,0.6011446081
9931,0.6011315962
9932,0.6011199406
9933,0.6011073854
9934,0.6010943126
9935,0.601081273
9936,0.6010696034
9937,0.601057158
9938,0.6010442031
9939,0.6010311991
9940,0.601019519
9941,0.6010070284
9942,0.6009939645
9943,0.6009809522
9944,0.6009693213
9945,0.6009568714
9946,0.6009438677
9947,0.6009309132
9948,0.6009192409
9949,0.6009068175
9950,0.6008937995
9951,0.6008808286
9952,0.6008692023
9953,0.6008567981
9954,0.6008438015
9955,0.6008308131
9956,0.6008192378
9957,0.6008067788
9958,0.6007937866
9959,0.6007808072
9960,0.6007692866
9961,0.6007568269
9962,0.6007438638
9963,0.6007309034
9964,0.6007193164
9965,0.6007068494
9966,0.6006938639
9967,0.6006809346
9968,0.6006693265
9969,0.6006568562
9970,0.6006438915
9971,0.6006309539
9972,0.600619366
9973,0.6006069169
9974,0.6005939764
9975,0.6005810811
9976,0.6005695168
9977,0.6005570738
9978,0.6005441184
9979,0.6005312384
9980,0.6005196415
9981,0.6005072303
9982,0.6004943054
9983,0.6004813682
9984,0.6004697714
9985,0.600457327
9986,0.6004444139
9987,0.6004315381
9988,0.6004200225
9989,0.6004076773
9990,0.6003947672
9991,0.6003818597
9992,0.6003702905
9993,0.600357906
9994,0.6003449411
9995,0.6003320295
9996,0.6003505159
9997,0.6003765978
9998,0.6004026858
9999,0.6004289013
10000,0.6007566329
