0,0,0.1520272000,332981808.0000000000,22
0,1,0.0854513700,332569648.0000000000,22
0,2,0.1482446360,332569648.0000000000,3
0,3,0.1513965450,332236336.0000000000,23
0,4,0.0843044100,332236336.0000000000,23
0,5,0.1452786100,332569648.0000000000,24
0,6,0.0844435970,332236336.0000000000,24
0,7,0.1570772170,332236336.0000000000,6
0,8,0.1434613370,332236336.0000000000,25
0,9,0.0924496620,436509232.0000000000,22
0,10,0.0934735520,436967984.0000000000,22
0,11,0.0933856760,436967984.0000000000,3
0,12,0.0922282630,436509232.0000000000,23
0,13,0.0923326460,436509232.0000000000,23
0,14,0.0933889930,436967984.0000000000,6
0,15,0.0923402900,436509232.0000000000,6
0,16,0.0922163190,436509232.0000000000,6
0,17,0.0919986950,436509232.0000000000,25
0,18,0.0895294350,436509232.0000000000,3
0,19,0.0903928210,436967984.0000000000,3
0,20,0.0905194980,436967984.0000000000,3
0,21,0.1562304670,436509232.0000000000,4
0,22,0.0894597370,436509232.0000000000,4
0,23,0.0903653690,436967984.0000000000,6
0,24,0.0892486830,436509232.0000000000,25
0,25,0.0892182200,436509232.0000000000,25
0,26,0.1556602710,436509232.0000000000,7
0,27,0.0894061110,436509232.0000000000,4
0,28,0.0904146030,436967984.0000000000,4
0,29,0.0903875280,436967984.0000000000,4
0,30,0.1563075980,436509232.0000000000,5
0,31,0.0894574310,436509232.0000000000,5
0,32,0.0904057660,436967984.0000000000,7
0,33,0.0894013720,436509232.0000000000,7
0,34,0.0894831320,436509232.0000000000,7
0,35,0.1517690950,436509232.0000000000,8
0,36,0.0966071560,436509232.0000000000,5
0,37,0.0976769680,436967984.0000000000,5
0,38,0.0977329620,436967984.0000000000,5
0,39,0.0967642240,436509232.0000000000,24
0,40,0.0967704430,436509232.0000000000,24
0,41,0.0978292580,436967984.0000000000,7
0,42,0.0967214490,436509232.0000000000,8
0,43,0.0967312860,436509232.0000000000,8
0,44,0.0966988160,436509232.0000000000,8
0,45,0.0545767260,132356656.0000000000,8
0,46,0.1130157800,132449840.0000000000,26
0,47,0.0548280440,132449840.0000000000,26
0,48,0.1167756860,132356656.0000000000,9
0,49,0.0544975140,132356656.0000000000,9
0,50,0.1099966710,132449840.0000000000,28
0,51,0.0545912610,132356656.0000000000,28
0,52,0.0545214900,132356656.0000000000,28
0,53,0.1094769000,132356656.0000000000,12
0,54,0.0411492560,54827568.0000000000,26
0,55,0.0411975300,54827568.0000000000,26
0,56,0.0410374430,54827568.0000000000,9
0,57,0.0410161480,54827568.0000000000,9
0,58,0.0410140010,54827568.0000000000,9
0,59,0.0413638520,54827568.0000000000,12
0,60,0.0411702760,54827568.0000000000,12
0,61,0.0411919190,54827568.0000000000,12
0,62,0.0411070230,54827568.0000000000,12
0,63,0.1100939180,54827568.0000000000,10
0,64,0.0413189620,54827568.0000000000,10
0,65,0.0414571340,54827568.0000000000,10
0,66,0.1121613410,54827568.0000000000,11
0,67,0.0413558340,54827568.0000000000,11
0,68,0.1018787900,54827568.0000000000,13
0,69,0.0412763030,54827568.0000000000,13
0,70,0.0412875950,54827568.0000000000,13
0,71,0.1002826300,54827568.0000000000,14
0,72,0.0412565270,54827568.0000000000,10
0,73,0.0412099040,54827568.0000000000,10
0,74,0.1077429530,54827568.0000000000,27
0,75,0.0412501890,54827568.0000000000,11
0,76,0.0412972250,54827568.0000000000,11
0,77,0.0411501880,54827568.0000000000,13
0,78,0.0410852550,54827568.0000000000,13
0,79,0.1013680630,54827568.0000000000,29
0,80,0.0412521580,54827568.0000000000,14
0,81,0.0413347580,54827568.0000000000,27
0,82,0.0414296890,54827568.0000000000,27
0,83,0.0412954470,54827568.0000000000,27
0,84,0.0414117140,54827568.0000000000,11
0,85,0.0412380410,54827568.0000000000,28
0,86,0.0414623860,54827568.0000000000,29
0,87,0.0412945440,54827568.0000000000,29
0,88,0.0413170480,54827568.0000000000,29
0,89,0.0414074570,54827568.0000000000,14
0,90,0.0413023110,54827568.0000000000,14
0,91,0.0411153520,54827568.0000000000,14
0,92,0.1004047270,54827568.0000000000,15
0,93,0.0411829310,54827568.0000000000,15
0,94,0.1012069990,54827568.0000000000,30
0,95,0.1068044250,54827568.0000000000,17
0,96,0.1032091570,54827568.0000000000,16
0,97,0.0412448920,54827568.0000000000,16
0,98,0.1024145940,54827568.0000000000,31
0,99,0.0412702200,54827568.0000000000,15
0,100,0.0413169730,54827568.0000000000,15
0,101,0.0411627030,54827568.0000000000,15
0,102,0.0412795750,54827568.0000000000,30
0,103,0.0412491010,54827568.0000000000,30
0,104,0.0411301610,54827568.0000000000,16
0,105,0.0410756750,54827568.0000000000,16
0,106,0.0410932790,54827568.0000000000,16
0,107,0.0412205370,54827568.0000000000,31
0,108,0.0411143300,54827568.0000000000,30
0,109,0.1095127120,54827568.0000000000,18
0,110,0.0412189890,54827568.0000000000,18
0,111,0.0413024620,54827568.0000000000,17
0,112,0.0411577530,54827568.0000000000,17
0,113,0.0413055220,54827568.0000000000,31
0,114,0.0412743930,54827568.0000000000,31
0,115,0.1042482420,54827568.0000000000,0
0,116,0.0412012530,54827568.0000000000,0
0,117,0.0355863520,47074864.0000000000,18
0,118,0.0355263480,47074864.0000000000,18
0,119,0.0355373750,47074864.0000000000,18
0,120,0.0356950210,47074864.0000000000,17
0,121,0.0356622310,47074864.0000000000,17
0,122,0.0356967460,47074864.0000000000,0
0,123,0.0358133810,47074864.0000000000,0
0,124,0.0357320040,47074864.0000000000,0
0,125,0.0357374940,47074864.0000000000,0
0,126,0.1106781150,47074864.0000000000,19
0,127,0.0358241520,47074864.0000000000,19
0,128,0.0357814210,47074864.0000000000,19
0,129,0.1023795600,47074864.0000000000,20
0,130,0.1018644970,47074864.0000000000,1
0,131,0.0356733220,47074864.0000000000,1
0,132,0.1014823430,47074864.0000000000,21
0,133,0.0357049080,47074864.0000000000,21
0,134,0.1020251160,47074864.0000000000,2
0,135,0.0357230760,47074864.0000000000,19
0,136,0.0356289620,47074864.0000000000,19
0,137,0.0358144050,47074864.0000000000,20
0,138,0.0356504560,47074864.0000000000,1
0,139,0.0356331740,47074864.0000000000,1
0,140,0.0356382480,47074864.0000000000,21
0,141,0.0356299820,47074864.0000000000,21
0,142,0.0354764650,47074864.0000000000,21
0,143,0.0356601450,47074864.0000000000,2
0,144,0.0357438600,47074864.0000000000,20
0,145,0.0356212860,47074864.0000000000,20
0,146,0.0356055450,47074864.0000000000,20
0,147,0.0355607630,47074864.0000000000,1
0,148,0.0355552120,47074864.0000000000,1
0,149,0.0356174710,47074864.0000000000,2
0,150,0.0356280340,47074864.0000000000,2
0,151,0.0355542110,47074864.0000000000,2
0,152,0.0356490310,47074864.0000000000,2
50,0,7.6143157727,332006192.0000000000,22
50,1,7.5789957375,332023344.0000000000,22
50,2,7.6101248317,332022832.0000000000,3
50,3,7.6190259866,332022784.0000000000,23
50,4,7.5836793385,332024288.0000000000,23
50,5,7.6177569816,332025312.0000000000,24
50,6,7.5808874131,332025424.0000000000,24
50,7,7.6091889382,332027152.0000000000,6
50,8,7.6022101701,332009376.0000000000,25
50,9,10.0777779492,436491248.0000000000,22
50,10,10.0794194978,436509968.0000000000,22
50,11,10.0757937133,436510144.0000000000,3
50,12,10.0822867884,436511296.0000000000,23
50,13,10.0809428580,436511312.0000000000,23
50,14,10.0724150163,436508848.0000000000,6
50,15,10.0712447900,436513712.0000000000,6
50,16,10.0707025466,436505472.0000000000,6
50,17,10.0670322448,436488896.0000000000,25
50,18,10.0725929414,436490944.0000000000,3
50,19,10.0734407088,436510464.0000000000,3
50,20,10.0729670812,436514048.0000000000,3
50,21,10.1021249035,436510112.0000000000,4
50,22,10.0681695764,436507168.0000000000,4
50,23,10.0690008552,436510416.0000000000,6
50,24,10.0661054823,436509968.0000000000,25
50,25,10.0658284112,436510336.0000000000,25
50,26,10.1069212276,436493584.0000000000,7
50,27,10.0686585809,436493232.0000000000,4
50,28,10.0694958425,436507232.0000000000,4
50,29,10.0695044282,436506960.0000000000,4
50,30,10.0992652742,436510880.0000000000,5
50,31,10.0656836100,436510400.0000000000,5
50,32,10.0756523406,436510832.0000000000,7
50,33,10.0750184518,436511584.0000000000,7
50,34,10.0753470592,436513808.0000000000,7
50,35,10.0984185163,436489264.0000000000,8
50,36,10.0707733271,436493088.0000000000,5
50,37,10.0711005427,436511104.0000000000,5
50,38,10.0714741350,436507824.0000000000,5
50,39,10.0821114037,436513520.0000000000,24
50,40,10.0831803464,436509312.0000000000,24
50,41,10.0802295073,436512096.0000000000,7
50,42,10.0742077143,436507680.0000000000,8
50,43,10.0743953531,436507856.0000000000,8
50,44,10.0744610954,436490688.0000000000,8
50,45,2.6175137203,132139632.0000000000,8
50,46,2.6445235690,132145056.0000000000,26
50,47,2.6167627332,132142784.0000000000,26
50,48,2.6455797934,132143296.0000000000,9
50,49,2.6163402745,132144208.0000000000,9
50,50,2.6437077594,132143504.0000000000,28
50,51,2.6176896615,132143536.0000000000,28
50,52,2.6171269331,132145568.0000000000,28
50,53,2.6464474751,132140352.0000000000,12
50,54,0.6718488904,54827568.0000000000,26
50,55,0.6719815581,54827568.0000000000,26
50,56,0.6713441645,54827568.0000000000,9
50,57,0.6715029552,54827568.0000000000,9
50,58,0.6711354665,54827568.0000000000,9
50,59,0.6721646568,54827568.0000000000,12
50,60,0.6720336199,54827568.0000000000,12
50,61,0.6720589992,54827568.0000000000,12
50,62,0.6722202680,54827568.0000000000,12
50,63,0.6877948118,54827568.0000000000,10
50,64,0.6589900793,54827568.0000000000,10
50,65,0.6587679375,54827568.0000000000,10
50,66,0.6885746386,54827568.0000000000,11
50,67,0.6588416737,54827568.0000000000,11
50,68,0.6829882771,54827568.0000000000,13
50,69,0.6570337671,54827568.0000000000,13
50,70,0.6570236954,54827568.0000000000,13
50,71,0.6840812890,54827568.0000000000,14
50,72,0.6590458001,54827568.0000000000,10
50,73,0.6585773163,54827568.0000000000,10
50,74,0.6860398732,54827568.0000000000,27
50,75,0.6588379240,54827568.0000000000,11
50,76,0.6585706167,54827568.0000000000,11
50,77,0.6571460394,54827568.0000000000,13
50,78,0.6569040552,54827568.0000000000,13
50,79,0.6823847135,54827568.0000000000,29
50,80,0.6585221581,54827568.0000000000,14
50,81,0.6581933056,54827568.0000000000,27
50,82,0.6585758315,54827568.0000000000,27
50,83,0.6577130117,54827568.0000000000,27
50,84,0.6584201040,54827568.0000000000,11
50,85,0.6707026734,54827568.0000000000,28
50,86,0.6567477757,54827568.0000000000,29
50,87,0.6571672476,54827568.0000000000,29
50,88,0.6567435869,54827568.0000000000,29
50,89,0.6585428429,54827568.0000000000,14
50,90,0.6586227009,54827568.0000000000,14
50,91,0.6582237407,54827568.0000000000,14
50,92,0.6833630772,54827568.0000000000,15
50,93,0.6575894726,54827568.0000000000,15
50,94,0.6837027109,54827568.0000000000,30
50,95,0.6847484520,54827568.0000000000,17
50,96,0.6833031727,54827568.0000000000,16
50,97,0.6569973426,54827568.0000000000,16
50,98,0.6841276222,54827568.0000000000,31
50,99,0.6578843085,54827568.0000000000,15
50,100,0.6583051115,54827568.0000000000,15
50,101,0.6578544741,54827568.0000000000,15
50,102,0.6582153263,54827568.0000000000,30
50,103,0.6580142591,54827568.0000000000,30
50,104,0.6569695772,54827568.0000000000,16
50,105,0.6572463069,54827568.0000000000,16
50,106,0.6571101964,54827568.0000000000,16
50,107,0.6581222466,54827568.0000000000,31
50,108,0.6575739437,54827568.0000000000,30
50,109,0.6850627400,54827568.0000000000,18
50,110,0.6560181504,54827568.0000000000,18
50,111,0.6567695381,54827568.0000000000,17
50,112,0.6565745334,54827568.0000000000,17
50,113,0.6576447966,54827568.0000000000,31
50,114,0.6576640012,54827568.0000000000,31
50,115,0.6839695149,54827568.0000000000,0
50,116,0.6569162304,54827568.0000000000,0
50,117,0.5677907531,47074864.0000000000,18
50,118,0.5679468100,47074864.0000000000,18
50,119,0.5677688721,47074864.0000000000,18
50,120,0.5688482770,47074864.0000000000,17
50,121,0.5688051736,47074864.0000000000,17
50,122,0.5693075711,47074864.0000000000,0
50,123,0.5694854115,47074864.0000000000,0
50,124,0.5689359841,47074864.0000000000,0
50,125,0.5695951105,47074864.0000000000,0
50,126,0.6004756617,47074864.0000000000,19
50,127,0.5693508858,47074864.0000000000,19
50,128,0.5692252161,47074864.0000000000,19
50,129,0.5971923727,47074864.0000000000,20
50,130,0.5962652962,47074864.0000000000,1
50,131,0.5684968942,47074864.0000000000,1
50,132,0.5960224382,47074864.0000000000,21
50,133,0.5685543673,47074864.0000000000,21
50,134,0.5964270272,47074864.0000000000,2
50,135,0.5691945836,47074864.0000000000,19
50,136,0.5690452592,47074864.0000000000,19
50,137,0.5693596551,47074864.0000000000,20
50,138,0.5681537590,47074864.0000000000,1
50,139,0.5681673048,47074864.0000000000,1
50,140,0.5683918911,47074864.0000000000,21
50,141,0.5684351027,47074864.0000000000,21
50,142,0.5682769390,47074864.0000000000,21
50,143,0.5683636516,47074864.0000000000,2
50,144,0.5691341425,47074864.0000000000,20
50,145,0.5691736460,47074864.0000000000,20
50,146,0.5688591263,47074864.0000000000,20
50,147,0.5680576140,47074864.0000000000,1
50,148,0.5681093483,47074864.0000000000,1
50,149,0.5679573413,47074864.0000000000,2
50,150,0.5680164177,47074864.0000000000,2
50,151,0.5678718553,47074864.0000000000,2
50,152,0.5680829372,47074864.0000000000,2
100,0,0.2473984120,331959632.0000000000,5
100,1,0.2454787990,331998144.0000000000,6
100,2,0.2963575320,331986384.0000000000,11
100,3,0.2619250620,331992128.0000000000,9
100,4,0.2989435560,332019536.0000000000,10
100,5,0.2622849810,332056832.0000000000,8
100,6,0.2553710310,332062208.0000000000,12
100,7,0.2495356100,332057168.0000000000,4
100,8,0.2484841320,332001504.0000000000,7
100,9,0.3258946440,436456032.0000000000,24
100,10,0.3262983750,436506672.0000000000,23
100,11,0.3728443640,436511024.0000000000,20
100,12,0.3650672240,436512032.0000000000,27
100,13,0.3725277650,436509856.0000000000,29
100,14,0.3260805660,436506064.0000000000,12
100,15,0.3258336800,436511584.0000000000,8
100,16,0.3260043330,436506992.0000000000,11
100,17,0.3726415900,436456864.0000000000,0
100,18,0.3255454410,436464768.0000000000,6
100,19,0.4127771090,436509792.0000000000,17
100,20,0.3258827900,436511616.0000000000,7
100,21,0.3260823250,436510016.0000000000,22
100,22,0.3261129100,436505760.0000000000,3
100,23,0.3726979050,436510848.0000000000,1
100,24,0.3259231350,436510896.0000000000,1
100,25,0.3258421180,436510352.0000000000,3
100,26,0.3256200050,436462736.0000000000,26
100,27,0.3254953600,436463280.0000000000,0
100,28,0.3255758610,436504160.0000000000,9
100,29,0.3705947910,436510240.0000000000,2
100,30,0.3727607580,436507120.0000000000,14
100,31,0.3256601170,436504416.0000000000,2
100,32,0.3731375840,436515392.0000000000,21
100,33,0.4123322690,436508112.0000000000,16
100,34,0.4126633400,436506544.0000000000,18
100,35,0.3733788900,436464896.0000000000,31
100,36,0.3263377480,436453072.0000000000,10
100,37,0.3178419700,436513824.0000000000,5
100,38,0.3258079070,436509616.0000000000,4
100,39,0.3259083270,436510128.0000000000,28
100,40,0.3258346300,436514608.0000000000,25
100,41,0.3734003110,436513680.0000000000,30
100,42,0.3644450210,436511136.0000000000,13
100,43,0.3730315310,436504192.0000000000,15
100,44,0.4124979720,436454992.0000000000,19
100,45,0.0838880880,132134144.0000000000,14
100,46,0.0837481000,132146656.0000000000,19
100,47,0.0836794860,132142752.0000000000,13
100,48,0.0836902000,132141584.0000000000,18
100,49,0.0839651190,132141536.0000000000,15
100,50,0.0839432500,132140480.0000000000,20
100,51,0.0838056240,132142320.0000000000,21
100,52,0.0838315340,132143856.0000000000,16
100,53,0.0838223250,132132240.0000000000,17
100,54,0.0207197650,54827568.0000000000,30
100,55,0.0205849920,54827568.0000000000,29
100,56,0.0206088940,54827568.0000000000,27
100,57,0.0206200910,54827568.0000000000,28
100,58,0.0206022200,54827568.0000000000,25
100,59,0.0207014720,54827568.0000000000,24
100,60,0.0207028410,54827568.0000000000,22
100,61,0.0206503690,54827568.0000000000,31
100,62,0.0206427820,54827568.0000000000,23
100,63,0.0205737100,54827568.0000000000,31
100,64,0.0206389660,54827568.0000000000,29
100,65,0.0206709390,54827568.0000000000,30
100,66,0.0206486510,54827568.0000000000,24
100,67,0.0207073910,54827568.0000000000,31
100,68,0.0206052070,54827568.0000000000,25
100,69,0.0206524090,54827568.0000000000,27
100,70,0.0205846800,54827568.0000000000,31
100,71,0.0206378350,54827568.0000000000,22
100,72,0.0207154870,54827568.0000000000,31
100,73,0.0206207290,54827568.0000000000,27
100,74,0.0206786950,54827568.0000000000,23
100,75,0.0206320850,54827568.0000000000,28
100,76,0.0206359460,54827568.0000000000,25
100,77,0.0206234970,54827568.0000000000,29
100,78,0.0206944970,54827568.0000000000,30
100,79,0.0206677780,54827568.0000000000,24
100,80,0.0206753630,54827568.0000000000,24
100,81,0.0205808620,54827568.0000000000,13
100,82,0.0204949870,54827568.0000000000,29
100,83,0.0206557760,54827568.0000000000,17
100,84,0.0206717250,54827568.0000000000,26
100,85,0.0206252070,54827568.0000000000,26
100,86,0.0205995560,54827568.0000000000,25
100,87,0.0206805380,54827568.0000000000,22
100,88,0.0206005430,54827568.0000000000,13
100,89,0.0206216400,54827568.0000000000,27
100,90,0.0206114730,54827568.0000000000,30
100,91,0.0205683670,54827568.0000000000,25
100,92,0.0206424120,54827568.0000000000,28
100,93,0.0206295670,54827568.0000000000,19
100,94,0.0206353000,54827568.0000000000,29
100,95,0.0206789990,54827568.0000000000,27
100,96,0.0207010700,54827568.0000000000,26
100,97,0.0206200150,54827568.0000000000,26
100,98,0.0206341370,54827568.0000000000,30
100,99,0.0206941340,54827568.0000000000,21
100,100,0.0206947540,54827568.0000000000,23
100,101,0.0205708020,54827568.0000000000,16
100,102,0.0206166320,54827568.0000000000,22
100,103,0.0206285180,54827568.0000000000,14
100,104,0.0206786580,54827568.0000000000,24
100,105,0.0206895430,54827568.0000000000,23
100,106,0.0206224140,54827568.0000000000,28
100,107,0.0206740290,54827568.0000000000,26
100,108,0.0206734360,54827568.0000000000,20
100,109,0.0206771500,54827568.0000000000,23
100,110,0.0206382540,54827568.0000000000,16
100,111,0.0206462430,54827568.0000000000,14
100,112,0.0206229060,54827568.0000000000,15
100,113,0.0206015030,54827568.0000000000,18
100,114,0.0205900740,54827568.0000000000,15
100,115,0.0206535770,54827568.0000000000,22
100,116,0.0205908740,54827568.0000000000,28
100,117,0.0178644000,47074864.0000000000,4
100,118,0.0178811690,47074864.0000000000,10
100,119,0.0177934920,47074864.0000000000,7
100,120,0.0178194940,47074864.0000000000,19
100,121,0.0179054070,47074864.0000000000,17
100,122,0.0178737030,47074864.0000000000,20
100,123,0.0178446460,47074864.0000000000,21
100,124,0.0178471930,47074864.0000000000,21
100,125,0.0178314870,47074864.0000000000,16
100,126,0.0178507000,47074864.0000000000,21
100,127,0.0178028020,47074864.0000000000,18
100,128,0.0178427350,47074864.0000000000,14
100,129,0.0177781350,47074864.0000000000,18
100,130,0.0178115160,47074864.0000000000,19
100,131,0.0178533240,47074864.0000000000,15
100,132,0.0178686020,47074864.0000000000,20
100,133,0.0178275390,47074864.0000000000,7
100,134,0.0178780860,47074864.0000000000,17
100,135,0.0178150040,47074864.0000000000,19
100,136,0.0178302200,47074864.0000000000,13
100,137,0.0179016170,47074864.0000000000,15
100,138,0.0178565990,47074864.0000000000,9
100,139,0.0178673650,47074864.0000000000,5
100,140,0.0178534950,47074864.0000000000,14
100,141,0.0177960190,47074864.0000000000,16
100,142,0.0178851600,47074864.0000000000,6
100,143,0.0178323540,47074864.0000000000,13
100,144,0.0179078540,47074864.0000000000,17
100,145,0.0178260460,47074864.0000000000,18
100,146,0.0178951750,47074864.0000000000,20
100,147,0.0178618250,47074864.0000000000,4
100,148,0.0178900430,47074864.0000000000,11
100,149,0.0178885620,47074864.0000000000,8
100,150,0.0178354270,47074864.0000000000,12
100,151,0.0178589090,47074864.0000000000,6
100,152,0.0178306750,47074864.0000000000,5
150,0,7.7067781833,331894768.0000000000,5
150,1,7.7368182546,331926704.0000000000,6
150,2,7.7969842101,331895616.0000000000,11
150,3,7.7988615504,331936048.0000000000,9
150,4,7.8313730183,332022608.0000000000,10
150,5,7.8079533834,332124704.0000000000,8
150,6,7.7845442641,332190224.0000000000,12
150,7,7.7381620757,332158640.0000000000,4
150,8,7.7170961587,332044400.0000000000,7
150,9,10.2376796807,436439216.0000000000,24
150,10,10.2417267915,436505600.0000000000,23
150,11,10.2546650489,436513552.0000000000,20
150,12,10.2489126473,436507056.0000000000,27
150,13,10.2445505790,436515616.0000000000,29
150,14,10.2390352653,436504976.0000000000,12
150,15,10.2311359638,436513680.0000000000,8
150,16,10.2375309210,436513936.0000000000,11
150,17,10.2438134520,436437984.0000000000,0
150,18,10.2254517661,436452416.0000000000,6
150,19,10.2632630452,436511088.0000000000,17
150,20,10.2351357041,436512800.0000000000,7
150,21,10.2369069526,436508576.0000000000,22
150,22,10.2332190100,436510576.0000000000,3
150,23,10.2483870049,436510096.0000000000,1
150,24,10.2302250592,436508912.0000000000,1
150,25,10.2318505190,436509600.0000000000,3
150,26,10.2274854600,436451200.0000000000,26
150,27,10.2251343044,436453376.0000000000,0
150,28,10.2246833690,436508448.0000000000,9
150,29,10.2426735258,436510192.0000000000,2
150,30,10.2538938070,436510048.0000000000,14
150,31,10.2259516573,436507568.0000000000,2
150,32,10.2514722007,436511904.0000000000,21
150,33,10.2556952729,436509920.0000000000,16
150,34,10.2566462450,436509232.0000000000,18
150,35,10.2564960608,436450688.0000000000,31
150,36,10.2442053269,436425504.0000000000,10
150,37,10.2269915436,436513168.0000000000,5
150,38,10.2350727887,436508960.0000000000,4
150,39,10.2362669942,436512816.0000000000,28
150,40,10.2331362246,436513168.0000000000,25
150,41,10.2606935760,436510656.0000000000,30
150,42,10.2543306751,436510960.0000000000,13
150,43,10.2605638659,436508160.0000000000,15
150,44,10.2640522383,436432112.0000000000,19
150,45,2.6554085064,132132416.0000000000,14
150,46,2.6519434618,132149088.0000000000,19
150,47,2.6534403058,132142288.0000000000,13
150,48,2.6520107109,132143888.0000000000,18
150,49,2.6550087516,132141744.0000000000,15
150,50,2.6562109982,132145792.0000000000,20
150,51,2.6548412239,132141136.0000000000,21
150,52,2.6508746430,132143104.0000000000,16
150,53,2.6525864829,132129344.0000000000,17
150,54,0.6757857568,54827568.0000000000,30
150,55,0.6723692370,54827568.0000000000,29
150,56,0.6735611079,54827568.0000000000,27
150,57,0.6742590485,54827568.0000000000,28
150,58,0.6727925478,54827568.0000000000,25
150,59,0.6759975824,54827568.0000000000,24
150,60,0.6751407291,54827568.0000000000,22
150,61,0.6743502526,54827568.0000000000,31
150,62,0.6755137164,54827568.0000000000,23
150,63,0.6739399387,54827568.0000000000,31
150,64,0.6726257830,54827568.0000000000,29
150,65,0.6758239536,54827568.0000000000,30
150,66,0.6756786051,54827568.0000000000,24
150,67,0.6743124502,54827568.0000000000,31
150,68,0.6730122822,54827568.0000000000,25
150,69,0.6740448806,54827568.0000000000,27
150,70,0.6743966545,54827568.0000000000,31
150,71,0.6750464941,54827568.0000000000,22
150,72,0.6743301339,54827568.0000000000,31
150,73,0.6734826830,54827568.0000000000,27
150,74,0.6751681970,54827568.0000000000,23
150,75,0.6740427304,54827568.0000000000,28
150,76,0.6727612169,54827568.0000000000,25
150,77,0.6726168242,54827568.0000000000,29
150,78,0.6753123239,54827568.0000000000,30
150,79,0.6758875920,54827568.0000000000,24
150,80,0.6755308837,54827568.0000000000,24
150,81,0.6732078394,54827568.0000000000,13
150,82,0.6723638466,54827568.0000000000,29
150,83,0.6744276085,54827568.0000000000,17
150,84,0.6748549942,54827568.0000000000,26
150,85,0.6751373295,54827568.0000000000,26
150,86,0.6728013118,54827568.0000000000,25
150,87,0.6745885189,54827568.0000000000,22
150,88,0.6729463639,54827568.0000000000,13
150,89,0.6734980688,54827568.0000000000,27
150,90,0.6753791932,54827568.0000000000,30
150,91,0.6728234701,54827568.0000000000,25
150,92,0.6738809420,54827568.0000000000,28
150,93,0.6736126639,54827568.0000000000,19
150,94,0.6725487291,54827568.0000000000,29
150,95,0.6737409229,54827568.0000000000,27
150,96,0.6750013831,54827568.0000000000,26
150,97,0.6748994345,54827568.0000000000,26
150,98,0.6750965501,54827568.0000000000,30
150,99,0.6754297784,54827568.0000000000,21
150,100,0.6753575293,54827568.0000000000,23
150,101,0.6735219552,54827568.0000000000,16
150,102,0.6751744564,54827568.0000000000,22
150,103,0.6749910272,54827568.0000000000,14
150,104,0.6757922371,54827568.0000000000,24
150,105,0.6752645484,54827568.0000000000,23
150,106,0.6740920227,54827568.0000000000,28
150,107,0.6748671045,54827568.0000000000,26
150,108,0.6756704931,54827568.0000000000,20
150,109,0.6753415252,54827568.0000000000,23
150,110,0.6735573712,54827568.0000000000,16
150,111,0.6748857589,54827568.0000000000,14
150,112,0.6748423043,54827568.0000000000,15
150,113,0.6733888387,54827568.0000000000,18
150,114,0.6743887693,54827568.0000000000,15
150,115,0.6749811999,54827568.0000000000,22
150,116,0.6738481273,54827568.0000000000,28
150,117,0.5833057445,47074864.0000000000,4
150,118,0.5838895543,47074864.0000000000,10
150,119,0.5832456998,47074864.0000000000,7
150,120,0.5824368405,47074864.0000000000,19
150,121,0.5837618607,47074864.0000000000,17
150,122,0.5841575504,47074864.0000000000,20
150,123,0.5841113331,47074864.0000000000,21
150,124,0.5839692406,47074864.0000000000,21
150,125,0.5821292046,47074864.0000000000,16
150,126,0.5842049139,47074864.0000000000,21
150,127,0.5813464608,47074864.0000000000,18
150,128,0.5842228897,47074864.0000000000,14
150,129,0.5815183359,47074864.0000000000,18
150,130,0.5824913775,47074864.0000000000,19
150,131,0.5842630082,47074864.0000000000,15
150,132,0.5841896617,47074864.0000000000,20
150,133,0.5830918303,47074864.0000000000,7
150,134,0.5835692108,47074864.0000000000,17
150,135,0.5824080530,47074864.0000000000,19
150,136,0.5826451690,47074864.0000000000,13
150,137,0.5843472206,47074864.0000000000,15
150,138,0.5829564588,47074864.0000000000,9
150,139,0.5829779464,47074864.0000000000,5
150,140,0.5840763507,47074864.0000000000,14
150,141,0.5820901100,47074864.0000000000,16
150,142,0.5838661495,47074864.0000000000,6
150,143,0.5827437575,47074864.0000000000,13
150,144,0.5839144713,47074864.0000000000,17
150,145,0.5816184304,47074864.0000000000,18
150,146,0.5842578565,47074864.0000000000,20
150,147,0.5833263385,47074864.0000000000,4
150,148,0.5846010618,47074864.0000000000,11
150,149,0.5837574466,47074864.0000000000,8
150,150,0.5846095370,47074864.0000000000,12
150,151,0.5838333376,47074864.0000000000,6
150,152,0.5828485721,47074864.0000000000,5
200,0,0.2401506480,331738672.0000000000,5
200,1,0.2423930040,331718832.0000000000,6
200,2,0.2445120840,331675312.0000000000,11
200,3,0.2454565000,331817584.0000000000,9
200,4,0.2463000010,332011328.0000000000,10
200,5,0.2460330440,332236368.0000000000,8
200,6,0.2453768010,332424192.0000000000,12
200,7,0.2428458650,332399664.0000000000,4
200,8,0.2406714590,332158080.0000000000,7
200,9,0.3180405910,436426016.0000000000,24
200,10,0.3181076880,436503520.0000000000,23
200,11,0.3179229510,436514032.0000000000,20
200,12,0.3179949510,436503472.0000000000,27
200,13,0.3176304280,436515344.0000000000,29
200,14,0.3180715460,436504976.0000000000,12
200,15,0.3177839520,436512000.0000000000,8
200,16,0.3181846810,436511872.0000000000,11
200,17,0.3176248390,436421840.0000000000,0
200,18,0.3179521080,436440320.0000000000,6
200,19,0.3179844660,436510608.0000000000,17
200,20,0.3179952840,436510544.0000000000,7
200,21,0.3180496180,436510016.0000000000,22
200,22,0.3178309760,436509248.0000000000,3
200,23,0.3178421680,436509664.0000000000,1
200,24,0.3178352130,436509232.0000000000,1
200,25,0.3178667750,436510320.0000000000,3
200,26,0.3177319950,436441632.0000000000,26
200,27,0.3175125610,436443312.0000000000,0
200,28,0.3176924680,436512816.0000000000,9
200,29,0.3177532780,436510624.0000000000,2
200,30,0.3180038990,436506432.0000000000,14
200,31,0.3176357270,436511840.0000000000,2
200,32,0.3179091850,436509808.0000000000,21
200,33,0.3177669580,436514464.0000000000,16
200,34,0.3176209660,436508672.0000000000,18
200,35,0.3178917960,436437408.0000000000,31
200,36,0.3181757820,436402000.0000000000,10
200,37,0.3179230960,436510160.0000000000,5
200,38,0.3179276020,436501984.0000000000,4
200,39,0.3180224610,436516480.0000000000,28
200,40,0.3179222840,436513808.0000000000,25
200,41,0.3181947440,436505872.0000000000,30
200,42,0.3182789600,436512512.0000000000,13
200,43,0.3181806610,436507344.0000000000,15
200,44,0.3179846900,436403808.0000000000,19
200,45,0.0822014240,132126400.0000000000,14
200,46,0.0821198550,132148976.0000000000,19
200,47,0.0821568760,132142752.0000000000,13
200,48,0.0820259040,132144032.0000000000,18
200,49,0.0823569110,132141776.0000000000,15
200,50,0.0822716960,132146352.0000000000,20
200,51,0.0822412340,132142480.0000000000,21
200,52,0.0820475860,132141024.0000000000,16
200,53,0.0820616550,132125728.0000000000,17
200,54,0.0206748160,54827568.0000000000,30
200,55,0.0205921960,54827568.0000000000,29
200,56,0.0206317630,54827568.0000000000,27
200,57,0.0206127360,54827568.0000000000,28
200,58,0.0206040580,54827568.0000000000,25
200,59,0.0207081170,54827568.0000000000,24
200,60,0.0207344440,54827568.0000000000,22
200,61,0.0206344660,54827568.0000000000,31
200,62,0.0206637770,54827568.0000000000,23
200,63,0.0205630290,54827568.0000000000,31
200,64,0.0205322280,54827568.0000000000,29
200,65,0.0206404390,54827568.0000000000,30
200,66,0.0207056070,54827568.0000000000,24
200,67,0.0205824560,54827568.0000000000,31
200,68,0.0205581820,54827568.0000000000,25
200,69,0.0206517890,54827568.0000000000,27
200,70,0.0206015950,54827568.0000000000,31
200,71,0.0206211960,54827568.0000000000,22
200,72,0.0206058920,54827568.0000000000,31
200,73,0.0206643460,54827568.0000000000,27
200,74,0.0206712120,54827568.0000000000,23
200,75,0.0206756680,54827568.0000000000,28
200,76,0.0205821760,54827568.0000000000,25
200,77,0.0205904090,54827568.0000000000,29
200,78,0.0207338180,54827568.0000000000,30
200,79,0.0206649470,54827568.0000000000,24
200,80,0.0206724200,54827568.0000000000,24
200,81,0.0205823840,54827568.0000000000,13
200,82,0.0205669870,54827568.0000000000,29
200,83,0.0207202880,54827568.0000000000,17
200,84,0.0206901250,54827568.0000000000,26
200,85,0.0206263700,54827568.0000000000,26
200,86,0.0205624490,54827568.0000000000,25
200,87,0.0207119310,54827568.0000000000,22
200,88,0.0206667070,54827568.0000000000,13
200,89,0.0205700310,54827568.0000000000,27
200,90,0.0206996530,54827568.0000000000,30
200,91,0.0205982670,54827568.0000000000,25
200,92,0.0206376810,54827568.0000000000,28
200,93,0.0206448240,54827568.0000000000,19
200,94,0.0206830950,54827568.0000000000,29
200,95,0.0205811850,54827568.0000000000,27
200,96,0.0207153830,54827568.0000000000,26
200,97,0.0206519000,54827568.0000000000,26
200,98,0.0206984910,54827568.0000000000,30
200,99,0.0207409870,54827568.0000000000,21
200,100,0.0207113280,54827568.0000000000,23
200,101,0.0206458940,54827568.0000000000,16
200,102,0.0206972730,54827568.0000000000,22
200,103,0.0206780520,54827568.0000000000,14
200,104,0.0207497900,54827568.0000000000,24
200,105,0.0206123270,54827568.0000000000,23
200,106,0.0205980480,54827568.0000000000,28
200,107,0.0206813190,54827568.0000000000,26
200,108,0.0206387310,54827568.0000000000,20
200,109,0.0207083640,54827568.0000000000,23
200,110,0.0206471580,54827568.0000000000,16
200,111,0.0205808110,54827568.0000000000,14
200,112,0.0205787380,54827568.0000000000,15
200,113,0.0206375200,54827568.0000000000,18
200,114,0.0206129050,54827568.0000000000,15
200,115,0.0206661610,54827568.0000000000,22
200,116,0.0205783090,54827568.0000000000,28
200,117,0.0178453110,47074864.0000000000,4
200,118,0.0178609290,47074864.0000000000,10
200,119,0.0178280990,47074864.0000000000,7
200,120,0.0178088510,47074864.0000000000,19
200,121,0.0178563600,47074864.0000000000,17
200,122,0.0178892050,47074864.0000000000,20
200,123,0.0178747470,47074864.0000000000,21
200,124,0.0178480370,47074864.0000000000,21
200,125,0.0178309120,47074864.0000000000,16
200,126,0.0179088150,47074864.0000000000,21
200,127,0.0177986610,47074864.0000000000,18
200,128,0.0178671500,47074864.0000000000,14
200,129,0.0177983490,47074864.0000000000,18
200,130,0.0178142600,47074864.0000000000,19
200,131,0.0178532700,47074864.0000000000,15
200,132,0.0178308430,47074864.0000000000,20
200,133,0.0178762040,47074864.0000000000,7
200,134,0.0179041550,47074864.0000000000,17
200,135,0.0178231680,47074864.0000000000,19
200,136,0.0178421700,47074864.0000000000,13
200,137,0.0178593830,47074864.0000000000,15
200,138,0.0178492460,47074864.0000000000,9
200,139,0.0178483290,47074864.0000000000,5
200,140,0.0178734110,47074864.0000000000,14
200,141,0.0178154440,47074864.0000000000,16
200,142,0.0178745080,47074864.0000000000,6
200,143,0.0178343960,47074864.0000000000,13
200,144,0.0178616530,47074864.0000000000,17
200,145,0.0178040720,47074864.0000000000,18
200,146,0.0178811020,47074864.0000000000,20
200,147,0.0178504640,47074864.0000000000,4
200,148,0.0179522460,47074864.0000000000,11
200,149,0.0178652670,47074864.0000000000,8
200,150,0.0178856450,47074864.0000000000,12
200,151,0.0178398930,47074864.0000000000,6
200,152,0.0178354270,47074864.0000000000,5
250,0,7.7446505340,331491760.0000000000,5
250,1,7.8291542370,331383392.0000000000,6
250,2,7.9029581092,331370240.0000000000,11
250,3,7.9406087713,331679216.0000000000,9
250,4,7.9688394398,331996288.0000000000,10
250,5,7.9664450029,332356544.0000000000,8
250,6,7.9431859216,332758848.0000000000,12
250,7,7.8464417837,332806560.0000000000,4
250,8,7.7624331779,332362816.0000000000,7
250,9,10.2342207953,436419296.0000000000,24
250,10,10.2383479611,436506432.0000000000,23
250,11,10.2335540631,436515968.0000000000,20
250,12,10.2320464443,436504336.0000000000,27
250,13,10.2243884115,436511664.0000000000,29
250,14,10.2359943610,436507776.0000000000,12
250,15,10.2274560201,436510272.0000000000,8
250,16,10.2349664039,436509584.0000000000,11
250,17,10.2239695521,436406336.0000000000,0
250,18,10.2223935456,436431888.0000000000,6
250,19,10.2277802800,436510336.0000000000,17
250,20,10.2319068117,436509360.0000000000,7
250,21,10.2337385444,436513936.0000000000,22
250,22,10.2304439329,436510416.0000000000,3
250,23,10.2282452495,436512656.0000000000,1
250,24,10.2278728831,436508768.0000000000,1
250,25,10.2273922225,436510016.0000000000,3
250,26,10.2239288274,436435568.0000000000,26
250,27,10.2212812343,436435424.0000000000,0
250,28,10.2220528632,436514048.0000000000,9
250,29,10.2235992185,436510176.0000000000,2
250,30,10.2335001852,436509120.0000000000,14
250,31,10.2232480223,436511392.0000000000,2
250,32,10.2317405413,436508192.0000000000,21
250,33,10.2218699400,436515456.0000000000,16
250,34,10.2220590054,436505424.0000000000,18
250,35,10.2357551743,436432352.0000000000,31
250,36,10.2402779051,436380656.0000000000,10
250,37,10.2270362830,436509440.0000000000,5
250,38,10.2324093955,436501504.0000000000,4
250,39,10.2333011515,436516400.0000000000,28
250,40,10.2305070373,436513376.0000000000,25
250,41,10.2395988743,436506336.0000000000,30
250,42,10.2379446535,436514576.0000000000,13
250,43,10.2428312760,436511136.0000000000,15
250,44,10.2289585001,436379184.0000000000,19
250,45,2.6536614886,132120624.0000000000,14
250,46,2.6510385411,132150208.0000000000,19
250,47,2.6519684167,132140400.0000000000,13
250,48,2.6497353926,132145008.0000000000,18
250,49,2.6541533680,132140288.0000000000,15
250,50,2.6551887313,132144800.0000000000,20
250,51,2.6549766396,132142272.0000000000,21
250,52,2.6509619343,132138592.0000000000,16
250,53,2.6518771940,132121600.0000000000,17
250,54,0.6755887964,54827568.0000000000,30
250,55,0.6723836422,54827568.0000000000,29
250,56,0.6740578057,54827568.0000000000,27
250,57,0.6740148569,54827568.0000000000,28
250,58,0.6730285017,54827568.0000000000,25
250,59,0.6761733160,54827568.0000000000,24
250,60,0.6747920489,54827568.0000000000,22
250,61,0.6743653510,54827568.0000000000,31
250,62,0.6752706125,54827568.0000000000,23
250,63,0.6740649586,54827568.0000000000,31
250,64,0.6721442945,54827568.0000000000,29
250,65,0.6754971404,54827568.0000000000,30
250,66,0.6756134471,54827568.0000000000,24
250,67,0.6742599893,54827568.0000000000,31
250,68,0.6724437390,54827568.0000000000,25
250,69,0.6736385930,54827568.0000000000,27
250,70,0.6745071109,54827568.0000000000,31
250,71,0.6752989357,54827568.0000000000,22
250,72,0.6743541189,54827568.0000000000,31
250,73,0.6739219879,54827568.0000000000,27
250,74,0.6754452543,54827568.0000000000,23
250,75,0.6739361357,54827568.0000000000,28
250,76,0.6729638566,54827568.0000000000,25
250,77,0.6725590169,54827568.0000000000,29
250,78,0.6755953817,54827568.0000000000,30
250,79,0.6756891382,54827568.0000000000,24
250,80,0.6756657608,54827568.0000000000,24
250,81,0.6734036091,54827568.0000000000,13
250,82,0.6728435834,54827568.0000000000,29
250,83,0.6746410753,54827568.0000000000,17
250,84,0.6750185894,54827568.0000000000,26
250,85,0.6750841733,54827568.0000000000,26
250,86,0.6729147562,54827568.0000000000,25
250,87,0.6748430449,54827568.0000000000,22
250,88,0.6731608166,54827568.0000000000,13
250,89,0.6736186115,54827568.0000000000,27
250,90,0.6753940583,54827568.0000000000,30
250,91,0.6729672040,54827568.0000000000,25
250,92,0.6741779178,54827568.0000000000,28
250,93,0.6735321687,54827568.0000000000,19
250,94,0.6726472817,54827568.0000000000,29
250,95,0.6736668050,54827568.0000000000,27
250,96,0.6750150693,54827568.0000000000,26
250,97,0.6748316825,54827568.0000000000,26
250,98,0.6755421294,54827568.0000000000,30
250,99,0.6752432521,54827568.0000000000,21
250,100,0.6751937738,54827568.0000000000,23
250,101,0.6737835734,54827568.0000000000,16
250,102,0.6752869769,54827568.0000000000,22
250,103,0.6749013521,54827568.0000000000,14
250,104,0.6758799204,54827568.0000000000,24
250,105,0.6749179725,54827568.0000000000,23
250,106,0.6736562769,54827568.0000000000,28
250,107,0.6750508841,54827568.0000000000,26
250,108,0.6759711398,54827568.0000000000,20
250,109,0.6754390063,54827568.0000000000,23
250,110,0.6731514682,54827568.0000000000,16
250,111,0.6749812259,54827568.0000000000,14
250,112,0.6745795689,54827568.0000000000,15
250,113,0.6732253396,54827568.0000000000,18
250,114,0.6743889179,54827568.0000000000,15
250,115,0.6749003151,54827568.0000000000,22
250,116,0.6735835681,54827568.0000000000,28
250,117,0.5833297229,47074864.0000000000,4
250,118,0.5839310415,47074864.0000000000,10
250,119,0.5830989897,47074864.0000000000,7
250,120,0.5824633367,47074864.0000000000,19
250,121,0.5834271975,47074864.0000000000,17
250,122,0.5841222848,47074864.0000000000,20
250,123,0.5843051890,47074864.0000000000,21
250,124,0.5842612377,47074864.0000000000,21
250,125,0.5822788481,47074864.0000000000,16
250,126,0.5844693020,47074864.0000000000,21
250,127,0.5815499609,47074864.0000000000,18
250,128,0.5839677548,47074864.0000000000,14
250,129,0.5813633201,47074864.0000000000,18
250,130,0.5823792383,47074864.0000000000,19
250,131,0.5842877574,47074864.0000000000,15
250,132,0.5842241652,47074864.0000000000,20
250,133,0.5829707435,47074864.0000000000,7
250,134,0.5837872702,47074864.0000000000,17
250,135,0.5824126986,47074864.0000000000,19
250,136,0.5827220090,47074864.0000000000,13
250,137,0.5843241496,47074864.0000000000,15
250,138,0.5829560094,47074864.0000000000,9
250,139,0.5828361442,47074864.0000000000,5
250,140,0.5840666437,47074864.0000000000,14
250,141,0.5820865839,47074864.0000000000,16
250,142,0.5839221867,47074864.0000000000,6
250,143,0.5826681762,47074864.0000000000,13
250,144,0.5839422846,47074864.0000000000,17
250,145,0.5818155505,47074864.0000000000,18
250,146,0.5842926323,47074864.0000000000,20
250,147,0.5833670574,47074864.0000000000,4
250,148,0.5847936554,47074864.0000000000,11
250,149,0.5837574981,47074864.0000000000,8
250,150,0.5845062601,47074864.0000000000,12
250,151,0.5838173261,47074864.0000000000,6
250,152,0.5826985568,47074864.0000000000,5
300,0,0.2415560170,331090176.0000000000,5
300,1,0.2454498280,330865920.0000000000,6
300,2,0.2483721380,330949312.0000000000,11
300,3,0.2494775970,331509856.0000000000,9
300,4,0.2509949710,331967360.0000000000,10
300,5,0.2510731620,332464512.0000000000,8
300,6,0.2510429480,333177168.0000000000,12
300,7,0.2471686290,333396128.0000000000,4
300,8,0.2426357460,332682240.0000000000,7
300,9,0.3180564630,436404944.0000000000,24
300,10,0.3181937570,436508128.0000000000,23
300,11,0.3181229720,436519312.0000000000,20
300,12,0.3179731500,436503904.0000000000,27
300,13,0.3175674350,436511056.0000000000,29
300,14,0.3181326580,436514048.0000000000,12
300,15,0.3177560240,436506608.0000000000,8
300,16,0.3180768450,436506768.0000000000,11
300,17,0.3176937440,436396592.0000000000,0
300,18,0.3176280380,436426400.0000000000,6
300,19,0.3177621000,436504416.0000000000,17
300,20,0.3179087280,436510912.0000000000,7
300,21,0.3181344520,436508992.0000000000,22
300,22,0.3178700640,436509344.0000000000,3
300,23,0.3177737070,436507056.0000000000,1
300,24,0.3178163200,436513760.0000000000,1
300,25,0.3178527800,436508528.0000000000,3
300,26,0.3176441180,436425952.0000000000,26
300,27,0.3176449800,436428736.0000000000,0
300,28,0.3177903600,436511392.0000000000,9
300,29,0.3176732030,436510000.0000000000,2
300,30,0.3180198900,436510560.0000000000,14
300,31,0.3175231660,436511328.0000000000,2
300,32,0.3177848370,436510768.0000000000,21
300,33,0.3176745430,436507232.0000000000,16
300,34,0.3176779790,436508080.0000000000,18
300,35,0.3180406750,436425680.0000000000,31
300,36,0.3181479220,436354080.0000000000,10
300,37,0.3178852950,436512848.0000000000,5
300,38,0.3178936090,436500160.0000000000,4
300,39,0.3179038400,436517568.0000000000,28
300,40,0.3178219560,436515280.0000000000,25
300,41,0.3183214920,436503072.0000000000,30
300,42,0.3182233530,436520480.0000000000,13
300,43,0.3184941150,436509104.0000000000,15
300,44,0.3178713610,436355840.0000000000,19
300,45,0.0822362950,132113632.0000000000,14
300,46,0.0821072090,132149184.0000000000,19
300,47,0.0822794680,132141168.0000000000,13
300,48,0.0821396810,132143072.0000000000,18
300,49,0.0821865500,132139936.0000000000,15
300,50,0.0824477730,132145888.0000000000,20
300,51,0.0821077240,132141328.0000000000,21
300,52,0.0821297210,132136704.0000000000,16
300,53,0.0821141740,132116496.0000000000,17
300,54,0.0206758110,54827568.0000000000,30
300,55,0.0205756700,54827568.0000000000,29
300,56,0.0206744710,54827568.0000000000,27
300,57,0.0206605940,54827568.0000000000,28
300,58,0.0206415050,54827568.0000000000,25
300,59,0.0206700610,54827568.0000000000,24
300,60,0.0206769320,54827568.0000000000,22
300,61,0.0206456930,54827568.0000000000,31
300,62,0.0206393000,54827568.0000000000,23
300,63,0.0205638470,54827568.0000000000,31
300,64,0.0205576630,54827568.0000000000,29
300,65,0.0206919060,54827568.0000000000,30
300,66,0.0207217010,54827568.0000000000,24
300,67,0.0206402330,54827568.0000000000,31
300,68,0.0205961470,54827568.0000000000,25
300,69,0.0206721440,54827568.0000000000,27
300,70,0.0206644120,54827568.0000000000,31
300,71,0.0205988320,54827568.0000000000,22
300,72,0.0206741310,54827568.0000000000,31
300,73,0.0206276390,54827568.0000000000,27
300,74,0.0206533960,54827568.0000000000,23
300,75,0.0206791000,54827568.0000000000,28
300,76,0.0205798750,54827568.0000000000,25
300,77,0.0205900990,54827568.0000000000,29
300,78,0.0207237370,54827568.0000000000,30
300,79,0.0206465540,54827568.0000000000,24
300,80,0.0207230840,54827568.0000000000,24
300,81,0.0206037440,54827568.0000000000,13
300,82,0.0205212330,54827568.0000000000,29
300,83,0.0206347910,54827568.0000000000,17
300,84,0.0206188220,54827568.0000000000,26
300,85,0.0206693800,54827568.0000000000,26
300,86,0.0206456160,54827568.0000000000,25
300,87,0.0206854080,54827568.0000000000,22
300,88,0.0205545680,54827568.0000000000,13
300,89,0.0205858790,54827568.0000000000,27
300,90,0.0207070040,54827568.0000000000,30
300,91,0.0206183090,54827568.0000000000,25
300,92,0.0206851710,54827568.0000000000,28
300,93,0.0206488410,54827568.0000000000,19
300,94,0.0205839950,54827568.0000000000,29
300,95,0.0206433180,54827568.0000000000,27
300,96,0.0206194630,54827568.0000000000,26
300,97,0.0207071830,54827568.0000000000,26
300,98,0.0206905420,54827568.0000000000,30
300,99,0.0207093340,54827568.0000000000,21
300,100,0.0206589960,54827568.0000000000,23
300,101,0.0205777130,54827568.0000000000,16
300,102,0.0206315420,54827568.0000000000,22
300,103,0.0207348460,54827568.0000000000,14
300,104,0.0206778760,54827568.0000000000,24
300,105,0.0206691350,54827568.0000000000,23
300,106,0.0206286930,54827568.0000000000,28
300,107,0.0206672860,54827568.0000000000,26
300,108,0.0206523840,54827568.0000000000,20
300,109,0.0206277680,54827568.0000000000,23
300,110,0.0206334000,54827568.0000000000,16
300,111,0.0206677560,54827568.0000000000,14
300,112,0.0206553630,54827568.0000000000,15
300,113,0.0206309180,54827568.0000000000,18
300,114,0.0205987040,54827568.0000000000,15
300,115,0.0207112770,54827568.0000000000,22
300,116,0.0206210570,54827568.0000000000,28
300,117,0.0178561050,47074864.0000000000,4
300,118,0.0178956660,47074864.0000000000,10
300,119,0.0178555160,47074864.0000000000,7
300,120,0.0178109160,47074864.0000000000,19
300,121,0.0178643020,47074864.0000000000,17
300,122,0.0178949430,47074864.0000000000,20
300,123,0.0179273080,47074864.0000000000,21
300,124,0.0178957770,47074864.0000000000,21
300,125,0.0177999490,47074864.0000000000,16
300,126,0.0178738530,47074864.0000000000,21
300,127,0.0178124920,47074864.0000000000,18
300,128,0.0178745190,47074864.0000000000,14
300,129,0.0178248570,47074864.0000000000,18
300,130,0.0178248430,47074864.0000000000,19
300,131,0.0178710870,47074864.0000000000,15
300,132,0.0178897230,47074864.0000000000,20
300,133,0.0178106180,47074864.0000000000,7
300,134,0.0178508770,47074864.0000000000,17
300,135,0.0178472580,47074864.0000000000,19
300,136,0.0178374600,47074864.0000000000,13
300,137,0.0179323510,47074864.0000000000,15
300,138,0.0178721510,47074864.0000000000,9
300,139,0.0178402360,47074864.0000000000,5
300,140,0.0178878350,47074864.0000000000,14
300,141,0.0178419390,47074864.0000000000,16
300,142,0.0178452450,47074864.0000000000,6
300,143,0.0178363660,47074864.0000000000,13
300,144,0.0178858740,47074864.0000000000,17
300,145,0.0178147960,47074864.0000000000,18
300,146,0.0178837440,47074864.0000000000,20
300,147,0.0178873560,47074864.0000000000,4
300,148,0.0178672920,47074864.0000000000,11
300,149,0.0178821090,47074864.0000000000,8
300,150,0.0178929660,47074864.0000000000,12
300,151,0.0178595240,47074864.0000000000,6
300,152,0.0178418580,47074864.0000000000,5
350,0,7.7935419754,330607072.0000000000,5
350,1,7.9297262852,330229584.0000000000,6
350,2,8.0309428330,330477008.0000000000,11
350,3,8.0710467299,331342160.0000000000,9
350,4,8.1191979627,331940304.0000000000,10
350,5,8.1220494252,332550864.0000000000,8
350,6,8.1291694513,333648240.0000000000,12
350,7,7.9967885191,334198272.0000000000,4
350,8,7.8334605896,333117360.0000000000,7
350,9,10.2329980334,436389872.0000000000,24
350,10,10.2381874383,436505200.0000000000,23
350,11,10.2343670930,436520736.0000000000,20
350,12,10.2325895926,436511968.0000000000,27
350,13,10.2241733966,436513488.0000000000,29
350,14,10.2357495226,436513904.0000000000,12
350,15,10.2278853618,436505760.0000000000,8
350,16,10.2354633101,436511808.0000000000,11
350,17,10.2230578996,436376192.0000000000,0
350,18,10.2219536034,436420176.0000000000,6
350,19,10.2278291706,436506768.0000000000,17
350,20,10.2304036674,436510160.0000000000,7
350,21,10.2338733553,436508528.0000000000,22
350,22,10.2295837411,436507920.0000000000,3
350,23,10.2265384102,436506208.0000000000,1
350,24,10.2264186986,436511216.0000000000,1
350,25,10.2283586889,436510400.0000000000,3
350,26,10.2227883331,436421472.0000000000,26
350,27,10.2209190741,436423776.0000000000,0
350,28,10.2209308668,436508672.0000000000,9
350,29,10.2240760730,436513264.0000000000,2
350,30,10.2326368636,436507040.0000000000,14
350,31,10.2234635448,436512032.0000000000,2
350,32,10.2315178709,436513600.0000000000,21
350,33,10.2229516241,436509552.0000000000,16
350,34,10.2235082308,436511024.0000000000,18
350,35,10.2362874311,436414272.0000000000,31
350,36,10.2386269122,436330464.0000000000,10
350,37,10.2275892660,436513952.0000000000,5
350,38,10.2315088919,436499488.0000000000,4
350,39,10.2336542939,436520272.0000000000,28
350,40,10.2312324213,436513392.0000000000,25
350,41,10.2405658541,436506768.0000000000,30
350,42,10.2379801657,436521216.0000000000,13
350,43,10.2409463269,436511808.0000000000,15
350,44,10.2271003303,436334832.0000000000,19
350,45,2.6538708756,132106144.0000000000,14
350,46,2.6511105167,132152512.0000000000,19
350,47,2.6519958483,132139888.0000000000,13
350,48,2.6506130348,132140080.0000000000,18
350,49,2.6532448937,132141744.0000000000,15
350,50,2.6553179052,132144464.0000000000,20
350,51,2.6538561687,132139440.0000000000,21
350,52,2.6514964545,132136736.0000000000,16
350,53,2.6513955756,132109728.0000000000,17
350,54,0.6758135973,54827568.0000000000,30
350,55,0.6726193616,54827568.0000000000,29
350,56,0.6737892154,54827568.0000000000,27
350,57,0.6741552618,54827568.0000000000,28
350,58,0.6733222674,54827568.0000000000,25
350,59,0.6760812865,54827568.0000000000,24
350,60,0.6750403566,54827568.0000000000,22
350,61,0.6742680483,54827568.0000000000,31
350,62,0.6754111466,54827568.0000000000,23
350,63,0.6740598049,54827568.0000000000,31
350,64,0.6725662947,54827568.0000000000,29
350,65,0.6754780977,54827568.0000000000,30
350,66,0.6755536202,54827568.0000000000,24
350,67,0.6747123817,54827568.0000000000,31
350,68,0.6728949777,54827568.0000000000,25
350,69,0.6739651788,54827568.0000000000,27
350,70,0.6743454222,54827568.0000000000,31
350,71,0.6745339563,54827568.0000000000,22
350,72,0.6742578031,54827568.0000000000,31
350,73,0.6741912957,54827568.0000000000,27
350,74,0.6755310458,54827568.0000000000,23
350,75,0.6737608615,54827568.0000000000,28
350,76,0.6731818774,54827568.0000000000,25
350,77,0.6722497768,54827568.0000000000,29
350,78,0.6757554294,54827568.0000000000,30
350,79,0.6759069976,54827568.0000000000,24
350,80,0.6755671833,54827568.0000000000,24
350,81,0.6735319563,54827568.0000000000,13
350,82,0.6725199677,54827568.0000000000,29
350,83,0.6744206706,54827568.0000000000,17
350,84,0.6752679862,54827568.0000000000,26
350,85,0.6749271061,54827568.0000000000,26
350,86,0.6725415505,54827568.0000000000,25
350,87,0.6748525615,54827568.0000000000,22
350,88,0.6731343744,54827568.0000000000,13
350,89,0.6738404495,54827568.0000000000,27
350,90,0.6757965510,54827568.0000000000,30
350,91,0.6726953316,54827568.0000000000,25
350,92,0.6744085352,54827568.0000000000,28
350,93,0.6736013526,54827568.0000000000,19
350,94,0.6725712026,54827568.0000000000,29
350,95,0.6740197225,54827568.0000000000,27
350,96,0.6748350673,54827568.0000000000,26
350,97,0.6747731072,54827568.0000000000,26
350,98,0.6754613372,54827568.0000000000,30
350,99,0.6750559405,54827568.0000000000,21
350,100,0.6751968936,54827568.0000000000,23
350,101,0.6736038581,54827568.0000000000,16
350,102,0.6749341858,54827568.0000000000,22
350,103,0.6754411487,54827568.0000000000,14
350,104,0.6756692911,54827568.0000000000,24
350,105,0.6755096932,54827568.0000000000,23
350,106,0.6737293620,54827568.0000000000,28
350,107,0.6748269231,54827568.0000000000,26
350,108,0.6758129296,54827568.0000000000,20
350,109,0.6754730840,54827568.0000000000,23
350,110,0.6736362505,54827568.0000000000,16
350,111,0.6747110010,54827568.0000000000,14
350,112,0.6747214893,54827568.0000000000,15
350,113,0.6730324889,54827568.0000000000,18
350,114,0.6741437269,54827568.0000000000,15
350,115,0.6752053601,54827568.0000000000,22
350,116,0.6735091081,54827568.0000000000,28
350,117,0.5833523803,47074864.0000000000,4
350,118,0.5838978947,47074864.0000000000,10
350,119,0.5831579203,47074864.0000000000,7
350,120,0.5827357226,47074864.0000000000,19
350,121,0.5837575412,47074864.0000000000,17
350,122,0.5841887173,47074864.0000000000,20
350,123,0.5839276160,47074864.0000000000,21
350,124,0.5843002753,47074864.0000000000,21
350,125,0.5821576601,47074864.0000000000,16
350,126,0.5841880863,47074864.0000000000,21
350,127,0.5815029414,47074864.0000000000,18
350,128,0.5840545075,47074864.0000000000,14
350,129,0.5816203390,47074864.0000000000,18
350,130,0.5823981250,47074864.0000000000,19
350,131,0.5841640906,47074864.0000000000,15
350,132,0.5840953101,47074864.0000000000,20
350,133,0.5828898342,47074864.0000000000,7
350,134,0.5838068917,47074864.0000000000,17
350,135,0.5826309648,47074864.0000000000,19
350,136,0.5825939268,47074864.0000000000,13
350,137,0.5841588826,47074864.0000000000,15
350,138,0.5830347037,47074864.0000000000,9
350,139,0.5828847911,47074864.0000000000,5
350,140,0.5843472347,47074864.0000000000,14
350,141,0.5852432751,47074864.0000000000,16
350,142,0.5837604238,47074864.0000000000,6
350,143,0.5827583709,47074864.0000000000,13
350,144,0.5837415303,47074864.0000000000,17
350,145,0.5817621218,47074864.0000000000,18
350,146,0.5843058039,47074864.0000000000,20
350,147,0.5834839510,47074864.0000000000,4
350,148,0.5846097392,47074864.0000000000,11
350,149,0.5836860200,47074864.0000000000,8
350,150,0.5847662907,47074864.0000000000,12
350,151,0.5839219923,47074864.0000000000,6
350,152,0.5828024411,47074864.0000000000,5
400,0,0.2427064970,329976560.0000000000,5
400,1,0.2479358280,329358080.0000000000,6
400,2,0.2514336250,329869648.0000000000,11
400,3,0.2537224100,331165552.0000000000,9
400,4,0.2553576120,331894368.0000000000,10
400,5,0.2552786820,332609968.0000000000,8
400,6,0.2561712560,334188528.0000000000,12
400,7,0.2520273940,335233040.0000000000,4
400,8,0.2456742960,333653168.0000000000,7
400,9,0.3180128980,436377888.0000000000,24
400,10,0.3181162230,436505824.0000000000,23
400,11,0.3179386380,436523856.0000000000,20
400,12,0.3179940010,436508304.0000000000,27
400,13,0.3177029370,436514208.0000000000,29
400,14,0.3181123130,436512112.0000000000,12
400,15,0.3178294640,436502640.0000000000,8
400,16,0.3180503390,436513792.0000000000,11
400,17,0.3176384760,436361504.0000000000,0
400,18,0.3174596310,436411728.0000000000,6
400,19,0.3178059210,436511472.0000000000,17
400,20,0.3178026120,436508432.0000000000,7
400,21,0.3179873230,436512256.0000000000,22
400,22,0.3178589670,436508464.0000000000,3
400,23,0.3178425380,436510368.0000000000,1
400,24,0.3176955040,436513040.0000000000,1
400,25,0.3177858280,436508480.0000000000,3
400,26,0.3176587440,436415952.0000000000,26
400,27,0.3176291170,436419488.0000000000,0
400,28,0.3176070740,436506352.0000000000,9
400,29,0.3176124330,436509728.0000000000,2
400,30,0.3178767870,436508592.0000000000,14
400,31,0.3175440010,436509776.0000000000,2
400,32,0.3177464760,436511744.0000000000,21
400,33,0.3176065770,436508944.0000000000,16
400,34,0.3177226810,436512592.0000000000,18
400,35,0.3180679540,436412736.0000000000,31
400,36,0.3180975930,436304176.0000000000,10
400,37,0.3178734590,436515744.0000000000,5
400,38,0.3179408080,436503728.0000000000,4
400,39,0.3180669620,436513584.0000000000,28
400,40,0.3179272430,436516896.0000000000,25
400,41,0.3182542060,436508000.0000000000,30
400,42,0.3182231790,436520112.0000000000,13
400,43,0.3182981750,436505728.0000000000,15
400,44,0.3178958770,436309808.0000000000,19
400,45,0.0823411280,132098272.0000000000,14
400,46,0.0822022640,132151232.0000000000,19
400,47,0.0820847020,132139744.0000000000,13
400,48,0.0820665800,132141760.0000000000,18
400,49,0.0822735470,132143696.0000000000,15
400,50,0.0822439030,132143472.0000000000,20
400,51,0.0821734590,132138832.0000000000,21
400,52,0.0821106530,132137136.0000000000,16
400,53,0.0821201740,132103488.0000000000,17
400,54,0.0207446290,54827568.0000000000,30
400,55,0.0206251610,54827568.0000000000,29
400,56,0.0206223910,54827568.0000000000,27
400,57,0.0206321430,54827568.0000000000,28
400,58,0.0205373390,54827568.0000000000,25
400,59,0.0206746930,54827568.0000000000,24
400,60,0.0206275290,54827568.0000000000,22
400,61,0.0206298380,54827568.0000000000,31
400,62,0.0207352490,54827568.0000000000,23
400,63,0.0206454000,54827568.0000000000,31
400,64,0.0206358100,54827568.0000000000,29
400,65,0.0207315660,54827568.0000000000,30
400,66,0.0206891590,54827568.0000000000,24
400,67,0.0206868800,54827568.0000000000,31
400,68,0.0206390630,54827568.0000000000,25
400,69,0.0205804080,54827568.0000000000,27
400,70,0.0206330830,54827568.0000000000,31
400,71,0.0206370670,54827568.0000000000,22
400,72,0.0206528120,54827568.0000000000,31
400,73,0.0205857300,54827568.0000000000,27
400,74,0.0206866250,54827568.0000000000,23
400,75,0.0206870590,54827568.0000000000,28
400,76,0.0205731150,54827568.0000000000,25
400,77,0.0205719770,54827568.0000000000,29
400,78,0.0206926700,54827568.0000000000,30
400,79,0.0206828180,54827568.0000000000,24
400,80,0.0206755630,54827568.0000000000,24
400,81,0.0205760230,54827568.0000000000,13
400,82,0.0205850900,54827568.0000000000,29
400,83,0.0206670680,54827568.0000000000,17
400,84,0.0206848920,54827568.0000000000,26
400,85,0.0206861230,54827568.0000000000,26
400,86,0.0205350420,54827568.0000000000,25
400,87,0.0207186870,54827568.0000000000,22
400,88,0.0206004320,54827568.0000000000,13
400,89,0.0206523090,54827568.0000000000,27
400,90,0.0207410840,54827568.0000000000,30
400,91,0.0206313300,54827568.0000000000,25
400,92,0.0206472900,54827568.0000000000,28
400,93,0.0206421690,54827568.0000000000,19
400,94,0.0205489530,54827568.0000000000,29
400,95,0.0206300780,54827568.0000000000,27
400,96,0.0206592840,54827568.0000000000,26
400,97,0.0206775460,54827568.0000000000,26
400,98,0.0206638540,54827568.0000000000,30
400,99,0.0206409660,54827568.0000000000,21
400,100,0.0206588090,54827568.0000000000,23
400,101,0.0206815640,54827568.0000000000,16
400,102,0.0207019630,54827568.0000000000,22
400,103,0.0206609600,54827568.0000000000,14
400,104,0.0206852930,54827568.0000000000,24
400,105,0.0207432360,54827568.0000000000,23
400,106,0.0207005960,54827568.0000000000,28
400,107,0.0206342550,54827568.0000000000,26
400,108,0.0207120730,54827568.0000000000,20
400,109,0.0206461380,54827568.0000000000,23
400,110,0.0205972120,54827568.0000000000,16
400,111,0.0206717790,54827568.0000000000,14
400,112,0.0206779430,54827568.0000000000,15
400,113,0.0206436020,54827568.0000000000,18
400,114,0.0206943930,54827568.0000000000,15
400,115,0.0206826370,54827568.0000000000,22
400,116,0.0206953960,54827568.0000000000,28
400,117,0.0178665340,47074864.0000000000,4
400,118,0.0178287200,47074864.0000000000,10
400,119,0.0178863750,47074864.0000000000,7
400,120,0.0178324180,47074864.0000000000,19
400,121,0.0178723940,47074864.0000000000,17
400,122,0.0179127630,47074864.0000000000,20
400,123,0.0178395840,47074864.0000000000,21
400,124,0.0178801700,47074864.0000000000,21
400,125,0.0178184700,47074864.0000000000,16
400,126,0.0178881260,47074864.0000000000,21
400,127,0.0178032790,47074864.0000000000,18
400,128,0.0178561490,47074864.0000000000,14
400,129,0.0178183800,47074864.0000000000,18
400,130,0.0178093010,47074864.0000000000,19
400,131,0.0179158740,47074864.0000000000,15
400,132,0.0178530270,47074864.0000000000,20
400,133,0.0178598730,47074864.0000000000,7
400,134,0.0178437600,47074864.0000000000,17
400,135,0.0178308340,47074864.0000000000,19
400,136,0.0178372720,47074864.0000000000,13
400,137,0.0179146930,47074864.0000000000,15
400,138,0.0178498900,47074864.0000000000,9
400,139,0.0178621680,47074864.0000000000,5
400,140,0.0179322570,47074864.0000000000,14
400,141,0.0178242720,47074864.0000000000,16
400,142,0.0178631100,47074864.0000000000,6
400,143,0.0178318400,47074864.0000000000,13
400,144,0.0178834050,47074864.0000000000,17
400,145,0.0177997740,47074864.0000000000,18
400,146,0.0178843090,47074864.0000000000,20
400,147,0.0178577610,47074864.0000000000,4
400,148,0.0179124590,47074864.0000000000,11
400,149,0.0178935040,47074864.0000000000,8
400,150,0.0178922280,47074864.0000000000,12
400,151,0.0179078850,47074864.0000000000,6
400,152,0.0178524580,47074864.0000000000,5
450,0,7.8145009086,329330368.0000000000,5
450,1,7.9851462987,328416944.0000000000,6
450,2,8.1199447445,329188528.0000000000,11
450,3,8.1929535705,331014944.0000000000,9
450,4,8.2504482141,331838288.0000000000,10
450,5,8.2552467505,332612656.0000000000,8
450,6,8.2943037758,334823792.0000000000,12
450,7,8.1496165710,336472320.0000000000,4
450,8,7.9274376001,334249120.0000000000,7
450,9,10.2328301346,436368384.0000000000,24
450,10,10.2374520263,436505984.0000000000,23
450,11,10.2349191341,436522080.0000000000,20
450,12,10.2332718247,436510880.0000000000,27
450,13,10.2242586551,436516944.0000000000,29
450,14,10.2360978780,436513248.0000000000,12
450,15,10.2276027414,436504864.0000000000,8
450,16,10.2351628653,436510240.0000000000,11
450,17,10.2227578187,436358352.0000000000,0
450,18,10.2223315849,436407584.0000000000,6
450,19,10.2286729234,436510112.0000000000,17
450,20,10.2282884671,436508480.0000000000,7
450,21,10.2336038139,436508240.0000000000,22
450,22,10.2301275216,436507568.0000000000,3
450,23,10.2278991151,436506976.0000000000,1
450,24,10.2265803540,436513280.0000000000,1
450,25,10.2283284751,436508624.0000000000,3
450,26,10.2223247528,436411136.0000000000,26
450,27,10.2202829206,436411552.0000000000,0
450,28,10.2215849650,436506224.0000000000,9
450,29,10.2230779841,436509712.0000000000,2
450,30,10.2328649232,436510416.0000000000,14
450,31,10.2225346642,436512144.0000000000,2
450,32,10.2315081370,436512080.0000000000,21
450,33,10.2236032757,436510672.0000000000,16
450,34,10.2228111085,436508720.0000000000,18
450,35,10.2349246357,436411040.0000000000,31
450,36,10.2385376389,436283392.0000000000,10
450,37,10.2271705101,436519984.0000000000,5
450,38,10.2318127664,436503616.0000000000,4
450,39,10.2324162397,436510288.0000000000,28
450,40,10.2302815596,436516608.0000000000,25
450,41,10.2393778929,436511248.0000000000,30
450,42,10.2387367481,436516496.0000000000,13
450,43,10.2418934143,436505136.0000000000,15
450,44,10.2273212358,436286640.0000000000,19
450,45,2.6542129230,132090784.0000000000,14
450,46,2.6510407939,132150144.0000000000,19
450,47,2.6521221942,132139536.0000000000,13
450,48,2.6500281414,132145008.0000000000,18
450,49,2.6539475178,132144336.0000000000,15
450,50,2.6551830084,132143392.0000000000,20
450,51,2.6543397423,132139184.0000000000,21
450,52,2.6508075907,132142160.0000000000,16
450,53,2.6518702321,132095968.0000000000,17
450,54,0.6758119945,54827568.0000000000,30
450,55,0.6724139948,54827568.0000000000,29
450,56,0.6738382970,54827568.0000000000,27
450,57,0.6742325230,54827568.0000000000,28
450,58,0.6730503600,54827568.0000000000,25
450,59,0.6761802942,54827568.0000000000,24
450,60,0.6748486144,54827568.0000000000,22
450,61,0.6745059000,54827568.0000000000,31
450,62,0.6755189617,54827568.0000000000,23
450,63,0.6744109556,54827568.0000000000,31
450,64,0.6726560320,54827568.0000000000,29
450,65,0.6754886546,54827568.0000000000,30
450,66,0.6756377520,54827568.0000000000,24
450,67,0.6742927890,54827568.0000000000,31
450,68,0.6725707844,54827568.0000000000,25
450,69,0.6737165928,54827568.0000000000,27
450,70,0.6742289186,54827568.0000000000,31
450,71,0.6748333828,54827568.0000000000,22
450,72,0.6747680293,54827568.0000000000,31
450,73,0.6735622961,54827568.0000000000,27
450,74,0.6754822560,54827568.0000000000,23
450,75,0.6739423457,54827568.0000000000,28
450,76,0.6728572776,54827568.0000000000,25
450,77,0.6726818244,54827568.0000000000,29
450,78,0.6757380901,54827568.0000000000,30
450,79,0.6757587307,54827568.0000000000,24
450,80,0.6756942996,54827568.0000000000,24
450,81,0.6732315353,54827568.0000000000,13
450,82,0.6727135625,54827568.0000000000,29
450,83,0.6742002501,54827568.0000000000,17
450,84,0.6751285690,54827568.0000000000,26
450,85,0.6749528967,54827568.0000000000,26
450,86,0.6729325896,54827568.0000000000,25
450,87,0.6750520552,54827568.0000000000,22
450,88,0.6732145742,54827568.0000000000,13
450,89,0.6738163035,54827568.0000000000,27
450,90,0.6756207882,54827568.0000000000,30
450,91,0.6726149031,54827568.0000000000,25
450,92,0.6741140031,54827568.0000000000,28
450,93,0.6738219305,54827568.0000000000,19
450,94,0.6727157354,54827568.0000000000,29
450,95,0.6737517804,54827568.0000000000,27
450,96,0.6749045216,54827568.0000000000,26
450,97,0.6748183926,54827568.0000000000,26
450,98,0.6756146015,54827568.0000000000,30
450,99,0.6753239803,54827568.0000000000,21
450,100,0.6753970315,54827568.0000000000,23
450,101,0.6739225094,54827568.0000000000,16
450,102,0.6749177446,54827568.0000000000,22
450,103,0.6752782996,54827568.0000000000,14
450,104,0.6760858523,54827568.0000000000,24
450,105,0.6752858405,54827568.0000000000,23
450,106,0.6740531477,54827568.0000000000,28
450,107,0.6747830818,54827568.0000000000,26
450,108,0.6756247847,54827568.0000000000,20
450,109,0.6753036456,54827568.0000000000,23
450,110,0.6734379792,54827568.0000000000,16
450,111,0.6747948354,54827568.0000000000,14
450,112,0.6748401316,54827568.0000000000,15
450,113,0.6733403218,54827568.0000000000,18
450,114,0.6744334746,54827568.0000000000,15
450,115,0.6748514862,54827568.0000000000,22
450,116,0.6738428722,54827568.0000000000,28
450,117,0.5834378452,47074864.0000000000,4
450,118,0.5841310518,47074864.0000000000,10
450,119,0.5829126524,47074864.0000000000,7
450,120,0.5824923522,47074864.0000000000,19
450,121,0.5835534580,47074864.0000000000,17
450,122,0.5841786675,47074864.0000000000,20
450,123,0.5840300987,47074864.0000000000,21
450,124,0.5840371889,47074864.0000000000,21
450,125,0.5822454850,47074864.0000000000,16
450,126,0.5841636170,47074864.0000000000,21
450,127,0.5813597630,47074864.0000000000,18
450,128,0.5841690722,47074864.0000000000,14
450,129,0.5816287877,47074864.0000000000,18
450,130,0.5823355126,47074864.0000000000,19
450,131,0.5843681368,47074864.0000000000,15
450,132,0.5841457512,47074864.0000000000,20
450,133,0.5830833169,47074864.0000000000,7
450,134,0.5836689715,47074864.0000000000,17
450,135,0.5825669339,47074864.0000000000,19
450,136,0.5826973644,47074864.0000000000,13
450,137,0.5840977969,47074864.0000000000,15
450,138,0.5830676643,47074864.0000000000,9
450,139,0.5829014205,47074864.0000000000,5
450,140,0.5839965693,47074864.0000000000,14
450,141,0.5822393876,47074864.0000000000,16
450,142,0.5836991370,47074864.0000000000,6
450,143,0.5829109459,47074864.0000000000,13
450,144,0.5838229464,47074864.0000000000,17
450,145,0.5817698444,47074864.0000000000,18
450,146,0.5842359373,47074864.0000000000,20
450,147,0.5835109089,47074864.0000000000,4
450,148,0.5846568084,47074864.0000000000,11
450,149,0.5837165388,47074864.0000000000,8
450,150,0.5848354078,47074864.0000000000,12
450,151,0.5837825654,47074864.0000000000,6
450,152,0.5826211942,47074864.0000000000,5
500,0,0.2425627540,328618976.0000000000,5
500,1,0.2479839120,327271600.0000000000,6
500,2,0.2527754050,328317680.0000000000,11
500,3,0.2563670630,330863232.0000000000,9
500,4,0.2580986620,331761360.0000000000,10
500,5,0.2582789080,332561232.0000000000,8
500,6,0.2605877250,335613504.0000000000,12
500,7,0.2567286670,337874000.0000000000,4
500,8,0.2477597420,334848992.0000000000,7
500,9,0.3178505960,436357904.0000000000,24
500,10,0.3181297930,436506928.0000000000,23
500,11,0.3179689000,436524544.0000000000,20
500,12,0.3178460670,436511248.0000000000,27
500,13,0.3177476420,436518192.0000000000,29
500,14,0.3180075790,436513968.0000000000,12
500,15,0.3177570350,436507456.0000000000,8
500,16,0.3179638260,436513936.0000000000,11
500,17,0.3177482760,436345120.0000000000,0
500,18,0.3177042270,436406464.0000000000,6
500,19,0.3177687690,436512048.0000000000,17
500,20,0.3178908630,436510848.0000000000,7
500,21,0.3180147500,436504048.0000000000,22
500,22,0.3178725480,436508560.0000000000,3
500,23,0.3178317770,436507632.0000000000,1
500,24,0.3177362940,436512784.0000000000,1
500,25,0.3178619160,436509952.0000000000,3
500,26,0.3176325170,436402736.0000000000,26
500,27,0.3177766100,436403552.0000000000,0
500,28,0.3176170950,436509792.0000000000,9
500,29,0.3177590560,436508288.0000000000,2
500,30,0.3178901630,436509952.0000000000,14
500,31,0.3174009560,436514736.0000000000,2
500,32,0.3177545480,436511584.0000000000,21
500,33,0.3174882050,436511088.0000000000,16
500,34,0.3173940360,436508752.0000000000,18
500,35,0.3183481960,436405520.0000000000,31
500,36,0.3182105500,436261008.0000000000,10
500,37,0.3179952260,436522752.0000000000,5
500,38,0.3179063250,436498464.0000000000,4
500,39,0.3180249680,436517072.0000000000,28
500,40,0.3178859670,436515616.0000000000,25
500,41,0.3183713400,436511664.0000000000,30
500,42,0.3183447910,436512272.0000000000,13
500,43,0.3183638400,436509552.0000000000,15
500,44,0.3177374070,436260720.0000000000,19
500,45,0.0823957450,132083856.0000000000,14
500,46,0.0821097820,132147696.0000000000,19
500,47,0.0820333340,132139456.0000000000,13
500,48,0.0821020460,132144576.0000000000,18
500,49,0.0822105650,132144608.0000000000,15
500,50,0.0822215660,132141168.0000000000,20
500,51,0.0822911300,132142240.0000000000,21
500,52,0.0821416530,132141760.0000000000,16
500,53,0.0820638530,132091200.0000000000,17
500,54,0.0206867000,54827568.0000000000,30
500,55,0.0206508980,54827568.0000000000,29
500,56,0.0206109580,54827568.0000000000,27
500,57,0.0207251840,54827568.0000000000,28
500,58,0.0205848250,54827568.0000000000,25
500,59,0.0207729010,54827568.0000000000,24
500,60,0.0205804080,54827568.0000000000,22
500,61,0.0206608800,54827568.0000000000,31
500,62,0.0206516540,54827568.0000000000,23
500,63,0.0206252670,54827568.0000000000,31
500,64,0.0205650520,54827568.0000000000,29
500,65,0.0206877630,54827568.0000000000,30
500,66,0.0207103920,54827568.0000000000,24
500,67,0.0205831790,54827568.0000000000,31
500,68,0.0205874120,54827568.0000000000,25
500,69,0.0206911530,54827568.0000000000,27
500,70,0.0206379140,54827568.0000000000,31
500,71,0.0206601720,54827568.0000000000,22
500,72,0.0206569620,54827568.0000000000,31
500,73,0.0205578550,54827568.0000000000,27
500,74,0.0206982340,54827568.0000000000,23
500,75,0.0206225940,54827568.0000000000,28
500,76,0.0206194050,54827568.0000000000,25
500,77,0.0205336510,54827568.0000000000,29
500,78,0.0207201950,54827568.0000000000,30
500,79,0.0207011920,54827568.0000000000,24
500,80,0.0206004060,54827568.0000000000,24
500,81,0.0206213930,54827568.0000000000,13
500,82,0.0205527580,54827568.0000000000,29
500,83,0.0206445930,54827568.0000000000,17
500,84,0.0206852410,54827568.0000000000,26
500,85,0.0207093880,54827568.0000000000,26
500,86,0.0205621220,54827568.0000000000,25
500,87,0.0206646480,54827568.0000000000,22
500,88,0.0206592950,54827568.0000000000,13
500,89,0.0205619550,54827568.0000000000,27
500,90,0.0206822500,54827568.0000000000,30
500,91,0.0206506640,54827568.0000000000,25
500,92,0.0205353050,54827568.0000000000,28
500,93,0.0206258470,54827568.0000000000,19
500,94,0.0205771470,54827568.0000000000,29
500,95,0.0205916800,54827568.0000000000,27
500,96,0.0205459720,54827568.0000000000,26
500,97,0.0207026860,54827568.0000000000,26
500,98,0.0206635150,54827568.0000000000,30
500,99,0.0206845990,54827568.0000000000,21
500,100,0.0207334410,54827568.0000000000,23
500,101,0.0206095260,54827568.0000000000,16
500,102,0.0206486780,54827568.0000000000,22
500,103,0.0207389400,54827568.0000000000,14
500,104,0.0206283700,54827568.0000000000,24
500,105,0.0206323600,54827568.0000000000,23
500,106,0.0206283230,54827568.0000000000,28
500,107,0.0206375880,54827568.0000000000,26
500,108,0.0206443710,54827568.0000000000,20
500,109,0.0206381310,54827568.0000000000,23
500,110,0.0206457660,54827568.0000000000,16
500,111,0.0206025570,54827568.0000000000,14
500,112,0.0206004340,54827568.0000000000,15
500,113,0.0206280790,54827568.0000000000,18
500,114,0.0206277060,54827568.0000000000,15
500,115,0.0206141440,54827568.0000000000,22
500,116,0.0205932270,54827568.0000000000,28
500,117,0.0178920440,47074864.0000000000,4
500,118,0.0178631940,47074864.0000000000,10
500,119,0.0178487130,47074864.0000000000,7
500,120,0.0178088730,47074864.0000000000,19
500,121,0.0178492100,47074864.0000000000,17
500,122,0.0178733760,47074864.0000000000,20
500,123,0.0178687550,47074864.0000000000,21
500,124,0.0178623460,47074864.0000000000,21
500,125,0.0178157340,47074864.0000000000,16
500,126,0.0178582800,47074864.0000000000,21
500,127,0.0177960260,47074864.0000000000,18
500,128,0.0178906660,47074864.0000000000,14
500,129,0.0178082090,47074864.0000000000,18
500,130,0.0178363750,47074864.0000000000,19
500,131,0.0178486240,47074864.0000000000,15
500,132,0.0179063780,47074864.0000000000,20
500,133,0.0178445030,47074864.0000000000,7
500,134,0.0178704910,47074864.0000000000,17
500,135,0.0178342900,47074864.0000000000,19
500,136,0.0178402280,47074864.0000000000,13
500,137,0.0178735890,47074864.0000000000,15
500,138,0.0178282160,47074864.0000000000,9
500,139,0.0178472780,47074864.0000000000,5
500,140,0.0178766070,47074864.0000000000,14
500,141,0.0178425070,47074864.0000000000,16
500,142,0.0178626190,47074864.0000000000,6
500,143,0.0178160510,47074864.0000000000,13
500,144,0.0178859990,47074864.0000000000,17
500,145,0.0178195900,47074864.0000000000,18
500,146,0.0179070810,47074864.0000000000,20
500,147,0.0178369510,47074864.0000000000,4
500,148,0.0178793470,47074864.0000000000,11
500,149,0.0178610610,47074864.0000000000,8
500,150,0.0178793250,47074864.0000000000,12
500,151,0.0178768070,47074864.0000000000,6
500,152,0.0178727660,47074864.0000000000,5
550,0,7.7949596407,328000032.0000000000,5
550,1,7.9597759662,326168720.0000000000,6
550,2,8.1440060019,327314624.0000000000,11
550,3,8.2713875331,330751232.0000000000,9
550,4,8.3244992100,331687600.0000000000,10
550,5,8.3326445825,332458128.0000000000,8
550,6,8.4204666505,336640208.0000000000,12
550,7,8.2864181131,339337840.0000000000,4
550,8,7.9878153295,335408768.0000000000,7
550,9,10.2317773981,436349680.0000000000,24
550,10,10.2381688165,436506992.0000000000,23
550,11,10.2343464629,436525744.0000000000,20
550,12,10.2321564291,436505280.0000000000,27
550,13,10.2239902163,436518304.0000000000,29
550,14,10.2360236057,436511440.0000000000,12
550,15,10.2273581407,436510016.0000000000,8
550,16,10.2351777131,436512800.0000000000,11
550,17,10.2228339434,436339312.0000000000,0
550,18,10.2217812843,436406336.0000000000,6
550,19,10.2273897629,436506208.0000000000,17
550,20,10.2299374333,436509792.0000000000,7
550,21,10.2330834917,436509184.0000000000,22
550,22,10.2303092083,436511744.0000000000,3
550,23,10.2273311713,436508000.0000000000,1
550,24,10.2268547006,436508528.0000000000,1
550,25,10.2288052265,436514064.0000000000,3
550,26,10.2221269992,436399872.0000000000,26
550,27,10.2191534082,436401360.0000000000,0
550,28,10.2218574364,436506336.0000000000,9
550,29,10.2239476169,436514176.0000000000,2
550,30,10.2328260546,436511744.0000000000,14
550,31,10.2228700152,436514272.0000000000,2
550,32,10.2305732829,436513600.0000000000,21
550,33,10.2237729126,436510352.0000000000,16
550,34,10.2220354436,436511024.0000000000,18
550,35,10.2372214835,436400224.0000000000,31
550,36,10.2380478121,436237344.0000000000,10
550,37,10.2279135241,436524224.0000000000,5
550,38,10.2319442194,436500720.0000000000,4
550,39,10.2333593630,436515344.0000000000,28
550,40,10.2307604065,436513872.0000000000,25
550,41,10.2407846410,436507776.0000000000,30
550,42,10.2376990637,436516672.0000000000,13
550,43,10.2429070985,436505872.0000000000,15
550,44,10.2248713292,436237552.0000000000,19
550,45,2.6531297004,132080032.0000000000,14
550,46,2.6514193810,132148704.0000000000,19
550,47,2.6523468916,132137584.0000000000,13
550,48,2.6506515577,132144912.0000000000,18
550,49,2.6545219695,132142160.0000000000,15
550,50,2.6550975770,132142080.0000000000,20
550,51,2.6540734304,132141152.0000000000,21
550,52,2.6507645092,132143008.0000000000,16
550,53,2.6517028814,132085056.0000000000,17
550,54,0.6756812589,54827568.0000000000,30
550,55,0.6726057045,54827568.0000000000,29
550,56,0.6739181508,54827568.0000000000,27
550,57,0.6738894588,54827568.0000000000,28
550,58,0.6728258081,54827568.0000000000,25
550,59,0.6759703456,54827568.0000000000,24
550,60,0.6748400059,54827568.0000000000,22
550,61,0.6746012713,54827568.0000000000,31
550,62,0.6759424682,54827568.0000000000,23
550,63,0.6744673097,54827568.0000000000,31
550,64,0.6724344284,54827568.0000000000,29
550,65,0.6756184899,54827568.0000000000,30
550,66,0.6758253538,54827568.0000000000,24
550,67,0.6744165842,54827568.0000000000,31
550,68,0.6725610514,54827568.0000000000,25
550,69,0.6738444849,54827568.0000000000,27
550,70,0.6743587005,54827568.0000000000,31
550,71,0.6746557788,54827568.0000000000,22
550,72,0.6742908704,54827568.0000000000,31
550,73,0.6738442538,54827568.0000000000,27
550,74,0.6754196287,54827568.0000000000,23
550,75,0.6741352649,54827568.0000000000,28
550,76,0.6729820834,54827568.0000000000,25
550,77,0.6723947097,54827568.0000000000,29
550,78,0.6754947298,54827568.0000000000,30
550,79,0.6755931857,54827568.0000000000,24
550,80,0.6757557541,54827568.0000000000,24
550,81,0.6731612118,54827568.0000000000,13
550,82,0.6726145848,54827568.0000000000,29
550,83,0.6744068676,54827568.0000000000,17
550,84,0.6750529512,54827568.0000000000,26
550,85,0.6750744554,54827568.0000000000,26
550,86,0.6729209441,54827568.0000000000,25
550,87,0.6742183018,54827568.0000000000,22
550,88,0.6731304389,54827568.0000000000,13
550,89,0.6737127831,54827568.0000000000,27
550,90,0.6754714432,54827568.0000000000,30
550,91,0.6728781305,54827568.0000000000,25
550,92,0.6738361900,54827568.0000000000,28
550,93,0.6737503516,54827568.0000000000,19
550,94,0.6725596727,54827568.0000000000,29
550,95,0.6742697745,54827568.0000000000,27
550,96,0.6750704226,54827568.0000000000,26
550,97,0.6747781766,54827568.0000000000,26
550,98,0.6754779041,54827568.0000000000,30
550,99,0.6753011919,54827568.0000000000,21
550,100,0.6756817675,54827568.0000000000,23
550,101,0.6740553094,54827568.0000000000,16
550,102,0.6746020564,54827568.0000000000,22
550,103,0.6753718218,54827568.0000000000,14
550,104,0.6757368968,54827568.0000000000,24
550,105,0.6755368674,54827568.0000000000,23
550,106,0.6738313800,54827568.0000000000,28
550,107,0.6749876105,54827568.0000000000,26
550,108,0.6757748440,54827568.0000000000,20
550,109,0.6754034038,54827568.0000000000,23
550,110,0.6741472127,54827568.0000000000,16
550,111,0.6747054685,54827568.0000000000,14
550,112,0.6745121162,54827568.0000000000,15
550,113,0.6733329174,54827568.0000000000,18
550,114,0.6744100891,54827568.0000000000,15
550,115,0.6753569877,54827568.0000000000,22
550,116,0.6739749845,54827568.0000000000,28
550,117,0.5834057582,47074864.0000000000,4
550,118,0.5841183934,47074864.0000000000,10
550,119,0.5831434517,47074864.0000000000,7
550,120,0.5825176971,47074864.0000000000,19
550,121,0.5835727263,47074864.0000000000,17
550,122,0.5839740947,47074864.0000000000,20
550,123,0.5840661086,47074864.0000000000,21
550,124,0.5839521144,47074864.0000000000,21
550,125,0.5823188887,47074864.0000000000,16
550,126,0.5841962821,47074864.0000000000,21
550,127,0.5815575643,47074864.0000000000,18
550,128,0.5839466537,47074864.0000000000,14
550,129,0.5816743742,47074864.0000000000,18
550,130,0.5823397150,47074864.0000000000,19
550,131,0.5843319054,47074864.0000000000,15
550,132,0.5841677655,47074864.0000000000,20
550,133,0.5829230666,47074864.0000000000,7
550,134,0.5840045913,47074864.0000000000,17
550,135,0.5825026784,47074864.0000000000,19
550,136,0.5826199762,47074864.0000000000,13
550,137,0.5842103830,47074864.0000000000,15
550,138,0.5829198220,47074864.0000000000,9
550,139,0.5827077097,47074864.0000000000,5
550,140,0.5840330802,47074864.0000000000,14
550,141,0.5821495553,47074864.0000000000,16
550,142,0.5839065290,47074864.0000000000,6
550,143,0.5826864215,47074864.0000000000,13
550,144,0.5837580598,47074864.0000000000,17
550,145,0.5816261121,47074864.0000000000,18
550,146,0.5843329620,47074864.0000000000,20
550,147,0.5843853860,47074864.0000000000,4
550,148,0.5845533715,47074864.0000000000,11
550,149,0.5836656737,47074864.0000000000,8
550,150,0.5846654280,47074864.0000000000,12
550,151,0.5837799507,47074864.0000000000,6
550,152,0.5825609064,47074864.0000000000,5
600,0,0.2419402660,327403648.0000000000,5
600,1,0.2465231820,325039520.0000000000,6
600,2,0.2522023350,325942032.0000000000,11
600,3,0.2583843980,330600384.0000000000,9
600,4,0.2599548370,331605728.0000000000,10
600,5,0.2601870860,332274624.0000000000,8
600,6,0.2643628720,338056672.0000000000,12
600,7,0.2594372790,340730224.0000000000,4
600,8,0.2490588910,335902912.0000000000,7
600,9,0.3179700280,436336640.0000000000,24
600,10,0.3181381180,436510384.0000000000,23
600,11,0.3179640000,436523936.0000000000,20
600,12,0.3178677540,436504032.0000000000,27
600,13,0.3177555140,436517824.0000000000,29
600,14,0.3181483800,436511584.0000000000,12
600,15,0.3177210770,436511136.0000000000,8
600,16,0.3180315090,436510816.0000000000,11
600,17,0.3176560280,436332864.0000000000,0
600,18,0.3178926680,436399328.0000000000,6
600,19,0.3176380630,436506560.0000000000,17
600,20,0.3178724490,436509504.0000000000,7
600,21,0.3180255990,436510432.0000000000,22
600,22,0.3178931030,436513376.0000000000,3
600,23,0.3179345010,436508912.0000000000,1
600,24,0.3176882370,436507296.0000000000,1
600,25,0.3178240710,436512880.0000000000,3
600,26,0.3176952080,436399344.0000000000,26
600,27,0.3175268660,436402272.0000000000,0
600,28,0.3177752600,436508608.0000000000,9
600,29,0.3178084500,436511168.0000000000,2
600,30,0.3178641400,436511008.0000000000,14
600,31,0.3177008320,436511360.0000000000,2
600,32,0.3180913460,436512240.0000000000,21
600,33,0.3177127800,436509792.0000000000,16
600,34,0.3176648460,436507952.0000000000,18
600,35,0.3180860580,436396768.0000000000,31
600,36,0.3181596750,436210800.0000000000,10
600,37,0.3177680590,436518640.0000000000,5
600,38,0.3178445470,436503104.0000000000,4
600,39,0.3179751320,436520544.0000000000,28
600,40,0.3179936260,436518304.0000000000,25
600,41,0.3182766060,436508400.0000000000,30
600,42,0.3181533800,436512384.0000000000,13
600,43,0.3183789560,436504720.0000000000,15
600,44,0.3176881630,436220336.0000000000,19
600,45,0.0823469010,132070672.0000000000,14
600,46,0.0823422830,132152560.0000000000,19
600,47,0.0822184630,132137248.0000000000,13
600,48,0.0820931420,132143200.0000000000,18
600,49,0.0822708250,132137424.0000000000,15
600,50,0.0823712890,132146704.0000000000,20
600,51,0.0821896580,132141680.0000000000,21
600,52,0.0820912780,132142208.0000000000,16
600,53,0.0821044220,132078560.0000000000,17
600,54,0.0207217800,54827568.0000000000,30
600,55,0.0206314460,54827568.0000000000,29
600,56,0.0206154760,54827568.0000000000,27
600,57,0.0206018570,54827568.0000000000,28
600,58,0.0205986310,54827568.0000000000,25
600,59,0.0206766840,54827568.0000000000,24
600,60,0.0207255310,54827568.0000000000,22
600,61,0.0207438820,54827568.0000000000,31
600,62,0.0206577380,54827568.0000000000,23
600,63,0.0206401500,54827568.0000000000,31
600,64,0.0205968380,54827568.0000000000,29
600,65,0.0206475970,54827568.0000000000,30
600,66,0.0206771940,54827568.0000000000,24
600,67,0.0206765020,54827568.0000000000,31
600,68,0.0205753280,54827568.0000000000,25
600,69,0.0206785080,54827568.0000000000,27
600,70,0.0206728560,54827568.0000000000,31
600,71,0.0206773360,54827568.0000000000,22
600,72,0.0206838050,54827568.0000000000,31
600,73,0.0206281800,54827568.0000000000,27
600,74,0.0206913530,54827568.0000000000,23
600,75,0.0206506520,54827568.0000000000,28
600,76,0.0205359420,54827568.0000000000,25
600,77,0.0205571310,54827568.0000000000,29
600,78,0.0207423000,54827568.0000000000,30
600,79,0.0207006520,54827568.0000000000,24
600,80,0.0207126000,54827568.0000000000,24
600,81,0.0206052230,54827568.0000000000,13
600,82,0.0205715890,54827568.0000000000,29
600,83,0.0205792860,54827568.0000000000,17
600,84,0.0206724270,54827568.0000000000,26
600,85,0.0206193830,54827568.0000000000,26
600,86,0.0205600370,54827568.0000000000,25
600,87,0.0206657330,54827568.0000000000,22
600,88,0.0205778980,54827568.0000000000,13
600,89,0.0205929400,54827568.0000000000,27
600,90,0.0206496610,54827568.0000000000,30
600,91,0.0206281580,54827568.0000000000,25
600,92,0.0206507340,54827568.0000000000,28
600,93,0.0206220560,54827568.0000000000,19
600,94,0.0205665500,54827568.0000000000,29
600,95,0.0206929850,54827568.0000000000,27
600,96,0.0206097730,54827568.0000000000,26
600,97,0.0206432190,54827568.0000000000,26
600,98,0.0207139070,54827568.0000000000,30
600,99,0.0206435010,54827568.0000000000,21
600,100,0.0206576870,54827568.0000000000,23
600,101,0.0206586890,54827568.0000000000,16
600,102,0.0206836200,54827568.0000000000,22
600,103,0.0206655690,54827568.0000000000,14
600,104,0.0206999790,54827568.0000000000,24
600,105,0.0206451030,54827568.0000000000,23
600,106,0.0206237100,54827568.0000000000,28
600,107,0.0206850400,54827568.0000000000,26
600,108,0.0207113420,54827568.0000000000,20
600,109,0.0207094700,54827568.0000000000,23
600,110,0.0205985830,54827568.0000000000,16
600,111,0.0206524930,54827568.0000000000,14
600,112,0.0206549200,54827568.0000000000,15
600,113,0.0205834830,54827568.0000000000,18
600,114,0.0206768200,54827568.0000000000,15
600,115,0.0206880870,54827568.0000000000,22
600,116,0.0204855420,54827568.0000000000,28
600,117,0.0178875570,47074864.0000000000,4
600,118,0.0178703890,47074864.0000000000,10
600,119,0.0178450240,47074864.0000000000,7
600,120,0.0178719130,47074864.0000000000,19
600,121,0.0178390300,47074864.0000000000,17
600,122,0.0178704700,47074864.0000000000,20
600,123,0.0178778940,47074864.0000000000,21
600,124,0.0178545000,47074864.0000000000,21
600,125,0.0178389800,47074864.0000000000,16
600,126,0.0179054900,47074864.0000000000,21
600,127,0.0178303940,47074864.0000000000,18
600,128,0.0178636440,47074864.0000000000,14
600,129,0.0178189690,47074864.0000000000,18
600,130,0.0178726150,47074864.0000000000,19
600,131,0.0178689560,47074864.0000000000,15
600,132,0.0178858400,47074864.0000000000,20
600,133,0.0178268200,47074864.0000000000,7
600,134,0.0178884240,47074864.0000000000,17
600,135,0.0178460450,47074864.0000000000,19
600,136,0.0178515900,47074864.0000000000,13
600,137,0.0179123090,47074864.0000000000,15
600,138,0.0178764200,47074864.0000000000,9
600,139,0.0177969210,47074864.0000000000,5
600,140,0.0178765090,47074864.0000000000,14
600,141,0.0178175990,47074864.0000000000,16
600,142,0.0178591820,47074864.0000000000,6
600,143,0.0178616700,47074864.0000000000,13
600,144,0.0178428790,47074864.0000000000,17
600,145,0.0178488790,47074864.0000000000,18
600,146,0.0178933950,47074864.0000000000,20
600,147,0.0178611160,47074864.0000000000,4
600,148,0.0179429790,47074864.0000000000,11
600,149,0.0178494270,47074864.0000000000,8
600,150,0.0178736640,47074864.0000000000,12
600,151,0.0178804030,47074864.0000000000,6
600,152,0.0178521890,47074864.0000000000,5
650,0,7.7762337658,326941168.0000000000,5
650,1,7.9230108949,324084256.0000000000,6
650,2,8.0860570971,324387504.0000000000,11
650,3,8.3239654248,330345664.0000000000,9
650,4,8.3694595162,331456480.0000000000,10
650,5,8.3861681391,332052032.0000000000,8
650,6,8.5343081635,339773632.0000000000,12
650,7,8.3842122462,341994256.0000000000,4
650,8,8.0270965593,336358528.0000000000,7
650,9,10.2340228468,436324688.0000000000,24
650,10,10.2414173164,436520768.0000000000,23
650,11,10.2415745462,436558960.0000000000,20
650,12,10.2408817786,436583376.0000000000,27
650,13,10.2335241512,436624928.0000000000,29
650,14,10.2446000386,436601408.0000000000,12
650,15,10.2334048524,436546640.0000000000,8
650,16,10.2382332958,436520096.0000000000,11
650,17,10.2241465016,436325248.0000000000,0
650,18,10.2215872537,436399328.0000000000,6
650,19,10.2277234488,436511248.0000000000,17
650,20,10.2303475960,436509952.0000000000,7
650,21,10.2329229460,436507888.0000000000,22
650,22,10.2300036732,436512672.0000000000,3
650,23,10.2284185123,436514624.0000000000,1
650,24,10.2264836771,436507088.0000000000,1
650,25,10.2295264929,436511856.0000000000,3
650,26,10.2222830252,436398032.0000000000,26
650,27,10.2213317215,436400064.0000000000,0
650,28,10.2216393270,436509264.0000000000,9
650,29,10.2237256494,436507136.0000000000,2
650,30,10.2326493691,436517936.0000000000,14
650,31,10.2229624090,436509152.0000000000,2
650,32,10.2312392660,436512144.0000000000,21
650,33,10.2231715304,436508224.0000000000,16
650,34,10.2229142986,436513152.0000000000,18
650,35,10.2381076302,436394368.0000000000,31
650,36,10.2355272839,436184288.0000000000,10
650,37,10.2269333504,436522864.0000000000,5
650,38,10.2313524245,436506544.0000000000,4
650,39,10.2335723966,436518336.0000000000,28
650,40,10.2305103306,436518080.0000000000,25
650,41,10.2406125051,436504384.0000000000,30
650,42,10.2390569517,436515616.0000000000,13
650,43,10.2407862040,436498192.0000000000,15
650,44,10.2247633051,436202736.0000000000,19
650,45,2.6536163993,132065152.0000000000,14
650,46,2.6515305774,132150480.0000000000,19
650,47,2.6522449216,132135040.0000000000,13
650,48,2.6514094011,132143872.0000000000,18
650,49,2.6535872924,132133968.0000000000,15
650,50,2.6555310842,132147888.0000000000,20
650,51,2.6543618344,132141984.0000000000,21
650,52,2.6507715216,132147024.0000000000,16
650,53,2.6512675104,132072992.0000000000,17
650,54,0.6759333914,54827568.0000000000,30
650,55,0.6729004525,54827568.0000000000,29
650,56,0.6736377065,54827568.0000000000,27
650,57,0.6741809009,54827568.0000000000,28
650,58,0.6728726322,54827568.0000000000,25
650,59,0.6755873041,54827568.0000000000,24
650,60,0.6748038488,54827568.0000000000,22
650,61,0.6743552018,54827568.0000000000,31
650,62,0.6757387169,54827568.0000000000,23
650,63,0.6743927709,54827568.0000000000,31
650,64,0.6724626236,54827568.0000000000,29
650,65,0.6756400450,54827568.0000000000,30
650,66,0.6753820322,54827568.0000000000,24
650,67,0.6744801228,54827568.0000000000,31
650,68,0.6731344179,54827568.0000000000,25
650,69,0.6739150142,54827568.0000000000,27
650,70,0.6743518957,54827568.0000000000,31
650,71,0.6747095667,54827568.0000000000,22
650,72,0.6743373811,54827568.0000000000,31
650,73,0.6736521846,54827568.0000000000,27
650,74,0.6755701982,54827568.0000000000,23
650,75,0.6738275412,54827568.0000000000,28
650,76,0.6728630956,54827568.0000000000,25
650,77,0.6725950559,54827568.0000000000,29
650,78,0.6759185177,54827568.0000000000,30
650,79,0.6756760355,54827568.0000000000,24
650,80,0.6757462058,54827568.0000000000,24
650,81,0.6731638778,54827568.0000000000,13
650,82,0.6726678582,54827568.0000000000,29
650,83,0.6742661751,54827568.0000000000,17
650,84,0.6750554111,54827568.0000000000,26
650,85,0.6748895416,54827568.0000000000,26
650,86,0.6728560927,54827568.0000000000,25
650,87,0.6747353354,54827568.0000000000,22
650,88,0.6728281726,54827568.0000000000,13
650,89,0.6736626842,54827568.0000000000,27
650,90,0.6753330793,54827568.0000000000,30
650,91,0.6728375317,54827568.0000000000,25
650,92,0.6737903381,54827568.0000000000,28
650,93,0.6737502000,54827568.0000000000,19
650,94,0.6724789524,54827568.0000000000,29
650,95,0.6740878629,54827568.0000000000,27
650,96,0.6749130345,54827568.0000000000,26
650,97,0.6745874680,54827568.0000000000,26
650,98,0.6755030008,54827568.0000000000,30
650,99,0.6754371847,54827568.0000000000,21
650,100,0.6751453427,54827568.0000000000,23
650,101,0.6735860929,54827568.0000000000,16
650,102,0.6750908346,54827568.0000000000,22
650,103,0.6748537140,54827568.0000000000,14
650,104,0.6756043980,54827568.0000000000,24
650,105,0.6750401803,54827568.0000000000,23
650,106,0.6740236724,54827568.0000000000,28
650,107,0.6748489565,54827568.0000000000,26
650,108,0.6759966056,54827568.0000000000,20
650,109,0.6754553028,54827568.0000000000,23
650,110,0.6735204876,54827568.0000000000,16
650,111,0.6746421062,54827568.0000000000,14
650,112,0.6743986910,54827568.0000000000,15
650,113,0.6734884307,54827568.0000000000,18
650,114,0.6740910077,54827568.0000000000,15
650,115,0.6748395847,54827568.0000000000,22
650,116,0.6740944787,54827568.0000000000,28
650,117,0.5832310495,47074864.0000000000,4
650,118,0.5838253864,47074864.0000000000,10
650,119,0.5831534216,47074864.0000000000,7
650,120,0.5826469227,47074864.0000000000,19
650,121,0.5836885934,47074864.0000000000,17
650,122,0.5842117767,47074864.0000000000,20
650,123,0.5840265885,47074864.0000000000,21
650,124,0.5841453049,47074864.0000000000,21
650,125,0.5823030225,47074864.0000000000,16
650,126,0.5840846836,47074864.0000000000,21
650,127,0.5815145827,47074864.0000000000,18
650,128,0.5841220015,47074864.0000000000,14
650,129,0.5815720444,47074864.0000000000,18
650,130,0.5824281081,47074864.0000000000,19
650,131,0.5843839319,47074864.0000000000,15
650,132,0.5841896340,47074864.0000000000,20
650,133,0.5830692821,47074864.0000000000,7
650,134,0.5837072861,47074864.0000000000,17
650,135,0.5826595783,47074864.0000000000,19
650,136,0.5825672425,47074864.0000000000,13
650,137,0.5843997141,47074864.0000000000,15
650,138,0.5830265999,47074864.0000000000,9
650,139,0.5826968502,47074864.0000000000,5
650,140,0.5840622022,47074864.0000000000,14
650,141,0.5822963730,47074864.0000000000,16
650,142,0.5836602976,47074864.0000000000,6
650,143,0.5828366174,47074864.0000000000,13
650,144,0.5837744490,47074864.0000000000,17
650,145,0.5816830978,47074864.0000000000,18
650,146,0.5843191196,47074864.0000000000,20
650,147,0.5833881654,47074864.0000000000,4
650,148,0.5847271916,47074864.0000000000,11
650,149,0.5837280719,47074864.0000000000,8
650,150,0.5846453029,47074864.0000000000,12
650,151,0.5839056064,47074864.0000000000,6
650,152,0.5825873590,47074864.0000000000,5
700,0,0.2407243650,326513296.0000000000,5
700,1,0.2446724730,323154080.0000000000,6
700,2,0.2479982940,322259792.0000000000,11
700,3,0.2573478840,329218512.0000000000,9
700,4,0.2592151960,330481584.0000000000,10
700,5,0.2596138550,331262304.0000000000,8
700,6,0.2672155080,341354960.0000000000,12
700,7,0.2632821030,343134752.0000000000,4
700,8,0.2505643190,336759040.0000000000,7
700,9,0.3182199730,436322192.0000000000,24
700,10,0.3189441090,436595472.0000000000,23
700,11,0.3195087310,436906720.0000000000,20
700,12,0.3207094030,437456864.0000000000,27
700,13,0.3208544900,437781552.0000000000,29
700,14,0.3208327230,437465936.0000000000,12
700,15,0.3194078250,436902352.0000000000,8
700,16,0.3189315260,436599840.0000000000,11
700,17,0.3179965910,436328272.0000000000,0
700,18,0.3177154050,436395152.0000000000,6
700,19,0.3179032090,436511824.0000000000,17
700,20,0.3178596230,436509664.0000000000,7
700,21,0.3179733110,436510784.0000000000,22
700,22,0.3178310510,436508560.0000000000,3
700,23,0.3178283080,436513888.0000000000,1
700,24,0.3178177370,436511408.0000000000,1
700,25,0.3178023870,436509072.0000000000,3
700,26,0.3176824760,436397072.0000000000,26
700,27,0.3175365650,436395968.0000000000,0
700,28,0.3175955910,436513568.0000000000,9
700,29,0.3176146950,436506864.0000000000,2
700,30,0.3180611270,436509712.0000000000,14
700,31,0.3176175710,436506992.0000000000,2
700,32,0.3180062930,436513264.0000000000,21
700,33,0.3176628970,436506336.0000000000,16
700,34,0.3175603080,436510272.0000000000,18
700,35,0.3180747920,436392688.0000000000,31
700,36,0.3179321800,436166720.0000000000,10
700,37,0.3178611160,436518880.0000000000,5
700,38,0.3179314700,436505648.0000000000,4
700,39,0.3180375480,436524912.0000000000,28
700,40,0.3180271920,436515216.0000000000,25
700,41,0.3182251510,436503408.0000000000,30
700,42,0.3181530140,436513104.0000000000,13
700,43,0.3182744510,436500704.0000000000,15
700,44,0.3176966220,436181392.0000000000,19
700,45,0.0821465440,132057344.0000000000,14
700,46,0.0821604910,132149200.0000000000,19
700,47,0.0821107240,132136496.0000000000,13
700,48,0.0822557930,132141680.0000000000,18
700,49,0.0822578210,132137488.0000000000,15
700,50,0.0822699590,132147376.0000000000,20
700,51,0.0822354710,132142288.0000000000,21
700,52,0.0820599350,132145008.0000000000,16
700,53,0.0822789480,132066208.0000000000,17
700,54,0.0207186130,54827568.0000000000,30
700,55,0.0205544210,54827568.0000000000,29
700,56,0.0206964120,54827568.0000000000,27
700,57,0.0206453280,54827568.0000000000,28
700,58,0.0206415180,54827568.0000000000,25
700,59,0.0206102580,54827568.0000000000,24
700,60,0.0206667440,54827568.0000000000,22
700,61,0.0207671330,54827568.0000000000,31
700,62,0.0206678650,54827568.0000000000,23
700,63,0.0206600270,54827568.0000000000,31
700,64,0.0206239750,54827568.0000000000,29
700,65,0.0207200530,54827568.0000000000,30
700,66,0.0207025940,54827568.0000000000,24
700,67,0.0206708880,54827568.0000000000,31
700,68,0.0205662330,54827568.0000000000,25
700,69,0.0206500240,54827568.0000000000,27
700,70,0.0206620030,54827568.0000000000,31
700,71,0.0206653110,54827568.0000000000,22
700,72,0.0206555080,54827568.0000000000,31
700,73,0.0205323360,54827568.0000000000,27
700,74,0.0206431690,54827568.0000000000,23
700,75,0.0206413420,54827568.0000000000,28
700,76,0.0205988560,54827568.0000000000,25
700,77,0.0205837570,54827568.0000000000,29
700,78,0.0206204190,54827568.0000000000,30
700,79,0.0206948100,54827568.0000000000,24
700,80,0.0206877050,54827568.0000000000,24
700,81,0.0206672400,54827568.0000000000,13
700,82,0.0205864120,54827568.0000000000,29
700,83,0.0206929630,54827568.0000000000,17
700,84,0.0206195040,54827568.0000000000,26
700,85,0.0206905640,54827568.0000000000,26
700,86,0.0205768220,54827568.0000000000,25
700,87,0.0206181690,54827568.0000000000,22
700,88,0.0205837920,54827568.0000000000,13
700,89,0.0206448740,54827568.0000000000,27
700,90,0.0205825560,54827568.0000000000,30
700,91,0.0205910490,54827568.0000000000,25
700,92,0.0206202990,54827568.0000000000,28
700,93,0.0206708510,54827568.0000000000,19
700,94,0.0205726100,54827568.0000000000,29
700,95,0.0206751220,54827568.0000000000,27
700,96,0.0206110480,54827568.0000000000,26
700,97,0.0205802490,54827568.0000000000,26
700,98,0.0206443360,54827568.0000000000,30
700,99,0.0206632680,54827568.0000000000,21
700,100,0.0206890360,54827568.0000000000,23
700,101,0.0205961270,54827568.0000000000,16
700,102,0.0207277750,54827568.0000000000,22
700,103,0.0206699160,54827568.0000000000,14
700,104,0.0206828070,54827568.0000000000,24
700,105,0.0206665730,54827568.0000000000,23
700,106,0.0205530680,54827568.0000000000,28
700,107,0.0206725370,54827568.0000000000,26
700,108,0.0206819750,54827568.0000000000,20
700,109,0.0206578350,54827568.0000000000,23
700,110,0.0206082500,54827568.0000000000,16
700,111,0.0206315230,54827568.0000000000,14
700,112,0.0206730740,54827568.0000000000,15
700,113,0.0205964580,54827568.0000000000,18
700,114,0.0205811060,54827568.0000000000,15
700,115,0.0206559140,54827568.0000000000,22
700,116,0.0206251480,54827568.0000000000,28
700,117,0.0178508970,47074864.0000000000,4
700,118,0.0179000230,47074864.0000000000,10
700,119,0.0178692630,47074864.0000000000,7
700,120,0.0178314240,47074864.0000000000,19
700,121,0.0178298500,47074864.0000000000,17
700,122,0.0178996690,47074864.0000000000,20
700,123,0.0178659820,47074864.0000000000,21
700,124,0.0178827260,47074864.0000000000,21
700,125,0.0178251020,47074864.0000000000,16
700,126,0.0178855080,47074864.0000000000,21
700,127,0.0177990710,47074864.0000000000,18
700,128,0.0178709290,47074864.0000000000,14
700,129,0.0177644950,47074864.0000000000,18
700,130,0.0178503310,47074864.0000000000,19
700,131,0.0179084720,47074864.0000000000,15
700,132,0.0179030040,47074864.0000000000,20
700,133,0.0178340030,47074864.0000000000,7
700,134,0.0179027730,47074864.0000000000,17
700,135,0.0178178270,47074864.0000000000,19
700,136,0.0178344570,47074864.0000000000,13
700,137,0.0178524410,47074864.0000000000,15
700,138,0.0178588030,47074864.0000000000,9
700,139,0.0178394650,47074864.0000000000,5
700,140,0.0178990510,47074864.0000000000,14
700,141,0.0178208040,47074864.0000000000,16
700,142,0.0178657750,47074864.0000000000,6
700,143,0.0178431540,47074864.0000000000,13
700,144,0.0178402820,47074864.0000000000,17
700,145,0.0178560320,47074864.0000000000,18
700,146,0.0178944460,47074864.0000000000,20
700,147,0.0178777790,47074864.0000000000,4
700,148,0.0178874410,47074864.0000000000,11
700,149,0.0178635540,47074864.0000000000,8
700,150,0.0179000840,47074864.0000000000,12
700,151,0.0178727270,47074864.0000000000,6
700,152,0.0178469290,47074864.0000000000,5
750,0,7.7468257912,326125616.0000000000,5
750,1,7.8461907361,322319984.0000000000,6
750,2,7.9214162875,319536992.0000000000,11
750,3,8.2023023656,325946240.0000000000,9
750,4,8.2580682375,326962816.0000000000,10
750,5,8.2985696832,328849584.0000000000,8
750,6,8.5961044731,341914928.0000000000,12
750,7,8.4918284948,344117664.0000000000,4
750,8,8.0791156595,337170864.0000000000,7
750,9,10.2487373904,436337984.0000000000,24
750,10,10.2806786345,436857216.0000000000,23
750,11,10.3351607308,438157424.0000000000,20
750,12,10.4038368969,440599360.0000000000,27
750,13,10.4319451150,442099824.0000000000,29
750,14,10.4076809348,440633296.0000000000,12
750,15,10.3285806508,438157760.0000000000,8
750,16,10.2720381002,436859120.0000000000,11
750,17,10.2372049501,436355456.0000000000,0
750,18,10.2217834735,436394096.0000000000,6
750,19,10.2276387197,436511728.0000000000,17
750,20,10.2311055018,436505904.0000000000,7
750,21,10.2345001423,436511360.0000000000,22
750,22,10.2305697860,436512080.0000000000,3
750,23,10.2276679057,436506592.0000000000,1
750,24,10.2262097633,436513440.0000000000,1
750,25,10.2294016682,436512464.0000000000,3
750,26,10.2222887112,436395856.0000000000,26
750,27,10.2200243521,436390576.0000000000,0
750,28,10.2222348275,436510032.0000000000,9
750,29,10.2228041109,436513376.0000000000,2
750,30,10.2334481655,436508448.0000000000,14
750,31,10.2227332582,436507488.0000000000,2
750,32,10.2314059734,436515184.0000000000,21
750,33,10.2227528109,436507600.0000000000,16
750,34,10.2212291645,436513264.0000000000,18
750,35,10.2371247558,436389376.0000000000,31
750,36,10.2342796359,436145760.0000000000,10
750,37,10.2273069173,436513952.0000000000,5
750,38,10.2321352836,436508512.0000000000,4
750,39,10.2333340156,436522160.0000000000,28
750,40,10.2313487158,436509904.0000000000,25
750,41,10.2402265645,436506400.0000000000,30
750,42,10.2383154152,436516736.0000000000,13
750,43,10.2416362464,436503248.0000000000,15
750,44,10.2240463597,436162384.0000000000,19
750,45,2.6530330885,132053824.0000000000,14
750,46,2.6508499193,132147616.0000000000,19
750,47,2.6519160940,132139680.0000000000,13
750,48,2.6508218360,132142624.0000000000,18
750,49,2.6542318335,132139200.0000000000,15
750,50,2.6552219396,132142944.0000000000,20
750,51,2.6536030078,132141920.0000000000,21
750,52,2.6512147605,132141136.0000000000,16
750,53,2.6511699990,132058576.0000000000,17
750,54,0.6758280078,54827568.0000000000,30
750,55,0.6722855169,54827568.0000000000,29
750,56,0.6739435806,54827568.0000000000,27
750,57,0.6740190562,54827568.0000000000,28
750,58,0.6729996503,54827568.0000000000,25
750,59,0.6757930109,54827568.0000000000,24
750,60,0.6745712243,54827568.0000000000,22
750,61,0.6743834280,54827568.0000000000,31
750,62,0.6756373772,54827568.0000000000,23
750,63,0.6747764661,54827568.0000000000,31
750,64,0.6726779335,54827568.0000000000,29
750,65,0.6752867335,54827568.0000000000,30
750,66,0.6759963707,54827568.0000000000,24
750,67,0.6742450233,54827568.0000000000,31
750,68,0.6729057751,54827568.0000000000,25
750,69,0.6739107547,54827568.0000000000,27
750,70,0.6743125247,54827568.0000000000,31
750,71,0.6753026342,54827568.0000000000,22
750,72,0.6745076734,54827568.0000000000,31
750,73,0.6740999096,54827568.0000000000,27
750,74,0.6753839448,54827568.0000000000,23
750,75,0.6739643870,54827568.0000000000,28
750,76,0.6727976302,54827568.0000000000,25
750,77,0.6723818177,54827568.0000000000,29
750,78,0.6756197866,54827568.0000000000,30
750,79,0.6758131182,54827568.0000000000,24
750,80,0.6757162351,54827568.0000000000,24
750,81,0.6734639883,54827568.0000000000,13
750,82,0.6723960263,54827568.0000000000,29
750,83,0.6743820104,54827568.0000000000,17
750,84,0.6748731948,54827568.0000000000,26
750,85,0.6746319123,54827568.0000000000,26
750,86,0.6727140785,54827568.0000000000,25
750,87,0.6746625205,54827568.0000000000,22
750,88,0.6732594162,54827568.0000000000,13
750,89,0.6737748180,54827568.0000000000,27
750,90,0.6754218588,54827568.0000000000,30
750,91,0.6729645487,54827568.0000000000,25
750,92,0.6736759802,54827568.0000000000,28
750,93,0.6737789952,54827568.0000000000,19
750,94,0.6728089879,54827568.0000000000,29
750,95,0.6737217556,54827568.0000000000,27
750,96,0.6751558860,54827568.0000000000,26
750,97,0.6744643241,54827568.0000000000,26
750,98,0.6756340495,54827568.0000000000,30
750,99,0.6754263054,54827568.0000000000,21
750,100,0.6754448071,54827568.0000000000,23
750,101,0.6737028276,54827568.0000000000,16
750,102,0.6750963095,54827568.0000000000,22
750,103,0.6751517351,54827568.0000000000,14
750,104,0.6757533719,54827568.0000000000,24
750,105,0.6751137626,54827568.0000000000,23
750,106,0.6739045229,54827568.0000000000,28
750,107,0.6747842466,54827568.0000000000,26
750,108,0.6757375698,54827568.0000000000,20
750,109,0.6750652890,54827568.0000000000,23
750,110,0.6731337955,54827568.0000000000,16
750,111,0.6742997433,54827568.0000000000,14
750,112,0.6747076241,54827568.0000000000,15
750,113,0.6733025843,54827568.0000000000,18
750,114,0.6742158596,54827568.0000000000,15
750,115,0.6748957778,54827568.0000000000,22
750,116,0.6740578835,54827568.0000000000,28
750,117,0.5857036107,47074864.0000000000,4
750,118,0.5839581635,47074864.0000000000,10
750,119,0.5830781435,47074864.0000000000,7
750,120,0.5825327999,47074864.0000000000,19
750,121,0.5835332441,47074864.0000000000,17
750,122,0.5841494126,47074864.0000000000,20
750,123,0.5841310576,47074864.0000000000,21
750,124,0.5838964118,47074864.0000000000,21
750,125,0.5821616091,47074864.0000000000,16
750,126,0.5843337528,47074864.0000000000,21
750,127,0.5815113358,47074864.0000000000,18
750,128,0.5840858807,47074864.0000000000,14
750,129,0.5814681529,47074864.0000000000,18
750,130,0.5825762846,47074864.0000000000,19
750,131,0.5842430301,47074864.0000000000,15
750,132,0.5840998788,47074864.0000000000,20
750,133,0.5832181335,47074864.0000000000,7
750,134,0.5836435205,47074864.0000000000,17
750,135,0.5824689301,47074864.0000000000,19
750,136,0.5825842879,47074864.0000000000,13
750,137,0.5839677016,47074864.0000000000,15
750,138,0.5831972876,47074864.0000000000,9
750,139,0.5828646445,47074864.0000000000,5
750,140,0.5840842226,47074864.0000000000,14
750,141,0.5821753170,47074864.0000000000,16
750,142,0.5837404445,47074864.0000000000,6
750,143,0.5826563564,47074864.0000000000,13
750,144,0.5838097761,47074864.0000000000,17
750,145,0.5816221489,47074864.0000000000,18
750,146,0.5842317210,47074864.0000000000,20
750,147,0.5832730887,47074864.0000000000,4
750,148,0.5844484031,47074864.0000000000,11
750,149,0.5836605384,47074864.0000000000,8
750,150,0.5847439934,47074864.0000000000,12
750,151,0.5839441476,47074864.0000000000,6
750,152,0.5828203076,47074864.0000000000,5
800,0,0.2407806000,325645008.0000000000,5
800,1,0.2422170570,321315488.0000000000,6
800,2,0.2398597670,315430928.0000000000,11
800,3,0.2437182960,318420080.0000000000,9
800,4,0.2441235710,318281552.0000000000,10
800,5,0.2487415940,323004960.0000000000,8
800,6,0.2647445540,340984608.0000000000,12
800,7,0.2651977480,344872096.0000000000,4
800,8,0.2523685330,337657504.0000000000,7
800,9,0.3190483270,436374608.0000000000,24
800,10,0.3220264910,437379920.0000000000,23
800,11,0.3266697530,440721664.0000000000,20
800,12,0.3343471880,447256864.0000000000,27
800,13,0.3386167480,451300176.0000000000,29
800,14,0.3347248670,447428560.0000000000,12
800,15,0.3266363100,440807904.0000000000,8
800,16,0.3216081230,437401088.0000000000,11
800,17,0.3187657530,436411120.0000000000,0
800,18,0.3176287580,436393904.0000000000,6
800,19,0.3177137550,436507392.0000000000,17
800,20,0.3179058010,436508784.0000000000,7
800,21,0.3180502130,436511568.0000000000,22
800,22,0.3178660440,436511648.0000000000,3
800,23,0.3177882330,436509024.0000000000,1
800,24,0.3178038920,436509056.0000000000,1
800,25,0.3180424710,436512832.0000000000,3
800,26,0.3175305570,436388096.0000000000,26
800,27,0.3176843020,436388912.0000000000,0
800,28,0.3176652300,436511216.0000000000,9
800,29,0.3178882140,436512624.0000000000,2
800,30,0.3180391670,436508000.0000000000,14
800,31,0.3176129360,436507664.0000000000,2
800,32,0.3179426150,436509936.0000000000,21
800,33,0.3177053400,436507936.0000000000,16
800,34,0.3175806880,436510352.0000000000,18
800,35,0.3182032790,436393888.0000000000,31
800,36,0.3180053140,436120688.0000000000,10
800,37,0.3178549630,436516816.0000000000,5
800,38,0.3179105500,436509456.0000000000,4
800,39,0.3179847750,436523520.0000000000,28
800,40,0.3178059570,436509600.0000000000,25
800,41,0.3182695660,436505984.0000000000,30
800,42,0.3181510810,436520944.0000000000,13
800,43,0.3182116290,436503488.0000000000,15
800,44,0.3177292450,436134800.0000000000,19
800,45,0.0821782290,132048400.0000000000,14
800,46,0.0820534550,132147200.0000000000,19
800,47,0.0821957150,132138896.0000000000,13
800,48,0.0820814790,132144096.0000000000,18
800,49,0.0822196200,132138512.0000000000,15
800,50,0.0822396230,132144944.0000000000,20
800,51,0.0821751670,132140016.0000000000,21
800,52,0.0821405740,132140096.0000000000,16
800,53,0.0820636940,132053776.0000000000,17
800,54,0.0206709380,54827568.0000000000,30
800,55,0.0206134160,54827568.0000000000,29
800,56,0.0205641530,54827568.0000000000,27
800,57,0.0206743670,54827568.0000000000,28
800,58,0.0205974170,54827568.0000000000,25
800,59,0.0206615190,54827568.0000000000,24
800,60,0.0206608840,54827568.0000000000,22
800,61,0.0206628120,54827568.0000000000,31
800,62,0.0206923360,54827568.0000000000,23
800,63,0.0206613520,54827568.0000000000,31
800,64,0.0205437920,54827568.0000000000,29
800,65,0.0206969000,54827568.0000000000,30
800,66,0.0206377140,54827568.0000000000,24
800,67,0.0206694250,54827568.0000000000,31
800,68,0.0205323610,54827568.0000000000,25
800,69,0.0205809140,54827568.0000000000,27
800,70,0.0206249690,54827568.0000000000,31
800,71,0.0206284600,54827568.0000000000,22
800,72,0.0206364110,54827568.0000000000,31
800,73,0.0206656590,54827568.0000000000,27
800,74,0.0206486000,54827568.0000000000,23
800,75,0.0206192880,54827568.0000000000,28
800,76,0.0206553600,54827568.0000000000,25
800,77,0.0206166740,54827568.0000000000,29
800,78,0.0206037400,54827568.0000000000,30
800,79,0.0206800670,54827568.0000000000,24
800,80,0.0207031200,54827568.0000000000,24
800,81,0.0205839410,54827568.0000000000,13
800,82,0.0205961140,54827568.0000000000,29
800,83,0.0206446920,54827568.0000000000,17
800,84,0.0206441870,54827568.0000000000,26
800,85,0.0206125360,54827568.0000000000,26
800,86,0.0206177860,54827568.0000000000,25
800,87,0.0206844880,54827568.0000000000,22
800,88,0.0205920260,54827568.0000000000,13
800,89,0.0205842690,54827568.0000000000,27
800,90,0.0206989840,54827568.0000000000,30
800,91,0.0206179970,54827568.0000000000,25
800,92,0.0206081760,54827568.0000000000,28
800,93,0.0206612450,54827568.0000000000,19
800,94,0.0205441540,54827568.0000000000,29
800,95,0.0206287940,54827568.0000000000,27
800,96,0.0206605790,54827568.0000000000,26
800,97,0.0206878810,54827568.0000000000,26
800,98,0.0206611690,54827568.0000000000,30
800,99,0.0206544910,54827568.0000000000,21
800,100,0.0206795790,54827568.0000000000,23
800,101,0.0206556830,54827568.0000000000,16
800,102,0.0206958710,54827568.0000000000,22
800,103,0.0206761380,54827568.0000000000,14
800,104,0.0207096040,54827568.0000000000,24
800,105,0.0206909920,54827568.0000000000,23
800,106,0.0206381160,54827568.0000000000,28
800,107,0.0206000920,54827568.0000000000,26
800,108,0.0206614660,54827568.0000000000,20
800,109,0.0206722370,54827568.0000000000,23
800,110,0.0205971700,54827568.0000000000,16
800,111,0.0206910090,54827568.0000000000,14
800,112,0.0206528450,54827568.0000000000,15
800,113,0.0206047840,54827568.0000000000,18
800,114,0.0206071960,54827568.0000000000,15
800,115,0.0205879830,54827568.0000000000,22
800,116,0.0206139790,54827568.0000000000,28
800,117,0.0178616450,47074864.0000000000,4
800,118,0.0178157160,47074864.0000000000,10
800,119,0.0178227200,47074864.0000000000,7
800,120,0.0178492490,47074864.0000000000,19
800,121,0.0178596390,47074864.0000000000,17
800,122,0.0178903210,47074864.0000000000,20
800,123,0.0178893880,47074864.0000000000,21
800,124,0.0178714340,47074864.0000000000,21
800,125,0.0178490170,47074864.0000000000,16
800,126,0.0178604710,47074864.0000000000,21
800,127,0.0178110660,47074864.0000000000,18
800,128,0.0178620720,47074864.0000000000,14
800,129,0.0178019690,47074864.0000000000,18
800,130,0.0178396200,47074864.0000000000,19
800,131,0.0178384260,47074864.0000000000,15
800,132,0.0178775760,47074864.0000000000,20
800,133,0.0178217190,47074864.0000000000,7
800,134,0.0178604700,47074864.0000000000,17
800,135,0.0178719930,47074864.0000000000,19
800,136,0.0178203990,47074864.0000000000,13
800,137,0.0178544070,47074864.0000000000,15
800,138,0.0178522860,47074864.0000000000,9
800,139,0.0178489940,47074864.0000000000,5
800,140,0.0178408910,47074864.0000000000,14
800,141,0.0178393100,47074864.0000000000,16
800,142,0.0178917940,47074864.0000000000,6
800,143,0.0178638950,47074864.0000000000,13
800,144,0.0178832340,47074864.0000000000,17
800,145,0.0177884530,47074864.0000000000,18
800,146,0.0179017440,47074864.0000000000,20
800,147,0.0178788380,47074864.0000000000,4
800,148,0.0179028730,47074864.0000000000,11
800,149,0.0178700500,47074864.0000000000,8
800,150,0.0178834010,47074864.0000000000,12
800,151,0.0178715440,47074864.0000000000,6
800,152,0.0178669060,47074864.0000000000,5
850,0,7.7443720643,325101600.0000000000,5
850,1,7.7726491409,320256000.0000000000,6
850,2,7.6094258854,310863424.0000000000,11
850,3,7.6151183515,308002432.0000000000,9
850,4,7.5827161133,305946960.0000000000,10
850,5,7.8186733661,314763808.0000000000,8
850,6,8.4637390161,338476448.0000000000,12
850,7,8.5452969319,345535248.0000000000,4
850,8,8.1548909913,338280896.0000000000,7
850,9,10.2812391970,436416048.0000000000,24
850,10,10.3921076222,438129984.0000000000,23
850,11,10.6061022114,444324592.0000000000,20
850,12,10.9734711090,456693424.0000000000,27
850,13,11.1901247803,464586400.0000000000,29
850,14,10.9883966230,457296992.0000000000,12
850,15,10.6049484302,444618592.0000000000,8
850,16,10.3742802541,438175232.0000000000,11
850,17,10.2621389735,436488176.0000000000,0
850,18,10.2227441877,436389648.0000000000,6
850,19,10.2278174141,436507600.0000000000,17
850,20,10.2313753762,436506576.0000000000,7
850,21,10.2334555386,436510112.0000000000,22
850,22,10.2300649214,436512272.0000000000,3
850,23,10.2278209915,436510368.0000000000,1
850,24,10.2265822041,436514080.0000000000,1
850,25,10.2285470557,436513472.0000000000,3
850,26,10.2225594145,436385920.0000000000,26
850,27,10.2203798475,436385952.0000000000,0
850,28,10.2213511649,436508672.0000000000,9
850,29,10.2225490591,436510912.0000000000,2
850,30,10.2321949857,436510800.0000000000,14
850,31,10.2220595234,436509504.0000000000,2
850,32,10.2313596749,436508832.0000000000,21
850,33,10.2229995189,436508400.0000000000,16
850,34,10.2218936223,436506448.0000000000,18
850,35,10.2364700387,436387520.0000000000,31
850,36,10.2343409290,436096304.0000000000,10
850,37,10.2269735445,436520144.0000000000,5
850,38,10.2317504820,436507008.0000000000,4
850,39,10.2337658324,436523680.0000000000,28
850,40,10.2315118575,436510288.0000000000,25
850,41,10.2404574190,436505392.0000000000,30
850,42,10.2386608770,436524016.0000000000,13
850,43,10.2414038572,436506560.0000000000,15
850,44,10.2221555485,436117968.0000000000,19
850,45,2.6531080779,132042096.0000000000,14
850,46,2.6515965956,132146688.0000000000,19
850,47,2.6522101691,132142096.0000000000,13
850,48,2.6500218771,132145680.0000000000,18
850,49,2.6532796517,132138384.0000000000,15
850,50,2.6552644663,132142752.0000000000,20
850,51,2.6544333444,132141504.0000000000,21
850,52,2.6513474738,132136608.0000000000,16
850,53,2.6510151739,132048960.0000000000,17
850,54,0.6756246755,54827568.0000000000,30
850,55,0.6726651403,54827568.0000000000,29
850,56,0.6737378756,54827568.0000000000,27
850,57,0.6741190879,54827568.0000000000,28
850,58,0.6729900924,54827568.0000000000,25
850,59,0.6758284841,54827568.0000000000,24
850,60,0.6750346202,54827568.0000000000,22
850,61,0.6745493682,54827568.0000000000,31
850,62,0.6758272526,54827568.0000000000,23
850,63,0.6745883186,54827568.0000000000,31
850,64,0.6722189295,54827568.0000000000,29
850,65,0.6754526278,54827568.0000000000,30
850,66,0.6756383936,54827568.0000000000,24
850,67,0.6743142939,54827568.0000000000,31
850,68,0.6724256168,54827568.0000000000,25
850,69,0.6740326174,54827568.0000000000,27
850,70,0.6745962167,54827568.0000000000,31
850,71,0.6750216736,54827568.0000000000,22
850,72,0.6744180696,54827568.0000000000,31
850,73,0.6735141063,54827568.0000000000,27
850,74,0.6752852689,54827568.0000000000,23
850,75,0.6737464340,54827568.0000000000,28
850,76,0.6728005785,54827568.0000000000,25
850,77,0.6721365884,54827568.0000000000,29
850,78,0.6756839157,54827568.0000000000,30
850,79,0.6758071951,54827568.0000000000,24
850,80,0.6757732377,54827568.0000000000,24
850,81,0.6733854851,54827568.0000000000,13
850,82,0.6725534566,54827568.0000000000,29
850,83,0.6745189256,54827568.0000000000,17
850,84,0.6752124258,54827568.0000000000,26
850,85,0.6748730754,54827568.0000000000,26
850,86,0.6726495108,54827568.0000000000,25
850,87,0.6747019580,54827568.0000000000,22
850,88,0.6729513801,54827568.0000000000,13
850,89,0.6739508994,54827568.0000000000,27
850,90,0.6753714856,54827568.0000000000,30
850,91,0.6725248130,54827568.0000000000,25
850,92,0.6741021178,54827568.0000000000,28
850,93,0.6735933314,54827568.0000000000,19
850,94,0.6723214506,54827568.0000000000,29
850,95,0.6737916658,54827568.0000000000,27
850,96,0.6747480660,54827568.0000000000,26
850,97,0.6750269425,54827568.0000000000,26
850,98,0.6753449516,54827568.0000000000,30
850,99,0.6750638977,54827568.0000000000,21
850,100,0.6752802309,54827568.0000000000,23
850,101,0.6737617747,54827568.0000000000,16
850,102,0.6750198639,54827568.0000000000,22
850,103,0.6749331305,54827568.0000000000,14
850,104,0.6757053844,54827568.0000000000,24
850,105,0.6751513980,54827568.0000000000,23
850,106,0.6739624980,54827568.0000000000,28
850,107,0.6750237287,54827568.0000000000,26
850,108,0.6757093534,54827568.0000000000,20
850,109,0.6750766965,54827568.0000000000,23
850,110,0.6734183836,54827568.0000000000,16
850,111,0.6746628314,54827568.0000000000,14
850,112,0.6744365877,54827568.0000000000,15
850,113,0.6731209989,54827568.0000000000,18
850,114,0.6742166912,54827568.0000000000,15
850,115,0.6748396866,54827568.0000000000,22
850,116,0.6740411883,54827568.0000000000,28
850,117,0.5834731812,47074864.0000000000,4
850,118,0.5838944800,47074864.0000000000,10
850,119,0.5830730507,47074864.0000000000,7
850,120,0.5825363351,47074864.0000000000,19
850,121,0.5836764177,47074864.0000000000,17
850,122,0.5842264901,47074864.0000000000,20
850,123,0.5840834053,47074864.0000000000,21
850,124,0.5839984892,47074864.0000000000,21
850,125,0.5820230200,47074864.0000000000,16
850,126,0.5841914415,47074864.0000000000,21
850,127,0.5815137120,47074864.0000000000,18
850,128,0.5839840433,47074864.0000000000,14
850,129,0.5813707210,47074864.0000000000,18
850,130,0.5825262009,47074864.0000000000,19
850,131,0.5842487996,47074864.0000000000,15
850,132,0.5840457062,47074864.0000000000,20
850,133,0.5829288228,47074864.0000000000,7
850,134,0.5834360225,47074864.0000000000,17
850,135,0.5825401630,47074864.0000000000,19
850,136,0.5826667689,47074864.0000000000,13
850,137,0.5842541481,47074864.0000000000,15
850,138,0.5830729033,47074864.0000000000,9
850,139,0.5827047900,47074864.0000000000,5
850,140,0.5842029719,47074864.0000000000,14
850,141,0.5821566053,47074864.0000000000,16
850,142,0.5838263059,47074864.0000000000,6
850,143,0.5825238693,47074864.0000000000,13
850,144,0.5837860348,47074864.0000000000,17
850,145,0.5816574214,47074864.0000000000,18
850,146,0.5843219725,47074864.0000000000,20
850,147,0.5834184919,47074864.0000000000,4
850,148,0.5843442025,47074864.0000000000,11
850,149,0.5836185577,47074864.0000000000,8
850,150,0.5845776233,47074864.0000000000,12
850,151,0.5838750309,47074864.0000000000,6
850,152,0.5827748459,47074864.0000000000,5
900,0,0.2407828770,324402688.0000000000,5
900,1,0.2404912670,319065808.0000000000,6
900,2,0.2292780950,306183024.0000000000,11
900,3,0.2178785760,295699616.0000000000,9
900,4,0.2132533840,291180112.0000000000,10
900,5,0.2269443050,304917296.0000000000,8
900,6,0.2580261290,334913072.0000000000,12
900,7,0.2673306180,346401120.0000000000,4
900,8,0.2552840430,339051568.0000000000,7
900,9,0.3203845850,436441888.0000000000,24
900,10,0.3255915270,438849024.0000000000,23
900,11,0.3371747570,447881040.0000000000,20
900,12,0.3579752260,466206256.0000000000,27
900,13,0.3712305090,478255328.0000000000,29
900,14,0.3596817850,467697088.0000000000,12
900,15,0.3376310240,448625616.0000000000,8
900,16,0.3252048140,438954192.0000000000,11
900,17,0.3197536340,436574752.0000000000,0
900,18,0.3175941920,436386928.0000000000,6
900,19,0.3179095770,436504896.0000000000,17
900,20,0.3179322210,436510224.0000000000,7
900,21,0.3179297210,436513008.0000000000,22
900,22,0.3179624330,436508976.0000000000,3
900,23,0.3178566670,436512528.0000000000,1
900,24,0.3176592130,436510704.0000000000,1
900,25,0.3178812930,436510688.0000000000,3
900,26,0.3175119450,436386352.0000000000,26
900,27,0.3175041950,436386160.0000000000,0
900,28,0.3176696200,436509408.0000000000,9
900,29,0.3176898620,436510352.0000000000,2
900,30,0.3179418370,436505424.0000000000,14
900,31,0.3176872690,436513344.0000000000,2
900,32,0.3180508460,436506464.0000000000,21
900,33,0.3177872690,436513936.0000000000,16
900,34,0.3176180650,436509984.0000000000,18
900,35,0.3181346070,436385584.0000000000,31
900,36,0.3180918670,436071632.0000000000,10
900,37,0.3179276120,436519392.0000000000,5
900,38,0.3179061130,436507440.0000000000,4
900,39,0.3179635350,436525696.0000000000,28
900,40,0.3178583430,436505968.0000000000,25
900,41,0.3182392000,436509696.0000000000,30
900,42,0.3181819140,436521184.0000000000,13
900,43,0.3181965320,436505680.0000000000,15
900,44,0.3175715330,436094576.0000000000,19
900,45,0.0822974680,132035856.0000000000,14
900,46,0.0820905230,132144912.0000000000,19
900,47,0.0820575730,132140432.0000000000,13
900,48,0.0822494040,132147456.0000000000,18
900,49,0.0821975230,132139776.0000000000,15
900,50,0.0822830250,132142416.0000000000,20
900,51,0.0821475500,132140176.0000000000,21
900,52,0.0821753890,132134864.0000000000,16
900,53,0.0821401400,132041808.0000000000,17
900,54,0.0207059670,54827568.0000000000,30
900,55,0.0206381050,54827568.0000000000,29
900,56,0.0206225260,54827568.0000000000,27
900,57,0.0206825120,54827568.0000000000,28
900,58,0.0206767700,54827568.0000000000,25
900,59,0.0206859490,54827568.0000000000,24
900,60,0.0206586300,54827568.0000000000,22
900,61,0.0206350910,54827568.0000000000,31
900,62,0.0207079760,54827568.0000000000,23
900,63,0.0206877110,54827568.0000000000,31
900,64,0.0205585390,54827568.0000000000,29
900,65,0.0206691180,54827568.0000000000,30
900,66,0.0205773480,54827568.0000000000,24
900,67,0.0206915980,54827568.0000000000,31
900,68,0.0205710540,54827568.0000000000,25
900,69,0.0205971350,54827568.0000000000,27
900,70,0.0206542460,54827568.0000000000,31
900,71,0.0206329000,54827568.0000000000,22
900,72,0.0206847870,54827568.0000000000,31
900,73,0.0206713780,54827568.0000000000,27
900,74,0.0206113880,54827568.0000000000,23
900,75,0.0206347010,54827568.0000000000,28
900,76,0.0205704360,54827568.0000000000,25
900,77,0.0205493640,54827568.0000000000,29
900,78,0.0206630750,54827568.0000000000,30
900,79,0.0206912300,54827568.0000000000,24
900,80,0.0207045120,54827568.0000000000,24
900,81,0.0206377360,54827568.0000000000,13
900,82,0.0206443180,54827568.0000000000,29
900,83,0.0206151460,54827568.0000000000,17
900,84,0.0206595760,54827568.0000000000,26
900,85,0.0206447660,54827568.0000000000,26
900,86,0.0205817070,54827568.0000000000,25
900,87,0.0207392480,54827568.0000000000,22
900,88,0.0205743040,54827568.0000000000,13
900,89,0.0206542880,54827568.0000000000,27
900,90,0.0207018480,54827568.0000000000,30
900,91,0.0206169360,54827568.0000000000,25
900,92,0.0207119890,54827568.0000000000,28
900,93,0.0206328100,54827568.0000000000,19
900,94,0.0205121020,54827568.0000000000,29
900,95,0.0206449690,54827568.0000000000,27
900,96,0.0206355400,54827568.0000000000,26
900,97,0.0206710690,54827568.0000000000,26
900,98,0.0206772520,54827568.0000000000,30
900,99,0.0207278640,54827568.0000000000,21
900,100,0.0207154010,54827568.0000000000,23
900,101,0.0206307470,54827568.0000000000,16
900,102,0.0206789220,54827568.0000000000,22
900,103,0.0206714510,54827568.0000000000,14
900,104,0.0206403310,54827568.0000000000,24
900,105,0.0206078220,54827568.0000000000,23
900,106,0.0205858440,54827568.0000000000,28
900,107,0.0206890850,54827568.0000000000,26
900,108,0.0207131170,54827568.0000000000,20
900,109,0.0206742830,54827568.0000000000,23
900,110,0.0206270500,54827568.0000000000,16
900,111,0.0207134130,54827568.0000000000,14
900,112,0.0206710480,54827568.0000000000,15
900,113,0.0205930350,54827568.0000000000,18
900,114,0.0206670320,54827568.0000000000,15
900,115,0.0206807640,54827568.0000000000,22
900,116,0.0205764470,54827568.0000000000,28
900,117,0.0178515190,47074864.0000000000,4
900,118,0.0178378180,47074864.0000000000,10
900,119,0.0178526500,47074864.0000000000,7
900,120,0.0178087030,47074864.0000000000,19
900,121,0.0178884660,47074864.0000000000,17
900,122,0.0178909510,47074864.0000000000,20
900,123,0.0178891490,47074864.0000000000,21
900,124,0.0178668750,47074864.0000000000,21
900,125,0.0178142140,47074864.0000000000,16
900,126,0.0178965930,47074864.0000000000,21
900,127,0.0178357450,47074864.0000000000,18
900,128,0.0178962860,47074864.0000000000,14
900,129,0.0178324770,47074864.0000000000,18
900,130,0.0177996460,47074864.0000000000,19
900,131,0.0179180600,47074864.0000000000,15
900,132,0.0178749310,47074864.0000000000,20
900,133,0.0178391720,47074864.0000000000,7
900,134,0.0178441510,47074864.0000000000,17
900,135,0.0178388340,47074864.0000000000,19
900,136,0.0178300680,47074864.0000000000,13
900,137,0.0178659970,47074864.0000000000,15
900,138,0.0178166480,47074864.0000000000,9
900,139,0.0178514680,47074864.0000000000,5
900,140,0.0178969550,47074864.0000000000,14
900,141,0.0178019100,47074864.0000000000,16
900,142,0.0178531900,47074864.0000000000,6
900,143,0.0178046590,47074864.0000000000,13
900,144,0.0178933060,47074864.0000000000,17
900,145,0.0178008560,47074864.0000000000,18
900,146,0.0178690090,47074864.0000000000,20
900,147,0.0178540110,47074864.0000000000,4
900,148,0.0178735980,47074864.0000000000,11
900,149,0.0178764330,47074864.0000000000,8
900,150,0.0179502700,47074864.0000000000,12
900,151,0.0178951910,47074864.0000000000,6
900,152,0.0178430710,47074864.0000000000,5
950,0,7.7421605469,323643664.0000000000,5
950,1,7.7315364237,318045600.0000000000,6
950,2,7.3145043600,303220432.0000000000,11
950,3,6.8209270288,286646912.0000000000,9
950,4,6.6155234245,280329664.0000000000,10
950,5,7.1410666812,297635776.0000000000,8
950,6,8.2548548579,332011424.0000000000,12
950,7,8.6412346217,347749264.0000000000,4
950,8,8.2517042766,339982288.0000000000,7
950,9,10.3215569764,436449696.0000000000,24
950,10,10.5094286553,439350896.0000000000,23
950,11,10.9206063395,450346832.0000000000,20
950,12,11.6853670055,472736752.0000000000,27
950,13,12.1818196431,488093184.0000000000,29
950,14,11.7680903598,475530144.0000000000,12
950,15,10.9511862001,451718160.0000000000,8
950,16,10.4780995596,439562016.0000000000,11
950,17,10.2943800325,436646544.0000000000,0
950,18,10.2217496557,436388080.0000000000,6
950,19,10.2273212054,436507392.0000000000,17
950,20,10.2329586255,436510912.0000000000,7
950,21,10.2341203920,436506256.0000000000,22
950,22,10.2304282446,436517120.0000000000,3
950,23,10.2279613474,436507680.0000000000,1
950,24,10.2259404630,436511344.0000000000,1
950,25,10.2283071794,436510432.0000000000,3
950,26,10.2216057416,436383024.0000000000,26
950,27,10.2195246335,436385776.0000000000,0
950,28,10.2208294090,436512144.0000000000,9
950,29,10.2223691108,436508192.0000000000,2
950,30,10.2333511826,436511216.0000000000,14
950,31,10.2223128320,436513264.0000000000,2
950,32,10.2304223529,436506880.0000000000,21
950,33,10.2233762491,436511392.0000000000,16
950,34,10.2213123791,436512144.0000000000,18
950,35,10.2373339560,436382656.0000000000,31
950,36,10.2320513338,436051040.0000000000,10
950,37,10.2273895602,436517632.0000000000,5
950,38,10.2326589216,436504480.0000000000,4
950,39,10.2335250322,436519984.0000000000,28
950,40,10.2307509650,436504160.0000000000,25
950,41,10.2402607585,436505440.0000000000,30
950,42,10.2388189823,436519856.0000000000,13
950,43,10.2417206554,436505984.0000000000,15
950,44,10.2214764439,436074320.0000000000,19
950,45,2.6527991990,132030288.0000000000,14
950,46,2.6518794443,132146016.0000000000,19
950,47,2.6523901743,132142432.0000000000,13
950,48,2.6510376209,132147600.0000000000,18
950,49,2.6539132734,132142656.0000000000,15
950,50,2.6554547305,132144784.0000000000,20
950,51,2.6543292134,132142032.0000000000,21
950,52,2.6517352475,132136368.0000000000,16
950,53,2.6511003478,132034464.0000000000,17
950,54,0.6755115135,54827568.0000000000,30
950,55,0.6724918858,54827568.0000000000,29
950,56,0.6737688559,54827568.0000000000,27
950,57,0.6741418383,54827568.0000000000,28
950,58,0.6730095406,54827568.0000000000,25
950,59,0.6760994552,54827568.0000000000,24
950,60,0.6750586970,54827568.0000000000,22
950,61,0.6741522349,54827568.0000000000,31
950,62,0.6752044989,54827568.0000000000,23
950,63,0.6745480866,54827568.0000000000,31
950,64,0.6724454476,54827568.0000000000,29
950,65,0.6755831327,54827568.0000000000,30
950,66,0.6758107457,54827568.0000000000,24
950,67,0.6749026513,54827568.0000000000,31
950,68,0.6729189571,54827568.0000000000,25
950,69,0.6736865672,54827568.0000000000,27
950,70,0.6745439117,54827568.0000000000,31
950,71,0.6748531576,54827568.0000000000,22
950,72,0.6744708949,54827568.0000000000,31
950,73,0.6738225695,54827568.0000000000,27
950,74,0.6757790237,54827568.0000000000,23
950,75,0.6737701664,54827568.0000000000,28
950,76,0.6726494017,54827568.0000000000,25
950,77,0.6726661810,54827568.0000000000,29
950,78,0.6755932759,54827568.0000000000,30
950,79,0.6757744120,54827568.0000000000,24
950,80,0.6756654131,54827568.0000000000,24
950,81,0.6732823700,54827568.0000000000,13
950,82,0.6726975960,54827568.0000000000,29
950,83,0.6742450369,54827568.0000000000,17
950,84,0.6750228761,54827568.0000000000,26
950,85,0.6750895832,54827568.0000000000,26
950,86,0.6729853581,54827568.0000000000,25
950,87,0.6748823737,54827568.0000000000,22
950,88,0.6729721290,54827568.0000000000,13
950,89,0.6735767533,54827568.0000000000,27
950,90,0.6752679030,54827568.0000000000,30
950,91,0.6730067200,54827568.0000000000,25
950,92,0.6737011421,54827568.0000000000,28
950,93,0.6734536978,54827568.0000000000,19
950,94,0.6729605379,54827568.0000000000,29
950,95,0.6737172970,54827568.0000000000,27
950,96,0.6750281254,54827568.0000000000,26
950,97,0.6749504544,54827568.0000000000,26
950,98,0.6757309306,54827568.0000000000,30
950,99,0.6754378703,54827568.0000000000,21
950,100,0.6750540902,54827568.0000000000,23
950,101,0.6735767354,54827568.0000000000,16
950,102,0.6750491175,54827568.0000000000,22
950,103,0.6750375222,54827568.0000000000,14
950,104,0.6757535038,54827568.0000000000,24
950,105,0.6751776354,54827568.0000000000,23
950,106,0.6736317758,54827568.0000000000,28
950,107,0.6749533840,54827568.0000000000,26
950,108,0.6757070452,54827568.0000000000,20
950,109,0.6752327471,54827568.0000000000,23
950,110,0.6732787658,54827568.0000000000,16
950,111,0.6747970551,54827568.0000000000,14
950,112,0.6746957279,54827568.0000000000,15
950,113,0.6734505049,54827568.0000000000,18
950,114,0.6739381707,54827568.0000000000,15
950,115,0.6750784742,54827568.0000000000,22
950,116,0.6739078347,54827568.0000000000,28
950,117,0.5833070049,47074864.0000000000,4
950,118,0.5838975774,47074864.0000000000,10
950,119,0.5830361266,47074864.0000000000,7
950,120,0.5825291649,47074864.0000000000,19
950,121,0.5835656947,47074864.0000000000,17
950,122,0.5841222242,47074864.0000000000,20
950,123,0.5840526093,47074864.0000000000,21
950,124,0.5842558828,47074864.0000000000,21
950,125,0.5822889517,47074864.0000000000,16
950,126,0.5840180336,47074864.0000000000,21
950,127,0.5815807180,47074864.0000000000,18
950,128,0.5838857247,47074864.0000000000,14
950,129,0.5817136541,47074864.0000000000,18
950,130,0.5822856137,47074864.0000000000,19
950,131,0.5842477021,47074864.0000000000,15
950,132,0.5840229712,47074864.0000000000,20
950,133,0.5830171448,47074864.0000000000,7
950,134,0.5838211561,47074864.0000000000,17
950,135,0.5826370717,47074864.0000000000,19
950,136,0.5825404152,47074864.0000000000,13
950,137,0.5844203520,47074864.0000000000,15
950,138,0.5831369696,47074864.0000000000,9
950,139,0.5826096572,47074864.0000000000,5
950,140,0.5840129677,47074864.0000000000,14
950,141,0.5821996929,47074864.0000000000,16
950,142,0.5839129988,47074864.0000000000,6
950,143,0.5827866556,47074864.0000000000,13
950,144,0.5839319740,47074864.0000000000,17
950,145,0.5817240499,47074864.0000000000,18
950,146,0.5841918100,47074864.0000000000,20
950,147,0.5833676953,47074864.0000000000,4
950,148,0.5844693471,47074864.0000000000,11
950,149,0.5836587860,47074864.0000000000,8
950,150,0.5845689864,47074864.0000000000,12
950,151,0.5837090285,47074864.0000000000,6
950,152,0.5828010411,47074864.0000000000,5
1000,0,0.2403139870,322723856.0000000000,5
1000,1,0.2394114320,317052960.0000000000,6
1000,2,0.2255237870,301874832.0000000000,11
1000,3,0.2028690340,281149024.0000000000,9
1000,4,0.1941403340,273989360.0000000000,10
1000,5,0.2144481890,293267600.0000000000,8
1000,6,0.2543138770,330031920.0000000000,12
1000,7,0.2718567630,349736592.0000000000,4
1000,8,0.2583634060,340994320.0000000000,7
1000,9,0.3213990950,436421552.0000000000,24
1000,10,0.3281848840,439599536.0000000000,23
1000,11,0.3430855560,451379136.0000000000,20
1000,12,0.3702991480,475452976.0000000000,27
1000,13,0.3888652400,492497360.0000000000,29
1000,14,0.3752711070,479522384.0000000000,12
1000,15,0.3448207060,453423136.0000000000,8
1000,16,0.3271898870,439893424.0000000000,11
1000,17,0.3205984970,436686960.0000000000,0
1000,18,0.3175789370,436384176.0000000000,6
1000,19,0.3176306680,436509648.0000000000,17
1000,20,0.3180362770,436511696.0000000000,7
1000,21,0.3179184860,436509664.0000000000,22
1000,22,0.3178798170,436509856.0000000000,3
1000,23,0.3178216200,436506656.0000000000,1
1000,24,0.3177698650,436510432.0000000000,1
1000,25,0.3178183080,436508496.0000000000,3
1000,26,0.3176466640,436386016.0000000000,26
1000,27,0.3175965200,436387184.0000000000,0
1000,28,0.3176184350,436510880.0000000000,9
1000,29,0.3176954080,436508784.0000000000,2
1000,30,0.3180467750,436510240.0000000000,14
1000,31,0.3176868650,436511440.0000000000,2
1000,32,0.3179195290,436508736.0000000000,21
1000,33,0.3177040600,436513056.0000000000,16
1000,34,0.3177533740,436506944.0000000000,18
1000,35,0.3181686690,436382688.0000000000,31
1000,36,0.3179168950,436025488.0000000000,10
1000,37,0.3177294330,436524864.0000000000,5
1000,38,0.3180349540,436503312.0000000000,4
1000,39,0.3179216900,436517056.0000000000,28
1000,40,0.3179838880,436507792.0000000000,25
1000,41,0.3182369720,436496272.0000000000,30
1000,42,0.3182960600,436523904.0000000000,13
1000,43,0.3183729890,436507424.0000000000,15
1000,44,0.3176326600,436050928.0000000000,19
1000,45,0.0821695750,132021440.0000000000,14
1000,46,0.0821028630,132146192.0000000000,19
1000,47,0.0821249380,132141632.0000000000,13
1000,48,0.0820784460,132146608.0000000000,18
1000,49,0.0822008140,132143328.0000000000,15
1000,50,0.0823159160,132149040.0000000000,20
1000,51,0.0822012940,132138832.0000000000,21
1000,52,0.0821124550,132136832.0000000000,16
1000,53,0.0820522660,132027984.0000000000,17
1000,54,0.0207088530,54827568.0000000000,30
1000,55,0.0205495660,54827568.0000000000,29
1000,56,0.0206533960,54827568.0000000000,27
1000,57,0.0206701280,54827568.0000000000,28
1000,58,0.0206134990,54827568.0000000000,25
1000,59,0.0207166280,54827568.0000000000,24
1000,60,0.0207203900,54827568.0000000000,22
1000,61,0.0206040610,54827568.0000000000,31
1000,62,0.0207396760,54827568.0000000000,23
1000,63,0.0205719880,54827568.0000000000,31
1000,64,0.0205433130,54827568.0000000000,29
1000,65,0.0206436280,54827568.0000000000,30
1000,66,0.0205984300,54827568.0000000000,24
1000,67,0.0206779510,54827568.0000000000,31
1000,68,0.0205557870,54827568.0000000000,25
1000,69,0.0206023970,54827568.0000000000,27
1000,70,0.0206356180,54827568.0000000000,31
1000,71,0.0206219930,54827568.0000000000,22
1000,72,0.0206700690,54827568.0000000000,31
1000,73,0.0205810650,54827568.0000000000,27
1000,74,0.0206617890,54827568.0000000000,23
1000,75,0.0205944510,54827568.0000000000,28
1000,76,0.0206285970,54827568.0000000000,25
1000,77,0.0205723580,54827568.0000000000,29
1000,78,0.0206999580,54827568.0000000000,30
1000,79,0.0207218870,54827568.0000000000,24
1000,80,0.0207119790,54827568.0000000000,24
1000,81,0.0205960360,54827568.0000000000,13
1000,82,0.0206391790,54827568.0000000000,29
1000,83,0.0206721860,54827568.0000000000,17
1000,84,0.0206732750,54827568.0000000000,26
1000,85,0.0206925410,54827568.0000000000,26
1000,86,0.0205881900,54827568.0000000000,25
1000,87,0.0206907210,54827568.0000000000,22
1000,88,0.0206593090,54827568.0000000000,13
1000,89,0.0207049260,54827568.0000000000,27
1000,90,0.0206666520,54827568.0000000000,30
1000,91,0.0205742910,54827568.0000000000,25
1000,92,0.0206067050,54827568.0000000000,28
1000,93,0.0206449440,54827568.0000000000,19
1000,94,0.0206444000,54827568.0000000000,29
1000,95,0.0206195520,54827568.0000000000,27
1000,96,0.0207398420,54827568.0000000000,26
1000,97,0.0206853670,54827568.0000000000,26
1000,98,0.0206258340,54827568.0000000000,30
1000,99,0.0207496390,54827568.0000000000,21
1000,100,0.0206793210,54827568.0000000000,23
1000,101,0.0206434330,54827568.0000000000,16
1000,102,0.0206720750,54827568.0000000000,22
1000,103,0.0206020460,54827568.0000000000,14
1000,104,0.0207103650,54827568.0000000000,24
1000,105,0.0206980860,54827568.0000000000,23
1000,106,0.0205790100,54827568.0000000000,28
1000,107,0.0206422840,54827568.0000000000,26
1000,108,0.0206451950,54827568.0000000000,20
1000,109,0.0207535330,54827568.0000000000,23
1000,110,0.0205893860,54827568.0000000000,16
1000,111,0.0206574740,54827568.0000000000,14
1000,112,0.0206771010,54827568.0000000000,15
1000,113,0.0206510570,54827568.0000000000,18
1000,114,0.0206500500,54827568.0000000000,15
1000,115,0.0206523190,54827568.0000000000,22
1000,116,0.0206091210,54827568.0000000000,28
1000,117,0.0178538320,47074864.0000000000,4
1000,118,0.0178905300,47074864.0000000000,10
1000,119,0.0178441130,47074864.0000000000,7
1000,120,0.0178311440,47074864.0000000000,19
1000,121,0.0178820830,47074864.0000000000,17
1000,122,0.0178733370,47074864.0000000000,20
1000,123,0.0178471960,47074864.0000000000,21
1000,124,0.0178638110,47074864.0000000000,21
1000,125,0.0178107640,47074864.0000000000,16
1000,126,0.0179055120,47074864.0000000000,21
1000,127,0.0177599080,47074864.0000000000,18
1000,128,0.0178834240,47074864.0000000000,14
1000,129,0.0178184900,47074864.0000000000,18
1000,130,0.0178343030,47074864.0000000000,19
1000,131,0.0179211170,47074864.0000000000,15
1000,132,0.0178649720,47074864.0000000000,20
1000,133,0.0178381320,47074864.0000000000,7
1000,134,0.0178719040,47074864.0000000000,17
1000,135,0.0178443810,47074864.0000000000,19
1000,136,0.0178019340,47074864.0000000000,13
1000,137,0.0178655970,47074864.0000000000,15
1000,138,0.0178314350,47074864.0000000000,9
1000,139,0.0178210390,47074864.0000000000,5
1000,140,0.0179023790,47074864.0000000000,14
1000,141,0.0178046050,47074864.0000000000,16
1000,142,0.0178642720,47074864.0000000000,6
1000,143,0.0178042490,47074864.0000000000,13
1000,144,0.0178647200,47074864.0000000000,17
1000,145,0.0178189720,47074864.0000000000,18
1000,146,0.0179058000,47074864.0000000000,20
1000,147,0.0178406770,47074864.0000000000,4
1000,148,0.0178659730,47074864.0000000000,11
1000,149,0.0178832450,47074864.0000000000,8
1000,150,0.0178950660,47074864.0000000000,12
1000,151,0.0178501150,47074864.0000000000,6
1000,152,0.0178577390,47074864.0000000000,5
1050,0,7.7109480583,321827824.0000000000,5
1050,1,7.6998132971,316059232.0000000000,6
1050,2,7.2603292278,301683904.0000000000,11
1050,3,6.4852733896,279171136.0000000000,9
1050,4,6.1838271022,270906576.0000000000,10
1050,5,6.8584778509,291735600.0000000000,8
1050,6,8.1912664435,329248496.0000000000,12
1050,7,8.7958023464,352290864.0000000000,4
1050,8,8.3241715422,341984624.0000000000,7
1050,9,10.3500611115,436386032.0000000000,24
1050,10,10.5726733526,439733152.0000000000,23
1050,11,11.0562809033,451672240.0000000000,20
1050,12,11.9405434277,475855952.0000000000,27
1050,13,12.5580696733,493255856.0000000000,29
1050,14,12.1106749303,480634544.0000000000,12
1050,15,11.1145023236,454065344.0000000000,8
1050,16,10.5375247600,440032976.0000000000,11
1050,17,10.3239926685,436710464.0000000000,0
1050,18,10.2217547982,436385472.0000000000,6
1050,19,10.2272369272,436512160.0000000000,17
1050,20,10.2305096966,436511024.0000000000,7
1050,21,10.2330650497,436509968.0000000000,22
1050,22,10.2293897256,436507376.0000000000,3
1050,23,10.2284632035,436513712.0000000000,1
1050,24,10.2260390439,436507792.0000000000,1
1050,25,10.2286121548,436513488.0000000000,3
1050,26,10.2217187227,436382336.0000000000,26
1050,27,10.2200264670,436378464.0000000000,0
1050,28,10.2217313585,436509408.0000000000,9
1050,29,10.2234399503,436516080.0000000000,2
1050,30,10.2323083390,436505696.0000000000,14
1050,31,10.2227288555,436512320.0000000000,2
1050,32,10.2308208867,436512592.0000000000,21
1050,33,10.2225039289,436516176.0000000000,16
1050,34,10.2216550145,436505776.0000000000,18
1050,35,10.2349033285,436380864.0000000000,31
1050,36,10.2309220535,436010064.0000000000,10
1050,37,10.2275545423,436520080.0000000000,5
1050,38,10.2324103972,436504960.0000000000,4
1050,39,10.2353310249,436516720.0000000000,28
1050,40,10.2302213572,436506992.0000000000,25
1050,41,10.2400473563,436496496.0000000000,30
1050,42,10.2386098133,436519552.0000000000,13
1050,43,10.2420178802,436504496.0000000000,15
1050,44,10.2201482318,436031104.0000000000,19
1050,45,2.6529646506,132014880.0000000000,14
1050,46,2.6514968329,132147952.0000000000,19
1050,47,2.6524149793,132142688.0000000000,13
1050,48,2.6502784435,132146048.0000000000,18
1050,49,2.6540304809,132143248.0000000000,15
1050,50,2.6555325700,132150608.0000000000,20
1050,51,2.6546004330,132139568.0000000000,21
1050,52,2.6508561928,132137360.0000000000,16
1050,53,2.6510196938,132024912.0000000000,17
1050,54,0.6757582592,54827568.0000000000,30
1050,55,0.6722529199,54827568.0000000000,29
1050,56,0.6740336210,54827568.0000000000,27
1050,57,0.6740835954,54827568.0000000000,28
1050,58,0.6730261870,54827568.0000000000,25
1050,59,0.6759231968,54827568.0000000000,24
1050,60,0.6746277255,54827568.0000000000,22
1050,61,0.6743861004,54827568.0000000000,31
1050,62,0.6756767227,54827568.0000000000,23
1050,63,0.6742996111,54827568.0000000000,31
1050,64,0.6726445353,54827568.0000000000,29
1050,65,0.6760744783,54827568.0000000000,30
1050,66,0.6755457288,54827568.0000000000,24
1050,67,0.6742784180,54827568.0000000000,31
1050,68,0.6727925264,54827568.0000000000,25
1050,69,0.6740142781,54827568.0000000000,27
1050,70,0.6742021021,54827568.0000000000,31
1050,71,0.6747148103,54827568.0000000000,22
1050,72,0.6746747527,54827568.0000000000,31
1050,73,0.6737547352,54827568.0000000000,27
1050,74,0.6756162017,54827568.0000000000,23
1050,75,0.6736418746,54827568.0000000000,28
1050,76,0.6727184247,54827568.0000000000,25
1050,77,0.6725160682,54827568.0000000000,29
1050,78,0.6753929588,54827568.0000000000,30
1050,79,0.6756573214,54827568.0000000000,24
1050,80,0.6756625916,54827568.0000000000,24
1050,81,0.6732493440,54827568.0000000000,13
1050,82,0.6723824388,54827568.0000000000,29
1050,83,0.6741736024,54827568.0000000000,17
1050,84,0.6748131391,54827568.0000000000,26
1050,85,0.6751026655,54827568.0000000000,26
1050,86,0.6727129037,54827568.0000000000,25
1050,87,0.6747525803,54827568.0000000000,22
1050,88,0.6729503344,54827568.0000000000,13
1050,89,0.6737376360,54827568.0000000000,27
1050,90,0.6755500096,54827568.0000000000,30
1050,91,0.6725375972,54827568.0000000000,25
1050,92,0.6739465279,54827568.0000000000,28
1050,93,0.6736980530,54827568.0000000000,19
1050,94,0.6722942722,54827568.0000000000,29
1050,95,0.6736604632,54827568.0000000000,27
1050,96,0.6749451153,54827568.0000000000,26
1050,97,0.6752970199,54827568.0000000000,26
1050,98,0.6757076948,54827568.0000000000,30
1050,99,0.6753249152,54827568.0000000000,21
1050,100,0.6754030549,54827568.0000000000,23
1050,101,0.6738117146,54827568.0000000000,16
1050,102,0.6747429948,54827568.0000000000,22
1050,103,0.6748377274,54827568.0000000000,14
1050,104,0.6757533206,54827568.0000000000,24
1050,105,0.6750906668,54827568.0000000000,23
1050,106,0.6742684787,54827568.0000000000,28
1050,107,0.6750569228,54827568.0000000000,26
1050,108,0.6755299707,54827568.0000000000,20
1050,109,0.6754851469,54827568.0000000000,23
1050,110,0.6735779395,54827568.0000000000,16
1050,111,0.6748373647,54827568.0000000000,14
1050,112,0.6744672598,54827568.0000000000,15
1050,113,0.6731627901,54827568.0000000000,18
1050,114,0.6743345491,54827568.0000000000,15
1050,115,0.6749601156,54827568.0000000000,22
1050,116,0.6740561713,54827568.0000000000,28
1050,117,0.5833203923,47074864.0000000000,4
1050,118,0.5840557879,47074864.0000000000,10
1050,119,0.5830915161,47074864.0000000000,7
1050,120,0.5824763087,47074864.0000000000,19
1050,121,0.5837629385,47074864.0000000000,17
1050,122,0.5841541715,47074864.0000000000,20
1050,123,0.5839805715,47074864.0000000000,21
1050,124,0.5841029282,47074864.0000000000,21
1050,125,0.5821224023,47074864.0000000000,16
1050,126,0.5843490867,47074864.0000000000,21
1050,127,0.5814962567,47074864.0000000000,18
1050,128,0.5840122393,47074864.0000000000,14
1050,129,0.5814427397,47074864.0000000000,18
1050,130,0.5823375919,47074864.0000000000,19
1050,131,0.5842297355,47074864.0000000000,15
1050,132,0.5841711035,47074864.0000000000,20
1050,133,0.5829839095,47074864.0000000000,7
1050,134,0.5837187144,47074864.0000000000,17
1050,135,0.5825028163,47074864.0000000000,19
1050,136,0.5826872646,47074864.0000000000,13
1050,137,0.5842686703,47074864.0000000000,15
1050,138,0.5831326964,47074864.0000000000,9
1050,139,0.5827375820,47074864.0000000000,5
1050,140,0.5840150733,47074864.0000000000,14
1050,141,0.5821079269,47074864.0000000000,16
1050,142,0.5837251207,47074864.0000000000,6
1050,143,0.5827709762,47074864.0000000000,13
1050,144,0.5839459059,47074864.0000000000,17
1050,145,0.5815642502,47074864.0000000000,18
1050,146,0.5842714370,47074864.0000000000,20
1050,147,0.5837892509,47074864.0000000000,4
1050,148,0.5845742922,47074864.0000000000,11
1050,149,0.5837584002,47074864.0000000000,8
1050,150,0.5845052506,47074864.0000000000,12
1050,151,0.5836103143,47074864.0000000000,6
1050,152,0.5828236470,47074864.0000000000,5
1100,0,0.2384587640,320821872.0000000000,5
1100,1,0.2380287050,314704480.0000000000,6
1100,2,0.2263123230,301523488.0000000000,11
1100,3,0.1988615230,277621536.0000000000,9
1100,4,0.1807832400,262957776.0000000000,10
1100,5,0.2103850580,289695312.0000000000,8
1100,6,0.2556119290,329133040.0000000000,12
1100,7,0.2779867820,355107104.0000000000,4
1100,8,0.2604228710,342891488.0000000000,7
1100,9,0.3217297860,436368944.0000000000,24
1100,10,0.3290927000,439916384.0000000000,23
1100,11,0.3446138810,452056176.0000000000,20
1100,12,0.3724335250,476189264.0000000000,27
1100,13,0.3907973730,493183360.0000000000,29
1100,14,0.3772709100,480705680.0000000000,12
1100,15,0.3465220140,454275680.0000000000,8
1100,16,0.3277898140,440109376.0000000000,11
1100,17,0.3209641920,436704608.0000000000,0
1100,18,0.3176367060,436383104.0000000000,6
1100,19,0.3177661650,436511280.0000000000,17
1100,20,0.3178912250,436512880.0000000000,7
1100,21,0.3180953340,436506784.0000000000,22
1100,22,0.3180695300,436510240.0000000000,3
1100,23,0.3178533730,436512736.0000000000,1
1100,24,0.3178189070,436510320.0000000000,1
1100,25,0.3177859540,436508368.0000000000,3
1100,26,0.3176180540,436381056.0000000000,26
1100,27,0.3175225560,436375280.0000000000,0
1100,28,0.3178188440,436507216.0000000000,9
1100,29,0.3178017220,436510944.0000000000,2
1100,30,0.3179049140,436508496.0000000000,14
1100,31,0.3179041510,436507360.0000000000,2
1100,32,0.3178137790,436508688.0000000000,21
1100,33,0.3177660740,436514592.0000000000,16
1100,34,0.3176025510,436510144.0000000000,18
1100,35,0.3179376310,436382112.0000000000,31
1100,36,0.3180468450,435987632.0000000000,10
1100,37,0.3178304020,436521184.0000000000,5
1100,38,0.3179589290,436505136.0000000000,4
1100,39,0.3179879080,436513200.0000000000,28
1100,40,0.3178560620,436511872.0000000000,25
1100,41,0.3181656230,436498352.0000000000,30
1100,42,0.3180676270,436521808.0000000000,13
1100,43,0.3181745130,436506880.0000000000,15
1100,44,0.3175920600,436006096.0000000000,19
1100,45,0.0822112640,132010736.0000000000,14
1100,46,0.0822209070,132148336.0000000000,19
1100,47,0.0820924160,132143488.0000000000,13
1100,48,0.0821365950,132145920.0000000000,18
1100,49,0.0821957760,132143360.0000000000,15
1100,50,0.0822142340,132149792.0000000000,20
1100,51,0.0821592880,132135568.0000000000,21
1100,52,0.0821285280,132134512.0000000000,16
1100,53,0.0821959690,132021472.0000000000,17
1100,54,0.0206730640,54827568.0000000000,30
1100,55,0.0205314970,54827568.0000000000,29
1100,56,0.0206245980,54827568.0000000000,27
1100,57,0.0206049810,54827568.0000000000,28
1100,58,0.0205926160,54827568.0000000000,25
1100,59,0.0207289720,54827568.0000000000,24
1100,60,0.0206353470,54827568.0000000000,22
1100,61,0.0206804060,54827568.0000000000,31
1100,62,0.0207254310,54827568.0000000000,23
1100,63,0.0207227700,54827568.0000000000,31
1100,64,0.0206139480,54827568.0000000000,29
1100,65,0.0206658590,54827568.0000000000,30
1100,66,0.0207260140,54827568.0000000000,24
1100,67,0.0206360810,54827568.0000000000,31
1100,68,0.0205848300,54827568.0000000000,25
1100,69,0.0206033790,54827568.0000000000,27
1100,70,0.0206315850,54827568.0000000000,31
1100,71,0.0206587610,54827568.0000000000,22
1100,72,0.0206589750,54827568.0000000000,31
1100,73,0.0206718310,54827568.0000000000,27
1100,74,0.0207415230,54827568.0000000000,23
1100,75,0.0206510620,54827568.0000000000,28
1100,76,0.0205882980,54827568.0000000000,25
1100,77,0.0205854360,54827568.0000000000,29
1100,78,0.0206795060,54827568.0000000000,30
1100,79,0.0207367650,54827568.0000000000,24
1100,80,0.0206968090,54827568.0000000000,24
1100,81,0.0205749940,54827568.0000000000,13
1100,82,0.0206127070,54827568.0000000000,29
1100,83,0.0206361780,54827568.0000000000,17
1100,84,0.0206934020,54827568.0000000000,26
1100,85,0.0206371630,54827568.0000000000,26
1100,86,0.0205395240,54827568.0000000000,25
1100,87,0.0206127640,54827568.0000000000,22
1100,88,0.0206109840,54827568.0000000000,13
1100,89,0.0206045700,54827568.0000000000,27
1100,90,0.0206422250,54827568.0000000000,30
1100,91,0.0206339780,54827568.0000000000,25
1100,92,0.0206135980,54827568.0000000000,28
1100,93,0.0206613360,54827568.0000000000,19
1100,94,0.0205668460,54827568.0000000000,29
1100,95,0.0206511110,54827568.0000000000,27
1100,96,0.0206151300,54827568.0000000000,26
1100,97,0.0206354190,54827568.0000000000,26
1100,98,0.0206565310,54827568.0000000000,30
1100,99,0.0206022500,54827568.0000000000,21
1100,100,0.0207211010,54827568.0000000000,23
1100,101,0.0206498250,54827568.0000000000,16
1100,102,0.0206417600,54827568.0000000000,22
1100,103,0.0206507320,54827568.0000000000,14
1100,104,0.0207526570,54827568.0000000000,24
1100,105,0.0207483540,54827568.0000000000,23
1100,106,0.0207499440,54827568.0000000000,28
1100,107,0.0206440370,54827568.0000000000,26
1100,108,0.0206759640,54827568.0000000000,20
1100,109,0.0207538670,54827568.0000000000,23
1100,110,0.0205907510,54827568.0000000000,16
1100,111,0.0207550850,54827568.0000000000,14
1100,112,0.0206560600,54827568.0000000000,15
1100,113,0.0206473400,54827568.0000000000,18
1100,114,0.0205963460,54827568.0000000000,15
1100,115,0.0206430000,54827568.0000000000,22
1100,116,0.0206062740,54827568.0000000000,28
1100,117,0.0178646040,47074864.0000000000,4
1100,118,0.0178865850,47074864.0000000000,10
1100,119,0.0178274210,47074864.0000000000,7
1100,120,0.0178504050,47074864.0000000000,19
1100,121,0.0178829880,47074864.0000000000,17
1100,122,0.0178750010,47074864.0000000000,20
1100,123,0.0178950320,47074864.0000000000,21
1100,124,0.0178596530,47074864.0000000000,21
1100,125,0.0178682300,47074864.0000000000,16
1100,126,0.0179041750,47074864.0000000000,21
1100,127,0.0178121080,47074864.0000000000,18
1100,128,0.0178661000,47074864.0000000000,14
1100,129,0.0178242350,47074864.0000000000,18
1100,130,0.0178296940,47074864.0000000000,19
1100,131,0.0178686150,47074864.0000000000,15
1100,132,0.0178821560,47074864.0000000000,20
1100,133,0.0178066900,47074864.0000000000,7
1100,134,0.0178461480,47074864.0000000000,17
1100,135,0.0177979430,47074864.0000000000,19
1100,136,0.0178263220,47074864.0000000000,13
1100,137,0.0178762480,47074864.0000000000,15
1100,138,0.0178260260,47074864.0000000000,9
1100,139,0.0178415300,47074864.0000000000,5
1100,140,0.0179141130,47074864.0000000000,14
1100,141,0.0178437500,47074864.0000000000,16
1100,142,0.0178654850,47074864.0000000000,6
1100,143,0.0178715410,47074864.0000000000,13
1100,144,0.0178840800,47074864.0000000000,17
1100,145,0.0178144540,47074864.0000000000,18
1100,146,0.0178622570,47074864.0000000000,20
1100,147,0.0178433520,47074864.0000000000,4
1100,148,0.0179056080,47074864.0000000000,11
1100,149,0.0178375570,47074864.0000000000,8
1100,150,0.0178772510,47074864.0000000000,12
1100,151,0.0178662240,47074864.0000000000,6
1100,152,0.0178422290,47074864.0000000000,5
1150,0,7.6604543414,319925456.0000000000,5
1150,1,7.6373867452,313142192.0000000000,6
1150,2,7.2837042372,300985920.0000000000,11
1150,3,6.3839342501,276153120.0000000000,9
1150,4,5.7364544546,259190688.0000000000,10
1150,5,6.7445457277,287643936.0000000000,8
1150,6,8.2466950559,329627952.0000000000,12
1150,7,9.0026395761,357964672.0000000000,4
1150,8,8.3937570509,343677504.0000000000,7
1150,9,10.3483126781,436431280.0000000000,24
1150,10,10.5906683904,440234352.0000000000,23
1150,11,11.1011097969,452776448.0000000000,20
1150,12,11.9938773747,477054128.0000000000,27
1150,13,12.5700701261,493360544.0000000000,29
1150,14,12.1229944365,480657376.0000000000,12
1150,15,11.1415341078,454382864.0000000000,8
1150,16,10.5410259143,440096144.0000000000,11
1150,17,10.3212602169,436663312.0000000000,0
1150,18,10.2216009186,436382864.0000000000,6
1150,19,10.2278486858,436509104.0000000000,17
1150,20,10.2305224095,436512592.0000000000,7
1150,21,10.2335595790,436507216.0000000000,22
1150,22,10.2305769938,436510048.0000000000,3
1150,23,10.2282509296,436511872.0000000000,1
1150,24,10.2264588838,436506992.0000000000,1
1150,25,10.2283808672,436512832.0000000000,3
1150,26,10.2209983833,436380096.0000000000,26
1150,27,10.2204183205,436378080.0000000000,0
1150,28,10.2215095165,436506864.0000000000,9
1150,29,10.2235467892,436512560.0000000000,2
1150,30,10.2329072049,436506864.0000000000,14
1150,31,10.2227725564,436511920.0000000000,2
1150,32,10.2304988648,436507664.0000000000,21
1150,33,10.2241698380,436515760.0000000000,16
1150,34,10.2219362476,436508064.0000000000,18
1150,35,10.2363772722,436378912.0000000000,31
1150,36,10.2305739653,435962144.0000000000,10
1150,37,10.2284876489,436521120.0000000000,5
1150,38,10.2323873132,436504272.0000000000,4
1150,39,10.2331701387,436514480.0000000000,28
1150,40,10.2303763303,436511360.0000000000,25
1150,41,10.2402011562,436499264.0000000000,30
1150,42,10.2390633507,436525248.0000000000,13
1150,43,10.2415932295,436505760.0000000000,15
1150,44,10.2192528871,435983920.0000000000,19
1150,45,2.6532567844,132006368.0000000000,14
1150,46,2.6516871149,132152704.0000000000,19
1150,47,2.6524268545,132143168.0000000000,13
1150,48,2.6504721671,132145664.0000000000,18
1150,49,2.6538930347,132141616.0000000000,15
1150,50,2.6555790509,132150832.0000000000,20
1150,51,2.6547192846,132133760.0000000000,21
1150,52,2.6511397264,132134496.0000000000,16
1150,53,2.6514048638,132019488.0000000000,17
1150,54,0.6756907188,54827568.0000000000,30
1150,55,0.6725995771,54827568.0000000000,29
1150,56,0.6740308677,54827568.0000000000,27
1150,57,0.6740756115,54827568.0000000000,28
1150,58,0.6731483413,54827568.0000000000,25
1150,59,0.6758065893,54827568.0000000000,24
1150,60,0.6746407807,54827568.0000000000,22
1150,61,0.6745014831,54827568.0000000000,31
1150,62,0.6756542106,54827568.0000000000,23
1150,63,0.6746092640,54827568.0000000000,31
1150,64,0.6725774376,54827568.0000000000,29
1150,65,0.6758678404,54827568.0000000000,30
1150,66,0.6753789959,54827568.0000000000,24
1150,67,0.6745361426,54827568.0000000000,31
1150,68,0.6726575382,54827568.0000000000,25
1150,69,0.6735647720,54827568.0000000000,27
1150,70,0.6742472230,54827568.0000000000,31
1150,71,0.6746719657,54827568.0000000000,22
1150,72,0.6746687125,54827568.0000000000,31
1150,73,0.6737811842,54827568.0000000000,27
1150,74,0.6753703913,54827568.0000000000,23
1150,75,0.6741521958,54827568.0000000000,28
1150,76,0.6724387807,54827568.0000000000,25
1150,77,0.6721130998,54827568.0000000000,29
1150,78,0.6755900400,54827568.0000000000,30
1150,79,0.6759133951,54827568.0000000000,24
1150,80,0.6758660319,54827568.0000000000,24
1150,81,0.6730427673,54827568.0000000000,13
1150,82,0.6724580838,54827568.0000000000,29
1150,83,0.6742418968,54827568.0000000000,17
1150,84,0.6753058895,54827568.0000000000,26
1150,85,0.6751102283,54827568.0000000000,26
1150,86,0.6726240149,54827568.0000000000,25
1150,87,0.6748100759,54827568.0000000000,22
1150,88,0.6728573808,54827568.0000000000,13
1150,89,0.6736615355,54827568.0000000000,27
1150,90,0.6754055203,54827568.0000000000,30
1150,91,0.6727060268,54827568.0000000000,25
1150,92,0.6739287641,54827568.0000000000,28
1150,93,0.6734949399,54827568.0000000000,19
1150,94,0.6723434863,54827568.0000000000,29
1150,95,0.6743579803,54827568.0000000000,27
1150,96,0.6747692650,54827568.0000000000,26
1150,97,0.6746272542,54827568.0000000000,26
1150,98,0.6755852100,54827568.0000000000,30
1150,99,0.6754696562,54827568.0000000000,21
1150,100,0.6753848695,54827568.0000000000,23
1150,101,0.6734248270,54827568.0000000000,16
1150,102,0.6748591757,54827568.0000000000,22
1150,103,0.6748503523,54827568.0000000000,14
1150,104,0.6757690483,54827568.0000000000,24
1150,105,0.6754062881,54827568.0000000000,23
1150,106,0.6741723800,54827568.0000000000,28
1150,107,0.6743328005,54827568.0000000000,26
1150,108,0.6754529875,54827568.0000000000,20
1150,109,0.6754128327,54827568.0000000000,23
1150,110,0.6734018600,54827568.0000000000,16
1150,111,0.6748243831,54827568.0000000000,14
1150,112,0.6747937687,54827568.0000000000,15
1150,113,0.6731391890,54827568.0000000000,18
1150,114,0.6739849249,54827568.0000000000,15
1150,115,0.6747698120,54827568.0000000000,22
1150,116,0.6739604735,54827568.0000000000,28
1150,117,0.5834517963,47074864.0000000000,4
1150,118,0.5839934483,47074864.0000000000,10
1150,119,0.5829227534,47074864.0000000000,7
1150,120,0.5825651101,47074864.0000000000,19
1150,121,0.5835868535,47074864.0000000000,17
1150,122,0.5841559792,47074864.0000000000,20
1150,123,0.5841606728,47074864.0000000000,21
1150,124,0.5841220113,47074864.0000000000,21
1150,125,0.5823475862,47074864.0000000000,16
1150,126,0.5842905264,47074864.0000000000,21
1150,127,0.5815427866,47074864.0000000000,18
1150,128,0.5841120560,47074864.0000000000,14
1150,129,0.5814167907,47074864.0000000000,18
1150,130,0.5824121243,47074864.0000000000,19
1150,131,0.5840682168,47074864.0000000000,15
1150,132,0.5840673267,47074864.0000000000,20
1150,133,0.5827363004,47074864.0000000000,7
1150,134,0.5835585277,47074864.0000000000,17
1150,135,0.5826838312,47074864.0000000000,19
1150,136,0.5824881324,47074864.0000000000,13
1150,137,0.5842788323,47074864.0000000000,15
1150,138,0.5831742652,47074864.0000000000,9
1150,139,0.5826099756,47074864.0000000000,5
1150,140,0.5840785237,47074864.0000000000,14
1150,141,0.5822390708,47074864.0000000000,16
1150,142,0.5838767886,47074864.0000000000,6
1150,143,0.5825950390,47074864.0000000000,13
1150,144,0.5836525623,47074864.0000000000,17
1150,145,0.5818116658,47074864.0000000000,18
1150,146,0.5842089378,47074864.0000000000,20
1150,147,0.5835024987,47074864.0000000000,4
1150,148,0.5849226555,47074864.0000000000,11
1150,149,0.5836368998,47074864.0000000000,8
1150,150,0.5845092832,47074864.0000000000,12
1150,151,0.5838467072,47074864.0000000000,6
1150,152,0.5828526120,47074864.0000000000,5
1200,0,0.2369456000,319052880.0000000000,5
1200,1,0.2344292480,311189936.0000000000,6
1200,2,0.2253754890,300162816.0000000000,11
1200,3,0.1969930880,275376160.0000000000,9
1200,4,0.1768554430,257768000.0000000000,10
1200,5,0.2083614680,286108528.0000000000,8
1200,6,0.2583625010,330645216.0000000000,12
1200,7,0.2836405980,360701392.0000000000,4
1200,8,0.2614821090,344362608.0000000000,7
1200,9,0.3208367700,436615520.0000000000,24
1200,10,0.3294219050,440712816.0000000000,23
1200,11,0.3456940810,453562576.0000000000,20
1200,12,0.3744094360,477733184.0000000000,27
1200,13,0.3908427500,493303328.0000000000,29
1200,14,0.3758114700,480478016.0000000000,12
1200,15,0.3450099090,454370592.0000000000,8
1200,16,0.3260863230,439959664.0000000000,11
1200,17,0.3199394880,436510192.0000000000,0
1200,18,0.3177914550,436381728.0000000000,6
1200,19,0.3179259340,436504848.0000000000,17
1200,20,0.3178740380,436510016.0000000000,7
1200,21,0.3179372350,436511360.0000000000,22
1200,22,0.3178641460,436508976.0000000000,3
1200,23,0.3178406410,436509424.0000000000,1
1200,24,0.3178628050,436507472.0000000000,1
1200,25,0.3178995670,436511328.0000000000,3
1200,26,0.3176070600,436380768.0000000000,26
1200,27,0.3175430190,436375680.0000000000,0
1200,28,0.3175726170,436510720.0000000000,9
1200,29,0.3176712260,436510544.0000000000,2
1200,30,0.3181221430,436506080.0000000000,14
1200,31,0.3177246090,436509136.0000000000,2
1200,32,0.3179072870,436511632.0000000000,21
1200,33,0.3176486490,436510224.0000000000,16
1200,34,0.3175078270,436505184.0000000000,18
1200,35,0.3180563890,436379040.0000000000,31
1200,36,0.3179009790,435941664.0000000000,10
1200,37,0.3178191880,436513488.0000000000,5
1200,38,0.3179450510,436507440.0000000000,4
1200,39,0.3179273070,436519920.0000000000,28
1200,40,0.3179024390,436511152.0000000000,25
1200,41,0.3181293420,436496144.0000000000,30
1200,42,0.3184175660,436524736.0000000000,13
1200,43,0.3181363810,436508336.0000000000,15
1200,44,0.3174999000,435959712.0000000000,19
1200,45,0.0821247980,132000560.0000000000,14
1200,46,0.0820914100,132153072.0000000000,19
1200,47,0.0822104110,132143024.0000000000,13
1200,48,0.0821318790,132142176.0000000000,18
1200,49,0.0821820670,132143440.0000000000,15
1200,50,0.0822747290,132153184.0000000000,20
1200,51,0.0823183520,132132432.0000000000,21
1200,52,0.0822596510,132135456.0000000000,16
1200,53,0.0820826020,132012384.0000000000,17
1200,54,0.0206494200,54827568.0000000000,30
1200,55,0.0206094820,54827568.0000000000,29
1200,56,0.0206373440,54827568.0000000000,27
1200,57,0.0205971460,54827568.0000000000,28
1200,58,0.0205573390,54827568.0000000000,25
1200,59,0.0206826510,54827568.0000000000,24
1200,60,0.0206512270,54827568.0000000000,22
1200,61,0.0206301320,54827568.0000000000,31
1200,62,0.0207282260,54827568.0000000000,23
1200,63,0.0206333080,54827568.0000000000,31
1200,64,0.0205190370,54827568.0000000000,29
1200,65,0.0207205660,54827568.0000000000,30
1200,66,0.0206397090,54827568.0000000000,24
1200,67,0.0206590070,54827568.0000000000,31
1200,68,0.0206166630,54827568.0000000000,25
1200,69,0.0206835020,54827568.0000000000,27
1200,70,0.0206242280,54827568.0000000000,31
1200,71,0.0206648820,54827568.0000000000,22
1200,72,0.0206871710,54827568.0000000000,31
1200,73,0.0207459520,54827568.0000000000,27
1200,74,0.0206139460,54827568.0000000000,23
1200,75,0.0205839910,54827568.0000000000,28
1200,76,0.0206682430,54827568.0000000000,25
1200,77,0.0205334440,54827568.0000000000,29
1200,78,0.0207057670,54827568.0000000000,30
1200,79,0.0206598170,54827568.0000000000,24
1200,80,0.0206906680,54827568.0000000000,24
1200,81,0.0206366450,54827568.0000000000,13
1200,82,0.0206337780,54827568.0000000000,29
1200,83,0.0206195050,54827568.0000000000,17
1200,84,0.0206610820,54827568.0000000000,26
1200,85,0.0206905990,54827568.0000000000,26
1200,86,0.0206202710,54827568.0000000000,25
1200,87,0.0206399160,54827568.0000000000,22
1200,88,0.0205717710,54827568.0000000000,13
1200,89,0.0206401480,54827568.0000000000,27
1200,90,0.0207225000,54827568.0000000000,30
1200,91,0.0206526340,54827568.0000000000,25
1200,92,0.0206361030,54827568.0000000000,28
1200,93,0.0205591800,54827568.0000000000,19
1200,94,0.0205468180,54827568.0000000000,29
1200,95,0.0205653640,54827568.0000000000,27
1200,96,0.0206675400,54827568.0000000000,26
1200,97,0.0205319490,54827568.0000000000,26
1200,98,0.0207081430,54827568.0000000000,30
1200,99,0.0206342970,54827568.0000000000,21
1200,100,0.0206870150,54827568.0000000000,23
1200,101,0.0206954840,54827568.0000000000,16
1200,102,0.0206402660,54827568.0000000000,22
1200,103,0.0206793590,54827568.0000000000,14
1200,104,0.0206701670,54827568.0000000000,24
1200,105,0.0206387260,54827568.0000000000,23
1200,106,0.0205785810,54827568.0000000000,28
1200,107,0.0206714890,54827568.0000000000,26
1200,108,0.0206736690,54827568.0000000000,20
1200,109,0.0207029370,54827568.0000000000,23
1200,110,0.0205867930,54827568.0000000000,16
1200,111,0.0206400510,54827568.0000000000,14
1200,112,0.0206331910,54827568.0000000000,15
1200,113,0.0205758890,54827568.0000000000,18
1200,114,0.0206866710,54827568.0000000000,15
1200,115,0.0206249280,54827568.0000000000,22
1200,116,0.0206229480,54827568.0000000000,28
1200,117,0.0178290170,47074864.0000000000,4
1200,118,0.0178671520,47074864.0000000000,10
1200,119,0.0178653760,47074864.0000000000,7
1200,120,0.0178192740,47074864.0000000000,19
1200,121,0.0178650240,47074864.0000000000,17
1200,122,0.0178941200,47074864.0000000000,20
1200,123,0.0179125950,47074864.0000000000,21
1200,124,0.0178845420,47074864.0000000000,21
1200,125,0.0178032910,47074864.0000000000,16
1200,126,0.0179097200,47074864.0000000000,21
1200,127,0.0178069190,47074864.0000000000,18
1200,128,0.0178844870,47074864.0000000000,14
1200,129,0.0178231020,47074864.0000000000,18
1200,130,0.0178355860,47074864.0000000000,19
1200,131,0.0178663620,47074864.0000000000,15
1200,132,0.0178758840,47074864.0000000000,20
1200,133,0.0178459790,47074864.0000000000,7
1200,134,0.0178753030,47074864.0000000000,17
1200,135,0.0178255790,47074864.0000000000,19
1200,136,0.0178108280,47074864.0000000000,13
1200,137,0.0178520350,47074864.0000000000,15
1200,138,0.0178479370,47074864.0000000000,9
1200,139,0.0178622890,47074864.0000000000,5
1200,140,0.0178546100,47074864.0000000000,14
1200,141,0.0178306350,47074864.0000000000,16
1200,142,0.0178793820,47074864.0000000000,6
1200,143,0.0178136320,47074864.0000000000,13
1200,144,0.0178378590,47074864.0000000000,17
1200,145,0.0177888950,47074864.0000000000,18
1200,146,0.0178790990,47074864.0000000000,20
1200,147,0.0178415290,47074864.0000000000,4
1200,148,0.0179048660,47074864.0000000000,11
1200,149,0.0178285800,47074864.0000000000,8
1200,150,0.0179145040,47074864.0000000000,12
1200,151,0.0178562550,47074864.0000000000,6
1200,152,0.0178240350,47074864.0000000000,5
1250,0,7.6226066530,318357456.0000000000,5
1250,1,7.5149147960,309279968.0000000000,6
1250,2,7.2554229630,299215584.0000000000,11
1250,3,6.3462810060,274986448.0000000000,9
1250,4,5.6817178210,256723168.0000000000,10
1250,5,6.6829377357,284489536.0000000000,8
1250,6,8.3393865031,331762736.0000000000,12
1250,7,9.1936388799,363172112.0000000000,4
1250,8,8.4286832959,345064736.0000000000,7
1250,9,10.3210310236,436946032.0000000000,24
1250,10,10.5623208116,441438800.0000000000,23
1250,11,11.1122373583,454533728.0000000000,20
1250,12,12.0384692889,478229680.0000000000,27
1250,13,12.5669808034,493231296.0000000000,29
1250,14,12.0926185931,480594448.0000000000,12
1250,15,11.0867321362,454407168.0000000000,8
1250,16,10.4602665918,439630560.0000000000,11
1250,17,10.2827843112,436254432.0000000000,0
1250,18,10.2210580106,436379440.0000000000,6
1250,19,10.2280752232,436507808.0000000000,17
1250,20,10.2295134326,436506528.0000000000,7
1250,21,10.2328578529,436513264.0000000000,22
1250,22,10.2291469269,436509984.0000000000,3
1250,23,10.2278995478,436505520.0000000000,1
1250,24,10.2270406067,436504656.0000000000,1
1250,25,10.2289106798,436515904.0000000000,3
1250,26,10.2216335617,436382544.0000000000,26
1250,27,10.2204394417,436375168.0000000000,0
1250,28,10.2220667495,436507888.0000000000,9
1250,29,10.2230879761,436517184.0000000000,2
1250,30,10.2319387840,436509248.0000000000,14
1250,31,10.2217814533,436510128.0000000000,2
1250,32,10.2311721019,436511872.0000000000,21
1250,33,10.2239247107,436509120.0000000000,16
1250,34,10.2216575770,436504976.0000000000,18
1250,35,10.2344296067,436371136.0000000000,31
1250,36,10.2285633630,435921120.0000000000,10
1250,37,10.2279587575,436514912.0000000000,5
1250,38,10.2314839246,436502496.0000000000,4
1250,39,10.2336134143,436517264.0000000000,28
1250,40,10.2305483721,436514496.0000000000,25
1250,41,10.2406279496,436496560.0000000000,30
1250,42,10.2391646035,436524448.0000000000,13
1250,43,10.2417434495,436510240.0000000000,15
1250,44,10.2182585155,435937952.0000000000,19
1250,45,2.6525516969,131996992.0000000000,14
1250,46,2.6519232702,132154640.0000000000,19
1250,47,2.6527704268,132143440.0000000000,13
1250,48,2.6507740314,132139664.0000000000,18
1250,49,2.6545155579,132143312.0000000000,15
1250,50,2.6556285701,132152464.0000000000,20
1250,51,2.6548035545,132135488.0000000000,21
1250,52,2.6512815449,132136688.0000000000,16
1250,53,2.6504559131,132008368.0000000000,17
1250,54,0.6755004538,54827568.0000000000,30
1250,55,0.6723944727,54827568.0000000000,29
1250,56,0.6736246759,54827568.0000000000,27
1250,57,0.6741277961,54827568.0000000000,28
1250,58,0.6730357960,54827568.0000000000,25
1250,59,0.6758220026,54827568.0000000000,24
1250,60,0.6750401361,54827568.0000000000,22
1250,61,0.6743735599,54827568.0000000000,31
1250,62,0.6756580415,54827568.0000000000,23
1250,63,0.6740506032,54827568.0000000000,31
1250,64,0.6726656209,54827568.0000000000,29
1250,65,0.6753782540,54827568.0000000000,30
1250,66,0.6756647497,54827568.0000000000,24
1250,67,0.6744327733,54827568.0000000000,31
1250,68,0.6726984596,54827568.0000000000,25
1250,69,0.6736451375,54827568.0000000000,27
1250,70,0.6740169608,54827568.0000000000,31
1250,71,0.6747657498,54827568.0000000000,22
1250,72,0.6744615643,54827568.0000000000,31
1250,73,0.6736267037,54827568.0000000000,27
1250,74,0.6752683573,54827568.0000000000,23
1250,75,0.6740028072,54827568.0000000000,28
1250,76,0.6726935595,54827568.0000000000,25
1250,77,0.6723684792,54827568.0000000000,29
1250,78,0.6758593803,54827568.0000000000,30
1250,79,0.6755845153,54827568.0000000000,24
1250,80,0.6759960958,54827568.0000000000,24
1250,81,0.6734592031,54827568.0000000000,13
1250,82,0.6727731418,54827568.0000000000,29
1250,83,0.6745250791,54827568.0000000000,17
1250,84,0.6750216081,54827568.0000000000,26
1250,85,0.6749246688,54827568.0000000000,26
1250,86,0.6728269105,54827568.0000000000,25
1250,87,0.6746062924,54827568.0000000000,22
1250,88,0.6728834162,54827568.0000000000,13
1250,89,0.6737400453,54827568.0000000000,27
1250,90,0.6755914258,54827568.0000000000,30
1250,91,0.6726072944,54827568.0000000000,25
1250,92,0.6737728745,54827568.0000000000,28
1250,93,0.6736068867,54827568.0000000000,19
1250,94,0.6725767310,54827568.0000000000,29
1250,95,0.6735311517,54827568.0000000000,27
1250,96,0.6751226751,54827568.0000000000,26
1250,97,0.6749005378,54827568.0000000000,26
1250,98,0.6757033085,54827568.0000000000,30
1250,99,0.6754860033,54827568.0000000000,21
1250,100,0.6752619445,54827568.0000000000,23
1250,101,0.6735830246,54827568.0000000000,16
1250,102,0.6752006706,54827568.0000000000,22
1250,103,0.6748928328,54827568.0000000000,14
1250,104,0.6759082001,54827568.0000000000,24
1250,105,0.6752555996,54827568.0000000000,23
1250,106,0.6742229814,54827568.0000000000,28
1250,107,0.6747870425,54827568.0000000000,26
1250,108,0.6757622512,54827568.0000000000,20
1250,109,0.6751877819,54827568.0000000000,23
1250,110,0.6733360835,54827568.0000000000,16
1250,111,0.6746808231,54827568.0000000000,14
1250,112,0.6746383664,54827568.0000000000,15
1250,113,0.6731291251,54827568.0000000000,18
1250,114,0.6740468795,54827568.0000000000,15
1250,115,0.6752509167,54827568.0000000000,22
1250,116,0.6735167186,54827568.0000000000,28
1250,117,0.5832055865,47074864.0000000000,4
1250,118,0.5840016173,47074864.0000000000,10
1250,119,0.5829586061,47074864.0000000000,7
1250,120,0.5824887958,47074864.0000000000,19
1250,121,0.5834155053,47074864.0000000000,17
1250,122,0.5842917485,47074864.0000000000,20
1250,123,0.5841506313,47074864.0000000000,21
1250,124,0.5842188938,47074864.0000000000,21
1250,125,0.5821836933,47074864.0000000000,16
1250,126,0.5843649388,47074864.0000000000,21
1250,127,0.5813379520,47074864.0000000000,18
1250,128,0.5843404641,47074864.0000000000,14
1250,129,0.5815796038,47074864.0000000000,18
1250,130,0.5824038801,47074864.0000000000,19
1250,131,0.5841012242,47074864.0000000000,15
1250,132,0.5840209232,47074864.0000000000,20
1250,133,0.5829807741,47074864.0000000000,7
1250,134,0.5838687389,47074864.0000000000,17
1250,135,0.5825174236,47074864.0000000000,19
1250,136,0.5826737627,47074864.0000000000,13
1250,137,0.5842119610,47074864.0000000000,15
1250,138,0.5829844766,47074864.0000000000,9
1250,139,0.5828977569,47074864.0000000000,5
1250,140,0.5840276965,47074864.0000000000,14
1250,141,0.5837462949,47074864.0000000000,16
1250,142,0.5837160239,47074864.0000000000,6
1250,143,0.5827470263,47074864.0000000000,13
1250,144,0.5836566719,47074864.0000000000,17
1250,145,0.5816736111,47074864.0000000000,18
1250,146,0.5843940507,47074864.0000000000,20
1250,147,0.5832793233,47074864.0000000000,4
1250,148,0.5845681172,47074864.0000000000,11
1250,149,0.5835842043,47074864.0000000000,8
1250,150,0.5846654187,47074864.0000000000,12
1250,151,0.5837688319,47074864.0000000000,6
1250,152,0.5827031213,47074864.0000000000,5
1300,0,0.2358451370,317702896.0000000000,5
1300,1,0.2300014000,307024384.0000000000,6
1300,2,0.2225752140,297090208.0000000000,11
1300,3,0.1941136210,272799264.0000000000,9
1300,4,0.1714678930,253077504.0000000000,10
1300,5,0.2024768930,280597952.0000000000,8
1300,6,0.2600409160,331896192.0000000000,12
1300,7,0.2903575170,365355552.0000000000,4
1300,8,0.2641500290,345831152.0000000000,7
1300,9,0.3230847730,437460560.0000000000,24
1300,10,0.3318425190,442643360.0000000000,23
1300,11,0.3497952190,456670016.0000000000,20
1300,12,0.3767590370,480947472.0000000000,27
1300,13,0.3906967900,496299424.0000000000,29
1300,14,0.3765301770,483264864.0000000000,12
1300,15,0.3464961420,455193184.0000000000,8
1300,16,0.3267625380,439141248.0000000000,11
1300,17,0.3206300830,435842320.0000000000,0
1300,18,0.3176490180,436379376.0000000000,6
1300,19,0.3177849690,436509344.0000000000,17
1300,20,0.3179176750,436508896.0000000000,7
1300,21,0.3180946710,436515472.0000000000,22
1300,22,0.3178375580,436506992.0000000000,3
1300,23,0.3178441010,436506432.0000000000,1
1300,24,0.3176414620,436509056.0000000000,1
1300,25,0.3178357750,436509152.0000000000,3
1300,26,0.3175951270,436378192.0000000000,26
1300,27,0.3176257990,436376656.0000000000,0
1300,28,0.3175592690,436510096.0000000000,9
1300,29,0.3176586830,436512960.0000000000,2
1300,30,0.3180114710,436509152.0000000000,14
1300,31,0.3176327140,436508720.0000000000,2
1300,32,0.3179019750,436513472.0000000000,21
1300,33,0.3178786080,436511104.0000000000,16
1300,34,0.3177655390,436510576.0000000000,18
1300,35,0.3180199710,436372368.0000000000,31
1300,36,0.3178120980,435893968.0000000000,10
1300,37,0.3177657200,436517088.0000000000,5
1300,38,0.3179546080,436498560.0000000000,4
1300,39,0.3180367640,436516000.0000000000,28
1300,40,0.3179088960,436515024.0000000000,25
1300,41,0.3183258360,436494000.0000000000,30
1300,42,0.3181728740,436522320.0000000000,13
1300,43,0.3180959950,436508480.0000000000,15
1300,44,0.3173950960,435911184.0000000000,19
1300,45,0.0821748060,131991440.0000000000,14
1300,46,0.0820643650,132155136.0000000000,19
1300,47,0.0822300130,132144320.0000000000,13
1300,48,0.0821022670,132143216.0000000000,18
1300,49,0.0822151860,132143904.0000000000,15
1300,50,0.0822625310,132152528.0000000000,20
1300,51,0.0821249880,132135680.0000000000,21
1300,52,0.0823298980,132135360.0000000000,16
1300,53,0.0822827160,132004112.0000000000,17
1300,54,0.0206728250,54827568.0000000000,30
1300,55,0.0205924870,54827568.0000000000,29
1300,56,0.0205962140,54827568.0000000000,27
1300,57,0.0205865450,54827568.0000000000,28
1300,58,0.0206070940,54827568.0000000000,25
1300,59,0.0207041510,54827568.0000000000,24
1300,60,0.0205961910,54827568.0000000000,22
1300,61,0.0206487760,54827568.0000000000,31
1300,62,0.0206491920,54827568.0000000000,23
1300,63,0.0206711290,54827568.0000000000,31
1300,64,0.0205998740,54827568.0000000000,29
1300,65,0.0207440000,54827568.0000000000,30
1300,66,0.0206694840,54827568.0000000000,24
1300,67,0.0205962350,54827568.0000000000,31
1300,68,0.0206087470,54827568.0000000000,25
1300,69,0.0206419900,54827568.0000000000,27
1300,70,0.0206065460,54827568.0000000000,31
1300,71,0.0206415190,54827568.0000000000,22
1300,72,0.0207067600,54827568.0000000000,31
1300,73,0.0206141270,54827568.0000000000,27
1300,74,0.0207201110,54827568.0000000000,23
1300,75,0.0205789220,54827568.0000000000,28
1300,76,0.0206534230,54827568.0000000000,25
1300,77,0.0205694130,54827568.0000000000,29
1300,78,0.0206883230,54827568.0000000000,30
1300,79,0.0206766580,54827568.0000000000,24
1300,80,0.0207008830,54827568.0000000000,24
1300,81,0.0205772280,54827568.0000000000,13
1300,82,0.0205136840,54827568.0000000000,29
1300,83,0.0206181620,54827568.0000000000,17
1300,84,0.0206153710,54827568.0000000000,26
1300,85,0.0206649160,54827568.0000000000,26
1300,86,0.0205413470,54827568.0000000000,25
1300,87,0.0206748820,54827568.0000000000,22
1300,88,0.0205928890,54827568.0000000000,13
1300,89,0.0206479300,54827568.0000000000,27
1300,90,0.0206615310,54827568.0000000000,30
1300,91,0.0206359690,54827568.0000000000,25
1300,92,0.0206573330,54827568.0000000000,28
1300,93,0.0206038050,54827568.0000000000,19
1300,94,0.0206069060,54827568.0000000000,29
1300,95,0.0206945330,54827568.0000000000,27
1300,96,0.0206759550,54827568.0000000000,26
1300,97,0.0206565000,54827568.0000000000,26
1300,98,0.0206480350,54827568.0000000000,30
1300,99,0.0207169940,54827568.0000000000,21
1300,100,0.0206924270,54827568.0000000000,23
1300,101,0.0205906690,54827568.0000000000,16
1300,102,0.0206924650,54827568.0000000000,22
1300,103,0.0206542280,54827568.0000000000,14
1300,104,0.0206619290,54827568.0000000000,24
1300,105,0.0207328230,54827568.0000000000,23
1300,106,0.0205655350,54827568.0000000000,28
1300,107,0.0206189570,54827568.0000000000,26
1300,108,0.0207043400,54827568.0000000000,20
1300,109,0.0206079030,54827568.0000000000,23
1300,110,0.0205617140,54827568.0000000000,16
1300,111,0.0206461430,54827568.0000000000,14
1300,112,0.0206682440,54827568.0000000000,15
1300,113,0.0205872630,54827568.0000000000,18
1300,114,0.0206101550,54827568.0000000000,15
1300,115,0.0206673190,54827568.0000000000,22
1300,116,0.0206472340,54827568.0000000000,28
1300,117,0.0178277330,47074864.0000000000,4
1300,118,0.0179061690,47074864.0000000000,10
1300,119,0.0178471500,47074864.0000000000,7
1300,120,0.0178281700,47074864.0000000000,19
1300,121,0.0178692800,47074864.0000000000,17
1300,122,0.0178732690,47074864.0000000000,20
1300,123,0.0178855920,47074864.0000000000,21
1300,124,0.0179040780,47074864.0000000000,21
1300,125,0.0178228100,47074864.0000000000,16
1300,126,0.0179190680,47074864.0000000000,21
1300,127,0.0177923710,47074864.0000000000,18
1300,128,0.0178211530,47074864.0000000000,14
1300,129,0.0178001570,47074864.0000000000,18
1300,130,0.0178396940,47074864.0000000000,19
1300,131,0.0179130110,47074864.0000000000,15
1300,132,0.0178750610,47074864.0000000000,20
1300,133,0.0178471390,47074864.0000000000,7
1300,134,0.0179062610,47074864.0000000000,17
1300,135,0.0178512930,47074864.0000000000,19
1300,136,0.0178290400,47074864.0000000000,13
1300,137,0.0178905670,47074864.0000000000,15
1300,138,0.0178473180,47074864.0000000000,9
1300,139,0.0178248770,47074864.0000000000,5
1300,140,0.0178393900,47074864.0000000000,14
1300,141,0.0178193330,47074864.0000000000,16
1300,142,0.0178791110,47074864.0000000000,6
1300,143,0.0178242590,47074864.0000000000,13
1300,144,0.0178500710,47074864.0000000000,17
1300,145,0.0177901360,47074864.0000000000,18
1300,146,0.0179199070,47074864.0000000000,20
1300,147,0.0178613860,47074864.0000000000,4
1300,148,0.0178980450,47074864.0000000000,11
1300,149,0.0178749080,47074864.0000000000,8
1300,150,0.0179034410,47074864.0000000000,12
1300,151,0.0178781200,47074864.0000000000,6
1300,152,0.0178665280,47074864.0000000000,5
1350,0,7.5650756037,317160880.0000000000,5
1350,1,7.3614827581,304668992.0000000000,6
1350,2,7.0705102077,292876224.0000000000,11
1350,3,6.1207591215,266432400.0000000000,9
1350,4,5.3491442765,244499648.0000000000,10
1350,5,6.3541618241,272571904.0000000000,8
1350,6,8.3185584608,330207408.0000000000,12
1350,7,9.3866002033,367041600.0000000000,4
1350,8,8.5254682261,346716624.0000000000,7
1350,9,10.4187837123,438141968.0000000000,24
1350,10,10.7249096732,444488224.0000000000,23
1350,11,11.3533085467,461078672.0000000000,20
1350,12,12.2748527632,488995968.0000000000,27
1350,13,12.7672593041,505332336.0000000000,29
1350,14,12.2955104386,490985360.0000000000,12
1350,15,11.2288865018,457862144.0000000000,8
1350,16,10.5204507884,438799232.0000000000,11
1350,17,10.3183195538,435388912.0000000000,0
1350,18,10.2213829289,436378848.0000000000,6
1350,19,10.2278888548,436509632.0000000000,17
1350,20,10.2307500202,436510816.0000000000,7
1350,21,10.2336971106,436511936.0000000000,22
1350,22,10.2293728857,436508608.0000000000,3
1350,23,10.2278363330,436513712.0000000000,1
1350,24,10.2259289055,436504592.0000000000,1
1350,25,10.2288571399,436508176.0000000000,3
1350,26,10.2217848521,436373264.0000000000,26
1350,27,10.2193600957,436378176.0000000000,0
1350,28,10.2215883461,436512704.0000000000,9
1350,29,10.2228424803,436508640.0000000000,2
1350,30,10.2322561601,436508672.0000000000,14
1350,31,10.2228929453,436508944.0000000000,2
1350,32,10.2307615314,436510624.0000000000,21
1350,33,10.2238159940,436511136.0000000000,16
1350,34,10.2222354436,436514944.0000000000,18
1350,35,10.2326947596,436375504.0000000000,31
1350,36,10.2256808886,435868320.0000000000,10
1350,37,10.2279162401,436520560.0000000000,5
1350,38,10.2328369442,436501840.0000000000,4
1350,39,10.2328015021,436517760.0000000000,28
1350,40,10.2305557025,436514992.0000000000,25
1350,41,10.2406098489,436498368.0000000000,30
1350,42,10.2394983474,436526720.0000000000,13
1350,43,10.2419832971,436505008.0000000000,15
1350,44,10.2174103633,435885280.0000000000,19
1350,45,2.6531781022,131985744.0000000000,14
1350,46,2.6518412346,132153328.0000000000,19
1350,47,2.6522854043,132145456.0000000000,13
1350,48,2.6508207289,132141856.0000000000,18
1350,49,2.6544878631,132142992.0000000000,15
1350,50,2.6555524316,132152736.0000000000,20
1350,51,2.6546122777,132133168.0000000000,21
1350,52,2.6508758110,132137168.0000000000,16
1350,53,2.6512628415,131998384.0000000000,17
1350,54,0.6759971485,54827568.0000000000,30
1350,55,0.6726736757,54827568.0000000000,29
1350,56,0.6736799234,54827568.0000000000,27
1350,57,0.6742304301,54827568.0000000000,28
1350,58,0.6730090437,54827568.0000000000,25
1350,59,0.6764772202,54827568.0000000000,24
1350,60,0.6747039416,54827568.0000000000,22
1350,61,0.6741072293,54827568.0000000000,31
1350,62,0.6755592802,54827568.0000000000,23
1350,63,0.6743499887,54827568.0000000000,31
1350,64,0.6719393614,54827568.0000000000,29
1350,65,0.6752668655,54827568.0000000000,30
1350,66,0.6757578408,54827568.0000000000,24
1350,67,0.6740530712,54827568.0000000000,31
1350,68,0.6727435750,54827568.0000000000,25
1350,69,0.6738487212,54827568.0000000000,27
1350,70,0.6739173037,54827568.0000000000,31
1350,71,0.6748935273,54827568.0000000000,22
1350,72,0.6741520155,54827568.0000000000,31
1350,73,0.6738065301,54827568.0000000000,27
1350,74,0.6755438280,54827568.0000000000,23
1350,75,0.6740382181,54827568.0000000000,28
1350,76,0.6726475003,54827568.0000000000,25
1350,77,0.6721697810,54827568.0000000000,29
1350,78,0.6754855162,54827568.0000000000,30
1350,79,0.6759524158,54827568.0000000000,24
1350,80,0.6760812572,54827568.0000000000,24
1350,81,0.6732003487,54827568.0000000000,13
1350,82,0.6727116513,54827568.0000000000,29
1350,83,0.6743018126,54827568.0000000000,17
1350,84,0.6752074355,54827568.0000000000,26
1350,85,0.6750699407,54827568.0000000000,26
1350,86,0.6729962704,54827568.0000000000,25
1350,87,0.6749193675,54827568.0000000000,22
1350,88,0.6732045291,54827568.0000000000,13
1350,89,0.6738626662,54827568.0000000000,27
1350,90,0.6754799490,54827568.0000000000,30
1350,91,0.6726979538,54827568.0000000000,25
1350,92,0.6739874987,54827568.0000000000,28
1350,93,0.6736415316,54827568.0000000000,19
1350,94,0.6723782555,54827568.0000000000,29
1350,95,0.6737753703,54827568.0000000000,27
1350,96,0.6747583711,54827568.0000000000,26
1350,97,0.6750552893,54827568.0000000000,26
1350,98,0.6756534096,54827568.0000000000,30
1350,99,0.6753848483,54827568.0000000000,21
1350,100,0.6751120101,54827568.0000000000,23
1350,101,0.6736749596,54827568.0000000000,16
1350,102,0.6749873170,54827568.0000000000,22
1350,103,0.6748644420,54827568.0000000000,14
1350,104,0.6757268337,54827568.0000000000,24
1350,105,0.6753846523,54827568.0000000000,23
1350,106,0.6740216140,54827568.0000000000,28
1350,107,0.6746610835,54827568.0000000000,26
1350,108,0.6755451556,54827568.0000000000,20
1350,109,0.6752115737,54827568.0000000000,23
1350,110,0.6735632722,54827568.0000000000,16
1350,111,0.6748953843,54827568.0000000000,14
1350,112,0.6746977569,54827568.0000000000,15
1350,113,0.6733214164,54827568.0000000000,18
1350,114,0.6741292517,54827568.0000000000,15
1350,115,0.6752243388,54827568.0000000000,22
1350,116,0.6738218329,54827568.0000000000,28
1350,117,0.5831906801,47074864.0000000000,4
1350,118,0.5838753842,47074864.0000000000,10
1350,119,0.5831670913,47074864.0000000000,7
1350,120,0.5824223674,47074864.0000000000,19
1350,121,0.5836040749,47074864.0000000000,17
1350,122,0.5841846815,47074864.0000000000,20
1350,123,0.5840319215,47074864.0000000000,21
1350,124,0.5839355536,47074864.0000000000,21
1350,125,0.5822066123,47074864.0000000000,16
1350,126,0.5843562319,47074864.0000000000,21
1350,127,0.5815954667,47074864.0000000000,18
1350,128,0.5841978260,47074864.0000000000,14
1350,129,0.5816865732,47074864.0000000000,18
1350,130,0.5823195962,47074864.0000000000,19
1350,131,0.5843152267,47074864.0000000000,15
1350,132,0.5840043202,47074864.0000000000,20
1350,133,0.5828549983,47074864.0000000000,7
1350,134,0.5837536189,47074864.0000000000,17
1350,135,0.5827648857,47074864.0000000000,19
1350,136,0.5825476837,47074864.0000000000,13
1350,137,0.5845565836,47074864.0000000000,15
1350,138,0.5832647542,47074864.0000000000,9
1350,139,0.5825969084,47074864.0000000000,5
1350,140,0.5839903186,47074864.0000000000,14
1350,141,0.5821996518,47074864.0000000000,16
1350,142,0.5837060978,47074864.0000000000,6
1350,143,0.5827503167,47074864.0000000000,13
1350,144,0.5837177904,47074864.0000000000,17
1350,145,0.5816535508,47074864.0000000000,18
1350,146,0.5843100161,47074864.0000000000,20
1350,147,0.5833178874,47074864.0000000000,4
1350,148,0.5845379745,47074864.0000000000,11
1350,149,0.5839214200,47074864.0000000000,8
1350,150,0.5846045520,47074864.0000000000,12
1350,151,0.5837293845,47074864.0000000000,6
1350,152,0.5827527148,47074864.0000000000,5
1400,0,0.2343836540,316568848.0000000000,5
1400,1,0.2241193700,301855616.0000000000,6
1400,2,0.2087421560,285476656.0000000000,11
1400,3,0.1743521560,255442832.0000000000,9
1400,4,0.1576971890,239397808.0000000000,10
1400,5,0.1804565320,260394288.0000000000,8
1400,6,0.2514662110,325766960.0000000000,12
1400,7,0.2945931610,368231936.0000000000,4
1400,8,0.2674158350,347769200.0000000000,7
1400,9,0.3254138130,438962928.0000000000,24
1400,10,0.3371904030,446924112.0000000000,23
1400,11,0.3630764080,467621824.0000000000,20
1400,12,0.3973015090,499024848.0000000000,27
1400,13,0.4027538290,506769936.0000000000,29
1400,14,0.3989888760,500897584.0000000000,12
1400,15,0.3571930210,462820720.0000000000,8
1400,16,0.3272453960,438802768.0000000000,11
1400,17,0.3202797350,434851936.0000000000,0
1400,18,0.3176709190,436372976.0000000000,6
1400,19,0.3178861260,436510800.0000000000,17
1400,20,0.3177986460,436510000.0000000000,7
1400,21,0.3180745910,436510704.0000000000,22
1400,22,0.3179591990,436509632.0000000000,3
1400,23,0.3178608290,436512432.0000000000,1
1400,24,0.3177579090,436510880.0000000000,1
1400,25,0.3177275110,436509120.0000000000,3
1400,26,0.3175181510,436370608.0000000000,26
1400,27,0.3175212450,436376000.0000000000,0
1400,28,0.3176298060,436510864.0000000000,9
1400,29,0.3176881300,436506816.0000000000,2
1400,30,0.3180478260,436507264.0000000000,14
1400,31,0.3177181050,436516400.0000000000,2
1400,32,0.3178318020,436507680.0000000000,21
1400,33,0.3176480550,436509280.0000000000,16
1400,34,0.3177428610,436516128.0000000000,18
1400,35,0.3178561320,436371264.0000000000,31
1400,36,0.3177123980,435849040.0000000000,10
1400,37,0.3179914170,436516672.0000000000,5
1400,38,0.3179302500,436498608.0000000000,4
1400,39,0.3179517290,436516208.0000000000,28
1400,40,0.3179354370,436511632.0000000000,25
1400,41,0.3180696500,436500720.0000000000,30
1400,42,0.3182896350,436525104.0000000000,13
1400,43,0.3182266930,436510128.0000000000,15
1400,44,0.3175509270,435860144.0000000000,19
1400,45,0.0822301940,131979040.0000000000,14
1400,46,0.0820882680,132154320.0000000000,19
1400,47,0.0821377340,132149040.0000000000,13
1400,48,0.0820682390,132140064.0000000000,18
1400,49,0.0822950810,132143920.0000000000,15
1400,50,0.0822140480,132152384.0000000000,20
1400,51,0.0822363840,132132992.0000000000,21
1400,52,0.0821519730,132135808.0000000000,16
1400,53,0.0821047210,131992672.0000000000,17
1400,54,0.0206671640,54827568.0000000000,30
1400,55,0.0205151360,54827568.0000000000,29
1400,56,0.0206641950,54827568.0000000000,27
1400,57,0.0206477630,54827568.0000000000,28
1400,58,0.0205571970,54827568.0000000000,25
1400,59,0.0207275470,54827568.0000000000,24
1400,60,0.0206676490,54827568.0000000000,22
1400,61,0.0206231790,54827568.0000000000,31
1400,62,0.0206931070,54827568.0000000000,23
1400,63,0.0206014850,54827568.0000000000,31
1400,64,0.0205676090,54827568.0000000000,29
1400,65,0.0206970710,54827568.0000000000,30
1400,66,0.0206627520,54827568.0000000000,24
1400,67,0.0206320560,54827568.0000000000,31
1400,68,0.0205717450,54827568.0000000000,25
1400,69,0.0206044090,54827568.0000000000,27
1400,70,0.0206548290,54827568.0000000000,31
1400,71,0.0206298440,54827568.0000000000,22
1400,72,0.0206499510,54827568.0000000000,31
1400,73,0.0206436940,54827568.0000000000,27
1400,74,0.0206186330,54827568.0000000000,23
1400,75,0.0206798480,54827568.0000000000,28
1400,76,0.0205517760,54827568.0000000000,25
1400,77,0.0205884200,54827568.0000000000,29
1400,78,0.0206169550,54827568.0000000000,30
1400,79,0.0206711390,54827568.0000000000,24
1400,80,0.0207023280,54827568.0000000000,24
1400,81,0.0206051020,54827568.0000000000,13
1400,82,0.0205643740,54827568.0000000000,29
1400,83,0.0206722250,54827568.0000000000,17
1400,84,0.0206880110,54827568.0000000000,26
1400,85,0.0206523120,54827568.0000000000,26
1400,86,0.0206100880,54827568.0000000000,25
1400,87,0.0206720860,54827568.0000000000,22
1400,88,0.0205317510,54827568.0000000000,13
1400,89,0.0206232760,54827568.0000000000,27
1400,90,0.0206680040,54827568.0000000000,30
1400,91,0.0206450760,54827568.0000000000,25
1400,92,0.0205686020,54827568.0000000000,28
1400,93,0.0206315270,54827568.0000000000,19
1400,94,0.0205541570,54827568.0000000000,29
1400,95,0.0206228330,54827568.0000000000,27
1400,96,0.0206141380,54827568.0000000000,26
1400,97,0.0207366740,54827568.0000000000,26
1400,98,0.0206785340,54827568.0000000000,30
1400,99,0.0207472930,54827568.0000000000,21
1400,100,0.0206419700,54827568.0000000000,23
1400,101,0.0206856860,54827568.0000000000,16
1400,102,0.0207187890,54827568.0000000000,22
1400,103,0.0206748990,54827568.0000000000,14
1400,104,0.0206848030,54827568.0000000000,24
1400,105,0.0207130570,54827568.0000000000,23
1400,106,0.0206720140,54827568.0000000000,28
1400,107,0.0206068240,54827568.0000000000,26
1400,108,0.0206539020,54827568.0000000000,20
1400,109,0.0207706270,54827568.0000000000,23
1400,110,0.0205566730,54827568.0000000000,16
1400,111,0.0207136550,54827568.0000000000,14
1400,112,0.0206696190,54827568.0000000000,15
1400,113,0.0206507670,54827568.0000000000,18
1400,114,0.0206367950,54827568.0000000000,15
1400,115,0.0206778350,54827568.0000000000,22
1400,116,0.0206852980,54827568.0000000000,28
1400,117,0.0178609370,47074864.0000000000,4
1400,118,0.0178894080,47074864.0000000000,10
1400,119,0.0178611570,47074864.0000000000,7
1400,120,0.0178828670,47074864.0000000000,19
1400,121,0.0178895790,47074864.0000000000,17
1400,122,0.0179130140,47074864.0000000000,20
1400,123,0.0178862940,47074864.0000000000,21
1400,124,0.0178796690,47074864.0000000000,21
1400,125,0.0178181510,47074864.0000000000,16
1400,126,0.0179155890,47074864.0000000000,21
1400,127,0.0178203180,47074864.0000000000,18
1400,128,0.0178735240,47074864.0000000000,14
1400,129,0.0178226090,47074864.0000000000,18
1400,130,0.0178155280,47074864.0000000000,19
1400,131,0.0178947360,47074864.0000000000,15
1400,132,0.0178740290,47074864.0000000000,20
1400,133,0.0178390240,47074864.0000000000,7
1400,134,0.0178462150,47074864.0000000000,17
1400,135,0.0178288420,47074864.0000000000,19
1400,136,0.0177988300,47074864.0000000000,13
1400,137,0.0178989340,47074864.0000000000,15
1400,138,0.0178051480,47074864.0000000000,9
1400,139,0.0178412800,47074864.0000000000,5
1400,140,0.0179048940,47074864.0000000000,14
1400,141,0.0178208360,47074864.0000000000,16
1400,142,0.0179055640,47074864.0000000000,6
1400,143,0.0178418420,47074864.0000000000,13
1400,144,0.0178855820,47074864.0000000000,17
1400,145,0.0177996960,47074864.0000000000,18
1400,146,0.0179252070,47074864.0000000000,20
1400,147,0.0178574490,47074864.0000000000,4
1400,148,0.0179464970,47074864.0000000000,11
1400,149,0.0178552230,47074864.0000000000,8
1400,150,0.0178918230,47074864.0000000000,12
1400,151,0.0178891730,47074864.0000000000,6
1400,152,0.0178174330,47074864.0000000000,5
1450,0,7.5362525368,315948144.0000000000,5
1450,1,7.1560296736,299307232.0000000000,6
1450,2,6.5447046617,277272672.0000000000,11
1450,3,5.4502042177,247355584.0000000000,9
1450,4,4.9517897327,234024064.0000000000,10
1450,5,5.6047858469,251243184.0000000000,8
1450,6,7.9721590909,320117264.0000000000,12
1450,7,9.4961120033,369215184.0000000000,4
1450,8,8.6352935069,349065600.0000000000,7
1450,9,10.4796620382,439840896.0000000000,24
1450,10,10.9052748403,449645264.0000000000,23
1450,11,11.8293063266,474691376.0000000000,20
1450,12,12.9077346331,503555136.0000000000,27
1450,13,12.9536497321,506558960.0000000000,29
1450,14,12.9637635412,505648912.0000000000,12
1450,15,11.6157591093,468931552.0000000000,8
1450,16,10.5430645017,439103600.0000000000,11
1450,17,10.2964102906,434340624.0000000000,0
1450,18,10.2210160471,436372528.0000000000,6
1450,19,10.2273086951,436508736.0000000000,17
1450,20,10.2297078889,436511136.0000000000,7
1450,21,10.2347734748,436511216.0000000000,22
1450,22,10.2302599255,436512592.0000000000,3
1450,23,10.2277463744,436509648.0000000000,1
1450,24,10.2266839508,436511584.0000000000,1
1450,25,10.2280205327,436512480.0000000000,3
1450,26,10.2224718964,436372336.0000000000,26
1450,27,10.2190434998,436371536.0000000000,0
1450,28,10.2215898747,436512592.0000000000,9
1450,29,10.2234557149,436507744.0000000000,2
1450,30,10.2329420260,436509232.0000000000,14
1450,31,10.2223673620,436514560.0000000000,2
1450,32,10.2306833599,436507328.0000000000,21
1450,33,10.2216632927,436511360.0000000000,16
1450,34,10.2217895413,436509536.0000000000,18
1450,35,10.2319676002,436370704.0000000000,31
1450,36,10.2250850369,435828880.0000000000,10
1450,37,10.2284628242,436514528.0000000000,5
1450,38,10.2322352039,436503392.0000000000,4
1450,39,10.2331862312,436510448.0000000000,28
1450,40,10.2308810169,436516368.0000000000,25
1450,41,10.2410273804,436506544.0000000000,30
1450,42,10.2393128887,436518416.0000000000,13
1450,43,10.2425931451,436513984.0000000000,15
1450,44,10.2153842251,435837984.0000000000,19
1450,45,2.6525385594,131975632.0000000000,14
1450,46,2.6515548951,132153040.0000000000,19
1450,47,2.6527351767,132148256.0000000000,13
1450,48,2.6507091823,132140896.0000000000,18
1450,49,2.6548135326,132140416.0000000000,15
1450,50,2.6556386466,132149344.0000000000,20
1450,51,2.6546539705,132135360.0000000000,21
1450,52,2.6512365287,132136960.0000000000,16
1450,53,2.6503236184,131985776.0000000000,17
1450,54,0.6758525121,54827568.0000000000,30
1450,55,0.6724359154,54827568.0000000000,29
1450,56,0.6738346766,54827568.0000000000,27
1450,57,0.6741816742,54827568.0000000000,28
1450,58,0.6729135973,54827568.0000000000,25
1450,59,0.6757789969,54827568.0000000000,24
1450,60,0.6748330340,54827568.0000000000,22
1450,61,0.6741802288,54827568.0000000000,31
1450,62,0.6754427707,54827568.0000000000,23
1450,63,0.6742451248,54827568.0000000000,31
1450,64,0.6725708849,54827568.0000000000,29
1450,65,0.6753635369,54827568.0000000000,30
1450,66,0.6756662828,54827568.0000000000,24
1450,67,0.6742207800,54827568.0000000000,31
1450,68,0.6728230120,54827568.0000000000,25
1450,69,0.6742306629,54827568.0000000000,27
1450,70,0.6739342484,54827568.0000000000,31
1450,71,0.6751182451,54827568.0000000000,22
1450,72,0.6745401436,54827568.0000000000,31
1450,73,0.6739108268,54827568.0000000000,27
1450,74,0.6751753180,54827568.0000000000,23
1450,75,0.6740187474,54827568.0000000000,28
1450,76,0.6728807619,54827568.0000000000,25
1450,77,0.6725496232,54827568.0000000000,29
1450,78,0.6756180245,54827568.0000000000,30
1450,79,0.6755662812,54827568.0000000000,24
1450,80,0.6757187758,54827568.0000000000,24
1450,81,0.6731810519,54827568.0000000000,13
1450,82,0.6727434504,54827568.0000000000,29
1450,83,0.6745441910,54827568.0000000000,17
1450,84,0.6750726788,54827568.0000000000,26
1450,85,0.6750942349,54827568.0000000000,26
1450,86,0.6728068071,54827568.0000000000,25
1450,87,0.6746554577,54827568.0000000000,22
1450,88,0.6731690810,54827568.0000000000,13
1450,89,0.6736553640,54827568.0000000000,27
1450,90,0.6754844464,54827568.0000000000,30
1450,91,0.6728592881,54827568.0000000000,25
1450,92,0.6740809584,54827568.0000000000,28
1450,93,0.6735912301,54827568.0000000000,19
1450,94,0.6726633238,54827568.0000000000,29
1450,95,0.6738948290,54827568.0000000000,27
1450,96,0.6751940206,54827568.0000000000,26
1450,97,0.6748993166,54827568.0000000000,26
1450,98,0.6754771975,54827568.0000000000,30
1450,99,0.6752000917,54827568.0000000000,21
1450,100,0.6752050006,54827568.0000000000,23
1450,101,0.6737601467,54827568.0000000000,16
1450,102,0.6753179586,54827568.0000000000,22
1450,103,0.6750771917,54827568.0000000000,14
1450,104,0.6755391901,54827568.0000000000,24
1450,105,0.6755593687,54827568.0000000000,23
1450,106,0.6738585398,54827568.0000000000,28
1450,107,0.6750704743,54827568.0000000000,26
1450,108,0.6755368152,54827568.0000000000,20
1450,109,0.6756042053,54827568.0000000000,23
1450,110,0.6732712002,54827568.0000000000,16
1450,111,0.6747813047,54827568.0000000000,14
1450,112,0.6747781856,54827568.0000000000,15
1450,113,0.6734197910,54827568.0000000000,18
1450,114,0.6742351731,54827568.0000000000,15
1450,115,0.6748548641,54827568.0000000000,22
1450,116,0.6738243273,54827568.0000000000,28
1450,117,0.5832337817,47074864.0000000000,4
1450,118,0.5838993239,47074864.0000000000,10
1450,119,0.5830475566,47074864.0000000000,7
1450,120,0.5822886017,47074864.0000000000,19
1450,121,0.5836491624,47074864.0000000000,17
1450,122,0.5841218653,47074864.0000000000,20
1450,123,0.5841330586,47074864.0000000000,21
1450,124,0.5842669991,47074864.0000000000,21
1450,125,0.5822460078,47074864.0000000000,16
1450,126,0.5840405866,47074864.0000000000,21
1450,127,0.5813727194,47074864.0000000000,18
1450,128,0.5843756060,47074864.0000000000,14
1450,129,0.5815414754,47074864.0000000000,18
1450,130,0.5823613451,47074864.0000000000,19
1450,131,0.5841365404,47074864.0000000000,15
1450,132,0.5841729832,47074864.0000000000,20
1450,133,0.5830092548,47074864.0000000000,7
1450,134,0.5838233959,47074864.0000000000,17
1450,135,0.5822892026,47074864.0000000000,19
1450,136,0.5826147661,47074864.0000000000,13
1450,137,0.5840915202,47074864.0000000000,15
1450,138,0.5829874339,47074864.0000000000,9
1450,139,0.5829678580,47074864.0000000000,5
1450,140,0.5839962481,47074864.0000000000,14
1450,141,0.5822822060,47074864.0000000000,16
1450,142,0.5838447678,47074864.0000000000,6
1450,143,0.5827833078,47074864.0000000000,13
1450,144,0.5837124091,47074864.0000000000,17
1450,145,0.5817708869,47074864.0000000000,18
1450,146,0.5842858597,47074864.0000000000,20
1450,147,0.5833292963,47074864.0000000000,4
1450,148,0.5847463616,47074864.0000000000,11
1450,149,0.5837808357,47074864.0000000000,8
1450,150,0.5847812789,47074864.0000000000,12
1450,151,0.5836655563,47074864.0000000000,6
1450,152,0.5827905422,47074864.0000000000,5
1500,0,0.2337133630,315188192.0000000000,5
1500,1,0.2185570730,296998288.0000000000,6
1500,2,0.1902028370,268738016.0000000000,11
1500,3,0.1525841150,236802928.0000000000,9
1500,4,0.1352449050,221073472.0000000000,10
1500,5,0.1560335840,239900832.0000000000,8
1500,6,0.2385023680,314050432.0000000000,12
1500,7,0.2975160170,370435760.0000000000,4
1500,8,0.2707768890,350555200.0000000000,7
1500,9,0.3254826660,440701616.0000000000,24
1500,10,0.3416694870,452252064.0000000000,23
1500,11,0.3762086430,480615344.0000000000,20
1500,12,0.4044649390,504729120.0000000000,27
1500,13,0.4022191350,506311024.0000000000,29
1500,14,0.4070138860,506585552.0000000000,12
1500,15,0.3693586910,474328816.0000000000,8
1500,16,0.3269015930,439416416.0000000000,11
1500,17,0.3178686630,433792784.0000000000,0
1500,18,0.3176854200,436369904.0000000000,6
1500,19,0.3178927470,436508880.0000000000,17
1500,20,0.3178133060,436508208.0000000000,7
1500,21,0.3181057510,436509936.0000000000,22
1500,22,0.3181552960,436512608.0000000000,3
1500,23,0.3178083180,436510688.0000000000,1
1500,24,0.3178186660,436511808.0000000000,1
1500,25,0.3177418270,436510832.0000000000,3
1500,26,0.3177136090,436368240.0000000000,26
1500,27,0.3174720890,436369984.0000000000,0
1500,28,0.3176520270,436516848.0000000000,9
1500,29,0.3176834070,436511360.0000000000,2
1500,30,0.3178950900,436509888.0000000000,14
1500,31,0.3175323250,436511328.0000000000,2
1500,32,0.3178811290,436510944.0000000000,21
1500,33,0.3177844800,436509040.0000000000,16
1500,34,0.3177116600,436511696.0000000000,18
1500,35,0.3181650250,436371024.0000000000,31
1500,36,0.3177552380,435808112.0000000000,10
1500,37,0.3178426110,436510144.0000000000,5
1500,38,0.3179972070,436506880.0000000000,4
1500,39,0.3181332900,436511008.0000000000,28
1500,40,0.3179131750,436512592.0000000000,25
1500,41,0.3183365940,436509280.0000000000,30
1500,42,0.3181842480,436516384.0000000000,13
1500,43,0.3183192100,436508976.0000000000,15
1500,44,0.3175207400,435813648.0000000000,19
1500,45,0.0821935730,131969472.0000000000,14
1500,46,0.0820453560,132152448.0000000000,19
1500,47,0.0822742110,132148352.0000000000,13
1500,48,0.0822060100,132138816.0000000000,18
1500,49,0.0822906890,132141488.0000000000,15
1500,50,0.0821825950,132146784.0000000000,20
1500,51,0.0821526850,132135728.0000000000,21
1500,52,0.0821805810,132140704.0000000000,16
1500,53,0.0821490960,131981104.0000000000,17
1500,54,0.0206772530,54827568.0000000000,30
1500,55,0.0206545590,54827568.0000000000,29
1500,56,0.0206997260,54827568.0000000000,27
1500,57,0.0206615040,54827568.0000000000,28
1500,58,0.0205686520,54827568.0000000000,25
1500,59,0.0206481570,54827568.0000000000,24
1500,60,0.0206461360,54827568.0000000000,22
1500,61,0.0206803300,54827568.0000000000,31
1500,62,0.0207024450,54827568.0000000000,23
1500,63,0.0207253550,54827568.0000000000,31
1500,64,0.0205374610,54827568.0000000000,29
1500,65,0.0206770140,54827568.0000000000,30
1500,66,0.0206872930,54827568.0000000000,24
1500,67,0.0206847570,54827568.0000000000,31
1500,68,0.0205797740,54827568.0000000000,25
1500,69,0.0207119580,54827568.0000000000,27
1500,70,0.0206541080,54827568.0000000000,31
1500,71,0.0206532310,54827568.0000000000,22
1500,72,0.0206314040,54827568.0000000000,31
1500,73,0.0206179780,54827568.0000000000,27
1500,74,0.0206870850,54827568.0000000000,23
1500,75,0.0206342980,54827568.0000000000,28
1500,76,0.0206090400,54827568.0000000000,25
1500,77,0.0205775270,54827568.0000000000,29
1500,78,0.0206696580,54827568.0000000000,30
1500,79,0.0207021510,54827568.0000000000,24
1500,80,0.0207142740,54827568.0000000000,24
1500,81,0.0206757490,54827568.0000000000,13
1500,82,0.0205761570,54827568.0000000000,29
1500,83,0.0205939490,54827568.0000000000,17
1500,84,0.0206391680,54827568.0000000000,26
1500,85,0.0206729850,54827568.0000000000,26
1500,86,0.0205804670,54827568.0000000000,25
1500,87,0.0207305210,54827568.0000000000,22
1500,88,0.0206174270,54827568.0000000000,13
1500,89,0.0206039300,54827568.0000000000,27
1500,90,0.0206990540,54827568.0000000000,30
1500,91,0.0206291100,54827568.0000000000,25
1500,92,0.0206728730,54827568.0000000000,28
1500,93,0.0206222220,54827568.0000000000,19
1500,94,0.0206349200,54827568.0000000000,29
1500,95,0.0206409220,54827568.0000000000,27
1500,96,0.0206755690,54827568.0000000000,26
1500,97,0.0206346520,54827568.0000000000,26
1500,98,0.0206751100,54827568.0000000000,30
1500,99,0.0206502940,54827568.0000000000,21
1500,100,0.0206859530,54827568.0000000000,23
1500,101,0.0206050590,54827568.0000000000,16
1500,102,0.0206037540,54827568.0000000000,22
1500,103,0.0206686460,54827568.0000000000,14
1500,104,0.0206606690,54827568.0000000000,24
1500,105,0.0206485500,54827568.0000000000,23
1500,106,0.0206806290,54827568.0000000000,28
1500,107,0.0206083190,54827568.0000000000,26
1500,108,0.0206476390,54827568.0000000000,20
1500,109,0.0206560840,54827568.0000000000,23
1500,110,0.0205937050,54827568.0000000000,16
1500,111,0.0206065860,54827568.0000000000,14
1500,112,0.0205979490,54827568.0000000000,15
1500,113,0.0205800800,54827568.0000000000,18
1500,114,0.0206186590,54827568.0000000000,15
1500,115,0.0206181520,54827568.0000000000,22
1500,116,0.0205974280,54827568.0000000000,28
1500,117,0.0178779090,47074864.0000000000,4
1500,118,0.0178789320,47074864.0000000000,10
1500,119,0.0178266800,47074864.0000000000,7
1500,120,0.0178011090,47074864.0000000000,19
1500,121,0.0178729680,47074864.0000000000,17
1500,122,0.0178929240,47074864.0000000000,20
1500,123,0.0178682180,47074864.0000000000,21
1500,124,0.0178857510,47074864.0000000000,21
1500,125,0.0178139830,47074864.0000000000,16
1500,126,0.0178942070,47074864.0000000000,21
1500,127,0.0177967110,47074864.0000000000,18
1500,128,0.0178893130,47074864.0000000000,14
1500,129,0.0178136940,47074864.0000000000,18
1500,130,0.0178223790,47074864.0000000000,19
1500,131,0.0178832010,47074864.0000000000,15
1500,132,0.0178861410,47074864.0000000000,20
1500,133,0.0178313900,47074864.0000000000,7
1500,134,0.0178718560,47074864.0000000000,17
1500,135,0.0178641790,47074864.0000000000,19
1500,136,0.0178231650,47074864.0000000000,13
1500,137,0.0178364520,47074864.0000000000,15
1500,138,0.0178122560,47074864.0000000000,9
1500,139,0.0178125940,47074864.0000000000,5
1500,140,0.0178916360,47074864.0000000000,14
1500,141,0.0178475070,47074864.0000000000,16
1500,142,0.0178814660,47074864.0000000000,6
1500,143,0.0178375940,47074864.0000000000,13
1500,144,0.0178894380,47074864.0000000000,17
1500,145,0.0178160560,47074864.0000000000,18
1500,146,0.0178641100,47074864.0000000000,20
1500,147,0.0178363400,47074864.0000000000,4
1500,148,0.0179258710,47074864.0000000000,11
1500,149,0.0178810550,47074864.0000000000,8
1500,150,0.0179143240,47074864.0000000000,12
1500,151,0.0178577490,47074864.0000000000,6
1500,152,0.0178173630,47074864.0000000000,5
1550,0,7.5261742387,314379792.0000000000,5
1550,1,7.0226342376,295507504.0000000000,6
1550,2,5.9718649519,261279296.0000000000,11
1550,3,4.6369828414,224039472.0000000000,9
1550,4,4.1370627074,211053456.0000000000,10
1550,5,4.7306572533,226348960.0000000000,8
1550,6,7.5706134077,309375856.0000000000,12
1550,7,9.6035903498,372173776.0000000000,4
1550,8,8.7525935973,352067088.0000000000,7
1550,9,10.4863717647,441481248.0000000000,24
1550,10,10.9830198552,454543360.0000000000,23
1550,11,12.1338399956,484561024.0000000000,20
1550,12,12.9848770444,504784192.0000000000,27
1550,13,12.9145994648,506009600.0000000000,29
1550,14,13.0952372539,506231792.0000000000,12
1550,15,11.9537287928,478012256.0000000000,8
1550,16,10.5251304753,439624400.0000000000,11
1550,17,10.2327667947,433292464.0000000000,0
1550,18,10.2210844939,436367328.0000000000,6
1550,19,10.2266750792,436509472.0000000000,17
1550,20,10.2297526939,436506576.0000000000,7
1550,21,10.2342441045,436512064.0000000000,22
1550,22,10.2295309341,436511120.0000000000,3
1550,23,10.2276941790,436512896.0000000000,1
1550,24,10.2262079023,436511312.0000000000,1
1550,25,10.2286390871,436508544.0000000000,3
1550,26,10.2222724027,436368256.0000000000,26
1550,27,10.2197417008,436370128.0000000000,0
1550,28,10.2217522494,436515696.0000000000,9
1550,29,10.2239941778,436509696.0000000000,2
1550,30,10.2324453818,436507216.0000000000,14
1550,31,10.2227028550,436510112.0000000000,2
1550,32,10.2295502425,436508496.0000000000,21
1550,33,10.2217483423,436511760.0000000000,16
1550,34,10.2213190987,436511136.0000000000,18
1550,35,10.2340821253,436369264.0000000000,31
1550,36,10.2227319364,435782928.0000000000,10
1550,37,10.2289708354,436515728.0000000000,5
1550,38,10.2333885680,436505200.0000000000,4
1550,39,10.2335049988,436510240.0000000000,28
1550,40,10.2300828026,436517872.0000000000,25
1550,41,10.2417182715,436510688.0000000000,30
1550,42,10.2400641926,436517776.0000000000,13
1550,43,10.2432945062,436506160.0000000000,15
1550,44,10.2143737252,435793920.0000000000,19
1550,45,2.6526014847,131963408.0000000000,14
1550,46,2.6522786704,132153200.0000000000,19
1550,47,2.6522300086,132147552.0000000000,13
1550,48,2.6507574232,132142272.0000000000,18
1550,49,2.6545174434,132139472.0000000000,15
1550,50,2.6559012073,132146288.0000000000,20
1550,51,2.6546222455,132134032.0000000000,21
1550,52,2.6513699662,132141200.0000000000,16
1550,53,2.6512768465,131975600.0000000000,17
1550,54,0.6754776676,54827568.0000000000,30
1550,55,0.6724199709,54827568.0000000000,29
1550,56,0.6739689465,54827568.0000000000,27
1550,57,0.6743047833,54827568.0000000000,28
1550,58,0.6727842688,54827568.0000000000,25
1550,59,0.6760126313,54827568.0000000000,24
1550,60,0.6751959408,54827568.0000000000,22
1550,61,0.6744129614,54827568.0000000000,31
1550,62,0.6755493178,54827568.0000000000,23
1550,63,0.6740842995,54827568.0000000000,31
1550,64,0.6722251035,54827568.0000000000,29
1550,65,0.6753217742,54827568.0000000000,30
1550,66,0.6757450029,54827568.0000000000,24
1550,67,0.6745855830,54827568.0000000000,31
1550,68,0.6725942073,54827568.0000000000,25
1550,69,0.6739084053,54827568.0000000000,27
1550,70,0.6745231447,54827568.0000000000,31
1550,71,0.6746386102,54827568.0000000000,22
1550,72,0.6737038585,54827568.0000000000,31
1550,73,0.6734941605,54827568.0000000000,27
1550,74,0.6756861489,54827568.0000000000,23
1550,75,0.6738980980,54827568.0000000000,28
1550,76,0.6726988892,54827568.0000000000,25
1550,77,0.6724117725,54827568.0000000000,29
1550,78,0.6758013378,54827568.0000000000,30
1550,79,0.6757830510,54827568.0000000000,24
1550,80,0.6758714329,54827568.0000000000,24
1550,81,0.6733428285,54827568.0000000000,13
1550,82,0.6726352895,54827568.0000000000,29
1550,83,0.6744699101,54827568.0000000000,17
1550,84,0.6754885719,54827568.0000000000,26
1550,85,0.6750384096,54827568.0000000000,26
1550,86,0.6733875716,54827568.0000000000,25
1550,87,0.6750433141,54827568.0000000000,22
1550,88,0.6731136042,54827568.0000000000,13
1550,89,0.6735005017,54827568.0000000000,27
1550,90,0.6753173609,54827568.0000000000,30
1550,91,0.6727306523,54827568.0000000000,25
1550,92,0.6739005041,54827568.0000000000,28
1550,93,0.6735351188,54827568.0000000000,19
1550,94,0.6725293923,54827568.0000000000,29
1550,95,0.6737942212,54827568.0000000000,27
1550,96,0.6749125598,54827568.0000000000,26
1550,97,0.6750712973,54827568.0000000000,26
1550,98,0.6758336910,54827568.0000000000,30
1550,99,0.6757376752,54827568.0000000000,21
1550,100,0.6754762594,54827568.0000000000,23
1550,101,0.6735781297,54827568.0000000000,16
1550,102,0.6748347518,54827568.0000000000,22
1550,103,0.6749940555,54827568.0000000000,14
1550,104,0.6755736637,54827568.0000000000,24
1550,105,0.6755417953,54827568.0000000000,23
1550,106,0.6740193604,54827568.0000000000,28
1550,107,0.6748569465,54827568.0000000000,26
1550,108,0.6759290054,54827568.0000000000,20
1550,109,0.6751834390,54827568.0000000000,23
1550,110,0.6732264886,54827568.0000000000,16
1550,111,0.6747535223,54827568.0000000000,14
1550,112,0.6745409987,54827568.0000000000,15
1550,113,0.6731829036,54827568.0000000000,18
1550,114,0.6742242064,54827568.0000000000,15
1550,115,0.6749942794,54827568.0000000000,22
1550,116,0.6740075439,54827568.0000000000,28
1550,117,0.5832350527,47074864.0000000000,4
1550,118,0.5839150305,47074864.0000000000,10
1550,119,0.5830680250,47074864.0000000000,7
1550,120,0.5823824391,47074864.0000000000,19
1550,121,0.5837572618,47074864.0000000000,17
1550,122,0.5843453300,47074864.0000000000,20
1550,123,0.5838207178,47074864.0000000000,21
1550,124,0.5840611660,47074864.0000000000,21
1550,125,0.5821304322,47074864.0000000000,16
1550,126,0.5841900533,47074864.0000000000,21
1550,127,0.5813326020,47074864.0000000000,18
1550,128,0.5840979380,47074864.0000000000,14
1550,129,0.5815854333,47074864.0000000000,18
1550,130,0.5823671482,47074864.0000000000,19
1550,131,0.5840447364,47074864.0000000000,15
1550,132,0.5838273919,47074864.0000000000,20
1550,133,0.5829546117,47074864.0000000000,7
1550,134,0.5838771187,47074864.0000000000,17
1550,135,0.5825258028,47074864.0000000000,19
1550,136,0.5826007838,47074864.0000000000,13
1550,137,0.5843190695,47074864.0000000000,15
1550,138,0.5830279484,47074864.0000000000,9
1550,139,0.5828014994,47074864.0000000000,5
1550,140,0.5837741280,47074864.0000000000,14
1550,141,0.5822124592,47074864.0000000000,16
1550,142,0.5838398440,47074864.0000000000,6
1550,143,0.5827302326,47074864.0000000000,13
1550,144,0.5838473700,47074864.0000000000,17
1550,145,0.5815718751,47074864.0000000000,18
1550,146,0.5844096071,47074864.0000000000,20
1550,147,0.5832174323,47074864.0000000000,4
1550,148,0.5845388225,47074864.0000000000,11
1550,149,0.5839710983,47074864.0000000000,8
1550,150,0.5847459965,47074864.0000000000,12
1550,151,0.5836860417,47074864.0000000000,6
1550,152,0.5826977227,47074864.0000000000,5
1600,0,0.2336152690,313330736.0000000000,5
1600,1,0.2173145370,294507392.0000000000,6
1600,2,0.1735024010,253475808.0000000000,11
1600,3,0.1306254270,215913216.0000000000,9
1600,4,0.1271892210,210873136.0000000000,10
1600,5,0.1317514020,217202128.0000000000,8
1600,6,0.2282370280,304292656.0000000000,12
1600,7,0.3019608800,374539104.0000000000,4
1600,8,0.2742469620,353407056.0000000000,7
1600,9,0.3294317540,442179904.0000000000,24
1600,10,0.3483596830,456488800.0000000000,23
1600,11,0.3845517430,486903520.0000000000,20
1600,12,0.4058538810,504469040.0000000000,27
1600,13,0.4021277260,505621776.0000000000,29
1600,14,0.4081059240,505874624.0000000000,12
1600,15,0.3772585140,480449184.0000000000,8
1600,16,0.3288238590,439705936.0000000000,11
1600,17,0.3188044240,432741104.0000000000,0
1600,18,0.3175309260,436366656.0000000000,6
1600,19,0.3178280260,436509056.0000000000,17
1600,20,0.3178554280,436506704.0000000000,7
1600,21,0.3180854630,436507472.0000000000,22
1600,22,0.3177833660,436512256.0000000000,3
1600,23,0.3178146080,436511248.0000000000,1
1600,24,0.3177352650,436511840.0000000000,1
1600,25,0.3178238010,436510176.0000000000,3
1600,26,0.3175785680,436366272.0000000000,26
1600,27,0.3174941380,436371744.0000000000,0
1600,28,0.3176850350,436511024.0000000000,9
1600,29,0.3177207050,436512096.0000000000,2
1600,30,0.3180295780,436511360.0000000000,14
1600,31,0.3176605070,436506048.0000000000,2
1600,32,0.3180068870,436511472.0000000000,21
1600,33,0.3176509350,436507184.0000000000,16
1600,34,0.3175826610,436514608.0000000000,18
1600,35,0.3179798310,436367648.0000000000,31
1600,36,0.3175532580,435757776.0000000000,10
1600,37,0.3178716400,436514816.0000000000,5
1600,38,0.3180291510,436504288.0000000000,4
1600,39,0.3180791570,436512208.0000000000,28
1600,40,0.3178649010,436517024.0000000000,25
1600,41,0.3182241990,436511344.0000000000,30
1600,42,0.3183565510,436522272.0000000000,13
1600,43,0.3181628190,436506112.0000000000,15
1600,44,0.3173622980,435772512.0000000000,19
1600,45,0.0822859600,131959792.0000000000,14
1600,46,0.0822012560,132151920.0000000000,19
1600,47,0.0823665360,132145456.0000000000,13
1600,48,0.0821805190,132141824.0000000000,18
1600,49,0.0822108540,132137856.0000000000,15
1600,50,0.0822704890,132143808.0000000000,20
1600,51,0.0822394800,132136496.0000000000,21
1600,52,0.0820435430,132139280.0000000000,16
1600,53,0.0821025460,131968848.0000000000,17
1600,54,0.0207371670,54827568.0000000000,30
1600,55,0.0205973560,54827568.0000000000,29
1600,56,0.0205908240,54827568.0000000000,27
1600,57,0.0207009080,54827568.0000000000,28
1600,58,0.0206103530,54827568.0000000000,25
1600,59,0.0206064760,54827568.0000000000,24
1600,60,0.0206803380,54827568.0000000000,22
1600,61,0.0206399400,54827568.0000000000,31
1600,62,0.0207375060,54827568.0000000000,23
1600,63,0.0206525830,54827568.0000000000,31
1600,64,0.0205353260,54827568.0000000000,29
1600,65,0.0207011790,54827568.0000000000,30
1600,66,0.0206495590,54827568.0000000000,24
1600,67,0.0206540670,54827568.0000000000,31
1600,68,0.0205482540,54827568.0000000000,25
1600,69,0.0206154120,54827568.0000000000,27
1600,70,0.0206182590,54827568.0000000000,31
1600,71,0.0206706190,54827568.0000000000,22
1600,72,0.0206337970,54827568.0000000000,31
1600,73,0.0206256620,54827568.0000000000,27
1600,74,0.0206657370,54827568.0000000000,23
1600,75,0.0206078080,54827568.0000000000,28
1600,76,0.0205781320,54827568.0000000000,25
1600,77,0.0205801230,54827568.0000000000,29
1600,78,0.0206316720,54827568.0000000000,30
1600,79,0.0207177900,54827568.0000000000,24
1600,80,0.0207197950,54827568.0000000000,24
1600,81,0.0205741530,54827568.0000000000,13
1600,82,0.0205648230,54827568.0000000000,29
1600,83,0.0206079850,54827568.0000000000,17
1600,84,0.0207214580,54827568.0000000000,26
1600,85,0.0206377460,54827568.0000000000,26
1600,86,0.0206109560,54827568.0000000000,25
1600,87,0.0205529590,54827568.0000000000,22
1600,88,0.0205779990,54827568.0000000000,13
1600,89,0.0206628860,54827568.0000000000,27
1600,90,0.0206726620,54827568.0000000000,30
1600,91,0.0206291000,54827568.0000000000,25
1600,92,0.0206116950,54827568.0000000000,28
1600,93,0.0206721870,54827568.0000000000,19
1600,94,0.0205803230,54827568.0000000000,29
1600,95,0.0205867680,54827568.0000000000,27
1600,96,0.0206316140,54827568.0000000000,26
1600,97,0.0206749360,54827568.0000000000,26
1600,98,0.0206684150,54827568.0000000000,30
1600,99,0.0207042710,54827568.0000000000,21
1600,100,0.0207099490,54827568.0000000000,23
1600,101,0.0206785980,54827568.0000000000,16
1600,102,0.0207052820,54827568.0000000000,22
1600,103,0.0207393000,54827568.0000000000,14
1600,104,0.0206753290,54827568.0000000000,24
1600,105,0.0206468290,54827568.0000000000,23
1600,106,0.0206654090,54827568.0000000000,28
1600,107,0.0206804470,54827568.0000000000,26
1600,108,0.0207196310,54827568.0000000000,20
1600,109,0.0207428150,54827568.0000000000,23
1600,110,0.0205888560,54827568.0000000000,16
1600,111,0.0205920050,54827568.0000000000,14
1600,112,0.0206704100,54827568.0000000000,15
1600,113,0.0206120020,54827568.0000000000,18
1600,114,0.0205732800,54827568.0000000000,15
1600,115,0.0205490100,54827568.0000000000,22
1600,116,0.0206496490,54827568.0000000000,28
1600,117,0.0178253390,47074864.0000000000,4
1600,118,0.0178676290,47074864.0000000000,10
1600,119,0.0178115410,47074864.0000000000,7
1600,120,0.0178376990,47074864.0000000000,19
1600,121,0.0178764930,47074864.0000000000,17
1600,122,0.0178985400,47074864.0000000000,20
1600,123,0.0178782510,47074864.0000000000,21
1600,124,0.0178958570,47074864.0000000000,21
1600,125,0.0178380900,47074864.0000000000,16
1600,126,0.0178752660,47074864.0000000000,21
1600,127,0.0178082220,47074864.0000000000,18
1600,128,0.0178844750,47074864.0000000000,14
1600,129,0.0178298530,47074864.0000000000,18
1600,130,0.0178132910,47074864.0000000000,19
1600,131,0.0179160360,47074864.0000000000,15
1600,132,0.0178724710,47074864.0000000000,20
1600,133,0.0178492630,47074864.0000000000,7
1600,134,0.0178624660,47074864.0000000000,17
1600,135,0.0178100060,47074864.0000000000,19
1600,136,0.0178169660,47074864.0000000000,13
1600,137,0.0178951550,47074864.0000000000,15
1600,138,0.0178559070,47074864.0000000000,9
1600,139,0.0178225830,47074864.0000000000,5
1600,140,0.0178774500,47074864.0000000000,14
1600,141,0.0177978540,47074864.0000000000,16
1600,142,0.0178421000,47074864.0000000000,6
1600,143,0.0178268510,47074864.0000000000,13
1600,144,0.0178668750,47074864.0000000000,17
1600,145,0.0177869120,47074864.0000000000,18
1600,146,0.0178806670,47074864.0000000000,20
1600,147,0.0178707050,47074864.0000000000,4
1600,148,0.0178679490,47074864.0000000000,11
1600,149,0.0178880590,47074864.0000000000,8
1600,150,0.0178953660,47074864.0000000000,12
1600,151,0.0178943200,47074864.0000000000,6
1600,152,0.0178430620,47074864.0000000000,5
1650,0,7.4949846702,312217200.0000000000,5
1650,1,6.9720958344,293925552.0000000000,6
1650,2,5.4629758592,247591440.0000000000,11
1650,3,4.1673282795,213197616.0000000000,9
1650,4,4.0992527609,210853488.0000000000,10
1650,5,4.2048995010,213912784.0000000000,8
1650,6,7.2527684341,299623904.0000000000,12
1650,7,9.7707365508,377455472.0000000000,4
1650,8,8.8521140788,354398592.0000000000,7
1650,9,10.6200995122,442854480.0000000000,24
1650,10,11.2551791153,458109664.0000000000,23
1650,11,12.4097688702,488286496.0000000000,20
1650,12,13.0427561258,504282992.0000000000,27
1650,13,12.9228579869,505333584.0000000000,29
1650,14,13.1160836538,505485904.0000000000,12
1650,15,12.1957741906,482754592.0000000000,8
1650,16,10.6002927071,439768432.0000000000,11
1650,17,10.2556139564,432212096.0000000000,0
1650,18,10.2218859073,436367136.0000000000,6
1650,19,10.2270343708,436513408.0000000000,17
1650,20,10.2310767384,436510800.0000000000,7
1650,21,10.2331197030,436507264.0000000000,22
1650,22,10.2299202488,436512448.0000000000,3
1650,23,10.2281762986,436506944.0000000000,1
1650,24,10.2259710897,436510864.0000000000,1
1650,25,10.2280690110,436513152.0000000000,3
1650,26,10.2210930666,436365792.0000000000,26
1650,27,10.2197695272,436367584.0000000000,0
1650,28,10.2225129080,436509984.0000000000,9
1650,29,10.2232102789,436509648.0000000000,2
1650,30,10.2330508649,436509744.0000000000,14
1650,31,10.2224984683,436511104.0000000000,2
1650,32,10.2309648906,436509568.0000000000,21
1650,33,10.2234123873,436510112.0000000000,16
1650,34,10.2224643399,436508448.0000000000,18
1650,35,10.2338505120,436365392.0000000000,31
1650,36,10.2218225965,435736272.0000000000,10
1650,37,10.2289499745,436516560.0000000000,5
1650,38,10.2339776089,436505840.0000000000,4
1650,39,10.2341204079,436514832.0000000000,28
1650,40,10.2306465312,436517360.0000000000,25
1650,41,10.2408505354,436511392.0000000000,30
1650,42,10.2396704000,436522000.0000000000,13
1650,43,10.2423119117,436509024.0000000000,15
1650,44,10.2131909124,435750976.0000000000,19
1650,45,2.6529683587,131953632.0000000000,14
1650,46,2.6521727642,132149968.0000000000,19
1650,47,2.6527212337,132147456.0000000000,13
1650,48,2.6516782002,132140272.0000000000,18
1650,49,2.6542702607,132135664.0000000000,15
1650,50,2.6561151863,132144048.0000000000,20
1650,51,2.6547651713,132138624.0000000000,21
1650,52,2.6515583096,132135744.0000000000,16
1650,53,2.6502279088,131962784.0000000000,17
1650,54,0.6756873501,54827568.0000000000,30
1650,55,0.6727280802,54827568.0000000000,29
1650,56,0.6738979138,54827568.0000000000,27
1650,57,0.6742611675,54827568.0000000000,28
1650,58,0.6728302051,54827568.0000000000,25
1650,59,0.6757867035,54827568.0000000000,24
1650,60,0.6751134101,54827568.0000000000,22
1650,61,0.6742013568,54827568.0000000000,31
1650,62,0.6755613696,54827568.0000000000,23
1650,63,0.6740684086,54827568.0000000000,31
1650,64,0.6725217080,54827568.0000000000,29
1650,65,0.6754361292,54827568.0000000000,30
1650,66,0.6756933421,54827568.0000000000,24
1650,67,0.6743014470,54827568.0000000000,31
1650,68,0.6725638486,54827568.0000000000,25
1650,69,0.6739503324,54827568.0000000000,27
1650,70,0.6740354575,54827568.0000000000,31
1650,71,0.6749636724,54827568.0000000000,22
1650,72,0.6740192025,54827568.0000000000,31
1650,73,0.6737911289,54827568.0000000000,27
1650,74,0.6751890054,54827568.0000000000,23
1650,75,0.6742269245,54827568.0000000000,28
1650,76,0.6728041202,54827568.0000000000,25
1650,77,0.6721525452,54827568.0000000000,29
1650,78,0.6754387800,54827568.0000000000,30
1650,79,0.6757512952,54827568.0000000000,24
1650,80,0.6755259158,54827568.0000000000,24
1650,81,0.6732331489,54827568.0000000000,13
1650,82,0.6725976092,54827568.0000000000,29
1650,83,0.6744764217,54827568.0000000000,17
1650,84,0.6752954307,54827568.0000000000,26
1650,85,0.6750812219,54827568.0000000000,26
1650,86,0.6729745493,54827568.0000000000,25
1650,87,0.6745926442,54827568.0000000000,22
1650,88,0.6733256767,54827568.0000000000,13
1650,89,0.6740453567,54827568.0000000000,27
1650,90,0.6752393624,54827568.0000000000,30
1650,91,0.6725422652,54827568.0000000000,25
1650,92,0.6739814894,54827568.0000000000,28
1650,93,0.6737017592,54827568.0000000000,19
1650,94,0.6721646127,54827568.0000000000,29
1650,95,0.6740519680,54827568.0000000000,27
1650,96,0.6750839597,54827568.0000000000,26
1650,97,0.6746662598,54827568.0000000000,26
1650,98,0.6756182790,54827568.0000000000,30
1650,99,0.6753501724,54827568.0000000000,21
1650,100,0.6753973008,54827568.0000000000,23
1650,101,0.6736210059,54827568.0000000000,16
1650,102,0.6749658453,54827568.0000000000,22
1650,103,0.6749663437,54827568.0000000000,14
1650,104,0.6757408084,54827568.0000000000,24
1650,105,0.6756423347,54827568.0000000000,23
1650,106,0.6739637273,54827568.0000000000,28
1650,107,0.6747394194,54827568.0000000000,26
1650,108,0.6758441413,54827568.0000000000,20
1650,109,0.6754214316,54827568.0000000000,23
1650,110,0.6731810924,54827568.0000000000,16
1650,111,0.6747224985,54827568.0000000000,14
1650,112,0.6746014460,54827568.0000000000,15
1650,113,0.6731390514,54827568.0000000000,18
1650,114,0.6743139354,54827568.0000000000,15
1650,115,0.6751278175,54827568.0000000000,22
1650,116,0.6745685758,54827568.0000000000,28
1650,117,0.5832689685,47074864.0000000000,4
1650,118,0.5839852001,47074864.0000000000,10
1650,119,0.5829902480,47074864.0000000000,7
1650,120,0.5823801275,47074864.0000000000,19
1650,121,0.5835847621,47074864.0000000000,17
1650,122,0.5841972672,47074864.0000000000,20
1650,123,0.5839829788,47074864.0000000000,21
1650,124,0.5841393213,47074864.0000000000,21
1650,125,0.5821411318,47074864.0000000000,16
1650,126,0.5842782737,47074864.0000000000,21
1650,127,0.5814499113,47074864.0000000000,18
1650,128,0.5841815315,47074864.0000000000,14
1650,129,0.5817031741,47074864.0000000000,18
1650,130,0.5824310115,47074864.0000000000,19
1650,131,0.5843196550,47074864.0000000000,15
1650,132,0.5841300898,47074864.0000000000,20
1650,133,0.5829501808,47074864.0000000000,7
1650,134,0.5840015544,47074864.0000000000,17
1650,135,0.5827442575,47074864.0000000000,19
1650,136,0.5824487603,47074864.0000000000,13
1650,137,0.5845046232,47074864.0000000000,15
1650,138,0.5831359829,47074864.0000000000,9
1650,139,0.5827809373,47074864.0000000000,5
1650,140,0.5838955633,47074864.0000000000,14
1650,141,0.5821608209,47074864.0000000000,16
1650,142,0.5837302246,47074864.0000000000,6
1650,143,0.5827651324,47074864.0000000000,13
1650,144,0.5837594502,47074864.0000000000,17
1650,145,0.5815439182,47074864.0000000000,18
1650,146,0.5842478832,47074864.0000000000,20
1650,147,0.5833297933,47074864.0000000000,4
1650,148,0.5845493523,47074864.0000000000,11
1650,149,0.5837912359,47074864.0000000000,8
1650,150,0.5845821504,47074864.0000000000,12
1650,151,0.5837797323,47074864.0000000000,6
1650,152,0.5827206100,47074864.0000000000,5
1700,0,0.2308929480,310928304.0000000000,5
1700,1,0.2156728270,293438976.0000000000,6
1700,2,0.1621051890,243002128.0000000000,11
1700,3,0.1276135200,212066368.0000000000,9
1700,4,0.1273175170,210847328.0000000000,10
1700,5,0.1289916260,212919728.0000000000,8
1700,6,0.2194973360,295264592.0000000000,12
1700,7,0.3091418330,380763504.0000000000,4
1700,8,0.2765164750,355071216.0000000000,7
1700,9,0.3311829610,443526704.0000000000,24
1700,10,0.3525117610,459469456.0000000000,23
1700,11,0.3881041620,489004976.0000000000,20
1700,12,0.4064188800,504509408.0000000000,27
1700,13,0.4019545670,505092224.0000000000,29
1700,14,0.4074256260,504760624.0000000000,12
1700,15,0.3830477020,485184992.0000000000,8
1700,16,0.3303018510,439804832.0000000000,11
1700,17,0.3178538600,431593200.0000000000,0
1700,18,0.3176833090,436364752.0000000000,6
1700,19,0.3177703190,436513184.0000000000,17
1700,20,0.3178658820,436513504.0000000000,7
1700,21,0.3180023840,436506208.0000000000,22
1700,22,0.3178955800,436509200.0000000000,3
1700,23,0.3177213640,436509120.0000000000,1
1700,24,0.3176960960,436509888.0000000000,1
1700,25,0.3179434740,436513472.0000000000,3
1700,26,0.3174959800,436364864.0000000000,26
1700,27,0.3175984400,436366464.0000000000,0
1700,28,0.3176338880,436509472.0000000000,9
1700,29,0.3177226070,436504240.0000000000,2
1700,30,0.3179948440,436510928.0000000000,14
1700,31,0.3175622280,436511664.0000000000,2
1700,32,0.3178279700,436508624.0000000000,21
1700,33,0.3175221890,436510960.0000000000,16
1700,34,0.3175917740,436506464.0000000000,18
1700,35,0.3180174790,436367920.0000000000,31
1700,36,0.3176495900,435719120.0000000000,10
1700,37,0.3178124370,436514160.0000000000,5
1700,38,0.3180109990,436513280.0000000000,4
1700,39,0.3179423360,436514000.0000000000,28
1700,40,0.3179196900,436519504.0000000000,25
1700,41,0.3184291290,436516512.0000000000,30
1700,42,0.3182295670,436517904.0000000000,13
1700,43,0.3182978190,436510688.0000000000,15
1700,44,0.3173142480,435724544.0000000000,19
1700,45,0.0821447770,131946800.0000000000,14
1700,46,0.0821595050,132150336.0000000000,19
1700,47,0.0822864540,132146752.0000000000,13
1700,48,0.0821043000,132136400.0000000000,18
1700,49,0.0822663240,132132800.0000000000,15
1700,50,0.0821974330,132141216.0000000000,20
1700,51,0.0822926990,132138912.0000000000,21
1700,52,0.0823106680,132135904.0000000000,16
1700,53,0.0820815250,131958816.0000000000,17
1700,54,0.0206399590,54827568.0000000000,30
1700,55,0.0205915530,54827568.0000000000,29
1700,56,0.0205921000,54827568.0000000000,27
1700,57,0.0206346360,54827568.0000000000,28
1700,58,0.0205822700,54827568.0000000000,25
1700,59,0.0206672870,54827568.0000000000,24
1700,60,0.0206107250,54827568.0000000000,22
1700,61,0.0206375040,54827568.0000000000,31
1700,62,0.0207406150,54827568.0000000000,23
1700,63,0.0206421120,54827568.0000000000,31
1700,64,0.0206004710,54827568.0000000000,29
1700,65,0.0206798440,54827568.0000000000,30
1700,66,0.0207041540,54827568.0000000000,24
1700,67,0.0206098000,54827568.0000000000,31
1700,68,0.0206230890,54827568.0000000000,25
1700,69,0.0206357730,54827568.0000000000,27
1700,70,0.0206780330,54827568.0000000000,31
1700,71,0.0205791420,54827568.0000000000,22
1700,72,0.0206419520,54827568.0000000000,31
1700,73,0.0206886260,54827568.0000000000,27
1700,74,0.0206898070,54827568.0000000000,23
1700,75,0.0206437880,54827568.0000000000,28
1700,76,0.0206192400,54827568.0000000000,25
1700,77,0.0205845610,54827568.0000000000,29
1700,78,0.0206594570,54827568.0000000000,30
1700,79,0.0206564240,54827568.0000000000,24
1700,80,0.0206717540,54827568.0000000000,24
1700,81,0.0206713390,54827568.0000000000,13
1700,82,0.0205880780,54827568.0000000000,29
1700,83,0.0206341650,54827568.0000000000,17
1700,84,0.0206849290,54827568.0000000000,26
1700,85,0.0206332890,54827568.0000000000,26
1700,86,0.0205605280,54827568.0000000000,25
1700,87,0.0206701490,54827568.0000000000,22
1700,88,0.0206060220,54827568.0000000000,13
1700,89,0.0206411960,54827568.0000000000,27
1700,90,0.0206812290,54827568.0000000000,30
1700,91,0.0206316260,54827568.0000000000,25
1700,92,0.0206259520,54827568.0000000000,28
1700,93,0.0206015020,54827568.0000000000,19
1700,94,0.0205656640,54827568.0000000000,29
1700,95,0.0206569150,54827568.0000000000,27
1700,96,0.0206722440,54827568.0000000000,26
1700,97,0.0206594600,54827568.0000000000,26
1700,98,0.0206672810,54827568.0000000000,30
1700,99,0.0207001790,54827568.0000000000,21
1700,100,0.0207182030,54827568.0000000000,23
1700,101,0.0206165600,54827568.0000000000,16
1700,102,0.0206634680,54827568.0000000000,22
1700,103,0.0207398810,54827568.0000000000,14
1700,104,0.0207125940,54827568.0000000000,24
1700,105,0.0206934240,54827568.0000000000,23
1700,106,0.0206223430,54827568.0000000000,28
1700,107,0.0206673360,54827568.0000000000,26
1700,108,0.0207338610,54827568.0000000000,20
1700,109,0.0206653500,54827568.0000000000,23
1700,110,0.0205982250,54827568.0000000000,16
1700,111,0.0206462410,54827568.0000000000,14
1700,112,0.0206366130,54827568.0000000000,15
1700,113,0.0205887860,54827568.0000000000,18
1700,114,0.0205781590,54827568.0000000000,15
1700,115,0.0206745980,54827568.0000000000,22
1700,116,0.0205646910,54827568.0000000000,28
1700,117,0.0178536110,47074864.0000000000,4
1700,118,0.0178975180,47074864.0000000000,10
1700,119,0.0178787310,47074864.0000000000,7
1700,120,0.0178242340,47074864.0000000000,19
1700,121,0.0178769840,47074864.0000000000,17
1700,122,0.0178645180,47074864.0000000000,20
1700,123,0.0178814510,47074864.0000000000,21
1700,124,0.0178962610,47074864.0000000000,21
1700,125,0.0178430680,47074864.0000000000,16
1700,126,0.0178780840,47074864.0000000000,21
1700,127,0.0178335800,47074864.0000000000,18
1700,128,0.0179143320,47074864.0000000000,14
1700,129,0.0178073890,47074864.0000000000,18
1700,130,0.0178130200,47074864.0000000000,19
1700,131,0.0178180010,47074864.0000000000,15
1700,132,0.0178676930,47074864.0000000000,20
1700,133,0.0178104510,47074864.0000000000,7
1700,134,0.0178732170,47074864.0000000000,17
1700,135,0.0178457630,47074864.0000000000,19
1700,136,0.0178618490,47074864.0000000000,13
1700,137,0.0178666980,47074864.0000000000,15
1700,138,0.0178500480,47074864.0000000000,9
1700,139,0.0178258980,47074864.0000000000,5
1700,140,0.0178769890,47074864.0000000000,14
1700,141,0.0178002260,47074864.0000000000,16
1700,142,0.0178618970,47074864.0000000000,6
1700,143,0.0178374610,47074864.0000000000,13
1700,144,0.0178824630,47074864.0000000000,17
1700,145,0.0177962080,47074864.0000000000,18
1700,146,0.0178842660,47074864.0000000000,20
1700,147,0.0178271690,47074864.0000000000,4
1700,148,0.0178775000,47074864.0000000000,11
1700,149,0.0178587940,47074864.0000000000,8
1700,150,0.0178852330,47074864.0000000000,12
1700,151,0.0178632700,47074864.0000000000,6
1700,152,0.0177990270,47074864.0000000000,5
1750,0,7.3934799511,309738256.0000000000,5
1750,1,6.9340321236,292973280.0000000000,6
1750,2,5.1414799802,239289360.0000000000,11
1750,3,4.1121613915,211338240.0000000000,9
1750,4,4.1059968192,210844768.0000000000,10
1750,5,4.1515092952,212824192.0000000000,8
1750,6,6.9821534203,291705568.0000000000,12
1750,7,9.9952789544,384180400.0000000000,4
1750,8,8.8839779922,355537936.0000000000,7
1750,9,10.6552490723,444276432.0000000000,24
1750,10,11.3512124512,460688576.0000000000,23
1750,11,12.4847514171,489255968.0000000000,20
1750,12,13.0802498262,504920432.0000000000,27
1750,13,12.9328801468,504886032.0000000000,29
1750,14,13.0745666924,503865600.0000000000,12
1750,15,12.3606626067,487465984.0000000000,8
1750,16,10.6256175878,439776576.0000000000,11
1750,17,10.2070265315,430964032.0000000000,0
1750,18,10.2206699008,436366544.0000000000,6
1750,19,10.2274173275,436511968.0000000000,17
1750,20,10.2312826511,436510176.0000000000,7
1750,21,10.2352627457,436505840.0000000000,22
1750,22,10.2300813959,436511680.0000000000,3
1750,23,10.2273493917,436510688.0000000000,1
1750,24,10.2264431898,436508896.0000000000,1
1750,25,10.2295393136,436509072.0000000000,3
1750,26,10.2209853113,436364384.0000000000,26
1750,27,10.2191549282,436366240.0000000000,0
1750,28,10.2207693349,436506896.0000000000,9
1750,29,10.2227676541,436509120.0000000000,2
1750,30,10.2322700194,436509344.0000000000,14
1750,31,10.2217827684,436512400.0000000000,2
1750,32,10.2304726170,436508560.0000000000,21
1750,33,10.2225668178,436509232.0000000000,16
1750,34,10.2230016428,436512928.0000000000,18
1750,35,10.2359373320,436365408.0000000000,31
1750,36,10.2210850686,435702992.0000000000,10
1750,37,10.2284651432,436515968.0000000000,5
1750,38,10.2380329651,436510816.0000000000,4
1750,39,10.2341787580,436511280.0000000000,28
1750,40,10.2321553057,436519040.0000000000,25
1750,41,10.2419856555,436517984.0000000000,30
1750,42,10.2404053882,436515040.0000000000,13
1750,43,10.2431409476,436511056.0000000000,15
1750,44,10.2128636962,435705200.0000000000,19
1750,45,2.6529830092,131940608.0000000000,14
1750,46,2.6517981290,132148416.0000000000,19
1750,47,2.6535067329,132150288.0000000000,13
1750,48,2.6506788242,132135104.0000000000,18
1750,49,2.6545688874,132134624.0000000000,15
1750,50,2.6555808240,132140528.0000000000,20
1750,51,2.6549426911,132141648.0000000000,21
1750,52,2.6517497816,132136048.0000000000,16
1750,53,2.6504694443,131951792.0000000000,17
1750,54,0.6757617144,54827568.0000000000,30
1750,55,0.6726521441,54827568.0000000000,29
1750,56,0.6739367763,54827568.0000000000,27
1750,57,0.6740067649,54827568.0000000000,28
1750,58,0.6731225869,54827568.0000000000,25
1750,59,0.6760377495,54827568.0000000000,24
1750,60,0.6752857436,54827568.0000000000,22
1750,61,0.6747991101,54827568.0000000000,31
1750,62,0.6758187374,54827568.0000000000,23
1750,63,0.6744842893,54827568.0000000000,31
1750,64,0.6720483858,54827568.0000000000,29
1750,65,0.6752615484,54827568.0000000000,30
1750,66,0.6758934832,54827568.0000000000,24
1750,67,0.6744883448,54827568.0000000000,31
1750,68,0.6726996619,54827568.0000000000,25
1750,69,0.6741991463,54827568.0000000000,27
1750,70,0.6743369490,54827568.0000000000,31
1750,71,0.6749588840,54827568.0000000000,22
1750,72,0.6744019349,54827568.0000000000,31
1750,73,0.6739848734,54827568.0000000000,27
1750,74,0.6752443132,54827568.0000000000,23
1750,75,0.6739162307,54827568.0000000000,28
1750,76,0.6727248545,54827568.0000000000,25
1750,77,0.6727129177,54827568.0000000000,29
1750,78,0.6754493199,54827568.0000000000,30
1750,79,0.6757947521,54827568.0000000000,24
1750,80,0.6756757427,54827568.0000000000,24
1750,81,0.6731265450,54827568.0000000000,13
1750,82,0.6726532609,54827568.0000000000,29
1750,83,0.6745294051,54827568.0000000000,17
1750,84,0.6753475173,54827568.0000000000,26
1750,85,0.6746706927,54827568.0000000000,26
1750,86,0.6729077322,54827568.0000000000,25
1750,87,0.6747133211,54827568.0000000000,22
1750,88,0.6731372163,54827568.0000000000,13
1750,89,0.6735900914,54827568.0000000000,27
1750,90,0.6753288348,54827568.0000000000,30
1750,91,0.6730345008,54827568.0000000000,25
1750,92,0.6739170662,54827568.0000000000,28
1750,93,0.6734432484,54827568.0000000000,19
1750,94,0.6722976031,54827568.0000000000,29
1750,95,0.6741950048,54827568.0000000000,27
1750,96,0.6748446665,54827568.0000000000,26
1750,97,0.6745451241,54827568.0000000000,26
1750,98,0.6757651256,54827568.0000000000,30
1750,99,0.6749711839,54827568.0000000000,21
1750,100,0.6755849913,54827568.0000000000,23
1750,101,0.6735921943,54827568.0000000000,16
1750,102,0.6750095057,54827568.0000000000,22
1750,103,0.6749206182,54827568.0000000000,14
1750,104,0.6758531940,54827568.0000000000,24
1750,105,0.6754611837,54827568.0000000000,23
1750,106,0.6739377833,54827568.0000000000,28
1750,107,0.6745616979,54827568.0000000000,26
1750,108,0.6758042233,54827568.0000000000,20
1750,109,0.6753036421,54827568.0000000000,23
1750,110,0.6734838902,54827568.0000000000,16
1750,111,0.6746048439,54827568.0000000000,14
1750,112,0.6748376695,54827568.0000000000,15
1750,113,0.6733048479,54827568.0000000000,18
1750,114,0.6742887986,54827568.0000000000,15
1750,115,0.6746623709,54827568.0000000000,22
1750,116,0.6740168121,54827568.0000000000,28
1750,117,0.5832562778,47074864.0000000000,4
1750,118,0.5838752066,47074864.0000000000,10
1750,119,0.5830209996,47074864.0000000000,7
1750,120,0.5826011543,47074864.0000000000,19
1750,121,0.5833561073,47074864.0000000000,17
1750,122,0.5842295984,47074864.0000000000,20
1750,123,0.5840752077,47074864.0000000000,21
1750,124,0.5840837509,47074864.0000000000,21
1750,125,0.5821284360,47074864.0000000000,16
1750,126,0.5840924088,47074864.0000000000,21
1750,127,0.5816778111,47074864.0000000000,18
1750,128,0.5839375278,47074864.0000000000,14
1750,129,0.5814075352,47074864.0000000000,18
1750,130,0.5826239672,47074864.0000000000,19
1750,131,0.5839109858,47074864.0000000000,15
1750,132,0.5840957992,47074864.0000000000,20
1750,133,0.5830294855,47074864.0000000000,7
1750,134,0.5837695245,47074864.0000000000,17
1750,135,0.5826694668,47074864.0000000000,19
1750,136,0.5824466868,47074864.0000000000,13
1750,137,0.5843206550,47074864.0000000000,15
1750,138,0.5830298979,47074864.0000000000,9
1750,139,0.5827283360,47074864.0000000000,5
1750,140,0.5840168000,47074864.0000000000,14
1750,141,0.5822952305,47074864.0000000000,16
1750,142,0.5837656693,47074864.0000000000,6
1750,143,0.5828519807,47074864.0000000000,13
1750,144,0.5837559827,47074864.0000000000,17
1750,145,0.5815461439,47074864.0000000000,18
1750,146,0.5841512749,47074864.0000000000,20
1750,147,0.5832933138,47074864.0000000000,4
1750,148,0.5845647348,47074864.0000000000,11
1750,149,0.5837327700,47074864.0000000000,8
1750,150,0.5846580235,47074864.0000000000,12
1750,151,0.5839648071,47074864.0000000000,6
1750,152,0.5827194274,47074864.0000000000,5
1800,0,0.2271579600,308542288.0000000000,5
1800,1,0.2128048760,292289584.0000000000,6
1800,2,0.1519788210,234559088.0000000000,11
1800,3,0.1270634190,210899104.0000000000,9
1800,4,0.1271368710,210842592.0000000000,10
1800,5,0.1283889010,212722240.0000000000,8
1800,6,0.2127399080,288514096.0000000000,12
1800,7,0.3147743890,387258496.0000000000,4
1800,8,0.2746455710,356010704.0000000000,7
1800,9,0.3302065850,445178816.0000000000,24
1800,10,0.3517215180,461888208.0000000000,23
1800,11,0.3869075750,489394736.0000000000,20
1800,12,0.4068229930,505042320.0000000000,27
1800,13,0.4019145300,504597488.0000000000,29
1800,14,0.4059479270,502953984.0000000000,12
1800,15,0.3855357210,489129072.0000000000,8
1800,16,0.3274335120,439635648.0000000000,11
1800,17,0.3142331160,430205568.0000000000,0
1800,18,0.3176024450,436366496.0000000000,6
1800,19,0.3177288040,436512288.0000000000,17
1800,20,0.3179572560,436510256.0000000000,7
1800,21,0.3180408220,436509792.0000000000,22
1800,22,0.3179883270,436508368.0000000000,3
1800,23,0.3176826380,436511600.0000000000,1
1800,24,0.3177114940,436508816.0000000000,1
1800,25,0.3178507330,436505200.0000000000,3
1800,26,0.3176569630,436365168.0000000000,26
1800,27,0.3177086500,436361600.0000000000,0
1800,28,0.3177445860,436508224.0000000000,9
1800,29,0.3177518720,436511680.0000000000,2
1800,30,0.3178363170,436507360.0000000000,14
1800,31,0.3175527190,436514864.0000000000,2
1800,32,0.3180085020,436509216.0000000000,21
1800,33,0.3177658970,436512800.0000000000,16
1800,34,0.3175856970,436508448.0000000000,18
1800,35,0.3179901900,436357104.0000000000,31
1800,36,0.3178015640,435677936.0000000000,10
1800,37,0.3177900330,436513696.0000000000,5
1800,38,0.3181767380,436515344.0000000000,4
1800,39,0.3180690760,436508736.0000000000,28
1800,40,0.3178596630,436524528.0000000000,25
1800,41,0.3182237540,436511504.0000000000,30
1800,42,0.3181227720,436515152.0000000000,13
1800,43,0.3182413380,436512032.0000000000,15
1800,44,0.3172152610,435688368.0000000000,19
1800,45,0.0821204720,131934448.0000000000,14
1800,46,0.0822201790,132148096.0000000000,19
1800,47,0.0823670180,132146512.0000000000,13
1800,48,0.0820955800,132137056.0000000000,18
1800,49,0.0823808930,132133248.0000000000,15
1800,50,0.0824025630,132141472.0000000000,20
1800,51,0.0822601790,132143264.0000000000,21
1800,52,0.0821407770,132138064.0000000000,16
1800,53,0.0821381420,131945760.0000000000,17
1800,54,0.0206463690,54827568.0000000000,30
1800,55,0.0206515490,54827568.0000000000,29
1800,56,0.0206957390,54827568.0000000000,27
1800,57,0.0206801140,54827568.0000000000,28
1800,58,0.0206255620,54827568.0000000000,25
1800,59,0.0207021420,54827568.0000000000,24
1800,60,0.0207050370,54827568.0000000000,22
1800,61,0.0206512880,54827568.0000000000,31
1800,62,0.0206497290,54827568.0000000000,23
1800,63,0.0206769890,54827568.0000000000,31
1800,64,0.0205562750,54827568.0000000000,29
1800,65,0.0207198220,54827568.0000000000,30
1800,66,0.0207165280,54827568.0000000000,24
1800,67,0.0206809480,54827568.0000000000,31
1800,68,0.0206186790,54827568.0000000000,25
1800,69,0.0206762190,54827568.0000000000,27
1800,70,0.0205875660,54827568.0000000000,31
1800,71,0.0206752490,54827568.0000000000,22
1800,72,0.0206371400,54827568.0000000000,31
1800,73,0.0206241200,54827568.0000000000,27
1800,74,0.0206516930,54827568.0000000000,23
1800,75,0.0206600270,54827568.0000000000,28
1800,76,0.0206122280,54827568.0000000000,25
1800,77,0.0205785370,54827568.0000000000,29
1800,78,0.0206643160,54827568.0000000000,30
1800,79,0.0206833160,54827568.0000000000,24
1800,80,0.0207640400,54827568.0000000000,24
1800,81,0.0206437270,54827568.0000000000,13
1800,82,0.0205968720,54827568.0000000000,29
1800,83,0.0206655260,54827568.0000000000,17
1800,84,0.0206874820,54827568.0000000000,26
1800,85,0.0206631940,54827568.0000000000,26
1800,86,0.0205001400,54827568.0000000000,25
1800,87,0.0206478760,54827568.0000000000,22
1800,88,0.0205911510,54827568.0000000000,13
1800,89,0.0205807960,54827568.0000000000,27
1800,90,0.0206344360,54827568.0000000000,30
1800,91,0.0205619100,54827568.0000000000,25
1800,92,0.0206270820,54827568.0000000000,28
1800,93,0.0206451050,54827568.0000000000,19
1800,94,0.0205823040,54827568.0000000000,29
1800,95,0.0205807370,54827568.0000000000,27
1800,96,0.0206172170,54827568.0000000000,26
1800,97,0.0206483780,54827568.0000000000,26
1800,98,0.0207559820,54827568.0000000000,30
1800,99,0.0206672040,54827568.0000000000,21
1800,100,0.0206296670,54827568.0000000000,23
1800,101,0.0205664820,54827568.0000000000,16
1800,102,0.0206171560,54827568.0000000000,22
1800,103,0.0206913370,54827568.0000000000,14
1800,104,0.0206620540,54827568.0000000000,24
1800,105,0.0206447390,54827568.0000000000,23
1800,106,0.0206420290,54827568.0000000000,28
1800,107,0.0206625570,54827568.0000000000,26
1800,108,0.0206809520,54827568.0000000000,20
1800,109,0.0206671520,54827568.0000000000,23
1800,110,0.0206854030,54827568.0000000000,16
1800,111,0.0207180500,54827568.0000000000,14
1800,112,0.0207007370,54827568.0000000000,15
1800,113,0.0206556430,54827568.0000000000,18
1800,114,0.0206639940,54827568.0000000000,15
1800,115,0.0206476440,54827568.0000000000,22
1800,116,0.0206207180,54827568.0000000000,28
1800,117,0.0178527800,47074864.0000000000,4
1800,118,0.0178716910,47074864.0000000000,10
1800,119,0.0178558470,47074864.0000000000,7
1800,120,0.0178125590,47074864.0000000000,19
1800,121,0.0178696600,47074864.0000000000,17
1800,122,0.0178818890,47074864.0000000000,20
1800,123,0.0178522830,47074864.0000000000,21
1800,124,0.0178640950,47074864.0000000000,21
1800,125,0.0178321670,47074864.0000000000,16
1800,126,0.0179066070,47074864.0000000000,21
1800,127,0.0178044430,47074864.0000000000,18
1800,128,0.0178751760,47074864.0000000000,14
1800,129,0.0177894640,47074864.0000000000,18
1800,130,0.0178311940,47074864.0000000000,19
1800,131,0.0178943240,47074864.0000000000,15
1800,132,0.0178553370,47074864.0000000000,20
1800,133,0.0178393050,47074864.0000000000,7
1800,134,0.0178771940,47074864.0000000000,17
1800,135,0.0178551780,47074864.0000000000,19
1800,136,0.0178330830,47074864.0000000000,13
1800,137,0.0178959560,47074864.0000000000,15
1800,138,0.0178195090,47074864.0000000000,9
1800,139,0.0178662160,47074864.0000000000,5
1800,140,0.0178677990,47074864.0000000000,14
1800,141,0.0178533980,47074864.0000000000,16
1800,142,0.0178548470,47074864.0000000000,6
1800,143,0.0178363790,47074864.0000000000,13
1800,144,0.0178596990,47074864.0000000000,17
1800,145,0.0177886730,47074864.0000000000,18
1800,146,0.0179095830,47074864.0000000000,20
1800,147,0.0178391950,47074864.0000000000,4
1800,148,0.0179239310,47074864.0000000000,11
1800,149,0.0178246510,47074864.0000000000,8
1800,150,0.0178974680,47074864.0000000000,12
1800,151,0.0178911640,47074864.0000000000,6
1800,152,0.0178641610,47074864.0000000000,5
1850,0,7.3248959649,307575920.0000000000,5
1850,1,6.8598882154,291376272.0000000000,6
1850,2,4.8182229031,230578800.0000000000,11
1850,3,4.1014333708,210867568.0000000000,9
1850,4,4.1026964601,210840448.0000000000,10
1850,5,4.1415779722,212784848.0000000000,8
1850,6,6.8096847438,287627200.0000000000,12
1850,7,10.2028597683,389586640.0000000000,4
1850,8,8.9017151167,356727712.0000000000,7
1850,9,10.6822051954,446295904.0000000000,24
1850,10,11.4145763055,463205328.0000000000,23
1850,11,12.4942319453,489761424.0000000000,20
1850,12,13.0702078611,504717568.0000000000,27
1850,13,12.8643578837,504219344.0000000000,29
1850,14,13.0056574430,502291920.0000000000,12
1850,15,12.3832517214,489293536.0000000000,8
1850,16,10.5499654470,439440144.0000000000,11
1850,17,10.1271975178,429443264.0000000000,0
1850,18,10.2205931161,436363744.0000000000,6
1850,19,10.2274544439,436511296.0000000000,17
1850,20,10.2313654291,436510112.0000000000,7
1850,21,10.2333221724,436508608.0000000000,22
1850,22,10.2296315451,436506992.0000000000,3
1850,23,10.2275229547,436510800.0000000000,1
1850,24,10.2272204756,436509056.0000000000,1
1850,25,10.2285661195,436511248.0000000000,3
1850,26,10.2210596804,436362624.0000000000,26
1850,27,10.2200849949,436364128.0000000000,0
1850,28,10.2213952798,436512112.0000000000,9
1850,29,10.2233194053,436511776.0000000000,2
1850,30,10.2326316025,436510240.0000000000,14
1850,31,10.2221763450,436512080.0000000000,2
1850,32,10.2307293186,436509584.0000000000,21
1850,33,10.2240876489,436510672.0000000000,16
1850,34,10.2225852466,436507808.0000000000,18
1850,35,10.2364466445,436359488.0000000000,31
1850,36,10.2179658837,435657472.0000000000,10
1850,37,10.2284251722,436510608.0000000000,5
1850,38,10.2335935426,436515696.0000000000,4
1850,39,10.2364748096,436504208.0000000000,28
1850,40,10.2325183162,436528656.0000000000,25
1850,41,10.2408738367,436508592.0000000000,30
1850,42,10.2400514165,436516064.0000000000,13
1850,43,10.2441848882,436514048.0000000000,15
1850,44,10.2122916467,435665808.0000000000,19
1850,45,2.6520842096,131928656.0000000000,14
1850,46,2.6515220075,132149552.0000000000,19
1850,47,2.6526551273,132147472.0000000000,13
1850,48,2.6507460300,132137680.0000000000,18
1850,49,2.6549143446,132134128.0000000000,15
1850,50,2.6558594986,132143248.0000000000,20
1850,51,2.6548590345,132145648.0000000000,21
1850,52,2.6518586548,132133952.0000000000,16
1850,53,2.6508600524,131939776.0000000000,17
1850,54,0.6754503726,54827568.0000000000,30
1850,55,0.6725242850,54827568.0000000000,29
1850,56,0.6737644460,54827568.0000000000,27
1850,57,0.6744309261,54827568.0000000000,28
1850,58,0.6726722466,54827568.0000000000,25
1850,59,0.6760629307,54827568.0000000000,24
1850,60,0.6750405303,54827568.0000000000,22
1850,61,0.6745222680,54827568.0000000000,31
1850,62,0.6757812792,54827568.0000000000,23
1850,63,0.6744996045,54827568.0000000000,31
1850,64,0.6721425541,54827568.0000000000,29
1850,65,0.6757392063,54827568.0000000000,30
1850,66,0.6756659289,54827568.0000000000,24
1850,67,0.6746183003,54827568.0000000000,31
1850,68,0.6725917074,54827568.0000000000,25
1850,69,0.6744039951,54827568.0000000000,27
1850,70,0.6741073361,54827568.0000000000,31
1850,71,0.6745936336,54827568.0000000000,22
1850,72,0.6745970190,54827568.0000000000,31
1850,73,0.6737778928,54827568.0000000000,27
1850,74,0.6752318644,54827568.0000000000,23
1850,75,0.6739308043,54827568.0000000000,28
1850,76,0.6727418542,54827568.0000000000,25
1850,77,0.6722231116,54827568.0000000000,29
1850,78,0.6755152120,54827568.0000000000,30
1850,79,0.6758606550,54827568.0000000000,24
1850,80,0.6754212114,54827568.0000000000,24
1850,81,0.6734065746,54827568.0000000000,13
1850,82,0.6725489270,54827568.0000000000,29
1850,83,0.6743545058,54827568.0000000000,17
1850,84,0.6751337249,54827568.0000000000,26
1850,85,0.6751084543,54827568.0000000000,26
1850,86,0.6724403848,54827568.0000000000,25
1850,87,0.6751434381,54827568.0000000000,22
1850,88,0.6731306467,54827568.0000000000,13
1850,89,0.6736940971,54827568.0000000000,27
1850,90,0.6752371975,54827568.0000000000,30
1850,91,0.6726498525,54827568.0000000000,25
1850,92,0.6742402081,54827568.0000000000,28
1850,93,0.6738457998,54827568.0000000000,19
1850,94,0.6722678882,54827568.0000000000,29
1850,95,0.6733918416,54827568.0000000000,27
1850,96,0.6749779881,54827568.0000000000,26
1850,97,0.6747040472,54827568.0000000000,26
1850,98,0.6754872710,54827568.0000000000,30
1850,99,0.6752199176,54827568.0000000000,21
1850,100,0.6753850042,54827568.0000000000,23
1850,101,0.6738130483,54827568.0000000000,16
1850,102,0.6753348408,54827568.0000000000,22
1850,103,0.6750478276,54827568.0000000000,14
1850,104,0.6757822442,54827568.0000000000,24
1850,105,0.6753960996,54827568.0000000000,23
1850,106,0.6742123852,54827568.0000000000,28
1850,107,0.6748215980,54827568.0000000000,26
1850,108,0.6758556579,54827568.0000000000,20
1850,109,0.6753917687,54827568.0000000000,23
1850,110,0.6732183006,54827568.0000000000,16
1850,111,0.6747497812,54827568.0000000000,14
1850,112,0.6749031462,54827568.0000000000,15
1850,113,0.6730305899,54827568.0000000000,18
1850,114,0.6740935762,54827568.0000000000,15
1850,115,0.6750297835,54827568.0000000000,22
1850,116,0.6740109665,54827568.0000000000,28
1850,117,0.5834066542,47074864.0000000000,4
1850,118,0.5839596566,47074864.0000000000,10
1850,119,0.5831301528,47074864.0000000000,7
1850,120,0.5822668718,47074864.0000000000,19
1850,121,0.5837017291,47074864.0000000000,17
1850,122,0.5842672246,47074864.0000000000,20
1850,123,0.5841060358,47074864.0000000000,21
1850,124,0.5842606515,47074864.0000000000,21
1850,125,0.5820781825,47074864.0000000000,16
1850,126,0.5840512186,47074864.0000000000,21
1850,127,0.5814304323,47074864.0000000000,18
1850,128,0.5838672551,47074864.0000000000,14
1850,129,0.5814954141,47074864.0000000000,18
1850,130,0.5824559284,47074864.0000000000,19
1850,131,0.5842753454,47074864.0000000000,15
1850,132,0.5843085525,47074864.0000000000,20
1850,133,0.5830083919,47074864.0000000000,7
1850,134,0.5836942739,47074864.0000000000,17
1850,135,0.5826614598,47074864.0000000000,19
1850,136,0.5826839752,47074864.0000000000,13
1850,137,0.5841753933,47074864.0000000000,15
1850,138,0.5831848784,47074864.0000000000,9
1850,139,0.5827819401,47074864.0000000000,5
1850,140,0.5840958596,47074864.0000000000,14
1850,141,0.5821278036,47074864.0000000000,16
1850,142,0.5838803020,47074864.0000000000,6
1850,143,0.5827541310,47074864.0000000000,13
1850,144,0.5838206128,47074864.0000000000,17
1850,145,0.5816655285,47074864.0000000000,18
1850,146,0.5843579813,47074864.0000000000,20
1850,147,0.5833477455,47074864.0000000000,4
1850,148,0.5846418767,47074864.0000000000,11
1850,149,0.5836110093,47074864.0000000000,8
1850,150,0.5846519512,47074864.0000000000,12
1850,151,0.5838870244,47074864.0000000000,6
1850,152,0.5827690695,47074864.0000000000,5
1900,0,0.2274613180,306679984.0000000000,5
1900,1,0.2118810320,289900432.0000000000,6
1900,2,0.1460923310,228137072.0000000000,11
1900,3,0.1275132920,210862288.0000000000,9
1900,4,0.1274470140,210974432.0000000000,10
1900,5,0.1290060100,212856752.0000000000,8
1900,6,0.2133527820,288394224.0000000000,12
1900,7,0.3234258010,392730816.0000000000,4
1900,8,0.2809379080,357776784.0000000000,7
1900,9,0.3357697040,447634304.0000000000,24
1900,10,0.3588780260,464640832.0000000000,23
1900,11,0.3909696770,490184672.0000000000,20
1900,12,0.4070371840,503855072.0000000000,27
1900,13,0.4000207500,503620464.0000000000,29
1900,14,0.4048671970,501750128.0000000000,12
1900,15,0.3844286860,486525904.0000000000,8
1900,16,0.3277858340,437573008.0000000000,11
1900,17,0.3150776640,428600304.0000000000,0
1900,18,0.3175511140,436363648.0000000000,6
1900,19,0.3179134360,436513904.0000000000,17
1900,20,0.3180279820,436510800.0000000000,7
1900,21,0.3179212070,436509264.0000000000,22
1900,22,0.3178031110,436512592.0000000000,3
1900,23,0.3178549900,436511696.0000000000,1
1900,24,0.3177719990,436510864.0000000000,1
1900,25,0.3177580840,436510928.0000000000,3
1900,26,0.3175249790,436359552.0000000000,26
1900,27,0.3175396810,436364352.0000000000,0
1900,28,0.3177166630,436507552.0000000000,9
1900,29,0.3177144100,436511984.0000000000,2
1900,30,0.3179390950,436509776.0000000000,14
1900,31,0.3177139290,436508256.0000000000,2
1900,32,0.3180969470,436504544.0000000000,21
1900,33,0.3177274870,436511840.0000000000,16
1900,34,0.3175651130,436510528.0000000000,18
1900,35,0.3181217120,436360016.0000000000,31
1900,36,0.3173947010,435636816.0000000000,10
1900,37,0.3180420780,436509696.0000000000,5
1900,38,0.3180040420,436512080.0000000000,4
1900,39,0.3179659590,436504496.0000000000,28
1900,40,0.3179721650,436528272.0000000000,25
1900,41,0.3182530960,436513920.0000000000,30
1900,42,0.3181350940,436514336.0000000000,13
1900,43,0.3184084020,436510768.0000000000,15
1900,44,0.3172109880,435644448.0000000000,19
1900,45,0.0821220750,131924032.0000000000,14
1900,46,0.0821610500,132148688.0000000000,19
1900,47,0.0821848370,132149600.0000000000,13
1900,48,0.0821948570,132137440.0000000000,18
1900,49,0.0822198830,132132832.0000000000,15
1900,50,0.0824200530,132140448.0000000000,20
1900,51,0.0822493370,132145712.0000000000,21
1900,52,0.0821938740,132133616.0000000000,16
1900,53,0.0820476530,131933328.0000000000,17
1900,54,0.0206305990,54827568.0000000000,30
1900,55,0.0206251990,54827568.0000000000,29
1900,56,0.0206284740,54827568.0000000000,27
1900,57,0.0206066130,54827568.0000000000,28
1900,58,0.0204864580,54827568.0000000000,25
1900,59,0.0207402280,54827568.0000000000,24
1900,60,0.0206511780,54827568.0000000000,22
1900,61,0.0206600380,54827568.0000000000,31
1900,62,0.0206557480,54827568.0000000000,23
1900,63,0.0206317730,54827568.0000000000,31
1900,64,0.0206018240,54827568.0000000000,29
1900,65,0.0206922410,54827568.0000000000,30
1900,66,0.0206998310,54827568.0000000000,24
1900,67,0.0207544510,54827568.0000000000,31
1900,68,0.0205253220,54827568.0000000000,25
1900,69,0.0206049870,54827568.0000000000,27
1900,70,0.0206861560,54827568.0000000000,31
1900,71,0.0206939030,54827568.0000000000,22
1900,72,0.0206401800,54827568.0000000000,31
1900,73,0.0206165280,54827568.0000000000,27
1900,74,0.0206225510,54827568.0000000000,23
1900,75,0.0206261010,54827568.0000000000,28
1900,76,0.0206708540,54827568.0000000000,25
1900,77,0.0205405640,54827568.0000000000,29
1900,78,0.0206928310,54827568.0000000000,30
1900,79,0.0206690300,54827568.0000000000,24
1900,80,0.0206456050,54827568.0000000000,24
1900,81,0.0206427230,54827568.0000000000,13
1900,82,0.0205660620,54827568.0000000000,29
1900,83,0.0206149160,54827568.0000000000,17
1900,84,0.0205835650,54827568.0000000000,26
1900,85,0.0207275550,54827568.0000000000,26
1900,86,0.0205416640,54827568.0000000000,25
1900,87,0.0206713850,54827568.0000000000,22
1900,88,0.0206328040,54827568.0000000000,13
1900,89,0.0205461440,54827568.0000000000,27
1900,90,0.0206489460,54827568.0000000000,30
1900,91,0.0205939580,54827568.0000000000,25
1900,92,0.0206926120,54827568.0000000000,28
1900,93,0.0205778640,54827568.0000000000,19
1900,94,0.0205854510,54827568.0000000000,29
1900,95,0.0207163850,54827568.0000000000,27
1900,96,0.0206007570,54827568.0000000000,26
1900,97,0.0206482200,54827568.0000000000,26
1900,98,0.0206737820,54827568.0000000000,30
1900,99,0.0206888120,54827568.0000000000,21
1900,100,0.0207253590,54827568.0000000000,23
1900,101,0.0205877420,54827568.0000000000,16
1900,102,0.0206367010,54827568.0000000000,22
1900,103,0.0207239100,54827568.0000000000,14
1900,104,0.0206704140,54827568.0000000000,24
1900,105,0.0207005110,54827568.0000000000,23
1900,106,0.0206650870,54827568.0000000000,28
1900,107,0.0206609570,54827568.0000000000,26
1900,108,0.0206508660,54827568.0000000000,20
1900,109,0.0206332020,54827568.0000000000,23
1900,110,0.0206382280,54827568.0000000000,16
1900,111,0.0206389960,54827568.0000000000,14
1900,112,0.0206889720,54827568.0000000000,15
1900,113,0.0205870330,54827568.0000000000,18
1900,114,0.0206351890,54827568.0000000000,15
1900,115,0.0206745850,54827568.0000000000,22
1900,116,0.0206385220,54827568.0000000000,28
1900,117,0.0178575090,47074864.0000000000,4
1900,118,0.0179251550,47074864.0000000000,10
1900,119,0.0178980160,47074864.0000000000,7
1900,120,0.0178393420,47074864.0000000000,19
1900,121,0.0178696490,47074864.0000000000,17
1900,122,0.0178479800,47074864.0000000000,20
1900,123,0.0178898700,47074864.0000000000,21
1900,124,0.0178719660,47074864.0000000000,21
1900,125,0.0177856570,47074864.0000000000,16
1900,126,0.0178638000,47074864.0000000000,21
1900,127,0.0178108460,47074864.0000000000,18
1900,128,0.0178659470,47074864.0000000000,14
1900,129,0.0177998950,47074864.0000000000,18
1900,130,0.0178637480,47074864.0000000000,19
1900,131,0.0178594960,47074864.0000000000,15
1900,132,0.0178732390,47074864.0000000000,20
1900,133,0.0178702720,47074864.0000000000,7
1900,134,0.0178641490,47074864.0000000000,17
1900,135,0.0178403810,47074864.0000000000,19
1900,136,0.0178048180,47074864.0000000000,13
1900,137,0.0178604480,47074864.0000000000,15
1900,138,0.0178315260,47074864.0000000000,9
1900,139,0.0178122530,47074864.0000000000,5
1900,140,0.0179058940,47074864.0000000000,14
1900,141,0.0178284780,47074864.0000000000,16
1900,142,0.0178822950,47074864.0000000000,6
1900,143,0.0178357580,47074864.0000000000,13
1900,144,0.0178788460,47074864.0000000000,17
1900,145,0.0178667110,47074864.0000000000,18
1900,146,0.0178841720,47074864.0000000000,20
1900,147,0.0178356670,47074864.0000000000,4
1900,148,0.0178958500,47074864.0000000000,11
1900,149,0.0179073720,47074864.0000000000,8
1900,150,0.0179014380,47074864.0000000000,12
1900,151,0.0178898010,47074864.0000000000,6
1900,152,0.0178346650,47074864.0000000000,5
1950,0,7.3129076667,305945856.0000000000,5
1950,1,6.7950150156,288162448.0000000000,6
1950,2,4.6841762707,227093296.0000000000,11
1950,3,4.1156526238,210859440.0000000000,9
1950,4,4.1056120532,211106128.0000000000,10
1950,5,4.1598357017,212626016.0000000000,8
1950,6,6.8425321219,287694464.0000000000,12
1950,7,10.4614362164,394948080.0000000000,4
1950,8,9.0871031878,359203728.0000000000,7
1950,9,10.8415152253,449166464.0000000000,24
1950,10,11.5762453424,466028512.0000000000,23
1950,11,12.5867218442,490331952.0000000000,20
1950,12,13.0794136476,503024784.0000000000,27
1950,13,12.8470799805,503032384.0000000000,29
1950,14,13.0378820522,501922208.0000000000,12
1950,15,12.3657298590,486245520.0000000000,8
1950,16,10.4955885385,435557280.0000000000,11
1950,17,10.1271172107,427851248.0000000000,0
1950,18,10.2214572962,436359696.0000000000,6
1950,19,10.2278280075,436511536.0000000000,17
1950,20,10.2301721888,436512704.0000000000,7
1950,21,10.2338871665,436510800.0000000000,22
1950,22,10.2299299933,436510576.0000000000,3
1950,23,10.2280048644,436508640.0000000000,1
1950,24,10.2257224964,436510768.0000000000,1
1950,25,10.2285286356,436513520.0000000000,3
1950,26,10.2210715521,436358384.0000000000,26
1950,27,10.2191191654,436363744.0000000000,0
1950,28,10.2217351037,436509520.0000000000,9
1950,29,10.2234843786,436508736.0000000000,2
1950,30,10.2313857936,436509760.0000000000,14
1950,31,10.2222542992,436510688.0000000000,2
1950,32,10.2308196327,436508784.0000000000,21
1950,33,10.2235658345,436509408.0000000000,16
1950,34,10.2218064084,436507296.0000000000,18
1950,35,10.2361708326,436360288.0000000000,31
1950,36,10.2179001580,435611360.0000000000,10
1950,37,10.2302310062,436511792.0000000000,5
1950,38,10.2349825672,436508944.0000000000,4
1950,39,10.2359139842,436503696.0000000000,28
1950,40,10.2330660603,436523808.0000000000,25
1950,41,10.2426776706,436512992.0000000000,30
1950,42,10.2407548689,436517504.0000000000,13
1950,43,10.2429270013,436508256.0000000000,15
1950,44,10.2107536875,435626768.0000000000,19
1950,45,2.6518194134,131920784.0000000000,14
1950,46,2.6524486247,132147856.0000000000,19
1950,47,2.6529138083,132154640.0000000000,13
1950,48,2.6513275972,132138736.0000000000,18
1950,49,2.6542518002,132136608.0000000000,15
1950,50,2.6556830979,132139824.0000000000,20
1950,51,2.6550923043,132146992.0000000000,21
1950,52,2.6515712444,132134624.0000000000,16
1950,53,2.6505545724,131926432.0000000000,17
1950,54,0.6757861663,54827568.0000000000,30
1950,55,0.6723722496,54827568.0000000000,29
1950,56,0.6739469852,54827568.0000000000,27
1950,57,0.6740078615,54827568.0000000000,28
1950,58,0.6729188990,54827568.0000000000,25
1950,59,0.6758399184,54827568.0000000000,24
1950,60,0.6747413543,54827568.0000000000,22
1950,61,0.6746422058,54827568.0000000000,31
1950,62,0.6754493138,54827568.0000000000,23
1950,63,0.6743917154,54827568.0000000000,31
1950,64,0.6721138114,54827568.0000000000,29
1950,65,0.6755748409,54827568.0000000000,30
1950,66,0.6754901875,54827568.0000000000,24
1950,67,0.6748639834,54827568.0000000000,31
1950,68,0.6728282345,54827568.0000000000,25
1950,69,0.6740482141,54827568.0000000000,27
1950,70,0.6743536190,54827568.0000000000,31
1950,71,0.6750512001,54827568.0000000000,22
1950,72,0.6741420688,54827568.0000000000,31
1950,73,0.6738268698,54827568.0000000000,27
1950,74,0.6752430239,54827568.0000000000,23
1950,75,0.6740498345,54827568.0000000000,28
1950,76,0.6727776386,54827568.0000000000,25
1950,77,0.6722110586,54827568.0000000000,29
1950,78,0.6757469941,54827568.0000000000,30
1950,79,0.6757337571,54827568.0000000000,24
1950,80,0.6758151702,54827568.0000000000,24
1950,81,0.6733560782,54827568.0000000000,13
1950,82,0.6721507034,54827568.0000000000,29
1950,83,0.6744027505,54827568.0000000000,17
1950,84,0.6751331068,54827568.0000000000,26
1950,85,0.6750798467,54827568.0000000000,26
1950,86,0.6726852436,54827568.0000000000,25
1950,87,0.6744861890,54827568.0000000000,22
1950,88,0.6730809265,54827568.0000000000,13
1950,89,0.6734686056,54827568.0000000000,27
1950,90,0.6754085913,54827568.0000000000,30
1950,91,0.6727931023,54827568.0000000000,25
1950,92,0.6741364992,54827568.0000000000,28
1950,93,0.6735873336,54827568.0000000000,19
1950,94,0.6723994582,54827568.0000000000,29
1950,95,0.6739157995,54827568.0000000000,27
1950,96,0.6748963466,54827568.0000000000,26
1950,97,0.6746229135,54827568.0000000000,26
1950,98,0.6755282491,54827568.0000000000,30
1950,99,0.6754758577,54827568.0000000000,21
1950,100,0.6751276600,54827568.0000000000,23
1950,101,0.6753368662,54827568.0000000000,16
1950,102,0.6751996248,54827568.0000000000,22
1950,103,0.6752852747,54827568.0000000000,14
1950,104,0.6758244357,54827568.0000000000,24
1950,105,0.6753021039,54827568.0000000000,23
1950,106,0.6741950789,54827568.0000000000,28
1950,107,0.6750176868,54827568.0000000000,26
1950,108,0.6759188954,54827568.0000000000,20
1950,109,0.6754417339,54827568.0000000000,23
1950,110,0.6733914848,54827568.0000000000,16
1950,111,0.6743999916,54827568.0000000000,14
1950,112,0.6745026469,54827568.0000000000,15
1950,113,0.6732730038,54827568.0000000000,18
1950,114,0.6741442572,54827568.0000000000,15
1950,115,0.6747753095,54827568.0000000000,22
1950,116,0.6741031590,54827568.0000000000,28
1950,117,0.5831842955,47074864.0000000000,4
1950,118,0.5838011324,47074864.0000000000,10
1950,119,0.5829426316,47074864.0000000000,7
1950,120,0.5826180127,47074864.0000000000,19
1950,121,0.5836282818,47074864.0000000000,17
1950,122,0.5840390464,47074864.0000000000,20
1950,123,0.5840275211,47074864.0000000000,21
1950,124,0.5840060860,47074864.0000000000,21
1950,125,0.5820190714,47074864.0000000000,16
1950,126,0.5843177275,47074864.0000000000,21
1950,127,0.5815206888,47074864.0000000000,18
1950,128,0.5838637220,47074864.0000000000,14
1950,129,0.5816407483,47074864.0000000000,18
1950,130,0.5825339567,47074864.0000000000,19
1950,131,0.5842985699,47074864.0000000000,15
1950,132,0.5841140668,47074864.0000000000,20
1950,133,0.5829776261,47074864.0000000000,7
1950,134,0.5838258245,47074864.0000000000,17
1950,135,0.5824480139,47074864.0000000000,19
1950,136,0.5824779464,47074864.0000000000,13
1950,137,0.5841207962,47074864.0000000000,15
1950,138,0.5829191592,47074864.0000000000,9
1950,139,0.5828429522,47074864.0000000000,5
1950,140,0.5838319144,47074864.0000000000,14
1950,141,0.5821357891,47074864.0000000000,16
1950,142,0.5838050143,47074864.0000000000,6
1950,143,0.5827438833,47074864.0000000000,13
1950,144,0.5837734963,47074864.0000000000,17
1950,145,0.5817476946,47074864.0000000000,18
1950,146,0.5840879270,47074864.0000000000,20
1950,147,0.5833219674,47074864.0000000000,4
1950,148,0.5846022504,47074864.0000000000,11
1950,149,0.5838384693,47074864.0000000000,8
1950,150,0.5845706230,47074864.0000000000,12
1950,151,0.5835545440,47074864.0000000000,6
1950,152,0.5826357577,47074864.0000000000,5
2000,0,0.2257977450,305222240.0000000000,5
2000,1,0.2077510120,286059296.0000000000,6
2000,2,0.1437451130,225900640.0000000000,11
2000,3,0.1276276460,210854896.0000000000,9
2000,4,0.1274148670,211144512.0000000000,10
2000,5,0.1291102960,212557504.0000000000,8
2000,6,0.2110937470,286652176.0000000000,12
2000,7,0.3287917020,396481584.0000000000,4
2000,8,0.2850606940,360883248.0000000000,7
2000,9,0.3388462400,450696160.0000000000,24
2000,10,0.3616658400,467140784.0000000000,23
2000,11,0.3923487640,490304480.0000000000,20
2000,12,0.4066797390,502321472.0000000000,27
2000,13,0.3997481110,502564496.0000000000,29
2000,14,0.4070324630,501742464.0000000000,12
2000,15,0.3859277960,486582304.0000000000,8
2000,16,0.3232986340,433618816.0000000000,11
2000,17,0.3135962820,427054592.0000000000,0
2000,18,0.3175721330,436356720.0000000000,6
2000,19,0.3178224660,436509168.0000000000,17
2000,20,0.3177437220,436509264.0000000000,7
2000,21,0.3180690210,436510592.0000000000,22
2000,22,0.3178552760,436509024.0000000000,3
2000,23,0.3179156020,436507520.0000000000,1
2000,24,0.3177098450,436512608.0000000000,1
2000,25,0.3179120760,436512368.0000000000,3
2000,26,0.3176494030,436358224.0000000000,26
2000,27,0.3175349290,436356416.0000000000,0
2000,28,0.3176890810,436509744.0000000000,9
2000,29,0.3177250950,436514016.0000000000,2
2000,30,0.3179956210,436506080.0000000000,14
2000,31,0.3176525170,436512704.0000000000,2
2000,32,0.3178246790,436509760.0000000000,21
2000,33,0.3176636070,436505584.0000000000,16
2000,34,0.3176607220,436513440.0000000000,18
2000,35,0.3180089130,436356288.0000000000,31
2000,36,0.3174812110,435594448.0000000000,10
2000,37,0.3178517920,436507328.0000000000,5
2000,38,0.3179437590,436514496.0000000000,4
2000,39,0.3178985660,436506528.0000000000,28
2000,40,0.3179709950,436522736.0000000000,25
2000,41,0.3182309800,436513376.0000000000,30
2000,42,0.3182265990,436513312.0000000000,13
2000,43,0.3183265230,436508304.0000000000,15
2000,44,0.3174197380,435602784.0000000000,19
2000,45,0.0821239870,131912144.0000000000,14
2000,46,0.0821091280,132148048.0000000000,19
2000,47,0.0822607600,132154384.0000000000,13
2000,48,0.0822438780,132139072.0000000000,18
2000,49,0.0822129680,132135072.0000000000,15
2000,50,0.0822950730,132142192.0000000000,20
2000,51,0.0822452170,132147744.0000000000,21
2000,52,0.0821573100,132133200.0000000000,16
2000,53,0.0821186060,131920832.0000000000,17
2000,54,0.0207085220,54827568.0000000000,30
2000,55,0.0205917350,54827568.0000000000,29
2000,56,0.0206712220,54827568.0000000000,27
2000,57,0.0206421950,54827568.0000000000,28
2000,58,0.0205674010,54827568.0000000000,25
2000,59,0.0206313460,54827568.0000000000,24
2000,60,0.0206805170,54827568.0000000000,22
2000,61,0.0206236780,54827568.0000000000,31
2000,62,0.0206857260,54827568.0000000000,23
2000,63,0.0206428150,54827568.0000000000,31
2000,64,0.0205670870,54827568.0000000000,29
2000,65,0.0206777930,54827568.0000000000,30
2000,66,0.0206911080,54827568.0000000000,24
2000,67,0.0206698350,54827568.0000000000,31
2000,68,0.0205992220,54827568.0000000000,25
2000,69,0.0206383860,54827568.0000000000,27
2000,70,0.0206915500,54827568.0000000000,31
2000,71,0.0206705650,54827568.0000000000,22
2000,72,0.0206652080,54827568.0000000000,31
2000,73,0.0206155240,54827568.0000000000,27
2000,74,0.0207446710,54827568.0000000000,23
2000,75,0.0206766100,54827568.0000000000,28
2000,76,0.0206150540,54827568.0000000000,25
2000,77,0.0205538720,54827568.0000000000,29
2000,78,0.0206345400,54827568.0000000000,30
2000,79,0.0206786450,54827568.0000000000,24
2000,80,0.0207206270,54827568.0000000000,24
2000,81,0.0206076090,54827568.0000000000,13
2000,82,0.0206361110,54827568.0000000000,29
2000,83,0.0206504350,54827568.0000000000,17
2000,84,0.0206794680,54827568.0000000000,26
2000,85,0.0206837870,54827568.0000000000,26
2000,86,0.0205913750,54827568.0000000000,25
2000,87,0.0206131140,54827568.0000000000,22
2000,88,0.0206326650,54827568.0000000000,13
2000,89,0.0206306230,54827568.0000000000,27
2000,90,0.0206995350,54827568.0000000000,30
2000,91,0.0205871970,54827568.0000000000,25
2000,92,0.0206584450,54827568.0000000000,28
2000,93,0.0206733990,54827568.0000000000,19
2000,94,0.0205611550,54827568.0000000000,29
2000,95,0.0205768090,54827568.0000000000,27
2000,96,0.0206454610,54827568.0000000000,26
2000,97,0.0206565030,54827568.0000000000,26
2000,98,0.0206915490,54827568.0000000000,30
2000,99,0.0207257840,54827568.0000000000,21
2000,100,0.0206827000,54827568.0000000000,23
2000,101,0.0206113100,54827568.0000000000,16
2000,102,0.0207141690,54827568.0000000000,22
2000,103,0.0206275470,54827568.0000000000,14
2000,104,0.0206754700,54827568.0000000000,24
2000,105,0.0206926480,54827568.0000000000,23
2000,106,0.0205967030,54827568.0000000000,28
2000,107,0.0207024910,54827568.0000000000,26
2000,108,0.0207266730,54827568.0000000000,20
2000,109,0.0206837100,54827568.0000000000,23
2000,110,0.0206017610,54827568.0000000000,16
2000,111,0.0206211850,54827568.0000000000,14
2000,112,0.0206979920,54827568.0000000000,15
2000,113,0.0206244830,54827568.0000000000,18
2000,114,0.0206343800,54827568.0000000000,15
2000,115,0.0206659070,54827568.0000000000,22
2000,116,0.0206383350,54827568.0000000000,28
2000,117,0.0178544130,47074864.0000000000,4
2000,118,0.0178855250,47074864.0000000000,10
2000,119,0.0178418180,47074864.0000000000,7
2000,120,0.0178280690,47074864.0000000000,19
2000,121,0.0178190210,47074864.0000000000,17
2000,122,0.0179148400,47074864.0000000000,20
2000,123,0.0178514170,47074864.0000000000,21
2000,124,0.0178651440,47074864.0000000000,21
2000,125,0.0178495720,47074864.0000000000,16
2000,126,0.0178746320,47074864.0000000000,21
2000,127,0.0177789340,47074864.0000000000,18
2000,128,0.0179111160,47074864.0000000000,14
2000,129,0.0178101350,47074864.0000000000,18
2000,130,0.0178479380,47074864.0000000000,19
2000,131,0.0178582760,47074864.0000000000,15
2000,132,0.0178829690,47074864.0000000000,20
2000,133,0.0178674570,47074864.0000000000,7
2000,134,0.0178484780,47074864.0000000000,17
2000,135,0.0178237220,47074864.0000000000,19
2000,136,0.0178756390,47074864.0000000000,13
2000,137,0.0179003060,47074864.0000000000,15
2000,138,0.0178290240,47074864.0000000000,9
2000,139,0.0178445330,47074864.0000000000,5
2000,140,0.0178615610,47074864.0000000000,14
2000,141,0.0178141430,47074864.0000000000,16
2000,142,0.0178702140,47074864.0000000000,6
2000,143,0.0178317440,47074864.0000000000,13
2000,144,0.0178304550,47074864.0000000000,17
2000,145,0.0178192920,47074864.0000000000,18
2000,146,0.0178563560,47074864.0000000000,20
2000,147,0.0178801640,47074864.0000000000,4
2000,148,0.0179360620,47074864.0000000000,11
2000,149,0.0178759150,47074864.0000000000,8
2000,150,0.0178672610,47074864.0000000000,12
2000,151,0.0178443730,47074864.0000000000,6
2000,152,0.0178292550,47074864.0000000000,5
2050,0,7.2436181296,304626096.0000000000,5
2050,1,6.6245606388,283927952.0000000000,6
2050,2,4.5940713504,223686624.0000000000,11
2050,3,4.1112796140,210849584.0000000000,9
2050,4,4.1086216201,211148464.0000000000,10
2050,5,4.1295920679,212221472.0000000000,8
2050,6,6.7445002455,284458624.0000000000,12
2050,7,10.6073979488,397904576.0000000000,4
2050,8,9.1879984824,362702304.0000000000,7
2050,9,10.9045020651,452066592.0000000000,24
2050,10,11.6314507750,467929824.0000000000,23
2050,11,12.6258457119,490359984.0000000000,20
2050,12,13.0714937538,501850224.0000000000,27
2050,13,12.8412598284,502282656.0000000000,29
2050,14,13.0880071174,501404064.0000000000,12
2050,15,12.4187570359,487131936.0000000000,8
2050,16,10.3602721711,432012192.0000000000,11
2050,17,10.0647262454,426244512.0000000000,0
2050,18,10.2208996603,436353888.0000000000,6
2050,19,10.2283175513,436511984.0000000000,17
2050,20,10.2287856354,436507168.0000000000,7
2050,21,10.2346954031,436509520.0000000000,22
2050,22,10.2288314494,436510000.0000000000,3
2050,23,10.2268431189,436509872.0000000000,1
2050,24,10.2265165076,436505200.0000000000,1
2050,25,10.2286786203,436509600.0000000000,3
2050,26,10.2212737820,436354992.0000000000,26
2050,27,10.2192967377,436356688.0000000000,0
2050,28,10.2221775051,436510368.0000000000,9
2050,29,10.2224242964,436513280.0000000000,2
2050,30,10.2331669120,436510352.0000000000,14
2050,31,10.2228126901,436512656.0000000000,2
2050,32,10.2306915397,436508864.0000000000,21
2050,33,10.2228565049,436507824.0000000000,16
2050,34,10.2221219822,436517744.0000000000,18
2050,35,10.2344113730,436356992.0000000000,31
2050,36,10.2175146383,435573344.0000000000,10
2050,37,10.2303142995,436507776.0000000000,5
2050,38,10.2354270868,436520608.0000000000,4
2050,39,10.2349259653,436500720.0000000000,28
2050,40,10.2330127277,436523456.0000000000,25
2050,41,10.2422367833,436507312.0000000000,30
2050,42,10.2408022425,436512480.0000000000,13
2050,43,10.2436821090,436506688.0000000000,15
2050,44,10.2098265994,435582880.0000000000,19
2050,45,2.6520583145,131906544.0000000000,14
2050,46,2.6518104303,132146576.0000000000,19
2050,47,2.6532499846,132153680.0000000000,13
2050,48,2.6509928921,132140176.0000000000,18
2050,49,2.6543903047,132137072.0000000000,15
2050,50,2.6560489972,132144384.0000000000,20
2050,51,2.6548899235,132148240.0000000000,21
2050,52,2.6516161762,132132576.0000000000,16
2050,53,2.6506459413,131915520.0000000000,17
2050,54,0.6758521916,54827568.0000000000,30
2050,55,0.6723585549,54827568.0000000000,29
2050,56,0.6742534801,54827568.0000000000,27
2050,57,0.6742473623,54827568.0000000000,28
2050,58,0.6730595372,54827568.0000000000,25
2050,59,0.6758763490,54827568.0000000000,24
2050,60,0.6746520817,54827568.0000000000,22
2050,61,0.6743889234,54827568.0000000000,31
2050,62,0.6755738212,54827568.0000000000,23
2050,63,0.6744365456,54827568.0000000000,31
2050,64,0.6722303866,54827568.0000000000,29
2050,65,0.6753957363,54827568.0000000000,30
2050,66,0.6757360431,54827568.0000000000,24
2050,67,0.6743075086,54827568.0000000000,31
2050,68,0.6729573185,54827568.0000000000,25
2050,69,0.6737238615,54827568.0000000000,27
2050,70,0.6744552903,54827568.0000000000,31
2050,71,0.6747788880,54827568.0000000000,22
2050,72,0.6743507048,54827568.0000000000,31
2050,73,0.6741992221,54827568.0000000000,27
2050,74,0.6753251728,54827568.0000000000,23
2050,75,0.6739159501,54827568.0000000000,28
2050,76,0.6726750243,54827568.0000000000,25
2050,77,0.6723204456,54827568.0000000000,29
2050,78,0.6755902683,54827568.0000000000,30
2050,79,0.6759042935,54827568.0000000000,24
2050,80,0.6756246215,54827568.0000000000,24
2050,81,0.6732594735,54827568.0000000000,13
2050,82,0.6726531421,54827568.0000000000,29
2050,83,0.6739409074,54827568.0000000000,17
2050,84,0.6751629485,54827568.0000000000,26
2050,85,0.6747335591,54827568.0000000000,26
2050,86,0.6726727620,54827568.0000000000,25
2050,87,0.6747995850,54827568.0000000000,22
2050,88,0.6732834495,54827568.0000000000,13
2050,89,0.6736483088,54827568.0000000000,27
2050,90,0.6752030311,54827568.0000000000,30
2050,91,0.6729321242,54827568.0000000000,25
2050,92,0.6737652545,54827568.0000000000,28
2050,93,0.6737014825,54827568.0000000000,19
2050,94,0.6725274713,54827568.0000000000,29
2050,95,0.6738825777,54827568.0000000000,27
2050,96,0.6749918244,54827568.0000000000,26
2050,97,0.6749353650,54827568.0000000000,26
2050,98,0.6753851954,54827568.0000000000,30
2050,99,0.6754483060,54827568.0000000000,21
2050,100,0.6751263279,54827568.0000000000,23
2050,101,0.6734691728,54827568.0000000000,16
2050,102,0.6752078501,54827568.0000000000,22
2050,103,0.6751655330,54827568.0000000000,14
2050,104,0.6756775702,54827568.0000000000,24
2050,105,0.6752136500,54827568.0000000000,23
2050,106,0.6740121759,54827568.0000000000,28
2050,107,0.6746565960,54827568.0000000000,26
2050,108,0.6757000267,54827568.0000000000,20
2050,109,0.6757101919,54827568.0000000000,23
2050,110,0.6734486282,54827568.0000000000,16
2050,111,0.6746491241,54827568.0000000000,14
2050,112,0.6747903628,54827568.0000000000,15
2050,113,0.6732101789,54827568.0000000000,18
2050,114,0.6741877222,54827568.0000000000,15
2050,115,0.6746922897,54827568.0000000000,22
2050,116,0.6737490575,54827568.0000000000,28
2050,117,0.5833780694,47074864.0000000000,4
2050,118,0.5840694681,47074864.0000000000,10
2050,119,0.5831494177,47074864.0000000000,7
2050,120,0.5823737235,47074864.0000000000,19
2050,121,0.5835693335,47074864.0000000000,17
2050,122,0.5841543666,47074864.0000000000,20
2050,123,0.5839313082,47074864.0000000000,21
2050,124,0.5839884533,47074864.0000000000,21
2050,125,0.5823456691,47074864.0000000000,16
2050,126,0.5842702873,47074864.0000000000,21
2050,127,0.5813954697,47074864.0000000000,18
2050,128,0.5839987862,47074864.0000000000,14
2050,129,0.5814999351,47074864.0000000000,18
2050,130,0.5825278215,47074864.0000000000,19
2050,131,0.5841410560,47074864.0000000000,15
2050,132,0.5840685416,47074864.0000000000,20
2050,133,0.5828991417,47074864.0000000000,7
2050,134,0.5836327624,47074864.0000000000,17
2050,135,0.5826536530,47074864.0000000000,19
2050,136,0.5827174690,47074864.0000000000,13
2050,137,0.5842611655,47074864.0000000000,15
2050,138,0.5829006128,47074864.0000000000,9
2050,139,0.5828636260,47074864.0000000000,5
2050,140,0.5841981505,47074864.0000000000,14
2050,141,0.5821106088,47074864.0000000000,16
2050,142,0.5836098009,47074864.0000000000,6
2050,143,0.5827637987,47074864.0000000000,13
2050,144,0.5838833576,47074864.0000000000,17
2050,145,0.5818898204,47074864.0000000000,18
2050,146,0.5842133635,47074864.0000000000,20
2050,147,0.5834127588,47074864.0000000000,4
2050,148,0.5846213222,47074864.0000000000,11
2050,149,0.5837203844,47074864.0000000000,8
2050,150,0.5846884415,47074864.0000000000,12
2050,151,0.5836332417,47074864.0000000000,6
2050,152,0.5827095828,47074864.0000000000,5
2100,0,0.2247132260,304122608.0000000000,5
2100,1,0.2031741610,281371136.0000000000,6
2100,2,0.1366567650,220421328.0000000000,11
2100,3,0.1273648250,210844416.0000000000,9
2100,4,0.1273594930,211183856.0000000000,10
2100,5,0.1277115240,212310448.0000000000,8
2100,6,0.2004594240,278542672.0000000000,12
2100,7,0.3310328290,400077424.0000000000,4
2100,8,0.2860384880,364493424.0000000000,7
2100,9,0.3399534190,453076272.0000000000,24
2100,10,0.3594103420,468558368.0000000000,23
2100,11,0.3924997550,490655424.0000000000,20
2100,12,0.4065553810,501403312.0000000000,27
2100,13,0.3996491300,501965920.0000000000,29
2100,14,0.4069331320,500598816.0000000000,12
2100,15,0.3880980630,488100528.0000000000,8
2100,16,0.3180798050,430435488.0000000000,11
2100,17,0.3107853800,425095232.0000000000,0
2100,18,0.3180112540,436357792.0000000000,6
2100,19,0.3177988290,436507680.0000000000,17
2100,20,0.3178086700,436512880.0000000000,7
2100,21,0.3178442460,436508224.0000000000,22
2100,22,0.3178071130,436510528.0000000000,3
2100,23,0.3178943920,436510240.0000000000,1
2100,24,0.3177738470,436507440.0000000000,1
2100,25,0.3179457170,436512704.0000000000,3
2100,26,0.3175392930,436353648.0000000000,26
2100,27,0.3175133140,436357168.0000000000,0
2100,28,0.3176197440,436513392.0000000000,9
2100,29,0.3176129860,436507392.0000000000,2
2100,30,0.3179661690,436511440.0000000000,14
2100,31,0.3176856680,436514160.0000000000,2
2100,32,0.3179116760,436506288.0000000000,21
2100,33,0.3175755170,436508480.0000000000,16
2100,34,0.3175491180,436514864.0000000000,18
2100,35,0.3180126390,436355568.0000000000,31
2100,36,0.3175830220,435550176.0000000000,10
2100,37,0.3181199380,436505808.0000000000,5
2100,38,0.3180101950,436527376.0000000000,4
2100,39,0.3181194960,436496672.0000000000,28
2100,40,0.3179134850,436524560.0000000000,25
2100,41,0.3183256870,436511104.0000000000,30
2100,42,0.3183540780,436513744.0000000000,13
2100,43,0.3183665420,436503136.0000000000,15
2100,44,0.3172099820,435561264.0000000000,19
2100,45,0.0821273650,131900016.0000000000,14
2100,46,0.0821563120,132145248.0000000000,19
2100,47,0.0821493660,132152432.0000000000,13
2100,48,0.0820632030,132143040.0000000000,18
2100,49,0.0824366350,132135600.0000000000,15
2100,50,0.0821915410,132143424.0000000000,20
2100,51,0.0822631700,132150352.0000000000,21
2100,52,0.0822036350,132131200.0000000000,16
2100,53,0.0820969860,131909328.0000000000,17
2100,54,0.0206761400,54827568.0000000000,30
2100,55,0.0206229860,54827568.0000000000,29
2100,56,0.0206451970,54827568.0000000000,27
2100,57,0.0206493880,54827568.0000000000,28
2100,58,0.0206683040,54827568.0000000000,25
2100,59,0.0207164270,54827568.0000000000,24
2100,60,0.0205882860,54827568.0000000000,22
2100,61,0.0206800980,54827568.0000000000,31
2100,62,0.0206747330,54827568.0000000000,23
2100,63,0.0205930480,54827568.0000000000,31
2100,64,0.0205244840,54827568.0000000000,29
2100,65,0.0206876240,54827568.0000000000,30
2100,66,0.0206930500,54827568.0000000000,24
2100,67,0.0206582360,54827568.0000000000,31
2100,68,0.0206428140,54827568.0000000000,25
2100,69,0.0206386160,54827568.0000000000,27
2100,70,0.0205996190,54827568.0000000000,31
2100,71,0.0206090860,54827568.0000000000,22
2100,72,0.0206385660,54827568.0000000000,31
2100,73,0.0206566300,54827568.0000000000,27
2100,74,0.0206701340,54827568.0000000000,23
2100,75,0.0206395680,54827568.0000000000,28
2100,76,0.0205990580,54827568.0000000000,25
2100,77,0.0205568280,54827568.0000000000,29
2100,78,0.0207451450,54827568.0000000000,30
2100,79,0.0207048020,54827568.0000000000,24
2100,80,0.0207658610,54827568.0000000000,24
2100,81,0.0205695450,54827568.0000000000,13
2100,82,0.0206119860,54827568.0000000000,29
2100,83,0.0206594220,54827568.0000000000,17
2100,84,0.0206775290,54827568.0000000000,26
2100,85,0.0206894040,54827568.0000000000,26
2100,86,0.0206123770,54827568.0000000000,25
2100,87,0.0206584030,54827568.0000000000,22
2100,88,0.0205854140,54827568.0000000000,13
2100,89,0.0205918460,54827568.0000000000,27
2100,90,0.0206649770,54827568.0000000000,30
2100,91,0.0205624700,54827568.0000000000,25
2100,92,0.0205921560,54827568.0000000000,28
2100,93,0.0205917720,54827568.0000000000,19
2100,94,0.0205912150,54827568.0000000000,29
2100,95,0.0206407620,54827568.0000000000,27
2100,96,0.0206762280,54827568.0000000000,26
2100,97,0.0205934180,54827568.0000000000,26
2100,98,0.0206620820,54827568.0000000000,30
2100,99,0.0206753740,54827568.0000000000,21
2100,100,0.0207236190,54827568.0000000000,23
2100,101,0.0206118200,54827568.0000000000,16
2100,102,0.0207052630,54827568.0000000000,22
2100,103,0.0206825800,54827568.0000000000,14
2100,104,0.0206621900,54827568.0000000000,24
2100,105,0.0205905920,54827568.0000000000,23
2100,106,0.0205962250,54827568.0000000000,28
2100,107,0.0206898050,54827568.0000000000,26
2100,108,0.0207128490,54827568.0000000000,20
2100,109,0.0206554250,54827568.0000000000,23
2100,110,0.0206108370,54827568.0000000000,16
2100,111,0.0206763890,54827568.0000000000,14
2100,112,0.0206146410,54827568.0000000000,15
2100,113,0.0206348950,54827568.0000000000,18
2100,114,0.0206965700,54827568.0000000000,15
2100,115,0.0206651750,54827568.0000000000,22
2100,116,0.0206604090,54827568.0000000000,28
2100,117,0.0178687880,47074864.0000000000,4
2100,118,0.0178631960,47074864.0000000000,10
2100,119,0.0178495620,47074864.0000000000,7
2100,120,0.0178174500,47074864.0000000000,19
2100,121,0.0178581160,47074864.0000000000,17
2100,122,0.0179073940,47074864.0000000000,20
2100,123,0.0178537120,47074864.0000000000,21
2100,124,0.0179116550,47074864.0000000000,21
2100,125,0.0177970800,47074864.0000000000,16
2100,126,0.0178525990,47074864.0000000000,21
2100,127,0.0177919680,47074864.0000000000,18
2100,128,0.0178565200,47074864.0000000000,14
2100,129,0.0177840860,47074864.0000000000,18
2100,130,0.0178685390,47074864.0000000000,19
2100,131,0.0178717800,47074864.0000000000,15
2100,132,0.0178749840,47074864.0000000000,20
2100,133,0.0178562650,47074864.0000000000,7
2100,134,0.0178402120,47074864.0000000000,17
2100,135,0.0178520570,47074864.0000000000,19
2100,136,0.0178690840,47074864.0000000000,13
2100,137,0.0178868090,47074864.0000000000,15
2100,138,0.0178385870,47074864.0000000000,9
2100,139,0.0178440820,47074864.0000000000,5
2100,140,0.0179474080,47074864.0000000000,14
2100,141,0.0178449720,47074864.0000000000,16
2100,142,0.0179112900,47074864.0000000000,6
2100,143,0.0178000630,47074864.0000000000,13
2100,144,0.0178907930,47074864.0000000000,17
2100,145,0.0177997040,47074864.0000000000,18
2100,146,0.0178571800,47074864.0000000000,20
2100,147,0.0178754320,47074864.0000000000,4
2100,148,0.0178786860,47074864.0000000000,11
2100,149,0.0178807500,47074864.0000000000,8
2100,150,0.0179236010,47074864.0000000000,12
2100,151,0.0178546630,47074864.0000000000,6
2100,152,0.0178496140,47074864.0000000000,5
2150,0,7.2385494278,303796320.0000000000,5
2150,1,6.4796144947,278450320.0000000000,6
2150,2,4.3819758604,217630096.0000000000,11
2150,3,4.1099504136,210898960.0000000000,9
2150,4,4.1074071162,211211040.0000000000,10
2150,5,4.1524480488,212409776.0000000000,8
2150,6,6.3652198194,273340000.0000000000,12
2150,7,10.7477983962,403454128.0000000000,4
2150,8,9.2974551286,366556208.0000000000,7
2150,9,10.9989665698,453660688.0000000000,24
2150,10,11.6379045071,470134768.0000000000,23
2150,11,12.6419654181,491065488.0000000000,20
2150,12,13.0609419555,501043600.0000000000,27
2150,13,12.8342000932,501585184.0000000000,29
2150,14,13.0707274890,499586016.0000000000,12
2150,15,12.5195956920,489003888.0000000000,8
2150,16,10.2522298650,429343728.0000000000,11
2150,17,9.9841786168,423248832.0000000000,0
2150,18,10.2200941498,436355264.0000000000,6
2150,19,10.2279895434,436510128.0000000000,17
2150,20,10.2288067770,436507696.0000000000,7
2150,21,10.2331120760,436511024.0000000000,22
2150,22,10.2294117541,436510544.0000000000,3
2150,23,10.2277536770,436508128.0000000000,1
2150,24,10.2258897430,436509344.0000000000,1
2150,25,10.2287310300,436514576.0000000000,3
2150,26,10.2196424517,436355520.0000000000,26
2150,27,10.2197914439,436352544.0000000000,0
2150,28,10.2212397412,436514848.0000000000,9
2150,29,10.2233527673,436507024.0000000000,2
2150,30,10.2323907470,436511088.0000000000,14
2150,31,10.2225414377,436514912.0000000000,2
2150,32,10.2301594662,436509312.0000000000,21
2150,33,10.2226760631,436508720.0000000000,16
2150,34,10.2221095411,436507920.0000000000,18
2150,35,10.2345957424,436353936.0000000000,31
2150,36,10.2182384515,435534592.0000000000,10
2150,37,10.2299842741,436500960.0000000000,5
2150,38,10.2361747242,436530208.0000000000,4
2150,39,10.2363175122,436489856.0000000000,28
2150,40,10.2336850573,436530528.0000000000,25
2150,41,10.2439373329,436507664.0000000000,30
2150,42,10.2416083932,436513408.0000000000,13
2150,43,10.2442829070,436504192.0000000000,15
2150,44,10.2095849511,435543216.0000000000,19
2150,45,2.6528742263,131894688.0000000000,14
2150,46,2.6527185228,132146336.0000000000,19
2150,47,2.6531000440,132152400.0000000000,13
2150,48,2.6512142239,132146496.0000000000,18
2150,49,2.6550216191,132135312.0000000000,15
2150,50,2.6560748811,132144368.0000000000,20
2150,51,2.6550154253,132148960.0000000000,21
2150,52,2.6512746220,132127536.0000000000,16
2150,53,2.6505939074,131905856.0000000000,17
2150,54,0.6757358763,54827568.0000000000,30
2150,55,0.6724590570,54827568.0000000000,29
2150,56,0.6741286017,54827568.0000000000,27
2150,57,0.6741165090,54827568.0000000000,28
2150,58,0.6730268593,54827568.0000000000,25
2150,59,0.6757925190,54827568.0000000000,24
2150,60,0.6748099895,54827568.0000000000,22
2150,61,0.6743202655,54827568.0000000000,31
2150,62,0.6754712959,54827568.0000000000,23
2150,63,0.6743561626,54827568.0000000000,31
2150,64,0.6726185505,54827568.0000000000,29
2150,65,0.6754058276,54827568.0000000000,30
2150,66,0.6758910066,54827568.0000000000,24
2150,67,0.6743645862,54827568.0000000000,31
2150,68,0.6728759739,54827568.0000000000,25
2150,69,0.6737458329,54827568.0000000000,27
2150,70,0.6746002358,54827568.0000000000,31
2150,71,0.6745720005,54827568.0000000000,22
2150,72,0.6740880610,54827568.0000000000,31
2150,73,0.6736229647,54827568.0000000000,27
2150,74,0.6752107631,54827568.0000000000,23
2150,75,0.6739038748,54827568.0000000000,28
2150,76,0.6730293758,54827568.0000000000,25
2150,77,0.6722157445,54827568.0000000000,29
2150,78,0.6755569779,54827568.0000000000,30
2150,79,0.6756161544,54827568.0000000000,24
2150,80,0.6757866797,54827568.0000000000,24
2150,81,0.6735784719,54827568.0000000000,13
2150,82,0.6724508387,54827568.0000000000,29
2150,83,0.6741645384,54827568.0000000000,17
2150,84,0.6751721737,54827568.0000000000,26
2150,85,0.6747412476,54827568.0000000000,26
2150,86,0.6728446195,54827568.0000000000,25
2150,87,0.6747983043,54827568.0000000000,22
2150,88,0.6730943239,54827568.0000000000,13
2150,89,0.6735070975,54827568.0000000000,27
2150,90,0.6754568231,54827568.0000000000,30
2150,91,0.6727110225,54827568.0000000000,25
2150,92,0.6741059352,54827568.0000000000,28
2150,93,0.6739975567,54827568.0000000000,19
2150,94,0.6724109160,54827568.0000000000,29
2150,95,0.6737055577,54827568.0000000000,27
2150,96,0.6747277629,54827568.0000000000,26
2150,97,0.6748585950,54827568.0000000000,26
2150,98,0.6754990365,54827568.0000000000,30
2150,99,0.6756406787,54827568.0000000000,21
2150,100,0.6752932885,54827568.0000000000,23
2150,101,0.6735644033,54827568.0000000000,16
2150,102,0.6750395812,54827568.0000000000,22
2150,103,0.6752367858,54827568.0000000000,14
2150,104,0.6759860753,54827568.0000000000,24
2150,105,0.6752715570,54827568.0000000000,23
2150,106,0.6741017971,54827568.0000000000,28
2150,107,0.6747808711,54827568.0000000000,26
2150,108,0.6759954902,54827568.0000000000,20
2150,109,0.6755731972,54827568.0000000000,23
2150,110,0.6734068735,54827568.0000000000,16
2150,111,0.6748481568,54827568.0000000000,14
2150,112,0.6745215850,54827568.0000000000,15
2150,113,0.6731828207,54827568.0000000000,18
2150,114,0.6741100787,54827568.0000000000,15
2150,115,0.6748915682,54827568.0000000000,22
2150,116,0.6738903806,54827568.0000000000,28
2150,117,0.5832218122,47074864.0000000000,4
2150,118,0.5840509146,47074864.0000000000,10
2150,119,0.5829382557,47074864.0000000000,7
2150,120,0.5826546924,47074864.0000000000,19
2150,121,0.5836276707,47074864.0000000000,17
2150,122,0.5843032667,47074864.0000000000,20
2150,123,0.5838873365,47074864.0000000000,21
2150,124,0.5840435982,47074864.0000000000,21
2150,125,0.5820494868,47074864.0000000000,16
2150,126,0.5841538108,47074864.0000000000,21
2150,127,0.5814636702,47074864.0000000000,18
2150,128,0.5839286876,47074864.0000000000,14
2150,129,0.5815815524,47074864.0000000000,18
2150,130,0.5824903359,47074864.0000000000,19
2150,131,0.5842962402,47074864.0000000000,15
2150,132,0.5843302741,47074864.0000000000,20
2150,133,0.5830511442,47074864.0000000000,7
2150,134,0.5836211578,47074864.0000000000,17
2150,135,0.5825630357,47074864.0000000000,19
2150,136,0.5824185213,47074864.0000000000,13
2150,137,0.5841924020,47074864.0000000000,15
2150,138,0.5829703908,47074864.0000000000,9
2150,139,0.5829527912,47074864.0000000000,5
2150,140,0.5841936202,47074864.0000000000,14
2150,141,0.5823109517,47074864.0000000000,16
2150,142,0.5837823976,47074864.0000000000,6
2150,143,0.5827436540,47074864.0000000000,13
2150,144,0.5838094104,47074864.0000000000,17
2150,145,0.5815692325,47074864.0000000000,18
2150,146,0.5843268902,47074864.0000000000,20
2150,147,0.5833456084,47074864.0000000000,4
2150,148,0.5846212281,47074864.0000000000,11
2150,149,0.5836295953,47074864.0000000000,8
2150,150,0.5845315124,47074864.0000000000,12
2150,151,0.5836724914,47074864.0000000000,6
2150,152,0.5826604477,47074864.0000000000,5
2200,0,0.2244216310,303582352.0000000000,5
2200,1,0.1937871670,273476288.0000000000,6
2200,2,0.1326413650,215517936.0000000000,11
2200,3,0.1279503460,211334400.0000000000,9
2200,4,0.1273451130,211267264.0000000000,10
2200,5,0.1295853650,212413424.0000000000,8
2200,6,0.1906769260,268525520.0000000000,12
2200,7,0.3419422270,407919008.0000000000,4
2200,8,0.2947323010,368627888.0000000000,7
2200,9,0.3436887480,453923888.0000000000,24
2200,10,0.3688099220,473613488.0000000000,23
2200,11,0.3953409610,491465296.0000000000,20
2200,12,0.4062915980,500301904.0000000000,27
2200,13,0.3993884570,501072432.0000000000,29
2200,14,0.4065211030,498795648.0000000000,12
2200,15,0.3912540750,489761648.0000000000,8
2200,16,0.3186233830,428742208.0000000000,11
2200,17,0.3067290030,420274096.0000000000,0
2200,18,0.3176057580,436353552.0000000000,6
2200,19,0.3177383380,436508496.0000000000,17
2200,20,0.3178600180,436507568.0000000000,7
2200,21,0.3181078300,436513952.0000000000,22
2200,22,0.3178396790,436511504.0000000000,3
2200,23,0.3180229330,436507792.0000000000,1
2200,24,0.3177395860,436512992.0000000000,1
2200,25,0.3177805350,436511808.0000000000,3
2200,26,0.3177049070,436362704.0000000000,26
2200,27,0.3175756610,436352096.0000000000,0
2200,28,0.3175715020,436512368.0000000000,9
2200,29,0.3176419790,436509920.0000000000,2
2200,30,0.3177872650,436510976.0000000000,14
2200,31,0.3176498740,436504576.0000000000,2
2200,32,0.3179563150,436509936.0000000000,21
2200,33,0.3176751460,436510224.0000000000,16
2200,34,0.3175424220,436508448.0000000000,18
2200,35,0.3178561030,436350112.0000000000,31
2200,36,0.3176202060,435509328.0000000000,10
2200,37,0.3178467520,436500048.0000000000,5
2200,38,0.3183789440,436528016.0000000000,4
2200,39,0.3181151050,436487552.0000000000,28
2200,40,0.3181306280,436535344.0000000000,25
2200,41,0.3182055120,436507504.0000000000,30
2200,42,0.3182053550,436514448.0000000000,13
2200,43,0.3183140470,436504464.0000000000,15
2200,44,0.3174859300,435520320.0000000000,19
2200,45,0.0821319260,131891776.0000000000,14
2200,46,0.0822029280,132148160.0000000000,19
2200,47,0.0821736960,132153200.0000000000,13
2200,48,0.0820954210,132146144.0000000000,18
2200,49,0.0822377100,132132560.0000000000,15
2200,50,0.0823095820,132143776.0000000000,20
2200,51,0.0821825140,132148608.0000000000,21
2200,52,0.0823258970,132126416.0000000000,16
2200,53,0.0820888190,131901424.0000000000,17
2200,54,0.0207133050,54827568.0000000000,30
2200,55,0.0206316550,54827568.0000000000,29
2200,56,0.0205843780,54827568.0000000000,27
2200,57,0.0205913400,54827568.0000000000,28
2200,58,0.0206360090,54827568.0000000000,25
2200,59,0.0207348700,54827568.0000000000,24
2200,60,0.0206892590,54827568.0000000000,22
2200,61,0.0206398910,54827568.0000000000,31
2200,62,0.0206651120,54827568.0000000000,23
2200,63,0.0206713630,54827568.0000000000,31
2200,64,0.0205521110,54827568.0000000000,29
2200,65,0.0206871250,54827568.0000000000,30
2200,66,0.0206300790,54827568.0000000000,24
2200,67,0.0206634280,54827568.0000000000,31
2200,68,0.0206264510,54827568.0000000000,25
2200,69,0.0206664650,54827568.0000000000,27
2200,70,0.0206704220,54827568.0000000000,31
2200,71,0.0206667660,54827568.0000000000,22
2200,72,0.0206941970,54827568.0000000000,31
2200,73,0.0206434040,54827568.0000000000,27
2200,74,0.0206345930,54827568.0000000000,23
2200,75,0.0206557630,54827568.0000000000,28
2200,76,0.0205418180,54827568.0000000000,25
2200,77,0.0205977090,54827568.0000000000,29
2200,78,0.0206879530,54827568.0000000000,30
2200,79,0.0206077830,54827568.0000000000,24
2200,80,0.0206817980,54827568.0000000000,24
2200,81,0.0206130980,54827568.0000000000,13
2200,82,0.0206220080,54827568.0000000000,29
2200,83,0.0205897670,54827568.0000000000,17
2200,84,0.0206559680,54827568.0000000000,26
2200,85,0.0206500070,54827568.0000000000,26
2200,86,0.0205622250,54827568.0000000000,25
2200,87,0.0206237020,54827568.0000000000,22
2200,88,0.0205943220,54827568.0000000000,13
2200,89,0.0205759650,54827568.0000000000,27
2200,90,0.0206332480,54827568.0000000000,30
2200,91,0.0206598250,54827568.0000000000,25
2200,92,0.0206548220,54827568.0000000000,28
2200,93,0.0206347140,54827568.0000000000,19
2200,94,0.0206348520,54827568.0000000000,29
2200,95,0.0207049120,54827568.0000000000,27
2200,96,0.0207019460,54827568.0000000000,26
2200,97,0.0206436130,54827568.0000000000,26
2200,98,0.0206812940,54827568.0000000000,30
2200,99,0.0206866740,54827568.0000000000,21
2200,100,0.0207223650,54827568.0000000000,23
2200,101,0.0206523890,54827568.0000000000,16
2200,102,0.0206254450,54827568.0000000000,22
2200,103,0.0207943620,54827568.0000000000,14
2200,104,0.0206970690,54827568.0000000000,24
2200,105,0.0206487010,54827568.0000000000,23
2200,106,0.0206364670,54827568.0000000000,28
2200,107,0.0206957160,54827568.0000000000,26
2200,108,0.0206873350,54827568.0000000000,20
2200,109,0.0206446930,54827568.0000000000,23
2200,110,0.0206229910,54827568.0000000000,16
2200,111,0.0206346110,54827568.0000000000,14
2200,112,0.0206230780,54827568.0000000000,15
2200,113,0.0206196430,54827568.0000000000,18
2200,114,0.0206997960,54827568.0000000000,15
2200,115,0.0206883660,54827568.0000000000,22
2200,116,0.0205821490,54827568.0000000000,28
2200,117,0.0178583410,47074864.0000000000,4
2200,118,0.0178639580,47074864.0000000000,10
2200,119,0.0178632490,47074864.0000000000,7
2200,120,0.0178161260,47074864.0000000000,19
2200,121,0.0178393010,47074864.0000000000,17
2200,122,0.0178847890,47074864.0000000000,20
2200,123,0.0178873720,47074864.0000000000,21
2200,124,0.0178892680,47074864.0000000000,21
2200,125,0.0178015580,47074864.0000000000,16
2200,126,0.0178588700,47074864.0000000000,21
2200,127,0.0178103230,47074864.0000000000,18
2200,128,0.0178649880,47074864.0000000000,14
2200,129,0.0177793130,47074864.0000000000,18
2200,130,0.0178298100,47074864.0000000000,19
2200,131,0.0178746680,47074864.0000000000,15
2200,132,0.0178916720,47074864.0000000000,20
2200,133,0.0178197770,47074864.0000000000,7
2200,134,0.0178384490,47074864.0000000000,17
2200,135,0.0178340120,47074864.0000000000,19
2200,136,0.0178370640,47074864.0000000000,13
2200,137,0.0178753570,47074864.0000000000,15
2200,138,0.0178520250,47074864.0000000000,9
2200,139,0.0178461760,47074864.0000000000,5
2200,140,0.0179220570,47074864.0000000000,14
2200,141,0.0178246220,47074864.0000000000,16
2200,142,0.0178831880,47074864.0000000000,6
2200,143,0.0178643280,47074864.0000000000,13
2200,144,0.0178462240,47074864.0000000000,17
2200,145,0.0177778720,47074864.0000000000,18
2200,146,0.0178961910,47074864.0000000000,20
2200,147,0.0178533510,47074864.0000000000,4
2200,148,0.0178727540,47074864.0000000000,11
2200,149,0.0178841160,47074864.0000000000,8
2200,150,0.0178630940,47074864.0000000000,12
2200,151,0.0178528900,47074864.0000000000,6
2200,152,0.0178298860,47074864.0000000000,5
2250,0,7.2198735860,303378016.0000000000,5
2250,1,6.1467092465,268412672.0000000000,6
2250,2,4.2707704011,214345968.0000000000,11
2250,3,4.1415336871,211477360.0000000000,9
2250,4,4.1083002709,211322512.0000000000,10
2250,5,4.1859223784,212393632.0000000000,8
2250,6,6.0668213961,264989376.0000000000,12
2250,7,11.1090177228,413172800.0000000000,4
2250,8,9.5299559221,369686032.0000000000,7
2250,9,11.0665039547,454105888.0000000000,24
2250,10,11.9479254005,477478384.0000000000,23
2250,11,12.7178214414,491696112.0000000000,20
2250,12,13.0546357951,499895344.0000000000,27
2250,13,12.7979865246,498810816.0000000000,29
2250,14,13.0595301345,498422256.0000000000,12
2250,15,12.6070641309,490363200.0000000000,8
2250,16,10.2501922264,428312496.0000000000,11
2250,17,9.8133585033,417710960.0000000000,0
2250,18,10.2205305218,436352304.0000000000,6
2250,19,10.2274139342,436511216.0000000000,17
2250,20,10.2303886858,436511840.0000000000,7
2250,21,10.2333920248,436509104.0000000000,22
2250,22,10.2600064679,443024160.0000000000,3
2250,23,10.2279272721,436510848.0000000000,1
2250,24,10.2263015260,436509120.0000000000,1
2250,25,10.2273318345,436515728.0000000000,3
2250,26,10.2205831219,436357264.0000000000,26
2250,27,10.2190934654,436350784.0000000000,0
2250,28,10.2216091940,436509104.0000000000,9
2250,29,10.2227418861,436507744.0000000000,2
2250,30,10.2328313770,436511360.0000000000,14
2250,31,10.2222999446,436506688.0000000000,2
2250,32,10.2311886059,436509200.0000000000,21
2250,33,10.2224318092,436511328.0000000000,16
2250,34,10.2226945563,436507600.0000000000,18
2250,35,10.2357696192,436349472.0000000000,31
2250,36,10.2162090083,435489120.0000000000,10
2250,37,10.2310082373,436494352.0000000000,5
2250,38,10.2361210571,436534336.0000000000,4
2250,39,10.2362527951,436491936.0000000000,28
2250,40,10.2340998614,436537408.0000000000,25
2250,41,10.2443512361,436507104.0000000000,30
2250,42,10.2418922179,436514944.0000000000,13
2250,43,10.2451913345,436501248.0000000000,15
2250,44,10.2090291184,435500864.0000000000,19
2250,45,2.6517941984,131886448.0000000000,14
2250,46,2.6523311765,132147888.0000000000,19
2250,47,2.6534037118,132151664.0000000000,13
2250,48,2.6513960943,132146064.0000000000,18
2250,49,2.6546550515,132133072.0000000000,15
2250,50,2.6565602068,132142720.0000000000,20
2250,51,2.6549296174,132147328.0000000000,21
2250,52,2.6516738768,132127264.0000000000,16
2250,53,2.6502251746,131895088.0000000000,17
2250,54,0.6758575091,54827568.0000000000,30
2250,55,0.6725476690,54827568.0000000000,29
2250,56,0.6737563580,54827568.0000000000,27
2250,57,0.6738943958,54827568.0000000000,28
2250,58,0.6732926315,54827568.0000000000,25
2250,59,0.6761756968,54827568.0000000000,24
2250,60,0.6750745515,54827568.0000000000,22
2250,61,0.6745766204,54827568.0000000000,31
2250,62,0.6749152017,54827568.0000000000,23
2250,63,0.6739801037,54827568.0000000000,31
2250,64,0.6721168835,54827568.0000000000,29
2250,65,0.6755457283,54827568.0000000000,30
2250,66,0.6756507931,54827568.0000000000,24
2250,67,0.6742977006,54827568.0000000000,31
2250,68,0.6730572492,54827568.0000000000,25
2250,69,0.6735799722,54827568.0000000000,27
2250,70,0.6745385144,54827568.0000000000,31
2250,71,0.6749097878,54827568.0000000000,22
2250,72,0.6746779575,54827568.0000000000,31
2250,73,0.6737045741,54827568.0000000000,27
2250,74,0.6754231769,54827568.0000000000,23
2250,75,0.6742937104,54827568.0000000000,28
2250,76,0.6727022449,54827568.0000000000,25
2250,77,0.6722887126,54827568.0000000000,29
2250,78,0.6758509844,54827568.0000000000,30
2250,79,0.6756081433,54827568.0000000000,24
2250,80,0.6756470519,54827568.0000000000,24
2250,81,0.6734735751,54827568.0000000000,13
2250,82,0.6725967408,54827568.0000000000,29
2250,83,0.6741258426,54827568.0000000000,17
2250,84,0.6750639151,54827568.0000000000,26
2250,85,0.6749894837,54827568.0000000000,26
2250,86,0.6726263860,54827568.0000000000,25
2250,87,0.6746072005,54827568.0000000000,22
2250,88,0.6728158876,54827568.0000000000,13
2250,89,0.6737817000,54827568.0000000000,27
2250,90,0.6753182553,54827568.0000000000,30
2250,91,0.6725080139,54827568.0000000000,25
2250,92,0.6741798951,54827568.0000000000,28
2250,93,0.6736747973,54827568.0000000000,19
2250,94,0.6725762675,54827568.0000000000,29
2250,95,0.6739622027,54827568.0000000000,27
2250,96,0.6747883083,54827568.0000000000,26
2250,97,0.6751192360,54827568.0000000000,26
2250,98,0.6753482824,54827568.0000000000,30
2250,99,0.6752687802,54827568.0000000000,21
2250,100,0.6755551578,54827568.0000000000,23
2250,101,0.6739459058,54827568.0000000000,16
2250,102,0.6750082858,54827568.0000000000,22
2250,103,0.6749660015,54827568.0000000000,14
2250,104,0.6756718519,54827568.0000000000,24
2250,105,0.6751236386,54827568.0000000000,23
2250,106,0.6739400917,54827568.0000000000,28
2250,107,0.6747523817,54827568.0000000000,26
2250,108,0.6758903298,54827568.0000000000,20
2250,109,0.6750608291,54827568.0000000000,23
2250,110,0.6738654467,54827568.0000000000,16
2250,111,0.6745704102,54827568.0000000000,14
2250,112,0.6748203891,54827568.0000000000,15
2250,113,0.6734540750,54827568.0000000000,18
2250,114,0.6743725911,54827568.0000000000,15
2250,115,0.6750384813,54827568.0000000000,22
2250,116,0.6741259183,54827568.0000000000,28
2250,117,0.5831463247,47074864.0000000000,4
2250,118,0.5840415821,47074864.0000000000,10
2250,119,0.5831417570,47074864.0000000000,7
2250,120,0.5823769026,47074864.0000000000,19
2250,121,0.5835222757,47074864.0000000000,17
2250,122,0.5841190120,47074864.0000000000,20
2250,123,0.5840892320,47074864.0000000000,21
2250,124,0.5842172510,47074864.0000000000,21
2250,125,0.5821550937,47074864.0000000000,16
2250,126,0.5841966905,47074864.0000000000,21
2250,127,0.5817097789,47074864.0000000000,18
2250,128,0.5839751638,47074864.0000000000,14
2250,129,0.5815543768,47074864.0000000000,18
2250,130,0.5822507883,47074864.0000000000,19
2250,131,0.5843431139,47074864.0000000000,15
2250,132,0.5841436350,47074864.0000000000,20
2250,133,0.5832170344,47074864.0000000000,7
2250,134,0.5837152337,47074864.0000000000,17
2250,135,0.5825534644,47074864.0000000000,19
2250,136,0.5826854072,47074864.0000000000,13
2250,137,0.5843595150,47074864.0000000000,15
2250,138,0.5828368892,47074864.0000000000,9
2250,139,0.5827930790,47074864.0000000000,5
2250,140,0.5840512102,47074864.0000000000,14
2250,141,0.5820057761,47074864.0000000000,16
2250,142,0.5838028518,47074864.0000000000,6
2250,143,0.5825670671,47074864.0000000000,13
2250,144,0.5837858493,47074864.0000000000,17
2250,145,0.5816265693,47074864.0000000000,18
2250,146,0.5842803162,47074864.0000000000,20
2250,147,0.5831178504,47074864.0000000000,4
2250,148,0.5845867674,47074864.0000000000,11
2250,149,0.5837602917,47074864.0000000000,8
2250,150,0.5847196545,47074864.0000000000,12
2250,151,0.5839271251,47074864.0000000000,6
2250,152,0.5828557995,47074864.0000000000,5
2300,0,0.2288459090,302962736.0000000000,6
2300,1,0.1861070180,261729488.0000000000,9
2300,2,0.1333828770,213533184.0000000000,8
2300,3,0.1502310970,211512048.0000000000,13
2300,4,0.1316575290,211301040.0000000000,7
2300,5,0.1330680050,212371216.0000000000,11
2300,6,0.1883170820,261096352.0000000000,10
2300,7,0.3841227720,418780592.0000000000,28
2300,8,0.3044258160,369898320.0000000000,5
2300,9,0.3542353840,454459472.0000000000,29
2300,10,0.3893761640,480998544.0000000000,27
2300,11,0.4108564120,492005344.0000000000,15
2300,12,0.4136440700,494890432.0000000000,14
2300,13,0.3820791380,471214368.0000000000,17
2300,14,0.4018295780,494946176.0000000000,12
2300,15,0.4081910180,490942576.0000000000,16
2300,16,0.3269747870,427440192.0000000000,23
2300,17,0.3091705480,415231248.0000000000,4
2300,18,0.3257112870,436347504.0000000000,1
2300,19,0.3256130630,436509328.0000000000,9
2300,20,0.3260021250,436509344.0000000000,10
2300,21,0.3342073340,441160592.0000000000,31
2300,22,0.3633278510,465744704.0000000000,30
2300,23,0.3334635710,440996848.0000000000,26
2300,24,0.3253575210,436512704.0000000000,5
2300,25,0.3255407860,436515392.0000000000,6
2300,26,0.3256231960,436352208.0000000000,0
2300,27,0.3254874660,436351920.0000000000,2
2300,28,0.3255515820,436510464.0000000000,8
2300,29,0.3255997700,436510032.0000000000,1
2300,30,0.3256090770,436510352.0000000000,7
2300,31,0.3256011340,436510720.0000000000,0
2300,32,0.3259179290,436510128.0000000000,13
2300,33,0.3260062750,436505296.0000000000,3
2300,34,0.3256343370,436513824.0000000000,2
2300,35,0.3256490710,436347504.0000000000,21
2300,36,0.3249306620,435464176.0000000000,4
2300,37,0.3259843600,436491552.0000000000,11
2300,38,0.3259214030,436530960.0000000000,25
2300,39,0.3263567320,436496272.0000000000,22
2300,40,0.3264022000,436533872.0000000000,24
2300,41,0.3257375820,436504912.0000000000,18
2300,42,0.3261357040,436514272.0000000000,20
2300,43,0.3258547990,436498512.0000000000,19
2300,44,0.3250664240,435476560.0000000000,3
2300,45,0.0837427330,131882032.0000000000,23
2300,46,0.0839179120,132145008.0000000000,20
2300,47,0.0837597840,132150880.0000000000,22
2300,48,0.0821742740,132146000.0000000000,18
2300,49,0.0837628020,132133024.0000000000,21
2300,50,0.0839031840,132142768.0000000000,25
2300,51,0.0837418320,132146624.0000000000,24
2300,52,0.0837995330,132127088.0000000000,19
2300,53,0.0835828780,131887872.0000000000,26
2300,54,0.0206515720,54827568.0000000000,31
2300,55,0.0207087470,54827568.0000000000,20
2300,56,0.0206081630,54827568.0000000000,18
2300,57,0.0206467040,54827568.0000000000,30
2300,58,0.0206261120,54827568.0000000000,28
2300,59,0.0206248710,54827568.0000000000,31
2300,60,0.0205739580,54827568.0000000000,19
2300,61,0.0206128110,54827568.0000000000,16
2300,62,0.0206426160,54827568.0000000000,30
2300,63,0.0206738400,54827568.0000000000,26
2300,64,0.0206418970,54827568.0000000000,21
2300,65,0.0206411320,54827568.0000000000,28
2300,66,0.0206601080,54827568.0000000000,31
2300,67,0.0206671090,54827568.0000000000,27
2300,68,0.0206192640,54827568.0000000000,27
2300,69,0.0207115530,54827568.0000000000,26
2300,70,0.0206990250,54827568.0000000000,15
2300,71,0.0206910390,54827568.0000000000,30
2300,72,0.0205585130,54827568.0000000000,29
2300,73,0.0206254450,54827568.0000000000,22
2300,74,0.0205845270,54827568.0000000000,16
2300,75,0.0206875260,54827568.0000000000,24
2300,76,0.0207294670,54827568.0000000000,24
2300,77,0.0206006380,54827568.0000000000,18
2300,78,0.0206921530,54827568.0000000000,30
2300,79,0.0205954340,54827568.0000000000,29
2300,80,0.0205544120,54827568.0000000000,29
2300,81,0.0206421180,54827568.0000000000,16
2300,82,0.0206656740,54827568.0000000000,19
2300,83,0.0206326340,54827568.0000000000,12
2300,84,0.0206787140,54827568.0000000000,28
2300,85,0.0206510560,54827568.0000000000,21
2300,86,0.0206636690,54827568.0000000000,22
2300,87,0.0206503330,54827568.0000000000,31
2300,88,0.0206103100,54827568.0000000000,15
2300,89,0.0206642170,54827568.0000000000,14
2300,90,0.0206311560,54827568.0000000000,17
2300,91,0.0206364980,54827568.0000000000,25
2300,92,0.0206716740,54827568.0000000000,20
2300,93,0.0207081220,54827568.0000000000,12
2300,94,0.0207110810,54827568.0000000000,23
2300,95,0.0205664330,54827568.0000000000,25
2300,96,0.0205635390,54827568.0000000000,18
2300,97,0.0206787210,54827568.0000000000,25
2300,98,0.0205719530,54827568.0000000000,27
2300,99,0.0206721430,54827568.0000000000,31
2300,100,0.0206118450,54827568.0000000000,29
2300,101,0.0205748180,54827568.0000000000,19
2300,102,0.0206687400,54827568.0000000000,22
2300,103,0.0206582710,54827568.0000000000,27
2300,104,0.0206794270,54827568.0000000000,30
2300,105,0.0206874550,54827568.0000000000,24
2300,106,0.0206231410,54827568.0000000000,21
2300,107,0.0206754670,54827568.0000000000,14
2300,108,0.0205905450,54827568.0000000000,28
2300,109,0.0206672140,54827568.0000000000,15
2300,110,0.0206893100,54827568.0000000000,17
2300,111,0.0207036280,54827568.0000000000,23
2300,112,0.0205866920,54827568.0000000000,17
2300,113,0.0205930290,54827568.0000000000,29
2300,114,0.0206533360,54827568.0000000000,28
2300,115,0.0207190070,54827568.0000000000,20
2300,116,0.0207626410,54827568.0000000000,23
2300,117,0.0178757920,47074864.0000000000,17
2300,118,0.0178374510,47074864.0000000000,7
2300,119,0.0178128310,47074864.0000000000,18
2300,120,0.0178412570,47074864.0000000000,7
2300,121,0.0178465160,47074864.0000000000,21
2300,122,0.0178984320,47074864.0000000000,12
2300,123,0.0178497990,47074864.0000000000,13
2300,124,0.0178789490,47074864.0000000000,26
2300,125,0.0178399410,47074864.0000000000,13
2300,126,0.0178063060,47074864.0000000000,16
2300,127,0.0178605230,47074864.0000000000,7
2300,128,0.0178306180,47074864.0000000000,27
2300,129,0.0178770200,47074864.0000000000,8
2300,130,0.0179002860,47074864.0000000000,14
2300,131,0.0178617140,47074864.0000000000,15
2300,132,0.0179129180,47074864.0000000000,11
2300,133,0.0178443170,47074864.0000000000,14
2300,134,0.0178751900,47074864.0000000000,20
2300,135,0.0178458240,47074864.0000000000,16
2300,136,0.0178469950,47074864.0000000000,15
2300,137,0.0178880930,47074864.0000000000,14
2300,138,0.0178580340,47074864.0000000000,13
2300,139,0.0178752900,47074864.0000000000,12
2300,140,0.0178567700,47074864.0000000000,8
2300,141,0.0179078680,47074864.0000000000,12
2300,142,0.0179191830,47074864.0000000000,22
2300,143,0.0179148830,47074864.0000000000,11
2300,144,0.0178857310,47074864.0000000000,23
2300,145,0.0178490460,47074864.0000000000,11
2300,146,0.0178395330,47074864.0000000000,17
2300,147,0.0178330100,47074864.0000000000,19
2300,148,0.0178320310,47074864.0000000000,7
2300,149,0.0177800890,47074864.0000000000,25
2300,150,0.0178690830,47074864.0000000000,26
2300,151,0.0178631810,47074864.0000000000,24
2300,152,0.0178560890,47074864.0000000000,8
2350,0,7.1714580399,302407200.0000000000,6
2350,1,5.7436301442,257160880.0000000000,9
2350,2,4.1980765899,213498096.0000000000,8
2350,3,4.1568811108,211572576.0000000000,13
2350,4,4.1294601760,211375744.0000000000,7
2350,5,4.1855658713,212340192.0000000000,11
2350,6,5.8478724360,258648128.0000000000,10
2350,7,11.5111868434,424557520.0000000000,28
2350,8,9.4975812115,369844416.0000000000,5
2350,9,11.0062779717,455343040.0000000000,29
2350,10,12.1581088802,483731680.0000000000,27
2350,11,12.7743414204,492260480.0000000000,15
2350,12,12.7439785769,488538160.0000000000,14
2350,13,11.7057333220,463843488.0000000000,17
2350,14,12.7626927493,487959424.0000000000,12
2350,15,12.6726989242,491523744.0000000000,16
2350,16,10.1767845772,426480144.0000000000,23
2350,17,9.6398038604,413856352.0000000000,4
2350,18,10.2274331518,436348512.0000000000,1
2350,19,10.2240329431,436510336.0000000000,9
2350,20,10.2373532973,436511024.0000000000,10
2350,21,10.5745305187,448574768.0000000000,31
2350,22,11.3963751064,474233856.0000000000,30
2350,23,10.5470120838,447883616.0000000000,26
2350,24,10.2239111220,436514832.0000000000,5
2350,25,10.2278186611,436510672.0000000000,6
2350,26,10.2230052693,436350256.0000000000,0
2350,27,10.2227085289,436349664.0000000000,2
2350,28,10.2276912309,436512704.0000000000,8
2350,29,10.2299159661,436510624.0000000000,1
2350,30,10.2326520237,436510032.0000000000,7
2350,31,10.2255305492,436511584.0000000000,0
2350,32,10.2316976311,436510592.0000000000,13
2350,33,10.2323902238,436505984.0000000000,3
2350,34,10.2249062051,436513536.0000000000,2
2350,35,10.2296029760,436348656.0000000000,21
2350,36,10.2089676296,435446912.0000000000,4
2350,37,10.2450210708,436488496.0000000000,11
2350,38,10.2373330249,436531184.0000000000,25
2350,39,10.2479939166,436494864.0000000000,22
2350,40,10.2482656085,436536480.0000000000,24
2350,41,10.2359018006,436501936.0000000000,18
2350,42,10.2456939424,436513248.0000000000,20
2350,43,10.2373442583,436499328.0000000000,19
2350,44,10.2147870281,435461152.0000000000,3
2350,45,2.6533849726,131877424.0000000000,23
2350,46,2.6564992335,132147584.0000000000,20
2350,47,2.6552322628,132153616.0000000000,22
2350,48,2.6516756745,132145504.0000000000,18
2350,49,2.6556003885,132135488.0000000000,21
2350,50,2.6512902625,132140256.0000000000,25
2350,51,2.6565676222,132150832.0000000000,24
2350,52,2.6528520481,132128880.0000000000,19
2350,53,2.6507893885,131882400.0000000000,26
2350,54,0.6741709861,54827568.0000000000,31
2350,55,0.6760053318,54827568.0000000000,20
2350,56,0.6733345757,54827568.0000000000,18
2350,57,0.6756802908,54827568.0000000000,30
2350,58,0.6742289302,54827568.0000000000,28
2350,59,0.6743144020,54827568.0000000000,31
2350,60,0.6735765245,54827568.0000000000,19
2350,61,0.6736147287,54827568.0000000000,16
2350,62,0.6754377120,54827568.0000000000,30
2350,63,0.6745887224,54827568.0000000000,26
2350,64,0.6751662690,54827568.0000000000,21
2350,65,0.6738370546,54827568.0000000000,28
2350,66,0.6740304129,54827568.0000000000,31
2350,67,0.6739237117,54827568.0000000000,27
2350,68,0.6738579758,54827568.0000000000,27
2350,69,0.6750969435,54827568.0000000000,26
2350,70,0.6749134439,54827568.0000000000,15
2350,71,0.6756308405,54827568.0000000000,30
2350,72,0.6724009593,54827568.0000000000,29
2350,73,0.6748014606,54827568.0000000000,22
2350,74,0.6738721674,54827568.0000000000,16
2350,75,0.6761122111,54827568.0000000000,24
2350,76,0.6754851246,54827568.0000000000,24
2350,77,0.6731822488,54827568.0000000000,18
2350,78,0.6755071152,54827568.0000000000,30
2350,79,0.6722497598,54827568.0000000000,29
2350,80,0.6727642677,54827568.0000000000,29
2350,81,0.6735225502,54827568.0000000000,16
2350,82,0.6734773752,54827568.0000000000,19
2350,83,0.6754267358,54827568.0000000000,12
2350,84,0.6742065104,54827568.0000000000,28
2350,85,0.6747966558,54827568.0000000000,21
2350,86,0.6748445492,54827568.0000000000,22
2350,87,0.6745674057,54827568.0000000000,31
2350,88,0.6744749478,54827568.0000000000,15
2350,89,0.6750748722,54827568.0000000000,14
2350,90,0.6745512366,54827568.0000000000,17
2350,91,0.6726241591,54827568.0000000000,25
2350,92,0.6755801860,54827568.0000000000,20
2350,93,0.6751427667,54827568.0000000000,12
2350,94,0.6754242226,54827568.0000000000,23
2350,95,0.6728130335,54827568.0000000000,25
2350,96,0.6731056492,54827568.0000000000,18
2350,97,0.6733025825,54827568.0000000000,25
2350,98,0.6734247908,54827568.0000000000,27
2350,99,0.6745381745,54827568.0000000000,31
2350,100,0.6721295043,54827568.0000000000,29
2350,101,0.6735551666,54827568.0000000000,19
2350,102,0.6747302408,54827568.0000000000,22
2350,103,0.6739698472,54827568.0000000000,27
2350,104,0.6757413364,54827568.0000000000,30
2350,105,0.6757582627,54827568.0000000000,24
2350,106,0.6752720090,54827568.0000000000,21
2350,107,0.6750907225,54827568.0000000000,14
2350,108,0.6736896609,54827568.0000000000,28
2350,109,0.6746636141,54827568.0000000000,15
2350,110,0.6744387849,54827568.0000000000,17
2350,111,0.6754280525,54827568.0000000000,23
2350,112,0.6741990139,54827568.0000000000,17
2350,113,0.6726583623,54827568.0000000000,29
2350,114,0.6737186671,54827568.0000000000,28
2350,115,0.6757543040,54827568.0000000000,20
2350,116,0.6754246488,54827568.0000000000,23
2350,117,0.5839686714,47074864.0000000000,17
2350,118,0.5830909717,47074864.0000000000,7
2350,119,0.5816667118,47074864.0000000000,18
2350,120,0.5829645085,47074864.0000000000,7
2350,121,0.5841221388,47074864.0000000000,21
2350,122,0.5845976684,47074864.0000000000,12
2350,123,0.5829403183,47074864.0000000000,13
2350,124,0.5833249275,47074864.0000000000,26
2350,125,0.5826914769,47074864.0000000000,13
2350,126,0.5822617334,47074864.0000000000,16
2350,127,0.5830449472,47074864.0000000000,7
2350,128,0.5825345112,47074864.0000000000,27
2350,129,0.5835515106,47074864.0000000000,8
2350,130,0.5839221140,47074864.0000000000,14
2350,131,0.5841542241,47074864.0000000000,15
2350,132,0.5848064405,47074864.0000000000,11
2350,133,0.5836433977,47074864.0000000000,14
2350,134,0.5842736340,47074864.0000000000,20
2350,135,0.5821122261,47074864.0000000000,16
2350,136,0.5842417391,47074864.0000000000,15
2350,137,0.5839105952,47074864.0000000000,14
2350,138,0.5825522280,47074864.0000000000,13
2350,139,0.5846197379,47074864.0000000000,12
2350,140,0.5839356527,47074864.0000000000,8
2350,141,0.5845250380,47074864.0000000000,12
2350,142,0.5840489721,47074864.0000000000,22
2350,143,0.5846942689,47074864.0000000000,11
2350,144,0.5842759503,47074864.0000000000,23
2350,145,0.5844327757,47074864.0000000000,11
2350,146,0.5836270251,47074864.0000000000,17
2350,147,0.5823869493,47074864.0000000000,19
2350,148,0.5827658593,47074864.0000000000,7
2350,149,0.5814841828,47074864.0000000000,25
2350,150,0.5834051027,47074864.0000000000,26
2350,151,0.5838594430,47074864.0000000000,24
2350,152,0.5837680609,47074864.0000000000,8
2400,0,0.2207190500,300607712.0000000000,6
2400,1,0.1711315400,252889456.0000000000,9
2400,2,0.1300889600,213512896.0000000000,8
2400,3,0.1287334320,211620608.0000000000,13
2400,4,0.1277366010,211464032.0000000000,7
2400,5,0.1301749080,212432416.0000000000,11
2400,6,0.1781208950,256221280.0000000000,10
2400,7,0.3657559020,429775840.0000000000,28
2400,8,0.2943154210,370084336.0000000000,5
2400,9,0.3463740800,457483680.0000000000,29
2400,10,0.3822378770,485156432.0000000000,27
2400,11,0.3980329020,492304768.0000000000,15
2400,12,0.3851583180,480822240.0000000000,14
2400,13,0.3518235450,455765792.0000000000,17
2400,14,0.3867754070,481189344.0000000000,12
2400,15,0.3938261310,491188608.0000000000,16
2400,16,0.3144138230,425546064.0000000000,23
2400,17,0.2973308430,412266832.0000000000,4
2400,18,0.3176275180,436346112.0000000000,1
2400,19,0.3175339980,436510160.0000000000,9
2400,20,0.3180206600,436507296.0000000000,10
2400,21,0.3396900810,455490096.0000000000,31
2400,22,0.3660209990,482047200.0000000000,30
2400,23,0.3372107570,453665728.0000000000,26
2400,24,0.3176950090,436517296.0000000000,5
2400,25,0.3177293750,436509888.0000000000,6
2400,26,0.3174794140,436351888.0000000000,0
2400,27,0.3175736450,436348928.0000000000,2
2400,28,0.3177644730,436509680.0000000000,8
2400,29,0.3176066310,436513392.0000000000,1
2400,30,0.3179787660,436506992.0000000000,7
2400,31,0.3175008350,436512016.0000000000,0
2400,32,0.3177236410,436512848.0000000000,13
2400,33,0.3178861300,436503792.0000000000,3
2400,34,0.3176011400,436510464.0000000000,2
2400,35,0.3176855380,436347280.0000000000,21
2400,36,0.3172810020,435425680.0000000000,4
2400,37,0.3183058990,436488656.0000000000,11
2400,38,0.3181731760,436533136.0000000000,25
2400,39,0.3184329970,436491920.0000000000,22
2400,40,0.3183756880,436537216.0000000000,24
2400,41,0.3180227320,436500480.0000000000,18
2400,42,0.3182820210,436515312.0000000000,20
2400,43,0.3179810420,436495792.0000000000,19
2400,44,0.3173943990,435438448.0000000000,3
2400,45,0.0822511850,131870960.0000000000,23
2400,46,0.0825243450,132150624.0000000000,20
2400,47,0.0822596630,132151840.0000000000,22
2400,48,0.0821571130,132141424.0000000000,18
2400,49,0.0824645400,132139040.0000000000,21
2400,50,0.0820976390,132141920.0000000000,25
2400,51,0.0821737200,132149584.0000000000,24
2400,52,0.0821065530,132131536.0000000000,19
2400,53,0.0821356940,131876976.0000000000,26
2400,54,0.0206226860,54827568.0000000000,31
2400,55,0.0207257500,54827568.0000000000,20
2400,56,0.0206140360,54827568.0000000000,18
2400,57,0.0206502200,54827568.0000000000,30
2400,58,0.0206270560,54827568.0000000000,28
2400,59,0.0206350410,54827568.0000000000,31
2400,60,0.0206001470,54827568.0000000000,19
2400,61,0.0205729640,54827568.0000000000,16
2400,62,0.0206860100,54827568.0000000000,30
2400,63,0.0206593640,54827568.0000000000,26
2400,64,0.0206279200,54827568.0000000000,21
2400,65,0.0206407420,54827568.0000000000,28
2400,66,0.0206474450,54827568.0000000000,31
2400,67,0.0206667500,54827568.0000000000,27
2400,68,0.0206081830,54827568.0000000000,27
2400,69,0.0206531340,54827568.0000000000,26
2400,70,0.0206012050,54827568.0000000000,15
2400,71,0.0206548800,54827568.0000000000,30
2400,72,0.0205304270,54827568.0000000000,29
2400,73,0.0206564570,54827568.0000000000,22
2400,74,0.0206113400,54827568.0000000000,16
2400,75,0.0207478740,54827568.0000000000,24
2400,76,0.0206722190,54827568.0000000000,24
2400,77,0.0205992550,54827568.0000000000,18
2400,78,0.0207162680,54827568.0000000000,30
2400,79,0.0206517130,54827568.0000000000,29
2400,80,0.0205812250,54827568.0000000000,29
2400,81,0.0206622570,54827568.0000000000,16
2400,82,0.0206201280,54827568.0000000000,19
2400,83,0.0207044830,54827568.0000000000,12
2400,84,0.0205849620,54827568.0000000000,28
2400,85,0.0207134050,54827568.0000000000,21
2400,86,0.0206820250,54827568.0000000000,22
2400,87,0.0206466520,54827568.0000000000,31
2400,88,0.0206370340,54827568.0000000000,15
2400,89,0.0205806650,54827568.0000000000,14
2400,90,0.0206059080,54827568.0000000000,17
2400,91,0.0206383110,54827568.0000000000,25
2400,92,0.0206955010,54827568.0000000000,20
2400,93,0.0206960820,54827568.0000000000,12
2400,94,0.0206590000,54827568.0000000000,23
2400,95,0.0206416600,54827568.0000000000,25
2400,96,0.0205660420,54827568.0000000000,18
2400,97,0.0205604220,54827568.0000000000,25
2400,98,0.0207039500,54827568.0000000000,27
2400,99,0.0206826650,54827568.0000000000,31
2400,100,0.0206070750,54827568.0000000000,29
2400,101,0.0206623890,54827568.0000000000,19
2400,102,0.0207090080,54827568.0000000000,22
2400,103,0.0206342270,54827568.0000000000,27
2400,104,0.0207169600,54827568.0000000000,30
2400,105,0.0206505070,54827568.0000000000,24
2400,106,0.0206795510,54827568.0000000000,21
2400,107,0.0206773620,54827568.0000000000,14
2400,108,0.0205477430,54827568.0000000000,28
2400,109,0.0206506800,54827568.0000000000,15
2400,110,0.0207053200,54827568.0000000000,17
2400,111,0.0206748110,54827568.0000000000,23
2400,112,0.0206749110,54827568.0000000000,17
2400,113,0.0205347250,54827568.0000000000,29
2400,114,0.0206369860,54827568.0000000000,28
2400,115,0.0207064110,54827568.0000000000,20
2400,116,0.0205897260,54827568.0000000000,23
2400,117,0.0178595600,47074864.0000000000,17
2400,118,0.0178755650,47074864.0000000000,7
2400,119,0.0178180480,47074864.0000000000,18
2400,120,0.0178476300,47074864.0000000000,7
2400,121,0.0179053790,47074864.0000000000,21
2400,122,0.0178962880,47074864.0000000000,12
2400,123,0.0178669120,47074864.0000000000,13
2400,124,0.0178573210,47074864.0000000000,26
2400,125,0.0178369610,47074864.0000000000,13
2400,126,0.0178398020,47074864.0000000000,16
2400,127,0.0178114800,47074864.0000000000,7
2400,128,0.0178343050,47074864.0000000000,27
2400,129,0.0179132520,47074864.0000000000,8
2400,130,0.0178367230,47074864.0000000000,14
2400,131,0.0178813710,47074864.0000000000,15
2400,132,0.0179019500,47074864.0000000000,11
2400,133,0.0178764600,47074864.0000000000,14
2400,134,0.0178834460,47074864.0000000000,20
2400,135,0.0177996140,47074864.0000000000,16
2400,136,0.0178785850,47074864.0000000000,15
2400,137,0.0178668600,47074864.0000000000,14
2400,138,0.0178273240,47074864.0000000000,13
2400,139,0.0179011070,47074864.0000000000,12
2400,140,0.0178324860,47074864.0000000000,8
2400,141,0.0178971310,47074864.0000000000,12
2400,142,0.0178988380,47074864.0000000000,22
2400,143,0.0179106670,47074864.0000000000,11
2400,144,0.0178955720,47074864.0000000000,23
2400,145,0.0178902760,47074864.0000000000,11
2400,146,0.0178519040,47074864.0000000000,17
2400,147,0.0178437290,47074864.0000000000,19
2400,148,0.0178201450,47074864.0000000000,7
2400,149,0.0178301090,47074864.0000000000,25
2400,150,0.0178241580,47074864.0000000000,26
2400,151,0.0178665570,47074864.0000000000,24
2400,152,0.0178688240,47074864.0000000000,8
2450,0,7.0922344382,298225520.0000000000,6
2450,1,5.4827943357,250497152.0000000000,9
2450,2,4.2018655338,213386576.0000000000,8
2450,3,4.1589884320,211632064.0000000000,13
2450,4,4.1179710840,211504544.0000000000,7
2450,5,4.2000523917,212721280.0000000000,11
2450,6,5.6811006684,253673824.0000000000,10
2450,7,11.8788346787,434341872.0000000000,28
2450,8,9.5168234534,370862032.0000000000,5
2450,9,11.2335293144,460357104.0000000000,29
2450,10,12.3286216700,486220208.0000000000,27
2450,11,12.8073210849,492202256.0000000000,15
2450,12,12.2076869633,472978560.0000000000,14
2450,13,11.1865708136,449391824.0000000000,17
2450,14,12.3075457459,474952048.0000000000,12
2450,15,12.6920749964,490880880.0000000000,16
2450,16,10.1228789550,424962000.0000000000,23
2450,17,9.5578535244,410992944.0000000000,4
2450,18,10.2259854144,436349120.0000000000,1
2450,19,10.2214751946,436509264.0000000000,9
2450,20,10.2347825356,436505760.0000000000,10
2450,21,11.1063265012,463197488.0000000000,31
2450,22,11.8982833424,487147568.0000000000,30
2450,23,10.9827294745,459342448.0000000000,26
2450,24,10.2216052272,436515584.0000000000,5
2450,25,10.2246425907,436508032.0000000000,6
2450,26,10.2197787395,436347024.0000000000,0
2450,27,10.2206590108,436346512.0000000000,2
2450,28,10.2240940519,436508688.0000000000,8
2450,29,10.2268391293,436507664.0000000000,1
2450,30,10.2295883956,436510352.0000000000,7
2450,31,10.2226475960,436510928.0000000000,0
2450,32,10.2287044687,436509344.0000000000,13
2450,33,10.2294296021,436509584.0000000000,3
2450,34,10.2223385250,436514224.0000000000,2
2450,35,10.2272313424,436343936.0000000000,21
2450,36,10.2075114192,435404032.0000000000,4
2450,37,10.2442812131,436488320.0000000000,11
2450,38,10.2357860692,436538352.0000000000,25
2450,39,10.2446778133,436487312.0000000000,22
2450,40,10.2456046959,436538784.0000000000,24
2450,41,10.2334007110,436497904.0000000000,18
2450,42,10.2440161620,436517744.0000000000,20
2450,43,10.2358819516,436496288.0000000000,19
2450,44,10.2136353065,435414240.0000000000,3
2450,45,2.6530019731,131866560.0000000000,23
2450,46,2.6572879654,132154016.0000000000,20
2450,47,2.6547381748,132150048.0000000000,22
2450,48,2.6518775051,132142208.0000000000,18
2450,49,2.6546414002,132142128.0000000000,21
2450,50,2.6512854785,132141568.0000000000,25
2450,51,2.6559808280,132147040.0000000000,24
2450,52,2.6518751987,132132976.0000000000,19
2450,53,2.6496903157,131870656.0000000000,26
2450,54,0.6745545834,54827568.0000000000,31
2450,55,0.6759137168,54827568.0000000000,20
2450,56,0.6733851041,54827568.0000000000,18
2450,57,0.6755255723,54827568.0000000000,30
2450,58,0.6741108470,54827568.0000000000,28
2450,59,0.6745698825,54827568.0000000000,31
2450,60,0.6741500539,54827568.0000000000,19
2450,61,0.6733313958,54827568.0000000000,16
2450,62,0.6756630426,54827568.0000000000,30
2450,63,0.6749277099,54827568.0000000000,26
2450,64,0.6752974153,54827568.0000000000,21
2450,65,0.6735498492,54827568.0000000000,28
2450,66,0.6741758931,54827568.0000000000,31
2450,67,0.6739080752,54827568.0000000000,27
2450,68,0.6737507463,54827568.0000000000,27
2450,69,0.6747646155,54827568.0000000000,26
2450,70,0.6741630006,54827568.0000000000,15
2450,71,0.6757570434,54827568.0000000000,30
2450,72,0.6725946901,54827568.0000000000,29
2450,73,0.6753812597,54827568.0000000000,22
2450,74,0.6737654564,54827568.0000000000,16
2450,75,0.6756298387,54827568.0000000000,24
2450,76,0.6755697906,54827568.0000000000,24
2450,77,0.6734829997,54827568.0000000000,18
2450,78,0.6759677438,54827568.0000000000,30
2450,79,0.6729028972,54827568.0000000000,29
2450,80,0.6726143888,54827568.0000000000,29
2450,81,0.6735458387,54827568.0000000000,16
2450,82,0.6733495063,54827568.0000000000,19
2450,83,0.6752187901,54827568.0000000000,12
2450,84,0.6735369658,54827568.0000000000,28
2450,85,0.6754357095,54827568.0000000000,21
2450,86,0.6746947668,54827568.0000000000,22
2450,87,0.6744248056,54827568.0000000000,31
2450,88,0.6744228187,54827568.0000000000,15
2450,89,0.6748189346,54827568.0000000000,14
2450,90,0.6746096810,54827568.0000000000,17
2450,91,0.6725315353,54827568.0000000000,25
2450,92,0.6757079322,54827568.0000000000,20
2450,93,0.6754260257,54827568.0000000000,12
2450,94,0.6757085385,54827568.0000000000,23
2450,95,0.6727697149,54827568.0000000000,25
2450,96,0.6729718782,54827568.0000000000,18
2450,97,0.6730771869,54827568.0000000000,25
2450,98,0.6734969199,54827568.0000000000,27
2450,99,0.6740172438,54827568.0000000000,31
2450,100,0.6720913279,54827568.0000000000,29
2450,101,0.6738660595,54827568.0000000000,19
2450,102,0.6746765637,54827568.0000000000,22
2450,103,0.6737445507,54827568.0000000000,27
2450,104,0.6753254492,54827568.0000000000,30
2450,105,0.6757010228,54827568.0000000000,24
2450,106,0.6750895797,54827568.0000000000,21
2450,107,0.6753311355,54827568.0000000000,14
2450,108,0.6739418033,54827568.0000000000,28
2450,109,0.6743529487,54827568.0000000000,15
2450,110,0.6744701043,54827568.0000000000,17
2450,111,0.6751826772,54827568.0000000000,23
2450,112,0.6744338447,54827568.0000000000,17
2450,113,0.6723793300,54827568.0000000000,29
2450,114,0.6740018166,54827568.0000000000,28
2450,115,0.6754246976,54827568.0000000000,20
2450,116,0.6753292301,54827568.0000000000,23
2450,117,0.5837284098,47074864.0000000000,17
2450,118,0.5828882915,47074864.0000000000,7
2450,119,0.5816637119,47074864.0000000000,18
2450,120,0.5829977702,47074864.0000000000,7
2450,121,0.5838874019,47074864.0000000000,21
2450,122,0.5846253153,47074864.0000000000,12
2450,123,0.5829431262,47074864.0000000000,13
2450,124,0.5832435128,47074864.0000000000,26
2450,125,0.5826396439,47074864.0000000000,13
2450,126,0.5824946754,47074864.0000000000,16
2450,127,0.5830055111,47074864.0000000000,7
2450,128,0.5824409998,47074864.0000000000,27
2450,129,0.5836334228,47074864.0000000000,8
2450,130,0.5838978611,47074864.0000000000,14
2450,131,0.5842333726,47074864.0000000000,15
2450,132,0.5851313030,47074864.0000000000,11
2450,133,0.5841111944,47074864.0000000000,14
2450,134,0.5839365747,47074864.0000000000,20
2450,135,0.5821527843,47074864.0000000000,16
2450,136,0.5842251773,47074864.0000000000,15
2450,137,0.5840454978,47074864.0000000000,14
2450,138,0.5826021398,47074864.0000000000,13
2450,139,0.5847472141,47074864.0000000000,12
2450,140,0.5838132666,47074864.0000000000,8
2450,141,0.5844809906,47074864.0000000000,12
2450,142,0.5840847994,47074864.0000000000,22
2450,143,0.5845513328,47074864.0000000000,11
2450,144,0.5844795446,47074864.0000000000,23
2450,145,0.5845334776,47074864.0000000000,11
2450,146,0.5835576303,47074864.0000000000,17
2450,147,0.5824630143,47074864.0000000000,19
2450,148,0.5828776581,47074864.0000000000,7
2450,149,0.5814594760,47074864.0000000000,25
2450,150,0.5834445867,47074864.0000000000,26
2450,151,0.5838057869,47074864.0000000000,24
2450,152,0.5836317892,47074864.0000000000,8
2500,0,0.2166286060,294995920.0000000000,6
2500,1,0.1680929410,248857552.0000000000,9
2500,2,0.1311000420,213199280.0000000000,8
2500,3,0.1291741450,211600432.0000000000,13
2500,4,0.1275956290,211537968.0000000000,7
2500,5,0.1306264580,212954544.0000000000,11
2500,6,0.1726290830,250531920.0000000000,10
2500,7,0.3761143040,437591232.0000000000,28
2500,8,0.2993672740,372228336.0000000000,5
2500,9,0.3554682260,463927824.0000000000,29
2500,10,0.3861533810,487181168.0000000000,27
2500,11,0.3989502980,491863808.0000000000,15
2500,12,0.3689443930,465532496.0000000000,14
2500,13,0.3429574590,445715776.0000000000,17
2500,14,0.3741331000,468868832.0000000000,12
2500,15,0.3954867500,490646320.0000000000,16
2500,16,0.3149098900,424771856.0000000000,23
2500,17,0.2955739830,409803088.0000000000,4
2500,18,0.3177739220,436345184.0000000000,1
2500,19,0.3176396410,436503600.0000000000,9
2500,20,0.3183687680,436639936.0000000000,10
2500,21,0.3560691800,469548896.0000000000,31
2500,22,0.3755426650,490216032.0000000000,30
2500,23,0.3501788360,464410560.0000000000,26
2500,24,0.3175889080,436513264.0000000000,5
2500,25,0.3177329540,436509568.0000000000,6
2500,26,0.3177516160,436342224.0000000000,0
2500,27,0.3176988560,436343008.0000000000,2
2500,28,0.3176997360,436517696.0000000000,8
2500,29,0.3178183470,436505360.0000000000,1
2500,30,0.3180544420,436508800.0000000000,7
2500,31,0.3175638360,436512112.0000000000,0
2500,32,0.3177827410,436510768.0000000000,13
2500,33,0.3179508710,436510336.0000000000,3
2500,34,0.3175727460,436511968.0000000000,2
2500,35,0.3177597180,436342560.0000000000,21
2500,36,0.3171696600,435382928.0000000000,4
2500,37,0.3186207100,436474256.0000000000,11
2500,38,0.3180461250,436545104.0000000000,25
2500,39,0.3181917970,436484464.0000000000,22
2500,40,0.3183778970,436536528.0000000000,24
2500,41,0.3179367750,436493632.0000000000,18
2500,42,0.3181593020,436516736.0000000000,20
2500,43,0.3179712830,436504656.0000000000,19
2500,44,0.3173164190,435386384.0000000000,3
2500,45,0.0821308690,131859424.0000000000,23
2500,46,0.0823218780,132157472.0000000000,20
2500,47,0.0823199530,132148432.0000000000,22
2500,48,0.0820674180,132143392.0000000000,18
2500,49,0.0822631630,132143136.0000000000,21
2500,50,0.0820942650,132142720.0000000000,25
2500,51,0.0822075270,132147472.0000000000,24
2500,52,0.0821541820,132129152.0000000000,19
2500,53,0.0821232950,131866880.0000000000,26
2500,54,0.0206441470,54827568.0000000000,31
2500,55,0.0206384910,54827568.0000000000,20
2500,56,0.0206270490,54827568.0000000000,18
2500,57,0.0206786860,54827568.0000000000,30
2500,58,0.0206736650,54827568.0000000000,28
2500,59,0.0206111140,54827568.0000000000,31
2500,60,0.0206080330,54827568.0000000000,19
2500,61,0.0206107180,54827568.0000000000,16
2500,62,0.0206157440,54827568.0000000000,30
2500,63,0.0205973450,54827568.0000000000,26
2500,64,0.0206536500,54827568.0000000000,21
2500,65,0.0206566940,54827568.0000000000,28
2500,66,0.0206612000,54827568.0000000000,31
2500,67,0.0206203710,54827568.0000000000,27
2500,68,0.0206273930,54827568.0000000000,27
2500,69,0.0206959050,54827568.0000000000,26
2500,70,0.0206738970,54827568.0000000000,15
2500,71,0.0206597680,54827568.0000000000,30
2500,72,0.0205630670,54827568.0000000000,29
2500,73,0.0207012320,54827568.0000000000,22
2500,74,0.0205786570,54827568.0000000000,16
2500,75,0.0206635920,54827568.0000000000,24
2500,76,0.0206415310,54827568.0000000000,24
2500,77,0.0206454050,54827568.0000000000,18
2500,78,0.0207001350,54827568.0000000000,30
2500,79,0.0206866010,54827568.0000000000,29
2500,80,0.0206278860,54827568.0000000000,29
2500,81,0.0205962110,54827568.0000000000,16
2500,82,0.0206277290,54827568.0000000000,19
2500,83,0.0206773640,54827568.0000000000,12
2500,84,0.0205574890,54827568.0000000000,28
2500,85,0.0207084060,54827568.0000000000,21
2500,86,0.0207212430,54827568.0000000000,22
2500,87,0.0206757070,54827568.0000000000,31
2500,88,0.0205681700,54827568.0000000000,15
2500,89,0.0206872010,54827568.0000000000,14
2500,90,0.0206472180,54827568.0000000000,17
2500,91,0.0205755220,54827568.0000000000,25
2500,92,0.0207206520,54827568.0000000000,20
2500,93,0.0207552340,54827568.0000000000,12
2500,94,0.0206730070,54827568.0000000000,23
2500,95,0.0205863330,54827568.0000000000,25
2500,96,0.0206097550,54827568.0000000000,18
2500,97,0.0205971540,54827568.0000000000,25
2500,98,0.0206510090,54827568.0000000000,27
2500,99,0.0206735850,54827568.0000000000,31
2500,100,0.0205897930,54827568.0000000000,29
2500,101,0.0206362590,54827568.0000000000,19
2500,102,0.0206573470,54827568.0000000000,22
2500,103,0.0206484330,54827568.0000000000,27
2500,104,0.0207096330,54827568.0000000000,30
2500,105,0.0206354780,54827568.0000000000,24
2500,106,0.0206439330,54827568.0000000000,21
2500,107,0.0206768010,54827568.0000000000,14
2500,108,0.0205995110,54827568.0000000000,28
2500,109,0.0206537450,54827568.0000000000,15
2500,110,0.0206624470,54827568.0000000000,17
2500,111,0.0206614760,54827568.0000000000,23
2500,112,0.0206304840,54827568.0000000000,17
2500,113,0.0205642830,54827568.0000000000,29
2500,114,0.0206436580,54827568.0000000000,28
2500,115,0.0206770140,54827568.0000000000,20
2500,116,0.0206811760,54827568.0000000000,23
2500,117,0.0179039760,47074864.0000000000,17
2500,118,0.0178105480,47074864.0000000000,7
2500,119,0.0178113280,47074864.0000000000,18
2500,120,0.0178616170,47074864.0000000000,7
2500,121,0.0178880760,47074864.0000000000,21
2500,122,0.0179113470,47074864.0000000000,12
2500,123,0.0178353210,47074864.0000000000,13
2500,124,0.0178987600,47074864.0000000000,26
2500,125,0.0178221650,47074864.0000000000,13
2500,126,0.0178608130,47074864.0000000000,16
2500,127,0.0178408390,47074864.0000000000,7
2500,128,0.0178362500,47074864.0000000000,27
2500,129,0.0178553890,47074864.0000000000,8
2500,130,0.0178904060,47074864.0000000000,14
2500,131,0.0178564110,47074864.0000000000,15
2500,132,0.0179254150,47074864.0000000000,11
2500,133,0.0179008370,47074864.0000000000,14
2500,134,0.0178559430,47074864.0000000000,20
2500,135,0.0178054460,47074864.0000000000,16
2500,136,0.0178868300,47074864.0000000000,15
2500,137,0.0178840640,47074864.0000000000,14
2500,138,0.0178279670,47074864.0000000000,13
2500,139,0.0179151550,47074864.0000000000,12
2500,140,0.0178541360,47074864.0000000000,8
2500,141,0.0178732750,47074864.0000000000,12
2500,142,0.0178613740,47074864.0000000000,22
2500,143,0.0179205050,47074864.0000000000,11
2500,144,0.0178532990,47074864.0000000000,23
2500,145,0.0179135820,47074864.0000000000,11
2500,146,0.0178478790,47074864.0000000000,17
2500,147,0.0178282410,47074864.0000000000,19
2500,148,0.0178247680,47074864.0000000000,7
2500,149,0.0177954910,47074864.0000000000,25
2500,150,0.0178274040,47074864.0000000000,26
2500,151,0.0178406770,47074864.0000000000,24
2500,152,0.0178613330,47074864.0000000000,8
2550,0,6.8875158640,291363952.0000000000,6
2550,1,5.3870440931,247521408.0000000000,9
2550,2,4.2243868179,212994624.0000000000,8
2550,3,4.1651660793,211591664.0000000000,13
2550,4,4.1130467252,211596144.0000000000,7
2550,5,4.2084418733,213137072.0000000000,11
2550,6,5.4971311095,247761840.0000000000,10
2550,7,12.1311810427,439220448.0000000000,28
2550,8,9.6726610896,373997296.0000000000,5
2550,9,11.5122950823,468213744.0000000000,29
2550,10,12.4286924655,488022064.0000000000,27
2550,11,12.7909407667,490455504.0000000000,15
2550,12,11.7571768290,460629328.0000000000,14
2550,13,10.9305037604,441725280.0000000000,17
2550,14,11.9227758889,464082000.0000000000,12
2550,15,12.7298326861,490531296.0000000000,16
2550,16,10.1427069361,425263536.0000000000,23
2550,17,9.4985997494,408894928.0000000000,4
2550,18,10.2278867335,436341312.0000000000,1
2550,19,10.2210874857,436506400.0000000000,9
2550,20,10.2823363239,437921552.0000000000,10
2550,21,11.5634635405,473904576.0000000000,31
2550,22,12.1606567482,493700688.0000000000,30
2550,23,11.3604539142,468825040.0000000000,26
2550,24,10.2212753472,436512704.0000000000,5
2550,25,10.2245522173,436511136.0000000000,6
2550,26,10.2239621551,436343056.0000000000,0
2550,27,10.2239205576,436338704.0000000000,2
2550,28,10.2245415409,436513968.0000000000,8
2550,29,10.2259264219,436510384.0000000000,1
2550,30,10.2299825753,436506160.0000000000,7
2550,31,10.2227895354,436511312.0000000000,0
2550,32,10.2284570751,436511472.0000000000,13
2550,33,10.2317869892,436506528.0000000000,3
2550,34,10.2226816306,436513712.0000000000,2
2550,35,10.2275432127,436338784.0000000000,21
2550,36,10.2087847171,435361632.0000000000,4
2550,37,10.2450716887,436473536.0000000000,11
2550,38,10.2355911908,436543648.0000000000,25
2550,39,10.2444943295,436485536.0000000000,22
2550,40,10.2459408279,436536384.0000000000,24
2550,41,10.2338892926,436498144.0000000000,18
2550,42,10.2442951330,436519328.0000000000,20
2550,43,10.2355805738,436502432.0000000000,19
2550,44,10.2110241162,435368080.0000000000,3
2550,45,2.6528173347,131854256.0000000000,23
2550,46,2.6571657624,132159456.0000000000,20
2550,47,2.6559641922,132148368.0000000000,22
2550,48,2.6515421386,132142880.0000000000,18
2550,49,2.6559896152,132144224.0000000000,21
2550,50,2.6512765256,132139632.0000000000,25
2550,51,2.6565523487,132151440.0000000000,24
2550,52,2.6524914084,132129728.0000000000,19
2550,53,2.6503304982,131860144.0000000000,26
2550,54,0.6742748772,54827568.0000000000,31
2550,55,0.6758780091,54827568.0000000000,20
2550,56,0.6729626919,54827568.0000000000,18
2550,57,0.6753564532,54827568.0000000000,30
2550,58,0.6744811689,54827568.0000000000,28
2550,59,0.6741195303,54827568.0000000000,31
2550,60,0.6736538636,54827568.0000000000,19
2550,61,0.6735915685,54827568.0000000000,16
2550,62,0.6754577281,54827568.0000000000,30
2550,63,0.6751030744,54827568.0000000000,26
2550,64,0.6751249849,54827568.0000000000,21
2550,65,0.6737164585,54827568.0000000000,28
2550,66,0.6740575282,54827568.0000000000,31
2550,67,0.6740247691,54827568.0000000000,27
2550,68,0.6736362004,54827568.0000000000,27
2550,69,0.6750012229,54827568.0000000000,26
2550,70,0.6746108432,54827568.0000000000,15
2550,71,0.6754253988,54827568.0000000000,30
2550,72,0.6722972251,54827568.0000000000,29
2550,73,0.6746027793,54827568.0000000000,22
2550,74,0.6736467420,54827568.0000000000,16
2550,75,0.6757371563,54827568.0000000000,24
2550,76,0.6756173349,54827568.0000000000,24
2550,77,0.6730326546,54827568.0000000000,18
2550,78,0.6751825898,54827568.0000000000,30
2550,79,0.6728701945,54827568.0000000000,29
2550,80,0.6725693916,54827568.0000000000,29
2550,81,0.6738270039,54827568.0000000000,16
2550,82,0.6733861407,54827568.0000000000,19
2550,83,0.6751950278,54827568.0000000000,12
2550,84,0.6739702383,54827568.0000000000,28
2550,85,0.6752663271,54827568.0000000000,21
2550,86,0.6747138374,54827568.0000000000,22
2550,87,0.6745690775,54827568.0000000000,31
2550,88,0.6746341902,54827568.0000000000,15
2550,89,0.6752385727,54827568.0000000000,14
2550,90,0.6746741714,54827568.0000000000,17
2550,91,0.6728215041,54827568.0000000000,25
2550,92,0.6754368138,54827568.0000000000,20
2550,93,0.6757094589,54827568.0000000000,12
2550,94,0.6755896023,54827568.0000000000,23
2550,95,0.6728119456,54827568.0000000000,25
2550,96,0.6730182376,54827568.0000000000,18
2550,97,0.6725892577,54827568.0000000000,25
2550,98,0.6738335808,54827568.0000000000,27
2550,99,0.6746273290,54827568.0000000000,31
2550,100,0.6725346963,54827568.0000000000,29
2550,101,0.6733840169,54827568.0000000000,19
2550,102,0.6747110161,54827568.0000000000,22
2550,103,0.6735248183,54827568.0000000000,27
2550,104,0.6753122956,54827568.0000000000,30
2550,105,0.6755297126,54827568.0000000000,24
2550,106,0.6751342746,54827568.0000000000,21
2550,107,0.6753379402,54827568.0000000000,14
2550,108,0.6738247862,54827568.0000000000,28
2550,109,0.6744571833,54827568.0000000000,15
2550,110,0.6745446174,54827568.0000000000,17
2550,111,0.6752705202,54827568.0000000000,23
2550,112,0.6745307215,54827568.0000000000,17
2550,113,0.6726949074,54827568.0000000000,29
2550,114,0.6740922258,54827568.0000000000,28
2550,115,0.6755352807,54827568.0000000000,20
2550,116,0.6752810539,54827568.0000000000,23
2550,117,0.5839402595,47074864.0000000000,17
2550,118,0.5829781163,47074864.0000000000,7
2550,119,0.5815800654,47074864.0000000000,18
2550,120,0.5829655208,47074864.0000000000,7
2550,121,0.5842238182,47074864.0000000000,21
2550,122,0.5845219718,47074864.0000000000,12
2550,123,0.5828842368,47074864.0000000000,13
2550,124,0.5834542524,47074864.0000000000,26
2550,125,0.5829641971,47074864.0000000000,13
2550,126,0.5822378237,47074864.0000000000,16
2550,127,0.5828327137,47074864.0000000000,7
2550,128,0.5822666544,47074864.0000000000,27
2550,129,0.5835155637,47074864.0000000000,8
2550,130,0.5837546007,47074864.0000000000,14
2550,131,0.5843281535,47074864.0000000000,15
2550,132,0.5850062766,47074864.0000000000,11
2550,133,0.5838760746,47074864.0000000000,14
2550,134,0.5839224497,47074864.0000000000,20
2550,135,0.5821909210,47074864.0000000000,16
2550,136,0.5843996287,47074864.0000000000,15
2550,137,0.5838213063,47074864.0000000000,14
2550,138,0.5825668487,47074864.0000000000,13
2550,139,0.5844710538,47074864.0000000000,12
2550,140,0.5839443117,47074864.0000000000,8
2550,141,0.5844194595,47074864.0000000000,12
2550,142,0.5840379657,47074864.0000000000,22
2550,143,0.5847063992,47074864.0000000000,11
2550,144,0.5843474520,47074864.0000000000,23
2550,145,0.5848410198,47074864.0000000000,11
2550,146,0.5844509169,47074864.0000000000,17
2550,147,0.5825417866,47074864.0000000000,19
2550,148,0.5829215921,47074864.0000000000,7
2550,149,0.5815902269,47074864.0000000000,25
2550,150,0.5835129116,47074864.0000000000,26
2550,151,0.5838482410,47074864.0000000000,24
2550,152,0.5837511363,47074864.0000000000,8
2600,0,0.2069599600,287113632.0000000000,6
2600,1,0.1651835580,245636352.0000000000,9
2600,2,0.1303200880,212798464.0000000000,8
2600,3,0.1294043940,211585824.0000000000,13
2600,4,0.1274965400,211627056.0000000000,7
2600,5,0.1307758170,213206416.0000000000,11
2600,6,0.1665867510,245261504.0000000000,10
2600,7,0.3783641710,439512544.0000000000,28
2600,8,0.3015919850,375925680.0000000000,5
2600,9,0.3624688710,472672000.0000000000,29
2600,10,0.3874430870,488649712.0000000000,27
2600,11,0.3956438810,488572384.0000000000,15
2600,12,0.3606426580,457114016.0000000000,14
2600,13,0.3359754620,439019728.0000000000,17
2600,14,0.3634655840,459194368.0000000000,12
2600,15,0.3968361400,490681936.0000000000,16
2600,16,0.3157171450,425946960.0000000000,23
2600,17,0.2935083430,408075776.0000000000,4
2600,18,0.3177404610,436336256.0000000000,1
2600,19,0.3175416520,436508528.0000000000,9
2600,20,0.3225042730,439621488.0000000000,10
2600,21,0.3649457240,476646224.0000000000,31
2600,22,0.3824666020,496077328.0000000000,30
2600,23,0.3606417940,473137376.0000000000,26
2600,24,0.3174656660,436512960.0000000000,5
2600,25,0.3177210090,436509728.0000000000,6
2600,26,0.3175528680,436341696.0000000000,0
2600,27,0.3176562360,436334560.0000000000,2
2600,28,0.3176495100,436514016.0000000000,8
2600,29,0.3179108890,436510112.0000000000,1
2600,30,0.3177693110,436510768.0000000000,7
2600,31,0.3176462000,436512144.0000000000,0
2600,32,0.3178401990,436518080.0000000000,13
2600,33,0.3177889140,436506928.0000000000,3
2600,34,0.3176150380,436510880.0000000000,2
2600,35,0.3180107180,436337248.0000000000,21
2600,36,0.3171195090,435340512.0000000000,4
2600,37,0.3182499710,436474736.0000000000,11
2600,38,0.3181791730,436538848.0000000000,25
2600,39,0.3184728020,436485936.0000000000,22
2600,40,0.3184113810,436529568.0000000000,24
2600,41,0.3179394110,436496736.0000000000,18
2600,42,0.3181979700,436522064.0000000000,20
2600,43,0.3181318620,436495600.0000000000,19
2600,44,0.3172323790,435345744.0000000000,3
2600,45,0.0821490020,131847424.0000000000,23
2600,46,0.0823310850,132159760.0000000000,20
2600,47,0.0822199610,132152128.0000000000,22
2600,48,0.0821168640,132141232.0000000000,18
2600,49,0.0822469930,132146112.0000000000,21
2600,50,0.0821456170,132142032.0000000000,25
2600,51,0.0822900270,132150480.0000000000,24
2600,52,0.0820632170,132131344.0000000000,19
2600,53,0.0820075800,131855584.0000000000,26
2600,54,0.0206317940,54827568.0000000000,31
2600,55,0.0207161920,54827568.0000000000,20
2600,56,0.0205881050,54827568.0000000000,18
2600,57,0.0206783560,54827568.0000000000,30
2600,58,0.0205809840,54827568.0000000000,28
2600,59,0.0206494590,54827568.0000000000,31
2600,60,0.0206690810,54827568.0000000000,19
2600,61,0.0206220310,54827568.0000000000,16
2600,62,0.0207197050,54827568.0000000000,30
2600,63,0.0206792240,54827568.0000000000,26
2600,64,0.0206380300,54827568.0000000000,21
2600,65,0.0206155030,54827568.0000000000,28
2600,66,0.0206475450,54827568.0000000000,31
2600,67,0.0205796340,54827568.0000000000,27
2600,68,0.0206722310,54827568.0000000000,27
2600,69,0.0206633530,54827568.0000000000,26
2600,70,0.0206543480,54827568.0000000000,15
2600,71,0.0207011000,54827568.0000000000,30
2600,72,0.0206080280,54827568.0000000000,29
2600,73,0.0206670070,54827568.0000000000,22
2600,74,0.0205927750,54827568.0000000000,16
2600,75,0.0207018490,54827568.0000000000,24
2600,76,0.0206725010,54827568.0000000000,24
2600,77,0.0205966610,54827568.0000000000,18
2600,78,0.0206326460,54827568.0000000000,30
2600,79,0.0205575810,54827568.0000000000,29
2600,80,0.0206145300,54827568.0000000000,29
2600,81,0.0206675180,54827568.0000000000,16
2600,82,0.0206023310,54827568.0000000000,19
2600,83,0.0207163380,54827568.0000000000,12
2600,84,0.0206610010,54827568.0000000000,28
2600,85,0.0206951610,54827568.0000000000,21
2600,86,0.0206578220,54827568.0000000000,22
2600,87,0.0206428650,54827568.0000000000,31
2600,88,0.0206821720,54827568.0000000000,15
2600,89,0.0206937440,54827568.0000000000,14
2600,90,0.0205984540,54827568.0000000000,17
2600,91,0.0205537320,54827568.0000000000,25
2600,92,0.0206697620,54827568.0000000000,20
2600,93,0.0206747870,54827568.0000000000,12
2600,94,0.0206830970,54827568.0000000000,23
2600,95,0.0205876580,54827568.0000000000,25
2600,96,0.0206238040,54827568.0000000000,18
2600,97,0.0206967290,54827568.0000000000,25
2600,98,0.0206409910,54827568.0000000000,27
2600,99,0.0206718000,54827568.0000000000,31
2600,100,0.0205546830,54827568.0000000000,29
2600,101,0.0206066510,54827568.0000000000,19
2600,102,0.0206386440,54827568.0000000000,22
2600,103,0.0206093490,54827568.0000000000,27
2600,104,0.0206474030,54827568.0000000000,30
2600,105,0.0206777030,54827568.0000000000,24
2600,106,0.0207146280,54827568.0000000000,21
2600,107,0.0207256240,54827568.0000000000,14
2600,108,0.0205549940,54827568.0000000000,28
2600,109,0.0206664230,54827568.0000000000,15
2600,110,0.0206462470,54827568.0000000000,17
2600,111,0.0206447350,54827568.0000000000,23
2600,112,0.0206773280,54827568.0000000000,17
2600,113,0.0205596020,54827568.0000000000,29
2600,114,0.0206309810,54827568.0000000000,28
2600,115,0.0207295800,54827568.0000000000,20
2600,116,0.0206944190,54827568.0000000000,23
2600,117,0.0179017630,47074864.0000000000,17
2600,118,0.0178257780,47074864.0000000000,7
2600,119,0.0177974810,47074864.0000000000,18
2600,120,0.0178409690,47074864.0000000000,7
2600,121,0.0179178920,47074864.0000000000,21
2600,122,0.0178776130,47074864.0000000000,12
2600,123,0.0178182670,47074864.0000000000,13
2600,124,0.0178370740,47074864.0000000000,26
2600,125,0.0178613220,47074864.0000000000,13
2600,126,0.0178075180,47074864.0000000000,16
2600,127,0.0179259600,47074864.0000000000,7
2600,128,0.0178412430,47074864.0000000000,27
2600,129,0.0178474140,47074864.0000000000,8
2600,130,0.0178724710,47074864.0000000000,14
2600,131,0.0179057680,47074864.0000000000,15
2600,132,0.0178850040,47074864.0000000000,11
2600,133,0.0178674620,47074864.0000000000,14
2600,134,0.0178498010,47074864.0000000000,20
2600,135,0.0178174990,47074864.0000000000,16
2600,136,0.0178959080,47074864.0000000000,15
2600,137,0.0178867890,47074864.0000000000,14
2600,138,0.0178398410,47074864.0000000000,13
2600,139,0.0179517850,47074864.0000000000,12
2600,140,0.0178638950,47074864.0000000000,8
2600,141,0.0179034720,47074864.0000000000,12
2600,142,0.0178580070,47074864.0000000000,22
2600,143,0.0178869200,47074864.0000000000,11
2600,144,0.0178816520,47074864.0000000000,23
2600,145,0.0178904380,47074864.0000000000,11
2600,146,0.0178704010,47074864.0000000000,17
2600,147,0.0178261080,47074864.0000000000,19
2600,148,0.0178447960,47074864.0000000000,7
2600,149,0.0178139700,47074864.0000000000,25
2600,150,0.0178539050,47074864.0000000000,26
2600,151,0.0178722630,47074864.0000000000,24
2600,152,0.0178661500,47074864.0000000000,8
2650,0,6.6053982729,283462176.0000000000,6
2650,1,5.2714862136,243334720.0000000000,9
2650,2,4.1921377332,212656624.0000000000,8
2650,3,4.1635985364,211607216.0000000000,13
2650,4,4.1082071247,211646768.0000000000,7
2650,5,4.2064857605,213242000.0000000000,11
2650,6,5.2935475128,243357552.0000000000,10
2650,7,12.1579142909,439367952.0000000000,28
2650,8,9.6505395127,377560496.0000000000,5
2650,9,11.6777771759,476767776.0000000000,29
2650,10,12.4536259303,489038544.0000000000,27
2650,11,12.6843622642,487236080.0000000000,15
2650,12,11.5305683815,454496896.0000000000,14
2650,13,10.7702199273,437194112.0000000000,17
2650,14,11.5955279509,455007568.0000000000,12
2650,15,12.7738494454,490677520.0000000000,16
2650,16,10.1469302787,426644160.0000000000,23
2650,17,9.4165229923,407468688.0000000000,4
2650,18,10.2251090181,436331824.0000000000,1
2650,19,10.2213259614,436509520.0000000000,9
2650,20,10.4137741100,441201136.0000000000,10
2650,21,11.7879650769,478903696.0000000000,31
2650,22,12.3291384287,497168656.0000000000,30
2650,23,11.6805355297,476967776.0000000000,26
2650,24,10.2242514698,436601408.0000000000,5
2650,25,10.2245282437,436509520.0000000000,6
2650,26,10.2211915294,436340448.0000000000,0
2650,27,10.2205925160,436333584.0000000000,2
2650,28,10.2236601812,436513248.0000000000,8
2650,29,10.2257258416,436510192.0000000000,1
2650,30,10.2301729954,436506544.0000000000,7
2650,31,10.2226769239,436510832.0000000000,0
2650,32,10.2279107445,436516384.0000000000,13
2650,33,10.2291774657,436507904.0000000000,3
2650,34,10.2221189277,436511440.0000000000,2
2650,35,10.2277551110,436330848.0000000000,21
2650,36,10.2060679987,435318192.0000000000,4
2650,37,10.2440342584,436474448.0000000000,11
2650,38,10.2362383992,436540528.0000000000,25
2650,39,10.2460505745,436488512.0000000000,22
2650,40,10.2460285004,436531328.0000000000,24
2650,41,10.2332753050,436498560.0000000000,18
2650,42,10.2440601676,436520368.0000000000,20
2650,43,10.2351239076,436496352.0000000000,19
2650,44,10.2103797724,435323312.0000000000,3
2650,45,2.6523543256,131841264.0000000000,23
2650,46,2.6573064881,132163040.0000000000,20
2650,47,2.6550072508,132152880.0000000000,22
2650,48,2.6516539744,132137264.0000000000,18
2650,49,2.6552541260,132150384.0000000000,21
2650,50,2.6520267825,132141488.0000000000,25
2650,51,2.6560796804,132155424.0000000000,24
2650,52,2.6525253165,132132848.0000000000,19
2650,53,2.6502013588,131848480.0000000000,26
2650,54,0.6743720940,54827568.0000000000,31
2650,55,0.6759871192,54827568.0000000000,20
2650,56,0.6731452356,54827568.0000000000,18
2650,57,0.6757247418,54827568.0000000000,30
2650,58,0.6741272405,54827568.0000000000,28
2650,59,0.6745427685,54827568.0000000000,31
2650,60,0.6736426314,54827568.0000000000,19
2650,61,0.6734629370,54827568.0000000000,16
2650,62,0.6756802904,54827568.0000000000,30
2650,63,0.6746760670,54827568.0000000000,26
2650,64,0.6754538266,54827568.0000000000,21
2650,65,0.6739402731,54827568.0000000000,28
2650,66,0.6744420228,54827568.0000000000,31
2650,67,0.6743859474,54827568.0000000000,27
2650,68,0.6738826996,54827568.0000000000,27
2650,69,0.6749368740,54827568.0000000000,26
2650,70,0.6746632567,54827568.0000000000,15
2650,71,0.6754436629,54827568.0000000000,30
2650,72,0.6726000075,54827568.0000000000,29
2650,73,0.6748857344,54827568.0000000000,22
2650,74,0.6736363637,54827568.0000000000,16
2650,75,0.6757875202,54827568.0000000000,24
2650,76,0.6756431592,54827568.0000000000,24
2650,77,0.6734429267,54827568.0000000000,18
2650,78,0.6754648293,54827568.0000000000,30
2650,79,0.6724946975,54827568.0000000000,29
2650,80,0.6722676696,54827568.0000000000,29
2650,81,0.6733028584,54827568.0000000000,16
2650,82,0.6738244680,54827568.0000000000,19
2650,83,0.6753607685,54827568.0000000000,12
2650,84,0.6739072249,54827568.0000000000,28
2650,85,0.6753490669,54827568.0000000000,21
2650,86,0.6747573498,54827568.0000000000,22
2650,87,0.6750581718,54827568.0000000000,31
2650,88,0.6747023613,54827568.0000000000,15
2650,89,0.6747661662,54827568.0000000000,14
2650,90,0.6746941154,54827568.0000000000,17
2650,91,0.6728368484,54827568.0000000000,25
2650,92,0.6755419857,54827568.0000000000,20
2650,93,0.6753451983,54827568.0000000000,12
2650,94,0.6751362959,54827568.0000000000,23
2650,95,0.6728686203,54827568.0000000000,25
2650,96,0.6730110821,54827568.0000000000,18
2650,97,0.6731017939,54827568.0000000000,25
2650,98,0.6736233420,54827568.0000000000,27
2650,99,0.6744265508,54827568.0000000000,31
2650,100,0.6723780154,54827568.0000000000,29
2650,101,0.6735304874,54827568.0000000000,19
2650,102,0.6747954573,54827568.0000000000,22
2650,103,0.6735188567,54827568.0000000000,27
2650,104,0.6753621343,54827568.0000000000,30
2650,105,0.6756129287,54827568.0000000000,24
2650,106,0.6749803199,54827568.0000000000,21
2650,107,0.6749162908,54827568.0000000000,14
2650,108,0.6741578666,54827568.0000000000,28
2650,109,0.6748460478,54827568.0000000000,15
2650,110,0.6744384949,54827568.0000000000,17
2650,111,0.6753008603,54827568.0000000000,23
2650,112,0.6743646198,54827568.0000000000,17
2650,113,0.6725503161,54827568.0000000000,29
2650,114,0.6741008035,54827568.0000000000,28
2650,115,0.6756197594,54827568.0000000000,20
2650,116,0.6754756999,54827568.0000000000,23
2650,117,0.5838224493,47074864.0000000000,17
2650,118,0.5830023774,47074864.0000000000,7
2650,119,0.5815350797,47074864.0000000000,18
2650,120,0.5829351220,47074864.0000000000,7
2650,121,0.5839256788,47074864.0000000000,21
2650,122,0.5844841849,47074864.0000000000,12
2650,123,0.5828520690,47074864.0000000000,13
2650,124,0.5832863776,47074864.0000000000,26
2650,125,0.5826020676,47074864.0000000000,13
2650,126,0.5822905646,47074864.0000000000,16
2650,127,0.5832545065,47074864.0000000000,7
2650,128,0.5824853316,47074864.0000000000,27
2650,129,0.5836442693,47074864.0000000000,8
2650,130,0.5841231867,47074864.0000000000,14
2650,131,0.5839698490,47074864.0000000000,15
2650,132,0.5849043221,47074864.0000000000,11
2650,133,0.5839880191,47074864.0000000000,14
2650,134,0.5841091163,47074864.0000000000,20
2650,135,0.5822486663,47074864.0000000000,16
2650,136,0.5842670766,47074864.0000000000,15
2650,137,0.5841014904,47074864.0000000000,14
2650,138,0.5826823252,47074864.0000000000,13
2650,139,0.5845360481,47074864.0000000000,12
2650,140,0.5837336703,47074864.0000000000,8
2650,141,0.5844950155,47074864.0000000000,12
2650,142,0.5839187105,47074864.0000000000,22
2650,143,0.5847219391,47074864.0000000000,11
2650,144,0.5844541826,47074864.0000000000,23
2650,145,0.5847658545,47074864.0000000000,11
2650,146,0.5836716944,47074864.0000000000,17
2650,147,0.5825323366,47074864.0000000000,19
2650,148,0.5828809269,47074864.0000000000,7
2650,149,0.5817012226,47074864.0000000000,25
2650,150,0.5833478930,47074864.0000000000,26
2650,151,0.5840330293,47074864.0000000000,24
2650,152,0.5838558311,47074864.0000000000,8
2700,0,0.2006212050,279863440.0000000000,6
2700,1,0.1593666220,240527728.0000000000,9
2700,2,0.1298404210,212564528.0000000000,8
2700,3,0.1289816410,211726256.0000000000,13
2700,4,0.1274258920,211758512.0000000000,7
2700,5,0.1304121870,213251072.0000000000,11
2700,6,0.1609553420,240598256.0000000000,10
2700,7,0.3797345980,440222320.0000000000,28
2700,8,0.3052043190,378392336.0000000000,5
2700,9,0.3720855240,480414912.0000000000,29
2700,10,0.3887929730,489366848.0000000000,27
2700,11,0.3931304100,486057024.0000000000,15
2700,12,0.3550196440,452272192.0000000000,14
2700,13,0.3333028860,435952960.0000000000,17
2700,14,0.3545095860,450975136.0000000000,12
2700,15,0.3980404340,490367632.0000000000,16
2700,16,0.3177570760,427274480.0000000000,23
2700,17,0.2927474770,406944928.0000000000,4
2700,18,0.3176145630,436326384.0000000000,1
2700,19,0.3177005220,436509392.0000000000,9
2700,20,0.3264225070,442671024.0000000000,10
2700,21,0.3695561200,480472032.0000000000,31
2700,22,0.3851052120,497963520.0000000000,30
2700,23,0.3687303240,479944848.0000000000,26
2700,24,0.3189735380,437058928.0000000000,5
2700,25,0.3176574970,436510688.0000000000,6
2700,26,0.3175695140,436336704.0000000000,0
2700,27,0.3176290380,436327328.0000000000,2
2700,28,0.3176189020,436508208.0000000000,8
2700,29,0.3179446580,436513936.0000000000,1
2700,30,0.3179419130,436508928.0000000000,7
2700,31,0.3176231390,436508160.0000000000,0
2700,32,0.3179305800,436508224.0000000000,13
2700,33,0.3177277990,436509840.0000000000,3
2700,34,0.3175438830,436508640.0000000000,2
2700,35,0.3179380730,436326464.0000000000,21
2700,36,0.3170713150,435295536.0000000000,4
2700,37,0.3182650240,436476096.0000000000,11
2700,38,0.3180213550,436537728.0000000000,25
2700,39,0.3184103080,436484928.0000000000,22
2700,40,0.3183252580,436535104.0000000000,24
2700,41,0.3178688030,436500416.0000000000,18
2700,42,0.3182280760,436518592.0000000000,20
2700,43,0.3178140990,436496528.0000000000,19
2700,44,0.3171336840,435296864.0000000000,3
2700,45,0.0822054230,131834944.0000000000,23
2700,46,0.0823601410,132164080.0000000000,20
2700,47,0.0822758380,132153680.0000000000,22
2700,48,0.0821374850,132136896.0000000000,18
2700,49,0.0822952050,132152096.0000000000,21
2700,50,0.0821703850,132138368.0000000000,25
2700,51,0.0823629890,132153568.0000000000,24
2700,52,0.0820550190,132138512.0000000000,19
2700,53,0.0821591050,131843120.0000000000,26
2700,54,0.0206203810,54827568.0000000000,31
2700,55,0.0207481640,54827568.0000000000,20
2700,56,0.0205873610,54827568.0000000000,18
2700,57,0.0207194510,54827568.0000000000,30
2700,58,0.0206589750,54827568.0000000000,28
2700,59,0.0206649480,54827568.0000000000,31
2700,60,0.0206273970,54827568.0000000000,19
2700,61,0.0206302830,54827568.0000000000,16
2700,62,0.0206855770,54827568.0000000000,30
2700,63,0.0206637160,54827568.0000000000,26
2700,64,0.0206939610,54827568.0000000000,21
2700,65,0.0206444570,54827568.0000000000,28
2700,66,0.0205884990,54827568.0000000000,31
2700,67,0.0206366830,54827568.0000000000,27
2700,68,0.0205904540,54827568.0000000000,27
2700,69,0.0206610410,54827568.0000000000,26
2700,70,0.0206211540,54827568.0000000000,15
2700,71,0.0206478440,54827568.0000000000,30
2700,72,0.0205644520,54827568.0000000000,29
2700,73,0.0207261720,54827568.0000000000,22
2700,74,0.0206499930,54827568.0000000000,16
2700,75,0.0206768910,54827568.0000000000,24
2700,76,0.0206320350,54827568.0000000000,24
2700,77,0.0206455840,54827568.0000000000,18
2700,78,0.0206994550,54827568.0000000000,30
2700,79,0.0205911230,54827568.0000000000,29
2700,80,0.0205876680,54827568.0000000000,29
2700,81,0.0205475660,54827568.0000000000,16
2700,82,0.0206007950,54827568.0000000000,19
2700,83,0.0207103730,54827568.0000000000,12
2700,84,0.0206698260,54827568.0000000000,28
2700,85,0.0207035870,54827568.0000000000,21
2700,86,0.0206478100,54827568.0000000000,22
2700,87,0.0206765280,54827568.0000000000,31
2700,88,0.0206175860,54827568.0000000000,15
2700,89,0.0206330160,54827568.0000000000,14
2700,90,0.0206503030,54827568.0000000000,17
2700,91,0.0205985610,54827568.0000000000,25
2700,92,0.0206959530,54827568.0000000000,20
2700,93,0.0206418240,54827568.0000000000,12
2700,94,0.0206743820,54827568.0000000000,23
2700,95,0.0205993890,54827568.0000000000,25
2700,96,0.0205915100,54827568.0000000000,18
2700,97,0.0206327260,54827568.0000000000,25
2700,98,0.0205787000,54827568.0000000000,27
2700,99,0.0206358600,54827568.0000000000,31
2700,100,0.0206091400,54827568.0000000000,29
2700,101,0.0206463850,54827568.0000000000,19
2700,102,0.0207149820,54827568.0000000000,22
2700,103,0.0206399680,54827568.0000000000,27
2700,104,0.0206246490,54827568.0000000000,30
2700,105,0.0207626470,54827568.0000000000,24
2700,106,0.0206495840,54827568.0000000000,21
2700,107,0.0207090530,54827568.0000000000,14
2700,108,0.0206265520,54827568.0000000000,28
2700,109,0.0206534740,54827568.0000000000,15
2700,110,0.0206660950,54827568.0000000000,17
2700,111,0.0206407560,54827568.0000000000,23
2700,112,0.0206359650,54827568.0000000000,17
2700,113,0.0206042090,54827568.0000000000,29
2700,114,0.0205790420,54827568.0000000000,28
2700,115,0.0207195400,54827568.0000000000,20
2700,116,0.0207515310,54827568.0000000000,23
2700,117,0.0178875640,47074864.0000000000,17
2700,118,0.0178307480,47074864.0000000000,7
2700,119,0.0178223270,47074864.0000000000,18
2700,120,0.0178329710,47074864.0000000000,7
2700,121,0.0178637710,47074864.0000000000,21
2700,122,0.0179118470,47074864.0000000000,12
2700,123,0.0178697260,47074864.0000000000,13
2700,124,0.0178258320,47074864.0000000000,26
2700,125,0.0178511900,47074864.0000000000,13
2700,126,0.0178357940,47074864.0000000000,16
2700,127,0.0178352760,47074864.0000000000,7
2700,128,0.0178500690,47074864.0000000000,27
2700,129,0.0178527950,47074864.0000000000,8
2700,130,0.0178640150,47074864.0000000000,14
2700,131,0.0178590150,47074864.0000000000,15
2700,132,0.0178928520,47074864.0000000000,11
2700,133,0.0178283340,47074864.0000000000,14
2700,134,0.0179099990,47074864.0000000000,20
2700,135,0.0178152840,47074864.0000000000,16
2700,136,0.0178807660,47074864.0000000000,15
2700,137,0.0178565010,47074864.0000000000,14
2700,138,0.0178258320,47074864.0000000000,13
2700,139,0.0178810580,47074864.0000000000,12
2700,140,0.0178526930,47074864.0000000000,8
2700,141,0.0179070280,47074864.0000000000,12
2700,142,0.0178669840,47074864.0000000000,22
2700,143,0.0178890740,47074864.0000000000,11
2700,144,0.0178531890,47074864.0000000000,23
2700,145,0.0178742560,47074864.0000000000,11
2700,146,0.0178904690,47074864.0000000000,17
2700,147,0.0178297900,47074864.0000000000,19
2700,148,0.0178475100,47074864.0000000000,7
2700,149,0.0178189480,47074864.0000000000,25
2700,150,0.0178499200,47074864.0000000000,26
2700,151,0.0178627440,47074864.0000000000,24
2700,152,0.0178867400,47074864.0000000000,8
2750,0,6.3876927527,276788160.0000000000,6
2750,1,5.0933464370,238137456.0000000000,9
2750,2,4.1932998190,212682352.0000000000,8
2750,3,4.1606543901,211837424.0000000000,13
2750,4,4.1071391948,211771936.0000000000,7
2750,5,4.2042156949,213194288.0000000000,11
2750,6,5.1368119288,238503584.0000000000,10
2750,7,12.2501991269,441986432.0000000000,28
2750,8,9.8479631350,378350016.0000000000,5
2750,9,12.0608295883,483567888.0000000000,29
2750,10,12.5267632185,489769888.0000000000,27
2750,11,12.6097288271,484759504.0000000000,15
2750,12,11.3422907897,448711664.0000000000,14
2750,13,10.3653412684,419537456.0000000000,17
2750,14,11.2881798375,445990416.0000000000,12
2750,15,12.7768216811,489740896.0000000000,16
2750,16,10.2584698773,428336704.0000000000,23
2750,17,9.4224177908,406569168.0000000000,4
2750,18,10.2247476945,436321072.0000000000,1
2750,19,10.2220149693,436511136.0000000000,9
2750,20,10.5347387707,444049296.0000000000,10
2750,21,11.9593630877,485782624.0000000000,31
2750,22,12.7171079633,517118544.0000000000,30
2750,23,11.9562724239,486273296.0000000000,26
2750,24,10.2794525721,437936672.0000000000,5
2750,25,10.2238381768,436511024.0000000000,6
2750,26,10.2208716338,436329264.0000000000,0
2750,27,10.2206275033,436323696.0000000000,2
2750,28,10.2252864195,436508112.0000000000,8
2750,29,10.2270858773,436513824.0000000000,1
2750,30,10.2290668801,436510144.0000000000,7
2750,31,10.2227809760,436510416.0000000000,0
2750,32,10.2292191992,436509904.0000000000,13
2750,33,10.2289102713,436508896.0000000000,3
2750,34,10.2224906981,436508736.0000000000,2
2750,35,10.2277761661,436319408.0000000000,21
2750,36,10.2060982282,435272080.0000000000,4
2750,37,10.2431229177,436475088.0000000000,11
2750,38,10.2357364290,436539920.0000000000,25
2750,39,10.2456068009,436483168.0000000000,22
2750,40,10.2461642412,436535136.0000000000,24
2750,41,10.2333620998,436499600.0000000000,18
2750,42,10.2431661813,436518176.0000000000,20
2750,43,10.2366034943,436497712.0000000000,19
2750,44,10.2098947110,435274928.0000000000,3
2750,45,2.6520581139,131827488.0000000000,23
2750,46,2.6574396272,132165504.0000000000,20
2750,47,2.6552336586,132154960.0000000000,22
2750,48,2.6521588036,132140192.0000000000,18
2750,49,2.6556179807,132151696.0000000000,21
2750,50,2.6511269787,132136112.0000000000,25
2750,51,2.6564740799,132152416.0000000000,24
2750,52,2.6520712754,132140080.0000000000,19
2750,53,2.6497303200,131837312.0000000000,26
2750,54,0.6742366800,54827568.0000000000,31
2750,55,0.6758377152,54827568.0000000000,20
2750,56,0.6727211783,54827568.0000000000,18
2750,57,0.6758213555,54827568.0000000000,30
2750,58,0.6737022086,54827568.0000000000,28
2750,59,0.6745017448,54827568.0000000000,31
2750,60,0.6735476477,54827568.0000000000,19
2750,61,0.6735711230,54827568.0000000000,16
2750,62,0.6756021765,54827568.0000000000,30
2750,63,0.6748646449,54827568.0000000000,26
2750,64,0.6753248447,54827568.0000000000,21
2750,65,0.6741529492,54827568.0000000000,28
2750,66,0.6743599671,54827568.0000000000,31
2750,67,0.6740259266,54827568.0000000000,27
2750,68,0.6739125039,54827568.0000000000,27
2750,69,0.6747194139,54827568.0000000000,26
2750,70,0.6743802532,54827568.0000000000,15
2750,71,0.6753055328,54827568.0000000000,30
2750,72,0.6728837461,54827568.0000000000,29
2750,73,0.6749547895,54827568.0000000000,22
2750,74,0.6731307057,54827568.0000000000,16
2750,75,0.6755410281,54827568.0000000000,24
2750,76,0.6754729287,54827568.0000000000,24
2750,77,0.6733459718,54827568.0000000000,18
2750,78,0.6756591625,54827568.0000000000,30
2750,79,0.6727195781,54827568.0000000000,29
2750,80,0.6725348543,54827568.0000000000,29
2750,81,0.6736265665,54827568.0000000000,16
2750,82,0.6736854553,54827568.0000000000,19
2750,83,0.6750713845,54827568.0000000000,12
2750,84,0.6737851109,54827568.0000000000,28
2750,85,0.6752707433,54827568.0000000000,21
2750,86,0.6747729516,54827568.0000000000,22
2750,87,0.6743415148,54827568.0000000000,31
2750,88,0.6743304193,54827568.0000000000,15
2750,89,0.6750403005,54827568.0000000000,14
2750,90,0.6743890949,54827568.0000000000,17
2750,91,0.6730467261,54827568.0000000000,25
2750,92,0.6752193141,54827568.0000000000,20
2750,93,0.6750694552,54827568.0000000000,12
2750,94,0.6755687208,54827568.0000000000,23
2750,95,0.6728450501,54827568.0000000000,25
2750,96,0.6732946504,54827568.0000000000,18
2750,97,0.6729348458,54827568.0000000000,25
2750,98,0.6737238970,54827568.0000000000,27
2750,99,0.6740912381,54827568.0000000000,31
2750,100,0.6722689561,54827568.0000000000,29
2750,101,0.6738277834,54827568.0000000000,19
2750,102,0.6747642051,54827568.0000000000,22
2750,103,0.6737665848,54827568.0000000000,27
2750,104,0.6751946726,54827568.0000000000,30
2750,105,0.6755056244,54827568.0000000000,24
2750,106,0.6751094383,54827568.0000000000,21
2750,107,0.6752140674,54827568.0000000000,14
2750,108,0.6741816970,54827568.0000000000,28
2750,109,0.6744742704,54827568.0000000000,15
2750,110,0.6744181726,54827568.0000000000,17
2750,111,0.6751428681,54827568.0000000000,23
2750,112,0.6743041641,54827568.0000000000,17
2750,113,0.6724765006,54827568.0000000000,29
2750,114,0.6740231248,54827568.0000000000,28
2750,115,0.6753352829,54827568.0000000000,20
2750,116,0.6755165285,54827568.0000000000,23
2750,117,0.5835896977,47074864.0000000000,17
2750,118,0.5828135117,47074864.0000000000,7
2750,119,0.5815699337,47074864.0000000000,18
2750,120,0.5828445137,47074864.0000000000,7
2750,121,0.5842629474,47074864.0000000000,21
2750,122,0.5844797064,47074864.0000000000,12
2750,123,0.5828530350,47074864.0000000000,13
2750,124,0.5833459240,47074864.0000000000,26
2750,125,0.5824808533,47074864.0000000000,13
2750,126,0.5822780675,47074864.0000000000,16
2750,127,0.5829928744,47074864.0000000000,7
2750,128,0.5824900352,47074864.0000000000,27
2750,129,0.5835117534,47074864.0000000000,8
2750,130,0.5840346598,47074864.0000000000,14
2750,131,0.5842413982,47074864.0000000000,15
2750,132,0.5848721760,47074864.0000000000,11
2750,133,0.5837977358,47074864.0000000000,14
2750,134,0.5842694416,47074864.0000000000,20
2750,135,0.5821507657,47074864.0000000000,16
2750,136,0.5844849761,47074864.0000000000,15
2750,137,0.5838977168,47074864.0000000000,14
2750,138,0.5826582608,47074864.0000000000,13
2750,139,0.5845412511,47074864.0000000000,12
2750,140,0.5838081944,47074864.0000000000,8
2750,141,0.5848636078,47074864.0000000000,12
2750,142,0.5839852769,47074864.0000000000,22
2750,143,0.5846653356,47074864.0000000000,11
2750,144,0.5842168278,47074864.0000000000,23
2750,145,0.5847962557,47074864.0000000000,11
2750,146,0.5834812437,47074864.0000000000,17
2750,147,0.5824521437,47074864.0000000000,19
2750,148,0.5828394494,47074864.0000000000,7
2750,149,0.5814808856,47074864.0000000000,25
2750,150,0.5834793716,47074864.0000000000,26
2750,151,0.5837839061,47074864.0000000000,24
2750,152,0.5837367714,47074864.0000000000,8
2800,0,0.1938587880,273868720.0000000000,6
2800,1,0.1539715890,235729264.0000000000,9
2800,2,0.1296705540,212616656.0000000000,8
2800,3,0.1293700120,211908176.0000000000,13
2800,4,0.1277275310,211762880.0000000000,7
2800,5,0.1308502330,213016000.0000000000,11
2800,6,0.1573666790,237202000.0000000000,10
2800,7,0.3848771670,444234864.0000000000,28
2800,8,0.3061168840,377427936.0000000000,5
2800,9,0.3801201440,486073088.0000000000,29
2800,10,0.3919565450,490394656.0000000000,27
2800,11,0.3906325500,483357536.0000000000,15
2800,12,0.3357916650,435903968.0000000000,14
2800,13,0.3095499310,413116336.0000000000,17
2800,14,0.3349044070,433916208.0000000000,12
2800,15,0.3954295840,488210400.0000000000,16
2800,16,0.3216698900,429945536.0000000000,23
2800,17,0.2926149510,406286624.0000000000,4
2800,18,0.3176139160,436312096.0000000000,1
2800,19,0.3176881180,436512032.0000000000,9
2800,20,0.3299480900,445359920.0000000000,10
2800,21,0.3896461200,497613184.0000000000,31
2800,22,0.4091508050,520475632.0000000000,30
2800,23,0.3888321760,496798944.0000000000,26
2800,24,0.3214761270,438979168.0000000000,5
2800,25,0.3177026020,436511072.0000000000,6
2800,26,0.3176514760,436312080.0000000000,0
2800,27,0.3175253640,436321024.0000000000,2
2800,28,0.3178982960,436506864.0000000000,8
2800,29,0.3176728370,436509024.0000000000,1
2800,30,0.3178332830,436512448.0000000000,7
2800,31,0.3177831020,436512752.0000000000,0
2800,32,0.3176474770,436511856.0000000000,13
2800,33,0.3178992450,436507552.0000000000,3
2800,34,0.3175149050,436510240.0000000000,2
2800,35,0.3177623980,436308768.0000000000,21
2800,36,0.3172319040,435243312.0000000000,4
2800,37,0.3181747700,436474464.0000000000,11
2800,38,0.3180674150,436539440.0000000000,25
2800,39,0.3183625300,436486160.0000000000,22
2800,40,0.3184951350,436533424.0000000000,24
2800,41,0.3179726300,436499920.0000000000,18
2800,42,0.3183390740,436517824.0000000000,20
2800,43,0.3179926680,436495584.0000000000,19
2800,44,0.3172253580,435253024.0000000000,3
2800,45,0.0821347890,131823248.0000000000,23
2800,46,0.0822854120,132167696.0000000000,20
2800,47,0.0823331330,132155808.0000000000,22
2800,48,0.0821291770,132138256.0000000000,18
2800,49,0.0822734550,132150368.0000000000,21
2800,50,0.0820701760,132134352.0000000000,25
2800,51,0.0822483120,132152912.0000000000,24
2800,52,0.0822077980,132141536.0000000000,19
2800,53,0.0821104120,131833536.0000000000,26
2800,54,0.0206484150,54827568.0000000000,31
2800,55,0.0206286240,54827568.0000000000,20
2800,56,0.0206068510,54827568.0000000000,18
2800,57,0.0207601320,54827568.0000000000,30
2800,58,0.0206768810,54827568.0000000000,28
2800,59,0.0207010070,54827568.0000000000,31
2800,60,0.0205781450,54827568.0000000000,19
2800,61,0.0207211420,54827568.0000000000,16
2800,62,0.0206282760,54827568.0000000000,30
2800,63,0.0207029660,54827568.0000000000,26
2800,64,0.0206957930,54827568.0000000000,21
2800,65,0.0206104920,54827568.0000000000,28
2800,66,0.0206619710,54827568.0000000000,31
2800,67,0.0206277410,54827568.0000000000,27
2800,68,0.0206463930,54827568.0000000000,27
2800,69,0.0207082260,54827568.0000000000,26
2800,70,0.0206063740,54827568.0000000000,15
2800,71,0.0206832130,54827568.0000000000,30
2800,72,0.0206040670,54827568.0000000000,29
2800,73,0.0206436230,54827568.0000000000,22
2800,74,0.0206274580,54827568.0000000000,16
2800,75,0.0206759910,54827568.0000000000,24
2800,76,0.0206763830,54827568.0000000000,24
2800,77,0.0206414590,54827568.0000000000,18
2800,78,0.0207358960,54827568.0000000000,30
2800,79,0.0206602190,54827568.0000000000,29
2800,80,0.0206347180,54827568.0000000000,29
2800,81,0.0206284040,54827568.0000000000,16
2800,82,0.0206512970,54827568.0000000000,19
2800,83,0.0207129710,54827568.0000000000,12
2800,84,0.0206223650,54827568.0000000000,28
2800,85,0.0207252600,54827568.0000000000,21
2800,86,0.0206557750,54827568.0000000000,22
2800,87,0.0207240830,54827568.0000000000,31
2800,88,0.0206462400,54827568.0000000000,15
2800,89,0.0206633570,54827568.0000000000,14
2800,90,0.0206708740,54827568.0000000000,17
2800,91,0.0205673020,54827568.0000000000,25
2800,92,0.0206712640,54827568.0000000000,20
2800,93,0.0206660600,54827568.0000000000,12
2800,94,0.0207075270,54827568.0000000000,23
2800,95,0.0206229020,54827568.0000000000,25
2800,96,0.0206597820,54827568.0000000000,18
2800,97,0.0206012380,54827568.0000000000,25
2800,98,0.0206919530,54827568.0000000000,27
2800,99,0.0206448690,54827568.0000000000,31
2800,100,0.0206320560,54827568.0000000000,29
2800,101,0.0205980230,54827568.0000000000,19
2800,102,0.0206064410,54827568.0000000000,22
2800,103,0.0206375080,54827568.0000000000,27
2800,104,0.0206608190,54827568.0000000000,30
2800,105,0.0206911330,54827568.0000000000,24
2800,106,0.0206693240,54827568.0000000000,21
2800,107,0.0207561930,54827568.0000000000,14
2800,108,0.0205856840,54827568.0000000000,28
2800,109,0.0206532940,54827568.0000000000,15
2800,110,0.0206529890,54827568.0000000000,17
2800,111,0.0206757050,54827568.0000000000,23
2800,112,0.0206905530,54827568.0000000000,17
2800,113,0.0205188840,54827568.0000000000,29
2800,114,0.0206371050,54827568.0000000000,28
2800,115,0.0206344550,54827568.0000000000,20
2800,116,0.0206860770,54827568.0000000000,23
2800,117,0.0178536390,47074864.0000000000,17
2800,118,0.0178499250,47074864.0000000000,7
2800,119,0.0177972500,47074864.0000000000,18
2800,120,0.0178572090,47074864.0000000000,7
2800,121,0.0178769030,47074864.0000000000,21
2800,122,0.0178782920,47074864.0000000000,12
2800,123,0.0178308910,47074864.0000000000,13
2800,124,0.0178569260,47074864.0000000000,26
2800,125,0.0178183170,47074864.0000000000,13
2800,126,0.0178238210,47074864.0000000000,16
2800,127,0.0178186430,47074864.0000000000,7
2800,128,0.0178716520,47074864.0000000000,27
2800,129,0.0178818040,47074864.0000000000,8
2800,130,0.0178848030,47074864.0000000000,14
2800,131,0.0178555280,47074864.0000000000,15
2800,132,0.0178686600,47074864.0000000000,11
2800,133,0.0178922510,47074864.0000000000,14
2800,134,0.0179205810,47074864.0000000000,20
2800,135,0.0178037420,47074864.0000000000,16
2800,136,0.0179075700,47074864.0000000000,15
2800,137,0.0178946340,47074864.0000000000,14
2800,138,0.0178285670,47074864.0000000000,13
2800,139,0.0178744050,47074864.0000000000,12
2800,140,0.0178591400,47074864.0000000000,8
2800,141,0.0179114160,47074864.0000000000,12
2800,142,0.0178710840,47074864.0000000000,22
2800,143,0.0179144870,47074864.0000000000,11
2800,144,0.0178773140,47074864.0000000000,23
2800,145,0.0179137450,47074864.0000000000,11
2800,146,0.0178474170,47074864.0000000000,17
2800,147,0.0178444200,47074864.0000000000,19
2800,148,0.0178135550,47074864.0000000000,7
2800,149,0.0178327680,47074864.0000000000,25
2800,150,0.0178697220,47074864.0000000000,26
2800,151,0.0179125840,47074864.0000000000,24
2800,152,0.0178554410,47074864.0000000000,8
2850,0,6.1867409769,271487280.0000000000,6
2850,1,4.9230494344,233233456.0000000000,9
2850,2,4.1826384467,212597984.0000000000,8
2850,3,4.1753759825,211952512.0000000000,13
2850,4,4.1093515523,211782976.0000000000,7
2850,5,4.2159376334,212850640.0000000000,11
2850,6,5.0376274249,236373920.0000000000,10
2850,7,12.4240506808,446779712.0000000000,28
2850,8,9.8169775420,375862944.0000000000,5
2850,9,12.2562447360,488126800.0000000000,29
2850,10,12.6176241734,491149776.0000000000,27
2850,11,12.5305649089,482043104.0000000000,15
2850,12,10.5906869922,426593840.0000000000,14
2850,13,9.9122292296,411338240.0000000000,17
2850,14,10.5996714908,426615296.0000000000,12
2850,15,12.6717234486,486249424.0000000000,16
2850,16,10.3774593064,431594688.0000000000,23
2850,17,9.4033330688,406080288.0000000000,4
2850,18,10.2245971319,436304192.0000000000,1
2850,19,10.2211426842,436509216.0000000000,9
2850,20,10.6426841672,446608048.0000000000,10
2850,21,12.7347048011,506293072.0000000000,31
2850,22,13.1970497567,522065696.0000000000,30
2850,23,12.6613184818,503570912.0000000000,26
2850,24,10.3672169476,440124592.0000000000,5
2850,25,10.2245446845,436506592.0000000000,6
2850,26,10.2201464965,436304896.0000000000,0
2850,27,10.2212528571,436304656.0000000000,2
2850,28,10.2247080067,436514384.0000000000,8
2850,29,10.2260727364,436508000.0000000000,1
2850,30,10.2299160517,436507888.0000000000,7
2850,31,10.2232284492,436510784.0000000000,0
2850,32,10.2286681490,436512656.0000000000,13
2850,33,10.2304621833,436507696.0000000000,3
2850,34,10.2225887163,436514080.0000000000,2
2850,35,10.2273194329,436299520.0000000000,21
2850,36,10.2052994182,435224384.0000000000,4
2850,37,10.2449801067,436469584.0000000000,11
2850,38,10.2361251305,436537584.0000000000,25
2850,39,10.2461601555,436486320.0000000000,22
2850,40,10.2462194542,436541696.0000000000,24
2850,41,10.2346799697,436501376.0000000000,18
2850,42,10.2442289948,436515936.0000000000,20
2850,43,10.2368569432,436495680.0000000000,19
2850,44,10.2076181160,435233808.0000000000,3
2850,45,2.6527096091,131817744.0000000000,23
2850,46,2.6575310115,132168640.0000000000,20
2850,47,2.6555218579,132156384.0000000000,22
2850,48,2.6515375319,132135984.0000000000,18
2850,49,2.6551517588,132146912.0000000000,21
2850,50,2.6513568869,132135376.0000000000,25
2850,51,2.6561854794,132151792.0000000000,24
2850,52,2.6527878512,132140416.0000000000,19
2850,53,2.6502032913,131827744.0000000000,26
2850,54,0.6743037311,54827568.0000000000,31
2850,55,0.6757908345,54827568.0000000000,20
2850,56,0.6734746791,54827568.0000000000,18
2850,57,0.6756311104,54827568.0000000000,30
2850,58,0.6738508127,54827568.0000000000,28
2850,59,0.6741435841,54827568.0000000000,31
2850,60,0.6735666210,54827568.0000000000,19
2850,61,0.6732387412,54827568.0000000000,16
2850,62,0.6757888386,54827568.0000000000,30
2850,63,0.6749106385,54827568.0000000000,26
2850,64,0.6752963093,54827568.0000000000,21
2850,65,0.6739011606,54827568.0000000000,28
2850,66,0.6745468588,54827568.0000000000,31
2850,67,0.6737852179,54827568.0000000000,27
2850,68,0.6736587933,54827568.0000000000,27
2850,69,0.6750144629,54827568.0000000000,26
2850,70,0.6742279412,54827568.0000000000,15
2850,71,0.6754242595,54827568.0000000000,30
2850,72,0.6726332976,54827568.0000000000,29
2850,73,0.6745461011,54827568.0000000000,22
2850,74,0.6735887446,54827568.0000000000,16
2850,75,0.6755293213,54827568.0000000000,24
2850,76,0.6754475268,54827568.0000000000,24
2850,77,0.6733267562,54827568.0000000000,18
2850,78,0.6754820598,54827568.0000000000,30
2850,79,0.6724718049,54827568.0000000000,29
2850,80,0.6727451314,54827568.0000000000,29
2850,81,0.6735760961,54827568.0000000000,16
2850,82,0.6735849272,54827568.0000000000,19
2850,83,0.6754359630,54827568.0000000000,12
2850,84,0.6738844633,54827568.0000000000,28
2850,85,0.6751400368,54827568.0000000000,21
2850,86,0.6744061619,54827568.0000000000,22
2850,87,0.6743145681,54827568.0000000000,31
2850,88,0.6743731501,54827568.0000000000,15
2850,89,0.6750378552,54827568.0000000000,14
2850,90,0.6742125756,54827568.0000000000,17
2850,91,0.6728901926,54827568.0000000000,25
2850,92,0.6757941209,54827568.0000000000,20
2850,93,0.6752037688,54827568.0000000000,12
2850,94,0.6754208574,54827568.0000000000,23
2850,95,0.6727252103,54827568.0000000000,25
2850,96,0.6728789805,54827568.0000000000,18
2850,97,0.6729466369,54827568.0000000000,25
2850,98,0.6739015752,54827568.0000000000,27
2850,99,0.6745666442,54827568.0000000000,31
2850,100,0.6721164731,54827568.0000000000,29
2850,101,0.6734264675,54827568.0000000000,19
2850,102,0.6747894422,54827568.0000000000,22
2850,103,0.6736558205,54827568.0000000000,27
2850,104,0.6750752203,54827568.0000000000,30
2850,105,0.6755024957,54827568.0000000000,24
2850,106,0.6751167346,54827568.0000000000,21
2850,107,0.6753644009,54827568.0000000000,14
2850,108,0.6741810906,54827568.0000000000,28
2850,109,0.6744533942,54827568.0000000000,15
2850,110,0.6743644040,54827568.0000000000,17
2850,111,0.6751795490,54827568.0000000000,23
2850,112,0.6742465771,54827568.0000000000,17
2850,113,0.6726863033,54827568.0000000000,29
2850,114,0.6742831233,54827568.0000000000,28
2850,115,0.6753904930,54827568.0000000000,20
2850,116,0.6751308708,54827568.0000000000,23
2850,117,0.5838558253,47074864.0000000000,17
2850,118,0.5830950592,47074864.0000000000,7
2850,119,0.5817425381,47074864.0000000000,18
2850,120,0.5827600667,47074864.0000000000,7
2850,121,0.5841214448,47074864.0000000000,21
2850,122,0.5847089189,47074864.0000000000,12
2850,123,0.5830141689,47074864.0000000000,13
2850,124,0.5833911100,47074864.0000000000,26
2850,125,0.5827693578,47074864.0000000000,13
2850,126,0.5823291500,47074864.0000000000,16
2850,127,0.5831409419,47074864.0000000000,7
2850,128,0.5825032029,47074864.0000000000,27
2850,129,0.5836656705,47074864.0000000000,8
2850,130,0.5840972568,47074864.0000000000,14
2850,131,0.5843480391,47074864.0000000000,15
2850,132,0.5848080406,47074864.0000000000,11
2850,133,0.5840039311,47074864.0000000000,14
2850,134,0.5840762421,47074864.0000000000,20
2850,135,0.5821078258,47074864.0000000000,16
2850,136,0.5844401135,47074864.0000000000,15
2850,137,0.5841021013,47074864.0000000000,14
2850,138,0.5825187780,47074864.0000000000,13
2850,139,0.5847275626,47074864.0000000000,12
2850,140,0.5838411096,47074864.0000000000,8
2850,141,0.5846535597,47074864.0000000000,12
2850,142,0.5840378955,47074864.0000000000,22
2850,143,0.5846835097,47074864.0000000000,11
2850,144,0.5842050521,47074864.0000000000,23
2850,145,0.5847702891,47074864.0000000000,11
2850,146,0.5835482272,47074864.0000000000,17
2850,147,0.5824385983,47074864.0000000000,19
2850,148,0.5828512885,47074864.0000000000,7
2850,149,0.5815891760,47074864.0000000000,25
2850,150,0.5832701307,47074864.0000000000,26
2850,151,0.5838877657,47074864.0000000000,24
2850,152,0.5836023570,47074864.0000000000,8
2900,0,0.1879467360,268971088.0000000000,6
2900,1,0.1487937720,230675504.0000000000,9
2900,2,0.1294057700,212585808.0000000000,8
2900,3,0.1294001230,211983344.0000000000,13
2900,4,0.1278644920,211777200.0000000000,7
2900,5,0.1304545560,212774560.0000000000,11
2900,6,0.1544731660,235489984.0000000000,10
2900,7,0.3910539090,449827920.0000000000,28
2900,8,0.3017584450,373672176.0000000000,5
2900,9,0.3805305330,490031504.0000000000,29
2900,10,0.3929705580,491628864.0000000000,27
2900,11,0.3876059470,480279648.0000000000,15
2900,12,0.3188419400,419343280.0000000000,14
2900,13,0.3072825700,409995136.0000000000,17
2900,14,0.3215198930,421384288.0000000000,12
2900,15,0.3923444920,484631648.0000000000,16
2900,16,0.3239696070,432480448.0000000000,23
2900,17,0.2944598440,405863248.0000000000,4
2900,18,0.3177736410,436288192.0000000000,1
2900,19,0.3175458860,436510048.0000000000,9
2900,20,0.3343170680,448601200.0000000000,10
2900,21,0.4073065540,512489360.0000000000,31
2900,22,0.4127147910,522852048.0000000000,30
2900,23,0.4025344250,508020448.0000000000,26
2900,24,0.3242466010,441304288.0000000000,5
2900,25,0.3177834870,436508992.0000000000,6
2900,26,0.3175189700,436296880.0000000000,0
2900,27,0.3176047160,436291344.0000000000,2
2900,28,0.3177325360,436510400.0000000000,8
2900,29,0.3176527770,436506992.0000000000,1
2900,30,0.3178548250,436510256.0000000000,7
2900,31,0.3176288090,436506656.0000000000,0
2900,32,0.3178258930,436516368.0000000000,13
2900,33,0.3177517390,436511792.0000000000,3
2900,34,0.3176073980,436511392.0000000000,2
2900,35,0.3177346250,436284592.0000000000,21
2900,36,0.3171382860,435200784.0000000000,4
2900,37,0.3182472010,436471040.0000000000,11
2900,38,0.3180178080,436536432.0000000000,25
2900,39,0.3183532920,436482064.0000000000,22
2900,40,0.3184623300,436539024.0000000000,24
2900,41,0.3180405420,436500448.0000000000,18
2900,42,0.3183924280,436512704.0000000000,20
2900,43,0.3180570340,436499168.0000000000,19
2900,44,0.3170019310,435204384.0000000000,3
2900,45,0.0821753500,131811968.0000000000,23
2900,46,0.0821788210,132166064.0000000000,20
2900,47,0.0823257280,132160352.0000000000,22
2900,48,0.0822874500,132138048.0000000000,18
2900,49,0.0822885250,132150944.0000000000,21
2900,50,0.0821782090,132135328.0000000000,25
2900,51,0.0823029990,132152016.0000000000,24
2900,52,0.0821324420,132143712.0000000000,19
2900,53,0.0819888520,131823280.0000000000,26
2900,54,0.0206808490,54827568.0000000000,31
2900,55,0.0207262040,54827568.0000000000,20
2900,56,0.0206336630,54827568.0000000000,18
2900,57,0.0207066280,54827568.0000000000,30
2900,58,0.0206343080,54827568.0000000000,28
2900,59,0.0206342760,54827568.0000000000,31
2900,60,0.0206128220,54827568.0000000000,19
2900,61,0.0206584120,54827568.0000000000,16
2900,62,0.0206569640,54827568.0000000000,30
2900,63,0.0206476440,54827568.0000000000,26
2900,64,0.0206790610,54827568.0000000000,21
2900,65,0.0206270050,54827568.0000000000,28
2900,66,0.0206121650,54827568.0000000000,31
2900,67,0.0205694850,54827568.0000000000,27
2900,68,0.0206242900,54827568.0000000000,27
2900,69,0.0206690770,54827568.0000000000,26
2900,70,0.0206895470,54827568.0000000000,15
2900,71,0.0206744270,54827568.0000000000,30
2900,72,0.0205370300,54827568.0000000000,29
2900,73,0.0206489940,54827568.0000000000,22
2900,74,0.0205648300,54827568.0000000000,16
2900,75,0.0207382200,54827568.0000000000,24
2900,76,0.0206387980,54827568.0000000000,24
2900,77,0.0206151270,54827568.0000000000,18
2900,78,0.0206526240,54827568.0000000000,30
2900,79,0.0205276610,54827568.0000000000,29
2900,80,0.0206225460,54827568.0000000000,29
2900,81,0.0206443150,54827568.0000000000,16
2900,82,0.0206593710,54827568.0000000000,19
2900,83,0.0206870100,54827568.0000000000,12
2900,84,0.0206133870,54827568.0000000000,28
2900,85,0.0207237370,54827568.0000000000,21
2900,86,0.0206587730,54827568.0000000000,22
2900,87,0.0207184830,54827568.0000000000,31
2900,88,0.0206480650,54827568.0000000000,15
2900,89,0.0206151910,54827568.0000000000,14
2900,90,0.0206804230,54827568.0000000000,17
2900,91,0.0205671100,54827568.0000000000,25
2900,92,0.0206748910,54827568.0000000000,20
2900,93,0.0206797160,54827568.0000000000,12
2900,94,0.0206360190,54827568.0000000000,23
2900,95,0.0206029780,54827568.0000000000,25
2900,96,0.0205641380,54827568.0000000000,18
2900,97,0.0206174760,54827568.0000000000,25
2900,98,0.0206351290,54827568.0000000000,27
2900,99,0.0206454700,54827568.0000000000,31
2900,100,0.0205974360,54827568.0000000000,29
2900,101,0.0206068210,54827568.0000000000,19
2900,102,0.0206279530,54827568.0000000000,22
2900,103,0.0205615670,54827568.0000000000,27
2900,104,0.0206657590,54827568.0000000000,30
2900,105,0.0206474130,54827568.0000000000,24
2900,106,0.0206786720,54827568.0000000000,21
2900,107,0.0207189530,54827568.0000000000,14
2900,108,0.0205586410,54827568.0000000000,28
2900,109,0.0206243410,54827568.0000000000,15
2900,110,0.0205935720,54827568.0000000000,17
2900,111,0.0206281220,54827568.0000000000,23
2900,112,0.0206063280,54827568.0000000000,17
2900,113,0.0206141390,54827568.0000000000,29
2900,114,0.0206529740,54827568.0000000000,28
2900,115,0.0206670380,54827568.0000000000,20
2900,116,0.0206242870,54827568.0000000000,23
2900,117,0.0178656020,47074864.0000000000,17
2900,118,0.0178565570,47074864.0000000000,7
2900,119,0.0177866690,47074864.0000000000,18
2900,120,0.0178703030,47074864.0000000000,7
2900,121,0.0178900620,47074864.0000000000,21
2900,122,0.0178770590,47074864.0000000000,12
2900,123,0.0178214820,47074864.0000000000,13
2900,124,0.0178579830,47074864.0000000000,26
2900,125,0.0178376640,47074864.0000000000,13
2900,126,0.0177946460,47074864.0000000000,16
2900,127,0.0178279620,47074864.0000000000,7
2900,128,0.0178138380,47074864.0000000000,27
2900,129,0.0178831250,47074864.0000000000,8
2900,130,0.0178908370,47074864.0000000000,14
2900,131,0.0178870100,47074864.0000000000,15
2900,132,0.0179143230,47074864.0000000000,11
2900,133,0.0178958860,47074864.0000000000,14
2900,134,0.0178657760,47074864.0000000000,20
2900,135,0.0178216180,47074864.0000000000,16
2900,136,0.0178678320,47074864.0000000000,15
2900,137,0.0179008250,47074864.0000000000,14
2900,138,0.0178567330,47074864.0000000000,13
2900,139,0.0179100840,47074864.0000000000,12
2900,140,0.0178941270,47074864.0000000000,8
2900,141,0.0179024500,47074864.0000000000,12
2900,142,0.0178429900,47074864.0000000000,22
2900,143,0.0179326710,47074864.0000000000,11
2900,144,0.0178962040,47074864.0000000000,23
2900,145,0.0178688270,47074864.0000000000,11
2900,146,0.0178583950,47074864.0000000000,17
2900,147,0.0178689690,47074864.0000000000,19
2900,148,0.0178174820,47074864.0000000000,7
2900,149,0.0177677270,47074864.0000000000,25
2900,150,0.0178581840,47074864.0000000000,26
2900,151,0.0178908650,47074864.0000000000,24
2900,152,0.0178796770,47074864.0000000000,8
2950,0,5.9832646663,266530464.0000000000,6
2950,1,4.7395876550,229117424.0000000000,9
2950,2,4.1724907889,212591696.0000000000,8
2950,3,4.1666110494,212085424.0000000000,13
2950,4,4.1234115475,211802080.0000000000,7
2950,5,4.2032856275,213015584.0000000000,11
2950,6,4.9561494230,234540176.0000000000,10
2950,7,12.6240446518,453510512.0000000000,28
2950,8,9.6364244130,371523728.0000000000,5
2950,9,12.3176449275,492126432.0000000000,29
2950,10,12.6630581107,491686224.0000000000,27
2950,11,12.3703402502,476578816.0000000000,15
2950,12,10.1392651675,415372128.0000000000,14
2950,13,9.8586020630,409360240.0000000000,17
2950,14,10.2489328949,418049728.0000000000,12
2950,15,12.5629189692,483132336.0000000000,16
2950,16,10.4089989571,432545712.0000000000,23
2950,17,9.3532349379,405648912.0000000000,4
2950,18,10.2236876460,436273232.0000000000,1
2950,19,10.2222687675,436509216.0000000000,9
2950,20,10.8477500442,452809712.0000000000,10
2950,21,13.1827783583,515589296.0000000000,31
2950,22,13.2789664560,523255584.0000000000,30
2950,23,13.0104561213,510650880.0000000000,26
2950,24,10.4847873116,443304944.0000000000,5
2950,25,10.2238443126,436506832.0000000000,6
2950,26,10.2194153575,436286832.0000000000,0
2950,27,10.2202633733,436280832.0000000000,2
2950,28,10.2250860685,436510448.0000000000,8
2950,29,10.2271356801,436504864.0000000000,1
2950,30,10.2301766503,436512336.0000000000,7
2950,31,10.2227262839,436512720.0000000000,0
2950,32,10.2283860522,436513088.0000000000,13
2950,33,10.2296692233,436508176.0000000000,3
2950,34,10.2230495756,436512368.0000000000,2
2950,35,10.2264075543,436272368.0000000000,21
2950,36,10.2006185572,435175072.0000000000,4
2950,37,10.2460104151,436468144.0000000000,11
2950,38,10.2366495886,436538016.0000000000,25
2950,39,10.2460677639,436483024.0000000000,22
2950,40,10.2467318450,436538336.0000000000,24
2950,41,10.2342823058,436503808.0000000000,18
2950,42,10.2443533282,436515184.0000000000,20
2950,43,10.2366590697,436503216.0000000000,19
2950,44,10.2026877882,435178464.0000000000,3
2950,45,2.6518804330,131806800.0000000000,23
2950,46,2.6575125339,132165472.0000000000,20
2950,47,2.6555616197,132160096.0000000000,22
2950,48,2.6519819238,132139744.0000000000,18
2950,49,2.6555738478,132152176.0000000000,21
2950,50,2.6512918726,132134752.0000000000,25
2950,51,2.6562737049,132151616.0000000000,24
2950,52,2.6530554239,132142432.0000000000,19
2950,53,2.6497619575,131815648.0000000000,26
2950,54,0.6743854030,54827568.0000000000,31
2950,55,0.6754304140,54827568.0000000000,20
2950,56,0.6732809303,54827568.0000000000,18
2950,57,0.6755165670,54827568.0000000000,30
2950,58,0.6744249740,54827568.0000000000,28
2950,59,0.6743582002,54827568.0000000000,31
2950,60,0.6736455584,54827568.0000000000,19
2950,61,0.6734934560,54827568.0000000000,16
2950,62,0.6756013540,54827568.0000000000,30
2950,63,0.6748868305,54827568.0000000000,26
2950,64,0.6749766781,54827568.0000000000,21
2950,65,0.6740092846,54827568.0000000000,28
2950,66,0.6742535732,54827568.0000000000,31
2950,67,0.6738290405,54827568.0000000000,27
2950,68,0.6737855695,54827568.0000000000,27
2950,69,0.6749612616,54827568.0000000000,26
2950,70,0.6749092257,54827568.0000000000,15
2950,71,0.6753771943,54827568.0000000000,30
2950,72,0.6725601264,54827568.0000000000,29
2950,73,0.6752081161,54827568.0000000000,22
2950,74,0.6736794627,54827568.0000000000,16
2950,75,0.6755185546,54827568.0000000000,24
2950,76,0.6755369043,54827568.0000000000,24
2950,77,0.6732753836,54827568.0000000000,18
2950,78,0.6754957414,54827568.0000000000,30
2950,79,0.6722503950,54827568.0000000000,29
2950,80,0.6725593082,54827568.0000000000,29
2950,81,0.6743458445,54827568.0000000000,16
2950,82,0.6732679395,54827568.0000000000,19
2950,83,0.6752422129,54827568.0000000000,12
2950,84,0.6737490008,54827568.0000000000,28
2950,85,0.6755116169,54827568.0000000000,21
2950,86,0.6749800713,54827568.0000000000,22
2950,87,0.6741986804,54827568.0000000000,31
2950,88,0.6744510429,54827568.0000000000,15
2950,89,0.6747426227,54827568.0000000000,14
2950,90,0.6743831988,54827568.0000000000,17
2950,91,0.6725820217,54827568.0000000000,25
2950,92,0.6753955115,54827568.0000000000,20
2950,93,0.6752016669,54827568.0000000000,12
2950,94,0.6752940914,54827568.0000000000,23
2950,95,0.6725658959,54827568.0000000000,25
2950,96,0.6729049001,54827568.0000000000,18
2950,97,0.6729439623,54827568.0000000000,25
2950,98,0.6734862436,54827568.0000000000,27
2950,99,0.6742250898,54827568.0000000000,31
2950,100,0.6724170217,54827568.0000000000,29
2950,101,0.6736154650,54827568.0000000000,19
2950,102,0.6747938349,54827568.0000000000,22
2950,103,0.6738490362,54827568.0000000000,27
2950,104,0.6749803789,54827568.0000000000,30
2950,105,0.6755529810,54827568.0000000000,24
2950,106,0.6753832701,54827568.0000000000,21
2950,107,0.6750072488,54827568.0000000000,14
2950,108,0.6739769468,54827568.0000000000,28
2950,109,0.6742403165,54827568.0000000000,15
2950,110,0.6741897554,54827568.0000000000,17
2950,111,0.6749846322,54827568.0000000000,23
2950,112,0.6744951773,54827568.0000000000,17
2950,113,0.6725661052,54827568.0000000000,29
2950,114,0.6740067145,54827568.0000000000,28
2950,115,0.6758197441,54827568.0000000000,20
2950,116,0.6754782200,54827568.0000000000,23
2950,117,0.5838134394,47074864.0000000000,17
2950,118,0.5831284931,47074864.0000000000,7
2950,119,0.5813553075,47074864.0000000000,18
2950,120,0.5829752053,47074864.0000000000,7
2950,121,0.5841460416,47074864.0000000000,21
2950,122,0.5845740074,47074864.0000000000,12
2950,123,0.5828582774,47074864.0000000000,13
2950,124,0.5833142785,47074864.0000000000,26
2950,125,0.5828026334,47074864.0000000000,13
2950,126,0.5821931148,47074864.0000000000,16
2950,127,0.5830575407,47074864.0000000000,7
2950,128,0.5823518989,47074864.0000000000,27
2950,129,0.5839281418,47074864.0000000000,8
2950,130,0.5839627809,47074864.0000000000,14
2950,131,0.5842821666,47074864.0000000000,15
2950,132,0.5849162563,47074864.0000000000,11
2950,133,0.5840574645,47074864.0000000000,14
2950,134,0.5840667136,47074864.0000000000,20
2950,135,0.5828573287,47074864.0000000000,16
2950,136,0.5842979130,47074864.0000000000,15
2950,137,0.5838915486,47074864.0000000000,14
2950,138,0.5826017383,47074864.0000000000,13
2950,139,0.5844767447,47074864.0000000000,12
2950,140,0.5838772498,47074864.0000000000,8
2950,141,0.5843747121,47074864.0000000000,12
2950,142,0.5839599818,47074864.0000000000,22
2950,143,0.5847622418,47074864.0000000000,11
2950,144,0.5841601102,47074864.0000000000,23
2950,145,0.5847553876,47074864.0000000000,11
2950,146,0.5836530658,47074864.0000000000,17
2950,147,0.5824791337,47074864.0000000000,19
2950,148,0.5829533593,47074864.0000000000,7
2950,149,0.5814709161,47074864.0000000000,25
2950,150,0.5832590551,47074864.0000000000,26
2950,151,0.5838470126,47074864.0000000000,24
2950,152,0.5836888367,47074864.0000000000,8
3000,0,0.1815310660,263780688.0000000000,6
3000,1,0.1463165410,228476272.0000000000,9
3000,2,0.1296345990,212584048.0000000000,8
3000,3,0.1294522480,212153008.0000000000,13
3000,4,0.1282874790,211815584.0000000000,7
3000,5,0.1305872940,213245568.0000000000,11
3000,6,0.1529314110,233770800.0000000000,10
3000,7,0.3985032080,456769216.0000000000,28
3000,8,0.2969410630,369616800.0000000000,5
3000,9,0.3893789890,494479296.0000000000,29
3000,10,0.3951671170,491545216.0000000000,27
3000,11,0.3757730950,470416864.0000000000,15
3000,12,0.3117797300,413126640.0000000000,14
3000,13,0.3056001640,408371168.0000000000,17
3000,14,0.3141016110,415147120.0000000000,12
3000,15,0.3896870950,481556352.0000000000,16
3000,16,0.3234680900,431837280.0000000000,23
3000,17,0.2911466060,405384112.0000000000,4
3000,18,0.3176908210,436253552.0000000000,1
3000,19,0.3176701320,436510896.0000000000,9
3000,20,0.3476825630,459415248.0000000000,10
3000,21,0.4135007830,516967232.0000000000,31
3000,22,0.4144059000,523925568.0000000000,30
3000,23,0.4083304520,512195360.0000000000,26
3000,24,0.3299852280,445650784.0000000000,5
3000,25,0.3176505090,436506224.0000000000,6
3000,26,0.3176624980,436269280.0000000000,0
3000,27,0.3176560050,436262912.0000000000,2
3000,28,0.3177197060,436508896.0000000000,8
3000,29,0.3178533140,436512880.0000000000,1
3000,30,0.3179119550,436508096.0000000000,7
3000,31,0.3175826120,436505536.0000000000,0
3000,32,0.3178551590,436508080.0000000000,13
3000,33,0.3179319560,436513968.0000000000,3
3000,34,0.3175722920,436513536.0000000000,2
3000,35,0.3177628730,436258352.0000000000,21
3000,36,0.3169617340,435154080.0000000000,4
3000,37,0.3182916830,436462944.0000000000,11
3000,38,0.3180857920,436537200.0000000000,25
3000,39,0.3184516460,436481280.0000000000,22
3000,40,0.3184223930,436543648.0000000000,24
3000,41,0.3179964450,436502256.0000000000,18
3000,42,0.3183814310,436516512.0000000000,20
3000,43,0.3181090430,436502112.0000000000,19
3000,44,0.3169824450,435153248.0000000000,3
3000,45,0.0821763090,131803056.0000000000,23
3000,46,0.0824059530,132164896.0000000000,20
3000,47,0.0822548430,132160512.0000000000,22
3000,48,0.0821199480,132139424.0000000000,18
3000,49,0.0823762890,132151824.0000000000,21
3000,50,0.0821181590,132132896.0000000000,25
3000,51,0.0824544360,132149824.0000000000,24
3000,52,0.0822450800,132141424.0000000000,19
3000,53,0.0819992890,131808512.0000000000,26
3000,54,0.0206956370,54827568.0000000000,31
3000,55,0.0206594610,54827568.0000000000,20
3000,56,0.0206012700,54827568.0000000000,18
3000,57,0.0207263780,54827568.0000000000,30
3000,58,0.0206130480,54827568.0000000000,28
3000,59,0.0206010240,54827568.0000000000,31
3000,60,0.0206547650,54827568.0000000000,19
3000,61,0.0206052880,54827568.0000000000,16
3000,62,0.0207290120,54827568.0000000000,30
3000,63,0.0205519000,54827568.0000000000,26
3000,64,0.0206445930,54827568.0000000000,21
3000,65,0.0206424060,54827568.0000000000,28
3000,66,0.0206197230,54827568.0000000000,31
3000,67,0.0206661310,54827568.0000000000,27
3000,68,0.0206123670,54827568.0000000000,27
3000,69,0.0206189290,54827568.0000000000,26
3000,70,0.0206385950,54827568.0000000000,15
3000,71,0.0207063890,54827568.0000000000,30
3000,72,0.0205727490,54827568.0000000000,29
3000,73,0.0206278420,54827568.0000000000,22
3000,74,0.0206740310,54827568.0000000000,16
3000,75,0.0206736980,54827568.0000000000,24
3000,76,0.0206819440,54827568.0000000000,24
3000,77,0.0206075020,54827568.0000000000,18
3000,78,0.0206590160,54827568.0000000000,30
3000,79,0.0206106130,54827568.0000000000,29
3000,80,0.0205462280,54827568.0000000000,29
3000,81,0.0206453330,54827568.0000000000,16
3000,82,0.0205958490,54827568.0000000000,19
3000,83,0.0206253520,54827568.0000000000,12
3000,84,0.0206396090,54827568.0000000000,28
3000,85,0.0206961540,54827568.0000000000,21
3000,86,0.0206576700,54827568.0000000000,22
3000,87,0.0206519450,54827568.0000000000,31
3000,88,0.0206046510,54827568.0000000000,15
3000,89,0.0207172400,54827568.0000000000,14
3000,90,0.0206905410,54827568.0000000000,17
3000,91,0.0205716080,54827568.0000000000,25
3000,92,0.0206571280,54827568.0000000000,20
3000,93,0.0206294290,54827568.0000000000,12
3000,94,0.0207131760,54827568.0000000000,23
3000,95,0.0205619890,54827568.0000000000,25
3000,96,0.0206062800,54827568.0000000000,18
3000,97,0.0205174330,54827568.0000000000,25
3000,98,0.0206190810,54827568.0000000000,27
3000,99,0.0207010610,54827568.0000000000,31
3000,100,0.0205077820,54827568.0000000000,29
3000,101,0.0206234540,54827568.0000000000,19
3000,102,0.0206679010,54827568.0000000000,22
3000,103,0.0206781150,54827568.0000000000,27
3000,104,0.0206709500,54827568.0000000000,30
3000,105,0.0207117280,54827568.0000000000,24
3000,106,0.0207079180,54827568.0000000000,21
3000,107,0.0206490340,54827568.0000000000,14
3000,108,0.0205974570,54827568.0000000000,28
3000,109,0.0206512420,54827568.0000000000,15
3000,110,0.0206256060,54827568.0000000000,17
3000,111,0.0206862980,54827568.0000000000,23
3000,112,0.0206565160,54827568.0000000000,17
3000,113,0.0206283010,54827568.0000000000,29
3000,114,0.0206719620,54827568.0000000000,28
3000,115,0.0206131440,54827568.0000000000,20
3000,116,0.0207082890,54827568.0000000000,23
3000,117,0.0178866420,47074864.0000000000,17
3000,118,0.0178358780,47074864.0000000000,7
3000,119,0.0177938530,47074864.0000000000,18
3000,120,0.0178362590,47074864.0000000000,7
3000,121,0.0178971550,47074864.0000000000,21
3000,122,0.0178801080,47074864.0000000000,12
3000,123,0.0178735560,47074864.0000000000,13
3000,124,0.0178812290,47074864.0000000000,26
3000,125,0.0178305300,47074864.0000000000,13
3000,126,0.0178448300,47074864.0000000000,16
3000,127,0.0178264500,47074864.0000000000,7
3000,128,0.0178192200,47074864.0000000000,27
3000,129,0.0178499890,47074864.0000000000,8
3000,130,0.0178619930,47074864.0000000000,14
3000,131,0.0178762380,47074864.0000000000,15
3000,132,0.0178811390,47074864.0000000000,11
3000,133,0.0178576320,47074864.0000000000,14
3000,134,0.0178532210,47074864.0000000000,20
3000,135,0.0178259450,47074864.0000000000,16
3000,136,0.0178991330,47074864.0000000000,15
3000,137,0.0178799840,47074864.0000000000,14
3000,138,0.0178375540,47074864.0000000000,13
3000,139,0.0178771010,47074864.0000000000,12
3000,140,0.0178844170,47074864.0000000000,8
3000,141,0.0178767970,47074864.0000000000,12
3000,142,0.0178641610,47074864.0000000000,22
3000,143,0.0179146430,47074864.0000000000,11
3000,144,0.0179186750,47074864.0000000000,23
3000,145,0.0178890540,47074864.0000000000,11
3000,146,0.0178524160,47074864.0000000000,17
3000,147,0.0178558320,47074864.0000000000,19
3000,148,0.0178296770,47074864.0000000000,7
3000,149,0.0177835820,47074864.0000000000,25
3000,150,0.0178477870,47074864.0000000000,26
3000,151,0.0178895350,47074864.0000000000,24
3000,152,0.0178898060,47074864.0000000000,8
3050,0,5.8118443566,261425856.0000000000,6
3050,1,4.7149231198,228367968.0000000000,9
3050,2,4.1948902866,212551440.0000000000,8
3050,3,4.1632361238,212094080.0000000000,13
3050,4,4.1431404744,211776048.0000000000,7
3050,5,4.1988176183,213251440.0000000000,11
3050,6,4.9315194159,232720656.0000000000,10
3050,7,12.8430687782,458916416.0000000000,28
3050,8,9.5413877213,368564032.0000000000,5
3050,9,12.5841753584,496949520.0000000000,29
3050,10,12.7074600605,491372544.0000000000,27
3050,11,11.8396920873,459854016.0000000000,15
3050,12,9.9859424199,411561296.0000000000,14
3050,13,9.8078260576,407391424.0000000000,17
3050,14,10.0535804757,413351520.0000000000,12
3050,15,12.5171524250,481245856.0000000000,16
3050,16,10.3922989332,430832480.0000000000,23
3050,17,9.3749966973,405133552.0000000000,4
3050,18,10.2237610503,436241152.0000000000,1
3050,19,10.2213598488,436509568.0000000000,9
3050,20,11.4279116881,470226048.0000000000,10
3050,21,13.3269871313,518316496.0000000000,31
3050,22,13.3432849352,524951264.0000000000,30
3050,23,13.1562607584,513354224.0000000000,26
3050,24,10.6696561419,447645728.0000000000,5
3050,25,10.2242905376,436512144.0000000000,6
3050,26,10.2193312767,436256752.0000000000,0
3050,27,10.2190864507,436245664.0000000000,2
3050,28,10.2241382698,436513600.0000000000,8
3050,29,10.2263015334,436512800.0000000000,1
3050,30,10.2291858353,436509904.0000000000,7
3050,31,10.2221549527,436508112.0000000000,0
3050,32,10.2284165075,436508400.0000000000,13
3050,33,10.2292824684,436511808.0000000000,3
3050,34,10.2218255394,436510688.0000000000,2
3050,35,10.2255700302,436244976.0000000000,21
3050,36,10.1977077812,435133696.0000000000,4
3050,37,10.2434499973,436458224.0000000000,11
3050,38,10.2374485717,436532624.0000000000,25
3050,39,10.2461268917,436479952.0000000000,22
3050,40,10.2478507777,436544720.0000000000,24
3050,41,10.2334792777,436500800.0000000000,18
3050,42,10.2451240618,436516368.0000000000,20
3050,43,10.2369380075,436502320.0000000000,19
3050,44,10.2007727687,435132112.0000000000,3
3050,45,2.6522372200,131798240.0000000000,23
3050,46,2.6572842311,132165504.0000000000,20
3050,47,2.6562687444,132164272.0000000000,22
3050,48,2.6514977799,132142336.0000000000,18
3050,49,2.6558565263,132148624.0000000000,21
3050,50,2.6513705595,132134480.0000000000,25
3050,51,2.6569847004,132152896.0000000000,24
3050,52,2.6527056609,132138064.0000000000,19
3050,53,2.6491228572,131802656.0000000000,26
3050,54,0.6745496261,54827568.0000000000,31
3050,55,0.6756603132,54827568.0000000000,20
3050,56,0.6732154319,54827568.0000000000,18
3050,57,0.6755600513,54827568.0000000000,30
3050,58,0.6739539360,54827568.0000000000,28
3050,59,0.6740060038,54827568.0000000000,31
3050,60,0.6737741191,54827568.0000000000,19
3050,61,0.6735635585,54827568.0000000000,16
3050,62,0.6755832703,54827568.0000000000,30
3050,63,0.6747633140,54827568.0000000000,26
3050,64,0.6754794705,54827568.0000000000,21
3050,65,0.6738302705,54827568.0000000000,28
3050,66,0.6737190675,54827568.0000000000,31
3050,67,0.6738558526,54827568.0000000000,27
3050,68,0.6739805088,54827568.0000000000,27
3050,69,0.6746286714,54827568.0000000000,26
3050,70,0.6744940061,54827568.0000000000,15
3050,71,0.6755663458,54827568.0000000000,30
3050,72,0.6724848400,54827568.0000000000,29
3050,73,0.6745654200,54827568.0000000000,22
3050,74,0.6736924443,54827568.0000000000,16
3050,75,0.6755451533,54827568.0000000000,24
3050,76,0.6756376553,54827568.0000000000,24
3050,77,0.6730040131,54827568.0000000000,18
3050,78,0.6753673061,54827568.0000000000,30
3050,79,0.6720049692,54827568.0000000000,29
3050,80,0.6724554197,54827568.0000000000,29
3050,81,0.6734356708,54827568.0000000000,16
3050,82,0.6734582243,54827568.0000000000,19
3050,83,0.6752800946,54827568.0000000000,12
3050,84,0.6737204894,54827568.0000000000,28
3050,85,0.6751026188,54827568.0000000000,21
3050,86,0.6747565250,54827568.0000000000,22
3050,87,0.6745004839,54827568.0000000000,31
3050,88,0.6746377688,54827568.0000000000,15
3050,89,0.6751801297,54827568.0000000000,14
3050,90,0.6750077216,54827568.0000000000,17
3050,91,0.6730882335,54827568.0000000000,25
3050,92,0.6756310527,54827568.0000000000,20
3050,93,0.6753947026,54827568.0000000000,12
3050,94,0.6753133981,54827568.0000000000,23
3050,95,0.6726243348,54827568.0000000000,25
3050,96,0.6727827125,54827568.0000000000,18
3050,97,0.6728348653,54827568.0000000000,25
3050,98,0.6736276410,54827568.0000000000,27
3050,99,0.6745615098,54827568.0000000000,31
3050,100,0.6722065900,54827568.0000000000,29
3050,101,0.6735741170,54827568.0000000000,19
3050,102,0.6747661887,54827568.0000000000,22
3050,103,0.6735746019,54827568.0000000000,27
3050,104,0.6751573115,54827568.0000000000,30
3050,105,0.6755663816,54827568.0000000000,24
3050,106,0.6754429947,54827568.0000000000,21
3050,107,0.6749267482,54827568.0000000000,14
3050,108,0.6734396613,54827568.0000000000,28
3050,109,0.6744981883,54827568.0000000000,15
3050,110,0.6743031744,54827568.0000000000,17
3050,111,0.6754380055,54827568.0000000000,23
3050,112,0.6743139591,54827568.0000000000,17
3050,113,0.6723824225,54827568.0000000000,29
3050,114,0.6740582228,54827568.0000000000,28
3050,115,0.6758029389,54827568.0000000000,20
3050,116,0.6753062338,54827568.0000000000,23
3050,117,0.5838040954,47074864.0000000000,17
3050,118,0.5827752456,47074864.0000000000,7
3050,119,0.5815703572,47074864.0000000000,18
3050,120,0.5828463919,47074864.0000000000,7
3050,121,0.5841466920,47074864.0000000000,21
3050,122,0.5845174259,47074864.0000000000,12
3050,123,0.5829269980,47074864.0000000000,13
3050,124,0.5833721724,47074864.0000000000,26
3050,125,0.5826411754,47074864.0000000000,13
3050,126,0.5821159058,47074864.0000000000,16
3050,127,0.5830680375,47074864.0000000000,7
3050,128,0.5825965288,47074864.0000000000,27
3050,129,0.5836481135,47074864.0000000000,8
3050,130,0.5840078359,47074864.0000000000,14
3050,131,0.5843269190,47074864.0000000000,15
3050,132,0.5849711172,47074864.0000000000,11
3050,133,0.5839080931,47074864.0000000000,14
3050,134,0.5841290392,47074864.0000000000,20
3050,135,0.5844261194,47074864.0000000000,16
3050,136,0.5844199780,47074864.0000000000,15
3050,137,0.5842429891,47074864.0000000000,14
3050,138,0.5825612799,47074864.0000000000,13
3050,139,0.5844969387,47074864.0000000000,12
3050,140,0.5838621155,47074864.0000000000,8
3050,141,0.5846988520,47074864.0000000000,12
3050,142,0.5839950267,47074864.0000000000,22
3050,143,0.5845869964,47074864.0000000000,11
3050,144,0.5845030741,47074864.0000000000,23
3050,145,0.5845639288,47074864.0000000000,11
3050,146,0.5837576756,47074864.0000000000,17
3050,147,0.5825307164,47074864.0000000000,19
3050,148,0.5828732308,47074864.0000000000,7
3050,149,0.5815686678,47074864.0000000000,25
3050,150,0.5832049993,47074864.0000000000,26
3050,151,0.5839199526,47074864.0000000000,24
3050,152,0.5837769538,47074864.0000000000,8
3100,0,0.1779870620,259247600.0000000000,6
3100,1,0.1461509100,228297056.0000000000,9
3100,2,0.1294505020,212540688.0000000000,8
3100,3,0.1287718990,211960784.0000000000,13
3100,4,0.1278275040,211776624.0000000000,7
3100,5,0.1299843920,213265040.0000000000,11
3100,6,0.1516895390,231635824.0000000000,10
3100,7,0.4011468690,459607088.0000000000,28
3100,8,0.2973786440,368281680.0000000000,5
3100,9,0.3948253670,499234048.0000000000,29
3100,10,0.3958849210,491317328.0000000000,27
3100,11,0.3541085770,450720496.0000000000,15
3100,12,0.3084295000,410028624.0000000000,14
3100,13,0.3033150780,405938864.0000000000,17
3100,14,0.3106036090,411763760.0000000000,12
3100,15,0.3888121740,480265904.0000000000,16
3100,16,0.3227932970,430670288.0000000000,23
3100,17,0.2913358790,404894688.0000000000,4
3100,18,0.3176436610,436223712.0000000000,1
3100,19,0.3175221900,436513984.0000000000,9
3100,20,0.3700134230,478319168.0000000000,10
3100,21,0.4171386460,519352272.0000000000,31
3100,22,0.4176432750,525942800.0000000000,30
3100,23,0.4114742110,514234432.0000000000,26
3100,24,0.3355905100,449824352.0000000000,5
3100,25,0.3177285230,436511360.0000000000,6
3100,26,0.3177124930,436244784.0000000000,0
3100,27,0.3175672720,436231376.0000000000,2
3100,28,0.3176327740,436509056.0000000000,8
3100,29,0.3178326650,436511056.0000000000,1
3100,30,0.3178677000,436510688.0000000000,7
3100,31,0.3177881090,436511696.0000000000,0
3100,32,0.3179549230,436508016.0000000000,13
3100,33,0.3178405510,436505872.0000000000,3
3100,34,0.3178437760,436510176.0000000000,2
3100,35,0.3177694720,436232160.0000000000,21
3100,36,0.3167532820,435108592.0000000000,4
3100,37,0.3182904750,436457984.0000000000,11
3100,38,0.3179820730,436532672.0000000000,25
3100,39,0.3183888580,436476160.0000000000,22
3100,40,0.3184008030,436544048.0000000000,24
3100,41,0.3180179090,436498768.0000000000,18
3100,42,0.3183260380,436517440.0000000000,20
3100,43,0.3180325170,436500304.0000000000,19
3100,44,0.3167924080,435105712.0000000000,3
3100,45,0.0822618730,131793680.0000000000,23
3100,46,0.0823922750,132162928.0000000000,20
3100,47,0.0822189500,132167856.0000000000,22
3100,48,0.0822396270,132142816.0000000000,18
3100,49,0.0822692710,132148144.0000000000,21
3100,50,0.0822832340,132136096.0000000000,25
3100,51,0.0824035150,132154976.0000000000,24
3100,52,0.0821546930,132138208.0000000000,19
3100,53,0.0820958310,131797712.0000000000,26
3100,54,0.0206868320,54827568.0000000000,31
3100,55,0.0206561570,54827568.0000000000,20
3100,56,0.0206373200,54827568.0000000000,18
3100,57,0.0206974020,54827568.0000000000,30
3100,58,0.0206366940,54827568.0000000000,28
3100,59,0.0206021660,54827568.0000000000,31
3100,60,0.0206367380,54827568.0000000000,19
3100,61,0.0206463780,54827568.0000000000,16
3100,62,0.0207311860,54827568.0000000000,30
3100,63,0.0206803970,54827568.0000000000,26
3100,64,0.0206233120,54827568.0000000000,21
3100,65,0.0205767770,54827568.0000000000,28
3100,66,0.0205901320,54827568.0000000000,31
3100,67,0.0206325750,54827568.0000000000,27
3100,68,0.0206908070,54827568.0000000000,27
3100,69,0.0206783930,54827568.0000000000,26
3100,70,0.0207508440,54827568.0000000000,15
3100,71,0.0205963620,54827568.0000000000,30
3100,72,0.0206388670,54827568.0000000000,29
3100,73,0.0206166720,54827568.0000000000,22
3100,74,0.0206477600,54827568.0000000000,16
3100,75,0.0207108270,54827568.0000000000,24
3100,76,0.0206170350,54827568.0000000000,24
3100,77,0.0206005000,54827568.0000000000,18
3100,78,0.0206888940,54827568.0000000000,30
3100,79,0.0205195740,54827568.0000000000,29
3100,80,0.0205559560,54827568.0000000000,29
3100,81,0.0206240250,54827568.0000000000,16
3100,82,0.0206272190,54827568.0000000000,19
3100,83,0.0206901770,54827568.0000000000,12
3100,84,0.0205906240,54827568.0000000000,28
3100,85,0.0206823960,54827568.0000000000,21
3100,86,0.0206143060,54827568.0000000000,22
3100,87,0.0206503700,54827568.0000000000,31
3100,88,0.0205957540,54827568.0000000000,15
3100,89,0.0206148400,54827568.0000000000,14
3100,90,0.0206258370,54827568.0000000000,17
3100,91,0.0205644730,54827568.0000000000,25
3100,92,0.0207194990,54827568.0000000000,20
3100,93,0.0206382270,54827568.0000000000,12
3100,94,0.0206633220,54827568.0000000000,23
3100,95,0.0205593040,54827568.0000000000,25
3100,96,0.0206811830,54827568.0000000000,18
3100,97,0.0205721080,54827568.0000000000,25
3100,98,0.0205971970,54827568.0000000000,27
3100,99,0.0206509690,54827568.0000000000,31
3100,100,0.0205743320,54827568.0000000000,29
3100,101,0.0206402440,54827568.0000000000,19
3100,102,0.0206357390,54827568.0000000000,22
3100,103,0.0205849040,54827568.0000000000,27
3100,104,0.0207072710,54827568.0000000000,30
3100,105,0.0207294830,54827568.0000000000,24
3100,106,0.0206886200,54827568.0000000000,21
3100,107,0.0207019590,54827568.0000000000,14
3100,108,0.0206877130,54827568.0000000000,28
3100,109,0.0206481560,54827568.0000000000,15
3100,110,0.0206921260,54827568.0000000000,17
3100,111,0.0206409680,54827568.0000000000,23
3100,112,0.0205620750,54827568.0000000000,17
3100,113,0.0206417050,54827568.0000000000,29
3100,114,0.0206012530,54827568.0000000000,28
3100,115,0.0207001130,54827568.0000000000,20
3100,116,0.0206927470,54827568.0000000000,23
3100,117,0.0178621150,47074864.0000000000,17
3100,118,0.0178289750,47074864.0000000000,7
3100,119,0.0177938750,47074864.0000000000,18
3100,120,0.0178231930,47074864.0000000000,7
3100,121,0.0178706140,47074864.0000000000,21
3100,122,0.0178817390,47074864.0000000000,12
3100,123,0.0178425340,47074864.0000000000,13
3100,124,0.0178575930,47074864.0000000000,26
3100,125,0.0178203510,47074864.0000000000,13
3100,126,0.0178139890,47074864.0000000000,16
3100,127,0.0178391550,47074864.0000000000,7
3100,128,0.0178122750,47074864.0000000000,27
3100,129,0.0178677540,47074864.0000000000,8
3100,130,0.0178949350,47074864.0000000000,14
3100,131,0.0178333060,47074864.0000000000,15
3100,132,0.0178772120,47074864.0000000000,11
3100,133,0.0179042840,47074864.0000000000,14
3100,134,0.0178571570,47074864.0000000000,20
3100,135,0.0178534980,47074864.0000000000,16
3100,136,0.0179085030,47074864.0000000000,15
3100,137,0.0178563500,47074864.0000000000,14
3100,138,0.0178528520,47074864.0000000000,13
3100,139,0.0178833220,47074864.0000000000,12
3100,140,0.0178703780,47074864.0000000000,8
3100,141,0.0179016580,47074864.0000000000,12
3100,142,0.0178760740,47074864.0000000000,22
3100,143,0.0179124300,47074864.0000000000,11
3100,144,0.0178925760,47074864.0000000000,23
3100,145,0.0178924220,47074864.0000000000,11
3100,146,0.0178967410,47074864.0000000000,17
3100,147,0.0178536210,47074864.0000000000,19
3100,148,0.0178113980,47074864.0000000000,7
3100,149,0.0178088500,47074864.0000000000,25
3100,150,0.0178722320,47074864.0000000000,26
3100,151,0.0178827620,47074864.0000000000,24
3100,152,0.0178579560,47074864.0000000000,8
3150,0,5.6965171723,257456208.0000000000,6
3150,1,4.7044638829,228169168.0000000000,9
3150,2,4.1771354827,212527456.0000000000,8
3150,3,4.1497867691,211915488.0000000000,13
3150,4,4.1230314330,211867280.0000000000,7
3150,5,4.1907167372,213303712.0000000000,11
3150,6,4.8794406709,231173040.0000000000,10
3150,7,12.8800001884,459011136.0000000000,28
3150,8,9.5723285096,368932496.0000000000,5
3150,9,12.7116661866,501149760.0000000000,29
3150,10,12.7298378839,491405440.0000000000,27
3150,11,11.2520033234,444675120.0000000000,15
3150,12,9.8936372644,409122960.0000000000,14
3150,13,9.7242352501,405189920.0000000000,17
3150,14,9.9538985704,410537760.0000000000,12
3150,15,12.4612399853,478780752.0000000000,16
3150,16,10.4054458284,431402000.0000000000,23
3150,17,9.3674364294,404728848.0000000000,4
3150,18,10.2219426968,436207392.0000000000,1
3150,19,10.2224732515,436530624.0000000000,9
3150,20,12.0240139895,483817584.0000000000,10
3150,21,13.4277580693,519927168.0000000000,31
3150,22,13.4383512876,526429440.0000000000,30
3150,23,13.2481947022,514984496.0000000000,26
3150,24,10.8365417983,451666752.0000000000,5
3150,25,10.2254194802,436511808.0000000000,6
3150,26,10.2201109102,436225488.0000000000,0
3150,27,10.2191124000,436217232.0000000000,2
3150,28,10.2254326148,436509120.0000000000,8
3150,29,10.2254479376,436509888.0000000000,1
3150,30,10.2287547888,436517680.0000000000,7
3150,31,10.2225454350,436507664.0000000000,0
3150,32,10.2275417331,436511136.0000000000,13
3150,33,10.2288931762,436508800.0000000000,3
3150,34,10.2226739097,436508192.0000000000,2
3150,35,10.2258469083,436226336.0000000000,21
3150,36,10.1956122003,435089616.0000000000,4
3150,37,10.2435797452,436456224.0000000000,11
3150,38,10.2366090084,436533648.0000000000,25
3150,39,10.2460299476,436477328.0000000000,22
3150,40,10.2482959490,436544112.0000000000,24
3150,41,10.2348175243,436495568.0000000000,18
3150,42,10.2442691126,436517552.0000000000,20
3150,43,10.2365860766,436500944.0000000000,19
3150,44,10.1994378197,435077648.0000000000,3
3150,45,2.6524111605,131786336.0000000000,23
3150,46,2.6575821719,132162272.0000000000,20
3150,47,2.6560927327,132171104.0000000000,22
3150,48,2.6526433941,132143808.0000000000,18
3150,49,2.6555249499,132147968.0000000000,21
3150,50,2.6513708342,132134608.0000000000,25
3150,51,2.6565951949,132157216.0000000000,24
3150,52,2.6527364235,132138272.0000000000,19
3150,53,2.6495683624,131794816.0000000000,26
3150,54,0.6744790620,54827568.0000000000,31
3150,55,0.6756421938,54827568.0000000000,20
3150,56,0.6728351187,54827568.0000000000,18
3150,57,0.6755851155,54827568.0000000000,30
3150,58,0.6741654153,54827568.0000000000,28
3150,59,0.6742587823,54827568.0000000000,31
3150,60,0.6734813107,54827568.0000000000,19
3150,61,0.6732694962,54827568.0000000000,16
3150,62,0.6756508732,54827568.0000000000,30
3150,63,0.6745984818,54827568.0000000000,26
3150,64,0.6749692608,54827568.0000000000,21
3150,65,0.6737016412,54827568.0000000000,28
3150,66,0.6743599957,54827568.0000000000,31
3150,67,0.6737606875,54827568.0000000000,27
3150,68,0.6736547302,54827568.0000000000,27
3150,69,0.6748893632,54827568.0000000000,26
3150,70,0.6741457779,54827568.0000000000,15
3150,71,0.6756694487,54827568.0000000000,30
3150,72,0.6725526834,54827568.0000000000,29
3150,73,0.6745872334,54827568.0000000000,22
3150,74,0.6736330374,54827568.0000000000,16
3150,75,0.6761237796,54827568.0000000000,24
3150,76,0.6753851274,54827568.0000000000,24
3150,77,0.6731138781,54827568.0000000000,18
3150,78,0.6754327717,54827568.0000000000,30
3150,79,0.6724817648,54827568.0000000000,29
3150,80,0.6723148068,54827568.0000000000,29
3150,81,0.6736554099,54827568.0000000000,16
3150,82,0.6736431047,54827568.0000000000,19
3150,83,0.6752307917,54827568.0000000000,12
3150,84,0.6738850790,54827568.0000000000,28
3150,85,0.6752638632,54827568.0000000000,21
3150,86,0.6746770022,54827568.0000000000,22
3150,87,0.6745280929,54827568.0000000000,31
3150,88,0.6743445495,54827568.0000000000,15
3150,89,0.6749701778,54827568.0000000000,14
3150,90,0.6745300752,54827568.0000000000,17
3150,91,0.6729437732,54827568.0000000000,25
3150,92,0.6757468638,54827568.0000000000,20
3150,93,0.6754889695,54827568.0000000000,12
3150,94,0.6752111730,54827568.0000000000,23
3150,95,0.6724336738,54827568.0000000000,25
3150,96,0.6731671373,54827568.0000000000,18
3150,97,0.6724936386,54827568.0000000000,25
3150,98,0.6736140738,54827568.0000000000,27
3150,99,0.6741836346,54827568.0000000000,31
3150,100,0.6724060148,54827568.0000000000,29
3150,101,0.6736104243,54827568.0000000000,19
3150,102,0.6749335090,54827568.0000000000,22
3150,103,0.6738831682,54827568.0000000000,27
3150,104,0.6755321056,54827568.0000000000,30
3150,105,0.6757618156,54827568.0000000000,24
3150,106,0.6751407694,54827568.0000000000,21
3150,107,0.6751277087,54827568.0000000000,14
3150,108,0.6736454562,54827568.0000000000,28
3150,109,0.6744064486,54827568.0000000000,15
3150,110,0.6743580058,54827568.0000000000,17
3150,111,0.6753435025,54827568.0000000000,23
3150,112,0.6742038898,54827568.0000000000,17
3150,113,0.6727185581,54827568.0000000000,29
3150,114,0.6742079096,54827568.0000000000,28
3150,115,0.6758964760,54827568.0000000000,20
3150,116,0.6755696532,54827568.0000000000,23
3150,117,0.5836097368,47074864.0000000000,17
3150,118,0.5830139150,47074864.0000000000,7
3150,119,0.5814287470,47074864.0000000000,18
3150,120,0.5829655073,47074864.0000000000,7
3150,121,0.5843317603,47074864.0000000000,21
3150,122,0.5844495762,47074864.0000000000,12
3150,123,0.5828569589,47074864.0000000000,13
3150,124,0.5832746010,47074864.0000000000,26
3150,125,0.5826850006,47074864.0000000000,13
3150,126,0.5823201494,47074864.0000000000,16
3150,127,0.5829150258,47074864.0000000000,7
3150,128,0.5825206027,47074864.0000000000,27
3150,129,0.5837886936,47074864.0000000000,8
3150,130,0.5840707184,47074864.0000000000,14
3150,131,0.5841622879,47074864.0000000000,15
3150,132,0.5849115136,47074864.0000000000,11
3150,133,0.5838842174,47074864.0000000000,14
3150,134,0.5841477826,47074864.0000000000,20
3150,135,0.5822097785,47074864.0000000000,16
3150,136,0.5842167249,47074864.0000000000,15
3150,137,0.5840495055,47074864.0000000000,14
3150,138,0.5826150735,47074864.0000000000,13
3150,139,0.5843571505,47074864.0000000000,12
3150,140,0.5839697022,47074864.0000000000,8
3150,141,0.5846731685,47074864.0000000000,12
3150,142,0.5841660323,47074864.0000000000,22
3150,143,0.5846367228,47074864.0000000000,11
3150,144,0.5842585730,47074864.0000000000,23
3150,145,0.5846361513,47074864.0000000000,11
3150,146,0.5838235283,47074864.0000000000,17
3150,147,0.5826922872,47074864.0000000000,19
3150,148,0.5830159708,47074864.0000000000,7
3150,149,0.5816220282,47074864.0000000000,25
3150,150,0.5831631027,47074864.0000000000,26
3150,151,0.5839109735,47074864.0000000000,24
3150,152,0.5837459847,47074864.0000000000,8
3200,0,0.1751885140,255559264.0000000000,6
3200,1,0.1455147270,227975424.0000000000,9
3200,2,0.1285814500,212536896.0000000000,8
3200,3,0.1285304590,211917968.0000000000,13
3200,4,0.1280128200,212169680.0000000000,7
3200,5,0.1299067130,213370448.0000000000,11
3200,6,0.1504470850,230811760.0000000000,10
3200,7,0.3976129920,457117440.0000000000,28
3200,8,0.2965161100,370211136.0000000000,5
3200,9,0.3953664750,502739552.0000000000,29
3200,10,0.3954060460,491090112.0000000000,27
3200,11,0.3432332620,440355808.0000000000,15
3200,12,0.3069785310,408358688.0000000000,14
3200,13,0.3010142560,403957088.0000000000,17
3200,14,0.3076752410,409193728.0000000000,12
3200,15,0.3853432700,476798816.0000000000,16
3200,16,0.3240318520,432438672.0000000000,23
3200,17,0.2896234290,404600208.0000000000,4
3200,18,0.3175210540,436195392.0000000000,1
3200,19,0.3187953520,436992176.0000000000,9
3200,20,0.3810102770,487562640.0000000000,10
3200,21,0.4189882200,520366432.0000000000,31
3200,22,0.4197899370,527202240.0000000000,30
3200,23,0.4138292420,515676096.0000000000,26
3200,24,0.3403822990,453456624.0000000000,5
3200,25,0.3176816980,436510032.0000000000,6
3200,26,0.3175856000,436214656.0000000000,0
3200,27,0.3177772890,436205776.0000000000,2
3200,28,0.3177046640,436510240.0000000000,8
3200,29,0.3176199740,436512816.0000000000,1
3200,30,0.3179801420,436514560.0000000000,7
3200,31,0.3175340200,436506096.0000000000,0
3200,32,0.3178363140,436513808.0000000000,13
3200,33,0.3180036770,436509520.0000000000,3
3200,34,0.3175996450,436511776.0000000000,2
3200,35,0.3177495410,436212576.0000000000,21
3200,36,0.3169313330,435062496.0000000000,4
3200,37,0.3182420730,436457440.0000000000,11
3200,38,0.3181322140,436531856.0000000000,25
3200,39,0.3185255930,436477056.0000000000,22
3200,40,0.3183519080,436542160.0000000000,24
3200,41,0.3180087920,436492592.0000000000,18
3200,42,0.3181727790,436509216.0000000000,20
3200,43,0.3181154280,436499456.0000000000,19
3200,44,0.3169577100,435049392.0000000000,3
3200,45,0.0822204820,131782240.0000000000,23
3200,46,0.0822506010,132158880.0000000000,20
3200,47,0.0822223490,132172928.0000000000,22
3200,48,0.0821898600,132143440.0000000000,18
3200,49,0.0822157860,132148640.0000000000,21
3200,50,0.0822715210,132138144.0000000000,25
3200,51,0.0822872400,132160592.0000000000,24
3200,52,0.0822880840,132138736.0000000000,19
3200,53,0.0820142320,131790960.0000000000,26
3200,54,0.0205820170,54827568.0000000000,31
3200,55,0.0206923480,54827568.0000000000,20
3200,56,0.0205383380,54827568.0000000000,18
3200,57,0.0207207660,54827568.0000000000,30
3200,58,0.0206406720,54827568.0000000000,28
3200,59,0.0206549190,54827568.0000000000,31
3200,60,0.0206623670,54827568.0000000000,19
3200,61,0.0206414280,54827568.0000000000,16
3200,62,0.0207186230,54827568.0000000000,30
3200,63,0.0205564690,54827568.0000000000,26
3200,64,0.0207113530,54827568.0000000000,21
3200,65,0.0205951410,54827568.0000000000,28
3200,66,0.0206575240,54827568.0000000000,31
3200,67,0.0206507300,54827568.0000000000,27
3200,68,0.0206275240,54827568.0000000000,27
3200,69,0.0205773180,54827568.0000000000,26
3200,70,0.0206894050,54827568.0000000000,15
3200,71,0.0206655690,54827568.0000000000,30
3200,72,0.0205533400,54827568.0000000000,29
3200,73,0.0206739220,54827568.0000000000,22
3200,74,0.0205811230,54827568.0000000000,16
3200,75,0.0206861380,54827568.0000000000,24
3200,76,0.0206897850,54827568.0000000000,24
3200,77,0.0205903880,54827568.0000000000,18
3200,78,0.0206822710,54827568.0000000000,30
3200,79,0.0206421350,54827568.0000000000,29
3200,80,0.0205796320,54827568.0000000000,29
3200,81,0.0206337540,54827568.0000000000,16
3200,82,0.0206371090,54827568.0000000000,19
3200,83,0.0206296790,54827568.0000000000,12
3200,84,0.0206066550,54827568.0000000000,28
3200,85,0.0206130650,54827568.0000000000,21
3200,86,0.0206273820,54827568.0000000000,22
3200,87,0.0207159570,54827568.0000000000,31
3200,88,0.0206236200,54827568.0000000000,15
3200,89,0.0205820760,54827568.0000000000,14
3200,90,0.0207099300,54827568.0000000000,17
3200,91,0.0205793440,54827568.0000000000,25
3200,92,0.0207515800,54827568.0000000000,20
3200,93,0.0206599080,54827568.0000000000,12
3200,94,0.0206795330,54827568.0000000000,23
3200,95,0.0205292550,54827568.0000000000,25
3200,96,0.0206519300,54827568.0000000000,18
3200,97,0.0205482010,54827568.0000000000,25
3200,98,0.0205944100,54827568.0000000000,27
3200,99,0.0205920750,54827568.0000000000,31
3200,100,0.0205013300,54827568.0000000000,29
3200,101,0.0206145050,54827568.0000000000,19
3200,102,0.0206236040,54827568.0000000000,22
3200,103,0.0206281760,54827568.0000000000,27
3200,104,0.0206808290,54827568.0000000000,30
3200,105,0.0206903340,54827568.0000000000,24
3200,106,0.0206217410,54827568.0000000000,21
3200,107,0.0207094140,54827568.0000000000,14
3200,108,0.0206119950,54827568.0000000000,28
3200,109,0.0206390590,54827568.0000000000,15
3200,110,0.0206578720,54827568.0000000000,17
3200,111,0.0206472600,54827568.0000000000,23
3200,112,0.0206909330,54827568.0000000000,17
3200,113,0.0205911150,54827568.0000000000,29
3200,114,0.0205387790,54827568.0000000000,28
3200,115,0.0206689620,54827568.0000000000,20
3200,116,0.0207213130,54827568.0000000000,23
3200,117,0.0178339110,47074864.0000000000,17
3200,118,0.0178718480,47074864.0000000000,7
3200,119,0.0178105550,47074864.0000000000,18
3200,120,0.0178538650,47074864.0000000000,7
3200,121,0.0179156700,47074864.0000000000,21
3200,122,0.0179357840,47074864.0000000000,12
3200,123,0.0178156310,47074864.0000000000,13
3200,124,0.0178200400,47074864.0000000000,26
3200,125,0.0178271530,47074864.0000000000,13
3200,126,0.0178428780,47074864.0000000000,16
3200,127,0.0178367400,47074864.0000000000,7
3200,128,0.0178527940,47074864.0000000000,27
3200,129,0.0178461320,47074864.0000000000,8
3200,130,0.0178676510,47074864.0000000000,14
3200,131,0.0178856970,47074864.0000000000,15
3200,132,0.0179024720,47074864.0000000000,11
3200,133,0.0178831320,47074864.0000000000,14
3200,134,0.0178993470,47074864.0000000000,20
3200,135,0.0177982720,47074864.0000000000,16
3200,136,0.0178826600,47074864.0000000000,15
3200,137,0.0178675220,47074864.0000000000,14
3200,138,0.0177975350,47074864.0000000000,13
3200,139,0.0178451270,47074864.0000000000,12
3200,140,0.0179271690,47074864.0000000000,8
3200,141,0.0178646570,47074864.0000000000,12
3200,142,0.0178891380,47074864.0000000000,22
3200,143,0.0178882240,47074864.0000000000,11
3200,144,0.0179004200,47074864.0000000000,23
3200,145,0.0178686950,47074864.0000000000,11
3200,146,0.0178760600,47074864.0000000000,17
3200,147,0.0178732050,47074864.0000000000,19
3200,148,0.0178191370,47074864.0000000000,7
3200,149,0.0178162650,47074864.0000000000,25
3200,150,0.0178779540,47074864.0000000000,26
3200,151,0.0178728930,47074864.0000000000,24
3200,152,0.0178552300,47074864.0000000000,8
3250,0,5.6080302230,253758864.0000000000,6
3250,1,4.6615382396,227805136.0000000000,9
3250,2,4.1794862611,212635008.0000000000,8
3250,3,4.1432132012,211969968.0000000000,13
3250,4,4.1321569911,212360112.0000000000,7
3250,5,4.1855498143,213462528.0000000000,11
3250,6,4.8164025355,230447776.0000000000,10
3250,7,12.6991626022,453878672.0000000000,28
3250,8,9.6187424763,371583024.0000000000,5
3250,9,12.7470278781,504052272.0000000000,29
3250,10,12.6997347127,490469936.0000000000,27
3250,11,10.9648982879,437413280.0000000000,15
3250,12,9.8425042053,407629472.0000000000,14
3250,13,9.6494641893,402911632.0000000000,17
3250,14,9.8511880739,407913392.0000000000,12
3250,15,12.3270542390,474507184.0000000000,16
3250,16,10.4616926144,433743808.0000000000,23
3250,17,9.3370600541,404547536.0000000000,4
3250,18,10.2224589123,436181488.0000000000,1
3250,19,10.2783418642,437702032.0000000000,9
3250,20,12.3229687349,490471280.0000000000,10
3250,21,13.4779978061,520733904.0000000000,31
3250,22,13.5134982449,527778928.0000000000,30
3250,23,13.3258695921,516300944.0000000000,26
3250,24,10.9911073689,455401728.0000000000,5
3250,25,10.2242165395,436508672.0000000000,6
3250,26,10.2193560950,436200720.0000000000,0
3250,27,10.2179268617,436201152.0000000000,2
3250,28,10.2239285033,436507824.0000000000,8
3250,29,10.2257344601,436512800.0000000000,1
3250,30,10.2289365647,436507968.0000000000,7
3250,31,10.2225862956,436514768.0000000000,0
3250,32,10.2286089056,436507440.0000000000,13
3250,33,10.2296266558,436509088.0000000000,3
3250,34,10.2218880997,436513008.0000000000,2
3250,35,10.2249728873,436200320.0000000000,21
3250,36,10.1951636299,435036736.0000000000,4
3250,37,10.2451341601,436456352.0000000000,11
3250,38,10.2370840309,436532128.0000000000,25
3250,39,10.2465921345,436479120.0000000000,22
3250,40,10.2474441188,436542048.0000000000,24
3250,41,10.2352523762,436493776.0000000000,18
3250,42,10.2444718994,436509296.0000000000,20
3250,43,10.2377551963,436501840.0000000000,19
3250,44,10.1985729664,435028720.0000000000,3
3250,45,2.6520950746,131778128.0000000000,23
3250,46,2.6573262549,132161024.0000000000,20
3250,47,2.6565206828,132174864.0000000000,22
3250,48,2.6521812146,132141344.0000000000,18
3250,49,2.6559677448,132146464.0000000000,21
3250,50,2.6515984300,132139008.0000000000,25
3250,51,2.6567453082,132162128.0000000000,24
3250,52,2.6536648785,132141120.0000000000,19
3250,53,2.6492406364,131788432.0000000000,26
3250,54,0.6740918069,54827568.0000000000,31
3250,55,0.6758208963,54827568.0000000000,20
3250,56,0.6730477864,54827568.0000000000,18
3250,57,0.6756958981,54827568.0000000000,30
3250,58,0.6741813599,54827568.0000000000,28
3250,59,0.6742191583,54827568.0000000000,31
3250,60,0.6735579876,54827568.0000000000,19
3250,61,0.6733456757,54827568.0000000000,16
3250,62,0.6755849297,54827568.0000000000,30
3250,63,0.6749786006,54827568.0000000000,26
3250,64,0.6748789748,54827568.0000000000,21
3250,65,0.6741826879,54827568.0000000000,28
3250,66,0.6743197712,54827568.0000000000,31
3250,67,0.6742101168,54827568.0000000000,27
3250,68,0.6737296362,54827568.0000000000,27
3250,69,0.6748060280,54827568.0000000000,26
3250,70,0.6745142262,54827568.0000000000,15
3250,71,0.6756729736,54827568.0000000000,30
3250,72,0.6728932024,54827568.0000000000,29
3250,73,0.6746971483,54827568.0000000000,22
3250,74,0.6737579939,54827568.0000000000,16
3250,75,0.6758199761,54827568.0000000000,24
3250,76,0.6756253248,54827568.0000000000,24
3250,77,0.6730796033,54827568.0000000000,18
3250,78,0.6756592081,54827568.0000000000,30
3250,79,0.6726522614,54827568.0000000000,29
3250,80,0.6727133261,54827568.0000000000,29
3250,81,0.6735580341,54827568.0000000000,16
3250,82,0.6735359370,54827568.0000000000,19
3250,83,0.6752030079,54827568.0000000000,12
3250,84,0.6739073142,54827568.0000000000,28
3250,85,0.6751900346,54827568.0000000000,21
3250,86,0.6743414290,54827568.0000000000,22
3250,87,0.6743212783,54827568.0000000000,31
3250,88,0.6747007709,54827568.0000000000,15
3250,89,0.6750272327,54827568.0000000000,14
3250,90,0.6745002150,54827568.0000000000,17
3250,91,0.6730476430,54827568.0000000000,25
3250,92,0.6756375475,54827568.0000000000,20
3250,93,0.6753780235,54827568.0000000000,12
3250,94,0.6752378691,54827568.0000000000,23
3250,95,0.6725547071,54827568.0000000000,25
3250,96,0.6730921566,54827568.0000000000,18
3250,97,0.6729686447,54827568.0000000000,25
3250,98,0.6736503298,54827568.0000000000,27
3250,99,0.6742362281,54827568.0000000000,31
3250,100,0.6723864838,54827568.0000000000,29
3250,101,0.6735787297,54827568.0000000000,19
3250,102,0.6746070437,54827568.0000000000,22
3250,103,0.6735167295,54827568.0000000000,27
3250,104,0.6753653552,54827568.0000000000,30
3250,105,0.6757363988,54827568.0000000000,24
3250,106,0.6751226010,54827568.0000000000,21
3250,107,0.6751793753,54827568.0000000000,14
3250,108,0.6736433087,54827568.0000000000,28
3250,109,0.6747508610,54827568.0000000000,15
3250,110,0.6744995027,54827568.0000000000,17
3250,111,0.6753101407,54827568.0000000000,23
3250,112,0.6747072624,54827568.0000000000,17
3250,113,0.6728089660,54827568.0000000000,29
3250,114,0.6739852405,54827568.0000000000,28
3250,115,0.6752658496,54827568.0000000000,20
3250,116,0.6754024211,54827568.0000000000,23
3250,117,0.5837782778,47074864.0000000000,17
3250,118,0.5830294881,47074864.0000000000,7
3250,119,0.5816401416,47074864.0000000000,18
3250,120,0.5829616988,47074864.0000000000,7
3250,121,0.5842628444,47074864.0000000000,21
3250,122,0.5842998262,47074864.0000000000,12
3250,123,0.5827731788,47074864.0000000000,13
3250,124,0.5833850411,47074864.0000000000,26
3250,125,0.5825993700,47074864.0000000000,13
3250,126,0.5823170019,47074864.0000000000,16
3250,127,0.5829746772,47074864.0000000000,7
3250,128,0.5826788386,47074864.0000000000,27
3250,129,0.5835493064,47074864.0000000000,8
3250,130,0.5839610308,47074864.0000000000,14
3250,131,0.5839369537,47074864.0000000000,15
3250,132,0.5847410999,47074864.0000000000,11
3250,133,0.5840126851,47074864.0000000000,14
3250,134,0.5841711748,47074864.0000000000,20
3250,135,0.5822493367,47074864.0000000000,16
3250,136,0.5842023717,47074864.0000000000,15
3250,137,0.5841457734,47074864.0000000000,14
3250,138,0.5825499049,47074864.0000000000,13
3250,139,0.5845298477,47074864.0000000000,12
3250,140,0.5838912497,47074864.0000000000,8
3250,141,0.5847097692,47074864.0000000000,12
3250,142,0.5839153750,47074864.0000000000,22
3250,143,0.5845970568,47074864.0000000000,11
3250,144,0.5842892441,47074864.0000000000,23
3250,145,0.5846605162,47074864.0000000000,11
3250,146,0.5836238492,47074864.0000000000,17
3250,147,0.5825571490,47074864.0000000000,19
3250,148,0.5828029330,47074864.0000000000,7
3250,149,0.5815586790,47074864.0000000000,25
3250,150,0.5832753956,47074864.0000000000,26
3250,151,0.5838974491,47074864.0000000000,24
3250,152,0.5836198439,47074864.0000000000,8
3300,0,0.1715730120,251665888.0000000000,6
3300,1,0.1444534680,227615920.0000000000,9
3300,2,0.1303415960,212825072.0000000000,8
3300,3,0.1285697870,211962896.0000000000,13
3300,4,0.1292640780,212383184.0000000000,7
3300,5,0.1298791610,213472624.0000000000,11
3300,6,0.1500281790,230126480.0000000000,10
3300,7,0.3913158210,451168960.0000000000,28
3300,8,0.3028014400,372501696.0000000000,5
3300,9,0.4009468530,505239440.0000000000,29
3300,10,0.3947277300,489575696.0000000000,27
3300,11,0.3378059980,434963392.0000000000,15
3300,12,0.3052359430,406927920.0000000000,14
3300,13,0.2987883430,401938592.0000000000,17
3300,14,0.3038845680,406306688.0000000000,12
3300,15,0.3791788660,471372784.0000000000,16
3300,16,0.3283659910,435168672.0000000000,23
3300,17,0.2911178080,404588672.0000000000,4
3300,18,0.3175788880,436169936.0000000000,1
3300,19,0.3207842760,438523104.0000000000,9
3300,20,0.3878131780,492800656.0000000000,10
3300,21,0.4207900850,521066992.0000000000,31
3300,22,0.4221184050,528446784.0000000000,30
3300,23,0.4166426320,517228416.0000000000,26
3300,24,0.3464243650,457891600.0000000000,5
3300,25,0.3177806790,436511472.0000000000,6
3300,26,0.3175531580,436192736.0000000000,0
3300,27,0.3174131160,436190736.0000000000,2
3300,28,0.3178949800,436505760.0000000000,8
3300,29,0.3176549860,436509232.0000000000,1
3300,30,0.3178164580,436509184.0000000000,7
3300,31,0.3177592060,436512048.0000000000,0
3300,32,0.3178147550,436507152.0000000000,13
3300,33,0.3178178460,436512336.0000000000,3
3300,34,0.3176381520,436507680.0000000000,2
3300,35,0.3177407170,436191312.0000000000,21
3300,36,0.3168160420,435010208.0000000000,4
3300,37,0.3182415780,436460368.0000000000,11
3300,38,0.3182116500,436530320.0000000000,25
3300,39,0.3185189120,436486128.0000000000,22
3300,40,0.3186174400,436544400.0000000000,24
3300,41,0.3181338520,436487312.0000000000,18
3300,42,0.3186096490,436505680.0000000000,20
3300,43,0.3181057600,436500000.0000000000,19
3300,44,0.3169124120,435008928.0000000000,3
3300,45,0.0821255010,131773136.0000000000,23
3300,46,0.0823958620,132162000.0000000000,20
3300,47,0.0823422190,132174752.0000000000,22
3300,48,0.0821353370,132138832.0000000000,18
3300,49,0.0821431040,132144208.0000000000,21
3300,50,0.0821907560,132143664.0000000000,25
3300,51,0.0822730340,132162416.0000000000,24
3300,52,0.0821676930,132140896.0000000000,19
3300,53,0.0820705800,131779264.0000000000,26
3300,54,0.0206539380,54827568.0000000000,31
3300,55,0.0206745620,54827568.0000000000,20
3300,56,0.0205474060,54827568.0000000000,18
3300,57,0.0206844070,54827568.0000000000,30
3300,58,0.0206360410,54827568.0000000000,28
3300,59,0.0206710200,54827568.0000000000,31
3300,60,0.0206101690,54827568.0000000000,19
3300,61,0.0205823430,54827568.0000000000,16
3300,62,0.0206957780,54827568.0000000000,30
3300,63,0.0206358590,54827568.0000000000,26
3300,64,0.0206873200,54827568.0000000000,21
3300,65,0.0206059140,54827568.0000000000,28
3300,66,0.0206499880,54827568.0000000000,31
3300,67,0.0205987690,54827568.0000000000,27
3300,68,0.0206182270,54827568.0000000000,27
3300,69,0.0206201920,54827568.0000000000,26
3300,70,0.0207078520,54827568.0000000000,15
3300,71,0.0207386510,54827568.0000000000,30
3300,72,0.0205781300,54827568.0000000000,29
3300,73,0.0207197300,54827568.0000000000,22
3300,74,0.0206735410,54827568.0000000000,16
3300,75,0.0207052650,54827568.0000000000,24
3300,76,0.0206096610,54827568.0000000000,24
3300,77,0.0205874930,54827568.0000000000,18
3300,78,0.0206711710,54827568.0000000000,30
3300,79,0.0206062940,54827568.0000000000,29
3300,80,0.0205907730,54827568.0000000000,29
3300,81,0.0205266350,54827568.0000000000,16
3300,82,0.0205643700,54827568.0000000000,19
3300,83,0.0206436390,54827568.0000000000,12
3300,84,0.0206448190,54827568.0000000000,28
3300,85,0.0206222410,54827568.0000000000,21
3300,86,0.0206382540,54827568.0000000000,22
3300,87,0.0206177360,54827568.0000000000,31
3300,88,0.0206280660,54827568.0000000000,15
3300,89,0.0206878330,54827568.0000000000,14
3300,90,0.0206123400,54827568.0000000000,17
3300,91,0.0205432410,54827568.0000000000,25
3300,92,0.0207293580,54827568.0000000000,20
3300,93,0.0206529760,54827568.0000000000,12
3300,94,0.0206424390,54827568.0000000000,23
3300,95,0.0205968170,54827568.0000000000,25
3300,96,0.0206191350,54827568.0000000000,18
3300,97,0.0206288290,54827568.0000000000,25
3300,98,0.0206370250,54827568.0000000000,27
3300,99,0.0206922520,54827568.0000000000,31
3300,100,0.0205544220,54827568.0000000000,29
3300,101,0.0206083030,54827568.0000000000,19
3300,102,0.0206505140,54827568.0000000000,22
3300,103,0.0206175370,54827568.0000000000,27
3300,104,0.0207083530,54827568.0000000000,30
3300,105,0.0206672910,54827568.0000000000,24
3300,106,0.0206722660,54827568.0000000000,21
3300,107,0.0206956360,54827568.0000000000,14
3300,108,0.0206299400,54827568.0000000000,28
3300,109,0.0206209130,54827568.0000000000,15
3300,110,0.0207059010,54827568.0000000000,17
3300,111,0.0205815420,54827568.0000000000,23
3300,112,0.0206882170,54827568.0000000000,17
3300,113,0.0205436720,54827568.0000000000,29
3300,114,0.0206751070,54827568.0000000000,28
3300,115,0.0206214180,54827568.0000000000,20
3300,116,0.0206559860,54827568.0000000000,23
3300,117,0.0178607930,47074864.0000000000,17
3300,118,0.0178672170,47074864.0000000000,7
3300,119,0.0177847180,47074864.0000000000,18
3300,120,0.0178371510,47074864.0000000000,7
3300,121,0.0178731710,47074864.0000000000,21
3300,122,0.0178982030,47074864.0000000000,12
3300,123,0.0178267740,47074864.0000000000,13
3300,124,0.0178656100,47074864.0000000000,26
3300,125,0.0178311130,47074864.0000000000,13
3300,126,0.0177926400,47074864.0000000000,16
3300,127,0.0178286220,47074864.0000000000,7
3300,128,0.0178020850,47074864.0000000000,27
3300,129,0.0178820650,47074864.0000000000,8
3300,130,0.0178598490,47074864.0000000000,14
3300,131,0.0179053750,47074864.0000000000,15
3300,132,0.0179309870,47074864.0000000000,11
3300,133,0.0178633950,47074864.0000000000,14
3300,134,0.0178856920,47074864.0000000000,20
3300,135,0.0178077200,47074864.0000000000,16
3300,136,0.0179377990,47074864.0000000000,15
3300,137,0.0179002880,47074864.0000000000,14
3300,138,0.0178528760,47074864.0000000000,13
3300,139,0.0179230490,47074864.0000000000,12
3300,140,0.0178528070,47074864.0000000000,8
3300,141,0.0179037030,47074864.0000000000,12
3300,142,0.0178737180,47074864.0000000000,22
3300,143,0.0178797700,47074864.0000000000,11
3300,144,0.0179259210,47074864.0000000000,23
3300,145,0.0178969030,47074864.0000000000,11
3300,146,0.0178920720,47074864.0000000000,17
3300,147,0.0178639060,47074864.0000000000,19
3300,148,0.0178635890,47074864.0000000000,7
3300,149,0.0178084080,47074864.0000000000,25
3300,150,0.0178621830,47074864.0000000000,26
3300,151,0.0178593860,47074864.0000000000,24
3300,152,0.0178438390,47074864.0000000000,8
3350,0,5.4691744415,249480784.0000000000,6
3350,1,4.6529952488,227395568.0000000000,9
3350,2,4.2061545534,213040256.0000000000,8
3350,3,4.1482359515,211955264.0000000000,13
3350,4,4.1537379285,212338464.0000000000,7
3350,5,4.1966630184,213308864.0000000000,11
3350,6,4.8336795312,230035072.0000000000,10
3350,7,12.5651725505,450249504.0000000000,28
3350,8,9.7460662611,372706480.0000000000,5
3350,9,12.9320281412,506427248.0000000000,29
3350,10,12.6701677765,488619712.0000000000,27
3350,11,10.8172977230,433279264.0000000000,15
3350,12,9.8087753863,406261216.0000000000,14
3350,13,9.5959500945,401157008.0000000000,17
3350,14,9.7501508534,405263776.0000000000,12
3350,15,12.1127399739,468268560.0000000000,16
3350,16,10.5915036939,436384432.0000000000,23
3350,17,9.3695521183,404698928.0000000000,4
3350,18,10.2217727863,436160592.0000000000,1
3350,19,10.3483307783,439414736.0000000000,9
3350,20,12.5189939047,494664112.0000000000,10
3350,21,13.5323919225,521419904.0000000000,31
3350,22,13.5844664017,529043408.0000000000,30
3350,23,13.4070962866,517783376.0000000000,26
3350,24,11.2083519929,460599424.0000000000,5
3350,25,10.2243701688,436512048.0000000000,6
3350,26,10.2197595210,436179632.0000000000,0
3350,27,10.2184225383,436179184.0000000000,2
3350,28,10.2239943043,436510624.0000000000,8
3350,29,10.2261891639,436509216.0000000000,1
3350,30,10.2280590990,436511024.0000000000,7
3350,31,10.2223406763,436508560.0000000000,0
3350,32,10.2290168828,436514464.0000000000,13
3350,33,10.2294690594,436511024.0000000000,3
3350,34,10.2223316801,436507328.0000000000,2
3350,35,10.2249140227,436186064.0000000000,21
3350,36,10.1938302216,434991616.0000000000,4
3350,37,10.2455485924,436457600.0000000000,11
3350,38,10.2373104297,436530176.0000000000,25
3350,39,10.2467451209,436485120.0000000000,22
3350,40,10.2482897998,436546080.0000000000,24
3350,41,10.2340664743,436488640.0000000000,18
3350,42,10.2459584818,436505200.0000000000,20
3350,43,10.2367837878,436498816.0000000000,19
3350,44,10.1980839760,434993184.0000000000,3
3350,45,2.6517769463,131770288.0000000000,23
3350,46,2.6574878038,132161472.0000000000,20
3350,47,2.6562918676,132176704.0000000000,22
3350,48,2.6516239688,132137664.0000000000,18
3350,49,2.6557378248,132142176.0000000000,21
3350,50,2.6512558072,132144944.0000000000,25
3350,51,2.6567553941,132164720.0000000000,24
3350,52,2.6525601510,132142928.0000000000,19
3350,53,2.6499086083,131769696.0000000000,26
3350,54,0.6743924268,54827568.0000000000,31
3350,55,0.6757819939,54827568.0000000000,20
3350,56,0.6731889303,54827568.0000000000,18
3350,57,0.6755019826,54827568.0000000000,30
3350,58,0.6743824866,54827568.0000000000,28
3350,59,0.6741329003,54827568.0000000000,31
3350,60,0.6737286996,54827568.0000000000,19
3350,61,0.6733599720,54827568.0000000000,16
3350,62,0.6758230114,54827568.0000000000,30
3350,63,0.6749282327,54827568.0000000000,26
3350,64,0.6754097476,54827568.0000000000,21
3350,65,0.6739541198,54827568.0000000000,28
3350,66,0.6740063907,54827568.0000000000,31
3350,67,0.6739819296,54827568.0000000000,27
3350,68,0.6736747635,54827568.0000000000,27
3350,69,0.6745460100,54827568.0000000000,26
3350,70,0.6742799077,54827568.0000000000,15
3350,71,0.6753211088,54827568.0000000000,30
3350,72,0.6722940586,54827568.0000000000,29
3350,73,0.6748490234,54827568.0000000000,22
3350,74,0.6737803403,54827568.0000000000,16
3350,75,0.6757567325,54827568.0000000000,24
3350,76,0.6756385079,54827568.0000000000,24
3350,77,0.6727770206,54827568.0000000000,18
3350,78,0.6754175661,54827568.0000000000,30
3350,79,0.6725977652,54827568.0000000000,29
3350,80,0.6729248027,54827568.0000000000,29
3350,81,0.6736094155,54827568.0000000000,16
3350,82,0.6736449825,54827568.0000000000,19
3350,83,0.6750377707,54827568.0000000000,12
3350,84,0.6742820431,54827568.0000000000,28
3350,85,0.6753369512,54827568.0000000000,21
3350,86,0.6747155294,54827568.0000000000,22
3350,87,0.6742046238,54827568.0000000000,31
3350,88,0.6742690309,54827568.0000000000,15
3350,89,0.6749912625,54827568.0000000000,14
3350,90,0.6745074951,54827568.0000000000,17
3350,91,0.6730174573,54827568.0000000000,25
3350,92,0.6756284290,54827568.0000000000,20
3350,93,0.6748813123,54827568.0000000000,12
3350,94,0.6753545380,54827568.0000000000,23
3350,95,0.6726165036,54827568.0000000000,25
3350,96,0.6730978044,54827568.0000000000,18
3350,97,0.6730104611,54827568.0000000000,25
3350,98,0.6735343630,54827568.0000000000,27
3350,99,0.6746533668,54827568.0000000000,31
3350,100,0.6724778265,54827568.0000000000,29
3350,101,0.6734510036,54827568.0000000000,19
3350,102,0.6748202424,54827568.0000000000,22
3350,103,0.6735760773,54827568.0000000000,27
3350,104,0.6753034434,54827568.0000000000,30
3350,105,0.6761809624,54827568.0000000000,24
3350,106,0.6751204283,54827568.0000000000,21
3350,107,0.6751992658,54827568.0000000000,14
3350,108,0.6738057333,54827568.0000000000,28
3350,109,0.6743153532,54827568.0000000000,15
3350,110,0.6742005912,54827568.0000000000,17
3350,111,0.6751417350,54827568.0000000000,23
3350,112,0.6742739711,54827568.0000000000,17
3350,113,0.6723255176,54827568.0000000000,29
3350,114,0.6740826373,54827568.0000000000,28
3350,115,0.6754788961,54827568.0000000000,20
3350,116,0.6750557550,54827568.0000000000,23
3350,117,0.5837781800,47074864.0000000000,17
3350,118,0.5828735377,47074864.0000000000,7
3350,119,0.5815941048,47074864.0000000000,18
3350,120,0.5829205081,47074864.0000000000,7
3350,121,0.5839582645,47074864.0000000000,21
3350,122,0.5845682814,47074864.0000000000,12
3350,123,0.5828205630,47074864.0000000000,13
3350,124,0.5834773779,47074864.0000000000,26
3350,125,0.5827871560,47074864.0000000000,13
3350,126,0.5821651634,47074864.0000000000,16
3350,127,0.5828835077,47074864.0000000000,7
3350,128,0.5825239978,47074864.0000000000,27
3350,129,0.5835717635,47074864.0000000000,8
3350,130,0.5840725246,47074864.0000000000,14
3350,131,0.5844320622,47074864.0000000000,15
3350,132,0.5849600664,47074864.0000000000,11
3350,133,0.5840130905,47074864.0000000000,14
3350,134,0.5840813006,47074864.0000000000,20
3350,135,0.5820793133,47074864.0000000000,16
3350,136,0.5840818686,47074864.0000000000,15
3350,137,0.5840030478,47074864.0000000000,14
3350,138,0.5825614332,47074864.0000000000,13
3350,139,0.5845472951,47074864.0000000000,12
3350,140,0.5837223829,47074864.0000000000,8
3350,141,0.5845609446,47074864.0000000000,12
3350,142,0.5839052115,47074864.0000000000,22
3350,143,0.5846851797,47074864.0000000000,11
3350,144,0.5842616063,47074864.0000000000,23
3350,145,0.5847884739,47074864.0000000000,11
3350,146,0.5836470806,47074864.0000000000,17
3350,147,0.5825631017,47074864.0000000000,19
3350,148,0.5828834153,47074864.0000000000,7
3350,149,0.5815961529,47074864.0000000000,25
3350,150,0.5832520072,47074864.0000000000,26
3350,151,0.5840453948,47074864.0000000000,24
3350,152,0.5837641556,47074864.0000000000,8
3400,0,0.1650302050,246768720.0000000000,6
3400,1,0.1443195160,227119216.0000000000,9
3400,2,0.1300844700,213160576.0000000000,8
3400,3,0.1293346490,211981952.0000000000,13
3400,4,0.1281012690,212315280.0000000000,7
3400,5,0.1306129810,213086464.0000000000,11
3400,6,0.1495231630,230058464.0000000000,10
3400,7,0.3911515120,450366048.0000000000,28
3400,8,0.3029563900,372309616.0000000000,5
3400,9,0.4040608230,507580304.0000000000,29
3400,10,0.3931319010,487618560.0000000000,27
3400,11,0.3344289350,431779360.0000000000,15
3400,12,0.3042678310,405566032.0000000000,14
3400,13,0.2982109970,400589232.0000000000,17
3400,14,0.3026452090,404816928.0000000000,12
3400,15,0.3722142970,465119824.0000000000,16
3400,16,0.3310667970,437097312.0000000000,23
3400,17,0.2915226600,404826608.0000000000,4
3400,18,0.3176608870,436156608.0000000000,1
3400,19,0.3235809000,440413104.0000000000,9
3400,20,0.3927720680,496255072.0000000000,10
3400,21,0.4221706940,521718272.0000000000,31
3400,22,0.4239434480,529311088.0000000000,30
3400,23,0.4184231590,518003680.0000000000,26
3400,24,0.3536064920,463270064.0000000000,5
3400,25,0.3176394570,436511120.0000000000,6
3400,26,0.3175451140,436173504.0000000000,0
3400,27,0.3174298200,436167952.0000000000,2
3400,28,0.3180120600,436509344.0000000000,8
3400,29,0.3176923260,436510176.0000000000,1
3400,30,0.3176613090,436510128.0000000000,7
3400,31,0.3175675450,436506576.0000000000,0
3400,32,0.3178027930,436513376.0000000000,13
3400,33,0.3178689780,436509904.0000000000,3
3400,34,0.3175659310,436514272.0000000000,2
3400,35,0.3176739320,436178528.0000000000,21
3400,36,0.3168117740,434966656.0000000000,4
3400,37,0.3183412970,436455200.0000000000,11
3400,38,0.3180998060,436526944.0000000000,25
3400,39,0.3184073840,436487808.0000000000,22
3400,40,0.3183101450,436545952.0000000000,24
3400,41,0.3180267780,436486384.0000000000,18
3400,42,0.3183184900,436502272.0000000000,20
3400,43,0.3180619370,436496208.0000000000,19
3400,44,0.3168301620,434968304.0000000000,3
3400,45,0.0822065120,131763696.0000000000,23
3400,46,0.0823155840,132163040.0000000000,20
3400,47,0.0823107320,132176944.0000000000,22
3400,48,0.0820957320,132136912.0000000000,18
3400,49,0.0822462870,132141392.0000000000,21
3400,50,0.0822711020,132147232.0000000000,25
3400,51,0.0823118520,132163504.0000000000,24
3400,52,0.0822916490,132144288.0000000000,19
3400,53,0.0820401230,131764272.0000000000,26
3400,54,0.0206825410,54827568.0000000000,31
3400,55,0.0207111540,54827568.0000000000,20
3400,56,0.0205607320,54827568.0000000000,18
3400,57,0.0206979040,54827568.0000000000,30
3400,58,0.0206574940,54827568.0000000000,28
3400,59,0.0206187990,54827568.0000000000,31
3400,60,0.0206923740,54827568.0000000000,19
3400,61,0.0206545640,54827568.0000000000,16
3400,62,0.0206667510,54827568.0000000000,30
3400,63,0.0206283180,54827568.0000000000,26
3400,64,0.0207606690,54827568.0000000000,21
3400,65,0.0206750480,54827568.0000000000,28
3400,66,0.0205897520,54827568.0000000000,31
3400,67,0.0206382770,54827568.0000000000,27
3400,68,0.0206172760,54827568.0000000000,27
3400,69,0.0206224650,54827568.0000000000,26
3400,70,0.0206272960,54827568.0000000000,15
3400,71,0.0206773820,54827568.0000000000,30
3400,72,0.0206465120,54827568.0000000000,29
3400,73,0.0206574310,54827568.0000000000,22
3400,74,0.0206609460,54827568.0000000000,16
3400,75,0.0207237010,54827568.0000000000,24
3400,76,0.0206521620,54827568.0000000000,24
3400,77,0.0206210470,54827568.0000000000,18
3400,78,0.0206991540,54827568.0000000000,30
3400,79,0.0206303610,54827568.0000000000,29
3400,80,0.0205798530,54827568.0000000000,29
3400,81,0.0206505460,54827568.0000000000,16
3400,82,0.0206809860,54827568.0000000000,19
3400,83,0.0206594790,54827568.0000000000,12
3400,84,0.0205941800,54827568.0000000000,28
3400,85,0.0206431220,54827568.0000000000,21
3400,86,0.0206739910,54827568.0000000000,22
3400,87,0.0205837820,54827568.0000000000,31
3400,88,0.0207231990,54827568.0000000000,15
3400,89,0.0205901620,54827568.0000000000,14
3400,90,0.0206678180,54827568.0000000000,17
3400,91,0.0205884510,54827568.0000000000,25
3400,92,0.0206616490,54827568.0000000000,20
3400,93,0.0206214550,54827568.0000000000,12
3400,94,0.0206600260,54827568.0000000000,23
3400,95,0.0206356520,54827568.0000000000,25
3400,96,0.0206253340,54827568.0000000000,18
3400,97,0.0206164330,54827568.0000000000,25
3400,98,0.0206277860,54827568.0000000000,27
3400,99,0.0206855580,54827568.0000000000,31
3400,100,0.0205968140,54827568.0000000000,29
3400,101,0.0206412680,54827568.0000000000,19
3400,102,0.0206978890,54827568.0000000000,22
3400,103,0.0206139410,54827568.0000000000,27
3400,104,0.0206290190,54827568.0000000000,30
3400,105,0.0207388810,54827568.0000000000,24
3400,106,0.0206192550,54827568.0000000000,21
3400,107,0.0206625920,54827568.0000000000,14
3400,108,0.0206781850,54827568.0000000000,28
3400,109,0.0206463520,54827568.0000000000,15
3400,110,0.0206310190,54827568.0000000000,17
3400,111,0.0206789820,54827568.0000000000,23
3400,112,0.0206993810,54827568.0000000000,17
3400,113,0.0205680700,54827568.0000000000,29
3400,114,0.0205871970,54827568.0000000000,28
3400,115,0.0206892310,54827568.0000000000,20
3400,116,0.0206256070,54827568.0000000000,23
3400,117,0.0178788590,47074864.0000000000,17
3400,118,0.0178182040,47074864.0000000000,7
3400,119,0.0177909280,47074864.0000000000,18
3400,120,0.0178196050,47074864.0000000000,7
3400,121,0.0179078370,47074864.0000000000,21
3400,122,0.0178831820,47074864.0000000000,12
3400,123,0.0177996380,47074864.0000000000,13
3400,124,0.0178477260,47074864.0000000000,26
3400,125,0.0178471140,47074864.0000000000,13
3400,126,0.0178074410,47074864.0000000000,16
3400,127,0.0178239950,47074864.0000000000,7
3400,128,0.0178513210,47074864.0000000000,27
3400,129,0.0178614710,47074864.0000000000,8
3400,130,0.0178599490,47074864.0000000000,14
3400,131,0.0178783440,47074864.0000000000,15
3400,132,0.0179078110,47074864.0000000000,11
3400,133,0.0179007770,47074864.0000000000,14
3400,134,0.0178895900,47074864.0000000000,20
3400,135,0.0178121380,47074864.0000000000,16
3400,136,0.0178601980,47074864.0000000000,15
3400,137,0.0178967100,47074864.0000000000,14
3400,138,0.0178417030,47074864.0000000000,13
3400,139,0.0179636390,47074864.0000000000,12
3400,140,0.0178651780,47074864.0000000000,8
3400,141,0.0179156360,47074864.0000000000,12
3400,142,0.0178992910,47074864.0000000000,22
3400,143,0.0178763690,47074864.0000000000,11
3400,144,0.0178931780,47074864.0000000000,23
3400,145,0.0178658400,47074864.0000000000,11
3400,146,0.0178674870,47074864.0000000000,17
3400,147,0.0178463360,47074864.0000000000,19
3400,148,0.0178549930,47074864.0000000000,7
3400,149,0.0177819070,47074864.0000000000,25
3400,150,0.0178465630,47074864.0000000000,26
3400,151,0.0178822420,47074864.0000000000,24
3400,152,0.0178833160,47074864.0000000000,8
3450,0,5.2687295590,244195536.0000000000,6
3450,1,4.6481365085,226795232.0000000000,9
3450,2,4.1975299599,213231520.0000000000,8
3450,3,4.1666165073,212020816.0000000000,13
3450,4,4.1509529907,212387392.0000000000,7
3450,5,4.2043733946,212975520.0000000000,11
3450,6,4.8177616536,229987024.0000000000,10
3450,7,12.5882541704,451223184.0000000000,28
3450,8,9.7201111813,371286560.0000000000,5
3450,9,12.9789630315,508619104.0000000000,29
3450,10,12.6090450397,486831392.0000000000,27
3450,11,10.7233793705,430532752.0000000000,15
3450,12,9.7828243798,405027616.0000000000,14
3450,13,9.6017792787,400272512.0000000000,17
3450,14,9.7278485816,404437808.0000000000,12
3450,15,11.9171412359,462916832.0000000000,16
3450,16,10.6631390963,437335200.0000000000,23
3450,17,9.3676625663,404924752.0000000000,4
3450,18,10.2230502660,436144912.0000000000,1
3450,19,10.4321588664,441420320.0000000000,9
3450,20,12.6641034298,497706032.0000000000,10
3450,21,13.5671394303,521868016.0000000000,31
3450,22,13.6289617068,529347152.0000000000,30
3450,23,13.4498756389,518194640.0000000000,26
3450,24,11.4345537038,465732608.0000000000,5
3450,25,10.2244081430,436511264.0000000000,6
3450,26,10.2192357906,436163584.0000000000,0
3450,27,10.2169259041,436166256.0000000000,2
3450,28,10.2243104249,436509072.0000000000,8
3450,29,10.2261535474,436512256.0000000000,1
3450,30,10.2273838915,436509168.0000000000,7
3450,31,10.2224597124,436507104.0000000000,0
3450,32,10.2288835259,436515328.0000000000,13
3450,33,10.2295480353,436506704.0000000000,3
3450,34,10.2227951313,436516048.0000000000,2
3450,35,10.2250671452,436177776.0000000000,21
3450,36,10.1929392447,434936464.0000000000,4
3450,37,10.2447539837,436454144.0000000000,11
3450,38,10.2379172955,436532192.0000000000,25
3450,39,10.2473442448,436490976.0000000000,22
3450,40,10.2482748667,436543056.0000000000,24
3450,41,10.2352018176,436489072.0000000000,18
3450,42,10.2452653078,436499360.0000000000,20
3450,43,10.2378479097,436494864.0000000000,19
3450,44,10.1978181150,434942128.0000000000,3
3450,45,2.6521744996,131759904.0000000000,23
3450,46,2.6577723759,132164640.0000000000,20
3450,47,2.6565256683,132175808.0000000000,22
3450,48,2.6520240802,132135712.0000000000,18
3450,49,2.6556231675,132141168.0000000000,21
3450,50,2.6515984455,132146688.0000000000,25
3450,51,2.6569201590,132166256.0000000000,24
3450,52,2.6536017272,132146240.0000000000,19
3450,53,2.6488218371,131763136.0000000000,26
3450,54,0.6741021770,54827568.0000000000,31
3450,55,0.6757655074,54827568.0000000000,20
3450,56,0.6730420075,54827568.0000000000,18
3450,57,0.6754619867,54827568.0000000000,30
3450,58,0.6736707050,54827568.0000000000,28
3450,59,0.6744974379,54827568.0000000000,31
3450,60,0.6741245376,54827568.0000000000,19
3450,61,0.6736240411,54827568.0000000000,16
3450,62,0.6754695915,54827568.0000000000,30
3450,63,0.6750095245,54827568.0000000000,26
3450,64,0.6753464443,54827568.0000000000,21
3450,65,0.6741812913,54827568.0000000000,28
3450,66,0.6741472305,54827568.0000000000,31
3450,67,0.6739209575,54827568.0000000000,27
3450,68,0.6738828239,54827568.0000000000,27
3450,69,0.6749788041,54827568.0000000000,26
3450,70,0.6743371690,54827568.0000000000,15
3450,71,0.6755914368,54827568.0000000000,30
3450,72,0.6725159740,54827568.0000000000,29
3450,73,0.6746275239,54827568.0000000000,22
3450,74,0.6738302118,54827568.0000000000,16
3450,75,0.6758957505,54827568.0000000000,24
3450,76,0.6755231989,54827568.0000000000,24
3450,77,0.6730568967,54827568.0000000000,18
3450,78,0.6758269191,54827568.0000000000,30
3450,79,0.6727336018,54827568.0000000000,29
3450,80,0.6725351848,54827568.0000000000,29
3450,81,0.6735616648,54827568.0000000000,16
3450,82,0.6736242815,54827568.0000000000,19
3450,83,0.6751417591,54827568.0000000000,12
3450,84,0.6741436672,54827568.0000000000,28
3450,85,0.6752307507,54827568.0000000000,21
3450,86,0.6747069014,54827568.0000000000,22
3450,87,0.6744639250,54827568.0000000000,31
3450,88,0.6744820071,54827568.0000000000,15
3450,89,0.6751023292,54827568.0000000000,14
3450,90,0.6749485930,54827568.0000000000,17
3450,91,0.6725336213,54827568.0000000000,25
3450,92,0.6753316576,54827568.0000000000,20
3450,93,0.6752012849,54827568.0000000000,12
3450,94,0.6753315973,54827568.0000000000,23
3450,95,0.6727331259,54827568.0000000000,25
3450,96,0.6730446602,54827568.0000000000,18
3450,97,0.6731101592,54827568.0000000000,25
3450,98,0.6734863600,54827568.0000000000,27
3450,99,0.6740400334,54827568.0000000000,31
3450,100,0.6723403318,54827568.0000000000,29
3450,101,0.6739957401,54827568.0000000000,19
3450,102,0.6745809182,54827568.0000000000,22
3450,103,0.6739332115,54827568.0000000000,27
3450,104,0.6753084337,54827568.0000000000,30
3450,105,0.6755934479,54827568.0000000000,24
3450,106,0.6751651648,54827568.0000000000,21
3450,107,0.6747670776,54827568.0000000000,14
3450,108,0.6740989153,54827568.0000000000,28
3450,109,0.6743070417,54827568.0000000000,15
3450,110,0.6744788231,54827568.0000000000,17
3450,111,0.6754018030,54827568.0000000000,23
3450,112,0.6745416942,54827568.0000000000,17
3450,113,0.6726525384,54827568.0000000000,29
3450,114,0.6738053760,54827568.0000000000,28
3450,115,0.6754317639,54827568.0000000000,20
3450,116,0.6754364627,54827568.0000000000,23
3450,117,0.5838200421,47074864.0000000000,17
3450,118,0.5828666591,47074864.0000000000,7
3450,119,0.5815914429,47074864.0000000000,18
3450,120,0.5829910906,47074864.0000000000,7
3450,121,0.5841348263,47074864.0000000000,21
3450,122,0.5845174760,47074864.0000000000,12
3450,123,0.5827637868,47074864.0000000000,13
3450,124,0.5833769908,47074864.0000000000,26
3450,125,0.5826870155,47074864.0000000000,13
3450,126,0.5821957626,47074864.0000000000,16
3450,127,0.5828591166,47074864.0000000000,7
3450,128,0.5825863274,47074864.0000000000,27
3450,129,0.5835889959,47074864.0000000000,8
3450,130,0.5840499009,47074864.0000000000,14
3450,131,0.5843848648,47074864.0000000000,15
3450,132,0.5850422104,47074864.0000000000,11
3450,133,0.5838339736,47074864.0000000000,14
3450,134,0.5842665694,47074864.0000000000,20
3450,135,0.5821767102,47074864.0000000000,16
3450,136,0.5844735156,47074864.0000000000,15
3450,137,0.5839468913,47074864.0000000000,14
3450,138,0.5828040363,47074864.0000000000,13
3450,139,0.5847931948,47074864.0000000000,12
3450,140,0.5838445435,47074864.0000000000,8
3450,141,0.5846662491,47074864.0000000000,12
3450,142,0.5838396883,47074864.0000000000,22
3450,143,0.5847299818,47074864.0000000000,11
3450,144,0.5843312809,47074864.0000000000,23
3450,145,0.5845705015,47074864.0000000000,11
3450,146,0.5834852122,47074864.0000000000,17
3450,147,0.5824754272,47074864.0000000000,19
3450,148,0.5828826756,47074864.0000000000,7
3450,149,0.5815966184,47074864.0000000000,25
3450,150,0.5831924413,47074864.0000000000,26
3450,151,0.5837811895,47074864.0000000000,24
3450,152,0.5839310360,47074864.0000000000,8
3500,0,0.1591171810,241585168.0000000000,6
3500,1,0.1423393260,226413760.0000000000,9
3500,2,0.1301652110,213299792.0000000000,8
3500,3,0.1291234120,212083072.0000000000,13
3500,4,0.1293249670,212478208.0000000000,7
3500,5,0.1302853250,212962640.0000000000,11
3500,6,0.1494088550,230008128.0000000000,10
3500,7,0.3936558950,452789952.0000000000,28
3500,8,0.2989374430,369630368.0000000000,5
3500,9,0.4069564670,509637824.0000000000,29
3500,10,0.3908262500,486132960.0000000000,27
3500,11,0.3312484870,429048720.0000000000,15
3500,12,0.3026596850,404149424.0000000000,14
3500,13,0.2980568960,399808512.0000000000,17
3500,14,0.3017789310,403959776.0000000000,12
3500,15,0.3673565780,460702464.0000000000,16
3500,16,0.3319588960,437549568.0000000000,23
3500,17,0.2905902450,404933344.0000000000,4
3500,18,0.3174403700,436139920.0000000000,1
3500,19,0.3261518260,442419808.0000000000,9
3500,20,0.3968768950,499068288.0000000000,10
3500,21,0.4232019810,522337520.0000000000,31
3500,22,0.4249617170,529440368.0000000000,30
3500,23,0.4192881540,518380672.0000000000,26
3500,24,0.3598440010,467749616.0000000000,5
3500,25,0.3178411070,436523344.0000000000,6
3500,26,0.3175014560,436156448.0000000000,0
3500,27,0.3175203110,436158320.0000000000,2
3500,28,0.3177890430,436509792.0000000000,8
3500,29,0.3178685330,436510688.0000000000,1
3500,30,0.3179595250,436506528.0000000000,7
3500,31,0.3176333300,436509520.0000000000,0
3500,32,0.3177368950,436511520.0000000000,13
3500,33,0.3177850730,436508352.0000000000,3
3500,34,0.3174976480,436511904.0000000000,2
3500,35,0.3178373120,436169968.0000000000,21
3500,36,0.3167386620,434912176.0000000000,4
3500,37,0.3184293830,436449136.0000000000,11
3500,38,0.3179670530,436532016.0000000000,25
3500,39,0.3184041400,436493008.0000000000,22
3500,40,0.3184707590,436543312.0000000000,24
3500,41,0.3181146260,436491680.0000000000,18
3500,42,0.3185303530,436497856.0000000000,20
3500,43,0.3180876750,436495904.0000000000,19
3500,44,0.3168746170,434922480.0000000000,3
3500,45,0.0821276370,131755504.0000000000,23
3500,46,0.0822511050,132168912.0000000000,20
3500,47,0.0825536120,132176064.0000000000,22
3500,48,0.0820353850,132133696.0000000000,18
3500,49,0.0821670200,132138512.0000000000,21
3500,50,0.0821731410,132149184.0000000000,25
3500,51,0.0823567770,132166864.0000000000,24
3500,52,0.0821495040,132147408.0000000000,19
3500,53,0.0820678290,131755360.0000000000,26
3500,54,0.0206064660,54827568.0000000000,31
3500,55,0.0206601640,54827568.0000000000,20
3500,56,0.0206240640,54827568.0000000000,18
3500,57,0.0206865010,54827568.0000000000,30
3500,58,0.0206978330,54827568.0000000000,28
3500,59,0.0205915370,54827568.0000000000,31
3500,60,0.0207072350,54827568.0000000000,19
3500,61,0.0206613160,54827568.0000000000,16
3500,62,0.0207228410,54827568.0000000000,30
3500,63,0.0207411860,54827568.0000000000,26
3500,64,0.0207087080,54827568.0000000000,21
3500,65,0.0206675850,54827568.0000000000,28
3500,66,0.0206309430,54827568.0000000000,31
3500,67,0.0206386670,54827568.0000000000,27
3500,68,0.0205991500,54827568.0000000000,27
3500,69,0.0206549590,54827568.0000000000,26
3500,70,0.0207009300,54827568.0000000000,15
3500,71,0.0206824530,54827568.0000000000,30
3500,72,0.0206231690,54827568.0000000000,29
3500,73,0.0206749730,54827568.0000000000,22
3500,74,0.0206449740,54827568.0000000000,16
3500,75,0.0207303540,54827568.0000000000,24
3500,76,0.0206593780,54827568.0000000000,24
3500,77,0.0205511630,54827568.0000000000,18
3500,78,0.0206262630,54827568.0000000000,30
3500,79,0.0205691520,54827568.0000000000,29
3500,80,0.0205665290,54827568.0000000000,29
3500,81,0.0206303740,54827568.0000000000,16
3500,82,0.0206109380,54827568.0000000000,19
3500,83,0.0206543990,54827568.0000000000,12
3500,84,0.0206644870,54827568.0000000000,28
3500,85,0.0205561430,54827568.0000000000,21
3500,86,0.0205344850,54827568.0000000000,22
3500,87,0.0206788360,54827568.0000000000,31
3500,88,0.0206254820,54827568.0000000000,15
3500,89,0.0206931150,54827568.0000000000,14
3500,90,0.0206089840,54827568.0000000000,17
3500,91,0.0206035970,54827568.0000000000,25
3500,92,0.0206980990,54827568.0000000000,20
3500,93,0.0206727330,54827568.0000000000,12
3500,94,0.0206723290,54827568.0000000000,23
3500,95,0.0205695460,54827568.0000000000,25
3500,96,0.0205903590,54827568.0000000000,18
3500,97,0.0206195590,54827568.0000000000,25
3500,98,0.0205612670,54827568.0000000000,27
3500,99,0.0206119360,54827568.0000000000,31
3500,100,0.0206374460,54827568.0000000000,29
3500,101,0.0206128200,54827568.0000000000,19
3500,102,0.0207054540,54827568.0000000000,22
3500,103,0.0207237910,54827568.0000000000,27
3500,104,0.0206368640,54827568.0000000000,30
3500,105,0.0206964890,54827568.0000000000,24
3500,106,0.0207077280,54827568.0000000000,21
3500,107,0.0206604800,54827568.0000000000,14
3500,108,0.0206485160,54827568.0000000000,28
3500,109,0.0206398620,54827568.0000000000,15
3500,110,0.0206118900,54827568.0000000000,17
3500,111,0.0206730890,54827568.0000000000,23
3500,112,0.0206651030,54827568.0000000000,17
3500,113,0.0205301480,54827568.0000000000,29
3500,114,0.0205955820,54827568.0000000000,28
3500,115,0.0207174870,54827568.0000000000,20
3500,116,0.0206858650,54827568.0000000000,23
3500,117,0.0178765520,47074864.0000000000,17
3500,118,0.0178553530,47074864.0000000000,7
3500,119,0.0177607190,47074864.0000000000,18
3500,120,0.0178325410,47074864.0000000000,7
3500,121,0.0178573790,47074864.0000000000,21
3500,122,0.0178779940,47074864.0000000000,12
3500,123,0.0178789440,47074864.0000000000,13
3500,124,0.0178192480,47074864.0000000000,26
3500,125,0.0178654260,47074864.0000000000,13
3500,126,0.0178235800,47074864.0000000000,16
3500,127,0.0178442540,47074864.0000000000,7
3500,128,0.0178344790,47074864.0000000000,27
3500,129,0.0178439290,47074864.0000000000,8
3500,130,0.0179182520,47074864.0000000000,14
3500,131,0.0179092230,47074864.0000000000,15
3500,132,0.0178719240,47074864.0000000000,11
3500,133,0.0179062570,47074864.0000000000,14
3500,134,0.0178839700,47074864.0000000000,20
3500,135,0.0178466850,47074864.0000000000,16
3500,136,0.0178593880,47074864.0000000000,15
3500,137,0.0178719630,47074864.0000000000,14
3500,138,0.0178177750,47074864.0000000000,13
3500,139,0.0178577030,47074864.0000000000,12
3500,140,0.0178546090,47074864.0000000000,8
3500,141,0.0178590970,47074864.0000000000,12
3500,142,0.0178989270,47074864.0000000000,22
3500,143,0.0179043970,47074864.0000000000,11
3500,144,0.0178981360,47074864.0000000000,23
3500,145,0.0179116210,47074864.0000000000,11
3500,146,0.0179343760,47074864.0000000000,17
3500,147,0.0178376180,47074864.0000000000,19
3500,148,0.0178487520,47074864.0000000000,7
3500,149,0.0177978970,47074864.0000000000,25
3500,150,0.0178604680,47074864.0000000000,26
3500,151,0.0178726530,47074864.0000000000,24
3500,152,0.0178764020,47074864.0000000000,8
3550,0,5.0870947565,239649328.0000000000,6
3550,1,4.5838897227,226087376.0000000000,9
3550,2,4.2023278608,213366144.0000000000,8
3550,3,4.1720905990,212162640.0000000000,13
3550,4,4.1701721814,212532240.0000000000,7
3550,5,4.2062562964,212952992.0000000000,11
3550,6,4.8188282520,230065856.0000000000,10
3550,7,12.6840841997,454677824.0000000000,28
3550,8,9.5869352397,367815376.0000000000,5
3550,9,13.1365444683,510674464.0000000000,29
3550,10,12.5606349711,485565296.0000000000,27
3550,11,10.6112896039,427342400.0000000000,15
3550,12,9.7044932098,403211872.0000000000,14
3550,13,9.5575658595,399359392.0000000000,17
3550,14,9.6952041453,403522208.0000000000,12
3550,15,11.7574582911,458344800.0000000000,16
3550,16,10.6996537044,437916144.0000000000,23
3550,17,9.3667962625,404828016.0000000000,4
3550,18,10.2211880503,436134096.0000000000,1
3550,19,10.5180633702,443414816.0000000000,9
3550,20,12.7978322172,500708976.0000000000,10
3550,21,13.6216436144,522942096.0000000000,31
3550,22,13.6565044232,529569360.0000000000,30
3550,23,13.4781367519,518458288.0000000000,26
3550,24,11.6147033101,469408560.0000000000,5
3550,25,10.2301412499,436559632.0000000000,6
3550,26,10.2190535679,436151328.0000000000,0
3550,27,10.2177124595,436155328.0000000000,2
3550,28,10.2243237931,436511296.0000000000,8
3550,29,10.2263316642,436510944.0000000000,1
3550,30,10.2297755508,436506880.0000000000,7
3550,31,10.2228870489,436509408.0000000000,0
3550,32,10.2289828335,436512320.0000000000,13
3550,33,10.2289610524,436506160.0000000000,3
3550,34,10.2219095002,436512032.0000000000,2
3550,35,10.2245680095,436165728.0000000000,21
3550,36,10.1916946982,434889072.0000000000,4
3550,37,10.2463042876,436443824.0000000000,11
3550,38,10.2389606076,436532928.0000000000,25
3550,39,10.2474270896,436494720.0000000000,22
3550,40,10.2489059883,436543840.0000000000,24
3550,41,10.2353936900,436489504.0000000000,18
3550,42,10.2450362763,436500160.0000000000,20
3550,43,10.2380396353,436497376.0000000000,19
3550,44,10.1962757401,434897664.0000000000,3
3550,45,2.6524815181,131749584.0000000000,23
3550,46,2.6574929023,132173776.0000000000,20
3550,47,2.6575446491,132173568.0000000000,22
3550,48,2.6526344394,132134496.0000000000,18
3550,49,2.6557837386,132137856.0000000000,21
3550,50,2.6519240483,132149856.0000000000,25
3550,51,2.6568976821,132166848.0000000000,24
3550,52,2.6535598668,132146224.0000000000,19
3550,53,2.6493006106,131751584.0000000000,26
3550,54,0.6746525896,54827568.0000000000,31
3550,55,0.6760012675,54827568.0000000000,20
3550,56,0.6726798039,54827568.0000000000,18
3550,57,0.6755200731,54827568.0000000000,30
3550,58,0.6743994616,54827568.0000000000,28
3550,59,0.6742750532,54827568.0000000000,31
3550,60,0.6737096400,54827568.0000000000,19
3550,61,0.6734682400,54827568.0000000000,16
3550,62,0.6754254324,54827568.0000000000,30
3550,63,0.6750604748,54827568.0000000000,26
3550,64,0.6750552387,54827568.0000000000,21
3550,65,0.6737290492,54827568.0000000000,28
3550,66,0.6741558134,54827568.0000000000,31
3550,67,0.6741059520,54827568.0000000000,27
3550,68,0.6735369331,54827568.0000000000,27
3550,69,0.6746435747,54827568.0000000000,26
3550,70,0.6744196289,54827568.0000000000,15
3550,71,0.6754834651,54827568.0000000000,30
3550,72,0.6726668313,54827568.0000000000,29
3550,73,0.6745653714,54827568.0000000000,22
3550,74,0.6735385350,54827568.0000000000,16
3550,75,0.6756163723,54827568.0000000000,24
3550,76,0.6755184730,54827568.0000000000,24
3550,77,0.6732385934,54827568.0000000000,18
3550,78,0.6756455553,54827568.0000000000,30
3550,79,0.6727397909,54827568.0000000000,29
3550,80,0.6726336742,54827568.0000000000,29
3550,81,0.6735707190,54827568.0000000000,16
3550,82,0.6736323555,54827568.0000000000,19
3550,83,0.6752085166,54827568.0000000000,12
3550,84,0.6740938255,54827568.0000000000,28
3550,85,0.6749591503,54827568.0000000000,21
3550,86,0.6745992354,54827568.0000000000,22
3550,87,0.6747743767,54827568.0000000000,31
3550,88,0.6741399231,54827568.0000000000,15
3550,89,0.6751134045,54827568.0000000000,14
3550,90,0.6742596572,54827568.0000000000,17
3550,91,0.6728336876,54827568.0000000000,25
3550,92,0.6755544097,54827568.0000000000,20
3550,93,0.6751867460,54827568.0000000000,12
3550,94,0.6753038736,54827568.0000000000,23
3550,95,0.6728436904,54827568.0000000000,25
3550,96,0.6728031745,54827568.0000000000,18
3550,97,0.6729439770,54827568.0000000000,25
3550,98,0.6737545853,54827568.0000000000,27
3550,99,0.6741788493,54827568.0000000000,31
3550,100,0.6725043363,54827568.0000000000,29
3550,101,0.6735314300,54827568.0000000000,19
3550,102,0.6749585273,54827568.0000000000,22
3550,103,0.6737526704,54827568.0000000000,27
3550,104,0.6750913128,54827568.0000000000,30
3550,105,0.6756808996,54827568.0000000000,24
3550,106,0.6750932853,54827568.0000000000,21
3550,107,0.6749424856,54827568.0000000000,14
3550,108,0.6739296658,54827568.0000000000,28
3550,109,0.6741781173,54827568.0000000000,15
3550,110,0.6748357567,54827568.0000000000,17
3550,111,0.6750196871,54827568.0000000000,23
3550,112,0.6743745648,54827568.0000000000,17
3550,113,0.6724177454,54827568.0000000000,29
3550,114,0.6738986725,54827568.0000000000,28
3550,115,0.6755221563,54827568.0000000000,20
3550,116,0.6754688251,54827568.0000000000,23
3550,117,0.5838885484,47074864.0000000000,17
3550,118,0.5830546857,47074864.0000000000,7
3550,119,0.5814763893,47074864.0000000000,18
3550,120,0.5828979120,47074864.0000000000,7
3550,121,0.5841272602,47074864.0000000000,21
3550,122,0.5844882224,47074864.0000000000,12
3550,123,0.5828750139,47074864.0000000000,13
3550,124,0.5833457075,47074864.0000000000,26
3550,125,0.5825736745,47074864.0000000000,13
3550,126,0.5827643101,47074864.0000000000,16
3550,127,0.5830269314,47074864.0000000000,7
3550,128,0.5825075714,47074864.0000000000,27
3550,129,0.5838704158,47074864.0000000000,8
3550,130,0.5841311249,47074864.0000000000,14
3550,131,0.5842878504,47074864.0000000000,15
3550,132,0.5847171974,47074864.0000000000,11
3550,133,0.5841100302,47074864.0000000000,14
3550,134,0.5842215009,47074864.0000000000,20
3550,135,0.5823223128,47074864.0000000000,16
3550,136,0.5842671554,47074864.0000000000,15
3550,137,0.5838085925,47074864.0000000000,14
3550,138,0.5826932443,47074864.0000000000,13
3550,139,0.5845930305,47074864.0000000000,12
3550,140,0.5838691956,47074864.0000000000,8
3550,141,0.5844806901,47074864.0000000000,12
3550,142,0.5841087079,47074864.0000000000,22
3550,143,0.5846596083,47074864.0000000000,11
3550,144,0.5843840640,47074864.0000000000,23
3550,145,0.5847529503,47074864.0000000000,11
3550,146,0.5836838546,47074864.0000000000,17
3550,147,0.5824819257,47074864.0000000000,19
3550,148,0.5828918909,47074864.0000000000,7
3550,149,0.5815806222,47074864.0000000000,25
3550,150,0.5833470394,47074864.0000000000,26
3550,151,0.5838625454,47074864.0000000000,24
3550,152,0.5838131847,47074864.0000000000,8
3600,0,0.1555325300,238047600.0000000000,6
3600,1,0.1421050700,225748256.0000000000,9
3600,2,0.1319327790,213401616.0000000000,8
3600,3,0.1294850500,212139776.0000000000,13
3600,4,0.1292069670,212463776.0000000000,7
3600,5,0.1306058110,212873696.0000000000,11
3600,6,0.1501340860,229777248.0000000000,10
3600,7,0.3976140050,456264416.0000000000,28
3600,8,0.2961488940,365812640.0000000000,5
3600,9,0.4113331400,511753664.0000000000,29
3600,10,0.3901423520,484808528.0000000000,27
3600,11,0.3272921270,425091856.0000000000,15
3600,12,0.3005114990,401768752.0000000000,14
3600,13,0.2975021650,398870992.0000000000,17
3600,14,0.3012125140,403071216.0000000000,12
3600,15,0.3637243070,456928736.0000000000,16
3600,16,0.3340770600,438413760.0000000000,23
3600,17,0.2912782570,404603360.0000000000,4
3600,18,0.3176248480,436128944.0000000000,1
3600,19,0.3288766110,444415200.0000000000,9
3600,20,0.4020022280,502667520.0000000000,10
3600,21,0.4261193780,523996464.0000000000,31
3600,22,0.4259672910,529709776.0000000000,30
3600,23,0.4201114980,518687328.0000000000,26
3600,24,0.3642248930,470799152.0000000000,5
3600,25,0.3182419980,436604880.0000000000,6
3600,26,0.3174340900,436135520.0000000000,0
3600,27,0.3173643540,436152656.0000000000,2
3600,28,0.3177248830,436508800.0000000000,8
3600,29,0.3178889550,436507744.0000000000,1
3600,30,0.3178286100,436510176.0000000000,7
3600,31,0.3176656010,436508672.0000000000,0
3600,32,0.3177337330,436510256.0000000000,13
3600,33,0.3180702150,436507824.0000000000,3
3600,34,0.3177121830,436514992.0000000000,2
3600,35,0.3176775180,436164384.0000000000,21
3600,36,0.3167909350,434863120.0000000000,4
3600,37,0.3183228520,436438608.0000000000,11
3600,38,0.3181549980,436536992.0000000000,25
3600,39,0.3184621860,436494352.0000000000,22
3600,40,0.3184605650,436544768.0000000000,24
3600,41,0.3180859430,436488176.0000000000,18
3600,42,0.3183926710,436500112.0000000000,20
3600,43,0.3181913160,436495456.0000000000,19
3600,44,0.3168154850,434875104.0000000000,3
3600,45,0.0822184840,131747312.0000000000,23
3600,46,0.0823089860,132177552.0000000000,20
3600,47,0.0821582640,132171904.0000000000,22
3600,48,0.0821902260,132133984.0000000000,18
3600,49,0.0822760650,132136944.0000000000,21
3600,50,0.0821817960,132150960.0000000000,25
3600,51,0.0823048520,132164416.0000000000,24
3600,52,0.0821692130,132144416.0000000000,19
3600,53,0.0819550590,131744240.0000000000,26
3600,54,0.0205997920,54827568.0000000000,31
3600,55,0.0207263820,54827568.0000000000,20
3600,56,0.0205746100,54827568.0000000000,18
3600,57,0.0206977630,54827568.0000000000,30
3600,58,0.0206823940,54827568.0000000000,28
3600,59,0.0206408130,54827568.0000000000,31
3600,60,0.0205495600,54827568.0000000000,19
3600,61,0.0206543720,54827568.0000000000,16
3600,62,0.0206657810,54827568.0000000000,30
3600,63,0.0206646890,54827568.0000000000,26
3600,64,0.0206812860,54827568.0000000000,21
3600,65,0.0206441990,54827568.0000000000,28
3600,66,0.0206111240,54827568.0000000000,31
3600,67,0.0206165730,54827568.0000000000,27
3600,68,0.0206586850,54827568.0000000000,27
3600,69,0.0206340070,54827568.0000000000,26
3600,70,0.0206275870,54827568.0000000000,15
3600,71,0.0206578640,54827568.0000000000,30
3600,72,0.0206191200,54827568.0000000000,29
3600,73,0.0206466700,54827568.0000000000,22
3600,74,0.0206295140,54827568.0000000000,16
3600,75,0.0206797170,54827568.0000000000,24
3600,76,0.0207129510,54827568.0000000000,24
3600,77,0.0206213500,54827568.0000000000,18
3600,78,0.0207012300,54827568.0000000000,30
3600,79,0.0206021760,54827568.0000000000,29
3600,80,0.0205903430,54827568.0000000000,29
3600,81,0.0206159900,54827568.0000000000,16
3600,82,0.0205540480,54827568.0000000000,19
3600,83,0.0206603380,54827568.0000000000,12
3600,84,0.0206204610,54827568.0000000000,28
3600,85,0.0206330720,54827568.0000000000,21
3600,86,0.0206299380,54827568.0000000000,22
3600,87,0.0207055390,54827568.0000000000,31
3600,88,0.0206466520,54827568.0000000000,15
3600,89,0.0206734060,54827568.0000000000,14
3600,90,0.0206859550,54827568.0000000000,17
3600,91,0.0206025860,54827568.0000000000,25
3600,92,0.0207171740,54827568.0000000000,20
3600,93,0.0207029240,54827568.0000000000,12
3600,94,0.0206928780,54827568.0000000000,23
3600,95,0.0205633300,54827568.0000000000,25
3600,96,0.0205759610,54827568.0000000000,18
3600,97,0.0205387730,54827568.0000000000,25
3600,98,0.0206494380,54827568.0000000000,27
3600,99,0.0206400100,54827568.0000000000,31
3600,100,0.0205785710,54827568.0000000000,29
3600,101,0.0205927730,54827568.0000000000,19
3600,102,0.0206299650,54827568.0000000000,22
3600,103,0.0207062480,54827568.0000000000,27
3600,104,0.0207111570,54827568.0000000000,30
3600,105,0.0206882110,54827568.0000000000,24
3600,106,0.0206984400,54827568.0000000000,21
3600,107,0.0206897480,54827568.0000000000,14
3600,108,0.0206263840,54827568.0000000000,28
3600,109,0.0207005480,54827568.0000000000,15
3600,110,0.0206749520,54827568.0000000000,17
3600,111,0.0206624980,54827568.0000000000,23
3600,112,0.0206851610,54827568.0000000000,17
3600,113,0.0205899850,54827568.0000000000,29
3600,114,0.0206338490,54827568.0000000000,28
3600,115,0.0206389230,54827568.0000000000,20
3600,116,0.0206613280,54827568.0000000000,23
3600,117,0.0178924630,47074864.0000000000,17
3600,118,0.0178468980,47074864.0000000000,7
3600,119,0.0177971810,47074864.0000000000,18
3600,120,0.0178391540,47074864.0000000000,7
3600,121,0.0179201090,47074864.0000000000,21
3600,122,0.0178776910,47074864.0000000000,12
3600,123,0.0178445790,47074864.0000000000,13
3600,124,0.0178568020,47074864.0000000000,26
3600,125,0.0178342990,47074864.0000000000,13
3600,126,0.0178297140,47074864.0000000000,16
3600,127,0.0178337550,47074864.0000000000,7
3600,128,0.0178163940,47074864.0000000000,27
3600,129,0.0178716920,47074864.0000000000,8
3600,130,0.0178775410,47074864.0000000000,14
3600,131,0.0178994850,47074864.0000000000,15
3600,132,0.0179191450,47074864.0000000000,11
3600,133,0.0178442050,47074864.0000000000,14
3600,134,0.0178923170,47074864.0000000000,20
3600,135,0.0178549610,47074864.0000000000,16
3600,136,0.0178905970,47074864.0000000000,15
3600,137,0.0179316560,47074864.0000000000,14
3600,138,0.0178595380,47074864.0000000000,13
3600,139,0.0178974110,47074864.0000000000,12
3600,140,0.0178768930,47074864.0000000000,8
3600,141,0.0179051460,47074864.0000000000,12
3600,142,0.0179081570,47074864.0000000000,22
3600,143,0.0178538480,47074864.0000000000,11
3600,144,0.0179254410,47074864.0000000000,23
3600,145,0.0179001890,47074864.0000000000,11
3600,146,0.0178080800,47074864.0000000000,17
3600,147,0.0178360630,47074864.0000000000,19
3600,148,0.0178614770,47074864.0000000000,7
3600,149,0.0177952710,47074864.0000000000,25
3600,150,0.0178374740,47074864.0000000000,26
3600,151,0.0178757580,47074864.0000000000,24
3600,152,0.0178770330,47074864.0000000000,8
3650,0,4.9814804806,236863760.0000000000,6
3650,1,4.5769504954,225465664.0000000000,9
3650,2,4.2550848108,213444816.0000000000,8
3650,3,4.1746332090,212084432.0000000000,13
3650,4,4.1689066353,212382880.0000000000,7
3650,5,4.2073616063,212862720.0000000000,11
3650,6,4.8415487018,229408784.0000000000,10
3650,7,12.7900118075,456878960.0000000000,28
3650,8,9.4968916908,364158896.0000000000,5
3650,9,13.2513224214,512829136.0000000000,29
3650,10,12.5162580150,483731632.0000000000,27
3650,11,10.4834191269,423378928.0000000000,15
3650,12,9.6498063433,401115760.0000000000,14
3650,13,9.5584244875,398648560.0000000000,17
3650,14,9.6743420315,402627632.0000000000,12
3650,15,11.6776032341,456130688.0000000000,16
3650,16,10.7756509603,439160240.0000000000,23
3650,17,9.3706773178,404360352.0000000000,4
3650,18,10.2218749468,436119136.0000000000,1
3650,19,10.6118015190,445586384.0000000000,9
3650,20,12.9654989428,504322880.0000000000,10
3650,21,13.7079936729,524407728.0000000000,31
3650,22,13.6878694644,529609136.0000000000,30
3650,23,13.5045374010,518834944.0000000000,26
3650,24,11.7505679635,472173504.0000000000,5
3650,25,10.2346168187,436636016.0000000000,6
3650,26,10.2189653490,436130960.0000000000,0
3650,27,10.2173145025,436147792.0000000000,2
3650,28,10.2238048434,436507664.0000000000,8
3650,29,10.2263683304,436510368.0000000000,1
3650,30,10.2287181880,436510272.0000000000,7
3650,31,10.2256819683,437083456.0000000000,0
3650,32,10.2279681380,436506912.0000000000,13
3650,33,10.2297449902,436508848.0000000000,3
3650,34,10.2215093255,436513376.0000000000,2
3650,35,10.2241751321,436158960.0000000000,21
3650,36,10.1919740519,434841312.0000000000,4
3650,37,10.2446656239,436437456.0000000000,11
3650,38,10.2388878263,436536032.0000000000,25
3650,39,10.2476311906,436492000.0000000000,22
3650,40,10.2490772596,436549328.0000000000,24
3650,41,10.2358266885,436489520.0000000000,18
3650,42,10.2454100244,436494912.0000000000,20
3650,43,10.2380827743,436494848.0000000000,19
3650,44,10.1973832493,434853936.0000000000,3
3650,45,2.6523839787,131742112.0000000000,23
3650,46,2.6575998238,132178112.0000000000,20
3650,47,2.6568934660,132172480.0000000000,22
3650,48,2.6527538431,132135520.0000000000,18
3650,49,2.6562093061,132135936.0000000000,21
3650,50,2.6524375498,132149920.0000000000,25
3650,51,2.6568680243,132167184.0000000000,24
3650,52,2.6530463538,132144784.0000000000,19
3650,53,2.6490280507,131739248.0000000000,26
3650,54,0.6741764266,54827568.0000000000,31
3650,55,0.6756526780,54827568.0000000000,20
3650,56,0.6732048207,54827568.0000000000,18
3650,57,0.6754967243,54827568.0000000000,30
3650,58,0.6739851351,54827568.0000000000,28
3650,59,0.6743709704,54827568.0000000000,31
3650,60,0.6732519566,54827568.0000000000,19
3650,61,0.6734774769,54827568.0000000000,16
3650,62,0.6759795767,54827568.0000000000,30
3650,63,0.6745246670,54827568.0000000000,26
3650,64,0.6756820643,54827568.0000000000,21
3650,65,0.6740447201,54827568.0000000000,28
3650,66,0.6739682452,54827568.0000000000,31
3650,67,0.6739045742,54827568.0000000000,27
3650,68,0.6735898046,54827568.0000000000,27
3650,69,0.6750122361,54827568.0000000000,26
3650,70,0.6742123777,54827568.0000000000,15
3650,71,0.6754571161,54827568.0000000000,30
3650,72,0.6727929906,54827568.0000000000,29
3650,73,0.6748760348,54827568.0000000000,22
3650,74,0.6738461609,54827568.0000000000,16
3650,75,0.6759000694,54827568.0000000000,24
3650,76,0.6756592769,54827568.0000000000,24
3650,77,0.6731160906,54827568.0000000000,18
3650,78,0.6755498886,54827568.0000000000,30
3650,79,0.6724249773,54827568.0000000000,29
3650,80,0.6727679083,54827568.0000000000,29
3650,81,0.6736417477,54827568.0000000000,16
3650,82,0.6737039165,54827568.0000000000,19
3650,83,0.6753818364,54827568.0000000000,12
3650,84,0.6738702692,54827568.0000000000,28
3650,85,0.6753928561,54827568.0000000000,21
3650,86,0.6746046737,54827568.0000000000,22
3650,87,0.6742040226,54827568.0000000000,31
3650,88,0.6745951913,54827568.0000000000,15
3650,89,0.6752126276,54827568.0000000000,14
3650,90,0.6743430923,54827568.0000000000,17
3650,91,0.6731513432,54827568.0000000000,25
3650,92,0.6757203258,54827568.0000000000,20
3650,93,0.6751768076,54827568.0000000000,12
3650,94,0.6753192153,54827568.0000000000,23
3650,95,0.6725151983,54827568.0000000000,25
3650,96,0.6729714092,54827568.0000000000,18
3650,97,0.6733882600,54827568.0000000000,25
3650,98,0.6735002474,54827568.0000000000,27
3650,99,0.6744197221,54827568.0000000000,31
3650,100,0.6723709732,54827568.0000000000,29
3650,101,0.6738531876,54827568.0000000000,19
3650,102,0.6748755299,54827568.0000000000,22
3650,103,0.6737861768,54827568.0000000000,27
3650,104,0.6754248771,54827568.0000000000,30
3650,105,0.6757753841,54827568.0000000000,24
3650,106,0.6750927394,54827568.0000000000,21
3650,107,0.6752311781,54827568.0000000000,14
3650,108,0.6737184886,54827568.0000000000,28
3650,109,0.6747033949,54827568.0000000000,15
3650,110,0.6745086635,54827568.0000000000,17
3650,111,0.6751825362,54827568.0000000000,23
3650,112,0.6747733114,54827568.0000000000,17
3650,113,0.6723872334,54827568.0000000000,29
3650,114,0.6737906966,54827568.0000000000,28
3650,115,0.6754515857,54827568.0000000000,20
3650,116,0.6754033705,54827568.0000000000,23
3650,117,0.5839792074,47074864.0000000000,17
3650,118,0.5828878068,47074864.0000000000,7
3650,119,0.5818029567,47074864.0000000000,18
3650,120,0.5826685557,47074864.0000000000,7
3650,121,0.5842321457,47074864.0000000000,21
3650,122,0.5845338147,47074864.0000000000,12
3650,123,0.5829864651,47074864.0000000000,13
3650,124,0.5833914938,47074864.0000000000,26
3650,125,0.5826642340,47074864.0000000000,13
3650,126,0.5821956256,47074864.0000000000,16
3650,127,0.5829495782,47074864.0000000000,7
3650,128,0.5825110483,47074864.0000000000,27
3650,129,0.5837368361,47074864.0000000000,8
3650,130,0.5841145727,47074864.0000000000,14
3650,131,0.5842200118,47074864.0000000000,15
3650,132,0.5847803209,47074864.0000000000,11
3650,133,0.5838025410,47074864.0000000000,14
3650,134,0.5842023835,47074864.0000000000,20
3650,135,0.5835680158,47074864.0000000000,16
3650,136,0.5843844615,47074864.0000000000,15
3650,137,0.5840343489,47074864.0000000000,14
3650,138,0.5825605108,47074864.0000000000,13
3650,139,0.5845714760,47074864.0000000000,12
3650,140,0.5838750607,47074864.0000000000,8
3650,141,0.5847827873,47074864.0000000000,12
3650,142,0.5840617783,47074864.0000000000,22
3650,143,0.5847082343,47074864.0000000000,11
3650,144,0.5846295447,47074864.0000000000,23
3650,145,0.5844997720,47074864.0000000000,11
3650,146,0.5838556560,47074864.0000000000,17
3650,147,0.5825744419,47074864.0000000000,19
3650,148,0.5828901890,47074864.0000000000,7
3650,149,0.5817203561,47074864.0000000000,25
3650,150,0.5833715727,47074864.0000000000,26
3650,151,0.5837712005,47074864.0000000000,24
3650,152,0.5837709179,47074864.0000000000,8
3700,0,0.1527749920,235717840.0000000000,6
3700,1,0.1421841680,225218704.0000000000,9
3700,2,0.1315585600,213452256.0000000000,8
3700,3,0.1290961800,212033360.0000000000,13
3700,4,0.1295190100,212412144.0000000000,7
3700,5,0.1300238610,212932144.0000000000,11
3700,6,0.1485493600,228847312.0000000000,10
3700,7,0.3977049230,456310384.0000000000,28
3700,8,0.2930659570,362782304.0000000000,5
3700,9,0.4137594870,513850336.0000000000,29
3700,10,0.3870409230,482067168.0000000000,27
3700,11,0.3246676660,422292720.0000000000,15
3700,12,0.2990848150,400597312.0000000000,14
3700,13,0.2965563900,398273440.0000000000,17
3700,14,0.3005693500,402161504.0000000000,12
3700,15,0.3622032350,455314848.0000000000,16
3700,16,0.3374500830,440340384.0000000000,23
3700,17,0.2903694590,404124608.0000000000,4
3700,18,0.3176856020,436114464.0000000000,1
3700,19,0.3327393030,446967792.0000000000,9
3700,20,0.4062198660,505466960.0000000000,10
3700,21,0.4272618000,524444384.0000000000,31
3700,22,0.4113356060,516928288.0000000000,30
3700,23,0.4205595220,518694560.0000000000,26
3700,24,0.3684390970,473445488.0000000000,5
3700,25,0.3180611980,436672528.0000000000,6
3700,26,0.3175444720,436125872.0000000000,0
3700,27,0.3175523640,436143024.0000000000,2
3700,28,0.3176977350,436507376.0000000000,8
3700,29,0.3177570700,436511072.0000000000,1
3700,30,0.3186263990,436870880.0000000000,7
3700,31,0.3336274550,451664176.0000000000,0
3700,32,0.3185688160,436843888.0000000000,13
3700,33,0.3178297700,436512704.0000000000,3
3700,34,0.3178008350,436506064.0000000000,2
3700,35,0.3175962590,436153296.0000000000,21
3700,36,0.3166395930,434813552.0000000000,4
3700,37,0.3183870870,436441472.0000000000,11
3700,38,0.3181373170,436538912.0000000000,25
3700,39,0.3183524230,436496288.0000000000,22
3700,40,0.3185193140,436543824.0000000000,24
3700,41,0.3180484990,436484208.0000000000,18
3700,42,0.3183339580,436501728.0000000000,20
3700,43,0.3180903220,436495056.0000000000,19
3700,44,0.3168205960,434828944.0000000000,3
3700,45,0.0821775390,131737904.0000000000,23
3700,46,0.0822744670,132174816.0000000000,20
3700,47,0.0823415090,132169328.0000000000,22
3700,48,0.0821135180,132133440.0000000000,18
3700,49,0.0823379310,132134912.0000000000,21
3700,50,0.0821627040,132152624.0000000000,25
3700,51,0.0823082150,132166864.0000000000,24
3700,52,0.0822187300,132146864.0000000000,19
3700,53,0.0819883890,131735472.0000000000,26
3700,54,0.0205903540,54827568.0000000000,31
3700,55,0.0206764240,54827568.0000000000,20
3700,56,0.0205656000,54827568.0000000000,18
3700,57,0.0206784750,54827568.0000000000,30
3700,58,0.0206270350,54827568.0000000000,28
3700,59,0.0206589960,54827568.0000000000,31
3700,60,0.0205885270,54827568.0000000000,19
3700,61,0.0206384120,54827568.0000000000,16
3700,62,0.0207478200,54827568.0000000000,30
3700,63,0.0205934900,54827568.0000000000,26
3700,64,0.0206951920,54827568.0000000000,21
3700,65,0.0205788720,54827568.0000000000,28
3700,66,0.0206291610,54827568.0000000000,31
3700,67,0.0206286380,54827568.0000000000,27
3700,68,0.0206375820,54827568.0000000000,27
3700,69,0.0206904640,54827568.0000000000,26
3700,70,0.0206676930,54827568.0000000000,15
3700,71,0.0207023510,54827568.0000000000,30
3700,72,0.0206130480,54827568.0000000000,29
3700,73,0.0206056680,54827568.0000000000,22
3700,74,0.0206550550,54827568.0000000000,16
3700,75,0.0206001920,54827568.0000000000,24
3700,76,0.0207115360,54827568.0000000000,24
3700,77,0.0206361160,54827568.0000000000,18
3700,78,0.0206830550,54827568.0000000000,30
3700,79,0.0205252170,54827568.0000000000,29
3700,80,0.0206221940,54827568.0000000000,29
3700,81,0.0205892260,54827568.0000000000,16
3700,82,0.0206371200,54827568.0000000000,19
3700,83,0.0206334490,54827568.0000000000,12
3700,84,0.0205937700,54827568.0000000000,28
3700,85,0.0206535610,54827568.0000000000,21
3700,86,0.0206816160,54827568.0000000000,22
3700,87,0.0207045460,54827568.0000000000,31
3700,88,0.0206310030,54827568.0000000000,15
3700,89,0.0206319160,54827568.0000000000,14
3700,90,0.0206904420,54827568.0000000000,17
3700,91,0.0205961740,54827568.0000000000,25
3700,92,0.0206717760,54827568.0000000000,20
3700,93,0.0207277190,54827568.0000000000,12
3700,94,0.0206841800,54827568.0000000000,23
3700,95,0.0205765660,54827568.0000000000,25
3700,96,0.0206014400,54827568.0000000000,18
3700,97,0.0205591310,54827568.0000000000,25
3700,98,0.0206799680,54827568.0000000000,27
3700,99,0.0205959240,54827568.0000000000,31
3700,100,0.0206510510,54827568.0000000000,29
3700,101,0.0206184550,54827568.0000000000,19
3700,102,0.0206330740,54827568.0000000000,22
3700,103,0.0206021330,54827568.0000000000,27
3700,104,0.0206594180,54827568.0000000000,30
3700,105,0.0206835540,54827568.0000000000,24
3700,106,0.0206983960,54827568.0000000000,21
3700,107,0.0206816500,54827568.0000000000,14
3700,108,0.0206259510,54827568.0000000000,28
3700,109,0.0206196920,54827568.0000000000,15
3700,110,0.0206869350,54827568.0000000000,17
3700,111,0.0206386400,54827568.0000000000,23
3700,112,0.0206469090,54827568.0000000000,17
3700,113,0.0205525690,54827568.0000000000,29
3700,114,0.0206631770,54827568.0000000000,28
3700,115,0.0207380650,54827568.0000000000,20
3700,116,0.0206483600,54827568.0000000000,23
3700,117,0.0178932060,47074864.0000000000,17
3700,118,0.0178278730,47074864.0000000000,7
3700,119,0.0178609620,47074864.0000000000,18
3700,120,0.0178473190,47074864.0000000000,7
3700,121,0.0178384190,47074864.0000000000,21
3700,122,0.0178973330,47074864.0000000000,12
3700,123,0.0178493670,47074864.0000000000,13
3700,124,0.0179150540,47074864.0000000000,26
3700,125,0.0178456880,47074864.0000000000,13
3700,126,0.0178199830,47074864.0000000000,16
3700,127,0.0178881890,47074864.0000000000,7
3700,128,0.0178253910,47074864.0000000000,27
3700,129,0.0178749680,47074864.0000000000,8
3700,130,0.0178712610,47074864.0000000000,14
3700,131,0.0178631850,47074864.0000000000,15
3700,132,0.0178954680,47074864.0000000000,11
3700,133,0.0178575130,47074864.0000000000,14
3700,134,0.0178960100,47074864.0000000000,20
3700,135,0.0178500630,47074864.0000000000,16
3700,136,0.0178957670,47074864.0000000000,15
3700,137,0.0178853360,47074864.0000000000,14
3700,138,0.0178666610,47074864.0000000000,13
3700,139,0.0178637240,47074864.0000000000,12
3700,140,0.0179305780,47074864.0000000000,8
3700,141,0.0178717610,47074864.0000000000,12
3700,142,0.0178942600,47074864.0000000000,22
3700,143,0.0179230920,47074864.0000000000,11
3700,144,0.0178954300,47074864.0000000000,23
3700,145,0.0178983640,47074864.0000000000,11
3700,146,0.0178606720,47074864.0000000000,17
3700,147,0.0178485570,47074864.0000000000,19
3700,148,0.0178476130,47074864.0000000000,7
3700,149,0.0178230550,47074864.0000000000,25
3700,150,0.0178588150,47074864.0000000000,26
3700,151,0.0178484350,47074864.0000000000,24
3700,152,0.0178714310,47074864.0000000000,8
3750,0,4.9176224927,234634048.0000000000,6
3750,1,4.5878010358,225009920.0000000000,9
3750,2,4.2314201410,213505680.0000000000,8
3750,3,4.1782037715,212057280.0000000000,13
3750,4,4.1746251003,212502288.0000000000,7
3750,5,4.2013498405,212969728.0000000000,11
3750,6,4.7733861891,228137584.0000000000,10
3750,7,12.7358319433,454062448.0000000000,28
3750,8,9.3909416022,362047024.0000000000,5
3750,9,13.3166807264,514822512.0000000000,29
3750,10,12.4019268571,480487936.0000000000,27
3750,11,10.4182324441,421483904.0000000000,15
3750,12,9.6072620203,400114112.0000000000,14
3750,13,9.5199136730,397869728.0000000000,17
3750,14,9.6537779332,401581504.0000000000,12
3750,15,11.6132781469,454056224.0000000000,16
3750,16,10.8911843199,441887216.0000000000,23
3750,17,9.3283726779,404001024.0000000000,4
3750,18,10.2224727556,436106768.0000000000,1
3750,19,10.7364589428,448441488.0000000000,9
3750,20,13.0866994831,506432848.0000000000,10
3750,21,13.6726285382,522189536.0000000000,31
3750,22,13.0503693555,508229056.0000000000,30
3750,23,13.4633466715,516437104.0000000000,26
3750,24,11.8774853298,474711200.0000000000,5
3750,25,10.2419700780,436717776.0000000000,6
3750,26,10.2193687366,436121872.0000000000,0
3750,27,10.2173485902,436137584.0000000000,2
3750,28,10.2247102150,436506768.0000000000,8
3750,29,10.2260253520,436510944.0000000000,1
3750,30,10.3161936987,439932400.0000000000,7
3750,31,10.9100064709,459511568.0000000000,0
3750,32,10.3120081650,439702240.0000000000,13
3750,33,10.2287152958,436512928.0000000000,3
3750,34,10.2223006626,436506720.0000000000,2
3750,35,10.2242566973,436149600.0000000000,21
3750,36,10.1913613071,434789744.0000000000,4
3750,37,10.2469696716,436441360.0000000000,11
3750,38,10.2388252317,436538576.0000000000,25
3750,39,10.2489977567,436491760.0000000000,22
3750,40,10.2495112081,436543008.0000000000,24
3750,41,10.2356552364,436486496.0000000000,18
3750,42,10.2457940536,436501248.0000000000,20
3750,43,10.2382511698,436488720.0000000000,19
3750,44,10.1963878080,434805792.0000000000,3
3750,45,2.6521250754,131734128.0000000000,23
3750,46,2.6586517486,132173472.0000000000,20
3750,47,2.6573930471,132170992.0000000000,22
3750,48,2.6524300756,132136720.0000000000,18
3750,49,2.6555973344,132137168.0000000000,21
3750,50,2.6526400298,132153584.0000000000,25
3750,51,2.6578077370,132165280.0000000000,24
3750,52,2.6539376078,132149600.0000000000,19
3750,53,2.6500525597,131733776.0000000000,26
3750,54,0.6743958679,54827568.0000000000,31
3750,55,0.6758240924,54827568.0000000000,20
3750,56,0.6732372857,54827568.0000000000,18
3750,57,0.6756697104,54827568.0000000000,30
3750,58,0.6739821665,54827568.0000000000,28
3750,59,0.6744238483,54827568.0000000000,31
3750,60,0.6737405765,54827568.0000000000,19
3750,61,0.6736021743,54827568.0000000000,16
3750,62,0.6756489511,54827568.0000000000,30
3750,63,0.6743417192,54827568.0000000000,26
3750,64,0.6750370360,54827568.0000000000,21
3750,65,0.6738272637,54827568.0000000000,28
3750,66,0.6743126451,54827568.0000000000,31
3750,67,0.6744317110,54827568.0000000000,27
3750,68,0.6738079728,54827568.0000000000,27
3750,69,0.6746355414,54827568.0000000000,26
3750,70,0.6743578637,54827568.0000000000,15
3750,71,0.6753056903,54827568.0000000000,30
3750,72,0.6728438131,54827568.0000000000,29
3750,73,0.6747999405,54827568.0000000000,22
3750,74,0.6738610532,54827568.0000000000,16
3750,75,0.6755745472,54827568.0000000000,24
3750,76,0.6758255024,54827568.0000000000,24
3750,77,0.6730807264,54827568.0000000000,18
3750,78,0.6757952967,54827568.0000000000,30
3750,79,0.6723599511,54827568.0000000000,29
3750,80,0.6727953420,54827568.0000000000,29
3750,81,0.6735813496,54827568.0000000000,16
3750,82,0.6734396567,54827568.0000000000,19
3750,83,0.6754571187,54827568.0000000000,12
3750,84,0.6739013843,54827568.0000000000,28
3750,85,0.6753351161,54827568.0000000000,21
3750,86,0.6749662099,54827568.0000000000,22
3750,87,0.6743202276,54827568.0000000000,31
3750,88,0.6744271374,54827568.0000000000,15
3750,89,0.6747802475,54827568.0000000000,14
3750,90,0.6746299933,54827568.0000000000,17
3750,91,0.6726458256,54827568.0000000000,25
3750,92,0.6757024877,54827568.0000000000,20
3750,93,0.6751737771,54827568.0000000000,12
3750,94,0.6754926852,54827568.0000000000,23
3750,95,0.6727385328,54827568.0000000000,25
3750,96,0.6727625409,54827568.0000000000,18
3750,97,0.6726779653,54827568.0000000000,25
3750,98,0.6734888860,54827568.0000000000,27
3750,99,0.6741369408,54827568.0000000000,31
3750,100,0.6725113093,54827568.0000000000,29
3750,101,0.6735896398,54827568.0000000000,19
3750,102,0.6748592876,54827568.0000000000,22
3750,103,0.6740447651,54827568.0000000000,27
3750,104,0.6752439508,54827568.0000000000,30
3750,105,0.6761193782,54827568.0000000000,24
3750,106,0.6752329184,54827568.0000000000,21
3750,107,0.6754957783,54827568.0000000000,14
3750,108,0.6741047834,54827568.0000000000,28
3750,109,0.6742821858,54827568.0000000000,15
3750,110,0.6747315010,54827568.0000000000,17
3750,111,0.6752806204,54827568.0000000000,23
3750,112,0.6740840564,54827568.0000000000,17
3750,113,0.6726035416,54827568.0000000000,29
3750,114,0.6740155205,54827568.0000000000,28
3750,115,0.6755569809,54827568.0000000000,20
3750,116,0.6754330683,54827568.0000000000,23
3750,117,0.5838299319,47074864.0000000000,17
3750,118,0.5830336667,47074864.0000000000,7
3750,119,0.5815448769,47074864.0000000000,18
3750,120,0.5829161901,47074864.0000000000,7
3750,121,0.5839702961,47074864.0000000000,21
3750,122,0.5843434771,47074864.0000000000,12
3750,123,0.5827916340,47074864.0000000000,13
3750,124,0.5832560131,47074864.0000000000,26
3750,125,0.5827655820,47074864.0000000000,13
3750,126,0.5836489599,47074864.0000000000,16
3750,127,0.5829746007,47074864.0000000000,7
3750,128,0.5823967527,47074864.0000000000,27
3750,129,0.5836646498,47074864.0000000000,8
3750,130,0.5837259670,47074864.0000000000,14
3750,131,0.5842979516,47074864.0000000000,15
3750,132,0.5849873052,47074864.0000000000,11
3750,133,0.5837861560,47074864.0000000000,14
3750,134,0.5843771620,47074864.0000000000,20
3750,135,0.5821854091,47074864.0000000000,16
3750,136,0.5842631152,47074864.0000000000,15
3750,137,0.5840317935,47074864.0000000000,14
3750,138,0.5826721474,47074864.0000000000,13
3750,139,0.5846146781,47074864.0000000000,12
3750,140,0.5839344020,47074864.0000000000,8
3750,141,0.5845545809,47074864.0000000000,12
3750,142,0.5839905624,47074864.0000000000,22
3750,143,0.5846999050,47074864.0000000000,11
3750,144,0.5843010779,47074864.0000000000,23
3750,145,0.5846208724,47074864.0000000000,11
3750,146,0.5836603419,47074864.0000000000,17
3750,147,0.5823785657,47074864.0000000000,19
3750,148,0.5829519225,47074864.0000000000,7
3750,149,0.5815906772,47074864.0000000000,25
3750,150,0.5832170177,47074864.0000000000,26
3750,151,0.5838509188,47074864.0000000000,24
3750,152,0.5838530417,47074864.0000000000,8
3800,0,0.1516869680,233431952.0000000000,6
3800,1,0.1417869480,224742384.0000000000,9
3800,2,0.1304963070,213692576.0000000000,8
3800,3,0.1293212320,212096144.0000000000,13
3800,4,0.1293700830,212592240.0000000000,7
3800,5,0.1302690040,212986672.0000000000,11
3800,6,0.1466651950,227638464.0000000000,10
3800,7,0.3898908690,449559648.0000000000,28
3800,8,0.2907009680,361722048.0000000000,5
3800,9,0.4151340250,515715792.0000000000,29
3800,10,0.3833223910,478891984.0000000000,27
3800,11,0.3222177580,420467440.0000000000,15
3800,12,0.2978630060,399625136.0000000000,14
3800,13,0.2954349210,397470000.0000000000,17
3800,14,0.2991893630,400890848.0000000000,12
3800,15,0.3573890020,451637568.0000000000,16
3800,16,0.3422297620,443620192.0000000000,23
3800,17,0.2900275930,404021232.0000000000,4
3800,18,0.3177286650,436104560.0000000000,1
3800,19,0.3368696370,449992128.0000000000,9
3800,20,0.4093720970,507306000.0000000000,10
3800,21,0.4210719720,518793376.0000000000,31
3800,22,0.3981948540,502673280.0000000000,30
3800,23,0.4146913900,513261520.0000000000,26
3800,24,0.3728193510,476256800.0000000000,5
3800,25,0.3187575630,436768848.0000000000,6
3800,26,0.3174625630,436112928.0000000000,0
3800,27,0.3174988220,436125904.0000000000,2
3800,28,0.3176990210,436513088.0000000000,8
3800,29,0.3178571660,436512560.0000000000,1
3800,30,0.3262940710,443461296.0000000000,7
3800,31,0.3478149230,464508448.0000000000,0
3800,32,0.3256348840,442932544.0000000000,13
3800,33,0.3178815510,436516672.0000000000,3
3800,34,0.3174891970,436508592.0000000000,2
3800,35,0.3177040000,436146528.0000000000,21
3800,36,0.3166719170,434768864.0000000000,4
3800,37,0.3183455440,436440016.0000000000,11
3800,38,0.3182290670,436541792.0000000000,25
3800,39,0.3184213600,436487232.0000000000,22
3800,40,0.3184491530,436542208.0000000000,24
3800,41,0.3184182840,436490080.0000000000,18
3800,42,0.3183984250,436496816.0000000000,20
3800,43,0.3181577930,436485280.0000000000,19
3800,44,0.3167549690,434780176.0000000000,3
3800,45,0.0821448260,131727904.0000000000,23
3800,46,0.0822909470,132175248.0000000000,20
3800,47,0.0823101130,132168256.0000000000,22
3800,48,0.0822279150,132134400.0000000000,18
3800,49,0.0822160710,132139200.0000000000,21
3800,50,0.0821140810,132151392.0000000000,25
3800,51,0.0822939160,132169200.0000000000,24
3800,52,0.0822182360,132150784.0000000000,19
3800,53,0.0820967970,131731360.0000000000,26
3800,54,0.0206466430,54827568.0000000000,31
3800,55,0.0207276680,54827568.0000000000,20
3800,56,0.0206017090,54827568.0000000000,18
3800,57,0.0207543230,54827568.0000000000,30
3800,58,0.0206332870,54827568.0000000000,28
3800,59,0.0206746970,54827568.0000000000,31
3800,60,0.0205546700,54827568.0000000000,19
3800,61,0.0206347350,54827568.0000000000,16
3800,62,0.0206487270,54827568.0000000000,30
3800,63,0.0206784940,54827568.0000000000,26
3800,64,0.0206223430,54827568.0000000000,21
3800,65,0.0206290600,54827568.0000000000,28
3800,66,0.0207176610,54827568.0000000000,31
3800,67,0.0205821280,54827568.0000000000,27
3800,68,0.0206073640,54827568.0000000000,27
3800,69,0.0206499460,54827568.0000000000,26
3800,70,0.0206512420,54827568.0000000000,15
3800,71,0.0206644370,54827568.0000000000,30
3800,72,0.0206275360,54827568.0000000000,29
3800,73,0.0205986960,54827568.0000000000,22
3800,74,0.0206348550,54827568.0000000000,16
3800,75,0.0206679840,54827568.0000000000,24
3800,76,0.0206754160,54827568.0000000000,24
3800,77,0.0205507540,54827568.0000000000,18
3800,78,0.0206357320,54827568.0000000000,30
3800,79,0.0205671770,54827568.0000000000,29
3800,80,0.0205861350,54827568.0000000000,29
3800,81,0.0205598800,54827568.0000000000,16
3800,82,0.0206110000,54827568.0000000000,19
3800,83,0.0207323390,54827568.0000000000,12
3800,84,0.0205853750,54827568.0000000000,28
3800,85,0.0206157670,54827568.0000000000,21
3800,86,0.0207049110,54827568.0000000000,22
3800,87,0.0206237460,54827568.0000000000,31
3800,88,0.0206317740,54827568.0000000000,15
3800,89,0.0206507020,54827568.0000000000,14
3800,90,0.0205678760,54827568.0000000000,17
3800,91,0.0205954530,54827568.0000000000,25
3800,92,0.0207646550,54827568.0000000000,20
3800,93,0.0206603510,54827568.0000000000,12
3800,94,0.0206585710,54827568.0000000000,23
3800,95,0.0205796900,54827568.0000000000,25
3800,96,0.0206080240,54827568.0000000000,18
3800,97,0.0205765960,54827568.0000000000,25
3800,98,0.0206150190,54827568.0000000000,27
3800,99,0.0206585870,54827568.0000000000,31
3800,100,0.0205614170,54827568.0000000000,29
3800,101,0.0205979130,54827568.0000000000,19
3800,102,0.0206284810,54827568.0000000000,22
3800,103,0.0206654990,54827568.0000000000,27
3800,104,0.0206328850,54827568.0000000000,30
3800,105,0.0206807460,54827568.0000000000,24
3800,106,0.0207027850,54827568.0000000000,21
3800,107,0.0207270400,54827568.0000000000,14
3800,108,0.0206233460,54827568.0000000000,28
3800,109,0.0206833920,54827568.0000000000,15
3800,110,0.0207059340,54827568.0000000000,17
3800,111,0.0206493720,54827568.0000000000,23
3800,112,0.0206847020,54827568.0000000000,17
3800,113,0.0205821170,54827568.0000000000,29
3800,114,0.0206265030,54827568.0000000000,28
3800,115,0.0206671660,54827568.0000000000,20
3800,116,0.0206755120,54827568.0000000000,23
3800,117,0.0178683380,47074864.0000000000,17
3800,118,0.0178590220,47074864.0000000000,7
3800,119,0.0177821100,47074864.0000000000,18
3800,120,0.0178519580,47074864.0000000000,7
3800,121,0.0179109700,47074864.0000000000,21
3800,122,0.0178840750,47074864.0000000000,12
3800,123,0.0178551390,47074864.0000000000,13
3800,124,0.0178437380,47074864.0000000000,26
3800,125,0.0178252910,47074864.0000000000,13
3800,126,0.0177777920,47074864.0000000000,16
3800,127,0.0178237860,47074864.0000000000,7
3800,128,0.0178259810,47074864.0000000000,27
3800,129,0.0178672940,47074864.0000000000,8
3800,130,0.0178664910,47074864.0000000000,14
3800,131,0.0178573640,47074864.0000000000,15
3800,132,0.0178870630,47074864.0000000000,11
3800,133,0.0178556890,47074864.0000000000,14
3800,134,0.0178716040,47074864.0000000000,20
3800,135,0.0178294840,47074864.0000000000,16
3800,136,0.0178570410,47074864.0000000000,15
3800,137,0.0179192920,47074864.0000000000,14
3800,138,0.0178544460,47074864.0000000000,13
3800,139,0.0179096930,47074864.0000000000,12
3800,140,0.0178343410,47074864.0000000000,8
3800,141,0.0178810000,47074864.0000000000,12
3800,142,0.0178488710,47074864.0000000000,22
3800,143,0.0179061280,47074864.0000000000,11
3800,144,0.0178723550,47074864.0000000000,23
3800,145,0.0178896370,47074864.0000000000,11
3800,146,0.0178517760,47074864.0000000000,17
3800,147,0.0178576350,47074864.0000000000,19
3800,148,0.0178522300,47074864.0000000000,7
3800,149,0.0177811340,47074864.0000000000,25
3800,150,0.0178644760,47074864.0000000000,26
3800,151,0.0179086610,47074864.0000000000,24
3800,152,0.0178518920,47074864.0000000000,8
3850,0,4.8582091760,232285824.0000000000,6
3850,1,4.5729609341,224477904.0000000000,9
3850,2,4.2129003235,213940032.0000000000,8
3850,3,4.1690826236,212085680.0000000000,13
3850,4,4.1743183749,212610384.0000000000,7
3850,5,4.2050748779,212969136.0000000000,11
3850,6,4.7242803668,227341056.0000000000,10
3850,7,12.4679910147,446336368.0000000000,28
3850,8,9.3574429810,361585376.0000000000,5
3850,9,13.3812218138,516403040.0000000000,29
3850,10,12.3063815667,477301360.0000000000,27
3850,11,10.3368169774,419531248.0000000000,15
3850,12,9.5628935571,399216976.0000000000,14
3850,13,9.4808963487,396499088.0000000000,17
3850,14,9.5855144511,399707536.0000000000,12
3850,15,11.4076581560,448366400.0000000000,16
3850,16,11.0555467762,445355184.0000000000,23
3850,17,9.3486538222,404201600.0000000000,4
3850,18,10.2217326623,436096944.0000000000,1
3850,19,10.8727450279,451646144.0000000000,9
3850,20,13.1752669647,508071408.0000000000,10
3850,21,13.4581785435,515644624.0000000000,31
3850,22,12.7380804002,499424064.0000000000,30
3850,23,13.2818546715,511001904.0000000000,26
3850,24,12.0423388493,478502064.0000000000,5
3850,25,10.2567679638,436819136.0000000000,6
3850,26,10.2191517140,436105904.0000000000,0
3850,27,10.2177737402,436123136.0000000000,2
3850,28,10.2245260691,436511808.0000000000,8
3850,29,10.2268030378,436511872.0000000000,1
3850,30,10.5712054588,446958272.0000000000,7
3850,31,11.2731061208,468513568.0000000000,0
3850,32,10.5484900162,445995184.0000000000,13
3850,33,10.2293734587,436509088.0000000000,3
3850,34,10.2223526232,436517552.0000000000,2
3850,35,10.2247488097,436140352.0000000000,21
3850,36,10.1924746430,434746848.0000000000,4
3850,37,10.2470677425,436437680.0000000000,11
3850,38,10.2395597081,436546304.0000000000,25
3850,39,10.2491368739,436488240.0000000000,22
3850,40,10.2504265304,436544960.0000000000,24
3850,41,10.2372890531,436484976.0000000000,18
3850,42,10.2472860875,436500048.0000000000,20
3850,43,10.2389327634,436481632.0000000000,19
3850,44,10.1954976905,434757392.0000000000,3
3850,45,2.6520222433,131722832.0000000000,23
3850,46,2.6577173789,132174688.0000000000,20
3850,47,2.6575834737,132163904.0000000000,22
3850,48,2.6519523680,132136736.0000000000,18
3850,49,2.6563858446,132136496.0000000000,21
3850,50,2.6527099206,132154080.0000000000,25
3850,51,2.6575891517,132168608.0000000000,24
3850,52,2.6538405465,132153408.0000000000,19
3850,53,2.6484789820,131728160.0000000000,26
3850,54,0.6744713759,54827568.0000000000,31
3850,55,0.6757873451,54827568.0000000000,20
3850,56,0.6732940042,54827568.0000000000,18
3850,57,0.6758571589,54827568.0000000000,30
3850,58,0.6743458543,54827568.0000000000,28
3850,59,0.6742874245,54827568.0000000000,31
3850,60,0.6737282870,54827568.0000000000,19
3850,61,0.6735126995,54827568.0000000000,16
3850,62,0.6757050928,54827568.0000000000,30
3850,63,0.6751059586,54827568.0000000000,26
3850,64,0.6752728183,54827568.0000000000,21
3850,65,0.6737683687,54827568.0000000000,28
3850,66,0.6744596313,54827568.0000000000,31
3850,67,0.6739950528,54827568.0000000000,27
3850,68,0.6735762041,54827568.0000000000,27
3850,69,0.6748746044,54827568.0000000000,26
3850,70,0.6742335738,54827568.0000000000,15
3850,71,0.6755754902,54827568.0000000000,30
3850,72,0.6729688359,54827568.0000000000,29
3850,73,0.6751049486,54827568.0000000000,22
3850,74,0.6738108884,54827568.0000000000,16
3850,75,0.6758936089,54827568.0000000000,24
3850,76,0.6757190235,54827568.0000000000,24
3850,77,0.6730340808,54827568.0000000000,18
3850,78,0.6756295814,54827568.0000000000,30
3850,79,0.6724086644,54827568.0000000000,29
3850,80,0.6725044055,54827568.0000000000,29
3850,81,0.6736969501,54827568.0000000000,16
3850,82,0.6733186801,54827568.0000000000,19
3850,83,0.6755663074,54827568.0000000000,12
3850,84,0.6736698862,54827568.0000000000,28
3850,85,0.6750377767,54827568.0000000000,21
3850,86,0.6743987726,54827568.0000000000,22
3850,87,0.6742218826,54827568.0000000000,31
3850,88,0.6742725002,54827568.0000000000,15
3850,89,0.6747079336,54827568.0000000000,14
3850,90,0.6746742587,54827568.0000000000,17
3850,91,0.6728512195,54827568.0000000000,25
3850,92,0.6754042795,54827568.0000000000,20
3850,93,0.6751953907,54827568.0000000000,12
3850,94,0.6755563174,54827568.0000000000,23
3850,95,0.6729711872,54827568.0000000000,25
3850,96,0.6730886164,54827568.0000000000,18
3850,97,0.6730779793,54827568.0000000000,25
3850,98,0.6740065054,54827568.0000000000,27
3850,99,0.6742694688,54827568.0000000000,31
3850,100,0.6724575101,54827568.0000000000,29
3850,101,0.6734937498,54827568.0000000000,19
3850,102,0.6747109832,54827568.0000000000,22
3850,103,0.6739856596,54827568.0000000000,27
3850,104,0.6756213688,54827568.0000000000,30
3850,105,0.6756935232,54827568.0000000000,24
3850,106,0.6752390247,54827568.0000000000,21
3850,107,0.6752329589,54827568.0000000000,14
3850,108,0.6740493888,54827568.0000000000,28
3850,109,0.6744114930,54827568.0000000000,15
3850,110,0.6743784490,54827568.0000000000,17
3850,111,0.6750359595,54827568.0000000000,23
3850,112,0.6744365570,54827568.0000000000,17
3850,113,0.6729206913,54827568.0000000000,29
3850,114,0.6740529959,54827568.0000000000,28
3850,115,0.6753640011,54827568.0000000000,20
3850,116,0.6752976272,54827568.0000000000,23
3850,117,0.5836960738,47074864.0000000000,17
3850,118,0.5829347784,47074864.0000000000,7
3850,119,0.5815010946,47074864.0000000000,18
3850,120,0.5827534971,47074864.0000000000,7
3850,121,0.5842582275,47074864.0000000000,21
3850,122,0.5844704506,47074864.0000000000,12
3850,123,0.5828861090,47074864.0000000000,13
3850,124,0.5833377831,47074864.0000000000,26
3850,125,0.5827694005,47074864.0000000000,13
3850,126,0.5822825975,47074864.0000000000,16
3850,127,0.5830460263,47074864.0000000000,7
3850,128,0.5824577923,47074864.0000000000,27
3850,129,0.5837173706,47074864.0000000000,8
3850,130,0.5838713110,47074864.0000000000,14
3850,131,0.5840844301,47074864.0000000000,15
3850,132,0.5850095041,47074864.0000000000,11
3850,133,0.5837582603,47074864.0000000000,14
3850,134,0.5841652561,47074864.0000000000,20
3850,135,0.5820625995,47074864.0000000000,16
3850,136,0.5843376519,47074864.0000000000,15
3850,137,0.5839167734,47074864.0000000000,14
3850,138,0.5827541507,47074864.0000000000,13
3850,139,0.5845155826,47074864.0000000000,12
3850,140,0.5836181355,47074864.0000000000,8
3850,141,0.5844704796,47074864.0000000000,12
3850,142,0.5839454706,47074864.0000000000,22
3850,143,0.5844914579,47074864.0000000000,11
3850,144,0.5843871013,47074864.0000000000,23
3850,145,0.5846434143,47074864.0000000000,11
3850,146,0.5835823637,47074864.0000000000,17
3850,147,0.5826376009,47074864.0000000000,19
3850,148,0.5829774532,47074864.0000000000,7
3850,149,0.5815269489,47074864.0000000000,25
3850,150,0.5834733474,47074864.0000000000,26
3850,151,0.5839220035,47074864.0000000000,24
3850,152,0.5839090770,47074864.0000000000,8
3900,0,0.1487475680,231001744.0000000000,6
3900,1,0.1417066850,224136144.0000000000,9
3900,2,0.1310984280,214024624.0000000000,8
3900,3,0.1295078750,212041904.0000000000,13
3900,4,0.1296058960,212400064.0000000000,7
3900,5,0.1305616130,212811312.0000000000,11
3900,6,0.1471145040,227381984.0000000000,10
3900,7,0.3849956290,444512624.0000000000,28
3900,8,0.2915705820,361361792.0000000000,5
3900,9,0.4179349770,516848448.0000000000,29
3900,10,0.3806527600,475353632.0000000000,27
3900,11,0.3207378640,418888768.0000000000,15
3900,12,0.2973172120,398566528.0000000000,14
3900,13,0.2946345130,396077856.0000000000,17
3900,14,0.2977648290,399279584.0000000000,12
3900,15,0.3491536730,444842640.0000000000,16
3900,16,0.3470542120,446706016.0000000000,23
3900,17,0.2915213180,404450992.0000000000,4
3900,18,0.3175410620,436089952.0000000000,1
3900,19,0.3414091950,453389760.0000000000,9
3900,20,0.4120286870,508916896.0000000000,10
3900,21,0.4135671590,512164832.0000000000,31
3900,22,0.3885265200,493083920.0000000000,30
3900,23,0.4097700460,508236816.0000000000,26
3900,24,0.3792813650,480796384.0000000000,5
3900,25,0.3194316390,436951072.0000000000,6
3900,26,0.3174514830,436101520.0000000000,0
3900,27,0.3174822520,436118304.0000000000,2
3900,28,0.3176602390,436511616.0000000000,8
3900,29,0.3176359000,436509552.0000000000,1
3900,30,0.3348775450,451021744.0000000000,7
3900,31,0.3596806650,475420832.0000000000,0
3900,32,0.3325763140,448849840.0000000000,13
3900,33,0.3179441030,436513984.0000000000,3
3900,34,0.3175696400,436515856.0000000000,2
3900,35,0.3177390820,436133152.0000000000,21
3900,36,0.3166226650,434719776.0000000000,4
3900,37,0.3184763890,436434960.0000000000,11
3900,38,0.3183268430,436548400.0000000000,25
3900,39,0.3184879220,436488800.0000000000,22
3900,40,0.3184530300,436544624.0000000000,24
3900,41,0.3180741210,436486832.0000000000,18
3900,42,0.3183766950,436500672.0000000000,20
3900,43,0.3181330030,436474384.0000000000,19
3900,44,0.3168377480,434730704.0000000000,3
3900,45,0.0821233140,131720864.0000000000,23
3900,46,0.0823250030,132174240.0000000000,20
3900,47,0.0822452880,132162480.0000000000,22
3900,48,0.0821320430,132140080.0000000000,18
3900,49,0.0822438670,132133488.0000000000,21
3900,50,0.0823007880,132153808.0000000000,25
3900,51,0.0823487630,132165040.0000000000,24
3900,52,0.0821771580,132157216.0000000000,19
3900,53,0.0821106620,131724640.0000000000,26
3900,54,0.0206688690,54827568.0000000000,31
3900,55,0.0206999710,54827568.0000000000,20
3900,56,0.0205944070,54827568.0000000000,18
3900,57,0.0206655300,54827568.0000000000,30
3900,58,0.0206852780,54827568.0000000000,28
3900,59,0.0206451100,54827568.0000000000,31
3900,60,0.0206777580,54827568.0000000000,19
3900,61,0.0206679690,54827568.0000000000,16
3900,62,0.0206796060,54827568.0000000000,30
3900,63,0.0206801260,54827568.0000000000,26
3900,64,0.0206530290,54827568.0000000000,21
3900,65,0.0206188500,54827568.0000000000,28
3900,66,0.0206621340,54827568.0000000000,31
3900,67,0.0206947150,54827568.0000000000,27
3900,68,0.0205946790,54827568.0000000000,27
3900,69,0.0206709480,54827568.0000000000,26
3900,70,0.0206726050,54827568.0000000000,15
3900,71,0.0207020200,54827568.0000000000,30
3900,72,0.0205672070,54827568.0000000000,29
3900,73,0.0206433790,54827568.0000000000,22
3900,74,0.0206715760,54827568.0000000000,16
3900,75,0.0206960550,54827568.0000000000,24
3900,76,0.0206230120,54827568.0000000000,24
3900,77,0.0205946580,54827568.0000000000,18
3900,78,0.0207284220,54827568.0000000000,30
3900,79,0.0205298650,54827568.0000000000,29
3900,80,0.0206397700,54827568.0000000000,29
3900,81,0.0206450260,54827568.0000000000,16
3900,82,0.0204985510,54827568.0000000000,19
3900,83,0.0206722430,54827568.0000000000,12
3900,84,0.0206008060,54827568.0000000000,28
3900,85,0.0206584210,54827568.0000000000,21
3900,86,0.0207070330,54827568.0000000000,22
3900,87,0.0206324750,54827568.0000000000,31
3900,88,0.0206304910,54827568.0000000000,15
3900,89,0.0206704890,54827568.0000000000,14
3900,90,0.0206831490,54827568.0000000000,17
3900,91,0.0206312410,54827568.0000000000,25
3900,92,0.0207164430,54827568.0000000000,20
3900,93,0.0207264780,54827568.0000000000,12
3900,94,0.0206283430,54827568.0000000000,23
3900,95,0.0205854730,54827568.0000000000,25
3900,96,0.0205973590,54827568.0000000000,18
3900,97,0.0207065750,54827568.0000000000,25
3900,98,0.0205930070,54827568.0000000000,27
3900,99,0.0206806970,54827568.0000000000,31
3900,100,0.0205535510,54827568.0000000000,29
3900,101,0.0206461180,54827568.0000000000,19
3900,102,0.0206779580,54827568.0000000000,22
3900,103,0.0206893330,54827568.0000000000,27
3900,104,0.0207441130,54827568.0000000000,30
3900,105,0.0207093130,54827568.0000000000,24
3900,106,0.0206061500,54827568.0000000000,21
3900,107,0.0206873920,54827568.0000000000,14
3900,108,0.0206403100,54827568.0000000000,28
3900,109,0.0207201840,54827568.0000000000,15
3900,110,0.0206149580,54827568.0000000000,17
3900,111,0.0206915060,54827568.0000000000,23
3900,112,0.0206338140,54827568.0000000000,17
3900,113,0.0206194490,54827568.0000000000,29
3900,114,0.0206221430,54827568.0000000000,28
3900,115,0.0206897320,54827568.0000000000,20
3900,116,0.0207341080,54827568.0000000000,23
3900,117,0.0178638500,47074864.0000000000,17
3900,118,0.0178484910,47074864.0000000000,7
3900,119,0.0177924510,47074864.0000000000,18
3900,120,0.0178288060,47074864.0000000000,7
3900,121,0.0178781280,47074864.0000000000,21
3900,122,0.0178974210,47074864.0000000000,12
3900,123,0.0178562380,47074864.0000000000,13
3900,124,0.0178546760,47074864.0000000000,26
3900,125,0.0178109050,47074864.0000000000,13
3900,126,0.0178138340,47074864.0000000000,16
3900,127,0.0178636820,47074864.0000000000,7
3900,128,0.0178421020,47074864.0000000000,27
3900,129,0.0178785650,47074864.0000000000,8
3900,130,0.0178991930,47074864.0000000000,14
3900,131,0.0178889740,47074864.0000000000,15
3900,132,0.0178612610,47074864.0000000000,11
3900,133,0.0178560200,47074864.0000000000,14
3900,134,0.0178627560,47074864.0000000000,20
3900,135,0.0178384300,47074864.0000000000,16
3900,136,0.0178840250,47074864.0000000000,15
3900,137,0.0178849760,47074864.0000000000,14
3900,138,0.0178239090,47074864.0000000000,13
3900,139,0.0178865900,47074864.0000000000,12
3900,140,0.0178399500,47074864.0000000000,8
3900,141,0.0179052830,47074864.0000000000,12
3900,142,0.0178628770,47074864.0000000000,22
3900,143,0.0178702290,47074864.0000000000,11
3900,144,0.0179035460,47074864.0000000000,23
3900,145,0.0179047370,47074864.0000000000,11
3900,146,0.0178934240,47074864.0000000000,17
3900,147,0.0178138630,47074864.0000000000,19
3900,148,0.0178684780,47074864.0000000000,7
3900,149,0.0177803940,47074864.0000000000,25
3900,150,0.0178639740,47074864.0000000000,26
3900,151,0.0178826390,47074864.0000000000,24
3900,152,0.0178677250,47074864.0000000000,8
3950,0,4.7754488389,229638080.0000000000,6
3950,1,4.5656195741,223873312.0000000000,9
3950,2,4.2274699933,214052112.0000000000,8
3950,3,4.1755993095,212016832.0000000000,13
3950,4,4.1495929716,212287344.0000000000,7
3950,5,4.2215905106,212687008.0000000000,11
3950,6,4.7400467806,227628288.0000000000,10
3950,7,12.3626040741,443436640.0000000000,28
3950,8,9.3762205471,361146240.0000000000,5
3950,9,13.4473207134,517222752.0000000000,29
3950,10,12.1870570514,473229216.0000000000,27
3950,11,10.2995227734,418389520.0000000000,15
3950,12,9.5473891887,398163088.0000000000,14
3950,13,9.4682345101,395820144.0000000000,17
3950,14,9.5667984328,399083008.0000000000,12
3950,15,11.1654014165,442343552.0000000000,16
3950,16,11.1856269099,447938688.0000000000,23
3950,17,9.3827265242,404706560.0000000000,4
3950,18,10.2222711024,436086016.0000000000,1
3950,19,11.0240830050,455328256.0000000000,9
3950,20,13.2640757955,509915824.0000000000,10
3950,21,13.1888806191,507408288.0000000000,31
3950,22,12.4112084434,489332688.0000000000,30
3950,23,13.1001578808,505441792.0000000000,26
3950,24,12.2442145757,482652224.0000000000,5
3950,25,10.2812828539,437068784.0000000000,6
3950,26,10.2185880460,436090496.0000000000,0
3950,27,10.2177167293,436111744.0000000000,2
3950,28,10.2246761546,436513712.0000000000,8
3950,29,10.2257913124,436508800.0000000000,1
3950,30,10.8885629279,456078432.0000000000,7
3950,31,11.6520758963,478739616.0000000000,0
3950,32,10.7719124361,452019328.0000000000,13
3950,33,10.2291485232,436509936.0000000000,3
3950,34,10.2227175001,436510912.0000000000,2
3950,35,10.2246665743,436133728.0000000000,21
3950,36,10.1895019639,434699216.0000000000,4
3950,37,10.2474664255,436430672.0000000000,11
3950,38,10.2396666696,436548272.0000000000,25
3950,39,10.2476656536,436491536.0000000000,22
3950,40,10.2504685404,436542096.0000000000,24
3950,41,10.2365943890,436482848.0000000000,18
3950,42,10.2472948223,436501536.0000000000,20
3950,43,10.2389396020,436474416.0000000000,19
3950,44,10.1943927818,434707504.0000000000,3
3950,45,2.6519756027,131714176.0000000000,23
3950,46,2.6579002104,132176656.0000000000,20
3950,47,2.6563834759,132161392.0000000000,22
3950,48,2.6524095292,132140352.0000000000,18
3950,49,2.6559836556,132130864.0000000000,21
3950,50,2.6523946734,132154400.0000000000,25
3950,51,2.6575095713,132166448.0000000000,24
3950,52,2.6541044892,132159440.0000000000,19
3950,53,2.6493711098,131720528.0000000000,26
3950,54,0.6744708040,54827568.0000000000,31
3950,55,0.6759309776,54827568.0000000000,20
3950,56,0.6732331864,54827568.0000000000,18
3950,57,0.6756422290,54827568.0000000000,30
3950,58,0.6742020249,54827568.0000000000,28
3950,59,0.6744494175,54827568.0000000000,31
3950,60,0.6736214682,54827568.0000000000,19
3950,61,0.6735548184,54827568.0000000000,16
3950,62,0.6753045239,54827568.0000000000,30
3950,63,0.6749836278,54827568.0000000000,26
3950,64,0.6754029801,54827568.0000000000,21
3950,65,0.6741544108,54827568.0000000000,28
3950,66,0.6742032473,54827568.0000000000,31
3950,67,0.6741292062,54827568.0000000000,27
3950,68,0.6735518544,54827568.0000000000,27
3950,69,0.6748506461,54827568.0000000000,26
3950,70,0.6744557645,54827568.0000000000,15
3950,71,0.6755677246,54827568.0000000000,30
3950,72,0.6728039123,54827568.0000000000,29
3950,73,0.6747322933,54827568.0000000000,22
3950,74,0.6737539300,54827568.0000000000,16
3950,75,0.6756909541,54827568.0000000000,24
3950,76,0.6755570829,54827568.0000000000,24
3950,77,0.6735769688,54827568.0000000000,18
3950,78,0.6755015470,54827568.0000000000,30
3950,79,0.6727272856,54827568.0000000000,29
3950,80,0.6726278187,54827568.0000000000,29
3950,81,0.6736815145,54827568.0000000000,16
3950,82,0.6734475014,54827568.0000000000,19
3950,83,0.6750617150,54827568.0000000000,12
3950,84,0.6738773419,54827568.0000000000,28
3950,85,0.6751944892,54827568.0000000000,21
3950,86,0.6746679987,54827568.0000000000,22
3950,87,0.6743980674,54827568.0000000000,31
3950,88,0.6746894080,54827568.0000000000,15
3950,89,0.6752736638,54827568.0000000000,14
3950,90,0.6743744877,54827568.0000000000,17
3950,91,0.6730053584,54827568.0000000000,25
3950,92,0.6755254027,54827568.0000000000,20
3950,93,0.6754025040,54827568.0000000000,12
3950,94,0.6757243270,54827568.0000000000,23
3950,95,0.6727075650,54827568.0000000000,25
3950,96,0.6729622681,54827568.0000000000,18
3950,97,0.6727759975,54827568.0000000000,25
3950,98,0.6738259350,54827568.0000000000,27
3950,99,0.6739883851,54827568.0000000000,31
3950,100,0.6723286462,54827568.0000000000,29
3950,101,0.6733747360,54827568.0000000000,19
3950,102,0.6751664396,54827568.0000000000,22
3950,103,0.6736032297,54827568.0000000000,27
3950,104,0.6755513130,54827568.0000000000,30
3950,105,0.6756217307,54827568.0000000000,24
3950,106,0.6750484791,54827568.0000000000,21
3950,107,0.6752622882,54827568.0000000000,14
3950,108,0.6741095233,54827568.0000000000,28
3950,109,0.6746341459,54827568.0000000000,15
3950,110,0.6745336626,54827568.0000000000,17
3950,111,0.6752122041,54827568.0000000000,23
3950,112,0.6744001504,54827568.0000000000,17
3950,113,0.6725369441,54827568.0000000000,29
3950,114,0.6739175892,54827568.0000000000,28
3950,115,0.6756439414,54827568.0000000000,20
3950,116,0.6752113395,54827568.0000000000,23
3950,117,0.5838196914,47074864.0000000000,17
3950,118,0.5828977750,47074864.0000000000,7
3950,119,0.5815175294,47074864.0000000000,18
3950,120,0.5828642349,47074864.0000000000,7
3950,121,0.5842460631,47074864.0000000000,21
3950,122,0.5845699664,47074864.0000000000,12
3950,123,0.5828450663,47074864.0000000000,13
3950,124,0.5834187069,47074864.0000000000,26
3950,125,0.5825111665,47074864.0000000000,13
3950,126,0.5823802431,47074864.0000000000,16
3950,127,0.5833193339,47074864.0000000000,7
3950,128,0.5824616803,47074864.0000000000,27
3950,129,0.5837547740,47074864.0000000000,8
3950,130,0.5840154692,47074864.0000000000,14
3950,131,0.5841497452,47074864.0000000000,15
3950,132,0.5851897683,47074864.0000000000,11
3950,133,0.5840140078,47074864.0000000000,14
3950,134,0.5841654180,47074864.0000000000,20
3950,135,0.5821800899,47074864.0000000000,16
3950,136,0.5842407717,47074864.0000000000,15
3950,137,0.5842826248,47074864.0000000000,14
3950,138,0.5826354691,47074864.0000000000,13
3950,139,0.5847097210,47074864.0000000000,12
3950,140,0.5837531787,47074864.0000000000,8
3950,141,0.5847356529,47074864.0000000000,12
3950,142,0.5840107738,47074864.0000000000,22
3950,143,0.5846555353,47074864.0000000000,11
3950,144,0.5841937206,47074864.0000000000,23
3950,145,0.5846764744,47074864.0000000000,11
3950,146,0.5835109528,47074864.0000000000,17
3950,147,0.5825492586,47074864.0000000000,19
3950,148,0.5828631597,47074864.0000000000,7
3950,149,0.5815155351,47074864.0000000000,25
3950,150,0.5832793033,47074864.0000000000,26
3950,151,0.5838551690,47074864.0000000000,24
3950,152,0.5836453545,47074864.0000000000,8
4000,0,0.1447944390,227997264.0000000000,6
4000,1,0.1416020300,223774272.0000000000,9
4000,2,0.1302772610,213999328.0000000000,8
4000,3,0.1297476350,212064720.0000000000,13
4000,4,0.1285672180,212257856.0000000000,7
4000,5,0.1310081910,212634400.0000000000,11
4000,6,0.1468217750,227460736.0000000000,10
4000,7,0.3827572250,441399456.0000000000,28
4000,8,0.2914867620,361134976.0000000000,5
4000,9,0.4190955630,517692016.0000000000,29
4000,10,0.3754084250,470408672.0000000000,27
4000,11,0.3195825790,417899200.0000000000,15
4000,12,0.2971954240,397733424.0000000000,14
4000,13,0.2953077280,395374896.0000000000,17
4000,14,0.2978516140,398952096.0000000000,12
4000,15,0.3442364390,440345696.0000000000,16
4000,16,0.3512713000,449726880.0000000000,23
4000,17,0.2916371980,404907200.0000000000,4
4000,18,0.3174918880,436077360.0000000000,1
4000,19,0.3473352610,457766048.0000000000,9
4000,20,0.4150681890,510847888.0000000000,10
4000,21,0.4037394100,502893056.0000000000,31
4000,22,0.3838104900,487475664.0000000000,30
4000,23,0.4027997570,501943808.0000000000,26
4000,24,0.3844773550,484226272.0000000000,5
4000,25,0.3200313660,437186048.0000000000,6
4000,26,0.3175298230,436086496.0000000000,0
4000,27,0.3174974810,436105312.0000000000,2
4000,28,0.3175765330,436514144.0000000000,8
4000,29,0.3177174150,436505840.0000000000,1
4000,30,0.3459484910,460371392.0000000000,7
4000,31,0.3659377610,480608336.0000000000,0
4000,32,0.3404546240,455330160.0000000000,13
4000,33,0.3180014020,436510352.0000000000,3
4000,34,0.3175812430,436508848.0000000000,2
4000,35,0.3176128710,436128992.0000000000,21
4000,36,0.3165560230,434673216.0000000000,4
4000,37,0.3184179910,436430336.0000000000,11
4000,38,0.3182282490,436550352.0000000000,25
4000,39,0.3185320390,436496448.0000000000,22
4000,40,0.3184725100,436542496.0000000000,24
4000,41,0.3180909040,436480992.0000000000,18
4000,42,0.3184574460,436504416.0000000000,20
4000,43,0.3182984920,436469840.0000000000,19
4000,44,0.3167435680,434685344.0000000000,3
4000,45,0.0820979360,131709968.0000000000,23
4000,46,0.0822873810,132176368.0000000000,20
4000,47,0.0823450740,132160688.0000000000,22
4000,48,0.0821751550,132139296.0000000000,18
4000,49,0.0823436300,132129504.0000000000,21
4000,50,0.0822119400,132154640.0000000000,25
4000,51,0.0823052690,132168112.0000000000,24
4000,52,0.0823263050,132158672.0000000000,19
4000,53,0.0821446600,131715120.0000000000,26
4000,54,0.0206306200,54827568.0000000000,31
4000,55,0.0206493500,54827568.0000000000,20
4000,56,0.0205608300,54827568.0000000000,18
4000,57,0.0206236180,54827568.0000000000,30
4000,58,0.0206298780,54827568.0000000000,28
4000,59,0.0206240800,54827568.0000000000,31
4000,60,0.0205965710,54827568.0000000000,19
4000,61,0.0206463160,54827568.0000000000,16
4000,62,0.0207284800,54827568.0000000000,30
4000,63,0.0205953530,54827568.0000000000,26
4000,64,0.0206772020,54827568.0000000000,21
4000,65,0.0205921280,54827568.0000000000,28
4000,66,0.0207069410,54827568.0000000000,31
4000,67,0.0206053990,54827568.0000000000,27
4000,68,0.0206300690,54827568.0000000000,27
4000,69,0.0206697240,54827568.0000000000,26
4000,70,0.0206840750,54827568.0000000000,15
4000,71,0.0206887440,54827568.0000000000,30
4000,72,0.0205579990,54827568.0000000000,29
4000,73,0.0206828760,54827568.0000000000,22
4000,74,0.0206073730,54827568.0000000000,16
4000,75,0.0206915860,54827568.0000000000,24
4000,76,0.0206387550,54827568.0000000000,24
4000,77,0.0206458670,54827568.0000000000,18
4000,78,0.0207020100,54827568.0000000000,30
4000,79,0.0205902040,54827568.0000000000,29
4000,80,0.0205785320,54827568.0000000000,29
4000,81,0.0206231820,54827568.0000000000,16
4000,82,0.0205676050,54827568.0000000000,19
4000,83,0.0207841790,54827568.0000000000,12
4000,84,0.0206223170,54827568.0000000000,28
4000,85,0.0206885260,54827568.0000000000,21
4000,86,0.0207452860,54827568.0000000000,22
4000,87,0.0206663100,54827568.0000000000,31
4000,88,0.0206872420,54827568.0000000000,15
4000,89,0.0206571340,54827568.0000000000,14
4000,90,0.0206485400,54827568.0000000000,17
4000,91,0.0205887480,54827568.0000000000,25
4000,92,0.0207151550,54827568.0000000000,20
4000,93,0.0206863090,54827568.0000000000,12
4000,94,0.0206775640,54827568.0000000000,23
4000,95,0.0206179160,54827568.0000000000,25
4000,96,0.0206311670,54827568.0000000000,18
4000,97,0.0206192490,54827568.0000000000,25
4000,98,0.0206559980,54827568.0000000000,27
4000,99,0.0206801760,54827568.0000000000,31
4000,100,0.0206236570,54827568.0000000000,29
4000,101,0.0206753440,54827568.0000000000,19
4000,102,0.0206307240,54827568.0000000000,22
4000,103,0.0206050990,54827568.0000000000,27
4000,104,0.0206245900,54827568.0000000000,30
4000,105,0.0206783130,54827568.0000000000,24
4000,106,0.0206791370,54827568.0000000000,21
4000,107,0.0207247170,54827568.0000000000,14
4000,108,0.0206871010,54827568.0000000000,28
4000,109,0.0206953980,54827568.0000000000,15
4000,110,0.0207039590,54827568.0000000000,17
4000,111,0.0206486390,54827568.0000000000,23
4000,112,0.0206075900,54827568.0000000000,17
4000,113,0.0205414490,54827568.0000000000,29
4000,114,0.0206287480,54827568.0000000000,28
4000,115,0.0206980430,54827568.0000000000,20
4000,116,0.0206543310,54827568.0000000000,23
4000,117,0.0178747610,47074864.0000000000,17
4000,118,0.0178674770,47074864.0000000000,7
4000,119,0.0177945540,47074864.0000000000,18
4000,120,0.0178537910,47074864.0000000000,7
4000,121,0.0178615330,47074864.0000000000,21
4000,122,0.0178998160,47074864.0000000000,12
4000,123,0.0178656380,47074864.0000000000,13
4000,124,0.0178485870,47074864.0000000000,26
4000,125,0.0178227540,47074864.0000000000,13
4000,126,0.0177945550,47074864.0000000000,16
4000,127,0.0178264700,47074864.0000000000,7
4000,128,0.0178193090,47074864.0000000000,27
4000,129,0.0178698770,47074864.0000000000,8
4000,130,0.0178566010,47074864.0000000000,14
4000,131,0.0179022390,47074864.0000000000,15
4000,132,0.0178898770,47074864.0000000000,11
4000,133,0.0178334650,47074864.0000000000,14
4000,134,0.0178920720,47074864.0000000000,20
4000,135,0.0178101260,47074864.0000000000,16
4000,136,0.0178915580,47074864.0000000000,15
4000,137,0.0178693770,47074864.0000000000,14
4000,138,0.0178646870,47074864.0000000000,13
4000,139,0.0178879430,47074864.0000000000,12
4000,140,0.0178488360,47074864.0000000000,8
4000,141,0.0178770010,47074864.0000000000,12
4000,142,0.0178733440,47074864.0000000000,22
4000,143,0.0178438080,47074864.0000000000,11
4000,144,0.0178963480,47074864.0000000000,23
4000,145,0.0179354060,47074864.0000000000,11
4000,146,0.0178586680,47074864.0000000000,17
4000,147,0.0178273380,47074864.0000000000,19
4000,148,0.0178429100,47074864.0000000000,7
4000,149,0.0178000930,47074864.0000000000,25
4000,150,0.0178784120,47074864.0000000000,26
4000,151,0.0178693250,47074864.0000000000,24
4000,152,0.0178834140,47074864.0000000000,8
4050,0,4.6502843959,226590304.0000000000,6
4050,1,4.5591579049,223732160.0000000000,9
4050,2,4.1985444247,213963744.0000000000,8
4050,3,4.1810380447,212135232.0000000000,13
4050,4,4.1442272436,212291824.0000000000,7
4050,5,4.2183808528,212633296.0000000000,11
4050,6,4.7209378390,226894048.0000000000,10
4050,7,12.2540374121,439316304.0000000000,28
4050,8,9.3639988038,361425376.0000000000,5
4050,9,13.4900268207,518272688.0000000000,29
4050,10,11.9914857278,467724160.0000000000,27
4050,11,10.2436086110,416966048.0000000000,15
4050,12,9.5331809721,397294208.0000000000,14
4050,13,9.4818786396,395056800.0000000000,17
4050,14,9.5670428858,398804064.0000000000,12
4050,15,11.0278635793,438650688.0000000000,16
4050,16,11.3280426732,451034800.0000000000,23
4050,17,9.3640529722,404993856.0000000000,4
4050,18,10.2216376217,436071104.0000000000,1
4050,19,11.2249089226,460300048.0000000000,9
4050,20,13.3622967094,511974160.0000000000,10
4050,21,12.8866955669,498963344.0000000000,31
4050,22,12.2644789270,484577776.0000000000,30
4050,23,12.8729965100,499069472.0000000000,26
4050,24,12.3965664516,485615520.0000000000,5
4050,25,10.3013850994,437330864.0000000000,6
4050,26,10.2188593379,436080288.0000000000,0
4050,27,10.2171918590,436101344.0000000000,2
4050,28,10.2248783509,436509760.0000000000,8
4050,29,10.2261843106,436514944.0000000000,1
4050,30,11.2247103553,464613504.0000000000,7
4050,31,11.8325798756,483959936.0000000000,0
4050,32,11.0241358195,458248656.0000000000,13
4050,33,10.2292525349,436512224.0000000000,3
4050,34,10.2232360005,436511024.0000000000,2
4050,35,10.2233822827,436118752.0000000000,21
4050,36,10.1880736566,434650688.0000000000,4
4050,37,10.2463346884,436434464.0000000000,11
4050,38,10.2409942166,436548320.0000000000,25
4050,39,10.2486758561,436495408.0000000000,22
4050,40,10.2500858246,436544512.0000000000,24
4050,41,10.2369893970,436480208.0000000000,18
4050,42,10.2483435711,436506208.0000000000,20
4050,43,10.2385580142,436465440.0000000000,19
4050,44,10.1942852316,434660912.0000000000,3
4050,45,2.6519661643,131706096.0000000000,23
4050,46,2.6578659641,132177392.0000000000,20
4050,47,2.6569582212,132159728.0000000000,22
4050,48,2.6529346431,132139632.0000000000,18
4050,49,2.6558422182,132131536.0000000000,21
4050,50,2.6528725646,132153520.0000000000,25
4050,51,2.6584236081,132168560.0000000000,24
4050,52,2.6544474763,132162128.0000000000,19
4050,53,2.6489087395,131710512.0000000000,26
4050,54,0.6743747495,54827568.0000000000,31
4050,55,0.6758892593,54827568.0000000000,20
4050,56,0.6732031073,54827568.0000000000,18
4050,57,0.6751941481,54827568.0000000000,30
4050,58,0.6740960617,54827568.0000000000,28
4050,59,0.6743906874,54827568.0000000000,31
4050,60,0.6736757038,54827568.0000000000,19
4050,61,0.6737109154,54827568.0000000000,16
4050,62,0.6758831860,54827568.0000000000,30
4050,63,0.6749537667,54827568.0000000000,26
4050,64,0.6751777533,54827568.0000000000,21
4050,65,0.6737245963,54827568.0000000000,28
4050,66,0.6744236362,54827568.0000000000,31
4050,67,0.6738474165,54827568.0000000000,27
4050,68,0.6737801006,54827568.0000000000,27
4050,69,0.6749930851,54827568.0000000000,26
4050,70,0.6748025116,54827568.0000000000,15
4050,71,0.6751067710,54827568.0000000000,30
4050,72,0.6727459359,54827568.0000000000,29
4050,73,0.6748050075,54827568.0000000000,22
4050,74,0.6737074653,54827568.0000000000,16
4050,75,0.6754597563,54827568.0000000000,24
4050,76,0.6753563125,54827568.0000000000,24
4050,77,0.6730924959,54827568.0000000000,18
4050,78,0.6755881742,54827568.0000000000,30
4050,79,0.6725940667,54827568.0000000000,29
4050,80,0.6726637841,54827568.0000000000,29
4050,81,0.6737709527,54827568.0000000000,16
4050,82,0.6737234295,54827568.0000000000,19
4050,83,0.6753629393,54827568.0000000000,12
4050,84,0.6740314566,54827568.0000000000,28
4050,85,0.6748544920,54827568.0000000000,21
4050,86,0.6747050365,54827568.0000000000,22
4050,87,0.6743371348,54827568.0000000000,31
4050,88,0.6745355733,54827568.0000000000,15
4050,89,0.6750595656,54827568.0000000000,14
4050,90,0.6747015679,54827568.0000000000,17
4050,91,0.6728243140,54827568.0000000000,25
4050,92,0.6758834688,54827568.0000000000,20
4050,93,0.6751825906,54827568.0000000000,12
4050,94,0.6752103346,54827568.0000000000,23
4050,95,0.6725653903,54827568.0000000000,25
4050,96,0.6730524624,54827568.0000000000,18
4050,97,0.6729628944,54827568.0000000000,25
4050,98,0.6735621588,54827568.0000000000,27
4050,99,0.6742855218,54827568.0000000000,31
4050,100,0.6725325663,54827568.0000000000,29
4050,101,0.6735334883,54827568.0000000000,19
4050,102,0.6748443390,54827568.0000000000,22
4050,103,0.6739801242,54827568.0000000000,27
4050,104,0.6752281841,54827568.0000000000,30
4050,105,0.6758381731,54827568.0000000000,24
4050,106,0.6750567705,54827568.0000000000,21
4050,107,0.6754552540,54827568.0000000000,14
4050,108,0.6741071993,54827568.0000000000,28
4050,109,0.6745075643,54827568.0000000000,15
4050,110,0.6742529874,54827568.0000000000,17
4050,111,0.6754804618,54827568.0000000000,23
4050,112,0.6742429838,54827568.0000000000,17
4050,113,0.6726829091,54827568.0000000000,29
4050,114,0.6740934440,54827568.0000000000,28
4050,115,0.6755103091,54827568.0000000000,20
4050,116,0.6753682297,54827568.0000000000,23
4050,117,0.5838767561,47074864.0000000000,17
4050,118,0.5829386298,47074864.0000000000,7
4050,119,0.5815892888,47074864.0000000000,18
4050,120,0.5829035255,47074864.0000000000,7
4050,121,0.5840529903,47074864.0000000000,21
4050,122,0.5844134756,47074864.0000000000,12
4050,123,0.5829944094,47074864.0000000000,13
4050,124,0.5834938319,47074864.0000000000,26
4050,125,0.5827094960,47074864.0000000000,13
4050,126,0.5822685281,47074864.0000000000,16
4050,127,0.5828117001,47074864.0000000000,7
4050,128,0.5825609629,47074864.0000000000,27
4050,129,0.5835127694,47074864.0000000000,8
4050,130,0.5841329240,47074864.0000000000,14
4050,131,0.5840692691,47074864.0000000000,15
4050,132,0.5847352573,47074864.0000000000,11
4050,133,0.5837724618,47074864.0000000000,14
4050,134,0.5842297728,47074864.0000000000,20
4050,135,0.5821094751,47074864.0000000000,16
4050,136,0.5843850428,47074864.0000000000,15
4050,137,0.5839263516,47074864.0000000000,14
4050,138,0.5825788725,47074864.0000000000,13
4050,139,0.5846940480,47074864.0000000000,12
4050,140,0.5839854104,47074864.0000000000,8
4050,141,0.5845848410,47074864.0000000000,12
4050,142,0.5840468311,47074864.0000000000,22
4050,143,0.5846314700,47074864.0000000000,11
4050,144,0.5842454246,47074864.0000000000,23
4050,145,0.5846507890,47074864.0000000000,11
4050,146,0.5835547684,47074864.0000000000,17
4050,147,0.5825598526,47074864.0000000000,19
4050,148,0.5829126632,47074864.0000000000,7
4050,149,0.5816405125,47074864.0000000000,25
4050,150,0.5833618580,47074864.0000000000,26
4050,151,0.5838588224,47074864.0000000000,24
4050,152,0.5836726338,47074864.0000000000,8
4100,0,0.1423149460,225445536.0000000000,6
4100,1,0.1416192630,223626256.0000000000,9
4100,2,0.1304260150,213978800.0000000000,8
4100,3,0.1297038240,212198032.0000000000,13
4100,4,0.1284963410,212353664.0000000000,7
4100,5,0.1310128930,212626976.0000000000,11
4100,6,0.1461648040,226153536.0000000000,10
4100,7,0.3774300040,437066160.0000000000,28
4100,8,0.2914074490,362069104.0000000000,5
4100,9,0.4211015340,518948032.0000000000,29
4100,10,0.3699667320,465365552.0000000000,27
4100,11,0.3151634830,415198736.0000000000,15
4100,12,0.2951404640,396597360.0000000000,14
4100,13,0.2940259900,394472272.0000000000,17
4100,14,0.2972402920,398551216.0000000000,12
4100,15,0.3400529430,436704464.0000000000,16
4100,16,0.3546085120,451780768.0000000000,23
4100,17,0.2915300930,404951280.0000000000,4
4100,18,0.3177099500,436055296.0000000000,1
4100,19,0.3537654280,462721600.0000000000,9
4100,20,0.4181750660,512758048.0000000000,10
4100,21,0.3921819860,492777552.0000000000,31
4100,22,0.3624343300,467881824.0000000000,30
4100,23,0.3920916230,493346816.0000000000,26
4100,24,0.3881608080,486679968.0000000000,5
4100,25,0.3209237830,437632144.0000000000,6
4100,26,0.3174604590,436067600.0000000000,0
4100,27,0.3175179700,436091216.0000000000,2
4100,28,0.3177460920,436509200.0000000000,8
4100,29,0.3189525250,437058368.0000000000,1
4100,30,0.3592834840,471798528.0000000000,7
4100,31,0.3884886860,501617744.0000000000,0
4100,32,0.3517206050,464949392.0000000000,13
4100,33,0.3178848880,436512272.0000000000,3
4100,34,0.3175848180,436511296.0000000000,2
4100,35,0.3176752780,436114672.0000000000,21
4100,36,0.3167099420,434630544.0000000000,4
4100,37,0.3185593220,436433232.0000000000,11
4100,38,0.3183701260,436545600.0000000000,25
4100,39,0.3185394320,436495776.0000000000,22
4100,40,0.3186640540,436541856.0000000000,24
4100,41,0.3181957650,436483536.0000000000,18
4100,42,0.3184965990,436504848.0000000000,20
4100,43,0.3181962570,436467824.0000000000,19
4100,44,0.3169670650,434632704.0000000000,3
4100,45,0.0820694680,131699248.0000000000,23
4100,46,0.0823582960,132179904.0000000000,20
4100,47,0.0822511590,132158736.0000000000,22
4100,48,0.0822094330,132140400.0000000000,18
4100,49,0.0822901750,132131552.0000000000,21
4100,50,0.0823711490,132151072.0000000000,25
4100,51,0.0822335230,132169120.0000000000,24
4100,52,0.0823344230,132159984.0000000000,19
4100,53,0.0822254970,131708688.0000000000,26
4100,54,0.0206540280,54827568.0000000000,31
4100,55,0.0206772850,54827568.0000000000,20
4100,56,0.0206139540,54827568.0000000000,18
4100,57,0.0207465860,54827568.0000000000,30
4100,58,0.0206764410,54827568.0000000000,28
4100,59,0.0206834570,54827568.0000000000,31
4100,60,0.0206335510,54827568.0000000000,19
4100,61,0.0206418270,54827568.0000000000,16
4100,62,0.0207230320,54827568.0000000000,30
4100,63,0.0205960840,54827568.0000000000,26
4100,64,0.0206377290,54827568.0000000000,21
4100,65,0.0205873780,54827568.0000000000,28
4100,66,0.0206193990,54827568.0000000000,31
4100,67,0.0206722690,54827568.0000000000,27
4100,68,0.0206076970,54827568.0000000000,27
4100,69,0.0206632320,54827568.0000000000,26
4100,70,0.0206481070,54827568.0000000000,15
4100,71,0.0206525840,54827568.0000000000,30
4100,72,0.0205840810,54827568.0000000000,29
4100,73,0.0207176040,54827568.0000000000,22
4100,74,0.0206437130,54827568.0000000000,16
4100,75,0.0206901850,54827568.0000000000,24
4100,76,0.0206334730,54827568.0000000000,24
4100,77,0.0205979540,54827568.0000000000,18
4100,78,0.0206665140,54827568.0000000000,30
4100,79,0.0205792440,54827568.0000000000,29
4100,80,0.0206336670,54827568.0000000000,29
4100,81,0.0206423600,54827568.0000000000,16
4100,82,0.0206098070,54827568.0000000000,19
4100,83,0.0206839150,54827568.0000000000,12
4100,84,0.0205715160,54827568.0000000000,28
4100,85,0.0206972650,54827568.0000000000,21
4100,86,0.0206658540,54827568.0000000000,22
4100,87,0.0206614730,54827568.0000000000,31
4100,88,0.0206690680,54827568.0000000000,15
4100,89,0.0206544290,54827568.0000000000,14
4100,90,0.0206184220,54827568.0000000000,17
4100,91,0.0205109580,54827568.0000000000,25
4100,92,0.0206585220,54827568.0000000000,20
4100,93,0.0206343590,54827568.0000000000,12
4100,94,0.0206842090,54827568.0000000000,23
4100,95,0.0205501450,54827568.0000000000,25
4100,96,0.0205680750,54827568.0000000000,18
4100,97,0.0205634100,54827568.0000000000,25
4100,98,0.0207049830,54827568.0000000000,27
4100,99,0.0205733190,54827568.0000000000,31
4100,100,0.0206018580,54827568.0000000000,29
4100,101,0.0206311270,54827568.0000000000,19
4100,102,0.0206358570,54827568.0000000000,22
4100,103,0.0206049410,54827568.0000000000,27
4100,104,0.0206427450,54827568.0000000000,30
4100,105,0.0206653480,54827568.0000000000,24
4100,106,0.0206598730,54827568.0000000000,21
4100,107,0.0207080140,54827568.0000000000,14
4100,108,0.0206007550,54827568.0000000000,28
4100,109,0.0206227580,54827568.0000000000,15
4100,110,0.0206099760,54827568.0000000000,17
4100,111,0.0206455560,54827568.0000000000,23
4100,112,0.0206113390,54827568.0000000000,17
4100,113,0.0205995210,54827568.0000000000,29
4100,114,0.0205881590,54827568.0000000000,28
4100,115,0.0206702830,54827568.0000000000,20
4100,116,0.0207379950,54827568.0000000000,23
4100,117,0.0178454140,47074864.0000000000,17
4100,118,0.0178536020,47074864.0000000000,7
4100,119,0.0178510940,47074864.0000000000,18
4100,120,0.0178418890,47074864.0000000000,7
4100,121,0.0179170930,47074864.0000000000,21
4100,122,0.0178991950,47074864.0000000000,12
4100,123,0.0178316010,47074864.0000000000,13
4100,124,0.0178384850,47074864.0000000000,26
4100,125,0.0178106620,47074864.0000000000,13
4100,126,0.0177972090,47074864.0000000000,16
4100,127,0.0178572000,47074864.0000000000,7
4100,128,0.0178404800,47074864.0000000000,27
4100,129,0.0178757700,47074864.0000000000,8
4100,130,0.0178731310,47074864.0000000000,14
4100,131,0.0178179970,47074864.0000000000,15
4100,132,0.0179180300,47074864.0000000000,11
4100,133,0.0178618910,47074864.0000000000,14
4100,134,0.0178901610,47074864.0000000000,20
4100,135,0.0178500130,47074864.0000000000,16
4100,136,0.0179275200,47074864.0000000000,15
4100,137,0.0178533460,47074864.0000000000,14
4100,138,0.0178506310,47074864.0000000000,13
4100,139,0.0178757700,47074864.0000000000,12
4100,140,0.0178853490,47074864.0000000000,8
4100,141,0.0179058860,47074864.0000000000,12
4100,142,0.0178594310,47074864.0000000000,22
4100,143,0.0178980120,47074864.0000000000,11
4100,144,0.0178482590,47074864.0000000000,23
4100,145,0.0178891650,47074864.0000000000,11
4100,146,0.0178729160,47074864.0000000000,17
4100,147,0.0178454920,47074864.0000000000,19
4100,148,0.0177880140,47074864.0000000000,7
4100,149,0.0177942380,47074864.0000000000,25
4100,150,0.0178548470,47074864.0000000000,26
4100,151,0.0179086010,47074864.0000000000,24
4100,152,0.0178785040,47074864.0000000000,8
4150,0,4.5695796895,224826816.0000000000,6
4150,1,4.5521557005,223385648.0000000000,9
4150,2,4.2176657854,213965808.0000000000,8
4150,3,4.1766363110,212186064.0000000000,13
4150,4,4.1394313203,212281520.0000000000,7
4150,5,4.2129933207,212532448.0000000000,11
4150,6,4.6684168958,225543216.0000000000,10
4150,7,12.0600055050,433405216.0000000000,28
4150,8,9.4094323135,363212832.0000000000,5
4150,9,13.5722518376,519676432.0000000000,29
4150,10,11.8566221685,463596992.0000000000,27
4150,11,10.0950437778,413121152.0000000000,15
4150,12,9.4825285061,396109808.0000000000,14
4150,13,9.4487761125,394012720.0000000000,17
4150,14,9.5554585493,398333952.0000000000,12
4150,15,10.9025612772,435452096.0000000000,16
4150,16,11.4217694822,452664672.0000000000,23
4150,17,9.3878107968,404803328.0000000000,4
4150,18,10.2223442664,436049408.0000000000,1
4150,19,11.4274370706,464991280.0000000000,9
4150,20,13.4436592364,513093264.0000000000,10
4150,21,12.4185456428,484699024.0000000000,31
4150,22,11.5462979957,462766640.0000000000,30
4150,23,12.4165652324,484970880.0000000000,26
4150,24,12.5068532686,487586720.0000000000,5
4150,25,10.3380735367,438018544.0000000000,6
4150,26,10.2189180048,436061984.0000000000,0
4150,27,10.2180968509,436085280.0000000000,2
4150,28,10.2251578998,436506448.0000000000,8
4150,29,10.2940116185,438209840.0000000000,1
4150,30,11.7467765305,480130096.0000000000,7
4150,31,12.6065762016,506148256.0000000000,0
4150,32,11.5118646281,473532848.0000000000,13
4150,33,10.2286443023,436512480.0000000000,3
4150,34,10.2222718516,436509312.0000000000,2
4150,35,10.2247469422,436106976.0000000000,21
4150,36,10.1880238653,434604592.0000000000,4
4150,37,10.2473033493,436430192.0000000000,11
4150,38,10.2401200536,436542608.0000000000,25
4150,39,10.2495874676,436502736.0000000000,22
4150,40,10.2508903065,436541888.0000000000,24
4150,41,10.2375440282,436481056.0000000000,18
4150,42,10.2478861754,436507072.0000000000,20
4150,43,10.2396354736,436469200.0000000000,19
4150,44,10.1935893650,434612736.0000000000,3
4150,45,2.6521848083,131693936.0000000000,23
4150,46,2.6584023501,132185488.0000000000,20
4150,47,2.6572451243,132157232.0000000000,22
4150,48,2.6533925489,132137360.0000000000,18
4150,49,2.6556473988,132134480.0000000000,21
4150,50,2.6526814395,132152944.0000000000,25
4150,51,2.6580979550,132168544.0000000000,24
4150,52,2.6540733555,132161696.0000000000,19
4150,53,2.6492449691,131702240.0000000000,26
4150,54,0.6742811160,54827568.0000000000,31
4150,55,0.6757102200,54827568.0000000000,20
4150,56,0.6733575330,54827568.0000000000,18
4150,57,0.6754592100,54827568.0000000000,30
4150,58,0.6740678818,54827568.0000000000,28
4150,59,0.6746038750,54827568.0000000000,31
4150,60,0.6738110657,54827568.0000000000,19
4150,61,0.6734770254,54827568.0000000000,16
4150,62,0.6756692455,54827568.0000000000,30
4150,63,0.6749639734,54827568.0000000000,26
4150,64,0.6752908077,54827568.0000000000,21
4150,65,0.6736923260,54827568.0000000000,28
4150,66,0.6742491832,54827568.0000000000,31
4150,67,0.6740537023,54827568.0000000000,27
4150,68,0.6736200415,54827568.0000000000,27
4150,69,0.6747936919,54827568.0000000000,26
4150,70,0.6741913236,54827568.0000000000,15
4150,71,0.6753232658,54827568.0000000000,30
4150,72,0.6727961483,54827568.0000000000,29
4150,73,0.6750562072,54827568.0000000000,22
4150,74,0.6736818573,54827568.0000000000,16
4150,75,0.6754849606,54827568.0000000000,24
4150,76,0.6755343917,54827568.0000000000,24
4150,77,0.6732321258,54827568.0000000000,18
4150,78,0.6753953774,54827568.0000000000,30
4150,79,0.6724148284,54827568.0000000000,29
4150,80,0.6728126783,54827568.0000000000,29
4150,81,0.6737409816,54827568.0000000000,16
4150,82,0.6734574137,54827568.0000000000,19
4150,83,0.6754003632,54827568.0000000000,12
4150,84,0.6739006812,54827568.0000000000,28
4150,85,0.6753329503,54827568.0000000000,21
4150,86,0.6746968938,54827568.0000000000,22
4150,87,0.6745692346,54827568.0000000000,31
4150,88,0.6745719480,54827568.0000000000,15
4150,89,0.6753688758,54827568.0000000000,14
4150,90,0.6746580846,54827568.0000000000,17
4150,91,0.6724896137,54827568.0000000000,25
4150,92,0.6753779049,54827568.0000000000,20
4150,93,0.6753193438,54827568.0000000000,12
4150,94,0.6752695247,54827568.0000000000,23
4150,95,0.6724852691,54827568.0000000000,25
4150,96,0.6728526065,54827568.0000000000,18
4150,97,0.6731568090,54827568.0000000000,25
4150,98,0.6736118042,54827568.0000000000,27
4150,99,0.6743195485,54827568.0000000000,31
4150,100,0.6722498249,54827568.0000000000,29
4150,101,0.6736479774,54827568.0000000000,19
4150,102,0.6745580572,54827568.0000000000,22
4150,103,0.6739150215,54827568.0000000000,27
4150,104,0.6755275836,54827568.0000000000,30
4150,105,0.6758150707,54827568.0000000000,24
4150,106,0.6754205527,54827568.0000000000,21
4150,107,0.6754969282,54827568.0000000000,14
4150,108,0.6740229690,54827568.0000000000,28
4150,109,0.6748836382,54827568.0000000000,15
4150,110,0.6741837994,54827568.0000000000,17
4150,111,0.6751498193,54827568.0000000000,23
4150,112,0.6741112120,54827568.0000000000,17
4150,113,0.6724659856,54827568.0000000000,29
4150,114,0.6743014030,54827568.0000000000,28
4150,115,0.6759075191,54827568.0000000000,20
4150,116,0.6756877591,54827568.0000000000,23
4150,117,0.5838279816,47074864.0000000000,17
4150,118,0.5827694769,47074864.0000000000,7
4150,119,0.5814843360,47074864.0000000000,18
4150,120,0.5827805434,47074864.0000000000,7
4150,121,0.5843166327,47074864.0000000000,21
4150,122,0.5847001185,47074864.0000000000,12
4150,123,0.5827610558,47074864.0000000000,13
4150,124,0.5834119170,47074864.0000000000,26
4150,125,0.5825882353,47074864.0000000000,13
4150,126,0.5822700898,47074864.0000000000,16
4150,127,0.5830055659,47074864.0000000000,7
4150,128,0.5827217521,47074864.0000000000,27
4150,129,0.5836634793,47074864.0000000000,8
4150,130,0.5840685342,47074864.0000000000,14
4150,131,0.5841797600,47074864.0000000000,15
4150,132,0.5849292934,47074864.0000000000,11
4150,133,0.5838159894,47074864.0000000000,14
4150,134,0.5842098124,47074864.0000000000,20
4150,135,0.5822417609,47074864.0000000000,16
4150,136,0.5841830576,47074864.0000000000,15
4150,137,0.5839144348,47074864.0000000000,14
4150,138,0.5824519915,47074864.0000000000,13
4150,139,0.5844425744,47074864.0000000000,12
4150,140,0.5838645121,47074864.0000000000,8
4150,141,0.5846744833,47074864.0000000000,12
4150,142,0.5840992524,47074864.0000000000,22
4150,143,0.5847172905,47074864.0000000000,11
4150,144,0.5841531817,47074864.0000000000,23
4150,145,0.5846338998,47074864.0000000000,11
4150,146,0.5836545398,47074864.0000000000,17
4150,147,0.5825772627,47074864.0000000000,19
4150,148,0.5827084145,47074864.0000000000,7
4150,149,0.5815485865,47074864.0000000000,25
4150,150,0.5834273784,47074864.0000000000,26
4150,151,0.5838651456,47074864.0000000000,24
4150,152,0.5838662931,47074864.0000000000,8
4200,0,0.1549482770,224929152.0000000000,17
4200,1,0.1564906890,222548960.0000000000,18
4200,2,0.1343015090,213864864.0000000000,6
4200,3,0.1326942540,212108176.0000000000,8
4200,4,0.1318701410,212147456.0000000000,9
4200,5,0.1338668920,212415952.0000000000,7
4200,6,0.1480541600,225440528.0000000000,12
4200,7,0.3927643790,426813312.0000000000,29
4200,8,0.3037197230,364834112.0000000000,3
4200,9,0.4382450500,520367216.0000000000,10
4200,10,0.3762868360,461207776.0000000000,30
4200,11,0.3207237610,411201552.0000000000,0
4200,12,0.3031864030,395813824.0000000000,2
4200,13,0.3022955610,393549008.0000000000,4
4200,14,0.3052307640,398042176.0000000000,1
4200,15,0.3477231320,434447808.0000000000,11
4200,16,0.3703725080,453497504.0000000000,16
4200,17,0.2993933640,404573024.0000000000,5
4200,18,0.3254304310,436025504.0000000000,5
4200,19,0.3712003920,467245056.0000000000,13
4200,20,0.4314218230,513124896.0000000000,15
4200,21,0.3842452650,476038048.0000000000,26
4200,22,0.3658365740,460992256.0000000000,14
4200,23,0.3851201080,476414592.0000000000,27
4200,24,0.4051306060,488364112.0000000000,20
4200,25,0.3311780650,438472480.0000000000,21
4200,26,0.3258146480,436049776.0000000000,3
4200,27,0.3174542850,436077440.0000000000,2
4200,28,0.3255466430,436510432.0000000000,17
4200,29,0.3314267590,439315616.0000000000,22
4200,30,0.3897791890,487284208.0000000000,28
4200,31,0.4087809760,507612320.0000000000,19
4200,32,0.3828696050,480599488.0000000000,31
4200,33,0.3256957930,436510464.0000000000,18
4200,34,0.3256535100,436503680.0000000000,4
4200,35,0.3259378600,436097808.0000000000,12
4200,36,0.3243430800,434573904.0000000000,0
4200,37,0.3258841700,436431728.0000000000,9
4200,38,0.3261572570,436545296.0000000000,8
4200,39,0.3262071280,436496256.0000000000,24
4200,40,0.3265921270,436545072.0000000000,23
4200,41,0.3260842860,436474704.0000000000,6
4200,42,0.3260785290,436506992.0000000000,25
4200,43,0.3262803280,436464512.0000000000,7
4200,44,0.3245390380,434580208.0000000000,1
4200,45,0.0835996030,131686304.0000000000,14
4200,46,0.0837879560,132188320.0000000000,25
4200,47,0.0839392780,132150272.0000000000,23
4200,48,0.0837065540,132137616.0000000000,16
4200,49,0.0840169090,132138112.0000000000,22
4200,50,0.0838595430,132151952.0000000000,11
4200,51,0.0823075490,132165936.0000000000,24
4200,52,0.0838039970,132164272.0000000000,21
4200,53,0.0835158710,131698416.0000000000,13
4200,54,0.0207223740,54827568.0000000000,10
4200,55,0.0206242200,54827568.0000000000,28
4200,56,0.0206258760,54827568.0000000000,22
4200,57,0.0207435910,54827568.0000000000,30
4200,58,0.0206267760,54827568.0000000000,15
4200,59,0.0206878490,54827568.0000000000,21
4200,60,0.0206782960,54827568.0000000000,11
4200,61,0.0206038680,54827568.0000000000,27
4200,62,0.0206126980,54827568.0000000000,29
4200,63,0.0205927280,54827568.0000000000,29
4200,64,0.0206866580,54827568.0000000000,24
4200,65,0.0207537610,54827568.0000000000,14
4200,66,0.0206510910,54827568.0000000000,31
4200,67,0.0205692390,54827568.0000000000,19
4200,68,0.0206269340,54827568.0000000000,13
4200,69,0.0207074060,54827568.0000000000,11
4200,70,0.0206310180,54827568.0000000000,22
4200,71,0.0204952310,54827568.0000000000,29
4200,72,0.0205980260,54827568.0000000000,7
4200,73,0.0207002490,54827568.0000000000,20
4200,74,0.0207200120,54827568.0000000000,26
4200,75,0.0206175680,54827568.0000000000,31
4200,76,0.0206116250,54827568.0000000000,28
4200,77,0.0206393140,54827568.0000000000,9
4200,78,0.0206324250,54827568.0000000000,27
4200,79,0.0205741930,54827568.0000000000,29
4200,80,0.0206510930,54827568.0000000000,30
4200,81,0.0206941200,54827568.0000000000,10
4200,82,0.0206649740,54827568.0000000000,23
4200,83,0.0205965660,54827568.0000000000,27
4200,84,0.0205784300,54827568.0000000000,28
4200,85,0.0206938870,54827568.0000000000,21
4200,86,0.0206350290,54827568.0000000000,15
4200,87,0.0206403580,54827568.0000000000,24
4200,88,0.0206670720,54827568.0000000000,27
4200,89,0.0207098950,54827568.0000000000,31
4200,90,0.0206618920,54827568.0000000000,26
4200,91,0.0206961240,54827568.0000000000,6
4200,92,0.0206751360,54827568.0000000000,26
4200,93,0.0206917350,54827568.0000000000,23
4200,94,0.0205285610,54827568.0000000000,25
4200,95,0.0206431080,54827568.0000000000,31
4200,96,0.0206022830,54827568.0000000000,8
4200,97,0.0206462660,54827568.0000000000,21
4200,98,0.0205978610,54827568.0000000000,16
4200,99,0.0205767640,54827568.0000000000,25
4200,100,0.0206390090,54827568.0000000000,28
4200,101,0.0206963800,54827568.0000000000,24
4200,102,0.0206465060,54827568.0000000000,19
4200,103,0.0205953620,54827568.0000000000,25
4200,104,0.0206137880,54827568.0000000000,26
4200,105,0.0206857490,54827568.0000000000,30
4200,106,0.0207068360,54827568.0000000000,20
4200,107,0.0206581400,54827568.0000000000,22
4200,108,0.0207574320,54827568.0000000000,20
4200,109,0.0206238790,54827568.0000000000,28
4200,110,0.0207176580,54827568.0000000000,23
4200,111,0.0206380970,54827568.0000000000,30
4200,112,0.0206235180,54827568.0000000000,30
4200,113,0.0207106640,54827568.0000000000,20
4200,114,0.0205926390,54827568.0000000000,29
4200,115,0.0205660570,54827568.0000000000,31
4200,116,0.0206545620,54827568.0000000000,19
4200,117,0.0178388390,47074864.0000000000,9
4200,118,0.0178276180,47074864.0000000000,16
4200,119,0.0178203890,47074864.0000000000,7
4200,120,0.0178599070,47074864.0000000000,15
4200,121,0.0179024610,47074864.0000000000,10
4200,122,0.0178707470,47074864.0000000000,13
4200,123,0.0177826430,47074864.0000000000,18
4200,124,0.0178973020,47074864.0000000000,20
4200,125,0.0178773910,47074864.0000000000,12
4200,126,0.0179013500,47074864.0000000000,8
4200,127,0.0178778340,47074864.0000000000,17
4200,128,0.0178398160,47074864.0000000000,13
4200,129,0.0178317100,47074864.0000000000,7
4200,130,0.0178400280,47074864.0000000000,26
4200,131,0.0178741240,47074864.0000000000,12
4200,132,0.0178462540,47074864.0000000000,19
4200,133,0.0179116610,47074864.0000000000,23
4200,134,0.0178179370,47074864.0000000000,27
4200,135,0.0178429450,47074864.0000000000,9
4200,136,0.0178814690,47074864.0000000000,14
4200,137,0.0178515730,47074864.0000000000,22
4200,138,0.0178967400,47074864.0000000000,11
4200,139,0.0178898460,47074864.0000000000,15
4200,140,0.0178743940,47074864.0000000000,24
4200,141,0.0177861290,47074864.0000000000,16
4200,142,0.0178360420,47074864.0000000000,25
4200,143,0.0178431490,47074864.0000000000,17
4200,144,0.0178999460,47074864.0000000000,11
4200,145,0.0178178910,47074864.0000000000,18
4200,146,0.0178356880,47074864.0000000000,6
4200,147,0.0178614450,47074864.0000000000,10
4200,148,0.0178871300,47074864.0000000000,14
4200,149,0.0179005730,47074864.0000000000,6
4200,150,0.0178343340,47074864.0000000000,19
4200,151,0.0178834080,47074864.0000000000,21
4200,152,0.0178596290,47074864.0000000000,8
4250,0,4.5834729625,225456864.0000000000,17
4250,1,4.4880389167,221713280.0000000000,18
4250,2,4.2308764530,213758304.0000000000,6
4250,3,4.1846150743,212098752.0000000000,8
4250,4,4.1444364230,212098576.0000000000,9
4250,5,4.2103656357,212372576.0000000000,7
4250,6,4.6716766799,225489568.0000000000,12
4250,7,11.6426938655,420613216.0000000000,29
4250,8,9.5382076036,366593472.0000000000,3
4250,9,13.6528917749,520980640.0000000000,10
4250,10,11.7187948001,459392416.0000000000,30
4250,11,9.9808794427,410429232.0000000000,0
4250,12,9.4865412555,395514240.0000000000,2
4250,13,9.4357912401,393245248.0000000000,4
4250,14,9.5477917490,397747840.0000000000,1
4250,15,10.8661248464,433977168.0000000000,11
4250,16,11.5116184221,454104688.0000000000,16
4250,17,9.3813649942,404452912.0000000000,5
4250,18,10.2174712412,436013728.0000000000,5
4250,19,11.6374438612,469484944.0000000000,13
4250,20,13.4698129840,512979056.0000000000,15
4250,21,11.8947572016,470943152.0000000000,26
4250,22,11.4537196906,460311696.0000000000,14
4250,23,11.9250106237,471703376.0000000000,27
4250,24,12.6088780227,489095808.0000000000,20
4250,25,10.4004917708,438950720.0000000000,21
4250,26,10.2263004929,436041728.0000000000,3
4250,27,10.2154247599,436066784.0000000000,2
4250,28,10.2296591955,436511136.0000000000,17
4250,29,10.3966554697,440321712.0000000000,22
4250,30,12.2964255066,493717600.0000000000,28
4250,31,12.7511465914,508602512.0000000000,19
4250,32,12.0717370226,486558224.0000000000,31
4250,33,10.2245334148,436523120.0000000000,18
4250,34,10.2254251380,436507344.0000000000,4
4250,35,10.2295727890,436087168.0000000000,12
4250,36,10.1896889316,434553792.0000000000,0
4250,37,10.2386052016,436427392.0000000000,9
4250,38,10.2461609178,436543440.0000000000,8
4250,39,10.2525012725,436496432.0000000000,24
4250,40,10.2562395224,436545984.0000000000,23
4250,41,10.2428951373,436477024.0000000000,6
4250,42,10.2427866077,436504176.0000000000,25
4250,43,10.2470074130,436459824.0000000000,7
4250,44,10.1943485771,434561296.0000000000,1
4250,45,2.6514159849,131683888.0000000000,14
4250,46,2.6541969237,132189808.0000000000,25
4250,47,2.6588117746,132152464.0000000000,23
4250,48,2.6539273848,132138000.0000000000,16
4250,49,2.6571401049,132141584.0000000000,22
4250,50,2.6584422511,132153184.0000000000,11
4250,51,2.6580894846,132170320.0000000000,24
4250,52,2.6578542140,132165472.0000000000,21
4250,53,2.6490041114,131697616.0000000000,13
4250,54,0.6748808344,54827568.0000000000,10
4250,55,0.6739546296,54827568.0000000000,28
4250,56,0.6750118780,54827568.0000000000,22
4250,57,0.6756882336,54827568.0000000000,30
4250,58,0.6745838016,54827568.0000000000,15
4250,59,0.6752256423,54827568.0000000000,21
4250,60,0.6763813928,54827568.0000000000,11
4250,61,0.6736223323,54827568.0000000000,27
4250,62,0.6725596132,54827568.0000000000,29
4250,63,0.6723998421,54827568.0000000000,29
4250,64,0.6759242434,54827568.0000000000,24
4250,65,0.6755089902,54827568.0000000000,14
4250,66,0.6742554261,54827568.0000000000,31
4250,67,0.6735232338,54827568.0000000000,19
4250,68,0.6733554289,54827568.0000000000,13
4250,69,0.6765616113,54827568.0000000000,11
4250,70,0.6750610797,54827568.0000000000,22
4250,71,0.6728226849,54827568.0000000000,29
4250,72,0.6732210763,54827568.0000000000,7
4250,73,0.6762809937,54827568.0000000000,20
4250,74,0.6753609133,54827568.0000000000,26
4250,75,0.6743116434,54827568.0000000000,31
4250,76,0.6741403078,54827568.0000000000,28
4250,77,0.6745179759,54827568.0000000000,9
4250,78,0.6738132793,54827568.0000000000,27
4250,79,0.6723107461,54827568.0000000000,29
4250,80,0.6755849851,54827568.0000000000,30
4250,81,0.6748626522,54827568.0000000000,10
4250,82,0.6755199284,54827568.0000000000,23
4250,83,0.6736825091,54827568.0000000000,27
4250,84,0.6739110679,54827568.0000000000,28
4250,85,0.6751845717,54827568.0000000000,21
4250,86,0.6744389948,54827568.0000000000,15
4250,87,0.6755245425,54827568.0000000000,24
4250,88,0.6738407902,54827568.0000000000,27
4250,89,0.6742434565,54827568.0000000000,31
4250,90,0.6746966670,54827568.0000000000,26
4250,91,0.6742976288,54827568.0000000000,6
4250,92,0.6749904993,54827568.0000000000,26
4250,93,0.6752439771,54827568.0000000000,23
4250,94,0.6729783147,54827568.0000000000,25
4250,95,0.6743085222,54827568.0000000000,31
4250,96,0.6740031509,54827568.0000000000,8
4250,97,0.6752863487,54827568.0000000000,21
4250,98,0.6738161702,54827568.0000000000,16
4250,99,0.6726829668,54827568.0000000000,25
4250,100,0.6739802005,54827568.0000000000,28
4250,101,0.6759600638,54827568.0000000000,24
4250,102,0.6735461480,54827568.0000000000,19
4250,103,0.6728590615,54827568.0000000000,25
4250,104,0.6749279876,54827568.0000000000,26
4250,105,0.6756640163,54827568.0000000000,30
4250,106,0.6757672728,54827568.0000000000,20
4250,107,0.6745688777,54827568.0000000000,22
4250,108,0.6756811877,54827568.0000000000,20
4250,109,0.6738923822,54827568.0000000000,28
4250,110,0.6753069032,54827568.0000000000,23
4250,111,0.6754635923,54827568.0000000000,30
4250,112,0.6759485419,54827568.0000000000,30
4250,113,0.6755514446,54827568.0000000000,20
4250,114,0.6726442658,54827568.0000000000,29
4250,115,0.6741779229,54827568.0000000000,31
4250,116,0.6736828704,54827568.0000000000,19
4250,117,0.5829457180,47074864.0000000000,9
4250,118,0.5822456882,47074864.0000000000,16
4250,119,0.5828363712,47074864.0000000000,7
4250,120,0.5842410682,47074864.0000000000,15
4250,121,0.5840670512,47074864.0000000000,10
4250,122,0.5825889249,47074864.0000000000,13
4250,123,0.5815688994,47074864.0000000000,18
4250,124,0.5841313726,47074864.0000000000,20
4250,125,0.5845570261,47074864.0000000000,12
4250,126,0.5835866848,47074864.0000000000,8
4250,127,0.5836923778,47074864.0000000000,17
4250,128,0.5826714680,47074864.0000000000,13
4250,129,0.5829061239,47074864.0000000000,7
4250,130,0.5835411016,47074864.0000000000,26
4250,131,0.5847000322,47074864.0000000000,12
4250,132,0.5827735200,47074864.0000000000,19
4250,133,0.5842103044,47074864.0000000000,23
4250,134,0.5823964300,47074864.0000000000,27
4250,135,0.5830986271,47074864.0000000000,9
4250,136,0.5839665466,47074864.0000000000,14
4250,137,0.5840177281,47074864.0000000000,22
4250,138,0.5846941707,47074864.0000000000,11
4250,139,0.5841919688,47074864.0000000000,15
4250,140,0.5837237910,47074864.0000000000,24
4250,141,0.5821124485,47074864.0000000000,16
4250,142,0.5814796197,47074864.0000000000,25
4250,143,0.5836539965,47074864.0000000000,17
4250,144,0.5847054593,47074864.0000000000,11
4250,145,0.5815389979,47074864.0000000000,18
4250,146,0.5838093317,47074864.0000000000,6
4250,147,0.5840608271,47074864.0000000000,10
4250,148,0.5841507717,47074864.0000000000,14
4250,149,0.5839021990,47074864.0000000000,6
4250,150,0.5824733674,47074864.0000000000,19
4250,151,0.5841816802,47074864.0000000000,21
4250,152,0.5835451222,47074864.0000000000,8
4300,0,0.1419939200,225575296.0000000000,17
4300,1,0.1384187990,220996176.0000000000,18
4300,2,0.1307348500,213643952.0000000000,6
4300,3,0.1303138520,212119744.0000000000,8
4300,4,0.1285460430,212107216.0000000000,9
4300,5,0.1310678320,212399952.0000000000,7
4300,6,0.1443715870,225531136.0000000000,12
4300,7,0.3471203500,410258560.0000000000,29
4300,8,0.2983402790,367626032.0000000000,3
4300,9,0.4253458120,521515600.0000000000,10
4300,10,0.3609992420,456786320.0000000000,30
4300,11,0.3090822610,409854480.0000000000,0
4300,12,0.2944865230,395220480.0000000000,2
4300,13,0.2926553020,392876944.0000000000,4
4300,14,0.2975407840,397325248.0000000000,1
4300,15,0.3374325870,433138160.0000000000,11
4300,16,0.3590110160,454458816.0000000000,16
4300,17,0.2905500280,404371792.0000000000,5
4300,18,0.3172566620,435989840.0000000000,5
4300,19,0.3664134480,471855424.0000000000,13
4300,20,0.4180370720,511929968.0000000000,15
4300,21,0.3626094520,466116448.0000000000,26
4300,22,0.3552107830,459324208.0000000000,14
4300,23,0.3634104900,466889344.0000000000,27
4300,24,0.3935871050,489463440.0000000000,20
4300,25,0.3246590620,439549696.0000000000,21
4300,26,0.3178340560,436027488.0000000000,3
4300,27,0.3173053080,436054112.0000000000,2
4300,28,0.3176909010,436512656.0000000000,17
4300,29,0.3262990470,442242064.0000000000,22
4300,30,0.3904806920,497912112.0000000000,28
4300,31,0.3984723820,509689472.0000000000,19
4300,32,0.3836968500,490982672.0000000000,31
4300,33,0.3189884680,436980416.0000000000,18
4300,34,0.3176884040,436511936.0000000000,4
4300,35,0.3177096480,436071168.0000000000,12
4300,36,0.3165571440,434530016.0000000000,0
4300,37,0.3179371340,436423840.0000000000,9
4300,38,0.3182659990,436545584.0000000000,8
4300,39,0.3184575300,436493984.0000000000,24
4300,40,0.3185447720,436545744.0000000000,23
4300,41,0.3181228310,436477760.0000000000,6
4300,42,0.3181921070,436504736.0000000000,25
4300,43,0.3183286270,436453408.0000000000,7
4300,44,0.3163939690,434534256.0000000000,1
4300,45,0.0820124180,131679184.0000000000,14
4300,46,0.0822000740,132191616.0000000000,25
4300,47,0.0823540580,132150096.0000000000,23
4300,48,0.0822195410,132139152.0000000000,16
4300,49,0.0821535490,132141216.0000000000,22
4300,50,0.0822799810,132152448.0000000000,11
4300,51,0.0823977440,132175216.0000000000,24
4300,52,0.0823283920,132168416.0000000000,21
4300,53,0.0821639640,131690640.0000000000,13
4300,54,0.0206863050,54827568.0000000000,10
4300,55,0.0205823170,54827568.0000000000,28
4300,56,0.0206883250,54827568.0000000000,22
4300,57,0.0206894470,54827568.0000000000,30
4300,58,0.0206394490,54827568.0000000000,15
4300,59,0.0206730870,54827568.0000000000,21
4300,60,0.0207020860,54827568.0000000000,11
4300,61,0.0206116220,54827568.0000000000,27
4300,62,0.0205363090,54827568.0000000000,29
4300,63,0.0204929760,54827568.0000000000,29
4300,64,0.0207170750,54827568.0000000000,24
4300,65,0.0205565770,54827568.0000000000,14
4300,66,0.0206554790,54827568.0000000000,31
4300,67,0.0206306780,54827568.0000000000,19
4300,68,0.0207331600,54827568.0000000000,13
4300,69,0.0206634100,54827568.0000000000,11
4300,70,0.0206118510,54827568.0000000000,22
4300,71,0.0205655840,54827568.0000000000,29
4300,72,0.0205765240,54827568.0000000000,7
4300,73,0.0206839810,54827568.0000000000,20
4300,74,0.0206626410,54827568.0000000000,26
4300,75,0.0206896070,54827568.0000000000,31
4300,76,0.0207262390,54827568.0000000000,28
4300,77,0.0206055780,54827568.0000000000,9
4300,78,0.0205868360,54827568.0000000000,27
4300,79,0.0205666670,54827568.0000000000,29
4300,80,0.0206576840,54827568.0000000000,30
4300,81,0.0206863960,54827568.0000000000,10
4300,82,0.0207189080,54827568.0000000000,23
4300,83,0.0206145880,54827568.0000000000,27
4300,84,0.0206800370,54827568.0000000000,28
4300,85,0.0206641190,54827568.0000000000,21
4300,86,0.0206320520,54827568.0000000000,15
4300,87,0.0207367320,54827568.0000000000,24
4300,88,0.0205847680,54827568.0000000000,27
4300,89,0.0206340770,54827568.0000000000,31
4300,90,0.0206625320,54827568.0000000000,26
4300,91,0.0206674390,54827568.0000000000,6
4300,92,0.0207037490,54827568.0000000000,26
4300,93,0.0206760340,54827568.0000000000,23
4300,94,0.0205825840,54827568.0000000000,25
4300,95,0.0207054860,54827568.0000000000,31
4300,96,0.0206667070,54827568.0000000000,8
4300,97,0.0207364720,54827568.0000000000,21
4300,98,0.0206876770,54827568.0000000000,16
4300,99,0.0205706220,54827568.0000000000,25
4300,100,0.0206642970,54827568.0000000000,28
4300,101,0.0206306790,54827568.0000000000,24
4300,102,0.0205377480,54827568.0000000000,19
4300,103,0.0205987980,54827568.0000000000,25
4300,104,0.0206299480,54827568.0000000000,26
4300,105,0.0206920410,54827568.0000000000,30
4300,106,0.0207599360,54827568.0000000000,20
4300,107,0.0206379300,54827568.0000000000,22
4300,108,0.0206903520,54827568.0000000000,20
4300,109,0.0206485780,54827568.0000000000,28
4300,110,0.0206555360,54827568.0000000000,23
4300,111,0.0206701300,54827568.0000000000,30
4300,112,0.0207439920,54827568.0000000000,30
4300,113,0.0206234120,54827568.0000000000,20
4300,114,0.0206114830,54827568.0000000000,29
4300,115,0.0206604200,54827568.0000000000,31
4300,116,0.0206527390,54827568.0000000000,19
4300,117,0.0178313950,47074864.0000000000,9
4300,118,0.0178037530,47074864.0000000000,16
4300,119,0.0178428410,47074864.0000000000,7
4300,120,0.0179165360,47074864.0000000000,15
4300,121,0.0178742370,47074864.0000000000,10
4300,122,0.0178567700,47074864.0000000000,13
4300,123,0.0177840340,47074864.0000000000,18
4300,124,0.0178934450,47074864.0000000000,20
4300,125,0.0179140920,47074864.0000000000,12
4300,126,0.0178524030,47074864.0000000000,8
4300,127,0.0178892600,47074864.0000000000,17
4300,128,0.0178421440,47074864.0000000000,13
4300,129,0.0178229050,47074864.0000000000,7
4300,130,0.0178752460,47074864.0000000000,26
4300,131,0.0178828920,47074864.0000000000,12
4300,132,0.0178184300,47074864.0000000000,19
4300,133,0.0179292860,47074864.0000000000,23
4300,134,0.0178229660,47074864.0000000000,27
4300,135,0.0178544400,47074864.0000000000,9
4300,136,0.0179013490,47074864.0000000000,14
4300,137,0.0178777630,47074864.0000000000,22
4300,138,0.0179070300,47074864.0000000000,11
4300,139,0.0178645880,47074864.0000000000,15
4300,140,0.0178780110,47074864.0000000000,24
4300,141,0.0178203030,47074864.0000000000,16
4300,142,0.0177716950,47074864.0000000000,25
4300,143,0.0178937970,47074864.0000000000,17
4300,144,0.0178889150,47074864.0000000000,11
4300,145,0.0177880830,47074864.0000000000,18
4300,146,0.0178799320,47074864.0000000000,6
4300,147,0.0178570940,47074864.0000000000,10
4300,148,0.0178207120,47074864.0000000000,14
4300,149,0.0178579200,47074864.0000000000,6
4300,150,0.0178202450,47074864.0000000000,19
4300,151,0.0178394320,47074864.0000000000,21
4300,152,0.0178463140,47074864.0000000000,8
4350,0,4.5784134301,225505088.0000000000,17
4350,1,4.4566259205,220437248.0000000000,18
4350,2,4.2213895767,213790544.0000000000,6
4350,3,4.1823112361,212151344.0000000000,8
4350,4,4.1376853821,212169632.0000000000,9
4350,5,4.2185239240,212443664.0000000000,7
4350,6,4.6489411687,225424352.0000000000,12
4350,7,10.9306637182,399455808.0000000000,29
4350,8,9.5767505520,367009696.0000000000,3
4350,9,13.6776463047,521881360.0000000000,10
4350,10,11.5431161099,454388896.0000000000,30
4350,11,9.9122887013,409105248.0000000000,0
4350,12,9.4584822581,394894224.0000000000,2
4350,13,9.4146072886,392442864.0000000000,4
4350,14,9.5489909481,396869376.0000000000,1
4350,15,10.7990413218,431527872.0000000000,11
4350,16,11.5510173707,455128624.0000000000,16
4350,17,9.3525477688,404398544.0000000000,5
4350,18,10.2157608203,435992800.0000000000,5
4350,19,11.8389104367,474386512.0000000000,13
4350,20,13.3639798899,509110064.0000000000,15
4350,21,11.6015993230,463831088.0000000000,26
4350,22,11.4061948212,458771824.0000000000,14
4350,23,11.6134879967,463960272.0000000000,27
4350,24,12.6440055814,489366288.0000000000,20
4350,25,10.4620454818,440118880.0000000000,21
4350,26,10.2226940240,436008832.0000000000,3
4350,27,10.2158638367,436042224.0000000000,2
4350,28,10.2256731031,436513200.0000000000,17
4350,29,10.5830327347,446131040.0000000000,22
4350,30,12.6127596119,500042016.0000000000,28
4350,31,12.8260365912,510267168.0000000000,19
4350,32,12.4136123620,494084624.0000000000,31
4350,33,10.2917611087,438161680.0000000000,18
4350,34,10.2237860295,436510816.0000000000,4
4350,35,10.2264772033,436059776.0000000000,12
4350,36,10.1856898261,434504176.0000000000,0
4350,37,10.2364005164,436420128.0000000000,9
4350,38,10.2428371351,436542256.0000000000,8
4350,39,10.2505081951,436495760.0000000000,24
4350,40,10.2551285772,436541840.0000000000,23
4350,41,10.2409735877,436482464.0000000000,6
4350,42,10.2393720799,436506832.0000000000,25
4350,43,10.2463986677,436455024.0000000000,7
4350,44,10.1905978968,434505520.0000000000,1
4350,45,2.6507833984,131674640.0000000000,14
4350,46,2.6534669407,132193280.0000000000,25
4350,47,2.6581273474,132151200.0000000000,23
4350,48,2.6536556130,132143104.0000000000,16
4350,49,2.6567991330,132142688.0000000000,22
4350,50,2.6591080083,132149408.0000000000,11
4350,51,2.6580961616,132177200.0000000000,24
4350,52,2.6574923736,132168288.0000000000,21
4350,53,2.6482033648,131687744.0000000000,13
4350,54,0.6750461400,54827568.0000000000,10
4350,55,0.6739865589,54827568.0000000000,28
4350,56,0.6749200351,54827568.0000000000,22
4350,57,0.6757429452,54827568.0000000000,30
4350,58,0.6744795544,54827568.0000000000,15
4350,59,0.6751269348,54827568.0000000000,21
4350,60,0.6768267356,54827568.0000000000,11
4350,61,0.6740739559,54827568.0000000000,27
4350,62,0.6727069210,54827568.0000000000,29
4350,63,0.6728621175,54827568.0000000000,29
4350,64,0.6753858653,54827568.0000000000,24
4350,65,0.6753958307,54827568.0000000000,14
4350,66,0.6744963030,54827568.0000000000,31
4350,67,0.6738018547,54827568.0000000000,19
4350,68,0.6735643334,54827568.0000000000,13
4350,69,0.6768363543,54827568.0000000000,11
4350,70,0.6749228583,54827568.0000000000,22
4350,71,0.6725372269,54827568.0000000000,29
4350,72,0.6736033006,54827568.0000000000,7
4350,73,0.6757331130,54827568.0000000000,20
4350,74,0.6754112642,54827568.0000000000,26
4350,75,0.6747523816,54827568.0000000000,31
4350,76,0.6736820140,54827568.0000000000,28
4350,77,0.6741376942,54827568.0000000000,9
4350,78,0.6740420507,54827568.0000000000,27
4350,79,0.6721949400,54827568.0000000000,29
4350,80,0.6754073026,54827568.0000000000,30
4350,81,0.6747519055,54827568.0000000000,10
4350,82,0.6749401281,54827568.0000000000,23
4350,83,0.6739703629,54827568.0000000000,27
4350,84,0.6738606659,54827568.0000000000,28
4350,85,0.6749408937,54827568.0000000000,21
4350,86,0.6743406948,54827568.0000000000,15
4350,87,0.6758364619,54827568.0000000000,24
4350,88,0.6737065647,54827568.0000000000,27
4350,89,0.6743619213,54827568.0000000000,31
4350,90,0.6745737068,54827568.0000000000,26
4350,91,0.6743593184,54827568.0000000000,6
4350,92,0.6748896798,54827568.0000000000,26
4350,93,0.6753877503,54827568.0000000000,23
4350,94,0.6727022764,54827568.0000000000,25
4350,95,0.6741491212,54827568.0000000000,31
4350,96,0.6741097642,54827568.0000000000,8
4350,97,0.6748577710,54827568.0000000000,21
4350,98,0.6762404331,54827568.0000000000,16
4350,99,0.6725689137,54827568.0000000000,25
4350,100,0.6738411235,54827568.0000000000,28
4350,101,0.6758691761,54827568.0000000000,24
4350,102,0.6734611780,54827568.0000000000,19
4350,103,0.6727918966,54827568.0000000000,25
4350,104,0.6750582405,54827568.0000000000,26
4350,105,0.6757336764,54827568.0000000000,30
4350,106,0.6759489282,54827568.0000000000,20
4350,107,0.6747269542,54827568.0000000000,22
4350,108,0.6754516450,54827568.0000000000,20
4350,109,0.6740352986,54827568.0000000000,28
4350,110,0.6753662398,54827568.0000000000,23
4350,111,0.6752863414,54827568.0000000000,30
4350,112,0.6756675548,54827568.0000000000,30
4350,113,0.6755551876,54827568.0000000000,20
4350,114,0.6724556792,54827568.0000000000,29
4350,115,0.6740288404,54827568.0000000000,31
4350,116,0.6734612506,54827568.0000000000,19
4350,117,0.5829725431,47074864.0000000000,9
4350,118,0.5821981498,47074864.0000000000,16
4350,119,0.5828337086,47074864.0000000000,7
4350,120,0.5841285890,47074864.0000000000,15
4350,121,0.5839013708,47074864.0000000000,10
4350,122,0.5825933272,47074864.0000000000,13
4350,123,0.5815691950,47074864.0000000000,18
4350,124,0.5842419537,47074864.0000000000,20
4350,125,0.5847849879,47074864.0000000000,12
4350,126,0.5837744640,47074864.0000000000,8
4350,127,0.5838522886,47074864.0000000000,17
4350,128,0.5826173238,47074864.0000000000,13
4350,129,0.5829289956,47074864.0000000000,7
4350,130,0.5835855424,47074864.0000000000,26
4350,131,0.5847745591,47074864.0000000000,12
4350,132,0.5826703003,47074864.0000000000,19
4350,133,0.5843918183,47074864.0000000000,23
4350,134,0.5826286494,47074864.0000000000,27
4350,135,0.5829910819,47074864.0000000000,9
4350,136,0.5840795068,47074864.0000000000,14
4350,137,0.5838744325,47074864.0000000000,22
4350,138,0.5846440922,47074864.0000000000,11
4350,139,0.5842300042,47074864.0000000000,15
4350,140,0.5840580753,47074864.0000000000,24
4350,141,0.5821697523,47074864.0000000000,16
4350,142,0.5815293639,47074864.0000000000,25
4350,143,0.5835638571,47074864.0000000000,17
4350,144,0.5849040307,47074864.0000000000,11
4350,145,0.5816388253,47074864.0000000000,18
4350,146,0.5835418899,47074864.0000000000,6
4350,147,0.5842672815,47074864.0000000000,10
4350,148,0.5839573718,47074864.0000000000,14
4350,149,0.5837214616,47074864.0000000000,6
4350,150,0.5823925540,47074864.0000000000,19
4350,151,0.5842059369,47074864.0000000000,21
4350,152,0.5835858554,47074864.0000000000,8
4400,0,0.1420499080,225594352.0000000000,17
4400,1,0.1363247010,219672160.0000000000,18
4400,2,0.1311894330,213886848.0000000000,6
4400,3,0.1298118210,212157072.0000000000,8
4400,4,0.1283631700,212198848.0000000000,9
4400,5,0.1310187660,212452208.0000000000,7
4400,6,0.1444451900,225206864.0000000000,12
4400,7,0.3258124790,390118528.0000000000,29
4400,8,0.2974543030,367051232.0000000000,3
4400,9,0.4261673780,521836112.0000000000,10
4400,10,0.3561595980,451891632.0000000000,30
4400,11,0.3069550030,408249536.0000000000,0
4400,12,0.2935598620,394551056.0000000000,2
4400,13,0.2916580550,391757136.0000000000,4
4400,14,0.2953783200,396045520.0000000000,1
4400,15,0.3312776630,428708544.0000000000,11
4400,16,0.3607570100,455447280.0000000000,16
4400,17,0.2917230620,404476688.0000000000,5
4400,18,0.3180901210,436278992.0000000000,5
4400,19,0.3730129240,476785664.0000000000,13
4400,20,0.4100903170,505214224.0000000000,15
4400,21,0.3588076790,462395968.0000000000,26
4400,22,0.3551887270,458710560.0000000000,14
4400,23,0.3582725450,462004224.0000000000,27
4400,24,0.3944126520,489777440.0000000000,20
4400,25,0.3272796060,441056992.0000000000,21
4400,26,0.3176051030,435987184.0000000000,3
4400,27,0.3173672310,436024592.0000000000,2
4400,28,0.3176268880,436512576.0000000000,17
4400,29,0.3363325040,450305504.0000000000,22
4400,30,0.3952201730,501510672.0000000000,28
4400,31,0.4001479600,510693888.0000000000,19
4400,32,0.3903729590,496227968.0000000000,31
4400,33,0.3225011270,439684544.0000000000,18
4400,34,0.3176271490,436509648.0000000000,4
4400,35,0.3176425860,436047328.0000000000,12
4400,36,0.3164763940,434478016.0000000000,0
4400,37,0.3180228190,436418608.0000000000,9
4400,38,0.3184518180,436541344.0000000000,8
4400,39,0.3184733530,436493664.0000000000,24
4400,40,0.3188166800,436541536.0000000000,23
4400,41,0.3181287850,436481312.0000000000,6
4400,42,0.3181735340,436508592.0000000000,25
4400,43,0.3183058570,436449248.0000000000,7
4400,44,0.3166877500,434483136.0000000000,1
4400,45,0.0821444940,131668080.0000000000,14
4400,46,0.0821431540,132193568.0000000000,25
4400,47,0.0823470930,132154080.0000000000,23
4400,48,0.0823281810,132142032.0000000000,16
4400,49,0.0822513700,132142672.0000000000,22
4400,50,0.0823923870,132147856.0000000000,11
4400,51,0.0822805590,132177984.0000000000,24
4400,52,0.0822804250,132170480.0000000000,21
4400,53,0.0820523780,131683744.0000000000,13
4400,54,0.0206890090,54827568.0000000000,10
4400,55,0.0206436280,54827568.0000000000,28
4400,56,0.0206276020,54827568.0000000000,22
4400,57,0.0206946880,54827568.0000000000,30
4400,58,0.0206103120,54827568.0000000000,15
4400,59,0.0206953920,54827568.0000000000,21
4400,60,0.0207515120,54827568.0000000000,11
4400,61,0.0206156200,54827568.0000000000,27
4400,62,0.0205498540,54827568.0000000000,29
4400,63,0.0205290340,54827568.0000000000,29
4400,64,0.0207126360,54827568.0000000000,24
4400,65,0.0207126610,54827568.0000000000,14
4400,66,0.0206840050,54827568.0000000000,31
4400,67,0.0206964540,54827568.0000000000,19
4400,68,0.0205342770,54827568.0000000000,13
4400,69,0.0207071750,54827568.0000000000,11
4400,70,0.0206729580,54827568.0000000000,22
4400,71,0.0205988700,54827568.0000000000,29
4400,72,0.0206660060,54827568.0000000000,7
4400,73,0.0207406070,54827568.0000000000,20
4400,74,0.0207198710,54827568.0000000000,26
4400,75,0.0206501610,54827568.0000000000,31
4400,76,0.0206525940,54827568.0000000000,28
4400,77,0.0206570480,54827568.0000000000,9
4400,78,0.0206502470,54827568.0000000000,27
4400,79,0.0205931380,54827568.0000000000,29
4400,80,0.0207227390,54827568.0000000000,30
4400,81,0.0206615870,54827568.0000000000,10
4400,82,0.0206615540,54827568.0000000000,23
4400,83,0.0206113420,54827568.0000000000,27
4400,84,0.0207034340,54827568.0000000000,28
4400,85,0.0206731300,54827568.0000000000,21
4400,86,0.0206689860,54827568.0000000000,15
4400,87,0.0206682400,54827568.0000000000,24
4400,88,0.0206339370,54827568.0000000000,27
4400,89,0.0206186900,54827568.0000000000,31
4400,90,0.0205881160,54827568.0000000000,26
4400,91,0.0206415590,54827568.0000000000,6
4400,92,0.0206526410,54827568.0000000000,26
4400,93,0.0206580080,54827568.0000000000,23
4400,94,0.0206055610,54827568.0000000000,25
4400,95,0.0206656490,54827568.0000000000,31
4400,96,0.0206859050,54827568.0000000000,8
4400,97,0.0206446850,54827568.0000000000,21
4400,98,0.0205884340,54827568.0000000000,16
4400,99,0.0206427430,54827568.0000000000,25
4400,100,0.0206104940,54827568.0000000000,28
4400,101,0.0206786020,54827568.0000000000,24
4400,102,0.0205885060,54827568.0000000000,19
4400,103,0.0205721950,54827568.0000000000,25
4400,104,0.0207177960,54827568.0000000000,26
4400,105,0.0207244350,54827568.0000000000,30
4400,106,0.0206565270,54827568.0000000000,20
4400,107,0.0206833580,54827568.0000000000,22
4400,108,0.0206542720,54827568.0000000000,20
4400,109,0.0205449460,54827568.0000000000,28
4400,110,0.0206666260,54827568.0000000000,23
4400,111,0.0207314170,54827568.0000000000,30
4400,112,0.0206889540,54827568.0000000000,30
4400,113,0.0206713740,54827568.0000000000,20
4400,114,0.0205478810,54827568.0000000000,29
4400,115,0.0206299310,54827568.0000000000,31
4400,116,0.0205804900,54827568.0000000000,19
4400,117,0.0178451600,47074864.0000000000,9
4400,118,0.0178110770,47074864.0000000000,16
4400,119,0.0178088060,47074864.0000000000,7
4400,120,0.0178865510,47074864.0000000000,15
4400,121,0.0178491780,47074864.0000000000,10
4400,122,0.0178158130,47074864.0000000000,13
4400,123,0.0177903780,47074864.0000000000,18
4400,124,0.0178776660,47074864.0000000000,20
4400,125,0.0179162170,47074864.0000000000,12
4400,126,0.0178452110,47074864.0000000000,8
4400,127,0.0178698080,47074864.0000000000,17
4400,128,0.0178122850,47074864.0000000000,13
4400,129,0.0178595620,47074864.0000000000,7
4400,130,0.0179032400,47074864.0000000000,26
4400,131,0.0179131700,47074864.0000000000,12
4400,132,0.0178225590,47074864.0000000000,19
4400,133,0.0178715850,47074864.0000000000,23
4400,134,0.0178304500,47074864.0000000000,27
4400,135,0.0178656300,47074864.0000000000,9
4400,136,0.0178725530,47074864.0000000000,14
4400,137,0.0178800900,47074864.0000000000,22
4400,138,0.0178868300,47074864.0000000000,11
4400,139,0.0178626320,47074864.0000000000,15
4400,140,0.0178091580,47074864.0000000000,24
4400,141,0.0177969980,47074864.0000000000,16
4400,142,0.0177645130,47074864.0000000000,25
4400,143,0.0178804710,47074864.0000000000,17
4400,144,0.0179030430,47074864.0000000000,11
4400,145,0.0178125500,47074864.0000000000,18
4400,146,0.0178671960,47074864.0000000000,6
4400,147,0.0178695370,47074864.0000000000,10
4400,148,0.0178793240,47074864.0000000000,14
4400,149,0.0178431830,47074864.0000000000,6
4400,150,0.0178235720,47074864.0000000000,19
4400,151,0.0178971720,47074864.0000000000,21
4400,152,0.0178802870,47074864.0000000000,8
4450,0,4.5810963060,225580688.0000000000,17
4450,1,4.3800302920,218772896.0000000000,18
4450,2,4.2469925937,213741088.0000000000,6
4450,3,4.1867492119,212084544.0000000000,8
4450,4,4.1360947674,212107104.0000000000,9
4450,5,4.2281727416,212335920.0000000000,7
4450,6,4.6548959145,225160256.0000000000,12
4450,7,10.3109525665,382005200.0000000000,29
4450,8,9.6379928502,370608736.0000000000,3
4450,9,13.6883281435,521161312.0000000000,10
4450,10,11.3970175855,449742464.0000000000,30
4450,11,9.8706684480,407892880.0000000000,0
4450,12,9.4451278637,394198704.0000000000,2
4450,13,9.3858539251,391422272.0000000000,4
4450,14,9.5110191906,395771600.0000000000,1
4450,15,10.5992463246,426424256.0000000000,11
4450,16,11.5986521820,455126560.0000000000,16
4450,17,9.3924841831,404581328.0000000000,5
4450,18,10.2640187007,437314480.0000000000,5
4450,19,12.0444631775,478924080.0000000000,13
4450,20,13.0790525963,501139312.0000000000,15
4450,21,11.4920863920,460997968.0000000000,26
4450,22,11.4041419959,458229120.0000000000,14
4450,23,11.4822181750,460618000.0000000000,27
4450,24,12.6813691199,489907104.0000000000,20
4450,25,10.5600188137,442405696.0000000000,21
4450,26,10.2229174506,435957072.0000000000,3
4450,27,10.2152914734,436006576.0000000000,2
4450,28,10.2263776984,436514384.0000000000,17
4450,29,10.9282658970,455173472.0000000000,22
4450,30,12.7522577058,503054256.0000000000,28
4450,31,12.8779291375,511461648.0000000000,19
4450,32,12.5932883911,497710288.0000000000,31
4450,33,10.4222895463,441400384.0000000000,18
4450,34,10.2239928106,436512096.0000000000,4
4450,35,10.2254984545,436034320.0000000000,12
4450,36,10.1851230081,434453744.0000000000,0
4450,37,10.2360241667,436424544.0000000000,9
4450,38,10.2430835994,436541376.0000000000,8
4450,39,10.2511018152,436493408.0000000000,24
4450,40,10.2556367978,436545408.0000000000,23
4450,41,10.2410316815,436484784.0000000000,6
4450,42,10.2402293960,436503056.0000000000,25
4450,43,10.2460204799,436448976.0000000000,7
4450,44,10.1896056153,434461376.0000000000,1
4450,45,2.6504332871,131662736.0000000000,14
4450,46,2.6533158276,132191376.0000000000,25
4450,47,2.6591624486,132154272.0000000000,23
4450,48,2.6536691767,132139408.0000000000,16
4450,49,2.6566211014,132139488.0000000000,22
4450,50,2.6585544609,132148960.0000000000,11
4450,51,2.6577776474,132177264.0000000000,24
4450,52,2.6576982540,132170288.0000000000,21
4450,53,2.6483325259,131679984.0000000000,13
4450,54,0.6748379581,54827568.0000000000,10
4450,55,0.6738011307,54827568.0000000000,28
4450,56,0.6750678688,54827568.0000000000,22
4450,57,0.6758098363,54827568.0000000000,30
4450,58,0.6745662284,54827568.0000000000,15
4450,59,0.6751640041,54827568.0000000000,21
4450,60,0.6766208033,54827568.0000000000,11
4450,61,0.6739896497,54827568.0000000000,27
4450,62,0.6729072618,54827568.0000000000,29
4450,63,0.6722356350,54827568.0000000000,29
4450,64,0.6755812820,54827568.0000000000,24
4450,65,0.6751114597,54827568.0000000000,14
4450,66,0.6744530120,54827568.0000000000,31
4450,67,0.6738737807,54827568.0000000000,19
4450,68,0.6731681122,54827568.0000000000,13
4450,69,0.6769103553,54827568.0000000000,11
4450,70,0.6749732120,54827568.0000000000,22
4450,71,0.6725274706,54827568.0000000000,29
4450,72,0.6735057333,54827568.0000000000,7
4450,73,0.6756003714,54827568.0000000000,20
4450,74,0.6752094039,54827568.0000000000,26
4450,75,0.6745878093,54827568.0000000000,31
4450,76,0.6740626669,54827568.0000000000,28
4450,77,0.6746115652,54827568.0000000000,9
4450,78,0.6739978183,54827568.0000000000,27
4450,79,0.6720300526,54827568.0000000000,29
4450,80,0.6757560078,54827568.0000000000,30
4450,81,0.6746964159,54827568.0000000000,10
4450,82,0.6751719469,54827568.0000000000,23
4450,83,0.6736629987,54827568.0000000000,27
4450,84,0.6736067683,54827568.0000000000,28
4450,85,0.6751818679,54827568.0000000000,21
4450,86,0.6745764089,54827568.0000000000,15
4450,87,0.6759025146,54827568.0000000000,24
4450,88,0.6734562301,54827568.0000000000,27
4450,89,0.6743006479,54827568.0000000000,31
4450,90,0.6744863098,54827568.0000000000,26
4450,91,0.6741953594,54827568.0000000000,6
4450,92,0.6747241585,54827568.0000000000,26
4450,93,0.6751625194,54827568.0000000000,23
4450,94,0.6725011852,54827568.0000000000,25
4450,95,0.6742586600,54827568.0000000000,31
4450,96,0.6743496042,54827568.0000000000,8
4450,97,0.6751981757,54827568.0000000000,21
4450,98,0.6738228817,54827568.0000000000,16
4450,99,0.6725611679,54827568.0000000000,25
4450,100,0.6741704386,54827568.0000000000,28
4450,101,0.6756958713,54827568.0000000000,24
4450,102,0.6734445968,54827568.0000000000,19
4450,103,0.6728031000,54827568.0000000000,25
4450,104,0.6748089769,54827568.0000000000,26
4450,105,0.6754756105,54827568.0000000000,30
4450,106,0.6759006341,54827568.0000000000,20
4450,107,0.6743663931,54827568.0000000000,22
4450,108,0.6756463313,54827568.0000000000,20
4450,109,0.6736047939,54827568.0000000000,28
4450,110,0.6754405438,54827568.0000000000,23
4450,111,0.6757518484,54827568.0000000000,30
4450,112,0.6756722202,54827568.0000000000,30
4450,113,0.6754491365,54827568.0000000000,20
4450,114,0.6726639341,54827568.0000000000,29
4450,115,0.6742410565,54827568.0000000000,31
4450,116,0.6733749087,54827568.0000000000,19
4450,117,0.5829432397,47074864.0000000000,9
4450,118,0.5820030358,47074864.0000000000,16
4450,119,0.5828933509,47074864.0000000000,7
4450,120,0.5841329999,47074864.0000000000,15
4450,121,0.5840200595,47074864.0000000000,10
4450,122,0.5825144750,47074864.0000000000,13
4450,123,0.5815167554,47074864.0000000000,18
4450,124,0.5840718189,47074864.0000000000,20
4450,125,0.5847019965,47074864.0000000000,12
4450,126,0.5836881206,47074864.0000000000,8
4450,127,0.5837004871,47074864.0000000000,17
4450,128,0.5825105381,47074864.0000000000,13
4450,129,0.5829514136,47074864.0000000000,7
4450,130,0.5833321575,47074864.0000000000,26
4450,131,0.5845043498,47074864.0000000000,12
4450,132,0.5826006710,47074864.0000000000,19
4450,133,0.5842640352,47074864.0000000000,23
4450,134,0.5825020547,47074864.0000000000,27
4450,135,0.5829591541,47074864.0000000000,9
4450,136,0.5839698001,47074864.0000000000,14
4450,137,0.5841320911,47074864.0000000000,22
4450,138,0.5849116324,47074864.0000000000,11
4450,139,0.5840474683,47074864.0000000000,15
4450,140,0.5837061499,47074864.0000000000,24
4450,141,0.5822726559,47074864.0000000000,16
4450,142,0.5814637149,47074864.0000000000,25
4450,143,0.5836887170,47074864.0000000000,17
4450,144,0.5849100507,47074864.0000000000,11
4450,145,0.5815866882,47074864.0000000000,18
4450,146,0.5838070288,47074864.0000000000,6
4450,147,0.5840433838,47074864.0000000000,10
4450,148,0.5839023555,47074864.0000000000,14
4450,149,0.5838978175,47074864.0000000000,6
4450,150,0.5824046470,47074864.0000000000,19
4450,151,0.5841367707,47074864.0000000000,21
4450,152,0.5837379326,47074864.0000000000,8
4500,0,0.1418677850,225094704.0000000000,17
4500,1,0.1348440190,217969584.0000000000,18
4500,2,0.1327138890,213562784.0000000000,6
4500,3,0.1300126830,212030016.0000000000,8
4500,4,0.1283212210,212024240.0000000000,9
4500,5,0.1314375810,212204352.0000000000,7
4500,6,0.1441152360,224468848.0000000000,12
4500,7,0.3089089810,374123568.0000000000,29
4500,8,0.3061849280,374693504.0000000000,3
4500,9,0.4240525320,519750432.0000000000,10
4500,10,0.3519789270,447709632.0000000000,30
4500,11,0.3076271790,407649696.0000000000,0
4500,12,0.2938170590,393883120.0000000000,2
4500,13,0.2915579590,391049456.0000000000,4
4500,14,0.2958577320,395404032.0000000000,1
4500,15,0.3285355910,425980320.0000000000,11
4500,16,0.3610619840,454838960.0000000000,16
4500,17,0.2921038450,404691824.0000000000,5
4500,18,0.3219032520,438944640.0000000000,5
4500,19,0.3788153390,480829872.0000000000,13
4500,20,0.3981601720,495131104.0000000000,15
4500,21,0.3553813420,459626912.0000000000,26
4500,22,0.3548191430,457751344.0000000000,14
4500,23,0.3558983510,459605168.0000000000,27
4500,24,0.3942138590,489086752.0000000000,20
4500,25,0.3315459380,443865280.0000000000,21
4500,26,0.3175694510,435930864.0000000000,3
4500,27,0.3175136950,435985344.0000000000,2
4500,28,0.3177948700,436512464.0000000000,17
4500,29,0.3498149820,461491504.0000000000,22
4500,30,0.3995334750,504449776.0000000000,28
4500,31,0.4021724420,512088400.0000000000,19
4500,32,0.3941942310,498868368.0000000000,31
4500,33,0.3274115770,443296432.0000000000,18
4500,34,0.3176533800,436513024.0000000000,4
4500,35,0.3177574820,436014912.0000000000,12
4500,36,0.3164018200,434429584.0000000000,0
4500,37,0.3181039750,436424784.0000000000,9
4500,38,0.3182358820,436543824.0000000000,8
4500,39,0.3185727740,436490480.0000000000,24
4500,40,0.3186443760,436545920.0000000000,23
4500,41,0.3182025970,436485040.0000000000,6
4500,42,0.3182173370,436503808.0000000000,25
4500,43,0.3182814690,436448080.0000000000,7
4500,44,0.3166991030,434435232.0000000000,1
4500,45,0.0820605990,131656176.0000000000,14
4500,46,0.0821994290,132190336.0000000000,25
4500,47,0.0824019020,132155584.0000000000,23
4500,48,0.0821220230,132138288.0000000000,16
4500,49,0.0823418880,132137904.0000000000,22
4500,50,0.0823640120,132146512.0000000000,11
4500,51,0.0823451870,132179616.0000000000,24
4500,52,0.0824666190,132169216.0000000000,21
4500,53,0.0820897060,131676944.0000000000,13
4500,54,0.0206462600,54827568.0000000000,10
4500,55,0.0206665810,54827568.0000000000,28
4500,56,0.0207131260,54827568.0000000000,22
4500,57,0.0206808390,54827568.0000000000,30
4500,58,0.0206152310,54827568.0000000000,15
4500,59,0.0206247450,54827568.0000000000,21
4500,60,0.0207152810,54827568.0000000000,11
4500,61,0.0206630340,54827568.0000000000,27
4500,62,0.0206056410,54827568.0000000000,29
4500,63,0.0205784390,54827568.0000000000,29
4500,64,0.0206440170,54827568.0000000000,24
4500,65,0.0206853480,54827568.0000000000,14
4500,66,0.0206539580,54827568.0000000000,31
4500,67,0.0206171300,54827568.0000000000,19
4500,68,0.0206397610,54827568.0000000000,13
4500,69,0.0206887790,54827568.0000000000,11
4500,70,0.0205874020,54827568.0000000000,22
4500,71,0.0205621980,54827568.0000000000,29
4500,72,0.0206171620,54827568.0000000000,7
4500,73,0.0207200600,54827568.0000000000,20
4500,74,0.0207111860,54827568.0000000000,26
4500,75,0.0206390280,54827568.0000000000,31
4500,76,0.0206463020,54827568.0000000000,28
4500,77,0.0207080780,54827568.0000000000,9
4500,78,0.0206327360,54827568.0000000000,27
4500,79,0.0205802530,54827568.0000000000,29
4500,80,0.0206881530,54827568.0000000000,30
4500,81,0.0206059600,54827568.0000000000,10
4500,82,0.0206137360,54827568.0000000000,23
4500,83,0.0206587730,54827568.0000000000,27
4500,84,0.0206895750,54827568.0000000000,28
4500,85,0.0206783890,54827568.0000000000,21
4500,86,0.0206032080,54827568.0000000000,15
4500,87,0.0207018170,54827568.0000000000,24
4500,88,0.0206165740,54827568.0000000000,27
4500,89,0.0206723710,54827568.0000000000,31
4500,90,0.0206692560,54827568.0000000000,26
4500,91,0.0206838590,54827568.0000000000,6
4500,92,0.0206261700,54827568.0000000000,26
4500,93,0.0206155970,54827568.0000000000,23
4500,94,0.0206731450,54827568.0000000000,25
4500,95,0.0206517820,54827568.0000000000,31
4500,96,0.0206651130,54827568.0000000000,8
4500,97,0.0205729550,54827568.0000000000,21
4500,98,0.0206517480,54827568.0000000000,16
4500,99,0.0206439060,54827568.0000000000,25
4500,100,0.0206291680,54827568.0000000000,28
4500,101,0.0206846440,54827568.0000000000,24
4500,102,0.0205945970,54827568.0000000000,19
4500,103,0.0205613460,54827568.0000000000,25
4500,104,0.0206755950,54827568.0000000000,26
4500,105,0.0206709390,54827568.0000000000,30
4500,106,0.0207354890,54827568.0000000000,20
4500,107,0.0207225930,54827568.0000000000,22
4500,108,0.0206683400,54827568.0000000000,20
4500,109,0.0205977070,54827568.0000000000,28
4500,110,0.0206496540,54827568.0000000000,23
4500,111,0.0206577360,54827568.0000000000,30
4500,112,0.0206639150,54827568.0000000000,30
4500,113,0.0206794990,54827568.0000000000,20
4500,114,0.0205622990,54827568.0000000000,29
4500,115,0.0206786940,54827568.0000000000,31
4500,116,0.0206180530,54827568.0000000000,19
4500,117,0.0178623650,47074864.0000000000,9
4500,118,0.0178342720,47074864.0000000000,16
4500,119,0.0178316900,47074864.0000000000,7
4500,120,0.0178694150,47074864.0000000000,15
4500,121,0.0178847380,47074864.0000000000,10
4500,122,0.0178552870,47074864.0000000000,13
4500,123,0.0177971200,47074864.0000000000,18
4500,124,0.0178817730,47074864.0000000000,20
4500,125,0.0178844440,47074864.0000000000,12
4500,126,0.0178503110,47074864.0000000000,8
4500,127,0.0178630880,47074864.0000000000,17
4500,128,0.0178264920,47074864.0000000000,13
4500,129,0.0178272010,47074864.0000000000,7
4500,130,0.0178636150,47074864.0000000000,26
4500,131,0.0179146640,47074864.0000000000,12
4500,132,0.0178026000,47074864.0000000000,19
4500,133,0.0178798430,47074864.0000000000,23
4500,134,0.0178604990,47074864.0000000000,27
4500,135,0.0178779360,47074864.0000000000,9
4500,136,0.0178940330,47074864.0000000000,14
4500,137,0.0178383220,47074864.0000000000,22
4500,138,0.0179121100,47074864.0000000000,11
4500,139,0.0178748580,47074864.0000000000,15
4500,140,0.0178833200,47074864.0000000000,24
4500,141,0.0178399140,47074864.0000000000,16
4500,142,0.0178147210,47074864.0000000000,25
4500,143,0.0178378290,47074864.0000000000,17
4500,144,0.0179245360,47074864.0000000000,11
4500,145,0.0178282500,47074864.0000000000,18
4500,146,0.0178912740,47074864.0000000000,6
4500,147,0.0179007890,47074864.0000000000,10
4500,148,0.0178436270,47074864.0000000000,14
4500,149,0.0178842490,47074864.0000000000,6
4500,150,0.0178285190,47074864.0000000000,19
4500,151,0.0178804010,47074864.0000000000,21
4500,152,0.0178839360,47074864.0000000000,8
4550,0,4.5489793906,224361456.0000000000,17
4550,1,4.3426314723,217326448.0000000000,18
4550,2,4.2733447664,213460496.0000000000,6
4550,3,4.2058627441,212046560.0000000000,8
4550,4,4.1452165164,211975296.0000000000,9
4550,5,4.2323589540,212145296.0000000000,7
4550,6,4.6398253650,223824544.0000000000,12
4550,7,9.8065065806,367995392.0000000000,29
4550,8,9.9237213378,377002848.0000000000,3
4550,9,13.5819998935,517857600.0000000000,10
4550,10,11.2593237670,445490208.0000000000,30
4550,11,9.8803765394,407316208.0000000000,0
4550,12,9.4392644672,393430160.0000000000,2
4550,13,9.3875830078,390657984.0000000000,4
4550,14,9.5057394330,395178064.0000000000,1
4550,15,10.5626958950,425797136.0000000000,11
4550,16,11.5988072596,454821680.0000000000,16
4550,17,9.4008252618,404797648.0000000000,5
4550,18,10.4110546143,441542688.0000000000,5
4550,19,12.2294851090,483260160.0000000000,13
4550,20,12.6893942811,490561168.0000000000,15
4550,21,11.4070289112,458696944.0000000000,26
4550,22,11.3937679808,457457504.0000000000,14
4550,23,11.4181918348,458810864.0000000000,27
4550,24,12.6407068764,488182272.0000000000,20
4550,25,10.7084725443,445415472.0000000000,21
4550,26,10.2236176441,435908240.0000000000,3
4550,27,10.2153014793,435966192.0000000000,2
4550,28,10.2254965559,436512608.0000000000,17
4550,29,11.3754159122,466359696.0000000000,22
4550,30,12.8714271030,505485216.0000000000,28
4550,31,12.9420234507,512589376.0000000000,19
4550,32,12.7022724730,499818576.0000000000,31
4550,33,10.5807722325,445086304.0000000000,18
4550,34,10.2232396860,436512800.0000000000,4
4550,35,10.2256748261,436001616.0000000000,12
4550,36,10.1849384926,434408064.0000000000,0
4550,37,10.2369276201,436424096.0000000000,9
4550,38,10.2432774593,436545216.0000000000,8
4550,39,10.2516310374,436491760.0000000000,24
4550,40,10.2560290420,436546864.0000000000,23
4550,41,10.2414875695,436483408.0000000000,6
4550,42,10.2412911776,436505088.0000000000,25
4550,43,10.2464729911,436451952.0000000000,7
4550,44,10.1886355166,434407248.0000000000,1
4550,45,2.6505599019,131651008.0000000000,14
4550,46,2.6540435841,132189024.0000000000,25
4550,47,2.6587328433,132153008.0000000000,23
4550,48,2.6530401181,132137376.0000000000,16
4550,49,2.6568987583,132136384.0000000000,22
4550,50,2.6589186011,132146288.0000000000,11
4550,51,2.6583619906,132178064.0000000000,24
4550,52,2.6575033977,132166224.0000000000,21
4550,53,2.6480417139,131674512.0000000000,13
4550,54,0.6749329668,54827568.0000000000,10
4550,55,0.6741749729,54827568.0000000000,28
4550,56,0.6749362040,54827568.0000000000,22
4550,57,0.6757765049,54827568.0000000000,30
4550,58,0.6746641614,54827568.0000000000,15
4550,59,0.6749095117,54827568.0000000000,21
4550,60,0.6768607914,54827568.0000000000,11
4550,61,0.6738093740,54827568.0000000000,27
4550,62,0.6724693699,54827568.0000000000,29
4550,63,0.6723510783,54827568.0000000000,29
4550,64,0.6759131442,54827568.0000000000,24
4550,65,0.6750128038,54827568.0000000000,14
4550,66,0.6743143427,54827568.0000000000,31
4550,67,0.6739607064,54827568.0000000000,19
4550,68,0.6736105318,54827568.0000000000,13
4550,69,0.6766989597,54827568.0000000000,11
4550,70,0.6750205623,54827568.0000000000,22
4550,71,0.6726456860,54827568.0000000000,29
4550,72,0.6734996423,54827568.0000000000,7
4550,73,0.6758910369,54827568.0000000000,20
4550,74,0.6751354780,54827568.0000000000,26
4550,75,0.6746697090,54827568.0000000000,31
4550,76,0.6740785772,54827568.0000000000,28
4550,77,0.6743756153,54827568.0000000000,9
4550,78,0.6739218888,54827568.0000000000,27
4550,79,0.6718582006,54827568.0000000000,29
4550,80,0.6754636610,54827568.0000000000,30
4550,81,0.6748949727,54827568.0000000000,10
4550,82,0.6751813421,54827568.0000000000,23
4550,83,0.6735623649,54827568.0000000000,27
4550,84,0.6740405861,54827568.0000000000,28
4550,85,0.6749881017,54827568.0000000000,21
4550,86,0.6742733794,54827568.0000000000,15
4550,87,0.6756590199,54827568.0000000000,24
4550,88,0.6736694691,54827568.0000000000,27
4550,89,0.6748384036,54827568.0000000000,31
4550,90,0.6745906326,54827568.0000000000,26
4550,91,0.6747073391,54827568.0000000000,6
4550,92,0.6749237816,54827568.0000000000,26
4550,93,0.6752147885,54827568.0000000000,23
4550,94,0.6730614609,54827568.0000000000,25
4550,95,0.6745963283,54827568.0000000000,31
4550,96,0.6742763532,54827568.0000000000,8
4550,97,0.6753734371,54827568.0000000000,21
4550,98,0.6737070641,54827568.0000000000,16
4550,99,0.6725302982,54827568.0000000000,25
4550,100,0.6740711906,54827568.0000000000,28
4550,101,0.6758525732,54827568.0000000000,24
4550,102,0.6735647843,54827568.0000000000,19
4550,103,0.6729218939,54827568.0000000000,25
4550,104,0.6755139229,54827568.0000000000,26
4550,105,0.6753667304,54827568.0000000000,30
4550,106,0.6759826291,54827568.0000000000,20
4550,107,0.6747638750,54827568.0000000000,22
4550,108,0.6757758839,54827568.0000000000,20
4550,109,0.6740515876,54827568.0000000000,28
4550,110,0.6755374731,54827568.0000000000,23
4550,111,0.6753758561,54827568.0000000000,30
4550,112,0.6753179767,54827568.0000000000,30
4550,113,0.6755680100,54827568.0000000000,20
4550,114,0.6725663669,54827568.0000000000,29
4550,115,0.6743054099,54827568.0000000000,31
4550,116,0.6731646990,54827568.0000000000,19
4550,117,0.5830606882,47074864.0000000000,9
4550,118,0.5821761824,47074864.0000000000,16
4550,119,0.5829421235,47074864.0000000000,7
4550,120,0.5842171814,47074864.0000000000,15
4550,121,0.5838967395,47074864.0000000000,10
4550,122,0.5825082081,47074864.0000000000,13
4550,123,0.5817108967,47074864.0000000000,18
4550,124,0.5840839681,47074864.0000000000,20
4550,125,0.5848963469,47074864.0000000000,12
4550,126,0.5837898440,47074864.0000000000,8
4550,127,0.5835813713,47074864.0000000000,17
4550,128,0.5825617906,47074864.0000000000,13
4550,129,0.5830522333,47074864.0000000000,7
4550,130,0.5834915438,47074864.0000000000,26
4550,131,0.5845578110,47074864.0000000000,12
4550,132,0.5825246336,47074864.0000000000,19
4550,133,0.5842082996,47074864.0000000000,23
4550,134,0.5824597505,47074864.0000000000,27
4550,135,0.5830994121,47074864.0000000000,9
4550,136,0.5840738308,47074864.0000000000,14
4550,137,0.5838766161,47074864.0000000000,22
4550,138,0.5850447740,47074864.0000000000,11
4550,139,0.5842705651,47074864.0000000000,15
4550,140,0.5838542121,47074864.0000000000,24
4550,141,0.5821430344,47074864.0000000000,16
4550,142,0.5815360971,47074864.0000000000,25
4550,143,0.5837583631,47074864.0000000000,17
4550,144,0.5848931736,47074864.0000000000,11
4550,145,0.5818506932,47074864.0000000000,18
4550,146,0.5839148977,47074864.0000000000,6
4550,147,0.5841567474,47074864.0000000000,10
4550,148,0.5839860798,47074864.0000000000,14
4550,149,0.5838792686,47074864.0000000000,6
4550,150,0.5824382549,47074864.0000000000,19
4550,151,0.5841606539,47074864.0000000000,21
4550,152,0.5836348075,47074864.0000000000,8
4600,0,0.1390147480,223350992.0000000000,17
4600,1,0.1330908680,216969072.0000000000,18
4600,2,0.1315489760,213449632.0000000000,6
4600,3,0.1304636470,212064496.0000000000,8
4600,4,0.1287255780,212005728.0000000000,9
4600,5,0.1311345970,212124880.0000000000,7
4600,6,0.1438019650,223385728.0000000000,12
4600,7,0.2967342340,362689392.0000000000,29
4600,8,0.3097125730,377347968.0000000000,3
4600,9,0.4187759400,515600960.0000000000,10
4600,10,0.3461459720,443032832.0000000000,30
4600,11,0.3059101830,406649344.0000000000,0
4600,12,0.2928974300,393138560.0000000000,2
4600,13,0.2920986310,390317632.0000000000,4
4600,14,0.2949007850,394821792.0000000000,1
4600,15,0.3278859280,425160480.0000000000,11
4600,16,0.3604406920,454470064.0000000000,16
4600,17,0.2915666690,404856816.0000000000,5
4600,18,0.3286580960,444149664.0000000000,5
4600,19,0.3849581460,485426128.0000000000,13
4600,20,0.3875844100,485913616.0000000000,15
4600,21,0.3539689050,458009728.0000000000,26
4600,22,0.3540242260,456968384.0000000000,14
4600,23,0.3542990220,458058816.0000000000,27
4600,24,0.3918422520,487032288.0000000000,20
4600,25,0.3360418770,446711984.0000000000,21
4600,26,0.3176159230,435890064.0000000000,3
4600,27,0.3173790590,435942992.0000000000,2
4600,28,0.3179725840,436554256.0000000000,17
4600,29,0.3624811100,471500496.0000000000,22
4600,30,0.4023210990,506102224.0000000000,28
4600,31,0.4042035090,513156544.0000000000,19
4600,32,0.3968533080,500626992.0000000000,31
4600,33,0.3325675040,446926464.0000000000,18
4600,34,0.3175340500,436510688.0000000000,4
4600,35,0.3178151450,435983184.0000000000,12
4600,36,0.3166715340,434384144.0000000000,0
4600,37,0.3183010390,436423152.0000000000,9
4600,38,0.3183058490,436542016.0000000000,8
4600,39,0.3188581950,436494368.0000000000,24
4600,40,0.3186409730,436544080.0000000000,23
4600,41,0.3182064830,436483984.0000000000,6
4600,42,0.3180902290,436505312.0000000000,25
4600,43,0.3183929540,436447472.0000000000,7
4600,44,0.3166816130,434384032.0000000000,1
4600,45,0.0820847890,131648832.0000000000,14
4600,46,0.0824366290,132185824.0000000000,25
4600,47,0.0823259410,132152560.0000000000,23
4600,48,0.0821549960,132136912.0000000000,16
4600,49,0.0823605360,132136992.0000000000,22
4600,50,0.0823808680,132144944.0000000000,11
4600,51,0.0823821120,132181104.0000000000,24
4600,52,0.0823764080,132168864.0000000000,21
4600,53,0.0820770530,131667152.0000000000,13
4600,54,0.0206380200,54827568.0000000000,10
4600,55,0.0206794470,54827568.0000000000,28
4600,56,0.0206453540,54827568.0000000000,22
4600,57,0.0207053960,54827568.0000000000,30
4600,58,0.0206483370,54827568.0000000000,15
4600,59,0.0206864150,54827568.0000000000,21
4600,60,0.0207060240,54827568.0000000000,11
4600,61,0.0206491750,54827568.0000000000,27
4600,62,0.0206103300,54827568.0000000000,29
4600,63,0.0206546870,54827568.0000000000,29
4600,64,0.0206586360,54827568.0000000000,24
4600,65,0.0206595060,54827568.0000000000,14
4600,66,0.0206460710,54827568.0000000000,31
4600,67,0.0207222830,54827568.0000000000,19
4600,68,0.0206053200,54827568.0000000000,13
4600,69,0.0207394800,54827568.0000000000,11
4600,70,0.0206324620,54827568.0000000000,22
4600,71,0.0206222430,54827568.0000000000,29
4600,72,0.0205798210,54827568.0000000000,7
4600,73,0.0207571640,54827568.0000000000,20
4600,74,0.0206752760,54827568.0000000000,26
4600,75,0.0206537760,54827568.0000000000,31
4600,76,0.0206466240,54827568.0000000000,28
4600,77,0.0206266210,54827568.0000000000,9
4600,78,0.0206483970,54827568.0000000000,27
4600,79,0.0206293470,54827568.0000000000,29
4600,80,0.0206800170,54827568.0000000000,30
4600,81,0.0206255370,54827568.0000000000,10
4600,82,0.0206351160,54827568.0000000000,23
4600,83,0.0206713310,54827568.0000000000,27
4600,84,0.0206459390,54827568.0000000000,28
4600,85,0.0206918570,54827568.0000000000,21
4600,86,0.0206566630,54827568.0000000000,15
4600,87,0.0207409950,54827568.0000000000,24
4600,88,0.0206901160,54827568.0000000000,27
4600,89,0.0206082690,54827568.0000000000,31
4600,90,0.0206344180,54827568.0000000000,26
4600,91,0.0206331120,54827568.0000000000,6
4600,92,0.0206400690,54827568.0000000000,26
4600,93,0.0206664490,54827568.0000000000,23
4600,94,0.0206161940,54827568.0000000000,25
4600,95,0.0207478180,54827568.0000000000,31
4600,96,0.0206629900,54827568.0000000000,8
4600,97,0.0206043470,54827568.0000000000,21
4600,98,0.0205705790,54827568.0000000000,16
4600,99,0.0206401200,54827568.0000000000,25
4600,100,0.0205981390,54827568.0000000000,28
4600,101,0.0206222650,54827568.0000000000,24
4600,102,0.0205393700,54827568.0000000000,19
4600,103,0.0205528590,54827568.0000000000,25
4600,104,0.0207100640,54827568.0000000000,26
4600,105,0.0206381840,54827568.0000000000,30
4600,106,0.0207065130,54827568.0000000000,20
4600,107,0.0206727090,54827568.0000000000,22
4600,108,0.0207155310,54827568.0000000000,20
4600,109,0.0206506890,54827568.0000000000,28
4600,110,0.0206818970,54827568.0000000000,23
4600,111,0.0206772120,54827568.0000000000,30
4600,112,0.0206355210,54827568.0000000000,30
4600,113,0.0206680610,54827568.0000000000,20
4600,114,0.0204788980,54827568.0000000000,29
4600,115,0.0206645270,54827568.0000000000,31
4600,116,0.0205893340,54827568.0000000000,19
4600,117,0.0178712020,47074864.0000000000,9
4600,118,0.0178017780,47074864.0000000000,16
4600,119,0.0178573680,47074864.0000000000,7
4600,120,0.0178888550,47074864.0000000000,15
4600,121,0.0178447310,47074864.0000000000,10
4600,122,0.0178664390,47074864.0000000000,13
4600,123,0.0177915390,47074864.0000000000,18
4600,124,0.0179098200,47074864.0000000000,20
4600,125,0.0178898370,47074864.0000000000,12
4600,126,0.0178544990,47074864.0000000000,8
4600,127,0.0178403740,47074864.0000000000,17
4600,128,0.0178438080,47074864.0000000000,13
4600,129,0.0178386320,47074864.0000000000,7
4600,130,0.0178608700,47074864.0000000000,26
4600,131,0.0179303920,47074864.0000000000,12
4600,132,0.0178246430,47074864.0000000000,19
4600,133,0.0179032360,47074864.0000000000,23
4600,134,0.0178497790,47074864.0000000000,27
4600,135,0.0178620960,47074864.0000000000,9
4600,136,0.0178515510,47074864.0000000000,14
4600,137,0.0178741010,47074864.0000000000,22
4600,138,0.0179077920,47074864.0000000000,11
4600,139,0.0178744360,47074864.0000000000,15
4600,140,0.0178888930,47074864.0000000000,24
4600,141,0.0178782370,47074864.0000000000,16
4600,142,0.0178109230,47074864.0000000000,25
4600,143,0.0178640190,47074864.0000000000,17
4600,144,0.0178827240,47074864.0000000000,11
4600,145,0.0177974000,47074864.0000000000,18
4600,146,0.0178927670,47074864.0000000000,6
4600,147,0.0178732550,47074864.0000000000,10
4600,148,0.0179475570,47074864.0000000000,14
4600,149,0.0178877960,47074864.0000000000,6
4600,150,0.0178160170,47074864.0000000000,19
4600,151,0.0178439520,47074864.0000000000,21
4600,152,0.0178530260,47074864.0000000000,8
4650,0,4.4728049105,222563216.0000000000,17
4650,1,4.2885795775,216788608.0000000000,18
4650,2,4.2321265084,213415440.0000000000,6
4650,3,4.2048919598,212111152.0000000000,8
4650,4,4.1442611532,212051200.0000000000,9
4650,5,4.2258429946,212131360.0000000000,7
4650,6,4.6238499754,223103328.0000000000,12
4650,7,9.4379868380,357781008.0000000000,29
4650,8,9.9536306367,377093216.0000000000,3
4650,9,13.4531873835,514681648.0000000000,10
4650,10,11.0888867988,441543344.0000000000,30
4650,11,9.8039902166,405684544.0000000000,0
4650,12,9.4075617220,392499888.0000000000,2
4650,13,9.3720645101,389797024.0000000000,4
4650,14,9.4787631489,394549072.0000000000,1
4650,15,10.5069042775,424175536.0000000000,11
4650,16,11.5757915205,453922768.0000000000,16
4650,17,9.3923535661,404841936.0000000000,5
4650,18,10.6144777410,445799184.0000000000,5
4650,19,12.3998094220,486565840.0000000000,13
4650,20,12.3335500305,480905040.0000000000,15
4650,21,11.3753943041,457838672.0000000000,26
4650,22,11.3666920265,456548576.0000000000,14
4650,23,11.3592692285,457062480.0000000000,27
4650,24,12.5554580449,485689248.0000000000,20
4650,25,10.8434113130,447880256.0000000000,21
4650,26,10.2250352651,435872656.0000000000,3
4650,27,10.2157587506,435921600.0000000000,2
4650,28,10.2462710566,436849376.0000000000,17
4650,29,11.7872569362,477005408.0000000000,22
4650,30,12.9425867926,506613616.0000000000,28
4650,31,13.0085847911,513875136.0000000000,19
4650,32,12.7981800321,501829984.0000000000,31
4650,33,10.7357803036,448718016.0000000000,18
4650,34,10.2236380991,436507216.0000000000,4
4650,35,10.2264234993,435969200.0000000000,12
4650,36,10.1855295593,434363040.0000000000,0
4650,37,10.2372319620,436422240.0000000000,9
4650,38,10.2445452033,436547760.0000000000,8
4650,39,10.2519323789,436498368.0000000000,24
4650,40,10.2563990688,436541488.0000000000,23
4650,41,10.2413843467,436486320.0000000000,6
4650,42,10.2415445374,436514832.0000000000,25
4650,43,10.2465994463,436442464.0000000000,7
4650,44,10.1878690079,434356576.0000000000,1
4650,45,2.6508093642,131646208.0000000000,14
4650,46,2.6539368519,132187344.0000000000,25
4650,47,2.6586860173,132149968.0000000000,23
4650,48,2.6540011157,132134704.0000000000,16
4650,49,2.6566234873,132135920.0000000000,22
4650,50,2.6579266714,132140704.0000000000,11
4650,51,2.6582075781,132178240.0000000000,24
4650,52,2.6572355486,132166528.0000000000,21
4650,53,2.6482499489,131665488.0000000000,13
4650,54,0.6752317663,54827568.0000000000,10
4650,55,0.6739897933,54827568.0000000000,28
4650,56,0.6748910288,54827568.0000000000,22
4650,57,0.6755542911,54827568.0000000000,30
4650,58,0.6745646274,54827568.0000000000,15
4650,59,0.6747019039,54827568.0000000000,21
4650,60,0.6764307090,54827568.0000000000,11
4650,61,0.6738235485,54827568.0000000000,27
4650,62,0.6725514135,54827568.0000000000,29
4650,63,0.6726350736,54827568.0000000000,29
4650,64,0.6755212695,54827568.0000000000,24
4650,65,0.6751910560,54827568.0000000000,14
4650,66,0.6744350296,54827568.0000000000,31
4650,67,0.6737749399,54827568.0000000000,19
4650,68,0.6734381294,54827568.0000000000,13
4650,69,0.6768021401,54827568.0000000000,11
4650,70,0.6748877358,54827568.0000000000,22
4650,71,0.6723876154,54827568.0000000000,29
4650,72,0.6737082350,54827568.0000000000,7
4650,73,0.6761601134,54827568.0000000000,20
4650,74,0.6748905291,54827568.0000000000,26
4650,75,0.6745840752,54827568.0000000000,31
4650,76,0.6739862601,54827568.0000000000,28
4650,77,0.6744686171,54827568.0000000000,9
4650,78,0.6735931080,54827568.0000000000,27
4650,79,0.6724819853,54827568.0000000000,29
4650,80,0.6754741960,54827568.0000000000,30
4650,81,0.6749783054,54827568.0000000000,10
4650,82,0.6752599252,54827568.0000000000,23
4650,83,0.6736344531,54827568.0000000000,27
4650,84,0.6739847814,54827568.0000000000,28
4650,85,0.6753654696,54827568.0000000000,21
4650,86,0.6741477118,54827568.0000000000,15
4650,87,0.6757785262,54827568.0000000000,24
4650,88,0.6737165824,54827568.0000000000,27
4650,89,0.6743523670,54827568.0000000000,31
4650,90,0.6740978201,54827568.0000000000,26
4650,91,0.6744594148,54827568.0000000000,6
4650,92,0.6747981792,54827568.0000000000,26
4650,93,0.6751151239,54827568.0000000000,23
4650,94,0.6727617375,54827568.0000000000,25
4650,95,0.6745965506,54827568.0000000000,31
4650,96,0.6742371676,54827568.0000000000,8
4650,97,0.6752044525,54827568.0000000000,21
4650,98,0.6734789371,54827568.0000000000,16
4650,99,0.6731072622,54827568.0000000000,25
4650,100,0.6741719380,54827568.0000000000,28
4650,101,0.6757152750,54827568.0000000000,24
4650,102,0.6735502348,54827568.0000000000,19
4650,103,0.6726325558,54827568.0000000000,25
4650,104,0.6748490587,54827568.0000000000,26
4650,105,0.6755331095,54827568.0000000000,30
4650,106,0.6760760374,54827568.0000000000,20
4650,107,0.6746295898,54827568.0000000000,22
4650,108,0.6757254010,54827568.0000000000,20
4650,109,0.6740829262,54827568.0000000000,28
4650,110,0.6756136615,54827568.0000000000,23
4650,111,0.6753850820,54827568.0000000000,30
4650,112,0.6758089458,54827568.0000000000,30
4650,113,0.6753155863,54827568.0000000000,20
4650,114,0.6727879181,54827568.0000000000,29
4650,115,0.6744201930,54827568.0000000000,31
4650,116,0.6732710376,54827568.0000000000,19
4650,117,0.5828600447,47074864.0000000000,9
4650,118,0.5819794069,47074864.0000000000,16
4650,119,0.5831643533,47074864.0000000000,7
4650,120,0.5840946407,47074864.0000000000,15
4650,121,0.5839542210,47074864.0000000000,10
4650,122,0.5826574631,47074864.0000000000,13
4650,123,0.5815550088,47074864.0000000000,18
4650,124,0.5840470483,47074864.0000000000,20
4650,125,0.5846523056,47074864.0000000000,12
4650,126,0.5837416139,47074864.0000000000,8
4650,127,0.5838685166,47074864.0000000000,17
4650,128,0.5824829652,47074864.0000000000,13
4650,129,0.5829965460,47074864.0000000000,7
4650,130,0.5835230234,47074864.0000000000,26
4650,131,0.5845724871,47074864.0000000000,12
4650,132,0.5827626940,47074864.0000000000,19
4650,133,0.5844030395,47074864.0000000000,23
4650,134,0.5824307546,47074864.0000000000,27
4650,135,0.5829112991,47074864.0000000000,9
4650,136,0.5839108912,47074864.0000000000,14
4650,137,0.5840360411,47074864.0000000000,22
4650,138,0.5849187513,47074864.0000000000,11
4650,139,0.5843737238,47074864.0000000000,15
4650,140,0.5837093047,47074864.0000000000,24
4650,141,0.5821760100,47074864.0000000000,16
4650,142,0.5816170872,47074864.0000000000,25
4650,143,0.5837822207,47074864.0000000000,17
4650,144,0.5850750082,47074864.0000000000,11
4650,145,0.5816848775,47074864.0000000000,18
4650,146,0.5835983131,47074864.0000000000,6
4650,147,0.5841576935,47074864.0000000000,10
4650,148,0.5841338592,47074864.0000000000,14
4650,149,0.5837577797,47074864.0000000000,6
4650,150,0.5826023059,47074864.0000000000,19
4650,151,0.5840648713,47074864.0000000000,21
4650,152,0.5834061665,47074864.0000000000,8
4700,0,0.1386163980,222045808.0000000000,17
4700,1,0.1331098440,216565600.0000000000,18
4700,2,0.1317358350,213358896.0000000000,6
4700,3,0.1301796850,212134576.0000000000,8
4700,4,0.1287382140,212015600.0000000000,9
4700,5,0.1298422600,212063472.0000000000,7
4700,6,0.1419872560,222372256.0000000000,12
4700,7,0.2841331580,351456000.0000000000,29
4700,8,0.3089245570,376637744.0000000000,3
4700,9,0.4177050090,513972160.0000000000,10
4700,10,0.3431630100,440096176.0000000000,30
4700,11,0.3032323890,404592256.0000000000,0
4700,12,0.2924499170,392072608.0000000000,2
4700,13,0.2907960220,389466048.0000000000,4
4700,14,0.2945227940,394092992.0000000000,1
4700,15,0.3264968050,423768144.0000000000,11
4700,16,0.3608424730,454001344.0000000000,16
4700,17,0.2923479920,404759872.0000000000,5
4700,18,0.3327083020,447232208.0000000000,5
4700,19,0.3882815400,487640592.0000000000,13
4700,20,0.3783974250,477715520.0000000000,15
4700,21,0.3539078840,457483104.0000000000,26
4700,22,0.3531102890,455909504.0000000000,14
4700,23,0.3524763980,456361712.0000000000,27
4700,24,0.3883410900,484229056.0000000000,20
4700,25,0.3397778740,448982448.0000000000,21
4700,26,0.3176986520,435849136.0000000000,3
4700,27,0.3174376010,435898880.0000000000,2
4700,28,0.3197660010,437261648.0000000000,17
4700,29,0.3734872190,480380080.0000000000,22
4700,30,0.4037662110,507067104.0000000000,28
4700,31,0.4064823520,514646256.0000000000,19
4700,32,0.4001492050,502687344.0000000000,31
4700,33,0.3371401110,450395216.0000000000,18
4700,34,0.3176699220,436512608.0000000000,4
4700,35,0.3177050440,435949296.0000000000,12
4700,36,0.3163521590,434333952.0000000000,0
4700,37,0.3182823590,436424752.0000000000,9
4700,38,0.3182662170,436544848.0000000000,8
4700,39,0.3185650320,436500992.0000000000,24
4700,40,0.3188918420,436538576.0000000000,23
4700,41,0.3182496670,436490272.0000000000,6
4700,42,0.3182942080,436510896.0000000000,25
4700,43,0.3183481500,436440928.0000000000,7
4700,44,0.3165567840,434327856.0000000000,1
4700,45,0.0821458930,131642032.0000000000,14
4700,46,0.0822002550,132190640.0000000000,25
4700,47,0.0822787780,132147696.0000000000,23
4700,48,0.0822094310,132135456.0000000000,16
4700,49,0.0822419270,132136256.0000000000,22
4700,50,0.0823581560,132138016.0000000000,11
4700,51,0.0823540160,132179168.0000000000,24
4700,52,0.0822519060,132164592.0000000000,21
4700,53,0.0820880600,131663440.0000000000,13
4700,54,0.0206431340,54827568.0000000000,10
4700,55,0.0206199520,54827568.0000000000,28
4700,56,0.0206745930,54827568.0000000000,22
4700,57,0.0206600800,54827568.0000000000,30
4700,58,0.0206383260,54827568.0000000000,15
4700,59,0.0206543630,54827568.0000000000,21
4700,60,0.0207416430,54827568.0000000000,11
4700,61,0.0206560610,54827568.0000000000,27
4700,62,0.0205989200,54827568.0000000000,29
4700,63,0.0205627800,54827568.0000000000,29
4700,64,0.0206668330,54827568.0000000000,24
4700,65,0.0207235410,54827568.0000000000,14
4700,66,0.0205998310,54827568.0000000000,31
4700,67,0.0206115590,54827568.0000000000,19
4700,68,0.0206348190,54827568.0000000000,13
4700,69,0.0206936320,54827568.0000000000,11
4700,70,0.0206283260,54827568.0000000000,22
4700,71,0.0206401590,54827568.0000000000,29
4700,72,0.0206499370,54827568.0000000000,7
4700,73,0.0206628100,54827568.0000000000,20
4700,74,0.0206446180,54827568.0000000000,26
4700,75,0.0206538880,54827568.0000000000,31
4700,76,0.0206136090,54827568.0000000000,28
4700,77,0.0206046990,54827568.0000000000,9
4700,78,0.0205891620,54827568.0000000000,27
4700,79,0.0205862660,54827568.0000000000,29
4700,80,0.0206690550,54827568.0000000000,30
4700,81,0.0205837490,54827568.0000000000,10
4700,82,0.0206464790,54827568.0000000000,23
4700,83,0.0206681730,54827568.0000000000,27
4700,84,0.0206594780,54827568.0000000000,28
4700,85,0.0206602660,54827568.0000000000,21
4700,86,0.0207175070,54827568.0000000000,15
4700,87,0.0206932440,54827568.0000000000,24
4700,88,0.0206572730,54827568.0000000000,27
4700,89,0.0206722420,54827568.0000000000,31
4700,90,0.0206095930,54827568.0000000000,26
4700,91,0.0206839090,54827568.0000000000,6
4700,92,0.0206805020,54827568.0000000000,26
4700,93,0.0206738410,54827568.0000000000,23
4700,94,0.0205764880,54827568.0000000000,25
4700,95,0.0206982220,54827568.0000000000,31
4700,96,0.0206436240,54827568.0000000000,8
4700,97,0.0207249090,54827568.0000000000,21
4700,98,0.0206229820,54827568.0000000000,16
4700,99,0.0205712480,54827568.0000000000,25
4700,100,0.0206063750,54827568.0000000000,28
4700,101,0.0207344640,54827568.0000000000,24
4700,102,0.0205752380,54827568.0000000000,19
4700,103,0.0206647480,54827568.0000000000,25
4700,104,0.0207387920,54827568.0000000000,26
4700,105,0.0206584160,54827568.0000000000,30
4700,106,0.0206963670,54827568.0000000000,20
4700,107,0.0206000500,54827568.0000000000,22
4700,108,0.0207106430,54827568.0000000000,20
4700,109,0.0205903700,54827568.0000000000,28
4700,110,0.0206655260,54827568.0000000000,23
4700,111,0.0206383670,54827568.0000000000,30
4700,112,0.0206937350,54827568.0000000000,30
4700,113,0.0206618980,54827568.0000000000,20
4700,114,0.0205992500,54827568.0000000000,29
4700,115,0.0206470430,54827568.0000000000,31
4700,116,0.0206167380,54827568.0000000000,19
4700,117,0.0178345430,47074864.0000000000,9
4700,118,0.0178206970,47074864.0000000000,16
4700,119,0.0178409970,47074864.0000000000,7
4700,120,0.0178930390,47074864.0000000000,15
4700,121,0.0178866830,47074864.0000000000,10
4700,122,0.0178446860,47074864.0000000000,13
4700,123,0.0177919600,47074864.0000000000,18
4700,124,0.0178595200,47074864.0000000000,20
4700,125,0.0179158640,47074864.0000000000,12
4700,126,0.0178357960,47074864.0000000000,8
4700,127,0.0179004790,47074864.0000000000,17
4700,128,0.0178304280,47074864.0000000000,13
4700,129,0.0178502540,47074864.0000000000,7
4700,130,0.0178726740,47074864.0000000000,26
4700,131,0.0178667110,47074864.0000000000,12
4700,132,0.0178272170,47074864.0000000000,19
4700,133,0.0178996410,47074864.0000000000,23
4700,134,0.0178212240,47074864.0000000000,27
4700,135,0.0178601810,47074864.0000000000,9
4700,136,0.0178507310,47074864.0000000000,14
4700,137,0.0178932580,47074864.0000000000,22
4700,138,0.0179517680,47074864.0000000000,11
4700,139,0.0178812260,47074864.0000000000,15
4700,140,0.0178681050,47074864.0000000000,24
4700,141,0.0178538110,47074864.0000000000,16
4700,142,0.0177917770,47074864.0000000000,25
4700,143,0.0178946990,47074864.0000000000,17
4700,144,0.0179262680,47074864.0000000000,11
4700,145,0.0178032620,47074864.0000000000,18
4700,146,0.0178344730,47074864.0000000000,6
4700,147,0.0179229330,47074864.0000000000,10
4700,148,0.0178290180,47074864.0000000000,14
4700,149,0.0178377200,47074864.0000000000,6
4700,150,0.0178103160,47074864.0000000000,19
4700,151,0.0178809310,47074864.0000000000,21
4700,152,0.0178468770,47074864.0000000000,8
4750,0,4.4641704100,221781040.0000000000,17
4750,1,4.3003455488,216352576.0000000000,18
4750,2,4.2360773452,213258352.0000000000,6
4750,3,4.2008096890,212072784.0000000000,8
4750,4,4.1559719310,211929088.0000000000,9
4750,5,4.1881809634,211968496.0000000000,7
4750,6,4.5698535496,221890400.0000000000,12
4750,7,8.9860415728,344710768.0000000000,29
4750,8,9.9468782825,376593392.0000000000,3
4750,9,13.4204051847,513398528.0000000000,10
4750,10,11.0043578997,438632784.0000000000,30
4750,11,9.7329592203,403914192.0000000000,0
4750,12,9.3943500111,391740480.0000000000,2
4750,13,9.3516972562,389149056.0000000000,4
4750,14,9.4614081904,393846304.0000000000,1
4750,15,10.5016546870,423495376.0000000000,11
4750,16,11.6197394581,454674336.0000000000,16
4750,17,9.4149689894,404674320.0000000000,5
4750,18,10.7360487631,448570368.0000000000,5
4750,19,12.5091000120,488704816.0000000000,13
4750,20,12.1040507406,475313504.0000000000,15
4750,21,11.3644210020,457147728.0000000000,26
4750,22,11.3343814463,455351776.0000000000,14
4750,23,11.3185530995,455793840.0000000000,27
4750,24,12.4477478964,482989744.0000000000,20
4750,25,10.9644370485,450028416.0000000000,21
4750,26,10.2248569448,435830064.0000000000,3
4750,27,10.2153942568,435886576.0000000000,2
4750,28,10.2943179245,437729808.0000000000,17
4750,29,12.0866416893,483239888.0000000000,22
4750,30,12.9953347136,507592496.0000000000,28
4750,31,13.0819840901,515359360.0000000000,19
4750,32,12.8828630982,503382528.0000000000,31
4750,33,10.8929049234,452164032.0000000000,18
4750,34,10.2233922415,436509808.0000000000,4
4750,35,10.2273432434,435937120.0000000000,12
4750,36,10.1843267369,434307840.0000000000,0
4750,37,10.2376583013,436422144.0000000000,9
4750,38,10.2452433626,436552576.0000000000,8
4750,39,10.2519095360,436496976.0000000000,24
4750,40,10.2563455448,436542928.0000000000,23
4750,41,10.2422408044,436492320.0000000000,6
4750,42,10.2405246194,436513184.0000000000,25
4750,43,10.2461155976,436438448.0000000000,7
4750,44,10.1882636202,434302352.0000000000,1
4750,45,2.6502847053,131643024.0000000000,14
4750,46,2.6538774221,132189856.0000000000,25
4750,47,2.6580594324,132146640.0000000000,23
4750,48,2.6535898014,132134480.0000000000,16
4750,49,2.6567843333,132134704.0000000000,22
4750,50,2.6582541872,132137504.0000000000,11
4750,51,2.6584055939,132178160.0000000000,24
4750,52,2.6577401195,132165152.0000000000,21
4750,53,2.6482509710,131663744.0000000000,13
4750,54,0.6753686862,54827568.0000000000,10
4750,55,0.6741719621,54827568.0000000000,28
4750,56,0.6746067262,54827568.0000000000,22
4750,57,0.6757912653,54827568.0000000000,30
4750,58,0.6745669708,54827568.0000000000,15
4750,59,0.6748870885,54827568.0000000000,21
4750,60,0.6765991505,54827568.0000000000,11
4750,61,0.6740370079,54827568.0000000000,27
4750,62,0.6726727498,54827568.0000000000,29
4750,63,0.6723333108,54827568.0000000000,29
4750,64,0.6754063587,54827568.0000000000,24
4750,65,0.6748003964,54827568.0000000000,14
4750,66,0.6743255840,54827568.0000000000,31
4750,67,0.6738161599,54827568.0000000000,19
4750,68,0.6736287532,54827568.0000000000,13
4750,69,0.6763876543,54827568.0000000000,11
4750,70,0.6746693988,54827568.0000000000,22
4750,71,0.6727762395,54827568.0000000000,29
4750,72,0.6735568185,54827568.0000000000,7
4750,73,0.6754717135,54827568.0000000000,20
4750,74,0.6748281739,54827568.0000000000,26
4750,75,0.6745270605,54827568.0000000000,31
4750,76,0.6740060556,54827568.0000000000,28
4750,77,0.6744432506,54827568.0000000000,9
4750,78,0.6740171226,54827568.0000000000,27
4750,79,0.6723721866,54827568.0000000000,29
4750,80,0.6756052277,54827568.0000000000,30
4750,81,0.6749345183,54827568.0000000000,10
4750,82,0.6750576232,54827568.0000000000,23
4750,83,0.6737586096,54827568.0000000000,27
4750,84,0.6737957731,54827568.0000000000,28
4750,85,0.6751360029,54827568.0000000000,21
4750,86,0.6743228751,54827568.0000000000,15
4750,87,0.6755491110,54827568.0000000000,24
4750,88,0.6735228167,54827568.0000000000,27
4750,89,0.6744660481,54827568.0000000000,31
4750,90,0.6744912357,54827568.0000000000,26
4750,91,0.6745209110,54827568.0000000000,6
4750,92,0.6744717426,54827568.0000000000,26
4750,93,0.6754124171,54827568.0000000000,23
4750,94,0.6729881752,54827568.0000000000,25
4750,95,0.6742616312,54827568.0000000000,31
4750,96,0.6738217797,54827568.0000000000,8
4750,97,0.6752453818,54827568.0000000000,21
4750,98,0.6734451250,54827568.0000000000,16
4750,99,0.6726321908,54827568.0000000000,25
4750,100,0.6739827964,54827568.0000000000,28
4750,101,0.6758097708,54827568.0000000000,24
4750,102,0.6733281987,54827568.0000000000,19
4750,103,0.6724463058,54827568.0000000000,25
4750,104,0.6748709729,54827568.0000000000,26
4750,105,0.6757607523,54827568.0000000000,30
4750,106,0.6758615980,54827568.0000000000,20
4750,107,0.6748582770,54827568.0000000000,22
4750,108,0.6756670134,54827568.0000000000,20
4750,109,0.6739436588,54827568.0000000000,28
4750,110,0.6751634245,54827568.0000000000,23
4750,111,0.6751858454,54827568.0000000000,30
4750,112,0.6757249049,54827568.0000000000,30
4750,113,0.6756202786,54827568.0000000000,20
4750,114,0.6725356001,54827568.0000000000,29
4750,115,0.6742725716,54827568.0000000000,31
4750,116,0.6733743390,54827568.0000000000,19
4750,117,0.5828118364,47074864.0000000000,9
4750,118,0.5821885158,47074864.0000000000,16
4750,119,0.5829680906,47074864.0000000000,7
4750,120,0.5841937251,47074864.0000000000,15
4750,121,0.5838631538,47074864.0000000000,10
4750,122,0.5824845553,47074864.0000000000,13
4750,123,0.5814903622,47074864.0000000000,18
4750,124,0.5840736777,47074864.0000000000,20
4750,125,0.5845102368,47074864.0000000000,12
4750,126,0.5836660014,47074864.0000000000,8
4750,127,0.5835315607,47074864.0000000000,17
4750,128,0.5826182911,47074864.0000000000,13
4750,129,0.5828665940,47074864.0000000000,7
4750,130,0.5836891179,47074864.0000000000,26
4750,131,0.5846357230,47074864.0000000000,12
4750,132,0.5825348101,47074864.0000000000,19
4750,133,0.5843249598,47074864.0000000000,23
4750,134,0.5825415060,47074864.0000000000,27
4750,135,0.5830366883,47074864.0000000000,9
4750,136,0.5838773264,47074864.0000000000,14
4750,137,0.5839606677,47074864.0000000000,22
4750,138,0.5848602560,47074864.0000000000,11
4750,139,0.5841290555,47074864.0000000000,15
4750,140,0.5838084272,47074864.0000000000,24
4750,141,0.5821441543,47074864.0000000000,16
4750,142,0.5815737146,47074864.0000000000,25
4750,143,0.5837152114,47074864.0000000000,17
4750,144,0.5846637376,47074864.0000000000,11
4750,145,0.5817183897,47074864.0000000000,18
4750,146,0.5837842638,47074864.0000000000,6
4750,147,0.5840802330,47074864.0000000000,10
4750,148,0.5840410741,47074864.0000000000,14
4750,149,0.5837181050,47074864.0000000000,6
4750,150,0.5825683345,47074864.0000000000,19
4750,151,0.5842845628,47074864.0000000000,21
4750,152,0.5836905728,47074864.0000000000,8
4800,0,0.1375678100,221567840.0000000000,17
4800,1,0.1333787050,216225440.0000000000,18
4800,2,0.1309306280,213143264.0000000000,6
4800,3,0.1302027830,212034096.0000000000,8
4800,4,0.1289802090,211866032.0000000000,9
4800,5,0.1301468660,211889984.0000000000,7
4800,6,0.1415894890,221643648.0000000000,12
4800,7,0.2653885530,335856880.0000000000,29
4800,8,0.3075686190,375279056.0000000000,3
4800,9,0.4160231660,512646096.0000000000,10
4800,10,0.3402315010,437349888.0000000000,30
4800,11,0.3021071990,403411472.0000000000,0
4800,12,0.2920943630,391401984.0000000000,2
4800,13,0.2908207820,388885424.0000000000,4
4800,14,0.2942789830,393303872.0000000000,1
4800,15,0.3261587310,423176240.0000000000,11
4800,16,0.3628468080,455077248.0000000000,16
4800,17,0.2926196550,404633520.0000000000,5
4800,18,0.3365729740,449993920.0000000000,5
4800,19,0.3910929170,489397200.0000000000,13
4800,20,0.3727184820,472974160.0000000000,15
4800,21,0.3533495870,456843232.0000000000,26
4800,22,0.3522957550,454919168.0000000000,14
4800,23,0.3519153760,455473776.0000000000,27
4800,24,0.3849865680,481447648.0000000000,20
4800,25,0.3432247080,450937072.0000000000,21
4800,26,0.3178055430,435815488.0000000000,3
4800,27,0.3173433190,435880784.0000000000,2
4800,28,0.3208094530,438245680.0000000000,17
4800,29,0.3807418760,485665808.0000000000,22
4800,30,0.4054828800,508027280.0000000000,28
4800,31,0.4083466040,515874112.0000000000,19
4800,32,0.4023838800,503946560.0000000000,31
4800,33,0.3428858940,454268736.0000000000,18
4800,34,0.3175303530,436506304.0000000000,4
4800,35,0.3177812010,435914176.0000000000,12
4800,36,0.3164846150,434279536.0000000000,0
4800,37,0.3181042110,436418608.0000000000,9
4800,38,0.3184830440,436551504.0000000000,8
4800,39,0.3184970350,436491792.0000000000,24
4800,40,0.3188185210,436539632.0000000000,23
4800,41,0.3182631460,436494624.0000000000,6
4800,42,0.3182405580,436514272.0000000000,25
4800,43,0.3183413460,436438368.0000000000,7
4800,44,0.3166360860,434276912.0000000000,1
4800,45,0.0820795260,131641968.0000000000,14
4800,46,0.0822072280,132189920.0000000000,25
4800,47,0.0824779470,132149104.0000000000,23
4800,48,0.0822347980,132136912.0000000000,16
4800,49,0.0822532020,132137232.0000000000,22
4800,50,0.0824372810,132136048.0000000000,11
4800,51,0.0824210320,132176816.0000000000,24
4800,52,0.0824317760,132163616.0000000000,21
4800,53,0.0819602690,131661600.0000000000,13
4800,54,0.0206624010,54827568.0000000000,10
4800,55,0.0206614600,54827568.0000000000,28
4800,56,0.0206135560,54827568.0000000000,22
4800,57,0.0206909990,54827568.0000000000,30
4800,58,0.0206587870,54827568.0000000000,15
4800,59,0.0205919550,54827568.0000000000,21
4800,60,0.0207558300,54827568.0000000000,11
4800,61,0.0206445110,54827568.0000000000,27
4800,62,0.0205515570,54827568.0000000000,29
4800,63,0.0205775570,54827568.0000000000,29
4800,64,0.0207601510,54827568.0000000000,24
4800,65,0.0206026770,54827568.0000000000,14
4800,66,0.0206187890,54827568.0000000000,31
4800,67,0.0206628580,54827568.0000000000,19
4800,68,0.0206272050,54827568.0000000000,13
4800,69,0.0207815000,54827568.0000000000,11
4800,70,0.0206408980,54827568.0000000000,22
4800,71,0.0205894130,54827568.0000000000,29
4800,72,0.0206412290,54827568.0000000000,7
4800,73,0.0206605530,54827568.0000000000,20
4800,74,0.0206754780,54827568.0000000000,26
4800,75,0.0205951820,54827568.0000000000,31
4800,76,0.0205729700,54827568.0000000000,28
4800,77,0.0206430340,54827568.0000000000,9
4800,78,0.0205755550,54827568.0000000000,27
4800,79,0.0206253430,54827568.0000000000,29
4800,80,0.0206722120,54827568.0000000000,30
4800,81,0.0205991370,54827568.0000000000,10
4800,82,0.0206714860,54827568.0000000000,23
4800,83,0.0206436550,54827568.0000000000,27
4800,84,0.0206398990,54827568.0000000000,28
4800,85,0.0206393970,54827568.0000000000,21
4800,86,0.0206539280,54827568.0000000000,15
4800,87,0.0206916980,54827568.0000000000,24
4800,88,0.0206027360,54827568.0000000000,27
4800,89,0.0206375950,54827568.0000000000,31
4800,90,0.0206332170,54827568.0000000000,26
4800,91,0.0206551940,54827568.0000000000,6
4800,92,0.0207111560,54827568.0000000000,26
4800,93,0.0207192510,54827568.0000000000,23
4800,94,0.0206914380,54827568.0000000000,25
4800,95,0.0206746260,54827568.0000000000,31
4800,96,0.0206198190,54827568.0000000000,8
4800,97,0.0207165840,54827568.0000000000,21
4800,98,0.0206361250,54827568.0000000000,16
4800,99,0.0206039110,54827568.0000000000,25
4800,100,0.0206438870,54827568.0000000000,28
4800,101,0.0207147750,54827568.0000000000,24
4800,102,0.0206306250,54827568.0000000000,19
4800,103,0.0205970380,54827568.0000000000,25
4800,104,0.0206798770,54827568.0000000000,26
4800,105,0.0206337880,54827568.0000000000,30
4800,106,0.0206175850,54827568.0000000000,20
4800,107,0.0206440440,54827568.0000000000,22
4800,108,0.0206888810,54827568.0000000000,20
4800,109,0.0205834890,54827568.0000000000,28
4800,110,0.0206944040,54827568.0000000000,23
4800,111,0.0207243940,54827568.0000000000,30
4800,112,0.0207242540,54827568.0000000000,30
4800,113,0.0207108540,54827568.0000000000,20
4800,114,0.0206098920,54827568.0000000000,29
4800,115,0.0206647960,54827568.0000000000,31
4800,116,0.0206371300,54827568.0000000000,19
4800,117,0.0178455030,47074864.0000000000,9
4800,118,0.0178148130,47074864.0000000000,16
4800,119,0.0178365080,47074864.0000000000,7
4800,120,0.0178738660,47074864.0000000000,15
4800,121,0.0178457140,47074864.0000000000,10
4800,122,0.0178304400,47074864.0000000000,13
4800,123,0.0178158550,47074864.0000000000,18
4800,124,0.0178698340,47074864.0000000000,20
4800,125,0.0178889640,47074864.0000000000,12
4800,126,0.0178578490,47074864.0000000000,8
4800,127,0.0178835760,47074864.0000000000,17
4800,128,0.0178322850,47074864.0000000000,13
4800,129,0.0178571580,47074864.0000000000,7
4800,130,0.0178675630,47074864.0000000000,26
4800,131,0.0178816180,47074864.0000000000,12
4800,132,0.0178528980,47074864.0000000000,19
4800,133,0.0178749430,47074864.0000000000,23
4800,134,0.0177889100,47074864.0000000000,27
4800,135,0.0178353130,47074864.0000000000,9
4800,136,0.0178805570,47074864.0000000000,14
4800,137,0.0178895000,47074864.0000000000,22
4800,138,0.0178716240,47074864.0000000000,11
4800,139,0.0178551480,47074864.0000000000,15
4800,140,0.0178810900,47074864.0000000000,24
4800,141,0.0178315860,47074864.0000000000,16
4800,142,0.0178087790,47074864.0000000000,25
4800,143,0.0178563630,47074864.0000000000,17
4800,144,0.0178882260,47074864.0000000000,11
4800,145,0.0178221880,47074864.0000000000,18
4800,146,0.0178566850,47074864.0000000000,6
4800,147,0.0179119010,47074864.0000000000,10
4800,148,0.0178414910,47074864.0000000000,14
4800,149,0.0178907610,47074864.0000000000,6
4800,150,0.0178935140,47074864.0000000000,19
4800,151,0.0178950010,47074864.0000000000,21
4800,152,0.0178828070,47074864.0000000000,8
4850,0,4.4362755045,221466176.0000000000,17
4850,1,4.3004456204,216165088.0000000000,18
4850,2,4.2214886389,213128016.0000000000,6
4850,3,4.2001327468,212024704.0000000000,8
4850,4,4.1622805570,211862656.0000000000,9
4850,5,4.1965491376,211887088.0000000000,7
4850,6,4.5576511733,221646528.0000000000,12
4850,7,8.3645545227,327428096.0000000000,29
4850,8,9.7560296853,368810736.0000000000,3
4850,9,13.3517449982,511850000.0000000000,10
4850,10,10.9064418626,436340528.0000000000,30
4850,11,9.7159736920,403121168.0000000000,0
4850,12,9.4005018555,391179968.0000000000,2
4850,13,9.3562588505,388650624.0000000000,4
4850,14,9.4692512747,392916576.0000000000,1
4850,15,10.4604367472,422542336.0000000000,11
4850,16,11.6574681798,454998832.0000000000,16
4850,17,9.4142568110,404669056.0000000000,5
4850,18,10.8523431083,451442368.0000000000,5
4850,19,12.5799844064,489777552.0000000000,13
4850,20,11.9305612807,471021632.0000000000,15
4850,21,11.3520158658,456466304.0000000000,26
4850,22,11.3134182861,454433088.0000000000,14
4850,23,11.2955842802,455126688.0000000000,27
4850,24,12.3366882277,480241392.0000000000,20
4850,25,11.0774375574,452154176.0000000000,21
4850,26,10.2240708873,435797232.0000000000,3
4850,27,10.2158099018,435861664.0000000000,2
4850,28,10.3416147666,438822928.0000000000,17
4850,29,12.2999169496,487726720.0000000000,22
4850,30,13.0409366376,508512240.0000000000,28
4850,31,13.1380236887,516368032.0000000000,19
4850,32,12.9511264220,504489536.0000000000,31
4850,33,11.0824784927,456169936.0000000000,18
4850,34,10.2252728731,436529056.0000000000,4
4850,35,10.2262837370,435897024.0000000000,12
4850,36,10.1839737551,434249712.0000000000,0
4850,37,10.2379456869,436420464.0000000000,9
4850,38,10.2456317050,436547440.0000000000,8
4850,39,10.2526264528,436494672.0000000000,24
4850,40,10.2565641327,436536016.0000000000,23
4850,41,10.2430820028,436492320.0000000000,6
4850,42,10.2415902936,436512704.0000000000,25
4850,43,10.2466107842,436434544.0000000000,7
4850,44,10.1873129946,434251280.0000000000,1
4850,45,2.6504493888,131637456.0000000000,14
4850,46,2.6535026946,132193152.0000000000,25
4850,47,2.6584593196,132150400.0000000000,23
4850,48,2.6540241936,132139072.0000000000,16
4850,49,2.6570860647,132139072.0000000000,22
4850,50,2.6583806921,132136320.0000000000,11
4850,51,2.6583073565,132179632.0000000000,24
4850,52,2.6575603548,132164624.0000000000,21
4850,53,2.6478704036,131657808.0000000000,13
4850,54,0.6748924338,54827568.0000000000,10
4850,55,0.6739827873,54827568.0000000000,28
4850,56,0.6748566288,54827568.0000000000,22
4850,57,0.6756284515,54827568.0000000000,30
4850,58,0.6746431092,54827568.0000000000,15
4850,59,0.6751798704,54827568.0000000000,21
4850,60,0.6764019443,54827568.0000000000,11
4850,61,0.6739592257,54827568.0000000000,27
4850,62,0.6725258166,54827568.0000000000,29
4850,63,0.6724832581,54827568.0000000000,29
4850,64,0.6759100163,54827568.0000000000,24
4850,65,0.6747992436,54827568.0000000000,14
4850,66,0.6744401724,54827568.0000000000,31
4850,67,0.6737150909,54827568.0000000000,19
4850,68,0.6736327779,54827568.0000000000,13
4850,69,0.6768497782,54827568.0000000000,11
4850,70,0.6749088818,54827568.0000000000,22
4850,71,0.6724780502,54827568.0000000000,29
4850,72,0.6736877647,54827568.0000000000,7
4850,73,0.6760777037,54827568.0000000000,20
4850,74,0.6751848994,54827568.0000000000,26
4850,75,0.6741424837,54827568.0000000000,31
4850,76,0.6740571885,54827568.0000000000,28
4850,77,0.6745280323,54827568.0000000000,9
4850,78,0.6740893524,54827568.0000000000,27
4850,79,0.6721573734,54827568.0000000000,29
4850,80,0.6754412054,54827568.0000000000,30
4850,81,0.6752130888,54827568.0000000000,10
4850,82,0.6753866323,54827568.0000000000,23
4850,83,0.6737596842,54827568.0000000000,27
4850,84,0.6737854082,54827568.0000000000,28
4850,85,0.6749801410,54827568.0000000000,21
4850,86,0.6742278691,54827568.0000000000,15
4850,87,0.6756176325,54827568.0000000000,24
4850,88,0.6737107464,54827568.0000000000,27
4850,89,0.6744145442,54827568.0000000000,31
4850,90,0.6748682240,54827568.0000000000,26
4850,91,0.6744293093,54827568.0000000000,6
4850,92,0.6749300221,54827568.0000000000,26
4850,93,0.6755932222,54827568.0000000000,23
4850,94,0.6731051571,54827568.0000000000,25
4850,95,0.6742696586,54827568.0000000000,31
4850,96,0.6740235689,54827568.0000000000,8
4850,97,0.6751873847,54827568.0000000000,21
4850,98,0.6733819978,54827568.0000000000,16
4850,99,0.6727317774,54827568.0000000000,25
4850,100,0.6740512526,54827568.0000000000,28
4850,101,0.6756593401,54827568.0000000000,24
4850,102,0.6736316756,54827568.0000000000,19
4850,103,0.6731520595,54827568.0000000000,25
4850,104,0.6752348382,54827568.0000000000,26
4850,105,0.6755730807,54827568.0000000000,30
4850,106,0.6757923315,54827568.0000000000,20
4850,107,0.6747837482,54827568.0000000000,22
4850,108,0.6755079133,54827568.0000000000,20
4850,109,0.6736204983,54827568.0000000000,28
4850,110,0.6752291665,54827568.0000000000,23
4850,111,0.6753680888,54827568.0000000000,30
4850,112,0.6759077813,54827568.0000000000,30
4850,113,0.6756647523,54827568.0000000000,20
4850,114,0.6724377364,54827568.0000000000,29
4850,115,0.6743351383,54827568.0000000000,31
4850,116,0.6734091422,54827568.0000000000,19
4850,117,0.5829357604,47074864.0000000000,9
4850,118,0.5818390152,47074864.0000000000,16
4850,119,0.5829271426,47074864.0000000000,7
4850,120,0.5839592298,47074864.0000000000,15
4850,121,0.5842676617,47074864.0000000000,10
4850,122,0.5827748261,47074864.0000000000,13
4850,123,0.5815811821,47074864.0000000000,18
4850,124,0.5841098072,47074864.0000000000,20
4850,125,0.5848743740,47074864.0000000000,12
4850,126,0.5838651669,47074864.0000000000,8
4850,127,0.5838219080,47074864.0000000000,17
4850,128,0.5827493507,47074864.0000000000,13
4850,129,0.5829199724,47074864.0000000000,7
4850,130,0.5833716571,47074864.0000000000,26
4850,131,0.5846899016,47074864.0000000000,12
4850,132,0.5825716486,47074864.0000000000,19
4850,133,0.5842643958,47074864.0000000000,23
4850,134,0.5824976929,47074864.0000000000,27
4850,135,0.5829098025,47074864.0000000000,9
4850,136,0.5839970718,47074864.0000000000,14
4850,137,0.5841472966,47074864.0000000000,22
4850,138,0.5846664523,47074864.0000000000,11
4850,139,0.5842804363,47074864.0000000000,15
4850,140,0.5836973147,47074864.0000000000,24
4850,141,0.5820349538,47074864.0000000000,16
4850,142,0.5819930935,47074864.0000000000,25
4850,143,0.5838802252,47074864.0000000000,17
4850,144,0.5847567440,47074864.0000000000,11
4850,145,0.5817055372,47074864.0000000000,18
4850,146,0.5837732241,47074864.0000000000,6
4850,147,0.5840340972,47074864.0000000000,10
4850,148,0.5841017032,47074864.0000000000,14
4850,149,0.5836510399,47074864.0000000000,6
4850,150,0.5825373190,47074864.0000000000,19
4850,151,0.5841390822,47074864.0000000000,21
4850,152,0.5837779323,47074864.0000000000,8
4900,0,0.1378115530,221531168.0000000000,17
4900,1,0.1332534950,216112560.0000000000,18
4900,2,0.1307423700,213162192.0000000000,6
4900,3,0.1300261100,212051344.0000000000,8
4900,4,0.1292293800,211910096.0000000000,9
4900,5,0.1299483750,211924496.0000000000,7
4900,6,0.1410479550,221615712.0000000000,12
4900,7,0.2520553790,322269856.0000000000,29
4900,8,0.2858929670,356875744.0000000000,3
4900,9,0.4136826860,510971344.0000000000,10
4900,10,0.3375302730,435330480.0000000000,30
4900,11,0.3013651900,402679152.0000000000,0
4900,12,0.2925780290,390831536.0000000000,2
4900,13,0.2907925380,388187664.0000000000,4
4900,14,0.2936315280,392334192.0000000000,1
4900,15,0.3235531920,421639760.0000000000,11
4900,16,0.3622339940,454590816.0000000000,16
4900,17,0.2925927850,404758336.0000000000,5
4900,18,0.3400661180,452915616.0000000000,5
4900,19,0.3925028720,489975456.0000000000,13
4900,20,0.3687157950,469548128.0000000000,15
4900,21,0.3519779520,455621872.0000000000,26
4900,22,0.3516654580,454041520.0000000000,14
4900,23,0.3515413480,454920912.0000000000,27
4900,24,0.3820652590,478985568.0000000000,20
4900,25,0.3472993820,453397488.0000000000,21
4900,26,0.3176882850,435775712.0000000000,3
4900,27,0.3173426600,435840128.0000000000,2
4900,28,0.3228199430,439427280.0000000000,17
4900,29,0.3858915570,489316112.0000000000,22
4900,30,0.4077981500,509540848.0000000000,28
4900,31,0.4103728120,516885584.0000000000,19
4900,32,0.4039891400,504947504.0000000000,31
4900,33,0.3484618840,457962720.0000000000,18
4900,34,0.3179018390,436576544.0000000000,4
4900,35,0.3177281430,435885824.0000000000,12
4900,36,0.3164433250,434224736.0000000000,0
4900,37,0.3182215080,436421200.0000000000,9
4900,38,0.3184732250,436547664.0000000000,8
4900,39,0.3185425400,436492864.0000000000,24
4900,40,0.3185381990,436536416.0000000000,23
4900,41,0.3182571520,436494240.0000000000,6
4900,42,0.3182333640,436511440.0000000000,25
4900,43,0.3182885520,436433152.0000000000,7
4900,44,0.3165383400,434222800.0000000000,1
4900,45,0.0820503530,131630432.0000000000,14
4900,46,0.0822082070,132195680.0000000000,25
4900,47,0.0824162270,132149856.0000000000,23
4900,48,0.0821993410,132139600.0000000000,16
4900,49,0.0823729540,132139520.0000000000,22
4900,50,0.0824460470,132133984.0000000000,11
4900,51,0.0822950260,132179744.0000000000,24
4900,52,0.0823163330,132166192.0000000000,21
4900,53,0.0819766190,131654592.0000000000,13
4900,54,0.0207026910,54827568.0000000000,10
4900,55,0.0205822780,54827568.0000000000,28
4900,56,0.0206160600,54827568.0000000000,22
4900,57,0.0206870020,54827568.0000000000,30
4900,58,0.0207138120,54827568.0000000000,15
4900,59,0.0206657460,54827568.0000000000,21
4900,60,0.0207776560,54827568.0000000000,11
4900,61,0.0206081370,54827568.0000000000,27
4900,62,0.0205960930,54827568.0000000000,29
4900,63,0.0206154030,54827568.0000000000,29
4900,64,0.0206634650,54827568.0000000000,24
4900,65,0.0206777540,54827568.0000000000,14
4900,66,0.0206378670,54827568.0000000000,31
4900,67,0.0207203700,54827568.0000000000,19
4900,68,0.0205789330,54827568.0000000000,13
4900,69,0.0207221390,54827568.0000000000,11
4900,70,0.0206990400,54827568.0000000000,22
4900,71,0.0206047820,54827568.0000000000,29
4900,72,0.0205482880,54827568.0000000000,7
4900,73,0.0206617080,54827568.0000000000,20
4900,74,0.0206822010,54827568.0000000000,26
4900,75,0.0206413430,54827568.0000000000,31
4900,76,0.0206252220,54827568.0000000000,28
4900,77,0.0206767000,54827568.0000000000,9
4900,78,0.0206006840,54827568.0000000000,27
4900,79,0.0205808150,54827568.0000000000,29
4900,80,0.0206977500,54827568.0000000000,30
4900,81,0.0206678840,54827568.0000000000,10
4900,82,0.0207211820,54827568.0000000000,23
4900,83,0.0206432850,54827568.0000000000,27
4900,84,0.0206317650,54827568.0000000000,28
4900,85,0.0206089650,54827568.0000000000,21
4900,86,0.0206265550,54827568.0000000000,15
4900,87,0.0207174980,54827568.0000000000,24
4900,88,0.0205633820,54827568.0000000000,27
4900,89,0.0206696990,54827568.0000000000,31
4900,90,0.0206021070,54827568.0000000000,26
4900,91,0.0206148550,54827568.0000000000,6
4900,92,0.0207272580,54827568.0000000000,26
4900,93,0.0206471690,54827568.0000000000,23
4900,94,0.0205939400,54827568.0000000000,25
4900,95,0.0206735960,54827568.0000000000,31
4900,96,0.0205851360,54827568.0000000000,8
4900,97,0.0206387540,54827568.0000000000,21
4900,98,0.0205847490,54827568.0000000000,16
4900,99,0.0206149530,54827568.0000000000,25
4900,100,0.0206407610,54827568.0000000000,28
4900,101,0.0206974230,54827568.0000000000,24
4900,102,0.0206691220,54827568.0000000000,19
4900,103,0.0206508600,54827568.0000000000,25
4900,104,0.0206422730,54827568.0000000000,26
4900,105,0.0206285360,54827568.0000000000,30
4900,106,0.0206531400,54827568.0000000000,20
4900,107,0.0207233280,54827568.0000000000,22
4900,108,0.0207577240,54827568.0000000000,20
4900,109,0.0205861360,54827568.0000000000,28
4900,110,0.0206226130,54827568.0000000000,23
4900,111,0.0207418170,54827568.0000000000,30
4900,112,0.0206952770,54827568.0000000000,30
4900,113,0.0206492950,54827568.0000000000,20
4900,114,0.0206823930,54827568.0000000000,29
4900,115,0.0206121750,54827568.0000000000,31
4900,116,0.0206645420,54827568.0000000000,19
4900,117,0.0178528690,47074864.0000000000,9
4900,118,0.0178079110,47074864.0000000000,16
4900,119,0.0178552640,47074864.0000000000,7
4900,120,0.0178772020,47074864.0000000000,15
4900,121,0.0178888590,47074864.0000000000,10
4900,122,0.0178205500,47074864.0000000000,13
4900,123,0.0177811800,47074864.0000000000,18
4900,124,0.0178959430,47074864.0000000000,20
4900,125,0.0179261670,47074864.0000000000,12
4900,126,0.0178811040,47074864.0000000000,8
4900,127,0.0178617950,47074864.0000000000,17
4900,128,0.0178190880,47074864.0000000000,13
4900,129,0.0178342050,47074864.0000000000,7
4900,130,0.0178836410,47074864.0000000000,26
4900,131,0.0178937540,47074864.0000000000,12
4900,132,0.0178327170,47074864.0000000000,19
4900,133,0.0179014710,47074864.0000000000,23
4900,134,0.0178346400,47074864.0000000000,27
4900,135,0.0178171600,47074864.0000000000,9
4900,136,0.0178687350,47074864.0000000000,14
4900,137,0.0178535390,47074864.0000000000,22
4900,138,0.0179520020,47074864.0000000000,11
4900,139,0.0178948840,47074864.0000000000,15
4900,140,0.0178257920,47074864.0000000000,24
4900,141,0.0178005570,47074864.0000000000,16
4900,142,0.0177639030,47074864.0000000000,25
4900,143,0.0178900300,47074864.0000000000,17
4900,144,0.0179373130,47074864.0000000000,11
4900,145,0.0177685840,47074864.0000000000,18
4900,146,0.0178714940,47074864.0000000000,6
4900,147,0.0178662950,47074864.0000000000,10
4900,148,0.0179083120,47074864.0000000000,14
4900,149,0.0178560560,47074864.0000000000,6
4900,150,0.0178397810,47074864.0000000000,19
4900,151,0.0179287960,47074864.0000000000,21
4900,152,0.0178418750,47074864.0000000000,8
4950,0,4.4438939222,221701856.0000000000,17
4950,1,4.2982652485,216044064.0000000000,18
4950,2,4.2085599651,213112688.0000000000,6
4950,3,4.1909548389,212066976.0000000000,8
4950,4,4.1587831367,211959936.0000000000,9
4950,5,4.1869647910,211963712.0000000000,7
4950,6,4.5358910714,221549632.0000000000,12
4950,7,8.0555743306,319826656.0000000000,29
4950,8,9.0220870018,348557504.0000000000,3
4950,9,13.2863310696,509993104.0000000000,10
4950,10,10.8417097826,434509776.0000000000,30
4950,11,9.6861382265,402382672.0000000000,0
4950,12,9.3844908970,390411072.0000000000,2
4950,13,9.3336678582,387771600.0000000000,4
4950,14,9.4144645468,391769344.0000000000,1
4950,15,10.3607512088,419791936.0000000000,11
4950,16,11.6208461687,454078016.0000000000,16
4950,17,9.4248866512,404914176.0000000000,5
4950,18,10.9744187432,454453568.0000000000,5
4950,19,12.6209864661,490033248.0000000000,13
4950,20,11.8146462541,468194752.0000000000,15
4950,21,11.3010013378,454991568.0000000000,26
4950,22,11.2918436697,453655520.0000000000,14
4950,23,11.2945825149,454681024.0000000000,27
4950,24,12.2584365499,478580080.0000000000,20
4950,25,11.2084139076,454876560.0000000000,21
4950,26,10.2264084530,435759344.0000000000,3
4950,27,10.2169234022,435828944.0000000000,2
4950,28,10.4021140472,440078672.0000000000,17
4950,29,12.4491897471,490913008.0000000000,22
4950,30,13.1270690362,510311968.0000000000,28
4950,31,13.1988786082,517356992.0000000000,19
4950,32,12.9977972407,505496080.0000000000,31
4950,33,11.2536740034,459654928.0000000000,18
4950,34,10.2340738256,436624592.0000000000,4
4950,35,10.2267190595,435871408.0000000000,12
4950,36,10.1823969763,434202704.0000000000,0
4950,37,10.2380296351,436418032.0000000000,9
4950,38,10.2462325853,436548896.0000000000,8
4950,39,10.2519401441,436489840.0000000000,24
4950,40,10.2565853749,436537680.0000000000,23
4950,41,10.2423902415,436491200.0000000000,6
4950,42,10.2427236588,436510096.0000000000,25
4950,43,10.2466298352,436434656.0000000000,7
4950,44,10.1847566151,434199040.0000000000,1
4950,45,2.6496502388,131626016.0000000000,14
4950,46,2.6542323238,132197760.0000000000,25
4950,47,2.6584187669,132149712.0000000000,23
4950,48,2.6539153923,132140192.0000000000,16
4950,49,2.6569560889,132138128.0000000000,22
4950,50,2.6590783753,132138608.0000000000,11
4950,51,2.6579679457,132182864.0000000000,24
4950,52,2.6576502188,132164320.0000000000,21
4950,53,2.6481570252,131651520.0000000000,13
4950,54,0.6747768598,54827568.0000000000,10
4950,55,0.6740786765,54827568.0000000000,28
4950,56,0.6748407181,54827568.0000000000,22
4950,57,0.6756729834,54827568.0000000000,30
4950,58,0.6747898159,54827568.0000000000,15
4950,59,0.6752585847,54827568.0000000000,21
4950,60,0.6769348903,54827568.0000000000,11
4950,61,0.6737505377,54827568.0000000000,27
4950,62,0.6729286217,54827568.0000000000,29
4950,63,0.6725177319,54827568.0000000000,29
4950,64,0.6757511140,54827568.0000000000,24
4950,65,0.6749823368,54827568.0000000000,14
4950,66,0.6743934670,54827568.0000000000,31
4950,67,0.6739885892,54827568.0000000000,19
4950,68,0.6734133058,54827568.0000000000,13
4950,69,0.6770299315,54827568.0000000000,11
4950,70,0.6745873902,54827568.0000000000,22
4950,71,0.6725578896,54827568.0000000000,29
4950,72,0.6736153353,54827568.0000000000,7
4950,73,0.6760798027,54827568.0000000000,20
4950,74,0.6751512011,54827568.0000000000,26
4950,75,0.6742812678,54827568.0000000000,31
4950,76,0.6742155618,54827568.0000000000,28
4950,77,0.6745493974,54827568.0000000000,9
4950,78,0.6737980178,54827568.0000000000,27
4950,79,0.6721574109,54827568.0000000000,29
4950,80,0.6755824932,54827568.0000000000,30
4950,81,0.6748314263,54827568.0000000000,10
4950,82,0.6753653862,54827568.0000000000,23
4950,83,0.6736436494,54827568.0000000000,27
4950,84,0.6740860753,54827568.0000000000,28
4950,85,0.6753874842,54827568.0000000000,21
4950,86,0.6747121870,54827568.0000000000,15
4950,87,0.6758023796,54827568.0000000000,24
4950,88,0.6733632837,54827568.0000000000,27
4950,89,0.6743007203,54827568.0000000000,31
4950,90,0.6744931274,54827568.0000000000,26
4950,91,0.6744910511,54827568.0000000000,6
4950,92,0.6746886925,54827568.0000000000,26
4950,93,0.6754055100,54827568.0000000000,23
4950,94,0.6730138094,54827568.0000000000,25
4950,95,0.6743781686,54827568.0000000000,31
4950,96,0.6742672121,54827568.0000000000,8
4950,97,0.6752385673,54827568.0000000000,21
4950,98,0.6736933652,54827568.0000000000,16
4950,99,0.6725957053,54827568.0000000000,25
4950,100,0.6737100232,54827568.0000000000,28
4950,101,0.6755376600,54827568.0000000000,24
4950,102,0.6735751608,54827568.0000000000,19
4950,103,0.6727933324,54827568.0000000000,25
4950,104,0.6750622961,54827568.0000000000,26
4950,105,0.6755612143,54827568.0000000000,30
4950,106,0.6757037345,54827568.0000000000,20
4950,107,0.6747805398,54827568.0000000000,22
4950,108,0.6754219084,54827568.0000000000,20
4950,109,0.6736535419,54827568.0000000000,28
4950,110,0.6750780048,54827568.0000000000,23
4950,111,0.6755382530,54827568.0000000000,30
4950,112,0.6757205214,54827568.0000000000,30
4950,113,0.6756072118,54827568.0000000000,20
4950,114,0.6725485274,54827568.0000000000,29
4950,115,0.6742317403,54827568.0000000000,31
4950,116,0.6737557740,54827568.0000000000,19
4950,117,0.5828474705,47074864.0000000000,9
4950,118,0.5821218968,47074864.0000000000,16
4950,119,0.5829614831,47074864.0000000000,7
4950,120,0.5841415902,47074864.0000000000,15
4950,121,0.5840267049,47074864.0000000000,10
4950,122,0.5826847895,47074864.0000000000,13
4950,123,0.5815435498,47074864.0000000000,18
4950,124,0.5842648302,47074864.0000000000,20
4950,125,0.5846183477,47074864.0000000000,12
4950,126,0.5836388528,47074864.0000000000,8
4950,127,0.5836762386,47074864.0000000000,17
4950,128,0.5825271558,47074864.0000000000,13
4950,129,0.5826569873,47074864.0000000000,7
4950,130,0.5833594448,47074864.0000000000,26
4950,131,0.5846560153,47074864.0000000000,12
4950,132,0.5825807930,47074864.0000000000,19
4950,133,0.5841719546,47074864.0000000000,23
4950,134,0.5825449810,47074864.0000000000,27
4950,135,0.5828872564,47074864.0000000000,9
4950,136,0.5841432038,47074864.0000000000,14
4950,137,0.5840368941,47074864.0000000000,22
4950,138,0.5850485819,47074864.0000000000,11
4950,139,0.5841851751,47074864.0000000000,15
4950,140,0.5836863513,47074864.0000000000,24
4950,141,0.5822067980,47074864.0000000000,16
4950,142,0.5816066966,47074864.0000000000,25
4950,143,0.5837009329,47074864.0000000000,17
4950,144,0.5849471345,47074864.0000000000,11
4950,145,0.5816693774,47074864.0000000000,18
4950,146,0.5837576919,47074864.0000000000,6
4950,147,0.5841048926,47074864.0000000000,10
4950,148,0.5841614272,47074864.0000000000,14
4950,149,0.5838754011,47074864.0000000000,6
4950,150,0.5825787613,47074864.0000000000,19
4950,151,0.5841020177,47074864.0000000000,21
4950,152,0.5835781391,47074864.0000000000,8
