0,0,0.1446951430,332236336.0000000000,6
0,1,0.0847240910,332569648.0000000000,6
0,2,0.0847977430,332569648.0000000000,6
0,3,0.1444980440,332236336.0000000000,7
0,4,0.0839357770,332236336.0000000000,7
0,5,0.1478093120,332569648.0000000000,10
0,6,0.0838957500,332236336.0000000000,10
0,7,0.0840057280,332236336.0000000000,10
0,8,0.1401293380,332236336.0000000000,11
0,9,0.0915789420,436509232.0000000000,6
0,10,0.0927095450,436967984.0000000000,6
0,11,0.0926765710,436967984.0000000000,6
0,12,0.0917895560,436509232.0000000000,7
0,13,0.1473685010,436509232.0000000000,8
0,14,0.0929346950,436967984.0000000000,10
0,15,0.0918618070,436509232.0000000000,10
0,16,0.0915409670,436509232.0000000000,11
0,17,0.0916280240,436509232.0000000000,11
0,18,0.0889693910,436509232.0000000000,7
0,19,0.0899926870,436967984.0000000000,7
0,20,0.0899541220,436967984.0000000000,7
0,21,0.0888625820,436509232.0000000000,8
0,22,0.0886950780,436509232.0000000000,8
0,23,0.0896813220,436967984.0000000000,11
0,24,0.0885925210,436509232.0000000000,11
0,25,0.0886248550,436509232.0000000000,11
0,26,0.1431529930,436509232.0000000000,0
0,27,0.0889465110,436509232.0000000000,8
0,28,0.0897603850,436967984.0000000000,8
0,29,0.0897761760,436967984.0000000000,8
0,30,0.1440339290,436509232.0000000000,9
0,31,0.0887782190,436509232.0000000000,9
0,32,0.0896661330,436967984.0000000000,0
0,33,0.0885740570,436509232.0000000000,0
0,34,0.0886496140,436509232.0000000000,0
0,35,0.1463959580,436509232.0000000000,12
0,36,0.0960082870,436509232.0000000000,9
0,37,0.0972620060,436967984.0000000000,9
0,38,0.0971226770,436967984.0000000000,9
0,39,0.0960963460,436509232.0000000000,9
0,40,0.0961355680,436509232.0000000000,10
0,41,0.0969804100,436967984.0000000000,0
0,42,0.0957617910,436509232.0000000000,0
0,43,0.0957739160,436509232.0000000000,0
0,44,0.0959902270,436509232.0000000000,12
0,45,0.0540494480,132356656.0000000000,12
0,46,0.0542820080,132449840.0000000000,12
0,47,0.0544147460,132449840.0000000000,12
0,48,0.1115389800,132356656.0000000000,13
0,49,0.0541386790,132356656.0000000000,13
0,50,0.1101694080,132449840.0000000000,16
0,51,0.0544579720,132356656.0000000000,16
0,52,0.0543044260,132356656.0000000000,16
0,53,0.1075113760,132356656.0000000000,1
0,54,0.0440596540,54827568.0000000000,12
0,55,0.0408158370,54827568.0000000000,13
0,56,0.0408008880,54827568.0000000000,13
0,57,0.0407349810,54827568.0000000000,13
0,58,0.0407874800,54827568.0000000000,13
0,59,0.0409775510,54827568.0000000000,1
0,60,0.0408677760,54827568.0000000000,1
0,61,0.0408757130,54827568.0000000000,1
0,62,0.0408724590,54827568.0000000000,1
0,63,0.1029829690,54827568.0000000000,14
0,64,0.0410261220,54827568.0000000000,14
0,65,0.0410023160,54827568.0000000000,14
0,66,0.1028485030,54827568.0000000000,15
0,67,0.0410108030,54827568.0000000000,15
0,68,0.0409494380,54827568.0000000000,1
0,69,0.0409074870,54827568.0000000000,1
0,70,0.1012149830,54827568.0000000000,17
0,71,0.1008787400,54827568.0000000000,18
0,72,0.0409241470,54827568.0000000000,14
0,73,0.0409269740,54827568.0000000000,14
0,74,0.0410510530,54827568.0000000000,15
0,75,0.0410029000,54827568.0000000000,15
0,76,0.0409898900,54827568.0000000000,16
0,77,0.0409374700,54827568.0000000000,17
0,78,0.0408377180,54827568.0000000000,17
0,79,0.0408655390,54827568.0000000000,17
0,80,0.0409669480,54827568.0000000000,18
0,81,0.0409902940,54827568.0000000000,14
0,82,0.0410224260,54827568.0000000000,15
0,83,0.0409837120,54827568.0000000000,15
0,84,0.0412327190,54827568.0000000000,16
0,85,0.0411555000,54827568.0000000000,16
0,86,0.0409342400,54827568.0000000000,17
0,87,0.0408418950,54827568.0000000000,17
0,88,0.0411607210,54827568.0000000000,18
0,89,0.0410219330,54827568.0000000000,18
0,90,0.0408947850,54827568.0000000000,18
0,91,0.0408570520,54827568.0000000000,18
0,92,0.1015776740,54827568.0000000000,19
0,93,0.0410511870,54827568.0000000000,19
0,94,0.0409952390,54827568.0000000000,19
0,95,0.1037134060,54827568.0000000000,23
0,96,0.0998817510,54827568.0000000000,20
0,97,0.0409608360,54827568.0000000000,20
0,98,0.0409823890,54827568.0000000000,20
0,99,0.0409507650,54827568.0000000000,19
0,100,0.0408437970,54827568.0000000000,19
0,101,0.0407924680,54827568.0000000000,19
0,102,0.1030875810,54827568.0000000000,3
0,103,0.0411254340,54827568.0000000000,3
0,104,0.0409286500,54827568.0000000000,20
0,105,0.0409500630,54827568.0000000000,20
0,106,0.0409176810,54827568.0000000000,20
0,107,0.0994975770,54827568.0000000000,4
0,108,0.0408975850,54827568.0000000000,3
0,109,0.0409096380,54827568.0000000000,3
0,110,0.0408283200,54827568.0000000000,3
0,111,0.0409777580,54827568.0000000000,23
0,112,0.0410709250,54827568.0000000000,23
0,113,0.0409984170,54827568.0000000000,4
0,114,0.0408417640,54827568.0000000000,4
0,115,0.0408823230,54827568.0000000000,4
0,116,0.1063675140,54827568.0000000000,5
0,117,0.0353967330,47074864.0000000000,3
0,118,0.0353724960,47074864.0000000000,3
0,119,0.0354694800,47074864.0000000000,23
0,120,0.0353759400,47074864.0000000000,23
0,121,0.0353721460,47074864.0000000000,23
0,122,0.0353546180,47074864.0000000000,4
0,123,0.0352788500,47074864.0000000000,4
0,124,0.0352978660,47074864.0000000000,4
0,125,0.0352862760,47074864.0000000000,5
0,126,0.0353195460,47074864.0000000000,5
0,127,0.0353118650,47074864.0000000000,5
0,128,0.0352450140,47074864.0000000000,5
0,129,0.0946764300,47074864.0000000000,21
0,130,0.0353848990,47074864.0000000000,21
0,131,0.0962063040,47074864.0000000000,22
0,132,0.0352809080,47074864.0000000000,22
0,133,0.0939197230,47074864.0000000000,2
0,134,0.0355226680,47074864.0000000000,2
0,135,0.0351696490,47074864.0000000000,5
0,136,0.0351423270,47074864.0000000000,5
0,137,0.0354315280,47074864.0000000000,21
0,138,0.0353932230,47074864.0000000000,21
0,139,0.0352405170,47074864.0000000000,22
0,140,0.0353377770,47074864.0000000000,22
0,141,0.0352269910,47074864.0000000000,22
0,142,0.0353844690,47074864.0000000000,2
0,143,0.0354341150,47074864.0000000000,2
0,144,0.0352930800,47074864.0000000000,21
0,145,0.0352622490,47074864.0000000000,21
0,146,0.0352693050,47074864.0000000000,21
0,147,0.0352487870,47074864.0000000000,22
0,148,0.0352115420,47074864.0000000000,22
0,149,0.0353805820,47074864.0000000000,2
0,150,0.0354907050,47074864.0000000000,2
0,151,0.0354276640,47074864.0000000000,2
0,152,0.0354011740,47074864.0000000000,2
50,0,7.5673026959,332007856.0000000000,6
50,1,7.5361335942,332024768.0000000000,6
50,2,7.5382059781,332022512.0000000000,6
50,3,7.5874838685,332021920.0000000000,7
50,4,7.5558786752,332023904.0000000000,7
50,5,7.6011992264,332023568.0000000000,10
50,6,7.5647635994,332028336.0000000000,10
50,7,7.5620226589,332024672.0000000000,10
50,8,7.5669889692,332007872.0000000000,11
50,9,10.0283875436,436489536.0000000000,6
50,10,10.0279418955,436509840.0000000000,6
50,11,10.0287905695,436508864.0000000000,6
50,12,10.0496622948,436514048.0000000000,7
50,13,10.0624239974,436510640.0000000000,8
50,14,10.0659451495,436509808.0000000000,10
50,15,10.0648510083,436506656.0000000000,10
50,16,10.0317209037,436511024.0000000000,11
50,17,10.0317313542,436493536.0000000000,11
50,18,10.0484788440,436490768.0000000000,7
50,19,10.0479357398,436508544.0000000000,7
50,20,10.0494977744,436516288.0000000000,7
50,21,10.0317352018,436507248.0000000000,8
50,22,10.0322971435,436508320.0000000000,8
50,23,10.0294921534,436516064.0000000000,11
50,24,10.0292332608,436509776.0000000000,11
50,25,10.0296046689,436512256.0000000000,11
50,26,10.0556626167,436492816.0000000000,0
50,27,10.0319611309,436490992.0000000000,8
50,28,10.0335601740,436509408.0000000000,8
50,29,10.0332082187,436508432.0000000000,8
50,30,10.0729931389,436513424.0000000000,9
50,31,10.0451963282,436510128.0000000000,9
50,32,10.0299253007,436510720.0000000000,0
50,33,10.0285813055,436509152.0000000000,0
50,34,10.0280204356,436508880.0000000000,0
50,35,10.0610669072,436493552.0000000000,12
50,36,10.0490957053,436494240.0000000000,9
50,37,10.0494807816,436509312.0000000000,9
50,38,10.0504104413,436508688.0000000000,9
50,39,10.0492621028,436509008.0000000000,9
50,40,10.0675701059,436506944.0000000000,10
50,41,10.0345047598,436507776.0000000000,0
50,42,10.0333798029,436513728.0000000000,0
50,43,10.0342426414,436508624.0000000000,0
50,44,10.0326752681,436490192.0000000000,12
50,45,2.5947865713,132139840.0000000000,12
50,46,2.5942204507,132143376.0000000000,12
50,47,2.5946386741,132144624.0000000000,12
50,48,2.6249674767,132145712.0000000000,13
50,49,2.5967085939,132147024.0000000000,13
50,50,2.6352013952,132143792.0000000000,16
50,51,2.6094824852,132143776.0000000000,16
50,52,2.6085161997,132145648.0000000000,16
50,53,2.6227493020,132139536.0000000000,1
50,54,0.6557430922,54827568.0000000000,12
50,55,0.6568802978,54827568.0000000000,13
50,56,0.6568341137,54827568.0000000000,13
50,57,0.6570090947,54827568.0000000000,13
50,58,0.6567295284,54827568.0000000000,13
50,59,0.6557114639,54827568.0000000000,1
50,60,0.6555432264,54827568.0000000000,1
50,61,0.6551202199,54827568.0000000000,1
50,62,0.6555234113,54827568.0000000000,1
50,63,0.6680023826,54827568.0000000000,14
50,64,0.6415492391,54827568.0000000000,14
50,65,0.6411388010,54827568.0000000000,14
50,66,0.6687148100,54827568.0000000000,15
50,67,0.6416659751,54827568.0000000000,15
50,68,0.6554208289,54827568.0000000000,1
50,69,0.6557332495,54827568.0000000000,1
50,70,0.6669287466,54827568.0000000000,17
50,71,0.6679047608,54827568.0000000000,18
50,72,0.6410205681,54827568.0000000000,14
50,73,0.6409163406,54827568.0000000000,14
50,74,0.6417312794,54827568.0000000000,15
50,75,0.6416726918,54827568.0000000000,15
50,76,0.6579138810,54827568.0000000000,16
50,77,0.6409460497,54827568.0000000000,17
50,78,0.6407738920,54827568.0000000000,17
50,79,0.6411395120,54827568.0000000000,17
50,80,0.6421447575,54827568.0000000000,18
50,81,0.6411777841,54827568.0000000000,14
50,82,0.6419576729,54827568.0000000000,15
50,83,0.6419859827,54827568.0000000000,15
50,84,0.6577207373,54827568.0000000000,16
50,85,0.6578934783,54827568.0000000000,16
50,86,0.6411722576,54827568.0000000000,17
50,87,0.6409581281,54827568.0000000000,17
50,88,0.6419289408,54827568.0000000000,18
50,89,0.6418164539,54827568.0000000000,18
50,90,0.6415923395,54827568.0000000000,18
50,91,0.6414878293,54827568.0000000000,18
50,92,0.6670147867,54827568.0000000000,19
50,93,0.6415482117,54827568.0000000000,19
50,94,0.6405922013,54827568.0000000000,19
50,95,0.6680806272,54827568.0000000000,23
50,96,0.6662968951,54827568.0000000000,20
50,97,0.6414425505,54827568.0000000000,20
50,98,0.6409558778,54827568.0000000000,20
50,99,0.6407577772,54827568.0000000000,19
50,100,0.6411778038,54827568.0000000000,19
50,101,0.6415488625,54827568.0000000000,19
50,102,0.6680284280,54827568.0000000000,3
50,103,0.6413241819,54827568.0000000000,3
50,104,0.6407792610,54827568.0000000000,20
50,105,0.6412331275,54827568.0000000000,20
50,106,0.6409606504,54827568.0000000000,20
50,107,0.6674163434,54827568.0000000000,4
50,108,0.6408076531,54827568.0000000000,3
50,109,0.6415149255,54827568.0000000000,3
50,110,0.6413919474,54827568.0000000000,3
50,111,0.6418881434,54827568.0000000000,23
50,112,0.6413300808,54827568.0000000000,23
50,113,0.6419469749,54827568.0000000000,4
50,114,0.6418778002,54827568.0000000000,4
50,115,0.6419775466,54827568.0000000000,4
50,116,0.6678923918,54827568.0000000000,5
50,117,0.5565558424,47074864.0000000000,3
50,118,0.5564990011,47074864.0000000000,3
50,119,0.5567754535,47074864.0000000000,23
50,120,0.5566422584,47074864.0000000000,23
50,121,0.5566942136,47074864.0000000000,23
50,122,0.5564221396,47074864.0000000000,4
50,123,0.5564086505,47074864.0000000000,4
50,124,0.5561879693,47074864.0000000000,4
50,125,0.5550985956,47074864.0000000000,5
50,126,0.5549241096,47074864.0000000000,5
50,127,0.5549211310,47074864.0000000000,5
50,128,0.5547178563,47074864.0000000000,5
50,129,0.5802242380,47074864.0000000000,21
50,130,0.5551731460,47074864.0000000000,21
50,131,0.5812561727,47074864.0000000000,22
50,132,0.5551974218,47074864.0000000000,22
50,133,0.5818292114,47074864.0000000000,2
50,134,0.5566736147,47074864.0000000000,2
50,135,0.5547189883,47074864.0000000000,5
50,136,0.5547208356,47074864.0000000000,5
50,137,0.5548463924,47074864.0000000000,21
50,138,0.5548469656,47074864.0000000000,21
50,139,0.5550196734,47074864.0000000000,22
50,140,0.5549890822,47074864.0000000000,22
50,141,0.5551569428,47074864.0000000000,22
50,142,0.5569076056,47074864.0000000000,2
50,143,0.5567716585,47074864.0000000000,2
50,144,0.5548520389,47074864.0000000000,21
50,145,0.5548557987,47074864.0000000000,21
50,146,0.5547375907,47074864.0000000000,21
50,147,0.5548248122,47074864.0000000000,22
50,148,0.5550970722,47074864.0000000000,22
50,149,0.5562327310,47074864.0000000000,2
50,150,0.5565299681,47074864.0000000000,2
50,151,0.5565331442,47074864.0000000000,2
50,152,0.5564811715,47074864.0000000000,2
100,0,0.2437364510,331966944.0000000000,11
100,1,0.2477974740,331995280.0000000000,9
100,2,0.2468478500,331984960.0000000000,10
100,3,0.2577712380,331999232.0000000000,13
100,4,0.2986816650,332018416.0000000000,14
100,5,0.2579998250,332050560.0000000000,12
100,6,0.2957709920,332062544.0000000000,15
100,7,0.2533487080,332054816.0000000000,16
100,8,0.2876738380,332001280.0000000000,17
100,9,0.3691942230,436454544.0000000000,18
100,10,0.3637284890,436511136.0000000000,20
100,11,0.3690038270,436506208.0000000000,19
100,12,0.3250785440,436511760.0000000000,17
100,13,0.3249537150,436513088.0000000000,14
100,14,0.3369114150,436510800.0000000000,23
100,15,0.3671841360,436503632.0000000000,21
100,16,0.3728579050,436513856.0000000000,2
100,17,0.3254410300,436459632.0000000000,7
100,18,0.3247508670,436464928.0000000000,18
100,19,0.3251288620,436511136.0000000000,12
100,20,0.3248380600,436508944.0000000000,13
100,21,0.3246461120,436509120.0000000000,0
100,22,0.3176269660,436509216.0000000000,8
100,23,0.3248115930,436512224.0000000000,1
100,24,0.3705661840,436509232.0000000000,5
100,25,0.3708018290,436507248.0000000000,4
100,26,0.3248532940,436466560.0000000000,1
100,27,0.3252689890,436463472.0000000000,7
100,28,0.3249280670,436508688.0000000000,4
100,29,0.3247169010,436508672.0000000000,5
100,30,0.3168430020,436512848.0000000000,9
100,31,0.3247644740,436509568.0000000000,19
100,32,0.3723492410,436510688.0000000000,3
100,33,0.3254928020,436505968.0000000000,8
100,34,0.3246487410,436506880.0000000000,6
100,35,0.3247478580,436463584.0000000000,20
100,36,0.3252205130,436459584.0000000000,15
100,37,0.3255720180,436509504.0000000000,10
100,38,0.3247677340,436507328.0000000000,11
100,39,0.3265269350,436509680.0000000000,16
100,40,0.3697945020,436501840.0000000000,22
100,41,0.3248717820,436505616.0000000000,6
100,42,0.3251361480,436514832.0000000000,2
100,43,0.3249463120,436511024.0000000000,3
100,44,0.3246860510,436453120.0000000000,0
100,45,0.0832323360,132129104.0000000000,23
100,46,0.0831016620,132146016.0000000000,22
100,47,0.0831118620,132142064.0000000000,21
100,48,0.0831493940,132143824.0000000000,23
100,49,0.0831411400,132148528.0000000000,21
100,50,0.0830945090,132146240.0000000000,21
100,51,0.0832961070,132140992.0000000000,23
100,52,0.0830055160,132144752.0000000000,22
100,53,0.0829037590,132131056.0000000000,22
100,54,0.0201610180,54827568.0000000000,17
100,55,0.0201434820,54827568.0000000000,15
100,56,0.0202154850,54827568.0000000000,16
100,57,0.0201714360,54827568.0000000000,14
100,58,0.0201684790,54827568.0000000000,10
100,59,0.0201661160,54827568.0000000000,13
100,60,0.0201819020,54827568.0000000000,21
100,61,0.0201261380,54827568.0000000000,9
100,62,0.0200897290,54827568.0000000000,12
100,63,0.0201590940,54827568.0000000000,13
100,64,0.0201569230,54827568.0000000000,23
100,65,0.0201559260,54827568.0000000000,3
100,66,0.0201735490,54827568.0000000000,10
100,67,0.0201394330,54827568.0000000000,14
100,68,0.0201772020,54827568.0000000000,23
100,69,0.0201940050,54827568.0000000000,22
100,70,0.0201483170,54827568.0000000000,21
100,71,0.0201304060,54827568.0000000000,11
100,72,0.0201521700,54827568.0000000000,11
100,73,0.0201744230,54827568.0000000000,19
100,74,0.0200955700,54827568.0000000000,15
100,75,0.0201222240,54827568.0000000000,22
100,76,0.0201746930,54827568.0000000000,9
100,77,0.0201365030,54827568.0000000000,20
100,78,0.0201598240,54827568.0000000000,9
100,79,0.0202159330,54827568.0000000000,0
100,80,0.0201533210,54827568.0000000000,11
100,81,0.0201719460,54827568.0000000000,8
100,82,0.0201452150,54827568.0000000000,10
100,83,0.0202446680,54827568.0000000000,16
100,84,0.0200636080,54827568.0000000000,11
100,85,0.0201515680,54827568.0000000000,17
100,86,0.0201160150,54827568.0000000000,7
100,87,0.0201935720,54827568.0000000000,18
100,88,0.0202540380,54827568.0000000000,17
100,89,0.0201770560,54827568.0000000000,9
100,90,0.0201883510,54827568.0000000000,17
100,91,0.0201822650,54827568.0000000000,10
100,92,0.0201447930,54827568.0000000000,12
100,93,0.0202553300,54827568.0000000000,13
100,94,0.0202021660,54827568.0000000000,10
100,95,0.0201695420,54827568.0000000000,16
100,96,0.0201004460,54827568.0000000000,22
100,97,0.0201839900,54827568.0000000000,11
100,98,0.0201554940,54827568.0000000000,2
100,99,0.0201644490,54827568.0000000000,6
100,100,0.0202535060,54827568.0000000000,13
100,101,0.0201522580,54827568.0000000000,14
100,102,0.0201854530,54827568.0000000000,15
100,103,0.0201744630,54827568.0000000000,16
100,104,0.0201720070,54827568.0000000000,1
100,105,0.0201193840,54827568.0000000000,22
100,106,0.0201660090,54827568.0000000000,21
100,107,0.0201433920,54827568.0000000000,14
100,108,0.0202498950,54827568.0000000000,4
100,109,0.0201926750,54827568.0000000000,5
100,110,0.0201914760,54827568.0000000000,12
100,111,0.0201745970,54827568.0000000000,23
100,112,0.0201073950,54827568.0000000000,15
100,113,0.0201095850,54827568.0000000000,12
100,114,0.0201900700,54827568.0000000000,9
100,115,0.0202253550,54827568.0000000000,21
100,116,0.0202061390,54827568.0000000000,23
100,117,0.0174575230,47074864.0000000000,1
100,118,0.0174850470,47074864.0000000000,2
100,119,0.0174775580,47074864.0000000000,13
100,120,0.0174802760,47074864.0000000000,3
100,121,0.0174613280,47074864.0000000000,5
100,122,0.0174295150,47074864.0000000000,20
100,123,0.0174786390,47074864.0000000000,18
100,124,0.0174457960,47074864.0000000000,19
100,125,0.0174267980,47074864.0000000000,15
100,126,0.0173697990,47074864.0000000000,12
100,127,0.0174371450,47074864.0000000000,8
100,128,0.0174587960,47074864.0000000000,9
100,129,0.0174526400,47074864.0000000000,14
100,130,0.0174741130,47074864.0000000000,14
100,131,0.0175177050,47074864.0000000000,16
100,132,0.0174989580,47074864.0000000000,17
100,133,0.0174909230,47074864.0000000000,17
100,134,0.0174659880,47074864.0000000000,6
100,135,0.0174350710,47074864.0000000000,3
100,136,0.0174419150,47074864.0000000000,11
100,137,0.0174536370,47074864.0000000000,1
100,138,0.0175012150,47074864.0000000000,4
100,139,0.0174587100,47074864.0000000000,13
100,140,0.0175466810,47074864.0000000000,16
100,141,0.0174530510,47074864.0000000000,5
100,142,0.0173967900,47074864.0000000000,15
100,143,0.0174305660,47074864.0000000000,12
100,144,0.0175217890,47074864.0000000000,0
100,145,0.0174590560,47074864.0000000000,2
100,146,0.0174430520,47074864.0000000000,7
100,147,0.0174874890,47074864.0000000000,6
100,148,0.0174465720,47074864.0000000000,10
100,149,0.0174734540,47074864.0000000000,0
100,150,0.0174307480,47074864.0000000000,7
100,151,0.0174915790,47074864.0000000000,8
100,152,0.0174938200,47074864.0000000000,4
150,0,7.6739546540,331896592.0000000000,11
150,1,7.7147260669,331924224.0000000000,9
150,2,7.7604439979,331892576.0000000000,10
150,3,7.7700768399,331936944.0000000000,13
150,4,7.7979663264,332020272.0000000000,14
150,5,7.7788932930,332123360.0000000000,12
150,6,7.7671615671,332185856.0000000000,15
150,7,7.7201690561,332160768.0000000000,16
150,8,7.6994804362,332038128.0000000000,17
150,9,10.2132431299,436446304.0000000000,18
150,10,10.2111384019,436504896.0000000000,20
150,11,10.2115760172,436513264.0000000000,19
150,12,10.2004136696,436513984.0000000000,17
150,13,10.1936898429,436510432.0000000000,14
150,14,10.2091717330,436511904.0000000000,23
150,15,10.2070497115,436508048.0000000000,21
150,16,10.2126945431,436516688.0000000000,2
150,17,10.2083143859,436440608.0000000000,7
150,18,10.1907661897,436450672.0000000000,18
150,19,10.1901657411,436509872.0000000000,12
150,20,10.1923135109,436508368.0000000000,13
150,21,10.1896353167,436512944.0000000000,0
150,22,10.1910322387,436510208.0000000000,8
150,23,10.1930490471,436510656.0000000000,1
150,24,10.2107457423,436513936.0000000000,5
150,25,10.2193797177,436502560.0000000000,4
150,26,10.1905464336,436456768.0000000000,1
150,27,10.2052196839,436452400.0000000000,7
150,28,10.1958753518,436510288.0000000000,4
150,29,10.1932692005,436509216.0000000000,5
150,30,10.1984029795,436509248.0000000000,9
150,31,10.1922368766,436508640.0000000000,19
150,32,10.2071123187,436512464.0000000000,3
150,33,10.1924460058,436508608.0000000000,8
150,34,10.1876067997,436511584.0000000000,6
150,35,10.1900890637,436449408.0000000000,20
150,36,10.2080455143,436433376.0000000000,15
150,37,10.2262425320,436510128.0000000000,10
150,38,10.1933925662,436516176.0000000000,11
150,39,10.2242373501,436516448.0000000000,16
150,40,10.2135888973,436499968.0000000000,22
150,41,10.1929673665,436506064.0000000000,6
150,42,10.1994424082,436515808.0000000000,2
150,43,10.1959671387,436512640.0000000000,3
150,44,10.1930625988,436432704.0000000000,0
150,45,2.6352909084,132125808.0000000000,23
150,46,2.6308185982,132145008.0000000000,22
150,47,2.6314252509,132139680.0000000000,21
150,48,2.6349282768,132142048.0000000000,23
150,49,2.6316656709,132150256.0000000000,21
150,50,2.6314903723,132145376.0000000000,21
150,51,2.6347056891,132141312.0000000000,23
150,52,2.6299288785,132142192.0000000000,22
150,53,2.6304204069,132126096.0000000000,22
150,54,0.6595055602,54827568.0000000000,17
150,55,0.6571296454,54827568.0000000000,15
150,56,0.6599515221,54827568.0000000000,16
150,57,0.6587036322,54827568.0000000000,14
150,58,0.6584936760,54827568.0000000000,10
150,59,0.6595366536,54827568.0000000000,13
150,60,0.6587543126,54827568.0000000000,21
150,61,0.6592755397,54827568.0000000000,9
150,62,0.6576695323,54827568.0000000000,12
150,63,0.6599785940,54827568.0000000000,13
150,64,0.6593767606,54827568.0000000000,23
150,65,0.6579183836,54827568.0000000000,3
150,66,0.6584379400,54827568.0000000000,10
150,67,0.6588045344,54827568.0000000000,14
150,68,0.6595958481,54827568.0000000000,23
150,69,0.6579426619,54827568.0000000000,22
150,70,0.6587840575,54827568.0000000000,21
150,71,0.6574411636,54827568.0000000000,11
150,72,0.6575991776,54827568.0000000000,11
150,73,0.6583884258,54827568.0000000000,19
150,74,0.6573208874,54827568.0000000000,15
150,75,0.6579286291,54827568.0000000000,22
150,76,0.6592013627,54827568.0000000000,9
150,77,0.6569939312,54827568.0000000000,20
150,78,0.6592396068,54827568.0000000000,9
150,79,0.6588146910,54827568.0000000000,0
150,80,0.6574575732,54827568.0000000000,11
150,81,0.6570394228,54827568.0000000000,8
150,82,0.6587396932,54827568.0000000000,10
150,83,0.6601881513,54827568.0000000000,16
150,84,0.6571684235,54827568.0000000000,11
150,85,0.6597633020,54827568.0000000000,17
150,86,0.6574118914,54827568.0000000000,7
150,87,0.6588965717,54827568.0000000000,18
150,88,0.6600112664,54827568.0000000000,17
150,89,0.6592392518,54827568.0000000000,9
150,90,0.6593882779,54827568.0000000000,17
150,91,0.6584612180,54827568.0000000000,10
150,92,0.6577251409,54827568.0000000000,12
150,93,0.6597150966,54827568.0000000000,13
150,94,0.6589759515,54827568.0000000000,10
150,95,0.6601212284,54827568.0000000000,16
150,96,0.6578845908,54827568.0000000000,22
150,97,0.6578452447,54827568.0000000000,11
150,98,0.6587516172,54827568.0000000000,2
150,99,0.6584767433,54827568.0000000000,6
150,100,0.6598680849,54827568.0000000000,13
150,101,0.6583062671,54827568.0000000000,14
150,102,0.6571108234,54827568.0000000000,15
150,103,0.6601776992,54827568.0000000000,16
150,104,0.6581129581,54827568.0000000000,1
150,105,0.6574342829,54827568.0000000000,22
150,106,0.6588862336,54827568.0000000000,21
150,107,0.6584303182,54827568.0000000000,14
150,108,0.6611735182,54827568.0000000000,4
150,109,0.6589178902,54827568.0000000000,5
150,110,0.6578323405,54827568.0000000000,12
150,111,0.6595710271,54827568.0000000000,23
150,112,0.6569499790,54827568.0000000000,15
150,113,0.6579796936,54827568.0000000000,12
150,114,0.6589954197,54827568.0000000000,9
150,115,0.6586807372,54827568.0000000000,21
150,116,0.6595450534,54827568.0000000000,23
150,117,0.5701071841,47074864.0000000000,1
150,118,0.5708954841,47074864.0000000000,2
150,119,0.5708834148,47074864.0000000000,13
150,120,0.5693384797,47074864.0000000000,3
150,121,0.5702867555,47074864.0000000000,5
150,122,0.5694185070,47074864.0000000000,20
150,123,0.5707672538,47074864.0000000000,18
150,124,0.5708005931,47074864.0000000000,19
150,125,0.5691611191,47074864.0000000000,15
150,126,0.5697337714,47074864.0000000000,12
150,127,0.5694233709,47074864.0000000000,8
150,128,0.5710643910,47074864.0000000000,9
150,129,0.5704839091,47074864.0000000000,14
150,130,0.5703242111,47074864.0000000000,14
150,131,0.5715843686,47074864.0000000000,16
150,132,0.5710082966,47074864.0000000000,17
150,133,0.5709989926,47074864.0000000000,17
150,134,0.5705179795,47074864.0000000000,6
150,135,0.5693038370,47074864.0000000000,3
150,136,0.5690605292,47074864.0000000000,11
150,137,0.5700646175,47074864.0000000000,1
150,138,0.5714473430,47074864.0000000000,4
150,139,0.5709268226,47074864.0000000000,13
150,140,0.5717047395,47074864.0000000000,16
150,141,0.5702030545,47074864.0000000000,5
150,142,0.5692964918,47074864.0000000000,15
150,143,0.5696367977,47074864.0000000000,12
150,144,0.5706376676,47074864.0000000000,0
150,145,0.5707534386,47074864.0000000000,2
150,146,0.5696105753,47074864.0000000000,7
150,147,0.5703500585,47074864.0000000000,6
150,148,0.5695188823,47074864.0000000000,10
150,149,0.5703066726,47074864.0000000000,0
150,150,0.5693932053,47074864.0000000000,7
150,151,0.5692503133,47074864.0000000000,8
150,152,0.5713251552,47074864.0000000000,4
200,0,0.2393832560,331739536.0000000000,11
200,1,0.2417232490,331716704.0000000000,9
200,2,0.2438183970,331676688.0000000000,10
200,3,0.2442947170,331814000.0000000000,13
200,4,0.2451429950,332013440.0000000000,14
200,5,0.2449156040,332233120.0000000000,12
200,6,0.2443384660,332430576.0000000000,15
200,7,0.2421234280,332389360.0000000000,16
200,8,0.2395226290,332144528.0000000000,17
200,9,0.3170693660,436429280.0000000000,18
200,10,0.3166696530,436506320.0000000000,20
200,11,0.3168515940,436511712.0000000000,19
200,12,0.3168538400,436512320.0000000000,17
200,13,0.3166834210,436510128.0000000000,14
200,14,0.3169061140,436512400.0000000000,23
200,15,0.3166874000,436509952.0000000000,21
200,16,0.3167502950,436514096.0000000000,2
200,17,0.3171096620,436429296.0000000000,7
200,18,0.3169590210,436439456.0000000000,18
200,19,0.3165286300,436511808.0000000000,12
200,20,0.3166717880,436513104.0000000000,13
200,21,0.3165266330,436506912.0000000000,0
200,22,0.3164706040,436509728.0000000000,8
200,23,0.3166369540,436510192.0000000000,1
200,24,0.3166919960,436508224.0000000000,5
200,25,0.3176281630,436507664.0000000000,4
200,26,0.3166621620,436440432.0000000000,1
200,27,0.3170233760,436441968.0000000000,7
200,28,0.3177303710,436509296.0000000000,4
200,29,0.3165449010,436508032.0000000000,5
200,30,0.3168642840,436511280.0000000000,9
200,31,0.3169221680,436506048.0000000000,19
200,32,0.3166836260,436515920.0000000000,3
200,33,0.3164803300,436507584.0000000000,8
200,34,0.3163996880,436511664.0000000000,6
200,35,0.3165884790,436442960.0000000000,20
200,36,0.3171638940,436408752.0000000000,15
200,37,0.3176509340,436509680.0000000000,10
200,38,0.3166702800,436511664.0000000000,11
200,39,0.3175988580,436520720.0000000000,16
200,40,0.3166433050,436499552.0000000000,22
200,41,0.3166266400,436506784.0000000000,6
200,42,0.3168599850,436518384.0000000000,2
200,43,0.3167970140,436507200.0000000000,3
200,44,0.3166552010,436405040.0000000000,0
200,45,0.0815497700,132118624.0000000000,23
200,46,0.0815862820,132146576.0000000000,22
200,47,0.0814706180,132140016.0000000000,21
200,48,0.0816524190,132141680.0000000000,23
200,49,0.0815123180,132149744.0000000000,21
200,50,0.0815176890,132145312.0000000000,21
200,51,0.0816135440,132141056.0000000000,23
200,52,0.0814625230,132142944.0000000000,22
200,53,0.0814437290,132121328.0000000000,22
200,54,0.0201982390,54827568.0000000000,17
200,55,0.0201466380,54827568.0000000000,15
200,56,0.0202237990,54827568.0000000000,16
200,57,0.0201586230,54827568.0000000000,14
200,58,0.0201006800,54827568.0000000000,10
200,59,0.0202348500,54827568.0000000000,13
200,60,0.0201474030,54827568.0000000000,21
200,61,0.0201135010,54827568.0000000000,9
200,62,0.0201008790,54827568.0000000000,12
200,63,0.0202095720,54827568.0000000000,13
200,64,0.0202317370,54827568.0000000000,23
200,65,0.0201347810,54827568.0000000000,3
200,66,0.0201379400,54827568.0000000000,10
200,67,0.0201150280,54827568.0000000000,14
200,68,0.0201783740,54827568.0000000000,23
200,69,0.0201327150,54827568.0000000000,22
200,70,0.0201629630,54827568.0000000000,21
200,71,0.0200472560,54827568.0000000000,11
200,72,0.0200941450,54827568.0000000000,11
200,73,0.0201522180,54827568.0000000000,19
200,74,0.0200703620,54827568.0000000000,15
200,75,0.0201012040,54827568.0000000000,22
200,76,0.0201968830,54827568.0000000000,9
200,77,0.0201664810,54827568.0000000000,20
200,78,0.0202283150,54827568.0000000000,9
200,79,0.0202265570,54827568.0000000000,0
200,80,0.0201073910,54827568.0000000000,11
200,81,0.0200741670,54827568.0000000000,8
200,82,0.0201357350,54827568.0000000000,10
200,83,0.0202068850,54827568.0000000000,16
200,84,0.0200909900,54827568.0000000000,11
200,85,0.0201670480,54827568.0000000000,17
200,86,0.0201149330,54827568.0000000000,7
200,87,0.0201923370,54827568.0000000000,18
200,88,0.0201664260,54827568.0000000000,17
200,89,0.0201529990,54827568.0000000000,9
200,90,0.0201239870,54827568.0000000000,17
200,91,0.0201391840,54827568.0000000000,10
200,92,0.0200649510,54827568.0000000000,12
200,93,0.0201630190,54827568.0000000000,13
200,94,0.0201548340,54827568.0000000000,10
200,95,0.0201911340,54827568.0000000000,16
200,96,0.0201372970,54827568.0000000000,22
200,97,0.0200594410,54827568.0000000000,11
200,98,0.0201365050,54827568.0000000000,2
200,99,0.0201017470,54827568.0000000000,6
200,100,0.0202036780,54827568.0000000000,13
200,101,0.0201179740,54827568.0000000000,14
200,102,0.0200946570,54827568.0000000000,15
200,103,0.0201954050,54827568.0000000000,16
200,104,0.0201913880,54827568.0000000000,1
200,105,0.0201271040,54827568.0000000000,22
200,106,0.0201499390,54827568.0000000000,21
200,107,0.0200971930,54827568.0000000000,14
200,108,0.0202700330,54827568.0000000000,4
200,109,0.0202030640,54827568.0000000000,5
200,110,0.0200944390,54827568.0000000000,12
200,111,0.0202180620,54827568.0000000000,23
200,112,0.0201295450,54827568.0000000000,15
200,113,0.0201521390,54827568.0000000000,12
200,114,0.0201590520,54827568.0000000000,9
200,115,0.0201863780,54827568.0000000000,21
200,116,0.0202065900,54827568.0000000000,23
200,117,0.0174747920,47074864.0000000000,1
200,118,0.0174820460,47074864.0000000000,2
200,119,0.0174935380,47074864.0000000000,13
200,120,0.0174147860,47074864.0000000000,3
200,121,0.0174676200,47074864.0000000000,5
200,122,0.0174474050,47074864.0000000000,20
200,123,0.0175095400,47074864.0000000000,18
200,124,0.0174797810,47074864.0000000000,19
200,125,0.0174592620,47074864.0000000000,15
200,126,0.0174428680,47074864.0000000000,12
200,127,0.0174413890,47074864.0000000000,8
200,128,0.0174966560,47074864.0000000000,9
200,129,0.0174552040,47074864.0000000000,14
200,130,0.0174731500,47074864.0000000000,14
200,131,0.0175320350,47074864.0000000000,16
200,132,0.0174823770,47074864.0000000000,17
200,133,0.0174994190,47074864.0000000000,17
200,134,0.0174345540,47074864.0000000000,6
200,135,0.0174507740,47074864.0000000000,3
200,136,0.0174173830,47074864.0000000000,11
200,137,0.0174601830,47074864.0000000000,1
200,138,0.0175046100,47074864.0000000000,4
200,139,0.0174763670,47074864.0000000000,13
200,140,0.0174803130,47074864.0000000000,16
200,141,0.0174354980,47074864.0000000000,5
200,142,0.0174326610,47074864.0000000000,15
200,143,0.0174471490,47074864.0000000000,12
200,144,0.0174894500,47074864.0000000000,0
200,145,0.0174467070,47074864.0000000000,2
200,146,0.0174425900,47074864.0000000000,7
200,147,0.0174456970,47074864.0000000000,6
200,148,0.0174159520,47074864.0000000000,10
200,149,0.0174659840,47074864.0000000000,0
200,150,0.0174190060,47074864.0000000000,7
200,151,0.0174303590,47074864.0000000000,8
200,152,0.0175396870,47074864.0000000000,4
250,0,7.7129580931,331491344.0000000000,11
250,1,7.8038647900,331387984.0000000000,9
250,2,7.8833336420,331374096.0000000000,10
250,3,7.9095016185,331673312.0000000000,13
250,4,7.9334601844,332003216.0000000000,14
250,5,7.9431137127,332358224.0000000000,12
250,6,7.9112627674,332753920.0000000000,15
250,7,7.8303242036,332798608.0000000000,16
250,8,7.7305281430,332352736.0000000000,17
250,9,10.1990263402,436414512.0000000000,18
250,10,10.1975266172,436507776.0000000000,20
250,11,10.1938389844,436510688.0000000000,19
250,12,10.1948791828,436511584.0000000000,17
250,13,10.1900503877,436511456.0000000000,14
250,14,10.2001637722,436506928.0000000000,23
250,15,10.1881760639,436517792.0000000000,21
250,16,10.1933117394,436508624.0000000000,2
250,17,10.2031611985,436415424.0000000000,7
250,18,10.1919774229,436432080.0000000000,18
250,19,10.1973538237,436513072.0000000000,12
250,20,10.1888164430,436512256.0000000000,13
250,21,10.1859554294,436510336.0000000000,0
250,22,10.1907011601,436508016.0000000000,8
250,23,10.1886003200,436510880.0000000000,1
250,24,10.1900698461,436506800.0000000000,5
250,25,10.2108788892,436509488.0000000000,4
250,26,10.1862897638,436434368.0000000000,1
250,27,10.2010619795,436432848.0000000000,7
250,28,10.2075632062,436509680.0000000000,4
250,29,10.1879074105,436506096.0000000000,5
250,30,10.1973306286,436510288.0000000000,9
250,31,10.1909207030,436509904.0000000000,19
250,32,10.1864821916,436517872.0000000000,3
250,33,10.1884965058,436508800.0000000000,8
250,34,10.1844032960,436509536.0000000000,6
250,35,10.1871020530,436431952.0000000000,20
250,36,10.2029632152,436386448.0000000000,15
250,37,10.2225519756,436507984.0000000000,10
250,38,10.1907329130,436511168.0000000000,11
250,39,10.2184208865,436521168.0000000000,16
250,40,10.1932009460,436497792.0000000000,22
250,41,10.1897118943,436506832.0000000000,6
250,42,10.1962446256,436520448.0000000000,2
250,43,10.1929128990,436508112.0000000000,3
250,44,10.1892054814,436382496.0000000000,0
250,45,2.6330773273,132115584.0000000000,23
250,46,2.6293267585,132147664.0000000000,22
250,47,2.6295669911,132139456.0000000000,21
250,48,2.6333775386,132143904.0000000000,23
250,49,2.6301127581,132150272.0000000000,21
250,50,2.6305222306,132143952.0000000000,21
250,51,2.6336273166,132139856.0000000000,23
250,52,2.6288717017,132143088.0000000000,22
250,53,2.6282641406,132114752.0000000000,22
250,54,0.6595630700,54827568.0000000000,17
250,55,0.6571699956,54827568.0000000000,15
250,56,0.6598349777,54827568.0000000000,16
250,57,0.6586861637,54827568.0000000000,14
250,58,0.6585129961,54827568.0000000000,10
250,59,0.6593983230,54827568.0000000000,13
250,60,0.6591527215,54827568.0000000000,21
250,61,0.6592448609,54827568.0000000000,9
250,62,0.6579396790,54827568.0000000000,12
250,63,0.6597382967,54827568.0000000000,13
250,64,0.6595647349,54827568.0000000000,23
250,65,0.6581883664,54827568.0000000000,3
250,66,0.6585040909,54827568.0000000000,10
250,67,0.6584663037,54827568.0000000000,14
250,68,0.6595576217,54827568.0000000000,23
250,69,0.6575814091,54827568.0000000000,22
250,70,0.6584651139,54827568.0000000000,21
250,71,0.6574086177,54827568.0000000000,11
250,72,0.6574277698,54827568.0000000000,11
250,73,0.6587719393,54827568.0000000000,19
250,74,0.6567984917,54827568.0000000000,15
250,75,0.6575682234,54827568.0000000000,22
250,76,0.6592367510,54827568.0000000000,9
250,77,0.6576086425,54827568.0000000000,20
250,78,0.6594045509,54827568.0000000000,9
250,79,0.6589316372,54827568.0000000000,0
250,80,0.6573510809,54827568.0000000000,11
250,81,0.6572258439,54827568.0000000000,8
250,82,0.6584276244,54827568.0000000000,10
250,83,0.6600589949,54827568.0000000000,16
250,84,0.6573962159,54827568.0000000000,11
250,85,0.6596452902,54827568.0000000000,17
250,86,0.6572434030,54827568.0000000000,7
250,87,0.6591449588,54827568.0000000000,18
250,88,0.6597760410,54827568.0000000000,17
250,89,0.6592445323,54827568.0000000000,9
250,90,0.6595153826,54827568.0000000000,17
250,91,0.6583451215,54827568.0000000000,10
250,92,0.6578371922,54827568.0000000000,12
250,93,0.6597873855,54827568.0000000000,13
250,94,0.6587797494,54827568.0000000000,10
250,95,0.6597703030,54827568.0000000000,16
250,96,0.6577381414,54827568.0000000000,22
250,97,0.6573921115,54827568.0000000000,11
250,98,0.6591021150,54827568.0000000000,2
250,99,0.6583896657,54827568.0000000000,6
250,100,0.6596068890,54827568.0000000000,13
250,101,0.6583262309,54827568.0000000000,14
250,102,0.6572274811,54827568.0000000000,15
250,103,0.6598590643,54827568.0000000000,16
250,104,0.6582276912,54827568.0000000000,1
250,105,0.6575814767,54827568.0000000000,22
250,106,0.6587499350,54827568.0000000000,21
250,107,0.6582869361,54827568.0000000000,14
250,108,0.6615551483,54827568.0000000000,4
250,109,0.6588322477,54827568.0000000000,5
250,110,0.6579298685,54827568.0000000000,12
250,111,0.6595551367,54827568.0000000000,23
250,112,0.6572186410,54827568.0000000000,15
250,113,0.6579624225,54827568.0000000000,12
250,114,0.6590318100,54827568.0000000000,9
250,115,0.6588885521,54827568.0000000000,21
250,116,0.6593864079,54827568.0000000000,23
250,117,0.5702300873,47074864.0000000000,1
250,118,0.5709652095,47074864.0000000000,2
250,119,0.5709736146,47074864.0000000000,13
250,120,0.5693665451,47074864.0000000000,3
250,121,0.5701980745,47074864.0000000000,5
250,122,0.5696397810,47074864.0000000000,20
250,123,0.5708468535,47074864.0000000000,18
250,124,0.5709995161,47074864.0000000000,19
250,125,0.5691200379,47074864.0000000000,15
250,126,0.5700061453,47074864.0000000000,12
250,127,0.5696730964,47074864.0000000000,8
250,128,0.5709575745,47074864.0000000000,9
250,129,0.5703640608,47074864.0000000000,14
250,130,0.5703489109,47074864.0000000000,14
250,131,0.5715505579,47074864.0000000000,16
250,132,0.5708241814,47074864.0000000000,17
250,133,0.5710993474,47074864.0000000000,17
250,134,0.5704409294,47074864.0000000000,6
250,135,0.5694379168,47074864.0000000000,3
250,136,0.5689855630,47074864.0000000000,11
250,137,0.5699980384,47074864.0000000000,1
250,138,0.5716998409,47074864.0000000000,4
250,139,0.5706885057,47074864.0000000000,13
250,140,0.5712785066,47074864.0000000000,16
250,141,0.5701144058,47074864.0000000000,5
250,142,0.5692520384,47074864.0000000000,15
250,143,0.5714758235,47074864.0000000000,12
250,144,0.5706117632,47074864.0000000000,0
250,145,0.5709366719,47074864.0000000000,2
250,146,0.5696042167,47074864.0000000000,7
250,147,0.5704595018,47074864.0000000000,6
250,148,0.5694735692,47074864.0000000000,10
250,149,0.5701948059,47074864.0000000000,0
250,150,0.5695059636,47074864.0000000000,7
250,151,0.5693085430,47074864.0000000000,8
250,152,0.5715716437,47074864.0000000000,4
300,0,0.2407795210,331096080.0000000000,11
300,1,0.2448012910,330865648.0000000000,9
300,2,0.2476876050,330957696.0000000000,10
300,3,0.2485871380,331503136.0000000000,13
300,4,0.2496735550,331977120.0000000000,14
300,5,0.2500399480,332464176.0000000000,12
300,6,0.2499243220,333178848.0000000000,15
300,7,0.2465979810,333386160.0000000000,16
300,8,0.2414927750,332669248.0000000000,17
300,9,0.3166115890,436400960.0000000000,18
300,10,0.3167555150,436509120.0000000000,20
300,11,0.3168173540,436505520.0000000000,19
300,12,0.3168340580,436511152.0000000000,17
300,13,0.3166465050,436513392.0000000000,14
300,14,0.3169616320,436507216.0000000000,23
300,15,0.3166457100,436515616.0000000000,21
300,16,0.3166009290,436513408.0000000000,2
300,17,0.3171429070,436401616.0000000000,7
300,18,0.3166991750,436424432.0000000000,18
300,19,0.3167779610,436509008.0000000000,12
300,20,0.3166012380,436513328.0000000000,13
300,21,0.3167227920,436510560.0000000000,0
300,22,0.3170154910,436509008.0000000000,8
300,23,0.3166277810,436511296.0000000000,1
300,24,0.3165687970,436506864.0000000000,5
300,25,0.3171202010,436506896.0000000000,4
300,26,0.3167682180,436423328.0000000000,1
300,27,0.3169764680,436427376.0000000000,7
300,28,0.3174185920,436510624.0000000000,4
300,29,0.3165192740,436510960.0000000000,5
300,30,0.3168369860,436507536.0000000000,9
300,31,0.3168325230,436509280.0000000000,19
300,32,0.3165574830,436509936.0000000000,3
300,33,0.3168688470,436511856.0000000000,8
300,34,0.3164245290,436512560.0000000000,6
300,35,0.3164904320,436426320.0000000000,20
300,36,0.3170548010,436363072.0000000000,15
300,37,0.3176195880,436504048.0000000000,10
300,38,0.3167818800,436514864.0000000000,11
300,39,0.3174831810,436520992.0000000000,16
300,40,0.3167723860,436502000.0000000000,22
300,41,0.3166313200,436500576.0000000000,6
300,42,0.3167498710,436518288.0000000000,2
300,43,0.3167431100,436512352.0000000000,3
300,44,0.3166782360,436353728.0000000000,0
300,45,0.0815182270,132109888.0000000000,23
300,46,0.0814573490,132147248.0000000000,22
300,47,0.0814689530,132137904.0000000000,21
300,48,0.0815662190,132140368.0000000000,23
300,49,0.0814083640,132151664.0000000000,21
300,50,0.0814876270,132145184.0000000000,21
300,51,0.0815323830,132145008.0000000000,23
300,52,0.0814977460,132140944.0000000000,22
300,53,0.0814414590,132110208.0000000000,22
300,54,0.0201988400,54827568.0000000000,17
300,55,0.0201309280,54827568.0000000000,15
300,56,0.0201980780,54827568.0000000000,16
300,57,0.0201552360,54827568.0000000000,14
300,58,0.0201752170,54827568.0000000000,10
300,59,0.0201882600,54827568.0000000000,13
300,60,0.0201638000,54827568.0000000000,21
300,61,0.0202372950,54827568.0000000000,9
300,62,0.0201314880,54827568.0000000000,12
300,63,0.0201912260,54827568.0000000000,13
300,64,0.0201813430,54827568.0000000000,23
300,65,0.0201707590,54827568.0000000000,3
300,66,0.0201419150,54827568.0000000000,10
300,67,0.0200709810,54827568.0000000000,14
300,68,0.0201549020,54827568.0000000000,23
300,69,0.0201836500,54827568.0000000000,22
300,70,0.0201732290,54827568.0000000000,21
300,71,0.0201265530,54827568.0000000000,11
300,72,0.0201234580,54827568.0000000000,11
300,73,0.0202029670,54827568.0000000000,19
300,74,0.0201344750,54827568.0000000000,15
300,75,0.0200949770,54827568.0000000000,22
300,76,0.0201583330,54827568.0000000000,9
300,77,0.0200713070,54827568.0000000000,20
300,78,0.0201523740,54827568.0000000000,9
300,79,0.0200746520,54827568.0000000000,0
300,80,0.0200961040,54827568.0000000000,11
300,81,0.0202211550,54827568.0000000000,8
300,82,0.0201701580,54827568.0000000000,10
300,83,0.0201620510,54827568.0000000000,16
300,84,0.0200966440,54827568.0000000000,11
300,85,0.0201832000,54827568.0000000000,17
300,86,0.0201075520,54827568.0000000000,7
300,87,0.0201669980,54827568.0000000000,18
300,88,0.0201995720,54827568.0000000000,17
300,89,0.0201883830,54827568.0000000000,9
300,90,0.0201766380,54827568.0000000000,17
300,91,0.0201684250,54827568.0000000000,10
300,92,0.0201288550,54827568.0000000000,12
300,93,0.0201481510,54827568.0000000000,13
300,94,0.0201396390,54827568.0000000000,10
300,95,0.0201637430,54827568.0000000000,16
300,96,0.0201784180,54827568.0000000000,22
300,97,0.0201135870,54827568.0000000000,11
300,98,0.0201377550,54827568.0000000000,2
300,99,0.0201129430,54827568.0000000000,6
300,100,0.0201660640,54827568.0000000000,13
300,101,0.0201336940,54827568.0000000000,14
300,102,0.0201307070,54827568.0000000000,15
300,103,0.0202425650,54827568.0000000000,16
300,104,0.0201659790,54827568.0000000000,1
300,105,0.0200943140,54827568.0000000000,22
300,106,0.0201464070,54827568.0000000000,21
300,107,0.0201694930,54827568.0000000000,14
300,108,0.0202790340,54827568.0000000000,4
300,109,0.0201593530,54827568.0000000000,5
300,110,0.0201865540,54827568.0000000000,12
300,111,0.0201769350,54827568.0000000000,23
300,112,0.0200435780,54827568.0000000000,15
300,113,0.0201379720,54827568.0000000000,12
300,114,0.0201408900,54827568.0000000000,9
300,115,0.0201608340,54827568.0000000000,21
300,116,0.0202077160,54827568.0000000000,23
300,117,0.0174415760,47074864.0000000000,1
300,118,0.0174703820,47074864.0000000000,2
300,119,0.0174366770,47074864.0000000000,13
300,120,0.0173976520,47074864.0000000000,3
300,121,0.0174613900,47074864.0000000000,5
300,122,0.0174284810,47074864.0000000000,20
300,123,0.0174160870,47074864.0000000000,18
300,124,0.0174708030,47074864.0000000000,19
300,125,0.0174106450,47074864.0000000000,15
300,126,0.0174461150,47074864.0000000000,12
300,127,0.0174369460,47074864.0000000000,8
300,128,0.0174777050,47074864.0000000000,9
300,129,0.0174534090,47074864.0000000000,14
300,130,0.0174820460,47074864.0000000000,14
300,131,0.0174865340,47074864.0000000000,16
300,132,0.0174207050,47074864.0000000000,17
300,133,0.0174431010,47074864.0000000000,17
300,134,0.0174753280,47074864.0000000000,6
300,135,0.0174232610,47074864.0000000000,3
300,136,0.0174206230,47074864.0000000000,11
300,137,0.0174630580,47074864.0000000000,1
300,138,0.0175020590,47074864.0000000000,4
300,139,0.0174736850,47074864.0000000000,13
300,140,0.0174815560,47074864.0000000000,16
300,141,0.0174316010,47074864.0000000000,5
300,142,0.0174300830,47074864.0000000000,15
300,143,0.0174509140,47074864.0000000000,12
300,144,0.0174676090,47074864.0000000000,0
300,145,0.0174762920,47074864.0000000000,2
300,146,0.0174235360,47074864.0000000000,7
300,147,0.0174987030,47074864.0000000000,6
300,148,0.0174515350,47074864.0000000000,10
300,149,0.0174356460,47074864.0000000000,0
300,150,0.0174441660,47074864.0000000000,7
300,151,0.0174385180,47074864.0000000000,8
300,152,0.0174833340,47074864.0000000000,4
350,0,7.7618864246,330606480.0000000000,11
350,1,7.9056880641,330229936.0000000000,9
350,2,8.0102705828,330489392.0000000000,10
350,3,8.0429911858,331344912.0000000000,13
350,4,8.0850707965,331944192.0000000000,14
350,5,8.0980640051,332560384.0000000000,12
350,6,8.0946912564,333645328.0000000000,15
350,7,7.9764987691,334184384.0000000000,16
350,8,7.8010197248,333108848.0000000000,17
350,9,10.1958604728,436386288.0000000000,18
350,10,10.1929337362,436509184.0000000000,20
350,11,10.1970423709,436506336.0000000000,19
350,12,10.1948859776,436514832.0000000000,17
350,13,10.1907120700,436506624.0000000000,14
350,14,10.2004972011,436504752.0000000000,23
350,15,10.1886516551,436516672.0000000000,21
350,16,10.1959376683,436510976.0000000000,2
350,17,10.2024683204,436388800.0000000000,7
350,18,10.1897727063,436421104.0000000000,18
350,19,10.1923946920,436510560.0000000000,12
350,20,10.1878547282,436510416.0000000000,13
350,21,10.1861215189,436510816.0000000000,0
350,22,10.2010678577,436512384.0000000000,8
350,23,10.1888996317,436505792.0000000000,1
350,24,10.1880334865,436508736.0000000000,5
350,25,10.2081493507,436514720.0000000000,4
350,26,10.1851660173,436414848.0000000000,1
350,27,10.1999745841,436419792.0000000000,7
350,28,10.2012984263,436508768.0000000000,4
350,29,10.1877958683,436512592.0000000000,5
350,30,10.1971552363,436507872.0000000000,9
350,31,10.1914079692,436510736.0000000000,19
350,32,10.1860587253,436506608.0000000000,3
350,33,10.2014761905,436513696.0000000000,8
350,34,10.1854737434,436508624.0000000000,6
350,35,10.1855084295,436424528.0000000000,20
350,36,10.2017573108,436340064.0000000000,15
350,37,10.2226900482,436510912.0000000000,10
350,38,10.1903853538,436514528.0000000000,11
350,39,10.2180111519,436523568.0000000000,16
350,40,10.1943159391,436500176.0000000000,22
350,41,10.1904074874,436506176.0000000000,6
350,42,10.1973835833,436517856.0000000000,2
350,43,10.1918243565,436510048.0000000000,3
350,44,10.1879140532,436333520.0000000000,0
350,45,2.6337113367,132104432.0000000000,23
350,46,2.6296692336,132144448.0000000000,22
350,47,2.6299339925,132137712.0000000000,21
350,48,2.6332618973,132137120.0000000000,23
350,49,2.6309858750,132149632.0000000000,21
350,50,2.6306835259,132144528.0000000000,21
350,51,2.6329223761,132144960.0000000000,23
350,52,2.6291633982,132140944.0000000000,22
350,53,2.6288292478,132103968.0000000000,22
350,54,0.6595147465,54827568.0000000000,17
350,55,0.6569690426,54827568.0000000000,15
350,56,0.6601158998,54827568.0000000000,16
350,57,0.6585556997,54827568.0000000000,14
350,58,0.6582499421,54827568.0000000000,10
350,59,0.6593116525,54827568.0000000000,13
350,60,0.6587719677,54827568.0000000000,21
350,61,0.6591871910,54827568.0000000000,9
350,62,0.6583962261,54827568.0000000000,12
350,63,0.6595536808,54827568.0000000000,13
350,64,0.6594092722,54827568.0000000000,23
350,65,0.6581756872,54827568.0000000000,3
350,66,0.6586397738,54827568.0000000000,10
350,67,0.6585673790,54827568.0000000000,14
350,68,0.6595675996,54827568.0000000000,23
350,69,0.6577983701,54827568.0000000000,22
350,70,0.6586227936,54827568.0000000000,21
350,71,0.6574493840,54827568.0000000000,11
350,72,0.6573771966,54827568.0000000000,11
350,73,0.6588695162,54827568.0000000000,19
350,74,0.6568024203,54827568.0000000000,15
350,75,0.6575565782,54827568.0000000000,22
350,76,0.6591638619,54827568.0000000000,9
350,77,0.6573259565,54827568.0000000000,20
350,78,0.6589397171,54827568.0000000000,9
350,79,0.6588739903,54827568.0000000000,0
350,80,0.6571862478,54827568.0000000000,11
350,81,0.6575738941,54827568.0000000000,8
350,82,0.6584818730,54827568.0000000000,10
350,83,0.6599315995,54827568.0000000000,16
350,84,0.6574219853,54827568.0000000000,11
350,85,0.6595440964,54827568.0000000000,17
350,86,0.6575196735,54827568.0000000000,7
350,87,0.6591530304,54827568.0000000000,18
350,88,0.6593884823,54827568.0000000000,17
350,89,0.6592400980,54827568.0000000000,9
350,90,0.6599829171,54827568.0000000000,17
350,91,0.6583400055,54827568.0000000000,10
350,92,0.6577501422,54827568.0000000000,12
350,93,0.6597021366,54827568.0000000000,13
350,94,0.6586309695,54827568.0000000000,10
350,95,0.6597698538,54827568.0000000000,16
350,96,0.6577742061,54827568.0000000000,22
350,97,0.6576539162,54827568.0000000000,11
350,98,0.6592787549,54827568.0000000000,2
350,99,0.6582310804,54827568.0000000000,6
350,100,0.6595674494,54827568.0000000000,13
350,101,0.6586606336,54827568.0000000000,14
350,102,0.6569197227,54827568.0000000000,15
350,103,0.6599292150,54827568.0000000000,16
350,104,0.6581311740,54827568.0000000000,1
350,105,0.6574791906,54827568.0000000000,22
350,106,0.6585093735,54827568.0000000000,21
350,107,0.6583582629,54827568.0000000000,14
350,108,0.6614292625,54827568.0000000000,4
350,109,0.6585514028,54827568.0000000000,5
350,110,0.6577495406,54827568.0000000000,12
350,111,0.6597929305,54827568.0000000000,23
350,112,0.6570535410,54827568.0000000000,15
350,113,0.6578591172,54827568.0000000000,12
350,114,0.6590711657,54827568.0000000000,9
350,115,0.6587500130,54827568.0000000000,21
350,116,0.6594474621,54827568.0000000000,23
350,117,0.5701828572,47074864.0000000000,1
350,118,0.5711741005,47074864.0000000000,2
350,119,0.5709642152,47074864.0000000000,13
350,120,0.5693299924,47074864.0000000000,3
350,121,0.5701535147,47074864.0000000000,5
350,122,0.5695163064,47074864.0000000000,20
350,123,0.5707984618,47074864.0000000000,18
350,124,0.5709766519,47074864.0000000000,19
350,125,0.5691942006,47074864.0000000000,15
350,126,0.5698333999,47074864.0000000000,12
350,127,0.5700584711,47074864.0000000000,8
350,128,0.5710490904,47074864.0000000000,9
350,129,0.5704289751,47074864.0000000000,14
350,130,0.5701545263,47074864.0000000000,14
350,131,0.5713691844,47074864.0000000000,16
350,132,0.5710882198,47074864.0000000000,17
350,133,0.5707675141,47074864.0000000000,17
350,134,0.5703503279,47074864.0000000000,6
350,135,0.5693053331,47074864.0000000000,3
350,136,0.5692524211,47074864.0000000000,11
350,137,0.5700788567,47074864.0000000000,1
350,138,0.5716673427,47074864.0000000000,4
350,139,0.5706472283,47074864.0000000000,13
350,140,0.5715304612,47074864.0000000000,16
350,141,0.5701181313,47074864.0000000000,5
350,142,0.5691812972,47074864.0000000000,15
350,143,0.5697880443,47074864.0000000000,12
350,144,0.5705125276,47074864.0000000000,0
350,145,0.5712168698,47074864.0000000000,2
350,146,0.5695684923,47074864.0000000000,7
350,147,0.5703379890,47074864.0000000000,6
350,148,0.5694340088,47074864.0000000000,10
350,149,0.5702494692,47074864.0000000000,0
350,150,0.5694318006,47074864.0000000000,7
350,151,0.5695628116,47074864.0000000000,8
350,152,0.5715821570,47074864.0000000000,4
400,0,0.2415957190,329976816.0000000000,11
400,1,0.2470748940,329366752.0000000000,9
400,2,0.2508947450,329878288.0000000000,10
400,3,0.2526725440,331166928.0000000000,13
400,4,0.2542441640,331894128.0000000000,14
400,5,0.2546337400,332612544.0000000000,12
400,6,0.2553266760,334183824.0000000000,15
400,7,0.2513327290,335213328.0000000000,16
400,8,0.2446567640,333647120.0000000000,17
400,9,0.3170248640,436376144.0000000000,18
400,10,0.3165553860,436507872.0000000000,20
400,11,0.3165741520,436505808.0000000000,19
400,12,0.3168148480,436515984.0000000000,17
400,13,0.3167214470,436511184.0000000000,14
400,14,0.3170214890,436506512.0000000000,23
400,15,0.3166526650,436514368.0000000000,21
400,16,0.3168674410,436508368.0000000000,2
400,17,0.3168910330,436371696.0000000000,7
400,18,0.3169735050,436415120.0000000000,18
400,19,0.3165195450,436504336.0000000000,12
400,20,0.3165789290,436512048.0000000000,13
400,21,0.3164530420,436509216.0000000000,0
400,22,0.3177494790,436508176.0000000000,8
400,23,0.3166225100,436507360.0000000000,1
400,24,0.3166402210,436511200.0000000000,5
400,25,0.3171607950,436508176.0000000000,4
400,26,0.3164635530,436415600.0000000000,1
400,27,0.3169963980,436415520.0000000000,7
400,28,0.3175500480,436507488.0000000000,4
400,29,0.3166053340,436513872.0000000000,5
400,30,0.3168137520,436508688.0000000000,9
400,31,0.3165792710,436511488.0000000000,19
400,32,0.3165880130,436508800.0000000000,3
400,33,0.3177879410,436511040.0000000000,8
400,34,0.3164588400,436509456.0000000000,6
400,35,0.3162679500,436412736.0000000000,20
400,36,0.3168038570,436310512.0000000000,15
400,37,0.3176279960,436511136.0000000000,10
400,38,0.3166335450,436513808.0000000000,11
400,39,0.3175727840,436525824.0000000000,16
400,40,0.3166609410,436498672.0000000000,22
400,41,0.3167212560,436504432.0000000000,6
400,42,0.3168391270,436516800.0000000000,2
400,43,0.3168140420,436509472.0000000000,3
400,44,0.3165794560,436314768.0000000000,0
400,45,0.0814755010,132100784.0000000000,23
400,46,0.0813334250,132144976.0000000000,22
400,47,0.0814587390,132133888.0000000000,21
400,48,0.0816637860,132137616.0000000000,23
400,49,0.0814792470,132151280.0000000000,21
400,50,0.0814937790,132144784.0000000000,21
400,51,0.0816102810,132145168.0000000000,23
400,52,0.0814449240,132140944.0000000000,22
400,53,0.0814131730,132100304.0000000000,22
400,54,0.0201764240,54827568.0000000000,17
400,55,0.0201078700,54827568.0000000000,15
400,56,0.0201574870,54827568.0000000000,16
400,57,0.0201983570,54827568.0000000000,14
400,58,0.0201663210,54827568.0000000000,10
400,59,0.0202371010,54827568.0000000000,13
400,60,0.0201397350,54827568.0000000000,21
400,61,0.0201345900,54827568.0000000000,9
400,62,0.0201408450,54827568.0000000000,12
400,63,0.0201855220,54827568.0000000000,13
400,64,0.0201973150,54827568.0000000000,23
400,65,0.0201560750,54827568.0000000000,3
400,66,0.0201801180,54827568.0000000000,10
400,67,0.0201499100,54827568.0000000000,14
400,68,0.0202285160,54827568.0000000000,23
400,69,0.0200980150,54827568.0000000000,22
400,70,0.0201658370,54827568.0000000000,21
400,71,0.0201458020,54827568.0000000000,11
400,72,0.0201104040,54827568.0000000000,11
400,73,0.0201446430,54827568.0000000000,19
400,74,0.0201439810,54827568.0000000000,15
400,75,0.0201280620,54827568.0000000000,22
400,76,0.0201813720,54827568.0000000000,9
400,77,0.0201109400,54827568.0000000000,20
400,78,0.0201539380,54827568.0000000000,9
400,79,0.0201600150,54827568.0000000000,0
400,80,0.0201273660,54827568.0000000000,11
400,81,0.0201867610,54827568.0000000000,8
400,82,0.0201880650,54827568.0000000000,10
400,83,0.0201577570,54827568.0000000000,16
400,84,0.0201503620,54827568.0000000000,11
400,85,0.0202289470,54827568.0000000000,17
400,86,0.0201393210,54827568.0000000000,7
400,87,0.0201698710,54827568.0000000000,18
400,88,0.0201548140,54827568.0000000000,17
400,89,0.0201733970,54827568.0000000000,9
400,90,0.0202181240,54827568.0000000000,17
400,91,0.0201246410,54827568.0000000000,10
400,92,0.0201424570,54827568.0000000000,12
400,93,0.0201903310,54827568.0000000000,13
400,94,0.0202131330,54827568.0000000000,10
400,95,0.0202266220,54827568.0000000000,16
400,96,0.0201139470,54827568.0000000000,22
400,97,0.0201382070,54827568.0000000000,11
400,98,0.0201261480,54827568.0000000000,2
400,99,0.0201578570,54827568.0000000000,6
400,100,0.0202009390,54827568.0000000000,13
400,101,0.0201509120,54827568.0000000000,14
400,102,0.0201306940,54827568.0000000000,15
400,103,0.0201408150,54827568.0000000000,16
400,104,0.0202151520,54827568.0000000000,1
400,105,0.0200861220,54827568.0000000000,22
400,106,0.0201436330,54827568.0000000000,21
400,107,0.0201350530,54827568.0000000000,14
400,108,0.0203106710,54827568.0000000000,4
400,109,0.0201878840,54827568.0000000000,5
400,110,0.0200974890,54827568.0000000000,12
400,111,0.0201359090,54827568.0000000000,23
400,112,0.0201256930,54827568.0000000000,15
400,113,0.0201536500,54827568.0000000000,12
400,114,0.0201930940,54827568.0000000000,9
400,115,0.0201953030,54827568.0000000000,21
400,116,0.0201496620,54827568.0000000000,23
400,117,0.0174336470,47074864.0000000000,1
400,118,0.0174655790,47074864.0000000000,2
400,119,0.0174780630,47074864.0000000000,13
400,120,0.0174487160,47074864.0000000000,3
400,121,0.0174517400,47074864.0000000000,5
400,122,0.0174027740,47074864.0000000000,20
400,123,0.0174945170,47074864.0000000000,18
400,124,0.0175062290,47074864.0000000000,19
400,125,0.0174130480,47074864.0000000000,15
400,126,0.0174507500,47074864.0000000000,12
400,127,0.0174515870,47074864.0000000000,8
400,128,0.0174764050,47074864.0000000000,9
400,129,0.0174689260,47074864.0000000000,14
400,130,0.0174669010,47074864.0000000000,14
400,131,0.0174619240,47074864.0000000000,16
400,132,0.0174983450,47074864.0000000000,17
400,133,0.0174381270,47074864.0000000000,17
400,134,0.0174770480,47074864.0000000000,6
400,135,0.0174058060,47074864.0000000000,3
400,136,0.0174021520,47074864.0000000000,11
400,137,0.0173938930,47074864.0000000000,1
400,138,0.0174944610,47074864.0000000000,4
400,139,0.0174355220,47074864.0000000000,13
400,140,0.0174562920,47074864.0000000000,16
400,141,0.0174646760,47074864.0000000000,5
400,142,0.0174201710,47074864.0000000000,15
400,143,0.0174700070,47074864.0000000000,12
400,144,0.0174640970,47074864.0000000000,0
400,145,0.0174703990,47074864.0000000000,2
400,146,0.0174527120,47074864.0000000000,7
400,147,0.0174488530,47074864.0000000000,6
400,148,0.0174037040,47074864.0000000000,10
400,149,0.0174490880,47074864.0000000000,0
400,150,0.0174418110,47074864.0000000000,7
400,151,0.0174742890,47074864.0000000000,8
400,152,0.0175080960,47074864.0000000000,4
450,0,7.7837077099,329329200.0000000000,11
450,1,7.9600307331,328420144.0000000000,9
450,2,8.0995431177,329198240.0000000000,10
450,3,8.1650112589,331024128.0000000000,13
450,4,8.2177755458,331835488.0000000000,14
450,5,8.2284485479,332624752.0000000000,12
450,6,8.2584536436,334816400.0000000000,15
450,7,8.1301795571,336468064.0000000000,16
450,8,7.8966274711,334233216.0000000000,17
450,9,10.1995092448,436363616.0000000000,18
450,10,10.1892335288,436511360.0000000000,20
450,11,10.2010002834,436502304.0000000000,19
450,12,10.1949961229,436514832.0000000000,17
450,13,10.1924616271,436508432.0000000000,14
450,14,10.2000042502,436509456.0000000000,23
450,15,10.1878967158,436511712.0000000000,21
450,16,10.1929342593,436514464.0000000000,2
450,17,10.2012442645,436362464.0000000000,7
450,18,10.1931698466,436413120.0000000000,18
450,19,10.1888551691,436509008.0000000000,12
450,20,10.1889007403,436512672.0000000000,13
450,21,10.1856491619,436509728.0000000000,0
450,22,10.2060335343,436511632.0000000000,8
450,23,10.1885189811,436504656.0000000000,1
450,24,10.1889143166,436509920.0000000000,5
450,25,10.2140724927,436505152.0000000000,4
450,26,10.1859599112,436412000.0000000000,1
450,27,10.1993440431,436413952.0000000000,7
450,28,10.2097601332,436510800.0000000000,4
450,29,10.1881825092,436509248.0000000000,5
450,30,10.1968103790,436511712.0000000000,9
450,31,10.1970982657,436509728.0000000000,19
450,32,10.1867884257,436512592.0000000000,3
450,33,10.2012656970,436508288.0000000000,8
450,34,10.1837660405,436509856.0000000000,6
450,35,10.1832202990,436408144.0000000000,20
450,36,10.1998372688,436284400.0000000000,15
450,37,10.2209806860,436509680.0000000000,10
450,38,10.1907557017,436520208.0000000000,11
450,39,10.2173013738,436521648.0000000000,16
450,40,10.1937384964,436499264.0000000000,22
450,41,10.1900947382,436500320.0000000000,6
450,42,10.1953045772,436521440.0000000000,2
450,43,10.1925377964,436507664.0000000000,3
450,44,10.1875391505,436293632.0000000000,0
450,45,2.6325375093,132095392.0000000000,23
450,46,2.6296429268,132145856.0000000000,22
450,47,2.6301301022,132130576.0000000000,21
450,48,2.6333496025,132137552.0000000000,23
450,49,2.6304383409,132151232.0000000000,21
450,50,2.6298478253,132146800.0000000000,21
450,51,2.6333096158,132144992.0000000000,23
450,52,2.6290260184,132139728.0000000000,22
450,53,2.6287485367,132096384.0000000000,22
450,54,0.6593076713,54827568.0000000000,17
450,55,0.6566331002,54827568.0000000000,15
450,56,0.6596691439,54827568.0000000000,16
450,57,0.6591031909,54827568.0000000000,14
450,58,0.6586520717,54827568.0000000000,10
450,59,0.6597623942,54827568.0000000000,13
450,60,0.6586850248,54827568.0000000000,21
450,61,0.6591369520,54827568.0000000000,9
450,62,0.6577627979,54827568.0000000000,12
450,63,0.6596369896,54827568.0000000000,13
450,64,0.6594575094,54827568.0000000000,23
450,65,0.6583290903,54827568.0000000000,3
450,66,0.6586058397,54827568.0000000000,10
450,67,0.6588627592,54827568.0000000000,14
450,68,0.6596539826,54827568.0000000000,23
450,69,0.6577569662,54827568.0000000000,22
450,70,0.6585732576,54827568.0000000000,21
450,71,0.6574020383,54827568.0000000000,11
450,72,0.6576173767,54827568.0000000000,11
450,73,0.6588183009,54827568.0000000000,19
450,74,0.6574772362,54827568.0000000000,15
450,75,0.6575552036,54827568.0000000000,22
450,76,0.6589453651,54827568.0000000000,9
450,77,0.6568850628,54827568.0000000000,20
450,78,0.6592674411,54827568.0000000000,9
450,79,0.6587986549,54827568.0000000000,0
450,80,0.6570762847,54827568.0000000000,11
450,81,0.6578075793,54827568.0000000000,8
450,82,0.6584695217,54827568.0000000000,10
450,83,0.6597811133,54827568.0000000000,16
450,84,0.6571898721,54827568.0000000000,11
450,85,0.6594779536,54827568.0000000000,17
450,86,0.6572773304,54827568.0000000000,7
450,87,0.6588458941,54827568.0000000000,18
450,88,0.6594054339,54827568.0000000000,17
450,89,0.6592424500,54827568.0000000000,9
450,90,0.6597100592,54827568.0000000000,17
450,91,0.6586840916,54827568.0000000000,10
450,92,0.6578956405,54827568.0000000000,12
450,93,0.6596855362,54827568.0000000000,13
450,94,0.6583644158,54827568.0000000000,10
450,95,0.6596393267,54827568.0000000000,16
450,96,0.6576284407,54827568.0000000000,22
450,97,0.6577011981,54827568.0000000000,11
450,98,0.6588240335,54827568.0000000000,2
450,99,0.6583467353,54827568.0000000000,6
450,100,0.6591062337,54827568.0000000000,13
450,101,0.6587677038,54827568.0000000000,14
450,102,0.6571978394,54827568.0000000000,15
450,103,0.6598449269,54827568.0000000000,16
450,104,0.6584368104,54827568.0000000000,1
450,105,0.6571933910,54827568.0000000000,22
450,106,0.6588083208,54827568.0000000000,21
450,107,0.6590262890,54827568.0000000000,14
450,108,0.6613153953,54827568.0000000000,4
450,109,0.6590126122,54827568.0000000000,5
450,110,0.6574985093,54827568.0000000000,12
450,111,0.6590466984,54827568.0000000000,23
450,112,0.6571042538,54827568.0000000000,15
450,113,0.6580439061,54827568.0000000000,12
450,114,0.6589338450,54827568.0000000000,9
450,115,0.6589259786,54827568.0000000000,21
450,116,0.6592015797,54827568.0000000000,23
450,117,0.5698308164,47074864.0000000000,1
450,118,0.5709536075,47074864.0000000000,2
450,119,0.5710733729,47074864.0000000000,13
450,120,0.5694296129,47074864.0000000000,3
450,121,0.5701920913,47074864.0000000000,5
450,122,0.5691827498,47074864.0000000000,20
450,123,0.5709751770,47074864.0000000000,18
450,124,0.5711958435,47074864.0000000000,19
450,125,0.5692153805,47074864.0000000000,15
450,126,0.5697137302,47074864.0000000000,12
450,127,0.5700746787,47074864.0000000000,8
450,128,0.5708581786,47074864.0000000000,9
450,129,0.5707217880,47074864.0000000000,14
450,130,0.5704420191,47074864.0000000000,14
450,131,0.5713696091,47074864.0000000000,16
450,132,0.5709839027,47074864.0000000000,17
450,133,0.5710657975,47074864.0000000000,17
450,134,0.5704210222,47074864.0000000000,6
450,135,0.5691353234,47074864.0000000000,3
450,136,0.5692554125,47074864.0000000000,11
450,137,0.5699393294,47074864.0000000000,1
450,138,0.5719089361,47074864.0000000000,4
450,139,0.5706279399,47074864.0000000000,13
450,140,0.5714590467,47074864.0000000000,16
450,141,0.5700917223,47074864.0000000000,5
450,142,0.5693656089,47074864.0000000000,15
450,143,0.5696944444,47074864.0000000000,12
450,144,0.5704689312,47074864.0000000000,0
450,145,0.5706886881,47074864.0000000000,2
450,146,0.5694114880,47074864.0000000000,7
450,147,0.5704263625,47074864.0000000000,6
450,148,0.5695084921,47074864.0000000000,10
450,149,0.5702468520,47074864.0000000000,0
450,150,0.5695840285,47074864.0000000000,7
450,151,0.5698701008,47074864.0000000000,8
450,152,0.5717438889,47074864.0000000000,4
500,0,0.2416210430,328614240.0000000000,11
500,1,0.2472373450,327273200.0000000000,9
500,2,0.2522909170,328323424.0000000000,10
500,3,0.2555061120,330872656.0000000000,13
500,4,0.2567030340,331771056.0000000000,14
500,5,0.2572776540,332565920.0000000000,12
500,6,0.2594067560,335611712.0000000000,15
500,7,0.2558809820,337871760.0000000000,16
500,8,0.2467824130,334845520.0000000000,17
500,9,0.3168957750,436353264.0000000000,18
500,10,0.3165777920,436513744.0000000000,20
500,11,0.3166554570,436508448.0000000000,19
500,12,0.3168918060,436511312.0000000000,17
500,13,0.3166934700,436509408.0000000000,14
500,14,0.3168220060,436510720.0000000000,23
500,15,0.3166995970,436510176.0000000000,21
500,16,0.3166664490,436515232.0000000000,2
500,17,0.3170135280,436352272.0000000000,7
500,18,0.3165857140,436405792.0000000000,18
500,19,0.3162941650,436508832.0000000000,12
500,20,0.3166673420,436508128.0000000000,13
500,21,0.3164425770,436514608.0000000000,0
500,22,0.3178729010,436507392.0000000000,8
500,23,0.3167495880,436511920.0000000000,1
500,24,0.3166249270,436510448.0000000000,5
500,25,0.3172300550,436504816.0000000000,4
500,26,0.3165705130,436406000.0000000000,1
500,27,0.3169106890,436408528.0000000000,7
500,28,0.3166236940,436511344.0000000000,4
500,29,0.3165260390,436506752.0000000000,5
500,30,0.3168774400,436510256.0000000000,9
500,31,0.3166854370,436510752.0000000000,19
500,32,0.3164510630,436504608.0000000000,3
500,33,0.3172112170,436511552.0000000000,8
500,34,0.3163351440,436513488.0000000000,6
500,35,0.3165746770,436406144.0000000000,20
500,36,0.3170585320,436262448.0000000000,15
500,37,0.3175084080,436513696.0000000000,10
500,38,0.3165492670,436519664.0000000000,11
500,39,0.3174119610,436518064.0000000000,16
500,40,0.3166117740,436505872.0000000000,22
500,41,0.3166158000,436505600.0000000000,6
500,42,0.3166810350,436513152.0000000000,2
500,43,0.3165605950,436513296.0000000000,3
500,44,0.3165145040,436265584.0000000000,0
500,45,0.0815441070,132089168.0000000000,23
500,46,0.0815727940,132144208.0000000000,22
500,47,0.0814436850,132129984.0000000000,21
500,48,0.0815508090,132140736.0000000000,23
500,49,0.0814183840,132147584.0000000000,21
500,50,0.0814009710,132146192.0000000000,21
500,51,0.0815454300,132143728.0000000000,23
500,52,0.0813586700,132139392.0000000000,22
500,53,0.0815055520,132092752.0000000000,22
500,54,0.0201644410,54827568.0000000000,17
500,55,0.0201383440,54827568.0000000000,15
500,56,0.0201795590,54827568.0000000000,16
500,57,0.0201427210,54827568.0000000000,14
500,58,0.0201600300,54827568.0000000000,10
500,59,0.0202236290,54827568.0000000000,13
500,60,0.0202072790,54827568.0000000000,21
500,61,0.0202387810,54827568.0000000000,9
500,62,0.0201338240,54827568.0000000000,12
500,63,0.0201147560,54827568.0000000000,13
500,64,0.0201828200,54827568.0000000000,23
500,65,0.0201681610,54827568.0000000000,3
500,66,0.0201460430,54827568.0000000000,10
500,67,0.0201577790,54827568.0000000000,14
500,68,0.0201990330,54827568.0000000000,23
500,69,0.0201785940,54827568.0000000000,22
500,70,0.0201355920,54827568.0000000000,21
500,71,0.0201264550,54827568.0000000000,11
500,72,0.0201285280,54827568.0000000000,11
500,73,0.0201191940,54827568.0000000000,19
500,74,0.0201761660,54827568.0000000000,15
500,75,0.0201226460,54827568.0000000000,22
500,76,0.0202675580,54827568.0000000000,9
500,77,0.0200803230,54827568.0000000000,20
500,78,0.0201417420,54827568.0000000000,9
500,79,0.0201817590,54827568.0000000000,0
500,80,0.0201340380,54827568.0000000000,11
500,81,0.0201735260,54827568.0000000000,8
500,82,0.0201957490,54827568.0000000000,10
500,83,0.0202160200,54827568.0000000000,16
500,84,0.0200799950,54827568.0000000000,11
500,85,0.0202177140,54827568.0000000000,17
500,86,0.0201106130,54827568.0000000000,7
500,87,0.0201727570,54827568.0000000000,18
500,88,0.0201326910,54827568.0000000000,17
500,89,0.0202164970,54827568.0000000000,9
500,90,0.0201902110,54827568.0000000000,17
500,91,0.0201275270,54827568.0000000000,10
500,92,0.0201121910,54827568.0000000000,12
500,93,0.0202001320,54827568.0000000000,13
500,94,0.0201643870,54827568.0000000000,10
500,95,0.0202158890,54827568.0000000000,16
500,96,0.0201626220,54827568.0000000000,22
500,97,0.0201201530,54827568.0000000000,11
500,98,0.0202394180,54827568.0000000000,2
500,99,0.0201866920,54827568.0000000000,6
500,100,0.0201534230,54827568.0000000000,13
500,101,0.0201470690,54827568.0000000000,14
500,102,0.0200951290,54827568.0000000000,15
500,103,0.0201996000,54827568.0000000000,16
500,104,0.0201627630,54827568.0000000000,1
500,105,0.0201633650,54827568.0000000000,22
500,106,0.0200996590,54827568.0000000000,21
500,107,0.0200999290,54827568.0000000000,14
500,108,0.0202564070,54827568.0000000000,4
500,109,0.0201430890,54827568.0000000000,5
500,110,0.0201485510,54827568.0000000000,12
500,111,0.0201753170,54827568.0000000000,23
500,112,0.0200864920,54827568.0000000000,15
500,113,0.0200402720,54827568.0000000000,12
500,114,0.0201672230,54827568.0000000000,9
500,115,0.0201551190,54827568.0000000000,21
500,116,0.0201797660,54827568.0000000000,23
500,117,0.0174318170,47074864.0000000000,1
500,118,0.0174866500,47074864.0000000000,2
500,119,0.0174728890,47074864.0000000000,13
500,120,0.0174167780,47074864.0000000000,3
500,121,0.0174619890,47074864.0000000000,5
500,122,0.0174000820,47074864.0000000000,20
500,123,0.0174312040,47074864.0000000000,18
500,124,0.0174835550,47074864.0000000000,19
500,125,0.0174120690,47074864.0000000000,15
500,126,0.0174143220,47074864.0000000000,12
500,127,0.0174943610,47074864.0000000000,8
500,128,0.0174372690,47074864.0000000000,9
500,129,0.0174479880,47074864.0000000000,14
500,130,0.0174375890,47074864.0000000000,14
500,131,0.0174923340,47074864.0000000000,16
500,132,0.0174486390,47074864.0000000000,17
500,133,0.0174894370,47074864.0000000000,17
500,134,0.0174674000,47074864.0000000000,6
500,135,0.0174240210,47074864.0000000000,3
500,136,0.0173948460,47074864.0000000000,11
500,137,0.0174495110,47074864.0000000000,1
500,138,0.0175096600,47074864.0000000000,4
500,139,0.0174708420,47074864.0000000000,13
500,140,0.0174781560,47074864.0000000000,16
500,141,0.0174262390,47074864.0000000000,5
500,142,0.0174246940,47074864.0000000000,15
500,143,0.0174288220,47074864.0000000000,12
500,144,0.0174374270,47074864.0000000000,0
500,145,0.0175087140,47074864.0000000000,2
500,146,0.0174174040,47074864.0000000000,7
500,147,0.0174379620,47074864.0000000000,6
500,148,0.0174082220,47074864.0000000000,10
500,149,0.0174333600,47074864.0000000000,0
500,150,0.0174418680,47074864.0000000000,7
500,151,0.0174691110,47074864.0000000000,8
500,152,0.0174860920,47074864.0000000000,4
550,0,7.7618630255,327995968.0000000000,11
550,1,7.9340323540,326177120.0000000000,9
550,2,8.1221278949,327326176.0000000000,10
550,3,8.2421642435,330753216.0000000000,13
550,4,8.2857433368,331697344.0000000000,14
550,5,8.3035964766,332451104.0000000000,12
550,6,8.3851314556,336648048.0000000000,15
550,7,8.2668251226,339332688.0000000000,16
550,8,7.9559621290,335407872.0000000000,17
550,9,10.1978682434,436347120.0000000000,18
550,10,10.1892798508,436508576.0000000000,20
550,11,10.2023111216,436509200.0000000000,19
550,12,10.1960600076,436509344.0000000000,17
550,13,10.1897135345,436509680.0000000000,14
550,14,10.2002159996,436511904.0000000000,23
550,15,10.1883762393,436510160.0000000000,21
550,16,10.1917902706,436510048.0000000000,2
550,17,10.2016158502,436345136.0000000000,7
550,18,10.1935104959,436402096.0000000000,18
550,19,10.1882094293,436510352.0000000000,12
550,20,10.1875952449,436507184.0000000000,13
550,21,10.1855192480,436515136.0000000000,0
550,22,10.2006046315,436507360.0000000000,8
550,23,10.1892631702,436510464.0000000000,1
550,24,10.1893386974,436510416.0000000000,5
550,25,10.2130884627,436510032.0000000000,4
550,26,10.1861034851,436400592.0000000000,1
550,27,10.1988862791,436403824.0000000000,7
550,28,10.2100628938,436510480.0000000000,4
550,29,10.1872661920,436511184.0000000000,5
550,30,10.1976844503,436505568.0000000000,9
550,31,10.1971477172,436513264.0000000000,19
550,32,10.1874834377,436504832.0000000000,3
550,33,10.1963658467,436511968.0000000000,8
550,34,10.1849081821,436511248.0000000000,6
550,35,10.1832567737,436403200.0000000000,20
550,36,10.1997295549,436240592.0000000000,15
550,37,10.2212672929,436512144.0000000000,10
550,38,10.1906492648,436518464.0000000000,11
550,39,10.2176527117,436516256.0000000000,16
550,40,10.1943783965,436501424.0000000000,22
550,41,10.1909937061,436506096.0000000000,6
550,42,10.1955524743,436515056.0000000000,2
550,43,10.1929343877,436510320.0000000000,3
550,44,10.1853365853,436241712.0000000000,0
550,45,2.6323209427,132087056.0000000000,23
550,46,2.6301305459,132145280.0000000000,22
550,47,2.6301967565,132131840.0000000000,21
550,48,2.6333711974,132140640.0000000000,23
550,49,2.6304986732,132151168.0000000000,21
550,50,2.6302394898,132148592.0000000000,21
550,51,2.6330338816,132142288.0000000000,23
550,52,2.6295448139,132142656.0000000000,22
550,53,2.6283414649,132087392.0000000000,22
550,54,0.6594664120,54827568.0000000000,17
550,55,0.6573151201,54827568.0000000000,15
550,56,0.6596551079,54827568.0000000000,16
550,57,0.6584728927,54827568.0000000000,14
550,58,0.6587087521,54827568.0000000000,10
550,59,0.6597406984,54827568.0000000000,13
550,60,0.6591315844,54827568.0000000000,21
550,61,0.6591192626,54827568.0000000000,9
550,62,0.6579137290,54827568.0000000000,12
550,63,0.6594680272,54827568.0000000000,13
550,64,0.6593643711,54827568.0000000000,23
550,65,0.6583182064,54827568.0000000000,3
550,66,0.6580324731,54827568.0000000000,10
550,67,0.6585534136,54827568.0000000000,14
550,68,0.6593782501,54827568.0000000000,23
550,69,0.6577288323,54827568.0000000000,22
550,70,0.6583609083,54827568.0000000000,21
550,71,0.6574670617,54827568.0000000000,11
550,72,0.6572978851,54827568.0000000000,11
550,73,0.6589201876,54827568.0000000000,19
550,74,0.6572903532,54827568.0000000000,15
550,75,0.6576401433,54827568.0000000000,22
550,76,0.6591778793,54827568.0000000000,9
550,77,0.6565829121,54827568.0000000000,20
550,78,0.6587819967,54827568.0000000000,9
550,79,0.6589052365,54827568.0000000000,0
550,80,0.6574722957,54827568.0000000000,11
550,81,0.6577475979,54827568.0000000000,8
550,82,0.6586571825,54827568.0000000000,10
550,83,0.6601128695,54827568.0000000000,16
550,84,0.6573137695,54827568.0000000000,11
550,85,0.6598941785,54827568.0000000000,17
550,86,0.6572483646,54827568.0000000000,7
550,87,0.6590432524,54827568.0000000000,18
550,88,0.6593311424,54827568.0000000000,17
550,89,0.6593389761,54827568.0000000000,9
550,90,0.6595789032,54827568.0000000000,17
550,91,0.6581525534,54827568.0000000000,10
550,92,0.6577985849,54827568.0000000000,12
550,93,0.6593889726,54827568.0000000000,13
550,94,0.6585449393,54827568.0000000000,10
550,95,0.6596432448,54827568.0000000000,16
550,96,0.6579253598,54827568.0000000000,22
550,97,0.6576796432,54827568.0000000000,11
550,98,0.6590650953,54827568.0000000000,2
550,99,0.6583932025,54827568.0000000000,6
550,100,0.6593859397,54827568.0000000000,13
550,101,0.6579738031,54827568.0000000000,14
550,102,0.6568858475,54827568.0000000000,15
550,103,0.6596357542,54827568.0000000000,16
550,104,0.6582735472,54827568.0000000000,1
550,105,0.6576501755,54827568.0000000000,22
550,106,0.6585676093,54827568.0000000000,21
550,107,0.6582215482,54827568.0000000000,14
550,108,0.6614772060,54827568.0000000000,4
550,109,0.6588204901,54827568.0000000000,5
550,110,0.6576809854,54827568.0000000000,12
550,111,0.6594092033,54827568.0000000000,23
550,112,0.6570063152,54827568.0000000000,15
550,113,0.6579399833,54827568.0000000000,12
550,114,0.6590227249,54827568.0000000000,9
550,115,0.6588946522,54827568.0000000000,21
550,116,0.6594606799,54827568.0000000000,23
550,117,0.5699342615,47074864.0000000000,1
550,118,0.5709251950,47074864.0000000000,2
550,119,0.5709390158,47074864.0000000000,13
550,120,0.5695311425,47074864.0000000000,3
550,121,0.5701836336,47074864.0000000000,5
550,122,0.5689485577,47074864.0000000000,20
550,123,0.5707688494,47074864.0000000000,18
550,124,0.5711203868,47074864.0000000000,19
550,125,0.5691905518,47074864.0000000000,15
550,126,0.5698894537,47074864.0000000000,12
550,127,0.5700777401,47074864.0000000000,8
550,128,0.5710262940,47074864.0000000000,9
550,129,0.5705500607,47074864.0000000000,14
550,130,0.5701565158,47074864.0000000000,14
550,131,0.5714750007,47074864.0000000000,16
550,132,0.5709545258,47074864.0000000000,17
550,133,0.5709245809,47074864.0000000000,17
550,134,0.5704915274,47074864.0000000000,6
550,135,0.5692926634,47074864.0000000000,3
550,136,0.5691378234,47074864.0000000000,11
550,137,0.5699637133,47074864.0000000000,1
550,138,0.5716977115,47074864.0000000000,4
550,139,0.5708015010,47074864.0000000000,13
550,140,0.5713610933,47074864.0000000000,16
550,141,0.5700095568,47074864.0000000000,5
550,142,0.5692950005,47074864.0000000000,15
550,143,0.5697157490,47074864.0000000000,12
550,144,0.5705988838,47074864.0000000000,0
550,145,0.5707705858,47074864.0000000000,2
550,146,0.5694150287,47074864.0000000000,7
550,147,0.5704234273,47074864.0000000000,6
550,148,0.5694562063,47074864.0000000000,10
550,149,0.5702893486,47074864.0000000000,0
550,150,0.5693843935,47074864.0000000000,7
550,151,0.5696312513,47074864.0000000000,8
550,152,0.5717531021,47074864.0000000000,4
600,0,0.2408655580,327411040.0000000000,11
600,1,0.2456987870,325034160.0000000000,9
600,2,0.2514550990,325955088.0000000000,10
600,3,0.2574073650,330606800.0000000000,13
600,4,0.2588276720,331613552.0000000000,14
600,5,0.2591595350,332277440.0000000000,12
600,6,0.2633266280,338061936.0000000000,15
600,7,0.2590389820,340707152.0000000000,16
600,8,0.2480111540,335911536.0000000000,17
600,9,0.3166917770,436335472.0000000000,18
600,10,0.3168738370,436509920.0000000000,20
600,11,0.3168065200,436510464.0000000000,19
600,12,0.3168030810,436512640.0000000000,17
600,13,0.3165799980,436503824.0000000000,14
600,14,0.3169549350,436510688.0000000000,23
600,15,0.3166144560,436513552.0000000000,21
600,16,0.3166618410,436515504.0000000000,2
600,17,0.3169768850,436338208.0000000000,7
600,18,0.3164529530,436399808.0000000000,18
600,19,0.3164007900,436509504.0000000000,12
600,20,0.3166502440,436506944.0000000000,13
600,21,0.3163901760,436513184.0000000000,0
600,22,0.3167915690,436505968.0000000000,8
600,23,0.3167129300,436511552.0000000000,1
600,24,0.3167814100,436509760.0000000000,5
600,25,0.3171818730,436508832.0000000000,4
600,26,0.3164985170,436394400.0000000000,1
600,27,0.3169655730,436401952.0000000000,7
600,28,0.3172259450,436508336.0000000000,4
600,29,0.3164639740,436511776.0000000000,5
600,30,0.3169147750,436504288.0000000000,9
600,31,0.3170810270,436512096.0000000000,19
600,32,0.3166354400,436513440.0000000000,3
600,33,0.3168539100,436507616.0000000000,8
600,34,0.3165415740,436510880.0000000000,6
600,35,0.3164364020,436399360.0000000000,20
600,36,0.3170068340,436215584.0000000000,15
600,37,0.3176578620,436517632.0000000000,10
600,38,0.3166617650,436512768.0000000000,11
600,39,0.3176610490,436518384.0000000000,16
600,40,0.3167622720,436499696.0000000000,22
600,41,0.3166012500,436506992.0000000000,6
600,42,0.3168753220,436511184.0000000000,2
600,43,0.3167534760,436516848.0000000000,3
600,44,0.3165452150,436216544.0000000000,0
600,45,0.0816282580,132080304.0000000000,23
600,46,0.0814998910,132144592.0000000000,22
600,47,0.0816403830,132132080.0000000000,21
600,48,0.0815916800,132144480.0000000000,23
600,49,0.0814982500,132149024.0000000000,21
600,50,0.0815166550,132145760.0000000000,21
600,51,0.0816099260,132143216.0000000000,23
600,52,0.0814186550,132141872.0000000000,22
600,53,0.0814832130,132080320.0000000000,22
600,54,0.0201748320,54827568.0000000000,17
600,55,0.0201237230,54827568.0000000000,15
600,56,0.0201519870,54827568.0000000000,16
600,57,0.0201854430,54827568.0000000000,14
600,58,0.0201565640,54827568.0000000000,10
600,59,0.0202191280,54827568.0000000000,13
600,60,0.0202091300,54827568.0000000000,21
600,61,0.0201599880,54827568.0000000000,9
600,62,0.0201542940,54827568.0000000000,12
600,63,0.0202000520,54827568.0000000000,13
600,64,0.0201740920,54827568.0000000000,23
600,65,0.0201233260,54827568.0000000000,3
600,66,0.0201853970,54827568.0000000000,10
600,67,0.0201842310,54827568.0000000000,14
600,68,0.0201942600,54827568.0000000000,23
600,69,0.0201593640,54827568.0000000000,22
600,70,0.0201816460,54827568.0000000000,21
600,71,0.0201314530,54827568.0000000000,11
600,72,0.0201114660,54827568.0000000000,11
600,73,0.0201916430,54827568.0000000000,19
600,74,0.0200687770,54827568.0000000000,15
600,75,0.0201291070,54827568.0000000000,22
600,76,0.0201702680,54827568.0000000000,9
600,77,0.0200927150,54827568.0000000000,20
600,78,0.0201997070,54827568.0000000000,9
600,79,0.0201546350,54827568.0000000000,0
600,80,0.0200869880,54827568.0000000000,11
600,81,0.0201019570,54827568.0000000000,8
600,82,0.0201484170,54827568.0000000000,10
600,83,0.0202389860,54827568.0000000000,16
600,84,0.0201266450,54827568.0000000000,11
600,85,0.0202331860,54827568.0000000000,17
600,86,0.0201811520,54827568.0000000000,7
600,87,0.0200845690,54827568.0000000000,18
600,88,0.0201678590,54827568.0000000000,17
600,89,0.0201674350,54827568.0000000000,9
600,90,0.0201735810,54827568.0000000000,17
600,91,0.0201565210,54827568.0000000000,10
600,92,0.0200803990,54827568.0000000000,12
600,93,0.0202056720,54827568.0000000000,13
600,94,0.0201882640,54827568.0000000000,10
600,95,0.0201801440,54827568.0000000000,16
600,96,0.0201729180,54827568.0000000000,22
600,97,0.0200806250,54827568.0000000000,11
600,98,0.0201593450,54827568.0000000000,2
600,99,0.0201622650,54827568.0000000000,6
600,100,0.0201761650,54827568.0000000000,13
600,101,0.0201554530,54827568.0000000000,14
600,102,0.0200799060,54827568.0000000000,15
600,103,0.0202304420,54827568.0000000000,16
600,104,0.0201746270,54827568.0000000000,1
600,105,0.0201416400,54827568.0000000000,22
600,106,0.0201440840,54827568.0000000000,21
600,107,0.0201541000,54827568.0000000000,14
600,108,0.0202597410,54827568.0000000000,4
600,109,0.0202406180,54827568.0000000000,5
600,110,0.0201263570,54827568.0000000000,12
600,111,0.0201979480,54827568.0000000000,23
600,112,0.0200776240,54827568.0000000000,15
600,113,0.0200957470,54827568.0000000000,12
600,114,0.0201970000,54827568.0000000000,9
600,115,0.0201497480,54827568.0000000000,21
600,116,0.0202113840,54827568.0000000000,23
600,117,0.0174283600,47074864.0000000000,1
600,118,0.0174832990,47074864.0000000000,2
600,119,0.0174423680,47074864.0000000000,13
600,120,0.0173987740,47074864.0000000000,3
600,121,0.0174492560,47074864.0000000000,5
600,122,0.0173961040,47074864.0000000000,20
600,123,0.0174661940,47074864.0000000000,18
600,124,0.0174914220,47074864.0000000000,19
600,125,0.0174313850,47074864.0000000000,15
600,126,0.0174774350,47074864.0000000000,12
600,127,0.0174192440,47074864.0000000000,8
600,128,0.0174978040,47074864.0000000000,9
600,129,0.0174716040,47074864.0000000000,14
600,130,0.0174628170,47074864.0000000000,14
600,131,0.0175045380,47074864.0000000000,16
600,132,0.0174581970,47074864.0000000000,17
600,133,0.0174766940,47074864.0000000000,17
600,134,0.0174731110,47074864.0000000000,6
600,135,0.0174038330,47074864.0000000000,3
600,136,0.0174253870,47074864.0000000000,11
600,137,0.0174115990,47074864.0000000000,1
600,138,0.0175104830,47074864.0000000000,4
600,139,0.0174720360,47074864.0000000000,13
600,140,0.0174958310,47074864.0000000000,16
600,141,0.0174111620,47074864.0000000000,5
600,142,0.0174232310,47074864.0000000000,15
600,143,0.0174370060,47074864.0000000000,12
600,144,0.0174460250,47074864.0000000000,0
600,145,0.0174894590,47074864.0000000000,2
600,146,0.0174432350,47074864.0000000000,7
600,147,0.0174841320,47074864.0000000000,6
600,148,0.0174268380,47074864.0000000000,10
600,149,0.0174790300,47074864.0000000000,0
600,150,0.0174642850,47074864.0000000000,7
600,151,0.0174227510,47074864.0000000000,8
600,152,0.0174952930,47074864.0000000000,4
650,0,7.7421596046,326949056.0000000000,11
650,1,7.8985476493,324075120.0000000000,9
650,2,8.0632094420,324398672.0000000000,10
650,3,8.2951097340,330353664.0000000000,13
650,4,8.3375181823,331465808.0000000000,14
650,5,8.3548673507,332060752.0000000000,12
650,6,8.4975253560,339776656.0000000000,15
650,7,8.3633832257,341986080.0000000000,16
650,8,7.9936796658,336362896.0000000000,17
650,9,10.1964766820,436325088.0000000000,18
650,10,10.1969493965,436519200.0000000000,20
650,11,10.2048828353,436545072.0000000000,19
650,12,10.2032950018,436594128.0000000000,17
650,13,10.1994654472,436615744.0000000000,14
650,14,10.2081704560,436592560.0000000000,23
650,15,10.1945884416,436547088.0000000000,21
650,16,10.2011960467,436520992.0000000000,2
650,17,10.2026089807,436329968.0000000000,7
650,18,10.1895317474,436401904.0000000000,18
650,19,10.1843306896,436509744.0000000000,12
650,20,10.1880170464,436509008.0000000000,13
650,21,10.1852019634,436511424.0000000000,0
650,22,10.2090015662,436509904.0000000000,8
650,23,10.1890223679,436511264.0000000000,1
650,24,10.1887523271,436509280.0000000000,5
650,25,10.2112418886,436512496.0000000000,4
650,26,10.1850549349,436393328.0000000000,1
650,27,10.1994770459,436398720.0000000000,7
650,28,10.2045207841,436507920.0000000000,4
650,29,10.1874578794,436507536.0000000000,5
650,30,10.1974218233,436506656.0000000000,9
650,31,10.1951609815,436511824.0000000000,19
650,32,10.1870937409,436509328.0000000000,3
650,33,10.2049209122,436509344.0000000000,8
650,34,10.1842654920,436509920.0000000000,6
650,35,10.1847228789,436395936.0000000000,20
650,36,10.1986512219,436195328.0000000000,15
650,37,10.2207776418,436518192.0000000000,10
650,38,10.1911184583,436517408.0000000000,11
650,39,10.2185115706,436516400.0000000000,16
650,40,10.1943100396,436501184.0000000000,22
650,41,10.1909462446,436508224.0000000000,6
650,42,10.1981568409,436509632.0000000000,2
650,43,10.1924495481,436516912.0000000000,3
650,44,10.1851519356,436190976.0000000000,0
650,45,2.6333595149,132074240.0000000000,23
650,46,2.6303988692,132140848.0000000000,22
650,47,2.6305984577,132130656.0000000000,21
650,48,2.6333382711,132143216.0000000000,23
650,49,2.6306941277,132152592.0000000000,21
650,50,2.6302975017,132144448.0000000000,21
650,51,2.6331528567,132146880.0000000000,23
650,52,2.6299984565,132144064.0000000000,22
650,53,2.6283277736,132075424.0000000000,22
650,54,0.6594067936,54827568.0000000000,17
650,55,0.6571039826,54827568.0000000000,15
650,56,0.6597407440,54827568.0000000000,16
650,57,0.6588664153,54827568.0000000000,14
650,58,0.6583894720,54827568.0000000000,10
650,59,0.6598749782,54827568.0000000000,13
650,60,0.6590478625,54827568.0000000000,21
650,61,0.6592988502,54827568.0000000000,9
650,62,0.6578291355,54827568.0000000000,12
650,63,0.6596306598,54827568.0000000000,13
650,64,0.6594515374,54827568.0000000000,23
650,65,0.6581218151,54827568.0000000000,3
650,66,0.6584937865,54827568.0000000000,10
650,67,0.6590126783,54827568.0000000000,14
650,68,0.6596476103,54827568.0000000000,23
650,69,0.6580056650,54827568.0000000000,22
650,70,0.6586371617,54827568.0000000000,21
650,71,0.6573366640,54827568.0000000000,11
650,72,0.6571408945,54827568.0000000000,11
650,73,0.6589692337,54827568.0000000000,19
650,74,0.6569925024,54827568.0000000000,15
650,75,0.6574276201,54827568.0000000000,22
650,76,0.6593550546,54827568.0000000000,9
650,77,0.6575020090,54827568.0000000000,20
650,78,0.6591025135,54827568.0000000000,9
650,79,0.6587836578,54827568.0000000000,0
650,80,0.6574430068,54827568.0000000000,11
650,81,0.6580538614,54827568.0000000000,8
650,82,0.6584634800,54827568.0000000000,10
650,83,0.6601274389,54827568.0000000000,16
650,84,0.6572545079,54827568.0000000000,11
650,85,0.6597351133,54827568.0000000000,17
650,86,0.6575543926,54827568.0000000000,7
650,87,0.6590783840,54827568.0000000000,18
650,88,0.6595400547,54827568.0000000000,17
650,89,0.6592243342,54827568.0000000000,9
650,90,0.6595910599,54827568.0000000000,17
650,91,0.6582453069,54827568.0000000000,10
650,92,0.6578779075,54827568.0000000000,12
650,93,0.6596432289,54827568.0000000000,13
650,94,0.6584966931,54827568.0000000000,10
650,95,0.6595986879,54827568.0000000000,16
650,96,0.6579773639,54827568.0000000000,22
650,97,0.6575121274,54827568.0000000000,11
650,98,0.6597872621,54827568.0000000000,2
650,99,0.6586356861,54827568.0000000000,6
650,100,0.6596368264,54827568.0000000000,13
650,101,0.6587288371,54827568.0000000000,14
650,102,0.6566542940,54827568.0000000000,15
650,103,0.6598298406,54827568.0000000000,16
650,104,0.6582946408,54827568.0000000000,1
650,105,0.6572728917,54827568.0000000000,22
650,106,0.6587672456,54827568.0000000000,21
650,107,0.6586269980,54827568.0000000000,14
650,108,0.6614991362,54827568.0000000000,4
650,109,0.6588890707,54827568.0000000000,5
650,110,0.6578029036,54827568.0000000000,12
650,111,0.6591739533,54827568.0000000000,23
650,112,0.6573082086,54827568.0000000000,15
650,113,0.6576857905,54827568.0000000000,12
650,114,0.6589754334,54827568.0000000000,9
650,115,0.6587005029,54827568.0000000000,21
650,116,0.6596012417,54827568.0000000000,23
650,117,0.5701215673,47074864.0000000000,1
650,118,0.5712249203,47074864.0000000000,2
650,119,0.5710112609,47074864.0000000000,13
650,120,0.5693163179,47074864.0000000000,3
650,121,0.5703603696,47074864.0000000000,5
650,122,0.5693794172,47074864.0000000000,20
650,123,0.5708302697,47074864.0000000000,18
650,124,0.5710299998,47074864.0000000000,19
650,125,0.5690143586,47074864.0000000000,15
650,126,0.5697248326,47074864.0000000000,12
650,127,0.5701840517,47074864.0000000000,8
650,128,0.5710436580,47074864.0000000000,9
650,129,0.5706162733,47074864.0000000000,14
650,130,0.5703732451,47074864.0000000000,14
650,131,0.5714466253,47074864.0000000000,16
650,132,0.5708493322,47074864.0000000000,17
650,133,0.5709965757,47074864.0000000000,17
650,134,0.5705582319,47074864.0000000000,6
650,135,0.5693230223,47074864.0000000000,3
650,136,0.5690855653,47074864.0000000000,11
650,137,0.5699761266,47074864.0000000000,1
650,138,0.5716774312,47074864.0000000000,4
650,139,0.5707932101,47074864.0000000000,13
650,140,0.5713998874,47074864.0000000000,16
650,141,0.5699457328,47074864.0000000000,5
650,142,0.5694584472,47074864.0000000000,15
650,143,0.5697366425,47074864.0000000000,12
650,144,0.5704029677,47074864.0000000000,0
650,145,0.5711744697,47074864.0000000000,2
650,146,0.5696181434,47074864.0000000000,7
650,147,0.5705828816,47074864.0000000000,6
650,148,0.5693996760,47074864.0000000000,10
650,149,0.5702588883,47074864.0000000000,0
650,150,0.5695494064,47074864.0000000000,7
650,151,0.5698758629,47074864.0000000000,8
650,152,0.5714924569,47074864.0000000000,4
700,0,0.2397500650,326508544.0000000000,11
700,1,0.2439722120,323160288.0000000000,9
700,2,0.2472353860,322266512.0000000000,10
700,3,0.2565323920,329213376.0000000000,13
700,4,0.2580106820,330486544.0000000000,14
700,5,0.2583437100,331266944.0000000000,12
700,6,0.2659767900,341341632.0000000000,15
700,7,0.2625635170,343148416.0000000000,16
700,8,0.2497096540,336774272.0000000000,17
700,9,0.3168079960,436325072.0000000000,18
700,10,0.3173793220,436601072.0000000000,20
700,11,0.3183248590,436894624.0000000000,19
700,12,0.3196350160,437466048.0000000000,17
700,13,0.3199746090,437779872.0000000000,14
700,14,0.3197038570,437452832.0000000000,23
700,15,0.3181568550,436897200.0000000000,21
700,16,0.3174275040,436597264.0000000000,2
700,17,0.3174664320,436327120.0000000000,7
700,18,0.3164735010,436398112.0000000000,18
700,19,0.3164017410,436509392.0000000000,12
700,20,0.3165752980,436508672.0000000000,13
700,21,0.3164888360,436512048.0000000000,0
700,22,0.3167506460,436509872.0000000000,8
700,23,0.3166874590,436511664.0000000000,1
700,24,0.3167151240,436511456.0000000000,5
700,25,0.3166792910,436512352.0000000000,4
700,26,0.3164838290,436388624.0000000000,1
700,27,0.3171463440,436391680.0000000000,7
700,28,0.3168449630,436509984.0000000000,4
700,29,0.3166878200,436512336.0000000000,5
700,30,0.3168652890,436506528.0000000000,9
700,31,0.3164505160,436512992.0000000000,19
700,32,0.3166673330,436505424.0000000000,3
700,33,0.3172719660,436507936.0000000000,8
700,34,0.3165515760,436510992.0000000000,6
700,35,0.3165518910,436394944.0000000000,20
700,36,0.3167980590,436172800.0000000000,15
700,37,0.3177039100,436519424.0000000000,10
700,38,0.3165891150,436510528.0000000000,11
700,39,0.3173776400,436512720.0000000000,16
700,40,0.3167799540,436504016.0000000000,22
700,41,0.3166389160,436503664.0000000000,6
700,42,0.3168800390,436512400.0000000000,2
700,43,0.3167017790,436512704.0000000000,3
700,44,0.3164519150,436166880.0000000000,0
700,45,0.0815448540,132066400.0000000000,23
700,46,0.0815045550,132143264.0000000000,22
700,47,0.0814802380,132132096.0000000000,21
700,48,0.0816059310,132143776.0000000000,23
700,49,0.0815058390,132153600.0000000000,21
700,50,0.0814770110,132146736.0000000000,21
700,51,0.0815587980,132148192.0000000000,23
700,52,0.0814016480,132143776.0000000000,22
700,53,0.0814009750,132068976.0000000000,22
700,54,0.0201792530,54827568.0000000000,17
700,55,0.0201212600,54827568.0000000000,15
700,56,0.0201729310,54827568.0000000000,16
700,57,0.0201795610,54827568.0000000000,14
700,58,0.0201824290,54827568.0000000000,10
700,59,0.0201644930,54827568.0000000000,13
700,60,0.0201166930,54827568.0000000000,21
700,61,0.0201623590,54827568.0000000000,9
700,62,0.0200856900,54827568.0000000000,12
700,63,0.0201728990,54827568.0000000000,13
700,64,0.0201927880,54827568.0000000000,23
700,65,0.0201076770,54827568.0000000000,3
700,66,0.0201334840,54827568.0000000000,10
700,67,0.0201420280,54827568.0000000000,14
700,68,0.0201801850,54827568.0000000000,23
700,69,0.0201392460,54827568.0000000000,22
700,70,0.0201214340,54827568.0000000000,21
700,71,0.0201166430,54827568.0000000000,11
700,72,0.0201290160,54827568.0000000000,11
700,73,0.0202014340,54827568.0000000000,19
700,74,0.0201566660,54827568.0000000000,15
700,75,0.0200859230,54827568.0000000000,22
700,76,0.0201901850,54827568.0000000000,9
700,77,0.0201587230,54827568.0000000000,20
700,78,0.0201599550,54827568.0000000000,9
700,79,0.0202105650,54827568.0000000000,0
700,80,0.0201234240,54827568.0000000000,11
700,81,0.0201752340,54827568.0000000000,8
700,82,0.0201308100,54827568.0000000000,10
700,83,0.0202464690,54827568.0000000000,16
700,84,0.0201745030,54827568.0000000000,11
700,85,0.0201970040,54827568.0000000000,17
700,86,0.0200759580,54827568.0000000000,7
700,87,0.0201086740,54827568.0000000000,18
700,88,0.0201794310,54827568.0000000000,17
700,89,0.0201632600,54827568.0000000000,9
700,90,0.0201793030,54827568.0000000000,17
700,91,0.0201614690,54827568.0000000000,10
700,92,0.0200769820,54827568.0000000000,12
700,93,0.0201849130,54827568.0000000000,13
700,94,0.0201131960,54827568.0000000000,10
700,95,0.0201518580,54827568.0000000000,16
700,96,0.0201758760,54827568.0000000000,22
700,97,0.0201081650,54827568.0000000000,11
700,98,0.0202063760,54827568.0000000000,2
700,99,0.0201329480,54827568.0000000000,6
700,100,0.0201403350,54827568.0000000000,13
700,101,0.0201731410,54827568.0000000000,14
700,102,0.0201164820,54827568.0000000000,15
700,103,0.0202831330,54827568.0000000000,16
700,104,0.0201636140,54827568.0000000000,1
700,105,0.0200751020,54827568.0000000000,22
700,106,0.0201168950,54827568.0000000000,21
700,107,0.0201689130,54827568.0000000000,14
700,108,0.0202358080,54827568.0000000000,4
700,109,0.0201740290,54827568.0000000000,5
700,110,0.0201072220,54827568.0000000000,12
700,111,0.0201690550,54827568.0000000000,23
700,112,0.0201109190,54827568.0000000000,15
700,113,0.0201193530,54827568.0000000000,12
700,114,0.0201400470,54827568.0000000000,9
700,115,0.0201655170,54827568.0000000000,21
700,116,0.0202058950,54827568.0000000000,23
700,117,0.0174696020,47074864.0000000000,1
700,118,0.0174799710,47074864.0000000000,2
700,119,0.0174810530,47074864.0000000000,13
700,120,0.0174142950,47074864.0000000000,3
700,121,0.0174380340,47074864.0000000000,5
700,122,0.0174506070,47074864.0000000000,20
700,123,0.0174955290,47074864.0000000000,18
700,124,0.0175291650,47074864.0000000000,19
700,125,0.0174371280,47074864.0000000000,15
700,126,0.0174205550,47074864.0000000000,12
700,127,0.0174682440,47074864.0000000000,8
700,128,0.0174912800,47074864.0000000000,9
700,129,0.0174430390,47074864.0000000000,14
700,130,0.0174724750,47074864.0000000000,14
700,131,0.0174974730,47074864.0000000000,16
700,132,0.0174725760,47074864.0000000000,17
700,133,0.0174316160,47074864.0000000000,17
700,134,0.0174879210,47074864.0000000000,6
700,135,0.0174114780,47074864.0000000000,3
700,136,0.0174099820,47074864.0000000000,11
700,137,0.0174466590,47074864.0000000000,1
700,138,0.0174929490,47074864.0000000000,4
700,139,0.0174670060,47074864.0000000000,13
700,140,0.0174709020,47074864.0000000000,16
700,141,0.0174421140,47074864.0000000000,5
700,142,0.0174006050,47074864.0000000000,15
700,143,0.0174337720,47074864.0000000000,12
700,144,0.0174375600,47074864.0000000000,0
700,145,0.0174139720,47074864.0000000000,2
700,146,0.0174625000,47074864.0000000000,7
700,147,0.0174670710,47074864.0000000000,6
700,148,0.0174406920,47074864.0000000000,10
700,149,0.0174311170,47074864.0000000000,0
700,150,0.0174258920,47074864.0000000000,7
700,151,0.0174543770,47074864.0000000000,8
700,152,0.0174969100,47074864.0000000000,4
750,0,7.7156984602,326120768.0000000000,11
750,1,7.8225156944,322324768.0000000000,9
750,2,7.8982076086,319544208.0000000000,10
750,3,8.1724266798,325940368.0000000000,13
750,4,8.2267302084,326969936.0000000000,14
750,5,8.2658738051,328832528.0000000000,12
750,6,8.5614529188,341897664.0000000000,15
750,7,8.4711292512,344118224.0000000000,16
750,8,8.0483069585,337183632.0000000000,17
750,9,10.2093366692,436341456.0000000000,18
750,10,10.2346597092,436852736.0000000000,20
750,11,10.2957721347,438146896.0000000000,19
750,12,10.3656661972,440602048.0000000000,17
750,13,10.3970050416,442090640.0000000000,14
750,14,10.3716643526,440653568.0000000000,23
750,15,10.2907048150,438161120.0000000000,21
750,16,10.2291325192,436869536.0000000000,2
750,17,10.2165987881,436349184.0000000000,7
750,18,10.1872107045,436395440.0000000000,18
750,19,10.1823114915,436508992.0000000000,12
750,20,10.1885297967,436511696.0000000000,13
750,21,10.1859265533,436511952.0000000000,0
750,22,10.1894731252,436506992.0000000000,8
750,23,10.1893023114,436509392.0000000000,1
750,24,10.1902808760,436513040.0000000000,5
750,25,10.2073141261,436512928.0000000000,4
750,26,10.1851496872,436389040.0000000000,1
750,27,10.2000203704,436391392.0000000000,7
750,28,10.1997473480,436512080.0000000000,4
750,29,10.1881188445,436512736.0000000000,5
750,30,10.1972657544,436507456.0000000000,9
750,31,10.1899511530,436510800.0000000000,19
750,32,10.1862214416,436513600.0000000000,3
750,33,10.1888076449,436506816.0000000000,8
750,34,10.1849385568,436507440.0000000000,6
750,35,10.1835596581,436393328.0000000000,20
750,36,10.1972623004,436152784.0000000000,15
750,37,10.2194308758,436519552.0000000000,10
750,38,10.1902006056,436509904.0000000000,11
750,39,10.2173105580,436509120.0000000000,16
750,40,10.1946276012,436503792.0000000000,22
750,41,10.1896976371,436501664.0000000000,6
750,42,10.1960183983,436509888.0000000000,2
750,43,10.1929073016,436510384.0000000000,3
750,44,10.1837806870,436152704.0000000000,0
750,45,2.6331291823,132058480.0000000000,23
750,46,2.6299830361,132143216.0000000000,22
750,47,2.6302995342,132132704.0000000000,21
750,48,2.6340071995,132144256.0000000000,23
750,49,2.6310718862,132153152.0000000000,21
750,50,2.6299801048,132146592.0000000000,21
750,51,2.6337532122,132153824.0000000000,23
750,52,2.6296065049,132143888.0000000000,22
750,53,2.6282700186,132060592.0000000000,22
750,54,0.6595522554,54827568.0000000000,17
750,55,0.6570650956,54827568.0000000000,15
750,56,0.6596113500,54827568.0000000000,16
750,57,0.6590175283,54827568.0000000000,14
750,58,0.6585136628,54827568.0000000000,10
750,59,0.6595693603,54827568.0000000000,13
750,60,0.6587053472,54827568.0000000000,21
750,61,0.6593211798,54827568.0000000000,9
750,62,0.6575906661,54827568.0000000000,12
750,63,0.6598364774,54827568.0000000000,13
750,64,0.6590982733,54827568.0000000000,23
750,65,0.6583761285,54827568.0000000000,3
750,66,0.6583296784,54827568.0000000000,10
750,67,0.6589830729,54827568.0000000000,14
750,68,0.6597034058,54827568.0000000000,23
750,69,0.6579007637,54827568.0000000000,22
750,70,0.6584731669,54827568.0000000000,21
750,71,0.6576188104,54827568.0000000000,11
750,72,0.6578437408,54827568.0000000000,11
750,73,0.6587659718,54827568.0000000000,19
750,74,0.6569599006,54827568.0000000000,15
750,75,0.6574019166,54827568.0000000000,22
750,76,0.6595418695,54827568.0000000000,9
750,77,0.6570810790,54827568.0000000000,20
750,78,0.6592209297,54827568.0000000000,9
750,79,0.6588960602,54827568.0000000000,0
750,80,0.6573522923,54827568.0000000000,11
750,81,0.6569914900,54827568.0000000000,8
750,82,0.6582437755,54827568.0000000000,10
750,83,0.6599832241,54827568.0000000000,16
750,84,0.6572266057,54827568.0000000000,11
750,85,0.6595666070,54827568.0000000000,17
750,86,0.6574929564,54827568.0000000000,7
750,87,0.6585963088,54827568.0000000000,18
750,88,0.6594009903,54827568.0000000000,17
750,89,0.6593728887,54827568.0000000000,9
750,90,0.6593303279,54827568.0000000000,17
750,91,0.6584351133,54827568.0000000000,10
750,92,0.6576307351,54827568.0000000000,12
750,93,0.6594500660,54827568.0000000000,13
750,94,0.6586014724,54827568.0000000000,10
750,95,0.6593812499,54827568.0000000000,16
750,96,0.6577681391,54827568.0000000000,22
750,97,0.6577153295,54827568.0000000000,11
750,98,0.6586715718,54827568.0000000000,2
750,99,0.6581202985,54827568.0000000000,6
750,100,0.6596573614,54827568.0000000000,13
750,101,0.6586284444,54827568.0000000000,14
750,102,0.6570770230,54827568.0000000000,15
750,103,0.6597059806,54827568.0000000000,16
750,104,0.6584055641,54827568.0000000000,1
750,105,0.6574092535,54827568.0000000000,22
750,106,0.6590574155,54827568.0000000000,21
750,107,0.6585824062,54827568.0000000000,14
750,108,0.6612810565,54827568.0000000000,4
750,109,0.6588140673,54827568.0000000000,5
750,110,0.6594755976,54827568.0000000000,12
750,111,0.6594190817,54827568.0000000000,23
750,112,0.6572853150,54827568.0000000000,15
750,113,0.6577232911,54827568.0000000000,12
750,114,0.6590080866,54827568.0000000000,9
750,115,0.6588964864,54827568.0000000000,21
750,116,0.6596499600,54827568.0000000000,23
750,117,0.5703642059,47074864.0000000000,1
750,118,0.5709061639,47074864.0000000000,2
750,119,0.5709129317,47074864.0000000000,13
750,120,0.5695296804,47074864.0000000000,3
750,121,0.5702611998,47074864.0000000000,5
750,122,0.5693078527,47074864.0000000000,20
750,123,0.5710487596,47074864.0000000000,18
750,124,0.5709985852,47074864.0000000000,19
750,125,0.5692569435,47074864.0000000000,15
750,126,0.5698386911,47074864.0000000000,12
750,127,0.5695190190,47074864.0000000000,8
750,128,0.5710326161,47074864.0000000000,9
750,129,0.5706240564,47074864.0000000000,14
750,130,0.5704756525,47074864.0000000000,14
750,131,0.5712882595,47074864.0000000000,16
750,132,0.5709725935,47074864.0000000000,17
750,133,0.5708265859,47074864.0000000000,17
750,134,0.5703416571,47074864.0000000000,6
750,135,0.5693676355,47074864.0000000000,3
750,136,0.5690782858,47074864.0000000000,11
750,137,0.5700225904,47074864.0000000000,1
750,138,0.5715193227,47074864.0000000000,4
750,139,0.5705904077,47074864.0000000000,13
750,140,0.5713298585,47074864.0000000000,16
750,141,0.5699526657,47074864.0000000000,5
750,142,0.5691363054,47074864.0000000000,15
750,143,0.5697004705,47074864.0000000000,12
750,144,0.5705378070,47074864.0000000000,0
750,145,0.5707902007,47074864.0000000000,2
750,146,0.5695845032,47074864.0000000000,7
750,147,0.5704286779,47074864.0000000000,6
750,148,0.5693765360,47074864.0000000000,10
750,149,0.5703512843,47074864.0000000000,0
750,150,0.5693460177,47074864.0000000000,7
750,151,0.5691759713,47074864.0000000000,8
750,152,0.5714687643,47074864.0000000000,4
800,0,0.2396907840,325638784.0000000000,11
800,1,0.2413156860,321322560.0000000000,9
800,2,0.2391562290,315431872.0000000000,10
800,3,0.2428276860,318412000.0000000000,13
800,4,0.2429632390,318282176.0000000000,14
800,5,0.2480308970,323003760.0000000000,12
800,6,0.2636569690,340977536.0000000000,15
800,7,0.2645398120,344889456.0000000000,16
800,8,0.2512915370,337658736.0000000000,17
800,9,0.3182394040,436372816.0000000000,18
800,10,0.3203270980,437385408.0000000000,20
800,11,0.3255149950,440729168.0000000000,19
800,12,0.3332819670,447256192.0000000000,17
800,13,0.3375305560,451299952.0000000000,14
800,14,0.3335431660,447440096.0000000000,23
800,15,0.3253331570,440797712.0000000000,21
800,16,0.3202667220,437411168.0000000000,2
800,17,0.3182454690,436404960.0000000000,7
800,18,0.3169739440,436387664.0000000000,18
800,19,0.3165114450,436510416.0000000000,12
800,20,0.3165241210,436511248.0000000000,13
800,21,0.3164975920,436508960.0000000000,0
800,22,0.3165557160,436510800.0000000000,8
800,23,0.3166527350,436509680.0000000000,1
800,24,0.3165367180,436508288.0000000000,5
800,25,0.3169163740,436513008.0000000000,4
800,26,0.3164506250,436385904.0000000000,1
800,27,0.3169654880,436393680.0000000000,7
800,28,0.3173975830,436508432.0000000000,4
800,29,0.3165148980,436509696.0000000000,5
800,30,0.3169091900,436510720.0000000000,9
800,31,0.3165926050,436509056.0000000000,19
800,32,0.3164874450,436511008.0000000000,3
800,33,0.3165334820,436511744.0000000000,8
800,34,0.3164228210,436508688.0000000000,6
800,35,0.3165948200,436386816.0000000000,20
800,36,0.3170314050,436124544.0000000000,15
800,37,0.3176062660,436519920.0000000000,10
800,38,0.3167319570,436510288.0000000000,11
800,39,0.3174425300,436513008.0000000000,16
800,40,0.3168904520,436503056.0000000000,22
800,41,0.3166862490,436499856.0000000000,6
800,42,0.3169026230,436513712.0000000000,2
800,43,0.3168467180,436511712.0000000000,3
800,44,0.3164130920,436128704.0000000000,0
800,45,0.0816402850,132052912.0000000000,23
800,46,0.0814987000,132145744.0000000000,22
800,47,0.0814759070,132131648.0000000000,21
800,48,0.0816431110,132143072.0000000000,23
800,49,0.0814187860,132152464.0000000000,21
800,50,0.0814865570,132145984.0000000000,21
800,51,0.0815237070,132147856.0000000000,23
800,52,0.0815048830,132145904.0000000000,22
800,53,0.0813647120,132053872.0000000000,22
800,54,0.0202182030,54827568.0000000000,17
800,55,0.0200941550,54827568.0000000000,15
800,56,0.0201706330,54827568.0000000000,16
800,57,0.0202159740,54827568.0000000000,14
800,58,0.0201079110,54827568.0000000000,10
800,59,0.0201482620,54827568.0000000000,13
800,60,0.0202088190,54827568.0000000000,21
800,61,0.0202176520,54827568.0000000000,9
800,62,0.0201072020,54827568.0000000000,12
800,63,0.0202230360,54827568.0000000000,13
800,64,0.0201633790,54827568.0000000000,23
800,65,0.0201430740,54827568.0000000000,3
800,66,0.0201422570,54827568.0000000000,10
800,67,0.0202064430,54827568.0000000000,14
800,68,0.0201696240,54827568.0000000000,23
800,69,0.0200664660,54827568.0000000000,22
800,70,0.0202020270,54827568.0000000000,21
800,71,0.0201252420,54827568.0000000000,11
800,72,0.0201220350,54827568.0000000000,11
800,73,0.0201502530,54827568.0000000000,19
800,74,0.0201337920,54827568.0000000000,15
800,75,0.0201605150,54827568.0000000000,22
800,76,0.0201845180,54827568.0000000000,9
800,77,0.0201064830,54827568.0000000000,20
800,78,0.0201884240,54827568.0000000000,9
800,79,0.0201235770,54827568.0000000000,0
800,80,0.0201772250,54827568.0000000000,11
800,81,0.0200482530,54827568.0000000000,8
800,82,0.0201528490,54827568.0000000000,10
800,83,0.0201956000,54827568.0000000000,16
800,84,0.0201034920,54827568.0000000000,11
800,85,0.0201954110,54827568.0000000000,17
800,86,0.0201417850,54827568.0000000000,7
800,87,0.0201389510,54827568.0000000000,18
800,88,0.0202139880,54827568.0000000000,17
800,89,0.0201968210,54827568.0000000000,9
800,90,0.0201838890,54827568.0000000000,17
800,91,0.0200985730,54827568.0000000000,10
800,92,0.0201819660,54827568.0000000000,12
800,93,0.0201539210,54827568.0000000000,13
800,94,0.0202028630,54827568.0000000000,10
800,95,0.0202126340,54827568.0000000000,16
800,96,0.0200939670,54827568.0000000000,22
800,97,0.0201281990,54827568.0000000000,11
800,98,0.0201427030,54827568.0000000000,2
800,99,0.0201390990,54827568.0000000000,6
800,100,0.0202219730,54827568.0000000000,13
800,101,0.0201997200,54827568.0000000000,14
800,102,0.0201263480,54827568.0000000000,15
800,103,0.0201905590,54827568.0000000000,16
800,104,0.0201130660,54827568.0000000000,1
800,105,0.0201468900,54827568.0000000000,22
800,106,0.0201886900,54827568.0000000000,21
800,107,0.0201198650,54827568.0000000000,14
800,108,0.0201915200,54827568.0000000000,4
800,109,0.0201484870,54827568.0000000000,5
800,110,0.0201024910,54827568.0000000000,12
800,111,0.0202208440,54827568.0000000000,23
800,112,0.0200978120,54827568.0000000000,15
800,113,0.0201371890,54827568.0000000000,12
800,114,0.0201512850,54827568.0000000000,9
800,115,0.0201662770,54827568.0000000000,21
800,116,0.0202273250,54827568.0000000000,23
800,117,0.0174553560,47074864.0000000000,1
800,118,0.0174704320,47074864.0000000000,2
800,119,0.0174755630,47074864.0000000000,13
800,120,0.0174287320,47074864.0000000000,3
800,121,0.0174721780,47074864.0000000000,5
800,122,0.0174379040,47074864.0000000000,20
800,123,0.0174598020,47074864.0000000000,18
800,124,0.0174402620,47074864.0000000000,19
800,125,0.0174037430,47074864.0000000000,15
800,126,0.0174794300,47074864.0000000000,12
800,127,0.0174322990,47074864.0000000000,8
800,128,0.0174556760,47074864.0000000000,9
800,129,0.0174658830,47074864.0000000000,14
800,130,0.0174393320,47074864.0000000000,14
800,131,0.0174969900,47074864.0000000000,16
800,132,0.0174856490,47074864.0000000000,17
800,133,0.0174582560,47074864.0000000000,17
800,134,0.0174637530,47074864.0000000000,6
800,135,0.0174121610,47074864.0000000000,3
800,136,0.0174301670,47074864.0000000000,11
800,137,0.0174566740,47074864.0000000000,1
800,138,0.0175192300,47074864.0000000000,4
800,139,0.0174811540,47074864.0000000000,13
800,140,0.0174974920,47074864.0000000000,16
800,141,0.0174381830,47074864.0000000000,5
800,142,0.0174405650,47074864.0000000000,15
800,143,0.0174423680,47074864.0000000000,12
800,144,0.0174743990,47074864.0000000000,0
800,145,0.0174876730,47074864.0000000000,2
800,146,0.0174064530,47074864.0000000000,7
800,147,0.0174611670,47074864.0000000000,6
800,148,0.0174498850,47074864.0000000000,10
800,149,0.0174398920,47074864.0000000000,0
800,150,0.0174542130,47074864.0000000000,7
800,151,0.0174271200,47074864.0000000000,8
800,152,0.0175058050,47074864.0000000000,4
850,0,7.7127981226,325112272.0000000000,11
850,1,7.7484589783,320253104.0000000000,9
850,2,7.5874571919,310858496.0000000000,10
850,3,7.5866654625,308006624.0000000000,13
850,4,7.5504718829,305940624.0000000000,14
850,5,7.7889835320,314767888.0000000000,12
850,6,8.4285298922,338475184.0000000000,15
850,7,8.5281911373,345550592.0000000000,16
850,8,8.1220694172,338290416.0000000000,17
850,9,10.2498956312,436410896.0000000000,18
850,10,10.3428790862,438120576.0000000000,20
850,11,10.5691543585,444308800.0000000000,19
850,12,10.9329212735,456709104.0000000000,17
850,13,11.1542605330,464568480.0000000000,14
850,14,10.9525125804,457308752.0000000000,23
850,15,10.5652594349,444620608.0000000000,21
850,16,10.3322203290,438170304.0000000000,2
850,17,10.2423151870,436479552.0000000000,7
850,18,10.1941877052,436387936.0000000000,18
850,19,10.1841890820,436508768.0000000000,12
850,20,10.1874372704,436507584.0000000000,13
850,21,10.1853415418,436516304.0000000000,0
850,22,10.1962301675,436514944.0000000000,8
850,23,10.1893388042,436513152.0000000000,1
850,24,10.1893963580,436506512.0000000000,5
850,25,10.2111567938,436513792.0000000000,4
850,26,10.1853661172,436386800.0000000000,1
850,27,10.1990618253,436389248.0000000000,7
850,28,10.2039890172,436512272.0000000000,4
850,29,10.1879275966,436511472.0000000000,5
850,30,10.1976043176,436508304.0000000000,9
850,31,10.1935102197,436508608.0000000000,19
850,32,10.1866809724,436511808.0000000000,3
850,33,10.1947473107,436505888.0000000000,8
850,34,10.1840881526,436507840.0000000000,6
850,35,10.1834524854,436389296.0000000000,20
850,36,10.1967192091,436105664.0000000000,15
850,37,10.2199710804,436520992.0000000000,10
850,38,10.1902196914,436507424.0000000000,11
850,39,10.2171531847,436515872.0000000000,16
850,40,10.1948974611,436499264.0000000000,22
850,41,10.1903097644,436503520.0000000000,6
850,42,10.1956871237,436518304.0000000000,2
850,43,10.1924016157,436510944.0000000000,3
850,44,10.1820218401,436104288.0000000000,0
850,45,2.6332434813,132047744.0000000000,23
850,46,2.6301771694,132147840.0000000000,22
850,47,2.6306120310,132132688.0000000000,21
850,48,2.6341695696,132143392.0000000000,23
850,49,2.6308092954,132153488.0000000000,21
850,50,2.6300635976,132145280.0000000000,21
850,51,2.6339265148,132148544.0000000000,23
850,52,2.6304921842,132145088.0000000000,22
850,53,2.6287471247,132048352.0000000000,22
850,54,0.6594791037,54827568.0000000000,17
850,55,0.6571060785,54827568.0000000000,15
850,56,0.6598078901,54827568.0000000000,16
850,57,0.6587604094,54827568.0000000000,14
850,58,0.6582923249,54827568.0000000000,10
850,59,0.6593119390,54827568.0000000000,13
850,60,0.6587284263,54827568.0000000000,21
850,61,0.6593854187,54827568.0000000000,9
850,62,0.6579121801,54827568.0000000000,12
850,63,0.6596513144,54827568.0000000000,13
850,64,0.6593706300,54827568.0000000000,23
850,65,0.6579135149,54827568.0000000000,3
850,66,0.6585698269,54827568.0000000000,10
850,67,0.6589277198,54827568.0000000000,14
850,68,0.6596748465,54827568.0000000000,23
850,69,0.6577798393,54827568.0000000000,22
850,70,0.6585560714,54827568.0000000000,21
850,71,0.6573237366,54827568.0000000000,11
850,72,0.6574285016,54827568.0000000000,11
850,73,0.6586853775,54827568.0000000000,19
850,74,0.6569841907,54827568.0000000000,15
850,75,0.6576891343,54827568.0000000000,22
850,76,0.6592684561,54827568.0000000000,9
850,77,0.6569512828,54827568.0000000000,20
850,78,0.6591393141,54827568.0000000000,9
850,79,0.6586859533,54827568.0000000000,0
850,80,0.6572740326,54827568.0000000000,11
850,81,0.6572639959,54827568.0000000000,8
850,82,0.6583120316,54827568.0000000000,10
850,83,0.6601685844,54827568.0000000000,16
850,84,0.6575685063,54827568.0000000000,11
850,85,0.6597479500,54827568.0000000000,17
850,86,0.6575083910,54827568.0000000000,7
850,87,0.6591474044,54827568.0000000000,18
850,88,0.6594679596,54827568.0000000000,17
850,89,0.6591927157,54827568.0000000000,9
850,90,0.6594109297,54827568.0000000000,17
850,91,0.6582388505,54827568.0000000000,10
850,92,0.6576109315,54827568.0000000000,12
850,93,0.6592990921,54827568.0000000000,13
850,94,0.6586891086,54827568.0000000000,10
850,95,0.6594478033,54827568.0000000000,16
850,96,0.6580545194,54827568.0000000000,22
850,97,0.6573272190,54827568.0000000000,11
850,98,0.6590726158,54827568.0000000000,2
850,99,0.6583637099,54827568.0000000000,6
850,100,0.6595175264,54827568.0000000000,13
850,101,0.6586257696,54827568.0000000000,14
850,102,0.6568594333,54827568.0000000000,15
850,103,0.6595965772,54827568.0000000000,16
850,104,0.6582902188,54827568.0000000000,1
850,105,0.6574435094,54827568.0000000000,22
850,106,0.6584700233,54827568.0000000000,21
850,107,0.6584444554,54827568.0000000000,14
850,108,0.6614600869,54827568.0000000000,4
850,109,0.6586879398,54827568.0000000000,5
850,110,0.6591724317,54827568.0000000000,12
850,111,0.6595014291,54827568.0000000000,23
850,112,0.6572394111,54827568.0000000000,15
850,113,0.6580271605,54827568.0000000000,12
850,114,0.6588467841,54827568.0000000000,9
850,115,0.6591593100,54827568.0000000000,21
850,116,0.6595781924,54827568.0000000000,23
850,117,0.5701599263,47074864.0000000000,1
850,118,0.5710369224,47074864.0000000000,2
850,119,0.5708318214,47074864.0000000000,13
850,120,0.5695669846,47074864.0000000000,3
850,121,0.5702962849,47074864.0000000000,5
850,122,0.5696780144,47074864.0000000000,20
850,123,0.5710758447,47074864.0000000000,18
850,124,0.5709878716,47074864.0000000000,19
850,125,0.5691476046,47074864.0000000000,15
850,126,0.5696704855,47074864.0000000000,12
850,127,0.5698829270,47074864.0000000000,8
850,128,0.5709125722,47074864.0000000000,9
850,129,0.5705885720,47074864.0000000000,14
850,130,0.5706437326,47074864.0000000000,14
850,131,0.5713603928,47074864.0000000000,16
850,132,0.5709190059,47074864.0000000000,17
850,133,0.5708399047,47074864.0000000000,17
850,134,0.5705484494,47074864.0000000000,6
850,135,0.5691888546,47074864.0000000000,3
850,136,0.5691356811,47074864.0000000000,11
850,137,0.5701028168,47074864.0000000000,1
850,138,0.5716687414,47074864.0000000000,4
850,139,0.5707718447,47074864.0000000000,13
850,140,0.5713432441,47074864.0000000000,16
850,141,0.5702422142,47074864.0000000000,5
850,142,0.5691192927,47074864.0000000000,15
850,143,0.5697315416,47074864.0000000000,12
850,144,0.5706242275,47074864.0000000000,0
850,145,0.5708934492,47074864.0000000000,2
850,146,0.5694910415,47074864.0000000000,7
850,147,0.5703160947,47074864.0000000000,6
850,148,0.5693340191,47074864.0000000000,10
850,149,0.5702651244,47074864.0000000000,0
850,150,0.5694461867,47074864.0000000000,7
850,151,0.5695371549,47074864.0000000000,8
850,152,0.5715017666,47074864.0000000000,4
900,0,0.2398129080,324399232.0000000000,11
900,1,0.2397392940,319062000.0000000000,9
900,2,0.2285476350,306170640.0000000000,10
900,3,0.2170955140,295705920.0000000000,13
900,4,0.2121179080,291182640.0000000000,14
900,5,0.2258938870,304919392.0000000000,12
900,6,0.2569417270,334912016.0000000000,15
900,7,0.2667807490,346409184.0000000000,16
900,8,0.2543841370,339056720.0000000000,17
900,9,0.3191622330,436455568.0000000000,18
900,10,0.3242965430,438839504.0000000000,20
900,11,0.3362381700,447907360.0000000000,19
900,12,0.3567200330,466202112.0000000000,17
900,13,0.3702146500,478242560.0000000000,14
900,14,0.3585304840,467677152.0000000000,23
900,15,0.3364021150,448633792.0000000000,21
900,16,0.3237083900,438961808.0000000000,2
900,17,0.3188778740,436569824.0000000000,7
900,18,0.3163949320,436386144.0000000000,18
900,19,0.3167301150,436507808.0000000000,12
900,20,0.3166034790,436505056.0000000000,13
900,21,0.3163701130,436510512.0000000000,0
900,22,0.3165648470,436509760.0000000000,8
900,23,0.3166853110,436510144.0000000000,1
900,24,0.3167340840,436506624.0000000000,5
900,25,0.3170902200,436512608.0000000000,4
900,26,0.3165122250,436383840.0000000000,1
900,27,0.3168710670,436385136.0000000000,7
900,28,0.3168978300,436511792.0000000000,4
900,29,0.3165267400,436512752.0000000000,5
900,30,0.3169481280,436507056.0000000000,9
900,31,0.3172342540,436509936.0000000000,19
900,32,0.3164968860,436513392.0000000000,3
900,33,0.3166704410,436509504.0000000000,8
900,34,0.3164761620,436508944.0000000000,6
900,35,0.3163916600,436388416.0000000000,20
900,36,0.3167596330,436078416.0000000000,15
900,37,0.3174991340,436528384.0000000000,10
900,38,0.3166899380,436503184.0000000000,11
900,39,0.3175163000,436518304.0000000000,16
900,40,0.3167578790,436501488.0000000000,22
900,41,0.3166368550,436502784.0000000000,6
900,42,0.3168540950,436519008.0000000000,2
900,43,0.3167157170,436507440.0000000000,3
900,44,0.3164760980,436080848.0000000000,0
900,45,0.0816664410,132041872.0000000000,23
900,46,0.0815725020,132146128.0000000000,22
900,47,0.0815328840,132132976.0000000000,21
900,48,0.0816352310,132142352.0000000000,23
900,49,0.0814955300,132150832.0000000000,21
900,50,0.0816797560,132145680.0000000000,21
900,51,0.0816564020,132151136.0000000000,23
900,52,0.0814939550,132144672.0000000000,22
900,53,0.0814665160,132042496.0000000000,22
900,54,0.0201166190,54827568.0000000000,17
900,55,0.0201347530,54827568.0000000000,15
900,56,0.0202140980,54827568.0000000000,16
900,57,0.0200836650,54827568.0000000000,14
900,58,0.0201695570,54827568.0000000000,10
900,59,0.0202095680,54827568.0000000000,13
900,60,0.0201406160,54827568.0000000000,21
900,61,0.0201171890,54827568.0000000000,9
900,62,0.0201828270,54827568.0000000000,12
900,63,0.0202036570,54827568.0000000000,13
900,64,0.0201563480,54827568.0000000000,23
900,65,0.0201775900,54827568.0000000000,3
900,66,0.0201505820,54827568.0000000000,10
900,67,0.0201364680,54827568.0000000000,14
900,68,0.0201679500,54827568.0000000000,23
900,69,0.0201144480,54827568.0000000000,22
900,70,0.0201797720,54827568.0000000000,21
900,71,0.0201555700,54827568.0000000000,11
900,72,0.0200938310,54827568.0000000000,11
900,73,0.0201871630,54827568.0000000000,19
900,74,0.0200928030,54827568.0000000000,15
900,75,0.0201404370,54827568.0000000000,22
900,76,0.0201735190,54827568.0000000000,9
900,77,0.0200782060,54827568.0000000000,20
900,78,0.0201241700,54827568.0000000000,9
900,79,0.0201942600,54827568.0000000000,0
900,80,0.0201541290,54827568.0000000000,11
900,81,0.0201002660,54827568.0000000000,8
900,82,0.0201458110,54827568.0000000000,10
900,83,0.0202143770,54827568.0000000000,16
900,84,0.0201480070,54827568.0000000000,11
900,85,0.0201853600,54827568.0000000000,17
900,86,0.0200862380,54827568.0000000000,7
900,87,0.0201706710,54827568.0000000000,18
900,88,0.0202424510,54827568.0000000000,17
900,89,0.0201876030,54827568.0000000000,9
900,90,0.0201637700,54827568.0000000000,17
900,91,0.0201529350,54827568.0000000000,10
900,92,0.0200797860,54827568.0000000000,12
900,93,0.0202174520,54827568.0000000000,13
900,94,0.0201243090,54827568.0000000000,10
900,95,0.0201648200,54827568.0000000000,16
900,96,0.0201551740,54827568.0000000000,22
900,97,0.0200943520,54827568.0000000000,11
900,98,0.0201239960,54827568.0000000000,2
900,99,0.0201732040,54827568.0000000000,6
900,100,0.0201281890,54827568.0000000000,13
900,101,0.0200730850,54827568.0000000000,14
900,102,0.0201305150,54827568.0000000000,15
900,103,0.0201596810,54827568.0000000000,16
900,104,0.0201541560,54827568.0000000000,1
900,105,0.0201295160,54827568.0000000000,22
900,106,0.0201430520,54827568.0000000000,21
900,107,0.0201003670,54827568.0000000000,14
900,108,0.0202412480,54827568.0000000000,4
900,109,0.0201786940,54827568.0000000000,5
900,110,0.0201944890,54827568.0000000000,12
900,111,0.0201657750,54827568.0000000000,23
900,112,0.0201123010,54827568.0000000000,15
900,113,0.0201661750,54827568.0000000000,12
900,114,0.0201635940,54827568.0000000000,9
900,115,0.0201267790,54827568.0000000000,21
900,116,0.0201678600,54827568.0000000000,23
900,117,0.0174612810,47074864.0000000000,1
900,118,0.0174768700,47074864.0000000000,2
900,119,0.0174697590,47074864.0000000000,13
900,120,0.0174341780,47074864.0000000000,3
900,121,0.0174539430,47074864.0000000000,5
900,122,0.0174419100,47074864.0000000000,20
900,123,0.0174594990,47074864.0000000000,18
900,124,0.0174884740,47074864.0000000000,19
900,125,0.0173949240,47074864.0000000000,15
900,126,0.0174064060,47074864.0000000000,12
900,127,0.0174258980,47074864.0000000000,8
900,128,0.0174517670,47074864.0000000000,9
900,129,0.0174837950,47074864.0000000000,14
900,130,0.0174675950,47074864.0000000000,14
900,131,0.0175057660,47074864.0000000000,16
900,132,0.0174859190,47074864.0000000000,17
900,133,0.0174554820,47074864.0000000000,17
900,134,0.0174544040,47074864.0000000000,6
900,135,0.0174154550,47074864.0000000000,3
900,136,0.0174254060,47074864.0000000000,11
900,137,0.0174378150,47074864.0000000000,1
900,138,0.0174761370,47074864.0000000000,4
900,139,0.0174693000,47074864.0000000000,13
900,140,0.0174638190,47074864.0000000000,16
900,141,0.0174369720,47074864.0000000000,5
900,142,0.0174091620,47074864.0000000000,15
900,143,0.0174398930,47074864.0000000000,12
900,144,0.0174212650,47074864.0000000000,0
900,145,0.0174675940,47074864.0000000000,2
900,146,0.0174070640,47074864.0000000000,7
900,147,0.0174326230,47074864.0000000000,6
900,148,0.0174272200,47074864.0000000000,10
900,149,0.0174329970,47074864.0000000000,0
900,150,0.0174866950,47074864.0000000000,7
900,151,0.0174257660,47074864.0000000000,8
900,152,0.0174657270,47074864.0000000000,4
950,0,7.7084079685,323631648.0000000000,11
950,1,7.7060282179,318044224.0000000000,9
950,2,7.2909719816,303222336.0000000000,10
950,3,6.7947997645,286653648.0000000000,13
950,4,6.5858096530,280323504.0000000000,14
950,5,7.1151610602,297642848.0000000000,12
950,6,8.2194851481,332010368.0000000000,15
950,7,8.6211354310,347755312.0000000000,16
950,8,8.2172609104,340000208.0000000000,17
950,9,10.2836183802,436465344.0000000000,18
950,10,10.4586677967,439364672.0000000000,20
950,11,10.8848156431,450332272.0000000000,19
950,12,11.6439938133,472757808.0000000000,17
950,13,12.1446649332,488075040.0000000000,14
950,14,11.7280638886,475536192.0000000000,23
950,15,10.9091477549,451722640.0000000000,21
950,16,10.4360671194,439566944.0000000000,2
950,17,10.2737034324,436630416.0000000000,7
950,18,10.1870409316,436383328.0000000000,18
950,19,10.1873694188,436510128.0000000000,12
950,20,10.1871211769,436506208.0000000000,13
950,21,10.1855655878,436512160.0000000000,0
950,22,10.1901225535,436507376.0000000000,8
950,23,10.1889244534,436508448.0000000000,1
950,24,10.1887293285,436508016.0000000000,5
950,25,10.2102443656,436508800.0000000000,4
950,26,10.1846218310,436383216.0000000000,1
950,27,10.1981670889,436384016.0000000000,7
950,28,10.2025738319,436511248.0000000000,4
950,29,10.1867142477,436513152.0000000000,5
950,30,10.1954037294,436509152.0000000000,9
950,31,10.1961882832,436511024.0000000000,19
950,32,10.1852754405,436511440.0000000000,3
950,33,10.1896354374,436510352.0000000000,8
950,34,10.1843256792,436510864.0000000000,6
950,35,10.1830884357,436386448.0000000000,20
950,36,10.1940747267,436060288.0000000000,15
950,37,10.2197962131,436524464.0000000000,10
950,38,10.1893883964,436502016.0000000000,11
950,39,10.2168672848,436518384.0000000000,16
950,40,10.1943825649,436503136.0000000000,22
950,41,10.1904179897,436501008.0000000000,6
950,42,10.1963061251,436522064.0000000000,2
950,43,10.1914906566,436503728.0000000000,3
950,44,10.1813936451,436061232.0000000000,0
950,45,2.6334659170,132037376.0000000000,23
950,46,2.6300228568,132147456.0000000000,22
950,47,2.6307767598,132133968.0000000000,21
950,48,2.6340489177,132140400.0000000000,23
950,49,2.6301231505,132153088.0000000000,21
950,50,2.6304106752,132146000.0000000000,21
950,51,2.6340257688,132148944.0000000000,23
950,52,2.6297919562,132144672.0000000000,22
950,53,2.6282185834,132038736.0000000000,22
950,54,0.6592671339,54827568.0000000000,17
950,55,0.6574050190,54827568.0000000000,15
950,56,0.6592306067,54827568.0000000000,16
950,57,0.6586091657,54827568.0000000000,14
950,58,0.6583482685,54827568.0000000000,10
950,59,0.6598087474,54827568.0000000000,13
950,60,0.6588322850,54827568.0000000000,21
950,61,0.6594795589,54827568.0000000000,9
950,62,0.6575636375,54827568.0000000000,12
950,63,0.6597676024,54827568.0000000000,13
950,64,0.6590597665,54827568.0000000000,23
950,65,0.6579455223,54827568.0000000000,3
950,66,0.6580732433,54827568.0000000000,10
950,67,0.6585854770,54827568.0000000000,14
950,68,0.6596272519,54827568.0000000000,23
950,69,0.6580311588,54827568.0000000000,22
950,70,0.6585219538,54827568.0000000000,21
950,71,0.6572648003,54827568.0000000000,11
950,72,0.6572969551,54827568.0000000000,11
950,73,0.6590475107,54827568.0000000000,19
950,74,0.6568303583,54827568.0000000000,15
950,75,0.6573671041,54827568.0000000000,22
950,76,0.6593779822,54827568.0000000000,9
950,77,0.6569991209,54827568.0000000000,20
950,78,0.6587370748,54827568.0000000000,9
950,79,0.6586874647,54827568.0000000000,0
950,80,0.6573148293,54827568.0000000000,11
950,81,0.6571623941,54827568.0000000000,8
950,82,0.6582878039,54827568.0000000000,10
950,83,0.6600495231,54827568.0000000000,16
950,84,0.6572288010,54827568.0000000000,11
950,85,0.6594615068,54827568.0000000000,17
950,86,0.6574024886,54827568.0000000000,7
950,87,0.6590338761,54827568.0000000000,18
950,88,0.6593117732,54827568.0000000000,17
950,89,0.6592645105,54827568.0000000000,9
950,90,0.6597847160,54827568.0000000000,17
950,91,0.6584587505,54827568.0000000000,10
950,92,0.6575952971,54827568.0000000000,12
950,93,0.6595058354,54827568.0000000000,13
950,94,0.6583850225,54827568.0000000000,10
950,95,0.6597411450,54827568.0000000000,16
950,96,0.6579802273,54827568.0000000000,22
950,97,0.6573457181,54827568.0000000000,11
950,98,0.6590044071,54827568.0000000000,2
950,99,0.6582905827,54827568.0000000000,6
950,100,0.6595134574,54827568.0000000000,13
950,101,0.6583808556,54827568.0000000000,14
950,102,0.6569503263,54827568.0000000000,15
950,103,0.6597053452,54827568.0000000000,16
950,104,0.6581425732,54827568.0000000000,1
950,105,0.6576518142,54827568.0000000000,22
950,106,0.6586384693,54827568.0000000000,21
950,107,0.6584978182,54827568.0000000000,14
950,108,0.6611225064,54827568.0000000000,4
950,109,0.6588412329,54827568.0000000000,5
950,110,0.6576123282,54827568.0000000000,12
950,111,0.6593216799,54827568.0000000000,23
950,112,0.6573640064,54827568.0000000000,15
950,113,0.6577630869,54827568.0000000000,12
950,114,0.6592719331,54827568.0000000000,9
950,115,0.6586487916,54827568.0000000000,21
950,116,0.6595474534,54827568.0000000000,23
950,117,0.5701023229,47074864.0000000000,1
950,118,0.5710027941,47074864.0000000000,2
950,119,0.5709733129,47074864.0000000000,13
950,120,0.5693740869,47074864.0000000000,3
950,121,0.5702262112,47074864.0000000000,5
950,122,0.5692667407,47074864.0000000000,20
950,123,0.5706365839,47074864.0000000000,18
950,124,0.5709572595,47074864.0000000000,19
950,125,0.5690304583,47074864.0000000000,15
950,126,0.5696993204,47074864.0000000000,12
950,127,0.5695978041,47074864.0000000000,8
950,128,0.5710849115,47074864.0000000000,9
950,129,0.5702356067,47074864.0000000000,14
950,130,0.5702100956,47074864.0000000000,14
950,131,0.5712766839,47074864.0000000000,16
950,132,0.5709167410,47074864.0000000000,17
950,133,0.5708681262,47074864.0000000000,17
950,134,0.5703555156,47074864.0000000000,6
950,135,0.5695459217,47074864.0000000000,3
950,136,0.5690345512,47074864.0000000000,11
950,137,0.5698117282,47074864.0000000000,1
950,138,0.5717406448,47074864.0000000000,4
950,139,0.5708767436,47074864.0000000000,13
950,140,0.5713195015,47074864.0000000000,16
950,141,0.5701958728,47074864.0000000000,5
950,142,0.5691601007,47074864.0000000000,15
950,143,0.5696620502,47074864.0000000000,12
950,144,0.5705271937,47074864.0000000000,0
950,145,0.5708802139,47074864.0000000000,2
950,146,0.5696120777,47074864.0000000000,7
950,147,0.5702355412,47074864.0000000000,6
950,148,0.5693916775,47074864.0000000000,10
950,149,0.5701980639,47074864.0000000000,0
950,150,0.5695018516,47074864.0000000000,7
950,151,0.5692716389,47074864.0000000000,8
950,152,0.5713994971,47074864.0000000000,4
1000,0,0.2393876950,322712288.0000000000,11
1000,1,0.2386520130,317034000.0000000000,9
1000,2,0.2246987080,301879664.0000000000,10
1000,3,0.2021002980,281174336.0000000000,13
1000,4,0.1931449920,274007024.0000000000,14
1000,5,0.2131494120,293279968.0000000000,12
1000,6,0.2534929310,330042000.0000000000,15
1000,7,0.2714828680,349732000.0000000000,16
1000,8,0.2573240820,341004960.0000000000,17
1000,9,0.3203426200,436433968.0000000000,18
1000,10,0.3266854180,439624736.0000000000,20
1000,11,0.3415536270,451384736.0000000000,19
1000,12,0.3690044720,475408624.0000000000,17
1000,13,0.3879231150,492467680.0000000000,14
1000,14,0.3740244100,479531120.0000000000,23
1000,15,0.3433594460,453428064.0000000000,21
1000,16,0.3257594510,439893872.0000000000,2
1000,17,0.3200267160,436680000.0000000000,7
1000,18,0.3167848090,436386080.0000000000,18
1000,19,0.3164052960,436512272.0000000000,12
1000,20,0.3164699300,436506368.0000000000,13
1000,21,0.3164633900,436513184.0000000000,0
1000,22,0.3165328460,436510016.0000000000,8
1000,23,0.3165999730,436510144.0000000000,1
1000,24,0.3167269020,436506288.0000000000,5
1000,25,0.3165571440,436512352.0000000000,4
1000,26,0.3164398560,436382912.0000000000,1
1000,27,0.3168826200,436382752.0000000000,7
1000,28,0.3166304940,436509744.0000000000,4
1000,29,0.3166529600,436508848.0000000000,5
1000,30,0.3168368730,436509040.0000000000,9
1000,31,0.3170736490,436507680.0000000000,19
1000,32,0.3164282740,436511968.0000000000,3
1000,33,0.3164727900,436510288.0000000000,8
1000,34,0.3164409330,436508784.0000000000,6
1000,35,0.3164941990,436380864.0000000000,20
1000,36,0.3169100440,436029936.0000000000,15
1000,37,0.3178282480,436529280.0000000000,10
1000,38,0.3163900990,436501984.0000000000,11
1000,39,0.3174609570,436523792.0000000000,16
1000,40,0.3167850520,436501312.0000000000,22
1000,41,0.3167220230,436503376.0000000000,6
1000,42,0.3167454740,436518624.0000000000,2
1000,43,0.3167516750,436504752.0000000000,3
1000,44,0.3163051350,436039184.0000000000,0
1000,45,0.0815898260,132034624.0000000000,23
1000,46,0.0815054340,132147280.0000000000,22
1000,47,0.0814702130,132135264.0000000000,21
1000,48,0.0815839420,132137616.0000000000,23
1000,49,0.0814184440,132151264.0000000000,21
1000,50,0.0815163340,132146272.0000000000,21
1000,51,0.0815497400,132151872.0000000000,23
1000,52,0.0814885190,132141888.0000000000,22
1000,53,0.0815630030,132034352.0000000000,22
1000,54,0.0202280650,54827568.0000000000,17
1000,55,0.0201165670,54827568.0000000000,15
1000,56,0.0201860830,54827568.0000000000,16
1000,57,0.0201104660,54827568.0000000000,14
1000,58,0.0201809400,54827568.0000000000,10
1000,59,0.0201696720,54827568.0000000000,13
1000,60,0.0201370700,54827568.0000000000,21
1000,61,0.0202094040,54827568.0000000000,9
1000,62,0.0201671560,54827568.0000000000,12
1000,63,0.0201817780,54827568.0000000000,13
1000,64,0.0201973180,54827568.0000000000,23
1000,65,0.0201145390,54827568.0000000000,3
1000,66,0.0201998650,54827568.0000000000,10
1000,67,0.0201586610,54827568.0000000000,14
1000,68,0.0202119160,54827568.0000000000,23
1000,69,0.0201538410,54827568.0000000000,22
1000,70,0.0202017050,54827568.0000000000,21
1000,71,0.0201612010,54827568.0000000000,11
1000,72,0.0201021850,54827568.0000000000,11
1000,73,0.0201182220,54827568.0000000000,19
1000,74,0.0200990050,54827568.0000000000,15
1000,75,0.0201676000,54827568.0000000000,22
1000,76,0.0201710310,54827568.0000000000,9
1000,77,0.0201159380,54827568.0000000000,20
1000,78,0.0201073570,54827568.0000000000,9
1000,79,0.0201396040,54827568.0000000000,0
1000,80,0.0201013540,54827568.0000000000,11
1000,81,0.0200812350,54827568.0000000000,8
1000,82,0.0201606480,54827568.0000000000,10
1000,83,0.0202383050,54827568.0000000000,16
1000,84,0.0201025170,54827568.0000000000,11
1000,85,0.0202012510,54827568.0000000000,17
1000,86,0.0200898050,54827568.0000000000,7
1000,87,0.0202017240,54827568.0000000000,18
1000,88,0.0202225840,54827568.0000000000,17
1000,89,0.0202219900,54827568.0000000000,9
1000,90,0.0201793920,54827568.0000000000,17
1000,91,0.0201748870,54827568.0000000000,10
1000,92,0.0201033810,54827568.0000000000,12
1000,93,0.0201846310,54827568.0000000000,13
1000,94,0.0201302700,54827568.0000000000,10
1000,95,0.0202164310,54827568.0000000000,16
1000,96,0.0201478710,54827568.0000000000,22
1000,97,0.0200943200,54827568.0000000000,11
1000,98,0.0201747350,54827568.0000000000,2
1000,99,0.0201251850,54827568.0000000000,6
1000,100,0.0201715050,54827568.0000000000,13
1000,101,0.0201558250,54827568.0000000000,14
1000,102,0.0201008280,54827568.0000000000,15
1000,103,0.0201831290,54827568.0000000000,16
1000,104,0.0201184950,54827568.0000000000,1
1000,105,0.0200843680,54827568.0000000000,22
1000,106,0.0201644440,54827568.0000000000,21
1000,107,0.0201917250,54827568.0000000000,14
1000,108,0.0201982770,54827568.0000000000,4
1000,109,0.0201809300,54827568.0000000000,5
1000,110,0.0201318560,54827568.0000000000,12
1000,111,0.0201771590,54827568.0000000000,23
1000,112,0.0201331610,54827568.0000000000,15
1000,113,0.0201069880,54827568.0000000000,12
1000,114,0.0201620510,54827568.0000000000,9
1000,115,0.0201496030,54827568.0000000000,21
1000,116,0.0201950120,54827568.0000000000,23
1000,117,0.0174349540,47074864.0000000000,1
1000,118,0.0174823850,47074864.0000000000,2
1000,119,0.0174941250,47074864.0000000000,13
1000,120,0.0174068300,47074864.0000000000,3
1000,121,0.0174615470,47074864.0000000000,5
1000,122,0.0173964620,47074864.0000000000,20
1000,123,0.0174529080,47074864.0000000000,18
1000,124,0.0174806210,47074864.0000000000,19
1000,125,0.0174317060,47074864.0000000000,15
1000,126,0.0174556520,47074864.0000000000,12
1000,127,0.0174345220,47074864.0000000000,8
1000,128,0.0174742390,47074864.0000000000,9
1000,129,0.0174734870,47074864.0000000000,14
1000,130,0.0174784160,47074864.0000000000,14
1000,131,0.0175171810,47074864.0000000000,16
1000,132,0.0174706710,47074864.0000000000,17
1000,133,0.0174796700,47074864.0000000000,17
1000,134,0.0174488630,47074864.0000000000,6
1000,135,0.0174266660,47074864.0000000000,3
1000,136,0.0174376780,47074864.0000000000,11
1000,137,0.0174409630,47074864.0000000000,1
1000,138,0.0174869550,47074864.0000000000,4
1000,139,0.0174655000,47074864.0000000000,13
1000,140,0.0175005500,47074864.0000000000,16
1000,141,0.0174614970,47074864.0000000000,5
1000,142,0.0174024170,47074864.0000000000,15
1000,143,0.0174149910,47074864.0000000000,12
1000,144,0.0174818330,47074864.0000000000,0
1000,145,0.0174431670,47074864.0000000000,2
1000,146,0.0174435750,47074864.0000000000,7
1000,147,0.0174688640,47074864.0000000000,6
1000,148,0.0174520550,47074864.0000000000,10
1000,149,0.0174489590,47074864.0000000000,0
1000,150,0.0174280540,47074864.0000000000,7
1000,151,0.0174055760,47074864.0000000000,8
1000,152,0.0174956830,47074864.0000000000,4
1050,0,7.6785083243,321811312.0000000000,11
1050,1,7.6727556949,316048944.0000000000,9
1050,2,7.2377252405,301669424.0000000000,10
1050,3,6.4598966591,279187232.0000000000,13
1050,4,6.1560546856,270920448.0000000000,14
1050,5,6.8308182494,291750208.0000000000,12
1050,6,8.1568224264,329256272.0000000000,15
1050,7,8.7744268964,352260400.0000000000,16
1050,8,8.2919474512,342000192.0000000000,17
1050,9,10.3166171597,436401184.0000000000,18
1050,10,10.5215242716,439730576.0000000000,20
1050,11,11.0230938405,451709760.0000000000,19
1050,12,11.8968066064,475830704.0000000000,17
1050,13,12.5218759276,493250672.0000000000,14
1050,14,12.0675997141,480630960.0000000000,23
1050,15,11.0722574850,454053808.0000000000,21
1050,16,10.4949252010,440057168.0000000000,2
1050,17,10.3031663629,436702992.0000000000,7
1050,18,10.1933167156,436384928.0000000000,18
1050,19,10.1841311507,436511696.0000000000,12
1050,20,10.1881892346,436509152.0000000000,13
1050,21,10.1857296331,436511632.0000000000,0
1050,22,10.1955374004,436513744.0000000000,8
1050,23,10.1884495564,436509120.0000000000,1
1050,24,10.1883901810,436509008.0000000000,5
1050,25,10.1990210203,436510912.0000000000,4
1050,26,10.1858859984,436382368.0000000000,1
1050,27,10.1995556937,436384544.0000000000,7
1050,28,10.1911670358,436506800.0000000000,4
1050,29,10.1883547861,436509792.0000000000,5
1050,30,10.1964545343,436510848.0000000000,9
1050,31,10.1984805473,436509984.0000000000,19
1050,32,10.1864429612,436507072.0000000000,3
1050,33,10.1938533707,436508976.0000000000,8
1050,34,10.1850190392,436510800.0000000000,6
1050,35,10.1829787625,436376224.0000000000,20
1050,36,10.1921766593,436006368.0000000000,15
1050,37,10.2207289672,436533040.0000000000,10
1050,38,10.1906700354,436504528.0000000000,11
1050,39,10.2171923261,436522768.0000000000,16
1050,40,10.1947475494,436496752.0000000000,22
1050,41,10.1907615529,436503040.0000000000,6
1050,42,10.1960031020,436525056.0000000000,2
1050,43,10.1918889418,436505104.0000000000,3
1050,44,10.1803535934,436022160.0000000000,0
1050,45,2.6326080578,132027840.0000000000,23
1050,46,2.6299105702,132149248.0000000000,22
1050,47,2.6309569673,132133728.0000000000,21
1050,48,2.6342294270,132140080.0000000000,23
1050,49,2.6311634657,132149520.0000000000,21
1050,50,2.6305488457,132146080.0000000000,21
1050,51,2.6340063519,132154304.0000000000,23
1050,52,2.6293065813,132139456.0000000000,22
1050,53,2.6279165672,132027456.0000000000,22
1050,54,0.6596780671,54827568.0000000000,17
1050,55,0.6571032408,54827568.0000000000,15
1050,56,0.6598452826,54827568.0000000000,16
1050,57,0.6590697981,54827568.0000000000,14
1050,58,0.6584949436,54827568.0000000000,10
1050,59,0.6599076252,54827568.0000000000,13
1050,60,0.6587435225,54827568.0000000000,21
1050,61,0.6591593634,54827568.0000000000,9
1050,62,0.6575516190,54827568.0000000000,12
1050,63,0.6593563127,54827568.0000000000,13
1050,64,0.6593082566,54827568.0000000000,23
1050,65,0.6583341665,54827568.0000000000,3
1050,66,0.6583982029,54827568.0000000000,10
1050,67,0.6591559010,54827568.0000000000,14
1050,68,0.6594623252,54827568.0000000000,23
1050,69,0.6575436605,54827568.0000000000,22
1050,70,0.6584408742,54827568.0000000000,21
1050,71,0.6574654288,54827568.0000000000,11
1050,72,0.6572533292,54827568.0000000000,11
1050,73,0.6589866295,54827568.0000000000,19
1050,74,0.6568069640,54827568.0000000000,15
1050,75,0.6577504869,54827568.0000000000,22
1050,76,0.6591111162,54827568.0000000000,9
1050,77,0.6568108743,54827568.0000000000,20
1050,78,0.6590962526,54827568.0000000000,9
1050,79,0.6586657189,54827568.0000000000,0
1050,80,0.6572735643,54827568.0000000000,11
1050,81,0.6573753922,54827568.0000000000,8
1050,82,0.6583539561,54827568.0000000000,10
1050,83,0.6597760717,54827568.0000000000,16
1050,84,0.6573670777,54827568.0000000000,11
1050,85,0.6596229351,54827568.0000000000,17
1050,86,0.6576076419,54827568.0000000000,7
1050,87,0.6592509966,54827568.0000000000,18
1050,88,0.6594472625,54827568.0000000000,17
1050,89,0.6592038436,54827568.0000000000,9
1050,90,0.6594560234,54827568.0000000000,17
1050,91,0.6585047514,54827568.0000000000,10
1050,92,0.6578527176,54827568.0000000000,12
1050,93,0.6592208468,54827568.0000000000,13
1050,94,0.6586217708,54827568.0000000000,10
1050,95,0.6596295879,54827568.0000000000,16
1050,96,0.6579713280,54827568.0000000000,22
1050,97,0.6575606792,54827568.0000000000,11
1050,98,0.6589614610,54827568.0000000000,2
1050,99,0.6583835647,54827568.0000000000,6
1050,100,0.6595337184,54827568.0000000000,13
1050,101,0.6584413970,54827568.0000000000,14
1050,102,0.6566108098,54827568.0000000000,15
1050,103,0.6597410430,54827568.0000000000,16
1050,104,0.6584716381,54827568.0000000000,1
1050,105,0.6575670753,54827568.0000000000,22
1050,106,0.6586781203,54827568.0000000000,21
1050,107,0.6586533625,54827568.0000000000,14
1050,108,0.6609667244,54827568.0000000000,4
1050,109,0.6588851970,54827568.0000000000,5
1050,110,0.6573494313,54827568.0000000000,12
1050,111,0.6593278921,54827568.0000000000,23
1050,112,0.6569561790,54827568.0000000000,15
1050,113,0.6574732656,54827568.0000000000,12
1050,114,0.6589878996,54827568.0000000000,9
1050,115,0.6587070669,54827568.0000000000,21
1050,116,0.6596533412,54827568.0000000000,23
1050,117,0.5700639875,47074864.0000000000,1
1050,118,0.5708959602,47074864.0000000000,2
1050,119,0.5709309576,47074864.0000000000,13
1050,120,0.5695322524,47074864.0000000000,3
1050,121,0.5702843921,47074864.0000000000,5
1050,122,0.5689664299,47074864.0000000000,20
1050,123,0.5709205955,47074864.0000000000,18
1050,124,0.5713425198,47074864.0000000000,19
1050,125,0.5692298875,47074864.0000000000,15
1050,126,0.5694051105,47074864.0000000000,12
1050,127,0.5696607986,47074864.0000000000,8
1050,128,0.5709636591,47074864.0000000000,9
1050,129,0.5704088101,47074864.0000000000,14
1050,130,0.5703418685,47074864.0000000000,14
1050,131,0.5712715248,47074864.0000000000,16
1050,132,0.5711853150,47074864.0000000000,17
1050,133,0.5709370630,47074864.0000000000,17
1050,134,0.5703275265,47074864.0000000000,6
1050,135,0.5694937710,47074864.0000000000,3
1050,136,0.5690812861,47074864.0000000000,11
1050,137,0.5699121064,47074864.0000000000,1
1050,138,0.5713739206,47074864.0000000000,4
1050,139,0.5707381480,47074864.0000000000,13
1050,140,0.5714404350,47074864.0000000000,16
1050,141,0.5701243445,47074864.0000000000,5
1050,142,0.5692237646,47074864.0000000000,15
1050,143,0.5695983487,47074864.0000000000,12
1050,144,0.5705475031,47074864.0000000000,0
1050,145,0.5709173451,47074864.0000000000,2
1050,146,0.5694036589,47074864.0000000000,7
1050,147,0.5703697948,47074864.0000000000,6
1050,148,0.5694305497,47074864.0000000000,10
1050,149,0.5703422228,47074864.0000000000,0
1050,150,0.5693781295,47074864.0000000000,7
1050,151,0.5693427402,47074864.0000000000,8
1050,152,0.5713063332,47074864.0000000000,4
1100,0,0.2372514010,320803552.0000000000,11
1100,1,0.2371469180,314698992.0000000000,9
1100,2,0.2253402670,301509856.0000000000,10
1100,3,0.1979182610,277612304.0000000000,13
1100,4,0.1797107640,262955472.0000000000,14
1100,5,0.2096516370,289706512.0000000000,12
1100,6,0.2544098700,329133040.0000000000,15
1100,7,0.2771494010,355101056.0000000000,16
1100,8,0.2593817660,342890592.0000000000,17
1100,9,0.3207630600,436383984.0000000000,18
1100,10,0.3274556320,439909888.0000000000,20
1100,11,0.3432678780,452092464.0000000000,19
1100,12,0.3711265250,476197216.0000000000,17
1100,13,0.3894386990,493175904.0000000000,14
1100,14,0.3760253630,480693760.0000000000,23
1100,15,0.3452247250,454268960.0000000000,21
1100,16,0.3268113220,440117088.0000000000,2
1100,17,0.3202143280,436712528.0000000000,7
1100,18,0.3171220090,436381888.0000000000,18
1100,19,0.3164808350,436510208.0000000000,12
1100,20,0.3165633630,436509184.0000000000,13
1100,21,0.3164014740,436508272.0000000000,0
1100,22,0.3175609690,436515008.0000000000,8
1100,23,0.3166417070,436508384.0000000000,1
1100,24,0.3165908770,436514720.0000000000,5
1100,25,0.3172162360,436509088.0000000000,4
1100,26,0.3167424800,436378640.0000000000,1
1100,27,0.3169782560,436382448.0000000000,7
1100,28,0.3168647600,436509904.0000000000,4
1100,29,0.3165009850,436509904.0000000000,5
1100,30,0.3167973740,436507664.0000000000,9
1100,31,0.3166325910,436510048.0000000000,19
1100,32,0.3165391560,436509984.0000000000,3
1100,33,0.3175493270,436505952.0000000000,8
1100,34,0.3165009380,436514592.0000000000,6
1100,35,0.3163250280,436375632.0000000000,20
1100,36,0.3167201980,435982160.0000000000,15
1100,37,0.3174206490,436538640.0000000000,10
1100,38,0.3165780940,436498912.0000000000,11
1100,39,0.3172998410,436523328.0000000000,16
1100,40,0.3167772940,436500560.0000000000,22
1100,41,0.3167246770,436503808.0000000000,6
1100,42,0.3167698920,436519200.0000000000,2
1100,43,0.3165996830,436504736.0000000000,3
1100,44,0.3163100350,436002304.0000000000,0
1100,45,0.0816714290,132023504.0000000000,23
1100,46,0.0814710120,132145216.0000000000,22
1100,47,0.0814082790,132134512.0000000000,21
1100,48,0.0816192980,132139104.0000000000,23
1100,49,0.0814920000,132147296.0000000000,21
1100,50,0.0814006840,132146336.0000000000,21
1100,51,0.0815671570,132155648.0000000000,23
1100,52,0.0815044050,132137632.0000000000,22
1100,53,0.0813947830,132022672.0000000000,22
1100,54,0.0201886290,54827568.0000000000,17
1100,55,0.0201189670,54827568.0000000000,15
1100,56,0.0201337320,54827568.0000000000,16
1100,57,0.0201825420,54827568.0000000000,14
1100,58,0.0201917320,54827568.0000000000,10
1100,59,0.0202287620,54827568.0000000000,13
1100,60,0.0201627120,54827568.0000000000,21
1100,61,0.0201232600,54827568.0000000000,9
1100,62,0.0201261820,54827568.0000000000,12
1100,63,0.0202145050,54827568.0000000000,13
1100,64,0.0201697060,54827568.0000000000,23
1100,65,0.0202014360,54827568.0000000000,3
1100,66,0.0201702130,54827568.0000000000,10
1100,67,0.0200995330,54827568.0000000000,14
1100,68,0.0202018570,54827568.0000000000,23
1100,69,0.0201168710,54827568.0000000000,22
1100,70,0.0201533230,54827568.0000000000,21
1100,71,0.0200840350,54827568.0000000000,11
1100,72,0.0201122410,54827568.0000000000,11
1100,73,0.0201835900,54827568.0000000000,19
1100,74,0.0201098320,54827568.0000000000,15
1100,75,0.0201283350,54827568.0000000000,22
1100,76,0.0201474980,54827568.0000000000,9
1100,77,0.0200892690,54827568.0000000000,20
1100,78,0.0202029060,54827568.0000000000,9
1100,79,0.0201549780,54827568.0000000000,0
1100,80,0.0201323270,54827568.0000000000,11
1100,81,0.0201397620,54827568.0000000000,8
1100,82,0.0201697590,54827568.0000000000,10
1100,83,0.0202535530,54827568.0000000000,16
1100,84,0.0201457340,54827568.0000000000,11
1100,85,0.0202291380,54827568.0000000000,17
1100,86,0.0201427980,54827568.0000000000,7
1100,87,0.0202372430,54827568.0000000000,18
1100,88,0.0202202900,54827568.0000000000,17
1100,89,0.0201598320,54827568.0000000000,9
1100,90,0.0201609340,54827568.0000000000,17
1100,91,0.0201033330,54827568.0000000000,10
1100,92,0.0201041990,54827568.0000000000,12
1100,93,0.0201988240,54827568.0000000000,13
1100,94,0.0200901580,54827568.0000000000,10
1100,95,0.0202407490,54827568.0000000000,16
1100,96,0.0201796230,54827568.0000000000,22
1100,97,0.0201057880,54827568.0000000000,11
1100,98,0.0201630620,54827568.0000000000,2
1100,99,0.0201863640,54827568.0000000000,6
1100,100,0.0201771500,54827568.0000000000,13
1100,101,0.0201204130,54827568.0000000000,14
1100,102,0.0201355900,54827568.0000000000,15
1100,103,0.0202253600,54827568.0000000000,16
1100,104,0.0201114740,54827568.0000000000,1
1100,105,0.0201651280,54827568.0000000000,22
1100,106,0.0201840220,54827568.0000000000,21
1100,107,0.0201294900,54827568.0000000000,14
1100,108,0.0202508390,54827568.0000000000,4
1100,109,0.0201601610,54827568.0000000000,5
1100,110,0.0201333490,54827568.0000000000,12
1100,111,0.0201618090,54827568.0000000000,23
1100,112,0.0201590970,54827568.0000000000,15
1100,113,0.0200668060,54827568.0000000000,12
1100,114,0.0201285710,54827568.0000000000,9
1100,115,0.0201495580,54827568.0000000000,21
1100,116,0.0202004330,54827568.0000000000,23
1100,117,0.0174247050,47074864.0000000000,1
1100,118,0.0174845100,47074864.0000000000,2
1100,119,0.0174592240,47074864.0000000000,13
1100,120,0.0174479200,47074864.0000000000,3
1100,121,0.0174566300,47074864.0000000000,5
1100,122,0.0174459390,47074864.0000000000,20
1100,123,0.0174424780,47074864.0000000000,18
1100,124,0.0174746290,47074864.0000000000,19
1100,125,0.0174212800,47074864.0000000000,15
1100,126,0.0174342050,47074864.0000000000,12
1100,127,0.0174513680,47074864.0000000000,8
1100,128,0.0175214050,47074864.0000000000,9
1100,129,0.0174295460,47074864.0000000000,14
1100,130,0.0174303460,47074864.0000000000,14
1100,131,0.0175282740,47074864.0000000000,16
1100,132,0.0174773960,47074864.0000000000,17
1100,133,0.0174702610,47074864.0000000000,17
1100,134,0.0174443470,47074864.0000000000,6
1100,135,0.0174196060,47074864.0000000000,3
1100,136,0.0174173710,47074864.0000000000,11
1100,137,0.0174500540,47074864.0000000000,1
1100,138,0.0174832620,47074864.0000000000,4
1100,139,0.0175061450,47074864.0000000000,13
1100,140,0.0174907330,47074864.0000000000,16
1100,141,0.0174624010,47074864.0000000000,5
1100,142,0.0173953300,47074864.0000000000,15
1100,143,0.0174390540,47074864.0000000000,12
1100,144,0.0174449340,47074864.0000000000,0
1100,145,0.0174437700,47074864.0000000000,2
1100,146,0.0174766480,47074864.0000000000,7
1100,147,0.0174757870,47074864.0000000000,6
1100,148,0.0174088460,47074864.0000000000,10
1100,149,0.0174562950,47074864.0000000000,0
1100,150,0.0174144400,47074864.0000000000,7
1100,151,0.0174660150,47074864.0000000000,8
1100,152,0.0175123360,47074864.0000000000,4
1150,0,7.6279536581,319903984.0000000000,11
1150,1,7.6120173386,313150064.0000000000,9
1150,2,7.2593538842,300974512.0000000000,10
1150,3,6.3571861906,276149840.0000000000,13
1150,4,5.7054612041,259179168.0000000000,14
1150,5,6.7201933767,287645408.0000000000,12
1150,6,8.2115027443,329625376.0000000000,15
1150,7,8.9847561056,357976432.0000000000,16
1150,8,8.3621217247,343664960.0000000000,17
1150,9,10.3151301611,436450096.0000000000,18
1150,10,10.5404323812,440213632.0000000000,20
1150,11,11.0587631318,452803104.0000000000,19
1150,12,11.9533741399,477056144.0000000000,17
1150,13,12.5319171765,493366704.0000000000,14
1150,14,12.0796580443,480654608.0000000000,23
1150,15,11.0964528493,454384880.0000000000,21
1150,16,10.4971053013,440105792.0000000000,2
1150,17,10.2999574508,436666928.0000000000,7
1150,18,10.1947113182,436379824.0000000000,18
1150,19,10.1885167355,436511488.0000000000,12
1150,20,10.1879404577,436508944.0000000000,13
1150,21,10.1855854660,436508176.0000000000,0
1150,22,10.2022748798,436513600.0000000000,8
1150,23,10.1892301271,436508144.0000000000,1
1150,24,10.1893287355,436512032.0000000000,5
1150,25,10.2089237216,436509616.0000000000,4
1150,26,10.1849394481,436378480.0000000000,1
1150,27,10.1986578186,436377568.0000000000,7
1150,28,10.2013023719,436509936.0000000000,4
1150,29,10.1875182609,436510096.0000000000,5
1150,30,10.1960381341,436510448.0000000000,9
1150,31,10.1894226805,436509312.0000000000,19
1150,32,10.1859507631,436514944.0000000000,3
1150,33,10.1977291969,436504528.0000000000,8
1150,34,10.1848378273,436517312.0000000000,6
1150,35,10.1828962797,436373152.0000000000,20
1150,36,10.1911902437,435961648.0000000000,15
1150,37,10.2207823781,436533552.0000000000,10
1150,38,10.1906336475,436497600.0000000000,11
1150,39,10.2174889304,436522160.0000000000,16
1150,40,10.1959217970,436498336.0000000000,22
1150,41,10.1909387023,436505600.0000000000,6
1150,42,10.1956314069,436516752.0000000000,2
1150,43,10.1920516155,436503584.0000000000,3
1150,44,10.1791218069,435981312.0000000000,0
1150,45,2.6333197974,132018064.0000000000,23
1150,46,2.6306734682,132145440.0000000000,22
1150,47,2.6308627559,132140192.0000000000,21
1150,48,2.6342628384,132137504.0000000000,23
1150,49,2.6307426952,132150576.0000000000,21
1150,50,2.6308243455,132141216.0000000000,21
1150,51,2.6341440924,132160128.0000000000,23
1150,52,2.6295403505,132136416.0000000000,22
1150,53,2.6280484215,132018736.0000000000,22
1150,54,0.6594408402,54827568.0000000000,17
1150,55,0.6570295147,54827568.0000000000,15
1150,56,0.6597194261,54827568.0000000000,16
1150,57,0.6582654376,54827568.0000000000,14
1150,58,0.6583503650,54827568.0000000000,10
1150,59,0.6595109903,54827568.0000000000,13
1150,60,0.6587678817,54827568.0000000000,21
1150,61,0.6590937838,54827568.0000000000,9
1150,62,0.6574975258,54827568.0000000000,12
1150,63,0.6595565755,54827568.0000000000,13
1150,64,0.6593628744,54827568.0000000000,23
1150,65,0.6582991888,54827568.0000000000,3
1150,66,0.6585967871,54827568.0000000000,10
1150,67,0.6585367129,54827568.0000000000,14
1150,68,0.6597454445,54827568.0000000000,23
1150,69,0.6577990539,54827568.0000000000,22
1150,70,0.6583884033,54827568.0000000000,21
1150,71,0.6576676042,54827568.0000000000,11
1150,72,0.6572544694,54827568.0000000000,11
1150,73,0.6583785823,54827568.0000000000,19
1150,74,0.6572035550,54827568.0000000000,15
1150,75,0.6576953928,54827568.0000000000,22
1150,76,0.6589870096,54827568.0000000000,9
1150,77,0.6569866866,54827568.0000000000,20
1150,78,0.6588792260,54827568.0000000000,9
1150,79,0.6589223535,54827568.0000000000,0
1150,80,0.6573441998,54827568.0000000000,11
1150,81,0.6580025373,54827568.0000000000,8
1150,82,0.6582723413,54827568.0000000000,10
1150,83,0.6597416226,54827568.0000000000,16
1150,84,0.6574078194,54827568.0000000000,11
1150,85,0.6595449841,54827568.0000000000,17
1150,86,0.6577150370,54827568.0000000000,7
1150,87,0.6592014920,54827568.0000000000,18
1150,88,0.6595847396,54827568.0000000000,17
1150,89,0.6591302484,54827568.0000000000,9
1150,90,0.6592921485,54827568.0000000000,17
1150,91,0.6585192486,54827568.0000000000,10
1150,92,0.6575650405,54827568.0000000000,12
1150,93,0.6595297861,54827568.0000000000,13
1150,94,0.6583547882,54827568.0000000000,10
1150,95,0.6597547508,54827568.0000000000,16
1150,96,0.6579460314,54827568.0000000000,22
1150,97,0.6576852652,54827568.0000000000,11
1150,98,0.6592105480,54827568.0000000000,2
1150,99,0.6584553654,54827568.0000000000,6
1150,100,0.6598322469,54827568.0000000000,13
1150,101,0.6582533265,54827568.0000000000,14
1150,102,0.6566826051,54827568.0000000000,15
1150,103,0.6595323941,54827568.0000000000,16
1150,104,0.6581790261,54827568.0000000000,1
1150,105,0.6577273683,54827568.0000000000,22
1150,106,0.6589711084,54827568.0000000000,21
1150,107,0.6581617152,54827568.0000000000,14
1150,108,0.6610382259,54827568.0000000000,4
1150,109,0.6586608520,54827568.0000000000,5
1150,110,0.6575657769,54827568.0000000000,12
1150,111,0.6591260157,54827568.0000000000,23
1150,112,0.6572275043,54827568.0000000000,15
1150,113,0.6576405582,54827568.0000000000,12
1150,114,0.6588812048,54827568.0000000000,9
1150,115,0.6588886982,54827568.0000000000,21
1150,116,0.6594967968,54827568.0000000000,23
1150,117,0.5700356069,47074864.0000000000,1
1150,118,0.5709027634,47074864.0000000000,2
1150,119,0.5708938861,47074864.0000000000,13
1150,120,0.5693282585,47074864.0000000000,3
1150,121,0.5703672552,47074864.0000000000,5
1150,122,0.5691065462,47074864.0000000000,20
1150,123,0.5708930144,47074864.0000000000,18
1150,124,0.5709843811,47074864.0000000000,19
1150,125,0.5692691184,47074864.0000000000,15
1150,126,0.5695495437,47074864.0000000000,12
1150,127,0.5699961406,47074864.0000000000,8
1150,128,0.5709990029,47074864.0000000000,9
1150,129,0.5703265886,47074864.0000000000,14
1150,130,0.5698716378,47074864.0000000000,14
1150,131,0.5714109263,47074864.0000000000,16
1150,132,0.5709524514,47074864.0000000000,17
1150,133,0.5708589661,47074864.0000000000,17
1150,134,0.5703080317,47074864.0000000000,6
1150,135,0.5693527906,47074864.0000000000,3
1150,136,0.5689627354,47074864.0000000000,11
1150,137,0.5699680923,47074864.0000000000,1
1150,138,0.5716493277,47074864.0000000000,4
1150,139,0.5708144767,47074864.0000000000,13
1150,140,0.5713806416,47074864.0000000000,16
1150,141,0.5701059821,47074864.0000000000,5
1150,142,0.5692445880,47074864.0000000000,15
1150,143,0.5695299673,47074864.0000000000,12
1150,144,0.5706067683,47074864.0000000000,0
1150,145,0.5706761610,47074864.0000000000,2
1150,146,0.5694248333,47074864.0000000000,7
1150,147,0.5703919153,47074864.0000000000,6
1150,148,0.5694279165,47074864.0000000000,10
1150,149,0.5701079943,47074864.0000000000,0
1150,150,0.5694826399,47074864.0000000000,7
1150,151,0.5697987395,47074864.0000000000,8
1150,152,0.5715283336,47074864.0000000000,4
1200,0,0.2362093780,319035008.0000000000,11
1200,1,0.2336849530,311218000.0000000000,9
1200,2,0.2248153570,300147600.0000000000,10
1200,3,0.1962366670,275383392.0000000000,13
1200,4,0.1758636200,257763200.0000000000,14
1200,5,0.2074435160,286115520.0000000000,12
1200,6,0.2573655870,330659664.0000000000,15
1200,7,0.2831135240,360711136.0000000000,16
1200,8,0.2604148780,344372128.0000000000,17
1200,9,0.3194299250,436631200.0000000000,18
1200,10,0.3274276030,440678656.0000000000,20
1200,11,0.3444690650,453593152.0000000000,19
1200,12,0.3729749540,477710000.0000000000,17
1200,13,0.3896531710,493305792.0000000000,14
1200,14,0.3748100940,480457040.0000000000,23
1200,15,0.3437033330,454374640.0000000000,21
1200,16,0.3246706150,439958576.0000000000,2
1200,17,0.3192299970,436507392.0000000000,7
1200,18,0.3166413810,436374624.0000000000,18
1200,19,0.3164956260,436512464.0000000000,12
1200,20,0.3166545530,436510800.0000000000,13
1200,21,0.3165487850,436510592.0000000000,0
1200,22,0.3178856550,436510896.0000000000,8
1200,23,0.3167992660,436506048.0000000000,1
1200,24,0.3166361970,436511088.0000000000,5
1200,25,0.3166460860,436509984.0000000000,4
1200,26,0.3165526530,436373888.0000000000,1
1200,27,0.3169757720,436374528.0000000000,7
1200,28,0.3173114820,436508640.0000000000,4
1200,29,0.3165256930,436510240.0000000000,5
1200,30,0.3168063640,436512128.0000000000,9
1200,31,0.3165530310,436511808.0000000000,19
1200,32,0.3164852240,436511184.0000000000,3
1200,33,0.3177435240,436511680.0000000000,8
1200,34,0.3165581960,436511840.0000000000,6
1200,35,0.3163618800,436375600.0000000000,20
1200,36,0.3167590170,435939200.0000000000,15
1200,37,0.3177198460,436537024.0000000000,10
1200,38,0.3165773400,436495728.0000000000,11
1200,39,0.3173778960,436517536.0000000000,16
1200,40,0.3168840020,436496592.0000000000,22
1200,41,0.3169115770,436508080.0000000000,6
1200,42,0.3168233870,436511584.0000000000,2
1200,43,0.3166052150,436506512.0000000000,3
1200,44,0.3164226730,435955040.0000000000,0
1200,45,0.0815424590,132016384.0000000000,23
1200,46,0.0816644560,132140512.0000000000,22
1200,47,0.0814111360,132141312.0000000000,21
1200,48,0.0816013430,132139568.0000000000,23
1200,49,0.0814587690,132153232.0000000000,21
1200,50,0.0814623350,132138672.0000000000,21
1200,51,0.0816944350,132160432.0000000000,23
1200,52,0.0814145630,132138496.0000000000,22
1200,53,0.0814707810,132009968.0000000000,22
1200,54,0.0201815060,54827568.0000000000,17
1200,55,0.0201276500,54827568.0000000000,15
1200,56,0.0202218330,54827568.0000000000,16
1200,57,0.0201341930,54827568.0000000000,14
1200,58,0.0201364730,54827568.0000000000,10
1200,59,0.0202031990,54827568.0000000000,13
1200,60,0.0201062350,54827568.0000000000,21
1200,61,0.0202171830,54827568.0000000000,9
1200,62,0.0200989250,54827568.0000000000,12
1200,63,0.0201758030,54827568.0000000000,13
1200,64,0.0202106140,54827568.0000000000,23
1200,65,0.0201914370,54827568.0000000000,3
1200,66,0.0201556140,54827568.0000000000,10
1200,67,0.0200872920,54827568.0000000000,14
1200,68,0.0201854950,54827568.0000000000,23
1200,69,0.0201347080,54827568.0000000000,22
1200,70,0.0201621510,54827568.0000000000,21
1200,71,0.0201639390,54827568.0000000000,11
1200,72,0.0201094530,54827568.0000000000,11
1200,73,0.0201648230,54827568.0000000000,19
1200,74,0.0200820220,54827568.0000000000,15
1200,75,0.0201280870,54827568.0000000000,22
1200,76,0.0201577470,54827568.0000000000,9
1200,77,0.0200970750,54827568.0000000000,20
1200,78,0.0201685470,54827568.0000000000,9
1200,79,0.0201860190,54827568.0000000000,0
1200,80,0.0200610200,54827568.0000000000,11
1200,81,0.0201562120,54827568.0000000000,8
1200,82,0.0201363350,54827568.0000000000,10
1200,83,0.0202161830,54827568.0000000000,16
1200,84,0.0201042650,54827568.0000000000,11
1200,85,0.0201776580,54827568.0000000000,17
1200,86,0.0201275510,54827568.0000000000,7
1200,87,0.0201946790,54827568.0000000000,18
1200,88,0.0201642640,54827568.0000000000,17
1200,89,0.0201410540,54827568.0000000000,9
1200,90,0.0201978770,54827568.0000000000,17
1200,91,0.0202098900,54827568.0000000000,10
1200,92,0.0201018000,54827568.0000000000,12
1200,93,0.0201966940,54827568.0000000000,13
1200,94,0.0201902300,54827568.0000000000,10
1200,95,0.0202064340,54827568.0000000000,16
1200,96,0.0201263510,54827568.0000000000,22
1200,97,0.0200991450,54827568.0000000000,11
1200,98,0.0202055060,54827568.0000000000,2
1200,99,0.0201590890,54827568.0000000000,6
1200,100,0.0201667960,54827568.0000000000,13
1200,101,0.0201406450,54827568.0000000000,14
1200,102,0.0200733150,54827568.0000000000,15
1200,103,0.0202158210,54827568.0000000000,16
1200,104,0.0201562320,54827568.0000000000,1
1200,105,0.0200872560,54827568.0000000000,22
1200,106,0.0201218000,54827568.0000000000,21
1200,107,0.0201359680,54827568.0000000000,14
1200,108,0.0203011430,54827568.0000000000,4
1200,109,0.0201993570,54827568.0000000000,5
1200,110,0.0201188340,54827568.0000000000,12
1200,111,0.0201814460,54827568.0000000000,23
1200,112,0.0200852590,54827568.0000000000,15
1200,113,0.0201133420,54827568.0000000000,12
1200,114,0.0201700430,54827568.0000000000,9
1200,115,0.0202055740,54827568.0000000000,21
1200,116,0.0201783110,54827568.0000000000,23
1200,117,0.0174455450,47074864.0000000000,1
1200,118,0.0174669370,47074864.0000000000,2
1200,119,0.0174645420,47074864.0000000000,13
1200,120,0.0173726740,47074864.0000000000,3
1200,121,0.0174668680,47074864.0000000000,5
1200,122,0.0173903840,47074864.0000000000,20
1200,123,0.0175137560,47074864.0000000000,18
1200,124,0.0174397630,47074864.0000000000,19
1200,125,0.0174150640,47074864.0000000000,15
1200,126,0.0174114460,47074864.0000000000,12
1200,127,0.0174745620,47074864.0000000000,8
1200,128,0.0174581190,47074864.0000000000,9
1200,129,0.0174920130,47074864.0000000000,14
1200,130,0.0174703790,47074864.0000000000,14
1200,131,0.0175303880,47074864.0000000000,16
1200,132,0.0174735880,47074864.0000000000,17
1200,133,0.0174778060,47074864.0000000000,17
1200,134,0.0174627500,47074864.0000000000,6
1200,135,0.0174376520,47074864.0000000000,3
1200,136,0.0174416700,47074864.0000000000,11
1200,137,0.0174407560,47074864.0000000000,1
1200,138,0.0174856660,47074864.0000000000,4
1200,139,0.0174363340,47074864.0000000000,13
1200,140,0.0175096370,47074864.0000000000,16
1200,141,0.0174521190,47074864.0000000000,5
1200,142,0.0174533380,47074864.0000000000,15
1200,143,0.0174366470,47074864.0000000000,12
1200,144,0.0174308180,47074864.0000000000,0
1200,145,0.0174679380,47074864.0000000000,2
1200,146,0.0174674310,47074864.0000000000,7
1200,147,0.0174578020,47074864.0000000000,6
1200,148,0.0174361880,47074864.0000000000,10
1200,149,0.0174512460,47074864.0000000000,0
1200,150,0.0174237960,47074864.0000000000,7
1200,151,0.0174827100,47074864.0000000000,8
1200,152,0.0175099010,47074864.0000000000,4
1250,0,7.5900958567,318345408.0000000000,11
1250,1,7.4918340836,309309200.0000000000,9
1250,2,7.2321777015,299190992.0000000000,10
1250,3,6.3222571232,275001408.0000000000,13
1250,4,5.6521781229,256718192.0000000000,14
1250,5,6.6519881957,284496560.0000000000,12
1250,6,8.3035179757,331762288.0000000000,15
1250,7,9.1732665919,363217808.0000000000,16
1250,8,8.3970283093,345061936.0000000000,17
1250,9,10.2866968683,436958800.0000000000,18
1250,10,10.5115534359,441415840.0000000000,20
1250,11,11.0722917622,454553664.0000000000,19
1250,12,11.9950071946,478220496.0000000000,17
1250,13,12.5282152351,493221328.0000000000,14
1250,14,12.0515100422,480590304.0000000000,23
1250,15,11.0440355301,454389248.0000000000,21
1250,16,10.4172924623,439621744.0000000000,2
1250,17,10.2624174057,436245920.0000000000,7
1250,18,10.1934869587,436375744.0000000000,18
1250,19,10.1820659551,436512976.0000000000,12
1250,20,10.1886897182,436508608.0000000000,13
1250,21,10.1857139659,436513184.0000000000,0
1250,22,10.2007861135,436512576.0000000000,8
1250,23,10.1888085755,436504112.0000000000,1
1250,24,10.1896563441,436512944.0000000000,5
1250,25,10.2081817552,436508704.0000000000,4
1250,26,10.1854579357,436374352.0000000000,1
1250,27,10.1991426537,436374176.0000000000,7
1250,28,10.2010235894,436504896.0000000000,4
1250,29,10.1884625750,436512448.0000000000,5
1250,30,10.1962693848,436504528.0000000000,9
1250,31,10.1908526981,436509328.0000000000,19
1250,32,10.1859028386,436512928.0000000000,3
1250,33,10.1979643606,436510720.0000000000,8
1250,34,10.1848358928,436510240.0000000000,6
1250,35,10.1834074492,436378096.0000000000,20
1250,36,10.1892546965,435920528.0000000000,15
1250,37,10.2221364040,436535648.0000000000,10
1250,38,10.1907885351,436500960.0000000000,11
1250,39,10.2182801557,436522000.0000000000,16
1250,40,10.1953174244,436494832.0000000000,22
1250,41,10.1907709892,436507792.0000000000,6
1250,42,10.1957174520,436509280.0000000000,2
1250,43,10.1920333553,436503856.0000000000,3
1250,44,10.1786062944,435936016.0000000000,0
1250,45,2.6326491760,132010160.0000000000,23
1250,46,2.6304741686,132138960.0000000000,22
1250,47,2.6308736412,132141536.0000000000,21
1250,48,2.6344851285,132139968.0000000000,23
1250,49,2.6310189790,132154192.0000000000,21
1250,50,2.6306348135,132140512.0000000000,21
1250,51,2.6344699254,132161504.0000000000,23
1250,52,2.6298777408,132138992.0000000000,22
1250,53,2.6283450071,132004240.0000000000,22
1250,54,0.6593935758,54827568.0000000000,17
1250,55,0.6568571722,54827568.0000000000,15
1250,56,0.6598139057,54827568.0000000000,16
1250,57,0.6587844624,54827568.0000000000,14
1250,58,0.6586020341,54827568.0000000000,10
1250,59,0.6597176632,54827568.0000000000,13
1250,60,0.6589296613,54827568.0000000000,21
1250,61,0.6592637052,54827568.0000000000,9
1250,62,0.6578577576,54827568.0000000000,12
1250,63,0.6595188576,54827568.0000000000,13
1250,64,0.6592206405,54827568.0000000000,23
1250,65,0.6580034305,54827568.0000000000,3
1250,66,0.6586748405,54827568.0000000000,10
1250,67,0.6586589013,54827568.0000000000,14
1250,68,0.6596357746,54827568.0000000000,23
1250,69,0.6577729739,54827568.0000000000,22
1250,70,0.6588256059,54827568.0000000000,21
1250,71,0.6574262615,54827568.0000000000,11
1250,72,0.6573472030,54827568.0000000000,11
1250,73,0.6586130659,54827568.0000000000,19
1250,74,0.6567788869,54827568.0000000000,15
1250,75,0.6574791953,54827568.0000000000,22
1250,76,0.6594219110,54827568.0000000000,9
1250,77,0.6570113353,54827568.0000000000,20
1250,78,0.6592280890,54827568.0000000000,9
1250,79,0.6587446553,54827568.0000000000,0
1250,80,0.6573317878,54827568.0000000000,11
1250,81,0.6578621512,54827568.0000000000,8
1250,82,0.6585108886,54827568.0000000000,10
1250,83,0.6600497662,54827568.0000000000,16
1250,84,0.6573656113,54827568.0000000000,11
1250,85,0.6597170319,54827568.0000000000,17
1250,86,0.6575405131,54827568.0000000000,7
1250,87,0.6591824744,54827568.0000000000,18
1250,88,0.6594741214,54827568.0000000000,17
1250,89,0.6591946493,54827568.0000000000,9
1250,90,0.6593096078,54827568.0000000000,17
1250,91,0.6582864436,54827568.0000000000,10
1250,92,0.6571699864,54827568.0000000000,12
1250,93,0.6594733673,54827568.0000000000,13
1250,94,0.6585263402,54827568.0000000000,10
1250,95,0.6599058263,54827568.0000000000,16
1250,96,0.6576644196,54827568.0000000000,22
1250,97,0.6574359212,54827568.0000000000,11
1250,98,0.6590201198,54827568.0000000000,2
1250,99,0.6584470736,54827568.0000000000,6
1250,100,0.6595290607,54827568.0000000000,13
1250,101,0.6581945908,54827568.0000000000,14
1250,102,0.6569291497,54827568.0000000000,15
1250,103,0.6597026574,54827568.0000000000,16
1250,104,0.6582237288,54827568.0000000000,1
1250,105,0.6575999533,54827568.0000000000,22
1250,106,0.6588583913,54827568.0000000000,21
1250,107,0.6582926442,54827568.0000000000,14
1250,108,0.6610764026,54827568.0000000000,4
1250,109,0.6589059211,54827568.0000000000,5
1250,110,0.6572166531,54827568.0000000000,12
1250,111,0.6593341535,54827568.0000000000,23
1250,112,0.6573765622,54827568.0000000000,15
1250,113,0.6582655352,54827568.0000000000,12
1250,114,0.6589455024,54827568.0000000000,9
1250,115,0.6589840861,54827568.0000000000,21
1250,116,0.6596172588,54827568.0000000000,23
1250,117,0.5700254879,47074864.0000000000,1
1250,118,0.5709687639,47074864.0000000000,2
1250,119,0.5709407621,47074864.0000000000,13
1250,120,0.5694039059,47074864.0000000000,3
1250,121,0.5703079208,47074864.0000000000,5
1250,122,0.5691587114,47074864.0000000000,20
1250,123,0.5710572911,47074864.0000000000,18
1250,124,0.5711039831,47074864.0000000000,19
1250,125,0.5691630724,47074864.0000000000,15
1250,126,0.5694334620,47074864.0000000000,12
1250,127,0.5700515072,47074864.0000000000,8
1250,128,0.5709394452,47074864.0000000000,9
1250,129,0.5703603593,47074864.0000000000,14
1250,130,0.5702846559,47074864.0000000000,14
1250,131,0.5715945295,47074864.0000000000,16
1250,132,0.5707020310,47074864.0000000000,17
1250,133,0.5708716107,47074864.0000000000,17
1250,134,0.5703188817,47074864.0000000000,6
1250,135,0.5693769143,47074864.0000000000,3
1250,136,0.5690196881,47074864.0000000000,11
1250,137,0.5698417168,47074864.0000000000,1
1250,138,0.5716468193,47074864.0000000000,4
1250,139,0.5707704925,47074864.0000000000,13
1250,140,0.5713760125,47074864.0000000000,16
1250,141,0.5701774243,47074864.0000000000,5
1250,142,0.5691724683,47074864.0000000000,15
1250,143,0.5703634419,47074864.0000000000,12
1250,144,0.5706083401,47074864.0000000000,0
1250,145,0.5707579162,47074864.0000000000,2
1250,146,0.5695318274,47074864.0000000000,7
1250,147,0.5702919658,47074864.0000000000,6
1250,148,0.5693997587,47074864.0000000000,10
1250,149,0.5702265079,47074864.0000000000,0
1250,150,0.5695173386,47074864.0000000000,7
1250,151,0.5697646644,47074864.0000000000,8
1250,152,0.5715905837,47074864.0000000000,4
1300,0,0.2348665930,317705584.0000000000,11
1300,1,0.2292783680,307055920.0000000000,9
1300,2,0.2219825110,297087472.0000000000,10
1300,3,0.1932772690,272797824.0000000000,13
1300,4,0.1704930290,253079728.0000000000,14
1300,5,0.2015269160,280611712.0000000000,12
1300,6,0.2588444540,331909456.0000000000,15
1300,7,0.2899837500,365364064.0000000000,16
1300,8,0.2630385750,345834064.0000000000,17
1300,9,0.3218270420,437465264.0000000000,18
1300,10,0.3304431800,442614576.0000000000,20
1300,11,0.3483045260,456673936.0000000000,19
1300,12,0.3754095420,480967184.0000000000,17
1300,13,0.3894949720,496290464.0000000000,14
1300,14,0.3754079770,483247280.0000000000,23
1300,15,0.3450915490,455178960.0000000000,21
1300,16,0.3253287870,439128336.0000000000,2
1300,17,0.3200560010,435838736.0000000000,7
1300,18,0.3166921320,436371200.0000000000,18
1300,19,0.3167873950,436512224.0000000000,12
1300,20,0.3166025150,436507952.0000000000,13
1300,21,0.3164657290,436511312.0000000000,0
1300,22,0.3172539810,436509936.0000000000,8
1300,23,0.3166966030,436504528.0000000000,1
1300,24,0.3166413960,436502976.0000000000,5
1300,25,0.3174497960,436516960.0000000000,4
1300,26,0.3164088090,436370960.0000000000,1
1300,27,0.3171288760,436378640.0000000000,7
1300,28,0.3170557450,436507136.0000000000,4
1300,29,0.3168388470,436509008.0000000000,5
1300,30,0.3168245620,436507488.0000000000,9
1300,31,0.3165452370,436511264.0000000000,19
1300,32,0.3165025790,436516112.0000000000,3
1300,33,0.3166794030,436512432.0000000000,8
1300,34,0.3164462670,436510384.0000000000,6
1300,35,0.3163579750,436376960.0000000000,20
1300,36,0.3165877760,435892512.0000000000,15
1300,37,0.3176146970,436538800.0000000000,10
1300,38,0.3166578690,436499040.0000000000,11
1300,39,0.3174339070,436525696.0000000000,16
1300,40,0.3167516380,436498256.0000000000,22
1300,41,0.3166746400,436502896.0000000000,6
1300,42,0.3168828000,436510800.0000000000,2
1300,43,0.3166958040,436502080.0000000000,3
1300,44,0.3162978430,435920672.0000000000,0
1300,45,0.0816027620,132003584.0000000000,23
1300,46,0.0816118600,132138128.0000000000,22
1300,47,0.0814781050,132145008.0000000000,21
1300,48,0.0816312790,132134992.0000000000,23
1300,49,0.0815985550,132153616.0000000000,21
1300,50,0.0815294410,132138864.0000000000,21
1300,51,0.0815663540,132159152.0000000000,23
1300,52,0.0814980700,132139760.0000000000,22
1300,53,0.0814059610,131995920.0000000000,22
1300,54,0.0201743210,54827568.0000000000,17
1300,55,0.0200993740,54827568.0000000000,15
1300,56,0.0202178870,54827568.0000000000,16
1300,57,0.0201595230,54827568.0000000000,14
1300,58,0.0201110140,54827568.0000000000,10
1300,59,0.0202540750,54827568.0000000000,13
1300,60,0.0201612380,54827568.0000000000,21
1300,61,0.0201838770,54827568.0000000000,9
1300,62,0.0201368390,54827568.0000000000,12
1300,63,0.0202185780,54827568.0000000000,13
1300,64,0.0201619610,54827568.0000000000,23
1300,65,0.0200850530,54827568.0000000000,3
1300,66,0.0201673350,54827568.0000000000,10
1300,67,0.0202056210,54827568.0000000000,14
1300,68,0.0202311430,54827568.0000000000,23
1300,69,0.0201275620,54827568.0000000000,22
1300,70,0.0201642950,54827568.0000000000,21
1300,71,0.0201437870,54827568.0000000000,11
1300,72,0.0201671760,54827568.0000000000,11
1300,73,0.0201537010,54827568.0000000000,19
1300,74,0.0201049250,54827568.0000000000,15
1300,75,0.0201143970,54827568.0000000000,22
1300,76,0.0201266970,54827568.0000000000,9
1300,77,0.0201002190,54827568.0000000000,20
1300,78,0.0201151440,54827568.0000000000,9
1300,79,0.0201104310,54827568.0000000000,0
1300,80,0.0201182800,54827568.0000000000,11
1300,81,0.0201416830,54827568.0000000000,8
1300,82,0.0201425370,54827568.0000000000,10
1300,83,0.0202262030,54827568.0000000000,16
1300,84,0.0200514420,54827568.0000000000,11
1300,85,0.0201633720,54827568.0000000000,17
1300,86,0.0201556230,54827568.0000000000,7
1300,87,0.0202407710,54827568.0000000000,18
1300,88,0.0201895590,54827568.0000000000,17
1300,89,0.0201669210,54827568.0000000000,9
1300,90,0.0201810950,54827568.0000000000,17
1300,91,0.0201717730,54827568.0000000000,10
1300,92,0.0201761640,54827568.0000000000,12
1300,93,0.0202244670,54827568.0000000000,13
1300,94,0.0201168280,54827568.0000000000,10
1300,95,0.0201979960,54827568.0000000000,16
1300,96,0.0201100200,54827568.0000000000,22
1300,97,0.0201010180,54827568.0000000000,11
1300,98,0.0201897940,54827568.0000000000,2
1300,99,0.0201678860,54827568.0000000000,6
1300,100,0.0201962630,54827568.0000000000,13
1300,101,0.0201350940,54827568.0000000000,14
1300,102,0.0201207070,54827568.0000000000,15
1300,103,0.0201436920,54827568.0000000000,16
1300,104,0.0201779310,54827568.0000000000,1
1300,105,0.0201542640,54827568.0000000000,22
1300,106,0.0201483430,54827568.0000000000,21
1300,107,0.0201382010,54827568.0000000000,14
1300,108,0.0202572690,54827568.0000000000,4
1300,109,0.0201429970,54827568.0000000000,5
1300,110,0.0201021290,54827568.0000000000,12
1300,111,0.0201577910,54827568.0000000000,23
1300,112,0.0200538350,54827568.0000000000,15
1300,113,0.0201159670,54827568.0000000000,12
1300,114,0.0201848760,54827568.0000000000,9
1300,115,0.0201837810,54827568.0000000000,21
1300,116,0.0201915260,54827568.0000000000,23
1300,117,0.0174602410,47074864.0000000000,1
1300,118,0.0174998190,47074864.0000000000,2
1300,119,0.0174711320,47074864.0000000000,13
1300,120,0.0174232810,47074864.0000000000,3
1300,121,0.0174358410,47074864.0000000000,5
1300,122,0.0174429300,47074864.0000000000,20
1300,123,0.0174531890,47074864.0000000000,18
1300,124,0.0174275290,47074864.0000000000,19
1300,125,0.0174044730,47074864.0000000000,15
1300,126,0.0174034020,47074864.0000000000,12
1300,127,0.0174427790,47074864.0000000000,8
1300,128,0.0174631400,47074864.0000000000,9
1300,129,0.0174363330,47074864.0000000000,14
1300,130,0.0174675650,47074864.0000000000,14
1300,131,0.0174999080,47074864.0000000000,16
1300,132,0.0174686990,47074864.0000000000,17
1300,133,0.0174720150,47074864.0000000000,17
1300,134,0.0174176450,47074864.0000000000,6
1300,135,0.0174297130,47074864.0000000000,3
1300,136,0.0174175530,47074864.0000000000,11
1300,137,0.0174353450,47074864.0000000000,1
1300,138,0.0174885000,47074864.0000000000,4
1300,139,0.0174555010,47074864.0000000000,13
1300,140,0.0175130340,47074864.0000000000,16
1300,141,0.0174420400,47074864.0000000000,5
1300,142,0.0174471540,47074864.0000000000,15
1300,143,0.0174004640,47074864.0000000000,12
1300,144,0.0174651210,47074864.0000000000,0
1300,145,0.0174729070,47074864.0000000000,2
1300,146,0.0174218660,47074864.0000000000,7
1300,147,0.0174851550,47074864.0000000000,6
1300,148,0.0174486220,47074864.0000000000,10
1300,149,0.0174463760,47074864.0000000000,0
1300,150,0.0174374010,47074864.0000000000,7
1300,151,0.0174369600,47074864.0000000000,8
1300,152,0.0174868780,47074864.0000000000,4
1350,0,7.5325839423,317158768.0000000000,11
1350,1,7.3379619411,304688576.0000000000,9
1350,2,7.0475774922,292883008.0000000000,10
1350,3,6.0953049424,266429472.0000000000,13
1350,4,5.3212030727,244495504.0000000000,14
1350,5,6.3259525024,272578640.0000000000,12
1350,6,8.2829755933,330203312.0000000000,15
1350,7,9.3694777082,367070496.0000000000,16
1350,8,8.4939402330,346720208.0000000000,17
1350,9,10.3811471015,438157088.0000000000,18
1350,10,10.6754333650,444477696.0000000000,20
1350,11,11.3143432888,461086400.0000000000,19
1350,12,12.2344470159,488968976.0000000000,17
1350,13,12.7331171870,505322816.0000000000,14
1350,14,12.2567748441,490968224.0000000000,23
1350,15,11.1863913997,457882416.0000000000,21
1350,16,10.4751504649,438787648.0000000000,2
1350,17,10.2975005413,435373376.0000000000,7
1350,18,10.1892541084,436373568.0000000000,18
1350,19,10.1841689327,436509792.0000000000,12
1350,20,10.1883193835,436507168.0000000000,13
1350,21,10.1855515071,436505920.0000000000,0
1350,22,10.1970926749,436514496.0000000000,8
1350,23,10.1886654334,436506256.0000000000,1
1350,24,10.1890940502,436503840.0000000000,5
1350,25,10.2104710724,436514640.0000000000,4
1350,26,10.1850104830,436371104.0000000000,1
1350,27,10.2000226752,436375984.0000000000,7
1350,28,10.2039286505,436509360.0000000000,4
1350,29,10.1891856758,436510048.0000000000,5
1350,30,10.1964131439,436513056.0000000000,9
1350,31,10.1923172728,436508608.0000000000,19
1350,32,10.1856408160,436514016.0000000000,3
1350,33,10.1927678318,436513712.0000000000,8
1350,34,10.1841633102,436509312.0000000000,6
1350,35,10.1833714317,436375536.0000000000,20
1350,36,10.1890055909,435870048.0000000000,15
1350,37,10.2212956037,436539808.0000000000,10
1350,38,10.1910393907,436500688.0000000000,11
1350,39,10.2182687384,436520032.0000000000,16
1350,40,10.1946005140,436501168.0000000000,22
1350,41,10.1913254406,436501712.0000000000,6
1350,42,10.1958965349,436512528.0000000000,2
1350,43,10.1915949461,436505760.0000000000,3
1350,44,10.1770058708,435903984.0000000000,0
1350,45,2.6325199964,131998736.0000000000,23
1350,46,2.6297877778,132135952.0000000000,22
1350,47,2.6307564195,132143328.0000000000,21
1350,48,2.6344531580,132138208.0000000000,23
1350,49,2.6310572942,132152256.0000000000,21
1350,50,2.6305350650,132139120.0000000000,21
1350,51,2.6349602904,132159104.0000000000,23
1350,52,2.6299358377,132138304.0000000000,22
1350,53,2.6283420089,131990064.0000000000,22
1350,54,0.6595855563,54827568.0000000000,17
1350,55,0.6567814574,54827568.0000000000,15
1350,56,0.6597126122,54827568.0000000000,16
1350,57,0.6588142543,54827568.0000000000,14
1350,58,0.6587612549,54827568.0000000000,10
1350,59,0.6593159061,54827568.0000000000,13
1350,60,0.6588510962,54827568.0000000000,21
1350,61,0.6589054802,54827568.0000000000,9
1350,62,0.6573572604,54827568.0000000000,12
1350,63,0.6599408792,54827568.0000000000,13
1350,64,0.6592495614,54827568.0000000000,23
1350,65,0.6582930561,54827568.0000000000,3
1350,66,0.6582695864,54827568.0000000000,10
1350,67,0.6588224492,54827568.0000000000,14
1350,68,0.6597756714,54827568.0000000000,23
1350,69,0.6575293843,54827568.0000000000,22
1350,70,0.6582024476,54827568.0000000000,21
1350,71,0.6574515828,54827568.0000000000,11
1350,72,0.6573377785,54827568.0000000000,11
1350,73,0.6586397408,54827568.0000000000,19
1350,74,0.6570273061,54827568.0000000000,15
1350,75,0.6576413737,54827568.0000000000,22
1350,76,0.6591718885,54827568.0000000000,9
1350,77,0.6571010526,54827568.0000000000,20
1350,78,0.6591014879,54827568.0000000000,9
1350,79,0.6589395811,54827568.0000000000,0
1350,80,0.6571909748,54827568.0000000000,11
1350,81,0.6575768986,54827568.0000000000,8
1350,82,0.6586630138,54827568.0000000000,10
1350,83,0.6597690338,54827568.0000000000,16
1350,84,0.6573229180,54827568.0000000000,11
1350,85,0.6597214489,54827568.0000000000,17
1350,86,0.6577791337,54827568.0000000000,7
1350,87,0.6591017297,54827568.0000000000,18
1350,88,0.6594151856,54827568.0000000000,17
1350,89,0.6592654432,54827568.0000000000,9
1350,90,0.6595423838,54827568.0000000000,17
1350,91,0.6583140184,54827568.0000000000,10
1350,92,0.6599998983,54827568.0000000000,12
1350,93,0.6596696400,54827568.0000000000,13
1350,94,0.6582835303,54827568.0000000000,10
1350,95,0.6596581830,54827568.0000000000,16
1350,96,0.6577558853,54827568.0000000000,22
1350,97,0.6574852033,54827568.0000000000,11
1350,98,0.6589234937,54827568.0000000000,2
1350,99,0.6584159617,54827568.0000000000,6
1350,100,0.6596005589,54827568.0000000000,13
1350,101,0.6584526590,54827568.0000000000,14
1350,102,0.6572503083,54827568.0000000000,15
1350,103,0.6600172489,54827568.0000000000,16
1350,104,0.6584234635,54827568.0000000000,1
1350,105,0.6574705310,54827568.0000000000,22
1350,106,0.6585766761,54827568.0000000000,21
1350,107,0.6584901015,54827568.0000000000,14
1350,108,0.6611322830,54827568.0000000000,4
1350,109,0.6588680776,54827568.0000000000,5
1350,110,0.6574887116,54827568.0000000000,12
1350,111,0.6593679546,54827568.0000000000,23
1350,112,0.6569557003,54827568.0000000000,15
1350,113,0.6576973674,54827568.0000000000,12
1350,114,0.6588818913,54827568.0000000000,9
1350,115,0.6586848651,54827568.0000000000,21
1350,116,0.6595142456,54827568.0000000000,23
1350,117,0.5701456289,47074864.0000000000,1
1350,118,0.5708672611,47074864.0000000000,2
1350,119,0.5708993091,47074864.0000000000,13
1350,120,0.5693567328,47074864.0000000000,3
1350,121,0.5704567572,47074864.0000000000,5
1350,122,0.5693184388,47074864.0000000000,20
1350,123,0.5708543403,47074864.0000000000,18
1350,124,0.5711295612,47074864.0000000000,19
1350,125,0.5691956543,47074864.0000000000,15
1350,126,0.5694417211,47074864.0000000000,12
1350,127,0.5697585900,47074864.0000000000,8
1350,128,0.5709574523,47074864.0000000000,9
1350,129,0.5705409638,47074864.0000000000,14
1350,130,0.5704318574,47074864.0000000000,14
1350,131,0.5714680180,47074864.0000000000,16
1350,132,0.5709215274,47074864.0000000000,17
1350,133,0.5709375525,47074864.0000000000,17
1350,134,0.5703203145,47074864.0000000000,6
1350,135,0.5692829628,47074864.0000000000,3
1350,136,0.5693327074,47074864.0000000000,11
1350,137,0.5698523389,47074864.0000000000,1
1350,138,0.5718138389,47074864.0000000000,4
1350,139,0.5708333661,47074864.0000000000,13
1350,140,0.5713347242,47074864.0000000000,16
1350,141,0.5701869206,47074864.0000000000,5
1350,142,0.5691138302,47074864.0000000000,15
1350,143,0.5694808836,47074864.0000000000,12
1350,144,0.5705317388,47074864.0000000000,0
1350,145,0.5706877207,47074864.0000000000,2
1350,146,0.5695311002,47074864.0000000000,7
1350,147,0.5704148781,47074864.0000000000,6
1350,148,0.5694950488,47074864.0000000000,10
1350,149,0.5702823671,47074864.0000000000,0
1350,150,0.5693734655,47074864.0000000000,7
1350,151,0.5695721620,47074864.0000000000,8
1350,152,0.5715424809,47074864.0000000000,4
1400,0,0.2434787960,316456832.0000000000,18
1400,1,0.2332131110,301433936.0000000000,19
1400,2,0.2195775600,284176176.0000000000,21
1400,3,0.1807229020,253999312.0000000000,3
1400,4,0.1663283920,238918048.0000000000,2
1400,5,0.1983028950,258813264.0000000000,0
1400,6,0.2627794340,324899536.0000000000,4
1400,7,0.3068077410,368272816.0000000000,5
1400,8,0.2783363090,347786336.0000000000,1
1400,9,0.3331370530,438978272.0000000000,19
1400,10,0.3466225990,446926016.0000000000,0
1400,11,0.3778626760,467629440.0000000000,2
1400,12,0.4147019780,498989760.0000000000,23
1400,13,0.4206429450,506753664.0000000000,20
1400,14,0.4154955120,500898832.0000000000,22
1400,15,0.3703714830,462837296.0000000000,3
1400,16,0.3353478750,438797952.0000000000,21
1400,17,0.3277775860,434737952.0000000000,18
1400,18,0.3246720480,436370432.0000000000,14
1400,19,0.3247453620,436512144.0000000000,11
1400,20,0.3251813470,436509584.0000000000,9
1400,21,0.3248456450,436506032.0000000000,13
1400,22,0.3246567280,436509680.0000000000,6
1400,23,0.3248742610,436506640.0000000000,17
1400,24,0.3248063810,436507664.0000000000,17
1400,25,0.3248963990,436506432.0000000000,5
1400,26,0.3245541290,436367776.0000000000,12
1400,27,0.3246610500,436371584.0000000000,8
1400,28,0.3254188050,436510128.0000000000,10
1400,29,0.3252051720,436506992.0000000000,15
1400,30,0.3248603730,436508336.0000000000,13
1400,31,0.3248409190,436507984.0000000000,9
1400,32,0.3246959570,436512704.0000000000,8
1400,33,0.3251899190,436509120.0000000000,7
1400,34,0.3251334360,436512224.0000000000,7
1400,35,0.3243739110,436374160.0000000000,6
1400,36,0.3252248780,435843328.0000000000,16
1400,37,0.3252552650,436538128.0000000000,4
1400,38,0.3251505950,436502160.0000000000,14
1400,39,0.3249376640,436525808.0000000000,1
1400,40,0.3247778360,436495312.0000000000,11
1400,41,0.3251181030,436502336.0000000000,15
1400,42,0.3247346390,436513472.0000000000,12
1400,43,0.3257569370,436506656.0000000000,16
1400,44,0.3249816100,435878752.0000000000,10
1400,45,0.0829677800,131993248.0000000000,20
1400,46,0.0830559640,132138000.0000000000,2
1400,47,0.0832601780,132140800.0000000000,23
1400,48,0.0830110650,132133696.0000000000,22
1400,49,0.0831089840,132151440.0000000000,22
1400,50,0.0831107770,132140752.0000000000,20
1400,51,0.0816376900,132158320.0000000000,23
1400,52,0.0830704720,132134640.0000000000,0
1400,53,0.0829069650,131984176.0000000000,3
1400,54,0.0200780150,54827568.0000000000,20
1400,55,0.0202468420,54827568.0000000000,19
1400,56,0.0201808830,54827568.0000000000,21
1400,57,0.0201461270,54827568.0000000000,22
1400,58,0.0201084990,54827568.0000000000,0
1400,59,0.0201781680,54827568.0000000000,21
1400,60,0.0201559500,54827568.0000000000,1
1400,61,0.0202252380,54827568.0000000000,23
1400,62,0.0202001910,54827568.0000000000,18
1400,63,0.0201742000,54827568.0000000000,23
1400,64,0.0201340640,54827568.0000000000,19
1400,65,0.0201609130,54827568.0000000000,10
1400,66,0.0201925360,54827568.0000000000,17
1400,67,0.0202310000,54827568.0000000000,19
1400,68,0.0200781340,54827568.0000000000,22
1400,69,0.0202213810,54827568.0000000000,4
1400,70,0.0201700420,54827568.0000000000,5
1400,71,0.0200963420,54827568.0000000000,12
1400,72,0.0201306420,54827568.0000000000,8
1400,73,0.0201356360,54827568.0000000000,3
1400,74,0.0201339910,54827568.0000000000,5
1400,75,0.0201212260,54827568.0000000000,7
1400,76,0.0202201420,54827568.0000000000,2
1400,77,0.0201878890,54827568.0000000000,0
1400,78,0.0201500740,54827568.0000000000,22
1400,79,0.0201518980,54827568.0000000000,23
1400,80,0.0201937280,54827568.0000000000,21
1400,81,0.0201949070,54827568.0000000000,11
1400,82,0.0201335930,54827568.0000000000,1
1400,83,0.0200745170,54827568.0000000000,19
1400,84,0.0201226530,54827568.0000000000,2
1400,85,0.0201075720,54827568.0000000000,19
1400,86,0.0202311480,54827568.0000000000,9
1400,87,0.0202940690,54827568.0000000000,4
1400,88,0.0201028120,54827568.0000000000,20
1400,89,0.0201949020,54827568.0000000000,18
1400,90,0.0202494140,54827568.0000000000,4
1400,91,0.0201277790,54827568.0000000000,15
1400,92,0.0201546520,54827568.0000000000,16
1400,93,0.0201689620,54827568.0000000000,23
1400,94,0.0201573370,54827568.0000000000,14
1400,95,0.0201071220,54827568.0000000000,18
1400,96,0.0202104010,54827568.0000000000,13
1400,97,0.0200861590,54827568.0000000000,22
1400,98,0.0201471480,54827568.0000000000,21
1400,99,0.0202017150,54827568.0000000000,21
1400,100,0.0201049510,54827568.0000000000,1
1400,101,0.0200921700,54827568.0000000000,20
1400,102,0.0201340520,54827568.0000000000,20
1400,103,0.0201946920,54827568.0000000000,18
1400,104,0.0201742520,54827568.0000000000,19
1400,105,0.0201870690,54827568.0000000000,3
1400,106,0.0202222330,54827568.0000000000,18
1400,107,0.0201952740,54827568.0000000000,2
1400,108,0.0201038730,54827568.0000000000,21
1400,109,0.0201002560,54827568.0000000000,20
1400,110,0.0201227300,54827568.0000000000,6
1400,111,0.0202445850,54827568.0000000000,4
1400,112,0.0201494860,54827568.0000000000,1
1400,113,0.0201721960,54827568.0000000000,23
1400,114,0.0201558680,54827568.0000000000,0
1400,115,0.0201375680,54827568.0000000000,5
1400,116,0.0201626690,54827568.0000000000,22
1400,117,0.0174427060,47074864.0000000000,14
1400,118,0.0174171620,47074864.0000000000,8
1400,119,0.0174811310,47074864.0000000000,13
1400,120,0.0174126350,47074864.0000000000,7
1400,121,0.0174794680,47074864.0000000000,17
1400,122,0.0174407590,47074864.0000000000,5
1400,123,0.0174617810,47074864.0000000000,6
1400,124,0.0174310080,47074864.0000000000,10
1400,125,0.0174428170,47074864.0000000000,1
1400,126,0.0174101360,47074864.0000000000,8
1400,127,0.0174623840,47074864.0000000000,16
1400,128,0.0173979420,47074864.0000000000,11
1400,129,0.0174576150,47074864.0000000000,18
1400,130,0.0174686280,47074864.0000000000,2
1400,131,0.0174103830,47074864.0000000000,15
1400,132,0.0174747130,47074864.0000000000,9
1400,133,0.0173920680,47074864.0000000000,12
1400,134,0.0174491700,47074864.0000000000,0
1400,135,0.0174607510,47074864.0000000000,2
1400,136,0.0174482670,47074864.0000000000,0
1400,137,0.0174374900,47074864.0000000000,11
1400,138,0.0174751190,47074864.0000000000,17
1400,139,0.0174191760,47074864.0000000000,7
1400,140,0.0174931750,47074864.0000000000,16
1400,141,0.0174436130,47074864.0000000000,10
1400,142,0.0174099440,47074864.0000000000,3
1400,143,0.0174674610,47074864.0000000000,4
1400,144,0.0174465840,47074864.0000000000,3
1400,145,0.0174924180,47074864.0000000000,4
1400,146,0.0174527660,47074864.0000000000,12
1400,147,0.0174145230,47074864.0000000000,1
1400,148,0.0174345170,47074864.0000000000,6
1400,149,0.0174265560,47074864.0000000000,15
1400,150,0.0174888980,47074864.0000000000,9
1400,151,0.0174647480,47074864.0000000000,13
1400,152,0.0174485700,47074864.0000000000,14
1450,0,7.5163950581,315934688.0000000000,18
1450,1,7.1393382038,299306096.0000000000,19
1450,2,6.5114579838,277255248.0000000000,21
1450,3,5.4244231997,247368000.0000000000,3
1450,4,4.9278528534,234031984.0000000000,2
1450,5,5.5821102261,251239520.0000000000,0
1450,6,7.9559975130,320110416.0000000000,4
1450,7,9.4664204396,369255280.0000000000,5
1450,8,8.6024253613,349083184.0000000000,1
1450,9,10.4415751237,439855232.0000000000,19
1450,10,10.8555365067,449644256.0000000000,0
1450,11,11.7923121203,474699104.0000000000,2
1450,12,12.8767719422,503558608.0000000000,23
1450,13,12.9183468143,506570576.0000000000,20
1450,14,12.9154545925,505651152.0000000000,22
1450,15,11.5736241858,468944880.0000000000,3
1450,16,10.5001960963,439086576.0000000000,21
1450,17,10.2665342754,434312416.0000000000,18
1450,18,10.1914559837,436372336.0000000000,14
1450,19,10.1881451445,436514704.0000000000,11
1450,20,10.1993675260,436511776.0000000000,9
1450,21,10.1940140173,436507104.0000000000,13
1450,22,10.1854799311,436513616.0000000000,6
1450,23,10.1972056455,436509904.0000000000,17
1450,24,10.1967320059,436511248.0000000000,17
1450,25,10.1905455297,436508560.0000000000,5
1450,26,10.1868922488,436370080.0000000000,12
1450,27,10.1913412008,436369456.0000000000,8
1450,28,10.2163718492,436508016.0000000000,10
1450,29,10.2009424591,436514480.0000000000,15
1450,30,10.1926985367,436506368.0000000000,13
1450,31,10.1991370864,436509248.0000000000,9
1450,32,10.1906999456,436513824.0000000000,8
1450,33,10.2052141964,436509184.0000000000,7
1450,34,10.2036973552,436506064.0000000000,7
1450,35,10.1809575392,436374528.0000000000,6
1450,36,10.2007925800,435826608.0000000000,16
1450,37,10.2163997842,436538464.0000000000,4
1450,38,10.2008815267,436502208.0000000000,14
1450,39,10.1983887241,436529088.0000000000,1
1450,40,10.1951373839,436491616.0000000000,11
1450,41,10.2067896114,436503088.0000000000,15
1450,42,10.1974034762,436514144.0000000000,12
1450,43,10.2215552429,436510576.0000000000,16
1450,44,10.2068211299,435862992.0000000000,10
1450,45,2.6283889661,131988336.0000000000,20
1450,46,2.6323274509,132138112.0000000000,2
1450,47,2.6348548600,132142336.0000000000,23
1450,48,2.6312568542,132131552.0000000000,22
1450,49,2.6308492846,132153840.0000000000,22
1450,50,2.6295012844,132142400.0000000000,20
1450,51,2.6349290606,132157168.0000000000,23
1450,52,2.6304248738,132134384.0000000000,0
1450,53,2.6283010654,131978592.0000000000,3
1450,54,0.6567934346,54827568.0000000000,20
1450,55,0.6586708166,54827568.0000000000,19
1450,56,0.6587381120,54827568.0000000000,21
1450,57,0.6577216519,54827568.0000000000,22
1450,58,0.6587543039,54827568.0000000000,0
1450,59,0.6593562735,54827568.0000000000,21
1450,60,0.6581936477,54827568.0000000000,1
1450,61,0.6594634419,54827568.0000000000,23
1450,62,0.6591124532,54827568.0000000000,18
1450,63,0.6596092512,54827568.0000000000,23
1450,64,0.6590507538,54827568.0000000000,19
1450,65,0.6583588006,54827568.0000000000,10
1450,66,0.6597739539,54827568.0000000000,17
1450,67,0.6590903633,54827568.0000000000,19
1450,68,0.6575807666,54827568.0000000000,22
1450,69,0.6611311799,54827568.0000000000,4
1450,70,0.6588714730,54827568.0000000000,5
1450,71,0.6572215803,54827568.0000000000,12
1450,72,0.6573662509,54827568.0000000000,8
1450,73,0.6579992122,54827568.0000000000,3
1450,74,0.6588756529,54827568.0000000000,5
1450,75,0.6577191496,54827568.0000000000,7
1450,76,0.6594837065,54827568.0000000000,2
1450,77,0.6586062862,54827568.0000000000,0
1450,78,0.6577705630,54827568.0000000000,22
1450,79,0.6597818078,54827568.0000000000,23
1450,80,0.6586524225,54827568.0000000000,21
1450,81,0.6575654517,54827568.0000000000,11
1450,82,0.6582134502,54827568.0000000000,1
1450,83,0.6590544095,54827568.0000000000,19
1450,84,0.6592405974,54827568.0000000000,2
1450,85,0.6593015883,54827568.0000000000,19
1450,86,0.6593522583,54827568.0000000000,9
1450,87,0.6614422909,54827568.0000000000,4
1450,88,0.6569933401,54827568.0000000000,20
1450,89,0.6593975312,54827568.0000000000,18
1450,90,0.6610681363,54827568.0000000000,4
1450,91,0.6572233411,54827568.0000000000,15
1450,92,0.6600325989,54827568.0000000000,16
1450,93,0.6595800862,54827568.0000000000,23
1450,94,0.6581358034,54827568.0000000000,14
1450,95,0.6590221530,54827568.0000000000,18
1450,96,0.6596712748,54827568.0000000000,13
1450,97,0.6576952850,54827568.0000000000,22
1450,98,0.6587715465,54827568.0000000000,21
1450,99,0.6586536377,54827568.0000000000,21
1450,100,0.6579867744,54827568.0000000000,1
1450,101,0.6568597477,54827568.0000000000,20
1450,102,0.6570734466,54827568.0000000000,20
1450,103,0.6593421604,54827568.0000000000,18
1450,104,0.6590283863,54827568.0000000000,19
1450,105,0.6578188114,54827568.0000000000,3
1450,106,0.6591258526,54827568.0000000000,18
1450,107,0.6595083115,54827568.0000000000,2
1450,108,0.6584141990,54827568.0000000000,21
1450,109,0.6570310699,54827568.0000000000,20
1450,110,0.6583616561,54827568.0000000000,6
1450,111,0.6611798129,54827568.0000000000,4
1450,112,0.6583616303,54827568.0000000000,1
1450,113,0.6595153715,54827568.0000000000,23
1450,114,0.6585681119,54827568.0000000000,0
1450,115,0.6585830400,54827568.0000000000,5
1450,116,0.6576593236,54827568.0000000000,22
1450,117,0.5700164407,47074864.0000000000,14
1450,118,0.5692485493,47074864.0000000000,8
1450,119,0.5707744745,47074864.0000000000,13
1450,120,0.5694201833,47074864.0000000000,7
1450,121,0.5709393968,47074864.0000000000,17
1450,122,0.5700406521,47074864.0000000000,5
1450,123,0.5704568573,47074864.0000000000,6
1450,124,0.5691763942,47074864.0000000000,10
1450,125,0.5699511937,47074864.0000000000,1
1450,126,0.5691825077,47074864.0000000000,8
1450,127,0.5713278397,47074864.0000000000,16
1450,128,0.5689870922,47074864.0000000000,11
1450,129,0.5709629009,47074864.0000000000,18
1450,130,0.5711759521,47074864.0000000000,2
1450,131,0.5691528295,47074864.0000000000,15
1450,132,0.5709362373,47074864.0000000000,9
1450,133,0.5690249138,47074864.0000000000,12
1450,134,0.5707042960,47074864.0000000000,0
1450,135,0.5711457405,47074864.0000000000,2
1450,136,0.5705006189,47074864.0000000000,0
1450,137,0.5691172993,47074864.0000000000,11
1450,138,0.5709399439,47074864.0000000000,17
1450,139,0.5696799941,47074864.0000000000,7
1450,140,0.5714803772,47074864.0000000000,16
1450,141,0.5695219421,47074864.0000000000,10
1450,142,0.5694208585,47074864.0000000000,3
1450,143,0.5718627302,47074864.0000000000,4
1450,144,0.5692384721,47074864.0000000000,3
1450,145,0.5716467873,47074864.0000000000,4
1450,146,0.5690797461,47074864.0000000000,12
1450,147,0.5700637266,47074864.0000000000,1
1450,148,0.5704145287,47074864.0000000000,6
1450,149,0.5691521689,47074864.0000000000,15
1450,150,0.5709712437,47074864.0000000000,9
1450,151,0.5710679839,47074864.0000000000,13
1450,152,0.5701918904,47074864.0000000000,14
1500,0,0.2328484860,315183072.0000000000,18
1500,1,0.2179985640,296984560.0000000000,19
1500,2,0.1892864070,268747504.0000000000,21
1500,3,0.1517726410,236792832.0000000000,3
1500,4,0.1342641540,221072208.0000000000,2
1500,5,0.1552901920,239888096.0000000000,0
1500,6,0.2377658820,314066880.0000000000,4
1500,7,0.2961054050,370428592.0000000000,5
1500,8,0.2698925290,350570432.0000000000,1
1500,9,0.3242739820,440716512.0000000000,19
1500,10,0.3398544840,452269424.0000000000,0
1500,11,0.3746469410,480630240.0000000000,2
1500,12,0.4032978050,504711856.0000000000,23
1500,13,0.4008569570,506313744.0000000000,20
1500,14,0.4053520090,506588656.0000000000,22
1500,15,0.3681459870,474341024.0000000000,3
1500,16,0.3258285590,439409808.0000000000,21
1500,17,0.3168683680,433772432.0000000000,18
1500,18,0.3166870840,436367792.0000000000,14
1500,19,0.3164606270,436513248.0000000000,11
1500,20,0.3170305170,436510880.0000000000,9
1500,21,0.3166642290,436510160.0000000000,13
1500,22,0.3163013660,436508256.0000000000,6
1500,23,0.3168466950,436509472.0000000000,17
1500,24,0.3168447120,436511984.0000000000,17
1500,25,0.3164383230,436507664.0000000000,5
1500,26,0.3165610210,436367072.0000000000,12
1500,27,0.3169759920,436365824.0000000000,8
1500,28,0.3176640810,436511136.0000000000,10
1500,29,0.3169509670,436513216.0000000000,15
1500,30,0.3166198840,436509968.0000000000,13
1500,31,0.3167981610,436512736.0000000000,9
1500,32,0.3170426010,436509456.0000000000,8
1500,33,0.3169985940,436510512.0000000000,7
1500,34,0.3170870280,436507376.0000000000,7
1500,35,0.3162896150,436369456.0000000000,6
1500,36,0.3168449750,435805536.0000000000,16
1500,37,0.3174035570,436533488.0000000000,4
1500,38,0.3168372550,436507376.0000000000,14
1500,39,0.3168156940,436526256.0000000000,1
1500,40,0.3167777510,436493552.0000000000,11
1500,41,0.3171150660,436505536.0000000000,15
1500,42,0.3166837890,436514656.0000000000,12
1500,43,0.3173758310,436510160.0000000000,16
1500,44,0.3171456920,435840224.0000000000,10
1500,45,0.0815250020,131982880.0000000000,20
1500,46,0.0816858960,132135216.0000000000,2
1500,47,0.0816024630,132141232.0000000000,23
1500,48,0.0814884710,132132352.0000000000,22
1500,49,0.0814319320,132152320.0000000000,22
1500,50,0.0814085980,132140864.0000000000,20
1500,51,0.0815827360,132152480.0000000000,23
1500,52,0.0814884950,132135776.0000000000,0
1500,53,0.0814887760,131973856.0000000000,3
1500,54,0.0201597860,54827568.0000000000,20
1500,55,0.0201850820,54827568.0000000000,19
1500,56,0.0200525190,54827568.0000000000,21
1500,57,0.0201555150,54827568.0000000000,22
1500,58,0.0201948050,54827568.0000000000,0
1500,59,0.0201484330,54827568.0000000000,21
1500,60,0.0202215770,54827568.0000000000,1
1500,61,0.0201854030,54827568.0000000000,23
1500,62,0.0202046190,54827568.0000000000,18
1500,63,0.0201869450,54827568.0000000000,23
1500,64,0.0201448050,54827568.0000000000,19
1500,65,0.0201460850,54827568.0000000000,10
1500,66,0.0201754350,54827568.0000000000,17
1500,67,0.0201836100,54827568.0000000000,19
1500,68,0.0201020510,54827568.0000000000,22
1500,69,0.0202583110,54827568.0000000000,4
1500,70,0.0201869310,54827568.0000000000,5
1500,71,0.0201068410,54827568.0000000000,12
1500,72,0.0201952990,54827568.0000000000,8
1500,73,0.0201455000,54827568.0000000000,3
1500,74,0.0201619440,54827568.0000000000,5
1500,75,0.0201067890,54827568.0000000000,7
1500,76,0.0201563700,54827568.0000000000,2
1500,77,0.0202059270,54827568.0000000000,0
1500,78,0.0201213300,54827568.0000000000,22
1500,79,0.0202137790,54827568.0000000000,23
1500,80,0.0201636720,54827568.0000000000,21
1500,81,0.0201265070,54827568.0000000000,11
1500,82,0.0201690970,54827568.0000000000,1
1500,83,0.0201524380,54827568.0000000000,19
1500,84,0.0202241520,54827568.0000000000,2
1500,85,0.0201378910,54827568.0000000000,19
1500,86,0.0201934450,54827568.0000000000,9
1500,87,0.0202655350,54827568.0000000000,4
1500,88,0.0201024330,54827568.0000000000,20
1500,89,0.0202801550,54827568.0000000000,18
1500,90,0.0202384430,54827568.0000000000,4
1500,91,0.0201143940,54827568.0000000000,15
1500,92,0.0201967440,54827568.0000000000,16
1500,93,0.0201684220,54827568.0000000000,23
1500,94,0.0201213560,54827568.0000000000,14
1500,95,0.0201020020,54827568.0000000000,18
1500,96,0.0201734990,54827568.0000000000,13
1500,97,0.0201104590,54827568.0000000000,22
1500,98,0.0202023680,54827568.0000000000,21
1500,99,0.0201329840,54827568.0000000000,21
1500,100,0.0201678530,54827568.0000000000,1
1500,101,0.0201651570,54827568.0000000000,20
1500,102,0.0201121530,54827568.0000000000,20
1500,103,0.0202189760,54827568.0000000000,18
1500,104,0.0202169720,54827568.0000000000,19
1500,105,0.0200796130,54827568.0000000000,3
1500,106,0.0202244170,54827568.0000000000,18
1500,107,0.0201661290,54827568.0000000000,2
1500,108,0.0201812680,54827568.0000000000,21
1500,109,0.0201596760,54827568.0000000000,20
1500,110,0.0201897890,54827568.0000000000,6
1500,111,0.0203299200,54827568.0000000000,4
1500,112,0.0200972470,54827568.0000000000,1
1500,113,0.0202005340,54827568.0000000000,23
1500,114,0.0201816380,54827568.0000000000,0
1500,115,0.0201555810,54827568.0000000000,5
1500,116,0.0201195970,54827568.0000000000,22
1500,117,0.0174715540,47074864.0000000000,14
1500,118,0.0174651350,47074864.0000000000,8
1500,119,0.0174475350,47074864.0000000000,13
1500,120,0.0174416990,47074864.0000000000,7
1500,121,0.0174822650,47074864.0000000000,17
1500,122,0.0174397670,47074864.0000000000,5
1500,123,0.0174540530,47074864.0000000000,6
1500,124,0.0174587620,47074864.0000000000,10
1500,125,0.0174821740,47074864.0000000000,1
1500,126,0.0175056430,47074864.0000000000,8
1500,127,0.0174891370,47074864.0000000000,16
1500,128,0.0174300470,47074864.0000000000,11
1500,129,0.0174980650,47074864.0000000000,18
1500,130,0.0174873630,47074864.0000000000,2
1500,131,0.0174088310,47074864.0000000000,15
1500,132,0.0174818360,47074864.0000000000,9
1500,133,0.0174143920,47074864.0000000000,12
1500,134,0.0174720750,47074864.0000000000,0
1500,135,0.0174505200,47074864.0000000000,2
1500,136,0.0174486900,47074864.0000000000,0
1500,137,0.0173686160,47074864.0000000000,11
1500,138,0.0174873040,47074864.0000000000,17
1500,139,0.0174603570,47074864.0000000000,7
1500,140,0.0174721950,47074864.0000000000,16
1500,141,0.0174281610,47074864.0000000000,10
1500,142,0.0174277490,47074864.0000000000,3
1500,143,0.0175053000,47074864.0000000000,4
1500,144,0.0174361370,47074864.0000000000,3
1500,145,0.0175160860,47074864.0000000000,4
1500,146,0.0174010250,47074864.0000000000,12
1500,147,0.0174260060,47074864.0000000000,1
1500,148,0.0174520290,47074864.0000000000,6
1500,149,0.0174067090,47074864.0000000000,15
1500,150,0.0174852010,47074864.0000000000,9
1500,151,0.0174678460,47074864.0000000000,13
1500,152,0.0173960070,47074864.0000000000,14
1550,0,7.5022133712,314354032.0000000000,18
1550,1,7.0014104583,295496320.0000000000,19
1550,2,5.9361740876,261274336.0000000000,21
1550,3,4.6122132470,224037232.0000000000,3
1550,4,4.1104415353,211056800.0000000000,2
1550,5,4.7032248378,226346464.0000000000,0
1550,6,7.5515483645,309377504.0000000000,4
1550,7,9.5674206761,372172208.0000000000,5
1550,8,8.7161998713,352071232.0000000000,1
1550,9,10.4450419575,441521456.0000000000,19
1550,10,10.9283424636,454561392.0000000000,0
1550,11,12.0923604043,484569200.0000000000,2
1550,12,12.9467863099,504764240.0000000000,23
1550,13,12.8732981608,506010176.0000000000,20
1550,14,13.0406864896,506244416.0000000000,22
1550,15,11.9070043983,478026256.0000000000,3
1550,16,10.4769508832,439608608.0000000000,21
1550,17,10.2002584349,433282112.0000000000,18
1550,18,10.1902497778,436367824.0000000000,14
1550,19,10.1857476941,436508896.0000000000,11
1550,20,10.1972718971,436513424.0000000000,9
1550,21,10.1901291325,436509088.0000000000,13
1550,22,10.1824154825,436511808.0000000000,6
1550,23,10.1952709064,436505888.0000000000,17
1550,24,10.1939879175,436514864.0000000000,17
1550,25,10.1879847708,436507104.0000000000,5
1550,26,10.1890155079,436371536.0000000000,12
1550,27,10.1888831873,436367216.0000000000,8
1550,28,10.2166794478,436513216.0000000000,10
1550,29,10.1976478278,436511696.0000000000,15
1550,30,10.1890666962,436508768.0000000000,13
1550,31,10.1957752187,436509616.0000000000,9
1550,32,10.1898323156,436511760.0000000000,8
1550,33,10.2011556813,436509136.0000000000,7
1550,34,10.2003777628,436512256.0000000000,7
1550,35,10.1782512420,436366304.0000000000,6
1550,36,10.1969345104,435786640.0000000000,16
1550,37,10.2165667335,436533568.0000000000,4
1550,38,10.1977565677,436505536.0000000000,14
1550,39,10.1955160368,436524688.0000000000,1
1550,40,10.1924067578,436495808.0000000000,11
1550,41,10.2046041090,436507168.0000000000,15
1550,42,10.1969699571,436521104.0000000000,12
1550,43,10.2191406659,436509296.0000000000,16
1550,44,10.2047081547,435820592.0000000000,10
1550,45,2.6276946348,131977280.0000000000,20
1550,46,2.6324168424,132135280.0000000000,2
1550,47,2.6345628653,132140960.0000000000,23
1550,48,2.6303215050,132135040.0000000000,22
1550,49,2.6303989087,132150608.0000000000,22
1550,50,2.6291256694,132140016.0000000000,20
1550,51,2.6343401705,132147648.0000000000,23
1550,52,2.6302837891,132136624.0000000000,0
1550,53,2.6282843938,131964752.0000000000,3
1550,54,0.6570252361,54827568.0000000000,20
1550,55,0.6590716888,54827568.0000000000,19
1550,56,0.6586040068,54827568.0000000000,21
1550,57,0.6575397441,54827568.0000000000,22
1550,58,0.6589243130,54827568.0000000000,0
1550,59,0.6585778004,54827568.0000000000,21
1550,60,0.6583855092,54827568.0000000000,1
1550,61,0.6596798795,54827568.0000000000,23
1550,62,0.6595300885,54827568.0000000000,18
1550,63,0.6595632516,54827568.0000000000,23
1550,64,0.6591102540,54827568.0000000000,19
1550,65,0.6584075016,54827568.0000000000,10
1550,66,0.6599894354,54827568.0000000000,17
1550,67,0.6589975868,54827568.0000000000,19
1550,68,0.6579458393,54827568.0000000000,22
1550,69,0.6611072891,54827568.0000000000,4
1550,70,0.6587507261,54827568.0000000000,5
1550,71,0.6572569758,54827568.0000000000,12
1550,72,0.6571920852,54827568.0000000000,8
1550,73,0.6577301365,54827568.0000000000,3
1550,74,0.6587818058,54827568.0000000000,5
1550,75,0.6576509369,54827568.0000000000,7
1550,76,0.6594920016,54827568.0000000000,2
1550,77,0.6586348194,54827568.0000000000,0
1550,78,0.6578523424,54827568.0000000000,22
1550,79,0.6600550904,54827568.0000000000,23
1550,80,0.6586893198,54827568.0000000000,21
1550,81,0.6575373109,54827568.0000000000,11
1550,82,0.6581416917,54827568.0000000000,1
1550,83,0.6589318008,54827568.0000000000,19
1550,84,0.6595226061,54827568.0000000000,2
1550,85,0.6589880713,54827568.0000000000,19
1550,86,0.6591328265,54827568.0000000000,9
1550,87,0.6613513095,54827568.0000000000,4
1550,88,0.6569321675,54827568.0000000000,20
1550,89,0.6593944142,54827568.0000000000,18
1550,90,0.6614605974,54827568.0000000000,4
1550,91,0.6573244960,54827568.0000000000,15
1550,92,0.6600531352,54827568.0000000000,16
1550,93,0.6596148445,54827568.0000000000,23
1550,94,0.6583407072,54827568.0000000000,14
1550,95,0.6589555323,54827568.0000000000,18
1550,96,0.6596799001,54827568.0000000000,13
1550,97,0.6575066797,54827568.0000000000,22
1550,98,0.6584481383,54827568.0000000000,21
1550,99,0.6582368494,54827568.0000000000,21
1550,100,0.6580991830,54827568.0000000000,1
1550,101,0.6571239726,54827568.0000000000,20
1550,102,0.6569003969,54827568.0000000000,20
1550,103,0.6594500324,54827568.0000000000,18
1550,104,0.6590935463,54827568.0000000000,19
1550,105,0.6575549667,54827568.0000000000,3
1550,106,0.6589381138,54827568.0000000000,18
1550,107,0.6595497382,54827568.0000000000,2
1550,108,0.6587687846,54827568.0000000000,21
1550,109,0.6569875362,54827568.0000000000,20
1550,110,0.6587040226,54827568.0000000000,6
1550,111,0.6612460618,54827568.0000000000,4
1550,112,0.6587293464,54827568.0000000000,1
1550,113,0.6594184275,54827568.0000000000,23
1550,114,0.6585466147,54827568.0000000000,0
1550,115,0.6584745060,54827568.0000000000,5
1550,116,0.6576044404,54827568.0000000000,22
1550,117,0.5700333218,47074864.0000000000,14
1550,118,0.5693576233,47074864.0000000000,8
1550,119,0.5708932487,47074864.0000000000,13
1550,120,0.5693762142,47074864.0000000000,7
1550,121,0.5710072632,47074864.0000000000,17
1550,122,0.5699801928,47074864.0000000000,5
1550,123,0.5705409805,47074864.0000000000,6
1550,124,0.5695244683,47074864.0000000000,10
1550,125,0.5700637545,47074864.0000000000,1
1550,126,0.5692330092,47074864.0000000000,8
1550,127,0.5715096593,47074864.0000000000,16
1550,128,0.5691566445,47074864.0000000000,11
1550,129,0.5709759840,47074864.0000000000,18
1550,130,0.5714427718,47074864.0000000000,2
1550,131,0.5693114796,47074864.0000000000,15
1550,132,0.5710894767,47074864.0000000000,9
1550,133,0.5693067783,47074864.0000000000,12
1550,134,0.5704205345,47074864.0000000000,0
1550,135,0.5713253944,47074864.0000000000,2
1550,136,0.5704143920,47074864.0000000000,0
1550,137,0.5690180865,47074864.0000000000,11
1550,138,0.5709912379,47074864.0000000000,17
1550,139,0.5697992113,47074864.0000000000,7
1550,140,0.5715065490,47074864.0000000000,16
1550,141,0.5695540141,47074864.0000000000,10
1550,142,0.5694384525,47074864.0000000000,3
1550,143,0.5718693051,47074864.0000000000,4
1550,144,0.5694282436,47074864.0000000000,3
1550,145,0.5716330190,47074864.0000000000,4
1550,146,0.5693696600,47074864.0000000000,12
1550,147,0.5698952235,47074864.0000000000,1
1550,148,0.5703265304,47074864.0000000000,6
1550,149,0.5690400504,47074864.0000000000,15
1550,150,0.5708350017,47074864.0000000000,9
1550,151,0.5710285899,47074864.0000000000,13
1550,152,0.5700978270,47074864.0000000000,14
1600,0,0.2327884950,313320096.0000000000,18
1600,1,0.2161799910,294503200.0000000000,19
1600,2,0.1724233620,253459680.0000000000,21
1600,3,0.1298748400,215900528.0000000000,3
1600,4,0.1263343530,210871632.0000000000,2
1600,5,0.1309942890,217198848.0000000000,0
1600,6,0.2274972100,304297744.0000000000,4
1600,7,0.3008268670,374552432.0000000000,5
1600,8,0.2729193460,353397536.0000000000,1
1600,9,0.3281741610,442208352.0000000000,19
1600,10,0.3467053110,456483872.0000000000,0
1600,11,0.3831375720,486928832.0000000000,2
1600,12,0.4046632420,504458880.0000000000,23
1600,13,0.4008541970,505610624.0000000000,20
1600,14,0.4064432360,505885184.0000000000,22
1600,15,0.3756695010,480456768.0000000000,3
1600,16,0.3272879680,439696752.0000000000,21
1600,17,0.3178407260,432739856.0000000000,18
1600,18,0.3167404060,436365648.0000000000,14
1600,19,0.3165907770,436507472.0000000000,11
1600,20,0.3168485550,436511888.0000000000,9
1600,21,0.3166466330,436508912.0000000000,13
1600,22,0.3163724870,436512304.0000000000,6
1600,23,0.3167428690,436512720.0000000000,17
1600,24,0.3169032410,436508816.0000000000,17
1600,25,0.3164348550,436512672.0000000000,5
1600,26,0.3163794240,436370000.0000000000,12
1600,27,0.3164618690,436372592.0000000000,8
1600,28,0.3176832870,436511136.0000000000,10
1600,29,0.3168421630,436510672.0000000000,15
1600,30,0.3165782300,436510800.0000000000,13
1600,31,0.3168310620,436511840.0000000000,9
1600,32,0.3164559190,436512816.0000000000,8
1600,33,0.3168353690,436506688.0000000000,7
1600,34,0.3169217250,436508432.0000000000,7
1600,35,0.3163365590,436366944.0000000000,6
1600,36,0.3166546000,435755744.0000000000,16
1600,37,0.3175533470,436533184.0000000000,4
1600,38,0.3168101700,436510000.0000000000,14
1600,39,0.3169109420,436523264.0000000000,1
1600,40,0.3169062590,436495264.0000000000,11
1600,41,0.3171893980,436504208.0000000000,15
1600,42,0.3167174690,436524880.0000000000,12
1600,43,0.3176022040,436511040.0000000000,16
1600,44,0.3170562080,435794720.0000000000,10
1600,45,0.0813240920,131970832.0000000000,20
1600,46,0.0816256950,132134256.0000000000,2
1600,47,0.0815040100,132139488.0000000000,23
1600,48,0.0814897320,132136720.0000000000,22
1600,49,0.0815070070,132149408.0000000000,22
1600,50,0.0813899900,132139744.0000000000,20
1600,51,0.0815942640,132144592.0000000000,23
1600,52,0.0815961670,132136608.0000000000,0
1600,53,0.0815273930,131959488.0000000000,3
1600,54,0.0201220770,54827568.0000000000,20
1600,55,0.0201959040,54827568.0000000000,19
1600,56,0.0201599690,54827568.0000000000,21
1600,57,0.0201526270,54827568.0000000000,22
1600,58,0.0201519680,54827568.0000000000,0
1600,59,0.0201623740,54827568.0000000000,21
1600,60,0.0201302140,54827568.0000000000,1
1600,61,0.0201806290,54827568.0000000000,23
1600,62,0.0201230050,54827568.0000000000,18
1600,63,0.0201942970,54827568.0000000000,23
1600,64,0.0201409050,54827568.0000000000,19
1600,65,0.0201097920,54827568.0000000000,10
1600,66,0.0202158020,54827568.0000000000,17
1600,67,0.0201850240,54827568.0000000000,19
1600,68,0.0201348300,54827568.0000000000,22
1600,69,0.0202547970,54827568.0000000000,4
1600,70,0.0201074400,54827568.0000000000,5
1600,71,0.0201309770,54827568.0000000000,12
1600,72,0.0200546840,54827568.0000000000,8
1600,73,0.0201354340,54827568.0000000000,3
1600,74,0.0201230000,54827568.0000000000,5
1600,75,0.0201126010,54827568.0000000000,7
1600,76,0.0201541430,54827568.0000000000,2
1600,77,0.0201603030,54827568.0000000000,0
1600,78,0.0201597390,54827568.0000000000,22
1600,79,0.0201816030,54827568.0000000000,23
1600,80,0.0201716340,54827568.0000000000,21
1600,81,0.0201061860,54827568.0000000000,11
1600,82,0.0201911320,54827568.0000000000,1
1600,83,0.0201446450,54827568.0000000000,19
1600,84,0.0202101990,54827568.0000000000,2
1600,85,0.0201776670,54827568.0000000000,19
1600,86,0.0201857190,54827568.0000000000,9
1600,87,0.0202365190,54827568.0000000000,4
1600,88,0.0200477330,54827568.0000000000,20
1600,89,0.0201666380,54827568.0000000000,18
1600,90,0.0202781510,54827568.0000000000,4
1600,91,0.0201524480,54827568.0000000000,15
1600,92,0.0201725370,54827568.0000000000,16
1600,93,0.0202041820,54827568.0000000000,23
1600,94,0.0201760740,54827568.0000000000,14
1600,95,0.0201505370,54827568.0000000000,18
1600,96,0.0201250570,54827568.0000000000,13
1600,97,0.0201461510,54827568.0000000000,22
1600,98,0.0201463030,54827568.0000000000,21
1600,99,0.0201372560,54827568.0000000000,21
1600,100,0.0201503040,54827568.0000000000,1
1600,101,0.0201145630,54827568.0000000000,20
1600,102,0.0201154320,54827568.0000000000,20
1600,103,0.0201872960,54827568.0000000000,18
1600,104,0.0201021330,54827568.0000000000,19
1600,105,0.0200892160,54827568.0000000000,3
1600,106,0.0201907930,54827568.0000000000,18
1600,107,0.0201526600,54827568.0000000000,2
1600,108,0.0201524150,54827568.0000000000,21
1600,109,0.0201079690,54827568.0000000000,20
1600,110,0.0201260970,54827568.0000000000,6
1600,111,0.0201877750,54827568.0000000000,4
1600,112,0.0201540720,54827568.0000000000,1
1600,113,0.0201564040,54827568.0000000000,23
1600,114,0.0201796930,54827568.0000000000,0
1600,115,0.0201255350,54827568.0000000000,5
1600,116,0.0201500310,54827568.0000000000,22
1600,117,0.0173950350,47074864.0000000000,14
1600,118,0.0173913420,47074864.0000000000,8
1600,119,0.0174777240,47074864.0000000000,13
1600,120,0.0174383550,47074864.0000000000,7
1600,121,0.0174779650,47074864.0000000000,17
1600,122,0.0174665410,47074864.0000000000,5
1600,123,0.0174657480,47074864.0000000000,6
1600,124,0.0174193630,47074864.0000000000,10
1600,125,0.0174786020,47074864.0000000000,1
1600,126,0.0174033940,47074864.0000000000,8
1600,127,0.0174779550,47074864.0000000000,16
1600,128,0.0174202870,47074864.0000000000,11
1600,129,0.0175011420,47074864.0000000000,18
1600,130,0.0174721290,47074864.0000000000,2
1600,131,0.0174174180,47074864.0000000000,15
1600,132,0.0174943080,47074864.0000000000,9
1600,133,0.0174498540,47074864.0000000000,12
1600,134,0.0174658980,47074864.0000000000,0
1600,135,0.0174465510,47074864.0000000000,2
1600,136,0.0174579640,47074864.0000000000,0
1600,137,0.0174232830,47074864.0000000000,11
1600,138,0.0175035350,47074864.0000000000,17
1600,139,0.0174438960,47074864.0000000000,7
1600,140,0.0174880240,47074864.0000000000,16
1600,141,0.0174265790,47074864.0000000000,10
1600,142,0.0174033490,47074864.0000000000,3
1600,143,0.0174899840,47074864.0000000000,4
1600,144,0.0174014550,47074864.0000000000,3
1600,145,0.0174966870,47074864.0000000000,4
1600,146,0.0174270370,47074864.0000000000,12
1600,147,0.0174585620,47074864.0000000000,1
1600,148,0.0174537650,47074864.0000000000,6
1600,149,0.0174269440,47074864.0000000000,15
1600,150,0.0174723360,47074864.0000000000,9
1600,151,0.0174765930,47074864.0000000000,13
1600,152,0.0174435500,47074864.0000000000,14
1650,0,7.4742845726,312226096.0000000000,18
1650,1,6.9516941619,293915056.0000000000,19
1650,2,5.4310807818,247578624.0000000000,21
1650,3,4.1438884732,213195184.0000000000,3
1650,4,4.0724910319,210850912.0000000000,2
1650,5,4.1794526211,213932176.0000000000,0
1650,6,7.2347317813,299626688.0000000000,4
1650,7,9.7343008313,377476864.0000000000,5
1650,8,8.8126346466,354400048.0000000000,1
1650,9,10.5756901789,442861536.0000000000,19
1650,10,11.1989073202,458091744.0000000000,0
1650,11,12.3681352461,488328048.0000000000,2
1650,12,13.0031390076,504271712.0000000000,23
1650,13,12.8812383107,505316368.0000000000,20
1650,14,13.0587201255,505502912.0000000000,22
1650,15,12.1461480784,482759072.0000000000,3
1650,16,10.5525370732,439749504.0000000000,21
1650,17,10.2260446534,432208160.0000000000,18
1650,18,10.1883008209,436366320.0000000000,14
1650,19,10.1856972860,436503136.0000000000,11
1650,20,10.1963385433,436512432.0000000000,9
1650,21,10.1909940832,436510688.0000000000,13
1650,22,10.1819602828,436514720.0000000000,6
1650,23,10.1942065602,436508896.0000000000,17
1650,24,10.1938327390,436511376.0000000000,17
1650,25,10.1878382468,436512848.0000000000,5
1650,26,10.1882382312,436367072.0000000000,12
1650,27,10.1892318676,436372912.0000000000,8
1650,28,10.2166922164,436510128.0000000000,10
1650,29,10.1974946619,436510608.0000000000,15
1650,30,10.1899499813,436513488.0000000000,13
1650,31,10.1968457092,436508624.0000000000,9
1650,32,10.1893919915,436512592.0000000000,8
1650,33,10.2023460072,436512816.0000000000,7
1650,34,10.2004966872,436506112.0000000000,7
1650,35,10.1779221535,436367376.0000000000,6
1650,36,10.1961868495,435737472.0000000000,16
1650,37,10.2214752758,436535968.0000000000,4
1650,38,10.1981643270,436505504.0000000000,14
1650,39,10.1959202267,436526000.0000000000,1
1650,40,10.1928909538,436490784.0000000000,11
1650,41,10.2049638078,436509680.0000000000,15
1650,42,10.1962493752,436521488.0000000000,12
1650,43,10.2208655105,436510352.0000000000,16
1650,44,10.2038640736,435770992.0000000000,10
1650,45,2.6279412953,131966432.0000000000,20
1650,46,2.6321367919,132132256.0000000000,2
1650,47,2.6342565090,132138704.0000000000,23
1650,48,2.6303458263,132137008.0000000000,22
1650,49,2.6307067585,132150048.0000000000,22
1650,50,2.6291616611,132139008.0000000000,20
1650,51,2.6339826389,132145408.0000000000,23
1650,52,2.6309546946,132139248.0000000000,0
1650,53,2.6276791294,131955408.0000000000,3
1650,54,0.6567835544,54827568.0000000000,20
1650,55,0.6591579958,54827568.0000000000,19
1650,56,0.6588980352,54827568.0000000000,21
1650,57,0.6573691037,54827568.0000000000,22
1650,58,0.6587005654,54827568.0000000000,0
1650,59,0.6593735013,54827568.0000000000,21
1650,60,0.6580206681,54827568.0000000000,1
1650,61,0.6594999180,54827568.0000000000,23
1650,62,0.6596891968,54827568.0000000000,18
1650,63,0.6597011699,54827568.0000000000,23
1650,64,0.6586341913,54827568.0000000000,19
1650,65,0.6584853725,54827568.0000000000,10
1650,66,0.6598477779,54827568.0000000000,17
1650,67,0.6590900518,54827568.0000000000,19
1650,68,0.6580025364,54827568.0000000000,22
1650,69,0.6613559290,54827568.0000000000,4
1650,70,0.6586007613,54827568.0000000000,5
1650,71,0.6609250580,54827568.0000000000,12
1650,72,0.6572667615,54827568.0000000000,8
1650,73,0.6576913881,54827568.0000000000,3
1650,74,0.6588437083,54827568.0000000000,5
1650,75,0.6575391789,54827568.0000000000,7
1650,76,0.6597573505,54827568.0000000000,2
1650,77,0.6583770554,54827568.0000000000,0
1650,78,0.6577575928,54827568.0000000000,22
1650,79,0.6596356234,54827568.0000000000,23
1650,80,0.6593247921,54827568.0000000000,21
1650,81,0.6574281158,54827568.0000000000,11
1650,82,0.6581008682,54827568.0000000000,1
1650,83,0.6588189436,54827568.0000000000,19
1650,84,0.6594907002,54827568.0000000000,2
1650,85,0.6590797006,54827568.0000000000,19
1650,86,0.6590661862,54827568.0000000000,9
1650,87,0.6613285832,54827568.0000000000,4
1650,88,0.6568950954,54827568.0000000000,20
1650,89,0.6593097314,54827568.0000000000,18
1650,90,0.6614547649,54827568.0000000000,4
1650,91,0.6572178672,54827568.0000000000,15
1650,92,0.6602622922,54827568.0000000000,16
1650,93,0.6595588436,54827568.0000000000,23
1650,94,0.6577746111,54827568.0000000000,14
1650,95,0.6594301311,54827568.0000000000,18
1650,96,0.6591319351,54827568.0000000000,13
1650,97,0.6577003317,54827568.0000000000,22
1650,98,0.6590459924,54827568.0000000000,21
1650,99,0.6588515720,54827568.0000000000,21
1650,100,0.6581018538,54827568.0000000000,1
1650,101,0.6572426287,54827568.0000000000,20
1650,102,0.6570034090,54827568.0000000000,20
1650,103,0.6593857452,54827568.0000000000,18
1650,104,0.6586166582,54827568.0000000000,19
1650,105,0.6577342022,54827568.0000000000,3
1650,106,0.6591645623,54827568.0000000000,18
1650,107,0.6594690505,54827568.0000000000,2
1650,108,0.6589817503,54827568.0000000000,21
1650,109,0.6569617259,54827568.0000000000,20
1650,110,0.6590481992,54827568.0000000000,6
1650,111,0.6612454676,54827568.0000000000,4
1650,112,0.6583106017,54827568.0000000000,1
1650,113,0.6593984742,54827568.0000000000,23
1650,114,0.6583566295,54827568.0000000000,0
1650,115,0.6586336116,54827568.0000000000,5
1650,116,0.6573561482,54827568.0000000000,22
1650,117,0.5699694882,47074864.0000000000,14
1650,118,0.5694333165,47074864.0000000000,8
1650,119,0.5706869145,47074864.0000000000,13
1650,120,0.5695498927,47074864.0000000000,7
1650,121,0.5710275423,47074864.0000000000,17
1650,122,0.5699748332,47074864.0000000000,5
1650,123,0.5703447619,47074864.0000000000,6
1650,124,0.5695085974,47074864.0000000000,10
1650,125,0.5701880941,47074864.0000000000,1
1650,126,0.5693259325,47074864.0000000000,8
1650,127,0.5716062658,47074864.0000000000,16
1650,128,0.5689089883,47074864.0000000000,11
1650,129,0.5709420831,47074864.0000000000,18
1650,130,0.5713994737,47074864.0000000000,2
1650,131,0.5690971345,47074864.0000000000,15
1650,132,0.5711006741,47074864.0000000000,9
1650,133,0.5693376508,47074864.0000000000,12
1650,134,0.5705188627,47074864.0000000000,0
1650,135,0.5713210524,47074864.0000000000,2
1650,136,0.5704273765,47074864.0000000000,0
1650,137,0.5690128373,47074864.0000000000,11
1650,138,0.5708523669,47074864.0000000000,17
1650,139,0.5696015352,47074864.0000000000,7
1650,140,0.5714446040,47074864.0000000000,16
1650,141,0.5696084443,47074864.0000000000,10
1650,142,0.5692507754,47074864.0000000000,3
1650,143,0.5719523307,47074864.0000000000,4
1650,144,0.5692748932,47074864.0000000000,3
1650,145,0.5719008422,47074864.0000000000,4
1650,146,0.5693702452,47074864.0000000000,12
1650,147,0.5700991087,47074864.0000000000,1
1650,148,0.5703563899,47074864.0000000000,6
1650,149,0.5690010969,47074864.0000000000,15
1650,150,0.5708900139,47074864.0000000000,9
1650,151,0.5709426569,47074864.0000000000,13
1650,152,0.5700292886,47074864.0000000000,14
1700,0,0.2300503880,310943040.0000000000,18
1700,1,0.2150458860,293426880.0000000000,19
1700,2,0.1610673670,242989296.0000000000,21
1700,3,0.1269769460,212066256.0000000000,3
1700,4,0.1263373130,210844240.0000000000,2
1700,5,0.1281212410,212935312.0000000000,0
1700,6,0.2187101480,295270592.0000000000,4
1700,7,0.3079353590,380773024.0000000000,5
1700,8,0.2751384760,355072224.0000000000,1
1700,9,0.3297787670,443531632.0000000000,19
1700,10,0.3507984010,459443136.0000000000,0
1700,11,0.3866929120,489049216.0000000000,2
1700,12,0.4053873950,504486336.0000000000,23
1700,13,0.4007686540,505073328.0000000000,20
1700,14,0.4056875280,504794464.0000000000,22
1700,15,0.3812638340,485185776.0000000000,3
1700,16,0.3287677780,439783504.0000000000,21
1700,17,0.3170797740,431589872.0000000000,18
1700,18,0.3165833610,436366672.0000000000,14
1700,19,0.3164705590,436506096.0000000000,11
1700,20,0.3168027100,436506160.0000000000,9
1700,21,0.3165679410,436510432.0000000000,13
1700,22,0.3164090570,436514032.0000000000,6
1700,23,0.3168340710,436512272.0000000000,17
1700,24,0.3168412140,436507792.0000000000,17
1700,25,0.3167043880,436512208.0000000000,5
1700,26,0.3163444280,436364976.0000000000,12
1700,27,0.3168943970,436366384.0000000000,8
1700,28,0.3176641940,436509920.0000000000,10
1700,29,0.3168253810,436510784.0000000000,15
1700,30,0.3166519960,436511104.0000000000,13
1700,31,0.3167670130,436510784.0000000000,9
1700,32,0.3168983860,436506944.0000000000,8
1700,33,0.3172289020,436516784.0000000000,7
1700,34,0.3169931860,436503888.0000000000,7
1700,35,0.3162119050,436366992.0000000000,6
1700,36,0.3166938600,435720320.0000000000,16
1700,37,0.3174438540,436534464.0000000000,4
1700,38,0.3168401210,436505680.0000000000,14
1700,39,0.3169901820,436527776.0000000000,1
1700,40,0.3167182080,436496016.0000000000,11
1700,41,0.3170365700,436505488.0000000000,15
1700,42,0.3169949000,436529728.0000000000,12
1700,43,0.3175970850,436511440.0000000000,16
1700,44,0.3171326590,435753840.0000000000,10
1700,45,0.0813057000,131958016.0000000000,20
1700,46,0.0815519250,132132784.0000000000,2
1700,47,0.0815563450,132142096.0000000000,23
1700,48,0.0814826640,132133584.0000000000,22
1700,49,0.0815215160,132151056.0000000000,22
1700,50,0.0814208160,132136288.0000000000,20
1700,51,0.0815199350,132139952.0000000000,23
1700,52,0.0814995660,132138448.0000000000,0
1700,53,0.0815008780,131945040.0000000000,3
1700,54,0.0201350410,54827568.0000000000,20
1700,55,0.0202038080,54827568.0000000000,19
1700,56,0.0201251500,54827568.0000000000,21
1700,57,0.0201081480,54827568.0000000000,22
1700,58,0.0201465550,54827568.0000000000,0
1700,59,0.0201192300,54827568.0000000000,21
1700,60,0.0201722150,54827568.0000000000,1
1700,61,0.0202291120,54827568.0000000000,23
1700,62,0.0201843920,54827568.0000000000,18
1700,63,0.0201552280,54827568.0000000000,23
1700,64,0.0201813960,54827568.0000000000,19
1700,65,0.0202087650,54827568.0000000000,10
1700,66,0.0201627190,54827568.0000000000,17
1700,67,0.0201868580,54827568.0000000000,19
1700,68,0.0200532010,54827568.0000000000,22
1700,69,0.0202100880,54827568.0000000000,4
1700,70,0.0201243960,54827568.0000000000,5
1700,71,0.0201358940,54827568.0000000000,12
1700,72,0.0201702800,54827568.0000000000,8
1700,73,0.0201133410,54827568.0000000000,3
1700,74,0.0201750730,54827568.0000000000,5
1700,75,0.0201219070,54827568.0000000000,7
1700,76,0.0201905240,54827568.0000000000,2
1700,77,0.0201360540,54827568.0000000000,0
1700,78,0.0201170040,54827568.0000000000,22
1700,79,0.0202010590,54827568.0000000000,23
1700,80,0.0201238380,54827568.0000000000,21
1700,81,0.0201255850,54827568.0000000000,11
1700,82,0.0201663250,54827568.0000000000,1
1700,83,0.0201515770,54827568.0000000000,19
1700,84,0.0201584070,54827568.0000000000,2
1700,85,0.0202153820,54827568.0000000000,19
1700,86,0.0202030650,54827568.0000000000,9
1700,87,0.0201913910,54827568.0000000000,4
1700,88,0.0201105750,54827568.0000000000,20
1700,89,0.0201949530,54827568.0000000000,18
1700,90,0.0202567900,54827568.0000000000,4
1700,91,0.0200878420,54827568.0000000000,15
1700,92,0.0202042020,54827568.0000000000,16
1700,93,0.0202217600,54827568.0000000000,23
1700,94,0.0201468270,54827568.0000000000,14
1700,95,0.0201360270,54827568.0000000000,18
1700,96,0.0201544620,54827568.0000000000,13
1700,97,0.0201267650,54827568.0000000000,22
1700,98,0.0202045040,54827568.0000000000,21
1700,99,0.0202147940,54827568.0000000000,21
1700,100,0.0201642690,54827568.0000000000,1
1700,101,0.0201470430,54827568.0000000000,20
1700,102,0.0200909770,54827568.0000000000,20
1700,103,0.0201830800,54827568.0000000000,18
1700,104,0.0201697840,54827568.0000000000,19
1700,105,0.0201311460,54827568.0000000000,3
1700,106,0.0201960960,54827568.0000000000,18
1700,107,0.0201672950,54827568.0000000000,2
1700,108,0.0201489350,54827568.0000000000,21
1700,109,0.0201700780,54827568.0000000000,20
1700,110,0.0201549610,54827568.0000000000,6
1700,111,0.0201932350,54827568.0000000000,4
1700,112,0.0201721870,54827568.0000000000,1
1700,113,0.0202128410,54827568.0000000000,23
1700,114,0.0201560860,54827568.0000000000,0
1700,115,0.0201424890,54827568.0000000000,5
1700,116,0.0201616520,54827568.0000000000,22
1700,117,0.0174109540,47074864.0000000000,14
1700,118,0.0174601850,47074864.0000000000,8
1700,119,0.0174741790,47074864.0000000000,13
1700,120,0.0174368020,47074864.0000000000,7
1700,121,0.0174545920,47074864.0000000000,17
1700,122,0.0174396370,47074864.0000000000,5
1700,123,0.0174652660,47074864.0000000000,6
1700,124,0.0174058070,47074864.0000000000,10
1700,125,0.0174275540,47074864.0000000000,1
1700,126,0.0174353580,47074864.0000000000,8
1700,127,0.0174886090,47074864.0000000000,16
1700,128,0.0174297670,47074864.0000000000,11
1700,129,0.0174484290,47074864.0000000000,18
1700,130,0.0174670310,47074864.0000000000,2
1700,131,0.0174108450,47074864.0000000000,15
1700,132,0.0174675980,47074864.0000000000,9
1700,133,0.0174216870,47074864.0000000000,12
1700,134,0.0174492050,47074864.0000000000,0
1700,135,0.0174617980,47074864.0000000000,2
1700,136,0.0174789420,47074864.0000000000,0
1700,137,0.0173996680,47074864.0000000000,11
1700,138,0.0174689090,47074864.0000000000,17
1700,139,0.0174213910,47074864.0000000000,7
1700,140,0.0174993790,47074864.0000000000,16
1700,141,0.0174520600,47074864.0000000000,10
1700,142,0.0174577620,47074864.0000000000,3
1700,143,0.0174625600,47074864.0000000000,4
1700,144,0.0174214230,47074864.0000000000,3
1700,145,0.0175014170,47074864.0000000000,4
1700,146,0.0174513140,47074864.0000000000,12
1700,147,0.0174492380,47074864.0000000000,1
1700,148,0.0174493370,47074864.0000000000,6
1700,149,0.0174770950,47074864.0000000000,15
1700,150,0.0174698840,47074864.0000000000,9
1700,151,0.0174723740,47074864.0000000000,13
1700,152,0.0173852330,47074864.0000000000,14
1750,0,7.3746730885,309758320.0000000000,18
1750,1,6.9130093946,292974528.0000000000,19
1750,2,5.1083629065,239297616.0000000000,21
1750,3,4.0886548625,211332752.0000000000,3
1750,4,4.0798349410,210842640.0000000000,2
1750,5,4.1287970312,212836352.0000000000,0
1750,6,6.9604528034,291705520.0000000000,4
1750,7,9.9593985827,384201008.0000000000,5
1750,8,8.8458869029,355545888.0000000000,1
1750,9,10.6125880537,444264672.0000000000,19
1750,10,11.2936678586,460648928.0000000000,0
1750,11,12.4426485047,489302784.0000000000,2
1750,12,13.0435407907,504886032.0000000000,23
1750,13,12.8928251983,504864720.0000000000,20
1750,14,13.0196321166,503891312.0000000000,22
1750,15,12.3119864838,487473936.0000000000,3
1750,16,10.5756171085,439757936.0000000000,21
1750,17,10.1823303116,430960576.0000000000,18
1750,18,10.1885248869,436364736.0000000000,14
1750,19,10.1846714419,436506448.0000000000,11
1750,20,10.1987942217,436508224.0000000000,9
1750,21,10.1915985940,436508416.0000000000,13
1750,22,10.1816425824,436513952.0000000000,6
1750,23,10.1944947523,436513696.0000000000,17
1750,24,10.1938042209,436507328.0000000000,17
1750,25,10.1878025102,436512112.0000000000,5
1750,26,10.1879723584,436364528.0000000000,12
1750,27,10.1900338565,436365312.0000000000,8
1750,28,10.2179133052,436512928.0000000000,10
1750,29,10.1976017255,436514368.0000000000,15
1750,30,10.1899704910,436506048.0000000000,13
1750,31,10.1977036733,436508128.0000000000,9
1750,32,10.1896100365,436507328.0000000000,8
1750,33,10.2027671040,436515728.0000000000,7
1750,34,10.2021585042,436507056.0000000000,7
1750,35,10.1786617162,436366448.0000000000,6
1750,36,10.2037524402,435698208.0000000000,16
1750,37,10.2076049846,436536016.0000000000,4
1750,38,10.1986437342,436499840.0000000000,14
1750,39,10.1967327011,436529808.0000000000,1
1750,40,10.1931313303,436500384.0000000000,11
1750,41,10.2052271022,436500976.0000000000,15
1750,42,10.1982311976,436531952.0000000000,12
1750,43,10.2316499808,436512160.0000000000,16
1750,44,10.2028583526,435732448.0000000000,10
1750,45,2.6278082574,131953360.0000000000,20
1750,46,2.6319213589,132130560.0000000000,2
1750,47,2.6344714332,132145376.0000000000,23
1750,48,2.6308599994,132133024.0000000000,22
1750,49,2.6305537783,132150224.0000000000,22
1750,50,2.6294397732,132136000.0000000000,20
1750,51,2.6341851165,132138688.0000000000,23
1750,52,2.6304246536,132140992.0000000000,0
1750,53,2.6273597907,131938400.0000000000,3
1750,54,0.6569226285,54827568.0000000000,20
1750,55,0.6592361004,54827568.0000000000,19
1750,56,0.6585490266,54827568.0000000000,21
1750,57,0.6577640372,54827568.0000000000,22
1750,58,0.6587598366,54827568.0000000000,0
1750,59,0.6586233523,54827568.0000000000,21
1750,60,0.6581648789,54827568.0000000000,1
1750,61,0.6595584690,54827568.0000000000,23
1750,62,0.6595280442,54827568.0000000000,18
1750,63,0.6594433357,54827568.0000000000,23
1750,64,0.6588753479,54827568.0000000000,19
1750,65,0.6585930489,54827568.0000000000,10
1750,66,0.6595513830,54827568.0000000000,17
1750,67,0.6592154584,54827568.0000000000,19
1750,68,0.6578492966,54827568.0000000000,22
1750,69,0.6609510396,54827568.0000000000,4
1750,70,0.6586782746,54827568.0000000000,5
1750,71,0.6576880485,54827568.0000000000,12
1750,72,0.6573108974,54827568.0000000000,8
1750,73,0.6579267035,54827568.0000000000,3
1750,74,0.6589045939,54827568.0000000000,5
1750,75,0.6575138198,54827568.0000000000,7
1750,76,0.6596390490,54827568.0000000000,2
1750,77,0.6584272728,54827568.0000000000,0
1750,78,0.6575251893,54827568.0000000000,22
1750,79,0.6593500971,54827568.0000000000,23
1750,80,0.6587009057,54827568.0000000000,21
1750,81,0.6574655393,54827568.0000000000,11
1750,82,0.6583291272,54827568.0000000000,1
1750,83,0.6592205887,54827568.0000000000,19
1750,84,0.6596472939,54827568.0000000000,2
1750,85,0.6590214168,54827568.0000000000,19
1750,86,0.6594413353,54827568.0000000000,9
1750,87,0.6613375837,54827568.0000000000,4
1750,88,0.6568113448,54827568.0000000000,20
1750,89,0.6593856108,54827568.0000000000,18
1750,90,0.6611962798,54827568.0000000000,4
1750,91,0.6572006654,54827568.0000000000,15
1750,92,0.6607017514,54827568.0000000000,16
1750,93,0.6595108453,54827568.0000000000,23
1750,94,0.6583250626,54827568.0000000000,14
1750,95,0.6593333390,54827568.0000000000,18
1750,96,0.6593270759,54827568.0000000000,13
1750,97,0.6578289807,54827568.0000000000,22
1750,98,0.6587452968,54827568.0000000000,21
1750,99,0.6586839149,54827568.0000000000,21
1750,100,0.6581150715,54827568.0000000000,1
1750,101,0.6572335581,54827568.0000000000,20
1750,102,0.6570282158,54827568.0000000000,20
1750,103,0.6592862473,54827568.0000000000,18
1750,104,0.6592323732,54827568.0000000000,19
1750,105,0.6580195438,54827568.0000000000,3
1750,106,0.6591124780,54827568.0000000000,18
1750,107,0.6593752900,54827568.0000000000,2
1750,108,0.6585842311,54827568.0000000000,21
1750,109,0.6567499023,54827568.0000000000,20
1750,110,0.6586210337,54827568.0000000000,6
1750,111,0.6609890500,54827568.0000000000,4
1750,112,0.6585762253,54827568.0000000000,1
1750,113,0.6595200282,54827568.0000000000,23
1750,114,0.6586723444,54827568.0000000000,0
1750,115,0.6582506921,54827568.0000000000,5
1750,116,0.6578846425,54827568.0000000000,22
1750,117,0.5699935283,47074864.0000000000,14
1750,118,0.5694443892,47074864.0000000000,8
1750,119,0.5709190929,47074864.0000000000,13
1750,120,0.5694535928,47074864.0000000000,7
1750,121,0.5710055744,47074864.0000000000,17
1750,122,0.5700901598,47074864.0000000000,5
1750,123,0.5705033197,47074864.0000000000,6
1750,124,0.5695917881,47074864.0000000000,10
1750,125,0.5699467172,47074864.0000000000,1
1750,126,0.5694525464,47074864.0000000000,8
1750,127,0.5720596742,47074864.0000000000,16
1750,128,0.5690674652,47074864.0000000000,11
1750,129,0.5708650249,47074864.0000000000,18
1750,130,0.5712657819,47074864.0000000000,2
1750,131,0.5692376745,47074864.0000000000,15
1750,132,0.5710733416,47074864.0000000000,9
1750,133,0.5692586163,47074864.0000000000,12
1750,134,0.5708276351,47074864.0000000000,0
1750,135,0.5710764857,47074864.0000000000,2
1750,136,0.5705395835,47074864.0000000000,0
1750,137,0.5692050365,47074864.0000000000,11
1750,138,0.5707920215,47074864.0000000000,17
1750,139,0.5695500723,47074864.0000000000,7
1750,140,0.5719921792,47074864.0000000000,16
1750,141,0.5697401199,47074864.0000000000,10
1750,142,0.5693800617,47074864.0000000000,3
1750,143,0.5714904410,47074864.0000000000,4
1750,144,0.5694630061,47074864.0000000000,3
1750,145,0.5716348471,47074864.0000000000,4
1750,146,0.5694409366,47074864.0000000000,12
1750,147,0.5701574911,47074864.0000000000,1
1750,148,0.5705150385,47074864.0000000000,6
1750,149,0.5690604084,47074864.0000000000,15
1750,150,0.5710072357,47074864.0000000000,9
1750,151,0.5711238269,47074864.0000000000,13
1750,152,0.5700876816,47074864.0000000000,14
1800,0,0.2264655010,308561616.0000000000,18
1800,1,0.2118856480,292298032.0000000000,19
1800,2,0.1510010980,234590944.0000000000,21
1800,3,0.1263538910,210899136.0000000000,3
1800,4,0.1264492960,210840432.0000000000,2
1800,5,0.1276911990,212737664.0000000000,0
1800,6,0.2112958550,288504432.0000000000,4
1800,7,0.3137659810,387286832.0000000000,5
1800,8,0.2735298090,356033216.0000000000,1
1800,9,0.3286504850,445167952.0000000000,19
1800,10,0.3499891450,461866928.0000000000,0
1800,11,0.3854054630,489417024.0000000000,2
1800,12,0.4056520090,505003792.0000000000,23
1800,13,0.4005370000,504575264.0000000000,20
1800,14,0.4042887340,502996304.0000000000,22
1800,15,0.3841815920,489117088.0000000000,3
1800,16,0.3260217830,439617120.0000000000,21
1800,17,0.3134971040,430193840.0000000000,18
1800,18,0.3168851420,436362288.0000000000,14
1800,19,0.3165000380,436506496.0000000000,11
1800,20,0.3169529020,436506416.0000000000,9
1800,21,0.3167317250,436510016.0000000000,13
1800,22,0.3163235330,436514272.0000000000,6
1800,23,0.3167224220,436512160.0000000000,17
1800,24,0.3167410390,436504464.0000000000,17
1800,25,0.3166458360,436512304.0000000000,5
1800,26,0.3167104720,436363424.0000000000,12
1800,27,0.3166090090,436366688.0000000000,8
1800,28,0.3175873020,436512640.0000000000,10
1800,29,0.3167663990,436511104.0000000000,15
1800,30,0.3166318400,436506400.0000000000,13
1800,31,0.3168304150,436512192.0000000000,9
1800,32,0.3165766350,436508320.0000000000,8
1800,33,0.3170511490,436515392.0000000000,7
1800,34,0.3170909770,436504928.0000000000,7
1800,35,0.3162790710,436367680.0000000000,6
1800,36,0.3165346000,435678560.0000000000,16
1800,37,0.3174038720,436532032.0000000000,4
1800,38,0.3169151570,436502144.0000000000,14
1800,39,0.3167079930,436528288.0000000000,1
1800,40,0.3167857210,436498400.0000000000,11
1800,41,0.3171673980,436499536.0000000000,15
1800,42,0.3174135550,436534784.0000000000,12
1800,43,0.3176599670,436511424.0000000000,16
1800,44,0.3168295350,435706816.0000000000,10
1800,45,0.0813377160,131945520.0000000000,20
1800,46,0.0815123800,132132720.0000000000,2
1800,47,0.0816064990,132144448.0000000000,23
1800,48,0.0815086100,132134176.0000000000,22
1800,49,0.0814568770,132149600.0000000000,22
1800,50,0.0814426520,132133344.0000000000,20
1800,51,0.0816428800,132139264.0000000000,23
1800,52,0.0814186690,132139056.0000000000,0
1800,53,0.0814456700,131935376.0000000000,3
1800,54,0.0200581810,54827568.0000000000,20
1800,55,0.0201981590,54827568.0000000000,19
1800,56,0.0201072960,54827568.0000000000,21
1800,57,0.0201037700,54827568.0000000000,22
1800,58,0.0201449020,54827568.0000000000,0
1800,59,0.0202011870,54827568.0000000000,21
1800,60,0.0201266590,54827568.0000000000,1
1800,61,0.0201582340,54827568.0000000000,23
1800,62,0.0201609690,54827568.0000000000,18
1800,63,0.0202067180,54827568.0000000000,23
1800,64,0.0201553850,54827568.0000000000,19
1800,65,0.0200936280,54827568.0000000000,10
1800,66,0.0201848730,54827568.0000000000,17
1800,67,0.0201942510,54827568.0000000000,19
1800,68,0.0201764200,54827568.0000000000,22
1800,69,0.0201932590,54827568.0000000000,4
1800,70,0.0202100220,54827568.0000000000,5
1800,71,0.0201474590,54827568.0000000000,12
1800,72,0.0201327010,54827568.0000000000,8
1800,73,0.0201671270,54827568.0000000000,3
1800,74,0.0201293130,54827568.0000000000,5
1800,75,0.0201087260,54827568.0000000000,7
1800,76,0.0201797490,54827568.0000000000,2
1800,77,0.0201931950,54827568.0000000000,0
1800,78,0.0201001730,54827568.0000000000,22
1800,79,0.0201309190,54827568.0000000000,23
1800,80,0.0201448470,54827568.0000000000,21
1800,81,0.0200993690,54827568.0000000000,11
1800,82,0.0201674160,54827568.0000000000,1
1800,83,0.0201880000,54827568.0000000000,19
1800,84,0.0202095960,54827568.0000000000,2
1800,85,0.0201723080,54827568.0000000000,19
1800,86,0.0201758450,54827568.0000000000,9
1800,87,0.0202086780,54827568.0000000000,4
1800,88,0.0201003310,54827568.0000000000,20
1800,89,0.0202577340,54827568.0000000000,18
1800,90,0.0202037790,54827568.0000000000,4
1800,91,0.0200883040,54827568.0000000000,15
1800,92,0.0202097710,54827568.0000000000,16
1800,93,0.0202028100,54827568.0000000000,23
1800,94,0.0201720850,54827568.0000000000,14
1800,95,0.0201694720,54827568.0000000000,18
1800,96,0.0201980470,54827568.0000000000,13
1800,97,0.0201313440,54827568.0000000000,22
1800,98,0.0201816400,54827568.0000000000,21
1800,99,0.0202042150,54827568.0000000000,21
1800,100,0.0201402130,54827568.0000000000,1
1800,101,0.0200482920,54827568.0000000000,20
1800,102,0.0201349810,54827568.0000000000,20
1800,103,0.0201664890,54827568.0000000000,18
1800,104,0.0202257930,54827568.0000000000,19
1800,105,0.0201361370,54827568.0000000000,3
1800,106,0.0201159100,54827568.0000000000,18
1800,107,0.0202300160,54827568.0000000000,2
1800,108,0.0200921350,54827568.0000000000,21
1800,109,0.0201427540,54827568.0000000000,20
1800,110,0.0201174630,54827568.0000000000,6
1800,111,0.0201702130,54827568.0000000000,4
1800,112,0.0201502740,54827568.0000000000,1
1800,113,0.0201625200,54827568.0000000000,23
1800,114,0.0201562250,54827568.0000000000,0
1800,115,0.0201709560,54827568.0000000000,5
1800,116,0.0201196490,54827568.0000000000,22
1800,117,0.0174850590,47074864.0000000000,14
1800,118,0.0173921080,47074864.0000000000,8
1800,119,0.0174775640,47074864.0000000000,13
1800,120,0.0174342990,47074864.0000000000,7
1800,121,0.0174564750,47074864.0000000000,17
1800,122,0.0174362720,47074864.0000000000,5
1800,123,0.0174899140,47074864.0000000000,6
1800,124,0.0174189270,47074864.0000000000,10
1800,125,0.0174148980,47074864.0000000000,1
1800,126,0.0174007620,47074864.0000000000,8
1800,127,0.0174970630,47074864.0000000000,16
1800,128,0.0174130570,47074864.0000000000,11
1800,129,0.0174810240,47074864.0000000000,18
1800,130,0.0174893010,47074864.0000000000,2
1800,131,0.0174480370,47074864.0000000000,15
1800,132,0.0174836220,47074864.0000000000,9
1800,133,0.0174168160,47074864.0000000000,12
1800,134,0.0174282540,47074864.0000000000,0
1800,135,0.0174822810,47074864.0000000000,2
1800,136,0.0174471530,47074864.0000000000,0
1800,137,0.0174094710,47074864.0000000000,11
1800,138,0.0174522780,47074864.0000000000,17
1800,139,0.0174067550,47074864.0000000000,7
1800,140,0.0174698710,47074864.0000000000,16
1800,141,0.0174269140,47074864.0000000000,10
1800,142,0.0174261190,47074864.0000000000,3
1800,143,0.0175007370,47074864.0000000000,4
1800,144,0.0174143590,47074864.0000000000,3
1800,145,0.0175171860,47074864.0000000000,4
1800,146,0.0173932000,47074864.0000000000,12
1800,147,0.0174792140,47074864.0000000000,1
1800,148,0.0174999060,47074864.0000000000,6
1800,149,0.0174022190,47074864.0000000000,15
1800,150,0.0174653490,47074864.0000000000,9
1800,151,0.0174582990,47074864.0000000000,13
1800,152,0.0174770750,47074864.0000000000,14
1850,0,7.3030964490,307601760.0000000000,18
1850,1,6.8377808809,291360816.0000000000,19
1850,2,4.7865223916,230632912.0000000000,21
1850,3,4.0782023587,210866848.0000000000,3
1850,4,4.0782165449,210838640.0000000000,2
1850,5,4.1189214731,212808032.0000000000,0
1850,6,6.7853337016,287649712.0000000000,4
1850,7,10.1669547206,389596944.0000000000,5
1850,8,8.8638075708,356744960.0000000000,1
1850,9,10.6402661001,446277872.0000000000,19
1850,10,11.3577932496,463209136.0000000000,0
1850,11,12.4526278433,489766016.0000000000,2
1850,12,13.0355654378,504687392.0000000000,23
1850,13,12.8232315852,504195440.0000000000,20
1850,14,12.9505974939,502332544.0000000000,22
1850,15,12.3348883983,489293552.0000000000,3
1850,16,10.5002697433,439409328.0000000000,21
1850,17,10.0980742558,429431072.0000000000,18
1850,18,10.1889803413,436362960.0000000000,14
1850,19,10.1845380738,436509456.0000000000,11
1850,20,10.1967734993,436506432.0000000000,9
1850,21,10.1903871036,436512064.0000000000,13
1850,22,10.1821280515,436511408.0000000000,6
1850,23,10.1943875995,436509632.0000000000,17
1850,24,10.1935489986,436507888.0000000000,17
1850,25,10.1881162299,436511088.0000000000,5
1850,26,10.1873269564,436360960.0000000000,12
1850,27,10.1889156437,436360672.0000000000,8
1850,28,10.2158100471,436509040.0000000000,10
1850,29,10.1992180019,436512688.0000000000,15
1850,30,10.1904881280,436511360.0000000000,13
1850,31,10.1968362377,436511552.0000000000,9
1850,32,10.1890746388,436511424.0000000000,8
1850,33,10.2018766719,436512624.0000000000,7
1850,34,10.2009418040,436507088.0000000000,7
1850,35,10.1780952354,436362864.0000000000,6
1850,36,10.1919316379,435655584.0000000000,16
1850,37,10.2044056685,436535888.0000000000,4
1850,38,10.1983858101,436499536.0000000000,14
1850,39,10.1965681855,436524128.0000000000,1
1850,40,10.1933817358,436500832.0000000000,11
1850,41,10.2074781999,436498192.0000000000,15
1850,42,10.1972671226,436536784.0000000000,12
1850,43,10.2204015056,436510800.0000000000,16
1850,44,10.1998609209,435687024.0000000000,10
1850,45,2.6273735158,131943120.0000000000,20
1850,46,2.6325031944,132130752.0000000000,2
1850,47,2.6347345952,132147136.0000000000,23
1850,48,2.6315878557,132135152.0000000000,22
1850,49,2.6307864548,132150288.0000000000,22
1850,50,2.6289264278,132134352.0000000000,20
1850,51,2.6342664803,132138992.0000000000,23
1850,52,2.6305520430,132137392.0000000000,0
1850,53,2.6273607461,131931984.0000000000,3
1850,54,0.6570446072,54827568.0000000000,20
1850,55,0.6587740952,54827568.0000000000,19
1850,56,0.6590631636,54827568.0000000000,21
1850,57,0.6582382909,54827568.0000000000,22
1850,58,0.6587408306,54827568.0000000000,0
1850,59,0.6587111441,54827568.0000000000,21
1850,60,0.6582640156,54827568.0000000000,1
1850,61,0.6598497603,54827568.0000000000,23
1850,62,0.6593400638,54827568.0000000000,18
1850,63,0.6595633374,54827568.0000000000,23
1850,64,0.6585286655,54827568.0000000000,19
1850,65,0.6587853718,54827568.0000000000,10
1850,66,0.6597343305,54827568.0000000000,17
1850,67,0.6592526559,54827568.0000000000,19
1850,68,0.6575603753,54827568.0000000000,22
1850,69,0.6609537788,54827568.0000000000,4
1850,70,0.6587520975,54827568.0000000000,5
1850,71,0.6576607371,54827568.0000000000,12
1850,72,0.6573960497,54827568.0000000000,8
1850,73,0.6577896732,54827568.0000000000,3
1850,74,0.6588043618,54827568.0000000000,5
1850,75,0.6576853239,54827568.0000000000,7
1850,76,0.6594201910,54827568.0000000000,2
1850,77,0.6585262878,54827568.0000000000,0
1850,78,0.6578956082,54827568.0000000000,22
1850,79,0.6594592990,54827568.0000000000,23
1850,80,0.6586744680,54827568.0000000000,21
1850,81,0.6571319330,54827568.0000000000,11
1850,82,0.6581476078,54827568.0000000000,1
1850,83,0.6588510526,54827568.0000000000,19
1850,84,0.6595607137,54827568.0000000000,2
1850,85,0.6592044657,54827568.0000000000,19
1850,86,0.6592885243,54827568.0000000000,9
1850,87,0.6605627330,54827568.0000000000,4
1850,88,0.6570310846,54827568.0000000000,20
1850,89,0.6593035996,54827568.0000000000,18
1850,90,0.6611888158,54827568.0000000000,4
1850,91,0.6572983569,54827568.0000000000,15
1850,92,0.6599560471,54827568.0000000000,16
1850,93,0.6596532432,54827568.0000000000,23
1850,94,0.6581517185,54827568.0000000000,14
1850,95,0.6591112770,54827568.0000000000,18
1850,96,0.6595221532,54827568.0000000000,13
1850,97,0.6576497264,54827568.0000000000,22
1850,98,0.6588282513,54827568.0000000000,21
1850,99,0.6586928646,54827568.0000000000,21
1850,100,0.6581774122,54827568.0000000000,1
1850,101,0.6572543572,54827568.0000000000,20
1850,102,0.6571302785,54827568.0000000000,20
1850,103,0.6593589741,54827568.0000000000,18
1850,104,0.6593315303,54827568.0000000000,19
1850,105,0.6578533179,54827568.0000000000,3
1850,106,0.6589467317,54827568.0000000000,18
1850,107,0.6596242008,54827568.0000000000,2
1850,108,0.6586736190,54827568.0000000000,21
1850,109,0.6572570636,54827568.0000000000,20
1850,110,0.6584138586,54827568.0000000000,6
1850,111,0.6611072633,54827568.0000000000,4
1850,112,0.6583173997,54827568.0000000000,1
1850,113,0.6593895277,54827568.0000000000,23
1850,114,0.6587112159,54827568.0000000000,0
1850,115,0.6584826057,54827568.0000000000,5
1850,116,0.6574903021,54827568.0000000000,22
1850,117,0.5700624236,47074864.0000000000,14
1850,118,0.5692193245,47074864.0000000000,8
1850,119,0.5708763344,47074864.0000000000,13
1850,120,0.5695032433,47074864.0000000000,7
1850,121,0.5710520291,47074864.0000000000,17
1850,122,0.5700122357,47074864.0000000000,5
1850,123,0.5704202712,47074864.0000000000,6
1850,124,0.5695208438,47074864.0000000000,10
1850,125,0.5699946753,47074864.0000000000,1
1850,126,0.5692478167,47074864.0000000000,8
1850,127,0.5715489753,47074864.0000000000,16
1850,128,0.5689534913,47074864.0000000000,11
1850,129,0.5709692277,47074864.0000000000,18
1850,130,0.5712997872,47074864.0000000000,2
1850,131,0.5694037046,47074864.0000000000,15
1850,132,0.5710161597,47074864.0000000000,9
1850,133,0.5693140410,47074864.0000000000,12
1850,134,0.5705368821,47074864.0000000000,0
1850,135,0.5711067679,47074864.0000000000,2
1850,136,0.5704635785,47074864.0000000000,0
1850,137,0.5691574905,47074864.0000000000,11
1850,138,0.5708548578,47074864.0000000000,17
1850,139,0.5695492204,47074864.0000000000,7
1850,140,0.5714844070,47074864.0000000000,16
1850,141,0.5696633784,47074864.0000000000,10
1850,142,0.5694199921,47074864.0000000000,3
1850,143,0.5714908123,47074864.0000000000,4
1850,144,0.5694545705,47074864.0000000000,3
1850,145,0.5713833615,47074864.0000000000,4
1850,146,0.5695397666,47074864.0000000000,12
1850,147,0.5698354595,47074864.0000000000,1
1850,148,0.5705438689,47074864.0000000000,6
1850,149,0.5690803339,47074864.0000000000,15
1850,150,0.5709260635,47074864.0000000000,9
1850,151,0.5712842307,47074864.0000000000,13
1850,152,0.5699460366,47074864.0000000000,14
1900,0,0.2269489250,306696208.0000000000,18
1900,1,0.2111555280,289898352.0000000000,19
1900,2,0.1451838030,228163376.0000000000,21
1900,3,0.1268260370,210859680.0000000000,3
1900,4,0.1266611900,210972256.0000000000,2
1900,5,0.1283530310,212870960.0000000000,0
1900,6,0.2126790400,288400160.0000000000,4
1900,7,0.3222646760,392753104.0000000000,5
1900,8,0.2797516510,357796608.0000000000,1
1900,9,0.3343442130,447620192.0000000000,19
1900,10,0.3571993890,464626384.0000000000,0
1900,11,0.3895910680,490220848.0000000000,2
1900,12,0.4059849390,503823040.0000000000,23
1900,13,0.3988518410,503598720.0000000000,20
1900,14,0.4031821120,501787424.0000000000,22
1900,15,0.3830402900,486517856.0000000000,3
1900,16,0.3260720900,437557808.0000000000,21
1900,17,0.3143656530,428587840.0000000000,18
1900,18,0.3164471040,436361424.0000000000,14
1900,19,0.3165844490,436511632.0000000000,11
1900,20,0.3168006070,436509248.0000000000,9
1900,21,0.3166144590,436512496.0000000000,13
1900,22,0.3166619980,436506640.0000000000,6
1900,23,0.3166952690,436508976.0000000000,17
1900,24,0.3168604380,436510320.0000000000,17
1900,25,0.3165739240,436510336.0000000000,5
1900,26,0.3164357500,436362848.0000000000,12
1900,27,0.3164710920,436358848.0000000000,8
1900,28,0.3174512760,436511760.0000000000,10
1900,29,0.3168700350,436512576.0000000000,15
1900,30,0.3165636120,436506064.0000000000,13
1900,31,0.3167202320,436511056.0000000000,9
1900,32,0.3165812760,436510656.0000000000,8
1900,33,0.3169089810,436508784.0000000000,7
1900,34,0.3170167120,436505776.0000000000,7
1900,35,0.3161949740,436363728.0000000000,6
1900,36,0.3166117970,435633600.0000000000,16
1900,37,0.3176940470,436535200.0000000000,4
1900,38,0.3167756950,436501312.0000000000,14
1900,39,0.3169866830,436519776.0000000000,1
1900,40,0.3167602010,436507296.0000000000,11
1900,41,0.3170978390,436495296.0000000000,15
1900,42,0.3167132540,436541760.0000000000,12
1900,43,0.3176316590,436506112.0000000000,16
1900,44,0.3169501650,435660416.0000000000,10
1900,45,0.0813652000,131938064.0000000000,20
1900,46,0.0815410020,132128880.0000000000,2
1900,47,0.0817157560,132145808.0000000000,23
1900,48,0.0815154880,132136672.0000000000,22
1900,49,0.0814623470,132149232.0000000000,22
1900,50,0.0814231700,132136240.0000000000,20
1900,51,0.0815552760,132138080.0000000000,23
1900,52,0.0814364910,132139024.0000000000,0
1900,53,0.0815126280,131926608.0000000000,3
1900,54,0.0200819740,54827568.0000000000,20
1900,55,0.0202212880,54827568.0000000000,19
1900,56,0.0201619670,54827568.0000000000,21
1900,57,0.0201934190,54827568.0000000000,22
1900,58,0.0201414910,54827568.0000000000,0
1900,59,0.0201586110,54827568.0000000000,21
1900,60,0.0201218040,54827568.0000000000,1
1900,61,0.0201793110,54827568.0000000000,23
1900,62,0.0201668530,54827568.0000000000,18
1900,63,0.0201771970,54827568.0000000000,23
1900,64,0.0201964410,54827568.0000000000,19
1900,65,0.0201360550,54827568.0000000000,10
1900,66,0.0202316690,54827568.0000000000,17
1900,67,0.0201779840,54827568.0000000000,19
1900,68,0.0201451660,54827568.0000000000,22
1900,69,0.0201981220,54827568.0000000000,4
1900,70,0.0201212710,54827568.0000000000,5
1900,71,0.0200363030,54827568.0000000000,12
1900,72,0.0201129390,54827568.0000000000,8
1900,73,0.0201242970,54827568.0000000000,3
1900,74,0.0202109260,54827568.0000000000,5
1900,75,0.0201547860,54827568.0000000000,7
1900,76,0.0201422820,54827568.0000000000,2
1900,77,0.0201600960,54827568.0000000000,0
1900,78,0.0201093150,54827568.0000000000,22
1900,79,0.0202096200,54827568.0000000000,23
1900,80,0.0201735010,54827568.0000000000,21
1900,81,0.0201172070,54827568.0000000000,11
1900,82,0.0201698160,54827568.0000000000,1
1900,83,0.0201931630,54827568.0000000000,19
1900,84,0.0202178190,54827568.0000000000,2
1900,85,0.0202165790,54827568.0000000000,19
1900,86,0.0202015190,54827568.0000000000,9
1900,87,0.0203253060,54827568.0000000000,4
1900,88,0.0200841860,54827568.0000000000,20
1900,89,0.0201198540,54827568.0000000000,18
1900,90,0.0201849850,54827568.0000000000,4
1900,91,0.0201672080,54827568.0000000000,15
1900,92,0.0202302550,54827568.0000000000,16
1900,93,0.0201736100,54827568.0000000000,23
1900,94,0.0201129900,54827568.0000000000,14
1900,95,0.0201850190,54827568.0000000000,18
1900,96,0.0201393830,54827568.0000000000,13
1900,97,0.0201199960,54827568.0000000000,22
1900,98,0.0202130480,54827568.0000000000,21
1900,99,0.0201751820,54827568.0000000000,21
1900,100,0.0201816990,54827568.0000000000,1
1900,101,0.0200593310,54827568.0000000000,20
1900,102,0.0200965400,54827568.0000000000,20
1900,103,0.0202298870,54827568.0000000000,18
1900,104,0.0202133840,54827568.0000000000,19
1900,105,0.0201756580,54827568.0000000000,3
1900,106,0.0201753410,54827568.0000000000,18
1900,107,0.0201923490,54827568.0000000000,2
1900,108,0.0201818570,54827568.0000000000,21
1900,109,0.0201349860,54827568.0000000000,20
1900,110,0.0201046920,54827568.0000000000,6
1900,111,0.0201741530,54827568.0000000000,4
1900,112,0.0201604880,54827568.0000000000,1
1900,113,0.0202283860,54827568.0000000000,23
1900,114,0.0201192180,54827568.0000000000,0
1900,115,0.0201156820,54827568.0000000000,5
1900,116,0.0201809340,54827568.0000000000,22
1900,117,0.0174322850,47074864.0000000000,14
1900,118,0.0173980830,47074864.0000000000,8
1900,119,0.0174598880,47074864.0000000000,13
1900,120,0.0174268880,47074864.0000000000,7
1900,121,0.0174451100,47074864.0000000000,17
1900,122,0.0173980220,47074864.0000000000,5
1900,123,0.0174501750,47074864.0000000000,6
1900,124,0.0174461350,47074864.0000000000,10
1900,125,0.0174520160,47074864.0000000000,1
1900,126,0.0174305860,47074864.0000000000,8
1900,127,0.0175047340,47074864.0000000000,16
1900,128,0.0174077910,47074864.0000000000,11
1900,129,0.0174741360,47074864.0000000000,18
1900,130,0.0175121830,47074864.0000000000,2
1900,131,0.0174069560,47074864.0000000000,15
1900,132,0.0174651120,47074864.0000000000,9
1900,133,0.0174121270,47074864.0000000000,12
1900,134,0.0174683260,47074864.0000000000,0
1900,135,0.0174947190,47074864.0000000000,2
1900,136,0.0174649220,47074864.0000000000,0
1900,137,0.0174028000,47074864.0000000000,11
1900,138,0.0174644770,47074864.0000000000,17
1900,139,0.0174337920,47074864.0000000000,7
1900,140,0.0174787070,47074864.0000000000,16
1900,141,0.0174197850,47074864.0000000000,10
1900,142,0.0174326390,47074864.0000000000,3
1900,143,0.0174866440,47074864.0000000000,4
1900,144,0.0174121470,47074864.0000000000,3
1900,145,0.0175075550,47074864.0000000000,4
1900,146,0.0173920970,47074864.0000000000,12
1900,147,0.0174429690,47074864.0000000000,1
1900,148,0.0174706520,47074864.0000000000,6
1900,149,0.0174370480,47074864.0000000000,15
1900,150,0.0174946400,47074864.0000000000,9
1900,151,0.0174701400,47074864.0000000000,13
1900,152,0.0174336700,47074864.0000000000,14
1950,0,7.2945149858,305959088.0000000000,18
1950,1,6.7773922975,288170096.0000000000,19
1950,2,4.6537021259,227127680.0000000000,21
1950,3,4.0919947651,210856976.0000000000,3
1950,4,4.0787749901,211103328.0000000000,2
1950,5,4.1353821046,212638256.0000000000,0
1950,6,6.8251575133,287694256.0000000000,4
1950,7,10.4232415149,394959504.0000000000,5
1950,8,9.0502592659,359211456.0000000000,1
1950,9,10.8011026288,449122560.0000000000,19
1950,10,11.5187906978,466018656.0000000000,0
1950,11,12.5453714914,490356896.0000000000,2
1950,12,13.0432847197,502995488.0000000000,23
1950,13,12.8056755326,503020080.0000000000,20
1950,14,12.9834787133,501926464.0000000000,22
1950,15,12.3193205590,486276544.0000000000,3
1950,16,10.4461023470,435539984.0000000000,21
1950,17,10.1002806029,427836416.0000000000,18
1950,18,10.1948322041,436359984.0000000000,14
1950,19,10.1852098342,436508960.0000000000,11
1950,20,10.1980797385,436508576.0000000000,9
1950,21,10.1909180267,436513184.0000000000,13
1950,22,10.1818272850,436505872.0000000000,6
1950,23,10.1947675798,436512112.0000000000,17
1950,24,10.1937641092,436511008.0000000000,17
1950,25,10.1882070143,436508288.0000000000,5
1950,26,10.1827500815,436363392.0000000000,12
1950,27,10.1848002736,436360416.0000000000,8
1950,28,10.2171264670,436514768.0000000000,10
1950,29,10.1986721984,436509824.0000000000,15
1950,30,10.1907963597,436505968.0000000000,13
1950,31,10.1974504128,436512032.0000000000,9
1950,32,10.1875260777,436506416.0000000000,8
1950,33,10.2022858692,436510800.0000000000,7
1950,34,10.2005065688,436512080.0000000000,7
1950,35,10.1778611726,436359312.0000000000,6
1950,36,10.1916558415,435615360.0000000000,16
1950,37,10.2184473483,436534848.0000000000,4
1950,38,10.1988277389,436500464.0000000000,14
1950,39,10.1968878917,436521552.0000000000,1
1950,40,10.1934819608,436507984.0000000000,11
1950,41,10.2058871756,436488736.0000000000,15
1950,42,10.1939416312,436544848.0000000000,12
1950,43,10.2216653468,436504640.0000000000,16
1950,44,10.1993147283,435639408.0000000000,10
1950,45,2.6271519892,131931728.0000000000,20
1950,46,2.6324069262,132128768.0000000000,2
1950,47,2.6353049245,132147392.0000000000,23
1950,48,2.6311659918,132137312.0000000000,22
1950,49,2.6306872412,132147232.0000000000,22
1950,50,2.6292458043,132140128.0000000000,20
1950,51,2.6345285887,132138224.0000000000,23
1950,52,2.6306646121,132138512.0000000000,0
1950,53,2.6280260488,131922320.0000000000,3
1950,54,0.6570149568,54827568.0000000000,20
1950,55,0.6591250670,54827568.0000000000,19
1950,56,0.6587594158,54827568.0000000000,21
1950,57,0.6578502442,54827568.0000000000,22
1950,58,0.6584189191,54827568.0000000000,0
1950,59,0.6586043394,54827568.0000000000,21
1950,60,0.6580974476,54827568.0000000000,1
1950,61,0.6595017373,54827568.0000000000,23
1950,62,0.6591832464,54827568.0000000000,18
1950,63,0.6594531579,54827568.0000000000,23
1950,64,0.6588553844,54827568.0000000000,19
1950,65,0.6584040379,54827568.0000000000,10
1950,66,0.6599679186,54827568.0000000000,17
1950,67,0.6591490366,54827568.0000000000,19
1950,68,0.6580435160,54827568.0000000000,22
1950,69,0.6610109648,54827568.0000000000,4
1950,70,0.6587999977,54827568.0000000000,5
1950,71,0.6570073421,54827568.0000000000,12
1950,72,0.6572690793,54827568.0000000000,8
1950,73,0.6578822957,54827568.0000000000,3
1950,74,0.6586619602,54827568.0000000000,5
1950,75,0.6575433097,54827568.0000000000,7
1950,76,0.6594878478,54827568.0000000000,2
1950,77,0.6585915950,54827568.0000000000,0
1950,78,0.6577961147,54827568.0000000000,22
1950,79,0.6595092762,54827568.0000000000,23
1950,80,0.6585904202,54827568.0000000000,21
1950,81,0.6575940616,54827568.0000000000,11
1950,82,0.6584126436,54827568.0000000000,1
1950,83,0.6590515385,54827568.0000000000,19
1950,84,0.6593372366,54827568.0000000000,2
1950,85,0.6593690307,54827568.0000000000,19
1950,86,0.6595033001,54827568.0000000000,9
1950,87,0.6611338831,54827568.0000000000,4
1950,88,0.6570025556,54827568.0000000000,20
1950,89,0.6594025192,54827568.0000000000,18
1950,90,0.6612833703,54827568.0000000000,4
1950,91,0.6572853647,54827568.0000000000,15
1950,92,0.6599719405,54827568.0000000000,16
1950,93,0.6594496115,54827568.0000000000,23
1950,94,0.6582878941,54827568.0000000000,14
1950,95,0.6592277745,54827568.0000000000,18
1950,96,0.6593242940,54827568.0000000000,13
1950,97,0.6577738481,54827568.0000000000,22
1950,98,0.6586215578,54827568.0000000000,21
1950,99,0.6588901528,54827568.0000000000,21
1950,100,0.6581123807,54827568.0000000000,1
1950,101,0.6567799303,54827568.0000000000,20
1950,102,0.6570329410,54827568.0000000000,20
1950,103,0.6592600008,54827568.0000000000,18
1950,104,0.6590233172,54827568.0000000000,19
1950,105,0.6578614276,54827568.0000000000,3
1950,106,0.6592994951,54827568.0000000000,18
1950,107,0.6596377920,54827568.0000000000,2
1950,108,0.6587487475,54827568.0000000000,21
1950,109,0.6572968717,54827568.0000000000,20
1950,110,0.6588575629,54827568.0000000000,6
1950,111,0.6610565402,54827568.0000000000,4
1950,112,0.6584595721,54827568.0000000000,1
1950,113,0.6594054822,54827568.0000000000,23
1950,114,0.6582797204,54827568.0000000000,0
1950,115,0.6581803391,54827568.0000000000,5
1950,116,0.6573710521,54827568.0000000000,22
1950,117,0.5704367894,47074864.0000000000,14
1950,118,0.5693462528,47074864.0000000000,8
1950,119,0.5707227662,47074864.0000000000,13
1950,120,0.5695254509,47074864.0000000000,7
1950,121,0.5708903398,47074864.0000000000,17
1950,122,0.5700949919,47074864.0000000000,5
1950,123,0.5703513195,47074864.0000000000,6
1950,124,0.5695144467,47074864.0000000000,10
1950,125,0.5701604792,47074864.0000000000,1
1950,126,0.5692856101,47074864.0000000000,8
1950,127,0.5717107507,47074864.0000000000,16
1950,128,0.5691126675,47074864.0000000000,11
1950,129,0.5710474427,47074864.0000000000,18
1950,130,0.5714154983,47074864.0000000000,2
1950,131,0.5692660713,47074864.0000000000,15
1950,132,0.5709709441,47074864.0000000000,9
1950,133,0.5689428255,47074864.0000000000,12
1950,134,0.5703096486,47074864.0000000000,0
1950,135,0.5712930467,47074864.0000000000,2
1950,136,0.5704423150,47074864.0000000000,0
1950,137,0.5692254240,47074864.0000000000,11
1950,138,0.5709622685,47074864.0000000000,17
1950,139,0.5695366803,47074864.0000000000,7
1950,140,0.5715106287,47074864.0000000000,16
1950,141,0.5696237211,47074864.0000000000,10
1950,142,0.5694307838,47074864.0000000000,3
1950,143,0.5717896576,47074864.0000000000,4
1950,144,0.5693323237,47074864.0000000000,3
1950,145,0.5716337324,47074864.0000000000,4
1950,146,0.5689955086,47074864.0000000000,12
1950,147,0.5701295617,47074864.0000000000,1
1950,148,0.5703680212,47074864.0000000000,6
1950,149,0.5691198672,47074864.0000000000,15
1950,150,0.5708475257,47074864.0000000000,9
1950,151,0.5710430756,47074864.0000000000,13
1950,152,0.5703932000,47074864.0000000000,14
2000,0,0.2250313290,305213344.0000000000,18
2000,1,0.2072806870,286053632.0000000000,19
2000,2,0.1428239150,225903600.0000000000,21
2000,3,0.1268347610,210851808.0000000000,3
2000,4,0.1265579210,211143312.0000000000,2
2000,5,0.1283598700,212583760.0000000000,0
2000,6,0.2103364500,286659680.0000000000,4
2000,7,0.3273324510,396475872.0000000000,5
2000,8,0.2839503140,360910688.0000000000,1
2000,9,0.3380578110,450687760.0000000000,19
2000,10,0.3598900310,467128688.0000000000,0
2000,11,0.3908766740,490329808.0000000000,2
2000,12,0.4056033040,502311744.0000000000,23
2000,13,0.3984636720,502564400.0000000000,20
2000,14,0.4053528720,501746960.0000000000,22
2000,15,0.3841610260,486586000.0000000000,3
2000,16,0.3217231840,433608304.0000000000,21
2000,17,0.3128425320,427031200.0000000000,18
2000,18,0.3166279580,436359040.0000000000,14
2000,19,0.3163455230,436507280.0000000000,11
2000,20,0.3169183100,436507632.0000000000,9
2000,21,0.3167787230,436513648.0000000000,13
2000,22,0.3163781720,436510688.0000000000,6
2000,23,0.3168937060,436511136.0000000000,17
2000,24,0.3168469470,436507600.0000000000,17
2000,25,0.3167050430,436513936.0000000000,5
2000,26,0.3161397320,436355392.0000000000,12
2000,27,0.3163789680,436357648.0000000000,8
2000,28,0.3173962830,436517632.0000000000,10
2000,29,0.3168749890,436510064.0000000000,15
2000,30,0.3166623960,436508560.0000000000,13
2000,31,0.3168155210,436509824.0000000000,9
2000,32,0.3165790520,436510544.0000000000,8
2000,33,0.3170170760,436510864.0000000000,7
2000,34,0.3169804040,436512816.0000000000,7
2000,35,0.3163231850,436356784.0000000000,6
2000,36,0.3166167420,435592864.0000000000,16
2000,37,0.3176571300,436535408.0000000000,4
2000,38,0.3169537520,436501872.0000000000,14
2000,39,0.3167866100,436511904.0000000000,1
2000,40,0.3169187010,436508560.0000000000,11
2000,41,0.3171993500,436483200.0000000000,15
2000,42,0.3172761170,436544560.0000000000,12
2000,43,0.3175937410,436505248.0000000000,16
2000,44,0.3168023050,435617872.0000000000,10
2000,45,0.0815489020,131925120.0000000000,20
2000,46,0.0815000360,132127984.0000000000,2
2000,47,0.0816369220,132149120.0000000000,23
2000,48,0.0814723130,132138224.0000000000,22
2000,49,0.0815271910,132149808.0000000000,22
2000,50,0.0814748700,132141616.0000000000,20
2000,51,0.0815869660,132138624.0000000000,23
2000,52,0.0814694000,132136832.0000000000,0
2000,53,0.0813423630,131914768.0000000000,3
2000,54,0.0201259970,54827568.0000000000,20
2000,55,0.0202305080,54827568.0000000000,19
2000,56,0.0201702440,54827568.0000000000,21
2000,57,0.0201581300,54827568.0000000000,22
2000,58,0.0201054020,54827568.0000000000,0
2000,59,0.0201415690,54827568.0000000000,21
2000,60,0.0201633730,54827568.0000000000,1
2000,61,0.0201806520,54827568.0000000000,23
2000,62,0.0201774280,54827568.0000000000,18
2000,63,0.0201856940,54827568.0000000000,23
2000,64,0.0201597330,54827568.0000000000,19
2000,65,0.0200849330,54827568.0000000000,10
2000,66,0.0201777570,54827568.0000000000,17
2000,67,0.0201533300,54827568.0000000000,19
2000,68,0.0201465880,54827568.0000000000,22
2000,69,0.0201849480,54827568.0000000000,4
2000,70,0.0201742070,54827568.0000000000,5
2000,71,0.0201158890,54827568.0000000000,12
2000,72,0.0200622370,54827568.0000000000,8
2000,73,0.0201281260,54827568.0000000000,3
2000,74,0.0201257740,54827568.0000000000,5
2000,75,0.0201079490,54827568.0000000000,7
2000,76,0.0201868080,54827568.0000000000,2
2000,77,0.0201470430,54827568.0000000000,0
2000,78,0.0200726670,54827568.0000000000,22
2000,79,0.0201703650,54827568.0000000000,23
2000,80,0.0201779580,54827568.0000000000,21
2000,81,0.0201375760,54827568.0000000000,11
2000,82,0.0201333440,54827568.0000000000,1
2000,83,0.0202083960,54827568.0000000000,19
2000,84,0.0201564810,54827568.0000000000,2
2000,85,0.0202058640,54827568.0000000000,19
2000,86,0.0201574440,54827568.0000000000,9
2000,87,0.0202731280,54827568.0000000000,4
2000,88,0.0201351460,54827568.0000000000,20
2000,89,0.0201961840,54827568.0000000000,18
2000,90,0.0202030020,54827568.0000000000,4
2000,91,0.0201017090,54827568.0000000000,15
2000,92,0.0202274650,54827568.0000000000,16
2000,93,0.0201824760,54827568.0000000000,23
2000,94,0.0201317270,54827568.0000000000,14
2000,95,0.0201825860,54827568.0000000000,18
2000,96,0.0202091480,54827568.0000000000,13
2000,97,0.0201398740,54827568.0000000000,22
2000,98,0.0201911350,54827568.0000000000,21
2000,99,0.0201452650,54827568.0000000000,21
2000,100,0.0201716410,54827568.0000000000,1
2000,101,0.0201327510,54827568.0000000000,20
2000,102,0.0201169220,54827568.0000000000,20
2000,103,0.0201790270,54827568.0000000000,18
2000,104,0.0202380920,54827568.0000000000,19
2000,105,0.0201239560,54827568.0000000000,3
2000,106,0.0201736600,54827568.0000000000,18
2000,107,0.0201797160,54827568.0000000000,2
2000,108,0.0201717770,54827568.0000000000,21
2000,109,0.0201774760,54827568.0000000000,20
2000,110,0.0201722520,54827568.0000000000,6
2000,111,0.0203107200,54827568.0000000000,4
2000,112,0.0201422230,54827568.0000000000,1
2000,113,0.0201486630,54827568.0000000000,23
2000,114,0.0201643860,54827568.0000000000,0
2000,115,0.0201301910,54827568.0000000000,5
2000,116,0.0201498940,54827568.0000000000,22
2000,117,0.0174352540,47074864.0000000000,14
2000,118,0.0174370960,47074864.0000000000,8
2000,119,0.0174912900,47074864.0000000000,13
2000,120,0.0174227240,47074864.0000000000,7
2000,121,0.0174904830,47074864.0000000000,17
2000,122,0.0174534820,47074864.0000000000,5
2000,123,0.0174248580,47074864.0000000000,6
2000,124,0.0174238810,47074864.0000000000,10
2000,125,0.0174507040,47074864.0000000000,1
2000,126,0.0174184120,47074864.0000000000,8
2000,127,0.0174946990,47074864.0000000000,16
2000,128,0.0174275280,47074864.0000000000,11
2000,129,0.0174464250,47074864.0000000000,18
2000,130,0.0174731070,47074864.0000000000,2
2000,131,0.0174088100,47074864.0000000000,15
2000,132,0.0174663620,47074864.0000000000,9
2000,133,0.0174135710,47074864.0000000000,12
2000,134,0.0174908720,47074864.0000000000,0
2000,135,0.0174872630,47074864.0000000000,2
2000,136,0.0174627160,47074864.0000000000,0
2000,137,0.0173941140,47074864.0000000000,11
2000,138,0.0174860920,47074864.0000000000,17
2000,139,0.0174354370,47074864.0000000000,7
2000,140,0.0174853670,47074864.0000000000,16
2000,141,0.0174563350,47074864.0000000000,10
2000,142,0.0174311860,47074864.0000000000,3
2000,143,0.0175151920,47074864.0000000000,4
2000,144,0.0174318260,47074864.0000000000,3
2000,145,0.0175134170,47074864.0000000000,4
2000,146,0.0174012040,47074864.0000000000,12
2000,147,0.0174682580,47074864.0000000000,1
2000,148,0.0174705050,47074864.0000000000,6
2000,149,0.0173994310,47074864.0000000000,15
2000,150,0.0174531370,47074864.0000000000,9
2000,151,0.0175245740,47074864.0000000000,13
2000,152,0.0174412220,47074864.0000000000,14
2050,0,7.2219505888,304617840.0000000000,18
2050,1,6.6067015577,283922848.0000000000,19
2050,2,4.5623799934,223677760.0000000000,21
2050,3,4.0897384425,210849392.0000000000,3
2050,4,4.0824000969,211146784.0000000000,2
2050,5,4.1080556355,212244016.0000000000,0
2050,6,6.7253353957,284449344.0000000000,4
2050,7,10.5681035802,397911744.0000000000,5
2050,8,9.1513855275,362716752.0000000000,1
2050,9,10.8663643134,452051584.0000000000,19
2050,10,11.5744430934,467928704.0000000000,0
2050,11,12.5824970751,490376000.0000000000,2
2050,12,13.0371070801,501847248.0000000000,23
2050,13,12.7997891892,502279360.0000000000,20
2050,14,13.0323468149,501381504.0000000000,22
2050,15,12.3677290594,487142576.0000000000,3
2050,16,10.3110519236,432023728.0000000000,21
2050,17,10.0324966295,426211664.0000000000,18
2050,18,10.1872720274,436360400.0000000000,14
2050,19,10.1844829262,436511280.0000000000,11
2050,20,10.1976284808,436508288.0000000000,9
2050,21,10.1901140998,436510896.0000000000,13
2050,22,10.1817357438,436507456.0000000000,6
2050,23,10.1938965852,436509904.0000000000,17
2050,24,10.1927115520,436506496.0000000000,17
2050,25,10.1881546530,436511040.0000000000,5
2050,26,10.1864781184,436356480.0000000000,12
2050,27,10.1838744842,436355776.0000000000,8
2050,28,10.2163875002,436511424.0000000000,10
2050,29,10.1964775174,436513936.0000000000,15
2050,30,10.1897302000,436509904.0000000000,13
2050,31,10.1966319201,436512288.0000000000,9
2050,32,10.1869284085,436510992.0000000000,8
2050,33,10.2005704751,436511584.0000000000,7
2050,34,10.1995396372,436510976.0000000000,7
2050,35,10.1771965106,436361184.0000000000,6
2050,36,10.1914855819,435571136.0000000000,16
2050,37,10.2073216969,436537648.0000000000,4
2050,38,10.1991648321,436501024.0000000000,14
2050,39,10.1985652676,436507696.0000000000,1
2050,40,10.1938153800,436502432.0000000000,11
2050,41,10.2056263890,436485824.0000000000,15
2050,42,10.1972030602,436542480.0000000000,12
2050,43,10.2213157684,436509008.0000000000,16
2050,44,10.1990428605,435596128.0000000000,10
2050,45,2.6272373205,131922960.0000000000,20
2050,46,2.6420748820,132124752.0000000000,2
2050,47,2.6350047444,132150352.0000000000,23
2050,48,2.6310746713,132141104.0000000000,22
2050,49,2.6305343943,132151696.0000000000,22
2050,50,2.6294853663,132140720.0000000000,20
2050,51,2.6348525279,132143104.0000000000,23
2050,52,2.6305887300,132136448.0000000000,0
2050,53,2.6279379059,131910272.0000000000,3
2050,54,0.6568548075,54827568.0000000000,20
2050,55,0.6591747518,54827568.0000000000,19
2050,56,0.6586927526,54827568.0000000000,21
2050,57,0.6577100057,54827568.0000000000,22
2050,58,0.6585239907,54827568.0000000000,0
2050,59,0.6591028309,54827568.0000000000,21
2050,60,0.6582044449,54827568.0000000000,1
2050,61,0.6595380027,54827568.0000000000,23
2050,62,0.6591066011,54827568.0000000000,18
2050,63,0.6590900650,54827568.0000000000,23
2050,64,0.6589593675,54827568.0000000000,19
2050,65,0.6586250153,54827568.0000000000,10
2050,66,0.6595138977,54827568.0000000000,17
2050,67,0.6592046809,54827568.0000000000,19
2050,68,0.6577064757,54827568.0000000000,22
2050,69,0.6610105961,54827568.0000000000,4
2050,70,0.6590527158,54827568.0000000000,5
2050,71,0.6572965555,54827568.0000000000,12
2050,72,0.6572476577,54827568.0000000000,8
2050,73,0.6576365743,54827568.0000000000,3
2050,74,0.6586682145,54827568.0000000000,5
2050,75,0.6574488210,54827568.0000000000,7
2050,76,0.6592890952,54827568.0000000000,2
2050,77,0.6585427116,54827568.0000000000,0
2050,78,0.6576849654,54827568.0000000000,22
2050,79,0.6595240887,54827568.0000000000,23
2050,80,0.6585440661,54827568.0000000000,21
2050,81,0.6577292505,54827568.0000000000,11
2050,82,0.6583616349,54827568.0000000000,1
2050,83,0.6592970847,54827568.0000000000,19
2050,84,0.6593367126,54827568.0000000000,2
2050,85,0.6591126037,54827568.0000000000,19
2050,86,0.6594355045,54827568.0000000000,9
2050,87,0.6610187075,54827568.0000000000,4
2050,88,0.6568327029,54827568.0000000000,20
2050,89,0.6593928861,54827568.0000000000,18
2050,90,0.6609141516,54827568.0000000000,4
2050,91,0.6571689236,54827568.0000000000,15
2050,92,0.6601281025,54827568.0000000000,16
2050,93,0.6596844476,54827568.0000000000,23
2050,94,0.6583386156,54827568.0000000000,14
2050,95,0.6593666783,54827568.0000000000,18
2050,96,0.6595606928,54827568.0000000000,13
2050,97,0.6577365459,54827568.0000000000,22
2050,98,0.6591154105,54827568.0000000000,21
2050,99,0.6586351428,54827568.0000000000,21
2050,100,0.6582137574,54827568.0000000000,1
2050,101,0.6571408411,54827568.0000000000,20
2050,102,0.6571152628,54827568.0000000000,20
2050,103,0.6593111666,54827568.0000000000,18
2050,104,0.6591833568,54827568.0000000000,19
2050,105,0.6574809946,54827568.0000000000,3
2050,106,0.6590509476,54827568.0000000000,18
2050,107,0.6590161691,54827568.0000000000,2
2050,108,0.6588949539,54827568.0000000000,21
2050,109,0.6567580925,54827568.0000000000,20
2050,110,0.6585022225,54827568.0000000000,6
2050,111,0.6611240690,54827568.0000000000,4
2050,112,0.6584513491,54827568.0000000000,1
2050,113,0.6593770874,54827568.0000000000,23
2050,114,0.6585161013,54827568.0000000000,0
2050,115,0.6589412886,54827568.0000000000,5
2050,116,0.6575147624,54827568.0000000000,22
2050,117,0.5697480104,47074864.0000000000,14
2050,118,0.5693170539,47074864.0000000000,8
2050,119,0.5708856808,47074864.0000000000,13
2050,120,0.5695453940,47074864.0000000000,7
2050,121,0.5710631374,47074864.0000000000,17
2050,122,0.5698448434,47074864.0000000000,5
2050,123,0.5703216869,47074864.0000000000,6
2050,124,0.5694593623,47074864.0000000000,10
2050,125,0.5700600784,47074864.0000000000,1
2050,126,0.5690827124,47074864.0000000000,8
2050,127,0.5716143079,47074864.0000000000,16
2050,128,0.5688091705,47074864.0000000000,11
2050,129,0.5709567408,47074864.0000000000,18
2050,130,0.5708564757,47074864.0000000000,2
2050,131,0.5690115597,47074864.0000000000,15
2050,132,0.5709442446,47074864.0000000000,9
2050,133,0.5689224249,47074864.0000000000,12
2050,134,0.5706257493,47074864.0000000000,0
2050,135,0.5710609892,47074864.0000000000,2
2050,136,0.5704367860,47074864.0000000000,0
2050,137,0.5691470752,47074864.0000000000,11
2050,138,0.5711394774,47074864.0000000000,17
2050,139,0.5694785338,47074864.0000000000,7
2050,140,0.5714879021,47074864.0000000000,16
2050,141,0.5696904089,47074864.0000000000,10
2050,142,0.5693605917,47074864.0000000000,3
2050,143,0.5715874788,47074864.0000000000,4
2050,144,0.5696115108,47074864.0000000000,3
2050,145,0.5713760379,47074864.0000000000,4
2050,146,0.5694555526,47074864.0000000000,12
2050,147,0.5699293382,47074864.0000000000,1
2050,148,0.5702665935,47074864.0000000000,6
2050,149,0.5691300843,47074864.0000000000,15
2050,150,0.5709314497,47074864.0000000000,9
2050,151,0.5710862985,47074864.0000000000,13
2050,152,0.5699220712,47074864.0000000000,14
2100,0,0.2239052940,304110976.0000000000,18
2100,1,0.2025048290,281382096.0000000000,19
2100,2,0.1358596930,220408784.0000000000,21
2100,3,0.1267070270,210843712.0000000000,3
2100,4,0.1266435550,211183296.0000000000,2
2100,5,0.1277324640,212322320.0000000000,0
2100,6,0.1999212520,278528448.0000000000,4
2100,7,0.3302021200,400106656.0000000000,5
2100,8,0.2850049390,364487376.0000000000,1
2100,9,0.3386649830,453066416.0000000000,19
2100,10,0.3573583770,468536752.0000000000,0
2100,11,0.3909426760,490681520.0000000000,2
2100,12,0.4054316510,501423008.0000000000,23
2100,13,0.3982941750,501934864.0000000000,20
2100,14,0.4053047270,500601040.0000000000,22
2100,15,0.3866143510,488081376.0000000000,3
2100,16,0.3167470540,430440032.0000000000,21
2100,17,0.3096142360,425068960.0000000000,18
2100,18,0.3166834700,436359824.0000000000,14
2100,19,0.3164502150,436509072.0000000000,11
2100,20,0.3170537410,436514896.0000000000,9
2100,21,0.3166083120,436509440.0000000000,13
2100,22,0.3164581350,436510304.0000000000,6
2100,23,0.3168925420,436508528.0000000000,17
2100,24,0.3167614210,436508912.0000000000,17
2100,25,0.3164286680,436507360.0000000000,5
2100,26,0.3170225270,436355552.0000000000,12
2100,27,0.3164903140,436352048.0000000000,8
2100,28,0.3173999200,436508944.0000000000,10
2100,29,0.3167651670,436512944.0000000000,15
2100,30,0.3166735800,436511104.0000000000,13
2100,31,0.3168532570,436510016.0000000000,9
2100,32,0.3164549760,436511376.0000000000,8
2100,33,0.3169218510,436511104.0000000000,7
2100,34,0.3170434020,436509616.0000000000,7
2100,35,0.3163169320,436358944.0000000000,6
2100,36,0.3165612840,435546352.0000000000,16
2100,37,0.3175958630,436539808.0000000000,4
2100,38,0.3168343420,436494688.0000000000,14
2100,39,0.3168692060,436506496.0000000000,1
2100,40,0.3168777130,436502832.0000000000,11
2100,41,0.3172139590,436487312.0000000000,15
2100,42,0.3172486260,436538880.0000000000,12
2100,43,0.3176159310,436512528.0000000000,16
2100,44,0.3168350310,435568608.0000000000,10
2100,45,0.0813204320,131919520.0000000000,20
2100,46,0.0816698470,132123440.0000000000,2
2100,47,0.0815914080,132154304.0000000000,23
2100,48,0.0815286440,132144192.0000000000,22
2100,49,0.0814485380,132149280.0000000000,22
2100,50,0.0814401330,132142944.0000000000,20
2100,51,0.0818182250,132143840.0000000000,23
2100,52,0.0815254770,132135856.0000000000,0
2100,53,0.0815219930,131903744.0000000000,3
2100,54,0.0201055300,54827568.0000000000,20
2100,55,0.0201926390,54827568.0000000000,19
2100,56,0.0201546550,54827568.0000000000,21
2100,57,0.0200896280,54827568.0000000000,22
2100,58,0.0200954930,54827568.0000000000,0
2100,59,0.0201257080,54827568.0000000000,21
2100,60,0.0201766790,54827568.0000000000,1
2100,61,0.0201717160,54827568.0000000000,23
2100,62,0.0201552640,54827568.0000000000,18
2100,63,0.0202047500,54827568.0000000000,23
2100,64,0.0202195290,54827568.0000000000,19
2100,65,0.0201860770,54827568.0000000000,10
2100,66,0.0201538210,54827568.0000000000,17
2100,67,0.0201159970,54827568.0000000000,19
2100,68,0.0201401360,54827568.0000000000,22
2100,69,0.0202593310,54827568.0000000000,4
2100,70,0.0201840760,54827568.0000000000,5
2100,71,0.0201375590,54827568.0000000000,12
2100,72,0.0200854740,54827568.0000000000,8
2100,73,0.0201494160,54827568.0000000000,3
2100,74,0.0201678330,54827568.0000000000,5
2100,75,0.0201346400,54827568.0000000000,7
2100,76,0.0202324170,54827568.0000000000,2
2100,77,0.0201490070,54827568.0000000000,0
2100,78,0.0200816110,54827568.0000000000,22
2100,79,0.0201595640,54827568.0000000000,23
2100,80,0.0200789860,54827568.0000000000,21
2100,81,0.0201462420,54827568.0000000000,11
2100,82,0.0201317040,54827568.0000000000,1
2100,83,0.0201657850,54827568.0000000000,19
2100,84,0.0201481370,54827568.0000000000,2
2100,85,0.0201765940,54827568.0000000000,19
2100,86,0.0201765790,54827568.0000000000,9
2100,87,0.0201828920,54827568.0000000000,4
2100,88,0.0201095380,54827568.0000000000,20
2100,89,0.0202112040,54827568.0000000000,18
2100,90,0.0202475370,54827568.0000000000,4
2100,91,0.0201090340,54827568.0000000000,15
2100,92,0.0201734090,54827568.0000000000,16
2100,93,0.0202499680,54827568.0000000000,23
2100,94,0.0201369680,54827568.0000000000,14
2100,95,0.0201420470,54827568.0000000000,18
2100,96,0.0202227150,54827568.0000000000,13
2100,97,0.0201707350,54827568.0000000000,22
2100,98,0.0201541030,54827568.0000000000,21
2100,99,0.0201747230,54827568.0000000000,21
2100,100,0.0201564610,54827568.0000000000,1
2100,101,0.0201460770,54827568.0000000000,20
2100,102,0.0201097280,54827568.0000000000,20
2100,103,0.0201941080,54827568.0000000000,18
2100,104,0.0201513570,54827568.0000000000,19
2100,105,0.0201122450,54827568.0000000000,3
2100,106,0.0201837510,54827568.0000000000,18
2100,107,0.0201561910,54827568.0000000000,2
2100,108,0.0202072360,54827568.0000000000,21
2100,109,0.0200915730,54827568.0000000000,20
2100,110,0.0201473350,54827568.0000000000,6
2100,111,0.0202917940,54827568.0000000000,4
2100,112,0.0201603180,54827568.0000000000,1
2100,113,0.0202402710,54827568.0000000000,23
2100,114,0.0201363220,54827568.0000000000,0
2100,115,0.0201466040,54827568.0000000000,5
2100,116,0.0201250970,54827568.0000000000,22
2100,117,0.0174197020,47074864.0000000000,14
2100,118,0.0174492480,47074864.0000000000,8
2100,119,0.0174473840,47074864.0000000000,13
2100,120,0.0174350760,47074864.0000000000,7
2100,121,0.0174431190,47074864.0000000000,17
2100,122,0.0174410380,47074864.0000000000,5
2100,123,0.0174420600,47074864.0000000000,6
2100,124,0.0174421780,47074864.0000000000,10
2100,125,0.0174803000,47074864.0000000000,1
2100,126,0.0174302330,47074864.0000000000,8
2100,127,0.0174758700,47074864.0000000000,16
2100,128,0.0173926020,47074864.0000000000,11
2100,129,0.0174734780,47074864.0000000000,18
2100,130,0.0175113710,47074864.0000000000,2
2100,131,0.0174240690,47074864.0000000000,15
2100,132,0.0174904800,47074864.0000000000,9
2100,133,0.0174639880,47074864.0000000000,12
2100,134,0.0174745310,47074864.0000000000,0
2100,135,0.0174833260,47074864.0000000000,2
2100,136,0.0174488610,47074864.0000000000,0
2100,137,0.0174057380,47074864.0000000000,11
2100,138,0.0174771230,47074864.0000000000,17
2100,139,0.0174500040,47074864.0000000000,7
2100,140,0.0174755790,47074864.0000000000,16
2100,141,0.0174201050,47074864.0000000000,10
2100,142,0.0174088950,47074864.0000000000,3
2100,143,0.0175153300,47074864.0000000000,4
2100,144,0.0174363880,47074864.0000000000,3
2100,145,0.0174997200,47074864.0000000000,4
2100,146,0.0174385090,47074864.0000000000,12
2100,147,0.0173815510,47074864.0000000000,1
2100,148,0.0174645040,47074864.0000000000,6
2100,149,0.0174328170,47074864.0000000000,15
2100,150,0.0174616260,47074864.0000000000,9
2100,151,0.0175146470,47074864.0000000000,13
2100,152,0.0174513330,47074864.0000000000,14
2150,0,7.2185530004,303809616.0000000000,18
2150,1,6.4629787311,278437856.0000000000,19
2150,2,4.3519327418,217627984.0000000000,21
2150,3,4.0859995376,210894928.0000000000,3
2150,4,4.0802603709,211211600.0000000000,2
2150,5,4.1287371705,212417616.0000000000,0
2150,6,6.3460256342,273331600.0000000000,4
2150,7,10.7102085813,403479888.0000000000,5
2150,8,9.2573992716,366538064.0000000000,1
2150,9,10.9647346729,453642320.0000000000,19
2150,10,11.5797171123,470116176.0000000000,0
2150,11,12.5984348328,491112080.0000000000,2
2150,12,13.0220327369,501050816.0000000000,23
2150,13,12.7946396469,501535360.0000000000,20
2150,14,13.0156875529,499631392.0000000000,22
2150,15,12.4692273536,488985824.0000000000,3
2150,16,10.2017439364,429314848.0000000000,21
2150,17,9.9575245975,423252736.0000000000,18
2150,18,10.1881328430,436354752.0000000000,14
2150,19,10.1856574357,436505872.0000000000,11
2150,20,10.1983069582,436511856.0000000000,9
2150,21,10.1910438214,436511472.0000000000,13
2150,22,10.1816519764,436512624.0000000000,6
2150,23,10.1940616159,436507360.0000000000,17
2150,24,10.1937931745,436511104.0000000000,17
2150,25,10.1873345339,436504976.0000000000,5
2150,26,10.1988368417,436358016.0000000000,12
2150,27,10.1870007877,436352880.0000000000,8
2150,28,10.2162923415,436511344.0000000000,10
2150,29,10.1977256216,436505888.0000000000,15
2150,30,10.1901982668,436510656.0000000000,13
2150,31,10.1976381071,436510560.0000000000,9
2150,32,10.1884991776,436510016.0000000000,8
2150,33,10.2009536725,436511776.0000000000,7
2150,34,10.1993068821,436508000.0000000000,7
2150,35,10.1777517762,436355536.0000000000,6
2150,36,10.1905633443,435527904.0000000000,16
2150,37,10.2211953451,436541488.0000000000,4
2150,38,10.1988248045,436496704.0000000000,14
2150,39,10.1973609877,436507888.0000000000,1
2150,40,10.1949054667,436501616.0000000000,11
2150,41,10.2075702035,436485488.0000000000,15
2150,42,10.2085514094,436543984.0000000000,12
2150,43,10.2214564666,436507600.0000000000,16
2150,44,10.1968313171,435553632.0000000000,10
2150,45,2.6272192750,131916048.0000000000,20
2150,46,2.6319710561,132123648.0000000000,2
2150,47,2.6347344588,132153680.0000000000,23
2150,48,2.6313849196,132144560.0000000000,22
2150,49,2.6302651337,132150544.0000000000,22
2150,50,2.6296371431,132144000.0000000000,20
2150,51,2.6343414077,132142016.0000000000,23
2150,52,2.6308734635,132136944.0000000000,0
2150,53,2.6266964607,131897824.0000000000,3
2150,54,0.6568472868,54827568.0000000000,20
2150,55,0.6593079626,54827568.0000000000,19
2150,56,0.6587096295,54827568.0000000000,21
2150,57,0.6577295517,54827568.0000000000,22
2150,58,0.6583871609,54827568.0000000000,0
2150,59,0.6589104020,54827568.0000000000,21
2150,60,0.6580983374,54827568.0000000000,1
2150,61,0.6596762126,54827568.0000000000,23
2150,62,0.6595769441,54827568.0000000000,18
2150,63,0.6596456577,54827568.0000000000,23
2150,64,0.6589174589,54827568.0000000000,19
2150,65,0.6584129446,54827568.0000000000,10
2150,66,0.6597677832,54827568.0000000000,17
2150,67,0.6592138588,54827568.0000000000,19
2150,68,0.6577332195,54827568.0000000000,22
2150,69,0.6610300054,54827568.0000000000,4
2150,70,0.6586149823,54827568.0000000000,5
2150,71,0.6577808785,54827568.0000000000,12
2150,72,0.6572647032,54827568.0000000000,8
2150,73,0.6577388663,54827568.0000000000,3
2150,74,0.6587057773,54827568.0000000000,5
2150,75,0.6576765956,54827568.0000000000,7
2150,76,0.6595765679,54827568.0000000000,2
2150,77,0.6587029268,54827568.0000000000,0
2150,78,0.6575835580,54827568.0000000000,22
2150,79,0.6596028867,54827568.0000000000,23
2150,80,0.6586777262,54827568.0000000000,21
2150,81,0.6576241356,54827568.0000000000,11
2150,82,0.6582944393,54827568.0000000000,1
2150,83,0.6592263494,54827568.0000000000,19
2150,84,0.6592837656,54827568.0000000000,2
2150,85,0.6589942697,54827568.0000000000,19
2150,86,0.6593372319,54827568.0000000000,9
2150,87,0.6612195690,54827568.0000000000,4
2150,88,0.6571098102,54827568.0000000000,20
2150,89,0.6592665148,54827568.0000000000,18
2150,90,0.6613570473,54827568.0000000000,4
2150,91,0.6573728097,54827568.0000000000,15
2150,92,0.6601962414,54827568.0000000000,16
2150,93,0.6597014943,54827568.0000000000,23
2150,94,0.6581586357,54827568.0000000000,14
2150,95,0.6591024842,54827568.0000000000,18
2150,96,0.6595536661,54827568.0000000000,13
2150,97,0.6576181759,54827568.0000000000,22
2150,98,0.6589699194,54827568.0000000000,21
2150,99,0.6588311087,54827568.0000000000,21
2150,100,0.6581095714,54827568.0000000000,1
2150,101,0.6570759165,54827568.0000000000,20
2150,102,0.6569793377,54827568.0000000000,20
2150,103,0.6594052874,54827568.0000000000,18
2150,104,0.6590295425,54827568.0000000000,19
2150,105,0.6578658130,54827568.0000000000,3
2150,106,0.6589104219,54827568.0000000000,18
2150,107,0.6593428655,54827568.0000000000,2
2150,108,0.6585026162,54827568.0000000000,21
2150,109,0.6567762387,54827568.0000000000,20
2150,110,0.6586825838,54827568.0000000000,6
2150,111,0.6613124040,54827568.0000000000,4
2150,112,0.6583412422,54827568.0000000000,1
2150,113,0.6596994434,54827568.0000000000,23
2150,114,0.6585966773,54827568.0000000000,0
2150,115,0.6585441874,54827568.0000000000,5
2150,116,0.6574536924,54827568.0000000000,22
2150,117,0.5697834691,47074864.0000000000,14
2150,118,0.5692370844,47074864.0000000000,8
2150,119,0.5709690828,47074864.0000000000,13
2150,120,0.5693288402,47074864.0000000000,7
2150,121,0.5711149546,47074864.0000000000,17
2150,122,0.5698377250,47074864.0000000000,5
2150,123,0.5705030685,47074864.0000000000,6
2150,124,0.5693249465,47074864.0000000000,10
2150,125,0.5701378377,47074864.0000000000,1
2150,126,0.5692005652,47074864.0000000000,8
2150,127,0.5714612321,47074864.0000000000,16
2150,128,0.5690123827,47074864.0000000000,11
2150,129,0.5708413805,47074864.0000000000,18
2150,130,0.5713181648,47074864.0000000000,2
2150,131,0.5691051854,47074864.0000000000,15
2150,132,0.5709822012,47074864.0000000000,9
2150,133,0.5696404553,47074864.0000000000,12
2150,134,0.5705195088,47074864.0000000000,0
2150,135,0.5711095722,47074864.0000000000,2
2150,136,0.5705375469,47074864.0000000000,0
2150,137,0.5690838465,47074864.0000000000,11
2150,138,0.5708206530,47074864.0000000000,17
2150,139,0.5697238726,47074864.0000000000,7
2150,140,0.5714993189,47074864.0000000000,16
2150,141,0.5695763539,47074864.0000000000,10
2150,142,0.5694010952,47074864.0000000000,3
2150,143,0.5717575838,47074864.0000000000,4
2150,144,0.5694125897,47074864.0000000000,3
2150,145,0.5716433315,47074864.0000000000,4
2150,146,0.5697710659,47074864.0000000000,12
2150,147,0.5700270319,47074864.0000000000,1
2150,148,0.5703723790,47074864.0000000000,6
2150,149,0.5690890387,47074864.0000000000,15
2150,150,0.5710691732,47074864.0000000000,9
2150,151,0.5709559090,47074864.0000000000,13
2150,152,0.5698668063,47074864.0000000000,14
2200,0,0.2236378120,303586992.0000000000,18
2200,1,0.1935015010,273487792.0000000000,19
2200,2,0.1317833530,215509712.0000000000,21
2200,3,0.1272264180,211323648.0000000000,3
2200,4,0.1265691910,211271072.0000000000,2
2200,5,0.1287834820,212423280.0000000000,0
2200,6,0.1904274710,268510816.0000000000,4
2200,7,0.3405456130,407933680.0000000000,5
2200,8,0.2936130770,368605488.0000000000,1
2200,9,0.3426067890,453906528.0000000000,19
2200,10,0.3671023520,473594000.0000000000,0
2200,11,0.3937050620,491474720.0000000000,2
2200,12,0.4054007820,500304416.0000000000,23
2200,13,0.3979717740,501037936.0000000000,20
2200,14,0.4049106890,498843536.0000000000,22
2200,15,0.3897309010,489763216.0000000000,3
2200,16,0.3171739470,428704720.0000000000,21
2200,17,0.3057602510,420282992.0000000000,18
2200,18,0.3164054140,436356912.0000000000,14
2200,19,0.3164887840,436508128.0000000000,11
2200,20,0.3167587260,436509312.0000000000,9
2200,21,0.3167151480,436514336.0000000000,13
2200,22,0.3163408030,436511744.0000000000,6
2200,23,0.3168546490,436506768.0000000000,17
2200,24,0.3166875070,436506848.0000000000,17
2200,25,0.3165393050,436511904.0000000000,5
2200,26,0.3165218920,436352304.0000000000,12
2200,27,0.3166398970,436350896.0000000000,8
2200,28,0.3174352420,436513600.0000000000,10
2200,29,0.3169626670,436508592.0000000000,15
2200,30,0.3167017990,436510784.0000000000,13
2200,31,0.3167321960,436507216.0000000000,9
2200,32,0.3166270820,436508912.0000000000,8
2200,33,0.3171687300,436513680.0000000000,7
2200,34,0.3170735750,436511584.0000000000,7
2200,35,0.3162772090,436354560.0000000000,6
2200,36,0.3167101620,435509952.0000000000,16
2200,37,0.3177720060,436539744.0000000000,4
2200,38,0.3168505090,436499376.0000000000,14
2200,39,0.3168200840,436509712.0000000000,1
2200,40,0.3168029490,436506368.0000000000,11
2200,41,0.3171856990,436483536.0000000000,15
2200,42,0.3168498970,436543984.0000000000,12
2200,43,0.3176948120,436501840.0000000000,16
2200,44,0.3169980280,435530944.0000000000,10
2200,45,0.0813483590,131908032.0000000000,20
2200,46,0.0815853410,132122560.0000000000,2
2200,47,0.0816636610,132151408.0000000000,23
2200,48,0.0815665810,132145104.0000000000,22
2200,49,0.0814889920,132148272.0000000000,22
2200,50,0.0813980760,132144144.0000000000,20
2200,51,0.0815557470,132139968.0000000000,23
2200,52,0.0814182000,132138912.0000000000,0
2200,53,0.0813725310,131894880.0000000000,3
2200,54,0.0201203170,54827568.0000000000,20
2200,55,0.0202125340,54827568.0000000000,19
2200,56,0.0201762750,54827568.0000000000,21
2200,57,0.0201856050,54827568.0000000000,22
2200,58,0.0201503290,54827568.0000000000,0
2200,59,0.0201320790,54827568.0000000000,21
2200,60,0.0201627350,54827568.0000000000,1
2200,61,0.0201849440,54827568.0000000000,23
2200,62,0.0201832980,54827568.0000000000,18
2200,63,0.0201734120,54827568.0000000000,23
2200,64,0.0201046280,54827568.0000000000,19
2200,65,0.0201357220,54827568.0000000000,10
2200,66,0.0201924690,54827568.0000000000,17
2200,67,0.0201433010,54827568.0000000000,19
2200,68,0.0201745340,54827568.0000000000,22
2200,69,0.0202866440,54827568.0000000000,4
2200,70,0.0201631060,54827568.0000000000,5
2200,71,0.0201851400,54827568.0000000000,12
2200,72,0.0201077990,54827568.0000000000,8
2200,73,0.0200893430,54827568.0000000000,3
2200,74,0.0201339190,54827568.0000000000,5
2200,75,0.0201739270,54827568.0000000000,7
2200,76,0.0202070700,54827568.0000000000,2
2200,77,0.0201251030,54827568.0000000000,0
2200,78,0.0201425820,54827568.0000000000,22
2200,79,0.0202222360,54827568.0000000000,23
2200,80,0.0201605250,54827568.0000000000,21
2200,81,0.0201706900,54827568.0000000000,11
2200,82,0.0201325070,54827568.0000000000,1
2200,83,0.0201545440,54827568.0000000000,19
2200,84,0.0201244820,54827568.0000000000,2
2200,85,0.0201783400,54827568.0000000000,19
2200,86,0.0201639760,54827568.0000000000,9
2200,87,0.0202292940,54827568.0000000000,4
2200,88,0.0200843690,54827568.0000000000,20
2200,89,0.0201964350,54827568.0000000000,18
2200,90,0.0202634010,54827568.0000000000,4
2200,91,0.0201149430,54827568.0000000000,15
2200,92,0.0201971570,54827568.0000000000,16
2200,93,0.0201916580,54827568.0000000000,23
2200,94,0.0201228190,54827568.0000000000,14
2200,95,0.0201708760,54827568.0000000000,18
2200,96,0.0201807420,54827568.0000000000,13
2200,97,0.0200916730,54827568.0000000000,22
2200,98,0.0201633310,54827568.0000000000,21
2200,99,0.0201717380,54827568.0000000000,21
2200,100,0.0201714420,54827568.0000000000,1
2200,101,0.0201213020,54827568.0000000000,20
2200,102,0.0201326530,54827568.0000000000,20
2200,103,0.0201880980,54827568.0000000000,18
2200,104,0.0201816670,54827568.0000000000,19
2200,105,0.0201114570,54827568.0000000000,3
2200,106,0.0201028340,54827568.0000000000,18
2200,107,0.0201858900,54827568.0000000000,2
2200,108,0.0201388540,54827568.0000000000,21
2200,109,0.0201157580,54827568.0000000000,20
2200,110,0.0201633470,54827568.0000000000,6
2200,111,0.0201866730,54827568.0000000000,4
2200,112,0.0201333310,54827568.0000000000,1
2200,113,0.0201634220,54827568.0000000000,23
2200,114,0.0201351010,54827568.0000000000,0
2200,115,0.0201442800,54827568.0000000000,5
2200,116,0.0201226040,54827568.0000000000,22
2200,117,0.0174419240,47074864.0000000000,14
2200,118,0.0174147650,47074864.0000000000,8
2200,119,0.0174783640,47074864.0000000000,13
2200,120,0.0174188650,47074864.0000000000,7
2200,121,0.0174696420,47074864.0000000000,17
2200,122,0.0174336130,47074864.0000000000,5
2200,123,0.0174340750,47074864.0000000000,6
2200,124,0.0174180000,47074864.0000000000,10
2200,125,0.0174574000,47074864.0000000000,1
2200,126,0.0173868400,47074864.0000000000,8
2200,127,0.0174814130,47074864.0000000000,16
2200,128,0.0174212580,47074864.0000000000,11
2200,129,0.0174267170,47074864.0000000000,18
2200,130,0.0174483510,47074864.0000000000,2
2200,131,0.0174168840,47074864.0000000000,15
2200,132,0.0174575370,47074864.0000000000,9
2200,133,0.0174429350,47074864.0000000000,12
2200,134,0.0174892990,47074864.0000000000,0
2200,135,0.0174936570,47074864.0000000000,2
2200,136,0.0174364170,47074864.0000000000,0
2200,137,0.0174627470,47074864.0000000000,11
2200,138,0.0174497840,47074864.0000000000,17
2200,139,0.0174330830,47074864.0000000000,7
2200,140,0.0174778770,47074864.0000000000,16
2200,141,0.0174200770,47074864.0000000000,10
2200,142,0.0174134840,47074864.0000000000,3
2200,143,0.0175037390,47074864.0000000000,4
2200,144,0.0174138350,47074864.0000000000,3
2200,145,0.0175160840,47074864.0000000000,4
2200,146,0.0174194400,47074864.0000000000,12
2200,147,0.0174494540,47074864.0000000000,1
2200,148,0.0174856470,47074864.0000000000,6
2200,149,0.0174195090,47074864.0000000000,15
2200,150,0.0174656210,47074864.0000000000,9
2200,151,0.0174600200,47074864.0000000000,13
2200,152,0.0174512030,47074864.0000000000,14
2250,0,7.1985200711,303394864.0000000000,18
2250,1,6.1321435939,268411360.0000000000,19
2250,2,4.2402421090,214344208.0000000000,21
2250,3,4.1177815304,211467392.0000000000,3
2250,4,4.0823541008,211328144.0000000000,2
2250,5,4.1612571080,212405504.0000000000,0
2250,6,6.0484078916,264964560.0000000000,4
2250,7,11.0709493072,413204608.0000000000,5
2250,8,9.4880426547,369645600.0000000000,1
2250,9,11.0389948575,454085504.0000000000,19
2250,10,11.8897250968,477481968.0000000000,0
2250,11,12.6754626795,491708432.0000000000,2
2250,12,13.0184065592,499892640.0000000000,23
2250,13,12.7574313808,498807088.0000000000,20
2250,14,13.0079579482,498415504.0000000000,22
2250,15,12.5581803846,490406992.0000000000,3
2250,16,10.1997381382,428273216.0000000000,21
2250,17,9.7847137603,417736512.0000000000,18
2250,18,10.1873328686,436356304.0000000000,14
2250,19,10.1852378128,436508000.0000000000,11
2250,20,10.1987933445,436507472.0000000000,9
2250,21,10.1914823878,436509088.0000000000,13
2250,22,10.2119960746,442990224.0000000000,6
2250,23,10.1939407118,436509472.0000000000,17
2250,24,10.1936327855,436508672.0000000000,17
2250,25,10.1875880846,436509712.0000000000,5
2250,26,10.1897036240,436350416.0000000000,12
2250,27,10.1851971655,436350672.0000000000,8
2250,28,10.2165951712,436513360.0000000000,10
2250,29,10.1979957649,436511136.0000000000,15
2250,30,10.1900296506,436511920.0000000000,13
2250,31,10.1975131742,436511136.0000000000,9
2250,32,10.1871409075,436506784.0000000000,8
2250,33,10.2009611565,436510800.0000000000,7
2250,34,10.2000472824,436513008.0000000000,7
2250,35,10.1778866958,436352160.0000000000,6
2250,36,10.1998703464,435494256.0000000000,16
2250,37,10.2210288288,436533200.0000000000,4
2250,38,10.2002450174,436502960.0000000000,14
2250,39,10.1971958135,436503296.0000000000,1
2250,40,10.1944450034,436508048.0000000000,11
2250,41,10.2078654350,436483136.0000000000,15
2250,42,10.1992730213,436546192.0000000000,12
2250,43,10.2326800392,436505104.0000000000,16
2250,44,10.1973990584,435509632.0000000000,10
2250,45,2.6267622413,131897424.0000000000,20
2250,46,2.6322692411,132125168.0000000000,2
2250,47,2.6352035258,132153408.0000000000,23
2250,48,2.6314353133,132145328.0000000000,22
2250,49,2.6310502596,132147360.0000000000,22
2250,50,2.6296589912,132146368.0000000000,20
2250,51,2.6346248482,132139024.0000000000,23
2250,52,2.6305829032,132140528.0000000000,0
2250,53,2.6270178953,131891296.0000000000,3
2250,54,0.6570461436,54827568.0000000000,20
2250,55,0.6590138601,54827568.0000000000,19
2250,56,0.6587677861,54827568.0000000000,21
2250,57,0.6578820701,54827568.0000000000,22
2250,58,0.6586469726,54827568.0000000000,0
2250,59,0.6587993226,54827568.0000000000,21
2250,60,0.6582033999,54827568.0000000000,1
2250,61,0.6598683710,54827568.0000000000,23
2250,62,0.6592716141,54827568.0000000000,18
2250,63,0.6595883446,54827568.0000000000,23
2250,64,0.6587399957,54827568.0000000000,19
2250,65,0.6584843843,54827568.0000000000,10
2250,66,0.6598118649,54827568.0000000000,17
2250,67,0.6592289942,54827568.0000000000,19
2250,68,0.6579473439,54827568.0000000000,22
2250,69,0.6612828671,54827568.0000000000,4
2250,70,0.6586777829,54827568.0000000000,5
2250,71,0.6580417667,54827568.0000000000,12
2250,72,0.6571232143,54827568.0000000000,8
2250,73,0.6575633989,54827568.0000000000,3
2250,74,0.6586867848,54827568.0000000000,5
2250,75,0.6574578293,54827568.0000000000,7
2250,76,0.6595903357,54827568.0000000000,2
2250,77,0.6583176705,54827568.0000000000,0
2250,78,0.6576876587,54827568.0000000000,22
2250,79,0.6596030950,54827568.0000000000,23
2250,80,0.6585426537,54827568.0000000000,21
2250,81,0.6575691263,54827568.0000000000,11
2250,82,0.6581697619,54827568.0000000000,1
2250,83,0.6593212796,54827568.0000000000,19
2250,84,0.6596009008,54827568.0000000000,2
2250,85,0.6593554343,54827568.0000000000,19
2250,86,0.6593411413,54827568.0000000000,9
2250,87,0.6614588163,54827568.0000000000,4
2250,88,0.6568585373,54827568.0000000000,20
2250,89,0.6590736877,54827568.0000000000,18
2250,90,0.6610728582,54827568.0000000000,4
2250,91,0.6571370446,54827568.0000000000,15
2250,92,0.6604652225,54827568.0000000000,16
2250,93,0.6594579454,54827568.0000000000,23
2250,94,0.6581582344,54827568.0000000000,14
2250,95,0.6589981500,54827568.0000000000,18
2250,96,0.6594486341,54827568.0000000000,13
2250,97,0.6577139778,54827568.0000000000,22
2250,98,0.6587439189,54827568.0000000000,21
2250,99,0.6587275470,54827568.0000000000,21
2250,100,0.6581097216,54827568.0000000000,1
2250,101,0.6573402757,54827568.0000000000,20
2250,102,0.6567495129,54827568.0000000000,20
2250,103,0.6592587614,54827568.0000000000,18
2250,104,0.6594503241,54827568.0000000000,19
2250,105,0.6576774545,54827568.0000000000,3
2250,106,0.6590956729,54827568.0000000000,18
2250,107,0.6594179683,54827568.0000000000,2
2250,108,0.6586059393,54827568.0000000000,21
2250,109,0.6571737241,54827568.0000000000,20
2250,110,0.6583024018,54827568.0000000000,6
2250,111,0.6612094496,54827568.0000000000,4
2250,112,0.6585227388,54827568.0000000000,1
2250,113,0.6595791757,54827568.0000000000,23
2250,114,0.6588157139,54827568.0000000000,0
2250,115,0.6585287317,54827568.0000000000,5
2250,116,0.6577517781,54827568.0000000000,22
2250,117,0.5699327914,47074864.0000000000,14
2250,118,0.5691921252,47074864.0000000000,8
2250,119,0.5708256470,47074864.0000000000,13
2250,120,0.5694642313,47074864.0000000000,7
2250,121,0.5709347070,47074864.0000000000,17
2250,122,0.5699092999,47074864.0000000000,5
2250,123,0.5702150747,47074864.0000000000,6
2250,124,0.5695840594,47074864.0000000000,10
2250,125,0.5698666633,47074864.0000000000,1
2250,126,0.5689229594,47074864.0000000000,8
2250,127,0.5720415763,47074864.0000000000,16
2250,128,0.5690725310,47074864.0000000000,11
2250,129,0.5708651860,47074864.0000000000,18
2250,130,0.5713711681,47074864.0000000000,2
2250,131,0.5692260458,47074864.0000000000,15
2250,132,0.5710728710,47074864.0000000000,9
2250,133,0.5696105277,47074864.0000000000,12
2250,134,0.5705633021,47074864.0000000000,0
2250,135,0.5711119004,47074864.0000000000,2
2250,136,0.5705164750,47074864.0000000000,0
2250,137,0.5691974968,47074864.0000000000,11
2250,138,0.5708474752,47074864.0000000000,17
2250,139,0.5695016611,47074864.0000000000,7
2250,140,0.5720188308,47074864.0000000000,16
2250,141,0.5697379086,47074864.0000000000,10
2250,142,0.5694406299,47074864.0000000000,3
2250,143,0.5716997245,47074864.0000000000,4
2250,144,0.5694755970,47074864.0000000000,3
2250,145,0.5716103675,47074864.0000000000,4
2250,146,0.5712257604,47074864.0000000000,12
2250,147,0.5702233963,47074864.0000000000,1
2250,148,0.5703920946,47074864.0000000000,6
2250,149,0.5693467763,47074864.0000000000,15
2250,150,0.5708562515,47074864.0000000000,9
2250,151,0.5711471127,47074864.0000000000,13
2250,152,0.5698571868,47074864.0000000000,14
2300,0,0.2225916000,303042064.0000000000,18
2300,1,0.1814241580,262630560.0000000000,19
2300,2,0.1293849140,213603808.0000000000,21
2300,3,0.1280241360,211503920.0000000000,3
2300,4,0.1275643620,211309856.0000000000,2
2300,5,0.1291750870,212396304.0000000000,0
2300,6,0.1825899350,261577904.0000000000,4
2300,7,0.3531958380,418809296.0000000000,5
2300,8,0.2955372920,369859184.0000000000,1
2300,9,0.3431724280,454441216.0000000000,19
2300,10,0.3755876520,481016912.0000000000,0
2300,11,0.3954997440,492002432.0000000000,2
2300,12,0.4002865870,496190416.0000000000,23
2300,13,0.3685970800,473272720.0000000000,20
2300,14,0.4002254400,494913872.0000000000,22
2300,15,0.3921271210,490996672.0000000000,3
2300,16,0.3154793380,427579456.0000000000,21
2300,17,0.3000246240,415539456.0000000000,18
2300,18,0.3168376650,436353120.0000000000,14
2300,19,0.3164680150,436508256.0000000000,11
2300,20,0.3169503600,436506192.0000000000,9
2300,21,0.3219512770,441134048.0000000000,13
2300,22,0.3466146850,465769008.0000000000,6
2300,23,0.3219088650,440994048.0000000000,17
2300,24,0.3168210630,436510304.0000000000,17
2300,25,0.3166499950,436509696.0000000000,5
2300,26,0.3167191860,436350832.0000000000,12
2300,27,0.3163675510,436351536.0000000000,8
2300,28,0.3176221780,436513040.0000000000,10
2300,29,0.3170836840,436512256.0000000000,15
2300,30,0.3166581380,436509616.0000000000,13
2300,31,0.3168274740,436509200.0000000000,9
2300,32,0.3165592240,436509344.0000000000,8
2300,33,0.3168487990,436507232.0000000000,7
2300,34,0.3168987170,436508960.0000000000,7
2300,35,0.3162798190,436349568.0000000000,6
2300,36,0.3169230100,435468352.0000000000,16
2300,37,0.3169497150,436535936.0000000000,4
2300,38,0.3176315970,436495856.0000000000,14
2300,39,0.3168043670,436501440.0000000000,1
2300,40,0.3168675320,436511920.0000000000,11
2300,41,0.3172957760,436479440.0000000000,15
2300,42,0.3175222760,436537792.0000000000,12
2300,43,0.3179534130,436504976.0000000000,16
2300,44,0.3169310240,435492848.0000000000,10
2300,45,0.0814167250,131893472.0000000000,20
2300,46,0.0815722060,132124864.0000000000,2
2300,47,0.0817198500,132153920.0000000000,23
2300,48,0.0814739860,132149936.0000000000,22
2300,49,0.0813958340,132146400.0000000000,22
2300,50,0.0813981290,132146848.0000000000,20
2300,51,0.0815915820,132141456.0000000000,23
2300,52,0.0815415960,132140608.0000000000,0
2300,53,0.0814100620,131883408.0000000000,3
2300,54,0.0201330450,54827568.0000000000,20
2300,55,0.0201117490,54827568.0000000000,19
2300,56,0.0201729230,54827568.0000000000,21
2300,57,0.0201290590,54827568.0000000000,22
2300,58,0.0200875700,54827568.0000000000,0
2300,59,0.0201335750,54827568.0000000000,21
2300,60,0.0201637870,54827568.0000000000,1
2300,61,0.0202374070,54827568.0000000000,23
2300,62,0.0201662760,54827568.0000000000,18
2300,63,0.0201612680,54827568.0000000000,23
2300,64,0.0201677900,54827568.0000000000,19
2300,65,0.0202042830,54827568.0000000000,10
2300,66,0.0202295880,54827568.0000000000,17
2300,67,0.0202010630,54827568.0000000000,19
2300,68,0.0201065340,54827568.0000000000,22
2300,69,0.0202220500,54827568.0000000000,4
2300,70,0.0201432590,54827568.0000000000,5
2300,71,0.0201727060,54827568.0000000000,12
2300,72,0.0201627450,54827568.0000000000,8
2300,73,0.0201644990,54827568.0000000000,3
2300,74,0.0201733950,54827568.0000000000,5
2300,75,0.0201206860,54827568.0000000000,7
2300,76,0.0202042360,54827568.0000000000,2
2300,77,0.0201629950,54827568.0000000000,0
2300,78,0.0201449370,54827568.0000000000,22
2300,79,0.0202169630,54827568.0000000000,23
2300,80,0.0201396270,54827568.0000000000,21
2300,81,0.0201117570,54827568.0000000000,11
2300,82,0.0201776510,54827568.0000000000,1
2300,83,0.0201495150,54827568.0000000000,19
2300,84,0.0201950680,54827568.0000000000,2
2300,85,0.0202147100,54827568.0000000000,19
2300,86,0.0201420950,54827568.0000000000,9
2300,87,0.0202564380,54827568.0000000000,4
2300,88,0.0200682280,54827568.0000000000,20
2300,89,0.0201594840,54827568.0000000000,18
2300,90,0.0202058110,54827568.0000000000,4
2300,91,0.0200930210,54827568.0000000000,15
2300,92,0.0202253880,54827568.0000000000,16
2300,93,0.0201420910,54827568.0000000000,23
2300,94,0.0201635580,54827568.0000000000,14
2300,95,0.0202027790,54827568.0000000000,18
2300,96,0.0201496240,54827568.0000000000,13
2300,97,0.0201408080,54827568.0000000000,22
2300,98,0.0201501980,54827568.0000000000,21
2300,99,0.0201863270,54827568.0000000000,21
2300,100,0.0201872500,54827568.0000000000,1
2300,101,0.0201024760,54827568.0000000000,20
2300,102,0.0201280330,54827568.0000000000,20
2300,103,0.0201964130,54827568.0000000000,18
2300,104,0.0201441940,54827568.0000000000,19
2300,105,0.0200932710,54827568.0000000000,3
2300,106,0.0201789600,54827568.0000000000,18
2300,107,0.0201960090,54827568.0000000000,2
2300,108,0.0201947720,54827568.0000000000,21
2300,109,0.0200692510,54827568.0000000000,20
2300,110,0.0201686480,54827568.0000000000,6
2300,111,0.0202303390,54827568.0000000000,4
2300,112,0.0201567150,54827568.0000000000,1
2300,113,0.0201877680,54827568.0000000000,23
2300,114,0.0201216360,54827568.0000000000,0
2300,115,0.0201536480,54827568.0000000000,5
2300,116,0.0201472300,54827568.0000000000,22
2300,117,0.0174597190,47074864.0000000000,14
2300,118,0.0174388330,47074864.0000000000,8
2300,119,0.0174527040,47074864.0000000000,13
2300,120,0.0174141680,47074864.0000000000,7
2300,121,0.0174908900,47074864.0000000000,17
2300,122,0.0174470100,47074864.0000000000,5
2300,123,0.0174773110,47074864.0000000000,6
2300,124,0.0174526890,47074864.0000000000,10
2300,125,0.0174596910,47074864.0000000000,1
2300,126,0.0173893160,47074864.0000000000,8
2300,127,0.0175069230,47074864.0000000000,16
2300,128,0.0173688070,47074864.0000000000,11
2300,129,0.0175080640,47074864.0000000000,18
2300,130,0.0175009730,47074864.0000000000,2
2300,131,0.0174339200,47074864.0000000000,15
2300,132,0.0174597740,47074864.0000000000,9
2300,133,0.0174685460,47074864.0000000000,12
2300,134,0.0174335530,47074864.0000000000,0
2300,135,0.0174687700,47074864.0000000000,2
2300,136,0.0175000200,47074864.0000000000,0
2300,137,0.0174686590,47074864.0000000000,11
2300,138,0.0174692800,47074864.0000000000,17
2300,139,0.0174244470,47074864.0000000000,7
2300,140,0.0175024850,47074864.0000000000,16
2300,141,0.0174365980,47074864.0000000000,10
2300,142,0.0174071800,47074864.0000000000,3
2300,143,0.0174851530,47074864.0000000000,4
2300,144,0.0174002070,47074864.0000000000,3
2300,145,0.0174594660,47074864.0000000000,4
2300,146,0.0174050520,47074864.0000000000,12
2300,147,0.0174532090,47074864.0000000000,1
2300,148,0.0174813480,47074864.0000000000,6
2300,149,0.0173991110,47074864.0000000000,15
2300,150,0.0174809730,47074864.0000000000,9
2300,151,0.0174583850,47074864.0000000000,13
2300,152,0.0174638950,47074864.0000000000,14
2350,0,7.1468149438,302425424.0000000000,18
2350,1,5.7293286856,257149680.0000000000,19
2350,2,4.1719093090,213501792.0000000000,21
2350,3,4.1211639869,211561456.0000000000,3
2350,4,4.1047098648,211377088.0000000000,2
2350,5,4.1559416732,212361392.0000000000,0
2350,6,5.8251252786,258643808.0000000000,4
2350,7,11.4625502112,424568832.0000000000,5
2350,8,9.4625767727,369820352.0000000000,1
2350,9,10.9849075680,455316160.0000000000,19
2350,10,12.1002394881,483727760.0000000000,0
2350,11,12.7269223239,492266752.0000000000,2
2350,12,12.7029424365,488612160.0000000000,23
2350,13,11.6538705346,463745280.0000000000,20
2350,14,12.7089349400,487971360.0000000000,22
2350,15,12.6232674326,491568656.0000000000,3
2350,16,10.1234836713,426448320.0000000000,21
2350,17,9.6094298480,413852896.0000000000,18
2350,18,10.1897275140,436348336.0000000000,14
2350,19,10.1860916077,436509856.0000000000,11
2350,20,10.1977374034,436508944.0000000000,9
2350,21,10.5204714656,448565360.0000000000,13
2350,22,11.3351781097,474258048.0000000000,6
2350,23,10.5101580213,447857296.0000000000,17
2350,24,10.1933196602,436512896.0000000000,17
2350,25,10.1882123378,436506768.0000000000,5
2350,26,10.1864216143,436351424.0000000000,12
2350,27,10.1843648189,436356352.0000000000,8
2350,28,10.2175814924,436509120.0000000000,10
2350,29,10.1984043785,436508816.0000000000,15
2350,30,10.1897223757,436511744.0000000000,13
2350,31,10.1972621833,436509648.0000000000,9
2350,32,10.1864900208,436503936.0000000000,8
2350,33,10.2009410631,436514560.0000000000,7
2350,34,10.1997131770,436509168.0000000000,7
2350,35,10.1776927039,436349504.0000000000,6
2350,36,10.1999510553,435447168.0000000000,16
2350,37,10.2147358444,436537248.0000000000,4
2350,38,10.1998378392,436498160.0000000000,14
2350,39,10.1978368964,436501392.0000000000,1
2350,40,10.1955867024,436511440.0000000000,11
2350,41,10.2082018063,436479376.0000000000,15
2350,42,10.1986964182,436537344.0000000000,12
2350,43,10.2334098241,436500240.0000000000,16
2350,44,10.1985445386,435471072.0000000000,10
2350,45,2.6269510303,131887024.0000000000,20
2350,46,2.6331388038,132124224.0000000000,2
2350,47,2.6353627102,132154864.0000000000,23
2350,48,2.6315905102,132147984.0000000000,22
2350,49,2.6307864434,132144912.0000000000,22
2350,50,2.6293100439,132149376.0000000000,20
2350,51,2.6357666966,132142032.0000000000,23
2350,52,2.6308575357,132140864.0000000000,0
2350,53,2.6267319554,131881088.0000000000,3
2350,54,0.6568882296,54827568.0000000000,20
2350,55,0.6590990930,54827568.0000000000,19
2350,56,0.6587370829,54827568.0000000000,21
2350,57,0.6578690109,54827568.0000000000,22
2350,58,0.6589195929,54827568.0000000000,0
2350,59,0.6589279990,54827568.0000000000,21
2350,60,0.6580163562,54827568.0000000000,1
2350,61,0.6596024031,54827568.0000000000,23
2350,62,0.6593150643,54827568.0000000000,18
2350,63,0.6593768214,54827568.0000000000,23
2350,64,0.6589705363,54827568.0000000000,19
2350,65,0.6587058283,54827568.0000000000,10
2350,66,0.6598482319,54827568.0000000000,17
2350,67,0.6591829117,54827568.0000000000,19
2350,68,0.6576200630,54827568.0000000000,22
2350,69,0.6607884191,54827568.0000000000,4
2350,70,0.6585868663,54827568.0000000000,5
2350,71,0.6574360364,54827568.0000000000,12
2350,72,0.6571241508,54827568.0000000000,8
2350,73,0.6579825735,54827568.0000000000,3
2350,74,0.6587245444,54827568.0000000000,5
2350,75,0.6578436207,54827568.0000000000,7
2350,76,0.6597664966,54827568.0000000000,2
2350,77,0.6583227837,54827568.0000000000,0
2350,78,0.6576555253,54827568.0000000000,22
2350,79,0.6593208365,54827568.0000000000,23
2350,80,0.6589902345,54827568.0000000000,21
2350,81,0.6575155188,54827568.0000000000,11
2350,82,0.6581531407,54827568.0000000000,1
2350,83,0.6588831507,54827568.0000000000,19
2350,84,0.6594909468,54827568.0000000000,2
2350,85,0.6592720268,54827568.0000000000,19
2350,86,0.6592837080,54827568.0000000000,9
2350,87,0.6611087099,54827568.0000000000,4
2350,88,0.6568961591,54827568.0000000000,20
2350,89,0.6592486730,54827568.0000000000,18
2350,90,0.6612141266,54827568.0000000000,4
2350,91,0.6571666521,54827568.0000000000,15
2350,92,0.6606589520,54827568.0000000000,16
2350,93,0.6595716156,54827568.0000000000,23
2350,94,0.6584876310,54827568.0000000000,14
2350,95,0.6591624858,54827568.0000000000,18
2350,96,0.6593957243,54827568.0000000000,13
2350,97,0.6578606654,54827568.0000000000,22
2350,98,0.6588104778,54827568.0000000000,21
2350,99,0.6587235385,54827568.0000000000,21
2350,100,0.6579695969,54827568.0000000000,1
2350,101,0.6569635707,54827568.0000000000,20
2350,102,0.6570345133,54827568.0000000000,20
2350,103,0.6591887694,54827568.0000000000,18
2350,104,0.6589825531,54827568.0000000000,19
2350,105,0.6577111746,54827568.0000000000,3
2350,106,0.6591117085,54827568.0000000000,18
2350,107,0.6593427821,54827568.0000000000,2
2350,108,0.6585019276,54827568.0000000000,21
2350,109,0.6570535779,54827568.0000000000,20
2350,110,0.6589177430,54827568.0000000000,6
2350,111,0.6609523064,54827568.0000000000,4
2350,112,0.6583098276,54827568.0000000000,1
2350,113,0.6595636085,54827568.0000000000,23
2350,114,0.6584665069,54827568.0000000000,0
2350,115,0.6588999538,54827568.0000000000,5
2350,116,0.6576238872,54827568.0000000000,22
2350,117,0.5701023884,47074864.0000000000,14
2350,118,0.5691296768,47074864.0000000000,8
2350,119,0.5709555387,47074864.0000000000,13
2350,120,0.5694235480,47074864.0000000000,7
2350,121,0.5710887691,47074864.0000000000,17
2350,122,0.5702303418,47074864.0000000000,5
2350,123,0.5703473030,47074864.0000000000,6
2350,124,0.5695066518,47074864.0000000000,10
2350,125,0.5700385442,47074864.0000000000,1
2350,126,0.5692773759,47074864.0000000000,8
2350,127,0.5721974262,47074864.0000000000,16
2350,128,0.5690305173,47074864.0000000000,11
2350,129,0.5709663932,47074864.0000000000,18
2350,130,0.5714771818,47074864.0000000000,2
2350,131,0.5693296828,47074864.0000000000,15
2350,132,0.5708893147,47074864.0000000000,9
2350,133,0.5692500185,47074864.0000000000,12
2350,134,0.5705457396,47074864.0000000000,0
2350,135,0.5714760144,47074864.0000000000,2
2350,136,0.5706384326,47074864.0000000000,0
2350,137,0.5691493011,47074864.0000000000,11
2350,138,0.5708925585,47074864.0000000000,17
2350,139,0.5696136238,47074864.0000000000,7
2350,140,0.5719400140,47074864.0000000000,16
2350,141,0.5695999321,47074864.0000000000,10
2350,142,0.5694343391,47074864.0000000000,3
2350,143,0.5715899858,47074864.0000000000,4
2350,144,0.5695544308,47074864.0000000000,3
2350,145,0.5715854152,47074864.0000000000,4
2350,146,0.5692405614,47074864.0000000000,12
2350,147,0.5702347959,47074864.0000000000,1
2350,148,0.5702440049,47074864.0000000000,6
2350,149,0.5690032945,47074864.0000000000,15
2350,150,0.5709266194,47074864.0000000000,9
2350,151,0.5710814189,47074864.0000000000,13
2350,152,0.5703660593,47074864.0000000000,14
2400,0,0.2201734190,300637424.0000000000,18
2400,1,0.1705612380,252877696.0000000000,19
2400,2,0.1291629280,213516400.0000000000,21
2400,3,0.1279342420,211608736.0000000000,3
2400,4,0.1268902600,211467392.0000000000,2
2400,5,0.1292440780,212454704.0000000000,0
2400,6,0.1773280480,256193600.0000000000,4
2400,7,0.3644547840,429825120.0000000000,5
2400,8,0.2932992000,370045360.0000000000,1
2400,9,0.3455457790,457458720.0000000000,19
2400,10,0.3803359800,485152288.0000000000,0
2400,11,0.3965014250,492339264.0000000000,2
2400,12,0.3840230840,480865520.0000000000,23
2400,13,0.3505374770,455623904.0000000000,20
2400,14,0.3851498550,481187584.0000000000,22
2400,15,0.3926922520,491237136.0000000000,3
2400,16,0.3130210570,425518192.0000000000,21
2400,17,0.2966424810,412267152.0000000000,18
2400,18,0.3165448880,436348768.0000000000,14
2400,19,0.3165855410,436506560.0000000000,11
2400,20,0.3168094260,436509024.0000000000,9
2400,21,0.3382904190,455514848.0000000000,13
2400,22,0.3641506760,482061088.0000000000,6
2400,23,0.3364221850,453663824.0000000000,17
2400,24,0.3167264480,436509744.0000000000,17
2400,25,0.3168205350,436508832.0000000000,5
2400,26,0.3164036740,436353744.0000000000,12
2400,27,0.3164592180,436350336.0000000000,8
2400,28,0.3174219180,436513040.0000000000,10
2400,29,0.3168730440,436510608.0000000000,15
2400,30,0.3165187800,436514720.0000000000,13
2400,31,0.3170461190,436506352.0000000000,9
2400,32,0.3166148760,436509968.0000000000,8
2400,33,0.3171250200,436509872.0000000000,7
2400,34,0.3170801630,436508832.0000000000,7
2400,35,0.3161745680,436349488.0000000000,6
2400,36,0.3171266620,435423680.0000000000,16
2400,37,0.3173772980,436542112.0000000000,4
2400,38,0.3170205310,436496384.0000000000,14
2400,39,0.3168156610,436502016.0000000000,1
2400,40,0.3168311570,436507824.0000000000,11
2400,41,0.3171622270,436479392.0000000000,15
2400,42,0.3167734020,436538448.0000000000,12
2400,43,0.3179109190,436497888.0000000000,16
2400,44,0.3167268430,435449504.0000000000,10
2400,45,0.0813979980,131880880.0000000000,20
2400,46,0.0814955160,132123888.0000000000,2
2400,47,0.0816146540,132155472.0000000000,23
2400,48,0.0815638460,132144592.0000000000,22
2400,49,0.0815210030,132145344.0000000000,22
2400,50,0.0814091870,132152016.0000000000,20
2400,51,0.0815713630,132139424.0000000000,23
2400,52,0.0814604290,132140944.0000000000,0
2400,53,0.0813612790,131877168.0000000000,3
2400,54,0.0200455660,54827568.0000000000,20
2400,55,0.0201665770,54827568.0000000000,19
2400,56,0.0201300980,54827568.0000000000,21
2400,57,0.0201252080,54827568.0000000000,22
2400,58,0.0201364250,54827568.0000000000,0
2400,59,0.0202344890,54827568.0000000000,21
2400,60,0.0201770530,54827568.0000000000,1
2400,61,0.0202033890,54827568.0000000000,23
2400,62,0.0201295460,54827568.0000000000,18
2400,63,0.0201812760,54827568.0000000000,23
2400,64,0.0201675600,54827568.0000000000,19
2400,65,0.0201136700,54827568.0000000000,10
2400,66,0.0201423300,54827568.0000000000,17
2400,67,0.0202240080,54827568.0000000000,19
2400,68,0.0201253680,54827568.0000000000,22
2400,69,0.0202538710,54827568.0000000000,4
2400,70,0.0201921850,54827568.0000000000,5
2400,71,0.0200963080,54827568.0000000000,12
2400,72,0.0201710220,54827568.0000000000,8
2400,73,0.0201875800,54827568.0000000000,3
2400,74,0.0201121700,54827568.0000000000,5
2400,75,0.0201388380,54827568.0000000000,7
2400,76,0.0201486460,54827568.0000000000,2
2400,77,0.0201033900,54827568.0000000000,0
2400,78,0.0200837970,54827568.0000000000,22
2400,79,0.0201691430,54827568.0000000000,23
2400,80,0.0200947600,54827568.0000000000,21
2400,81,0.0200930800,54827568.0000000000,11
2400,82,0.0201171960,54827568.0000000000,1
2400,83,0.0201332140,54827568.0000000000,19
2400,84,0.0201442880,54827568.0000000000,2
2400,85,0.0201818880,54827568.0000000000,19
2400,86,0.0201171160,54827568.0000000000,9
2400,87,0.0202061800,54827568.0000000000,4
2400,88,0.0201016820,54827568.0000000000,20
2400,89,0.0202066360,54827568.0000000000,18
2400,90,0.0202382220,54827568.0000000000,4
2400,91,0.0200786160,54827568.0000000000,15
2400,92,0.0202526440,54827568.0000000000,16
2400,93,0.0202133280,54827568.0000000000,23
2400,94,0.0201309080,54827568.0000000000,14
2400,95,0.0201468280,54827568.0000000000,18
2400,96,0.0202181550,54827568.0000000000,13
2400,97,0.0201488340,54827568.0000000000,22
2400,98,0.0201523710,54827568.0000000000,21
2400,99,0.0201761150,54827568.0000000000,21
2400,100,0.0201331670,54827568.0000000000,1
2400,101,0.0200898300,54827568.0000000000,20
2400,102,0.0201139770,54827568.0000000000,20
2400,103,0.0202357010,54827568.0000000000,18
2400,104,0.0201562270,54827568.0000000000,19
2400,105,0.0201593270,54827568.0000000000,3
2400,106,0.0201559860,54827568.0000000000,18
2400,107,0.0201824720,54827568.0000000000,2
2400,108,0.0201753130,54827568.0000000000,21
2400,109,0.0200914920,54827568.0000000000,20
2400,110,0.0201674170,54827568.0000000000,6
2400,111,0.0202307180,54827568.0000000000,4
2400,112,0.0201135480,54827568.0000000000,1
2400,113,0.0202092110,54827568.0000000000,23
2400,114,0.0201645280,54827568.0000000000,0
2400,115,0.0201197260,54827568.0000000000,5
2400,116,0.0201559880,54827568.0000000000,22
2400,117,0.0174456430,47074864.0000000000,14
2400,118,0.0174193960,47074864.0000000000,8
2400,119,0.0174347610,47074864.0000000000,13
2400,120,0.0174328850,47074864.0000000000,7
2400,121,0.0174945890,47074864.0000000000,17
2400,122,0.0174560670,47074864.0000000000,5
2400,123,0.0174658790,47074864.0000000000,6
2400,124,0.0174581410,47074864.0000000000,10
2400,125,0.0174383920,47074864.0000000000,1
2400,126,0.0174324100,47074864.0000000000,8
2400,127,0.0175009710,47074864.0000000000,16
2400,128,0.0174310200,47074864.0000000000,11
2400,129,0.0174923140,47074864.0000000000,18
2400,130,0.0174855820,47074864.0000000000,2
2400,131,0.0174137120,47074864.0000000000,15
2400,132,0.0174704950,47074864.0000000000,9
2400,133,0.0174005630,47074864.0000000000,12
2400,134,0.0174525380,47074864.0000000000,0
2400,135,0.0174300760,47074864.0000000000,2
2400,136,0.0174705760,47074864.0000000000,0
2400,137,0.0174262500,47074864.0000000000,11
2400,138,0.0174650020,47074864.0000000000,17
2400,139,0.0174361810,47074864.0000000000,7
2400,140,0.0175201590,47074864.0000000000,16
2400,141,0.0174387940,47074864.0000000000,10
2400,142,0.0174457660,47074864.0000000000,3
2400,143,0.0174944590,47074864.0000000000,4
2400,144,0.0174130730,47074864.0000000000,3
2400,145,0.0174818180,47074864.0000000000,4
2400,146,0.0173841330,47074864.0000000000,12
2400,147,0.0174729180,47074864.0000000000,1
2400,148,0.0174723490,47074864.0000000000,6
2400,149,0.0174377770,47074864.0000000000,15
2400,150,0.0174703650,47074864.0000000000,9
2400,151,0.0174888360,47074864.0000000000,13
2400,152,0.0174226480,47074864.0000000000,14
2450,0,7.0702619806,298219120.0000000000,18
2450,1,5.4683751233,250509216.0000000000,19
2450,2,4.1762136811,213390864.0000000000,21
2450,3,4.1336371364,211617632.0000000000,3
2450,4,4.0932305383,211510512.0000000000,2
2450,5,4.1718391862,212734944.0000000000,0
2450,6,5.6605589770,253653120.0000000000,4
2450,7,11.8401491945,434365840.0000000000,5
2450,8,9.4826493824,370825856.0000000000,1
2450,9,11.2073131298,460373072.0000000000,19
2450,10,12.2740964253,486175856.0000000000,0
2450,11,12.7593204257,492222160.0000000000,2
2450,12,12.1705445640,473034688.0000000000,23
2450,13,11.1433501889,449278736.0000000000,20
2450,14,12.2552796042,474959968.0000000000,22
2450,15,12.6482191826,491016768.0000000000,3
2450,16,10.0719400000,424922176.0000000000,21
2450,17,9.5339268636,410996672.0000000000,18
2450,18,10.1912222770,436351136.0000000000,14
2450,19,10.1870127061,436510272.0000000000,11
2450,20,10.1966521416,436506096.0000000000,9
2450,21,11.0522418683,463214288.0000000000,13
2450,22,11.8403084428,487111616.0000000000,6
2450,23,10.9476909849,459303248.0000000000,17
2450,24,10.1936197902,436509360.0000000000,17
2450,25,10.1889717341,436513152.0000000000,5
2450,26,10.1814963615,436348288.0000000000,12
2450,27,10.1847464502,436342864.0000000000,8
2450,28,10.2175369762,436510352.0000000000,10
2450,29,10.1976352248,436515504.0000000000,15
2450,30,10.1886675772,436509456.0000000000,13
2450,31,10.1960691729,436509008.0000000000,9
2450,32,10.1871508136,436507648.0000000000,8
2450,33,10.2012165851,436509456.0000000000,7
2450,34,10.2008022930,436509344.0000000000,7
2450,35,10.1774195014,436348032.0000000000,6
2450,36,10.2011319826,435401936.0000000000,16
2450,37,10.2198901170,436546256.0000000000,4
2450,38,10.2020558062,436498368.0000000000,14
2450,39,10.1983930782,436508416.0000000000,1
2450,40,10.1977231487,436507696.0000000000,11
2450,41,10.2076744837,436482304.0000000000,15
2450,42,10.1959636196,436538304.0000000000,12
2450,43,10.2346921564,436499056.0000000000,16
2450,44,10.1973648148,435428848.0000000000,10
2450,45,2.6270183828,131876208.0000000000,20
2450,46,2.6320153586,132124848.0000000000,2
2450,47,2.6352430483,132154384.0000000000,23
2450,48,2.6311219744,132140448.0000000000,22
2450,49,2.6307701953,132145952.0000000000,22
2450,50,2.6298932564,132151520.0000000000,20
2450,51,2.6350011380,132137184.0000000000,23
2450,52,2.6312505349,132140704.0000000000,0
2450,53,2.6269939843,131871952.0000000000,3
2450,54,0.6568889845,54827568.0000000000,20
2450,55,0.6590881795,54827568.0000000000,19
2450,56,0.6589936655,54827568.0000000000,21
2450,57,0.6577945370,54827568.0000000000,22
2450,58,0.6586372178,54827568.0000000000,0
2450,59,0.6590232964,54827568.0000000000,21
2450,60,0.6579998739,54827568.0000000000,1
2450,61,0.6596752834,54827568.0000000000,23
2450,62,0.6591229364,54827568.0000000000,18
2450,63,0.6593234511,54827568.0000000000,23
2450,64,0.6589018447,54827568.0000000000,19
2450,65,0.6587108712,54827568.0000000000,10
2450,66,0.6597080889,54827568.0000000000,17
2450,67,0.6591296800,54827568.0000000000,19
2450,68,0.6578486055,54827568.0000000000,22
2450,69,0.6608656816,54827568.0000000000,4
2450,70,0.6588457985,54827568.0000000000,5
2450,71,0.6570442372,54827568.0000000000,12
2450,72,0.6573972822,54827568.0000000000,8
2450,73,0.6577578472,54827568.0000000000,3
2450,74,0.6586869447,54827568.0000000000,5
2450,75,0.6574015544,54827568.0000000000,7
2450,76,0.6591163892,54827568.0000000000,2
2450,77,0.6584789737,54827568.0000000000,0
2450,78,0.6573917392,54827568.0000000000,22
2450,79,0.6595830059,54827568.0000000000,23
2450,80,0.6585239335,54827568.0000000000,21
2450,81,0.6577342605,54827568.0000000000,11
2450,82,0.6581545013,54827568.0000000000,1
2450,83,0.6592063283,54827568.0000000000,19
2450,84,0.6591140460,54827568.0000000000,2
2450,85,0.6592861761,54827568.0000000000,19
2450,86,0.6590198228,54827568.0000000000,9
2450,87,0.6609332907,54827568.0000000000,4
2450,88,0.6569852265,54827568.0000000000,20
2450,89,0.6594708730,54827568.0000000000,18
2450,90,0.6611847331,54827568.0000000000,4
2450,91,0.6572590508,54827568.0000000000,15
2450,92,0.6604258681,54827568.0000000000,16
2450,93,0.6595320322,54827568.0000000000,23
2450,94,0.6582950726,54827568.0000000000,14
2450,95,0.6591472357,54827568.0000000000,18
2450,96,0.6595057571,54827568.0000000000,13
2450,97,0.6575986309,54827568.0000000000,22
2450,98,0.6583975929,54827568.0000000000,21
2450,99,0.6587571135,54827568.0000000000,21
2450,100,0.6580142674,54827568.0000000000,1
2450,101,0.6571373711,54827568.0000000000,20
2450,102,0.6571579737,54827568.0000000000,20
2450,103,0.6594718007,54827568.0000000000,18
2450,104,0.6589177301,54827568.0000000000,19
2450,105,0.6578537195,54827568.0000000000,3
2450,106,0.6594009823,54827568.0000000000,18
2450,107,0.6591809774,54827568.0000000000,2
2450,108,0.6587439882,54827568.0000000000,21
2450,109,0.6570796074,54827568.0000000000,20
2450,110,0.6584956012,54827568.0000000000,6
2450,111,0.6609209023,54827568.0000000000,4
2450,112,0.6584258982,54827568.0000000000,1
2450,113,0.6597922957,54827568.0000000000,23
2450,114,0.6586871344,54827568.0000000000,0
2450,115,0.6585750898,54827568.0000000000,5
2450,116,0.6574245388,54827568.0000000000,22
2450,117,0.5701346543,47074864.0000000000,14
2450,118,0.5693525103,47074864.0000000000,8
2450,119,0.5706542601,47074864.0000000000,13
2450,120,0.5694166621,47074864.0000000000,7
2450,121,0.5708593334,47074864.0000000000,17
2450,122,0.5701522078,47074864.0000000000,5
2450,123,0.5704509814,47074864.0000000000,6
2450,124,0.5696820774,47074864.0000000000,10
2450,125,0.5698942468,47074864.0000000000,1
2450,126,0.5691377909,47074864.0000000000,8
2450,127,0.5719683578,47074864.0000000000,16
2450,128,0.5690938628,47074864.0000000000,11
2450,129,0.5708244103,47074864.0000000000,18
2450,130,0.5711200105,47074864.0000000000,2
2450,131,0.5691378454,47074864.0000000000,15
2450,132,0.5710734340,47074864.0000000000,9
2450,133,0.5689435029,47074864.0000000000,12
2450,134,0.5705563951,47074864.0000000000,0
2450,135,0.5709206271,47074864.0000000000,2
2450,136,0.5704624691,47074864.0000000000,0
2450,137,0.5692282741,47074864.0000000000,11
2450,138,0.5710870961,47074864.0000000000,17
2450,139,0.5696617330,47074864.0000000000,7
2450,140,0.5719361089,47074864.0000000000,16
2450,141,0.5695306085,47074864.0000000000,10
2450,142,0.5692981818,47074864.0000000000,3
2450,143,0.5715214058,47074864.0000000000,4
2450,144,0.5693048257,47074864.0000000000,3
2450,145,0.5715353873,47074864.0000000000,4
2450,146,0.5690872380,47074864.0000000000,12
2450,147,0.5702496003,47074864.0000000000,1
2450,148,0.5703971517,47074864.0000000000,6
2450,149,0.5690827001,47074864.0000000000,15
2450,150,0.5710087062,47074864.0000000000,9
2450,151,0.5710553551,47074864.0000000000,13
2450,152,0.5702969595,47074864.0000000000,14
2500,0,0.2158714620,294987424.0000000000,18
2500,1,0.1676716010,248874944.0000000000,19
2500,2,0.1302193320,213204288.0000000000,21
2500,3,0.1283998890,211586832.0000000000,3
2500,4,0.1268313440,211546272.0000000000,2
2500,5,0.1296985100,212974304.0000000000,0
2500,6,0.1717096270,250500832.0000000000,4
2500,7,0.3747889590,437614192.0000000000,5
2500,8,0.2984566420,372212880.0000000000,1
2500,9,0.3545335850,463921712.0000000000,19
2500,10,0.3843297170,487169184.0000000000,0
2500,11,0.3975579320,491830336.0000000000,2
2500,12,0.3677255050,465588304.0000000000,23
2500,13,0.3414186440,445626256.0000000000,20
2500,14,0.3725791090,468909296.0000000000,22
2500,15,0.3942796620,490742144.0000000000,3
2500,16,0.3133086700,424754944.0000000000,21
2500,17,0.2951257150,409810016.0000000000,18
2500,18,0.3167387140,436346368.0000000000,14
2500,19,0.3164340860,436506000.0000000000,11
2500,20,0.3173057520,436640720.0000000000,9
2500,21,0.3543625540,469580144.0000000000,13
2500,22,0.3736783250,490165744.0000000000,6
2500,23,0.3491047440,464392976.0000000000,17
2500,24,0.3168018330,436510176.0000000000,17
2500,25,0.3166359070,436511888.0000000000,5
2500,26,0.3164056960,436340432.0000000000,12
2500,27,0.3164846040,436345264.0000000000,8
2500,28,0.3174390780,436511680.0000000000,10
2500,29,0.3169455660,436511216.0000000000,15
2500,30,0.3164912150,436505424.0000000000,13
2500,31,0.3168004960,436507520.0000000000,9
2500,32,0.3166841110,436509792.0000000000,8
2500,33,0.3169264700,436511008.0000000000,7
2500,34,0.3169730800,436511888.0000000000,7
2500,35,0.3163124050,436346464.0000000000,6
2500,36,0.3168829120,435376592.0000000000,16
2500,37,0.3169768770,436544544.0000000000,4
2500,38,0.3171303140,436499840.0000000000,14
2500,39,0.3169501980,436505872.0000000000,1
2500,40,0.3168050030,436508928.0000000000,11
2500,41,0.3173145230,436483968.0000000000,15
2500,42,0.3169574200,436539504.0000000000,12
2500,43,0.3180600490,436499008.0000000000,16
2500,44,0.3169489020,435403216.0000000000,10
2500,45,0.0814296780,131870528.0000000000,20
2500,46,0.0815630660,132125760.0000000000,2
2500,47,0.0817017430,132155216.0000000000,23
2500,48,0.0814812780,132138976.0000000000,22
2500,49,0.0814929000,132146512.0000000000,22
2500,50,0.0814206310,132147776.0000000000,20
2500,51,0.0816561150,132135984.0000000000,23
2500,52,0.0815830960,132142720.0000000000,0
2500,53,0.0813435440,131868064.0000000000,3
2500,54,0.0200889290,54827568.0000000000,20
2500,55,0.0201329400,54827568.0000000000,19
2500,56,0.0200861430,54827568.0000000000,21
2500,57,0.0201684530,54827568.0000000000,22
2500,58,0.0201649970,54827568.0000000000,0
2500,59,0.0201401400,54827568.0000000000,21
2500,60,0.0200811590,54827568.0000000000,1
2500,61,0.0202091220,54827568.0000000000,23
2500,62,0.0201713260,54827568.0000000000,18
2500,63,0.0201307090,54827568.0000000000,23
2500,64,0.0201754030,54827568.0000000000,19
2500,65,0.0201485560,54827568.0000000000,10
2500,66,0.0202312810,54827568.0000000000,17
2500,67,0.0201723690,54827568.0000000000,19
2500,68,0.0201212710,54827568.0000000000,22
2500,69,0.0202835980,54827568.0000000000,4
2500,70,0.0201991490,54827568.0000000000,5
2500,71,0.0201423680,54827568.0000000000,12
2500,72,0.0200815080,54827568.0000000000,8
2500,73,0.0201347800,54827568.0000000000,3
2500,74,0.0202131130,54827568.0000000000,5
2500,75,0.0201089960,54827568.0000000000,7
2500,76,0.0202170690,54827568.0000000000,2
2500,77,0.0201237800,54827568.0000000000,0
2500,78,0.0201413500,54827568.0000000000,22
2500,79,0.0201849230,54827568.0000000000,23
2500,80,0.0201366900,54827568.0000000000,21
2500,81,0.0201595070,54827568.0000000000,11
2500,82,0.0201608300,54827568.0000000000,1
2500,83,0.0201601960,54827568.0000000000,19
2500,84,0.0201653380,54827568.0000000000,2
2500,85,0.0201717250,54827568.0000000000,19
2500,86,0.0201730340,54827568.0000000000,9
2500,87,0.0202176220,54827568.0000000000,4
2500,88,0.0201379240,54827568.0000000000,20
2500,89,0.0201207980,54827568.0000000000,18
2500,90,0.0201798780,54827568.0000000000,4
2500,91,0.0200820930,54827568.0000000000,15
2500,92,0.0202061140,54827568.0000000000,16
2500,93,0.0201974450,54827568.0000000000,23
2500,94,0.0201683390,54827568.0000000000,14
2500,95,0.0202158310,54827568.0000000000,18
2500,96,0.0201683890,54827568.0000000000,13
2500,97,0.0201143480,54827568.0000000000,22
2500,98,0.0201577720,54827568.0000000000,21
2500,99,0.0201048100,54827568.0000000000,21
2500,100,0.0201055130,54827568.0000000000,1
2500,101,0.0200826070,54827568.0000000000,20
2500,102,0.0200891780,54827568.0000000000,20
2500,103,0.0201549730,54827568.0000000000,18
2500,104,0.0201674790,54827568.0000000000,19
2500,105,0.0200990400,54827568.0000000000,3
2500,106,0.0201637810,54827568.0000000000,18
2500,107,0.0202018500,54827568.0000000000,2
2500,108,0.0201358480,54827568.0000000000,21
2500,109,0.0201693330,54827568.0000000000,20
2500,110,0.0201974060,54827568.0000000000,6
2500,111,0.0201893280,54827568.0000000000,4
2500,112,0.0201406710,54827568.0000000000,1
2500,113,0.0201941000,54827568.0000000000,23
2500,114,0.0201761510,54827568.0000000000,0
2500,115,0.0201889360,54827568.0000000000,5
2500,116,0.0201012420,54827568.0000000000,22
2500,117,0.0174885250,47074864.0000000000,14
2500,118,0.0174109080,47074864.0000000000,8
2500,119,0.0174381890,47074864.0000000000,13
2500,120,0.0174466900,47074864.0000000000,7
2500,121,0.0175010010,47074864.0000000000,17
2500,122,0.0174659540,47074864.0000000000,5
2500,123,0.0174687440,47074864.0000000000,6
2500,124,0.0174401030,47074864.0000000000,10
2500,125,0.0174193950,47074864.0000000000,1
2500,126,0.0173595310,47074864.0000000000,8
2500,127,0.0174932250,47074864.0000000000,16
2500,128,0.0174174810,47074864.0000000000,11
2500,129,0.0174840000,47074864.0000000000,18
2500,130,0.0175053800,47074864.0000000000,2
2500,131,0.0174297210,47074864.0000000000,15
2500,132,0.0174815440,47074864.0000000000,9
2500,133,0.0174029910,47074864.0000000000,12
2500,134,0.0174703720,47074864.0000000000,0
2500,135,0.0174448040,47074864.0000000000,2
2500,136,0.0174723560,47074864.0000000000,0
2500,137,0.0174215190,47074864.0000000000,11
2500,138,0.0174866230,47074864.0000000000,17
2500,139,0.0174532320,47074864.0000000000,7
2500,140,0.0175203280,47074864.0000000000,16
2500,141,0.0174522260,47074864.0000000000,10
2500,142,0.0174094880,47074864.0000000000,3
2500,143,0.0175021290,47074864.0000000000,4
2500,144,0.0173973820,47074864.0000000000,3
2500,145,0.0174793420,47074864.0000000000,4
2500,146,0.0173902350,47074864.0000000000,12
2500,147,0.0174457760,47074864.0000000000,1
2500,148,0.0174439950,47074864.0000000000,6
2500,149,0.0174154330,47074864.0000000000,15
2500,150,0.0175021220,47074864.0000000000,9
2500,151,0.0174651900,47074864.0000000000,13
2500,152,0.0174692280,47074864.0000000000,14
2550,0,6.8647757683,291348464.0000000000,18
2550,1,5.3733464811,247537312.0000000000,19
2550,2,4.1991331101,213004256.0000000000,21
2550,3,4.1387951262,211577552.0000000000,3
2550,4,4.0877189485,211597488.0000000000,2
2550,5,4.1797943236,213158064.0000000000,0
2550,6,5.4711261402,247703216.0000000000,4
2550,7,12.0909432984,439234896.0000000000,5
2550,8,9.6405747417,373996848.0000000000,1
2550,9,11.4868194733,468189456.0000000000,19
2550,10,12.3744983581,488039872.0000000000,0
2550,11,12.7447631534,490412736.0000000000,2
2550,12,11.7187827942,460661568.0000000000,23
2550,13,10.8858373832,441632512.0000000000,20
2550,14,11.8721205939,464150064.0000000000,22
2550,15,12.6836175514,490603456.0000000000,3
2550,16,10.0928232469,425250992.0000000000,21
2550,17,9.4717505590,408891696.0000000000,18
2550,18,10.1909096487,436344528.0000000000,14
2550,19,10.1853703019,436508992.0000000000,11
2550,20,10.2466552830,437929392.0000000000,9
2550,21,11.5069309755,473933024.0000000000,13
2550,22,12.1024594309,493644128.0000000000,6
2550,23,11.3267228257,468868944.0000000000,17
2550,24,10.1931200900,436507408.0000000000,17
2550,25,10.1883877625,436508464.0000000000,5
2550,26,10.1812571710,436338848.0000000000,12
2550,27,10.1866882304,436339536.0000000000,8
2550,28,10.2172696779,436516624.0000000000,10
2550,29,10.1997973510,436508560.0000000000,15
2550,30,10.1896265797,436507888.0000000000,13
2550,31,10.1969130705,436512960.0000000000,9
2550,32,10.1872722417,436509456.0000000000,8
2550,33,10.2008146535,436512464.0000000000,7
2550,34,10.2006602884,436514480.0000000000,7
2550,35,10.1795843515,436345808.0000000000,6
2550,36,10.1991378561,435349952.0000000000,16
2550,37,10.2143451250,436542864.0000000000,4
2550,38,10.2005164972,436503184.0000000000,14
2550,39,10.1984139401,436504208.0000000000,1
2550,40,10.1964658669,436511632.0000000000,11
2550,41,10.2096429757,436484448.0000000000,15
2550,42,10.1959040806,436537296.0000000000,12
2550,43,10.2343409899,436499184.0000000000,16
2550,44,10.1954444031,435381104.0000000000,10
2550,45,2.6270346653,131867344.0000000000,20
2550,46,2.6329369876,132126752.0000000000,2
2550,47,2.6350050386,132155552.0000000000,23
2550,48,2.6311003975,132138960.0000000000,22
2550,49,2.6307499939,132143776.0000000000,22
2550,50,2.6295022570,132148944.0000000000,20
2550,51,2.6346209720,132138064.0000000000,23
2550,52,2.6307653299,132141312.0000000000,0
2550,53,2.6267206690,131863040.0000000000,3
2550,54,0.6570094950,54827568.0000000000,20
2550,55,0.6588866167,54827568.0000000000,19
2550,56,0.6585838325,54827568.0000000000,21
2550,57,0.6576358000,54827568.0000000000,22
2550,58,0.6586573967,54827568.0000000000,0
2550,59,0.6588884206,54827568.0000000000,21
2550,60,0.6581909013,54827568.0000000000,1
2550,61,0.6596906799,54827568.0000000000,23
2550,62,0.6593673171,54827568.0000000000,18
2550,63,0.6595755444,54827568.0000000000,23
2550,64,0.6588377175,54827568.0000000000,19
2550,65,0.6585807991,54827568.0000000000,10
2550,66,0.6598304542,54827568.0000000000,17
2550,67,0.6591332693,54827568.0000000000,19
2550,68,0.6576842861,54827568.0000000000,22
2550,69,0.6607199281,54827568.0000000000,4
2550,70,0.6587131017,54827568.0000000000,5
2550,71,0.6567905023,54827568.0000000000,12
2550,72,0.6573393890,54827568.0000000000,8
2550,73,0.6580058987,54827568.0000000000,3
2550,74,0.6589825985,54827568.0000000000,5
2550,75,0.6573790348,54827568.0000000000,7
2550,76,0.6594753421,54827568.0000000000,2
2550,77,0.6583898508,54827568.0000000000,0
2550,78,0.6575563247,54827568.0000000000,22
2550,79,0.6602149806,54827568.0000000000,23
2550,80,0.6584701081,54827568.0000000000,21
2550,81,0.6578175326,54827568.0000000000,11
2550,82,0.6580466096,54827568.0000000000,1
2550,83,0.6590627502,54827568.0000000000,19
2550,84,0.6592550906,54827568.0000000000,2
2550,85,0.6591033761,54827568.0000000000,19
2550,86,0.6591231678,54827568.0000000000,9
2550,87,0.6607879866,54827568.0000000000,4
2550,88,0.6572402353,54827568.0000000000,20
2550,89,0.6593840236,54827568.0000000000,18
2550,90,0.6611734112,54827568.0000000000,4
2550,91,0.6574448885,54827568.0000000000,15
2550,92,0.6606941031,54827568.0000000000,16
2550,93,0.6595425474,54827568.0000000000,23
2550,94,0.6582728578,54827568.0000000000,14
2550,95,0.6588629353,54827568.0000000000,18
2550,96,0.6593997478,54827568.0000000000,13
2550,97,0.6576887130,54827568.0000000000,22
2550,98,0.6589723173,54827568.0000000000,21
2550,99,0.6590340774,54827568.0000000000,21
2550,100,0.6579739133,54827568.0000000000,1
2550,101,0.6570281709,54827568.0000000000,20
2550,102,0.6575528280,54827568.0000000000,20
2550,103,0.6592601394,54827568.0000000000,18
2550,104,0.6593254998,54827568.0000000000,19
2550,105,0.6574645189,54827568.0000000000,3
2550,106,0.6590673303,54827568.0000000000,18
2550,107,0.6593394431,54827568.0000000000,2
2550,108,0.6586462171,54827568.0000000000,21
2550,109,0.6573169181,54827568.0000000000,20
2550,110,0.6587938201,54827568.0000000000,6
2550,111,0.6610153209,54827568.0000000000,4
2550,112,0.6583395866,54827568.0000000000,1
2550,113,0.6595652336,54827568.0000000000,23
2550,114,0.6589496047,54827568.0000000000,0
2550,115,0.6586556535,54827568.0000000000,5
2550,116,0.6578809626,54827568.0000000000,22
2550,117,0.5701377734,47074864.0000000000,14
2550,118,0.5692885790,47074864.0000000000,8
2550,119,0.5708345329,47074864.0000000000,13
2550,120,0.5693272540,47074864.0000000000,7
2550,121,0.5710861957,47074864.0000000000,17
2550,122,0.5701560881,47074864.0000000000,5
2550,123,0.5704542910,47074864.0000000000,6
2550,124,0.5694617440,47074864.0000000000,10
2550,125,0.5699650334,47074864.0000000000,1
2550,126,0.5692812681,47074864.0000000000,8
2550,127,0.5719479827,47074864.0000000000,16
2550,128,0.5689817068,47074864.0000000000,11
2550,129,0.5710723243,47074864.0000000000,18
2550,130,0.5710216723,47074864.0000000000,2
2550,131,0.5694296143,47074864.0000000000,15
2550,132,0.5710369564,47074864.0000000000,9
2550,133,0.5688190728,47074864.0000000000,12
2550,134,0.5705551408,47074864.0000000000,0
2550,135,0.5709095412,47074864.0000000000,2
2550,136,0.5704984813,47074864.0000000000,0
2550,137,0.5692637766,47074864.0000000000,11
2550,138,0.5708432818,47074864.0000000000,17
2550,139,0.5695824467,47074864.0000000000,7
2550,140,0.5718800850,47074864.0000000000,16
2550,141,0.5696240358,47074864.0000000000,10
2550,142,0.5694047963,47074864.0000000000,3
2550,143,0.5713785203,47074864.0000000000,4
2550,144,0.5692987738,47074864.0000000000,3
2550,145,0.5714070913,47074864.0000000000,4
2550,146,0.5688668306,47074864.0000000000,12
2550,147,0.5699883958,47074864.0000000000,1
2550,148,0.5704244405,47074864.0000000000,6
2550,149,0.5691983955,47074864.0000000000,15
2550,150,0.5711248380,47074864.0000000000,9
2550,151,0.5710749351,47074864.0000000000,13
2550,152,0.5701506754,47074864.0000000000,14
2600,0,0.2060986850,287099296.0000000000,18
2600,1,0.1648091510,245646064.0000000000,19
2600,2,0.1295119940,212811264.0000000000,21
2600,3,0.1286766740,211575968.0000000000,3
2600,4,0.1267139890,211628960.0000000000,2
2600,5,0.1299713600,213225040.0000000000,0
2600,6,0.1657151670,245212256.0000000000,4
2600,7,0.3771904330,439532768.0000000000,5
2600,8,0.3004683390,375901712.0000000000,1
2600,9,0.3619787140,472657264.0000000000,19
2600,10,0.3859090460,488665056.0000000000,0
2600,11,0.3943911680,488528944.0000000000,2
2600,12,0.3594795950,457152064.0000000000,23
2600,13,0.3344016340,438906112.0000000000,20
2600,14,0.3622135680,459351344.0000000000,22
2600,15,0.3954399620,490666048.0000000000,3
2600,16,0.3141768800,425946736.0000000000,21
2600,17,0.2929447390,408088000.0000000000,18
2600,18,0.3165622940,436337728.0000000000,14
2600,19,0.3165348400,436515008.0000000000,11
2600,20,0.3212101120,439619360.0000000000,9
2600,21,0.3632699730,476666160.0000000000,13
2600,22,0.3805156770,496011920.0000000000,6
2600,23,0.3594860210,473178704.0000000000,17
2600,24,0.3167571880,436506320.0000000000,17
2600,25,0.3166159370,436512224.0000000000,5
2600,26,0.3163378810,436332176.0000000000,12
2600,27,0.3165945940,436338832.0000000000,8
2600,28,0.3174672600,436508640.0000000000,10
2600,29,0.3168927190,436508368.0000000000,15
2600,30,0.3166492450,436511264.0000000000,13
2600,31,0.3168500870,436513056.0000000000,9
2600,32,0.3166039420,436506064.0000000000,8
2600,33,0.3168557010,436514912.0000000000,7
2600,34,0.3170938800,436510752.0000000000,7
2600,35,0.3162762420,436346960.0000000000,6
2600,36,0.3165692040,435325824.0000000000,16
2600,37,0.3174253300,436545232.0000000000,4
2600,38,0.3169046100,436501440.0000000000,14
2600,39,0.3169716270,436505280.0000000000,1
2600,40,0.3169036980,436510576.0000000000,11
2600,41,0.3172781760,436483744.0000000000,15
2600,42,0.3167732570,436536944.0000000000,12
2600,43,0.3176457250,436499984.0000000000,16
2600,44,0.3166852390,435358128.0000000000,10
2600,45,0.0813771690,131863232.0000000000,20
2600,46,0.0815481320,132124592.0000000000,2
2600,47,0.0817251930,132154464.0000000000,23
2600,48,0.0815214490,132140384.0000000000,22
2600,49,0.0814787870,132143600.0000000000,22
2600,50,0.0814259560,132154192.0000000000,20
2600,51,0.0817016490,132135728.0000000000,23
2600,52,0.0815678000,132138480.0000000000,0
2600,53,0.0815983180,131856752.0000000000,3
2600,54,0.0200865900,54827568.0000000000,20
2600,55,0.0201349640,54827568.0000000000,19
2600,56,0.0201376670,54827568.0000000000,21
2600,57,0.0201351650,54827568.0000000000,22
2600,58,0.0201369750,54827568.0000000000,0
2600,59,0.0201326390,54827568.0000000000,21
2600,60,0.0201630550,54827568.0000000000,1
2600,61,0.0201805010,54827568.0000000000,23
2600,62,0.0201876260,54827568.0000000000,18
2600,63,0.0201995990,54827568.0000000000,23
2600,64,0.0201282430,54827568.0000000000,19
2600,65,0.0201367940,54827568.0000000000,10
2600,66,0.0202243570,54827568.0000000000,17
2600,67,0.0201789600,54827568.0000000000,19
2600,68,0.0201619760,54827568.0000000000,22
2600,69,0.0202690910,54827568.0000000000,4
2600,70,0.0202302160,54827568.0000000000,5
2600,71,0.0200764590,54827568.0000000000,12
2600,72,0.0201164950,54827568.0000000000,8
2600,73,0.0201113930,54827568.0000000000,3
2600,74,0.0201591800,54827568.0000000000,5
2600,75,0.0201875240,54827568.0000000000,7
2600,76,0.0202165280,54827568.0000000000,2
2600,77,0.0201070960,54827568.0000000000,0
2600,78,0.0200991640,54827568.0000000000,22
2600,79,0.0202155280,54827568.0000000000,23
2600,80,0.0201494510,54827568.0000000000,21
2600,81,0.0201526740,54827568.0000000000,11
2600,82,0.0201093800,54827568.0000000000,1
2600,83,0.0201959720,54827568.0000000000,19
2600,84,0.0202308720,54827568.0000000000,2
2600,85,0.0201830570,54827568.0000000000,19
2600,86,0.0201953060,54827568.0000000000,9
2600,87,0.0202485810,54827568.0000000000,4
2600,88,0.0200634550,54827568.0000000000,20
2600,89,0.0202016840,54827568.0000000000,18
2600,90,0.0202751140,54827568.0000000000,4
2600,91,0.0201758630,54827568.0000000000,15
2600,92,0.0202021650,54827568.0000000000,16
2600,93,0.0201789480,54827568.0000000000,23
2600,94,0.0201404420,54827568.0000000000,14
2600,95,0.0201905820,54827568.0000000000,18
2600,96,0.0201507130,54827568.0000000000,13
2600,97,0.0201299130,54827568.0000000000,22
2600,98,0.0201744390,54827568.0000000000,21
2600,99,0.0201890080,54827568.0000000000,21
2600,100,0.0201152610,54827568.0000000000,1
2600,101,0.0201313580,54827568.0000000000,20
2600,102,0.0201084520,54827568.0000000000,20
2600,103,0.0201872840,54827568.0000000000,18
2600,104,0.0201889280,54827568.0000000000,19
2600,105,0.0201664310,54827568.0000000000,3
2600,106,0.0201680480,54827568.0000000000,18
2600,107,0.0201943120,54827568.0000000000,2
2600,108,0.0201375670,54827568.0000000000,21
2600,109,0.0201114670,54827568.0000000000,20
2600,110,0.0202032760,54827568.0000000000,6
2600,111,0.0202487620,54827568.0000000000,4
2600,112,0.0201530920,54827568.0000000000,1
2600,113,0.0201793380,54827568.0000000000,23
2600,114,0.0201482350,54827568.0000000000,0
2600,115,0.0201380790,54827568.0000000000,5
2600,116,0.0201443100,54827568.0000000000,22
2600,117,0.0174341890,47074864.0000000000,14
2600,118,0.0174498110,47074864.0000000000,8
2600,119,0.0174603400,47074864.0000000000,13
2600,120,0.0174056420,47074864.0000000000,7
2600,121,0.0174439000,47074864.0000000000,17
2600,122,0.0174288860,47074864.0000000000,5
2600,123,0.0174303210,47074864.0000000000,6
2600,124,0.0174427280,47074864.0000000000,10
2600,125,0.0174640200,47074864.0000000000,1
2600,126,0.0174439820,47074864.0000000000,8
2600,127,0.0174821640,47074864.0000000000,16
2600,128,0.0174215780,47074864.0000000000,11
2600,129,0.0174656320,47074864.0000000000,18
2600,130,0.0174867230,47074864.0000000000,2
2600,131,0.0174322150,47074864.0000000000,15
2600,132,0.0174696600,47074864.0000000000,9
2600,133,0.0174031200,47074864.0000000000,12
2600,134,0.0174548740,47074864.0000000000,0
2600,135,0.0174991610,47074864.0000000000,2
2600,136,0.0174588290,47074864.0000000000,0
2600,137,0.0174244230,47074864.0000000000,11
2600,138,0.0174623940,47074864.0000000000,17
2600,139,0.0174199090,47074864.0000000000,7
2600,140,0.0174748990,47074864.0000000000,16
2600,141,0.0174230400,47074864.0000000000,10
2600,142,0.0174005780,47074864.0000000000,3
2600,143,0.0175106120,47074864.0000000000,4
2600,144,0.0174458940,47074864.0000000000,3
2600,145,0.0174624430,47074864.0000000000,4
2600,146,0.0174363040,47074864.0000000000,12
2600,147,0.0174458960,47074864.0000000000,1
2600,148,0.0174742740,47074864.0000000000,6
2600,149,0.0174007460,47074864.0000000000,15
2600,150,0.0174797720,47074864.0000000000,9
2600,151,0.0174561130,47074864.0000000000,13
2600,152,0.0174313440,47074864.0000000000,14
2650,0,6.5830447055,283450448.0000000000,18
2650,1,5.2560371238,243349472.0000000000,19
2650,2,4.1675942316,212668864.0000000000,21
2650,3,4.1383321313,211596832.0000000000,3
2650,4,4.0841539143,211643520.0000000000,2
2650,5,4.1777166920,213261712.0000000000,0
2650,6,5.2692562167,243333696.0000000000,4
2650,7,12.1167014019,439378368.0000000000,5
2650,8,9.6168827400,377549744.0000000000,1
2650,9,11.6482214163,476752784.0000000000,19
2650,10,12.4015302169,489050960.0000000000,0
2650,11,12.6424861087,487191328.0000000000,2
2650,12,11.4924835529,454528800.0000000000,23
2650,13,10.7222782717,437047376.0000000000,20
2650,14,11.5494287776,455159424.0000000000,22
2650,15,12.7271469488,490657792.0000000000,3
2650,16,10.0947719642,426648000.0000000000,21
2650,17,9.3889170672,407477280.0000000000,18
2650,18,10.1950833154,436334432.0000000000,14
2650,19,10.1852571725,436511200.0000000000,11
2650,20,10.3762748341,441209536.0000000000,9
2650,21,11.7325080711,478930240.0000000000,13
2650,22,12.2693431728,497081968.0000000000,6
2650,23,11.6483425864,477015040.0000000000,17
2650,24,10.1969332919,436597376.0000000000,17
2650,25,10.1882088964,436511600.0000000000,5
2650,26,10.1813414974,436333088.0000000000,12
2650,27,10.1894629030,436336544.0000000000,8
2650,28,10.2158428445,436507888.0000000000,10
2650,29,10.1981385831,436510464.0000000000,15
2650,30,10.1897110985,436512256.0000000000,13
2650,31,10.1972433661,436511200.0000000000,9
2650,32,10.1888469742,436512256.0000000000,8
2650,33,10.2017338567,436513984.0000000000,7
2650,34,10.2000583204,436509184.0000000000,7
2650,35,10.1790867024,436342496.0000000000,6
2650,36,10.1903069439,435304464.0000000000,16
2650,37,10.2134955590,436549696.0000000000,4
2650,38,10.2038399448,436502224.0000000000,14
2650,39,10.1995449845,436506208.0000000000,1
2650,40,10.1968227741,436514720.0000000000,11
2650,41,10.2081603862,436473712.0000000000,15
2650,42,10.1964586234,436538944.0000000000,12
2650,43,10.2239383059,436497552.0000000000,16
2650,44,10.1943043137,435337136.0000000000,10
2650,45,2.6263872994,131858208.0000000000,20
2650,46,2.6328203498,132123248.0000000000,2
2650,47,2.6355685570,132153632.0000000000,23
2650,48,2.6309298828,132138080.0000000000,22
2650,49,2.6305764205,132142656.0000000000,22
2650,50,2.6301560245,132155168.0000000000,20
2650,51,2.6348754294,132136080.0000000000,23
2650,52,2.6307797943,132140304.0000000000,0
2650,53,2.6272713665,131853136.0000000000,3
2650,54,0.6569869902,54827568.0000000000,20
2650,55,0.6589910039,54827568.0000000000,19
2650,56,0.6587104842,54827568.0000000000,21
2650,57,0.6578540463,54827568.0000000000,22
2650,58,0.6586465704,54827568.0000000000,0
2650,59,0.6588415247,54827568.0000000000,21
2650,60,0.6582950482,54827568.0000000000,1
2650,61,0.6597951502,54827568.0000000000,23
2650,62,0.6592744354,54827568.0000000000,18
2650,63,0.6596555233,54827568.0000000000,23
2650,64,0.6587670208,54827568.0000000000,19
2650,65,0.6582739636,54827568.0000000000,10
2650,66,0.6595598560,54827568.0000000000,17
2650,67,0.6591727462,54827568.0000000000,19
2650,68,0.6578523775,54827568.0000000000,22
2650,69,0.6607785659,54827568.0000000000,4
2650,70,0.6589040747,54827568.0000000000,5
2650,71,0.6569863161,54827568.0000000000,12
2650,72,0.6575228637,54827568.0000000000,8
2650,73,0.6581261280,54827568.0000000000,3
2650,74,0.6589152414,54827568.0000000000,5
2650,75,0.6575164033,54827568.0000000000,7
2650,76,0.6596521282,54827568.0000000000,2
2650,77,0.6581999878,54827568.0000000000,0
2650,78,0.6577768795,54827568.0000000000,22
2650,79,0.6595661710,54827568.0000000000,23
2650,80,0.6586840493,54827568.0000000000,21
2650,81,0.6572594018,54827568.0000000000,11
2650,82,0.6580787205,54827568.0000000000,1
2650,83,0.6590033693,54827568.0000000000,19
2650,84,0.6593624498,54827568.0000000000,2
2650,85,0.6591909766,54827568.0000000000,19
2650,86,0.6591173165,54827568.0000000000,9
2650,87,0.6609064517,54827568.0000000000,4
2650,88,0.6565779958,54827568.0000000000,20
2650,89,0.6594803505,54827568.0000000000,18
2650,90,0.6608966233,54827568.0000000000,4
2650,91,0.6571499398,54827568.0000000000,15
2650,92,0.6598718474,54827568.0000000000,16
2650,93,0.6595228823,54827568.0000000000,23
2650,94,0.6585591145,54827568.0000000000,14
2650,95,0.6590976095,54827568.0000000000,18
2650,96,0.6592306510,54827568.0000000000,13
2650,97,0.6579702227,54827568.0000000000,22
2650,98,0.6588367090,54827568.0000000000,21
2650,99,0.6589923394,54827568.0000000000,21
2650,100,0.6579694751,54827568.0000000000,1
2650,101,0.6572364125,54827568.0000000000,20
2650,102,0.6571811703,54827568.0000000000,20
2650,103,0.6591706210,54827568.0000000000,18
2650,104,0.6592021062,54827568.0000000000,19
2650,105,0.6574278546,54827568.0000000000,3
2650,106,0.6592059655,54827568.0000000000,18
2650,107,0.6596606823,54827568.0000000000,2
2650,108,0.6586405425,54827568.0000000000,21
2650,109,0.6568746183,54827568.0000000000,20
2650,110,0.6587374980,54827568.0000000000,6
2650,111,0.6609220412,54827568.0000000000,4
2650,112,0.6584599918,54827568.0000000000,1
2650,113,0.6594395409,54827568.0000000000,23
2650,114,0.6584777107,54827568.0000000000,0
2650,115,0.6583298025,54827568.0000000000,5
2650,116,0.6575647737,54827568.0000000000,22
2650,117,0.5703621076,47074864.0000000000,14
2650,118,0.5692571225,47074864.0000000000,8
2650,119,0.5707191731,47074864.0000000000,13
2650,120,0.5693041930,47074864.0000000000,7
2650,121,0.5708581205,47074864.0000000000,17
2650,122,0.5700248195,47074864.0000000000,5
2650,123,0.5702956806,47074864.0000000000,6
2650,124,0.5695158228,47074864.0000000000,10
2650,125,0.5699276854,47074864.0000000000,1
2650,126,0.5692141410,47074864.0000000000,8
2650,127,0.5717068187,47074864.0000000000,16
2650,128,0.5688817426,47074864.0000000000,11
2650,129,0.5709839643,47074864.0000000000,18
2650,130,0.5714785875,47074864.0000000000,2
2650,131,0.5691912265,47074864.0000000000,15
2650,132,0.5709849870,47074864.0000000000,9
2650,133,0.5687271489,47074864.0000000000,12
2650,134,0.5705554818,47074864.0000000000,0
2650,135,0.5713767846,47074864.0000000000,2
2650,136,0.5705863091,47074864.0000000000,0
2650,137,0.5690651602,47074864.0000000000,11
2650,138,0.5709788757,47074864.0000000000,17
2650,139,0.5695367633,47074864.0000000000,7
2650,140,0.5713924156,47074864.0000000000,16
2650,141,0.5696279650,47074864.0000000000,10
2650,142,0.5693446595,47074864.0000000000,3
2650,143,0.5713847189,47074864.0000000000,4
2650,144,0.5694701429,47074864.0000000000,3
2650,145,0.5713550910,47074864.0000000000,4
2650,146,0.5689131907,47074864.0000000000,12
2650,147,0.5699407510,47074864.0000000000,1
2650,148,0.5704274449,47074864.0000000000,6
2650,149,0.5690591966,47074864.0000000000,15
2650,150,0.5708604019,47074864.0000000000,9
2650,151,0.5711310353,47074864.0000000000,13
2650,152,0.5703655408,47074864.0000000000,14
2700,0,0.1998204950,279901792.0000000000,18
2700,1,0.1592713650,240535760.0000000000,19
2700,2,0.1291167380,212578208.0000000000,21
2700,3,0.1281744760,211718336.0000000000,3
2700,4,0.1265899910,211764336.0000000000,2
2700,5,0.1295660500,213270912.0000000000,0
2700,6,0.1603999550,240570272.0000000000,4
2700,7,0.3784280550,440242960.0000000000,5
2700,8,0.3043134280,378403200.0000000000,1
2700,9,0.3717500870,480345104.0000000000,19
2700,10,0.3872495050,489384736.0000000000,0
2700,11,0.3915501060,486042720.0000000000,2
2700,12,0.3538346550,452271920.0000000000,23
2700,13,0.3319470860,435811216.0000000000,20
2700,14,0.3529860460,451063536.0000000000,22
2700,15,0.3964682500,490407312.0000000000,3
2700,16,0.3161325600,427287840.0000000000,21
2700,17,0.2920922090,406944960.0000000000,18
2700,18,0.3167017280,436334128.0000000000,14
2700,19,0.3165626830,436506576.0000000000,11
2700,20,0.3251672480,442681216.0000000000,9
2700,21,0.3679601410,480537552.0000000000,13
2700,22,0.3828863150,497862384.0000000000,6
2700,23,0.3677972200,479970944.0000000000,17
2700,24,0.3180436540,437051648.0000000000,17
2700,25,0.3166555450,436507536.0000000000,5
2700,26,0.3166529830,436328128.0000000000,12
2700,27,0.3167919460,436326672.0000000000,8
2700,28,0.3176201460,436511216.0000000000,10
2700,29,0.3168970360,436512000.0000000000,15
2700,30,0.3166642660,436508864.0000000000,13
2700,31,0.3168984810,436512672.0000000000,9
2700,32,0.3164673360,436511584.0000000000,8
2700,33,0.3169520370,436511024.0000000000,7
2700,34,0.3168815640,436508912.0000000000,7
2700,35,0.3163262590,436332368.0000000000,6
2700,36,0.3164841060,435279584.0000000000,16
2700,37,0.3178361470,436543936.0000000000,4
2700,38,0.3169797290,436506208.0000000000,14
2700,39,0.3169262440,436513264.0000000000,1
2700,40,0.3168304280,436511968.0000000000,11
2700,41,0.3171915700,436477664.0000000000,15
2700,42,0.3170936200,436538784.0000000000,12
2700,43,0.3176404650,436496352.0000000000,16
2700,44,0.3167904020,435312240.0000000000,10
2700,45,0.0814283530,131852144.0000000000,20
2700,46,0.0816247300,132124960.0000000000,2
2700,47,0.0816878130,132150288.0000000000,23
2700,48,0.0815729030,132135376.0000000000,22
2700,49,0.0815214860,132142736.0000000000,22
2700,50,0.0814372660,132153456.0000000000,20
2700,51,0.0816728480,132137472.0000000000,23
2700,52,0.0815232660,132142256.0000000000,0
2700,53,0.0813036200,131850112.0000000000,3
2700,54,0.0201210940,54827568.0000000000,20
2700,55,0.0202011640,54827568.0000000000,19
2700,56,0.0201669030,54827568.0000000000,21
2700,57,0.0200961940,54827568.0000000000,22
2700,58,0.0201696050,54827568.0000000000,0
2700,59,0.0201143890,54827568.0000000000,21
2700,60,0.0201453690,54827568.0000000000,1
2700,61,0.0201822530,54827568.0000000000,23
2700,62,0.0202203890,54827568.0000000000,18
2700,63,0.0201166650,54827568.0000000000,23
2700,64,0.0201971860,54827568.0000000000,19
2700,65,0.0201499180,54827568.0000000000,10
2700,66,0.0202300890,54827568.0000000000,17
2700,67,0.0201671190,54827568.0000000000,19
2700,68,0.0201410800,54827568.0000000000,22
2700,69,0.0202420780,54827568.0000000000,4
2700,70,0.0201509340,54827568.0000000000,5
2700,71,0.0201389600,54827568.0000000000,12
2700,72,0.0201940650,54827568.0000000000,8
2700,73,0.0201294490,54827568.0000000000,3
2700,74,0.0201355840,54827568.0000000000,5
2700,75,0.0201260360,54827568.0000000000,7
2700,76,0.0202102760,54827568.0000000000,2
2700,77,0.0201466220,54827568.0000000000,0
2700,78,0.0200890710,54827568.0000000000,22
2700,79,0.0202140010,54827568.0000000000,23
2700,80,0.0201903170,54827568.0000000000,21
2700,81,0.0201288700,54827568.0000000000,11
2700,82,0.0201144870,54827568.0000000000,1
2700,83,0.0201430210,54827568.0000000000,19
2700,84,0.0201572630,54827568.0000000000,2
2700,85,0.0201665370,54827568.0000000000,19
2700,86,0.0201561800,54827568.0000000000,9
2700,87,0.0202172080,54827568.0000000000,4
2700,88,0.0200911240,54827568.0000000000,20
2700,89,0.0202106000,54827568.0000000000,18
2700,90,0.0202149250,54827568.0000000000,4
2700,91,0.0201309640,54827568.0000000000,15
2700,92,0.0203055550,54827568.0000000000,16
2700,93,0.0202294510,54827568.0000000000,23
2700,94,0.0201527400,54827568.0000000000,14
2700,95,0.0201438920,54827568.0000000000,18
2700,96,0.0202106700,54827568.0000000000,13
2700,97,0.0201509600,54827568.0000000000,22
2700,98,0.0201655790,54827568.0000000000,21
2700,99,0.0200873790,54827568.0000000000,21
2700,100,0.0201044810,54827568.0000000000,1
2700,101,0.0201124750,54827568.0000000000,20
2700,102,0.0201005040,54827568.0000000000,20
2700,103,0.0201483910,54827568.0000000000,18
2700,104,0.0202070520,54827568.0000000000,19
2700,105,0.0201348380,54827568.0000000000,3
2700,106,0.0201151380,54827568.0000000000,18
2700,107,0.0202005560,54827568.0000000000,2
2700,108,0.0201363440,54827568.0000000000,21
2700,109,0.0201163150,54827568.0000000000,20
2700,110,0.0202126630,54827568.0000000000,6
2700,111,0.0202625100,54827568.0000000000,4
2700,112,0.0201284880,54827568.0000000000,1
2700,113,0.0201968290,54827568.0000000000,23
2700,114,0.0201304820,54827568.0000000000,0
2700,115,0.0201226180,54827568.0000000000,5
2700,116,0.0201468410,54827568.0000000000,22
2700,117,0.0174157330,47074864.0000000000,14
2700,118,0.0174523690,47074864.0000000000,8
2700,119,0.0174689770,47074864.0000000000,13
2700,120,0.0174207300,47074864.0000000000,7
2700,121,0.0174664640,47074864.0000000000,17
2700,122,0.0174730390,47074864.0000000000,5
2700,123,0.0174539740,47074864.0000000000,6
2700,124,0.0174189720,47074864.0000000000,10
2700,125,0.0174409280,47074864.0000000000,1
2700,126,0.0174587900,47074864.0000000000,8
2700,127,0.0175026230,47074864.0000000000,16
2700,128,0.0173949440,47074864.0000000000,11
2700,129,0.0175045070,47074864.0000000000,18
2700,130,0.0174797720,47074864.0000000000,2
2700,131,0.0174574350,47074864.0000000000,15
2700,132,0.0174442900,47074864.0000000000,9
2700,133,0.0173970880,47074864.0000000000,12
2700,134,0.0174492220,47074864.0000000000,0
2700,135,0.0174746500,47074864.0000000000,2
2700,136,0.0174349040,47074864.0000000000,0
2700,137,0.0174634280,47074864.0000000000,11
2700,138,0.0174645420,47074864.0000000000,17
2700,139,0.0174316410,47074864.0000000000,7
2700,140,0.0174802980,47074864.0000000000,16
2700,141,0.0174688480,47074864.0000000000,10
2700,142,0.0174248940,47074864.0000000000,3
2700,143,0.0174744220,47074864.0000000000,4
2700,144,0.0174457550,47074864.0000000000,3
2700,145,0.0175345890,47074864.0000000000,4
2700,146,0.0174234290,47074864.0000000000,12
2700,147,0.0174305050,47074864.0000000000,1
2700,148,0.0174055000,47074864.0000000000,6
2700,149,0.0174162040,47074864.0000000000,15
2700,150,0.0174591390,47074864.0000000000,9
2700,151,0.0174786230,47074864.0000000000,13
2700,152,0.0174712210,47074864.0000000000,14
2750,0,6.3676332801,276808240.0000000000,18
2750,1,5.0789738358,238159168.0000000000,19
2750,2,4.1682748241,212690880.0000000000,21
2750,3,4.1341006608,211827040.0000000000,3
2750,4,4.0830391563,211776464.0000000000,2
2750,5,4.1740809918,213213120.0000000000,0
2750,6,5.1149684435,238492464.0000000000,4
2750,7,12.2094434650,441961536.0000000000,5
2750,8,9.8171167720,378369424.0000000000,1
2750,9,12.0375825771,483496592.0000000000,19
2750,10,12.4757265175,489787920.0000000000,0
2750,11,12.5680172686,484729616.0000000000,2
2750,12,11.3063776594,448717040.0000000000,23
2750,13,10.3212241287,419446928.0000000000,20
2750,14,11.2397157510,446108752.0000000000,22
2750,15,12.7274039985,489706032.0000000000,3
2750,16,10.2066351580,428327968.0000000000,21
2750,17,9.3984060622,406565008.0000000000,18
2750,18,10.1910726277,436327664.0000000000,14
2750,19,10.1854676549,436508496.0000000000,11
2750,20,10.4999041772,444056576.0000000000,9
2750,21,11.9036193047,485876256.0000000000,13
2750,22,12.6566814518,516959504.0000000000,6
2750,23,11.9228055135,486360096.0000000000,17
2750,24,10.2503586718,437910128.0000000000,17
2750,25,10.1881034902,436507808.0000000000,5
2750,26,10.1949747585,436323392.0000000000,12
2750,27,10.1857621038,436322288.0000000000,8
2750,28,10.2170787079,436507072.0000000000,10
2750,29,10.1966444893,436514656.0000000000,15
2750,30,10.1902136401,436510080.0000000000,13
2750,31,10.1976017888,436511024.0000000000,9
2750,32,10.1869038163,436508960.0000000000,8
2750,33,10.2010442670,436511072.0000000000,7
2750,34,10.1994802354,436512256.0000000000,7
2750,35,10.1791196344,436327744.0000000000,6
2750,36,10.1876856335,435254736.0000000000,16
2750,37,10.2207419324,436541632.0000000000,4
2750,38,10.2008875084,436505152.0000000000,14
2750,39,10.1994356952,436515280.0000000000,1
2750,40,10.1974567876,436514304.0000000000,11
2750,41,10.2075620675,436481792.0000000000,15
2750,42,10.2057919999,436535280.0000000000,12
2750,43,10.2230608722,436495056.0000000000,16
2750,44,10.1939899013,435291552.0000000000,10
2750,45,2.6265431886,131846976.0000000000,20
2750,46,2.6332815086,132129600.0000000000,2
2750,47,2.6352711187,132149088.0000000000,23
2750,48,2.6313049010,132131408.0000000000,22
2750,49,2.6311885047,132143376.0000000000,22
2750,50,2.6303782882,132149904.0000000000,20
2750,51,2.6346384989,132139600.0000000000,23
2750,52,2.6309714940,132143360.0000000000,0
2750,53,2.6262683878,131845008.0000000000,3
2750,54,0.6569032814,54827568.0000000000,20
2750,55,0.6592324314,54827568.0000000000,19
2750,56,0.6587302948,54827568.0000000000,21
2750,57,0.6575002730,54827568.0000000000,22
2750,58,0.6585449711,54827568.0000000000,0
2750,59,0.6586903649,54827568.0000000000,21
2750,60,0.6581263619,54827568.0000000000,1
2750,61,0.6598221738,54827568.0000000000,23
2750,62,0.6592334419,54827568.0000000000,18
2750,63,0.6595367393,54827568.0000000000,23
2750,64,0.6586493378,54827568.0000000000,19
2750,65,0.6585806008,54827568.0000000000,10
2750,66,0.6599885184,54827568.0000000000,17
2750,67,0.6591068330,54827568.0000000000,19
2750,68,0.6577009066,54827568.0000000000,22
2750,69,0.6611196008,54827568.0000000000,4
2750,70,0.6586338512,54827568.0000000000,5
2750,71,0.6576750659,54827568.0000000000,12
2750,72,0.6574361757,54827568.0000000000,8
2750,73,0.6577426026,54827568.0000000000,3
2750,74,0.6588088509,54827568.0000000000,5
2750,75,0.6573260991,54827568.0000000000,7
2750,76,0.6600098566,54827568.0000000000,2
2750,77,0.6584622742,54827568.0000000000,0
2750,78,0.6578974216,54827568.0000000000,22
2750,79,0.6596135162,54827568.0000000000,23
2750,80,0.6586686274,54827568.0000000000,21
2750,81,0.6576531321,54827568.0000000000,11
2750,82,0.6584211317,54827568.0000000000,1
2750,83,0.6590794427,54827568.0000000000,19
2750,84,0.6596309050,54827568.0000000000,2
2750,85,0.6590679869,54827568.0000000000,19
2750,86,0.6593271255,54827568.0000000000,9
2750,87,0.6613583623,54827568.0000000000,4
2750,88,0.6566566547,54827568.0000000000,20
2750,89,0.6593823252,54827568.0000000000,18
2750,90,0.6611946348,54827568.0000000000,4
2750,91,0.6570354731,54827568.0000000000,15
2750,92,0.6601616011,54827568.0000000000,16
2750,93,0.6596532736,54827568.0000000000,23
2750,94,0.6579473408,54827568.0000000000,14
2750,95,0.6591452724,54827568.0000000000,18
2750,96,0.6593737296,54827568.0000000000,13
2750,97,0.6577067539,54827568.0000000000,22
2750,98,0.6587701992,54827568.0000000000,21
2750,99,0.6587581300,54827568.0000000000,21
2750,100,0.6580788945,54827568.0000000000,1
2750,101,0.6573669163,54827568.0000000000,20
2750,102,0.6570761254,54827568.0000000000,20
2750,103,0.6592602360,54827568.0000000000,18
2750,104,0.6588688986,54827568.0000000000,19
2750,105,0.6576728241,54827568.0000000000,3
2750,106,0.6590765836,54827568.0000000000,18
2750,107,0.6597121834,54827568.0000000000,2
2750,108,0.6584726995,54827568.0000000000,21
2750,109,0.6568652359,54827568.0000000000,20
2750,110,0.6588609722,54827568.0000000000,6
2750,111,0.6607608020,54827568.0000000000,4
2750,112,0.6583809292,54827568.0000000000,1
2750,113,0.6593624554,54827568.0000000000,23
2750,114,0.6584615568,54827568.0000000000,0
2750,115,0.6586211518,54827568.0000000000,5
2750,116,0.6577215917,54827568.0000000000,22
2750,117,0.5701862914,47074864.0000000000,14
2750,118,0.5690831186,47074864.0000000000,8
2750,119,0.5708554956,47074864.0000000000,13
2750,120,0.5694251568,47074864.0000000000,7
2750,121,0.5709707625,47074864.0000000000,17
2750,122,0.5700892463,47074864.0000000000,5
2750,123,0.5702910428,47074864.0000000000,6
2750,124,0.5694237038,47074864.0000000000,10
2750,125,0.5699887813,47074864.0000000000,1
2750,126,0.5693302635,47074864.0000000000,8
2750,127,0.5714939480,47074864.0000000000,16
2750,128,0.5691797591,47074864.0000000000,11
2750,129,0.5710393714,47074864.0000000000,18
2750,130,0.5713587264,47074864.0000000000,2
2750,131,0.5690675871,47074864.0000000000,15
2750,132,0.5710027265,47074864.0000000000,9
2750,133,0.5692856313,47074864.0000000000,12
2750,134,0.5703845948,47074864.0000000000,0
2750,135,0.5712111087,47074864.0000000000,2
2750,136,0.5704739742,47074864.0000000000,0
2750,137,0.5690904849,47074864.0000000000,11
2750,138,0.5709015051,47074864.0000000000,17
2750,139,0.5695569233,47074864.0000000000,7
2750,140,0.5712743672,47074864.0000000000,16
2750,141,0.5696142368,47074864.0000000000,10
2750,142,0.5693466536,47074864.0000000000,3
2750,143,0.5716563741,47074864.0000000000,4
2750,144,0.5693649246,47074864.0000000000,3
2750,145,0.5715244109,47074864.0000000000,4
2750,146,0.5695039597,47074864.0000000000,12
2750,147,0.5702357932,47074864.0000000000,1
2750,148,0.5704563490,47074864.0000000000,6
2750,149,0.5690703781,47074864.0000000000,15
2750,150,0.5709332128,47074864.0000000000,9
2750,151,0.5710556576,47074864.0000000000,13
2750,152,0.5700205750,47074864.0000000000,14
