0,0,0.1368916520,159852592.0000000000,10
0,1,0.0871977940,159852592.0000000000,10
0,2,0.0888929370,159852592.0000000000,10
0,3,0.0661198750,160054832.0000000000,10
0,4,0.1344203700,159852592.0000000000,11
0,5,0.0918123710,159852592.0000000000,11
0,6,0.0899679530,160054832.0000000000,11
0,7,0.1357452420,159852592.0000000000,3
0,8,0.0843817350,160054832.0000000000,3
0,9,0.0792330230,144112688.0000000000,3
0,10,0.1379268900,144112688.0000000000,9
0,11,0.0827235330,143910448.0000000000,9
0,12,0.0557145940,240390192.0000000000,10
0,13,0.0548235460,240390192.0000000000,10
0,14,0.0567424490,240390192.0000000000,10
0,15,0.0575580940,240718384.0000000000,10
0,16,0.0723961670,240390192.0000000000,11
0,17,0.0592263340,240390192.0000000000,11
0,18,0.0601103890,240718384.0000000000,11
0,19,0.0820947380,240390192.0000000000,3
0,20,0.0564570160,240718384.0000000000,3
0,21,0.0507924640,216722480.0000000000,3
0,22,0.1019363130,216722480.0000000000,9
0,23,0.1033340520,216394288.0000000000,9
0,24,0.0515813010,240062512.0000000000,10
0,25,0.0503455530,240062512.0000000000,10
0,26,0.0529466640,240062512.0000000000,11
0,27,0.0510696100,240390192.0000000000,11
0,28,0.1491097810,240062512.0000000000,12
0,29,0.0930161750,240062512.0000000000,12
0,30,0.0945416970,240390192.0000000000,12
0,31,0.0505571780,240062512.0000000000,3
0,32,0.1064372770,240390192.0000000000,9
0,33,0.1083550250,216427056.0000000000,9
0,34,0.1106219820,216427056.0000000000,9
0,35,0.1115976540,216099376.0000000000,9
0,36,0.0503694790,240062512.0000000000,10
0,37,0.0504676200,240062512.0000000000,11
0,38,0.0504093760,240062512.0000000000,11
0,39,0.0511214800,240390192.0000000000,11
0,40,0.0687864630,240062512.0000000000,12
0,41,0.0503243430,240062512.0000000000,12
0,42,0.0510357090,240390192.0000000000,12
0,43,0.1170011060,240062512.0000000000,9
0,44,0.1176448180,240390192.0000000000,9
0,45,0.1156504280,216427056.0000000000,9
0,46,0.1157133280,216427056.0000000000,9
0,47,0.1472517300,216099376.0000000000,6
0,48,0.0503571290,240062512.0000000000,12
0,49,0.0503595310,240062512.0000000000,12
0,50,0.0503358840,240062512.0000000000,12
0,51,0.0510900500,240390192.0000000000,12
0,52,0.1723100550,240062512.0000000000,13
0,53,0.1127233580,240062512.0000000000,13
0,54,0.1180278460,240390192.0000000000,13
0,55,0.0933556710,240062512.0000000000,6
0,56,0.0942692450,240390192.0000000000,6
0,57,0.0627092800,216427056.0000000000,6
0,58,0.0470865950,216427056.0000000000,6
0,59,0.0462930620,216099376.0000000000,6
0,60,0.0515406410,240062512.0000000000,12
0,61,0.1174930640,240062512.0000000000,13
0,62,0.1176397670,240062512.0000000000,13
0,63,0.1155929270,240390192.0000000000,13
0,64,0.1167758500,240062512.0000000000,13
0,65,0.0516949260,240062512.0000000000,3
0,66,0.0524282840,240390192.0000000000,3
0,67,0.0515998320,240062512.0000000000,6
0,68,0.0523113710,240390192.0000000000,6
0,69,0.0482501650,216427056.0000000000,6
0,70,0.1333912580,216427056.0000000000,22
0,71,0.0941353500,216099376.0000000000,22
0,72,0.1202164580,240062512.0000000000,13
0,73,0.1205453440,240062512.0000000000,13
0,74,0.1219747330,240062512.0000000000,13
0,75,0.1175794100,240390192.0000000000,13
0,76,0.0548916190,240062512.0000000000,3
0,77,0.0548539720,240062512.0000000000,3
0,78,0.0557498340,240390192.0000000000,3
0,79,0.0548944200,240062512.0000000000,6
0,80,0.0556428800,240390192.0000000000,6
0,81,0.0511826850,216427056.0000000000,6
0,82,0.0962557940,216427056.0000000000,22
0,83,0.0591789110,216099376.0000000000,22
0,84,0.0345292290,89985072.0000000000,22
0,85,0.0344836540,89985072.0000000000,22
0,86,0.0344995740,89985072.0000000000,22
0,87,0.0362353640,90078256.0000000000,22
0,88,0.1241927960,89985072.0000000000,1
0,89,0.0725117870,89985072.0000000000,1
0,90,0.0734717720,90078256.0000000000,1
0,91,0.1276943850,89985072.0000000000,4
0,92,0.0737152550,90078256.0000000000,4
0,93,0.0705804160,81122864.0000000000,4
0,94,0.0676694350,81122864.0000000000,4
0,95,0.0518183550,81029680.0000000000,4
0,96,0.0257357040,30347312.0000000000,22
0,97,0.0257182280,30347312.0000000000,22
0,98,0.0397631160,30347312.0000000000,1
0,99,0.0395481410,30347312.0000000000,1
0,100,0.0356845590,30347312.0000000000,1
0,101,0.0310689730,30347312.0000000000,1
0,102,0.0302955310,30347312.0000000000,1
0,103,0.0280608990,30347312.0000000000,4
0,104,0.0286744560,30347312.0000000000,4
0,105,0.0251633300,27355696.0000000000,4
0,106,0.0989530330,27355696.0000000000,23
0,107,0.0360551720,27355696.0000000000,23
0,108,0.0257173200,30347312.0000000000,22
0,109,0.0289871250,30347312.0000000000,1
0,110,0.0283346600,30347312.0000000000,1
0,111,0.0252404850,30347312.0000000000,1
0,112,0.0241583040,30347312.0000000000,1
0,113,0.1038093040,30347312.0000000000,14
0,114,0.0412246830,30347312.0000000000,14
0,115,0.0262040850,30347312.0000000000,4
0,116,0.0247374940,30347312.0000000000,4
0,117,0.0273358780,27355696.0000000000,4
0,118,0.0373923410,27355696.0000000000,23
0,119,0.0373939640,27355696.0000000000,23
0,120,0.0366525670,30347312.0000000000,14
0,121,0.0439950400,30347312.0000000000,14
0,122,0.0361982000,30347312.0000000000,14
0,123,0.0353183610,30347312.0000000000,14
0,124,0.1050656210,30347312.0000000000,15
0,125,0.0482687650,30347312.0000000000,15
0,126,0.0473341430,30347312.0000000000,15
0,127,0.0389600370,30347312.0000000000,23
0,128,0.0389684400,30347312.0000000000,23
0,129,0.0381191670,27355696.0000000000,23
0,130,0.1018829670,27355696.0000000000,8
0,131,0.0443642600,27355696.0000000000,8
0,132,0.0426810300,30347312.0000000000,14
0,133,0.0375399100,30347312.0000000000,14
0,134,0.0317731720,30347312.0000000000,14
0,135,0.0407951200,30347312.0000000000,14
0,136,0.0418296990,30347312.0000000000,15
0,137,0.0406807100,30347312.0000000000,15
0,138,0.0436981640,30347312.0000000000,15
0,139,0.0390320940,30347312.0000000000,23
0,140,0.0378544850,30347312.0000000000,23
0,141,0.0401983430,27355696.0000000000,23
0,142,0.0429007460,27355696.0000000000,8
0,143,0.0432923830,27355696.0000000000,8
0,144,0.0446419270,30347312.0000000000,14
0,145,0.0455634370,30347312.0000000000,15
0,146,0.0410441510,30347312.0000000000,15
0,147,0.0354096070,30347312.0000000000,15
0,148,0.0425889950,30347312.0000000000,15
0,149,0.0472697080,30347312.0000000000,15
0,150,0.0283013230,30347312.0000000000,4
0,151,0.0407142090,30347312.0000000000,23
0,152,0.0434601350,30347312.0000000000,8
0,153,0.0383431900,27355696.0000000000,8
0,154,0.0449469840,27355696.0000000000,8
0,155,0.0448256320,27355696.0000000000,8
0,156,0.0356762550,30347312.0000000000,8
0,157,0.0417447140,30347312.0000000000,8
0,158,0.1089599810,30347312.0000000000,2
0,159,0.0411241490,30347312.0000000000,2
0,160,0.0471116790,30347312.0000000000,2
0,161,0.0500863370,30347312.0000000000,2
0,162,0.0420534360,30347312.0000000000,2
0,163,0.1123130460,30347312.0000000000,7
0,164,0.0475045480,30347312.0000000000,7
0,165,0.0387898660,27355696.0000000000,7
0,166,0.0413436830,27355696.0000000000,7
0,167,0.0405419640,27355696.0000000000,7
0,168,0.0461353180,30347312.0000000000,8
0,169,0.0470150440,30347312.0000000000,8
0,170,0.0393257560,30347312.0000000000,2
0,171,0.0491488850,30347312.0000000000,2
0,172,0.0473474220,30347312.0000000000,2
0,173,0.0866256970,30347312.0000000000,16
0,174,0.0400996510,30347312.0000000000,16
0,175,0.0434851440,30347312.0000000000,7
0,176,0.0464807640,30347312.0000000000,7
0,177,0.0366699760,27355696.0000000000,7
0,178,0.0364131300,27355696.0000000000,7
0,179,0.0941266610,27355696.0000000000,5
0,180,0.0392586990,30347312.0000000000,2
0,181,0.0356845840,30347312.0000000000,2
0,182,0.0490406950,30347312.0000000000,2
0,183,0.0474973130,30347312.0000000000,2
0,184,0.0431918440,30347312.0000000000,16
0,185,0.0431150480,30347312.0000000000,16
0,186,0.0431381410,30347312.0000000000,16
0,187,0.0409493930,30347312.0000000000,7
0,188,0.0478510140,30347312.0000000000,7
0,189,0.0414166470,27355696.0000000000,7
0,190,0.0311957790,27355696.0000000000,5
0,191,0.0324306100,27355696.0000000000,5
0,192,0.0431353790,30347312.0000000000,16
0,193,0.0430879430,30347312.0000000000,16
0,194,0.0430481470,30347312.0000000000,16
0,195,0.0436214240,30347312.0000000000,16
0,196,0.0914044950,30347312.0000000000,17
0,197,0.0930767500,30347312.0000000000,18
0,198,0.0446848840,30347312.0000000000,18
0,199,0.0347876070,30347312.0000000000,5
0,200,0.0300901830,30347312.0000000000,5
0,201,0.0331072460,27355696.0000000000,5
0,202,0.0840401240,27355696.0000000000,19
0,203,0.0370963810,27355696.0000000000,19
0,204,0.0425927560,30347312.0000000000,16
0,205,0.0416440910,30347312.0000000000,16
0,206,0.0420103700,30347312.0000000000,17
0,207,0.0430811890,30347312.0000000000,17
0,208,0.0422530660,30347312.0000000000,18
0,209,0.0503412300,30347312.0000000000,18
0,210,0.0382714030,30347312.0000000000,18
0,211,0.0398105480,30347312.0000000000,5
0,212,0.0307103730,30347312.0000000000,5
0,213,0.0352134490,27355696.0000000000,5
0,214,0.0367592570,27355696.0000000000,19
0,215,0.0385910220,27355696.0000000000,19
0,216,0.0430789970,30347312.0000000000,17
0,217,0.0430946080,30347312.0000000000,17
0,218,0.0431149460,30347312.0000000000,17
0,219,0.0430156040,30347312.0000000000,17
0,220,0.0449675490,30347312.0000000000,18
0,221,0.0443510370,30347312.0000000000,18
0,222,0.0444482860,30347312.0000000000,18
0,223,0.0407818270,30347312.0000000000,5
0,224,0.0402070550,30347312.0000000000,5
0,225,0.0380930400,27355696.0000000000,19
0,226,0.0372783020,27355696.0000000000,19
0,227,0.0389423910,27355696.0000000000,19
0,228,0.0430059010,30347312.0000000000,17
0,229,0.0436191710,30347312.0000000000,17
0,230,0.0425903690,30347312.0000000000,17
0,231,0.0434218290,30347312.0000000000,17
0,232,0.0379017080,30347312.0000000000,18
0,233,0.0405870770,30347312.0000000000,18
0,234,0.0466299370,30347312.0000000000,18
0,235,0.0400473790,30347312.0000000000,5
0,236,0.0420528780,30347312.0000000000,19
0,237,0.0392032250,27355696.0000000000,19
0,238,0.0379338470,27355696.0000000000,19
0,239,0.0386189670,27355696.0000000000,19
0,240,0.0360320090,30347312.0000000000,19
0,241,0.1033758760,30347312.0000000000,20
0,242,0.0411209580,30347312.0000000000,20
0,243,0.0416611030,30347312.0000000000,20
0,244,0.0908371700,30347312.0000000000,21
0,245,0.0369630600,30347312.0000000000,21
0,246,0.0415767010,30347312.0000000000,21
0,247,0.0415190960,30347312.0000000000,21
0,248,0.0430767420,30347312.0000000000,21
0,249,0.0947000580,27355696.0000000000,0
0,250,0.0322778760,27355696.0000000000,0
0,251,0.0327946330,27355696.0000000000,0
0,252,0.0416661530,30347312.0000000000,20
0,253,0.0431790390,30347312.0000000000,20
0,254,0.0431474290,30347312.0000000000,20
0,255,0.0431453930,30347312.0000000000,20
0,256,0.0430654510,30347312.0000000000,21
0,257,0.0430294210,30347312.0000000000,21
0,258,0.0429518490,30347312.0000000000,21
0,259,0.0346214560,30347312.0000000000,0
0,260,0.0338105980,30347312.0000000000,0
0,261,0.0320302540,27355696.0000000000,0
0,262,0.0348100070,27355696.0000000000,0
0,263,0.0356971030,27355696.0000000000,0
0,264,0.0430182280,30347312.0000000000,20
0,265,0.0436058860,30347312.0000000000,20
0,266,0.0434706770,30347312.0000000000,20
0,267,0.0452311920,30347312.0000000000,20
0,268,0.0434525090,30347312.0000000000,21
0,269,0.0433663740,30347312.0000000000,21
0,270,0.0423079040,30347312.0000000000,21
0,271,0.0346844160,30347312.0000000000,0
0,272,0.0344052650,30347312.0000000000,0
0,273,0.0333122940,27355696.0000000000,0
0,274,0.0348791530,27355696.0000000000,0
0,275,0.0349684740,27355696.0000000000,0
50,0,4.8150653155,159679360.0000000000,10
50,1,4.4393703716,159686144.0000000000,10
50,2,4.5260129512,159687280.0000000000,10
50,3,4.4941663072,159684592.0000000000,10
50,4,4.9267298719,159690224.0000000000,11
50,5,4.4707585889,159688832.0000000000,11
50,6,3.7629606958,159688480.0000000000,11
50,7,4.9688666886,159692224.0000000000,3
50,8,4.5741420274,159694800.0000000000,3
50,9,3.4842837376,143763824.0000000000,3
50,10,7.6493659409,143763216.0000000000,9
50,11,7.5198781824,143755680.0000000000,9
50,12,5.8027565427,240049568.0000000000,10
50,13,5.7316758168,240062784.0000000000,10
50,14,5.7802108085,240064176.0000000000,10
50,15,5.7983903027,240066544.0000000000,10
50,16,5.7224524062,240059856.0000000000,11
50,17,5.7612314085,240065440.0000000000,11
50,18,6.5556196944,240065920.0000000000,11
50,19,5.9080943766,240061344.0000000000,3
50,20,5.8753610190,240062752.0000000000,3
50,21,5.6985791074,216103408.0000000000,3
50,22,11.2605643442,216095296.0000000000,9
50,23,11.2527459052,216091008.0000000000,9
50,24,5.7986715717,240051744.0000000000,10
50,25,5.7953915015,240059168.0000000000,10
50,26,6.6796110392,240063024.0000000000,11
50,27,5.8183623284,240062560.0000000000,11
50,28,7.2243234664,240064144.0000000000,12
50,29,5.9658195646,240062368.0000000000,12
50,30,5.7052136333,240060976.0000000000,12
50,31,7.0696024524,240063488.0000000000,3
50,32,12.5464874123,240064400.0000000000,9
50,33,11.3081912929,216098448.0000000000,9
50,34,11.2900025779,216099488.0000000000,9
50,35,11.3529175424,216087568.0000000000,9
50,36,5.7924474771,240049984.0000000000,10
50,37,5.9267595611,240066880.0000000000,11
50,38,5.9124421460,240060832.0000000000,11
50,39,5.8267775127,240063664.0000000000,11
50,40,5.7723290478,240063488.0000000000,12
50,41,6.8104542237,240063296.0000000000,12
50,42,6.5584498386,240065264.0000000000,12
50,43,12.5597446551,240063216.0000000000,9
50,44,12.5606264260,240065200.0000000000,9
50,45,11.2932061378,216102208.0000000000,9
50,46,11.2576453200,216098608.0000000000,9
50,47,6.7332799586,216086144.0000000000,6
50,48,5.8457203771,240050208.0000000000,12
50,49,5.8457817696,240064448.0000000000,12
50,50,5.8343568795,240061328.0000000000,12
50,51,5.8349888667,240065536.0000000000,12
50,52,12.4030194494,240063584.0000000000,13
50,53,12.5714384928,240064784.0000000000,13
50,54,12.5405425331,240063024.0000000000,13
50,55,6.1488640489,240063168.0000000000,6
50,56,5.8905337550,240060064.0000000000,6
50,57,5.2481107159,216101296.0000000000,6
50,58,5.8148559419,216101008.0000000000,6
50,59,6.4017801076,216085920.0000000000,6
50,60,5.8275473982,240049200.0000000000,12
50,61,12.5267483172,240064048.0000000000,13
50,62,12.5279034265,240061632.0000000000,13
50,63,12.4668623673,240066448.0000000000,13
50,64,12.4766560783,240062256.0000000000,13
50,65,5.8934290279,240064896.0000000000,3
50,66,5.8202396562,240062848.0000000000,3
50,67,5.8832737025,240064528.0000000000,6
50,68,5.8229636454,240064768.0000000000,6
50,69,5.2604359520,216098480.0000000000,6
50,70,6.8063899004,216101008.0000000000,22
50,71,7.9359959148,216085904.0000000000,22
50,72,12.4907507229,240050368.0000000000,13
50,73,12.3521448385,240067792.0000000000,13
50,74,12.0200858343,240062528.0000000000,13
50,75,10.3968350616,240062320.0000000000,13
50,76,5.8064616703,240065600.0000000000,3
50,77,5.7990151873,240059888.0000000000,3
50,78,5.8141280232,240067216.0000000000,3
50,79,5.8228023886,240059360.0000000000,6
50,80,5.8225387171,240063616.0000000000,6
50,81,5.1974108603,216100496.0000000000,6
50,82,5.7974205366,216096688.0000000000,22
50,83,5.1861777856,216087648.0000000000,22
50,84,2.0844337166,89816096.0000000000,22
50,85,2.0782866183,89820336.0000000000,22
50,86,2.0557652173,89822912.0000000000,22
50,87,2.0170412286,89821776.0000000000,22
50,88,3.1075190912,89820096.0000000000,1
50,89,2.8506336151,89821584.0000000000,1
50,90,3.1623013801,89822656.0000000000,1
50,91,3.1914132028,89822464.0000000000,4
50,92,3.0756009458,89823200.0000000000,4
50,93,2.7693253151,80883088.0000000000,4
50,94,2.7426007298,80883680.0000000000,4
50,95,2.9621851382,80878688.0000000000,4
50,96,0.4695621723,30347312.0000000000,22
50,97,0.4561783553,30347312.0000000000,22
50,98,0.6022113693,30347312.0000000000,1
50,99,0.5762006271,30347312.0000000000,1
50,100,0.5798217963,30347312.0000000000,1
50,101,0.5453601125,30347312.0000000000,1
50,102,0.5135858482,30347312.0000000000,1
50,103,0.6315931879,30347312.0000000000,4
50,104,0.6623286327,30347312.0000000000,4
50,105,0.5072052114,27355696.0000000000,4
50,106,0.5635709589,27355696.0000000000,23
50,107,0.5201650221,27355696.0000000000,23
50,108,0.4491818519,30347312.0000000000,22
50,109,0.4949717437,30347312.0000000000,1
50,110,0.4705376413,30347312.0000000000,1
50,111,0.4582806639,30347312.0000000000,1
50,112,0.4450402914,30347312.0000000000,1
50,113,0.7362353706,30347312.0000000000,14
50,114,0.7164552201,30347312.0000000000,14
50,115,0.5239909908,30347312.0000000000,4
50,116,0.4828835629,30347312.0000000000,4
50,117,0.4231691688,27355696.0000000000,4
50,118,0.5705861095,27355696.0000000000,23
50,119,0.5562539633,27355696.0000000000,23
50,120,0.7138497944,30347312.0000000000,14
50,121,0.7194138869,30347312.0000000000,14
50,122,0.6924411534,30347312.0000000000,14
50,123,0.6789421628,30347312.0000000000,14
50,124,0.7552725917,30347312.0000000000,15
50,125,0.7049812487,30347312.0000000000,15
50,126,0.6989081497,30347312.0000000000,15
50,127,0.6061874251,30347312.0000000000,23
50,128,0.5786509451,30347312.0000000000,23
50,129,0.4939504642,27355696.0000000000,23
50,130,0.6935357047,27355696.0000000000,8
50,131,0.6804159003,27355696.0000000000,8
50,132,0.6488041193,30347312.0000000000,14
50,133,0.6316192539,30347312.0000000000,14
50,134,0.6149267666,30347312.0000000000,14
50,135,0.6125258764,30347312.0000000000,14
50,136,0.7060973202,30347312.0000000000,15
50,137,0.7040519813,30347312.0000000000,15
50,138,0.6924611776,30347312.0000000000,15
50,139,0.5380450110,30347312.0000000000,23
50,140,0.4897300973,30347312.0000000000,23
50,141,0.4228228168,27355696.0000000000,23
50,142,0.7209259849,27355696.0000000000,8
50,143,0.6667437388,27355696.0000000000,8
50,144,0.5963662377,30347312.0000000000,14
50,145,0.6755521659,30347312.0000000000,15
50,146,0.6325879860,30347312.0000000000,15
50,147,0.6159278713,30347312.0000000000,15
50,148,0.6067950139,30347312.0000000000,15
50,149,0.5905453096,30347312.0000000000,15
50,150,0.4604838853,30347312.0000000000,4
50,151,0.4507297638,30347312.0000000000,23
50,152,0.8123310379,30347312.0000000000,8
50,153,0.6983094398,27355696.0000000000,8
50,154,0.6485324321,27355696.0000000000,8
50,155,0.6843425479,27355696.0000000000,8
50,156,0.6999965097,30347312.0000000000,8
50,157,0.6848869386,30347312.0000000000,8
50,158,0.6807741975,30347312.0000000000,2
50,159,0.7023858071,30347312.0000000000,2
50,160,0.7140572377,30347312.0000000000,2
50,161,0.7631457701,30347312.0000000000,2
50,162,0.7727693400,30347312.0000000000,2
50,163,0.6893036118,30347312.0000000000,7
50,164,0.7076865003,30347312.0000000000,7
50,165,0.6420039285,27355696.0000000000,7
50,166,0.6771061107,27355696.0000000000,7
50,167,0.6245470577,27355696.0000000000,7
50,168,0.6535344812,30347312.0000000000,8
50,169,0.6484303798,30347312.0000000000,8
50,170,0.7357050792,30347312.0000000000,2
50,171,0.7311985404,30347312.0000000000,2
50,172,0.7349802472,30347312.0000000000,2
50,173,0.5748856247,30347312.0000000000,16
50,174,0.6160411682,30347312.0000000000,16
50,175,0.7274930570,30347312.0000000000,7
50,176,0.7424609420,30347312.0000000000,7
50,177,0.6344320281,27355696.0000000000,7
50,178,0.6756774291,27355696.0000000000,7
50,179,0.4770411705,27355696.0000000000,5
50,180,0.7321774201,30347312.0000000000,2
50,181,0.7331466070,30347312.0000000000,2
50,182,0.7239832817,30347312.0000000000,2
50,183,0.7154795783,30347312.0000000000,2
50,184,0.6074657813,30347312.0000000000,16
50,185,0.5776738948,30347312.0000000000,16
50,186,0.5774080424,30347312.0000000000,16
50,187,0.7350075529,30347312.0000000000,7
50,188,0.7271659251,30347312.0000000000,7
50,189,0.6483510164,27355696.0000000000,7
50,190,0.5172033970,27355696.0000000000,5
50,191,0.5356849594,27355696.0000000000,5
50,192,0.5710660561,30347312.0000000000,16
50,193,0.5592082749,30347312.0000000000,16
50,194,0.5409245733,30347312.0000000000,16
50,195,0.5620461370,30347312.0000000000,16
50,196,0.5931637919,30347312.0000000000,17
50,197,0.6022807660,30347312.0000000000,18
50,198,0.6509648007,30347312.0000000000,18
50,199,0.5846227362,30347312.0000000000,5
50,200,0.6151001634,30347312.0000000000,5
50,201,0.5860261615,27355696.0000000000,5
50,202,0.4534082027,27355696.0000000000,19
50,203,0.4365078519,27355696.0000000000,19
50,204,0.5505281440,30347312.0000000000,16
50,205,0.5310919127,30347312.0000000000,16
50,206,0.6300071459,30347312.0000000000,17
50,207,0.6151481945,30347312.0000000000,17
50,208,0.6582484787,30347312.0000000000,18
50,209,0.6939459170,30347312.0000000000,18
50,210,0.7306950104,30347312.0000000000,18
50,211,0.6719358399,30347312.0000000000,5
50,212,0.6766267056,30347312.0000000000,5
50,213,0.6184281914,27355696.0000000000,5
50,214,0.4130323350,27355696.0000000000,19
50,215,0.4337780818,27355696.0000000000,19
50,216,0.5896730708,30347312.0000000000,17
50,217,0.5891020264,30347312.0000000000,17
50,218,0.5813869775,30347312.0000000000,17
50,219,0.5742586440,30347312.0000000000,17
50,220,0.7665794399,30347312.0000000000,18
50,221,0.7723115351,30347312.0000000000,18
50,222,0.7909936215,30347312.0000000000,18
50,223,0.6599793680,30347312.0000000000,5
50,224,0.6623902669,30347312.0000000000,5
50,225,0.4714027778,27355696.0000000000,19
50,226,0.4941006769,27355696.0000000000,19
50,227,0.5006866898,27355696.0000000000,19
50,228,0.5483968416,30347312.0000000000,17
50,229,0.5511736297,30347312.0000000000,17
50,230,0.5453450011,30347312.0000000000,17
50,231,0.5342477859,30347312.0000000000,17
50,232,0.7975148470,30347312.0000000000,18
50,233,0.7893795353,30347312.0000000000,18
50,234,0.7713330309,30347312.0000000000,18
50,235,0.6838029377,30347312.0000000000,5
50,236,0.5774238901,30347312.0000000000,19
50,237,0.5182324651,27355696.0000000000,19
50,238,0.5233273601,27355696.0000000000,19
50,239,0.5116412947,27355696.0000000000,19
50,240,0.5775928767,30347312.0000000000,19
50,241,0.4563450249,30347312.0000000000,20
50,242,0.5040073171,30347312.0000000000,20
50,243,0.5121474634,30347312.0000000000,20
50,244,0.4884088795,30347312.0000000000,21
50,245,0.5290412568,30347312.0000000000,21
50,246,0.5332776798,30347312.0000000000,21
50,247,0.5189695691,30347312.0000000000,21
50,248,0.5602070418,30347312.0000000000,21
50,249,0.5699547354,27355696.0000000000,0
50,250,0.5965088413,27355696.0000000000,0
50,251,0.5974873083,27355696.0000000000,0
50,252,0.5013729871,30347312.0000000000,20
50,253,0.5354328121,30347312.0000000000,20
50,254,0.5583345758,30347312.0000000000,20
50,255,0.5773426753,30347312.0000000000,20
50,256,0.5746835373,30347312.0000000000,21
50,257,0.5896492659,30347312.0000000000,21
50,258,0.5917157158,30347312.0000000000,21
50,259,0.6650978719,30347312.0000000000,0
50,260,0.6763136449,30347312.0000000000,0
50,261,0.6428417441,27355696.0000000000,0
50,262,0.6550655359,27355696.0000000000,0
50,263,0.6630671073,27355696.0000000000,0
50,264,0.5779758851,30347312.0000000000,20
50,265,0.5763769721,30347312.0000000000,20
50,266,0.5773859123,30347312.0000000000,20
50,267,0.5765087823,30347312.0000000000,20
50,268,0.5903538028,30347312.0000000000,21
50,269,0.5896088189,30347312.0000000000,21
50,270,0.5904146398,30347312.0000000000,21
50,271,0.7417719721,30347312.0000000000,0
50,272,0.7368687818,30347312.0000000000,0
50,273,0.6529018496,27355696.0000000000,0
50,274,0.7071523790,27355696.0000000000,0
50,275,0.6976752265,27355696.0000000000,0
100,0,0.4176344880,159649440.0000000000,19
100,1,0.2696915870,159668208.0000000000,10
100,2,0.4238504510,159661216.0000000000,20
100,3,0.2274822470,159657136.0000000000,11
100,4,0.2316592440,159666624.0000000000,4
100,5,0.2820053350,159681584.0000000000,12
100,6,0.2703989840,159698944.0000000000,9
100,7,0.2196956480,159716048.0000000000,3
100,8,0.4231566950,159719328.0000000000,15
100,9,0.4733202810,143784608.0000000000,17
100,10,0.3619196820,143780576.0000000000,14
100,11,0.2486440820,143748544.0000000000,13
100,12,0.3492763230,240023440.0000000000,1
100,13,0.4316470240,240066368.0000000000,23
100,14,0.5062304050,240062736.0000000000,0
100,15,0.3982928450,240065440.0000000000,9
100,16,0.3041364080,240062176.0000000000,22
100,17,0.3989606600,240068000.0000000000,0
100,18,0.5977031850,240059712.0000000000,7
100,19,0.5355528050,240062032.0000000000,2
100,20,0.3470702530,240063296.0000000000,21
100,21,0.3538671980,216100672.0000000000,6
100,22,0.3001186450,216099040.0000000000,7
100,23,0.3490337460,216062080.0000000000,11
100,24,0.3006942610,240031008.0000000000,7
100,25,0.2928749480,240061248.0000000000,2
100,26,0.2942514100,240059920.0000000000,11
100,27,0.2978484040,240063072.0000000000,19
100,28,0.4021472020,240059040.0000000000,13
100,29,0.2672440850,240061920.0000000000,19
100,30,0.4655720600,240063008.0000000000,18
100,31,0.3449914260,240063200.0000000000,14
100,32,0.3773964690,240065360.0000000000,22
100,33,0.2832025600,216098704.0000000000,20
100,34,0.3474741350,216099168.0000000000,12
100,35,0.1979418840,216069232.0000000000,19
100,36,0.5636273100,240027344.0000000000,5
100,37,0.4472149460,240062976.0000000000,8
100,38,0.3024686650,240063296.0000000000,5
100,39,0.3479499650,240060608.0000000000,17
100,40,0.2977698400,240064528.0000000000,21
100,41,0.2975948820,240062128.0000000000,3
100,42,0.3627566880,240064512.0000000000,12
100,43,0.3758220380,240060608.0000000000,10
100,44,0.4081240050,240061136.0000000000,16
100,45,0.2847749670,216099808.0000000000,15
100,46,0.3542955480,216100832.0000000000,9
100,47,0.3595954300,216062000.0000000000,9
100,48,0.2716914980,240029632.0000000000,6
100,49,0.3497329200,240061664.0000000000,22
100,50,0.2956114920,240065536.0000000000,20
100,51,0.2951346700,240062144.0000000000,16
100,52,0.2662856680,240060784.0000000000,2
100,53,0.3058969550,240066544.0000000000,17
100,54,0.3408249110,240059824.0000000000,23
100,55,0.2804989270,240064064.0000000000,20
100,56,0.2830606330,240060944.0000000000,1
100,57,0.2725112400,216101056.0000000000,17
100,58,0.2848420750,216101168.0000000000,14
100,59,0.2744271820,216068416.0000000000,15
100,60,0.3235858910,240027616.0000000000,10
100,61,0.2943158370,240063632.0000000000,6
100,62,0.2693073620,240057584.0000000000,18
100,63,0.3528401420,240064528.0000000000,0
100,64,0.3568923560,240065872.0000000000,21
100,65,0.2113835480,240064816.0000000000,18
100,66,0.2717035560,240063744.0000000000,15
100,67,0.2934169750,240062176.0000000000,23
100,68,0.3708910970,240064640.0000000000,4
100,69,0.3175830210,216101056.0000000000,10
100,70,0.3213287950,216096800.0000000000,4
100,71,0.2655934490,216063088.0000000000,3
100,72,0.2915062500,240024016.0000000000,1
100,73,0.2781379660,240065168.0000000000,5
100,74,0.4041427600,240062400.0000000000,8
100,75,0.4032160060,240060944.0000000000,4
100,76,0.3359107580,240065760.0000000000,11
100,77,0.3615528430,240055504.0000000000,8
100,78,0.4043382280,240068016.0000000000,12
100,79,0.4028508120,240062336.0000000000,13
100,80,0.3575410490,240056416.0000000000,3
100,81,0.2742417910,216099264.0000000000,14
100,82,0.3122534500,216100160.0000000000,16
100,83,0.3476086450,216059040.0000000000,13
100,84,0.1085810030,89809024.0000000000,23
100,85,0.1221979550,89820752.0000000000,1
100,86,0.1244064600,89823424.0000000000,0
100,87,0.1452561510,89819632.0000000000,21
100,88,0.1030322310,89821504.0000000000,16
100,89,0.0795713970,89821344.0000000000,2
100,90,0.1321804220,89824592.0000000000,8
100,91,0.1054334110,89819664.0000000000,7
100,92,0.0715738070,89824032.0000000000,18
100,93,0.0909706820,80881216.0000000000,6
100,94,0.0872967480,80884512.0000000000,5
100,95,0.0947661670,80871920.0000000000,22
100,96,0.0233992590,30347312.0000000000,16
100,97,0.0241946480,30347312.0000000000,14
100,98,0.0245621660,30347312.0000000000,13
100,99,0.0244924420,30347312.0000000000,13
100,100,0.0236971440,30347312.0000000000,0
100,101,0.0264192550,30347312.0000000000,21
100,102,0.0283748440,30347312.0000000000,9
100,103,0.0264047300,30347312.0000000000,10
100,104,0.0228418570,30347312.0000000000,0
100,105,0.0197907310,27355696.0000000000,1
100,106,0.0206397260,27355696.0000000000,17
100,107,0.0247481510,27355696.0000000000,21
100,108,0.0246783520,30347312.0000000000,9
100,109,0.0189705460,30347312.0000000000,20
100,110,0.0241696620,30347312.0000000000,17
100,111,0.0266872740,30347312.0000000000,10
100,112,0.0240694540,30347312.0000000000,7
100,113,0.0266249150,30347312.0000000000,13
100,114,0.0215991040,30347312.0000000000,16
100,115,0.0249444950,30347312.0000000000,8
100,116,0.0238991550,30347312.0000000000,15
100,117,0.0174313140,27355696.0000000000,2
100,118,0.0229817130,27355696.0000000000,8
100,119,0.0214539830,27355696.0000000000,23
100,120,0.0234424910,30347312.0000000000,6
100,121,0.0244962300,30347312.0000000000,9
100,122,0.0251207930,30347312.0000000000,23
100,123,0.0264831180,30347312.0000000000,10
100,124,0.0240553680,30347312.0000000000,14
100,125,0.0248400730,30347312.0000000000,3
100,126,0.0228734390,30347312.0000000000,0
100,127,0.0206681130,30347312.0000000000,20
100,128,0.0220184470,30347312.0000000000,16
100,129,0.0193783530,27355696.0000000000,0
100,130,0.0251610630,27355696.0000000000,11
100,131,0.0242181000,27355696.0000000000,13
100,132,0.0266803910,30347312.0000000000,13
100,133,0.0244549980,30347312.0000000000,5
100,134,0.0251062600,30347312.0000000000,23
100,135,0.0265322590,30347312.0000000000,3
100,136,0.0224981220,30347312.0000000000,5
100,137,0.0229872190,30347312.0000000000,2
100,138,0.0234719170,30347312.0000000000,1
100,139,0.0213420570,30347312.0000000000,16
100,140,0.0225333430,30347312.0000000000,19
100,141,0.0179784970,27355696.0000000000,1
100,142,0.0209211710,27355696.0000000000,18
100,143,0.0198958860,27355696.0000000000,6
100,144,0.0242300640,30347312.0000000000,7
100,145,0.0248181550,30347312.0000000000,22
100,146,0.0265202430,30347312.0000000000,8
100,147,0.0283558960,30347312.0000000000,21
100,148,0.0246762310,30347312.0000000000,19
100,149,0.0226932830,30347312.0000000000,18
100,150,0.0266488100,30347312.0000000000,12
100,151,0.0260669350,30347312.0000000000,8
100,152,0.0242659270,30347312.0000000000,14
100,153,0.0215329340,27355696.0000000000,4
100,154,0.0198131860,27355696.0000000000,16
100,155,0.0171183900,27355696.0000000000,18
100,156,0.0210724140,30347312.0000000000,20
100,157,0.0213472760,30347312.0000000000,16
100,158,0.0225939830,30347312.0000000000,8
100,159,0.0251388670,30347312.0000000000,22
100,160,0.0209755050,30347312.0000000000,14
100,161,0.0247371850,30347312.0000000000,3
100,162,0.0220825340,30347312.0000000000,13
100,163,0.0209457780,30347312.0000000000,2
100,164,0.0213156940,30347312.0000000000,8
100,165,0.0223523180,27355696.0000000000,15
100,166,0.0235929850,27355696.0000000000,14
100,167,0.0192152180,27355696.0000000000,4
100,168,0.0222328800,30347312.0000000000,1
100,169,0.0265650270,30347312.0000000000,12
100,170,0.0228815350,30347312.0000000000,5
100,171,0.0230147810,30347312.0000000000,2
100,172,0.0210135590,30347312.0000000000,0
100,173,0.0256328700,30347312.0000000000,4
100,174,0.0250635870,30347312.0000000000,1
100,175,0.0287656760,30347312.0000000000,22
100,176,0.0240262410,30347312.0000000000,7
100,177,0.0206203180,27355696.0000000000,7
100,178,0.0206384740,27355696.0000000000,7
100,179,0.0211153940,27355696.0000000000,11
100,180,0.0264094870,30347312.0000000000,21
100,181,0.0283508980,30347312.0000000000,3
100,182,0.0242297420,30347312.0000000000,7
100,183,0.0266576060,30347312.0000000000,21
100,184,0.0198747760,30347312.0000000000,16
100,185,0.0209626020,30347312.0000000000,20
100,186,0.0226733630,30347312.0000000000,19
100,187,0.0249651100,30347312.0000000000,23
100,188,0.0250710110,30347312.0000000000,1
100,189,0.0205047060,27355696.0000000000,17
100,190,0.0174890960,27355696.0000000000,2
100,191,0.0211138940,27355696.0000000000,18
100,192,0.0263485510,30347312.0000000000,10
100,193,0.0241115550,30347312.0000000000,7
100,194,0.0285346440,30347312.0000000000,3
100,195,0.0230925920,30347312.0000000000,5
100,196,0.0303933750,30347312.0000000000,11
100,197,0.0243295190,30347312.0000000000,15
100,198,0.0232916230,30347312.0000000000,14
100,199,0.0208920230,30347312.0000000000,2
100,200,0.0205823650,30347312.0000000000,0
100,201,0.0234767270,27355696.0000000000,1
100,202,0.0218874280,27355696.0000000000,4
100,203,0.0165407530,27355696.0000000000,0
100,204,0.0184653680,30347312.0000000000,0
100,205,0.0267228020,30347312.0000000000,11
100,206,0.0235436760,30347312.0000000000,6
100,207,0.0230250620,30347312.0000000000,2
100,208,0.0208517690,30347312.0000000000,20
100,209,0.0243244780,30347312.0000000000,15
100,210,0.0254833290,30347312.0000000000,6
100,211,0.0249307090,30347312.0000000000,3
100,212,0.0285474900,30347312.0000000000,12
100,213,0.0233423690,27355696.0000000000,22
100,214,0.0235628630,27355696.0000000000,3
100,215,0.0198032170,27355696.0000000000,6
100,216,0.0194413930,30347312.0000000000,8
100,217,0.0235053620,30347312.0000000000,6
100,218,0.0251508310,30347312.0000000000,22
100,219,0.0197998730,30347312.0000000000,14
100,220,0.0234821310,30347312.0000000000,23
100,221,0.0165400410,30347312.0000000000,0
100,222,0.0259837760,30347312.0000000000,13
100,223,0.0223915670,30347312.0000000000,18
100,224,0.0225526390,30347312.0000000000,19
100,225,0.0196011600,27355696.0000000000,13
100,226,0.0216132980,27355696.0000000000,3
100,227,0.0198811070,27355696.0000000000,4
100,228,0.0193878410,30347312.0000000000,2
100,229,0.0251161140,30347312.0000000000,22
100,230,0.0210830750,30347312.0000000000,20
100,231,0.0243413110,30347312.0000000000,15
100,232,0.0201972180,30347312.0000000000,3
100,233,0.0231576890,30347312.0000000000,21
100,234,0.0231734610,30347312.0000000000,1
100,235,0.0248095270,30347312.0000000000,9
100,236,0.0168504650,30347312.0000000000,14
100,237,0.0229738300,27355696.0000000000,12
100,238,0.0251141220,27355696.0000000000,10
100,239,0.0219490390,27355696.0000000000,6
100,240,0.0255433820,30347312.0000000000,12
100,241,0.0230495510,30347312.0000000000,5
100,242,0.0209768490,30347312.0000000000,22
100,243,0.0209423300,30347312.0000000000,5
100,244,0.0226511400,30347312.0000000000,18
100,245,0.0181376910,30347312.0000000000,13
100,246,0.0145686320,30347312.0000000000,14
100,247,0.0259582180,30347312.0000000000,7
100,248,0.0243964770,30347312.0000000000,9
100,249,0.0175952330,27355696.0000000000,1
100,250,0.0204510620,27355696.0000000000,17
100,251,0.0219135810,27355696.0000000000,4
100,252,0.0258145650,30347312.0000000000,23
100,253,0.0227000030,30347312.0000000000,19
100,254,0.0217752350,30347312.0000000000,6
100,255,0.0262292760,30347312.0000000000,17
100,256,0.0243393370,30347312.0000000000,15
100,257,0.0188750580,30347312.0000000000,5
100,258,0.0267348990,30347312.0000000000,11
100,259,0.0212007730,30347312.0000000000,21
100,260,0.0189132220,30347312.0000000000,5
100,261,0.0229866630,27355696.0000000000,9
100,262,0.0177835570,27355696.0000000000,23
100,263,0.0177399530,27355696.0000000000,4
100,264,0.0194203260,30347312.0000000000,21
100,265,0.0187401300,30347312.0000000000,3
100,266,0.0181452170,30347312.0000000000,23
100,267,0.0226571110,30347312.0000000000,18
100,268,0.0243349760,30347312.0000000000,9
100,269,0.0254214480,30347312.0000000000,12
100,270,0.0266624350,30347312.0000000000,10
100,271,0.0156872070,30347312.0000000000,8
100,272,0.0242112390,30347312.0000000000,17
100,273,0.0211020810,27355696.0000000000,11
100,274,0.0206235250,27355696.0000000000,17
100,275,0.0190599380,27355696.0000000000,19
150,0,8.5702608820,159602432.0000000000,19
150,1,8.2494951276,159615312.0000000000,10
150,2,8.2926240804,159593824.0000000000,20
150,3,8.3592763369,159587648.0000000000,11
150,4,8.5756772620,159625648.0000000000,4
150,5,8.6269921340,159664240.0000000000,12
150,6,8.3678091080,159732880.0000000000,9
150,7,8.5144032132,159784176.0000000000,3
150,8,8.6663187557,159816320.0000000000,15
150,9,7.8017215863,143871184.0000000000,17
150,10,7.7758693395,143834112.0000000000,14
150,11,7.5477720144,143769936.0000000000,13
150,12,12.6026296202,240011088.0000000000,1
150,13,12.6585302192,240069568.0000000000,23
150,14,12.5323001822,240061840.0000000000,0
150,15,12.5765614108,240066080.0000000000,9
150,16,12.5755321235,240061856.0000000000,22
150,17,12.6983006791,240067744.0000000000,0
150,18,12.5880461387,240064256.0000000000,7
150,19,12.5786622338,240064976.0000000000,2
150,20,12.7026759915,240060816.0000000000,21
150,21,11.4046269981,216100368.0000000000,6
150,22,11.3664131090,216103184.0000000000,7
150,23,11.3163841493,216046384.0000000000,11
150,24,12.6079769861,240020016.0000000000,7
150,25,12.6207497506,240065280.0000000000,2
150,26,12.6730402147,240064096.0000000000,11
150,27,12.5417402977,240062592.0000000000,19
150,28,12.7409325292,240060272.0000000000,13
150,29,12.5305341841,240061792.0000000000,19
150,30,12.5851940625,240065552.0000000000,18
150,31,12.6116051786,240063248.0000000000,14
150,32,12.6758799001,240062272.0000000000,22
150,33,11.2973948302,216100496.0000000000,20
150,34,11.3536058427,216098976.0000000000,12
150,35,10.2237834164,216060880.0000000000,19
150,36,12.5531223049,240017392.0000000000,5
150,37,12.6176662220,240064832.0000000000,8
150,38,12.5743875761,240065024.0000000000,5
150,39,12.5560525072,240057936.0000000000,17
150,40,12.6734364461,240068288.0000000000,21
150,41,12.6909605025,240058032.0000000000,3
150,42,12.6090558568,240065872.0000000000,12
150,43,12.6249113915,240061792.0000000000,10
150,44,12.5569432535,240061728.0000000000,16
150,45,11.3261514069,216101248.0000000000,15
150,46,11.4289782666,216102288.0000000000,9
150,47,11.2930596281,216055840.0000000000,9
150,48,12.6352784767,240023440.0000000000,6
150,49,12.6664662977,240060784.0000000000,22
150,50,12.5185249764,240064256.0000000000,20
150,51,12.6580065318,240063184.0000000000,16
150,52,12.6738963275,240062848.0000000000,2
150,53,12.6411903002,240065440.0000000000,17
150,54,12.7129674549,240058768.0000000000,23
150,55,11.3045337114,240067776.0000000000,20
150,56,12.6486985304,240064912.0000000000,1
150,57,10.3708720949,216100688.0000000000,17
150,58,11.3413716535,216097184.0000000000,14
150,59,11.3975637511,216058192.0000000000,15
150,60,12.7404174003,240018880.0000000000,10
150,61,12.6363197103,240062912.0000000000,6
150,62,12.6886364361,240062624.0000000000,18
150,63,12.7278695111,240061008.0000000000,0
150,64,12.6609504059,240066592.0000000000,21
150,65,12.6662772743,240063904.0000000000,18
150,66,12.5610219637,240064016.0000000000,15
150,67,12.7057365299,240060144.0000000000,23
150,68,12.4989132104,240064096.0000000000,4
150,69,10.5637240716,216096400.0000000000,10
150,70,11.3062750439,216103072.0000000000,4
150,71,11.3728454237,216054992.0000000000,3
150,72,12.6512735310,240001488.0000000000,1
150,73,12.5980989158,240066832.0000000000,5
150,74,12.6971960837,240062928.0000000000,8
150,75,11.4973096603,240064608.0000000000,4
150,76,12.1716476015,240067056.0000000000,11
150,77,12.6806479177,240058704.0000000000,8
150,78,11.5467122910,240069104.0000000000,12
150,79,12.6590632094,240067184.0000000000,13
150,80,11.4111186903,240055376.0000000000,3
150,81,11.3359594455,216102736.0000000000,14
150,82,11.4627828011,216102048.0000000000,16
150,83,11.3612727579,216037376.0000000000,13
150,84,4.6239690227,89809184.0000000000,23
150,85,4.2296177088,89820784.0000000000,1
150,86,4.4694519521,89822320.0000000000,0
150,87,4.5721946591,89817088.0000000000,21
150,88,4.5104861881,89819888.0000000000,16
150,89,3.8018025668,89822784.0000000000,2
150,90,4.4696011713,89824416.0000000000,8
150,91,4.5873035286,89821456.0000000000,7
150,92,4.1991925216,89824928.0000000000,18
150,93,3.8367107318,80879936.0000000000,6
150,94,3.8034106592,80884688.0000000000,5
150,95,3.9009012753,80868544.0000000000,22
150,96,0.8085914663,30347312.0000000000,16
150,97,0.7557090973,30347312.0000000000,14
150,98,0.8422143358,30347312.0000000000,13
150,99,0.8432910574,30347312.0000000000,13
150,100,0.8823984722,30347312.0000000000,0
150,101,0.7977508514,30347312.0000000000,21
150,102,0.8942554390,30347312.0000000000,9
150,103,0.8165409312,30347312.0000000000,10
150,104,0.8712437141,30347312.0000000000,0
150,105,0.6829524086,27355696.0000000000,1
150,106,0.6311222573,27355696.0000000000,17
150,107,0.7437584720,27355696.0000000000,21
150,108,0.7971233456,30347312.0000000000,9
150,109,0.7281369428,30347312.0000000000,20
150,110,0.8003976630,30347312.0000000000,17
150,111,0.8061403447,30347312.0000000000,10
150,112,0.7899910315,30347312.0000000000,7
150,113,0.7959182384,30347312.0000000000,13
150,114,0.7976715760,30347312.0000000000,16
150,115,0.8152647084,30347312.0000000000,8
150,116,0.7188026826,30347312.0000000000,15
150,117,0.6462478901,27355696.0000000000,2
150,118,0.7645557258,27355696.0000000000,8
150,119,0.6944786205,27355696.0000000000,23
150,120,0.8037834945,30347312.0000000000,6
150,121,0.8369219892,30347312.0000000000,9
150,122,0.8541051655,30347312.0000000000,23
150,123,0.7699936081,30347312.0000000000,10
150,124,0.8024780226,30347312.0000000000,14
150,125,0.7871146676,30347312.0000000000,3
150,126,0.7483214857,30347312.0000000000,0
150,127,0.7400421049,30347312.0000000000,20
150,128,0.7630208374,30347312.0000000000,16
150,129,0.6382026891,27355696.0000000000,0
150,130,0.7044315946,27355696.0000000000,11
150,131,0.7765196601,27355696.0000000000,13
150,132,0.8508077940,30347312.0000000000,13
150,133,0.7639706930,30347312.0000000000,5
150,134,0.8171427218,30347312.0000000000,23
150,135,0.7896521733,30347312.0000000000,3
150,136,0.8534354417,30347312.0000000000,5
150,137,0.8796390046,30347312.0000000000,2
150,138,0.8361574475,30347312.0000000000,1
150,139,0.7571660809,30347312.0000000000,16
150,140,0.7967570171,30347312.0000000000,19
150,141,0.6885804768,27355696.0000000000,1
150,142,0.7884349873,27355696.0000000000,18
150,143,0.7005356756,27355696.0000000000,6
150,144,0.8578856392,30347312.0000000000,7
150,145,0.8257133841,30347312.0000000000,22
150,146,0.8059606331,30347312.0000000000,8
150,147,0.8112890987,30347312.0000000000,21
150,148,0.9193712454,30347312.0000000000,19
150,149,0.8551712808,30347312.0000000000,18
150,150,0.7484543221,30347312.0000000000,12
150,151,0.7686567649,30347312.0000000000,8
150,152,0.7578983750,30347312.0000000000,14
150,153,0.6254356312,27355696.0000000000,4
150,154,0.6302657988,27355696.0000000000,16
150,155,0.6753048765,27355696.0000000000,18
150,156,0.7386602670,30347312.0000000000,20
150,157,0.7097879536,30347312.0000000000,16
150,158,0.7426888692,30347312.0000000000,8
150,159,0.8557298700,30347312.0000000000,22
150,160,0.7107953416,30347312.0000000000,14
150,161,0.7833814976,30347312.0000000000,3
150,162,0.7136088508,30347312.0000000000,13
150,163,0.8003561755,30347312.0000000000,2
150,164,0.6941785986,30347312.0000000000,8
150,165,0.6676939612,27355696.0000000000,15
150,166,0.6601560835,27355696.0000000000,14
150,167,0.6450374675,27355696.0000000000,4
150,168,0.7892489701,30347312.0000000000,1
150,169,0.7967566208,30347312.0000000000,12
150,170,0.8529806491,30347312.0000000000,5
150,171,0.8184499376,30347312.0000000000,2
150,172,0.7379594603,30347312.0000000000,0
150,173,0.7530797142,30347312.0000000000,4
150,174,0.8063559614,30347312.0000000000,1
150,175,0.9667246273,30347312.0000000000,22
150,176,0.8127771611,30347312.0000000000,7
150,177,0.7444631405,27355696.0000000000,7
150,178,0.7497380463,27355696.0000000000,7
150,179,0.5521083514,27355696.0000000000,11
150,180,0.8072264137,30347312.0000000000,21
150,181,0.8434484963,30347312.0000000000,3
150,182,0.8665476073,30347312.0000000000,7
150,183,0.8149671857,30347312.0000000000,21
150,184,0.6990908794,30347312.0000000000,16
150,185,0.7398991346,30347312.0000000000,20
150,186,0.8270835247,30347312.0000000000,19
150,187,0.7933266516,30347312.0000000000,23
150,188,0.8225701857,30347312.0000000000,1
150,189,0.7401626028,27355696.0000000000,17
150,190,0.7016748222,27355696.0000000000,2
150,191,0.7872506846,27355696.0000000000,18
150,192,0.8020477578,30347312.0000000000,10
150,193,0.8689279016,30347312.0000000000,7
150,194,0.8077853790,30347312.0000000000,3
150,195,0.8143396638,30347312.0000000000,5
150,196,0.8489209049,30347312.0000000000,11
150,197,0.7299157481,30347312.0000000000,15
150,198,0.7428100724,30347312.0000000000,14
150,199,0.8227389408,30347312.0000000000,2
150,200,0.6409298997,30347312.0000000000,0
150,201,0.6776043082,27355696.0000000000,1
150,202,0.6220696887,27355696.0000000000,4
150,203,0.6137479220,27355696.0000000000,0
150,204,0.6654983853,30347312.0000000000,0
150,205,0.7287006051,30347312.0000000000,11
150,206,0.8209112209,30347312.0000000000,6
150,207,0.7738947381,30347312.0000000000,2
150,208,0.7890855837,30347312.0000000000,20
150,209,0.7273077609,30347312.0000000000,15
150,210,0.7978625867,30347312.0000000000,6
150,211,0.8058912615,30347312.0000000000,3
150,212,0.8121493150,30347312.0000000000,12
150,213,0.7942625049,27355696.0000000000,22
150,214,0.6594205458,27355696.0000000000,3
150,215,0.7094754709,27355696.0000000000,6
150,216,0.6720545889,30347312.0000000000,8
150,217,0.7938938340,30347312.0000000000,6
150,218,0.8535334657,30347312.0000000000,22
150,219,0.7315843575,30347312.0000000000,14
150,220,0.6961816355,30347312.0000000000,23
150,221,0.6012975514,30347312.0000000000,0
150,222,0.7902563177,30347312.0000000000,13
150,223,0.8125403906,30347312.0000000000,18
150,224,0.8570391388,30347312.0000000000,19
150,225,0.5413057593,27355696.0000000000,13
150,226,0.5904267593,27355696.0000000000,3
150,227,0.7048086326,27355696.0000000000,4
150,228,0.7003709126,30347312.0000000000,2
150,229,0.8542201310,30347312.0000000000,22
150,230,0.7395670284,30347312.0000000000,20
150,231,0.7323020748,30347312.0000000000,15
150,232,0.6111154356,30347312.0000000000,3
150,233,0.6877714484,30347312.0000000000,21
150,234,0.7437199747,30347312.0000000000,1
150,235,0.8418392519,30347312.0000000000,9
150,236,0.6111123646,30347312.0000000000,14
150,237,0.7607449968,27355696.0000000000,12
150,238,0.6591725806,27355696.0000000000,10
150,239,0.7443556213,27355696.0000000000,6
150,240,0.7963656966,30347312.0000000000,12
150,241,0.8136520519,30347312.0000000000,5
150,242,0.7244018035,30347312.0000000000,22
150,243,0.8112604039,30347312.0000000000,5
150,244,0.8625088186,30347312.0000000000,18
150,245,0.5233622395,30347312.0000000000,13
150,246,0.5843425654,30347312.0000000000,14
150,247,0.9180448318,30347312.0000000000,7
150,248,0.8410701636,30347312.0000000000,9
150,249,0.5576589388,27355696.0000000000,1
150,250,0.6236907253,27355696.0000000000,17
150,251,0.7403421336,27355696.0000000000,4
150,252,0.8442634332,30347312.0000000000,23
150,253,0.8590969617,30347312.0000000000,19
150,254,0.7749027808,30347312.0000000000,6
150,255,0.9208394773,30347312.0000000000,17
150,256,0.7725919874,30347312.0000000000,15
150,257,0.8610334108,30347312.0000000000,5
150,258,0.7276410370,30347312.0000000000,11
150,259,0.5723227473,30347312.0000000000,21
150,260,0.7848475057,30347312.0000000000,5
150,261,0.7919712795,27355696.0000000000,9
150,262,0.5627073501,27355696.0000000000,23
150,263,0.5956471615,27355696.0000000000,4
150,264,0.6369506185,30347312.0000000000,21
150,265,0.5403161126,30347312.0000000000,3
150,266,0.5332026206,30347312.0000000000,23
150,267,0.8351788187,30347312.0000000000,18
150,268,0.8425935858,30347312.0000000000,9
150,269,0.7668161839,30347312.0000000000,12
150,270,0.7613555859,30347312.0000000000,10
150,271,0.5752520283,30347312.0000000000,8
150,272,0.8151300246,30347312.0000000000,17
150,273,0.5466416763,27355696.0000000000,11
150,274,0.6729728040,27355696.0000000000,17
150,275,0.6850369378,27355696.0000000000,19
200,0,0.2539300330,159486048.0000000000,19
200,1,0.2663690770,159476736.0000000000,10
200,2,0.2543986610,159416400.0000000000,20
200,3,0.2712471040,159427824.0000000000,11
200,4,0.2614929950,159528144.0000000000,4
200,5,0.2607595880,159640448.0000000000,12
200,6,0.2713688180,159767136.0000000000,9
200,7,0.2699471330,159897408.0000000000,3
200,8,0.2721782340,160004928.0000000000,15
200,9,0.2367011680,144044896.0000000000,17
200,10,0.2425386580,143958880.0000000000,14
200,11,0.2340929080,143838480.0000000000,13
200,12,0.3930176190,239991120.0000000000,1
200,13,0.3886123340,240072000.0000000000,23
200,14,0.3868611140,240062032.0000000000,0
200,15,0.3901822190,240061648.0000000000,9
200,16,0.3902407180,240063712.0000000000,22
200,17,0.3948747600,240066176.0000000000,0
200,18,0.3920942240,240063328.0000000000,7
200,19,0.3906869370,240067344.0000000000,2
200,20,0.3941214720,240064736.0000000000,21
200,21,0.3525349920,216099408.0000000000,6
200,22,0.3542260550,216102464.0000000000,7
200,23,0.3519307010,216026528.0000000000,11
200,24,0.3938752620,240012672.0000000000,7
200,25,0.3935126690,240064320.0000000000,2
200,26,0.3977875660,240066256.0000000000,11
200,27,0.3902859170,240060352.0000000000,19
200,28,0.3962607330,240065024.0000000000,13
200,29,0.3918720780,240062160.0000000000,19
200,30,0.3919217340,240064448.0000000000,18
200,31,0.3944947910,240058928.0000000000,14
200,32,0.3938514330,240063440.0000000000,22
200,33,0.3493202630,216100848.0000000000,20
200,34,0.3535603910,216100160.0000000000,12
200,35,0.3074075790,216050048.0000000000,19
200,36,0.3890443250,240013616.0000000000,5
200,37,0.3896631660,240062656.0000000000,8
200,38,0.3920957050,240063984.0000000000,5
200,39,0.3924428120,240059376.0000000000,17
200,40,0.3953513530,240061440.0000000000,21
200,41,0.3953924810,240064640.0000000000,3
200,42,0.3920829810,240062272.0000000000,12
200,43,0.3906535490,240064192.0000000000,10
200,44,0.3874352570,240062272.0000000000,16
200,45,0.3548083520,216097744.0000000000,15
200,46,0.3538382270,216101232.0000000000,9
200,47,0.3500630630,216050800.0000000000,9
200,48,0.3959441000,240016784.0000000000,6
200,49,0.3939315710,240064496.0000000000,22
200,50,0.3739980210,240062832.0000000000,20
200,51,0.3978766720,240062688.0000000000,16
200,52,0.3801359590,240067776.0000000000,2
200,53,0.3959886890,240061136.0000000000,17
200,54,0.3958431430,240060528.0000000000,23
200,55,0.3427384720,240064320.0000000000,20
200,56,0.3953010230,240067440.0000000000,1
200,57,0.3241128220,216100592.0000000000,17
200,58,0.3574184550,216095408.0000000000,14
200,59,0.3562414830,216050784.0000000000,15
200,60,0.3945049900,240006704.0000000000,10
200,61,0.3946489540,240060672.0000000000,6
200,62,0.3955476220,240064240.0000000000,18
200,63,0.3936617200,240056752.0000000000,0
200,64,0.3948030420,240063184.0000000000,21
200,65,0.3954097680,240062560.0000000000,18
200,66,0.3940696900,240066432.0000000000,15
200,67,0.3957345670,240059568.0000000000,23
200,68,0.3887678190,240064976.0000000000,4
200,69,0.3122469700,216095904.0000000000,10
200,70,0.3515382870,216108000.0000000000,4
200,71,0.3386706420,216046608.0000000000,3
200,72,0.3953729560,239983520.0000000000,1
200,73,0.3939442070,240068352.0000000000,5
200,74,0.3955958770,240061392.0000000000,8
200,75,0.3456368550,240069520.0000000000,4
200,76,0.3673606270,240067520.0000000000,11
200,77,0.3946854700,240058496.0000000000,8
200,78,0.3434506270,240066480.0000000000,12
200,79,0.3943307030,240067408.0000000000,13
200,80,0.3408730090,240049328.0000000000,3
200,81,0.3541368750,216107136.0000000000,14
200,82,0.3546196930,216095696.0000000000,16
200,83,0.3489966710,216012032.0000000000,13
200,84,0.1429739870,89800336.0000000000,23
200,85,0.1276969810,89819456.0000000000,1
200,86,0.1393799740,89822096.0000000000,0
200,87,0.1442090550,89814208.0000000000,21
200,88,0.1368275080,89821472.0000000000,16
200,89,0.1220417660,89823328.0000000000,2
200,90,0.1407673010,89824864.0000000000,8
200,91,0.1397811580,89825488.0000000000,7
200,92,0.1276351490,89824656.0000000000,18
200,93,0.1225826540,80878944.0000000000,6
200,94,0.1226106680,80887712.0000000000,5
200,95,0.1225914680,80862208.0000000000,22
200,96,0.0250284360,30347312.0000000000,16
200,97,0.0244811470,30347312.0000000000,14
200,98,0.0261297200,30347312.0000000000,13
200,99,0.0244935600,30347312.0000000000,13
200,100,0.0268709650,30347312.0000000000,0
200,101,0.0245779940,30347312.0000000000,21
200,102,0.0282472840,30347312.0000000000,9
200,103,0.0245232790,30347312.0000000000,10
200,104,0.0271001670,30347312.0000000000,0
200,105,0.0245212930,27355696.0000000000,1
200,106,0.0193073900,27355696.0000000000,17
200,107,0.0247225020,27355696.0000000000,21
200,108,0.0245361240,30347312.0000000000,9
200,109,0.0226122710,30347312.0000000000,20
200,110,0.0266518310,30347312.0000000000,17
200,111,0.0245125370,30347312.0000000000,10
200,112,0.0264646760,30347312.0000000000,7
200,113,0.0264887360,30347312.0000000000,13
200,114,0.0250314900,30347312.0000000000,16
200,115,0.0266493140,30347312.0000000000,8
200,116,0.0245832420,30347312.0000000000,15
200,117,0.0206319060,27355696.0000000000,2
200,118,0.0249964320,27355696.0000000000,8
200,119,0.0209880130,27355696.0000000000,23
200,120,0.0264148380,30347312.0000000000,6
200,121,0.0243905000,30347312.0000000000,9
200,122,0.0266869270,30347312.0000000000,23
200,123,0.0243954790,30347312.0000000000,10
200,124,0.0264429270,30347312.0000000000,14
200,125,0.0241991590,30347312.0000000000,3
200,126,0.0224219250,30347312.0000000000,0
200,127,0.0226378180,30347312.0000000000,20
200,128,0.0250459000,30347312.0000000000,16
200,129,0.0212374810,27355696.0000000000,0
200,130,0.0229409000,27355696.0000000000,11
200,131,0.0243097650,27355696.0000000000,13
200,132,0.0229090680,30347312.0000000000,13
200,133,0.0243840460,30347312.0000000000,5
200,134,0.0267446900,30347312.0000000000,23
200,135,0.0240982900,30347312.0000000000,3
200,136,0.0244402760,30347312.0000000000,5
200,137,0.0265645500,30347312.0000000000,2
200,138,0.0245393160,30347312.0000000000,1
200,139,0.0250026570,30347312.0000000000,16
200,140,0.0241633320,30347312.0000000000,19
200,141,0.0210752760,27355696.0000000000,1
200,142,0.0244488740,27355696.0000000000,18
200,143,0.0230009880,27355696.0000000000,6
200,144,0.0264835440,30347312.0000000000,7
200,145,0.0242610290,30347312.0000000000,22
200,146,0.0265362980,30347312.0000000000,8
200,147,0.0262667450,30347312.0000000000,21
200,148,0.0282143250,30347312.0000000000,19
200,149,0.0261549970,30347312.0000000000,18
200,150,0.0242451390,30347312.0000000000,12
200,151,0.0265581580,30347312.0000000000,8
200,152,0.0246084800,30347312.0000000000,14
200,153,0.0190624770,27355696.0000000000,4
200,154,0.0213834610,27355696.0000000000,16
200,155,0.0189592060,27355696.0000000000,18
200,156,0.0226125690,30347312.0000000000,20
200,157,0.0239716310,30347312.0000000000,16
200,158,0.0249084420,30347312.0000000000,8
200,159,0.0244680320,30347312.0000000000,22
200,160,0.0232125740,30347312.0000000000,14
200,161,0.0239489330,30347312.0000000000,3
200,162,0.0232261500,30347312.0000000000,13
200,163,0.0242514590,30347312.0000000000,2
200,164,0.0255506630,30347312.0000000000,8
200,165,0.0231500440,27355696.0000000000,15
200,166,0.0202138300,27355696.0000000000,14
200,167,0.0190688280,27355696.0000000000,4
200,168,0.0263713450,30347312.0000000000,1
200,169,0.0240600740,30347312.0000000000,12
200,170,0.0282875290,30347312.0000000000,5
200,171,0.0265399810,30347312.0000000000,2
200,172,0.0247146850,30347312.0000000000,0
200,173,0.0227169770,30347312.0000000000,4
200,174,0.0245555390,30347312.0000000000,1
200,175,0.0298425360,30347312.0000000000,22
200,176,0.0266157670,30347312.0000000000,7
200,177,0.0230518750,27355696.0000000000,7
200,178,0.0230146860,27355696.0000000000,7
200,179,0.0190423240,27355696.0000000000,11
200,180,0.0265264270,30347312.0000000000,21
200,181,0.0259548990,30347312.0000000000,3
200,182,0.0266151480,30347312.0000000000,7
200,183,0.0270084390,30347312.0000000000,21
200,184,0.0176474170,30347312.0000000000,16
200,185,0.0226536570,30347312.0000000000,20
200,186,0.0241778000,30347312.0000000000,19
200,187,0.0266156600,30347312.0000000000,23
200,188,0.0245624110,30347312.0000000000,1
200,189,0.0249911650,27355696.0000000000,17
200,190,0.0210260810,27355696.0000000000,2
200,191,0.0250211030,27355696.0000000000,18
200,192,0.0264631950,30347312.0000000000,10
200,193,0.0264905170,30347312.0000000000,7
200,194,0.0260912220,30347312.0000000000,3
200,195,0.0244346540,30347312.0000000000,5
200,196,0.0284125920,30347312.0000000000,11
200,197,0.0245683340,30347312.0000000000,15
200,198,0.0245314830,30347312.0000000000,14
200,199,0.0261867780,30347312.0000000000,2
200,200,0.0229083360,30347312.0000000000,0
200,201,0.0230011780,27355696.0000000000,1
200,202,0.0189842560,27355696.0000000000,4
200,203,0.0193060970,27355696.0000000000,0
200,204,0.0209175910,30347312.0000000000,0
200,205,0.0246547020,30347312.0000000000,11
200,206,0.0270194400,30347312.0000000000,6
200,207,0.0249343500,30347312.0000000000,2
200,208,0.0224741220,30347312.0000000000,20
200,209,0.0245098830,30347312.0000000000,15
200,210,0.0246535870,30347312.0000000000,6
200,211,0.0240828140,30347312.0000000000,3
200,212,0.0241848420,30347312.0000000000,12
200,213,0.0243219580,27355696.0000000000,22
200,214,0.0189898780,27355696.0000000000,3
200,215,0.0207084850,27355696.0000000000,6
200,216,0.0218153470,30347312.0000000000,8
200,217,0.0245503280,30347312.0000000000,6
200,218,0.0261181860,30347312.0000000000,22
200,219,0.0226898070,30347312.0000000000,14
200,220,0.0249101390,30347312.0000000000,23
200,221,0.0188034140,30347312.0000000000,0
200,222,0.0248993430,30347312.0000000000,13
200,223,0.0257763640,30347312.0000000000,18
200,224,0.0241833500,30347312.0000000000,19
200,225,0.0160417200,27355696.0000000000,13
200,226,0.0195134400,27355696.0000000000,3
200,227,0.0190186930,27355696.0000000000,4
200,228,0.0228659060,30347312.0000000000,2
200,229,0.0262230470,30347312.0000000000,22
200,230,0.0224972750,30347312.0000000000,20
200,231,0.0246488730,30347312.0000000000,15
200,232,0.0195097030,30347312.0000000000,3
200,233,0.0230075940,30347312.0000000000,21
200,234,0.0229534640,30347312.0000000000,1
200,235,0.0257604570,30347312.0000000000,9
200,236,0.0171099930,30347312.0000000000,14
200,237,0.0225835290,27355696.0000000000,12
200,238,0.0208902350,27355696.0000000000,10
200,239,0.0229656180,27355696.0000000000,6
200,240,0.0241624510,30347312.0000000000,12
200,241,0.0260180530,30347312.0000000000,5
200,242,0.0219889420,30347312.0000000000,22
200,243,0.0260519280,30347312.0000000000,5
200,244,0.0246348410,30347312.0000000000,18
200,245,0.0159938680,30347312.0000000000,13
200,246,0.0160706340,30347312.0000000000,14
200,247,0.0283529940,30347312.0000000000,7
200,248,0.0260146290,30347312.0000000000,9
200,249,0.0159810590,27355696.0000000000,1
200,250,0.0195344210,27355696.0000000000,17
200,251,0.0209939090,27355696.0000000000,4
200,252,0.0259676050,30347312.0000000000,23
200,253,0.0242956990,30347312.0000000000,19
200,254,0.0246605320,30347312.0000000000,6
200,255,0.0284475470,30347312.0000000000,17
200,256,0.0248145710,30347312.0000000000,15
200,257,0.0261024060,30347312.0000000000,5
200,258,0.0245490070,30347312.0000000000,11
200,259,0.0193479970,30347312.0000000000,21
200,260,0.0259022470,30347312.0000000000,5
200,261,0.0245432080,27355696.0000000000,9
200,262,0.0193186720,27355696.0000000000,23
200,263,0.0169394030,27355696.0000000000,4
200,264,0.0210572870,30347312.0000000000,21
200,265,0.0166730570,30347312.0000000000,3
200,266,0.0192346170,30347312.0000000000,23
200,267,0.0245935730,30347312.0000000000,18
200,268,0.0258993560,30347312.0000000000,9
200,269,0.0242073470,30347312.0000000000,12
200,270,0.0246515640,30347312.0000000000,10
200,271,0.0183853160,30347312.0000000000,8
200,272,0.0242100510,30347312.0000000000,17
200,273,0.0194753230,27355696.0000000000,11
200,274,0.0185761240,27355696.0000000000,17
200,275,0.0186772510,27355696.0000000000,19
250,0,8.5703115854,159298336.0000000000,19
250,1,8.4355036774,159263296.0000000000,10
250,2,8.3803362079,159141920.0000000000,20
250,3,8.6260665562,159214048.0000000000,11
250,4,8.8066701483,159416448.0000000000,4
250,5,8.8784065760,159601456.0000000000,12
250,6,8.5828957180,159793072.0000000000,9
250,7,8.6137157235,160032704.0000000000,3
250,8,8.8787042911,160267120.0000000000,15
250,9,7.9185170656,144335424.0000000000,17
250,10,7.8408808032,144189600.0000000000,14
250,11,7.6134083313,143968288.0000000000,13
250,12,12.5933903208,239974624.0000000000,1
250,13,12.6593569453,240074656.0000000000,23
250,14,12.3988626433,240064192.0000000000,0
250,15,12.5733151022,240060688.0000000000,9
250,16,12.5936156230,240064192.0000000000,22
250,17,12.6944166112,240071248.0000000000,0
250,18,12.5383087082,240068672.0000000000,7
250,19,12.5009700763,240066832.0000000000,2
250,20,12.7529842399,240062288.0000000000,21
250,21,11.4048154811,216104640.0000000000,6
250,22,11.3581664582,216101168.0000000000,7
250,23,11.3607463976,216006688.0000000000,11
250,24,12.6652179623,240012336.0000000000,7
250,25,12.6548437785,240061168.0000000000,2
250,26,12.7291382997,240067632.0000000000,11
250,27,12.5751458156,240059808.0000000000,19
250,28,12.7321944628,240067008.0000000000,13
250,29,12.5894790152,240060368.0000000000,19
250,30,12.5727730727,240065568.0000000000,18
250,31,12.5924643306,240061280.0000000000,14
250,32,12.6816235214,240065776.0000000000,22
250,33,11.3444543038,216099584.0000000000,20
250,34,11.3516427363,216103744.0000000000,12
250,35,10.2524624906,216045168.0000000000,19
250,36,12.4813027711,240007344.0000000000,5
250,37,12.5540815820,240060832.0000000000,8
250,38,12.6004366617,240062400.0000000000,5
250,39,12.5727029371,240065040.0000000000,17
250,40,12.7388639971,240060624.0000000000,21
250,41,12.6744224751,240064960.0000000000,3
250,42,12.6161911658,240058816.0000000000,12
250,43,12.6619582126,240063472.0000000000,10
250,44,12.5632273842,240063072.0000000000,16
250,45,11.3839974234,216098592.0000000000,15
250,46,11.3975198494,216102480.0000000000,9
250,47,11.2759455849,216044816.0000000000,9
250,48,12.6797634910,240007536.0000000000,6
250,49,12.6824501293,240064400.0000000000,22
250,50,12.5137448896,240062432.0000000000,20
250,51,12.6690716456,240066432.0000000000,16
250,52,12.7120795017,240063616.0000000000,2
250,53,12.6743278607,240065648.0000000000,17
250,54,12.7353164911,240064304.0000000000,23
250,55,11.2168688834,240063472.0000000000,20
250,56,12.6873569504,240066656.0000000000,1
250,57,10.3901529431,216103632.0000000000,17
250,58,11.3333858876,216097312.0000000000,14
250,59,11.4492431100,216044848.0000000000,15
250,60,12.7776490652,239996816.0000000000,10
250,61,12.6716496201,240063296.0000000000,6
250,62,12.7346063042,240065040.0000000000,18
250,63,12.7427892030,240055824.0000000000,0
250,64,12.7144846090,240070240.0000000000,21
250,65,12.7327522031,240062144.0000000000,18
250,66,12.6267259802,240064640.0000000000,15
250,67,12.7424952704,240058880.0000000000,23
250,68,12.5009790719,240068224.0000000000,4
250,69,10.5729472036,216090800.0000000000,10
250,70,11.3359688901,216103808.0000000000,4
250,71,11.3845764676,216040480.0000000000,3
250,72,12.6861061581,239964976.0000000000,1
250,73,12.6341354463,240068240.0000000000,5
250,74,12.6655183522,240061568.0000000000,8
250,75,11.4387367701,240068336.0000000000,4
250,76,12.2085651982,240063056.0000000000,11
250,77,12.6922583077,240057904.0000000000,8
250,78,11.5289762025,240061168.0000000000,12
250,79,12.6963615615,240067632.0000000000,13
250,80,11.3938749962,240049584.0000000000,3
250,81,11.3228346873,216109024.0000000000,14
250,82,11.5080092204,216097936.0000000000,16
250,83,11.4303637661,215989552.0000000000,13
250,84,4.6420314901,89795216.0000000000,23
250,85,4.2250950318,89820672.0000000000,1
250,86,4.5255393667,89821184.0000000000,0
250,87,4.5806475082,89817984.0000000000,21
250,88,4.5017430323,89819952.0000000000,16
250,89,3.8110604296,89823584.0000000000,2
250,90,4.5273724612,89827280.0000000000,8
250,91,4.5885810439,89827840.0000000000,7
250,92,4.2194486606,89824000.0000000000,18
250,93,3.8423802603,80880736.0000000000,6
250,94,3.8105459343,80887072.0000000000,5
250,95,3.9119202868,80856288.0000000000,22
250,96,0.8174549616,30347312.0000000000,16
250,97,0.7229485808,30347312.0000000000,14
250,98,0.8422111504,30347312.0000000000,13
250,99,0.8419940009,30347312.0000000000,13
250,100,0.8881707819,30347312.0000000000,0
250,101,0.7955923435,30347312.0000000000,21
250,102,0.8911851460,30347312.0000000000,9
250,103,0.8064182195,30347312.0000000000,10
250,104,0.8700821531,30347312.0000000000,0
250,105,0.6744442874,27355696.0000000000,1
250,106,0.6326516092,27355696.0000000000,17
250,107,0.7384640418,27355696.0000000000,21
250,108,0.7968441173,30347312.0000000000,9
250,109,0.7311881019,30347312.0000000000,20
250,110,0.8016365150,30347312.0000000000,17
250,111,0.7665081013,30347312.0000000000,10
250,112,0.8220559204,30347312.0000000000,7
250,113,0.7964723202,30347312.0000000000,13
250,114,0.8165079889,30347312.0000000000,16
250,115,0.8161902347,30347312.0000000000,8
250,116,0.7376685150,30347312.0000000000,15
250,117,0.6491904928,27355696.0000000000,2
250,118,0.7628292508,27355696.0000000000,8
250,119,0.6967360669,27355696.0000000000,23
250,120,0.8115217153,30347312.0000000000,6
250,121,0.8373758162,30347312.0000000000,9
250,122,0.8579479116,30347312.0000000000,23
250,123,0.7386060795,30347312.0000000000,10
250,124,0.7759843167,30347312.0000000000,14
250,125,0.7861289446,30347312.0000000000,3
250,126,0.7796095214,30347312.0000000000,0
250,127,0.7406185307,30347312.0000000000,20
250,128,0.7665948415,30347312.0000000000,16
250,129,0.6979186739,27355696.0000000000,0
250,130,0.7256914387,27355696.0000000000,11
250,131,0.7726125732,27355696.0000000000,13
250,132,0.8518672013,30347312.0000000000,13
250,133,0.7610609407,30347312.0000000000,5
250,134,0.8264078004,30347312.0000000000,23
250,135,0.7886904759,30347312.0000000000,3
250,136,0.8534029299,30347312.0000000000,5
250,137,0.8780818300,30347312.0000000000,2
250,138,0.8396852313,30347312.0000000000,1
250,139,0.7592333937,30347312.0000000000,16
250,140,0.7972082688,30347312.0000000000,19
250,141,0.6886574370,27355696.0000000000,1
250,142,0.7917113377,27355696.0000000000,18
250,143,0.6989996282,27355696.0000000000,6
250,144,0.8540017678,30347312.0000000000,7
250,145,0.8278785187,30347312.0000000000,22
250,146,0.8149910173,30347312.0000000000,8
250,147,0.8067906459,30347312.0000000000,21
250,148,0.9183254605,30347312.0000000000,19
250,149,0.8559775136,30347312.0000000000,18
250,150,0.7905862176,30347312.0000000000,12
250,151,0.8049834239,30347312.0000000000,8
250,152,0.7243400007,30347312.0000000000,14
250,153,0.6195231368,27355696.0000000000,4
250,154,0.6323856896,27355696.0000000000,16
250,155,0.6769798945,27355696.0000000000,18
250,156,0.7391874504,30347312.0000000000,20
250,157,0.6770638822,30347312.0000000000,16
250,158,0.7815615391,30347312.0000000000,8
250,159,0.8547732755,30347312.0000000000,22
250,160,0.7045865402,30347312.0000000000,14
250,161,0.7856020220,30347312.0000000000,3
250,162,0.7164870153,30347312.0000000000,13
250,163,0.8082310974,30347312.0000000000,2
250,164,0.7163693724,30347312.0000000000,8
250,165,0.6843836557,27355696.0000000000,15
250,166,0.6143197622,27355696.0000000000,14
250,167,0.6494363359,27355696.0000000000,4
250,168,0.7850266387,30347312.0000000000,1
250,169,0.8096043632,30347312.0000000000,12
250,170,0.8436502479,30347312.0000000000,5
250,171,0.8143599765,30347312.0000000000,2
250,172,0.7671142102,30347312.0000000000,0
250,173,0.8052408815,30347312.0000000000,4
250,174,0.8057069839,30347312.0000000000,1
250,175,0.9684334037,30347312.0000000000,22
250,176,0.8381151100,30347312.0000000000,7
250,177,0.7294712391,27355696.0000000000,7
250,178,0.7123656181,27355696.0000000000,7
250,179,0.5654256717,27355696.0000000000,11
250,180,0.8071160520,30347312.0000000000,21
250,181,0.8432037455,30347312.0000000000,3
250,182,0.8611288419,30347312.0000000000,7
250,183,0.8236814832,30347312.0000000000,21
250,184,0.6884347360,30347312.0000000000,16
250,185,0.7404566903,30347312.0000000000,20
250,186,0.8371113867,30347312.0000000000,19
250,187,0.7958127080,30347312.0000000000,23
250,188,0.8185351767,30347312.0000000000,1
250,189,0.7409520786,27355696.0000000000,17
250,190,0.7002233759,27355696.0000000000,2
250,191,0.7878821418,27355696.0000000000,18
250,192,0.7757102105,30347312.0000000000,10
250,193,0.8856664710,30347312.0000000000,7
250,194,0.7863892528,30347312.0000000000,3
250,195,0.8134648070,30347312.0000000000,5
250,196,0.8671699364,30347312.0000000000,11
250,197,0.7441518088,30347312.0000000000,15
250,198,0.7192603620,30347312.0000000000,14
250,199,0.8230328758,30347312.0000000000,2
250,200,0.6499795955,30347312.0000000000,0
250,201,0.6702366255,27355696.0000000000,1
250,202,0.6762154699,27355696.0000000000,4
250,203,0.6007155713,27355696.0000000000,0
250,204,0.6605485028,30347312.0000000000,0
250,205,0.7450070343,30347312.0000000000,11
250,206,0.8131247289,30347312.0000000000,6
250,207,0.7848429550,30347312.0000000000,2
250,208,0.7992602333,30347312.0000000000,20
250,209,0.7447482274,30347312.0000000000,15
250,210,0.8005080686,30347312.0000000000,6
250,211,0.8215903435,30347312.0000000000,3
250,212,0.8030581804,30347312.0000000000,12
250,213,0.7945348022,27355696.0000000000,22
250,214,0.6625478501,27355696.0000000000,3
250,215,0.7146718330,27355696.0000000000,6
250,216,0.6587485315,30347312.0000000000,8
250,217,0.7934451943,30347312.0000000000,6
250,218,0.8527699351,30347312.0000000000,22
250,219,0.7333581135,30347312.0000000000,14
250,220,0.7092008472,30347312.0000000000,23
250,221,0.6053591665,30347312.0000000000,0
250,222,0.7840641511,30347312.0000000000,13
250,223,0.8121259617,30347312.0000000000,18
250,224,0.8564307221,30347312.0000000000,19
250,225,0.5378978674,27355696.0000000000,13
250,226,0.5822617716,27355696.0000000000,3
250,227,0.6631686685,27355696.0000000000,4
250,228,0.7087888745,30347312.0000000000,2
250,229,0.8544184055,30347312.0000000000,22
250,230,0.7387304186,30347312.0000000000,20
250,231,0.7477554417,30347312.0000000000,15
250,232,0.6312101491,30347312.0000000000,3
250,233,0.6905459825,30347312.0000000000,21
250,234,0.7398957279,30347312.0000000000,1
250,235,0.8433771031,30347312.0000000000,9
250,236,0.5902373747,30347312.0000000000,14
250,237,0.7273061364,27355696.0000000000,12
250,238,0.6206127556,27355696.0000000000,10
250,239,0.7447687585,27355696.0000000000,6
250,240,0.7999687953,30347312.0000000000,12
250,241,0.8111209314,30347312.0000000000,5
250,242,0.7238397770,30347312.0000000000,22
250,243,0.8106251730,30347312.0000000000,5
250,244,0.8647575707,30347312.0000000000,18
250,245,0.5223902709,30347312.0000000000,13
250,246,0.6058553768,30347312.0000000000,14
250,247,0.9012427866,30347312.0000000000,7
250,248,0.8415921723,30347312.0000000000,9
250,249,0.5645663888,27355696.0000000000,1
250,250,0.6246286985,27355696.0000000000,17
250,251,0.7275052605,27355696.0000000000,4
250,252,0.8230099065,30347312.0000000000,23
250,253,0.8617810485,30347312.0000000000,19
250,254,0.7681626874,30347312.0000000000,6
250,255,0.9330326807,30347312.0000000000,17
250,256,0.7960298040,30347312.0000000000,15
250,257,0.8592982013,30347312.0000000000,5
250,258,0.7450026961,30347312.0000000000,11
250,259,0.5720169173,30347312.0000000000,21
250,260,0.7780644024,30347312.0000000000,5
250,261,0.7932109617,27355696.0000000000,9
250,262,0.5709351598,27355696.0000000000,23
250,263,0.6407658708,27355696.0000000000,4
250,264,0.6405625193,30347312.0000000000,21
250,265,0.5448688050,30347312.0000000000,3
250,266,0.5411594867,30347312.0000000000,23
250,267,0.8369878388,30347312.0000000000,18
250,268,0.8426244307,30347312.0000000000,9
250,269,0.7997849471,30347312.0000000000,12
250,270,0.7262786151,30347312.0000000000,10
250,271,0.5734124499,30347312.0000000000,8
250,272,0.8660584026,30347312.0000000000,17
250,273,0.5657337161,27355696.0000000000,11
250,274,0.6894849377,27355696.0000000000,17
250,275,0.6822890842,27355696.0000000000,19
300,0,0.2563285690,158995072.0000000000,19
300,1,0.2722414480,158905632.0000000000,10
300,2,0.2585409920,158703856.0000000000,20
300,3,0.2691950120,158879248.0000000000,11
300,4,0.2661849620,159179680.0000000000,4
300,5,0.2725505890,159415872.0000000000,12
300,6,0.2751613430,159686992.0000000000,9
300,7,0.2718947620,160047504.0000000000,3
300,8,0.2827301110,160534688.0000000000,15
300,9,0.2449828200,144746688.0000000000,17
300,10,0.2450817850,144527056.0000000000,14
300,11,0.2380806050,144162384.0000000000,13
300,12,0.3919216780,239962128.0000000000,1
300,13,0.3880302500,240083552.0000000000,23
300,14,0.3856934600,240093792.0000000000,0
300,15,0.3908144020,240146512.0000000000,9
300,16,0.3907763590,240218752.0000000000,22
300,17,0.3948346660,240272624.0000000000,0
300,18,0.3928599110,240273296.0000000000,7
300,19,0.3911820250,240199152.0000000000,2
300,20,0.3913423050,240121536.0000000000,21
300,21,0.3533597690,216129840.0000000000,6
300,22,0.3513025590,216099760.0000000000,7
300,23,0.3531156500,215991792.0000000000,11
300,24,0.3940681930,240000976.0000000000,7
300,25,0.3936815560,240062608.0000000000,2
300,26,0.3975135660,240064416.0000000000,11
300,27,0.3907914790,240066848.0000000000,19
300,28,0.3938135370,240063072.0000000000,13
300,29,0.3906048370,240062752.0000000000,19
300,30,0.3925928750,240062144.0000000000,18
300,31,0.3939268540,240063136.0000000000,14
300,32,0.3939252350,240064752.0000000000,22
300,33,0.3513358290,216099744.0000000000,20
300,34,0.3536020900,216102928.0000000000,12
300,35,0.3086512670,216041248.0000000000,19
300,36,0.3860269160,240001232.0000000000,5
300,37,0.3916982080,240063840.0000000000,8
300,38,0.3889429020,240062368.0000000000,5
300,39,0.3924360010,240062416.0000000000,17
300,40,0.3953027020,240060384.0000000000,21
300,41,0.3977547300,240062256.0000000000,3
300,42,0.3936979330,240063728.0000000000,12
300,43,0.3904994030,240061152.0000000000,10
300,44,0.3886499610,240066768.0000000000,16
300,45,0.3552614450,216099920.0000000000,15
300,46,0.3547606470,216095792.0000000000,9
300,47,0.3501583430,216037632.0000000000,9
300,48,0.3966169070,240005344.0000000000,6
300,49,0.3939381700,240060192.0000000000,22
300,50,0.3688105950,240061760.0000000000,20
300,51,0.3945550650,240061264.0000000000,16
300,52,0.3802675370,240063216.0000000000,2
300,53,0.3943441760,240062432.0000000000,17
300,54,0.3960710310,240062288.0000000000,23
300,55,0.3381563010,240065248.0000000000,20
300,56,0.3956016830,240059152.0000000000,1
300,57,0.3203778650,216101904.0000000000,17
300,58,0.3524344930,216099728.0000000000,14
300,59,0.3585721430,216039088.0000000000,15
300,60,0.3966967170,239986704.0000000000,10
300,61,0.3946713720,240061744.0000000000,6
300,62,0.3954473600,240066960.0000000000,18
300,63,0.3949578470,240061840.0000000000,0
300,64,0.3957116250,240069408.0000000000,21
300,65,0.3955197330,240065328.0000000000,18
300,66,0.3940576780,240062000.0000000000,15
300,67,0.3958844180,240062576.0000000000,23
300,68,0.3881394360,240066272.0000000000,4
300,69,0.3142166080,216096240.0000000000,10
300,70,0.3511729790,216102576.0000000000,4
300,71,0.3325761680,216035408.0000000000,3
300,72,0.3939126530,239942400.0000000000,1
300,73,0.3918765730,240067136.0000000000,5
300,74,0.3942707000,240062320.0000000000,8
300,75,0.3407678560,240065392.0000000000,4
300,76,0.3737280910,240061632.0000000000,11
300,77,0.3962605540,240058960.0000000000,8
300,78,0.3413311340,240061488.0000000000,12
300,79,0.3922003470,240067392.0000000000,13
300,80,0.3449395530,240045312.0000000000,3
300,81,0.3557478850,216111024.0000000000,14
300,82,0.3566987030,216096560.0000000000,16
300,83,0.3494736900,215968256.0000000000,13
300,84,0.1408366810,89790672.0000000000,23
300,85,0.1259810890,89822064.0000000000,1
300,86,0.1369161770,89820432.0000000000,0
300,87,0.1441273250,89817984.0000000000,21
300,88,0.1385021620,89822800.0000000000,16
300,89,0.1238359360,89820912.0000000000,2
300,90,0.1389947460,89827696.0000000000,8
300,91,0.1421925720,89825920.0000000000,7
300,92,0.1277052970,89822480.0000000000,18
300,93,0.1205495940,80881392.0000000000,6
300,94,0.1189164460,80888928.0000000000,5
300,95,0.1226227440,80850448.0000000000,22
300,96,0.0250168780,30347312.0000000000,16
300,97,0.0228748540,30347312.0000000000,14
300,98,0.0244223050,30347312.0000000000,13
300,99,0.0245352830,30347312.0000000000,13
300,100,0.0269031980,30347312.0000000000,0
300,101,0.0258306660,30347312.0000000000,21
300,102,0.0267766660,30347312.0000000000,9
300,103,0.0228301790,30347312.0000000000,10
300,104,0.0270896180,30347312.0000000000,0
300,105,0.0208853590,27355696.0000000000,1
300,106,0.0230593110,27355696.0000000000,17
300,107,0.0247134440,27355696.0000000000,21
300,108,0.0229422660,30347312.0000000000,9
300,109,0.0222979360,30347312.0000000000,20
300,110,0.0253659060,30347312.0000000000,17
300,111,0.0230616560,30347312.0000000000,10
300,112,0.0248895800,30347312.0000000000,7
300,113,0.0228923790,30347312.0000000000,13
300,114,0.0250359260,30347312.0000000000,16
300,115,0.0266627150,30347312.0000000000,8
300,116,0.0243597650,30347312.0000000000,15
300,117,0.0187708040,27355696.0000000000,2
300,118,0.0251093930,27355696.0000000000,8
300,119,0.0231091560,27355696.0000000000,23
300,120,0.0265061490,30347312.0000000000,6
300,121,0.0242579170,30347312.0000000000,9
300,122,0.0266973740,30347312.0000000000,23
300,123,0.0229571560,30347312.0000000000,10
300,124,0.0228776090,30347312.0000000000,14
300,125,0.0240716060,30347312.0000000000,3
300,126,0.0228279190,30347312.0000000000,0
300,127,0.0226274050,30347312.0000000000,20
300,128,0.0232150510,30347312.0000000000,16
300,129,0.0213153020,27355696.0000000000,0
300,130,0.0230976950,27355696.0000000000,11
300,131,0.0234308090,27355696.0000000000,13
300,132,0.0243913870,30347312.0000000000,13
300,133,0.0228481690,30347312.0000000000,5
300,134,0.0266882250,30347312.0000000000,23
300,135,0.0242431380,30347312.0000000000,3
300,136,0.0228213280,30347312.0000000000,5
300,137,0.0284404540,30347312.0000000000,2
300,138,0.0245803620,30347312.0000000000,1
300,139,0.0236963950,30347312.0000000000,16
300,140,0.0242269600,30347312.0000000000,19
300,141,0.0193121730,27355696.0000000000,1
300,142,0.0244806700,27355696.0000000000,18
300,143,0.0249206500,27355696.0000000000,6
300,144,0.0265906830,30347312.0000000000,7
300,145,0.0243028070,30347312.0000000000,22
300,146,0.0264601540,30347312.0000000000,8
300,147,0.0264638110,30347312.0000000000,21
300,148,0.0261637520,30347312.0000000000,19
300,149,0.0261687510,30347312.0000000000,18
300,150,0.0242134810,30347312.0000000000,12
300,151,0.0265201600,30347312.0000000000,8
300,152,0.0229900280,30347312.0000000000,14
300,153,0.0190914850,27355696.0000000000,4
300,154,0.0193942630,27355696.0000000000,16
300,155,0.0189659140,27355696.0000000000,18
300,156,0.0226109920,30347312.0000000000,20
300,157,0.0229058420,30347312.0000000000,16
300,158,0.0265725600,30347312.0000000000,8
300,159,0.0243974030,30347312.0000000000,22
300,160,0.0214660310,30347312.0000000000,14
300,161,0.0240599450,30347312.0000000000,3
300,162,0.0211513630,30347312.0000000000,13
300,163,0.0243713770,30347312.0000000000,2
300,164,0.0233764430,30347312.0000000000,8
300,165,0.0226781960,27355696.0000000000,15
300,166,0.0220802280,27355696.0000000000,14
300,167,0.0190813480,27355696.0000000000,4
300,168,0.0250834140,30347312.0000000000,1
300,169,0.0240109200,30347312.0000000000,12
300,170,0.0248177880,30347312.0000000000,5
300,171,0.0244799770,30347312.0000000000,2
300,172,0.0247362220,30347312.0000000000,0
300,173,0.0226944420,30347312.0000000000,4
300,174,0.0247890060,30347312.0000000000,1
300,175,0.0298929400,30347312.0000000000,22
300,176,0.0265900820,30347312.0000000000,7
300,177,0.0208559800,27355696.0000000000,7
300,178,0.0250690770,27355696.0000000000,7
300,179,0.0189219360,27355696.0000000000,11
300,180,0.0265262520,30347312.0000000000,21
300,181,0.0279118720,30347312.0000000000,3
300,182,0.0266376440,30347312.0000000000,7
300,183,0.0267620380,30347312.0000000000,21
300,184,0.0199122950,30347312.0000000000,16
300,185,0.0226198290,30347312.0000000000,20
300,186,0.0241603720,30347312.0000000000,19
300,187,0.0265851090,30347312.0000000000,23
300,188,0.0229858860,30347312.0000000000,1
300,189,0.0208240920,27355696.0000000000,17
300,190,0.0229435620,27355696.0000000000,2
300,191,0.0250446910,27355696.0000000000,18
300,192,0.0228234150,30347312.0000000000,10
300,193,0.0265206380,30347312.0000000000,7
300,194,0.0224665090,30347312.0000000000,3
300,195,0.0263924370,30347312.0000000000,5
300,196,0.0284209330,30347312.0000000000,11
300,197,0.0245603920,30347312.0000000000,15
300,198,0.0228703270,30347312.0000000000,14
300,199,0.0242883060,30347312.0000000000,2
300,200,0.0229173530,30347312.0000000000,0
300,201,0.0193954970,27355696.0000000000,1
300,202,0.0190067220,27355696.0000000000,4
300,203,0.0200109150,27355696.0000000000,0
300,204,0.0227253100,30347312.0000000000,0
300,205,0.0246520110,30347312.0000000000,11
300,206,0.0250183790,30347312.0000000000,6
300,207,0.0265826370,30347312.0000000000,2
300,208,0.0246037400,30347312.0000000000,20
300,209,0.0246819690,30347312.0000000000,15
300,210,0.0245889490,30347312.0000000000,6
300,211,0.0246022370,30347312.0000000000,3
300,212,0.0242225800,30347312.0000000000,12
300,213,0.0242969050,27355696.0000000000,22
300,214,0.0228234510,27355696.0000000000,3
300,215,0.0228240810,27355696.0000000000,6
300,216,0.0228330250,30347312.0000000000,8
300,217,0.0244436360,30347312.0000000000,6
300,218,0.0261003600,30347312.0000000000,22
300,219,0.0201393680,30347312.0000000000,14
300,220,0.0249793380,30347312.0000000000,23
300,221,0.0206894180,30347312.0000000000,0
300,222,0.0234361800,30347312.0000000000,13
300,223,0.0257524340,30347312.0000000000,18
300,224,0.0241660530,30347312.0000000000,19
300,225,0.0181587140,27355696.0000000000,13
300,226,0.0154051500,27355696.0000000000,3
300,227,0.0190620010,27355696.0000000000,4
300,228,0.0230364830,30347312.0000000000,2
300,229,0.0261816060,30347312.0000000000,22
300,230,0.0223816680,30347312.0000000000,20
300,231,0.0246392050,30347312.0000000000,15
300,232,0.0197679160,30347312.0000000000,3
300,233,0.0230705400,30347312.0000000000,21
300,234,0.0214758120,30347312.0000000000,1
300,235,0.0243670380,30347312.0000000000,9
300,236,0.0172026130,30347312.0000000000,14
300,237,0.0224600630,27355696.0000000000,12
300,238,0.0214359350,27355696.0000000000,10
300,239,0.0230386080,27355696.0000000000,6
300,240,0.0242708540,30347312.0000000000,12
300,241,0.0245104460,30347312.0000000000,5
300,242,0.0219832870,30347312.0000000000,22
300,243,0.0245184910,30347312.0000000000,5
300,244,0.0245542530,30347312.0000000000,18
300,245,0.0174406320,30347312.0000000000,13
300,246,0.0156172900,30347312.0000000000,14
300,247,0.0263603470,30347312.0000000000,7
300,248,0.0244353800,30347312.0000000000,9
300,249,0.0138522350,27355696.0000000000,1
300,250,0.0203353850,27355696.0000000000,17
300,251,0.0209870260,27355696.0000000000,4
300,252,0.0256257810,30347312.0000000000,23
300,253,0.0242940780,30347312.0000000000,19
300,254,0.0246640430,30347312.0000000000,6
300,255,0.0262009040,30347312.0000000000,17
300,256,0.0248375880,30347312.0000000000,15
300,257,0.0244702490,30347312.0000000000,5
300,258,0.0246537720,30347312.0000000000,11
300,259,0.0195752420,30347312.0000000000,21
300,260,0.0242577280,30347312.0000000000,5
300,261,0.0228564190,27355696.0000000000,9
300,262,0.0201634730,27355696.0000000000,23
300,263,0.0169686160,27355696.0000000000,4
300,264,0.0217679700,30347312.0000000000,21
300,265,0.0166961220,30347312.0000000000,3
300,266,0.0181942800,30347312.0000000000,23
300,267,0.0246145100,30347312.0000000000,18
300,268,0.0244484770,30347312.0000000000,9
300,269,0.0242428910,30347312.0000000000,12
300,270,0.0229944650,30347312.0000000000,10
300,271,0.0201124960,30347312.0000000000,8
300,272,0.0242456680,30347312.0000000000,17
300,273,0.0190184030,27355696.0000000000,11
300,274,0.0206018520,27355696.0000000000,17
300,275,0.0207029270,27355696.0000000000,19
350,0,8.5759621283,158625408.0000000000,19
350,1,8.4328002862,158430032.0000000000,10
350,2,8.4251700586,158082288.0000000000,20
350,3,8.7284789123,158176816.0000000000,11
350,4,8.8917645132,158276240.0000000000,4
350,5,8.9442048616,158323072.0000000000,12
350,6,8.6825262283,158700784.0000000000,9
350,7,8.7919869483,159505504.0000000000,3
350,8,9.1366916103,160554320.0000000000,15
350,9,8.0656828811,145197712.0000000000,17
350,10,7.9897406244,144962400.0000000000,14
350,11,7.6818265888,144423792.0000000000,13
350,12,12.5872101628,239948976.0000000000,1
350,13,12.6831439367,240131280.0000000000,23
350,14,12.5023758697,240282032.0000000000,0
350,15,12.6563774718,240686016.0000000000,9
350,16,12.6816019317,241282080.0000000000,22
350,17,12.8365297582,241709024.0000000000,0
350,18,12.6962336512,241641600.0000000000,7
350,19,12.5755222039,241100192.0000000000,2
350,20,12.8148228465,240525968.0000000000,21
350,21,11.4036771137,216254496.0000000000,6
350,22,11.3651601941,216124128.0000000000,7
350,23,11.3719249804,215983424.0000000000,11
350,24,12.6657620164,239994176.0000000000,7
350,25,12.7059024809,240063360.0000000000,2
350,26,12.7572339039,240059184.0000000000,11
350,27,12.5885358909,240065920.0000000000,19
350,28,12.7308847131,240062528.0000000000,13
350,29,12.6179695528,240065856.0000000000,19
350,30,12.5937271559,240061008.0000000000,18
350,31,12.5708387461,240062512.0000000000,14
350,32,12.6806061226,240061984.0000000000,22
350,33,11.3633679015,216099712.0000000000,20
350,34,11.3746737910,216104528.0000000000,12
350,35,10.2615475512,216036928.0000000000,19
350,36,12.4909659871,239998288.0000000000,5
350,37,12.5270734738,240063968.0000000000,8
350,38,12.6063805123,240062112.0000000000,5
350,39,12.5759874462,240062160.0000000000,17
350,40,12.7393739822,240063328.0000000000,21
350,41,12.6778445145,240063904.0000000000,3
350,42,12.6424955459,240060432.0000000000,12
350,43,12.6485662176,240065344.0000000000,10
350,44,12.5983781284,240067184.0000000000,16
350,45,11.3651632242,216100816.0000000000,15
350,46,11.3986776752,216099008.0000000000,9
350,47,11.2719298707,216034160.0000000000,9
350,48,12.6731779880,240000944.0000000000,6
350,49,12.6861139730,240063536.0000000000,22
350,50,12.5068070529,240063984.0000000000,20
350,51,12.6731890871,240061056.0000000000,16
350,52,12.6746154549,240060032.0000000000,2
350,53,12.6726552795,240059776.0000000000,17
350,54,12.7365293501,240064528.0000000000,23
350,55,11.2119819901,240062288.0000000000,20
350,56,12.6775847443,240060272.0000000000,1
350,57,10.3993780140,216099776.0000000000,17
350,58,11.3607241993,216098880.0000000000,14
350,59,11.4306604600,216033424.0000000000,15
350,60,12.7960320394,239985856.0000000000,10
350,61,12.6736769726,240059072.0000000000,6
350,62,12.7260037414,240064720.0000000000,18
350,63,12.7538185925,240060224.0000000000,0
350,64,12.7286318672,240075392.0000000000,21
350,65,12.7325854770,240063504.0000000000,18
350,66,12.6081429899,240060544.0000000000,15
350,67,12.7380800296,240065328.0000000000,23
350,68,12.5021121153,240067776.0000000000,4
350,69,10.6621353015,216095296.0000000000,10
350,70,11.3529600725,216104512.0000000000,4
350,71,11.4019701664,216027904.0000000000,3
350,72,12.6824294386,239919648.0000000000,1
350,73,12.6329886462,240067280.0000000000,5
350,74,12.6643373765,240060640.0000000000,8
350,75,11.4389783252,240070000.0000000000,4
350,76,12.2366988138,240057632.0000000000,11
350,77,12.6745042642,240055168.0000000000,8
350,78,11.5507437837,240065200.0000000000,12
350,79,12.7015631754,240068000.0000000000,13
350,80,11.3891341810,240047632.0000000000,3
350,81,11.3450987160,216110464.0000000000,14
350,82,11.5109290072,216098032.0000000000,16
350,83,11.4971006535,215946992.0000000000,13
350,84,4.6291539058,89786960.0000000000,23
350,85,4.2211392487,89819808.0000000000,1
350,86,4.5045996668,89819808.0000000000,0
350,87,4.6131520154,89819472.0000000000,21
350,88,4.5058980864,89825360.0000000000,16
350,89,3.7655692862,89821680.0000000000,2
350,90,4.5316963405,89826912.0000000000,8
350,91,4.5885427190,89827392.0000000000,7
350,92,4.2860890102,89819536.0000000000,18
350,93,3.8568697635,80882256.0000000000,6
350,94,3.8134374318,80886864.0000000000,5
350,95,3.9395347902,80846272.0000000000,22
350,96,0.8206839849,30347312.0000000000,16
350,97,0.7302135122,30347312.0000000000,14
350,98,0.8423956608,30347312.0000000000,13
350,99,0.8412460807,30347312.0000000000,13
350,100,0.8891262706,30347312.0000000000,0
350,101,0.8063410150,30347312.0000000000,21
350,102,0.8879858091,30347312.0000000000,9
350,103,0.7912059153,30347312.0000000000,10
350,104,0.8705789196,30347312.0000000000,0
350,105,0.6664476412,27355696.0000000000,1
350,106,0.6414612233,27355696.0000000000,17
350,107,0.7377893640,27355696.0000000000,21
350,108,0.8168254484,30347312.0000000000,9
350,109,0.7312125120,30347312.0000000000,20
350,110,0.8010065016,30347312.0000000000,17
350,111,0.7833615155,30347312.0000000000,10
350,112,0.8164796297,30347312.0000000000,7
350,113,0.8159457278,30347312.0000000000,13
350,114,0.8205790774,30347312.0000000000,16
350,115,0.8175505439,30347312.0000000000,8
350,116,0.7198350568,30347312.0000000000,15
350,117,0.6454835127,27355696.0000000000,2
350,118,0.7659420470,27355696.0000000000,8
350,119,0.7074824641,27355696.0000000000,23
350,120,0.8224532840,30347312.0000000000,6
350,121,0.8393847061,30347312.0000000000,9
350,122,0.8610744325,30347312.0000000000,23
350,123,0.7736782642,30347312.0000000000,10
350,124,0.7724925637,30347312.0000000000,14
350,125,0.7860314326,30347312.0000000000,3
350,126,0.7459983239,30347312.0000000000,0
350,127,0.7440414414,30347312.0000000000,20
350,128,0.7637945189,30347312.0000000000,16
350,129,0.6607450245,27355696.0000000000,0
350,130,0.7330469695,27355696.0000000000,11
350,131,0.7413860804,27355696.0000000000,13
350,132,0.8606446453,30347312.0000000000,13
350,133,0.7572043269,30347312.0000000000,5
350,134,0.8312100987,30347312.0000000000,23
350,135,0.7897004371,30347312.0000000000,3
350,136,0.8590011242,30347312.0000000000,5
350,137,0.8867363285,30347312.0000000000,2
350,138,0.8450207750,30347312.0000000000,1
350,139,0.7568812965,30347312.0000000000,16
350,140,0.7986461203,30347312.0000000000,19
350,141,0.6774107893,27355696.0000000000,1
350,142,0.7978725708,27355696.0000000000,18
350,143,0.7073769361,27355696.0000000000,6
350,144,0.8502080791,30347312.0000000000,7
350,145,0.8381414863,30347312.0000000000,22
350,146,0.8155987251,30347312.0000000000,8
350,147,0.8113771354,30347312.0000000000,21
350,148,0.9095516338,30347312.0000000000,19
350,149,0.8530755250,30347312.0000000000,18
350,150,0.8095145047,30347312.0000000000,12
350,151,0.8134918088,30347312.0000000000,8
350,152,0.7321854171,30347312.0000000000,14
350,153,0.6242537574,27355696.0000000000,4
350,154,0.6378954218,27355696.0000000000,16
350,155,0.6745707916,27355696.0000000000,18
350,156,0.7424168907,30347312.0000000000,20
350,157,0.7025718101,30347312.0000000000,16
350,158,0.8000857158,30347312.0000000000,8
350,159,0.8493764105,30347312.0000000000,22
350,160,0.7077367701,30347312.0000000000,14
350,161,0.7840369426,30347312.0000000000,3
350,162,0.7458057370,30347312.0000000000,13
350,163,0.8190445263,30347312.0000000000,2
350,164,0.7511258760,30347312.0000000000,8
350,165,0.6696590945,27355696.0000000000,15
350,166,0.6349889764,27355696.0000000000,14
350,167,0.6565282583,27355696.0000000000,4
350,168,0.7853197711,30347312.0000000000,1
350,169,0.8032790435,30347312.0000000000,12
350,170,0.8373142354,30347312.0000000000,5
350,171,0.8020455201,30347312.0000000000,2
350,172,0.7551246779,30347312.0000000000,0
350,173,0.7711984298,30347312.0000000000,4
350,174,0.7993320394,30347312.0000000000,1
350,175,0.9708870312,30347312.0000000000,22
350,176,0.8405198602,30347312.0000000000,7
350,177,0.7240781950,27355696.0000000000,7
350,178,0.7214557855,27355696.0000000000,7
350,179,0.5863107249,27355696.0000000000,11
350,180,0.8037080498,30347312.0000000000,21
350,181,0.8452114924,30347312.0000000000,3
350,182,0.8594617542,30347312.0000000000,7
350,183,0.8195436123,30347312.0000000000,21
350,184,0.6470990804,30347312.0000000000,16
350,185,0.7436952251,30347312.0000000000,20
350,186,0.8434170918,30347312.0000000000,19
350,187,0.7979568812,30347312.0000000000,23
350,188,0.8141154619,30347312.0000000000,1
350,189,0.7298617710,27355696.0000000000,17
350,190,0.7086850257,27355696.0000000000,2
350,191,0.7972026603,27355696.0000000000,18
350,192,0.7858949167,30347312.0000000000,10
350,193,0.8768404394,30347312.0000000000,7
350,194,0.7906934686,30347312.0000000000,3
350,195,0.8082081317,30347312.0000000000,5
350,196,0.8626107009,30347312.0000000000,11
350,197,0.7339066151,30347312.0000000000,15
350,198,0.7371404919,30347312.0000000000,14
350,199,0.8235613899,30347312.0000000000,2
350,200,0.6683421736,30347312.0000000000,0
350,201,0.6758115168,27355696.0000000000,1
350,202,0.6384566413,27355696.0000000000,4
350,203,0.5876064614,27355696.0000000000,0
350,204,0.6660320737,30347312.0000000000,0
350,205,0.7331089612,30347312.0000000000,11
350,206,0.8055186783,30347312.0000000000,6
350,207,0.7916479909,30347312.0000000000,2
350,208,0.7991043414,30347312.0000000000,20
350,209,0.7428136512,30347312.0000000000,15
350,210,0.7984892372,30347312.0000000000,6
350,211,0.8151432918,30347312.0000000000,3
350,212,0.7855645877,30347312.0000000000,12
350,213,0.7925658889,27355696.0000000000,22
350,214,0.6702925696,27355696.0000000000,3
350,215,0.7316459743,27355696.0000000000,6
350,216,0.6290999099,30347312.0000000000,8
350,217,0.7956576933,30347312.0000000000,6
350,218,0.8520803340,30347312.0000000000,22
350,219,0.7337658013,30347312.0000000000,14
350,220,0.7390441307,30347312.0000000000,23
350,221,0.6186624576,30347312.0000000000,0
350,222,0.7771943094,30347312.0000000000,13
350,223,0.8295580985,30347312.0000000000,18
350,224,0.8573654304,30347312.0000000000,19
350,225,0.5355267227,27355696.0000000000,13
350,226,0.5755886036,27355696.0000000000,3
350,227,0.7001206513,27355696.0000000000,4
350,228,0.7149386619,30347312.0000000000,2
350,229,0.8535233230,30347312.0000000000,22
350,230,0.7400456095,30347312.0000000000,20
350,231,0.7805772810,30347312.0000000000,15
350,232,0.6108448686,30347312.0000000000,3
350,233,0.6967376016,30347312.0000000000,21
350,234,0.7465992061,30347312.0000000000,1
350,235,0.8418415465,30347312.0000000000,9
350,236,0.6213041292,30347312.0000000000,14
350,237,0.7320021684,27355696.0000000000,12
350,238,0.6397799111,27355696.0000000000,10
350,239,0.7470685657,27355696.0000000000,6
350,240,0.8122117597,30347312.0000000000,12
350,241,0.8077337491,30347312.0000000000,5
350,242,0.7212233839,30347312.0000000000,22
350,243,0.8073937986,30347312.0000000000,5
350,244,0.8319240208,30347312.0000000000,18
350,245,0.5251972983,30347312.0000000000,13
350,246,0.5901931691,30347312.0000000000,14
350,247,0.9084905302,30347312.0000000000,7
350,248,0.8390436702,30347312.0000000000,9
350,249,0.5636068475,27355696.0000000000,1
350,250,0.6457630626,27355696.0000000000,17
350,251,0.7306148716,27355696.0000000000,4
350,252,0.7830086129,30347312.0000000000,23
350,253,0.8630971306,30347312.0000000000,19
350,254,0.7750513983,30347312.0000000000,6
350,255,0.9624190862,30347312.0000000000,17
350,256,0.7878654900,30347312.0000000000,15
350,257,0.8538140417,30347312.0000000000,5
350,258,0.7264328282,30347312.0000000000,11
350,259,0.5750844690,30347312.0000000000,21
350,260,0.7653243141,30347312.0000000000,5
350,261,0.7935517270,27355696.0000000000,9
350,262,0.5918705841,27355696.0000000000,23
350,263,0.6082300601,27355696.0000000000,4
350,264,0.6414885274,30347312.0000000000,21
350,265,0.5415616309,30347312.0000000000,3
350,266,0.5633050343,30347312.0000000000,23
350,267,0.8516946187,30347312.0000000000,18
350,268,0.8429102363,30347312.0000000000,9
350,269,0.8021233184,30347312.0000000000,12
350,270,0.7353298506,30347312.0000000000,10
350,271,0.5902487262,30347312.0000000000,8
350,272,0.8627174752,30347312.0000000000,17
350,273,0.5440820214,27355696.0000000000,11
350,274,0.6989411417,27355696.0000000000,17
350,275,0.6904576940,27355696.0000000000,19
400,0,0.2550456080,158144128.0000000000,19
400,1,0.2727406420,157727040.0000000000,10
400,2,0.2613930000,156932928.0000000000,20
400,3,0.2723223350,156415440.0000000000,11
400,4,0.2662048350,155341584.0000000000,4
400,5,0.2583219370,154419104.0000000000,12
400,6,0.2691436180,155030672.0000000000,9
400,7,0.2773521970,157220880.0000000000,3
400,8,0.2817572280,159925328.0000000000,15
400,9,0.2513270790,145591504.0000000000,17
400,10,0.2487564110,145462368.0000000000,14
400,11,0.2405240140,144731120.0000000000,13
400,12,0.3918654950,239938656.0000000000,1
400,13,0.3936285340,240247648.0000000000,23
400,14,0.3869160160,240806080.0000000000,0
400,15,0.4003064470,242244048.0000000000,9
400,16,0.4096010330,244441488.0000000000,22
400,17,0.4160487600,246084528.0000000000,0
400,18,0.4120089080,245782240.0000000000,7
400,19,0.4006709840,243798832.0000000000,2
400,20,0.4029529690,241732992.0000000000,21
400,21,0.3593251160,216592624.0000000000,6
400,22,0.3553639800,216210704.0000000000,7
400,23,0.3524316210,215982880.0000000000,11
400,24,0.3923857840,239991536.0000000000,7
400,25,0.3935723210,240063488.0000000000,2
400,26,0.3973775170,240063632.0000000000,11
400,27,0.3896251620,240066624.0000000000,19
400,28,0.3941733470,240056912.0000000000,13
400,29,0.3919843080,240065328.0000000000,19
400,30,0.3886246750,240063328.0000000000,18
400,31,0.3934673720,240063568.0000000000,14
400,32,0.3954368730,240062816.0000000000,22
400,33,0.3511963400,216098192.0000000000,20
400,34,0.3526131300,216102624.0000000000,12
400,35,0.3075806560,216028384.0000000000,19
400,36,0.3880496790,239995040.0000000000,5
400,37,0.3890769070,240065872.0000000000,8
400,38,0.3922006370,240059632.0000000000,5
400,39,0.3913964320,240064208.0000000000,17
400,40,0.3951682130,240064864.0000000000,21
400,41,0.3943415300,240063776.0000000000,3
400,42,0.3938430240,240062368.0000000000,12
400,43,0.3923080100,240060512.0000000000,10
400,44,0.3874187810,240067648.0000000000,16
400,45,0.3556441370,216100912.0000000000,15
400,46,0.3538227490,216098304.0000000000,9
400,47,0.3501340510,216034384.0000000000,9
400,48,0.3970791680,239995216.0000000000,6
400,49,0.3955590080,240064688.0000000000,22
400,50,0.3687667620,240062448.0000000000,20
400,51,0.3937548170,240063232.0000000000,16
400,52,0.3722830800,240065248.0000000000,2
400,53,0.3957936160,240057456.0000000000,17
400,54,0.3962186500,240065504.0000000000,23
400,55,0.3380257460,240063888.0000000000,20
400,56,0.3936744170,240065312.0000000000,1
400,57,0.3241013530,216092912.0000000000,17
400,58,0.3543767290,216098784.0000000000,14
400,59,0.3574857070,216029920.0000000000,15
400,60,0.3944410000,239979552.0000000000,10
400,61,0.3961495060,240058544.0000000000,6
400,62,0.3946559310,240069168.0000000000,18
400,63,0.3955393870,240060592.0000000000,0
400,64,0.3947665650,240072720.0000000000,21
400,65,0.3939669890,240062576.0000000000,18
400,66,0.3938566120,240057728.0000000000,15
400,67,0.3958556140,240066896.0000000000,23
400,68,0.3879216030,240068192.0000000000,4
400,69,0.3133076150,216099472.0000000000,10
400,70,0.3540404570,216105632.0000000000,4
400,71,0.3519349120,216022768.0000000000,3
400,72,0.3937340730,239901632.0000000000,1
400,73,0.3922466840,240064144.0000000000,5
400,74,0.3941719310,240060032.0000000000,8
400,75,0.3567089590,240062336.0000000000,4
400,76,0.3714216270,240061008.0000000000,11
400,77,0.3964142340,240055232.0000000000,8
400,78,0.3497539880,240065840.0000000000,12
400,79,0.3921282630,240067888.0000000000,13
400,80,0.3345998030,240047824.0000000000,3
400,81,0.3523024220,216104560.0000000000,14
400,82,0.3565846000,216099648.0000000000,16
400,83,0.3455918740,215925456.0000000000,13
400,84,0.1429170760,89781072.0000000000,23
400,85,0.1258890190,89818272.0000000000,1
400,86,0.1382003620,89821152.0000000000,0
400,87,0.1441955740,89818288.0000000000,21
400,88,0.1385504800,89824496.0000000000,16
400,89,0.1307335700,89819312.0000000000,2
400,90,0.1407309680,89828688.0000000000,8
400,91,0.1390166020,89827072.0000000000,7
400,92,0.1341343630,89818768.0000000000,18
400,93,0.1225050410,80883840.0000000000,6
400,94,0.1188315790,80884784.0000000000,5
400,95,0.1187843380,80837136.0000000000,22
400,96,0.0250254080,30347312.0000000000,16
400,97,0.0228510310,30347312.0000000000,14
400,98,0.0229218050,30347312.0000000000,13
400,99,0.0250584640,30347312.0000000000,13
400,100,0.0268867650,30347312.0000000000,0
400,101,0.0246454120,30347312.0000000000,21
400,102,0.0268206600,30347312.0000000000,9
400,103,0.0249876270,30347312.0000000000,10
400,104,0.0271333030,30347312.0000000000,0
400,105,0.0192366290,27355696.0000000000,1
400,106,0.0193278470,27355696.0000000000,17
400,107,0.0247213090,27355696.0000000000,21
400,108,0.0229239790,30347312.0000000000,9
400,109,0.0222679800,30347312.0000000000,20
400,110,0.0266560240,30347312.0000000000,17
400,111,0.0230299540,30347312.0000000000,10
400,112,0.0248688300,30347312.0000000000,7
400,113,0.0243595330,30347312.0000000000,13
400,114,0.0250052180,30347312.0000000000,16
400,115,0.0266655700,30347312.0000000000,8
400,116,0.0243876390,30347312.0000000000,15
400,117,0.0186677670,27355696.0000000000,2
400,118,0.0250784130,27355696.0000000000,8
400,119,0.0211167410,27355696.0000000000,23
400,120,0.0264319460,30347312.0000000000,6
400,121,0.0228295890,30347312.0000000000,9
400,122,0.0267042590,30347312.0000000000,23
400,123,0.0229411330,30347312.0000000000,10
400,124,0.0249684710,30347312.0000000000,14
400,125,0.0240821160,30347312.0000000000,3
400,126,0.0228274980,30347312.0000000000,0
400,127,0.0226223030,30347312.0000000000,20
400,128,0.0232124760,30347312.0000000000,16
400,129,0.0212847810,27355696.0000000000,0
400,130,0.0231203580,27355696.0000000000,11
400,131,0.0213120450,27355696.0000000000,13
400,132,0.0229918010,30347312.0000000000,13
400,133,0.0228191120,30347312.0000000000,5
400,134,0.0267395650,30347312.0000000000,23
400,135,0.0241858980,30347312.0000000000,3
400,136,0.0248086640,30347312.0000000000,5
400,137,0.0285647040,30347312.0000000000,2
400,138,0.0250840680,30347312.0000000000,1
400,139,0.0236652150,30347312.0000000000,16
400,140,0.0242861270,30347312.0000000000,19
400,141,0.0211771630,27355696.0000000000,1
400,142,0.0244706750,27355696.0000000000,18
400,143,0.0236955790,27355696.0000000000,6
400,144,0.0266234460,30347312.0000000000,7
400,145,0.0258381320,30347312.0000000000,22
400,146,0.0264740110,30347312.0000000000,8
400,147,0.0262845650,30347312.0000000000,21
400,148,0.0281844540,30347312.0000000000,19
400,149,0.0262395980,30347312.0000000000,18
400,150,0.0242541710,30347312.0000000000,12
400,151,0.0265513580,30347312.0000000000,8
400,152,0.0232390680,30347312.0000000000,14
400,153,0.0214907600,27355696.0000000000,4
400,154,0.0193915910,27355696.0000000000,16
400,155,0.0206275820,27355696.0000000000,18
400,156,0.0225878460,30347312.0000000000,20
400,157,0.0229517130,30347312.0000000000,16
400,158,0.0265158300,30347312.0000000000,8
400,159,0.0260666420,30347312.0000000000,22
400,160,0.0217560140,30347312.0000000000,14
400,161,0.0240765370,30347312.0000000000,3
400,162,0.0210719700,30347312.0000000000,13
400,163,0.0241898040,30347312.0000000000,2
400,164,0.0226707820,30347312.0000000000,8
400,165,0.0226944460,27355696.0000000000,15
400,166,0.0199073400,27355696.0000000000,14
400,167,0.0195039140,27355696.0000000000,4
400,168,0.0229591940,30347312.0000000000,1
400,169,0.0240322410,30347312.0000000000,12
400,170,0.0248141230,30347312.0000000000,5
400,171,0.0266333130,30347312.0000000000,2
400,172,0.0247619940,30347312.0000000000,0
400,173,0.0251608070,30347312.0000000000,4
400,174,0.0229523000,30347312.0000000000,1
400,175,0.0298414820,30347312.0000000000,22
400,176,0.0265579080,30347312.0000000000,7
400,177,0.0228597140,27355696.0000000000,7
400,178,0.0230371330,27355696.0000000000,7
400,179,0.0189648380,27355696.0000000000,11
400,180,0.0264975600,30347312.0000000000,21
400,181,0.0259267600,30347312.0000000000,3
400,182,0.0266316230,30347312.0000000000,7
400,183,0.0270052420,30347312.0000000000,21
400,184,0.0194468760,30347312.0000000000,16
400,185,0.0226146200,30347312.0000000000,20
400,186,0.0242026220,30347312.0000000000,19
400,187,0.0266138640,30347312.0000000000,23
400,188,0.0229595230,30347312.0000000000,1
400,189,0.0249867720,27355696.0000000000,17
400,190,0.0247847190,27355696.0000000000,2
400,191,0.0244086740,27355696.0000000000,18
400,192,0.0248782260,30347312.0000000000,10
400,193,0.0265028950,30347312.0000000000,7
400,194,0.0244533850,30347312.0000000000,3
400,195,0.0228061880,30347312.0000000000,5
400,196,0.0284212930,30347312.0000000000,11
400,197,0.0245690270,30347312.0000000000,15
400,198,0.0224305050,30347312.0000000000,14
400,199,0.0262729570,30347312.0000000000,2
400,200,0.0229329420,30347312.0000000000,0
400,201,0.0193752350,27355696.0000000000,1
400,202,0.0209421290,27355696.0000000000,4
400,203,0.0200260980,27355696.0000000000,0
400,204,0.0215559960,30347312.0000000000,0
400,205,0.0246620570,30347312.0000000000,11
400,206,0.0255460910,30347312.0000000000,6
400,207,0.0258909990,30347312.0000000000,2
400,208,0.0244938900,30347312.0000000000,20
400,209,0.0246688320,30347312.0000000000,15
400,210,0.0267006660,30347312.0000000000,6
400,211,0.0246086960,30347312.0000000000,3
400,212,0.0242106860,30347312.0000000000,12
400,213,0.0243214260,27355696.0000000000,22
400,214,0.0208008750,27355696.0000000000,3
400,215,0.0247931910,27355696.0000000000,6
400,216,0.0228335240,30347312.0000000000,8
400,217,0.0249441480,30347312.0000000000,6
400,218,0.0244985890,30347312.0000000000,22
400,219,0.0215681990,30347312.0000000000,14
400,220,0.0248965290,30347312.0000000000,23
400,221,0.0186249030,30347312.0000000000,0
400,222,0.0234850530,30347312.0000000000,13
400,223,0.0259074550,30347312.0000000000,18
400,224,0.0242144770,30347312.0000000000,19
400,225,0.0160167610,27355696.0000000000,13
400,226,0.0174316750,27355696.0000000000,3
400,227,0.0198386620,27355696.0000000000,4
400,228,0.0215828800,30347312.0000000000,2
400,229,0.0267204400,30347312.0000000000,22
400,230,0.0224939180,30347312.0000000000,20
400,231,0.0246529100,30347312.0000000000,15
400,232,0.0177551800,30347312.0000000000,3
400,233,0.0230252260,30347312.0000000000,21
400,234,0.0229973380,30347312.0000000000,1
400,235,0.0228065750,30347312.0000000000,9
400,236,0.0171201230,30347312.0000000000,14
400,237,0.0224637510,27355696.0000000000,12
400,238,0.0193248350,27355696.0000000000,10
400,239,0.0230245210,27355696.0000000000,6
400,240,0.0242722050,30347312.0000000000,12
400,241,0.0229382320,30347312.0000000000,5
400,242,0.0219807830,30347312.0000000000,22
400,243,0.0244881450,30347312.0000000000,5
400,244,0.0261879200,30347312.0000000000,18
400,245,0.0181199450,30347312.0000000000,13
400,246,0.0176932410,30347312.0000000000,14
400,247,0.0283542980,30347312.0000000000,7
400,248,0.0242698330,30347312.0000000000,9
400,249,0.0177426850,27355696.0000000000,1
400,250,0.0195339240,27355696.0000000000,17
400,251,0.0234110080,27355696.0000000000,4
400,252,0.0258233350,30347312.0000000000,23
400,253,0.0242892940,30347312.0000000000,19
400,254,0.0228264750,30347312.0000000000,6
400,255,0.0281888240,30347312.0000000000,17
400,256,0.0247858170,30347312.0000000000,15
400,257,0.0264602430,30347312.0000000000,5
400,258,0.0246373710,30347312.0000000000,11
400,259,0.0193646260,30347312.0000000000,21
400,260,0.0242894690,30347312.0000000000,5
400,261,0.0229728040,27355696.0000000000,9
400,262,0.0196049810,27355696.0000000000,23
400,263,0.0194082610,27355696.0000000000,4
400,264,0.0210532840,30347312.0000000000,21
400,265,0.0162733430,30347312.0000000000,3
400,266,0.0189051250,30347312.0000000000,23
400,267,0.0262619630,30347312.0000000000,18
400,268,0.0244294190,30347312.0000000000,9
400,269,0.0242116580,30347312.0000000000,12
400,270,0.0230592920,30347312.0000000000,10
400,271,0.0174122980,30347312.0000000000,8
400,272,0.0241943580,30347312.0000000000,17
400,273,0.0190040140,27355696.0000000000,11
400,274,0.0185850050,27355696.0000000000,17
400,275,0.0186334920,27355696.0000000000,19
450,0,8.5705000214,157641328.0000000000,19
450,1,8.4895397053,156915984.0000000000,10
450,2,8.4131760616,155333552.0000000000,20
450,3,8.4965708011,153495456.0000000000,11
450,4,8.4214300861,150098464.0000000000,4
450,5,8.3293897581,147203600.0000000000,12
450,6,8.1573310693,148162448.0000000000,9
450,7,8.8001715468,152851664.0000000000,3
450,8,9.0466066672,158464768.0000000000,15
450,9,8.3135604295,145901632.0000000000,17
450,10,8.1376524655,145974544.0000000000,14
450,11,7.8241454634,145052672.0000000000,13
450,12,12.5911849848,239940368.0000000000,1
450,13,12.8286128270,240455184.0000000000,23
450,14,12.7358305507,241756512.0000000000,0
450,15,13.0757549357,245085824.0000000000,9
450,16,13.5058281914,250264256.0000000000,22
450,17,13.7459960419,254244064.0000000000,0
450,18,13.6286062075,253582928.0000000000,7
450,19,13.2192844035,248847904.0000000000,2
450,20,13.1228792632,243941632.0000000000,21
450,21,11.6268048607,217203584.0000000000,6
450,22,11.3758808423,216361904.0000000000,7
450,23,11.4013770700,216001824.0000000000,11
450,24,12.6550820772,239991248.0000000000,7
450,25,12.6479280968,240063344.0000000000,2
450,26,12.7425453110,240062912.0000000000,11
450,27,12.5652384350,240065552.0000000000,19
450,28,12.7462781231,240063456.0000000000,13
450,29,12.5785965866,240065328.0000000000,19
450,30,12.4450418838,240066656.0000000000,18
450,31,12.5706638970,240062160.0000000000,14
450,32,12.7299992613,240065760.0000000000,22
450,33,11.3375760362,216097552.0000000000,20
450,34,11.3917452911,216101168.0000000000,12
450,35,10.2882010044,216028176.0000000000,19
450,36,12.5000002293,239991952.0000000000,5
450,37,12.6083621576,240065744.0000000000,8
450,38,12.5882147150,240059616.0000000000,5
450,39,12.5726875556,240064352.0000000000,17
450,40,12.7381690929,240064336.0000000000,21
450,41,12.6829619671,240062784.0000000000,3
450,42,12.6185458391,240062176.0000000000,12
450,43,12.6299425020,240060624.0000000000,10
450,44,12.6016485808,240062512.0000000000,16
450,45,11.3763860308,216098656.0000000000,15
450,46,11.4194064745,216100384.0000000000,9
450,47,11.2666645784,216027952.0000000000,9
450,48,12.7340388831,239990416.0000000000,6
450,49,12.7308131198,240068144.0000000000,22
450,50,12.5896346153,240064128.0000000000,20
450,51,12.7080520355,240064048.0000000000,16
450,52,12.5122846626,240065312.0000000000,2
450,53,12.6724071781,240061728.0000000000,17
450,54,12.7328999359,240063952.0000000000,23
450,55,11.3093306649,240065312.0000000000,20
450,56,12.7204328325,240067376.0000000000,1
450,57,10.3901712470,216097024.0000000000,17
450,58,11.3945309537,216099632.0000000000,14
450,59,11.4350672388,216027632.0000000000,15
450,60,12.7595557129,239976624.0000000000,10
450,61,12.7057087644,240058480.0000000000,6
450,62,12.6795614206,240067808.0000000000,18
450,63,12.6672885632,240059680.0000000000,0
450,64,12.7180200835,240072592.0000000000,21
450,65,12.6812538863,240061136.0000000000,18
450,66,12.6126644461,240061952.0000000000,15
450,67,12.7408051516,240067824.0000000000,23
450,68,12.5425093477,240065232.0000000000,4
450,69,10.6025142599,216100816.0000000000,10
450,70,11.3826600711,216103632.0000000000,4
450,71,11.4654165006,216021040.0000000000,3
450,72,12.7194281935,239880032.0000000000,1
450,73,12.6530496478,240062256.0000000000,5
450,74,12.7065545591,240063504.0000000000,8
450,75,11.8202493445,240059488.0000000000,4
450,76,12.3130132059,240060544.0000000000,11
450,77,12.6909037244,240056656.0000000000,8
450,78,11.5054892765,240064256.0000000000,12
450,79,12.6576396863,240069936.0000000000,13
450,80,11.5538124746,240048352.0000000000,3
450,81,11.3628236932,216105760.0000000000,14
450,82,11.5066759093,216101280.0000000000,16
450,83,11.3532206570,215904464.0000000000,13
450,84,4.6276036255,89775456.0000000000,23
450,85,4.2264988003,89815072.0000000000,1
450,86,4.3995700025,89822096.0000000000,0
450,87,4.5884249121,89820672.0000000000,21
450,88,4.5290973870,89824256.0000000000,16
450,89,3.7317216456,89815664.0000000000,2
450,90,4.4606762779,89829680.0000000000,8
450,91,4.5167149545,89824928.0000000000,7
450,92,4.4333719551,89820016.0000000000,18
450,93,3.8805880352,80882784.0000000000,6
450,94,3.8342189141,80885216.0000000000,5
450,95,3.7121918635,80831664.0000000000,22
450,96,0.8399257612,30347312.0000000000,16
450,97,0.7559772602,30347312.0000000000,14
450,98,0.8407767626,30347312.0000000000,13
450,99,0.8381507422,30347312.0000000000,13
450,100,0.8206094521,30347312.0000000000,0
450,101,0.7947571175,30347312.0000000000,21
450,102,0.8739780276,30347312.0000000000,9
450,103,0.8031077661,30347312.0000000000,10
450,104,0.8109830046,30347312.0000000000,0
450,105,0.6877748767,27355696.0000000000,1
450,106,0.6359073689,27355696.0000000000,17
450,107,0.7374609493,27355696.0000000000,21
450,108,0.7951889033,30347312.0000000000,9
450,109,0.7670789469,30347312.0000000000,20
450,110,0.8003302938,30347312.0000000000,17
450,111,0.8177144003,30347312.0000000000,10
450,112,0.8339611648,30347312.0000000000,7
450,113,0.8002040132,30347312.0000000000,13
450,114,0.8381200835,30347312.0000000000,16
450,115,0.7850514968,30347312.0000000000,8
450,116,0.7268975162,30347312.0000000000,15
450,117,0.6471375643,27355696.0000000000,2
450,118,0.7019930970,27355696.0000000000,8
450,119,0.6913040736,27355696.0000000000,23
450,120,0.8147935882,30347312.0000000000,6
450,121,0.8345690417,30347312.0000000000,9
450,122,0.8214327554,30347312.0000000000,23
450,123,0.7975743326,30347312.0000000000,10
450,124,0.8032852807,30347312.0000000000,14
450,125,0.8259620548,30347312.0000000000,3
450,126,0.7548141622,30347312.0000000000,0
450,127,0.7635672605,30347312.0000000000,20
450,128,0.8157478231,30347312.0000000000,16
450,129,0.6524937180,27355696.0000000000,0
450,130,0.7258609808,27355696.0000000000,11
450,131,0.7545474816,27355696.0000000000,13
450,132,0.8537349440,30347312.0000000000,13
450,133,0.7829628041,30347312.0000000000,5
450,134,0.8016181064,30347312.0000000000,23
450,135,0.8173904677,30347312.0000000000,3
450,136,0.8645906381,30347312.0000000000,5
450,137,0.8826112992,30347312.0000000000,2
450,138,0.8748143699,30347312.0000000000,1
450,139,0.8166618647,30347312.0000000000,16
450,140,0.7975643565,30347312.0000000000,19
450,141,0.7144922660,27355696.0000000000,1
450,142,0.7639258121,27355696.0000000000,18
450,143,0.7047199153,27355696.0000000000,6
450,144,0.8178334780,30347312.0000000000,7
450,145,0.8413059420,30347312.0000000000,22
450,146,0.7653967666,30347312.0000000000,8
450,147,0.8106373406,30347312.0000000000,21
450,148,0.9137374718,30347312.0000000000,19
450,149,0.8353542697,30347312.0000000000,18
450,150,0.7499905035,30347312.0000000000,12
450,151,0.7631869950,30347312.0000000000,8
450,152,0.7580079417,30347312.0000000000,14
450,153,0.6177781760,27355696.0000000000,4
450,154,0.6600078955,27355696.0000000000,16
450,155,0.6802815489,27355696.0000000000,18
450,156,0.7631608625,30347312.0000000000,20
450,157,0.7254821182,30347312.0000000000,16
450,158,0.7405577680,30347312.0000000000,8
450,159,0.8593769129,30347312.0000000000,22
450,160,0.7042444598,30347312.0000000000,14
450,161,0.8333919577,30347312.0000000000,3
450,162,0.7303040058,30347312.0000000000,13
450,163,0.8110385112,30347312.0000000000,2
450,164,0.7100379921,30347312.0000000000,8
450,165,0.6730025763,27355696.0000000000,15
450,166,0.6679848938,27355696.0000000000,14
450,167,0.6964998682,27355696.0000000000,4
450,168,0.8063304564,30347312.0000000000,1
450,169,0.7486199332,30347312.0000000000,12
450,170,0.8696307784,30347312.0000000000,5
450,171,0.8093455589,30347312.0000000000,2
450,172,0.7701542074,30347312.0000000000,0
450,173,0.7713229085,30347312.0000000000,4
450,174,0.8290677335,30347312.0000000000,1
450,175,0.9433131106,30347312.0000000000,22
450,176,0.8130364835,30347312.0000000000,7
450,177,0.6844328620,27355696.0000000000,7
450,178,0.6895661934,27355696.0000000000,7
450,179,0.5607732086,27355696.0000000000,11
450,180,0.8049856618,30347312.0000000000,21
450,181,0.8453429642,30347312.0000000000,3
450,182,0.7978958817,30347312.0000000000,7
450,183,0.8213207760,30347312.0000000000,21
450,184,0.7101980350,30347312.0000000000,16
450,185,0.7651049924,30347312.0000000000,20
450,186,0.8039080244,30347312.0000000000,19
450,187,0.7946812969,30347312.0000000000,23
450,188,0.8444023591,30347312.0000000000,1
450,189,0.7368629634,27355696.0000000000,17
450,190,0.7092990238,27355696.0000000000,2
450,191,0.7991022020,27355696.0000000000,18
450,192,0.8122481491,30347312.0000000000,10
450,193,0.8043694840,30347312.0000000000,7
450,194,0.8203350274,30347312.0000000000,3
450,195,0.8487621656,30347312.0000000000,5
450,196,0.9026158365,30347312.0000000000,11
450,197,0.7815972457,30347312.0000000000,15
450,198,0.7444385017,30347312.0000000000,14
450,199,0.8182783021,30347312.0000000000,2
450,200,0.6747445027,30347312.0000000000,0
450,201,0.6927480014,27355696.0000000000,1
450,202,0.6157322245,27355696.0000000000,4
450,203,0.5629461150,27355696.0000000000,0
450,204,0.6629008603,30347312.0000000000,0
450,205,0.7669997660,30347312.0000000000,11
450,206,0.8090676069,30347312.0000000000,6
450,207,0.7995075209,30347312.0000000000,2
450,208,0.8199943241,30347312.0000000000,20
450,209,0.7751838620,30347312.0000000000,15
450,210,0.8061202328,30347312.0000000000,6
450,211,0.8015565462,30347312.0000000000,3
450,212,0.7835642547,30347312.0000000000,12
450,213,0.7957080028,27355696.0000000000,22
450,214,0.6189064362,27355696.0000000000,3
450,215,0.7204295445,27355696.0000000000,6
450,216,0.6613064455,30347312.0000000000,8
450,217,0.7938887713,30347312.0000000000,6
450,218,0.8348613017,30347312.0000000000,22
450,219,0.7697762475,30347312.0000000000,14
450,220,0.7007683350,30347312.0000000000,23
450,221,0.6045732609,30347312.0000000000,0
450,222,0.7628363305,30347312.0000000000,13
450,223,0.8463770825,30347312.0000000000,18
450,224,0.8238132121,30347312.0000000000,19
450,225,0.5235613072,27355696.0000000000,13
450,226,0.6122235499,27355696.0000000000,3
450,227,0.6890780704,27355696.0000000000,4
450,228,0.7210731612,30347312.0000000000,2
450,229,0.8358312937,30347312.0000000000,22
450,230,0.7630150650,30347312.0000000000,20
450,231,0.7815713213,30347312.0000000000,15
450,232,0.6110132377,30347312.0000000000,3
450,233,0.6922417355,30347312.0000000000,21
450,234,0.7246707961,30347312.0000000000,1
450,235,0.8414699815,30347312.0000000000,9
450,236,0.6303595948,30347312.0000000000,14
450,237,0.7097982635,27355696.0000000000,12
450,238,0.6559094466,27355696.0000000000,10
450,239,0.7418298621,27355696.0000000000,6
450,240,0.7903391625,30347312.0000000000,12
450,241,0.8321208761,30347312.0000000000,5
450,242,0.7022269003,30347312.0000000000,22
450,243,0.8356658010,30347312.0000000000,5
450,244,0.8545944861,30347312.0000000000,18
450,245,0.5228795446,30347312.0000000000,13
450,246,0.6122220179,30347312.0000000000,14
450,247,0.8279161077,30347312.0000000000,7
450,248,0.8404417309,30347312.0000000000,9
450,249,0.5774425034,27355696.0000000000,1
450,250,0.6295963933,27355696.0000000000,17
450,251,0.6645435180,27355696.0000000000,4
450,252,0.8440754448,30347312.0000000000,23
450,253,0.8616178695,30347312.0000000000,19
450,254,0.7613468983,30347312.0000000000,6
450,255,0.9376864461,30347312.0000000000,17
450,256,0.7870568494,30347312.0000000000,15
450,257,0.8601490504,30347312.0000000000,5
450,258,0.7352748875,30347312.0000000000,11
450,259,0.5734411722,30347312.0000000000,21
450,260,0.8055016049,30347312.0000000000,5
450,261,0.7943356127,27355696.0000000000,9
450,262,0.5666358296,27355696.0000000000,23
450,263,0.6283993540,27355696.0000000000,4
450,264,0.6362072470,30347312.0000000000,21
450,265,0.5400225669,30347312.0000000000,3
450,266,0.5342872401,30347312.0000000000,23
450,267,0.8556688837,30347312.0000000000,18
450,268,0.8436558579,30347312.0000000000,9
450,269,0.8000303151,30347312.0000000000,12
450,270,0.7615194080,30347312.0000000000,10
450,271,0.5905914725,30347312.0000000000,8
450,272,0.8643604705,30347312.0000000000,17
450,273,0.5563433395,27355696.0000000000,11
450,274,0.6943874081,27355696.0000000000,17
450,275,0.6971004614,27355696.0000000000,19
500,0,0.2553300080,157094320.0000000000,19
500,1,0.2630463120,155922128.0000000000,10
500,2,0.2537284360,153160272.0000000000,20
500,3,0.2476396030,149334672.0000000000,11
500,4,0.2372874090,142488032.0000000000,4
500,5,0.2314007440,138458624.0000000000,12
500,6,0.2311965950,139096624.0000000000,9
500,7,0.2556479420,146168240.0000000000,3
500,8,0.2778942960,156215280.0000000000,15
500,9,0.2558950310,146211424.0000000000,17
500,10,0.2512040390,146479440.0000000000,14
500,11,0.2450071540,145371984.0000000000,13
500,12,0.3906366390,239940464.0000000000,1
500,13,0.3939394130,240718608.0000000000,23
500,14,0.4016182640,242942704.0000000000,0
500,15,0.4183142000,248675648.0000000000,9
500,16,0.4478000130,257567552.0000000000,22
500,17,0.4571748080,261210128.0000000000,0
500,18,0.4521027710,261270496.0000000000,7
500,19,0.4357496450,255480992.0000000000,2
500,20,0.4192115260,246794048.0000000000,21
500,21,0.3616242050,217991616.0000000000,6
500,22,0.3568881680,216546704.0000000000,7
500,23,0.3547339670,216025568.0000000000,11
500,24,0.3924633040,239986640.0000000000,7
500,25,0.3942013750,240061856.0000000000,2
500,26,0.3974296550,240066208.0000000000,11
500,27,0.3923102870,240061952.0000000000,19
500,28,0.3920093280,240061824.0000000000,13
500,29,0.3903150660,240067856.0000000000,19
500,30,0.3858061950,240061568.0000000000,18
500,31,0.3954601790,240063360.0000000000,14
500,32,0.3939646520,240063360.0000000000,22
500,33,0.3523638200,216099264.0000000000,20
500,34,0.3527344520,216104576.0000000000,12
500,35,0.3118151750,216024416.0000000000,19
500,36,0.3839721540,239989568.0000000000,5
500,37,0.3876263210,240064496.0000000000,8
500,38,0.3864722980,240063632.0000000000,5
500,39,0.3917036940,240064496.0000000000,17
500,40,0.3957188380,240062320.0000000000,21
500,41,0.3939701180,240064960.0000000000,3
500,42,0.3939959880,240062032.0000000000,12
500,43,0.3926233660,240062240.0000000000,10
500,44,0.3873991880,240065184.0000000000,16
500,45,0.3550418720,216097920.0000000000,15
500,46,0.3538791350,216100160.0000000000,9
500,47,0.3521482100,216021152.0000000000,9
500,48,0.3890561960,239988064.0000000000,6
500,49,0.3818685810,240064480.0000000000,22
500,50,0.3764228260,240061536.0000000000,20
500,51,0.3935358390,240063264.0000000000,16
500,52,0.3600596480,240065584.0000000000,2
500,53,0.3936877470,240060336.0000000000,17
500,54,0.3940585930,240064448.0000000000,23
500,55,0.3410369680,240065312.0000000000,20
500,56,0.3937828060,240062768.0000000000,1
500,57,0.3211100880,216102064.0000000000,17
500,58,0.3539648290,216099696.0000000000,14
500,59,0.3559014930,216025680.0000000000,15
500,60,0.3982525940,239976688.0000000000,10
500,61,0.3918074420,240061168.0000000000,6
500,62,0.3985937860,240068336.0000000000,18
500,63,0.3954823770,240063408.0000000000,0
500,64,0.3954031470,240073408.0000000000,21
500,65,0.3957920600,240067552.0000000000,18
500,66,0.3924907590,240064528.0000000000,15
500,67,0.3959738740,240065568.0000000000,23
500,68,0.3935767880,240066368.0000000000,4
500,69,0.3171422630,216102496.0000000000,10
500,70,0.3547064940,216103728.0000000000,4
500,71,0.3551054690,216011392.0000000000,3
500,72,0.3924363730,239855088.0000000000,1
500,73,0.3896853250,240060896.0000000000,5
500,74,0.3959523480,240062976.0000000000,8
500,75,0.3931802900,240053536.0000000000,4
500,76,0.3803656780,240056048.0000000000,11
500,77,0.3961139330,240055408.0000000000,8
500,78,0.3600465440,240061328.0000000000,12
500,79,0.3924197020,240066512.0000000000,13
500,80,0.3613153290,240048560.0000000000,3
500,81,0.3560894050,216101408.0000000000,14
500,82,0.3581121130,216104192.0000000000,16
500,83,0.3275764060,215884448.0000000000,13
500,84,0.1446757990,89770592.0000000000,23
500,85,0.1204519060,89814608.0000000000,1
500,86,0.1320842740,89821248.0000000000,0
500,87,0.1452635190,89824896.0000000000,21
500,88,0.1369478290,89821536.0000000000,16
500,89,0.1249142230,89816992.0000000000,2
500,90,0.1397533990,89830976.0000000000,8
500,91,0.1419565330,89826096.0000000000,7
500,92,0.1353715470,89820208.0000000000,18
500,93,0.1197303190,80880752.0000000000,6
500,94,0.1181840550,80884816.0000000000,5
500,95,0.1074881550,80828640.0000000000,22
500,96,0.0250180530,30347312.0000000000,16
500,97,0.0245937570,30347312.0000000000,14
500,98,0.0229601600,30347312.0000000000,13
500,99,0.0229568140,30347312.0000000000,13
500,100,0.0281464150,30347312.0000000000,0
500,101,0.0257766500,30347312.0000000000,21
500,102,0.0267669460,30347312.0000000000,9
500,103,0.0243312390,30347312.0000000000,10
500,104,0.0276878370,30347312.0000000000,0
500,105,0.0156141270,27355696.0000000000,1
500,106,0.0189133320,27355696.0000000000,17
500,107,0.0224928140,27355696.0000000000,21
500,108,0.0229412940,30347312.0000000000,9
500,109,0.0226323030,30347312.0000000000,20
500,110,0.0244317670,30347312.0000000000,17
500,111,0.0245005270,30347312.0000000000,10
500,112,0.0266181030,30347312.0000000000,7
500,113,0.0229595380,30347312.0000000000,13
500,114,0.0250039340,30347312.0000000000,16
500,115,0.0266839150,30347312.0000000000,8
500,116,0.0227808020,30347312.0000000000,15
500,117,0.0193804150,27355696.0000000000,2
500,118,0.0251194930,27355696.0000000000,8
500,119,0.0209808170,27355696.0000000000,23
500,120,0.0254037750,30347312.0000000000,6
500,121,0.0227860630,30347312.0000000000,9
500,122,0.0266995060,30347312.0000000000,23
500,123,0.0245352550,30347312.0000000000,10
500,124,0.0265341280,30347312.0000000000,14
500,125,0.0263140480,30347312.0000000000,3
500,126,0.0276913530,30347312.0000000000,0
500,127,0.0225740190,30347312.0000000000,20
500,128,0.0250558350,30347312.0000000000,16
500,129,0.0242766940,27355696.0000000000,0
500,130,0.0235831140,27355696.0000000000,11
500,131,0.0213183560,27355696.0000000000,13
500,132,0.0229559020,30347312.0000000000,13
500,133,0.0212742200,30347312.0000000000,5
500,134,0.0266989560,30347312.0000000000,23
500,135,0.0263829320,30347312.0000000000,3
500,136,0.0233334980,30347312.0000000000,5
500,137,0.0210066030,30347312.0000000000,2
500,138,0.0254700740,30347312.0000000000,1
500,139,0.0232565810,30347312.0000000000,16
500,140,0.0241662710,30347312.0000000000,19
500,141,0.0195873560,27355696.0000000000,1
500,142,0.0227675940,27355696.0000000000,18
500,143,0.0187479830,27355696.0000000000,6
500,144,0.0251466900,30347312.0000000000,7
500,145,0.0242403150,30347312.0000000000,22
500,146,0.0264533470,30347312.0000000000,8
500,147,0.0242541820,30347312.0000000000,21
500,148,0.0282103440,30347312.0000000000,19
500,149,0.0246346690,30347312.0000000000,18
500,150,0.0245071210,30347312.0000000000,12
500,151,0.0253926110,30347312.0000000000,8
500,152,0.0246285430,30347312.0000000000,14
500,153,0.0205710900,27355696.0000000000,4
500,154,0.0200793100,27355696.0000000000,16
500,155,0.0190567290,27355696.0000000000,18
500,156,0.0226688540,30347312.0000000000,20
500,157,0.0228852010,30347312.0000000000,16
500,158,0.0244794250,30347312.0000000000,8
500,159,0.0246155720,30347312.0000000000,22
500,160,0.0228324500,30347312.0000000000,14
500,161,0.0255843750,30347312.0000000000,3
500,162,0.0211270770,30347312.0000000000,13
500,163,0.0229267920,30347312.0000000000,2
500,164,0.0212438420,30347312.0000000000,8
500,165,0.0211888450,27355696.0000000000,15
500,166,0.0214487090,27355696.0000000000,14
500,167,0.0246378840,27355696.0000000000,4
500,168,0.0213909770,30347312.0000000000,1
500,169,0.0264699010,30347312.0000000000,12
500,170,0.0212597050,30347312.0000000000,5
500,171,0.0230175560,30347312.0000000000,2
500,172,0.0278704600,30347312.0000000000,0
500,173,0.0263017140,30347312.0000000000,4
500,174,0.0213915300,30347312.0000000000,1
500,175,0.0281879890,30347312.0000000000,22
500,176,0.0244725220,30347312.0000000000,7
500,177,0.0208997170,27355696.0000000000,7
500,178,0.0209463670,27355696.0000000000,7
500,179,0.0185976100,27355696.0000000000,11
500,180,0.0244155640,30347312.0000000000,21
500,181,0.0267695390,30347312.0000000000,3
500,182,0.0246320210,30347312.0000000000,7
500,183,0.0249441560,30347312.0000000000,21
500,184,0.0221000720,30347312.0000000000,16
500,185,0.0226388570,30347312.0000000000,20
500,186,0.0242497430,30347312.0000000000,19
500,187,0.0264768050,30347312.0000000000,23
500,188,0.0213928100,30347312.0000000000,1
500,189,0.0229295570,27355696.0000000000,17
500,190,0.0154172440,27355696.0000000000,2
500,191,0.0230614930,27355696.0000000000,18
500,192,0.0264490520,30347312.0000000000,10
500,193,0.0246584230,30347312.0000000000,7
500,194,0.0285260600,30347312.0000000000,3
500,195,0.0233355520,30347312.0000000000,5
500,196,0.0268138970,30347312.0000000000,11
500,197,0.0230482300,30347312.0000000000,15
500,198,0.0224636800,30347312.0000000000,14
500,199,0.0214607640,30347312.0000000000,2
500,200,0.0204353080,30347312.0000000000,0
500,201,0.0177806200,27355696.0000000000,1
500,202,0.0203425160,27355696.0000000000,4
500,203,0.0210013540,27355696.0000000000,0
500,204,0.0215460290,30347312.0000000000,0
500,205,0.0230305540,30347312.0000000000,11
500,206,0.0235323330,30347312.0000000000,6
500,207,0.0185551490,30347312.0000000000,2
500,208,0.0246340090,30347312.0000000000,20
500,209,0.0230407060,30347312.0000000000,15
500,210,0.0234581900,30347312.0000000000,6
500,211,0.0265590910,30347312.0000000000,3
500,212,0.0263541670,30347312.0000000000,12
500,213,0.0227277170,27355696.0000000000,22
500,214,0.0185885430,27355696.0000000000,3
500,215,0.0218053210,27355696.0000000000,6
500,216,0.0206618280,30347312.0000000000,8
500,217,0.0235353400,30347312.0000000000,6
500,218,0.0246244890,30347312.0000000000,22
500,219,0.0241981610,30347312.0000000000,14
500,220,0.0227370150,30347312.0000000000,23
500,221,0.0152166540,30347312.0000000000,0
500,222,0.0234626000,30347312.0000000000,13
500,223,0.0242275010,30347312.0000000000,18
500,224,0.0240811960,30347312.0000000000,19
500,225,0.0181773080,27355696.0000000000,13
500,226,0.0217029820,27355696.0000000000,3
500,227,0.0245868340,27355696.0000000000,4
500,228,0.0188765820,30347312.0000000000,2
500,229,0.0246294480,30347312.0000000000,22
500,230,0.0224261120,30347312.0000000000,20
500,231,0.0246629690,30347312.0000000000,15
500,232,0.0191569140,30347312.0000000000,3
500,233,0.0211404810,30347312.0000000000,21
500,234,0.0198155380,30347312.0000000000,1
500,235,0.0228278720,30347312.0000000000,9
500,236,0.0175708130,30347312.0000000000,14
500,237,0.0249077930,27355696.0000000000,12
500,238,0.0210121850,27355696.0000000000,10
500,239,0.0199378250,27355696.0000000000,6
500,240,0.0259718390,30347312.0000000000,12
500,241,0.0212449450,30347312.0000000000,5
500,242,0.0205282860,30347312.0000000000,22
500,243,0.0229908440,30347312.0000000000,5
500,244,0.0245519300,30347312.0000000000,18
500,245,0.0174091440,30347312.0000000000,13
500,246,0.0157063120,30347312.0000000000,14
500,247,0.0266847660,30347312.0000000000,7
500,248,0.0228519000,30347312.0000000000,9
500,249,0.0156416370,27355696.0000000000,1
500,250,0.0208013060,27355696.0000000000,17
500,251,0.0225988360,27355696.0000000000,4
500,252,0.0280978120,30347312.0000000000,23
500,253,0.0242602750,30347312.0000000000,19
500,254,0.0234953310,30347312.0000000000,6
500,255,0.0303210610,30347312.0000000000,17
500,256,0.0246981300,30347312.0000000000,15
500,257,0.0228166970,30347312.0000000000,5
500,258,0.0230452040,30347312.0000000000,11
500,259,0.0177314720,30347312.0000000000,21
500,260,0.0209187230,30347312.0000000000,5
500,261,0.0214155750,27355696.0000000000,9
500,262,0.0172064150,27355696.0000000000,23
500,263,0.0221368820,27355696.0000000000,4
500,264,0.0195202480,30347312.0000000000,21
500,265,0.0149254130,30347312.0000000000,3
500,266,0.0181103270,30347312.0000000000,23
500,267,0.0245904930,30347312.0000000000,18
500,268,0.0228586230,30347312.0000000000,9
500,269,0.0249534490,30347312.0000000000,12
500,270,0.0245794190,30347312.0000000000,10
500,271,0.0178149470,30347312.0000000000,8
500,272,0.0266744000,30347312.0000000000,17
500,273,0.0174177470,27355696.0000000000,11
500,274,0.0202567920,27355696.0000000000,17
500,275,0.0186585170,27355696.0000000000,19
550,0,8.5218594628,156638720.0000000000,19
550,1,8.2488578657,155036896.0000000000,10
550,2,8.1510543840,151116480.0000000000,20
550,3,7.8798345860,145527648.0000000000,11
550,4,7.4577504138,138546864.0000000000,4
550,5,7.5522760968,138140576.0000000000,12
550,6,7.4287773563,138272160.0000000000,9
550,7,7.6140534701,141083280.0000000000,3
550,8,8.6622848051,154307056.0000000000,15
550,9,8.3174828836,146634336.0000000000,17
550,10,8.2250246959,146965856.0000000000,14
550,11,7.8566832611,145679872.0000000000,13
550,12,12.6210750669,239931376.0000000000,1
550,13,12.8962878980,240938464.0000000000,23
550,14,13.1222982660,243960336.0000000000,0
550,15,13.7174371033,251848384.0000000000,9
550,16,14.5831034351,260498368.0000000000,22
550,17,14.6139924942,261253472.0000000000,0
550,18,14.5813627503,261424928.0000000000,7
550,19,14.2937178060,259938816.0000000000,2
550,20,13.6440365628,249540400.0000000000,21
550,21,11.7467577666,218739776.0000000000,6
550,22,11.4220560674,216711008.0000000000,7
550,23,11.4368993585,216045280.0000000000,11
550,24,12.5703826601,239984736.0000000000,7
550,25,12.6175229886,240065936.0000000000,2
550,26,12.7828794732,240063200.0000000000,11
550,27,12.5738892203,240064416.0000000000,19
550,28,12.7481960023,240061360.0000000000,13
550,29,12.5744717569,240068496.0000000000,19
550,30,12.5334027623,240061840.0000000000,18
550,31,12.6741888179,240062336.0000000000,14
550,32,12.7361287153,240067440.0000000000,22
550,33,11.3647335766,216098448.0000000000,20
550,34,11.3509013046,216103120.0000000000,12
550,35,10.3066745266,216021824.0000000000,19
550,36,12.5389941748,239987360.0000000000,5
550,37,12.5594427623,240063680.0000000000,8
550,38,12.5973406678,240063632.0000000000,5
550,39,12.5701246483,240060160.0000000000,17
550,40,12.6714756658,240065712.0000000000,21
550,41,12.7729261258,240060928.0000000000,3
550,42,12.6784982089,240061760.0000000000,12
550,43,12.6051212127,240061280.0000000000,10
550,44,12.5595569189,240060928.0000000000,16
550,45,11.4372770093,216101856.0000000000,15
550,46,11.3879258831,216100848.0000000000,9
550,47,11.2881783794,216020512.0000000000,9
550,48,12.6299122774,239989344.0000000000,6
550,49,12.5100502674,240061184.0000000000,22
550,50,12.5929367023,240061936.0000000000,20
550,51,12.6970978947,240068784.0000000000,16
550,52,11.9841282808,240063408.0000000000,2
550,53,12.6728742649,240065424.0000000000,17
550,54,12.7301709435,240062976.0000000000,23
550,55,11.3909260757,240066800.0000000000,20
550,56,12.6551858093,240063824.0000000000,1
550,57,10.4801301141,216102400.0000000000,17
550,58,11.4478898977,216099472.0000000000,14
550,59,11.4713001040,216025264.0000000000,15
550,60,12.7159539329,239974080.0000000000,10
550,61,12.6271107621,240064800.0000000000,6
550,62,12.7472604961,240066704.0000000000,18
550,63,12.7586775963,240066192.0000000000,0
550,64,12.6659242551,240072480.0000000000,21
550,65,12.6826905482,240069008.0000000000,18
550,66,12.6541902136,240065648.0000000000,15
550,67,12.7413199568,240069024.0000000000,23
550,68,12.5412684304,240070240.0000000000,4
550,69,10.7950762723,216104992.0000000000,10
550,70,11.3375166292,216104528.0000000000,4
550,71,11.3740679890,216007856.0000000000,3
550,72,12.6700329590,239833600.0000000000,1
550,73,12.6431058515,240059920.0000000000,5
550,74,12.6789381438,240063440.0000000000,8
550,75,12.6788743240,240052768.0000000000,4
550,76,12.4455266251,240054496.0000000000,11
550,77,12.6744744842,240054928.0000000000,8
550,78,11.6884715242,240059088.0000000000,12
550,79,12.6843736028,240060432.0000000000,13
550,80,12.1704585094,240049200.0000000000,3
550,81,11.4369564506,216103968.0000000000,14
550,82,11.4413838455,216103040.0000000000,16
550,83,11.1841144112,215861904.0000000000,13
550,84,4.6158098470,89766784.0000000000,23
550,85,4.1755255893,89813632.0000000000,1
550,86,4.1319488368,89819664.0000000000,0
550,87,4.5768935690,89826048.0000000000,21
550,88,4.5306963709,89821136.0000000000,16
550,89,3.9686290569,89818656.0000000000,2
550,90,4.4577198806,89831328.0000000000,8
550,91,4.4543833608,89828512.0000000000,7
550,92,4.3363410913,89818352.0000000000,18
550,93,3.8098409059,80879200.0000000000,6
550,94,3.8121390363,80883184.0000000000,5
550,95,3.3826825472,80824672.0000000000,22
550,96,0.7914165804,30347312.0000000000,16
550,97,0.7952760797,30347312.0000000000,14
550,98,0.8323913938,30347312.0000000000,13
550,99,0.8097628544,30347312.0000000000,13
550,100,0.9096210865,30347312.0000000000,0
550,101,0.8043737388,30347312.0000000000,21
550,102,0.8996526875,30347312.0000000000,9
550,103,0.8439202707,30347312.0000000000,10
550,104,0.8676360802,30347312.0000000000,0
550,105,0.6546627423,27355696.0000000000,1
550,106,0.6378548140,27355696.0000000000,17
550,107,0.7465019164,27355696.0000000000,21
550,108,0.7970953243,30347312.0000000000,9
550,109,0.7651289496,30347312.0000000000,20
550,110,0.8004386046,30347312.0000000000,17
550,111,0.8460058096,30347312.0000000000,10
550,112,0.7963586075,30347312.0000000000,7
550,113,0.8459149307,30347312.0000000000,13
550,114,0.7946351595,30347312.0000000000,16
550,115,0.8044155981,30347312.0000000000,8
550,116,0.7846061504,30347312.0000000000,15
550,117,0.6070782942,27355696.0000000000,2
550,118,0.7550405926,27355696.0000000000,8
550,119,0.6701551150,27355696.0000000000,23
550,120,0.7689573244,30347312.0000000000,6
550,121,0.7912077281,30347312.0000000000,9
550,122,0.8047590768,30347312.0000000000,23
550,123,0.8244761782,30347312.0000000000,10
550,124,0.8279699705,30347312.0000000000,14
550,125,0.7976910983,30347312.0000000000,3
550,126,0.8330354316,30347312.0000000000,0
550,127,0.7317963750,30347312.0000000000,20
550,128,0.7783579031,30347312.0000000000,16
550,129,0.7147791264,27355696.0000000000,0
550,130,0.7707438866,27355696.0000000000,11
550,131,0.7449770785,27355696.0000000000,13
550,132,0.7949831721,30347312.0000000000,13
550,133,0.7725012321,30347312.0000000000,5
550,134,0.8012955688,30347312.0000000000,23
550,135,0.7909644819,30347312.0000000000,3
550,136,0.8269903331,30347312.0000000000,5
550,137,0.7644651182,30347312.0000000000,2
550,138,0.8279775967,30347312.0000000000,1
550,139,0.7689815534,30347312.0000000000,16
550,140,0.7993552331,30347312.0000000000,19
550,141,0.6627515696,27355696.0000000000,1
550,142,0.7417666540,27355696.0000000000,18
550,143,0.6699971013,27355696.0000000000,6
550,144,0.7862209828,30347312.0000000000,7
550,145,0.7916177053,30347312.0000000000,22
550,146,0.7961507530,30347312.0000000000,8
550,147,0.8089452159,30347312.0000000000,21
550,148,0.9103263958,30347312.0000000000,19
550,149,0.8047543420,30347312.0000000000,18
550,150,0.7971863976,30347312.0000000000,12
550,151,0.7953863346,30347312.0000000000,8
550,152,0.8061073253,30347312.0000000000,14
550,153,0.6724414507,27355696.0000000000,4
550,154,0.6814175879,27355696.0000000000,16
550,155,0.6268155454,27355696.0000000000,18
550,156,0.7413690224,30347312.0000000000,20
550,157,0.7993613181,30347312.0000000000,16
550,158,0.7936655092,30347312.0000000000,8
550,159,0.8064613596,30347312.0000000000,22
550,160,0.7247357778,30347312.0000000000,14
550,161,0.7930193087,30347312.0000000000,3
550,162,0.7137313686,30347312.0000000000,13
550,163,0.7298803102,30347312.0000000000,2
550,164,0.6900178951,30347312.0000000000,8
550,165,0.7552352916,27355696.0000000000,15
550,166,0.7809441558,27355696.0000000000,14
550,167,0.7295284587,27355696.0000000000,4
550,168,0.7881899238,30347312.0000000000,1
550,169,0.7928873788,30347312.0000000000,12
550,170,0.8197308209,30347312.0000000000,5
550,171,0.7763077016,30347312.0000000000,2
550,172,0.8175972050,30347312.0000000000,0
550,173,0.8372240771,30347312.0000000000,4
550,174,0.8077818226,30347312.0000000000,1
550,175,0.9159241641,30347312.0000000000,22
550,176,0.7936303785,30347312.0000000000,7
550,177,0.6783428048,27355696.0000000000,7
550,178,0.6836604932,27355696.0000000000,7
550,179,0.6414964933,27355696.0000000000,11
550,180,0.7984394854,30347312.0000000000,21
550,181,0.8559956675,30347312.0000000000,3
550,182,0.7974440582,30347312.0000000000,7
550,183,0.8096762095,30347312.0000000000,21
550,184,0.6939685911,30347312.0000000000,16
550,185,0.7430416780,30347312.0000000000,20
550,186,0.8041006859,30347312.0000000000,19
550,187,0.7960480615,30347312.0000000000,23
550,188,0.7897997788,30347312.0000000000,1
550,189,0.7336914214,27355696.0000000000,17
550,190,0.6290043194,27355696.0000000000,2
550,191,0.7517800858,27355696.0000000000,18
550,192,0.8624536170,30347312.0000000000,10
550,193,0.8052193588,30347312.0000000000,7
550,194,0.8448594239,30347312.0000000000,3
550,195,0.8167936594,30347312.0000000000,5
550,196,0.9143432816,30347312.0000000000,11
550,197,0.8201424422,30347312.0000000000,15
550,198,0.8147946912,30347312.0000000000,14
550,199,0.7604926520,30347312.0000000000,2
550,200,0.6602366288,30347312.0000000000,0
550,201,0.6622674373,27355696.0000000000,1
550,202,0.7027769363,27355696.0000000000,4
550,203,0.6615244418,27355696.0000000000,0
550,204,0.6521696115,30347312.0000000000,0
550,205,0.8026681224,30347312.0000000000,11
550,206,0.7848648232,30347312.0000000000,6
550,207,0.7218555699,30347312.0000000000,2
550,208,0.7967304109,30347312.0000000000,20
550,209,0.8200688968,30347312.0000000000,15
550,210,0.7662312418,30347312.0000000000,6
550,211,0.8083419503,30347312.0000000000,3
550,212,0.8037520349,30347312.0000000000,12
550,213,0.7430860117,27355696.0000000000,22
550,214,0.5799576742,27355696.0000000000,3
550,215,0.6625710418,27355696.0000000000,6
550,216,0.6730048743,30347312.0000000000,8
550,217,0.7184161041,30347312.0000000000,6
550,218,0.8054323463,30347312.0000000000,22
550,219,0.7353906574,30347312.0000000000,14
550,220,0.7016477500,30347312.0000000000,23
550,221,0.5297180574,30347312.0000000000,0
550,222,0.7963536584,30347312.0000000000,13
550,223,0.7928093636,30347312.0000000000,18
550,224,0.8012072767,30347312.0000000000,19
550,225,0.5424155777,27355696.0000000000,13
550,226,0.7116506727,27355696.0000000000,3
550,227,0.7333921458,27355696.0000000000,4
550,228,0.6660322940,30347312.0000000000,2
550,229,0.8045514781,30347312.0000000000,22
550,230,0.7378030683,30347312.0000000000,20
550,231,0.8197239960,30347312.0000000000,15
550,232,0.6661881738,30347312.0000000000,3
550,233,0.6864727410,30347312.0000000000,21
550,234,0.7350672685,30347312.0000000000,1
550,235,0.8193093451,30347312.0000000000,9
550,236,0.6035282942,30347312.0000000000,14
550,237,0.7399645170,27355696.0000000000,12
550,238,0.7601111346,27355696.0000000000,10
550,239,0.6236969253,27355696.0000000000,6
550,240,0.7996521916,30347312.0000000000,12
550,241,0.7997329270,30347312.0000000000,5
550,242,0.6750258076,30347312.0000000000,22
550,243,0.8011648854,30347312.0000000000,5
550,244,0.8044628283,30347312.0000000000,18
550,245,0.5222427428,30347312.0000000000,13
550,246,0.5656107820,30347312.0000000000,14
550,247,0.8417077121,30347312.0000000000,7
550,248,0.8322326881,30347312.0000000000,9
550,249,0.6019395412,27355696.0000000000,1
550,250,0.6304668257,27355696.0000000000,17
550,251,0.7525201431,27355696.0000000000,4
550,252,0.8519937395,30347312.0000000000,23
550,253,0.8408788533,30347312.0000000000,19
550,254,0.6926791532,30347312.0000000000,6
550,255,0.9149129510,30347312.0000000000,17
550,256,0.8229125746,30347312.0000000000,15
550,257,0.8310486798,30347312.0000000000,5
550,258,0.8207820281,30347312.0000000000,11
550,259,0.5720882570,30347312.0000000000,21
550,260,0.7549265687,30347312.0000000000,5
550,261,0.7889363113,27355696.0000000000,9
550,262,0.5647904411,27355696.0000000000,23
550,263,0.6781405950,27355696.0000000000,4
550,264,0.6401448126,30347312.0000000000,21
550,265,0.5101206549,30347312.0000000000,3
550,266,0.5250917839,30347312.0000000000,23
550,267,0.8045824223,30347312.0000000000,18
550,268,0.8392280865,30347312.0000000000,9
550,269,0.7983568439,30347312.0000000000,12
550,270,0.8373218129,30347312.0000000000,10
550,271,0.5730109450,30347312.0000000000,8
550,272,0.8039303284,30347312.0000000000,17
550,273,0.6086778899,27355696.0000000000,11
550,274,0.6369915581,27355696.0000000000,17
550,275,0.7001883891,27355696.0000000000,19
600,0,0.2525929610,156218720.0000000000,19
600,1,0.2567585390,154208960.0000000000,10
600,2,0.2447379910,149234096.0000000000,20
600,3,0.2345776320,142378992.0000000000,11
600,4,0.2331466790,137873264.0000000000,4
600,5,0.2328375020,138126640.0000000000,12
600,6,0.2314725310,138176384.0000000000,9
600,7,0.2331049840,139276192.0000000000,3
600,8,0.2664584040,153310416.0000000000,15
600,9,0.2578454000,147279568.0000000000,17
600,10,0.2545109270,147464816.0000000000,14
600,11,0.2436618690,145941280.0000000000,13
600,12,0.3909599670,239894576.0000000000,1
600,13,0.3953247760,241087648.0000000000,23
600,14,0.4157024630,244591232.0000000000,0
600,15,0.4371027240,253727296.0000000000,9
600,16,0.4593795420,260780752.0000000000,22
600,17,0.4599900860,261235360.0000000000,0
600,18,0.4573835460,261383232.0000000000,7
600,19,0.4535110930,261206432.0000000000,2
600,20,0.4338818640,251453360.0000000000,21
600,21,0.3619251110,219249824.0000000000,6
600,22,0.3559180220,216824352.0000000000,7
600,23,0.3571455720,216064320.0000000000,11
600,24,0.3887575800,239985888.0000000000,7
600,25,0.3917677980,240061648.0000000000,2
600,26,0.3977800690,240061520.0000000000,11
600,27,0.3929953570,240062448.0000000000,19
600,28,0.3948481550,240062272.0000000000,13
600,29,0.3927289410,240067632.0000000000,19
600,30,0.3883317360,240060848.0000000000,18
600,31,0.3941375910,240063888.0000000000,14
600,32,0.3938670830,240061824.0000000000,22
600,33,0.3497250220,216104640.0000000000,20
600,34,0.3543448090,216102848.0000000000,12
600,35,0.3193560700,216017840.0000000000,19
600,36,0.3839349470,239983184.0000000000,5
600,37,0.3878341190,240062816.0000000000,8
600,38,0.3869135810,240059664.0000000000,5
600,39,0.3923617670,240059712.0000000000,17
600,40,0.3950525550,240066080.0000000000,21
600,41,0.3959855240,240061680.0000000000,3
600,42,0.3922781850,240065760.0000000000,12
600,43,0.3927222260,240061888.0000000000,10
600,44,0.3864986470,240065072.0000000000,16
600,45,0.3552174670,216099744.0000000000,15
600,46,0.3527537750,216100704.0000000000,9
600,47,0.3534000570,216019008.0000000000,9
600,48,0.3882855090,239987360.0000000000,6
600,49,0.3735451550,240061504.0000000000,22
600,50,0.3834529880,240065568.0000000000,20
600,51,0.3947104740,240069024.0000000000,16
600,52,0.3568435120,240062848.0000000000,2
600,53,0.3937472340,240065552.0000000000,17
600,54,0.3959276990,240062000.0000000000,23
600,55,0.3380298080,240066368.0000000000,20
600,56,0.3939801330,240060816.0000000000,1
600,57,0.3211348640,216100432.0000000000,17
600,58,0.3521474030,216099136.0000000000,14
600,59,0.3573767700,216021120.0000000000,15
600,60,0.3967252020,239971344.0000000000,10
600,61,0.3918850660,240066880.0000000000,6
600,62,0.3965413600,240073824.0000000000,18
600,63,0.3979091880,240064896.0000000000,0
600,64,0.3934592030,240076400.0000000000,21
600,65,0.3961289130,240069808.0000000000,18
600,66,0.3939956090,240064704.0000000000,15
600,67,0.3960368260,240067216.0000000000,23
600,68,0.3893650370,240079424.0000000000,4
600,69,0.3199120370,216106832.0000000000,10
600,70,0.3520088330,216104720.0000000000,4
600,71,0.3525470450,216004656.0000000000,3
600,72,0.3921932240,239807600.0000000000,1
600,73,0.3895338370,240059968.0000000000,5
600,74,0.3958342610,240058256.0000000000,8
600,75,0.3942373000,240052624.0000000000,4
600,76,0.3851753920,240052320.0000000000,11
600,77,0.3958632170,240051088.0000000000,8
600,78,0.3575603070,240058592.0000000000,12
600,79,0.3937978850,240059584.0000000000,13
600,80,0.3703763100,240044784.0000000000,3
600,81,0.3562265160,216097840.0000000000,14
600,82,0.3568742970,216099664.0000000000,16
600,83,0.3439371580,215841136.0000000000,13
600,84,0.1427769250,89761552.0000000000,23
600,85,0.1204704790,89811472.0000000000,1
600,86,0.1193148300,89820560.0000000000,0
600,87,0.1411333450,89826384.0000000000,21
600,88,0.1380732390,89819536.0000000000,16
600,89,0.1119729300,89820448.0000000000,2
600,90,0.1397781090,89831424.0000000000,8
600,91,0.1400957270,89827744.0000000000,7
600,92,0.1369695410,89820848.0000000000,18
600,93,0.1199633480,80877456.0000000000,6
600,94,0.1182463810,80885296.0000000000,5
600,95,0.1137954990,80817760.0000000000,22
600,96,0.0249930830,30347312.0000000000,16
600,97,0.0245729480,30347312.0000000000,14
600,98,0.0259663920,30347312.0000000000,13
600,99,0.0245495440,30347312.0000000000,13
600,100,0.0265537120,30347312.0000000000,0
600,101,0.0243330550,30347312.0000000000,21
600,102,0.0284155560,30347312.0000000000,9
600,103,0.0243588250,30347312.0000000000,10
600,104,0.0282235970,30347312.0000000000,0
600,105,0.0176449760,27355696.0000000000,1
600,106,0.0209689430,27355696.0000000000,17
600,107,0.0226543460,27355696.0000000000,21
600,108,0.0245332720,30347312.0000000000,9
600,109,0.0225048440,30347312.0000000000,20
600,110,0.0244632270,30347312.0000000000,17
600,111,0.0246615800,30347312.0000000000,10
600,112,0.0249121560,30347312.0000000000,7
600,113,0.0245288330,30347312.0000000000,13
600,114,0.0250224610,30347312.0000000000,16
600,115,0.0250323860,30347312.0000000000,8
600,116,0.0243312400,30347312.0000000000,15
600,117,0.0193745470,27355696.0000000000,2
600,118,0.0256125790,27355696.0000000000,8
600,119,0.0230317140,27355696.0000000000,23
600,120,0.0254070120,30347312.0000000000,6
600,121,0.0242937990,30347312.0000000000,9
600,122,0.0267014920,30347312.0000000000,23
600,123,0.0243860890,30347312.0000000000,10
600,124,0.0243889400,30347312.0000000000,14
600,125,0.0245439640,30347312.0000000000,3
600,126,0.0275894480,30347312.0000000000,0
600,127,0.0225877560,30347312.0000000000,20
600,128,0.0250381210,30347312.0000000000,16
600,129,0.0226340260,27355696.0000000000,0
600,130,0.0247196620,27355696.0000000000,11
600,131,0.0227763870,27355696.0000000000,13
600,132,0.0245904710,30347312.0000000000,13
600,133,0.0212623510,30347312.0000000000,5
600,134,0.0260402290,30347312.0000000000,23
600,135,0.0243083280,30347312.0000000000,3
600,136,0.0213835650,30347312.0000000000,5
600,137,0.0210323660,30347312.0000000000,2
600,138,0.0235358500,30347312.0000000000,1
600,139,0.0232300900,30347312.0000000000,16
600,140,0.0241694290,30347312.0000000000,19
600,141,0.0195815980,27355696.0000000000,1
600,142,0.0235999350,27355696.0000000000,18
600,143,0.0199249310,27355696.0000000000,6
600,144,0.0243142280,30347312.0000000000,7
600,145,0.0242267300,30347312.0000000000,22
600,146,0.0249656170,30347312.0000000000,8
600,147,0.0264924050,30347312.0000000000,21
600,148,0.0262488560,30347312.0000000000,19
600,149,0.0267199280,30347312.0000000000,18
600,150,0.0229600320,30347312.0000000000,12
600,151,0.0228233470,30347312.0000000000,8
600,152,0.0246460630,30347312.0000000000,14
600,153,0.0209844020,27355696.0000000000,4
600,154,0.0201048990,27355696.0000000000,16
600,155,0.0209563780,27355696.0000000000,18
600,156,0.0226320200,30347312.0000000000,20
600,157,0.0212418180,30347312.0000000000,16
600,158,0.0228575740,30347312.0000000000,8
600,159,0.0245910030,30347312.0000000000,22
600,160,0.0213276050,30347312.0000000000,14
600,161,0.0242796920,30347312.0000000000,3
600,162,0.0210720630,30347312.0000000000,13
600,163,0.0229267140,30347312.0000000000,2
600,164,0.0212932100,30347312.0000000000,8
600,165,0.0226305260,27355696.0000000000,15
600,166,0.0239363470,27355696.0000000000,14
600,167,0.0210167740,27355696.0000000000,4
600,168,0.0213767120,30347312.0000000000,1
600,169,0.0227030060,30347312.0000000000,12
600,170,0.0232264820,30347312.0000000000,5
600,171,0.0230286990,30347312.0000000000,2
600,172,0.0243989610,30347312.0000000000,0
600,173,0.0246648960,30347312.0000000000,4
600,174,0.0213877130,30347312.0000000000,1
600,175,0.0281695550,30347312.0000000000,22
600,176,0.0245290630,30347312.0000000000,7
600,177,0.0209322710,27355696.0000000000,7
600,178,0.0209524310,27355696.0000000000,7
600,179,0.0188615300,27355696.0000000000,11
600,180,0.0248520890,30347312.0000000000,21
600,181,0.0264637690,30347312.0000000000,3
600,182,0.0245175120,30347312.0000000000,7
600,183,0.0246062140,30347312.0000000000,21
600,184,0.0237420410,30347312.0000000000,16
600,185,0.0226318890,30347312.0000000000,20
600,186,0.0242548030,30347312.0000000000,19
600,187,0.0264487020,30347312.0000000000,23
600,188,0.0213909590,30347312.0000000000,1
600,189,0.0209325620,27355696.0000000000,17
600,190,0.0154624910,27355696.0000000000,2
600,191,0.0230886660,27355696.0000000000,18
600,192,0.0243384950,30347312.0000000000,10
600,193,0.0263654710,30347312.0000000000,7
600,194,0.0243945350,30347312.0000000000,3
600,195,0.0233428480,30347312.0000000000,5
600,196,0.0304880230,30347312.0000000000,11
600,197,0.0261671000,30347312.0000000000,15
600,198,0.0236392430,30347312.0000000000,14
600,199,0.0214741410,30347312.0000000000,2
600,200,0.0193213530,30347312.0000000000,0
600,201,0.0177751610,27355696.0000000000,1
600,202,0.0209086660,27355696.0000000000,4
600,203,0.0200664850,27355696.0000000000,0
600,204,0.0180343100,30347312.0000000000,0
600,205,0.0257740990,30347312.0000000000,11
600,206,0.0235325040,30347312.0000000000,6
600,207,0.0189406150,30347312.0000000000,2
600,208,0.0245126720,30347312.0000000000,20
600,209,0.0261299270,30347312.0000000000,15
600,210,0.0234877260,30347312.0000000000,6
600,211,0.0263812980,30347312.0000000000,3
600,212,0.0250939850,30347312.0000000000,12
600,213,0.0227392880,27355696.0000000000,22
600,214,0.0198117800,27355696.0000000000,3
600,215,0.0218463500,27355696.0000000000,6
600,216,0.0187081340,30347312.0000000000,8
600,217,0.0235587560,30347312.0000000000,6
600,218,0.0245812670,30347312.0000000000,22
600,219,0.0201043620,30347312.0000000000,14
600,220,0.0215929810,30347312.0000000000,23
600,221,0.0149959700,30347312.0000000000,0
600,222,0.0255775400,30347312.0000000000,13
600,223,0.0242033850,30347312.0000000000,18
600,224,0.0240440530,30347312.0000000000,19
600,225,0.0175168740,27355696.0000000000,13
600,226,0.0237986580,27355696.0000000000,3
600,227,0.0225771250,27355696.0000000000,4
600,228,0.0188625870,30347312.0000000000,2
600,229,0.0267453360,30347312.0000000000,22
600,230,0.0226509690,30347312.0000000000,20
600,231,0.0262557090,30347312.0000000000,15
600,232,0.0234058300,30347312.0000000000,3
600,233,0.0209959910,30347312.0000000000,21
600,234,0.0198048980,30347312.0000000000,1
600,235,0.0244057430,30347312.0000000000,9
600,236,0.0171994990,30347312.0000000000,14
600,237,0.0246752250,27355696.0000000000,12
600,238,0.0230344030,27355696.0000000000,10
600,239,0.0199306230,27355696.0000000000,6
600,240,0.0266902210,30347312.0000000000,12
600,241,0.0213351620,30347312.0000000000,5
600,242,0.0219835970,30347312.0000000000,22
600,243,0.0228752510,30347312.0000000000,5
600,244,0.0246001430,30347312.0000000000,18
600,245,0.0160433020,30347312.0000000000,13
600,246,0.0148807290,30347312.0000000000,14
600,247,0.0244083910,30347312.0000000000,7
600,248,0.0244114470,30347312.0000000000,9
600,249,0.0178292530,27355696.0000000000,1
600,250,0.0206853220,27355696.0000000000,17
600,251,0.0246352500,27355696.0000000000,4
600,252,0.0278734000,30347312.0000000000,23
600,253,0.0242904620,30347312.0000000000,19
600,254,0.0205525750,30347312.0000000000,6
600,255,0.0265400890,30347312.0000000000,17
600,256,0.0264487520,30347312.0000000000,15
600,257,0.0229064220,30347312.0000000000,5
600,258,0.0246663480,30347312.0000000000,11
600,259,0.0175774420,30347312.0000000000,21
600,260,0.0228805890,30347312.0000000000,5
600,261,0.0229791590,27355696.0000000000,9
600,262,0.0189393820,27355696.0000000000,23
600,263,0.0202657290,27355696.0000000000,4
600,264,0.0195124410,30347312.0000000000,21
600,265,0.0166007850,30347312.0000000000,3
600,266,0.0181294230,30347312.0000000000,23
600,267,0.0245849430,30347312.0000000000,18
600,268,0.0258196790,30347312.0000000000,9
600,269,0.0259313140,30347312.0000000000,12
600,270,0.0245969530,30347312.0000000000,10
600,271,0.0161395300,30347312.0000000000,8
600,272,0.0245481510,30347312.0000000000,17
600,273,0.0190147280,27355696.0000000000,11
600,274,0.0230231280,27355696.0000000000,17
600,275,0.0206744820,27355696.0000000000,19
650,0,8.4844533570,155907776.0000000000,19
650,1,8.1584149747,153613168.0000000000,10
650,2,7.9402450278,147901632.0000000000,20
650,3,7.4069435137,140526560.0000000000,11
650,4,7.4277279149,137794864.0000000000,4
650,5,7.5524740237,138115472.0000000000,12
650,6,7.1927143657,138097920.0000000000,9
650,7,7.3166792461,138868288.0000000000,3
650,8,8.4217846998,153853664.0000000000,15
650,9,8.1081665985,148088768.0000000000,17
650,10,8.1497024012,147959072.0000000000,14
650,11,7.8782113365,146174464.0000000000,13
650,12,12.6290633579,239855696.0000000000,1
650,13,12.9349684635,241161792.0000000000,23
650,14,13.2780943098,244865184.0000000000,0
650,15,14.1426187705,254269264.0000000000,9
650,16,14.8559354421,260699360.0000000000,22
650,17,14.7785685602,261222112.0000000000,0
650,18,14.7280419860,261324656.0000000000,7
650,19,14.6874448351,261508384.0000000000,2
650,20,14.1449264375,252377360.0000000000,21
650,21,11.8863448360,219508320.0000000000,6
650,22,11.4443791446,216895920.0000000000,7
650,23,11.5135464396,216076864.0000000000,11
650,24,12.5667907658,239984448.0000000000,7
650,25,12.5971017237,240059408.0000000000,2
650,26,12.7977626620,240061696.0000000000,11
650,27,12.6069731474,240063136.0000000000,19
650,28,12.7469583704,240062000.0000000000,13
650,29,12.5749331644,240063712.0000000000,19
650,30,12.5501814451,240065344.0000000000,18
650,31,12.6542602244,240066096.0000000000,14
650,32,12.7283249120,240063648.0000000000,22
650,33,11.3436249180,216102656.0000000000,20
650,34,11.3505031966,216101056.0000000000,12
650,35,10.3064478883,216016624.0000000000,19
650,36,12.5174895893,239980400.0000000000,5
650,37,12.5516948432,240066032.0000000000,8
650,38,12.5877391017,240061840.0000000000,5
650,39,12.6153048285,240060832.0000000000,17
650,40,12.6810950631,240065440.0000000000,21
650,41,12.7696309528,240062688.0000000000,3
650,42,12.6734460478,240064384.0000000000,12
650,43,12.6486924735,240063904.0000000000,10
650,44,12.5914829981,240063952.0000000000,16
650,45,11.4152628470,216096880.0000000000,15
650,46,11.4220312649,216102096.0000000000,9
650,47,11.3108611786,216018544.0000000000,9
650,48,12.6742135931,239985552.0000000000,6
650,49,12.3649304937,240062464.0000000000,22
650,50,12.5974941899,240064544.0000000000,20
650,51,12.6991519424,240063296.0000000000,16
650,52,11.8638715742,240067776.0000000000,2
650,53,12.7070317692,240063984.0000000000,17
650,54,12.7338433629,240059664.0000000000,23
650,55,11.5076361547,240065040.0000000000,20
650,56,12.6718894836,240065312.0000000000,1
650,57,10.7373323512,216098928.0000000000,17
650,58,11.4485731662,216098816.0000000000,14
650,59,11.4713756588,216020256.0000000000,15
650,60,12.7206368468,239966384.0000000000,10
650,61,12.6358667371,240070272.0000000000,6
650,62,12.8033045020,240077744.0000000000,18
650,63,12.7734483681,240069104.0000000000,0
650,64,12.6691548457,240080144.0000000000,21
650,65,12.6825412087,240066736.0000000000,18
650,66,12.6602561048,240074384.0000000000,15
650,67,12.7416197914,240068096.0000000000,23
650,68,12.4900801906,240084416.0000000000,4
650,69,10.7777841007,216109120.0000000000,10
650,70,11.3179313635,216108448.0000000000,4
650,71,11.4447341943,216004240.0000000000,3
650,72,12.6756775578,239786432.0000000000,1
650,73,12.6083529816,240055152.0000000000,5
650,74,12.6758167020,240056672.0000000000,8
650,75,12.6625320438,240050512.0000000000,4
650,76,12.5404679606,240047696.0000000000,11
650,77,12.6708270004,240050480.0000000000,8
650,78,11.6854615473,240057120.0000000000,12
650,79,12.6765328405,240052192.0000000000,13
650,80,12.4259245322,240040080.0000000000,3
650,81,11.4127806079,216091632.0000000000,14
650,82,11.4189649382,216097888.0000000000,16
650,83,11.3740620119,215820432.0000000000,13
650,84,4.6208472245,89754224.0000000000,23
650,85,4.1660347872,89814208.0000000000,1
650,86,3.9122803837,89818224.0000000000,0
650,87,4.5060761787,89829488.0000000000,21
650,88,4.4889176648,89817872.0000000000,16
650,89,4.0441468189,89820864.0000000000,2
650,90,4.4515457725,89834000.0000000000,8
650,91,4.4454117048,89827088.0000000000,7
650,92,4.3711375410,89825376.0000000000,18
650,93,3.8736080065,80879760.0000000000,6
650,94,3.8036032724,80884800.0000000000,5
650,95,3.4183684551,80811776.0000000000,22
650,96,0.7709571416,30347312.0000000000,16
650,97,0.7869819274,30347312.0000000000,14
650,98,0.8419115007,30347312.0000000000,13
650,99,0.8455841070,30347312.0000000000,13
650,100,0.8540106165,30347312.0000000000,0
650,101,0.7956372491,30347312.0000000000,21
650,102,0.9194532102,30347312.0000000000,9
650,103,0.8359439571,30347312.0000000000,10
650,104,0.8719639690,30347312.0000000000,0
650,105,0.6479027146,27355696.0000000000,1
650,106,0.6313579323,27355696.0000000000,17
650,107,0.7380816728,27355696.0000000000,21
650,108,0.7986494267,30347312.0000000000,9
650,109,0.8082177761,30347312.0000000000,20
650,110,0.7990048934,30347312.0000000000,17
650,111,0.8347965047,30347312.0000000000,10
650,112,0.7839334600,30347312.0000000000,7
650,113,0.7944494311,30347312.0000000000,13
650,114,0.7928476811,30347312.0000000000,16
650,115,0.7993442386,30347312.0000000000,8
650,116,0.8158780612,30347312.0000000000,15
650,117,0.6135422905,27355696.0000000000,2
650,118,0.7467814195,27355696.0000000000,8
650,119,0.6555243628,27355696.0000000000,23
650,120,0.8004400334,30347312.0000000000,6
650,121,0.8363471763,30347312.0000000000,9
650,122,0.8010018070,30347312.0000000000,23
650,123,0.8172780542,30347312.0000000000,10
650,124,0.8305505565,30347312.0000000000,14
650,125,0.8053698205,30347312.0000000000,3
650,126,0.7987463653,30347312.0000000000,0
650,127,0.7446885257,30347312.0000000000,20
650,128,0.8019683468,30347312.0000000000,16
650,129,0.6858188286,27355696.0000000000,0
650,130,0.7792182030,27355696.0000000000,11
650,131,0.8007575153,27355696.0000000000,13
650,132,0.8428167480,30347312.0000000000,13
650,133,0.7444660457,30347312.0000000000,5
650,134,0.8017016058,30347312.0000000000,23
650,135,0.7879096461,30347312.0000000000,3
650,136,0.8294817135,30347312.0000000000,5
650,137,0.7573504786,30347312.0000000000,2
650,138,0.8403270069,30347312.0000000000,1
650,139,0.7876206788,30347312.0000000000,16
650,140,0.7979624034,30347312.0000000000,19
650,141,0.6525910798,27355696.0000000000,1
650,142,0.7396227025,27355696.0000000000,18
650,143,0.6330344500,27355696.0000000000,6
650,144,0.7841792947,30347312.0000000000,7
650,145,0.7915755223,30347312.0000000000,22
650,146,0.7943730872,30347312.0000000000,8
650,147,0.8036235337,30347312.0000000000,21
650,148,0.9170664998,30347312.0000000000,19
650,149,0.8063272786,30347312.0000000000,18
650,150,0.7935383526,30347312.0000000000,12
650,151,0.7920639071,30347312.0000000000,8
650,152,0.7922926970,30347312.0000000000,14
650,153,0.6495972195,27355696.0000000000,4
650,154,0.6807641207,27355696.0000000000,16
650,155,0.6300135556,27355696.0000000000,18
650,156,0.7408339169,30347312.0000000000,20
650,157,0.7788708064,30347312.0000000000,16
650,158,0.7881268568,30347312.0000000000,8
650,159,0.8081243030,30347312.0000000000,22
650,160,0.7191566550,30347312.0000000000,14
650,161,0.7896363970,30347312.0000000000,3
650,162,0.6881759292,30347312.0000000000,13
650,163,0.7494252228,30347312.0000000000,2
650,164,0.6880579632,30347312.0000000000,8
650,165,0.7622190039,27355696.0000000000,15
650,166,0.7570262493,27355696.0000000000,14
650,167,0.6578579939,27355696.0000000000,4
650,168,0.7767331982,30347312.0000000000,1
650,169,0.7875976489,30347312.0000000000,12
650,170,0.8028675352,30347312.0000000000,5
650,171,0.8294276189,30347312.0000000000,2
650,172,0.7590724820,30347312.0000000000,0
650,173,0.7744383551,30347312.0000000000,4
650,174,0.8068397152,30347312.0000000000,1
650,175,0.9140879362,30347312.0000000000,22
650,176,0.7903381675,30347312.0000000000,7
650,177,0.6664370904,27355696.0000000000,7
650,178,0.6869081833,27355696.0000000000,7
650,179,0.6496925220,27355696.0000000000,11
650,180,0.7982829647,30347312.0000000000,21
650,181,0.8590469383,30347312.0000000000,3
650,182,0.7945615542,30347312.0000000000,7
650,183,0.8098848521,30347312.0000000000,21
650,184,0.6967217596,30347312.0000000000,16
650,185,0.7434997607,30347312.0000000000,20
650,186,0.8057771832,30347312.0000000000,19
650,187,0.7962234860,30347312.0000000000,23
650,188,0.7796989349,30347312.0000000000,1
650,189,0.7385323851,27355696.0000000000,17
650,190,0.6372147202,27355696.0000000000,2
650,191,0.7499577142,27355696.0000000000,18
650,192,0.8642803995,30347312.0000000000,10
650,193,0.7988803091,30347312.0000000000,7
650,194,0.8278182427,30347312.0000000000,3
650,195,0.7995422450,30347312.0000000000,5
650,196,0.9470747346,30347312.0000000000,11
650,197,0.8304521889,30347312.0000000000,15
650,198,0.8160182762,30347312.0000000000,14
650,199,0.8000527594,30347312.0000000000,2
650,200,0.6228046753,30347312.0000000000,0
650,201,0.6431651912,27355696.0000000000,1
650,202,0.6638178046,27355696.0000000000,4
650,203,0.6391836455,27355696.0000000000,0
650,204,0.6395500942,30347312.0000000000,0
650,205,0.7792739982,30347312.0000000000,11
650,206,0.7669742756,30347312.0000000000,6
650,207,0.7008055729,30347312.0000000000,2
650,208,0.7960775974,30347312.0000000000,20
650,209,0.8296724222,30347312.0000000000,15
650,210,0.7789346310,30347312.0000000000,6
650,211,0.8029615454,30347312.0000000000,3
650,212,0.8005990257,30347312.0000000000,12
650,213,0.7433246357,27355696.0000000000,22
650,214,0.5994002107,27355696.0000000000,3
650,215,0.7004480668,27355696.0000000000,6
650,216,0.6704125201,30347312.0000000000,8
650,217,0.7388973299,30347312.0000000000,6
650,218,0.8048444025,30347312.0000000000,22
650,219,0.7484463764,30347312.0000000000,14
650,220,0.6998180316,30347312.0000000000,23
650,221,0.5343628965,30347312.0000000000,0
650,222,0.8235276093,30347312.0000000000,13
650,223,0.7946887966,30347312.0000000000,18
650,224,0.7952324668,30347312.0000000000,19
650,225,0.5664303640,27355696.0000000000,13
650,226,0.6831502726,27355696.0000000000,3
650,227,0.7096769063,27355696.0000000000,4
650,228,0.6515223908,30347312.0000000000,2
650,229,0.8057281097,30347312.0000000000,22
650,230,0.7385474198,30347312.0000000000,20
650,231,0.8266392599,30347312.0000000000,15
650,232,0.6402418824,30347312.0000000000,3
650,233,0.6860221562,30347312.0000000000,21
650,234,0.7204163050,30347312.0000000000,1
650,235,0.8435623176,30347312.0000000000,9
650,236,0.6078716846,30347312.0000000000,14
650,237,0.7344432437,27355696.0000000000,12
650,238,0.7401869617,27355696.0000000000,10
650,239,0.6380970638,27355696.0000000000,6
650,240,0.7956749600,30347312.0000000000,12
650,241,0.7967418996,30347312.0000000000,5
650,242,0.6787813700,30347312.0000000000,22
650,243,0.7978899548,30347312.0000000000,5
650,244,0.8042281427,30347312.0000000000,18
650,245,0.5227105490,30347312.0000000000,13
650,246,0.5706891311,30347312.0000000000,14
650,247,0.8450878231,30347312.0000000000,7
650,248,0.8437686956,30347312.0000000000,9
650,249,0.6083633212,27355696.0000000000,1
650,250,0.6245427884,27355696.0000000000,17
650,251,0.7634880540,27355696.0000000000,4
650,252,0.8546559218,30347312.0000000000,23
650,253,0.8309352187,30347312.0000000000,19
650,254,0.6920483166,30347312.0000000000,6
650,255,0.9186643824,30347312.0000000000,17
650,256,0.8293445892,30347312.0000000000,15
650,257,0.8330149449,30347312.0000000000,5
650,258,0.8446605894,30347312.0000000000,11
650,259,0.5714040706,30347312.0000000000,21
650,260,0.7532835355,30347312.0000000000,5
650,261,0.7924176862,27355696.0000000000,9
650,262,0.5629827924,27355696.0000000000,23
650,263,0.6454161484,27355696.0000000000,4
650,264,0.6398054544,30347312.0000000000,21
650,265,0.5017173781,30347312.0000000000,3
650,266,0.5235903828,30347312.0000000000,23
650,267,0.8045439824,30347312.0000000000,18
650,268,0.8407882148,30347312.0000000000,9
650,269,0.7950114386,30347312.0000000000,12
650,270,0.8221584028,30347312.0000000000,10
650,271,0.5718032958,30347312.0000000000,8
650,272,0.8035018051,30347312.0000000000,17
650,273,0.6336800098,27355696.0000000000,11
650,274,0.6329032974,27355696.0000000000,17
650,275,0.6948720901,27355696.0000000000,19
700,0,0.2493038980,155629200.0000000000,19
700,1,0.2505011750,153106880.0000000000,10
700,2,0.2440610760,146751408.0000000000,20
700,3,0.2244121390,138932336.0000000000,11
700,4,0.2302857290,137655088.0000000000,4
700,5,0.2313279430,138108944.0000000000,12
700,6,0.2331668060,138011248.0000000000,9
700,7,0.2255875220,138954192.0000000000,3
700,8,0.2606013240,155120272.0000000000,15
700,9,0.2604854500,148948592.0000000000,17
700,10,0.2586889580,148480208.0000000000,14
700,11,0.2437970790,146379760.0000000000,13
700,12,0.3964331830,239802480.0000000000,1
700,13,0.4042675550,241206368.0000000000,23
700,14,0.4151382690,244996224.0000000000,0
700,15,0.4415014950,254331600.0000000000,9
700,16,0.4634671790,260495840.0000000000,22
700,17,0.4627082880,261197568.0000000000,0
700,18,0.4605257340,261233392.0000000000,7
700,19,0.4616412330,261614112.0000000000,2
700,20,0.4384657760,252715264.0000000000,21
700,21,0.3675794560,219623008.0000000000,6
700,22,0.3568132960,216939264.0000000000,7
700,23,0.3593565390,216084368.0000000000,11
700,24,0.3903558650,239979360.0000000000,7
700,25,0.3901166220,240059152.0000000000,2
700,26,0.3982709920,240062320.0000000000,11
700,27,0.3921228480,240068048.0000000000,19
700,28,0.3946830590,240059248.0000000000,13
700,29,0.3924821550,240060912.0000000000,19
700,30,0.3883589180,240062816.0000000000,18
700,31,0.3947417030,240065472.0000000000,14
700,32,0.3939264730,240063712.0000000000,22
700,33,0.3493448630,216099760.0000000000,20
700,34,0.3526665920,216099472.0000000000,12
700,35,0.3211801060,216016944.0000000000,19
700,36,0.3886621690,239977104.0000000000,5
700,37,0.3876386150,240067568.0000000000,8
700,38,0.3943240690,240062448.0000000000,5
700,39,0.3932450420,240060352.0000000000,17
700,40,0.3957877070,240063888.0000000000,21
700,41,0.3950879150,240063632.0000000000,3
700,42,0.3938362310,240067552.0000000000,12
700,43,0.3924012380,240058224.0000000000,10
700,44,0.3863534470,240066752.0000000000,16
700,45,0.3557111160,216095552.0000000000,15
700,46,0.3529191490,216099888.0000000000,9
700,47,0.3514913790,216014960.0000000000,9
700,48,0.3923953850,239979968.0000000000,6
700,49,0.3717545070,240059600.0000000000,22
700,50,0.3896333380,240062944.0000000000,20
700,51,0.3959867400,240058112.0000000000,16
700,52,0.3573923440,240070608.0000000000,2
700,53,0.3937359400,240064560.0000000000,17
700,54,0.3960266060,240062032.0000000000,23
700,55,0.3372526770,240066768.0000000000,20
700,56,0.3954041790,240066992.0000000000,1
700,57,0.3239061350,216100256.0000000000,17
700,58,0.3526033290,216100176.0000000000,14
700,59,0.3570318160,216017888.0000000000,15
700,60,0.3945115260,239970912.0000000000,10
700,61,0.3904416610,240075808.0000000000,6
700,62,0.3962115560,240082336.0000000000,18
700,63,0.3948787430,240077856.0000000000,0
700,64,0.3954822050,240079984.0000000000,21
700,65,0.3961899930,240068336.0000000000,18
700,66,0.3940524400,240077168.0000000000,15
700,67,0.3953641950,240070688.0000000000,23
700,68,0.3876537550,240086128.0000000000,4
700,69,0.3283548390,216110448.0000000000,10
700,70,0.3514456630,216112032.0000000000,4
700,71,0.3551378410,216005968.0000000000,3
700,72,0.3952721430,239766096.0000000000,1
700,73,0.3937225120,240050624.0000000000,5
700,74,0.3958978960,240048592.0000000000,8
700,75,0.3919485110,240049472.0000000000,4
700,76,0.3907368320,240042448.0000000000,11
700,77,0.3958257460,240045792.0000000000,8
700,78,0.3600031000,240048240.0000000000,12
700,79,0.3938870900,240056800.0000000000,13
700,80,0.3769148180,240034144.0000000000,3
700,81,0.3558500760,216090528.0000000000,14
700,82,0.3554624900,216096016.0000000000,16
700,83,0.3458500590,215797952.0000000000,13
700,84,0.1445866310,89747680.0000000000,23
700,85,0.1273706350,89812416.0000000000,1
700,86,0.1149355530,89820128.0000000000,0
700,87,0.1427367130,89826560.0000000000,21
700,88,0.1366479120,89820304.0000000000,16
700,89,0.1174433590,89820896.0000000000,2
700,90,0.1397719300,89834432.0000000000,8
700,91,0.1380786550,89824320.0000000000,7
700,92,0.1394174830,89825248.0000000000,18
700,93,0.1217247000,80879104.0000000000,6
700,94,0.1204404110,80882768.0000000000,5
700,95,0.1132181850,80806048.0000000000,22
700,96,0.0250354080,30347312.0000000000,16
700,97,0.0244358330,30347312.0000000000,14
700,98,0.0260050560,30347312.0000000000,13
700,99,0.0245383490,30347312.0000000000,13
700,100,0.0262677700,30347312.0000000000,0
700,101,0.0243769630,30347312.0000000000,21
700,102,0.0284079290,30347312.0000000000,9
700,103,0.0265062220,30347312.0000000000,10
700,104,0.0248828970,30347312.0000000000,0
700,105,0.0208060850,27355696.0000000000,1
700,106,0.0189483120,27355696.0000000000,17
700,107,0.0225075940,27355696.0000000000,21
700,108,0.0245013700,30347312.0000000000,9
700,109,0.0225802530,30347312.0000000000,20
700,110,0.0245114530,30347312.0000000000,17
700,111,0.0246275420,30347312.0000000000,10
700,112,0.0245306750,30347312.0000000000,7
700,113,0.0245047280,30347312.0000000000,13
700,114,0.0250379610,30347312.0000000000,16
700,115,0.0266723640,30347312.0000000000,8
700,116,0.0258268810,30347312.0000000000,15
700,117,0.0153437950,27355696.0000000000,2
700,118,0.0250842640,27355696.0000000000,8
700,119,0.0191687280,27355696.0000000000,23
700,120,0.0234244360,30347312.0000000000,6
700,121,0.0242600720,30347312.0000000000,9
700,122,0.0266955730,30347312.0000000000,23
700,123,0.0243534640,30347312.0000000000,10
700,124,0.0243814860,30347312.0000000000,14
700,125,0.0245228420,30347312.0000000000,3
700,126,0.0203649630,30347312.0000000000,0
700,127,0.0225956030,30347312.0000000000,20
700,128,0.0250049300,30347312.0000000000,16
700,129,0.0191792690,27355696.0000000000,0
700,130,0.0247167660,27355696.0000000000,11
700,131,0.0227768260,27355696.0000000000,13
700,132,0.0245280800,30347312.0000000000,13
700,133,0.0243918570,30347312.0000000000,5
700,134,0.0267019740,30347312.0000000000,23
700,135,0.0242862440,30347312.0000000000,3
700,136,0.0262810740,30347312.0000000000,5
700,137,0.0250295430,30347312.0000000000,2
700,138,0.0266762580,30347312.0000000000,1
700,139,0.0249947510,30347312.0000000000,16
700,140,0.0257837590,30347312.0000000000,19
700,141,0.0228018810,27355696.0000000000,1
700,142,0.0224667050,27355696.0000000000,18
700,143,0.0218627530,27355696.0000000000,6
700,144,0.0242385800,30347312.0000000000,7
700,145,0.0242626840,30347312.0000000000,22
700,146,0.0264522910,30347312.0000000000,8
700,147,0.0242993720,30347312.0000000000,21
700,148,0.0289233080,30347312.0000000000,19
700,149,0.0254524960,30347312.0000000000,18
700,150,0.0244996270,30347312.0000000000,12
700,151,0.0253741950,30347312.0000000000,8
700,152,0.0246128830,30347312.0000000000,14
700,153,0.0193779810,27355696.0000000000,4
700,154,0.0214376610,27355696.0000000000,16
700,155,0.0231056800,27355696.0000000000,18
700,156,0.0226171540,30347312.0000000000,20
700,157,0.0238729790,30347312.0000000000,16
700,158,0.0244468150,30347312.0000000000,8
700,159,0.0265551430,30347312.0000000000,22
700,160,0.0213372840,30347312.0000000000,14
700,161,0.0242831270,30347312.0000000000,3
700,162,0.0210799750,30347312.0000000000,13
700,163,0.0209439330,30347312.0000000000,2
700,164,0.0212542130,30347312.0000000000,8
700,165,0.0241784440,27355696.0000000000,15
700,166,0.0240217650,27355696.0000000000,14
700,167,0.0193922110,27355696.0000000000,4
700,168,0.0246145300,30347312.0000000000,1
700,169,0.0264653430,30347312.0000000000,12
700,170,0.0264025280,30347312.0000000000,5
700,171,0.0209486110,30347312.0000000000,2
700,172,0.0226586620,30347312.0000000000,0
700,173,0.0230392190,30347312.0000000000,4
700,174,0.0245861150,30347312.0000000000,1
700,175,0.0261418120,30347312.0000000000,22
700,176,0.0245234630,30347312.0000000000,7
700,177,0.0209292780,27355696.0000000000,7
700,178,0.0209625500,27355696.0000000000,7
700,179,0.0206406460,27355696.0000000000,11
700,180,0.0246060880,30347312.0000000000,21
700,181,0.0263736950,30347312.0000000000,3
700,182,0.0244434180,30347312.0000000000,7
700,183,0.0250939290,30347312.0000000000,21
700,184,0.0198407200,30347312.0000000000,16
700,185,0.0226123050,30347312.0000000000,20
700,186,0.0267366430,30347312.0000000000,19
700,187,0.0265047020,30347312.0000000000,23
700,188,0.0245995810,30347312.0000000000,1
700,189,0.0230063010,27355696.0000000000,17
700,190,0.0195201790,27355696.0000000000,2
700,191,0.0229616640,27355696.0000000000,18
700,192,0.0242815650,30347312.0000000000,10
700,193,0.0243969100,30347312.0000000000,7
700,194,0.0263721220,30347312.0000000000,3
700,195,0.0243319220,30347312.0000000000,5
700,196,0.0299242480,30347312.0000000000,11
700,197,0.0262998940,30347312.0000000000,15
700,198,0.0235221060,30347312.0000000000,14
700,199,0.0208473170,30347312.0000000000,2
700,200,0.0193165130,30347312.0000000000,0
700,201,0.0209807360,27355696.0000000000,1
700,202,0.0193208120,27355696.0000000000,4
700,203,0.0200959520,27355696.0000000000,0
700,204,0.0198701050,30347312.0000000000,0
700,205,0.0246241150,30347312.0000000000,11
700,206,0.0235619200,30347312.0000000000,6
700,207,0.0210383160,30347312.0000000000,2
700,208,0.0224595110,30347312.0000000000,20
700,209,0.0262657480,30347312.0000000000,15
700,210,0.0234822160,30347312.0000000000,6
700,211,0.0243916570,30347312.0000000000,3
700,212,0.0263530380,30347312.0000000000,12
700,213,0.0226361140,27355696.0000000000,22
700,214,0.0176631430,27355696.0000000000,3
700,215,0.0218689440,27355696.0000000000,6
700,216,0.0206755670,30347312.0000000000,8
700,217,0.0234368100,30347312.0000000000,6
700,218,0.0267245180,30347312.0000000000,22
700,219,0.0195554500,30347312.0000000000,14
700,220,0.0234342000,30347312.0000000000,23
700,221,0.0173625710,30347312.0000000000,0
700,222,0.0255828080,30347312.0000000000,13
700,223,0.0262190420,30347312.0000000000,18
700,224,0.0264654860,30347312.0000000000,19
700,225,0.0175024710,27355696.0000000000,13
700,226,0.0220356970,27355696.0000000000,3
700,227,0.0193875710,27355696.0000000000,4
700,228,0.0178886380,30347312.0000000000,2
700,229,0.0259911380,30347312.0000000000,22
700,230,0.0224956610,30347312.0000000000,20
700,231,0.0261572490,30347312.0000000000,15
700,232,0.0212992610,30347312.0000000000,3
700,233,0.0213262330,30347312.0000000000,21
700,234,0.0245793110,30347312.0000000000,1
700,235,0.0244336350,30347312.0000000000,9
700,236,0.0178983890,30347312.0000000000,14
700,237,0.0248887460,27355696.0000000000,12
700,238,0.0229429360,27355696.0000000000,10
700,239,0.0208015680,27355696.0000000000,6
700,240,0.0259180450,30347312.0000000000,12
700,241,0.0246193890,30347312.0000000000,5
700,242,0.0246592100,30347312.0000000000,22
700,243,0.0260814210,30347312.0000000000,5
700,244,0.0246011080,30347312.0000000000,18
700,245,0.0160098700,30347312.0000000000,13
700,246,0.0161529760,30347312.0000000000,14
700,247,0.0263183070,30347312.0000000000,7
700,248,0.0244010460,30347312.0000000000,9
700,249,0.0176851460,27355696.0000000000,1
700,250,0.0186975460,27355696.0000000000,17
700,251,0.0214429380,27355696.0000000000,4
700,252,0.0281123670,30347312.0000000000,23
700,253,0.0256014630,30347312.0000000000,19
700,254,0.0217227400,30347312.0000000000,6
700,255,0.0306725930,30347312.0000000000,17
700,256,0.0262046000,30347312.0000000000,15
700,257,0.0280901760,30347312.0000000000,5
700,258,0.0267851940,30347312.0000000000,11
700,259,0.0173880990,30347312.0000000000,21
700,260,0.0257845930,30347312.0000000000,5
700,261,0.0230046170,27355696.0000000000,9
700,262,0.0190649370,27355696.0000000000,23
700,263,0.0188053230,27355696.0000000000,4
700,264,0.0195251980,30347312.0000000000,21
700,265,0.0172434790,30347312.0000000000,3
700,266,0.0174432780,30347312.0000000000,23
700,267,0.0245553970,30347312.0000000000,18
700,268,0.0257858310,30347312.0000000000,9
700,269,0.0249463390,30347312.0000000000,12
700,270,0.0246657380,30347312.0000000000,10
700,271,0.0172221730,30347312.0000000000,8
700,272,0.0264195680,30347312.0000000000,17
700,273,0.0201729540,27355696.0000000000,11
700,274,0.0210414940,27355696.0000000000,17
700,275,0.0186634000,27355696.0000000000,19
750,0,8.4051416050,155382768.0000000000,19
750,1,8.0539422710,152715920.0000000000,10
750,2,7.7818837559,145810480.0000000000,20
750,3,7.1346375257,137415456.0000000000,11
750,4,7.4550696551,137372384.0000000000,4
750,5,7.5518223986,138106176.0000000000,12
750,6,7.1671483301,137924000.0000000000,9
750,7,7.2976163707,139368480.0000000000,3
750,8,8.3992581699,156306576.0000000000,15
750,9,8.4294341270,149803040.0000000000,17
750,10,8.3786165468,149054656.0000000000,14
750,11,7.8622447882,146579792.0000000000,13
750,12,12.6420321974,239752176.0000000000,1
750,13,13.1813047458,241268752.0000000000,23
750,14,13.3590993816,245205216.0000000000,0
750,15,14.2641579472,254348448.0000000000,9
750,16,14.9657220715,260156400.0000000000,22
750,17,14.9225931276,261161808.0000000000,0
750,18,14.8446375620,261148672.0000000000,7
750,19,14.8346234625,261793984.0000000000,2
750,20,14.1650482844,252895472.0000000000,21
750,21,11.9588800034,219720112.0000000000,6
750,22,11.5294922102,216974768.0000000000,7
750,23,11.5217573832,216095392.0000000000,11
750,24,12.5655462541,239978496.0000000000,7
750,25,12.6014744550,240061280.0000000000,2
750,26,12.7963465846,240067104.0000000000,11
750,27,12.5267747700,240068848.0000000000,19
750,28,12.7505727136,240059936.0000000000,13
750,29,12.5750607750,240067952.0000000000,19
750,30,12.5122289521,240064528.0000000000,18
750,31,12.6766127187,240059936.0000000000,14
750,32,12.6860968171,240065840.0000000000,22
750,33,11.3950994554,216098928.0000000000,20
750,34,11.3553951697,216098592.0000000000,12
750,35,10.2961496107,216015344.0000000000,19
750,36,12.5403669279,239978736.0000000000,5
750,37,12.5605960637,240061728.0000000000,8
750,38,12.6221895193,240062400.0000000000,5
750,39,12.6218527158,240058928.0000000000,17
750,40,12.6780164328,240064992.0000000000,21
750,41,12.7811018288,240064240.0000000000,3
750,42,12.6813493578,240063648.0000000000,12
750,43,12.6249934158,240063760.0000000000,10
750,44,12.6001750250,240064096.0000000000,16
750,45,11.4592840375,216098816.0000000000,15
750,46,11.3954309711,216096832.0000000000,9
750,47,11.3002322228,216015568.0000000000,9
750,48,12.6606015329,239981120.0000000000,6
750,49,12.2960285145,240062016.0000000000,22
750,50,12.5263085916,240063504.0000000000,20
750,51,12.6671222965,240061872.0000000000,16
750,52,11.8139730654,240063808.0000000000,2
750,53,12.6716035116,240064528.0000000000,17
750,54,12.6728691325,240061392.0000000000,23
750,55,11.5482995913,240063648.0000000000,20
750,56,12.6669696981,240066640.0000000000,1
750,57,10.6214557162,216103600.0000000000,17
750,58,11.3913189104,216100768.0000000000,14
750,59,11.4847741333,216016624.0000000000,15
750,60,12.7168796265,239970448.0000000000,10
750,61,12.6344481251,240079440.0000000000,6
750,62,12.7958867022,240085808.0000000000,18
750,63,12.7624082841,240081824.0000000000,0
750,64,12.6742695901,240082880.0000000000,21
750,65,12.7390712828,240082448.0000000000,18
750,66,12.6840440687,240078928.0000000000,15
750,67,12.6744956180,240083120.0000000000,23
750,68,12.4917356104,240088672.0000000000,4
750,69,10.9367219206,216113824.0000000000,10
750,70,11.3153601262,216116288.0000000000,4
750,71,11.4123706467,216007312.0000000000,3
750,72,12.6685016617,239742640.0000000000,1
750,73,12.6281053639,240047184.0000000000,5
750,74,12.6785783955,240045680.0000000000,8
750,75,12.6481299600,240042320.0000000000,4
750,76,12.6620711627,240039184.0000000000,11
750,77,12.6758734665,240045168.0000000000,8
750,78,11.6944409669,240042560.0000000000,12
750,79,12.6970828111,240053328.0000000000,13
750,80,12.5303219381,240032000.0000000000,3
750,81,11.4275633951,216085776.0000000000,14
750,82,11.4396339540,216094704.0000000000,16
750,83,11.4277421665,215771808.0000000000,13
750,84,4.5617952560,89742336.0000000000,23
750,85,4.1620709892,89811184.0000000000,1
750,86,3.7674725369,89820496.0000000000,0
750,87,4.5496811787,89827056.0000000000,21
750,88,4.4235690538,89822240.0000000000,16
750,89,4.0993142202,89815440.0000000000,2
750,90,4.4586238074,89836048.0000000000,8
750,91,4.4559689896,89821152.0000000000,7
750,92,4.3759390812,89824944.0000000000,18
750,93,3.8651658713,80877456.0000000000,6
750,94,3.8195863977,80883728.0000000000,5
750,95,3.4652461044,80801280.0000000000,22
750,96,0.7998893142,30347312.0000000000,16
750,97,0.7940237488,30347312.0000000000,14
750,98,0.8422405129,30347312.0000000000,13
750,99,0.8458958801,30347312.0000000000,13
750,100,0.8936755629,30347312.0000000000,0
750,101,0.7975314797,30347312.0000000000,21
750,102,0.9189786890,30347312.0000000000,9
750,103,0.8364891735,30347312.0000000000,10
750,104,0.8518780893,30347312.0000000000,0
750,105,0.6556467252,27355696.0000000000,1
750,106,0.6322784637,27355696.0000000000,17
750,107,0.7379511404,27355696.0000000000,21
750,108,0.8039842464,30347312.0000000000,9
750,109,0.8200598499,30347312.0000000000,20
750,110,0.7996398164,30347312.0000000000,17
750,111,0.8412507764,30347312.0000000000,10
750,112,0.7952441524,30347312.0000000000,7
750,113,0.7994045765,30347312.0000000000,13
750,114,0.8000600588,30347312.0000000000,16
750,115,0.8060608968,30347312.0000000000,8
750,116,0.8235648997,30347312.0000000000,15
750,117,0.6005520104,27355696.0000000000,2
750,118,0.7594607829,27355696.0000000000,8
750,119,0.6406389148,27355696.0000000000,23
750,120,0.8163697694,30347312.0000000000,6
750,121,0.8371793363,30347312.0000000000,9
750,122,0.8099870168,30347312.0000000000,23
750,123,0.8330167966,30347312.0000000000,10
750,124,0.8545372873,30347312.0000000000,14
750,125,0.8431095603,30347312.0000000000,3
750,126,0.7527810390,30347312.0000000000,0
750,127,0.7493878982,30347312.0000000000,20
750,128,0.7962844000,30347312.0000000000,16
750,129,0.6641161976,27355696.0000000000,0
750,130,0.7861890419,27355696.0000000000,11
750,131,0.7946233177,27355696.0000000000,13
750,132,0.8443807081,30347312.0000000000,13
750,133,0.7603898419,30347312.0000000000,5
750,134,0.8111601227,30347312.0000000000,23
750,135,0.8370065519,30347312.0000000000,3
750,136,0.8225058569,30347312.0000000000,5
750,137,0.7682316841,30347312.0000000000,2
750,138,0.8394203165,30347312.0000000000,1
750,139,0.7814400580,30347312.0000000000,16
750,140,0.7990059061,30347312.0000000000,19
750,141,0.6362822809,27355696.0000000000,1
750,142,0.7367052830,27355696.0000000000,18
750,143,0.6735545295,27355696.0000000000,6
750,144,0.7879056210,30347312.0000000000,7
750,145,0.7919373778,30347312.0000000000,22
750,146,0.7994457152,30347312.0000000000,8
750,147,0.8035938273,30347312.0000000000,21
750,148,0.9138718742,30347312.0000000000,19
750,149,0.8060670609,30347312.0000000000,18
750,150,0.7997237034,30347312.0000000000,12
750,151,0.7954328075,30347312.0000000000,8
750,152,0.8370415690,30347312.0000000000,14
750,153,0.6475915762,27355696.0000000000,4
750,154,0.6741991876,27355696.0000000000,16
750,155,0.6334827600,27355696.0000000000,18
750,156,0.7393500733,30347312.0000000000,20
750,157,0.7939836092,30347312.0000000000,16
750,158,0.7948233297,30347312.0000000000,8
750,159,0.8114916485,30347312.0000000000,22
750,160,0.7410519883,30347312.0000000000,14
750,161,0.8067588876,30347312.0000000000,3
750,162,0.6906434717,30347312.0000000000,13
750,163,0.8130261726,30347312.0000000000,2
750,164,0.6925849957,30347312.0000000000,8
750,165,0.7710189781,27355696.0000000000,15
750,166,0.7720033601,27355696.0000000000,14
750,167,0.6562159538,27355696.0000000000,4
750,168,0.7915505034,30347312.0000000000,1
750,169,0.7951545580,30347312.0000000000,12
750,170,0.8117805189,30347312.0000000000,5
750,171,0.7990934434,30347312.0000000000,2
750,172,0.7482293420,30347312.0000000000,0
750,173,0.7693188232,30347312.0000000000,4
750,174,0.8081545671,30347312.0000000000,1
750,175,0.9108141171,30347312.0000000000,22
750,176,0.7956995073,30347312.0000000000,7
750,177,0.6784517732,27355696.0000000000,7
750,178,0.6881680658,27355696.0000000000,7
750,179,0.6548960098,27355696.0000000000,11
750,180,0.7986623834,30347312.0000000000,21
750,181,0.8612688012,30347312.0000000000,3
750,182,0.8131064586,30347312.0000000000,7
750,183,0.8109587175,30347312.0000000000,21
750,184,0.6953196010,30347312.0000000000,16
750,185,0.7410372976,30347312.0000000000,20
750,186,0.8061681262,30347312.0000000000,19
750,187,0.7972751876,30347312.0000000000,23
750,188,0.7800109393,30347312.0000000000,1
750,189,0.7387492866,27355696.0000000000,17
750,190,0.6579756896,27355696.0000000000,2
750,191,0.7468784011,27355696.0000000000,18
750,192,0.8710232289,30347312.0000000000,10
750,193,0.8465640589,30347312.0000000000,7
750,194,0.8413867143,30347312.0000000000,3
750,195,0.8167798235,30347312.0000000000,5
750,196,0.9542522998,30347312.0000000000,11
750,197,0.8358803367,30347312.0000000000,15
750,198,0.8076442823,30347312.0000000000,14
750,199,0.7732706404,30347312.0000000000,2
750,200,0.6146985995,30347312.0000000000,0
750,201,0.6623380936,27355696.0000000000,1
750,202,0.6469083220,27355696.0000000000,4
750,203,0.6487357152,27355696.0000000000,0
750,204,0.6429100909,30347312.0000000000,0
750,205,0.8076430450,30347312.0000000000,11
750,206,0.7427940894,30347312.0000000000,6
750,207,0.6890397858,30347312.0000000000,2
750,208,0.7940427729,30347312.0000000000,20
750,209,0.8269744385,30347312.0000000000,15
750,210,0.7443911952,30347312.0000000000,6
750,211,0.8109054769,30347312.0000000000,3
750,212,0.8051900901,30347312.0000000000,12
750,213,0.7430154358,27355696.0000000000,22
750,214,0.5847467767,27355696.0000000000,3
750,215,0.7192199943,27355696.0000000000,6
750,216,0.6759537384,30347312.0000000000,8
750,217,0.7813564043,30347312.0000000000,6
750,218,0.8054655317,30347312.0000000000,22
750,219,0.7462771469,30347312.0000000000,14
750,220,0.6961321111,30347312.0000000000,23
750,221,0.5420685827,30347312.0000000000,0
750,222,0.8243588249,30347312.0000000000,13
750,223,0.7984818938,30347312.0000000000,18
750,224,0.7968771421,30347312.0000000000,19
750,225,0.5654033006,27355696.0000000000,13
750,226,0.7094850174,27355696.0000000000,3
750,227,0.6672690260,27355696.0000000000,4
750,228,0.6988415156,30347312.0000000000,2
750,229,0.8057837227,30347312.0000000000,22
750,230,0.7354680106,30347312.0000000000,20
750,231,0.8278116935,30347312.0000000000,15
750,232,0.6579776204,30347312.0000000000,3
750,233,0.6861093690,30347312.0000000000,21
750,234,0.7287180724,30347312.0000000000,1
750,235,0.8421930077,30347312.0000000000,9
750,236,0.6113344588,30347312.0000000000,14
750,237,0.7446342337,27355696.0000000000,12
750,238,0.7287044882,27355696.0000000000,10
750,239,0.6513069836,27355696.0000000000,6
750,240,0.8011826968,30347312.0000000000,12
750,241,0.7955526327,30347312.0000000000,5
750,242,0.6826582142,30347312.0000000000,22
750,243,0.7976755187,30347312.0000000000,5
750,244,0.8045333952,30347312.0000000000,18
750,245,0.5207663494,30347312.0000000000,13
750,246,0.5707719042,30347312.0000000000,14
750,247,0.8881966302,30347312.0000000000,7
750,248,0.8437796875,30347312.0000000000,9
750,249,0.5959818208,27355696.0000000000,1
750,250,0.6244366295,27355696.0000000000,17
750,251,0.7407037517,27355696.0000000000,4
750,252,0.8429025474,30347312.0000000000,23
750,253,0.8011626363,30347312.0000000000,19
750,254,0.6943047349,30347312.0000000000,6
750,255,0.9196101982,30347312.0000000000,17
750,256,0.8378591749,30347312.0000000000,15
750,257,0.8254362290,30347312.0000000000,5
750,258,0.8416487135,30347312.0000000000,11
750,259,0.5707813590,30347312.0000000000,21
750,260,0.7482033602,30347312.0000000000,5
750,261,0.7936439788,27355696.0000000000,9
750,262,0.5563569780,27355696.0000000000,23
750,263,0.6481535840,27355696.0000000000,4
750,264,0.6381839053,30347312.0000000000,21
750,265,0.4987216821,30347312.0000000000,3
750,266,0.5247625903,30347312.0000000000,23
750,267,0.8045179358,30347312.0000000000,18
750,268,0.8412566406,30347312.0000000000,9
750,269,0.7993465143,30347312.0000000000,12
750,270,0.8209761633,30347312.0000000000,10
750,271,0.5728625626,30347312.0000000000,8
750,272,0.8041388021,30347312.0000000000,17
750,273,0.6467990709,27355696.0000000000,11
750,274,0.6332021092,27355696.0000000000,17
750,275,0.6365639391,27355696.0000000000,19
800,0,0.2530646690,155073728.0000000000,19
800,1,0.2454359530,152311488.0000000000,10
800,2,0.2390836200,144963856.0000000000,20
800,3,0.2243406450,135880704.0000000000,11
800,4,0.2275990980,136837040.0000000000,4
800,5,0.2310440670,138095744.0000000000,12
800,6,0.2326063790,137830880.0000000000,9
800,7,0.2284206290,139976432.0000000000,3
800,8,0.2659856320,157120032.0000000000,15
800,9,0.2645013820,150649424.0000000000,17
800,10,0.2615473060,149726096.0000000000,14
800,11,0.2453399360,146840304.0000000000,13
800,12,0.3953565480,239701296.0000000000,1
800,13,0.4038302360,241343344.0000000000,23
800,14,0.4212690880,245458672.0000000000,0
800,15,0.4452594090,254298784.0000000000,9
800,16,0.4608710680,259557552.0000000000,22
800,17,0.4686311800,261110576.0000000000,0
800,18,0.4646973950,261046304.0000000000,7
800,19,0.4626537810,262143984.0000000000,2
800,20,0.4444130430,253058208.0000000000,21
800,21,0.3656001150,219848240.0000000000,6
800,22,0.3595785610,217020352.0000000000,7
800,23,0.3566138450,216112368.0000000000,11
800,24,0.3905230990,239977536.0000000000,7
800,25,0.3934821600,240062848.0000000000,2
800,26,0.3939766960,240064528.0000000000,11
800,27,0.3926806770,240063296.0000000000,19
800,28,0.3958888620,240064112.0000000000,13
800,29,0.3920172410,240065152.0000000000,19
800,30,0.3883016990,240061072.0000000000,18
800,31,0.3909618940,240061056.0000000000,14
800,32,0.3939579680,240063360.0000000000,22
800,33,0.3476861900,216104064.0000000000,20
800,34,0.3527872810,216095728.0000000000,12
800,35,0.3167267530,216012432.0000000000,19
800,36,0.3861952140,239976432.0000000000,5
800,37,0.3873485460,240061264.0000000000,8
800,38,0.3907826850,240062464.0000000000,5
800,39,0.3920845430,240063856.0000000000,17
800,40,0.3949550500,240063808.0000000000,21
800,41,0.3946194800,240066832.0000000000,3
800,42,0.3923681680,240060080.0000000000,12
800,43,0.3921005320,240062688.0000000000,10
800,44,0.3852084160,240066704.0000000000,16
800,45,0.3578019790,216101392.0000000000,15
800,46,0.3539015940,216102432.0000000000,9
800,47,0.3515912390,216013472.0000000000,9
800,48,0.3910072580,239975552.0000000000,6
800,49,0.3737860760,240065872.0000000000,22
800,50,0.3880795980,240062080.0000000000,20
800,51,0.3961950710,240061312.0000000000,16
800,52,0.3573889170,240065536.0000000000,2
800,53,0.3938122980,240061232.0000000000,17
800,54,0.3959407090,240063008.0000000000,23
800,55,0.3371287150,240063408.0000000000,20
800,56,0.3919925750,240065280.0000000000,1
800,57,0.3232552020,216101248.0000000000,17
800,58,0.3524878910,216097056.0000000000,14
800,59,0.3573733430,216013072.0000000000,15
800,60,0.3960196640,239974592.0000000000,10
800,61,0.3904368740,240080160.0000000000,6
800,62,0.3982944170,240088624.0000000000,18
800,63,0.3915797750,240090848.0000000000,0
800,64,0.3935267450,240083312.0000000000,21
800,65,0.3961739120,240081296.0000000000,18
800,66,0.3892018300,240086576.0000000000,15
800,67,0.3959014240,240086480.0000000000,23
800,68,0.3903719080,240091152.0000000000,4
800,69,0.3345942440,216116352.0000000000,10
800,70,0.3531286220,216122416.0000000000,4
800,71,0.3538138810,216011024.0000000000,3
800,72,0.3923484960,239716112.0000000000,1
800,73,0.3902455520,240048288.0000000000,5
800,74,0.3945153870,240040496.0000000000,8
800,75,0.3934948930,240037232.0000000000,4
800,76,0.3940124240,240036784.0000000000,11
800,77,0.3942819680,240038016.0000000000,8
800,78,0.3585079760,240039184.0000000000,12
800,79,0.3933161320,240048192.0000000000,13
800,80,0.3790587090,240026592.0000000000,3
800,81,0.3543677940,216076688.0000000000,14
800,82,0.3553854930,216093712.0000000000,16
800,83,0.3471655960,215749520.0000000000,13
800,84,0.1446120800,89736160.0000000000,23
800,85,0.1207769450,89810368.0000000000,1
800,86,0.1112208980,89818992.0000000000,0
800,87,0.1411571420,89825136.0000000000,21
800,88,0.1367106320,89826576.0000000000,16
800,89,0.1135060920,89816448.0000000000,2
800,90,0.1381863180,89834848.0000000000,8
800,91,0.1381292320,89820928.0000000000,7
800,92,0.1371228600,89826336.0000000000,18
800,93,0.1218340110,80878528.0000000000,6
800,94,0.1183580440,80883584.0000000000,5
800,95,0.1137474300,80793296.0000000000,22
800,96,0.0250021600,30347312.0000000000,16
800,97,0.0229691060,30347312.0000000000,14
800,98,0.0244868000,30347312.0000000000,13
800,99,0.0266411920,30347312.0000000000,13
800,100,0.0284838180,30347312.0000000000,0
800,101,0.0243124640,30347312.0000000000,21
800,102,0.0284013340,30347312.0000000000,9
800,103,0.0244512520,30347312.0000000000,10
800,104,0.0242079710,30347312.0000000000,0
800,105,0.0198011910,27355696.0000000000,1
800,106,0.0189296630,27355696.0000000000,17
800,107,0.0226572570,27355696.0000000000,21
800,108,0.0245072680,30347312.0000000000,9
800,109,0.0224960580,30347312.0000000000,20
800,110,0.0244791670,30347312.0000000000,17
800,111,0.0230116200,30347312.0000000000,10
800,112,0.0244939050,30347312.0000000000,7
800,113,0.0259798130,30347312.0000000000,13
800,114,0.0249828100,30347312.0000000000,16
800,115,0.0250729810,30347312.0000000000,8
800,116,0.0259426430,30347312.0000000000,15
800,117,0.0194083010,27355696.0000000000,2
800,118,0.0235184080,27355696.0000000000,8
800,119,0.0202973520,27355696.0000000000,23
800,120,0.0254305000,30347312.0000000000,6
800,121,0.0242820830,30347312.0000000000,9
800,122,0.0266730660,30347312.0000000000,23
800,123,0.0250034180,30347312.0000000000,10
800,124,0.0228826780,30347312.0000000000,14
800,125,0.0245034630,30347312.0000000000,3
800,126,0.0281041930,30347312.0000000000,0
800,127,0.0226025540,30347312.0000000000,20
800,128,0.0250289900,30347312.0000000000,16
800,129,0.0226593630,27355696.0000000000,0
800,130,0.0246995120,27355696.0000000000,11
800,131,0.0227624580,27355696.0000000000,13
800,132,0.0245547010,30347312.0000000000,13
800,133,0.0212300350,30347312.0000000000,5
800,134,0.0248808240,30347312.0000000000,23
800,135,0.0242770050,30347312.0000000000,3
800,136,0.0233594700,30347312.0000000000,5
800,137,0.0209812040,30347312.0000000000,2
800,138,0.0231868450,30347312.0000000000,1
800,139,0.0232461100,30347312.0000000000,16
800,140,0.0265892640,30347312.0000000000,19
800,141,0.0177943970,27355696.0000000000,1
800,142,0.0235744640,27355696.0000000000,18
800,143,0.0199204720,27355696.0000000000,6
800,144,0.0242622150,30347312.0000000000,7
800,145,0.0242157860,30347312.0000000000,22
800,146,0.0250020660,30347312.0000000000,8
800,147,0.0245085730,30347312.0000000000,21
800,148,0.0306765460,30347312.0000000000,19
800,149,0.0267235600,30347312.0000000000,18
800,150,0.0229014350,30347312.0000000000,12
800,151,0.0237864160,30347312.0000000000,8
800,152,0.0230209480,30347312.0000000000,14
800,153,0.0209630110,27355696.0000000000,4
800,154,0.0221206720,27355696.0000000000,16
800,155,0.0210101280,27355696.0000000000,18
800,156,0.0226086650,30347312.0000000000,20
800,157,0.0213179430,30347312.0000000000,16
800,158,0.0228719380,30347312.0000000000,8
800,159,0.0246187260,30347312.0000000000,22
800,160,0.0213152200,30347312.0000000000,14
800,161,0.0242996770,30347312.0000000000,3
800,162,0.0210731920,30347312.0000000000,13
800,163,0.0229700940,30347312.0000000000,2
800,164,0.0212839410,30347312.0000000000,8
800,165,0.0242713920,27355696.0000000000,15
800,166,0.0218467260,27355696.0000000000,14
800,167,0.0210304220,27355696.0000000000,4
800,168,0.0213722520,30347312.0000000000,1
800,169,0.0248621230,30347312.0000000000,12
800,170,0.0231970550,30347312.0000000000,5
800,171,0.0230236190,30347312.0000000000,2
800,172,0.0226660570,30347312.0000000000,0
800,173,0.0246212620,30347312.0000000000,4
800,174,0.0213596580,30347312.0000000000,1
800,175,0.0282013540,30347312.0000000000,22
800,176,0.0244964100,30347312.0000000000,7
800,177,0.0209402550,27355696.0000000000,7
800,178,0.0209370790,27355696.0000000000,7
800,179,0.0204275240,27355696.0000000000,11
800,180,0.0248223320,30347312.0000000000,21
800,181,0.0263840240,30347312.0000000000,3
800,182,0.0245238020,30347312.0000000000,7
800,183,0.0248213910,30347312.0000000000,21
800,184,0.0198434620,30347312.0000000000,16
800,185,0.0226348860,30347312.0000000000,20
800,186,0.0255645170,30347312.0000000000,19
800,187,0.0264543910,30347312.0000000000,23
800,188,0.0213463830,30347312.0000000000,1
800,189,0.0229795540,27355696.0000000000,17
800,190,0.0154596360,27355696.0000000000,2
800,191,0.0231073080,27355696.0000000000,18
800,192,0.0249006910,30347312.0000000000,10
800,193,0.0243979190,30347312.0000000000,7
800,194,0.0263762790,30347312.0000000000,3
800,195,0.0213118460,30347312.0000000000,5
800,196,0.0298989080,30347312.0000000000,11
800,197,0.0260340390,30347312.0000000000,15
800,198,0.0240811450,30347312.0000000000,14
800,199,0.0214120270,30347312.0000000000,2
800,200,0.0173109700,30347312.0000000000,0
800,201,0.0177838840,27355696.0000000000,1
800,202,0.0208814800,27355696.0000000000,4
800,203,0.0198831190,27355696.0000000000,0
800,204,0.0198369800,30347312.0000000000,0
800,205,0.0262181430,30347312.0000000000,11
800,206,0.0235491250,30347312.0000000000,6
800,207,0.0185861580,30347312.0000000000,2
800,208,0.0224839250,30347312.0000000000,20
800,209,0.0245670250,30347312.0000000000,15
800,210,0.0234992010,30347312.0000000000,6
800,211,0.0244027180,30347312.0000000000,3
800,212,0.0247502480,30347312.0000000000,12
800,213,0.0227590760,27355696.0000000000,22
800,214,0.0176853360,27355696.0000000000,3
800,215,0.0217858220,27355696.0000000000,6
800,216,0.0185781810,30347312.0000000000,8
800,217,0.0235695960,30347312.0000000000,6
800,218,0.0245689710,30347312.0000000000,22
800,219,0.0216730300,30347312.0000000000,14
800,220,0.0234350460,30347312.0000000000,23
800,221,0.0152218470,30347312.0000000000,0
800,222,0.0255422010,30347312.0000000000,13
800,223,0.0241928630,30347312.0000000000,18
800,224,0.0240768790,30347312.0000000000,19
800,225,0.0174981640,27355696.0000000000,13
800,226,0.0220013280,27355696.0000000000,3
800,227,0.0210251100,27355696.0000000000,4
800,228,0.0188801270,30347312.0000000000,2
800,229,0.0267329310,30347312.0000000000,22
800,230,0.0226246760,30347312.0000000000,20
800,231,0.0267786560,30347312.0000000000,15
800,232,0.0195048280,30347312.0000000000,3
800,233,0.0209354480,30347312.0000000000,21
800,234,0.0213522230,30347312.0000000000,1
800,235,0.0243843320,30347312.0000000000,9
800,236,0.0209635520,30347312.0000000000,14
800,237,0.0234324210,27355696.0000000000,12
800,238,0.0214207640,27355696.0000000000,10
800,239,0.0187968250,27355696.0000000000,6
800,240,0.0243435930,30347312.0000000000,12
800,241,0.0213571610,30347312.0000000000,5
800,242,0.0220085030,30347312.0000000000,22
800,243,0.0212890010,30347312.0000000000,5
800,244,0.0246145190,30347312.0000000000,18
800,245,0.0160151480,30347312.0000000000,13
800,246,0.0171509230,30347312.0000000000,14
800,247,0.0262585400,30347312.0000000000,7
800,248,0.0259410100,30347312.0000000000,9
800,249,0.0198940100,27355696.0000000000,1
800,250,0.0186941870,27355696.0000000000,17
800,251,0.0210091170,27355696.0000000000,4
800,252,0.0281044450,30347312.0000000000,23
800,253,0.0242687600,30347312.0000000000,19
800,254,0.0235669200,30347312.0000000000,6
800,255,0.0285265230,30347312.0000000000,17
800,256,0.0259288250,30347312.0000000000,15
800,257,0.0248371080,30347312.0000000000,5
800,258,0.0262707350,30347312.0000000000,11
800,259,0.0173485200,30347312.0000000000,21
800,260,0.0228486400,30347312.0000000000,5
800,261,0.0245668840,27355696.0000000000,9
800,262,0.0190658260,27355696.0000000000,23
800,263,0.0206341130,27355696.0000000000,4
800,264,0.0194867920,30347312.0000000000,21
800,265,0.0152296410,30347312.0000000000,3
800,266,0.0181090240,30347312.0000000000,23
800,267,0.0246122060,30347312.0000000000,18
800,268,0.0259145890,30347312.0000000000,9
800,269,0.0233411970,30347312.0000000000,12
800,270,0.0229868100,30347312.0000000000,10
800,271,0.0159882560,30347312.0000000000,8
800,272,0.0244920930,30347312.0000000000,17
800,273,0.0205558830,27355696.0000000000,11
800,274,0.0210548880,27355696.0000000000,17
800,275,0.0186517430,27355696.0000000000,19
850,0,8.4657870612,154713280.0000000000,19
850,1,7.9607471364,151925856.0000000000,10
850,2,7.6914980579,144405328.0000000000,20
850,3,7.0505362824,134860016.0000000000,11
850,4,7.3163904275,136149104.0000000000,4
850,5,7.5489532599,138026944.0000000000,12
850,6,7.1188267455,137783456.0000000000,9
850,7,7.3564371456,140586000.0000000000,3
850,8,8.5837939291,157543840.0000000000,15
850,9,8.4635909532,151493120.0000000000,17
850,10,8.6081772751,150546944.0000000000,14
850,11,7.9120480105,147195680.0000000000,13
850,12,12.6971534566,239657712.0000000000,1
850,13,13.2177191551,241422192.0000000000,23
850,14,13.4907296976,245675728.0000000000,0
850,15,14.4284811675,254065536.0000000000,9
850,16,14.8977648221,258807504.0000000000,22
850,17,15.0561230450,261013536.0000000000,0
850,18,14.9604548685,260964240.0000000000,7
850,19,14.9428045081,262642048.0000000000,2
850,20,14.3366013374,253311440.0000000000,21
850,21,12.0078723775,219965952.0000000000,6
850,22,11.5771478759,217069968.0000000000,7
850,23,11.3811575994,216130848.0000000000,11
850,24,12.5667876233,239978704.0000000000,7
850,25,12.6179912283,240062400.0000000000,2
850,26,12.7668590683,240059200.0000000000,11
850,27,12.5595556800,240064976.0000000000,19
850,28,12.7545444322,240063648.0000000000,13
850,29,12.5751444238,240063424.0000000000,19
850,30,12.5752790377,240062960.0000000000,18
850,31,12.6806937963,240065136.0000000000,14
850,32,12.7278240854,240065312.0000000000,22
850,33,11.3923253395,216100704.0000000000,20
850,34,11.3545259355,216098032.0000000000,12
850,35,10.2785250679,216011520.0000000000,19
850,36,12.5154270455,239974288.0000000000,5
850,37,12.5636506297,240066992.0000000000,8
850,38,12.5930516305,240065952.0000000000,5
850,39,12.6218025878,240064864.0000000000,17
850,40,12.6796527432,240065568.0000000000,21
850,41,12.7603544006,240064336.0000000000,3
850,42,12.6683550988,240061568.0000000000,12
850,43,12.6145154060,240065424.0000000000,10
850,44,12.5664383867,240062416.0000000000,16
850,45,11.4960904098,216098064.0000000000,15
850,46,11.3967495588,216103184.0000000000,9
850,47,11.3051750517,216012944.0000000000,9
850,48,12.6673981903,239975808.0000000000,6
850,49,12.3617890120,240062720.0000000000,22
850,50,12.5473178969,240062608.0000000000,20
850,51,12.6722105431,240062784.0000000000,16
850,52,11.7950687923,240063072.0000000000,2
850,53,12.6828048153,240063488.0000000000,17
850,54,12.6923535226,240064736.0000000000,23
850,55,11.5648603823,240068160.0000000000,20
850,56,12.6801650458,240065088.0000000000,1
850,57,10.6724790419,216097952.0000000000,17
850,58,11.3850486843,216098896.0000000000,14
850,59,11.4871688635,216010816.0000000000,15
850,60,12.7520273930,239974496.0000000000,10
850,61,12.6473350680,240090512.0000000000,6
850,62,12.8200233419,240097456.0000000000,18
850,63,12.7582502998,240097232.0000000000,0
850,64,12.6736607235,240088384.0000000000,21
850,65,12.6825178574,240088384.0000000000,18
850,66,12.5791310711,240089344.0000000000,15
850,67,12.6756966743,240089840.0000000000,23
850,68,12.5195912951,240100624.0000000000,4
850,69,11.0539993563,216128384.0000000000,10
850,70,11.3464021600,216127712.0000000000,4
850,71,11.4125600618,216011136.0000000000,3
850,72,12.6782691824,239696448.0000000000,1
850,73,12.6175212807,240034400.0000000000,5
850,74,12.6719003659,240035712.0000000000,8
850,75,12.6449649026,240032208.0000000000,4
850,76,12.6573211981,240037808.0000000000,11
850,77,12.6723425516,240029936.0000000000,8
850,78,11.6839968447,240035888.0000000000,12
850,79,12.6806034368,240043184.0000000000,13
850,80,12.5702816639,240019712.0000000000,3
850,81,11.4467915480,216071808.0000000000,14
850,82,11.4227948379,216087264.0000000000,16
850,83,11.4894499849,215727184.0000000000,13
850,84,4.5687430821,89728640.0000000000,23
850,85,4.1561566684,89809168.0000000000,1
850,86,3.5592405387,89819328.0000000000,0
850,87,4.5383121648,89823776.0000000000,21
850,88,4.4431357228,89824416.0000000000,16
850,89,4.1359599873,89817472.0000000000,2
850,90,4.4511954472,89834064.0000000000,8
850,91,4.4351394630,89819664.0000000000,7
850,92,4.3718766286,89824480.0000000000,18
850,93,3.8871799420,80879376.0000000000,6
850,94,3.8228264072,80882896.0000000000,5
850,95,3.4204938548,80786624.0000000000,22
850,96,0.8047135244,30347312.0000000000,16
850,97,0.8399583131,30347312.0000000000,14
850,98,0.8441432190,30347312.0000000000,13
850,99,0.8454304811,30347312.0000000000,13
850,100,0.8494570206,30347312.0000000000,0
850,101,0.7960222841,30347312.0000000000,21
850,102,0.9244367601,30347312.0000000000,9
850,103,0.8421628718,30347312.0000000000,10
850,104,0.8184879709,30347312.0000000000,0
850,105,0.6560774140,27355696.0000000000,1
850,106,0.6314034184,27355696.0000000000,17
850,107,0.7379172116,27355696.0000000000,21
850,108,0.8228593102,30347312.0000000000,9
850,109,0.8037373482,30347312.0000000000,20
850,110,0.7995719531,30347312.0000000000,17
850,111,0.8456537510,30347312.0000000000,10
850,112,0.7944055695,30347312.0000000000,7
850,113,0.8213826798,30347312.0000000000,13
850,114,0.8041691258,30347312.0000000000,16
850,115,0.7985507336,30347312.0000000000,8
850,116,0.8192881201,30347312.0000000000,15
850,117,0.6077476512,27355696.0000000000,2
850,118,0.7505969460,27355696.0000000000,8
850,119,0.6306221224,27355696.0000000000,23
850,120,0.8192545078,30347312.0000000000,6
850,121,0.8373475776,30347312.0000000000,9
850,122,0.8065803875,30347312.0000000000,23
850,123,0.8394351266,30347312.0000000000,10
850,124,0.8744137879,30347312.0000000000,14
850,125,0.8480563437,30347312.0000000000,3
850,126,0.7620579806,30347312.0000000000,0
850,127,0.7677856998,30347312.0000000000,20
850,128,0.7995938841,30347312.0000000000,16
850,129,0.6775419505,27355696.0000000000,0
850,130,0.7798811320,27355696.0000000000,11
850,131,0.7713068549,27355696.0000000000,13
850,132,0.8517518448,30347312.0000000000,13
850,133,0.7543053358,30347312.0000000000,5
850,134,0.8124188622,30347312.0000000000,23
850,135,0.8483763288,30347312.0000000000,3
850,136,0.8399205948,30347312.0000000000,5
850,137,0.8159479102,30347312.0000000000,2
850,138,0.8441047966,30347312.0000000000,1
850,139,0.7878998127,30347312.0000000000,16
850,140,0.7982803677,30347312.0000000000,19
850,141,0.6534338094,27355696.0000000000,1
850,142,0.7412135236,27355696.0000000000,18
850,143,0.6954344440,27355696.0000000000,6
850,144,0.8025837397,30347312.0000000000,7
850,145,0.7918025356,30347312.0000000000,22
850,146,0.7877757595,30347312.0000000000,8
850,147,0.8024019011,30347312.0000000000,21
850,148,0.9197662100,30347312.0000000000,19
850,149,0.8063172530,30347312.0000000000,18
850,150,0.7881796109,30347312.0000000000,12
850,151,0.7846786498,30347312.0000000000,8
850,152,0.8442560473,30347312.0000000000,14
850,153,0.6550623267,27355696.0000000000,4
850,154,0.6759118979,27355696.0000000000,16
850,155,0.6291450249,27355696.0000000000,18
850,156,0.7715056918,30347312.0000000000,20
850,157,0.7507006537,30347312.0000000000,16
850,158,0.7833371066,30347312.0000000000,8
850,159,0.8079640350,30347312.0000000000,22
850,160,0.7428072298,30347312.0000000000,14
850,161,0.8184010638,30347312.0000000000,3
850,162,0.7072922435,30347312.0000000000,13
850,163,0.8096979328,30347312.0000000000,2
850,164,0.6937656684,30347312.0000000000,8
850,165,0.7675831272,27355696.0000000000,15
850,166,0.7812814813,27355696.0000000000,14
850,167,0.6602769482,27355696.0000000000,4
850,168,0.8021888954,30347312.0000000000,1
850,169,0.7846696256,30347312.0000000000,12
850,170,0.7946738837,30347312.0000000000,5
850,171,0.8202305210,30347312.0000000000,2
850,172,0.7559395641,30347312.0000000000,0
850,173,0.7754046215,30347312.0000000000,4
850,174,0.8073688207,30347312.0000000000,1
850,175,0.9142928370,30347312.0000000000,22
850,176,0.8097177191,30347312.0000000000,7
850,177,0.6932446101,27355696.0000000000,7
850,178,0.6991773447,27355696.0000000000,7
850,179,0.6445040051,27355696.0000000000,11
850,180,0.7985250693,30347312.0000000000,21
850,181,0.8703122602,30347312.0000000000,3
850,182,0.8225399384,30347312.0000000000,7
850,183,0.8102879533,30347312.0000000000,21
850,184,0.7138055075,30347312.0000000000,16
850,185,0.7559504368,30347312.0000000000,20
850,186,0.8046776345,30347312.0000000000,19
850,187,0.8023333238,30347312.0000000000,23
850,188,0.7713163364,30347312.0000000000,1
850,189,0.7391575335,27355696.0000000000,17
850,190,0.6621456719,27355696.0000000000,2
850,191,0.7497715940,27355696.0000000000,18
850,192,0.8772242757,30347312.0000000000,10
850,193,0.8702979454,30347312.0000000000,7
850,194,0.8281675319,30347312.0000000000,3
850,195,0.8024312962,30347312.0000000000,5
850,196,0.9472693594,30347312.0000000000,11
850,197,0.8255728600,30347312.0000000000,15
850,198,0.8164422295,30347312.0000000000,14
850,199,0.7593558496,30347312.0000000000,2
850,200,0.6184666820,30347312.0000000000,0
850,201,0.6517677130,27355696.0000000000,1
850,202,0.6533779479,27355696.0000000000,4
850,203,0.6471857372,27355696.0000000000,0
850,204,0.6414777024,30347312.0000000000,0
850,205,0.8312744800,30347312.0000000000,11
850,206,0.7735140763,30347312.0000000000,6
850,207,0.7227800516,30347312.0000000000,2
850,208,0.8002998175,30347312.0000000000,20
850,209,0.7772707807,30347312.0000000000,15
850,210,0.7532494250,30347312.0000000000,6
850,211,0.8414176142,30347312.0000000000,3
850,212,0.7930983704,30347312.0000000000,12
850,213,0.7431329963,27355696.0000000000,22
850,214,0.5993885499,27355696.0000000000,3
850,215,0.7127801023,27355696.0000000000,6
850,216,0.6594549388,30347312.0000000000,8
850,217,0.7934533637,30347312.0000000000,6
850,218,0.8051486520,30347312.0000000000,22
850,219,0.7352853800,30347312.0000000000,14
850,220,0.6943513607,30347312.0000000000,23
850,221,0.5372713669,30347312.0000000000,0
850,222,0.8316850664,30347312.0000000000,13
850,223,0.7948549503,30347312.0000000000,18
850,224,0.7943376226,30347312.0000000000,19
850,225,0.5713702100,27355696.0000000000,13
850,226,0.7069227000,27355696.0000000000,3
850,227,0.6593126097,27355696.0000000000,4
850,228,0.7019402395,30347312.0000000000,2
850,229,0.8051322879,30347312.0000000000,22
850,230,0.7371019667,30347312.0000000000,20
850,231,0.8470465703,30347312.0000000000,15
850,232,0.6699670743,30347312.0000000000,3
850,233,0.6871840085,30347312.0000000000,21
850,234,0.7207413543,30347312.0000000000,1
850,235,0.8428792763,30347312.0000000000,9
850,236,0.6082381676,30347312.0000000000,14
850,237,0.7353410342,27355696.0000000000,12
850,238,0.7517697202,27355696.0000000000,10
850,239,0.6831152571,27355696.0000000000,6
850,240,0.7924145182,30347312.0000000000,12
850,241,0.8027433189,30347312.0000000000,5
850,242,0.6782012569,30347312.0000000000,22
850,243,0.8058818142,30347312.0000000000,5
850,244,0.8044017979,30347312.0000000000,18
850,245,0.5213869829,30347312.0000000000,13
850,246,0.5432929426,30347312.0000000000,14
850,247,0.8813397412,30347312.0000000000,7
850,248,0.8425329705,30347312.0000000000,9
850,249,0.6092429473,27355696.0000000000,1
850,250,0.6243296955,27355696.0000000000,17
850,251,0.7091942878,27355696.0000000000,4
850,252,0.8427622115,30347312.0000000000,23
850,253,0.8008038930,30347312.0000000000,19
850,254,0.7074255848,30347312.0000000000,6
850,255,0.9200412925,30347312.0000000000,17
850,256,0.8171903007,30347312.0000000000,15
850,257,0.8460141221,30347312.0000000000,5
850,258,0.8312678719,30347312.0000000000,11
850,259,0.5704430319,30347312.0000000000,21
850,260,0.7591954653,30347312.0000000000,5
850,261,0.7957015742,27355696.0000000000,9
850,262,0.5551480174,27355696.0000000000,23
850,263,0.5975038663,27355696.0000000000,4
850,264,0.6383543143,30347312.0000000000,21
850,265,0.4999673205,30347312.0000000000,3
850,266,0.5230251136,30347312.0000000000,23
850,267,0.8045174816,30347312.0000000000,18
850,268,0.8410207363,30347312.0000000000,9
850,269,0.7924635129,30347312.0000000000,12
850,270,0.8433154215,30347312.0000000000,10
850,271,0.5648656299,30347312.0000000000,8
850,272,0.8033583997,30347312.0000000000,17
850,273,0.6459843482,27355696.0000000000,11
850,274,0.6320243378,27355696.0000000000,17
850,275,0.6299418107,27355696.0000000000,19
900,0,0.2530236510,154217936.0000000000,19
900,1,0.2502379890,151426928.0000000000,10
900,2,0.2394942150,143907472.0000000000,20
900,3,0.2210027620,134214720.0000000000,11
900,4,0.2205302680,135271216.0000000000,4
900,5,0.2308043430,137805888.0000000000,12
900,6,0.2298920280,137857216.0000000000,9
900,7,0.2316963920,140904256.0000000000,3
900,8,0.2667307550,157381920.0000000000,15
900,9,0.2725371040,152301424.0000000000,17
900,10,0.2679962310,151508016.0000000000,14
900,11,0.2496238170,147648720.0000000000,13
900,12,0.4012052160,239617504.0000000000,1
900,13,0.4075997420,241530048.0000000000,23
900,14,0.4228915960,245950240.0000000000,0
900,15,0.4477368510,253741072.0000000000,9
900,16,0.4607121100,257856048.0000000000,22
900,17,0.4681690980,260767552.0000000000,0
900,18,0.4656488220,260990720.0000000000,7
900,19,0.4726323380,263269920.0000000000,2
900,20,0.4479771750,253970784.0000000000,21
900,21,0.3738151170,220226016.0000000000,6
900,22,0.3635232440,217160464.0000000000,7
900,23,0.3598786750,216155152.0000000000,11
900,24,0.3907499570,239978880.0000000000,7
900,25,0.3901715280,240062048.0000000000,2
900,26,0.3939564460,240061664.0000000000,11
900,27,0.3917174610,240063056.0000000000,19
900,28,0.3933976150,240059312.0000000000,13
900,29,0.3922879120,240063728.0000000000,19
900,30,0.3872206120,240061504.0000000000,18
900,31,0.3916365040,240065056.0000000000,14
900,32,0.3938281060,240063888.0000000000,22
900,33,0.3504288560,216098976.0000000000,20
900,34,0.3525267270,216100752.0000000000,12
900,35,0.3212149160,216010656.0000000000,19
900,36,0.3867580320,239971472.0000000000,5
900,37,0.3861402520,240066128.0000000000,8
900,38,0.3895382590,240065744.0000000000,5
900,39,0.3917581170,240062352.0000000000,17
900,40,0.3950676970,240065920.0000000000,21
900,41,0.3960912960,240064304.0000000000,3
900,42,0.3920291320,240060720.0000000000,12
900,43,0.3923348230,240063664.0000000000,10
900,44,0.3866871190,240065200.0000000000,16
900,45,0.3560024430,216102480.0000000000,15
900,46,0.3527348090,216100096.0000000000,9
900,47,0.3534444720,216011184.0000000000,9
900,48,0.3918061920,239974032.0000000000,6
900,49,0.3757054650,240060176.0000000000,22
900,50,0.3867350240,240062832.0000000000,20
900,51,0.3939093950,240058960.0000000000,16
900,52,0.3589418050,240064672.0000000000,2
900,53,0.3936664940,240065776.0000000000,17
900,54,0.3958208060,240063296.0000000000,23
900,55,0.3336044880,240064096.0000000000,20
900,56,0.3935836630,240061008.0000000000,1
900,57,0.3212479510,216096768.0000000000,17
900,58,0.3542184050,216098080.0000000000,14
900,59,0.3574068670,216011696.0000000000,15
900,60,0.3961205770,239982160.0000000000,10
900,61,0.3926377030,240097152.0000000000,6
900,62,0.3989675970,240103504.0000000000,18
900,63,0.3879370830,240107984.0000000000,0
900,64,0.3935501190,240093792.0000000000,21
900,65,0.3958081610,240095104.0000000000,18
900,66,0.3893849120,240096224.0000000000,15
900,67,0.3952973010,240100464.0000000000,23
900,68,0.3874675750,240111680.0000000000,4
900,69,0.3356392240,216131408.0000000000,10
900,70,0.3523309220,216135328.0000000000,4
900,71,0.3534278510,216013936.0000000000,3
900,72,0.3918787830,239664672.0000000000,1
900,73,0.3903271300,240026944.0000000000,5
900,74,0.3944954060,240030352.0000000000,8
900,75,0.3930694980,240022864.0000000000,4
900,76,0.3939558160,240027808.0000000000,11
900,77,0.3942268190,240024864.0000000000,8
900,78,0.3584599900,240022672.0000000000,12
900,79,0.3959799950,240037632.0000000000,13
900,80,0.3791686980,240012352.0000000000,3
900,81,0.3559880970,216064544.0000000000,14
900,82,0.3574554800,216083248.0000000000,16
900,83,0.3432760590,215700608.0000000000,13
900,84,0.1445671490,89724624.0000000000,23
900,85,0.1244651900,89808112.0000000000,1
900,86,0.1095609000,89819312.0000000000,0
900,87,0.1410914020,89825152.0000000000,21
900,88,0.1367999820,89825984.0000000000,16
900,89,0.1157308960,89817280.0000000000,2
900,90,0.1381986440,89835728.0000000000,8
900,91,0.1381396610,89818608.0000000000,7
900,92,0.1361012100,89827024.0000000000,18
900,93,0.1219858230,80878672.0000000000,6
900,94,0.1183989400,80882320.0000000000,5
900,95,0.1121724960,80779952.0000000000,22
900,96,0.0250124300,30347312.0000000000,16
900,97,0.0244625410,30347312.0000000000,14
900,98,0.0245599100,30347312.0000000000,13
900,99,0.0245282870,30347312.0000000000,13
900,100,0.0249535750,30347312.0000000000,0
900,101,0.0243718120,30347312.0000000000,21
900,102,0.0284190170,30347312.0000000000,9
900,103,0.0261403140,30347312.0000000000,10
900,104,0.0248780660,30347312.0000000000,0
900,105,0.0210842840,27355696.0000000000,1
900,106,0.0209674290,27355696.0000000000,17
900,107,0.0226551780,27355696.0000000000,21
900,108,0.0244793820,30347312.0000000000,9
900,109,0.0221428540,30347312.0000000000,20
900,110,0.0244676850,30347312.0000000000,17
900,111,0.0244469110,30347312.0000000000,10
900,112,0.0245339010,30347312.0000000000,7
900,113,0.0245081190,30347312.0000000000,13
900,114,0.0249998450,30347312.0000000000,16
900,115,0.0250728300,30347312.0000000000,8
900,116,0.0258951590,30347312.0000000000,15
900,117,0.0173656260,27355696.0000000000,2
900,118,0.0235272440,27355696.0000000000,8
900,119,0.0192059170,27355696.0000000000,23
900,120,0.0234836980,30347312.0000000000,6
900,121,0.0242640670,30347312.0000000000,9
900,122,0.0266898800,30347312.0000000000,23
900,123,0.0265121820,30347312.0000000000,10
900,124,0.0244977480,30347312.0000000000,14
900,125,0.0244926610,30347312.0000000000,3
900,126,0.0206984270,30347312.0000000000,0
900,127,0.0226118930,30347312.0000000000,20
900,128,0.0232008030,30347312.0000000000,16
900,129,0.0191996750,27355696.0000000000,0
900,130,0.0226749570,27355696.0000000000,11
900,131,0.0227622950,27355696.0000000000,13
900,132,0.0246188110,30347312.0000000000,13
900,133,0.0212265690,30347312.0000000000,5
900,134,0.0267159380,30347312.0000000000,23
900,135,0.0243231930,30347312.0000000000,3
900,136,0.0233466830,30347312.0000000000,5
900,137,0.0229898530,30347312.0000000000,2
900,138,0.0213631930,30347312.0000000000,1
900,139,0.0237152590,30347312.0000000000,16
900,140,0.0258167780,30347312.0000000000,19
900,141,0.0199136170,27355696.0000000000,1
900,142,0.0248260580,27355696.0000000000,18
900,143,0.0198514850,27355696.0000000000,6
900,144,0.0242726650,30347312.0000000000,7
900,145,0.0242009500,30347312.0000000000,22
900,146,0.0249995990,30347312.0000000000,8
900,147,0.0264832180,30347312.0000000000,21
900,148,0.0289238240,30347312.0000000000,19
900,149,0.0265872290,30347312.0000000000,18
900,150,0.0229197410,30347312.0000000000,12
900,151,0.0238099700,30347312.0000000000,8
900,152,0.0244924700,30347312.0000000000,14
900,153,0.0193890930,27355696.0000000000,4
900,154,0.0193771010,27355696.0000000000,16
900,155,0.0190349270,27355696.0000000000,18
900,156,0.0225679880,30347312.0000000000,20
900,157,0.0213209140,30347312.0000000000,16
900,158,0.0228774990,30347312.0000000000,8
900,159,0.0246356240,30347312.0000000000,22
900,160,0.0229783430,30347312.0000000000,14
900,161,0.0242787360,30347312.0000000000,3
900,162,0.0210737930,30347312.0000000000,13
900,163,0.0209375170,30347312.0000000000,2
900,164,0.0212782780,30347312.0000000000,8
900,165,0.0242817400,27355696.0000000000,15
900,166,0.0218901120,27355696.0000000000,14
900,167,0.0194572650,27355696.0000000000,4
900,168,0.0232585520,30347312.0000000000,1
900,169,0.0248852270,30347312.0000000000,12
900,170,0.0232011220,30347312.0000000000,5
900,171,0.0229707150,30347312.0000000000,2
900,172,0.0226131110,30347312.0000000000,0
900,173,0.0230404700,30347312.0000000000,4
900,174,0.0213652660,30347312.0000000000,1
900,175,0.0281527600,30347312.0000000000,22
900,176,0.0244818600,30347312.0000000000,7
900,177,0.0209279220,27355696.0000000000,7
900,178,0.0209371870,27355696.0000000000,7
900,179,0.0225094770,27355696.0000000000,11
900,180,0.0248087840,30347312.0000000000,21
900,181,0.0263988400,30347312.0000000000,3
900,182,0.0245461360,30347312.0000000000,7
900,183,0.0245669970,30347312.0000000000,21
900,184,0.0216411940,30347312.0000000000,16
900,185,0.0226344560,30347312.0000000000,20
900,186,0.0267324110,30347312.0000000000,19
900,187,0.0264675890,30347312.0000000000,23
900,188,0.0214228890,30347312.0000000000,1
900,189,0.0209302170,27355696.0000000000,17
900,190,0.0174669020,27355696.0000000000,2
900,191,0.0230511820,27355696.0000000000,18
900,192,0.0264824150,30347312.0000000000,10
900,193,0.0244177480,30347312.0000000000,7
900,194,0.0263941220,30347312.0000000000,3
900,195,0.0213828230,30347312.0000000000,5
900,196,0.0277916650,30347312.0000000000,11
900,197,0.0281073240,30347312.0000000000,15
900,198,0.0261047450,30347312.0000000000,14
900,199,0.0228821440,30347312.0000000000,2
900,200,0.0193104200,30347312.0000000000,0
900,201,0.0177933130,27355696.0000000000,1
900,202,0.0193259000,27355696.0000000000,4
900,203,0.0201006980,27355696.0000000000,0
900,204,0.0198741100,30347312.0000000000,0
900,205,0.0262490330,30347312.0000000000,11
900,206,0.0255320030,30347312.0000000000,6
900,207,0.0192568480,30347312.0000000000,2
900,208,0.0244982560,30347312.0000000000,20
900,209,0.0245767910,30347312.0000000000,15
900,210,0.0235339250,30347312.0000000000,6
900,211,0.0244521950,30347312.0000000000,3
900,212,0.0247592450,30347312.0000000000,12
900,213,0.0227420650,27355696.0000000000,22
900,214,0.0176716370,27355696.0000000000,3
900,215,0.0198398950,27355696.0000000000,6
900,216,0.0206491230,30347312.0000000000,8
900,217,0.0235149280,30347312.0000000000,6
900,218,0.0246725240,30347312.0000000000,22
900,219,0.0223075270,30347312.0000000000,14
900,220,0.0234562990,30347312.0000000000,23
900,221,0.0172201730,30347312.0000000000,0
900,222,0.0256772870,30347312.0000000000,13
900,223,0.0242052710,30347312.0000000000,18
900,224,0.0265191970,30347312.0000000000,19
900,225,0.0175076800,27355696.0000000000,13
900,226,0.0220164980,27355696.0000000000,3
900,227,0.0193809360,27355696.0000000000,4
900,228,0.0178597800,30347312.0000000000,2
900,229,0.0245893930,30347312.0000000000,22
900,230,0.0226160220,30347312.0000000000,20
900,231,0.0268191250,30347312.0000000000,15
900,232,0.0195311670,30347312.0000000000,3
900,233,0.0209634110,30347312.0000000000,21
900,234,0.0213561410,30347312.0000000000,1
900,235,0.0243959730,30347312.0000000000,9
900,236,0.0195512790,30347312.0000000000,14
900,237,0.0234750940,27355696.0000000000,12
900,238,0.0229569210,27355696.0000000000,10
900,239,0.0218988600,27355696.0000000000,6
900,240,0.0243444520,30347312.0000000000,12
900,241,0.0229520580,30347312.0000000000,5
900,242,0.0226503470,30347312.0000000000,22
900,243,0.0229156500,30347312.0000000000,5
900,244,0.0246163650,30347312.0000000000,18
900,245,0.0160224620,30347312.0000000000,13
900,246,0.0163808130,30347312.0000000000,14
900,247,0.0263257490,30347312.0000000000,7
900,248,0.0244540980,30347312.0000000000,9
900,249,0.0159708560,27355696.0000000000,1
900,250,0.0206727180,27355696.0000000000,17
900,251,0.0214762920,27355696.0000000000,4
900,252,0.0281098880,30347312.0000000000,23
900,253,0.0255242330,30347312.0000000000,19
900,254,0.0223671570,30347312.0000000000,6
900,255,0.0265305090,30347312.0000000000,17
900,256,0.0255317470,30347312.0000000000,15
900,257,0.0248396520,30347312.0000000000,5
900,258,0.0263148900,30347312.0000000000,11
900,259,0.0175936250,30347312.0000000000,21
900,260,0.0244462720,30347312.0000000000,5
900,261,0.0229637070,27355696.0000000000,9
900,262,0.0190845010,27355696.0000000000,23
900,263,0.0172178700,27355696.0000000000,4
900,264,0.0195135550,30347312.0000000000,21
900,265,0.0152165160,30347312.0000000000,3
900,266,0.0174800370,30347312.0000000000,23
900,267,0.0246338070,30347312.0000000000,18
900,268,0.0243443430,30347312.0000000000,9
900,269,0.0233867230,30347312.0000000000,12
900,270,0.0246749630,30347312.0000000000,10
900,271,0.0171741870,30347312.0000000000,8
900,272,0.0245001280,30347312.0000000000,17
900,273,0.0225467680,27355696.0000000000,11
900,274,0.0230286500,27355696.0000000000,17
900,275,0.0186713930,27355696.0000000000,19
950,0,8.4551275263,153644992.0000000000,19
950,1,8.0451175931,150778992.0000000000,10
950,2,7.6936824497,143210224.0000000000,20
950,3,7.0366230195,133807248.0000000000,11
950,4,7.1485786771,134462576.0000000000,4
950,5,7.5329794498,137425264.0000000000,12
950,6,7.1761359896,138067920.0000000000,9
950,7,7.4198548266,140804032.0000000000,3
950,8,8.5527698276,156131696.0000000000,15
950,9,8.6883411385,152983616.0000000000,17
950,10,8.7219965046,152560368.0000000000,14
950,11,8.0419527384,148160336.0000000000,13
950,12,12.7735675793,239596736.0000000000,1
950,13,13.2993741093,241734112.0000000000,23
950,14,13.6509859341,246597376.0000000000,0
950,15,14.4747399595,253716768.0000000000,9
950,16,14.9414958060,256972144.0000000000,22
950,17,15.1196872231,260366752.0000000000,0
950,18,15.0239494956,261163424.0000000000,7
950,19,15.1214652252,263914368.0000000000,2
950,20,14.5491268188,255762672.0000000000,21
950,21,12.2580401586,220797104.0000000000,6
950,22,11.7060897844,217307744.0000000000,7
950,23,11.4579460290,216207008.0000000000,11
950,24,12.5650259641,239973920.0000000000,7
950,25,12.6302075729,240063408.0000000000,2
950,26,12.6657969120,240060672.0000000000,11
950,27,12.5328112453,240064656.0000000000,19
950,28,12.7588044989,240060048.0000000000,13
950,29,12.5750206806,240063136.0000000000,19
950,30,12.5089519987,240065616.0000000000,18
950,31,12.6863492804,240064624.0000000000,14
950,32,12.6925524501,240058448.0000000000,22
950,33,11.3588645183,216103456.0000000000,20
950,34,11.3471843681,216098768.0000000000,12
950,35,10.3044607991,216007696.0000000000,19
950,36,12.4920845647,239973024.0000000000,5
950,37,12.5478186995,240064656.0000000000,8
950,38,12.5873389202,240065184.0000000000,5
950,39,12.6078565014,240060160.0000000000,17
950,40,12.6801482984,240065776.0000000000,21
950,41,12.7828676532,240062528.0000000000,3
950,42,12.6323387215,240060576.0000000000,12
950,43,12.6251293256,240064560.0000000000,10
950,44,12.5467575480,240065696.0000000000,16
950,45,11.5200617613,216099888.0000000000,15
950,46,11.3927168570,216101952.0000000000,9
950,47,11.3043481962,216009312.0000000000,9
950,48,12.7713018311,239974384.0000000000,6
950,49,12.3078049751,240060832.0000000000,22
950,50,12.5363950024,240067056.0000000000,20
950,51,12.6849343033,240064208.0000000000,16
950,52,11.8489100110,240060272.0000000000,2
950,53,12.6865737741,240068080.0000000000,17
950,54,12.6654618594,240060832.0000000000,23
950,55,11.5435958053,240066000.0000000000,20
950,56,12.6831908471,240062448.0000000000,1
950,57,10.6742559085,216094992.0000000000,17
950,58,11.4032082682,216101072.0000000000,14
950,59,11.4840838070,216010832.0000000000,15
950,60,12.7405573064,239984448.0000000000,10
950,61,12.7077655729,240105072.0000000000,6
950,62,12.7991474391,240110752.0000000000,18
950,63,12.5595826844,240112912.0000000000,0
950,64,12.6725461816,240102352.0000000000,21
950,65,12.7295220947,240101152.0000000000,18
950,66,12.5138323648,240110400.0000000000,15
950,67,12.6740756130,240102720.0000000000,23
950,68,12.5025794038,240119888.0000000000,4
950,69,11.0746646841,216137568.0000000000,10
950,70,11.3414012627,216144160.0000000000,4
950,71,11.4045933041,216016720.0000000000,3
950,72,12.6668329265,239636560.0000000000,1
950,73,12.6048274206,240020592.0000000000,5
950,74,12.6481399919,240021856.0000000000,8
950,75,12.6431678522,240015680.0000000000,4
950,76,12.6477492135,240023520.0000000000,11
950,77,12.6449566137,240016112.0000000000,8
950,78,11.6526610006,240009456.0000000000,12
950,79,12.7047738938,240033984.0000000000,13
950,80,12.6155688899,240005344.0000000000,3
950,81,11.4411614917,216058704.0000000000,14
950,82,11.4368014285,216074000.0000000000,16
950,83,11.4466457495,215678832.0000000000,13
950,84,4.5662350579,89721248.0000000000,23
950,85,4.1196712469,89809488.0000000000,1
950,86,3.5333684026,89820704.0000000000,0
950,87,4.5351535777,89823760.0000000000,21
950,88,4.4477031121,89827360.0000000000,16
950,89,4.1882136253,89816976.0000000000,2
950,90,4.4224159064,89839264.0000000000,8
950,91,4.3754145952,89818512.0000000000,7
950,92,4.3686312454,89825920.0000000000,18
950,93,3.9420591966,80878080.0000000000,6
950,94,3.8525649552,80881392.0000000000,5
950,95,3.4607101342,80773376.0000000000,22
950,96,0.8004259016,30347312.0000000000,16
950,97,0.8379191285,30347312.0000000000,14
950,98,0.8452723676,30347312.0000000000,13
950,99,0.8453337023,30347312.0000000000,13
950,100,0.8280258535,30347312.0000000000,0
950,101,0.7947712659,30347312.0000000000,21
950,102,0.9185993425,30347312.0000000000,9
950,103,0.8421930063,30347312.0000000000,10
950,104,0.8064279600,30347312.0000000000,0
950,105,0.6678103522,27355696.0000000000,1
950,106,0.6334328044,27355696.0000000000,17
950,107,0.7381740296,27355696.0000000000,21
950,108,0.8036399182,30347312.0000000000,9
950,109,0.7570878685,30347312.0000000000,20
950,110,0.8005625884,30347312.0000000000,17
950,111,0.8432285816,30347312.0000000000,10
950,112,0.7808627620,30347312.0000000000,7
950,113,0.8006500515,30347312.0000000000,13
950,114,0.7920894909,30347312.0000000000,16
950,115,0.7685803952,30347312.0000000000,8
950,116,0.8155129788,30347312.0000000000,15
950,117,0.6307896992,27355696.0000000000,2
950,118,0.7199688035,27355696.0000000000,8
950,119,0.6382644441,27355696.0000000000,23
950,120,0.8563179600,30347312.0000000000,6
950,121,0.8356962685,30347312.0000000000,9
950,122,0.8112119433,30347312.0000000000,23
950,123,0.8350424026,30347312.0000000000,10
950,124,0.8781327671,30347312.0000000000,14
950,125,0.8369143164,30347312.0000000000,3
950,126,0.6998858706,30347312.0000000000,0
950,127,0.7648572172,30347312.0000000000,20
950,128,0.7848282283,30347312.0000000000,16
950,129,0.6380304373,27355696.0000000000,0
950,130,0.7716956994,27355696.0000000000,11
950,131,0.7928616607,27355696.0000000000,13
950,132,0.8433753005,30347312.0000000000,13
950,133,0.7579336663,30347312.0000000000,5
950,134,0.8094410197,30347312.0000000000,23
950,135,0.8373009554,30347312.0000000000,3
950,136,0.8346237884,30347312.0000000000,5
950,137,0.8661965138,30347312.0000000000,2
950,138,0.8242092196,30347312.0000000000,1
950,139,0.7776673301,30347312.0000000000,16
950,140,0.7997108241,30347312.0000000000,19
950,141,0.6696197346,27355696.0000000000,1
950,142,0.7420329851,27355696.0000000000,18
950,143,0.7318417615,27355696.0000000000,6
950,144,0.8307311762,30347312.0000000000,7
950,145,0.7916953876,30347312.0000000000,22
950,146,0.7681894886,30347312.0000000000,8
950,147,0.8038662127,30347312.0000000000,21
950,148,0.9176555894,30347312.0000000000,19
950,149,0.8056518336,30347312.0000000000,18
950,150,0.7591620200,30347312.0000000000,12
950,151,0.7555584608,30347312.0000000000,8
950,152,0.8387827155,30347312.0000000000,14
950,153,0.6334143178,27355696.0000000000,4
950,154,0.6633648426,27355696.0000000000,16
950,155,0.6268507603,27355696.0000000000,18
950,156,0.7741743844,30347312.0000000000,20
950,157,0.7047770657,30347312.0000000000,16
950,158,0.7443809916,30347312.0000000000,8
950,159,0.8065028941,30347312.0000000000,22
950,160,0.7441962034,30347312.0000000000,14
950,161,0.8402132930,30347312.0000000000,3
950,162,0.6905136332,30347312.0000000000,13
950,163,0.8494753072,30347312.0000000000,2
950,164,0.7017369146,30347312.0000000000,8
950,165,0.7605442781,27355696.0000000000,15
950,166,0.7737454743,27355696.0000000000,14
950,167,0.6506615299,27355696.0000000000,4
950,168,0.8104795525,30347312.0000000000,1
950,169,0.7546629007,30347312.0000000000,12
950,170,0.8023528290,30347312.0000000000,5
950,171,0.8480179198,30347312.0000000000,2
950,172,0.7426157943,30347312.0000000000,0
950,173,0.7622702954,30347312.0000000000,4
950,174,0.7967168579,30347312.0000000000,1
950,175,0.9145749081,30347312.0000000000,22
950,176,0.8369507562,30347312.0000000000,7
950,177,0.7142833031,27355696.0000000000,7
950,178,0.7293125332,27355696.0000000000,7
950,179,0.6371522591,27355696.0000000000,11
950,180,0.7986297274,30347312.0000000000,21
950,181,0.8999768019,30347312.0000000000,3
950,182,0.8431363872,30347312.0000000000,7
950,183,0.8110822338,30347312.0000000000,21
950,184,0.7607570789,30347312.0000000000,16
950,185,0.7558474754,30347312.0000000000,20
950,186,0.8054064331,30347312.0000000000,19
950,187,0.7953826116,30347312.0000000000,23
950,188,0.7676554368,30347312.0000000000,1
950,189,0.7364048348,27355696.0000000000,17
950,190,0.7309095325,27355696.0000000000,2
950,191,0.7510138197,27355696.0000000000,18
950,192,0.8783359002,30347312.0000000000,10
950,193,0.8532975206,30347312.0000000000,7
950,194,0.8194799261,30347312.0000000000,3
950,195,0.7900868427,30347312.0000000000,5
950,196,0.9427089634,30347312.0000000000,11
950,197,0.8201722887,30347312.0000000000,15
950,198,0.8105024677,30347312.0000000000,14
950,199,0.8277565996,30347312.0000000000,2
950,200,0.6252807137,30347312.0000000000,0
950,201,0.6502011358,27355696.0000000000,1
950,202,0.6372911782,27355696.0000000000,4
950,203,0.6417273448,27355696.0000000000,0
950,204,0.6405766797,30347312.0000000000,0
950,205,0.8259778361,30347312.0000000000,11
950,206,0.8186311928,30347312.0000000000,6
950,207,0.7793683245,30347312.0000000000,2
950,208,0.8039114837,30347312.0000000000,20
950,209,0.7707270854,30347312.0000000000,15
950,210,0.8016160003,30347312.0000000000,6
950,211,0.8720059572,30347312.0000000000,3
950,212,0.7637360770,30347312.0000000000,12
950,213,0.7433376010,27355696.0000000000,22
950,214,0.6461694035,27355696.0000000000,3
950,215,0.7502893203,27355696.0000000000,6
950,216,0.6223853420,30347312.0000000000,8
950,217,0.8364215540,30347312.0000000000,6
950,218,0.8052736932,30347312.0000000000,22
950,219,0.7395354569,30347312.0000000000,14
950,220,0.6957907382,30347312.0000000000,23
950,221,0.5563861263,30347312.0000000000,0
950,222,0.8304905653,30347312.0000000000,13
950,223,0.7934351770,30347312.0000000000,18
950,224,0.7962680541,30347312.0000000000,19
950,225,0.5671676680,27355696.0000000000,13
950,226,0.6862594412,27355696.0000000000,3
950,227,0.6491024221,27355696.0000000000,4
950,228,0.7519173249,30347312.0000000000,2
950,229,0.8036212055,30347312.0000000000,22
950,230,0.7446707013,30347312.0000000000,20
950,231,0.8392709786,30347312.0000000000,15
950,232,0.6482251523,30347312.0000000000,3
950,233,0.6869152420,30347312.0000000000,21
950,234,0.7369431140,30347312.0000000000,1
950,235,0.8446767320,30347312.0000000000,9
950,236,0.5975217898,30347312.0000000000,14
950,237,0.7098326448,27355696.0000000000,12
950,238,0.7402734858,27355696.0000000000,10
950,239,0.7423405799,27355696.0000000000,6
950,240,0.7653489722,30347312.0000000000,12
950,241,0.8068958168,30347312.0000000000,5
950,242,0.6761638120,30347312.0000000000,22
950,243,0.8088127714,30347312.0000000000,5
950,244,0.8045172356,30347312.0000000000,18
950,245,0.5210985794,30347312.0000000000,13
950,246,0.5542057756,30347312.0000000000,14
950,247,0.8826895786,30347312.0000000000,7
950,248,0.8427344702,30347312.0000000000,9
950,249,0.6075657513,27355696.0000000000,1
950,250,0.6259578065,27355696.0000000000,17
950,251,0.6956091409,27355696.0000000000,4
950,252,0.8431318634,30347312.0000000000,23
950,253,0.8014202374,30347312.0000000000,19
950,254,0.7448693479,30347312.0000000000,6
950,255,0.9174991891,30347312.0000000000,17
950,256,0.8109336354,30347312.0000000000,15
950,257,0.8560283538,30347312.0000000000,5
950,258,0.8257094968,30347312.0000000000,11
950,259,0.5698833355,30347312.0000000000,21
950,260,0.7751029306,30347312.0000000000,5
950,261,0.7900645544,27355696.0000000000,9
950,262,0.5585638777,27355696.0000000000,23
950,263,0.5880550797,27355696.0000000000,4
950,264,0.6402985105,30347312.0000000000,21
950,265,0.5020225372,30347312.0000000000,3
950,266,0.5205798593,30347312.0000000000,23
950,267,0.8044084745,30347312.0000000000,18
950,268,0.8403592586,30347312.0000000000,9
950,269,0.7648977432,30347312.0000000000,12
950,270,0.8453638557,30347312.0000000000,10
950,271,0.5452993194,30347312.0000000000,8
950,272,0.8029894093,30347312.0000000000,17
950,273,0.6414669094,27355696.0000000000,11
950,274,0.6340885491,27355696.0000000000,17
950,275,0.6324636623,27355696.0000000000,19
