step,avg_time
1,1.065863878
2,0.885636933
3,0.824937375
4,0.815879739
5,0.7997074114
6,0.783864857
7,0.7725342663
8,0.7870423506
9,0.7821195882
10,0.7756223693
11,0.7706538171
12,0.7671200152
13,0.7664777345
14,0.7639537687
15,0.7618268371
16,0.7601866105
17,0.7605154496
18,0.7591229065
19,0.7579301975
20,0.7570116881
21,0.7575412621
22,0.756640029
23,0.7558345755
24,0.7552076716
25,0.7557608546
26,0.755102737
27,0.7544852
28,0.7540119388
29,0.7545469847
30,0.7540074497
31,0.75351758
32,0.7531627639
33,0.7536591947
34,0.7531814656
35,0.7527660913
36,0.7524435415
37,0.7529162589
38,0.7525204499
39,0.7521700585
40,0.7518917524
41,0.7523219066
42,0.7519666917
43,0.7516550942
44,0.7514054038
45,0.7518170376
46,0.7515217202
47,0.7512512685
48,0.7510383698
49,0.7514181429
50,0.7511362451
51,0.7508875473
52,0.7506995872
53,0.7510593274
54,0.7508102313
55,0.7505753425
56,0.7504072248
57,0.7507465362
58,0.7505211916
59,0.7503210517
60,0.7501698776
61,0.7505074969
62,0.7503116474
63,0.7501458708
64,0.7500021486
65,0.7503119055
66,0.7501261032
67,0.7499573782
68,0.7498224526
69,0.7501310711
70,0.7499624248
71,0.7497999683
72,0.7496697285
73,0.7499548145
74,0.749800893
75,0.7496592647
76,0.7495448761
77,0.7498276061
78,0.7496906232
79,0.7495513082
80,0.7494459038
81,0.749715259
82,0.749583078
83,0.7494527003
84,0.749357783
85,0.7496149336
86,0.7495044408
87,0.7493878938
88,0.7493092896
89,0.7495603706
90,0.7494470315
91,0.749335656
92,0.7492852227
93,0.7495254379
94,0.7494252593
95,0.7493216859
96,0.759690824
97,0.772386517
98,0.7847697882
99,0.7968983114
100,0.8499289225
101,0.850484041
102,0.8466576705
103,0.8429044994
104,0.8393755698
105,0.8357493781
106,0.8322207249
107,0.8287417993
108,0.8254737619
109,0.822131506
110,0.8188388562
111,0.8156136617
112,0.8125767395
113,0.8094435455
114,0.8063799544
115,0.8033681617
116,0.8005446462
117,0.7976207357
118,0.7947595582
119,0.7919454392
120,0.7893298104
121,0.786595415
122,0.7839290197
123,0.7812952088
124,0.7788339163
125,0.7762704408
126,0.7737602482
127,0.7712895904
128,0.7689790048
129,0.7665799044
130,0.7642197562
131,0.7618959598
132,0.7597279438
133,0.7574634851
134,0.755242552
135,0.7530519869
136,0.7510124423
137,0.748876377
138,0.7467822673
139,0.7447186437
140,0.7427981142
141,0.7407815702
142,0.7388038326
143,0.736853085
144,0.7350369849
145,0.7331311949
146,0.7312610311
147,0.7294141712
148,0.7277009557
149,0.7258977159
150,0.7241292775
151,0.7223834007
152,0.7207588884
153,0.719046007
154,0.7173601202
155,0.7156990278
156,0.7141657399
157,0.7125379374
158,0.710937861
159,0.7093584006
160,0.7078995825
161,0.7063545194
162,0.7048373505
163,0.7033347159
164,0.7019536813
165,0.7004798835
166,0.699031007
167,0.6975975241
168,0.6962780868
169,0.69487079
170,0.6934897276
171,0.69212306
172,0.6908651735
173,0.6914165619
174,0.6900860026
175,0.6887700209
176,0.6875632524
177,0.6862681917
178,0.6850004933
179,0.6837428291
180,0.6825869191
181,0.6813489857
182,0.6801314732
183,0.6789265392
184,0.6778216294
185,0.6766360423
186,0.6754721098
187,0.6743209198
188,0.67326576
189,0.6721315728
190,0.6710145472
191,0.6699076137
192,0.6688948985
193,0.6678059634
194,0.6667339632
195,0.6656721318
196,0.6661839537
197,0.6672035613
198,0.6682143118
199,0.6692157517
200,0.6834305752
201,0.6828870562
202,0.6817838073
203,0.6806910882
204,0.6796887037
205,0.6786105728
206,0.6775487019
207,0.6765002779
208,0.6755335798
209,0.6744964036
210,0.6734741405
211,0.6724648865
212,0.6715353296
213,0.670535796
214,0.6695515515
215,0.668576368
216,0.6676860681
217,0.6667229977
218,0.6657742376
219,0.6648370686
220,0.6639773195
221,0.6630478902
222,0.6621343911
223,0.6612269008
224,0.6603996918
225,0.6595066575
226,0.6586248932
227,0.657749912
228,0.6569508643
229,0.6560849452
230,0.6552325489
231,0.6543868117
232,0.6536191711
233,0.6527820713
234,0.6519579399
235,0.6511408061
236,0.650397112
237,0.649589431
238,0.6487937668
239,0.6480037981
240,0.6472852957
241,0.6465033777
242,0.6457327307
243,0.6449679514
244,0.6442855835
245,0.6435316827
246,0.6427858024
247,0.6420447709
248,0.6413731826
249,0.6406417875
250,0.6399195639
251,0.6392010354
252,0.6385521843
253,0.6378414416
254,0.6371407168
255,0.6364447769
256,0.6358170437
257,0.6351274391
258,0.634449915
259,0.633775982
260,0.6331709517
261,0.6325020709
262,0.6318464158
263,0.6311923128
264,0.6306039427
265,0.6299541421
266,0.6293147863
267,0.6286798208
268,0.6281107405
269,0.6274811835
270,0.6268621613
271,0.6262499472
272,0.6256985539
273,0.6250864862
274,0.6244829347
275,0.623884284
276,0.623347289
277,0.6227539571
278,0.6221679654
279,0.6215875727
280,0.6210667208
281,0.6204904028
282,0.6199211701
283,0.6193566843
284,0.6188506611
285,0.6182884475
286,0.617737015
287,0.6171868531
288,0.6166956195
289,0.6161493031
290,0.6156100788
291,0.615074902
292,0.6145977302
293,0.6140653189
294,0.6135398125
295,0.6130189687
296,0.613536861
297,0.6143937154
298,0.6152419936
299,0.6160847386
300,0.6260072323
301,0.6258392198
302,0.6252903299
303,0.6247450992
304,0.6242562349
305,0.6237153796
306,0.6231803
307,0.6226485775
308,0.6221710176
309,0.6216428393
310,0.6211253151
311,0.6206078158
312,0.6201434031
313,0.619628273
314,0.619121414
315,0.6186181683
316,0.6181667177
317,0.6176641292
318,0.6171681136
319,0.6166755215
320,0.616235254
321,0.6157442494
322,0.6152604298
323,0.6147805116
324,0.6143508231
325,0.6138721688
326,0.6134008783
327,0.612931849
328,0.6125161151
329,0.6120485119
330,0.6115882187
331,0.6111297195
332,0.6107225384
333,0.6102666
334,0.6098165087
335,0.6093693715
336,0.6089746686
337,0.6085288974
338,0.6080909823
339,0.607655051
340,0.6072669388
341,0.6068324499
342,0.6064040123
343,0.6059762162
344,0.6055973138
345,0.6051723823
346,0.60475414
347,0.6043376669
348,0.6039677365
349,0.6035517819
350,0.6031416193
351,0.6027334944
352,0.6023729897
353,0.6019676907
354,0.6015717442
355,0.601172882
356,0.6008210168
357,0.6004262205
358,0.6000338645
359,0.5996445877
360,0.5993004588
361,0.5989146755
362,0.5985309407
363,0.5981492034
364,0.5978132141
365,0.5974352619
366,0.5970601061
367,0.596688045
368,0.5963608812
369,0.595991063
370,0.5956227722
371,0.5952601581
372,0.5949386885
373,0.5945776516
374,0.5942175414
375,0.5938590873
376,0.59354382
377,0.5931909861
378,0.5928381554
379,0.5924866627
380,0.5921794642
381,0.5918320125
382,0.5914867585
383,0.5911430254
384,0.5908432818
385,0.5905040551
386,0.5901658163
387,0.5898298646
388,0.5895361008
389,0.5892036652
390,0.5888729738
391,0.5885431772
392,0.5882563324
393,0.5879311369
394,0.587606812
395,0.5872841968
396,0.5877409863
397,0.588446556
398,0.5891481833
399,0.5898465946
400,0.5981329914
401,0.5980776221
402,0.5977372301
403,0.5973985684
404,0.5970994673
405,0.5967623337
406,0.5964282899
407,0.5960922718
408,0.5957992709
409,0.5954690028
410,0.5951401467
411,0.594812378
412,0.5945250836
413,0.5942014206
414,0.593879103
415,0.593556912
416,0.5932735977
417,0.5929540787
418,0.5926360464
419,0.5923205512
420,0.5920434041
421,0.5917303974
422,0.591417879
423,0.5911069647
424,0.5908360278
425,0.5905272457
426,0.5902206163
427,0.5899155769
428,0.5896488813
429,0.5893464511
430,0.5890455967
431,0.5887458458
432,0.5884845174
433,0.5881876765
434,0.5878920282
435,0.5875981442
436,0.5873416446
437,0.5870517547
438,0.5867607142
439,0.5864715327
440,0.5862188096
441,0.5859333081
442,0.5856484241
443,0.5853641577
444,0.5851182759
445,0.5848375882
446,0.5845574764
447,0.5842805658
448,0.5840393345
449,0.5837633681
450,0.58348855
451,0.583215299
452,0.5829769606
453,0.5827061265
454,0.5824358932
455,0.5821672568
456,0.5819334628
457,0.5816670201
458,0.5814009789
459,0.58113637
460,0.580906338
461,0.5806440352
462,0.5803848359
463,0.5801245588
464,0.5798989348
465,0.5796417213
466,0.5793842048
467,0.5791290107
468,0.5789085082
469,0.5786553613
470,0.5784025039
471,0.5781518974
472,0.577934791
473,0.5776859882
474,0.5774376282
475,0.577190254
476,0.5769775305
477,0.5767339238
478,0.5764889128
479,0.5762459037
480,0.5760363543
481,0.5757964691
482,0.5755553514
483,0.575315627
484,0.5751097457
485,0.5748732664
486,0.5746371108
487,0.5744024339
488,0.5742013073
489,0.5739686086
490,0.5737362526
491,0.5735049073
492,0.5733056386
493,0.5730767544
494,0.5728474647
495,0.5726193098
496,0.5730131984
497,0.5736065667
498,0.5741953994
499,0.5747836799
500,0.5807214813
501,0.5807094586
502,0.5804702997
503,0.5802300442
504,0.580024622
505,0.5797877318
506,0.5795504141
507,0.5793146974
508,0.5791105697
509,0.578876741
510,0.5786429857
511,0.5784103762
512,0.5782094118
513,0.5779800078
514,0.5777506166
515,0.5775223077
516,0.5773251346
517,0.5770988641
518,0.5768723983
519,0.5766469859
520,0.5764526449
521,0.576230231
522,0.5760078329
523,0.5757859925
524,0.5755946612
525,0.5753757952
526,0.5751558574
527,0.5749374318
528,0.5747497348
529,0.5745345076
530,0.5743179193
531,0.5741030401
532,0.5739182076
533,0.5737070975
534,0.5734949656
535,0.5732824841
536,0.5731004526
537,0.5728907434
538,0.5726808886
539,0.5724717595
540,0.5722932328
541,0.5720860085
542,0.5718787221
543,0.57167228
544,0.5714960011
545,0.5712921571
546,0.5710883926
547,0.5708864555
548,0.5707127826
549,0.5705119233
550,0.5703106963
551,0.5701103325
552,0.5699387071
553,0.569743201
554,0.5695455789
555,0.5693482772
556,0.5691796578
557,0.5689860173
558,0.5687907377
559,0.5685956713
560,0.5684303645
561,0.5682384545
562,0.5680455706
563,0.5678527762
564,0.5676886145
565,0.5675003193
566,0.5673098556
567,0.5671203186
568,0.5669593172
569,0.56677221
570,0.5665855061
571,0.5664001882
572,0.5662418642
573,0.566058201
574,0.5658731724
575,0.5656891221
576,0.5655332271
577,0.5653513341
578,0.5651686535
579,0.5649875388
580,0.5648335145
581,0.564654893
582,0.5644750524
583,0.5642959455
584,0.5641450828
585,0.5639681885
586,0.5637910676
587,0.5636135357
588,0.5634636659
589,0.5632893215
590,0.5631152002
591,0.5629402605
592,0.5627931555
593,0.5626212389
594,0.5624482698
595,0.5622756451
596,0.5626221997
597,0.5631320469
598,0.5636404741
599,0.5641482428
600,0.5691370714
601,0.5691473599
602,0.5689663786
603,0.5687855401
604,0.5686314472
605,0.5684551534
606,0.5682763733
607,0.5680980903
608,0.5679458502
609,0.5677725679
610,0.5675960121
611,0.5674191945
612,0.5672700514
613,0.5671006381
614,0.5669264542
615,0.5667526565
616,0.5666047561
617,0.5664383692
618,0.5662663534
619,0.5660950488
620,0.5659490989
621,0.5657845693
622,0.5656145894
623,0.5654454296
624,0.5653022391
625,0.565138805
626,0.5649720882
627,0.564804482
628,0.5646627757
629,0.5645010798
630,0.5643346178
631,0.5641686367
632,0.5640281864
633,0.5638691933
634,0.5637051172
635,0.5635424158
636,0.5634048585
637,0.5632484759
638,0.5630863866
639,0.5629252735
640,0.5627887991
641,0.5626345726
642,0.5624746281
643,0.56231542
644,0.5621811159
645,0.5620274705
646,0.5618694449
647,0.561711918
648,0.5615793764
649,0.5614278786
650,0.5612719591
651,0.5611160511
652,0.5609849019
653,0.5608356379
654,0.5606808409
655,0.5605271756
656,0.5603982838
657,0.5602506633
658,0.5600979231
659,0.5599457162
660,0.5598184121
661,0.5596728273
662,0.5595220591
663,0.5593715755
664,0.5592462473
665,0.5591007003
666,0.5589519392
667,0.5588036552
668,0.5586797323
669,0.5585355395
670,0.5583885363
671,0.558242786
672,0.5581206927
673,0.5579792149
674,0.5578334495
675,0.5576885157
676,0.5575677095
677,0.5574280009
678,0.5572840502
679,0.5571416931
680,0.5570217936
681,0.5568841696
682,0.5567421911
683,0.5566001451
684,0.5564816625
685,0.556344468
686,0.5562039583
687,0.5560639554
688,0.5559473367
689,0.5558118994
690,0.5556733839
691,0.5555350181
692,0.5554214494
693,0.5552885298
694,0.5551510271
695,0.5550137194
696,0.5553237558
697,0.55577097
698,0.5562173069
699,0.5566625848
700,0.5611658415
701,0.5611865108
702,0.5610434973
703,0.5609000473
704,0.5607795606
705,0.5606406149
706,0.5604979862
707,0.5603555798
708,0.5602360594
709,0.5600989681
710,0.5599578356
711,0.5598169615
712,0.5596989462
713,0.5595634845
714,0.5594238734
715,0.5592845835
716,0.5591678788
717,0.5590338714
718,0.5588957474
719,0.5587581345
720,0.5586425966
721,0.5585112739
722,0.5583747823
723,0.5582386668
724,0.5581246625
725,0.557992501
726,0.5578576536
727,0.5577235735
728,0.557610904
729,0.5574798737
730,0.5573460301
731,0.5572126898
732,0.5571014468
733,0.55697297
734,0.5568407606
735,0.5567084563
736,0.5565981705
737,0.5564702554
738,0.5563395026
739,0.5562090602
740,0.5561001348
741,0.5559730074
742,0.5558437215
743,0.5557145034
744,0.5556069536
745,0.555481443
746,0.5553538843
747,0.5552265911
748,0.5551212797
749,0.5549973143
750,0.5548703999
751,0.5547447931
752,0.554640174
753,0.5545166889
754,0.5543913461
755,0.5542667715
756,0.5541628765
757,0.5540410527
758,0.5539174018
759,0.5537936182
760,0.553691559
761,0.5535707352
762,0.5534481087
763,0.553325774
764,0.5532254427
765,0.5531057033
766,0.5529842539
767,0.5528631551
768,0.5527635788
769,0.5526460204
770,0.5525265552
771,0.55240685
772,0.5523085223
773,0.5521930985
774,0.5520751303
775,0.551956837
776,0.551860388
777,0.5517448595
778,0.5516274525
779,0.5515102074
780,0.5514139882
781,0.5513003172
782,0.5511838233
783,0.5510677643
784,0.5509729694
785,0.5508605414
786,0.5507455467
787,0.5506304929
788,0.5505365117
789,0.5504252365
790,0.5503116635
791,0.5501987111
792,0.5501068037
793,0.549996826
794,0.5498841243
795,0.5497720145
796,0.5500508026
797,0.5504504668
798,0.5508488971
799,0.5512460729
800,0.5550427754
801,0.5550713912
802,0.5549536934
803,0.5548359511
804,0.5547394566
805,0.5546256733
806,0.5545088652
807,0.5543919318
808,0.5542956818
809,0.55418199
810,0.5540669606
811,0.5539515469
812,0.5538566054
813,0.5537444087
814,0.5536305398
815,0.5535175203
816,0.5534238008
817,0.5533132142
818,0.5536430127
819,0.5535295651
820,0.5534361382
821,0.5533268306
822,0.5532142191
823,0.5531021252
824,0.5530098782
825,0.5529019304
826,0.5527905882
827,0.552679494
828,0.5525879781
829,0.552480499
830,0.5523698151
831,0.5522598891
832,0.5521693782
833,0.5520629053
834,0.5519537203
835,0.551844477
836,0.551754974
837,0.5516498257
838,0.55154162
839,0.5514335806
840,0.5513453646
841,0.5512419554
842,0.5511345237
843,0.551027386
844,0.5509397472
845,0.5508365312
846,0.5507300728
847,0.5506242537
848,0.5505379928
849,0.5504341535
850,0.5503287282
851,0.5502238203
852,0.5501384842
853,0.5500356616
854,0.5499312904
855,0.5498270485
856,0.5497426815
857,0.5496408394
858,0.5495379585
859,0.5494347021
860,0.5493512825
861,0.5492504255
862,0.5491481095
863,0.5490463939
864,0.5489631141
865,0.548863078
866,0.5487617595
867,0.548660955
868,0.5485788788
869,0.5484809531
870,0.5483804994
871,0.5482806676
872,0.5481999228
873,0.5481012542
874,0.5480019017
875,0.5479029813
876,0.5478231931
877,0.5477247756
878,0.5476270378
879,0.5475288681
880,0.5474520272
881,0.5473556484
882,0.5472594806
883,0.5471634272
884,0.5470878146
885,0.5469922224
886,0.5468966072
887,0.5468015707
888,0.5467259644
889,0.5466310311
890,0.5465365056
891,0.5464423435
892,0.5463682601
893,0.5462748706
894,0.5461811627
895,0.5460876612
896,0.5463427468
897,0.5467076812
898,0.5470717845
899,0.5474351158
900,0.5507605922
901,0.5507939425
902,0.5506966438
903,0.5505998841
904,0.5505226085
905,0.5504254679
906,0.5503292009
907,0.5502337325
908,0.5501570794
909,0.5500607639
910,0.5499650844
911,0.5498704959
912,0.5497942367
913,0.5496988404
914,0.5496042453
915,0.5495097905
916,0.5494343683
917,0.5493403055
918,0.5492469431
919,0.5491541796
920,0.5490808538
921,0.548988908
922,0.548897827
923,0.5488064218
924,0.54873449
925,0.548644956
926,0.5485550081
927,0.5484653188
928,0.5483942388
929,0.5483045039
930,0.5482148878
931,0.5481256514
932,0.5480553027
933,0.5479661524
934,0.5478776586
935,0.5477900827
936,0.547720889
937,0.5476326744
938,0.5475453545
939,0.5474583406
940,0.5473902812
941,0.5473031348
942,0.5472161942
943,0.5471298307
944,0.547061924
945,0.5469758124
946,0.5468907498
947,0.5468054506
948,0.5467382091
949,0.546653023
950,0.5465679547
951,0.5464831118
952,0.5464165611
953,0.546331808
954,0.5462476392
955,0.5461635832
956,0.5460989192
957,0.5460157908
958,0.5459337095
959,0.5458519781
960,0.5457883851
961,0.5457065624
962,0.5456252887
963,0.5455440035
964,0.5454813705
965,0.5454000815
966,0.5453194049
967,0.545238864
968,0.5451767548
969,0.5450973348
970,0.5450177875
971,0.5449377176
972,0.544876487
973,0.5447973078
974,0.5450520249
975,0.5449723977
976,0.5449108328
977,0.5448313991
978,0.5447525212
979,0.5446740022
980,0.5446129362
981,0.5445337955
982,0.544455638
983,0.5443774231
984,0.5443166183
985,0.5442395297
986,0.5441620695
987,0.5440851801
988,0.5440253264
989,0.5439489521
990,0.5438722636
991,0.5437957281
992,0.5437362212
993,0.5436597587
994,0.543583445
995,0.5435072105
996,0.5437462511
997,0.5440869481
998,0.5444269227
999,0.5447667215
1000,0.5478076916
1001,0.5478469976
1002,0.5477669891
1003,0.5476876953
1004,0.5476250946
1005,0.5475452764
1006,0.5474663386
1007,0.5473877427
1008,0.5473260434
1009,0.5472478192
1010,0.5471693909
1011,0.5470913102
1012,0.5470304561
1013,0.5469525538
1014,0.5468749108
1015,0.5467971248
1016,0.5467369202
1017,0.5466592094
1018,0.5465827006
1019,0.546506099
1020,0.546446335
1021,0.5463687127
1022,0.5462922473
1023,0.5462161149
1024,0.5461570388
1025,0.5460811356
1026,0.5460054027
1027,0.5459299147
1028,0.5458710919
1029,0.5457952867
1030,0.5457204153
1031,0.5456454454
1032,0.5455875185
1033,0.5455126383
1034,0.5454391489
1035,0.5453659979
1036,0.545310048
1037,0.5452368262
1038,0.5451641869
1039,0.5450921113
1040,0.5450364091
1041,0.5449633328
1042,0.5448909643
1043,0.5448189135
1044,0.5447638617
1045,0.5446913339
1046,0.5446197974
1047,0.5445484426
1048,0.5444938603
1049,0.5444216973
1050,0.5443505323
1051,0.5442794273
1052,0.5442251007
1053,0.5441541639
1054,0.5440841959
1055,0.544014395
1056,0.5439607728
1057,0.5438898384
1058,0.5438201904
1059,0.5437502227
1060,0.5436967827
1061,0.5436276413
1062,0.5435583601
1063,0.5434891362
1064,0.5434360236
1065,0.5433668351
1066,0.5432979285
1067,0.5432299515
1068,0.5431776544
1069,0.5431080998
1070,0.5430398184
1071,0.5429716417
1072,0.542919458
1073,0.5428509095
1074,0.5427832223
1075,0.5427157075
1076,0.5426644498
1077,0.5425961206
1078,0.5425290944
1079,0.5424625884
1080,0.5424119156
1081,0.5423443928
1082,0.5422777513
1083,0.5422113259
1084,0.5421608869
1085,0.5420937956
1086,0.5420274261
1087,0.5419615655
1088,0.5419118158
1089,0.5418452242
1090,0.5417794656
1091,0.5417144917
1092,0.5416650263
1093,0.5415988441
1094,0.5415336789
1095,0.5414687441
1096,0.5416905456
1097,0.5420063782
1098,0.5423215654
1099,0.5426359895
1100,0.5453825658
1101,0.5454232507
1102,0.5453554061
1103,0.5452875946
1104,0.5452354528
1105,0.5451669532
1106,0.5450997502
1107,0.5450331865
1108,0.5449819945
1109,0.5449140465
1110,0.544847265
1111,0.5447804921
1112,0.5447298129
1113,0.5446628362
1114,0.5445967075
1115,0.5445304347
1116,0.5444796913
1117,0.5444127961
1118,0.5443468187
1119,0.5442811774
1120,0.5442309297
1121,0.544164795
1122,0.5440997043
1123,0.5440344949
1124,0.5439848784
1125,0.543919493
1126,0.5438548837
1127,0.5437902683
1128,0.5437409634
1129,0.5436758406
1130,0.5436117443
1131,0.5435475926
1132,0.5434988345
1133,0.5434339795
1134,0.543370167
1135,0.5433065781
1136,0.5432581115
1137,0.5431942525
1138,0.5431318189
1139,0.5430699084
1140,0.5430228749
1141,0.5429596835
1142,0.5428978189
1143,0.5428362074
1144,0.5427899839
1145,0.5427272516
1146,0.5426658165
1147,0.5426047439
1148,0.542558471
1149,0.5424960985
1150,0.5424353775
1151,0.542374625
1152,0.5423294943
1153,0.5422675677
1154,0.5422068277
1155,0.5421468481
1156,0.5421013803
1157,0.5420401742
1158,0.5419802658
1159,0.5419204459
1160,0.5418753947
1161,0.5418148385
1162,0.5417554166
1163,0.5416961583
1164,0.5416520418
1165,0.5415920263
1166,0.541533074
1167,0.5414739598
1168,0.5414294843
1169,0.5413693865
1170,0.5413103783
1171,0.5412519809
1172,0.541208669
1173,0.5411494077
1174,0.5410911635
1175,0.5410328936
1176,0.5409893859
1177,0.5409305586
1178,0.5408723977
1179,0.5408149211
1180,0.5407715769
1181,0.5407129536
1182,0.5406551573
1183,0.5405977638
1184,0.5405547825
1185,0.5404965108
1186,0.5404395296
1187,0.5403825286
1188,0.5403400497
1189,0.540282076
1190,0.5402257813
1191,0.5401695173
1192,0.5401273302
1193,0.5400703826
1194,0.5400139995
1195,0.5399578763
1196,0.5401647429
1197,0.5404593798
1198,0.5407525902
1199,0.5410455854
1200,0.5435394388
1201,0.5435807798
1202,0.5435219629
1203,0.5434634088
1204,0.543419052
1205,0.5433596024
1206,0.5433016256
1207,0.543243385
1208,0.5431992422
1209,0.5431407144
1210,0.5430826862
1211,0.5430248874
1212,0.5429813895
1213,0.542922764
1214,0.5428653168
1215,0.5428079335
1216,0.5427648349
1217,0.5427065417
1218,0.5426498554
1219,0.5425928981
1220,0.5425497632
1221,0.5424918229
1222,0.5424350877
1223,0.5423784585
1224,0.5423357701
1225,0.5422780047
1226,0.5422218343
1227,0.5421655122
1228,0.542123036
1229,0.5420662576
1230,0.5420105331
1231,0.5419549787
1232,0.5419132647
1233,0.5418566204
1234,0.5418008684
1235,0.5417453706
1236,0.5417037211
1237,0.5416476226
1238,0.5415924391
1239,0.5415374018
1240,0.5414963807
1241,0.5414404809
1242,0.5413859968
1243,0.5413311177
1244,0.54129037
1245,0.5412346258
1246,0.541180326
1247,0.541126113
1248,0.5410859473
1249,0.5410308255
1250,0.5409768729
1251,0.5409226896
1252,0.5408823352
1253,0.5408274813
1254,0.5407736357
1255,0.5407200683
1256,0.5406803394
1257,0.5406261342
1258,0.5405728663
1259,0.5405197106
1260,0.5404804078
1261,0.5404267965
1262,0.5403741221
1263,0.5403215527
1264,0.5402825591
1265,0.5402298033
1266,0.5401778151
1267,0.5403884776
1268,0.5403503239
1269,0.5402975746
1270,0.540246016
1271,0.5401945456
1272,0.5401569949
1273,0.5401047383
1274,0.5400536139
1275,0.5400026668
1276,0.5399649242
1277,0.5399129329
1278,0.5398621751
1279,0.5398118178
1280,0.5397745583
1281,0.5397230492
1282,0.539673465
1283,0.539623052
1284,0.5395860755
1285,0.539534882
1286,0.5394847124
1287,0.5394350821
1288,0.5393985916
1289,0.5393476325
1290,0.5392979446
1291,0.5392481761
1292,0.53921153
1293,0.5391609432
1294,0.5391117241
1295,0.5390623022
1296,0.5392561882
1297,0.5395310716
1298,0.5398053939
1299,0.5400794297
1300,0.5423617746
1301,0.5424021915
1302,0.5423499303
1303,0.5422975392
1304,0.5422584767
1305,0.5422056134
1306,0.5421542786
1307,0.5421026589
1308,0.542063816
1309,0.5420109008
1310,0.5419594086
1311,0.5419079106
1312,0.5418696392
1313,0.5418172614
1314,0.5417660617
1315,0.5417151846
1316,0.5416773787
1317,0.5416251737
1318,0.5415740585
1319,0.5415234222
1320,0.5414855223
1321,0.5414341264
1322,0.5413837834
1323,0.5413333417
1324,0.5412966792
1325,0.541245462
1326,0.5411951295
1327,0.5411451439
1328,0.5411077777
1329,0.5410567426
1330,0.5410069016
1331,0.5409574913
1332,0.5409205407
1333,0.540869562
1334,0.5408200702
1335,0.540770691
1336,0.5407341869
1337,0.5406836295
1338,0.5406342136
1339,0.5405847336
1340,0.5405482938
1341,0.5404981716
1342,0.5404489867
1343,0.5404003513
1344,0.540364282
1345,0.5403143398
1346,0.5402656353
1347,0.5402173535
1348,0.54018179
1349,0.5401327799
1350,0.5400844303
1351,0.5400361892
1352,0.5400005312
1353,0.5399511908
1354,0.5399029511
1355,0.5398549051
1356,0.5398193216
1357,0.5397704303
1358,0.5397228113
1359,0.5396751623
1360,0.5396398971
1361,0.5395913936
1362,0.5395436442
1363,0.5394965272
1364,0.5394617564
1365,0.5394135218
1366,0.5393660778
1367,0.5393188304
1368,0.5392841625
1369,0.5392360007
1370,0.5391888244
1371,0.5391416592
1372,0.5391072979
1373,0.5390594299
1374,0.5390125298
1375,0.5389661407
1376,0.5389320785
1377,0.5388841292
1378,0.5388376503
1379,0.538791722
1380,0.5387578379
1381,0.5387103716
1382,0.5386642991
1383,0.5386184803
1384,0.5385849655
1385,0.5385376723
1386,0.5384917116
1387,0.5384458109
1388,0.5384122447
1389,0.5383655394
1390,0.5383199314
1391,0.5382744746
1392,0.5382412023
1393,0.5381946442
1394,0.538149028
1395,0.5381037577
1396,0.5382847388
1397,0.5385408692
1398,0.5387975957
1399,0.5390539666
1400,0.5412232852
1401,0.5412625545
1402,0.5412152775
1403,0.5411684611
1404,0.5411334861
1405,0.5410852154
1406,0.5410384542
1407,0.5409921999
1408,0.5409574608
1409,0.5409099266
1410,0.5408631896
1411,0.5408168994
1412,0.5407824854
1413,0.5407347658
1414,0.5406884055
1415,0.5406422469
1416,0.5406081779
1417,0.5405607656
1418,0.5405145384
1419,0.5404684077
1420,0.540434329
1421,0.5403872961
1422,0.5403412637
1423,0.5402954538
1424,0.540262375
1425,0.5402160611
1426,0.5401704498
1427,0.5401250509
1428,0.5400920606
1429,0.5400457256
1430,0.5400004621
1431,0.5399554414
1432,0.5399226281
1433,0.5398767017
1434,0.539831873
1435,0.5397874658
1436,0.5397546502
1437,0.5397087155
1438,0.539664058
1439,0.5396196588
1440,0.5395873506
1441,0.5395416905
1442,0.5394972449
1443,0.5394529308
1444,0.5394208266
1445,0.5393753954
1446,0.5393312638
1447,0.5392871758
1448,0.5392553761
1449,0.5392105483
1450,0.5391666475
1451,0.5391228248
1452,0.5390909705
1453,0.5390463936
1454,0.5390030206
1455,0.53895977
1456,0.5389281356
1457,0.5388841825
1458,0.538840897
1459,0.5387976226
1460,0.5387660915
1461,0.5387224258
1462,0.5386792881
1463,0.5386364145
1464,0.5386052242
1465,0.5385615361
1466,0.5385193322
1467,0.5384766359
1468,0.5384454288
1469,0.5384018867
1470,0.5383593732
1471,0.5383168216
1472,0.5382859725
1473,0.5382430512
1474,0.5382010602
1475,0.538158831
1476,0.5381288802
1477,0.5380857756
1478,0.538043805
1479,0.5380018274
1480,0.5379714425
1481,0.5381755929
1482,0.5381342487
1483,0.5380932283
1484,0.5380638852
1485,0.5380221025
1486,0.5379812404
1487,0.5379403317
1488,0.5379110932
1489,0.537870003
1490,0.5378294376
1491,0.5377888258
1492,0.5377600567
1493,0.5377186761
1494,0.5376784067
1495,0.5376383263
1496,0.5378094566
1497,0.538051413
1498,0.5382930877
1499,0.5385345227
1500,0.5404890799
1501,0.5405278681
1502,0.5404858395
1503,0.5404438171
1504,0.5404133329
1505,0.5403707129
1506,0.5403290125
1507,0.5402875547
1508,0.5402579536
1509,0.5402154461
1510,0.5401742579
1511,0.5401330326
1512,0.540103073
1513,0.5400610044
1514,0.5400198505
1515,0.539978861
1516,0.5399491266
1517,0.539907102
1518,0.5398661893
1519,0.5398253367
1520,0.5397958546
1521,0.5397539113
1522,0.539713127
1523,0.5396728788
1524,0.5396434315
1525,0.5396017133
1526,0.5395613058
1527,0.5395209482
1528,0.5394918026
1529,0.5394502958
1530,0.5394099547
1531,0.5393697138
1532,0.5393408616
1533,0.5392997394
1534,0.53925953
1535,0.5392196155
1536,0.5391910384
1537,0.5391499395
1538,0.5391099078
1539,0.5390705168
1540,0.5390422277
1541,0.5390014857
1542,0.5389618377
1543,0.5389223861
1544,0.5388942042
1545,0.5388540354
1546,0.5388148567
1547,0.5387761535
1548,0.5387482945
1549,0.5387085733
1550,0.5386701982
1551,0.5386322647
1552,0.5386054737
1553,0.5385657557
1554,0.5385277373
1555,0.5384898156
1556,0.5384633912
1557,0.5384243762
1558,0.5383867451
1559,0.5383491472
1560,0.5383225914
1561,0.5382834126
1562,0.5382458362
1563,0.5382081796
1564,0.5381820958
1565,0.5381433163
1566,0.5381054893
1567,0.5380682282
1568,0.5380417975
1569,0.53800299
1570,0.5379656132
1571,0.5379283685
1572,0.5379020927
1573,0.5378634635
1574,0.5378262779
1575,0.5377890824
1576,0.5377632439
1577,0.5377249102
1578,0.537687625
1579,0.5376506343
1580,0.5376249757
1581,0.5375877113
1582,0.5375518115
1583,0.5375157188
1584,0.5374910231
1585,0.5374539136
1586,0.5374183323
1587,0.5373826184
1588,0.537358019
1589,0.5373211309
1590,0.5372859605
1591,0.5372505648
1592,0.5372263581
1593,0.5371897795
1594,0.537154982
1595,0.5371197623
1596,0.5372832671
1597,0.5375138711
1598,0.5377444358
1599,0.5379749162
1600,0.5398783318
1601,0.5399184788
1602,0.5398829167
1603,0.5398466925
1604,0.5398216787
1605,0.5397842745
1606,0.5397478104
1607,0.5397114909
1608,0.5396862756
1609,0.5396489062
1610,0.539612618
1611,0.5395764411
1612,0.5395514788
1613,0.5395143368
1614,0.5394784235
1615,0.5394432602
1616,0.5394184444
1617,0.5393814071
1618,0.5393457903
1619,0.5393102187
1620,0.5392856593
1621,0.5392489575
1622,0.5392137583
1623,0.5391785255
1624,0.5391543004
1625,0.5391181647
1626,0.5390830283
1627,0.5390479725
1628,0.5390236947
1629,0.5389874846
1630,0.5389530889
1631,0.5389183813
1632,0.5388944772
1633,0.5388582574
1634,0.5388234638
1635,0.5387888559
1636,0.5387651213
1637,0.5387293684
1638,0.5386946479
1639,0.5386605534
1640,0.5386368962
1641,0.5386012319
1642,0.5385667733
1643,0.5385331261
1644,0.5385105141
1645,0.5384757492
1646,0.5384423249
1647,0.5384089139
1648,0.5383864432
1649,0.5383521709
1650,0.5383190238
1651,0.5382859238
1652,0.538263813
1653,0.5382296285
1654,0.5381965956
1655,0.538164096
1656,0.5381423005
1657,0.5381086551
1658,0.5380759666
1659,0.5380436948
1660,0.5380220016
1661,0.5379889007
1662,0.5379564238
1663,0.5379242844
1664,0.5379031783
1665,0.5378700293
1666,0.5378387962
1667,0.5378079995
1668,0.5377883142
1669,0.5377560728
1670,0.5377251198
1671,0.537694243
1672,0.5376741892
1673,0.5376421794
1674,0.537611436
1675,0.5375811843
1676,0.5375614099
1677,0.537529798
1678,0.5374994038
1679,0.5374688985
1680,0.5374499015
1681,0.5374185585
1682,0.5373883314
1683,0.5373581139
1684,0.5373389911
1685,0.5373077738
1686,0.5372780282
1687,0.537248359
1688,0.5372296936
1689,0.5371989101
1690,0.5371695226
1691,0.5371399021
1692,0.5371213713
1693,0.537090473
1694,0.5370609089
1695,0.5370322256
1696,0.5371926645
1697,0.5374174052
1698,0.5376420817
1699,0.5378666009
1700,0.5407388892
1701,0.5407479981
1702,0.5406943208
1703,0.5406410155
1704,0.5405957849
1705,0.5405415297
1706,0.5404872202
1707,0.5404339986
1708,0.5403894345
1709,0.5403351986
1710,0.5402795234
1711,0.5402251081
1712,0.5401796072
1713,0.5401255381
1714,0.5400711749
1715,0.5400166162
1716,0.5399709522
1717,0.5399164913
1718,0.5398619108
1719,0.5398075454
1720,0.5397618394
1721,0.5397075617
1722,0.5396529844
1723,0.5395986493
1724,0.5395533629
1725,0.5394984006
1726,0.5394443671
1727,0.5393895995
1728,0.539344989
1729,0.5392914426
1730,0.5392371177
1731,0.5391834572
1732,0.5391386353
1733,0.5390856252
1734,0.5390324151
1735,0.5389790221
1736,0.5389350755
1737,0.5388808625
1738,0.5388281423
1739,0.538775441
1740,0.5387304327
1741,0.5386773718
1742,0.5386244415
1743,0.5385714698
1744,0.5385265505
1745,0.538474361
1746,0.538421357
1747,0.5383681476
1748,0.5383243032
1749,0.5382722038
1750,0.5382186318
1751,0.5381659439
1752,0.5381225963
1753,0.5380704863
1754,0.5380184041
1755,0.5379656325
1756,0.5379224499
1757,0.5378699698
1758,0.5378178216
1759,0.5377655386
1760,0.5377221604
1761,0.537670194
1762,0.5376173802
1763,0.5375656867
1764,0.5375226263
1765,0.5374716255
1766,0.5374198741
1767,0.5373685221
1768,0.5373257308
1769,0.5372739789
1770,0.5372226607
1771,0.5371713586
1772,0.5371296508
1773,0.5370801115
1774,0.537029061
1775,0.5369787083
1776,0.536937248
1777,0.5368869074
1778,0.5368366574
1779,0.5367862587
1780,0.5367448274
1781,0.5366946424
1782,0.5366445274
1783,0.5365942248
1784,0.5365527214
1785,0.5365026489
1786,0.536451753
1787,0.5364011224
1788,0.5363595438
1789,0.536309328
1790,0.536259563
1791,0.5362086221
1792,0.53616661
1793,0.536115779
1794,0.5360650856
1795,0.5360144585
1796,0.5361282562
1797,0.5362907419
1798,0.5364531863
1799,0.5366154944
1800,0.5383033859
1801,0.5383088839
1802,0.5382570258
1803,0.5382055073
1804,0.538161616
1805,0.5381100982
1806,0.5380586063
1807,0.5380074273
1808,0.5379647316
1809,0.5379135202
1810,0.5378626965
1811,0.5378111404
1812,0.5377678657
1813,0.5377160033
1814,0.5376650786
1815,0.5376143837
1816,0.5375712824
1817,0.5375207977
1818,0.5374701324
1819,0.5374199803
1820,0.537378157
1821,0.5373278787
1822,0.5372775637
1823,0.537227226
1824,0.5371852761
1825,0.5371341193
1826,0.537084097
1827,0.5370346322
1828,0.5369928915
1829,0.5369430011
1830,0.5368928197
1831,0.5368430824
1832,0.5368017522
1833,0.5367521151
1834,0.5367024746
1835,0.5366528788
1836,0.5366118439
1837,0.5365624099
1838,0.5365130299
1839,0.5364635062
1840,0.5364225237
1841,0.5363723659
1842,0.5363230247
1843,0.5362737213
1844,0.5362329296
1845,0.5361836824
1846,0.5361346421
1847,0.5360856248
1848,0.536044944
1849,0.5359960779
1850,0.5359473858
1851,0.5358987104
1852,0.5358585427
1853,0.5358097075
1854,0.5357619678
1855,0.5357131328
1856,0.5356730389
1857,0.5356243806
1858,0.5355755956
1859,0.5355272104
1860,0.5354871834
1861,0.5354387525
1862,0.5353902385
1863,0.5353420965
1864,0.5353024962
1865,0.5352544356
1866,0.5352057768
1867,0.5351577835
1868,0.5351181839
1869,0.5350709687
1870,0.5350231713
1871,0.5349749538
1872,0.5349354568
1873,0.5348876035
1874,0.5348399517
1875,0.5347925677
1876,0.5347536152
1877,0.5347061681
1878,0.53465874
1879,0.5346114613
1880,0.5345725649
1881,0.5345262999
1882,0.5344794118
1883,0.5344320855
1884,0.5343934369
1885,0.5343464391
1886,0.5342993442
1887,0.5342516006
1888,0.5342130662
1889,0.5341661395
1890,0.534119349
1891,0.5340718231
1892,0.5340335715
1893,0.5339873143
1894,0.5339414164
1895,0.5338955251
1896,0.5340057307
1897,0.5341615653
1898,0.5343171723
1899,0.5344727145
1900,0.536054615
1901,0.5360615663
1902,0.5360147548
1903,0.5359679613
1904,0.5359296875
1905,0.5358819332
1906,0.5358355697
1907,0.5357881523
1908,0.5357495744
1909,0.5357028418
1910,0.535655606
1911,0.5356092923
1912,0.5355711832
1913,0.5355241178
1914,0.5354777422
1915,0.5354306716
1916,0.5353930023
1917,0.535346902
1918,0.5353005047
1919,0.5352549417
1920,0.5352171243
1921,0.5351714159
1922,0.5351261899
1923,0.5350807145
1924,0.535043289
1925,0.5349973308
1926,0.5349519428
1927,0.5349068127
1928,0.534869854
1929,0.5348245476
1930,0.5347793271
1931,0.5347341554
1932,0.5346975974
1933,0.5346526497
1934,0.5346067183
1935,0.5345618861
1936,0.5345251637
1937,0.5344802186
1938,0.5344356821
1939,0.5343914501
1940,0.5343548538
1941,0.5343105783
1942,0.5342659548
1943,0.5342215818
1944,0.5341840398
1945,0.5341394001
1946,0.5340945991
1947,0.5340502666
1948,0.5340137757
1949,0.5339695897
1950,0.5339251276
1951,0.5338808542
1952,0.5338449437
1953,0.5338010084
1954,0.5337568884
1955,0.5337130444
1956,0.5336769725
1957,0.5336321962
1958,0.5335883227
1959,0.5335446184
1960,0.53350909
1961,0.5334653283
1962,0.5334216189
1963,0.5333781707
1964,0.533342473
1965,0.5332988797
1966,0.5332553658
1967,0.5332120244
1968,0.5331768394
1969,0.5331335191
1970,0.5330904787
1971,0.53304757
1972,0.5330122391
1973,0.5329691207
1974,0.5329262266
1975,0.5328834438
1976,0.5328475839
1977,0.5328055858
1978,0.5327628097
1979,0.5327208588
1980,0.5326862317
1981,0.5326438412
1982,0.5326013225
1983,0.532559723
1984,0.5325251134
1985,0.5324825999
1986,0.5324410271
1987,0.5324001421
1988,0.5323659562
1989,0.5323246077
1990,0.5322836856
1991,0.5322425687
1992,0.5322093704
1993,0.5321682797
1994,0.5321263224
1995,0.5320847201
1996,0.5321914613
1997,0.5323419669
1998,0.5324928724
1999,0.5326435821
2000,0.53415266
2001,0.5341616741
2002,0.5341190261
2003,0.534076552
2004,0.534042176
2005,0.5340005353
2006,0.5339589383
2007,0.5339168249
2008,0.5338832226
2009,0.5338411299
2010,0.5337996092
2011,0.5337583328
2012,0.5337240531
2013,0.5336827362
2014,0.5336407827
2015,0.533599792
2016,0.533565926
2017,0.5335243811
2018,0.5334834338
2019,0.5334416355
2020,0.5334084799
2021,0.5333679569
2022,0.5333271797
2023,0.5332859361
2024,0.53325226
2025,0.5332118281
2026,0.5331703541
2027,0.5331294622
2028,0.5330962823
2029,0.5330556354
2030,0.5330152557
2031,0.5329744232
2032,0.53294135
2033,0.5329007885
2034,0.5328609348
2035,0.5328213391
2036,0.5327895112
2037,0.5327494339
2038,0.5327096807
2039,0.5326698014
2040,0.5326377257
2041,0.5325982582
2042,0.5325583644
2043,0.5325185835
2044,0.532487284
2045,0.532448724
2046,0.5324092464
2047,0.5323699041
2048,0.5323375001
2049,0.5322985335
2050,0.5322587912
2051,0.5322196974
2052,0.5321872412
2053,0.5321481657
2054,0.5321088869
2055,0.5320699034
2056,0.5320383481
2057,0.5319996726
2058,0.5319613212
2059,0.5319217178
2060,0.5318905388
2061,0.5318525821
2062,0.5318135286
2063,0.5317756138
2064,0.5317448447
2065,0.531705742
2066,0.5316676091
2067,0.5316285549
2068,0.5315977245
2069,0.5315596553
2070,0.5315213519
2071,0.5314823356
2072,0.5314510483
2073,0.5314122132
2074,0.5313741055
2075,0.5313361417
2076,0.5313055533
2077,0.5312674
2078,0.5312288405
2079,0.5311903268
2080,0.5311592759
2081,0.5311214616
2082,0.531083733
2083,0.5310461685
2084,0.5310152767
2085,0.530977009
2086,0.5309392383
2087,0.530901577
2088,0.5308706938
2089,0.5308325828
2090,0.530794993
2091,0.5307570797
2092,0.5307273977
2093,0.5306900481
2094,0.5306519991
2095,0.5306143071
2096,0.5307187045
2097,0.5308643362
2098,0.5310102241
2099,0.5311556031
2100,0.5325947441
2101,0.5326058139
2102,0.5325672174
2103,0.5325287417
2104,0.5324977963
2105,0.5324595098
2106,0.5324211456
2107,0.5323828663
2108,0.5323524029
2109,0.5323141623
2110,0.5322759137
2111,0.5322380227
2112,0.5322076121
2113,0.5321699263
2114,0.5321317619
2115,0.5320937505
2116,0.5320629816
2117,0.5320250774
2118,0.5319867854
2119,0.5319493921
2120,0.5319188673
2121,0.5318810441
2122,0.5318426671
2123,0.5318045754
2124,0.5317735727
2125,0.5317353154
2126,0.5316968444
2127,0.5316592032
2128,0.5316272928
2129,0.5315888617
2130,0.5315505196
2131,0.5315121879
2132,0.5314816544
2133,0.5314440687
2134,0.5314058736
2135,0.5313683257
2136,0.5313372653
2137,0.5312992772
2138,0.5312619778
2139,0.5312243093
2140,0.5311946509
2141,0.5311573594
2142,0.5311201508
2143,0.5310822942
2144,0.5310518996
2145,0.5310149534
2146,0.5309768574
2147,0.5309391918
2148,0.5309091971
2149,0.5308724378
2150,0.5308354163
2151,0.5307986905
2152,0.5307690231
2153,0.530731904
2154,0.5306944424
2155,0.5306566807
2156,0.5306274872
2157,0.5305892732
2158,0.5305521799
2159,0.5305149294
2160,0.5304851008
2161,0.5304479784
2162,0.5304114564
2163,0.5303749004
2164,0.5303456656
2165,0.5303085044
2166,0.5302715978
2167,0.5302343465
2168,0.5302051488
2169,0.5301689078
2170,0.5301325261
2171,0.5300955883
2172,0.5300669879
2173,0.5300310291
2174,0.5299951781
2175,0.5299596689
2176,0.5299308427
2177,0.5298940799
2178,0.529857449
2179,0.5298201553
2180,0.5297917623
2181,0.5297555042
2182,0.5297187174
2183,0.5296823381
2184,0.5296536551
2185,0.5296174805
2186,0.5295806637
2187,0.529544197
2188,0.5295149877
2189,0.529478152
2190,0.5294421053
2191,0.5294053841
2192,0.5293765713
2193,0.5293398765
2194,0.5293035866
2195,0.5292677883
2196,0.5293663498
2197,0.5295037204
2198,0.5296406679
2199,0.5297785351
2200,0.5311371772
2201,0.5311462054
2202,0.5311089109
2203,0.5310723671
2204,0.5310421406
2205,0.5310055539
2206,0.5309689781
2207,0.5309318401
2208,0.5309016819
2209,0.5308644358
2210,0.5308281639
2211,0.5307919624
2212,0.5307622189
2213,0.5307251872
2214,0.5306881122
2215,0.530651663
2216,0.5306223111
2217,0.5305851946
2218,0.5305489487
2219,0.5305120049
2220,0.5304822865
2221,0.5304456101
2222,0.5304090627
2223,0.5303730112
2224,0.5303440318
2225,0.5303073974
2226,0.5302708848
2227,0.5302349632
2228,0.5302055019
2229,0.5301697135
2230,0.5301337426
2231,0.5300969628
2232,0.5300682407
2233,0.5300315413
2234,0.5299950589
2235,0.5299587037
2236,0.5299290996
2237,0.5298924309
2238,0.5298558884
2239,0.5298193629
2240,0.5297903317
2241,0.5297540938
2242,0.5297176895
2243,0.5296815636
2244,0.5296523115
2245,0.5296159604
2246,0.5295798554
2247,0.5295439207
2248,0.5295146607
2249,0.5294792972
2250,0.5294438503
2251,0.529407951
2252,0.5293787041
2253,0.529343156
2254,0.5293073512
2255,0.5292711889
2256,0.5292421761
2257,0.5292061074
2258,0.5291702703
2259,0.5291346868
2260,0.5291055484
2261,0.5290700219
2262,0.5290349721
2263,0.5289998192
2264,0.5289709323
2265,0.5289357051
2266,0.5289001287
2267,0.5288643319
2268,0.5288365046
2269,0.5288006546
2270,0.5287648565
2271,0.5287294224
2272,0.5287009498
2273,0.5286654155
2274,0.5286300895
2275,0.5285953231
2276,0.5285673507
2277,0.5285319493
2278,0.5284969263
2279,0.5284612705
2280,0.5284327379
2281,0.52839703
2282,0.5283617373
2283,0.528326778
2284,0.5282981381
2285,0.5282629912
2286,0.5282276477
2287,0.528192202
2288,0.5281634849
2289,0.5281281307
2290,0.5280926244
2291,0.5280573136
2292,0.5280286355
2293,0.5279935917
2294,0.5279582101
2295,0.5279228352
2296,0.5280157107
2297,0.5281456917
2298,0.5282760675
2299,0.5284060624
2300,0.5297220595
2301,0.5297297007
2302,0.5296936675
2303,0.5296576146
2304,0.5296292288
2305,0.5295940421
2306,0.5295585577
2307,0.5295232057
2308,0.5294947461
2309,0.5294595088
2310,0.5294245238
2311,0.5293894155
2312,0.5293620359
2313,0.5293268193
2314,0.5292918261
2315,0.5292570176
2316,0.5292289894
2317,0.5291941119
2318,0.5291593402
2319,0.5291251893
2320,0.5290974603
2321,0.5290628227
2322,0.529027731
2323,0.5289939236
2324,0.5289662289
2325,0.5289316774
2326,0.5288974201
2327,0.5288629766
2328,0.5288355218
2329,0.5288010386
2330,0.5287669772
2331,0.5287327607
2332,0.5287062198
2333,0.5286721106
2334,0.5286388678
2335,0.528605738
2336,0.5285791115
2337,0.5285457207
2338,0.5285124958
2339,0.5284787089
2340,0.5284517264
2341,0.5284179088
2342,0.5283840492
2343,0.528351065
2344,0.5283250289
2345,0.5282913879
2346,0.5282585092
2347,0.5282251316
2348,0.5281984874
2349,0.5281655757
2350,0.5281329795
2351,0.5280997503
2352,0.528073222
2353,0.5280401084
2354,0.5280069845
2355,0.5279745955
2356,0.5279484968
2357,0.527915488
2358,0.5278832608
2359,0.5278511017
2360,0.5278250262
2361,0.5277919746
2362,0.5277589018
2363,0.527725408
2364,0.5277002027
2365,0.5276675878
2366,0.5276358462
2367,0.5276039114
2368,0.5275787552
2369,0.5275467391
2370,0.5275145385
2371,0.5274831805
2372,0.5274583262
2373,0.5274263655
2374,0.5273953956
2375,0.527364259
2376,0.5273403262
2377,0.5273086129
2378,0.5272770697
2379,0.5272462503
2380,0.5272217183
2381,0.5271906417
2382,0.5271592331
2383,0.5271283653
2384,0.5271038164
2385,0.5270729574
2386,0.527042137
2387,0.5270115272
2388,0.5269875918
2389,0.5269565718
2390,0.5269255306
2391,0.5268946617
2392,0.5268706076
2393,0.5268399843
2394,0.5268087685
2395,0.5267775223
2396,0.526870017
2397,0.5269985093
2398,0.5271268797
2399,0.5272554212
2400,0.528540287
2401,0.5285512373
2402,0.5285197974
2403,0.5284887296
2404,0.5284645731
2405,0.5284332103
2406,0.5284018923
2407,0.5283709053
2408,0.5283464889
2409,0.528315184
2410,0.5282844611
2411,0.5282533937
2412,0.5282292138
2413,0.5281984458
2414,0.5281675685
2415,0.5281371033
2416,0.5281135924
2417,0.5280830859
2418,0.5280528681
2419,0.5280225866
2420,0.5279989041
2421,0.52796829
2422,0.5279378392
2423,0.5279076595
2424,0.5278842907
2425,0.5278538485
2426,0.5278236404
2427,0.527793212
2428,0.527769533
2429,0.5277390652
2430,0.5277082852
2431,0.527677164
2432,0.5276539366
2433,0.5276230182
2434,0.5275925302
2435,0.5275619577
2436,0.5275384574
2437,0.5275078473
2438,0.527476847
2439,0.5274465715
2440,0.5274225014
2441,0.5273924853
2442,0.5273619675
2443,0.5273317396
2444,0.5273089161
2445,0.527279265
2446,0.5272494691
2447,0.5272200028
2448,0.5271970412
2449,0.5271674592
2450,0.5271379598
2451,0.5271084586
2452,0.5270857122
2453,0.5270561211
2454,0.5270271867
2455,0.5269979751
2456,0.5269761215
2457,0.5269472784
2458,0.526917778
2459,0.5268887252
2460,0.5268669669
2461,0.5268375784
2462,0.5268091638
2463,0.5267806194
2464,0.526758868
2465,0.5267303873
2466,0.526701863
2467,0.5266735376
2468,0.526652459
2469,0.5266239843
2470,0.5265957944
2471,0.5265676223
2472,0.5265463363
2473,0.5265179642
2474,0.5264893193
2475,0.5264611569
2476,0.5264390991
2477,0.5264101545
2478,0.526382214
2479,0.5263540271
2480,0.5263332314
2481,0.5263054497
2482,0.5262775308
2483,0.5262500778
2484,0.5262298413
2485,0.5262021937
2486,0.5261747456
2487,0.5261466143
2488,0.5261261927
2489,0.5260983662
2490,0.5260710609
2491,0.5260434128
2492,0.5260228564
2493,0.5259958046
2494,0.5259686452
2495,0.5259415365
2496,0.5260348116
2497,0.5261612433
2498,0.5262882079
2499,0.5264152284
2500,0.5275851678
2501,0.5275985951
2502,0.5275707005
2503,0.5275430882
2504,0.5275221104
2505,0.5274938914
2506,0.5274662538
2507,0.5274387652
2508,0.5274182706
2509,0.5273906069
2510,0.5273623027
2511,0.5273349614
2512,0.5273143693
2513,0.5272872727
2514,0.5272600173
2515,0.5272326889
2516,0.527212263
2517,0.5271849343
2518,0.5271572648
2519,0.5271298765
2520,0.5271098661
2521,0.5270822289
2522,0.5270550771
2523,0.5270274427
2524,0.5270071425
2525,0.5269796718
2526,0.5269525057
2527,0.5269249049
2528,0.5269045454
2529,0.5268776343
2530,0.5268506581
2531,0.5268234875
2532,0.526803095
2533,0.526775538
2534,0.5267489186
2535,0.526722327
2536,0.526702158
2537,0.5266754541
2538,0.5266485708
2539,0.5266215586
2540,0.5266016332
2541,0.5265750407
2542,0.5265485712
2543,0.526521956
2544,0.5265023343
2545,0.5264763832
2546,0.5264505725
2547,0.5264240423
2548,0.5264047667
2549,0.5263780817
2550,0.5263516293
2551,0.5263260412
2552,0.5263073364
2553,0.5262820192
2554,0.5262562587
2555,0.5262311153
2556,0.5262121694
2557,0.5261869758
2558,0.5261617791
2559,0.5261363134
2560,0.526117932
2561,0.5260927128
2562,0.5260673669
2563,0.5260415173
2564,0.5260221827
2565,0.5259962547
2566,0.525971001
2567,0.5259457952
2568,0.5259268892
2569,0.5259014185
2570,0.5258754766
2571,0.5258497471
2572,0.5258310119
2573,0.5258052325
2574,0.5257798536
2575,0.5257542485
2576,0.5257351211
2577,0.5257098613
2578,0.5256846418
2579,0.5256588541
2580,0.5256397029
2581,0.5256145401
2582,0.5255887108
2583,0.5255634273
2584,0.5255443976
2585,0.5255188245
2586,0.5254938001
2587,0.5254689629
2588,0.5254505873
2589,0.5254256594
2590,0.5254007468
2591,0.525375244
2592,0.5253569794
2593,0.5253322084
2594,0.5253072835
2595,0.5252819855
2596,0.5253721516
2597,0.5254953476
2598,0.5256185927
2599,0.5257417287
2600,0.526932887
2601,0.5269471936
2602,0.5269215988
2603,0.5268960836
2604,0.5268772339
2605,0.5268520993
2606,0.5268265756
2607,0.5268007989
2608,0.5267814091
2609,0.526755968
2610,0.5267299138
2611,0.5267037429
2612,0.5266844805
2613,0.526657943
2614,0.5266317951
2615,0.5266059973
2616,0.5265864222
2617,0.5265606281
2618,0.5265339058
2619,0.5265079231
2620,0.5264885508
2621,0.526462686
2622,0.5264365204
2623,0.52641091
2624,0.5263912972
2625,0.526365164
2626,0.5263394166
2627,0.5263131838
2628,0.5262935473
2629,0.5262675839
2630,0.5262420126
2631,0.5262163366
2632,0.5261968521
2633,0.5261714236
2634,0.526146011
2635,0.5261208907
2636,0.5261020352
2637,0.5260759924
2638,0.5260505109
2639,0.5260248636
2640,0.5260053468
2641,0.5259800033
2642,0.5259539211
2643,0.5259280232
2644,0.5259081852
2645,0.5258825994
2646,0.525856911
2647,0.5258308028
2648,0.5258109934
2649,0.5257854182
2650,0.5257596818
2651,0.5257332902
2652,0.5257140514
2653,0.5256883635
2654,0.5256620754
2655,0.5256357753
2656,0.5256173967
2657,0.5255924812
2658,0.5255673466
2659,0.5255417019
2660,0.525522712
2661,0.5254977416
2662,0.5254729472
2663,0.5254473697
2664,0.5254283549
2665,0.525403208
2666,0.525378461
2667,0.5253531098
2668,0.5253347253
2669,0.5253097374
2670,0.5252848945
2671,0.5252599694
2672,0.5252416025
2673,0.5252164696
2674,0.5251911516
2675,0.5251651117
2676,0.5251462404
2677,0.5251207911
2678,0.5250953122
2679,0.5250696001
2680,0.5250500196
2681,0.5250239949
2682,0.5249985816
2683,0.5249732629
2684,0.5249543389
2685,0.5249283773
2686,0.5249025887
2687,0.5248774531
2688,0.5248592456
2689,0.5248340166
2690,0.524808128
2691,0.5247823636
2692,0.524763497
2693,0.5247384113
2694,0.5247134395
2695,0.5246886836
2696,0.5247746025
2697,0.5248914617
2698,0.5250082168
2699,0.5251258516
2700,0.5262839225
2701,0.5262967037
2702,0.526271472
2703,0.5262458608
2704,0.5262272638
2705,0.5262020209
2706,0.5261764824
2707,0.5261513136
2708,0.5261331047
2709,0.5261081963
2710,0.5260834458
2711,0.5260588241
2712,0.5260399408
2713,0.5260146386
2714,0.5259898392
2715,0.5259645717
2716,0.5259460562
2717,0.5259211831
2718,0.5258965687
2719,0.5258711613
2720,0.5258522632
2721,0.5258277304
2722,0.5258026529
2723,0.5257774747
2724,0.5257595576
2725,0.5257347089
2726,0.5257099162
2727,0.5256852534
2728,0.5256672806
2729,0.5256425865
2730,0.5256178542
2731,0.5255932703
2732,0.5255751006
2733,0.5255511758
2734,0.5255269731
2735,0.5255023788
2736,0.5254842255
2737,0.5254601005
2738,0.5254357102
2739,0.5254120302
2740,0.5253943956
2741,0.5253704766
2742,0.5253463641
2743,0.5253222899
2744,0.5253050646
2745,0.5252810974
2746,0.5252577004
2747,0.5252343708
2748,0.5252174938
2749,0.5251936847
2750,0.5251703113
2751,0.5251470154
2752,0.5251302904
2753,0.5251066753
2754,0.5250832638
2755,0.5250602499
2756,0.5250430883
2757,0.5250200092
2758,0.5249963444
2759,0.5249733007
2760,0.5249564632
2761,0.5249330304
2762,0.5249095033
2763,0.5248867925
2764,0.5248695441
2765,0.5248467512
2766,0.5248233455
2767,0.5248005386
2768,0.524783534
2769,0.5247611313
2770,0.5247379949
2771,0.5247152875
2772,0.5246985128
2773,0.5246760009
2774,0.5246535468
2775,0.5246303796
2776,0.5246144872
2777,0.5245923549
2778,0.5245696613
2779,0.5245472012
2780,0.5245312152
2781,0.5245085318
2782,0.5244855899
2783,0.5244637016
2784,0.5244479585
2785,0.5244253113
2786,0.5244030033
2787,0.5243804191
2788,0.5243646553
2789,0.5243430545
2790,0.5243206973
2791,0.5242984056
2792,0.5242830461
2793,0.5242611506
2794,0.5242385475
2795,0.5242162896
2796,0.5243038376
2797,0.5244221958
2798,0.5245401511
2799,0.5246583743
2800,0.5257098956
2801,0.5257256104
2802,0.5257039045
2803,0.5256819433
2804,0.5256659645
2805,0.5256440869
2806,0.5256225958
2807,0.5256008601
2808,0.5255850387
2809,0.5255635671
2810,0.5255421162
2811,0.5255203565
2812,0.5255050459
2813,0.5254838703
2814,0.525462504
2815,0.5254411823
2816,0.5254259024
2817,0.5254045154
2818,0.5253827057
2819,0.5253609209
2820,0.5253456898
2821,0.5253239918
2822,0.5253028048
2823,0.5252804221
2824,0.5252655221
2825,0.5252447811
2826,0.5252232478
2827,0.525201748
2828,0.5251867941
2829,0.5251652497
2830,0.5251436478
2831,0.52512266
2832,0.5251073716
2833,0.5250867083
2834,0.5250656334
2835,0.5250441262
2836,0.5250295624
2837,0.5250088101
2838,0.5249879956
2839,0.524967215
2840,0.5249527367
2841,0.5249317494
2842,0.5249107944
2843,0.5248899603
2844,0.5248756256
2845,0.5248550147
2846,0.5248343622
2847,0.524814227
2848,0.5247997423
2849,0.524779281
2850,0.5247589901
2851,0.5247387225
2852,0.5247246612
2853,0.5247038259
2854,0.5246837292
2855,0.5246635737
2856,0.5246496367
2857,0.5246291004
2858,0.5246088964
2859,0.5245883808
2860,0.5245746067
2861,0.5245542388
2862,0.5245338906
2863,0.5245134905
2864,0.5244995827
2865,0.5244796777
2866,0.5244595435
2867,0.5244390047
2868,0.5244245592
2869,0.5244048782
2870,0.5243845363
2871,0.5243641652
2872,0.5243506028
2873,0.524330116
2874,0.5243102323
2875,0.5242896719
2876,0.5242752487
2877,0.5242553046
2878,0.5242355405
2879,0.5242151468
2880,0.5242014655
2881,0.5241820889
2882,0.5241619441
2883,0.5241420097
2884,0.5241281607
2885,0.5241084472
2886,0.5240888291
2887,0.524068934
2888,0.5240554314
2889,0.5240357994
2890,0.5240158552
2891,0.5239960467
2892,0.5239818122
2893,0.5239620321
2894,0.5239422626
2895,0.523922948
2896,0.5240094199
2897,0.5241259671
2898,0.5242426721
2899,0.5243597394
2900,0.5254696422
2901,0.5254863664
2902,0.5254666687
2903,0.525447097
2904,0.5254332537
2905,0.5254133694
2906,0.5253933525
2907,0.5253736216
2908,0.5253596134
2909,0.5253400112
2910,0.5253199463
2911,0.5252998979
2912,0.5252859162
2913,0.5252665334
2914,0.5252463993
2915,0.5252262519
2916,0.5252122439
2917,0.525192448
2918,0.5251726559
2919,0.5251526815
2920,0.5251388852
2921,0.5251192568
2922,0.5250993089
2923,0.5250795975
2924,0.5250657965
2925,0.5250462777
2926,0.5250258954
2927,0.5250062258
2928,0.5249924732
2929,0.524973015
2930,0.5249531944
2931,0.5249337601
2932,0.5249200311
2933,0.5249006224
2934,0.5248810402
2935,0.5248611579
2936,0.5248475173
2937,0.5248285044
2938,0.5248088448
2939,0.524788882
2940,0.5247751771
2941,0.5247557858
2942,0.5247361176
2943,0.5247165039
2944,0.5247036608
2945,0.524684269
2946,0.5246651947
2947,0.5246458292
2948,0.5246325256
2949,0.5246136934
2950,0.5245946025
2951,0.524575552
2952,0.5245625835
2953,0.5245437827
2954,0.5245251254
2955,0.524506558
2956,0.5244934741
2957,0.5244753824
2958,0.5244564502
2959,0.5244373185
2960,0.5244250525
2961,0.5244071458
2962,0.5243883114
2963,0.5243704155
2964,0.5243583453
2965,0.5243407729
2966,0.5243219238
2967,0.5243039317
2968,0.5242920844
2969,0.5242742012
2970,0.5242555463
2971,0.5242372042
2972,0.5242251338
2973,0.5242070282
2974,0.5241892345
2975,0.5241713754
2976,0.5241589697
2977,0.5241409982
2978,0.5241227277
2979,0.5241042349
2980,0.5240917359
2981,0.5240741897
2982,0.5240562468
2983,0.5240385197
2984,0.5240268556
2985,0.5240088937
2986,0.5239912711
2987,0.5239734786
2988,0.5239614722
2989,0.5239441324
2990,0.5239264548
2991,0.5239088432
2992,0.5238973014
2993,0.5238794105
2994,0.5238609489
2995,0.5238432729
2996,0.5239282343
2997,0.5240423408
2998,0.5241570157
2999,0.5242718626
3000,0.5255494629
3001,0.525553064
3002,0.5255227194
3003,0.5254923779
3004,0.5254680011
3005,0.5254373378
3006,0.5254073521
3007,0.5253774456
3008,0.5253532267
3009,0.5253234759
3010,0.5252935954
3011,0.5252627095
3012,0.5252385847
3013,0.525209183
3014,0.5251790305
3015,0.5251492003
3016,0.5251248865
3017,0.5250954278
3018,0.5250659206
3019,0.5250362923
3020,0.5250123679
3021,0.5249828122
3022,0.5249532947
3023,0.5249242523
3024,0.5249006372
3025,0.5248714852
3026,0.5248421203
3027,0.5248128523
3028,0.5247892658
3029,0.5247600816
3030,0.5247307652
3031,0.5247011581
3032,0.5246776367
3033,0.5246485923
3034,0.5246187559
3035,0.5245896527
3036,0.5245658829
3037,0.5245370409
3038,0.5245081849
3039,0.5244782811
3040,0.5244543966
3041,0.524425187
3042,0.5243958697
3043,0.5243663245
3044,0.5243426078
3045,0.5243140618
3046,0.5242854159
3047,0.5242560121
3048,0.5242323704
3049,0.5242034236
3050,0.5241744177
3051,0.5241455915
3052,0.524122197
3053,0.5240938432
3054,0.5240647421
3055,0.5240367842
3056,0.5240134398
3057,0.5239849574
3058,0.5239568027
3059,0.5239279022
3060,0.5239049435
3061,0.5238766166
3062,0.5238477233
3063,0.5238195144
3064,0.5237969865
3065,0.523768664
3066,0.5237406037
3067,0.5237119209
3068,0.5236893359
3069,0.5236607895
3070,0.5236326249
3071,0.5236038407
3072,0.5235822167
3073,0.5235541335
3074,0.5235264129
3075,0.5234988334
3076,0.5234764635
3077,0.5234487298
3078,0.5234211168
3079,0.5233934708
3080,0.523371895
3081,0.5233441715
3082,0.523316505
3083,0.5232893586
3084,0.5232675942
3085,0.5232401933
3086,0.5232125369
3087,0.523185279
3088,0.5231637632
3089,0.5231358972
3090,0.5231086844
3091,0.5230818331
3092,0.5230602797
3093,0.523033046
3094,0.523005794
3095,0.5229779343
3096,0.5230440389
3097,0.5231382088
3098,0.5232328262
3099,0.5233265005
3100,0.5242353929
3101,0.5242422916
3102,0.5242150425
3103,0.5241878278
3104,0.5241669294
3105,0.5241397235
3106,0.5241125694
3107,0.5240857322
3108,0.5240647817
3109,0.5240379423
3110,0.5240111945
3111,0.5239849871
3112,0.5239642877
3113,0.5239373095
3114,0.5239104057
3115,0.5238838367
3116,0.5238632382
3117,0.5238368616
3118,0.5238101379
3119,0.5237834662
3120,0.5237631366
3121,0.5237364483
3122,0.5237100945
3123,0.5236837246
3124,0.5236632776
3125,0.5236366449
3126,0.5236104118
3127,0.5235841882
3128,0.5235636275
3129,0.5235362489
3130,0.5235102018
3131,0.5234840268
3132,0.5234639572
3133,0.5234375785
3134,0.5234112167
3135,0.523385215
3136,0.523365071
3137,0.5233388849
3138,0.523312586
3139,0.5232867517
3140,0.5232668447
3141,0.5232409208
3142,0.5232152837
3143,0.5231892953
3144,0.5231690266
3145,0.5231428404
3146,0.5231173116
3147,0.5230919138
3148,0.5230722354
3149,0.5230464267
3150,0.5230205294
3151,0.5229949055
3152,0.5229753085
3153,0.5229489394
3154,0.5229231957
3155,0.5228980237
3156,0.5228787714
3157,0.5228527418
3158,0.5228272885
3159,0.5228023423
3160,0.5227832705
3161,0.5227574882
3162,0.5227324053
3163,0.522706789
3164,0.5226872804
3165,0.522661955
3166,0.5226362646
3167,0.5226105828
3168,0.5225915029
3169,0.5225659341
3170,0.5225410962
3171,0.5225163381
3172,0.52249742
3173,0.5224718685
3174,0.5224468982
3175,0.5224216815
3176,0.5224023145
3177,0.5223776497
3178,0.5223524603
3179,0.5223283179
3180,0.5223091569
3181,0.5222844741
3182,0.5222599428
3183,0.5222355498
3184,0.5222165128
3185,0.5221923576
3186,0.5221684437
3187,0.5221445352
3188,0.5221263391
3189,0.5221021881
3190,0.5220784746
3191,0.5220540795
3192,0.5220359465
3193,0.5220116008
3194,0.5219872709
3195,0.5219633367
3196,0.5220306799
3197,0.5221250414
3198,0.522219452
3199,0.5223138992
3200,0.5233138231
3201,0.5233224045
3202,0.523297769
3203,0.5232733161
3204,0.5232551241
3205,0.5232307772
3206,0.523206618
3207,0.523181522
3208,0.5231624396
3209,0.523137639
3210,0.5231136579
3211,0.5230897719
3212,0.5230717761
3213,0.5230470014
3214,0.5230230739
3215,0.5229988931
3216,0.5229801893
3217,0.5229564215
3218,0.5229324965
3219,0.5229082764
3220,0.522890754
3221,0.5228663864
3222,0.5228426589
3223,0.5228192658
3224,0.5228008388
3225,0.5227769343
3226,0.5227526321
3227,0.5227292076
3228,0.5227111368
3229,0.5226875373
3230,0.5226636672
3231,0.5226398408
3232,0.522622109
3233,0.5225987431
3234,0.5225754947
3235,0.522551835
3236,0.5225340347
3237,0.5225106826
3238,0.5224876322
3239,0.5224646298
3240,0.5224469889
3241,0.5224234526
3242,0.5223999391
3243,0.5223767004
3244,0.5223591847
3245,0.5223355889
3246,0.5223124569
3247,0.5222896043
3248,0.5222726246
3249,0.5222493952
3250,0.5222267164
3251,0.5222039314
3252,0.522186812
3253,0.5221638374
3254,0.5221404585
3255,0.522117672
3256,0.5221007752
3257,0.5220771718
3258,0.5220544278
3259,0.5220318746
3260,0.5220150441
3261,0.5219921174
3262,0.521969518
3263,0.521946581
3264,0.5219298579
3265,0.5219071001
3266,0.5218848253
3267,0.5218626383
3268,0.5218462705
3269,0.5218230725
3270,0.5218010137
3271,0.5217787937
3272,0.5217621949
3273,0.5217398294
3274,0.5217175855
3275,0.5216956402
3276,0.5216794576
3277,0.5216573661
3278,0.5216356315
3279,0.5216136187
3280,0.5215975376
3281,0.5215755881
3282,0.5215538159
3283,0.5215322679
3284,0.5215162937
3285,0.5214943099
3286,0.5214726176
3287,0.5214510018
3288,0.5214352006
3289,0.5214133614
3290,0.5213915729
3291,0.5213697397
3292,0.5213536331
3293,0.5213315863
3294,0.5213097749
3295,0.521287999
3296,0.5213549552
3297,0.521448995
3298,0.5215429416
3299,0.5216372814
3300,0.5225460128
3301,0.5225564236
3302,0.5225342704
3303,0.522512472
3304,0.5224961958
3305,0.5224740483
3306,0.522452211
3307,0.5224303017
3308,0.5224143065
3309,0.5223926561
3310,0.5223705153
3311,0.5223483805
3312,0.522331943
3313,0.5223099273
3314,0.5222880413
3315,0.5222666737
3316,0.5222506252
3317,0.5222287647
3318,0.5222069593
3319,0.5221852557
3320,0.5221695012
3321,0.5221476588
3322,0.5221260602
3323,0.5221044945
3324,0.5220890745
3325,0.5220673987
3326,0.5220459283
3327,0.5220245122
3328,0.5220090829
3329,0.5219875044
3330,0.5219660959
3331,0.5219446653
3332,0.5219293472
3333,0.5219077077
3334,0.5218864499
3335,0.5218651653
3336,0.5218498756
3337,0.5218281684
3338,0.5218064697
3339,0.5217847594
3340,0.5217687875
3341,0.5217468444
3342,0.5217246107
3343,0.5217024289
3344,0.5216856917
3345,0.5216634499
3346,0.5216411951
3347,0.5216189132
3348,0.521602044
3349,0.5215798958
3350,0.5215574043
3351,0.5215349105
3352,0.5215177079
3353,0.5214952654
3354,0.5214725821
3355,0.5214499405
3356,0.521432439
3357,0.5214106228
3358,0.5213879864
3359,0.5213652664
3360,0.5213479743
3361,0.5213256163
3362,0.5213029746
3363,0.5212806575
3364,0.5212633196
3365,0.5212410572
3366,0.5212184498
3367,0.5211958623
3368,0.521178576
3369,0.5211561634
3370,0.5211337392
3371,0.5211112587
3372,0.521094102
3373,0.5210719718
3374,0.521049388
3375,0.5210270635
3376,0.5210091512
3377,0.52098687
3378,0.5209643118
3379,0.5209411655
3380,0.5209232091
3381,0.5209009327
3382,0.5208782408
3383,0.5208556062
3384,0.5208375761
3385,0.5208148796
3386,0.5207922599
3387,0.520769079
3388,0.5207516717
3389,0.5207298414
3390,0.5207071787
3391,0.520684613
3392,0.5206665531
3393,0.520644359
3394,0.5206221398
3395,0.5205994418
3396,0.5206619888
3397,0.5207492836
3398,0.520837282
3399,0.5209248957
3400,0.5217967909
3401,0.5218042485
3402,0.5217807235
3403,0.5217575793
3404,0.5217390781
3405,0.5217165436
3406,0.5216928822
3407,0.5216698264
3408,0.521651297
3409,0.5216288702
3410,0.5216057937
3411,0.5215828946
3412,0.5215649952
3413,0.5215420254
3414,0.5215189508
3415,0.5214954871
3416,0.5214774738
3417,0.52145451
3418,0.5214314417
3419,0.5214086416
3420,0.5213907645
3421,0.5213682817
3422,0.5213448285
3423,0.5213218909
3424,0.5213037517
3425,0.5212808705
3426,0.5212567216
3427,0.5212333501
3428,0.5212148811
3429,0.5211919082
3430,0.5211681226
3431,0.5211447328
3432,0.5211262357
3433,0.5211034786
3434,0.5210800724
3435,0.5210561442
3436,0.5210381754
3437,0.5210159566
3438,0.5209927382
3439,0.5209694452
3440,0.5209506981
3441,0.5209280196
3442,0.5209048102
3443,0.520881054
3444,0.5208631881
3445,0.5208404044
3446,0.5208171537
3447,0.5207935347
3448,0.520775297
3449,0.5207530343
3450,0.5207296524
3451,0.5207066151
3452,0.5206889922
3453,0.5206664648
3454,0.5206437881
3455,0.5206207828
3456,0.5206022962
3457,0.5205797552
3458,0.520556144
3459,0.5205331663
3460,0.5205150686
3461,0.5204921579
3462,0.5204692259
3463,0.5204463399
3464,0.5204283958
3465,0.520406078
3466,0.5203832441
3467,0.5203597344
3468,0.5203418379
3469,0.5203197895
3470,0.5202968319
3471,0.5202738787
3472,0.5202562911
3473,0.52023392
3474,0.5202107344
3475,0.5201879508
3476,0.5201702503
3477,0.5201483846
3478,0.5201260152
3479,0.5201033669
3480,0.5200856004
3481,0.5200633563
3482,0.5200411215
3483,0.5200184726
3484,0.520000631
3485,0.5199784851
3486,0.5199554039
3487,0.519932907
3488,0.5199151388
3489,0.5198932962
3490,0.5198706246
3491,0.5198474937
3492,0.5198304976
3493,0.5198089831
3494,0.5197863311
3495,0.5197640981
3496,0.5198251484
3497,0.5199096985
3498,0.5199940067
3499,0.5200793114
3500,0.5209130922
3501,0.5209202738
3502,0.5208980454
3503,0.520875638
3504,0.5208573974
3505,0.520835036
3506,0.5208125056
3507,0.5207894848
3508,0.5207713463
3509,0.52074949
3510,0.5207264577
3511,0.5207041245
3512,0.5206864577
3513,0.5206647652
3514,0.5206422635
3515,0.5206195102
3516,0.5206023399
3517,0.5205804291
3518,0.5205580572
3519,0.5205360394
3520,0.5205187192
3521,0.5204969872
3522,0.5204747252
3523,0.5204528467
3524,0.5204355617
3525,0.5204138187
3526,0.5203915109
3527,0.5203691459
3528,0.5203512508
3529,0.5203286306
3530,0.5203059132
3531,0.5202833188
3532,0.520265875
3533,0.5202441644
3534,0.5202214786
3535,0.5201992769
3536,0.5201815592
3537,0.5201593447
3538,0.5201368472
3539,0.5201141885
3540,0.5200964103
3541,0.520074468
3542,0.5200519531
3543,0.5200293868
3544,0.520011639
3545,0.5199899766
3546,0.5199668882
3547,0.5199446136
3548,0.5199269523
3549,0.5199045415
3550,0.5198819857
3551,0.5198596335
3552,0.5198414449
3553,0.5198197124
3554,0.519796802
3555,0.5197747358
3556,0.5197571999
3557,0.5197354821
3558,0.5197130871
3559,0.5196901723
3560,0.519673183
3561,0.5196508717
3562,0.5196281892
3563,0.5196058622
3564,0.5195877972
3565,0.519565373
3566,0.519542922
3567,0.5195205342
3568,0.5195023275
3569,0.5194796753
3570,0.5194571143
3571,0.5194340334
3572,0.51941639
3573,0.5193941885
3574,0.5193713028
3575,0.5193485166
3576,0.519330699
3577,0.5193087395
3578,0.5192864012
3579,0.5192643265
3580,0.5192469313
3581,0.5192251817
3582,0.5192027269
3583,0.51918037
3584,0.5191626641
3585,0.5191406877
3586,0.5191182747
3587,0.5190958427
3588,0.5190785493
3589,0.5190568277
3590,0.5190344874
3591,0.519012578
3592,0.5189950452
3593,0.5189732458
3594,0.5189512522
3595,0.5189292792
3596,0.518988
3597,0.5190694615
3598,0.5191509324
3599,0.5192325873
3600,0.5200243201
3601,0.5200300903
3602,0.5200077351
3603,0.5199853301
3604,0.5199680878
3605,0.5199463457
3606,0.5199239897
3607,0.5199016942
3608,0.5198841302
3609,0.5198623712
3610,0.5198403268
3611,0.5198180715
3612,0.5198002678
3613,0.519778564
3614,0.5197561225
3615,0.5197336259
3616,0.5197158309
3617,0.5196943011
3618,0.5196717177
3619,0.5196492694
3620,0.5196319306
3621,0.5196098893
3622,0.5195877423
3623,0.5195652485
3624,0.5195469783
3625,0.5195253913
3626,0.5195032723
3627,0.5194808729
3628,0.5194631201
3629,0.5194413202
3630,0.5194184208
3631,0.5193961256
3632,0.5193779103
3633,0.5193562134
3634,0.5193338688
3635,0.5193110339
3636,0.5192935956
3637,0.5192713121
3638,0.5192490494
3639,0.5192268356
3640,0.5192092371
3641,0.5191872293
3642,0.5191651955
3643,0.5191429035
3644,0.5191249925
3645,0.5191030447
3646,0.5190811001
3647,0.5190592445
3648,0.5190418537
3649,0.5190206075
3650,0.5189987145
3651,0.5189769021
3652,0.518959498
3653,0.5189384642
3654,0.5189165145
3655,0.5188946169
3656,0.5188768017
3657,0.5188554169
3658,0.5188334781
3659,0.5188116162
3660,0.5187942389
3661,0.5187728787
3662,0.5187508138
3663,0.5187284181
3664,0.5187112284
3665,0.5186900216
3666,0.5186681649
3667,0.5186463122
3668,0.5186289253
3669,0.5186077613
3670,0.5185858692
3671,0.5185642143
3672,0.5185469977
3673,0.5185257518
3674,0.5185040217
3675,0.5184827796
3676,0.5184657815
3677,0.5184446372
3678,0.5184229836
3679,0.5184012723
3680,0.5183843257
3681,0.518363614
3682,0.5183420775
3683,0.518320286
3684,0.5183032432
3685,0.518282581
3686,0.5182605087
3687,0.5182389428
3688,0.518222838
3689,0.5182020868
3690,0.518179916
3691,0.5181584696
3692,0.5181410772
3693,0.518120191
3694,0.5180989281
3695,0.5180779403
3696,0.5181349494
3697,0.5182128081
3698,0.5182913337
3699,0.5183694358
3700,0.5191610231
3701,0.5191624833
3702,0.5191379833
3703,0.5191137722
3704,0.5190932914
3705,0.5190692597
3706,0.5190449527
3707,0.5190204108
3708,0.5189998537
3709,0.5189765377
3710,0.5189518727
3711,0.5189274007
3712,0.5189071425
3713,0.5188831297
3714,0.5188581887
3715,0.5188340387
3716,0.5188140477
3717,0.51879001
3718,0.5187655054
3719,0.5187410114
3720,0.5187205062
3721,0.5186967029
3722,0.5186725449
3723,0.5186489464
3724,0.518628784
3725,0.5186049705
3726,0.5185805804
3727,0.5185563253
3728,0.5185363041
3729,0.5185126693
3730,0.5184883187
3731,0.5184640577
3732,0.5184434676
3733,0.5184206425
3734,0.518396219
3735,0.5183718698
3736,0.5183515336
3737,0.51832849
3738,0.518304164
3739,0.5182796361
3740,0.5182592119
3741,0.5182359519
3742,0.5182120877
3743,0.5181882385
3744,0.5181686763
3745,0.5181455219
3746,0.5181223009
3747,0.5180985406
3748,0.5180784668
3749,0.5180558265
3750,0.5180320118
3751,0.5180082122
3752,0.517987893
3753,0.5179639829
3754,0.5179399199
3755,0.5179155282
3756,0.5178957615
3757,0.5178723055
3758,0.5178482568
3759,0.517823953
3760,0.5178034678
3761,0.5177797405
3762,0.5177561641
3763,0.5177318366
3764,0.5177114884
3765,0.5176877683
3766,0.5176637573
3767,0.5176398357
3768,0.5176196481
3769,0.5175961652
3770,0.5175720097
3771,0.5175481889
3772,0.517528385
3773,0.5175049326
3774,0.5174805481
3775,0.5174567025
3776,0.5174366807
3777,0.5174130872
3778,0.517388863
3779,0.5173651089
3780,0.5173447296
3781,0.5173213475
3782,0.5172974791
3783,0.5172735309
3784,0.5172534342
3785,0.5172302922
3786,0.5172064972
3787,0.5171827421
3788,0.5171628112
3789,0.5171397982
3790,0.5171160615
3791,0.5170923293
3792,0.5170724368
3793,0.5170499019
3794,0.5170260928
3795,0.51700298
3796,0.5170527023
3797,0.5171230707
3798,0.5171934722
3799,0.5172641898
3800,0.5180206095
3801,0.5180218049
3802,0.5179976755
3803,0.5179737148
3804,0.5179534465
3805,0.5179302757
3806,0.5179061174
3807,0.5178822152
3808,0.5178620675
3809,0.517839091
3810,0.5178153797
3811,0.5177913037
3812,0.5177719142
3813,0.5177492427
3814,0.5177255598
3815,0.5177025205
3816,0.5176827505
3817,0.5176598843
3818,0.5176370673
3819,0.5176138096
3820,0.5175949611
3821,0.5175722898
3822,0.517548792
3823,0.5175257944
3824,0.5175066837
3825,0.517483922
3826,0.5174610484
3827,0.5174378418
3828,0.5174184282
3829,0.5173952678
3830,0.5173720754
3831,0.5173488009
3832,0.5173293228
3833,0.5173068554
3834,0.5172834447
3835,0.5172605578
3836,0.5172417253
3837,0.5172190843
3838,0.51719577
3839,0.5171724522
3840,0.5171529846
3841,0.5171307283
3842,0.5171073566
3843,0.5170840955
3844,0.517064595
3845,0.5170420713
3846,0.5170187621
3847,0.5169958576
3848,0.5169764838
3849,0.5169545249
3850,0.516931279
3851,0.516907975
3852,0.516888468
3853,0.5168657377
3854,0.5168424449
3855,0.5168189743
3856,0.516799827
3857,0.5167770324
3858,0.5167538467
3859,0.5167307469
3860,0.5167114074
3861,0.5166891951
3862,0.5166659955
3863,0.5166433668
3864,0.5166237688
3865,0.5166014713
3866,0.51657833
3867,0.5165552773
3868,0.5165360117
3869,0.5165141015
3870,0.5164910901
3871,0.5164681241
3872,0.516448578
3873,0.5164258869
3874,0.516402898
3875,0.5163801672
3876,0.516361123
3877,0.5163384954
3878,0.5163159694
3879,0.5162926201
3880,0.5162732818
3881,0.5162512969
3882,0.5162283507
3883,0.5162055241
3884,0.5161865213
3885,0.5161645461
3886,0.5161412717
3887,0.5161186759
3888,0.5160993805
3889,0.5160771238
3890,0.5160543467
3891,0.5160315619
3892,0.5160127808
3893,0.5159909838
3894,0.5159681008
3895,0.5159453528
3896,0.5159938661
3897,0.516062547
3898,0.5161317424
3899,0.516201143
3900,0.5170058057
3901,0.5170074819
3902,0.5169845308
3903,0.5169616381
3904,0.5169425698
3905,0.5169203679
3906,0.516897537
3907,0.5168747306
3908,0.5168556968
3909,0.5168331474
3910,0.5168102789
3911,0.5167873333
3912,0.5167682828
3913,0.5167461711
3914,0.5167232859
3915,0.5167004761
3916,0.516681421
3917,0.516659666
3918,0.5166364471
3919,0.5166136364
3920,0.5165947589
3921,0.5165722482
3922,0.5165496998
3923,0.5165269761
3924,0.5165080088
3925,0.5164859784
3926,0.5164634223
3927,0.5164410483
3928,0.5164221333
3929,0.5164003224
3930,0.5163776673
3931,0.5163549679
3932,0.5163362938
3933,0.5163146507
3934,0.516291503
3935,0.5162689539
3936,0.5162495907
3937,0.5162276154
3938,0.5162045933
3939,0.5161819971
3940,0.5161629243
3941,0.5161409667
3942,0.5161187866
3943,0.5160964038
3944,0.5160772967
3945,0.5160550397
3946,0.51603239
3947,0.5160100545
3948,0.5159909813
3949,0.515969142
3950,0.5159468724
3951,0.5159244324
3952,0.5159059054
3953,0.5158840673
3954,0.5158616831
3955,0.5158393876
3956,0.5158210179
3957,0.5157989404
3958,0.5157761979
3959,0.5157540074
3960,0.5157354457
3961,0.5157136868
3962,0.5156911264
3963,0.5156684286
3964,0.5156498545
3965,0.5156282797
3966,0.5156058945
3967,0.5155832484
3968,0.5155644168
3969,0.5155433801
3970,0.5155207382
3971,0.5154984123
3972,0.5154798945
3973,0.5154579765
3974,0.5154350741
3975,0.5154129067
3976,0.5153945056
3977,0.515372632
3978,0.5153501804
3979,0.5153278838
3980,0.5153091195
3981,0.5152877977
3982,0.5152652176
3983,0.5152427325
3984,0.5152235991
3985,0.5152022095
3986,0.5151797168
3987,0.5151573042
3988,0.5151386557
3989,0.5151175585
3990,0.51509523
3991,0.5150731885
3992,0.5150549335
3993,0.5150338673
3994,0.5150115343
3995,0.514989544
3996,0.5150375044
3997,0.5151048793
3998,0.515172292
3999,0.5152394062
4000,0.5159335516
4001,0.515935538
4002,0.5159136321
4003,0.5158915407
4004,0.5158731619
4005,0.5158514865
4006,0.5158291362
4007,0.5158069928
4008,0.515788652
4009,0.5157672385
4010,0.5157451955
4011,0.5157232988
4012,0.5157046299
4013,0.5156833743
4014,0.515661177
4015,0.5156388343
4016,0.5156208415
4017,0.5155993053
4018,0.5155773138
4019,0.515555235
4020,0.5155367994
4021,0.5155157438
4022,0.5154940122
4023,0.5154723218
4024,0.5154538773
4025,0.5154333706
4026,0.5154121955
4027,0.5153903874
4028,0.515372907
4029,0.5153523424
4030,0.5153310681
4031,0.5153089919
4032,0.5152905336
4033,0.5152693759
4034,0.5152473232
4035,0.5152255279
4036,0.5152071891
4037,0.5151861841
4038,0.5151644732
4039,0.5151425524
4040,0.5151242707
4041,0.5151033279
4042,0.5150817703
4043,0.5150603642
4044,0.515042447
4045,0.5150213051
4046,0.5150001998
4047,0.5149786014
4048,0.5149613785
4049,0.5149410243
4050,0.51491933
4051,0.5148982884
4052,0.5148807775
4053,0.51486089
4054,0.5148394347
4055,0.5148183382
4056,0.51480063
4057,0.5147802908
4058,0.5147586974
4059,0.514737617
4060,0.5147201025
4061,0.5146993883
4062,0.5146783622
4063,0.5146571154
4064,0.5146398583
4065,0.514619592
4066,0.5145987808
4067,0.5145778044
4068,0.5145605881
4069,0.5145401
4070,0.5145193496
4071,0.5144986145
4072,0.51448132
4073,0.5144611631
4074,0.5144403892
4075,0.514419528
4076,0.5144020481
4077,0.5143818518
4078,0.5143606824
4079,0.5143398111
4080,0.5143227382
4081,0.5143026131
4082,0.5142817932
4083,0.514260815
4084,0.5142438905
4085,0.5142235467
4086,0.514202606
4087,0.5141824966
4088,0.514165167
4089,0.5141453144
4090,0.5141242857
4091,0.5141037628
4092,0.5140869563
4093,0.5140668837
4094,0.5140464615
4095,0.5140262316
4096,0.5140739241
4097,0.5141403304
4098,0.5142065588
4099,0.5142736934
4100,0.5149701012
4101,0.5149725849
4102,0.5149518609
4103,0.5149317675
4104,0.5149151574
4105,0.5148950462
4106,0.5148745608
4107,0.5148538957
4108,0.5148368336
4109,0.5148173839
4110,0.5147967591
4111,0.5147761582
4112,0.5147591729
4113,0.5147393976
4114,0.5147191031
4115,0.51469861
4116,0.5146815278
4117,0.514662398
4118,0.5146417554
4119,0.5146212251
4120,0.5146045459
4121,0.514584466
4122,0.514564038
4123,0.5145435722
4124,0.5145263492
4125,0.5145065429
4126,0.5144860546
4127,0.5144656285
4128,0.5144490378
4129,0.5144294287
4130,0.5144087508
4131,0.5143887141
4132,0.5143720474
4133,0.5143521376
4134,0.5143318435
4135,0.514311236
4136,0.5142946095
4137,0.5142750481
4138,0.5142547186
4139,0.5142344299
4140,0.5142178391
4141,0.5141982735
4142,0.514178086
4143,0.5141578458
4144,0.514141503
4145,0.5141220694
4146,0.5141018374
4147,0.5140813765
4148,0.5140643788
4149,0.5140455615
4150,0.5140255839
4151,0.5140052796
4152,0.5139888343
4153,0.5139695163
4154,0.5139496484
4155,0.5139294805
4156,0.5139131756
4157,0.5138938351
4158,0.513873424
4159,0.5138530464
4160,0.5138362862
4161,0.5138167636
4162,0.5137968178
4163,0.5137764993
4164,0.5137597819
4165,0.5137402511
4166,0.5137204254
4167,0.5137003177
4168,0.5136836002
4169,0.513664819
4170,0.5136448428
4171,0.5136253527
4172,0.51360896
4173,0.5135896808
4174,0.5135694467
4175,0.5135499172
4176,0.513533774
4177,0.5135145883
4178,0.5134947258
4179,0.5134750764
4180,0.513458827
4181,0.5134400104
4182,0.5134202353
4183,0.5134006241
4184,0.5133844648
4185,0.5133656618
4186,0.5133455583
4187,0.5133259299
4188,0.5133101794
4189,0.5132911521
4190,0.513271482
4191,0.5132517894
4192,0.5132361077
4193,0.5132175815
4194,0.513197828
4195,0.5131787471
4196,0.5132263717
4197,0.5132918662
4198,0.5133579487
4199,0.5134241587
4200,0.5141009109
4201,0.514103757
4202,0.5140836598
4203,0.5140647882
4204,0.5140491768
4205,0.5140306626
4206,0.5140113946
4207,0.5139921076
4208,0.5139764533
4209,0.5139577189
4210,0.5139383054
4211,0.5139191926
4212,0.5139034299
4213,0.5138851372
4214,0.5138660624
4215,0.5138465474
4216,0.5138313213
4217,0.5138129879
4218,0.5137938682
4219,0.5137746124
4220,0.5137589003
4221,0.5137404114
4222,0.513721466
4223,0.5137022396
4224,0.5136863593
4225,0.5136679218
4226,0.5136490185
4227,0.5136295216
4228,0.5136142423
4229,0.5135960053
4230,0.5135773099
4231,0.5135587752
4232,0.5135431515
4233,0.513524757
4234,0.5135059605
4235,0.51348706
4236,0.513471427
4237,0.5134537093
4238,0.51343475
4239,0.5134162209
4240,0.513401069
4241,0.5133831148
4242,0.5133644659
4243,0.5133457912
4244,0.5133304806
4245,0.5133124284
4246,0.5132936259
4247,0.5132750621
4248,0.5132599321
4249,0.5132416885
4250,0.5132225056
4251,0.5132038106
4252,0.513188761
4253,0.5131705737
4254,0.5131519928
4255,0.5131335277
4256,0.5131184673
4257,0.5131004804
4258,0.5130820094
4259,0.5130634064
4260,0.5130482804
4261,0.5130301336
4262,0.5130116793
4263,0.5129927778
4264,0.51297797
4265,0.5129600961
4266,0.5129410015
4267,0.51292233
4268,0.5129074128
4269,0.5128892502
4270,0.5128710431
4271,0.512852612
4272,0.5128377544
4273,0.5128200422
4274,0.5128015025
4275,0.5127826647
4276,0.5127677811
4277,0.512750017
4278,0.5127317574
4279,0.5127131637
4280,0.5126983983
4281,0.5126803066
4282,0.512661698
4283,0.5126434384
4284,0.5126285896
4285,0.5126107829
4286,0.5125925805
4287,0.5125741379
4288,0.5125591015
4289,0.512541158
4290,0.512522813
4291,0.5125045813
4292,0.5124898359
4293,0.512471877
4294,0.5124536106
4295,0.5124354637
4296,0.5124825852
4297,0.5125472853
4298,0.5126124949
4299,0.5126777811
4300,0.5133710645
4301,0.5133750016
4302,0.5133566125
4303,0.513338239
4304,0.5133235723
4305,0.5133058813
4306,0.513287491
4307,0.5132691575
4308,0.5132542775
4309,0.5132364682
4310,0.5132180908
4311,0.5131998899
4312,0.5131850463
4313,0.5131672577
4314,0.5131489992
4315,0.5131308219
4316,0.5131160642
4317,0.5130979369
4318,0.5130791773
4319,0.5130610238
4320,0.5130464776
4321,0.5130286366
4322,0.5130105376
4323,0.5129924336
4324,0.5129777505
4325,0.5129598311
4326,0.5129412875
4327,0.512922812
4328,0.5129078685
4329,0.5128901459
4330,0.5128718157
4331,0.5128530312
4332,0.5128379376
4333,0.5128203398
4334,0.5128019849
4335,0.5127837041
4336,0.512768538
4337,0.5127508951
4338,0.5127325081
4339,0.5127142733
4340,0.5126994866
4341,0.5126818718
4342,0.5126631739
4343,0.5126446127
4344,0.5126293849
4345,0.5126115025
4346,0.5125936086
4347,0.5125754779
4348,0.5125608753
4349,0.5125432841
4350,0.5125250934
4351,0.5125069254
4352,0.5124922011
4353,0.5124746107
4354,0.5124565914
4355,0.5124381872
4356,0.5124236278
4357,0.5124062196
4358,0.5123881159
4359,0.5123700516
4360,0.5123552381
4361,0.5123378261
4362,0.5123191618
4363,0.5123011965
4364,0.5122860207
4365,0.5122685941
4366,0.5122500081
4367,0.5122321181
4368,0.5122175427
4369,0.512200204
4370,0.5121821943
4371,0.5121644843
4372,0.512150031
4373,0.512132717
4374,0.5121146851
4375,0.5120967181
4376,0.5120821428
4377,0.5120649594
4378,0.5120470201
4379,0.5120290683
4380,0.5120145935
4381,0.5119973307
4382,0.5119793364
4383,0.5119613876
4384,0.5119468605
4385,0.5119297241
4386,0.5119118561
4387,0.5118941659
4388,0.511880044
4389,0.5118628691
4390,0.5118450991
4391,0.5118273511
4392,0.5118130401
4393,0.511795392
4394,0.5117775955
4395,0.5117599384
4396,0.5118059955
4397,0.5118695849
4398,0.5119327291
4399,0.5119964982
4400,0.5126325125
4401,0.512636347
4402,0.5126184225
4403,0.5126006227
4404,0.5125862567
4405,0.5125689908
4406,0.5125508931
4407,0.5125329346
4408,0.5125184887
4409,0.5125010182
4410,0.5124830871
4411,0.5124649082
4412,0.5124504946
4413,0.5124333748
4414,0.5124156236
4415,0.5123978875
4416,0.5123829515
4417,0.5123657106
4418,0.5123480118
4419,0.5123301052
4420,0.512315376
4421,0.5122976711
4422,0.5122798611
4423,0.5122620042
4424,0.5122472314
4425,0.512229666
4426,0.512211748
4427,0.5121939811
4428,0.5121792716
4429,0.5121616462
4430,0.5121437207
4431,0.5121258569
4432,0.5121115776
4433,0.512094573
4434,0.5120761954
4435,0.5120580814
4436,0.512043208
4437,0.5120256697
4438,0.5120072995
4439,0.5119897377
4440,0.5119754297
4441,0.5119581138
4442,0.5119404215
4443,0.511922485
4444,0.5119084483
4445,0.5118914962
4446,0.5118737894
4447,0.5118562436
4448,0.5118416254
4449,0.5118245205
4450,0.51180702
4451,0.5117895315
4452,0.5117749258
4453,0.5117580605
4454,0.5117400489
4455,0.5117226377
4456,0.5117080038
4457,0.5116913154
4458,0.5116734499
4459,0.5116556236
4460,0.5116416372
4461,0.511624783
4462,0.5116076603
4463,0.5115901604
4464,0.5115755049
4465,0.5115585973
4466,0.511541128
4467,0.5115233815
4468,0.5115088121
4469,0.511492092
4470,0.5114746317
4471,0.5114571862
4472,0.5114431647
4473,0.5114265518
4474,0.5114087803
4475,0.5113913881
4476,0.5113774934
4477,0.5113604299
4478,0.5113427439
4479,0.5113255172
4480,0.5113116588
4481,0.5112950352
4482,0.5112777458
4483,0.5112605517
4484,0.5112466488
4485,0.5112300635
4486,0.5112128333
4487,0.5111955864
4488,0.5111817809
4489,0.5111651093
4490,0.5111481036
4491,0.5111310136
4492,0.5111173395
4493,0.5111006113
4494,0.511083426
4495,0.5110664986
4496,0.511111669
4497,0.5111743172
4498,0.5112371157
4499,0.5112998936
4500,0.5119969749
4501,0.5120010243
4502,0.5119837083
4503,0.5119663666
4504,0.511952295
4505,0.5119354002
4506,0.5119181036
4507,0.5119008498
4508,0.5118869736
4509,0.5118698683
4510,0.5118526469
4511,0.5118353726
4512,0.5118214491
4513,0.5118047215
4514,0.5117872046
4515,0.5117696446
4516,0.5117559289
4517,0.5117390209
4518,0.5117217293
4519,0.5117044906
4520,0.5116905828
4521,0.5116737969
4522,0.5116563365
4523,0.5116391316
4524,0.5116253992
4525,0.5116085479
4526,0.5115911321
4527,0.5115738207
4528,0.5115595475
4529,0.5115426055
4530,0.5115251708
4531,0.5115076151
4532,0.5114937286
4533,0.5114767872
4534,0.5114595901
4535,0.5114421878
4536,0.5114286493
4537,0.5114119608
4538,0.5113950186
4539,0.5113779378
4540,0.5113638717
4541,0.5113471337
4542,0.5113297526
4543,0.5113126647
4544,0.5112989319
4545,0.5112821633
4546,0.5112650107
4547,0.5112479066
4548,0.5112340907
4549,0.5112170728
4550,0.5111998951
4551,0.5111824852
4552,0.5111682309
4553,0.5111512604
4554,0.5111342104
4555,0.5111168393
4556,0.5111030967
4557,0.51108636
4558,0.5110692195
4559,0.511051976
4560,0.5110382652
4561,0.5110216036
4562,0.5110041965
4563,0.5109872489
4564,0.5109737
4565,0.5109571076
4566,0.5109401274
4567,0.5109228399
4568,0.5109093529
4569,0.5108925788
4570,0.5108755919
4571,0.5108586264
4572,0.5108447603
4573,0.5108280095
4574,0.5108110808
4575,0.5107939509
4576,0.5107803161
4577,0.5107638097
4578,0.5107467833
4579,0.5107296696
4580,0.5107158224
4581,0.5106994543
4582,0.5106822367
4583,0.5106651778
4584,0.5106513344
4585,0.5106344941
4586,0.5106176266
4587,0.510600711
4588,0.5105871875
4589,0.5105707141
4590,0.5105538559
4591,0.5105369658
4592,0.5105235413
4593,0.5105070109
4594,0.510490227
4595,0.5104734971
4596,0.5105175521
4597,0.510578724
4598,0.5106397615
4599,0.5107011638
4600,0.5113341176
4601,0.5113380255
4602,0.5113210222
4603,0.511304041
4604,0.5112903482
4605,0.5112737493
4606,0.5112566447
4607,0.511239952
4608,0.5112262203
4609,0.5112096906
4610,0.5111928789
4611,0.5111761179
4612,0.5111624135
4613,0.5111458966
4614,0.5111288918
4615,0.5111117056
4616,0.5110980981
4617,0.5110815735
4618,0.5110645701
4619,0.5110478588
4620,0.5110342728
4621,0.5110178562
4622,0.5110010108
4623,0.5109842022
4624,0.5109707171
4625,0.5109543126
4626,0.5109373626
4627,0.5109205539
4628,0.5109070154
4629,0.5108905535
4630,0.5108737909
4631,0.5108571146
4632,0.5108435982
4633,0.5108271924
4634,0.5108104078
4635,0.5107934129
4636,0.5107795755
4637,0.5107630834
4638,0.5107460286
4639,0.5107290091
4640,0.510715219
4641,0.5106984982
4642,0.5106817831
4643,0.5106651859
4644,0.5106514455
4645,0.5106348663
4646,0.5106178261
4647,0.5106008113
4648,0.5105874757
4649,0.5105709858
4650,0.5105540466
4651,0.5105371846
4652,0.5105237518
4653,0.510507466
4654,0.5104908424
4655,0.5104744718
4656,0.5104609647
4657,0.5104447829
4658,0.5104280667
4659,0.5104117122
4660,0.5103984631
4661,0.5103825293
4662,0.5103658386
4663,0.510349434
4664,0.5103361078
4665,0.510320067
4666,0.510303629
4667,0.5102872529
4668,0.5102740343
4669,0.5102581702
4670,0.5102420654
4671,0.510225564
4672,0.5102123161
4673,0.5101964635
4674,0.5101799903
4675,0.5101638906
4676,0.5101506031
4677,0.5101345137
4678,0.5101183832
4679,0.5101019531
4680,0.5100887293
4681,0.5100727283
4682,0.5100560882
4683,0.5100397631
4684,0.5100265005
4685,0.5100107206
4686,0.5099942532
4687,0.5099781197
4688,0.5099649588
4689,0.509948978
4690,0.5099328581
4691,0.5099165348
4692,0.5099033213
4693,0.5098875967
4694,0.5098713529
4695,0.5098549493
4696,0.5098985603
4697,0.5099584709
4698,0.5100185694
4699,0.5100788851
4700,0.510693315
4701,0.5106972958
4702,0.5106808407
4703,0.5106646881
4704,0.5106514703
4705,0.5106353685
4706,0.5106187703
4707,0.5106025384
4708,0.5105892484
4709,0.5105731009
4710,0.5105564446
4711,0.5105399855
4712,0.5105271198
4713,0.5105113663
4714,0.5104949029
4715,0.5104783782
4716,0.5104653754
4717,0.5104493318
4718,0.510432835
4719,0.5104164453
4720,0.5104034003
4721,0.5103876448
4722,0.510371204
4723,0.5103548564
4724,0.5103417517
4725,0.5103257717
4726,0.5103098508
4727,0.5102935787
4728,0.5102803962
4729,0.5102647143
4730,0.5102482998
4731,0.5102320271
4732,0.5102188875
4733,0.5102029193
4734,0.5101866047
4735,0.51017036
4736,0.5101572494
4737,0.5101412792
4738,0.5101250367
4739,0.510109042
4740,0.5100962247
4741,0.5100803433
4742,0.5100640722
4743,0.5100479704
4744,0.5100349417
4745,0.5100193734
4746,0.510003512
4747,0.5099873798
4748,0.5099747894
4749,0.5099589087
4750,0.5099426639
4751,0.5099268729
4752,0.5099138433
4753,0.509898347
4754,0.5098825558
4755,0.5098665038
4756,0.5098537938
4757,0.5098380063
4758,0.5098221783
4759,0.5098062172
4760,0.5097934975
4761,0.5097777312
4762,0.5097619273
4763,0.5097462016
4764,0.5097336949
4765,0.5097179307
4766,0.5097017946
4767,0.5096862334
4768,0.5096733198
4769,0.5096577869
4770,0.5096416777
4771,0.5096256796
4772,0.5096132314
4773,0.5095975731
4774,0.5095819727
4775,0.5095661205
4776,0.5095533786
4777,0.5095377101
4778,0.5095221149
4779,0.5095065219
4780,0.5094937392
4781,0.5094781124
4782,0.5094624425
4783,0.5094465223
4784,0.5094340131
4785,0.5094186607
4786,0.509403082
4787,0.5093874665
4788,0.5093746332
4789,0.5093590011
4790,0.5093434247
4791,0.5093278231
4792,0.5093150617
4793,0.5092998139
4794,0.5092840202
4795,0.5092687284
4796,0.5093115582
4797,0.5093705071
4798,0.5094297531
4799,0.509489035
4800,0.5101061291
4801,0.5101104472
4802,0.5100944442
4803,0.5100784563
4804,0.5100658764
4805,0.510050138
4806,0.5100343759
4807,0.5100187389
4808,0.5100058496
4809,0.5099904629
4810,0.5099747716
4811,0.5099591583
4812,0.509946722
4813,0.5099315335
4814,0.5099155906
4815,0.5098999824
4816,0.5098875497
4817,0.5098722868
4818,0.5098567521
4819,0.5098413042
4820,0.5098288527
4821,0.509813734
4822,0.5097982665
4823,0.5097827499
4824,0.5097700591
4825,0.5097549259
4826,0.5097394323
4827,0.5097240425
4828,0.5097115226
4829,0.5096964439
4830,0.5096809657
4831,0.5096653764
4832,0.5096530445
4833,0.5096380451
4834,0.5096226044
4835,0.5096072209
4836,0.5095948907
4837,0.5095797871
4838,0.5095643635
4839,0.5095489429
4840,0.509536643
4841,0.50952169
4842,0.5095061882
4843,0.5094909341
4844,0.5094784434
4845,0.5094632487
4846,0.5094476172
4847,0.5094320876
4848,0.5094194077
4849,0.5094040076
4850,0.5093884693
4851,0.509372787
4852,0.5093603718
4853,0.5093452416
4854,0.5093293788
4855,0.5093136029
4856,0.5093011634
4857,0.5092857931
4858,0.5092700735
4859,0.5092545426
4860,0.5092417656
4861,0.5092263641
4862,0.5092106245
4863,0.509194916
4864,0.5091822928
4865,0.5091669394
4866,0.5091514637
4867,0.5091358143
4868,0.5091235454
4869,0.5091088381
4870,0.5090932949
4871,0.5090780492
4872,0.5090657816
4873,0.5090508981
4874,0.5090354801
4875,0.5090201408
4876,0.5090077993
4877,0.5089928092
4878,0.5089775208
4879,0.5089620744
4880,0.5089497773
4881,0.5089347969
4882,0.5089194732
4883,0.5089042091
4884,0.5088919443
4885,0.5088768883
4886,0.5088616818
4887,0.5088464146
4888,0.5088341865
4889,0.5088192537
4890,0.5088039047
4891,0.5087887566
4892,0.5087764627
4893,0.5087613588
4894,0.5087458874
4895,0.5087306006
4896,0.5087727234
4897,0.5088309532
4898,0.508889245
4899,0.5089476112
4900,0.5095516023
4901,0.5095556828
4902,0.5095402761
4903,0.5095248728
4904,0.5095122963
4905,0.509497154
4906,0.5094816809
4907,0.5094660108
4908,0.5094536284
4909,0.5094388772
4910,0.5094234157
4911,0.5094080745
4912,0.5093956023
4913,0.5093807069
4914,0.5093654558
4915,0.5093503586
4916,0.5093381541
4917,0.5093233294
4918,0.5093080833
4919,0.5092926037
4920,0.5092803294
4921,0.5092654483
4922,0.5092501938
4923,0.5092350137
4924,0.5092227021
4925,0.5092078276
4926,0.5091926023
4927,0.5091773569
4928,0.5091652709
4929,0.5091503032
4930,0.5091350242
4931,0.5091197134
4932,0.5091075356
4933,0.5090927096
4934,0.5090774639
4935,0.5090624304
4936,0.5090501495
4937,0.5090354205
4938,0.5090200436
4939,0.5090049883
4940,0.5089929815
4941,0.508978192
4942,0.5089631637
4943,0.5089480852
4944,0.5089358333
4945,0.5089212425
4946,0.5089060335
4947,0.5088909718
4948,0.5088786164
4949,0.5088639057
4950,0.5088487255
4951,0.5088335768
4952,0.5088214357
4953,0.5088064968
4954,0.5087910263
4955,0.5087757063
4956,0.5087634472
4957,0.508748499
4958,0.5087335019
4959,0.5087180698
4960,0.5087061345
4961,0.5086914072
4962,0.508676048
4963,0.508661047
4964,0.5086490134
4965,0.5086344164
4966,0.508619368
4967,0.5086040082
4968,0.5085917631
4969,0.5085768036
4970,0.5085617327
4971,0.5085468469
4972,0.5085346158
4973,0.5085198935
4974,0.5085046698
4975,0.5084894819
4976,0.5084773946
4977,0.5084626853
4978,0.5084474194
4979,0.5084323496
4980,0.5084200927
4981,0.5084054407
4982,0.5083902595
4983,0.5083750828
4984,0.5083631476
4985,0.5083485587
4986,0.5083337127
4987,0.5083190289
4988,0.5083071339
4989,0.5082926586
4990,0.5082777767
4991,0.508262675
4992,0.5082506507
4993,0.5082358576
4994,0.5082209593
4995,0.5082058296
4996,0.5082469644
4997,0.5083036905
4998,0.5083611292
4999,0.5084183272
5000,0.5090037085
5001,0.509008261
5002,0.5089931062
5003,0.5089778737
5004,0.5089658132
5005,0.508951061
5006,0.5089360416
5007,0.5089209439
5008,0.5089088517
5009,0.5088944911
5010,0.5088795885
5011,0.5088648439
5012,0.5088529024
5013,0.5088381886
5014,0.5088232002
5015,0.5088082967
5016,0.5087963504
5017,0.5087816782
5018,0.5087667575
5019,0.5087519777
5020,0.5087400111
5021,0.5087254019
5022,0.5087106384
5023,0.5086961231
5024,0.5086840887
5025,0.508669781
5026,0.5086552273
5027,0.5086404575
5028,0.5086288446
5029,0.5086145157
5030,0.5085996555
5031,0.5085851659
5032,0.5085736633
5033,0.5085594709
5034,0.5085450338
5035,0.5085307035
5036,0.5085192878
5037,0.508505424
5038,0.5084909403
5039,0.5084764604
5040,0.5084649226
5041,0.5084507216
5042,0.5084362996
5043,0.5084219502
5044,0.5084106093
5045,0.5083966683
5046,0.5083821137
5047,0.5083679491
5048,0.5083562812
5049,0.5083419981
5050,0.5083272823
5051,0.5083126358
5052,0.5083012106
5053,0.5082868264
5054,0.5082718621
5055,0.5082570846
5056,0.5082451512
5057,0.5082308358
5058,0.5082161517
5059,0.5082014513
5060,0.5081894754
5061,0.5081750987
5062,0.5081602111
5063,0.5081454765
5064,0.5081340502
5065,0.5081202279
5066,0.5081057321
5067,0.508091361
5068,0.5080796717
5069,0.5080654994
5070,0.5080509523
5071,0.508036518
5072,0.5080257558
5073,0.5080116615
5074,0.5079972133
5075,0.5079826777
5076,0.5079713479
5077,0.5079573584
5078,0.5079431814
5079,0.5079286632
5080,0.5079170796
5081,0.5079031333
5082,0.5078890174
5083,0.5078746663
5084,0.5078632936
5085,0.5078491532
5086,0.5078348417
5087,0.5078200657
5088,0.5078085637
5089,0.5077945232
5090,0.5077804281
5091,0.5077661422
5092,0.507754809
5093,0.5077407963
5094,0.5077265958
5095,0.507712248
5096,0.5077530022
5097,0.5078096461
5098,0.5078662609
5099,0.5079231285
5100,0.5084950511
5101,0.5084996839
5102,0.508485327
5103,0.5084709656
5104,0.5084597193
5105,0.5084458877
5106,0.5084317071
5107,0.508417749
5108,0.5084067422
5109,0.5083928392
5110,0.5083787475
5111,0.5083644353
5112,0.5083531291
5113,0.5083394043
5114,0.5083251718
5115,0.5083109642
5116,0.508299805
5117,0.5082859467
5118,0.5082719236
5119,0.5082574432
5120,0.5082464485
5121,0.5082326746
5122,0.5082183013
5123,0.5082041639
5124,0.508192891
5125,0.5081793434
5126,0.5081649477
5127,0.5081509195
5128,0.5081395968
5129,0.5081260794
5130,0.5081119047
5131,0.5080979097
5132,0.5080866947
5133,0.5080729461
5134,0.5080588711
5135,0.5080446512
5136,0.5080334847
5137,0.5080198371
5138,0.5080057792
5139,0.5079917489
5140,0.5079805126
5141,0.5079670415
5142,0.5079529121
5143,0.5079387021
5144,0.5079274088
5145,0.5079137435
5146,0.5078994391
5147,0.5078851511
5148,0.50787414
5149,0.5078602941
5150,0.5078459565
5151,0.507832004
5152,0.5078205525
5153,0.5078066073
5154,0.5077924042
5155,0.5077786126
5156,0.5077671655
5157,0.5077532878
5158,0.5077393404
5159,0.5077254303
5160,0.507714401
5161,0.5077005613
5162,0.5076862786
5163,0.507672063
5164,0.5076608511
5165,0.5076470416
5166,0.5076329466
5167,0.5076189609
5168,0.5076079318
5169,0.5075942725
5170,0.5075802535
5171,0.5075661454
5172,0.5075550864
5173,0.5075414762
5174,0.5075275013
5175,0.5075135125
5176,0.5075024707
5177,0.5074888577
5178,0.5074748582
5179,0.5074611064
5180,0.5074501837
5181,0.5074367995
5182,0.5074229017
5183,0.5074091887
5184,0.5073984243
5185,0.5073850228
5186,0.5073713512
5187,0.5073575464
5188,0.5073466193
5189,0.5073331968
5190,0.5073194694
5191,0.5073056555
5192,0.5072948255
5193,0.5072815038
5194,0.5072677999
5195,0.5072541017
5196,0.5072941739
5197,0.5073494487
5198,0.5074046834
5199,0.50745986
5200,0.5080206264
5201,0.5080252464
5202,0.5080114139
5203,0.507997714
5204,0.5079865714
5205,0.5079730929
5206,0.5079592095
5207,0.5079453003
5208,0.5079344061
5209,0.5079209842
5210,0.5079072195
5211,0.5078935617
5212,0.5078825883
5213,0.5078688814
5214,0.5078551466
5215,0.5078411338
5216,0.5078299406
5217,0.5078165125
5218,0.50780244
5219,0.5077887058
5220,0.5077777689
5221,0.507764405
5222,0.5077507285
5223,0.5077368627
5224,0.507725878
5225,0.5077121618
5226,0.5076982456
5227,0.5076840272
5228,0.5076726701
5229,0.5076588097
5230,0.5076449336
5231,0.5076308605
5232,0.5076198298
5233,0.5076061708
5234,0.5075922211
5235,0.5075781988
5236,0.5075673124
5237,0.507553798
5238,0.5075400554
5239,0.507526213
5240,0.5075150444
5241,0.507501284
5242,0.5074875645
5243,0.5074736216
5244,0.5074625473
5245,0.5074488909
5246,0.5074347993
5247,0.5074208449
5248,0.5074094731
5249,0.5073958804
5250,0.5073818706
5251,0.5073679685
5252,0.5073570481
5253,0.5073437751
5254,0.5073301209
5255,0.507316473
5256,0.5073052616
5257,0.5072917501
5258,0.5072776401
5259,0.5072637685
5260,0.5072529505
5261,0.5072393014
5262,0.5072255244
5263,0.5072118441
5264,0.5072006953
5265,0.5071873629
5266,0.5071734637
5267,0.5071595186
5268,0.5071484021
5269,0.5071351532
5270,0.5071212286
5271,0.5071074278
5272,0.5070964288
5273,0.5070832416
5274,0.5070693521
5275,0.5070555186
5276,0.5070445517
5277,0.5070310489
5278,0.5070171295
5279,0.5070033422
5280,0.5069926182
5281,0.5069792262
5282,0.5069654575
5283,0.5069517837
5284,0.5069409425
5285,0.5069275107
5286,0.506913656
5287,0.5068998836
5288,0.5068891679
5289,0.5068759601
5290,0.506862423
5291,0.5068486923
5292,0.5068376398
5293,0.506824574
5294,0.506810951
5295,0.506797509
5296,0.5068365869
5297,0.5068903511
5298,0.5069443486
5299,0.5069984055
5300,0.507546244
5301,0.5075507199
5302,0.5075368394
5303,0.5075228955
5304,0.5075118246
5305,0.5074983945
5306,0.5074845127
5307,0.5074707221
5308,0.5074597504
5309,0.5074466408
5310,0.5074328808
5311,0.5074190757
5312,0.5074083783
5313,0.5073948599
5314,0.5073809283
5315,0.507367189
5316,0.5073563007
5317,0.5073432734
5318,0.5073293255
5319,0.5073155747
5320,0.5073046069
5321,0.5072912131
5322,0.5072774173
5323,0.5072639051
5324,0.5072531809
5325,0.5072397902
5326,0.5072261204
5327,0.5072125151
5328,0.5072015239
5329,0.5071881331
5330,0.5071741901
5331,0.5071605749
5332,0.5071495163
5333,0.507136016
5334,0.5071224705
5335,0.5071089669
5336,0.5070979641
5337,0.5070846458
5338,0.5070710736
5339,0.5070574184
5340,0.5070469514
5341,0.5070337999
5342,0.5070201371
5343,0.5070068433
5344,0.5069961438
5345,0.5069830149
5346,0.506969496
5347,0.506956064
5348,0.5069454836
5349,0.5069321966
5350,0.5069188219
5351,0.5069052753
5352,0.5068946756
5353,0.5068815612
5354,0.5068684576
5355,0.5068548647
5356,0.5068443349
5357,0.5068314757
5358,0.506817919
5359,0.5068045518
5360,0.5067941293
5361,0.506781037
5362,0.5067675239
5363,0.5067544106
5364,0.5067436867
5365,0.5067308855
5366,0.5067174314
5367,0.5067038815
5368,0.5066933108
5369,0.5066805066
5370,0.5066669666
5371,0.5066534656
5372,0.5066427629
5373,0.506629623
5374,0.5066162372
5375,0.5066027237
5376,0.5065920496
5377,0.5065790003
5378,0.5065656525
5379,0.5065525357
5380,0.5065420721
5381,0.5065294467
5382,0.506516449
5383,0.5065034221
5384,0.5064929838
5385,0.5064800321
5386,0.5064668504
5387,0.5064535825
5388,0.5064433203
5389,0.5064306642
5390,0.5064175395
5391,0.5064044723
5392,0.5063939497
5393,0.5063812703
5394,0.5063680573
5395,0.5063548598
5396,0.5063936141
5397,0.50644675
5398,0.5065001203
5399,0.5065533834
5400,0.5070965094
5401,0.5071010647
5402,0.5070879909
5403,0.5070749626
5404,0.5070644427
5405,0.507051815
5406,0.507038613
5407,0.5070254906
5408,0.5070149874
5409,0.5070021983
5410,0.5069891534
5411,0.5069759512
5412,0.5069651362
5413,0.5069524146
5414,0.5069392755
5415,0.5069262431
5416,0.5069160122
5417,0.5069033979
5418,0.5068902693
5419,0.506877115
5420,0.5068667633
5421,0.5068542002
5422,0.5068411511
5423,0.5068282419
5424,0.5068180167
5425,0.5068054455
5426,0.5067925253
5427,0.5067796543
5428,0.5067693345
5429,0.5067565691
5430,0.5067435191
5431,0.5067304203
5432,0.5067201958
5433,0.5067076648
5434,0.506694454
5435,0.5066815196
5436,0.5066711636
5437,0.5066584914
5438,0.506645456
5439,0.5066323343
5440,0.5066218958
5441,0.5066093766
5442,0.506596567
5443,0.5065835273
5444,0.5065731013
5445,0.5065606305
5446,0.5065476299
5447,0.5065347807
5448,0.5065245922
5449,0.5065120448
5450,0.5064991179
5451,0.50648627
5452,0.5064760881
5453,0.5064636288
5454,0.5064507288
5455,0.5064378915
5456,0.5064276783
5457,0.5064153954
5458,0.506402083
5459,0.5063890385
5460,0.5063787612
5461,0.5063661266
5462,0.5063530975
5463,0.5063401861
5464,0.5063299439
5465,0.5063176233
5466,0.5063047749
5467,0.5062915692
5468,0.506281031
5469,0.5062686438
5470,0.5062554827
5471,0.5062424589
5472,0.506232348
5473,0.5062197266
5474,0.5062068287
5475,0.5061936346
5476,0.5061835797
5477,0.5061713329
5478,0.5061582178
5479,0.5061454794
5480,0.5061353986
5481,0.5061230653
5482,0.5061102617
5483,0.5060973658
5484,0.5060871929
5485,0.5060745447
5486,0.5060617186
5487,0.5060489068
5488,0.5060388861
5489,0.5060266545
5490,0.5060140452
5491,0.5060014079
5492,0.5059913894
5493,0.50597932
5494,0.5059666034
5495,0.5059537865
5496,0.5059920398
5497,0.5060445523
5498,0.5060969487
5499,0.5061494523
5500,0.5066720786
5501,0.506677118
5502,0.5066638535
5503,0.5066511579
5504,0.5066410648
5505,0.5066285791
5506,0.5066159395
5507,0.5066030113
5508,0.506592923
5509,0.5065807353
5510,0.5065680331
5511,0.5065551465
5512,0.506545075
5513,0.5065329903
5514,0.5065198157
5515,0.5065073008
5516,0.5064970444
5517,0.506485156
5518,0.5064727129
5519,0.5064603058
5520,0.5064502117
5521,0.5064379392
5522,0.5064251928
5523,0.5064125993
5524,0.5064023466
5525,0.5063901645
5526,0.5063774004
5527,0.5063644056
5528,0.5063543892
5529,0.5063420104
5530,0.5063290876
5531,0.5063160845
5532,0.5063061971
5533,0.5062938416
5534,0.5062810023
5535,0.5062682017
5536,0.5062582063
5537,0.5062457513
5538,0.5062327305
5539,0.5062197282
5540,0.5062096194
5541,0.5061973644
5542,0.5061845153
5543,0.5061715719
5544,0.5061611439
5545,0.50614875
5546,0.5061357649
5547,0.506122748
5548,0.5061123858
5549,0.5061000358
5550,0.506087121
5551,0.5060743931
5552,0.5060642082
5553,0.5060521233
5554,0.5060391558
5555,0.5060265181
5556,0.5060165395
5557,0.5060044475
5558,0.5059917412
5559,0.5059790682
5560,0.5059687628
5561,0.5059565078
5562,0.5059438315
5563,0.5059313028
5564,0.505921152
5565,0.5059090332
5566,0.5058960811
5567,0.5058833316
5568,0.5058734517
5569,0.5058613434
5570,0.5058488618
5571,0.5058359094
5572,0.5058255516
5573,0.5058134161
5574,0.5058006329
5575,0.5057877774
5576,0.5057774445
5577,0.5057651286
5578,0.5057522317
5579,0.5057392848
5580,0.5057291314
5581,0.5057170943
5582,0.5057042602
5583,0.505691331
5584,0.5056810859
5585,0.5056687878
5586,0.5056561012
5587,0.5056435215
5588,0.5056336331
5589,0.5056213958
5590,0.5056085734
5591,0.5055961878
5592,0.505586358
5593,0.50557435
5594,0.5055618117
5595,0.50554902
5596,0.5055865993
5597,0.5056376885
5598,0.5056891509
5599,0.5057407317
5600,0.5062504398
5601,0.5062548562
5602,0.5062422117
5603,0.5062296059
5604,0.5062196755
5605,0.5062076671
5606,0.5061952802
5607,0.50618309
5608,0.5061734324
5609,0.5061616992
5610,0.5061491857
5611,0.5061367032
5612,0.5061270027
5613,0.5061155389
5614,0.5061032068
5615,0.5060910111
5616,0.5060813523
5617,0.5060697237
5618,0.5060573946
5619,0.5060451856
5620,0.5060354722
5621,0.5060238867
5622,0.5060116904
5623,0.5059993894
5624,0.505989591
5625,0.5059779923
5626,0.5059658093
5627,0.5059536328
5628,0.5059440742
5629,0.5059326124
5630,0.5059205129
5631,0.505908305
5632,0.5058987844
5633,0.5058870542
5634,0.5058750022
5635,0.5058627318
5636,0.5058531343
5637,0.5058416788
5638,0.5058294634
5639,0.5058173687
5640,0.5058077621
5641,0.505796119
5642,0.5057838904
5643,0.5057717329
5644,0.5057622982
5645,0.5057507905
5646,0.5057385274
5647,0.5057264879
5648,0.5057170044
5649,0.5057054397
5650,0.5056933149
5651,0.5056812262
5652,0.5056717097
5653,0.5056601009
5654,0.5056479373
5655,0.5056358819
5656,0.5056263036
5657,0.5056148992
5658,0.5056026983
5659,0.5055908048
5660,0.5055814205
5661,0.5055699705
5662,0.5055578619
5663,0.5055459104
5664,0.505536546
5665,0.5055251548
5666,0.505513064
5667,0.5055009651
5668,0.5054916135
5669,0.5054799799
5670,0.5054678924
5671,0.505455798
5672,0.5054466077
5673,0.5054352883
5674,0.505423352
5675,0.5054116447
5676,0.5054024545
5677,0.505391284
5678,0.5053794632
5679,0.5053677585
5680,0.5053585709
5681,0.5053472214
5682,0.505335461
5683,0.5053234164
5684,0.5053140811
5685,0.5053029048
5686,0.5052908893
5687,0.5052790595
5688,0.5052699543
5689,0.5052589373
5690,0.5052468949
5691,0.5052350714
5692,0.5052259478
5693,0.505215045
5694,0.5052032306
5695,0.5051912785
5696,0.5052289547
5697,0.5052800117
5698,0.5053313791
5699,0.5053827069
5700,0.5059329754
5701,0.5059374815
5702,0.5059254841
5703,0.505913382
5704,0.5059039603
5705,0.5058925191
5706,0.5058804242
5707,0.5058681578
5708,0.5058587708
5709,0.50584721
5710,0.5058353467
5711,0.5058234553
5712,0.5058141019
5713,0.5058028164
5714,0.5057909027
5715,0.5057788775
5716,0.5057694571
5717,0.5057582742
5718,0.5057460209
5719,0.5057340254
5720,0.5057248057
5721,0.5057132619
5722,0.5057012889
5723,0.5056893405
5724,0.5056800782
5725,0.5056687501
5726,0.5056568632
5727,0.5056447565
5728,0.5056355877
5729,0.5056242573
5730,0.5056123201
5731,0.5056004555
5732,0.5055911618
5733,0.5055801413
5734,0.5055682915
5735,0.5055564022
5736,0.5055473345
5737,0.5055359596
5738,0.5055244371
5739,0.5055129546
5740,0.5055037116
5741,0.5054928294
5742,0.5054810288
5743,0.5054693993
5744,0.505460403
5745,0.5054492641
5746,0.5054376092
5747,0.5054260246
5748,0.5054169344
5749,0.5054059068
5750,0.5053943809
5751,0.5053827752
5752,0.5053739074
5753,0.5053631758
5754,0.5053513489
5755,0.5053398476
5756,0.505330623
5757,0.5053197792
5758,0.5053082686
5759,0.5052967504
5760,0.5052877704
5761,0.5052770449
5762,0.5052653013
5763,0.505253694
5764,0.5052447711
5765,0.5052341418
5766,0.5052229596
5767,0.5052116423
5768,0.5052028826
5769,0.5051920234
5770,0.5051806301
5771,0.5051693552
5772,0.5051605581
5773,0.5051498983
5774,0.5051386337
5775,0.5051270344
5776,0.5051181369
5777,0.5051076281
5778,0.5050963788
5779,0.5050849215
5780,0.505076205
5781,0.5050656702
5782,0.5050543248
5783,0.5050429841
5784,0.5050341422
5785,0.5050235451
5786,0.5050119791
5787,0.5050004459
5788,0.5049916326
5789,0.5049810187
5790,0.5049697404
5791,0.5049582104
5792,0.504949461
5793,0.5049387972
5794,0.5049276109
5795,0.5049160668
5796,0.5049537259
5797,0.5050045584
5798,0.5050555991
5799,0.5051067795
5800,0.50564985
5801,0.5056552622
5802,0.5056436935
5803,0.5056323685
5804,0.5056234182
5805,0.5056127646
5806,0.5056012713
5807,0.505589802
5808,0.5055808928
5809,0.5055702797
5810,0.5055590044
5811,0.505547742
5812,0.5055388198
5813,0.5055282992
5814,0.5055169225
5815,0.5055052649
5816,0.5054964787
5817,0.5054860216
5818,0.5054746932
5819,0.5054633676
5820,0.5054544498
5821,0.5054438866
5822,0.5054325883
5823,0.5054213039
5824,0.5054125579
5825,0.505402057
5826,0.505390785
5827,0.5053792343
5828,0.5053705037
5829,0.5053600414
5830,0.5053487725
5831,0.5053375301
5832,0.5053288987
5833,0.505318344
5834,0.5053071485
5835,0.5052959994
5836,0.5052874825
5837,0.5052770059
5838,0.5052659633
5839,0.505254683
5840,0.5052460422
5841,0.5052354845
5842,0.5052243117
5843,0.5052131092
5844,0.5052044788
5845,0.5051941187
5846,0.505182917
5847,0.5051717103
5848,0.5051629529
5849,0.5051525748
5850,0.5051414247
5851,0.5051301528
5852,0.5051216308
5853,0.5051110321
5854,0.505099794
5855,0.505088755
5856,0.5050803061
5857,0.5050698771
5858,0.5050587762
5859,0.5050475941
5860,0.5050390565
5861,0.5050284936
5862,0.5050173607
5863,0.5050062289
5864,0.5049976114
5865,0.504987176
5866,0.5049762118
5867,0.5049651298
5868,0.5049566622
5869,0.504946308
5870,0.5049352555
5871,0.5049242124
5872,0.5049157473
5873,0.50490542
5874,0.5048944914
5875,0.5048834964
5876,0.5048750354
5877,0.504864487
5878,0.5048533579
5879,0.5048423916
5880,0.5048337818
5881,0.5048234126
5882,0.5048123617
5883,0.5048014432
5884,0.5047928708
5885,0.5047824536
5886,0.5047714436
5887,0.5047605098
5888,0.5047521517
5889,0.5047418717
5890,0.5047309051
5891,0.5047198329
5892,0.5047112851
5893,0.5047011915
5894,0.5046901534
5895,0.5046791547
5896,0.5047163519
5897,0.5047666492
5898,0.5048170245
5899,0.5048674331
5900,0.5053484806
5901,0.5053537418
5902,0.505342544
5903,0.5053315472
5904,0.5053230933
5905,0.505312947
5906,0.5053019887
5907,0.5052910856
5908,0.5052828068
5909,0.5052728027
5910,0.505261787
5911,0.5052512398
5912,0.5052428917
5913,0.5052327083
5914,0.5052219326
5915,0.5052110898
5916,0.5052027367
5917,0.5051926588
5918,0.5051818441
5919,0.505171016
5920,0.5051629276
5921,0.505152881
5922,0.5051421507
5923,0.5051312163
5924,0.505122803
5925,0.5051128046
5926,0.5051018942
5927,0.5050911186
5928,0.5050828723
5929,0.5050728954
5930,0.5050619893
5931,0.5050509862
5932,0.5050427515
5933,0.5050327741
5934,0.5050220808
5935,0.5050113558
5936,0.5050030314
5937,0.504992944
5938,0.5049824379
5939,0.5049719285
5940,0.5049637598
5941,0.5049538221
5942,0.5049432188
5943,0.5049325497
5944,0.5049243747
5945,0.5049144383
5946,0.5049038227
5947,0.5048930941
5948,0.5048848952
5949,0.5048749546
5950,0.5048641647
5951,0.5048533434
5952,0.5048451941
5953,0.5048350113
5954,0.5048243207
5955,0.5048135558
5956,0.5048050782
5957,0.5047948829
5958,0.5047843442
5959,0.5047737841
5960,0.5047656533
5961,0.504755721
5962,0.5047451163
5963,0.504734254
5964,0.504726198
5965,0.5047162878
5966,0.5047056077
5967,0.504695139
5968,0.5046867277
5969,0.5046768472
5970,0.5046663146
5971,0.5046556749
5972,0.5046473286
5973,0.504637253
5974,0.5046265591
5975,0.5046161352
5976,0.504608124
5977,0.5045981154
5978,0.5045873959
5979,0.504576753
5980,0.5045684754
5981,0.5045586233
5982,0.5045480166
5983,0.504537518
5984,0.5045294587
5985,0.5045195044
5986,0.5045089542
5987,0.504498416
5988,0.5044904145
5989,0.5044805978
5990,0.5044697273
5991,0.5044592612
5992,0.5044511052
5993,0.50444143
5994,0.5044309889
5995,0.5044205367
5996,0.5044575156
5997,0.5045077507
5998,0.5045580622
5999,0.5046082692
6000,0.5050896543
6001,0.5050953822
6002,0.505084754
6003,0.5050738609
6004,0.5050658422
6005,0.5050557474
6006,0.5050451408
6007,0.5050345227
6008,0.5050265275
6009,0.5050164682
6010,0.5050056175
6011,0.5049951173
6012,0.5049870671
6013,0.5049768895
6014,0.5049663489
6015,0.5049555339
6016,0.5049472405
6017,0.5049372646
6018,0.5049267495
6019,0.5049161551
6020,0.5049081235
6021,0.5048981335
6022,0.5048874186
6023,0.5048767248
6024,0.5048685197
6025,0.5048585401
6026,0.5048480377
6027,0.5048374553
6028,0.5048292764
6029,0.5048192927
6030,0.5048086224
6031,0.5047979212
6032,0.5047896579
6033,0.5047800215
6034,0.5047695019
6035,0.5047589658
6036,0.5047509736
6037,0.5047411293
6038,0.5047308721
6039,0.5047203891
6040,0.5047123848
6041,0.5047026329
6042,0.5046921785
6043,0.5046816385
6044,0.5046735179
6045,0.5046637413
6046,0.5046533115
6047,0.5046429408
6048,0.5046347127
6049,0.5046249918
6050,0.5046144071
6051,0.5046038143
6052,0.504595921
6053,0.5045861143
6054,0.5045757547
6055,0.5045653999
6056,0.5045574028
6057,0.5045476481
6058,0.504537405
6059,0.5045271757
6060,0.5045191138
6061,0.5045091939
6062,0.5044988298
6063,0.5044884945
6064,0.5044805447
6065,0.5044709231
6066,0.5044605512
6067,0.5044502771
6068,0.5044423672
6069,0.5044324393
6070,0.5044218185
6071,0.5044115839
6072,0.504403617
6073,0.5043940228
6074,0.5043835926
6075,0.5043732784
6076,0.5043655037
6077,0.504355817
6078,0.50434539
6079,0.504335061
6080,0.5043272811
6081,0.5043174543
6082,0.5043068652
6083,0.5042966128
6084,0.5042888087
6085,0.5042791365
6086,0.5042687822
6087,0.5042586029
6088,0.5042506994
6089,0.5042409693
6090,0.5042306972
6091,0.5042204456
6092,0.5042126007
6093,0.5042031626
6094,0.504192955
6095,0.5041826428
6096,0.5042192141
6097,0.5042685946
6098,0.5043182191
6099,0.5043681146
6100,0.5048608914
6101,0.5048668102
6102,0.5048565192
6103,0.5048463277
6104,0.5048384599
6105,0.5048287834
6106,0.5048183623
6107,0.5048080356
6108,0.5048003243
6109,0.5047905468
6110,0.5047802434
6111,0.5047700735
6112,0.5047623269
6113,0.504752571
6114,0.5047423218
6115,0.5047320893
6116,0.5047243829
6117,0.504714878
6118,0.50470485
6119,0.5046948092
6120,0.5046871676
6121,0.5046776763
6122,0.5046676019
6123,0.5046574676
6124,0.5046498912
6125,0.5046403608
6126,0.5046302166
6127,0.5046201112
6128,0.5046126127
6129,0.5046032736
6130,0.504593368
6131,0.5045833024
6132,0.504575924
6133,0.5045664504
6134,0.5045564674
6135,0.5045465217
6136,0.5045391685
6137,0.5045300059
6138,0.5045202254
6139,0.5045104964
6140,0.5045032631
6141,0.5044941729
6142,0.5044843147
6143,0.5044745797
6144,0.5044673749
6145,0.5044582106
6146,0.5044484768
6147,0.5044384944
6148,0.5044312076
6149,0.5044220473
6150,0.5044123705
6151,0.5044027331
6152,0.5043955277
6153,0.5043864377
6154,0.5043767351
6155,0.5043668058
6156,0.5043596871
6157,0.5043505517
6158,0.5043408609
6159,0.5043312503
6160,0.5043240193
6161,0.5043149448
6162,0.5043051974
6163,0.504295581
6164,0.5042885128
6165,0.5042796148
6166,0.5042700514
6167,0.5042601434
6168,0.5042528378
6169,0.5042438071
6170,0.5042341311
6171,0.504224343
6172,0.5042170566
6173,0.5042080053
6174,0.5041983446
6175,0.5041887413
6176,0.5041817482
6177,0.5041724283
6178,0.5041628397
6179,0.5041532321
6180,0.5041461049
6181,0.5041371694
6182,0.504127704
6183,0.504118218
6184,0.5041111384
6185,0.5041020983
6186,0.5040924974
6187,0.5040828894
6188,0.5040758465
6189,0.5040667235
6190,0.5040570362
6191,0.5040476756
6192,0.5040408038
6193,0.504031829
6194,0.5040222915
6195,0.5040127823
6196,0.504049721
6197,0.504099453
6198,0.5041493095
6199,0.5041997103
6200,0.5047202091
6201,0.5047269816
6202,0.5047175779
6203,0.5047081499
6204,0.5047014958
6205,0.5046928096
6206,0.5046830509
6207,0.504673676
6208,0.5046665917
6209,0.5046578482
6210,0.5046484909
6211,0.5046389171
6212,0.5046317634
6213,0.504622694
6214,0.504613246
6215,0.5046036126
6216,0.504596589
6217,0.504587729
6218,0.5045783532
6219,0.5045688994
6220,0.5045621524
6221,0.5045531143
6222,0.504543741
6223,0.5045342498
6224,0.5045272514
6225,0.5045183983
6226,0.5045090039
6227,0.5044996313
6228,0.5044927252
6229,0.504483858
6230,0.5044743611
6231,0.504464822
6232,0.5044579819
6233,0.5044489157
6234,0.5044393394
6235,0.5044298263
6236,0.5044230546
6237,0.5044143316
6238,0.50440507
6239,0.5043957346
6240,0.5043889222
6241,0.5043799839
6242,0.5043707402
6243,0.5043614986
6244,0.5043548155
6245,0.504345985
6246,0.5043366391
6247,0.5043272502
6248,0.5043203823
6249,0.5043116395
6250,0.5043023471
6251,0.5042927825
6252,0.5042860409
6253,0.5042772159
6254,0.5042680086
6255,0.504258776
6256,0.5042521017
6257,0.5042433326
6258,0.504234068
6259,0.5042247784
6260,0.5042180333
6261,0.5042092949
6262,0.504199991
6263,0.5041906685
6264,0.5041840457
6265,0.5041751346
6266,0.5041657293
6267,0.5041561626
6268,0.5041494842
6269,0.5041407599
6270,0.5041315109
6271,0.5041222288
6272,0.5041156096
6273,0.5041068676
6274,0.5040976492
6275,0.5040883754
6276,0.5040815523
6277,0.5040727429
6278,0.5040633934
6279,0.5040541647
6280,0.5040475087
6281,0.5040387888
6282,0.5040296066
6283,0.5040201513
6284,0.5040135895
6285,0.5040050129
6286,0.5039955739
6287,0.5039864043
6288,0.5039797596
6289,0.5039710681
6290,0.5039618298
6291,0.5039526718
6292,0.5039457859
6293,0.5039371165
6294,0.5039279688
6295,0.503918775
6296,0.503954861
6297,0.5040037231
6298,0.5040530048
6299,0.5041023413
6300,0.5045707177
6301,0.504577432
6302,0.5045682227
6303,0.5045587852
6304,0.5045519069
6305,0.5045428854
6306,0.5045336904
6307,0.5045242253
6308,0.5045175
6309,0.5045084876
6310,0.5044992424
6311,0.5044900309
6312,0.5044832976
6313,0.5044745616
6314,0.5044651213
6315,0.5044559001
6316,0.5044489882
6317,0.5044400991
6318,0.5044309369
6319,0.5044217904
6320,0.5044151323
6321,0.504406458
6322,0.5043970399
6323,0.5043877473
6324,0.5043812189
6325,0.504372592
6326,0.5043633871
6327,0.5043542702
6328,0.5043476424
6329,0.5043389891
6330,0.5043299109
6331,0.5043206885
6332,0.5043140027
6333,0.5043052745
6334,0.5042962773
6335,0.5042872207
6336,0.5042806966
6337,0.5042721607
6338,0.5042628141
6339,0.5042538097
6340,0.5042472952
6341,0.5042385602
6342,0.5042293133
6343,0.5042201807
6344,0.5042134426
6345,0.5042049073
6346,0.5041956362
6347,0.5041864744
6348,0.5041799705
6349,0.5041713206
6350,0.5041623402
6351,0.5041532724
6352,0.5041466711
6353,0.5041380086
6354,0.5041289861
6355,0.5041198055
6356,0.5041133348
6357,0.5041045558
6358,0.5040955003
6359,0.5040865028
6360,0.5040799286
6361,0.5040713322
6362,0.504062247
6363,0.5040531607
6364,0.5040468582
6365,0.5040382986
6366,0.5040290121
6367,0.5040200958
6368,0.5040138517
6369,0.5040050766
6370,0.5039960971
6371,0.503987094
6372,0.503980938
6373,0.5039723521
6374,0.5039633602
6375,0.5039540958
6376,0.5039476354
6377,0.5039390659
6378,0.5039299311
6379,0.5039209758
6380,0.5039146127
6381,0.5039059737
6382,0.5038969739
6383,0.5038879748
6384,0.5038814635
6385,0.5038728789
6386,0.5038639495
6387,0.5038550449
6388,0.5038486346
6389,0.503840074
6390,0.5038311752
6391,0.5038225148
6392,0.503816278
6393,0.5038079424
6394,0.5037989854
6395,0.5037899117
6396,0.5038259343
6397,0.5038742821
6398,0.5039228786
6399,0.5039714736
6400,0.50443713
6401,0.5044438372
6402,0.5044349258
6403,0.5044258484
6404,0.5044195456
6405,0.5044110142
6406,0.504401731
6407,0.5043926344
6408,0.504386276
6409,0.5043778038
6410,0.5043689002
6411,0.5043600687
6412,0.5043537582
6413,0.5043450788
6414,0.5043361026
6415,0.5043270546
6416,0.5043206001
6417,0.504311866
6418,0.5043029982
6419,0.5042941094
6420,0.5042876634
6421,0.5042790126
6422,0.5042701105
6423,0.504261351
6424,0.5042550541
6425,0.5042466216
6426,0.5042377742
6427,0.5042287599
6428,0.5042225199
6429,0.5042140607
6430,0.504205005
6431,0.504196197
6432,0.5041898987
6433,0.5041815069
6434,0.5041725648
6435,0.504163898
6436,0.504157745
6437,0.5041493547
6438,0.5041405605
6439,0.5041318403
6440,0.504125489
6441,0.5041170676
6442,0.5041084982
6443,0.5040997047
6444,0.5040935073
6445,0.5040851905
6446,0.5040764732
6447,0.5040677261
6448,0.5040615733
6449,0.5040530815
6450,0.5040443733
6451,0.5040356264
6452,0.5040294326
6453,0.5040210948
6454,0.5040123353
6455,0.5040034443
6456,0.5039973675
6457,0.5039888917
6458,0.5039801847
6459,0.5039713385
6460,0.5039650769
6461,0.5039567567
6462,0.503948047
6463,0.5039394137
6464,0.5039332084
6465,0.5039250906
6466,0.5039163836
6467,0.5039076233
6468,0.5039016524
6469,0.5038933966
6470,0.5038845358
6471,0.5038760905
6472,0.5038700697
6473,0.5038619447
6474,0.5038533813
6475,0.5038447179
6476,0.5038386093
6477,0.5038303191
6478,0.5038217233
6479,0.5038129064
6480,0.5038070319
6481,0.5037988248
6482,0.5037903431
6483,0.5037817739
6484,0.5037756339
6485,0.5037675116
6486,0.5037588888
6487,0.5037502464
6488,0.5037444052
6489,0.5037362472
6490,0.5037277095
6491,0.5037193024
6492,0.5037133079
6493,0.5037052923
6494,0.5036969813
6495,0.5036884788
6496,0.5037243025
6497,0.5037724993
6498,0.5038206985
6499,0.5038687479
6500,0.5043181472
6501,0.5043250123
6502,0.5043165193
6503,0.5043080262
6504,0.504302006
6505,0.5042938295
6506,0.504285219
6507,0.5042766963
6508,0.5042706245
6509,0.5042625566
6510,0.5042540136
6511,0.5042451819
6512,0.5042390491
6513,0.5042308729
6514,0.5042221583
6515,0.5042136678
6516,0.5042075706
6517,0.5041992222
6518,0.5041905373
6519,0.5041820859
6520,0.5041761665
6521,0.5041680688
6522,0.5041594245
6523,0.5041510201
6524,0.5041448389
6525,0.5041366871
6526,0.504128153
6527,0.5041196109
6528,0.5041136966
6529,0.504105587
6530,0.5040969795
6531,0.5040886377
6532,0.5040826535
6533,0.5040742625
6534,0.5040656807
6535,0.5040570591
6536,0.5040511428
6537,0.5040430288
6538,0.5040345432
6539,0.5040260076
6540,0.5040197592
6541,0.504011473
6542,0.5040028617
6543,0.5039942801
6544,0.5039883931
6545,0.5039803745
6546,0.5039719399
6547,0.5039634658
6548,0.5039575707
6549,0.5039493462
6550,0.5039407944
6551,0.5039324698
6552,0.5039266695
6553,0.5039184722
6554,0.5039100746
6555,0.503901576
6556,0.5038956733
6557,0.5038875169
6558,0.5038789036
6559,0.5038704676
6560,0.5038645161
6561,0.5038565139
6562,0.5038479779
6563,0.5038396844
6564,0.5038339732
6565,0.5038259119
6566,0.5038175781
6567,0.5038092147
6568,0.503803356
6569,0.5037949255
6570,0.5037865531
6571,0.5037780846
6572,0.5037721186
6573,0.5037639753
6574,0.5037556579
6575,0.5037470118
6576,0.5037409649
6577,0.5037327016
6578,0.5037242616
6579,0.503715863
6580,0.5037100812
6581,0.503701752
6582,0.5036929479
6583,0.5036841572
6584,0.5036780814
6585,0.5036697362
6586,0.5036610208
6587,0.503652253
6588,0.5036461513
6589,0.5036378421
6590,0.5036290079
6591,0.503620416
6592,0.5036142506
6593,0.5036058095
6594,0.5035969932
6595,0.5035883532
6596,0.5036231462
6597,0.5036701666
6598,0.5037172438
6599,0.5037643143
6600,0.5042085831
6601,0.5042149639
6602,0.5042063177
6603,0.5041976522
6604,0.5041914062
6605,0.5041828357
6606,0.5041742573
6607,0.5041655267
6608,0.5041593178
6609,0.5041507615
6610,0.5041420449
6611,0.5041330799
6612,0.5041271181
6613,0.5041186321
6614,0.5041099488
6615,0.5041013086
6616,0.5040951321
6617,0.5040865156
6618,0.5040777785
6619,0.5040691342
6620,0.5040631287
6621,0.5040546607
6622,0.5040458251
6623,0.5040368685
6624,0.5040307655
6625,0.5040224123
6626,0.5040135121
6627,0.5040048718
6628,0.5039988523
6629,0.5039903
6630,0.5039814681
6631,0.5039726326
6632,0.5039664909
6633,0.5039581186
6634,0.5039494921
6635,0.5039407191
6636,0.5039344629
6637,0.5039258782
6638,0.5039171953
6639,0.503908431
6640,0.503902381
6641,0.5038941454
6642,0.5038854301
6643,0.5038767605
6644,0.503870723
6645,0.5038622173
6646,0.5038535298
6647,0.503844929
6648,0.5038391484
6649,0.5038308184
6650,0.5038220803
6651,0.503813585
6652,0.5038076296
6653,0.5037991876
6654,0.503790358
6655,0.5037817967
6656,0.5037757151
6657,0.5037675519
6658,0.5037588786
6659,0.5037501941
6660,0.5037441514
6661,0.5037357281
6662,0.5037271817
6663,0.5037184633
6664,0.5037124541
6665,0.5037040008
6666,0.503695461
6667,0.5036868321
6668,0.5036808684
6669,0.5036724973
6670,0.5036639589
6671,0.5036553537
6672,0.5036493699
6673,0.5036411165
6674,0.5036325444
6675,0.5036240358
6676,0.5036178854
6677,0.5036096262
6678,0.5036011442
6679,0.5035924789
6680,0.5035865581
6681,0.5035784266
6682,0.5035699019
6683,0.5035614156
6684,0.5035553583
6685,0.5035469494
6686,0.503538245
6687,0.5035298267
6688,0.5035238491
6689,0.5035156435
6690,0.503507205
6691,0.5034987995
6692,0.5034928986
6693,0.5034843854
6694,0.5034759745
6695,0.5034676203
6696,0.5035015498
6697,0.5035476237
6698,0.5035937725
6699,0.5036401366
6700,0.5040806104
6701,0.5040868896
6702,0.5040782271
6703,0.5040697008
6704,0.5040633769
6705,0.5040549483
6706,0.5040463517
6707,0.5040379372
6708,0.5040318662
6709,0.5040236876
6710,0.5040151514
6711,0.5040066754
6712,0.5040007631
6713,0.50399252
6714,0.5039839646
6715,0.5039755562
6716,0.503969411
6717,0.5039610266
6718,0.503952577
6719,0.5039435867
6720,0.5039377054
6721,0.5039295001
6722,0.5039210886
6723,0.5039125077
6724,0.5039062926
6725,0.5038980148
6726,0.503889371
6727,0.5038807613
6728,0.5038748356
6729,0.5038667501
6730,0.5038581291
6731,0.5038497146
6732,0.503843584
6733,0.5038351927
6734,0.5038264577
6735,0.5038177948
6736,0.503811854
6737,0.5038033788
6738,0.5037948952
6739,0.5037861544
6740,0.5037802818
6741,0.5037720813
6742,0.5037635938
6743,0.5037551675
6744,0.5037491838
6745,0.5037407436
6746,0.5037322638
6747,0.5037236385
6748,0.5037176657
6749,0.5037092993
6750,0.5037005357
6751,0.5036921247
6752,0.5036860019
6753,0.5036777767
6754,0.5036693207
6755,0.5036608604
6756,0.5036549048
6757,0.503646627
6758,0.5036381937
6759,0.5036295819
6760,0.5036235725
6761,0.5036153493
6762,0.5036068874
6763,0.5035983481
6764,0.503592274
6765,0.5035838438
6766,0.5035751508
6767,0.5035667116
6768,0.5035605832
6769,0.5035524491
6770,0.5035440386
6771,0.5035355058
6772,0.5035294261
6773,0.5035210981
6774,0.5035125378
6775,0.5035041296
6776,0.5034983488
6777,0.5034900846
6778,0.5034816519
6779,0.5034732836
6780,0.5034673322
6781,0.5034591332
6782,0.5034505281
6783,0.5034421839
6784,0.5034363102
6785,0.5034280727
6786,0.5034194917
6787,0.5034110991
6788,0.5034049871
6789,0.5033965109
6790,0.503387914
6791,0.5033793003
6792,0.5033731952
6793,0.5033649971
6794,0.5033563751
6795,0.5033477711
6796,0.5033811876
6797,0.5034264328
6798,0.5034719147
6799,0.5035173741
6800,0.5039612148
6801,0.503967037
6802,0.503958408
6803,0.5039495962
6804,0.5039435286
6805,0.503934961
6806,0.5039263373
6807,0.5039176438
6808,0.5039114907
6809,0.5039031979
6810,0.5038945884
6811,0.5038858578
6812,0.5038795758
6813,0.5038711323
6814,0.5038624008
6815,0.5038537634
6816,0.5038477139
6817,0.5038392126
6818,0.5038303601
6819,0.5038215961
6820,0.5038154908
6821,0.5038072064
6822,0.5037984821
6823,0.5037898603
6824,0.5037837578
6825,0.5037753023
6826,0.5037664585
6827,0.5037576863
6828,0.5037516064
6829,0.503743266
6830,0.5037347331
6831,0.5037260088
6832,0.5037196487
6833,0.5037111289
6834,0.5037025183
6835,0.50369391
6836,0.503687762
6837,0.5036792111
6838,0.5036705163
6839,0.5036620596
6840,0.5036562217
6841,0.5036476866
6842,0.5036390421
6843,0.5036304583
6844,0.5036243835
6845,0.5036161532
6846,0.5036076202
6847,0.503599176
6848,0.5035929747
6849,0.5035846801
6850,0.5035761084
6851,0.5035673547
6852,0.5035611511
6853,0.5035526323
6854,0.5035442159
6855,0.5035354912
6856,0.5035291996
6857,0.5035209836
6858,0.5035122439
6859,0.5035038033
6860,0.5034978344
6861,0.5034896431
6862,0.5034811232
6863,0.5034727056
6864,0.5034662955
6865,0.5034579729
6866,0.5034493413
6867,0.503440707
6868,0.5034346475
6869,0.5034260151
6870,0.5034172819
6871,0.5034084573
6872,0.503402352
6873,0.5033938591
6874,0.5033853041
6875,0.5033767307
6876,0.5033704968
6877,0.5033620438
6878,0.5033532343
6879,0.5033444964
6880,0.5033384552
6881,0.5033300914
6882,0.5033212149
6883,0.5033124865
6884,0.5033064808
6885,0.5032980902
6886,0.5032894372
6887,0.5032808644
6888,0.5032747449
6889,0.5032664372
6890,0.5032578996
6891,0.5032493478
6892,0.5032431032
6893,0.5032346212
6894,0.503226087
6895,0.503217557
6896,0.5032502482
6897,0.5032943806
6898,0.5033384384
6899,0.5033828604
6900,0.5038153014
6901,0.5038209295
6902,0.5038120521
6903,0.5038034456
6904,0.5037970907
6905,0.5037887731
6906,0.5037800179
6907,0.5037712724
6908,0.5037649545
6909,0.5037564026
6910,0.5037476369
6911,0.5037389767
6912,0.5037328679
6913,0.5037245874
6914,0.5037158828
6915,0.5037072557
6916,0.5037012019
6917,0.5036927217
6918,0.5036839645
6919,0.5036753182
6920,0.5036690634
6921,0.5036608052
6922,0.5036522209
6923,0.5036434733
6924,0.5036374745
6925,0.5036291719
6926,0.5036205719
6927,0.5036119679
6928,0.5036058413
6929,0.5035975209
6930,0.5035887949
6931,0.5035801785
6932,0.50357411
6933,0.5035657661
6934,0.5035569998
6935,0.5035484346
6936,0.5035422622
6937,0.503533956
6938,0.5035252193
6939,0.503516623
6940,0.5035102753
6941,0.5035019619
6942,0.5034932919
6943,0.5034847379
6944,0.5034786061
6945,0.5034703129
6946,0.5034615691
6947,0.5034529708
6948,0.5034467841
6949,0.5034386039
6950,0.5034298664
6951,0.5034212396
6952,0.5034151427
6953,0.5034070336
6954,0.5033985855
6955,0.503389961
6956,0.5033837969
6957,0.5033755842
6958,0.5033671683
6959,0.50335849
6960,0.5033523083
6961,0.5033441812
6962,0.5033356948
6963,0.5033272482
6964,0.5033206726
6965,0.5033124446
6966,0.5033037528
6967,0.5032951943
6968,0.5032892116
6969,0.5032809778
6970,0.5032724462
6971,0.5032640709
6972,0.5032580357
6973,0.5032498108
6974,0.5032412788
6975,0.5032328248
6976,0.5032267002
6977,0.5032184158
6978,0.5032098565
6979,0.5032013657
6980,0.503195392
6981,0.5031871106
6982,0.5031785375
6983,0.5031701903
6984,0.5031639771
6985,0.5031559095
6986,0.5031473498
6987,0.5031389379
6988,0.5031326366
6989,0.5031244935
6990,0.5031160841
6991,0.5031076218
6992,0.5031016656
6993,0.5030936084
6994,0.5030850374
6995,0.5030763099
6996,0.5031084883
6997,0.5031516505
6998,0.5031951448
6999,0.5032385852
7000,0.5036711942
7001,0.5036766319
7002,0.5036681784
7003,0.5036597453
7004,0.5036536023
7005,0.5036453606
7006,0.5036367905
7007,0.5036282549
7008,0.5036221205
7009,0.5036138213
7010,0.5036052765
7011,0.5035968159
7012,0.5035907252
7013,0.5035825247
7014,0.5035739616
7015,0.5035653794
7016,0.5035592563
7017,0.5035509709
7018,0.503542466
7019,0.5035338854
7020,0.5035273846
7021,0.503519045
7022,0.5035105811
7023,0.50350198
7024,0.503496
7025,0.5034876227
7026,0.503479111
7027,0.5034705956
7028,0.503464638
7029,0.5034563764
7030,0.503447912
7031,0.5034394174
7032,0.5034332227
7033,0.5034249624
7034,0.5034165103
7035,0.5034079143
7036,0.5034017602
7037,0.5033935277
7038,0.5033850154
7039,0.5033763921
7040,0.5033702396
7041,0.5033620332
7042,0.5033535887
7043,0.5033451834
7044,0.503339136
7045,0.503331106
7046,0.5033226063
7047,0.503314199
7048,0.5033082355
7049,0.503300079
7050,0.5032915794
7051,0.5032831774
7052,0.5032770302
7053,0.5032689177
7054,0.503260431
7055,0.503251863
7056,0.5032458185
7057,0.5032378029
7058,0.5032292287
7059,0.5032207087
7060,0.5032147835
7061,0.5032065164
7062,0.5031981202
7063,0.5031895162
7064,0.503183587
7065,0.5031754138
7066,0.5031669643
7067,0.5031585899
7068,0.5031522808
7069,0.5031441061
7070,0.5031355734
7071,0.5031270595
7072,0.5031211754
7073,0.5031129973
7074,0.5031044651
7075,0.5030960131
7076,0.5030899856
7077,0.5030819563
7078,0.50307351
7079,0.5030651656
7080,0.5030591585
7081,0.5030509262
7082,0.5030422678
7083,0.5030339271
7084,0.5030277565
7085,0.503019743
7086,0.5030112004
7087,0.5030029525
7088,0.5029970997
7089,0.5029891313
7090,0.50298067
7091,0.5029723127
7092,0.5029663649
7093,0.5029582534
7094,0.5029499226
7095,0.5029415271
7096,0.5029730484
7097,0.5030154797
7098,0.5030581106
7099,0.5031006716
7100,0.5035125818
7101,0.5035179168
7102,0.5035096118
7103,0.5035011407
7104,0.5034952416
7105,0.5034871485
7106,0.5034785322
7107,0.5034701362
7108,0.5034640419
7109,0.5034558849
7110,0.5034475808
7111,0.5034390256
7112,0.5034330121
7113,0.5034249298
7114,0.5034165265
7115,0.5034081172
7116,0.5034021389
7117,0.5033939808
7118,0.5033855851
7119,0.5033773023
7120,0.5033711949
7121,0.5033629275
7122,0.5033545552
7123,0.5033462969
7124,0.50334026
7125,0.5033321385
7126,0.5033234891
7127,0.5033150969
7128,0.5033091221
7129,0.5033011441
7130,0.5032926109
7131,0.5032841721
7132,0.5032781785
7133,0.5032699901
7134,0.5032617057
7135,0.5032533404
7136,0.5032472886
7137,0.5032390014
7138,0.5032306708
7139,0.5032223838
7140,0.5032164357
7141,0.5032084326
7142,0.5031999298
7143,0.5031913338
7144,0.5031854073
7145,0.5031772652
7146,0.5031688489
7147,0.5031605792
7148,0.5031545794
7149,0.5031465215
7150,0.5031382101
7151,0.503129738
7152,0.5031237129
7153,0.5031156694
7154,0.5031072459
7155,0.5030988697
7156,0.5030930434
7157,0.5030850588
7158,0.5030767085
7159,0.5030681215
7160,0.5030620783
7161,0.5030539505
7162,0.5030455975
7163,0.5030371271
7164,0.5030312251
7165,0.5030231771
7166,0.5030148033
7167,0.5030063778
7168,0.5030002877
7169,0.5029923328
7170,0.5029838501
7171,0.5029754611
7172,0.5029695896
7173,0.5029615897
7174,0.502953258
7175,0.502944835
7176,0.5029389852
7177,0.5029309001
7178,0.5029226247
7179,0.5029142792
7180,0.502908286
7181,0.5029002606
7182,0.5028918488
7183,0.5028836529
7184,0.5028779518
7185,0.502869939
7186,0.502861522
7187,0.5028533126
7188,0.5028473563
7189,0.5028394603
7190,0.5028312162
7191,0.5028228462
7192,0.5028170218
7193,0.5028091783
7194,0.5028009843
7195,0.5027927194
7196,0.5028238072
7197,0.5028658442
7198,0.5029079934
7199,0.5029503458
7200,0.5033478408
7201,0.5033531541
7202,0.5033449211
7203,0.5033365025
7204,0.5033305296
7205,0.5033224948
7206,0.5033140225
7207,0.5033056057
7208,0.5032996184
7209,0.5032915959
7210,0.5032830757
7211,0.5032746902
7212,0.5032686958
7213,0.503260635
7214,0.5032521664
7215,0.503243857
7216,0.5032379184
7217,0.5032298824
7218,0.503221596
7219,0.5032131704
7220,0.5032071147
7221,0.5031990628
7222,0.5031907037
7223,0.5031824574
7224,0.5031765236
7225,0.5031681422
7226,0.5031598952
7227,0.5031516645
7228,0.5031457974
7229,0.5031377205
7230,0.5031294203
7231,0.5031212279
7232,0.503115428
7233,0.5031074126
7234,0.5030990453
7235,0.5030907663
7236,0.5030847998
7237,0.5030768312
7238,0.5030685689
7239,0.5030602454
7240,0.5030544194
7241,0.5030464902
7242,0.5030382334
7243,0.5030298186
7244,0.5030239503
7245,0.5030160124
7246,0.5030076862
7247,0.5029996261
7248,0.5029938356
7249,0.5029856579
7250,0.5029773661
7251,0.5029692445
7252,0.5029634612
7253,0.5029555044
7254,0.5029472519
7255,0.5029390339
7256,0.5029333414
7257,0.5029255048
7258,0.5029171601
7259,0.5029087887
7260,0.5029029798
7261,0.5028950406
7262,0.5028868238
7263,0.5028784465
7264,0.5028725196
7265,0.5028645087
7266,0.5028560689
7267,0.5028478703
7268,0.5028421142
7269,0.5028340648
7270,0.5028258701
7271,0.5028176964
7272,0.5028119407
7273,0.5028044317
7274,0.5027959847
7275,0.5027878222
7276,0.5027819325
7277,0.5027739865
7278,0.5027657737
7279,0.5027576164
7280,0.5027518976
7281,0.5027438523
7282,0.5027357088
7283,0.5027272742
7284,0.5027216534
7285,0.5027137716
7286,0.5027053839
7287,0.5026970543
7288,0.5026913792
7289,0.5026835264
7290,0.5026753303
7291,0.5026669914
7292,0.5026611931
7293,0.5026530152
7294,0.502644864
7295,0.5026368217
7296,0.5026674029
7297,0.5027088153
7298,0.5027504352
7299,0.5027919628
7300,0.5031829259
7301,0.5031880644
7302,0.5031798604
7303,0.503171641
7304,0.5031659642
7305,0.5031581427
7306,0.5031499029
7307,0.503141799
7308,0.5031360104
7309,0.5031280355
7310,0.5031200125
7311,0.50311189
7312,0.5031062779
7313,0.5030984342
7314,0.5030904274
7315,0.5030823783
7316,0.5030768174
7317,0.5030688192
7318,0.5030607061
7319,0.5030526518
7320,0.5030469702
7321,0.5030392654
7322,0.5030310418
7323,0.5030230168
7324,0.5030173562
7325,0.5030094886
7326,0.5030014985
7327,0.502993662
7328,0.5029880572
7329,0.5029803379
7330,0.5029722453
7331,0.5029643851
7332,0.5029587794
7333,0.5029512302
7334,0.5029433749
7335,0.50293532
7336,0.5029296864
7337,0.5029220215
7338,0.5029141928
7339,0.5029063888
7340,0.5029008359
7341,0.5028933331
7342,0.502885446
7343,0.5028777729
7344,0.502872397
7345,0.5028649101
7346,0.5028572936
7347,0.5028493927
7348,0.5028439291
7349,0.502836291
7350,0.5028283686
7351,0.5028203878
7352,0.5028147144
7353,0.5028071168
7354,0.5027990868
7355,0.5027910128
7356,0.5027855872
7357,0.502777718
7358,0.5027697034
7359,0.5027617442
7360,0.5027560956
7361,0.5027484462
7362,0.5027406374
7363,0.5027327377
7364,0.5027271112
7365,0.502719443
7366,0.5027117185
7367,0.5027036349
7368,0.5026980872
7369,0.5026903675
7370,0.5026823454
7371,0.502674411
7372,0.5026688748
7373,0.5026611554
7374,0.502653006
7375,0.5026448974
7376,0.5026393796
7377,0.5026316673
7378,0.502623855
7379,0.5026158542
7380,0.5026102973
7381,0.5026027779
7382,0.5025947322
7383,0.5025868157
7384,0.5025811976
7385,0.5025734647
7386,0.5025655099
7387,0.5025575816
7388,0.5025518608
7389,0.5025441967
7390,0.5025361033
7391,0.5025282685
7392,0.5025227469
7393,0.5025150263
7394,0.502507033
7395,0.502498974
7396,0.5025296199
7397,0.5025706368
7398,0.5026117907
7399,0.5026528286
7400,0.5030513965
7401,0.5030566927
7402,0.5030486506
7403,0.5030407367
7404,0.5030350891
7405,0.5030274289
7406,0.5030193618
7407,0.5030114127
7408,0.503005858
7409,0.5029981085
7410,0.5029899295
7411,0.5029820367
7412,0.5029763733
7413,0.502968727
7414,0.5029607721
7415,0.5029528647
7416,0.5029472529
7417,0.5029395091
7418,0.5029316055
7419,0.5029235691
7420,0.5029180288
7421,0.5029104549
7422,0.5029025475
7423,0.5028946479
7424,0.5028890827
7425,0.5028814599
7426,0.502873583
7427,0.5028656535
7428,0.5028599948
7429,0.5028523544
7430,0.5028444486
7431,0.5028365728
7432,0.5028312147
7433,0.5028236423
7434,0.5028158487
7435,0.5028079529
7436,0.5028026253
7437,0.5027948649
7438,0.5027869932
7439,0.5027790933
7440,0.5027734933
7441,0.5027658263
7442,0.5027580081
7443,0.5027500982
7444,0.5027445097
7445,0.5027369946
7446,0.5027290678
7447,0.5027212164
7448,0.502715702
7449,0.5027078785
7450,0.5027000388
7451,0.5026921494
7452,0.502686656
7453,0.5026791395
7454,0.5026713191
7455,0.5026633064
7456,0.5026577978
7457,0.5026502567
7458,0.5026424567
7459,0.5026346339
7460,0.5026290836
7461,0.5026214795
7462,0.502613917
7463,0.5026059701
7464,0.5026006027
7465,0.5025930721
7466,0.5025850775
7467,0.502577155
7468,0.5025717194
7469,0.5025643088
7470,0.5025566263
7471,0.5025492733
7472,0.5025442921
7473,0.5025372214
7474,0.5025297629
7475,0.5025222401
7476,0.5025172861
7477,0.5025100497
7478,0.5025025846
7479,0.5024950522
7480,0.5024898511
7481,0.502482656
7482,0.5024753349
7483,0.502468003
7484,0.5024628541
7485,0.5024557775
7486,0.5024483463
7487,0.5024408862
7488,0.502435977
7489,0.5024288227
7490,0.5024214081
7491,0.5024140778
7492,0.5024088439
7493,0.5024013172
7494,0.5023935837
7495,0.5023858367
7496,0.5024160704
7497,0.502456706
7498,0.5024976778
7499,0.502538498
7500,0.5029219573
7501,0.5029275221
7502,0.5029198114
7503,0.5029119854
7504,0.5029065035
7505,0.5028989268
7506,0.5028911079
7507,0.5028831905
7508,0.5028777469
7509,0.5028702607
7510,0.5028623664
7511,0.5028545948
7512,0.5028491478
7513,0.5028415709
7514,0.5028337724
7515,0.5028260179
7516,0.5028202164
7517,0.5028127444
7518,0.5028048171
7519,0.5027969289
7520,0.5027914028
7521,0.502783911
7522,0.5027761099
7523,0.5027681657
7524,0.5027626763
7525,0.5027551454
7526,0.5027473035
7527,0.5027395758
7528,0.5027342169
7529,0.5027264935
7530,0.502718738
7531,0.5027111007
7532,0.5027056624
7533,0.502698065
7534,0.5026903662
7535,0.5026827081
7536,0.5026771775
7537,0.502669539
7538,0.5026614674
7539,0.5026536608
7540,0.5026481434
7541,0.5026405715
7542,0.5026328113
7543,0.5026250705
7544,0.5026196791
7545,0.5026120271
7546,0.5026039817
7547,0.5025962194
7548,0.5025907789
7549,0.5025832936
7550,0.5025755525
7551,0.5025676404
7552,0.5025622068
7553,0.5025546307
7554,0.5025466511
7555,0.5025388394
7556,0.5025334481
7557,0.5025259999
7558,0.5025184343
7559,0.5025108173
7560,0.5025055208
7561,0.5024979843
7562,0.502490394
7563,0.5024827938
7564,0.5024775031
7565,0.5024700059
7566,0.5024622332
7567,0.5024544698
7568,0.5024491078
7569,0.5024414908
7570,0.5024337545
7571,0.5024259869
7572,0.5024206026
7573,0.5024130749
7574,0.5024052673
7575,0.5023975805
7576,0.5023923164
7577,0.5023848202
7578,0.5023771826
7579,0.5023695053
7580,0.5023640922
7581,0.5023565964
7582,0.5023488056
7583,0.5023410289
7584,0.5023356156
7585,0.502328117
7586,0.5023204451
7587,0.5023125498
7588,0.5023071265
7589,0.5022996218
7590,0.5022919568
7591,0.5022843309
7592,0.50227893
7593,0.5022714274
7594,0.5022637971
7595,0.5022561467
7596,0.5022860206
7597,0.502326196
7598,0.502366451
7599,0.5024068804
7600,0.5028060682
7601,0.5028113143
7602,0.5028035243
7603,0.5027958142
7604,0.5027904731
7605,0.5027829506
7606,0.5027751925
7607,0.5027674884
7608,0.5027622784
7609,0.502754684
7610,0.5027470191
7611,0.5027394408
7612,0.5027340211
7613,0.5027264719
7614,0.5027186296
7615,0.5027109147
7616,0.5027055182
7617,0.5026980032
7618,0.5026902973
7619,0.5026825896
7620,0.5026772247
7621,0.5026695507
7622,0.5026617114
7623,0.5026539468
7624,0.5026485165
7625,0.502640842
7626,0.5026330423
7627,0.5026252702
7628,0.502619816
7629,0.502612604
7630,0.5026050655
7631,0.5025974831
7632,0.5025923755
7633,0.5025851658
7634,0.5025778422
7635,0.5025704327
7636,0.5025653107
7637,0.5025581618
7638,0.5025508031
7639,0.5025434689
7640,0.502538438
7641,0.5025311209
7642,0.5025236575
7643,0.5025163288
7644,0.5025111487
7645,0.5025039371
7646,0.502496396
7647,0.5024890067
7648,0.5024839746
7649,0.5024768804
7650,0.5024694866
7651,0.502462247
7652,0.5024571728
7653,0.5024500569
7654,0.5024426974
7655,0.5024352828
7656,0.5024303072
7657,0.5024231632
7658,0.5024157794
7659,0.502408418
7660,0.502403344
7661,0.5023961491
7662,0.5023887996
7663,0.5023814199
7664,0.5023764601
7665,0.5023693574
7666,0.5023620064
7667,0.5023545615
7668,0.5023494612
7669,0.5023422777
7670,0.5023348155
7671,0.5023274999
7672,0.5023224319
7673,0.5023152639
7674,0.502307952
7675,0.502300567
7676,0.5022954966
7677,0.5022884133
7678,0.5022810689
7679,0.5022737691
7680,0.502268777
7681,0.5022616983
7682,0.5022543206
7683,0.5022469832
7684,0.5022419477
7685,0.5022348536
7686,0.5022276764
7687,0.5022203902
7688,0.5022155139
7689,0.502208431
7690,0.5022011825
7691,0.5021937525
7692,0.5021886193
7693,0.5021815611
7694,0.5021741805
7695,0.502166834
7696,0.5021966379
7697,0.5022367161
7698,0.502276795
7699,0.5023171495
7700,0.5027102728
7701,0.502715857
7702,0.5027084249
7703,0.5027010787
7704,0.5026960815
7705,0.5026890613
7706,0.5026817902
7707,0.502674437
7708,0.5026694948
7709,0.5026625789
7710,0.5026552354
7711,0.5026478726
7712,0.5026428144
7713,0.5026357386
7714,0.5026282409
7715,0.5026209067
7716,0.5026158317
7717,0.5026088488
7718,0.5026015115
7719,0.5025941157
7720,0.5025889398
7721,0.5025817907
7722,0.5025745574
7723,0.5025673327
7724,0.5025623831
7725,0.5025553313
7726,0.5025479751
7727,0.5025406676
7728,0.5025356208
7729,0.5025285554
7730,0.5025214179
7731,0.5025141861
7732,0.5025092197
7733,0.5025021921
7734,0.5024950416
7735,0.5024876847
7736,0.5024826533
7737,0.5024755996
7738,0.5024684325
7739,0.5024613346
7740,0.5024564336
7741,0.5024492145
7742,0.5024418508
7743,0.5024345534
7744,0.5024295508
7745,0.50242286
7746,0.5024156013
7747,0.5024082964
7748,0.502403358
7749,0.5024049152
7750,0.5023992945
7751,0.5023919648
7752,0.502387008
7753,0.5023802925
7754,0.5023730653
7755,0.5023658037
7756,0.5023607715
7757,0.5023538225
7758,0.5023466158
7759,0.5023394047
7760,0.5023344002
7761,0.5023275072
7762,0.5023202908
7763,0.5023130307
7764,0.5023079621
7765,0.5023011097
7766,0.5022939658
7767,0.5022868607
7768,0.5022818881
7769,0.5022748293
7770,0.5022676719
7771,0.5022605208
7772,0.5022556441
7773,0.5022488071
7774,0.502241629
7775,0.5022344241
7776,0.5022295567
7777,0.5022226175
7778,0.502215338
7779,0.5022081891
7780,0.5022029013
7781,0.5021959028
7782,0.5021887026
7783,0.5021814935
7784,0.5021766104
7785,0.5021698501
7786,0.5021626177
7787,0.5021554146
7788,0.5021506354
7789,0.5021436651
7790,0.5021364294
7791,0.5021292476
7792,0.5021243497
7793,0.5021173913
7794,0.5021102558
7795,0.5021031737
7796,0.5021331082
7797,0.5021727968
7798,0.5022126184
7799,0.5022523062
7800,0.5026284222
7801,0.502633869
7802,0.5026266533
7803,0.5026194764
7804,0.5026146101
7805,0.5026077239
7806,0.5026005578
7807,0.5025934233
7808,0.5025885044
7809,0.5025814544
7810,0.5025743297
7811,0.5025671515
7812,0.5025621776
7813,0.5025552417
7814,0.502547953
7815,0.5025407689
7816,0.5025358683
7817,0.5025289464
7818,0.5025217355
7819,0.5025144991
7820,0.5025095931
7821,0.5025025619
7822,0.5024953623
7823,0.5024881627
7824,0.5024831749
7825,0.5024763171
7826,0.5024691155
7827,0.5024619164
7828,0.5024570567
7829,0.5024501792
7830,0.5024429553
7831,0.5024357386
7832,0.5024307884
7833,0.502423872
7834,0.5024166714
7835,0.5024095803
7836,0.502404688
7837,0.5023978237
7838,0.5023906856
7839,0.5023834678
7840,0.5023784604
7841,0.5023715413
7842,0.5023644041
7843,0.5023572816
7844,0.5023524089
7845,0.5023453717
7846,0.5023381748
7847,0.5023311339
7848,0.5023262873
7849,0.5023192654
7850,0.5023122635
7851,0.5023052161
7852,0.5023003361
7853,0.502293465
7854,0.5022862546
7855,0.5022791273
7856,0.5022742357
7857,0.5022673715
7858,0.5022602759
7859,0.5022531816
7860,0.5022485336
7861,0.5022417682
7862,0.5022347742
7863,0.5022277436
7864,0.5022229376
7865,0.5022160025
7866,0.5022086995
7867,0.5022016888
7868,0.502196901
7869,0.5021900375
7870,0.5021828352
7871,0.5021758143
7872,0.5021709149
7873,0.5021640517
7874,0.5021570246
7875,0.502149805
7876,0.5021450084
7877,0.5021381659
7878,0.5021310366
7879,0.5021240116
7880,0.5021192233
7881,0.5021124403
7882,0.5021053064
7883,0.5020983088
7884,0.5020934791
7885,0.50208672
7886,0.5020796976
7887,0.502072736
7888,0.5020680016
7889,0.5020611004
7890,0.5020540611
7891,0.5020469581
7892,0.5020421911
7893,0.5020352933
7894,0.5020282786
7895,0.502021197
7896,0.5020503531
7897,0.5020893559
7898,0.5021285484
7899,0.5021677162
7900,0.5025385299
7901,0.5025437922
7902,0.5025365539
7903,0.5025294269
7904,0.5025245193
7905,0.502517718
7906,0.5025106244
7907,0.5025034698
7908,0.5024986414
7909,0.5024917469
7910,0.5024846191
7911,0.5024775185
7912,0.5024726768
7913,0.5024656883
7914,0.5024585134
7915,0.5024514704
7916,0.5024466374
7917,0.502439595
7918,0.5024324932
7919,0.5024254364
7920,0.5024205705
7921,0.5024137478
7922,0.5024066592
7923,0.5023996025
7924,0.5023946515
7925,0.5023877793
7926,0.5023804263
7927,0.5023734387
7928,0.5023686526
7929,0.5023617891
7930,0.5023547624
7931,0.5023477551
7932,0.5023430383
7933,0.5023361613
7934,0.5023291435
7935,0.5023219243
7936,0.5023171921
7937,0.5023104019
7938,0.5023032838
7939,0.5022963283
7940,0.5022915048
7941,0.5022847159
7942,0.5022776027
7943,0.5022705512
7944,0.5022656985
7945,0.5022588797
7946,0.502251841
7947,0.5022447277
7948,0.5022398584
7949,0.502232943
7950,0.502225898
7951,0.5022188028
7952,0.5022140682
7953,0.5022071157
7954,0.5021999601
7955,0.502192817
7956,0.5021879641
7957,0.502181181
7958,0.5021740853
7959,0.5021670165
7960,0.5021622302
7961,0.5021554894
7962,0.5021483624
7963,0.5021414673
7964,0.5021366713
7965,0.5021298836
7966,0.5021231108
7967,0.5021161068
7968,0.5021113379
7969,0.5021044016
7970,0.5020972794
7971,0.5020903147
7972,0.502085523
7973,0.5020786668
7974,0.5020716277
7975,0.5020647269
7976,0.5020600436
7977,0.502053174
7978,0.5020462449
7979,0.5020392592
7980,0.502034431
7981,0.502027706
7982,0.5020206649
7983,0.5020136327
7984,0.5020088645
7985,0.502002071
7986,0.5019950404
7987,0.5019880725
7988,0.5019834318
7989,0.5019766238
7990,0.5019696244
7991,0.5019627055
7992,0.5019579321
7993,0.5019511365
7994,0.50194407
7995,0.5019370674
7996,0.5019657851
7997,0.5020045033
7998,0.5020432839
7999,0.5020820255
8000,0.5024368853
8001,0.5024422369
8002,0.5024351624
8003,0.5024280997
8004,0.5024233119
8005,0.5024164039
8006,0.5024094249
8007,0.5024023882
8008,0.5023976172
8009,0.5023906586
8010,0.5023835906
8011,0.5023767539
8012,0.5023719905
8013,0.5023651312
8014,0.5023580801
8015,0.5023510974
8016,0.5023463219
8017,0.502339525
8018,0.5023324864
8019,0.5023254146
8020,0.5023206153
8021,0.5023137468
8022,0.5023066846
8023,0.5022997345
8024,0.5022949346
8025,0.5022882253
8026,0.5022811861
8027,0.5022742014
8028,0.5022694697
8029,0.5022625775
8030,0.5022556243
8031,0.5022487285
8032,0.5022439154
8033,0.5022370673
8034,0.5022299789
8035,0.5022231329
8036,0.502218353
8037,0.5022114885
8038,0.5022045222
8039,0.5021974915
8040,0.5021927599
8041,0.5021859134
8042,0.5021790201
8043,0.5021719988
8044,0.5021672296
8045,0.5021604957
8046,0.5021535288
8047,0.5021465186
8048,0.5021417259
8049,0.5021348754
8050,0.5021278482
8051,0.5021208729
8052,0.5021159702
8053,0.5021090788
8054,0.5021020681
8055,0.5020951498
8056,0.5020903909
8057,0.5020835575
8058,0.5020765507
8059,0.5020695166
8060,0.5020649044
8061,0.5020580828
8062,0.5020511986
8063,0.502044269
8064,0.5020396574
8065,0.5020327976
8066,0.5020257955
8067,0.5020187796
8068,0.5020141313
8069,0.5020073351
8070,0.5020005371
8071,0.501993582
8072,0.5019889454
8073,0.5019821628
8074,0.5019751444
8075,0.5019681129
8076,0.5019633772
8077,0.5019566078
8078,0.5019495401
8079,0.5019426909
8080,0.5019380829
8081,0.5019314772
8082,0.5019245374
8083,0.5019175346
8084,0.5019128911
8085,0.501906139
8086,0.5018991141
8087,0.5018920932
8088,0.5018874467
8089,0.5018806727
8090,0.5018737217
8091,0.5018669659
8092,0.5018623412
8093,0.5018556103
8094,0.5018487045
8095,0.5018418266
8096,0.5018701828
8097,0.5019083764
8098,0.5019465188
8099,0.5019848548
8100,0.502366478
8101,0.5023717193
8102,0.5023646239
8103,0.502357769
8104,0.5023530847
8105,0.502346302
8106,0.5023392754
8107,0.5023322694
8108,0.5023275366
8109,0.5023207187
8110,0.5023138247
8111,0.5023068151
8112,0.5023021364
8113,0.5022953058
8114,0.5022884091
8115,0.5022815098
8116,0.5022769229
8117,0.5022701561
8118,0.5022631553
8119,0.5022560411
8120,0.5022513472
8121,0.5022445231
8122,0.5022377095
8123,0.5022308942
8124,0.5022261505
8125,0.5022193314
8126,0.5022123682
8127,0.5022054147
8128,0.5022007727
8129,0.5021938732
8130,0.5021867713
8131,0.502179745
8132,0.5021750185
8133,0.5021681951
8134,0.5021611334
8135,0.5021541017
8136,0.5021493997
8137,0.5021426118
8138,0.5021355751
8139,0.5021285256
8140,0.5021237353
8141,0.5021168415
8142,0.5021098695
8143,0.5021028637
8144,0.5020980717
8145,0.5020912356
8146,0.5020842248
8147,0.5020772748
8148,0.5020725929
8149,0.5020657098
8150,0.5020587954
8151,0.5020517805
8152,0.5020470898
8153,0.5020402994
8154,0.502033294
8155,0.5020262772
8156,0.5020216162
8157,0.5020147502
8158,0.5020077532
8159,0.5020007889
8160,0.5019959851
8161,0.5019890859
8162,0.5019823181
8163,0.5019753969
8164,0.5019705627
8165,0.5019638709
8166,0.5019568258
8167,0.501949851
8168,0.5019450656
8169,0.5019382642
8170,0.5019312806
8171,0.5019243831
8172,0.501919701
8173,0.5019129442
8174,0.501905965
8175,0.5018988464
8176,0.501894026
8177,0.5018871417
8178,0.5018802873
8179,0.5018734373
8180,0.5018687342
8181,0.5018619828
8182,0.5018549695
8183,0.5018480612
8184,0.5018434305
8185,0.5018368138
8186,0.5018300069
8187,0.5018230567
8188,0.5018183436
8189,0.5018114476
8190,0.5018044735
8191,0.5017976239
8192,0.5017929445
8193,0.5017862264
8194,0.5017791958
8195,0.5017721493
8196,0.5018002327
8197,0.5018379713
8198,0.5018757848
8199,0.5019134751
8200,0.5022666765
8201,0.5022718351
8202,0.5022647692
8203,0.5022578312
8204,0.5022530632
8205,0.5022464274
8206,0.5022395133
8207,0.5022325708
8208,0.5022277208
8209,0.5022208801
8210,0.5022140129
8211,0.5022070267
8212,0.5022020984
8213,0.5021952509
8214,0.5021882611
8215,0.5021813878
8216,0.5021766981
8217,0.5021699072
8218,0.5021629029
8219,0.5021558447
8220,0.5021510708
8221,0.5021442791
8222,0.502137319
8223,0.5021302382
8224,0.5021254606
8225,0.5021186624
8226,0.502111656
8227,0.5021048196
8228,0.502099999
8229,0.5020932481
8230,0.5020863556
8231,0.5020794197
8232,0.5020746706
8233,0.5020679359
8234,0.5020610295
8235,0.5020541164
8236,0.5020494619
8237,0.5020427328
8238,0.5020357606
8239,0.5020288562
8240,0.5020241433
8241,0.5020173422
8242,0.5020103784
8243,0.502003425
8244,0.5019987501
8245,0.5019920636
8246,0.5019850992
8247,0.5019782051
8248,0.5019735034
8249,0.5019668294
8250,0.5019600192
8251,0.501953161
8252,0.5019484264
8253,0.5019416972
8254,0.501934775
8255,0.5019279682
8256,0.5019232175
8257,0.5019165339
8258,0.5019096051
8259,0.5019026926
8260,0.5018980926
8261,0.5018913799
8262,0.5018844116
8263,0.501877406
8264,0.5018727257
8265,0.5018661272
8266,0.5018593118
8267,0.5018524543
8268,0.5018477377
8269,0.5018411019
8270,0.5018342813
8271,0.5018274289
8272,0.501822698
8273,0.5018159404
8274,0.5018090532
8275,0.5018022731
8276,0.5017976757
8277,0.5017909268
8278,0.5017840224
8279,0.5017770442
8280,0.5017723213
8281,0.5017656987
8282,0.5017588909
8283,0.5017519491
8284,0.501747267
8285,0.5017405451
8286,0.5017336645
8287,0.5017267723
8288,0.501722158
8289,0.5017154802
8290,0.5017085718
8291,0.5017017664
8292,0.5016971261
8293,0.5016905622
8294,0.5016837417
8295,0.5016768939
8296,0.5017044964
8297,0.5017418111
8298,0.5017791249
8299,0.5018164261
8300,0.5021722547
8301,0.5021772803
8302,0.5021704395
8303,0.5021635675
8304,0.5021589086
8305,0.5021522117
8306,0.5021454016
8307,0.5021385197
8308,0.5021338258
8309,0.5021271247
8310,0.5021202321
8311,0.5021133207
8312,0.5021084616
8313,0.5021018264
8314,0.5020949959
8315,0.5020881173
8316,0.5020834108
8317,0.5020767375
8318,0.5020698113
8319,0.5020628428
8320,0.5020581651
8321,0.5020513946
8322,0.5020444794
8323,0.5020375076
8324,0.502032846
8325,0.5020260956
8326,0.5020191969
8327,0.5020122971
8328,0.5020075218
8329,0.5020009445
8330,0.501994005
8331,0.5019870814
8332,0.5019823807
8333,0.5019757626
8334,0.5019689796
8335,0.50196225
8336,0.5019575623
8337,0.5019509236
8338,0.5019441028
8339,0.5019371071
8340,0.5019325047
8341,0.501925962
8342,0.5019190288
8343,0.5019121982
8344,0.5019074786
8345,0.5019009507
8346,0.5018941221
8347,0.5018873083
8348,0.5018827263
8349,0.5018760664
8350,0.5018692675
8351,0.5018625853
8352,0.5018579808
8353,0.5018513521
8354,0.5018445397
8355,0.5018377064
8356,0.5018329744
8357,0.5018265537
8358,0.5018197059
8359,0.5018129025
8360,0.5018082538
8361,0.5018016823
8362,0.5017948313
8363,0.5017879425
8364,0.50178333
8365,0.5017766622
8366,0.5017698858
8367,0.5017629801
8368,0.5017582898
8369,0.5017517414
8370,0.5017451123
8371,0.5017384032
8372,0.5017337682
8373,0.5017272269
8374,0.5017204853
8375,0.5017138148
8376,0.5017091356
8377,0.5017024627
8378,0.5016956066
8379,0.5016889322
8380,0.5016844143
8381,0.5016779281
8382,0.5016710803
8383,0.5016642456
8384,0.5016596478
8385,0.5016529117
8386,0.5016461502
8387,0.5016393426
8388,0.5016348883
8389,0.501628245
8390,0.5016215418
8391,0.501614631
8392,0.5016099612
8393,0.5016032968
8394,0.5015964412
8395,0.5015896646
8396,0.5016170409
8397,0.5016537897
8398,0.5016907336
8399,0.5017277783
8400,0.5020923064
8401,0.5020973091
8402,0.5020903707
8403,0.5020836855
8404,0.5020790317
8405,0.502072603
8406,0.5020658244
8407,0.5020590023
8408,0.502054332
8409,0.5020475445
8410,0.5020407754
8411,0.5020338903
8412,0.5020293693
8413,0.5020226662
8414,0.5020158002
8415,0.5020089772
8416,0.5020043788
8417,0.5019977309
8418,0.5019908963
8419,0.5019841074
8420,0.5019795156
8421,0.5019728638
8422,0.5019660903
8423,0.5019593904
8424,0.501954731
8425,0.5019482335
8426,0.5019413216
8427,0.5019345745
8428,0.5019299356
8429,0.5019233531
8430,0.5019166356
8431,0.5019098475
8432,0.5019053906
8433,0.5018987036
8434,0.5018919044
8435,0.501885188
8436,0.5018806498
8437,0.5018740889
8438,0.5018672421
8439,0.5018604364
8440,0.5018558641
8441,0.5018494234
8442,0.5018426471
8443,0.5018358724
8444,0.5018312037
8445,0.5018246168
8446,0.5018178913
8447,0.5018110999
8448,0.5018064925
8449,0.5017998638
8450,0.5017930948
8451,0.5017863111
8452,0.501781639
8453,0.5017749131
8454,0.5017681915
8455,0.5017613827
8456,0.5017567775
8457,0.5017502322
8458,0.5017435265
8459,0.501736753
8460,0.5017322774
8461,0.5017258972
8462,0.5017193101
8463,0.5017125623
8464,0.501707917
8465,0.501701288
8466,0.5016946152
8467,0.5016879673
8468,0.5016833598
8469,0.50167685
8470,0.5016701918
8471,0.5016634758
8472,0.5016590977
8473,0.5016526043
8474,0.5016457644
8475,0.5016390289
8476,0.5016343892
8477,0.5016278456
8478,0.5016211166
8479,0.5016144001
8480,0.5016097375
8481,0.5016031979
8482,0.5015964396
8483,0.5015897623
8484,0.5015851182
8485,0.50157864
8486,0.5015718694
8487,0.5015653386
8488,0.5015607546
8489,0.5015543529
8490,0.501547588
8491,0.5015409028
8492,0.5015362471
8493,0.5015298806
8494,0.5015231222
8495,0.5015164417
8496,0.5015434502
8497,0.5015798373
8498,0.5016163189
8499,0.5016528011
8500,0.5020367372
8501,0.5020416486
8502,0.5020349314
8503,0.5020281673
8504,0.5020235836
8505,0.5020170611
8506,0.5020103101
8507,0.502003509
8508,0.5019988357
8509,0.5019923578
8510,0.5019855679
8511,0.501978816
8512,0.5019741241
8513,0.5019675116
8514,0.5019606883
8515,0.5019538962
8516,0.5019491782
8517,0.5019426447
8518,0.5019358133
8519,0.5019290754
8520,0.5019245052
8521,0.5019181083
8522,0.5019114733
8523,0.5019048842
8524,0.5019003417
8525,0.5018939889
8526,0.5018874146
8527,0.5018807452
8528,0.5018762055
8529,0.5018699868
8530,0.5018633624
8531,0.5018568695
8532,0.5018525457
8533,0.5018461764
8534,0.5018396937
8535,0.5018330997
8536,0.5018285483
8537,0.5018220287
8538,0.5018154728
8539,0.5018088406
8540,0.5018043163
8541,0.5017979226
8542,0.5017913773
8543,0.5017849079
8544,0.5017804024
8545,0.5017738889
8546,0.5017670947
8547,0.501760327
8548,0.5017557654
8549,0.5017493078
8550,0.5017426193
8551,0.5017358996
8552,0.5017312516
8553,0.5017248297
8554,0.5017180814
8555,0.5017114271
8556,0.5017067895
8557,0.5017002237
8558,0.5016935347
8559,0.5016868673
8560,0.5016822308
8561,0.5016757279
8562,0.5016690712
8563,0.5016624309
8564,0.5016577182
8565,0.5016513025
8566,0.5016445819
8567,0.5016378027
8568,0.5016331395
8569,0.5016268083
8570,0.5016201542
8571,0.5016135636
8572,0.5016088708
8573,0.501602422
8574,0.5015957373
8575,0.501588995
8576,0.5015845088
8577,0.501578051
8578,0.5015713695
8579,0.5015647377
8580,0.5015602155
8581,0.5015537473
8582,0.5015472047
8583,0.5015406075
8584,0.5015359779
8585,0.5015295597
8586,0.5015229531
8587,0.5015162726
8588,0.5015117026
8589,0.5015052813
8590,0.501498529
8591,0.5014918183
8592,0.5014871335
8593,0.5014807284
8594,0.5014740855
8595,0.5014672694
8596,0.501493798
8597,0.501529689
8598,0.5015657967
8599,0.5016016801
8600,0.5019498227
8601,0.5019547485
8602,0.5019479912
8603,0.5019414086
8604,0.5019367119
8605,0.5019301941
8606,0.5019234463
8607,0.501916717
8608,0.5019122147
8609,0.501905779
8610,0.5018991573
8611,0.5018924469
8612,0.5018877548
8613,0.5018812506
8614,0.5018745459
8615,0.5018678938
8616,0.5018632284
8617,0.5018565963
8618,0.5018498955
8619,0.5018432553
8620,0.5018386517
8621,0.5018321819
8622,0.5018255191
8623,0.5018188216
8624,0.5018143991
8625,0.5018079151
8626,0.5018011879
8627,0.5017944557
8628,0.5017898173
8629,0.5017834732
8630,0.5017768776
8631,0.5017701227
8632,0.5017654832
8633,0.5017591092
8634,0.5017524233
8635,0.5017456879
8636,0.5017410798
8637,0.5017347981
8638,0.5017280658
8639,0.501721478
8640,0.5017167865
8641,0.5017102708
8642,0.5017036406
8643,0.5016969713
8644,0.5016924489
8645,0.5016861161
8646,0.5016794707
8647,0.5016728533
8648,0.5016682951
8649,0.5016618263
8650,0.5016552156
8651,0.5016485826
8652,0.5016441062
8653,0.5016377511
8654,0.5016311073
8655,0.5016244779
8656,0.5016199483
8657,0.5016136413
8658,0.5016069439
8659,0.5016002896
8660,0.5015956841
8661,0.5015892402
8662,0.5015826175
8663,0.5015759862
8664,0.5015715003
8665,0.5015651579
8666,0.5015585553
8667,0.5015518042
8668,0.5015472682
8669,0.5015409655
8670,0.5015344066
8671,0.5015278058
8672,0.501523172
8673,0.5015167581
8674,0.5015100429
8675,0.5015034871
8676,0.5014990251
8677,0.5014925311
8678,0.5014858845
8679,0.5014792558
8680,0.501474592
8681,0.5014682121
8682,0.5014615897
8683,0.5014550501
8684,0.5014506294
8685,0.5014442997
8686,0.5014376572
8687,0.501431096
8688,0.5014266815
8689,0.5014203228
8690,0.5014137943
8691,0.5014071857
8692,0.5014026476
8693,0.5013963732
8694,0.5013897616
8695,0.5013831077
8696,0.5014094834
8697,0.5014448769
8698,0.5014803357
8699,0.5015159005
8700,0.5018677309
8701,0.5018725052
8702,0.5018658654
8703,0.5018592573
8704,0.5018548003
8705,0.501848448
8706,0.5018417793
8707,0.5018351915
8708,0.501830578
8709,0.5018242497
8710,0.5018176106
8711,0.501810941
8712,0.5018062668
8713,0.5017997989
8714,0.5017931487
8715,0.5017864902
8716,0.50178195
8717,0.5017755729
8718,0.501768978
8719,0.5017625043
8720,0.501758011
8721,0.5017514312
8722,0.5017448605
8723,0.5017382342
8724,0.5017337559
8725,0.5017273398
8726,0.5017206964
8727,0.501714133
8728,0.5017096177
8729,0.5017031892
8730,0.5016966491
8731,0.5016900442
8732,0.5016854924
8733,0.5016790883
8734,0.501672487
8735,0.5016658721
8736,0.5016613001
8737,0.5016549618
8738,0.5016483317
8739,0.5016418007
8740,0.5016373379
8741,0.5016308661
8742,0.5016243161
8743,0.5016177062
8744,0.5016131266
8745,0.5016066782
8746,0.5016001394
8747,0.501593689
8748,0.5015890825
8749,0.5015827161
8750,0.5015761023
8751,0.5015695107
8752,0.5015649143
8753,0.5015584934
8754,0.5015518896
8755,0.5015454472
8756,0.5015409145
8757,0.5015345956
8758,0.5015279196
8759,0.5015213619
8760,0.5015168562
8761,0.5015103375
8762,0.5015037919
8763,0.5014971668
8764,0.5014926215
8765,0.5014862764
8766,0.5014796884
8767,0.5014731278
8768,0.5014686393
8769,0.5014623008
8770,0.5014557133
8771,0.5014492558
8772,0.5014447202
8773,0.5014383839
8774,0.5014318168
8775,0.5014252744
8776,0.5014207341
8777,0.5014143466
8778,0.5014078333
8779,0.5014012606
8780,0.5013967896
8781,0.5013905474
8782,0.5013840483
8783,0.5013775463
8784,0.501373235
8785,0.5013670055
8786,0.5013603987
8787,0.5013538913
8788,0.5013494528
8789,0.5013431494
8790,0.5013365937
8791,0.5013299698
8792,0.5013255266
8793,0.5013191555
8794,0.5013127552
8795,0.5013062001
8796,0.5013322959
8797,0.5013671524
8798,0.5014022596
8799,0.5014374141
8800,0.5017673729
8801,0.5017721007
8802,0.5017656559
8803,0.501759167
8804,0.5017546763
8805,0.5017482436
8806,0.5017416873
8807,0.5017351367
8808,0.5017305932
8809,0.5017243236
8810,0.501717727
8811,0.5017112034
8812,0.5017066145
8813,0.5017003061
8814,0.5016937382
8815,0.5016871963
8816,0.5016826347
8817,0.5016763162
8818,0.5016697724
8819,0.5016631823
8820,0.5016585883
8821,0.5016523353
8822,0.5016457713
8823,0.5016392257
8824,0.5016345918
8825,0.5016283313
8826,0.5016217236
8827,0.5016151569
8828,0.5016106812
8829,0.5016044391
8830,0.5015979042
8831,0.5015912971
8832,0.5015867257
8833,0.5015804125
8834,0.5015738
8835,0.501567323
8836,0.5015628525
8837,0.5015565785
8838,0.5015499965
8839,0.5015435788
8840,0.501539098
8841,0.5015328016
8842,0.5015261089
8843,0.5015195721
8844,0.5015149536
8845,0.5015085572
8846,0.5015021927
8847,0.5014957818
8848,0.5014912593
8849,0.5014850181
8850,0.5014785576
8851,0.5014720762
8852,0.5014676029
8853,0.5014612401
8854,0.5014547658
8855,0.5014483023
8856,0.5014438947
8857,0.5014375828
8858,0.5014310527
8859,0.5014245948
8860,0.501420147
8861,0.50141387
8862,0.501407311
8863,0.5014009095
8864,0.501396472
8865,0.5013902447
8866,0.5013838141
8867,0.5013774082
8868,0.501372883
8869,0.50136663
8870,0.5013601046
8871,0.5013536899
8872,0.5013492825
8873,0.5013431132
8874,0.5013365416
8875,0.5013301217
8876,0.5013256937
8877,0.5013193566
8878,0.5013128767
8879,0.5013064052
8880,0.501301905
8881,0.5012956509
8882,0.5012891726
8883,0.5012828294
8884,0.5012784532
8885,0.5012721666
8886,0.5012656499
8887,0.5012591816
8888,0.5012547278
8889,0.50124863
8890,0.5012420991
8891,0.5012356716
8892,0.5012312453
8893,0.5012249255
8894,0.5012185244
8895,0.5012122006
8896,0.5012380218
8897,0.5012724973
8898,0.5013071868
8899,0.5013419012
8900,0.5016832138
8901,0.5016878657
8902,0.501681369
8903,0.5016748881
8904,0.5016704272
8905,0.5016641076
8906,0.5016576567
8907,0.501651246
8908,0.5016467294
8909,0.5016404535
8910,0.5016339074
8911,0.5016274977
8912,0.501623049
8913,0.5016167011
8914,0.5016101651
8915,0.5016036661
8916,0.5015992118
8917,0.5015928783
8918,0.5015863737
8919,0.5015799352
8920,0.501575597
8921,0.5015693397
8922,0.5015628352
8923,0.5015563327
8924,0.5015518537
8925,0.5015456099
8926,0.5015391237
8927,0.501532672
8928,0.5015283091
8929,0.5015219821
8930,0.5015154489
8931,0.5015090295
8932,0.5015047054
8933,0.5014983736
8934,0.5014918897
8935,0.5014854589
8936,0.5014809321
8937,0.5014746693
8938,0.5014681857
8939,0.5014617246
8940,0.5014573178
8941,0.5014512495
8942,0.5014448053
8943,0.5014383688
8944,0.501433999
8945,0.5014278393
8946,0.5014213856
8947,0.5014148806
8948,0.501410416
8949,0.5014041399
8950,0.5013977536
8951,0.5013912004
8952,0.5013867669
8953,0.5013804214
8954,0.5013740359
8955,0.5013677029
8956,0.5013633294
8957,0.5013571142
8958,0.5013507099
8959,0.5013443531
8960,0.5013398882
8961,0.501333577
8962,0.5013271312
8963,0.5013206635
8964,0.5013162115
8965,0.5013100566
8966,0.5013035665
8967,0.5012971355
8968,0.501292671
8969,0.5012862485
8970,0.5012797479
8971,0.5012732122
8972,0.501268861
8973,0.501262449
8974,0.501255848
8975,0.50124939
8976,0.5012449321
8977,0.5012384358
8978,0.501231885
8979,0.5012254499
8980,0.5012210073
8981,0.5012146336
8982,0.501208152
8983,0.5012015783
8984,0.5011970648
8985,0.50119058
8986,0.5011840412
8987,0.5011774753
8988,0.5011730927
8989,0.5011666358
8990,0.5011600337
8991,0.5011536755
8992,0.5011492825
8993,0.5011429569
8994,0.5011364369
8995,0.5011298342
8996,0.5011551614
8997,0.5011891846
8998,0.5012231824
8999,0.5012572448
9000,0.5015978944
9001,0.5016021592
9002,0.5015954872
9003,0.5015888869
9004,0.5015843495
9005,0.5015778492
9006,0.5015711993
9007,0.5015645844
9008,0.5015601027
9009,0.5015536288
9010,0.5015471146
9011,0.5015405137
9012,0.5015360139
9013,0.5015295832
9014,0.5015228896
9015,0.5015163409
9016,0.5015117911
9017,0.5015052912
9018,0.5014986229
9019,0.5014921219
9020,0.5014875965
9021,0.5014811611
9022,0.5014745271
9023,0.5014679671
9024,0.5014634548
9025,0.5014569668
9026,0.5014503446
9027,0.5014438542
9028,0.5014392861
9029,0.5014329781
9030,0.5014264116
9031,0.501419853
9032,0.5014153053
9033,0.5014089359
9034,0.5014023786
9035,0.5013958875
9036,0.5013913508
9037,0.5013849631
9038,0.5013784239
9039,0.5013719408
9040,0.5013674362
9041,0.5013609688
9042,0.5013544599
9043,0.5013479486
9044,0.5013434688
9045,0.5013369802
9046,0.5013304864
9047,0.5013239196
9048,0.5013194953
9049,0.50131308
9050,0.501306529
9051,0.5013000021
9052,0.5012955359
9053,0.501289056
9054,0.5012824928
9055,0.5012762043
9056,0.5012717119
9057,0.5012653867
9058,0.5012587957
9059,0.5012523269
9060,0.5012479013
9061,0.5012413508
9062,0.5012348473
9063,0.5012283804
9064,0.501223943
9065,0.5012175603
9066,0.5012110402
9067,0.5012045373
9068,0.501200037
9069,0.5011938099
9070,0.501187254
9071,0.5011806344
9072,0.5011762102
9073,0.5011697974
9074,0.5011632648
9075,0.5011568109
9076,0.5011523879
9077,0.501145966
9078,0.5011393635
9079,0.5011328346
9080,0.5011283864
9081,0.5011221156
9082,0.5011157267
9083,0.501109311
9084,0.5011048189
9085,0.5010984723
9086,0.5010920213
9087,0.501085469
9088,0.5010809924
9089,0.5010747489
9090,0.5010682219
9091,0.5010617077
9092,0.5010572538
9093,0.5010508772
9094,0.5010444385
9095,0.5010378616
9096,0.5010629735
9097,0.5010964917
9098,0.5011301026
9099,0.5011637469
9100,0.5015008214
9101,0.5015051185
9102,0.5014985468
9103,0.5014920822
9104,0.5014876368
9105,0.5014811668
9106,0.5014746268
9107,0.501468105
9108,0.5014636761
9109,0.5014573216
9110,0.501450731
9111,0.5014443056
9112,0.5014398145
9113,0.5014334209
9114,0.5014268477
9115,0.5014203117
9116,0.5014158108
9117,0.5014094233
9118,0.5014028765
9119,0.501396305
9120,0.5013917769
9121,0.5013853723
9122,0.5013788637
9123,0.5013723683
9124,0.5013678221
9125,0.5013614501
9126,0.5013549063
9127,0.5013484292
9128,0.5013439676
9129,0.5013376303
9130,0.5013310782
9131,0.5013245485
9132,0.5013200578
9133,0.5013137387
9134,0.501307198
9135,0.5013007471
9136,0.5012961832
9137,0.5012899379
9138,0.501283479
9139,0.501277014
9140,0.5012725443
9141,0.5012661198
9142,0.5012596431
9143,0.5012531676
9144,0.5012486479
9145,0.5012422921
9146,0.5012357473
9147,0.5012292877
9148,0.5012248764
9149,0.5012184974
9150,0.5012119619
9151,0.5012055617
9152,0.5012010904
9153,0.5011948527
9154,0.5011884152
9155,0.5011819681
9156,0.5011775619
9157,0.5011711997
9158,0.5011646823
9159,0.5011581888
9160,0.501153778
9161,0.5011473482
9162,0.5011407764
9163,0.5011344827
9164,0.5011301281
9165,0.501123817
9166,0.5011173743
9167,0.501110963
9168,0.5011067244
9169,0.5011003384
9170,0.5010938969
9171,0.5010874651
9172,0.5010830719
9173,0.5010767144
9174,0.5010702561
9175,0.5010638195
9176,0.501059345
9177,0.5010530124
9178,0.5010464778
9179,0.5010399369
9180,0.501035594
9181,0.5010292367
9182,0.5010228799
9183,0.501016321
9184,0.5010117666
9185,0.5010054308
9186,0.5009989488
9187,0.5009924454
9188,0.5009879498
9189,0.5009816884
9190,0.5009752117
9191,0.5009688095
9192,0.5009643263
9193,0.500958081
9194,0.5009515653
9195,0.500945185
9196,0.500969804
9197,0.5010029231
9198,0.5010360178
9199,0.501069218
9200,0.5013886598
9201,0.5013928266
9202,0.5013862927
9203,0.5013798524
9204,0.5013753714
9205,0.5013690578
9206,0.501362517
9207,0.5013560131
9208,0.5013515973
9209,0.5013451856
9210,0.5013386857
9211,0.5013321703
9212,0.5013276478
9213,0.501321313
9214,0.5013148523
9215,0.5013083503
9216,0.5013039128
9217,0.5012975997
9218,0.5012911889
9219,0.5012846919
9220,0.5012802215
9221,0.5012738079
9222,0.5012673932
9223,0.501260892
9224,0.5012564392
9225,0.5012501937
9226,0.5012437333
9227,0.5012373921
9228,0.5012329328
9229,0.5012266584
9230,0.5012202286
9231,0.5012138037
9232,0.5012093333
9233,0.5012030272
9234,0.5011965566
9235,0.5011901202
9236,0.5011857605
9237,0.5011794394
9238,0.5011730702
9239,0.5011665475
9240,0.5011621699
9241,0.5011559922
9242,0.5011494985
9243,0.5011431335
9244,0.5011386518
9245,0.5011323041
9246,0.5011258408
9247,0.5011194092
9248,0.5011149247
9249,0.5011085836
9250,0.5011021506
9251,0.5010957809
9252,0.501091317
9253,0.5010850159
9254,0.5010787392
9255,0.5010723835
9256,0.5010679633
9257,0.5010617001
9258,0.5010553783
9259,0.5010489204
9260,0.5010444412
9261,0.5010381468
9262,0.5010317491
9263,0.5010254082
9264,0.5010210881
9265,0.5010148238
9266,0.5010083886
9267,0.501001954
9268,0.5009975729
9269,0.5009912215
9270,0.5009847269
9271,0.5009783552
9272,0.5009740905
9273,0.5009679161
9274,0.5009614746
9275,0.5009551357
9276,0.500950727
9277,0.5009444566
9278,0.5009380503
9279,0.5009317162
9280,0.5009273615
9281,0.5009211248
9282,0.5009147712
9283,0.5009083921
9284,0.5009039812
9285,0.5008976914
9286,0.5008912941
9287,0.5008848159
9288,0.5008804098
9289,0.5008741878
9290,0.5008679432
9291,0.5008616195
9292,0.5008572683
9293,0.5008510978
9294,0.5008446712
9295,0.5008382436
9296,0.5008625204
9297,0.5008950788
9298,0.5009278848
9299,0.5009606769
9300,0.5012857265
9301,0.501289765
9302,0.5012832872
9303,0.5012768671
9304,0.5012724785
9305,0.5012661182
9306,0.5012596643
9307,0.5012532368
9308,0.5012488374
9309,0.5012424804
9310,0.5012359392
9311,0.5012295814
9312,0.501225118
9313,0.501218808
9314,0.5012124558
9315,0.5012060612
9316,0.5012015427
9317,0.5011952686
9318,0.5011887735
9319,0.5011823743
9320,0.5011779453
9321,0.5011716984
9322,0.5011653081
9323,0.5011588896
9324,0.5011544423
9325,0.5011481144
9326,0.501141738
9327,0.5011352097
9328,0.501130702
9329,0.5011245363
9330,0.5011179048
9331,0.501111387
9332,0.5011068748
9333,0.5011005069
9334,0.5010939703
9335,0.5010875444
9336,0.5010830122
9337,0.5010766989
9338,0.5010701659
9339,0.501063622
9340,0.5010592067
9341,0.5010528644
9342,0.5010462901
9343,0.5010398279
9344,0.5010354022
9345,0.5010290674
9346,0.501022508
9347,0.5010160308
9348,0.501011548
9349,0.5010052822
9350,0.5009988563
9351,0.5009923726
9352,0.5009878692
9353,0.5009815571
9354,0.5009751199
9355,0.5009686604
9356,0.5009641034
9357,0.5009577562
9358,0.500951211
9359,0.5009448264
9360,0.5009402872
9361,0.5009340952
9362,0.5009275837
9363,0.5009212591
9364,0.5009167306
9365,0.5009104431
9366,0.5009039738
9367,0.5008974939
9368,0.5008929811
9369,0.5008866799
9370,0.5008802001
9371,0.5008737692
9372,0.5008693161
9373,0.5008629977
9374,0.5008564539
9375,0.500849965
9376,0.5008454421
9377,0.5008391833
9378,0.5008326681
9379,0.5008262449
9380,0.5008217389
9381,0.5008155739
9382,0.5008092545
9383,0.5008028503
9384,0.500798369
9385,0.5007920852
9386,0.5007855675
9387,0.5007791146
9388,0.5007746771
9389,0.5007683158
9390,0.500761847
9391,0.5007554058
9392,0.5007509072
9393,0.5007446136
9394,0.5007381717
9395,0.5007317528
9396,0.5007556386
9397,0.5007877083
9398,0.5008199032
9399,0.5008520323
9400,0.5011516594
9401,0.5011556297
9402,0.5011491551
9403,0.5011426836
9404,0.501138138
9405,0.5011318625
9406,0.5011254044
9407,0.5011190167
9408,0.5011145212
9409,0.50110821
9410,0.501101722
9411,0.5010953622
9412,0.5010909278
9413,0.5010846256
9414,0.5010780644
9415,0.5010716041
9416,0.501067066
9417,0.5010607511
9418,0.5010543165
9419,0.5010478438
9420,0.5010434042
9421,0.5010372113
9422,0.5010307195
9423,0.5010242461
9424,0.5010197319
9425,0.5010136049
9426,0.5010071185
9427,0.5010006661
9428,0.500996171
9429,0.5009899706
9430,0.5009834847
9431,0.5009770126
9432,0.5009725791
9433,0.5009663451
9434,0.5009598792
9435,0.5009534364
9436,0.5009489377
9437,0.5009427107
9438,0.5009362528
9439,0.5009297898
9440,0.5009253093
9441,0.5009191544
9442,0.5009126701
9443,0.5009061451
9444,0.5009017884
9445,0.5008956137
9446,0.5008892397
9447,0.5008827833
9448,0.500878328
9449,0.5008720662
9450,0.5008655808
9451,0.500859186
9452,0.5008546889
9453,0.5008485735
9454,0.5008421536
9455,0.5008357348
9456,0.5008312384
9457,0.500825304
9458,0.5008188277
9459,0.5008123569
9460,0.5008078894
9461,0.5008016853
9462,0.500795361
9463,0.5007889928
9464,0.5007845275
9465,0.5007782162
9466,0.5007717727
9467,0.5007653385
9468,0.5007609145
9469,0.5007548426
9470,0.500748447
9471,0.5007420397
9472,0.5007376184
9473,0.5007315342
9474,0.5007250839
9475,0.5007186299
9476,0.5007141241
9477,0.5007080437
9478,0.5007016798
9479,0.5006953459
9480,0.5006909761
9481,0.5006848024
9482,0.5006784107
9483,0.5006719889
9484,0.5006675087
9485,0.5006613552
9486,0.5006548936
9487,0.5006484377
9488,0.500644028
9489,0.5006379881
9490,0.500631606
9491,0.5006252698
9492,0.5006208137
9493,0.5006148002
9494,0.5006084709
9495,0.5006020837
9496,0.5006258109
9497,0.5006574534
9498,0.5006892047
9499,0.5007209782
9500,0.5010400822
9501,0.5010437848
9502,0.5010373503
9503,0.5010310096
9504,0.5010265838
9505,0.5010204449
9506,0.5010140883
9507,0.5010076789
9508,0.5010032851
9509,0.5009971995
9510,0.5009907954
9511,0.5009844206
9512,0.5009799034
9513,0.5009737735
9514,0.5009673265
9515,0.5009609083
9516,0.500956364
9517,0.5009501319
9518,0.5009437427
9519,0.5009373713
9520,0.5009329788
9521,0.5009269405
9522,0.5009204753
9523,0.5009141231
9524,0.5009096637
9525,0.5009034906
9526,0.5008970237
9527,0.500890611
9528,0.500886146
9529,0.5008800588
9530,0.5008736065
9531,0.5008671945
9532,0.5008627128
9533,0.5008565822
9534,0.5008501908
9535,0.5008438058
9536,0.5008393783
9537,0.5008332397
9538,0.5008268306
9539,0.5008204529
9540,0.5008161176
9541,0.5008099202
9542,0.5008034453
9543,0.500796999
9544,0.5007924975
9545,0.5007864382
9546,0.5007799938
9547,0.5007736164
9548,0.5007690857
9549,0.5007629604
9550,0.5007565412
9551,0.5007500984
9552,0.5007455781
9553,0.50073951
9554,0.5007331618
9555,0.5007267654
9556,0.5007223508
9557,0.5007161571
9558,0.5007097421
9559,0.5007032833
9560,0.5006987906
9561,0.5006925825
9562,0.5006862022
9563,0.50067992
9564,0.5006755257
9565,0.5006693449
9566,0.5006629022
9567,0.5006565324
9568,0.5006520556
9569,0.5006459565
9570,0.5006395383
9571,0.5006332184
9572,0.5006288061
9573,0.5006226279
9574,0.5006161984
9575,0.500609807
9576,0.5006055222
9577,0.5005993964
9578,0.5005930081
9579,0.5005866346
9580,0.5005822121
9581,0.500576056
9582,0.5005697004
9583,0.5005633441
9584,0.5005587814
9585,0.5005525991
9586,0.5005462665
9587,0.5005398771
9588,0.5005354924
9589,0.5005293569
9590,0.5005229032
9591,0.5005165264
9592,0.5005121449
9593,0.5005060027
9594,0.500499609
9595,0.5004932711
9596,0.500516641
9597,0.5005477928
9598,0.5005791423
9599,0.5006104056
9600,0.500911232
9601,0.5009148576
9602,0.5009084125
9603,0.500902012
9604,0.5008974393
9605,0.5008912601
9606,0.5008847855
9607,0.5008783839
9608,0.5008738839
9609,0.5008677406
9610,0.5008613641
9611,0.5008548927
9612,0.5008504664
9613,0.5008442247
9614,0.5008378286
9615,0.5008314958
9616,0.5008270163
9617,0.5008207791
9618,0.5008143235
9619,0.5008079246
9620,0.5008033318
9621,0.5007971504
9622,0.5007906987
9623,0.5007842113
9624,0.5007797413
9625,0.5007736241
9626,0.5007672343
9627,0.500760889
9628,0.50075639
9629,0.5007501744
9630,0.5007436872
9631,0.5007371223
9632,0.5007325855
9633,0.500726418
9634,0.5007199215
9635,0.5007135017
9636,0.5007090086
9637,0.5007028381
9638,0.5006963207
9639,0.5006897884
9640,0.500685292
9641,0.5006791447
9642,0.5006727057
9643,0.5006661705
9644,0.5006617068
9645,0.5006553979
9646,0.500649045
9647,0.5006426392
9648,0.5006381513
9649,0.5006318936
9650,0.5006254158
9651,0.5006189711
9652,0.5006143808
9653,0.5006081855
9654,0.5006016572
9655,0.500595216
9656,0.5005908162
9657,0.5005845894
9658,0.5005782163
9659,0.5005718272
9660,0.5005673003
9661,0.5005612236
9662,0.5005548006
9663,0.5005483645
9664,0.5005438783
9665,0.5005376823
9666,0.5005312168
9667,0.5005248512
9668,0.5005203312
9669,0.5005141547
9670,0.5005077388
9671,0.5005013424
9672,0.50049694
9673,0.5004907592
9674,0.5004842773
9675,0.5004778439
9676,0.5004733144
9677,0.5004671654
9678,0.5004607585
9679,0.5004543884
9680,0.5004499084
9681,0.5004436917
9682,0.5004373206
9683,0.5004309763
9684,0.5004265497
9685,0.5004203311
9686,0.5004139076
9687,0.5004075995
9688,0.500403123
9689,0.5003969824
9690,0.5003904994
9691,0.500384074
9692,0.5003795719
9693,0.500373433
9694,0.5003670382
9695,0.5003607592
9696,0.500383843
9697,0.5004145123
9698,0.5004451753
9699,0.5004762261
9700,0.5007832615
9701,0.5007867496
9702,0.5007805092
9703,0.5007742395
9704,0.5007699595
9705,0.5007641089
9706,0.5007578155
9707,0.500751405
9708,0.5007469793
9709,0.500740852
9710,0.5007344231
9711,0.5007280374
9712,0.5007237004
9713,0.5007176899
9714,0.50071138
9715,0.5007050964
9716,0.5007005575
9717,0.5006944536
9718,0.5006879897
9719,0.5006816617
9720,0.5006771443
9721,0.5006710264
9722,0.5006646261
9723,0.5006582625
9724,0.5006537347
9725,0.5006476692
9726,0.5006413086
9727,0.5006349903
9728,0.5006305232
9729,0.500624472
9730,0.5006180439
9731,0.5006116467
9732,0.5006071639
9733,0.5006010844
9734,0.5005947741
9735,0.5005883509
9736,0.5005838913
9737,0.5005778279
9738,0.5005714525
9739,0.5005651033
9740,0.5005605977
9741,0.5005545093
9742,0.5005482449
9743,0.5005418597
9744,0.5005374255
9745,0.5005314878
9746,0.5005251863
9747,0.5005190138
9748,0.5005148498
9749,0.5005088953
9750,0.5005026045
9751,0.5004964047
9752,0.5004921047
9753,0.5004862259
9754,0.5004799278
9755,0.5004736668
9756,0.5004694066
9757,0.50046353
9758,0.5004571909
9759,0.5004509053
9760,0.5004464993
9761,0.5004406569
9762,0.5004344516
9763,0.5004282534
9764,0.5004239582
9765,0.500418023
9766,0.500411757
9767,0.500405533
9768,0.5004012195
9769,0.5003954168
9770,0.5003891904
9771,0.5003829312
9772,0.5003786448
9773,0.5003727853
9774,0.5003664874
9775,0.5003602786
9776,0.5003558907
9777,0.5003500205
9778,0.5003437222
9779,0.5003374786
9780,0.5003331408
9781,0.5003273106
9782,0.5003210356
9783,0.5003147937
9784,0.500310468
9785,0.5003045283
9786,0.5002983264
9787,0.5002921941
9788,0.5002878213
9789,0.5002820084
9790,0.5002757391
9791,0.5002694317
9792,0.5002650506
9793,0.5002591732
9794,0.500252871
9795,0.5002466162
9796,0.5002696041
9797,0.5002998596
9798,0.5003302366
9799,0.5003605957
9800,0.5006841311
9801,0.5006875307
9802,0.5006812271
9803,0.5006749277
9804,0.5006704917
9805,0.5006644545
9806,0.5006581075
9807,0.5006518444
9808,0.5006473981
9809,0.5006415105
9810,0.5006351454
9811,0.5006288214
9812,0.5006243361
9813,0.5006183844
9814,0.5006121063
9815,0.5006058114
9816,0.5006013579
9817,0.5005954872
9818,0.5005891796
9819,0.5005829337
9820,0.5005785618
9821,0.5005726893
9822,0.5005664229
9823,0.5005601803
9824,0.5005558493
9825,0.5005499314
9826,0.5005437104
9827,0.5005373534
9828,0.5005329572
9829,0.5005270568
9830,0.5005207567
9831,0.5005144543
9832,0.5005100723
9833,0.5005041982
9834,0.5004979207
9835,0.5004915536
9836,0.5004871574
9837,0.5004812393
9838,0.5004749402
9839,0.5004686134
9840,0.5004642419
9841,0.5004583104
9842,0.5004519844
9843,0.5004456388
9844,0.5004412726
9845,0.5004353206
9846,0.5004290488
9847,0.5004228178
9848,0.5004183786
9849,0.5004124138
9850,0.5004061295
9851,0.5003998918
9852,0.5003955566
9853,0.5003896611
9854,0.5003834158
9855,0.5003772358
9856,0.5003728816
9857,0.5003669415
9858,0.5003606496
9859,0.5003544022
9860,0.5003500633
9861,0.5003440969
9862,0.5003377846
9863,0.5003315831
9864,0.5003271502
9865,0.5003212365
9866,0.5003150066
9867,0.5003088712
9868,0.5003045316
9869,0.5002987714
9870,0.5002924823
9871,0.5002862693
9872,0.5002819729
9873,0.5002761461
9874,0.5002699448
9875,0.5002637855
9876,0.5002593926
9877,0.5002533464
9878,0.5002470489
9879,0.5002408412
9880,0.5002364668
9881,0.5002304969
9882,0.5002243332
9883,0.5002181579
9884,0.5002138141
9885,0.5002078807
9886,0.5002015679
9887,0.5001953272
9888,0.5001909367
9889,0.5001850072
9890,0.5001785956
9891,0.5001723561
9892,0.5001678608
9893,0.5001618736
9894,0.5001555796
9895,0.5001493179
9896,0.500171748
9897,0.5002016761
9898,0.5002316089
9899,0.5002616033
9900,0.5005669185
9901,0.5005702347
9902,0.5005639099
9903,0.5005575719
9904,0.5005531023
9905,0.5005471238
9906,0.5005407455
9907,0.5005343888
9908,0.5005298855
9909,0.5005238961
9910,0.5005175343
9911,0.5005111507
9912,0.5005066633
9913,0.5005005715
9914,0.5004941947
9915,0.5004878732
9916,0.500483315
9917,0.5004771653
9918,0.5004708284
9919,0.5004644828
9920,0.5004600129
9921,0.5004540591
9922,0.5004476982
9923,0.5004414523
9924,0.5004369853
9925,0.5004308509
9926,0.5004245109
9927,0.5004182357
9928,0.5004139015
9929,0.5004077666
9930,0.5004013709
9931,0.5003950536
9932,0.5003905298
9933,0.5003843719
9934,0.5003780218
9935,0.5003717182
9936,0.5003672375
9937,0.5003611663
9938,0.5003547974
9939,0.5003485595
9940,0.500344015
9941,0.5003379859
9942,0.5003316517
9943,0.5003253623
9944,0.5003209449
9945,0.5003147979
9946,0.5003084612
9947,0.500302196
9948,0.5002977389
9949,0.5002915835
9950,0.5002852736
9951,0.5002790457
9952,0.5002745902
9953,0.5002685646
9954,0.5002621887
9955,0.5002558896
9956,0.5002514672
9957,0.5002454837
9958,0.5002391391
9959,0.5002328447
9960,0.5002283716
9961,0.5002221789
9962,0.5002158908
9963,0.5002095494
9964,0.500205061
9965,0.5001989508
9966,0.500192603
9967,0.5001863053
9968,0.5001818603
9969,0.5001757977
9970,0.5001694492
9971,0.5001631489
9972,0.5001587702
9973,0.5001528216
9974,0.5001464185
9975,0.5001401609
9976,0.500135729
9977,0.5001295938
9978,0.5001233228
9979,0.5001170791
9980,0.5001127069
9981,0.5001066597
9982,0.5001003285
9983,0.50009421
9984,0.5000898419
9985,0.5000837752
9986,0.500077455
9987,0.5000711181
9988,0.5000666388
9989,0.5000606035
9990,0.5000543223
9991,0.5000480607
9992,0.5000436279
9993,0.5000375402
9994,0.5000312496
9995,0.5000249177
9996,0.5000470975
9997,0.5000766419
9998,0.5001061263
9999,0.5001357112
10000,0.5004218586
