0.0417122340,0.0017162900,0.0016887240,0.0016918020,0.0521434060,0.0503011560,0.0017274060,0.0017286270,0.0458092650,0.0017307260,0.0017182520,0.0016968700,0.0466381110,0.0016501500,0.0016337710,0.0022406580,0.0022075410,0.0022224640,0.0022176730,0.0022139780,0.0022279630,0.0022295610,0.0022211830,0.0022347810,0.0022200830,0.0397848610,0.0022343950,0.0020582680,0.0020619180,0.0020515770,0.0021543500,0.0021584290,0.0021496750,0.0021427120,0.0021270790,0.0021367470,0.0504660780,0.0021481210,0.0021233110,0.0021121530,0.0021441450,0.0021240160,0.0019584160,0.0019659110,0.0331196840,0.0020992060,0.0021004760,0.0021066200,0.0020904190,0.0021130140,0.0020830870,0.0020975610,0.0020795870,0.0020664840,0.0020856240,0.0021154400,0.0021074360,0.0019464270,0.0019729880,0.0019456560,0.0020616540,0.0021096960,0.0405471170,0.0021143970,0.0519149630,0.0020991660,0.0468459850,0.0021288360,0.0020967560,0.0020999740,0.0020846240,0.0464696160,0.0342586900,0.0019470110,0.0019387580,0.0021003770,0.0020863740,0.0020724380,0.0020793500,0.0021011770,0.0020917480,0.0021134480,0.0020980580,0.0020978280,0.0020845740,0.0021166220,0.0020969650,0.0019192050,0.0019327720,0.0019345470,0.0020732790,0.0020744930,0.0020841850,0.0020820820,0.0020893500,0.0020763160,0.0020790810,0.0020966460,0.0021084280,0.0021078630,0.0020815640,0.0020930050,0.0019107340,0.0019230120,0.0364836480,0.0021589030,0.0021772260,0.0021647320,0.0021787580,0.0021506780,0.0021725420,0.0021821160,0.0021679920,0.0021655180,0.0021898530,0.0021412070,0.0021415470,0.0020155620,0.0020238770,0.0020063930,0.0022314210,0.0022344670,0.0022229460,0.0326730070,0.0316922800,0.0022467130,0.0022391060,0.0022284090,0.0430642700,0.0022348390,0.0356766040,0.0022365070,0.0318790680,0.0020690440,0.0020405380,0.0009854930,0.0009833670,0.0010041440,0.0009921330,0.0009920010,0.0009920720,0.0009874420,0.0425050200,0.0009896450,0.0009910870,0.0009818510,0.0009923490,0.0009664870,0.0009595220,0.0377371780,0.0005091790,0.0004823430,0.0004784960,0.0004712230,0.0005138090,0.0004787680,0.0004815140,0.0004848420,0.0004962890,0.0004758490,0.0004905940,0.0004767440,0.0004816540,0.0004584180,0.0004467660,0.0004796080,0.0004788340,0.0004954300,0.0004788670,0.0004840710,0.0004809940,0.0004769500,0.0401193630,0.0004743670,0.0004750690,0.0004752020,0.0004731860,0.0004490820,0.0004542610,0.0004535710,0.0004962120,0.0004817420,0.0004834160,0.0004760000,0.0680869550,0.0682350620,0.0004913890,0.0004862010,0.0004765040,0.0004727560,0.0681133890,0.0004949490,0.0445563010,0.0004753720,0.0004553410,0.0004741380,0.0004784160,0.0004717740,0.0004727460,0.0004850660,0.0004752200,0.0004778340,0.0004738270,0.0004839670,0.0004851700,0.0004847360,0.0004809770,0.0004522590,0.0361130630,0.0004691290,0.0004925450,0.0004805610,0.0004910090,0.0004759610,0.0004779030,0.0004758530,0.0005045930,0.0004822790,0.0004771820,0.0004758810,0.0004884890,0.0004815230,0.0004495610,0.0004483590,0.0004484780,0.0004810510,0.0004691150,0.0004758590,0.0004681350,0.0004783390,0.0004807540,0.0004779490,0.0004776080,0.0004776570,0.0004758650,0.0004785780,0.0004782260,0.0004533160,0.0004509920,0.0004492380,0.0004744970,0.0004777030,0.0363480370,0.0004951380,0.0363165880,0.0004929550,0.0481971170,0.0004914050,0.0708481340,0.0004957580,0.0004893540,0.0004776820,0.0703427950,0.0393914190,0.0004747600,0.0004826310,0.0004778160,0.0004807800,0.0004856480,0.0004816280,0.0004819130,0.0004851500,0.0004839280,0.0004846450,0.0004788530,0.0004740450,0.0004717670,0.0004544390,0.0004545620,0.0004522150,0.0004739470,0.0004777060,0.0004825610,0.0004825540,0.0004841100,0.0004792400,0.0366420800,0.0004947570,0.0004956020,0.0004919380,0.0004953520,0.0004836570,0.0004543860,0.0004501820,0.0004534070,0.0004715020,0.0004759510,0.0004736190,0.0004715730,0.0004814500,0.0004791780,0.0004823600,0.0004861680,0.0004817240,0.0004796580,0.0004780500,0.0004769340,0.0004514820,0.0004460340,0.0715606880,0.0004820520,0.0004806770,0.0004770330,0.0671267290,0.0713048450,0.0004954380,0.0004900080,0.0004825010,0.0004968010,0.0004870250,0.0004828460,0.0004873250,0.0715625790,0.0431249840,0.0004642090,0.0004750790,0.0004714930,0.0004948660,0.0004840170,0.0004845460,0.0004803660,0.0004761300,0.0473199540,0.0004827870,0.0004809340,0.0004762440,0.0004803200,0.0004578890,0.0004535560,0.0004623830,0.0004771100,0.0004790540,0.0004757590,0.0004765890,0.0004994890,0.0004876260,0.0004826460,0.0004875980,0.0004952710,0.0004756430,0.0004811240,0.0004810310,0.0004631850,0.0004531750,0.0004569960,0.0004734940,0.0004781860,0.0004765590,0.0004758480,0.0004839490,0.0004761950,0.0004763950,0.0004731510,0.0004855410,0.0004779040,0.0004758020,0.0004723650,0.0004513250,0.0004545570,0.0715640730,0.0004929060,0.0004780470,0.0004886480,0.0004786160,0.0708453490,0.0004984020,0.0004858780,0.0004862100,0.0447255490,0.0004945580,0.0004918760,0.0480125900,0.1119060970,0.0004673880,0.0004574460,0.0004830460,0.0004811030,0.0004778860,0.0004740500,0.0004783750,0.0004811170,0.0004774800,0.0004806870,0.0004916240,0.0004851370,0.0005013930,0.0004771160,0.0004506360,0.0004550810,0.0004581180,0.0479401050,0.0010114200,0.0004880170,0.0004862420,0.0004729010,0.1120312720,0.0004914530,0.0004934890,0.0004853440,0.0004838290,0.0004796300,0.0004714440,0.0004525890,0.1122407560,0.0004776950,0.0004816620,0.0004867830,0.0004819250,0.0004839190,0.0004799420,0.0004811130,0.0004777950,0.0004718950,0.0004842410,0.0004799500,0.0004745410,0.0004748100,0.0004615630,0.0004583990,0.0004633870,0.0004188320,0.0004129910,0.0004138430,0.0004142610,0.0004131180,0.0004278780,0.0004164240,0.0004189390,0.0004178790,0.0004197450,0.0004181200,0.0004066100,0.0003822520,0.0003830820,0.0003867110
39,39,39,39,4,5,5,5,9,9,9,9,10,10,10,39,39,39,39,5,5,5,5,9,9,41,41,10,10,10,4,4,4,4,5,5,6,6,41,41,41,41,10,10,35,4,4,4,4,6,6,6,6,41,41,10,10,35,35,35,6,6,40,40,7,7,8,8,35,35,35,11,12,12,12,6,40,40,40,7,7,8,8,35,35,11,11,12,12,12,40,40,7,7,8,8,8,9,11,11,11,11,12,12,36,40,7,7,7,8,8,9,9,11,11,12,12,36,36,36,36,36,36,13,14,14,14,14,43,43,18,18,0,0,0,36,36,13,13,14,14,14,42,18,18,18,18,0,0,38,13,13,13,13,42,42,42,42,18,18,0,0,38,38,38,13,13,14,14,42,42,42,15,18,0,0,0,38,38,38,15,15,15,15,16,17,17,17,38,38,19,19,37,37,37,15,15,15,15,17,17,17,17,19,19,19,19,37,20,20,16,16,16,16,17,17,43,43,19,19,37,37,20,20,20,16,16,16,16,43,43,43,43,19,37,37,37,20,20,20,20,20,21,21,22,22,44,44,26,26,26,26,28,32,32,21,21,21,21,22,22,44,44,26,26,26,26,32,32,32,21,21,22,22,44,44,23,23,28,28,28,28,32,32,32,21,22,22,22,44,44,23,23,28,28,28,28,32,32,29,23,23,23,24,25,25,25,25,29,29,29,29,30,33,33,23,23,24,24,25,25,25,45,29,29,29,29,33,33,33,24,24,24,24,45,45,45,45,30,30,30,30,33,33,33,24,24,25,25,45,45,45,26,30,30,30,30,33,33,31,31,31,31,31,27,27,27,27,34,34,34,47,3,3,3,31,31,31,31,27,27,27,27,34,34,47,47,3,3,3,46,46,46,46,27,2,2,2,47,47,47,3,3,1,1,46,46,46,46,2,2,2,2,47,47,3,3,1,1,1,2,2,2,34,34,34,34,34,1,1,1,1,1,1,1
0.0549929330,0.0425083690,0.0424976426,0.0424604869,0.0587270710,0.0592421236,0.0433634819,0.0430072391,0.0595710544,0.0430911511,0.0429867624,0.0426956133,0.0551899830,0.0386336746,0.0385200899,0.0687266342,0.0693088077,0.0688124683,0.0688849260,0.0691166015,0.0694075118,0.0693631707,0.0689941037,0.0691511934,0.0689910901,0.0782167206,0.0684899231,0.0620715427,0.0623085541,0.0625957749,0.0691717684,0.0686950010,0.0688463738,0.0688866007,0.0688945800,0.0686284547,0.0808953349,0.0685973575,0.0687355245,0.0687169366,0.0688983606,0.0690824028,0.0617804412,0.0623839055,0.0685938100,0.0689093273,0.0686741575,0.0687369951,0.0686120869,0.0683617254,0.0686645825,0.0687707269,0.0689517558,0.0688104248,0.0682385022,0.0688737382,0.0689185533,0.0614797252,0.0612264660,0.0617979028,0.0684994383,0.0685734073,0.0779274597,0.0688583801,0.0817058180,0.0690136761,0.0815625039,0.0685174358,0.0682285243,0.0684503517,0.0682764203,0.0815458398,0.0704142899,0.0622845595,0.0620943953,0.0684682698,0.0690864453,0.0688594775,0.0687201494,0.0687544777,0.0687718060,0.0683722652,0.0688592760,0.0684467177,0.0682651185,0.0689230874,0.0686982882,0.0622194892,0.0625137931,0.0626623961,0.0685487882,0.0687738430,0.0688650730,0.0689188079,0.0689129222,0.0687642709,0.0686455238,0.0686700377,0.0689019287,0.0688731140,0.0683107038,0.0687713984,0.0624240733,0.0621417880,0.0710049038,0.0685169873,0.0689237145,0.0688639439,0.0686894901,0.0686727044,0.0688237569,0.0689688165,0.0688425413,0.0689240003,0.0688981508,0.0691753135,0.0684988773,0.0618835538,0.0614866379,0.0616559044,0.0689079212,0.0684073211,0.0683230749,0.0776649650,0.0771114179,0.0688297011,0.0685257974,0.0686376824,0.0786360514,0.0688856259,0.0795140820,0.0691848930,0.0696561293,0.0613759660,0.0604625737,0.0168962296,0.0169371134,0.0177460637,0.0171598365,0.0172552936,0.0173043582,0.0173754681,0.0266984054,0.0171141914,0.0174678071,0.0171941050,0.0172506879,0.0165585592,0.0160638750,0.0262318643,0.0066079865,0.0064908998,0.0065362623,0.0065150472,0.0067353166,0.0065792982,0.0065066237,0.0065183266,0.0064997971,0.0064434563,0.0065094850,0.0064464093,0.0064027774,0.0062319348,0.0062409790,0.0065117063,0.0064758193,0.0064992150,0.0064753245,0.0064803630,0.0064788655,0.0064063088,0.0157124201,0.0064406413,0.0064712061,0.0064336588,0.0064724306,0.0061308661,0.0061803025,0.0060808831,0.0067707007,0.0066135660,0.0065785705,0.0064855987,0.0213018264,0.0212904945,0.0067505950,0.0066307130,0.0064803803,0.0064439883,0.0213236054,0.0067398098,0.0166702037,0.0064341714,0.0062577292,0.0065373970,0.0065261663,0.0064774549,0.0064569799,0.0065775853,0.0065068952,0.0065470429,0.0065415565,0.0066052609,0.0065958493,0.0064996962,0.0065544025,0.0062658272,0.0157929545,0.0063758181,0.0067221106,0.0065834190,0.0065389721,0.0064563895,0.0064856337,0.0064741008,0.0066009534,0.0065321327,0.0065247105,0.0064953644,0.0065614028,0.0065745436,0.0062676103,0.0061828669,0.0061253315,0.0065038909,0.0064970690,0.0064422769,0.0064287109,0.0065181393,0.0064699715,0.0064857243,0.0064304424,0.0064736533,0.0064936386,0.0065090358,0.0064725806,0.0061470171,0.0061224519,0.0060512995,0.0064318418,0.0064597163,0.0163082956,0.0067840026,0.0161906805,0.0067112541,0.0155838100,0.0067185106,0.0194274503,0.0067763395,0.0066182574,0.0065999927,0.0192832906,0.0138407945,0.0063502134,0.0066254785,0.0066123686,0.0065033329,0.0065637754,0.0065889277,0.0065318289,0.0066130854,0.0065287064,0.0064949077,0.0065637112,0.0065371951,0.0064948641,0.0062242490,0.0062241933,0.0061348846,0.0065125993,0.0065128866,0.0064795305,0.0065098257,0.0064917883,0.0064585915,0.0162620386,0.0067625541,0.0067949929,0.0066015209,0.0066014582,0.0065187963,0.0061912514,0.0061052759,0.0061172039,0.0064565966,0.0065157843,0.0064441835,0.0064436373,0.0064877770,0.0064105047,0.0066228837,0.0066223449,0.0065613814,0.0064882103,0.0064842657,0.0064617231,0.0060870983,0.0060773077,0.0203747747,0.0064971390,0.0065565615,0.0065255273,0.0189369205,0.0194678871,0.0067500175,0.0065921234,0.0065889429,0.0067583004,0.0065804845,0.0065772464,0.0065230748,0.0195331988,0.0144896298,0.0063839183,0.0065026642,0.0064509857,0.0067259308,0.0066043300,0.0065081630,0.0065537821,0.0065194742,0.0154382073,0.0065726790,0.0064912141,0.0064759617,0.0064643870,0.0062904993,0.0062319889,0.0061840561,0.0065367161,0.0064623287,0.0065028727,0.0065195274,0.0067719097,0.0066388579,0.0065256415,0.0065392891,0.0067635445,0.0066030867,0.0065617229,0.0065046253,0.0062178810,0.0061611884,0.0061251262,0.0064405164,0.0064276639,0.0064848802,0.0064656094,0.0065059289,0.0065273308,0.0064509077,0.0064781112,0.0065303128,0.0065278871,0.0064648946,0.0064386984,0.0061174144,0.0061190260,0.0203575974,0.0067786726,0.0066008295,0.0065763652,0.0065119844,0.0193932607,0.0067238586,0.0065906947,0.0065379622,0.0148843588,0.0067343724,0.0066320766,0.0165537921,0.0264202883,0.0063698043,0.0062690860,0.0065509809,0.0064806639,0.0064573778,0.0064470611,0.0064750726,0.0065055571,0.0065112177,0.0064425192,0.0065864589,0.0065048284,0.0067428337,0.0066375836,0.0062394258,0.0061463879,0.0061600741,0.0164837326,0.0068268898,0.0066177308,0.0065294709,0.0064421431,0.0267396548,0.0066785539,0.0066169181,0.0065212070,0.0065024729,0.0064824132,0.0064665311,0.0061357432,0.0265649675,0.0064328459,0.0065249024,0.0064755263,0.0065178041,0.0064449997,0.0065472990,0.0064567907,0.0064936552,0.0064735105,0.0065135684,0.0064481194,0.0064248757,0.0064794911,0.0063100652,0.0062700747,0.0062015379,0.0054120883,0.0054177150,0.0054327062,0.0055032620,0.0055144324,0.0054664083,0.0054239883,0.0054407683,0.0055462188,0.0054973382,0.0055429712,0.0054511524,0.0051839976,0.0051455839,0.0051715632
39,39,39,39,4,5,5,5,9,9,9,9,10,10,10,39,39,39,39,5,5,5,5,9,9,41,41,10,10,10,4,4,4,4,5,5,6,6,41,41,41,41,10,10,35,4,4,4,4,6,6,6,6,41,41,10,10,35,35,35,6,6,40,40,7,7,8,8,35,35,35,11,12,12,12,6,40,40,40,7,7,8,8,35,35,11,11,12,12,12,40,40,7,7,8,8,8,9,11,11,11,11,12,12,36,40,7,7,7,8,8,9,9,11,11,12,12,36,36,36,36,36,36,13,14,14,14,14,43,43,18,18,0,0,0,36,36,13,13,14,14,14,42,18,18,18,18,0,0,38,13,13,13,13,42,42,42,42,18,18,0,0,38,38,38,13,13,14,14,42,42,42,15,18,0,0,0,38,38,38,15,15,15,15,16,17,17,17,38,38,19,19,37,37,37,15,15,15,15,17,17,17,17,19,19,19,19,37,20,20,16,16,16,16,17,17,43,43,19,19,37,37,20,20,20,16,16,16,16,43,43,43,43,19,37,37,37,20,20,20,20,20,21,21,22,22,44,44,26,26,26,26,28,32,32,21,21,21,21,22,22,44,44,26,26,26,26,32,32,32,21,21,22,22,44,44,23,23,28,28,28,28,32,32,32,21,22,22,22,44,44,23,23,28,28,28,28,32,32,29,23,23,23,24,25,25,25,25,29,29,29,29,30,33,33,23,23,24,24,25,25,25,45,29,29,29,29,33,33,33,24,24,24,24,45,45,45,45,30,30,30,30,33,33,33,24,24,25,25,45,45,45,26,30,30,30,30,33,33,31,31,31,31,31,27,27,27,27,34,34,34,47,3,3,3,31,31,31,31,27,27,27,27,34,34,47,47,3,3,3,46,46,46,46,27,2,2,2,47,47,47,3,3,1,1,46,46,46,46,2,2,2,2,47,47,3,3,1,1,1,2,2,2,34,34,34,34,34,1,1,1,1,1,1,1
0.0468396428,0.0491711524,0.0493026654,0.0625117231,0.0503140090,0.0456289996,0.0598482047,0.0595895326,0.0482362403,0.0599250617,0.0596419514,0.0497487158,0.0403687385,0.0406185399,0.0553177678,0.0697362394,0.0696233029,0.0735930480,0.0714677424,0.0714689046,0.0725294678,0.0721295130,0.0746881016,0.0718939658,0.0719245685,0.0715004125,0.0709583128,0.0745703771,0.0627107463,0.0658983008,0.0697038386,0.0795133952,0.0796376702,0.0717057283,0.0718311344,0.0689748648,0.0697314304,0.0698189690,0.0700561756,0.0703143447,0.0727007962,0.0697893779,0.0611421121,0.0625057981,0.0619968768,0.0694956777,0.0687994955,0.0691162926,0.0690054269,0.0813270102,0.0690680281,0.0814200145,0.0685870486,0.0678863411,0.0692085550,0.0697055789,0.0695864131,0.0633440082,0.0748381051,0.0621725328,0.0687780493,0.0683956840,0.0701603715,0.0684869254,0.0719926817,0.0691267642,0.0695762391,0.0691225584,0.0691788572,0.0695080717,0.0697725759,0.0694052592,0.0629544883,0.0615323495,0.0730036399,0.0695390961,0.0685705987,0.0827128994,0.0683202839,0.0695311637,0.0690272232,0.0688595120,0.0688863207,0.0813033435,0.0692509491,0.0678834789,0.0690657569,0.0616009285,0.0625330114,0.0608621844,0.0693275481,0.0683152380,0.0683065338,0.0691712217,0.0686650575,0.0698339778,0.0685714630,0.0694164032,0.0682775582,0.0688712178,0.0685506627,0.0698503024,0.0626041167,0.0621176741,0.0610387405,0.0698543616,0.0697905619,0.0691552408,0.0695692686,0.0691740622,0.0693674705,0.0688177260,0.0689617264,0.0695380087,0.0691613786,0.0698431583,0.0695835836,0.0608513967,0.0629242819,0.0624346518,0.0700836229,0.0813709610,0.0697246574,0.0697243281,0.0697415198,0.0694152987,0.0701335495,0.0700675708,0.0704494329,0.0698210047,0.0695184775,0.0694448460,0.0628858084,0.0622036332,0.0619845510,0.0171747202,0.0171460024,0.0173649867,0.0170847860,0.0172672928,0.0171762173,0.0172109833,0.0172438006,0.0172115264,0.0173761134,0.0172786389,0.0173358326,0.0164778512,0.0165600699,0.0161603441,0.0062738716,0.0062914760,0.0063164389,0.0063372607,0.0063094107,0.0063418540,0.0063924085,0.0063418322,0.0062650749,0.0062919615,0.0062901613,0.0063046109,0.0059633836,0.0059694455,0.0059596178,0.0063276234,0.0063171681,0.0062339962,0.0062542171,0.0062643940,0.0062755177,0.0062724989,0.0062930285,0.0062840956,0.0063849575,0.0062475731,0.0062419121,0.0059579600,0.0059384858,0.0058649541,0.0062783185,0.0063297686,0.0062627900,0.0063481221,0.0064178572,0.0063998067,0.0062753958,0.0063745685,0.0063378271,0.0062897224,0.0063656461,0.0062847101,0.0059503237,0.0059628726,0.0059582053,0.0062959447,0.0063028225,0.0062692661,0.0062448622,0.0063291261,0.0063472905,0.0062555060,0.0063448399,0.0063192471,0.0062397424,0.0062562848,0.0063707703,0.0059883556,0.0058957081,0.0059702672,0.0063033594,0.0063510067,0.0062791563,0.0063256426,0.0063266035,0.0062771750,0.0062185403,0.0062510425,0.0062991240,0.0063009882,0.0062640276,0.0062985563,0.0059682693,0.0059613498,0.0059239120,0.0062862953,0.0062545168,0.0062666946,0.0063029315,0.0062416263,0.0062927413,0.0062477822,0.0063232450,0.0063004496,0.0063253305,0.0063091834,0.0063017390,0.0059230222,0.0059411659,0.0059860032,0.0062944992,0.0062704903,0.0062728560,0.0062462511,0.0062316477,0.0062679726,0.0062219702,0.0062360267,0.0062809043,0.0062912107,0.0062937657,0.0063192624,0.0059364734,0.0059614194,0.0060150674,0.0062627171,0.0062621060,0.0062133286,0.0062641939,0.0061966832,0.0063187107,0.0062170253,0.0062669430,0.0062770181,0.0062648107,0.0062340085,0.0062761178,0.0058914766,0.0059489253,0.0059118425,0.0063105788,0.0062505846,0.0063155633,0.0063170478,0.0062693405,0.0062277385,0.0063066017,0.0062618241,0.0062725608,0.0063129965,0.0062003679,0.0062902030,0.0059068143,0.0059348143,0.0059911744,0.0062306004,0.0062752944,0.0062749809,0.0062726294,0.0062425985,0.0062836809,0.0062649201,0.0063152787,0.0062713068,0.0062280201,0.0062383052,0.0062674894,0.0059606476,0.0059283854,0.0059206282,0.0063518458,0.0062694332,0.0062349849,0.0062693704,0.0063016611,0.0062593545,0.0062867126,0.0062541659,0.0063034671,0.0062840265,0.0062829907,0.0062617971,0.0058988664,0.0059097018,0.0059419513,0.0062204759,0.0062550273,0.0062797629,0.0062603349,0.0062902310,0.0062966873,0.0063265952,0.0062575934,0.0062564038,0.0062702077,0.0062636544,0.0062288543,0.0059522117,0.0058614086,0.0059106050,0.0062840736,0.0062457450,0.0062466157,0.0062433841,0.0062421190,0.0062719893,0.0062005617,0.0062599186,0.0062165304,0.0061998478,0.0062406871,0.0062630808,0.0059160191,0.0059558610,0.0058833298,0.0062720594,0.0062315112,0.0062733069,0.0062499720,0.0062270860,0.0062680230,0.0062777990,0.0062601298,0.0062557070,0.0062789632,0.0062854121,0.0062232949,0.0058358621,0.0059301324,0.0058647046,0.0062606492,0.0062774953,0.0062882458,0.0062618424,0.0062298578,0.0062654599,0.0062277754,0.0061985116,0.0062109591,0.0062551994,0.0062536087,0.0062825899,0.0059333607,0.0059537728,0.0059474823,0.0062597238,0.0062803329,0.0062401655,0.0062336373,0.0062345637,0.0062992517,0.0062197095,0.0062157589,0.0062182577,0.0062670623,0.0062218075,0.0061995018,0.0058517894,0.0058762733,0.0058976814,0.0062610226,0.0063293377,0.0062492919,0.0062342077,0.0062448253,0.0062421699,0.0062546551,0.0062252774,0.0062256606,0.0062765531,0.0062727296,0.0062467379,0.0059335486,0.0058675630,0.0059248157,0.0061920837,0.0062607617,0.0061973018,0.0062752514,0.0062579185,0.0062769092,0.0061897387,0.0062406057,0.0062880671,0.0062167419,0.0062605280,0.0062132723,0.0059141868,0.0058638914,0.0058678779,0.0052988309,0.0052529261,0.0053226259,0.0052777451,0.0052340028,0.0052735840,0.0052698397,0.0052451536,0.0052807162,0.0052726857,0.0052812008,0.0052266756,0.0049500573,0.0049923788,0.0049175600
40,34,32,26,35,36,28,31,37,30,29,33,39,38,46,13,29,2,14,39,34,33,17,30,18,41,42,21,18,3,31,23,20,1,15,30,12,40,4,7,19,35,1,10,28,10,18,3,31,47,35,25,23,1,11,6,4,14,24,0,38,29,43,37,16,0,5,32,13,41,8,47,26,17,22,43,36,27,11,10,22,12,27,45,7,11,8,15,4,23,33,15,20,13,3,21,36,0,25,24,16,19,9,19,38,26,7,37,9,17,14,9,24,8,22,40,46,25,6,2,21,44,5,42,46,6,34,39,45,2,44,28,32,20,27,26,28,45,29,33,34,38,43,30,44,31,32,12,41,44,30,28,36,25,2,21,23,6,40,24,10,31,18,41,44,17,15,38,18,2,25,17,43,8,16,2,23,26,33,2,29,33,22,13,5,47,24,9,14,27,12,6,46,6,45,39,28,22,38,19,3,44,42,29,8,39,5,46,42,10,21,1,41,35,20,10,20,35,20,35,3,18,47,34,24,45,36,13,21,2,5,24,25,9,31,9,3,31,13,1,0,41,16,33,44,19,40,22,47,30,46,11,43,36,4,4,31,44,12,2,34,32,30,34,9,38,33,40,39,27,19,22,1,12,30,40,45,27,34,26,24,14,36,6,7,36,1,28,26,26,15,3,23,23,27,8,43,14,0,16,37,16,26,41,5,20,7,14,26,25,15,13,12,35,12,43,34,0,28,4,47,7,39,10,29,19,44,23,43,35,37,42,42,8,31,17,27,43,28,27,4,46,38,32,20,7,22,11,46,16,29,33,21,33,31,45,14,8,11,16,32,13,17,15,42,25,6,40,38,1,10,47,45,9,5,46,6,39,30,12,5,18,20,0,47,14,18,42,29,30,5,37,37,32,11,42,15,34,11,41,7,47,28,41,1,24,17,0,29,45,37,32,4,21,32,19,0,3,16,37,3,4,12,19,22,17,9,10,25,15,21,18,23,5,16
0.0442312961,0.0447871429,0.0454506582,0.0455908407,0.0455119303,0.0458347072,0.0464466212,0.0465348220,0.0461116145,0.0464089364,0.0461613913,0.0459085094,0.0412957202,0.0409440165,0.0402227505,0.0702302537,0.0705833685,0.0720684255,0.0739469242,0.0740702340,0.0745233760,0.0748487948,0.0753155534,0.0741553339,0.0749822536,0.0743454100,0.0727263360,0.0647354801,0.0632835504,0.0632540398,0.0692894444,0.0696152357,0.0698470474,0.0699544603,0.0700792738,0.0686535406,0.0695200592,0.0695098695,0.0690613517,0.0701834654,0.0694941521,0.0693888925,0.0621410473,0.0629900070,0.0623601545,0.0694227680,0.0690256596,0.0689432175,0.0686809639,0.0699952303,0.0688177551,0.0697104960,0.0692063341,0.0691780528,0.0693793209,0.0697664469,0.0690328181,0.0627262008,0.0624503579,0.0618988025,0.0692181270,0.0685489790,0.0695083138,0.0686390713,0.0692981835,0.0687216700,0.0698190648,0.0690779202,0.0682827357,0.0693761535,0.0691070698,0.0695421632,0.0625092140,0.0624081997,0.0623092284,0.0695170441,0.0691373404,0.0696594625,0.0689592859,0.0691554953,0.0695682919,0.0684175417,0.0689646206,0.0699189150,0.0695168817,0.0686466933,0.0688354290,0.0625665019,0.0623319551,0.0614926276,0.0693087106,0.0699308955,0.0688028101,0.0683126833,0.0678165980,0.0690516261,0.0687558214,0.0681958801,0.0691977869,0.0693513416,0.0683706225,0.0691561135,0.0621209578,0.0619182819,0.0617525144,0.0691079157,0.0698048851,0.0691445698,0.0696162430,0.0695958998,0.0699522650,0.0692451763,0.0692371969,0.0688628200,0.0691837475,0.0696035739,0.0689457204,0.0616494128,0.0631206924,0.0624044545,0.0695847389,0.0706625208,0.0700475064,0.0695099267,0.0690059233,0.0697013511,0.0697301268,0.0696944915,0.0704657228,0.0696388724,0.0698682980,0.0697251634,0.0626625548,0.0624922668,0.0621115955,0.0171886459,0.0171279489,0.0173909828,0.0170665601,0.0172120442,0.0171837702,0.0171777809,0.0172127511,0.0171821890,0.0173643131,0.0172370901,0.0172792475,0.0164455859,0.0165266180,0.0161257610,0.0062595225,0.0062921800,0.0063204275,0.0063364843,0.0063080289,0.0063405506,0.0063872765,0.0063402542,0.0062710159,0.0062823997,0.0062854020,0.0062885123,0.0059780396,0.0059656687,0.0062909862,0.0063361635,0.0063005133,0.0062212998,0.0062567376,0.0062679038,0.0062785874,0.0062794902,0.0062770468,0.0062636916,0.0063940156,0.0062518864,0.0062342943,0.0059600272,0.0059430358,0.0058681126,0.0062773071,0.0063194579,0.0062746408,0.0063379400,0.0064119578,0.0063966327,0.0062890165,0.0063689435,0.0063246858,0.0063069782,0.0063594100,0.0062860397,0.0059382314,0.0059524213,0.0059598773,0.0062798842,0.0062876519,0.0062590316,0.0062341067,0.0063392014,0.0063467744,0.0062631405,0.0063551205,0.0063087051,0.0062352103,0.0062374541,0.0063651259,0.0059707999,0.0059028702,0.0059819777,0.0062953155,0.0063485473,0.0062811471,0.0063290874,0.0063231251,0.0062718252,0.0062176473,0.0062599316,0.0063095420,0.0063057525,0.0062676587,0.0063001562,0.0059632317,0.0059493971,0.0059200877,0.0062746946,0.0062564544,0.0062688012,0.0062928391,0.0062321267,0.0062901606,0.0062552552,0.0063137577,0.0062957843,0.0063173656,0.0063083166,0.0063043879,0.0059175464,0.0059335129,0.0060006732,0.0062966564,0.0062646757,0.0062834698,0.0062452238,0.0062342287,0.0062793333,0.0062306813,0.0062361714,0.0062762449,0.0062902287,0.0062883779,0.0063162417,0.0059409721,0.0059543392,0.0060030619,0.0062730135,0.0062564737,0.0062074054,0.0062702383,0.0061917000,0.0063185413,0.0062182105,0.0062617013,0.0062761662,0.0062652357,0.0062267012,0.0062812742,0.0058810049,0.0059377708,0.0059101742,0.0063156948,0.0062566299,0.0063091797,0.0063265449,0.0062757771,0.0062170736,0.0063115166,0.0062530685,0.0062742547,0.0063251649,0.0062191291,0.0062808305,0.0058926607,0.0059277595,0.0059883091,0.0062232177,0.0062720085,0.0062634248,0.0062880513,0.0062532288,0.0062775018,0.0062585665,0.0063192015,0.0062722386,0.0062324170,0.0062364519,0.0062646701,0.0059640316,0.0059442518,0.0059345624,0.0063463213,0.0062725345,0.0062486387,0.0062683598,0.0062955539,0.0062570180,0.0062685880,0.0062613807,0.0063211241,0.0062687065,0.0062677644,0.0062658672,0.0059093169,0.0059257234,0.0059379721,0.0062156442,0.0062618596,0.0062850456,0.0062435136,0.0062840024,0.0062949824,0.0063284933,0.0062488460,0.0062647518,0.0062719472,0.0062640857,0.0062318681,0.0059587015,0.0058564417,0.0059155816,0.0062989054,0.0062508198,0.0062521182,0.0062382356,0.0062539297,0.0062839300,0.0062197774,0.0062576807,0.0062295050,0.0061936007,0.0062211394,0.0062719641,0.0059126665,0.0059359594,0.0058726959,0.0062678189,0.0062262560,0.0062926445,0.0062456900,0.0062474150,0.0062706492,0.0062759069,0.0062623689,0.0062748921,0.0062733098,0.0062822963,0.0062252156,0.0058346816,0.0059172928,0.0058908948,0.0062478445,0.0062759023,0.0062874190,0.0062691010,0.0062301147,0.0062703369,0.0062211493,0.0061948997,0.0062026611,0.0062608254,0.0062535224,0.0062793431,0.0059274345,0.0059511795,0.0059467407,0.0062625082,0.0062738310,0.0062240469,0.0062378753,0.0062430939,0.0062946823,0.0062074496,0.0062283709,0.0062254013,0.0062662358,0.0062290512,0.0062200311,0.0058428363,0.0058706165,0.0059025934,0.0062683281,0.0063204574,0.0062577377,0.0062357293,0.0062478656,0.0062341124,0.0062499456,0.0062224521,0.0062407773,0.0062680528,0.0062625837,0.0062509323,0.0059283517,0.0058667408,0.0059298999,0.0062147588,0.0062605768,0.0062168419,0.0062621949,0.0062662005,0.0062645469,0.0061993455,0.0062474126,0.0062798494,0.0062178452,0.0062642132,0.0062241245,0.0059138152,0.0058816325,0.0058641314,0.0052947121,0.0052502054,0.0053225114,0.0052865789,0.0052300463,0.0052715443,0.0052678256,0.0052648245,0.0052852571,0.0052720115,0.0052829507,0.0052196989,0.0049370258,0.0049924620,0.0049322894
40,34,32,26,35,36,28,31,37,30,29,33,39,38,46,13,29,2,14,39,34,33,17,30,18,41,42,21,18,3,31,23,20,1,15,30,12,40,4,7,19,35,1,10,28,10,18,3,31,47,35,25,23,1,11,6,4,14,24,0,38,29,43,37,16,0,5,32,13,41,8,47,26,17,22,43,36,27,11,10,22,12,27,45,7,11,8,15,4,23,33,15,20,13,3,21,36,0,25,24,16,19,9,19,38,26,7,37,9,17,14,9,24,8,22,40,46,25,6,2,21,44,5,42,46,6,34,39,45,2,44,28,32,20,27,26,28,45,29,33,34,38,43,30,44,31,32,12,41,44,30,28,36,25,2,21,23,6,40,24,10,31,18,41,44,17,15,38,18,2,25,17,43,8,16,2,23,26,33,2,29,33,22,13,5,47,24,9,14,27,12,6,46,6,45,39,28,22,38,19,3,44,42,29,8,39,5,46,42,10,21,1,41,35,20,10,20,35,20,35,3,18,47,34,24,45,36,13,21,2,5,24,25,9,31,9,3,31,13,1,0,41,16,33,44,19,40,22,47,30,46,11,43,36,4,4,31,44,12,2,34,32,30,34,9,38,33,40,39,27,19,22,1,12,30,40,45,27,34,26,24,14,36,6,7,36,1,28,26,26,15,3,23,23,27,8,43,14,0,16,37,16,26,41,5,20,7,14,26,25,15,13,12,35,12,43,34,0,28,4,47,7,39,10,29,19,44,23,43,35,37,42,42,8,31,17,27,43,28,27,4,46,38,32,20,7,22,11,46,16,29,33,21,33,31,45,14,8,11,16,32,13,17,15,42,25,6,40,38,1,10,47,45,9,5,46,6,39,30,12,5,18,20,0,47,14,18,42,29,30,5,37,37,32,11,42,15,34,11,41,7,47,28,41,1,24,17,0,29,45,37,32,4,21,32,19,0,3,16,37,3,4,12,19,22,17,9,10,25,15,21,18,23,5,16
0.0447816788,0.0453600641,0.0460170972,0.0467256214,0.0473597943,0.0478417341,0.0478317485,0.0478989696,0.0480247158,0.0480996034,0.0478124907,0.0470119982,0.0424477770,0.0420105247,0.0408635836,0.0710351135,0.0715138275,0.0740168971,0.0749901291,0.0758080168,0.0765871860,0.0771867568,0.0776841259,0.0767234649,0.0766625605,0.0767385917,0.0756561774,0.0660474982,0.0639451272,0.0629954215,0.0693066351,0.0694263624,0.0703096174,0.0698310661,0.0699980001,0.0688506103,0.0695911618,0.0695546749,0.0698758410,0.0698097323,0.0694204819,0.0690609721,0.0615447255,0.0628107138,0.0624551490,0.0688378121,0.0686276456,0.0686250546,0.0693698007,0.0697710853,0.0688202254,0.0697701816,0.0692963408,0.0687434868,0.0688834653,0.0695989685,0.0696023406,0.0625649261,0.0620629696,0.0620040719,0.0687705343,0.0682341106,0.0699074784,0.0681958445,0.0693698569,0.0689511244,0.0690326196,0.0684733646,0.0691231449,0.0686173647,0.0693499572,0.0694049608,0.0629398505,0.0627582978,0.0625330166,0.0696985624,0.0686071420,0.0694374900,0.0686818739,0.0688323150,0.0694402443,0.0689805717,0.0689818495,0.0694731175,0.0687699850,0.0684713810,0.0684097679,0.0622368734,0.0623702282,0.0614075584,0.0694942962,0.0689694231,0.0695476147,0.0686410669,0.0685608022,0.0691635686,0.0686499663,0.0685376022,0.0689476871,0.0692196631,0.0686909854,0.0686554682,0.0624739681,0.0611844420,0.0617587996,0.0696849741,0.0697499564,0.0688256061,0.0697155420,0.0691988270,0.0690472515,0.0684995825,0.0695734333,0.0693270998,0.0693008893,0.0693109739,0.0696424254,0.0618373689,0.0627930506,0.0622912468,0.0692944904,0.0703137424,0.0697190429,0.0698366986,0.0698887899,0.0696663610,0.0696967090,0.0698259945,0.0700010576,0.0694300485,0.0700042382,0.0696878617,0.0620582636,0.0627635475,0.0618525645,0.0171454709,0.0171794474,0.0173695776,0.0170474102,0.0172416015,0.0171587109,0.0171834837,0.0172113949,0.0172255109,0.0173395216,0.0173678262,0.0172668449,0.0164709332,0.0165514577,0.0160696384,0.0062603639,0.0063004645,0.0063145422,0.0063191768,0.0063180902,0.0063355094,0.0063848949,0.0063367386,0.0062594062,0.0062674870,0.0062763653,0.0062999755,0.0059702189,0.0059523333,0.0059586700,0.0063322987,0.0063069605,0.0062252814,0.0062427058,0.0062649897,0.0062534685,0.0062809711,0.0062815713,0.0062718001,0.0063924207,0.0062484788,0.0062384054,0.0059410251,0.0059403654,0.0058599491,0.0062739832,0.0063263469,0.0062664336,0.0063502150,0.0064061954,0.0064003555,0.0062600007,0.0063717468,0.0063276506,0.0062920314,0.0063623663,0.0062873731,0.0059477945,0.0059507698,0.0059592106,0.0063016739,0.0062947219,0.0062596752,0.0062463080,0.0063337114,0.0063553518,0.0062462425,0.0063475682,0.0063097400,0.0062282162,0.0062524143,0.0063651093,0.0059727914,0.0059017835,0.0059690244,0.0063009621,0.0063418248,0.0062734540,0.0063284376,0.0063206369,0.0062659104,0.0062207306,0.0062571912,0.0063011567,0.0063033246,0.0062751832,0.0062866409,0.0059494206,0.0059553630,0.0059165572,0.0062892956,0.0062636197,0.0062573773,0.0062878566,0.0062388430,0.0062927434,0.0062431520,0.0063072764,0.0062961624,0.0063109439,0.0063117413,0.0063467685,0.0059274932,0.0059260339,0.0059793878,0.0062870125,0.0062647667,0.0062862869,0.0062650529,0.0062370061,0.0062704454,0.0062341751,0.0062339545,0.0062734286,0.0063001385,0.0062865992,0.0063165482,0.0059389687,0.0059422462,0.0059934480,0.0062521018,0.0062512393,0.0062077454,0.0062687113,0.0061866001,0.0063268929,0.0062232447,0.0062783700,0.0062743484,0.0062631279,0.0062636024,0.0062827349,0.0058718958,0.0059430535,0.0059167004,0.0063052108,0.0062600279,0.0063122752,0.0063184310,0.0062721656,0.0062174764,0.0063171439,0.0062504711,0.0062620343,0.0063141947,0.0061966176,0.0062797391,0.0058899124,0.0059167123,0.0059910070,0.0062247018,0.0062798212,0.0062800946,0.0062895520,0.0062522780,0.0062745419,0.0062703489,0.0063114372,0.0062715168,0.0062297421,0.0062419314,0.0062791378,0.0059515789,0.0059365028,0.0059160357,0.0063500158,0.0062623207,0.0062435350,0.0062628914,0.0062911301,0.0062625534,0.0062735265,0.0062519729,0.0063095638,0.0062674528,0.0062746136,0.0062538300,0.0059007325,0.0059045891,0.0059355324,0.0062170661,0.0062633049,0.0062851997,0.0062645351,0.0062804030,0.0062871202,0.0063307511,0.0062632496,0.0062590898,0.0062665432,0.0062525608,0.0062306004,0.0059418799,0.0058718953,0.0059030801,0.0063039895,0.0062408800,0.0062467033,0.0062487716,0.0062463538,0.0062852101,0.0062172673,0.0062560381,0.0062226749,0.0061969743,0.0062380475,0.0062738614,0.0059215000,0.0059511380,0.0058905819,0.0062619418,0.0062287081,0.0062659414,0.0062423590,0.0062321087,0.0062668622,0.0062863552,0.0062649590,0.0062731215,0.0062695479,0.0062817200,0.0062210041,0.0058291452,0.0059238429,0.0058771815,0.0062540164,0.0062668819,0.0062826064,0.0062679511,0.0062261056,0.0062775424,0.0062228126,0.0061882270,0.0062183801,0.0062491545,0.0062448113,0.0062774753,0.0059305665,0.0059466665,0.0059349376,0.0062543966,0.0062661341,0.0062383671,0.0062381857,0.0062241401,0.0062933817,0.0062165588,0.0062233811,0.0062116400,0.0062661997,0.0062336558,0.0061955533,0.0058534016,0.0058686927,0.0058902627,0.0062605728,0.0063286659,0.0062607124,0.0062337276,0.0062458976,0.0062443745,0.0062423793,0.0062262484,0.0062231753,0.0062746068,0.0062591994,0.0062522848,0.0059379378,0.0058555291,0.0059292562,0.0061956219,0.0062621739,0.0061939006,0.0062719150,0.0062608983,0.0062830951,0.0061898474,0.0062427214,0.0062798497,0.0062046842,0.0062581103,0.0062150501,0.0059149920,0.0058785443,0.0058645569,0.0053055859,0.0052489881,0.0053115847,0.0052805457,0.0052197607,0.0052672489,0.0052671415,0.0052604512,0.0052744771,0.0052692102,0.0052657414,0.0052138101,0.0049424747,0.0049829804,0.0049309240
40,34,32,26,35,36,28,31,37,30,29,33,39,38,46,13,29,2,14,39,34,33,17,30,18,41,42,21,18,3,31,23,20,1,15,30,12,40,4,7,19,35,1,10,28,10,18,3,31,47,35,25,23,1,11,6,4,14,24,0,38,29,43,37,16,0,5,32,13,41,8,47,26,17,22,43,36,27,11,10,22,12,27,45,7,11,8,15,4,23,33,15,20,13,3,21,36,0,25,24,16,19,9,19,38,26,7,37,9,17,14,9,24,8,22,40,46,25,6,2,21,44,5,42,46,6,34,39,45,2,44,28,32,20,27,26,28,45,29,33,34,38,43,30,44,31,32,12,41,44,30,28,36,25,2,21,23,6,40,24,10,31,18,41,44,17,15,38,18,2,25,17,43,8,16,2,23,26,33,2,29,33,22,13,5,47,24,9,14,27,12,6,46,6,45,39,28,22,38,19,3,44,42,29,8,39,5,46,42,10,21,1,41,35,20,10,20,35,20,35,3,18,47,34,24,45,36,13,21,2,5,24,25,9,31,9,3,31,13,1,0,41,16,33,44,19,40,22,47,30,46,11,43,36,4,4,31,44,12,2,34,32,30,34,9,38,33,40,39,27,19,22,1,12,30,40,45,27,34,26,24,14,36,6,7,36,1,28,26,26,15,3,23,23,27,8,43,14,0,16,37,16,26,41,5,20,7,14,26,25,15,13,12,35,12,43,34,0,28,4,47,7,39,10,29,19,44,23,43,35,37,42,42,8,31,17,27,43,28,27,4,46,38,32,20,7,22,11,46,16,29,33,21,33,31,45,14,8,11,16,32,13,17,15,42,25,6,40,38,1,10,47,45,9,5,46,6,39,30,12,5,18,20,0,47,14,18,42,29,30,5,37,37,32,11,42,15,34,11,41,7,47,28,41,1,24,17,0,29,45,37,32,4,21,32,19,0,3,16,37,3,4,12,19,22,17,9,10,25,15,21,18,23,5,16
0.0442802158,0.0453865742,0.0463814981,0.0476579334,0.0479466869,0.0490928276,0.0489273167,0.0486063695,0.0490345509,0.0491106602,0.0490235591,0.0486510095,0.0435115498,0.0426286307,0.0413334286,0.0711826309,0.0726990699,0.0749623188,0.0765427701,0.0779857460,0.0780401227,0.0782589731,0.0792451643,0.0777177509,0.0783233140,0.0786567103,0.0773139922,0.0673076323,0.0646312278,0.0645222819,0.0692070654,0.0696593423,0.0694787155,0.0692817853,0.0695356948,0.0683462786,0.0699991512,0.0694906159,0.0692246691,0.0699995069,0.0693184576,0.0694231616,0.0609657569,0.0626265504,0.0624236615,0.0693223349,0.0686821013,0.0690550069,0.0688316968,0.0698020861,0.0691529386,0.0692588429,0.0691248466,0.0686218620,0.0692872632,0.0699988775,0.0689190265,0.0624866625,0.0622993802,0.0619673884,0.0687627788,0.0683452051,0.0696817080,0.0686483217,0.0691325393,0.0689424347,0.0694155110,0.0681370961,0.0693912386,0.0686430613,0.0697488327,0.0696964661,0.0623266366,0.0626753742,0.0622643318,0.0696447166,0.0690643896,0.0693603209,0.0689214324,0.0690253897,0.0688095115,0.0695591759,0.0691206250,0.0699007975,0.0690999260,0.0686909211,0.0680810755,0.0618087485,0.0621884209,0.0618151909,0.0688910449,0.0686301835,0.0693808365,0.0688908369,0.0690204195,0.0694790763,0.0685863344,0.0688161568,0.0689061896,0.0684764116,0.0684116701,0.0682654658,0.0623510311,0.0611094750,0.0613124468,0.0690149813,0.0697103278,0.0685009031,0.0696597542,0.0696902211,0.0689241120,0.0695107410,0.0690577564,0.0691723669,0.0683308592,0.0695391935,0.0697583435,0.0616424081,0.0628749708,0.0619744893,0.0694988891,0.0700204438,0.0689428266,0.0697637534,0.0698855580,0.0693722383,0.0687077493,0.0701168007,0.0699312132,0.0693729009,0.0701682850,0.0690030507,0.0625056444,0.0623626094,0.0618110051,0.0170203334,0.0171432820,0.0173553974,0.0170747710,0.0171657234,0.0171531276,0.0171402463,0.0172345163,0.0172180969,0.0172455369,0.0173696249,0.0172743040,0.0164714189,0.0165658825,0.0160279244,0.0062495488,0.0062784330,0.0063127560,0.0063122017,0.0063063601,0.0063298222,0.0063791337,0.0063334967,0.0062526516,0.0062624199,0.0062847011,0.0062951045,0.0059668800,0.0059502027,0.0059594745,0.0063190634,0.0062937898,0.0062201600,0.0062434300,0.0062707890,0.0062579995,0.0062769659,0.0062769139,0.0062676183,0.0064006827,0.0062492497,0.0062406682,0.0059417085,0.0059480657,0.0058582736,0.0062722043,0.0063262544,0.0062616293,0.0063396699,0.0064040344,0.0063987163,0.0062577696,0.0063796419,0.0063185185,0.0063011473,0.0063611720,0.0062805947,0.0059330444,0.0059476408,0.0059499623,0.0063001572,0.0062975676,0.0062600824,0.0062400174,0.0063292785,0.0063531143,0.0062450396,0.0063333514,0.0063174960,0.0062427411,0.0062457200,0.0063695136,0.0059738116,0.0058896370,0.0059756815,0.0062912749,0.0063328487,0.0062683672,0.0063283767,0.0063365356,0.0062764039,0.0062186208,0.0062542328,0.0062953621,0.0063057252,0.0062680418,0.0062888568,0.0059537473,0.0059466708,0.0059051142,0.0062775857,0.0062581091,0.0062568369,0.0062878639,0.0062365062,0.0062903489,0.0062500266,0.0062911517,0.0062939152,0.0063099034,0.0063194405,0.0062850709,0.0059202254,0.0059361572,0.0059811384,0.0062872416,0.0062675574,0.0062857090,0.0062523317,0.0062392816,0.0062672379,0.0062250386,0.0062291600,0.0062717232,0.0062887489,0.0062804267,0.0063113964,0.0059473283,0.0059581566,0.0060028126,0.0062619314,0.0062624752,0.0062102861,0.0062563632,0.0061945239,0.0063155253,0.0062306500,0.0062670504,0.0062844067,0.0062718053,0.0062361752,0.0062852274,0.0058855373,0.0059353020,0.0059220960,0.0062987177,0.0062518295,0.0063099493,0.0063057049,0.0062651198,0.0062149808,0.0063077379,0.0062504427,0.0062718448,0.0063160075,0.0061994569,0.0062768293,0.0059129184,0.0059182911,0.0059860167,0.0062341576,0.0062702029,0.0062730096,0.0062867784,0.0062498157,0.0062784781,0.0062674392,0.0063213904,0.0062624580,0.0062305690,0.0062407495,0.0062650211,0.0059529194,0.0059326046,0.0059255151,0.0063606506,0.0062652118,0.0062576583,0.0062752876,0.0062883456,0.0062488813,0.0062732282,0.0062504150,0.0063119494,0.0062643863,0.0062625517,0.0062581739,0.0058940637,0.0059033993,0.0059372265,0.0062084617,0.0062621951,0.0062799857,0.0062765527,0.0062751681,0.0062920700,0.0063132812,0.0062718764,0.0062569116,0.0062664341,0.0062550685,0.0062262349,0.0059522903,0.0058636903,0.0059118171,0.0062926632,0.0062341177,0.0062443242,0.0062374369,0.0062389497,0.0062753836,0.0062074359,0.0062526565,0.0062329346,0.0061966149,0.0062302883,0.0062708334,0.0059114306,0.0059480089,0.0058709451,0.0062649587,0.0062270864,0.0062715127,0.0062429019,0.0062441382,0.0062633848,0.0062843760,0.0062675322,0.0062683363,0.0062700889,0.0062893965,0.0062221927,0.0058395468,0.0059227608,0.0058859774,0.0062550598,0.0062675384,0.0062733436,0.0062652209,0.0062230880,0.0062632960,0.0062166278,0.0061958848,0.0061991804,0.0062507913,0.0062551910,0.0062844822,0.0059294299,0.0059363448,0.0059403264,0.0062471295,0.0062581074,0.0062331680,0.0062193568,0.0062194655,0.0062888096,0.0062061405,0.0062173862,0.0062139778,0.0062644639,0.0062211153,0.0062041640,0.0058360641,0.0058699576,0.0058843465,0.0062566811,0.0063205968,0.0062524877,0.0062202738,0.0062524594,0.0062317808,0.0062547486,0.0062176550,0.0062420585,0.0062638256,0.0062689543,0.0062501489,0.0059293753,0.0058553015,0.0059226561,0.0061912503,0.0062645199,0.0062054980,0.0062714963,0.0062663508,0.0062694098,0.0061993221,0.0062471902,0.0062927522,0.0062117623,0.0062609498,0.0062154198,0.0059171785,0.0058718692,0.0058547445,0.0052900954,0.0052458575,0.0053216759,0.0052763503,0.0052277316,0.0052677908,0.0052554568,0.0052426565,0.0052685963,0.0052667347,0.0052729048,0.0052176235,0.0049471865,0.0049793895,0.0049330770
40,34,32,26,35,36,28,31,37,30,29,33,39,38,46,13,29,2,14,39,34,33,17,30,18,41,42,21,18,3,31,23,20,1,15,30,12,40,4,7,19,35,1,10,28,10,18,3,31,47,35,25,23,1,11,6,4,14,24,0,38,29,43,37,16,0,5,32,13,41,8,47,26,17,22,43,36,27,11,10,22,12,27,45,7,11,8,15,4,23,33,15,20,13,3,21,36,0,25,24,16,19,9,19,38,26,7,37,9,17,14,9,24,8,22,40,46,25,6,2,21,44,5,42,46,6,34,39,45,2,44,28,32,20,27,26,28,45,29,33,34,38,43,30,44,31,32,12,41,44,30,28,36,25,2,21,23,6,40,24,10,31,18,41,44,17,15,38,18,2,25,17,43,8,16,2,23,26,33,2,29,33,22,13,5,47,24,9,14,27,12,6,46,6,45,39,28,22,38,19,3,44,42,29,8,39,5,46,42,10,21,1,41,35,20,10,20,35,20,35,3,18,47,34,24,45,36,13,21,2,5,24,25,9,31,9,3,31,13,1,0,41,16,33,44,19,40,22,47,30,46,11,43,36,4,4,31,44,12,2,34,32,30,34,9,38,33,40,39,27,19,22,1,12,30,40,45,27,34,26,24,14,36,6,7,36,1,28,26,26,15,3,23,23,27,8,43,14,0,16,37,16,26,41,5,20,7,14,26,25,15,13,12,35,12,43,34,0,28,4,47,7,39,10,29,19,44,23,43,35,37,42,42,8,31,17,27,43,28,27,4,46,38,32,20,7,22,11,46,16,29,33,21,33,31,45,14,8,11,16,32,13,17,15,42,25,6,40,38,1,10,47,45,9,5,46,6,39,30,12,5,18,20,0,47,14,18,42,29,30,5,37,37,32,11,42,15,34,11,41,7,47,28,41,1,24,17,0,29,45,37,32,4,21,32,19,0,3,16,37,3,4,12,19,22,17,9,10,25,15,21,18,23,5,16
0.0440805446,0.0447644198,0.0455155722,0.0466132969,0.0478990257,0.0492077179,0.0490047318,0.0490000351,0.0489697614,0.0493866386,0.0494990845,0.0488428009,0.0438864404,0.0431590662,0.0413781219,0.0711946455,0.0732088377,0.0757213965,0.0773781207,0.0785999976,0.0799305740,0.0802559346,0.0812703034,0.0803534843,0.0803154003,0.0808168064,0.0786035368,0.0679745656,0.0648933858,0.0642065201,0.0690465311,0.0698755321,0.0696772507,0.0698631141,0.0697107625,0.0692329214,0.0695973244,0.0688632874,0.0695969369,0.0700361934,0.0694612697,0.0691282499,0.0619769213,0.0627585877,0.0618364550,0.0690507349,0.0685430717,0.0685253380,0.0689636227,0.0690886916,0.0683212016,0.0694837111,0.0685786320,0.0687730934,0.0692038976,0.0698079590,0.0691698170,0.0628839854,0.0621557868,0.0619276386,0.0688077171,0.0679438843,0.0695428221,0.0691046067,0.0700053235,0.0687164465,0.0697318036,0.0689568596,0.0688782170,0.0697674314,0.0697180885,0.0691435027,0.0628882116,0.0623598654,0.0621172351,0.0690117065,0.0687577229,0.0698113424,0.0687589880,0.0689303752,0.0691913862,0.0689688474,0.0695574155,0.0701729851,0.0692607432,0.0687001453,0.0687827482,0.0624075639,0.0623656906,0.0614435930,0.0693417171,0.0691858649,0.0691247908,0.0685244395,0.0682156014,0.0693344220,0.0679857352,0.0689789639,0.0689680091,0.0690472559,0.0692825625,0.0686645422,0.0621841488,0.0611066614,0.0613267785,0.0693104929,0.0692398361,0.0693164912,0.0697477415,0.0693473387,0.0685648015,0.0690503196,0.0693054689,0.0693269715,0.0694990639,0.0692822102,0.0698006231,0.0616548693,0.0630214944,0.0622012768,0.0698058765,0.0697293598,0.0694496228,0.0696724760,0.0693134946,0.0701050596,0.0696001956,0.0697357615,0.0698634891,0.0697510109,0.0693914160,0.0694888527,0.0628845827,0.0619853560,0.0621734718,0.0171850709,0.0171359134,0.0172981327,0.0170161985,0.0171997998,0.0170685931,0.0172449803,0.0172185119,0.0171518053,0.0173121453,0.0173052847,0.0172182428,0.0163927223,0.0164841782,0.0161223544,0.0062626020,0.0062856100,0.0063124504,0.0063319151,0.0063071669,0.0063409758,0.0063832135,0.0063442880,0.0062597635,0.0062888848,0.0062862189,0.0063005082,0.0059612006,0.0059599774,0.0059607831,0.0063188794,0.0063132950,0.0062259265,0.0062495890,0.0062606789,0.0062664240,0.0062653598,0.0062894129,0.0062723461,0.0063914014,0.0062450827,0.0062390491,0.0059399860,0.0059429510,0.0058574585,0.0062845329,0.0063346607,0.0062715701,0.0063561626,0.0064142723,0.0063993595,0.0062765969,0.0063718366,0.0063257385,0.0062957478,0.0063713479,0.0062801461,0.0059490792,0.0059492988,0.0059505551,0.0063031745,0.0062909326,0.0062493826,0.0062425187,0.0063429434,0.0063529388,0.0062604898,0.0063375245,0.0062992673,0.0062263924,0.0062565011,0.0063617755,0.0059697744,0.0058961231,0.0059817962,0.0062889464,0.0063386069,0.0062804300,0.0063292296,0.0063153236,0.0062841526,0.0062141540,0.0062534340,0.0062902137,0.0063148739,0.0062724716,0.0062852210,0.0059452575,0.0059507696,0.0059180699,0.0062742680,0.0062541066,0.0062565010,0.0062887713,0.0062307618,0.0062848309,0.0062531325,0.0063108688,0.0063033958,0.0063109527,0.0063092643,0.0063053540,0.0059167241,0.0061359282,0.0059960821,0.0062907772,0.0062618098,0.0062823939,0.0062634848,0.0062482302,0.0062609109,0.0062204648,0.0062291351,0.0062724508,0.0062964380,0.0062964443,0.0063104687,0.0059429800,0.0059476715,0.0059950888,0.0062619436,0.0062558997,0.0062180997,0.0062761851,0.0061857654,0.0063193424,0.0062199305,0.0062595777,0.0062736295,0.0062809161,0.0062342609,0.0062846569,0.0058808934,0.0059438808,0.0059162614,0.0062964639,0.0062517806,0.0063073873,0.0063212736,0.0062701687,0.0062207577,0.0063037714,0.0062647722,0.0062682114,0.0062994382,0.0062137875,0.0062839304,0.0058992156,0.0059087849,0.0060060602,0.0062273204,0.0062720243,0.0062685699,0.0062765619,0.0062449435,0.0062720043,0.0062557580,0.0063137190,0.0062787211,0.0062335385,0.0062311753,0.0062641198,0.0059554300,0.0059342267,0.0059231124,0.0063472130,0.0062654983,0.0062466599,0.0062756040,0.0062934921,0.0062431595,0.0062794973,0.0062663777,0.0063040789,0.0062691141,0.0062729302,0.0062658436,0.0059036461,0.0059167184,0.0059450363,0.0062102606,0.0062524340,0.0062653401,0.0062559193,0.0062823064,0.0062900395,0.0063397582,0.0062629916,0.0062604588,0.0062593686,0.0062627509,0.0062297147,0.0059441423,0.0058650750,0.0059196374,0.0062784700,0.0062248063,0.0062396005,0.0062462681,0.0062475529,0.0062714116,0.0062092154,0.0062545296,0.0062174620,0.0061958619,0.0062400451,0.0062733384,0.0059128062,0.0059440066,0.0058730346,0.0062765459,0.0062367880,0.0062682868,0.0062494045,0.0062439485,0.0062635941,0.0062783594,0.0062663771,0.0062588935,0.0062883807,0.0062824104,0.0062179545,0.0058322437,0.0059380468,0.0058840100,0.0062480154,0.0062725067,0.0062826738,0.0062693227,0.0062337351,0.0062594686,0.0062295181,0.0062102173,0.0062140875,0.0062512815,0.0062607195,0.0062773507,0.0059268483,0.0059560299,0.0059444532,0.0062557863,0.0062745496,0.0062324679,0.0062397512,0.0062462998,0.0062870213,0.0062187722,0.0062171183,0.0062017271,0.0062598174,0.0062238040,0.0062135482,0.0058400813,0.0058745746,0.0058948026,0.0062602016,0.0063324412,0.0062528505,0.0062353113,0.0062628931,0.0062436909,0.0062615442,0.0062136752,0.0062252408,0.0062774667,0.0062721127,0.0062354663,0.0059297432,0.0058610326,0.0059228182,0.0062000741,0.0062511546,0.0061903286,0.0062651913,0.0062571745,0.0062745135,0.0062016329,0.0062393814,0.0062952331,0.0062185355,0.0062593299,0.0062120368,0.0059088148,0.0058779326,0.0058645484,0.0052921956,0.0052583537,0.0053444491,0.0052830124,0.0052216307,0.0052606463,0.0052636021,0.0052567395,0.0052747391,0.0052663197,0.0052694392,0.0052125666,0.0049379092,0.0049905957,0.0049247656
40,34,32,26,35,36,28,31,37,30,29,33,39,38,46,13,29,2,14,39,34,33,17,30,18,41,42,21,18,3,31,23,20,1,15,30,12,40,4,7,19,35,1,10,28,10,18,3,31,47,35,25,23,1,11,6,4,14,24,0,38,29,43,37,16,0,5,32,13,41,8,47,26,17,22,43,36,27,11,10,22,12,27,45,7,11,8,15,4,23,33,15,20,13,3,21,36,0,25,24,16,19,9,19,38,26,7,37,9,17,14,9,24,8,22,40,46,25,6,2,21,44,5,42,46,6,34,39,45,2,44,28,32,20,27,26,28,45,29,33,34,38,43,30,44,31,32,12,41,44,30,28,36,25,2,21,23,6,40,24,10,31,18,41,44,17,15,38,18,2,25,17,43,8,16,2,23,26,33,2,29,33,22,13,5,47,24,9,14,27,12,6,46,6,45,39,28,22,38,19,3,44,42,29,8,39,5,46,42,10,21,1,41,35,20,10,20,35,20,35,3,18,47,34,24,45,36,13,21,2,5,24,25,9,31,9,3,31,13,1,0,41,16,33,44,19,40,22,47,30,46,11,43,36,4,4,31,44,12,2,34,32,30,34,9,38,33,40,39,27,19,22,1,12,30,40,45,27,34,26,24,14,36,6,7,36,1,28,26,26,15,3,23,23,27,8,43,14,0,16,37,16,26,41,5,20,7,14,26,25,15,13,12,35,12,43,34,0,28,4,47,7,39,10,29,19,44,23,43,35,37,42,42,8,31,17,27,43,28,27,4,46,38,32,20,7,22,11,46,16,29,33,21,33,31,45,14,8,11,16,32,13,17,15,42,25,6,40,38,1,10,47,45,9,5,46,6,39,30,12,5,18,20,0,47,14,18,42,29,30,5,37,37,32,11,42,15,34,11,41,7,47,28,41,1,24,17,0,29,45,37,32,4,21,32,19,0,3,16,37,3,4,12,19,22,17,9,10,25,15,21,18,23,5,16
0.0438881514,0.0435333154,0.0447842643,0.0458478654,0.0469230153,0.0490765284,0.0493000759,0.0486775832,0.0491470006,0.0492119601,0.0488141646,0.0491890744,0.0443789915,0.0431913732,0.0415175272,0.0716292019,0.0730387632,0.0763009387,0.0777801475,0.0798530345,0.0815500737,0.0817644570,0.0822218473,0.0817946999,0.0825909075,0.0822499174,0.0802996303,0.0683971659,0.0654785273,0.0646541985,0.0690033684,0.0697581016,0.0695785597,0.0700573332,0.0699941197,0.0689264171,0.0696940285,0.0691324001,0.0698393260,0.0703903856,0.0700927065,0.0692568090,0.0622186717,0.0627195361,0.0625108109,0.0692493543,0.0688460207,0.0689736850,0.0693446406,0.0699075011,0.0688566390,0.0691403798,0.0692949713,0.0693524940,0.0696145253,0.0694088130,0.0696584356,0.0628234142,0.0620253903,0.0618097602,0.0692135129,0.0686330981,0.0698738763,0.0690300028,0.0691860444,0.0679607753,0.0695283386,0.0690386135,0.0692222432,0.0689864258,0.0687708356,0.0693163148,0.0624726840,0.0621807112,0.0625896384,0.0695721565,0.0688186743,0.0696630951,0.0692449714,0.0690672871,0.0695574301,0.0689773720,0.0694619286,0.0693998650,0.0693802349,0.0693792337,0.0684676304,0.0620810563,0.0622909638,0.0612277766,0.0685709778,0.0688014497,0.0692191983,0.0689473517,0.0688240389,0.0691952828,0.0688271269,0.0683815372,0.0687770365,0.0687244370,0.0688993455,0.0692705456,0.0619081866,0.0616942912,0.0615165634,0.0688735490,0.0705582293,0.0693420110,0.0694208416,0.0692713002,0.0695364234,0.0679760289,0.0694952883,0.0689308801,0.0691934780,0.0694937660,0.0692604767,0.0614424963,0.0630129307,0.0623467293,0.0695370422,0.0703154273,0.0697606439,0.0698318464,0.0698585810,0.0694757320,0.0694696305,0.0692904145,0.0693816411,0.0695226133,0.0702486256,0.0699732734,0.0630407782,0.0620929113,0.0622014967,0.0171446631,0.0171871894,0.0173072684,0.0170429289,0.0171864405,0.0171364866,0.0171519777,0.0171946854,0.0171667165,0.0173349635,0.0173045375,0.0173133941,0.0163709338,0.0165109798,0.0160886735,0.0062537842,0.0063000538,0.0063140669,0.0063290802,0.0063089986,0.0063406731,0.0063877633,0.0063438707,0.0062662289,0.0062659946,0.0062929226,0.0062927942,0.0059758629,0.0059557772,0.0059718548,0.0063212485,0.0063152032,0.0062254962,0.0062579809,0.0062655643,0.0062573948,0.0062835280,0.0062857441,0.0062729936,0.0063953912,0.0062440631,0.0062428944,0.0059398237,0.0059552068,0.0058650259,0.0062797246,0.0063348229,0.0062787186,0.0063500633,0.0064111664,0.0063938504,0.0062778334,0.0063787157,0.0063329509,0.0062977104,0.0063757156,0.0062904974,0.0059427881,0.0059427629,0.0059610298,0.0062957982,0.0062982786,0.0062632680,0.0062428583,0.0063381352,0.0063502842,0.0062600359,0.0063445956,0.0063147890,0.0062294566,0.0062492210,0.0063690642,0.0059733544,0.0059046893,0.0059746393,0.0062943799,0.0063547986,0.0062798443,0.0063313699,0.0063199173,0.0062822642,0.0062191419,0.0062533281,0.0063070963,0.0063114881,0.0062781648,0.0062891425,0.0059574866,0.0059411585,0.0059153035,0.0062807308,0.0062568364,0.0062628906,0.0062997081,0.0062363911,0.0062878804,0.0062643171,0.0062971052,0.0063166256,0.0063215051,0.0063052039,0.0063093632,0.0059250721,0.0059429430,0.0059951832,0.0062979734,0.0062737554,0.0062710324,0.0062533384,0.0062368067,0.0062704939,0.0062286465,0.0062346631,0.0062708779,0.0063048455,0.0062970174,0.0063150844,0.0059410128,0.0059578441,0.0060022285,0.0062722748,0.0062560460,0.0062084867,0.0062749926,0.0061977632,0.0063242886,0.0062258038,0.0062694613,0.0062792709,0.0062609515,0.0062327663,0.0062928725,0.0058910201,0.0059389959,0.0059119397,0.0063061380,0.0062546494,0.0063101194,0.0063201659,0.0062658212,0.0062330414,0.0063096526,0.0062695038,0.0062662644,0.0063136222,0.0062191194,0.0062824585,0.0059139264,0.0059229236,0.0059979531,0.0062332130,0.0062774524,0.0062654078,0.0062761986,0.0062450746,0.0062725498,0.0062577790,0.0063261312,0.0062739597,0.0062404885,0.0062405586,0.0062813507,0.0059638088,0.0059288803,0.0059287460,0.0063517655,0.0062678014,0.0062460559,0.0062705089,0.0062943438,0.0062546324,0.0062806923,0.0062628559,0.0062994193,0.0062632473,0.0062742010,0.0062584769,0.0059068282,0.0059190686,0.0059514017,0.0062258300,0.0062549091,0.0062806093,0.0062588431,0.0062873073,0.0062930072,0.0063346593,0.0062608584,0.0062604087,0.0062770901,0.0062576617,0.0062314658,0.0059550166,0.0058703215,0.0059236246,0.0062873654,0.0062494359,0.0062508717,0.0062481720,0.0062396700,0.0062829329,0.0062080833,0.0062678041,0.0062264864,0.0061920846,0.0062286455,0.0062834431,0.0059160220,0.0059428881,0.0058901672,0.0062732847,0.0062357667,0.0062810004,0.0062530740,0.0062455632,0.0062740118,0.0062931938,0.0062594382,0.0062703368,0.0062655757,0.0062821609,0.0062291630,0.0058360060,0.0059308276,0.0059539779,0.0062568290,0.0062842321,0.0062814830,0.0062709390,0.0062315842,0.0062540302,0.0062268242,0.0062061186,0.0062076663,0.0062648863,0.0062632324,0.0062871169,0.0059326659,0.0059530064,0.0059355690,0.0062647880,0.0062655402,0.0062495723,0.0062361233,0.0062383845,0.0062853983,0.0062172867,0.0062243304,0.0062141320,0.0062576023,0.0062318244,0.0062011059,0.0058484363,0.0058708394,0.0059016581,0.0062558487,0.0063305612,0.0062634070,0.0062348729,0.0062572959,0.0062408128,0.0062551956,0.0062302644,0.0062226500,0.0062718626,0.0062809039,0.0062445392,0.0059366912,0.0058728962,0.0059316183,0.0062116978,0.0062680414,0.0061971952,0.0062789020,0.0062612311,0.0062834013,0.0062031453,0.0062378288,0.0062905133,0.0062236714,0.0062664793,0.0062145390,0.0059166968,0.0058836408,0.0058710910,0.0053002635,0.0052472455,0.0053323046,0.0052810473,0.0052327823,0.0052684214,0.0052623612,0.0052589764,0.0052799035,0.0052737667,0.0052669104,0.0052263508,0.0049487441,0.0049777664,0.0049299645
40,34,32,26,35,36,28,31,37,30,29,33,39,38,46,13,29,2,14,39,34,33,17,30,18,41,42,21,18,3,31,23,20,1,15,30,12,40,4,7,19,35,1,10,28,10,18,3,31,47,35,25,23,1,11,6,4,14,24,0,38,29,43,37,16,0,5,32,13,41,8,47,26,17,22,43,36,27,11,10,22,12,27,45,7,11,8,15,4,23,33,15,20,13,3,21,36,0,25,24,16,19,9,19,38,26,7,37,9,17,14,9,24,8,22,40,46,25,6,2,21,44,5,42,46,6,34,39,45,2,44,28,32,20,27,26,28,45,29,33,34,38,43,30,44,31,32,12,41,44,30,28,36,25,2,21,23,6,40,24,10,31,18,41,44,17,15,38,18,2,25,17,43,8,16,2,23,26,33,2,29,33,22,13,5,47,24,9,14,27,12,6,46,6,45,39,28,22,38,19,3,44,42,29,8,39,5,46,42,10,21,1,41,35,20,10,20,35,20,35,3,18,47,34,24,45,36,13,21,2,5,24,25,9,31,9,3,31,13,1,0,41,16,33,44,19,40,22,47,30,46,11,43,36,4,4,31,44,12,2,34,32,30,34,9,38,33,40,39,27,19,22,1,12,30,40,45,27,34,26,24,14,36,6,7,36,1,28,26,26,15,3,23,23,27,8,43,14,0,16,37,16,26,41,5,20,7,14,26,25,15,13,12,35,12,43,34,0,28,4,47,7,39,10,29,19,44,23,43,35,37,42,42,8,31,17,27,43,28,27,4,46,38,32,20,7,22,11,46,16,29,33,21,33,31,45,14,8,11,16,32,13,17,15,42,25,6,40,38,1,10,47,45,9,5,46,6,39,30,12,5,18,20,0,47,14,18,42,29,30,5,37,37,32,11,42,15,34,11,41,7,47,28,41,1,24,17,0,29,45,37,32,4,21,32,19,0,3,16,37,3,4,12,19,22,17,9,10,25,15,21,18,23,5,16
0.0438440746,0.0434636797,0.0441099481,0.0456207176,0.0463972336,0.0546624361,0.0523480166,0.0490571284,0.0541734889,0.0550304317,0.0538095393,0.0548285833,0.0463712894,0.0443533817,0.0475390497,0.0714198766,0.0735283079,0.0765963767,0.0790134441,0.0810509351,0.0833294214,0.0845163911,0.0844141122,0.0849873403,0.0846280230,0.0851561446,0.0822226088,0.0691020120,0.0670829240,0.0656084366,0.0700549771,0.0698725221,0.0695013035,0.0692799057,0.0684626807,0.0691279000,0.0695081769,0.0693714088,0.0689894720,0.0691225024,0.0697589251,0.0699706054,0.0620722398,0.0629066193,0.0628491050,0.0699180909,0.0687055578,0.0695732325,0.0694945510,0.0694928360,0.0686394427,0.0698770929,0.0686684974,0.0694719912,0.0702586977,0.0692200332,0.0698302298,0.0630882362,0.0627982197,0.0624228912,0.0698563963,0.0690710651,0.0692210718,0.0693343295,0.0686180858,0.0689956355,0.0692704341,0.0691380229,0.0696484375,0.0690725959,0.0692272924,0.0694053689,0.0625420647,0.0623078218,0.0621512198,0.0690903127,0.0684123726,0.0696777450,0.0698036910,0.0690110572,0.0693946788,0.0686973617,0.0686997650,0.0687918618,0.0694937561,0.0692437713,0.0696379715,0.0614347399,0.0608795070,0.0617735179,0.0695917483,0.0691565326,0.0690593941,0.0692841638,0.0687091896,0.0689011408,0.0684928917,0.0696275129,0.0693045956,0.0689465347,0.0690692569,0.0702154559,0.0620406130,0.0619134744,0.0614528714,0.0689838123,0.0689391606,0.0703798942,0.0695852371,0.0703683001,0.0699811616,0.0703223089,0.0694365280,0.0677928667,0.0699412181,0.0695404814,0.0691387877,0.0625457142,0.0626643073,0.0621241662,0.0692624224,0.0690283946,0.0696743856,0.0697134271,0.0704678974,0.0696512350,0.0699421502,0.0698587801,0.0702648131,0.0700076726,0.0696602987,0.0701949763,0.0626728760,0.0624560933,0.0623458090,0.0170230492,0.0172654153,0.0171923043,0.0171130175,0.0173694301,0.0169995784,0.0172385340,0.0173479023,0.0172267960,0.0170560491,0.0171416741,0.0171066955,0.0162141398,0.0163427632,0.0162327180,0.0063163314,0.0063048767,0.0062925730,0.0063361158,0.0062963893,0.0062783661,0.0063266867,0.0062955161,0.0063390335,0.0062853068,0.0062461545,0.0063267603,0.0060431773,0.0060011999,0.0060156316,0.0063541068,0.0062624510,0.0063472833,0.0063440949,0.0063001489,0.0063241040,0.0062760030,0.0062427935,0.0063161779,0.0063666246,0.0063054664,0.0062659116,0.0059132006,0.0059390298,0.0059490633,0.0062130803,0.0062635632,0.0063333958,0.0062863646,0.0062932940,0.0062604746,0.0062698991,0.0062599068,0.0062688361,0.0063220305,0.0062629186,0.0063262633,0.0059109245,0.0060280136,0.0059401221,0.0062744451,0.0062351098,0.0062368705,0.0062335988,0.0063255122,0.0062287787,0.0062981786,0.0062289941,0.0062696438,0.0063054250,0.0062915955,0.0062546522,0.0059614549,0.0059593461,0.0060041830,0.0062368339,0.0062769802,0.0063400172,0.0062768673,0.0061715447,0.0062860719,0.0062937214,0.0062417217,0.0062677757,0.0062755613,0.0062446220,0.0062400445,0.0058816386,0.0058860096,0.0058457079,0.0062568795,0.0063155152,0.0063456467,0.0062228366,0.0062658469,0.0062822840,0.0062459394,0.0062747189,0.0062865765,0.0062321253,0.0063254631,0.0062739098,0.0059433806,0.0059990726,0.0060100262,0.0063225532,0.0063351035,0.0063150742,0.0062770065,0.0062886444,0.0062756238,0.0062859592,0.0063226238,0.0062008430,0.0062168327,0.0062319187,0.0062795151,0.0060046069,0.0058877228,0.0059020407,0.0063062098,0.0063673194,0.0062910661,0.0062758792,0.0062778071,0.0062820500,0.0062261428,0.0062707301,0.0062430837,0.0061736534,0.0062321150,0.0062610880,0.0059616108,0.0059323242,0.0059337640,0.0062395798,0.0063138263,0.0062222039,0.0062974121,0.0062656227,0.0062123190,0.0062802926,0.0062286213,0.0062974137,0.0062855335,0.0062344780,0.0062848942,0.0059454821,0.0059145675,0.0058632897,0.0062481452,0.0062040160,0.0062457205,0.0063275196,0.0062275870,0.0063055477,0.0063158955,0.0062292607,0.0062492567,0.0062335066,0.0062292395,0.0062511435,0.0060514275,0.0059200445,0.0059465498,0.0062441464,0.0062841636,0.0062858152,0.0062232539,0.0062164899,0.0062075107,0.0062718155,0.0062981841,0.0062335991,0.0062917606,0.0062781131,0.0063801888,0.0059345826,0.0059213340,0.0059538934,0.0063270991,0.0062505737,0.0062499334,0.0062700842,0.0062215745,0.0062153652,0.0063005395,0.0062264236,0.0062884213,0.0062565974,0.0062356030,0.0062584194,0.0059526826,0.0059286987,0.0059368571,0.0062944940,0.0062837699,0.0062034277,0.0062215690,0.0062602811,0.0062672717,0.0062349377,0.0062598013,0.0062321019,0.0062345951,0.0062839581,0.0062108988,0.0059201895,0.0060324741,0.0059249776,0.0063162774,0.0062013981,0.0062212749,0.0062620169,0.0062074607,0.0063100872,0.0062452016,0.0062780785,0.0062419587,0.0062293018,0.0062024423,0.0062652165,0.0059371864,0.0058939088,0.0059543297,0.0063157616,0.0062320241,0.0062387187,0.0062432436,0.0062541649,0.0062612006,0.0062749387,0.0062934950,0.0062014540,0.0062800966,0.0061804029,0.0062660402,0.0059296342,0.0059024501,0.0058885964,0.0062458704,0.0062436911,0.0062286064,0.0062634556,0.0062781197,0.0063047242,0.0062405753,0.0062186527,0.0062783074,0.0062299200,0.0062328682,0.0062172599,0.0059634679,0.0058938914,0.0059433871,0.0062548970,0.0061991482,0.0062857630,0.0061844713,0.0062420844,0.0062419380,0.0063300407,0.0062775374,0.0062413358,0.0062446752,0.0062092214,0.0062886924,0.0059249596,0.0059603175,0.0058698932,0.0062586287,0.0062018318,0.0062529225,0.0062587158,0.0061942768,0.0062760152,0.0062936883,0.0062817914,0.0063041110,0.0062653439,0.0062464953,0.0061823076,0.0058263972,0.0058661294,0.0059225660,0.0052949193,0.0052403069,0.0053012325,0.0052839742,0.0052732119,0.0052600797,0.0052160874,0.0051852248,0.0053100984,0.0053239718,0.0052903936,0.0053087328,0.0049617127,0.0049242542,0.0049106636
36,29,31,27,24,17,12,6,22,19,3,20,34,26,23,29,26,23,18,37,32,33,45,30,47,46,35,45,25,28,4,0,14,6,3,6,2,2,4,34,24,7,16,41,43,5,34,22,28,22,31,15,41,1,21,39,13,40,10,21,8,32,19,20,13,1,5,10,42,12,37,25,44,7,42,8,26,15,9,0,16,19,41,28,43,43,30,8,14,13,33,23,16,17,29,14,36,46,18,35,24,11,15,0,2,27,36,39,25,38,9,47,40,3,21,11,40,4,39,11,42,31,10,20,12,38,44,44,1,7,27,17,38,9,5,18,33,35,35,47,37,46,30,45,18,32,37,32,30,33,33,29,20,26,33,33,47,35,25,24,20,12,6,22,3,45,3,39,7,45,11,26,30,42,46,45,47,11,20,3,22,32,15,37,47,45,10,46,30,46,45,36,7,5,0,18,24,3,18,34,18,12,36,22,16,27,47,2,26,4,6,45,21,29,18,47,35,32,34,12,12,35,21,16,30,3,43,17,27,17,34,4,45,6,46,31,35,36,8,13,23,44,38,34,0,33,11,19,36,30,47,17,14,17,47,40,41,29,5,23,23,40,31,20,20,10,19,24,44,28,32,37,37,47,23,12,36,32,26,19,34,46,29,33,18,15,8,18,7,23,41,5,24,11,4,6,6,1,38,37,46,28,25,35,3,36,0,21,26,1,16,9,27,34,10,41,38,17,8,32,22,31,19,15,9,16,7,19,2,35,33,28,30,26,2,45,28,29,42,46,44,24,31,9,23,43,22,4,31,24,14,17,10,34,46,18,14,0,39,15,42,27,13,37,9,35,43,26,27,13,0,31,41,12,42,6,47,29,21,3,29,33,38,31,14,8,24,1,4,25,40,27,2,20,44,13,39,5,36,39,2,46,43,13,40,30,30,45,19,22,23,25,1,37,37,27,32,32,18,6,21,9,17,22,7,15,10,8,20,19,12,5,14,16,11
0.0437800695,0.0438199013,0.0444427504,0.0447091158,0.0449885831,0.0471642344,0.0489762081,0.0489703821,0.0484840899,0.0483163399,0.0488286097,0.0501325260,0.0464151221,0.0452545905,0.0431356201,0.0722261856,0.0745678673,0.0764659283,0.0797868447,0.0806065137,0.0824846265,0.0842885771,0.0846698501,0.0847608171,0.0860849652,0.0861618657,0.0839342062,0.0707740911,0.0683677328,0.0661233738,0.0696400495,0.0701227633,0.0695125503,0.0696338319,0.0694759604,0.0699258426,0.0709640588,0.0709640382,0.0701208632,0.0701151386,0.0692304399,0.0708014064,0.0620614609,0.0626522559,0.0628395471,0.0698695488,0.0682844662,0.0694998428,0.0694080398,0.0686979193,0.0676543068,0.0699630701,0.0685422054,0.0693639834,0.0694896806,0.0693117796,0.0698155950,0.0629306728,0.0624455294,0.0619714731,0.0695614736,0.0691190754,0.0694305912,0.0692949462,0.0694025119,0.0693093211,0.0695799046,0.0696210145,0.0694354166,0.0688996402,0.0691016812,0.0692495366,0.0625907540,0.0625071101,0.0618641625,0.0695555148,0.0693487437,0.0695151341,0.0699049477,0.0689265434,0.0693336155,0.0689495960,0.0689050346,0.0687759352,0.0693417600,0.0690172291,0.0693032097,0.0613982817,0.0612405584,0.0621359547,0.0694668636,0.0690095986,0.0687008870,0.0697250402,0.0681642626,0.0685800376,0.0682202910,0.0692594491,0.0693711962,0.0685073467,0.0690395844,0.0697754544,0.0621645630,0.0619098237,0.0616347374,0.0691834173,0.0693529803,0.0694860393,0.0697129123,0.0694623275,0.0698087780,0.0698948939,0.0693306636,0.0682857305,0.0690305147,0.0695892653,0.0690782533,0.0620190928,0.0623989790,0.0625173683,0.0694349459,0.0682015356,0.0699185844,0.0696699494,0.0691826236,0.0694998441,0.0694584437,0.0697271330,0.0694317883,0.0702788994,0.0692866032,0.0702484923,0.0620108590,0.0625395955,0.0622459354,0.0169837543,0.0171964824,0.0171549316,0.0170166651,0.0172433526,0.0169884210,0.0171044496,0.0172814847,0.0171795262,0.0170825915,0.0171577017,0.0171103746,0.0161757966,0.0162711833,0.0161471068,0.0063184729,0.0063100651,0.0062907607,0.0063267552,0.0063026201,0.0062625052,0.0063297941,0.0062938387,0.0063382255,0.0062840091,0.0062386584,0.0063258953,0.0060464036,0.0060029759,0.0060077023,0.0063432985,0.0062677539,0.0063426432,0.0063564660,0.0062962741,0.0063220015,0.0062721848,0.0062479247,0.0063270845,0.0063468040,0.0062980032,0.0062735365,0.0059200305,0.0059360094,0.0059447210,0.0062170501,0.0062543526,0.0063257046,0.0062797754,0.0062805036,0.0062683238,0.0062848698,0.0062632537,0.0062708831,0.0063083984,0.0062703754,0.0063079555,0.0059315887,0.0060428856,0.0059355480,0.0062824334,0.0062252781,0.0062370425,0.0062376388,0.0063197912,0.0062265427,0.0063009465,0.0062334217,0.0062700621,0.0063130148,0.0062799225,0.0062319830,0.0059606385,0.0059572802,0.0060228100,0.0062490142,0.0062788203,0.0063486296,0.0062698333,0.0061783346,0.0062736819,0.0062887140,0.0062362711,0.0062568933,0.0062799617,0.0062588123,0.0062492873,0.0058878559,0.0058957149,0.0058543377,0.0062537861,0.0063300402,0.0063512513,0.0062272996,0.0062562250,0.0062864278,0.0062480145,0.0062680446,0.0063134946,0.0062287403,0.0063304936,0.0062650154,0.0059288199,0.0059933880,0.0060101184,0.0063269960,0.0063196510,0.0063235584,0.0062539973,0.0062901996,0.0062752678,0.0062816536,0.0063200618,0.0061821004,0.0062247129,0.0062292927,0.0062925656,0.0060077359,0.0058933410,0.0058988291,0.0062999827,0.0063843597,0.0062913371,0.0062937528,0.0062924750,0.0062692874,0.0062358355,0.0062751261,0.0062413452,0.0061818079,0.0062382796,0.0062644985,0.0059727775,0.0059207397,0.0059330293,0.0062421231,0.0062954288,0.0062294470,0.0062974617,0.0062596147,0.0062300029,0.0062637294,0.0062253229,0.0062828034,0.0062834955,0.0062291868,0.0062809263,0.0059461735,0.0059125882,0.0058751642,0.0062484063,0.0062091064,0.0062517769,0.0063203957,0.0062392066,0.0062986768,0.0063400524,0.0062239550,0.0062521657,0.0062451994,0.0062459392,0.0062613645,0.0060629911,0.0059195862,0.0059434774,0.0062457075,0.0062859914,0.0062815101,0.0062138222,0.0062228053,0.0062090474,0.0062569604,0.0063005569,0.0062324014,0.0062869301,0.0062759575,0.0063828616,0.0059299618,0.0059085763,0.0059595866,0.0063201955,0.0062460120,0.0062648439,0.0062694485,0.0062270542,0.0061958721,0.0063100580,0.0062210932,0.0062836823,0.0062647155,0.0062367597,0.0062650193,0.0059486161,0.0059304849,0.0059299637,0.0062839897,0.0063044016,0.0062131066,0.0062310669,0.0062626634,0.0062732481,0.0062356902,0.0062525077,0.0062447126,0.0062381870,0.0062723408,0.0061992711,0.0059256737,0.0060263528,0.0059139683,0.0063015198,0.0062121306,0.0062396145,0.0062701774,0.0061939950,0.0063072800,0.0062573714,0.0062951394,0.0062285289,0.0062261573,0.0062184835,0.0062748131,0.0059461512,0.0058865636,0.0059538845,0.0063085090,0.0062298215,0.0062581987,0.0062469429,0.0062428537,0.0062624389,0.0062941139,0.0062879081,0.0061948744,0.0062813767,0.0061851035,0.0062531038,0.0059395773,0.0059140989,0.0058920167,0.0062435455,0.0062342616,0.0062337236,0.0062491430,0.0062754616,0.0063242078,0.0062494150,0.0062321878,0.0062935893,0.0062235500,0.0062311713,0.0062081239,0.0059635229,0.0058920838,0.0059301847,0.0062502367,0.0061935784,0.0062926184,0.0061840861,0.0062322789,0.0062341212,0.0063275857,0.0062728062,0.0062406025,0.0062342190,0.0062157786,0.0062874230,0.0059232212,0.0059569818,0.0058705719,0.0062525011,0.0062149711,0.0062528552,0.0062503680,0.0062096399,0.0062684557,0.0063009539,0.0062761604,0.0063146695,0.0062696358,0.0062520059,0.0061865973,0.0058150739,0.0058928647,0.0059295557,0.0052933249,0.0052451057,0.0053043133,0.0052823882,0.0052895804,0.0052694064,0.0052324012,0.0051828195,0.0053209447,0.0053257604,0.0053048997,0.0053070726,0.0049723528,0.0049326473,0.0049231327
36,29,31,27,24,17,12,6,22,19,3,20,34,26,23,29,26,23,18,37,32,33,45,30,47,46,35,45,25,28,4,0,14,6,3,6,2,2,4,34,24,7,16,41,43,5,34,22,28,22,31,15,41,1,21,39,13,40,10,21,8,32,19,20,13,1,5,10,42,12,37,25,44,7,42,8,26,15,9,0,16,19,41,28,43,43,30,8,14,13,33,23,16,17,29,14,36,46,18,35,24,11,15,0,2,27,36,39,25,38,9,47,40,3,21,11,40,4,39,11,42,31,10,20,12,38,44,44,1,7,27,17,38,9,5,18,33,35,35,47,37,46,30,45,18,32,37,32,30,33,33,29,20,26,33,33,47,35,25,24,20,12,6,22,3,45,3,39,7,45,11,26,30,42,46,45,47,11,20,3,22,32,15,37,47,45,10,46,30,46,45,36,7,5,0,18,24,3,18,34,18,12,36,22,16,27,47,2,26,4,6,45,21,29,18,47,35,32,34,12,12,35,21,16,30,3,43,17,27,17,34,4,45,6,46,31,35,36,8,13,23,44,38,34,0,33,11,19,36,30,47,17,14,17,47,40,41,29,5,23,23,40,31,20,20,10,19,24,44,28,32,37,37,47,23,12,36,32,26,19,34,46,29,33,18,15,8,18,7,23,41,5,24,11,4,6,6,1,38,37,46,28,25,35,3,36,0,21,26,1,16,9,27,34,10,41,38,17,8,32,22,31,19,15,9,16,7,19,2,35,33,28,30,26,2,45,28,29,42,46,44,24,31,9,23,43,22,4,31,24,14,17,10,34,46,18,14,0,39,15,42,27,13,37,9,35,43,26,27,13,0,31,41,12,42,6,47,29,21,3,29,33,38,31,14,8,24,1,4,25,40,27,2,20,44,13,39,5,36,39,2,46,43,13,40,30,30,45,19,22,23,25,1,37,37,27,32,32,18,6,21,9,17,22,7,15,10,8,20,19,12,5,14,16,11
0.0438929079,0.0443521017,0.0451339018,0.0454585478,0.0448522089,0.0456549694,0.0478914979,0.0481287755,0.0481543587,0.0481498293,0.0495475956,0.0508805032,0.0485281416,0.0461199434,0.0438079119,0.0720220063,0.0740322234,0.0767117871,0.0781939847,0.0781020125,0.0782231089,0.0787344582,0.0793428343,0.0807758995,0.0828319140,0.0856246314,0.0848234617,0.0714362187,0.0692452808,0.0666641144,0.0696379669,0.0700659228,0.0710812046,0.0718427428,0.0729055398,0.0748298167,0.0776825821,0.0782046282,0.0766295266,0.0750871609,0.0731339834,0.0721873639,0.0627584110,0.0633074084,0.0627948297,0.0699688581,0.0687988328,0.0693689702,0.0687147495,0.0691254229,0.0681704162,0.0698087070,0.0692539322,0.0696833082,0.0692873071,0.0695182000,0.0696696720,0.0632541974,0.0629153335,0.0616869047,0.0698386478,0.0689266845,0.0691088506,0.0696476476,0.0688247437,0.0689771182,0.0689245607,0.0693013764,0.0693047204,0.0686468666,0.0690680434,0.0697544108,0.0625371980,0.0624013743,0.0621477391,0.0691604562,0.0689258215,0.0695143055,0.0697964744,0.0686102737,0.0694357487,0.0687528979,0.0688882249,0.0687551921,0.0689307112,0.0688746467,0.0687677885,0.0607136701,0.0612504114,0.0616204680,0.0689648566,0.0687770955,0.0691746637,0.0695708201,0.0684646063,0.0686526212,0.0681983014,0.0692179980,0.0688203998,0.0687514039,0.0689886031,0.0697067052,0.0621421690,0.0619171657,0.0615308483,0.0695571251,0.0692740024,0.0697950588,0.0698075371,0.0700412775,0.0697405527,0.0698024894,0.0690697315,0.0686482822,0.0690239640,0.0693344165,0.0696907547,0.0621422724,0.0623270686,0.0618425455,0.0694009271,0.0689930947,0.0696833658,0.0698221530,0.0693370417,0.0695254746,0.0695591986,0.0697577680,0.0691287312,0.0698018342,0.0697051596,0.0695610337,0.0626412794,0.0627929131,0.0621161952,0.0170104940,0.0172224502,0.0171243370,0.0170349900,0.0172752014,0.0170092057,0.0171757029,0.0172786712,0.0172953403,0.0171135087,0.0171216670,0.0170772197,0.0160944821,0.0162456254,0.0162480273,0.0063137124,0.0062974870,0.0062818708,0.0063320195,0.0062940049,0.0062704988,0.0063328551,0.0062897415,0.0063450244,0.0063000116,0.0062390979,0.0063199865,0.0060475343,0.0059981786,0.0060176050,0.0063353199,0.0062686856,0.0063450726,0.0063538319,0.0062991211,0.0063222136,0.0062799252,0.0062524483,0.0063238376,0.0063584805,0.0063027092,0.0062756591,0.0059083172,0.0059264827,0.0059551934,0.0062277449,0.0062588627,0.0063417444,0.0062781033,0.0062878146,0.0062690671,0.0062883587,0.0062637797,0.0062754229,0.0063162115,0.0062645174,0.0063289174,0.0059182569,0.0060335034,0.0059424110,0.0062797791,0.0062387181,0.0062435922,0.0062348213,0.0063135137,0.0062247565,0.0063043843,0.0062367966,0.0062779748,0.0063182623,0.0062893618,0.0062425162,0.0059764044,0.0059657274,0.0060044705,0.0062240846,0.0062773975,0.0063426289,0.0062686569,0.0061762549,0.0062792519,0.0062855668,0.0062316942,0.0062622229,0.0062728989,0.0062649508,0.0062509153,0.0058906495,0.0058978531,0.0058491858,0.0062596360,0.0063412588,0.0063378135,0.0062151009,0.0062581242,0.0062788290,0.0062407779,0.0062657611,0.0062884063,0.0062322571,0.0063262154,0.0062600930,0.0059381279,0.0059988576,0.0060136092,0.0063404508,0.0063314292,0.0063242694,0.0062682207,0.0062905071,0.0062683750,0.0062872606,0.0063235503,0.0062039822,0.0062235767,0.0062319902,0.0062741266,0.0060017060,0.0058808865,0.0058981287,0.0063044969,0.0063747886,0.0062903441,0.0062793582,0.0062851407,0.0062774781,0.0062344605,0.0062718921,0.0062275084,0.0061765354,0.0062523376,0.0062691207,0.0059621483,0.0059342328,0.0059426241,0.0062445492,0.0063031203,0.0062146906,0.0062916904,0.0062605223,0.0062272986,0.0062700453,0.0062254815,0.0062833182,0.0062824072,0.0062282278,0.0062695229,0.0059452434,0.0059133898,0.0058725581,0.0062467485,0.0061985599,0.0062567064,0.0063215736,0.0062352242,0.0063060089,0.0063113879,0.0062424159,0.0062575864,0.0062694085,0.0062239755,0.0062565782,0.0060673088,0.0059155637,0.0059462674,0.0062447249,0.0062944868,0.0062841873,0.0062114701,0.0062102792,0.0061984606,0.0062666173,0.0062963250,0.0062224111,0.0062903846,0.0062650561,0.0063846458,0.0059246869,0.0059178577,0.0059647450,0.0063339894,0.0062482287,0.0062620082,0.0062633846,0.0062248208,0.0062094761,0.0063098314,0.0062178027,0.0062847827,0.0062467443,0.0062370088,0.0062604781,0.0059442942,0.0059312458,0.0059343510,0.0062810228,0.0062936556,0.0062062200,0.0062240322,0.0062823444,0.0062735389,0.0062290145,0.0062538955,0.0062348767,0.0062476082,0.0062905438,0.0062153037,0.0059133601,0.0060269831,0.0059217978,0.0063205480,0.0062184103,0.0062355956,0.0062582129,0.0062101516,0.0063003066,0.0062415047,0.0062998419,0.0062305581,0.0062298979,0.0062020081,0.0062686368,0.0059427998,0.0058859298,0.0059618548,0.0063086764,0.0062314224,0.0062484758,0.0062391362,0.0062552722,0.0062539323,0.0062917601,0.0062885459,0.0062051393,0.0062906847,0.0061773685,0.0062657752,0.0059485247,0.0059126336,0.0058772926,0.0062433929,0.0062404268,0.0062276810,0.0062589767,0.0062711962,0.0063204115,0.0062503081,0.0062251837,0.0062872215,0.0062308921,0.0062302394,0.0062277347,0.0059608611,0.0058997431,0.0059440253,0.0062626444,0.0061914283,0.0062836499,0.0061847316,0.0062441941,0.0062473398,0.0063375241,0.0062623429,0.0062322439,0.0062353388,0.0062242046,0.0062815898,0.0059276461,0.0059648399,0.0058727990,0.0062569657,0.0061979237,0.0062456683,0.0062468570,0.0061992450,0.0062729425,0.0062991303,0.0062761731,0.0063144618,0.0062636833,0.0062698054,0.0061821111,0.0058131252,0.0058782690,0.0059306875,0.0052963099,0.0052431195,0.0053028651,0.0052870498,0.0052788257,0.0052710687,0.0052234154,0.0051930043,0.0053178200,0.0053211568,0.0052971590,0.0052983184,0.0049669600,0.0049175671,0.0049085311
36,29,31,27,24,17,12,6,22,19,3,20,34,26,23,29,26,23,18,37,32,33,45,30,47,46,35,45,25,28,4,0,14,6,3,6,2,2,4,34,24,7,16,41,43,5,34,22,28,22,31,15,41,1,21,39,13,40,10,21,8,32,19,20,13,1,5,10,42,12,37,25,44,7,42,8,26,15,9,0,16,19,41,28,43,43,30,8,14,13,33,23,16,17,29,14,36,46,18,35,24,11,15,0,2,27,36,39,25,38,9,47,40,3,21,11,40,4,39,11,42,31,10,20,12,38,44,44,1,7,27,17,38,9,5,18,33,35,35,47,37,46,30,45,18,32,37,32,30,33,33,29,20,26,33,33,47,35,25,24,20,12,6,22,3,45,3,39,7,45,11,26,30,42,46,45,47,11,20,3,22,32,15,37,47,45,10,46,30,46,45,36,7,5,0,18,24,3,18,34,18,12,36,22,16,27,47,2,26,4,6,45,21,29,18,47,35,32,34,12,12,35,21,16,30,3,43,17,27,17,34,4,45,6,46,31,35,36,8,13,23,44,38,34,0,33,11,19,36,30,47,17,14,17,47,40,41,29,5,23,23,40,31,20,20,10,19,24,44,28,32,37,37,47,23,12,36,32,26,19,34,46,29,33,18,15,8,18,7,23,41,5,24,11,4,6,6,1,38,37,46,28,25,35,3,36,0,21,26,1,16,9,27,34,10,41,38,17,8,32,22,31,19,15,9,16,7,19,2,35,33,28,30,26,2,45,28,29,42,46,44,24,31,9,23,43,22,4,31,24,14,17,10,34,46,18,14,0,39,15,42,27,13,37,9,35,43,26,27,13,0,31,41,12,42,6,47,29,21,3,29,33,38,31,14,8,24,1,4,25,40,27,2,20,44,13,39,5,36,39,2,46,43,13,40,30,30,45,19,22,23,25,1,37,37,27,32,32,18,6,21,9,17,22,7,15,10,8,20,19,12,5,14,16,11
0.0435447290,0.0446252101,0.0457977290,0.0463773974,0.0458893792,0.0448793722,0.0451603696,0.0440869917,0.0464629895,0.0483321336,0.0501325720,0.0521336469,0.0499537750,0.0468380213,0.0440817531,0.0713172051,0.0740842436,0.0754081199,0.0759431921,0.0732454951,0.0694460217,0.0667625398,0.0662206012,0.0695880139,0.0756773364,0.0829306207,0.0840825814,0.0716228088,0.0695378195,0.0670726128,0.0703866870,0.0713169627,0.0727888519,0.0749688927,0.0783028874,0.0841316938,0.0903608344,0.0917206655,0.0883325303,0.0839368928,0.0781158301,0.0747733679,0.0643781474,0.0638025636,0.0632467991,0.0696703596,0.0688932960,0.0695753928,0.0690857198,0.0687644593,0.0677613734,0.0698457834,0.0688631071,0.0698001629,0.0696689816,0.0694225048,0.0699453041,0.0631885598,0.0626431199,0.0626289060,0.0699031454,0.0688882517,0.0690443702,0.0693132961,0.0691460676,0.0691813436,0.0692277095,0.0695810814,0.0699953961,0.0685402849,0.0686287294,0.0688590747,0.0622956255,0.0622623460,0.0619852963,0.0692698095,0.0692489928,0.0693606476,0.0702139195,0.0687370439,0.0687605034,0.0687311491,0.0686430888,0.0688378418,0.0690079354,0.0687450858,0.0690134893,0.0619674582,0.0615877203,0.0615856213,0.0692419146,0.0689238015,0.0683830552,0.0690082463,0.0684382213,0.0683597893,0.0682925457,0.0691377297,0.0689321922,0.0685338364,0.0694569137,0.0695841221,0.0622079746,0.0621019129,0.0615219822,0.0697033701,0.0689794224,0.0699502528,0.0684854059,0.0701310495,0.0700119827,0.0695359345,0.0693208517,0.0686948176,0.0699116877,0.0694214739,0.0696609344,0.0623385259,0.0625298658,0.0619029116,0.0697221435,0.0680688739,0.0698382608,0.0696715474,0.0691300918,0.0696028040,0.0700607469,0.0692409631,0.0702301373,0.0698083925,0.0692584478,0.0702087027,0.0626497678,0.0629777623,0.0622663287,0.0170311282,0.0171953709,0.0171210588,0.0170331868,0.0172504123,0.0169772375,0.0171284902,0.0173426545,0.0172899211,0.0171054563,0.0170943245,0.0170885575,0.0161252113,0.0163108190,0.0161527185,0.0063214371,0.0063008963,0.0062811998,0.0063221446,0.0062967061,0.0062582967,0.0063358013,0.0062923356,0.0063450580,0.0062825977,0.0062320757,0.0063497562,0.0060351936,0.0060045144,0.0060152495,0.0063456179,0.0062713294,0.0063463730,0.0063476753,0.0062979234,0.0063081434,0.0062681851,0.0062584162,0.0063100144,0.0063593419,0.0063049400,0.0062738618,0.0059242607,0.0059364407,0.0059486759,0.0062188891,0.0062561763,0.0063392972,0.0062864039,0.0062834915,0.0062618746,0.0062785148,0.0062487082,0.0062702303,0.0063201229,0.0062561918,0.0063250698,0.0059200545,0.0060378543,0.0059382569,0.0062779584,0.0062387035,0.0062440755,0.0062431443,0.0063167279,0.0062270873,0.0063216220,0.0062282352,0.0062772923,0.0063006766,0.0062884241,0.0062278531,0.0059749528,0.0059725517,0.0060029379,0.0062294778,0.0062769157,0.0063274390,0.0062642171,0.0061821522,0.0062674296,0.0062938586,0.0062270625,0.0062685866,0.0063047751,0.0062844185,0.0062424730,0.0058812116,0.0058931020,0.0058593454,0.0062609101,0.0063370570,0.0063425476,0.0062281822,0.0062588595,0.0062833722,0.0062461868,0.0062605699,0.0062894570,0.0062273306,0.0063053208,0.0062657745,0.0059400069,0.0059972315,0.0060281363,0.0063282356,0.0063452054,0.0063143980,0.0062738820,0.0062900699,0.0062758133,0.0062933660,0.0063233473,0.0062002465,0.0062166651,0.0062310971,0.0062906620,0.0060088908,0.0059048603,0.0059043430,0.0063030994,0.0063752181,0.0062850772,0.0062785480,0.0062898184,0.0062793805,0.0062294720,0.0062683087,0.0062353101,0.0061742099,0.0062373718,0.0062586839,0.0059596651,0.0059329785,0.0059256448,0.0062394562,0.0063020295,0.0062210540,0.0062965151,0.0062549784,0.0062443548,0.0062686180,0.0062152495,0.0062972204,0.0062814047,0.0062421774,0.0062726661,0.0059364844,0.0059211593,0.0058836517,0.0062662535,0.0062064312,0.0062562763,0.0063194778,0.0062473621,0.0063020184,0.0063418776,0.0062277749,0.0062590677,0.0062356350,0.0062157704,0.0062568968,0.0060721791,0.0059183293,0.0059573378,0.0062486293,0.0062796774,0.0062826774,0.0062009260,0.0062105160,0.0061976526,0.0062710460,0.0063064509,0.0062341140,0.0062889549,0.0062757508,0.0063860744,0.0059354642,0.0059155770,0.0059648760,0.0063200213,0.0062564284,0.0062679794,0.0062759852,0.0062158953,0.0062061408,0.0062964915,0.0062265774,0.0063005723,0.0062532413,0.0062358129,0.0062647567,0.0059450361,0.0059447127,0.0059341654,0.0062790479,0.0062965329,0.0062172435,0.0062335556,0.0062649130,0.0062749421,0.0062188596,0.0062482783,0.0062406546,0.0062375868,0.0062888546,0.0062183597,0.0059154934,0.0060352232,0.0059209918,0.0063139533,0.0062177467,0.0062314834,0.0062497390,0.0062034965,0.0063125504,0.0062490511,0.0062747140,0.0062344297,0.0062346224,0.0062177160,0.0062861364,0.0059437638,0.0059013388,0.0060106423,0.0063160322,0.0062400013,0.0062638481,0.0062452492,0.0062539629,0.0062584921,0.0062743286,0.0063009093,0.0062012272,0.0063063398,0.0061793698,0.0062606563,0.0059271960,0.0059284769,0.0058976546,0.0062470178,0.0062370022,0.0062175584,0.0062557894,0.0062658709,0.0063226325,0.0062421128,0.0062281523,0.0062829747,0.0062495600,0.0062272164,0.0062183713,0.0059646089,0.0058957849,0.0059435261,0.0062612785,0.0061986991,0.0062957652,0.0061845730,0.0062440958,0.0062844033,0.0063337490,0.0062735397,0.0062430249,0.0062442708,0.0062070608,0.0062953105,0.0059217985,0.0059985304,0.0058771666,0.0062476636,0.0062010926,0.0062609452,0.0062631135,0.0062021900,0.0062636659,0.0062957936,0.0062749268,0.0063166557,0.0062570246,0.0062552386,0.0061788616,0.0058148277,0.0058744628,0.0059462990,0.0053215188,0.0052437148,0.0053219962,0.0052905189,0.0052881904,0.0052868601,0.0052277714,0.0051835550,0.0053214287,0.0053201453,0.0053226598,0.0053273168,0.0049832747,0.0049226760,0.0049159420
36,29,31,27,24,17,12,6,22,19,3,20,34,26,23,29,26,23,18,37,32,33,45,30,47,46,35,45,25,28,4,0,14,6,3,6,2,2,4,34,24,7,16,41,43,5,34,22,28,22,31,15,41,1,21,39,13,40,10,21,8,32,19,20,13,1,5,10,42,12,37,25,44,7,42,8,26,15,9,0,16,19,41,28,43,43,30,8,14,13,33,23,16,17,29,14,36,46,18,35,24,11,15,0,2,27,36,39,25,38,9,47,40,3,21,11,40,4,39,11,42,31,10,20,12,38,44,44,1,7,27,17,38,9,5,18,33,35,35,47,37,46,30,45,18,32,37,32,30,33,33,29,20,26,33,33,47,35,25,24,20,12,6,22,3,45,3,39,7,45,11,26,30,42,46,45,47,11,20,3,22,32,15,37,47,45,10,46,30,46,45,36,7,5,0,18,24,3,18,34,18,12,36,22,16,27,47,2,26,4,6,45,21,29,18,47,35,32,34,12,12,35,21,16,30,3,43,17,27,17,34,4,45,6,46,31,35,36,8,13,23,44,38,34,0,33,11,19,36,30,47,17,14,17,47,40,41,29,5,23,23,40,31,20,20,10,19,24,44,28,32,37,37,47,23,12,36,32,26,19,34,46,29,33,18,15,8,18,7,23,41,5,24,11,4,6,6,1,38,37,46,28,25,35,3,36,0,21,26,1,16,9,27,34,10,41,38,17,8,32,22,31,19,15,9,16,7,19,2,35,33,28,30,26,2,45,28,29,42,46,44,24,31,9,23,43,22,4,31,24,14,17,10,34,46,18,14,0,39,15,42,27,13,37,9,35,43,26,27,13,0,31,41,12,42,6,47,29,21,3,29,33,38,31,14,8,24,1,4,25,40,27,2,20,44,13,39,5,36,39,2,46,43,13,40,30,30,45,19,22,23,25,1,37,37,27,32,32,18,6,21,9,17,22,7,15,10,8,20,19,12,5,14,16,11
0.0432681002,0.0449949469,0.0461002802,0.0470635691,0.0470003597,0.0458563971,0.0429215469,0.0406459261,0.0446077459,0.0491246116,0.0513105440,0.0540931591,0.0500755403,0.0472022101,0.0436509857,0.0715748123,0.0734161851,0.0743361150,0.0735696427,0.0694769148,0.0636083604,0.0582148227,0.0563822625,0.0605773028,0.0688831664,0.0796720453,0.0851640688,0.0725209218,0.0698456327,0.0670134542,0.0703901279,0.0713887762,0.0733161529,0.0770170527,0.0832948535,0.0911093944,0.0987505494,0.1015899706,0.0969780602,0.0896613070,0.0812009675,0.0745870636,0.0649926119,0.0638205888,0.0632178121,0.0695479345,0.0690949652,0.0701635145,0.0693915131,0.0693507150,0.0691090721,0.0698389899,0.0685049037,0.0686343854,0.0699917776,0.0701836650,0.0692091562,0.0623045487,0.0624301933,0.0623175840,0.0700146009,0.0696059150,0.0695644903,0.0695704120,0.0691539587,0.0700944546,0.0692996227,0.0696075798,0.0692108916,0.0689349884,0.0687726132,0.0687499251,0.0626027961,0.0612262853,0.0622833970,0.0691741726,0.0694046050,0.0693152873,0.0694824037,0.0689666509,0.0691907523,0.0690145145,0.0692346927,0.0689519968,0.0706509445,0.0690195906,0.0687411889,0.0630126084,0.0618105271,0.0624572223,0.0695280485,0.0695796081,0.0694686943,0.0694246680,0.0696320567,0.0693219503,0.0684974070,0.0697655617,0.0696024696,0.0696624973,0.0691499116,0.0693395189,0.0624652278,0.0622801461,0.0630502004,0.0691525281,0.0693224998,0.0695928980,0.0699250169,0.0693881323,0.0697846090,0.0695098819,0.0698874262,0.0687926415,0.0700845768,0.0696035560,0.0698926596,0.0624663076,0.0622018512,0.0622933011,0.0694278065,0.0704072373,0.0697062125,0.0697817662,0.0689858614,0.0698838073,0.0702284634,0.0697465619,0.0697862525,0.0701007071,0.0700713920,0.0705867491,0.0623545928,0.0626479045,0.0618367967,0.0171131932,0.0171444584,0.0171711241,0.0171936444,0.0171197878,0.0171958793,0.0173210532,0.0171748086,0.0174181659,0.0172138675,0.0171699092,0.0174562708,0.0164036406,0.0161920839,0.0163094869,0.0064252590,0.0063513678,0.0064167625,0.0062885138,0.0064115840,0.0063507862,0.0063276527,0.0062867874,0.0062905212,0.0063919729,0.0062592260,0.0063210778,0.0060147948,0.0060022090,0.0059270159,0.0063013125,0.0063353825,0.0062652562,0.0062672299,0.0062993503,0.0062925852,0.0062403748,0.0063226125,0.0063019495,0.0063664992,0.0062930907,0.0063619089,0.0059846578,0.0060050782,0.0060695712,0.0063661515,0.0063638140,0.0062978349,0.0062977918,0.0064329950,0.0063012089,0.0063497011,0.0063387325,0.0063139105,0.0062862498,0.0062883017,0.0062488390,0.0059823593,0.0060567862,0.0059767339,0.0062464201,0.0062739829,0.0062455147,0.0062600142,0.0062728647,0.0064009333,0.0063591796,0.0062432476,0.0062771535,0.0062678136,0.0062916665,0.0063162553,0.0060074430,0.0060360096,0.0059062076,0.0062498222,0.0062699495,0.0062305957,0.0062571425,0.0062956856,0.0062013668,0.0063118778,0.0064202077,0.0062629957,0.0063221779,0.0062536343,0.0062868553,0.0061051451,0.0059278986,0.0060115513,0.0062886011,0.0062573368,0.0062535096,0.0063130363,0.0062752235,0.0063070683,0.0062831863,0.0063752372,0.0063332588,0.0062903394,0.0062434084,0.0063184838,0.0059646214,0.0059474473,0.0060320975,0.0062666744,0.0062907485,0.0063075816,0.0062512554,0.0062258244,0.0063552952,0.0062492128,0.0062563569,0.0062437161,0.0063115062,0.0062838786,0.0062756248,0.0060320737,0.0059502277,0.0059414286,0.0062595062,0.0062679337,0.0063439052,0.0062546110,0.0062156907,0.0062496507,0.0063022415,0.0062579011,0.0063410425,0.0062936310,0.0062473360,0.0063280710,0.0059864582,0.0059176941,0.0060024448,0.0063394264,0.0062382505,0.0063176031,0.0062603249,0.0063128611,0.0063030712,0.0063499655,0.0062821774,0.0063174801,0.0062408638,0.0062880103,0.0064011250,0.0059780340,0.0059946388,0.0060946056,0.0062969821,0.0062848918,0.0062552776,0.0062911106,0.0063144548,0.0062207736,0.0062602322,0.0062851716,0.0064041664,0.0062336561,0.0062398967,0.0062917188,0.0059352703,0.0059193143,0.0059631944,0.0063105367,0.0062396573,0.0062939494,0.0063111764,0.0062738649,0.0062826838,0.0062959420,0.0062113483,0.0062849496,0.0063113365,0.0062770092,0.0062505369,0.0059038859,0.0058824419,0.0059989017,0.0062677815,0.0062758165,0.0062465169,0.0063357823,0.0062476057,0.0062776246,0.0062251739,0.0062909536,0.0062452046,0.0063573549,0.0061752612,0.0062627148,0.0060026759,0.0059653895,0.0059041361,0.0062683806,0.0063263935,0.0062457874,0.0063173758,0.0062269698,0.0063115100,0.0063032538,0.0063248160,0.0062788251,0.0062675557,0.0062369244,0.0062452381,0.0058916974,0.0059777235,0.0058958257,0.0063188543,0.0062873940,0.0062843569,0.0063051566,0.0062557273,0.0062712560,0.0062920747,0.0063305372,0.0063254536,0.0063115839,0.0062641045,0.0062721721,0.0059025484,0.0058587712,0.0059484444,0.0062524543,0.0062224997,0.0062572172,0.0062738842,0.0063516561,0.0062630192,0.0063166213,0.0062498401,0.0062569204,0.0061909507,0.0062145969,0.0062796662,0.0058474307,0.0059083895,0.0058979632,0.0063221024,0.0062704154,0.0062430427,0.0062857497,0.0062277116,0.0062332438,0.0062871580,0.0062441940,0.0062656864,0.0062836488,0.0062793230,0.0062962037,0.0059444636,0.0059328131,0.0060362733,0.0062304119,0.0062325258,0.0062415337,0.0062779885,0.0062475250,0.0062595204,0.0062339658,0.0062910209,0.0062728706,0.0062533048,0.0062063249,0.0062396643,0.0059498794,0.0058990859,0.0059553719,0.0063111941,0.0062413294,0.0062360097,0.0062475376,0.0062477018,0.0062319493,0.0062249555,0.0062428165,0.0062131324,0.0062130193,0.0062632959,0.0063177942,0.0059734449,0.0059736742,0.0059558042,0.0053317547,0.0053344261,0.0052166027,0.0053216478,0.0052768348,0.0052600999,0.0053606619,0.0053151613,0.0052900965,0.0053279031,0.0052977080,0.0052390521,0.0050168648,0.0049589553,0.0049569565
9,1,18,31,27,22,8,4,33,25,47,40,17,30,24,30,8,4,9,18,15,32,35,6,24,39,38,31,10,29,25,33,27,1,26,37,2,46,34,36,28,22,41,42,43,32,40,14,16,27,46,45,33,23,44,3,16,44,3,19,21,25,13,44,45,12,20,15,19,28,9,30,11,16,21,32,35,41,47,22,18,1,24,31,5,8,19,23,5,10,42,47,38,11,36,37,34,21,17,26,14,3,14,20,7,35,7,13,39,7,11,10,43,4,0,6,43,12,6,0,42,2,12,29,0,41,5,23,40,20,29,17,13,45,15,26,36,37,28,39,39,38,28,26,34,2,46,37,36,38,9,25,1,18,2,0,33,37,39,4,2,34,2,24,0,2,44,26,28,9,37,37,1,39,46,33,47,34,41,13,3,14,36,27,7,26,21,17,42,4,20,27,30,9,43,20,28,38,36,22,12,8,24,14,18,28,14,16,15,21,22,16,28,30,18,36,40,6,40,31,18,34,5,8,0,8,34,37,21,9,5,42,5,33,16,34,33,44,14,1,30,46,47,17,36,11,39,26,28,41,0,38,23,26,25,30,2,25,24,34,22,23,39,7,5,26,4,6,37,35,29,28,13,22,11,40,41,37,4,2,33,45,42,32,7,35,35,21,1,44,27,38,15,10,8,39,23,10,29,19,47,0,9,29,38,26,43,38,9,31,12,34,40,28,11,2,24,38,15,40,34,24,19,8,6,18,31,17,47,39,23,1,42,4,32,6,17,46,31,27,30,46,27,4,31,46,45,1,19,33,40,3,13,10,5,44,26,46,18,22,17,30,29,41,12,2,3,26,31,36,8,7,36,38,10,43,25,43,15,34,25,32,20,10,13,11,47,12,9,45,25,27,47,25,37,8,31,46,35,39,36,46,33,20,4,45,30,18,27,32,28,17,19,24,22,16,7,1,2,3,21,12,24,15,16,11,6,3,20,14,23,22,13,19,17
0.0428785651,0.0442866850,0.0448703722,0.0461947216,0.0479268371,0.0464580316,0.0424188481,0.0404407798,0.0449325998,0.0488236523,0.0507592906,0.0552068540,0.0505806514,0.0473773217,0.0440103603,0.0715368300,0.0730875022,0.0735338928,0.0715777975,0.0688169574,0.0622011708,0.0559665737,0.0544485455,0.0586203506,0.0674001966,0.0799236257,0.0872895845,0.0735891981,0.0707868079,0.0669973576,0.0707294637,0.0711775931,0.0733091254,0.0771485874,0.0837804499,0.0922853611,0.0990833422,0.1022612580,0.0969797633,0.0896352980,0.0810644920,0.0735665695,0.0647285783,0.0637868520,0.0630849230,0.0685936966,0.0691465298,0.0693133649,0.0693972086,0.0693116867,0.0687798811,0.0695966232,0.0683567283,0.0697663277,0.0700188787,0.0694777940,0.0692048196,0.0620531886,0.0622888668,0.0626139829,0.0699167405,0.0694707402,0.0691401133,0.0688298379,0.0691601797,0.0698837675,0.0698644408,0.0693802820,0.0690646770,0.0687011414,0.0683461742,0.0692090980,0.0624891420,0.0607113235,0.0620272640,0.0692983371,0.0690737836,0.0692014740,0.0695030791,0.0690681556,0.0686517714,0.0688959896,0.0696634540,0.0687082927,0.0705486257,0.0680865823,0.0686146715,0.0627482178,0.0619716753,0.0624609851,0.0687796492,0.0686502821,0.0691261547,0.0687366841,0.0696403940,0.0692559235,0.0687061899,0.0692144119,0.0686517256,0.0694318922,0.0688436304,0.0688167671,0.0619527145,0.0621823940,0.0625854312,0.0692292997,0.0690469700,0.0692546087,0.0694284839,0.0687661094,0.0690279022,0.0697162730,0.0698132307,0.0697194869,0.0696147617,0.0695775208,0.0692411194,0.0628363570,0.0620576953,0.0623827168,0.0694327261,0.0701598852,0.0701734756,0.0689821162,0.0698289112,0.0697055614,0.0700581085,0.0698563758,0.0696747070,0.0699196819,0.0692659590,0.0689845912,0.0613249011,0.0626414269,0.0623612372,0.0170548844,0.0171265279,0.0172052609,0.0171557514,0.0171053816,0.0172105144,0.0172614180,0.0171370603,0.0174026045,0.0171517170,0.0171679240,0.0173805418,0.0163011541,0.0161273165,0.0162151549,0.0063962353,0.0063480092,0.0063780529,0.0063197865,0.0063696841,0.0063138593,0.0063296054,0.0062928655,0.0062819099,0.0063118532,0.0062354126,0.0063132006,0.0059825588,0.0060053399,0.0058861324,0.0062690077,0.0063271541,0.0062689537,0.0062696916,0.0062850588,0.0062863178,0.0062443277,0.0063080518,0.0062988953,0.0063596240,0.0062920092,0.0063560291,0.0059714760,0.0060006833,0.0060443713,0.0063212889,0.0063397004,0.0062970079,0.0062932421,0.0063764016,0.0063064052,0.0063624398,0.0063692808,0.0063095761,0.0062362965,0.0063006703,0.0062471286,0.0059869868,0.0060175857,0.0059744161,0.0062463675,0.0062754869,0.0062494531,0.0062523688,0.0062707740,0.0063845383,0.0063237849,0.0062477973,0.0062614830,0.0062888728,0.0062947526,0.0063015045,0.0060397448,0.0060217113,0.0059236905,0.0062617726,0.0062973925,0.0062170381,0.0062592338,0.0063199472,0.0062033645,0.0063037572,0.0063741646,0.0062497890,0.0063262129,0.0062677698,0.0062816989,0.0060529245,0.0059012731,0.0059741305,0.0062738569,0.0062534636,0.0062496269,0.0063357632,0.0062429644,0.0062786804,0.0062821314,0.0063318888,0.0063285157,0.0063413807,0.0062418467,0.0063116310,0.0059591691,0.0059227056,0.0059907982,0.0062642045,0.0062866326,0.0062919503,0.0062757865,0.0062291033,0.0063288970,0.0062598600,0.0062578368,0.0062417830,0.0063119642,0.0062423197,0.0062693333,0.0060435299,0.0059470642,0.0059331067,0.0062666606,0.0062327292,0.0063319291,0.0062749623,0.0062124178,0.0062594442,0.0063167173,0.0062713344,0.0062860675,0.0062679430,0.0062298640,0.0062743445,0.0059281203,0.0059079199,0.0060081991,0.0063358501,0.0062528894,0.0062976117,0.0062590451,0.0062773333,0.0062934626,0.0063441556,0.0062805636,0.0062690733,0.0061986872,0.0062923054,0.0063924275,0.0059715993,0.0059868237,0.0060249761,0.0063059401,0.0062749335,0.0062718129,0.0062446612,0.0062943443,0.0062230484,0.0062482274,0.0062722328,0.0063826629,0.0062059403,0.0062450245,0.0063066344,0.0059184604,0.0059366512,0.0059897954,0.0062989485,0.0062244514,0.0062717323,0.0063048901,0.0062601423,0.0062906954,0.0062929986,0.0061957194,0.0062561986,0.0063189024,0.0062731560,0.0062560860,0.0058893766,0.0058979099,0.0059573410,0.0062322959,0.0062675287,0.0062438349,0.0063177898,0.0062306009,0.0062838668,0.0062295591,0.0063159256,0.0062228066,0.0063191231,0.0061812545,0.0062797279,0.0060224509,0.0059513244,0.0059068120,0.0062752436,0.0063014641,0.0062412036,0.0064356285,0.0062226520,0.0062675096,0.0063061897,0.0063258362,0.0062805120,0.0062550695,0.0062182636,0.0062414588,0.0058929577,0.0059291742,0.0059006991,0.0063138845,0.0062767132,0.0062489861,0.0063255622,0.0062579178,0.0062507556,0.0062705191,0.0063098648,0.0063033983,0.0062793211,0.0062471072,0.0062548063,0.0059013311,0.0058773228,0.0059485034,0.0062610766,0.0062157108,0.0062495907,0.0062672279,0.0063209968,0.0062414081,0.0062890806,0.0062372464,0.0062685509,0.0061879947,0.0061980755,0.0062375242,0.0058526629,0.0058944344,0.0058729849,0.0063201363,0.0062642506,0.0062290848,0.0062466261,0.0062407796,0.0062378876,0.0062772647,0.0062616030,0.0062709654,0.0062629702,0.0062571866,0.0062890639,0.0059107961,0.0059105275,0.0060276960,0.0062338484,0.0062355205,0.0062267668,0.0062853993,0.0062515523,0.0062221821,0.0062431978,0.0062836002,0.0062593829,0.0062539501,0.0062088142,0.0062357584,0.0059398607,0.0059062362,0.0059089027,0.0063018947,0.0062483203,0.0062514823,0.0062518317,0.0062503994,0.0062348864,0.0062479262,0.0062596958,0.0062077167,0.0061963746,0.0062818971,0.0062726452,0.0059483071,0.0059599117,0.0059173611,0.0053358055,0.0053168374,0.0052197264,0.0052975304,0.0052989847,0.0052425352,0.0053096312,0.0052872027,0.0053069863,0.0052970004,0.0052978069,0.0052359330,0.0049800416,0.0049781677,0.0049806004
9,1,18,31,27,22,8,4,33,25,47,40,17,30,24,30,8,4,9,18,15,32,35,6,24,39,38,31,10,29,25,33,27,1,26,37,2,46,34,36,28,22,41,42,43,32,40,14,16,27,46,45,33,23,44,3,16,44,3,19,21,25,13,44,45,12,20,15,19,28,9,30,11,16,21,32,35,41,47,22,18,1,24,31,5,8,19,23,5,10,42,47,38,11,36,37,34,21,17,26,14,3,14,20,7,35,7,13,39,7,11,10,43,4,0,6,43,12,6,0,42,2,12,29,0,41,5,23,40,20,29,17,13,45,15,26,36,37,28,39,39,38,28,26,34,2,46,37,36,38,9,25,1,18,2,0,33,37,39,4,2,34,2,24,0,2,44,26,28,9,37,37,1,39,46,33,47,34,41,13,3,14,36,27,7,26,21,17,42,4,20,27,30,9,43,20,28,38,36,22,12,8,24,14,18,28,14,16,15,21,22,16,28,30,18,36,40,6,40,31,18,34,5,8,0,8,34,37,21,9,5,42,5,33,16,34,33,44,14,1,30,46,47,17,36,11,39,26,28,41,0,38,23,26,25,30,2,25,24,34,22,23,39,7,5,26,4,6,37,35,29,28,13,22,11,40,41,37,4,2,33,45,42,32,7,35,35,21,1,44,27,38,15,10,8,39,23,10,29,19,47,0,9,29,38,26,43,38,9,31,12,34,40,28,11,2,24,38,15,40,34,24,19,8,6,18,31,17,47,39,23,1,42,4,32,6,17,46,31,27,30,46,27,4,31,46,45,1,19,33,40,3,13,10,5,44,26,46,18,22,17,30,29,41,12,2,3,26,31,36,8,7,36,38,10,43,25,43,15,34,25,32,20,10,13,11,47,12,9,45,25,27,47,25,37,8,31,46,35,39,36,46,33,20,4,45,30,18,27,32,28,17,19,24,22,16,7,1,2,3,21,12,24,15,16,11,6,3,20,14,23,22,13,19,17
0.0429386144,0.0439031208,0.0441889491,0.0450491444,0.0479856730,0.0468520622,0.0423022276,0.0409499184,0.0450695433,0.0489333116,0.0511005638,0.0550682091,0.0508880899,0.0484134723,0.0447132188,0.0711970921,0.0728710302,0.0730053139,0.0701050740,0.0681556159,0.0621384039,0.0562981680,0.0551473729,0.0589751816,0.0679666474,0.0809537429,0.0895994597,0.0764410375,0.0719897491,0.0675569033,0.0711855298,0.0722776285,0.0755261095,0.0800970307,0.0861707780,0.0943598829,0.1004036907,0.1029434162,0.0980560486,0.0902819118,0.0818147277,0.0741517604,0.0646258251,0.0636411361,0.0629158628,0.0690352239,0.0689846679,0.0695159091,0.0701725292,0.0690589391,0.0693683507,0.0692858269,0.0686914696,0.0695110057,0.0697069405,0.0691481254,0.0694399935,0.0621122034,0.0623990254,0.0624920321,0.0695560053,0.0690341536,0.0692591092,0.0688691267,0.0693087611,0.0699478113,0.0696072033,0.0691936082,0.0692847815,0.0687745657,0.0685084787,0.0691007873,0.0626728293,0.0609562682,0.0623765133,0.0689346300,0.0689253906,0.0695169603,0.0691436820,0.0687551280,0.0695687516,0.0690628150,0.0691408700,0.0693223746,0.0700759245,0.0685259624,0.0686702857,0.0630313323,0.0621700511,0.0622497549,0.0692367680,0.0690908005,0.0693670563,0.0687368471,0.0694949301,0.0691851810,0.0689966469,0.0693259851,0.0693816916,0.0690041817,0.0687312212,0.0688505335,0.0620328669,0.0620437901,0.0630376956,0.0687044224,0.0694273712,0.0693891129,0.0695535275,0.0694741110,0.0686161752,0.0695207137,0.0698314667,0.0690239911,0.0696437610,0.0694778205,0.0693078957,0.0626039974,0.0622121816,0.0616026826,0.0693121137,0.0701035833,0.0695579213,0.0697893370,0.0692043936,0.0697806887,0.0700094982,0.0702805489,0.0694571143,0.0702528812,0.0698845479,0.0700461730,0.0618204324,0.0626430859,0.0623709408,0.0171147684,0.0171590615,0.0171880452,0.0172093758,0.0171098886,0.0172195211,0.0173298034,0.0171301636,0.0173896776,0.0172394071,0.0171717657,0.0174501842,0.0163506040,0.0160487567,0.0162634878,0.0063924826,0.0063486991,0.0063910621,0.0063055625,0.0063731480,0.0063179957,0.0063229557,0.0062788907,0.0062827200,0.0063246111,0.0062360452,0.0063280422,0.0059915952,0.0060055815,0.0058928926,0.0062723529,0.0063269363,0.0062563339,0.0062658017,0.0062854960,0.0062901444,0.0062331853,0.0063095612,0.0063040295,0.0063606005,0.0062919319,0.0063567276,0.0059786740,0.0060125275,0.0060461373,0.0063304873,0.0063315276,0.0063038746,0.0063025277,0.0063843358,0.0062983029,0.0063506931,0.0063474033,0.0063124160,0.0062338182,0.0062862789,0.0062453364,0.0059629842,0.0060110938,0.0059968639,0.0062373359,0.0062783511,0.0062508032,0.0062497432,0.0062709949,0.0063813212,0.0063224931,0.0062466503,0.0062601152,0.0062601557,0.0063022687,0.0063012341,0.0060067893,0.0060261001,0.0059026469,0.0062500966,0.0062783326,0.0062259278,0.0062583751,0.0062883260,0.0062083872,0.0063119779,0.0063854763,0.0062543977,0.0063222482,0.0062501470,0.0062829989,0.0060577482,0.0058962697,0.0059747720,0.0062632533,0.0062625814,0.0062562935,0.0063140631,0.0062384217,0.0062699666,0.0062854422,0.0063271170,0.0063334173,0.0062998532,0.0062538536,0.0063047105,0.0059627392,0.0059125673,0.0059894727,0.0062638600,0.0062818171,0.0062945544,0.0062702961,0.0062262473,0.0063195403,0.0062586280,0.0062549413,0.0062387203,0.0063159921,0.0062375369,0.0062779818,0.0060360375,0.0059407520,0.0059321723,0.0062526053,0.0062375227,0.0063355485,0.0062570523,0.0062152150,0.0062557554,0.0062921640,0.0062634148,0.0062859127,0.0062619613,0.0062378658,0.0062698854,0.0059315355,0.0059060967,0.0060076218,0.0063584412,0.0062558945,0.0063108034,0.0062609313,0.0062691246,0.0063102290,0.0063447237,0.0062862588,0.0062718638,0.0062069869,0.0062823999,0.0063876909,0.0059694929,0.0059945978,0.0060254058,0.0063108203,0.0062845704,0.0062666387,0.0062572996,0.0063036421,0.0062352095,0.0062512703,0.0062796079,0.0063740282,0.0062044766,0.0062581602,0.0062938461,0.0059274476,0.0059190162,0.0059665824,0.0063055556,0.0062131354,0.0062681886,0.0062896620,0.0062689834,0.0063020377,0.0062959767,0.0061970342,0.0062554048,0.0063246719,0.0062455562,0.0062616481,0.0058937870,0.0058924732,0.0059520372,0.0062292183,0.0062700154,0.0062438995,0.0063189031,0.0062212216,0.0062880716,0.0062303858,0.0062863493,0.0062210539,0.0063138007,0.0061550331,0.0062709620,0.0059870625,0.0059615707,0.0059187918,0.0062639801,0.0062949294,0.0062503701,0.0062508483,0.0062407777,0.0062599748,0.0063070790,0.0063247680,0.0062758128,0.0062576854,0.0062242358,0.0062369106,0.0058892235,0.0059274205,0.0058926339,0.0063152500,0.0062777796,0.0062615535,0.0062899269,0.0062565982,0.0062669584,0.0062730120,0.0063075462,0.0062954938,0.0062787364,0.0062580482,0.0062658646,0.0058883001,0.0058438590,0.0059365736,0.0062571116,0.0062204060,0.0062580426,0.0062797863,0.0063223929,0.0062473522,0.0062910144,0.0062341846,0.0062665066,0.0061837723,0.0061922047,0.0062491913,0.0058443997,0.0059036405,0.0058737807,0.0063131326,0.0062556754,0.0062501097,0.0062514217,0.0062361152,0.0062392268,0.0062905174,0.0062558705,0.0062528746,0.0062646116,0.0062426609,0.0062897206,0.0059146635,0.0059103240,0.0060318027,0.0062404573,0.0062297592,0.0062324348,0.0063053397,0.0062527871,0.0062251661,0.0062414252,0.0062771548,0.0062697523,0.0062523341,0.0062048974,0.0062388434,0.0059363362,0.0058965770,0.0059150453,0.0063034096,0.0062400201,0.0062425147,0.0062490073,0.0062515127,0.0062333121,0.0062405817,0.0062392787,0.0062127069,0.0061870347,0.0062631386,0.0062653767,0.0059482008,0.0059539545,0.0059228826,0.0053337606,0.0053150203,0.0052251139,0.0053003679,0.0052685374,0.0052359522,0.0052948986,0.0052714251,0.0053043803,0.0052987163,0.0053002584,0.0052310514,0.0049844707,0.0049543948,0.0049603669
9,1,18,31,27,22,8,4,33,25,47,40,17,30,24,30,8,4,9,18,15,32,35,6,24,39,38,31,10,29,25,33,27,1,26,37,2,46,34,36,28,22,41,42,43,32,40,14,16,27,46,45,33,23,44,3,16,44,3,19,21,25,13,44,45,12,20,15,19,28,9,30,11,16,21,32,35,41,47,22,18,1,24,31,5,8,19,23,5,10,42,47,38,11,36,37,34,21,17,26,14,3,14,20,7,35,7,13,39,7,11,10,43,4,0,6,43,12,6,0,42,2,12,29,0,41,5,23,40,20,29,17,13,45,15,26,36,37,28,39,39,38,28,26,34,2,46,37,36,38,9,25,1,18,2,0,33,37,39,4,2,34,2,24,0,2,44,26,28,9,37,37,1,39,46,33,47,34,41,13,3,14,36,27,7,26,21,17,42,4,20,27,30,9,43,20,28,38,36,22,12,8,24,14,18,28,14,16,15,21,22,16,28,30,18,36,40,6,40,31,18,34,5,8,0,8,34,37,21,9,5,42,5,33,16,34,33,44,14,1,30,46,47,17,36,11,39,26,28,41,0,38,23,26,25,30,2,25,24,34,22,23,39,7,5,26,4,6,37,35,29,28,13,22,11,40,41,37,4,2,33,45,42,32,7,35,35,21,1,44,27,38,15,10,8,39,23,10,29,19,47,0,9,29,38,26,43,38,9,31,12,34,40,28,11,2,24,38,15,40,34,24,19,8,6,18,31,17,47,39,23,1,42,4,32,6,17,46,31,27,30,46,27,4,31,46,45,1,19,33,40,3,13,10,5,44,26,46,18,22,17,30,29,41,12,2,3,26,31,36,8,7,36,38,10,43,25,43,15,34,25,32,20,10,13,11,47,12,9,45,25,27,47,25,37,8,31,46,35,39,36,46,33,20,4,45,30,18,27,32,28,17,19,24,22,16,7,1,2,3,21,12,24,15,16,11,6,3,20,14,23,22,13,19,17
0.0435562603,0.0445057791,0.0439088577,0.0440132673,0.0470628187,0.0433456858,0.0371568151,0.0359523316,0.0397809139,0.0478269617,0.0515662131,0.0547272375,0.0516349721,0.0493829062,0.0452290582,0.0716139435,0.0715476751,0.0718576515,0.0703053246,0.0707834469,0.0663180446,0.0594649593,0.0585796367,0.0615370611,0.0686885084,0.0830069225,0.0918717083,0.0790520605,0.0725897339,0.0681664243,0.0715278458,0.0723459444,0.0762109060,0.0790555641,0.0846904338,0.0927808708,0.0993171980,0.1019844270,0.0975173612,0.0890858644,0.0798503125,0.0722958676,0.0634353106,0.0629942724,0.0625123190,0.0693155455,0.0692265656,0.0703107964,0.0698890667,0.0696694519,0.0689323472,0.0697273556,0.0683014163,0.0697697536,0.0697292969,0.0696816716,0.0696249320,0.0622905205,0.0617757063,0.0623866586,0.0693242448,0.0691992635,0.0692997884,0.0688805687,0.0691918724,0.0697134019,0.0694267539,0.0688622016,0.0688533811,0.0691511276,0.0687124069,0.0696458100,0.0624690346,0.0610821161,0.0616660385,0.0692330991,0.0694399145,0.0693714844,0.0691324289,0.0686888140,0.0692075971,0.0688427443,0.0688646724,0.0685616085,0.0700190873,0.0681153650,0.0683863593,0.0630517783,0.0619121092,0.0622542983,0.0687954449,0.0697584085,0.0692331898,0.0688346812,0.0699029653,0.0693826541,0.0684520047,0.0691862057,0.0690760954,0.0695494929,0.0691869230,0.0686273170,0.0620813191,0.0621216058,0.0628675066,0.0692076816,0.0694449624,0.0698026614,0.0690702537,0.0693601824,0.0692985827,0.0697398455,0.0701330803,0.0696863513,0.0701229182,0.0697545333,0.0698712091,0.0624982346,0.0621799252,0.0621695524,0.0687667131,0.0700186603,0.0697846837,0.0698661848,0.0691923848,0.0702191604,0.0699166858,0.0700193187,0.0694042306,0.0698017796,0.0696039181,0.0697671983,0.0619398076,0.0621954005,0.0617985297,0.0171182086,0.0172378594,0.0173039991,0.0173447257,0.0172280919,0.0173111734,0.0173708742,0.0172291895,0.0173687113,0.0172954265,0.0171606946,0.0174457538,0.0165056330,0.0162725608,0.0164273404,0.0063968086,0.0063566652,0.0063731577,0.0063019757,0.0063675001,0.0063187308,0.0063966019,0.0063253610,0.0063230300,0.0063249320,0.0062243176,0.0063740258,0.0059750642,0.0060127196,0.0058858611,0.0062746272,0.0063370493,0.0062660054,0.0063099543,0.0062797405,0.0063452377,0.0062943195,0.0062889138,0.0063471661,0.0063656032,0.0063424291,0.0063523833,0.0060236827,0.0060032266,0.0060489713,0.0063219947,0.0063581834,0.0063586422,0.0063190604,0.0063687313,0.0063145262,0.0063399250,0.0063415812,0.0063150993,0.0062468235,0.0062975217,0.0062431875,0.0060319031,0.0060213530,0.0059760096,0.0062451350,0.0063233179,0.0062944403,0.0063231851,0.0062686194,0.0063804782,0.0063372190,0.0062620796,0.0062827045,0.0062773008,0.0063442204,0.0063140042,0.0060151436,0.0060166685,0.0059040609,0.0062494114,0.0062672894,0.0062630390,0.0063061066,0.0062924383,0.0062681403,0.0062995718,0.0063869240,0.0062653274,0.0063802211,0.0062581955,0.0063384157,0.0060685551,0.0059115711,0.0059793391,0.0062624776,0.0063082062,0.0063002584,0.0063103341,0.0062488927,0.0062743264,0.0062761976,0.0063315999,0.0063895027,0.0063118128,0.0062975039,0.0063621328,0.0059628985,0.0059361561,0.0059965261,0.0063130361,0.0062986624,0.0063059379,0.0062593526,0.0062892911,0.0063185638,0.0063068822,0.0062705596,0.0062838907,0.0063114571,0.0062395379,0.0063229272,0.0060242543,0.0059565955,0.0059444630,0.0063051487,0.0062407051,0.0063499729,0.0062798775,0.0062644483,0.0062452410,0.0062850448,0.0063173571,0.0062928395,0.0062729017,0.0062513430,0.0062827926,0.0059374152,0.0059593305,0.0060894859,0.0063698257,0.0062909983,0.0062964197,0.0062794304,0.0062748900,0.0063066585,0.0063519918,0.0063275845,0.0062676793,0.0062111907,0.0063336797,0.0063963595,0.0059769973,0.0060557736,0.0060301400,0.0063577700,0.0063377782,0.0062605789,0.0062658395,0.0063035422,0.0062366219,0.0063016782,0.0062789806,0.0063819098,0.0062132311,0.0062946675,0.0063012487,0.0059130083,0.0059596820,0.0059590319,0.0063040726,0.0062186276,0.0062633034,0.0063473056,0.0063117062,0.0063122156,0.0063052215,0.0062469821,0.0062528133,0.0063480741,0.0062632155,0.0062952156,0.0059003040,0.0059455548,0.0059536625,0.0062289006,0.0062733033,0.0062833266,0.0063180433,0.0062377147,0.0063283262,0.0062443332,0.0062864715,0.0062201903,0.0063277213,0.0061636797,0.0063104274,0.0059953577,0.0059519040,0.0059763623,0.0062646211,0.0063032221,0.0062507964,0.0062791496,0.0062818265,0.0062766916,0.0062973094,0.0063303298,0.0063179026,0.0062710744,0.0062487049,0.0062357128,0.0059025090,0.0059317128,0.0059391604,0.0063164606,0.0062843743,0.0062562148,0.0062964004,0.0063095162,0.0062656745,0.0062739950,0.0063161320,0.0063095467,0.0062819371,0.0062611608,0.0062739883,0.0058997592,0.0058614763,0.0059366985,0.0062566541,0.0062467223,0.0062924747,0.0062729688,0.0063184475,0.0062382026,0.0062865068,0.0062452578,0.0062979677,0.0062556325,0.0061897507,0.0062485720,0.0059004927,0.0059415915,0.0062034455,0.0063132764,0.0062725047,0.0062425684,0.0062560379,0.0062750873,0.0062456316,0.0063382219,0.0062559053,0.0062795891,0.0062732331,0.0062469409,0.0062854003,0.0059205058,0.0059057194,0.0060310762,0.0062486064,0.0062392739,0.0062326565,0.0063001204,0.0063000727,0.0062432956,0.0062749346,0.0062922955,0.0063235733,0.0063121575,0.0062633454,0.0062429871,0.0059914889,0.0059021545,0.0059114040,0.0062963038,0.0062583072,0.0062175980,0.0062578531,0.0062922217,0.0062822114,0.0062273594,0.0062422989,0.0062174193,0.0062070534,0.0062569079,0.0062714539,0.0059435087,0.0059579802,0.0059186660,0.0053282674,0.0053229556,0.0052433896,0.0053093959,0.0052925263,0.0052471439,0.0053067739,0.0052788182,0.0053030157,0.0053046775,0.0053018135,0.0052351105,0.0049805695,0.0049616177,0.0053719832
9,1,18,31,27,22,8,4,33,25,47,40,17,30,24,30,8,4,9,18,15,32,35,6,24,39,38,31,10,29,25,33,27,1,26,37,2,46,34,36,28,22,41,42,43,32,40,14,16,27,46,45,33,23,44,3,16,44,3,19,21,25,13,44,45,12,20,15,19,28,9,30,11,16,21,32,35,41,47,22,18,1,24,31,5,8,19,23,5,10,42,47,38,11,36,37,34,21,17,26,14,3,14,20,7,35,7,13,39,7,11,10,43,4,0,6,43,12,6,0,42,2,12,29,0,41,5,23,40,20,29,17,13,45,15,26,36,37,28,39,39,38,28,26,34,2,46,37,36,38,9,25,1,18,2,0,33,37,39,4,2,34,2,24,0,2,44,26,28,9,37,37,1,39,46,33,47,34,41,13,3,14,36,27,7,26,21,17,42,4,20,27,30,9,43,20,28,38,36,22,12,8,24,14,18,28,14,16,15,21,22,16,28,30,18,36,40,6,40,31,18,34,5,8,0,8,34,37,21,9,5,42,5,33,16,34,33,44,14,1,30,46,47,17,36,11,39,26,28,41,0,38,23,26,25,30,2,25,24,34,22,23,39,7,5,26,4,6,37,35,29,28,13,22,11,40,41,37,4,2,33,45,42,32,7,35,35,21,1,44,27,38,15,10,8,39,23,10,29,19,47,0,9,29,38,26,43,38,9,31,12,34,40,28,11,2,24,38,15,40,34,24,19,8,6,18,31,17,47,39,23,1,42,4,32,6,17,46,31,27,30,46,27,4,31,46,45,1,19,33,40,3,13,10,5,44,26,46,18,22,17,30,29,41,12,2,3,26,31,36,8,7,36,38,10,43,25,43,15,34,25,32,20,10,13,11,47,12,9,45,25,27,47,25,37,8,31,46,35,39,36,46,33,20,4,45,30,18,27,32,28,17,19,24,22,16,7,1,2,3,21,12,24,15,16,11,6,3,20,14,23,22,13,19,17
0.0433624893,0.0449883816,0.0441898459,0.0428910763,0.0418938858,0.0335974183,0.0273445633,0.0269991198,0.0284889998,0.0396692807,0.0516588445,0.0547616355,0.0535613156,0.0494418285,0.0454252084,0.0714250632,0.0736896436,0.0730629504,0.0722787031,0.0655005364,0.0574866572,0.0477773903,0.0459398648,0.0495594220,0.0613030531,0.0821542531,0.0945554090,0.0810038922,0.0739933535,0.0690264889,0.0717717812,0.0725021406,0.0743246222,0.0768670219,0.0873088111,0.1018660961,0.1094337292,0.1138204328,0.1087889980,0.0969813935,0.0794447646,0.0703718568,0.0627115532,0.0624906767,0.0625453065,0.0687919768,0.0688890339,0.0698239716,0.0701790847,0.0695806230,0.0691835595,0.0698258271,0.0681485454,0.0697611582,0.0702370856,0.0696967270,0.0694954524,0.0620294993,0.0626183182,0.0624059699,0.0699632446,0.0693923648,0.0692678906,0.0692264943,0.0690244476,0.0695508995,0.0692259921,0.0695803647,0.0679988366,0.0689600039,0.0683478748,0.0680695424,0.0622968561,0.0611925502,0.0621709663,0.0694963209,0.0688769465,0.0691472145,0.0695140280,0.0683731514,0.0688343643,0.0686504343,0.0690164754,0.0688049984,0.0696527594,0.0686840449,0.0681266036,0.0630513258,0.0619764863,0.0620211784,0.0692661755,0.0698064443,0.0687712458,0.0688780955,0.0695229842,0.0690243266,0.0686528479,0.0691017858,0.0696403070,0.0694585397,0.0690427688,0.0693432689,0.0620582574,0.0619176783,0.0626370858,0.0687133081,0.0694371892,0.0687654947,0.0692683443,0.0696168823,0.0694365141,0.0697116038,0.0699176356,0.0692418033,0.0706221670,0.0700710341,0.0695288689,0.0617900720,0.0625315467,0.0621689948,0.0693286457,0.0699894828,0.0697211157,0.0698458019,0.0696135365,0.0698226514,0.0702352837,0.0700799350,0.0695473548,0.0699893410,0.0697568121,0.0702874526,0.0616992385,0.0626797372,0.0620913772,0.0170328728,0.0171219157,0.0171103760,0.0172214176,0.0170753755,0.0171494419,0.0173458133,0.0171359910,0.0173656437,0.0171940134,0.0171668122,0.0174182847,0.0163796375,0.0160812891,0.0163114627,0.0063979085,0.0063609376,0.0063835578,0.0063058487,0.0063694281,0.0063254693,0.0063254375,0.0062812583,0.0062924878,0.0063212486,0.0062350053,0.0063237384,0.0059782205,0.0060110207,0.0058936950,0.0062672688,0.0063213271,0.0062670256,0.0062726540,0.0062929305,0.0062922166,0.0062458196,0.0063157182,0.0062985957,0.0063649506,0.0062906790,0.0063519745,0.0059766311,0.0060198335,0.0060537544,0.0063212749,0.0063629119,0.0063021635,0.0063034860,0.0063790312,0.0063051065,0.0063508896,0.0063445598,0.0063174863,0.0062362881,0.0062936793,0.0062449180,0.0059783391,0.0060280909,0.0059703579,0.0062427472,0.0062687697,0.0062571415,0.0062617240,0.0062732344,0.0063916505,0.0063304183,0.0062494830,0.0062667150,0.0062678350,0.0063026008,0.0063204509,0.0060130880,0.0060319404,0.0059084795,0.0062516870,0.0062896867,0.0062393658,0.0062622837,0.0062947046,0.0062144993,0.0063123790,0.0063828397,0.0062671752,0.0063240504,0.0062545627,0.0062799417,0.0060658292,0.0058956111,0.0059837805,0.0062666134,0.0062700990,0.0062555213,0.0063158363,0.0062535689,0.0062741944,0.0062732692,0.0063231985,0.0063216009,0.0063067012,0.0062624492,0.0063155325,0.0059606312,0.0059236944,0.0060001734,0.0062700730,0.0062880968,0.0062933347,0.0062662536,0.0062271053,0.0063291741,0.0062604534,0.0062590588,0.0062618581,0.0063184904,0.0062394851,0.0062830370,0.0060420808,0.0059543143,0.0059386633,0.0062717664,0.0062284381,0.0063344468,0.0062677964,0.0062288207,0.0062568025,0.0062976900,0.0062710264,0.0062982155,0.0062684590,0.0062404016,0.0062747555,0.0059226066,0.0059198196,0.0060180843,0.0063298118,0.0062544725,0.0063129575,0.0062609778,0.0062746263,0.0063090679,0.0063584580,0.0062777012,0.0062857869,0.0062055454,0.0063006239,0.0064100344,0.0059823835,0.0059911134,0.0060350622,0.0063194426,0.0062850921,0.0062712419,0.0062583038,0.0063016247,0.0062213142,0.0062486875,0.0062836992,0.0063811863,0.0062173227,0.0062477128,0.0062991768,0.0059007731,0.0059228966,0.0059627999,0.0063136860,0.0062235388,0.0062633261,0.0063008006,0.0062808632,0.0063016771,0.0062960153,0.0062029347,0.0062598976,0.0063242419,0.0062724416,0.0062541338,0.0059093861,0.0058926604,0.0059666185,0.0062381526,0.0062781236,0.0062414729,0.0063335318,0.0062299923,0.0062875874,0.0062459614,0.0062929828,0.0062314027,0.0063264452,0.0061658198,0.0062730173,0.0059912491,0.0059692553,0.0059189638,0.0062717003,0.0062995468,0.0062619468,0.0062713139,0.0062342746,0.0062734502,0.0062830469,0.0063265035,0.0062765974,0.0062579519,0.0062277064,0.0062418912,0.0059107719,0.0059266113,0.0058957101,0.0063215611,0.0062733238,0.0062593989,0.0063110428,0.0062654453,0.0062840558,0.0062648707,0.0063111044,0.0063068461,0.0062839794,0.0062582312,0.0062745440,0.0059025466,0.0058587200,0.0059403864,0.0062567758,0.0062154740,0.0062522114,0.0062739953,0.0063221879,0.0062545968,0.0062888367,0.0062569363,0.0062684811,0.0061853605,0.0061922361,0.0062574537,0.0058464906,0.0059013207,0.0058751088,0.0063204547,0.0062639564,0.0062433610,0.0062571228,0.0062372633,0.0062424962,0.0062819483,0.0062508272,0.0062511153,0.0062635121,0.0062687957,0.0063039707,0.0059176605,0.0059066909,0.0060328308,0.0062511916,0.0062275295,0.0062357025,0.0062994693,0.0062524006,0.0062366902,0.0062341678,0.0062989513,0.0062634449,0.0062660600,0.0062149732,0.0062446306,0.0059463806,0.0058973864,0.0059175019,0.0063015387,0.0062479681,0.0062435708,0.0062471802,0.0062383612,0.0062408417,0.0062258930,0.0062450618,0.0062184497,0.0061965326,0.0062672274,0.0062801996,0.0059573486,0.0059567525,0.0059224050,0.0053381600,0.0053740446,0.0052367435,0.0053206627,0.0052818799,0.0052550338,0.0053030489,0.0052718636,0.0053035023,0.0053223314,0.0053049184,0.0052510678,0.0049989486,0.0049619617,0.0049599064
9,1,18,31,27,22,8,4,33,25,47,40,17,30,24,30,8,4,9,18,15,32,35,6,24,39,38,31,10,29,25,33,27,1,26,37,2,46,34,36,28,22,41,42,43,32,40,14,16,27,46,45,33,23,44,3,16,44,3,19,21,25,13,44,45,12,20,15,19,28,9,30,11,16,21,32,35,41,47,22,18,1,24,31,5,8,19,23,5,10,42,47,38,11,36,37,34,21,17,26,14,3,14,20,7,35,7,13,39,7,11,10,43,4,0,6,43,12,6,0,42,2,12,29,0,41,5,23,40,20,29,17,13,45,15,26,36,37,28,39,39,38,28,26,34,2,46,37,36,38,9,25,1,18,2,0,33,37,39,4,2,34,2,24,0,2,44,26,28,9,37,37,1,39,46,33,47,34,41,13,3,14,36,27,7,26,21,17,42,4,20,27,30,9,43,20,28,38,36,22,12,8,24,14,18,28,14,16,15,21,22,16,28,30,18,36,40,6,40,31,18,34,5,8,0,8,34,37,21,9,5,42,5,33,16,34,33,44,14,1,30,46,47,17,36,11,39,26,28,41,0,38,23,26,25,30,2,25,24,34,22,23,39,7,5,26,4,6,37,35,29,28,13,22,11,40,41,37,4,2,33,45,42,32,7,35,35,21,1,44,27,38,15,10,8,39,23,10,29,19,47,0,9,29,38,26,43,38,9,31,12,34,40,28,11,2,24,38,15,40,34,24,19,8,6,18,31,17,47,39,23,1,42,4,32,6,17,46,31,27,30,46,27,4,31,46,45,1,19,33,40,3,13,10,5,44,26,46,18,22,17,30,29,41,12,2,3,26,31,36,8,7,36,38,10,43,25,43,15,34,25,32,20,10,13,11,47,12,9,45,25,27,47,25,37,8,31,46,35,39,36,46,33,20,4,45,30,18,27,32,28,17,19,24,22,16,7,1,2,3,21,12,24,15,16,11,6,3,20,14,23,22,13,19,17
0.0436349318,0.0453582013,0.0450769799,0.0427508548,0.0358744994,0.0276383302,0.0268138188,0.0264625070,0.0268867546,0.0325304670,0.0502269738,0.0561165257,0.0559834997,0.0515835585,0.0458605835,0.0720604925,0.0736807923,0.0758060063,0.0656053589,0.0552854169,0.0457451732,0.0441086195,0.0433972046,0.0436704102,0.0511337002,0.0772306268,0.0947951167,0.0827478969,0.0752436728,0.0696106136,0.0726634629,0.0738638097,0.0759930038,0.0850096217,0.0991355084,0.1129750579,0.1137116874,0.1161037839,0.1140131577,0.1077675122,0.0858837232,0.0719224092,0.0621945405,0.0625245949,0.0621043901,0.0687624379,0.0693184635,0.0694059454,0.0700808361,0.0692350329,0.0691533529,0.0701257808,0.0685125304,0.0698402959,0.0701816342,0.0691851810,0.0695860830,0.0618585300,0.0619468476,0.0622720536,0.0694673468,0.0697010840,0.0695414432,0.0689868010,0.0692267205,0.0696989843,0.0691341693,0.0695156124,0.0687689155,0.0688347235,0.0686176176,0.0690732423,0.0627063147,0.0612004290,0.0614809563,0.0689193678,0.0683176571,0.0697377516,0.0692997950,0.0688658530,0.0693376337,0.0690027156,0.0686088396,0.0689489324,0.0699080831,0.0685227892,0.0684076115,0.0628145769,0.0620112544,0.0622802564,0.0689942718,0.0695343510,0.0690724915,0.0691554496,0.0695909848,0.0691670127,0.0687750015,0.0693456003,0.0698561323,0.0693594333,0.0689577477,0.0689548485,0.0621304333,0.0619792017,0.0628510019,0.0686345823,0.0697678175,0.0691336733,0.0699289093,0.0693572123,0.0691119053,0.0697740987,0.0697781759,0.0692005211,0.0701873605,0.0699896951,0.0696256854,0.0625550494,0.0625170344,0.0619946229,0.0692230645,0.0702179344,0.0699964375,0.0700870083,0.0691511270,0.0698634207,0.0699947260,0.0702673387,0.0697141450,0.0696499738,0.0696305573,0.0700116469,0.0621998310,0.0624263867,0.0619239337,0.0170319406,0.0171091424,0.0171992716,0.0171694634,0.0171306039,0.0171582494,0.0172677357,0.0171738419,0.0173261073,0.0171738337,0.0171454626,0.0174319330,0.0163641983,0.0161180026,0.0163477139,0.0063909052,0.0063603504,0.0064840283,0.0062927814,0.0063769174,0.0063315135,0.0063197377,0.0062838179,0.0062842269,0.0063127461,0.0062472329,0.0063272466,0.0059954375,0.0059976237,0.0059025601,0.0062852196,0.0063426840,0.0062578387,0.0062776876,0.0062754932,0.0062861071,0.0062284114,0.0063101223,0.0063006278,0.0063637022,0.0062885948,0.0063522638,0.0059801387,0.0060092626,0.0060375554,0.0063131028,0.0063435095,0.0062984583,0.0063051110,0.0063734580,0.0062953375,0.0063478517,0.0063333552,0.0063166421,0.0062311515,0.0062902081,0.0062464022,0.0059673381,0.0060172698,0.0059775603,0.0062304376,0.0062683842,0.0062469731,0.0062560183,0.0062719049,0.0063776823,0.0063281857,0.0062428253,0.0062720986,0.0062597878,0.0062926734,0.0063016117,0.0060195069,0.0060154387,0.0059057498,0.0062559348,0.0062695551,0.0062227622,0.0062535721,0.0062947624,0.0062057733,0.0063041965,0.0063720240,0.0062742090,0.0063208035,0.0062513469,0.0062890887,0.0060608948,0.0058938421,0.0059774702,0.0062600470,0.0062514016,0.0062516006,0.0063211751,0.0062536452,0.0062760509,0.0062712662,0.0063241405,0.0063310180,0.0062986859,0.0062559914,0.0063150171,0.0059682146,0.0059290570,0.0059926081,0.0062526269,0.0062732843,0.0062978394,0.0062568289,0.0062244965,0.0063154382,0.0062523531,0.0062588190,0.0062442341,0.0063215218,0.0062543846,0.0062739243,0.0060276189,0.0059471128,0.0059381168,0.0062612870,0.0062386780,0.0063262498,0.0062637146,0.0062179715,0.0062503461,0.0062924295,0.0062647027,0.0062853543,0.0062549217,0.0062295759,0.0062679640,0.0059207264,0.0059201364,0.0060096717,0.0063324661,0.0062478494,0.0062891333,0.0062681149,0.0062757098,0.0063086700,0.0063499925,0.0062839315,0.0062675101,0.0062004388,0.0062992086,0.0064005085,0.0059850001,0.0059960868,0.0060287261,0.0063140937,0.0062766705,0.0062596456,0.0062711367,0.0063077898,0.0062253445,0.0062558999,0.0062703508,0.0063695870,0.0062130874,0.0062462914,0.0062927076,0.0059001915,0.0059229502,0.0059666082,0.0063033999,0.0062307228,0.0062678385,0.0063003300,0.0062743595,0.0062892131,0.0063028939,0.0061998460,0.0062527445,0.0063178620,0.0062497187,0.0062719902,0.0058968851,0.0059044808,0.0059395268,0.0062419559,0.0062654941,0.0062452698,0.0063266131,0.0062405078,0.0062811553,0.0062283575,0.0062841232,0.0062153413,0.0063034205,0.0061644053,0.0062696765,0.0059826960,0.0059517014,0.0059143399,0.0062728072,0.0063020298,0.0062535270,0.0062535874,0.0062320932,0.0062596279,0.0062854421,0.0063217394,0.0062754843,0.0062678610,0.0062229885,0.0062317711,0.0059060756,0.0059205735,0.0058976921,0.0063081157,0.0062756812,0.0062601352,0.0062933502,0.0062568360,0.0062706361,0.0062700826,0.0063070324,0.0062864040,0.0062769577,0.0062541313,0.0062632075,0.0058875487,0.0058558061,0.0059299060,0.0062403233,0.0062157970,0.0062503742,0.0062805693,0.0063205425,0.0062540892,0.0062826685,0.0062343065,0.0062642200,0.0061851624,0.0061888683,0.0062437929,0.0058420311,0.0058989722,0.0058690432,0.0063280069,0.0062680361,0.0062577454,0.0062430256,0.0062440303,0.0062326573,0.0062820143,0.0062430414,0.0062594336,0.0062542920,0.0062530053,0.0062955714,0.0059392697,0.0059128606,0.0060373063,0.0062362250,0.0062307901,0.0062427909,0.0062908782,0.0062407469,0.0062329869,0.0062326584,0.0062885264,0.0062676690,0.0062647722,0.0062120610,0.0062420337,0.0059422551,0.0058956993,0.0059080671,0.0062929149,0.0062430226,0.0062265828,0.0062523432,0.0062467104,0.0062422836,0.0062227045,0.0062363989,0.0062174243,0.0061894822,0.0062565865,0.0062673439,0.0059502234,0.0059595519,0.0059174251,0.0053374156,0.0053168323,0.0052202542,0.0053040650,0.0052772261,0.0052284413,0.0052970763,0.0052831337,0.0053097424,0.0053014595,0.0052955251,0.0052336241,0.0049828783,0.0049491803,0.0049556032
9,1,18,31,27,22,8,4,33,25,47,40,17,30,24,30,8,4,9,18,15,32,35,6,24,39,38,31,10,29,25,33,27,1,26,37,2,46,34,36,28,22,41,42,43,32,40,14,16,27,46,45,33,23,44,3,16,44,3,19,21,25,13,44,45,12,20,15,19,28,9,30,11,16,21,32,35,41,47,22,18,1,24,31,5,8,19,23,5,10,42,47,38,11,36,37,34,21,17,26,14,3,14,20,7,35,7,13,39,7,11,10,43,4,0,6,43,12,6,0,42,2,12,29,0,41,5,23,40,20,29,17,13,45,15,26,36,37,28,39,39,38,28,26,34,2,46,37,36,38,9,25,1,18,2,0,33,37,39,4,2,34,2,24,0,2,44,26,28,9,37,37,1,39,46,33,47,34,41,13,3,14,36,27,7,26,21,17,42,4,20,27,30,9,43,20,28,38,36,22,12,8,24,14,18,28,14,16,15,21,22,16,28,30,18,36,40,6,40,31,18,34,5,8,0,8,34,37,21,9,5,42,5,33,16,34,33,44,14,1,30,46,47,17,36,11,39,26,28,41,0,38,23,26,25,30,2,25,24,34,22,23,39,7,5,26,4,6,37,35,29,28,13,22,11,40,41,37,4,2,33,45,42,32,7,35,35,21,1,44,27,38,15,10,8,39,23,10,29,19,47,0,9,29,38,26,43,38,9,31,12,34,40,28,11,2,24,38,15,40,34,24,19,8,6,18,31,17,47,39,23,1,42,4,32,6,17,46,31,27,30,46,27,4,31,46,45,1,19,33,40,3,13,10,5,44,26,46,18,22,17,30,29,41,12,2,3,26,31,36,8,7,36,38,10,43,25,43,15,34,25,32,20,10,13,11,47,12,9,45,25,27,47,25,37,8,31,46,35,39,36,46,33,20,4,45,30,18,27,32,28,17,19,24,22,16,7,1,2,3,21,12,24,15,16,11,6,3,20,14,23,22,13,19,17
0.0435116849,0.0455270084,0.0463335887,0.0425015891,0.0323974663,0.0271370212,0.0266047368,0.0272514748,0.0267409835,0.0312088851,0.0492937457,0.0586097473,0.0559967909,0.0499867487,0.0461473755,0.0708113981,0.0735852550,0.0718996636,0.0605339346,0.0505573854,0.0459827731,0.0444099650,0.0436211073,0.0443362511,0.0514536833,0.0774567775,0.0961259613,0.0832646541,0.0748793855,0.0690861601,0.0713468025,0.0731213081,0.0782651213,0.0888613166,0.1018135735,0.1108196037,0.1158047201,0.1148076512,0.1127999498,0.1077474882,0.0856559567,0.0709405538,0.0617054971,0.0614848359,0.0618296968,0.0690095797,0.0702854281,0.0697814778,0.0688013069,0.0687861560,0.0692164068,0.0688884205,0.0698630482,0.0694290487,0.0700259813,0.0698301868,0.0701121860,0.0619293233,0.0624285103,0.0623563395,0.0698109812,0.0695870000,0.0687790701,0.0697970396,0.0692709240,0.0690482951,0.0683527138,0.0696623673,0.0692104932,0.0697292761,0.0694186749,0.0693129689,0.0622006529,0.0615680505,0.0615048863,0.0687193108,0.0694258513,0.0697147729,0.0699326713,0.0690840630,0.0698663176,0.0696348000,0.0691629989,0.0688985935,0.0699521894,0.0691358266,0.0690211568,0.0611823930,0.0616938478,0.0616796467,0.0690643858,0.0687785922,0.0689424745,0.0696815149,0.0683521712,0.0696545787,0.0688042961,0.0693245507,0.0691425887,0.0703027047,0.0696128238,0.0690270646,0.0621817758,0.0618815969,0.0613603954,0.0690739622,0.0698769377,0.0693392012,0.0703310018,0.0697631297,0.0690377499,0.0698710474,0.0695265743,0.0695658348,0.0694056151,0.0701142640,0.0704962827,0.0615383897,0.0636180070,0.0622022095,0.0695314631,0.0700511829,0.0694258429,0.0703523078,0.0699933518,0.0696982688,0.0694342948,0.0693587792,0.0699881921,0.0705586754,0.0700554878,0.0691822946,0.0625357243,0.0629290083,0.0630566893,0.0170260442,0.0170600242,0.0171926149,0.0171637769,0.0171598265,0.0171783036,0.0170965261,0.0172342556,0.0173050282,0.0174790221,0.0172357789,0.0168979030,0.0161773464,0.0166435797,0.0163024335,0.0063287909,0.0063075132,0.0063815042,0.0063475146,0.0063218311,0.0062775962,0.0062849341,0.0063335611,0.0063134622,0.0063339891,0.0063111260,0.0063337527,0.0059722721,0.0060251105,0.0059407570,0.0063239606,0.0062022417,0.0063348847,0.0063357679,0.0062987634,0.0064190704,0.0062901093,0.0062554419,0.0063647528,0.0063748261,0.0062261983,0.0062990565,0.0060530426,0.0059997537,0.0059182922,0.0063612281,0.0064081913,0.0062398544,0.0062845421,0.0063455442,0.0063891650,0.0063514037,0.0062778927,0.0063526910,0.0062827865,0.0062695135,0.0062454713,0.0060218576,0.0060506813,0.0059716761,0.0062916667,0.0062474666,0.0063526713,0.0062557797,0.0062630871,0.0062917764,0.0063127321,0.0063470194,0.0062789422,0.0063037179,0.0063134967,0.0062445808,0.0059952610,0.0059913387,0.0059655747,0.0063058960,0.0063116139,0.0062606409,0.0062810611,0.0063578810,0.0062402122,0.0063065990,0.0063002373,0.0063383930,0.0063017309,0.0062330472,0.0063650664,0.0059742026,0.0060417609,0.0059649749,0.0062801128,0.0063314607,0.0063099744,0.0062785897,0.0062741959,0.0063458756,0.0063459646,0.0063289232,0.0062546892,0.0062790858,0.0062620543,0.0063384723,0.0058975477,0.0059844628,0.0059645993,0.0063233041,0.0063401640,0.0063386548,0.0063419932,0.0062942746,0.0062880705,0.0062431871,0.0063060369,0.0063739516,0.0063030747,0.0063811484,0.0063320149,0.0059443766,0.0058972436,0.0059983678,0.0062239473,0.0062423970,0.0062899464,0.0062722010,0.0062780725,0.0062457533,0.0062807332,0.0063138267,0.0062740845,0.0063409778,0.0063065525,0.0062944884,0.0058874730,0.0059204463,0.0059555885,0.0061997766,0.0063079556,0.0062522765,0.0063255623,0.0062925118,0.0063074954,0.0062841481,0.0063179438,0.0063376134,0.0062624168,0.0062897093,0.0062955677,0.0059930523,0.0059496190,0.0058896728,0.0062129784,0.0063784698,0.0062820065,0.0062043987,0.0062378659,0.0062246083,0.0063232072,0.0062018939,0.0062826520,0.0062451049,0.0063367748,0.0062730758,0.0059177054,0.0058988510,0.0059687131,0.0062635375,0.0063029211,0.0061771397,0.0062952581,0.0063614278,0.0062839863,0.0062486911,0.0062531415,0.0061599557,0.0062333393,0.0062112055,0.0062659068,0.0059423818,0.0059008253,0.0058650620,0.0062889626,0.0062740110,0.0063081080,0.0062245145,0.0063363655,0.0062647015,0.0062573438,0.0063347852,0.0062608118,0.0062523790,0.0063224496,0.0062860079,0.0059343241,0.0059862921,0.0059121896,0.0062678222,0.0062970405,0.0062049101,0.0062438303,0.0063202588,0.0063200868,0.0063204547,0.0062837880,0.0063013619,0.0062548936,0.0061973694,0.0062806130,0.0058880483,0.0059082706,0.0058867403,0.0062648839,0.0062709149,0.0063131317,0.0062468185,0.0062555209,0.0062176782,0.0063173229,0.0062994713,0.0062828370,0.0063185531,0.0062653423,0.0062924821,0.0059723901,0.0059234429,0.0058795786,0.0062796272,0.0062372497,0.0062627824,0.0062855156,0.0062875689,0.0062874472,0.0063380653,0.0062836446,0.0061998361,0.0061588247,0.0062578249,0.0063216295,0.0059533187,0.0059020334,0.0059114263,0.0062311423,0.0061985744,0.0062873727,0.0062192566,0.0062417210,0.0062300828,0.0063050104,0.0062897745,0.0062481318,0.0062794288,0.0062583911,0.0061926365,0.0059402770,0.0058853226,0.0058960649,0.0063088507,0.0062800646,0.0062752027,0.0062456733,0.0062501806,0.0062517699,0.0062322959,0.0062868655,0.0062719808,0.0062438834,0.0062546480,0.0062816127,0.0058825927,0.0059829025,0.0059437025,0.0062534545,0.0062285818,0.0062351558,0.0063063572,0.0062444553,0.0062935939,0.0062565698,0.0062966665,0.0061834420,0.0062407778,0.0062564327,0.0062303229,0.0059022083,0.0058985764,0.0058780737,0.0053278296,0.0053280789,0.0052854759,0.0052610265,0.0052969037,0.0052888682,0.0052734132,0.0052571762,0.0052936601,0.0053139580,0.0052334248,0.0053611279,0.0049430892,0.0050163173,0.0049476282
34,35,38,27,1,43,40,11,15,22,42,46,4,37,30,34,27,43,29,3,32,41,31,36,39,40,24,11,22,5,31,1,15,2,33,29,23,28,26,25,13,36,8,45,12,15,10,20,32,45,4,35,24,18,30,6,14,0,21,6,17,7,14,38,44,8,46,5,43,1,11,39,28,14,5,31,25,10,19,27,9,30,2,34,16,13,33,26,18,7,42,0,35,21,0,16,22,7,12,47,41,36,10,16,23,40,19,3,21,8,32,45,44,12,42,4,17,44,47,19,18,38,46,39,37,6,37,41,9,47,20,3,9,20,17,23,22,33,13,25,43,24,2,13,15,40,2,26,1,11,24,32,29,31,38,15,32,16,1,25,27,41,10,18,25,0,27,12,8,20,5,41,24,42,33,22,31,7,19,5,26,28,38,2,36,35,29,24,30,13,26,24,47,17,4,43,32,26,7,40,41,43,1,42,17,29,43,1,21,27,15,33,35,41,34,27,1,35,13,34,32,23,11,5,15,1,33,34,35,43,7,39,38,13,39,4,28,20,37,9,37,44,37,9,37,29,36,18,14,36,45,46,0,43,39,2,8,39,5,33,30,28,14,2,47,42,29,35,33,16,2,28,24,31,4,23,30,21,25,26,40,28,8,12,2,27,6,21,38,11,38,20,36,34,29,23,30,24,36,45,15,44,27,41,45,25,13,25,38,31,29,41,14,26,41,19,23,22,40,12,12,40,17,30,4,14,34,6,46,31,43,46,40,42,47,16,3,37,47,28,36,45,28,34,22,22,15,0,33,8,37,35,3,11,9,46,3,3,0,38,10,31,31,10,33,44,19,7,11,22,23,5,1,23,2,42,30,10,2,11,20,18,3,19,13,39,36,40,30,3,6,46,17,27,18,4,15,14,26,22,28,16,42,11,29,32,0,39,35,25,21,34,9,32,24,6,24,44,13,32,17,21,4,18,9,7,12,8,16,19,10,6,15,13,20
0.0436374951,0.0447456408,0.0463074737,0.0412263057,0.0279207512,0.0267357376,0.0264655211,0.0266250406,0.0263376185,0.0299416217,0.0476161070,0.0607791336,0.0571030722,0.0503578971,0.0459265254,0.0711490397,0.0721199710,0.0664179331,0.0577887915,0.0470097849,0.0450993402,0.0443776858,0.0426487421,0.0439427266,0.0513615874,0.0777723444,0.0970990373,0.0857329523,0.0759586219,0.0701351062,0.0732777269,0.0784545027,0.0842480893,0.0934497271,0.1060187707,0.1109282633,0.1071143664,0.1027734909,0.1081441618,0.1073156315,0.0855595717,0.0709898618,0.0614813253,0.0613385869,0.0612687528,0.0682735706,0.0695659674,0.0696206241,0.0683631366,0.0690092281,0.0687904662,0.0780729827,0.0818292139,0.0740054196,0.0695834268,0.0696933005,0.0689972954,0.0613603007,0.0624751704,0.0622583664,0.0696795392,0.0696815785,0.0685059843,0.0693649509,0.0690651460,0.0689012782,0.0688930129,0.0692933487,0.0685986843,0.0689968745,0.0690702693,0.0697686151,0.0618108091,0.0611778220,0.0615658555,0.0690743025,0.0692695226,0.0694193513,0.0692439121,0.0684907064,0.0694620447,0.0695193115,0.0690439561,0.0690748137,0.0692799324,0.0687530764,0.0686885961,0.0618813801,0.0613525911,0.0615404107,0.0693934405,0.0687178636,0.0684369759,0.0684978829,0.0687208463,0.0688183944,0.0685388046,0.0694648772,0.0691389616,0.0697311109,0.0694259875,0.0689267823,0.0620820393,0.0617078668,0.0609691352,0.0696007479,0.0696181149,0.0692496304,0.0693585300,0.0691529192,0.0689448291,0.0693754044,0.0689249483,0.0691887064,0.0688363508,0.0697283128,0.0701772538,0.0612027265,0.0633354008,0.0619518136,0.0692496462,0.0701535734,0.0696029168,0.0699387838,0.0698256504,0.0695408126,0.0697470632,0.0700855904,0.0691946981,0.0699179430,0.0698015203,0.0692038440,0.0622113773,0.0617878056,0.0626353619,0.0170393605,0.0171034549,0.0171077516,0.0171391269,0.0171126776,0.0171420543,0.0171988730,0.0172422878,0.0172760746,0.0174051444,0.0172235171,0.0169005296,0.0162627018,0.0166250029,0.0162502646,0.0063226155,0.0063057030,0.0063893660,0.0063577925,0.0063342155,0.0062627536,0.0062874724,0.0063367566,0.0063154608,0.0063452201,0.0063193386,0.0063534104,0.0059571570,0.0060247242,0.0059466710,0.0063251051,0.0062134481,0.0063538509,0.0063314600,0.0063048199,0.0064181809,0.0063037908,0.0062367006,0.0063636119,0.0063787101,0.0062222275,0.0063062086,0.0060521692,0.0059930363,0.0059208836,0.0063705581,0.0064200376,0.0062453562,0.0062662085,0.0063566893,0.0063856008,0.0063547146,0.0062684787,0.0063599639,0.0062847076,0.0062702851,0.0062490344,0.0060356024,0.0060572173,0.0059650227,0.0063043595,0.0062405136,0.0063382061,0.0062585918,0.0062701798,0.0063015800,0.0063080239,0.0063511731,0.0062774973,0.0063058101,0.0063230534,0.0062575675,0.0059931108,0.0059860221,0.0059708013,0.0063142617,0.0063136301,0.0062456626,0.0063089576,0.0063512637,0.0062523121,0.0062920259,0.0062986307,0.0063070550,0.0062919572,0.0062426023,0.0063649942,0.0059665905,0.0060337368,0.0059563921,0.0062771402,0.0063434798,0.0063109873,0.0062803029,0.0062891858,0.0063429457,0.0063487302,0.0063237022,0.0062608194,0.0062797118,0.0062695548,0.0063587915,0.0059022282,0.0059794713,0.0059742115,0.0063173349,0.0063538052,0.0063317576,0.0063542888,0.0062799567,0.0063088438,0.0062619927,0.0063016204,0.0063815112,0.0063142730,0.0063910723,0.0063405810,0.0059429859,0.0059045074,0.0060021680,0.0062278125,0.0062330235,0.0062822763,0.0062765298,0.0062812844,0.0062483646,0.0062868671,0.0062887785,0.0062814765,0.0063462749,0.0063150070,0.0063152097,0.0058761005,0.0059152148,0.0059532131,0.0061958852,0.0063398608,0.0062526397,0.0063263048,0.0062929569,0.0062952148,0.0062782692,0.0063213298,0.0063244053,0.0062668457,0.0063083238,0.0063086543,0.0059713369,0.0059503119,0.0058910569,0.0062380388,0.0063832603,0.0062834872,0.0062140264,0.0062459226,0.0062282225,0.0063110994,0.0062126651,0.0063071382,0.0062625007,0.0063297487,0.0062725259,0.0059173210,0.0058973400,0.0059612268,0.0062623510,0.0063006310,0.0061866534,0.0063184655,0.0063638828,0.0062810991,0.0062377266,0.0062553296,0.0061675678,0.0062555179,0.0062282318,0.0062688251,0.0059401802,0.0059248873,0.0058816725,0.0062820637,0.0062736672,0.0062982247,0.0062443847,0.0063464280,0.0062664887,0.0062844734,0.0063317670,0.0062721402,0.0062397366,0.0063083146,0.0062843666,0.0059403289,0.0059961424,0.0059345858,0.0062755053,0.0063315864,0.0062112921,0.0062585818,0.0063215500,0.0063128568,0.0063235034,0.0062841864,0.0063068680,0.0062815756,0.0062137531,0.0063000680,0.0058934020,0.0059099188,0.0058859154,0.0062628840,0.0062576342,0.0063051517,0.0062536625,0.0062405987,0.0062356565,0.0062411748,0.0062972398,0.0062798677,0.0063265157,0.0062620960,0.0062873770,0.0059677138,0.0059178339,0.0058785933,0.0062835935,0.0062401039,0.0062765832,0.0062945025,0.0062893990,0.0062949268,0.0063429462,0.0062868822,0.0062002480,0.0061605180,0.0062744270,0.0063245448,0.0059512278,0.0058943672,0.0059274400,0.0062485982,0.0061990150,0.0062965267,0.0062074914,0.0062398100,0.0062265062,0.0063165107,0.0062812677,0.0062517028,0.0062483474,0.0062576972,0.0061903069,0.0059417117,0.0058904251,0.0059000772,0.0063110822,0.0062946618,0.0062654244,0.0062600969,0.0062516325,0.0062455737,0.0062329478,0.0062741935,0.0062634677,0.0062389732,0.0062725610,0.0062839223,0.0058771524,0.0059759092,0.0059490021,0.0062509576,0.0062173319,0.0062466013,0.0062739523,0.0062543814,0.0063032223,0.0062511919,0.0062990325,0.0061758002,0.0062289412,0.0062789721,0.0062339383,0.0059336477,0.0058994550,0.0058912272,0.0053296733,0.0053314270,0.0052994204,0.0052677627,0.0052978905,0.0052889779,0.0052846461,0.0052526351,0.0053001256,0.0053182993,0.0052320383,0.0053577561,0.0049510668,0.0050088836,0.0049500040
34,35,38,27,1,43,40,11,15,22,42,46,4,37,30,34,27,43,29,3,32,41,31,36,39,40,24,11,22,5,31,1,15,2,33,29,23,28,26,25,13,36,8,45,12,15,10,20,32,45,4,35,24,18,30,6,14,0,21,6,17,7,14,38,44,8,46,5,43,1,11,39,28,14,5,31,25,10,19,27,9,30,2,34,16,13,33,26,18,7,42,0,35,21,0,16,22,7,12,47,41,36,10,16,23,40,19,3,21,8,32,45,44,12,42,4,17,44,47,19,18,38,46,39,37,6,37,41,9,47,20,3,9,20,17,23,22,33,13,25,43,24,2,13,15,40,2,26,1,11,24,32,29,31,38,15,32,16,1,25,27,41,10,18,25,0,27,12,8,20,5,41,24,42,33,22,31,7,19,5,26,28,38,2,36,35,29,24,30,13,26,24,47,17,4,43,32,26,7,40,41,43,1,42,17,29,43,1,21,27,15,33,35,41,34,27,1,35,13,34,32,23,11,5,15,1,33,34,35,43,7,39,38,13,39,4,28,20,37,9,37,44,37,9,37,29,36,18,14,36,45,46,0,43,39,2,8,39,5,33,30,28,14,2,47,42,29,35,33,16,2,28,24,31,4,23,30,21,25,26,40,28,8,12,2,27,6,21,38,11,38,20,36,34,29,23,30,24,36,45,15,44,27,41,45,25,13,25,38,31,29,41,14,26,41,19,23,22,40,12,12,40,17,30,4,14,34,6,46,31,43,46,40,42,47,16,3,37,47,28,36,45,28,34,22,22,15,0,33,8,37,35,3,11,9,46,3,3,0,38,10,31,31,10,33,44,19,7,11,22,23,5,1,23,2,42,30,10,2,11,20,18,3,19,13,39,36,40,30,3,6,46,17,27,18,4,15,14,26,22,28,16,42,11,29,32,0,39,35,25,21,34,9,32,24,6,24,44,13,32,17,21,4,18,9,7,12,8,16,19,10,6,15,13,20
0.0438290247,0.0441708172,0.0453168592,0.0400820918,0.0268706528,0.0266102184,0.0267444481,0.0269306197,0.0266379005,0.0295892358,0.0465438927,0.0598271653,0.0572184640,0.0514506851,0.0464607318,0.0713465677,0.0690870795,0.0661388826,0.0568134838,0.0443211946,0.0438762783,0.0433821308,0.0426397337,0.0433660889,0.0513619455,0.0759162316,0.1001615291,0.0892980981,0.0785137681,0.0713604134,0.0740895661,0.0835294928,0.0884021882,0.0969614415,0.1081659780,0.1045738633,0.0955258534,0.0920644201,0.0971534613,0.1079978016,0.0859222731,0.0720370897,0.0610502857,0.0612148325,0.0611050359,0.0688846731,0.0696147434,0.0696755874,0.0686832420,0.0689781139,0.0771361274,0.0890524623,0.0922829495,0.0852850577,0.0713847820,0.0687330939,0.0694759483,0.0612749352,0.0624965866,0.0620800777,0.0697792452,0.0696482576,0.0688124166,0.0694855118,0.0691289122,0.0691691848,0.0692959563,0.0695216226,0.0683010807,0.0692499033,0.0690327071,0.0687530225,0.0619252988,0.0613475224,0.0613151552,0.0689398746,0.0692272745,0.0690581196,0.0696610664,0.0689595727,0.0689986698,0.0692368278,0.0687909376,0.0684327527,0.0694946787,0.0686226044,0.0688186395,0.0617966790,0.0611020682,0.0618085403,0.0690999519,0.0685305702,0.0691323466,0.0690373811,0.0692111821,0.0691701660,0.0690147302,0.0686482098,0.0693866549,0.0695428801,0.0696247771,0.0690217385,0.0621739652,0.0613524108,0.0610609093,0.0695011447,0.0701908105,0.0693038176,0.0697619886,0.0694138470,0.0691374627,0.0696254754,0.0690470889,0.0696655479,0.0693279145,0.0693772949,0.0703450468,0.0620129352,0.0626488826,0.0617769976,0.0688783409,0.0697143388,0.0699705417,0.0696219492,0.0701095155,0.0698348680,0.0695847198,0.0697358954,0.0690618231,0.0696556088,0.0699362686,0.0690309472,0.0623216601,0.0626948110,0.0626789451,0.0170511344,0.0170944556,0.0171092341,0.0170824831,0.0171414821,0.0171853911,0.0171827866,0.0171755214,0.0172604939,0.0174412105,0.0171969830,0.0168995932,0.0163564583,0.0165714739,0.0162397147,0.0063261989,0.0062993734,0.0063689377,0.0063531237,0.0063239375,0.0062552248,0.0062813141,0.0063438447,0.0062963553,0.0063325815,0.0063327410,0.0063423334,0.0059729876,0.0060197888,0.0059479722,0.0063047752,0.0062134061,0.0063336718,0.0063329532,0.0062936117,0.0064038545,0.0062993373,0.0062359780,0.0063634639,0.0063686856,0.0062235284,0.0062959436,0.0060487506,0.0060016923,0.0059032472,0.0063620898,0.0064053167,0.0062431466,0.0062612831,0.0063502936,0.0063772148,0.0063359549,0.0062707954,0.0063475710,0.0062753965,0.0062759748,0.0062342574,0.0060245674,0.0060536112,0.0059655255,0.0062962102,0.0062265151,0.0063372498,0.0062545555,0.0062568532,0.0063007312,0.0063020957,0.0063312302,0.0062747543,0.0062978383,0.0063135029,0.0062494295,0.0059798052,0.0060033884,0.0059608978,0.0063024641,0.0066362280,0.0062432936,0.0062839797,0.0063645384,0.0062420156,0.0062840280,0.0063114228,0.0063046640,0.0062968075,0.0062349100,0.0063601032,0.0059630889,0.0060199820,0.0059493143,0.0062624910,0.0063409191,0.0063134933,0.0062681700,0.0062999336,0.0063294881,0.0063528162,0.0063211241,0.0062510334,0.0062795923,0.0062520964,0.0063296394,0.0058818630,0.0059833645,0.0059746514,0.0063124703,0.0063479027,0.0063346502,0.0063230972,0.0062814692,0.0062929648,0.0062480872,0.0062933588,0.0063645452,0.0062999325,0.0063857697,0.0063354504,0.0059347306,0.0058949045,0.0059851658,0.0062275182,0.0062363248,0.0062879518,0.0062715226,0.0062816500,0.0062408301,0.0062684756,0.0062777377,0.0062667921,0.0063383976,0.0063061691,0.0063085709,0.0058779356,0.0059160207,0.0059589721,0.0061812159,0.0063068916,0.0062574356,0.0063211941,0.0062921224,0.0062921922,0.0062699996,0.0063286134,0.0063221504,0.0062666836,0.0062901417,0.0062886636,0.0059588512,0.0059411414,0.0058789987,0.0062107994,0.0063732842,0.0062871230,0.0062029095,0.0062422404,0.0062142960,0.0063194752,0.0061952125,0.0062944464,0.0062345854,0.0063263318,0.0062717279,0.0059162615,0.0058914484,0.0059678127,0.0062633934,0.0062930810,0.0061732691,0.0063092823,0.0063597699,0.0062773786,0.0062435483,0.0062670134,0.0061643555,0.0062313742,0.0062008045,0.0062542302,0.0059237940,0.0059073605,0.0058762839,0.0062887716,0.0062693937,0.0062976929,0.0062304813,0.0063499701,0.0062671652,0.0062637979,0.0063389551,0.0062587801,0.0062366808,0.0063053367,0.0062846408,0.0059332399,0.0059846361,0.0059130944,0.0062828560,0.0063055174,0.0062098632,0.0062529139,0.0063074371,0.0062985473,0.0063083753,0.0062751605,0.0062973056,0.0062623812,0.0062112986,0.0062931837,0.0058821828,0.0059088347,0.0058746616,0.0062659398,0.0062560537,0.0062988509,0.0062463973,0.0062360353,0.0062178407,0.0062522615,0.0062845001,0.0062877410,0.0063226539,0.0062685612,0.0062835770,0.0059500652,0.0059129044,0.0058740354,0.0062839591,0.0062313115,0.0062585165,0.0062851585,0.0062925653,0.0062850060,0.0063347474,0.0062794824,0.0061869156,0.0061542700,0.0062638321,0.0063038238,0.0059389408,0.0058866190,0.0059121491,0.0062319815,0.0061912127,0.0062964024,0.0061980184,0.0062429839,0.0062309965,0.0063106921,0.0062773976,0.0062501031,0.0062478760,0.0062567278,0.0061935734,0.0059549682,0.0058983010,0.0058875958,0.0063164552,0.0062872092,0.0062652563,0.0062613171,0.0062669789,0.0062380129,0.0062461921,0.0062605059,0.0062715652,0.0062377060,0.0062436665,0.0062741477,0.0058679254,0.0059663471,0.0059335189,0.0062487673,0.0062134602,0.0062314426,0.0062736274,0.0062462631,0.0063036372,0.0062512780,0.0062989519,0.0061787086,0.0062430752,0.0062519445,0.0062345031,0.0059062008,0.0059021572,0.0058745374,0.0053275704,0.0053359806,0.0052851893,0.0052667994,0.0052948935,0.0052865166,0.0052718790,0.0052501762,0.0052987751,0.0053256152,0.0052281995,0.0053573409,0.0049383644,0.0050013869,0.0049526302
34,35,38,27,1,43,40,11,15,22,42,46,4,37,30,34,27,43,29,3,32,41,31,36,39,40,24,11,22,5,31,1,15,2,33,29,23,28,26,25,13,36,8,45,12,15,10,20,32,45,4,35,24,18,30,6,14,0,21,6,17,7,14,38,44,8,46,5,43,1,11,39,28,14,5,31,25,10,19,27,9,30,2,34,16,13,33,26,18,7,42,0,35,21,0,16,22,7,12,47,41,36,10,16,23,40,19,3,21,8,32,45,44,12,42,4,17,44,47,19,18,38,46,39,37,6,37,41,9,47,20,3,9,20,17,23,22,33,13,25,43,24,2,13,15,40,2,26,1,11,24,32,29,31,38,15,32,16,1,25,27,41,10,18,25,0,27,12,8,20,5,41,24,42,33,22,31,7,19,5,26,28,38,2,36,35,29,24,30,13,26,24,47,17,4,43,32,26,7,40,41,43,1,42,17,29,43,1,21,27,15,33,35,41,34,27,1,35,13,34,32,23,11,5,15,1,33,34,35,43,7,39,38,13,39,4,28,20,37,9,37,44,37,9,37,29,36,18,14,36,45,46,0,43,39,2,8,39,5,33,30,28,14,2,47,42,29,35,33,16,2,28,24,31,4,23,30,21,25,26,40,28,8,12,2,27,6,21,38,11,38,20,36,34,29,23,30,24,36,45,15,44,27,41,45,25,13,25,38,31,29,41,14,26,41,19,23,22,40,12,12,40,17,30,4,14,34,6,46,31,43,46,40,42,47,16,3,37,47,28,36,45,28,34,22,22,15,0,33,8,37,35,3,11,9,46,3,3,0,38,10,31,31,10,33,44,19,7,11,22,23,5,1,23,2,42,30,10,2,11,20,18,3,19,13,39,36,40,30,3,6,46,17,27,18,4,15,14,26,22,28,16,42,11,29,32,0,39,35,25,21,34,9,32,24,6,24,44,13,32,17,21,4,18,9,7,12,8,16,19,10,6,15,13,20
0.0439207504,0.0445504429,0.0440556099,0.0368458377,0.0268454938,0.0267923660,0.0265679630,0.0267611923,0.0269030712,0.0269804069,0.0434993482,0.0580850856,0.0588864254,0.0526558401,0.0464421579,0.0702078221,0.0668895595,0.0643126247,0.0585464640,0.0462296602,0.0449458052,0.0443961548,0.0439830658,0.0435457430,0.0508427700,0.0744226019,0.1018665585,0.0885553597,0.0780791012,0.0706376987,0.0741218420,0.0829658575,0.0866866881,0.0952184007,0.1047999502,0.0965183730,0.0888733317,0.0890175432,0.0910562044,0.1043950346,0.0839626040,0.0700696911,0.0601044173,0.0600503891,0.0605512697,0.0692607335,0.0695080917,0.0693992199,0.0697477903,0.0711796764,0.0856432239,0.0958673088,0.0967350457,0.0926282662,0.0762131696,0.0690589258,0.0691131557,0.0628967807,0.0616135562,0.0622278046,0.0699207896,0.0689327444,0.0684222842,0.0692403599,0.0695264871,0.0698130417,0.0691948349,0.0690689851,0.0692623787,0.0695769097,0.0692462207,0.0684039294,0.0627217098,0.0618031393,0.0627506401,0.0681484138,0.0704651410,0.0696073082,0.0694688871,0.0696761925,0.0695530240,0.0694497534,0.0696790484,0.0690607591,0.0693006255,0.0698117061,0.0686583321,0.0624122547,0.0630299378,0.0624235058,0.0696176948,0.0689373622,0.0695139374,0.0690411129,0.0686378388,0.0694159554,0.0695845354,0.0691479699,0.0691479988,0.0693004373,0.0694221466,0.0688936953,0.0622850358,0.0622378610,0.0618794976,0.0697389182,0.0698776662,0.0691565940,0.0695230219,0.0698942389,0.0704756548,0.0698521113,0.0699113625,0.0698698325,0.0694598605,0.0697730263,0.0696921623,0.0624808015,0.0621959650,0.0619880049,0.0695849270,0.0698917911,0.0695974776,0.0701550695,0.0695170193,0.0701693963,0.0699093303,0.0699096489,0.0696253433,0.0696446355,0.0699897887,0.0698593131,0.0621624287,0.0627604782,0.0627652542,0.0172529943,0.0173026386,0.0170660964,0.0171988801,0.0173579608,0.0171343674,0.0173127738,0.0170924697,0.0172111622,0.0172463333,0.0174130064,0.0171644054,0.0164172731,0.0162704598,0.0161706312,0.0063743855,0.0063554414,0.0063125037,0.0063372466,0.0063725900,0.0063023208,0.0062706427,0.0063141043,0.0064002365,0.0062959181,0.0063694402,0.0063901229,0.0059478550,0.0060575086,0.0060195667,0.0062670224,0.0062576138,0.0063762156,0.0062914939,0.0063375805,0.0063448262,0.0063788765,0.0063494846,0.0062908665,0.0063025711,0.0063256324,0.0063356372,0.0059839284,0.0059753085,0.0059267001,0.0062652443,0.0062647504,0.0063211546,0.0063519466,0.0062843961,0.0062653865,0.0063100180,0.0063492830,0.0063620855,0.0063269360,0.0062994056,0.0062991202,0.0060030476,0.0059638671,0.0059298126,0.0063327434,0.0063542783,0.0062699550,0.0062774684,0.0062330270,0.0062795278,0.0063607880,0.0063298781,0.0062820907,0.0063068450,0.0062319411,0.0063009938,0.0058882715,0.0059244111,0.0059003222,0.0062952096,0.0062341246,0.0062741344,0.0062466173,0.0062567921,0.0062879008,0.0063681741,0.0063432851,0.0062811973,0.0062800770,0.0063245763,0.0062363857,0.0059084930,0.0059433608,0.0059676720,0.0062659801,0.0063322635,0.0063550159,0.0063021753,0.0062763969,0.0063326845,0.0062842406,0.0063100535,0.0062610390,0.0062889514,0.0062716012,0.0063158900,0.0059616400,0.0058855801,0.0060180655,0.0063356241,0.0062553558,0.0063033558,0.0063426873,0.0062783697,0.0062779356,0.0062975988,0.0063152972,0.0062866393,0.0062995513,0.0062583717,0.0063099743,0.0058860045,0.0059128960,0.0059785159,0.0063291913,0.0062196608,0.0063441393,0.0063226074,0.0062378217,0.0062954976,0.0061893673,0.0062477762,0.0062913112,0.0062367608,0.0063201843,0.0062751316,0.0059723727,0.0059646128,0.0060347099,0.0062413226,0.0062524634,0.0062654992,0.0062661818,0.0063583703,0.0062656128,0.0062792817,0.0063375992,0.0063007627,0.0062837843,0.0062917305,0.0063110224,0.0059292625,0.0059895599,0.0059276942,0.0063193084,0.0062513339,0.0062523598,0.0062398333,0.0061646137,0.0062349843,0.0062665981,0.0062498084,0.0062987634,0.0062501808,0.0062329020,0.0063089755,0.0058791400,0.0060161110,0.0058960958,0.0061973990,0.0062278021,0.0062852467,0.0063253291,0.0062545798,0.0062756686,0.0063264104,0.0062768024,0.0062549610,0.0062443205,0.0062324192,0.0062520021,0.0058951736,0.0059395748,0.0060182497,0.0062577976,0.0063456480,0.0062740035,0.0063024399,0.0062596220,0.0062934301,0.0062959108,0.0062371631,0.0062225829,0.0062629118,0.0061946160,0.0062386283,0.0059124698,0.0059447956,0.0058530426,0.0063116941,0.0063009623,0.0062615676,0.0062549261,0.0062262867,0.0062623217,0.0062689579,0.0062329313,0.0063099884,0.0062775170,0.0062690040,0.0062609615,0.0059600189,0.0058992699,0.0059315926,0.0062484711,0.0062297727,0.0062356961,0.0062883433,0.0062496696,0.0063125937,0.0062078630,0.0062103172,0.0062717984,0.0062778283,0.0062866915,0.0062524906,0.0059462798,0.0058822186,0.0059082879,0.0062639489,0.0063293351,0.0062779696,0.0062798810,0.0062313851,0.0062725770,0.0062094647,0.0062651378,0.0062867173,0.0061957644,0.0063126209,0.0062471371,0.0059398563,0.0059638672,0.0059259812,0.0062222287,0.0062421810,0.0062448999,0.0062648382,0.0062380771,0.0062271926,0.0062568721,0.0063043572,0.0062673206,0.0062351730,0.0062096331,0.0062724648,0.0058317345,0.0058397001,0.0059133364,0.0062758118,0.0062394125,0.0062703681,0.0062777400,0.0062382132,0.0062544631,0.0063025453,0.0062559761,0.0062564237,0.0062461629,0.0062144937,0.0062656235,0.0059155235,0.0059430493,0.0059251463,0.0062660478,0.0062667567,0.0062764620,0.0062690330,0.0062814184,0.0062251617,0.0062588548,0.0062289706,0.0062358475,0.0062724265,0.0062397395,0.0062822319,0.0058984747,0.0059192156,0.0059332752,0.0053511457,0.0052350310,0.0053266150,0.0053363256,0.0053120252,0.0052153426,0.0052774639,0.0052701772,0.0052578863,0.0052701720,0.0052543687,0.0053136809,0.0049800614,0.0049059049,0.0049927291
29,35,30,16,9,34,43,33,37,3,28,26,44,41,27,35,21,38,45,32,40,25,1,7,42,7,39,34,16,32,25,3,43,46,23,36,31,47,38,24,9,29,18,15,14,7,44,2,37,40,1,37,0,33,40,43,45,12,23,4,22,6,3,45,20,8,44,18,46,15,28,9,19,6,10,25,5,17,8,29,32,10,33,31,26,47,16,20,13,22,19,0,2,42,6,4,35,34,14,12,10,30,2,5,17,14,27,13,21,26,11,5,41,11,12,18,30,8,24,21,1,20,42,15,28,17,13,19,22,4,41,27,11,39,36,47,23,24,0,36,38,31,46,0,47,39,39,33,38,31,23,13,36,25,7,36,31,3,21,29,30,1,7,5,45,30,36,34,32,7,46,14,4,30,35,40,22,16,24,32,29,3,5,44,24,40,40,6,9,17,18,1,12,15,4,20,41,41,35,40,25,26,27,14,10,44,26,22,6,3,28,9,10,36,32,21,37,41,31,24,2,27,2,10,46,47,46,43,22,18,25,16,47,28,29,30,28,15,20,19,42,7,35,9,30,2,18,8,34,17,43,37,42,28,23,42,8,45,5,32,20,20,28,9,42,34,38,14,37,11,25,35,39,0,1,11,24,16,1,4,0,46,1,44,16,34,37,42,32,24,38,46,29,19,3,24,12,38,26,8,0,4,17,39,28,25,12,7,13,46,30,34,40,31,13,47,23,5,43,23,19,1,43,42,7,32,40,39,21,36,33,33,33,33,36,12,37,13,6,46,35,9,18,33,12,2,37,16,13,9,39,32,38,44,3,21,34,47,35,6,35,45,41,41,3,39,36,27,26,14,11,29,43,17,34,0,27,23,31,23,44,40,26,27,17,38,28,0,27,25,45,43,3,45,8,22,15,43,10,19,16,15,5,9,41,25,37,47,16,14,27,29,15,18,6,31,11,30,29,10,21,24,7,4,19,8,9,2,22,20,3,23,0,11,1
0.0439530110,0.0450723718,0.0418710090,0.0317089367,0.0268184151,0.0265795906,0.0263793320,0.0265549287,0.0266823219,0.0268777121,0.0369132694,0.0575041858,0.0614347081,0.0546959602,0.0477617694,0.0699077806,0.0676135959,0.0645026307,0.0568179835,0.0465033918,0.0443319154,0.0431903048,0.0432329495,0.0432175551,0.0479676973,0.0695014899,0.1013588550,0.0909682004,0.0804098623,0.0711447730,0.0761365377,0.0853359274,0.0882689499,0.0962219671,0.1006133780,0.0944175041,0.0875265654,0.0864288408,0.0873720548,0.0995146060,0.0911894291,0.0712445538,0.0604509366,0.0603930544,0.0601125279,0.0688654639,0.0691306537,0.0695423653,0.0693260671,0.0754605066,0.0892057772,0.0975969086,0.1018964461,0.0952522681,0.0806578652,0.0686957967,0.0692801289,0.0630409169,0.0611378616,0.0622148631,0.0697314180,0.0693369318,0.0691254717,0.0691285079,0.0702241500,0.0697191877,0.0684701387,0.0689800569,0.0691188278,0.0682437559,0.0693287743,0.0687841265,0.0627936397,0.0621106970,0.0627090328,0.0680694535,0.0693442833,0.0694774055,0.0691445811,0.0693213352,0.0689273440,0.0690349984,0.0683181945,0.0689503808,0.0693822252,0.0699704263,0.0690627308,0.0619697565,0.0631183383,0.0622211824,0.0695259877,0.0690059488,0.0687092512,0.0687237946,0.0681716906,0.0690916647,0.0692142975,0.0689654633,0.0688701644,0.0691454247,0.0688375996,0.0688184607,0.0615756593,0.0617535329,0.0615562763,0.0697605148,0.0692149136,0.0700051668,0.0700362900,0.0692427298,0.0703819385,0.0692580172,0.0699781737,0.0693180463,0.0691220572,0.0694564043,0.0692946620,0.0623706958,0.0622902907,0.0622032346,0.0695490626,0.0702154066,0.0692878162,0.0697576275,0.0700963164,0.0697871606,0.0702593537,0.0699899875,0.0695766050,0.0696809596,0.0697022928,0.0693269900,0.0625859980,0.0619923177,0.0625696246,0.0173470101,0.0172795287,0.0171066262,0.0171759493,0.0173480149,0.0171537547,0.0172063764,0.0170730385,0.0171731046,0.0172420082,0.0174479743,0.0171876458,0.0164850136,0.0162584958,0.0161519781,0.0063775728,0.0063598754,0.0063064837,0.0063484619,0.0063764378,0.0062965677,0.0062760640,0.0063057204,0.0064031823,0.0063011829,0.0063706592,0.0063812902,0.0059460401,0.0060456078,0.0060239374,0.0062643592,0.0062627638,0.0063914215,0.0062985596,0.0063349232,0.0063472497,0.0064084957,0.0063499919,0.0062907617,0.0063211755,0.0063301529,0.0063421027,0.0060006717,0.0059809226,0.0059311847,0.0062599569,0.0062691441,0.0063321440,0.0063303056,0.0062961397,0.0062665804,0.0063140754,0.0063583987,0.0063708978,0.0063428822,0.0063078467,0.0062951244,0.0060164804,0.0059765517,0.0059337790,0.0063461055,0.0063571793,0.0062780838,0.0062812911,0.0062359053,0.0062862520,0.0063710870,0.0063412111,0.0062802609,0.0063178627,0.0062339732,0.0063102840,0.0058821555,0.0059347661,0.0059071728,0.0063006929,0.0062443437,0.0062870463,0.0062639676,0.0062646515,0.0062824766,0.0063710062,0.0063437413,0.0062778525,0.0062770804,0.0063224722,0.0062446017,0.0059129541,0.0059778339,0.0059524942,0.0062633619,0.0063225104,0.0063561814,0.0063115111,0.0062934728,0.0063406975,0.0062946375,0.0063121270,0.0062668779,0.0062886321,0.0062586773,0.0063209462,0.0059618225,0.0058835252,0.0060273596,0.0063403979,0.0062569021,0.0063097602,0.0063538889,0.0062796717,0.0062773387,0.0062938994,0.0063203224,0.0062852039,0.0063169147,0.0062499913,0.0063119471,0.0058774213,0.0059179337,0.0059765792,0.0063357387,0.0062435843,0.0063370549,0.0063249748,0.0062633905,0.0063040755,0.0062038019,0.0062468056,0.0063001117,0.0062368959,0.0063289682,0.0062865141,0.0059904976,0.0059746704,0.0060422444,0.0062423364,0.0062550459,0.0062677909,0.0062499574,0.0063516945,0.0062843329,0.0062721671,0.0063350258,0.0063093882,0.0062911934,0.0062939591,0.0063092391,0.0059180357,0.0059930064,0.0059315185,0.0063045865,0.0062591961,0.0062498943,0.0062522944,0.0061753368,0.0062521427,0.0062741971,0.0062452024,0.0063156332,0.0062323162,0.0062407888,0.0063178696,0.0058851494,0.0060222417,0.0059099695,0.0061936537,0.0062249949,0.0063039830,0.0063291428,0.0062515827,0.0062835797,0.0063253322,0.0062784477,0.0062481866,0.0062387151,0.0062423623,0.0062551310,0.0059063900,0.0059418539,0.0060318533,0.0062596495,0.0063224057,0.0062873282,0.0063061956,0.0062648455,0.0063001554,0.0062828705,0.0062457246,0.0062265393,0.0062637501,0.0062059813,0.0062450245,0.0059072739,0.0059547812,0.0058607075,0.0063146641,0.0063001881,0.0062646527,0.0062555228,0.0062219944,0.0062724083,0.0062582762,0.0062482625,0.0063151359,0.0062876145,0.0062776241,0.0062655076,0.0059634517,0.0059034375,0.0059363256,0.0062324233,0.0062159992,0.0062385485,0.0062928980,0.0062613086,0.0063027870,0.0062142220,0.0062147457,0.0062658404,0.0062709014,0.0062949501,0.0062596888,0.0059396911,0.0058949521,0.0059016035,0.0062570639,0.0063400644,0.0062786008,0.0062948792,0.0062092933,0.0062748295,0.0062124696,0.0062832146,0.0062867921,0.0062159671,0.0063392925,0.0062418245,0.0059518585,0.0059683068,0.0059385455,0.0062382350,0.0062430528,0.0062477494,0.0062755066,0.0062302769,0.0062154859,0.0062487525,0.0063083107,0.0062746187,0.0062561691,0.0062219104,0.0062661719,0.0058271785,0.0058416448,0.0059205634,0.0062932484,0.0062469445,0.0062715942,0.0062717135,0.0062267880,0.0062568732,0.0063023504,0.0062598361,0.0062649041,0.0062621331,0.0062220159,0.0062661781,0.0059390225,0.0059514034,0.0059187981,0.0062818656,0.0062748222,0.0062850629,0.0062678637,0.0062860756,0.0062308551,0.0062546161,0.0062309080,0.0062467902,0.0062828397,0.0062371064,0.0062930433,0.0058965989,0.0059247655,0.0059275202,0.0053520862,0.0052331024,0.0053313046,0.0053292820,0.0053151694,0.0052216648,0.0052956108,0.0052594685,0.0052708036,0.0052763594,0.0052517733,0.0053205675,0.0049812201,0.0049142441,0.0049897685
29,35,30,16,9,34,43,33,37,3,28,26,44,41,27,35,21,38,45,32,40,25,1,7,42,7,39,34,16,32,25,3,43,46,23,36,31,47,38,24,9,29,18,15,14,7,44,2,37,40,1,37,0,33,40,43,45,12,23,4,22,6,3,45,20,8,44,18,46,15,28,9,19,6,10,25,5,17,8,29,32,10,33,31,26,47,16,20,13,22,19,0,2,42,6,4,35,34,14,12,10,30,2,5,17,14,27,13,21,26,11,5,41,11,12,18,30,8,24,21,1,20,42,15,28,17,13,19,22,4,41,27,11,39,36,47,23,24,0,36,38,31,46,0,47,39,39,33,38,31,23,13,36,25,7,36,31,3,21,29,30,1,7,5,45,30,36,34,32,7,46,14,4,30,35,40,22,16,24,32,29,3,5,44,24,40,40,6,9,17,18,1,12,15,4,20,41,41,35,40,25,26,27,14,10,44,26,22,6,3,28,9,10,36,32,21,37,41,31,24,2,27,2,10,46,47,46,43,22,18,25,16,47,28,29,30,28,15,20,19,42,7,35,9,30,2,18,8,34,17,43,37,42,28,23,42,8,45,5,32,20,20,28,9,42,34,38,14,37,11,25,35,39,0,1,11,24,16,1,4,0,46,1,44,16,34,37,42,32,24,38,46,29,19,3,24,12,38,26,8,0,4,17,39,28,25,12,7,13,46,30,34,40,31,13,47,23,5,43,23,19,1,43,42,7,32,40,39,21,36,33,33,33,33,36,12,37,13,6,46,35,9,18,33,12,2,37,16,13,9,39,32,38,44,3,21,34,47,35,6,35,45,41,41,3,39,36,27,26,14,11,29,43,17,34,0,27,23,31,23,44,40,26,27,17,38,28,0,27,25,45,43,3,45,8,22,15,43,10,19,16,15,5,9,41,25,37,47,16,14,27,29,15,18,6,31,11,30,29,10,21,24,7,4,19,8,9,2,22,20,3,23,0,11,1
0.0438686663,0.0453148878,0.0402858668,0.0286361732,0.0267295816,0.0266131950,0.0265282663,0.0265307295,0.0266968654,0.0269171698,0.0334957502,0.0579861773,0.0615183033,0.0545037029,0.0482773427,0.0682716907,0.0658975054,0.0640099104,0.0553373792,0.0458215034,0.0434054639,0.0427738607,0.0429937964,0.0431969545,0.0484498224,0.0701677293,0.1046667315,0.0966618202,0.0831840677,0.0713560829,0.0773038984,0.0882276168,0.0902415305,0.0964893236,0.0991237157,0.0928353651,0.0868146595,0.0846520472,0.0858799540,0.0945195511,0.0905329208,0.0727616932,0.0605456029,0.0600511155,0.0601737368,0.0687271532,0.0690258555,0.0693586533,0.0697999563,0.0783729729,0.0913863190,0.0995921857,0.1016646596,0.0973441234,0.0848975458,0.0691840185,0.0692459673,0.0631389656,0.0613410538,0.0620947167,0.0690161781,0.0698876737,0.0685630940,0.0691903221,0.0694805822,0.0693860016,0.0689400532,0.0691708956,0.0693862822,0.0693483861,0.0686989307,0.0686465316,0.0631343662,0.0622572662,0.0626137333,0.0683889964,0.0692834194,0.0695682441,0.0686751391,0.0693826399,0.0687136884,0.0690891489,0.0682783359,0.0690668484,0.0686724420,0.0687930531,0.0689334557,0.0620586681,0.0630520924,0.0619600603,0.0693537801,0.0691898096,0.0689866072,0.0691490940,0.0689663305,0.0690418348,0.0696266966,0.0689658150,0.0687564892,0.0693581842,0.0689653327,0.0690164632,0.0615192107,0.0618375126,0.0617977219,0.0691530849,0.0694820402,0.0691454118,0.0691685124,0.0695024457,0.0703873395,0.0698871468,0.0693186722,0.0695759201,0.0695619259,0.0697741508,0.0695887621,0.0623310549,0.0624132423,0.0617908166,0.0696264331,0.0700440683,0.0697983772,0.0696648498,0.0698543368,0.0700831103,0.0698189932,0.0696821212,0.0695521226,0.0702372134,0.0693446307,0.0697921333,0.0626037906,0.0626625744,0.0625994925,0.0173658564,0.0173064530,0.0171447661,0.0171278532,0.0172402161,0.0171156192,0.0172601241,0.0170519154,0.0171672205,0.0172274697,0.0173429470,0.0170464110,0.0164777123,0.0162408635,0.0161862887,0.0063694834,0.0063502439,0.0063095738,0.0063559029,0.0063703862,0.0062976853,0.0062714658,0.0063166193,0.0063995105,0.0062986692,0.0063671034,0.0063867490,0.0059525724,0.0060462268,0.0060104086,0.0062694859,0.0062563867,0.0063767470,0.0062984981,0.0063322410,0.0063450804,0.0063841919,0.0063445476,0.0062856599,0.0063178633,0.0063162902,0.0063343060,0.0059943801,0.0059901057,0.0059270789,0.0062615846,0.0062722243,0.0063224291,0.0063456940,0.0063202261,0.0062698532,0.0063066969,0.0063444029,0.0063732867,0.0063475170,0.0063221486,0.0062950276,0.0060133359,0.0059639275,0.0059274352,0.0063365336,0.0063508540,0.0062703373,0.0062853150,0.0062432810,0.0062979990,0.0063637451,0.0063349113,0.0062827523,0.0063163172,0.0062530363,0.0063154855,0.0058905406,0.0059355799,0.0059057828,0.0063041907,0.0062395016,0.0062927198,0.0062523789,0.0062713006,0.0062847289,0.0063721609,0.0063334957,0.0062861984,0.0062874070,0.0063364790,0.0062378722,0.0059012074,0.0059576546,0.0059524091,0.0062834111,0.0063298599,0.0063646529,0.0063030391,0.0062793312,0.0063429932,0.0062906993,0.0063201575,0.0062651470,0.0062947120,0.0062592900,0.0063219341,0.0059597470,0.0058818841,0.0060270647,0.0063365385,0.0062566078,0.0063153171,0.0063542254,0.0062713254,0.0062815525,0.0063049961,0.0063237103,0.0063035923,0.0063080497,0.0062509579,0.0063156968,0.0058851827,0.0059116940,0.0059699187,0.0063252196,0.0062236113,0.0063385993,0.0063216960,0.0062433167,0.0062978292,0.0062008805,0.0062400906,0.0063002452,0.0062333378,0.0063403882,0.0062773103,0.0059840457,0.0059647530,0.0060499048,0.0062455902,0.0062528259,0.0062604807,0.0062550480,0.0063565102,0.0062747408,0.0062761785,0.0063444714,0.0063076715,0.0062814087,0.0062977766,0.0063227520,0.0059344309,0.0059993678,0.0059245524,0.0063193617,0.0062530845,0.0062571638,0.0062465576,0.0061750786,0.0062229349,0.0062710157,0.0062445616,0.0063108167,0.0062629845,0.0062266046,0.0063232201,0.0058793114,0.0060282641,0.0059068009,0.0061988461,0.0062257374,0.0062911490,0.0063183861,0.0062499716,0.0062875703,0.0063337934,0.0062696273,0.0062470766,0.0062396124,0.0062421932,0.0062488969,0.0058932060,0.0059273019,0.0060307070,0.0062621537,0.0063177437,0.0062832422,0.0063050635,0.0062589145,0.0062888909,0.0062967737,0.0062331818,0.0062273196,0.0062564912,0.0062014512,0.0062364614,0.0059065031,0.0059453678,0.0058563031,0.0063216020,0.0063042605,0.0062768285,0.0062508924,0.0062232724,0.0062930871,0.0062618358,0.0062573559,0.0063130949,0.0062879147,0.0062851301,0.0062746707,0.0059693218,0.0059005024,0.0059348250,0.0062429283,0.0062266349,0.0062356345,0.0062823316,0.0062601582,0.0062991872,0.0062079667,0.0062049460,0.0062714149,0.0062657387,0.0062806025,0.0062625256,0.0059438273,0.0058895525,0.0059318666,0.0062715458,0.0063461487,0.0062754860,0.0062964799,0.0062275714,0.0062684770,0.0062061140,0.0062790335,0.0062851991,0.0062107513,0.0063209882,0.0062514472,0.0059367063,0.0059550913,0.0059322314,0.0062273274,0.0062562987,0.0062552764,0.0062667993,0.0062201279,0.0062219551,0.0062557447,0.0063178274,0.0062724882,0.0062428015,0.0061932094,0.0062683831,0.0058350178,0.0058429085,0.0059230863,0.0062866633,0.0062441654,0.0062651170,0.0062696206,0.0062337730,0.0062500589,0.0063078954,0.0062511286,0.0062594026,0.0062559187,0.0062218264,0.0062589933,0.0059330868,0.0059448119,0.0059225663,0.0062820188,0.0062708993,0.0062832260,0.0062729536,0.0062801055,0.0062317817,0.0062515871,0.0062310387,0.0062411274,0.0062713202,0.0062427419,0.0062935713,0.0058941696,0.0059279420,0.0059304000,0.0053488355,0.0052340010,0.0053313196,0.0053264993,0.0053159487,0.0052193304,0.0052903232,0.0052629616,0.0052573045,0.0052858542,0.0052601145,0.0053162913,0.0049627500,0.0049176424,0.0049987706
29,35,30,16,9,34,43,33,37,3,28,26,44,41,27,35,21,38,45,32,40,25,1,7,42,7,39,34,16,32,25,3,43,46,23,36,31,47,38,24,9,29,18,15,14,7,44,2,37,40,1,37,0,33,40,43,45,12,23,4,22,6,3,45,20,8,44,18,46,15,28,9,19,6,10,25,5,17,8,29,32,10,33,31,26,47,16,20,13,22,19,0,2,42,6,4,35,34,14,12,10,30,2,5,17,14,27,13,21,26,11,5,41,11,12,18,30,8,24,21,1,20,42,15,28,17,13,19,22,4,41,27,11,39,36,47,23,24,0,36,38,31,46,0,47,39,39,33,38,31,23,13,36,25,7,36,31,3,21,29,30,1,7,5,45,30,36,34,32,7,46,14,4,30,35,40,22,16,24,32,29,3,5,44,24,40,40,6,9,17,18,1,12,15,4,20,41,41,35,40,25,26,27,14,10,44,26,22,6,3,28,9,10,36,32,21,37,41,31,24,2,27,2,10,46,47,46,43,22,18,25,16,47,28,29,30,28,15,20,19,42,7,35,9,30,2,18,8,34,17,43,37,42,28,23,42,8,45,5,32,20,20,28,9,42,34,38,14,37,11,25,35,39,0,1,11,24,16,1,4,0,46,1,44,16,34,37,42,32,24,38,46,29,19,3,24,12,38,26,8,0,4,17,39,28,25,12,7,13,46,30,34,40,31,13,47,23,5,43,23,19,1,43,42,7,32,40,39,21,36,33,33,33,33,36,12,37,13,6,46,35,9,18,33,12,2,37,16,13,9,39,32,38,44,3,21,34,47,35,6,35,45,41,41,3,39,36,27,26,14,11,29,43,17,34,0,27,23,31,23,44,40,26,27,17,38,28,0,27,25,45,43,3,45,8,22,15,43,10,19,16,15,5,9,41,25,37,47,16,14,27,29,15,18,6,31,11,30,29,10,21,24,7,4,19,8,9,2,22,20,3,23,0,11,1
0.0442792521,0.0457478983,0.0370047481,0.0270792365,0.0265945450,0.0264530886,0.0264106970,0.0264329233,0.0267627872,0.0267406926,0.0321201883,0.0629759175,0.0636967648,0.0529956087,0.0463965110,0.0665540382,0.0636933976,0.0625684107,0.0556662396,0.0458151110,0.0437655025,0.0428638934,0.0434628878,0.0435907493,0.0484657625,0.0723886102,0.1042359390,0.0934498719,0.0799644604,0.0703409405,0.0782936605,0.0871254324,0.0901660335,0.0961567505,0.0971604788,0.0904898091,0.0782857609,0.0751085425,0.0787145137,0.0903525558,0.0874231707,0.0707321951,0.0601222187,0.0597563471,0.0600641818,0.0683548083,0.0694191850,0.0691158115,0.0707715594,0.0805531947,0.0952925349,0.1077644890,0.1091011260,0.1045418536,0.0884686562,0.0697838331,0.0691750116,0.0628095906,0.0614458676,0.0614923967,0.0695589555,0.0691350567,0.0687590695,0.0688936499,0.0700756549,0.0696267373,0.0685890282,0.0686269789,0.0687305416,0.0690991614,0.0693304036,0.0680413617,0.0627207202,0.0621163524,0.0627392770,0.0685648918,0.0697022505,0.0693840726,0.0688170209,0.0690771773,0.0694595352,0.0689004738,0.0687167142,0.0688901011,0.0689226857,0.0699639530,0.0687656653,0.0619536884,0.0631383631,0.0623716541,0.0691313726,0.0686575649,0.0690903147,0.0691218224,0.0691433266,0.0689649942,0.0690255286,0.0689056839,0.0693048982,0.0690243055,0.0685876212,0.0692368220,0.0617954412,0.0622709247,0.0618928387,0.0689246070,0.0695577928,0.0693364943,0.0701786939,0.0689174695,0.0700239751,0.0692548149,0.0695019979,0.0694822160,0.0692815274,0.0694331719,0.0699865617,0.0624058392,0.0627536151,0.0623919852,0.0696149426,0.0696034475,0.0696911621,0.0693423900,0.0694707241,0.0695406229,0.0699725510,0.0694503409,0.0698730636,0.0698249295,0.0696527987,0.0696978554,0.0627107653,0.0624080578,0.0623171225,0.0172981265,0.0173176698,0.0170612587,0.0172124004,0.0173244740,0.0171129195,0.0172375014,0.0170809110,0.0171565317,0.0172344120,0.0174235547,0.0170926601,0.0165102967,0.0162689866,0.0161793234,0.0063734710,0.0063522063,0.0063042192,0.0063541705,0.0063647781,0.0062831923,0.0062727877,0.0063061001,0.0063911227,0.0063058650,0.0063663633,0.0063801422,0.0059421489,0.0060347870,0.0060200627,0.0062636931,0.0062632713,0.0063664086,0.0062888255,0.0063277150,0.0063410736,0.0063858267,0.0063484563,0.0062923366,0.0063099296,0.0063176625,0.0063351526,0.0059859679,0.0059832803,0.0059360519,0.0062640245,0.0062773857,0.0063169382,0.0063409537,0.0062900897,0.0062516967,0.0063076131,0.0063543825,0.0063678054,0.0063369220,0.0063045458,0.0062900167,0.0060121949,0.0059581561,0.0059217918,0.0063391266,0.0063534934,0.0062737739,0.0062832195,0.0062396241,0.0062796154,0.0063693290,0.0063348078,0.0062812354,0.0063047539,0.0062411990,0.0063065911,0.0058923445,0.0059265230,0.0059046030,0.0062927249,0.0062358458,0.0062831740,0.0062399154,0.0062600020,0.0062713066,0.0063728547,0.0063397839,0.0062815923,0.0062760702,0.0063219421,0.0062436534,0.0059044423,0.0059437181,0.0059502877,0.0062659513,0.0063310240,0.0063497996,0.0063047322,0.0062851521,0.0063250971,0.0062855152,0.0063187813,0.0062751162,0.0062999624,0.0062597205,0.0063135710,0.0059543360,0.0058736347,0.0060227424,0.0063416007,0.0062594045,0.0063050178,0.0063429400,0.0062698177,0.0062778939,0.0062891976,0.0063156384,0.0062777080,0.0063061812,0.0062477615,0.0063138110,0.0058792987,0.0059067801,0.0059723894,0.0063322660,0.0062323988,0.0063427236,0.0063295626,0.0062384749,0.0062867618,0.0061901054,0.0062405456,0.0062944409,0.0062331514,0.0063145424,0.0062700956,0.0059755244,0.0059684850,0.0060336678,0.0062526162,0.0062428248,0.0062515410,0.0062546055,0.0063474499,0.0062610148,0.0062811442,0.0063383023,0.0063097295,0.0062843896,0.0062910627,0.0063061338,0.0059210254,0.0059951203,0.0059293978,0.0062912567,0.0062517776,0.0062379375,0.0062330942,0.0061677666,0.0062415186,0.0062779781,0.0062494643,0.0062966377,0.0062487137,0.0062369415,0.0063158680,0.0058717100,0.0060120855,0.0059044266,0.0062079433,0.0062240233,0.0062883453,0.0063156984,0.0062494208,0.0062716622,0.0063072347,0.0062676693,0.0062312103,0.0062431063,0.0062366577,0.0062510520,0.0058962526,0.0059352463,0.0060209867,0.0062572249,0.0063147576,0.0062851410,0.0062941012,0.0062475307,0.0062951073,0.0062897504,0.0062284458,0.0062282424,0.0062549535,0.0061943208,0.0062310007,0.0059140240,0.0059383967,0.0058523314,0.0063178677,0.0063049888,0.0062614555,0.0062505773,0.0062217650,0.0062718358,0.0062671132,0.0062531756,0.0063133374,0.0062845107,0.0062808724,0.0062673684,0.0059649216,0.0058931995,0.0059254268,0.0062303438,0.0062245808,0.0062286318,0.0062842112,0.0062553738,0.0062964547,0.0061991594,0.0062145964,0.0062639954,0.0062773582,0.0062808957,0.0062613310,0.0059368565,0.0058831200,0.0059155627,0.0062770638,0.0063463899,0.0062863122,0.0062888282,0.0062191152,0.0062632034,0.0062009483,0.0062781708,0.0062767990,0.0062074832,0.0063166581,0.0062415930,0.0059403757,0.0059496963,0.0059337943,0.0062313429,0.0062536273,0.0062458751,0.0062698505,0.0062262049,0.0062232307,0.0062466123,0.0063041247,0.0062764084,0.0062366638,0.0062013126,0.0062810538,0.0058308052,0.0058397800,0.0059119729,0.0062854577,0.0062544546,0.0062763383,0.0062630622,0.0062304056,0.0062471244,0.0063021080,0.0062538816,0.0062524754,0.0062632908,0.0062207073,0.0062728604,0.0059375617,0.0059490917,0.0059251811,0.0062743076,0.0062675657,0.0062881893,0.0062623912,0.0062854357,0.0062306912,0.0062553134,0.0062359351,0.0062373371,0.0062820168,0.0062502890,0.0062839903,0.0058936250,0.0059292648,0.0059235468,0.0053390493,0.0052487377,0.0053342573,0.0053309932,0.0053264835,0.0052277135,0.0052933314,0.0052664136,0.0052570395,0.0052666748,0.0052733479,0.0053236308,0.0049676974,0.0049113097,0.0049863434
29,35,30,16,9,34,43,33,37,3,28,26,44,41,27,35,21,38,45,32,40,25,1,7,42,7,39,34,16,32,25,3,43,46,23,36,31,47,38,24,9,29,18,15,14,7,44,2,37,40,1,37,0,33,40,43,45,12,23,4,22,6,3,45,20,8,44,18,46,15,28,9,19,6,10,25,5,17,8,29,32,10,33,31,26,47,16,20,13,22,19,0,2,42,6,4,35,34,14,12,10,30,2,5,17,14,27,13,21,26,11,5,41,11,12,18,30,8,24,21,1,20,42,15,28,17,13,19,22,4,41,27,11,39,36,47,23,24,0,36,38,31,46,0,47,39,39,33,38,31,23,13,36,25,7,36,31,3,21,29,30,1,7,5,45,30,36,34,32,7,46,14,4,30,35,40,22,16,24,32,29,3,5,44,24,40,40,6,9,17,18,1,12,15,4,20,41,41,35,40,25,26,27,14,10,44,26,22,6,3,28,9,10,36,32,21,37,41,31,24,2,27,2,10,46,47,46,43,22,18,25,16,47,28,29,30,28,15,20,19,42,7,35,9,30,2,18,8,34,17,43,37,42,28,23,42,8,45,5,32,20,20,28,9,42,34,38,14,37,11,25,35,39,0,1,11,24,16,1,4,0,46,1,44,16,34,37,42,32,24,38,46,29,19,3,24,12,38,26,8,0,4,17,39,28,25,12,7,13,46,30,34,40,31,13,47,23,5,43,23,19,1,43,42,7,32,40,39,21,36,33,33,33,33,36,12,37,13,6,46,35,9,18,33,12,2,37,16,13,9,39,32,38,44,3,21,34,47,35,6,35,45,41,41,3,39,36,27,26,14,11,29,43,17,34,0,27,23,31,23,44,40,26,27,17,38,28,0,27,25,45,43,3,45,8,22,15,43,10,19,16,15,5,9,41,25,37,47,16,14,27,29,15,18,6,31,11,30,29,10,21,24,7,4,19,8,9,2,22,20,3,23,0,11,1
0.0446658750,0.0456861600,0.0338451479,0.0273212648,0.0260947230,0.0266300189,0.0263756117,0.0265908205,0.0266631691,0.0265637074,0.0305046942,0.0661933365,0.0676191089,0.0550580954,0.0463120593,0.0667242756,0.0637785818,0.0611594434,0.0520948380,0.0435570677,0.0416448256,0.0416967901,0.0424445071,0.0425151941,0.0460989162,0.0699084226,0.1049461308,0.0948971710,0.0785475991,0.0703423703,0.0815861813,0.0907194893,0.0931501112,0.0988099447,0.0979531730,0.0779880597,0.0730709309,0.0711227171,0.0708540148,0.0866686483,0.0890381777,0.0726770463,0.0608325542,0.0605580654,0.0606762987,0.0683384274,0.0693536179,0.0694630293,0.0714735360,0.0836772864,0.1067820483,0.1126194000,0.1146459721,0.1116120148,0.0964457523,0.0721457114,0.0694723556,0.0620018025,0.0621886232,0.0622991420,0.0701751579,0.0698866179,0.0689625917,0.0687210415,0.0684680465,0.0694541461,0.0694281760,0.0682078748,0.0686137001,0.0690025509,0.0704651289,0.0692016836,0.0617309232,0.0622299186,0.0626068083,0.0688217767,0.0693942247,0.0700027948,0.0692941520,0.0693232158,0.0688288442,0.0689416722,0.0685405634,0.0689391644,0.0693380492,0.0694898133,0.0689522259,0.0617604583,0.0618467961,0.0625897988,0.0695874043,0.0688337849,0.0691494055,0.0690585808,0.0687510540,0.0694872082,0.0686758294,0.0696592310,0.0683888760,0.0691020408,0.0686154254,0.0701540300,0.0619026617,0.0614303051,0.0618848271,0.0692796118,0.0691466977,0.0703200620,0.0693273586,0.0695869248,0.0700870658,0.0698297533,0.0692438800,0.0702980783,0.0696935254,0.0696330407,0.0696388432,0.0622658763,0.0629432533,0.0618264758,0.0694894643,0.0693510793,0.0698760610,0.0698218076,0.0701050930,0.0701195128,0.0694455596,0.0698761561,0.0694876260,0.0691174666,0.0696871931,0.0698854666,0.0620783617,0.0627648589,0.0621018182,0.0174329210,0.0171499581,0.0170843140,0.0175461810,0.0174155140,0.0173660841,0.0171873274,0.0172994658,0.0173317468,0.0173739630,0.0171277790,0.0171738753,0.0162543208,0.0161470522,0.0162705552,0.0063294854,0.0063226228,0.0063635428,0.0063558885,0.0063548941,0.0063802493,0.0062758565,0.0063673180,0.0063941074,0.0063293904,0.0063484851,0.0063375920,0.0060048215,0.0059752668,0.0059975587,0.0063365466,0.0063814975,0.0063834743,0.0063198754,0.0062776811,0.0062167260,0.0063097235,0.0063492276,0.0062662108,0.0063390362,0.0062724978,0.0062258239,0.0059449961,0.0060536976,0.0059874619,0.0063998670,0.0063076885,0.0063388904,0.0063784800,0.0063110939,0.0062850837,0.0063331700,0.0063262638,0.0062911454,0.0062873467,0.0062376291,0.0062835486,0.0060514299,0.0058697286,0.0059803186,0.0063398572,0.0062690747,0.0063096612,0.0063319868,0.0062976701,0.0062654563,0.0063141864,0.0062804966,0.0063105648,0.0062516752,0.0062778001,0.0062189918,0.0060094557,0.0059064428,0.0060546487,0.0062765025,0.0062756283,0.0062655856,0.0062297382,0.0063080901,0.0063040740,0.0062608759,0.0063087899,0.0062567215,0.0063043742,0.0062765974,0.0062695534,0.0058944044,0.0060329547,0.0059514028,0.0062733441,0.0063204379,0.0062270761,0.0062509670,0.0063188895,0.0062569685,0.0063039027,0.0062959071,0.0062499934,0.0062714584,0.0063593355,0.0062505514,0.0060142129,0.0059294892,0.0058912630,0.0062198223,0.0062715814,0.0063117319,0.0062824569,0.0063831783,0.0062707495,0.0062776617,0.0062745157,0.0062297154,0.0062991414,0.0062614231,0.0063295843,0.0059537310,0.0059810962,0.0059759202,0.0063497960,0.0062616833,0.0062978280,0.0062410413,0.0062863136,0.0062807332,0.0062599245,0.0062848324,0.0063889359,0.0062879790,0.0062794177,0.0062299796,0.0059206061,0.0059814860,0.0059807787,0.0062984516,0.0062643238,0.0062095465,0.0062664539,0.0063610325,0.0063075270,0.0062494890,0.0062407536,0.0062973652,0.0063217377,0.0062457428,0.0062355914,0.0058994857,0.0059719996,0.0059012300,0.0062594724,0.0062388316,0.0062491075,0.0062921590,0.0062474375,0.0062739491,0.0063123854,0.0062809288,0.0062432270,0.0062660410,0.0062477717,0.0062538097,0.0058750502,0.0059932886,0.0058995321,0.0062518853,0.0062503916,0.0062882922,0.0062622163,0.0062771331,0.0062454408,0.0063276289,0.0062839810,0.0062882687,0.0062314511,0.0063259586,0.0062151434,0.0059144708,0.0059066398,0.0058983489,0.0062468241,0.0062375672,0.0062644412,0.0061991160,0.0062837775,0.0062667499,0.0062787945,0.0061931066,0.0063325412,0.0062375092,0.0063163676,0.0062912677,0.0059428615,0.0059440284,0.0059477080,0.0062104049,0.0062226841,0.0063004461,0.0062220994,0.0062516153,0.0062447893,0.0068169628,0.0062901223,0.0062176336,0.0063798442,0.0062651459,0.0063115844,0.0058873332,0.0059697082,0.0059504913,0.0062431972,0.0062594613,0.0062698891,0.0062662546,0.0063122402,0.0062904349,0.0062088723,0.0062244654,0.0062311851,0.0062707301,0.0061911539,0.0063059766,0.0060244520,0.0059229060,0.0059205554,0.0062373894,0.0062107370,0.0062873488,0.0062821266,0.0062268010,0.0063252334,0.0062464644,0.0062429277,0.0061950996,0.0061843336,0.0062334602,0.0063073791,0.0059735742,0.0059160091,0.0059692791,0.0063089435,0.0062602328,0.0062120905,0.0062736558,0.0062206312,0.0062898292,0.0062636285,0.0062501609,0.0062219366,0.0062447825,0.0062642291,0.0062225387,0.0059207360,0.0059072990,0.0059185683,0.0063244845,0.0062693634,0.0063092556,0.0062478638,0.0062729288,0.0062392560,0.0062581074,0.0062413014,0.0062084163,0.0062475337,0.0062326557,0.0062278766,0.0059434955,0.0059934677,0.0058965925,0.0062807717,0.0062530068,0.0061620006,0.0062780778,0.0062442894,0.0062710522,0.0063023422,0.0062487708,0.0062814265,0.0062335821,0.0062039249,0.0062581540,0.0059061660,0.0059346511,0.0059421957,0.0053355278,0.0053309664,0.0052832425,0.0052587164,0.0052667317,0.0052777397,0.0052323062,0.0052943711,0.0052470501,0.0052469069,0.0052564518,0.0052624913,0.0049964375,0.0049665699,0.0050153603
36,30,35,21,40,38,28,29,19,42,24,33,14,25,27,26,8,46,4,31,39,37,11,32,13,32,34,47,21,30,37,42,29,14,8,28,35,11,24,18,40,36,20,23,22,28,12,17,39,19,26,16,41,33,38,17,45,16,17,15,0,5,24,32,25,45,38,40,21,20,10,47,45,3,43,18,44,2,35,27,12,39,19,11,31,27,37,9,34,0,6,42,22,44,43,23,4,36,9,13,29,1,12,2,10,25,9,7,31,30,23,3,7,46,0,15,13,6,41,7,1,3,5,46,2,10,4,15,22,20,43,6,44,5,1,47,8,18,33,14,41,26,19,16,34,18,21,14,8,47,40,29,30,31,33,45,21,37,26,36,34,42,6,21,11,3,1,35,16,31,42,24,27,21,4,26,36,16,12,44,9,31,25,41,14,30,42,32,36,37,31,11,13,4,34,39,30,22,46,10,36,38,35,41,33,16,40,20,38,28,20,6,44,8,45,14,39,40,42,25,29,14,27,5,1,10,33,28,32,1,30,4,28,24,27,43,16,2,19,18,16,44,35,11,17,33,17,18,32,39,22,13,22,29,10,34,46,13,32,9,10,22,12,23,5,11,11,8,9,19,33,13,29,38,26,46,40,38,47,5,18,38,33,15,40,19,31,4,47,20,15,34,25,26,23,2,21,18,17,26,28,34,12,19,24,18,41,15,43,11,0,28,25,42,14,42,14,0,22,20,24,13,38,37,39,23,44,31,46,14,27,34,6,27,32,19,8,34,8,7,37,12,3,23,37,40,35,39,6,41,25,24,29,4,30,38,47,43,21,32,29,24,9,15,30,0,25,35,28,27,24,17,47,0,41,45,35,18,13,36,33,19,29,27,1,26,39,13,11,30,3,37,26,7,41,21,28,36,32,2,31,20,45,7,36,23,16,8,5,2,42,40,7,3,43,26,47,24,39,35,17,1,15,16,12,0,10,3,2,4,9,8,6,7,5
0.0453541742,0.0447628494,0.0327405076,0.0270160285,0.0255712790,0.0267149184,0.0264053793,0.0264815661,0.0267181301,0.0268705057,0.0294001881,0.0646435427,0.0657070619,0.0591152063,0.0478069823,0.0651872382,0.0627555174,0.0621569674,0.0507082175,0.0437102672,0.0421933001,0.0419466026,0.0427447597,0.0427720517,0.0448079807,0.0669919693,0.1070287663,0.0971138608,0.0759818570,0.0691080475,0.0840519819,0.0926181075,0.0946552001,0.0979990630,0.0878630225,0.0730838710,0.0713717057,0.0701069338,0.0703686838,0.0805521013,0.0879406333,0.0734798339,0.0601363764,0.0598166632,0.0601953992,0.0685415882,0.0694839567,0.0694804138,0.0728788206,0.0928089936,0.1105485836,0.1144318892,0.1155858276,0.1125628186,0.1019566072,0.0737798869,0.0696831406,0.0615702443,0.0619692193,0.0620357389,0.0699636657,0.0698422323,0.0692473957,0.0691064431,0.0690703971,0.0692014756,0.0693499459,0.0689777170,0.0685293968,0.0685753049,0.0699964366,0.0694305849,0.0617073671,0.0618916291,0.0623864822,0.0690526291,0.0697284765,0.0697871491,0.0688386239,0.0691876001,0.0681801850,0.0692007319,0.0688387742,0.0691534867,0.0692425245,0.0693711954,0.0686958801,0.0613480666,0.0614404325,0.0619259779,0.0693704099,0.0692986115,0.0691948237,0.0689450821,0.0689836114,0.0692808009,0.0692616600,0.0686712362,0.0687077612,0.0689818503,0.0683199291,0.0696409802,0.0616442860,0.0615418252,0.0617857124,0.0690096577,0.0696383775,0.0699160900,0.0695090732,0.0697863918,0.0693355126,0.0694244592,0.0690090611,0.0701639912,0.0697624551,0.0700139605,0.0695197426,0.0621043579,0.0626906121,0.0614936050,0.0693507206,0.0695909447,0.0699571304,0.0696881695,0.0696030039,0.0695049807,0.0694893440,0.0703790503,0.0695507500,0.0693809402,0.0699890719,0.0695143278,0.0627890506,0.0625854162,0.0621616043,0.0173648557,0.0171030566,0.0170972976,0.0175861429,0.0173697536,0.0172878295,0.0170875737,0.0172380528,0.0172715660,0.0177962472,0.0171734352,0.0171684336,0.0162482905,0.0161118450,0.0162753669,0.0063194191,0.0063234129,0.0063513135,0.0063632956,0.0063562390,0.0063598337,0.0062819074,0.0063683500,0.0063897302,0.0063277253,0.0063571281,0.0063214411,0.0060098083,0.0059793536,0.0060026578,0.0063460127,0.0063729960,0.0063842092,0.0063200695,0.0062722342,0.0062276981,0.0063085886,0.0063532483,0.0062546517,0.0063338623,0.0062608000,0.0062265167,0.0059498853,0.0060464511,0.0059844324,0.0063925521,0.0063027173,0.0063373801,0.0063708984,0.0063192355,0.0062878122,0.0063288691,0.0063247435,0.0062848182,0.0062863497,0.0062407436,0.0062941957,0.0060297826,0.0058783201,0.0059752302,0.0063391028,0.0062695556,0.0063115980,0.0063267845,0.0063122654,0.0062541281,0.0063206592,0.0062842999,0.0063000336,0.0062716859,0.0062914460,0.0062186178,0.0060097709,0.0059048609,0.0060462144,0.0062794542,0.0062868782,0.0062519066,0.0062369631,0.0062949917,0.0063247884,0.0062612465,0.0063119711,0.0062384819,0.0062974081,0.0062932225,0.0062719538,0.0059027768,0.0060391012,0.0059577495,0.0062874759,0.0063294035,0.0062402792,0.0062568928,0.0063119548,0.0062621193,0.0063075562,0.0063066819,0.0062395158,0.0062713789,0.0063508108,0.0062731460,0.0060154653,0.0059308322,0.0058908126,0.0062130840,0.0062533096,0.0063199898,0.0062852302,0.0063696199,0.0062607190,0.0062612581,0.0062798096,0.0062291539,0.0062875265,0.0062546643,0.0063216014,0.0059599141,0.0059740118,0.0059804392,0.0063562516,0.0062711465,0.0062994114,0.0062472226,0.0062864896,0.0062885235,0.0062578157,0.0063008644,0.0063846505,0.0063065651,0.0062935280,0.0062319215,0.0059152372,0.0059928423,0.0059866853,0.0063110400,0.0062529201,0.0062262440,0.0062532357,0.0063499741,0.0062965203,0.0062441542,0.0062524013,0.0062859639,0.0063215380,0.0062476208,0.0062219542,0.0058950192,0.0059811939,0.0059076916,0.0062819568,0.0062324512,0.0062558136,0.0062784550,0.0062430747,0.0062905995,0.0063028403,0.0062724885,0.0062596539,0.0062580285,0.0062598366,0.0062348595,0.0058844298,0.0059798235,0.0058942326,0.0062689828,0.0062523814,0.0062979726,0.0062641262,0.0062744784,0.0062415611,0.0063189122,0.0062937124,0.0062848341,0.0062418656,0.0063355419,0.0062282705,0.0059039183,0.0058954360,0.0059097624,0.0062311372,0.0062293841,0.0062690503,0.0061906194,0.0062804134,0.0062597154,0.0062696136,0.0061787304,0.0063351846,0.0062402457,0.0063195372,0.0062793393,0.0059410791,0.0059510711,0.0059430544,0.0062107623,0.0062157920,0.0062955593,0.0062060630,0.0062409185,0.0062551533,0.0062207047,0.0062893303,0.0062045549,0.0063932317,0.0062642506,0.0063119117,0.0058781313,0.0059578822,0.0059574247,0.0062393747,0.0062555517,0.0062596072,0.0062803011,0.0063034021,0.0062718008,0.0061975581,0.0062318923,0.0062385059,0.0062744151,0.0061920941,0.0062999865,0.0060209905,0.0059210330,0.0059021663,0.0062559029,0.0062066406,0.0063006686,0.0062916927,0.0062389168,0.0063305064,0.0062388508,0.0062504979,0.0061975131,0.0061828523,0.0062292162,0.0063052859,0.0059659268,0.0059151191,0.0059581570,0.0062962671,0.0062563515,0.0062222620,0.0062755283,0.0062052474,0.0062884310,0.0062510361,0.0062518599,0.0062346743,0.0062506935,0.0062620435,0.0062146477,0.0059268052,0.0059192915,0.0059282443,0.0063017354,0.0062783801,0.0063163371,0.0062578342,0.0062641029,0.0062318262,0.0062511622,0.0062395957,0.0062031236,0.0062479301,0.0062371443,0.0062379656,0.0059318751,0.0059888915,0.0059002476,0.0062787740,0.0062464163,0.0061647182,0.0062799965,0.0062522213,0.0062461996,0.0062986869,0.0062445300,0.0062796395,0.0062263649,0.0062128731,0.0062474882,0.0059161206,0.0059418734,0.0059285734,0.0053405864,0.0053352082,0.0052889591,0.0052632507,0.0052640320,0.0052792039,0.0052519613,0.0052783154,0.0052574695,0.0052546262,0.0052778297,0.0052696964,0.0049999676,0.0049635177,0.0050134737
36,30,35,21,40,38,28,29,19,42,24,33,14,25,27,26,8,46,4,31,39,37,11,32,13,32,34,47,21,30,37,42,29,14,8,28,35,11,24,18,40,36,20,23,22,28,12,17,39,19,26,16,41,33,38,17,45,16,17,15,0,5,24,32,25,45,38,40,21,20,10,47,45,3,43,18,44,2,35,27,12,39,19,11,31,27,37,9,34,0,6,42,22,44,43,23,4,36,9,13,29,1,12,2,10,25,9,7,31,30,23,3,7,46,0,15,13,6,41,7,1,3,5,46,2,10,4,15,22,20,43,6,44,5,1,47,8,18,33,14,41,26,19,16,34,18,21,14,8,47,40,29,30,31,33,45,21,37,26,36,34,42,6,21,11,3,1,35,16,31,42,24,27,21,4,26,36,16,12,44,9,31,25,41,14,30,42,32,36,37,31,11,13,4,34,39,30,22,46,10,36,38,35,41,33,16,40,20,38,28,20,6,44,8,45,14,39,40,42,25,29,14,27,5,1,10,33,28,32,1,30,4,28,24,27,43,16,2,19,18,16,44,35,11,17,33,17,18,32,39,22,13,22,29,10,34,46,13,32,9,10,22,12,23,5,11,11,8,9,19,33,13,29,38,26,46,40,38,47,5,18,38,33,15,40,19,31,4,47,20,15,34,25,26,23,2,21,18,17,26,28,34,12,19,24,18,41,15,43,11,0,28,25,42,14,42,14,0,22,20,24,13,38,37,39,23,44,31,46,14,27,34,6,27,32,19,8,34,8,7,37,12,3,23,37,40,35,39,6,41,25,24,29,4,30,38,47,43,21,32,29,24,9,15,30,0,25,35,28,27,24,17,47,0,41,45,35,18,13,36,33,19,29,27,1,26,39,13,11,30,3,37,26,7,41,21,28,36,32,2,31,20,45,7,36,23,16,8,5,2,42,40,7,3,43,26,47,24,39,35,17,1,15,16,12,0,10,3,2,4,9,8,6,7,5
0.0455608197,0.0433327566,0.0310781844,0.0268667347,0.0256425827,0.0245631537,0.0253011714,0.0263950601,0.0265609253,0.0266659779,0.0274011975,0.0619782713,0.0681702239,0.0604430599,0.0494647140,0.0646384963,0.0610596328,0.0623724594,0.0513067271,0.0438374323,0.0416524888,0.0415095785,0.0417344580,0.0425487075,0.0455154161,0.0646504418,0.1049048373,0.0988741526,0.0731316043,0.0670591620,0.0840402888,0.0900545775,0.0944781905,0.0911162771,0.0758538762,0.0716497973,0.0707032307,0.0696339169,0.0698846012,0.0764087638,0.0886448184,0.0740599510,0.0594390971,0.0595723620,0.0597721880,0.0684474193,0.0691051701,0.0698231867,0.0771656900,0.1040788216,0.1122085985,0.1138233564,0.1110540863,0.1132918177,0.1059616779,0.0761382321,0.0696138126,0.0617012076,0.0618876909,0.0619293610,0.0696308973,0.0700610563,0.0693129836,0.0688145988,0.0686984127,0.0689392348,0.0720311752,0.0759590300,0.0694433474,0.0686965476,0.0703626067,0.0696240276,0.0616577585,0.0621434272,0.0624669015,0.0687336407,0.0694994355,0.0695939032,0.0691476760,0.0692183365,0.0689931923,0.0686349359,0.0690935422,0.0691134293,0.0693013794,0.0684599067,0.0688083283,0.0617430126,0.0616396914,0.0621042850,0.0692342883,0.0689595877,0.0690831401,0.0690866285,0.0694775069,0.0691138213,0.0688994101,0.0694695739,0.0683104734,0.0689027662,0.0691516267,0.0698209597,0.0617930235,0.0606976494,0.0616480138,0.0690934685,0.0695224902,0.0699770103,0.0691904796,0.0693360716,0.0690185565,0.0695055163,0.0697854731,0.0699821357,0.0687452289,0.0695692526,0.0693626830,0.0624812197,0.0622319648,0.0614638934,0.0690956702,0.0693357814,0.0699737254,0.0697864947,0.0687701647,0.0699691754,0.0697141070,0.0698512184,0.0698295200,0.0689833189,0.0696518683,0.0696456923,0.0625713454,0.0627516235,0.0622229809,0.0174211839,0.0171459518,0.0170668783,0.0175779099,0.0173817581,0.0173585761,0.0171162036,0.0173012324,0.0172794034,0.0174459965,0.0171466354,0.0171929417,0.0162545167,0.0161724488,0.0162882897,0.0063278887,0.0063439683,0.0063674648,0.0063682600,0.0063677406,0.0063654120,0.0062839186,0.0063671733,0.0064021912,0.0063402370,0.0063529549,0.0063323654,0.0060159604,0.0059759035,0.0060057466,0.0063456768,0.0063939764,0.0063956590,0.0063257385,0.0062886558,0.0062173772,0.0063138486,0.0063373129,0.0062666737,0.0063416680,0.0062768347,0.0062272083,0.0059477252,0.0060618419,0.0059866972,0.0063943037,0.0063192439,0.0063435142,0.0063819003,0.0063160009,0.0062924780,0.0063357050,0.0063288921,0.0062839798,0.0062941420,0.0062486381,0.0062859080,0.0060421377,0.0058755177,0.0059795844,0.0063498708,0.0062823348,0.0063177139,0.0063277424,0.0062971399,0.0062592894,0.0063224695,0.0062939013,0.0063067474,0.0062725192,0.0062920208,0.0062107088,0.0060167206,0.0059042648,0.0060489147,0.0062772271,0.0062955443,0.0062630932,0.0062274822,0.0062987384,0.0063158184,0.0062785394,0.0063144361,0.0062374059,0.0062955070,0.0062884432,0.0062657578,0.0058908102,0.0060388565,0.0059640799,0.0062739608,0.0063280800,0.0062404863,0.0062611378,0.0063269618,0.0062696978,0.0063246398,0.0062972667,0.0062470775,0.0062845836,0.0063621097,0.0062589627,0.0060242135,0.0059281460,0.0059006077,0.0062247334,0.0062530891,0.0063205102,0.0062831109,0.0063745385,0.0062848943,0.0062673452,0.0062818855,0.0062385521,0.0063067918,0.0062674021,0.0063265512,0.0059530695,0.0059925406,0.0059754739,0.0063616303,0.0062695348,0.0063033698,0.0062567673,0.0062870473,0.0062816117,0.0062608789,0.0062879545,0.0063914622,0.0063069303,0.0062920088,0.0062146229,0.0059113838,0.0059765006,0.0059853195,0.0063085173,0.0062550546,0.0062335436,0.0062701156,0.0063575319,0.0062998851,0.0062414043,0.0062513197,0.0062885923,0.0063224838,0.0062725710,0.0062400660,0.0059100115,0.0059866822,0.0059156555,0.0062613782,0.0062578421,0.0062649735,0.0062817864,0.0062528604,0.0062924520,0.0063181859,0.0062959988,0.0062619336,0.0062622737,0.0062643037,0.0062493909,0.0058805548,0.0059834535,0.0059098526,0.0062641608,0.0062687681,0.0063014195,0.0062614403,0.0062757517,0.0062440444,0.0063225118,0.0062937432,0.0062806062,0.0062302010,0.0063376033,0.0062218755,0.0059153341,0.0059104259,0.0059100825,0.0062445678,0.0062333614,0.0062687936,0.0062081508,0.0062866944,0.0062714280,0.0062856883,0.0061890951,0.0063438511,0.0062507598,0.0063315180,0.0062881014,0.0059568783,0.0059537177,0.0059377408,0.0062341542,0.0062083745,0.0063073654,0.0062113269,0.0062575322,0.0062446275,0.0062148922,0.0063430136,0.0062049586,0.0064012980,0.0062736971,0.0063195692,0.0058875099,0.0059569798,0.0059581124,0.0062525662,0.0062659108,0.0062653157,0.0062765656,0.0063109631,0.0062910060,0.0062144512,0.0062421567,0.0062392696,0.0062946329,0.0061884065,0.0063068150,0.0060260155,0.0059214307,0.0059291667,0.0062492484,0.0062116784,0.0062921252,0.0062853652,0.0062369429,0.0063371669,0.0062499451,0.0062577859,0.0062093787,0.0061880642,0.0062504030,0.0063039941,0.0059697081,0.0059136804,0.0059699640,0.0063124693,0.0062573876,0.0062178850,0.0062684457,0.0062282562,0.0062877826,0.0062522149,0.0062676625,0.0062332234,0.0062662877,0.0062639941,0.0062276739,0.0059242050,0.0059140146,0.0059416179,0.0063142684,0.0062735628,0.0063133537,0.0062615081,0.0062637184,0.0062331394,0.0062667485,0.0062435246,0.0062215345,0.0062513853,0.0062417457,0.0062415782,0.0059380772,0.0059942511,0.0058910884,0.0062844478,0.0062494154,0.0061549144,0.0062860529,0.0062421900,0.0062597025,0.0063212684,0.0062574023,0.0062819664,0.0062273760,0.0062101966,0.0062578397,0.0059096325,0.0059332951,0.0059317410,0.0053342822,0.0053415770,0.0052955770,0.0052627923,0.0052850230,0.0052801158,0.0052351548,0.0053065194,0.0052575208,0.0052604531,0.0052686871,0.0052550616,0.0050185922,0.0049728245,0.0050157998
36,30,35,21,40,38,28,29,19,42,24,33,14,25,27,26,8,46,4,31,39,37,11,32,13,32,34,47,21,30,37,42,29,14,8,28,35,11,24,18,40,36,20,23,22,28,12,17,39,19,26,16,41,33,38,17,45,16,17,15,0,5,24,32,25,45,38,40,21,20,10,47,45,3,43,18,44,2,35,27,12,39,19,11,31,27,37,9,34,0,6,42,22,44,43,23,4,36,9,13,29,1,12,2,10,25,9,7,31,30,23,3,7,46,0,15,13,6,41,7,1,3,5,46,2,10,4,15,22,20,43,6,44,5,1,47,8,18,33,14,41,26,19,16,34,18,21,14,8,47,40,29,30,31,33,45,21,37,26,36,34,42,6,21,11,3,1,35,16,31,42,24,27,21,4,26,36,16,12,44,9,31,25,41,14,30,42,32,36,37,31,11,13,4,34,39,30,22,46,10,36,38,35,41,33,16,40,20,38,28,20,6,44,8,45,14,39,40,42,25,29,14,27,5,1,10,33,28,32,1,30,4,28,24,27,43,16,2,19,18,16,44,35,11,17,33,17,18,32,39,22,13,22,29,10,34,46,13,32,9,10,22,12,23,5,11,11,8,9,19,33,13,29,38,26,46,40,38,47,5,18,38,33,15,40,19,31,4,47,20,15,34,25,26,23,2,21,18,17,26,28,34,12,19,24,18,41,15,43,11,0,28,25,42,14,42,14,0,22,20,24,13,38,37,39,23,44,31,46,14,27,34,6,27,32,19,8,34,8,7,37,12,3,23,37,40,35,39,6,41,25,24,29,4,30,38,47,43,21,32,29,24,9,15,30,0,25,35,28,27,24,17,47,0,41,45,35,18,13,36,33,19,29,27,1,26,39,13,11,30,3,37,26,7,41,21,28,36,32,2,31,20,45,7,36,23,16,8,5,2,42,40,7,3,43,26,47,24,39,35,17,1,15,16,12,0,10,3,2,4,9,8,6,7,5
0.0457876562,0.0418030086,0.0288147568,0.0266716601,0.0255707895,0.0244797106,0.0241752081,0.0259090243,0.0264582644,0.0266667057,0.0272791460,0.0583364127,0.0746518984,0.0640606361,0.0517910262,0.0646262753,0.0593138958,0.0598861801,0.0507642864,0.0427009778,0.0407115001,0.0404377397,0.0406324065,0.0413811180,0.0449816304,0.0607304631,0.0991555528,0.1020640310,0.0755485326,0.0662893514,0.0859136021,0.0945375388,0.0964701699,0.0846419298,0.0761299269,0.0722465968,0.0699668158,0.0698098367,0.0702017588,0.0740627611,0.0902418471,0.0786216263,0.0601817265,0.0599781496,0.0604319864,0.0682914502,0.0692790375,0.0693197419,0.0843485277,0.1062646891,0.1110478858,0.1038753568,0.1020861922,0.1048846868,0.1085591322,0.0777110877,0.0699283381,0.0618870821,0.0618242564,0.0619082905,0.0697030829,0.0699836846,0.0690516280,0.0693043754,0.0689022178,0.0708401309,0.0822159377,0.0853959966,0.0774234606,0.0689645966,0.0701403701,0.0700589685,0.0623593491,0.0617189384,0.0624554658,0.0688563654,0.0695108690,0.0695644647,0.0691944563,0.0696031049,0.0687377771,0.0689989886,0.0689441601,0.0693802115,0.0692089837,0.0689752074,0.0691465784,0.0619102926,0.0616758268,0.0622490111,0.0696958254,0.0690844475,0.0687202541,0.0691223006,0.0691630924,0.0694451690,0.0688948095,0.0691638280,0.0686399263,0.0689439418,0.0682891287,0.0697804639,0.0618593321,0.0614093981,0.0617048044,0.0694087164,0.0691053457,0.0704934193,0.0692583228,0.0697794992,0.0693768753,0.0692417720,0.0698731193,0.0695712228,0.0694695565,0.0696408322,0.0688615482,0.0623237270,0.0628205412,0.0615598192,0.0699809171,0.0692807967,0.0696872880,0.0693037646,0.0693854970,0.0695746467,0.0692830693,0.0694677899,0.0696299095,0.0693907625,0.0699926732,0.0696132294,0.0623001849,0.0626224515,0.0622353029,0.0173826116,0.0171824904,0.0170898410,0.0175486519,0.0173632636,0.0173470274,0.0171502207,0.0172545273,0.0172631030,0.0173756742,0.0171787945,0.0172120740,0.0163178539,0.0161750993,0.0162346760,0.0063153873,0.0063331146,0.0063610054,0.0063708931,0.0063474018,0.0063782938,0.0062829092,0.0063763688,0.0064006302,0.0063342817,0.0063440389,0.0063292536,0.0060083688,0.0059731680,0.0060031273,0.0063545478,0.0063827406,0.0063891380,0.0063253409,0.0063039645,0.0062183099,0.0063291266,0.0063395854,0.0062655490,0.0063362064,0.0062710448,0.0062308065,0.0059523058,0.0060580267,0.0059912661,0.0063962024,0.0063363901,0.0063606770,0.0063758663,0.0063267945,0.0062863445,0.0063278851,0.0063241125,0.0062871742,0.0062836732,0.0062542959,0.0063310647,0.0060357036,0.0058751541,0.0059782534,0.0063393273,0.0062775140,0.0063077239,0.0063358617,0.0063003356,0.0062527637,0.0063198529,0.0062931192,0.0062987012,0.0062613821,0.0062969959,0.0062242482,0.0060157459,0.0059024232,0.0060599379,0.0062875533,0.0062862171,0.0062534632,0.0062415465,0.0062970718,0.0063203884,0.0062637883,0.0063086665,0.0062352831,0.0062997504,0.0062907794,0.0062650216,0.0058995210,0.0060340110,0.0059634589,0.0062736737,0.0063222164,0.0062460530,0.0062463508,0.0063311601,0.0062621630,0.0063100763,0.0063060974,0.0062641991,0.0062863490,0.0063432567,0.0062644043,0.0060241174,0.0059302317,0.0058974650,0.0062224352,0.0062548780,0.0063158877,0.0062932849,0.0063739873,0.0062737316,0.0062745020,0.0062846630,0.0062419426,0.0063023839,0.0062780919,0.0063309762,0.0059652356,0.0059908006,0.0059781834,0.0063594839,0.0062695721,0.0062954873,0.0062437428,0.0062893717,0.0062843021,0.0062695410,0.0062854567,0.0063995657,0.0063130236,0.0062865904,0.0062254810,0.0059170787,0.0059855778,0.0059813402,0.0063129401,0.0062502080,0.0062329236,0.0062624749,0.0063555605,0.0063104702,0.0062419550,0.0062487378,0.0062867736,0.0063101712,0.0062554139,0.0062305590,0.0059100169,0.0059799523,0.0059004596,0.0062737100,0.0062538050,0.0062614488,0.0062797248,0.0062708563,0.0062813551,0.0063021611,0.0062959820,0.0062543532,0.0062563533,0.0062631069,0.0062452432,0.0058914015,0.0059884012,0.0058997946,0.0062905334,0.0062566595,0.0063004563,0.0062694050,0.0063346604,0.0062408581,0.0063309232,0.0062948679,0.0062847050,0.0062387995,0.0063266880,0.0062439210,0.0059188596,0.0059045934,0.0059027003,0.0062380750,0.0062309132,0.0062605603,0.0062005942,0.0062969455,0.0062700074,0.0062741022,0.0061890881,0.0063425341,0.0062402584,0.0063439617,0.0062874875,0.0059575452,0.0059536561,0.0059376621,0.0062226018,0.0062217342,0.0063033698,0.0062192679,0.0062503738,0.0062581738,0.0062285584,0.0062988646,0.0062104191,0.0063877202,0.0062806625,0.0063259102,0.0058926631,0.0059630838,0.0059512564,0.0062462811,0.0062660529,0.0062577443,0.0062733984,0.0063002423,0.0062819512,0.0061985790,0.0062356428,0.0062296445,0.0062884497,0.0061975004,0.0063086316,0.0060225497,0.0059214675,0.0059074376,0.0062414177,0.0061921381,0.0063010043,0.0062739284,0.0062387602,0.0063237729,0.0062587612,0.0062495662,0.0062099617,0.0061808613,0.0062449408,0.0063219770,0.0059591477,0.0059067644,0.0059702579,0.0063146349,0.0062524675,0.0062148559,0.0062742433,0.0062097663,0.0062950873,0.0062656378,0.0062606192,0.0062289269,0.0062525786,0.0062575925,0.0062293935,0.0059210640,0.0059178497,0.0059364428,0.0063294466,0.0062771034,0.0063119587,0.0062544843,0.0062668875,0.0062297303,0.0062604030,0.0062375291,0.0062121273,0.0062536095,0.0062394722,0.0062437698,0.0059395170,0.0059909298,0.0058898707,0.0062730127,0.0062505806,0.0061606944,0.0062809377,0.0062453929,0.0062624984,0.0062920036,0.0062679410,0.0062825931,0.0062234264,0.0062071242,0.0062472443,0.0059198966,0.0059401480,0.0059262285,0.0053438618,0.0053353787,0.0052968402,0.0052648406,0.0052655401,0.0052718227,0.0052413000,0.0052889807,0.0052541019,0.0052533143,0.0052814615,0.0052619923,0.0050104403,0.0049636529,0.0050115901
36,30,35,21,40,38,28,29,19,42,24,33,14,25,27,26,8,46,4,31,39,37,11,32,13,32,34,47,21,30,37,42,29,14,8,28,35,11,24,18,40,36,20,23,22,28,12,17,39,19,26,16,41,33,38,17,45,16,17,15,0,5,24,32,25,45,38,40,21,20,10,47,45,3,43,18,44,2,35,27,12,39,19,11,31,27,37,9,34,0,6,42,22,44,43,23,4,36,9,13,29,1,12,2,10,25,9,7,31,30,23,3,7,46,0,15,13,6,41,7,1,3,5,46,2,10,4,15,22,20,43,6,44,5,1,47,8,18,33,14,41,26,19,16,34,18,21,14,8,47,40,29,30,31,33,45,21,37,26,36,34,42,6,21,11,3,1,35,16,31,42,24,27,21,4,26,36,16,12,44,9,31,25,41,14,30,42,32,36,37,31,11,13,4,34,39,30,22,46,10,36,38,35,41,33,16,40,20,38,28,20,6,44,8,45,14,39,40,42,25,29,14,27,5,1,10,33,28,32,1,30,4,28,24,27,43,16,2,19,18,16,44,35,11,17,33,17,18,32,39,22,13,22,29,10,34,46,13,32,9,10,22,12,23,5,11,11,8,9,19,33,13,29,38,26,46,40,38,47,5,18,38,33,15,40,19,31,4,47,20,15,34,25,26,23,2,21,18,17,26,28,34,12,19,24,18,41,15,43,11,0,28,25,42,14,42,14,0,22,20,24,13,38,37,39,23,44,31,46,14,27,34,6,27,32,19,8,34,8,7,37,12,3,23,37,40,35,39,6,41,25,24,29,4,30,38,47,43,21,32,29,24,9,15,30,0,25,35,28,27,24,17,47,0,41,45,35,18,13,36,33,19,29,27,1,26,39,13,11,30,3,37,26,7,41,21,28,36,32,2,31,20,45,7,36,23,16,8,5,2,42,40,7,3,43,26,47,24,39,35,17,1,15,16,12,0,10,3,2,4,9,8,6,7,5
0.0465082878,0.0393295948,0.0270957622,0.0268206849,0.0247822493,0.0248122765,0.0242412538,0.0258303824,0.0269173223,0.0268936543,0.0277967125,0.0581650642,0.0789297391,0.0637529691,0.0519565163,0.0636998859,0.0552428424,0.0597563203,0.0506425261,0.0429239434,0.0413299122,0.0413058350,0.0414079456,0.0416836193,0.0455157875,0.0620877865,0.1015120376,0.1022212957,0.0766659870,0.0657783343,0.0861168331,0.0974908553,0.0981484201,0.0809410366,0.0755084408,0.0715181919,0.0690463300,0.0690938895,0.0691445524,0.0720230934,0.0863589637,0.0783167653,0.0600049591,0.0601611336,0.0605558357,0.0694602686,0.0697437739,0.0706322449,0.0887913699,0.1082953228,0.1074603341,0.0993676843,0.0953862189,0.1005121784,0.1091238822,0.0812599752,0.0693569058,0.0626459093,0.0633426052,0.0624539368,0.0689475592,0.0690143777,0.0693854772,0.0693833426,0.0692201734,0.0768548773,0.0895623383,0.0922991463,0.0844276614,0.0704970399,0.0691455252,0.0687755676,0.0621726326,0.0623851364,0.0624166151,0.0693802630,0.0693683687,0.0685821578,0.0695068801,0.0700376698,0.0697133184,0.0691938894,0.0682630112,0.0690660558,0.0691796967,0.0693154034,0.0685720360,0.0619251323,0.0621810835,0.0630009694,0.0690708918,0.0691382587,0.0691930155,0.0694157564,0.0691269090,0.0691074868,0.0685765522,0.0688044049,0.0690216079,0.0690165426,0.0696078491,0.0694931410,0.0614941386,0.0622785118,0.0621306809,0.0691362428,0.0701858376,0.0696257635,0.0696244865,0.0695046992,0.0692769808,0.0700019278,0.0698976502,0.0702645162,0.0693641147,0.0700184174,0.0696276946,0.0629150659,0.0629761908,0.0627670011,0.0690851330,0.0698292782,0.0699166240,0.0698126882,0.0693103455,0.0697599437,0.0696152487,0.0697650987,0.0706526646,0.0699463629,0.0696513677,0.0696932349,0.0623194488,0.0630536841,0.0618384151,0.0173875271,0.0172146884,0.0173641874,0.0172181037,0.0174169708,0.0173962946,0.0171985509,0.0172056738,0.0174816635,0.0172596595,0.0173075264,0.0172060879,0.0162703665,0.0161900091,0.0161986921,0.0062884702,0.0063328199,0.0063574941,0.0063401408,0.0063671386,0.0063125713,0.0062717386,0.0063722335,0.0063134522,0.0063077682,0.0063511587,0.0063481985,0.0060459701,0.0060221026,0.0059726270,0.0063343816,0.0063462316,0.0063057386,0.0062957406,0.0063359713,0.0063423273,0.0063338625,0.0063521617,0.0062988418,0.0063108339,0.0062686659,0.0063364684,0.0059347967,0.0060132882,0.0059664357,0.0063128217,0.0063514393,0.0063117389,0.0062492233,0.0063688950,0.0063699169,0.0062533011,0.0062852068,0.0063695752,0.0062620826,0.0063308935,0.0063002021,0.0060071856,0.0059638258,0.0060702400,0.0062991100,0.0062588783,0.0062850839,0.0062712950,0.0062745292,0.0063821512,0.0063433589,0.0063096343,0.0063060840,0.0063095904,0.0062763634,0.0062353077,0.0059993039,0.0059892309,0.0059003429,0.0063477857,0.0062564620,0.0061859351,0.0062643711,0.0063115463,0.0063371055,0.0063464790,0.0062745028,0.0062952480,0.0062384234,0.0062943635,0.0062663077,0.0059203999,0.0060482381,0.0060244326,0.0063235960,0.0062930140,0.0062446930,0.0062676971,0.0064133768,0.0062523126,0.0063000334,0.0062798799,0.0063733211,0.0062945404,0.0062968888,0.0062943764,0.0059652674,0.0060030824,0.0059584566,0.0062526070,0.0063135408,0.0063289604,0.0063145503,0.0062414575,0.0062790094,0.0062494859,0.0063023489,0.0063186452,0.0062597623,0.0062840621,0.0062480011,0.0059992190,0.0059535566,0.0059138633,0.0062985161,0.0062614182,0.0062544652,0.0062740662,0.0062686987,0.0062522848,0.0063157755,0.0063220962,0.0063065891,0.0062493457,0.0062543427,0.0063264891,0.0059987669,0.0059887406,0.0060421476,0.0062867945,0.0062913274,0.0062877573,0.0063338119,0.0062936316,0.0062915366,0.0062640659,0.0062828420,0.0062489215,0.0062433837,0.0063167007,0.0062422146,0.0059453444,0.0059421293,0.0059709534,0.0062585827,0.0062691688,0.0062921241,0.0062377659,0.0062482299,0.0062555409,0.0062797258,0.0062839840,0.0062630755,0.0062351886,0.0062771634,0.0062730294,0.0059896770,0.0059155174,0.0058713521,0.0063039705,0.0062705302,0.0062677228,0.0061985338,0.0062608171,0.0062347655,0.0062876315,0.0062584942,0.0062680480,0.0062496117,0.0062553830,0.0061981906,0.0060008312,0.0060319937,0.0059192924,0.0063076962,0.0062711387,0.0063051936,0.0061959361,0.0062531109,0.0062672523,0.0062717011,0.0062768898,0.0062418405,0.0063442196,0.0062992616,0.0063078959,0.0059562145,0.0059314577,0.0059163479,0.0061719651,0.0062097430,0.0062771614,0.0063261278,0.0062597360,0.0062927612,0.0062042815,0.0062808632,0.0062242485,0.0062419566,0.0062455889,0.0062264327,0.0059375604,0.0058698504,0.0058903736,0.0062851506,0.0062862370,0.0062558280,0.0062706601,0.0063098907,0.0062207510,0.0062302986,0.0062654418,0.0062957250,0.0062177699,0.0062698352,0.0062663904,0.0058821032,0.0059413902,0.0058843259,0.0062415975,0.0061881586,0.0061983698,0.0062304483,0.0063606721,0.0062788566,0.0062941931,0.0061962099,0.0063128358,0.0062116669,0.0062709984,0.0062321517,0.0059481679,0.0059507317,0.0059592854,0.0062094125,0.0062790900,0.0063147096,0.0062467952,0.0062820955,0.0062403700,0.0062782808,0.0062786144,0.0062159426,0.0062569092,0.0062628555,0.0062272007,0.0059317112,0.0058887942,0.0059171396,0.0062487062,0.0062873328,0.0062671008,0.0062725332,0.0061965302,0.0062521062,0.0062588071,0.0062284588,0.0061740401,0.0062514948,0.0062248100,0.0063025168,0.0059168936,0.0059179734,0.0059544202,0.0062241761,0.0062543604,0.0062670703,0.0062007275,0.0062057191,0.0062721488,0.0062919481,0.0062482806,0.0062765539,0.0063002970,0.0062660833,0.0062520984,0.0059475058,0.0058941635,0.0059029687,0.0053482185,0.0053227846,0.0052856601,0.0053220367,0.0052170794,0.0054276465,0.0053019370,0.0052430718,0.0053001393,0.0053030415,0.0053029935,0.0053472693,0.0050167419,0.0049162546,0.0049929921
28,32,23,0,21,45,16,42,43,44,27,33,30,41,35,37,25,22,40,39,29,18,26,30,31,15,46,37,29,46,21,16,47,43,26,39,33,14,40,32,45,27,19,20,17,16,20,3,44,24,36,38,41,34,12,23,20,5,8,4,3,19,32,10,27,31,0,42,18,26,35,25,12,9,24,43,11,11,17,7,42,30,18,8,19,29,40,6,10,1,9,39,21,28,35,7,0,25,45,23,47,13,7,14,11,1,31,28,33,10,9,22,15,4,4,6,44,36,38,13,22,15,8,13,6,5,14,5,2,2,17,1,2,34,3,46,36,0,47,37,38,23,24,34,41,27,12,44,42,43,43,36,30,31,21,38,42,37,21,37,18,29,13,3,10,24,39,45,21,32,34,28,46,13,40,23,2,42,19,11,46,41,29,34,26,1,27,18,6,44,37,34,18,15,4,45,34,34,39,26,33,46,13,22,0,21,40,14,23,21,7,2,34,13,20,47,12,36,0,24,11,10,20,17,47,26,12,22,24,35,6,37,33,9,3,12,11,16,36,19,37,40,45,14,32,28,32,45,14,30,35,32,2,12,0,28,21,17,16,12,43,19,47,47,42,0,41,29,7,5,41,28,3,5,26,39,15,26,4,38,41,47,28,6,22,27,36,4,36,22,39,29,18,38,42,8,21,17,8,21,9,44,27,18,38,11,31,15,46,8,24,18,31,25,24,5,1,1,27,19,20,30,23,47,9,16,5,43,44,38,38,36,31,35,29,46,42,23,31,41,37,23,18,46,41,23,15,45,25,25,40,26,4,45,8,25,35,15,34,27,10,24,28,29,7,16,47,27,30,22,19,0,45,26,1,44,31,33,31,29,16,14,3,44,32,43,43,33,30,37,30,33,40,39,16,46,2,6,32,35,12,17,39,9,16,24,30,20,38,20,7,10,17,41,39,28,25,32,40,35,14,13,10,7,8,12,0,11,6,4,9,5,1,2,3
0.0457510891,0.0355763452,0.0265946555,0.0263563871,0.0244084090,0.0242321105,0.0242365883,0.0252528835,0.0271415249,0.0269037806,0.0284599077,0.0589144855,0.0826761400,0.0635397484,0.0501153290,0.0616559677,0.0513113688,0.0591086274,0.0478496934,0.0427498402,0.0404924830,0.0412897220,0.0412864801,0.0411267867,0.0454393710,0.0602937070,0.0977324103,0.1024227780,0.0735356229,0.0642773614,0.0892205321,0.1013395381,0.0964720515,0.0810960101,0.0752415388,0.0710744138,0.0688326305,0.0686092504,0.0683602104,0.0702260491,0.0838454885,0.0802837773,0.0613707545,0.0598694831,0.0598003295,0.0692393719,0.0696330685,0.0714392175,0.0924398697,0.1073576588,0.1009051275,0.0964808674,0.0932079361,0.0955329456,0.1074043188,0.0845798128,0.0692644011,0.0626949722,0.0631958644,0.0625134115,0.0687380031,0.0694859887,0.0690366276,0.0698298727,0.0699402139,0.0829187965,0.0927207256,0.0958597503,0.0891788959,0.0727131389,0.0682220796,0.0687640857,0.0622026022,0.0620860862,0.0623413636,0.0694717307,0.0689166575,0.0689014635,0.0690372313,0.0701000079,0.0691542211,0.0690523345,0.0689520428,0.0693272668,0.0692926240,0.0690634058,0.0684298080,0.0621604953,0.0616835863,0.0629039598,0.0696102545,0.0688757503,0.0688846588,0.0690257974,0.0682897820,0.0685832399,0.0679128208,0.0684149972,0.0688487075,0.0680097679,0.0686947896,0.0696728568,0.0618960240,0.0618504497,0.0620424346,0.0690763628,0.0697702675,0.0686975982,0.0696558868,0.0697434576,0.0699031240,0.0701113952,0.0693268596,0.0693919969,0.0693285095,0.0697027639,0.0693379937,0.0627408828,0.0629521276,0.0627543230,0.0697714084,0.0701052313,0.0695997958,0.0698960689,0.0697206744,0.0698680528,0.0699314224,0.0693769788,0.0705514099,0.0698175598,0.0691401620,0.0696889698,0.0618997842,0.0623695670,0.0614938132,0.0173013862,0.0172133773,0.0173045342,0.0173036456,0.0174218672,0.0173885270,0.0171789180,0.0171352713,0.0174396823,0.0172967460,0.0173097498,0.0172276460,0.0163152722,0.0160665589,0.0161102904,0.0062817392,0.0063430786,0.0063627330,0.0063291168,0.0063571510,0.0063269921,0.0062726955,0.0063611272,0.0063090964,0.0062983528,0.0063437474,0.0063481679,0.0060363434,0.0060314177,0.0059772754,0.0063220154,0.0063398174,0.0063128341,0.0062883259,0.0063254194,0.0063513796,0.0063177680,0.0063540005,0.0063112408,0.0062883916,0.0062657387,0.0063308193,0.0059234501,0.0060052322,0.0059692325,0.0063051572,0.0063520212,0.0062958006,0.0062474977,0.0063622285,0.0063679335,0.0062460533,0.0062788091,0.0063660008,0.0062649264,0.0063211492,0.0062853164,0.0059944780,0.0059733068,0.0060747519,0.0063108487,0.0062641680,0.0062798039,0.0062848058,0.0062708590,0.0063694678,0.0063517381,0.0063241762,0.0062981785,0.0062991055,0.0062586918,0.0062321779,0.0059998749,0.0059956491,0.0059005560,0.0063434271,0.0062630922,0.0061835725,0.0062720470,0.0063003695,0.0063475275,0.0063327775,0.0062833136,0.0062958997,0.0062401759,0.0062954613,0.0062682540,0.0059167110,0.0060439422,0.0060179778,0.0063193405,0.0062830591,0.0062347515,0.0062744968,0.0064070211,0.0062506233,0.0062994085,0.0062811803,0.0067251896,0.0062825565,0.0063049621,0.0062908025,0.0059539207,0.0060022486,0.0059577228,0.0062581805,0.0063052582,0.0063167678,0.0063122668,0.0062457723,0.0062663667,0.0062571355,0.0062956890,0.0063088359,0.0062555620,0.0062812908,0.0062638467,0.0059859686,0.0059510849,0.0058933962,0.0062789229,0.0062495205,0.0062466059,0.0062646243,0.0062793063,0.0062412653,0.0063095356,0.0063319682,0.0063064000,0.0062393311,0.0062523067,0.0063117944,0.0059907975,0.0059876659,0.0060325002,0.0062862780,0.0062770649,0.0062867446,0.0063172403,0.0062904770,0.0062810500,0.0062709109,0.0062784030,0.0062513805,0.0062326120,0.0063072941,0.0062443357,0.0059344936,0.0059404848,0.0059555875,0.0062507220,0.0062618020,0.0062839465,0.0062331024,0.0062379178,0.0062360148,0.0062622524,0.0062728757,0.0062563320,0.0062454820,0.0062906072,0.0062732384,0.0059895811,0.0059129942,0.0058606940,0.0063067786,0.0062651361,0.0062527885,0.0061996073,0.0062494146,0.0062359655,0.0062821200,0.0062512016,0.0062766821,0.0062455863,0.0062532968,0.0061929138,0.0059957144,0.0060265806,0.0059049953,0.0063117357,0.0062709270,0.0063046638,0.0062066050,0.0062550899,0.0062630913,0.0062722396,0.0062684709,0.0062293318,0.0063421955,0.0062917289,0.0063080240,0.0059442232,0.0059174594,0.0059095660,0.0061749689,0.0062084556,0.0062819871,0.0063337279,0.0062453357,0.0062787122,0.0062000036,0.0062674221,0.0062028936,0.0062367364,0.0062462660,0.0062309055,0.0059338268,0.0058646023,0.0058864261,0.0062695750,0.0062929355,0.0062431763,0.0062609857,0.0063128173,0.0062077958,0.0062417237,0.0062666792,0.0062791742,0.0062065843,0.0062551296,0.0062638100,0.0058812876,0.0059319081,0.0058848022,0.0062518749,0.0061912429,0.0061940417,0.0062123843,0.0063394887,0.0062678267,0.0062844367,0.0062097026,0.0063032849,0.0062057612,0.0062614678,0.0062219893,0.0059458108,0.0059610976,0.0059471770,0.0061984389,0.0062749286,0.0063228064,0.0062523760,0.0062669050,0.0062449986,0.0062718533,0.0062673077,0.0062187498,0.0062679588,0.0062399579,0.0062206513,0.0059288903,0.0058852943,0.0059147896,0.0062359251,0.0062847039,0.0062716176,0.0062673404,0.0061921677,0.0062416549,0.0062577275,0.0062413034,0.0061714812,0.0062483241,0.0062394224,0.0063015524,0.0058986762,0.0059039745,0.0059295643,0.0062276023,0.0062421597,0.0062520059,0.0062028044,0.0061937908,0.0062644976,0.0063036219,0.0062525447,0.0062742453,0.0062928425,0.0062529365,0.0062577735,0.0059267031,0.0058814533,0.0058955128,0.0053523551,0.0053233454,0.0052746929,0.0053188334,0.0052147988,0.0054172767,0.0053081202,0.0052361087,0.0052926597,0.0053150190,0.0053079816,0.0053294964,0.0050032510,0.0049187566,0.0049787698
28,32,23,0,21,45,16,42,43,44,27,33,30,41,35,37,25,22,40,39,29,18,26,30,31,15,46,37,29,46,21,16,47,43,26,39,33,14,40,32,45,27,19,20,17,16,20,3,44,24,36,38,41,34,12,23,20,5,8,4,3,19,32,10,27,31,0,42,18,26,35,25,12,9,24,43,11,11,17,7,42,30,18,8,19,29,40,6,10,1,9,39,21,28,35,7,0,25,45,23,47,13,7,14,11,1,31,28,33,10,9,22,15,4,4,6,44,36,38,13,22,15,8,13,6,5,14,5,2,2,17,1,2,34,3,46,36,0,47,37,38,23,24,34,41,27,12,44,42,43,43,36,30,31,21,38,42,37,21,37,18,29,13,3,10,24,39,45,21,32,34,28,46,13,40,23,2,42,19,11,46,41,29,34,26,1,27,18,6,44,37,34,18,15,4,45,34,34,39,26,33,46,13,22,0,21,40,14,23,21,7,2,34,13,20,47,12,36,0,24,11,10,20,17,47,26,12,22,24,35,6,37,33,9,3,12,11,16,36,19,37,40,45,14,32,28,32,45,14,30,35,32,2,12,0,28,21,17,16,12,43,19,47,47,42,0,41,29,7,5,41,28,3,5,26,39,15,26,4,38,41,47,28,6,22,27,36,4,36,22,39,29,18,38,42,8,21,17,8,21,9,44,27,18,38,11,31,15,46,8,24,18,31,25,24,5,1,1,27,19,20,30,23,47,9,16,5,43,44,38,38,36,31,35,29,46,42,23,31,41,37,23,18,46,41,23,15,45,25,25,40,26,4,45,8,25,35,15,34,27,10,24,28,29,7,16,47,27,30,22,19,0,45,26,1,44,31,33,31,29,16,14,3,44,32,43,43,33,30,37,30,33,40,39,16,46,2,6,32,35,12,17,39,9,16,24,30,20,38,20,7,10,17,41,39,28,25,32,40,35,14,13,10,7,8,12,0,11,6,4,9,5,1,2,3
0.0460469504,0.0332776940,0.0265453121,0.0263334271,0.0246219663,0.0242446314,0.0242362273,0.0260326047,0.0269644817,0.0269342720,0.0286027547,0.0577076106,0.0868792805,0.0642175579,0.0499642197,0.0615950121,0.0483413965,0.0594285130,0.0450238710,0.0418484652,0.0400564254,0.0402750548,0.0404717448,0.0402333843,0.0443568099,0.0561141745,0.0938751111,0.1024541829,0.0705040097,0.0632594233,0.0938284721,0.1070243098,0.0966387041,0.0817097864,0.0745447710,0.0710152985,0.0690187983,0.0686637652,0.0691658130,0.0706814762,0.0867238822,0.0833205746,0.0622264776,0.0604545725,0.0604330252,0.0691583939,0.0696210557,0.0730145897,0.0949002842,0.1063379954,0.0981040261,0.0959166533,0.0918109021,0.0941075466,0.1048887887,0.0880960382,0.0698876500,0.0628040291,0.0630274695,0.0620937586,0.0689474581,0.0693048898,0.0690867122,0.0690905546,0.0732296726,0.0857077960,0.0957286141,0.0984556676,0.0922939306,0.0763657422,0.0690611170,0.0692197535,0.0622007970,0.0622464026,0.0622081556,0.0696177305,0.0691408182,0.0694208184,0.0691234183,0.0700200663,0.0691707748,0.0690858709,0.0690478407,0.0691513990,0.0693144225,0.0692119291,0.0690512156,0.0622521907,0.0618513554,0.0627324207,0.0693889715,0.0688322127,0.0687587971,0.0687239796,0.0691937381,0.0687626497,0.0683327856,0.0690794984,0.0687510662,0.0691753889,0.0691783727,0.0699487528,0.0619650815,0.0625209721,0.0623277473,0.0695257422,0.0698402456,0.0692246343,0.0702019608,0.0697536936,0.0697783168,0.0697251533,0.0699516841,0.0700691856,0.0690953679,0.0694066631,0.0697004661,0.0627145623,0.0628642962,0.0628727916,0.0686340818,0.0699554495,0.0697145057,0.0699870432,0.0688386001,0.0698444673,0.0698423417,0.0698572364,0.0707049572,0.0698070229,0.0700971986,0.0694733876,0.0623131858,0.0629905602,0.0617838966,0.0173146758,0.0171856354,0.0173346222,0.0172587299,0.0174199431,0.0174245770,0.0171821515,0.0171930493,0.0174640252,0.0172111343,0.0172457005,0.0172576657,0.0163079457,0.0161422040,0.0161925405,0.0062892489,0.0063311264,0.0063583232,0.0063370601,0.0063697859,0.0063059436,0.0062713998,0.0063708798,0.0063173840,0.0063064875,0.0063586089,0.0063356079,0.0060323818,0.0060235454,0.0059849481,0.0063434211,0.0063424415,0.0063146879,0.0062951544,0.0063235622,0.0063406677,0.0063240509,0.0063436153,0.0062997044,0.0063031410,0.0062722747,0.0063370798,0.0059255513,0.0060080190,0.0059668430,0.0063062012,0.0063572066,0.0063087577,0.0062430417,0.0063818589,0.0063698291,0.0062694990,0.0062992540,0.0063827196,0.0062646353,0.0063192905,0.0063090907,0.0059926008,0.0059716439,0.0060754396,0.0062949366,0.0062540440,0.0062959227,0.0062838556,0.0062838379,0.0063768379,0.0063449919,0.0063112376,0.0062946515,0.0063072917,0.0062660402,0.0062287078,0.0060054523,0.0059967966,0.0059103677,0.0063479147,0.0062650723,0.0061791699,0.0062664506,0.0063051237,0.0063473871,0.0063382326,0.0062768341,0.0062832952,0.0062488708,0.0062919027,0.0062705691,0.0059125176,0.0060511128,0.0060177381,0.0063427724,0.0062883851,0.0062417423,0.0063044984,0.0063900286,0.0062627550,0.0062956086,0.0062738241,0.0064018479,0.0062927835,0.0062884375,0.0062963154,0.0059518389,0.0060074348,0.0059526093,0.0062634381,0.0063108582,0.0063274642,0.0062989002,0.0062389604,0.0062758093,0.0062588287,0.0062930081,0.0063203550,0.0062572547,0.0062627070,0.0062586545,0.0059875552,0.0059549278,0.0059090390,0.0062864168,0.0062635755,0.0062594645,0.0062623938,0.0062709007,0.0062464356,0.0063192337,0.0063333497,0.0063045983,0.0062484814,0.0062532601,0.0063278630,0.0059979691,0.0059962013,0.0060431608,0.0062941843,0.0062790328,0.0062970372,0.0063480585,0.0063059495,0.0062826399,0.0062783407,0.0062740172,0.0062489159,0.0062312201,0.0063302884,0.0062534505,0.0059314890,0.0059487404,0.0059535128,0.0062810324,0.0062708817,0.0062767859,0.0062356361,0.0062440130,0.0062573561,0.0062651144,0.0062724190,0.0062565089,0.0062364170,0.0062930744,0.0062812574,0.0059914452,0.0059336458,0.0058649858,0.0063131148,0.0062824876,0.0062695299,0.0061897865,0.0062441328,0.0062512357,0.0062906387,0.0062605576,0.0062757089,0.0062605447,0.0062789433,0.0062098030,0.0059942075,0.0060435614,0.0059344411,0.0063159880,0.0062760801,0.0063066228,0.0062125271,0.0062627788,0.0062634905,0.0062806692,0.0062858624,0.0062386567,0.0063380922,0.0062884436,0.0063039326,0.0059464981,0.0059262851,0.0059191820,0.0061768665,0.0062040258,0.0062685661,0.0063252258,0.0062382504,0.0062790938,0.0062170092,0.0062720410,0.0062181572,0.0062403959,0.0062459620,0.0062301124,0.0059226421,0.0058643305,0.0058932033,0.0062812741,0.0062977974,0.0062489220,0.0062823475,0.0063390568,0.0062132581,0.0062523316,0.0062733930,0.0062796523,0.0062035552,0.0062887588,0.0062688675,0.0058928712,0.0059196056,0.0058931553,0.0062522334,0.0062046112,0.0061972784,0.0062209060,0.0063474889,0.0062715900,0.0062872144,0.0062105780,0.0062995134,0.0062101268,0.0062728064,0.0062307683,0.0059559719,0.0059740550,0.0059638069,0.0061966985,0.0062799564,0.0063191004,0.0062365782,0.0062787031,0.0062420182,0.0062747013,0.0062741252,0.0062135807,0.0062682596,0.0062484519,0.0062197292,0.0059254271,0.0058920621,0.0059188101,0.0062429268,0.0062912087,0.0062710766,0.0062783350,0.0061987346,0.0062548537,0.0062580562,0.0062393255,0.0061843222,0.0062459940,0.0062258420,0.0062874132,0.0058984689,0.0059045802,0.0059455433,0.0062454653,0.0062606132,0.0062495214,0.0062009889,0.0061920323,0.0062756254,0.0062999546,0.0062605475,0.0063005430,0.0063027029,0.0062481104,0.0062824493,0.0059188805,0.0058989201,0.0058997070,0.0053450191,0.0053278022,0.0052907272,0.0053237439,0.0052138433,0.0054063366,0.0054253972,0.0052322704,0.0053037778,0.0053228393,0.0053100611,0.0053359249,0.0050184784,0.0049163134,0.0049850424
28,32,23,0,21,45,16,42,43,44,27,33,30,41,35,37,25,22,40,39,29,18,26,30,31,15,46,37,29,46,21,16,47,43,26,39,33,14,40,32,45,27,19,20,17,16,20,3,44,24,36,38,41,34,12,23,20,5,8,4,3,19,32,10,27,31,0,42,18,26,35,25,12,9,24,43,11,11,17,7,42,30,18,8,19,29,40,6,10,1,9,39,21,28,35,7,0,25,45,23,47,13,7,14,11,1,31,28,33,10,9,22,15,4,4,6,44,36,38,13,22,15,8,13,6,5,14,5,2,2,17,1,2,34,3,46,36,0,47,37,38,23,24,34,41,27,12,44,42,43,43,36,30,31,21,38,42,37,21,37,18,29,13,3,10,24,39,45,21,32,34,28,46,13,40,23,2,42,19,11,46,41,29,34,26,1,27,18,6,44,37,34,18,15,4,45,34,34,39,26,33,46,13,22,0,21,40,14,23,21,7,2,34,13,20,47,12,36,0,24,11,10,20,17,47,26,12,22,24,35,6,37,33,9,3,12,11,16,36,19,37,40,45,14,32,28,32,45,14,30,35,32,2,12,0,28,21,17,16,12,43,19,47,47,42,0,41,29,7,5,41,28,3,5,26,39,15,26,4,38,41,47,28,6,22,27,36,4,36,22,39,29,18,38,42,8,21,17,8,21,9,44,27,18,38,11,31,15,46,8,24,18,31,25,24,5,1,1,27,19,20,30,23,47,9,16,5,43,44,38,38,36,31,35,29,46,42,23,31,41,37,23,18,46,41,23,15,45,25,25,40,26,4,45,8,25,35,15,34,27,10,24,28,29,7,16,47,27,30,22,19,0,45,26,1,44,31,33,31,29,16,14,3,44,32,43,43,33,30,37,30,33,40,39,16,46,2,6,32,35,12,17,39,9,16,24,30,20,38,20,7,10,17,41,39,28,25,32,40,35,14,13,10,7,8,12,0,11,6,4,9,5,1,2,3
0.0465824806,0.0326205303,0.0264634221,0.0263935476,0.0255878559,0.0243890126,0.0243007671,0.0261687624,0.0269308257,0.0267824799,0.0285579235,0.0546016250,0.0903087287,0.0687014700,0.0518053664,0.0586777618,0.0462217887,0.0615039893,0.0463142377,0.0430799322,0.0402611833,0.0403449091,0.0409831658,0.0411515950,0.0441769407,0.0562111119,0.0987185037,0.1012074276,0.0655408247,0.0613116174,0.0918019533,0.1074651876,0.0938336924,0.0786083023,0.0730935932,0.0697640375,0.0683134376,0.0688291091,0.0679150560,0.0706651196,0.0857481535,0.0798138834,0.0615166342,0.0599344469,0.0596213073,0.0692483709,0.0701759584,0.0754730252,0.0969616168,0.1038331248,0.0948617865,0.0843475377,0.0809043751,0.0846385546,0.1008695256,0.0897615780,0.0697817317,0.0625872674,0.0632379409,0.0623922339,0.0692332189,0.0690727731,0.0689377485,0.0696721570,0.0750346005,0.0912985089,0.1055349640,0.1077745277,0.1025753092,0.0796887739,0.0687997741,0.0694406421,0.0622423882,0.0621948065,0.0624527209,0.0695475981,0.0689604151,0.0690082687,0.0694619896,0.0700153826,0.0695721739,0.0689335041,0.0687192076,0.0691090755,0.0692512698,0.0692360055,0.0689040685,0.0619621923,0.0619187952,0.0627123340,0.0693368913,0.0693359177,0.0694811648,0.0692213495,0.0682943834,0.0690465511,0.0684026698,0.0688364634,0.0692550723,0.0687729185,0.0690258175,0.0695367294,0.0620908546,0.0618938969,0.0621501476,0.0697495803,0.0700819279,0.0690078573,0.0699208239,0.0698145949,0.0695041868,0.0698759442,0.0701528649,0.0699722931,0.0693664431,0.0700397498,0.0697016508,0.0628149296,0.0628863388,0.0629178739,0.0695859157,0.0698086619,0.0698622053,0.0696297689,0.0698008919,0.0699878124,0.0691824371,0.0693902239,0.0705276979,0.0696047666,0.0698462078,0.0696514855,0.0619287771,0.0625466518,0.0614374932,0.0173152711,0.0172423694,0.0173489803,0.0172360249,0.0174112682,0.0173662610,0.0171690898,0.0172464534,0.0174689256,0.0172588772,0.0172629182,0.0172795075,0.0163163782,0.0161537694,0.0162048937,0.0062928388,0.0063363133,0.0063577283,0.0063312599,0.0063603070,0.0063178864,0.0062899567,0.0063764149,0.0063254465,0.0063020341,0.0063566034,0.0063359110,0.0060303158,0.0060314846,0.0059808369,0.0063252504,0.0063433760,0.0063160761,0.0062939411,0.0063172384,0.0063458777,0.0063184526,0.0063465150,0.0062980983,0.0063133568,0.0062671145,0.0063554529,0.0059396289,0.0060051360,0.0059706714,0.0063088399,0.0063545619,0.0063033507,0.0062445593,0.0063639368,0.0063795714,0.0062529538,0.0062872056,0.0063732266,0.0062689899,0.0063323573,0.0062905504,0.0059868415,0.0059677734,0.0060711788,0.0063024624,0.0062710078,0.0062968755,0.0062858893,0.0062665324,0.0063857195,0.0063403638,0.0063119867,0.0063015252,0.0063108886,0.0062616565,0.0062260428,0.0059964106,0.0059883902,0.0059014587,0.0063441562,0.0062761837,0.0061938580,0.0062642253,0.0063049333,0.0063374921,0.0063317858,0.0062697077,0.0062858398,0.0062334532,0.0063018505,0.0062703127,0.0059175346,0.0060474961,0.0060187101,0.0063229859,0.0062870713,0.0062271910,0.0062825604,0.0063999964,0.0062563991,0.0062972010,0.0062824040,0.0063852748,0.0062927869,0.0062781251,0.0063012851,0.0059598117,0.0060082991,0.0059519936,0.0062605246,0.0063156693,0.0063173363,0.0063089420,0.0062375415,0.0062829266,0.0062510151,0.0063118528,0.0063193623,0.0062628112,0.0062786008,0.0062549447,0.0060073931,0.0059448580,0.0059023058,0.0062823110,0.0062588436,0.0062580341,0.0062567374,0.0062894479,0.0062667146,0.0063172519,0.0063237883,0.0063199571,0.0062601537,0.0062757153,0.0063232038,0.0059870205,0.0059933125,0.0060368874,0.0062947248,0.0062918386,0.0062931013,0.0063413906,0.0062813170,0.0062883786,0.0062734201,0.0062633548,0.0062544455,0.0062409682,0.0063178902,0.0062449861,0.0059271913,0.0059615401,0.0059558440,0.0062492299,0.0062688134,0.0062887874,0.0062443481,0.0062473359,0.0062540526,0.0062713012,0.0062764495,0.0062667025,0.0062393371,0.0062924949,0.0062657946,0.0059835591,0.0059196780,0.0058723023,0.0063062170,0.0062868899,0.0062630535,0.0061990795,0.0062544888,0.0062386742,0.0062834066,0.0062554690,0.0062690168,0.0062609910,0.0062598930,0.0062022069,0.0059963037,0.0060195450,0.0059163956,0.0063106878,0.0062842707,0.0063118067,0.0061925929,0.0062545709,0.0062719923,0.0062911196,0.0062821953,0.0062331821,0.0063410162,0.0062765491,0.0063071341,0.0059618688,0.0059283448,0.0059151718,0.0061813852,0.0062092456,0.0062840242,0.0063247506,0.0062524237,0.0062926729,0.0062216833,0.0062761363,0.0062174308,0.0062524936,0.0062442132,0.0062231071,0.0059189237,0.0058744116,0.0058939795,0.0062848622,0.0062908431,0.0062501508,0.0062800447,0.0063129584,0.0062477341,0.0062346580,0.0062658731,0.0062794722,0.0062040872,0.0062709574,0.0062650112,0.0058784577,0.0059301590,0.0058818589,0.0062626184,0.0061922836,0.0062046102,0.0062263760,0.0063464685,0.0062693288,0.0062901314,0.0061969154,0.0063055055,0.0062084876,0.0062667207,0.0062248266,0.0059567746,0.0059503041,0.0059626507,0.0062136984,0.0062819971,0.0063223617,0.0062414459,0.0062748720,0.0062336734,0.0062652593,0.0062680883,0.0062349627,0.0062720490,0.0062731730,0.0062536081,0.0059364205,0.0058859956,0.0059173289,0.0062345742,0.0062908968,0.0062732137,0.0062654644,0.0061886285,0.0062586309,0.0062735926,0.0062387176,0.0061713937,0.0062590037,0.0062320543,0.0062892916,0.0059051006,0.0059198166,0.0059351024,0.0062307991,0.0062460639,0.0062463405,0.0062099480,0.0062083471,0.0062659964,0.0062989804,0.0062551841,0.0062959582,0.0063039784,0.0062540780,0.0062634148,0.0059289235,0.0058949115,0.0058981979,0.0053454409,0.0053224093,0.0052920606,0.0053253791,0.0052206399,0.0054125366,0.0052953916,0.0052401414,0.0052951908,0.0053107833,0.0053195670,0.0053431558,0.0050258349,0.0049396200,0.0049866476
28,32,23,0,21,45,16,42,43,44,27,33,30,41,35,37,25,22,40,39,29,18,26,30,31,15,46,37,29,46,21,16,47,43,26,39,33,14,40,32,45,27,19,20,17,16,20,3,44,24,36,38,41,34,12,23,20,5,8,4,3,19,32,10,27,31,0,42,18,26,35,25,12,9,24,43,11,11,17,7,42,30,18,8,19,29,40,6,10,1,9,39,21,28,35,7,0,25,45,23,47,13,7,14,11,1,31,28,33,10,9,22,15,4,4,6,44,36,38,13,22,15,8,13,6,5,14,5,2,2,17,1,2,34,3,46,36,0,47,37,38,23,24,34,41,27,12,44,42,43,43,36,30,31,21,38,42,37,21,37,18,29,13,3,10,24,39,45,21,32,34,28,46,13,40,23,2,42,19,11,46,41,29,34,26,1,27,18,6,44,37,34,18,15,4,45,34,34,39,26,33,46,13,22,0,21,40,14,23,21,7,2,34,13,20,47,12,36,0,24,11,10,20,17,47,26,12,22,24,35,6,37,33,9,3,12,11,16,36,19,37,40,45,14,32,28,32,45,14,30,35,32,2,12,0,28,21,17,16,12,43,19,47,47,42,0,41,29,7,5,41,28,3,5,26,39,15,26,4,38,41,47,28,6,22,27,36,4,36,22,39,29,18,38,42,8,21,17,8,21,9,44,27,18,38,11,31,15,46,8,24,18,31,25,24,5,1,1,27,19,20,30,23,47,9,16,5,43,44,38,38,36,31,35,29,46,42,23,31,41,37,23,18,46,41,23,15,45,25,25,40,26,4,45,8,25,35,15,34,27,10,24,28,29,7,16,47,27,30,22,19,0,45,26,1,44,31,33,31,29,16,14,3,44,32,43,43,33,30,37,30,33,40,39,16,46,2,6,32,35,12,17,39,9,16,24,30,20,38,20,7,10,17,41,39,28,25,32,40,35,14,13,10,7,8,12,0,11,6,4,9,5,1,2,3
0.0468968221,0.0317251020,0.0268359501,0.0268146451,0.0263929114,0.0243906718,0.0250393567,0.0262086800,0.0267362143,0.0268845006,0.0286971076,0.0491254617,0.0934563432,0.0721773552,0.0554007892,0.0560166199,0.0471941380,0.0591697679,0.0458359855,0.0426744465,0.0400291852,0.0404209900,0.0409008337,0.0411825269,0.0438237799,0.0542681156,0.0961918877,0.0990580378,0.0639800394,0.0607638961,0.0952235818,0.1084269042,0.0914731832,0.0777040832,0.0727457018,0.0685425042,0.0673954599,0.0680835315,0.0682248529,0.0699183406,0.0853174331,0.0823314980,0.0623291250,0.0602544080,0.0595923382,0.0696671310,0.0693636741,0.0777475592,0.0985471534,0.1034779053,0.0842779436,0.0803728520,0.0797742940,0.0794255101,0.0918238284,0.0920006968,0.0707338857,0.0616730712,0.0619557665,0.0624218083,0.0688101498,0.0695258081,0.0698031281,0.0701079683,0.0781671163,0.1004021582,0.1091194290,0.1109612878,0.1070292447,0.0887234501,0.0692482554,0.0688436814,0.0623564994,0.0620060374,0.0621971137,0.0695389170,0.0684998926,0.0694953230,0.0693643593,0.0693140752,0.0694777018,0.0690667856,0.0694692790,0.0693136484,0.0697636325,0.0687000484,0.0690390028,0.0622575406,0.0623418711,0.0621986817,0.0691408092,0.0684225546,0.0690254374,0.0696192607,0.0688874134,0.0687575771,0.0692878279,0.0690517755,0.0694225348,0.0693906972,0.0690597836,0.0689578240,0.0617353543,0.0621176615,0.0628400188,0.0692933960,0.0703448064,0.0697204387,0.0695457217,0.0698879829,0.0696215522,0.0689694622,0.0696926998,0.0699509206,0.0692644060,0.0694576915,0.0697956763,0.0618652024,0.0622245666,0.0623177445,0.0688298153,0.0702344067,0.0698586488,0.0700185868,0.0695415523,0.0700984832,0.0698600154,0.0696071729,0.0698451333,0.0701072645,0.0698562121,0.0691680058,0.0631029665,0.0627740757,0.0615017645,0.0171424022,0.0171111170,0.0171908672,0.0171306722,0.0172022945,0.0173037528,0.0171526349,0.0172410609,0.0174674952,0.0172150490,0.0174249137,0.0172043977,0.0163585244,0.0163127051,0.0163109273,0.0062919376,0.0063576335,0.0063557916,0.0062964506,0.0063418219,0.0062896720,0.0062845349,0.0063356171,0.0063926764,0.0063181098,0.0063406039,0.0063448148,0.0060286403,0.0059739795,0.0059729515,0.0062603967,0.0063655025,0.0063157765,0.0063519968,0.0063091711,0.0062767858,0.0063629428,0.0062951269,0.0062712674,0.0063943941,0.0063199343,0.0063040831,0.0059599294,0.0059660780,0.0059974895,0.0063040880,0.0062923433,0.0063500923,0.0062743918,0.0062937677,0.0062687896,0.0062825188,0.0063601832,0.0063563988,0.0063891280,0.0063610639,0.0063421240,0.0060291512,0.0059915910,0.0059578545,0.0062863356,0.0062531873,0.0063084776,0.0062635954,0.0063422119,0.0063011416,0.0063091890,0.0062633114,0.0062836284,0.0063221569,0.0063323955,0.0063456625,0.0060271852,0.0059498529,0.0059903446,0.0062844679,0.0062377595,0.0063121071,0.0062543925,0.0063176997,0.0063149882,0.0062956777,0.0062676060,0.0062972112,0.0062793552,0.0062871699,0.0062787409,0.0059578595,0.0059697595,0.0060076946,0.0062876500,0.0063177745,0.0062579192,0.0062928416,0.0063057790,0.0063141588,0.0062378598,0.0062689241,0.0062346445,0.0062646028,0.0062605475,0.0062695563,0.0059220932,0.0059751621,0.0059671530,0.0062804877,0.0063109421,0.0062395643,0.0062506703,0.0063337555,0.0063555365,0.0062487314,0.0062902432,0.0062703752,0.0062522772,0.0062634831,0.0062413976,0.0059413238,0.0058966361,0.0059669477,0.0062484818,0.0062838873,0.0062967259,0.0062635813,0.0063226074,0.0063213130,0.0062984949,0.0062508131,0.0062891027,0.0062950943,0.0062684251,0.0062671996,0.0059229270,0.0059014914,0.0059745640,0.0062605954,0.0062851592,0.0063685633,0.0062630831,0.0062603049,0.0063135690,0.0063017477,0.0062960970,0.0062352727,0.0063084155,0.0062787754,0.0062905691,0.0059665061,0.0060111767,0.0059395341,0.0062237363,0.0063012322,0.0062248211,0.0062826425,0.0063278139,0.0063249581,0.0062593581,0.0062397898,0.0063940715,0.0062842637,0.0062394773,0.0063173396,0.0059324662,0.0059147675,0.0059656137,0.0062352866,0.0062936972,0.0063018005,0.0062704358,0.0062550603,0.0062997682,0.0062928910,0.0062527514,0.0062775245,0.0061881717,0.0062421001,0.0062897491,0.0059444608,0.0059714986,0.0058842576,0.0062758959,0.0063088718,0.0062911608,0.0062895735,0.0062644102,0.0062688095,0.0062885549,0.0063067628,0.0062597874,0.0062494159,0.0062662902,0.0062478964,0.0059374540,0.0059109363,0.0059495318,0.0063010614,0.0062319805,0.0062599701,0.0062789192,0.0062538085,0.0062283795,0.0062557759,0.0062649180,0.0062522562,0.0062461637,0.0062118405,0.0062966285,0.0059426238,0.0059151245,0.0058841492,0.0062478176,0.0063227721,0.0062516157,0.0062867341,0.0062680671,0.0062732870,0.0063118252,0.0062777210,0.0062887316,0.0062252469,0.0062588169,0.0062972710,0.0059524334,0.0058697680,0.0058711513,0.0062564990,0.0062589028,0.0062398479,0.0062677968,0.0062205210,0.0062409796,0.0062590171,0.0062449879,0.0062150811,0.0062521216,0.0062280738,0.0062851383,0.0058780564,0.0059176675,0.0059378354,0.0062635634,0.0061988072,0.0062425452,0.0063147113,0.0062855434,0.0062524325,0.0062787906,0.0063116716,0.0062412120,0.0062467799,0.0062591971,0.0062184806,0.0058582801,0.0059605355,0.0058933276,0.0062880485,0.0062863056,0.0063017454,0.0062420232,0.0062815788,0.0062663532,0.0062531301,0.0062540037,0.0062001410,0.0062019968,0.0062815116,0.0062559045,0.0058841064,0.0058928479,0.0058377441,0.0062656334,0.0062429628,0.0062614879,0.0062311652,0.0062260093,0.0062544148,0.0062559272,0.0063094649,0.0062558980,0.0062197237,0.0062232324,0.0062446389,0.0058926596,0.0059051664,0.0058860286,0.0053312203,0.0053096188,0.0053413000,0.0052518113,0.0052726332,0.0053304046,0.0052735557,0.0052702049,0.0052567145,0.0052900456,0.0053187191,0.0052979799,0.0049250801,0.0049304255,0.0049581405
28,12,39,34,31,22,18,25,40,30,36,15,34,25,41,35,27,17,29,20,45,47,5,32,23,44,38,26,38,9,31,19,22,5,23,24,22,40,3,27,30,45,16,21,24,6,44,32,3,42,18,36,12,40,37,39,21,19,37,8,35,29,47,10,20,25,33,13,43,47,30,17,11,0,46,16,5,20,9,14,10,45,34,44,1,14,12,4,7,33,8,0,21,41,18,27,31,36,46,39,23,15,1,10,2,15,41,32,46,11,24,0,28,1,2,35,16,42,43,26,7,17,8,4,9,6,28,11,29,4,2,7,6,13,14,43,40,3,30,26,38,26,13,37,19,33,42,37,36,38,22,12,31,42,32,22,10,39,41,33,29,47,13,15,0,39,19,15,23,18,22,25,25,29,5,16,28,39,10,11,41,27,35,16,33,42,23,3,34,9,45,17,1,12,20,34,22,26,0,4,12,5,12,31,43,44,41,7,5,23,20,32,26,12,37,3,43,18,11,47,32,19,29,19,14,31,1,44,43,3,33,27,44,43,20,35,30,45,17,42,41,13,20,42,2,45,20,47,27,45,36,30,16,40,24,42,37,35,34,7,7,19,33,28,40,30,32,3,4,18,24,15,21,18,39,5,27,47,27,4,23,17,33,46,43,18,14,4,10,13,25,21,33,6,5,18,1,2,31,9,39,2,46,29,29,1,46,32,13,42,39,28,6,9,27,44,8,45,25,28,23,13,41,46,13,34,40,47,34,26,21,34,47,34,22,19,38,31,37,21,7,39,30,13,20,12,14,19,38,3,15,11,3,37,30,20,11,15,37,18,43,24,31,42,23,15,16,27,38,33,10,40,44,41,8,36,40,29,6,29,8,0,17,0,24,25,24,38,19,28,12,9,26,2,23,36,28,3,22,38,45,6,25,32,36,43,14,9,35,32,5,28,31,25,36,26,8,35,21,22,17,7,1,10,0,14,5,2,3,4,6,16,11,8,12
0.0466200931,0.0296739388,0.0268587372,0.0269105848,0.0264055202,0.0242909820,0.0262631199,0.0264253172,0.0268131084,0.0267950965,0.0287960482,0.0443008164,0.0962141541,0.0766665038,0.0579254509,0.0526803688,0.0460467775,0.0581232212,0.0448882371,0.0417652258,0.0396416863,0.0399896989,0.0401189318,0.0408667677,0.0437718824,0.0542900429,0.0942258405,0.1023912473,0.0632477106,0.0580499805,0.0989321819,0.1115155617,0.0877488911,0.0774075573,0.0728716864,0.0689500085,0.0670282502,0.0670838113,0.0679818275,0.0696751997,0.0814838991,0.0849115067,0.0624207619,0.0599930174,0.0597772981,0.0692576954,0.0694043442,0.0807698233,0.1000105940,0.0973259503,0.0808711199,0.0804639412,0.0792214929,0.0784132454,0.0861307106,0.0939673041,0.0707237478,0.0616843966,0.0625488208,0.0626423676,0.0693258272,0.0693436700,0.0691381400,0.0708486453,0.0851083846,0.1051930485,0.1101030824,0.1120316100,0.1087836452,0.0946381991,0.0693809358,0.0684721223,0.0624315923,0.0618897201,0.0622356320,0.0697226588,0.0684954930,0.0691829827,0.0691065822,0.0693036206,0.0695327432,0.0691055383,0.0688338195,0.0688255660,0.0691670739,0.0683385268,0.0689730793,0.0619620820,0.0622711128,0.0622483640,0.0691433983,0.0688867783,0.0691807135,0.0692481128,0.0692347256,0.0689214348,0.0688906334,0.0688406672,0.0694283478,0.0695116564,0.0688875335,0.0694733464,0.0614839574,0.0618360724,0.0625095573,0.0693388372,0.0695564239,0.0702614431,0.0691415119,0.0691973244,0.0694872320,0.0693228393,0.0701277608,0.0695438926,0.0700065136,0.0700014297,0.0692934222,0.0616041136,0.0617068799,0.0616500426,0.0691511346,0.0696694722,0.0700152593,0.0698980047,0.0692966534,0.0693949866,0.0705044471,0.0694070458,0.0693742255,0.0691391006,0.0697937734,0.0691964454,0.0626461972,0.0622011086,0.0610476982,0.0171615936,0.0171688171,0.0173290504,0.0171701196,0.0172017257,0.0173329060,0.0172055608,0.0172852049,0.0174010516,0.0172010499,0.0173950071,0.0172486495,0.0164017399,0.0162623182,0.0163667695,0.0062872402,0.0063397193,0.0063496741,0.0062888264,0.0063420588,0.0062894448,0.0062921077,0.0063381205,0.0063876701,0.0063278476,0.0063310168,0.0063341576,0.0060128826,0.0059748939,0.0059702177,0.0062644946,0.0063638490,0.0063121459,0.0063529635,0.0063108918,0.0062768922,0.0063545536,0.0062884716,0.0062725960,0.0063923972,0.0063112195,0.0062996547,0.0059617988,0.0059736039,0.0060034985,0.0062982635,0.0062886864,0.0063585302,0.0062627928,0.0062972320,0.0062639739,0.0062898339,0.0063648707,0.0063512053,0.0063769038,0.0063395664,0.0063394913,0.0060444566,0.0059740038,0.0059524601,0.0062788666,0.0062538987,0.0063089757,0.0062556863,0.0063404797,0.0062826878,0.0063104845,0.0062603918,0.0062724125,0.0063232762,0.0063277859,0.0063430007,0.0060214768,0.0059330148,0.0059953100,0.0062835332,0.0062333480,0.0063083287,0.0062461842,0.0063288167,0.0063213556,0.0063031287,0.0062741590,0.0062910258,0.0062874123,0.0062686796,0.0062832014,0.0059628136,0.0059731475,0.0060141064,0.0062843099,0.0063169434,0.0062549712,0.0062899750,0.0062997700,0.0063136950,0.0062271893,0.0062632415,0.0062226132,0.0062550848,0.0062581086,0.0062825458,0.0059198853,0.0059841456,0.0059544532,0.0062867514,0.0063087133,0.0062431909,0.0062367063,0.0063264981,0.0063595386,0.0062350916,0.0062913460,0.0062617846,0.0062548409,0.0062592047,0.0062301578,0.0059411375,0.0058814443,0.0059660553,0.0062365673,0.0062791901,0.0062884825,0.0062519250,0.0063208765,0.0063057703,0.0062923174,0.0062521242,0.0062813409,0.0062854381,0.0062600210,0.0062597830,0.0059272298,0.0058985796,0.0059756828,0.0062659343,0.0062838196,0.0063541918,0.0062692101,0.0062582146,0.0063113445,0.0062998922,0.0062953272,0.0062308973,0.0063123959,0.0062683433,0.0062939632,0.0059619194,0.0060107876,0.0059352832,0.0062148422,0.0063052428,0.0062191853,0.0062755370,0.0063185182,0.0063397292,0.0062519398,0.0062429444,0.0063868940,0.0062794610,0.0062355514,0.0063208175,0.0059357733,0.0059050308,0.0059761372,0.0062385034,0.0062966942,0.0062954480,0.0062657566,0.0062638870,0.0062937786,0.0063039009,0.0062479927,0.0062801679,0.0061904804,0.0062436581,0.0062726767,0.0059427541,0.0059670850,0.0058826493,0.0062643151,0.0063097953,0.0062876192,0.0062807939,0.0062617408,0.0062740620,0.0062856757,0.0063083954,0.0062590091,0.0062412438,0.0062666635,0.0062261217,0.0059434975,0.0059226547,0.0059684605,0.0062925070,0.0062352996,0.0062584062,0.0062855848,0.0062441869,0.0062381314,0.0062543497,0.0062682765,0.0062544268,0.0062413435,0.0062127245,0.0062937079,0.0059232024,0.0059148227,0.0058798105,0.0062397996,0.0063236137,0.0062429546,0.0062871698,0.0062739253,0.0062863323,0.0063009860,0.0062661771,0.0062880347,0.0062131855,0.0062512892,0.0062763042,0.0059547711,0.0058742539,0.0058687804,0.0062471929,0.0062669343,0.0062198687,0.0062500414,0.0062091231,0.0062535589,0.0062519385,0.0062487555,0.0062247724,0.0062397018,0.0062189520,0.0062672643,0.0058582589,0.0059194867,0.0059285912,0.0062592085,0.0061925166,0.0062317985,0.0063151396,0.0062923793,0.0062424724,0.0062694026,0.0063043351,0.0062373863,0.0062468122,0.0062632425,0.0062175028,0.0058597458,0.0059734710,0.0058902583,0.0062978006,0.0062883907,0.0063062220,0.0062362466,0.0062739913,0.0062778908,0.0062469708,0.0062582931,0.0061917088,0.0062157445,0.0062713260,0.0062461102,0.0058927500,0.0058858243,0.0058409577,0.0062620541,0.0062449294,0.0062502480,0.0062351462,0.0062232966,0.0062508975,0.0062433406,0.0062909033,0.0062503417,0.0062238188,0.0062369432,0.0062400806,0.0058974715,0.0059032769,0.0058959556,0.0053302578,0.0053119706,0.0053422022,0.0052531152,0.0052818355,0.0053342631,0.0052916001,0.0052639316,0.0052557008,0.0052780676,0.0053061189,0.0052983904,0.0049142663,0.0049194228,0.0049489304
28,12,39,34,31,22,18,25,40,30,36,15,34,25,41,35,27,17,29,20,45,47,5,32,23,44,38,26,38,9,31,19,22,5,23,24,22,40,3,27,30,45,16,21,24,6,44,32,3,42,18,36,12,40,37,39,21,19,37,8,35,29,47,10,20,25,33,13,43,47,30,17,11,0,46,16,5,20,9,14,10,45,34,44,1,14,12,4,7,33,8,0,21,41,18,27,31,36,46,39,23,15,1,10,2,15,41,32,46,11,24,0,28,1,2,35,16,42,43,26,7,17,8,4,9,6,28,11,29,4,2,7,6,13,14,43,40,3,30,26,38,26,13,37,19,33,42,37,36,38,22,12,31,42,32,22,10,39,41,33,29,47,13,15,0,39,19,15,23,18,22,25,25,29,5,16,28,39,10,11,41,27,35,16,33,42,23,3,34,9,45,17,1,12,20,34,22,26,0,4,12,5,12,31,43,44,41,7,5,23,20,32,26,12,37,3,43,18,11,47,32,19,29,19,14,31,1,44,43,3,33,27,44,43,20,35,30,45,17,42,41,13,20,42,2,45,20,47,27,45,36,30,16,40,24,42,37,35,34,7,7,19,33,28,40,30,32,3,4,18,24,15,21,18,39,5,27,47,27,4,23,17,33,46,43,18,14,4,10,13,25,21,33,6,5,18,1,2,31,9,39,2,46,29,29,1,46,32,13,42,39,28,6,9,27,44,8,45,25,28,23,13,41,46,13,34,40,47,34,26,21,34,47,34,22,19,38,31,37,21,7,39,30,13,20,12,14,19,38,3,15,11,3,37,30,20,11,15,37,18,43,24,31,42,23,15,16,27,38,33,10,40,44,41,8,36,40,29,6,29,8,0,17,0,24,25,24,38,19,28,12,9,26,2,23,36,28,3,22,38,45,6,25,32,36,43,14,9,35,32,5,28,31,25,36,26,8,35,21,22,17,7,1,10,0,14,5,2,3,4,6,16,11,8,12
0.0454234570,0.0274062792,0.0268611211,0.0271289988,0.0261337148,0.0243921839,0.0266103611,0.0264041557,0.0268200802,0.0266758268,0.0286773325,0.0411857799,0.0995550407,0.0793613854,0.0582198589,0.0492736642,0.0464353656,0.0585948986,0.0458926608,0.0417365164,0.0400428999,0.0401521785,0.0404830982,0.0408060477,0.0437116672,0.0556498190,0.0932703888,0.1057228307,0.0619760670,0.0553921334,0.1004744655,0.1110325323,0.0823567485,0.0767245046,0.0722733545,0.0680814022,0.0668139520,0.0667784396,0.0673142243,0.0680711799,0.0781184921,0.0840969921,0.0621537138,0.0605095025,0.0598552117,0.0695347324,0.0692129003,0.0849382628,0.0976916786,0.0874772368,0.0795471107,0.0792107773,0.0797449223,0.0785914945,0.0841633483,0.0948757832,0.0715221842,0.0621618753,0.0625514033,0.0619618402,0.0690833604,0.0687606802,0.0693073974,0.0729250639,0.0953901542,0.1073591741,0.1097460890,0.1082989989,0.1090056661,0.0995910301,0.0711425283,0.0693973756,0.0622184394,0.0622320269,0.0621246162,0.0690338019,0.0686324132,0.0689205376,0.0693424791,0.0698048933,0.0696970731,0.0702629892,0.0738263473,0.0693338167,0.0694200755,0.0694413462,0.0695399573,0.0617537166,0.0624240440,0.0620468256,0.0692109272,0.0688508340,0.0699360622,0.0690533700,0.0693931439,0.0690568588,0.0688382735,0.0689334644,0.0690463186,0.0692021429,0.0693210449,0.0685684647,0.0613786590,0.0619727657,0.0624389242,0.0691810443,0.0700651018,0.0700508403,0.0694110356,0.0698906536,0.0697699007,0.0692578503,0.0699794307,0.0688419699,0.0697854605,0.0698151623,0.0698104413,0.0616476704,0.0622073749,0.0622761975,0.0689416886,0.0702693148,0.0693018620,0.0699734401,0.0698344667,0.0696369768,0.0700832285,0.0694603783,0.0695053694,0.0692389058,0.0696486205,0.0696697362,0.0631257135,0.0627042175,0.0615360537,0.0171493112,0.0170585928,0.0172979307,0.0171661181,0.0172461793,0.0173389239,0.0172458375,0.0172796026,0.0173932536,0.0171799371,0.0174347245,0.0172149001,0.0163801153,0.0162512284,0.0162801156,0.0062952463,0.0063582375,0.0063591819,0.0062943045,0.0063410638,0.0062876079,0.0062916845,0.0063344963,0.0063916723,0.0063365142,0.0063272877,0.0063378508,0.0060192422,0.0059829457,0.0059767487,0.0062653053,0.0063601237,0.0063169413,0.0063561254,0.0063155805,0.0062825650,0.0063708433,0.0062913416,0.0062647184,0.0063986141,0.0063145423,0.0063039787,0.0059591431,0.0059731823,0.0060047843,0.0062971565,0.0062934604,0.0063473150,0.0062668434,0.0062925304,0.0062580393,0.0062796095,0.0063676063,0.0063563784,0.0063858162,0.0063492168,0.0063398987,0.0060510884,0.0059835057,0.0059558979,0.0062883665,0.0062554756,0.0063076033,0.0062620313,0.0063422821,0.0062945335,0.0063153170,0.0062575198,0.0062922822,0.0063131757,0.0063310814,0.0063376228,0.0060257024,0.0059421702,0.0059901929,0.0062734572,0.0062326042,0.0062961815,0.0062472444,0.0063347700,0.0063166223,0.0062950800,0.0062711011,0.0063001213,0.0062787235,0.0062721453,0.0062836779,0.0059610548,0.0059649735,0.0060149185,0.0062889546,0.0063165019,0.0062591558,0.0062865495,0.0063250156,0.0063145326,0.0062403064,0.0062611535,0.0062393111,0.0062607866,0.0062629766,0.0062745195,0.0059193114,0.0059800424,0.0059637100,0.0062756769,0.0063124103,0.0062414577,0.0062499834,0.0063375994,0.0063742594,0.0062326337,0.0062917234,0.0062705209,0.0062523398,0.0062684810,0.0062382920,0.0059386670,0.0058814826,0.0059664791,0.0062400683,0.0062987019,0.0062961145,0.0062690804,0.0063276862,0.0063231666,0.0062880721,0.0062498185,0.0062885033,0.0062981112,0.0062692804,0.0062630271,0.0059421803,0.0059194437,0.0059715346,0.0062698659,0.0062794473,0.0063524046,0.0062665906,0.0062521543,0.0063180934,0.0063044111,0.0062892356,0.0062326916,0.0063241941,0.0062672023,0.0062918901,0.0059562787,0.0060243062,0.0059349008,0.0062183250,0.0062935397,0.0062311669,0.0062865819,0.0063236183,0.0063246607,0.0062476487,0.0062486669,0.0063973215,0.0062789091,0.0062367671,0.0063402101,0.0059384036,0.0059142485,0.0059666244,0.0062395533,0.0063013021,0.0063104069,0.0062698720,0.0062612346,0.0063064181,0.0063046552,0.0062443528,0.0062812396,0.0062019074,0.0062533190,0.0062802373,0.0059470717,0.0059549229,0.0058732367,0.0062741934,0.0063057061,0.0062876874,0.0062808485,0.0062681705,0.0062767039,0.0062815453,0.0062927546,0.0062697048,0.0062439027,0.0062694899,0.0062174612,0.0059434155,0.0059287546,0.0059589481,0.0062847228,0.0062365589,0.0062635790,0.0062909695,0.0062545065,0.0062419503,0.0062584949,0.0062629412,0.0062617505,0.0062412262,0.0062037886,0.0063006970,0.0059410922,0.0059191808,0.0058782722,0.0062365325,0.0063331689,0.0062519795,0.0062875250,0.0062849842,0.0062730356,0.0063049324,0.0062596227,0.0063000936,0.0062235589,0.0062539960,0.0062899885,0.0059531403,0.0058730277,0.0058747605,0.0062555354,0.0062514898,0.0062232562,0.0062580668,0.0062112282,0.0062468263,0.0062548121,0.0062458271,0.0062210885,0.0062468025,0.0062336342,0.0062769923,0.0058689690,0.0059162198,0.0059300444,0.0062607345,0.0061913374,0.0062375495,0.0063109821,0.0063020054,0.0062504020,0.0062884444,0.0063102380,0.0062386202,0.0062459011,0.0062619653,0.0062079747,0.0058679530,0.0059664049,0.0058890681,0.0062935724,0.0062864063,0.0063011064,0.0062498019,0.0062820285,0.0062717081,0.0062424109,0.0062698218,0.0061965446,0.0062083524,0.0062795439,0.0062533701,0.0058844478,0.0058845438,0.0058489597,0.0062654962,0.0062449356,0.0062510526,0.0062391228,0.0062324977,0.0062563411,0.0062487943,0.0062889301,0.0062551152,0.0062331316,0.0062130772,0.0062529295,0.0058861888,0.0058999124,0.0058840197,0.0053266296,0.0053017790,0.0053420519,0.0052547538,0.0052897765,0.0053354172,0.0052845405,0.0052782674,0.0052538121,0.0052903728,0.0053022397,0.0052971707,0.0049194871,0.0049301135,0.0049412274
28,12,39,34,31,22,18,25,40,30,36,15,34,25,41,35,27,17,29,20,45,47,5,32,23,44,38,26,38,9,31,19,22,5,23,24,22,40,3,27,30,45,16,21,24,6,44,32,3,42,18,36,12,40,37,39,21,19,37,8,35,29,47,10,20,25,33,13,43,47,30,17,11,0,46,16,5,20,9,14,10,45,34,44,1,14,12,4,7,33,8,0,21,41,18,27,31,36,46,39,23,15,1,10,2,15,41,32,46,11,24,0,28,1,2,35,16,42,43,26,7,17,8,4,9,6,28,11,29,4,2,7,6,13,14,43,40,3,30,26,38,26,13,37,19,33,42,37,36,38,22,12,31,42,32,22,10,39,41,33,29,47,13,15,0,39,19,15,23,18,22,25,25,29,5,16,28,39,10,11,41,27,35,16,33,42,23,3,34,9,45,17,1,12,20,34,22,26,0,4,12,5,12,31,43,44,41,7,5,23,20,32,26,12,37,3,43,18,11,47,32,19,29,19,14,31,1,44,43,3,33,27,44,43,20,35,30,45,17,42,41,13,20,42,2,45,20,47,27,45,36,30,16,40,24,42,37,35,34,7,7,19,33,28,40,30,32,3,4,18,24,15,21,18,39,5,27,47,27,4,23,17,33,46,43,18,14,4,10,13,25,21,33,6,5,18,1,2,31,9,39,2,46,29,29,1,46,32,13,42,39,28,6,9,27,44,8,45,25,28,23,13,41,46,13,34,40,47,34,26,21,34,47,34,22,19,38,31,37,21,7,39,30,13,20,12,14,19,38,3,15,11,3,37,30,20,11,15,37,18,43,24,31,42,23,15,16,27,38,33,10,40,44,41,8,36,40,29,6,29,8,0,17,0,24,25,24,38,19,28,12,9,26,2,23,36,28,3,22,38,45,6,25,32,36,43,14,9,35,32,5,28,31,25,36,26,8,35,21,22,17,7,1,10,0,14,5,2,3,4,6,16,11,8,12
0.0432934097,0.0269354428,0.0272118709,0.0270347467,0.0267474245,0.0263162369,0.0267633013,0.0268153802,0.0270105064,0.0270236701,0.0282305803,0.0390424376,0.1054050146,0.0831438891,0.0586793444,0.0470223578,0.0459336978,0.0572688489,0.0452526105,0.0418138467,0.0402364565,0.0393781077,0.0405525789,0.0402460721,0.0421300196,0.0533225361,0.0853338839,0.1040544188,0.0600005038,0.0526708574,0.1064233241,0.1114441401,0.0819058158,0.0766907606,0.0713880525,0.0667291720,0.0671254987,0.0662952011,0.0673978379,0.0680602270,0.0768469982,0.0901316340,0.0638866263,0.0600176183,0.0598118714,0.0695791325,0.0707826995,0.0874984939,0.0948793736,0.0824085646,0.0794232274,0.0792655849,0.0793696701,0.0784482392,0.0816867907,0.0953064501,0.0719017907,0.0624311039,0.0625061992,0.0627750589,0.0695622914,0.0693879164,0.0694606913,0.0782059829,0.1001613386,0.1096954780,0.1038203492,0.1012610569,0.1054820791,0.1024708535,0.0738925931,0.0688893687,0.0615468942,0.0623912176,0.0620449151,0.0691014219,0.0694586058,0.0693295758,0.0699262491,0.0701997438,0.0694060184,0.0789235843,0.0821322669,0.0734982528,0.0690494204,0.0699964010,0.0704797324,0.0626680057,0.0614435753,0.0616028940,0.0692462568,0.0698288192,0.0694073291,0.0690421986,0.0700142161,0.0695162979,0.0690120555,0.0693764302,0.0693650785,0.0695700083,0.0699691351,0.0690144185,0.0625537235,0.0617241610,0.0619264789,0.0697004494,0.0698279334,0.0702633338,0.0698665270,0.0699967515,0.0702806003,0.0698370471,0.0702416215,0.0691783785,0.0696028922,0.0698612739,0.0696855139,0.0624675013,0.0629180963,0.0626073564,0.0693886234,0.0701641205,0.0698650562,0.0694782157,0.0699094433,0.0707108057,0.0700338170,0.0694576949,0.0704300306,0.0700767547,0.0700282445,0.0701085059,0.0625339232,0.0627736013,0.0620793483,0.0172658162,0.0171100239,0.0172236249,0.0171762286,0.0172981658,0.0173640726,0.0173460874,0.0171503765,0.0171338885,0.0172110152,0.0174175719,0.0173186791,0.0162816903,0.0163073635,0.0162222267,0.0063150691,0.0063370056,0.0063126145,0.0062626376,0.0063564124,0.0063707025,0.0063138733,0.0063320789,0.0063442486,0.0062799753,0.0063476016,0.0062803085,0.0060287654,0.0059755200,0.0060260681,0.0063483393,0.0063364369,0.0063616222,0.0063115456,0.0062585001,0.0062621204,0.0063529425,0.0063434789,0.0063066328,0.0063125857,0.0063177185,0.0062415803,0.0059762085,0.0059998442,0.0059054035,0.0063606506,0.0063163469,0.0062535166,0.0062759345,0.0063787485,0.0063320830,0.0063165048,0.0063675877,0.0063365809,0.0063688714,0.0062100814,0.0063011210,0.0060128594,0.0060363059,0.0060729957,0.0063645250,0.0062667990,0.0063315506,0.0063097651,0.0062792715,0.0062747157,0.0062726028,0.0062368508,0.0062752460,0.0063073539,0.0062911286,0.0062758705,0.0059779845,0.0059082827,0.0058975736,0.0062704604,0.0062684536,0.0062883490,0.0062212622,0.0063742702,0.0063137113,0.0062773095,0.0063178596,0.0063194601,0.0063895899,0.0063228218,0.0063645970,0.0059270589,0.0059854646,0.0060545778,0.0063508240,0.0062903918,0.0062723587,0.0063955371,0.0062749966,0.0063056052,0.0063230357,0.0062726400,0.0062882196,0.0063483880,0.0062252095,0.0063216084,0.0060393252,0.0058992779,0.0059273098,0.0062711875,0.0063263479,0.0063638485,0.0062709288,0.0062691488,0.0062602778,0.0062874341,0.0063599014,0.0062610391,0.0062816092,0.0062395552,0.0062907544,0.0059092567,0.0060278561,0.0059217362,0.0063096849,0.0062216805,0.0063295006,0.0062278909,0.0062959625,0.0063074620,0.0062677675,0.0063242788,0.0062883965,0.0062849702,0.0063119929,0.0063041635,0.0059957154,0.0059216932,0.0059414494,0.0062787726,0.0063224295,0.0062986906,0.0062911457,0.0063402243,0.0062664624,0.0063234220,0.0062772238,0.0062672246,0.0062511715,0.0062568509,0.0062602316,0.0060636081,0.0059075902,0.0059250507,0.0062710841,0.0062713595,0.0062927308,0.0062525164,0.0062467337,0.0062599929,0.0062776725,0.0062894777,0.0062928527,0.0062962514,0.0063015215,0.0062814352,0.0059531338,0.0059502399,0.0059402183,0.0062603111,0.0062746381,0.0062800056,0.0062776451,0.0062563932,0.0063429404,0.0063319147,0.0062652631,0.0062133785,0.0062818467,0.0062792677,0.0061814055,0.0059244316,0.0059600133,0.0059209138,0.0062665488,0.0062471447,0.0062252913,0.0062675591,0.0063016770,0.0062863129,0.0062838982,0.0062451624,0.0062473512,0.0063209276,0.0062551755,0.0062320981,0.0059171015,0.0059150065,0.0059573639,0.0062713682,0.0062833958,0.0063372803,0.0063120992,0.0062766760,0.0062639869,0.0062855319,0.0062437998,0.0062600021,0.0062575523,0.0062733573,0.0062288091,0.0059427742,0.0059431799,0.0059115805,0.0062625031,0.0062838973,0.0062416510,0.0062521540,0.0063433141,0.0062736250,0.0062434494,0.0062232277,0.0063180051,0.0062606132,0.0062413044,0.0062720735,0.0059129177,0.0059016230,0.0059781155,0.0062055639,0.0062453511,0.0062490228,0.0062607389,0.0062334528,0.0062065707,0.0062621101,0.0062605475,0.0062613267,0.0063040690,0.0062223299,0.0062334416,0.0059220248,0.0059660381,0.0059138526,0.0063045303,0.0062927906,0.0062489061,0.0062396745,0.0062518006,0.0062461387,0.0062947145,0.0062751170,0.0062879954,0.0062452597,0.0062558155,0.0062421701,0.0059579239,0.0059352992,0.0059151439,0.0062643386,0.0063046832,0.0062027803,0.0062749075,0.0062270940,0.0061868505,0.0062484334,0.0062843708,0.0062556652,0.0062726013,0.0062083566,0.0062173714,0.0059353574,0.0059634710,0.0058917694,0.0063264789,0.0062149322,0.0062568346,0.0062807431,0.0062402155,0.0062541959,0.0062397642,0.0062393764,0.0062291349,0.0062801156,0.0062659614,0.0062418361,0.0059501600,0.0059142046,0.0059792284,0.0052612970,0.0053308134,0.0053318619,0.0052254384,0.0052711472,0.0052863761,0.0052488918,0.0053114636,0.0053316692,0.0053172638,0.0052693942,0.0053052138,0.0049926877,0.0049489968,0.0049501703
23,41,35,38,45,25,3,43,37,44,4,18,39,16,33,40,26,32,24,19,14,16,7,15,29,46,3,31,11,12,34,36,41,19,24,3,0,39,43,25,18,35,20,27,30,22,46,37,0,44,14,7,4,15,38,25,26,21,31,9,23,38,32,23,43,28,42,6,13,45,40,8,36,42,22,15,37,14,17,10,22,12,29,27,20,10,47,17,6,8,40,4,17,19,1,29,35,16,18,26,5,44,5,10,28,24,33,32,21,1,9,30,5,41,11,21,20,1,47,13,7,46,33,27,8,2,30,11,9,12,2,47,45,34,2,41,35,31,4,6,39,13,28,0,36,34,42,38,34,37,27,23,24,24,16,7,0,40,39,44,29,7,2,15,14,12,25,3,3,0,44,28,18,10,0,15,39,20,13,0,30,3,18,16,5,39,37,26,19,31,0,13,6,17,46,11,35,45,22,15,25,18,38,4,14,36,45,5,40,18,27,36,29,0,42,6,26,23,34,33,25,43,22,8,1,14,4,42,21,28,16,7,46,21,45,8,29,32,16,7,30,13,9,3,43,29,37,1,19,27,18,45,38,19,11,22,32,28,0,31,23,9,6,12,31,1,9,41,33,12,6,35,6,14,26,19,40,16,38,25,15,2,47,4,36,30,19,34,20,24,26,1,2,44,34,44,14,37,29,10,20,37,7,3,47,43,41,13,40,23,29,38,44,45,4,28,44,8,39,17,31,41,6,4,12,2,29,42,34,21,45,42,11,17,32,11,41,7,21,8,24,35,39,31,6,41,39,25,22,46,26,42,44,33,33,31,15,43,3,5,36,24,32,40,27,18,33,16,31,17,40,32,2,30,35,43,3,43,12,38,19,10,46,46,15,20,25,1,9,27,23,47,36,5,42,24,10,5,19,26,36,30,24,25,0,13,14,23,47,35,37,4,13,34,39,28,28,26,28,23,15,14,18,8,10,17,11,9,7,12,16,13,21,20,22
0.0419637969,0.0267357447,0.0271705036,0.0270586022,0.0266628106,0.0263796166,0.0269383451,0.0269882945,0.0268106513,0.0269048119,0.0279485481,0.0356786123,0.1095143691,0.0849987962,0.0595159892,0.0455300519,0.0464203417,0.0566889156,0.0461656475,0.0413456131,0.0396964267,0.0395781764,0.0402863966,0.0399361621,0.0418028189,0.0514188861,0.0842060109,0.1058787965,0.0568008676,0.0519531992,0.1088253486,0.1097634797,0.0798327065,0.0747123974,0.0703972385,0.0665700591,0.0669430203,0.0663625595,0.0670130995,0.0685689643,0.0779733549,0.0907084835,0.0638216320,0.0602698531,0.0599832013,0.0693003465,0.0714154590,0.0897169397,0.0906803167,0.0813449117,0.0788219006,0.0787299267,0.0786068243,0.0782480244,0.0797513465,0.0937437893,0.0735977092,0.0630145636,0.0625625311,0.0624109789,0.0689884700,0.0692339093,0.0694545824,0.0832951874,0.1023870681,0.1050939235,0.0985913854,0.0973002267,0.0997835376,0.1034024491,0.0766304516,0.0690283250,0.0614853721,0.0621989909,0.0622175854,0.0688664268,0.0692017895,0.0691299177,0.0700554784,0.0693926118,0.0725735440,0.0851773356,0.0874834485,0.0802641597,0.0691201732,0.0690476820,0.0696100170,0.0622661568,0.0616461066,0.0618720430,0.0690144787,0.0691129247,0.0693493619,0.0687618626,0.0696868051,0.0694490927,0.0691581778,0.0694539838,0.0693008399,0.0695877432,0.0695223074,0.0691824156,0.0624788419,0.0616989801,0.0617655568,0.0695082558,0.0697224206,0.0702125941,0.0695838700,0.0701681688,0.0693474057,0.0696620665,0.0704692358,0.0696943659,0.0697126234,0.0690105787,0.0692474312,0.0623262521,0.0626820498,0.0620774065,0.0689997101,0.0697690298,0.0688258538,0.0697184995,0.0695971824,0.0704048142,0.0694746039,0.0693727644,0.0698368164,0.0702084786,0.0698772690,0.0698865818,0.0625063908,0.0622867955,0.0619452278,0.0171740805,0.0170551854,0.0172386252,0.0171314796,0.0173606640,0.0172985539,0.0173263636,0.0171775939,0.0170626647,0.0172389361,0.0173744292,0.0172940673,0.0162740240,0.0163287456,0.0162229997,0.0063236536,0.0063243191,0.0063098711,0.0062795031,0.0063439392,0.0063718503,0.0063121409,0.0063228582,0.0063338891,0.0062829289,0.0063317873,0.0062834522,0.0060142593,0.0059801450,0.0060166257,0.0063364313,0.0063393573,0.0063536960,0.0063049442,0.0062510046,0.0062659999,0.0063531307,0.0063484226,0.0063032532,0.0063120388,0.0063138875,0.0062375668,0.0059777043,0.0059923839,0.0059038886,0.0063581465,0.0063143511,0.0062444905,0.0062690613,0.0063790671,0.0063277169,0.0063006429,0.0063642335,0.0063354569,0.0063597213,0.0062063785,0.0062908574,0.0060070895,0.0060317072,0.0060753268,0.0063498074,0.0062691548,0.0063324102,0.0062950765,0.0062788917,0.0062820103,0.0062743174,0.0062356057,0.0062731844,0.0063039345,0.0062862497,0.0062781338,0.0059702930,0.0059021564,0.0058949051,0.0062707314,0.0062594718,0.0062908021,0.0062149552,0.0063727433,0.0062848743,0.0062682873,0.0062968340,0.0062993360,0.0063851725,0.0063161127,0.0063581679,0.0059212160,0.0059761698,0.0060435284,0.0063401608,0.0062934146,0.0062761549,0.0063921463,0.0062686879,0.0063057650,0.0063164694,0.0062805506,0.0062674833,0.0063504276,0.0062240181,0.0063082143,0.0060418276,0.0059162686,0.0059221910,0.0062553908,0.0063120964,0.0063670633,0.0062651232,0.0062670831,0.0062605779,0.0062837865,0.0063498929,0.0062631500,0.0062792265,0.0062343948,0.0062857738,0.0059063411,0.0060241189,0.0059127491,0.0062895603,0.0062223192,0.0063200824,0.0062241747,0.0062865618,0.0063075758,0.0062695452,0.0063168501,0.0062813568,0.0062655135,0.0063045795,0.0062894377,0.0059755021,0.0059204099,0.0059412363,0.0062699272,0.0063201491,0.0062929806,0.0062699368,0.0063405490,0.0062533290,0.0063144343,0.0062736737,0.0062664156,0.0062333838,0.0062519020,0.0062660777,0.0060559490,0.0058970137,0.0059274646,0.0062495610,0.0062707639,0.0063124818,0.0062504836,0.0062560683,0.0062612938,0.0063093155,0.0062726154,0.0063026831,0.0062777091,0.0063041390,0.0062744474,0.0059493407,0.0059459284,0.0059466923,0.0062576167,0.0062721422,0.0062659132,0.0062793133,0.0062574693,0.0063366809,0.0063276788,0.0062663966,0.0062125238,0.0062780347,0.0062786793,0.0061747026,0.0059272090,0.0059594924,0.0059310025,0.0062431954,0.0062628611,0.0062245008,0.0062611400,0.0062997158,0.0062582350,0.0062968676,0.0062405317,0.0062354031,0.0063340288,0.0062538437,0.0062323085,0.0059162657,0.0059036906,0.0059519530,0.0062803120,0.0062769940,0.0063575060,0.0063104937,0.0062804674,0.0062631372,0.0062767889,0.0062341225,0.0062645504,0.0062482580,0.0062607902,0.0062207519,0.0059354423,0.0059373997,0.0059033358,0.0062578776,0.0062740604,0.0062473151,0.0062385854,0.0063437889,0.0062720509,0.0062343471,0.0062218995,0.0063088102,0.0062606344,0.0062370132,0.0062586454,0.0059104001,0.0058804698,0.0059794354,0.0061918180,0.0062379288,0.0062536512,0.0062662930,0.0062422495,0.0062083618,0.0062631434,0.0062433395,0.0062528578,0.0063020588,0.0062151932,0.0062429623,0.0059259957,0.0059760109,0.0059155693,0.0062898874,0.0062843047,0.0062406152,0.0062273255,0.0062582919,0.0062300992,0.0062930382,0.0062674450,0.0062898177,0.0062449723,0.0062475703,0.0062466228,0.0059593763,0.0059370881,0.0059157096,0.0062649824,0.0063050663,0.0062085826,0.0062732853,0.0062313754,0.0061831523,0.0062493207,0.0062796115,0.0062508471,0.0062626406,0.0062021915,0.0062183073,0.0059323571,0.0059453391,0.0058877676,0.0063093457,0.0062137112,0.0062541213,0.0062863308,0.0062446332,0.0062349316,0.0062353443,0.0062345902,0.0062359407,0.0062696584,0.0062624309,0.0062366588,0.0059446296,0.0059057125,0.0059687624,0.0052636325,0.0053108329,0.0053398036,0.0052156749,0.0052715358,0.0052901880,0.0052474667,0.0053098585,0.0053138083,0.0052902886,0.0052604940,0.0052935807,0.0049926359,0.0049369809,0.0049422097
23,41,35,38,45,25,3,43,37,44,4,18,39,16,33,40,26,32,24,19,14,16,7,15,29,46,3,31,11,12,34,36,41,19,24,3,0,39,43,25,18,35,20,27,30,22,46,37,0,44,14,7,4,15,38,25,26,21,31,9,23,38,32,23,43,28,42,6,13,45,40,8,36,42,22,15,37,14,17,10,22,12,29,27,20,10,47,17,6,8,40,4,17,19,1,29,35,16,18,26,5,44,5,10,28,24,33,32,21,1,9,30,5,41,11,21,20,1,47,13,7,46,33,27,8,2,30,11,9,12,2,47,45,34,2,41,35,31,4,6,39,13,28,0,36,34,42,38,34,37,27,23,24,24,16,7,0,40,39,44,29,7,2,15,14,12,25,3,3,0,44,28,18,10,0,15,39,20,13,0,30,3,18,16,5,39,37,26,19,31,0,13,6,17,46,11,35,45,22,15,25,18,38,4,14,36,45,5,40,18,27,36,29,0,42,6,26,23,34,33,25,43,22,8,1,14,4,42,21,28,16,7,46,21,45,8,29,32,16,7,30,13,9,3,43,29,37,1,19,27,18,45,38,19,11,22,32,28,0,31,23,9,6,12,31,1,9,41,33,12,6,35,6,14,26,19,40,16,38,25,15,2,47,4,36,30,19,34,20,24,26,1,2,44,34,44,14,37,29,10,20,37,7,3,47,43,41,13,40,23,29,38,44,45,4,28,44,8,39,17,31,41,6,4,12,2,29,42,34,21,45,42,11,17,32,11,41,7,21,8,24,35,39,31,6,41,39,25,22,46,26,42,44,33,33,31,15,43,3,5,36,24,32,40,27,18,33,16,31,17,40,32,2,30,35,43,3,43,12,38,19,10,46,46,15,20,25,1,9,27,23,47,36,5,42,24,10,5,19,26,36,30,24,25,0,13,14,23,47,35,37,4,13,34,39,28,28,26,28,23,15,14,18,8,10,17,11,9,7,12,16,13,21,20,22
0.0415911919,0.0267121004,0.0271165196,0.0267920976,0.0266001679,0.0265469998,0.0269465790,0.0269197382,0.0269522482,0.0268260474,0.0273307317,0.0332254461,0.1093358780,0.0828419533,0.0609983516,0.0442342422,0.0490063080,0.0558287793,0.0463277167,0.0412858775,0.0400105727,0.0396105787,0.0401095051,0.0401374048,0.0423313023,0.0516385921,0.0847737400,0.1079429215,0.0541641811,0.0497829069,0.1092733666,0.1075801240,0.0777659125,0.0740855120,0.0689254203,0.0663188191,0.0670044406,0.0657907568,0.0672298111,0.0673243666,0.0769589938,0.0899645560,0.0625618617,0.0599430907,0.0591417391,0.0694071342,0.0735039686,0.0911680824,0.0891149877,0.0809319735,0.0791842747,0.0785866752,0.0780953702,0.0771100566,0.0791632238,0.0922670386,0.0756341852,0.0632477386,0.0619942168,0.0626957683,0.0697114794,0.0692340611,0.0696978238,0.0869844228,0.1037874693,0.1016459962,0.0946886254,0.0943476259,0.0969087450,0.1037380767,0.0792865326,0.0693354181,0.0607741892,0.0619790365,0.0618074993,0.0687360361,0.0694989907,0.0691715438,0.0701233639,0.0696483027,0.0780158527,0.0895058293,0.0912599074,0.0842291784,0.0704076534,0.0690893421,0.0696845312,0.0625240709,0.0616838804,0.0620949289,0.0689156028,0.0694799099,0.0691358896,0.0691088145,0.0700517489,0.0685562064,0.0687247323,0.0692258787,0.0690832660,0.0698035630,0.0695966135,0.0688513224,0.0622542230,0.0614252044,0.0617790351,0.0693982891,0.0700433571,0.0696496595,0.0698512235,0.0695315031,0.0699108970,0.0696448058,0.0701990655,0.0696520077,0.0695314510,0.0697323549,0.0690557463,0.0622830641,0.0625253483,0.0625402452,0.0690878982,0.0696827162,0.0693192592,0.0692803450,0.0696432798,0.0704415043,0.0687220498,0.0694867882,0.0704488412,0.0697467277,0.0701555610,0.0692823883,0.0622226808,0.0631196971,0.0614684936,0.0171961716,0.0170691599,0.0172195097,0.0171317867,0.0173077852,0.0174568126,0.0172673737,0.0171903541,0.0171320468,0.0172982997,0.0173913316,0.0173169158,0.0162412402,0.0162886144,0.0162068525,0.0063299698,0.0063257079,0.0063076400,0.0062593474,0.0063529982,0.0063705578,0.0063186471,0.0063172814,0.0063329270,0.0062803347,0.0063301548,0.0062791506,0.0060130309,0.0059853991,0.0060336691,0.0063465719,0.0063394729,0.0063429789,0.0063112753,0.0062610682,0.0062529405,0.0063505866,0.0063382429,0.0063008986,0.0063208704,0.0063087650,0.0062330968,0.0059846039,0.0060001110,0.0058968280,0.0063589740,0.0063118703,0.0062466961,0.0062748417,0.0063791381,0.0063218124,0.0063071728,0.0063580004,0.0063292704,0.0063554179,0.0062000935,0.0062921585,0.0060126268,0.0060317871,0.0060656398,0.0063630004,0.0062779692,0.0063216330,0.0063048242,0.0062804313,0.0062745057,0.0062660461,0.0062297951,0.0062691458,0.0063006781,0.0062915598,0.0062703656,0.0059767358,0.0059092626,0.0059059351,0.0062778826,0.0062600825,0.0062829973,0.0062237241,0.0063728707,0.0062974373,0.0062749976,0.0063030488,0.0063037446,0.0063906861,0.0063201611,0.0063637789,0.0059116662,0.0059870386,0.0060480887,0.0063414124,0.0062886568,0.0062684905,0.0064033149,0.0062627818,0.0063005690,0.0063283117,0.0062770349,0.0062730981,0.0063435122,0.0062377929,0.0063095200,0.0060269064,0.0059043746,0.0059251271,0.0062582062,0.0063141672,0.0063705321,0.0062584189,0.0062694467,0.0062526722,0.0062873672,0.0063366906,0.0062603870,0.0062682234,0.0062290582,0.0062817046,0.0059110106,0.0060082087,0.0059165020,0.0062981873,0.0062205225,0.0063265394,0.0062346913,0.0062832423,0.0063102426,0.0062683803,0.0063267169,0.0062804726,0.0062654546,0.0063041266,0.0062973735,0.0059790141,0.0059219707,0.0059374594,0.0062701222,0.0063321046,0.0062923514,0.0062768831,0.0063372928,0.0062604773,0.0063199983,0.0062633655,0.0062710723,0.0062628911,0.0062506850,0.0062517521,0.0060485706,0.0058910665,0.0059351469,0.0062562196,0.0062653198,0.0062931585,0.0062507695,0.0062501421,0.0062625169,0.0062655132,0.0062989720,0.0062996039,0.0063012920,0.0062923753,0.0062759313,0.0059610272,0.0059255751,0.0059316970,0.0062626450,0.0062773781,0.0062819438,0.0062784545,0.0062502724,0.0063431249,0.0063322161,0.0062592975,0.0062099944,0.0062838650,0.0062787737,0.0061771874,0.0059206166,0.0059520219,0.0059230161,0.0062397830,0.0062523589,0.0062305340,0.0062665519,0.0063104449,0.0062746787,0.0062828415,0.0062477226,0.0062396886,0.0063170720,0.0062578935,0.0062317739,0.0059256140,0.0059050050,0.0059646512,0.0062738048,0.0062777902,0.0063448107,0.0063062332,0.0062685594,0.0062679265,0.0062835336,0.0062475851,0.0062538052,0.0062567265,0.0062717405,0.0062334111,0.0059305071,0.0059330741,0.0059121736,0.0062685475,0.0062871500,0.0062524366,0.0062624329,0.0063366288,0.0062667581,0.0062404717,0.0062250854,0.0063114981,0.0062702073,0.0062390404,0.0062657889,0.0059163097,0.0058860516,0.0059803352,0.0062181880,0.0062389387,0.0062487581,0.0062707529,0.0062433236,0.0061938258,0.0062834060,0.0062482366,0.0062488813,0.0062972273,0.0062229705,0.0062309861,0.0059183112,0.0059719717,0.0059205722,0.0062976544,0.0062890952,0.0062551289,0.0062285781,0.0062615179,0.0062265743,0.0062974186,0.0062799806,0.0062908779,0.0062448168,0.0062612740,0.0062424701,0.0059449532,0.0059370233,0.0059165948,0.0062700541,0.0062978667,0.0061965017,0.0062746978,0.0062296045,0.0061719988,0.0062511803,0.0062783541,0.0062453609,0.0062603402,0.0061962859,0.0062171865,0.0059287353,0.0059672569,0.0058899647,0.0063144217,0.0062056665,0.0062570037,0.0062831901,0.0062499966,0.0062501275,0.0062398738,0.0062343760,0.0062254784,0.0062784354,0.0062647444,0.0062258790,0.0059408219,0.0059019633,0.0059638169,0.0052566861,0.0053203263,0.0053158860,0.0052287760,0.0052695337,0.0052893591,0.0052507392,0.0053166512,0.0053285497,0.0052881385,0.0052667638,0.0052884128,0.0049959539,0.0049520916,0.0049448811
23,41,35,38,45,25,3,43,37,44,4,18,39,16,33,40,26,32,24,19,14,16,7,15,29,46,3,31,11,12,34,36,41,19,24,3,0,39,43,25,18,35,20,27,30,22,46,37,0,44,14,7,4,15,38,25,26,21,31,9,23,38,32,23,43,28,42,6,13,45,40,8,36,42,22,15,37,14,17,10,22,12,29,27,20,10,47,17,6,8,40,4,17,19,1,29,35,16,18,26,5,44,5,10,28,24,33,32,21,1,9,30,5,41,11,21,20,1,47,13,7,46,33,27,8,2,30,11,9,12,2,47,45,34,2,41,35,31,4,6,39,13,28,0,36,34,42,38,34,37,27,23,24,24,16,7,0,40,39,44,29,7,2,15,14,12,25,3,3,0,44,28,18,10,0,15,39,20,13,0,30,3,18,16,5,39,37,26,19,31,0,13,6,17,46,11,35,45,22,15,25,18,38,4,14,36,45,5,40,18,27,36,29,0,42,6,26,23,34,33,25,43,22,8,1,14,4,42,21,28,16,7,46,21,45,8,29,32,16,7,30,13,9,3,43,29,37,1,19,27,18,45,38,19,11,22,32,28,0,31,23,9,6,12,31,1,9,41,33,12,6,35,6,14,26,19,40,16,38,25,15,2,47,4,36,30,19,34,20,24,26,1,2,44,34,44,14,37,29,10,20,37,7,3,47,43,41,13,40,23,29,38,44,45,4,28,44,8,39,17,31,41,6,4,12,2,29,42,34,21,45,42,11,17,32,11,41,7,21,8,24,35,39,31,6,41,39,25,22,46,26,42,44,33,33,31,15,43,3,5,36,24,32,40,27,18,33,16,31,17,40,32,2,30,35,43,3,43,12,38,19,10,46,46,15,20,25,1,9,27,23,47,36,5,42,24,10,5,19,26,36,30,24,25,0,13,14,23,47,35,37,4,13,34,39,28,28,26,28,23,15,14,18,8,10,17,11,9,7,12,16,13,21,20,22
0.0406830275,0.0268340754,0.0269795464,0.0270034332,0.0268912929,0.0265235730,0.0270753758,0.0268521919,0.0268690190,0.0269070812,0.0273237085,0.0324561993,0.1047936059,0.0847562487,0.0649508743,0.0428723727,0.0492661737,0.0525144703,0.0437685840,0.0406989117,0.0393758305,0.0390497474,0.0398892707,0.0401440307,0.0416294739,0.0502206986,0.0817855517,0.1051836018,0.0533966066,0.0475955259,0.1112120645,0.1053648345,0.0779700196,0.0763804863,0.0686394445,0.0660458972,0.0665990887,0.0659957231,0.0665960977,0.0680766434,0.0759164579,0.0937312868,0.0633008702,0.0603949528,0.0600298955,0.0688597229,0.0760759620,0.0913855304,0.0882545940,0.0805653837,0.0786437852,0.0778955116,0.0785986638,0.0768583731,0.0785942752,0.0898666226,0.0770004311,0.0631703899,0.0620043174,0.0628721803,0.0692110445,0.0695035616,0.0700309303,0.0898788294,0.1032763828,0.0965647481,0.0901888446,0.0880079728,0.0928111949,0.1023588144,0.0829572414,0.0695038538,0.0615223901,0.0619908340,0.0623655860,0.0692261547,0.0689439776,0.0684966374,0.0692898379,0.0705887783,0.0826078347,0.0942868637,0.0979825265,0.0900135636,0.0721141787,0.0693170284,0.0694869576,0.0621847254,0.0616791576,0.0613599811,0.0691434810,0.0692183438,0.0688428248,0.0687892416,0.0693028187,0.0688623641,0.0689097690,0.0696142050,0.0687607827,0.0695602287,0.0693406343,0.0680780213,0.0621733704,0.0617431641,0.0617138795,0.0690469550,0.0695612816,0.0692576383,0.0700019853,0.0693674941,0.0695681221,0.0701577209,0.0693973346,0.0689771748,0.0695283113,0.0698006087,0.0692689612,0.0618416154,0.0627448394,0.0623250593,0.0690167164,0.0693184274,0.0690888559,0.0692264485,0.0694439207,0.0705919304,0.0697509146,0.0692495615,0.0701459000,0.0700279920,0.0699126355,0.0697662137,0.0625037308,0.0630273295,0.0620454458,0.0172155509,0.0170871363,0.0172016441,0.0171684266,0.0173684714,0.0173821039,0.0172767826,0.0171662151,0.0171176446,0.0172289662,0.0173367982,0.0172697336,0.0162544995,0.0162345004,0.0161293089,0.0063222121,0.0063261504,0.0063127991,0.0062673279,0.0063496783,0.0063633000,0.0063161784,0.0063028904,0.0063399879,0.0062844290,0.0063357092,0.0062867315,0.0060042819,0.0059769820,0.0060240736,0.0063484423,0.0063360637,0.0063485892,0.0063140458,0.0062502752,0.0062631017,0.0063619913,0.0063476189,0.0062880673,0.0063164082,0.0063201641,0.0062317180,0.0059824158,0.0059999027,0.0059072958,0.0063479872,0.0063165872,0.0062533958,0.0062599104,0.0063821191,0.0063386557,0.0062906373,0.0063692107,0.0063402429,0.0066603948,0.0062023645,0.0062983268,0.0060002911,0.0060395242,0.0060624520,0.0063554538,0.0062813938,0.0063141388,0.0063005772,0.0062728688,0.0062810929,0.0062731090,0.0062296472,0.0062736170,0.0063139420,0.0062923676,0.0062764760,0.0059688967,0.0058868838,0.0058812406,0.0062668602,0.0062592000,0.0062810329,0.0062204356,0.0063707777,0.0062969230,0.0062653908,0.0063061549,0.0063021438,0.0063892960,0.0063191991,0.0063424044,0.0059222548,0.0059886913,0.0060461382,0.0063322129,0.0062888817,0.0062614280,0.0063829344,0.0062729072,0.0063026052,0.0063260333,0.0062798208,0.0062751778,0.0063571803,0.0062261858,0.0063076430,0.0060371671,0.0059026587,0.0059251161,0.0062493232,0.0063041349,0.0063711718,0.0062732228,0.0062567683,0.0062515946,0.0062761721,0.0063373369,0.0062577444,0.0062813614,0.0062302935,0.0062856613,0.0059035183,0.0060181100,0.0059154452,0.0062970998,0.0062223259,0.0063262940,0.0062208884,0.0062827720,0.0063061874,0.0062703874,0.0063239266,0.0062840653,0.0062592157,0.0063137451,0.0062937442,0.0059795473,0.0059266896,0.0059459484,0.0062721641,0.0063295705,0.0062824287,0.0062766089,0.0063440469,0.0062530551,0.0063057918,0.0062661003,0.0062641990,0.0062495805,0.0062518489,0.0062581435,0.0060488834,0.0058990911,0.0059174304,0.0062515550,0.0062817250,0.0063005628,0.0062548813,0.0062530112,0.0062492785,0.0062759990,0.0062741514,0.0062932040,0.0062621355,0.0063129420,0.0062737214,0.0059433867,0.0059324333,0.0059276157,0.0062439811,0.0062684580,0.0062752809,0.0062744553,0.0062683119,0.0063167035,0.0063107021,0.0062609866,0.0062010537,0.0062955534,0.0062662222,0.0061697759,0.0059285535,0.0059531812,0.0059271953,0.0062526313,0.0062484681,0.0062213991,0.0062626175,0.0063077907,0.0062695251,0.0062855604,0.0062541629,0.0062362757,0.0063237154,0.0062587474,0.0062254532,0.0059154514,0.0058943697,0.0059463921,0.0062737539,0.0062684701,0.0063357342,0.0063020656,0.0062824575,0.0062533649,0.0062780194,0.0062383580,0.0062501057,0.0062531680,0.0062665341,0.0062233892,0.0059343184,0.0059280792,0.0059045697,0.0062585355,0.0062786476,0.0062488933,0.0062506905,0.0063362542,0.0062750472,0.0062348834,0.0062308902,0.0063046092,0.0062566853,0.0062366762,0.0062600843,0.0059016470,0.0058924166,0.0059761198,0.0061954716,0.0062358229,0.0062434363,0.0062439500,0.0062420252,0.0061970305,0.0062653992,0.0062467448,0.0062548390,0.0063059175,0.0062024123,0.0062369140,0.0059183389,0.0059570812,0.0059228312,0.0062838094,0.0063047353,0.0062411654,0.0062434593,0.0062433471,0.0062211807,0.0062844066,0.0062758618,0.0062969527,0.0062401779,0.0062502405,0.0062468565,0.0059452747,0.0059388035,0.0059132771,0.0062583490,0.0062909675,0.0061984036,0.0062564970,0.0062288101,0.0061754916,0.0062374513,0.0062749763,0.0062530663,0.0062784954,0.0062019913,0.0062356332,0.0059335167,0.0059550654,0.0058842882,0.0063067486,0.0062082147,0.0062477488,0.0062821731,0.0062332935,0.0062413504,0.0062325713,0.0062314805,0.0062205867,0.0062716572,0.0062527728,0.0062368702,0.0059511269,0.0059050067,0.0059589702,0.0052571691,0.0053159794,0.0053235469,0.0052222568,0.0052613047,0.0052961874,0.0052585182,0.0053083767,0.0053181979,0.0053008986,0.0052628285,0.0052962142,0.0049886598,0.0049519004,0.0049394684
23,41,35,38,45,25,3,43,37,44,4,18,39,16,33,40,26,32,24,19,14,16,7,15,29,46,3,31,11,12,34,36,41,19,24,3,0,39,43,25,18,35,20,27,30,22,46,37,0,44,14,7,4,15,38,25,26,21,31,9,23,38,32,23,43,28,42,6,13,45,40,8,36,42,22,15,37,14,17,10,22,12,29,27,20,10,47,17,6,8,40,4,17,19,1,29,35,16,18,26,5,44,5,10,28,24,33,32,21,1,9,30,5,41,11,21,20,1,47,13,7,46,33,27,8,2,30,11,9,12,2,47,45,34,2,41,35,31,4,6,39,13,28,0,36,34,42,38,34,37,27,23,24,24,16,7,0,40,39,44,29,7,2,15,14,12,25,3,3,0,44,28,18,10,0,15,39,20,13,0,30,3,18,16,5,39,37,26,19,31,0,13,6,17,46,11,35,45,22,15,25,18,38,4,14,36,45,5,40,18,27,36,29,0,42,6,26,23,34,33,25,43,22,8,1,14,4,42,21,28,16,7,46,21,45,8,29,32,16,7,30,13,9,3,43,29,37,1,19,27,18,45,38,19,11,22,32,28,0,31,23,9,6,12,31,1,9,41,33,12,6,35,6,14,26,19,40,16,38,25,15,2,47,4,36,30,19,34,20,24,26,1,2,44,34,44,14,37,29,10,20,37,7,3,47,43,41,13,40,23,29,38,44,45,4,28,44,8,39,17,31,41,6,4,12,2,29,42,34,21,45,42,11,17,32,11,41,7,21,8,24,35,39,31,6,41,39,25,22,46,26,42,44,33,33,31,15,43,3,5,36,24,32,40,27,18,33,16,31,17,40,32,2,30,35,43,3,43,12,38,19,10,46,46,15,20,25,1,9,27,23,47,36,5,42,24,10,5,19,26,36,30,24,25,0,13,14,23,47,35,37,4,13,34,39,28,28,26,28,23,15,14,18,8,10,17,11,9,7,12,16,13,21,20,22
0.0383714519,0.0269253436,0.0268517762,0.0268627782,0.0269204695,0.0270098119,0.0271334583,0.0271023222,0.0268760153,0.0269841095,0.0276305975,0.0320028778,0.1031265891,0.0865539927,0.0677080077,0.0415639575,0.0499141529,0.0516795440,0.0432088961,0.0400304910,0.0393652146,0.0392757308,0.0397900023,0.0396967496,0.0416982099,0.0509298494,0.0849926872,0.1069516277,0.0527175010,0.0452033159,0.1136682741,0.0987642484,0.0769581763,0.0770625815,0.0686717871,0.0658961866,0.0669276314,0.0657699986,0.0666048065,0.0672741274,0.0734353403,0.0917741925,0.0642759257,0.0613700132,0.0599317723,0.0691830769,0.0816246672,0.0922608994,0.0873374422,0.0793846773,0.0784542777,0.0777704485,0.0781671939,0.0773582705,0.0785529353,0.0881913063,0.0785231754,0.0635785018,0.0621617367,0.0628517395,0.0693505753,0.0693632866,0.0710510832,0.0923643290,0.1022739658,0.0912225955,0.0811684844,0.0805989584,0.0829232571,0.0995746834,0.0863925910,0.0696096999,0.0611202290,0.0614190319,0.0620593234,0.0691136911,0.0692509460,0.0694096956,0.0699493123,0.0733002607,0.0894091825,0.1035743765,0.1055828434,0.0996992107,0.0768340673,0.0692733875,0.0697706920,0.0626574966,0.0613434852,0.0617133309,0.0689236703,0.0695572959,0.0694909986,0.0692179137,0.0699597166,0.0692361680,0.0691130302,0.0696965222,0.0688284837,0.0695213788,0.0698706906,0.0686538656,0.0618556829,0.0619220938,0.0613946457,0.0701301668,0.0700381380,0.0693296583,0.0698133353,0.0702729372,0.0694920062,0.0699751986,0.0698130335,0.0692093610,0.0696421420,0.0691603624,0.0697438670,0.0622000416,0.0625513358,0.0620126188,0.0687892565,0.0695875909,0.0698126301,0.0696766942,0.0696735527,0.0706241555,0.0695948741,0.0699585439,0.0701930002,0.0697465428,0.0699570470,0.0697478772,0.0621300032,0.0628315757,0.0620235191,0.0172902615,0.0170579562,0.0171842688,0.0171368157,0.0173282088,0.0173921081,0.0174052498,0.0171646582,0.0170888618,0.0172705412,0.0173969893,0.0172777171,0.0162559894,0.0163514254,0.0162189649,0.0063235310,0.0063310136,0.0063029691,0.0062678478,0.0063558171,0.0063860419,0.0063112932,0.0063131415,0.0063357937,0.0062807034,0.0063373460,0.0062793887,0.0060163779,0.0059813238,0.0060271768,0.0063499248,0.0063425239,0.0063485709,0.0063112531,0.0062589853,0.0062601544,0.0063526901,0.0063469141,0.0062991978,0.0063299026,0.0063191240,0.0062323666,0.0059863432,0.0060017229,0.0059033563,0.0063729388,0.0063200167,0.0062474463,0.0062797638,0.0063764771,0.0063435949,0.0063002322,0.0063683509,0.0063410876,0.0063613534,0.0062083369,0.0062990292,0.0060193443,0.0060379493,0.0060749637,0.0063553071,0.0062856830,0.0063218639,0.0063023340,0.0062846695,0.0062877314,0.0062786380,0.0062323236,0.0062726129,0.0062961851,0.0062914515,0.0062778528,0.0059710316,0.0059105372,0.0059056983,0.0062690448,0.0062644235,0.0062910405,0.0062467862,0.0063677901,0.0062966182,0.0062677102,0.0063006111,0.0063197610,0.0063946227,0.0063184869,0.0063502342,0.0059334280,0.0059893860,0.0060498311,0.0063449218,0.0062932113,0.0062556475,0.0064079939,0.0062702746,0.0062983553,0.0063316052,0.0062804567,0.0062775091,0.0063513799,0.0062291356,0.0063093237,0.0060419834,0.0059043848,0.0059231306,0.0062547037,0.0063242449,0.0063813918,0.0062733006,0.0062592192,0.0062550879,0.0062729587,0.0063468150,0.0062675635,0.0062751409,0.0062378345,0.0062834107,0.0059051837,0.0060216050,0.0059206351,0.0063005745,0.0062248543,0.0063141031,0.0062364119,0.0062841432,0.0063141730,0.0062751167,0.0063153256,0.0062826811,0.0062731454,0.0063087409,0.0062999485,0.0059865838,0.0059225603,0.0059411298,0.0062640536,0.0063461075,0.0062972792,0.0062699300,0.0063345193,0.0062585143,0.0063227146,0.0062654650,0.0062727887,0.0062673632,0.0062467589,0.0062580112,0.0060558763,0.0059019925,0.0059410241,0.0062576921,0.0062750122,0.0062982347,0.0062544148,0.0062587111,0.0062564975,0.0062761438,0.0062902217,0.0062940661,0.0062934476,0.0062929719,0.0062820972,0.0059577244,0.0059429864,0.0059371565,0.0062481601,0.0062711781,0.0062764070,0.0062797514,0.0062619673,0.0063385143,0.0063174979,0.0062649535,0.0062068895,0.0062995795,0.0062721496,0.0061822532,0.0059150217,0.0059554623,0.0059260603,0.0062473508,0.0062577186,0.0062369210,0.0062604935,0.0063145235,0.0062733483,0.0062865076,0.0062402308,0.0062373253,0.0063177060,0.0062604840,0.0062370409,0.0059106055,0.0059169904,0.0059563507,0.0062778754,0.0062729162,0.0063440371,0.0063095896,0.0062964287,0.0062629237,0.0062697420,0.0062401836,0.0062549725,0.0062555427,0.0062734832,0.0062338733,0.0059476748,0.0059362053,0.0058998414,0.0062780212,0.0062912496,0.0062445353,0.0062617714,0.0063431131,0.0062781855,0.0062351326,0.0062189275,0.0063202137,0.0062677224,0.0062330943,0.0062702087,0.0059254984,0.0058939580,0.0059853518,0.0062030687,0.0062359892,0.0062629288,0.0062587314,0.0062396552,0.0061895557,0.0062742195,0.0062505979,0.0062572289,0.0063038801,0.0062163493,0.0062445519,0.0059210858,0.0059662677,0.0059146941,0.0063007184,0.0062908819,0.0062533464,0.0062347477,0.0062443082,0.0062305769,0.0062945439,0.0062817566,0.0063043513,0.0062503277,0.0062680193,0.0062383674,0.0059567410,0.0059389531,0.0059163447,0.0062597488,0.0063009348,0.0061970479,0.0062704219,0.0062328711,0.0061934892,0.0062554016,0.0062818680,0.0062550157,0.0062665559,0.0061991743,0.0062249842,0.0059410687,0.0059646349,0.0058965122,0.0063144683,0.0062252713,0.0062661455,0.0062864740,0.0062533209,0.0062397440,0.0062432610,0.0062357416,0.0062416119,0.0062739841,0.0062482806,0.0062265993,0.0059498982,0.0058962957,0.0059677840,0.0052573505,0.0053186444,0.0053273804,0.0052349402,0.0052787570,0.0052930861,0.0052491655,0.0053049366,0.0053290987,0.0053059266,0.0052673922,0.0052955711,0.0050010915,0.0049603796,0.0049409954
23,41,35,38,45,25,3,43,37,44,4,18,39,16,33,40,26,32,24,19,14,16,7,15,29,46,3,31,11,12,34,36,41,19,24,3,0,39,43,25,18,35,20,27,30,22,46,37,0,44,14,7,4,15,38,25,26,21,31,9,23,38,32,23,43,28,42,6,13,45,40,8,36,42,22,15,37,14,17,10,22,12,29,27,20,10,47,17,6,8,40,4,17,19,1,29,35,16,18,26,5,44,5,10,28,24,33,32,21,1,9,30,5,41,11,21,20,1,47,13,7,46,33,27,8,2,30,11,9,12,2,47,45,34,2,41,35,31,4,6,39,13,28,0,36,34,42,38,34,37,27,23,24,24,16,7,0,40,39,44,29,7,2,15,14,12,25,3,3,0,44,28,18,10,0,15,39,20,13,0,30,3,18,16,5,39,37,26,19,31,0,13,6,17,46,11,35,45,22,15,25,18,38,4,14,36,45,5,40,18,27,36,29,0,42,6,26,23,34,33,25,43,22,8,1,14,4,42,21,28,16,7,46,21,45,8,29,32,16,7,30,13,9,3,43,29,37,1,19,27,18,45,38,19,11,22,32,28,0,31,23,9,6,12,31,1,9,41,33,12,6,35,6,14,26,19,40,16,38,25,15,2,47,4,36,30,19,34,20,24,26,1,2,44,34,44,14,37,29,10,20,37,7,3,47,43,41,13,40,23,29,38,44,45,4,28,44,8,39,17,31,41,6,4,12,2,29,42,34,21,45,42,11,17,32,11,41,7,21,8,24,35,39,31,6,41,39,25,22,46,26,42,44,33,33,31,15,43,3,5,36,24,32,40,27,18,33,16,31,17,40,32,2,30,35,43,3,43,12,38,19,10,46,46,15,20,25,1,9,27,23,47,36,5,42,24,10,5,19,26,36,30,24,25,0,13,14,23,47,35,37,4,13,34,39,28,28,26,28,23,15,14,18,8,10,17,11,9,7,12,16,13,21,20,22
0.0363147661,0.0269213929,0.0268709376,0.0269708917,0.0270688768,0.0271283108,0.0269039892,0.0269753443,0.0271133777,0.0271190670,0.0277281166,0.0325800606,0.1005192240,0.0870329664,0.0676764370,0.0404879725,0.0505561062,0.0499051757,0.0439703461,0.0405697917,0.0394953908,0.0401450446,0.0396821106,0.0400503032,0.0420187388,0.0500382857,0.0870625903,0.1075784782,0.0517460800,0.0435431869,0.1162151851,0.0947688524,0.0772341157,0.0761923772,0.0683313373,0.0661479982,0.0662225984,0.0658334781,0.0660950266,0.0667488205,0.0720744935,0.0898357510,0.0653729893,0.0615827593,0.0599224548,0.0696585490,0.0878697546,0.0918782131,0.0856679521,0.0791339909,0.0776316627,0.0783972519,0.0787816951,0.0777514618,0.0782712590,0.0872955499,0.0828121895,0.0629246809,0.0630481876,0.0622522896,0.0689958699,0.0687862665,0.0732794123,0.0946159385,0.1009806098,0.0837342341,0.0800155971,0.0787034564,0.0792854674,0.0917508950,0.0899905872,0.0698608736,0.0626951460,0.0619740378,0.0624837090,0.0688598435,0.0696574504,0.0692824696,0.0700577719,0.0754827790,0.0978460951,0.1062074155,0.1070660762,0.1034053739,0.0831083719,0.0695942203,0.0686686107,0.0620217270,0.0629645139,0.0620228150,0.0690525594,0.0690619505,0.0696722398,0.0692350543,0.0693734674,0.0679432895,0.0695582468,0.0703009691,0.0691557932,0.0692662933,0.0695508692,0.0692561964,0.0625195088,0.0620680198,0.0619685887,0.0695036452,0.0701137349,0.0698604604,0.0694521849,0.0698575432,0.0698716109,0.0702221843,0.0695648253,0.0694915506,0.0699029805,0.0704596732,0.0696381428,0.0622986337,0.0622311614,0.0621733163,0.0685454737,0.0708555075,0.0696542401,0.0698574755,0.0699101806,0.0703012585,0.0698073349,0.0696054569,0.0691988117,0.0698913795,0.0700922576,0.0698115490,0.0627968237,0.0625547465,0.0618886794,0.0173759904,0.0171630346,0.0172972364,0.0173252768,0.0171891949,0.0172412507,0.0172419916,0.0173121135,0.0172738948,0.0172416032,0.0171535454,0.0173301465,0.0163388988,0.0162365892,0.0162594205,0.0063686003,0.0064149897,0.0063535261,0.0063335720,0.0063251659,0.0063630612,0.0063245053,0.0062545980,0.0063549551,0.0063238033,0.0063267389,0.0063524768,0.0060451168,0.0060023871,0.0059744386,0.0063328991,0.0063070168,0.0063584958,0.0063513027,0.0062618125,0.0062573336,0.0063818013,0.0063552435,0.0062662262,0.0063590793,0.0062169227,0.0063060812,0.0060063693,0.0059221650,0.0059405787,0.0063442871,0.0063651921,0.0063996389,0.0062598594,0.0063594463,0.0063462591,0.0062539008,0.0063699377,0.0063036463,0.0063065602,0.0063036642,0.0062704603,0.0059689146,0.0059314053,0.0059441468,0.0063175813,0.0062357018,0.0063236509,0.0063481779,0.0062937459,0.0063676633,0.0063180326,0.0063056980,0.0062556083,0.0062496310,0.0063374133,0.0063153793,0.0060107892,0.0059560460,0.0060078631,0.0062686909,0.0063614933,0.0062768931,0.0062751685,0.0062863641,0.0062501931,0.0062447549,0.0062619958,0.0062460674,0.0063082585,0.0062861007,0.0063454519,0.0058772997,0.0060010140,0.0059860264,0.0062373951,0.0063260894,0.0062727084,0.0063502847,0.0063824897,0.0062818258,0.0062829746,0.0063198224,0.0063020779,0.0062975968,0.0062526028,0.0062330294,0.0059428216,0.0059202992,0.0059083568,0.0062395225,0.0062521561,0.0063255600,0.0063220217,0.0063186362,0.0062408842,0.0062580453,0.0063582482,0.0062486948,0.0063187952,0.0063205642,0.0063759624,0.0059349079,0.0059955006,0.0059057157,0.0063409225,0.0062629701,0.0063095604,0.0063220250,0.0062634161,0.0063067568,0.0062344445,0.0062090948,0.0062134682,0.0063419821,0.0062496751,0.0062740492,0.0059861113,0.0059589930,0.0059186539,0.0063445778,0.0063261050,0.0062430512,0.0063057187,0.0062832667,0.0062419913,0.0062976886,0.0063204836,0.0062633231,0.0063878728,0.0062905303,0.0061963732,0.0059792596,0.0059258093,0.0058798675,0.0062561897,0.0062678213,0.0061901279,0.0062407471,0.0062888842,0.0062370068,0.0062571136,0.0062856084,0.0063263128,0.0062607751,0.0062815281,0.0062826891,0.0060010545,0.0059359329,0.0059430973,0.0062453071,0.0062793389,0.0062342542,0.0062449206,0.0063257513,0.0062663313,0.0063174084,0.0062578565,0.0062767826,0.0063009084,0.0062104117,0.0063082268,0.0058606643,0.0059177094,0.0059143456,0.0062217447,0.0062976613,0.0062957703,0.0063038805,0.0063192280,0.0061931071,0.0062971104,0.0062413433,0.0062660491,0.0062510559,0.0062401949,0.0062942009,0.0059235155,0.0059444083,0.0059429675,0.0062367753,0.0062263537,0.0063008004,0.0062926097,0.0062224921,0.0062275960,0.0062536487,0.0062606942,0.0062690271,0.0062269391,0.0062351686,0.0063029948,0.0059032387,0.0059061084,0.0059410555,0.0062729487,0.0062571097,0.0062921047,0.0062682401,0.0062296361,0.0062637730,0.0062801771,0.0062386399,0.0062981667,0.0063323829,0.0062360853,0.0062809931,0.0058976096,0.0058593356,0.0059484366,0.0062770661,0.0062621727,0.0062435099,0.0062533609,0.0062691460,0.0062273425,0.0062503013,0.0062264285,0.0062301072,0.0062873122,0.0062369149,0.0063412514,0.0059130071,0.0059797990,0.0059177852,0.0062860848,0.0062352179,0.0063161285,0.0062497370,0.0062435633,0.0062245171,0.0062135893,0.0062835739,0.0062177610,0.0062627424,0.0062685304,0.0062661919,0.0059047073,0.0058839265,0.0059178906,0.0062482369,0.0062989613,0.0061918051,0.0062833348,0.0062495709,0.0062196691,0.0062615484,0.0062306007,0.0062430471,0.0062251554,0.0062449285,0.0062354041,0.0059422783,0.0058479227,0.0059359552,0.0062244084,0.0062453219,0.0062328564,0.0062325768,0.0062983567,0.0062557915,0.0062656015,0.0062486763,0.0062695621,0.0062720287,0.0062797821,0.0062305470,0.0059356215,0.0059306707,0.0059109337,0.0052960317,0.0053209665,0.0052656498,0.0053374454,0.0053048328,0.0052266928,0.0053271090,0.0052520382,0.0053230811,0.0053124833,0.0052511311,0.0052925303,0.0049464432,0.0049420776,0.0049763290
9,37,29,30,32,4,27,28,31,41,26,39,45,28,32,18,44,36,40,20,7,46,21,15,5,38,26,23,19,34,22,24,38,44,41,24,29,25,31,30,19,30,33,1,42,46,9,29,4,15,18,40,5,34,21,41,20,47,6,45,40,34,10,31,47,32,46,7,39,25,27,1,10,3,13,39,20,44,0,42,37,43,35,33,36,18,0,35,17,0,27,42,38,15,12,21,26,8,28,19,13,37,16,14,2,3,16,5,6,1,36,8,6,7,2,9,12,22,23,11,4,10,13,16,3,17,17,14,2,14,11,11,8,43,12,45,24,23,33,47,25,33,22,26,35,24,43,28,27,25,30,34,36,11,32,45,44,45,39,46,40,42,14,8,0,20,45,15,43,39,42,29,9,27,31,15,38,10,11,20,39,21,1,44,41,47,30,37,43,31,28,26,16,1,20,30,8,22,35,9,13,41,37,21,20,17,37,9,24,23,16,18,14,17,35,23,13,32,20,47,9,21,36,12,3,18,1,30,4,2,25,35,45,36,23,35,40,2,21,33,24,32,43,26,40,27,24,7,10,33,18,5,22,17,30,31,31,46,46,7,47,32,18,18,25,39,29,13,32,42,19,5,22,0,37,36,29,7,23,6,16,35,15,15,40,33,31,24,22,37,31,34,12,3,2,0,19,19,43,38,2,15,35,43,46,41,5,5,27,28,20,21,27,46,35,0,34,47,44,19,27,10,6,19,7,43,4,25,29,47,38,22,4,41,21,47,17,8,25,29,28,41,44,37,2,39,16,11,45,46,40,43,30,23,12,40,1,34,0,6,26,45,4,38,7,23,30,20,32,37,29,14,31,5,26,33,11,23,42,12,36,15,47,38,15,14,5,4,39,28,41,34,24,3,39,22,28,4,26,8,25,32,41,18,3,4,33,9,6,21,9,13,44,10,29,3,34,45,1,7,9,14,16,5,6,10,7,11,17,12,8,13,18,19,4
0.0348947340,0.0268904111,0.0267469717,0.0271702345,0.0268687569,0.0270721369,0.0267895622,0.0268300018,0.0270513347,0.0270404638,0.0278287519,0.0324775262,0.0942228151,0.0911156390,0.0676934123,0.0392540420,0.0509073037,0.0474013908,0.0439731514,0.0404035719,0.0394573306,0.0392537703,0.0395375379,0.0395889332,0.0407455334,0.0474248375,0.0829723028,0.1023598394,0.0498280524,0.0428887138,0.1186350253,0.0913630453,0.0785073899,0.0745958231,0.0679537286,0.0663393092,0.0661423467,0.0662617311,0.0664411980,0.0666911621,0.0733961132,0.0914434705,0.0671880560,0.0624768727,0.0603643573,0.0694217728,0.0910979442,0.0914749685,0.0837271024,0.0790106346,0.0773534044,0.0778423511,0.0780699145,0.0772319933,0.0772486464,0.0858975043,0.0853378534,0.0628279678,0.0624711838,0.0619510966,0.0690022066,0.0686913678,0.0738238797,0.0976910149,0.0946213910,0.0808679314,0.0786544229,0.0787058389,0.0781756157,0.0853458655,0.0904319240,0.0704036978,0.0623313340,0.0621607200,0.0623174087,0.0684370760,0.0693603872,0.0691241084,0.0698217933,0.0822096416,0.1005623705,0.1060825290,0.1078996847,0.1049216288,0.0897781455,0.0695359863,0.0689003308,0.0621549246,0.0627670874,0.0617003662,0.0687010814,0.0690486016,0.0694029779,0.0685682990,0.0693926963,0.0680053997,0.0685358125,0.0697507037,0.0689213659,0.0684912759,0.0691804559,0.0681926509,0.0623603568,0.0624473390,0.0616248993,0.0692240079,0.0701079751,0.0693199439,0.0696353377,0.0693521404,0.0699194069,0.0698484399,0.0695107531,0.0697317068,0.0696288682,0.0703078934,0.0696639584,0.0625686313,0.0626404131,0.0619821507,0.0681004866,0.0701433890,0.0696524553,0.0698915375,0.0692774578,0.0697642385,0.0692431263,0.0696386570,0.0689753365,0.0700517146,0.0698905087,0.0693070536,0.0631600889,0.0618336864,0.0615968260,0.0173569168,0.0171852835,0.0172753397,0.0173007691,0.0171973292,0.0171837851,0.0171646692,0.0172981247,0.0173086809,0.0172932709,0.0171371215,0.0173039204,0.0162942283,0.0162508202,0.0161995648,0.0063867145,0.0064053041,0.0063526870,0.0063362254,0.0063218957,0.0063673871,0.0063325771,0.0062646182,0.0063508546,0.0063106892,0.0063344405,0.0063621245,0.0060432363,0.0060182696,0.0059839089,0.0063308274,0.0063087982,0.0063612507,0.0063536013,0.0062690986,0.0062652800,0.0063746868,0.0063737582,0.0062695092,0.0063742296,0.0062317542,0.0063155362,0.0060138990,0.0059275848,0.0059449606,0.0063393703,0.0063676828,0.0063935200,0.0062631848,0.0063517348,0.0063409800,0.0062520402,0.0063600695,0.0062998168,0.0063054932,0.0063287687,0.0062716497,0.0059727223,0.0059202310,0.0059495961,0.0063152849,0.0062473007,0.0063255326,0.0063431450,0.0062965987,0.0063704350,0.0063273792,0.0063099078,0.0062581471,0.0062506221,0.0063348616,0.0063078988,0.0060207234,0.0059572764,0.0060297665,0.0062673710,0.0063687783,0.0062634139,0.0062822629,0.0062945899,0.0062506972,0.0062452672,0.0062752105,0.0062395403,0.0062748284,0.0062884947,0.0063426828,0.0058813669,0.0060303250,0.0059812065,0.0062433145,0.0063181367,0.0062644948,0.0063562910,0.0063757100,0.0062835753,0.0062920540,0.0063143271,0.0062894934,0.0063112442,0.0062592132,0.0062443293,0.0059373773,0.0059341764,0.0059166478,0.0062577007,0.0062711270,0.0063297991,0.0063365381,0.0063224857,0.0062418990,0.0062702004,0.0063691153,0.0062576133,0.0063335138,0.0063177730,0.0063852196,0.0059434767,0.0060078144,0.0059024501,0.0063389978,0.0062636630,0.0063059448,0.0063155403,0.0062743841,0.0063070422,0.0062316210,0.0062165919,0.0062210084,0.0063403160,0.0062692247,0.0062735155,0.0059882059,0.0059746604,0.0059338367,0.0063712439,0.0063393074,0.0062517365,0.0063053404,0.0062764627,0.0062476792,0.0062879952,0.0063231357,0.0062772161,0.0064025002,0.0062916742,0.0061971785,0.0059905798,0.0059251425,0.0058816946,0.0062672399,0.0062701587,0.0062110358,0.0062484451,0.0062789631,0.0062457124,0.0062462689,0.0062818080,0.0063229559,0.0062782407,0.0062993103,0.0062833879,0.0059980248,0.0059290680,0.0059580906,0.0062587996,0.0062749621,0.0062383422,0.0062432743,0.0063182445,0.0062642925,0.0063150907,0.0062570754,0.0062592670,0.0063053611,0.0062189928,0.0063094189,0.0058548307,0.0059275667,0.0059213430,0.0062263959,0.0063027924,0.0062974769,0.0062966068,0.0063081175,0.0062024327,0.0062912952,0.0062654244,0.0062649420,0.0062558142,0.0062428452,0.0062919941,0.0059379057,0.0059296261,0.0059417468,0.0062379005,0.0062186541,0.0063103948,0.0062887452,0.0062304316,0.0062264891,0.0062567663,0.0062764771,0.0062918709,0.0062245624,0.0062266965,0.0063055409,0.0059033540,0.0059097145,0.0059499633,0.0062755705,0.0062521583,0.0063225011,0.0062664200,0.0062370809,0.0062692199,0.0062791075,0.0062406918,0.0063034609,0.0063188981,0.0062294105,0.0062752483,0.0059084108,0.0058670174,0.0059618499,0.0062635250,0.0062569467,0.0062649551,0.0062584323,0.0062627265,0.0062359503,0.0062546882,0.0062323719,0.0062118843,0.0062845768,0.0062337576,0.0063350534,0.0059139887,0.0059782022,0.0059369312,0.0062838697,0.0062409350,0.0063163385,0.0062601771,0.0062364224,0.0062253024,0.0062265594,0.0062818974,0.0062288608,0.0062605576,0.0062737212,0.0062667222,0.0059130985,0.0058899522,0.0059165141,0.0062431437,0.0063232130,0.0062012410,0.0062929437,0.0062574713,0.0062317953,0.0062504096,0.0062342570,0.0062494514,0.0062428775,0.0062558759,0.0062370032,0.0059353065,0.0058686407,0.0059407685,0.0062294216,0.0062549277,0.0062401170,0.0062477886,0.0062978567,0.0062519989,0.0062694632,0.0062519277,0.0062793444,0.0062636399,0.0062852870,0.0062270979,0.0059427351,0.0059376329,0.0059165351,0.0052927659,0.0053210450,0.0052660833,0.0053500823,0.0053228963,0.0052370353,0.0053211139,0.0052653044,0.0053246937,0.0053033545,0.0052488837,0.0053094015,0.0049577353,0.0049328358,0.0049721715
9,37,29,30,32,4,27,28,31,41,26,39,45,28,32,18,44,36,40,20,7,46,21,15,5,38,26,23,19,34,22,24,38,44,41,24,29,25,31,30,19,30,33,1,42,46,9,29,4,15,18,40,5,34,21,41,20,47,6,45,40,34,10,31,47,32,46,7,39,25,27,1,10,3,13,39,20,44,0,42,37,43,35,33,36,18,0,35,17,0,27,42,38,15,12,21,26,8,28,19,13,37,16,14,2,3,16,5,6,1,36,8,6,7,2,9,12,22,23,11,4,10,13,16,3,17,17,14,2,14,11,11,8,43,12,45,24,23,33,47,25,33,22,26,35,24,43,28,27,25,30,34,36,11,32,45,44,45,39,46,40,42,14,8,0,20,45,15,43,39,42,29,9,27,31,15,38,10,11,20,39,21,1,44,41,47,30,37,43,31,28,26,16,1,20,30,8,22,35,9,13,41,37,21,20,17,37,9,24,23,16,18,14,17,35,23,13,32,20,47,9,21,36,12,3,18,1,30,4,2,25,35,45,36,23,35,40,2,21,33,24,32,43,26,40,27,24,7,10,33,18,5,22,17,30,31,31,46,46,7,47,32,18,18,25,39,29,13,32,42,19,5,22,0,37,36,29,7,23,6,16,35,15,15,40,33,31,24,22,37,31,34,12,3,2,0,19,19,43,38,2,15,35,43,46,41,5,5,27,28,20,21,27,46,35,0,34,47,44,19,27,10,6,19,7,43,4,25,29,47,38,22,4,41,21,47,17,8,25,29,28,41,44,37,2,39,16,11,45,46,40,43,30,23,12,40,1,34,0,6,26,45,4,38,7,23,30,20,32,37,29,14,31,5,26,33,11,23,42,12,36,15,47,38,15,14,5,4,39,28,41,34,24,3,39,22,28,4,26,8,25,32,41,18,3,4,33,9,6,21,9,13,44,10,29,3,34,45,1,7,9,14,16,5,6,10,7,11,17,12,8,13,18,19,4
0.0343988255,0.0269868662,0.0265679660,0.0271128729,0.0270267996,0.0269691593,0.0269669639,0.0269447710,0.0270285106,0.0270220595,0.0277117264,0.0314803597,0.0823896994,0.0981459401,0.0680578511,0.0386311568,0.0524434343,0.0481602052,0.0447616012,0.0402446237,0.0391574648,0.0393191882,0.0395987727,0.0398440629,0.0404180671,0.0472598838,0.0829610225,0.1036268466,0.0493579893,0.0427359202,0.1197564443,0.0878517864,0.0777474974,0.0728998306,0.0672660721,0.0661443448,0.0660476327,0.0661285419,0.0665160915,0.0669111473,0.0735303972,0.0916666089,0.0665378600,0.0621627816,0.0600866453,0.0696436087,0.0947762133,0.0906408856,0.0840678348,0.0789278766,0.0776762201,0.0778658898,0.0777715675,0.0773256819,0.0768852932,0.0838299945,0.0879023785,0.0633928290,0.0633942067,0.0620133354,0.0685455554,0.0691416102,0.0758838897,0.0968479573,0.0883725384,0.0790861419,0.0782526286,0.0792881327,0.0785043193,0.0823885336,0.0920383632,0.0709952782,0.0625703733,0.0617250070,0.0624070341,0.0690711949,0.0690090549,0.0694938732,0.0717082298,0.0893905950,0.1036461787,0.1071703474,0.1061093786,0.1049155302,0.0943554863,0.0704356191,0.0685991559,0.0620185743,0.0634162176,0.0617669990,0.0688029221,0.0692383260,0.0694525223,0.0687810403,0.0692235045,0.0684492028,0.0694331234,0.0732925934,0.0688260401,0.0685673532,0.0692311543,0.0689053229,0.0628139155,0.0627128577,0.0615013537,0.0690423853,0.0705466860,0.0696159594,0.0698683540,0.0696999012,0.0700479400,0.0701457681,0.0698873282,0.0701809089,0.0693025613,0.0704512676,0.0689881765,0.0622804895,0.0618512089,0.0623258317,0.0687575298,0.0704667380,0.0694075306,0.0695222384,0.0694335814,0.0704764874,0.0695314413,0.0700840594,0.0690540451,0.0697813395,0.0698652396,0.0696391470,0.0631387545,0.0619341857,0.0609062044,0.0173692901,0.0171880288,0.0173181696,0.0173608569,0.0172635810,0.0172103006,0.0172287044,0.0172767302,0.0173349592,0.0173238328,0.0171453356,0.0173903330,0.0163686767,0.0162388822,0.0162368765,0.0063678046,0.0064015199,0.0063710037,0.0063563121,0.0063197819,0.0063738546,0.0063368176,0.0062698323,0.0063553833,0.0063165535,0.0063308572,0.0063551568,0.0060513619,0.0059997396,0.0059736154,0.0063300882,0.0063126260,0.0063617489,0.0063630531,0.0062693886,0.0062704202,0.0063811990,0.0063555168,0.0062695981,0.0063738582,0.0062255066,0.0063198207,0.0060150496,0.0059473209,0.0059385316,0.0063439095,0.0063639523,0.0064010055,0.0062721500,0.0063667450,0.0063413649,0.0062591997,0.0063618224,0.0063157831,0.0063185687,0.0063187169,0.0062729506,0.0059782557,0.0059349994,0.0059388378,0.0063207636,0.0062360929,0.0063265906,0.0063566137,0.0063049956,0.0063722957,0.0063309982,0.0063073767,0.0062673199,0.0062473956,0.0063463509,0.0063291211,0.0060274484,0.0059645720,0.0060135258,0.0062730328,0.0063761041,0.0062474550,0.0062834030,0.0062992819,0.0062596756,0.0062452189,0.0062714306,0.0062548419,0.0062772413,0.0062934138,0.0063544234,0.0058866603,0.0060093078,0.0059814261,0.0062530314,0.0063308364,0.0062616255,0.0063572436,0.0063709925,0.0062779093,0.0062992570,0.0063401354,0.0063096431,0.0063080241,0.0062698123,0.0062318838,0.0059446395,0.0059313348,0.0059158642,0.0062500257,0.0062612415,0.0063336323,0.0063516519,0.0063215886,0.0062540667,0.0062553491,0.0063599453,0.0062603767,0.0063337961,0.0063282312,0.0063663254,0.0059321861,0.0060088784,0.0059001582,0.0063327399,0.0062621792,0.0063149730,0.0063097681,0.0062716203,0.0063203304,0.0062347532,0.0062244358,0.0062231400,0.0063440855,0.0062683869,0.0062782927,0.0059782577,0.0059624224,0.0059348511,0.0063610214,0.0063263606,0.0062432899,0.0063192510,0.0062920987,0.0062604236,0.0062872982,0.0063201193,0.0062800478,0.0063890574,0.0063057433,0.0062085595,0.0059899661,0.0059202031,0.0058833439,0.0062796811,0.0062722857,0.0061950172,0.0062433425,0.0062845446,0.0062355192,0.0062623017,0.0062805268,0.0063387489,0.0062620343,0.0062949622,0.0063006929,0.0060129545,0.0059379831,0.0059575176,0.0062539637,0.0062851149,0.0062443934,0.0062611136,0.0063187214,0.0062764397,0.0063261736,0.0062623209,0.0062625942,0.0063078603,0.0062141571,0.0063151109,0.0058727592,0.0059230327,0.0059231815,0.0062289738,0.0063056772,0.0063039858,0.0063083623,0.0063194592,0.0061973982,0.0063029230,0.0062539549,0.0062692400,0.0062451102,0.0062429751,0.0062886279,0.0059283328,0.0059318280,0.0059361813,0.0062509528,0.0062228551,0.0063042833,0.0062915234,0.0062336427,0.0062270424,0.0062711213,0.0062674725,0.0062845812,0.0062199881,0.0062356044,0.0063034752,0.0058977995,0.0059241445,0.0059384494,0.0062685077,0.0062607312,0.0063102225,0.0062688167,0.0062314159,0.0062514681,0.0062853343,0.0062434484,0.0063239947,0.0063316113,0.0062297246,0.0062907685,0.0059009801,0.0058722501,0.0059604675,0.0062604863,0.0062593457,0.0062630511,0.0062753743,0.0062666111,0.0062350678,0.0062529615,0.0062279500,0.0062366114,0.0062966370,0.0062421160,0.0063473972,0.0059124171,0.0059883222,0.0059333597,0.0062841585,0.0062535032,0.0063097888,0.0062541008,0.0062497549,0.0062516757,0.0062277246,0.0062757864,0.0062204842,0.0062639983,0.0062936247,0.0062766399,0.0059105970,0.0058947195,0.0059214684,0.0062440321,0.0063040805,0.0061983686,0.0062948777,0.0062669761,0.0062292241,0.0062619071,0.0062375807,0.0062548351,0.0062491156,0.0062525916,0.0062308136,0.0059481418,0.0058680757,0.0059387450,0.0062331386,0.0062607139,0.0062442593,0.0062382972,0.0062887526,0.0062511192,0.0062672664,0.0062481365,0.0062769681,0.0062730374,0.0062934300,0.0062257313,0.0059438070,0.0059294063,0.0059211856,0.0053044606,0.0053188407,0.0052651421,0.0053646991,0.0053201246,0.0052363539,0.0053265846,0.0052614379,0.0053350532,0.0053123010,0.0052536529,0.0053001166,0.0049594943,0.0049419495,0.0049715552
9,37,29,30,32,4,27,28,31,41,26,39,45,28,32,18,44,36,40,20,7,46,21,15,5,38,26,23,19,34,22,24,38,44,41,24,29,25,31,30,19,30,33,1,42,46,9,29,4,15,18,40,5,34,21,41,20,47,6,45,40,34,10,31,47,32,46,7,39,25,27,1,10,3,13,39,20,44,0,42,37,43,35,33,36,18,0,35,17,0,27,42,38,15,12,21,26,8,28,19,13,37,16,14,2,3,16,5,6,1,36,8,6,7,2,9,12,22,23,11,4,10,13,16,3,17,17,14,2,14,11,11,8,43,12,45,24,23,33,47,25,33,22,26,35,24,43,28,27,25,30,34,36,11,32,45,44,45,39,46,40,42,14,8,0,20,45,15,43,39,42,29,9,27,31,15,38,10,11,20,39,21,1,44,41,47,30,37,43,31,28,26,16,1,20,30,8,22,35,9,13,41,37,21,20,17,37,9,24,23,16,18,14,17,35,23,13,32,20,47,9,21,36,12,3,18,1,30,4,2,25,35,45,36,23,35,40,2,21,33,24,32,43,26,40,27,24,7,10,33,18,5,22,17,30,31,31,46,46,7,47,32,18,18,25,39,29,13,32,42,19,5,22,0,37,36,29,7,23,6,16,35,15,15,40,33,31,24,22,37,31,34,12,3,2,0,19,19,43,38,2,15,35,43,46,41,5,5,27,28,20,21,27,46,35,0,34,47,44,19,27,10,6,19,7,43,4,25,29,47,38,22,4,41,21,47,17,8,25,29,28,41,44,37,2,39,16,11,45,46,40,43,30,23,12,40,1,34,0,6,26,45,4,38,7,23,30,20,32,37,29,14,31,5,26,33,11,23,42,12,36,15,47,38,15,14,5,4,39,28,41,34,24,3,39,22,28,4,26,8,25,32,41,18,3,4,33,9,6,21,9,13,44,10,29,3,34,45,1,7,9,14,16,5,6,10,7,11,17,12,8,13,18,19,4
0.0334572808,0.0270340277,0.0268713852,0.0271355320,0.0269530197,0.0270698868,0.0267930179,0.0269913650,0.0270888827,0.0270561230,0.0277751297,0.0307110442,0.0606445849,0.1062802117,0.0661126745,0.0378717333,0.0538116643,0.0469987835,0.0444369628,0.0404116628,0.0391016782,0.0394663231,0.0397480758,0.0397446839,0.0404399848,0.0463187747,0.0810509452,0.1021143537,0.0519085279,0.0420339443,0.1202551922,0.0850101019,0.0779082381,0.0723878190,0.0667581878,0.0660640076,0.0656103591,0.0660851398,0.0658107168,0.0669278499,0.0723451286,0.0897761073,0.0684110922,0.0618388123,0.0604086572,0.0703715210,0.0978771672,0.0894930874,0.0838506311,0.0785034625,0.0777629147,0.0781789083,0.0784113234,0.0779152616,0.0762711920,0.0823174830,0.0870836578,0.0636377276,0.0629491371,0.0621713898,0.0688558982,0.0693049024,0.0771127810,0.0951346163,0.0830206773,0.0783019225,0.0783628788,0.0779679698,0.0775778332,0.0806323453,0.0925180019,0.0724782158,0.0624362403,0.0622353456,0.0624234741,0.0688788194,0.0692699595,0.0693134701,0.0759334794,0.0953515979,0.1049272866,0.1014928719,0.0997745999,0.1032809566,0.0972183849,0.0727928637,0.0687385822,0.0623891295,0.0627048049,0.0620340715,0.0689725931,0.0694731409,0.0695301948,0.0690896740,0.0696642036,0.0676934940,0.0759289905,0.0805037599,0.0724388927,0.0690833739,0.0691665070,0.0689506271,0.0626423357,0.0621833090,0.0617418431,0.0692845194,0.0699359679,0.0696111368,0.0693639761,0.0697832176,0.0703057407,0.0692251273,0.0691408563,0.0695320122,0.0696435948,0.0700310468,0.0693869576,0.0620813608,0.0616652191,0.0622832869,0.0683031401,0.0699711940,0.0699178488,0.0694664074,0.0697442746,0.0704825180,0.0704449886,0.0701437927,0.0688672530,0.0700383890,0.0699826309,0.0692373567,0.0629061420,0.0613172648,0.0615663625,0.0173658193,0.0172312396,0.0172736255,0.0173432308,0.0172209181,0.0172510893,0.0172228301,0.0172275337,0.0172252807,0.0173623570,0.0171298317,0.0173271301,0.0163200894,0.0163159938,0.0162184639,0.0063757713,0.0064219671,0.0063612240,0.0063487502,0.0063332844,0.0063692951,0.0063369886,0.0062578518,0.0063518492,0.0063155871,0.0063268406,0.0063504908,0.0060415369,0.0059998500,0.0059801757,0.0063251710,0.0063042647,0.0063618799,0.0063431481,0.0062634089,0.0062496089,0.0063762612,0.0063623758,0.0062576916,0.0063731947,0.0062254014,0.0063261082,0.0060160682,0.0059360805,0.0059449930,0.0063359030,0.0063628310,0.0064017898,0.0062631111,0.0063536869,0.0063629099,0.0062499374,0.0063698161,0.0063090716,0.0063188870,0.0063121960,0.0062697738,0.0059806594,0.0059354153,0.0059357922,0.0063121592,0.0062460903,0.0063266909,0.0063594423,0.0062971878,0.0063838279,0.0063136474,0.0063059126,0.0062703731,0.0062527069,0.0063436905,0.0063267537,0.0060164594,0.0059498213,0.0060111813,0.0062676177,0.0063645814,0.0062506535,0.0062810257,0.0063029720,0.0062683275,0.0062415737,0.0062780699,0.0062345293,0.0062842437,0.0062763906,0.0063515014,0.0058763208,0.0060075997,0.0059793195,0.0062538869,0.0063219433,0.0062641905,0.0063420914,0.0063740953,0.0062852745,0.0063070303,0.0063294401,0.0062993675,0.0063105612,0.0062679433,0.0062230828,0.0059461791,0.0059355588,0.0059279091,0.0062561665,0.0062733374,0.0063219127,0.0063384456,0.0063137953,0.0062420658,0.0062679860,0.0063644681,0.0062550611,0.0063405419,0.0063175903,0.0063708313,0.0059288328,0.0060050937,0.0059039334,0.0063364022,0.0062578349,0.0063100761,0.0063199875,0.0062648569,0.0063097948,0.0062364046,0.0062108378,0.0062162536,0.0063441214,0.0062544390,0.0062713055,0.0059854301,0.0059709863,0.0059310011,0.0063564323,0.0063230001,0.0062466854,0.0062923643,0.0062887546,0.0062387985,0.0062761253,0.0063270369,0.0062798694,0.0063907555,0.0062880185,0.0062157154,0.0059904520,0.0059282385,0.0058914012,0.0062784373,0.0062778466,0.0062113386,0.0062533236,0.0062895797,0.0062347650,0.0062668448,0.0062807815,0.0063322919,0.0062843141,0.0062845069,0.0062882539,0.0059901334,0.0059346906,0.0059608171,0.0062455917,0.0062792039,0.0062521543,0.0062453961,0.0063312238,0.0062647597,0.0063286572,0.0062791270,0.0062630867,0.0063048771,0.0062143881,0.0063110748,0.0058622129,0.0059308192,0.0059345967,0.0062264889,0.0063118880,0.0063039104,0.0063019707,0.0063131410,0.0061953164,0.0063029271,0.0062566492,0.0062679508,0.0062463538,0.0062320809,0.0062927171,0.0059270206,0.0059454358,0.0059308461,0.0062337197,0.0062108385,0.0062993089,0.0062857397,0.0062297261,0.0062316059,0.0062727758,0.0062845282,0.0062891372,0.0062179968,0.0062335406,0.0062963889,0.0059020305,0.0059185693,0.0059459322,0.0062730191,0.0062523520,0.0063071799,0.0062733990,0.0062333050,0.0062553488,0.0062828499,0.0062444897,0.0063009012,0.0063403848,0.0062251880,0.0062733192,0.0059212023,0.0058648067,0.0059575303,0.0062700493,0.0062544578,0.0062607379,0.0062604847,0.0062703243,0.0062342474,0.0062459412,0.0062315232,0.0062283127,0.0062971258,0.0062382187,0.0063409943,0.0059104306,0.0059825854,0.0059475442,0.0062987599,0.0062478142,0.0063102432,0.0062567216,0.0062508893,0.0062306557,0.0062214537,0.0062951338,0.0062211478,0.0062621331,0.0062802895,0.0062840390,0.0059054377,0.0058861405,0.0059244826,0.0062436279,0.0063168445,0.0061932673,0.0062865014,0.0062547707,0.0062170808,0.0062610464,0.0062234486,0.0062540094,0.0062472597,0.0062415810,0.0062424126,0.0059404272,0.0058550183,0.0059352041,0.0062313991,0.0062585477,0.0062400920,0.0062373160,0.0063056780,0.0062601240,0.0062652920,0.0062381928,0.0062744963,0.0062553123,0.0062822449,0.0062428865,0.0059450821,0.0059240141,0.0059147413,0.0053111074,0.0053093433,0.0052697348,0.0053730802,0.0053114619,0.0052394003,0.0053298548,0.0052571262,0.0053261358,0.0053225403,0.0052528917,0.0052966127,0.0049522727,0.0049259657,0.0049582568
9,37,29,30,32,4,27,28,31,41,26,39,45,28,32,18,44,36,40,20,7,46,21,15,5,38,26,23,19,34,22,24,38,44,41,24,29,25,31,30,19,30,33,1,42,46,9,29,4,15,18,40,5,34,21,41,20,47,6,45,40,34,10,31,47,32,46,7,39,25,27,1,10,3,13,39,20,44,0,42,37,43,35,33,36,18,0,35,17,0,27,42,38,15,12,21,26,8,28,19,13,37,16,14,2,3,16,5,6,1,36,8,6,7,2,9,12,22,23,11,4,10,13,16,3,17,17,14,2,14,11,11,8,43,12,45,24,23,33,47,25,33,22,26,35,24,43,28,27,25,30,34,36,11,32,45,44,45,39,46,40,42,14,8,0,20,45,15,43,39,42,29,9,27,31,15,38,10,11,20,39,21,1,44,41,47,30,37,43,31,28,26,16,1,20,30,8,22,35,9,13,41,37,21,20,17,37,9,24,23,16,18,14,17,35,23,13,32,20,47,9,21,36,12,3,18,1,30,4,2,25,35,45,36,23,35,40,2,21,33,24,32,43,26,40,27,24,7,10,33,18,5,22,17,30,31,31,46,46,7,47,32,18,18,25,39,29,13,32,42,19,5,22,0,37,36,29,7,23,6,16,35,15,15,40,33,31,24,22,37,31,34,12,3,2,0,19,19,43,38,2,15,35,43,46,41,5,5,27,28,20,21,27,46,35,0,34,47,44,19,27,10,6,19,7,43,4,25,29,47,38,22,4,41,21,47,17,8,25,29,28,41,44,37,2,39,16,11,45,46,40,43,30,23,12,40,1,34,0,6,26,45,4,38,7,23,30,20,32,37,29,14,31,5,26,33,11,23,42,12,36,15,47,38,15,14,5,4,39,28,41,34,24,3,39,22,28,4,26,8,25,32,41,18,3,4,33,9,6,21,9,13,44,10,29,3,34,45,1,7,9,14,16,5,6,10,7,11,17,12,8,13,18,19,4
0.0323963692,0.0269800189,0.0267121032,0.0272479419,0.0270542840,0.0269877917,0.0267568201,0.0269290031,0.0270107719,0.0269909480,0.0276937294,0.0303386170,0.0467197180,0.1111618982,0.0659065267,0.0378633030,0.0531967301,0.0453086074,0.0427947755,0.0393874041,0.0387497711,0.0392974787,0.0390136605,0.0387626170,0.0404236536,0.0467232275,0.0801908453,0.1024981990,0.0532151528,0.0415873873,0.1199720204,0.0829680604,0.0782813731,0.0730518641,0.0667553834,0.0660213604,0.0658054657,0.0661887690,0.0659980900,0.0670364292,0.0721811382,0.0871852238,0.0722252544,0.0617908763,0.0603452072,0.0722157188,0.0996560466,0.0889352353,0.0821327075,0.0781213316,0.0774193807,0.0775730040,0.0786564128,0.0771237505,0.0762224232,0.0813133570,0.0890203393,0.0641302343,0.0624521331,0.0620718937,0.0685697333,0.0689350640,0.0790948450,0.0891018827,0.0812631899,0.0781363684,0.0773663648,0.0775755622,0.0765091154,0.0799039246,0.0909752032,0.0734066754,0.0626081843,0.0622437954,0.0624299121,0.0682134510,0.0693762639,0.0688423709,0.0819689628,0.0978915848,0.1036327442,0.0969489321,0.0967912790,0.0994061704,0.0983104294,0.0743416907,0.0686934365,0.0623267535,0.0630708754,0.0617145420,0.0688125051,0.0695347941,0.0694604347,0.0693482625,0.0697856825,0.0692220055,0.0803206684,0.0844992386,0.0769387911,0.0686080278,0.0692891712,0.0689157364,0.0627817770,0.0623305202,0.0616210517,0.0692963021,0.0706041527,0.0697692192,0.0695587977,0.0690972694,0.0701586961,0.0698719274,0.0693459431,0.0699828473,0.0697460058,0.0700209779,0.0695686917,0.0624375213,0.0622517007,0.0622209534,0.0678076954,0.0704241820,0.0698423049,0.0702227805,0.0700681194,0.0700972612,0.0701113374,0.0696964780,0.0695506958,0.0700057832,0.0695954460,0.0692334758,0.0628324839,0.0621789060,0.0614175850,0.0174096497,0.0171951777,0.0172838126,0.0173327345,0.0172594571,0.0171732282,0.0172104137,0.0172852817,0.0173352793,0.0172971056,0.0171402963,0.0173872684,0.0163126564,0.0163009020,0.0162418305,0.0063880917,0.0064083137,0.0063629231,0.0063532858,0.0063192909,0.0063690373,0.0063339123,0.0062589340,0.0063565150,0.0063123716,0.0063211720,0.0063601053,0.0060529287,0.0060007484,0.0059811173,0.0063334307,0.0063138612,0.0063636590,0.0063501263,0.0062705709,0.0062572335,0.0063839889,0.0063638234,0.0062753827,0.0063732007,0.0062230937,0.0063279082,0.0060204556,0.0059402892,0.0059476468,0.0063440536,0.0063594953,0.0063957900,0.0062570062,0.0063553468,0.0063511971,0.0062586555,0.0063608433,0.0062956780,0.0063093533,0.0063214253,0.0062779044,0.0059880676,0.0059323627,0.0059561020,0.0063406043,0.0062469623,0.0063347300,0.0063616253,0.0063087637,0.0063873908,0.0063230916,0.0062944542,0.0062648925,0.0062565248,0.0063575147,0.0063159431,0.0060186794,0.0059571477,0.0060174278,0.0062800495,0.0063789997,0.0062581680,0.0062882112,0.0062967386,0.0062717770,0.0062428655,0.0062643956,0.0062398070,0.0062772208,0.0062983113,0.0063561530,0.0058875528,0.0060273097,0.0059875345,0.0062436361,0.0063264333,0.0062733543,0.0063642148,0.0063899109,0.0062797529,0.0062898715,0.0063304612,0.0062981494,0.0063055978,0.0062556522,0.0062265877,0.0059518395,0.0059414255,0.0059094997,0.0062596328,0.0062567544,0.0063274223,0.0063515391,0.0063159571,0.0062493019,0.0062672070,0.0063765003,0.0062591684,0.0063349708,0.0063242491,0.0063812035,0.0059364502,0.0060151972,0.0059186003,0.0063391409,0.0062714470,0.0063168267,0.0063303786,0.0062643323,0.0063219808,0.0062212827,0.0062318142,0.0062139541,0.0063497076,0.0062569461,0.0062765400,0.0059903143,0.0059633969,0.0059415295,0.0063696105,0.0063465688,0.0062585544,0.0062954484,0.0062860474,0.0062470797,0.0062828794,0.0063335626,0.0062790516,0.0063951825,0.0063058272,0.0062139935,0.0059935095,0.0059297690,0.0058901516,0.0062626845,0.0062682532,0.0061997003,0.0062508169,0.0062869144,0.0062506286,0.0062593135,0.0062975847,0.0063216820,0.0062573291,0.0062971087,0.0062930703,0.0059959856,0.0059302617,0.0059477648,0.0062540548,0.0062943868,0.0062506089,0.0062437643,0.0063316745,0.0062828732,0.0063241102,0.0062683503,0.0062688698,0.0063118343,0.0062219434,0.0063200786,0.0058710025,0.0059315900,0.0059279869,0.0062248246,0.0063119255,0.0063029782,0.0063049031,0.0063099898,0.0062031642,0.0063088324,0.0062547881,0.0062744647,0.0062486091,0.0062298477,0.0063025764,0.0059242036,0.0059455571,0.0059452128,0.0062432274,0.0062282991,0.0063022933,0.0062997071,0.0062265427,0.0062196832,0.0062662280,0.0062787200,0.0062879223,0.0062205677,0.0062449867,0.0063186790,0.0059063246,0.0059062436,0.0059507711,0.0062708907,0.0062635611,0.0063163975,0.0062718168,0.0062492897,0.0062595600,0.0062829795,0.0062416265,0.0063112947,0.0063276329,0.0062246091,0.0062867665,0.0059149023,0.0058582574,0.0059708277,0.0062712981,0.0062603103,0.0062537937,0.0062650781,0.0062643833,0.0062412064,0.0062491057,0.0062144705,0.0062181839,0.0062830495,0.0062282813,0.0063427334,0.0059199128,0.0059875226,0.0059354038,0.0062976286,0.0062517400,0.0063062359,0.0062578130,0.0062508865,0.0062431205,0.0062245653,0.0062852971,0.0062237371,0.0062692648,0.0062770949,0.0062814914,0.0059090909,0.0058808828,0.0059283651,0.0062389089,0.0063039953,0.0061992405,0.0062953406,0.0062598242,0.0062378493,0.0062694170,0.0062253302,0.0062614486,0.0062363861,0.0062518843,0.0062188215,0.0059424641,0.0058711078,0.0059351627,0.0062331248,0.0062579340,0.0062587171,0.0062341705,0.0063045269,0.0062663398,0.0062646255,0.0062325082,0.0062848124,0.0062642625,0.0062857370,0.0062271890,0.0059518369,0.0059412916,0.0059238592,0.0053054709,0.0053200487,0.0052680112,0.0053595991,0.0053156019,0.0052416378,0.0053362385,0.0052754630,0.0053372782,0.0053260630,0.0054376255,0.0053097453,0.0049522619,0.0049418082,0.0049657120
9,37,29,30,32,4,27,28,31,41,26,39,45,28,32,18,44,36,40,20,7,46,21,15,5,38,26,23,19,34,22,24,38,44,41,24,29,25,31,30,19,30,33,1,42,46,9,29,4,15,18,40,5,34,21,41,20,47,6,45,40,34,10,31,47,32,46,7,39,25,27,1,10,3,13,39,20,44,0,42,37,43,35,33,36,18,0,35,17,0,27,42,38,15,12,21,26,8,28,19,13,37,16,14,2,3,16,5,6,1,36,8,6,7,2,9,12,22,23,11,4,10,13,16,3,17,17,14,2,14,11,11,8,43,12,45,24,23,33,47,25,33,22,26,35,24,43,28,27,25,30,34,36,11,32,45,44,45,39,46,40,42,14,8,0,20,45,15,43,39,42,29,9,27,31,15,38,10,11,20,39,21,1,44,41,47,30,37,43,31,28,26,16,1,20,30,8,22,35,9,13,41,37,21,20,17,37,9,24,23,16,18,14,17,35,23,13,32,20,47,9,21,36,12,3,18,1,30,4,2,25,35,45,36,23,35,40,2,21,33,24,32,43,26,40,27,24,7,10,33,18,5,22,17,30,31,31,46,46,7,47,32,18,18,25,39,29,13,32,42,19,5,22,0,37,36,29,7,23,6,16,35,15,15,40,33,31,24,22,37,31,34,12,3,2,0,19,19,43,38,2,15,35,43,46,41,5,5,27,28,20,21,27,46,35,0,34,47,44,19,27,10,6,19,7,43,4,25,29,47,38,22,4,41,21,47,17,8,25,29,28,41,44,37,2,39,16,11,45,46,40,43,30,23,12,40,1,34,0,6,26,45,4,38,7,23,30,20,32,37,29,14,31,5,26,33,11,23,42,12,36,15,47,38,15,14,5,4,39,28,41,34,24,3,39,22,28,4,26,8,25,32,41,18,3,4,33,9,6,21,9,13,44,10,29,3,34,45,1,7,9,14,16,5,6,10,7,11,17,12,8,13,18,19,4
0.0295118577,0.0269874523,0.0269599970,0.0273030601,0.0273134348,0.0270894301,0.0271064906,0.0271205374,0.0269430771,0.0271412052,0.0277432576,0.0306770892,0.0432470275,0.1114728368,0.0659443534,0.0382895594,0.0531743536,0.0461023707,0.0429890350,0.0391645459,0.0387722571,0.0392091748,0.0389879276,0.0402160436,0.0403099963,0.0481388477,0.0799600481,0.1054510455,0.0537097556,0.0410794428,0.1160888452,0.0801993189,0.0778433003,0.0734406276,0.0668297737,0.0655230848,0.0663072385,0.0655763728,0.0661266493,0.0667767694,0.0713102303,0.0822663977,0.0732729492,0.0611755026,0.0606726349,0.0781673658,0.1017182239,0.0884391904,0.0800552890,0.0773073333,0.0776626788,0.0785160806,0.0776634573,0.0781580265,0.0790101568,0.0817791516,0.0900393318,0.0638926115,0.0622332326,0.0617633515,0.0692769528,0.0691893898,0.0808981011,0.0886816725,0.0805324301,0.0777974696,0.0772952416,0.0772777863,0.0760618591,0.0777725540,0.0887594464,0.0760748152,0.0626470880,0.0622788281,0.0627332220,0.0696192147,0.0701385991,0.0687209740,0.0865965936,0.0996357245,0.1008260392,0.0928554088,0.0930055644,0.0971364225,0.0985687900,0.0787948771,0.0683884650,0.0620756827,0.0617821595,0.0620125482,0.0689198127,0.0687103321,0.0692958080,0.0690563565,0.0693227358,0.0745477345,0.0870079429,0.0888887779,0.0814459976,0.0692632455,0.0690373558,0.0690043747,0.0622304078,0.0624033401,0.0615096187,0.0687035146,0.0699446323,0.0697836632,0.0686859144,0.0695958525,0.0697256190,0.0699802488,0.0697251544,0.0695023061,0.0695240952,0.0693880612,0.0696483698,0.0626716231,0.0638297225,0.0623980579,0.0687010813,0.0702632976,0.0702758085,0.0697564990,0.0704209891,0.0705200134,0.0701368539,0.0702276263,0.0696351635,0.0696039057,0.0702025605,0.0696257360,0.0630944187,0.0629748850,0.0615316992,0.0172957559,0.0171754913,0.0172517276,0.0172603112,0.0175333641,0.0172400282,0.0171924051,0.0174236461,0.0174673650,0.0174725738,0.0172820630,0.0173678708,0.0162799731,0.0162553842,0.0162025099,0.0063073891,0.0063464797,0.0063649823,0.0063527881,0.0063566303,0.0062747539,0.0064006151,0.0064053911,0.0063990665,0.0062634677,0.0064316994,0.0063658063,0.0059478294,0.0060201967,0.0061009511,0.0063657917,0.0062650317,0.0062802580,0.0063056967,0.0063514073,0.0063556131,0.0062239484,0.0062873141,0.0063303986,0.0063422746,0.0063202259,0.0063768059,0.0059325586,0.0060162643,0.0059200439,0.0063721339,0.0063533776,0.0062606009,0.0063283177,0.0063476612,0.0063226089,0.0062626727,0.0063628195,0.0062800176,0.0063135135,0.0062687615,0.0063454935,0.0059813243,0.0060069987,0.0058954317,0.0063225434,0.0062834765,0.0062713758,0.0063322618,0.0062988769,0.0062869991,0.0062483698,0.0063093540,0.0062670296,0.0063300382,0.0063686359,0.0062591498,0.0059891636,0.0059407672,0.0059560263,0.0062856954,0.0063118227,0.0063639489,0.0063243990,0.0063171990,0.0063650644,0.0062304235,0.0063192929,0.0064293823,0.0062858753,0.0063210306,0.0062581611,0.0059660648,0.0059705524,0.0059758075,0.0062869382,0.0062946497,0.0062913309,0.0062684005,0.0063475536,0.0062706352,0.0062990529,0.0062808804,0.0063247515,0.0062587754,0.0063411631,0.0063295268,0.0059518331,0.0059453975,0.0059259451,0.0063516987,0.0063122078,0.0062510158,0.0062606250,0.0063253954,0.0062645303,0.0063045131,0.0062517650,0.0062973662,0.0063420030,0.0062982865,0.0062767784,0.0059164223,0.0059171110,0.0059152604,0.0062689011,0.0062944200,0.0063363941,0.0062678065,0.0062844961,0.0063006285,0.0062888065,0.0062955029,0.0062144393,0.0063707310,0.0063053180,0.0062519247,0.0059615848,0.0059212309,0.0059330547,0.0062662012,0.0062808410,0.0062961480,0.0062476168,0.0063237544,0.0062581030,0.0063468420,0.0062636201,0.0062423690,0.0063163842,0.0062601103,0.0063625995,0.0059566889,0.0059547000,0.0059498885,0.0063283186,0.0062917740,0.0062884332,0.0062427029,0.0062952423,0.0062735736,0.0062583050,0.0062416367,0.0062657015,0.0062980818,0.0061919122,0.0062996768,0.0059110734,0.0059485424,0.0059352520,0.0062904301,0.0063053266,0.0062970365,0.0063029408,0.0062676414,0.0062300468,0.0062690803,0.0062907301,0.0062242625,0.0062581816,0.0062522574,0.0062256128,0.0059720708,0.0058758817,0.0059142794,0.0063216713,0.0062727072,0.0062471392,0.0062430434,0.0062908329,0.0062726786,0.0062581700,0.0062383714,0.0062752673,0.0062371844,0.0062616309,0.0063089114,0.0059466544,0.0059140712,0.0059500433,0.0062422932,0.0062739812,0.0062686922,0.0062027597,0.0063091033,0.0062768017,0.0062989712,0.0062543743,0.0062949782,0.0062885969,0.0062428798,0.0062978904,0.0059243232,0.0058855163,0.0059165915,0.0062171852,0.0062342235,0.0062695423,0.0062713820,0.0062392312,0.0062704377,0.0062426473,0.0063148708,0.0062245033,0.0062702522,0.0062226725,0.0062150035,0.0060088623,0.0058853728,0.0058843533,0.0062717745,0.0062541629,0.0062855431,0.0062516715,0.0062270207,0.0062559044,0.0062769101,0.0062290933,0.0062248663,0.0062785781,0.0062157515,0.0062053918,0.0058991007,0.0058558850,0.0059451909,0.0062783386,0.0062072721,0.0062835005,0.0063126086,0.0062333666,0.0062466245,0.0063279671,0.0063887251,0.0062203203,0.0063026484,0.0062717823,0.0062793861,0.0059137325,0.0059223137,0.0059670554,0.0062513221,0.0062686721,0.0062398291,0.0062794579,0.0062779183,0.0062733121,0.0061985053,0.0061871541,0.0063168960,0.0062605082,0.0062551521,0.0062917585,0.0058969709,0.0059025037,0.0058733899,0.0062656061,0.0062339418,0.0062672875,0.0062461217,0.0061993877,0.0062634757,0.0061967784,0.0062437911,0.0063127405,0.0062090577,0.0062525724,0.0062685599,0.0058835768,0.0059347996,0.0058882054,0.0053226932,0.0053134014,0.0053451682,0.0053215872,0.0053088613,0.0052903025,0.0053480128,0.0052971452,0.0053419144,0.0052971023,0.0052966636,0.0052799920,0.0049866716,0.0049843676,0.0049344566
2,6,7,3,46,8,36,47,34,9,5,23,16,33,26,15,20,27,45,22,14,19,12,21,13,17,14,1,18,0,4,46,22,29,6,36,11,8,38,47,31,9,30,29,24,32,44,47,3,13,17,45,19,20,10,23,6,7,33,32,46,14,12,8,2,0,16,27,24,21,36,28,42,35,39,34,45,2,5,11,42,26,38,43,7,25,5,40,43,28,23,16,17,27,30,12,15,34,18,3,22,15,1,41,25,0,35,29,18,21,41,31,13,35,28,40,24,4,37,30,9,37,32,40,41,39,39,25,20,37,10,19,44,31,10,43,5,42,26,33,46,3,1,38,11,34,44,44,43,38,8,26,19,2,6,26,23,41,9,44,1,21,20,24,4,15,43,15,6,17,33,2,22,26,42,33,12,17,39,46,45,14,23,32,4,0,39,11,3,33,2,31,10,35,0,36,21,26,12,26,4,8,0,8,29,13,45,16,1,12,34,6,37,47,4,18,4,3,1,29,21,8,17,19,9,10,14,23,23,9,33,5,17,14,18,28,40,6,41,23,45,30,21,1,46,17,14,47,42,27,13,1,38,11,26,33,15,5,16,1,4,31,45,23,7,31,27,13,2,42,36,47,38,2,43,24,37,22,32,11,22,25,14,32,20,7,21,18,15,45,20,44,9,3,34,8,7,21,33,47,26,6,19,13,19,36,9,24,11,38,32,0,12,34,31,37,42,17,15,34,22,27,27,25,11,44,16,29,45,43,9,43,12,11,39,29,10,30,46,30,14,7,19,18,5,19,6,47,22,16,43,38,3,36,11,36,44,25,11,3,20,47,25,9,2,2,12,26,27,39,42,42,27,8,37,13,22,23,35,18,8,35,41,34,12,28,35,22,16,30,0,19,15,1,46,6,16,38,5,7,23,28,44,15,36,47,36,40,5,20,13,4,46,40,0,42,41,7,40,28,3,9,1,21,8,0,13,2,14,10,24,4,7,5,6
0.0278632553,0.0270416961,0.0263034808,0.0270428684,0.0271705769,0.0270382898,0.0268887929,0.0269690374,0.0268226252,0.0270337801,0.0278370607,0.0316753407,0.0417175890,0.1052033768,0.0669493169,0.0380544713,0.0523652730,0.0452543841,0.0426428835,0.0391816160,0.0387287710,0.0386767643,0.0390994734,0.0393130828,0.0397586365,0.0462126539,0.0767924693,0.1025307028,0.0522789290,0.0407013880,0.1109423340,0.0789401400,0.0777708924,0.0715684888,0.0663380299,0.0650896594,0.0659130704,0.0651989489,0.0660561778,0.0666411637,0.0712929886,0.0806955339,0.0737377594,0.0611262871,0.0606956613,0.0841058101,0.1025675673,0.0866785675,0.0791711257,0.0769367459,0.0778611408,0.0788589685,0.0783037945,0.0784935394,0.0787666107,0.0826649271,0.0912430917,0.0651462791,0.0616587470,0.0616562982,0.0688903256,0.0687215464,0.0817640606,0.0870618927,0.0790840746,0.0778072050,0.0759531883,0.0768137302,0.0766589211,0.0776848673,0.0859335818,0.0782672973,0.0626638240,0.0623391957,0.0620482270,0.0693452817,0.0699236593,0.0688220078,0.0898916065,0.0988792516,0.0966115530,0.0865651312,0.0839939904,0.0910695365,0.0978735999,0.0811867023,0.0689288619,0.0624182439,0.0614369531,0.0618409490,0.0689389477,0.0689779600,0.0683022508,0.0693579069,0.0697061587,0.0785637364,0.0952573114,0.0974840149,0.0883349905,0.0703667755,0.0694579905,0.0686169486,0.0617822874,0.0621445658,0.0617492817,0.0689672167,0.0697876138,0.0694037594,0.0687640529,0.0691341530,0.0697304086,0.0699401415,0.0697975601,0.0697379492,0.0697596344,0.0695983342,0.0694549746,0.0626012853,0.0632229433,0.0622349862,0.0689967564,0.0696532756,0.0697292472,0.0695504615,0.0696059915,0.0695307555,0.0696355925,0.0688782581,0.0695505380,0.0698624126,0.0698877145,0.0696635019,0.0626423013,0.0630651330,0.0616455549,0.0172004844,0.0171834512,0.0172123092,0.0172715970,0.0175610099,0.0172265849,0.0171809627,0.0173324447,0.0174578307,0.0174609096,0.0172338288,0.0173209551,0.0163155330,0.0162575481,0.0162340831,0.0062928939,0.0063354213,0.0063523742,0.0063549400,0.0063596120,0.0062722243,0.0064071631,0.0064006817,0.0064024142,0.0062590663,0.0064283565,0.0063718873,0.0059403773,0.0060201709,0.0061076315,0.0063552106,0.0062462560,0.0062709958,0.0063094343,0.0063510812,0.0063558632,0.0062269610,0.0062891209,0.0063260733,0.0063466962,0.0063177478,0.0063517169,0.0059278527,0.0059813108,0.0059191873,0.0063574737,0.0063434497,0.0062554710,0.0063360689,0.0063498871,0.0063195552,0.0062500544,0.0063670700,0.0062763930,0.0063076586,0.0062703488,0.0063471384,0.0059718672,0.0060078344,0.0058938226,0.0063081716,0.0062716030,0.0062602921,0.0063059289,0.0062866698,0.0062801586,0.0062380116,0.0063161539,0.0062484872,0.0063182999,0.0063428846,0.0062416555,0.0059681116,0.0059349067,0.0059493000,0.0062916378,0.0063123824,0.0063598162,0.0063086925,0.0063103364,0.0063583568,0.0062356227,0.0063154465,0.0063353862,0.0062855874,0.0063086589,0.0062484185,0.0059565882,0.0059636187,0.0059708205,0.0062877576,0.0062841092,0.0062973757,0.0062676591,0.0063331208,0.0062716449,0.0062908967,0.0062634735,0.0063182292,0.0062471445,0.0063406894,0.0063277756,0.0059491631,0.0059355757,0.0059199102,0.0063344369,0.0063164241,0.0062501558,0.0062624661,0.0063153569,0.0062582878,0.0062932067,0.0062429487,0.0062967762,0.0063308244,0.0062874780,0.0062715278,0.0059093923,0.0059235193,0.0059147945,0.0062711812,0.0062736053,0.0063326373,0.0062525743,0.0062649372,0.0063055388,0.0062907676,0.0062860456,0.0062126361,0.0063484684,0.0062985696,0.0062445117,0.0059582712,0.0059280266,0.0059348929,0.0062593087,0.0062776217,0.0063024398,0.0062308756,0.0063129325,0.0062640581,0.0063116818,0.0062629957,0.0062488396,0.0063283679,0.0062531620,0.0063563425,0.0059362329,0.0059617811,0.0059600841,0.0063349073,0.0062869610,0.0062857487,0.0062362218,0.0062951096,0.0062960103,0.0062667449,0.0062515158,0.0062598828,0.0062858387,0.0061863261,0.0062962973,0.0059104153,0.0059454399,0.0059187082,0.0062875190,0.0063027515,0.0063019246,0.0062948332,0.0062646812,0.0062270260,0.0062690704,0.0062877623,0.0062298276,0.0062406866,0.0062612167,0.0062064424,0.0059506579,0.0058855170,0.0059183152,0.0063184676,0.0062735341,0.0062451026,0.0062262127,0.0062898415,0.0062760037,0.0062357851,0.0062441549,0.0062698184,0.0062385704,0.0062468181,0.0063009286,0.0059388510,0.0059109953,0.0059482122,0.0062460991,0.0062632830,0.0062629653,0.0062158338,0.0062997690,0.0062791017,0.0062895616,0.0062610814,0.0062882298,0.0062868836,0.0062421157,0.0062915514,0.0059220506,0.0058854653,0.0059312370,0.0062170209,0.0062283689,0.0062673428,0.0062536726,0.0062310780,0.0062543154,0.0062350719,0.0063170776,0.0062222364,0.0062733391,0.0062230850,0.0062195742,0.0059917838,0.0058811417,0.0058730549,0.0062833206,0.0062541379,0.0062757269,0.0062513330,0.0062291671,0.0062453524,0.0062677908,0.0062371683,0.0062137030,0.0062744499,0.0062147598,0.0061968482,0.0058894742,0.0058452278,0.0059411999,0.0062731100,0.0062128239,0.0062785868,0.0063046021,0.0062402764,0.0062427675,0.0063317164,0.0063819141,0.0062179699,0.0062915061,0.0062812650,0.0062899735,0.0059056369,0.0059228627,0.0059461018,0.0062404329,0.0062779549,0.0062364715,0.0062746281,0.0062710126,0.0062838252,0.0062037448,0.0061861040,0.0063128435,0.0062755433,0.0062642069,0.0063007172,0.0058858829,0.0059020261,0.0058709164,0.0062736525,0.0062209682,0.0062484607,0.0062383971,0.0062020374,0.0062485015,0.0062009410,0.0062432876,0.0062952620,0.0062107314,0.0062406729,0.0062629910,0.0058826588,0.0059320779,0.0058938663,0.0053169320,0.0053102440,0.0053314526,0.0053186047,0.0053139409,0.0052760208,0.0053565567,0.0052949966,0.0053240252,0.0053072046,0.0053050136,0.0052812670,0.0049779916,0.0049622344,0.0049379160
2,6,7,3,46,8,36,47,34,9,5,23,16,33,26,15,20,27,45,22,14,19,12,21,13,17,14,1,18,0,4,46,22,29,6,36,11,8,38,47,31,9,30,29,24,32,44,47,3,13,17,45,19,20,10,23,6,7,33,32,46,14,12,8,2,0,16,27,24,21,36,28,42,35,39,34,45,2,5,11,42,26,38,43,7,25,5,40,43,28,23,16,17,27,30,12,15,34,18,3,22,15,1,41,25,0,35,29,18,21,41,31,13,35,28,40,24,4,37,30,9,37,32,40,41,39,39,25,20,37,10,19,44,31,10,43,5,42,26,33,46,3,1,38,11,34,44,44,43,38,8,26,19,2,6,26,23,41,9,44,1,21,20,24,4,15,43,15,6,17,33,2,22,26,42,33,12,17,39,46,45,14,23,32,4,0,39,11,3,33,2,31,10,35,0,36,21,26,12,26,4,8,0,8,29,13,45,16,1,12,34,6,37,47,4,18,4,3,1,29,21,8,17,19,9,10,14,23,23,9,33,5,17,14,18,28,40,6,41,23,45,30,21,1,46,17,14,47,42,27,13,1,38,11,26,33,15,5,16,1,4,31,45,23,7,31,27,13,2,42,36,47,38,2,43,24,37,22,32,11,22,25,14,32,20,7,21,18,15,45,20,44,9,3,34,8,7,21,33,47,26,6,19,13,19,36,9,24,11,38,32,0,12,34,31,37,42,17,15,34,22,27,27,25,11,44,16,29,45,43,9,43,12,11,39,29,10,30,46,30,14,7,19,18,5,19,6,47,22,16,43,38,3,36,11,36,44,25,11,3,20,47,25,9,2,2,12,26,27,39,42,42,27,8,37,13,22,23,35,18,8,35,41,34,12,28,35,22,16,30,0,19,15,1,46,6,16,38,5,7,23,28,44,15,36,47,36,40,5,20,13,4,46,40,0,42,41,7,40,28,3,9,1,21,8,0,13,2,14,10,24,4,7,5,6
0.0269164722,0.0270023432,0.0267169462,0.0271640696,0.0272245349,0.0270665005,0.0269634359,0.0270165731,0.0268718468,0.0269646486,0.0278546368,0.0322276210,0.0375499802,0.0995458883,0.0681531149,0.0381721365,0.0518116499,0.0453132422,0.0424920668,0.0387781236,0.0385558226,0.0385098597,0.0389161965,0.0393645718,0.0399750234,0.0449632894,0.0731106832,0.1021684744,0.0512464830,0.0403356534,0.1059161152,0.0790191988,0.0778681144,0.0714757072,0.0659035170,0.0657926075,0.0661113473,0.0658624883,0.0668496181,0.0671906664,0.0732868758,0.0817097430,0.0742983572,0.0612389762,0.0606735850,0.0901539949,0.1029933840,0.0845823307,0.0792874915,0.0772778524,0.0776696762,0.0783693248,0.0780129418,0.0781160546,0.0782569518,0.0812711303,0.0912618240,0.0669438140,0.0620071802,0.0614972813,0.0689250077,0.0707258713,0.0831767182,0.0861063491,0.0785018732,0.0774075627,0.0760866421,0.0760721480,0.0761179710,0.0775929536,0.0836446214,0.0795629295,0.0625718963,0.0621178597,0.0624313948,0.0693581126,0.0692845704,0.0694216146,0.0922031097,0.1001632546,0.0897569289,0.0801181916,0.0793906124,0.0828561655,0.0957683436,0.0847081785,0.0699603821,0.0620348580,0.0617645628,0.0615349688,0.0689164191,0.0684448042,0.0688234374,0.0692508878,0.0706417006,0.0870112507,0.1010381625,0.1024654300,0.0966680151,0.0734461015,0.0688221028,0.0688495327,0.0620786364,0.0620918518,0.0622508572,0.0691766114,0.0698694393,0.0699806698,0.0695853139,0.0693241135,0.0699130607,0.0699371655,0.0695750746,0.0699162678,0.0693114562,0.0696565884,0.0695645596,0.0621465087,0.0633591885,0.0620846928,0.0680887838,0.0696495951,0.0694541511,0.0693991232,0.0697903769,0.0693250895,0.0695279838,0.0696419662,0.0692851040,0.0699185634,0.0695557304,0.0692297792,0.0631223188,0.0629024836,0.0614408800,0.0172087365,0.0171388329,0.0172165422,0.0172606754,0.0175370563,0.0172336311,0.0171350029,0.0173640911,0.0174894982,0.0174210842,0.0173328039,0.0173089212,0.0162389206,0.0162836940,0.0162521506,0.0063051805,0.0063504045,0.0063670474,0.0063405753,0.0063634360,0.0062736196,0.0064006331,0.0064142449,0.0063958460,0.0062563577,0.0064213101,0.0063695674,0.0059577661,0.0060188097,0.0061036074,0.0063666630,0.0062460140,0.0062811549,0.0063097415,0.0063584736,0.0063497875,0.0062418516,0.0062969983,0.0063328444,0.0063470040,0.0063186117,0.0063439454,0.0059414049,0.0059962942,0.0059176774,0.0063522974,0.0063471415,0.0062584578,0.0063380286,0.0063560658,0.0063133298,0.0062480487,0.0063696755,0.0062718522,0.0063186303,0.0062710093,0.0063510156,0.0059888375,0.0060087599,0.0058891235,0.0063164685,0.0062785644,0.0062722848,0.0063175152,0.0062900835,0.0062832082,0.0062397968,0.0063107303,0.0062579052,0.0063321195,0.0063549975,0.0062536422,0.0059864094,0.0059348422,0.0059410951,0.0062925294,0.0063165930,0.0063687007,0.0063164235,0.0063175023,0.0063656646,0.0062284038,0.0063217642,0.0063361160,0.0062992065,0.0063250255,0.0062506339,0.0059615735,0.0059629876,0.0059748267,0.0062976675,0.0062838629,0.0063063001,0.0062731451,0.0063346797,0.0062646428,0.0062988975,0.0062717690,0.0063161196,0.0062462661,0.0063399101,0.0063367835,0.0059607824,0.0059456251,0.0059206389,0.0063244288,0.0063139104,0.0062564787,0.0062619543,0.0063112483,0.0062610019,0.0063036801,0.0062475252,0.0062925823,0.0063358892,0.0062911442,0.0062706930,0.0059169433,0.0059250372,0.0059170857,0.0062603788,0.0062815823,0.0063235593,0.0062594959,0.0062639734,0.0063058400,0.0062985459,0.0062867122,0.0062118979,0.0063723607,0.0063117835,0.0062628553,0.0059676041,0.0059206296,0.0059335112,0.0062661290,0.0062820538,0.0063001065,0.0062420582,0.0063189855,0.0062739670,0.0063215899,0.0062628180,0.0062544642,0.0063196120,0.0062612741,0.0063567567,0.0059461147,0.0059614416,0.0059690645,0.0063431882,0.0062948243,0.0062879340,0.0062273039,0.0062932578,0.0062828402,0.0062465266,0.0062576612,0.0062527980,0.0062874034,0.0061880744,0.0063040920,0.0059078907,0.0059473245,0.0059283303,0.0062899429,0.0063048049,0.0063019719,0.0062810346,0.0062614308,0.0062372163,0.0062648117,0.0062975081,0.0062349880,0.0062446786,0.0062521835,0.0062079046,0.0059607219,0.0058826957,0.0059177532,0.0063271093,0.0062617329,0.0062445940,0.0062318953,0.0062962606,0.0062788368,0.0062579329,0.0062538107,0.0062727549,0.0062353851,0.0062463513,0.0063137875,0.0059461437,0.0059062250,0.0059449755,0.0062642436,0.0062638502,0.0062626062,0.0062060291,0.0063059490,0.0062646551,0.0063051035,0.0062546971,0.0062828750,0.0062923037,0.0062383037,0.0062926298,0.0059295877,0.0058815585,0.0059304940,0.0062236390,0.0062439256,0.0062575284,0.0062599126,0.0062318494,0.0062525406,0.0062455281,0.0063226313,0.0062220247,0.0062703748,0.0062284838,0.0062310150,0.0059965542,0.0058900502,0.0058794331,0.0062839384,0.0062538837,0.0062822689,0.0062485347,0.0062236187,0.0062490436,0.0062671954,0.0062409959,0.0062187660,0.0062716248,0.0062296180,0.0062086105,0.0059005418,0.0058639701,0.0059549912,0.0062775237,0.0062090406,0.0062710379,0.0063050048,0.0062278008,0.0062440283,0.0063326838,0.0063786606,0.0062244275,0.0063015973,0.0062819849,0.0062857704,0.0059135144,0.0059331814,0.0059563097,0.0062361714,0.0062637924,0.0062433599,0.0062826604,0.0062673354,0.0062920035,0.0062049434,0.0061798553,0.0063114484,0.0062691280,0.0062516109,0.0063038228,0.0058841308,0.0059056497,0.0058774268,0.0062519083,0.0062182888,0.0062502048,0.0062473688,0.0062060204,0.0062460535,0.0061974154,0.0062333205,0.0062986728,0.0062179248,0.0062423993,0.0062629150,0.0058713161,0.0059153550,0.0058975698,0.0053184948,0.0053206868,0.0053263639,0.0053261332,0.0053042048,0.0052782365,0.0053453269,0.0052985189,0.0053363165,0.0052987098,0.0053004869,0.0052921246,0.0049761044,0.0049727082,0.0049385643
2,6,7,3,46,8,36,47,34,9,5,23,16,33,26,15,20,27,45,22,14,19,12,21,13,17,14,1,18,0,4,46,22,29,6,36,11,8,38,47,31,9,30,29,24,32,44,47,3,13,17,45,19,20,10,23,6,7,33,32,46,14,12,8,2,0,16,27,24,21,36,28,42,35,39,34,45,2,5,11,42,26,38,43,7,25,5,40,43,28,23,16,17,27,30,12,15,34,18,3,22,15,1,41,25,0,35,29,18,21,41,31,13,35,28,40,24,4,37,30,9,37,32,40,41,39,39,25,20,37,10,19,44,31,10,43,5,42,26,33,46,3,1,38,11,34,44,44,43,38,8,26,19,2,6,26,23,41,9,44,1,21,20,24,4,15,43,15,6,17,33,2,22,26,42,33,12,17,39,46,45,14,23,32,4,0,39,11,3,33,2,31,10,35,0,36,21,26,12,26,4,8,0,8,29,13,45,16,1,12,34,6,37,47,4,18,4,3,1,29,21,8,17,19,9,10,14,23,23,9,33,5,17,14,18,28,40,6,41,23,45,30,21,1,46,17,14,47,42,27,13,1,38,11,26,33,15,5,16,1,4,31,45,23,7,31,27,13,2,42,36,47,38,2,43,24,37,22,32,11,22,25,14,32,20,7,21,18,15,45,20,44,9,3,34,8,7,21,33,47,26,6,19,13,19,36,9,24,11,38,32,0,12,34,31,37,42,17,15,34,22,27,27,25,11,44,16,29,45,43,9,43,12,11,39,29,10,30,46,30,14,7,19,18,5,19,6,47,22,16,43,38,3,36,11,36,44,25,11,3,20,47,25,9,2,2,12,26,27,39,42,42,27,8,37,13,22,23,35,18,8,35,41,34,12,28,35,22,16,30,0,19,15,1,46,6,16,38,5,7,23,28,44,15,36,47,36,40,5,20,13,4,46,40,0,42,41,7,40,28,3,9,1,21,8,0,13,2,14,10,24,4,7,5,6
0.0267885520,0.0271580714,0.0266848078,0.0270901671,0.0272677140,0.0268422473,0.0271405938,0.0271209215,0.0269550603,0.0271103768,0.0275695372,0.0311105939,0.0335429050,0.0853641296,0.0674224666,0.0383988462,0.0530680822,0.0461865503,0.0422298771,0.0387488269,0.0384312132,0.0387491694,0.0388563692,0.0391826474,0.0401265899,0.0456982245,0.0731846861,0.1014608647,0.0530133317,0.0398974121,0.1017918387,0.0773657439,0.0750478042,0.0703098510,0.0658435607,0.0657253456,0.0664563554,0.0655978691,0.0664198679,0.0670977340,0.0726260441,0.0792638413,0.0742591592,0.0609820323,0.0599730504,0.0940919962,0.1019727030,0.0844543766,0.0791249945,0.0776471040,0.0781148078,0.0785160951,0.0782513924,0.0791475654,0.0784559798,0.0811008946,0.0878445385,0.0684866153,0.0624373169,0.0612128127,0.0689745882,0.0723611326,0.0843323385,0.0846049658,0.0778299443,0.0762785256,0.0760077485,0.0762639763,0.0760424806,0.0773385555,0.0829187536,0.0833511221,0.0629541812,0.0623268597,0.0623376864,0.0691908295,0.0688663449,0.0700225133,0.0945508042,0.0982398300,0.0830270124,0.0785227757,0.0785924182,0.0799930146,0.0898611688,0.0869544900,0.0704701681,0.0621280801,0.0620071144,0.0618094707,0.0690144016,0.0687734246,0.0696624300,0.0694573592,0.0736682039,0.0934811759,0.1030586733,0.1039624002,0.0995332174,0.0800339456,0.0687897387,0.0679506578,0.0619614686,0.0625935496,0.0617993584,0.0689144212,0.0695421255,0.0696071266,0.0694020883,0.0692733908,0.0698682425,0.0691729476,0.0693191630,0.0695207092,0.0695201539,0.0698752193,0.0697295714,0.0624351646,0.0635361332,0.0617980676,0.0682499910,0.0692424860,0.0696163856,0.0695108423,0.0698205295,0.0700179509,0.0695586820,0.0697496185,0.0697886919,0.0698018874,0.0699527269,0.0694467572,0.0630783006,0.0628030882,0.0615921314,0.0172712669,0.0172049152,0.0172628731,0.0173127997,0.0175334420,0.0172492445,0.0171427836,0.0173630489,0.0174734991,0.0173597365,0.0172741645,0.0174141560,0.0163098524,0.0162686264,0.0162464129,0.0063124158,0.0063404639,0.0063598847,0.0063575646,0.0063599941,0.0062695312,0.0064123727,0.0063981935,0.0064012676,0.0062669251,0.0064389148,0.0063772061,0.0059587412,0.0060285699,0.0061052988,0.0063775052,0.0062497145,0.0062858719,0.0063141279,0.0063623460,0.0063544321,0.0062297216,0.0062907497,0.0063452972,0.0063530064,0.0063259248,0.0063559185,0.0059422487,0.0059959632,0.0059231711,0.0063810962,0.0063577956,0.0062648752,0.0063528350,0.0063682998,0.0063139293,0.0062534890,0.0063710776,0.0062706804,0.0063172291,0.0062609784,0.0063503768,0.0059887438,0.0060185632,0.0058942812,0.0063157849,0.0062885296,0.0062789866,0.0063146927,0.0063040212,0.0062909700,0.0062473293,0.0063151181,0.0062550415,0.0063267673,0.0063453734,0.0062452024,0.0059866470,0.0059441769,0.0059515394,0.0063033834,0.0063143774,0.0063775946,0.0063233704,0.0063191114,0.0063582730,0.0062289741,0.0063247906,0.0063396713,0.0062986550,0.0063323423,0.0062556445,0.0059710097,0.0059737917,0.0059861130,0.0063084545,0.0062927778,0.0063087930,0.0062721716,0.0063430721,0.0062835102,0.0062931602,0.0062746982,0.0063275624,0.0062525556,0.0063538918,0.0063348904,0.0059308160,0.0059250475,0.0059217598,0.0063373442,0.0063158754,0.0062594190,0.0062583476,0.0063233800,0.0062720496,0.0063016247,0.0062538037,0.0062989387,0.0063329130,0.0062911102,0.0062707368,0.0059206324,0.0059248773,0.0059278053,0.0062748877,0.0062782297,0.0063539755,0.0062627066,0.0062860909,0.0063119946,0.0062944119,0.0062990475,0.0062263989,0.0063553409,0.0063056880,0.0062501350,0.0059603244,0.0059256595,0.0059425698,0.0062699582,0.0062922996,0.0063003888,0.0062428388,0.0063272095,0.0062917686,0.0063161771,0.0062667687,0.0062544578,0.0063251912,0.0062645128,0.0063580856,0.0059489289,0.0059603374,0.0059703253,0.0063283509,0.0062922117,0.0063056624,0.0062353519,0.0063103962,0.0062877135,0.0062541780,0.0062643396,0.0062628599,0.0062894146,0.0061991778,0.0062880366,0.0059087029,0.0059504585,0.0059346252,0.0062926062,0.0063036495,0.0062979847,0.0062988881,0.0062642783,0.0062376196,0.0062741717,0.0063073006,0.0062474226,0.0062408238,0.0062697044,0.0062087456,0.0059439962,0.0058874345,0.0059176348,0.0063338093,0.0062794230,0.0062527583,0.0062370432,0.0062899885,0.0062777377,0.0062573204,0.0062430501,0.0062758337,0.0062407576,0.0062646311,0.0063164676,0.0059520506,0.0059284085,0.0059563458,0.0062610452,0.0062615981,0.0062646104,0.0062203092,0.0063094009,0.0062815906,0.0063035243,0.0062576753,0.0062975578,0.0062948858,0.0062496068,0.0063052938,0.0059268171,0.0058853150,0.0059296778,0.0062193244,0.0062276621,0.0062709086,0.0062592600,0.0062455234,0.0062547257,0.0062463811,0.0063177296,0.0062197823,0.0062858120,0.0062250514,0.0062355708,0.0060005209,0.0058992528,0.0058776094,0.0062903932,0.0062526364,0.0062882347,0.0062535351,0.0062299198,0.0062611655,0.0062692794,0.0062288455,0.0062317585,0.0062912899,0.0062184129,0.0062073331,0.0058984408,0.0058642288,0.0059550614,0.0062782187,0.0062049009,0.0062779907,0.0063102352,0.0062278198,0.0062506391,0.0063382657,0.0063957783,0.0062284942,0.0062939273,0.0062787274,0.0062963259,0.0059170284,0.0059293966,0.0059592869,0.0062415003,0.0062740939,0.0062373663,0.0062764571,0.0062788400,0.0062859847,0.0062088634,0.0061900413,0.0063177255,0.0062665285,0.0062647639,0.0063053212,0.0059212252,0.0059125494,0.0058727233,0.0062686887,0.0062311513,0.0062441658,0.0062486729,0.0062055057,0.0062517301,0.0061984443,0.0062431106,0.0063019234,0.0062125536,0.0062555590,0.0062666826,0.0058861991,0.0059333040,0.0059062802,0.0053259357,0.0053179728,0.0053282958,0.0053126407,0.0053122115,0.0052842819,0.0053545690,0.0052909302,0.0053407615,0.0053044263,0.0053169490,0.0052811601,0.0049717254,0.0049718595,0.0049386852
2,6,7,3,46,8,36,47,34,9,5,23,16,33,26,15,20,27,45,22,14,19,12,21,13,17,14,1,18,0,4,46,22,29,6,36,11,8,38,47,31,9,30,29,24,32,44,47,3,13,17,45,19,20,10,23,6,7,33,32,46,14,12,8,2,0,16,27,24,21,36,28,42,35,39,34,45,2,5,11,42,26,38,43,7,25,5,40,43,28,23,16,17,27,30,12,15,34,18,3,22,15,1,41,25,0,35,29,18,21,41,31,13,35,28,40,24,4,37,30,9,37,32,40,41,39,39,25,20,37,10,19,44,31,10,43,5,42,26,33,46,3,1,38,11,34,44,44,43,38,8,26,19,2,6,26,23,41,9,44,1,21,20,24,4,15,43,15,6,17,33,2,22,26,42,33,12,17,39,46,45,14,23,32,4,0,39,11,3,33,2,31,10,35,0,36,21,26,12,26,4,8,0,8,29,13,45,16,1,12,34,6,37,47,4,18,4,3,1,29,21,8,17,19,9,10,14,23,23,9,33,5,17,14,18,28,40,6,41,23,45,30,21,1,46,17,14,47,42,27,13,1,38,11,26,33,15,5,16,1,4,31,45,23,7,31,27,13,2,42,36,47,38,2,43,24,37,22,32,11,22,25,14,32,20,7,21,18,15,45,20,44,9,3,34,8,7,21,33,47,26,6,19,13,19,36,9,24,11,38,32,0,12,34,31,37,42,17,15,34,22,27,27,25,11,44,16,29,45,43,9,43,12,11,39,29,10,30,46,30,14,7,19,18,5,19,6,47,22,16,43,38,3,36,11,36,44,25,11,3,20,47,25,9,2,2,12,26,27,39,42,42,27,8,37,13,22,23,35,18,8,35,41,34,12,28,35,22,16,30,0,19,15,1,46,6,16,38,5,7,23,28,44,15,36,47,36,40,5,20,13,4,46,40,0,42,41,7,40,28,3,9,1,21,8,0,13,2,14,10,24,4,7,5,6
0.0270785598,0.0275426550,0.0268869190,0.0275034695,0.0269369469,0.0271772918,0.0271433441,0.0271351255,0.0269599635,0.0268446660,0.0275516636,0.0305944150,0.0318834596,0.0720166796,0.0625076988,0.0385244128,0.0517488821,0.0453437960,0.0417942588,0.0389354766,0.0390648663,0.0385806443,0.0388092014,0.0393615566,0.0399077288,0.0449626831,0.0704960817,0.0976418841,0.0547160967,0.0393854863,0.0985892715,0.0773522972,0.0757334568,0.0698739397,0.0669819499,0.0661845606,0.0655984201,0.0665408783,0.0654410639,0.0666903157,0.0716634451,0.0786413559,0.0776249544,0.0624584551,0.0601532803,0.0994429980,0.1013628936,0.0836209995,0.0801983793,0.0775290098,0.0776847898,0.0784150271,0.0786589972,0.0789120257,0.0785052083,0.0811437425,0.0858174264,0.0708906485,0.0628039506,0.0623810999,0.0687794860,0.0741844795,0.0868793020,0.0844254241,0.0787757677,0.0762887617,0.0763406690,0.0757083856,0.0757529013,0.0774272453,0.0826409999,0.0863481197,0.0632043584,0.0613149619,0.0626085770,0.0689679413,0.0696904738,0.0723157180,0.0971083972,0.0931794255,0.0812890341,0.0795518579,0.0783627250,0.0792621546,0.0858112179,0.0885649095,0.0714902149,0.0619107160,0.0620026421,0.0620914557,0.0691446896,0.0693091396,0.0686003951,0.0689999264,0.0810639843,0.0981651635,0.1056616770,0.1059135884,0.1031124391,0.0858316295,0.0697859689,0.0691644347,0.0613127608,0.0623399231,0.0622219238,0.0695981767,0.0695891323,0.0701281311,0.0699702314,0.0696775954,0.0699614132,0.0704963144,0.0700359039,0.0697370170,0.0698155157,0.0701033940,0.0700175406,0.0626399011,0.0625323909,0.0622318240,0.0692081838,0.0697031330,0.0698701299,0.0701553622,0.0698551034,0.0697801814,0.0693229909,0.0700433666,0.0696641120,0.0695683720,0.0691404270,0.0692818115,0.0620352220,0.0620274998,0.0613554933,0.0173405345,0.0173139826,0.0172770953,0.0173706214,0.0172352401,0.0172273038,0.0172053126,0.0173322684,0.0173610423,0.0173547656,0.0173172914,0.0173167609,0.0161565253,0.0164655201,0.0162154884,0.0063635465,0.0063974936,0.0063640834,0.0063606513,0.0063424928,0.0063555959,0.0062649439,0.0063270769,0.0063737490,0.0063288029,0.0063649232,0.0062998915,0.0059602601,0.0060583110,0.0059796539,0.0063418877,0.0063455510,0.0063216251,0.0063299557,0.0063701419,0.0062890284,0.0063495445,0.0063199382,0.0063482762,0.0062385881,0.0063768682,0.0062947223,0.0059592664,0.0059572124,0.0060154705,0.0063590222,0.0062573489,0.0064245568,0.0063337875,0.0062595107,0.0062740369,0.0063176274,0.0063622716,0.0063198297,0.0062247207,0.0062740477,0.0063153879,0.0059704727,0.0059661705,0.0058850477,0.0062645247,0.0062758728,0.0063053617,0.0063323246,0.0063557090,0.0063078351,0.0062607854,0.0063079941,0.0063453219,0.0062779737,0.0063074546,0.0062796964,0.0060141718,0.0059959068,0.0059624689,0.0063298461,0.0063124907,0.0062848454,0.0063132811,0.0063308668,0.0062888287,0.0062768774,0.0062746946,0.0062634216,0.0063935585,0.0062965276,0.0063483452,0.0058990568,0.0059146024,0.0059870512,0.0062817671,0.0062872160,0.0063231679,0.0063633234,0.0063357839,0.0062539551,0.0062813348,0.0063011368,0.0062836144,0.0062854586,0.0062858148,0.0063507074,0.0059909561,0.0060029271,0.0059772843,0.0063071810,0.0062711055,0.0062226482,0.0062633943,0.0063623507,0.0062308535,0.0062876662,0.0062778869,0.0062511378,0.0062868225,0.0063194463,0.0062442617,0.0059282852,0.0059741474,0.0059936619,0.0063058589,0.0062331732,0.0062936744,0.0062394324,0.0062579708,0.0062880078,0.0061991011,0.0062461207,0.0063274374,0.0062892101,0.0062224274,0.0063502739,0.0059621873,0.0059139756,0.0060753924,0.0062272002,0.0062123842,0.0063174437,0.0062416820,0.0062693347,0.0063206314,0.0062544862,0.0064078320,0.0063947788,0.0063133726,0.0062821231,0.0063455145,0.0059675084,0.0058863150,0.0059386052,0.0063082203,0.0062613932,0.0062501226,0.0062292085,0.0062840282,0.0062888153,0.0062654732,0.0062606481,0.0063840450,0.0062684981,0.0062421563,0.0062418159,0.0059403825,0.0059494543,0.0059109621,0.0062585182,0.0062407171,0.0062076166,0.0062541740,0.0063067978,0.0063395437,0.0062632994,0.0062764637,0.0062310951,0.0062760500,0.0062276947,0.0063043212,0.0059302309,0.0059607205,0.0059728211,0.0062446561,0.0062996583,0.0062737342,0.0062912039,0.0062931081,0.0062656676,0.0062741268,0.0062941399,0.0062302128,0.0062713868,0.0062698285,0.0062569997,0.0058872558,0.0059293214,0.0059768842,0.0062676431,0.0062301362,0.0062737282,0.0062672602,0.0062654662,0.0063617971,0.0062566423,0.0063267860,0.0062875506,0.0062808458,0.0062215434,0.0062578152,0.0059231463,0.0058970560,0.0059089513,0.0062678046,0.0062222081,0.0062223095,0.0062519021,0.0062229063,0.0063186472,0.0062996412,0.0061939093,0.0062756098,0.0062360370,0.0063030891,0.0062828996,0.0059280658,0.0059600885,0.0059159705,0.0062555907,0.0062568693,0.0061976023,0.0062766184,0.0062082707,0.0062882582,0.0061864224,0.0062325164,0.0063532818,0.0062767134,0.0062035167,0.0062447159,0.0059195534,0.0058887462,0.0059547408,0.0062586778,0.0062449607,0.0062207543,0.0062599609,0.0062887669,0.0061838150,0.0061973065,0.0062426150,0.0062257378,0.0062594831,0.0062549902,0.0062528878,0.0059812635,0.0059014084,0.0059105990,0.0063446574,0.0062189853,0.0062489266,0.0062391096,0.0062707636,0.0062335221,0.0062508748,0.0062408123,0.0063200931,0.0062750447,0.0062482112,0.0061980166,0.0060069866,0.0059217335,0.0059617069,0.0062523456,0.0063214612,0.0063041750,0.0062049582,0.0062662939,0.0062913709,0.0062517738,0.0062772338,0.0062240058,0.0062291799,0.0062513692,0.0062259799,0.0059431231,0.0058974809,0.0059637111,0.0052841832,0.0052513893,0.0052381504,0.0052885176,0.0052375752,0.0052852127,0.0052143837,0.0052958802,0.0052550531,0.0053141178,0.0053456235,0.0052984040,0.0049081695,0.0049796361,0.0049339226
37,40,23,14,35,4,36,25,11,21,38,18,41,14,11,22,24,27,34,7,15,8,13,9,0,16,28,3,20,6,44,2,12,32,47,42,37,17,23,4,30,15,19,1,2,47,46,25,7,20,16,13,34,8,6,18,4,25,33,5,18,29,21,36,27,5,43,1,45,24,38,40,44,29,31,15,35,32,42,17,35,9,0,41,37,11,31,30,28,19,22,21,1,6,26,23,39,33,10,22,40,14,26,39,12,38,20,24,9,7,28,41,0,27,16,30,45,32,10,43,36,8,5,34,26,31,2,43,12,19,29,13,3,46,45,39,42,33,44,47,47,35,17,42,3,46,10,40,38,36,3,6,37,21,39,12,21,10,14,2,25,3,6,19,15,4,8,33,0,41,10,41,44,18,8,23,14,44,8,32,17,23,5,7,44,4,14,46,20,8,37,22,7,16,16,18,39,28,11,34,46,22,17,29,25,17,17,27,47,5,23,6,11,10,15,33,40,14,0,9,39,31,20,22,24,40,18,41,7,11,31,17,16,34,15,9,46,41,34,31,3,22,36,34,13,27,14,23,10,41,47,22,29,33,37,19,23,15,41,35,47,22,15,35,13,38,9,12,35,45,17,6,13,2,33,4,27,1,26,21,44,25,3,18,17,37,0,37,44,46,36,25,45,43,40,14,37,23,4,42,11,33,8,16,42,5,9,39,24,0,18,26,46,14,28,44,29,13,47,41,13,32,6,10,4,47,7,0,38,2,38,40,46,33,42,30,25,33,7,24,7,35,36,10,40,31,36,24,35,18,28,20,16,32,32,34,46,9,19,9,42,10,38,21,42,39,11,39,45,3,30,25,15,8,1,21,21,14,44,37,16,4,18,38,20,25,27,26,39,11,1,8,3,15,26,34,28,10,9,4,3,36,30,25,7,6,43,12,27,23,19,13,11,21,29,30,0,13,43,21,20,18,22,12,11,1,27,2,24,6,17,0,4,5,3
