0.0332425700,0.0016421460,0.0016288020,0.0016216990,0.0016141230,0.0292015610,0.0016430020,0.0016275100,0.0287154310,0.0016315580,0.0016157620,0.0016218760,0.0302146410,0.0015513730,0.0015446530,0.0020595010,0.0020598920,0.0020616770,0.0020678970,0.0020564520,0.0020548010,0.0020806110,0.0020483960,0.0020653690,0.0020774120,0.0020578130,0.0020662790,0.0019157090,0.0019004110,0.0018989240,0.0019542720,0.0019283590,0.0019337000,0.0019422560,0.0019808750,0.0019594160,0.0019695540,0.0019261800,0.0019549740,0.0019747750,0.0019465280,0.0019421620,0.0017685650,0.0017903460,0.0279094310,0.0018896960,0.0019080300,0.0019111660,0.0018907550,0.0018983190,0.0018855210,0.0019026550,0.0019075560,0.0018947670,0.0018966020,0.0019059500,0.0018991770,0.0017693380,0.0017744910,0.0017621860,0.0019039100,0.0019027170,0.0307076520,0.0019592710,0.0019314310,0.0019267520,0.0019198850,0.0019036560,0.0019196490,0.0019309240,0.0019128470,0.0019169370,0.0329753730,0.0017860140,0.0017639320,0.0018847510,0.0019489300,0.0019459080,0.0019357440,0.0019441020,0.0019376290,0.0019071410,0.0019106410,0.0019047910,0.0019201620,0.0019110330,0.0018947730,0.0017530980,0.0017758630,0.0017553960,0.0019399760,0.0019121540,0.0018967620,0.0019041190,0.0018902310,0.0018804720,0.0018882270,0.0018831090,0.0018782990,0.0018832600,0.0018906350,0.0018964740,0.0017474700,0.0017610380,0.0017638010,0.0019860530,0.0020057720,0.0019903830,0.0020017170,0.0019682030,0.0019767080,0.0019876210,0.0019762750,0.0019929010,0.0019814190,0.0020126730,0.0019752090,0.0018160200,0.0018197190,0.0018349250,0.0020328520,0.0020258870,0.0020251160,0.0299793020,0.0020507690,0.0020400390,0.0020480920,0.0020524590,0.0337592640,0.0020946430,0.0020861480,0.0020844840,0.0327425540,0.0019245130,0.0019080400,0.0009662140,0.0009639210,0.0009801670,0.0009704370,0.0009671700,0.0009642430,0.0009640720,0.0349316480,0.0009687190,0.0009738210,0.0009826160,0.0009741070,0.0009488690,0.0009577060,0.0009449030,0.0004774970,0.0004655880,0.0004624320,0.0004654160,0.0005024690,0.0004790520,0.0004798370,0.0004681050,0.0004805770,0.0004624540,0.0004814390,0.0004655580,0.0004420850,0.0004475560,0.0004384590,0.0004630280,0.0004677240,0.0004556620,0.0004649490,0.0004665120,0.0004653390,0.0004556120,0.0004698490,0.0004566550,0.0004654180,0.0004689230,0.0004682820,0.0004400280,0.0004412710,0.0004421910,0.0004667500,0.0004587460,0.0004569610,0.0004652450,0.0438950550,0.0004834740,0.0004661800,0.0004732160,0.0004647750,0.0004654970,0.0715102930,0.0004856250,0.0004536730,0.0004511920,0.0004494190,0.0004674030,0.0004729150,0.0004669320,0.0004618920,0.0004570350,0.0004678220,0.0004564130,0.0004564710,0.0004723810,0.0004607230,0.0004553570,0.0004685720,0.0004443400,0.0434984490,0.0004617620,0.0004591100,0.0004600300,0.0004621270,0.0004619660,0.0004578160,0.0004647680,0.0004624340,0.0004607310,0.0004647450,0.0004646580,0.0004643870,0.0004662270,0.0004472050,0.0004940880,0.0004577560,0.0004734850,0.0004723840,0.0004585160,0.0004652620,0.0004617010,0.0004560500,0.0004621830,0.0004616690,0.0004721400,0.0004700550,0.0004670680,0.0004638750,0.0004448500,0.0004397490,0.0004420270,0.0004651800,0.0004620670,0.0004631650,0.0004679450,0.0378389010,0.0004815790,0.0004756710,0.0004691690,0.0389350650,0.0004811300,0.0004735060,0.0004703300,0.0004394590,0.0393792040,0.0004640060,0.0004648500,0.0004706500,0.0004669350,0.0004682160,0.0004653290,0.0004649580,0.0004632070,0.0004626650,0.0004662130,0.0004603320,0.0004563440,0.0004585870,0.0004477270,0.0004467350,0.0004428340,0.0004620440,0.0004611610,0.0004558010,0.0004623570,0.0004614130,0.0004620070,0.0440257580,0.0004844570,0.0004610490,0.0004611100,0.0004579360,0.0004590080,0.0004495670,0.0004442080,0.0004405500,0.0004613620,0.0004606900,0.0004624040,0.0004631960,0.0004625230,0.0004587750,0.0004691250,0.0004695180,0.0004600000,0.0004639790,0.0004591280,0.0004601010,0.0004421650,0.0004359420,0.0004421030,0.0004715130,0.0004638160,0.0004648290,0.0004685250,0.0377454830,0.0004858080,0.0004781120,0.0004711220,0.0004611110,0.0004593470,0.0004722520,0.0004647900,0.0382008760,0.0004638760,0.0004474660,0.0004615040,0.0004644100,0.0004595180,0.0004585770,0.0004712810,0.0004687680,0.0004656130,0.0004542180,0.0004627920,0.0004599580,0.0004669910,0.0004707880,0.0004481590,0.0004349410,0.0004488900,0.0004591400,0.0004727050,0.0004746680,0.0004620110,0.0004696490,0.0004628850,0.0004639040,0.0004603290,0.0004660620,0.0004646400,0.0004726530,0.0004599720,0.0004406820,0.0004338390,0.0004346700,0.0004562640,0.0004602000,0.0004630870,0.0004652380,0.0004659830,0.0004605290,0.0004682390,0.0004614730,0.0004669130,0.0004625960,0.0004698470,0.0004676440,0.0004417330,0.0004432050,0.0379229250,0.0004811710,0.0004761900,0.0004725720,0.0004671440,0.0558345610,0.0004918870,0.0004795180,0.0004761700,0.0374649080,0.0004794680,0.0004725850,0.0004699470,0.0556078620,0.0004624430,0.0004481350,0.0004685070,0.0004554710,0.0004662520,0.0004620760,0.0004710700,0.0004682230,0.0004673840,0.0004704990,0.0004657910,0.0004644010,0.0004659730,0.0004678320,0.0004435160,0.0004468020,0.0004457200,0.0004617550,0.0004583350,0.0004611520,0.0004623590,0.0004693560,0.0004685440,0.0004634940,0.0004679240,0.0004622620,0.0004611230,0.0004573360,0.0004654210,0.0004426030,0.0004395700,0.0004443790,0.0004628550,0.0004600500,0.0004612010,0.0004600690,0.0004633960,0.0004689260,0.0004665210,0.0004630060,0.0004622040,0.0004611700,0.0004591760,0.0004552490,0.0004386670,0.0004423740,0.0004409510,0.0004154550,0.0004103210,0.0004026690,0.0004077280,0.0004126480,0.0004051840,0.0003977990,0.0004065140,0.0004117950,0.0003962470,0.0004059330,0.0004055630,0.0003679610,0.0003841820,0.0003709360
15,15,15,15,15,2,2,2,3,3,3,3,17,17,17,15,15,15,15,2,2,2,2,3,3,17,17,17,17,17,15,15,15,15,2,2,2,2,17,17,17,17,17,17,11,15,15,15,15,2,2,2,2,17,17,17,17,11,11,11,2,2,16,16,16,16,3,3,11,11,11,11,12,12,12,2,16,16,16,16,16,3,3,11,11,11,11,12,12,12,16,16,16,16,3,3,3,3,11,11,11,11,12,12,12,16,16,16,16,3,3,3,3,11,11,12,12,12,12,12,12,12,12,4,4,4,4,4,19,19,19,19,13,13,13,12,12,4,4,4,4,4,18,19,19,19,19,13,13,13,4,4,4,4,18,18,18,18,19,19,13,13,13,13,13,4,4,4,4,18,18,18,18,19,13,13,13,13,13,13,18,18,18,18,5,5,5,5,13,13,14,14,14,14,14,18,18,18,18,5,5,5,5,14,14,14,14,14,6,6,5,5,5,5,5,5,19,19,14,14,14,14,6,6,6,5,5,5,5,19,19,19,19,14,14,14,14,6,6,6,6,6,6,6,20,20,20,20,8,8,8,8,8,9,9,6,6,6,6,20,20,20,20,8,8,8,8,9,9,9,6,6,20,20,20,20,7,7,8,8,8,8,9,9,9,6,20,20,20,20,20,7,7,8,8,8,8,9,9,9,7,7,7,7,21,21,21,21,9,9,9,9,10,10,10,7,7,7,7,21,21,21,21,9,9,9,9,10,10,10,7,7,7,7,21,21,21,21,10,10,10,10,10,10,10,7,7,21,21,21,21,21,8,10,10,10,10,10,10,22,22,22,22,22,1,1,1,1,23,23,23,23,0,0,0,22,22,22,22,1,1,1,1,23,23,23,23,0,0,0,22,22,22,22,1,1,1,1,23,23,23,0,0,0,0,22,22,22,22,1,1,1,1,23,23,0,0,0,0,0,1,1,1,23,23,23,23,23,0,0,0,0,0,0,0
0.0529993115,0.0414799778,0.0412618361,0.0413811902,0.0412676640,0.0521207322,0.0423384626,0.0422344155,0.0518796576,0.0415711023,0.0415933203,0.0414789474,0.0532839949,0.0380108467,0.0374153437,0.0658141598,0.0664504489,0.0666429092,0.0665605571,0.0673450912,0.0671263125,0.0671409243,0.0662954152,0.0670321997,0.0659731929,0.0672673554,0.0661946663,0.0596556102,0.0595685515,0.0600708596,0.0661285677,0.0664396915,0.0665090154,0.0663526452,0.0657306412,0.0655865583,0.0654175130,0.0653707809,0.0655988425,0.0650221327,0.0650383425,0.0652260824,0.0583342854,0.0584233880,0.0702153183,0.0663738337,0.0662182770,0.0665702450,0.0663768478,0.0649516890,0.0651755859,0.0651497570,0.0652375632,0.0654369075,0.0650868833,0.0649541270,0.0654621415,0.0593525497,0.0589522411,0.0590226227,0.0654726762,0.0655672814,0.0771220016,0.0669196295,0.0666631125,0.0666705054,0.0655814045,0.0654171894,0.0660976200,0.0658349498,0.0650278187,0.0655109871,0.0702300477,0.0605940695,0.0602201587,0.0657674604,0.0665383941,0.0665294182,0.0665461986,0.0666865885,0.0664604055,0.0649212259,0.0652284422,0.0651232828,0.0649738705,0.0644724582,0.0643849627,0.0602543173,0.0605151582,0.0606391893,0.0667016367,0.0662017977,0.0667127095,0.0662640166,0.0649711515,0.0647476408,0.0646645320,0.0652798698,0.0642680882,0.0650348263,0.0651592149,0.0648333245,0.0610349857,0.0602520755,0.0601759752,0.0666145212,0.0668650243,0.0671421857,0.0660560472,0.0650235185,0.0654614461,0.0650819908,0.0657555942,0.0657866536,0.0659526895,0.0676026271,0.0677953316,0.0607480861,0.0609056507,0.0603250467,0.0677445572,0.0676931871,0.0676132521,0.0759000302,0.0670658974,0.0665445968,0.0653604918,0.0653646327,0.0775758674,0.0668950707,0.0665937805,0.0668561272,0.0706206919,0.0608446877,0.0609719764,0.0166466426,0.0165351044,0.0166235764,0.0167070051,0.0167978797,0.0167376286,0.0168768064,0.0279629397,0.0164675821,0.0165262019,0.0164129733,0.0164940079,0.0159428087,0.0158205160,0.0158752624,0.0060318597,0.0060588613,0.0060113630,0.0060548841,0.0063375601,0.0062051745,0.0061637246,0.0061220518,0.0060163241,0.0060593943,0.0060762201,0.0060672446,0.0057526066,0.0057791639,0.0057414254,0.0060045504,0.0060637236,0.0060252306,0.0060535524,0.0061079999,0.0060474839,0.0060887682,0.0060274199,0.0060519099,0.0060651914,0.0060614552,0.0061028401,0.0057544320,0.0057228954,0.0057173838,0.0060911712,0.0060254081,0.0060592971,0.0060451722,0.0170276137,0.0062810933,0.0061919807,0.0061328935,0.0060652825,0.0060324826,0.0210774506,0.0062891969,0.0058982955,0.0058717916,0.0057956251,0.0061202644,0.0060563204,0.0061125436,0.0060216277,0.0060727927,0.0060783370,0.0060373986,0.0060428401,0.0061260402,0.0060740004,0.0060778610,0.0060303763,0.0057652499,0.0168227255,0.0060099683,0.0060002487,0.0060473965,0.0060300328,0.0060442992,0.0060012225,0.0060374947,0.0060518999,0.0060323410,0.0060613987,0.0060492348,0.0060348037,0.0060829769,0.0059039217,0.0058317041,0.0057531215,0.0060492441,0.0060820648,0.0060236577,0.0060403763,0.0060746044,0.0060258707,0.0060633875,0.0059924848,0.0060915625,0.0060711991,0.0060259062,0.0060547093,0.0057735961,0.0057539716,0.0057258785,0.0060287959,0.0060387187,0.0060278897,0.0060390475,0.0153636007,0.0062511234,0.0061640516,0.0061052515,0.0174632837,0.0062345556,0.0061670988,0.0061317805,0.0057774277,0.0174547769,0.0060322650,0.0060369162,0.0060501577,0.0060307378,0.0060398132,0.0060861235,0.0060604987,0.0060144916,0.0060389213,0.0060875605,0.0060358763,0.0060315613,0.0060081062,0.0058958209,0.0058422809,0.0058137052,0.0060370639,0.0060455798,0.0059820314,0.0060348220,0.0060009793,0.0060271685,0.0171039321,0.0062633554,0.0060203964,0.0060320688,0.0060073996,0.0060001981,0.0058173026,0.0057604206,0.0057502469,0.0060142596,0.0060089874,0.0060482488,0.0060224534,0.0060401902,0.0059735082,0.0061720638,0.0061380759,0.0060187650,0.0060292513,0.0060337004,0.0060294579,0.0057532415,0.0057513251,0.0057334671,0.0060948586,0.0061149959,0.0060038784,0.0060439275,0.0153665425,0.0063048662,0.0062339600,0.0061751312,0.0060129973,0.0060291195,0.0060293915,0.0060481654,0.0172617986,0.0060222789,0.0058953774,0.0060174720,0.0060464507,0.0060225465,0.0060229846,0.0061246235,0.0061100116,0.0060780824,0.0061214315,0.0060179018,0.0060409151,0.0060244645,0.0060452332,0.0058439496,0.0057655357,0.0057704684,0.0060093354,0.0060465962,0.0060113745,0.0060445672,0.0060634282,0.0060996212,0.0060679814,0.0060666901,0.0060722067,0.0060197066,0.0060365797,0.0060506357,0.0057202317,0.0057213180,0.0056999665,0.0060071797,0.0060528189,0.0060633599,0.0061170077,0.0060815004,0.0060980379,0.0060569266,0.0060153713,0.0060458081,0.0060295777,0.0060605336,0.0060444378,0.0056961546,0.0057183507,0.0160217014,0.0063013921,0.0061685477,0.0061166365,0.0060338019,0.0176944155,0.0063206923,0.0061642758,0.0061348750,0.0153048418,0.0062252328,0.0061939932,0.0061161700,0.0181816399,0.0059959416,0.0058651559,0.0060536762,0.0060358528,0.0060123950,0.0060008036,0.0060728806,0.0060981990,0.0060582997,0.0060371979,0.0060968897,0.0060729894,0.0060534935,0.0060453625,0.0058598601,0.0057711845,0.0057776927,0.0060359605,0.0060188976,0.0059932391,0.0059839949,0.0060253637,0.0060201188,0.0060447667,0.0060346660,0.0060044684,0.0060454396,0.0060469057,0.0060412923,0.0057673332,0.0057074738,0.0057402419,0.0060128191,0.0060231100,0.0060059205,0.0059940195,0.0060219412,0.0060635306,0.0060448293,0.0060539726,0.0060105343,0.0059994224,0.0060315653,0.0060462653,0.0056810406,0.0057423412,0.0057049997,0.0051206342,0.0051445531,0.0051282919,0.0051008752,0.0051385140,0.0050926834,0.0050758779,0.0051263162,0.0051260605,0.0051150595,0.0051213584,0.0051411184,0.0047908720,0.0047609172,0.0048086166
15,15,15,15,15,2,2,2,3,3,3,3,17,17,17,15,15,15,15,2,2,2,2,3,3,17,17,17,17,17,15,15,15,15,2,2,2,2,17,17,17,17,17,17,11,15,15,15,15,2,2,2,2,17,17,17,17,11,11,11,2,2,16,16,16,16,3,3,11,11,11,11,12,12,12,2,16,16,16,16,16,3,3,11,11,11,11,12,12,12,16,16,16,16,3,3,3,3,11,11,11,11,12,12,12,16,16,16,16,3,3,3,3,11,11,12,12,12,12,12,12,12,12,4,4,4,4,4,19,19,19,19,13,13,13,12,12,4,4,4,4,4,18,19,19,19,19,13,13,13,4,4,4,4,18,18,18,18,19,19,13,13,13,13,13,4,4,4,4,18,18,18,18,19,13,13,13,13,13,13,18,18,18,18,5,5,5,5,13,13,14,14,14,14,14,18,18,18,18,5,5,5,5,14,14,14,14,14,6,6,5,5,5,5,5,5,19,19,14,14,14,14,6,6,6,5,5,5,5,19,19,19,19,14,14,14,14,6,6,6,6,6,6,6,20,20,20,20,8,8,8,8,8,9,9,6,6,6,6,20,20,20,20,8,8,8,8,9,9,9,6,6,20,20,20,20,7,7,8,8,8,8,9,9,9,6,20,20,20,20,20,7,7,8,8,8,8,9,9,9,7,7,7,7,21,21,21,21,9,9,9,9,10,10,10,7,7,7,7,21,21,21,21,9,9,9,9,10,10,10,7,7,7,7,21,21,21,21,10,10,10,10,10,10,10,7,7,21,21,21,21,21,8,10,10,10,10,10,10,22,22,22,22,22,1,1,1,1,23,23,23,23,0,0,0,22,22,22,22,1,1,1,1,23,23,23,23,0,0,0,22,22,22,22,1,1,1,1,23,23,23,0,0,0,0,22,22,22,22,1,1,1,1,23,23,0,0,0,0,0,1,1,1,23,23,23,23,23,0,0,0,0,0,0,0
0.0499820216,0.0479358239,0.0437845716,0.0513228404,0.0510783553,0.0514236332,0.0449444098,0.0448458856,0.0446191778,0.0492177661,0.0476121770,0.0474502597,0.0467037841,0.0458964135,0.0459828280,0.0685099596,0.0683667369,0.0685734990,0.0694619123,0.0690936782,0.0697199072,0.0710404782,0.0741978132,0.0700619560,0.0727072130,0.0694294580,0.0721212954,0.0618387390,0.0618449926,0.0613986625,0.0678235928,0.0676260094,0.0671860961,0.0685667055,0.0679483533,0.0671961207,0.0682822204,0.0676275936,0.0680319961,0.0676551575,0.0676540095,0.0678891554,0.0608414593,0.0612624196,0.0611598211,0.0679385435,0.0684672726,0.0668652336,0.0681983638,0.0677411773,0.0675198519,0.0669038699,0.0675084956,0.0679919832,0.0676478903,0.0674052012,0.0678170100,0.0599323615,0.0610339883,0.0608142122,0.0671331762,0.0679103937,0.0672245375,0.0685923559,0.0679570312,0.0671682771,0.0675200556,0.0673105989,0.0681887806,0.0679165844,0.0671003680,0.0677848088,0.0603640043,0.0601554038,0.0605316402,0.0667984269,0.0673677715,0.0674291322,0.0658876026,0.0679097858,0.0677844348,0.0675962297,0.0678764388,0.0678438524,0.0678277780,0.0667707473,0.0679359612,0.0602418676,0.0602353498,0.0609000624,0.0676866107,0.0670270661,0.0667896611,0.0668636020,0.0675539836,0.0669519637,0.0675150536,0.0674548440,0.0676047246,0.0670313396,0.0659611285,0.0679919109,0.0604298617,0.0605975856,0.0604079501,0.0679192368,0.0676136264,0.0677212942,0.0671981748,0.0678805663,0.0681106575,0.0679652155,0.0677112292,0.0678278619,0.0679929255,0.0679526987,0.0674917030,0.0609934482,0.0609053859,0.0610336507,0.0682633734,0.0681265992,0.0679576057,0.0685616967,0.0684742109,0.0683863938,0.0683267664,0.0684926889,0.0681449684,0.0680251211,0.0680208398,0.0681811768,0.0608281733,0.0599485085,0.0600110531,0.0167159003,0.0167911759,0.0167894261,0.0167286015,0.0168563281,0.0166581447,0.0166046298,0.0164542021,0.0166310418,0.0164184235,0.0167824256,0.0166450897,0.0157090468,0.0159319169,0.0159231015,0.0058116277,0.0058288666,0.0057906586,0.0057760386,0.0058116528,0.0058337114,0.0058305416,0.0058136385,0.0057826665,0.0058225650,0.0057804276,0.0058271469,0.0055339260,0.0055446694,0.0055350297,0.0058064222,0.0058269570,0.0058420688,0.0058071740,0.0058387922,0.0058068576,0.0058438602,0.0058082507,0.0058464935,0.0057881836,0.0058260739,0.0058003216,0.0054701704,0.0055320122,0.0055216998,0.0058021118,0.0058323273,0.0058093526,0.0058381235,0.0057940981,0.0058123572,0.0057624721,0.0057660562,0.0058829755,0.0057771370,0.0058116759,0.0057712077,0.0055130811,0.0055121793,0.0055240674,0.0058069945,0.0058686013,0.0058209698,0.0058102669,0.0057876316,0.0058052757,0.0057899192,0.0057726620,0.0057921378,0.0058115089,0.0058088533,0.0058323198,0.0055153847,0.0055311395,0.0054600565,0.0058665678,0.0057985195,0.0057821333,0.0058144249,0.0057754060,0.0057571587,0.0058085744,0.0058531920,0.0058092662,0.0058002316,0.0058255718,0.0058097212,0.0054983495,0.0055291601,0.0055680643,0.0058115669,0.0057817387,0.0058142077,0.0057874359,0.0058274952,0.0057888594,0.0058051028,0.0058457995,0.0057816406,0.0058060444,0.0058529808,0.0058293880,0.0055091331,0.0055540387,0.0054864597,0.0058294951,0.0057930024,0.0057754010,0.0057984306,0.0057780731,0.0057984001,0.0057750220,0.0058197860,0.0057908995,0.0058141447,0.0057943495,0.0057854438,0.0055110934,0.0055055473,0.0054537387,0.0058008507,0.0058149173,0.0057765675,0.0058005768,0.0058326750,0.0058168847,0.0058560787,0.0058101797,0.0057462669,0.0057793658,0.0058031184,0.0058108832,0.0055462634,0.0054943048,0.0054928139,0.0058297208,0.0058363298,0.0058418003,0.0058113198,0.0058032737,0.0058249831,0.0058197654,0.0058132475,0.0058077631,0.0058103999,0.0058042146,0.0057668429,0.0055155811,0.0054826959,0.0054686514,0.0058129669,0.0058035901,0.0057965183,0.0057902028,0.0058290123,0.0058528327,0.0057900654,0.0058060354,0.0057901961,0.0057827911,0.0058469066,0.0058007898,0.0054709089,0.0055053966,0.0055093340,0.0058158850,0.0057929464,0.0058134959,0.0057690338,0.0058543708,0.0057659859,0.0058051221,0.0058051234,0.0057908808,0.0058092007,0.0057779150,0.0058170835,0.0055337681,0.0054991126,0.0054238697,0.0058440126,0.0058118913,0.0058011105,0.0058218604,0.0058234899,0.0058219329,0.0057826690,0.0058181035,0.0058121436,0.0057523926,0.0058014558,0.0058176664,0.0054748393,0.0055244615,0.0055163212,0.0058292713,0.0057721541,0.0058127035,0.0058140191,0.0057871974,0.0057793513,0.0058033315,0.0058359712,0.0058024918,0.0058279124,0.0058352036,0.0057734497,0.0054587981,0.0054867193,0.0055193146,0.0057739557,0.0058300377,0.0057982791,0.0057938451,0.0058026829,0.0057913686,0.0057883426,0.0058074308,0.0058215741,0.0057959882,0.0057835509,0.0058086005,0.0055117167,0.0056037184,0.0055022389,0.0058282235,0.0058174053,0.0058218383,0.0057922163,0.0057967440,0.0058192692,0.0058206062,0.0058040153,0.0058542706,0.0058158685,0.0057527854,0.0058207317,0.0054662913,0.0054887127,0.0054735106,0.0058175386,0.0058386695,0.0058060846,0.0058058107,0.0057898323,0.0058302558,0.0058298219,0.0058051667,0.0057999288,0.0058071635,0.0058207171,0.0058002043,0.0054669497,0.0054988576,0.0055748807,0.0057410789,0.0057951370,0.0057687941,0.0058002169,0.0057893988,0.0057733646,0.0057803383,0.0058097688,0.0058174054,0.0058214528,0.0057952587,0.0057689933,0.0055162898,0.0055111405,0.0055236509,0.0058236542,0.0058129598,0.0058178453,0.0057993583,0.0058240062,0.0058001936,0.0058551537,0.0057959817,0.0058331908,0.0058297607,0.0058123590,0.0057949982,0.0055064520,0.0055246906,0.0055019260,0.0049243990,0.0049489823,0.0049297497,0.0049325548,0.0049223771,0.0049206811,0.0049621878,0.0049231906,0.0049031558,0.0049378150,0.0048840061,0.0049505363,0.0046595066,0.0046594601,0.0046386718
8,5,2,23,22,10,18,19,12,4,1,0,9,21,20,1,10,2,19,21,22,18,7,1,6,8,14,9,7,8,3,4,21,16,18,21,11,15,8,12,3,1,14,15,16,12,13,1,23,16,0,21,19,16,6,7,12,16,13,11,4,10,15,20,9,3,5,13,17,9,4,23,7,5,12,22,0,8,22,17,5,11,18,20,23,3,17,18,4,0,17,15,3,11,5,15,14,8,6,2,22,13,20,19,10,6,2,0,2,10,7,17,0,19,20,5,12,23,2,1,23,4,10,13,19,18,9,14,14,6,20,9,11,22,21,13,14,15,16,3,6,7,11,20,11,17,7,3,16,21,8,5,12,20,1,5,10,0,20,22,5,13,8,6,2,4,11,14,16,19,0,9,19,14,12,1,17,12,4,20,10,13,23,18,14,23,23,8,14,12,16,0,10,7,0,23,21,21,2,19,2,23,11,1,6,23,2,15,17,10,21,2,4,14,22,22,12,11,2,8,16,1,11,5,9,9,0,11,8,3,16,8,13,11,17,17,19,19,10,23,21,2,20,0,15,19,12,18,17,18,19,7,20,3,10,6,10,0,1,7,4,18,4,8,19,1,7,9,4,2,3,6,14,17,23,18,15,2,0,9,1,20,3,14,0,17,8,7,7,7,12,4,11,3,3,14,23,11,7,5,12,6,5,12,13,22,11,0,16,6,5,1,13,1,8,21,23,8,9,4,20,22,2,6,9,12,19,23,13,17,9,22,14,13,9,16,16,15,18,23,21,11,22,6,17,0,15,7,22,4,15,6,19,5,22,0,15,16,21,6,4,2,5,15,6,5,18,9,14,1,22,3,7,18,1,17,18,15,6,20,13,3,5,14,21,13,20,22,18,21,20,5,16,15,15,22,16,13,3,21,4,10,16,19,3,13,10,2,17,4,10,17,18,11,19,7,3,13,1,18,7,15,10,1,12,2,3,11,9,0,8,14,5,6,4
0.0430738446,0.0441145949,0.0445020579,0.0450034327,0.0447923052,0.0451834489,0.0459430543,0.0457940383,0.0456361854,0.0452957419,0.0450876732,0.0454565053,0.0406216749,0.0394190096,0.0393846581,0.0686146393,0.0695298094,0.0700690738,0.0720046082,0.0731200061,0.0726637001,0.0731772986,0.0742918264,0.0728102684,0.0738210186,0.0736167957,0.0718869390,0.0624076324,0.0620197142,0.0615221112,0.0678948838,0.0673127980,0.0677972874,0.0684563494,0.0673005791,0.0670890039,0.0685398919,0.0682802833,0.0675815060,0.0678549663,0.0676323064,0.0674306604,0.0603383068,0.0603348423,0.0611331318,0.0676584519,0.0686412349,0.0670747076,0.0674296614,0.0669791949,0.0675175295,0.0672386385,0.0676255111,0.0675671225,0.0678419423,0.0677503106,0.0675197040,0.0603512563,0.0609647603,0.0608208941,0.0673797689,0.0675093191,0.0673117341,0.0679429511,0.0674963510,0.0669449719,0.0672156009,0.0677221835,0.0679402424,0.0669707372,0.0670945469,0.0677483596,0.0603318229,0.0598993225,0.0603049238,0.0670421217,0.0670382093,0.0673325372,0.0669309061,0.0674532322,0.0674778529,0.0681089900,0.0671507611,0.0676358246,0.0678516979,0.0672717261,0.0671453436,0.0601751804,0.0598499220,0.0606593403,0.0675350091,0.0671902020,0.0673036853,0.0667508264,0.0668060055,0.0669346738,0.0667749392,0.0676695581,0.0678481393,0.0671604733,0.0663838444,0.0676681615,0.0608178138,0.0606366957,0.0604381619,0.0679295630,0.0680432202,0.0676551654,0.0677251899,0.0675968738,0.0676091404,0.0681286795,0.0678299941,0.0677828724,0.0680575983,0.0673218639,0.0677682133,0.0610701829,0.0607445775,0.0605774033,0.0680647145,0.0679294228,0.0678807395,0.0683520486,0.0679807837,0.0686271702,0.0683289960,0.0680717692,0.0676853056,0.0683616126,0.0682047914,0.0679874475,0.0610824048,0.0606527223,0.0608134388,0.0167393039,0.0166900407,0.0168451742,0.0167706120,0.0168191616,0.0166969235,0.0165752720,0.0164372486,0.0165470516,0.0164174881,0.0166993134,0.0165757527,0.0156806763,0.0158456941,0.0157628291,0.0058128547,0.0058242117,0.0057930667,0.0057814971,0.0058216931,0.0058303204,0.0058318622,0.0058188630,0.0057803399,0.0058104498,0.0057840104,0.0058387791,0.0055128769,0.0055287391,0.0055489437,0.0058146046,0.0058231079,0.0058306265,0.0058041218,0.0058358898,0.0058021882,0.0058229049,0.0057941731,0.0058590367,0.0057822218,0.0058159493,0.0057837240,0.0054695463,0.0055217858,0.0055268105,0.0057979756,0.0058344691,0.0058134540,0.0058401508,0.0057940010,0.0058294975,0.0057710313,0.0057612247,0.0058721270,0.0057658817,0.0058075664,0.0057719763,0.0055106844,0.0054983679,0.0055366117,0.0058094865,0.0058607563,0.0058285822,0.0058103057,0.0057911176,0.0058022245,0.0057983115,0.0057757152,0.0057957591,0.0058080854,0.0058098114,0.0058377518,0.0055131000,0.0055282868,0.0054597510,0.0058583837,0.0058020221,0.0057937069,0.0058029766,0.0057808984,0.0057535773,0.0058140099,0.0058563086,0.0058133137,0.0058255231,0.0058174657,0.0058099639,0.0054970912,0.0055222991,0.0055656237,0.0057993524,0.0057856754,0.0058125703,0.0057907862,0.0058196458,0.0057808253,0.0058022700,0.0058485174,0.0057801213,0.0058030003,0.0058632388,0.0058140879,0.0055132898,0.0055527067,0.0054968002,0.0058301121,0.0057961795,0.0057830423,0.0057978433,0.0057896468,0.0057962807,0.0057895327,0.0058171631,0.0057814205,0.0058051481,0.0057993196,0.0057773613,0.0055168376,0.0055040343,0.0054512029,0.0057996046,0.0058150422,0.0057719161,0.0058069147,0.0058405072,0.0058237184,0.0058412018,0.0058011541,0.0057521870,0.0057867890,0.0057908018,0.0058132276,0.0055490614,0.0055023655,0.0054791427,0.0058333757,0.0058325321,0.0058642528,0.0058148174,0.0058108784,0.0058178985,0.0058072199,0.0058095455,0.0058007952,0.0058134589,0.0057957376,0.0057696874,0.0055225811,0.0054803696,0.0054674492,0.0058157601,0.0058086864,0.0058084038,0.0057854735,0.0058315168,0.0057787529,0.0057931099,0.0058047134,0.0058140642,0.0057917891,0.0058534832,0.0058000164,0.0054754268,0.0055136101,0.0055131097,0.0058232372,0.0057888260,0.0058117997,0.0057755186,0.0058534880,0.0057576730,0.0058041811,0.0058073376,0.0057919239,0.0058022331,0.0057791674,0.0058172203,0.0055376191,0.0055036917,0.0054230186,0.0058505402,0.0058077251,0.0058098650,0.0058162620,0.0058258726,0.0058174354,0.0057733252,0.0058238640,0.0058002402,0.0057611224,0.0057966152,0.0058161411,0.0054773947,0.0055297616,0.0055147349,0.0058393706,0.0057712797,0.0058161909,0.0058163080,0.0057933595,0.0057931826,0.0058080389,0.0058336017,0.0058054631,0.0058264143,0.0058361524,0.0057826840,0.0054549041,0.0054991663,0.0055119381,0.0057713280,0.0058171221,0.0058010287,0.0057910271,0.0057975558,0.0058002624,0.0057904801,0.0057959555,0.0058104944,0.0057745922,0.0057849443,0.0058073693,0.0055107575,0.0056209584,0.0054905538,0.0058238696,0.0058233255,0.0058281311,0.0057909678,0.0057866942,0.0058232443,0.0058141373,0.0058102792,0.0058582538,0.0058098940,0.0057500077,0.0058155201,0.0054673101,0.0054901923,0.0054825871,0.0058180445,0.0058326641,0.0057977742,0.0057881778,0.0058022919,0.0058268093,0.0058243874,0.0057904808,0.0057933012,0.0058022602,0.0058167031,0.0057974856,0.0054650433,0.0055010606,0.0055743062,0.0057448806,0.0057877034,0.0057674784,0.0058035421,0.0057848559,0.0057656014,0.0057885480,0.0058106991,0.0058083002,0.0058166677,0.0058025443,0.0057713252,0.0055092626,0.0055088076,0.0055182497,0.0058355527,0.0058067439,0.0058312423,0.0057963802,0.0058158150,0.0058025538,0.0058527963,0.0057879253,0.0058250248,0.0058344135,0.0058121986,0.0057945414,0.0055158846,0.0055177252,0.0054941215,0.0049313951,0.0049481372,0.0049381523,0.0049222664,0.0049179453,0.0049370377,0.0049593679,0.0049026832,0.0049018948,0.0049380035,0.0048802926,0.0049466927,0.0046554550,0.0046507281,0.0046393642
8,5,2,23,22,10,18,19,12,4,1,0,9,21,20,1,10,2,19,21,22,18,7,1,6,8,14,9,7,8,3,4,21,16,18,21,11,15,8,12,3,1,14,15,16,12,13,1,23,16,0,21,19,16,6,7,12,16,13,11,4,10,15,20,9,3,5,13,17,9,4,23,7,5,12,22,0,8,22,17,5,11,18,20,23,3,17,18,4,0,17,15,3,11,5,15,14,8,6,2,22,13,20,19,10,6,2,0,2,10,7,17,0,19,20,5,12,23,2,1,23,4,10,13,19,18,9,14,14,6,20,9,11,22,21,13,14,15,16,3,6,7,11,20,11,17,7,3,16,21,8,5,12,20,1,5,10,0,20,22,5,13,8,6,2,4,11,14,16,19,0,9,19,14,12,1,17,12,4,20,10,13,23,18,14,23,23,8,14,12,16,0,10,7,0,23,21,21,2,19,2,23,11,1,6,23,2,15,17,10,21,2,4,14,22,22,12,11,2,8,16,1,11,5,9,9,0,11,8,3,16,8,13,11,17,17,19,19,10,23,21,2,20,0,15,19,12,18,17,18,19,7,20,3,10,6,10,0,1,7,4,18,4,8,19,1,7,9,4,2,3,6,14,17,23,18,15,2,0,9,1,20,3,14,0,17,8,7,7,7,12,4,11,3,3,14,23,11,7,5,12,6,5,12,13,22,11,0,16,6,5,1,13,1,8,21,23,8,9,4,20,22,2,6,9,12,19,23,13,17,9,22,14,13,9,16,16,15,18,23,21,11,22,6,17,0,15,7,22,4,15,6,19,5,22,0,15,16,21,6,4,2,5,15,6,5,18,9,14,1,22,3,7,18,1,17,18,15,6,20,13,3,5,14,21,13,20,22,18,21,20,5,16,15,15,22,16,13,3,21,4,10,16,19,3,13,10,2,17,4,10,17,18,11,19,7,3,13,1,18,7,15,10,1,12,2,3,11,9,0,8,14,5,6,4
0.0433227747,0.0443289938,0.0450451384,0.0462313881,0.0463825164,0.0471484549,0.0473021012,0.0475874156,0.0470142585,0.0471448102,0.0471045108,0.0465678237,0.0417394035,0.0406110485,0.0398703502,0.0693847939,0.0706356513,0.0723481042,0.0740003615,0.0742271639,0.0751404504,0.0759765323,0.0761379402,0.0753385050,0.0755523256,0.0750850972,0.0741485052,0.0638673622,0.0624993920,0.0620119436,0.0680180564,0.0676412165,0.0676678019,0.0686801330,0.0678882262,0.0675772342,0.0687383732,0.0683637245,0.0679702067,0.0682891852,0.0677915023,0.0678803389,0.0605105281,0.0604851271,0.0611336557,0.0673710167,0.0683465456,0.0672389615,0.0676347306,0.0675775605,0.0675336738,0.0671366517,0.0676804473,0.0673994246,0.0677717156,0.0672907558,0.0670494543,0.0605170149,0.0610702756,0.0602758055,0.0675748791,0.0677110451,0.0676082736,0.0674888557,0.0679027754,0.0672537298,0.0673306184,0.0674827577,0.0682029075,0.0677873104,0.0668378775,0.0673992885,0.0605039235,0.0601043398,0.0602965355,0.0672215306,0.0674515920,0.0674528197,0.0673707000,0.0677240614,0.0675483272,0.0681429994,0.0673211755,0.0675635904,0.0671085005,0.0668773720,0.0677700714,0.0604109221,0.0600766070,0.0607693744,0.0677280780,0.0674160923,0.0668912852,0.0673752998,0.0674149818,0.0669797064,0.0673874017,0.0673381984,0.0676239240,0.0672845379,0.0671266139,0.0677226844,0.0607270961,0.0602874169,0.0603696106,0.0680616044,0.0672409349,0.0677533847,0.0676411270,0.0680318927,0.0674159724,0.0678516380,0.0678551938,0.0674516212,0.0677683965,0.0682402407,0.0676380027,0.0608225623,0.0612017381,0.0611566945,0.0681259695,0.0678853289,0.0681317406,0.0683131716,0.0684278738,0.0683503147,0.0680858918,0.0684200607,0.0683447566,0.0681585719,0.0677737475,0.0678767829,0.0607391051,0.0608241259,0.0612089666,0.0167764357,0.0167126066,0.0168909547,0.0167211454,0.0167860927,0.0166358254,0.0166023864,0.0164329261,0.0165887541,0.0163552796,0.0166563289,0.0166573408,0.0157413803,0.0158711169,0.0157542178,0.0058151112,0.0058408331,0.0057966907,0.0057821285,0.0058160877,0.0058419582,0.0058344138,0.0058223686,0.0057745991,0.0057976618,0.0057947631,0.0058450526,0.0055202297,0.0055347028,0.0055354521,0.0058153776,0.0058290560,0.0058440928,0.0058049253,0.0058359660,0.0058080464,0.0058299450,0.0058022663,0.0058560030,0.0057952589,0.0058161859,0.0057925971,0.0054770956,0.0055260890,0.0055360210,0.0058021505,0.0058373559,0.0058135158,0.0058319011,0.0058005078,0.0058073821,0.0057685607,0.0057624676,0.0058767486,0.0057708486,0.0058042135,0.0057625250,0.0055258388,0.0055058358,0.0055230359,0.0058055796,0.0058665909,0.0058281845,0.0058178420,0.0057899618,0.0057973263,0.0058039611,0.0057832730,0.0057965935,0.0058078949,0.0058068561,0.0058361112,0.0055222846,0.0055305155,0.0054732329,0.0058625708,0.0057986286,0.0057979529,0.0058019562,0.0057714551,0.0057634669,0.0058182217,0.0058579801,0.0058073664,0.0058027318,0.0058182230,0.0058011461,0.0055127757,0.0055196423,0.0055684334,0.0058127213,0.0057932474,0.0058109565,0.0057899058,0.0058479543,0.0057925303,0.0058046799,0.0058602734,0.0057864009,0.0058114716,0.0058443840,0.0058189031,0.0055156809,0.0055567311,0.0054839391,0.0058310732,0.0057955652,0.0057862879,0.0058030873,0.0057883265,0.0058007065,0.0057825593,0.0058195422,0.0057895321,0.0058044366,0.0058023020,0.0057809733,0.0055257979,0.0055064765,0.0057509383,0.0058040357,0.0058315323,0.0057649035,0.0058026763,0.0058388794,0.0058246396,0.0058474481,0.0058084504,0.0057569076,0.0057775482,0.0058030643,0.0058242050,0.0055454823,0.0055016301,0.0055022342,0.0058373412,0.0058274924,0.0058453097,0.0058096683,0.0058112786,0.0058175061,0.0058085540,0.0058180114,0.0057921614,0.0058201822,0.0058009424,0.0057728227,0.0055212830,0.0054745801,0.0054780808,0.0058047050,0.0058087672,0.0058062049,0.0057853245,0.0058226227,0.0057721566,0.0057982418,0.0058223328,0.0058066343,0.0057927172,0.0058500906,0.0058074346,0.0054824338,0.0055217666,0.0054969648,0.0058079449,0.0057965491,0.0058239276,0.0057685864,0.0058739553,0.0057605887,0.0058167413,0.0058068614,0.0057959674,0.0058092628,0.0057791142,0.0058210171,0.0055367303,0.0055018499,0.0054183675,0.0058497433,0.0058250035,0.0058077313,0.0058240370,0.0058177105,0.0058193843,0.0057989475,0.0058238879,0.0058090298,0.0057631995,0.0057959642,0.0058168264,0.0054789293,0.0055344524,0.0055096385,0.0058253377,0.0057695713,0.0058119149,0.0058213264,0.0058027988,0.0057851835,0.0058115707,0.0058370676,0.0058203597,0.0058180233,0.0058337331,0.0057883400,0.0054584390,0.0054998806,0.0055149804,0.0057756898,0.0058251748,0.0057982526,0.0057913801,0.0057990793,0.0057880318,0.0057883957,0.0057994300,0.0058154044,0.0057866524,0.0057858014,0.0058020408,0.0055189617,0.0056160942,0.0054981430,0.0058365365,0.0058214065,0.0058365235,0.0057839080,0.0057986412,0.0058381897,0.0058217672,0.0058160553,0.0058651639,0.0058092246,0.0057515361,0.0058212153,0.0054647504,0.0055059235,0.0054892212,0.0058217324,0.0058393246,0.0057985855,0.0058057134,0.0058055474,0.0058276939,0.0058355124,0.0057994824,0.0058039764,0.0058118143,0.0058130805,0.0057903278,0.0054809024,0.0055030648,0.0055851413,0.0057393825,0.0058108603,0.0057783038,0.0058140793,0.0057924573,0.0057741576,0.0057865034,0.0058194458,0.0058270154,0.0058177734,0.0058017438,0.0057728014,0.0055135317,0.0055152819,0.0055283325,0.0058359599,0.0058023396,0.0058272205,0.0058007923,0.0058253564,0.0058003985,0.0058462050,0.0058000926,0.0058387083,0.0058243478,0.0058160127,0.0058174224,0.0055116094,0.0055169463,0.0055061614,0.0049252709,0.0049571918,0.0049381146,0.0049358284,0.0049219636,0.0049223072,0.0049656971,0.0049233238,0.0049079152,0.0049525261,0.0048849144,0.0049417735,0.0046619950,0.0046503146,0.0046365955
8,5,2,23,22,10,18,19,12,4,1,0,9,21,20,1,10,2,19,21,22,18,7,1,6,8,14,9,7,8,3,4,21,16,18,21,11,15,8,12,3,1,14,15,16,12,13,1,23,16,0,21,19,16,6,7,12,16,13,11,4,10,15,20,9,3,5,13,17,9,4,23,7,5,12,22,0,8,22,17,5,11,18,20,23,3,17,18,4,0,17,15,3,11,5,15,14,8,6,2,22,13,20,19,10,6,2,0,2,10,7,17,0,19,20,5,12,23,2,1,23,4,10,13,19,18,9,14,14,6,20,9,11,22,21,13,14,15,16,3,6,7,11,20,11,17,7,3,16,21,8,5,12,20,1,5,10,0,20,22,5,13,8,6,2,4,11,14,16,19,0,9,19,14,12,1,17,12,4,20,10,13,23,18,14,23,23,8,14,12,16,0,10,7,0,23,21,21,2,19,2,23,11,1,6,23,2,15,17,10,21,2,4,14,22,22,12,11,2,8,16,1,11,5,9,9,0,11,8,3,16,8,13,11,17,17,19,19,10,23,21,2,20,0,15,19,12,18,17,18,19,7,20,3,10,6,10,0,1,7,4,18,4,8,19,1,7,9,4,2,3,6,14,17,23,18,15,2,0,9,1,20,3,14,0,17,8,7,7,7,12,4,11,3,3,14,23,11,7,5,12,6,5,12,13,22,11,0,16,6,5,1,13,1,8,21,23,8,9,4,20,22,2,6,9,12,19,23,13,17,9,22,14,13,9,16,16,15,18,23,21,11,22,6,17,0,15,7,22,4,15,6,19,5,22,0,15,16,21,6,4,2,5,15,6,5,18,9,14,1,22,3,7,18,1,17,18,15,6,20,13,3,5,14,21,13,20,22,18,21,20,5,16,15,15,22,16,13,3,21,4,10,16,19,3,13,10,2,17,4,10,17,18,11,19,7,3,13,1,18,7,15,10,1,12,2,3,11,9,0,8,14,5,6,4
0.0433459460,0.0442239659,0.0453251816,0.0468107011,0.0475960349,0.0481624295,0.0483165460,0.0482236340,0.0485001618,0.0481172443,0.0483840643,0.0477439458,0.0427350218,0.0415472645,0.0405031520,0.0687590909,0.0715908764,0.0733210518,0.0756083358,0.0763889730,0.0766088185,0.0771797219,0.0777850389,0.0764692317,0.0772997029,0.0759816927,0.0755375717,0.0649365275,0.0637630281,0.0620783876,0.0675606814,0.0678590142,0.0671834471,0.0687401953,0.0679761280,0.0678610981,0.0681846708,0.0678985259,0.0672247543,0.0677089321,0.0676714534,0.0676832076,0.0607550802,0.0604328020,0.0608290413,0.0678378517,0.0684447363,0.0673944844,0.0670411893,0.0678524729,0.0677257353,0.0672530631,0.0674999839,0.0673676177,0.0673643202,0.0671258134,0.0677412688,0.0602927059,0.0611673809,0.0603434877,0.0672552233,0.0673291931,0.0677183054,0.0678697074,0.0679600504,0.0670167545,0.0672794310,0.0674029985,0.0678933755,0.0677714863,0.0671543429,0.0674492653,0.0604824926,0.0601134041,0.0607156785,0.0669658711,0.0670893968,0.0671054279,0.0670343809,0.0672824505,0.0673747725,0.0673291451,0.0674850041,0.0679116907,0.0669370235,0.0672722381,0.0675712175,0.0599777117,0.0601476987,0.0605301759,0.0673638459,0.0673520321,0.0669326756,0.0673742292,0.0673803659,0.0671971994,0.0674998068,0.0667708882,0.0676709061,0.0669835093,0.0670438774,0.0673041515,0.0603229807,0.0605367021,0.0603474530,0.0671140719,0.0678264637,0.0675655730,0.0676656381,0.0674944566,0.0676974491,0.0674649260,0.0680580289,0.0676166360,0.0675175077,0.0678637966,0.0672974253,0.0607040026,0.0608893573,0.0605847753,0.0676323516,0.0683969990,0.0678163009,0.0682441288,0.0687445894,0.0679746745,0.0685340056,0.0681938324,0.0680955437,0.0675991607,0.0678819585,0.0684238948,0.0601263177,0.0609172428,0.0613206788,0.0167913049,0.0166908571,0.0167968676,0.0166784449,0.0167476548,0.0166437011,0.0165281826,0.0164236562,0.0166644910,0.0163291732,0.0167141127,0.0164960505,0.0157559638,0.0158741865,0.0158785294,0.0058056728,0.0058389363,0.0057814244,0.0057842070,0.0058163030,0.0058448474,0.0058187854,0.0058307895,0.0057790598,0.0058180019,0.0057775606,0.0058259852,0.0055251716,0.0055397636,0.0055255499,0.0058056367,0.0058232461,0.0058442350,0.0057994459,0.0058358494,0.0058115412,0.0058377365,0.0057980349,0.0058560991,0.0057927924,0.0058164775,0.0057898108,0.0054666767,0.0055281255,0.0055176311,0.0057964189,0.0058349816,0.0058099271,0.0058311382,0.0057953608,0.0058097215,0.0057682650,0.0057600414,0.0058621050,0.0057741091,0.0058066682,0.0057776437,0.0055068768,0.0055016357,0.0055352111,0.0058103314,0.0058671457,0.0058247005,0.0058091507,0.0057941242,0.0058009236,0.0057922233,0.0057705026,0.0057928667,0.0058016083,0.0058085590,0.0058275505,0.0055137263,0.0055255754,0.0054484370,0.0058538387,0.0057952234,0.0057936667,0.0057998011,0.0057725959,0.0057501300,0.0058109120,0.0058586173,0.0058125020,0.0058196156,0.0058151002,0.0058063003,0.0054971233,0.0055218338,0.0055638962,0.0058129588,0.0057849835,0.0058134138,0.0057854153,0.0058205402,0.0057894540,0.0058005413,0.0058575773,0.0057838036,0.0058169146,0.0058452944,0.0058182546,0.0054987428,0.0055406709,0.0054781900,0.0058220369,0.0057905256,0.0057809963,0.0057997919,0.0057892928,0.0057988142,0.0057701301,0.0058197607,0.0057739347,0.0058018236,0.0058073531,0.0057787796,0.0055136335,0.0055056468,0.0054570467,0.0057903967,0.0058118971,0.0057821930,0.0058050800,0.0058379275,0.0058290648,0.0058486940,0.0058021233,0.0057445910,0.0057753789,0.0057945112,0.0058194200,0.0055475743,0.0054892083,0.0054768711,0.0058414791,0.0058253423,0.0058542264,0.0058104899,0.0058102882,0.0058018899,0.0058164800,0.0057984673,0.0057964090,0.0058123422,0.0058018841,0.0057681629,0.0055280111,0.0054738373,0.0054648909,0.0058064897,0.0057947555,0.0058020757,0.0057874177,0.0058170180,0.0057740304,0.0057915120,0.0058104888,0.0058067272,0.0057869240,0.0058550613,0.0058099044,0.0054720012,0.0055181063,0.0055004291,0.0058159350,0.0057817275,0.0058246889,0.0057744949,0.0058554640,0.0057515773,0.0058010302,0.0057988253,0.0057830010,0.0058036517,0.0057848522,0.0058118624,0.0055286330,0.0055057383,0.0054196787,0.0058429661,0.0058210460,0.0058030049,0.0058216548,0.0058265938,0.0058183254,0.0057801162,0.0058106647,0.0057983808,0.0057584290,0.0058001384,0.0058174165,0.0054738400,0.0055258510,0.0055127190,0.0058251860,0.0057642351,0.0058183832,0.0058149883,0.0057980829,0.0057804324,0.0058204121,0.0058231089,0.0058031310,0.0058272729,0.0058206666,0.0057763320,0.0054506121,0.0054890693,0.0055092907,0.0057563339,0.0058083969,0.0057908405,0.0057800266,0.0058022922,0.0057853697,0.0057884652,0.0057866709,0.0058165785,0.0057783484,0.0057834470,0.0058061336,0.0055112668,0.0055976755,0.0054906063,0.0058345832,0.0058220495,0.0058247310,0.0057991108,0.0057942031,0.0058226044,0.0058110900,0.0058165722,0.0058621150,0.0058172568,0.0057437626,0.0058143006,0.0054715185,0.0054922519,0.0054741332,0.0058189749,0.0058445753,0.0057936445,0.0057859704,0.0058000626,0.0058272098,0.0058221584,0.0057901536,0.0057905306,0.0058104293,0.0058253603,0.0057955360,0.0054620783,0.0054902389,0.0055702169,0.0057536944,0.0057979232,0.0057703010,0.0057971593,0.0057877820,0.0057660149,0.0057817000,0.0058122840,0.0058096297,0.0058150595,0.0058050344,0.0057637373,0.0055058695,0.0054977323,0.0055217874,0.0058221228,0.0058004004,0.0058176003,0.0057966287,0.0058188093,0.0057908137,0.0058472872,0.0057941524,0.0058076419,0.0058330334,0.0058157771,0.0058046453,0.0055033842,0.0055086712,0.0055151389,0.0049270226,0.0049484468,0.0049273039,0.0049212471,0.0049176214,0.0049291159,0.0049584196,0.0048987687,0.0048964896,0.0049403804,0.0048859079,0.0049346110,0.0046543690,0.0046532875,0.0046397561
8,5,2,23,22,10,18,19,12,4,1,0,9,21,20,1,10,2,19,21,22,18,7,1,6,8,14,9,7,8,3,4,21,16,18,21,11,15,8,12,3,1,14,15,16,12,13,1,23,16,0,21,19,16,6,7,12,16,13,11,4,10,15,20,9,3,5,13,17,9,4,23,7,5,12,22,0,8,22,17,5,11,18,20,23,3,17,18,4,0,17,15,3,11,5,15,14,8,6,2,22,13,20,19,10,6,2,0,2,10,7,17,0,19,20,5,12,23,2,1,23,4,10,13,19,18,9,14,14,6,20,9,11,22,21,13,14,15,16,3,6,7,11,20,11,17,7,3,16,21,8,5,12,20,1,5,10,0,20,22,5,13,8,6,2,4,11,14,16,19,0,9,19,14,12,1,17,12,4,20,10,13,23,18,14,23,23,8,14,12,16,0,10,7,0,23,21,21,2,19,2,23,11,1,6,23,2,15,17,10,21,2,4,14,22,22,12,11,2,8,16,1,11,5,9,9,0,11,8,3,16,8,13,11,17,17,19,19,10,23,21,2,20,0,15,19,12,18,17,18,19,7,20,3,10,6,10,0,1,7,4,18,4,8,19,1,7,9,4,2,3,6,14,17,23,18,15,2,0,9,1,20,3,14,0,17,8,7,7,7,12,4,11,3,3,14,23,11,7,5,12,6,5,12,13,22,11,0,16,6,5,1,13,1,8,21,23,8,9,4,20,22,2,6,9,12,19,23,13,17,9,22,14,13,9,16,16,15,18,23,21,11,22,6,17,0,15,7,22,4,15,6,19,5,22,0,15,16,21,6,4,2,5,15,6,5,18,9,14,1,22,3,7,18,1,17,18,15,6,20,13,3,5,14,21,13,20,22,18,21,20,5,16,15,15,22,16,13,3,21,4,10,16,19,3,13,10,2,17,4,10,17,18,11,19,7,3,13,1,18,7,15,10,1,12,2,3,11,9,0,8,14,5,6,4
0.0428151815,0.0436529314,0.0446689400,0.0461238078,0.0470198353,0.0484896417,0.0483393538,0.0480328087,0.0485658937,0.0483852350,0.0488931278,0.0483212785,0.0432276851,0.0416713133,0.0408200045,0.0699777021,0.0719149625,0.0734340421,0.0759360543,0.0771984232,0.0789386473,0.0786823973,0.0796696112,0.0783605364,0.0790763889,0.0784079436,0.0770690754,0.0657973774,0.0641602281,0.0625314487,0.0678933685,0.0670775001,0.0675267203,0.0681962473,0.0673189274,0.0675501944,0.0684694099,0.0680010760,0.0677588787,0.0676780323,0.0673709451,0.0677221090,0.0607251214,0.0600632219,0.0613325361,0.0673536295,0.0685581079,0.0670907893,0.0675363546,0.0676084239,0.0672608389,0.0672088844,0.0671392787,0.0676336946,0.0672667306,0.0675080960,0.0669875370,0.0602120707,0.0611382774,0.0603373791,0.0667677878,0.0671878423,0.0671356270,0.0679306059,0.0673678496,0.0671845782,0.0672524716,0.0674667253,0.0679983043,0.0676453481,0.0671003886,0.0675026608,0.0605328603,0.0606182777,0.0600582293,0.0679894127,0.0667901733,0.0671383868,0.0675940064,0.0679548814,0.0672625587,0.0671552618,0.0672333212,0.0672811500,0.0673968655,0.0673004167,0.0674078911,0.0597439651,0.0599982470,0.0600394012,0.0675443770,0.0672751550,0.0670609960,0.0671705353,0.0672202430,0.0668600753,0.0672075214,0.0671410507,0.0673513885,0.0663651450,0.0675651711,0.0675123240,0.0607199302,0.0607933352,0.0602579601,0.0671478242,0.0672049787,0.0671217934,0.0675495843,0.0674554729,0.0673840599,0.0678348449,0.0673601506,0.0679044181,0.0675399710,0.0682439134,0.0677711454,0.0607981365,0.0608504483,0.0608630102,0.0677828285,0.0680743945,0.0681728300,0.0681866222,0.0682903010,0.0682354175,0.0677770207,0.0681660455,0.0678037088,0.0679445682,0.0680186442,0.0678313340,0.0604974648,0.0608771067,0.0609607245,0.0166992536,0.0166989499,0.0169005422,0.0167116086,0.0168252654,0.0166632741,0.0165588904,0.0164149100,0.0166623786,0.0163928829,0.0167316359,0.0165678540,0.0157650516,0.0159226375,0.0157741423,0.0058233780,0.0058220343,0.0057921499,0.0057891693,0.0058199862,0.0058334721,0.0058327063,0.0058264356,0.0057725473,0.0058058788,0.0057818798,0.0058405489,0.0055235116,0.0055422132,0.0055393377,0.0058117312,0.0058201908,0.0058364918,0.0058003454,0.0058368229,0.0058142687,0.0058352710,0.0058185800,0.0058407140,0.0057955492,0.0058255891,0.0057862424,0.0054735850,0.0055283635,0.0055210296,0.0058137043,0.0058389851,0.0058070344,0.0058410806,0.0057978739,0.0058097242,0.0057681000,0.0057731998,0.0058664357,0.0057663100,0.0058142571,0.0057736202,0.0055193732,0.0055014245,0.0055209785,0.0058027761,0.0058618198,0.0058310430,0.0058280641,0.0057889992,0.0058200413,0.0057914638,0.0057785086,0.0057932615,0.0058101678,0.0058219564,0.0058346673,0.0055254345,0.0055336866,0.0054613798,0.0058619930,0.0058010727,0.0057820336,0.0057984904,0.0057688938,0.0057438809,0.0058102813,0.0058524031,0.0058228176,0.0058086677,0.0058256157,0.0058068527,0.0055065694,0.0055081928,0.0055701330,0.0058074977,0.0057878550,0.0058198857,0.0057855377,0.0058353419,0.0057918252,0.0058005771,0.0058535041,0.0057837532,0.0058056408,0.0058468349,0.0058271953,0.0055048100,0.0055613275,0.0054954941,0.0058267134,0.0058013572,0.0057773433,0.0058147786,0.0057834539,0.0057990036,0.0057822563,0.0058265165,0.0057859131,0.0058071769,0.0057919273,0.0057884686,0.0055111768,0.0055119076,0.0054617563,0.0057876841,0.0058177311,0.0057790607,0.0058131760,0.0058368481,0.0058278241,0.0058435537,0.0058041335,0.0057516961,0.0057842146,0.0058091907,0.0058142513,0.0055569289,0.0054875158,0.0054937339,0.0058518154,0.0058277036,0.0058577164,0.0058075139,0.0058115060,0.0058162359,0.0058165678,0.0058157235,0.0058071756,0.0058075470,0.0058130889,0.0057776046,0.0055245674,0.0054765384,0.0054845984,0.0058225169,0.0058080443,0.0057965002,0.0057789121,0.0058181469,0.0057623790,0.0057950658,0.0058068995,0.0057931089,0.0058053793,0.0058514453,0.0057993829,0.0054923735,0.0055109410,0.0054960580,0.0058039831,0.0057936051,0.0058127695,0.0057673286,0.0058610121,0.0057474230,0.0058104622,0.0058210757,0.0057936842,0.0058053066,0.0057775334,0.0058242181,0.0055311903,0.0055014667,0.0054224109,0.0058439848,0.0058140553,0.0058007811,0.0058187335,0.0058222032,0.0058167769,0.0057742512,0.0058429230,0.0058032170,0.0057607122,0.0058086598,0.0058239185,0.0054767145,0.0055171872,0.0055116213,0.0058238369,0.0057692638,0.0058114321,0.0058135336,0.0057923978,0.0057785924,0.0058149655,0.0058301441,0.0058105589,0.0058251081,0.0058317481,0.0057810710,0.0054618302,0.0054816662,0.0055219102,0.0057735434,0.0058205845,0.0057903482,0.0057869416,0.0058072692,0.0057945563,0.0057855585,0.0058010176,0.0058211417,0.0057791823,0.0058080083,0.0058013743,0.0055232673,0.0055997857,0.0054915692,0.0058261165,0.0058261648,0.0058218492,0.0057927808,0.0057926346,0.0058295499,0.0058169175,0.0058175662,0.0058501565,0.0058082994,0.0057567709,0.0058334768,0.0054666737,0.0054940385,0.0054857700,0.0058273896,0.0058346783,0.0058044175,0.0058930112,0.0057998186,0.0058357948,0.0058404692,0.0058015258,0.0057881192,0.0058086107,0.0058288672,0.0057966067,0.0054637894,0.0055074294,0.0055707495,0.0057552565,0.0058013753,0.0057756190,0.0057979266,0.0057836130,0.0057737539,0.0057969652,0.0058071205,0.0058274240,0.0058072583,0.0058016379,0.0057687831,0.0055170493,0.0055126909,0.0055317823,0.0058264144,0.0057976771,0.0058402385,0.0058092504,0.0058297501,0.0057989478,0.0058399070,0.0058004882,0.0058328099,0.0058232188,0.0058149217,0.0058122849,0.0055127700,0.0055192848,0.0054926838,0.0049351589,0.0049461162,0.0049296102,0.0049312813,0.0049247763,0.0049412580,0.0049642610,0.0049043814,0.0049089944,0.0049481889,0.0048778496,0.0049470072,0.0046579805,0.0046517658,0.0046384876
8,5,2,23,22,10,18,19,12,4,1,0,9,21,20,1,10,2,19,21,22,18,7,1,6,8,14,9,7,8,3,4,21,16,18,21,11,15,8,12,3,1,14,15,16,12,13,1,23,16,0,21,19,16,6,7,12,16,13,11,4,10,15,20,9,3,5,13,17,9,4,23,7,5,12,22,0,8,22,17,5,11,18,20,23,3,17,18,4,0,17,15,3,11,5,15,14,8,6,2,22,13,20,19,10,6,2,0,2,10,7,17,0,19,20,5,12,23,2,1,23,4,10,13,19,18,9,14,14,6,20,9,11,22,21,13,14,15,16,3,6,7,11,20,11,17,7,3,16,21,8,5,12,20,1,5,10,0,20,22,5,13,8,6,2,4,11,14,16,19,0,9,19,14,12,1,17,12,4,20,10,13,23,18,14,23,23,8,14,12,16,0,10,7,0,23,21,21,2,19,2,23,11,1,6,23,2,15,17,10,21,2,4,14,22,22,12,11,2,8,16,1,11,5,9,9,0,11,8,3,16,8,13,11,17,17,19,19,10,23,21,2,20,0,15,19,12,18,17,18,19,7,20,3,10,6,10,0,1,7,4,18,4,8,19,1,7,9,4,2,3,6,14,17,23,18,15,2,0,9,1,20,3,14,0,17,8,7,7,7,12,4,11,3,3,14,23,11,7,5,12,6,5,12,13,22,11,0,16,6,5,1,13,1,8,21,23,8,9,4,20,22,2,6,9,12,19,23,13,17,9,22,14,13,9,16,16,15,18,23,21,11,22,6,17,0,15,7,22,4,15,6,19,5,22,0,15,16,21,6,4,2,5,15,6,5,18,9,14,1,22,3,7,18,1,17,18,15,6,20,13,3,5,14,21,13,20,22,18,21,20,5,16,15,15,22,16,13,3,21,4,10,16,19,3,13,10,2,17,4,10,17,18,11,19,7,3,13,1,18,7,15,10,1,12,2,3,11,9,0,8,14,5,6,4
0.0425316021,0.0431148463,0.0436410776,0.0450359808,0.0462365227,0.0483728279,0.0483101176,0.0479799772,0.0484296328,0.0481125807,0.0486258042,0.0485441658,0.0438793400,0.0418176608,0.0409697900,0.0698206277,0.0718426465,0.0739585996,0.0765507837,0.0785093011,0.0803275677,0.0805208316,0.0809589661,0.0805613498,0.0811898855,0.0809834147,0.0785417322,0.0664586019,0.0648558788,0.0631947400,0.0679352035,0.0668650797,0.0673698146,0.0684895376,0.0677569533,0.0673568832,0.0674907165,0.0683591283,0.0678545822,0.0677740622,0.0676481211,0.0679900893,0.0602977552,0.0599149787,0.0610221246,0.0675245659,0.0681308475,0.0672920607,0.0677025069,0.0676787010,0.0675233096,0.0670101978,0.0678223762,0.0674790098,0.0670646601,0.0676222064,0.0670849984,0.0605091308,0.0612415390,0.0600922842,0.0673262508,0.0677777244,0.0679577684,0.0678613945,0.0673776343,0.0672875080,0.0671857212,0.0676812142,0.0680947274,0.0674229615,0.0668473775,0.0674368614,0.0605980392,0.0608874803,0.0602781960,0.0671608279,0.0671037034,0.0674017721,0.0674103152,0.0675706404,0.0670678165,0.0674877219,0.0672369914,0.0673033389,0.0677875468,0.0666830551,0.0676017045,0.0600084386,0.0601873219,0.0604234690,0.0674028763,0.0673540935,0.0668491746,0.0677554584,0.0673044843,0.0669621192,0.0674114886,0.0669252979,0.0675780608,0.0675330824,0.0672841647,0.0674476136,0.0608123732,0.0606737277,0.0604323370,0.0678259795,0.0677007179,0.0677835289,0.0672693284,0.0679913698,0.0683434108,0.0679097765,0.0677823011,0.0678927685,0.0681302485,0.0676096684,0.0680044464,0.0605412396,0.0608599555,0.0613056465,0.0680890652,0.0677228213,0.0682508659,0.0680081138,0.0682573751,0.0684928168,0.0679555975,0.0683387275,0.0678582923,0.0682356173,0.0681670905,0.0678842706,0.0610649942,0.0607936113,0.0610289497,0.0167139995,0.0167047363,0.0168985747,0.0166993538,0.0167745196,0.0165916600,0.0165351714,0.0164679089,0.0166583935,0.0163461344,0.0166984573,0.0165016995,0.0157150033,0.0158666007,0.0157665663,0.0058127175,0.0058408578,0.0057989774,0.0057866960,0.0058255801,0.0058555532,0.0058404182,0.0058276917,0.0057848549,0.0058123213,0.0057940081,0.0058382474,0.0055281210,0.0055505693,0.0055326906,0.0058184490,0.0058370171,0.0058419014,0.0058049825,0.0058367934,0.0058171221,0.0058647421,0.0058073552,0.0058561567,0.0058078098,0.0058364343,0.0057969573,0.0054754218,0.0055377834,0.0055323807,0.0058034146,0.0058413773,0.0058178771,0.0058408444,0.0058152442,0.0058159168,0.0057683918,0.0057613577,0.0058709476,0.0057715602,0.0058135303,0.0057826032,0.0055178115,0.0055113690,0.0055477837,0.0058129191,0.0058801387,0.0058361606,0.0058033027,0.0057984917,0.0058194225,0.0058000139,0.0057792232,0.0058092496,0.0058075933,0.0058119913,0.0058324933,0.0055259431,0.0055498139,0.0054831064,0.0058649645,0.0058048253,0.0057970445,0.0058117167,0.0057771781,0.0057601270,0.0058077068,0.0058568827,0.0058088370,0.0058240067,0.0058228132,0.0058162072,0.0055102850,0.0055289206,0.0055705136,0.0058312488,0.0057878865,0.0058162563,0.0057886145,0.0058220250,0.0057884448,0.0058047452,0.0058548289,0.0057814817,0.0058198093,0.0058567006,0.0058256919,0.0055138674,0.0055539962,0.0054842332,0.0058304847,0.0057981616,0.0058001498,0.0058093156,0.0057881814,0.0058096123,0.0057740485,0.0058209143,0.0057900216,0.0058158095,0.0057943263,0.0057948908,0.0055191464,0.0055164945,0.0054584169,0.0057974832,0.0058131178,0.0057828640,0.0058156977,0.0058444458,0.0058227892,0.0058534511,0.0058111721,0.0057538176,0.0057842125,0.0058131942,0.0058214543,0.0055508238,0.0054987682,0.0054914928,0.0058426614,0.0058402213,0.0058606654,0.0058134964,0.0058144985,0.0058147676,0.0058133826,0.0058080103,0.0058082818,0.0058108247,0.0058052571,0.0057763524,0.0055326228,0.0054804140,0.0054756919,0.0058204151,0.0058026697,0.0058139414,0.0057955590,0.0058330034,0.0057732733,0.0057897130,0.0058112324,0.0058195079,0.0057956699,0.0058626736,0.0057994548,0.0054670620,0.0055181085,0.0055170381,0.0058166516,0.0058016467,0.0058164786,0.0057711556,0.0058590016,0.0057685219,0.0058122652,0.0058182311,0.0057955266,0.0058093863,0.0057843986,0.0058221637,0.0055383921,0.0055064131,0.0054318137,0.0058480765,0.0058304508,0.0058084533,0.0058217847,0.0058245212,0.0058254451,0.0057872553,0.0058191069,0.0058165498,0.0057561456,0.0058004325,0.0058267458,0.0054873652,0.0055192482,0.0055225538,0.0058252421,0.0057701356,0.0058147252,0.0058147515,0.0058015380,0.0057789029,0.0058204025,0.0058351180,0.0058148734,0.0058354214,0.0058414165,0.0057782821,0.0054584157,0.0054966829,0.0055166610,0.0057817397,0.0058195773,0.0058003186,0.0057905026,0.0058024103,0.0057785667,0.0057943060,0.0057910548,0.0058212508,0.0057835306,0.0057990065,0.0058046765,0.0055232234,0.0056097654,0.0055022747,0.0058387409,0.0058220673,0.0058267017,0.0057928158,0.0058002346,0.0058359812,0.0058207888,0.0058179813,0.0058567184,0.0058249115,0.0057577521,0.0058277693,0.0054739930,0.0054957697,0.0055064857,0.0058333181,0.0058399398,0.0058088397,0.0058049326,0.0058077530,0.0058408731,0.0058462023,0.0058046480,0.0057993914,0.0058118750,0.0058252055,0.0057962667,0.0054758658,0.0055057256,0.0055819977,0.0057640050,0.0058072739,0.0057706928,0.0058017575,0.0057956852,0.0057676499,0.0057851639,0.0058023808,0.0058150431,0.0058236140,0.0058090920,0.0057664082,0.0055218573,0.0055123068,0.0055198374,0.0058277506,0.0058029784,0.0058258794,0.0058051455,0.0058301526,0.0057949361,0.0058543338,0.0057995645,0.0058289576,0.0058256672,0.0058119487,0.0058128059,0.0055163761,0.0055206832,0.0055071605,0.0049375740,0.0049494423,0.0049434699,0.0049336742,0.0049197467,0.0049285626,0.0049651174,0.0049040509,0.0048956528,0.0049523769,0.0048864878,0.0049483040,0.0046744904,0.0046579230,0.0046519229
8,5,2,23,22,10,18,19,12,4,1,0,9,21,20,1,10,2,19,21,22,18,7,1,6,8,14,9,7,8,3,4,21,16,18,21,11,15,8,12,3,1,14,15,16,12,13,1,23,16,0,21,19,16,6,7,12,16,13,11,4,10,15,20,9,3,5,13,17,9,4,23,7,5,12,22,0,8,22,17,5,11,18,20,23,3,17,18,4,0,17,15,3,11,5,15,14,8,6,2,22,13,20,19,10,6,2,0,2,10,7,17,0,19,20,5,12,23,2,1,23,4,10,13,19,18,9,14,14,6,20,9,11,22,21,13,14,15,16,3,6,7,11,20,11,17,7,3,16,21,8,5,12,20,1,5,10,0,20,22,5,13,8,6,2,4,11,14,16,19,0,9,19,14,12,1,17,12,4,20,10,13,23,18,14,23,23,8,14,12,16,0,10,7,0,23,21,21,2,19,2,23,11,1,6,23,2,15,17,10,21,2,4,14,22,22,12,11,2,8,16,1,11,5,9,9,0,11,8,3,16,8,13,11,17,17,19,19,10,23,21,2,20,0,15,19,12,18,17,18,19,7,20,3,10,6,10,0,1,7,4,18,4,8,19,1,7,9,4,2,3,6,14,17,23,18,15,2,0,9,1,20,3,14,0,17,8,7,7,7,12,4,11,3,3,14,23,11,7,5,12,6,5,12,13,22,11,0,16,6,5,1,13,1,8,21,23,8,9,4,20,22,2,6,9,12,19,23,13,17,9,22,14,13,9,16,16,15,18,23,21,11,22,6,17,0,15,7,22,4,15,6,19,5,22,0,15,16,21,6,4,2,5,15,6,5,18,9,14,1,22,3,7,18,1,17,18,15,6,20,13,3,5,14,21,13,20,22,18,21,20,5,16,15,15,22,16,13,3,21,4,10,16,19,3,13,10,2,17,4,10,17,18,11,19,7,3,13,1,18,7,15,10,1,12,2,3,11,9,0,8,14,5,6,4
0.0423893440,0.0426407112,0.0430587956,0.0437789156,0.0451686265,0.0475470557,0.0484611307,0.0479235309,0.0481352947,0.0477735466,0.0483894523,0.0488976922,0.0444616084,0.0423633904,0.0411751767,0.0695928346,0.0726034059,0.0744174847,0.0772411125,0.0790543851,0.0813674203,0.0826521336,0.0825874281,0.0820524185,0.0827978356,0.0826913913,0.0804178160,0.0673061271,0.0649678018,0.0633740244,0.0682505671,0.0675207028,0.0677968753,0.0684116462,0.0680036555,0.0674391209,0.0681369336,0.0677961065,0.0674789151,0.0680257274,0.0674622681,0.0676908931,0.0608721009,0.0612212447,0.0614669417,0.0674780963,0.0685644883,0.0666388910,0.0673772671,0.0675988331,0.0673116945,0.0675666854,0.0673065689,0.0674912765,0.0674070087,0.0672329995,0.0674367573,0.0604995845,0.0609984384,0.0599799229,0.0670484205,0.0672908891,0.0674511174,0.0677648417,0.0677343814,0.0671263067,0.0669686105,0.0671404924,0.0673909214,0.0673341003,0.0668714767,0.0674967300,0.0602171316,0.0601191212,0.0604477018,0.0669268390,0.0668804198,0.0674034849,0.0672283572,0.0678890826,0.0671795557,0.0672037047,0.0677098979,0.0678876372,0.0672950199,0.0673809435,0.0676086703,0.0602356320,0.0599190644,0.0604042273,0.0674447494,0.0674044905,0.0674421031,0.0666258082,0.0670796971,0.0668031621,0.0677716270,0.0674617235,0.0675134529,0.0671960081,0.0671004278,0.0674055194,0.0608587290,0.0605514545,0.0599618087,0.0674861614,0.0674401375,0.0677655104,0.0676702695,0.0674235881,0.0676770461,0.0673887766,0.0679258097,0.0678316331,0.0681796830,0.0672076161,0.0679583030,0.0608250061,0.0609767776,0.0608341955,0.0676418741,0.0678523292,0.0684309170,0.0682695903,0.0682108145,0.0684407161,0.0677550685,0.0685086506,0.0686256489,0.0676856467,0.0681391963,0.0679605534,0.0608437906,0.0611182870,0.0606657228,0.0167303561,0.0166514199,0.0168005009,0.0167262729,0.0167430691,0.0165057280,0.0165970753,0.0164854808,0.0166402244,0.0163998999,0.0167250281,0.0166011614,0.0156832099,0.0159149924,0.0157688485,0.0058067862,0.0058337728,0.0057857318,0.0057858319,0.0058242955,0.0058455172,0.0058306247,0.0058199045,0.0057862974,0.0058121179,0.0057815090,0.0058256429,0.0055107396,0.0055520011,0.0055255472,0.0058030006,0.0058288938,0.0058379619,0.0058074133,0.0058486745,0.0058028384,0.0058457805,0.0058034592,0.0058527301,0.0057948217,0.0058131410,0.0058042118,0.0054702871,0.0055249824,0.0055258614,0.0058077068,0.0058291255,0.0058230119,0.0058408491,0.0057997236,0.0058188575,0.0057706368,0.0057630448,0.0058612033,0.0057659660,0.0058033672,0.0057771080,0.0055205248,0.0054994245,0.0055362342,0.0058129908,0.0058668770,0.0058317017,0.0058186086,0.0057831781,0.0058043266,0.0058004562,0.0057681679,0.0057977162,0.0058077562,0.0058181112,0.0058423113,0.0055168249,0.0055501406,0.0054668792,0.0058655450,0.0057992861,0.0057866538,0.0057907132,0.0057787455,0.0057674970,0.0058052257,0.0058547626,0.0058040908,0.0058071296,0.0058134109,0.0058033752,0.0054975214,0.0055271300,0.0055678406,0.0058107393,0.0057969088,0.0058150871,0.0057861051,0.0058359104,0.0057781862,0.0058018895,0.0058515758,0.0057839455,0.0058111716,0.0058476559,0.0058211659,0.0055060199,0.0055454824,0.0054844739,0.0058252885,0.0058027284,0.0057854775,0.0058117815,0.0057858969,0.0057950559,0.0057808018,0.0058243962,0.0057805934,0.0058005832,0.0057917052,0.0057862696,0.0055153766,0.0055129506,0.0054623053,0.0057947241,0.0058275663,0.0057847120,0.0058028963,0.0058445146,0.0058195280,0.0058466864,0.0057983564,0.0057443407,0.0057839652,0.0057941724,0.0058100878,0.0055630006,0.0054944134,0.0054833233,0.0058433056,0.0058387202,0.0058445211,0.0058090098,0.0058107842,0.0058276304,0.0058101939,0.0058068855,0.0058010149,0.0058124004,0.0058025132,0.0057671612,0.0055218296,0.0054713726,0.0054762017,0.0058155773,0.0058064989,0.0058007639,0.0057946343,0.0058198735,0.0057646328,0.0057964293,0.0058196891,0.0058019362,0.0057901387,0.0058443556,0.0057987296,0.0054761392,0.0055159185,0.0055085277,0.0058108337,0.0058008718,0.0058171276,0.0057669563,0.0058505306,0.0057573456,0.0058035453,0.0058115350,0.0057906265,0.0058018343,0.0057814775,0.0058146346,0.0055228777,0.0055043588,0.0054273280,0.0058539784,0.0058091117,0.0058059490,0.0058216185,0.0058273093,0.0058156038,0.0057848565,0.0058248005,0.0058095148,0.0057636882,0.0058054618,0.0058231111,0.0054737972,0.0055179786,0.0055143445,0.0058177368,0.0057733777,0.0058095457,0.0058116844,0.0057962838,0.0057916566,0.0058080500,0.0058260672,0.0058089925,0.0058298322,0.0058317762,0.0057727471,0.0054617421,0.0054912365,0.0055169378,0.0057750349,0.0058132140,0.0057970790,0.0057886703,0.0058046621,0.0057868557,0.0057907553,0.0057984876,0.0058092811,0.0057949639,0.0057857733,0.0058062771,0.0055210443,0.0055961096,0.0055029610,0.0058260538,0.0058131394,0.0058136407,0.0057831232,0.0057983116,0.0058295954,0.0058045368,0.0058123324,0.0058497569,0.0058133340,0.0057543492,0.0058194907,0.0054659822,0.0054960652,0.0054813626,0.0058175493,0.0058443801,0.0057947275,0.0057973766,0.0058013206,0.0058365220,0.0058284216,0.0057913252,0.0057859752,0.0058021490,0.0058166351,0.0058075209,0.0054668386,0.0055003861,0.0055731896,0.0057479904,0.0057963948,0.0057777971,0.0057947820,0.0057880890,0.0057640474,0.0057919107,0.0058077855,0.0058253992,0.0058199263,0.0057956364,0.0057725708,0.0055133607,0.0055062186,0.0055284454,0.0058256687,0.0058070770,0.0058214780,0.0057945318,0.0058193045,0.0057975418,0.0058463895,0.0058018676,0.0058256593,0.0058255653,0.0058161945,0.0058031102,0.0055041166,0.0055204524,0.0055085005,0.0049371756,0.0049575404,0.0049312275,0.0049207134,0.0049277222,0.0049235843,0.0049573731,0.0049043330,0.0049062971,0.0049365636,0.0048922799,0.0049462880,0.0046546005,0.0046577333,0.0046303657
8,5,2,23,22,10,18,19,12,4,1,0,9,21,20,1,10,2,19,21,22,18,7,1,6,8,14,9,7,8,3,4,21,16,18,21,11,15,8,12,3,1,14,15,16,12,13,1,23,16,0,21,19,16,6,7,12,16,13,11,4,10,15,20,9,3,5,13,17,9,4,23,7,5,12,22,0,8,22,17,5,11,18,20,23,3,17,18,4,0,17,15,3,11,5,15,14,8,6,2,22,13,20,19,10,6,2,0,2,10,7,17,0,19,20,5,12,23,2,1,23,4,10,13,19,18,9,14,14,6,20,9,11,22,21,13,14,15,16,3,6,7,11,20,11,17,7,3,16,21,8,5,12,20,1,5,10,0,20,22,5,13,8,6,2,4,11,14,16,19,0,9,19,14,12,1,17,12,4,20,10,13,23,18,14,23,23,8,14,12,16,0,10,7,0,23,21,21,2,19,2,23,11,1,6,23,2,15,17,10,21,2,4,14,22,22,12,11,2,8,16,1,11,5,9,9,0,11,8,3,16,8,13,11,17,17,19,19,10,23,21,2,20,0,15,19,12,18,17,18,19,7,20,3,10,6,10,0,1,7,4,18,4,8,19,1,7,9,4,2,3,6,14,17,23,18,15,2,0,9,1,20,3,14,0,17,8,7,7,7,12,4,11,3,3,14,23,11,7,5,12,6,5,12,13,22,11,0,16,6,5,1,13,1,8,21,23,8,9,4,20,22,2,6,9,12,19,23,13,17,9,22,14,13,9,16,16,15,18,23,21,11,22,6,17,0,15,7,22,4,15,6,19,5,22,0,15,16,21,6,4,2,5,15,6,5,18,9,14,1,22,3,7,18,1,17,18,15,6,20,13,3,5,14,21,13,20,22,18,21,20,5,16,15,15,22,16,13,3,21,4,10,16,19,3,13,10,2,17,4,10,17,18,11,19,7,3,13,1,18,7,15,10,1,12,2,3,11,9,0,8,14,5,6,4
0.0425859436,0.0431962146,0.0434774854,0.0438725770,0.0440674266,0.0461320191,0.0484411069,0.0482393230,0.0483297796,0.0473433404,0.0480050953,0.0491382165,0.0445219315,0.0434947431,0.0420506446,0.0705213599,0.0737940229,0.0746627636,0.0775428206,0.0793388502,0.0804951196,0.0829492302,0.0834935119,0.0827455219,0.0839400535,0.0841529214,0.0824181257,0.0692083109,0.0664633359,0.0642767046,0.0679806982,0.0672392655,0.0683532413,0.0696334713,0.0686608170,0.0688117277,0.0686976487,0.0688672242,0.0688133894,0.0686110944,0.0683989440,0.0681244330,0.0610023690,0.0606766790,0.0613300541,0.0679319000,0.0683271422,0.0677539698,0.0675570171,0.0680765213,0.0676528216,0.0676634380,0.0670968496,0.0674776813,0.0674985379,0.0678559133,0.0672216447,0.0606832438,0.0611927998,0.0606671033,0.0672743331,0.0678185341,0.0674226476,0.0676456132,0.0675478982,0.0677003885,0.0678812151,0.0678509756,0.0680532938,0.0675208990,0.0672141280,0.0673910201,0.0604866277,0.0600497002,0.0601267667,0.0674841237,0.0677797315,0.0672565851,0.0674420113,0.0671130293,0.0674346844,0.0671799986,0.0677722336,0.0675404788,0.0673042804,0.0670709648,0.0676754459,0.0599829823,0.0599846742,0.0604249232,0.0678563437,0.0671338634,0.0674778326,0.0672855288,0.0666191343,0.0669590511,0.0673668672,0.0672285217,0.0670964096,0.0668993757,0.0674546119,0.0675465241,0.0608362427,0.0609243797,0.0605660901,0.0676147868,0.0675713467,0.0681218323,0.0675135510,0.0678142132,0.0678694241,0.0683402241,0.0682667571,0.0676739119,0.0679546386,0.0678603755,0.0677585074,0.0607119162,0.0606059478,0.0606349935,0.0682729279,0.0680311968,0.0679396429,0.0679698957,0.0682349681,0.0684150724,0.0678039995,0.0682321736,0.0682821172,0.0676287011,0.0677286518,0.0678515533,0.0596463196,0.0608813436,0.0610753335,0.0167085109,0.0166852260,0.0168701176,0.0166668896,0.0167740727,0.0166039050,0.0165936419,0.0165136812,0.0166193579,0.0164302542,0.0167231326,0.0165152832,0.0157256651,0.0158356777,0.0158036925,0.0058137117,0.0058364871,0.0057882240,0.0057806896,0.0058199230,0.0058368613,0.0058285683,0.0058284638,0.0057898732,0.0058141700,0.0057790050,0.0058396506,0.0055255361,0.0055338249,0.0055300528,0.0058342625,0.0058326611,0.0058381912,0.0058054959,0.0058419543,0.0058213426,0.0058362641,0.0058161670,0.0058588118,0.0057911590,0.0058237249,0.0057943336,0.0054663801,0.0055389860,0.0055268534,0.0058139625,0.0058471157,0.0058193801,0.0058383852,0.0058025625,0.0058113750,0.0057667543,0.0057662555,0.0058721912,0.0057722636,0.0058153074,0.0057743514,0.0055162619,0.0055071309,0.0055428055,0.0058141745,0.0058660345,0.0058332916,0.0058121939,0.0057977207,0.0057958023,0.0058011873,0.0057720510,0.0057967657,0.0058074703,0.0058132952,0.0058348594,0.0055241081,0.0055345842,0.0054545633,0.0058626708,0.0058054514,0.0057967522,0.0057984852,0.0057879813,0.0057529398,0.0057988598,0.0058480394,0.0058113909,0.0058289873,0.0058266745,0.0058120046,0.0054988407,0.0055157969,0.0055739088,0.0058098939,0.0057855231,0.0058113721,0.0057887146,0.0058339332,0.0057981430,0.0058020984,0.0058545959,0.0057822220,0.0058042651,0.0058422743,0.0058317881,0.0055195504,0.0055523395,0.0054933570,0.0058352496,0.0057966623,0.0057710109,0.0058051438,0.0057974005,0.0058041628,0.0057860506,0.0058236015,0.0057841367,0.0058281020,0.0057977757,0.0057879027,0.0055175061,0.0055120188,0.0054608286,0.0057977185,0.0058139855,0.0057769612,0.0058047524,0.0058463952,0.0058183559,0.0058459281,0.0058094839,0.0057474392,0.0057717951,0.0058073462,0.0058123466,0.0055581047,0.0054876458,0.0054859769,0.0058381131,0.0058383357,0.0058654945,0.0058140068,0.0058137095,0.0058106841,0.0058270161,0.0058062431,0.0058109013,0.0058140287,0.0057995737,0.0057723355,0.0055246801,0.0054790581,0.0055258242,0.0058145631,0.0057957862,0.0058005284,0.0058026312,0.0058291356,0.0057700787,0.0057942907,0.0058189092,0.0058220712,0.0057965462,0.0058587617,0.0057943393,0.0054779774,0.0055167891,0.0055021694,0.0058181930,0.0058025451,0.0058168513,0.0057680188,0.0058584086,0.0057616055,0.0058056467,0.0058077979,0.0057932830,0.0058013689,0.0057749398,0.0058161257,0.0055351810,0.0055051991,0.0054242949,0.0058593033,0.0058158275,0.0058058062,0.0058173760,0.0058196267,0.0058218109,0.0057821708,0.0058295679,0.0058081655,0.0057573566,0.0058084632,0.0058286245,0.0054854180,0.0055242998,0.0055105848,0.0058167815,0.0057769160,0.0058143568,0.0058198941,0.0058005838,0.0057853827,0.0058156764,0.0058344795,0.0058035002,0.0058317569,0.0058431518,0.0057740436,0.0054692315,0.0054941351,0.0055080422,0.0057855238,0.0058183843,0.0058068986,0.0057888991,0.0058060818,0.0057925989,0.0057960785,0.0058012078,0.0058187804,0.0057890266,0.0057956630,0.0058087973,0.0055209621,0.0056239141,0.0054929200,0.0058292136,0.0058208358,0.0058309891,0.0057967800,0.0057989436,0.0058257504,0.0058149046,0.0058128510,0.0058593598,0.0058049182,0.0057585128,0.0058306142,0.0054743461,0.0054774572,0.0054939374,0.0058252194,0.0058266511,0.0058021435,0.0057973492,0.0057988401,0.0058369749,0.0058307405,0.0058019194,0.0058097029,0.0058162564,0.0058280557,0.0057994214,0.0054716643,0.0054983201,0.0055814398,0.0057601236,0.0057960672,0.0057666665,0.0058046639,0.0057994742,0.0057780880,0.0057886917,0.0058160410,0.0058182385,0.0058331027,0.0058020687,0.0057884369,0.0055066467,0.0055068605,0.0055250101,0.0058278805,0.0058079092,0.0058229767,0.0057935554,0.0058204459,0.0058008448,0.0058460638,0.0057957337,0.0058170890,0.0058323273,0.0058306863,0.0058147224,0.0055077480,0.0055223195,0.0054992087,0.0049248325,0.0049531424,0.0049349303,0.0049233604,0.0049226640,0.0049331579,0.0049657876,0.0049072436,0.0049087054,0.0049424951,0.0048824438,0.0049485936,0.0046710316,0.0046686574,0.0046417754
8,5,2,23,22,10,18,19,12,4,1,0,9,21,20,1,10,2,19,21,22,18,7,1,6,8,14,9,7,8,3,4,21,16,18,21,11,15,8,12,3,1,14,15,16,12,13,1,23,16,0,21,19,16,6,7,12,16,13,11,4,10,15,20,9,3,5,13,17,9,4,23,7,5,12,22,0,8,22,17,5,11,18,20,23,3,17,18,4,0,17,15,3,11,5,15,14,8,6,2,22,13,20,19,10,6,2,0,2,10,7,17,0,19,20,5,12,23,2,1,23,4,10,13,19,18,9,14,14,6,20,9,11,22,21,13,14,15,16,3,6,7,11,20,11,17,7,3,16,21,8,5,12,20,1,5,10,0,20,22,5,13,8,6,2,4,11,14,16,19,0,9,19,14,12,1,17,12,4,20,10,13,23,18,14,23,23,8,14,12,16,0,10,7,0,23,21,21,2,19,2,23,11,1,6,23,2,15,17,10,21,2,4,14,22,22,12,11,2,8,16,1,11,5,9,9,0,11,8,3,16,8,13,11,17,17,19,19,10,23,21,2,20,0,15,19,12,18,17,18,19,7,20,3,10,6,10,0,1,7,4,18,4,8,19,1,7,9,4,2,3,6,14,17,23,18,15,2,0,9,1,20,3,14,0,17,8,7,7,7,12,4,11,3,3,14,23,11,7,5,12,6,5,12,13,22,11,0,16,6,5,1,13,1,8,21,23,8,9,4,20,22,2,6,9,12,19,23,13,17,9,22,14,13,9,16,16,15,18,23,21,11,22,6,17,0,15,7,22,4,15,6,19,5,22,0,15,16,21,6,4,2,5,15,6,5,18,9,14,1,22,3,7,18,1,17,18,15,6,20,13,3,5,14,21,13,20,22,18,21,20,5,16,15,15,22,16,13,3,21,4,10,16,19,3,13,10,2,17,4,10,17,18,11,19,7,3,13,1,18,7,15,10,1,12,2,3,11,9,0,8,14,5,6,4
0.0426767942,0.0432971322,0.0444290433,0.0447069533,0.0442164265,0.0447218365,0.0472550519,0.0477788541,0.0475533562,0.0472657528,0.0487744548,0.0498073977,0.0465452791,0.0436855214,0.0425830408,0.0706111810,0.0731681049,0.0744235219,0.0762886596,0.0765282494,0.0762572295,0.0768802580,0.0771620907,0.0777811074,0.0811977444,0.0832071985,0.0834307633,0.0701845698,0.0674050480,0.0643107513,0.0681325706,0.0684686419,0.0695150727,0.0717095722,0.0723080943,0.0739958019,0.0760619735,0.0764361582,0.0750588979,0.0733409152,0.0712897283,0.0698518572,0.0617978025,0.0611852522,0.0616074931,0.0675129453,0.0683455527,0.0673259094,0.0674259098,0.0675787614,0.0673454318,0.0676989169,0.0677378173,0.0676594294,0.0679630544,0.0670783460,0.0676416975,0.0604793936,0.0614295437,0.0598340207,0.0670658584,0.0675859576,0.0673279647,0.0681705427,0.0676257066,0.0671888492,0.0677513755,0.0671519668,0.0681186664,0.0675094322,0.0676801598,0.0674928721,0.0608245099,0.0606443932,0.0605588311,0.0677409969,0.0671148588,0.0674862298,0.0670529158,0.0676268153,0.0675835963,0.0670155979,0.0679467948,0.0676190287,0.0672648108,0.0673965718,0.0670754951,0.0603882341,0.0599882239,0.0599457409,0.0677906534,0.0672515391,0.0672589176,0.0670197494,0.0673426876,0.0669176224,0.0672818411,0.0667756296,0.0672322919,0.0668259120,0.0670048266,0.0669591360,0.0606390567,0.0607939128,0.0604744528,0.0676206574,0.0673690634,0.0673452447,0.0676146784,0.0680155912,0.0677979049,0.0679315766,0.0679139930,0.0677987489,0.0675749088,0.0670789693,0.0674730919,0.0609735237,0.0609580205,0.0604974055,0.0679586534,0.0679433875,0.0683123074,0.0679055994,0.0683630055,0.0685619291,0.0681148255,0.0679078623,0.0681595397,0.0680886065,0.0677484931,0.0678095247,0.0600898979,0.0608833786,0.0607335642,0.0166841904,0.0166937405,0.0168327538,0.0167331422,0.0168395015,0.0165724538,0.0166111507,0.0164807126,0.0166706782,0.0163718181,0.0167001674,0.0166176633,0.0157406430,0.0159149564,0.0157549986,0.0058101923,0.0058344338,0.0057891635,0.0057781068,0.0058257382,0.0058454381,0.0058236609,0.0058204990,0.0057822180,0.0058071541,0.0057907493,0.0058473132,0.0055254156,0.0055366344,0.0055326033,0.0058135009,0.0058325820,0.0058477238,0.0058135117,0.0058404347,0.0058118096,0.0058461961,0.0058125021,0.0058540023,0.0058033153,0.0058187234,0.0057892642,0.0054739840,0.0055446364,0.0055291514,0.0058139442,0.0058464455,0.0058128462,0.0058456789,0.0058054404,0.0058075383,0.0057589688,0.0057627439,0.0058850169,0.0057891728,0.0058058842,0.0057698407,0.0055255446,0.0055095389,0.0055316976,0.0058116341,0.0058572407,0.0058116601,0.0058077187,0.0057868465,0.0057962216,0.0057901406,0.0057891820,0.0057932955,0.0058176956,0.0058116778,0.0058409564,0.0055299813,0.0055452355,0.0054675632,0.0058548747,0.0058003818,0.0057959926,0.0058120205,0.0057860242,0.0057580601,0.0058215311,0.0058592231,0.0058187389,0.0057988767,0.0058269826,0.0058096316,0.0055017962,0.0055288918,0.0055746404,0.0058097011,0.0057997384,0.0058123769,0.0057951371,0.0058407003,0.0057918488,0.0058103008,0.0058658055,0.0057853519,0.0058167640,0.0058469873,0.0058255511,0.0055100342,0.0055670749,0.0054912503,0.0058283038,0.0057957769,0.0057774629,0.0058126672,0.0057929325,0.0058037178,0.0057827225,0.0058210924,0.0057867253,0.0058225969,0.0058054763,0.0057888844,0.0055259569,0.0055022069,0.0054636696,0.0058076231,0.0058105678,0.0057814998,0.0058017141,0.0058395464,0.0058332458,0.0058482182,0.0058190483,0.0057517523,0.0057901373,0.0058138071,0.0058184450,0.0055663371,0.0055003296,0.0054756083,0.0058400483,0.0058375264,0.0058661157,0.0058197519,0.0058113005,0.0058127059,0.0058223633,0.0058086082,0.0058003120,0.0058198158,0.0058003049,0.0057776806,0.0055105719,0.0054785151,0.0054693317,0.0058221078,0.0058064110,0.0058039998,0.0058038554,0.0058307010,0.0057783978,0.0057943647,0.0058186041,0.0058119192,0.0057865578,0.0058534736,0.0058034938,0.0054841527,0.0055245843,0.0055072193,0.0058113829,0.0057957494,0.0058208817,0.0057739498,0.0058669005,0.0057569971,0.0058103144,0.0058067158,0.0057984629,0.0058089024,0.0057860744,0.0058193912,0.0055395222,0.0055041973,0.0054240626,0.0058431518,0.0058165121,0.0057984594,0.0058262149,0.0058338260,0.0058209078,0.0057895793,0.0058260166,0.0058092877,0.0057585468,0.0058167876,0.0058227758,0.0054741774,0.0055497886,0.0055179622,0.0058186144,0.0057675703,0.0058149459,0.0058254059,0.0057943418,0.0057908042,0.0058239141,0.0058467679,0.0058034911,0.0058332892,0.0058353646,0.0057902872,0.0054578721,0.0054882808,0.0055191266,0.0057732256,0.0058261657,0.0058135634,0.0057958737,0.0058150337,0.0058022652,0.0057989799,0.0057856085,0.0058162905,0.0057935670,0.0057842436,0.0058130832,0.0055296735,0.0055998693,0.0055049038,0.0058385855,0.0058194706,0.0058432224,0.0058036581,0.0058153102,0.0058369346,0.0058147820,0.0058178615,0.0058546271,0.0058186760,0.0057566438,0.0058231561,0.0054711700,0.0055001974,0.0054805291,0.0058191546,0.0058480913,0.0058045455,0.0058104826,0.0057978448,0.0058442152,0.0058236655,0.0058110411,0.0057897003,0.0058063556,0.0058311001,0.0057971085,0.0054708110,0.0054958760,0.0055733068,0.0057530089,0.0058069984,0.0057804230,0.0058048986,0.0057949923,0.0057857304,0.0057889761,0.0058260641,0.0058247961,0.0058165902,0.0058097807,0.0057783122,0.0055184905,0.0054944448,0.0055195380,0.0058428598,0.0058059587,0.0058170834,0.0058034200,0.0058354755,0.0058013407,0.0058544690,0.0057969347,0.0058301923,0.0058317554,0.0058250914,0.0058078528,0.0055116380,0.0055191571,0.0055017840,0.0049429153,0.0049574109,0.0049373460,0.0049293229,0.0049349850,0.0049352793,0.0049547984,0.0049016862,0.0049074796,0.0049417766,0.0048829595,0.0049490790,0.0046710379,0.0046574059,0.0046425136
8,5,2,23,22,10,18,19,12,4,1,0,9,21,20,1,10,2,19,21,22,18,7,1,6,8,14,9,7,8,3,4,21,16,18,21,11,15,8,12,3,1,14,15,16,12,13,1,23,16,0,21,19,16,6,7,12,16,13,11,4,10,15,20,9,3,5,13,17,9,4,23,7,5,12,22,0,8,22,17,5,11,18,20,23,3,17,18,4,0,17,15,3,11,5,15,14,8,6,2,22,13,20,19,10,6,2,0,2,10,7,17,0,19,20,5,12,23,2,1,23,4,10,13,19,18,9,14,14,6,20,9,11,22,21,13,14,15,16,3,6,7,11,20,11,17,7,3,16,21,8,5,12,20,1,5,10,0,20,22,5,13,8,6,2,4,11,14,16,19,0,9,19,14,12,1,17,12,4,20,10,13,23,18,14,23,23,8,14,12,16,0,10,7,0,23,21,21,2,19,2,23,11,1,6,23,2,15,17,10,21,2,4,14,22,22,12,11,2,8,16,1,11,5,9,9,0,11,8,3,16,8,13,11,17,17,19,19,10,23,21,2,20,0,15,19,12,18,17,18,19,7,20,3,10,6,10,0,1,7,4,18,4,8,19,1,7,9,4,2,3,6,14,17,23,18,15,2,0,9,1,20,3,14,0,17,8,7,7,7,12,4,11,3,3,14,23,11,7,5,12,6,5,12,13,22,11,0,16,6,5,1,13,1,8,21,23,8,9,4,20,22,2,6,9,12,19,23,13,17,9,22,14,13,9,16,16,15,18,23,21,11,22,6,17,0,15,7,22,4,15,6,19,5,22,0,15,16,21,6,4,2,5,15,6,5,18,9,14,1,22,3,7,18,1,17,18,15,6,20,13,3,5,14,21,13,20,22,18,21,20,5,16,15,15,22,16,13,3,21,4,10,16,19,3,13,10,2,17,4,10,17,18,11,19,7,3,13,1,18,7,15,10,1,12,2,3,11,9,0,8,14,5,6,4
0.0425865891,0.0439986773,0.0447200617,0.0454044998,0.0450314814,0.0441587136,0.0447540023,0.0435568198,0.0457876879,0.0475241989,0.0493473473,0.0513582009,0.0474887536,0.0448872506,0.0432843296,0.0699335868,0.0727531657,0.0741152392,0.0740426047,0.0715055640,0.0674598109,0.0651566485,0.0644250766,0.0667049319,0.0736670493,0.0801220344,0.0827640579,0.0707910716,0.0672364570,0.0646506917,0.0686433995,0.0691252490,0.0710466343,0.0750770101,0.0784719091,0.0834670455,0.0885840166,0.0898470805,0.0867383494,0.0820518420,0.0760460637,0.0723124190,0.0626848617,0.0616471693,0.0618365716,0.0676658675,0.0679587203,0.0673764720,0.0675853733,0.0676655558,0.0674095722,0.0672668705,0.0671790013,0.0676704093,0.0679211867,0.0669417901,0.0677021833,0.0605819246,0.0613310396,0.0598759392,0.0675055159,0.0675620210,0.0674204399,0.0677405319,0.0674088859,0.0667957483,0.0669940362,0.0676842868,0.0678019909,0.0680177564,0.0671988909,0.0674352286,0.0607048015,0.0606402305,0.0604419002,0.0672904682,0.0671704036,0.0667936803,0.0668309544,0.0672095778,0.0674995888,0.0674061471,0.0679339754,0.0675223526,0.0677178367,0.0671955706,0.0672989984,0.0609070907,0.0604644598,0.0599935679,0.0676996310,0.0673601827,0.0673241311,0.0674037666,0.0673091034,0.0672680876,0.0671762607,0.0672109798,0.0676561478,0.0674314049,0.0667482084,0.0675957918,0.0603535387,0.0602720707,0.0600135993,0.0677760568,0.0675862381,0.0677851196,0.0675561138,0.0680810249,0.0672755469,0.0674246475,0.0675961326,0.0676854983,0.0681241681,0.0680627220,0.0680354780,0.0613254164,0.0607092807,0.0608911210,0.0684732008,0.0682906033,0.0677915458,0.0682026396,0.0680496596,0.0685852099,0.0680537627,0.0681011968,0.0682530200,0.0684513221,0.0681258476,0.0677180917,0.0608900356,0.0604188684,0.0602978730,0.0167139058,0.0167041729,0.0168201944,0.0167289568,0.0167238169,0.0166303781,0.0165654947,0.0164701729,0.0166533621,0.0164110259,0.0167164359,0.0164792772,0.0157540334,0.0158219758,0.0158066651,0.0058093173,0.0058291861,0.0057950248,0.0057981842,0.0058220677,0.0058433476,0.0058331524,0.0058186252,0.0057880373,0.0058062640,0.0057820646,0.0058338336,0.0055262790,0.0055342991,0.0055254940,0.0058133688,0.0058436388,0.0058447938,0.0058191694,0.0058480895,0.0058166008,0.0058331683,0.0058236569,0.0058587225,0.0058030950,0.0058353127,0.0058005187,0.0054799825,0.0055295488,0.0055331258,0.0058078988,0.0058500549,0.0058199968,0.0058360143,0.0058075486,0.0058177921,0.0057673181,0.0057545196,0.0058737373,0.0057779746,0.0058084357,0.0057890706,0.0055160109,0.0055181231,0.0055422626,0.0058144257,0.0058583591,0.0058211412,0.0058201789,0.0057956451,0.0058044349,0.0057965094,0.0057848549,0.0058068105,0.0058060193,0.0058238159,0.0058370219,0.0055207542,0.0055433162,0.0054584532,0.0058709133,0.0058042586,0.0057962453,0.0058094669,0.0057921603,0.0057651631,0.0058086378,0.0058610753,0.0058205020,0.0058216710,0.0058239891,0.0058170880,0.0055097058,0.0055216366,0.0055646534,0.0058125994,0.0057884095,0.0058359527,0.0057991654,0.0058234482,0.0057977053,0.0058093251,0.0058494933,0.0057964109,0.0058028722,0.0058478269,0.0058259047,0.0055220647,0.0055532666,0.0054752171,0.0058220406,0.0058085093,0.0057822391,0.0058123722,0.0057898776,0.0058076751,0.0057705722,0.0058275851,0.0057836241,0.0058079491,0.0058058903,0.0057869865,0.0055180493,0.0055174266,0.0054581275,0.0057963205,0.0058194495,0.0057824732,0.0058120688,0.0058481939,0.0058230365,0.0058533233,0.0058039113,0.0057560686,0.0057825356,0.0058131815,0.0058087379,0.0055557167,0.0054882570,0.0054998100,0.0058427272,0.0058323490,0.0058558640,0.0058083618,0.0058189027,0.0058238280,0.0058264937,0.0058192921,0.0058022449,0.0058121956,0.0058089674,0.0057708355,0.0055259901,0.0054759356,0.0054729144,0.0058142373,0.0058094055,0.0058127118,0.0057940440,0.0058342161,0.0057717124,0.0057903558,0.0058118703,0.0058220223,0.0058030111,0.0058542961,0.0058047289,0.0054830339,0.0055190269,0.0054992740,0.0058190534,0.0057980680,0.0058238013,0.0057727094,0.0058596593,0.0057544346,0.0058105925,0.0058153666,0.0057921175,0.0057989043,0.0057744226,0.0058224349,0.0055286496,0.0055067936,0.0054221969,0.0058507465,0.0058123883,0.0058208949,0.0058241895,0.0058302517,0.0058251333,0.0057928552,0.0058298556,0.0058032681,0.0057561033,0.0058022251,0.0058248367,0.0054790090,0.0055243997,0.0055197262,0.0058217681,0.0057734687,0.0058264032,0.0058135855,0.0057915478,0.0057897603,0.0058158539,0.0058299424,0.0058110383,0.0058318354,0.0058453736,0.0057758777,0.0054601998,0.0054889261,0.0055105460,0.0057793577,0.0058190879,0.0058102823,0.0057922984,0.0058057608,0.0057904155,0.0057865364,0.0057971292,0.0058109704,0.0057920144,0.0057949429,0.0057987117,0.0055220562,0.0056084815,0.0054945318,0.0058308049,0.0058159234,0.0058271457,0.0057949913,0.0058004591,0.0058267387,0.0058253449,0.0058169302,0.0058519987,0.0058168355,0.0057562506,0.0058286402,0.0054689399,0.0054961595,0.0054933438,0.0058269804,0.0058383674,0.0057992517,0.0057979141,0.0058010858,0.0058288597,0.0058426846,0.0058014401,0.0057987635,0.0058016651,0.0058083082,0.0057956403,0.0054695003,0.0054991556,0.0055798312,0.0057465090,0.0057981567,0.0057845390,0.0058018977,0.0057910675,0.0057657741,0.0057888522,0.0058010726,0.0058265799,0.0058205014,0.0057962059,0.0057714644,0.0055176553,0.0055000430,0.0055341840,0.0058270600,0.0058068944,0.0058281964,0.0057952897,0.0058119897,0.0057939985,0.0058563947,0.0057954531,0.0058318481,0.0058278108,0.0058203770,0.0058116268,0.0055138287,0.0055319898,0.0055044538,0.0049380065,0.0049501784,0.0049346503,0.0049374415,0.0049364335,0.0049365676,0.0049652676,0.0049069641,0.0048972233,0.0049611246,0.0048886164,0.0049423696,0.0046591927,0.0046573398,0.0046360763
8,5,2,23,22,10,18,19,12,4,1,0,9,21,20,1,10,2,19,21,22,18,7,1,6,8,14,9,7,8,3,4,21,16,18,21,11,15,8,12,3,1,14,15,16,12,13,1,23,16,0,21,19,16,6,7,12,16,13,11,4,10,15,20,9,3,5,13,17,9,4,23,7,5,12,22,0,8,22,17,5,11,18,20,23,3,17,18,4,0,17,15,3,11,5,15,14,8,6,2,22,13,20,19,10,6,2,0,2,10,7,17,0,19,20,5,12,23,2,1,23,4,10,13,19,18,9,14,14,6,20,9,11,22,21,13,14,15,16,3,6,7,11,20,11,17,7,3,16,21,8,5,12,20,1,5,10,0,20,22,5,13,8,6,2,4,11,14,16,19,0,9,19,14,12,1,17,12,4,20,10,13,23,18,14,23,23,8,14,12,16,0,10,7,0,23,21,21,2,19,2,23,11,1,6,23,2,15,17,10,21,2,4,14,22,22,12,11,2,8,16,1,11,5,9,9,0,11,8,3,16,8,13,11,17,17,19,19,10,23,21,2,20,0,15,19,12,18,17,18,19,7,20,3,10,6,10,0,1,7,4,18,4,8,19,1,7,9,4,2,3,6,14,17,23,18,15,2,0,9,1,20,3,14,0,17,8,7,7,7,12,4,11,3,3,14,23,11,7,5,12,6,5,12,13,22,11,0,16,6,5,1,13,1,8,21,23,8,9,4,20,22,2,6,9,12,19,23,13,17,9,22,14,13,9,16,16,15,18,23,21,11,22,6,17,0,15,7,22,4,15,6,19,5,22,0,15,16,21,6,4,2,5,15,6,5,18,9,14,1,22,3,7,18,1,17,18,15,6,20,13,3,5,14,21,13,20,22,18,21,20,5,16,15,15,22,16,13,3,21,4,10,16,19,3,13,10,2,17,4,10,17,18,11,19,7,3,13,1,18,7,15,10,1,12,2,3,11,9,0,8,14,5,6,4
0.0423172214,0.0434974064,0.0448926110,0.0459963057,0.0461020705,0.0449269600,0.0419867273,0.0391937646,0.0437190462,0.0475566591,0.0499115121,0.0531293382,0.0486421404,0.0456520502,0.0431187823,0.0700001961,0.0711635047,0.0727288367,0.0721993029,0.0682066532,0.0617607874,0.0564426802,0.0546281808,0.0584255260,0.0678410532,0.0779471638,0.0832606830,0.0710694128,0.0670822786,0.0648141081,0.0683465048,0.0694987004,0.0718722463,0.0763547580,0.0815506632,0.0881770901,0.0965873251,0.0993406340,0.0952759310,0.0872938713,0.0787943594,0.0730872055,0.0630607458,0.0616261203,0.0618075631,0.0676414150,0.0682650172,0.0674267306,0.0676652232,0.0677853582,0.0670890396,0.0677070154,0.0673790631,0.0675818418,0.0676571138,0.0669693996,0.0675430134,0.0601506068,0.0614067657,0.0604515534,0.0668772995,0.0675657304,0.0674455060,0.0676422685,0.0669739002,0.0671261845,0.0670719072,0.0675125777,0.0680286580,0.0675944191,0.0668450166,0.0673803620,0.0607538949,0.0604370125,0.0604815533,0.0675932634,0.0668581454,0.0669179298,0.0669236010,0.0677938034,0.0674895663,0.0672554783,0.0678852316,0.0674265074,0.0671181303,0.0673043086,0.0674637784,0.0601773334,0.0597170059,0.0601424980,0.0677019889,0.0668928981,0.0674290220,0.0667454572,0.0675898691,0.0674780520,0.0674481391,0.0671601866,0.0678425886,0.0670967957,0.0676086190,0.0672500161,0.0606428268,0.0604298436,0.0600231627,0.0676317010,0.0673358416,0.0669012293,0.0676621669,0.0680115113,0.0675971858,0.0680271287,0.0680088582,0.0670274823,0.0678866498,0.0674002328,0.0682616866,0.0608002014,0.0609496006,0.0607362125,0.0683513442,0.0681738261,0.0677707887,0.0682405082,0.0679445741,0.0686633231,0.0683035111,0.0684230120,0.0684693052,0.0681386674,0.0674133525,0.0678484728,0.0608492492,0.0612729879,0.0605867686,0.0167347802,0.0167385914,0.0168448409,0.0166298844,0.0167636345,0.0166194099,0.0165596480,0.0164226980,0.0166340528,0.0163334357,0.0167152746,0.0165364913,0.0157330935,0.0158071856,0.0161092177,0.0058081395,0.0058265593,0.0057998455,0.0057821031,0.0058425543,0.0058330900,0.0058276631,0.0058235879,0.0057851738,0.0058077074,0.0057758421,0.0058275623,0.0055202130,0.0055336262,0.0055329335,0.0058096744,0.0058271705,0.0058481330,0.0058031292,0.0058420911,0.0058165503,0.0058425170,0.0058141455,0.0058659081,0.0057934864,0.0058801782,0.0057982857,0.0054652941,0.0055279520,0.0055251293,0.0058100902,0.0058484403,0.0058170671,0.0058402924,0.0058046711,0.0058209289,0.0057636010,0.0057655024,0.0058830584,0.0057690966,0.0058039889,0.0057712412,0.0055178329,0.0055079295,0.0055395766,0.0058180764,0.0058521215,0.0058308213,0.0058314099,0.0057918697,0.0058088797,0.0058030241,0.0057784907,0.0057985474,0.0058064093,0.0058115468,0.0058433717,0.0055437629,0.0055284625,0.0054548354,0.0058677351,0.0058060967,0.0057892172,0.0058095625,0.0057810516,0.0057717231,0.0058120393,0.0058543226,0.0058275342,0.0057973840,0.0058135712,0.0058264818,0.0055026170,0.0055226157,0.0055818199,0.0058126237,0.0057977414,0.0058174156,0.0057893426,0.0058343396,0.0057899186,0.0058113890,0.0058619785,0.0057907035,0.0058079399,0.0058445336,0.0058270141,0.0055091260,0.0055512556,0.0054904299,0.0058382279,0.0058015122,0.0057819544,0.0058053816,0.0058196078,0.0058049304,0.0057776609,0.0058216551,0.0057895525,0.0058173685,0.0058086234,0.0057878687,0.0055062426,0.0055156832,0.0054654603,0.0058015956,0.0058197659,0.0057796038,0.0058191469,0.0058441618,0.0058190738,0.0058470317,0.0058037932,0.0057459497,0.0057837138,0.0058125980,0.0058150116,0.0055544173,0.0054936373,0.0054853584,0.0058472283,0.0058231287,0.0058686267,0.0058212185,0.0058096837,0.0058124297,0.0058233821,0.0058188189,0.0058188182,0.0058205933,0.0058159656,0.0057691266,0.0055306229,0.0054898509,0.0054787186,0.0058160115,0.0058083767,0.0057926262,0.0057912083,0.0058275003,0.0057643273,0.0057940782,0.0058083754,0.0058132240,0.0058108928,0.0058603853,0.0058094601,0.0054808248,0.0055151843,0.0055049962,0.0058149369,0.0057946653,0.0058201461,0.0057751048,0.0058642663,0.0057626718,0.0058067272,0.0058224304,0.0057977704,0.0057975817,0.0057825203,0.0058283367,0.0055343545,0.0055190488,0.0054185072,0.0058589790,0.0058198503,0.0058084324,0.0058199889,0.0058167658,0.0058171441,0.0057943870,0.0058347957,0.0058169416,0.0057681395,0.0057982588,0.0058319583,0.0054733140,0.0055354459,0.0055114063,0.0058332105,0.0057765268,0.0058278932,0.0058192056,0.0057962778,0.0057928351,0.0058167951,0.0058489722,0.0058127778,0.0058443998,0.0058358514,0.0057807184,0.0054715584,0.0054824516,0.0055129205,0.0057871580,0.0058386336,0.0057993684,0.0057933188,0.0058176481,0.0057989145,0.0057859000,0.0058000082,0.0058227849,0.0057937799,0.0058031570,0.0058135290,0.0055183204,0.0056038993,0.0054980905,0.0058274068,0.0058352455,0.0058209233,0.0057915380,0.0057998857,0.0058193347,0.0058379155,0.0058254976,0.0058678242,0.0058273110,0.0057572238,0.0058250147,0.0054763875,0.0055080068,0.0054862156,0.0058217472,0.0058440312,0.0058128585,0.0057907852,0.0058050589,0.0058471351,0.0058364146,0.0057960875,0.0057966582,0.0058097167,0.0058186350,0.0057943017,0.0054737200,0.0055103433,0.0055794661,0.0057507191,0.0057936952,0.0057856376,0.0058103397,0.0058042794,0.0057689302,0.0057848903,0.0058096750,0.0058281962,0.0058312662,0.0058033519,0.0057762533,0.0055199090,0.0055135138,0.0055264974,0.0058298754,0.0057986711,0.0058353874,0.0057955325,0.0058244892,0.0058072887,0.0058525378,0.0057953779,0.0058204209,0.0058274391,0.0058177581,0.0058086622,0.0055034023,0.0055210271,0.0055034310,0.0049404600,0.0049604438,0.0049420332,0.0049346793,0.0049219075,0.0049431485,0.0049729591,0.0049189328,0.0049049174,0.0049487256,0.0048782584,0.0049583488,0.0046612841,0.0046512386,0.0046357502
8,5,2,23,22,10,18,19,12,4,1,0,9,21,20,1,10,2,19,21,22,18,7,1,6,8,14,9,7,8,3,4,21,16,18,21,11,15,8,12,3,1,14,15,16,12,13,1,23,16,0,21,19,16,6,7,12,16,13,11,4,10,15,20,9,3,5,13,17,9,4,23,7,5,12,22,0,8,22,17,5,11,18,20,23,3,17,18,4,0,17,15,3,11,5,15,14,8,6,2,22,13,20,19,10,6,2,0,2,10,7,17,0,19,20,5,12,23,2,1,23,4,10,13,19,18,9,14,14,6,20,9,11,22,21,13,14,15,16,3,6,7,11,20,11,17,7,3,16,21,8,5,12,20,1,5,10,0,20,22,5,13,8,6,2,4,11,14,16,19,0,9,19,14,12,1,17,12,4,20,10,13,23,18,14,23,23,8,14,12,16,0,10,7,0,23,21,21,2,19,2,23,11,1,6,23,2,15,17,10,21,2,4,14,22,22,12,11,2,8,16,1,11,5,9,9,0,11,8,3,16,8,13,11,17,17,19,19,10,23,21,2,20,0,15,19,12,18,17,18,19,7,20,3,10,6,10,0,1,7,4,18,4,8,19,1,7,9,4,2,3,6,14,17,23,18,15,2,0,9,1,20,3,14,0,17,8,7,7,7,12,4,11,3,3,14,23,11,7,5,12,6,5,12,13,22,11,0,16,6,5,1,13,1,8,21,23,8,9,4,20,22,2,6,9,12,19,23,13,17,9,22,14,13,9,16,16,15,18,23,21,11,22,6,17,0,15,7,22,4,15,6,19,5,22,0,15,16,21,6,4,2,5,15,6,5,18,9,14,1,22,3,7,18,1,17,18,15,6,20,13,3,5,14,21,13,20,22,18,21,20,5,16,15,15,22,16,13,3,21,4,10,16,19,3,13,10,2,17,4,10,17,18,11,19,7,3,13,1,18,7,15,10,1,12,2,3,11,9,0,8,14,5,6,4
0.0421709188,0.0435450146,0.0441677429,0.0454753962,0.0470015050,0.0456758782,0.0415947552,0.0398157154,0.0437219016,0.0477968188,0.0497968787,0.0544136647,0.0494599547,0.0460554910,0.0435287681,0.0695915051,0.0720422575,0.0721908755,0.0710840793,0.0675564501,0.0606139967,0.0548939303,0.0532724719,0.0569314381,0.0671406210,0.0782852533,0.0852391898,0.0727329499,0.0685337581,0.0649977317,0.0687795866,0.0696481247,0.0717624836,0.0764163970,0.0825976849,0.0892447863,0.0969608806,0.1001646221,0.0960821212,0.0871426789,0.0790687139,0.0723711661,0.0625551211,0.0616603898,0.0616695332,0.0675062564,0.0686103292,0.0668486698,0.0674801784,0.0676481628,0.0675965457,0.0677512021,0.0671172851,0.0677707231,0.0679324985,0.0671072141,0.0674622845,0.0605961340,0.0614545846,0.0604075065,0.0678512723,0.0674335590,0.0676317166,0.0676402488,0.0677520581,0.0669387246,0.0673827526,0.0676318601,0.0683533046,0.0677936458,0.0674419548,0.0676349143,0.0603161750,0.0603183785,0.0603919669,0.0676337594,0.0673215757,0.0674090364,0.0672593179,0.0673860715,0.0671432681,0.0677505454,0.0674677357,0.0672508571,0.0668734709,0.0671866372,0.0680082552,0.0601372565,0.0600841825,0.0603259732,0.0678585900,0.0680740389,0.0674074729,0.0670624411,0.0669315136,0.0673424871,0.0670848289,0.0675407893,0.0676395720,0.0675662819,0.0674588571,0.0675266184,0.0606791977,0.0604493103,0.0603424393,0.0673187120,0.0681313645,0.0676334258,0.0680182016,0.0681807319,0.0674769431,0.0681182585,0.0679056895,0.0671972225,0.0671446916,0.0679330765,0.0677050357,0.0609171826,0.0606701477,0.0609486329,0.0677205184,0.0676825885,0.0684475182,0.0683070140,0.0679560254,0.0686021848,0.0679903352,0.0686662880,0.0685277791,0.0680927584,0.0676065455,0.0680971419,0.0608945823,0.0612585817,0.0607381779,0.0167591051,0.0167007765,0.0168685222,0.0167407554,0.0167741909,0.0166287242,0.0166908221,0.0164998404,0.0166126331,0.0164185513,0.0167739922,0.0165589472,0.0157456028,0.0158720286,0.0158378525,0.0058104426,0.0058464648,0.0057981022,0.0057831881,0.0058199294,0.0058414651,0.0058314661,0.0058231397,0.0057804048,0.0058225947,0.0057851615,0.0058381423,0.0055231111,0.0055478011,0.0055286074,0.0058173956,0.0058311395,0.0058354532,0.0057982889,0.0058482578,0.0058201863,0.0058459574,0.0058102862,0.0058584248,0.0057884581,0.0058322922,0.0058019214,0.0054668073,0.0055453374,0.0055193809,0.0058092370,0.0058486710,0.0058199039,0.0058393685,0.0057892918,0.0058183903,0.0057617902,0.0057529270,0.0058654325,0.0057715091,0.0058142162,0.0057814154,0.0055219689,0.0055012120,0.0055414466,0.0058138509,0.0058677809,0.0058270323,0.0058079570,0.0057976443,0.0058027441,0.0057985097,0.0057671133,0.0058483578,0.0058164502,0.0058077023,0.0058443700,0.0055230937,0.0055308404,0.0054609103,0.0058586310,0.0058140246,0.0057969713,0.0058082221,0.0057873227,0.0057533268,0.0058162871,0.0058481475,0.0058227439,0.0058243558,0.0058272365,0.0058526273,0.0055060541,0.0055187607,0.0055704462,0.0058137772,0.0058186250,0.0058127000,0.0057813514,0.0058275073,0.0057867925,0.0058094205,0.0058549955,0.0057867959,0.0058124856,0.0058516888,0.0058132308,0.0055086597,0.0055539507,0.0054856921,0.0058231050,0.0058037205,0.0057742024,0.0058090782,0.0057901695,0.0057969670,0.0057662939,0.0058219703,0.0057864637,0.0058113010,0.0058028718,0.0057845990,0.0055168919,0.0055101405,0.0054625926,0.0058030423,0.0058188624,0.0057895862,0.0058065357,0.0058389400,0.0058260575,0.0058438584,0.0058090874,0.0057505446,0.0057853871,0.0058097422,0.0058088857,0.0055523704,0.0054933752,0.0054872789,0.0058330406,0.0058384660,0.0058599871,0.0058208469,0.0058091985,0.0058326684,0.0058192393,0.0058153220,0.0058167011,0.0058119518,0.0058120010,0.0057713142,0.0055344164,0.0054764577,0.0054777415,0.0058153383,0.0058070437,0.0058081494,0.0057965592,0.0058381957,0.0057727043,0.0057837303,0.0058166238,0.0058205609,0.0057925632,0.0058541336,0.0058056494,0.0054785515,0.0055193565,0.0055044894,0.0058131606,0.0057927407,0.0058239256,0.0057864470,0.0058564866,0.0057652366,0.0058078215,0.0058150714,0.0057970602,0.0058145694,0.0057691613,0.0058332852,0.0055449503,0.0055081821,0.0054320581,0.0058434244,0.0058109120,0.0058069010,0.0058241837,0.0058332350,0.0058130487,0.0057871879,0.0058356192,0.0058051583,0.0057694419,0.0058005462,0.0058312238,0.0054818321,0.0055235635,0.0055141293,0.0058340885,0.0057768269,0.0058138755,0.0058281862,0.0057989160,0.0057818822,0.0058261725,0.0058386169,0.0058122383,0.0058433987,0.0058363892,0.0057877682,0.0054674001,0.0054875254,0.0055118161,0.0057919767,0.0058229068,0.0058003514,0.0057938669,0.0058096846,0.0057924923,0.0057910871,0.0057978459,0.0058178144,0.0057955250,0.0057962157,0.0058047062,0.0055190744,0.0056076589,0.0054955683,0.0058269762,0.0058224128,0.0058255017,0.0057959891,0.0058007626,0.0058324968,0.0058509915,0.0058124352,0.0058617842,0.0058247191,0.0057626227,0.0058325701,0.0054792577,0.0055018459,0.0054802383,0.0058188039,0.0058605662,0.0057978318,0.0058043184,0.0057971921,0.0058350977,0.0058443724,0.0058029434,0.0057955857,0.0057938482,0.0058249816,0.0057954261,0.0054662773,0.0055010900,0.0055793929,0.0057415448,0.0058021448,0.0057821197,0.0057949564,0.0057893731,0.0057887939,0.0058062145,0.0058184282,0.0058193465,0.0058121557,0.0057995141,0.0057827702,0.0055206140,0.0055104643,0.0055317651,0.0058388898,0.0058044979,0.0058271352,0.0057903293,0.0058283940,0.0058042682,0.0058475144,0.0058195526,0.0058255244,0.0058446256,0.0058161687,0.0058123587,0.0055061131,0.0055197152,0.0055226871,0.0049339801,0.0049521159,0.0049402158,0.0049357881,0.0049186598,0.0049281266,0.0049632732,0.0049042646,0.0049112428,0.0049457712,0.0048803475,0.0049458975,0.0046590466,0.0046467884,0.0046415388
8,5,2,23,22,10,18,19,12,4,1,0,9,21,20,1,10,2,19,21,22,18,7,1,6,8,14,9,7,8,3,4,21,16,18,21,11,15,8,12,3,1,14,15,16,12,13,1,23,16,0,21,19,16,6,7,12,16,13,11,4,10,15,20,9,3,5,13,17,9,4,23,7,5,12,22,0,8,22,17,5,11,18,20,23,3,17,18,4,0,17,15,3,11,5,15,14,8,6,2,22,13,20,19,10,6,2,0,2,10,7,17,0,19,20,5,12,23,2,1,23,4,10,13,19,18,9,14,14,6,20,9,11,22,21,13,14,15,16,3,6,7,11,20,11,17,7,3,16,21,8,5,12,20,1,5,10,0,20,22,5,13,8,6,2,4,11,14,16,19,0,9,19,14,12,1,17,12,4,20,10,13,23,18,14,23,23,8,14,12,16,0,10,7,0,23,21,21,2,19,2,23,11,1,6,23,2,15,17,10,21,2,4,14,22,22,12,11,2,8,16,1,11,5,9,9,0,11,8,3,16,8,13,11,17,17,19,19,10,23,21,2,20,0,15,19,12,18,17,18,19,7,20,3,10,6,10,0,1,7,4,18,4,8,19,1,7,9,4,2,3,6,14,17,23,18,15,2,0,9,1,20,3,14,0,17,8,7,7,7,12,4,11,3,3,14,23,11,7,5,12,6,5,12,13,22,11,0,16,6,5,1,13,1,8,21,23,8,9,4,20,22,2,6,9,12,19,23,13,17,9,22,14,13,9,16,16,15,18,23,21,11,22,6,17,0,15,7,22,4,15,6,19,5,22,0,15,16,21,6,4,2,5,15,6,5,18,9,14,1,22,3,7,18,1,17,18,15,6,20,13,3,5,14,21,13,20,22,18,21,20,5,16,15,15,22,16,13,3,21,4,10,16,19,3,13,10,2,17,4,10,17,18,11,19,7,3,13,1,18,7,15,10,1,12,2,3,11,9,0,8,14,5,6,4
0.0420305905,0.0431696263,0.0433828103,0.0441036468,0.0471043185,0.0459549325,0.0414369353,0.0402481631,0.0445959051,0.0479616515,0.0501447576,0.0544325306,0.0492909849,0.0469495756,0.0440821506,0.0693993029,0.0723534607,0.0715382795,0.0696362333,0.0670722069,0.0600738939,0.0544398234,0.0538881905,0.0571398203,0.0672379352,0.0794098752,0.0879294499,0.0750507838,0.0698492386,0.0654381776,0.0701633846,0.0710834130,0.0740969754,0.0794990426,0.0857094565,0.0918710822,0.0988143486,0.1012121836,0.0965493166,0.0884236488,0.0802060482,0.0727696128,0.0632763400,0.0622396438,0.0616372652,0.0678810737,0.0683189140,0.0673262310,0.0676923252,0.0674718629,0.0672454833,0.0677673853,0.0670464409,0.0673206929,0.0676271878,0.0670393114,0.0672550968,0.0600821261,0.0617187639,0.0603739393,0.0673541639,0.0673938370,0.0673588556,0.0675023407,0.0673244245,0.0675151057,0.0669924869,0.0676718504,0.0679409700,0.0675621458,0.0668605644,0.0674184984,0.0605425567,0.0604406479,0.0602489485,0.0673593455,0.0669791160,0.0670981626,0.0676123046,0.0675413619,0.0669804999,0.0675458858,0.0671873348,0.0672084374,0.0672666801,0.0671334842,0.0671321070,0.0601252368,0.0604768009,0.0602479032,0.0673961893,0.0674200538,0.0671966827,0.0676528734,0.0670057039,0.0671958058,0.0674288049,0.0670994321,0.0669906712,0.0674624597,0.0676431749,0.0672665768,0.0605205941,0.0599305868,0.0603801973,0.0671713170,0.0678074672,0.0676876485,0.0676215833,0.0676647001,0.0680080399,0.0682669731,0.0676778262,0.0671738731,0.0676368893,0.0676935698,0.0675858225,0.0610169903,0.0612485826,0.0609907426,0.0677621538,0.0680721044,0.0681881242,0.0682050848,0.0681322581,0.0683266683,0.0680740838,0.0679777733,0.0681007146,0.0679210296,0.0674793694,0.0678011576,0.0603243758,0.0612946676,0.0610084860,0.0166160147,0.0167072126,0.0168106856,0.0167217972,0.0167459557,0.0166113593,0.0165672054,0.0164843326,0.0166488662,0.0163695755,0.0167847374,0.0165361165,0.0157120859,0.0158384350,0.0158367738,0.0058138847,0.0058267409,0.0057945207,0.0057931474,0.0058254839,0.0058353395,0.0058266106,0.0058202541,0.0057990761,0.0058263192,0.0057828745,0.0058336963,0.0055176463,0.0055356034,0.0055296974,0.0058151179,0.0058377249,0.0058537555,0.0058048801,0.0058361769,0.0058000285,0.0058358901,0.0058160107,0.0060269190,0.0058077147,0.0058178931,0.0057991576,0.0054813473,0.0055293636,0.0055398767,0.0058111986,0.0058369716,0.0058292283,0.0058375791,0.0058112423,0.0058196468,0.0057769662,0.0057651015,0.0058805795,0.0057845561,0.0058168587,0.0057579611,0.0055256178,0.0055072355,0.0055274492,0.0058239842,0.0058739173,0.0058425097,0.0058176398,0.0057907565,0.0058012383,0.0058035566,0.0057840231,0.0058032031,0.0058074132,0.0058272824,0.0058404908,0.0055185831,0.0055275037,0.0054570149,0.0058727603,0.0058042968,0.0057886355,0.0058004392,0.0057859765,0.0057589635,0.0058104970,0.0058496541,0.0058206598,0.0058013521,0.0058267614,0.0058198009,0.0054958404,0.0055116249,0.0055648431,0.0058148902,0.0057902277,0.0058172931,0.0057865557,0.0058455375,0.0057939695,0.0058089045,0.0058540177,0.0057724097,0.0058002797,0.0058460764,0.0058371821,0.0055127771,0.0055484214,0.0054900944,0.0058382348,0.0057945412,0.0057799728,0.0058098073,0.0057961790,0.0058046211,0.0057863986,0.0058223849,0.0057842091,0.0058060377,0.0058013708,0.0057776082,0.0055224562,0.0055100269,0.0054577003,0.0058039190,0.0058166710,0.0057746438,0.0058099977,0.0058402872,0.0058255695,0.0058549224,0.0058095968,0.0057444625,0.0057898131,0.0058097232,0.0058160230,0.0055485556,0.0055022782,0.0054873881,0.0058419865,0.0058319715,0.0058519235,0.0058154654,0.0058194362,0.0058163960,0.0058287285,0.0058107766,0.0058045322,0.0058134116,0.0058040835,0.0057789905,0.0055351474,0.0054795163,0.0054758473,0.0058122137,0.0058062609,0.0057975484,0.0057792952,0.0058232628,0.0057727347,0.0057968390,0.0057989853,0.0058006851,0.0057905856,0.0058658348,0.0058146861,0.0054810550,0.0055185395,0.0055091849,0.0058132530,0.0057887421,0.0058026738,0.0057742943,0.0058726668,0.0057703526,0.0058173916,0.0058110956,0.0058008835,0.0058052992,0.0057743454,0.0058292460,0.0055336134,0.0055154169,0.0054320801,0.0058521472,0.0058289079,0.0058205366,0.0058207338,0.0058280335,0.0058219438,0.0057896584,0.0058202954,0.0058067446,0.0057625053,0.0058017021,0.0058205858,0.0054848788,0.0055183633,0.0055194938,0.0058301038,0.0057803965,0.0058228546,0.0058222523,0.0058039590,0.0057883284,0.0058139696,0.0058488093,0.0057981797,0.0058351143,0.0058504254,0.0057778599,0.0054704594,0.0054964149,0.0055099041,0.0057784519,0.0058280624,0.0058027062,0.0058002266,0.0058004950,0.0057989709,0.0057881744,0.0057923179,0.0058174443,0.0057796092,0.0057872046,0.0058031407,0.0055246564,0.0056217225,0.0055028281,0.0058215668,0.0058190642,0.0058257242,0.0057935129,0.0058039044,0.0058255320,0.0058173510,0.0058181539,0.0058652200,0.0058263735,0.0057635571,0.0058229087,0.0054701017,0.0054970251,0.0054916369,0.0058155428,0.0058427334,0.0058091952,0.0057943929,0.0058070042,0.0058387184,0.0058394879,0.0057940102,0.0057977817,0.0058081661,0.0058185465,0.0057916683,0.0054670829,0.0055120096,0.0055774237,0.0057557322,0.0057822861,0.0057840406,0.0058000553,0.0057981069,0.0057887208,0.0057907275,0.0058180766,0.0058281285,0.0058270131,0.0057964290,0.0057759578,0.0055189280,0.0055051671,0.0055320167,0.0058335054,0.0058054362,0.0058230499,0.0057933801,0.0058158279,0.0057972271,0.0058616530,0.0058007702,0.0058174930,0.0058215565,0.0058133383,0.0058096274,0.0055097018,0.0055201973,0.0055140889,0.0049333703,0.0049676994,0.0049288831,0.0049253142,0.0049298848,0.0049278177,0.0049688038,0.0049009500,0.0049063326,0.0049397980,0.0048927685,0.0049454178,0.0046474718,0.0046571228,0.0046345561
8,5,2,23,22,10,18,19,12,4,1,0,9,21,20,1,10,2,19,21,22,18,7,1,6,8,14,9,7,8,3,4,21,16,18,21,11,15,8,12,3,1,14,15,16,12,13,1,23,16,0,21,19,16,6,7,12,16,13,11,4,10,15,20,9,3,5,13,17,9,4,23,7,5,12,22,0,8,22,17,5,11,18,20,23,3,17,18,4,0,17,15,3,11,5,15,14,8,6,2,22,13,20,19,10,6,2,0,2,10,7,17,0,19,20,5,12,23,2,1,23,4,10,13,19,18,9,14,14,6,20,9,11,22,21,13,14,15,16,3,6,7,11,20,11,17,7,3,16,21,8,5,12,20,1,5,10,0,20,22,5,13,8,6,2,4,11,14,16,19,0,9,19,14,12,1,17,12,4,20,10,13,23,18,14,23,23,8,14,12,16,0,10,7,0,23,21,21,2,19,2,23,11,1,6,23,2,15,17,10,21,2,4,14,22,22,12,11,2,8,16,1,11,5,9,9,0,11,8,3,16,8,13,11,17,17,19,19,10,23,21,2,20,0,15,19,12,18,17,18,19,7,20,3,10,6,10,0,1,7,4,18,4,8,19,1,7,9,4,2,3,6,14,17,23,18,15,2,0,9,1,20,3,14,0,17,8,7,7,7,12,4,11,3,3,14,23,11,7,5,12,6,5,12,13,22,11,0,16,6,5,1,13,1,8,21,23,8,9,4,20,22,2,6,9,12,19,23,13,17,9,22,14,13,9,16,16,15,18,23,21,11,22,6,17,0,15,7,22,4,15,6,19,5,22,0,15,16,21,6,4,2,5,15,6,5,18,9,14,1,22,3,7,18,1,17,18,15,6,20,13,3,5,14,21,13,20,22,18,21,20,5,16,15,15,22,16,13,3,21,4,10,16,19,3,13,10,2,17,4,10,17,18,11,19,7,3,13,1,18,7,15,10,1,12,2,3,11,9,0,8,14,5,6,4
0.0424199284,0.0432504635,0.0429695730,0.0428499769,0.0460768851,0.0427562301,0.0369229811,0.0353347863,0.0391230528,0.0467221977,0.0503762981,0.0536226659,0.0504648483,0.0480540036,0.0445646900,0.0695040226,0.0716330227,0.0704966899,0.0706030642,0.0682236073,0.0627215639,0.0579089502,0.0561168178,0.0589208730,0.0683631493,0.0817505460,0.0902004949,0.0777758318,0.0712799432,0.0662141793,0.0698010267,0.0711379565,0.0742311688,0.0783431947,0.0826211883,0.0904640729,0.0972059065,0.0989899746,0.0944376845,0.0867338878,0.0777635749,0.0708523043,0.0612748313,0.0610144036,0.0608011372,0.0676936628,0.0687579277,0.0676892621,0.0675084076,0.0677368352,0.0669147479,0.0677898199,0.0674086921,0.0671728537,0.0678452962,0.0676405339,0.0676016769,0.0602252279,0.0607135243,0.0601629084,0.0674006086,0.0676716182,0.0677924296,0.0673786352,0.0675785695,0.0671579185,0.0673164177,0.0673331489,0.0679908245,0.0673853834,0.0672027622,0.0667588661,0.0604985443,0.0607685930,0.0601699234,0.0669144344,0.0667544972,0.0672034725,0.0668483411,0.0673460039,0.0672893206,0.0678654305,0.0679980377,0.0676522430,0.0671723264,0.0670258713,0.0670774508,0.0604474190,0.0601145093,0.0603377468,0.0669339223,0.0675919167,0.0674975392,0.0670790058,0.0672532116,0.0672363735,0.0676521358,0.0669291812,0.0677626362,0.0671559013,0.0667547118,0.0674693118,0.0603373736,0.0609408349,0.0603944616,0.0679720918,0.0674352755,0.0673666081,0.0675752079,0.0680814919,0.0679371473,0.0675283127,0.0679222436,0.0678352110,0.0675900790,0.0674591498,0.0675569175,0.0604233125,0.0607702628,0.0609333819,0.0677920619,0.0683458068,0.0678320916,0.0682996665,0.0681134431,0.0682561762,0.0682553284,0.0682688237,0.0677290332,0.0677298952,0.0679658666,0.0678211541,0.0603340440,0.0610026921,0.0603532996,0.0166420624,0.0166252541,0.0168301384,0.0166990362,0.0167505925,0.0165829626,0.0165934108,0.0164321987,0.0166647069,0.0163656334,0.0167570130,0.0165574548,0.0157195418,0.0158789111,0.0157263720,0.0058040416,0.0058340152,0.0057871421,0.0057766932,0.0058299219,0.0058428876,0.0058284274,0.0058203916,0.0057811989,0.0058139084,0.0057801022,0.0058414402,0.0055181960,0.0055443543,0.0055344465,0.0058147563,0.0058207116,0.0058333196,0.0057979784,0.0058352120,0.0058106437,0.0058344900,0.0058109664,0.0058513621,0.0057899667,0.0058106147,0.0057835428,0.0054658274,0.0055219468,0.0055190659,0.0057976562,0.0058455247,0.0058123414,0.0058429293,0.0058017385,0.0058095523,0.0057750171,0.0057532811,0.0058794755,0.0057769666,0.0058066202,0.0057655643,0.0055071009,0.0055064750,0.0055353992,0.0058186544,0.0058731040,0.0058246179,0.0058173548,0.0057846702,0.0058030059,0.0058074422,0.0057671614,0.0058042542,0.0058025608,0.0058108045,0.0058384824,0.0055137184,0.0055184492,0.0054551097,0.0058605431,0.0058012582,0.0057853361,0.0058061641,0.0057847683,0.0057576415,0.0058077354,0.0058489714,0.0058003754,0.0058165834,0.0058226707,0.0058052239,0.0054940050,0.0055168919,0.0055609716,0.0058087725,0.0057818763,0.0058168121,0.0057926651,0.0058246207,0.0057854576,0.0057906976,0.0058594169,0.0057814962,0.0058050818,0.0058383948,0.0058126351,0.0055036504,0.0055429881,0.0054787689,0.0058277771,0.0057926887,0.0057808506,0.0058044259,0.0057881853,0.0058006901,0.0057733674,0.0058124250,0.0057854410,0.0058080835,0.0058028308,0.0057824722,0.0055063791,0.0055044489,0.0054500880,0.0057950166,0.0058234505,0.0057755374,0.0058116745,0.0058335968,0.0058195146,0.0058432141,0.0057977520,0.0057514037,0.0057780603,0.0058032843,0.0058001080,0.0055409368,0.0054865883,0.0054846866,0.0058426755,0.0058219824,0.0058437779,0.0058106188,0.0058079931,0.0058146974,0.0058165984,0.0058165199,0.0057987931,0.0058123887,0.0058120334,0.0057661573,0.0055278627,0.0054704119,0.0054714668,0.0058038768,0.0058053422,0.0057997351,0.0057967515,0.0058271075,0.0057706573,0.0057915918,0.0057977477,0.0058220099,0.0057927881,0.0058430648,0.0058072625,0.0054734680,0.0055149882,0.0055100235,0.0058141547,0.0057927892,0.0058130701,0.0057708528,0.0058658739,0.0057641979,0.0058037485,0.0058067573,0.0057910574,0.0058106926,0.0057787271,0.0058156386,0.0055270459,0.0055060884,0.0054250986,0.0058406279,0.0058028692,0.0058072437,0.0058146704,0.0058262381,0.0058059047,0.0057815982,0.0058178136,0.0058095176,0.0057512073,0.0057995012,0.0058341621,0.0054720642,0.0055130786,0.0055062788,0.0058344091,0.0057647093,0.0058076935,0.0058100253,0.0057993120,0.0057928294,0.0058117748,0.0058253140,0.0058022581,0.0058306984,0.0058254009,0.0057719844,0.0054621425,0.0054921304,0.0055063441,0.0057699381,0.0058168916,0.0057992095,0.0057968380,0.0058097449,0.0057900595,0.0057891251,0.0057880867,0.0058181702,0.0057970043,0.0057829725,0.0057913569,0.0055194849,0.0056195216,0.0054905065,0.0058223248,0.0058194637,0.0058209002,0.0057911135,0.0057968504,0.0058302659,0.0058116874,0.0058091471,0.0058461913,0.0058145743,0.0057581610,0.0058249649,0.0054651454,0.0054948729,0.0054796427,0.0058198915,0.0058426062,0.0057982719,0.0057905390,0.0057963073,0.0058316251,0.0058355660,0.0057978200,0.0058007282,0.0058119511,0.0058177369,0.0057923033,0.0054726083,0.0054901743,0.0055809493,0.0057384436,0.0057919203,0.0057763831,0.0057973057,0.0057896771,0.0057775381,0.0057834904,0.0058043017,0.0058015146,0.0058187948,0.0058028833,0.0057675694,0.0055108310,0.0055097376,0.0055219894,0.0058325681,0.0057956918,0.0058306163,0.0057978236,0.0058032879,0.0057969841,0.0058388181,0.0057993800,0.0058162107,0.0058218741,0.0058154356,0.0058038065,0.0055106049,0.0055207732,0.0054985954,0.0049315387,0.0049443965,0.0049328045,0.0049298438,0.0049178328,0.0049286334,0.0049687453,0.0048972095,0.0049097961,0.0049459013,0.0048877918,0.0049411243,0.0046604852,0.0046523395,0.0046324837
8,5,2,23,22,10,18,19,12,4,1,0,9,21,20,1,10,2,19,21,22,18,7,1,6,8,14,9,7,8,3,4,21,16,18,21,11,15,8,12,3,1,14,15,16,12,13,1,23,16,0,21,19,16,6,7,12,16,13,11,4,10,15,20,9,3,5,13,17,9,4,23,7,5,12,22,0,8,22,17,5,11,18,20,23,3,17,18,4,0,17,15,3,11,5,15,14,8,6,2,22,13,20,19,10,6,2,0,2,10,7,17,0,19,20,5,12,23,2,1,23,4,10,13,19,18,9,14,14,6,20,9,11,22,21,13,14,15,16,3,6,7,11,20,11,17,7,3,16,21,8,5,12,20,1,5,10,0,20,22,5,13,8,6,2,4,11,14,16,19,0,9,19,14,12,1,17,12,4,20,10,13,23,18,14,23,23,8,14,12,16,0,10,7,0,23,21,21,2,19,2,23,11,1,6,23,2,15,17,10,21,2,4,14,22,22,12,11,2,8,16,1,11,5,9,9,0,11,8,3,16,8,13,11,17,17,19,19,10,23,21,2,20,0,15,19,12,18,17,18,19,7,20,3,10,6,10,0,1,7,4,18,4,8,19,1,7,9,4,2,3,6,14,17,23,18,15,2,0,9,1,20,3,14,0,17,8,7,7,7,12,4,11,3,3,14,23,11,7,5,12,6,5,12,13,22,11,0,16,6,5,1,13,1,8,21,23,8,9,4,20,22,2,6,9,12,19,23,13,17,9,22,14,13,9,16,16,15,18,23,21,11,22,6,17,0,15,7,22,4,15,6,19,5,22,0,15,16,21,6,4,2,5,15,6,5,18,9,14,1,22,3,7,18,1,17,18,15,6,20,13,3,5,14,21,13,20,22,18,21,20,5,16,15,15,22,16,13,3,21,4,10,16,19,3,13,10,2,17,4,10,17,18,11,19,7,3,13,1,18,7,15,10,1,12,2,3,11,9,0,8,14,5,6,4
0.0423072535,0.0435846155,0.0433964802,0.0419647600,0.0411058302,0.0321841404,0.0271315553,0.0264700704,0.0279015370,0.0384406311,0.0512244978,0.0539153907,0.0526829561,0.0484659161,0.0448697359,0.0703054721,0.0728364845,0.0726378582,0.0724650444,0.0642707827,0.0540112832,0.0465121799,0.0445739374,0.0472256555,0.0605160210,0.0806866217,0.0926311799,0.0798104136,0.0723827756,0.0670708275,0.0697213232,0.0713852433,0.0734091651,0.0760910364,0.0849008937,0.0989779513,0.1083892456,0.1117162878,0.1070566907,0.0949601844,0.0768568653,0.0687424552,0.0604647718,0.0601123695,0.0606786209,0.0678655405,0.0683183394,0.0675855252,0.0676648890,0.0671913554,0.0675605909,0.0674167568,0.0677564972,0.0677559888,0.0677266521,0.0670182052,0.0673535400,0.0605585181,0.0613110373,0.0606205398,0.0676610798,0.0674654128,0.0673955069,0.0678789648,0.0679053155,0.0670877040,0.0671918924,0.0677398659,0.0677621705,0.0678309974,0.0672851641,0.0675119355,0.0603988534,0.0606203914,0.0606273586,0.0675001227,0.0670081401,0.0669041957,0.0673074638,0.0673299243,0.0670379309,0.0674503303,0.0677338374,0.0678919872,0.0676353815,0.0669897422,0.0672210253,0.0600692824,0.0603285919,0.0605011556,0.0678683371,0.0676242711,0.0669135278,0.0673041931,0.0673399416,0.0667425556,0.0676136083,0.0666291693,0.0674341676,0.0673347226,0.0673539079,0.0679146028,0.0608449336,0.0607535874,0.0603398245,0.0677493828,0.0675031590,0.0680276293,0.0673252252,0.0680087115,0.0676456992,0.0676916647,0.0680119704,0.0676746349,0.0681114275,0.0678270084,0.0674080935,0.0608595186,0.0606632379,0.0609833337,0.0676791382,0.0683856070,0.0679183202,0.0682077355,0.0682918291,0.0685085541,0.0684771580,0.0683762835,0.0684877052,0.0683140284,0.0681498878,0.0685358928,0.0606201555,0.0605077837,0.0606148847,0.0167162322,0.0166505113,0.0168532662,0.0166574089,0.0167686642,0.0165909863,0.0165976113,0.0164035396,0.0166429006,0.0163991506,0.0167746359,0.0165505548,0.0157431009,0.0158603982,0.0157738178,0.0058019454,0.0058296295,0.0057804709,0.0057848453,0.0058288690,0.0058391236,0.0058228263,0.0058182355,0.0057809817,0.0058137977,0.0057776792,0.0058437701,0.0055238949,0.0055452502,0.0055390248,0.0058044670,0.0058339163,0.0058400681,0.0058046988,0.0058415209,0.0058103052,0.0058363908,0.0058125634,0.0058530015,0.0057929319,0.0058270582,0.0057920488,0.0054625233,0.0055316806,0.0055299370,0.0057994308,0.0058386345,0.0058127327,0.0058366643,0.0057912969,0.0058121295,0.0057624545,0.0057672163,0.0058679509,0.0057773497,0.0058058704,0.0057719834,0.0055107429,0.0054989721,0.0055308288,0.0058060656,0.0058606497,0.0058220957,0.0058169975,0.0057937491,0.0058114247,0.0057960277,0.0057830423,0.0058047503,0.0058056273,0.0058160627,0.0058444700,0.0055168451,0.0055340679,0.0054639615,0.0058636868,0.0058047609,0.0057912165,0.0057994106,0.0057855464,0.0057638739,0.0058088574,0.0058535782,0.0058214593,0.0058068583,0.0058306337,0.0058177874,0.0054961037,0.0055181126,0.0055632363,0.0058143780,0.0057933286,0.0058151284,0.0057908375,0.0058420412,0.0057916669,0.0058102538,0.0058536015,0.0057796614,0.0058103125,0.0058501365,0.0058151577,0.0055070784,0.0055486082,0.0054867495,0.0058291382,0.0057999163,0.0057922183,0.0058113834,0.0057947594,0.0058077259,0.0058002481,0.0058358639,0.0057823601,0.0058191807,0.0058048738,0.0057817567,0.0055146033,0.0055087922,0.0054586860,0.0057978967,0.0058232536,0.0057746208,0.0058159373,0.0058405706,0.0058192046,0.0058511527,0.0057988450,0.0057463893,0.0057811586,0.0058216769,0.0058153813,0.0055504708,0.0054944498,0.0054925799,0.0058365851,0.0058265440,0.0058469224,0.0058186768,0.0058073554,0.0058229781,0.0058073336,0.0058409129,0.0058080735,0.0058075287,0.0058179122,0.0057775944,0.0055364168,0.0054673896,0.0054693491,0.0058078306,0.0058256599,0.0058139165,0.0057850660,0.0058297174,0.0057684527,0.0057911116,0.0058056754,0.0058123632,0.0057981886,0.0058546615,0.0057945432,0.0054840263,0.0055124971,0.0055054452,0.0058088971,0.0057929525,0.0058118600,0.0057685230,0.0058639126,0.0057525743,0.0058108280,0.0058161424,0.0057977996,0.0058037986,0.0057720833,0.0058245004,0.0055284903,0.0055120609,0.0054154129,0.0058524722,0.0058116566,0.0058120995,0.0058226205,0.0058224771,0.0058255494,0.0057865674,0.0058352300,0.0058113453,0.0057571610,0.0058055729,0.0058271350,0.0054798034,0.0055205366,0.0055003408,0.0058327878,0.0057746364,0.0058100771,0.0058181144,0.0057930590,0.0057781892,0.0058111769,0.0058360883,0.0058077652,0.0058217860,0.0058312874,0.0057785365,0.0054613595,0.0054907566,0.0055174247,0.0057741678,0.0058189582,0.0057902947,0.0057960146,0.0058025548,0.0057946485,0.0057837996,0.0057888961,0.0058083716,0.0057827050,0.0058047815,0.0057981556,0.0055155436,0.0056158386,0.0055029235,0.0058190287,0.0058261387,0.0058265220,0.0057894371,0.0058002241,0.0058319889,0.0058203622,0.0058089776,0.0058512353,0.0058297812,0.0057511939,0.0058310720,0.0054786162,0.0054974371,0.0054873300,0.0058227296,0.0058319918,0.0058066955,0.0057917273,0.0057989994,0.0058314347,0.0058407569,0.0058067056,0.0058034650,0.0058066102,0.0058284701,0.0057976648,0.0054748290,0.0054944573,0.0055783843,0.0057529968,0.0058041851,0.0057798560,0.0058157131,0.0057974758,0.0057712962,0.0057813642,0.0058159525,0.0058355277,0.0058131092,0.0057963814,0.0057754515,0.0055173997,0.0055067978,0.0055336293,0.0058266714,0.0058117691,0.0058392746,0.0058062067,0.0058176020,0.0057872113,0.0058559765,0.0058038165,0.0058201057,0.0058254901,0.0058205512,0.0058142670,0.0055111359,0.0055246793,0.0055080393,0.0049258000,0.0049448682,0.0049287870,0.0049441876,0.0049270873,0.0049417986,0.0049753873,0.0049063774,0.0049037442,0.0049642563,0.0048818799,0.0049597897,0.0046651544,0.0046557138,0.0046331289
8,5,2,23,22,10,18,19,12,4,1,0,9,21,20,1,10,2,19,21,22,18,7,1,6,8,14,9,7,8,3,4,21,16,18,21,11,15,8,12,3,1,14,15,16,12,13,1,23,16,0,21,19,16,6,7,12,16,13,11,4,10,15,20,9,3,5,13,17,9,4,23,7,5,12,22,0,8,22,17,5,11,18,20,23,3,17,18,4,0,17,15,3,11,5,15,14,8,6,2,22,13,20,19,10,6,2,0,2,10,7,17,0,19,20,5,12,23,2,1,23,4,10,13,19,18,9,14,14,6,20,9,11,22,21,13,14,15,16,3,6,7,11,20,11,17,7,3,16,21,8,5,12,20,1,5,10,0,20,22,5,13,8,6,2,4,11,14,16,19,0,9,19,14,12,1,17,12,4,20,10,13,23,18,14,23,23,8,14,12,16,0,10,7,0,23,21,21,2,19,2,23,11,1,6,23,2,15,17,10,21,2,4,14,22,22,12,11,2,8,16,1,11,5,9,9,0,11,8,3,16,8,13,11,17,17,19,19,10,23,21,2,20,0,15,19,12,18,17,18,19,7,20,3,10,6,10,0,1,7,4,18,4,8,19,1,7,9,4,2,3,6,14,17,23,18,15,2,0,9,1,20,3,14,0,17,8,7,7,7,12,4,11,3,3,14,23,11,7,5,12,6,5,12,13,22,11,0,16,6,5,1,13,1,8,21,23,8,9,4,20,22,2,6,9,12,19,23,13,17,9,22,14,13,9,16,16,15,18,23,21,11,22,6,17,0,15,7,22,4,15,6,19,5,22,0,15,16,21,6,4,2,5,15,6,5,18,9,14,1,22,3,7,18,1,17,18,15,6,20,13,3,5,14,21,13,20,22,18,21,20,5,16,15,15,22,16,13,3,21,4,10,16,19,3,13,10,2,17,4,10,17,18,11,19,7,3,13,1,18,7,15,10,1,12,2,3,11,9,0,8,14,5,6,4
0.0427869118,0.0442852726,0.0445019425,0.0417122237,0.0353624877,0.0269628195,0.0263772905,0.0263021957,0.0262773854,0.0317410645,0.0496943689,0.0553651562,0.0549481068,0.0508188078,0.0456507014,0.0704149443,0.0729617536,0.0749823870,0.0653986689,0.0540571637,0.0447846508,0.0428544246,0.0416929343,0.0422773522,0.0500526010,0.0769014445,0.0942045118,0.0819597361,0.0731824291,0.0679038235,0.0707550387,0.0730012696,0.0738580090,0.0835818965,0.0979056259,0.1099537680,0.1136515523,0.1125212657,0.1126298004,0.1068036096,0.0842941894,0.0694844099,0.0608264844,0.0601948496,0.0602762987,0.0676435875,0.0679390833,0.0676909685,0.0676799746,0.0679817226,0.0673724349,0.0677131065,0.0680952185,0.0669331939,0.0675879107,0.0676733430,0.0678150571,0.0608344445,0.0606605575,0.0604769996,0.0676948400,0.0674016855,0.0668764986,0.0681344974,0.0677090708,0.0675782720,0.0680988182,0.0675766451,0.0668615373,0.0679927905,0.0676794946,0.0675353764,0.0609502915,0.0603757213,0.0605787793,0.0675944533,0.0679994361,0.0677476765,0.0678322395,0.0673213224,0.0670315643,0.0675987024,0.0678153760,0.0676209060,0.0679436234,0.0673619860,0.0679587368,0.0600935732,0.0604088755,0.0602485057,0.0672917541,0.0669368197,0.0676486694,0.0675202455,0.0674316495,0.0674459203,0.0675160311,0.0670753449,0.0677315641,0.0675840198,0.0679319053,0.0671229453,0.0605731129,0.0609129508,0.0603338336,0.0677715266,0.0680911074,0.0685302655,0.0679156900,0.0673084400,0.0682335475,0.0677961552,0.0680328357,0.0683568822,0.0682825251,0.0680893924,0.0682086930,0.0607438460,0.0609677357,0.0606707994,0.0679353532,0.0677634690,0.0680488388,0.0683129198,0.0684723207,0.0685293918,0.0676668469,0.0678083245,0.0682123168,0.0684068262,0.0678874790,0.0678111236,0.0609320715,0.0613702670,0.0612156924,0.0165913727,0.0166753157,0.0167030957,0.0169529517,0.0169162281,0.0166100102,0.0167086006,0.0167169223,0.0165642620,0.0167531665,0.0165920916,0.0166484311,0.0157607685,0.0157091265,0.0157041785,0.0058042801,0.0058013337,0.0058742917,0.0058007518,0.0057936698,0.0058196227,0.0058412926,0.0058572009,0.0057860501,0.0058611749,0.0058010455,0.0058025026,0.0055411770,0.0055538368,0.0055392494,0.0058115281,0.0058142043,0.0058059748,0.0058160869,0.0058171754,0.0058441690,0.0058099562,0.0057655439,0.0058197005,0.0057766501,0.0058564804,0.0058221395,0.0054710400,0.0054491096,0.0054579222,0.0058494358,0.0057983577,0.0057826955,0.0058290745,0.0058219689,0.0058036349,0.0058279108,0.0058359134,0.0058479889,0.0058217878,0.0058466339,0.0058025697,0.0055068048,0.0055214757,0.0055414196,0.0058119562,0.0057812426,0.0058469219,0.0057940543,0.0057982464,0.0058640915,0.0058383360,0.0057975884,0.0058140620,0.0058324392,0.0057734589,0.0058395169,0.0055435015,0.0054696514,0.0055019211,0.0057978696,0.0058431179,0.0058078548,0.0058126795,0.0057865328,0.0058024379,0.0058358628,0.0058567232,0.0058019588,0.0057670391,0.0058378440,0.0058495848,0.0054900678,0.0055417220,0.0055020367,0.0058061535,0.0058025805,0.0057720164,0.0057935117,0.0058393971,0.0058206574,0.0058057956,0.0058102550,0.0057904075,0.0058019706,0.0057828870,0.0057990793,0.0055771080,0.0054910212,0.0055305410,0.0062172958,0.0057870547,0.0058546978,0.0057882683,0.0058510026,0.0057842308,0.0057966135,0.0058388754,0.0058115992,0.0057936986,0.0058102045,0.0058352531,0.0054967300,0.0055023813,0.0055147178,0.0058382718,0.0058086440,0.0058325279,0.0058361488,0.0057710823,0.0058030819,0.0058151933,0.0058614337,0.0058475149,0.0057760698,0.0057709138,0.0057760922,0.0055034138,0.0055167591,0.0054489636,0.0058382018,0.0057974766,0.0058257517,0.0057371227,0.0058192498,0.0057931957,0.0057999420,0.0058170377,0.0057892930,0.0057773602,0.0058000029,0.0058641674,0.0055727626,0.0055053683,0.0055150631,0.0058069511,0.0058107073,0.0058350992,0.0058234454,0.0057875682,0.0058378651,0.0058026645,0.0057766482,0.0058059666,0.0058119372,0.0057618130,0.0058021286,0.0054861642,0.0055712948,0.0055550615,0.0057685737,0.0057978069,0.0058436755,0.0057971489,0.0058453794,0.0057919709,0.0058042574,0.0057918541,0.0057801875,0.0058298306,0.0058065729,0.0058185733,0.0055452473,0.0055032157,0.0054937826,0.0058010054,0.0058066980,0.0057470614,0.0057594434,0.0057859947,0.0058546948,0.0057790505,0.0058154786,0.0058106926,0.0058001968,0.0058151748,0.0057775501,0.0055525261,0.0055580270,0.0055056995,0.0057791226,0.0058020898,0.0057988315,0.0058166343,0.0057878610,0.0057991188,0.0057787326,0.0057979407,0.0057900066,0.0057917287,0.0058042221,0.0058159995,0.0055144018,0.0054815811,0.0054808776,0.0057953716,0.0057664088,0.0058309905,0.0058243541,0.0058125164,0.0057988345,0.0058644822,0.0057823712,0.0058021849,0.0057843982,0.0057768400,0.0058010355,0.0054956534,0.0055297852,0.0054696577,0.0058517048,0.0057965777,0.0058056601,0.0057858872,0.0057975068,0.0058288991,0.0058335468,0.0057653783,0.0058164633,0.0057978831,0.0057881961,0.0058242117,0.0055103074,0.0055142322,0.0054766245,0.0058208038,0.0057966277,0.0057731828,0.0057875790,0.0057730455,0.0057762626,0.0058130681,0.0058605998,0.0057791405,0.0058079051,0.0057968902,0.0058041298,0.0054841509,0.0055586420,0.0055294117,0.0057845035,0.0057783096,0.0057865976,0.0057890433,0.0057878229,0.0057712337,0.0057555739,0.0058335892,0.0057950444,0.0057878418,0.0058000596,0.0058572671,0.0055214842,0.0055085764,0.0054318008,0.0057919290,0.0058294028,0.0057799212,0.0058527864,0.0057787859,0.0058430126,0.0058182829,0.0058112145,0.0057431245,0.0058282034,0.0058257215,0.0058141150,0.0055331846,0.0054742062,0.0054862264,0.0049672410,0.0049438725,0.0049189981,0.0049187158,0.0049272409,0.0049534219,0.0049463858,0.0049364426,0.0049309686,0.0049487845,0.0049246566,0.0049505564,0.0046865106,0.0046604193,0.0046270989
4,8,3,1,9,21,11,12,19,20,13,15,16,17,7,3,21,20,9,16,6,0,5,22,20,10,2,14,1,19,8,4,19,11,18,6,15,13,16,23,12,0,12,2,17,18,5,19,3,20,11,6,16,15,17,12,7,21,15,3,4,18,15,14,11,21,9,5,6,2,4,12,14,4,8,10,14,2,8,17,11,2,22,12,9,10,1,23,18,11,10,20,18,3,5,23,21,6,23,22,13,19,7,22,10,13,14,1,0,20,1,7,9,8,4,23,16,5,0,13,0,17,21,8,0,5,17,7,7,22,3,22,1,19,9,6,23,14,2,18,16,13,10,15,18,10,14,11,19,12,22,7,21,4,0,21,10,18,22,1,15,6,6,13,16,3,11,23,6,2,9,17,22,16,22,21,19,18,10,8,18,19,23,20,17,19,7,3,21,16,14,8,18,10,9,16,23,4,14,7,13,5,3,4,12,12,4,0,11,19,2,5,15,17,8,2,3,13,2,20,6,13,8,2,18,3,1,6,16,3,18,8,15,20,10,8,4,13,15,7,1,20,21,16,6,23,21,13,7,22,9,1,22,17,15,11,11,12,9,0,23,9,13,21,23,3,5,17,4,6,18,20,5,20,21,12,19,7,7,22,15,13,14,20,21,1,15,7,5,2,6,13,11,21,16,20,2,1,21,14,6,23,18,4,6,23,12,11,12,1,9,14,5,20,13,14,15,20,8,5,13,9,14,14,1,10,22,0,3,12,12,11,5,17,0,17,11,15,0,6,5,18,17,3,7,10,19,14,4,23,3,6,12,2,2,8,14,23,19,11,21,17,18,11,19,9,1,4,10,3,22,4,23,9,2,9,10,17,20,15,8,1,18,0,15,23,10,22,5,20,0,2,19,8,9,5,0,10,16,0,8,14,1,16,12,19,17,22,13,16,10,21,7,0,16,7,2,19,4,15,4,12,8,10,5,9,16,6,2,14,3,11,7,1,0
0.0426601012,0.0444128989,0.0450920165,0.0416217190,0.0315365820,0.0262839036,0.0261262995,0.0262785756,0.0261341430,0.0304477206,0.0478759417,0.0574845772,0.0544205134,0.0494616371,0.0448580237,0.0696201986,0.0711918962,0.0690975244,0.0590400333,0.0487880931,0.0453250163,0.0433860889,0.0426167699,0.0428610578,0.0497972213,0.0787583481,0.0962507683,0.0829103239,0.0733573909,0.0673304294,0.0701619597,0.0719803411,0.0768891859,0.0870622420,0.1008297076,0.1083444066,0.1115928563,0.1129793510,0.1111484152,0.1069615305,0.0828660437,0.0691678437,0.0594764588,0.0591299888,0.0596831671,0.0677902219,0.0681813419,0.0672008759,0.0673959940,0.0672863022,0.0673086324,0.0675525708,0.0675287302,0.0672604085,0.0677945873,0.0675868132,0.0674105971,0.0602835495,0.0604688419,0.0603215577,0.0671977605,0.0677116057,0.0668101653,0.0679803884,0.0676492067,0.0675387076,0.0679727774,0.0678124459,0.0671553845,0.0677776561,0.0677232219,0.0675418002,0.0608240060,0.0604809089,0.0602009651,0.0675295634,0.0683271200,0.0675511344,0.0673006732,0.0672265460,0.0675385120,0.0674424408,0.0675891447,0.0672999118,0.0669022546,0.0676371734,0.0673770298,0.0598705428,0.0604018407,0.0602314945,0.0671531098,0.0677197564,0.0678987520,0.0674732071,0.0673455679,0.0672418996,0.0673773551,0.0672334784,0.0668415635,0.0674612155,0.0675983793,0.0674876371,0.0604214778,0.0610277247,0.0604622847,0.0676219555,0.0683409526,0.0678409929,0.0681347322,0.0677319298,0.0681341160,0.0674665236,0.0679305660,0.0678025936,0.0678745842,0.0676280417,0.0681325528,0.0607378712,0.0606512962,0.0606068115,0.0677562387,0.0677619964,0.0683562144,0.0685745844,0.0682846011,0.0679562047,0.0679683763,0.0681266875,0.0679695644,0.0683406668,0.0674754197,0.0683157529,0.0608924073,0.0610290652,0.0606061517,0.0165410928,0.0166355327,0.0167902890,0.0169539421,0.0169782613,0.0165846538,0.0173189809,0.0167288961,0.0166012511,0.0168001690,0.0166046828,0.0167352259,0.0157672638,0.0156410487,0.0156566382,0.0058029744,0.0058043117,0.0058887060,0.0057950131,0.0058128914,0.0058257449,0.0058366417,0.0058630298,0.0057816594,0.0058550379,0.0057922717,0.0057981857,0.0055377425,0.0055689771,0.0055384173,0.0058080608,0.0058164034,0.0058145191,0.0058095511,0.0058344651,0.0058279242,0.0058007404,0.0057577190,0.0058212591,0.0057727372,0.0058500268,0.0058262318,0.0054807698,0.0054539560,0.0054477624,0.0058479301,0.0057940197,0.0060217760,0.0058468514,0.0058141959,0.0058099674,0.0058211385,0.0058332154,0.0058505819,0.0058084923,0.0058521304,0.0058017385,0.0054972172,0.0055151492,0.0055446061,0.0058039988,0.0057922063,0.0058473602,0.0057965007,0.0057968359,0.0058527776,0.0058383125,0.0057888745,0.0058123122,0.0058328342,0.0057775117,0.0058304324,0.0055464754,0.0054737640,0.0055072266,0.0057861096,0.0058356966,0.0057981766,0.0058201739,0.0057772727,0.0058040746,0.0058354189,0.0058521769,0.0058148276,0.0057614184,0.0058334657,0.0058508377,0.0054945387,0.0055396547,0.0055022719,0.0058048811,0.0058105590,0.0057795934,0.0057897297,0.0058223399,0.0058286138,0.0058071189,0.0058069863,0.0057738356,0.0057964163,0.0057547415,0.0058032092,0.0055572871,0.0054789747,0.0055381854,0.0058282279,0.0057818463,0.0058631875,0.0057888011,0.0058501887,0.0057810826,0.0057961914,0.0058426098,0.0058004298,0.0057894148,0.0058013473,0.0058320955,0.0054825035,0.0054992277,0.0055139190,0.0058218164,0.0058055913,0.0058343161,0.0058335859,0.0057804041,0.0058017964,0.0058147870,0.0058581862,0.0058578931,0.0057911350,0.0057670189,0.0057812315,0.0055035749,0.0055163750,0.0054465331,0.0058357089,0.0057919527,0.0058088784,0.0057444562,0.0058029585,0.0057947820,0.0058155810,0.0058259036,0.0057694205,0.0057792631,0.0057943942,0.0058420831,0.0055647925,0.0055159582,0.0055142381,0.0058044804,0.0058136409,0.0058370280,0.0058243854,0.0058051847,0.0058456373,0.0058196900,0.0057763494,0.0058080138,0.0058131339,0.0057699317,0.0058103040,0.0054915484,0.0055663917,0.0055558247,0.0057688391,0.0057918395,0.0058465673,0.0057951980,0.0058292618,0.0058039409,0.0057958633,0.0057934837,0.0057851245,0.0058337980,0.0058091554,0.0058120971,0.0055539713,0.0055033854,0.0054887163,0.0057943169,0.0058100764,0.0057420796,0.0057541681,0.0057966291,0.0058533599,0.0057758004,0.0058130363,0.0058105925,0.0058140123,0.0058109922,0.0057828121,0.0055648292,0.0055503949,0.0055031534,0.0057842509,0.0058004146,0.0057924612,0.0058116789,0.0057896775,0.0057972804,0.0057758406,0.0057944600,0.0057983215,0.0057858555,0.0057884227,0.0058103909,0.0055138618,0.0054778026,0.0054796263,0.0057795466,0.0057666842,0.0058220161,0.0058192442,0.0058080972,0.0057865093,0.0058562082,0.0057763692,0.0058077615,0.0057895927,0.0057761755,0.0058020498,0.0054923343,0.0055463868,0.0054650627,0.0058525071,0.0058093906,0.0057972083,0.0057922529,0.0058010086,0.0058211888,0.0058280642,0.0057566680,0.0058194215,0.0057903803,0.0057856506,0.0058185463,0.0055137877,0.0055233391,0.0054485854,0.0058200657,0.0057882197,0.0057794655,0.0057903984,0.0057711961,0.0057674704,0.0058101512,0.0058682583,0.0057557867,0.0058003738,0.0057951935,0.0058027443,0.0054843102,0.0055568329,0.0055311107,0.0057890073,0.0057871544,0.0057905682,0.0057674572,0.0057931846,0.0057632289,0.0057687254,0.0058355270,0.0057931659,0.0057990212,0.0058000632,0.0058566548,0.0055326773,0.0054901675,0.0054270801,0.0058050025,0.0058264966,0.0057727888,0.0058437817,0.0057690648,0.0058403501,0.0058170258,0.0058122838,0.0057513312,0.0058334102,0.0058065098,0.0058112283,0.0055342723,0.0054653017,0.0054959631,0.0049541785,0.0049532035,0.0049134010,0.0049040082,0.0049152051,0.0049439908,0.0050040491,0.0049160498,0.0049348821,0.0049579860,0.0049206985,0.0049380715,0.0046823476,0.0046561466,0.0046247209
4,8,3,1,9,21,11,12,19,20,13,15,16,17,7,3,21,20,9,16,6,0,5,22,20,10,2,14,1,19,8,4,19,11,18,6,15,13,16,23,12,0,12,2,17,18,5,19,3,20,11,6,16,15,17,12,7,21,15,3,4,18,15,14,11,21,9,5,6,2,4,12,14,4,8,10,14,2,8,17,11,2,22,12,9,10,1,23,18,11,10,20,18,3,5,23,21,6,23,22,13,19,7,22,10,13,14,1,0,20,1,7,9,8,4,23,16,5,0,13,0,17,21,8,0,5,17,7,7,22,3,22,1,19,9,6,23,14,2,18,16,13,10,15,18,10,14,11,19,12,22,7,21,4,0,21,10,18,22,1,15,6,6,13,16,3,11,23,6,2,9,17,22,16,22,21,19,18,10,8,18,19,23,20,17,19,7,3,21,16,14,8,18,10,9,16,23,4,14,7,13,5,3,4,12,12,4,0,11,19,2,5,15,17,8,2,3,13,2,20,6,13,8,2,18,3,1,6,16,3,18,8,15,20,10,8,4,13,15,7,1,20,21,16,6,23,21,13,7,22,9,1,22,17,15,11,11,12,9,0,23,9,13,21,23,3,5,17,4,6,18,20,5,20,21,12,19,7,7,22,15,13,14,20,21,1,15,7,5,2,6,13,11,21,16,20,2,1,21,14,6,23,18,4,6,23,12,11,12,1,9,14,5,20,13,14,15,20,8,5,13,9,14,14,1,10,22,0,3,12,12,11,5,17,0,17,11,15,0,6,5,18,17,3,7,10,19,14,4,23,3,6,12,2,2,8,14,23,19,11,21,17,18,11,19,9,1,4,10,3,22,4,23,9,2,9,10,17,20,15,8,1,18,0,15,23,10,22,5,20,0,2,19,8,9,5,0,10,16,0,8,14,1,16,12,19,17,22,13,16,10,21,7,0,16,7,2,19,4,15,4,12,8,10,5,9,16,6,2,14,3,11,7,1,0
0.0426723561,0.0440590130,0.0452010997,0.0400374477,0.0274525060,0.0262704645,0.0259877838,0.0261631621,0.0262915496,0.0294421876,0.0470241998,0.0591108005,0.0560260507,0.0500052779,0.0450360445,0.0701234914,0.0700273814,0.0649789762,0.0563812291,0.0457030393,0.0446888699,0.0429415214,0.0418403436,0.0426441258,0.0499174130,0.0763940258,0.0967923596,0.0843896075,0.0747786381,0.0694024261,0.0717155701,0.0764381744,0.0839563973,0.0909860644,0.1046973260,0.1100152035,0.1037961541,0.1011690810,0.1062684913,0.1052860160,0.0826600337,0.0684390361,0.0596559050,0.0595357238,0.0596596505,0.0678436766,0.0681088834,0.0671868029,0.0674129541,0.0676905998,0.0682549657,0.0763144885,0.0799498890,0.0726426967,0.0676054519,0.0675794991,0.0677512088,0.0601516615,0.0604916659,0.0606195631,0.0676115610,0.0676836724,0.0675239795,0.0674473912,0.0669957691,0.0674875354,0.0682719894,0.0676272743,0.0670628397,0.0671690150,0.0671734709,0.0672950522,0.0606741259,0.0603852227,0.0599474195,0.0677305103,0.0675240938,0.0676821124,0.0672176495,0.0672549076,0.0675658227,0.0670732277,0.0674493691,0.0672542221,0.0675637967,0.0678207182,0.0671281701,0.0598258236,0.0604301519,0.0598145239,0.0679250144,0.0669650902,0.0675439648,0.0678689693,0.0678596213,0.0674877953,0.0675783499,0.0667667282,0.0671718600,0.0674303808,0.0677830384,0.0672248783,0.0605679373,0.0610246275,0.0604361121,0.0674444766,0.0683359187,0.0680600055,0.0680965624,0.0674336767,0.0675420017,0.0675830312,0.0683953390,0.0676096974,0.0680203523,0.0677447845,0.0679749904,0.0607918790,0.0605762895,0.0605603913,0.0676710900,0.0674761879,0.0680671439,0.0679771590,0.0683146175,0.0682487086,0.0678658826,0.0678969052,0.0676673914,0.0680644517,0.0676339626,0.0682584461,0.0606734227,0.0607620673,0.0608332146,0.0166130798,0.0166550662,0.0167163932,0.0169751553,0.0168601544,0.0165213763,0.0166033720,0.0166937740,0.0165801950,0.0167569036,0.0165495523,0.0166801080,0.0157398804,0.0156402678,0.0156317947,0.0058067939,0.0058041332,0.0058742776,0.0057970791,0.0058013225,0.0058217073,0.0058461237,0.0058443525,0.0057858017,0.0058551494,0.0057959914,0.0057966151,0.0055414273,0.0055522410,0.0055364167,0.0058164084,0.0058181697,0.0058131301,0.0058081623,0.0058386349,0.0058361036,0.0057981918,0.0057627985,0.0058033872,0.0057883672,0.0058548465,0.0058348273,0.0054760609,0.0054646893,0.0054575475,0.0058433143,0.0057942352,0.0057812878,0.0058206794,0.0058211314,0.0058154896,0.0058349147,0.0058337590,0.0058451505,0.0058062070,0.0058504278,0.0058077625,0.0055003392,0.0055220661,0.0055507025,0.0058094815,0.0057792758,0.0058371077,0.0058181336,0.0058131068,0.0058682629,0.0058384956,0.0057839417,0.0058090375,0.0058344609,0.0057734723,0.0058289380,0.0055522895,0.0054760372,0.0055105370,0.0058018331,0.0058414693,0.0058026748,0.0058189998,0.0057790870,0.0057971536,0.0058376931,0.0058584541,0.0058050586,0.0057613052,0.0058388820,0.0058659586,0.0055055845,0.0055541032,0.0055015357,0.0058084156,0.0058125152,0.0057752464,0.0057949916,0.0058305338,0.0058337794,0.0058282834,0.0058230724,0.0057744783,0.0057888171,0.0057765168,0.0058187368,0.0055690390,0.0054816265,0.0055388276,0.0058274569,0.0057687582,0.0058489932,0.0057890144,0.0058530792,0.0057821811,0.0058021355,0.0058517304,0.0058031771,0.0057936522,0.0058081194,0.0058294707,0.0054735974,0.0055078697,0.0055123277,0.0058300433,0.0058046073,0.0058300833,0.0058327976,0.0057758240,0.0058107254,0.0058168807,0.0058595848,0.0058474661,0.0057780386,0.0057653506,0.0057751098,0.0055015878,0.0055191107,0.0054621328,0.0058415427,0.0058078654,0.0058148836,0.0057386581,0.0058061516,0.0057844529,0.0058071970,0.0058169008,0.0057737943,0.0057773524,0.0058022915,0.0058522250,0.0055788459,0.0055161937,0.0055162502,0.0058043057,0.0058114466,0.0058339949,0.0058196142,0.0057914722,0.0058489736,0.0058166886,0.0057650324,0.0058119730,0.0058121808,0.0057595685,0.0058125633,0.0054930795,0.0055790715,0.0055528855,0.0057786770,0.0058019403,0.0058458010,0.0057841159,0.0058355630,0.0057966040,0.0058112039,0.0057905558,0.0057749693,0.0058372165,0.0058213328,0.0058105013,0.0055480085,0.0054924423,0.0054770420,0.0058071116,0.0058118542,0.0057440168,0.0057532084,0.0057812823,0.0058559969,0.0057816200,0.0058208726,0.0058127655,0.0058099724,0.0058104085,0.0057763768,0.0055645502,0.0055551484,0.0054922031,0.0057844576,0.0057970339,0.0057985071,0.0058171418,0.0057953767,0.0058064254,0.0057740702,0.0057961495,0.0057945105,0.0057929411,0.0058101129,0.0058060899,0.0055097573,0.0054845049,0.0054828401,0.0057828480,0.0057672315,0.0058363495,0.0058148331,0.0058166639,0.0057914527,0.0058584722,0.0057877347,0.0058057457,0.0057930616,0.0057670399,0.0058087728,0.0055020921,0.0055382520,0.0054637560,0.0058445805,0.0058013817,0.0057993041,0.0057802754,0.0057998350,0.0058233727,0.0058146578,0.0057621273,0.0058208696,0.0058010364,0.0058044886,0.0058221315,0.0055103257,0.0055083805,0.0054715245,0.0058157251,0.0057901680,0.0057903651,0.0057788266,0.0057776195,0.0057758950,0.0058108027,0.0058675215,0.0057708179,0.0058125010,0.0058021621,0.0057939933,0.0054856047,0.0055585307,0.0055246841,0.0057926072,0.0057852383,0.0057970094,0.0057678234,0.0057949280,0.0057719296,0.0057672587,0.0058348924,0.0058040442,0.0057941959,0.0057970074,0.0058732542,0.0055390625,0.0055010907,0.0054394487,0.0057900871,0.0058245554,0.0057751881,0.0058563120,0.0057771500,0.0058411321,0.0058170942,0.0058242263,0.0057453172,0.0058316270,0.0058169511,0.0058070079,0.0055214838,0.0054593030,0.0054935026,0.0049419390,0.0049604807,0.0049097519,0.0049175351,0.0049124611,0.0049483555,0.0049421902,0.0049273943,0.0049341946,0.0049530471,0.0049290877,0.0049462683,0.0046851400,0.0046701857,0.0046296776
4,8,3,1,9,21,11,12,19,20,13,15,16,17,7,3,21,20,9,16,6,0,5,22,20,10,2,14,1,19,8,4,19,11,18,6,15,13,16,23,12,0,12,2,17,18,5,19,3,20,11,6,16,15,17,12,7,21,15,3,4,18,15,14,11,21,9,5,6,2,4,12,14,4,8,10,14,2,8,17,11,2,22,12,9,10,1,23,18,11,10,20,18,3,5,23,21,6,23,22,13,19,7,22,10,13,14,1,0,20,1,7,9,8,4,23,16,5,0,13,0,17,21,8,0,5,17,7,7,22,3,22,1,19,9,6,23,14,2,18,16,13,10,15,18,10,14,11,19,12,22,7,21,4,0,21,10,18,22,1,15,6,6,13,16,3,11,23,6,2,9,17,22,16,22,21,19,18,10,8,18,19,23,20,17,19,7,3,21,16,14,8,18,10,9,16,23,4,14,7,13,5,3,4,12,12,4,0,11,19,2,5,15,17,8,2,3,13,2,20,6,13,8,2,18,3,1,6,16,3,18,8,15,20,10,8,4,13,15,7,1,20,21,16,6,23,21,13,7,22,9,1,22,17,15,11,11,12,9,0,23,9,13,21,23,3,5,17,4,6,18,20,5,20,21,12,19,7,7,22,15,13,14,20,21,1,15,7,5,2,6,13,11,21,16,20,2,1,21,14,6,23,18,4,6,23,12,11,12,1,9,14,5,20,13,14,15,20,8,5,13,9,14,14,1,10,22,0,3,12,12,11,5,17,0,17,11,15,0,6,5,18,17,3,7,10,19,14,4,23,3,6,12,2,2,8,14,23,19,11,21,17,18,11,19,9,1,4,10,3,22,4,23,9,2,9,10,17,20,15,8,1,18,0,15,23,10,22,5,20,0,2,19,8,9,5,0,10,16,0,8,14,1,16,12,19,17,22,13,16,10,21,7,0,16,7,2,19,4,15,4,12,8,10,5,9,16,6,2,14,3,11,7,1,0
0.0428637614,0.0434386946,0.0443754039,0.0391003371,0.0262134846,0.0262244800,0.0261267219,0.0263125065,0.0261701960,0.0289540651,0.0459441270,0.0591140148,0.0566921908,0.0515306384,0.0455252584,0.0698938182,0.0672585906,0.0639375424,0.0554299050,0.0423907298,0.0436300593,0.0423196160,0.0418742011,0.0418822742,0.0491334762,0.0750784614,0.0988728086,0.0882666623,0.0773066362,0.0703060653,0.0729687021,0.0808566342,0.0860187738,0.0942379996,0.1080192031,0.1037162307,0.0936710093,0.0910146737,0.0956289639,0.1070318826,0.0839704275,0.0697282504,0.0596527428,0.0592236513,0.0592374858,0.0680060524,0.0681348650,0.0671620967,0.0676232947,0.0676169309,0.0757716459,0.0873423218,0.0903700687,0.0841327308,0.0692005272,0.0677563076,0.0678893624,0.0606448475,0.0604641120,0.0603149733,0.0671611056,0.0679450627,0.0675818488,0.0678770539,0.0677139350,0.0675786701,0.0680157559,0.0674910100,0.0672811345,0.0673941888,0.0680286878,0.0677918835,0.0607721056,0.0604023824,0.0605147770,0.0673281766,0.0679418728,0.0676034722,0.0673749457,0.0668365339,0.0672521928,0.0673614654,0.0674132315,0.0674220231,0.0671460763,0.0674564668,0.0678818128,0.0598936666,0.0601171905,0.0603676233,0.0671112151,0.0673234524,0.0676353632,0.0667874725,0.0676039517,0.0673511192,0.0673684098,0.0672751884,0.0673377921,0.0676314773,0.0674166571,0.0671916612,0.0604208860,0.0609635418,0.0602485334,0.0674407584,0.0680169183,0.0677864869,0.0679530217,0.0675689704,0.0683848125,0.0681000371,0.0678311112,0.0672093727,0.0680319053,0.0676549955,0.0675952550,0.0605947369,0.0606820978,0.0603360703,0.0672714269,0.0678468364,0.0680328601,0.0677323802,0.0676265965,0.0683761281,0.0677564689,0.0676982352,0.0681077791,0.0681039646,0.0677811002,0.0682712641,0.0611997282,0.0608146167,0.0607644623,0.0165045106,0.0166918165,0.0167556067,0.0170087712,0.0169026867,0.0165801740,0.0166455101,0.0166922334,0.0166401870,0.0167668673,0.0165691144,0.0166980465,0.0157601778,0.0156393940,0.0155759008,0.0058113900,0.0058019101,0.0058688043,0.0058044316,0.0057984588,0.0058260199,0.0058355568,0.0058569638,0.0058020798,0.0058422550,0.0058077251,0.0057923485,0.0055444637,0.0055752500,0.0055316632,0.0058194867,0.0058084013,0.0058186925,0.0058210456,0.0058201616,0.0058372170,0.0057964864,0.0057585958,0.0058013389,0.0057886580,0.0058623932,0.0058223578,0.0054741721,0.0054589341,0.0054515777,0.0058416057,0.0057987397,0.0057860478,0.0058134250,0.0058245608,0.0058115006,0.0058316167,0.0058323290,0.0058508324,0.0058133726,0.0058427655,0.0058111260,0.0055010173,0.0055196716,0.0055516119,0.0057990572,0.0057756527,0.0058422967,0.0058049927,0.0058003242,0.0058644638,0.0058409854,0.0057777962,0.0058045817,0.0058283260,0.0057832999,0.0058283127,0.0055406798,0.0054705285,0.0055022768,0.0057691347,0.0058407791,0.0058075547,0.0058113447,0.0057856901,0.0057939594,0.0058294739,0.0058542443,0.0058022367,0.0057612590,0.0058420864,0.0058692110,0.0055020324,0.0055474981,0.0055011564,0.0058094519,0.0058077932,0.0057839374,0.0060413828,0.0058254501,0.0058277816,0.0058114334,0.0058308391,0.0057738029,0.0057978786,0.0057568605,0.0058251828,0.0055562418,0.0054848172,0.0055358589,0.0058324152,0.0057820973,0.0058606888,0.0058011507,0.0058517188,0.0057755821,0.0058131267,0.0058461049,0.0058011698,0.0057963001,0.0058187410,0.0058198163,0.0054766513,0.0055064008,0.0055010986,0.0058355038,0.0058112068,0.0058250965,0.0058467875,0.0057689802,0.0058053877,0.0058141981,0.0058680643,0.0058579148,0.0057750188,0.0057648416,0.0057746059,0.0055084379,0.0055294432,0.0054601541,0.0058404189,0.0058147817,0.0058258426,0.0057451529,0.0058214949,0.0057877913,0.0057940158,0.0058254231,0.0057797899,0.0057817705,0.0057963483,0.0058516738,0.0055745783,0.0055211133,0.0055156224,0.0058002816,0.0058139734,0.0058406949,0.0058255971,0.0057968582,0.0058501146,0.0058236052,0.0057691479,0.0058115717,0.0058090348,0.0057691937,0.0058096049,0.0054831992,0.0055794865,0.0055561823,0.0057744296,0.0057918969,0.0058397858,0.0057999131,0.0058280782,0.0057956775,0.0058008590,0.0057974521,0.0057813184,0.0058290340,0.0058170456,0.0058128064,0.0055511153,0.0054919404,0.0054866279,0.0058024376,0.0058091470,0.0057485532,0.0057506151,0.0057924721,0.0058423881,0.0057805659,0.0058206301,0.0058241856,0.0058097262,0.0058142644,0.0057752626,0.0055528193,0.0055442967,0.0055251843,0.0057848743,0.0058049774,0.0057963343,0.0058193376,0.0057858187,0.0057916059,0.0057773517,0.0058025614,0.0057870436,0.0057893601,0.0058109679,0.0058115619,0.0055071871,0.0054878926,0.0054772991,0.0057933288,0.0057676744,0.0058232643,0.0058211898,0.0058041411,0.0057956974,0.0058619149,0.0057706931,0.0058120918,0.0057936402,0.0057797502,0.0058136397,0.0054991081,0.0055341756,0.0054718355,0.0058505071,0.0058010589,0.0058060709,0.0057853883,0.0058033044,0.0058286570,0.0058170292,0.0057608994,0.0058157316,0.0057999471,0.0057954232,0.0058232489,0.0055262352,0.0055136326,0.0054641885,0.0058175707,0.0057935679,0.0057830837,0.0057789811,0.0057806977,0.0057745314,0.0058065303,0.0058598586,0.0057634832,0.0058184362,0.0058003842,0.0057974375,0.0054821130,0.0055693473,0.0055254094,0.0057872210,0.0057802940,0.0057920811,0.0057688990,0.0057834819,0.0057669962,0.0057483509,0.0058458965,0.0058165370,0.0057903104,0.0058110571,0.0058639850,0.0055305803,0.0054900768,0.0054387877,0.0057936406,0.0058163943,0.0057868745,0.0058454815,0.0057898424,0.0058366592,0.0058189368,0.0058120802,0.0057377339,0.0058332712,0.0058231433,0.0058095620,0.0055240799,0.0054638089,0.0054971285,0.0049561052,0.0049502923,0.0049124068,0.0049081815,0.0049148494,0.0049482447,0.0049445728,0.0049228757,0.0049423849,0.0049696782,0.0049333368,0.0049505862,0.0047008134,0.0046573202,0.0046339439
4,8,3,1,9,21,11,12,19,20,13,15,16,17,7,3,21,20,9,16,6,0,5,22,20,10,2,14,1,19,8,4,19,11,18,6,15,13,16,23,12,0,12,2,17,18,5,19,3,20,11,6,16,15,17,12,7,21,15,3,4,18,15,14,11,21,9,5,6,2,4,12,14,4,8,10,14,2,8,17,11,2,22,12,9,10,1,23,18,11,10,20,18,3,5,23,21,6,23,22,13,19,7,22,10,13,14,1,0,20,1,7,9,8,4,23,16,5,0,13,0,17,21,8,0,5,17,7,7,22,3,22,1,19,9,6,23,14,2,18,16,13,10,15,18,10,14,11,19,12,22,7,21,4,0,21,10,18,22,1,15,6,6,13,16,3,11,23,6,2,9,17,22,16,22,21,19,18,10,8,18,19,23,20,17,19,7,3,21,16,14,8,18,10,9,16,23,4,14,7,13,5,3,4,12,12,4,0,11,19,2,5,15,17,8,2,3,13,2,20,6,13,8,2,18,3,1,6,16,3,18,8,15,20,10,8,4,13,15,7,1,20,21,16,6,23,21,13,7,22,9,1,22,17,15,11,11,12,9,0,23,9,13,21,23,3,5,17,4,6,18,20,5,20,21,12,19,7,7,22,15,13,14,20,21,1,15,7,5,2,6,13,11,21,16,20,2,1,21,14,6,23,18,4,6,23,12,11,12,1,9,14,5,20,13,14,15,20,8,5,13,9,14,14,1,10,22,0,3,12,12,11,5,17,0,17,11,15,0,6,5,18,17,3,7,10,19,14,4,23,3,6,12,2,2,8,14,23,19,11,21,17,18,11,19,9,1,4,10,3,22,4,23,9,2,9,10,17,20,15,8,1,18,0,15,23,10,22,5,20,0,2,19,8,9,5,0,10,16,0,8,14,1,16,12,19,17,22,13,16,10,21,7,0,16,7,2,19,4,15,4,12,8,10,5,9,16,6,2,14,3,11,7,1,0
0.0429915129,0.0436141929,0.0429033815,0.0357962493,0.0263162121,0.0260462927,0.0258471883,0.0260472434,0.0262032933,0.0268478764,0.0425086125,0.0580655695,0.0580920698,0.0520747717,0.0456742213,0.0686047425,0.0647749489,0.0623880395,0.0566358111,0.0446832141,0.0441668156,0.0428452015,0.0421737564,0.0421448712,0.0489733245,0.0733357192,0.1011392250,0.0875989301,0.0761409732,0.0692525266,0.0732368654,0.0806760499,0.0841498408,0.0936590008,0.1042990857,0.0940326348,0.0880056962,0.0861492462,0.0890534089,0.1022985194,0.0835612155,0.0684449693,0.0586202727,0.0585128332,0.0584456266,0.0676557597,0.0677227576,0.0675155926,0.0674200134,0.0688008033,0.0836657281,0.0927039331,0.0952835327,0.0900496240,0.0741379614,0.0676905991,0.0674961680,0.0603551564,0.0605793622,0.0601491655,0.0670485756,0.0672993191,0.0672499643,0.0676729974,0.0678210788,0.0672271110,0.0677418279,0.0675258045,0.0672083024,0.0674315199,0.0670725835,0.0674248768,0.0608240866,0.0604483997,0.0604322807,0.0677161918,0.0678817927,0.0674850069,0.0675836475,0.0674223454,0.0676997497,0.0673735379,0.0679828812,0.0677056905,0.0672612713,0.0674742857,0.0678222408,0.0602489131,0.0604248228,0.0601065932,0.0676847565,0.0670886734,0.0675319797,0.0670537895,0.0679030571,0.0669709180,0.0670132508,0.0674918578,0.0675458522,0.0671597893,0.0681224360,0.0675560412,0.0604810796,0.0614014914,0.0605917460,0.0680056381,0.0678477231,0.0677084422,0.0676267886,0.0670904216,0.0677494684,0.0681163307,0.0678215106,0.0673999871,0.0679052703,0.0677325836,0.0675676159,0.0609157155,0.0605900783,0.0604797977,0.0675305059,0.0678520488,0.0678294313,0.0681955265,0.0683342072,0.0679841146,0.0677459430,0.0685925847,0.0678354233,0.0680686115,0.0680146961,0.0681142898,0.0609550085,0.0607545046,0.0608521930,0.0165920914,0.0166644642,0.0167232912,0.0169009356,0.0168458649,0.0165752911,0.0166506208,0.0167237237,0.0165949174,0.0167518691,0.0165828044,0.0167066199,0.0158092745,0.0156876845,0.0156369155,0.0058100678,0.0058109841,0.0058703715,0.0058029013,0.0057869885,0.0058216747,0.0058427040,0.0058487670,0.0057879508,0.0058434884,0.0057935349,0.0058068261,0.0055468991,0.0055466332,0.0055401635,0.0058140982,0.0058171307,0.0058158972,0.0058199727,0.0058249440,0.0058285536,0.0058011265,0.0057573960,0.0058171956,0.0057787412,0.0058411281,0.0058156113,0.0054725182,0.0054602680,0.0054557184,0.0058387014,0.0057977432,0.0057950037,0.0058252128,0.0058169408,0.0058010122,0.0058287921,0.0058325720,0.0058491962,0.0058209629,0.0058380783,0.0058220107,0.0055012696,0.0055142008,0.0055477405,0.0058015321,0.0057859698,0.0058367839,0.0058054442,0.0057910459,0.0058544054,0.0058431347,0.0057865329,0.0058267770,0.0058488192,0.0057847461,0.0058426282,0.0055433944,0.0054708032,0.0055001473,0.0057874073,0.0058357188,0.0057924546,0.0058216197,0.0057843398,0.0058071642,0.0058374923,0.0058608882,0.0058050591,0.0057610339,0.0058425567,0.0058574353,0.0054995407,0.0055530523,0.0055048941,0.0058043133,0.0058005024,0.0057771280,0.0057976714,0.0058287171,0.0058109059,0.0058067659,0.0058280890,0.0057785152,0.0057926201,0.0057532599,0.0058177717,0.0055651745,0.0054918093,0.0055424624,0.0058315721,0.0057736895,0.0058590871,0.0057933970,0.0058407453,0.0057893885,0.0057968559,0.0058325104,0.0058006741,0.0057927575,0.0058154058,0.0058280429,0.0054784340,0.0055083726,0.0055170692,0.0058329330,0.0058117568,0.0058253697,0.0058388772,0.0057508083,0.0058047495,0.0058136867,0.0058543762,0.0058552789,0.0057802754,0.0057590888,0.0057633505,0.0055067274,0.0055273878,0.0054419645,0.0058430385,0.0057888677,0.0058059624,0.0057408085,0.0058114630,0.0057831681,0.0058056335,0.0058214815,0.0057814283,0.0057882334,0.0057951169,0.0058492610,0.0055650285,0.0055038696,0.0055115215,0.0058089055,0.0058198673,0.0058427317,0.0058168430,0.0057816862,0.0058449806,0.0058095411,0.0057722885,0.0058107291,0.0058021684,0.0057691538,0.0058052085,0.0054884052,0.0055695880,0.0055582244,0.0057678751,0.0057848547,0.0058351320,0.0057934234,0.0058344005,0.0057955519,0.0057928976,0.0057920935,0.0057817373,0.0058266089,0.0058182365,0.0058142694,0.0055513888,0.0054953158,0.0054833641,0.0058057678,0.0058132583,0.0057508590,0.0057450798,0.0057813920,0.0058563478,0.0057780886,0.0058279865,0.0058161299,0.0058088005,0.0058295583,0.0057688965,0.0055535594,0.0055464844,0.0055073225,0.0057804283,0.0058128876,0.0057932189,0.0058224967,0.0057763134,0.0058085670,0.0057953179,0.0058009042,0.0057926433,0.0057925469,0.0058067810,0.0058188971,0.0055117808,0.0054858221,0.0054769747,0.0057918582,0.0057650181,0.0058295714,0.0058238103,0.0058090282,0.0057963129,0.0058566084,0.0057819277,0.0058094422,0.0057837421,0.0057681812,0.0058046504,0.0055016398,0.0055455777,0.0054738650,0.0058505413,0.0057986829,0.0058010916,0.0058013632,0.0058115196,0.0058199085,0.0058118828,0.0057698100,0.0058201181,0.0057895292,0.0057893824,0.0058246665,0.0055124222,0.0055107695,0.0054656001,0.0058142333,0.0057963776,0.0057706946,0.0057763396,0.0057920341,0.0057744785,0.0058129736,0.0058655860,0.0057518648,0.0058141601,0.0057985857,0.0058145385,0.0054889471,0.0055566016,0.0055326050,0.0057863535,0.0057826158,0.0057994550,0.0057723845,0.0057981074,0.0057737212,0.0057539999,0.0058390489,0.0058087080,0.0057910890,0.0058168926,0.0058582143,0.0055347251,0.0055107303,0.0054347398,0.0057961840,0.0058277379,0.0057884777,0.0058553834,0.0057789420,0.0058346121,0.0058183609,0.0058255111,0.0057486583,0.0058343922,0.0058144833,0.0058022034,0.0055248430,0.0054699661,0.0054888530,0.0049624490,0.0049560812,0.0049132705,0.0049113794,0.0049194835,0.0049532395,0.0049570720,0.0049179778,0.0049278059,0.0049539785,0.0049264465,0.0049642701,0.0047124121,0.0046511111,0.0046263561
4,8,3,1,9,21,11,12,19,20,13,15,16,17,7,3,21,20,9,16,6,0,5,22,20,10,2,14,1,19,8,4,19,11,18,6,15,13,16,23,12,0,12,2,17,18,5,19,3,20,11,6,16,15,17,12,7,21,15,3,4,18,15,14,11,21,9,5,6,2,4,12,14,4,8,10,14,2,8,17,11,2,22,12,9,10,1,23,18,11,10,20,18,3,5,23,21,6,23,22,13,19,7,22,10,13,14,1,0,20,1,7,9,8,4,23,16,5,0,13,0,17,21,8,0,5,17,7,7,22,3,22,1,19,9,6,23,14,2,18,16,13,10,15,18,10,14,11,19,12,22,7,21,4,0,21,10,18,22,1,15,6,6,13,16,3,11,23,6,2,9,17,22,16,22,21,19,18,10,8,18,19,23,20,17,19,7,3,21,16,14,8,18,10,9,16,23,4,14,7,13,5,3,4,12,12,4,0,11,19,2,5,15,17,8,2,3,13,2,20,6,13,8,2,18,3,1,6,16,3,18,8,15,20,10,8,4,13,15,7,1,20,21,16,6,23,21,13,7,22,9,1,22,17,15,11,11,12,9,0,23,9,13,21,23,3,5,17,4,6,18,20,5,20,21,12,19,7,7,22,15,13,14,20,21,1,15,7,5,2,6,13,11,21,16,20,2,1,21,14,6,23,18,4,6,23,12,11,12,1,9,14,5,20,13,14,15,20,8,5,13,9,14,14,1,10,22,0,3,12,12,11,5,17,0,17,11,15,0,6,5,18,17,3,7,10,19,14,4,23,3,6,12,2,2,8,14,23,19,11,21,17,18,11,19,9,1,4,10,3,22,4,23,9,2,9,10,17,20,15,8,1,18,0,15,23,10,22,5,20,0,2,19,8,9,5,0,10,16,0,8,14,1,16,12,19,17,22,13,16,10,21,7,0,16,7,2,19,4,15,4,12,8,10,5,9,16,6,2,14,3,11,7,1,0
0.0430375433,0.0439914381,0.0410380479,0.0308006837,0.0263959964,0.0259390164,0.0256015035,0.0259077546,0.0258933129,0.0263802442,0.0358890937,0.0567821732,0.0609426948,0.0544549390,0.0465869535,0.0685408474,0.0659996401,0.0624698633,0.0550092852,0.0448138104,0.0433331266,0.0420782582,0.0417991736,0.0421819161,0.0464547779,0.0689700562,0.1007367039,0.0911149913,0.0781908994,0.0699335836,0.0751054905,0.0849522931,0.0869318376,0.0938561779,0.1002078477,0.0920315332,0.0847781345,0.0828835008,0.0854197295,0.0987464077,0.0893879479,0.0696485757,0.0586986536,0.0585770589,0.0588449341,0.0675171958,0.0676710667,0.0674420960,0.0669375819,0.0735545428,0.0872085744,0.0955258699,0.0980947187,0.0931085172,0.0790154413,0.0674050208,0.0672183820,0.0605206417,0.0606028046,0.0603931270,0.0677751533,0.0673535239,0.0671810317,0.0681664401,0.0676054711,0.0677094022,0.0679225317,0.0678385937,0.0670520892,0.0673650088,0.0676660698,0.0672106877,0.0609733039,0.0603783274,0.0602441530,0.0680580332,0.0674514636,0.0672403071,0.0674682227,0.0676583213,0.0672713360,0.0674552925,0.0677234281,0.0672939346,0.0676998487,0.0673672932,0.0670439032,0.0599644669,0.0603864922,0.0601848333,0.0675546643,0.0672579719,0.0674091871,0.0672708636,0.0673247432,0.0675806562,0.0676631366,0.0668606434,0.0672636154,0.0671110797,0.0674801381,0.0674230873,0.0606588444,0.0603208037,0.0604079565,0.0676662323,0.0684369924,0.0679690041,0.0679517930,0.0680429721,0.0680356808,0.0676836173,0.0676119419,0.0680498700,0.0682963622,0.0677871458,0.0680989797,0.0605107222,0.0606814481,0.0601944674,0.0679495327,0.0683703403,0.0680401712,0.0682025585,0.0682706443,0.0681447570,0.0681919605,0.0680600091,0.0679909506,0.0676840173,0.0680149253,0.0676558491,0.0607614091,0.0613381430,0.0603276658,0.0165887341,0.0166373835,0.0166974457,0.0169000679,0.0168862945,0.0165576839,0.0166670798,0.0167346535,0.0166015475,0.0167909112,0.0165767161,0.0167023628,0.0157521720,0.0156566157,0.0156349958,0.0058056906,0.0058064364,0.0058723245,0.0058113858,0.0058145362,0.0058403193,0.0058404940,0.0058562850,0.0057816268,0.0058643200,0.0057947433,0.0058067805,0.0055341199,0.0055732362,0.0055404209,0.0058220021,0.0058074352,0.0058219432,0.0058194945,0.0058357773,0.0058346276,0.0058015074,0.0057524010,0.0058087161,0.0057854345,0.0058590817,0.0058229224,0.0054868639,0.0054618629,0.0054592406,0.0058363516,0.0058001352,0.0057894118,0.0058264741,0.0058129830,0.0058040860,0.0058308186,0.0058324974,0.0058529320,0.0058167709,0.0058463367,0.0058131866,0.0055037412,0.0055256980,0.0055586200,0.0058040183,0.0057845388,0.0058550743,0.0058107545,0.0058043942,0.0058587101,0.0058450647,0.0058008146,0.0058210606,0.0058488816,0.0057807426,0.0058397762,0.0055542278,0.0054680873,0.0055046400,0.0057792986,0.0058330780,0.0058051888,0.0058207505,0.0057933115,0.0058110793,0.0058432958,0.0058585783,0.0058178977,0.0057669520,0.0058494307,0.0058654548,0.0055071339,0.0055500178,0.0054969583,0.0058148265,0.0058147320,0.0057801911,0.0058003020,0.0058358764,0.0058189318,0.0058153358,0.0058221539,0.0057871426,0.0058006785,0.0057556379,0.0058150113,0.0055623514,0.0054965630,0.0055399604,0.0058492895,0.0057989690,0.0058551794,0.0057925818,0.0058524300,0.0057904901,0.0057989199,0.0058487880,0.0058010205,0.0057972982,0.0058162320,0.0058308107,0.0054839946,0.0055020505,0.0055152236,0.0058243651,0.0058108253,0.0058384274,0.0058412398,0.0057787415,0.0058066178,0.0058119170,0.0058696325,0.0058571542,0.0057861010,0.0057752567,0.0057771664,0.0055126944,0.0055206404,0.0054634773,0.0058428576,0.0058135862,0.0058178420,0.0057400815,0.0058075460,0.0057888828,0.0058032592,0.0058179438,0.0057909731,0.0057781895,0.0058087120,0.0058530311,0.0055761640,0.0055142730,0.0055171602,0.0058187102,0.0058260943,0.0058405309,0.0058343618,0.0058130571,0.0058547888,0.0058203646,0.0057707588,0.0058146615,0.0058232392,0.0057750741,0.0058107809,0.0054954969,0.0055804067,0.0055530733,0.0057715515,0.0057951526,0.0058529229,0.0057857869,0.0058305472,0.0057969209,0.0057973463,0.0058012500,0.0057901424,0.0058388317,0.0058189735,0.0058103641,0.0055464351,0.0054986700,0.0054948447,0.0058041405,0.0058129687,0.0057521525,0.0057636267,0.0057914277,0.0058601938,0.0057732340,0.0058325887,0.0058149245,0.0058095514,0.0058129222,0.0057745286,0.0055729544,0.0055611273,0.0055041832,0.0057815205,0.0058024429,0.0057999319,0.0058224031,0.0057965766,0.0058056643,0.0057858481,0.0057941047,0.0058068614,0.0057980316,0.0058157691,0.0058123482,0.0055092004,0.0054929138,0.0054790079,0.0057846756,0.0057652197,0.0058379499,0.0058259260,0.0058049069,0.0057905706,0.0058735567,0.0057990441,0.0058073494,0.0058130678,0.0057898612,0.0057993626,0.0055033403,0.0055368660,0.0054792541,0.0058552188,0.0058044904,0.0058011308,0.0057958337,0.0057938052,0.0058204272,0.0058306249,0.0057741862,0.0058183565,0.0058000303,0.0057939577,0.0058210981,0.0055225353,0.0055156885,0.0054617705,0.0058228673,0.0057886471,0.0057861233,0.0057841525,0.0057912703,0.0057790092,0.0058245670,0.0058639713,0.0057675960,0.0058090257,0.0057995770,0.0058048895,0.0054953685,0.0055511969,0.0055380413,0.0057916650,0.0058076688,0.0057828156,0.0057787200,0.0057983650,0.0057687863,0.0057734512,0.0058429639,0.0058046666,0.0058004552,0.0058025845,0.0058556729,0.0055301559,0.0055012731,0.0054359538,0.0057868954,0.0058230535,0.0057875766,0.0058545910,0.0057843902,0.0058553169,0.0058205154,0.0058113817,0.0057569674,0.0058366639,0.0058156142,0.0058145268,0.0055258580,0.0054680099,0.0054982634,0.0049540730,0.0049533891,0.0049116460,0.0049086245,0.0049135199,0.0049529120,0.0049450385,0.0049326545,0.0049410598,0.0049601637,0.0049288699,0.0049672766,0.0046819867,0.0046710831,0.0046474666
4,8,3,1,9,21,11,12,19,20,13,15,16,17,7,3,21,20,9,16,6,0,5,22,20,10,2,14,1,19,8,4,19,11,18,6,15,13,16,23,12,0,12,2,17,18,5,19,3,20,11,6,16,15,17,12,7,21,15,3,4,18,15,14,11,21,9,5,6,2,4,12,14,4,8,10,14,2,8,17,11,2,22,12,9,10,1,23,18,11,10,20,18,3,5,23,21,6,23,22,13,19,7,22,10,13,14,1,0,20,1,7,9,8,4,23,16,5,0,13,0,17,21,8,0,5,17,7,7,22,3,22,1,19,9,6,23,14,2,18,16,13,10,15,18,10,14,11,19,12,22,7,21,4,0,21,10,18,22,1,15,6,6,13,16,3,11,23,6,2,9,17,22,16,22,21,19,18,10,8,18,19,23,20,17,19,7,3,21,16,14,8,18,10,9,16,23,4,14,7,13,5,3,4,12,12,4,0,11,19,2,5,15,17,8,2,3,13,2,20,6,13,8,2,18,3,1,6,16,3,18,8,15,20,10,8,4,13,15,7,1,20,21,16,6,23,21,13,7,22,9,1,22,17,15,11,11,12,9,0,23,9,13,21,23,3,5,17,4,6,18,20,5,20,21,12,19,7,7,22,15,13,14,20,21,1,15,7,5,2,6,13,11,21,16,20,2,1,21,14,6,23,18,4,6,23,12,11,12,1,9,14,5,20,13,14,15,20,8,5,13,9,14,14,1,10,22,0,3,12,12,11,5,17,0,17,11,15,0,6,5,18,17,3,7,10,19,14,4,23,3,6,12,2,2,8,14,23,19,11,21,17,18,11,19,9,1,4,10,3,22,4,23,9,2,9,10,17,20,15,8,1,18,0,15,23,10,22,5,20,0,2,19,8,9,5,0,10,16,0,8,14,1,16,12,19,17,22,13,16,10,21,7,0,16,7,2,19,4,15,4,12,8,10,5,9,16,6,2,14,3,11,7,1,0
0.0430553229,0.0442837937,0.0390154952,0.0279515782,0.0261717393,0.0258233156,0.0257375947,0.0259012518,0.0259613727,0.0263076916,0.0327736611,0.0571843150,0.0608284131,0.0536380003,0.0471882588,0.0672283397,0.0642775208,0.0623082692,0.0539860436,0.0442619520,0.0423054731,0.0415799887,0.0416895303,0.0422091894,0.0465882717,0.0693842128,0.1028558260,0.0954535053,0.0808848344,0.0700642894,0.0762490758,0.0860113597,0.0884749752,0.0953132109,0.0983313335,0.0907676937,0.0847663107,0.0830604968,0.0837132745,0.0939846089,0.0897477856,0.0704836934,0.0588705336,0.0585851085,0.0586500906,0.0670791461,0.0678728217,0.0674764566,0.0677476218,0.0772722722,0.0878539469,0.0976654014,0.0999842188,0.0953061332,0.0834094786,0.0680328858,0.0677655657,0.0605858552,0.0602610706,0.0602109495,0.0677415743,0.0677053071,0.0674368634,0.0682523409,0.0675919698,0.0671488057,0.0677645576,0.0674432640,0.0675347071,0.0678528763,0.0678852617,0.0676271568,0.0606774573,0.0605584770,0.0602359109,0.0678515308,0.0678949557,0.0673982689,0.0675477818,0.0676115816,0.0675938860,0.0679711870,0.0681727016,0.0673272114,0.0673004454,0.0674500877,0.0675058215,0.0602077188,0.0601563633,0.0598268368,0.0670854585,0.0673767308,0.0667750527,0.0668583895,0.0675903279,0.0671540526,0.0672923774,0.0673024426,0.0671860331,0.0676828661,0.0676294502,0.0672239932,0.0605391601,0.0610142058,0.0604146153,0.0677554430,0.0686364623,0.0675690784,0.0679222494,0.0677858232,0.0682723253,0.0681189765,0.0680437052,0.0681617292,0.0679712949,0.0676958478,0.0681116119,0.0606883472,0.0606914774,0.0607513844,0.0675617157,0.0680676008,0.0681381007,0.0680068051,0.0683447661,0.0685458190,0.0683239879,0.0683344277,0.0683668582,0.0685796357,0.0677829974,0.0681290000,0.0608127293,0.0610726788,0.0605770246,0.0166006216,0.0167046862,0.0167645504,0.0169292856,0.0168897566,0.0165772816,0.0166985131,0.0167119272,0.0166119342,0.0167314657,0.0165689168,0.0166751483,0.0157924068,0.0156617998,0.0156319140,0.0058110325,0.0057963921,0.0058659196,0.0058111527,0.0057930818,0.0058239985,0.0058379930,0.0058646080,0.0057808836,0.0058509694,0.0057999322,0.0058033785,0.0055379911,0.0055574785,0.0055349739,0.0058151523,0.0058077586,0.0058163582,0.0058040739,0.0058192127,0.0058380656,0.0058010840,0.0057501913,0.0058068498,0.0057761066,0.0058604878,0.0058260817,0.0054773627,0.0054539276,0.0055127083,0.0058483629,0.0057991769,0.0058000246,0.0058233673,0.0058159345,0.0058089488,0.0058183575,0.0058358563,0.0058494126,0.0058024043,0.0058418341,0.0058502039,0.0055062695,0.0055176779,0.0055620683,0.0058108847,0.0057914053,0.0058443268,0.0057959135,0.0057940996,0.0058588841,0.0058410846,0.0057827164,0.0058171429,0.0058389666,0.0057756717,0.0058406091,0.0055426715,0.0054688167,0.0055060512,0.0057911682,0.0058356066,0.0058057177,0.0058189496,0.0058533615,0.0058009266,0.0058388079,0.0058571001,0.0057942585,0.0057895881,0.0058429533,0.0058610164,0.0055186479,0.0055436526,0.0054959350,0.0058069583,0.0057995902,0.0057809171,0.0057940368,0.0058264772,0.0058309962,0.0058186865,0.0058209836,0.0057759268,0.0058092839,0.0057561640,0.0058116543,0.0055651210,0.0054891314,0.0055456492,0.0058269098,0.0057922612,0.0058530884,0.0057953128,0.0058486039,0.0057902957,0.0057964858,0.0058461893,0.0057980650,0.0057924063,0.0058104374,0.0058218106,0.0054744362,0.0055048736,0.0055031498,0.0058193628,0.0057968357,0.0058317628,0.0058480207,0.0057617023,0.0058128064,0.0058136250,0.0058656610,0.0058547493,0.0057834353,0.0057626240,0.0057757573,0.0055141907,0.0055182468,0.0054523336,0.0058402371,0.0057998466,0.0058164990,0.0057396472,0.0058131653,0.0057807855,0.0058198115,0.0058190090,0.0057701235,0.0057816524,0.0057901343,0.0058540874,0.0055700006,0.0055116453,0.0055115344,0.0058080888,0.0058197381,0.0058323368,0.0058244607,0.0057816318,0.0058527186,0.0058143550,0.0057702191,0.0058035249,0.0058084992,0.0057710046,0.0057998992,0.0054857338,0.0055726579,0.0055511085,0.0057687628,0.0057964772,0.0058265928,0.0057922747,0.0058243605,0.0058046672,0.0057846601,0.0057891117,0.0057814714,0.0058303426,0.0058160727,0.0058118573,0.0055453861,0.0055090999,0.0054954790,0.0058038061,0.0058160893,0.0057493267,0.0057467462,0.0057890077,0.0058524501,0.0057828925,0.0058278664,0.0058257754,0.0058081310,0.0058213420,0.0057841335,0.0055511501,0.0055466109,0.0055048732,0.0057858579,0.0058118994,0.0057840461,0.0058212746,0.0057953678,0.0057942999,0.0057863403,0.0057984840,0.0057919782,0.0057926846,0.0057928263,0.0058146605,0.0055132941,0.0054800546,0.0054707435,0.0057953396,0.0057710154,0.0058287416,0.0058173212,0.0058246237,0.0057804639,0.0058675226,0.0057918238,0.0058059835,0.0057899243,0.0057759997,0.0058080646,0.0054927809,0.0055378286,0.0054713729,0.0058513257,0.0058026225,0.0057926416,0.0058125748,0.0057998380,0.0058244304,0.0058210485,0.0057662797,0.0058200149,0.0057943721,0.0057894629,0.0058068164,0.0055180861,0.0055271395,0.0054727016,0.0058035250,0.0058030980,0.0057878390,0.0057811122,0.0057805072,0.0057745247,0.0058032630,0.0058470513,0.0058431242,0.0058173050,0.0057860714,0.0058120807,0.0054855053,0.0055493732,0.0055349308,0.0057799752,0.0057833938,0.0057893614,0.0057689437,0.0057981557,0.0057696686,0.0057445102,0.0058511010,0.0057986410,0.0057897947,0.0057988174,0.0058549520,0.0055226110,0.0054909997,0.0054368521,0.0057978612,0.0058422623,0.0057809643,0.0058497173,0.0057805687,0.0058427953,0.0058328189,0.0058059178,0.0057453379,0.0058264887,0.0058148280,0.0058033395,0.0055170850,0.0054607902,0.0054955329,0.0049640557,0.0049502043,0.0049246902,0.0049090663,0.0049192051,0.0049611863,0.0049310287,0.0049257577,0.0049336733,0.0049587879,0.0049262970,0.0049585705,0.0046814526,0.0046540469,0.0046343738
4,8,3,1,9,21,11,12,19,20,13,15,16,17,7,3,21,20,9,16,6,0,5,22,20,10,2,14,1,19,8,4,19,11,18,6,15,13,16,23,12,0,12,2,17,18,5,19,3,20,11,6,16,15,17,12,7,21,15,3,4,18,15,14,11,21,9,5,6,2,4,12,14,4,8,10,14,2,8,17,11,2,22,12,9,10,1,23,18,11,10,20,18,3,5,23,21,6,23,22,13,19,7,22,10,13,14,1,0,20,1,7,9,8,4,23,16,5,0,13,0,17,21,8,0,5,17,7,7,22,3,22,1,19,9,6,23,14,2,18,16,13,10,15,18,10,14,11,19,12,22,7,21,4,0,21,10,18,22,1,15,6,6,13,16,3,11,23,6,2,9,17,22,16,22,21,19,18,10,8,18,19,23,20,17,19,7,3,21,16,14,8,18,10,9,16,23,4,14,7,13,5,3,4,12,12,4,0,11,19,2,5,15,17,8,2,3,13,2,20,6,13,8,2,18,3,1,6,16,3,18,8,15,20,10,8,4,13,15,7,1,20,21,16,6,23,21,13,7,22,9,1,22,17,15,11,11,12,9,0,23,9,13,21,23,3,5,17,4,6,18,20,5,20,21,12,19,7,7,22,15,13,14,20,21,1,15,7,5,2,6,13,11,21,16,20,2,1,21,14,6,23,18,4,6,23,12,11,12,1,9,14,5,20,13,14,15,20,8,5,13,9,14,14,1,10,22,0,3,12,12,11,5,17,0,17,11,15,0,6,5,18,17,3,7,10,19,14,4,23,3,6,12,2,2,8,14,23,19,11,21,17,18,11,19,9,1,4,10,3,22,4,23,9,2,9,10,17,20,15,8,1,18,0,15,23,10,22,5,20,0,2,19,8,9,5,0,10,16,0,8,14,1,16,12,19,17,22,13,16,10,21,7,0,16,7,2,19,4,15,4,12,8,10,5,9,16,6,2,14,3,11,7,1,0
0.0431966981,0.0447348954,0.0360668439,0.0263200851,0.0259323651,0.0258638370,0.0256865331,0.0258330100,0.0259789570,0.0263022261,0.0314382579,0.0622497869,0.0634586944,0.0526034770,0.0453122605,0.0652338013,0.0608803825,0.0609938660,0.0539233626,0.0447422452,0.0426065585,0.0418592427,0.0422126286,0.0422906438,0.0468113179,0.0716389459,0.1039582458,0.0931835928,0.0784853749,0.0693015103,0.0767451125,0.0847214643,0.0876286682,0.0940626099,0.0964250493,0.0879303219,0.0764662981,0.0736027378,0.0772577339,0.0893623530,0.0868901150,0.0693233891,0.0582812293,0.0581602519,0.0583487270,0.0676691707,0.0674561492,0.0667410066,0.0688314908,0.0789128196,0.0922471084,0.1052608923,0.1075166529,0.1016874122,0.0869190426,0.0690296301,0.0676206694,0.0601622106,0.0605108006,0.0598306104,0.0675793837,0.0678604123,0.0672951111,0.0678105274,0.0673471686,0.0671388550,0.0675593575,0.0676307916,0.0668452017,0.0673157679,0.0675354161,0.0676496892,0.0609190902,0.0605097723,0.0601560519,0.0677894770,0.0674516037,0.0669770833,0.0676225048,0.0674346446,0.0669392858,0.0672680965,0.0674945011,0.0675527622,0.0672187481,0.0674099157,0.0677200853,0.0599925756,0.0601255809,0.0598417476,0.0672624919,0.0670820706,0.0677646074,0.0674817414,0.0672308745,0.0673291374,0.0672341092,0.0665432669,0.0674569448,0.0673295082,0.0674930035,0.0672870166,0.0601374492,0.0611648459,0.0603568783,0.0674931828,0.0680297955,0.0675388020,0.0681054687,0.0678405128,0.0677501972,0.0680450522,0.0679013938,0.0680475713,0.0680411184,0.0682113900,0.0681348824,0.0608263335,0.0613017337,0.0608127144,0.0673132512,0.0683573001,0.0676921549,0.0682720169,0.0685335831,0.0674994762,0.0682471881,0.0684323039,0.0680963802,0.0683563710,0.0680835402,0.0683895834,0.0605517541,0.0610207222,0.0609330948,0.0165896974,0.0167267938,0.0167493742,0.0168228294,0.0168666779,0.0166257068,0.0166143875,0.0167234386,0.0166318918,0.0167135597,0.0165578737,0.0166875924,0.0158401963,0.0157192163,0.0156034384,0.0058066898,0.0058035480,0.0058808764,0.0058021694,0.0058001391,0.0058353762,0.0058403375,0.0058613556,0.0057853539,0.0058491870,0.0058066259,0.0058095836,0.0055463066,0.0055632570,0.0055378252,0.0058185100,0.0058083744,0.0058114411,0.0058186900,0.0058301824,0.0058397960,0.0058037045,0.0057566996,0.0058102681,0.0057779553,0.0058454321,0.0058121445,0.0054789557,0.0054548531,0.0054624451,0.0058508538,0.0057983260,0.0057839277,0.0058158582,0.0058194488,0.0058127027,0.0058260451,0.0058344759,0.0058588972,0.0058151916,0.0058402683,0.0058090198,0.0054992168,0.0055194279,0.0055526615,0.0058084243,0.0057884630,0.0058485180,0.0058022647,0.0057964286,0.0058628479,0.0058389037,0.0057887715,0.0058224513,0.0058410097,0.0057683521,0.0058363694,0.0055450642,0.0054663207,0.0055016440,0.0057706972,0.0058444818,0.0058134004,0.0058144106,0.0057818652,0.0058198274,0.0058393709,0.0058463697,0.0057993540,0.0057615007,0.0058397664,0.0058608413,0.0054959285,0.0055413556,0.0054997401,0.0058125910,0.0058043088,0.0057851876,0.0057936344,0.0058326250,0.0058204962,0.0058046261,0.0058238891,0.0057760080,0.0057978978,0.0057588513,0.0058133743,0.0055499982,0.0054973634,0.0055397983,0.0058325323,0.0057800946,0.0058547964,0.0058049396,0.0058514891,0.0057888578,0.0058008366,0.0058370071,0.0058049991,0.0057971214,0.0058115256,0.0058180796,0.0054681119,0.0055014653,0.0055074389,0.0058272274,0.0058074748,0.0058352819,0.0058372921,0.0057658441,0.0058003414,0.0058217337,0.0058604934,0.0058514257,0.0057830826,0.0057655457,0.0057726863,0.0055085687,0.0055154749,0.0054542697,0.0058460282,0.0058101228,0.0058170548,0.0057528749,0.0058211172,0.0057823300,0.0058085741,0.0058215916,0.0057683835,0.0057803563,0.0058044157,0.0058506673,0.0055652379,0.0055063953,0.0055179803,0.0058006730,0.0058233991,0.0058390599,0.0058244959,0.0058055510,0.0058444529,0.0058183771,0.0057721249,0.0058270898,0.0058162446,0.0057714001,0.0058089482,0.0054964263,0.0055765561,0.0055534161,0.0057838732,0.0057941714,0.0058492933,0.0057905420,0.0058374695,0.0058022005,0.0057912851,0.0057994838,0.0057774406,0.0058399087,0.0058132981,0.0058203889,0.0055557810,0.0054999822,0.0054961563,0.0058074048,0.0058168862,0.0057484620,0.0057425531,0.0057848498,0.0058552396,0.0057775479,0.0058233824,0.0058178903,0.0058090918,0.0058137295,0.0057843741,0.0055552919,0.0055541584,0.0055014512,0.0057834087,0.0058032255,0.0058031382,0.0057973013,0.0057917303,0.0057936983,0.0057767222,0.0057909346,0.0057934164,0.0057963181,0.0057975926,0.0058258737,0.0055093270,0.0054870595,0.0054779102,0.0057879577,0.0057720772,0.0058243326,0.0058226159,0.0058078161,0.0058003705,0.0058599694,0.0057889243,0.0058072323,0.0058059175,0.0057740417,0.0058013746,0.0054899907,0.0055315111,0.0054717340,0.0058529066,0.0058006661,0.0058062383,0.0057979252,0.0058030829,0.0058282540,0.0058256032,0.0057602091,0.0058184557,0.0057917359,0.0058097718,0.0058269440,0.0055129560,0.0055105080,0.0054508487,0.0058198432,0.0057969417,0.0057788407,0.0057828631,0.0057720763,0.0057690967,0.0058121381,0.0058638924,0.0057550622,0.0058154749,0.0057972776,0.0057946560,0.0054868437,0.0055577049,0.0055251719,0.0057985453,0.0057819095,0.0057981051,0.0057792615,0.0057952400,0.0057751525,0.0057613029,0.0058469424,0.0058081927,0.0057990345,0.0057988661,0.0058663054,0.0055251887,0.0055022105,0.0054352399,0.0057980216,0.0058285108,0.0057906871,0.0058391721,0.0057740971,0.0058404553,0.0058190126,0.0058293240,0.0057540486,0.0058303007,0.0058209707,0.0058067081,0.0055261351,0.0054534035,0.0054997449,0.0049853990,0.0049540562,0.0049093218,0.0049031886,0.0049103549,0.0049642264,0.0049415521,0.0049319970,0.0049332967,0.0049523959,0.0049412266,0.0049446341,0.0046883090,0.0046562992,0.0046339102
4,8,3,1,9,21,11,12,19,20,13,15,16,17,7,3,21,20,9,16,6,0,5,22,20,10,2,14,1,19,8,4,19,11,18,6,15,13,16,23,12,0,12,2,17,18,5,19,3,20,11,6,16,15,17,12,7,21,15,3,4,18,15,14,11,21,9,5,6,2,4,12,14,4,8,10,14,2,8,17,11,2,22,12,9,10,1,23,18,11,10,20,18,3,5,23,21,6,23,22,13,19,7,22,10,13,14,1,0,20,1,7,9,8,4,23,16,5,0,13,0,17,21,8,0,5,17,7,7,22,3,22,1,19,9,6,23,14,2,18,16,13,10,15,18,10,14,11,19,12,22,7,21,4,0,21,10,18,22,1,15,6,6,13,16,3,11,23,6,2,9,17,22,16,22,21,19,18,10,8,18,19,23,20,17,19,7,3,21,16,14,8,18,10,9,16,23,4,14,7,13,5,3,4,12,12,4,0,11,19,2,5,15,17,8,2,3,13,2,20,6,13,8,2,18,3,1,6,16,3,18,8,15,20,10,8,4,13,15,7,1,20,21,16,6,23,21,13,7,22,9,1,22,17,15,11,11,12,9,0,23,9,13,21,23,3,5,17,4,6,18,20,5,20,21,12,19,7,7,22,15,13,14,20,21,1,15,7,5,2,6,13,11,21,16,20,2,1,21,14,6,23,18,4,6,23,12,11,12,1,9,14,5,20,13,14,15,20,8,5,13,9,14,14,1,10,22,0,3,12,12,11,5,17,0,17,11,15,0,6,5,18,17,3,7,10,19,14,4,23,3,6,12,2,2,8,14,23,19,11,21,17,18,11,19,9,1,4,10,3,22,4,23,9,2,9,10,17,20,15,8,1,18,0,15,23,10,22,5,20,0,2,19,8,9,5,0,10,16,0,8,14,1,16,12,19,17,22,13,16,10,21,7,0,16,7,2,19,4,15,4,12,8,10,5,9,16,6,2,14,3,11,7,1,0
0.0436663965,0.0446086308,0.0330531724,0.0263534887,0.0258515927,0.0257000374,0.0259287953,0.0257361460,0.0259881228,0.0263502231,0.0298869893,0.0654008939,0.0665195989,0.0555117425,0.0453929677,0.0647379590,0.0618065084,0.0599772312,0.0500385160,0.0419906756,0.0406278836,0.0407389225,0.0410058305,0.0414346068,0.0441712276,0.0700032178,0.1033315001,0.0942154958,0.0769568701,0.0696371834,0.0806829319,0.0884441154,0.0917326755,0.0969011381,0.0968571268,0.0770560905,0.0713082605,0.0698116503,0.0701593136,0.0852359297,0.0872439344,0.0709812394,0.0589419897,0.0588531478,0.0590209608,0.0676965988,0.0677964074,0.0676606893,0.0698718679,0.0819182759,0.1044695458,0.1102869885,0.1114393544,0.1092869856,0.0943652293,0.0705495017,0.0673449314,0.0601237991,0.0605257205,0.0602624398,0.0680230924,0.0672953591,0.0669838017,0.0682486198,0.0678805074,0.0674436930,0.0676186654,0.0675087817,0.0676100172,0.0670005715,0.0676226343,0.0672176635,0.0604930952,0.0602572988,0.0606542076,0.0674790460,0.0676694946,0.0669010340,0.0681494657,0.0677385553,0.0673233486,0.0673120877,0.0676298608,0.0674472089,0.0677460936,0.0676531795,0.0679232754,0.0601303548,0.0602533082,0.0601804606,0.0674362293,0.0672226858,0.0675820358,0.0673344863,0.0678008812,0.0677629009,0.0675215738,0.0669666327,0.0673418300,0.0674367491,0.0682332447,0.0677093706,0.0599223106,0.0611570176,0.0603657247,0.0677699158,0.0683501699,0.0680531793,0.0686030221,0.0675584860,0.0679578003,0.0679096142,0.0683303999,0.0681574011,0.0679125112,0.0680375758,0.0681934529,0.0605909236,0.0612231433,0.0599689461,0.0677603035,0.0680990797,0.0675606625,0.0681917518,0.0684421950,0.0679836067,0.0681782452,0.0680120076,0.0680992737,0.0682711934,0.0681248787,0.0680476487,0.0608637240,0.0612553276,0.0608917571,0.0165722150,0.0166033193,0.0167387975,0.0168952808,0.0168845073,0.0165035793,0.0166171114,0.0167208904,0.0165329073,0.0167584976,0.0165340612,0.0167038184,0.0158032081,0.0156858305,0.0156645587,0.0058046105,0.0058066574,0.0058814663,0.0058069922,0.0058058680,0.0058198859,0.0058514713,0.0058588203,0.0057849594,0.0058549509,0.0058041310,0.0057941810,0.0055433587,0.0055485430,0.0055381336,0.0058253462,0.0058205569,0.0058265186,0.0057993076,0.0058261538,0.0058431065,0.0058079366,0.0057574217,0.0058067736,0.0057764575,0.0058504888,0.0058264453,0.0054833681,0.0054598259,0.0054646535,0.0058472292,0.0058088625,0.0057852142,0.0058152659,0.0058279152,0.0058106220,0.0058180259,0.0058299955,0.0058567763,0.0058184816,0.0058394806,0.0058120020,0.0054974592,0.0055298829,0.0055516926,0.0058120308,0.0057866418,0.0058469269,0.0058048383,0.0058033489,0.0058616353,0.0058402088,0.0057914332,0.0058173122,0.0058457538,0.0057735297,0.0058420434,0.0055406454,0.0054793203,0.0055025547,0.0057914232,0.0058492234,0.0058049885,0.0058259617,0.0057818730,0.0058106553,0.0058488718,0.0058602359,0.0058020682,0.0057633728,0.0058366423,0.0058672861,0.0055033583,0.0055586023,0.0055003119,0.0058092609,0.0058092591,0.0057657086,0.0057919718,0.0058248163,0.0058346012,0.0058180655,0.0058188019,0.0057730140,0.0058142730,0.0057589523,0.0058229244,0.0055628872,0.0054857954,0.0055388898,0.0058404748,0.0057780705,0.0058538023,0.0057905356,0.0058450068,0.0057846835,0.0058076114,0.0058453274,0.0058147823,0.0057926249,0.0058355252,0.0058458215,0.0054801465,0.0055103176,0.0055132989,0.0058356679,0.0058195417,0.0058291319,0.0058470839,0.0057740891,0.0058118281,0.0058230809,0.0058528381,0.0058553381,0.0057803454,0.0057622360,0.0057860453,0.0055093145,0.0055256497,0.0054484358,0.0058445474,0.0058130655,0.0058200391,0.0057387419,0.0058043030,0.0057899555,0.0058113176,0.0058236399,0.0057792271,0.0057839840,0.0057954118,0.0058538884,0.0055741506,0.0055082588,0.0055147606,0.0058160771,0.0058171219,0.0058411527,0.0058385663,0.0057935835,0.0058408400,0.0058118260,0.0057752570,0.0058197276,0.0058153760,0.0057702073,0.0058209141,0.0054831968,0.0055812845,0.0055608022,0.0057606096,0.0057919061,0.0058473671,0.0057989967,0.0058219295,0.0058053345,0.0057814010,0.0058003886,0.0057754471,0.0058340437,0.0058235624,0.0058115124,0.0055430265,0.0054827338,0.0054883167,0.0058152505,0.0058106891,0.0057467699,0.0057444899,0.0057861599,0.0058390250,0.0057714909,0.0058231199,0.0058225121,0.0058047721,0.0058258960,0.0057664255,0.0055584796,0.0055684037,0.0054988258,0.0057858898,0.0058086124,0.0058021720,0.0058191759,0.0057921536,0.0058068157,0.0057824575,0.0057919125,0.0057995734,0.0057887811,0.0058005578,0.0058140998,0.0055141298,0.0054925337,0.0054772148,0.0057836118,0.0057695649,0.0058282670,0.0058420073,0.0058178251,0.0057966554,0.0058646817,0.0057996347,0.0058129385,0.0057963180,0.0057852093,0.0058013645,0.0055020217,0.0055404920,0.0054639788,0.0058594645,0.0058084606,0.0058006702,0.0057894555,0.0058082559,0.0058210784,0.0058132179,0.0057719869,0.0058142341,0.0058124584,0.0057911313,0.0058158422,0.0055215438,0.0055154538,0.0054747893,0.0058341126,0.0057913270,0.0057833373,0.0057801140,0.0057850881,0.0057818319,0.0058115508,0.0058790993,0.0057697749,0.0058206820,0.0058053775,0.0058107447,0.0054832836,0.0055594103,0.0055248013,0.0057817838,0.0057870276,0.0058021261,0.0057814131,0.0057906713,0.0057776663,0.0057589026,0.0058466568,0.0058074221,0.0057994222,0.0058072430,0.0058531961,0.0055301559,0.0055089280,0.0054388001,0.0058045993,0.0058257571,0.0057931874,0.0058461270,0.0057881965,0.0058562414,0.0058229031,0.0058109231,0.0057507683,0.0058299899,0.0058209836,0.0058202265,0.0055313479,0.0054615091,0.0054999608,0.0049619152,0.0049624976,0.0049020981,0.0049150344,0.0049204203,0.0049514884,0.0049438177,0.0049305179,0.0049361318,0.0049519169,0.0049246376,0.0049558306,0.0046843335,0.0046789227,0.0046390883
4,8,3,1,9,21,11,12,19,20,13,15,16,17,7,3,21,20,9,16,6,0,5,22,20,10,2,14,1,19,8,4,19,11,18,6,15,13,16,23,12,0,12,2,17,18,5,19,3,20,11,6,16,15,17,12,7,21,15,3,4,18,15,14,11,21,9,5,6,2,4,12,14,4,8,10,14,2,8,17,11,2,22,12,9,10,1,23,18,11,10,20,18,3,5,23,21,6,23,22,13,19,7,22,10,13,14,1,0,20,1,7,9,8,4,23,16,5,0,13,0,17,21,8,0,5,17,7,7,22,3,22,1,19,9,6,23,14,2,18,16,13,10,15,18,10,14,11,19,12,22,7,21,4,0,21,10,18,22,1,15,6,6,13,16,3,11,23,6,2,9,17,22,16,22,21,19,18,10,8,18,19,23,20,17,19,7,3,21,16,14,8,18,10,9,16,23,4,14,7,13,5,3,4,12,12,4,0,11,19,2,5,15,17,8,2,3,13,2,20,6,13,8,2,18,3,1,6,16,3,18,8,15,20,10,8,4,13,15,7,1,20,21,16,6,23,21,13,7,22,9,1,22,17,15,11,11,12,9,0,23,9,13,21,23,3,5,17,4,6,18,20,5,20,21,12,19,7,7,22,15,13,14,20,21,1,15,7,5,2,6,13,11,21,16,20,2,1,21,14,6,23,18,4,6,23,12,11,12,1,9,14,5,20,13,14,15,20,8,5,13,9,14,14,1,10,22,0,3,12,12,11,5,17,0,17,11,15,0,6,5,18,17,3,7,10,19,14,4,23,3,6,12,2,2,8,14,23,19,11,21,17,18,11,19,9,1,4,10,3,22,4,23,9,2,9,10,17,20,15,8,1,18,0,15,23,10,22,5,20,0,2,19,8,9,5,0,10,16,0,8,14,1,16,12,19,17,22,13,16,10,21,7,0,16,7,2,19,4,15,4,12,8,10,5,9,16,6,2,14,3,11,7,1,0
0.0441152569,0.0437164955,0.0320268675,0.0265838550,0.0256828079,0.0249052615,0.0260221162,0.0260494743,0.0259563927,0.0264779099,0.0286104405,0.0634287312,0.0652121092,0.0588873703,0.0462862077,0.0642181149,0.0613002529,0.0604702940,0.0489055339,0.0428122262,0.0412849594,0.0409223933,0.0414697349,0.0417318866,0.0437379715,0.0662618055,0.1053184705,0.0948414149,0.0743978229,0.0676639783,0.0827685221,0.0891162742,0.0938007402,0.0970332325,0.0867376339,0.0720530011,0.0701803873,0.0684215496,0.0684850805,0.0797232550,0.0862929866,0.0710532288,0.0592490256,0.0581580420,0.0590968254,0.0677010836,0.0679028556,0.0676581065,0.0708364612,0.0910711088,0.1098115734,0.1130645152,0.1133087176,0.1119377110,0.1003204757,0.0727895104,0.0675468573,0.0604571594,0.0604515686,0.0604108387,0.0675972150,0.0680270416,0.0678570605,0.0678160669,0.0674539282,0.0680161502,0.0679896632,0.0677796959,0.0677070976,0.0679399993,0.0673346613,0.0677683275,0.0612307326,0.0606412354,0.0597510093,0.0678560673,0.0670048695,0.0666893050,0.0679220131,0.0678854271,0.0676076287,0.0680462874,0.0679519191,0.0673319719,0.0674325413,0.0678587954,0.0677123807,0.0605264203,0.0602852282,0.0607436758,0.0671391142,0.0676805472,0.0681006902,0.0677285743,0.0678506451,0.0675788494,0.0669218309,0.0674255722,0.0672435633,0.0679585308,0.0672251174,0.0677701110,0.0604280842,0.0612857478,0.0607095527,0.0683109522,0.0679086434,0.0676962859,0.0686132280,0.0684521858,0.0679335955,0.0682413276,0.0677280698,0.0679482958,0.0681129278,0.0683382516,0.0680279540,0.0612906416,0.0608649390,0.0612420875,0.0675400108,0.0681973100,0.0688707741,0.0687746590,0.0675790641,0.0679348166,0.0683264006,0.0684535399,0.0684682552,0.0682042027,0.0689578843,0.0682136976,0.0612958559,0.0607516730,0.0605624049,0.0165957407,0.0165939377,0.0165944835,0.0166157237,0.0168191432,0.0165876601,0.0165312735,0.0165067757,0.0166489645,0.0165826188,0.0165099403,0.0166316648,0.0158492742,0.0157380477,0.0156433418,0.0058359265,0.0058148618,0.0058330635,0.0058474463,0.0058768820,0.0057878653,0.0058141800,0.0058618190,0.0058509437,0.0058503529,0.0058700729,0.0058571271,0.0055170194,0.0054571866,0.0055648936,0.0057904883,0.0057995204,0.0058253048,0.0057996777,0.0058289357,0.0058726680,0.0058508389,0.0058646105,0.0057945020,0.0058476431,0.0058563855,0.0058179335,0.0055183223,0.0054565375,0.0055545491,0.0058528861,0.0058190130,0.0058357668,0.0058185241,0.0058123225,0.0058158412,0.0058190299,0.0058484931,0.0058293894,0.0058037038,0.0058396451,0.0058090031,0.0055088754,0.0054947290,0.0055215609,0.0057945802,0.0057826381,0.0057897689,0.0058169032,0.0058455435,0.0057850223,0.0058367800,0.0058137794,0.0058194632,0.0058017654,0.0058652928,0.0058023293,0.0055131128,0.0055256380,0.0055342000,0.0058119670,0.0057920367,0.0057848661,0.0058867132,0.0058241768,0.0058058332,0.0058040947,0.0058149385,0.0058115755,0.0058007487,0.0057892565,0.0057945235,0.0054981449,0.0055198544,0.0054759480,0.0058407724,0.0058264717,0.0058168378,0.0057922781,0.0058011421,0.0058110254,0.0058075382,0.0058226730,0.0058171047,0.0057750499,0.0058416938,0.0057961024,0.0054620136,0.0055275824,0.0055115265,0.0057829619,0.0058244482,0.0058674655,0.0058242148,0.0058466341,0.0058110970,0.0058040620,0.0058319742,0.0058609978,0.0058248098,0.0058899422,0.0058574761,0.0054607244,0.0055424666,0.0054854692,0.0066371827,0.0058307474,0.0058318791,0.0057979545,0.0057871937,0.0058062206,0.0058259778,0.0057727555,0.0058032672,0.0057424464,0.0058027894,0.0058238058,0.0055053704,0.0055379370,0.0055021056,0.0058100478,0.0057598970,0.0058354236,0.0058081229,0.0058371389,0.0058123845,0.0058209331,0.0057808428,0.0057679414,0.0058796722,0.0058072993,0.0058036624,0.0055242695,0.0055304376,0.0055139495,0.0058514052,0.0057981034,0.0057919201,0.0058023026,0.0058150413,0.0058149248,0.0058121150,0.0057898051,0.0058136804,0.0057923784,0.0057863082,0.0057497760,0.0055486441,0.0054734327,0.0055149422,0.0058292020,0.0058339735,0.0058264992,0.0058110327,0.0058554025,0.0058451480,0.0058065607,0.0057780727,0.0057741087,0.0057883342,0.0058231841,0.0058212964,0.0055651887,0.0055429272,0.0055323324,0.0058191038,0.0057907988,0.0058030225,0.0057622941,0.0057771998,0.0058093167,0.0057989288,0.0058162904,0.0058061576,0.0058226330,0.0058003589,0.0057970933,0.0055344741,0.0055495217,0.0054948126,0.0058596737,0.0058331342,0.0057838937,0.0058292470,0.0058370509,0.0057825765,0.0058289042,0.0058059919,0.0057860967,0.0058384277,0.0058062783,0.0057615243,0.0055631260,0.0055366053,0.0054861219,0.0057848547,0.0058122442,0.0058149162,0.0058083531,0.0058022482,0.0058092695,0.0058114274,0.0058278279,0.0058271827,0.0058326994,0.0058401386,0.0058296824,0.0054601801,0.0054787179,0.0054841020,0.0057827770,0.0058509231,0.0058163130,0.0057687008,0.0057897381,0.0058007584,0.0058541614,0.0058422909,0.0057971655,0.0058479208,0.0057837138,0.0058048181,0.0055056557,0.0054924437,0.0054538731,0.0057806015,0.0057662330,0.0058196600,0.0057845756,0.0058179865,0.0058110906,0.0058321783,0.0057834967,0.0057974382,0.0058171896,0.0058298580,0.0058172544,0.0055612501,0.0055161680,0.0054550436,0.0057660644,0.0058360434,0.0058185078,0.0058121462,0.0058096550,0.0058070477,0.0057920406,0.0057864128,0.0058236056,0.0058201762,0.0057832972,0.0058079265,0.0055272177,0.0054943141,0.0055340047,0.0057595884,0.0057992881,0.0057899772,0.0058694523,0.0057724615,0.0058223097,0.0058374386,0.0058103175,0.0058222574,0.0057545453,0.0057922254,0.0058279684,0.0054854751,0.0055325289,0.0054881897,0.0049959969,0.0050044461,0.0049097580,0.0049133594,0.0049445875,0.0049911641,0.0049779580,0.0049596261,0.0049412050,0.0050057389,0.0049951716,0.0049459404,0.0046992420,0.0046420123,0.0046427507
5,1,3,6,13,7,18,10,8,12,20,0,19,22,7,21,22,10,21,11,16,14,15,17,2,5,21,23,20,3,12,10,9,0,19,6,16,3,11,18,13,14,0,19,4,18,14,10,15,8,22,1,2,7,4,17,3,13,14,20,21,8,9,16,11,11,19,2,0,10,4,13,3,6,5,5,13,4,13,12,6,12,23,15,6,9,2,18,12,8,14,18,21,20,17,16,1,23,16,17,20,8,23,2,16,3,11,4,15,7,1,15,17,18,5,0,6,17,1,9,20,23,22,12,5,7,8,22,9,14,10,19,11,7,15,19,22,9,1,2,1,0,4,3,21,6,23,2,20,21,9,15,12,21,14,16,10,18,11,14,6,13,10,11,5,10,20,15,19,17,13,23,1,16,21,9,14,4,16,21,4,3,17,3,16,6,10,18,19,12,6,15,8,2,12,16,19,23,11,5,0,7,5,8,16,14,12,8,23,13,4,8,12,13,5,7,7,23,2,6,3,8,17,17,11,5,4,7,8,9,0,11,13,17,0,3,4,16,5,6,8,18,13,0,14,10,22,15,1,10,1,19,0,18,19,2,14,21,0,15,14,5,11,15,0,5,15,16,1,15,17,20,19,18,7,23,11,8,22,9,17,17,21,14,20,6,7,10,4,12,9,17,16,15,4,11,22,2,20,15,4,6,5,16,1,13,1,22,19,22,7,12,9,1,6,2,8,23,22,16,5,12,6,2,10,12,8,13,19,9,14,2,4,17,9,19,6,7,20,18,23,22,21,7,22,8,9,19,11,9,15,4,18,21,14,13,1,12,7,19,22,1,0,22,0,0,18,13,23,19,2,5,23,22,20,23,3,7,23,12,4,13,9,10,18,17,9,3,14,0,3,21,3,2,1,20,2,22,18,21,20,12,3,15,14,8,11,11,18,20,16,3,10,0,20,23,21,4,18,10,13,17,3,4,5,10,9,7,8,11,6,12,2,1,0
0.0443991181,0.0424912638,0.0302280548,0.0260960248,0.0236388865,0.0236120515,0.0246247802,0.0259327667,0.0257637275,0.0259879813,0.0270477780,0.0602273877,0.0677830921,0.0601740926,0.0480734417,0.0636991976,0.0596118735,0.0607973450,0.0501382992,0.0424780386,0.0411744520,0.0404652526,0.0407904052,0.0415403131,0.0443959930,0.0632991170,0.1023146713,0.0968502544,0.0722546190,0.0656176301,0.0826646466,0.0883786823,0.0927945404,0.0902025715,0.0749587425,0.0700954100,0.0690537733,0.0683522798,0.0684306547,0.0756258624,0.0878922422,0.0715533983,0.0586281730,0.0573369681,0.0589165592,0.0681611485,0.0671445908,0.0677041684,0.0762857939,0.1022608059,0.1101357418,0.1119395698,0.1086680436,0.1112434675,0.1037549556,0.0745477880,0.0679358674,0.0606541146,0.0599732971,0.0598431381,0.0676126619,0.0673180624,0.0675277167,0.0674888722,0.0680522665,0.0671899031,0.0706064061,0.0741468215,0.0685102347,0.0675442045,0.0673706543,0.0672704068,0.0605145244,0.0600305110,0.0602569524,0.0669616998,0.0673209125,0.0680686290,0.0677855586,0.0675898062,0.0674757442,0.0672071644,0.0679966507,0.0679791095,0.0671160790,0.0673019005,0.0678968285,0.0604223328,0.0606481087,0.0606002904,0.0673586639,0.0676768721,0.0672464115,0.0673502739,0.0676645695,0.0677184863,0.0673485335,0.0673866134,0.0673874358,0.0677874270,0.0675100357,0.0668005926,0.0598357856,0.0608557546,0.0606370642,0.0678205504,0.0681347550,0.0685024900,0.0674097774,0.0683033414,0.0676283477,0.0679407723,0.0684280681,0.0684911905,0.0680576138,0.0679381840,0.0675665377,0.0611806405,0.0610351936,0.0607220127,0.0673343841,0.0682168124,0.0680677531,0.0681371299,0.0680946777,0.0680061767,0.0684185438,0.0684595337,0.0681348417,0.0682903856,0.0682266836,0.0681248168,0.0616195718,0.0606196318,0.0604280865,0.0165559391,0.0165186131,0.0166326188,0.0166134399,0.0168687442,0.0165400635,0.0164884206,0.0163618939,0.0166387026,0.0165645357,0.0163587310,0.0164828151,0.0157207849,0.0156677559,0.0155899423,0.0058299063,0.0058137000,0.0058195676,0.0058511855,0.0058881958,0.0057855603,0.0058149421,0.0058547125,0.0058427536,0.0058507433,0.0058796333,0.0058787549,0.0055211086,0.0054517592,0.0055548083,0.0057922729,0.0058000889,0.0058251383,0.0057974930,0.0058377959,0.0059030438,0.0058629935,0.0058671458,0.0058011232,0.0058392751,0.0058677650,0.0058293525,0.0055140237,0.0054565034,0.0055491029,0.0058520804,0.0058092278,0.0058359311,0.0058131990,0.0058130985,0.0058145432,0.0058118640,0.0058451948,0.0058304167,0.0058199729,0.0058429501,0.0058029153,0.0055018331,0.0054962914,0.0055263073,0.0057957966,0.0057876292,0.0057937157,0.0058104531,0.0058380827,0.0057903857,0.0058556097,0.0057978116,0.0058107604,0.0058059890,0.0058655644,0.0057929990,0.0055053431,0.0055272531,0.0055545495,0.0058061051,0.0058026521,0.0057853296,0.0058913062,0.0058181138,0.0058125729,0.0058135961,0.0058172130,0.0058216397,0.0057984913,0.0057874085,0.0058009581,0.0055041626,0.0055104115,0.0054800142,0.0058332764,0.0058402808,0.0058146970,0.0058002918,0.0058133443,0.0058036196,0.0058051556,0.0058351013,0.0057959132,0.0057722670,0.0058407830,0.0057992870,0.0054610730,0.0055189326,0.0055036922,0.0057743842,0.0058305488,0.0058710055,0.0058232021,0.0058415665,0.0057962456,0.0058044332,0.0058411879,0.0058519632,0.0058164218,0.0058816209,0.0058477721,0.0054607459,0.0055487611,0.0054752390,0.0058315445,0.0058308560,0.0058352156,0.0057855743,0.0057922084,0.0058217172,0.0058218756,0.0057674926,0.0058183821,0.0057382146,0.0058032322,0.0058163737,0.0054909776,0.0055371728,0.0055108898,0.0058042002,0.0057543838,0.0058169946,0.0058100182,0.0058319898,0.0058047071,0.0058188244,0.0057749458,0.0057739972,0.0058847822,0.0058019478,0.0058011524,0.0055187478,0.0055354300,0.0055153168,0.0058548454,0.0058050329,0.0057898582,0.0058167350,0.0058211990,0.0058202650,0.0058245353,0.0057689775,0.0058055180,0.0057977703,0.0057800852,0.0057551545,0.0055126644,0.0054749788,0.0055144513,0.0058310977,0.0058402433,0.0058207493,0.0057982324,0.0058519299,0.0058577472,0.0058035096,0.0057842784,0.0057870948,0.0058064234,0.0058238662,0.0058138244,0.0055620681,0.0055288028,0.0055320372,0.0058153728,0.0057844248,0.0058017420,0.0057551331,0.0057752147,0.0058043816,0.0057940487,0.0058364044,0.0058158631,0.0058278546,0.0057938876,0.0057940315,0.0055425349,0.0055414874,0.0054994934,0.0058570956,0.0058320140,0.0057850123,0.0058288495,0.0058533738,0.0057834108,0.0058276705,0.0058169303,0.0057820328,0.0058298840,0.0057986852,0.0057719681,0.0055683702,0.0055430628,0.0054903279,0.0057807715,0.0058189570,0.0058165949,0.0057988885,0.0058161511,0.0058028738,0.0058118579,0.0058114270,0.0058578953,0.0058426964,0.0058527596,0.0058266736,0.0054417317,0.0054893827,0.0054833859,0.0057917834,0.0058580766,0.0058128442,0.0057792479,0.0057956309,0.0057902615,0.0058553680,0.0058291665,0.0057928553,0.0058411585,0.0057920863,0.0057932670,0.0054984416,0.0054842724,0.0054686861,0.0057740707,0.0057726474,0.0058282790,0.0057895180,0.0058119236,0.0058159824,0.0058464393,0.0057959576,0.0057896093,0.0058311287,0.0058268984,0.0058221013,0.0055681786,0.0055215126,0.0054501609,0.0057572462,0.0058340371,0.0058268347,0.0058162862,0.0058112309,0.0057991459,0.0057951738,0.0057936729,0.0058259127,0.0058209383,0.0057904335,0.0061622519,0.0055217643,0.0054905564,0.0055389136,0.0057667096,0.0057929392,0.0057905959,0.0058442232,0.0057811591,0.0058320129,0.0058422801,0.0058159327,0.0058197859,0.0057531022,0.0057916365,0.0058264638,0.0054893073,0.0055270981,0.0054775580,0.0050000453,0.0050222435,0.0049125388,0.0049024038,0.0049336993,0.0049853307,0.0049822897,0.0049652330,0.0049408462,0.0049959778,0.0049902228,0.0049618280,0.0046951054,0.0046457379,0.0046606406
5,1,3,6,13,7,18,10,8,12,20,0,19,22,7,21,22,10,21,11,16,14,15,17,2,5,21,23,20,3,12,10,9,0,19,6,16,3,11,18,13,14,0,19,4,18,14,10,15,8,22,1,2,7,4,17,3,13,14,20,21,8,9,16,11,11,19,2,0,10,4,13,3,6,5,5,13,4,13,12,6,12,23,15,6,9,2,18,12,8,14,18,21,20,17,16,1,23,16,17,20,8,23,2,16,3,11,4,15,7,1,15,17,18,5,0,6,17,1,9,20,23,22,12,5,7,8,22,9,14,10,19,11,7,15,19,22,9,1,2,1,0,4,3,21,6,23,2,20,21,9,15,12,21,14,16,10,18,11,14,6,13,10,11,5,10,20,15,19,17,13,23,1,16,21,9,14,4,16,21,4,3,17,3,16,6,10,18,19,12,6,15,8,2,12,16,19,23,11,5,0,7,5,8,16,14,12,8,23,13,4,8,12,13,5,7,7,23,2,6,3,8,17,17,11,5,4,7,8,9,0,11,13,17,0,3,4,16,5,6,8,18,13,0,14,10,22,15,1,10,1,19,0,18,19,2,14,21,0,15,14,5,11,15,0,5,15,16,1,15,17,20,19,18,7,23,11,8,22,9,17,17,21,14,20,6,7,10,4,12,9,17,16,15,4,11,22,2,20,15,4,6,5,16,1,13,1,22,19,22,7,12,9,1,6,2,8,23,22,16,5,12,6,2,10,12,8,13,19,9,14,2,4,17,9,19,6,7,20,18,23,22,21,7,22,8,9,19,11,9,15,4,18,21,14,13,1,12,7,19,22,1,0,22,0,0,18,13,23,19,2,5,23,22,20,23,3,7,23,12,4,13,9,10,18,17,9,3,14,0,3,21,3,2,1,20,2,22,18,21,20,12,3,15,14,8,11,11,18,20,16,3,10,0,20,23,21,4,18,10,13,17,3,4,5,10,9,7,8,11,6,12,2,1,0
0.0444433018,0.0413337825,0.0279981665,0.0260549614,0.0231488478,0.0236381104,0.0255776200,0.0257577441,0.0259398005,0.0261387883,0.0265443681,0.0578242280,0.0736097161,0.0633086134,0.0501970893,0.0640663479,0.0571444424,0.0588171819,0.0491863626,0.0418326828,0.0400533065,0.0398154741,0.0397167266,0.0403330393,0.0439990080,0.0590551329,0.0964738711,0.0997363619,0.0739313576,0.0647784756,0.0838712837,0.0932737591,0.0952982062,0.0845007561,0.0738393704,0.0705959371,0.0681607227,0.0681540582,0.0689038568,0.0729021347,0.0891119641,0.0773275232,0.0591683837,0.0577191576,0.0590579998,0.0676594128,0.0676189768,0.0674973041,0.0830666805,0.1037439509,0.1089314405,0.1028785977,0.0996149812,0.1051103431,0.1063161968,0.0768765938,0.0669037534,0.0606667215,0.0604655648,0.0605467547,0.0677532171,0.0679663073,0.0678634513,0.0671434345,0.0680736308,0.0696222321,0.0809140563,0.0838808466,0.0759502124,0.0679202136,0.0672285102,0.0670340342,0.0602950203,0.0600318184,0.0603289312,0.0676705577,0.0676815984,0.0669406034,0.0675928301,0.0678301116,0.0677338690,0.0671711189,0.0672132870,0.0679923830,0.0674430964,0.0674445650,0.0672412300,0.0608326985,0.0603750349,0.0605156378,0.0675322867,0.0673132703,0.0680935468,0.0670975076,0.0672741559,0.0676058705,0.0671571013,0.0673647876,0.0676547333,0.0669574450,0.0667720362,0.0676974040,0.0601318619,0.0608682851,0.0602187762,0.0680196305,0.0674480780,0.0677312059,0.0681227866,0.0686624784,0.0672885886,0.0675431196,0.0681118642,0.0681655117,0.0679107097,0.0680361909,0.0678467199,0.0610663962,0.0607025187,0.0609061113,0.0673142931,0.0679064971,0.0678169936,0.0685210286,0.0680470451,0.0682166889,0.0681653577,0.0675948500,0.0678735838,0.0682307570,0.0685505492,0.0683775892,0.0614355261,0.0604166595,0.0606276982,0.0165187019,0.0165399921,0.0165952308,0.0166115165,0.0168115326,0.0165677387,0.0165060120,0.0163277449,0.0166774531,0.0165213775,0.0163265690,0.0164369728,0.0157337634,0.0156810349,0.0156119857,0.0058462485,0.0058104432,0.0058344130,0.0058646709,0.0058907026,0.0057848039,0.0058085549,0.0058519324,0.0058513715,0.0058569872,0.0058664788,0.0058577560,0.0055244615,0.0054546346,0.0055528341,0.0057869143,0.0057935394,0.0058212956,0.0057991772,0.0058241999,0.0058771034,0.0058505083,0.0058613233,0.0058019404,0.0058439482,0.0058684793,0.0058258098,0.0055177200,0.0054624442,0.0055623512,0.0058542418,0.0058103397,0.0058303551,0.0058223449,0.0058123946,0.0058101307,0.0058100286,0.0058419098,0.0058288026,0.0058056997,0.0058301122,0.0057982271,0.0055172548,0.0054933151,0.0055224877,0.0057880987,0.0057892614,0.0057947091,0.0058143147,0.0058417400,0.0057986517,0.0058479963,0.0057978375,0.0058113482,0.0058064298,0.0058593073,0.0057986124,0.0055063934,0.0055210833,0.0055382030,0.0058078138,0.0057883882,0.0057849362,0.0058847851,0.0058186497,0.0058112437,0.0058030962,0.0058123625,0.0057990374,0.0057950121,0.0057876951,0.0058001109,0.0055018921,0.0055182910,0.0054783866,0.0058343975,0.0058241771,0.0058283307,0.0057955444,0.0058091900,0.0057895653,0.0058058561,0.0058145467,0.0058174933,0.0057688868,0.0058430667,0.0058011306,0.0054626178,0.0055269080,0.0055101231,0.0057710603,0.0058219897,0.0058537215,0.0058244667,0.0058374009,0.0057980626,0.0057975670,0.0058329311,0.0058465895,0.0058247952,0.0058747095,0.0058548476,0.0054639735,0.0055482719,0.0054977553,0.0058272756,0.0058277356,0.0058337957,0.0057912474,0.0057973430,0.0058104070,0.0058235101,0.0057718374,0.0058059295,0.0057389495,0.0058117645,0.0058139683,0.0055007619,0.0055377514,0.0055004475,0.0058006272,0.0057639576,0.0058344471,0.0058042621,0.0058345412,0.0058076482,0.0058293573,0.0057732888,0.0057683064,0.0058814582,0.0058072194,0.0057980935,0.0055155933,0.0055430353,0.0055074128,0.0058592137,0.0058081295,0.0057927903,0.0058032305,0.0058205493,0.0058177885,0.0058117307,0.0057677731,0.0058043636,0.0057841632,0.0057949781,0.0057516780,0.0055206560,0.0054631233,0.0055067295,0.0058275694,0.0058411816,0.0058223144,0.0058021641,0.0058481284,0.0058503819,0.0058001072,0.0057757734,0.0057759575,0.0057927639,0.0058242991,0.0058130250,0.0055708596,0.0055341911,0.0055285458,0.0058125933,0.0057853815,0.0058052671,0.0057517497,0.0057830543,0.0058111724,0.0058015741,0.0058288311,0.0058075119,0.0058277249,0.0058103876,0.0057919305,0.0055295617,0.0055398655,0.0055037680,0.0058557341,0.0058269470,0.0057852137,0.0058254627,0.0058578153,0.0057905654,0.0058397482,0.0058052873,0.0057794000,0.0058299801,0.0057950517,0.0057662657,0.0055601216,0.0055404787,0.0054904895,0.0057831851,0.0058227292,0.0058128600,0.0058049052,0.0058077821,0.0058064482,0.0058126319,0.0058127211,0.0058696541,0.0058368062,0.0058524993,0.0058321942,0.0054652971,0.0054828422,0.0054847022,0.0057975878,0.0058447098,0.0058245854,0.0057701702,0.0057868303,0.0057944665,0.0058491077,0.0058264145,0.0057917487,0.0058310296,0.0057830198,0.0057948150,0.0055090921,0.0054827859,0.0054564301,0.0057888771,0.0057658139,0.0058317585,0.0057881072,0.0058175715,0.0058033117,0.0058450979,0.0057940955,0.0057869473,0.0058238606,0.0058214838,0.0058254557,0.0055552201,0.0055284935,0.0054475207,0.0057664541,0.0058547153,0.0058138642,0.0058060497,0.0058050616,0.0058045435,0.0057998504,0.0057784626,0.0058249283,0.0058349242,0.0057833314,0.0058064874,0.0055324871,0.0054961594,0.0055401572,0.0057739470,0.0057886615,0.0057958447,0.0058446583,0.0057793459,0.0058380682,0.0058387626,0.0058147081,0.0058174077,0.0057449971,0.0057918530,0.0058255796,0.0055008657,0.0055154854,0.0054753330,0.0050028182,0.0049996242,0.0049052093,0.0049086759,0.0049342377,0.0049953256,0.0049908842,0.0049597136,0.0049462849,0.0050005532,0.0049998457,0.0049428804,0.0047021619,0.0046386025,0.0046401857
5,1,3,6,13,7,18,10,8,12,20,0,19,22,7,21,22,10,21,11,16,14,15,17,2,5,21,23,20,3,12,10,9,0,19,6,16,3,11,18,13,14,0,19,4,18,14,10,15,8,22,1,2,7,4,17,3,13,14,20,21,8,9,16,11,11,19,2,0,10,4,13,3,6,5,5,13,4,13,12,6,12,23,15,6,9,2,18,12,8,14,18,21,20,17,16,1,23,16,17,20,8,23,2,16,3,11,4,15,7,1,15,17,18,5,0,6,17,1,9,20,23,22,12,5,7,8,22,9,14,10,19,11,7,15,19,22,9,1,2,1,0,4,3,21,6,23,2,20,21,9,15,12,21,14,16,10,18,11,14,6,13,10,11,5,10,20,15,19,17,13,23,1,16,21,9,14,4,16,21,4,3,17,3,16,6,10,18,19,12,6,15,8,2,12,16,19,23,11,5,0,7,5,8,16,14,12,8,23,13,4,8,12,13,5,7,7,23,2,6,3,8,17,17,11,5,4,7,8,9,0,11,13,17,0,3,4,16,5,6,8,18,13,0,14,10,22,15,1,10,1,19,0,18,19,2,14,21,0,15,14,5,11,15,0,5,15,16,1,15,17,20,19,18,7,23,11,8,22,9,17,17,21,14,20,6,7,10,4,12,9,17,16,15,4,11,22,2,20,15,4,6,5,16,1,13,1,22,19,22,7,12,9,1,6,2,8,23,22,16,5,12,6,2,10,12,8,13,19,9,14,2,4,17,9,19,6,7,20,18,23,22,21,7,22,8,9,19,11,9,15,4,18,21,14,13,1,12,7,19,22,1,0,22,0,0,18,13,23,19,2,5,23,22,20,23,3,7,23,12,4,13,9,10,18,17,9,3,14,0,3,21,3,2,1,20,2,22,18,21,20,12,3,15,14,8,11,11,18,20,16,3,10,0,20,23,21,4,18,10,13,17,3,4,5,10,9,7,8,11,6,12,2,1,0
0.0449439582,0.0383246854,0.0265914987,0.0256600083,0.0230233065,0.0236026851,0.0258122367,0.0256689778,0.0259333813,0.0262925824,0.0270927456,0.0571158041,0.0779568983,0.0626284052,0.0502161737,0.0630039676,0.0543584096,0.0585689496,0.0496475519,0.0422085209,0.0406596772,0.0406447205,0.0402658470,0.0407825726,0.0445755598,0.0599564705,0.0999367066,0.1003786948,0.0753371190,0.0638175364,0.0843985496,0.0953144789,0.0955560582,0.0795092269,0.0738671403,0.0693724767,0.0682304299,0.0670762195,0.0676706599,0.0702963838,0.0854465953,0.0765717577,0.0589032803,0.0582247828,0.0589365842,0.0680379176,0.0679108941,0.0686279244,0.0877316303,0.1056011046,0.1049605841,0.0969652572,0.0938560186,0.0980268915,0.1069881958,0.0794064851,0.0675050550,0.0605622525,0.0601187699,0.0603471495,0.0672150103,0.0676914730,0.0673178148,0.0669793407,0.0676353573,0.0751559847,0.0871016873,0.0894071031,0.0826783842,0.0686995471,0.0675039954,0.0676735365,0.0603006733,0.0602272257,0.0601412635,0.0676995290,0.0671889490,0.0671751948,0.0671944632,0.0681153731,0.0676912615,0.0677301889,0.0671362355,0.0674816070,0.0675430502,0.0673566071,0.0675771120,0.0608950192,0.0600387427,0.0608236576,0.0672597484,0.0678940247,0.0675603153,0.0672886361,0.0674379651,0.0674837757,0.0676757258,0.0670468265,0.0670713982,0.0677664569,0.0675639222,0.0673357887,0.0605409025,0.0610414345,0.0604255817,0.0674469961,0.0681990678,0.0683592369,0.0680084264,0.0677839786,0.0683105925,0.0677491705,0.0678156709,0.0686593600,0.0681124992,0.0679865415,0.0680496426,0.0611109328,0.0613128016,0.0607761072,0.0677904302,0.0677465967,0.0680972903,0.0685175849,0.0682577043,0.0679434876,0.0682642374,0.0682765780,0.0676850903,0.0682546690,0.0685978547,0.0679077058,0.0615748872,0.0605035586,0.0601871152,0.0165779285,0.0165408304,0.0165361220,0.0166340876,0.0166859895,0.0166195017,0.0164635208,0.0163646598,0.0165775002,0.0165787144,0.0163922354,0.0162796696,0.0156789022,0.0157459313,0.0156213058,0.0058266828,0.0058036009,0.0058305563,0.0058438494,0.0058805548,0.0057894246,0.0058144211,0.0058597084,0.0058461869,0.0058511495,0.0058700699,0.0058505943,0.0055057452,0.0054502138,0.0055612894,0.0057942260,0.0058041173,0.0058093402,0.0057964361,0.0058277332,0.0058686118,0.0058596388,0.0058758558,0.0058051524,0.0058490120,0.0058599289,0.0058222175,0.0055126751,0.0054627517,0.0055641772,0.0058622210,0.0058037782,0.0058202612,0.0058191262,0.0058113199,0.0058100120,0.0058142232,0.0058530024,0.0058150769,0.0057980818,0.0058408688,0.0057941311,0.0055120191,0.0055045966,0.0055199541,0.0057975158,0.0057875792,0.0057967536,0.0058106579,0.0058427020,0.0057804449,0.0058343228,0.0058013447,0.0058181145,0.0058045624,0.0058578756,0.0058004396,0.0055186712,0.0055185199,0.0055372198,0.0058114400,0.0057982930,0.0057862434,0.0058889467,0.0058127502,0.0058097678,0.0058046982,0.0058115413,0.0058014176,0.0057995327,0.0057894850,0.0057986872,0.0055056101,0.0055021819,0.0054838508,0.0058459482,0.0058342606,0.0058127905,0.0057875203,0.0058074847,0.0058078819,0.0058000724,0.0058231087,0.0057980446,0.0057639530,0.0058453065,0.0058011648,0.0054504157,0.0055207501,0.0055125792,0.0057792188,0.0058252423,0.0058557160,0.0058195892,0.0058509944,0.0058055043,0.0058010602,0.0058417729,0.0058509110,0.0058034276,0.0058987877,0.0058530824,0.0054611980,0.0055427761,0.0054774235,0.0058300182,0.0058377376,0.0058368619,0.0057885999,0.0057923092,0.0058094091,0.0058164355,0.0057726255,0.0058059724,0.0057291346,0.0058115817,0.0058148640,0.0054849582,0.0055425239,0.0055026049,0.0058038434,0.0057588769,0.0058314416,0.0057902106,0.0058309202,0.0058067813,0.0058081797,0.0057880782,0.0057882700,0.0058824462,0.0058011322,0.0057851549,0.0055220142,0.0055285654,0.0055170506,0.0058548521,0.0058020940,0.0057987387,0.0058141737,0.0058187581,0.0058249886,0.0058207876,0.0057669416,0.0057947035,0.0057947376,0.0057833428,0.0057459280,0.0055254845,0.0054665323,0.0055087455,0.0058282769,0.0058255674,0.0058334283,0.0057990922,0.0058494387,0.0058490156,0.0058012578,0.0057860453,0.0057639056,0.0057947174,0.0058311437,0.0058027657,0.0055699991,0.0055389096,0.0055308188,0.0058142683,0.0057867387,0.0058022712,0.0057651016,0.0057763550,0.0058137925,0.0057961850,0.0058221556,0.0058145895,0.0058333833,0.0058128770,0.0057985235,0.0055224835,0.0055462348,0.0054943308,0.0058487192,0.0058329027,0.0057862901,0.0058172145,0.0058461295,0.0057864112,0.0058278359,0.0058085642,0.0057794854,0.0058241898,0.0057823686,0.0057841586,0.0055647447,0.0055295297,0.0055005767,0.0057885680,0.0058389187,0.0058074277,0.0058066731,0.0058154355,0.0058058475,0.0058176368,0.0058182514,0.0058484103,0.0058317297,0.0058326478,0.0058192876,0.0054481331,0.0054878061,0.0054651103,0.0057948320,0.0058617692,0.0058182882,0.0057753872,0.0057832692,0.0057931479,0.0058516444,0.0058239683,0.0057863943,0.0058354524,0.0057815718,0.0057970327,0.0055083072,0.0054903262,0.0054645406,0.0057830379,0.0057762620,0.0058299271,0.0057868561,0.0058200571,0.0058139103,0.0058328587,0.0057917766,0.0058013645,0.0058165552,0.0058309731,0.0058146172,0.0055577531,0.0055218621,0.0054468161,0.0057624214,0.0058634422,0.0058111221,0.0058130984,0.0058180155,0.0057992140,0.0057936268,0.0057928465,0.0058244690,0.0058261952,0.0057898675,0.0058151066,0.0055259512,0.0055031998,0.0055398387,0.0057651916,0.0057895659,0.0057941981,0.0058467450,0.0057734598,0.0058237480,0.0058371048,0.0058232967,0.0058251299,0.0058767725,0.0057901363,0.0058335541,0.0054918509,0.0055217239,0.0054892988,0.0049969842,0.0050084775,0.0049144024,0.0049078241,0.0049357254,0.0049846810,0.0049829630,0.0049594617,0.0049450744,0.0049932783,0.0049867098,0.0049495222,0.0047038263,0.0046628202,0.0046471602
5,1,3,6,13,7,18,10,8,12,20,0,19,22,7,21,22,10,21,11,16,14,15,17,2,5,21,23,20,3,12,10,9,0,19,6,16,3,11,18,13,14,0,19,4,18,14,10,15,8,22,1,2,7,4,17,3,13,14,20,21,8,9,16,11,11,19,2,0,10,4,13,3,6,5,5,13,4,13,12,6,12,23,15,6,9,2,18,12,8,14,18,21,20,17,16,1,23,16,17,20,8,23,2,16,3,11,4,15,7,1,15,17,18,5,0,6,17,1,9,20,23,22,12,5,7,8,22,9,14,10,19,11,7,15,19,22,9,1,2,1,0,4,3,21,6,23,2,20,21,9,15,12,21,14,16,10,18,11,14,6,13,10,11,5,10,20,15,19,17,13,23,1,16,21,9,14,4,16,21,4,3,17,3,16,6,10,18,19,12,6,15,8,2,12,16,19,23,11,5,0,7,5,8,16,14,12,8,23,13,4,8,12,13,5,7,7,23,2,6,3,8,17,17,11,5,4,7,8,9,0,11,13,17,0,3,4,16,5,6,8,18,13,0,14,10,22,15,1,10,1,19,0,18,19,2,14,21,0,15,14,5,11,15,0,5,15,16,1,15,17,20,19,18,7,23,11,8,22,9,17,17,21,14,20,6,7,10,4,12,9,17,16,15,4,11,22,2,20,15,4,6,5,16,1,13,1,22,19,22,7,12,9,1,6,2,8,23,22,16,5,12,6,2,10,12,8,13,19,9,14,2,4,17,9,19,6,7,20,18,23,22,21,7,22,8,9,19,11,9,15,4,18,21,14,13,1,12,7,19,22,1,0,22,0,0,18,13,23,19,2,5,23,22,20,23,3,7,23,12,4,13,9,10,18,17,9,3,14,0,3,21,3,2,1,20,2,22,18,21,20,12,3,15,14,8,11,11,18,20,16,3,10,0,20,23,21,4,18,10,13,17,3,4,5,10,9,7,8,11,6,12,2,1,0
0.0450102641,0.0344631309,0.0261679744,0.0236273832,0.0236715936,0.0235612779,0.0250891058,0.0258006749,0.0263952169,0.0262636751,0.0279521885,0.0575734253,0.0812814051,0.0622294603,0.0481896382,0.0612397888,0.0504508997,0.0580845036,0.0463889751,0.0418938846,0.0398533035,0.0400506266,0.0403473439,0.0409681299,0.0443394270,0.0580991849,0.0964967841,0.0999954856,0.0727074242,0.0626102736,0.0858524281,0.1002510905,0.0947515817,0.0798030371,0.0734430688,0.0700813318,0.0673125261,0.0667883153,0.0669992511,0.0693941672,0.0822404260,0.0784774590,0.0598125213,0.0572296468,0.0592259274,0.0678303122,0.0678373617,0.0699926110,0.0906043623,0.1052109259,0.0987607582,0.0929872055,0.0927209975,0.0946369055,0.1051296240,0.0829682534,0.0675403890,0.0605649910,0.0603053700,0.0601953211,0.0675314140,0.0674517720,0.0679418351,0.0674316561,0.0686623268,0.0810695797,0.0914280087,0.0938516484,0.0880806540,0.0710279458,0.0676018797,0.0675183409,0.0606654350,0.0602945930,0.0601418493,0.0673801882,0.0671575038,0.0675642352,0.0676730375,0.0677822383,0.0677026992,0.0675807716,0.0673247115,0.0676730404,0.0675761667,0.0671257076,0.0679975101,0.0604442085,0.0605888443,0.0605897567,0.0671222292,0.0675974122,0.0680529830,0.0676133320,0.0678313379,0.0677178039,0.0674547330,0.0674953660,0.0675744664,0.0674235147,0.0675536435,0.0674853231,0.0602948581,0.0612524346,0.0603051901,0.0678918058,0.0677607641,0.0680208740,0.0683303947,0.0681838369,0.0679028717,0.0678507753,0.0678621009,0.0686733902,0.0677659982,0.0680254005,0.0677679229,0.0613222664,0.0612283222,0.0607440354,0.0679149721,0.0683096859,0.0684739305,0.0682111178,0.0680483704,0.0679125095,0.0683168414,0.0683265618,0.0680279809,0.0676603265,0.0687119800,0.0679884953,0.0609355382,0.0609320920,0.0604300086,0.0165739123,0.0165617485,0.0166924630,0.0166617535,0.0166847173,0.0165869181,0.0165799105,0.0163592600,0.0165534773,0.0165947451,0.0163230234,0.0163681147,0.0157477229,0.0157155530,0.0156676515,0.0058445132,0.0058223516,0.0058308831,0.0058599851,0.0058911573,0.0057970279,0.0058206435,0.0058680627,0.0058517720,0.0058568212,0.0058720957,0.0058664403,0.0055177318,0.0054623794,0.0055542308,0.0057956559,0.0057980182,0.0058295809,0.0058137144,0.0058395557,0.0058799892,0.0058607459,0.0058736887,0.0057927786,0.0058497030,0.0058775150,0.0058336609,0.0055226820,0.0054592183,0.0055935984,0.0058605834,0.0058106523,0.0058418241,0.0058320591,0.0058165938,0.0058168651,0.0058195189,0.0058493189,0.0058334112,0.0058084730,0.0058523919,0.0058151364,0.0055161077,0.0054972752,0.0055273558,0.0057979429,0.0057967971,0.0058030065,0.0058248725,0.0058477566,0.0058034477,0.0058451718,0.0058112396,0.0058154209,0.0058229942,0.0058669340,0.0058051574,0.0055264744,0.0055250339,0.0055422001,0.0058175970,0.0058085833,0.0057934871,0.0058893360,0.0058232373,0.0058235410,0.0058129664,0.0058251196,0.0058047497,0.0058072742,0.0057951221,0.0058134530,0.0055085135,0.0055199794,0.0054851120,0.0058508941,0.0058384979,0.0058238541,0.0058061246,0.0058135642,0.0058042138,0.0058023024,0.0058180196,0.0058114599,0.0057717402,0.0058527712,0.0058006554,0.0054711071,0.0055278749,0.0055155255,0.0057940979,0.0058295635,0.0058602288,0.0058269215,0.0058590299,0.0058041498,0.0058097962,0.0058514847,0.0058534045,0.0058199631,0.0058919640,0.0058600524,0.0054728366,0.0055465105,0.0054829461,0.0058285554,0.0058338735,0.0058538753,0.0057895292,0.0057975488,0.0058133147,0.0058308027,0.0057865387,0.0058137462,0.0057458552,0.0058120332,0.0058208690,0.0055067119,0.0055393734,0.0055154233,0.0057968004,0.0057704374,0.0058418817,0.0058173526,0.0058280921,0.0058058045,0.0058249338,0.0057887796,0.0057783278,0.0058881751,0.0057960233,0.0057979627,0.0055283263,0.0055468357,0.0055110873,0.0058707858,0.0057989900,0.0057896446,0.0058191013,0.0058195608,0.0058283810,0.0058146498,0.0057741282,0.0058169702,0.0058059346,0.0057971874,0.0057632370,0.0055236169,0.0054725795,0.0055199477,0.0058356463,0.0058483476,0.0058269567,0.0058111495,0.0058597351,0.0058466597,0.0058102218,0.0057856974,0.0057775270,0.0057906063,0.0058315965,0.0058304382,0.0055704201,0.0055517084,0.0055496806,0.0058091228,0.0057941064,0.0058146189,0.0057740078,0.0057863640,0.0058206498,0.0058151772,0.0058415075,0.0058058500,0.0058334563,0.0058146894,0.0058004025,0.0055387446,0.0055492951,0.0055106008,0.0058607836,0.0058277385,0.0057869282,0.0058336582,0.0058532960,0.0057936191,0.0058397234,0.0058113656,0.0057854818,0.0058342819,0.0057996230,0.0057700410,0.0055808287,0.0055402274,0.0055028518,0.0057986196,0.0058285610,0.0058152609,0.0058143751,0.0058168039,0.0058187550,0.0058204831,0.0058250035,0.0058482974,0.0058451021,0.0058480525,0.0058284183,0.0054785455,0.0054957091,0.0054844625,0.0058037953,0.0058634852,0.0058307054,0.0057696819,0.0057852675,0.0057962755,0.0058587731,0.0058347227,0.0058011739,0.0058421458,0.0057881032,0.0058063954,0.0055083722,0.0054912976,0.0054730294,0.0057921405,0.0057793586,0.0058370324,0.0057887029,0.0058404569,0.0058209718,0.0058354930,0.0057888438,0.0057968204,0.0058208002,0.0058313366,0.0058197718,0.0055609986,0.0055266244,0.0054666582,0.0057714530,0.0058669514,0.0058259391,0.0058097960,0.0058163727,0.0058143614,0.0058082993,0.0057848391,0.0058236477,0.0058434800,0.0057885735,0.0058233467,0.0055246313,0.0054995085,0.0055584453,0.0057670283,0.0058045679,0.0057937992,0.0058514572,0.0057819614,0.0058422183,0.0058440847,0.0058324007,0.0058340572,0.0057521365,0.0057882939,0.0058358435,0.0054929418,0.0055290931,0.0054844105,0.0050077564,0.0050145150,0.0049121376,0.0049174332,0.0049457795,0.0049887082,0.0049884399,0.0049626334,0.0049422170,0.0049900480,0.0050000501,0.0049532690,0.0047022800,0.0046549470,0.0046500992
5,1,3,6,13,7,18,10,8,12,20,0,19,22,7,21,22,10,21,11,16,14,15,17,2,5,21,23,20,3,12,10,9,0,19,6,16,3,11,18,13,14,0,19,4,18,14,10,15,8,22,1,2,7,4,17,3,13,14,20,21,8,9,16,11,11,19,2,0,10,4,13,3,6,5,5,13,4,13,12,6,12,23,15,6,9,2,18,12,8,14,18,21,20,17,16,1,23,16,17,20,8,23,2,16,3,11,4,15,7,1,15,17,18,5,0,6,17,1,9,20,23,22,12,5,7,8,22,9,14,10,19,11,7,15,19,22,9,1,2,1,0,4,3,21,6,23,2,20,21,9,15,12,21,14,16,10,18,11,14,6,13,10,11,5,10,20,15,19,17,13,23,1,16,21,9,14,4,16,21,4,3,17,3,16,6,10,18,19,12,6,15,8,2,12,16,19,23,11,5,0,7,5,8,16,14,12,8,23,13,4,8,12,13,5,7,7,23,2,6,3,8,17,17,11,5,4,7,8,9,0,11,13,17,0,3,4,16,5,6,8,18,13,0,14,10,22,15,1,10,1,19,0,18,19,2,14,21,0,15,14,5,11,15,0,5,15,16,1,15,17,20,19,18,7,23,11,8,22,9,17,17,21,14,20,6,7,10,4,12,9,17,16,15,4,11,22,2,20,15,4,6,5,16,1,13,1,22,19,22,7,12,9,1,6,2,8,23,22,16,5,12,6,2,10,12,8,13,19,9,14,2,4,17,9,19,6,7,20,18,23,22,21,7,22,8,9,19,11,9,15,4,18,21,14,13,1,12,7,19,22,1,0,22,0,0,18,13,23,19,2,5,23,22,20,23,3,7,23,12,4,13,9,10,18,17,9,3,14,0,3,21,3,2,1,20,2,22,18,21,20,12,3,15,14,8,11,11,18,20,16,3,10,0,20,23,21,4,18,10,13,17,3,4,5,10,9,7,8,11,6,12,2,1,0
0.0454078504,0.0326400756,0.0260852208,0.0236131285,0.0234414857,0.0236628339,0.0238203429,0.0258050164,0.0263353090,0.0262804635,0.0281242503,0.0570163056,0.0870884240,0.0631082884,0.0488403680,0.0606749864,0.0471824619,0.0577559066,0.0437986747,0.0411746996,0.0392323014,0.0392964264,0.0394164651,0.0392783995,0.0431236068,0.0544245679,0.0912993738,0.1002661692,0.0695603593,0.0621673165,0.0887571118,0.1051361827,0.0942702283,0.0802094005,0.0721621407,0.0700908174,0.0675674808,0.0672414308,0.0674789017,0.0696687920,0.0849325147,0.0813201947,0.0610601808,0.0581742922,0.0592608729,0.0674152038,0.0675083104,0.0710213624,0.0932565732,0.1034138491,0.0964256401,0.0922873457,0.0897954762,0.0921660106,0.1024413939,0.0861394717,0.0676080319,0.0603191719,0.0602738928,0.0600747751,0.0671806986,0.0676130285,0.0676924006,0.0677335581,0.0714255241,0.0847037396,0.0935388824,0.0957783396,0.0910482702,0.0744612946,0.0674691484,0.0673477045,0.0608199075,0.0601722799,0.0602991444,0.0671519585,0.0676697198,0.0674365280,0.0676145603,0.0676040443,0.0677652309,0.0673733664,0.0675729506,0.0675236945,0.0674258747,0.0675399761,0.0674579785,0.0606326076,0.0600750183,0.0606149534,0.0673929003,0.0678497270,0.0676675687,0.0673082121,0.0674474166,0.0673494410,0.0675345895,0.0675910741,0.0673179092,0.0671334553,0.0669376501,0.0670753202,0.0603671866,0.0610386334,0.0603952382,0.0680394962,0.0676869286,0.0679857909,0.0679750091,0.0684729207,0.0679590389,0.0681161166,0.0681334994,0.0680808783,0.0680763451,0.0684169224,0.0675391560,0.0608145577,0.0612711368,0.0607951497,0.0679497757,0.0677074339,0.0682964952,0.0681589587,0.0680574113,0.0685485850,0.0685125248,0.0681763590,0.0677888864,0.0686562041,0.0684293302,0.0672396582,0.0611879294,0.0608882034,0.0602469492,0.0165964900,0.0165537964,0.0166445720,0.0165797565,0.0166671104,0.0165493903,0.0165729969,0.0163895397,0.0164595337,0.0165797079,0.0162864401,0.0165358653,0.0157268746,0.0157090006,0.0156370800,0.0058317563,0.0058140750,0.0058247924,0.0058569750,0.0058787054,0.0057801905,0.0058254986,0.0058513426,0.0058497172,0.0058548951,0.0058667531,0.0058674032,0.0055061142,0.0054515488,0.0055503802,0.0057941975,0.0057961240,0.0058215918,0.0057925155,0.0058419552,0.0058743554,0.0058707496,0.0058601675,0.0057908110,0.0058529179,0.0058634981,0.0058252257,0.0055209531,0.0054566156,0.0055657648,0.0058552786,0.0058180819,0.0058293934,0.0058297334,0.0058137010,0.0058185159,0.0058167423,0.0058475984,0.0058278718,0.0058045351,0.0058344891,0.0058038084,0.0055072210,0.0054935669,0.0055157441,0.0057885171,0.0057901404,0.0058035073,0.0058136798,0.0058538330,0.0057980525,0.0058487122,0.0058044706,0.0058148002,0.0058080273,0.0058629468,0.0058035049,0.0055083198,0.0055336934,0.0055314749,0.0058019193,0.0057941075,0.0057885928,0.0058819336,0.0058278278,0.0058194002,0.0058138556,0.0058273060,0.0058183127,0.0057946621,0.0057990331,0.0058001219,0.0054978871,0.0055092989,0.0054818775,0.0058353439,0.0058268503,0.0058165871,0.0057981885,0.0058037762,0.0058080767,0.0058151773,0.0058263699,0.0057949214,0.0057631919,0.0058503918,0.0060306005,0.0054760783,0.0055220716,0.0055108678,0.0057779056,0.0058261368,0.0058709325,0.0058257401,0.0058439164,0.0058002194,0.0058200392,0.0058368404,0.0058513580,0.0058099787,0.0058766242,0.0058583213,0.0054578490,0.0055507058,0.0054874086,0.0058275855,0.0058370790,0.0058519779,0.0057890491,0.0057901983,0.0058154406,0.0058267803,0.0057741630,0.0058044519,0.0057433694,0.0057978242,0.0058148556,0.0054960492,0.0055400758,0.0055057568,0.0058004490,0.0057600894,0.0058279542,0.0058013054,0.0058187080,0.0058134003,0.0058180872,0.0057789134,0.0057718423,0.0058820206,0.0057985459,0.0058051928,0.0055426829,0.0055398410,0.0055187012,0.0058649652,0.0058016365,0.0057938710,0.0058114109,0.0058385768,0.0058215420,0.0058284069,0.0057648187,0.0058113840,0.0057998000,0.0057808942,0.0057636258,0.0055275176,0.0054841869,0.0055121354,0.0058307352,0.0058359309,0.0058210875,0.0057986937,0.0058518623,0.0058401386,0.0058072349,0.0057848270,0.0057742212,0.0058039482,0.0058187447,0.0058177910,0.0055600946,0.0055396504,0.0055366285,0.0058168624,0.0057868638,0.0058115418,0.0057578783,0.0057744322,0.0058139139,0.0058049914,0.0058297677,0.0058158044,0.0058188128,0.0057976398,0.0057900513,0.0055381705,0.0055514314,0.0055038688,0.0058520485,0.0058409279,0.0057865163,0.0058296004,0.0058494577,0.0057902302,0.0058400081,0.0058166478,0.0057899851,0.0058294408,0.0058015186,0.0057774402,0.0055762210,0.0055368440,0.0054976460,0.0057933855,0.0058208218,0.0058118444,0.0058050486,0.0058245080,0.0058130086,0.0058189918,0.0058247688,0.0058337673,0.0058513399,0.0058490140,0.0058223217,0.0054512716,0.0054790638,0.0054878950,0.0058009330,0.0058657767,0.0058291165,0.0057894681,0.0057768153,0.0057939876,0.0058603798,0.0058359280,0.0058003871,0.0058332708,0.0057849581,0.0057916664,0.0055200324,0.0054958301,0.0054851602,0.0057951310,0.0057691452,0.0058311628,0.0057941269,0.0058214927,0.0058047027,0.0058385440,0.0057940593,0.0057873470,0.0058253925,0.0058275424,0.0058221822,0.0055649862,0.0055216649,0.0054474719,0.0057803730,0.0058706956,0.0058183235,0.0058146398,0.0058194113,0.0057866721,0.0057940022,0.0057922156,0.0058277832,0.0058492014,0.0057993823,0.0058185569,0.0055152859,0.0054969879,0.0055459487,0.0057650483,0.0058015106,0.0057968156,0.0058582851,0.0057933395,0.0058300626,0.0058500819,0.0058277394,0.0058248817,0.0057565004,0.0057984147,0.0058361751,0.0054985864,0.0055241349,0.0054825954,0.0050026088,0.0049991482,0.0049126814,0.0049084052,0.0049439156,0.0049847107,0.0049796796,0.0049548195,0.0049363245,0.0049969394,0.0049978292,0.0049504863,0.0046990565,0.0046587198,0.0046521275
5,1,3,6,13,7,18,10,8,12,20,0,19,22,7,21,22,10,21,11,16,14,15,17,2,5,21,23,20,3,12,10,9,0,19,6,16,3,11,18,13,14,0,19,4,18,14,10,15,8,22,1,2,7,4,17,3,13,14,20,21,8,9,16,11,11,19,2,0,10,4,13,3,6,5,5,13,4,13,12,6,12,23,15,6,9,2,18,12,8,14,18,21,20,17,16,1,23,16,17,20,8,23,2,16,3,11,4,15,7,1,15,17,18,5,0,6,17,1,9,20,23,22,12,5,7,8,22,9,14,10,19,11,7,15,19,22,9,1,2,1,0,4,3,21,6,23,2,20,21,9,15,12,21,14,16,10,18,11,14,6,13,10,11,5,10,20,15,19,17,13,23,1,16,21,9,14,4,16,21,4,3,17,3,16,6,10,18,19,12,6,15,8,2,12,16,19,23,11,5,0,7,5,8,16,14,12,8,23,13,4,8,12,13,5,7,7,23,2,6,3,8,17,17,11,5,4,7,8,9,0,11,13,17,0,3,4,16,5,6,8,18,13,0,14,10,22,15,1,10,1,19,0,18,19,2,14,21,0,15,14,5,11,15,0,5,15,16,1,15,17,20,19,18,7,23,11,8,22,9,17,17,21,14,20,6,7,10,4,12,9,17,16,15,4,11,22,2,20,15,4,6,5,16,1,13,1,22,19,22,7,12,9,1,6,2,8,23,22,16,5,12,6,2,10,12,8,13,19,9,14,2,4,17,9,19,6,7,20,18,23,22,21,7,22,8,9,19,11,9,15,4,18,21,14,13,1,12,7,19,22,1,0,22,0,0,18,13,23,19,2,5,23,22,20,23,3,7,23,12,4,13,9,10,18,17,9,3,14,0,3,21,3,2,1,20,2,22,18,21,20,12,3,15,14,8,11,11,18,20,16,3,10,0,20,23,21,4,18,10,13,17,3,4,5,10,9,7,8,11,6,12,2,1,0
0.0456834524,0.0317598937,0.0261071411,0.0248785893,0.0229199394,0.0235337794,0.0237672504,0.0255967926,0.0261966378,0.0263874305,0.0278692801,0.0536889740,0.0894108232,0.0677602573,0.0507007145,0.0585809947,0.0453406963,0.0597334014,0.0447522587,0.0419547227,0.0394757725,0.0397111584,0.0400366453,0.0407611223,0.0430929992,0.0540491081,0.0961282006,0.0997724961,0.0639469418,0.0600259751,0.0909621182,0.1064077602,0.0912972262,0.0774127109,0.0713776296,0.0684249999,0.0668381366,0.0668037741,0.0668210804,0.0695609065,0.0847000391,0.0778546694,0.0600768692,0.0576244748,0.0585067120,0.0677872318,0.0675869226,0.0726358076,0.0949867388,0.1022971726,0.0924056067,0.0820565243,0.0800101093,0.0827632903,0.0985963603,0.0888096731,0.0680354054,0.0605328185,0.0603074704,0.0603079668,0.0672319171,0.0676303505,0.0677351543,0.0675535755,0.0737670638,0.0899386741,0.1050573962,0.1063663952,0.1005196510,0.0783670317,0.0677368142,0.0674041445,0.0603683731,0.0602217945,0.0603460290,0.0675852968,0.0675597906,0.0678316732,0.0679181432,0.0679688550,0.0677015131,0.0677572262,0.0677485006,0.0676303692,0.0674951310,0.0670356069,0.0673233669,0.0606133633,0.0596202552,0.0608272075,0.0677356997,0.0678509585,0.0678141137,0.0675426674,0.0672270577,0.0671765062,0.0677025028,0.0674888740,0.0672099452,0.0675521881,0.0674580892,0.0673236230,0.0603332354,0.0610295893,0.0604163196,0.0678653839,0.0679200920,0.0683202507,0.0682501880,0.0681600837,0.0678771188,0.0681403472,0.0683307985,0.0680590497,0.0680323387,0.0676974379,0.0683160476,0.0609182696,0.0612472744,0.0609906745,0.0677253356,0.0681866245,0.0685784486,0.0679992016,0.0682153765,0.0686085397,0.0681430913,0.0680213107,0.0679215218,0.0681532159,0.0682506884,0.0681461184,0.0611442882,0.0609399661,0.0601239751,0.0165486633,0.0165541636,0.0166769913,0.0166411837,0.0167970036,0.0166019867,0.0165267322,0.0164041124,0.0163929070,0.0165512746,0.0164380242,0.0164282192,0.0157925953,0.0157741667,0.0156299961,0.0058383364,0.0058103222,0.0058303210,0.0058535990,0.0058789559,0.0057792983,0.0058255146,0.0058707559,0.0058518275,0.0058581057,0.0058597583,0.0058582422,0.0055334682,0.0054609242,0.0055564934,0.0057931326,0.0057977344,0.0058233141,0.0058260959,0.0058182981,0.0058690864,0.0058699855,0.0058660009,0.0057976217,0.0058506809,0.0058751628,0.0058279800,0.0055235059,0.0054543353,0.0055615249,0.0058651752,0.0058146813,0.0058334371,0.0058285159,0.0058109082,0.0058179512,0.0058258028,0.0058549622,0.0058280462,0.0058060610,0.0058354652,0.0058025465,0.0055105418,0.0054954415,0.0055215467,0.0057941235,0.0057867675,0.0057975555,0.0058252960,0.0058413985,0.0057997045,0.0058367039,0.0058062651,0.0058232299,0.0058237715,0.0058633058,0.0057967014,0.0055082920,0.0055302853,0.0055524546,0.0058133816,0.0057929469,0.0057920055,0.0058825409,0.0058287010,0.0058096327,0.0058039331,0.0058255607,0.0058241996,0.0057942038,0.0057915734,0.0057964977,0.0054947935,0.0055069776,0.0054892436,0.0058376596,0.0058328490,0.0058256928,0.0058059281,0.0058122628,0.0058037516,0.0058275544,0.0058210839,0.0058008534,0.0057607643,0.0058483701,0.0057927548,0.0054578974,0.0055235054,0.0055041213,0.0057878273,0.0058250357,0.0058500849,0.0058283033,0.0058395055,0.0058188803,0.0057993119,0.0058393213,0.0058529155,0.0058271158,0.0058834222,0.0058432726,0.0054575383,0.0055489525,0.0054911127,0.0058294856,0.0058378452,0.0058488028,0.0057883778,0.0058028566,0.0058153744,0.0058213614,0.0057896080,0.0058076733,0.0057440276,0.0058069288,0.0058197789,0.0055015783,0.0055557343,0.0055220294,0.0057974257,0.0057590799,0.0058333899,0.0058007576,0.0058307105,0.0057847194,0.0058247792,0.0058433547,0.0057697368,0.0058871428,0.0058005152,0.0057948634,0.0055273625,0.0055382080,0.0055100354,0.0058617651,0.0058078614,0.0057901590,0.0058020419,0.0058142760,0.0058311673,0.0058223833,0.0057683237,0.0058163721,0.0057941034,0.0057912594,0.0057626952,0.0055141101,0.0054750945,0.0055146217,0.0058285025,0.0058358947,0.0058219590,0.0058179510,0.0058520297,0.0058416989,0.0058039064,0.0057884424,0.0057776587,0.0057882501,0.0058279066,0.0058175569,0.0055828373,0.0055354158,0.0055333773,0.0058052978,0.0058311389,0.0058025111,0.0057562687,0.0057757201,0.0058132746,0.0058003326,0.0058198769,0.0058066590,0.0058358184,0.0058003756,0.0058035320,0.0055383742,0.0055462996,0.0055077394,0.0058484822,0.0058269636,0.0057804875,0.0058292395,0.0058558638,0.0057818442,0.0058243968,0.0058069859,0.0057797635,0.0058293985,0.0057988593,0.0057727955,0.0055686661,0.0055252263,0.0054980848,0.0057960288,0.0058238357,0.0058220218,0.0058043384,0.0058335783,0.0058085520,0.0058175004,0.0058143856,0.0058412341,0.0058417032,0.0058421354,0.0058218178,0.0054581761,0.0054892184,0.0054787172,0.0057966018,0.0058545830,0.0058243159,0.0057792838,0.0057829678,0.0057947412,0.0058565728,0.0058318694,0.0057986116,0.0058355000,0.0057785731,0.0058055396,0.0055261245,0.0054897605,0.0054613347,0.0057862115,0.0057779074,0.0058331400,0.0057829930,0.0058162939,0.0058200937,0.0058415383,0.0057986459,0.0058129211,0.0058315433,0.0058289174,0.0058284982,0.0055609370,0.0055262186,0.0054393798,0.0057670609,0.0058639746,0.0058153059,0.0058162318,0.0058143252,0.0057891478,0.0058029011,0.0057896366,0.0058303180,0.0058375667,0.0057879927,0.0058263217,0.0055261372,0.0054945860,0.0055413929,0.0058226948,0.0058046368,0.0058030301,0.0058471992,0.0057811430,0.0058342730,0.0058494312,0.0058420722,0.0058223881,0.0057505086,0.0057925382,0.0058321423,0.0054902793,0.0055230268,0.0055028938,0.0050091747,0.0050183319,0.0049110929,0.0049107479,0.0049454310,0.0050002217,0.0049905014,0.0049645242,0.0049708395,0.0050170574,0.0049925852,0.0049413558,0.0046942870,0.0046516360,0.0046509821
5,1,3,6,13,7,18,10,8,12,20,0,19,22,7,21,22,10,21,11,16,14,15,17,2,5,21,23,20,3,12,10,9,0,19,6,16,3,11,18,13,14,0,19,4,18,14,10,15,8,22,1,2,7,4,17,3,13,14,20,21,8,9,16,11,11,19,2,0,10,4,13,3,6,5,5,13,4,13,12,6,12,23,15,6,9,2,18,12,8,14,18,21,20,17,16,1,23,16,17,20,8,23,2,16,3,11,4,15,7,1,15,17,18,5,0,6,17,1,9,20,23,22,12,5,7,8,22,9,14,10,19,11,7,15,19,22,9,1,2,1,0,4,3,21,6,23,2,20,21,9,15,12,21,14,16,10,18,11,14,6,13,10,11,5,10,20,15,19,17,13,23,1,16,21,9,14,4,16,21,4,3,17,3,16,6,10,18,19,12,6,15,8,2,12,16,19,23,11,5,0,7,5,8,16,14,12,8,23,13,4,8,12,13,5,7,7,23,2,6,3,8,17,17,11,5,4,7,8,9,0,11,13,17,0,3,4,16,5,6,8,18,13,0,14,10,22,15,1,10,1,19,0,18,19,2,14,21,0,15,14,5,11,15,0,5,15,16,1,15,17,20,19,18,7,23,11,8,22,9,17,17,21,14,20,6,7,10,4,12,9,17,16,15,4,11,22,2,20,15,4,6,5,16,1,13,1,22,19,22,7,12,9,1,6,2,8,23,22,16,5,12,6,2,10,12,8,13,19,9,14,2,4,17,9,19,6,7,20,18,23,22,21,7,22,8,9,19,11,9,15,4,18,21,14,13,1,12,7,19,22,1,0,22,0,0,18,13,23,19,2,5,23,22,20,23,3,7,23,12,4,13,9,10,18,17,9,3,14,0,3,21,3,2,1,20,2,22,18,21,20,12,3,15,14,8,11,11,18,20,16,3,10,0,20,23,21,4,18,10,13,17,3,4,5,10,9,7,8,11,6,12,2,1,0
0.0460377795,0.0309538516,0.0263618380,0.0262757557,0.0237812345,0.0235273988,0.0242477469,0.0262953786,0.0263443772,0.0263318867,0.0278448814,0.0482909336,0.0924270149,0.0729727896,0.0537359181,0.0553594072,0.0447414198,0.0581403230,0.0442577343,0.0416251048,0.0395006937,0.0390501026,0.0395691069,0.0402533983,0.0426545722,0.0523049145,0.0940066490,0.0970264847,0.0620862862,0.0588275587,0.0937211609,0.1066390870,0.0892158624,0.0766983224,0.0705541944,0.0671120599,0.0661016342,0.0666436815,0.0665810956,0.0689771878,0.0840190645,0.0801866202,0.0599854084,0.0571061840,0.0588498832,0.0681012628,0.0672646719,0.0753642829,0.0977246587,0.1007985070,0.0831340383,0.0789378938,0.0782769685,0.0782196973,0.0910213959,0.0906778322,0.0686071721,0.0604246559,0.0601905479,0.0600116966,0.0673127008,0.0677490009,0.0678682834,0.0682201753,0.0766538827,0.0999339015,0.1075525521,0.1085236409,0.1052064277,0.0867725592,0.0675439666,0.0676110557,0.0603732283,0.0601866302,0.0602832033,0.0670149083,0.0671885775,0.0672452953,0.0674745708,0.0676344750,0.0669411687,0.0677579105,0.0673478472,0.0678826908,0.0673334743,0.0672441730,0.0675566958,0.0608124939,0.0602831724,0.0607870888,0.0670923379,0.0672361647,0.0673260579,0.0677309798,0.0672676982,0.0675012024,0.0673546538,0.0676767361,0.0674510933,0.0671275068,0.0674164084,0.0677535901,0.0604023900,0.0608718172,0.0605615605,0.0680957232,0.0682776490,0.0680245176,0.0682274028,0.0681545468,0.0678765952,0.0679206667,0.0678004082,0.0686697616,0.0679222036,0.0681531000,0.0678279960,0.0605798160,0.0610902058,0.0603718694,0.0677028936,0.0675862306,0.0679739395,0.0687497935,0.0681179155,0.0678266986,0.0683162397,0.0682076963,0.0684640792,0.0680932191,0.0678448624,0.0682608700,0.0616663696,0.0609791815,0.0602820522,0.0165240343,0.0165824711,0.0166859358,0.0166674486,0.0168252758,0.0166090497,0.0166005531,0.0164669270,0.0165170048,0.0165918164,0.0162897898,0.0164047451,0.0157932450,0.0157344021,0.0156602131,0.0058374270,0.0058051848,0.0058315929,0.0058556218,0.0058758933,0.0057879978,0.0058205620,0.0058613306,0.0058421614,0.0058553494,0.0058649709,0.0058460797,0.0055247754,0.0054594837,0.0055532516,0.0057985611,0.0057908214,0.0058163185,0.0058117461,0.0058413257,0.0058760476,0.0058750558,0.0058601013,0.0057991691,0.0058609145,0.0058715247,0.0058162747,0.0055190071,0.0054492294,0.0055596868,0.0058621616,0.0058025512,0.0058361690,0.0058171343,0.0058125844,0.0058197400,0.0058126151,0.0058512747,0.0058189738,0.0057908827,0.0058306048,0.0057988465,0.0055010297,0.0055087491,0.0055092317,0.0057926427,0.0057911172,0.0058031046,0.0058151683,0.0058410251,0.0057942054,0.0058374055,0.0057873048,0.0058200826,0.0058045445,0.0058507831,0.0057914083,0.0055094781,0.0055361872,0.0055406271,0.0057991109,0.0057981636,0.0057806616,0.0058841382,0.0058236617,0.0058182498,0.0058057438,0.0058255685,0.0058022530,0.0057991064,0.0057851848,0.0058058157,0.0055114734,0.0055120222,0.0054856134,0.0058351977,0.0058369550,0.0058155918,0.0058013437,0.0058118952,0.0058108144,0.0058161211,0.0058212555,0.0057866530,0.0057720050,0.0058454944,0.0058057731,0.0054632318,0.0055148777,0.0055012656,0.0057760728,0.0058325539,0.0058603900,0.0058304452,0.0058360590,0.0058103552,0.0058040043,0.0058305403,0.0058500834,0.0058221068,0.0058808776,0.0058523022,0.0054650479,0.0055429478,0.0054799696,0.0058265816,0.0058313747,0.0058353113,0.0057949493,0.0057944141,0.0058067261,0.0058218629,0.0057765353,0.0058152745,0.0057382461,0.0057957972,0.0058110206,0.0055071624,0.0055366508,0.0055029607,0.0058063332,0.0057657471,0.0058300045,0.0057983578,0.0058313431,0.0057955082,0.0058249170,0.0057850257,0.0057746670,0.0058799423,0.0058015767,0.0058018287,0.0055216736,0.0055297544,0.0055142727,0.0058530772,0.0058089416,0.0058022123,0.0058068513,0.0058250102,0.0058302763,0.0058303172,0.0057697169,0.0058014004,0.0057920236,0.0057902383,0.0057588024,0.0055316402,0.0054745499,0.0055005509,0.0058330704,0.0058338119,0.0058186458,0.0058004711,0.0058514879,0.0058462360,0.0058027893,0.0057859082,0.0057831051,0.0057969572,0.0058293887,0.0058157584,0.0055722996,0.0055432407,0.0055279491,0.0058133847,0.0057804872,0.0058155885,0.0057531452,0.0057744770,0.0058067129,0.0058006458,0.0058114440,0.0058137200,0.0058398389,0.0058086940,0.0057992014,0.0055365043,0.0055476033,0.0055150743,0.0058448458,0.0058333490,0.0057870169,0.0058220403,0.0058512174,0.0057925661,0.0058273285,0.0058022430,0.0057971918,0.0058202616,0.0057946655,0.0057761228,0.0055673240,0.0055291841,0.0055018747,0.0057886691,0.0058276625,0.0058173534,0.0058036983,0.0058077071,0.0058083140,0.0058178147,0.0058190352,0.0058469607,0.0058373565,0.0058458044,0.0058245721,0.0054372150,0.0054828179,0.0054923709,0.0057961108,0.0058625142,0.0058265382,0.0057820209,0.0057855532,0.0057953716,0.0058594965,0.0058282791,0.0057999930,0.0058473558,0.0057922088,0.0057933929,0.0055176725,0.0054940957,0.0054563083,0.0057894509,0.0057735258,0.0058350809,0.0057797231,0.0058102051,0.0058083359,0.0058329458,0.0057918699,0.0058019811,0.0058158461,0.0058151639,0.0058315078,0.0055559363,0.0055213746,0.0054618988,0.0057594580,0.0058643090,0.0058252361,0.0058126125,0.0058303305,0.0057734958,0.0058068708,0.0057946694,0.0058217970,0.0058374172,0.0057810132,0.0058085683,0.0055217913,0.0054931046,0.0055339646,0.0057722320,0.0058163645,0.0057949436,0.0058480573,0.0057779205,0.0058329808,0.0058535060,0.0058364357,0.0058273046,0.0057370696,0.0058046825,0.0058267973,0.0054774789,0.0055199431,0.0054905364,0.0049977976,0.0050133470,0.0049172540,0.0049089976,0.0049327142,0.0050007560,0.0049950299,0.0049602997,0.0049459759,0.0049987505,0.0049947557,0.0049387760,0.0047035921,0.0046545718,0.0046536549
5,1,3,6,13,7,18,10,8,12,20,0,19,22,7,21,22,10,21,11,16,14,15,17,2,5,21,23,20,3,12,10,9,0,19,6,16,3,11,18,13,14,0,19,4,18,14,10,15,8,22,1,2,7,4,17,3,13,14,20,21,8,9,16,11,11,19,2,0,10,4,13,3,6,5,5,13,4,13,12,6,12,23,15,6,9,2,18,12,8,14,18,21,20,17,16,1,23,16,17,20,8,23,2,16,3,11,4,15,7,1,15,17,18,5,0,6,17,1,9,20,23,22,12,5,7,8,22,9,14,10,19,11,7,15,19,22,9,1,2,1,0,4,3,21,6,23,2,20,21,9,15,12,21,14,16,10,18,11,14,6,13,10,11,5,10,20,15,19,17,13,23,1,16,21,9,14,4,16,21,4,3,17,3,16,6,10,18,19,12,6,15,8,2,12,16,19,23,11,5,0,7,5,8,16,14,12,8,23,13,4,8,12,13,5,7,7,23,2,6,3,8,17,17,11,5,4,7,8,9,0,11,13,17,0,3,4,16,5,6,8,18,13,0,14,10,22,15,1,10,1,19,0,18,19,2,14,21,0,15,14,5,11,15,0,5,15,16,1,15,17,20,19,18,7,23,11,8,22,9,17,17,21,14,20,6,7,10,4,12,9,17,16,15,4,11,22,2,20,15,4,6,5,16,1,13,1,22,19,22,7,12,9,1,6,2,8,23,22,16,5,12,6,2,10,12,8,13,19,9,14,2,4,17,9,19,6,7,20,18,23,22,21,7,22,8,9,19,11,9,15,4,18,21,14,13,1,12,7,19,22,1,0,22,0,0,18,13,23,19,2,5,23,22,20,23,3,7,23,12,4,13,9,10,18,17,9,3,14,0,3,21,3,2,1,20,2,22,18,21,20,12,3,15,14,8,11,11,18,20,16,3,10,0,20,23,21,4,18,10,13,17,3,4,5,10,9,7,8,11,6,12,2,1,0
0.0455911564,0.0291445799,0.0262977319,0.0263868960,0.0234639855,0.0234879554,0.0259826499,0.0263540609,0.0263741849,0.0263622778,0.0278635415,0.0430643241,0.0955632924,0.0768960596,0.0562575208,0.0519487947,0.0443967861,0.0570187362,0.0433648873,0.0402953545,0.0391313435,0.0388965663,0.0392347528,0.0397024699,0.0423438083,0.0525511371,0.0917363992,0.1001171076,0.0621671462,0.0563279699,0.0974632732,0.1094230886,0.0865289114,0.0768329968,0.0713663124,0.0665056663,0.0658667060,0.0661743424,0.0660327992,0.0684868643,0.0812854633,0.0832313406,0.0603020233,0.0582626458,0.0590175292,0.0675640323,0.0673014982,0.0784521995,0.0982342091,0.0952511304,0.0789804715,0.0781850218,0.0778574194,0.0771660540,0.0843821494,0.0928442415,0.0683500356,0.0609469285,0.0600915598,0.0600042692,0.0674187929,0.0670379872,0.0678968121,0.0685357422,0.0832617374,0.1038200543,0.1087708382,0.1093484631,0.1064728298,0.0930523151,0.0682244202,0.0674610475,0.0603891406,0.0603982197,0.0596670265,0.0676138818,0.0675863654,0.0673199193,0.0672964503,0.0680169969,0.0675683611,0.0672336683,0.0674327237,0.0668714165,0.0671996823,0.0675914193,0.0676744432,0.0607111613,0.0606205463,0.0606440698,0.0675508993,0.0672995283,0.0676032979,0.0676776320,0.0680040118,0.0675032436,0.0676849681,0.0670424398,0.0676234423,0.0676629851,0.0673586646,0.0676077549,0.0598635752,0.0614378920,0.0605156548,0.0677545293,0.0679117647,0.0680831930,0.0676661111,0.0677486815,0.0683430043,0.0672102106,0.0681719842,0.0687263872,0.0678628672,0.0680926259,0.0683970679,0.0611012375,0.0612834096,0.0607503350,0.0675111137,0.0676948378,0.0684775349,0.0681822564,0.0678355779,0.0677454663,0.0681800857,0.0679995655,0.0682121248,0.0681431263,0.0684713924,0.0676375256,0.0616499207,0.0608440738,0.0602924258,0.0165886310,0.0165980027,0.0166832089,0.0166579873,0.0168057385,0.0165658351,0.0165782052,0.0163857377,0.0165461406,0.0165942829,0.0164486690,0.0163011991,0.0157819014,0.0157491094,0.0156752918,0.0058370071,0.0058146788,0.0058274368,0.0058433232,0.0058851092,0.0057731796,0.0058219154,0.0058608087,0.0058553267,0.0058428770,0.0058699887,0.0058567579,0.0055201763,0.0054593720,0.0055610299,0.0057944354,0.0057954448,0.0058204044,0.0058076275,0.0058335508,0.0058784160,0.0058637246,0.0058638545,0.0058008282,0.0058550312,0.0058716261,0.0058223471,0.0055230528,0.0054536398,0.0055519659,0.0058536803,0.0058047800,0.0058391018,0.0058251255,0.0058143700,0.0058089462,0.0058266315,0.0058528711,0.0058265525,0.0058121558,0.0058356940,0.0058029559,0.0055198602,0.0055007152,0.0055213817,0.0057900534,0.0057990031,0.0057975628,0.0058257294,0.0058414147,0.0057942449,0.0058528832,0.0057988195,0.0058149877,0.0058069702,0.0058842327,0.0057953641,0.0055110189,0.0055304213,0.0055388345,0.0058094479,0.0057964746,0.0057715839,0.0058867066,0.0058204391,0.0058114073,0.0058102507,0.0058197682,0.0058148641,0.0058037590,0.0057881543,0.0057979099,0.0054955497,0.0055158034,0.0054871123,0.0058379097,0.0058281343,0.0058249381,0.0057856553,0.0058183774,0.0058050327,0.0058088083,0.0058271769,0.0058187416,0.0057623886,0.0058447180,0.0057902523,0.0054644080,0.0055202554,0.0055151263,0.0057714465,0.0058261180,0.0058604587,0.0058357817,0.0058375784,0.0057993273,0.0058068184,0.0058387692,0.0058496485,0.0058065543,0.0058804237,0.0058594400,0.0054626231,0.0055543330,0.0054873012,0.0058202826,0.0058348630,0.0058489617,0.0058006388,0.0057936356,0.0058082605,0.0058252523,0.0057730755,0.0058057195,0.0057365080,0.0058019112,0.0058104736,0.0055017559,0.0055475140,0.0054966722,0.0058039371,0.0057583800,0.0058406003,0.0058188999,0.0058348124,0.0057974660,0.0058245076,0.0057870922,0.0057714598,0.0058875146,0.0058080518,0.0057950398,0.0055234286,0.0055271315,0.0055085332,0.0058568899,0.0058159029,0.0057990495,0.0058089301,0.0058076537,0.0058185032,0.0058169155,0.0057718918,0.0058050635,0.0057998295,0.0057916691,0.0057555325,0.0055279382,0.0054775525,0.0055068254,0.0058281984,0.0058412409,0.0058227175,0.0058022898,0.0058520160,0.0058431771,0.0058041075,0.0057853337,0.0057730740,0.0057943112,0.0058215831,0.0058146435,0.0055677581,0.0055465166,0.0055427771,0.0058141425,0.0057878217,0.0058051520,0.0057542070,0.0057755329,0.0058134441,0.0057964475,0.0058274854,0.0058093713,0.0058327127,0.0058047402,0.0057957325,0.0055410769,0.0055376918,0.0054997511,0.0058456803,0.0058417300,0.0057927430,0.0058253945,0.0058438087,0.0057863503,0.0058362272,0.0058108910,0.0057870661,0.0058342421,0.0057986093,0.0057780064,0.0055517388,0.0055363509,0.0054946346,0.0057925809,0.0058261933,0.0058131201,0.0057979661,0.0058140886,0.0058262377,0.0058110502,0.0058274551,0.0058389215,0.0058421261,0.0058406882,0.0058283995,0.0054726016,0.0054760766,0.0054815914,0.0057996617,0.0058582553,0.0058216280,0.0057778059,0.0057787030,0.0057881475,0.0058511767,0.0058516951,0.0057953284,0.0058458162,0.0057924038,0.0057914506,0.0055109502,0.0054908506,0.0054643207,0.0057859696,0.0057735497,0.0058333709,0.0057805558,0.0058284889,0.0058066806,0.0058356730,0.0057921100,0.0057968658,0.0058188021,0.0058287898,0.0058251784,0.0055777890,0.0055330595,0.0054529898,0.0057628957,0.0058560669,0.0058281939,0.0058164127,0.0058067352,0.0057830998,0.0058060943,0.0058003071,0.0058224571,0.0058254959,0.0057909277,0.0058187781,0.0055248246,0.0055008452,0.0055537727,0.0057770210,0.0057972376,0.0057940202,0.0058432144,0.0057847077,0.0058396442,0.0058441368,0.0058229713,0.0058189333,0.0057515453,0.0057978056,0.0058378011,0.0054946643,0.0055235587,0.0054895408,0.0050052103,0.0050081912,0.0049256555,0.0049153773,0.0049490189,0.0049925251,0.0049849366,0.0049705867,0.0049525290,0.0050009867,0.0049869046,0.0049448319,0.0047107263,0.0046552585,0.0046442207
5,1,3,6,13,7,18,10,8,12,20,0,19,22,7,21,22,10,21,11,16,14,15,17,2,5,21,23,20,3,12,10,9,0,19,6,16,3,11,18,13,14,0,19,4,18,14,10,15,8,22,1,2,7,4,17,3,13,14,20,21,8,9,16,11,11,19,2,0,10,4,13,3,6,5,5,13,4,13,12,6,12,23,15,6,9,2,18,12,8,14,18,21,20,17,16,1,23,16,17,20,8,23,2,16,3,11,4,15,7,1,15,17,18,5,0,6,17,1,9,20,23,22,12,5,7,8,22,9,14,10,19,11,7,15,19,22,9,1,2,1,0,4,3,21,6,23,2,20,21,9,15,12,21,14,16,10,18,11,14,6,13,10,11,5,10,20,15,19,17,13,23,1,16,21,9,14,4,16,21,4,3,17,3,16,6,10,18,19,12,6,15,8,2,12,16,19,23,11,5,0,7,5,8,16,14,12,8,23,13,4,8,12,13,5,7,7,23,2,6,3,8,17,17,11,5,4,7,8,9,0,11,13,17,0,3,4,16,5,6,8,18,13,0,14,10,22,15,1,10,1,19,0,18,19,2,14,21,0,15,14,5,11,15,0,5,15,16,1,15,17,20,19,18,7,23,11,8,22,9,17,17,21,14,20,6,7,10,4,12,9,17,16,15,4,11,22,2,20,15,4,6,5,16,1,13,1,22,19,22,7,12,9,1,6,2,8,23,22,16,5,12,6,2,10,12,8,13,19,9,14,2,4,17,9,19,6,7,20,18,23,22,21,7,22,8,9,19,11,9,15,4,18,21,14,13,1,12,7,19,22,1,0,22,0,0,18,13,23,19,2,5,23,22,20,23,3,7,23,12,4,13,9,10,18,17,9,3,14,0,3,21,3,2,1,20,2,22,18,21,20,12,3,15,14,8,11,11,18,20,16,3,10,0,20,23,21,4,18,10,13,17,3,4,5,10,9,7,8,11,6,12,2,1,0
0.0447191544,0.0269010534,0.0263659752,0.0264021536,0.0237134125,0.0238555586,0.0261933951,0.0258677332,0.0262359167,0.0263927471,0.0272659924,0.0403069942,0.0990492610,0.0792799653,0.0580161571,0.0477405020,0.0443549284,0.0574575274,0.0447279134,0.0406971149,0.0393554163,0.0387066331,0.0395670058,0.0398332661,0.0420310847,0.0542458379,0.0914636657,0.1033586656,0.0612006464,0.0538787153,0.1000417943,0.1097066911,0.0812939288,0.0755568050,0.0703695246,0.0667482722,0.0656804230,0.0659895608,0.0658876646,0.0673716281,0.0769139746,0.0832350941,0.0598750688,0.0583835305,0.0582804861,0.0676962566,0.0679457599,0.0829022075,0.0985305003,0.0857907803,0.0779272469,0.0784946690,0.0784359296,0.0770870957,0.0820969637,0.0932291674,0.0703144352,0.0598950108,0.0606630027,0.0605277961,0.0683498941,0.0675563163,0.0683425858,0.0703098658,0.0940233436,0.1060203935,0.1076946733,0.1065042038,0.1059705069,0.0971997945,0.0695273202,0.0675557973,0.0604031993,0.0599114173,0.0607995643,0.0677250014,0.0679968172,0.0676678992,0.0679216356,0.0676538198,0.0677176832,0.0693546938,0.0722271314,0.0678799778,0.0676989638,0.0675717853,0.0675795529,0.0602524526,0.0607110292,0.0603848709,0.0676754457,0.0671631533,0.0676428048,0.0676118457,0.0675119251,0.0674610270,0.0674726269,0.0677362176,0.0678901654,0.0677875801,0.0674794216,0.0677686335,0.0600945912,0.0602534119,0.0600827524,0.0681678800,0.0676796015,0.0677121637,0.0681824037,0.0685348503,0.0683305382,0.0681636056,0.0688734515,0.0685838672,0.0678195170,0.0681926756,0.0680789670,0.0614288950,0.0606126775,0.0610972133,0.0676969568,0.0676399895,0.0685597431,0.0683296926,0.0682394341,0.0686706950,0.0680915103,0.0684678759,0.0680648632,0.0682125928,0.0682312909,0.0679948153,0.0608505816,0.0607714275,0.0606165580,0.0168227077,0.0166651183,0.0168845921,0.0166276073,0.0165761429,0.0167348970,0.0167642292,0.0166712381,0.0168156066,0.0166336128,0.0165489505,0.0164904030,0.0157958586,0.0156868877,0.0158215456,0.0058502229,0.0058469009,0.0058658541,0.0058331218,0.0058412499,0.0058208403,0.0058290088,0.0058039901,0.0058107383,0.0058756263,0.0058209426,0.0058570615,0.0054925095,0.0055504877,0.0055431851,0.0058383283,0.0058812115,0.0058426393,0.0058877788,0.0058391492,0.0058473148,0.0058196374,0.0058266446,0.0057999306,0.0058264915,0.0058315592,0.0058411315,0.0055271885,0.0055239462,0.0055593885,0.0058396134,0.0057987771,0.0057795130,0.0057901111,0.0058078250,0.0058363672,0.0058425473,0.0057681288,0.0057760191,0.0058173440,0.0058320116,0.0057931959,0.0055093210,0.0055335608,0.0054693273,0.0057917364,0.0058830117,0.0058104670,0.0058186717,0.0057842568,0.0057789653,0.0058095766,0.0057761613,0.0058218287,0.0057944659,0.0058205175,0.0057996745,0.0055143839,0.0055238483,0.0055415098,0.0057963007,0.0058010256,0.0058480937,0.0058094721,0.0058195581,0.0058208701,0.0058395683,0.0057985581,0.0058326447,0.0058543814,0.0058469583,0.0058793828,0.0055013106,0.0055631839,0.0055149060,0.0058270332,0.0058587629,0.0058489228,0.0057909786,0.0057966348,0.0057786294,0.0058234835,0.0058061332,0.0058182230,0.0058075711,0.0058240775,0.0058077412,0.0055053912,0.0055690944,0.0054936678,0.0058017541,0.0058385306,0.0057818365,0.0058136496,0.0057599769,0.0058142342,0.0058393381,0.0058044945,0.0058439149,0.0057835178,0.0058152607,0.0058039421,0.0054711964,0.0054867824,0.0054827695,0.0058619262,0.0058015786,0.0058830474,0.0058327485,0.0058055971,0.0058157607,0.0058088628,0.0058438384,0.0058047211,0.0057789409,0.0058363209,0.0059112651,0.0055064717,0.0055760688,0.0055049351,0.0058294847,0.0057891375,0.0058425160,0.0058193271,0.0058102486,0.0058248341,0.0058155075,0.0058006457,0.0058309343,0.0057890741,0.0057937272,0.0057871057,0.0055310425,0.0055366223,0.0055026352,0.0057969893,0.0058132224,0.0058224724,0.0058587908,0.0058092443,0.0058213921,0.0058100932,0.0058644014,0.0057938082,0.0058012900,0.0058237446,0.0058368607,0.0054913434,0.0055005156,0.0054845412,0.0057698935,0.0058186618,0.0057817976,0.0057742934,0.0058567890,0.0058011924,0.0058336988,0.0057929970,0.0058131246,0.0058129009,0.0057990349,0.0058511281,0.0055600463,0.0055283231,0.0055469564,0.0058039580,0.0058202524,0.0058294747,0.0058036292,0.0058230243,0.0058206065,0.0058437849,0.0057928883,0.0057905444,0.0057823262,0.0058214952,0.0057976987,0.0055349937,0.0055061169,0.0055256368,0.0058033377,0.0058431884,0.0058479386,0.0058008109,0.0058567373,0.0058181649,0.0057981841,0.0058449571,0.0058353132,0.0058069443,0.0058195266,0.0058265750,0.0054941085,0.0055296725,0.0055127727,0.0058097447,0.0057984345,0.0058134941,0.0057757583,0.0058412251,0.0057447280,0.0058175029,0.0057664135,0.0058467707,0.0057870981,0.0058271354,0.0057828087,0.0055468266,0.0054872206,0.0054778476,0.0057818063,0.0058437791,0.0058038482,0.0057819970,0.0058413581,0.0058429328,0.0058172168,0.0057826457,0.0057674885,0.0057864949,0.0058320757,0.0057791531,0.0054948300,0.0055004526,0.0055622567,0.0058217097,0.0058400365,0.0057484154,0.0058120159,0.0058610426,0.0058280706,0.0058230498,0.0058583397,0.0058302557,0.0057429154,0.0057993917,0.0058530229,0.0054931040,0.0054837214,0.0054601663,0.0058074274,0.0057930793,0.0057966835,0.0057722346,0.0057837070,0.0058248820,0.0058325897,0.0057780103,0.0058249237,0.0058091421,0.0058644207,0.0057940558,0.0055045996,0.0055238614,0.0054619350,0.0058108093,0.0058378658,0.0058108845,0.0058795746,0.0058266529,0.0057695439,0.0058425504,0.0057915798,0.0058192318,0.0058366227,0.0057967683,0.0057925295,0.0055148244,0.0055333234,0.0055409724,0.0049858061,0.0049125318,0.0049828663,0.0049327419,0.0049137633,0.0049424857,0.0049181490,0.0048932876,0.0049220770,0.0049648783,0.0049586739,0.0049354711,0.0046788142,0.0046395280,0.0047146424
21,22,20,3,7,6,19,23,2,0,21,7,15,19,1,15,0,4,6,9,11,8,17,10,20,12,13,12,4,5,4,7,14,19,8,18,15,16,1,17,22,3,3,18,16,12,11,17,5,1,11,10,9,8,23,18,2,6,23,19,9,14,20,10,2,21,6,20,0,16,14,20,22,8,13,18,4,17,22,12,5,2,7,13,23,15,3,10,17,9,21,8,1,2,21,6,22,19,13,19,10,16,14,12,11,10,6,5,23,17,23,3,1,9,7,4,3,0,21,7,0,8,11,18,9,11,16,0,13,15,22,14,5,20,2,1,5,14,12,15,16,18,14,13,4,15,12,5,4,1,19,12,1,15,13,12,5,20,7,9,0,13,20,17,18,18,21,0,14,13,2,21,23,18,2,3,7,23,11,10,3,3,0,15,8,19,21,23,20,2,11,20,19,12,22,5,13,5,17,7,11,0,12,15,15,6,20,11,5,9,20,0,7,16,3,3,21,23,13,21,4,6,6,18,0,21,2,13,20,11,2,17,23,18,2,10,7,20,21,17,4,18,22,17,22,14,13,23,19,8,7,19,18,17,2,1,16,18,17,16,11,16,9,7,20,19,23,15,14,8,23,0,2,20,14,4,12,0,5,18,10,19,1,2,16,16,14,15,18,16,17,10,6,4,10,9,1,4,23,14,5,5,8,22,21,12,1,22,8,17,2,9,19,15,13,6,3,5,23,15,5,1,3,22,9,0,23,12,8,9,11,6,14,10,14,23,18,1,1,15,9,10,16,6,5,15,19,4,8,7,22,0,0,1,8,4,7,21,22,1,16,18,4,16,11,2,22,20,22,17,13,8,10,4,19,21,13,12,17,6,9,10,12,3,22,8,14,22,7,10,3,6,4,16,12,18,6,11,6,11,6,19,3,13,11,14,2,10,13,19,3,16,9,21,21,7,20,7,0,3,15,16,4,2,7,13,9,8,6,14,12,5,3,0,1
0.0424893449,0.0259908104,0.0262761798,0.0263445350,0.0258519138,0.0258515136,0.0261352593,0.0259204339,0.0261892364,0.0263004963,0.0270650320,0.0375368838,0.1039654416,0.0810991159,0.0574802440,0.0451620773,0.0447489870,0.0557079232,0.0432493601,0.0407144052,0.0390898669,0.0390519781,0.0391870811,0.0393191623,0.0404048777,0.0525194384,0.0844415891,0.1026150511,0.0579685062,0.0518051397,0.1044813791,0.1094943588,0.0802844042,0.0749886630,0.0691537371,0.0665123026,0.0653501476,0.0661470404,0.0654309717,0.0671531457,0.0760070520,0.0884579568,0.0617893609,0.0592260671,0.0588372265,0.0674584263,0.0690262143,0.0860222853,0.0936988536,0.0813536725,0.0776960219,0.0777314550,0.0778869094,0.0762624810,0.0800084176,0.0938942187,0.0705099232,0.0603319597,0.0610378475,0.0603859002,0.0674502336,0.0678887370,0.0676849971,0.0765882779,0.0983662914,0.1063032299,0.1011455036,0.0990491130,0.1021552431,0.0994177023,0.0720961089,0.0673417882,0.0599734838,0.0593057338,0.0606906971,0.0679101627,0.0673166589,0.0678232126,0.0673995377,0.0670653938,0.0676935849,0.0770112331,0.0808070196,0.0727470830,0.0674528578,0.0671030313,0.0677481198,0.0601730733,0.0605417869,0.0606334539,0.0672698800,0.0674326942,0.0673810215,0.0679200668,0.0675170799,0.0669370905,0.0670682038,0.0671631000,0.0674504118,0.0675210109,0.0671665052,0.0672596680,0.0602701952,0.0599783006,0.0602545490,0.0676513759,0.0681517383,0.0682188057,0.0682508186,0.0683101556,0.0679194070,0.0674574397,0.0686588202,0.0683244309,0.0682721220,0.0675895190,0.0678084861,0.0614078151,0.0608013007,0.0613003205,0.0675166127,0.0672728253,0.0676257427,0.0679399115,0.0678194706,0.0679177942,0.0685273961,0.0684979463,0.0680117674,0.0679459034,0.0683231797,0.0681116254,0.0608797534,0.0607656099,0.0608388091,0.0167954631,0.0165952320,0.0167826092,0.0166059599,0.0166050204,0.0167093026,0.0167540469,0.0166890221,0.0167748853,0.0166012238,0.0165817076,0.0164192014,0.0157331958,0.0157362389,0.0158220499,0.0058435905,0.0058494120,0.0058560925,0.0058357514,0.0058453151,0.0058198412,0.0058293168,0.0058088206,0.0058004284,0.0058913214,0.0058208786,0.0058668954,0.0055059152,0.0055526063,0.0055236678,0.0058315983,0.0058728470,0.0058379776,0.0058798461,0.0058455228,0.0058371402,0.0058251598,0.0058320609,0.0058107890,0.0058222716,0.0058292248,0.0058248661,0.0055294347,0.0055277696,0.0055463257,0.0058399490,0.0057977402,0.0057758524,0.0057937307,0.0058197853,0.0058462212,0.0058337285,0.0057777387,0.0057771833,0.0058057416,0.0058267787,0.0057955024,0.0055113546,0.0055318726,0.0054698486,0.0057909804,0.0058955931,0.0058183039,0.0058177974,0.0057737508,0.0057721109,0.0058115834,0.0057689506,0.0058207519,0.0057987276,0.0058159762,0.0058104230,0.0055148844,0.0055274316,0.0055542982,0.0057957744,0.0057892670,0.0058341336,0.0058064201,0.0058144793,0.0058257638,0.0058450353,0.0057985941,0.0058398641,0.0058511880,0.0058515396,0.0058723387,0.0055018143,0.0055619192,0.0055183208,0.0058279577,0.0058408556,0.0058418821,0.0058032161,0.0058046688,0.0057872562,0.0058219710,0.0058011123,0.0058221725,0.0057969206,0.0058368480,0.0057908530,0.0055110021,0.0055631016,0.0054764831,0.0058114232,0.0058409189,0.0057869640,0.0058187021,0.0057486086,0.0058062484,0.0058432018,0.0058029665,0.0058480987,0.0057819411,0.0058105528,0.0057932038,0.0054607881,0.0054993542,0.0054754338,0.0058507754,0.0058024618,0.0058893233,0.0058309665,0.0058174374,0.0058137658,0.0058073256,0.0058537522,0.0057998918,0.0057787811,0.0058394165,0.0057788507,0.0055132615,0.0055671763,0.0055037992,0.0058245185,0.0057953956,0.0058293312,0.0058080723,0.0058032980,0.0058266333,0.0058094366,0.0057957443,0.0058374231,0.0057972148,0.0058107708,0.0057887214,0.0055374792,0.0055173433,0.0054978543,0.0058010585,0.0058115230,0.0058091097,0.0058584694,0.0058171857,0.0058247312,0.0058285560,0.0058567685,0.0057994285,0.0058315627,0.0058212593,0.0058418426,0.0054977609,0.0055041136,0.0054910512,0.0057772469,0.0058149097,0.0057896779,0.0057666820,0.0058568938,0.0057854509,0.0058330592,0.0058027973,0.0058134714,0.0058187848,0.0057881292,0.0058544977,0.0055586969,0.0055242890,0.0055308112,0.0058003075,0.0058250664,0.0058266400,0.0058016031,0.0058200054,0.0058187232,0.0058433316,0.0058140099,0.0057905860,0.0057848045,0.0058039523,0.0057959666,0.0055242093,0.0055079079,0.0055420856,0.0058091687,0.0058311154,0.0058381983,0.0057870543,0.0058336665,0.0058059171,0.0057925264,0.0058481128,0.0058228837,0.0058032631,0.0058103788,0.0058153137,0.0054943170,0.0054870004,0.0055173979,0.0058056351,0.0058186977,0.0058038420,0.0057692443,0.0058307707,0.0057470918,0.0058128100,0.0057644871,0.0058390648,0.0057770537,0.0058280423,0.0057777753,0.0055387003,0.0054811781,0.0054668867,0.0057809080,0.0058465640,0.0057980290,0.0057865621,0.0058316086,0.0058344649,0.0058076771,0.0057990142,0.0057691562,0.0057886885,0.0058300522,0.0057846117,0.0054915047,0.0055057795,0.0055649138,0.0058141847,0.0058389186,0.0057631643,0.0058039184,0.0058492377,0.0058305914,0.0058093043,0.0058524107,0.0058207950,0.0057575759,0.0057931490,0.0058565024,0.0054852312,0.0054770945,0.0054529413,0.0058144165,0.0057995647,0.0057986155,0.0057756073,0.0058097285,0.0058267688,0.0058373138,0.0057896349,0.0058168676,0.0058057636,0.0058541114,0.0057938653,0.0055253960,0.0055215563,0.0054664005,0.0058047292,0.0058393348,0.0058188214,0.0058672211,0.0058323158,0.0057698804,0.0058393931,0.0058018887,0.0058123585,0.0058221288,0.0057914759,0.0057764842,0.0055148321,0.0055403051,0.0055487213,0.0049754813,0.0049213757,0.0049784106,0.0049315196,0.0049104895,0.0049592296,0.0049252309,0.0048789807,0.0049195049,0.0049571920,0.0049556717,0.0049398339,0.0046876090,0.0046416160,0.0047185293
21,22,20,3,7,6,19,23,2,0,21,7,15,19,1,15,0,4,6,9,11,8,17,10,20,12,13,12,4,5,4,7,14,19,8,18,15,16,1,17,22,3,3,18,16,12,11,17,5,1,11,10,9,8,23,18,2,6,23,19,9,14,20,10,2,21,6,20,0,16,14,20,22,8,13,18,4,17,22,12,5,2,7,13,23,15,3,10,17,9,21,8,1,2,21,6,22,19,13,19,10,16,14,12,11,10,6,5,23,17,23,3,1,9,7,4,3,0,21,7,0,8,11,18,9,11,16,0,13,15,22,14,5,20,2,1,5,14,12,15,16,18,14,13,4,15,12,5,4,1,19,12,1,15,13,12,5,20,7,9,0,13,20,17,18,18,21,0,14,13,2,21,23,18,2,3,7,23,11,10,3,3,0,15,8,19,21,23,20,2,11,20,19,12,22,5,13,5,17,7,11,0,12,15,15,6,20,11,5,9,20,0,7,16,3,3,21,23,13,21,4,6,6,18,0,21,2,13,20,11,2,17,23,18,2,10,7,20,21,17,4,18,22,17,22,14,13,23,19,8,7,19,18,17,2,1,16,18,17,16,11,16,9,7,20,19,23,15,14,8,23,0,2,20,14,4,12,0,5,18,10,19,1,2,16,16,14,15,18,16,17,10,6,4,10,9,1,4,23,14,5,5,8,22,21,12,1,22,8,17,2,9,19,15,13,6,3,5,23,15,5,1,3,22,9,0,23,12,8,9,11,6,14,10,14,23,18,1,1,15,9,10,16,6,5,15,19,4,8,7,22,0,0,1,8,4,7,21,22,1,16,18,4,16,11,2,22,20,22,17,13,8,10,4,19,21,13,12,17,6,9,10,12,3,22,8,14,22,7,10,3,6,4,16,12,18,6,11,6,11,6,19,3,13,11,14,2,10,13,19,3,16,9,21,21,7,20,7,0,3,15,16,4,2,7,13,9,8,6,14,12,5,3,0,1
0.0412209697,0.0261292638,0.0264345676,0.0263538512,0.0256422153,0.0260263223,0.0261693320,0.0261182154,0.0260726052,0.0263470481,0.0265550551,0.0342727136,0.1082896271,0.0826660924,0.0583311098,0.0439014717,0.0447387284,0.0544530993,0.0446912806,0.0407418784,0.0387645092,0.0385890139,0.0390412286,0.0388587999,0.0402488761,0.0500318634,0.0837186812,0.1044711390,0.0547988229,0.0510357971,0.1064183025,0.1078699784,0.0788320531,0.0736769921,0.0680932231,0.0660140595,0.0651338721,0.0659422114,0.0654620075,0.0675535189,0.0767320482,0.0888953860,0.0616099380,0.0593734786,0.0588211294,0.0675462819,0.0710569458,0.0878510891,0.0894601258,0.0799113501,0.0777527023,0.0767860223,0.0772563124,0.0757458452,0.0786176184,0.0927758068,0.0720775328,0.0599111548,0.0606766354,0.0604234772,0.0677889116,0.0671555610,0.0675139632,0.0822358833,0.1005564643,0.1038150629,0.0956192590,0.0932439119,0.0976335692,0.1010847548,0.0741638170,0.0670038567,0.0604938439,0.0599763186,0.0605936561,0.0674252095,0.0674105377,0.0674449933,0.0677479073,0.0674999690,0.0708658485,0.0830655001,0.0857043272,0.0783396033,0.0680577351,0.0671792131,0.0677101268,0.0606671025,0.0606472836,0.0606590084,0.0674398389,0.0672923104,0.0674674631,0.0675521504,0.0675493723,0.0672812356,0.0674692429,0.0674996706,0.0678597477,0.0672775637,0.0675847101,0.0676324990,0.0601019311,0.0598202512,0.0596558713,0.0677903573,0.0675909298,0.0680747136,0.0682437550,0.0676855511,0.0685621543,0.0685032726,0.0681792929,0.0683453039,0.0683063109,0.0682241034,0.0681232762,0.0613349489,0.0606363455,0.0610534648,0.0676785101,0.0679793765,0.0682589656,0.0680310840,0.0683002938,0.0687450035,0.0684742510,0.0681355520,0.0674434642,0.0680557966,0.0684450093,0.0684879739,0.0611080420,0.0613013003,0.0604953407,0.0168219512,0.0166297666,0.0167499936,0.0166251186,0.0166264005,0.0166841609,0.0167512551,0.0165493468,0.0167984523,0.0165509072,0.0166080053,0.0164460306,0.0157004182,0.0157037891,0.0158748693,0.0058407668,0.0058611789,0.0058619756,0.0058340291,0.0058495488,0.0058173337,0.0058338761,0.0058072504,0.0057954151,0.0058931767,0.0058255405,0.0058686284,0.0055025789,0.0055554598,0.0055354743,0.0058312437,0.0058839302,0.0058272545,0.0058751682,0.0058457391,0.0058524826,0.0058232762,0.0058308335,0.0057889917,0.0058323528,0.0058381539,0.0058399997,0.0055326593,0.0055205523,0.0055664458,0.0058470280,0.0057840127,0.0057801199,0.0057993480,0.0058076417,0.0058414711,0.0058260778,0.0057775018,0.0057801593,0.0058131297,0.0058371999,0.0057977213,0.0055021009,0.0055351260,0.0054674160,0.0057990341,0.0058920716,0.0058254399,0.0058119573,0.0057723763,0.0057731990,0.0058122732,0.0057748393,0.0058242107,0.0058002113,0.0058155917,0.0058076612,0.0055177688,0.0055299188,0.0055530040,0.0057944704,0.0057898003,0.0058416222,0.0058023816,0.0058130695,0.0058281478,0.0058463041,0.0058081037,0.0058385551,0.0058550537,0.0058507332,0.0058824470,0.0055072077,0.0055560163,0.0055187748,0.0058257341,0.0058504636,0.0058532486,0.0057963727,0.0057971828,0.0057895878,0.0058261391,0.0058078521,0.0058194722,0.0058199003,0.0058251292,0.0058037389,0.0055117482,0.0055673837,0.0054984869,0.0058052196,0.0058443058,0.0057851836,0.0058167715,0.0057530446,0.0058098914,0.0058453170,0.0058074299,0.0058426471,0.0057779652,0.0058152485,0.0057939463,0.0054629889,0.0054719998,0.0054837336,0.0058454025,0.0058134150,0.0058799081,0.0058182659,0.0058121835,0.0058121568,0.0058074565,0.0058414129,0.0057982780,0.0057857921,0.0058358794,0.0057845183,0.0055123701,0.0055641247,0.0055047848,0.0058254943,0.0057911237,0.0058322700,0.0058057594,0.0058026886,0.0058300497,0.0058117453,0.0058003592,0.0058280524,0.0058016776,0.0058046737,0.0057858063,0.0055276014,0.0055292535,0.0054915027,0.0057993828,0.0058044601,0.0058218655,0.0058457699,0.0058077384,0.0058211591,0.0058135380,0.0058544093,0.0057941840,0.0058075058,0.0058241531,0.0058487541,0.0054952972,0.0055091715,0.0054889916,0.0057792343,0.0058166693,0.0057950255,0.0057560121,0.0058738534,0.0057981627,0.0058342380,0.0058060778,0.0058222923,0.0058191682,0.0057977517,0.0058404520,0.0055486957,0.0055294847,0.0055425980,0.0058019774,0.0058186286,0.0058210857,0.0058096615,0.0058171021,0.0058176959,0.0058440209,0.0058078301,0.0057964576,0.0057762515,0.0058130477,0.0058030947,0.0055274270,0.0055083280,0.0055424812,0.0058048856,0.0058402711,0.0058426379,0.0057907718,0.0058594751,0.0058108856,0.0057982017,0.0058485654,0.0058288307,0.0058023065,0.0058199181,0.0058238713,0.0054939023,0.0055039047,0.0055209493,0.0058087327,0.0058198312,0.0057886891,0.0057617417,0.0058444165,0.0057403587,0.0058125749,0.0057739565,0.0058470625,0.0057807594,0.0058336271,0.0057795461,0.0055518414,0.0054869908,0.0054813557,0.0057791739,0.0058450679,0.0057976533,0.0057847324,0.0058369981,0.0058403720,0.0058038163,0.0057916465,0.0057613601,0.0057895191,0.0058316376,0.0057857281,0.0055073261,0.0054964655,0.0055560325,0.0058312414,0.0058496501,0.0057693055,0.0058095486,0.0058604670,0.0058318598,0.0058340121,0.0058528954,0.0058168933,0.0057440372,0.0057922521,0.0058552986,0.0054925853,0.0054754974,0.0054502766,0.0058164236,0.0058125250,0.0057992787,0.0057767542,0.0058028944,0.0058189432,0.0058439223,0.0057909743,0.0058254525,0.0058104838,0.0058571393,0.0057842353,0.0055160683,0.0055326870,0.0054633489,0.0058158154,0.0058421163,0.0058116383,0.0058668205,0.0058231724,0.0057832396,0.0058472573,0.0058057532,0.0058204257,0.0058319622,0.0058067404,0.0057879625,0.0055020250,0.0055437098,0.0055491161,0.0049859547,0.0049176747,0.0049957540,0.0049335829,0.0049051950,0.0049560183,0.0049362656,0.0049019429,0.0049138408,0.0049510529,0.0049705034,0.0049362857,0.0046891876,0.0046550880,0.0047201253
21,22,20,3,7,6,19,23,2,0,21,7,15,19,1,15,0,4,6,9,11,8,17,10,20,12,13,12,4,5,4,7,14,19,8,18,15,16,1,17,22,3,3,18,16,12,11,17,5,1,11,10,9,8,23,18,2,6,23,19,9,14,20,10,2,21,6,20,0,16,14,20,22,8,13,18,4,17,22,12,5,2,7,13,23,15,3,10,17,9,21,8,1,2,21,6,22,19,13,19,10,16,14,12,11,10,6,5,23,17,23,3,1,9,7,4,3,0,21,7,0,8,11,18,9,11,16,0,13,15,22,14,5,20,2,1,5,14,12,15,16,18,14,13,4,15,12,5,4,1,19,12,1,15,13,12,5,20,7,9,0,13,20,17,18,18,21,0,14,13,2,21,23,18,2,3,7,23,11,10,3,3,0,15,8,19,21,23,20,2,11,20,19,12,22,5,13,5,17,7,11,0,12,15,15,6,20,11,5,9,20,0,7,16,3,3,21,23,13,21,4,6,6,18,0,21,2,13,20,11,2,17,23,18,2,10,7,20,21,17,4,18,22,17,22,14,13,23,19,8,7,19,18,17,2,1,16,18,17,16,11,16,9,7,20,19,23,15,14,8,23,0,2,20,14,4,12,0,5,18,10,19,1,2,16,16,14,15,18,16,17,10,6,4,10,9,1,4,23,14,5,5,8,22,21,12,1,22,8,17,2,9,19,15,13,6,3,5,23,15,5,1,3,22,9,0,23,12,8,9,11,6,14,10,14,23,18,1,1,15,9,10,16,6,5,15,19,4,8,7,22,0,0,1,8,4,7,21,22,1,16,18,4,16,11,2,22,20,22,17,13,8,10,4,19,21,13,12,17,6,9,10,12,3,22,8,14,22,7,10,3,6,4,16,12,18,6,11,6,11,6,19,3,13,11,14,2,10,13,19,3,16,9,21,21,7,20,7,0,3,15,16,4,2,7,13,9,8,6,14,12,5,3,0,1
0.0405783179,0.0260211909,0.0262497743,0.0263155536,0.0259009633,0.0261643088,0.0264206150,0.0261865509,0.0261479796,0.0263718882,0.0261017724,0.0316677788,0.1073189554,0.0811742593,0.0601755826,0.0424538909,0.0464115903,0.0544440487,0.0448596635,0.0408556157,0.0391139643,0.0386493561,0.0387845267,0.0393018167,0.0406432120,0.0506740934,0.0834792027,0.1054898018,0.0529503542,0.0488812582,0.1070815349,0.1052295614,0.0765594078,0.0727417306,0.0670382140,0.0658659026,0.0646726395,0.0656301159,0.0649633284,0.0666236744,0.0756766070,0.0887853499,0.0604874392,0.0586974602,0.0580428242,0.0678080739,0.0724221866,0.0891427187,0.0877304642,0.0799261005,0.0772293154,0.0766331617,0.0769650255,0.0751903007,0.0770004884,0.0909239913,0.0734365193,0.0601808148,0.0609170243,0.0602693597,0.0679774301,0.0683190924,0.0679366669,0.0859946202,0.1019524036,0.0990216132,0.0924923044,0.0912008373,0.0943518092,0.1012017708,0.0773268767,0.0673440731,0.0605397620,0.0600063758,0.0607589890,0.0675633645,0.0676300794,0.0673101788,0.0679514512,0.0675155111,0.0764089929,0.0875177070,0.0890666756,0.0829041966,0.0691527394,0.0674151394,0.0673681904,0.0601973166,0.0604151420,0.0604995243,0.0673057981,0.0675896701,0.0674590668,0.0674744937,0.0672081949,0.0672357382,0.0678442697,0.0669660699,0.0678500883,0.0675829300,0.0674940116,0.0680419680,0.0599845641,0.0603645165,0.0598855035,0.0678029925,0.0680989395,0.0680247349,0.0683549934,0.0677268021,0.0683057069,0.0679048236,0.0682460785,0.0680298934,0.0676467741,0.0681882981,0.0680166278,0.0609542921,0.0606889748,0.0611062196,0.0671340935,0.0683578361,0.0677169391,0.0678259049,0.0680257669,0.0684804525,0.0687553939,0.0684819678,0.0684349010,0.0679961834,0.0684681742,0.0683348724,0.0610580965,0.0612358577,0.0605170549,0.0168354778,0.0166721529,0.0167265712,0.0165920236,0.0166904404,0.0166917821,0.0167411982,0.0164838048,0.0167756883,0.0170456593,0.0165392795,0.0164903459,0.0158306037,0.0157294682,0.0158747938,0.0058520726,0.0058616215,0.0058521608,0.0058313107,0.0058662697,0.0058291521,0.0058346971,0.0058123232,0.0058198391,0.0058927817,0.0058258427,0.0058696322,0.0055133026,0.0055650468,0.0055394917,0.0058500549,0.0058919092,0.0058261617,0.0058835678,0.0058462450,0.0058511513,0.0058301645,0.0058300932,0.0057986461,0.0058201129,0.0058382140,0.0058403511,0.0055315437,0.0055234517,0.0055478932,0.0058350214,0.0058037171,0.0057826435,0.0057978481,0.0058162576,0.0058441125,0.0058397217,0.0057804817,0.0057855269,0.0058246798,0.0058440165,0.0058066287,0.0055185239,0.0055386218,0.0054654292,0.0058115790,0.0058925414,0.0058243067,0.0058266971,0.0057836316,0.0057832846,0.0058211657,0.0057759163,0.0058403578,0.0058353955,0.0058178351,0.0058101206,0.0055068533,0.0055317544,0.0055459325,0.0058027283,0.0057993582,0.0058438030,0.0057960000,0.0058245856,0.0058447095,0.0058450399,0.0058056764,0.0058453874,0.0058591254,0.0058577946,0.0058783469,0.0055044092,0.0055585205,0.0055288547,0.0058238474,0.0058548521,0.0058535227,0.0058004367,0.0058059810,0.0057911141,0.0058217641,0.0058109540,0.0058296729,0.0058078263,0.0058223641,0.0058034552,0.0055061554,0.0055648784,0.0054922623,0.0058213022,0.0058443613,0.0057713470,0.0058266037,0.0057491113,0.0058145570,0.0058523107,0.0058134217,0.0058511069,0.0057916945,0.0058233240,0.0057976463,0.0054632911,0.0054881001,0.0054786297,0.0058456169,0.0058060157,0.0058854930,0.0058239656,0.0058210235,0.0058155203,0.0058223708,0.0058465390,0.0058091265,0.0057817525,0.0058441658,0.0057824966,0.0055238975,0.0055796836,0.0055100071,0.0058323885,0.0057941699,0.0058344022,0.0058235871,0.0058072286,0.0058371801,0.0058156304,0.0061581902,0.0058335203,0.0058083492,0.0058055046,0.0057952410,0.0055311913,0.0055222995,0.0055057598,0.0058099483,0.0058129591,0.0058272799,0.0058564767,0.0058218970,0.0058351932,0.0058265053,0.0058685483,0.0057996902,0.0058318182,0.0058234699,0.0058475400,0.0055057913,0.0055157176,0.0055017091,0.0057804851,0.0058250504,0.0057962737,0.0057669097,0.0058615198,0.0058081665,0.0058279578,0.0057982498,0.0058167254,0.0058196725,0.0058105519,0.0058604649,0.0055615856,0.0055360961,0.0055412206,0.0058000916,0.0058267187,0.0058361817,0.0058175142,0.0058078617,0.0058117008,0.0058454305,0.0058087073,0.0057917229,0.0057887977,0.0058132833,0.0058123179,0.0055415717,0.0055308401,0.0055423455,0.0058073900,0.0058417982,0.0058426703,0.0057977602,0.0058521914,0.0058161402,0.0058007801,0.0058431438,0.0058431849,0.0058080792,0.0058236421,0.0058232666,0.0054830559,0.0055116126,0.0055228465,0.0058116370,0.0058209644,0.0058041502,0.0057684047,0.0058450725,0.0057634306,0.0058171381,0.0057691877,0.0058476784,0.0057851612,0.0058363315,0.0057858157,0.0055526849,0.0054847946,0.0054830089,0.0057896360,0.0058519195,0.0058107117,0.0057889751,0.0058387733,0.0058329341,0.0058012843,0.0057861860,0.0057738969,0.0057973809,0.0058409098,0.0057863132,0.0054951460,0.0055075089,0.0055609419,0.0058247901,0.0058558664,0.0057651446,0.0058136778,0.0058545729,0.0058339570,0.0058152952,0.0058530139,0.0058309786,0.0057522034,0.0058031357,0.0058735328,0.0054916759,0.0054888853,0.0054546270,0.0058182047,0.0058093560,0.0058091222,0.0057731223,0.0058095527,0.0058309724,0.0058284353,0.0057925977,0.0058255559,0.0058022428,0.0058484256,0.0057891542,0.0055324776,0.0055236797,0.0054608679,0.0058172939,0.0058384386,0.0058186582,0.0058702276,0.0058408240,0.0057868004,0.0058485970,0.0057936255,0.0058230250,0.0058397756,0.0058031980,0.0057730120,0.0055094611,0.0055417931,0.0055453469,0.0049826375,0.0049287190,0.0049882997,0.0049441788,0.0049155003,0.0049543256,0.0049362134,0.0048976624,0.0049240473,0.0049666825,0.0049561495,0.0049352192,0.0046938166,0.0046499127,0.0047220793
21,22,20,3,7,6,19,23,2,0,21,7,15,19,1,15,0,4,6,9,11,8,17,10,20,12,13,12,4,5,4,7,14,19,8,18,15,16,1,17,22,3,3,18,16,12,11,17,5,1,11,10,9,8,23,18,2,6,23,19,9,14,20,10,2,21,6,20,0,16,14,20,22,8,13,18,4,17,22,12,5,2,7,13,23,15,3,10,17,9,21,8,1,2,21,6,22,19,13,19,10,16,14,12,11,10,6,5,23,17,23,3,1,9,7,4,3,0,21,7,0,8,11,18,9,11,16,0,13,15,22,14,5,20,2,1,5,14,12,15,16,18,14,13,4,15,12,5,4,1,19,12,1,15,13,12,5,20,7,9,0,13,20,17,18,18,21,0,14,13,2,21,23,18,2,3,7,23,11,10,3,3,0,15,8,19,21,23,20,2,11,20,19,12,22,5,13,5,17,7,11,0,12,15,15,6,20,11,5,9,20,0,7,16,3,3,21,23,13,21,4,6,6,18,0,21,2,13,20,11,2,17,23,18,2,10,7,20,21,17,4,18,22,17,22,14,13,23,19,8,7,19,18,17,2,1,16,18,17,16,11,16,9,7,20,19,23,15,14,8,23,0,2,20,14,4,12,0,5,18,10,19,1,2,16,16,14,15,18,16,17,10,6,4,10,9,1,4,23,14,5,5,8,22,21,12,1,22,8,17,2,9,19,15,13,6,3,5,23,15,5,1,3,22,9,0,23,12,8,9,11,6,14,10,14,23,18,1,1,15,9,10,16,6,5,15,19,4,8,7,22,0,0,1,8,4,7,21,22,1,16,18,4,16,11,2,22,20,22,17,13,8,10,4,19,21,13,12,17,6,9,10,12,3,22,8,14,22,7,10,3,6,4,16,12,18,6,11,6,11,6,19,3,13,11,14,2,10,13,19,3,16,9,21,21,7,20,7,0,3,15,16,4,2,7,13,9,8,6,14,12,5,3,0,1
0.0397528526,0.0262970506,0.0262951642,0.0264420929,0.0260217207,0.0260971363,0.0263576172,0.0261507204,0.0262988687,0.0264259742,0.0259986040,0.0309970316,0.1029725621,0.0827770504,0.0642975474,0.0412871634,0.0476821073,0.0518781573,0.0422285722,0.0396943009,0.0380711757,0.0389810601,0.0391715002,0.0391532286,0.0401354832,0.0487196314,0.0809952813,0.1048954893,0.0515357008,0.0465759091,0.1092241868,0.1031000412,0.0768614378,0.0743443712,0.0664701675,0.0658043650,0.0643648783,0.0654479132,0.0657283738,0.0670420780,0.0749738069,0.0927782534,0.0611377976,0.0597791582,0.0583887303,0.0677662307,0.0744823283,0.0892212732,0.0865696128,0.0791702359,0.0773642034,0.0768064856,0.0770467753,0.0752948848,0.0764075752,0.0886533260,0.0750782634,0.0603676743,0.0605809124,0.0599060143,0.0672817884,0.0677133140,0.0691762481,0.0882918685,0.1020773342,0.0949018496,0.0884849112,0.0853133471,0.0905505276,0.1001441432,0.0810686864,0.0673281196,0.0600321940,0.0601886192,0.0608766574,0.0673921585,0.0676802705,0.0675977671,0.0673344201,0.0680430617,0.0809928796,0.0923660607,0.0965859538,0.0877801022,0.0707521062,0.0671717113,0.0670064605,0.0602662286,0.0607472119,0.0604107888,0.0665544592,0.0677696753,0.0672809223,0.0671397229,0.0670672373,0.0675818738,0.0675037752,0.0674471813,0.0673103685,0.0673819550,0.0677197396,0.0676654735,0.0603900313,0.0602039165,0.0599162426,0.0675932179,0.0679806708,0.0680470831,0.0680748206,0.0683701082,0.0681930304,0.0681804534,0.0682840060,0.0681035560,0.0676663958,0.0679192870,0.0678563606,0.0610744104,0.0608732555,0.0611561471,0.0675416259,0.0683862808,0.0678908924,0.0680649353,0.0681907356,0.0686252622,0.0684508338,0.0676828928,0.0679224475,0.0678453478,0.0687980213,0.0680468570,0.0609576539,0.0609116138,0.0605845075,0.0168459062,0.0166035683,0.0167311612,0.0166295420,0.0166787715,0.0166779336,0.0167221989,0.0164883564,0.0168449615,0.0166193860,0.0165844781,0.0165175336,0.0158072352,0.0157242726,0.0158890309,0.0058430074,0.0058659240,0.0058774125,0.0058384757,0.0058512893,0.0058207762,0.0058343843,0.0058080952,0.0058120791,0.0058785995,0.0058210623,0.0058818778,0.0055012197,0.0055601978,0.0055322584,0.0058370776,0.0058883879,0.0058393903,0.0058925444,0.0058468031,0.0058677136,0.0058290321,0.0058349738,0.0057991993,0.0058218212,0.0058417080,0.0058345300,0.0055447380,0.0055251716,0.0055669500,0.0058382510,0.0057947658,0.0057929520,0.0057985150,0.0058126808,0.0058446457,0.0058370862,0.0057945368,0.0057738177,0.0058201740,0.0058301781,0.0057936721,0.0055106542,0.0055298736,0.0054709101,0.0058043908,0.0058890203,0.0058230546,0.0058189191,0.0057793244,0.0057736344,0.0058230222,0.0057753085,0.0058218293,0.0058205965,0.0058221321,0.0058061747,0.0055215303,0.0055381089,0.0055428651,0.0058002513,0.0057992876,0.0058369209,0.0058029855,0.0058188907,0.0058403964,0.0058421541,0.0058163450,0.0058478243,0.0058665188,0.0058537452,0.0058759197,0.0054990213,0.0055535411,0.0055272348,0.0058331816,0.0058597700,0.0058336694,0.0057963229,0.0057998540,0.0057939916,0.0058245437,0.0058087759,0.0058206011,0.0058174393,0.0058370744,0.0057971523,0.0055204859,0.0055778110,0.0055048753,0.0058107433,0.0058459938,0.0057984572,0.0058270885,0.0057577580,0.0058185537,0.0058505888,0.0058135711,0.0058482202,0.0057852558,0.0058128605,0.0057956532,0.0054617876,0.0054922462,0.0054789307,0.0058453827,0.0058127304,0.0058821574,0.0058382553,0.0058237492,0.0058020700,0.0058228404,0.0058470898,0.0057976639,0.0057872233,0.0058425819,0.0057926690,0.0055140422,0.0055757874,0.0055091196,0.0058393539,0.0057863262,0.0058467517,0.0058184071,0.0058193285,0.0058360611,0.0058207919,0.0058086360,0.0058353332,0.0057967153,0.0058023779,0.0057844892,0.0055308399,0.0055264492,0.0054993563,0.0058001781,0.0058132696,0.0058252324,0.0058587432,0.0058179371,0.0058214301,0.0058142012,0.0058630331,0.0058070816,0.0058107844,0.0058312499,0.0058489431,0.0054954347,0.0055070364,0.0055009434,0.0057723954,0.0058268177,0.0057889825,0.0057653274,0.0058555132,0.0058021119,0.0058376233,0.0058008391,0.0058251296,0.0058208593,0.0058047803,0.0058609714,0.0055630309,0.0055292899,0.0055378011,0.0057963073,0.0058309759,0.0058296068,0.0058140230,0.0058032789,0.0058201052,0.0058424181,0.0058089486,0.0057988954,0.0057927172,0.0058101681,0.0058118167,0.0055392156,0.0055221450,0.0055393459,0.0058068391,0.0058286751,0.0058463683,0.0058009375,0.0058622820,0.0058135397,0.0057991093,0.0058453867,0.0058386307,0.0057998724,0.0058091500,0.0058229856,0.0054972449,0.0055006823,0.0055135534,0.0058077664,0.0058219152,0.0058017591,0.0057795451,0.0058418701,0.0057453880,0.0058284215,0.0057762526,0.0058486903,0.0057997678,0.0058241716,0.0057832860,0.0055620645,0.0054904571,0.0054822655,0.0057802345,0.0058493434,0.0057959298,0.0057837050,0.0058303313,0.0058468102,0.0058076240,0.0057886505,0.0057750084,0.0057993980,0.0058426754,0.0057855171,0.0055099714,0.0055075671,0.0055647912,0.0058232693,0.0058615259,0.0057610833,0.0058190826,0.0058521955,0.0058431819,0.0058254075,0.0058482894,0.0058198991,0.0057467814,0.0058061726,0.0058667275,0.0054964354,0.0054896355,0.0054661631,0.0058192360,0.0057947622,0.0058047911,0.0057726677,0.0058083334,0.0058259896,0.0058415436,0.0057886252,0.0058210083,0.0058056496,0.0058510309,0.0058008122,0.0055148938,0.0055281442,0.0054713692,0.0058097799,0.0058449840,0.0058159419,0.0058752645,0.0058280614,0.0057808983,0.0058386559,0.0057883622,0.0058247717,0.0058399521,0.0058011699,0.0057778119,0.0055129517,0.0055452915,0.0055459841,0.0049871041,0.0049230509,0.0049829915,0.0049456631,0.0049116238,0.0049599806,0.0049336886,0.0048960262,0.0049157222,0.0049566002,0.0049656903,0.0049331569,0.0046959160,0.0046481835,0.0047280758
21,22,20,3,7,6,19,23,2,0,21,7,15,19,1,15,0,4,6,9,11,8,17,10,20,12,13,12,4,5,4,7,14,19,8,18,15,16,1,17,22,3,3,18,16,12,11,17,5,1,11,10,9,8,23,18,2,6,23,19,9,14,20,10,2,21,6,20,0,16,14,20,22,8,13,18,4,17,22,12,5,2,7,13,23,15,3,10,17,9,21,8,1,2,21,6,22,19,13,19,10,16,14,12,11,10,6,5,23,17,23,3,1,9,7,4,3,0,21,7,0,8,11,18,9,11,16,0,13,15,22,14,5,20,2,1,5,14,12,15,16,18,14,13,4,15,12,5,4,1,19,12,1,15,13,12,5,20,7,9,0,13,20,17,18,18,21,0,14,13,2,21,23,18,2,3,7,23,11,10,3,3,0,15,8,19,21,23,20,2,11,20,19,12,22,5,13,5,17,7,11,0,12,15,15,6,20,11,5,9,20,0,7,16,3,3,21,23,13,21,4,6,6,18,0,21,2,13,20,11,2,17,23,18,2,10,7,20,21,17,4,18,22,17,22,14,13,23,19,8,7,19,18,17,2,1,16,18,17,16,11,16,9,7,20,19,23,15,14,8,23,0,2,20,14,4,12,0,5,18,10,19,1,2,16,16,14,15,18,16,17,10,6,4,10,9,1,4,23,14,5,5,8,22,21,12,1,22,8,17,2,9,19,15,13,6,3,5,23,15,5,1,3,22,9,0,23,12,8,9,11,6,14,10,14,23,18,1,1,15,9,10,16,6,5,15,19,4,8,7,22,0,0,1,8,4,7,21,22,1,16,18,4,16,11,2,22,20,22,17,13,8,10,4,19,21,13,12,17,6,9,10,12,3,22,8,14,22,7,10,3,6,4,16,12,18,6,11,6,11,6,19,3,13,11,14,2,10,13,19,3,16,9,21,21,7,20,7,0,3,15,16,4,2,7,13,9,8,6,14,12,5,3,0,1
0.0377323645,0.0263353578,0.0263265189,0.0262706748,0.0263303074,0.0263782859,0.0265057209,0.0265028505,0.0264058675,0.0266621991,0.0268896828,0.0313686545,0.1022759927,0.0857531442,0.0654838701,0.0405985166,0.0482063714,0.0499011441,0.0424951062,0.0386939563,0.0377999338,0.0384057056,0.0379508728,0.0385415541,0.0399940937,0.0489768392,0.0842346830,0.1037148545,0.0514436466,0.0437217262,0.1114146188,0.0975287226,0.0757105491,0.0765980484,0.0671301282,0.0652454957,0.0653087451,0.0639883151,0.0652925075,0.0659523343,0.0720938610,0.0905444744,0.0624729290,0.0599424094,0.0582884185,0.0677973719,0.0805370619,0.0909894479,0.0855082572,0.0780651415,0.0771144993,0.0766937835,0.0760817511,0.0754571200,0.0765082807,0.0870592008,0.0774329058,0.0606654005,0.0601801222,0.0619829494,0.0678989197,0.0679635412,0.0704858549,0.0912902347,0.1015782187,0.0905670666,0.0801317733,0.0780525621,0.0805460386,0.0970114297,0.0845827108,0.0679199286,0.0605239692,0.0609214924,0.0608801311,0.0679440795,0.0676805893,0.0676383007,0.0672061474,0.0707948959,0.0870917889,0.1023419888,0.1035160212,0.0986552750,0.0747278576,0.0676173466,0.0677385686,0.0608615692,0.0600362242,0.0609035384,0.0676907354,0.0677311664,0.0678505225,0.0675838462,0.0675920515,0.0666144130,0.0679001894,0.0674889218,0.0674079978,0.0684534829,0.0677583986,0.0681681298,0.0608451556,0.0605851919,0.0604327538,0.0678632906,0.0676267188,0.0683381823,0.0684660577,0.0681853378,0.0683869348,0.0682066166,0.0683779189,0.0684489120,0.0685304657,0.0681966820,0.0681882413,0.0612724424,0.0608016785,0.0605431384,0.0676442345,0.0687728046,0.0684645472,0.0681801562,0.0679559148,0.0683095108,0.0685392462,0.0687625028,0.0686411061,0.0681728868,0.0684727545,0.0680432444,0.0612411313,0.0616711911,0.0601933236,0.0167199055,0.0168909530,0.0167677146,0.0166764701,0.0165782496,0.0167915767,0.0168523677,0.0167074709,0.0166117688,0.0166659521,0.0165857697,0.0166146065,0.0158069103,0.0157151524,0.0156392610,0.0058472108,0.0058366088,0.0058675106,0.0058160642,0.0057902334,0.0058144041,0.0058569670,0.0058344963,0.0058345354,0.0058004001,0.0058495767,0.0058154041,0.0055321274,0.0054605073,0.0055080253,0.0058214308,0.0058467260,0.0058421140,0.0058362105,0.0057941324,0.0058188546,0.0058303168,0.0058064736,0.0058191529,0.0058472586,0.0057954737,0.0057897576,0.0055464584,0.0055395353,0.0055195486,0.0058445257,0.0058331685,0.0058615944,0.0058272730,0.0058091558,0.0058160655,0.0058598181,0.0058517388,0.0058585992,0.0058384447,0.0058332912,0.0058208215,0.0054591158,0.0055013097,0.0054949520,0.0058603987,0.0058393082,0.0057964759,0.0058445259,0.0058090832,0.0058161873,0.0058538448,0.0058001702,0.0058387160,0.0058148015,0.0058547403,0.0058497385,0.0055256707,0.0055211172,0.0055203362,0.0058051268,0.0058464013,0.0058287400,0.0057802700,0.0058297565,0.0058231488,0.0058257844,0.0058621288,0.0058163950,0.0058645257,0.0058462335,0.0057753061,0.0055451671,0.0054937512,0.0055154706,0.0057953608,0.0058313856,0.0058055551,0.0058324740,0.0058447088,0.0058033489,0.0057997780,0.0058445309,0.0058523085,0.0057933944,0.0058507765,0.0058110436,0.0055349128,0.0055013235,0.0055384873,0.0057925287,0.0058157050,0.0058478159,0.0058096823,0.0057902228,0.0058121134,0.0058078202,0.0058204251,0.0058425691,0.0058170514,0.0058111438,0.0058435777,0.0055725977,0.0055177068,0.0055338708,0.0058097845,0.0058089821,0.0058462045,0.0058099621,0.0058236784,0.0058290959,0.0057995098,0.0058144150,0.0058354419,0.0057908966,0.0058266884,0.0058209729,0.0055119892,0.0055036627,0.0054876317,0.0058665495,0.0058280902,0.0058289828,0.0058257452,0.0058217818,0.0057980281,0.0058134253,0.0058113969,0.0058242620,0.0058161800,0.0057959540,0.0058179118,0.0055810410,0.0054492146,0.0054913948,0.0058141197,0.0058417195,0.0057587098,0.0058113912,0.0058011492,0.0058176510,0.0058518252,0.0058067573,0.0058593882,0.0057837144,0.0058476333,0.0058324516,0.0055502729,0.0055915559,0.0055311905,0.0058221316,0.0058448865,0.0058337941,0.0057964632,0.0058132710,0.0058265828,0.0058132603,0.0058162071,0.0057875812,0.0058160915,0.0058996651,0.0058244587,0.0055219237,0.0055204134,0.0055488445,0.0058086690,0.0057957999,0.0058496013,0.0058068959,0.0057979488,0.0057981887,0.0057742949,0.0058097568,0.0058090372,0.0058056964,0.0058311838,0.0058345510,0.0054483682,0.0054932974,0.0055388126,0.0058001663,0.0058285617,0.0058062591,0.0058215797,0.0058134120,0.0058321804,0.0058287984,0.0058316021,0.0058058770,0.0058110512,0.0057913936,0.0058041133,0.0054929812,0.0055320691,0.0055544155,0.0058192085,0.0057972346,0.0057689843,0.0058142288,0.0058699545,0.0058362324,0.0058135333,0.0057892915,0.0057833049,0.0058023300,0.0057903159,0.0058273401,0.0055056908,0.0055106988,0.0055220192,0.0058082020,0.0057554821,0.0058164198,0.0058485810,0.0058361120,0.0058186092,0.0057670316,0.0057829801,0.0058376341,0.0057873490,0.0058238795,0.0058115418,0.0054827385,0.0054602934,0.0054990380,0.0058426407,0.0058178989,0.0058377969,0.0058451131,0.0058241502,0.0058404005,0.0058278417,0.0058534601,0.0057746690,0.0057679916,0.0058191665,0.0058121974,0.0054928372,0.0055663718,0.0055530901,0.0058362251,0.0058101262,0.0058447395,0.0058156268,0.0058228116,0.0058166997,0.0058331303,0.0057578901,0.0058578383,0.0058156015,0.0058272993,0.0058087489,0.0055177758,0.0055087880,0.0054923223,0.0058570101,0.0058014318,0.0057646385,0.0058495427,0.0058008705,0.0058436329,0.0058293660,0.0058149670,0.0058103195,0.0058229984,0.0058293486,0.0058259100,0.0055147508,0.0054901322,0.0054722682,0.0049467122,0.0050266414,0.0049467829,0.0049355939,0.0050164439,0.0049165941,0.0049320527,0.0049426035,0.0049101455,0.0049814360,0.0049857373,0.0050026152,0.0046425759,0.0046697523,0.0046650640
22,8,12,20,6,7,11,10,9,14,4,2,5,1,2,21,2,8,3,11,3,22,5,21,5,20,19,22,9,14,11,21,10,16,20,6,16,8,9,4,20,8,14,16,6,15,9,4,9,10,12,23,12,7,19,18,1,23,7,17,19,20,0,17,3,2,0,20,15,14,7,10,15,1,22,22,9,2,12,10,23,6,13,16,17,0,17,0,12,19,15,1,18,1,23,14,5,21,7,11,17,16,18,4,13,13,7,11,21,8,13,3,2,5,8,18,23,3,11,13,3,6,0,22,14,4,15,6,19,4,18,12,5,21,10,1,16,19,13,23,15,18,18,0,17,20,19,1,0,23,2,17,9,12,4,12,1,1,11,11,14,16,7,17,4,7,13,14,15,11,15,14,2,20,19,20,0,10,21,19,10,8,3,15,12,4,8,6,5,9,19,4,16,2,15,17,14,0,3,10,4,1,7,18,10,21,18,18,6,9,3,21,5,12,2,19,22,21,17,13,6,8,3,16,23,22,9,23,12,1,5,5,3,11,22,6,17,19,20,8,8,8,14,12,23,0,2,15,13,15,17,9,13,23,18,6,16,17,11,3,9,22,16,13,20,1,0,14,18,11,13,18,10,1,6,4,16,2,3,16,11,14,3,22,4,2,13,8,8,23,15,18,16,21,9,21,21,1,9,6,2,11,1,0,7,10,9,5,7,17,13,10,14,0,5,11,20,15,19,16,8,23,4,19,2,7,10,7,20,8,20,13,9,6,12,14,18,7,16,0,5,23,2,5,13,23,20,8,11,21,21,17,8,15,23,4,17,13,22,20,12,22,10,13,18,12,22,23,6,22,0,19,12,10,15,2,11,1,4,5,3,9,14,7,22,19,14,0,21,14,5,7,14,3,0,10,18,22,13,15,3,4,15,1,19,6,5,20,2,16,16,17,21,6,15,7,9,17,11,12,17,6,16,9,4,11,8,3,5,10,12,7,0,1,2
0.0354060248,0.0261309586,0.0260589045,0.0261803529,0.0263276517,0.0265551912,0.0264651941,0.0263358177,0.0262677514,0.0264168089,0.0271901314,0.0318404733,0.0981724564,0.0863201977,0.0662524250,0.0395988250,0.0486565181,0.0483911843,0.0426279264,0.0387517329,0.0381004493,0.0383505463,0.0385573485,0.0389137798,0.0400571641,0.0483072155,0.0864567830,0.1029236263,0.0503484969,0.0414824863,0.1134699844,0.0919893104,0.0756580811,0.0753823346,0.0665245776,0.0649316849,0.0648462628,0.0638119773,0.0647535433,0.0650942063,0.0702912547,0.0876574613,0.0631741705,0.0594460062,0.0585955000,0.0679139919,0.0855106622,0.0898705425,0.0840987727,0.0775794211,0.0762262232,0.0767609087,0.0764565304,0.0757297339,0.0764798784,0.0858384709,0.0808408152,0.0607518038,0.0596252731,0.0613239808,0.0670824636,0.0680434974,0.0712929714,0.0933483630,0.0999782234,0.0816963479,0.0781765056,0.0769290861,0.0773817914,0.0902437746,0.0873382602,0.0684834852,0.0606401893,0.0607133314,0.0609404984,0.0674543375,0.0671882121,0.0673051004,0.0672377923,0.0735282379,0.0957290499,0.1044564305,0.1046704175,0.1017789247,0.0815033888,0.0675787677,0.0675637146,0.0607033902,0.0601774253,0.0609004025,0.0676657352,0.0676736878,0.0675801126,0.0674373525,0.0670903452,0.0667844208,0.0677685337,0.0674577450,0.0671733270,0.0674165145,0.0674442741,0.0676800676,0.0607442654,0.0605540324,0.0604627375,0.0679693072,0.0677769494,0.0678670110,0.0683755880,0.0679306652,0.0684280146,0.0682679528,0.0681543849,0.0680780382,0.0682048251,0.0684211101,0.0676719370,0.0610010656,0.0606041412,0.0604740866,0.0677254588,0.0687921284,0.0682082561,0.0684020426,0.0677122590,0.0678225855,0.0677842117,0.0680140557,0.0679341502,0.0675843962,0.0676704856,0.0679772799,0.0614750838,0.0607934089,0.0604108134,0.0167803403,0.0168548627,0.0167273099,0.0166060550,0.0166612448,0.0167965209,0.0206006647,0.0166945991,0.0165905602,0.0166155565,0.0165158369,0.0166192614,0.0158614394,0.0156490612,0.0156401704,0.0058589707,0.0058253284,0.0058547871,0.0058092999,0.0057891828,0.0057993949,0.0058512309,0.0058417583,0.0058424874,0.0058031938,0.0058523194,0.0058134857,0.0055246425,0.0054568437,0.0055019856,0.0058128806,0.0058447481,0.0058578375,0.0058295709,0.0057832018,0.0058138466,0.0058352394,0.0058038871,0.0058250981,0.0058583392,0.0057955587,0.0057907449,0.0055256389,0.0055478931,0.0055025975,0.0058477986,0.0058215080,0.0058648241,0.0058266546,0.0058032642,0.0058091465,0.0058570827,0.0058376648,0.0058571916,0.0058297682,0.0058299373,0.0058235138,0.0054515190,0.0055023992,0.0054894206,0.0058644367,0.0058324952,0.0058141025,0.0058433850,0.0058026481,0.0058222780,0.0058533832,0.0058033432,0.0058302855,0.0058047979,0.0058649428,0.0058532846,0.0055233887,0.0055093517,0.0055087471,0.0058161783,0.0058539623,0.0058167814,0.0057802366,0.0058354738,0.0058159169,0.0058245442,0.0058632638,0.0058064833,0.0058662599,0.0058466589,0.0057750260,0.0055516091,0.0054988574,0.0055423983,0.0057923222,0.0058371996,0.0058090443,0.0058193795,0.0058441937,0.0058093100,0.0057776320,0.0058496708,0.0058499909,0.0057676018,0.0058609563,0.0058087617,0.0055241201,0.0055140831,0.0055295336,0.0057982194,0.0058239753,0.0058322580,0.0058054798,0.0057936884,0.0058263108,0.0058195929,0.0058267805,0.0058384668,0.0058129068,0.0058029298,0.0058297724,0.0055798104,0.0055278540,0.0055477265,0.0058173149,0.0058067319,0.0058331182,0.0058731137,0.0058151029,0.0058217888,0.0057996621,0.0058134501,0.0058399451,0.0057918905,0.0058341808,0.0058282520,0.0055108057,0.0054919690,0.0054772425,0.0058745326,0.0058205270,0.0058415052,0.0058273450,0.0058201896,0.0057893234,0.0058155603,0.0058209359,0.0058178829,0.0058182121,0.0057895704,0.0058126375,0.0055672554,0.0054472787,0.0054879017,0.0058214236,0.0058333344,0.0057611144,0.0058006644,0.0057907341,0.0058186270,0.0058529357,0.0058263201,0.0058582509,0.0057740236,0.0058391645,0.0058314122,0.0055382816,0.0055888585,0.0055321513,0.0058240369,0.0058387313,0.0058316935,0.0057947594,0.0058116204,0.0058342184,0.0058098823,0.0058122206,0.0057904800,0.0057943707,0.0058886628,0.0058269806,0.0055354414,0.0055225380,0.0055451726,0.0058099057,0.0058094174,0.0058539259,0.0058018278,0.0057972056,0.0057884207,0.0057826143,0.0058000548,0.0057964059,0.0058064857,0.0058402928,0.0058450190,0.0054531349,0.0055036874,0.0055322487,0.0057953038,0.0058290094,0.0057954340,0.0058265754,0.0058249303,0.0058342824,0.0058356535,0.0058202051,0.0058048688,0.0057924054,0.0057731449,0.0058148325,0.0055034042,0.0055244972,0.0055571642,0.0058280225,0.0057980160,0.0057662025,0.0057951587,0.0058453433,0.0058366621,0.0058158377,0.0057946603,0.0057864735,0.0058132168,0.0057805655,0.0058229712,0.0055038622,0.0055044679,0.0055249608,0.0058009923,0.0057517415,0.0058141037,0.0058381866,0.0058452154,0.0058167202,0.0057653258,0.0057925658,0.0058289352,0.0057876655,0.0057987102,0.0058144325,0.0054778724,0.0054589359,0.0054912089,0.0058398544,0.0058091912,0.0058286956,0.0058453189,0.0058356539,0.0058405004,0.0058200059,0.0058596897,0.0057647885,0.0057642739,0.0058109347,0.0058124980,0.0054919314,0.0055544725,0.0055584842,0.0058308070,0.0057972569,0.0058401777,0.0058020091,0.0058158086,0.0058124252,0.0058254242,0.0057389169,0.0058508884,0.0058065986,0.0058333639,0.0058084926,0.0055017704,0.0054976214,0.0054846738,0.0058537437,0.0058142725,0.0057721261,0.0058501070,0.0058039976,0.0058380792,0.0058231030,0.0058041267,0.0058051387,0.0058199600,0.0058310487,0.0058196166,0.0055157448,0.0054882102,0.0054533334,0.0049378852,0.0050138748,0.0049369164,0.0049344036,0.0050191415,0.0049116429,0.0049282651,0.0049386724,0.0049237716,0.0049779520,0.0049752928,0.0049750517,0.0046332064,0.0046682671,0.0046620311
22,8,12,20,6,7,11,10,9,14,4,2,5,1,2,21,2,8,3,11,3,22,5,21,5,20,19,22,9,14,11,21,10,16,20,6,16,8,9,4,20,8,14,16,6,15,9,4,9,10,12,23,12,7,19,18,1,23,7,17,19,20,0,17,3,2,0,20,15,14,7,10,15,1,22,22,9,2,12,10,23,6,13,16,17,0,17,0,12,19,15,1,18,1,23,14,5,21,7,11,17,16,18,4,13,13,7,11,21,8,13,3,2,5,8,18,23,3,11,13,3,6,0,22,14,4,15,6,19,4,18,12,5,21,10,1,16,19,13,23,15,18,18,0,17,20,19,1,0,23,2,17,9,12,4,12,1,1,11,11,14,16,7,17,4,7,13,14,15,11,15,14,2,20,19,20,0,10,21,19,10,8,3,15,12,4,8,6,5,9,19,4,16,2,15,17,14,0,3,10,4,1,7,18,10,21,18,18,6,9,3,21,5,12,2,19,22,21,17,13,6,8,3,16,23,22,9,23,12,1,5,5,3,11,22,6,17,19,20,8,8,8,14,12,23,0,2,15,13,15,17,9,13,23,18,6,16,17,11,3,9,22,16,13,20,1,0,14,18,11,13,18,10,1,6,4,16,2,3,16,11,14,3,22,4,2,13,8,8,23,15,18,16,21,9,21,21,1,9,6,2,11,1,0,7,10,9,5,7,17,13,10,14,0,5,11,20,15,19,16,8,23,4,19,2,7,10,7,20,8,20,13,9,6,12,14,18,7,16,0,5,23,2,5,13,23,20,8,11,21,21,17,8,15,23,4,17,13,22,20,12,22,10,13,18,12,22,23,6,22,0,19,12,10,15,2,11,1,4,5,3,9,14,7,22,19,14,0,21,14,5,7,14,3,0,10,18,22,13,15,3,4,15,1,19,6,5,20,2,16,16,17,21,6,15,7,9,17,11,12,17,6,16,9,4,11,8,3,5,10,12,7,0,1,2
0.0340354578,0.0259622516,0.0262359610,0.0261305634,0.0263258780,0.0264954953,0.0265889379,0.0263224623,0.0263030770,0.0263042605,0.0275471400,0.0318714921,0.0923505211,0.0912197175,0.0669662834,0.0382562584,0.0491934718,0.0461601373,0.0430745114,0.0383756314,0.0376164175,0.0377521866,0.0382855508,0.0386361118,0.0386776790,0.0458011038,0.0821983890,0.0997114877,0.0485222389,0.0412600179,0.1158866987,0.0896042873,0.0775008170,0.0737850044,0.0663183825,0.0646766219,0.0649168966,0.0641607784,0.0650685763,0.0653397447,0.0713183644,0.0899848646,0.0649507843,0.0603245258,0.0584656632,0.0681277472,0.0891889996,0.0897713169,0.0833385226,0.0770724724,0.0757289066,0.0767574671,0.0764283819,0.0758976696,0.0760738707,0.0855768359,0.0838255589,0.0605581620,0.0603461643,0.0614345507,0.0678407494,0.0671474770,0.0723073050,0.0959386279,0.0940310996,0.0791174486,0.0767831198,0.0760257507,0.0769734195,0.0842325253,0.0893880170,0.0688398176,0.0600270475,0.0604098876,0.0607309449,0.0674780200,0.0682334362,0.0673674429,0.0677887386,0.0793085223,0.0997915538,0.1055187814,0.1063408926,0.1033102451,0.0879143963,0.0676687208,0.0674899606,0.0610540430,0.0602388121,0.0607316391,0.0674546732,0.0672886620,0.0676336835,0.0678361219,0.0673519528,0.0667837481,0.0674509964,0.0675887856,0.0671898910,0.0675130844,0.0677525340,0.0681183182,0.0604554561,0.0609113072,0.0605250601,0.0680177766,0.0676857791,0.0678574184,0.0680103360,0.0682165421,0.0683552744,0.0677915595,0.0680334421,0.0679389641,0.0683472718,0.0683517990,0.0680543186,0.0608703340,0.0607238894,0.0607375665,0.0674341941,0.0685026260,0.0683997604,0.0681723334,0.0677160228,0.0681542142,0.0679158743,0.0681269985,0.0685090986,0.0678075335,0.0681674138,0.0680565218,0.0609707224,0.0613367579,0.0599748081,0.0167310201,0.0169312470,0.0167601072,0.0166680773,0.0166213602,0.0168209028,0.0168490965,0.0166954858,0.0166093600,0.0166351443,0.0165996542,0.0167096652,0.0158501327,0.0157439628,0.0156887870,0.0058489350,0.0058262894,0.0058576115,0.0058274599,0.0057959845,0.0058090912,0.0058498486,0.0058413643,0.0058419738,0.0057953533,0.0058477811,0.0058051496,0.0055308630,0.0054516296,0.0055121856,0.0058310935,0.0058387941,0.0058486248,0.0058345827,0.0057877633,0.0058063235,0.0058291736,0.0058019016,0.0058136478,0.0058467570,0.0057899451,0.0057868956,0.0055373830,0.0055375205,0.0055081906,0.0058439158,0.0058355663,0.0058691381,0.0058232607,0.0058008364,0.0058193048,0.0058518327,0.0058494823,0.0058506366,0.0058315594,0.0058353393,0.0058260740,0.0054420770,0.0055010978,0.0054791595,0.0058794961,0.0058307820,0.0058050918,0.0058524199,0.0057958275,0.0058121084,0.0058585569,0.0057995834,0.0058450692,0.0058038707,0.0058566235,0.0058536740,0.0055268379,0.0055060685,0.0055151152,0.0058127823,0.0058373453,0.0058322366,0.0057854125,0.0058332095,0.0058131221,0.0058264476,0.0058593225,0.0058256757,0.0058465454,0.0058609517,0.0057576803,0.0055550338,0.0054925504,0.0055080975,0.0057882902,0.0058308072,0.0058222243,0.0058316569,0.0058488753,0.0058083547,0.0057836925,0.0058529670,0.0058462882,0.0057887269,0.0058533339,0.0058163240,0.0055347208,0.0055003669,0.0055325825,0.0057959321,0.0058106180,0.0058300675,0.0058047710,0.0057901381,0.0058246415,0.0058098243,0.0058141432,0.0058429504,0.0058145379,0.0058055008,0.0058279093,0.0055680648,0.0055239140,0.0055334630,0.0058135027,0.0058096463,0.0058522865,0.0057958193,0.0058109840,0.0058375138,0.0058000906,0.0058128500,0.0058281027,0.0057781734,0.0058437457,0.0058238426,0.0055025200,0.0054909665,0.0054783480,0.0058645713,0.0058181159,0.0058143188,0.0058225623,0.0058242453,0.0057978427,0.0058241143,0.0058142071,0.0058249077,0.0058367072,0.0058053650,0.0058209352,0.0055748567,0.0054458811,0.0054973071,0.0058170212,0.0058356403,0.0057664212,0.0058013522,0.0058032456,0.0058097275,0.0058446814,0.0058131947,0.0058569374,0.0057751398,0.0058439602,0.0058464854,0.0055424340,0.0055861181,0.0055358446,0.0058134500,0.0058447271,0.0058239944,0.0057899839,0.0058175130,0.0058210766,0.0058098646,0.0058165402,0.0057854855,0.0058143945,0.0058967244,0.0058069868,0.0055334501,0.0055229604,0.0055508873,0.0058074514,0.0058012740,0.0058607300,0.0058037510,0.0058025858,0.0057913179,0.0057671576,0.0058222664,0.0058039463,0.0058122323,0.0058337779,0.0058243457,0.0054513806,0.0054925245,0.0055301892,0.0058013329,0.0058342242,0.0057953710,0.0058288563,0.0058276695,0.0058381150,0.0058321888,0.0058250090,0.0058105233,0.0057991377,0.0057835748,0.0058119717,0.0055021138,0.0055210296,0.0055519307,0.0058266405,0.0058125222,0.0057584371,0.0057954381,0.0058409967,0.0058377481,0.0058176031,0.0057764799,0.0057849911,0.0058086248,0.0057882271,0.0058246553,0.0055095126,0.0055024668,0.0055325586,0.0058098781,0.0057352064,0.0058117860,0.0058440185,0.0058515870,0.0058278282,0.0057552873,0.0057885267,0.0058311058,0.0057818723,0.0058041041,0.0058130068,0.0054788971,0.0054544758,0.0054973080,0.0058469116,0.0058116612,0.0058380800,0.0058450072,0.0058328934,0.0058544247,0.0058210441,0.0058503828,0.0057860058,0.0057743727,0.0058125140,0.0058096209,0.0055037822,0.0055560748,0.0055496561,0.0058315037,0.0058100912,0.0058413515,0.0058159177,0.0058163681,0.0057981648,0.0058352620,0.0057489562,0.0058493205,0.0058059875,0.0058377588,0.0058132823,0.0055039032,0.0054992919,0.0054759175,0.0058420950,0.0058059918,0.0057647724,0.0058509393,0.0058021955,0.0058366301,0.0058247582,0.0058201915,0.0058068189,0.0058171578,0.0058156881,0.0058240622,0.0055101538,0.0054865599,0.0054653740,0.0049523982,0.0050196698,0.0049525611,0.0049307318,0.0050197838,0.0049119496,0.0049344424,0.0049380282,0.0049122018,0.0049721560,0.0049676619,0.0049828964,0.0046313555,0.0046791569,0.0046570250
22,8,12,20,6,7,11,10,9,14,4,2,5,1,2,21,2,8,3,11,3,22,5,21,5,20,19,22,9,14,11,21,10,16,20,6,16,8,9,4,20,8,14,16,6,15,9,4,9,10,12,23,12,7,19,18,1,23,7,17,19,20,0,17,3,2,0,20,15,14,7,10,15,1,22,22,9,2,12,10,23,6,13,16,17,0,17,0,12,19,15,1,18,1,23,14,5,21,7,11,17,16,18,4,13,13,7,11,21,8,13,3,2,5,8,18,23,3,11,13,3,6,0,22,14,4,15,6,19,4,18,12,5,21,10,1,16,19,13,23,15,18,18,0,17,20,19,1,0,23,2,17,9,12,4,12,1,1,11,11,14,16,7,17,4,7,13,14,15,11,15,14,2,20,19,20,0,10,21,19,10,8,3,15,12,4,8,6,5,9,19,4,16,2,15,17,14,0,3,10,4,1,7,18,10,21,18,18,6,9,3,21,5,12,2,19,22,21,17,13,6,8,3,16,23,22,9,23,12,1,5,5,3,11,22,6,17,19,20,8,8,8,14,12,23,0,2,15,13,15,17,9,13,23,18,6,16,17,11,3,9,22,16,13,20,1,0,14,18,11,13,18,10,1,6,4,16,2,3,16,11,14,3,22,4,2,13,8,8,23,15,18,16,21,9,21,21,1,9,6,2,11,1,0,7,10,9,5,7,17,13,10,14,0,5,11,20,15,19,16,8,23,4,19,2,7,10,7,20,8,20,13,9,6,12,14,18,7,16,0,5,23,2,5,13,23,20,8,11,21,21,17,8,15,23,4,17,13,22,20,12,22,10,13,18,12,22,23,6,22,0,19,12,10,15,2,11,1,4,5,3,9,14,7,22,19,14,0,21,14,5,7,14,3,0,10,18,22,13,15,3,4,15,1,19,6,5,20,2,16,16,17,21,6,15,7,9,17,11,12,17,6,16,9,4,11,8,3,5,10,12,7,0,1,2
0.0333731918,0.0256754625,0.0262441108,0.0262716173,0.0265796534,0.0264685440,0.0263347736,0.0263723460,0.0263627007,0.0263906424,0.0272707674,0.0308628024,0.0815392686,0.0973916615,0.0666368963,0.0382325227,0.0506558263,0.0462583354,0.0439306098,0.0386982576,0.0373962700,0.0381282648,0.0383325472,0.0385767090,0.0388012500,0.0454982341,0.0821354761,0.1013136051,0.0489879902,0.0405682293,0.1166424738,0.0854161351,0.0760717165,0.0719760404,0.0655507983,0.0645686239,0.0646687006,0.0643569665,0.0653175450,0.0659784364,0.0719389385,0.0894612402,0.0644284703,0.0599531697,0.0579568421,0.0684992336,0.0925047750,0.0893646443,0.0822513203,0.0771932341,0.0753224394,0.0768220339,0.0762405076,0.0758110470,0.0763570163,0.0828413739,0.0851537023,0.0610034180,0.0599972669,0.0614946943,0.0679430176,0.0683664629,0.0738786716,0.0963882686,0.0872073266,0.0775394174,0.0771296100,0.0774708911,0.0757785295,0.0805598419,0.0909484838,0.0697516437,0.0604287300,0.0604745318,0.0607615900,0.0676069740,0.0680174358,0.0673364740,0.0695979593,0.0871327497,0.1015459275,0.1049400680,0.1036020810,0.1034110388,0.0916959290,0.0688409616,0.0673208202,0.0608353131,0.0600275298,0.0608272882,0.0675186886,0.0671338400,0.0669896576,0.0673834307,0.0674081943,0.0670151921,0.0687928718,0.0702548872,0.0673640209,0.0675101450,0.0673511829,0.0675817705,0.0604617084,0.0607491760,0.0605560029,0.0679363432,0.0678656095,0.0687688466,0.0675065145,0.0679944585,0.0676002912,0.0682291665,0.0681086092,0.0682425217,0.0683287641,0.0685299590,0.0678117582,0.0610167090,0.0606422175,0.0605450383,0.0677524846,0.0685849938,0.0684897862,0.0687576956,0.0681736702,0.0678699862,0.0681857155,0.0681696412,0.0680685892,0.0680036701,0.0682878307,0.0678318993,0.0615819287,0.0612071669,0.0601809955,0.0167281448,0.0169654220,0.0167476874,0.0167212094,0.0167250595,0.0168335513,0.0168471499,0.0167263558,0.0165168247,0.0166512032,0.0165804556,0.0166933069,0.0158251685,0.0157261043,0.0156649476,0.0058508758,0.0058254414,0.0058463564,0.0058268305,0.0058037550,0.0058110331,0.0058533330,0.0058415473,0.0058325509,0.0058036255,0.0058462176,0.0058230267,0.0055407631,0.0054521372,0.0055092023,0.0058206783,0.0058447316,0.0058396605,0.0058434196,0.0057906037,0.0058109505,0.0058294703,0.0057966641,0.0058145588,0.0058512147,0.0057870457,0.0057833339,0.0055347782,0.0055392628,0.0054990546,0.0058427557,0.0058268166,0.0058763659,0.0058270439,0.0058123952,0.0058108337,0.0058537868,0.0058499285,0.0058553819,0.0058374897,0.0058298031,0.0058202478,0.0054542676,0.0054989002,0.0054836691,0.0058615090,0.0058305969,0.0057956367,0.0058435206,0.0058017307,0.0058241909,0.0058504148,0.0058111231,0.0058367804,0.0058080681,0.0058538323,0.0058471519,0.0055327186,0.0055109338,0.0055117332,0.0058052762,0.0058522109,0.0058355975,0.0057832099,0.0058368512,0.0058105604,0.0058191175,0.0058729129,0.0058105237,0.0058589245,0.0058513072,0.0057644657,0.0055342406,0.0054919066,0.0055329008,0.0057846780,0.0058194607,0.0058160468,0.0058379275,0.0058391011,0.0058110007,0.0057935825,0.0058459358,0.0058452816,0.0057852495,0.0058483829,0.0058128123,0.0055209157,0.0055073287,0.0055345742,0.0057833767,0.0058159256,0.0058406218,0.0058055095,0.0058000796,0.0058168136,0.0058154473,0.0058354427,0.0058516583,0.0058248373,0.0058058537,0.0058355779,0.0055692981,0.0055225495,0.0055397052,0.0058177423,0.0058081412,0.0058447787,0.0057908193,0.0058167057,0.0058211162,0.0057881231,0.0058086400,0.0058470143,0.0057898425,0.0058284057,0.0058130463,0.0055005267,0.0055042655,0.0054804822,0.0058685148,0.0058144379,0.0058209943,0.0058211235,0.0058268251,0.0057945001,0.0058107561,0.0058114129,0.0058176625,0.0058240395,0.0057771879,0.0058153108,0.0055732038,0.0054497948,0.0054954042,0.0058075102,0.0058417071,0.0057654342,0.0058031957,0.0057837916,0.0058155322,0.0058635319,0.0058154883,0.0058614376,0.0057708468,0.0058621334,0.0058358235,0.0055487875,0.0055820067,0.0055274450,0.0058103342,0.0058275626,0.0058263187,0.0057992410,0.0058075026,0.0058158797,0.0058048339,0.0058200491,0.0057803531,0.0058053998,0.0059029448,0.0058073213,0.0055281034,0.0055214735,0.0055527165,0.0058037936,0.0058017316,0.0058707420,0.0058044319,0.0058055044,0.0057913009,0.0057766670,0.0058047981,0.0057897483,0.0057977436,0.0058236495,0.0058270186,0.0054486862,0.0055083533,0.0055159702,0.0058048407,0.0058284209,0.0057802610,0.0058256563,0.0058248650,0.0058340789,0.0058319387,0.0058285375,0.0058168540,0.0057876569,0.0057958292,0.0058076269,0.0054927544,0.0055335536,0.0055625403,0.0058230544,0.0058110667,0.0057677112,0.0057956717,0.0058423275,0.0058388471,0.0058153531,0.0057712467,0.0057899458,0.0058107332,0.0057877172,0.0058171263,0.0055083673,0.0054921098,0.0055208784,0.0058088846,0.0057538778,0.0058089097,0.0058339833,0.0058386064,0.0058339882,0.0057632380,0.0057939736,0.0058320513,0.0057934317,0.0058034915,0.0058069572,0.0054999479,0.0054516149,0.0054899954,0.0058414881,0.0058097189,0.0058281949,0.0058447742,0.0058205818,0.0058449651,0.0058103371,0.0058551989,0.0057672507,0.0057746770,0.0058072707,0.0058127464,0.0054888587,0.0055603555,0.0055548309,0.0058331601,0.0058057181,0.0058513568,0.0058006724,0.0058146796,0.0058028415,0.0058131396,0.0057493302,0.0058442728,0.0058024358,0.0058312624,0.0058152380,0.0055060949,0.0055004043,0.0054723828,0.0058442159,0.0058129470,0.0057607030,0.0058503749,0.0057976734,0.0058323333,0.0058240500,0.0058214141,0.0058054183,0.0058126569,0.0058157132,0.0058120022,0.0055139973,0.0054987154,0.0054615516,0.0049363906,0.0050240839,0.0049482110,0.0049345024,0.0050162505,0.0049036279,0.0049290184,0.0049405782,0.0049208772,0.0049743316,0.0049812897,0.0049797046,0.0046423847,0.0046699880,0.0046542059
22,8,12,20,6,7,11,10,9,14,4,2,5,1,2,21,2,8,3,11,3,22,5,21,5,20,19,22,9,14,11,21,10,16,20,6,16,8,9,4,20,8,14,16,6,15,9,4,9,10,12,23,12,7,19,18,1,23,7,17,19,20,0,17,3,2,0,20,15,14,7,10,15,1,22,22,9,2,12,10,23,6,13,16,17,0,17,0,12,19,15,1,18,1,23,14,5,21,7,11,17,16,18,4,13,13,7,11,21,8,13,3,2,5,8,18,23,3,11,13,3,6,0,22,14,4,15,6,19,4,18,12,5,21,10,1,16,19,13,23,15,18,18,0,17,20,19,1,0,23,2,17,9,12,4,12,1,1,11,11,14,16,7,17,4,7,13,14,15,11,15,14,2,20,19,20,0,10,21,19,10,8,3,15,12,4,8,6,5,9,19,4,16,2,15,17,14,0,3,10,4,1,7,18,10,21,18,18,6,9,3,21,5,12,2,19,22,21,17,13,6,8,3,16,23,22,9,23,12,1,5,5,3,11,22,6,17,19,20,8,8,8,14,12,23,0,2,15,13,15,17,9,13,23,18,6,16,17,11,3,9,22,16,13,20,1,0,14,18,11,13,18,10,1,6,4,16,2,3,16,11,14,3,22,4,2,13,8,8,23,15,18,16,21,9,21,21,1,9,6,2,11,1,0,7,10,9,5,7,17,13,10,14,0,5,11,20,15,19,16,8,23,4,19,2,7,10,7,20,8,20,13,9,6,12,14,18,7,16,0,5,23,2,5,13,23,20,8,11,21,21,17,8,15,23,4,17,13,22,20,12,22,10,13,18,12,22,23,6,22,0,19,12,10,15,2,11,1,4,5,3,9,14,7,22,19,14,0,21,14,5,7,14,3,0,10,18,22,13,15,3,4,15,1,19,6,5,20,2,16,16,17,21,6,15,7,9,17,11,12,17,6,16,9,4,11,8,3,5,10,12,7,0,1,2
0.0322997148,0.0262174886,0.0261876691,0.0262364150,0.0265375330,0.0265646769,0.0263742976,0.0264356880,0.0262040773,0.0261959334,0.0271578742,0.0299922003,0.0595408198,0.1053787679,0.0656264106,0.0372045394,0.0513438122,0.0453067031,0.0430873878,0.0385890872,0.0375341396,0.0379833382,0.0380804188,0.0383232889,0.0387203760,0.0449686516,0.0802039739,0.1000379768,0.0506985689,0.0399314457,0.1171983111,0.0819431088,0.0765793527,0.0714072326,0.0655173495,0.0639703432,0.0642021392,0.0645236404,0.0647344842,0.0654753741,0.0711903123,0.0880773090,0.0664956911,0.0597736790,0.0578459482,0.0690984014,0.0956209038,0.0889035379,0.0824433025,0.0776898160,0.0759356937,0.0769444681,0.0762664460,0.0762167339,0.0759226979,0.0810733364,0.0857596879,0.0615837228,0.0605133763,0.0612222529,0.0674640733,0.0675987213,0.0755859642,0.0938055893,0.0823829401,0.0763172806,0.0769105709,0.0763492215,0.0758914906,0.0794776929,0.0906581493,0.0716084632,0.0602855467,0.0603783928,0.0607558625,0.0675356958,0.0677107616,0.0671576549,0.0733818124,0.0929248905,0.1030016766,0.1004016715,0.0972063672,0.1011638634,0.0943030274,0.0713967259,0.0677274416,0.0609680260,0.0600079678,0.0604782201,0.0674047368,0.0670877939,0.0679983744,0.0675139565,0.0676866899,0.0672036564,0.0745207138,0.0783989494,0.0706366388,0.0674682113,0.0672756214,0.0680042961,0.0605384626,0.0608036634,0.0599309372,0.0678138444,0.0674298303,0.0679618090,0.0679622616,0.0682299898,0.0679989219,0.0681221115,0.0680618000,0.0679152329,0.0681719574,0.0678958975,0.0682485621,0.0611123169,0.0610073657,0.0606032057,0.0674297473,0.0682942670,0.0680779104,0.0683489835,0.0676224036,0.0684376171,0.0682632502,0.0680603231,0.0679552290,0.0680482822,0.0685423295,0.0672300311,0.0609739497,0.0614334498,0.0603013217,0.0167582724,0.0169069735,0.0167673652,0.0167038397,0.0166717233,0.0167659051,0.0168232376,0.0166857740,0.0166096243,0.0166802487,0.0165935569,0.0166249879,0.0158221432,0.0157049140,0.0156380816,0.0058486203,0.0058353389,0.0058586314,0.0058130336,0.0058136514,0.0058060800,0.0058565709,0.0058411085,0.0058335408,0.0058071812,0.0058441722,0.0058178657,0.0055428138,0.0054576576,0.0055288987,0.0058295172,0.0058498220,0.0058477813,0.0058305672,0.0058005103,0.0058059731,0.0058291489,0.0058011145,0.0058209953,0.0058515958,0.0057876367,0.0057749074,0.0055402933,0.0055466507,0.0055085256,0.0058411344,0.0058274678,0.0058614103,0.0058305942,0.0058099493,0.0058176785,0.0058621922,0.0058563723,0.0058753562,0.0058551141,0.0058399662,0.0058362798,0.0054464218,0.0055061064,0.0054898924,0.0058685694,0.0058540708,0.0058057796,0.0058450345,0.0058004948,0.0058236996,0.0058466905,0.0058144447,0.0058337330,0.0058003076,0.0058712047,0.0058569616,0.0055280808,0.0055136335,0.0055371842,0.0058078130,0.0058629647,0.0058373968,0.0057698565,0.0058299595,0.0058124573,0.0058294544,0.0058709871,0.0058148593,0.0058449214,0.0058561227,0.0057723165,0.0055451684,0.0054873054,0.0055240796,0.0057955897,0.0058256467,0.0058293876,0.0058209608,0.0058479831,0.0058243262,0.0057916446,0.0058510769,0.0058504003,0.0057961805,0.0058637164,0.0058129059,0.0055498368,0.0055068853,0.0055272098,0.0058084791,0.0058593837,0.0058403490,0.0058059858,0.0057966236,0.0058204698,0.0058186424,0.0058311039,0.0058455461,0.0058140390,0.0058098328,0.0058360038,0.0055727461,0.0055316512,0.0055346073,0.0058096958,0.0058090927,0.0058387155,0.0058064688,0.0058124247,0.0058288669,0.0058123545,0.0058178909,0.0058439738,0.0058036466,0.0058225126,0.0058155352,0.0055064555,0.0054886243,0.0054857638,0.0058754019,0.0058128189,0.0058258355,0.0058245464,0.0058262547,0.0057922942,0.0058147260,0.0058172166,0.0058219213,0.0058289868,0.0057856527,0.0058159485,0.0055782203,0.0054548700,0.0054909947,0.0058170986,0.0058410455,0.0057732998,0.0057962529,0.0057988736,0.0058116007,0.0058553365,0.0058114954,0.0058584762,0.0057771208,0.0058508558,0.0058430874,0.0055381593,0.0055860649,0.0055360766,0.0058202127,0.0058368125,0.0058228625,0.0057878556,0.0058135875,0.0058330869,0.0058221756,0.0058093429,0.0057826099,0.0057954064,0.0058917792,0.0058284074,0.0055290931,0.0055323504,0.0055464617,0.0058105834,0.0058028120,0.0058581110,0.0058045459,0.0058087941,0.0057956830,0.0057684756,0.0058011582,0.0057997661,0.0058011890,0.0058259759,0.0058342695,0.0054591398,0.0055001002,0.0055141252,0.0058006307,0.0058295010,0.0058022127,0.0058263850,0.0058147421,0.0058521918,0.0058252256,0.0058240475,0.0058029991,0.0057973276,0.0057963141,0.0060240635,0.0054850110,0.0055343110,0.0055469584,0.0058299471,0.0058027666,0.0057714199,0.0058068691,0.0058415114,0.0058368584,0.0058123666,0.0057772663,0.0057945107,0.0058010405,0.0057847393,0.0058141568,0.0055002954,0.0055110953,0.0055161085,0.0058032201,0.0057490832,0.0058106940,0.0058467403,0.0058380733,0.0058254326,0.0057761687,0.0057873643,0.0058293028,0.0058034860,0.0058101326,0.0058173240,0.0054800286,0.0054579611,0.0054981615,0.0058399327,0.0058017602,0.0058265233,0.0058435321,0.0058507620,0.0058461405,0.0058343039,0.0058443604,0.0057676404,0.0057900081,0.0058072161,0.0058140318,0.0054905432,0.0055588649,0.0055527337,0.0058313013,0.0058054447,0.0058443641,0.0058106854,0.0058090318,0.0058045046,0.0058209958,0.0057552383,0.0058553562,0.0058138837,0.0058340127,0.0058202330,0.0055123561,0.0055030312,0.0054788227,0.0058425187,0.0058074832,0.0057623747,0.0058468252,0.0058142125,0.0058351529,0.0058195842,0.0058179881,0.0058065164,0.0058253458,0.0058231909,0.0058319176,0.0055079299,0.0054922680,0.0054678574,0.0049411633,0.0050345172,0.0049379833,0.0049474956,0.0050071243,0.0049066290,0.0049297611,0.0049434543,0.0049204139,0.0049712610,0.0049831228,0.0049890722,0.0046287963,0.0046628943,0.0046572322
22,8,12,20,6,7,11,10,9,14,4,2,5,1,2,21,2,8,3,11,3,22,5,21,5,20,19,22,9,14,11,21,10,16,20,6,16,8,9,4,20,8,14,16,6,15,9,4,9,10,12,23,12,7,19,18,1,23,7,17,19,20,0,17,3,2,0,20,15,14,7,10,15,1,22,22,9,2,12,10,23,6,13,16,17,0,17,0,12,19,15,1,18,1,23,14,5,21,7,11,17,16,18,4,13,13,7,11,21,8,13,3,2,5,8,18,23,3,11,13,3,6,0,22,14,4,15,6,19,4,18,12,5,21,10,1,16,19,13,23,15,18,18,0,17,20,19,1,0,23,2,17,9,12,4,12,1,1,11,11,14,16,7,17,4,7,13,14,15,11,15,14,2,20,19,20,0,10,21,19,10,8,3,15,12,4,8,6,5,9,19,4,16,2,15,17,14,0,3,10,4,1,7,18,10,21,18,18,6,9,3,21,5,12,2,19,22,21,17,13,6,8,3,16,23,22,9,23,12,1,5,5,3,11,22,6,17,19,20,8,8,8,14,12,23,0,2,15,13,15,17,9,13,23,18,6,16,17,11,3,9,22,16,13,20,1,0,14,18,11,13,18,10,1,6,4,16,2,3,16,11,14,3,22,4,2,13,8,8,23,15,18,16,21,9,21,21,1,9,6,2,11,1,0,7,10,9,5,7,17,13,10,14,0,5,11,20,15,19,16,8,23,4,19,2,7,10,7,20,8,20,13,9,6,12,14,18,7,16,0,5,23,2,5,13,23,20,8,11,21,21,17,8,15,23,4,17,13,22,20,12,22,10,13,18,12,22,23,6,22,0,19,12,10,15,2,11,1,4,5,3,9,14,7,22,19,14,0,21,14,5,7,14,3,0,10,18,22,13,15,3,4,15,1,19,6,5,20,2,16,16,17,21,6,15,7,9,17,11,12,17,6,16,9,4,11,8,3,5,10,12,7,0,1,2
0.0310956035,0.0261712547,0.0262021867,0.0262961744,0.0265068514,0.0266137591,0.0263260967,0.0262370116,0.0262824821,0.0262389811,0.0269920800,0.0298253700,0.0460764811,0.1108903266,0.0644121340,0.0369961110,0.0508447134,0.0435659606,0.0420239711,0.0378695513,0.0369553773,0.0377787063,0.0373005395,0.0378193761,0.0386109554,0.0449758006,0.0793958037,0.0987495892,0.0527218474,0.0396693277,0.1169622459,0.0806701517,0.0773939028,0.0723169134,0.0654860161,0.0646194608,0.0646701353,0.0644513154,0.0646613176,0.0652865063,0.0700720342,0.0854590330,0.0698690710,0.0601576396,0.0588759495,0.0710949402,0.0974803098,0.0877414127,0.0812008300,0.0770956805,0.0764514141,0.0762493217,0.0765349400,0.0764402873,0.0757873513,0.0808551769,0.0867151342,0.0621309459,0.0601181574,0.0614401606,0.0675308843,0.0678479356,0.0773271534,0.0887479007,0.0799049034,0.0768690010,0.0765599469,0.0762304154,0.0754658625,0.0779897292,0.0891292072,0.0728202079,0.0603982620,0.0607830559,0.0604190178,0.0677562248,0.0679670389,0.0671776560,0.0799592818,0.0961158812,0.1016987043,0.0961331147,0.0938630278,0.0972873114,0.0960607704,0.0736407941,0.0673866163,0.0606696712,0.0595785919,0.0609117392,0.0675656301,0.0677099272,0.0679102858,0.0677562467,0.0671170388,0.0692765331,0.0791405307,0.0823404665,0.0752527678,0.0678814611,0.0677783290,0.0674485285,0.0603816173,0.0606782110,0.0606125612,0.0677688079,0.0675163480,0.0682451489,0.0686199398,0.0682695792,0.0682747522,0.0680309372,0.0681058652,0.0677959413,0.0680718652,0.0684542691,0.0678729351,0.0606232874,0.0607104036,0.0602962672,0.0671791750,0.0685942281,0.0682813271,0.0685588901,0.0680825365,0.0684098968,0.0680956980,0.0681051687,0.0681850159,0.0679946027,0.0686669679,0.0677273757,0.0614694384,0.0613819898,0.0602028587,0.0166890795,0.0169362327,0.0167673515,0.0167363928,0.0166880863,0.0168436703,0.0168110032,0.0167374341,0.0165919189,0.0166911632,0.0166142315,0.0166439586,0.0158445968,0.0157368962,0.0156147572,0.0058410088,0.0058351134,0.0058445986,0.0058126767,0.0057975870,0.0058097925,0.0058479696,0.0058437064,0.0058279648,0.0057898000,0.0058518931,0.0058132219,0.0055480196,0.0054515882,0.0055069361,0.0058227683,0.0058492580,0.0058390813,0.0058383998,0.0057802176,0.0058120790,0.0058248992,0.0057920523,0.0058105960,0.0058567951,0.0058002228,0.0057833320,0.0055280228,0.0055372800,0.0055121478,0.0058350591,0.0058219470,0.0058770187,0.0058272412,0.0058091331,0.0058119734,0.0058449803,0.0058436945,0.0058709973,0.0058221320,0.0058405940,0.0058163381,0.0054472585,0.0055050270,0.0054905864,0.0058625172,0.0058386344,0.0057995531,0.0058443634,0.0057915915,0.0058187141,0.0058541775,0.0058141458,0.0058242497,0.0057949343,0.0058563462,0.0058526148,0.0055372413,0.0055113455,0.0055147467,0.0058076621,0.0058412028,0.0058251660,0.0057767786,0.0058258159,0.0058166715,0.0058273282,0.0058652930,0.0058129315,0.0058548690,0.0058530996,0.0057711725,0.0055388306,0.0054923444,0.0055351943,0.0057924276,0.0058292903,0.0058029422,0.0058213797,0.0058410339,0.0058087356,0.0057818962,0.0058491239,0.0058430255,0.0057852540,0.0058469726,0.0058049195,0.0055329833,0.0055103013,0.0055199060,0.0057987298,0.0058339397,0.0058406368,0.0058183805,0.0057944172,0.0058193208,0.0058233000,0.0058271014,0.0058448556,0.0058231300,0.0058031104,0.0058214272,0.0055819984,0.0055243045,0.0055349514,0.0058299354,0.0058156393,0.0058350651,0.0057965676,0.0058156689,0.0058219039,0.0058086118,0.0058110124,0.0058347611,0.0057905748,0.0058314396,0.0058177051,0.0055044052,0.0054963723,0.0054734029,0.0058682573,0.0058106543,0.0058174730,0.0058267697,0.0058223225,0.0057996347,0.0058209931,0.0058240501,0.0058185185,0.0058220024,0.0057921321,0.0058258263,0.0055683239,0.0054632573,0.0054924949,0.0058220513,0.0058407261,0.0057689764,0.0058093479,0.0057888609,0.0058246261,0.0058487959,0.0058044683,0.0058638464,0.0057795087,0.0058424425,0.0058376252,0.0055406775,0.0055776790,0.0055284362,0.0058225766,0.0058264478,0.0058218970,0.0057934951,0.0058100804,0.0058137049,0.0057997532,0.0058127484,0.0057849563,0.0058045037,0.0058997992,0.0058204716,0.0055239049,0.0055154847,0.0055391132,0.0057981414,0.0058093170,0.0058609017,0.0057935749,0.0057977443,0.0057970790,0.0057590790,0.0058048421,0.0057985762,0.0058057108,0.0058287014,0.0058130418,0.0054558518,0.0054908382,0.0055126709,0.0057939524,0.0058354458,0.0058003986,0.0058345601,0.0058289316,0.0058389908,0.0058138003,0.0058316568,0.0058096691,0.0057878539,0.0057838751,0.0058088561,0.0055036955,0.0055358344,0.0055564998,0.0058171723,0.0057958416,0.0057574364,0.0057902954,0.0058692974,0.0058375205,0.0058061634,0.0057720390,0.0057957811,0.0058142046,0.0057864265,0.0058187145,0.0055162518,0.0055005567,0.0055153174,0.0058083119,0.0057553794,0.0058048909,0.0058372344,0.0058487343,0.0058154714,0.0057694259,0.0057844498,0.0058268560,0.0057925336,0.0058105097,0.0058145933,0.0054879548,0.0054593284,0.0054999545,0.0058340370,0.0058057749,0.0058453164,0.0058381967,0.0058364680,0.0058313622,0.0058227379,0.0058451552,0.0057660912,0.0057763629,0.0058190335,0.0058109862,0.0054946140,0.0055595954,0.0055536438,0.0058258936,0.0058029667,0.0058416466,0.0058076581,0.0058033070,0.0058089248,0.0058154559,0.0057604379,0.0058522720,0.0058170906,0.0058373267,0.0058128475,0.0055137402,0.0054981614,0.0054766485,0.0058490442,0.0058138823,0.0057594780,0.0058431730,0.0057982275,0.0058335115,0.0058317539,0.0058179276,0.0058028157,0.0058220830,0.0058315657,0.0058149318,0.0055041895,0.0054857414,0.0054704665,0.0049379844,0.0050230499,0.0049424460,0.0049362607,0.0050155351,0.0049072024,0.0049304699,0.0049504938,0.0049145663,0.0049838387,0.0049849056,0.0049862001,0.0046276274,0.0046654304,0.0046695281
22,8,12,20,6,7,11,10,9,14,4,2,5,1,2,21,2,8,3,11,3,22,5,21,5,20,19,22,9,14,11,21,10,16,20,6,16,8,9,4,20,8,14,16,6,15,9,4,9,10,12,23,12,7,19,18,1,23,7,17,19,20,0,17,3,2,0,20,15,14,7,10,15,1,22,22,9,2,12,10,23,6,13,16,17,0,17,0,12,19,15,1,18,1,23,14,5,21,7,11,17,16,18,4,13,13,7,11,21,8,13,3,2,5,8,18,23,3,11,13,3,6,0,22,14,4,15,6,19,4,18,12,5,21,10,1,16,19,13,23,15,18,18,0,17,20,19,1,0,23,2,17,9,12,4,12,1,1,11,11,14,16,7,17,4,7,13,14,15,11,15,14,2,20,19,20,0,10,21,19,10,8,3,15,12,4,8,6,5,9,19,4,16,2,15,17,14,0,3,10,4,1,7,18,10,21,18,18,6,9,3,21,5,12,2,19,22,21,17,13,6,8,3,16,23,22,9,23,12,1,5,5,3,11,22,6,17,19,20,8,8,8,14,12,23,0,2,15,13,15,17,9,13,23,18,6,16,17,11,3,9,22,16,13,20,1,0,14,18,11,13,18,10,1,6,4,16,2,3,16,11,14,3,22,4,2,13,8,8,23,15,18,16,21,9,21,21,1,9,6,2,11,1,0,7,10,9,5,7,17,13,10,14,0,5,11,20,15,19,16,8,23,4,19,2,7,10,7,20,8,20,13,9,6,12,14,18,7,16,0,5,23,2,5,13,23,20,8,11,21,21,17,8,15,23,4,17,13,22,20,12,22,10,13,18,12,22,23,6,22,0,19,12,10,15,2,11,1,4,5,3,9,14,7,22,19,14,0,21,14,5,7,14,3,0,10,18,22,13,15,3,4,15,1,19,6,5,20,2,16,16,17,21,6,15,7,9,17,11,12,17,6,16,9,4,11,8,3,5,10,12,7,0,1,2
0.0291223522,0.0264128406,0.0262732700,0.0262965669,0.0265087988,0.0265917741,0.0263859266,0.0263091453,0.0265284193,0.0263423591,0.0271197043,0.0297073824,0.0425650909,0.1109513231,0.0648096951,0.0369268457,0.0511958651,0.0441178378,0.0420935170,0.0379657602,0.0371951256,0.0372808066,0.0377720213,0.0387282189,0.0383588810,0.0460993009,0.0795921647,0.1002412291,0.0528979447,0.0389675190,0.1130518808,0.0785415457,0.0759108266,0.0720801066,0.0649158084,0.0645848632,0.0646411250,0.0643586005,0.0644672707,0.0653309933,0.0689474304,0.0809100194,0.0713670584,0.0596747556,0.0587616772,0.0770849781,0.0992501624,0.0860843438,0.0797567272,0.0765204808,0.0759775266,0.0772149142,0.0771454393,0.0764499651,0.0760294942,0.0812348011,0.0880792830,0.0628851904,0.0600338541,0.0615327773,0.0678269867,0.0676368471,0.0796401788,0.0864667782,0.0791320949,0.0768237031,0.0757870794,0.0747256159,0.0746871836,0.0766982104,0.0867592612,0.0748090658,0.0603750974,0.0606517804,0.0606679857,0.0673426387,0.0678148266,0.0676439481,0.0850254551,0.0975823824,0.0982329415,0.0919340479,0.0907457415,0.0947259124,0.0964544651,0.0761136461,0.0673906300,0.0608033627,0.0598960383,0.0606318664,0.0677556907,0.0676127052,0.0671005542,0.0672185492,0.0673622786,0.0722618659,0.0851715312,0.0868656142,0.0792339506,0.0679309282,0.0677084880,0.0675157346,0.0606716010,0.0607663555,0.0602341744,0.0682842719,0.0675553931,0.0683433930,0.0680864295,0.0679395231,0.0684589645,0.0679558655,0.0679832342,0.0679703901,0.0685400412,0.0682147303,0.0683262691,0.0612586971,0.0611149187,0.0607113275,0.0671562633,0.0681412624,0.0682057937,0.0681720587,0.0679440966,0.0681931726,0.0681898365,0.0676045251,0.0678961676,0.0681041396,0.0684280677,0.0677883685,0.0614299344,0.0612978206,0.0600673501,0.0167189978,0.0169222292,0.0167454382,0.0167395781,0.0166617245,0.0168487612,0.0168840770,0.0167345881,0.0166142429,0.0166804285,0.0166034155,0.0167093581,0.0158633065,0.0156756110,0.0155890782,0.0058503035,0.0058243702,0.0058648700,0.0058242459,0.0057944554,0.0058096021,0.0058486342,0.0058341062,0.0058393625,0.0057998286,0.0058392910,0.0058132705,0.0055338731,0.0054522362,0.0055038651,0.0058250910,0.0058495594,0.0058491312,0.0058328988,0.0057919777,0.0058052200,0.0058209222,0.0057966249,0.0058108533,0.0058548125,0.0057948827,0.0057772884,0.0055220433,0.0055285322,0.0055092903,0.0058371669,0.0058170408,0.0058736592,0.0058255721,0.0058065468,0.0058146622,0.0058394185,0.0058481073,0.0058576670,0.0058245938,0.0058270049,0.0058222284,0.0054365835,0.0054958580,0.0054883022,0.0058598358,0.0058311657,0.0058106232,0.0058519133,0.0057940967,0.0058048076,0.0058481878,0.0058069425,0.0058375114,0.0057959228,0.0058570443,0.0058377142,0.0055319307,0.0055107455,0.0055147185,0.0058065087,0.0058462307,0.0058291641,0.0057810235,0.0058286293,0.0058096348,0.0058257572,0.0058665981,0.0058172329,0.0058544592,0.0058546357,0.0057659265,0.0055372255,0.0054870776,0.0055222961,0.0057898916,0.0058245587,0.0058086896,0.0058332489,0.0058382480,0.0058082817,0.0057859683,0.0058360845,0.0058441895,0.0057809989,0.0058549480,0.0058020043,0.0055313484,0.0055063560,0.0055353885,0.0057898788,0.0058182116,0.0058300986,0.0058065219,0.0057959354,0.0058168656,0.0058088680,0.0058252497,0.0058464488,0.0058193066,0.0058100080,0.0058347136,0.0055754046,0.0055147594,0.0055417741,0.0058148978,0.0058174997,0.0058514662,0.0058018260,0.0058112879,0.0058229333,0.0058030523,0.0058212715,0.0058449612,0.0057835763,0.0058363273,0.0058142069,0.0055039798,0.0054988487,0.0054771455,0.0058708453,0.0058117694,0.0058184692,0.0058248107,0.0058300386,0.0057968557,0.0058111060,0.0058592165,0.0058138015,0.0058192501,0.0057887855,0.0058183218,0.0055749309,0.0054492737,0.0054920684,0.0058181556,0.0058486114,0.0057536247,0.0058129583,0.0058040025,0.0058168764,0.0058472576,0.0058163854,0.0058546591,0.0057838273,0.0058484137,0.0058433500,0.0055414761,0.0055804204,0.0055342903,0.0058085279,0.0058435478,0.0058164844,0.0057864421,0.0058043944,0.0058259145,0.0058117921,0.0058215650,0.0057809262,0.0058070198,0.0059006129,0.0058176133,0.0055133952,0.0055278528,0.0055406601,0.0058021411,0.0058008657,0.0058453363,0.0057899600,0.0058127190,0.0057936394,0.0057747593,0.0058009262,0.0058022295,0.0057949208,0.0058380573,0.0058218489,0.0054506522,0.0054943865,0.0055174843,0.0057942628,0.0058397572,0.0057934679,0.0058288389,0.0058221357,0.0058329361,0.0058265868,0.0058323178,0.0058050116,0.0057827933,0.0057889434,0.0058106709,0.0054827360,0.0055308041,0.0055488561,0.0058257518,0.0057945968,0.0057674649,0.0057962642,0.0058471037,0.0058373890,0.0058225093,0.0057798049,0.0057838952,0.0058147359,0.0057863304,0.0058153202,0.0054972782,0.0054969174,0.0055157142,0.0058019232,0.0057558695,0.0058099695,0.0058349301,0.0058357685,0.0058218271,0.0057590888,0.0057852611,0.0058475215,0.0057986154,0.0058088730,0.0058132468,0.0054751924,0.0054580572,0.0054874544,0.0058375351,0.0058085480,0.0058218105,0.0058419623,0.0058287052,0.0058466497,0.0058247061,0.0058472319,0.0057756432,0.0057747802,0.0058133960,0.0058081558,0.0054900200,0.0055601623,0.0055516104,0.0058309315,0.0058098000,0.0058430630,0.0058110271,0.0058150744,0.0058089332,0.0058272781,0.0057614207,0.0058564241,0.0057959439,0.0058349266,0.0058243547,0.0054982198,0.0055097643,0.0054865081,0.0058529339,0.0058008289,0.0057582540,0.0058486644,0.0058014116,0.0058377410,0.0058265590,0.0058181574,0.0058053301,0.0058153945,0.0058201762,0.0058200180,0.0055056263,0.0054967465,0.0054652142,0.0049454819,0.0050107691,0.0049422187,0.0049420601,0.0050166583,0.0049181497,0.0049419807,0.0049289606,0.0049207357,0.0049772002,0.0049813618,0.0049826724,0.0046198730,0.0046643894,0.0046590643
22,8,12,20,6,7,11,10,9,14,4,2,5,1,2,21,2,8,3,11,3,22,5,21,5,20,19,22,9,14,11,21,10,16,20,6,16,8,9,4,20,8,14,16,6,15,9,4,9,10,12,23,12,7,19,18,1,23,7,17,19,20,0,17,3,2,0,20,15,14,7,10,15,1,22,22,9,2,12,10,23,6,13,16,17,0,17,0,12,19,15,1,18,1,23,14,5,21,7,11,17,16,18,4,13,13,7,11,21,8,13,3,2,5,8,18,23,3,11,13,3,6,0,22,14,4,15,6,19,4,18,12,5,21,10,1,16,19,13,23,15,18,18,0,17,20,19,1,0,23,2,17,9,12,4,12,1,1,11,11,14,16,7,17,4,7,13,14,15,11,15,14,2,20,19,20,0,10,21,19,10,8,3,15,12,4,8,6,5,9,19,4,16,2,15,17,14,0,3,10,4,1,7,18,10,21,18,18,6,9,3,21,5,12,2,19,22,21,17,13,6,8,3,16,23,22,9,23,12,1,5,5,3,11,22,6,17,19,20,8,8,8,14,12,23,0,2,15,13,15,17,9,13,23,18,6,16,17,11,3,9,22,16,13,20,1,0,14,18,11,13,18,10,1,6,4,16,2,3,16,11,14,3,22,4,2,13,8,8,23,15,18,16,21,9,21,21,1,9,6,2,11,1,0,7,10,9,5,7,17,13,10,14,0,5,11,20,15,19,16,8,23,4,19,2,7,10,7,20,8,20,13,9,6,12,14,18,7,16,0,5,23,2,5,13,23,20,8,11,21,21,17,8,15,23,4,17,13,22,20,12,22,10,13,18,12,22,23,6,22,0,19,12,10,15,2,11,1,4,5,3,9,14,7,22,19,14,0,21,14,5,7,14,3,0,10,18,22,13,15,3,4,15,1,19,6,5,20,2,16,16,17,21,6,15,7,9,17,11,12,17,6,16,9,4,11,8,3,5,10,12,7,0,1,2
0.0273596548,0.0263143173,0.0261977894,0.0262785939,0.0263973039,0.0266477596,0.0264975449,0.0264217350,0.0263496218,0.0263570586,0.0272785466,0.0308874926,0.0410763086,0.1032232545,0.0652655994,0.0369268048,0.0510084723,0.0432062411,0.0418036529,0.0375304557,0.0372174192,0.0375163163,0.0373297823,0.0380373422,0.0383057935,0.0446957258,0.0765756785,0.0996683276,0.0516520788,0.0387494917,0.1078961174,0.0770391492,0.0769894976,0.0708114151,0.0648468842,0.0641820163,0.0640867973,0.0638844865,0.0639667095,0.0644450444,0.0689136108,0.0788299547,0.0710812093,0.0602014019,0.0589598455,0.0828954554,0.0998223131,0.0849283806,0.0784899367,0.0761952380,0.0765439675,0.0773120845,0.0763470848,0.0762680287,0.0767126301,0.0812153728,0.0903878250,0.0646040257,0.0600940123,0.0612062986,0.0678764354,0.0683148899,0.0817648211,0.0855143034,0.0786359459,0.0766843257,0.0753969142,0.0752801688,0.0743535755,0.0756932484,0.0838042546,0.0761818838,0.0605495248,0.0606868983,0.0603565149,0.0675417625,0.0677702386,0.0681469737,0.0872679158,0.0983427250,0.0944601036,0.0850104356,0.0835068786,0.0895565367,0.0964779790,0.0799433475,0.0676672942,0.0609970704,0.0597630823,0.0605336545,0.0673152284,0.0674444868,0.0675816588,0.0674466237,0.0672890104,0.0777125598,0.0928041301,0.0942875760,0.0853638229,0.0698773975,0.0673515029,0.0677202014,0.0606261269,0.0608908620,0.0604824171,0.0675470857,0.0677730977,0.0680477305,0.0683213339,0.0679575147,0.0679052237,0.0685745831,0.0687137361,0.0681108428,0.0681850911,0.0682925597,0.0685142523,0.0605587193,0.0606946561,0.0605408478,0.0673477215,0.0682291784,0.0679787580,0.0680803656,0.0678353891,0.0681206800,0.0679593103,0.0683907288,0.0683225302,0.0680701281,0.0681814909,0.0680226488,0.0612887543,0.0613284554,0.0600866810,0.0167670234,0.0169522992,0.0167506716,0.0167545274,0.0166313614,0.0168585101,0.0168801656,0.0166864415,0.0166217387,0.0167078297,0.0166179095,0.0166403914,0.0158563948,0.0157343508,0.0156354818,0.0058395034,0.0058247808,0.0058521309,0.0058037923,0.0057967013,0.0058004646,0.0058572467,0.0058486352,0.0058337047,0.0058030253,0.0058389891,0.0058191009,0.0055355430,0.0054523255,0.0055093289,0.0058248391,0.0058465188,0.0058513237,0.0058260249,0.0058097732,0.0058109636,0.0058205016,0.0057886688,0.0058136795,0.0058583344,0.0058092041,0.0057871770,0.0055216985,0.0055354375,0.0055057889,0.0058396565,0.0058152276,0.0058694306,0.0058262433,0.0058062267,0.0058121293,0.0058463218,0.0058496283,0.0058582267,0.0058312726,0.0058403991,0.0058289283,0.0054571873,0.0055011677,0.0054808527,0.0058574512,0.0058232901,0.0058089932,0.0058523190,0.0057849003,0.0058160143,0.0058571300,0.0058102788,0.0058332320,0.0058043259,0.0058577558,0.0058535221,0.0055379714,0.0055146753,0.0055061975,0.0058134344,0.0058446857,0.0058303248,0.0057884249,0.0058245361,0.0058068786,0.0058240401,0.0058665850,0.0058052481,0.0058492462,0.0058585180,0.0057510580,0.0055442817,0.0055049922,0.0055271673,0.0057885790,0.0058267098,0.0058108704,0.0058228383,0.0058380042,0.0058113234,0.0057978772,0.0058476716,0.0058490863,0.0057790546,0.0058551877,0.0058048348,0.0055177619,0.0055068969,0.0055299647,0.0057913393,0.0058269097,0.0058345897,0.0057944108,0.0057892824,0.0058188320,0.0058138065,0.0058206496,0.0058439808,0.0058252032,0.0058016045,0.0058313049,0.0055702074,0.0055219115,0.0055338000,0.0058148631,0.0058144869,0.0058331991,0.0058039225,0.0058036384,0.0058297047,0.0058015146,0.0058248027,0.0058366069,0.0057867378,0.0058332528,0.0058194157,0.0054932648,0.0054889422,0.0054724640,0.0058742229,0.0058020978,0.0058214959,0.0058345735,0.0058209968,0.0057920056,0.0058262516,0.0058104344,0.0058198731,0.0058176361,0.0057957369,0.0058100476,0.0055735602,0.0054445415,0.0054912661,0.0058101177,0.0058399655,0.0057579227,0.0058108505,0.0057927824,0.0058147351,0.0058485900,0.0058176717,0.0058475723,0.0057801176,0.0058438253,0.0058362717,0.0055446308,0.0055905342,0.0055314776,0.0058108952,0.0058402527,0.0058316430,0.0057957702,0.0058213875,0.0058214435,0.0058107902,0.0058150886,0.0057899042,0.0058028678,0.0058930149,0.0058128253,0.0055109910,0.0055188146,0.0055460647,0.0058179803,0.0058064914,0.0058596545,0.0057918524,0.0057978745,0.0057935373,0.0057618270,0.0058146458,0.0057967506,0.0058007950,0.0058323615,0.0058278450,0.0054582913,0.0054938852,0.0055056161,0.0058118695,0.0058358839,0.0057954408,0.0058212773,0.0058252470,0.0058326542,0.0058205905,0.0058260996,0.0058127014,0.0057894190,0.0057882055,0.0058082915,0.0054835702,0.0055254910,0.0055539634,0.0058128664,0.0057914627,0.0057734764,0.0058030002,0.0058658285,0.0058474755,0.0058026101,0.0057771395,0.0057775931,0.0058128105,0.0057901491,0.0058230125,0.0055018801,0.0054871203,0.0055354509,0.0058118724,0.0057493089,0.0058034756,0.0058345502,0.0058349744,0.0058200875,0.0057583257,0.0057903040,0.0058244244,0.0057844233,0.0058011964,0.0058066002,0.0054856814,0.0054589248,0.0054821184,0.0058354891,0.0058023365,0.0058452282,0.0058432241,0.0058294137,0.0058380962,0.0058266055,0.0058492659,0.0057680316,0.0057771080,0.0058080272,0.0058123940,0.0054823617,0.0055574249,0.0055540851,0.0058334460,0.0058085672,0.0058477844,0.0058112100,0.0058005231,0.0057999964,0.0058230446,0.0057466457,0.0058509442,0.0058086499,0.0058172458,0.0058088283,0.0055056512,0.0055007835,0.0054811852,0.0058405270,0.0058131325,0.0057703137,0.0058413160,0.0058107992,0.0058411434,0.0058323870,0.0058248422,0.0058095310,0.0058180816,0.0058128065,0.0058207381,0.0055074233,0.0054833899,0.0054648980,0.0049458191,0.0050166448,0.0049490053,0.0049374426,0.0050131259,0.0049181881,0.0049484001,0.0049371045,0.0049149562,0.0049648912,0.0049770915,0.0049816672,0.0046211949,0.0046756140,0.0046615402
22,8,12,20,6,7,11,10,9,14,4,2,5,1,2,21,2,8,3,11,3,22,5,21,5,20,19,22,9,14,11,21,10,16,20,6,16,8,9,4,20,8,14,16,6,15,9,4,9,10,12,23,12,7,19,18,1,23,7,17,19,20,0,17,3,2,0,20,15,14,7,10,15,1,22,22,9,2,12,10,23,6,13,16,17,0,17,0,12,19,15,1,18,1,23,14,5,21,7,11,17,16,18,4,13,13,7,11,21,8,13,3,2,5,8,18,23,3,11,13,3,6,0,22,14,4,15,6,19,4,18,12,5,21,10,1,16,19,13,23,15,18,18,0,17,20,19,1,0,23,2,17,9,12,4,12,1,1,11,11,14,16,7,17,4,7,13,14,15,11,15,14,2,20,19,20,0,10,21,19,10,8,3,15,12,4,8,6,5,9,19,4,16,2,15,17,14,0,3,10,4,1,7,18,10,21,18,18,6,9,3,21,5,12,2,19,22,21,17,13,6,8,3,16,23,22,9,23,12,1,5,5,3,11,22,6,17,19,20,8,8,8,14,12,23,0,2,15,13,15,17,9,13,23,18,6,16,17,11,3,9,22,16,13,20,1,0,14,18,11,13,18,10,1,6,4,16,2,3,16,11,14,3,22,4,2,13,8,8,23,15,18,16,21,9,21,21,1,9,6,2,11,1,0,7,10,9,5,7,17,13,10,14,0,5,11,20,15,19,16,8,23,4,19,2,7,10,7,20,8,20,13,9,6,12,14,18,7,16,0,5,23,2,5,13,23,20,8,11,21,21,17,8,15,23,4,17,13,22,20,12,22,10,13,18,12,22,23,6,22,0,19,12,10,15,2,11,1,4,5,3,9,14,7,22,19,14,0,21,14,5,7,14,3,0,10,18,22,13,15,3,4,15,1,19,6,5,20,2,16,16,17,21,6,15,7,9,17,11,12,17,6,16,9,4,11,8,3,5,10,12,7,0,1,2
0.0264554514,0.0262885545,0.0262649579,0.0263701375,0.0265458184,0.0265445395,0.0263746244,0.0263883775,0.0262354710,0.0264169643,0.0271430327,0.0311951033,0.0368812340,0.0984885257,0.0668248188,0.0370083497,0.0506311893,0.0436738116,0.0410711695,0.0374131644,0.0373099701,0.0374646702,0.0374347422,0.0378135663,0.0386698462,0.0429265340,0.0720002108,0.0983405777,0.0505003714,0.0385406198,0.1036808824,0.0771615946,0.0759939843,0.0696418492,0.0650403095,0.0643319929,0.0644896273,0.0642248984,0.0650424673,0.0652642723,0.0705921141,0.0800876347,0.0712101917,0.0600597783,0.0594712871,0.0882593011,0.0990091070,0.0827892864,0.0781437154,0.0756839875,0.0763819075,0.0774302170,0.0768976561,0.0769928942,0.0764556062,0.0813022244,0.0897386473,0.0664163497,0.0600985099,0.0615752049,0.0675903524,0.0695096905,0.0829962929,0.0848022331,0.0776553086,0.0749951412,0.0745842979,0.0750357606,0.0747387963,0.0757863353,0.0827796541,0.0775863077,0.0604377227,0.0604182060,0.0607263885,0.0675906842,0.0675389374,0.0681146142,0.0897234522,0.0984700017,0.0875384699,0.0793999728,0.0777049044,0.0810220233,0.0935027770,0.0825789686,0.0682470834,0.0607525164,0.0601932740,0.0604452757,0.0672071140,0.0676643838,0.0680800516,0.0675432541,0.0684659658,0.0856499742,0.1001422238,0.1009469169,0.0942310471,0.0726667901,0.0675196631,0.0677899676,0.0606039785,0.0606752321,0.0608362685,0.0676892570,0.0671594955,0.0680932221,0.0681177001,0.0680566882,0.0681261276,0.0683733496,0.0679264457,0.0679041446,0.0687273325,0.0688323807,0.0684342856,0.0609826870,0.0605992939,0.0606210671,0.0674252344,0.0685410520,0.0686468935,0.0678269814,0.0673259131,0.0675904888,0.0680023995,0.0682378947,0.0685476636,0.0676414171,0.0682698194,0.0683251952,0.0608049459,0.0612406606,0.0599778061,0.0167799211,0.0169173950,0.0167789174,0.0167094320,0.0166159904,0.0168234762,0.0168367664,0.0167137329,0.0166371436,0.0166946084,0.0165914178,0.0166459388,0.0158502226,0.0157211138,0.0155985626,0.0058379614,0.0058234821,0.0058479239,0.0058111384,0.0058252898,0.0058016168,0.0058516736,0.0058419084,0.0058309550,0.0058051795,0.0058392453,0.0058194116,0.0055353736,0.0054445867,0.0055022488,0.0058266509,0.0058540958,0.0058361055,0.0058279900,0.0057921749,0.0058072074,0.0058210042,0.0057958716,0.0058143955,0.0058502849,0.0057840625,0.0057749534,0.0055257299,0.0055274131,0.0055100839,0.0058351111,0.0058128832,0.0058650103,0.0058189033,0.0057953531,0.0058111585,0.0058374404,0.0058538148,0.0058687505,0.0058352144,0.0058318240,0.0058226003,0.0054498206,0.0054938814,0.0054916855,0.0058588831,0.0058287668,0.0057857915,0.0058407318,0.0058079664,0.0058083196,0.0059000149,0.0058073710,0.0058274150,0.0057991892,0.0058557758,0.0058556674,0.0055223390,0.0055209932,0.0055144559,0.0058030124,0.0058442249,0.0058231250,0.0057793633,0.0058239914,0.0058026933,0.0058149780,0.0058684470,0.0058037236,0.0058518049,0.0058583638,0.0057480846,0.0055433633,0.0054855249,0.0055190710,0.0057891439,0.0058243934,0.0058095081,0.0058219202,0.0058443915,0.0058102821,0.0057881708,0.0058405702,0.0058600384,0.0057700547,0.0058627354,0.0058122635,0.0055199757,0.0055036199,0.0055338345,0.0057838835,0.0058201262,0.0058241488,0.0057934468,0.0057903915,0.0058124943,0.0058150313,0.0058132389,0.0058410253,0.0058058520,0.0058071868,0.0058270053,0.0055703134,0.0055192522,0.0055319328,0.0058099362,0.0058114462,0.0058326662,0.0058004547,0.0058240283,0.0058166687,0.0057952545,0.0058117828,0.0058380228,0.0057890655,0.0058312913,0.0058217172,0.0054964288,0.0054952661,0.0054690930,0.0058680868,0.0058073401,0.0058185964,0.0058251499,0.0058297196,0.0057812618,0.0058123793,0.0058188399,0.0058221876,0.0058160505,0.0057829075,0.0058199174,0.0055697344,0.0054430872,0.0054877764,0.0058186386,0.0058357203,0.0057509735,0.0057890793,0.0057829610,0.0058132379,0.0058578256,0.0058090737,0.0058508544,0.0057726255,0.0058506789,0.0058371193,0.0055354968,0.0055804440,0.0055232355,0.0058203716,0.0058362041,0.0058229419,0.0057948166,0.0058067589,0.0058096745,0.0057982354,0.0057945463,0.0057743648,0.0057977961,0.0059080320,0.0058142953,0.0055180909,0.0055230798,0.0055492224,0.0058030508,0.0057964598,0.0058584963,0.0058046183,0.0057955250,0.0057943845,0.0057614444,0.0058062097,0.0057992561,0.0057984469,0.0058316833,0.0058288691,0.0054584257,0.0054860895,0.0055122380,0.0057938511,0.0058401378,0.0058048646,0.0058310784,0.0058048074,0.0058436522,0.0058095083,0.0058226547,0.0058036447,0.0057857069,0.0057782384,0.0058162320,0.0054951092,0.0055368252,0.0055495614,0.0058224770,0.0057889758,0.0057568740,0.0057989137,0.0058385021,0.0058397530,0.0058065414,0.0057819310,0.0057857424,0.0058059046,0.0057717343,0.0058094371,0.0055082529,0.0054860538,0.0055116438,0.0058012798,0.0057391832,0.0058091927,0.0058370505,0.0058344579,0.0058196645,0.0057646101,0.0057813234,0.0058318094,0.0057917200,0.0058085288,0.0058146718,0.0054772977,0.0054466077,0.0054851893,0.0058249394,0.0058010679,0.0058283151,0.0058411637,0.0058481279,0.0058431745,0.0058025933,0.0058539555,0.0057641679,0.0057692362,0.0058181217,0.0058016031,0.0054812994,0.0055499067,0.0055408527,0.0058295134,0.0057994029,0.0058469677,0.0058105402,0.0057972652,0.0058021560,0.0058313726,0.0057544733,0.0058589945,0.0058085935,0.0058204526,0.0058129780,0.0055002990,0.0054941655,0.0054756156,0.0058412478,0.0058133402,0.0057645540,0.0058411471,0.0057887499,0.0058418877,0.0058250959,0.0058075838,0.0058125586,0.0058103023,0.0058199795,0.0058099466,0.0055093588,0.0054881293,0.0054626613,0.0049387091,0.0050305130,0.0049456033,0.0049303214,0.0050142738,0.0049040361,0.0049239474,0.0049430563,0.0049217346,0.0049660916,0.0049673058,0.0049792089,0.0046252507,0.0046722517,0.0046539035
22,8,12,20,6,7,11,10,9,14,4,2,5,1,2,21,2,8,3,11,3,22,5,21,5,20,19,22,9,14,11,21,10,16,20,6,16,8,9,4,20,8,14,16,6,15,9,4,9,10,12,23,12,7,19,18,1,23,7,17,19,20,0,17,3,2,0,20,15,14,7,10,15,1,22,22,9,2,12,10,23,6,13,16,17,0,17,0,12,19,15,1,18,1,23,14,5,21,7,11,17,16,18,4,13,13,7,11,21,8,13,3,2,5,8,18,23,3,11,13,3,6,0,22,14,4,15,6,19,4,18,12,5,21,10,1,16,19,13,23,15,18,18,0,17,20,19,1,0,23,2,17,9,12,4,12,1,1,11,11,14,16,7,17,4,7,13,14,15,11,15,14,2,20,19,20,0,10,21,19,10,8,3,15,12,4,8,6,5,9,19,4,16,2,15,17,14,0,3,10,4,1,7,18,10,21,18,18,6,9,3,21,5,12,2,19,22,21,17,13,6,8,3,16,23,22,9,23,12,1,5,5,3,11,22,6,17,19,20,8,8,8,14,12,23,0,2,15,13,15,17,9,13,23,18,6,16,17,11,3,9,22,16,13,20,1,0,14,18,11,13,18,10,1,6,4,16,2,3,16,11,14,3,22,4,2,13,8,8,23,15,18,16,21,9,21,21,1,9,6,2,11,1,0,7,10,9,5,7,17,13,10,14,0,5,11,20,15,19,16,8,23,4,19,2,7,10,7,20,8,20,13,9,6,12,14,18,7,16,0,5,23,2,5,13,23,20,8,11,21,21,17,8,15,23,4,17,13,22,20,12,22,10,13,18,12,22,23,6,22,0,19,12,10,15,2,11,1,4,5,3,9,14,7,22,19,14,0,21,14,5,7,14,3,0,10,18,22,13,15,3,4,15,1,19,6,5,20,2,16,16,17,21,6,15,7,9,17,11,12,17,6,16,9,4,11,8,3,5,10,12,7,0,1,2
0.0262806418,0.0266358687,0.0261806167,0.0263133297,0.0262978085,0.0264819074,0.0263418966,0.0263500747,0.0264539098,0.0263665163,0.0269927526,0.0303352288,0.0330664704,0.0842840940,0.0657751684,0.0375055381,0.0511779121,0.0442569511,0.0409901350,0.0373690172,0.0373964075,0.0371968977,0.0376404639,0.0375706702,0.0386823001,0.0438685276,0.0726940448,0.0974882001,0.0518426764,0.0384810056,0.0988477991,0.0761189422,0.0740924967,0.0687733555,0.0646529846,0.0644765006,0.0647996179,0.0643596375,0.0647348577,0.0656044749,0.0704369735,0.0782854090,0.0717268669,0.0600257728,0.0586066082,0.0928020982,0.0988343715,0.0830538425,0.0783991747,0.0766961823,0.0769674466,0.0775041801,0.0769099570,0.0772257833,0.0767320508,0.0800496668,0.0872832876,0.0680198583,0.0604617973,0.0612892889,0.0675925665,0.0713241162,0.0849229195,0.0836276551,0.0771317232,0.0744726122,0.0747770168,0.0749214176,0.0739856634,0.0759938517,0.0808933633,0.0817734026,0.0608289723,0.0605448459,0.0606870518,0.0677415981,0.0676520762,0.0694318576,0.0926791687,0.0970053472,0.0807886184,0.0774494207,0.0774719013,0.0782819791,0.0884361218,0.0849254369,0.0688730902,0.0609396389,0.0600744032,0.0605669390,0.0672679990,0.0678188345,0.0674376935,0.0674906557,0.0712961265,0.0937543684,0.1016730975,0.1015350960,0.0981658277,0.0787583346,0.0673704122,0.0675466479,0.0606305994,0.0607234408,0.0601668468,0.0680134261,0.0680146832,0.0681083692,0.0681984644,0.0681172192,0.0680008496,0.0677434722,0.0679487144,0.0681001260,0.0682739015,0.0684626550,0.0678875268,0.0611901877,0.0607499020,0.0602446722,0.0677780807,0.0687118916,0.0684422138,0.0681803495,0.0677425820,0.0684933295,0.0677563010,0.0683450469,0.0681346502,0.0678581597,0.0682676554,0.0682004720,0.0612684384,0.0611815913,0.0601101594,0.0167042305,0.0169506419,0.0167672770,0.0167174224,0.0166439089,0.0168388765,0.0168494813,0.0167244426,0.0166176415,0.0167180475,0.0166499555,0.0166976305,0.0158271038,0.0157267764,0.0156200950,0.0058408863,0.0058261408,0.0058523486,0.0058142021,0.0057838318,0.0058018994,0.0058530919,0.0058352678,0.0058345705,0.0058045459,0.0058377386,0.0058166312,0.0055267547,0.0054467384,0.0054942711,0.0058295017,0.0058408307,0.0058433680,0.0058359580,0.0057845618,0.0058102582,0.0058321555,0.0057896761,0.0058061721,0.0058474307,0.0057933859,0.0057678846,0.0055299074,0.0055315779,0.0055029645,0.0058492613,0.0058209576,0.0058671964,0.0058365039,0.0058063892,0.0058085133,0.0058380005,0.0058432545,0.0058662816,0.0058380231,0.0058311606,0.0058168526,0.0054445597,0.0054891856,0.0054953764,0.0058638633,0.0058369014,0.0057936189,0.0058462716,0.0058048978,0.0058142361,0.0058611125,0.0058070932,0.0058304195,0.0058068302,0.0058606066,0.0058408926,0.0055303235,0.0055150347,0.0055215723,0.0058042239,0.0058435702,0.0058277796,0.0058204420,0.0058109229,0.0058134553,0.0058307310,0.0058927843,0.0058116737,0.0058489241,0.0058565466,0.0057526407,0.0055415874,0.0054961289,0.0055377261,0.0057871631,0.0058421220,0.0057983224,0.0058156217,0.0058406899,0.0058008431,0.0057813879,0.0058452045,0.0058447408,0.0057789931,0.0058533205,0.0058183699,0.0055242948,0.0055132984,0.0055255458,0.0057888074,0.0058259123,0.0058349534,0.0058210041,0.0057968412,0.0058000978,0.0058112487,0.0058400958,0.0058441569,0.0058285910,0.0058091768,0.0058395975,0.0055816930,0.0055240774,0.0055426385,0.0058091681,0.0058133195,0.0058472619,0.0058056511,0.0058114321,0.0058201384,0.0058071734,0.0058202446,0.0058496173,0.0057854052,0.0058361412,0.0058142539,0.0055140483,0.0054899817,0.0054815444,0.0058691650,0.0058084925,0.0058177564,0.0058181427,0.0058209519,0.0057915212,0.0058135453,0.0058003639,0.0058180958,0.0058311617,0.0057968857,0.0058142861,0.0055780074,0.0054528038,0.0054897929,0.0058178142,0.0058331053,0.0057581168,0.0058036713,0.0057805336,0.0058133139,0.0058499915,0.0058130616,0.0058552091,0.0057900846,0.0058417809,0.0058265290,0.0055350119,0.0055885242,0.0055246004,0.0058099109,0.0058461581,0.0058180382,0.0057971326,0.0058113774,0.0058186391,0.0058078071,0.0058097104,0.0057802045,0.0057922809,0.0058924233,0.0058154606,0.0055231776,0.0055244769,0.0055617297,0.0058065370,0.0058005480,0.0058547629,0.0058013972,0.0057921240,0.0057926373,0.0057704624,0.0058068186,0.0058076192,0.0057928150,0.0058340698,0.0058282720,0.0054445760,0.0054907076,0.0055115143,0.0058057957,0.0058339427,0.0057958804,0.0058296469,0.0058652421,0.0058319174,0.0058210636,0.0058330635,0.0058168678,0.0057916364,0.0057832482,0.0058059609,0.0054895463,0.0055401746,0.0055412847,0.0058123702,0.0058073319,0.0057723502,0.0058024048,0.0058321297,0.0058302261,0.0058098844,0.0057743072,0.0057829494,0.0058006937,0.0057787438,0.0058119158,0.0055037763,0.0055041660,0.0055116434,0.0058185436,0.0057530960,0.0058089923,0.0058288921,0.0058306739,0.0058180961,0.0057567676,0.0057803158,0.0058226594,0.0057861319,0.0058011046,0.0058139437,0.0054812886,0.0054635365,0.0054978485,0.0058313553,0.0058107001,0.0058178711,0.0058393747,0.0058483171,0.0058418497,0.0058226217,0.0058465326,0.0057788153,0.0057688421,0.0058144938,0.0058041363,0.0054846632,0.0055591479,0.0055520529,0.0058261451,0.0057993308,0.0058547708,0.0058123809,0.0057953795,0.0058078802,0.0058222799,0.0057613053,0.0058536484,0.0058105193,0.0058271416,0.0058117754,0.0055182431,0.0054860579,0.0054754972,0.0058500922,0.0058077265,0.0057612516,0.0058361992,0.0058018338,0.0058491575,0.0058218809,0.0058131111,0.0058118869,0.0058182960,0.0058205541,0.0058088065,0.0055101153,0.0054820923,0.0054542303,0.0049393979,0.0050157514,0.0049453644,0.0049378696,0.0050119859,0.0049005247,0.0049363203,0.0049326375,0.0049172224,0.0049784372,0.0049785994,0.0049970937,0.0046294048,0.0046608513,0.0046467910
22,8,12,20,6,7,11,10,9,14,4,2,5,1,2,21,2,8,3,11,3,22,5,21,5,20,19,22,9,14,11,21,10,16,20,6,16,8,9,4,20,8,14,16,6,15,9,4,9,10,12,23,12,7,19,18,1,23,7,17,19,20,0,17,3,2,0,20,15,14,7,10,15,1,22,22,9,2,12,10,23,6,13,16,17,0,17,0,12,19,15,1,18,1,23,14,5,21,7,11,17,16,18,4,13,13,7,11,21,8,13,3,2,5,8,18,23,3,11,13,3,6,0,22,14,4,15,6,19,4,18,12,5,21,10,1,16,19,13,23,15,18,18,0,17,20,19,1,0,23,2,17,9,12,4,12,1,1,11,11,14,16,7,17,4,7,13,14,15,11,15,14,2,20,19,20,0,10,21,19,10,8,3,15,12,4,8,6,5,9,19,4,16,2,15,17,14,0,3,10,4,1,7,18,10,21,18,18,6,9,3,21,5,12,2,19,22,21,17,13,6,8,3,16,23,22,9,23,12,1,5,5,3,11,22,6,17,19,20,8,8,8,14,12,23,0,2,15,13,15,17,9,13,23,18,6,16,17,11,3,9,22,16,13,20,1,0,14,18,11,13,18,10,1,6,4,16,2,3,16,11,14,3,22,4,2,13,8,8,23,15,18,16,21,9,21,21,1,9,6,2,11,1,0,7,10,9,5,7,17,13,10,14,0,5,11,20,15,19,16,8,23,4,19,2,7,10,7,20,8,20,13,9,6,12,14,18,7,16,0,5,23,2,5,13,23,20,8,11,21,21,17,8,15,23,4,17,13,22,20,12,22,10,13,18,12,22,23,6,22,0,19,12,10,15,2,11,1,4,5,3,9,14,7,22,19,14,0,21,14,5,7,14,3,0,10,18,22,13,15,3,4,15,1,19,6,5,20,2,16,16,17,21,6,15,7,9,17,11,12,17,6,16,9,4,11,8,3,5,10,12,7,0,1,2
0.0264061613,0.0266926282,0.0262177459,0.0263727287,0.0264814476,0.0264359205,0.0264966664,0.0264079950,0.0263392111,0.0262204556,0.0269681056,0.0299831041,0.0313819772,0.0720995842,0.0622642024,0.0373988656,0.0503921681,0.0434411807,0.0406888515,0.0372378801,0.0371655176,0.0373998578,0.0373713934,0.0372760142,0.0380703864,0.0433807361,0.0702403542,0.0955348660,0.0538992784,0.0382966480,0.0962335876,0.0751844580,0.0740766135,0.0681010475,0.0645893663,0.0641769779,0.0644163233,0.0639551664,0.0643261104,0.0648083396,0.0701399857,0.0771061277,0.0749842826,0.0602498679,0.0593353786,0.0976922066,0.0991359231,0.0824437287,0.0779585297,0.0768444913,0.0766554180,0.0778202850,0.0765824182,0.0769767240,0.0766170105,0.0803470031,0.0844886363,0.0694082549,0.0605504668,0.0612642128,0.0678636347,0.0726090123,0.0853469747,0.0826754881,0.0757967521,0.0746628119,0.0743106615,0.0738864915,0.0736761500,0.0743165949,0.0797110470,0.0835533224,0.0607357523,0.0604017533,0.0605570447,0.0674148338,0.0668394068,0.0702167354,0.0945357929,0.0913518361,0.0785394587,0.0769696521,0.0776137636,0.0755762285,0.0843651869,0.0867146363,0.0693002716,0.0608627072,0.0601138990,0.0606961276,0.0675523333,0.0673178372,0.0676543369,0.0676563573,0.0785074330,0.0957393179,0.1028098679,0.1026713526,0.0995035245,0.0841420793,0.0678521071,0.0668030953,0.0607686458,0.0607982336,0.0603715855,0.0677136357,0.0676647637,0.0681002350,0.0677769806,0.0673929102,0.0683327387,0.0681492877,0.0680828418,0.0680452889,0.0679856128,0.0680261200,0.0681195700,0.0607549867,0.0610277062,0.0607932980,0.0672945603,0.0686485710,0.0680419923,0.0681117781,0.0678943084,0.0686127661,0.0680837916,0.0682162722,0.0687200880,0.0683898593,0.0680429497,0.0675915424,0.0613056884,0.0608870214,0.0601257689,0.0167954150,0.0169552706,0.0167894518,0.0167191340,0.0166319424,0.0168566778,0.0168639512,0.0167223968,0.0166473139,0.0167089462,0.0166453221,0.0167346011,0.0159282048,0.0157515559,0.0156502801,0.0058488056,0.0058350331,0.0058532820,0.0058183721,0.0057928852,0.0058252382,0.0058506904,0.0058453725,0.0058524084,0.0058022177,0.0058445704,0.0058159787,0.0055340142,0.0054563851,0.0055121851,0.0058205940,0.0058401060,0.0058422719,0.0058452492,0.0058021841,0.0058147294,0.0058213230,0.0057965913,0.0058144737,0.0058467330,0.0057954908,0.0057802486,0.0055216080,0.0055408750,0.0055110232,0.0058435732,0.0058282955,0.0058757758,0.0058247746,0.0057943296,0.0058165832,0.0058452624,0.0058527285,0.0058581622,0.0058288479,0.0058425825,0.0058188506,0.0054485807,0.0054976013,0.0054874235,0.0058736449,0.0058307017,0.0058069653,0.0058474605,0.0057967722,0.0058217331,0.0058555455,0.0058030256,0.0058384782,0.0057998832,0.0058655354,0.0058449411,0.0055313733,0.0055207416,0.0055244358,0.0058048360,0.0058407593,0.0058377007,0.0057703296,0.0058347582,0.0058088685,0.0058246148,0.0058829626,0.0058151631,0.0058510423,0.0058522324,0.0057621129,0.0055409667,0.0054904689,0.0055283093,0.0057936758,0.0058209046,0.0058052482,0.0058290378,0.0058390540,0.0058128903,0.0057914937,0.0058477787,0.0058482051,0.0057802656,0.0058598978,0.0058193834,0.0055252276,0.0055104092,0.0055351403,0.0057925852,0.0058283158,0.0058274065,0.0058098977,0.0057887958,0.0058146101,0.0058184585,0.0058274847,0.0058498625,0.0058220778,0.0058061111,0.0058331246,0.0055740606,0.0055217105,0.0055239458,0.0058144139,0.0058160177,0.0058489995,0.0058052685,0.0058047802,0.0058377566,0.0058037870,0.0058188790,0.0058366472,0.0058002181,0.0058243364,0.0058138081,0.0055035372,0.0054881270,0.0054877558,0.0058593459,0.0058022088,0.0058358564,0.0058195643,0.0058220421,0.0057946523,0.0058180553,0.0058158263,0.0058189062,0.0058142315,0.0058050208,0.0058180583,0.0055706940,0.0054493134,0.0054897751,0.0058128235,0.0058360951,0.0057658712,0.0057973418,0.0057944896,0.0058200429,0.0058401788,0.0058141020,0.0058485203,0.0057800967,0.0058583823,0.0058375278,0.0055301691,0.0055839873,0.0055336260,0.0058051390,0.0058352427,0.0058188725,0.0057914535,0.0058095776,0.0058341173,0.0058043676,0.0058183616,0.0057922725,0.0058105694,0.0058867867,0.0058223930,0.0055198079,0.0055185473,0.0055523901,0.0058032531,0.0058021841,0.0058652431,0.0057918378,0.0057878497,0.0057954489,0.0057701271,0.0058062540,0.0058051617,0.0058013466,0.0058302040,0.0058253846,0.0054648056,0.0054950020,0.0055178648,0.0058148755,0.0058323478,0.0057927714,0.0058325036,0.0058261803,0.0058309249,0.0058172239,0.0058368717,0.0058068744,0.0057869638,0.0057971060,0.0058167865,0.0054901213,0.0055301980,0.0055485393,0.0058290184,0.0058243923,0.0057681776,0.0058077331,0.0058619809,0.0058385823,0.0058084010,0.0057811348,0.0057893822,0.0058132248,0.0057768747,0.0058298930,0.0054933667,0.0054946812,0.0055270868,0.0058159420,0.0057473480,0.0058030262,0.0058407741,0.0058296768,0.0058243867,0.0057691777,0.0057815523,0.0058320786,0.0057825812,0.0058032736,0.0058126369,0.0054913068,0.0054524541,0.0054959880,0.0058349340,0.0058191955,0.0058309639,0.0058483914,0.0058230303,0.0058363236,0.0058258247,0.0058514446,0.0057662131,0.0057686046,0.0058130369,0.0058068520,0.0054935261,0.0055614450,0.0055617512,0.0058300734,0.0058225098,0.0058428786,0.0058128822,0.0058021599,0.0058041153,0.0058274990,0.0057590013,0.0058544785,0.0058094814,0.0058281823,0.0058125881,0.0055022432,0.0054976823,0.0054746236,0.0058595347,0.0058188550,0.0057682363,0.0058395976,0.0058002563,0.0058420468,0.0058236805,0.0058220284,0.0058136074,0.0058283572,0.0058293689,0.0058079915,0.0055207161,0.0054987958,0.0054669751,0.0049458418,0.0050226530,0.0049438901,0.0049457531,0.0050130987,0.0049067799,0.0049435526,0.0049437113,0.0049199731,0.0049742556,0.0049769786,0.0049940967,0.0046212631,0.0046638003,0.0046622385
22,8,12,20,6,7,11,10,9,14,4,2,5,1,2,21,2,8,3,11,3,22,5,21,5,20,19,22,9,14,11,21,10,16,20,6,16,8,9,4,20,8,14,16,6,15,9,4,9,10,12,23,12,7,19,18,1,23,7,17,19,20,0,17,3,2,0,20,15,14,7,10,15,1,22,22,9,2,12,10,23,6,13,16,17,0,17,0,12,19,15,1,18,1,23,14,5,21,7,11,17,16,18,4,13,13,7,11,21,8,13,3,2,5,8,18,23,3,11,13,3,6,0,22,14,4,15,6,19,4,18,12,5,21,10,1,16,19,13,23,15,18,18,0,17,20,19,1,0,23,2,17,9,12,4,12,1,1,11,11,14,16,7,17,4,7,13,14,15,11,15,14,2,20,19,20,0,10,21,19,10,8,3,15,12,4,8,6,5,9,19,4,16,2,15,17,14,0,3,10,4,1,7,18,10,21,18,18,6,9,3,21,5,12,2,19,22,21,17,13,6,8,3,16,23,22,9,23,12,1,5,5,3,11,22,6,17,19,20,8,8,8,14,12,23,0,2,15,13,15,17,9,13,23,18,6,16,17,11,3,9,22,16,13,20,1,0,14,18,11,13,18,10,1,6,4,16,2,3,16,11,14,3,22,4,2,13,8,8,23,15,18,16,21,9,21,21,1,9,6,2,11,1,0,7,10,9,5,7,17,13,10,14,0,5,11,20,15,19,16,8,23,4,19,2,7,10,7,20,8,20,13,9,6,12,14,18,7,16,0,5,23,2,5,13,23,20,8,11,21,21,17,8,15,23,4,17,13,22,20,12,22,10,13,18,12,22,23,6,22,0,19,12,10,15,2,11,1,4,5,3,9,14,7,22,19,14,0,21,14,5,7,14,3,0,10,18,22,13,15,3,4,15,1,19,6,5,20,2,16,16,17,21,6,15,7,9,17,11,12,17,6,16,9,4,11,8,3,5,10,12,7,0,1,2
